travel_id,day_index,visit_order,visit_area_id,visit_area_nm
e_e000004,1,1,2304300001,집
e_e000004,1,2,2304300002,화성 관광열차 안내소 연무대 매표소
e_e000004,1,3,2304300003,창룡문
e_e000004,1,4,2304300004,수원 화성 화홍문
e_e000004,1,5,2304300005,집
e_e000006,1,1,2304300001,집
e_e000006,1,2,2304300002,청량리역 경춘선
e_e000006,1,3,2304300003,청평역 경춘선
e_e000006,1,4,2304300004,경춘선 자전거길
e_e000006,1,5,2304300005,베이커리 시어터
e_e000006,1,6,2304300006,백암천
e_e000006,1,7,2304300007,자시오 잣 주꾸미
e_e000006,1,8,2304300008,신창현 풍림아이원 1차 아파트
e_e000006,2,1,2305010001,마석역 경춘선
e_e000006,2,2,2305010002,청량리역
e_e000006,2,3,2305010003,집
e_e000009,1,1,2304290001,친구 친지 집
e_e000009,1,2,2304290002,농협안성팜랜드
e_e000009,1,3,2304290003,스타필드 안성
e_e000009,1,4,2304290004,대동국수 평택역점
e_e000009,1,5,2304290005,편지
e_e000009,1,6,2304290007,호텔 프라하
e_e000009,2,1,2304300001,평택 초등학교
e_e000009,2,2,2304300002,샤오바오 고덕점
e_e000009,2,3,2304300003,평택시 농업 생태원
e_e000009,2,4,2304300004,평택시 로컬푸드 재단
e_e000009,2,5,2304300005,시흥 하늘휴게소 양방향
e_e000009,2,6,2304300006,영남아파트
e_e000010,1,1,2304290001,집
e_e000010,1,2,2304290002,진주 시외버스터미널
e_e000010,1,3,2304290003,서울 남부터미널
e_e000010,1,4,2304290006,충무아트센터 대극장
e_e000010,1,5,2304290004,롯데리아 남부터미널점
e_e000010,1,6,2304290005,다이소 남부터미널점
e_e000010,1,7,2304290009,독립문
e_e000010,1,8,2304290007,스탠더드 커피
e_e000010,1,9,2304290008,연신내 칼국수
e_e000010,1,10,2304290010,친구 집
e_e000010,2,1,2304300001,롯데월드 샤롯데씨어터
e_e000010,2,2,2304300002,미사리밀빛초계국수 롯데월드점
e_e000010,2,3,2304300003,롯데월드 샤롯데씨어터
e_e000010,2,4,2304300004,서울고속버스터미널(경부)
e_e000010,2,5,2304300005,집
e_e000013,1,1,2304280001,집
e_e000013,1,2,2304280002,정안 알밤 휴게소 천안 방향
e_e000013,1,3,2304280003,파주 프리미엄 아울렛
e_e000013,1,4,2304280004,이마트 파주점
e_e000013,1,5,2304280005,해브펀 캠핑 어라운드
e_e000013,2,1,2304290001,이케아 광명점
e_e000013,2,2,2304290002,지중해마을
e_e000013,2,3,2304290003,집
e_e000014,1,1,2305010001,집
e_e000014,1,2,2305010002,에버랜드
e_e000014,1,3,2305010003,집
e_e000016,1,1,2304290001,집
e_e000016,1,2,2304290002,현대 프리미엄 아울렛 김포점
e_e000016,1,3,2304290003,롯데몰 김포공항점
e_e000016,1,4,2304290004,집
e_e000018,1,1,2304290001,친구 친지 집
e_e000018,1,2,2304290003,미소야 일산 화정점
e_e000018,1,3,2304290004,고양어린이 박물관
e_e000018,1,4,2304290002,해솔마을 7단지 롯데캐슬 아파트
e_e000020,1,1,2304290001,집
e_e000020,1,2,2304290002,본가신숙희 진골막국수
e_e000020,1,3,2304290003,아침고요 수목원
e_e000020,1,4,2304290004,나무 아래 오후 N
e_e000020,1,5,2304290005,파르티아 워터하우스
e_e000020,1,6,2304290006,가평군 농협 하나로마트 설악점
e_e000020,1,7,2304290007,파르티아 워터하우스
e_e000020,2,1,2304300001,연청 국장
e_e000020,2,2,2304300002,가평 양떼목장
e_e000020,2,3,2304300003,윤명로
e_e000020,2,4,2304300004,카페 아우라
e_e000020,2,5,2304300005,화도 졸음쉼터 양양 방향
e_e000020,2,6,2304300006,집
e_e000021,1,1,2304290001,집
e_e000021,1,2,2304290009,서울역
e_e000021,1,3,2304290002,남도 사골 순댓국 본점
e_e000021,1,4,2304290003,스타벅스 화성 남양 DT점
e_e000021,1,5,2304290008,현대자동차 남양기술연구소 후문
e_e000021,1,6,2304290004,호텔 헤르메스
e_e000021,1,7,2304290005,마시다 초밥 이자카야
e_e000021,1,8,2304290006,준코인 노래연습장
e_e000021,1,9,2304290007,호텔 헤르메스
e_e000021,2,1,2304300001,머슴 고기 화성 시청 본점
e_e000021,2,2,2304300002,티 카페 차희
e_e000021,2,3,2304300003,남양성모성지
e_e000021,2,4,2304300004,현대자동차 남양기술연구소 후문
e_e000021,2,5,2304300005,수원역
e_e000021,2,6,2304300006,용산역
e_e000021,2,7,2304300007,집
e_e000022,1,1,2304290001,집
e_e000022,1,2,2304290002,향유 갈비
e_e000022,1,3,2304290003,허브아일랜드
e_e000022,1,4,2304290004,소요산
e_e000022,1,5,2304290005,집
e_e000023,1,1,2304290001,집
e_e000023,1,2,2304290002,서울 시티투어버스
e_e000023,1,3,2304290003,나주 소 나주곰탕 경복궁점
e_e000023,1,4,2304290004,광화문광장
e_e000023,1,5,2304290005,스타벅스 광화문점
e_e000023,1,6,2304290006,경복궁
e_e000023,1,7,2304290007,집
e_e000025,1,1,2304300001,집
e_e000025,1,2,2304300003,꼬꼬 오리주물럭
e_e000025,1,3,2304300004,캐널시티
e_e000025,1,4,2304300005,포지티브 스페이스 566
e_e000025,1,5,2304300002,집
e_e000030,1,1,2304290001,집
e_e000030,1,2,2304290002,용산역
e_e000030,1,3,2304290003,가평역 경춘선
e_e000030,1,4,2304290004,하색리
e_e000030,1,5,2304290005,집
e_e000037,1,1,2304300001,친구 친지 집
e_e000037,1,2,2304300003,오서방네 조개찜
e_e000037,1,3,2304300004,카페 가우디
e_e000037,1,4,2304300002,강촌 아파트
e_e000038,1,1,2304280001,사무실
e_e000038,1,2,2304280002,가인
e_e000038,1,3,2304280003,동백정 팔탄점
e_e000038,1,4,2304280009,호텔 더 메이
e_e000038,2,1,2304290002,월문온천
e_e000038,2,2,2304290003,한우 강국
e_e000038,2,3,2304290004,더 포레 베이커리
e_e000038,2,4,2304290005,모던하우스 용산 아이파크몰점
e_e000038,2,5,2304290001,강촌 아파트
e_e000039,1,1,2304290001,집
e_e000039,1,2,2304290003,SK엔크린 서울 하이패스센터 LPG 충전소
e_e000039,1,3,2304290004,에버랜드 매표소
e_e000039,1,4,2304290005,에버랜드 판다월드
e_e000039,1,5,2304290006,에버랜드 사파리월드
e_e000039,1,6,2304290007,에버랜드 T 익스프레스
e_e000039,1,7,2304290008,에버랜드 장미원
e_e000039,1,8,2304290009,포메인 에버랜드 직영점
e_e000039,1,9,2304290002,집
e_e000040,1,1,2304280001,사무실
e_e000040,1,2,2304280003,드림하우스
e_e000040,1,3,2304280004,형제 네 생소금 구이
e_e000040,1,4,2304280005,서울로 717
e_e000040,1,5,2304280006,효자손 왕만두
e_e000040,1,6,2304280007,숭례문
e_e000040,1,7,2304280002,드림하우스
e_e000040,2,1,2304290002,폴 바셋 서소문점
e_e000040,2,2,2304290001,드림하우스
e_e000042,1,1,2305010001,집
e_e000042,1,2,2305010003,삼목선착장
e_e000042,1,3,2305010004,휠 프렌즈
e_e000042,1,4,2305010005,이소리라 식당
e_e000042,1,5,2305010006,수기 해변
e_e000042,1,6,2305010007,신도항(옹진)
e_e000042,1,7,2305010008,예단포둘레길
e_e000042,1,8,2305010002,집
e_e000045,1,1,2304290001,사무실
e_e000045,1,2,2304290003,장흥농협 하나로마트 송추점
e_e000045,1,3,2304290004,대궐 캠핑 글램핑 펜션
e_e000045,1,4,2304290005,대궐 캠핑 글램핑 펜션
e_e000045,2,1,2304300001,대궐 산장식당
e_e000045,2,2,2304300002,마장호수
e_e000045,2,3,2304300003,로마 부동산
e_e000046,1,1,2304280001,집
e_e000046,1,2,2304280003,시흥 센트럴 푸르지오 아파트
e_e000046,1,3,2304280004,푸른 솔 GC 포천
e_e000046,1,4,2304280002,집
e_e000293,1,1,2305280001,집
e_e000293,1,2,2305280002,천안 고속버스터미널
e_e000293,1,3,2305280003,서울고속버스터미널(경부)
e_e000293,1,4,2305280004,혜화역 4호선
e_e000293,1,5,2305280005,링크 아트센터
e_e000293,1,6,2305280006,일미리 금계 찜닭 대학로점
e_e000293,1,7,2305280007,예스24 스테이지
e_e000293,1,8,2305280008,혜화역 4호선
e_e000293,1,9,2305280009,서울고속버스터미널(경부)
e_e000293,1,10,2305280010,천안 고속버스터미널
e_e000293,1,11,2305280011,집
e_e000297,1,1,2305200001,집
e_e000297,1,2,2305200002,군산 고속버스터미널
e_e000297,1,3,2305200004,센트럴시티터미널(호남)
e_e000297,1,4,2305200005,드림아트센터
e_e000297,1,5,2305200006,구스토 랩 대학로 본점
e_e000297,1,6,2305200003,녹번역 e편한세상 캐슬아파트
e_e000297,2,1,2305210002,헤이 스위트
e_e000297,2,2,2305210003,마로니에공원
e_e000297,2,3,2305210004,플러스 시어터
e_e000297,2,4,2305210005,쿰피르 혜화점
e_e000297,2,5,2305210006,담소
e_e000297,2,6,2305210007,엔터식스 강남점
e_e000297,2,7,2305210001,집
e_e000299,1,1,2305270001,집
e_e000299,1,2,2305270002,제주 국제공항
e_e000299,1,3,2305270003,김포국제공항 국내선
e_e000299,1,4,2305270004,버거킹 시청역점
e_e000299,1,5,2305270005,서울시립미술관 서소문 본관
e_e000299,1,6,2305270006,정동 그 집
e_e000299,1,7,2305270007,용호동 낙지 북창점
e_e000299,1,8,2305270008,동화 아파트
e_e000299,2,1,2305280001,덕수궁 중명전
e_e000299,2,2,2305280002,덕수궁
e_e000299,2,3,2305280003,정동 전망대
e_e000299,2,4,2305280004,행복 전집 북창점
e_e000299,2,5,2305280005,더블린 브루어리 시청점
e_e000299,2,6,2305280010,스텝 인 명동 
e_e000301,1,1,2305190001,집
e_e000301,1,2,2305190002,서울대학교병원
e_e000301,1,3,2305190003,콘래드 서울
e_e000301,2,1,2305200001,제스트 콘래드 서울점
e_e000301,2,2,2305200002,BMW 한독모터스 서초전시장
e_e000301,2,3,2305200003,프랭크 버거 교대역점
e_e000301,2,4,2305200004,집
e_e000307,1,1,2305210001,집
e_e000307,1,2,2305210002,연천 전곡리 선사유적지
e_e000307,1,3,2305210003,황해 냉면
e_e000307,1,4,2305210004,연천 회관
e_e000307,1,5,2305210005,재인폭포
e_e000307,1,6,2305210006,좌상 바위
e_e000307,1,7,2305210007,크리미에
e_e000307,1,8,2305210008,집
e_e000311,1,1,2305270001,집
e_e000311,1,2,2305270002,씨사이드 파크
e_e000311,1,3,2305270003,카페 건
e_e000311,1,4,2305270004,슈퍼키즈 스카이 방방 하늘도시점
e_e000311,1,5,2305270005,봄이 보리밥 영종점
e_e000311,1,6,2305270006,구읍뱃터
e_e000311,1,7,2305270007,영종하늘공원
e_e000311,1,8,2305270008,집
e_e000323,1,1,2305270001,집
e_e000323,1,2,2305270002,이나경 송탄 부대찌개
e_e000323,1,3,2305270003,수원 전통문화관 예절교육관
e_e000323,1,4,2305270004,르빵드파리&브런치하우스 행궁점
e_e000323,1,5,2305270005,화성행궁
e_e000323,1,6,2305270006,평지다
e_e000323,1,7,2305270007,제이 모텔
e_e000323,1,8,2305270008,진미 통닭
e_e000323,1,9,2305270009,장안문
e_e000323,1,10,2305270010,제이 모텔
e_e000323,2,1,2305280001,유치 회관
e_e000323,2,2,2305280002,효원공원
e_e000323,2,3,2305280003,효원공원 월화원
e_e000323,2,4,2305280004,집
e_e000327,1,1,2305220001,집
e_e000327,1,2,2305220002,어썸 마운틴
e_e000327,1,3,2305220003,AK플라자 홍대
e_e000327,1,4,2305220004,홍콩반점 41 홍대입구역점
e_e000327,1,5,2305220005,홍익대학교 서울캠퍼스
e_e000327,1,6,2305220006,콜린
e_e000327,1,7,2305220007,집
e_e000332,1,1,2305190001,집
e_e000332,1,2,2305190002,서울시 강남구 역삼로3길 17 4층
e_e000332,1,3,2305190003,대현네
e_e000332,1,4,2305190004,원조만 선호 프 노가리 체인 본점
e_e000332,1,5,2305190005,누 누 모텔
e_e000332,2,1,2305200001,스시 세스나
e_e000332,2,2,2305200002,집
e_e000334,1,1,2305280001,집
e_e000334,1,2,2305280005,니지 모리 스튜디오
e_e000334,1,3,2305280003,오랑주리
e_e000334,1,4,2305280004,해물 천하 조개구이 신곡 본점
e_e000334,1,5,2305280002,호텔 스테이지 79
e_e000334,2,1,2305290002,홍이 부대찌개
e_e000334,2,2,2305290003,브루다 양주
e_e000334,2,3,2305290001,대원 레스피아 2단지 아파트
e_e000338,1,1,2305190001,집
e_e000338,1,2,2305190002,다산 아이파크 아파트
e_e000338,1,3,2305190003,화랑대역 6호선
e_e000338,1,4,2305190004,한강진 역 6호선
e_e000338,1,5,2305190005,리움미술관
e_e000338,1,6,2305190006,포 포인츠 바이 쉐라톤 조선 서울역
e_e000338,1,7,2305190007,갈월동 버스정류장
e_e000338,1,8,2305190008,국립중앙박물관
e_e000338,1,9,2305190009,집
e_e000344,1,1,2305190001,집
e_e000344,1,2,2305190002,롯데월드타워
e_e000344,1,3,2305190003,롯데월드
e_e000344,1,4,2305190004,롯데호텔월드
e_e000344,1,5,2305190005,롯데호텔월드
e_e000344,2,1,2305200001,올림픽공원
e_e000344,2,2,2305200002,집
e_e000345,1,1,2305190001,집
e_e000345,1,2,2305190003,이인 휴게소 천안 방향
e_e000345,1,3,2305190004,암반
e_e000345,1,4,2305190005,반포 한강공원
e_e000345,1,5,2305190006,고속터미널역 9호선 앞 정자
e_e000345,1,6,2305190007,KFC 강남고속 터미널점
e_e000345,1,7,2305190002,W 미니 호텔
e_e000345,2,1,2305200002,하니 칼국수
e_e000345,2,2,2305200003,아이센스 리그 PC방 압구정점
e_e000345,2,3,2305200004,런던 베이글 뮤지엄 도산점
e_e000345,2,4,2305200005,올림픽공원 SK 핸드볼경기장
e_e000345,2,5,2305200006,노브랜드 버거 고속 터미널점
e_e000345,2,6,2305200001,집
e_e000346,1,1,2305270001,숙소
e_e000346,1,2,2305270002,경기 광주 휴게소 경기도 광주방향
e_e000346,1,3,2305270003,하나개해수욕장
e_e000346,1,4,2305270004,자택
e_e000350,1,1,2305180001,집
e_e000350,1,2,2305180002,선셋 무드
e_e000350,1,3,2305180003,부천 자연 생태공원
e_e000350,1,4,2305180004,뉴코아 아울렛 부천점
e_e000350,1,5,2305180005,집
e_e000352,1,1,2305210001,집
e_e000352,1,2,2305210002,드롭 탑 오송역 언더패스점
e_e000352,1,3,2305210003,마복림
e_e000352,1,4,2305210004,숏 스트리트
e_e000352,1,5,2305210006,막내 횟집 본점
e_e000352,1,6,2305210005,파스쿠찌 센트로 서울점
e_e000352,1,7,2305210007,신라스테이 광화문
e_e000352,2,1,2305220002,청송
e_e000352,2,2,2305220001,스타벅스 종로구청
e_e000352,2,3,2305220003,아이파크몰 용산점 the roof
e_e000352,2,4,2305220004,아르고 티
e_e000352,2,5,2305220005,드롭 탑 오송역 언더패스점
e_e000352,2,6,2305220006,집
e_e000353,1,1,2305230001,집
e_e000353,1,2,2305230003,문지리 535
e_e000353,1,3,2305230004,임진각 평화누리
e_e000353,1,4,2305230005,헤이리 예술마을
e_e000353,1,5,2305230006,교하 제면소
e_e000353,1,6,2305230007,파주 프리미엄 아울렛
e_e000353,1,7,2305230002,집
e_e000355,1,1,2305210001,집
e_e000355,1,2,2305210003,아시안 갯벌 체험장
e_e000355,1,3,2305210002,집
e_e000357,1,1,2305150001,집
e_e000357,1,2,2305150002,평택 지제역
e_e000357,1,3,2305150003,삼성서울병원
e_e000357,1,4,2305150004,일원역 3호선
e_e000357,1,5,2305150005,수정식당
e_e000357,1,6,2305150006,연세 센스 의원
e_e000357,1,7,2305150007,롯데백화점 영등포점
e_e000357,1,8,2305150008,가네코 롯데백화점 영등포점
e_e000357,1,9,2305150009,던킨 영등포 역사점
e_e000357,1,10,2305150010,집
e_e000360,1,1,2305290001,집
e_e000360,1,2,2305290002,율봄식물원
e_e000360,1,3,2305290003,퇴촌 갈비 밥
e_e000360,1,4,2305290004,어로프 슬라이스피스
e_e000360,1,5,2305290005,집
e_e000362,1,1,2305150001,집
e_e000362,1,2,2305150003,오이도
e_e000362,1,3,2305150004,대부바다 향기테마파크
e_e000362,1,4,2305150002,글램비글램핑
e_e000362,2,1,2305160002,서평택 골프클럽
e_e000362,2,2,2305160003,한길 주꾸미
e_e000362,2,3,2305160001,집
e_e000366,1,1,2305200001,집
e_e000366,1,2,2305200003,배단골 테마파크
e_e000366,1,3,2305200004,라마다 앙코르 바이 윈덤 김포한강호텔
e_e000366,1,4,2305200005,현대 프리미엄 아울렛 김포점
e_e000366,1,5,2305200002,라마다 앙코르 바이 윈덤 김포한강호텔
e_e000366,2,1,2305210001,현대 프리미엄 아울렛 김포점
e_e000366,2,2,2305210002,집
e_e000369,1,1,2306050001,집
e_e000369,1,2,2306050002,신 옛 찻집
e_e000369,1,3,2306050003,경복궁
e_e000369,1,4,2306050004,꽃누리들 밥 경복궁점
e_e000369,1,5,2306050005,열린 송현 녹지 광장
e_e000369,1,6,2306050007,쌈지길
e_e000369,1,7,2306050006,신라스테이 광화문
e_e000369,2,1,2306060001,광화문 교대식
e_e000369,2,2,2306060002,애즈 라이크
e_e000369,2,3,2306060003,서울미술관 
e_e000369,2,4,2306060004,석파정
e_e000369,2,5,2306060005,커피빈 새문안로점
e_e000369,2,6,2306060006,집
e_e000373,1,1,2305200001,집
e_e000373,1,2,2305200002,오백년 누룽지 백숙 본점
e_e000373,1,3,2305200003,프로방스 마을
e_e000373,1,4,2305200004,메가 MGC 커피 파주 법흥리점
e_e000373,1,5,2305200005,할머니 집
e_e000375,1,1,2306030001,집
e_e000375,1,2,2306030002,옛 나루터
e_e000375,1,3,2306030003,실학박물관
e_e000375,1,4,2306030009,천운봉주유소
e_e000375,1,5,2306030004,CU 양평 쉬자 파크 점
e_e000375,1,6,2306030005,양평 유아숲 체험원
e_e000375,1,7,2306030006,쉬자 파크 치유의 집
e_e000375,1,8,2306030007,쉬자 파크 발목 풀장
e_e000375,1,9,2306030008,쉬자 파크 치유의 집
e_e000375,2,1,2306040001,쉬자 파크
e_e000375,2,2,2306040002,양평 유아숲 체험원
e_e000375,2,3,2306040003,숲엔 커피
e_e000375,2,4,2306040005,대박 주유소
e_e000375,2,5,2306040004,집
e_e000376,1,1,2305290001,집
e_e000376,1,2,2305290003,화성행궁 광장
e_e000376,1,3,2305290004,행궁 어울림 카페
e_e000376,1,4,2305290005,이 가공
e_e000376,1,5,2305290006,화성행궁
e_e000376,1,6,2305290002,집
e_e000377,1,1,2305210001,집
e_e000377,1,2,2305210003,안산문화 예술의전당
e_e000377,1,3,2305210004,아웃백 스테이크하우스 안산 고잔점
e_e000377,1,4,2305210005,문화 예술 플랫폼 스테이션 A
e_e000377,1,5,2305210006,소담해
e_e000377,1,6,2305210002,집
e_e000379,1,1,2305280001,집
e_e000379,1,2,2305280002,삼고 집 파주점
e_e000379,1,3,2305280004,활판인쇄 박물관
e_e000379,1,4,2305280005,파주출판 단지 근린공원
e_e000379,1,5,2305280006,롯데 프리미엄 아울렛 파주점
e_e000379,1,6,2305280003,집
e_e000385,1,1,2305210001,집
e_e000385,1,2,2305210002,마니산 산채
e_e000385,1,3,2305210003,동막해수욕장
e_e000385,1,4,2305210004,분오리 돈대
e_e000385,1,5,2305210005,카페 이림
e_e000385,1,6,2305210006,어반 티지 글램핑 카라반
e_e000385,2,1,2305220001,조양 방직
e_e000385,2,2,2305220002,두부향
e_e000385,2,3,2305220003,집
e_e000391,1,1,2305290001,집
e_e000391,1,2,2305290002,잉꼬 칼국수
e_e000391,1,3,2305290003,앤 아더
e_e000391,1,4,2305290004,피시 스쿨 실내낚시 카페 구리점
e_e000391,1,5,2305290005,집
e_e000394,1,1,2305200001,집
e_e000394,1,2,2305200002,던킨 시청역점
e_e000394,1,3,2305200003,서울시립미술관 서소문 본관
e_e000394,1,4,2305200004,동대문디자인플라자
e_e000394,1,5,2305200005,집
e_e000395,1,1,2305200001,집
e_e000395,1,2,2305200003,파크 마린 호텔
e_e000395,1,3,2305200004,도깨비 조개구이
e_e000395,1,4,2305200002,파크 마린 호텔
e_e000395,2,1,2305210001,월미공원
e_e000395,2,2,2305210002,월미 바다역
e_e000395,2,3,2305210003,인천 차이나타운
e_e000395,2,4,2305210004,집
e_e000396,1,1,2305200001,집
e_e000396,1,2,2305200002,영종 씨사이드 레일바이크
e_e000396,1,3,2305200003,봄이 보리밥 영종점
e_e000396,1,4,2305200004,파라다이스 시티 원더 박스
e_e000396,1,5,2305200005,파라다이스 시티
e_e000396,1,6,2305200006,가장 맛있는 족발 인천 영종도점
e_e000396,1,7,2305200007,파리바게뜨 공항 신도시점
e_e000396,1,8,2305200008,파라다이스 시티
e_e000396,2,1,2305210001,바다 앞 테라스
e_e000396,2,2,2305210002,자연도 소금빵
e_e000396,2,3,2305210003,집
e_e000397,1,1,2305280001,집
e_e000397,1,2,2305280002,동두천 자연휴양림 복층 4호
e_e000397,2,1,2305290001,용암리 막국수
e_e000397,2,2,2305290002,집
e_e000400,1,1,2305160001,집
e_e000400,1,2,2305160002,말똥 도넛 파주점
e_e000400,1,3,2305160003,집
e_e000403,1,1,2305270001,집
e_e000403,1,2,2305270003,양평역
e_e000403,1,3,2305270004,이함 캠퍼스
e_e000403,1,4,2305270005,긴자
e_e000403,1,5,2305270006,로드
e_e000403,1,6,2305270007,와이피회마켓(YP회마켓)
e_e000403,1,7,2305270002,쉐르빌 온천관광호텔
e_e000403,2,1,2305280001,두물머리 연 핫도그
e_e000403,2,2,2305280002,델리에 떼
e_e000403,2,3,2305280003,양평 물 맑은 시장
e_e000403,2,4,2305280004,정통 춘천 닭갈비
e_e000403,2,5,2305280005,흑이재
e_e000403,2,6,2305280006,집
e_e000406,1,1,2305200001,집
e_e000406,1,2,2305200002,망향비빔국수 궁평 본점
e_e000406,1,3,2305200003,재인폭포
e_e000406,1,4,2305200004,전곡선사 박물관
e_e000406,1,5,2305200006,산촌 오토캠핑장
e_e000406,2,1,2305210001,놀자 숲
e_e000406,2,2,2305210002,집
e_e000407,1,1,2305270001,집
e_e000407,1,2,2305270002,서해랑 제부도 해상 케이블카 전곡 정류장
e_e000407,1,3,2305270003,부커피 카페
e_e000407,1,4,2305270004,제부도 해안산책로
e_e000407,1,5,2305270006,물레방아
e_e000407,1,6,2305270005,서해랑 제부도 해상 케이블카 제부정류장
e_e000407,1,7,2305270007,집
e_e000409,1,1,2305230001,집
e_e000409,1,2,2305230002,평택시 농업 생태원
e_e000409,1,3,2305230003,송담 칼국수
e_e000409,1,4,2305230004,행담도 휴게소 양방향
e_e000409,1,5,2305230005,집
e_e000412,1,1,2306030001,사무실
e_e000412,1,2,2306030002,모란역 23번 출구
e_e000412,1,3,2306030003,한국은행 경기본부
e_e000412,1,4,2306030004,세컨드 디포리스트 수원 행궁점
e_e000412,1,5,2306030005,GS25 수원 행리단길점
e_e000412,1,6,2306030006,포토 이즘 컬러 드 수원 행궁점
e_e000412,1,7,2306030007,기글드제니
e_e000412,1,8,2306030008,서울 페이스트리 행궁점
e_e000412,1,9,2306030009,행궁동 벽화마을
e_e000412,1,10,2306030010,수원 화성
e_e000412,1,11,2306030011,호텔도노
e_e000412,1,12,2306030012,정지영커피로스터즈 장안문점
e_e000412,1,13,2306030013,보영 만두 북문 본점
e_e000412,1,14,2306030014,수원 화성
e_e000412,1,15,2306030015,호텔도노
e_e000412,2,1,2306040001,수원 전통문화관 전통식생활 체험관
e_e000412,2,2,2306040003,신흥역 8호선
e_e000412,2,3,2306040002,장안공원
e_e000412,2,4,2306040004,메가 MGC 커피 신흥역점
e_e000412,2,5,2306040005,신흥동
e_e000418,1,1,2306030001,집
e_e000418,1,2,2306030002,포천 자연마을 서울 캠핑장
e_e000418,2,1,2306040001,한탄강 생태경관 단지
e_e000418,2,2,2306040002,오가 국수
e_e000418,2,3,2306040003,전곡선사 박물관
e_e000418,2,4,2306040004,카페 그랑블루
e_e000418,2,5,2306040005,집
e_e000425,1,1,2305200001,집
e_e000425,1,2,2305200003,제부도 갯벌체험장
e_e000425,1,3,2305200004,조개 마당
e_e000425,1,4,2305200002,집
e_e000429,1,1,2306030001,집
e_e000429,1,2,2306030002,아라김포여객터미널
e_e000429,1,3,2306030003,현대 프리미엄 아울렛 김포점
e_e000429,1,4,2306030004,집
e_e000432,1,1,2305210001,집
e_e000432,1,2,2305210002,요멘야고에몬 강남점
e_e000432,1,3,2305210003,수원 KT위즈 파크
e_e000432,1,4,2305210004,포 포인츠 바이 쉐라톤 수원 호텔
e_e000432,1,5,2305210005,서삼 28 인계 나혜석거리점
e_e000432,1,6,2305210006,포 포인츠 바이 쉐라톤 수원 호텔
e_e000432,1,7,2305210010,포 포인츠 바이 쉐라톤 수원 호텔
e_e000432,2,1,2305220001,효원공원 월화원
e_e000432,2,2,2305220002,행리단길
e_e000432,2,3,2305220003,수원 화성
e_e000432,2,4,2305220004,집
e_e000433,1,1,2305150001,집
e_e000433,1,2,2305150002,마니산 도토리
e_e000433,1,3,2305150003,강화 루지
e_e000433,1,4,2305150004,강화 캠핑파크
e_e000433,1,5,2305150005,집
e_e000435,1,1,2305270001,집
e_e000435,1,2,2305270002,국립과천과학관
e_e000435,1,3,2305270003,마이 알레 과천 빌리지 카페
e_e000435,1,4,2305270004,집
e_e000445,1,1,2305190001,사무실
e_e000445,1,2,2305190003,남양주 별내 휴게소 포천 방향
e_e000445,1,3,2305190004,포천농협 하나로마트 신북점
e_e000445,1,4,2305190002,세인트 펜션
e_e000445,2,1,2305200001,복지 순두부
e_e000445,2,2,2305200002,현대 프리미엄 아울렛 스페이스원
e_e000445,2,3,2305200003,강동구청역 8호선
e_e000447,1,1,2305200001,집
e_e000447,1,2,2305200003,삼상리 마켓
e_e000447,1,3,2305200004,송추계곡
e_e000447,1,4,2305200005,오핀 베이커리
e_e000447,1,5,2305200002,집
e_e000448,1,1,2305270001,집
e_e000448,1,2,2305270002,김포함상공원
e_e000448,1,3,2305270003,강화 남부농협 하나로마트 본점
e_e000448,1,4,2305270004,숙소
e_e000448,1,5,2305270005,신길 가든
e_e000448,1,6,2305270006,옥토끼우주센터
e_e000448,1,7,2305270007,숙소
e_e000448,1,8,2305270008,강화섬 쌀밥집
e_e000448,1,9,2305270009,숙소
e_e000448,2,1,2305280001,오두돈대
e_e000448,2,2,2305280002,선학 감리교회
e_e000448,2,3,2305280003,고구려 짬뽕 111 선학점
e_e000448,2,4,2305280004,인천도시 역사관
e_e000448,2,5,2305280005,집
e_e000450,1,1,2305200001,집
e_e000450,1,2,2305200004,체크크로플 롯데월드몰점
e_e000450,1,3,2305200003,롯데월드타워
e_e000450,1,4,2305200005,한신포차 송파 방이점
e_e000450,1,5,2305200006,석촌호수동호
e_e000450,1,6,2305200007,롯데월드타워
e_e000450,1,7,2305200002,집
e_e000454,1,1,2305200001,집
e_e000454,1,2,2305200002,통일부 판문점 견학안내소
e_e000454,1,3,2305200003,판문점
e_e000454,1,4,2305200004,통일부 판문점 견학안내소
e_e000454,1,5,2305200006,파리바게뜨 당동 현대점
e_e000454,1,6,2305200005,집
e_e000460,1,1,2305150001,집
e_e000460,1,2,2305150003,루체테포토
e_e000460,1,3,2305150004,팀호완 삼성점
e_e000460,1,4,2305150005,디저트 39 삼성점
e_e000460,1,5,2305150006,그랜드 인터컨티넨탈 서울 파르나스
e_e000460,1,6,2305150007,스타필드 코엑스몰
e_e000460,1,7,2305150002,그랜드 인터컨티넨탈 서울 파르나스
e_e000460,2,1,2305160001,그랜드 인터컨티넨탈 서울 파르나스 그랜드 키친
e_e000460,2,2,2305160002,힐링 텐트 반포점
e_e000460,2,3,2305160003,반포 한강공원
e_e000460,2,4,2305160004,스타벅스 강남 교보 타워 R 점
e_e000460,2,5,2305160005,집
e_e000466,1,1,2305280001,집
e_e000466,1,2,2305280002,한국 초콜릿 연구소 뮤지엄
e_e000466,1,3,2305280003,농부의 뜰
e_e000466,1,4,2305280005,핀란드 캠핑성
e_e000466,2,1,2305290001,집
e_e000469,1,1,2305200001,집
e_e000469,1,2,2305200002,소요산역 1호선
e_e000469,1,3,2305200003,농협 하나로마트 더 둔 점
e_e000469,1,4,2305200005,백구가 든 펜션
e_e000469,2,1,2305210001,소요산역 1호선
e_e000469,2,2,2305210002,집
e_e000471,1,1,2305290001,집
e_e000471,1,2,2305290002,친구 픽업
e_e000471,1,3,2305290003,타이거 주유소
e_e000471,1,4,2305290004,봉피양 파라다이스 시티점
e_e000471,1,5,2305290005,파라다이스 시티
e_e000471,1,6,2305290006,네스트 호텔
e_e000471,1,7,2305290007,용유 하늘 전망대
e_e000471,1,8,2305290008,난경 회 조개구이
e_e000471,1,9,2305290009,네스트 호텔
e_e000471,2,1,2305300001,해송 쌈밥
e_e000471,2,2,2305300002,스타 파이브
e_e000471,2,3,2305300003,집
e_e000473,1,1,2305200001,집
e_e000473,1,2,2305200002,동대구역
e_e000473,1,3,2305200003,수서역
e_e000473,1,4,2305200004,서울숲 지구대
e_e000473,1,5,2305200005,먼치스앤구디스
e_e000473,1,6,2305200006,성수동 카페거리
e_e000473,1,7,2305200007,뚝섬한강공원
e_e000473,1,8,2305200008,친척 집
e_e000473,2,1,2305210001,성수 베이킹 스튜디오
e_e000473,2,2,2305210002,서울숲
e_e000473,2,3,2305210004,성수동 카페거리
e_e000473,2,4,2305210003,더 컨벤션 송파 문정점
e_e000473,2,5,2305210005,롯데월드타워
e_e000473,2,6,2305210006,석촌호수 산책길
e_e000473,2,7,2305210007,수서역
e_e000473,2,8,2305210008,SM 안 아주 아파트
e_e000479,1,1,2305260001,집
e_e000479,1,2,2305260003,라플 러시
e_e000479,1,3,2305260004,라화방마라탕
e_e000479,1,4,2305260002,집
e_e000479,2,1,2305270002,컴포즈커피 성남 수정으로 점
e_e000479,2,2,2305270003,CU 성남 화인 점
e_e000479,2,3,2305270004,롯데시네마 성남중앙
e_e000479,2,4,2305270005,성남중앙 칼국수
e_e000479,2,5,2305270006,게임 플레이스
e_e000479,2,6,2305270001,집
e_e000480,1,1,2305190001,집
e_e000480,1,2,2305190003,관악산 연주대
e_e000480,1,3,2305190004,소래산 묵밥
e_e000480,1,4,2305190002,집
e_e000481,1,1,2305280001,집
e_e000481,1,2,2305280003,한국외국어대학교 서울캠퍼스
e_e000481,1,3,2305280004,롯데월드타워 롯데월드몰
e_e000481,1,4,2305280005,사봉 롯데월드몰점
e_e000481,1,5,2305280006,크리 에잇 쿠키 롯데월드몰점
e_e000481,1,6,2305280007,치즈 룸 테이스팅 룸 롯데월드몰점
e_e000481,1,7,2305280008,폴 바셋
e_e000481,1,8,2305280009,롯데월드 샤롯데씨어터
e_e000481,1,9,2305280002,집
e_e000486,1,1,2305150001,집
e_e000486,1,2,2305150002,매헌 시민의 숲
e_e000486,1,3,2305150003,앨리 스토리 커피 볶는 집
e_e000486,1,4,2305150004,집
e_e000490,1,1,2306020001,집
e_e000490,1,2,2306020002,롯데리아 서울 역사점
e_e000490,1,3,2306020003,문화역 서울 284
e_e000490,1,4,2306020004,채 그로 카페
e_e000490,1,5,2306020005,진주회관
e_e000490,1,6,2306020006,덕수궁
e_e000490,1,7,2306020007,서울시립미술관 서소문 본관
e_e000490,1,8,2306020008,호텔쿠레타케소 인사동
e_e000490,2,1,2306030001,스타벅스 북촌로점
e_e000490,2,2,2306030002,런던 베이글 뮤지엄 안국점
e_e000490,2,3,2306030003,호텔쿠레타케소 인사동
e_e000490,2,4,2306030005,모레노 라멘 인사점
e_e000490,2,5,2306030006,국립현대미술관 서울관
e_e000490,2,6,2306030007,여의도 한강공원
e_e000490,2,7,2306030004,집
e_e000491,1,1,2305270001,집
e_e000491,1,2,2305270002,이마트 의정부점
e_e000491,1,3,2305270003,땡큐
e_e000491,1,4,2305270004,산정호수
e_e000491,1,5,2305270005,돌담 병원
e_e000491,1,6,2305270006,자일 랜드 글램핑
e_e000491,2,1,2305280001,남원 추어탕
e_e000491,2,2,2305280002,집
e_e000492,1,1,2305290001,집
e_e000492,1,2,2305290002,스카이랜드
e_e000492,1,3,2305290003,아웃백 스테이크하우스 부천 상동점
e_e000492,1,4,2305290004,상무 초밥 부천 상동점
e_e000492,1,5,2305290005,집
e_e000496,1,1,2305160001,집
e_e000496,1,2,2305160002,삼성전자 기흥캠퍼스 정문
e_e000496,1,3,2305160003,망향비빔국수 화성점
e_e000496,1,4,2305160005,트리플 스트리트
e_e000496,1,5,2305160004,송도센트럴파크
e_e000496,1,6,2305160006,경원재앰배서더 인천
e_e000496,2,1,2305170001,금문도
e_e000496,2,2,2305170002,조양 방직
e_e000496,2,3,2305170003,숙성도 송도점
e_e000496,2,4,2305170004,삼성전자 기흥캠퍼스 정문
e_e000496,2,5,2305170005,집
e_e000504,1,1,2305200001,집
e_e000504,1,2,2305200003,관악산
e_e000504,1,3,2305200004,남궁야
e_e000504,1,4,2305200005,참새방앗간
e_e000504,1,5,2305200002,집
e_e000505,1,1,2305180001,집
e_e000505,1,2,2305180003,김포함상공원
e_e000505,1,3,2305180004,수철이 네 왕새우튀김 본점
e_e000505,1,4,2305180005,초지진
e_e000505,1,5,2305180006,파리바게뜨 강화 길상점
e_e000505,1,6,2305180008,전등사
e_e000505,1,7,2305180007,온수리 교회
e_e000505,1,8,2305180002,집
e_e000507,1,1,2305200001,집
e_e000507,1,2,2305200003,청와대 본관
e_e000507,1,3,2305200007,광화문광장
e_e000507,1,4,2305200004,남도식객
e_e000507,1,5,2305200005,인사동 문화의 거리
e_e000507,1,6,2305200006,테라로사 국립현대미술관 서울점
e_e000507,1,7,2305200008,경복궁
e_e000507,1,8,2305200010,한국 집 롯데월드몰점
e_e000507,1,9,2305200011,서울스카이
e_e000507,1,10,2305200002,집
e_e000510,1,1,2305290001,집
e_e000510,1,2,2305290003,화성 융릉과 건릉
e_e000510,1,3,2305290005,용주사
e_e000510,1,4,2305290004,복사꽃 피는 집 화성 안녕 점
e_e000510,1,5,2305290006,서울고속버스터미널(경부)
e_e000510,1,6,2305290002,집
e_e000514,1,1,2306030001,집
e_e000514,1,2,2306030003,농협안성팜랜드
e_e000514,1,3,2306030002,집
e_e000521,1,1,2305230001,집
e_e000521,1,2,2305230003,아시안 해변
e_e000521,1,3,2305230006,구읍뱃터
e_e000521,1,4,2305230004,을왕리 해수욕장
e_e000521,1,5,2305230005,동해 막국수
e_e000521,1,6,2305230007,구읍뱃터 선착장
e_e000521,1,7,2305230008,월미도 선착장
e_e000521,1,8,2305230002,집
e_e000523,1,1,2306100001,집
e_e000523,1,2,2306100002,도나 스테이 본점
e_e000523,1,3,2306100003,바운스 슈퍼 파크 수원 영통 센터
e_e000523,1,4,2306100004,집
e_e000524,1,1,2305160001,친구 친지 집
e_e000524,1,2,2305160002,에버랜드
e_e000524,1,3,2305160003,캐리비안베이
e_e000524,1,4,2305160004,안녕동 우방아이유쉘아파트
e_e000525,1,1,2305250001,친구 친지 집
e_e000525,1,2,2305250003,디온 카페
e_e000525,1,3,2305250004,도선재
e_e000525,1,4,2305250005,CU 가평 쁘띠프랑스 점
e_e000525,1,5,2305250002,동남 패밀리 아파트
e_e000526,1,1,2305160001,집
e_e000526,1,2,2305160002,까이 식당
e_e000526,1,3,2305160003,이화여자대학교
e_e000526,1,4,2305160004,국립현대미술관 과천관
e_e000526,1,5,2305160005,심플리 키친
e_e000526,1,6,2305160006,여의도 한강공원
e_e000526,1,7,2305160008,서울 큐브의화
e_e000526,2,1,2305170001,마더린러베이글
e_e000526,2,2,2305170002,아트하우스 모모
e_e000526,2,3,2305170003,돈 천동 식당
e_e000526,2,4,2305170004,집
e_e000528,1,1,2305210001,집
e_e000528,1,2,2305210002,센트럴시티터미널(호남)
e_e000528,1,3,2305210003,일상 정원 센트럴시티점
e_e000528,1,4,2305210004,센트럴시티 지하상가
e_e000528,1,5,2305210005,비비드크로넛 파리에 스테이션 점
e_e000528,1,6,2305210006,반포 한강공원
e_e000528,1,7,2305210007,포비 파리에 스테이션점
e_e000528,1,8,2305210008,집
e_e000531,1,1,2305270001,집
e_e000531,1,2,2305270002,나무 아래 오후 N 2호점
e_e000531,1,3,2305270006,스테이에 펜션
e_e000531,2,1,2305280001,북한강
e_e000531,2,2,2305280002,청평 자연휴양림
e_e000531,2,3,2305280003,집
e_e000533,1,1,2306030001,집
e_e000533,1,2,2306030003,레이크 스토어
e_e000533,1,3,2306030004,마장호수 출렁다리
e_e000533,1,4,2306030005,오랑주리
e_e000533,1,5,2306030006,서원밸리 CC 자선 그린콘서트
e_e000533,1,6,2306030002,집
e_e000537,1,1,2305250001,집
e_e000537,1,2,2305250003,하나개해수욕장
e_e000537,1,3,2305250004,네스트 호텔
e_e000537,1,4,2305250005,네스트 호텔
e_e000537,1,5,2305250006,아시안 어부 집
e_e000537,1,6,2305250002,네스트 호텔
e_e000537,2,1,2305260001,또 와 돌솥밥 순댓국 3호점
e_e000537,2,2,2305260003,엠엠에프 커피
e_e000537,2,3,2305260002,집
e_e000538,1,1,2306040001,집
e_e000538,1,2,2306040003,파라다이스 시티 원더 박스
e_e000538,1,3,2306040004,파라다이스 시티 플라자
e_e000538,1,4,2306040005,파라다이스 시티 수영장
e_e000538,1,5,2306040006,현미네 조개구이
e_e000538,1,6,2306040007,파라다이스 시티 가든 카페
e_e000538,1,7,2306040002,파라다이스 시티
e_e000538,2,1,2306050004,파라다이스 시티 키즈존
e_e000538,2,2,2306050002,을왕리꾸덕집
e_e000538,2,3,2306050003,선녀바위해수욕장
e_e000538,2,4,2306050001,래미안 용강 아파트
e_e000540,1,1,2306010001,집
e_e000540,1,2,2306010002,파크 마린 호텔
e_e000540,1,3,2306010003,조개야놀자
e_e000540,1,4,2306010004,롯데리아 인천 소래포구역점
e_e000540,1,5,2306010008,파크 마린 호텔
e_e000540,2,1,2306020001,지는 연례 식당
e_e000540,2,2,2306020002,슈슈 봉봉 인천 논현점
e_e000540,2,3,2306020003,집
e_e000541,1,1,2305200001,집
e_e000541,1,2,2305200003,화성 관광열차 안내소 연무대 매표소
e_e000541,1,3,2305200004,남문 통닭 수원 본점
e_e000541,1,4,2305200005,화성행궁
e_e000541,1,5,2305200006,행궁 빙수
e_e000541,1,6,2305200007,수원 화성 북서적대
e_e000541,1,7,2305200002,집
e_e000544,1,1,2305210001,집
e_e000544,1,2,2305210003,수원 탑동 시민농장 후문
e_e000544,1,3,2305210002,경기 상상 캠퍼스
e_e000544,1,4,2305210004,AK플라자 수원
e_e000544,1,5,2305210005,집
e_e000547,1,1,2306090001,집
e_e000547,1,2,2306090005,경기도 교직원 가평 서덕원
e_e000547,2,1,2306100001,아침 고요 가족 동물원
e_e000547,2,2,2306100002,가평 잣 두부집
e_e000547,2,3,2306100003,집
e_e000548,1,1,2305260001,집
e_e000548,1,2,2305260003,곤지암리조트 곤지암 루지 36
e_e000548,1,3,2305260002,곤지암리조트
e_e000548,2,1,2305270001,화담숲
e_e000548,2,2,2305270002,원조 최미자 소머리국밥 본관
e_e000548,2,3,2305270003,카페 찬마루
e_e000548,2,4,2305270004,한국도자재단 경기도자 박물관
e_e000548,2,5,2305270005,집
e_e000550,1,1,2305270001,집
e_e000550,1,2,2305270002,엠룸
e_e000550,1,3,2305270003,팔달산
e_e000550,1,4,2305270004,제비 곳간 행궁 별식
e_e000550,1,5,2305270005,루파즈 블랑제리
e_e000550,1,6,2305270006,집
e_e000552,1,1,2305250001,집
e_e000552,1,2,2305250002,설 가옥
e_e000552,1,3,2305250003,정약용 유적지 기념관
e_e000552,1,4,2305250004,정약용 유적지 생가
e_e000552,1,5,2305250005,앳 더 팔당 키친 베이커리
e_e000552,1,6,2305250006,집
e_e000556,1,1,2306060001,집
e_e000556,1,2,2306060002,담원
e_e000556,1,3,2306060003,카리브해
e_e000556,1,4,2306060004,집
e_e000557,1,1,2305290001,집
e_e000557,1,2,2305290002,용산 어린이 정원(용산공원 반환부지)
e_e000557,1,3,2305290003,국립중앙박물관
e_e000557,1,4,2305290004,능동 미나리
e_e000557,1,5,2305290005,집
e_e000560,1,1,2305200001,집
e_e000560,1,2,2305200002,하남 드림 휴게소
e_e000560,1,3,2305200003,CU 여주 번 도리점
e_e000560,1,4,2305200004,금은모래 캠핑장
e_e000560,2,1,2305210002,이디야커피 여주 남한강점
e_e000560,2,2,2305210001,집
e_e000563,1,1,2305280001,집
e_e000563,1,2,2305280002,신탄진역
e_e000563,1,3,2305280003,서울역
e_e000563,1,4,2305280004,진옥화 할미 원조 닭 한 마리 본점
e_e000563,1,5,2305280006,호텔야자 종로점
e_e000563,2,1,2305290001,스타벅스 북촌로점
e_e000563,2,2,2305290002,하리보 스토어인 서울
e_e000563,2,3,2305290005,남대문시장
e_e000563,2,4,2305290003,쌈지길
e_e000563,2,5,2305290004,런던 베이글 뮤지엄 안국점
e_e000563,2,6,2305290006,서울숲
e_e000563,2,7,2305290007,채선당 성수점
e_e000563,2,8,2305290008,스타벅스 서울 역사점
e_e000563,2,9,2305290010,서울역
e_e000563,2,10,2305290009,집
e_e000564,1,1,2305200001,집
e_e000564,1,2,2305200003,이설화 하남미사점
e_e000564,1,3,2305200004,하남 더 숍 센트럴뷰 아파트
e_e000564,1,4,2305200005,미사리 조정경기장 정문
e_e000564,1,5,2305200006,아쿠아 필드 하남
e_e000564,1,6,2305200007,데카트론 하남 스타필드 직영점
e_e000564,1,7,2305200008,트레이더스 홀세일 클럽 하남점
e_e000564,1,8,2305200002,집
e_e000566,1,1,2305200001,집
e_e000566,1,2,2305200003,대화역 3호선
e_e000566,1,3,2305200002,노원역 4호선
e_e000566,1,4,2305200004,킨텍스 중앙공원
e_e000566,1,5,2305200005,킨텍스
e_e000566,1,6,2305200006,삼지연 평양냉면 전문점
e_e000566,1,7,2305200007,공차 대화역점
e_e000566,1,8,2305200008,대화역 3호선
e_e000566,1,9,2305200009,상계역 4호선
e_e000566,1,10,2305200010,배스킨라빈스 중계은행점
e_e000566,1,11,2305200011,집
e_e000567,1,1,2305240001,집
e_e000567,1,2,2305240002,전곡선사 박물관
e_e000567,1,3,2305240003,망향비빔국수 궁평 본점
e_e000567,1,4,2305240004,재인폭포
e_e000567,1,5,2305240005,국립 아세안자연휴양림
e_e000567,2,1,2305250001,국립 아세안자연휴양림
e_e000567,2,2,2305250002,국립 아세안자연휴양림
e_e000567,2,3,2305250003,맥도날드 양주 휴게소 DT점
e_e000567,2,4,2305250004,서울시 서남물 재생센터
e_e000567,2,5,2305250005,집
e_e000568,1,1,2305200001,집
e_e000568,1,2,2305200002,한양대 ERICA 컨벤션 센터 정류장
e_e000568,1,3,2305200003,강남역 우리은행 정류장
e_e000568,1,4,2305200004,카카오 프렌즈 강남 플래그십스토어
e_e000568,1,5,2305200005,연남 토마 강남점
e_e000568,1,6,2305200006,개랑 놀아주는 남자
e_e000568,1,7,2305200007,무신사 스탠더드 강남
e_e000568,1,8,2305200008,랜덤 투윤 강남점
e_e000568,1,9,2305200009,뉴발란스 강남점
e_e000568,1,10,2305200010,스트리트 SPC 스퀘어점
e_e000568,1,11,2305200011,잠원한강공원
e_e000568,1,12,2305200012,고속터미널역 9호선
e_e000568,1,13,2305200013,상록수역 4호선
e_e000568,1,14,2305200014,친구 집
e_e000569,1,1,2306040001,집
e_e000569,1,2,2306040002,토마토김밥
e_e000569,1,3,2306040003,창조 자연사박물관
e_e000569,1,4,2306040004,시흥갯골생태공원
e_e000569,1,5,2306040005,집
e_e000573,1,1,2305200001,집
e_e000573,1,2,2305200002,화성시 우리 꽃식물원
e_e000573,1,3,2305200003,한우 강국
e_e000573,1,4,2305200004,더 포레 베이커리
e_e000573,1,5,2305200005,제암리 3.1운동 순국 유적지
e_e000573,1,6,2305200006,그린리프
e_e000573,1,7,2305200007,집
e_e000579,1,1,2305200001,친구 친지 집
e_e000579,1,2,2305200002,두물머리
e_e000579,1,3,2305200003,두물머리 연 핫도그
e_e000579,1,4,2305200004,용문사
e_e000579,1,5,2305200005,몽실식당
e_e000579,1,6,2305200006,LH 김포한강 1단지
e_e000584,1,1,2305260001,집
e_e000584,1,2,2305260002,김해국제공항 국내선 청사
e_e000584,1,3,2305260003,김포국제공항 국내선
e_e000584,1,4,2305260004,프레시 성형외과의원
e_e000584,1,5,2305260005,이끼 롤 가스 가로수길 본점
e_e000584,1,6,2305260006,가로수길
e_e000584,1,7,2305260007,카페 뭔지
e_e000584,1,8,2305260008,신세계백화점 본점
e_e000584,1,9,2305260009,롯데백화점 본점
e_e000584,1,10,2305260011,서울역
e_e000584,1,11,2305260012,부산역
e_e000584,1,12,2305260010,집
e_e000589,1,1,2305170001,집
e_e000589,1,2,2305170002,동대문디자인플라자
e_e000589,1,3,2305170003,마복림 떡볶이
e_e000589,1,4,2305170004,오제도 카페
e_e000589,1,5,2305170005,두산아트센터
e_e000589,1,6,2305170006,집
e_e000590,1,1,2305230001,집
e_e000590,1,2,2305230002,화성행궁
e_e000590,1,3,2305230003,행리단길
e_e000590,1,4,2305230004,헤올커피로스터즈
e_e000590,1,5,2305230005,탑클라우드 호텔 수원점
e_e000590,1,6,2305230006,수원 KT위즈 파크
e_e000590,1,7,2305230007,탑클라우드 호텔 수원점
e_e000590,1,8,2305230010,탑클라우드 호텔 수원점
e_e000590,2,1,2305240001,슬로 써니사이드
e_e000590,2,2,2305240002,행리단길
e_e000590,2,3,2305240003,집
e_e000591,1,1,2305220001,집
e_e000591,1,2,2305220003,마이아트 뮤지엄
e_e000591,1,3,2305220004,스타벅스 삼성역 섬유센터 R 점
e_e000591,1,4,2305220005,롯데월드타워
e_e000591,1,5,2305220006,롯데시네마 월드타워
e_e000591,1,6,2305220007,석촌호수 서호
e_e000591,1,7,2305220008,니커보커 베이글
e_e000591,1,8,2305220009,서정적 살롱
e_e000591,1,9,2305220010,송리단길
e_e000591,1,10,2305220011,석촌역 8호선
e_e000591,1,11,2305220002,집
e_e000592,1,1,2305200001,집
e_e000592,1,2,2305200003,포 시즌스 호텔 유 유안
e_e000592,1,3,2305200004,펠트 커피 청계천점
e_e000592,1,4,2305200005,광화문
e_e000592,1,5,2305200006,청와대 본관
e_e000592,1,6,2305200007,야보쿠시
e_e000592,1,7,2305200002,집
e_e000594,1,1,2305280001,집
e_e000594,1,2,2305280002,원삼농협 하나로마트 본점
e_e000594,1,3,2305280003,철이네 캠핑 랜드
e_e000594,2,1,2305290001,고 황 감자탕 백암점
e_e000594,2,2,2305290002,집
e_e000595,1,1,2305270001,집
e_e000595,1,2,2305270002,수원역
e_e000595,1,3,2305270003,곤지암리조트
e_e000595,1,4,2305270004,곤지암리조트 스파 라 스파
e_e000595,1,5,2305270005,크래프트 한스 곤지암점
e_e000595,1,6,2305270006,곤지암리조트
e_e000595,2,1,2305280001,곤지암 리조트 생태하천
e_e000595,2,2,2305280002,청국장과 보리밥 곤지암점
e_e000595,2,3,2305280003,현대백화점 판교점
e_e000595,2,4,2305280004,펠트 판교점
e_e000595,2,5,2305280005,집
e_e000597,1,1,2305290001,집
e_e000597,1,2,2305290002,소리울 도서관
e_e000597,1,3,2305290003,오산 맑음터 공원
e_e000597,1,4,2305290004,메르오르카페 본점
e_e000597,1,5,2305290005,집
e_e000599,1,1,2306040001,집
e_e000599,1,2,2306040003,더 플라자
e_e000599,1,3,2306040004,서울광장
e_e000599,1,4,2306040005,덕수궁
e_e000599,1,5,2306040006,세종 충무공이야기
e_e000599,1,6,2306040007,닥터로빈 광화문점
e_e000599,1,7,2306040008,경복궁
e_e000599,1,8,2306040009,광화문광장
e_e000599,1,9,2306040002,더 플라자
e_e000599,2,1,2306050001,다이내믹 메이즈 서울 인사동점
e_e000599,2,2,2306050002,인사동 문화의 거리
e_e000599,2,3,2306050003,집
e_e000607,1,1,2305200001,집
e_e000607,1,2,2305200002,도화 현대 1차 아파트
e_e000607,1,3,2305200003,물레길 식당
e_e000607,1,4,2305200004,세미원
e_e000607,1,5,2305200005,카페 리노
e_e000607,1,6,2305200007,일월일지
e_e000607,2,1,2305210001,양평 양떼목장
e_e000607,2,2,2305210002,양평 신내 서울 해장국
e_e000607,2,3,2305210003,찌깐한커피숍
e_e000607,2,4,2305210004,도화 현대 1차 아파트
e_e000607,2,5,2305210005,집
e_e000608,1,1,2305220001,집
e_e000608,1,2,2305220003,경기 광주 휴게소 서울 방향 전기차 충전소
e_e000608,1,3,2305220004,만랩 커피 을지로 5가 점
e_e000608,1,4,2305220005,두타몰
e_e000608,1,5,2305220006,동대문 역사 문화공원 동대문운동장 기념관
e_e000608,1,6,2305220002,라마다 서울 동대문
e_e000608,2,1,2305230002,코엑스
e_e000608,2,2,2305230001,집
e_e000609,1,1,2305310001,집
e_e000609,1,2,2305310002,유통 상가
e_e000609,1,3,2305310004,스타필드 고양
e_e000609,1,4,2305310003,집
e_e000615,1,1,2306100001,집
e_e000615,1,2,2306100002,연경 차이나타운 본점
e_e000615,1,3,2306100003,송월동 동화마을
e_e000615,1,4,2306100006,월미도
e_e000615,1,5,2306100004,월미 바다역
e_e000615,1,6,2306100005,신포 닭강정 본점
e_e000615,1,7,2306100011,호텔 소노
e_e000615,1,8,2306100007,배스킨라빈스 인천 신포점
e_e000615,1,9,2306100008,세븐일레븐 신포 로데오점
e_e000615,1,10,2306100010,이마트 24 인천 신포역점
e_e000615,1,11,2306100012,호텔 소노
e_e000615,2,1,2306110001,신신 분식
e_e000615,2,2,2306110002,빽다방 동인천역점
e_e000615,2,3,2306110003,집
e_e000620,1,1,2305200001,집
e_e000620,1,2,2305200002,현대 프리미엄 아울렛 김포점 이스트존
e_e000620,1,3,2305200003,도레도레 현대 프리미엄 아울렛 김포점
e_e000620,1,4,2305200004,현대 프리미엄 아울렛 김포점
e_e000620,1,5,2305200005,집
e_e000622,1,1,2305220001,집
e_e000622,1,2,2305220002,바다마을 떡볶이
e_e000622,1,3,2305220003,시화 달 전망대(시화이루나타워)
e_e000622,1,4,2305220004,쉼표
e_e000622,1,5,2305220005,구봉도
e_e000622,1,6,2305220006,집
e_e000625,1,1,2305210001,집
e_e000625,1,2,2305210003,가천 린 포크 김포점
e_e000625,1,3,2305210004,김포 장릉
e_e000625,1,4,2305210005,스타벅스 김포 현대 아울렛 3층 점
e_e000625,1,5,2305210006,현대 프리미엄 아울렛 김포점
e_e000625,1,6,2305210002,집
e_e000627,1,1,2305190001,집
e_e000627,1,2,2305190003,수원역 수인 분당선
e_e000627,1,3,2305190004,국제업무지구역 인천 1호선
e_e000627,1,4,2305190005,진한 식당
e_e000627,1,5,2305190006,드라마(야왕) 촬영지 방문(포스코 송도사옥)
e_e000627,1,6,2305190007,인천도시 역사관 및 센트럴파크
e_e000627,1,7,2305190008,인천시 송도지역축제
e_e000627,1,8,2305190009,올라 카이 송도파크호텔
e_e000627,1,9,2305190010,송도센트럴파크
e_e000627,1,10,2305190002,올라 카이 송도파크호텔
e_e000627,2,1,2305200002,올라 카이 레벨 19
e_e000627,2,2,2305200003,올라 카이 송도파크호텔
e_e000627,2,3,2305200004,인천대입구역 인천 1호선
e_e000627,2,4,2305200005,수원역 수인 분당선
e_e000627,2,5,2305200001,집
e_e000637,1,1,2305190001,집
e_e000637,1,2,2305190002,에버랜드
e_e000637,1,3,2305190003,집
e_e000639,1,1,2306050001,집
e_e000639,1,2,2306050003,관악산 산림욕장
e_e000639,1,3,2306050004,산마을 민속촌
e_e000639,1,4,2306050005,크림 스톤
e_e000639,1,5,2306050002,집
e_e000640,1,1,2305260001,집
e_e000640,1,2,2305260002,토마토김밥
e_e000640,1,3,2305260003,연천군 연천 파크골프장
e_e000640,1,4,2305260004,집
e_e000641,1,1,2305200001,집
e_e000641,1,2,2305200002,한국민속촌
e_e000641,1,3,2305200003,경일 석유 도영 주유소
e_e000641,1,4,2305200004,집
e_e000644,1,1,2305200001,집
e_e000644,1,2,2305200002,캠핑 고래 일산점
e_e000644,1,3,2305200003,이삭 소바
e_e000644,1,4,2305200004,킨텍스 캠핑장
e_e000644,2,1,2305210001,행주산성 역사 공원
e_e000644,2,2,2305210002,집
e_e000645,1,1,2305200001,집
e_e000645,1,2,2305200003,북촌 손만두 하남미사역점
e_e000645,1,3,2305200004,메가 MGC 커피 미사 로데오점
e_e000645,1,4,2305200005,미사 경정공원 조정 카누경기장
e_e000645,1,5,2305200006,미사 양식당
e_e000645,1,6,2305200007,우지 커피 하남미사역점
e_e000645,1,7,2305200008,망월천
e_e000645,1,8,2305200002,집
e_e000646,1,1,2305270001,친구 친지 집
e_e000646,1,2,2305270002,마장호수 출렁다리
e_e000646,1,3,2305270003,마장호수 가든
e_e000646,1,4,2305270004,벽제 셀프주유소
e_e000646,1,5,2305270005,스타필드 고양
e_e000646,1,6,2305270006,드림하우스
e_e000648,1,1,2305290001,집
e_e000648,1,2,2305290002,고기리계곡 주변
e_e000648,1,3,2305290003,산골 항아리 바비큐
e_e000648,1,4,2305290004,인플럭스
e_e000648,1,5,2305290005,집
e_e000651,1,1,2305210001,집
e_e000651,1,2,2305210002,자라섬
e_e000651,1,3,2305210003,이화원
e_e000651,1,4,2305210004,자라섬 캠핑장 카라반 C
e_e000651,1,5,2305210005,남도 꽃 정원
e_e000651,1,6,2305210006,가평군 농협 하나로마트 본점
e_e000651,1,7,2305210010,자라섬 캠핑장 카라반 C
e_e000651,2,1,2305220001,호명호수
e_e000651,2,2,2305220002,호명산 철판 닭갈비 막국수
e_e000651,2,3,2305220003,집
e_e000652,1,1,2305200001,집
e_e000652,1,2,2305200003,서울대공원 테마 가든
e_e000652,1,3,2305200004,남태령 봉평 메밀막국수 직영 본점
e_e000652,1,4,2305200005,르 레브 디저트
e_e000652,1,5,2305200002,집
e_e000662,1,1,2305200001,집
e_e000662,1,2,2305200003,포가 레
e_e000662,1,3,2305200004,중앙빌딩
e_e000662,1,4,2305200005,파이 인 더 숍
e_e000662,1,5,2305200007,현대백화점 유플렉스 신촌점
e_e000662,1,6,2305200006,경의선 숲길공원
e_e000662,1,7,2305200008,알라딘 중고서점 신촌점
e_e000662,1,8,2305200009,고삼이 신촌점
e_e000662,1,9,2305200010,이마트 신촌점
e_e000662,1,10,2305200002,집
e_e000664,1,1,2306050001,집
e_e000664,1,2,2306050002,하니랜드
e_e000664,1,3,2306050003,조인 폴리아 파주 농장
e_e000664,1,4,2306050004,파주장단콩 두부
e_e000664,1,5,2306050005,집
e_e000665,1,1,2305190001,사무실
e_e000665,1,2,2305190002,장미아파트
e_e000665,1,3,2305190003,써브웨이 분당 미금역점
e_e000665,1,4,2305190004,메가 MGC 커피 강남 CGV 점
e_e000665,1,5,2305190005,장미아파트
e_e000665,2,1,2305200001,와플 대학 하계 장미 캠퍼스
e_e000665,2,2,2305200002,경춘선 숲길
e_e000665,2,3,2305200003,서울 장미축제
e_e000665,2,4,2305200004,장미아파트
e_e000672,1,1,2305210001,집
e_e000672,1,2,2305210002,석수역 1호선
e_e000672,1,3,2305210003,호반베르디움 더레이크 아파트
e_e000672,1,4,2305210004,해찬공원
e_e000672,1,5,2305210005,마산
e_e000672,1,6,2305210006,담원
e_e000672,1,7,2305210007,물왕 호수
e_e000672,1,8,2305210008,집
e_e000673,1,1,2305270001,집
e_e000673,1,2,2305270002,현대 프리미엄 아울렛 송도점
e_e000673,1,3,2305270003,송도 한옥마을
e_e000673,1,4,2305270004,위코스테이 영종
e_e000673,1,5,2305270005,회랑 조개랑
e_e000673,1,6,2305270010,위코스테이 영종
e_e000673,2,1,2305280001,경복궁 삼계탕 영종점
e_e000673,2,2,2305280002,온 더 플로
e_e000673,2,3,2305280003,BMW 드라이빙 센터
e_e000673,2,4,2305280004,집
e_e000682,1,1,2305230001,집
e_e000682,1,2,2305230002,서울역
e_e000682,1,3,2305230003,수원역
e_e000682,1,4,2305230004,팔달공원
e_e000682,1,5,2305230005,에그 궁
e_e000682,1,6,2305230006,헤올커피로스터즈
e_e000682,1,7,2305230007,브로콜리 숲
e_e000682,1,8,2305230008,호텔 달
e_e000682,1,9,2305230009,진미 통닭
e_e000682,1,10,2305230010,수원 화성 화홍문
e_e000682,1,11,2305230011,호텔 달
e_e000682,2,1,2305240001,요미우돈 교자
e_e000682,2,2,2305240002,화성행궁
e_e000682,2,3,2305240003,류 옹
e_e000682,2,4,2305240004,용연
e_e000682,2,5,2305240005,하얀 풍차제과 망포역점
e_e000682,2,6,2305240006,수원역
e_e000682,2,7,2305240007,집
e_e000686,1,1,2306050001,집
e_e000686,1,2,2306050003,용인자연휴양림
e_e000686,1,3,2306050002,집
e_e000691,1,1,2305210001,집
e_e000691,1,2,2305210003,dooop
e_e000691,1,3,2305210004,서울숲 카페거리
e_e000691,1,4,2305210005,오레오 팝업스토어
e_e000691,1,5,2305210002,집
e_e000693,1,1,2305200001,집
e_e000693,1,2,2305200003,송도센트럴파크
e_e000693,1,3,2305200004,포케 품은 초밥
e_e000693,1,4,2305200005,꿈꾸는 공원
e_e000693,1,5,2305200006,인천도시 역사관
e_e000693,1,6,2305200007,스위트 머드 송도점
e_e000693,1,7,2305200002,DMC 파크뷰 자이 1단지 아파트
e_e000695,1,1,2305280001,친구 친지 집
e_e000695,1,2,2305280002,성수 2가 3동 공영주차장
e_e000695,1,3,2305280005,서울숲 카페거리
e_e000695,1,4,2305280003,소문난 성수 감자탕
e_e000695,1,5,2305280004,글로우
e_e000695,1,6,2305280006,서울숲 카페거리
e_e000695,1,7,2305280007,그라운드 시 소 성수
e_e000695,1,8,2305280008,성수동 2가 3동 주차장
e_e000695,1,9,2305280009,식겁 신읍동점
e_e000695,1,10,2305280010,지인 집
e_e000695,2,1,2305290001,콩닭콩닭
e_e000695,2,2,2305290002,구름산 카페
e_e000695,2,3,2305290003,지인 집
e_e000695,2,4,2305290004,집
e_e000704,1,1,2306100001,집
e_e000704,1,2,2306100002,센티드뮤제
e_e000704,1,3,2306100003,가드너스
e_e000704,1,4,2306100004,콩치노 콘크리트
e_e000704,1,5,2306100006,황밀삼 우리 밥상
e_e000704,1,6,2306100005,집
e_e000706,1,1,2305190001,집
e_e000706,1,2,2305190002,에버랜드
e_e000706,1,3,2305190003,친구 집
e_e000709,1,1,2305210001,집
e_e000709,1,2,2305210002,소바애 부천 본점
e_e000709,1,3,2305210003,부천 자연 생태공원 자연 생태 박물관
e_e000709,1,4,2305210004,부천 자연 생태공원
e_e000709,1,5,2305210005,집
e_e000710,1,1,2305200001,집
e_e000710,1,2,2305200002,고릴라 캠핑 부천점
e_e000710,1,3,2305200003,분지울작은캠핑장
e_e000710,2,1,2305210001,집
e_e000712,1,1,2305270001,집
e_e000712,1,2,2305270002,수지구청 역 신분당선
e_e000712,1,3,2305270003,법륜사 입구
e_e000712,1,4,2305270004,법륜사
e_e000712,1,5,2305270005,카페 랄로 용인점
e_e000712,1,6,2305270006,수지구청 역 신분당선
e_e000712,1,7,2305270007,집
e_e000715,1,1,2305200001,집
e_e000715,1,2,2305200002,오이도 선사유적공원
e_e000715,1,3,2305200003,S-market(시화점)
e_e000715,1,4,2305200004,오이도 빨강등대
e_e000715,1,5,2305200005,커피 나는 바다
e_e000715,1,6,2305200006,이베리코
e_e000715,1,7,2305200007,호텔 지트
e_e000715,1,8,2305200008,지트
e_e000715,2,1,2305210001,돈가스 클럽
e_e000715,2,2,2305210002,집
e_e000717,1,1,2305200001,집
e_e000717,1,2,2305200002,킴스클럽 뉴코아 아울렛 평촌점
e_e000717,1,3,2305200003,서울대공원 주차장
e_e000717,1,4,2305200004,서울대공원 테마 가든
e_e000717,1,5,2305200005,서울대공원 어린이 동물원
e_e000717,1,6,2305200006,서울대공원 테마 가든
e_e000717,1,7,2305200007,산본시장
e_e000717,1,8,2305200008,춘천 골
e_e000717,1,9,2305200009,AK플라자 금정
e_e000717,1,10,2305200010,집
e_e000718,1,1,2305260001,집
e_e000718,1,2,2305260004,18장마라탕 광교점
e_e000718,1,3,2305260005,갤러리아백화점 광교점
e_e000718,1,4,2305260006,광교호수공원
e_e000718,1,5,2305260007,앨리웨이 광교
e_e000718,1,6,2305260008,수원 시청역 하루
e_e000718,2,1,2305270001,한동석 할머니 순두부
e_e000718,2,2,2305270002,행궁길갤러리
e_e000718,2,3,2305270003,평지다
e_e000718,2,4,2305270004,가미 가락국수
e_e000718,2,5,2305270005,엔제리너스 L7 홍대점
e_e000718,2,6,2305270006,집
e_e000733,1,1,2305200001,집
e_e000733,1,2,2305200003,아난티 코드
e_e000733,1,3,2305200004,한솥도시락 가평점
e_e000733,1,4,2305200005,자연과 별 가평 천문대
e_e000733,2,1,2305210001,롯데월드타워
e_e000733,2,2,2305210002,집
e_e000737,1,1,2305200001,집
e_e000737,1,2,2305200002,경인아라뱃길
e_e000737,1,3,2305200004,은행마을 태산 아파트
e_e000737,1,4,2305200003,계양 꽃마루
e_e000737,1,5,2305200006,토오루 과자점 작전점
e_e000737,1,6,2305200005,은행마을 태산 아파트
e_e000737,2,1,2305210001,계양산
e_e000737,2,2,2305210002,소야 돈 효성점
e_e000737,2,3,2305210004,은행마을 태산 아파트
e_e000737,2,4,2305210003,집
e_e000743,1,1,2305230001,집
e_e000743,1,2,2305230003,LX 지인스퀘어 신세계 타임스퀘어점
e_e000743,1,3,2305230004,이마트 24 한강 여의도 4호점
e_e000743,1,4,2305230005,37 그릴 바
e_e000743,1,5,2305230002,집
e_e000745,1,1,2305270001,집
e_e000745,1,2,2305270002,국립 농업박물관
e_e000745,1,3,2305270003,집
e_e000746,1,1,2305200001,집
e_e000746,1,2,2305200002,렛츠 런 파크 서울
e_e000746,1,3,2305200004,여의도 물빛광장
e_e000746,1,4,2305200003,집
e_e000747,1,1,2305200001,집
e_e000747,1,2,2305200002,박성광 해물 손칼국수 진접점
e_e000747,1,3,2305200003,가평군 농협 하나로마트 조종적
e_e000747,1,4,2305200004,해목 글램핑
e_e000747,2,1,2305210001,현등사
e_e000747,2,2,2305210002,할머니 손두부
e_e000747,2,3,2305210003,집
e_e000748,1,1,2305200001,집
e_e000748,1,2,2305200002,외계인 친구 폴
e_e000748,1,3,2305200003,농담
e_e000748,1,4,2305200004,PVCS
e_e000748,1,5,2305200005,마일스톤(pvcs 내)
e_e000748,1,6,2305200006,집
e_e000749,1,1,2305210001,집
e_e000749,1,2,2305210003,팔숲
e_e000749,1,3,2305210004,아르페지오
e_e000749,1,4,2305210002,집
e_e000753,1,1,2306040001,집
e_e000753,1,2,2306040002,아토 키즈 풀빌라
e_e000753,1,3,2306040003,아토 키즈 풀빌라
e_e000753,1,4,2306040004,아토 키즈 풀빌라
e_e000753,1,5,2306040005,아토 키즈 풀빌라
e_e000753,2,1,2306050001,남이섬 가평 선착장
e_e000753,2,2,2306050002,남이섬
e_e000753,2,3,2306050003,남문
e_e000753,2,4,2306050005,남이섬 가평 선착장
e_e000753,2,5,2306050004,남이섬
e_e000753,2,6,2306050006,집
e_e000760,1,1,2305200001,집
e_e000760,1,2,2305200002,여주 자전거 여행
e_e000760,1,3,2305200003,마약 밥상
e_e000760,1,4,2305200004,로프
e_e000760,1,5,2305200005,신세계 프리미엄 아울렛 여주
e_e000760,1,6,2305200006,집
e_e000761,1,1,2306030001,집
e_e000761,1,2,2306030002,두물머리
e_e000761,1,3,2306030003,수수 카페
e_e000761,1,4,2306030004,집
e_e000765,1,1,2305210001,집
e_e000765,1,2,2305210002,서해랑 제부도 해상 케이블카 제부정류장
e_e000765,1,3,2305210004,제암리 3.1운동 순국 유적지
e_e000765,1,4,2305210003,서해랑 제부도 해상 케이블카 전곡 정류장
e_e000765,1,5,2305210005,쌍봉산
e_e000765,1,6,2305210006,라벤더 온천 모텔
e_e000765,1,7,2305210007,라벤더 온천 모텔
e_e000765,2,1,2305220001,집
e_e000767,1,1,2305270001,집
e_e000767,1,2,2305270003,수종사
e_e000767,1,3,2305270004,운길산
e_e000767,1,4,2305270005,팔당 자연애
e_e000767,1,5,2305270006,현대 프리미엄 아울렛 스페이스 원
e_e000767,1,6,2305270002,친척 집
e_e000767,2,1,2305280002,만둣집
e_e000767,2,2,2305280003,스타필드 하남
e_e000767,2,3,2305280001,집
e_e000768,1,1,2306060001,집
e_e000768,1,2,2306060003,뒤 해방
e_e000768,1,3,2306060002,집
e_e000769,1,1,2305200001,친구 친지 집
e_e000769,1,2,2305200002,캐리비안베이
e_e000769,1,3,2305200003,유운 커피
e_e000769,1,4,2305200004,시범다은마을 동탄 포스코 더 숍 아파트
e_e000771,1,1,2306020001,집
e_e000771,1,2,2306020003,시래 마루
e_e000771,1,3,2306020002,곤지암리조트 West 빌리지
e_e000771,2,1,2306030001,화담숲
e_e000771,2,2,2306030003,선녀와 나무꾼
e_e000771,2,3,2306030004,베네치아 Ks 커피
e_e000771,2,4,2306030002,집
e_e000774,1,1,2305280001,집
e_e000774,1,2,2305280004,가평 김밥
e_e000774,1,3,2305280002,자라섬
e_e000774,1,4,2305280003,르봉뺑
e_e000774,1,5,2305280006,가평 김밥
e_e000774,1,6,2305280005,더블 스테이 쁘띠로 키즈 풀빌라
e_e000774,2,1,2305290002,카페의 공이 공
e_e000774,2,2,2305290001,집
e_e000776,1,1,2305270002,집
e_e000776,1,2,2305270001,강화 손칼국수
e_e000776,1,3,2305270003,도레도레 강화점
e_e000776,1,4,2305270005,현대 프리미엄 아울렛 김포점
e_e000776,1,5,2305270004,집
e_e000779,1,1,2305250001,집
e_e000779,1,2,2305250002,최순우 옛집
e_e000779,1,3,2305250003,길상사
e_e000779,1,4,2305250004,성북동 빵 공장
e_e000779,1,5,2305250006,성북구립미술관
e_e000779,1,6,2305250005,만해 한용운 심우장
e_e000779,1,7,2305250007,구포국수
e_e000779,1,8,2305250008,집
e_e000782,1,1,2305270001,집
e_e000782,1,2,2305270002,강변 테크노마트
e_e000782,1,3,2305270003,롯데백화점 건대 스타시티점
e_e000782,1,4,2305270004,CGV 강변
e_e000782,1,5,2305270005,집
e_e000785,1,1,2305200001,집
e_e000785,1,2,2305200002,지평농협 하나로마트 본점
e_e000785,1,3,2305200003,미리내힐빙클럽찜질방
e_e000785,1,4,2305200004,용문역 경의중앙선
e_e000785,1,5,2305200005,우리 한우
e_e000785,1,6,2305200006,미리내리조트 힐 빅클럽
e_e000785,2,1,2305210002,미리내힐빙클럽찜질방
e_e000785,2,2,2305210003,두물머리
e_e000785,2,3,2305210004,원조 닭 한 마리
e_e000785,2,4,2305210005,가족 집
e_e000785,2,5,2305210006,가족 집
e_e000785,2,6,2305210001,집
e_e000787,1,1,2305210001,집
e_e000787,1,2,2305210003,시화 나래 휴게소
e_e000787,1,3,2305210004,목섬(항도)
e_e000787,1,4,2305210005,뻘 다방
e_e000787,1,5,2305210006,트리플 스트리트
e_e000787,1,6,2305210007,송도센트럴파크
e_e000787,1,7,2305210002,집
e_e000789,1,1,2305200001,집
e_e000789,1,2,2305200002,솥 고집 파주 야당점
e_e000789,1,3,2305200003,보드 스테이지
e_e000789,1,4,2305200004,파크뷰 테라스 호텔
e_e000789,2,1,2305210001,운정 호수 공원
e_e000789,2,2,2305210002,롯데 프리미엄 아울렛 파주점
e_e000789,2,3,2305210003,파주 프리미엄 아울렛
e_e000789,2,4,2305210004,집
e_e000791,1,1,2305200001,사무실
e_e000791,1,2,2305200002,친구 집
e_e000791,1,3,2305200003,트리코
e_e000791,1,4,2305200004,장안문
e_e000791,1,5,2305200005,행리단길
e_e000791,1,6,2305200006,매트 그린
e_e000791,1,7,2305200008,봉주르
e_e000791,1,8,2305200011,화성행궁
e_e000791,1,9,2305200010,광교역사 공원
e_e000791,1,10,2305200009,친구 집
e_e000791,1,11,2305200007,친구 집(숙박)
e_e000791,2,1,2305210002,친구 집(아침식사)
e_e000791,2,2,2305210001,루트로
e_e000791,2,3,2305210003,울랄라 피시방
e_e000791,2,4,2305210004,현대그린아파트
e_e000793,1,1,2305200001,집
e_e000793,1,2,2305200002,송내역 1호선
e_e000793,1,3,2305200003,신도림역 1호선
e_e000793,1,4,2305200004,현대백화점 디큐브시티점
e_e000793,1,5,2305200005,투썸플레이스 신도림 디큐브시티점
e_e000793,1,6,2305200006,안양천
e_e000793,1,7,2305200007,지인 집
e_e000793,1,8,2305200008,구로역 1호선
e_e000793,1,9,2305200009,송내역 1호선
e_e000793,1,10,2305200010,집
e_e000794,1,1,2305250001,집
e_e000794,1,2,2305250003,광주송정역
e_e000794,1,3,2305250002,숙소
e_e000794,2,1,2305260001,서울특별시 교육청 남산도서관
e_e000794,2,2,2305260002,남산공원
e_e000794,2,3,2305260003,진주회관
e_e000794,2,4,2305260005,덕수궁
e_e000794,2,5,2305260004,서울시립미술관 서소문 본관
e_e000794,2,6,2305260006,서울광장
e_e000794,2,7,2305260007,숙소
e_e000801,1,1,2305290001,집
e_e000801,1,2,2305290003,메가 MGC 커피 고양 삼송시티점
e_e000801,1,3,2305290004,스타필드 고양
e_e000801,1,4,2305290002,집
e_e000802,1,1,2305290001,집
e_e000802,1,2,2305290003,현대 프리미엄 아울렛 송도점
e_e000802,1,3,2305290004,송도센트럴파크
e_e000802,1,4,2305290002,집
e_e000803,1,1,2305210001,집
e_e000803,1,2,2305210003,광명동굴
e_e000803,1,3,2305210004,광명 업사이클 아트센터
e_e000803,1,4,2305210005,로도스 피자
e_e000803,1,5,2305210006,광명 에디슨 뮤지엄
e_e000803,1,6,2305210002,집
e_e000805,1,1,2305200001,집
e_e000805,1,2,2305200003,친지 집
e_e000805,1,3,2305200004,철도박물관
e_e000805,1,4,2305200005,둥근상 시골집
e_e000805,1,5,2305200006,친지 집
e_e000805,1,6,2305200007,산본 로데오거리
e_e000805,1,7,2305200008,설빙 군포 산본점
e_e000805,1,8,2305200009,산본 중앙공원
e_e000805,1,9,2305200002,수리사로 4
e_e000805,2,1,2305210001,포시즌 힐링 팜
e_e000805,2,2,2305210002,시앙 차이나
e_e000805,2,3,2305210003,집
e_e000807,1,1,2305200001,집
e_e000807,1,2,2305200002,울산역
e_e000807,1,3,2305200003,광명역
e_e000807,1,4,2305200004,카이센동136
e_e000807,1,5,2305200005,프롬 헤레스 도산점
e_e000807,1,6,2305200006,위글위글 도산 플래그십 스토어
e_e000807,1,7,2305200007,콩카세
e_e000807,1,8,2305200008,서울숲
e_e000807,1,9,2305200010,누데이크 성수점
e_e000807,1,10,2305200012,친구 집
e_e000807,1,11,2305200011,젤라또 투 유
e_e000807,1,12,2305200013,그믐 족발 성수점
e_e000807,1,13,2305200009,친구 집
e_e000807,2,1,2305210012,성수 연방
e_e000807,2,2,2305210001,오드 성수 1호점
e_e000807,2,3,2305210002,메이플탑 팬케이크 클럽
e_e000807,2,4,2305210003,TNH Lab
e_e000807,2,5,2305210005,할아버지 공장
e_e000807,2,6,2305210004,LCDC 서울
e_e000807,2,7,2305210006,포인트오브뷰
e_e000807,2,8,2305210007,소브티하우스
e_e000807,2,9,2305210008,성수역 2호선
e_e000807,2,10,2305210010,서울역
e_e000807,2,11,2305210011,울산역
e_e000807,2,12,2305210009,집
e_e000810,1,1,2305200001,집
e_e000810,1,2,2305200002,서대구역
e_e000810,1,3,2305200003,더 세인트 웨딩
e_e000810,1,4,2305200004,더 현대 서울
e_e000810,1,5,2305200005,스타벅스 경동 196점
e_e000810,1,6,2305200006,탭샵바 동대문 두타점
e_e000810,1,7,2305200007,소담빌
e_e000810,2,1,2305210001,리움미술관
e_e000810,2,2,2305210002,뒤 해방
e_e000810,2,3,2305210003,포컬 포인트
e_e000810,2,4,2305210004,브릭 샌드 서울역점
e_e000810,2,5,2305210005,집
e_e000811,1,1,2305200001,집
e_e000811,1,2,2305200002,구로역 1호선
e_e000811,1,3,2305200003,송내역 남광장
e_e000811,1,4,2305200005,집 근처 소공원
e_e000811,1,5,2305200004,부모님 집
e_e000811,1,6,2305200006,버거킹 송내역점
e_e000811,1,7,2305200007,부모님 집
e_e000811,2,1,2305210001,부천백만 송이 장미축제
e_e000811,2,2,2305210002,아띠오아나폴리핏제리아
e_e000811,2,3,2305210003,부천 호수 식물원 수피아
e_e000811,2,4,2305210004,상동호수 공원
e_e000811,2,5,2305210005,부모님 집
e_e000811,2,6,2305210006,샤브향 부천 송내점
e_e000811,2,7,2305210007,집
e_e000812,1,1,2305200001,집
e_e000812,1,2,2305200002,본가신숙희진골막국수
e_e000812,1,3,2305200003,남이섬 가평 선착장
e_e000812,1,4,2305200004,남이섬
e_e000812,1,5,2305200005,통나무집
e_e000812,1,6,2305200006,경기도 교직원 가평 서덕원
e_e000812,2,1,2305210001,가평 가보자 순대 국밥
e_e000812,2,2,2305210002,가평군 어린이 음악 놀이터
e_e000812,2,3,2305210003,생생 돈가스 가평점
e_e000812,2,4,2305210004,가평 뮤직 빌리지 음악 역 1939
e_e000812,2,5,2305210005,가평 레일파크
e_e000812,2,6,2305210006,유일 닭강정
e_e000812,2,7,2305210007,집
e_e000817,1,1,2305270001,집
e_e000817,1,2,2305270002,마장호수
e_e000817,1,3,2305270003,출렁다리 쌈밥 마장호수 본점
e_e000817,1,4,2305270004,평화누리 캠핑장
e_e000817,2,1,2305280001,문지리 535
e_e000817,2,2,2305280002,집
e_e000818,1,1,2305310001,집
e_e000818,1,2,2305310003,롯데마트 덕소점
e_e000818,1,3,2305310002,무아레 도그 라운드
e_e000818,2,1,2306010002,은행나무
e_e000818,2,2,2306010003,소풍
e_e000818,2,3,2306010004,도야 족발 길동점
e_e000818,2,4,2306010001,집
e_e000830,1,1,2306030001,집
e_e000830,1,2,2306030003,서울대공원
e_e000830,1,3,2306030004,만나 카페
e_e000830,1,4,2306030005,오형제 손짜장 다산신도시점
e_e000830,1,5,2306030002,집
e_e000831,1,1,2305280001,집
e_e000831,1,2,2305280003,벅스리움
e_e000831,1,3,2305280004,더 파인드 피터
e_e000831,1,4,2305280005,시흥 오이도 박물관
e_e000831,1,5,2305280002,집
e_e000838,1,1,2305270001,집
e_e000838,1,2,2305270002,광명동굴
e_e000838,1,3,2305270003,이케아 광명점
e_e000838,1,4,2305270004,집
e_e000840,1,1,2305270001,집
e_e000840,1,2,2305270003,이마트 별내점
e_e000840,1,3,2305270002,공감 키즈 펜션
e_e000840,2,1,2305280002,크래머리 브루어리
e_e000840,2,2,2305280003,카페 19
e_e000840,2,3,2305280001,집
e_e000841,1,1,2305210001,집
e_e000841,1,2,2305210003,장안문
e_e000841,1,3,2305210005,스카이 이용원
e_e000841,1,4,2305210004,꿈 안
e_e000841,1,5,2305210006,한옥기술 전시관
e_e000841,1,6,2305210007,방화수류정
e_e000841,1,7,2305210008,호텔도노
e_e000841,1,8,2305210009,조마담 칼국수
e_e000841,1,9,2305210010,팔달문시장
e_e000841,1,10,2305210002,호텔도노
e_e000841,2,1,2305220002,수라간
e_e000841,2,2,2305220003,행궁 빙수
e_e000841,2,3,2305220004,화성행궁
e_e000841,2,4,2305220005,테이스팅 뮤지엄
e_e000841,2,5,2305220001,집
e_e000843,1,1,2305290001,집
e_e000843,1,2,2305290003,축령산 자연휴양림
e_e000843,1,3,2305290004,옛날 밥상
e_e000843,1,4,2305290002,집
e_e000844,1,1,2305270001,집
e_e000844,1,2,2305270003,롯데월드
e_e000844,1,3,2305270004,소피텔 앰배서더 서울
e_e000844,1,4,2305270005,금수복국 잠실 소피텔점
e_e000844,1,5,2305270006,마릴린 와인 365 잠실점
e_e000844,1,6,2305270002,소피텔 앰배서더 서울
e_e000844,2,1,2305280002,롯데백화점 잠실점
e_e000844,2,2,2305280003,금수복국 잠실 소피텔점
e_e000844,2,3,2305280004,스타벅스 송파 KT 점
e_e000844,2,4,2305280001,집
e_e000849,1,1,2305210001,집
e_e000849,1,2,2305210003,멜랑 키친
e_e000849,1,3,2305210004,카페오키데이
e_e000849,1,4,2305210005,킨텍스 제2전시장
e_e000849,1,5,2305210006,차우더
e_e000849,1,6,2305210002,집
e_e000850,1,1,2306030001,집
e_e000850,1,2,2306030002,수원 화성 박물관
e_e000850,1,3,2306030003,용성통닭 본점
e_e000850,1,4,2306030004,루파즈 블랑제리
e_e000850,1,5,2306030005,팔달공원
e_e000850,1,6,2306030006,정지영커피로스터즈 장안문점
e_e000850,1,7,2306030007,화성행궁
e_e000850,1,8,2306030008,집
e_e000852,1,1,2305200001,사무실
e_e000852,1,2,2305200002,빌라들아모르 이천 큐피드 홀
e_e000852,1,3,2305200003,시몬스 테라스점
e_e000852,1,4,2305200004,논 스페이스
e_e000852,1,5,2305200005,롯데 프리미엄 아울렛 이천점
e_e000852,1,6,2305200006,안양
e_e000853,1,1,2305270001,집
e_e000853,1,2,2305270003,덕평 공룡 수목원
e_e000853,1,3,2305270002,집
e_e000854,1,1,2305270001,집
e_e000854,1,2,2305270002,신기시장
e_e000854,1,3,2305270003,용화선원
e_e000854,1,4,2305270005,마라 공방 인천 도화점
e_e000854,1,5,2305270004,정씨 함박
e_e000854,1,6,2305270006,집
e_e000865,1,1,2305250001,집
e_e000865,1,2,2305250002,오션 솔레 뷰 호텔
e_e000865,1,3,2305250003,에비뉴 광장
e_e000865,1,4,2305250004,오션 솔레 뷰 호텔
e_e000865,2,1,2305260002,97도씨 해물칼국수 영종 본점
e_e000865,2,2,2305260003,평상인 제빵소
e_e000865,2,3,2305260001,노량진역 9호선
e_e000872,1,1,2306030001,집
e_e000872,1,2,2306030002,칼봉산 자연휴양림
e_e000872,1,3,2306030003,칼봉산 자연휴양림
e_e000872,2,1,2306040001,집
e_e000875,1,1,2306100001,집
e_e000875,1,2,2306100002,부산종합버스터미널
e_e000875,1,3,2306100004,낙동강 구미 휴게소 상주방향
e_e000875,1,4,2306100005,서울고속버스터미널(경부)
e_e000875,1,5,2306100006,신세계백화점 강남점 푸드홀
e_e000875,1,6,2306100007,극장 PLOT
e_e000875,1,7,2306100008,서울역
e_e000875,1,8,2306100009,구포역
e_e000875,1,9,2306100003,집
e_e000880,1,1,2305290001,집
e_e000880,1,2,2305290002,파라다이스 시티
e_e000880,2,1,2305300002,덕교 반점
e_e000880,2,2,2305300001,집
e_e000882,1,1,2305230001,집
e_e000882,1,2,2305230002,스트롱 짐 남양 7호점
e_e000882,1,3,2305230003,이마트 24 화성 시청점
e_e000882,1,4,2305230004,성공 스터디 카페 화성 시청점
e_e000882,1,5,2305230005,델리 백 서초점
e_e000882,1,6,2305230006,아펜즈커피 서초교대역점
e_e000882,1,7,2305230007,CU 남양 뉴타운 점
e_e000882,1,8,2305230008,집
e_e000883,1,1,2306010001,집
e_e000883,1,2,2306010002,구포역
e_e000883,1,3,2306010003,서울역
e_e000883,1,4,2306010005,삼성역 2호선
e_e000883,1,5,2306010004,한양 4차 아파트
e_e000883,1,6,2306010006,청담역 7호선
e_e000883,1,7,2306010007,코엑스
e_e000883,1,8,2306010009,토요코인 호텔 서울 강남점
e_e000883,2,1,2306020001,롯데백화점 강남점
e_e000883,2,2,2306020002,양재천
e_e000883,2,3,2306020003,현대백화점 무역센터점
e_e000883,2,4,2306020004,카멜 커피 현대백화점 무역센터점
e_e000883,2,5,2306020005,롯데월드
e_e000883,2,6,2306020006,서울역
e_e000883,2,7,2306020007,집
e_e000886,1,1,2306060001,집
e_e000886,1,2,2306060002,물향기 수목원
e_e000886,1,3,2306060003,숲
e_e000886,1,4,2306060004,홈플러스 오산점 (주)이성당이소 레드페이스 오산점
e_e000886,1,5,2306060005,집
e_e000889,1,1,2306030001,집
e_e000889,1,2,2306030003,방화수류정
e_e000889,1,3,2306030004,올라올래
e_e000889,1,4,2306030005,두메산골
e_e000889,1,5,2306030006,아대 닭발
e_e000889,1,6,2306030002,집
e_e000906,1,1,2306050001,집
e_e000906,1,2,2306050002,강화도 외포항 젓갈수산시장
e_e000906,1,3,2306050003,장화리 낙조마을
e_e000906,1,4,2306050004,바다로 글램핑
e_e000906,2,1,2306060001,도레도레 강화점
e_e000906,2,2,2306060002,현대 프리미엄 아울렛 김포점
e_e000906,2,3,2306060003,집
e_e000910,1,1,2305260001,집
e_e000910,1,2,2305260010,의정부 시청역 의정부 경전철
e_e000910,1,3,2305260003,사패산
e_e000910,1,4,2305260004,의정부 시청
e_e000910,1,5,2305260005,롱 베케이션
e_e000910,1,6,2305260006,동아 빌라
e_e000910,1,7,2305260007,섹시한 떡볶이 꼬마김밥 의정부점
e_e000910,1,8,2305260008,신세계백화점 의정부점
e_e000910,1,9,2305260009,스타벅스 의정부공원점
e_e000910,1,10,2305260002,동아 빌라
e_e000910,2,1,2305270001,집
e_e000914,1,1,2306030001,집
e_e000914,1,2,2306030002,SETEC
e_e000914,1,3,2306030003,뱅뱅 막국수 역삼 본점
e_e000914,1,4,2306030004,트래고그
e_e000914,1,5,2306030006,센트럴시티터미널(호남)
e_e000914,1,6,2306030005,집
e_e000917,1,1,2305280001,집
e_e000917,1,2,2305280002,파로스 관광호텔
e_e000917,1,3,2305280003,영카츠 잠실 학원 사거리점
e_e000917,1,4,2305280004,롯데월드타워 롯데월드몰
e_e000917,1,5,2305280005,파로스 관광호텔
e_e000917,1,6,2305280006,노량진 수산물 도매시장
e_e000917,1,7,2305280007,파로스 관광호텔
e_e000917,2,1,2305290001,새마을식당 잠실 신천점
e_e000917,2,2,2305290002,코엑스
e_e000917,2,3,2305290003,현대백화점 무역센터점
e_e000917,2,4,2305290004,잠실한강공원
e_e000917,2,5,2305290005,남산공원 N서울타워
e_e000917,2,6,2305290006,집
e_e000919,1,1,2305240001,집
e_e000919,1,2,2305240003,자유로 쌈밥
e_e000919,1,3,2305240004,백학 자유로 리조트
e_e000919,1,4,2305240005,음사로이무시
e_e000919,1,5,2305240002,집
e_e000919,2,1,2305250001,집
e_e000930,1,1,2305250001,사무실
e_e000930,1,2,2305250010,판교역 신분당선
e_e000930,1,3,2305250011,사당역 2호선
e_e000930,1,4,2305250002,태양 커피 사당점
e_e000930,1,5,2305250003,포이에 마 네일
e_e000930,1,6,2305250012,사당역 4호선
e_e000930,1,7,2305250013,을지로 4가 역 2호선
e_e000930,1,8,2305250004,BC카드 본사
e_e000930,1,9,2305250005,어반 스테이 부티크 익선
e_e000930,1,10,2305250006,솔 솥 익선점
e_e000930,1,11,2305250007,청계천
e_e000930,1,12,2305250008,텅
e_e000930,1,13,2305250009,어반 스테이 부티크 익선
e_e000930,2,1,2305260001,런던 베이글 뮤지엄 안국점
e_e000930,2,2,2305260002,열린 송현 녹지 광장
e_e000930,2,3,2305260003,와이엔
e_e000930,2,4,2305260005,종로3가역 3호선
e_e000930,2,5,2305260006,판교역 신분당선
e_e000930,2,6,2305260004,판교 테크원 타워
e_e000932,1,1,2306030001,집
e_e000932,1,2,2306030003,알천 비빔국수
e_e000932,1,3,2306030004,카페퍼르
e_e000932,1,4,2306030005,산정호수 둘레길
e_e000932,1,5,2306030006,한탄강 하늘다리
e_e000932,1,6,2306030007,목향원
e_e000932,1,7,2306030002,집
e_e000936,1,1,2306010001,집
e_e000936,1,2,2306010003,송도센트럴파크
e_e000936,1,3,2306010004,올라 카이 송도파크호텔
e_e000936,1,4,2306010005,영삼이네 우정 소갈비 송도 본점
e_e000936,1,5,2306010006,카페와 안
e_e000936,1,6,2306010007,샤롯데 당구클럽
e_e000936,1,7,2306010008,송도센트럴파크
e_e000936,1,8,2306010002,올라 카이 송도파크호텔
e_e000936,2,1,2306020001,밥 장인 돼지찌개 송도 더 테라스점
e_e000936,2,2,2306020002,목동역 5호선
e_e000938,1,1,2305280001,집
e_e000938,1,2,2305280002,농협안성팜랜드
e_e000938,1,3,2305280003,농협안성팜랜드
e_e000938,1,4,2305280004,집
e_e000942,1,1,2306030001,집
e_e000942,1,2,2306030002,플러스마트
e_e000942,1,3,2306030003,밀밭 식당
e_e000942,1,4,2306030004,임진각 관광지 바람의 언덕
e_e000942,1,5,2306030006,평화누리 체험장
e_e000942,2,1,2306040001,가드너스
e_e000942,2,2,2306040002,집
e_e000944,1,1,2305270001,집
e_e000944,1,2,2305270003,메리 빌리아
e_e000944,1,3,2305270004,플레이 아쿠아리움 부천
e_e000944,1,4,2305270005,스타벅스 부천 플레이도시점
e_e000944,1,5,2305270006,카페 아지트
e_e000944,1,6,2305270002,로열 타워(에어비앤비 숙소)
e_e000944,2,1,2305280002,부천백만 송이 장미원
e_e000944,2,2,2305280003,상동호수 공원
e_e000944,2,3,2305280004,메라 빌리아
e_e000944,2,4,2305280005,라플 로리로
e_e000944,2,5,2305280001,집
e_e000947,1,1,2306070001,집
e_e000947,1,2,2306070003,이동 부산 갈비
e_e000947,1,3,2306070004,비둘기낭폭포
e_e000947,1,4,2306070005,한탄강 하늘다리
e_e000947,1,5,2306070006,담화 내
e_e000947,1,6,2306070007,산정호수
e_e000947,1,7,2306070008,벚굴 도토리 막국수
e_e000947,1,8,2306070002,한화리조트 산정호수안시
e_e000947,2,1,2306080002,국립수목원
e_e000947,2,2,2306080003,효담 곤드레 산채밥상
e_e000947,2,3,2306080001,집
e_e000949,1,1,2305290001,집
e_e000949,1,2,2305290003,스타필드 코엑스몰
e_e000949,1,3,2305290004,코엑스 아쿠아리움
e_e000949,1,4,2305290002,집
e_e000950,1,1,2306030001,집
e_e000950,1,2,2306030002,개울가 오토캠핑장
e_e000950,2,1,2306040001,옥천면옥
e_e000950,2,2,2306040002,두물머리
e_e000950,2,3,2306040003,집
e_e000955,1,1,2305270001,집
e_e000955,1,2,2305270002,서울숲 포도 피자
e_e000955,1,3,2305270003,테니스 오븐
e_e000955,1,4,2305270004,CGV 왕십리
e_e000955,1,5,2305270005,더풋샵 왕십리 민자 역사점
e_e000955,1,6,2305270006,나노하나
e_e000955,1,7,2305270007,템플 스트라이크
e_e000955,1,8,2305270008,집
e_e000956,1,1,2305240001,집
e_e000956,1,2,2305240003,AVO
e_e000956,1,3,2305240004,소마미술관
e_e000956,1,4,2305240005,젤라띠젤라띠 송파구청점
e_e000956,1,5,2305240006,뮤지엄 29
e_e000956,1,6,2305240002,집
e_e000962,1,1,2306030001,집
e_e000962,1,2,2306030003,롯데몰 김포공항점
e_e000962,1,3,2306030002,집
e_e000963,1,1,2305270001,집
e_e000963,1,2,2305270003,소래포구 종합어시장
e_e000963,1,3,2305270004,엄지 척 까투리 할미 손칼국수
e_e000963,1,4,2305270005,코리아 레포츠
e_e000963,1,5,2305270007,대부도 펜션 시티
e_e000963,2,1,2305280001,집
e_e000966,1,1,2306090001,집
e_e000966,1,2,2306090002,송이현의 파주 국물 없는 가락국수
e_e000966,1,3,2306090003,프로방스 마을
e_e000966,1,4,2306090004,헤이리 예술마을
e_e000966,1,5,2306090005,아다마스 253
e_e000966,1,6,2306090006,류재은 베이커리 헤이리 아트밸리점
e_e000966,1,7,2306090007,집
e_e000969,1,1,2305280001,집
e_e000969,1,2,2305280003,회암사지
e_e000969,1,3,2305280004,회암사지 박물관
e_e000969,1,4,2305280005,다 올 자리 양푼에 갈비 덕정 직영점
e_e000969,1,5,2305280006,리벨류커피
e_e000969,1,6,2305280002,집
e_e000973,1,1,2306050001,집
e_e000973,1,2,2306050003,채원 한정식
e_e000973,1,3,2306050004,아침고요 수목원
e_e000973,1,4,2306050005,동화 카라반 캠핑장
e_e000973,1,5,2306050006,자라섬 꽃 테마공원
e_e000973,1,6,2306050002,동화 카라반 캠핑장
e_e000973,2,1,2306060002,메인 22
e_e000973,2,2,2306060001,집
e_e000976,1,1,2305310001,집
e_e000976,1,2,2305310003,젠트리
e_e000976,1,3,2305310005,아이테코
e_e000976,1,4,2305310004,가천 대역 환승정류장
e_e000976,1,5,2305310006,수원 프리미엄 아울렛
e_e000976,1,6,2305310007,다래 식당
e_e000976,1,7,2305310008,유치 회관
e_e000976,1,8,2305310009,사회적 협동조합 사람과 세상
e_e000976,1,9,2305310010,1프로 PC 아레나 영통
e_e000976,1,10,2305310011,홈플러스 영통점
e_e000976,1,11,2305310013,영통 상가거리
e_e000976,1,12,2305310012,깡 가락국수
e_e000976,1,13,2305310014,롯데월드타워 롯데월드몰
e_e000976,1,14,2305310015,젠트리
e_e000976,1,15,2305310002,집
e_e000978,1,1,2306060001,친구 친지 집
e_e000978,1,2,2306060002,물향기 수목원
e_e000978,1,3,2306060003,고인돌공원
e_e000978,1,4,2306060004,데렉 11
e_e000978,1,5,2306060005,서동탄역파크자이1차아파트
e_e000983,1,1,2306100001,집
e_e000983,1,2,2306100003,국립현대미술관 과천관
e_e000983,1,3,2306100004,서울대공원 어린이 동물원
e_e000983,1,4,2306100005,렛츠 런 파크 서울
e_e000983,1,5,2306100002,집
e_e000984,1,1,2306030001,집
e_e000984,1,2,2306030002,강계 봉진 막국수
e_e000984,1,3,2306030003,카페 여주
e_e000984,1,4,2306030004,신세계 프리미엄 아울렛 여주
e_e000984,1,5,2306030005,홀츠 가르텐
e_e000984,1,6,2306030006,집
e_e000986,1,1,2305240001,집
e_e000986,1,2,2305240003,롯데몰 수원점
e_e000986,1,3,2305240004,롯데백화점 수원점
e_e000986,1,4,2305240005,북스리브로 수원점
e_e000986,1,5,2305240006,스타벅스 수원역 AK R 점
e_e000986,1,6,2305240002,집
e_e000987,1,1,2305280001,집
e_e000987,1,2,2305280002,본가 만두전골 전문점
e_e000987,1,3,2305280003,시흥 프리미엄 아울렛
e_e000987,1,4,2305280004,청연
e_e000987,1,5,2305280006,오이도
e_e000987,1,6,2305280005,조개 포차
e_e000987,1,7,2305280007,집
e_e000992,1,1,2305270001,집
e_e000992,1,2,2305270002,한국만화 박물관
e_e000992,1,3,2305270003,삼도 갈비
e_e000992,1,4,2305270004,집
e_e000994,1,1,2306090001,사무실
e_e000994,1,2,2306090002,크리스 월드
e_e000994,2,1,2306100001,크리스 월드 수상 레저
e_e000994,2,2,2306100002,크리스 월드 수영장
e_e000994,2,3,2306100003,크리스 월드 바비큐장
e_e000994,2,4,2306100004,청울림아파트
e_e000996,1,1,2306010001,집
e_e000996,1,2,2306010002,오두산 통일전망대
e_e000996,1,3,2306010003,헤이리 예술마을
e_e000996,1,4,2306010004,국립민속박물관 파주
e_e000996,1,5,2306010005,집
e_e000997,1,1,2305280001,집
e_e000997,1,2,2305280002,이포보 오토캠핑장
e_e000997,2,1,2305290001,롯데 프리미엄 아울렛 이천점
e_e000997,2,2,2305290002,장호 잘라 집
e_e000997,2,3,2305290003,공차 롯데 아울렛 이천점
e_e000997,2,4,2305290004,집
e_e000998,1,1,2305260001,집
e_e000998,1,2,2305260002,새 연가라 반리조트 가평 현리 1호점
e_e000998,2,1,2305270001,조약돌 숯불닭갈비
e_e000998,2,2,2305270002,춘천 꿈 자람 어린이공원
e_e000998,2,3,2305270003,집
e_e001009,1,1,2305240001,집
e_e001009,1,2,2305240002,유스퀘어 광주종합버스터미널
e_e001009,1,3,2305240003,센트럴시티터미널(호남)
e_e001009,1,4,2305240004,고메램 교대점
e_e001009,1,5,2305240005,아가 서초점
e_e001009,1,6,2305240006,아이파크몰 용산점
e_e001009,1,7,2305240007,티어스 명동
e_e001009,1,8,2305240008,경희대학교 서울캠퍼스 평화의 전당
e_e001009,1,9,2305240009,GS25 중구 퇴계점
e_e001009,1,10,2305240010,티어스 명동
e_e001009,2,1,2305250001,PPS
e_e001009,2,2,2305250002,송오브송즈로스터스
e_e001009,2,3,2305250003,시장
e_e001009,2,4,2305250004,먼치스앤구디스
e_e001009,2,5,2305250005,에르제 성수
e_e001009,2,6,2305250006,센트럴시티터미널(호남)
e_e001009,2,7,2305250007,유스퀘어 광주종합버스터미널
e_e001009,2,8,2305250008,집
e_e001012,1,1,2305270001,집
e_e001012,1,2,2305270003,케이팝 코인 노래연습장 웨스턴돔점
e_e001012,1,3,2305270004,포폴로 피자 PIZZERIA DEL POPOLO
e_e001012,1,4,2305270005,223 밀크 치즈 페스티벌
e_e001012,1,5,2305270006,일산 호수공원
e_e001012,1,6,2305270007,올댓 커피 본점
e_e001012,1,7,2305270002,집
e_e001013,1,1,2305280001,집
e_e001013,1,2,2305280002,마장호수 제6주차장
e_e001013,1,3,2305280003,양주 마장호수 둘레길
e_e001013,1,4,2305280004,마장호수 출렁다리
e_e001013,1,5,2305280005,로키
e_e001013,1,6,2305280006,집
e_e001014,1,1,2305260001,집
e_e001014,1,2,2305260004,청하가 든 막국수
e_e001014,1,3,2305260003,카페 19
e_e001014,1,4,2305260002,더 플래츠 글램핑
e_e001014,2,1,2305270002,항아리 손칼국수
e_e001014,2,2,2305270003,램프
e_e001014,2,3,2305270001,집
e_e001019,1,1,2305270001,집
e_e001019,1,2,2305270002,수원 화성 박물관
e_e001019,1,3,2305270003,화성행궁
e_e001019,1,4,2305270005,츄플러스
e_e001019,1,5,2305270004,24시 전주 명가 콩나물국밥
e_e001019,1,6,2305270006,집
e_e001023,1,1,2305290001,사무실
e_e001023,1,2,2305290002,다산 현대 아울렛
e_e001023,1,3,2305290003,텍사스 로드하우스 현대 프리미엄 아울렛 스페이스 원점
e_e001023,1,4,2305290004,현대 프리미엄 아울렛 스페이스 원
e_e001023,1,5,2305290005,와인 리스트 현대 프리미엄 아울렛 스페이스 원점
e_e001023,1,6,2305290006,집
e_e001025,1,1,2306040001,집
e_e001025,1,2,2306040002,무봉리 토종 순댓국 본점
e_e001025,1,3,2306040005,이마트 포천점
e_e001025,1,4,2306040004,고모저수지
e_e001025,1,5,2306040003,라뜰리에 빵 카페
e_e001025,1,6,2306040006,코지 11펜션
e_e001025,1,7,2306040007,고풍
e_e001025,1,8,2306040008,코지 11펜션
e_e001025,2,1,2306050001,홍두깨 국시 집
e_e001025,2,2,2306050002,허브아일랜드
e_e001025,2,3,2306050003,GS25 허브아일랜드점
e_e001025,2,4,2306050004,스타필드 하남
e_e001025,2,5,2306050005,집
e_e001026,1,1,2306040001,집
e_e001026,1,2,2306040002,해누리
e_e001026,1,3,2306040003,화담숲
e_e001026,1,4,2306040004,경안시장
e_e001026,1,5,2306040005,더 케이트 플러스 펜션
e_e001026,1,6,2306040006,곤지암 웅골
e_e001026,1,7,2306040007,더 케이트 플러스 펜션
e_e001026,2,1,2306050001,동동 국수 본점
e_e001026,2,2,2306050002,가디온
e_e001026,2,3,2306050003,집
e_e001030,1,1,2305270001,집
e_e001030,1,2,2305270002,뚜레쥬르 의정부 신곡 풍림점
e_e001030,1,3,2305270003,우성 2차 아파트
e_e001030,1,4,2305270004,무교동 낙지 이야기
e_e001030,1,5,2305270006,살롱 드 이 터널 저니
e_e001030,1,6,2305270005,아난티 코드
e_e001030,1,7,2305270007,아난티 코드 라포레
e_e001030,1,8,2305270008,아난티 코드
e_e001030,2,1,2305280001,아난티 코드 워터하우스
e_e001030,2,2,2305280002,설악 막국수 춘천 닭갈비
e_e001030,2,3,2305280003,우성 2차 아파트
e_e001030,2,4,2305280004,집
e_e001031,1,1,2306030001,집
e_e001031,1,2,2306030005,롯데마트 삼산점
e_e001031,1,3,2306030003,오두산 막국수 본점
e_e001031,1,4,2306030004,연리 희재
e_e001031,1,5,2306030002,썬 오브 글램 핑
e_e001031,2,1,2306040002,포천아트밸리
e_e001031,2,2,2306040003,가람 국숫집
e_e001031,2,3,2306040004,떼구루
e_e001031,2,4,2306040001,집
e_e001038,1,1,2306030001,집
e_e001038,1,2,2306030003,미사 경정공원
e_e001038,1,3,2306030004,집
e_e001040,1,1,2306100001,집
e_e001040,1,2,2306100002,도농 초등학교
e_e001040,1,3,2306100003,현대 프리미엄 아울렛 스페이스 원
e_e001040,1,4,2306100004,진미가
e_e001040,1,5,2306100005,CGV 다산
e_e001040,1,6,2306100006,진영 트윈타워 A동 주차장
e_e001040,1,7,2306100007,모 브랜드 구리 갈매점
e_e001040,1,8,2306100008,집
e_e001041,1,1,2306040001,집
e_e001041,1,2,2306040002,시래 마루
e_e001041,1,3,2306040003,곤지암리조트
e_e001041,1,4,2306040004,곤지암리조트 스키하우스
e_e001041,1,5,2306040005,곤지암리조트
e_e001041,1,6,2306040006,곤지암리조트
e_e001041,1,7,2306040007,곤지암리조트
e_e001041,1,8,2306040008,곤지암리조트
e_e001041,1,9,2306040009,곤지암리조트
e_e001041,2,1,2306050001,곤지암리조트
e_e001041,2,2,2306050002,화담숲 입구 오솔길
e_e001041,2,3,2306050003,GS25 곤지암리조트점
e_e001041,2,4,2306050004,곤지암리조트
e_e001041,2,5,2306050005,돼지 한 마리
e_e001041,2,6,2306050006,집
e_e001052,1,1,2305280001,집
e_e001052,1,2,2305280002,할머니의 레시피
e_e001052,1,3,2305280003,테니스 오븐
e_e001052,1,4,2305280004,집
e_e001055,1,1,2306050001,집
e_e001055,1,2,2306050002,종로 산악
e_e001055,1,3,2306050003,보리 회관 불고기
e_e001055,1,4,2306050004,행궁 빙수
e_e001055,1,5,2306050005,화성행궁
e_e001055,1,6,2306050006,CGV 동수원
e_e001055,1,7,2306050007,버거킹 수원 시청역점
e_e001055,1,8,2306050008,언더독 클라임
e_e001055,1,9,2306050009,나혜석거리
e_e001055,1,10,2306050010,집
e_e001056,1,1,2306030001,집
e_e001056,1,2,2306030002,이케아 고양점
e_e001056,1,3,2306030003,도래울 석탄공원
e_e001056,1,4,2306030004,집
e_e001057,1,1,2305290001,집
e_e001057,1,2,2305290002,천주교 서울 대교구 주교좌 명동 대성당
e_e001057,1,3,2305290003,명동거리
e_e001057,1,4,2305290004,광장시장
e_e001057,1,5,2305290005,집
e_e001059,1,1,2305300001,집
e_e001059,1,2,2305300002,한조카츠
e_e001059,1,3,2305300003,스타벅스 수원이 비스점
e_e001059,1,4,2305300004,이비스 앰배서더호텔 수원
e_e001059,1,5,2305300005,1059-3 Coffee House
e_e001059,1,6,2305300006,백암순대
e_e001059,1,7,2305300008,이비스 앰배서더호텔 수원
e_e001059,2,1,2305310001,효원공원 월화원
e_e001059,2,2,2305310002,집
e_e001061,1,1,2305260001,집
e_e001061,1,2,2305260002,316커피바
e_e001061,1,3,2305260003,양평 유수지 생태공원
e_e001061,1,4,2305260004,더 착한 커피 양평점
e_e001061,1,5,2305260005,우선
e_e001061,1,6,2305260006,IFC 몰
e_e001061,1,7,2305260007,집
e_e001063,1,1,2305270001,집
e_e001063,1,2,2305270003,신세계백화점 경기점
e_e001063,1,3,2305270004,콘 타이 신세계백화점 경기점
e_e001063,1,4,2305270005,엑스파크공원
e_e001063,1,5,2305270006,브릴랑
e_e001063,1,6,2305270008,신세계백화점 경기점
e_e001063,1,7,2305270007,탄천
e_e001063,1,8,2305270002,집
e_e001068,1,1,2305280001,사무실
e_e001068,1,2,2305280002,경기 시흥시 서울 대학로 15-23 배곧 해 솔중학교
e_e001068,1,3,2305280008,그곳에 가면 펜션
e_e001068,2,1,2305290001,3대째 할머니네 집
e_e001068,2,2,2305290002,동춘서커스 상설공연장
e_e001068,2,3,2305290003,대부도 카페 가
e_e001068,2,4,2305290004,집
e_e001069,1,1,2306040001,집
e_e001069,1,2,2306040002,물의 정원
e_e001069,1,3,2306040003,하백 북한강점
e_e001069,1,4,2306040004,자라섬 꽃 테마공원
e_e001069,1,5,2306040005,호명호수
e_e001069,1,6,2306040006,북한강 참나무 바비큐
e_e001069,1,7,2306040007,김포 고촌 솔리 힐다 테라스
e_e001070,1,1,2306030001,집
e_e001070,1,2,2306030002,마장호수
e_e001070,1,3,2306030003,출렁다리 국수
e_e001070,1,4,2306030004,벽초지 수목원
e_e001070,1,5,2306030005,지혜의 숲
e_e001070,1,6,2306030006,헤이리 예술마을
e_e001070,1,7,2306030007,피제리아스텔라레
e_e001070,1,8,2306030008,프로방스 마을
e_e001070,1,9,2306030009,집
e_e001071,1,1,2305270001,집
e_e001071,1,2,2305270003,스타필드 고양
e_e001071,1,3,2305270004,고양 동성로
e_e001071,1,4,2305270005,크림 오브 더 크롭
e_e001071,1,5,2305270002,집
e_e001077,1,1,2306020001,사무실
e_e001077,1,2,2306020002,디플로여 카페
e_e001077,1,3,2306020003,호암미술관
e_e001077,1,4,2306020004,분당 지웰 푸르지오 아파트
e_e001079,1,1,2305280001,집
e_e001079,1,2,2305280002,훈카츠
e_e001079,1,3,2305280003,신세계백화점 타임스퀘어점
e_e001079,1,4,2305280004,당산 김밥 떡볶이
e_e001079,1,5,2305280005,집
e_e001081,1,1,2305270001,집
e_e001081,1,2,2305270002,레드팟
e_e001081,1,3,2305270003,화성행궁
e_e001081,1,4,2305270004,방화수류정
e_e001081,1,5,2305270005,홀서 치킨 광교점
e_e001081,1,6,2305270006,집
e_e001084,1,1,2306030001,집
e_e001084,1,2,2306030002,서울대 효 병원 운정 병원
e_e001084,1,3,2306030003,두 배로 마트
e_e001084,1,4,2306030012,헤이리 예술마을
e_e001084,1,5,2306030004,엘비스 분식
e_e001084,1,6,2306030005,더 커피에 반하다
e_e001084,1,7,2306030006,이마트 24 통일동산점
e_e001084,1,8,2306030013,채연 별장형 펜션
e_e001084,2,1,2306040001,이미 각
e_e001084,2,2,2306040002,장호 덕소 만두 파주 야당역점
e_e001084,2,3,2306040003,서울대 효 병원 운정 병원
e_e001084,2,4,2306040004,집
e_e001093,1,1,2306040001,집
e_e001093,1,2,2306040003,서울광장
e_e001093,1,3,2306040004,청와대 정문
e_e001093,1,4,2306040005,북악산 한양도성
e_e001093,1,5,2306040006,청와대 사랑채
e_e001093,1,6,2306040007,효자동 초밥
e_e001093,1,7,2306040008,광화문광장
e_e001093,1,8,2306040002,집
e_e001097,1,1,2305280001,집
e_e001097,1,2,2305280002,경기북부 어린이 박물관
e_e001097,1,3,2305280003,경기북부 어린이 박물관 카페
e_e001097,1,4,2305280004,시장 바지락칼국수
e_e001097,1,5,2305280005,집
e_e001098,1,1,2305290001,친구 친지 집
e_e001098,1,2,2305290002,해소방
e_e001098,1,3,2305290003,고모리 저수지
e_e001098,1,4,2305290004,투썸플레이스 고모 호수점
e_e001098,1,5,2305290005,패밀리제2주유소
e_e001098,1,6,2305290006,친구 집
e_e001103,1,1,2305290001,집
e_e001103,1,2,2305290003,센트럴시티터미널(호남)
e_e001103,1,3,2305290004,무얼 식탁 파리에 스테이션 점
e_e001103,1,4,2305290005,빽다방 서울교대점
e_e001103,1,5,2305290002,프로니 스타 호텔
e_e001103,2,1,2305300002,소이 연남 파리에 스테이션 점
e_e001103,2,2,2305300003,폴 바셋 파리에 스테이션 점
e_e001103,2,3,2305300004,고향 손칼국수
e_e001103,2,4,2305300001,집
e_e001104,1,1,2305280001,집
e_e001104,1,2,2305280002,더 현대 서울
e_e001104,1,3,2305280005,여의도 한강공원
e_e001104,1,4,2305280003,ALT.1 더 현대 서울 현대백화점
e_e001104,1,5,2305280004,더 현대 서울
e_e001104,1,6,2305280006,집
e_e001108,1,1,2305260001,집
e_e001108,1,2,2305260003,인천도시 역사관
e_e001108,1,3,2305260004,송도센트럴파크
e_e001108,1,4,2305260005,타타르 베이글 송도점
e_e001108,1,5,2305260006,송도컨벤시아
e_e001108,1,6,2305260007,돈돈정 송도점
e_e001108,1,7,2305260002,집
e_e001110,1,1,2305270001,집
e_e001110,1,2,2305270002,호운
e_e001110,1,3,2305270003,화담숲
e_e001110,1,4,2305270004,이진상회
e_e001110,1,5,2305270005,집
e_e001114,1,1,2305280001,집
e_e001114,1,2,2305280003,트리플 스트리트
e_e001114,1,3,2305280004,카페콤마&얀쿠브레 송도점
e_e001114,1,4,2305280005,우이며 녹
e_e001114,1,5,2305280006,소찬공원
e_e001114,1,6,2305280002,집
e_e001117,1,1,2306030001,집
e_e001117,1,2,2306030003,지장산 막국수 본점
e_e001117,1,3,2306030004,봄꽃 정원
e_e001117,1,4,2306030005,일동 농협 이동지점
e_e001117,1,5,2306030002,스토리 숲
e_e001117,2,1,2306040002,울지 숲 카페
e_e001117,2,2,2306040003,의정부 휴게소 구리방향
e_e001117,2,3,2306040001,집
e_e001118,1,1,2306030001,집
e_e001118,1,2,2306030002,조선 쌈밥
e_e001118,1,3,2306030003,황포돛배
e_e001118,1,4,2306030004,메가 MGC 커피 파주 적성점
e_e001118,1,5,2306030005,백학 자유로 리조트
e_e001118,2,1,2306040001,연천 호로 고루
e_e001118,2,2,2306040002,망향비빔국수 궁평 본점
e_e001118,2,3,2306040003,집
e_e001124,1,1,2305280001,집
e_e001124,1,2,2305280004,수원역
e_e001124,1,3,2305280005,에버랜드
e_e001124,1,4,2305280003,골든 튤립에버 용인 호텔
e_e001124,2,1,2305290001,AK플라자 수원
e_e001124,2,2,2305290002,집
e_e001126,1,1,2305290001,집
e_e001126,1,2,2305290002,3일 왕소금 구이
e_e001126,1,3,2305290003,놀자 숲
e_e001126,1,4,2305290004,집
e_e001127,1,1,2305290001,집
e_e001127,1,2,2305290002,삼대째 손두부
e_e001127,1,3,2305290003,통삼 근린공원
e_e001127,1,4,2305290004,CAFE NINO
e_e001127,1,5,2305290005,경기도 어린이 박물관
e_e001127,1,6,2305290006,맥도날드 용인 보라 DT점
e_e001127,1,7,2305290007,탑텐 용인 하갈점
e_e001127,1,8,2305290008,집
e_e001130,1,1,2306030001,집
e_e001130,1,2,2306030002,남양주 별내 휴게소 포천 방향
e_e001130,1,3,2306030003,왕방 계곡
e_e001130,1,4,2306030004,그 집 순댓국
e_e001130,1,5,2306030005,소요산
e_e001130,1,6,2306030006,보산 주공아파트
e_e001130,2,1,2306040001,보산역 1호선
e_e001130,2,2,2306040002,파인힐 커피하우스
e_e001130,2,3,2306040003,의왕 청계 휴게소 청계 방향
e_e001130,2,4,2306040004,집
e_e001131,1,1,2305270001,집
e_e001131,1,2,2305270003,용산역
e_e001131,1,3,2305270004,낙산공원
e_e001131,1,4,2305270005,서화 커피
e_e001131,1,5,2305270006,신 자매 만물상
e_e001131,1,6,2305270007,콩 툰 대학로점
e_e001131,1,7,2305270008,라온 아트홀
e_e001131,1,8,2305270009,핏에 리아오
e_e001131,1,9,2305270002,광진구 구의로
e_e001131,2,1,2305280002,현대백화점 디큐브시티점
e_e001131,2,2,2305280003,폰트 커피 문래점
e_e001131,2,3,2305280004,러빙 베이
e_e001131,2,4,2305280005,팀호완 용산점
e_e001131,2,5,2305280001,집
e_e001134,1,1,2305280001,집
e_e001134,1,2,2305280002,호암미술관
e_e001134,1,3,2305280003,호암미술관 전통정원 희원
e_e001134,1,4,2305280004,도성 면옥
e_e001134,1,5,2305280005,스타벅스 용인 보라 DT점
e_e001134,1,6,2305280006,집
e_e001137,1,1,2305260001,사무실
e_e001137,1,2,2305260002,전주 시외버스 공용터미널
e_e001137,1,3,2305260003,서울남부터미널
e_e001137,1,4,2305260004,스타벅스 교대점
e_e001137,1,5,2305260005,남양푸른건강뜰 체육공원
e_e001137,1,6,2305260006,그랜드 캐슬
e_e001137,2,1,2305270001,CU 화성 마도 공단로점
e_e001137,2,2,2305270002,그랜드 캐슬
e_e001137,2,3,2305270003,춘천 닭갈비
e_e001137,2,4,2305270004,포비 파리에 스테이션 점
e_e001137,2,5,2305270005,후라 또 식당 반포 직영점
e_e001137,2,6,2305270006,센트럴시티터미널(호남)
e_e001137,2,7,2305270007,전주 고속버스터미널
e_e001137,2,8,2305270008,집
e_e001140,1,1,2305270001,집
e_e001140,1,2,2305270002,송추가마골 본관
e_e001140,1,3,2305270003,메가 MGC 커피 양주 장흥점
e_e001140,1,4,2305270005,셀프 제일 주유소
e_e001140,1,5,2305270004,가나아트파크
e_e001140,1,6,2305270006,뉴욕 꽈배기 장흥유원지점
e_e001140,1,7,2305270007,집
e_e001146,1,1,2305260001,집
e_e001146,1,2,2305260002,국립현대미술관 과천관
e_e001146,1,3,2305260003,과천 대공원 호수
e_e001146,1,4,2305260004,관문체육공원
e_e001146,1,5,2305260005,집
e_e001147,1,1,2306050001,집
e_e001147,1,2,2306050002,롯데월드타워 롯데월드몰
e_e001147,1,3,2306050003,석촌호수 동호
e_e001147,1,4,2306050005,레코즈
e_e001147,1,5,2306050006,카페 페퍼
e_e001147,1,6,2306050004,집
e_e001153,1,1,2306030001,집
e_e001153,1,2,2306030002,이영란의 가루 체험
e_e001153,1,3,2306030003,남대문시장
e_e001153,1,4,2306030004,힘찬 정육 식당 사당역 직영점
e_e001153,1,5,2306030005,더 리프 사당
e_e001153,2,1,2306040001,관악종합시장
e_e001153,2,2,2306040003,제이오스티엘
e_e001153,2,3,2306040004,스타벅스 신림 DT점
e_e001153,2,4,2306040002,집
e_e001159,1,1,2306020001,집
e_e001159,1,2,2306020002,현대 프리미엄 아울렛 스페이스 원
e_e001159,1,3,2306020003,아이디헤어 다산점
e_e001159,1,4,2306020004,탑텐 다산 아이비 플레이스몰 점
e_e001159,1,5,2306020005,한화 꿈에 그린 아파트
e_e001159,2,1,2306030001,리멤버 191
e_e001159,2,2,2306030002,베이커리 시어터 이석영 광장점
e_e001159,2,3,2306030003,홍유릉 역사 문화공원
e_e001159,2,4,2306030004,스타필드 하남
e_e001159,2,5,2306030005,오창휴게소 남이 방향
e_e001159,2,6,2306030006,집
e_e001171,1,1,2305270001,집
e_e001171,1,2,2305270003,대전역
e_e001171,1,3,2305270004,서울역
e_e001171,1,4,2305270005,압구정 로데오역 수인 분당선
e_e001171,1,5,2305270006,더블유앤엠
e_e001171,1,6,2305270007,압구정 로데오거리
e_e001171,1,7,2305270008,프롬 헤레스 도산점
e_e001171,1,8,2305270009,압구정역 3호선
e_e001171,1,9,2305270010,역전 할머니 맥주 을지로 3가 점
e_e001171,1,10,2305270011,꽃지로
e_e001171,1,11,2305270012,고래고래 코인 노래연습장
e_e001171,1,12,2305270013,서울역
e_e001171,1,13,2305270002,집
e_e001172,1,1,2305270001,집
e_e001172,1,2,2305270003,화성 융릉과 건릉
e_e001172,1,3,2305270005,용주사
e_e001172,1,4,2305270004,바리고 빈스
e_e001172,1,5,2305270002,집
e_e001176,1,1,2305280003,집
e_e001176,1,2,2305280001,푸른 솔 GC 포천
e_e001176,1,3,2305280002,태릉 브라운스톤 아파트
e_e001178,1,1,2305270001,집
e_e001178,1,2,2305270002,서울시립미술관 서소문 본관
e_e001178,1,3,2305270003,사랑
e_e001178,1,4,2305270004,덕수궁
e_e001178,1,5,2305270005,나인 피스 그릴
e_e001178,1,6,2305270006,바다 땅
e_e001178,1,7,2305270007,집
e_e001182,1,1,2306090001,집
e_e001182,1,2,2306090007,비둘기날 캠핑장
e_e001182,2,1,2306100001,비둘기낭폭포
e_e001182,2,2,2306100002,한탄강 지질공원센터
e_e001182,2,3,2306100003,포천농협 하나로마트 신북점
e_e001182,2,4,2306100004,비둘기 날 캠핑장
e_e001183,1,1,2305270001,집
e_e001183,1,2,2305270002,GS25 뉴 포천대로점
e_e001183,1,3,2305270003,강촌레일파크 김유정역
e_e001183,1,4,2305270005,남이섬 가평 선착장
e_e001183,1,5,2305270004,남이섬 꼬꼬 춘천 닭갈비
e_e001183,1,6,2305270006,맥도날드 연희 DT점
e_e001183,1,7,2305270007,집
e_e001187,1,1,2305280001,집
e_e001187,1,2,2305280003,리프 패럿 용인점
e_e001187,1,3,2305280004,우리네 설렁탕
e_e001187,1,4,2305280005,동백 문고
e_e001187,1,5,2305280002,집
e_e001188,1,1,2306030001,집
e_e001188,1,2,2306030004,이화정
e_e001188,1,3,2306030003,곤지암리조트
e_e001188,1,4,2306030002,수원 시청역 SK 뷰 아파트
e_e001194,1,1,2306010001,집
e_e001194,1,2,2306010006,아쿠아 플라넷 광교
e_e001194,1,3,2306010003,갤러리아백화점 광교점
e_e001194,1,4,2306010005,갤러리아백화점 광교점
e_e001194,1,5,2306010004,롯데 아울렛 광교점
e_e001194,1,6,2306010007,집
e_e001200,1,1,2305260001,사무실
e_e001200,1,2,2305260003,마니 주네
e_e001200,1,3,2305260002,에어비앤비 blessing20
e_e001200,2,1,2305270001,배 터 김치찌개 전문점
e_e001200,2,2,2305270002,바다 앞 테라스
e_e001200,2,3,2305270003,구읍뱃터
e_e001200,2,4,2305270004,인덕원 퍼스 비엘 모델하우스
e_e001200,2,5,2305270005,집 도착
e_e001201,1,1,2306040001,집
e_e001201,1,2,2306040002,북촌 한옥마을
e_e001201,1,3,2306040003,북촌 한옥마을
e_e001201,2,1,2306050001,낙원악기상가
e_e001201,2,2,2306050002,익선동 한옥거리
e_e001201,2,3,2306050003,피엘 성형외과 의원
e_e001207,1,1,2306040001,집
e_e001207,1,2,2306040002,서울시립미술관 서소문 본관
e_e001207,1,3,2306040003,국립중앙박물관
e_e001207,1,4,2306040004,토요코인 호텔 서울 강남점
e_e001207,2,1,2306050002,마이아트 뮤지엄
e_e001207,2,2,2306050003,올림픽공원
e_e001207,2,3,2306050004,소마미술관
e_e001207,2,4,2306050005,스타벅스 올림픽 평화 의문점
e_e001207,2,5,2306050001,집
e_e001208,1,1,2305270001,집
e_e001208,1,2,2305270002,안성 3.1운동 기념관
e_e001208,1,3,2305270003,몬스터 도넛
e_e001208,1,4,2305270004,스타필드 안성
e_e001208,1,5,2305270005,집
e_e001211,1,1,2306040001,집
e_e001211,1,2,2306040003,수원 화성
e_e001211,1,3,2306040004,투썸플레이스 화성 병점점
e_e001211,1,4,2306040002,집
e_e001215,1,1,2306030001,집
e_e001215,1,2,2306030003,남이섬 아띠 춘천 닭갈비
e_e001215,1,3,2306030004,자라섬
e_e001215,1,4,2306030002,집
e_e001220,1,1,2306060001,집
e_e001220,1,2,2306060003,메가 MGC 커피 명동중앙점
e_e001220,1,3,2306060004,명동거리
e_e001220,1,4,2306060005,명동 문고 명동성당 본점
e_e001220,1,5,2306060006,남산 둘레길
e_e001220,1,6,2306060007,남산 서울타워
e_e001220,1,7,2306060008,한양도성 유적전시관
e_e001220,1,8,2306060009,서울로 717
e_e001220,1,9,2306060010,맥도날드 서울역점
e_e001220,1,10,2306060002,집
e_e001230,1,1,2305280001,집
e_e001230,1,2,2305280002,민락 엘리트 19단지 아파트 의정부 휴게소
e_e001230,1,3,2305280003,유명산 숲속 힐링캠프
e_e001230,2,1,2305290001,가평 양떼목장
e_e001230,2,2,2305290002,종점 가든
e_e001230,2,3,2305290003,민락 엘리트 19단지 아파트
e_e001230,2,4,2305290004,집
e_e001233,1,1,2306030001,집
e_e001233,1,2,2306030002,횡강골남원추어탕
e_e001233,1,3,2306030010,인천개항 박물관
e_e001233,1,4,2306030003,인천 차이나타운
e_e001233,1,5,2306030004,신포국제시장
e_e001233,1,6,2306030011,월미도
e_e001233,1,7,2306030012,청춘 조개 월미도 직영점
e_e001233,1,8,2306030005,월미문화의 거리역
e_e001233,1,9,2306030008,호텔 월미 여관
e_e001233,2,1,2306040001,연경 차이나타운 본점
e_e001233,2,2,2306040002,카페 꼰 띠고 인천 차이나타운 점
e_e001233,2,3,2306040003,집
e_e001238,1,1,2306050001,집
e_e001238,1,2,2306050002,명동교자 본점
e_e001238,1,3,2306050003,신세계 면세점 명동점
e_e001238,1,4,2306050004,고우가
e_e001238,1,5,2306050005,집
e_e001244,1,1,2305280001,집
e_e001244,1,2,2305280002,더 플라자
e_e001244,1,3,2305280003,명동거리
e_e001244,1,4,2305280004,스타벅스 환구단점
e_e001244,1,5,2305280005,더 플라자
e_e001244,1,6,2305280006,광화문광장
e_e001244,1,7,2305280007,타임스퀘어
e_e001244,1,8,2305280008,집
e_e001246,1,1,2305280001,집
e_e001246,1,2,2305280002,와이 낫 떡볶이 둔촌 본점
e_e001246,1,3,2305280003,올림픽공원
e_e001246,1,4,2305280004,놀숲 둔촌역점
e_e001246,1,5,2305280005,꿀꿀 진 순댓국
e_e001246,1,6,2305280006,월 호텔
e_e001246,1,7,2305280007,맥도날드 서울 둔촌 DT점
e_e001246,1,8,2305280008,집
e_e001251,1,1,2305280001,집
e_e001251,1,2,2305280002,서울역 KTX 고객 주차장
e_e001251,1,3,2305280003,유즈 라멘 만리동점
e_e001251,1,4,2305280004,롯데 아울렛 서울역점
e_e001251,1,5,2305280005,더 플라자
e_e001251,1,6,2305280006,더 플라자 별관
e_e001251,1,7,2305280007,더 플라자 라운지
e_e001251,1,8,2305280008,더 플라자
e_e001251,2,1,2305290002,세븐스퀘어
e_e001251,2,2,2305290003,덕수궁
e_e001251,2,3,2305290004,숭례문
e_e001251,2,4,2305290005,더 플라자 별관
e_e001251,2,5,2305290006,더 플라자
e_e001251,2,6,2305290007,칸지고고
e_e001251,2,7,2305290008,브레쉬에비뉴 과천 KT 점
e_e001251,2,8,2305290001,집
e_e001252,1,1,2306060001,집
e_e001252,1,2,2306060007,홍천강 휴게소 춘천 방향
e_e001252,1,3,2306060004,도선재
e_e001252,1,4,2306060005,아침고요 수목원
e_e001252,1,5,2306060006,카페 모아이
e_e001252,1,6,2306060008,청평역 관광안내소
e_e001252,1,7,2306060009,드림 닭갈비
e_e001252,1,8,2306060002,집
e_e001257,1,1,2306010001,집
e_e001257,1,2,2306010003,부천백만 송이 장미원
e_e001257,1,3,2306010004,리세 그 커피
e_e001257,1,4,2306010005,전원 4단지 어린이공원
e_e001257,1,5,2306010006,작동 홍두깨 칼국수
e_e001257,1,6,2306010002,집
e_e001258,1,1,2305270001,집
e_e001258,1,2,2305270002,창원중앙역
e_e001258,1,3,2305270003,홍익문화공원
e_e001258,1,4,2305270011,스위스그랜드호텔 서울
e_e001258,2,1,2305280001,CU 스위스그랜드호텔점
e_e001258,2,2,2305280002,신사역 3호선
e_e001258,2,3,2305280003,신사동 가로수 길
e_e001258,2,4,2305280004,오마치
e_e001258,2,5,2305280005,른 사이트
e_e001258,2,6,2305280006,알라딘 중고서점 가로수길점
e_e001258,2,7,2305280007,버거킹 서울역점
e_e001258,2,8,2305280008,집
e_e001261,1,1,2305270001,집
e_e001261,1,2,2305270003,파주 팜랜드
e_e001261,1,3,2305270004,서쪽 하늘
e_e001261,1,4,2305270002,집
e_e001262,1,1,2305270001,집
e_e001262,1,2,2305270002,봉녕사
e_e001262,1,3,2305270003,요미우돈 교자
e_e001262,1,4,2305270004,무니 버스
e_e001262,1,5,2305270005,방화수류정
e_e001262,1,6,2305270006,버드 커피 브루어스
e_e001262,1,7,2305270007,수원 화성
e_e001262,1,8,2305270008,집
e_e001264,1,1,2305280001,집
e_e001264,1,2,2305280002,옥소반 김포라 베니 채점
e_e001264,1,3,2305280003,아베 니체 마치 에비뉴 주차장
e_e001264,1,4,2305280004,아베 니체 마치 에비뉴 주차장
e_e001264,1,5,2305280005,스트라이크 팡 아베 니체점
e_e001264,1,6,2305280006,카페 나 울
e_e001264,1,7,2305280007,집
e_e001265,1,1,2306050001,집
e_e001265,1,2,2306050003,아비엥또
e_e001265,1,3,2306050002,아비엥또
e_e001265,2,1,2306060001,이탈리아 마을 피노키오와 다빈치
e_e001265,2,2,2306060002,쁘띠프랑스
e_e001265,2,3,2306060003,가평휴게소 서울 방향
e_e001265,2,4,2306060004,강촌레일파크 김유정역
e_e001265,2,5,2306060005,집
e_e001267,1,1,2306030001,집
e_e001267,1,2,2306030002,말똥 도넛 파주점
e_e001267,1,3,2306030003,오두산 통일전망대
e_e001267,1,4,2306030004,헤이리 예술마을
e_e001267,1,5,2306030005,파주 신세계 프리미엄 아울렛 전기차 충전소(테슬라 전용)
e_e001267,1,6,2306030006,집
e_e001276,1,1,2305270001,집
e_e001276,1,2,2305270002,송도센트럴파크
e_e001276,1,3,2305270003,구도로 통닭 센트럴점
e_e001276,1,4,2305270004,송도센트럴파크
e_e001276,1,5,2305270005,간석 어울림마을 아파트
e_e001276,2,1,2305280001,포레스트아웃팅스 송도점
e_e001276,2,2,2305280002,스타벅스 인천 구월중앙점
e_e001276,2,3,2305280003,돈나리 돈가스
e_e001276,2,4,2305280004,집
e_e001279,1,1,2306040001,집
e_e001279,1,2,2306040003,고속버스 둔산(청사) 정류장
e_e001279,1,3,2306040004,신촌이 대거리
e_e001279,1,4,2306040005,더 진국 수육국밥 신촌점
e_e001279,1,5,2306040006,메가 MGC 커피 신촌점
e_e001279,1,6,2306040007,연세대학교 노천극장
e_e001279,1,7,2306040008,이마트 24 문정 대명점
e_e001279,1,8,2306040002,동성빌딩
e_e001279,2,1,2306050001,우지 커피 문정 중앙점
e_e001279,2,2,2306050003,온달 왕돈가스
e_e001279,2,3,2306050004,오와이 스트리트
e_e001279,2,4,2306050005,모리 커피 서울 성신여대점
e_e001279,2,5,2306050006,콘텐츠 박스
e_e001279,2,6,2306050007,수서역
e_e001279,2,7,2306050008,한궁 양꼬치 훠궈 대흥점
e_e001279,2,8,2306050009,배스킨라빈스 대전은행점
e_e001279,2,9,2306050002,집
e_e001280,1,1,2306030001,집
e_e001280,1,2,2306030002,두정역 1호선
e_e001280,1,3,2306030003,천안아산역
e_e001280,1,4,2306030004,수서역
e_e001280,1,5,2306030005,신온누리에 생돈가스 전문점 대방점
e_e001280,1,6,2306030006,잠수교
e_e001280,1,7,2306030007,잠원한강공원
e_e001280,1,8,2306030008,잠수교
e_e001280,1,9,2306030009,롯데월드타워
e_e001280,1,10,2306030010,주꾸미 골목
e_e001280,1,11,2306030011,천호동 로데오거리
e_e001280,1,12,2306030012,광진교
e_e001280,1,13,2306030013,천호지구대 근처 자취방
e_e001280,2,1,2306040001,여의도 한강공원
e_e001280,2,2,2306040002,천호지구대 근처 자취방
e_e001280,2,3,2306040003,천안아산역
e_e001280,2,4,2306040004,두정역 1호선
e_e001280,2,5,2306040005,집
e_e001287,1,1,2306010001,집
e_e001287,1,2,2306010003,서울랜드
e_e001287,1,3,2306010002,집
e_e001291,1,1,2305270001,집
e_e001291,1,2,2305270002,누들 플랫폼
e_e001291,1,3,2305270004,중 하루
e_e001291,1,4,2305270003,인천상륙작전기념관
e_e001291,1,5,2305270005,집 근처 이마트(장 보기)
e_e001294,1,1,2305280001,집
e_e001294,1,2,2305280002,다이소 상암 월드컵점
e_e001294,1,3,2305280004,난지한강공원
e_e001294,1,4,2305280005,양푼이 닭볶음탕
e_e001294,1,5,2305280003,집
e_e001295,1,1,2306040001,집
e_e001295,1,2,2306040002,버거킹 종로구청점
e_e001295,1,3,2306040003,대한민국역사박물관
e_e001295,1,4,2306040004,온 더 플랜 커피 랩
e_e001295,1,5,2306040005,남산골 한옥마을
e_e001295,1,6,2306040006,지우
e_e001295,1,7,2306040007,가배도 명동점
e_e001295,1,8,2306040008,집
e_e001296,1,1,2306050001,집
e_e001296,1,2,2306050003,유토피아추모관
e_e001296,1,3,2306050004,온스 어폰 어 네이처
e_e001296,1,4,2306050002,시흥 6차 푸르지오 2단지 아파트
e_e001301,1,1,2306010001,집
e_e001301,1,2,2306010003,훈훈 호떡
e_e001301,1,3,2306010004,논 드라이
e_e001301,1,4,2306010005,시멘트
e_e001301,1,5,2306010007,다이소 신촌 본점
e_e001301,1,6,2306010006,망원한강공원
e_e001301,1,7,2306010002,넘버 25호텔 신촌점
e_e001301,2,1,2306020001,미도인 신촌
e_e001301,2,2,2306020002,신촌 거리
e_e001301,2,3,2306020003,문베어
e_e001301,2,4,2306020004,롯데월드
e_e001301,2,5,2306020005,집
e_e001308,1,1,2306030001,집
e_e001308,1,2,2306030003,에버랜드
e_e001308,1,3,2306030002,집
e_e001314,1,1,2306030001,집
e_e001314,1,2,2306030002,송 암사
e_e001314,1,3,2306030003,목향원
e_e001314,1,4,2306030004,카페 소유
e_e001314,1,5,2306030005,까치마을주공 2단지 아파트
e_e001316,1,1,2306030001,집
e_e001316,1,2,2306030002,화담숲
e_e001316,1,3,2306030004,대가
e_e001316,1,4,2306030005,골 다방
e_e001316,1,5,2306030003,집
e_e001321,1,1,2306060001,집
e_e001321,1,2,2306060002,인천 차이나타운
e_e001321,1,3,2306060003,송월동 동화마을
e_e001321,1,4,2306060004,자유 공원 맥아더 장군 동상
e_e001321,1,5,2306060005,청년 백범 김구 역 사거리
e_e001321,1,6,2306060006,신포 닭강정 본점
e_e001321,1,7,2306060007,보니당 신포 직영점
e_e001321,1,8,2306060008,집
e_e001325,1,1,2306020001,집
e_e001325,1,2,2306020002,오 파트
e_e001325,1,3,2306020003,그랑 핸드 남산
e_e001325,1,4,2306020004,콤포타블 남산
e_e001325,1,5,2306020005,국립중앙박물관
e_e001325,1,6,2306020006,잭슨 피자 이촌점
e_e001325,1,7,2306020007,이촌한강공원
e_e001325,1,8,2306020008,오흐뒤구떼
e_e001325,1,9,2306020009,집
e_e001326,1,1,2306020001,집
e_e001326,1,2,2306020002,유스퀘어 광주종합버스터미널
e_e001326,1,3,2306020003,정안 알밤 휴게소 천안 방향
e_e001326,1,4,2306020007,역전 할머니 맥주 서울 장승백이점
e_e001326,1,5,2306020005,센트럴시티터미널(호남)
e_e001326,1,6,2306020006,상도해물찜아구찜
e_e001326,1,7,2306020008,여자친구 할머니 집
e_e001326,1,8,2306020004,여자친구 집
e_e001326,2,1,2306030002,소문난 성수 감자탕
e_e001326,2,2,2306030003,그레이트 커피
e_e001326,2,3,2306030007,먹골역 7호선
e_e001326,2,4,2306030004,센트럴시티터미널(호남)
e_e001326,2,5,2306030005,정안 알밤 휴게소 논산 방향
e_e001326,2,6,2306030006,유스퀘어 광주종합버스터미널
e_e001326,2,7,2306030001,집
e_e001330,1,1,2306050001,집
e_e001330,1,2,2306050003,농협안성팜랜드
e_e001330,1,3,2306050002,집
e_e001331,1,1,2305290001,집
e_e001331,1,2,2305290002,문지리 535
e_e001331,1,3,2305290003,헤이리 예술마을
e_e001331,1,4,2305290004,파주 프리미엄 아울렛
e_e001331,1,5,2305290005,스타벅스 파주 P 아울렛 1F 점
e_e001331,1,6,2305290006,마니산 산채 운정점
e_e001331,1,7,2305290007,운정 호수 공원
e_e001331,1,8,2305290008,집
e_e001344,1,1,2305280001,집
e_e001344,1,2,2305280002,팔덕 식당 호매실점
e_e001344,1,3,2305280003,카페 플록
e_e001344,1,4,2305280004,일월 수목원
e_e001344,1,5,2305280005,다이소 수원 화서점
e_e001344,1,6,2305280007,롯데마트 의왕점
e_e001344,1,7,2305280006,고릴라 캠핑 안양점
e_e001344,1,8,2305280008,집
e_e001346,1,1,2305280001,집
e_e001346,1,2,2305280003,이촌한강공원
e_e001346,1,3,2305280004,모스버거 센트럴시티점
e_e001346,1,4,2305280005,미스터 힐링 교대역점
e_e001346,1,5,2305280006,삼식이 감자탕 뼈해장국 교대점
e_e001346,1,6,2305280002,집
e_e001351,1,1,2306050001,집
e_e001351,1,2,2306050002,소근리 막국수
e_e001351,1,3,2306050003,양평몽이네펜션
e_e001351,2,1,2306060001,하버 커피
e_e001351,2,2,2306060002,돌미나리 집
e_e001351,2,3,2306060003,두물머리
e_e001351,2,4,2306060004,집
e_e001356,1,1,2305270001,집
e_e001356,1,2,2305270008,부산역
e_e001356,1,3,2305270002,경복궁
e_e001356,1,4,2305270003,깡통 만두
e_e001356,1,5,2305270004,북촌원 카페
e_e001356,1,6,2305270005,북촌 한옥마을
e_e001356,1,7,2305270006,풍년 쌀 농산
e_e001356,1,8,2305270009,광화문광장
e_e001356,1,9,2305270007,서울시 영등포구
e_e001356,2,1,2305280001,사이공 1986
e_e001356,2,2,2305280002,다이소 영등포역점
e_e001356,2,3,2305280003,난지한강공원
e_e001356,2,4,2305280004,집
e_e001360,1,1,2305280001,집
e_e001360,1,2,2305280003,르푸앵 펜션
e_e001360,1,3,2305280004,호명 골 손두부
e_e001360,1,4,2305280005,르푸앵 수상 레저
e_e001360,1,5,2305280006,GS칼텍스 설악 IC 주유소
e_e001360,1,6,2305280007,하남문화 예술 회관
e_e001360,1,7,2305280008,띤띤드타마린드
e_e001360,1,8,2305280009,이디야커피 하남 유니언 파크점
e_e001360,1,9,2305280010,하남문화 예술 회관
e_e001360,1,10,2305280011,세븐일레븐 S 마포역점
e_e001360,1,11,2305280002,집
e_e001361,1,1,2305280001,집
e_e001361,1,2,2305280002,주안역 1호선
e_e001361,1,3,2305280003,논현역 7호선
e_e001361,1,4,2305280004,논현가구거리
e_e001361,1,5,2305280005,문영 빌딩
e_e001361,1,6,2305280006,구태로이테
e_e001361,1,7,2305280007,아르케 가로수길점
e_e001361,1,8,2305280008,우림빌딩
e_e001361,1,9,2305280009,신사 하우스
e_e001361,1,10,2305280010,칙이 피스 가로수길점
e_e001361,1,11,2305280011,신사역 3호선
e_e001361,1,12,2305280012,집
e_e001372,1,1,2305270001,집
e_e001372,1,2,2305270004,명동교자 본점
e_e001372,1,3,2305270002,르메르디앙 서울 명동
e_e001372,2,1,2305280001,집
e_e001377,1,1,2305270001,집
e_e001377,1,2,2305270005,국립현대미술관 서울관
e_e001377,1,3,2305270004,국립민속박물관
e_e001377,1,4,2305270006,경복궁
e_e001377,1,5,2305270007,페이퍼 마세
e_e001377,1,6,2305270002,집
e_e001379,1,1,2305290001,집
e_e001379,1,2,2305290002,신정마을 8단지 현대성우아파트
e_e001379,1,3,2305290004,배연정 소머리국밥 곤지암 본점
e_e001379,1,4,2305290005,곤지암리조트 스파 라 스파
e_e001379,1,5,2305290003,곤지암리조트 L 빌리지
e_e001379,2,1,2305300002,곤지암리조트 어린이 놀이터
e_e001379,2,2,2305300003,곤지암 리조트 생태하천
e_e001379,2,3,2305300004,허 서방 불고기 냉면
e_e001379,2,4,2305300001,집
e_e001380,1,1,2306040001,사무실
e_e001380,1,2,2306040002,심학산 약천사
e_e001380,1,3,2306040004,파주 공룡 박물관
e_e001380,1,4,2306040005,파주 프리미엄 아울렛
e_e001380,1,5,2306040006,집
e_e001382,1,1,2305280001,집
e_e001382,1,2,2305280002,어 로프 슬라이스 피스 퇴촌점
e_e001382,1,3,2305280003,이함 캠퍼스
e_e001382,1,4,2305280004,세븐일레븐 양평 땅 대리점
e_e001382,1,5,2305280006,은강 펜션
e_e001382,2,1,2305290001,나루터
e_e001382,2,2,2305290002,흑이 재
e_e001382,2,3,2305290003,집
e_e001384,1,1,2306060001,집
e_e001384,1,2,2306060003,구 벼 울
e_e001384,1,3,2306060004,쉬자 파크
e_e001384,1,4,2306060002,집
e_e001386,1,1,2305310001,사무실
e_e001386,1,2,2305310002,월곶 풍림아이원 2차 아파트
e_e001386,1,3,2305310003,아름드리 장어
e_e001386,1,4,2305310004,월곶 풍림아이원 2차 아파트
e_e001386,2,1,2306010001,소래포구 어시장 및 주변 산책로 공원
e_e001386,2,2,2306010002,메가 MGC 커피 소래포구역점
e_e001386,2,3,2306010003,은 뜨락 아파트
e_e001392,1,1,2306040001,집
e_e001392,1,2,2306040002,우롱 타조농장
e_e001392,1,3,2306040003,명륜 진사갈비 파주 교하점
e_e001392,1,4,2306040004,집
e_e001396,1,1,2305270001,집
e_e001396,1,2,2305270002,컴포즈커피 다산 현대 스페이스점
e_e001396,1,3,2305270003,현대 프리미엄 아울렛 스페이스 원
e_e001396,1,4,2305270004,번동 한양아파트
e_e001399,1,1,2306040001,집
e_e001399,1,2,2306040003,송도센트럴파크
e_e001399,1,3,2306040004,해돋이공원
e_e001399,1,4,2306040005,포레스트아웃팅스 송도점
e_e001399,1,5,2306040002,집
e_e001400,1,1,2305290001,집
e_e001400,1,2,2305290002,오드리
e_e001400,1,3,2305290003,커피 샤워
e_e001400,1,4,2305290004,아쿠아파크 별내
e_e001400,1,5,2305290005,키스톤 스피시즈
e_e001400,1,6,2305290006,스타필드 하남
e_e001400,1,7,2305290007,집
e_e001408,1,1,2305290001,집
e_e001408,1,2,2305290002,대보건설 구리 주유소 판교방향
e_e001408,1,3,2305290003,이마트 남양주점
e_e001408,1,4,2305290004,카페드 까사
e_e001408,1,5,2305290005,올덴 펜션
e_e001408,2,1,2305300001,강촌레일파크 경강역
e_e001408,2,2,2305300002,남이섬
e_e001408,2,3,2305300003,집
e_e001409,1,1,2305280001,집
e_e001409,1,2,2305280002,롯데월드타워 롯데월드몰
e_e001409,1,3,2305280003,남양주축협 하나로마트 마석점
e_e001409,1,4,2305280004,디스플레인
e_e001409,1,5,2305280007,클럽 레스피아 남양주 2호점
e_e001409,2,1,2305290001,맥도날드 잠실역점
e_e001409,2,2,2305290002,집
e_e001411,1,1,2306100001,집
e_e001411,1,2,2306100002,군포 시청 별관
e_e001411,1,3,2306100003,은행골 영등포점
e_e001411,1,4,2306100004,콜렉티보 타임스퀘어점
e_e001411,1,5,2306100005,타임스퀘어
e_e001411,1,6,2306100006,집
e_e001412,1,1,2305280001,집
e_e001412,1,2,2305280002,더 현대 서울
e_e001412,1,3,2305280003,안다즈 서울 강남
e_e001412,1,4,2305280004,네 기 스키야키
e_e001412,1,5,2305280009,안다즈 서울 강남
e_e001412,2,1,2305290001,안다즈 서울 강남 조각보
e_e001412,2,2,2305290002,블루 보틀 압구정 카페
e_e001412,2,3,2305290003,서울숲
e_e001412,2,4,2305290004,집
e_e001413,1,1,2306090001,집
e_e001413,1,2,2306090002,아름다운 가게 보물섬점
e_e001413,1,3,2306090003,문발리 헌 책방 골목
e_e001413,1,4,2306090004,카이노스 출판 단지점
e_e001413,1,5,2306090005,세계민속 악기 박물관
e_e001413,1,6,2306090006,헤이리 예술마을
e_e001413,1,7,2306090007,커피공장 13 헤이리점
e_e001413,1,8,2306090008,집
e_e001414,1,1,2305290001,집
e_e001414,1,2,2305290002,연세대학교 신촌캠퍼스
e_e001414,1,3,2305290003,CGV 신촌 아트레온
e_e001414,1,4,2305290004,소바 연구소
e_e001414,1,5,2305290005,명물거리 교차로
e_e001414,1,6,2305290006,집
e_e001415,1,1,2306010001,집
e_e001415,1,2,2306010002,제부도 해수욕장
e_e001415,1,3,2306010003,어부의 집
e_e001415,1,4,2306010004,제부도 해안산책로
e_e001415,1,5,2306010005,제부도항방파제등대
e_e001415,1,6,2306010007,탄도항
e_e001415,1,7,2306010006,집
e_e001416,1,1,2306040001,집
e_e001416,1,2,2306040002,율봄식물원
e_e001416,1,3,2306040003,털보 셀프 바비큐
e_e001416,1,4,2306040004,팔당물안개공원
e_e001416,1,5,2306040005,엘포레스트
e_e001416,1,6,2306040006,집
e_e001421,1,1,2306020001,집
e_e001421,1,2,2306020002,동방명주 충무로점
e_e001421,1,3,2306020003,북촌 한옥마을
e_e001421,1,4,2306020004,국립현대미술관 서울관
e_e001421,1,5,2306020005,57th카페
e_e001421,1,6,2306020006,집
e_e001424,1,1,2305290001,집
e_e001424,1,2,2305290002,가림 시골밥상
e_e001424,1,3,2305290003,헤이리 마을
e_e001424,1,4,2305290005,파주 신세계 프리미엄 아울렛
e_e001424,1,5,2305290004,임진각(DMZ 생생 누리)
e_e001424,1,6,2305290006,집
e_e001426,1,1,2306050001,집
e_e001426,1,2,2306050002,노수옥돼지국밥
e_e001426,1,3,2306050003,시흥갯골생태공원
e_e001426,1,4,2306050004,물왕 호수
e_e001426,1,5,2306050005,집
e_e001427,1,1,2306090001,집
e_e001427,1,2,2306090003,고봉인 김밥인 철원 동송점
e_e001427,1,3,2306090004,경기도 의료원 포천병원
e_e001427,1,4,2306090005,스타벅스 포천 DT점
e_e001427,1,5,2306090006,수봉공원
e_e001427,1,6,2306090007,수도국산 달동네 박물관
e_e001427,1,7,2306090008,조마루 도화점
e_e001427,1,8,2306090002,더 숍 인천 스카이타워 1단지 아파트
e_e001427,2,1,2306100001,화이트 그리다
e_e001427,2,2,2306100002,미요 아트 키즈 클래스
e_e001427,2,3,2306100003,선수촌 할인마켓
e_e001427,2,4,2306100005,던킨 시흥 조남점
e_e001427,2,5,2306100004,킨더 북 카페
e_e001427,2,6,2306100006,동도 빌라
e_e001427,2,7,2306100007,집
e_e001428,1,1,2306030001,사무실
e_e001428,1,2,2306030002,충주휴게소 주유소 양평방향
e_e001428,1,3,2306030003,칠암 만장-더 현대 서울
e_e001428,1,4,2306030004,더 현대 서울 라울듸퓌
e_e001428,1,5,2306030005,KSPO DOME 올림픽 체조경기장
e_e001428,1,6,2306030006,배가 아무 닭볶음탕 방이동 직영점
e_e001428,1,7,2306030007,아이다 호텔
e_e001428,2,1,2306040001,롯데월드타워
e_e001428,2,2,2306040002,어반 스커트 롯데월드몰점
e_e001428,2,3,2306040003,롯데월드 아쿠아리움
e_e001428,2,4,2306040004,아쿠아 가든 카페 롯데월드타워점
e_e001428,2,5,2306040005,캠핑 리스트
e_e001428,2,6,2306040006,스노피크 랜드 스테이션 하남점
e_e001428,2,7,2306040007,야호 캠핑
e_e001428,2,8,2306040008,괴산휴게소 창원방향
e_e001428,2,9,2306040009,사무실
e_e001429,1,1,2306030001,집
e_e001429,1,2,2306030003,부천식물원
e_e001429,1,3,2306030004,부천 자연 생태공원 자연 생태 박물관
e_e001429,1,4,2306030005,부천 무릉도원 수목원
e_e001429,1,5,2306030006,팽 소리 농장 소사 직영점
e_e001429,1,6,2306030002,집
e_e001430,1,1,2306090001,집
e_e001430,1,2,2306090002,장안문
e_e001430,1,3,2306090003,하우스 플랜비
e_e001430,1,4,2306090004,화성행궁 광장
e_e001430,1,5,2306090007,방화수류정
e_e001430,1,6,2306090005,화성 어차(화성행궁 출발)
e_e001430,1,7,2306090006,수원 화성 화홍문
e_e001430,1,8,2306090008,행궁동 벽화마을
e_e001430,1,9,2306090009,카페 이음
e_e001430,1,10,2306090010,디 멀리에
e_e001430,1,11,2306090011,집
e_e001432,1,1,2305300001,집
e_e001432,1,2,2305300002,영어학원
e_e001432,1,3,2305300003,인사동 문화의 거리
e_e001432,1,4,2305300004,불이아 교대점
e_e001432,1,5,2305300005,아펜즈커피 서초교대역점
e_e001432,1,6,2305300007,친구 집
e_e001432,1,7,2305300006,집
e_e001434,1,1,2306050001,집
e_e001434,1,2,2306050002,화랑공원
e_e001434,1,3,2306050003,한국잡월드
e_e001434,1,4,2306050004,집
e_e001436,1,1,2305280001,사무실
e_e001436,1,2,2305280002,경기 광주 휴게소 원주 방향
e_e001436,1,3,2305280003,양평 양떼목장
e_e001436,1,4,2305280004,경기도 민물고기생태학습관
e_e001436,1,5,2305280005,로뎀하우스
e_e001436,2,1,2305290001,킹마트
e_e001436,2,2,2305290002,존앤맷 미사 본점
e_e001436,2,3,2305290003,오산대역 호반 서밋 아파트
e_e001440,1,1,2306030001,집
e_e001440,1,2,2306030003,가납리 비행장
e_e001440,1,3,2306030004,맘스터치 양주광적점
e_e001440,1,4,2306030006,카페 베이크 제이
e_e001440,1,5,2306030005,가납리 비행장
e_e001440,1,6,2306030002,집
e_e001448,1,1,2306020001,집
e_e001448,1,2,2306020002,허브아일랜드
e_e001448,1,3,2306020003,포천아트밸리
e_e001448,1,4,2306020006,아이엠 삼송 오피스텔
e_e001448,1,5,2306020004,스시 선명
e_e001448,1,6,2306020005,아이엠 삼송 오피스텔
e_e001448,2,1,2306030001,세손공원
e_e001448,2,2,2306030002,미분당 삼송점
e_e001448,2,3,2306030003,집
e_e001449,1,1,2306030003,집
e_e001449,1,2,2306030001,미애네 칼국수 2호점
e_e001449,1,3,2306030002,을왕리 해수욕장
e_e001449,1,4,2306030004,집
e_e001452,1,1,2305280001,집
e_e001452,1,2,2305280002,피치 스프링스
e_e001452,1,3,2305280003,레드 브리지
e_e001452,1,4,2305280004,마장호수 출렁다리
e_e001452,1,5,2305280005,메가박스 고양 스타필드
e_e001452,1,6,2305280006,에베레스트 스타필드 고양점
e_e001452,1,7,2305280007,집
e_e001458,1,1,2306030001,집
e_e001458,1,2,2306030002,바르미샤브 바르미 스시
e_e001458,1,3,2306030003,현대 프리미엄 아울렛 김포점
e_e001458,1,4,2306030004,아라김포여객터미널
e_e001458,1,5,2306030005,현대 프리미엄 아울렛 김포점
e_e001458,1,6,2306030006,집
e_e001459,1,1,2305290001,집
e_e001459,1,2,2305290002,응봉역 경의중앙선
e_e001459,1,3,2305290003,능곡역 경의중앙선
e_e001459,1,4,2305290004,행주산성
e_e001459,1,5,2305290005,행주만리
e_e001459,1,6,2305290006,더치커피 팩토리
e_e001459,1,7,2305290007,행주산성
e_e001459,1,8,2305290008,토당 문화 플랫폼 능곡 194
e_e001459,1,9,2305290009,집
e_e001464,1,1,2306040001,집
e_e001464,1,2,2306040002,케르만 레스토랑
e_e001464,1,3,2306040003,데이 로우
e_e001464,1,4,2306040004,리움미술관
e_e001464,1,5,2306040006,타코튜즈데이 성수점
e_e001464,1,6,2306040005,집
e_e001467,1,1,2306010001,집
e_e001467,1,2,2306010006,둔촌동역 5호선
e_e001467,1,3,2306010002,뽁식당 호매실점
e_e001467,1,4,2306010003,일월 수목원
e_e001467,1,5,2306010004,그리핑
e_e001467,1,6,2306010005,행궁동 벽화마을
e_e001467,1,7,2306010008,방화수류정
e_e001467,1,8,2306010007,수원 화성
e_e001467,1,9,2306010009,J 호텔
e_e001467,2,1,2306020001,그레이트 히말라야
e_e001467,2,2,2306020002,매산로 테마거리
e_e001467,2,3,2306020003,효원공원 월화원
e_e001467,2,4,2306020004,집
e_e001468,1,1,2305280001,집
e_e001468,1,2,2305280002,포천 하늘 아래 치유의 숲
e_e001468,1,3,2305280003,놀자 캠핑식당
e_e001468,1,4,2305280004,허브아일랜드
e_e001468,1,5,2305280005,양주 휴게소 일산방향
e_e001468,1,6,2305280006,집
e_e001471,1,1,2306030001,집
e_e001471,1,2,2306030002,다산 현대 스페이스 원
e_e001471,1,3,2306030003,집
e_e001480,1,1,2305290001,집
e_e001480,1,2,2305290002,물안개공원
e_e001480,1,3,2305290003,스타벅스 더 양평 DTR
e_e001480,1,4,2305290004,두물머리 연 핫도그
e_e001480,1,5,2305290005,왕과 탕후루 수원 영통점
e_e001480,1,6,2305290006,집
e_e001482,1,1,2305270001,집
e_e001482,1,2,2305270002,울산역
e_e001482,1,3,2305270003,서울역
e_e001482,1,4,2305270004,드 포레
e_e001482,1,5,2305270005,영앤스윗 케이크 상점
e_e001482,1,6,2305270006,노보텔 스위트 앰배서더 서울 용산
e_e001482,1,7,2305270007,락피시 웨더 웨어
e_e001482,1,8,2305270008,계림원 신용산점
e_e001482,1,9,2305270009,노보텔 스위트 앰배서더 서울 용산
e_e001482,2,1,2305280001,하이디라오 홍대지점
e_e001482,2,2,2305280002,경의선 숲길
e_e001482,2,3,2305280003,홍대 향수 공방 뤼미에르 퍼퓸 홍대
e_e001482,2,4,2305280004,프로타주
e_e001482,2,5,2305280005,서울 돈가스
e_e001482,2,6,2305280006,서울역
e_e001482,2,7,2305280007,신경주역
e_e001482,2,8,2305280008,북을 산역
e_e001482,2,9,2305280009,집
e_e001485,1,1,2306060001,집
e_e001485,1,2,2306060002,가평휴게소 춘천 방향
e_e001485,1,3,2306060003,르푸앵 수상 레저
e_e001485,1,4,2306060004,양꼬치 타령 미아점
e_e001485,1,5,2306060005,집
e_e001486,1,1,2305270001,집
e_e001486,1,2,2305270002,피트 타운
e_e001486,1,3,2305270003,안녕 커피야
e_e001486,1,4,2305270004,한강센트럴자이 1단지 아파트
e_e001486,1,5,2305270005,집
e_e001489,1,1,2306040001,친구 친지 집
e_e001489,1,2,2306040003,니지 모리 스튜디오
e_e001489,1,3,2306040002,대명 주택
e_e001499,1,1,2305280001,숙소
e_e001499,1,2,2305280003,올림픽공원
e_e001499,1,3,2305280004,서울재즈페스티벌
e_e001499,1,4,2305280002,안다즈 서울 강남
e_e001499,2,1,2305290001,북촌 한옥마을
e_e001499,2,2,2305290002,어니언 안국점
e_e001499,2,3,2305290003,서울역
e_e001499,2,4,2305290004,울산역
e_e001503,1,1,2306030001,집
e_e001503,1,2,2306030002,산골 농원
e_e001503,1,3,2306030003,용문산 허브 찜질방
e_e001503,2,1,2306040001,용문산 천년 중화요리
e_e001503,2,2,2306040002,더 베이커스 가든 화도 본점
e_e001503,2,3,2306040003,집
e_e001510,1,1,2306030001,집
e_e001510,1,2,2306030003,강남브랜드 안과
e_e001510,1,3,2306030006,다이소 신논현역점
e_e001510,1,4,2306030007,짱 오락실 강남 2호점
e_e001510,1,5,2306030004,훠궈 나라 강남점
e_e001510,1,6,2306030005,노티스 강남 카카오
e_e001510,1,7,2306030002,집
e_e001519,1,1,2306030001,사무실
e_e001519,1,2,2306030002,레피다 호텔
e_e001519,1,3,2306030003,인천종합어시장
e_e001519,1,4,2306030004,레피다 호텔
e_e001519,2,1,2306040001,연백 식당
e_e001519,2,2,2306040002,상트페테르부르크 광장
e_e001519,2,3,2306040003,인천종합어시장
e_e001519,2,4,2306040004,국물 즉석떡볶이 화덕피자
e_e001519,2,5,2306040005,코스트코 하남점
e_e001519,2,6,2306040006,천호 태영아파트
e_e001521,1,1,2306030001,집
e_e001521,1,2,2306030003,서울랜드
e_e001521,1,3,2306030002,집
e_e001523,1,1,2306040001,집
e_e001523,1,2,2306040003,경기도 잣향기 푸른 숲
e_e001523,1,3,2306040002,집
e_e001525,1,1,2305300001,집
e_e001525,1,2,2305300002,남양주 별내 스위첸 아파트
e_e001525,1,3,2305300003,철원 양평 해장국
e_e001525,1,4,2305300004,썬힐 GC
e_e001525,1,5,2305300005,사랑 굿 숯불닭갈비
e_e001525,1,6,2305300006,남양주 별내 스위첸 아파트
e_e001525,1,7,2305300007,집
e_e001526,1,1,2306050001,집
e_e001526,1,2,2306050002,건천휴게소 서울 방향
e_e001526,1,3,2306050003,용인휴게소 강릉방향
e_e001526,1,4,2306050004,청와대 본관
e_e001526,1,5,2306050005,경복궁
e_e001526,1,6,2306050006,강남세브란스병원
e_e001526,1,7,2306050007,토요코인 호텔 서울 강남점
e_e001526,2,1,2306060001,농협안성팜랜드
e_e001526,2,2,2306060002,명가 춘천 숯불닭갈비
e_e001526,2,3,2306060003,집
e_e001529,1,1,2305280001,집
e_e001529,1,2,2305280003,소 플러스 양주점
e_e001529,1,3,2305280004,당촌 닭발
e_e001529,1,4,2305280002,부모님 집
e_e001529,2,1,2305290002,옥정 호수공원 주차장
e_e001529,2,2,2305290003,스타벅스 양주 옥정공원
e_e001529,2,3,2305290004,이마트 양주점
e_e001529,2,4,2305290001,집
e_e001530,1,1,2306100001,집
e_e001530,1,2,2306100003,강남시장
e_e001530,1,3,2306100004,카페 휴양
e_e001530,1,4,2306100005,타키
e_e001530,1,5,2306100006,야키토리 석남
e_e001530,1,6,2306100007,석남 녹지도시숲
e_e001530,1,7,2306100002,집
e_e001532,1,1,2306030001,집
e_e001532,1,2,2306030002,춘의역 7호선
e_e001532,1,3,2306030003,부천백만 송이 장미원
e_e001532,1,4,2306030004,스타벅스 춘의역 DT점
e_e001532,1,5,2306030005,장승박이 역 7호선
e_e001532,1,6,2306030006,집
e_e001534,1,1,2305290001,집
e_e001534,1,2,2305290002,건평항
e_e001534,1,3,2305290003,황금호
e_e001534,1,4,2305290005,천상병 귀천공원
e_e001534,1,5,2305290006,카페 칼럼
e_e001534,1,6,2305290007,현대 프리미엄 아울렛 김포점
e_e001534,1,7,2305290004,집
e_e001538,1,1,2306030001,집
e_e001538,1,2,2306030002,그린힐 반도유보라 아이비 파크아파트
e_e001538,1,3,2306030003,청담채
e_e001538,1,4,2306030004,용문농협 하나로마트 본점
e_e001538,1,5,2306030005,정육 마트
e_e001538,1,6,2306030006,청담채
e_e001538,2,1,2306040001,용문사
e_e001538,2,2,2306040002,국제 통닭 동탄점
e_e001538,2,3,2306040003,집
e_e001542,1,1,2306030001,집
e_e001542,1,2,2306030002,현대 경희한의원
e_e001542,1,3,2306030003,쉐라톤 그랜드 인천 호텔
e_e001542,1,4,2306030004,풀 사이드 228 송도점
e_e001542,1,5,2306030005,안스 베이커리 송도점
e_e001542,1,6,2306030006,쉐라톤 그랜드 인천 호텔
e_e001542,2,1,2306040003,쉐라톤 그랜드 인천 호텔 피스트
e_e001542,2,2,2306040001,송도센트럴파크
e_e001542,2,3,2306040002,집
e_e001544,1,1,2306040001,집
e_e001544,1,2,2306040002,용산역
e_e001544,1,3,2306040003,수원역
e_e001544,1,4,2306040004,장안문
e_e001544,1,5,2306040005,버건디
e_e001544,1,6,2306040007,행궁동 벽화마을
e_e001544,1,7,2306040006,방화수류정
e_e001544,1,8,2306040008,화성행궁
e_e001544,1,9,2306040009,행궁 81.2
e_e001544,1,10,2306040010,수원역
e_e001544,1,11,2306040012,용산역
e_e001544,1,12,2306040011,집
e_e001553,1,1,2305300001,집
e_e001553,1,2,2305300002,제이갤러리
e_e001553,1,3,2305300003,밀크 북
e_e001553,1,4,2305300004,베럴 프로틴
e_e001553,1,5,2305300005,롯데 프리미엄 아울렛 파주점
e_e001553,1,6,2305300006,지혜의 숲
e_e001553,1,7,2305300007,아이스타일
e_e001553,1,8,2305300008,집
e_e001557,1,1,2306030001,집
e_e001557,1,2,2306030002,안산 와 스타디움
e_e001557,1,3,2306030003,AW 컨벤션
e_e001557,1,4,2306030004,스몰 굿 커피 안산 고잔점
e_e001557,1,5,2306030005,NC백화점 고잔점
e_e001557,1,6,2306030006,집
e_e001559,1,1,2306040001,집
e_e001559,1,2,2306040002,스시 코코로
e_e001559,1,3,2306040003,율동 공원
e_e001559,1,4,2306040004,책 테마파크 도서관
e_e001559,1,5,2306040005,낙원 타코 서현점
e_e001559,1,6,2306040006,집
e_e001563,1,1,2305280001,집
e_e001563,1,2,2305280003,이마트 별내점
e_e001563,1,3,2305280004,남양주 별내 더 숍 아파트
e_e001563,1,4,2305280005,불암산
e_e001563,1,5,2305280006,직영 동원 셀프주유소
e_e001563,1,6,2305280002,자택
e_e001564,1,1,2306050001,집
e_e001564,1,2,2306050002,경복궁
e_e001564,1,3,2306050003,국립현대미술관 서울관
e_e001564,1,4,2306050004,비어셰프 나향
e_e001564,1,5,2306050005,솔트 24
e_e001564,1,6,2306050007,커피 팩토리 글로 보
e_e001564,1,7,2306050006,집
e_e001565,1,1,2306040001,친구 친지 집
e_e001565,1,2,2306040002,봉덕 칼국수
e_e001565,1,3,2306040003,서울랜드
e_e001565,1,4,2306040004,디지털미디어시티역 경의중앙선
e_e001568,1,1,2305280001,집
e_e001568,1,2,2305280003,시몬스 수원 권선점
e_e001568,1,3,2305280004,LG전자 베스트숍 남수원 본점
e_e001568,1,4,2305280005,삼성스토어 권선점
e_e001568,1,5,2305280006,슬리퍼 수원 쇼룸
e_e001568,1,6,2305280007,NC백화점 수원터미널점
e_e001568,1,7,2305280002,집
e_e001569,1,1,2306060001,집
e_e001569,1,2,2306060002,맥도날드 부평역점
e_e001569,1,3,2306060003,부평역 1호선
e_e001569,1,4,2306060004,시청역 1호선
e_e001569,1,5,2306060005,덕수궁
e_e001569,1,6,2306060006,독수정
e_e001569,1,7,2306060007,돈의문 박물관 마을
e_e001569,1,8,2306060008,서울역사박물관
e_e001569,1,9,2306060009,커피 티처
e_e001569,1,10,2306060010,광화문역 5호선
e_e001569,1,11,2306060011,부평역 1호선
e_e001569,1,12,2306060012,집
e_e001575,1,1,2305280001,집
e_e001575,1,2,2305280002,CGV 송도 타임스페이스
e_e001575,1,3,2305280004,쉐라톤 그랜드 인천 호텔
e_e001575,1,4,2305280005,송도센트럴파크
e_e001575,1,5,2305280006,쉐라톤 그랜드 인천 호텔
e_e001575,1,6,2305280003,쉐라톤 그랜드 인천 호텔
e_e001575,2,1,2305290001,쉐라톤 그랜드 인천 호텔 피스트
e_e001575,2,2,2305290002,송도센트럴파크
e_e001575,2,3,2305290003,스타벅스 송도센트럴파크점
e_e001575,2,4,2305290005,스시 하레 송산점
e_e001575,2,5,2305290004,집
e_e001576,1,1,2305290001,집
e_e001576,1,2,2305290002,보령약국
e_e001576,1,3,2305290004,광장시장
e_e001576,1,4,2305290003,씨유 편의점
e_e001576,1,5,2305290005,신세계백화점 강남점
e_e001576,1,6,2305290010,강남고속 터미널점 호남선
e_e001576,1,7,2305290007,서울 만남의 광장 휴게소 부산방향
e_e001576,1,8,2305290006,남산공원
e_e001576,1,9,2305290008,주유소
e_e001576,1,10,2305290009,집
e_e001577,1,1,2306090001,사무실
e_e001577,1,2,2306090002,에버랜드
e_e001577,1,3,2306090003,전대 에버랜드 역 에버라인
e_e001577,1,4,2306090004,동탄 퍼스트 파크 아파트
e_e001578,1,1,2306060001,집
e_e001578,1,2,2306060003,행주산성
e_e001578,1,3,2306060004,행주 마루
e_e001578,1,4,2306060005,행주산성 제2주차장
e_e001578,1,5,2306060002,용강동 494-111
e_e001888,1,1,2306060001,집
e_e001888,1,2,2306060002,아쿠아 필드 고양
e_e001888,1,3,2306060003,스타필드 고양
e_e001888,1,4,2306060004,집
e_e001890,1,1,2306100001,집
e_e001890,1,2,2306100002,마킹 가천대점
e_e001890,1,3,2306100003,1059-3 Coffee House
e_e001890,1,4,2306100004,창룡문
e_e001890,1,5,2306100005,화성행궁 광장
e_e001890,1,6,2306100006,친구 집
e_e001891,1,1,2306040001,집
e_e001891,1,2,2306040003,박성광 최광해 물손칼국수 본점
e_e001891,1,3,2306040004,태산 패밀리파크
e_e001891,1,4,2306040002,집
e_e001892,1,1,2306060001,집
e_e001892,1,2,2306060003,향교연운남쌀국수
e_e001892,1,3,2306060004,스카이랜드
e_e001892,1,4,2306060002,집
e_e001897,1,1,2306020001,집
e_e001897,1,2,2306020002,드론봇 페스티벌
e_e001897,1,3,2306020003,집
e_e001899,1,1,2306090001,집
e_e001899,1,2,2306090003,쌍룡 갈비
e_e001899,1,3,2306090002,선릉 대림아크로텔 오피스텔
e_e001899,2,1,2306100002,스시 준 잠실점
e_e001899,2,2,2306100003,롯데월드타워 롯데월드몰
e_e001899,2,3,2306100004,투썸플레이스 송파구청 사거리점
e_e001899,2,4,2306100005,배키욘방
e_e001899,2,5,2306100006,석촌호수 동호
e_e001899,2,6,2306100007,롯데월드 샤롯데씨어터
e_e001899,2,7,2306100008,잠실 광역환승센터
e_e001899,2,8,2306100001,집
e_e001900,1,1,2306020001,집
e_e001900,1,2,2306020002,스타벅스 광교 SK 뷰 레이크 41F 점
e_e001900,1,3,2306020003,호암미술관
e_e001900,1,4,2306020004,삼매당 막국수
e_e001900,1,5,2306020005,카페 라온
e_e001900,1,6,2306020006,코스트코 공세점
e_e001900,1,7,2306020007,집
e_e001905,1,1,2306060001,사무실
e_e001905,1,2,2306060002,서오릉
e_e001905,1,3,2306060003,우미 대가왕 주꾸미
e_e001905,1,4,2306060004,이디야커피 고양 서오릉점
e_e001905,1,5,2306060005,집
e_e001909,1,1,2305310001,집
e_e001909,1,2,2305310003,숭례문
e_e001909,1,3,2305310004,청송 옥
e_e001909,1,4,2305310005,배재학당 역사박물관
e_e001909,1,5,2305310006,서울시립미술관 서소문 본관
e_e001909,1,6,2305310007,덕수궁
e_e001909,1,7,2305310008,서울특별시청
e_e001909,1,8,2305310009,버거킹 시청역점
e_e001909,1,9,2305310002,집
e_e001911,1,1,2306040001,집
e_e001911,1,2,2306040002,국립 아세안자연휴양림
e_e001911,1,3,2306040003,배스킨라빈스 양주 백석점
e_e001911,1,4,2306040004,CU 마장호수 유원지점
e_e001911,1,5,2306040005,국립 아세안자연휴양림
e_e001911,2,1,2306050001,국립 아세안자연휴양림
e_e001911,2,2,2306050002,망향비빔국수 송추점
e_e001911,2,3,2306050003,집
e_e001913,1,1,2306020001,집
e_e001913,1,2,2306020002,홈플러스 서수원점
e_e001913,1,3,2306020003,제부도케렌시아
e_e001913,2,1,2306030001,제부도 워터 워크
e_e001913,2,2,2306030003,할리 베어 카페
e_e001913,2,3,2306030005,제부도 해안산책로
e_e001913,2,4,2306030002,서해랑 제부도 해상 케이블카 제부정류장
e_e001913,2,5,2306030004,제부도 해수욕장
e_e001913,2,6,2306030006,서해랑 제부도 해상 케이블카 제부정류장
e_e001913,2,7,2306030007,집
e_e001914,1,1,2306090001,집
e_e001914,1,2,2306090003,카페 253
e_e001914,1,3,2306090004,햇살마루
e_e001914,1,4,2306090005,근이네 조개전골
e_e001914,1,5,2306090006,홍팥집 양재점
e_e001914,1,6,2306090007,말죽거리
e_e001914,1,7,2306090008,서초구청
e_e001914,1,8,2306090002,호텔 페이트 강남
e_e001914,2,1,2306100001,드래건 시티 호텔 웨딩홀
e_e001914,2,2,2306100004,말죽거리
e_e001914,2,3,2306100002,렛츠 런 파크 서울
e_e001914,2,4,2306100003,말이 두레로
e_e001914,2,5,2306100005,호텔 페이트 강남
e_e001916,1,1,2306030001,집
e_e001916,1,2,2306030002,문경휴게소 양평방향
e_e001916,1,3,2306030003,이천 휴게소 하남방향
e_e001916,1,4,2306030004,63스퀘어
e_e001916,1,5,2306030005,아쿠아 플라넷 63
e_e001916,1,6,2306030006,서울 올림픽파크텔
e_e001916,1,7,2306030007,강동 현대홈타운 아파트
e_e001916,1,8,2306030009,서울 올림픽파크텔
e_e001916,2,1,2306040001,서울 올림픽파크텔
e_e001916,2,2,2306040002,올림픽공원
e_e001916,2,3,2306040003,칠곡휴게소 부산방향
e_e001916,2,4,2306040004,집
e_e001923,1,1,2306060001,집
e_e001923,1,2,2306060002,유명산
e_e001923,1,3,2306060003,집
e_e001924,1,1,2306050001,집
e_e001924,1,2,2306050002,D-LIFESTYLE
e_e001924,1,3,2306050003,종묘 서순라길
e_e001924,1,4,2306050004,종묘
e_e001924,1,5,2306050007,한국 통닭
e_e001924,1,6,2306050005,창경궁
e_e001924,1,7,2306050006,동대문종합시장
e_e001924,1,8,2306050008,집
e_e001925,1,1,2306020001,사무실
e_e001925,1,2,2306020002,소노깜 고양 웨스트타워
e_e001925,1,3,2306020003,최상위
e_e001925,1,4,2306020004,홈플러스 킨텍스점
e_e001925,1,5,2306020005,소노깜 고양 웨스트타워
e_e001925,2,1,2306030001,소노깜 고양 셰프스키친
e_e001925,2,2,2306030002,포레스트아웃팅스 일산점
e_e001925,2,3,2306030003,파주 프리미엄 아울렛
e_e001925,2,4,2306030004,김포 센트럴 헤센 1단지 아파트
e_e001925,2,5,2306030005,목동한시청후 아파트
e_e001926,1,1,2306080001,집
e_e001926,1,2,2306080002,서대전역
e_e001926,1,3,2306080003,용산역
e_e001926,1,4,2306080004,락피시 웨더 웨어 성수점
e_e001926,1,5,2306080005,디오르 성수
e_e001926,1,6,2306080006,TWG tea 성수 낙낙점
e_e001926,1,7,2306080007,밀리오레 호텔 명동
e_e001926,1,8,2306080008,육통령 명동 본점
e_e001926,1,9,2306080009,밀리오레 호텔 명동
e_e001926,2,1,2306090001,진주집
e_e001926,2,2,2306090002,피크닉
e_e001926,2,3,2306090003,COS 퀼티드 백 팝업스토어
e_e001926,2,4,2306090004,카페 진선
e_e001926,2,5,2306090005,용산역
e_e001926,2,6,2306090006,서대전역
e_e001926,2,7,2306090007,집
e_e001935,1,1,2306100001,집
e_e001935,1,2,2306100003,호텔야자 오산역점
e_e001935,1,3,2306100004,오산 오색시장
e_e001935,1,4,2306100002,호텔야자 오산역점
e_e001935,2,1,2306110001,하가 교
e_e001935,2,2,2306110002,롯데마트 오산점 주차장
e_e001935,2,3,2306110003,스타벅스 오산 시청점
e_e001935,2,4,2306110004,오산중앙약국
e_e001935,2,5,2306110005,오산 오색시장
e_e001935,2,6,2306110006,장미아파트
e_e001935,2,7,2306110007,백제고분로 7길 8-41
e_e001935,2,8,2306110008,집
e_e001936,1,1,2305310001,집
e_e001936,1,2,2305310002,농협안성팜랜드
e_e001936,1,3,2305310003,명가 순댓국
e_e001936,1,4,2305310004,발할라 커피
e_e001936,1,5,2305310005,안성 3.1운동 기념관
e_e001936,1,6,2305310006,대소 고택
e_e001936,1,7,2305310007,친구 집
e_e001936,2,1,2306010001,기로 띠
e_e001936,2,2,2306010002,와우정사
e_e001936,2,3,2306010003,집
e_e001937,1,1,2306010001,집
e_e001937,1,2,2306010002,에버랜드
e_e001937,1,3,2306010003,집
e_e001940,1,1,2306040001,집
e_e001940,1,2,2306040004,운길산 다 비록
e_e001940,1,3,2306040003,다산 생태공원
e_e001940,1,4,2306040005,물의 정원
e_e001940,1,5,2306040006,현대 프리미엄 아울렛 스페이스 원
e_e001940,1,6,2306040007,곱창 나라
e_e001940,1,7,2306040009,M 호텔
e_e001940,2,1,2306050001,동교로
e_e001940,2,2,2306050002,동교로
e_e001944,1,1,2306040001,집
e_e001944,1,2,2306040002,등촌동 샤브칼국수 수원 화서점
e_e001944,1,3,2306040004,카페 루 카
e_e001944,1,4,2306040003,효원공원 월화원
e_e001944,1,5,2306040005,행궁동 벽화마을
e_e001944,1,6,2306040007,수원 정자 금강 에스쁘아 아파트
e_e001944,1,7,2306040006,집
e_e001949,1,1,2306010001,집
e_e001949,1,2,2306010003,서울숲
e_e001949,1,3,2306010004,요쇼쿠 성수
e_e001949,1,4,2306010005,단일 서울
e_e001949,1,5,2306010006,언더스탠드 에비뉴
e_e001949,1,6,2306010007,뤼미에르 퍼퓸 성수점
e_e001949,1,7,2306010008,투썸플레이스 성수 SKV 타워 점
e_e001949,1,8,2306010009,오레오 팝업스토어
e_e001949,1,9,2306010010,세광 양대창 성수점
e_e001949,1,10,2306010002,집
e_e001950,1,1,2306030001,집
e_e001950,1,2,2306030002,삼동 소바
e_e001950,1,3,2306030003,한국민속촌
e_e001950,1,4,2306030004,심포니 호텔
e_e001950,1,5,2306030005,역전 할머니 맥주 수원 영통점
e_e001950,1,6,2306030006,심포니 호텔
e_e001950,2,1,2306040001,청와대 본관
e_e001950,2,2,2306040002,아이파크몰 용산점
e_e001950,2,3,2306040003,이촌한강공원
e_e001950,2,4,2306040004,집
e_e001955,1,1,2306040001,집
e_e001955,1,2,2306040003,에버랜드
e_e001955,1,3,2306040004,두드림 수타짬뽕
e_e001955,1,4,2306040005,케이 브로스 커피
e_e001955,1,5,2306040002,집
e_e001960,1,1,2306030001,집
e_e001960,1,2,2306030003,하우 앤 여우
e_e001960,1,3,2306030004,소래산 산림욕장
e_e001960,1,4,2306030005,홍익 돈가스 시흥 대야점
e_e001960,1,5,2306030002,집
e_e001968,1,1,2306060001,집
e_e001968,1,2,2306060002,산마 묵밥
e_e001968,1,3,2306060003,황산도
e_e001968,1,4,2306060004,유종호의 커피 볶는 집
e_e001968,1,5,2306060005,강화역사박물관
e_e001968,1,6,2306060006,탑 모텔
e_e001968,1,7,2306060007,박순성 찹쌀떡
e_e001968,1,8,2306060008,강화 녹두삼계탕
e_e001968,1,9,2306060009,남산공원
e_e001968,1,10,2306060010,탑 모텔
e_e001968,2,1,2306070001,고려산
e_e001968,2,2,2306070002,쭈꾸미킹 강화대교점
e_e001968,2,3,2306070003,cr 커피
e_e001968,2,4,2306070004,집
e_e001972,1,1,2306030001,집
e_e001972,1,2,2306030002,다운 다우너 잠실
e_e001972,1,3,2306030003,설빙 서울 석촌호수 동호점
e_e001972,1,4,2306030004,롯데월드타워 롯데월드몰
e_e001972,1,5,2306030005,롯데시네마 월드타워
e_e001972,1,6,2306030006,집
e_e001982,1,1,2306100001,집
e_e001982,1,2,2306100002,갈낙집
e_e001982,1,3,2306100003,르돌치1946
e_e001982,1,4,2306100004,평화의 공원
e_e001982,1,5,2306100005,집
e_e001985,1,1,2306030001,집
e_e001985,1,2,2306030002,현대 프리미엄 아울렛 김포점
e_e001985,1,3,2306030003,아라마리나 주차장
e_e001985,1,4,2306030004,리 하우스
e_e001985,1,5,2306030005,충정로 리 하우스
e_e001987,1,1,2306060001,집
e_e001987,1,2,2306060003,궁평항 수산물 직판장
e_e001987,1,3,2306060004,궁평 낙조길
e_e001987,1,4,2306060005,화성방조제
e_e001987,1,5,2306060002,싱싱 하우스 협동조합
e_e001987,2,1,2306070001,강릉 짬뽕 순두부
e_e001987,2,2,2306070002,집
e_e001989,1,1,2306050001,사무실
e_e001989,1,2,2306050002,진화로 신림본점
e_e001989,1,3,2306050003,헤르츠 모텔
e_e001989,2,1,2306060001,또순이 순대 본점
e_e001989,2,2,2306060002,아우어 베이커리 용산 아이파크몰점
e_e001989,2,3,2306060003,아이파크몰 용산점
e_e001989,2,4,2306060004,삼송 빵집 아이파크몰 용산점
e_e001989,2,5,2306060005,명인만두 도곡 1호점
e_e001989,2,6,2306060006,화성 시청역 센트럴파크 스타힐스 2단지 아파트
e_e001990,1,1,2306030001,집
e_e001990,1,2,2306030002,트레이더스 홀세일 클럽 고양점
e_e001990,1,3,2306030003,네스프레소 팝업 부티크 스타필드 고양점
e_e001990,1,4,2306030004,고양시립 별 꿈 도서관
e_e001990,1,5,2306030005,집
e_e001993,1,1,2306040001,집
e_e001993,1,2,2306040002,신대방삼거리역 7호선
e_e001993,1,3,2306040003,광명역 1호선
e_e001993,1,4,2306040004,가야 밀면
e_e001993,1,5,2306040005,AK플라자 광명
e_e001993,1,6,2306040006,광명동굴
e_e001993,1,7,2306040007,주재근 베이커리 본점
e_e001993,1,8,2306040008,철산역 7호선
e_e001993,1,9,2306040009,신대방삼거리역 7호선
e_e001993,1,10,2306040010,집
e_e001996,1,1,2306050001,사무실
e_e001996,1,2,2306050002,금촌 통일시장
e_e001996,1,3,2306050003,고조선
e_e001996,1,4,2306050004,립 모텔
e_e001996,2,1,2306060001,운정 2동 행정복지센터
e_e001996,2,2,2306060002,금화 왕돈가스
e_e001996,2,3,2306060003,파주시 도시 관광공사 운정 행복센터 대공연장
e_e001996,2,4,2306060004,운정 호수 공원
e_e001996,2,5,2306060005,길음역 금호어울림센터 힐 아파트
e_e001997,1,1,2306020001,집
e_e001997,1,2,2306020002,오이도역 수인 분당선
e_e001997,1,3,2306020003,기흥역 수인 분당선
e_e001997,1,4,2306020005,두창 저수지
e_e001997,1,5,2306020004,백암 터미널
e_e001997,1,6,2306020007,솔빛 예쁜 펜션
e_e001997,2,1,2306030001,두창 저수지
e_e001997,2,2,2306030002,고래성 손두부
e_e001997,2,3,2306030003,용인 공용 임시버스터미널
e_e001997,2,4,2306030004,운동장 송담대 역 에버라인
e_e001997,2,5,2306030005,기흥역 에버라인
e_e001997,2,6,2306030006,AK 기흥점
e_e001997,2,7,2306030007,스타벅스 기흥역 AK R 점
e_e001997,2,8,2306030008,AK 기흥점
e_e001997,2,9,2306030009,기흥역 수인 분당선
e_e001997,2,10,2306030010,좋아요 in 스토어
e_e001997,2,11,2306030011,오이도역 수인 분당선
e_e001997,2,12,2306030012,집
e_e002010,1,1,2306040001,집
e_e002010,1,2,2306040003,연신내역 3호선
e_e002010,1,3,2306040004,남대문세무서 버스정거장
e_e002010,1,4,2306040005,트레벨오피스텔
e_e002010,1,5,2306040006,김정수 토스트
e_e002010,1,6,2306040007,율동 공원
e_e002010,1,7,2306040008,책 테마파크 도서관
e_e002010,1,8,2306040009,성남 3.1운동 기념공원
e_e002010,1,9,2306040010,현대백화점 판교점
e_e002010,1,10,2306040011,정돈 현대백화점 판교점
e_e002010,1,11,2306040012,랩 오브 파리바게뜨
e_e002010,1,12,2306040013,올리브영 판교 카카오 점
e_e002010,1,13,2306040014,다이소 분당 수내점
e_e002010,1,14,2306040002,트레벨오피스텔
e_e002010,2,1,2306050002,청계산
e_e002010,2,2,2306050003,리숨두부
e_e002010,2,3,2306050004,미미 호두
e_e002010,2,4,2306050001,집
e_e002011,1,1,2306020001,집
e_e002011,1,2,2306020002,전주역
e_e002011,1,3,2306020003,평택역
e_e002011,1,4,2306020004,통복시장
e_e002011,1,5,2306020005,친구 집
e_e002011,1,6,2306020006,터프 이너프 평택 비전점
e_e002011,1,7,2306020007,친구 집
e_e002011,2,1,2306030001,스타필드 안성
e_e002011,2,2,2306030002,평택 중고차 매매 단지
e_e002011,2,3,2306030003,평택역
e_e002011,2,4,2306030004,전주역 주차장
e_e002011,2,5,2306030005,집
e_e002013,1,1,2306030002,집
e_e002013,1,2,2306030003,동대구역
e_e002013,1,3,2306030004,수서역
e_e002013,1,4,2306030005,위례로 제비원 아파트
e_e002013,1,5,2306030006,위례 중앙광장
e_e002013,1,6,2306030007,바다 슈퍼 해물 천하 조개구이찜 위례점
e_e002013,1,7,2306030008,창곡천수변공원
e_e002013,1,8,2306030009,르방오뎅
e_e002013,1,9,2306030010,배스킨라빈스 북 위례 힐스테이트점
e_e002013,1,10,2306030011,GS25 북위례 경서점
e_e002013,1,11,2306030001,위례로 제비원 아파트
e_e002013,2,1,2306040001,위례 학암동 631-1
e_e002013,2,2,2306040002,스타벅스 송파 위례점
e_e002013,2,3,2306040003,청진동 해장국 마천점
e_e002013,2,4,2306040004,위례로 제비원 아파트
e_e002013,2,5,2306040005,이사장
e_e002013,2,6,2306040006,하남 숯불닭갈비
e_e002013,2,7,2306040007,수서역
e_e002013,2,8,2306040008,동대구역
e_e002013,2,9,2306040009,집
e_e002014,1,1,2306030001,집
e_e002014,1,2,2306030002,컴포즈커피 송파 헬리오시티점
e_e002014,1,3,2306030003,석촌역 8호선
e_e002014,1,4,2306030004,천호역 5호선
e_e002014,1,5,2306030005,하남 검단산역 5호선
e_e002014,1,6,2306030006,스타필드 하남
e_e002014,1,7,2306030007,트레이더스 홀세일 클럽 하남점
e_e002014,1,8,2306030008,트레이더스 홀세일 클럽 하남점
e_e002014,1,9,2306030009,아쿠아 필드 하남
e_e002014,1,10,2306030010,올리브영 스타필드 하남점
e_e002014,1,11,2306030011,스타필드 하남
e_e002014,1,12,2306030012,하남 검단산역 5호선
e_e002014,1,13,2306030013,석촌역 8호선
e_e002014,1,14,2306030014,KFC 석촌역점
e_e002014,1,15,2306030015,집
e_e002018,1,1,2306100001,집
e_e002018,1,2,2306100003,스타벅스 하남 덕풍점
e_e002018,1,3,2306100004,아차산 생태공원 아차산 어울림 광장
e_e002018,1,4,2306100005,아차산 숲속 도서관
e_e002018,1,5,2306100002,집
e_e002024,1,1,2306020001,집
e_e002024,1,2,2306020002,미메시스 아트 뮤지엄
e_e002024,1,3,2306020003,스타필드 고양
e_e002024,1,4,2306020004,오토 스테이 고양 뉴캐슬
e_e002024,1,5,2306020005,집
e_e002025,1,1,2306050001,집
e_e002025,1,2,2306050003,동래 복집 미사리점
e_e002025,1,3,2306050004,하남 나무고아원
e_e002025,1,4,2306050002,집
e_e002028,1,1,2306030001,친구 친지 집
e_e002028,1,2,2306030002,봉덕 칼국수 의왕 본점
e_e002028,1,3,2306030003,백운호수
e_e002028,1,4,2306030004,그린 플래그 커피
e_e002028,1,5,2306030005,롯데 프리미엄 아울렛 타임 빌라스
e_e002028,1,6,2306030006,벨로시티 오피스텔
e_e002030,1,1,2306020001,집
e_e002030,1,2,2306020003,오이도 빨강등대
e_e002030,1,3,2306020004,소양강 횟집
e_e002030,1,4,2306020005,오이도 선사유적공원
e_e002030,1,5,2306020006,오이도 전망대 카페
e_e002030,1,6,2306020007,집
e_e002033,1,1,2306060001,집
e_e002033,1,2,2306060002,기흥호수 공원 순환산책로
e_e002033,1,3,2306060003,롯데 프리미엄 아울렛 기흥점
e_e002033,1,4,2306060004,집
e_e002034,1,1,2306030001,집
e_e002034,1,2,2306030009,수서역
e_e002034,1,3,2306030003,예술의전당 한가람미술관
e_e002034,1,4,2306030004,반포 한강공원 달빛광장
e_e002034,1,5,2306030005,덕수궁
e_e002034,1,6,2306030006,덕수궁 링에제 와플
e_e002034,1,7,2306030007,포컬 포인트
e_e002034,1,8,2306030008,동대구역
e_e002034,1,9,2306030002,집
e_e002035,1,1,2306030001,집
e_e002035,1,2,2306030002,임진강 주상절리
e_e002035,1,3,2306030003,재인폭포
e_e002035,1,4,2306030004,불탄 호가든
e_e002035,1,5,2306030005,임진각 평화 곤돌라
e_e002035,1,6,2306030006,집
e_e002036,1,1,2306060001,집
e_e002036,1,2,2306060003,박리 김밥
e_e002036,1,3,2306060005,수원 화성
e_e002036,1,4,2306060004,수원 화성 연무대 관광안내소
e_e002036,1,5,2306060006,드라마 촬영지 (그해 우리는)
e_e002036,1,6,2306060007,트리코
e_e002036,1,7,2306060008,한옥기술 전시관
e_e002036,1,8,2306060009,행궁동 벽화마을
e_e002036,1,9,2306060010,독산성 산림욕장
e_e002036,1,10,2306060002,집
e_e002038,1,1,2306030001,집
e_e002038,1,2,2306030002,제부도 해안산책로
e_e002038,1,3,2306030003,제부도 해수욕장
e_e002038,1,4,2306030004,물레
e_e002038,1,5,2306030005,집
e_e002039,1,1,2306030001,집
e_e002039,1,2,2306030002,호암미술관 전통정원 희원
e_e002039,1,3,2306030003,호암미술관
e_e002039,1,4,2306030004,수담 보라 민속촌점
e_e002039,1,5,2306030005,스타벅스 용인 보라 DT점
e_e002039,1,6,2306030006,롯데 프리미엄 아울렛 기흥점
e_e002039,1,7,2306030007,집
e_e002045,1,1,2306050001,집
e_e002045,1,2,2306050002,시흥갯골생태공원
e_e002045,1,3,2306050003,시흥 프리미엄 아울렛
e_e002045,1,4,2306050004,월곶포구
e_e002045,1,5,2306050005,브라운 도트 호텔 월곶점
e_e002045,2,1,2306060001,아산스파비스
e_e002045,2,2,2306060002,송산포도 휴게소 시흥방향
e_e002045,2,3,2306060003,집
e_e002049,1,1,2306040001,집
e_e002049,1,2,2306040002,청주 고속버스 임시터미널
e_e002049,1,3,2306040003,서울고속버스터미널(경부)
e_e002049,1,4,2306040004,다이소 강남고속버스터미널점
e_e002049,1,5,2306040005,반포 한강공원 달빛광장
e_e002049,1,6,2306040006,카페 포레
e_e002049,1,7,2306040007,인트로 호텔
e_e002049,2,1,2306050001,코엑스
e_e002049,2,2,2306050002,서울고속버스터미널(경부)
e_e002049,2,3,2306050003,청주 고속버스 임시터미널
e_e002049,2,4,2306050004,집
e_e002051,1,1,2306030001,숙소
e_e002051,1,2,2306030002,청와대 본관
e_e002051,1,3,2306030003,국수 명가
e_e002051,1,4,2306030004,현대카드 디자인 라이브러리
e_e002051,1,5,2306030005,로우 루프
e_e002051,1,6,2306030006,국립현대미술관 서울관
e_e002051,1,7,2306030007,양재역 민영 주차장
e_e002051,1,8,2306030008,삼성나노시티 기흥캠퍼스
e_e002053,1,1,2306030001,집
e_e002053,1,2,2306030008,메가 MGC 커피 시흥 그랑트리캐슬점
e_e002053,1,3,2306030003,은계 호수공원
e_e002053,1,4,2306030004,정글비 시흥 은계점
e_e002053,1,5,2306030005,때 경부
e_e002053,1,6,2306030009,포토 이즘 박스 시흥 은계점
e_e002053,1,7,2306030006,왕과 탕후루 시흥 은계점
e_e002053,1,8,2306030007,CU 대야 센트럴점
e_e002053,1,9,2306030002,시흥 센트럴 푸르지오 아파트
e_e002053,2,1,2306040002,히스 베이커리
e_e002053,2,2,2306040003,롯데리아 롯데마트 시흥점
e_e002053,2,3,2306040004,빽다방 시흥 대야 롯데점
e_e002053,2,4,2306040001,집
e_e002056,1,1,2306100001,집
e_e002056,1,2,2306100003,두물머리
e_e002056,1,3,2306100002,집
e_e002058,1,1,2306020001,집
e_e002058,1,2,2306020002,곤지암리조트 L 빌리지
e_e002058,2,1,2306030003,제주시
e_e002058,2,2,2306030001,화담숲 매표소
e_e002058,2,3,2306030002,화담숲 주막
e_e002058,2,4,2306030004,우진 정육 식당
e_e002058,2,5,2306030005,집
e_e002059,1,1,2306030001,집
e_e002059,1,2,2306030002,용흥궁공원
e_e002059,1,3,2306030003,대한 성공회 강화성당
e_e002059,1,4,2306030004,수라면 옥
e_e002059,1,5,2306030006,성산 청소년 수련원
e_e002059,2,1,2306040001,고려궁지 외규장각
e_e002059,2,2,2306040002,왕자적 묵밥
e_e002059,2,3,2306040003,집
e_e002064,1,1,2306020001,집
e_e002064,1,2,2306020003,타임스퀘어
e_e002064,1,3,2306020004,호텔 데저트
e_e002064,1,4,2306020005,영등포역 지하쇼핑센터
e_e002064,1,5,2306020002,집
e_e002066,1,1,2306040001,집
e_e002066,1,2,2306040002,탄탄면 공방 스타필드 하남점
e_e002066,1,3,2306040003,아쿠아 필드 하남
e_e002066,1,4,2306040004,돼지통 미사직영점
e_e002066,1,5,2306040005,집
e_e002069,1,1,2306100001,집
e_e002069,1,2,2306100002,스타필드 코엑스몰
e_e002069,1,3,2306100003,코엑스 아쿠아리움
e_e002069,1,4,2306100004,롯데월드 쇼핑몰
e_e002069,1,5,2306100005,류센소
e_e002069,1,6,2306100007,롯데 쇼핑몰 앞 광장
e_e002069,1,7,2306100006,아우어 베이커리 롯데 잠실점
e_e002069,1,8,2306100008,집
e_e002070,1,1,2306050001,집
e_e002070,1,2,2306050002,구복 만두
e_e002070,1,3,2306050003,다이소 남영역점
e_e002070,1,4,2306050004,챔프 커피 2작업실
e_e002070,1,5,2306050005,뚝섬 미술관
e_e002070,1,6,2306050006,공간 와디즈
e_e002070,1,7,2306050007,서울숲
e_e002070,1,8,2306050008,오레노카츠 성수 본점
e_e002070,1,9,2306050009,집
e_e002071,1,1,2306070001,집
e_e002071,1,2,2306070002,인플럭스
e_e002071,1,3,2306070003,물의 정원
e_e002071,1,4,2306070004,운길산
e_e002071,1,5,2306070005,집
e_e002074,1,1,2306040001,집
e_e002074,1,2,2306040002,이수역 리가 아파트
e_e002074,1,3,2306040003,정원 에프엔비
e_e002074,1,4,2306040004,동대문 문구완구 시장
e_e002074,1,5,2306040005,동묘공원
e_e002074,1,6,2306040006,현대 시티 아울렛 동대문점
e_e002074,1,7,2306040007,picnic
e_e002074,1,8,2306040008,잠수교
e_e002074,1,9,2306040009,강남 터미널 경부선 지하상가
e_e002074,1,10,2306040011,이수역 리가 아파트
e_e002074,2,1,2306050001,라마다호텔 앤 스위트 서울남대문 리에나
e_e002074,2,2,2306050002,서소문 성지 역사박물관
e_e002074,2,3,2306050003,서울로 717
e_e002074,2,4,2306050005,이수역 리가 아파트
e_e002074,2,5,2306050004,집
e_e002076,1,1,2306030001,집
e_e002076,1,2,2306030002,수원 영 동 시장
e_e002076,1,3,2306030003,화성행궁 광장
e_e002076,1,4,2306030004,굿윌스토어 밀알 수원 북문점
e_e002076,1,5,2306030005,화성행궁
e_e002076,1,6,2306030006,집
e_e002077,1,1,2306010001,집
e_e002077,1,2,2306010003,경주 십원빵 영종점
e_e002077,1,3,2306010004,영종진공원
e_e002077,1,4,2306010005,대성 수산
e_e002077,1,5,2306010006,랑데자뷰 영종구읍뱃터
e_e002077,1,6,2306010002,집
e_e002078,1,1,2306030001,집
e_e002078,1,2,2306030003,마전 낚시터
e_e002078,1,3,2306030002,마전 낚시터
e_e002078,2,1,2306040001,집
e_e002079,1,1,2306040001,집
e_e002079,1,2,2306040003,벽초지 수목원
e_e002079,1,3,2306040004,미사리밀빛초계국수 일산점
e_e002079,1,4,2306040005,퍼스트 가든
e_e002079,1,5,2306040002,집
e_e002081,1,1,2306040001,집
e_e002081,1,2,2306040002,동탄 센트럴파크
e_e002081,1,3,2306040003,콧테리
e_e002081,1,4,2306040004,파라다이스 시티 씨메르
e_e002081,1,5,2306040005,셀럽
e_e002081,1,6,2306040006,집
e_e002082,1,1,2306030001,집
e_e002082,1,2,2306030003,영등포역
e_e002082,1,3,2306030004,수원역
e_e002082,1,4,2306030005,백 소장 수원역점
e_e002082,1,5,2306030006,포 포인츠 바이 쉐라톤 수원 호텔
e_e002082,1,6,2306030007,헤올커피로스터즈
e_e002082,1,7,2306030008,장안문
e_e002082,1,8,2306030009,방화수류정
e_e002082,1,9,2306030010,용연
e_e002082,1,10,2306030011,남문 통닭 수원 본점
e_e002082,1,11,2306030002,포 포인츠 바이 쉐라톤 수원 호텔
e_e002082,2,1,2306040002,냠냠 식빵 수원 인계점
e_e002082,2,2,2306040003,파리바게뜨 수원 시청역점
e_e002082,2,3,2306040004,포 포인츠 바이 쉐라톤 수원 호텔
e_e002082,2,4,2306040005,생선 수원
e_e002082,2,5,2306040001,집
e_e002083,1,1,2306060001,집
e_e002083,1,2,2306060002,롯데몰 은평점
e_e002083,1,3,2306060003,서울 북한산 카라반
e_e002083,1,4,2306060004,진관사계곡
e_e002083,1,5,2306060005,서울 북한산 카라반
e_e002083,2,1,2306070001,은평 한옥마을
e_e002083,2,2,2306070003,마음의 정원
e_e002083,2,3,2306070002,집
e_e002084,1,1,2306030001,집
e_e002084,1,2,2306030003,토향
e_e002084,1,3,2306030004,임진각 평화누리
e_e002084,1,4,2306030005,가드너스
e_e002084,1,5,2306030006,헤이리 예술마을
e_e002084,1,6,2306030007,교하 제면소
e_e002084,1,7,2306030002,집
e_e002089,1,1,2306030001,집
e_e002089,1,2,2306030002,딥
e_e002089,1,3,2306030003,류 옹
e_e002089,1,4,2306030004,수원 화성 박물관
e_e002089,1,5,2306030005,수원 소품 거리
e_e002089,1,6,2306030006,수원 화성
e_e002089,1,7,2306030007,행궁 81.2
e_e002089,1,8,2306030008,집
e_e002092,1,1,2306030001,집
e_e002092,1,2,2306030008,GS 더 프레시 송도캠퍼스점
e_e002092,1,3,2306030002,송도해모로 월드뷰 아파트
e_e002092,1,4,2306030003,하루 필름 인천 송도점
e_e002092,1,5,2306030004,포크
e_e002092,1,6,2306030005,송도해모로 월드뷰 아파트
e_e002092,1,7,2306030006,맥 썸 송도점
e_e002092,1,8,2306030007,집
e_e002093,1,1,2306070004,사무실
e_e002093,1,2,2306070001,남춘천역
e_e002093,1,3,2306070002,경의선 책거리
e_e002093,1,4,2306070005,오산이 초밥 홍대점
e_e002093,1,5,2306070006,이너 커피
e_e002093,1,6,2306070003,안양 석수 대주파크빌 아파트
e_e002097,1,1,2306030001,집
e_e002097,1,2,2306030003,할머니네 집
e_e002097,1,3,2306030004,수원시립미술관
e_e002097,1,4,2306030005,방화수류정
e_e002097,1,5,2306030006,보성 양대 창구이 전문점
e_e002097,1,6,2306030007,GS25 고색리 치아 노점
e_e002097,1,7,2306030002,고색 루치아노 오피스텔
e_e002097,2,1,2306040002,향리원 마라탕 수원역점
e_e002097,2,2,2306040003,수원역 로데오거리
e_e002097,2,3,2306040001,집
e_e002099,1,1,2306090001,집
e_e002099,1,2,2306090003,남산공원 N서울타워
e_e002099,1,3,2306090004,호텔 캠퍼스
e_e002099,1,4,2306090005,에잇 세컨즈 가로수길점
e_e002099,1,5,2306090006,신사도 소리
e_e002099,1,6,2306090007,빈티지 코인 노래연습장
e_e002099,1,7,2306090002,집
e_e002100,1,1,2306100001,집
e_e002100,1,2,2306100002,자갈치 식당 고속 터미널점
e_e002100,1,3,2306100004,공차 고속 터미널점
e_e002100,1,4,2306100005,신발
e_e002100,1,5,2306100006,왕 도토리
e_e002100,1,6,2306100007,파리바게뜨 고속 터미널점
e_e002100,1,7,2306100003,집
e_e002106,1,1,2306060001,집
e_e002106,1,2,2306060002,화성행궁
e_e002106,1,3,2306060003,솔 솥 행궁점
e_e002106,1,4,2306060004,정지영커피로스터즈 행궁 본점
e_e002106,1,5,2306060006,행리단길
e_e002106,1,6,2306060005,방화수류정
e_e002106,1,7,2306060007,메가박스 수원 남문
e_e002106,1,8,2306060008,팔달문시장
e_e002106,1,9,2306060009,집
e_e002108,1,1,2306030001,집
e_e002108,1,2,2306030002,게 좋아 연평도 간장게장 무한리필 검단 본점
e_e002108,1,3,2306030003,현대 프리미엄 아울렛 송도점
e_e002108,1,4,2306030004,집
e_e002110,1,1,2306100001,집
e_e002110,1,2,2306100002,강화 루지
e_e002110,1,3,2306100003,진복호
e_e002110,1,4,2306100004,집
e_e002112,1,1,2306050001,집
e_e002112,1,2,2306050002,에버랜드 장미축제
e_e002112,1,3,2306050003,에버랜드 차이나 문
e_e002112,1,4,2306050004,에버랜드
e_e002112,1,5,2306050005,집
e_e002114,1,1,2306100001,집
e_e002114,1,2,2306100002,스타필드 고양
e_e002114,1,3,2306100003,집
e_e002121,1,1,2306030001,집
e_e002121,1,2,2306030002,신도림 테크노 근린공원
e_e002121,1,3,2306030003,신도림 테크노마트
e_e002121,1,4,2306030004,현대백화점 디큐브시티점
e_e002121,1,5,2306030005,마포중앙도서관
e_e002121,1,6,2306030006,다이소 인덕원점
e_e002121,1,7,2306030007,집
e_e002126,1,1,2306030001,집
e_e002126,1,2,2306030002,서울역
e_e002126,1,3,2306030003,63스퀘어
e_e002126,1,4,2306030004,스타벅스 샛강역점
e_e002126,1,5,2306030005,지인 집 방문
e_e002126,1,6,2306030006,준수 돈가스 냉면(위례)
e_e002126,1,7,2306030007,석촌호수
e_e002126,1,8,2306030008,광나루 한강공원
e_e002126,1,9,2306030009,에스라인 모텔
e_e002126,1,10,2306030010,에스라인 모텔
e_e002126,2,1,2306040001,두성 전주 콩나물국밥
e_e002126,2,2,2306040003,지인 집 방문
e_e002126,2,3,2306040002,투썸플레이스 명동 대연각 타워 점
e_e002126,2,4,2306040004,수서역 벌교 한 상
e_e002126,2,5,2306040006,동대구역
e_e002126,2,6,2306040005,집
e_e002130,1,1,2306100001,집
e_e002130,1,2,2306100002,뚝섬역 2호선
e_e002130,1,3,2306100003,타코튜스데이 성수점
e_e002130,1,4,2306100004,유어 네이키드 치즈
e_e002130,1,5,2306100005,포동 푸딩
e_e002130,1,6,2306100006,뚝섬 미술관
e_e002130,1,7,2306100007,성수기
e_e002130,1,8,2306100008,집
e_e002131,1,1,2306030001,집
e_e002131,1,2,2306030003,양주 해피 캠핑장
e_e002131,1,3,2306030004,익지 장사
e_e002131,1,4,2306030002,양주 해피 캠핑장
e_e002131,2,1,2306040001,브루다 양주
e_e002131,2,2,2306040002,기산저수지 수변산책로
e_e002131,2,3,2306040003,집
e_e002132,1,1,2306100001,친구 친지 집
e_e002132,1,2,2306100002,일월 수목원
e_e002132,1,3,2306100003,행리단길
e_e002132,1,4,2306100004,캐비닛 베이글
e_e002132,1,5,2306100005,롯데 아울렛 광교점
e_e002132,1,6,2306100006,롯데시네마 광교 아울렛
e_e002132,1,7,2306100007,꿈마을 동아아파트
e_e002135,1,1,2306040001,집
e_e002135,1,2,2306040003,홍익 돈가스 김포 운양점
e_e002135,1,3,2306040004,경기도 김포시 김포한강 11로 255
e_e002135,1,4,2306040005,소문난 청년 푸줏간
e_e002135,1,5,2306040006,평화누리 캠핑장
e_e002135,1,6,2306040007,임진각 평화누리
e_e002135,1,7,2306040002,평화누리 캠핑장
e_e002135,2,1,2306050001,임진각 평화누리
e_e002135,2,2,2306050002,집
e_e002136,1,1,2306040001,집
e_e002136,1,2,2306040002,테디 뵈르 하우스
e_e002136,1,3,2306040003,COS 퀼티드 백 팝업스토어
e_e002136,1,4,2306040004,호족반 청담
e_e002136,1,5,2306040005,도산 근린공원
e_e002136,1,6,2306040006,역전 할머니 맥주 서울 신사 가로수 길 점
e_e002136,1,7,2306040007,고향역
e_e002136,1,8,2306040008,집
e_e002141,1,1,2306020001,집
e_e002141,1,2,2306020002,성북 꿈빛극장
e_e002141,1,3,2306020003,보배 반점 하월곡점
e_e002141,1,4,2306020004,노블레스 관광호텔
e_e002141,2,1,2306030002,노원문화의 거리
e_e002141,2,2,2306030003,고봉인 김밥인 서울 노원구청점
e_e002141,2,3,2306030005,개울장
e_e002141,2,4,2306030004,정릉동 교통광장
e_e002141,2,5,2306030006,정릉시장
e_e002141,2,6,2306030007,기차 순댓국 II
e_e002141,2,7,2306030008,올리브영 정릉점
e_e002141,2,8,2306030009,길음 시장
e_e002141,2,9,2306030010,투썸플레이스 길음역점
e_e002141,2,10,2306030011,성북 꿈빛극장
e_e002141,2,11,2306030012,하늘공원
e_e002141,2,12,2306030001,집
e_e002143,1,1,2306030001,집
e_e002143,1,2,2306030003,미분당 행신점
e_e002143,1,3,2306030004,소마드로잉 카페 고양 행신점
e_e002143,1,4,2306030005,Mousse Mong
e_e002143,1,5,2306030006,행신 도서관
e_e002143,1,6,2306030007,BBQ 치킨 고양 능곡 접
e_e002143,1,7,2306030002,부모님댁
e_e002143,2,1,2306040002,토당 문화 플랫폼 능곡 194
e_e002143,2,2,2306040003,부모님댁
e_e002143,2,3,2306040004,현대백화점 킨텍스점 문화홀
e_e002143,2,4,2306040005,초이 다이닝 킨텍스점
e_e002143,2,5,2306040001,집
e_e002145,1,1,2307030001,집
e_e002145,1,2,2307030006,백 소장 수원역점
e_e002145,1,3,2307030004,광교호수공원 프라이 부르크 전망대
e_e002145,1,4,2307030005,광교 푸른 숲 도서관
e_e002145,1,5,2307030003,광교호수공원
e_e002145,1,6,2307030002,집
e_e002146,1,1,2306030001,집
e_e002146,1,2,2306030003,루덴시아
e_e002146,1,3,2306030004,신세계 프리미엄 아울렛 여주
e_e002146,1,4,2306030002,태릉입구역 지인 집
e_e002148,1,1,2306030001,집
e_e002148,1,2,2306030002,수원 화성 장안문 안내소
e_e002148,1,3,2306030003,수원 화성 화홍문
e_e002148,1,4,2306030004,진미 통닭
e_e002148,1,5,2306030005,화성행궁
e_e002148,1,6,2306030006,썬스타
e_e002148,2,1,2306040001,수원 화성 박물관
e_e002148,2,2,2306040002,본 수원갈비 본점
e_e002148,2,3,2306040003,서울 마포구 독 작로 2나 길 22
e_e002152,1,1,2306030001,집
e_e002152,1,2,2306030002,호수 앉기
e_e002152,1,3,2306030003,기흥호수 공원
e_e002152,1,4,2306030004,이케아 기흥점
e_e002152,1,5,2306030005,집
e_e002154,1,1,2306030001,집
e_e002154,1,2,2306030003,친구 집
e_e002154,1,3,2306030004,서암 생활체육공원
e_e002154,1,4,2306030005,남정 골
e_e002154,1,5,2306030006,카페 드 첼시
e_e002154,1,6,2306030007,친구 집
e_e002154,1,7,2306030002,집
e_e002157,1,1,2306020001,집
e_e002157,1,2,2306020008,인계동 주유소
e_e002157,1,3,2306020002,원조 조선평양냉면
e_e002157,1,4,2306020003,평택 용이 죽백동 유적
e_e002157,1,5,2306020004,죽백화 커피클럽
e_e002157,1,6,2306020005,숙소
e_e002157,1,7,2306020006,이자카야 장당
e_e002157,1,8,2306020007,숙소
e_e002157,2,1,2306030001,드라마[1응답하라 1988] 촬영지
e_e002157,2,2,2306030003,숙소
e_e002157,2,3,2306030002,집
e_e002158,1,1,2306060001,친구 친지 집
e_e002158,1,2,2306060003,항일운동 기념탑
e_e002158,1,3,2306060004,완도 집
e_e002158,1,4,2306060005,남한산성 행궁
e_e002158,1,5,2306060006,남한산성 둘레길 2코스
e_e002158,1,6,2306060007,카페 산
e_e002158,1,7,2306060002,본인 집
e_e002159,1,1,2306040001,집
e_e002159,1,2,2306040002,수원 제일 큰 약국
e_e002159,1,3,2306040005,화성행궁
e_e002159,1,4,2306040007,카자 구루메
e_e002159,1,5,2306040008,수원 화성 팔달문
e_e002159,1,6,2306040003,구매탄시장
e_e002159,1,7,2306040004,초록 목장
e_e002159,1,8,2306040006,올리브영 홈플러스 동수원점
e_e002159,1,9,2306040009,탑텐 홈플동수원점
e_e002159,1,10,2306040011,배스킨라빈스 동수원 홈플러스점
e_e002159,1,11,2306040010,홈플러스 동수원점
e_e002159,1,12,2306040012,집
e_e002159,2,1,2306050001,광교산
e_e002159,2,2,2306050002,광교 공영주차장
e_e002159,2,3,2306050008,다이소 롯데몰 수원점
e_e002159,2,4,2306050004,롯데시네마 수원
e_e002159,2,5,2306050003,수원역 롯데몰
e_e002159,2,6,2306050005,일랑
e_e002159,2,7,2306050006,배스킨라빈스 북수원 홈플러스점
e_e002159,2,8,2306050007,올리브영 홈플러스 북수원점
e_e002159,2,9,2306050009,홈플러스 북수원점 주차장
e_e002160,1,1,2306030001,집
e_e002160,1,2,2306030002,서울대공원 장미원
e_e002160,1,3,2306030003,서울대공원
e_e002160,1,4,2306030004,테트
e_e002160,1,5,2306030005,틈새라면 명동 본점
e_e002160,1,6,2306030006,남산공원 N서울타워
e_e002160,1,7,2306030007,집
e_e002161,1,1,2306040001,집
e_e002161,1,2,2306040002,한빛(지하) 공영주차장
e_e002161,1,3,2306040003,파스쿠찌 화성 동탄점
e_e002161,1,4,2306040004,아트박스 동탄 타임 테라스점
e_e002161,1,5,2306040005,알라딘 중고서점 동탄점
e_e002161,1,6,2306040006,민스 커피
e_e002161,1,7,2306040007,도미노피자 동탄점
e_e002161,1,8,2306040009,투데이 호텔
e_e002161,2,1,2306050001,무공 돈가스 동탄 남광장점
e_e002161,2,2,2306050002,투데이 호텔
e_e002163,1,1,2306050001,집
e_e002163,1,2,2306050002,파주출판도시 자유로 휴게소 주차장
e_e002163,1,3,2306050003,문지리 535
e_e002163,1,4,2306050004,문지리 535
e_e002163,1,5,2306050005,친지 집
e_e002163,1,6,2306050006,미화 칼라
e_e002163,1,7,2306050007,연풍교
e_e002163,1,8,2306050008,율곡수목원
e_e002163,1,9,2306050009,친가 집
e_e002163,1,10,2306050010,고양 휴게소 서울 방향
e_e002163,1,11,2306050011,집
e_e002168,1,1,2306030001,집
e_e002168,1,2,2306030002,레이크 볼링장
e_e002168,1,3,2306030003,현대백화점 킨텍스점
e_e002168,1,4,2306030004,파주 프리미엄 아울렛
e_e002168,1,5,2306030005,친지 집
e_e002168,2,1,2306040001,은봉 골프연습장
e_e002168,2,2,2306040002,친지 집
e_e002168,2,3,2306040003,곤수 커피
e_e002168,2,4,2306040004,친지 집
e_e002168,2,5,2306040005,밀밭 식당
e_e002168,2,6,2306040006,문산 노을길 산책로
e_e002168,2,7,2306040007,집
e_e002169,1,1,2306040001,집
e_e002169,1,2,2306040002,남산 서울타워
e_e002169,1,3,2306040003,케이블카 매점
e_e002169,1,4,2306040004,헤르니아
e_e002169,1,5,2306040005,집
e_e002171,1,1,2306050001,집
e_e002171,1,2,2306050002,DMZ 두루미 평화 타운
e_e002171,1,3,2306050003,철원 평화 전망대
e_e002171,1,4,2306050004,월정리 역 (폐역)
e_e002171,1,5,2306050005,노동당사
e_e002171,1,6,2306050006,철원역사 문화공원
e_e002171,1,7,2306050007,백마고지 전적 비
e_e002171,1,8,2306050008,철원 한탄강 주상절리 길 순담 매표소
e_e002171,1,9,2306050009,드르니 국수 철원 본점
e_e002171,1,10,2306050010,주상절리 맛집
e_e002171,1,11,2306050011,한탄강 주상절리 길 순담 매표소 주차장
e_e002171,1,12,2306050012,고석정 국민관광지
e_e002171,1,13,2306050013,한화리조트 산정호수 안시
e_e002171,1,14,2306050014,소문난 이동갈비
e_e002171,1,15,2306050016,한화리조트 산정호수 안시
e_e002171,2,1,2306060001,산정호수 둘레길
e_e002171,2,2,2306060002,두메산골
e_e002171,2,3,2306060003,산정호수 빵명장
e_e002171,2,4,2306060004,집
e_e002176,1,1,2306030001,집
e_e002176,1,2,2306030002,제주 은희네 해장국 송추점
e_e002176,1,3,2306030003,휴가든
e_e002176,2,1,2306040001,양주시립민복진미술관
e_e002176,2,2,2306040002,양주시립 장욱진미술관
e_e002176,2,3,2306040003,가베
e_e002176,2,4,2306040004,집
e_e002178,1,1,2306060001,집
e_e002178,1,2,2306060002,김포 수산 상천 장어성
e_e002178,1,3,2306060003,김포한강야생조류생태공원
e_e002178,1,4,2306060004,별 가까이
e_e002178,1,5,2306060005,CGV 김포 운양
e_e002178,1,6,2306060006,집
e_e002180,1,1,2306040001,집
e_e002180,1,2,2306040002,국립수목원
e_e002180,1,3,2306040003,광릉불고기
e_e002180,1,4,2306040004,빵쌤 김포점
e_e002180,1,5,2306040005,집
e_e002182,1,1,2306020001,집
e_e002182,1,2,2306020002,다이소 포천 일동점
e_e002182,1,3,2306020004,토담 키즈 풀빌라 펜션
e_e002182,2,1,2306030001,뒤 커피 포천 일동점
e_e002182,2,2,2306030002,가평휴게소 춘천 방향
e_e002182,2,3,2306030003,경포대
e_e002182,2,4,2306030004,오봉이 해물칼국수
e_e002182,2,5,2306030005,경포대
e_e002182,2,6,2306030007,강릉 대관령휴게소 인천방향
e_e002182,2,7,2306030008,양평 휴게소 광주방향
e_e002182,2,8,2306030006,집
e_e002183,1,1,2306030001,집
e_e002183,1,2,2306030002,인사 센트럴 뮤지엄
e_e002183,1,3,2306030003,호랑이 카 레 북촌 본점
e_e002183,1,4,2306030004,스타벅스 북촌로점
e_e002183,1,5,2306030005,런던 베이글 뮤지엄 안국점
e_e002183,1,6,2306030006,넘버 25 사당역점
e_e002183,1,7,2306030007,외양간
e_e002183,1,8,2306030008,탐앤탐스 사당역점
e_e002183,1,9,2306030009,집
e_e002184,1,1,2306050001,집
e_e002184,1,2,2306050002,동동 국수 여주점
e_e002184,1,3,2306050003,영재 파3 골프 랜드
e_e002184,1,4,2306050004,신세계 프리미엄 아울렛 여주
e_e002184,1,5,2306050005,JAJU 여주 프리미엄 아울렛점
e_e002184,1,6,2306050007,캠프무인텔
e_e002184,2,1,2306060001,즉석김밥
e_e002184,2,2,2306060002,할머니댁
e_e002184,2,3,2306060003,안성맞춤 휴게소 평택 방향
e_e002184,2,4,2306060004,집
e_e002186,1,1,2306030001,사무실
e_e002186,1,2,2306030002,파티와 호텔
e_e002186,1,3,2306030003,풍천 장어 직판장
e_e002186,1,4,2306030004,세븐스타코인 노래연습장 주안역점
e_e002186,1,5,2306030005,파티와 호텔
e_e002186,2,1,2306040001,경인아라뱃길
e_e002186,2,2,2306040002,길음역 금호어울림센터 힐 아파트
e_e002187,1,1,2306030001,집
e_e002187,1,2,2306030002,서울고속버스터미널(경부)
e_e002187,1,3,2306030003,총신대 입구역 4호선
e_e002187,1,4,2306030004,서울대공원
e_e002187,1,5,2306030005,사당역 4호선
e_e002187,1,6,2306030006,명동칼국수
e_e002187,1,7,2306030007,카페 페라 유니크점
e_e002187,1,8,2306030008,서울고속버스터미널(경부)
e_e002187,1,9,2306030009,집
e_e002189,1,1,2306030001,집
e_e002189,1,2,2306030002,부모님댁
e_e002189,1,3,2306030003,서울로 717
e_e002189,1,4,2306030004,남대문시장
e_e002189,1,5,2306030005,남산 서울타워
e_e002189,1,6,2306030006,서가 앤 쿡 KTX 서울 역사점
e_e002189,1,7,2306030007,부모님댁
e_e002189,1,8,2306030008,집
e_e002190,1,1,2306020001,집
e_e002190,1,2,2306020002,더 스테이 힐링파크
e_e002190,1,3,2306020003,더 스테이 힐링파크
e_e002190,1,4,2306020004,더 스테이 힐링파크 9block kitchen
e_e002190,1,5,2306020005,더 스테이 힐링파크
e_e002190,2,1,2306030001,더 스테이 힐링파크
e_e002190,2,2,2306030002,의정부 제일시장
e_e002190,2,3,2306030003,집
e_e002191,1,1,2306030001,집
e_e002191,1,2,2306030002,프랑스 바게트
e_e002191,1,3,2306030003,농협안성팜랜드
e_e002191,1,4,2306030004,삽교리 동치미 막국수 용인 영덕점
e_e002191,1,5,2306030005,집
e_e002197,1,1,2306060001,집
e_e002197,1,2,2306060003,더 키친 아시아
e_e002197,1,3,2306060004,T 팩토리
e_e002197,1,4,2306060005,코발트 무드
e_e002197,1,5,2306060006,케이탑건
e_e002197,1,6,2306060002,덕풍 초등학교
e_e002198,1,1,2306030001,집
e_e002198,1,2,2306030003,평택역
e_e002198,1,3,2306030004,통복시장
e_e002198,1,4,2306030005,사계절 냉면 가락국수
e_e002198,1,5,2306030006,배다리 생태공원
e_e002198,1,6,2306030007,알액션
e_e002198,1,7,2306030008,정이네 간 큰 조개
e_e002198,1,8,2306030002,집
e_e002202,1,1,2306020001,집
e_e002202,1,2,2306020002,광명역 1호선
e_e002202,1,3,2306020003,라 까사호텔 광명
e_e002202,1,4,2306020004,이케아 광명점
e_e002202,1,5,2306020007,라 까사호텔 광명
e_e002202,2,1,2306030001,코스트코 광명점
e_e002202,2,2,2306030002,광명동굴
e_e002202,2,3,2306030003,광명 전통시장
e_e002202,2,4,2306030004,용산 베르디움 프렌즈 아파트
e_e002204,1,1,2306030001,집
e_e002204,1,2,2306030002,오이도역 공영주차장
e_e002204,1,3,2306030003,리틀 포레
e_e002204,1,4,2306030004,킹마트 용문점
e_e002204,1,5,2306030005,지평으로 76회 포장
e_e002204,1,6,2306030006,호운 스테이
e_e002204,2,1,2306040001,어머니 맛 양평 해장국 용문점
e_e002204,2,2,2306040002,두물머리
e_e002204,2,3,2306040004,광화문 미진 스타필드 하남점
e_e002204,2,4,2306040003,집
e_e002206,1,1,2306040001,사무실
e_e002206,1,2,2306040003,마로니에공원
e_e002206,1,3,2306040004,대학로 자유극장
e_e002206,1,4,2306040006,연하동
e_e002206,1,5,2306040005,띠아트
e_e002206,1,6,2306040007,홍대 패션거리
e_e002206,1,7,2306040002,집
e_e002209,1,1,2306030001,친구 친지 집
e_e002209,1,2,2306030002,반포 한강공원 달빛광장
e_e002209,1,3,2306030004,투썸플레이스 반포 대로 점
e_e002209,1,4,2306030005,GS25 성북 정릉 타운점
e_e002209,1,5,2306030003,동생 집
e_e002209,2,1,2306040002,더 현대 서울
e_e002209,2,2,2306040003,스타벅스 서울고속 터미널점
e_e002209,2,3,2306040004,서울고속버스터미널(경부)
e_e002209,2,4,2306040001,원주 태장 LH 천년나무 6단지 아파트
e_e002212,1,1,2306080001,사무실
e_e002212,1,2,2306080002,동대구역
e_e002212,1,3,2306080003,양평역
e_e002212,1,4,2306080004,레즈고 스터디카페 양평점
e_e002212,2,1,2306090001,유명산
e_e002212,2,2,2306090002,용문산
e_e002212,2,3,2306090003,중원산
e_e002212,2,4,2306090004,에베레스트 레스토랑 동대문점
e_e002212,2,5,2306090005,대운 캐슬
e_e002213,1,1,2306040001,집
e_e002213,1,2,2306040002,역곡역 1호선
e_e002213,1,3,2306040003,영등포역
e_e002213,1,4,2306040004,롯데백화점 영등포점
e_e002213,1,5,2306040005,오월의 종 타임스퀘어점
e_e002213,1,6,2306040006,영등포역 지하쇼핑센터
e_e002213,1,7,2306040007,영등포역 1호선
e_e002213,1,8,2306040008,역곡역 1호선
e_e002213,1,9,2306040009,집
e_e002214,1,1,2306030001,집
e_e002214,1,2,2306030003,밤비노
e_e002214,1,3,2306030004,한 알
e_e002214,1,4,2306030005,라페스타
e_e002214,1,5,2306030006,일산 호수공원
e_e002214,1,6,2306030007,스터링 라운지
e_e002214,1,7,2306030008,양평진뚝배기해장국 일산 라페스타점
e_e002214,1,8,2306030002,스파 아일랜드
e_e002214,2,1,2306040001,일산 칼국수 본점
e_e002214,2,2,2306040002,앨리스 케이카레
e_e002214,2,3,2306040003,집
e_e002215,1,1,2306030001,집
e_e002215,1,2,2306030002,에버랜드
e_e002215,1,3,2306030003,에버랜드 T 익스프레스와 아마존
e_e002215,1,4,2306030005,에버랜드 홀랜드 빌리지
e_e002215,1,5,2306030004,Q 호텔
e_e002215,2,1,2306040002,희락 보리
e_e002215,2,2,2306040003,신세계 프리미엄 아울렛 여주 EAST
e_e002215,2,3,2306040001,집
e_e002220,1,1,2306030001,집
e_e002220,1,2,2306030002,오송역
e_e002220,1,3,2306030003,용산역
e_e002220,1,4,2306030004,노보텔 앰배서더 서울 용산
e_e002220,1,5,2306030005,아이파크몰 용산점
e_e002220,1,6,2306030012,노보텔 앰배서더 서울 용산
e_e002220,2,1,2306040001,노보텔 앰배서더 서울 동대문 호텔 레지던스 푸드 익스체인지
e_e002220,2,2,2306040002,노보텔 앰배서더 서울 용산
e_e002220,2,3,2306040003,63스퀘어
e_e002220,2,4,2306040004,여의도 한강공원
e_e002220,2,5,2306040005,더 현대 서울
e_e002220,2,6,2306040006,용산역
e_e002220,2,7,2306040007,오송역
e_e002220,2,8,2306040008,집
e_e002222,1,1,2306040001,집
e_e002222,1,2,2306040002,행담도 주유소 서울 방향
e_e002222,1,3,2306040004,스타필드 고양
e_e002222,1,4,2306040003,현대모터 스튜디오 고양
e_e002222,1,5,2306040007,어반 이스트 호텔
e_e002222,1,6,2306040008,화포 식당 원흥점
e_e002222,1,7,2306040009,어반 이스트 호텔
e_e002222,2,1,2306050001,이삭토스트 고양 원흥역점
e_e002222,2,2,2306050002,임진각 관광지
e_e002222,2,3,2306050003,롯데 프리미엄 아울렛 파주점
e_e002222,2,4,2306050004,지혜의 숲
e_e002222,2,5,2306050005,장춘 닭개장
e_e002222,2,6,2306050006,집
e_e002231,1,1,2306060001,집
e_e002231,1,2,2306060003,홀트아동복지회
e_e002231,1,3,2306060004,은석교사거리
e_e002231,1,4,2306060005,지혜의 숲
e_e002231,1,5,2306060002,동양미래대학교
e_e002233,1,1,2306050001,집
e_e002233,1,2,2306050003,명품 여주 천서리 막국수 여주 프리미엄 아울렛점
e_e002233,1,3,2306050004,신세계 프리미엄 아울렛 여주 EAST
e_e002233,1,4,2306050005,카페 우즈
e_e002233,1,5,2306050006,영월루
e_e002233,1,6,2306050002,집
e_e002234,1,1,2306050001,집
e_e002234,1,2,2306050002,챔피언 애비뉴 프랑 판교점
e_e002234,1,3,2306050003,나인 트리 프리미어 호텔 서울 판교
e_e002234,1,4,2306050004,더 몰트 하우스 서핑 시티 판교점
e_e002234,1,5,2306050005,스타벅스 판교 아이스퀘어
e_e002234,1,6,2306050006,시나몬 판교파미어스점
e_e002234,1,7,2306050007,나인 트리 프리미어 호텔 서울 판교
e_e002234,2,1,2306060003,샘내(천천 2) 공원
e_e002234,2,2,2306060001,GS25 수원 베스트점
e_e002234,2,3,2306060002,본죽 비빔밥 cafe 수원 천천점
e_e002234,2,4,2306060004,롯데시네마 판교
e_e002234,2,5,2306060005,집
e_e002235,1,1,2306040001,친구 친지 집
e_e002235,1,2,2306040005,호남 제일 문
e_e002235,1,3,2306040004,CU 여의영무예다음점
e_e002235,1,4,2306040003,호남 제일 문 시외버스 매표소
e_e002235,1,5,2306040006,서울남부터미널
e_e002235,1,6,2306040007,써브웨이 신촌 로데오점
e_e002235,1,7,2306040008,연세대학교 신촌캠퍼스
e_e002235,1,8,2306040009,연세대학교 노천극장
e_e002235,1,9,2306040010,신세계 센트럴시티
e_e002235,1,10,2306040002,전북혁신 우미린 1단지 아파트
e_e002236,1,1,2306040001,집
e_e002236,1,2,2306040002,오송역
e_e002236,1,3,2306040003,서울역
e_e002236,1,4,2306040004,미도인 홍대
e_e002236,1,5,2306040005,홍대 앞 걷고 싶은 거리
e_e002236,1,6,2306040006,T 팩토리
e_e002236,1,7,2306040007,나이키 홍대점
e_e002236,1,8,2306040008,홍대 패션거리
e_e002236,1,9,2306040009,노루목
e_e002236,1,10,2306040011,이엠지 개판 포차
e_e002236,1,11,2306040010,홍대 패션거리
e_e002236,1,12,2306040012,왈츠 모텔
e_e002236,2,1,2306050001,롯데월드
e_e002236,2,2,2306050002,동대문종합시장
e_e002236,2,3,2306050003,흥인지문공원
e_e002236,2,4,2306050004,서울역
e_e002236,2,5,2306050005,오송역
e_e002236,2,6,2306050006,집
e_e002243,1,1,2306020001,집
e_e002243,1,2,2306020002,덕양구청
e_e002243,1,3,2306020003,스타벅스 화정 호국 노점
e_e002243,1,4,2306020004,이케아 고양점
e_e002243,1,5,2306020005,용산역
e_e002246,1,1,2306060002,집
e_e002246,1,2,2306060001,현대모터 스튜디오 고양
e_e002246,1,3,2306060003,롯데백화점 일산점
e_e002246,1,4,2306060004,아쿠아 플라넷 일산
e_e002246,1,5,2306060005,집
e_e002248,1,1,2306030001,집
e_e002248,1,2,2306030002,동해역
e_e002248,1,3,2306030003,서울역
e_e002248,1,4,2306030004,서울리에
e_e002248,1,5,2306030005,소피텔 앰배서더 서울
e_e002248,1,6,2306030006,젤라띠젤라띠 송파구청점
e_e002248,1,7,2306030007,롯데월드타워 롯데월드몰
e_e002248,1,8,2306030008,석촌호수 서호
e_e002248,1,9,2306030009,방이동 먹자골목
e_e002248,1,10,2306030010,소피텔 앰배서더 서울
e_e002248,2,1,2306040001,소피텔 앰배서더 서울
e_e002248,2,2,2306040002,피치
e_e002248,2,3,2306040003,런던 베이글 뮤지엄 도산점
e_e002248,2,4,2306040004,서울역
e_e002248,2,5,2306040005,집
e_e002250,1,1,2306060001,집
e_e002250,1,2,2306060002,별 농장
e_e002250,1,3,2306060003,불난 버섯집
e_e002250,1,4,2306060004,에스티
e_e002250,1,5,2306060005,집
e_e002251,1,1,2306090001,집
e_e002251,1,2,2306090002,센지 전자담배
e_e002251,1,3,2306090003,본토박이 장작구이 남양주 본점
e_e002251,1,4,2306090005,토실이네
e_e002251,2,1,2306100001,그라운독
e_e002251,2,2,2306100002,집
e_e002253,1,1,2306030001,집
e_e002253,1,2,2306030002,루덴시아
e_e002253,1,3,2306030003,집
e_e002254,1,1,2306050001,집
e_e002254,1,2,2306050002,탑골공원
e_e002254,1,3,2306050003,청계천
e_e002254,1,4,2306050004,보신각 터
e_e002254,1,5,2306050005,조계사
e_e002254,1,6,2306050006,우정총국
e_e002254,1,7,2306050007,광화문광장
e_e002254,1,8,2306050008,호텔 베르누이 서울
e_e002254,2,1,2306060001,항동 철길
e_e002254,2,2,2306060002,푸른 수목원
e_e002254,2,3,2306060003,집
e_e002255,1,1,2306050001,집
e_e002255,1,2,2306050002,대운이 각
e_e002255,1,3,2306050003,연천 세계캠핑 체험존
e_e002255,2,1,2306060001,전곡선사 박물관
e_e002255,2,2,2306060002,임진각 평화 곤돌라
e_e002255,2,3,2306060003,파주 닭 국수 파주 본점
e_e002255,2,4,2306060004,집
e_e002259,1,1,2306060001,집
e_e002259,1,2,2306060002,파스텔시티
e_e002259,1,3,2306060003,슬로 캘리 사당이 수점
e_e002259,1,4,2306060004,쟝 블랑제리
e_e002259,1,5,2306060005,스타벅스 사당역점
e_e002259,1,6,2306060006,춘천 닭갈비
e_e002259,1,7,2306060007,집
e_e002260,1,1,2306060001,집
e_e002260,1,2,2306060002,수원역 1호선
e_e002260,1,3,2306060003,수원천
e_e002260,1,4,2306060004,수원 화성 봉돈
e_e002260,1,5,2306060005,이 가공
e_e002260,1,6,2306060006,카페쎄리오 수원 남문점
e_e002260,1,7,2306060007,수원 화성 서장대
e_e002260,1,8,2306060008,행리단길
e_e002260,1,9,2306060009,정조대왕 동상
e_e002260,1,10,2306060012,뾰로리잡화점
e_e002260,1,11,2306060011,수원시립미술관
e_e002260,1,12,2306060010,행궁에뜨왈
e_e002260,1,13,2306060013,동북각루
e_e002260,1,14,2306060014,라리아 호텔
e_e002260,2,1,2306070001,화성행궁
e_e002260,2,2,2306070002,화성행궁 매표소
e_e002260,2,3,2306070003,행궁 칼국수
e_e002260,2,4,2306070004,집
e_e002263,1,1,2306030002,집
e_e002263,1,2,2306030001,서울대공원
e_e002263,1,3,2306030003,고굽진
e_e002263,1,4,2306030004,코피
e_e002263,1,5,2306030005,집
e_e002264,1,1,2306030001,친구 친지 집
e_e002264,1,2,2306030003,잉글리시 에그 인천 송도
e_e002264,1,3,2306030004,청계사
e_e002264,1,4,2306030005,어썸 브리즈
e_e002264,1,5,2306030006,건강한 우리
e_e002264,1,6,2306030002,친구 친지 집
e_e002266,1,1,2306060004,집
e_e002266,1,2,2306060001,두메 막국수
e_e002266,1,3,2306060008,라비타 펜션
e_e002266,2,1,2306070001,남이섬
e_e002266,2,2,2306070002,어머니 맛 양평 해장국
e_e002266,2,3,2306070003,스타벅스 더 양평 DTR
e_e002266,2,4,2306070004,집
e_e002272,1,1,2306030001,집
e_e002272,1,2,2306030002,포천아트밸리
e_e002272,1,3,2306030003,왕방산 손두부 보리밥
e_e002272,1,4,2306030004,구라이 골 캠핑장
e_e002272,1,5,2306030005,허브아일랜드 한탄강점
e_e002272,1,6,2306030006,한탄강 지질공원
e_e002272,1,7,2306030007,한탄강 생태경관 단지
e_e002272,1,8,2306030008,구라이 골 캠핑장
e_e002272,2,1,2306040001,집
e_e002279,1,1,2306030001,집
e_e002279,1,2,2306030002,스노피크 에버랜드 캠프 필드
e_e002279,1,3,2306030003,롯데 아울렛 광교점
e_e002279,1,4,2306030004,앨리웨이 광교
e_e002279,1,5,2306030005,집
e_e002283,1,1,2306030001,집
e_e002283,1,2,2306030002,용인휴게소 서창방향
e_e002283,1,3,2306030003,KSPO DOME 올림픽 체조경기장
e_e002283,1,4,2306030004,프롬 하와이 마곡역점
e_e002283,1,5,2306030005,참숯 서서갈비 까치산역점
e_e002283,1,6,2306030006,할머니 집
e_e002283,2,1,2306040001,이디야커피 오류 남 부점
e_e002283,2,2,2306040002,KSPO DOME 올림픽 체조경기장
e_e002283,2,3,2306040003,집
e_e002284,1,1,2306030001,집
e_e002284,1,2,2306030002,농협안성팜랜드
e_e002284,1,3,2306030003,스타필드 안성
e_e002284,1,4,2306030004,풍사니란
e_e002284,1,5,2306030005,집
e_e002288,1,1,2306030001,집
e_e002288,1,2,2306030002,에머리 대학로점
e_e002288,1,3,2306030003,중극장
e_e002288,1,4,2306030004,삼원색
e_e002288,1,5,2306030005,인사동 문화의 거리
e_e002288,1,6,2306030006,고래네
e_e002288,1,7,2306030008,치르 치르 뉴욕 야시장 명동 본점
e_e002288,1,8,2306030007,집
e_e002289,1,1,2306060001,집
e_e002289,1,2,2306060003,편집 오산대역점
e_e002289,1,3,2306060004,물향기 수목원
e_e002289,1,4,2306060002,집
e_e002291,1,1,2306060001,집
e_e002291,1,2,2306060003,더 타코 부스
e_e002291,1,3,2306060004,카멜 커피 도산공원점
e_e002291,1,4,2306060005,그로브
e_e002291,1,5,2306060007,젠틀몬스터 하우스 도산
e_e002291,1,6,2306060006,신문 플래그십스토어 도산
e_e002291,1,7,2306060008,도산 근린공원
e_e002291,1,8,2306060009,야키토리 토리 키치 압구정 로데오 2호점
e_e002291,1,9,2306060002,집
e_e002304,1,1,2306190001,집
e_e002304,1,2,2306190003,양수리 아연 핫도그
e_e002304,1,3,2306190002,까르르 키즈 풀빌라
e_e002304,2,1,2306200002,양수리 아연 핫도그
e_e002304,2,2,2306200003,가마골 백숙 양주점
e_e002304,2,3,2306200001,집
e_e002306,1,1,2306030001,집
e_e002306,1,2,2306030002,삼송역
e_e002306,1,3,2306030003,소근리 막국수
e_e002306,1,4,2306030004,마석 전통 민속오일장
e_e002306,1,5,2306030005,롯데마트 마석점
e_e002306,1,6,2306030007,은행채
e_e002306,2,1,2306040001,이항로 선생 생가
e_e002306,2,2,2306040002,에이치 마켓 하우스
e_e002306,2,3,2306040003,집
e_e002308,1,1,2306050001,집
e_e002308,1,2,2306050003,신동 수변공원
e_e002308,1,3,2306050004,타이 테라스
e_e002308,1,4,2306050005,광교호수공원
e_e002308,1,5,2306050006,지동시장
e_e002308,1,6,2306050007,교촌치킨 수원역점
e_e002308,1,7,2306050002,마루 호 텔 본관
e_e002308,2,1,2306060001,일월 수목원
e_e002308,2,2,2306060002,달달한 부엌
e_e002308,2,3,2306060003,ETC 키트 마르멜로
e_e002308,2,4,2306060005,수원 화성
e_e002308,2,5,2306060004,스탠더드 오브 스터 프 장안문점
e_e002308,2,6,2306060006,집
e_e002310,1,1,2306060001,집
e_e002310,1,2,2306060003,홍유릉
e_e002310,1,3,2306060004,개똥 치는 사람들
e_e002310,1,4,2306060005,키스톤 스피시즈
e_e002310,1,5,2306060002,집
e_e002313,1,1,2306040001,집
e_e002313,1,2,2306040003,카페 달리다 꿈
e_e002313,1,3,2306040004,스시 카미
e_e002313,1,4,2306040005,스타벅스 김포 걸포점
e_e002313,1,5,2306040006,현대 프리미엄 아울렛 김포점
e_e002313,1,6,2306040007,이마트 수색점
e_e002313,1,7,2306040002,집
e_e002314,1,1,2306030001,집
e_e002314,1,2,2306030002,노원문화의 거리
e_e002314,1,3,2306030003,신일유토빌 아파트
e_e002314,1,4,2306030004,카페 아를
e_e002314,1,5,2306030005,오크힐 빵 공장
e_e002314,1,6,2306030006,코스트코 의정부점
e_e002314,1,7,2306030007,집
e_e002316,1,1,2306100001,집
e_e002316,1,2,2306100002,퇴촌농협 하나로마트
e_e002316,1,3,2306100003,경안천 습지생태공원
e_e002316,1,4,2306100004,기린 농장
e_e002316,1,5,2306100005,향기 꽃식물원
e_e002316,1,6,2306100006,집
e_e002318,1,1,2306050001,집
e_e002318,1,2,2306050002,동화 고옥 롯데월드몰점
e_e002318,1,3,2306050003,노티스 월드 롯데월드몰점
e_e002318,1,4,2306050005,롯데 에비뉴엘 잠실점
e_e002318,1,5,2306050004,롯데월드타워 롯데월드몰
e_e002318,1,6,2306050006,소피텔 앰배서더 서울
e_e002318,1,7,2306050007,래티튜드 32
e_e002318,1,8,2306050011,소피텔 앰배서더 서울
e_e002318,2,1,2306060002,현대백화점 무역센터점
e_e002318,2,2,2306060003,랜떡 송파 직영점
e_e002318,2,3,2306060004,진저 베어
e_e002318,2,4,2306060001,집
e_e002323,1,1,2306030001,집
e_e002323,1,2,2306030002,류는
e_e002323,1,3,2306030003,수원시립미술관
e_e002323,1,4,2306030004,호텔 달
e_e002323,1,5,2306030005,방화수류정
e_e002323,1,6,2306030006,화성행궁
e_e002323,1,7,2306030007,12인치
e_e002323,1,8,2306030008,호텔 달
e_e002323,2,1,2306040001,꿈 안
e_e002323,2,2,2306040002,카페 그루비
e_e002323,2,3,2306040003,집
e_e002330,1,1,2306030001,집
e_e002330,1,2,2306030002,영녕릉 세종대왕유적지구 세종대왕릉
e_e002330,1,3,2306030003,유 과장
e_e002330,1,4,2306030004,바하리야
e_e002330,1,5,2306030005,집
e_e002332,1,1,2306030001,집
e_e002332,1,2,2306030002,뚜스뚜스 홈플러스 강서점
e_e002332,1,3,2306030003,스타필드 고양
e_e002332,1,4,2306030004,집
e_e002335,1,1,2306040001,집
e_e002335,1,2,2306040002,남한산성도립공원 남문주차장
e_e002335,1,3,2306040003,오복 손두부
e_e002335,1,4,2306040004,남한산성 순교성지
e_e002335,1,5,2306040005,위 베이크
e_e002335,1,6,2306040006,집
e_e002336,1,1,2306030001,집
e_e002336,1,2,2306030002,재인폭포
e_e002336,1,3,2306030003,K-water 한탄강 댐 물 문화관
e_e002336,1,4,2306030004,세라비 한옥 카페
e_e002336,1,5,2306030005,헤이리 예술마을
e_e002336,1,6,2306030006,엔조이 터키
e_e002336,1,7,2306030007,검단신도시 파라곤 보타닉파크아파트
e_e002337,1,1,2306040001,집
e_e002337,1,2,2306040003,파주 파인밸리 펜션
e_e002337,1,3,2306040004,여행 동행 친척 집(작은아버지 작은어머니)
e_e002337,1,4,2306040002,파주 파인밸리 펜션
e_e002337,2,1,2306050002,광명 구름산 추어탕 김포 직영점
e_e002337,2,2,2306050001,집
e_e002340,1,1,2306030001,집
e_e002340,1,2,2306030002,CGV 피카디리 1958
e_e002340,1,3,2306030004,익선동 한옥거리
e_e002340,1,4,2306030005,탑골공원
e_e002340,1,5,2306030006,도넛 정수
e_e002340,1,6,2306030007,모이소 한 마리 정육 식당 종로점
e_e002340,1,7,2306030009,청계천
e_e002340,1,8,2306030008,이디야커피 종로 3가 점
e_e002340,1,9,2306030003,집
e_e002342,1,1,2306050001,집
e_e002342,1,2,2306050002,돈가스 잔치 의정부 녹양점
e_e002342,1,3,2306050003,놀자 숲
e_e002342,1,4,2306050004,산내들 마을한양수자인 아파트
e_e002342,2,1,2306060001,연천 고랑 포구 역사 공원 역사 문화전시관
e_e002342,2,2,2306060002,장단콩 사랑
e_e002342,2,3,2306060003,카페 고랑포 이야기
e_e002342,2,4,2306060004,황포돛배
e_e002342,2,5,2306060005,산내들 마을한양수자인 아파트
e_e002342,2,6,2306060006,집
e_e002343,1,1,2306030001,집
e_e002343,1,2,2306030003,옹기고 만찬
e_e002343,1,3,2306030004,산정호수 둘레길
e_e002343,1,4,2306030005,유니클로 포천점
e_e002343,1,5,2306030002,집
e_e002351,1,1,2306070001,집
e_e002351,1,2,2306070002,97도씨 해물칼국수 영종 본점
e_e002351,1,3,2306070003,구읍뱃터
e_e002351,1,4,2306070004,차 덕분
e_e002351,1,5,2306070005,네스트 호텔
e_e002351,1,6,2306070006,을왕리 해수욕장
e_e002351,1,7,2306070007,언니네 24시 회 조개구이
e_e002351,1,8,2306070008,세븐일레븐 을왕 비치점
e_e002351,1,9,2306070009,네스트 호텔
e_e002351,2,1,2306080001,동해 막국수
e_e002351,2,2,2306080002,파라다이스 시티
e_e002351,2,3,2306080003,아테리토
e_e002351,2,4,2306080004,백운산 전망대
e_e002351,2,5,2306080005,노을공원
e_e002351,2,6,2306080006,집
e_e002353,1,1,2306030001,집
e_e002353,1,2,2306030002,부천 호수 식물원 수피아
e_e002353,1,3,2306030003,오라델떼
e_e002353,1,4,2306030004,현대백화점 중동점
e_e002353,1,5,2306030005,정통 집 부천 현대점
e_e002353,1,6,2306030006,중동 에스티나 오피스텔
e_e002353,2,1,2306040001,집
e_e002360,1,1,2306030001,집
e_e002360,1,2,2306030003,대공 연길(음식점)
e_e002360,1,3,2306030004,대공원역 4호선
e_e002360,1,4,2306030005,서울랜드
e_e002360,1,5,2306030006,나오니 장작구이 사당점
e_e002360,1,6,2306030007,세븐일레븐
e_e002360,1,7,2306030002,집
e_e002362,1,1,2306060001,집
e_e002362,1,2,2306060002,여주 향교
e_e002362,1,3,2306060003,영월공원
e_e002362,1,4,2306060004,낙지마당
e_e002362,1,5,2306060005,여주 박물관
e_e002362,1,6,2306060006,대한불교조계종 신륵사
e_e002362,1,7,2306060007,등촌 아이파크 아파트
e_e002364,1,1,2306050001,집
e_e002364,1,2,2306050002,서울역
e_e002364,1,3,2306050003,수원역
e_e002364,1,4,2306050004,화성행궁
e_e002364,1,5,2306050005,행궁 81.2
e_e002364,1,6,2306050007,남문 통닭 수원 본점
e_e002364,1,7,2306050006,해밀 호텔
e_e002364,1,8,2306050008,수원 화성
e_e002364,1,9,2306050009,다이소 수원 남문점
e_e002364,1,10,2306050010,꼼빠도르
e_e002364,1,11,2306050011,해밀 호텔
e_e002364,2,1,2306060001,방화수류정
e_e002364,2,2,2306060002,수원의 아침 행궁점
e_e002364,2,3,2306060003,화성행궁 신풍루
e_e002364,2,4,2306060004,부부 손칼국수
e_e002364,2,5,2306060005,삼각산아이원 아파트 122동
e_e002370,1,1,2306040001,집
e_e002370,1,2,2306040002,보문 파크뷰 자이 아파트
e_e002370,1,3,2306040003,홈플러스 스페셜 동대문점
e_e002370,1,4,2306040004,가평용소폭포펜션
e_e002370,1,5,2306040005,두대리 용소 폭포
e_e002370,1,6,2306040006,가평용소폭포펜션
e_e002370,2,1,2306050001,파주 닭 국수 가평점
e_e002370,2,2,2306050002,카페쁘라제르
e_e002370,2,3,2306050003,보문 파크뷰 자이 아파트
e_e002370,2,4,2306050004,집
e_e002375,1,1,2306070001,집
e_e002375,1,2,2306070003,운 멜로 키친 3호점
e_e002375,1,3,2306070004,행리단길
e_e002375,1,4,2306070005,방화수류정
e_e002375,1,5,2306070006,수원 화성 국궁체험장
e_e002375,1,6,2306070007,헤올커피로스터즈
e_e002375,1,7,2306070008,수원 화성 박물관
e_e002375,1,8,2306070009,마담 마담
e_e002375,1,9,2306070010,수원 화성 서장대
e_e002375,1,10,2306070011,화성행궁
e_e002375,1,11,2306070002,집
e_e002376,1,1,2306190001,집
e_e002376,1,2,2306190002,동대구역
e_e002376,1,3,2306190003,서울역
e_e002376,1,4,2306190004,지구당 가로수길점
e_e002376,1,5,2306190005,가로수길
e_e002376,1,6,2306190006,맥도날드 신사역점
e_e002376,1,7,2306190007,뚝섬한강공원
e_e002376,1,8,2306190008,서울특별시청
e_e002376,1,9,2306190009,환구단
e_e002376,1,10,2306190010,숭례문
e_e002376,1,11,2306190011,덕수궁 돌담길
e_e002376,1,12,2306190012,광화문광장
e_e002376,1,13,2306190013,북촌 한옥마을
e_e002376,1,14,2306190014,찬양집
e_e002376,1,15,2306190015,청계천
e_e002376,1,16,2306190016,k world 호텔
e_e002376,2,1,2306200001,창덕궁 후원
e_e002376,2,2,2306200002,창덕궁
e_e002376,2,3,2306200003,스시의 치바
e_e002376,2,4,2306200004,성수동
e_e002376,2,5,2306200005,스타벅스 성수점
e_e002376,2,6,2306200006,서울역
e_e002376,2,7,2306200008,동대구역
e_e002376,2,8,2306200007,집
e_e002379,1,1,2306040001,집
e_e002379,1,2,2306040002,서울 도서관
e_e002379,1,3,2306040003,서울광장
e_e002379,1,4,2306040004,커티스 니퍼
e_e002379,1,5,2306040005,면키 시청역점
e_e002379,1,6,2306040006,서울시립미술관 서소문 본관
e_e002379,1,7,2306040007,덕수궁 돌담길
e_e002379,1,8,2306040008,집
e_e002388,1,1,2306060001,집
e_e002388,1,2,2306060002,스타필드 하남
e_e002388,1,3,2306060003,집
e_e002389,1,1,2306050001,집
e_e002389,1,2,2306050003,동네부엌 천천히
e_e002389,1,3,2306050002,파주출판 단지 치유의 숲
e_e002389,1,4,2306050004,북 카페 눈
e_e002389,1,5,2306050005,심학산 약천사
e_e002389,1,6,2306050006,심학산 둘레길
e_e002389,1,7,2306050007,이마트 파주 운정점
e_e002389,1,8,2306050008,집
e_e002390,1,1,2306100001,집
e_e002390,1,2,2306100004,이천생선국수추어탕 본점
e_e002390,1,3,2306100005,스타벅스 이천 사음 DT점
e_e002390,1,4,2306100007,여 여로
e_e002390,1,5,2306100006,예스파크
e_e002390,1,6,2306100003,집
e_e002391,1,1,2306060001,집
e_e002391,1,2,2306060002,운정 자이 시그니처 견본주택
e_e002391,1,3,2306060003,동흥관
e_e002391,1,4,2306060005,현대 시티 아울렛 가산점
e_e002391,1,5,2306060004,안양천
e_e002391,1,6,2306060006,집
e_e002392,1,1,2306100001,집
e_e002392,1,2,2306100002,예쁨주의쁨의원 신논현점
e_e002392,1,3,2306100004,호텔 팝 리즈 프리미어
e_e002392,1,4,2306100003,저스트 단동 익선점
e_e002392,1,5,2306100005,종삼육
e_e002392,1,6,2306100006,청계천
e_e002392,1,7,2306100007,킬 리 뱅뱅
e_e002392,1,8,2306100009,경복궁역 3호선
e_e002392,1,9,2306100008,집
e_e002394,1,1,2306030001,집
e_e002394,1,2,2306030002,파리바게뜨 동백 백현점
e_e002394,1,3,2306030003,스타벅스 죽전 이마트점
e_e002394,1,4,2306030004,롯데마트 마석점
e_e002394,1,5,2306030006,일소뇨 펜션 글램핑
e_e002394,2,1,2306040002,문호리 국밥집
e_e002394,2,2,2306040003,수수 카페
e_e002394,2,3,2306040004,두물머리
e_e002394,2,4,2306040001,집
e_e002396,1,1,2306030001,집
e_e002396,1,2,2306030002,신동방 주유소
e_e002396,1,3,2306030003,진로 식자재 할인마트
e_e002396,1,4,2306030004,집
e_e002396,1,5,2306030006,티앤 풀빌라 펜션
e_e002396,2,1,2306040001,코미 호미 카페
e_e002396,2,2,2306040002,집
e_e002399,1,1,2306040002,집
e_e002399,1,2,2306040001,돌댕이석촌골농가맛집
e_e002399,1,3,2306040003,라이스 카페
e_e002399,1,4,2306040004,이천 농업테마공원
e_e002399,1,5,2306040005,집
e_e002401,1,1,2306040001,집
e_e002401,1,2,2306040002,광장시장
e_e002401,1,3,2306040003,청계천
e_e002401,1,4,2306040004,집
e_e002402,1,1,2306100001,집
e_e002402,1,2,2306100002,진명스포아트
e_e002402,1,3,2306100003,브루클린 더 버거 조인트 이촌점
e_e002402,1,4,2306100004,국립중앙박물관
e_e002402,1,5,2306100005,집
e_e002403,1,1,2306050001,집
e_e002403,1,2,2306050002,숙대 입구역 4호선
e_e002403,1,3,2306050004,초원공원
e_e002403,1,4,2306050005,안양 일 번가
e_e002403,1,5,2306050003,평촌역 광장
e_e002403,1,6,2306050006,구서 이면 사무소
e_e002403,1,7,2306050007,삼덕공원
e_e002403,1,8,2306050008,안양중앙시장
e_e002403,1,9,2306050009,다이소 범계역점
e_e002403,1,10,2306050010,스타벅스 범계 로데오점
e_e002403,1,11,2306050011,평촌중앙공원
e_e002403,1,12,2306050012,초원 7단지 부영아파트
e_e002403,2,1,2306060001,이마트 평촌점
e_e002403,2,2,2306060002,숙대 입구역 4호선
e_e002403,2,3,2306060003,108하늘계단
e_e002403,2,4,2306060004,집
e_e002405,1,1,2306110001,친구 친지 집
e_e002405,1,2,2306110002,CGV 판교
e_e002405,1,3,2306110003,매드포갈릭 판교 라 스트리트점
e_e002405,1,4,2306110004,스타벅스 판교 알파돔 시티점
e_e002405,1,5,2306110005,라 스트리트 판교역 거리 공원
e_e002405,1,6,2306110006,불암현대아파트
e_e002409,1,1,2306060001,집
e_e002409,1,2,2306060003,서울역
e_e002409,1,3,2306060004,포천아트밸리
e_e002409,1,4,2306060005,아트밸리 자작나무
e_e002409,1,5,2306060007,비둘기낭폭포
e_e002409,1,6,2306060006,한탄강 하늘다리
e_e002409,1,7,2306060008,전통술 박물관 산파원 본원
e_e002409,1,8,2306060002,집
e_e002410,1,1,2306030006,집
e_e002410,1,2,2306030001,인천 국민안전체험관
e_e002410,1,3,2306030002,차차 커 필코 인천 루원 지웰시티점
e_e002410,1,4,2306030003,청라메이루즈커낼파크뷰아파트
e_e002410,1,5,2306030004,하리니 양꼬치
e_e002410,1,6,2306030005,청라 호수 공원
e_e002410,1,7,2306030007,청라메이루즈커낼파크뷰아파트
e_e002410,2,1,2306040001,인천환경공단 청라 생태공원
e_e002410,2,2,2306040002,인천환경공단 청라 생태공원 온실
e_e002410,2,3,2306040003,청라메이루즈커낼파크뷰아파트
e_e002410,2,4,2306040004,신촌 숲 아이파크 아파트
e_e002411,1,1,2306040001,집
e_e002411,1,2,2306040002,(주)해누리
e_e002411,1,3,2306040003,중대 물빛공원
e_e002411,1,4,2306040004,카페 소요
e_e002411,1,5,2306040005,신흥역하늘채랜더스원아파트
e_e002412,1,1,2306030001,집
e_e002412,1,2,2306030002,무화과 식당
e_e002412,1,3,2306030003,한국만화 박물관
e_e002412,1,4,2306030004,상동호수 공원
e_e002412,1,5,2306030005,스타벅스 부천 플레이도시점
e_e002412,1,6,2306030006,현대백화점 디큐브시티점
e_e002412,1,7,2306030007,안주의 정석
e_e002412,1,8,2306030008,홈플러스 신도림점
e_e002412,1,9,2306030009,집
e_e002414,1,1,2306090001,집
e_e002414,1,2,2306090003,동서울 종합터미널
e_e002414,1,3,2306090004,건대입구역 7호선
e_e002414,1,4,2306090005,열불 날개 건대 본점
e_e002414,1,5,2306090006,건대 입구
e_e002414,1,6,2306090007,건국대학교 서울캠퍼스
e_e002414,2,1,2306100002,건국대학교 서울캠퍼스
e_e002414,2,2,2306100003,숙소
e_e002414,2,3,2306100004,육쌈냉면 목동점
e_e002414,2,4,2306100006,IFC 몰
e_e002414,2,5,2306100005,더 현대 서울
e_e002414,2,6,2306100007,여의도 한강공원
e_e002414,2,7,2306100008,점 보 시푸드 IFC 몰점
e_e002414,2,8,2306100009,서울고속버스터미널(경부)
e_e002414,2,9,2306100001,집
e_e002415,1,1,2306030001,집
e_e002415,1,2,2306030002,트리플 스트리트
e_e002415,1,3,2306030003,꽈페 송도 국제도시
e_e002415,1,4,2306030004,소찬공원
e_e002415,1,5,2306030005,송도 달빛축제공원
e_e002415,1,6,2306030008,송도센트럴파크
e_e002415,1,7,2306030007,다온 호텔
e_e002415,2,1,2306040001,부용 국밥 인천점
e_e002415,2,2,2306040002,집
e_e002421,1,1,2306050001,집
e_e002421,1,2,2306050002,웨이브 서플
e_e002421,1,3,2306050003,어머 조개 닭
e_e002421,1,4,2306050004,녹화
e_e002421,1,5,2306050005,웨이브 서플
e_e002421,1,6,2306050006,두툼
e_e002421,1,7,2306050007,집
e_e002422,1,1,2306040001,집
e_e002422,1,2,2306040002,포항 시청 고속버스 간이승강장
e_e002422,1,3,2306040003,서울고속버스터미널(경부)
e_e002422,1,4,2306040004,더 차 강남점
e_e002422,1,5,2306040005,박명주 브라더
e_e002422,1,6,2306040006,황홀경
e_e002422,1,7,2306040008,동동 표차 DDPC
e_e002422,1,8,2306040007,홈스 앤 루팡 서울대 입구점
e_e002422,1,9,2306040009,은평 서해그랑블 아파트
e_e002422,2,1,2306050001,미분당 연신내점
e_e002422,2,2,2306050002,폴라초이스 성분 뷰티마켓 팝업
e_e002422,2,3,2306050003,공간 와디즈
e_e002422,2,4,2306050004,그라운드시소 서촌
e_e002422,2,5,2306050005,남매 다과점
e_e002422,2,6,2306050006,서울역
e_e002422,2,7,2306050007,포항역
e_e002422,2,8,2306050008,해바라기 원룸
e_e002423,1,1,2306050001,집
e_e002423,1,2,2306050002,나츠키
e_e002423,1,3,2306050003,수원팔색길 화성 성곽길
e_e002423,1,4,2306050004,팔달산
e_e002423,1,5,2306050005,로우 파이브
e_e002423,1,6,2306050006,무니 버스
e_e002423,1,7,2306050007,방화수류정
e_e002423,1,8,2306050008,행궁동 벽화마을
e_e002423,1,9,2306050009,그릴 룸
e_e002423,1,10,2306050010,별빛마을 포토랜드
e_e002423,1,11,2306050011,로얄팰리스2차오피스텔
e_e002423,2,1,2306060001,일월 수목원
e_e002423,2,2,2306060002,할머니네 집
e_e002423,2,3,2306060003,수원시립미술관
e_e002423,2,4,2306060004,집
e_e002425,1,1,2306040001,집
e_e002425,1,2,2306040002,삼낙촌
e_e002425,1,3,2306040003,포천아트밸리
e_e002425,1,4,2306040004,한탄강 하늘다리
e_e002425,1,5,2306040005,허브아일랜드 허브카페
e_e002425,1,6,2306040006,현대 펠리스
e_e002433,1,1,2306050001,집
e_e002433,1,2,2306050002,화랑대역 6호선
e_e002433,1,3,2306050003,수락산
e_e002433,1,4,2306050004,스시 기용
e_e002433,1,5,2306050005,홈플러스 의정부점
e_e002433,1,6,2306050006,흥산 에너지 주유소
e_e002433,1,7,2306050007,집
e_e002437,1,1,2306030001,집
e_e002437,1,2,2306030003,태산 패밀리파크
e_e002437,1,3,2306030004,벼꽃 농부
e_e002437,1,4,2306030002,집
e_e002443,1,1,2306040001,집
e_e002443,1,2,2306040002,의정부교구 주교좌 의정부 성당
e_e002443,1,3,2306040003,후기숙 할머니 원조 어묵 식당 의정부 본점
e_e002443,1,4,2306040004,의정부문화재단
e_e002443,1,5,2306040005,의정부 미술 도서관
e_e002443,1,6,2306040006,파크 187
e_e002443,1,7,2306040007,의정부 제일시장
e_e002443,1,8,2306040008,집
e_e002451,1,1,2306040001,집
e_e002451,1,2,2306040002,숭례문
e_e002451,1,3,2306040004,신세계백화점 본점
e_e002451,1,4,2306040005,한국은행 화폐박물관
e_e002451,1,5,2306040003,남대문시장
e_e002451,1,6,2306040006,집
e_e002456,1,1,2306030001,사무실
e_e002456,1,2,2306030002,카페
e_e002456,1,3,2306030003,홍익 아파트
e_e002456,1,4,2306030004,안성맞춤 종합운동장
e_e002456,1,5,2306030005,홍익 아파트
e_e002456,2,1,2306040001,금광호수 공원
e_e002456,2,2,2306040002,슬루프
e_e002456,2,3,2306040003,홍익 아파트
e_e002456,2,4,2306040004,안성맞춤랜드
e_e002456,2,5,2306040005,이너매스 여울숲 오피스텔
e_e002462,1,1,2306070001,집
e_e002462,1,2,2306070002,공항 꿈나무 제2어린이 집
e_e002462,1,3,2306070003,영종 바른 이비인후과 의원
e_e002462,1,4,2306070004,집
e_e002462,1,5,2306070005,어반 리프
e_e002462,1,6,2306070006,얼레의 호텔
e_e002462,2,1,2306080001,에버랜드
e_e002462,2,2,2306080002,에버랜드 알파인 종합 식당
e_e002462,2,3,2306080003,에버랜드
e_e002462,2,4,2306080004,집
e_e002465,1,1,2306060001,집
e_e002465,1,2,2306060002,포옹 싸
e_e002465,1,3,2306060003,로맨티카
e_e002465,1,4,2306060004,은평 한옥마을
e_e002465,1,5,2306060006,롯데시네마 은평
e_e002465,1,6,2306060005,집
e_e002467,1,1,2306030001,집
e_e002467,1,2,2306030003,천에향 샤부샤부 훠궈 뷔페 송도점
e_e002467,1,3,2306030004,올리버 브라운 달빛공원점
e_e002467,1,4,2306030005,UH FLAT 더 송도
e_e002467,1,5,2306030006,송도 월드푸드 페스티벌
e_e002467,1,6,2306030002,UH FLAT 더 송도
e_e002467,2,1,2306040001,써브웨이 인천 송도센트럴파크 점
e_e002467,2,2,2306040002,셀렉트 커피 송도센트럴파크점
e_e002467,2,3,2306040003,송도센트럴파크
e_e002467,2,4,2306040004,현대 프리미엄 아울렛 송도점
e_e002467,2,5,2306040005,호랑이 곳간
e_e002467,2,6,2306040006,현대 프리미엄 아울렛 송도점
e_e002467,2,7,2306040007,트리플 스트리트
e_e002467,2,8,2306040008,버거킹 인천 송도 DT점
e_e002467,2,9,2306040009,송도해안 도로
e_e002467,2,10,2306040010,집
e_e002470,1,1,2306170001,집
e_e002470,1,2,2306170003,세븐일레븐 경복궁점
e_e002470,1,3,2306170004,국립현대미술관 서울관
e_e002470,1,4,2306170006,경복궁
e_e002470,1,5,2306170005,삼청 빙수
e_e002470,1,6,2306170002,집
e_e002471,1,1,2306140001,집
e_e002471,1,2,2306140003,렉스빌
e_e002471,1,3,2306140004,남이섬 아띠 춘천 닭갈비
e_e002471,1,4,2306140005,아침고요 수목원
e_e002471,1,5,2306140006,아침 고요 가족 동물원
e_e002471,1,6,2306140002,라라 키즈 풀빌라
e_e002471,2,1,2306150002,남이섬 가평 선착장
e_e002471,2,2,2306150003,남이섬
e_e002471,2,3,2306150004,자라섬
e_e002471,2,4,2306150005,남이섬
e_e002471,2,5,2306150008,달과 6펜스
e_e002471,2,6,2306150006,송원
e_e002471,2,7,2306150007,카페 75
e_e002471,2,8,2306150001,집
e_e002476,1,1,2306100001,집
e_e002476,1,2,2306100003,용문산 중앙식당
e_e002476,1,3,2306100004,용문산관광지
e_e002476,1,4,2306100005,용문사
e_e002476,1,5,2306100006,연수 1리 마을회관
e_e002476,1,6,2306100007,양평 공설공원 묘지
e_e002476,1,7,2306100008,현대 프리미엄 아울렛 스페이스원
e_e002476,1,8,2306100002,집
e_e002477,1,1,2307080001,집
e_e002477,1,2,2307080002,친지 집
e_e002477,1,3,2307080003,국립수목원
e_e002477,1,4,2307080004,욕쟁이 할머니집
e_e002477,1,5,2307080005,물꼬방
e_e002477,1,6,2307080006,코스트코 의정부점
e_e002477,1,7,2307080007,친지 집
e_e002477,1,8,2307080008,집
e_e002479,1,1,2306160001,집
e_e002479,1,2,2306160002,호텔 더 디자이너스 서울역점
e_e002479,1,3,2306160003,상대포 본점
e_e002479,1,4,2306160004,KPOPSTAR 코인 노래연습장
e_e002479,1,5,2306160005,다이소 남영역점
e_e002479,1,6,2306160006,롯데마켓 999 갈월점
e_e002479,1,7,2306160007,GS25 용산 포인트점
e_e002479,1,8,2306160008,호텔 더 디자이너스 서울역점
e_e002479,1,9,2306160009,포토 스트리트 숙대 입구점
e_e002479,1,10,2306160010,호텔 더 디자이너스 서울역점
e_e002479,2,1,2306170001,부천역 1호선
e_e002479,2,2,2306170002,컴포즈커피 부천역점
e_e002479,2,3,2306170003,집
e_e002481,1,1,2306150001,사무실
e_e002481,1,2,2306150002,한양 본점
e_e002481,1,3,2306150003,퀸 타운호텔
e_e002481,1,4,2306150004,일산 호수공원
e_e002481,1,5,2306150005,늘상웨돔
e_e002481,1,6,2306150006,퀸 타운호텔
e_e002481,2,1,2306160001,킨텍스 제2전시장 10홀
e_e002481,2,2,2306160002,타이리셔스 현대백화점 킨텍스점
e_e002481,2,3,2306160003,집
e_e002483,1,1,2306150001,집
e_e002483,1,2,2306150002,번지르르
e_e002483,1,3,2306150004,온 부산밀면
e_e002483,1,4,2306150003,화성행궁 어차
e_e002483,1,5,2306150005,동북각루
e_e002483,1,6,2306150006,행궁동 벽화마을
e_e002483,1,7,2306150007,수원 화성
e_e002483,1,8,2306150008,카페 한섬
e_e002483,1,9,2306150009,화성행궁
e_e002483,1,10,2306150010,벨라 스위트호텔
e_e002483,1,11,2306150012,먹튀
e_e002483,1,12,2306150011,벨라 스위트호텔
e_e002483,2,1,2306160002,브런치빈 수원 인계점
e_e002483,2,2,2306160003,효원공원 월화원
e_e002483,2,3,2306160004,AK플라자 수원
e_e002483,2,4,2306160001,집
e_e002485,1,1,2306090001,집
e_e002485,1,2,2306090002,순이네 고릴라 떡볶이 본점
e_e002485,1,3,2306090003,이마트 에브리데이 명지대점
e_e002485,1,4,2306090004,파리바게뜨 독립문역점
e_e002485,1,5,2306090005,티앤 풀빌라 펜션
e_e002485,2,1,2306100002,가평 레일파크
e_e002485,2,2,2306100003,메가 MGC 커피 가평점
e_e002485,2,3,2306100004,파주 닭 국수 가평점
e_e002485,2,4,2306100005,가평 잣 고을시장
e_e002485,2,5,2306100006,가평 레일파크
e_e002485,2,6,2306100008,이디야커피 가평점
e_e002485,2,7,2306100007,원조 할머니 두부집
e_e002485,2,8,2306100001,집
e_e002491,1,1,2306230001,집
e_e002491,1,2,2306230002,영중농협 하나로마트 본점
e_e002491,1,3,2306230003,더존 카라반 글램핑
e_e002491,1,4,2306230004,백운계곡
e_e002491,1,5,2306230008,더존 카라반 글램핑
e_e002491,2,1,2306240001,갈비 1987
e_e002491,2,2,2306240002,카페 숨
e_e002491,2,3,2306240003,집
e_e002495,1,1,2307080001,집
e_e002495,1,2,2307080003,중미산 제빵소
e_e002495,1,3,2307080004,캠프통 포레스트
e_e002495,1,4,2307080005,가평군 농협 하나로마트 설악점
e_e002495,1,5,2307080002,클럽 블루
e_e002495,2,1,2307090002,죽암휴게소 부산방향
e_e002495,2,2,2307090001,집
e_e002500,1,1,2306170001,집
e_e002500,1,2,2306170002,축령산 자연휴양림
e_e002500,1,3,2306170003,아름마루
e_e002500,1,4,2306170004,경기도 잣향기 푸른 숲
e_e002500,1,5,2306170005,더 플래츠
e_e002500,1,6,2306170006,가평군 농협 하나로마트 자라점
e_e002500,1,7,2306170008,에스에스리조트
e_e002500,1,8,2306170007,에스에스리조트
e_e002500,1,9,2306170009,에스에스리조트
e_e002500,2,1,2306180001,우렁이 쌈밥 마당
e_e002500,2,2,2306180002,가평역 레저
e_e002500,2,3,2306180003,카페라 쿠바
e_e002500,2,4,2306180004,집
e_e002506,1,1,2306100001,집
e_e002506,1,2,2306100004,우리 주유소
e_e002506,1,3,2306100003,금사농협 산북 지점
e_e002506,1,4,2306100006,해여림 빌리지
e_e002506,2,1,2306110001,신세계 프리미엄 아울렛 여주
e_e002506,2,2,2306110002,금화 왕돈가스 만수점
e_e002506,2,3,2306110003,집
e_e002507,1,1,2306110001,집
e_e002507,1,2,2306110003,문호 종묘
e_e002507,1,3,2306110004,어머니 맛 양평 해장국
e_e002507,1,4,2306110005,스타벅스 더 양평 DTR
e_e002507,1,5,2306110006,농민 마트
e_e002507,1,6,2306110007,쉬자 파크
e_e002507,1,7,2306110009,쉬자 파크 초가원
e_e002507,2,1,2306120001,승리 주유소
e_e002507,2,2,2306120002,양평역 경의 중앙선
e_e002507,2,3,2306120003,서울역
e_e002507,2,4,2306120004,집
e_e002508,1,1,2306240001,집
e_e002508,1,2,2306240003,푸른 술집 할라 수원역
e_e002508,1,3,2306240004,할리스 수원역점
e_e002508,1,4,2306240002,동탄 나루마을 신도브래뉴 아파트
e_e002508,2,1,2306250002,더 몰트 하우스 동탄 2신도시점
e_e002508,2,2,2306250003,동탄 호수 공원
e_e002508,2,3,2306250001,집
e_e002510,1,1,2306160001,집
e_e002510,1,2,2306160002,친구 집
e_e002510,1,3,2306160003,캐리비안베이
e_e002510,1,4,2306160004,루트 889
e_e002510,1,5,2306160005,카페 스윔
e_e002510,1,6,2306160006,집
e_e002511,1,1,2306100001,집
e_e002511,1,2,2306100002,오복 손두부
e_e002511,1,3,2306100003,카페류
e_e002511,1,4,2306100004,스타필드 하남
e_e002511,1,5,2306100005,집
e_e002513,1,1,2306170001,집
e_e002513,1,2,2306170002,스타벅스 남양주 연평 DT점
e_e002513,1,3,2306170003,우석헌 자연사박물관
e_e002513,1,4,2306170004,친척 집
e_e002513,1,5,2306170005,교회
e_e002513,1,6,2306170006,오남저수지
e_e002513,1,7,2306170007,친척 집
e_e002513,2,1,2306180001,동구릉
e_e002513,2,2,2306180002,집
e_e002514,1,1,2306170001,집
e_e002514,1,2,2306170002,청평역 경춘선
e_e002514,1,3,2306170003,가평군 농협 하나로마트 조종적
e_e002514,1,4,2306170004,핀란드 캠핑성
e_e002514,1,5,2306170006,가평 물골 숲계곡 캠핑장
e_e002514,1,6,2306170005,핀란드 캠핑성
e_e002514,2,1,2306180001,차 박사 카 서비스
e_e002514,2,2,2306180002,테르
e_e002514,2,3,2306180003,집
e_e002515,1,1,2306170001,집
e_e002515,1,2,2306170002,중동중학교
e_e002515,1,3,2306170003,잠실종합운동장
e_e002515,1,4,2306170004,나를 담다
e_e002515,1,5,2306170005,화덕 고깃간 신천 본점
e_e002515,1,6,2306170006,잠실종합운동장
e_e002515,1,7,2306170008,인생 맥주 북창점
e_e002515,1,8,2306170007,코트야드 바이 메리어트 서울남대문
e_e002515,1,9,2306170009,숲속마을 5단지 아이파크 아파트
e_e002515,1,10,2306170010,코트야드 바이 메리어트 서울남대문
e_e002515,2,1,2306180001,코트야드 바이 메리어트 서울 남대문 모모카페
e_e002515,2,2,2306180002,올림픽공원 테니스 경기장
e_e002515,2,3,2306180003,제일 제면소 올림픽공원점
e_e002515,2,4,2306180004,뚝섬한강공원
e_e002515,2,5,2306180005,마장휴게소 주차장
e_e002515,2,6,2306180006,집
e_e002527,1,1,2306110001,집
e_e002527,1,2,2306110002,김포 장릉
e_e002527,1,3,2306110004,리얼 파스타 사우점
e_e002527,1,4,2306110003,더 벤티 김포 사우점
e_e002527,1,5,2306110005,배스킨라빈스 김포 사우점
e_e002527,1,6,2306110006,집
e_e002536,1,1,2306270001,친구 친지 집
e_e002536,1,2,2306270002,오송역
e_e002536,1,3,2306270003,아이시티
e_e002536,1,4,2306270004,인왕산 수성동 계곡
e_e002536,1,5,2306270005,인왕산 둘레길
e_e002536,1,6,2306270006,더 숲 초소 책방
e_e002536,1,7,2306270007,인왕산 숲속 쉼터
e_e002536,1,8,2306270010,덕수궁
e_e002536,1,9,2306270008,청운 문학도서관
e_e002536,1,10,2306270009,코비 브라이트 광화문점
e_e002536,1,11,2306270011,아이시티
e_e002536,2,1,2306280001,오토 김밥 본점
e_e002536,2,2,2306280002,소월길
e_e002536,2,3,2306280003,컴포트 서울
e_e002536,2,4,2306280004,경복궁 경회루
e_e002536,2,5,2306280005,서울역
e_e002536,2,6,2306280006,조치원역
e_e002536,2,7,2306280007,집
e_e002541,1,1,2306100001,집
e_e002541,1,2,2306100002,수원 화성 박물관
e_e002541,1,3,2306100003,원조 엄마네
e_e002541,1,4,2306100004,수원팔색길 화성 성곽길
e_e002541,1,5,2306100005,코트야드 바이 메리어트 수원
e_e002541,1,6,2306100006,펀더멘탈브루잉
e_e002541,1,7,2306100007,대봉 통닭
e_e002541,1,8,2306100008,코트야드 바이 메리어트 수원
e_e002541,2,1,2306110001,스타벅스 광교 SK 뷰 레이크 41F 점
e_e002541,2,2,2306110002,집
e_e002548,1,1,2306170001,집
e_e002548,1,2,2306170002,부산종합버스터미널
e_e002548,1,3,2306170003,낙동강 구미 휴게소 상주방향
e_e002548,1,4,2306170004,서울고속버스터미널(경부)
e_e002548,1,5,2306170005,아그라 용산 아이파크몰점
e_e002548,1,6,2306170006,국립중앙박물관
e_e002548,1,7,2306170007,롯데월드타워 롯데월드몰
e_e002548,1,8,2306170008,잠실종합운동장 올림픽 주경기장
e_e002548,1,9,2306170011,CU 역삼 강남점
e_e002548,1,10,2306170012,세븐일레븐 역삼 한서점
e_e002548,1,11,2306170010,CF 모텔
e_e002548,2,1,2306180001,광장시장
e_e002548,2,2,2306180002,아베베 베이커리
e_e002548,2,3,2306180003,서울고속버스터미널(경부)
e_e002548,2,4,2306180004,낙동강의 성 휴게소 주유소 영천 방향
e_e002548,2,5,2306180005,부산종합버스터미널
e_e002548,2,6,2306180006,집
e_e002550,1,1,2306130001,집
e_e002550,1,2,2306130002,노보텔 앰배서더 서울 용산
e_e002550,1,3,2306130003,개미집 용산 아이파크몰점
e_e002550,1,4,2306130004,아이파크몰 용산점
e_e002550,1,5,2306130006,노보텔 앰배서더 서울 용산
e_e002550,2,1,2306140001,한 땀 그 시
e_e002550,2,2,2306140002,국립중앙박물관
e_e002550,2,3,2306140003,동작 노을카페
e_e002550,2,4,2306140004,집
e_e002551,1,1,2306170001,집
e_e002551,1,2,2306170002,청주 고속버스 임시터미널
e_e002551,1,3,2306170003,서울고속버스터미널(경부)
e_e002551,1,4,2306170004,가미 가락국수
e_e002551,1,5,2306170005,푸다
e_e002551,1,6,2306170006,제로 스페이스
e_e002551,1,7,2306170007,망원한강공원
e_e002551,1,8,2306170008,스타벅스 망원한강공원점
e_e002551,1,9,2306170009,버섯 마루
e_e002551,1,10,2306170010,선유도공원
e_e002551,1,11,2306170011,서울특별시 구로구 남부 순환로 15길 2
e_e002551,2,1,2306180001,다이소 당산점
e_e002551,2,2,2306180002,또순이네
e_e002551,2,3,2306180003,서울고속버스터미널(경부)
e_e002551,2,4,2306180004,청주 고속버스 임시터미널
e_e002551,2,5,2306180005,집
e_e002555,1,1,2307020001,집
e_e002555,1,2,2307020002,청평 글램독 애견펜션
e_e002555,2,1,2307030002,설악 찐 곰탕
e_e002555,2,2,2307030003,자라섬
e_e002555,2,3,2307030001,집
e_e002556,1,1,2306230001,집
e_e002556,1,2,2306230003,청주 휴게소 서울 방향
e_e002556,1,3,2306230002,WO 모텔 용산역
e_e002556,2,1,2306240002,영등포 제2스포츠 센터
e_e002556,2,2,2306240003,남경
e_e002556,2,3,2306240004,아이파크몰 용산점
e_e002556,2,4,2306240005,기흥휴게소 부산방향
e_e002556,2,5,2306240001,집
e_e002557,1,1,2306240001,집
e_e002557,1,2,2306240002,이태원 앤티크 가구거리
e_e002557,1,3,2306240003,아도브 피자
e_e002557,1,4,2306240004,갤러리아백화점  한류스타거리  로데오거리
e_e002557,1,5,2306240005,바르다 김 선생
e_e002557,1,6,2306240007,한 잔의 추억 (한 후)
e_e002557,1,7,2306240006,la casa  (라-까사)
e_e002557,2,1,2306250001,신사동 가로수길
e_e002557,2,2,2306250002,청담동 명품거리
e_e002557,2,3,2306250003,청담근린공원
e_e002557,2,4,2306250004,강남역 사거리 강남역 지하상가
e_e002557,2,5,2306250005,고속 터미널 지하철역 상가
e_e002557,2,6,2306250006,서울고속버스터미널(경부)
e_e002557,2,7,2306250007,집
e_e002558,1,1,2306100001,집
e_e002558,1,2,2306100002,금정역 4호선
e_e002558,1,3,2306100003,하남 드림 휴게소
e_e002558,1,4,2306100004,양서농협 하나로마트 서종점
e_e002558,1,5,2306100006,둥지 펜션
e_e002558,2,1,2306110001,문호리 국밥집
e_e002558,2,2,2306110002,하남 드림 휴게소
e_e002558,2,3,2306110003,집
e_e002565,1,1,2306180001,집
e_e002565,1,2,2306180002,두물머리
e_e002565,1,3,2306180003,두 머리(두물머리 연 핫도그)  카페 가람
e_e002565,1,4,2306180004,팔당 추계 국수 본점
e_e002565,1,5,2306180005,엄마 집
e_e002566,1,1,2306140001,집
e_e002566,1,2,2306140008,전주 시외버스 공용터미널
e_e002566,1,3,2306140007,서울남부터미널
e_e002566,1,4,2306140002,컴오프
e_e002566,1,5,2306140003,석촌호수 산책길
e_e002566,1,6,2306140004,우기 식당
e_e002566,1,7,2306140005,동래별장
e_e002566,1,8,2306140006,잠실 I-SPACEII 오피스텔
e_e002566,2,1,2306150001,떡 도리탕 강남점
e_e002566,2,2,2306150002,스타벅스 강남 R 점
e_e002566,2,3,2306150003,서울남부터미널
e_e002566,2,4,2306150004,전주 시외버스 공용터미널
e_e002566,2,5,2306150005,집
e_e002569,1,1,2307070001,사무실
e_e002569,1,2,2307070002,청주 여객터미널 북부정류장
e_e002569,1,3,2307070003,센트럴시티터미널(호남)
e_e002569,1,4,2307070004,강남 터미널 경부선 지하상가
e_e002569,1,5,2307070005,호호 식당 파미 스테이션점
e_e002569,1,6,2307070007,스타벅스 서울 웨이브 아트센터점
e_e002569,1,7,2307070008,문래역 2호선
e_e002569,1,8,2307070009,CU 문래남부점
e_e002569,1,9,2307070006,문래 현대 홈 시티 1차 오피스텔
e_e002569,2,1,2307080002,이마트 24 스타필드 코엑스몰 1호점
e_e002569,2,2,2307080003,코엑스
e_e002569,2,3,2307080004,별마다 도서관
e_e002569,2,4,2307080005,경성 면옥
e_e002569,2,5,2307080006,대한불교조계종 봉은사
e_e002569,2,6,2307080007,서러원 베이커리
e_e002569,2,7,2307080008,서울고속버스터미널(경부)
e_e002569,2,8,2307080009,청주 고속버스 임시터미널
e_e002569,2,9,2307080010,달시 아이스크림 세계 과자 사창점
e_e002569,2,10,2307080001,사창 대원칸타빌 아파트
e_e002570,1,1,2306100001,집
e_e002570,1,2,2306100002,코리 달리 그 카페
e_e002570,1,3,2306100003,산타마리아 펜션
e_e002570,2,1,2306110001,잘 잠 157
e_e002570,2,2,2306110002,화랑로 LPG 충전소
e_e002570,2,3,2306110003,집
e_e002572,1,1,2306090001,집
e_e002572,1,2,2306090002,국립현대미술관 서울관
e_e002572,1,3,2306090003,삼청동 거리
e_e002572,1,4,2306090004,더 현대 서울
e_e002572,1,5,2306090005,집
e_e002574,1,1,2307010001,집
e_e002574,1,2,2307010003,서울월드컵경기장
e_e002574,1,3,2307010002,집
e_e002576,1,1,2306250001,집
e_e002576,1,2,2306250002,판교 박물관
e_e002576,1,3,2306250003,파이어 스몰
e_e002576,1,4,2306250004,나인 트리 프리미어 호텔 서울 판교
e_e002576,1,5,2306250005,삐삣버거 판교파미어스점
e_e002576,1,6,2306250006,나인 트리 프리미어 호텔 서울 판교
e_e002576,1,7,2306250007,퍼니 랜드
e_e002576,1,8,2306250008,나인 트리 프리미어 호텔 서울 판교
e_e002576,2,1,2306260001,나인 트리 프리미어 호텔 서울 판교
e_e002576,2,2,2306260003,스타벅스 판교 아이스퀘어
e_e002576,2,3,2306260002,집
e_e002577,1,1,2306110001,집
e_e002577,1,2,2306110002,곰터먹촌
e_e002577,1,3,2306110003,포천아트밸리
e_e002577,1,4,2306110004,포천농협 하나로마트
e_e002577,1,5,2306110005,GS 더 프레시 포천점
e_e002577,1,6,2306110007,다이소 포천 신읍점
e_e002577,1,7,2306110006,파인 트리 글램핑 캠핑장
e_e002577,2,1,2306120002,산정호수
e_e002577,2,2,2306120003,허브아일랜드
e_e002577,2,3,2306120001,집
e_e002579,1,1,2307010001,집
e_e002579,1,2,2307010002,울산역
e_e002579,1,3,2307010003,서울역
e_e002579,1,4,2307010004,모레노 라멘 합정 본점
e_e002579,1,5,2307010005,해머 플레이스
e_e002579,1,6,2307010006,더 현대 서울
e_e002579,1,7,2307010007,IFC 몰
e_e002579,1,8,2307010008,벌스데이 올림픽공원점
e_e002579,1,9,2307010009,올림픽공원 SK 핸드볼경기장
e_e002579,1,10,2307010010,수서역
e_e002579,1,11,2307010011,울산역
e_e002579,1,12,2307010012,집
e_e002582,1,1,2306180001,집
e_e002582,1,2,2306180003,청수정
e_e002582,1,3,2306180004,국립현대미술관 서울관
e_e002582,1,4,2306180005,피그 인 더 가든 광화문점
e_e002582,1,5,2306180006,교보문고 광화문점
e_e002582,1,6,2306180007,오스테리에 소띠
e_e002582,1,7,2306180008,광화문광장
e_e002582,1,8,2306180009,덕수궁
e_e002582,1,9,2306180010,덕수궁 돌담길
e_e002582,1,10,2306180002,신라스테이 광화문
e_e002582,2,1,2306190001,집
e_e002583,1,1,2306100001,사무실
e_e002583,1,2,2306100003,동탄 레이크 자연앤 푸르지오 아파트
e_e002583,1,3,2306100004,족보사
e_e002583,1,4,2306100005,옛날 통닭 한 끼 한 죽
e_e002583,1,5,2306100006,달래해 장 동탄 호수 공원점
e_e002583,1,6,2306100007,GS25 동탄 호수 계룡점
e_e002583,1,7,2306100008,동탄 레이크 자연앤 푸르지오 아파트
e_e002583,1,8,2306100009,동탄 레이크 자연앤 푸르지오 아파트
e_e002583,2,1,2306110002,동탄 호수 공원
e_e002583,2,2,2306110003,용용 선생 동탄점
e_e002583,2,3,2306110004,아이 스마트 동탄 호수 공원점
e_e002583,2,4,2306110005,동탄 레이크 자연앤 푸르지오 아파트
e_e002583,2,5,2306110006,동탄 호수 공원
e_e002583,2,6,2306110007,동탄 레이크 자연앤 푸르지오 아파트
e_e002583,2,7,2306110008,최미삼순대국
e_e002583,2,8,2306110001,서울오토갤러리
e_e002584,1,1,2306100001,집
e_e002584,1,2,2306100003,양수리 전통시장
e_e002584,1,3,2306100004,두물머리
e_e002584,1,4,2306100005,블룸 비스타
e_e002584,1,5,2306100006,솔향 장어 전문점
e_e002584,1,6,2306100002,블룸 비스타
e_e002584,2,1,2306110002,양평곤충 박물관
e_e002584,2,2,2306110001,집
e_e002589,1,1,2306230001,집
e_e002589,1,2,2306230003,상천리 봉녀 수제비
e_e002589,1,3,2306230004,남이섬
e_e002589,1,4,2306230002,테라피 신축 스파 펜션
e_e002589,2,1,2306240001,아침고요 수목원
e_e002589,2,2,2306240003,은화 별채
e_e002589,2,3,2306240004,피아노폭포
e_e002589,2,4,2306240005,두물머리
e_e002589,2,5,2306240006,다산 생태공원
e_e002589,2,6,2306240002,집
e_e002590,1,1,2306110001,집
e_e002590,1,2,2306110002,별 농장
e_e002590,1,3,2306110003,국수나무 평택 팽성점
e_e002590,1,4,2306110004,이디야커피 평택 팽성점
e_e002590,1,5,2306110005,집
e_e002593,1,1,2306250001,집
e_e002593,1,2,2306250003,불곡산
e_e002593,1,3,2306250004,윤셰프 정직한 제빵소 양주 본점
e_e002593,1,4,2306250005,자반고 본점
e_e002593,1,5,2306250002,집
e_e002597,1,1,2306190001,집
e_e002597,1,2,2306190002,푸드카페 김밥천국
e_e002597,1,3,2306190003,에버랜드
e_e002597,1,4,2306190005,한화리조트 용인 베잔송
e_e002597,2,1,2306200001,집
e_e002599,1,1,2306100001,집
e_e002599,1,2,2306100002,갈릴리 농원 본관
e_e002599,1,3,2306100003,홍콩 94
e_e002599,1,4,2306100004,느린 여름
e_e002599,1,5,2306100005,두레공원
e_e002599,1,6,2306100006,집
e_e002600,1,1,2306110001,집
e_e002600,1,2,2306110002,코너 546
e_e002600,1,3,2306110003,모르니 분당점
e_e002600,1,4,2306110004,NC백화점 야탑점
e_e002600,1,5,2306110005,올 데이 스위츠
e_e002600,1,6,2306110006,집
e_e002605,1,1,2306110001,집
e_e002605,1,2,2306110003,일 피노
e_e002605,1,3,2306110004,피아노폭포
e_e002605,1,4,2306110005,능내역 (폐역)
e_e002605,1,5,2306110006,망향비빔국수 미사리점
e_e002605,1,6,2306110002,집
e_e002606,1,1,2306200001,집
e_e002606,1,2,2306200002,서울공예 박물관
e_e002606,1,3,2306200003,왕생가 칼국수
e_e002606,1,4,2306200004,블루 보틀 삼청 카페
e_e002606,1,5,2306200005,집
e_e002607,1,1,2306230001,집
e_e002607,1,2,2306230003,잘 잠 157
e_e002607,1,3,2306230004,가평글램독 애견펜션
e_e002607,1,4,2306230005,Gs25 가평 가화로점
e_e002607,1,5,2306230006,가평글램독 애견펜션
e_e002607,1,6,2306230002,가평글램독 애견펜션
e_e002607,2,1,2306240001,가평글램독 애견펜션
e_e002607,2,2,2306240002,우리야 가평 마루신점
e_e002607,2,3,2306240003,카페 목련
e_e002607,2,4,2306240004,나만 애 동물 병원
e_e002607,2,5,2306240005,집
e_e002610,1,1,2306300001,집
e_e002610,1,2,2306300002,연천 호로 고루
e_e002610,1,3,2306300003,고랑 포구 역사 공원
e_e002610,1,4,2306300004,카페 그리메
e_e002610,1,5,2306300005,연천농협 본점
e_e002610,1,6,2306300006,경기도 교직원 연천 서덕원
e_e002610,2,1,2307010001,연천 감자탕
e_e002610,2,2,2307010002,안제리나베이커리
e_e002610,2,3,2307010003,연천 어린이공원 물놀이장
e_e002610,2,4,2307010004,전곡선사 박물관
e_e002610,2,5,2307010005,집
e_e002613,1,1,2306240001,집
e_e002613,1,2,2306240003,롯데몰 수원점
e_e002613,1,3,2306240004,카페 스퀘어드
e_e002613,1,4,2306240005,수원 화성 동북공심돈
e_e002613,1,5,2306240006,봉봉 24 용인 동백호수점
e_e002613,1,6,2306240002,집
e_e002622,1,1,2306170001,집
e_e002622,1,2,2306170002,조몰락 닭갈비
e_e002622,1,3,2306170005,명지계곡
e_e002622,1,4,2306170003,남이섬 가평 선착장
e_e002622,1,5,2306170006,연인산리조트
e_e002622,2,1,2306180001,아침고요 수목원
e_e002622,2,2,2306180002,채원 막국수 잣 두부
e_e002622,2,3,2306180003,집
e_e002625,1,1,2306300001,집
e_e002625,1,2,2306300002,본가 신숙희 진골막국수
e_e002625,1,3,2306300004,죠의아 독채 풀 빌라
e_e002625,2,1,2307010001,국립유명산자연휴양림
e_e002625,2,2,2307010003,여주 카페 보드로
e_e002625,2,3,2307010002,신세계 프리미엄 아울렛 여주
e_e002625,2,4,2307010004,집
e_e002627,1,1,2307070001,집
e_e002627,1,2,2307070002,설악 휴게소
e_e002627,1,3,2307070003,소원 막국수
e_e002627,1,4,2307070004,프롬 밀크
e_e002627,1,5,2307070008,동화 카라반 캠핑장
e_e002627,2,1,2307080001,가평 빠직
e_e002627,2,2,2307080002,마그빈 제빵소 가평 1호점
e_e002627,2,3,2307080003,집
e_e002633,1,1,2306250001,집
e_e002633,1,2,2306250002,이마트 여주점
e_e002633,1,3,2306250003,여유당
e_e002633,2,1,2306260002,만당홍
e_e002633,2,2,2306260001,집
e_e002634,1,1,2306260001,집
e_e002634,1,2,2306260002,국립중앙박물관 기획전시실
e_e002634,1,3,2306260003,제주삼다 돈
e_e002634,1,4,2306260004,배재란 커피 클래스
e_e002634,1,5,2306260005,집
e_e002635,1,1,2307010001,집
e_e002635,1,2,2307010003,안양 워터랜드
e_e002635,1,3,2307010004,더 테라스
e_e002635,1,4,2307010002,집
e_e002638,1,1,2306300001,집
e_e002638,1,2,2306300002,동해역
e_e002638,1,3,2306300003,서울역
e_e002638,1,4,2306300004,보코 서울 강남
e_e002638,1,5,2306300005,하남돼지집 가로수길점
e_e002638,1,6,2306300006,Apple 가로수길
e_e002638,1,7,2306300007,스타벅스 도산 가로수 길 점
e_e002638,1,8,2306300008,보코 서울 강남
e_e002638,2,1,2307010002,스타시티 아트 웨딩홀
e_e002638,2,2,2307010003,리버 커피
e_e002638,2,3,2307010004,청량리역
e_e002638,2,4,2307010005,동해역
e_e002638,2,5,2307010006,맥도날드 동해 DT점
e_e002638,2,6,2307010001,집
e_e002641,1,1,2306240001,집
e_e002641,1,2,2306240002,두정역 1호선
e_e002641,1,3,2306240003,병점역 1호선
e_e002641,1,4,2306240004,시범한빛마을 동탄 삼부르네상스 아파트
e_e002641,1,5,2306240005,스타벅스 동탄 타임 테라스점
e_e002641,1,6,2306240006,개나리공원
e_e002641,1,7,2306240007,닭이봉 춘천 닭갈비
e_e002641,1,8,2306240009,시범한빛마을 동탄 삼부르네상스 아파트
e_e002641,2,1,2306250001,메가박스 동탄
e_e002641,2,2,2306250002,조군 스시
e_e002641,2,3,2306250003,시범한빛마을 동탄 삼부르네상스 아파트
e_e002641,2,4,2306250004,병점역 1호선
e_e002641,2,5,2306250005,두정역 1호선
e_e002641,2,6,2306250006,집
e_e002650,1,1,2306110001,집
e_e002650,1,2,2306110002,성환역
e_e002650,1,3,2306110003,평택역
e_e002650,1,4,2306110004,앨리스 키친
e_e002650,1,5,2306110005,무소
e_e002650,1,6,2306110006,포토 그레이 평택점
e_e002650,1,7,2306110007,다이소 평택역점
e_e002650,1,8,2306110008,평택역
e_e002650,1,9,2306110009,성환역
e_e002650,1,10,2306110010,집
e_e002662,1,1,2307010001,집
e_e002662,1,2,2307010003,연리 희재
e_e002662,1,3,2307010004,아레볼
e_e002662,1,4,2307010005,나인 블록 출판도시점
e_e002662,1,5,2307010002,집
e_e002664,1,1,2307010001,집
e_e002664,1,2,2307010003,화수리 마을 트래킹
e_e002664,1,3,2307010002,화수리 누나 집
e_e002664,2,1,2307020002,더 드림
e_e002664,2,2,2307020003,매향리 평화생태공원
e_e002664,2,3,2307020004,감성 커피 화성 매향 스퀘어점
e_e002664,2,4,2307020001,집
e_e002673,1,1,2306170001,사무실
e_e002673,1,2,2306170002,한국만화 박물관
e_e002673,1,3,2306170003,웅진플레이도시
e_e002673,1,4,2306170004,삼도 갈비
e_e002673,1,5,2306170005,스카이시티자이아파트
e_e002677,1,1,2306100001,집
e_e002677,1,2,2306100002,더 현대 서울
e_e002677,1,3,2306100004,여의도 한강공원
e_e002677,1,4,2306100005,IFC 몰
e_e002677,1,5,2306100003,켄싱턴호텔 여의도
e_e002677,2,1,2306110002,현대 프리미엄 아울렛 김포점
e_e002677,2,2,2306110001,집
e_e002681,1,1,2306240001,집
e_e002681,1,2,2306240002,구포역
e_e002681,1,3,2306240004,감성 커피 동서울대점
e_e002681,1,4,2306240003,서울역
e_e002681,1,5,2306240005,동서울 대학교
e_e002681,1,6,2306240006,롯데월드타워 롯데월드몰
e_e002681,1,7,2306240007,애니 오케이션 카페
e_e002681,1,8,2306240008,한강공원 토끼굴 진출입로 1
e_e002681,1,9,2306240009,잠원한강공원
e_e002681,1,10,2306240010,본 모텔
e_e002681,2,1,2306250002,홍대 개미 서울 역사점
e_e002681,2,2,2306250003,스타벅스 서울 역사점
e_e002681,2,3,2306250004,온누리교회
e_e002681,2,4,2306250005,장교숙소 5단지(용산공원 반환부지)
e_e002681,2,5,2306250006,모센즈 스위트
e_e002681,2,6,2306250007,홍대 패션거리
e_e002681,2,7,2306250008,연남 어부
e_e002681,2,8,2306250001,집
e_e002683,1,1,2306250001,집
e_e002683,1,2,2306250003,가평역 경춘선
e_e002683,1,3,2306250004,역전 분식
e_e002683,1,4,2306250005,MC 레저
e_e002683,1,5,2306250002,슬기로운 펜션
e_e002683,2,1,2306260001,초원 닭갈비 막국수
e_e002683,2,2,2306260002,바이 스테이션
e_e002683,2,3,2306260003,가평역 경춘선
e_e002683,2,4,2306260004,집
e_e002684,1,1,2307080001,집
e_e002684,1,2,2307080002,헤이리 예술마을
e_e002684,1,3,2307080003,규멘돈
e_e002684,1,4,2307080004,파주 프리미엄 아울렛
e_e002684,1,5,2307080005,집
e_e002697,1,1,2306100001,집
e_e002697,1,2,2306100002,음성휴게소 하남방향
e_e002697,1,3,2306100003,서울숲
e_e002697,1,4,2306100005,오레오 팝업스토어
e_e002697,1,5,2306100007,경의선 숲길
e_e002697,1,6,2306100006,연하동
e_e002697,1,7,2306100004,화원 하우스 HQ
e_e002697,2,1,2306110003,메이크업바이블리
e_e002697,2,2,2306110004,노티스 안국
e_e002697,2,3,2306110005,삼청 빙수
e_e002697,2,4,2306110002,용산 아이파크몰 더 가든
e_e002697,2,5,2306110006,북촌 한옥마을
e_e002697,2,6,2306110001,집
e_e002699,1,1,2306250001,집
e_e002699,1,2,2306250003,나루터가
e_e002699,1,3,2306250004,강이다
e_e002699,1,4,2306250005,물의 정원
e_e002699,1,5,2306250002,집
e_e002705,1,1,2306170001,집
e_e002705,1,2,2306170002,LA 코코보일리 본점
e_e002705,1,3,2306170003,오이도
e_e002705,1,4,2306170004,로아 커피
e_e002705,1,5,2306170005,오이도
e_e002705,1,6,2306170006,집
e_e002719,1,1,2306100001,집
e_e002719,1,2,2306100003,웅진플레이도시 워터파크 온천스파
e_e002719,1,3,2306100002,집
e_e002721,1,1,2306230001,집
e_e002721,1,2,2306230002,국립중앙도서관
e_e002721,1,3,2306230003,파리에 스테이션
e_e002721,1,4,2306230004,신세계백화점 강남점
e_e002721,1,5,2306230005,집
e_e002728,1,1,2306240001,집
e_e002728,1,2,2306240002,에버랜드
e_e002728,1,3,2306240003,호텔 카누
e_e002728,2,1,2306250001,온정 손만두 본점
e_e002728,2,2,2306250003,화평 대군
e_e002728,2,3,2306250002,집
e_e002736,1,1,2306170001,집
e_e002736,1,2,2306170002,대전역
e_e002736,1,3,2306170003,서울역
e_e002736,1,4,2306170004,함흥에 겨울냉면
e_e002736,1,5,2306170005,동대문종합시장
e_e002736,1,6,2306170006,동대문디자인플라자
e_e002736,1,7,2306170007,밀리오레
e_e002736,1,8,2306170008,장충체육관
e_e002736,1,9,2306170009,대전역
e_e002736,1,10,2306170010,대전 동구 중앙로 240
e_e002737,1,1,2306140001,집
e_e002737,1,2,2306140003,국립중앙도서관
e_e002737,1,3,2306140004,몽마르트르 공원
e_e002737,1,4,2306140005,서래 마을 이야기
e_e002737,1,5,2306140006,르뱅 아세르
e_e002737,1,6,2306140007,국립중앙도서관 기록 매체 박물관
e_e002737,1,7,2306140008,국립중앙도서관 디지털도서관
e_e002737,1,8,2306140002,집
e_e002739,1,1,2307010001,집
e_e002739,1,2,2307010002,수원 화성 박물관
e_e002739,1,3,2307010003,화성행궁
e_e002739,1,4,2307010004,수원시립미술관
e_e002739,1,5,2307010005,이 가공
e_e002739,1,6,2307010006,하얀 풍차제과 곡반점
e_e002739,1,7,2307010007,집
e_e002740,1,1,2306170001,집
e_e002740,1,2,2306170002,서울 그루 치과 의원
e_e002740,1,3,2306170003,파리바게뜨 상현 힐스테이트 점
e_e002740,1,4,2306170004,메이필드호텔 서울
e_e002740,1,5,2306170005,메이필드호텔 서울 수영장
e_e002740,1,6,2306170006,감성 991돼지 강서 직영점
e_e002740,1,7,2306170007,롯데몰 김포공항점
e_e002740,1,8,2306170008,메이필드호텔 서울
e_e002740,2,1,2306180001,메이필드호텔 서울 수영장
e_e002740,2,2,2306180006,라라코스트 화곡 메가 스퀘어점
e_e002740,2,3,2306180003,제주 토방 탕수육
e_e002740,2,4,2306180002,정소라 스튜디오
e_e002740,2,5,2306180004,트윈팰리스 아파트
e_e002740,2,6,2306180005,집
e_e002742,1,1,2306150001,집
e_e002742,1,2,2306150002,김포 장릉
e_e002742,1,3,2306150003,양평 해장국
e_e002742,1,4,2306150004,김포 아트빌리지
e_e002742,1,5,2306150005,한옥카페 다인
e_e002742,1,6,2306150006,모담 공원
e_e002742,1,7,2306150007,김포 운양동 카페거리
e_e002742,1,8,2306150008,버거 37 김포 본점
e_e002742,1,9,2306150009,집
e_e002745,1,1,2307010001,집
e_e002745,1,2,2307010002,부산역
e_e002745,1,3,2307010003,서울역
e_e002745,1,4,2307010004,서울 부티크
e_e002745,1,5,2307010005,로지네
e_e002745,1,6,2307010006,파티룸 쉬기 스튜디오
e_e002745,1,7,2307010007,파티룸 쉬기 스튜디오
e_e002745,2,1,2307020002,합정역 2호선
e_e002745,2,2,2307020003,소문난 성수 감자탕
e_e002745,2,3,2307020004,베티베르
e_e002745,2,4,2307020006,디오르 성수
e_e002745,2,5,2307020005,마르헨제이 성수
e_e002745,2,6,2307020007,공간 와디즈
e_e002745,2,7,2307020008,카시아 타이 건대점
e_e002745,2,8,2307020009,꼬며 노
e_e002745,2,9,2307020010,정통 집 건대점
e_e002745,2,10,2307020011,수서역
e_e002745,2,11,2307020001,집
e_e002746,1,1,2306170001,집
e_e002746,1,2,2306170003,친척 집
e_e002746,1,3,2306170004,돈가스 잔치 의정부 녹양점
e_e002746,1,4,2306170005,스타벅스 의정부 녹양 DT점
e_e002746,1,5,2306170007,친구 원룸
e_e002746,1,6,2306170006,경기도 의정부 녹양로 62번 길 65
e_e002746,1,7,2306170008,대패 상회
e_e002746,1,8,2306170009,친구 원룸
e_e002746,1,9,2306170010,츠바메
e_e002746,1,10,2306170011,비플러스
e_e002746,1,11,2306170012,친구 원룸
e_e002746,1,12,2306170002,친구 원룸
e_e002746,2,1,2306180002,신세계백화점 의정부점
e_e002746,2,2,2306180003,카페 루나 브루
e_e002746,2,3,2306180004,벌투 파리지앵 의정부 본점
e_e002746,2,4,2306180001,용산역
e_e002746,2,5,2306180005,집
e_e002747,1,1,2306160001,집
e_e002747,1,2,2306160002,세븐일레븐 남현 르메이에르 점
e_e002747,1,3,2306160003,장안문
e_e002747,1,4,2306160004,벨리 하우스
e_e002747,1,5,2306160005,화성행궁
e_e002747,1,6,2306160006,화성행궁
e_e002747,1,7,2306160007,비바 시티
e_e002747,1,8,2306160008,수원 화성 화서문
e_e002747,1,9,2306160009,수원 정자 금강 에스쁘아 아파트
e_e002747,1,10,2306160010,이 조생 고기
e_e002747,1,11,2306160011,골목
e_e002747,1,12,2306160012,수원 정자 금강 에스쁘아 아파트
e_e002747,2,1,2306170001,준코 뮤직타운 수원역점
e_e002747,2,2,2306170002,수원 정자 금강 에스쁘아 아파트
e_e002747,2,3,2306170003,스타벅스 수원 정자 사거리 DT점
e_e002747,2,4,2306170004,집
e_e002753,1,1,2306100001,집
e_e002753,1,2,2306100002,구리휴게소 일산방향
e_e002753,1,3,2306100003,어메이징 파크
e_e002753,1,4,2306100004,솔트 가든
e_e002753,1,5,2306100005,동교리순대국
e_e002753,1,6,2306100006,어거스트 블루
e_e002753,1,7,2306100008,에이스드라이브인무인텔
e_e002753,2,1,2306110001,하나 우리 숯불갈비
e_e002753,2,2,2306110002,포공영 커피
e_e002753,2,3,2306110003,마장 프리미엄 휴게소 하남방향
e_e002753,2,4,2306110004,집
e_e002754,1,1,2306290001,집
e_e002754,1,2,2306290004,우육 면관 청계천점
e_e002754,1,3,2306290003,서울시립미술관 서소문 본관
e_e002754,1,4,2306290005,왕십리 이모네 곱창
e_e002754,1,5,2306290002,에스케이프 호텔
e_e002754,2,1,2306300002,국립중앙박물관 기획전시실
e_e002754,2,2,2306300003,어미야
e_e002754,2,3,2306300004,동빙고
e_e002754,2,4,2306300001,집
e_e002755,1,1,2306170001,집
e_e002755,1,2,2306170003,오산 오색시장
e_e002755,1,3,2306170004,고인돌공원
e_e002755,1,4,2306170005,골드 헤겔
e_e002755,1,5,2306170006,경기도 국민안전체험관
e_e002755,1,6,2306170002,집
e_e002756,1,1,2306160001,집
e_e002756,1,2,2306160002,금강 막국수
e_e002756,1,3,2306160003,가평 양떼목장
e_e002756,1,4,2306160004,가평 양대목장 카페
e_e002756,1,5,2306160005,가평 조은 마트
e_e002756,1,6,2306160006,펜션 아리
e_e002756,2,1,2306170001,가평 달맞이 밥상
e_e002756,2,2,2306170002,쁘띠프랑스
e_e002756,2,3,2306170003,LX22 베이커리 카페
e_e002756,2,4,2306170004,색형 터널
e_e002756,2,5,2306170005,플로리
e_e002756,2,6,2306170006,고기 마당
e_e002756,2,7,2306170007,집
e_e002759,1,1,2306100001,집
e_e002759,1,2,2306100002,신림사거리 정류장
e_e002759,1,3,2306100003,이케아 광명점
e_e002759,1,4,2306100006,롯데몰 광명점
e_e002759,1,5,2306100004,오투 닭갈비 부대찌개 KTX 광명역 어반 브릭스점
e_e002759,1,6,2306100005,일직동 무의공 만남의 광장
e_e002759,1,7,2306100007,이케아 광명점
e_e002759,1,8,2306100008,집
e_e002760,1,1,2306100001,집
e_e002760,1,2,2306100003,파주 나비 나라
e_e002760,1,3,2306100004,카이노스 출판 단지점
e_e002760,1,4,2306100005,활판인쇄 박물관
e_e002760,1,5,2306100002,집
e_e002763,1,1,2307010001,사무실
e_e002763,1,2,2307010002,버터 라이스클럽
e_e002763,1,3,2307010003,나인 트리 프리미어 로카우스 호텔 서울 용산
e_e002763,1,4,2307010006,나인 트리 프리미어 로카우스 호텔 서울 용산
e_e002763,2,1,2307020001,노들섬
e_e002763,2,2,2307020002,더 현대 서울
e_e002763,2,3,2307020003,배곧 생명공원
e_e002764,1,1,2306250001,집
e_e002764,1,2,2306250002,스타벅스 송파 마천 사거리 DT점
e_e002764,1,3,2306250003,내유 셀프주유소
e_e002764,1,4,2306250004,명봉산
e_e002764,1,5,2306250005,엔드 테라스 피터 펫츠 내유점
e_e002764,1,6,2306250006,집
e_e002767,1,1,2306170001,집
e_e002767,1,2,2306170003,자라섬 꽃 테마공원
e_e002767,1,3,2306170004,빛 두리
e_e002767,1,4,2306170005,가평군 농협 하나로마트 청평점
e_e002767,1,5,2306170002,스카이 리버 펜션
e_e002767,2,1,2306180002,내추럴 가든 529
e_e002767,2,2,2306180001,집
e_e002770,1,1,2307010001,집
e_e002770,1,2,2307010003,코트야드 바이 메리어트 서울 타임스퀘어
e_e002770,1,3,2307010005,영등포역 지하쇼핑센터
e_e002770,1,4,2307010004,영등포전통시장
e_e002770,1,5,2307010006,송 국장
e_e002770,1,6,2307010007,타임스퀘어
e_e002770,1,7,2307010008,신세계백화점 타임스퀘어점
e_e002770,1,8,2307010002,코트야드 바이 메리어트 서울 타임스퀘어
e_e002770,2,1,2307020002,코트야드 바이 메리어트호텔 서울 타임스퀘어 모모카페
e_e002770,2,2,2307020003,문래동 창작촌
e_e002770,2,3,2307020005,신세계백화점 타임스퀘어점 제주 흑돈 가스 유천냉면
e_e002770,2,4,2307020004,폰트 커피 문래점
e_e002770,2,5,2307020006,나이키 신세계 타임스퀘어점
e_e002770,2,6,2307020007,코트야드 바이 메리어트 서울 타임스퀘어
e_e002770,2,7,2307020001,집
e_e002773,1,1,2306170001,집
e_e002773,1,2,2306170002,흥국사
e_e002773,1,3,2306170004,오핀 베이커리
e_e002773,1,4,2306170003,송추가마골 본관
e_e002773,1,5,2306170005,집
e_e002775,1,1,2306240001,집
e_e002775,1,2,2306240002,관곡지
e_e002775,1,3,2306240003,계수 가든
e_e002775,1,4,2306240004,제니 래빗 카페
e_e002775,1,5,2306240005,시흥갯골 농장
e_e002775,1,6,2306240006,시흥갯골생태공원
e_e002775,1,7,2306240007,집
e_e002782,1,1,2307080001,집
e_e002782,1,2,2307080002,자일 랜드 글램핑
e_e002782,2,1,2307090001,집
e_e002783,1,1,2307080001,집
e_e002783,1,2,2307080003,우나나 베이크하우스
e_e002783,1,3,2307080004,올리브영 대화역점
e_e002783,1,4,2307080005,Jays 제이스
e_e002783,1,5,2307080002,소노캄 고양
e_e002783,2,1,2307090001,현대모터 스튜디오 고양
e_e002783,2,2,2307090002,일산 칼국수 원마운트점
e_e002783,2,3,2307090003,덕수 다방
e_e002783,2,4,2307090004,난지한강공원
e_e002783,2,5,2307090005,GS25 신촌 그랑 자이점
e_e002783,2,6,2307090006,집
e_e002784,1,1,2306230001,집
e_e002784,1,2,2306230002,동대구역
e_e002784,1,3,2306230003,고덕역 효성 해링턴 타워 더 퍼스트 오피스텔
e_e002784,1,4,2306230004,백소장 고덕역점
e_e002784,1,5,2306230005,덕수궁
e_e002784,1,6,2306230006,청계천
e_e002784,1,7,2306230007,란카 하우스
e_e002784,1,8,2306230008,고덕역 효성 해링턴 타워 더 퍼스트 오피스텔
e_e002784,2,1,2306240001,나미루라멘
e_e002784,2,2,2306240002,폴 바셋 수서역점
e_e002784,2,3,2306240003,올림픽공원
e_e002784,2,4,2306240004,KSPO DOME 올림픽 체조경기장
e_e002784,2,5,2306240005,수서역
e_e002784,2,6,2306240006,집
e_e002786,1,1,2306100001,집
e_e002786,1,2,2306100002,덕소 자연사박물관
e_e002786,1,3,2306100003,설빙 남양주 덕소점
e_e002786,1,4,2306100004,고인돌공원
e_e002786,1,5,2306100005,집
e_e002790,1,1,2306100001,집
e_e002790,1,2,2306100002,원조 초계탕
e_e002790,1,3,2306100003,파인힐 커피하우스
e_e002790,1,4,2306100004,전곡농협 하나로마트
e_e002790,1,5,2306100005,스텔라토풀빌라
e_e002790,2,1,2306110002,한탄강관광지 오토캠핑장
e_e002790,2,2,2306110003,연천 전곡리 선사유적지
e_e002790,2,3,2306110004,의정부 휴게소 구리방향
e_e002790,2,4,2306110005,홈플러스 경기 하남점
e_e002790,2,5,2306110001,집
e_e002793,1,1,2306130001,집
e_e002793,1,2,2306130002,용산 주차빌딩 공영 주차장
e_e002793,1,3,2306130003,푸주옥
e_e002793,1,4,2306130004,서오릉
e_e002793,1,5,2306130005,아쿠아 필드 고양
e_e002793,1,6,2306130006,아쿠아 필드 고양 푸드코트(육 해 밥)
e_e002793,1,7,2306130007,스타벅스 스타필드 고양 3F 점
e_e002793,1,8,2306130008,집
e_e002800,1,1,2306100001,집
e_e002800,1,2,2306100002,선밸리 호텔 워터파크
e_e002800,1,3,2306100003,여주 한글 시장
e_e002800,1,4,2306100004,여주 자전거 여행
e_e002800,1,5,2306100005,명륜 진사갈비 경기 여주점
e_e002800,1,6,2306100006,일성 남한강 콘도리조트
e_e002800,2,1,2306110001,루덴시아
e_e002800,2,2,2306110002,품을 자연애 한식 뷔페
e_e002800,2,3,2306110003,집
e_e002812,1,1,2306100001,집
e_e002812,1,2,2306100002,광주송정역
e_e002812,1,3,2306100003,용산역
e_e002812,1,4,2306100004,아이파크몰 용산점
e_e002812,1,5,2306100005,데일리 루틴
e_e002812,1,6,2306100006,해방촌 예술마을
e_e002812,1,7,2306100007,에어비앤비 숙소
e_e002812,1,8,2306100008,슈거 스컬 종로점
e_e002812,1,9,2306100009,청계천
e_e002812,1,10,2306100010,광화문광장
e_e002812,1,11,2306100011,대한민국역사박물관
e_e002812,1,12,2306100012,해방촌 오거리
e_e002812,1,13,2306100014,에어비앤비 숙소
e_e002812,2,1,2306110002,오븐
e_e002812,2,2,2306110003,청와대 본관
e_e002812,2,3,2306110004,삼청동 거리
e_e002812,2,4,2306110005,테라로사 국립현대미술관 서울점
e_e002812,2,5,2306110006,국립현대미술관 서울관
e_e002812,2,6,2306110007,왕생가 칼국수
e_e002812,2,7,2306110008,백미다 삼청점
e_e002812,2,8,2306110009,용산역
e_e002812,2,9,2306110010,광주송정역
e_e002812,2,10,2306110001,집
e_e002915,1,1,2306180001,집
e_e002915,1,2,2306180002,홈플러스 강동점
e_e002915,1,3,2306180003,좌상 바위
e_e002915,1,4,2306180005,위드도 애견 펜션
e_e002915,2,1,2306190001,연천 땅 포성
e_e002915,2,2,2306190002,세라비 한옥 카페
e_e002915,2,3,2306190003,집
e_e002916,1,1,2307080001,집
e_e002916,1,2,2307080002,녹번역 e편한세상 캐슬아파트
e_e002916,1,3,2307080003,KSPO DOME 올림픽 체조경기장
e_e002916,1,4,2307080004,금별 맥주 방이점
e_e002916,1,5,2307080005,녹번역 e편한세상 캐슬아파트
e_e002916,2,1,2307090001,저스트 단동 녹번점
e_e002916,2,2,2307090002,커피빈 올림픽공원 북 2문 앞 점
e_e002916,2,3,2307090003,KSPO DOME 올림픽 체조경기장
e_e002916,2,4,2307090004,집
e_e002922,1,1,2306170001,집
e_e002922,1,2,2306170002,마트 킹 구성점
e_e002922,1,3,2306170003,율동 공원
e_e002922,1,4,2306170005,도넛 드로잉
e_e002922,1,5,2306170006,롯데시네마 용인 기흥
e_e002922,1,6,2306170004,자작나무 갈비 분당 구미점
e_e002922,1,7,2306170007,집
e_e002923,1,1,2306250001,집
e_e002923,1,2,2306250002,글램 파크 캠핑장
e_e002923,2,1,2306260001,폴콘 포천점
e_e002923,2,2,2306260002,집
e_e002924,1,1,2306110001,집
e_e002924,1,2,2306110002,드웰러스
e_e002924,1,3,2306110003,토마토 오피스텔
e_e002924,1,4,2306110004,더 현대 서울
e_e002924,1,5,2306110005,여의도 한강공원
e_e002924,1,6,2306110006,토마토 오피스텔
e_e002924,2,1,2306120001,진주집
e_e002924,2,2,2306120002,국립현대미술관 서울관
e_e002924,2,3,2306120003,리셉션
e_e002924,2,4,2306120004,엘리스 파이
e_e002924,2,5,2306120005,코코너즘랩
e_e002924,2,6,2306120006,집
e_e002925,1,1,2306100001,집
e_e002925,1,2,2306100002,김군자 할머니 집
e_e002925,1,3,2306100003,포천아트밸리
e_e002925,1,4,2306100004,고구려대장간마을 (휴관 중)
e_e002925,1,5,2306100005,집
e_e002928,1,1,2306100001,집
e_e002928,1,2,2306100007,우렁이랑 장어랑
e_e002928,1,3,2306100008,연천 회관
e_e002928,1,4,2306100006,할머니 집
e_e002928,2,1,2306110001,온릉
e_e002928,2,2,2306110002,청련사
e_e002928,2,3,2306110003,집
e_e002931,1,1,2306110001,집
e_e002931,1,2,2306110003,고성산
e_e002931,1,3,2306110004,원곡만세면옥
e_e002931,1,4,2306110002,YM 프리젠 하우스
e_e002932,1,1,2306170001,친구 친지 집
e_e002932,1,2,2306170003,국회 대로 거리 산책
e_e002932,1,3,2306170004,통영 해물뚝배기 장기적
e_e002932,1,4,2306170005,라베니 제1구역 공영주차장
e_e002932,1,5,2306170006,대신 식자재마트
e_e002932,1,6,2306170002,집
e_e002935,1,1,2306170001,집
e_e002935,1,2,2306170002,보고리비 반상
e_e002935,1,3,2306170003,킹덤 키즈 풀빌라
e_e002935,2,1,2306180001,두메랑
e_e002935,2,2,2306180003,더 스테이 힐링파크
e_e002935,2,3,2306180002,집
e_e002936,1,1,2306230001,사무실
e_e002936,1,2,2306230002,광주송정역
e_e002936,1,3,2306230004,코엑스 신한카드 아티움
e_e002936,1,4,2306230003,이비스 스타일 앰배서더 서울 강남
e_e002936,2,1,2306240005,국립중앙박물관
e_e002936,2,2,2306240003,호우 양꼬치 이수점
e_e002936,2,3,2306240006,효뜨
e_e002936,2,4,2306240004,서울시립미술관 서소문 본관
e_e002936,2,5,2306240002,센트럴시티터미널(호남)
e_e002936,2,6,2306240001,태영아파트
e_e002937,1,1,2306100001,집
e_e002937,1,2,2306100002,스카이 밀크 팜
e_e002937,1,3,2306100003,이천 돌솥밥
e_e002937,1,4,2306100004,남양도예
e_e002937,1,5,2306100005,카페 오르골
e_e002937,1,6,2306100006,스카이 썬 호텔
e_e002937,1,7,2306100007,최 대표 집 소금구이
e_e002937,1,8,2306100008,별빛정원 우주
e_e002937,1,9,2306100009,스카이 썬 호텔
e_e002937,2,1,2306110001,설봉공원
e_e002937,2,2,2306110002,시래 마루 이천점
e_e002937,2,3,2306110003,관악구청
e_e002938,1,1,2306120001,사무실
e_e002938,1,2,2306120002,천안아산역
e_e002938,1,3,2306120003,평택역
e_e002938,1,4,2306120004,마라 공방
e_e002938,1,5,2306120005,달콤 왕과 탕후루 평택역점
e_e002938,1,6,2306120006,스타벅스 평택 로데오점
e_e002938,1,7,2306120007,평택역
e_e002938,1,8,2306120008,성환역
e_e002938,1,9,2306120009,배스킨라빈스 천안 성환점
e_e002938,1,10,2306120010,천안 성환 e 편한 세상 아파트
e_e002939,1,1,2306240001,집
e_e002939,1,2,2306240002,청평 장마당 순대 국밥
e_e002939,1,3,2306240003,리버 레인
e_e002939,1,4,2306240004,가평군 농협 하나로마트 청평점
e_e002939,1,5,2306240005,달빛정원펜션
e_e002939,1,6,2306240006,계곡
e_e002939,1,7,2306240007,달빛정원펜션
e_e002939,2,1,2306250001,삼삼 조약돌 숯불닭갈비
e_e002939,2,2,2306250002,카페 모굴
e_e002939,2,3,2306250003,집
e_e002940,1,1,2307080001,집
e_e002940,1,2,2307080002,봉루 금분 닭갈비
e_e002940,1,3,2307080003,바지에 빠지다
e_e002940,1,4,2307080004,루핀 바비큐 클럽
e_e002940,1,5,2307080005,하늘정원펜션
e_e002940,2,1,2307090001,호명 농산 가든
e_e002940,2,2,2307090002,스테이 83
e_e002940,2,3,2307090003,집
e_e002949,1,1,2306240001,집
e_e002949,1,2,2306240002,반포 한강공원
e_e002949,1,3,2306240003,양화 대로
e_e002949,1,4,2306240004,앤트로 사이트 합정점
e_e002949,1,5,2306240005,한강대교
e_e002949,1,6,2306240006,명동교자 이태원점
e_e002949,1,7,2306240008,잠수교 지하보도
e_e002949,1,8,2306240009,아티제 서초역점
e_e002949,1,9,2306240007,집
e_e002957,1,1,2306170001,집
e_e002957,1,2,2306170002,파티장 베이커스 서래점
e_e002957,1,3,2306170003,원조 남산 돈가스 1976
e_e002957,1,4,2306170004,신세계백화점 본점
e_e002957,1,5,2306170005,헬리녹스 크리에이티브센터
e_e002957,1,6,2306170006,세이버리 앤코
e_e002957,1,7,2306170011,난지캠핑장
e_e002957,2,1,2306180001,연세대학교 신촌캠퍼스
e_e002957,2,2,2306180002,집
e_e002958,1,1,2306170001,집
e_e002958,1,2,2306170002,브런치 온
e_e002958,1,3,2306170003,어메이징 래프팅
e_e002958,1,4,2306170004,영북농협 하나로마트 본점
e_e002958,1,5,2306170005,산정호수 베이커리 카페
e_e002958,1,6,2306170006,허브 빌 펜션
e_e002958,2,1,2306180001,산정호수
e_e002958,2,2,2306180002,사르르 목장
e_e002958,2,3,2306180003,강릉 메밀막국수
e_e002958,2,4,2306180004,집
e_e002965,1,1,2306170001,집
e_e002965,1,2,2306170002,친척 집
e_e002965,1,3,2306170003,화랑대 철도공원
e_e002965,1,4,2306170004,친척 집
e_e002965,2,1,2306180001,태릉
e_e002965,2,2,2306180002,청학동 계곡
e_e002965,2,3,2306180003,계림 상황 삼계탕 오리
e_e002965,2,4,2306180004,이마트 별내점
e_e002965,2,5,2306180005,집
e_e002972,1,1,2306240001,집
e_e002972,1,2,2306240002,부산역
e_e002972,1,3,2306240003,서울역
e_e002972,1,4,2306240004,라망 베이커리
e_e002972,1,5,2306240005,미필담
e_e002972,1,6,2306240006,세종문화회관 대극장
e_e002972,1,7,2306240007,버터풀앤크리멀러스쁘띠 광화문점
e_e002972,1,8,2306240008,서울역
e_e002972,1,9,2306240009,부산역
e_e002972,1,10,2306240010,집
e_e002973,1,1,2306230001,집
e_e002973,1,2,2306230002,홍유릉
e_e002973,1,3,2306230003,이디야커피 남양주 시청점
e_e002973,1,4,2306230004,평내마을 중흥 S 클래스 3단지 아파트
e_e002973,1,5,2306230005,수진 사
e_e002973,1,6,2306230006,평내마을 중흥 S 클래스 3단지 아파트
e_e002973,2,1,2306240001,주목나무집
e_e002973,2,2,2306240002,집
e_e002976,1,1,2307070001,집
e_e002976,1,2,2307070003,에잇 올릴
e_e002976,1,3,2307070004,8번가
e_e002976,1,4,2307070005,친구 집(트리 빌리지)
e_e002976,1,5,2307070006,신라스테이 서대문
e_e002976,1,6,2307070007,덕수궁
e_e002976,1,7,2307070008,예스24 라이브홀
e_e002976,1,8,2307070002,신라스테이 서대문
e_e002976,2,1,2307080002,동경 산책 석촌호수점
e_e002976,2,2,2307080004,석촌호수 서호
e_e002976,2,3,2307080003,포토 시그니처 송리단길
e_e002976,2,4,2307080005,롯데월드타워 롯데월드몰
e_e002976,2,5,2307080006,노가리 슈퍼 송리단길점
e_e002976,2,6,2307080007,서울로 717
e_e002976,2,7,2307080001,집
e_e002980,1,1,2306240001,집
e_e002980,1,2,2306240003,고향 집
e_e002980,1,3,2306240004,서울랜드
e_e002980,1,4,2306240002,형 집
e_e002980,2,1,2306250002,형 집 근처 동네 한 바퀴
e_e002980,2,2,2306250003,조암 시장
e_e002980,2,3,2306250001,집
e_e002981,1,1,2306150001,집
e_e002981,1,2,2306150002,달리온
e_e002981,1,3,2306150003,온누리 장작구이 의정부 산곡점
e_e002981,1,4,2306150004,집
e_e002984,1,1,2306180001,친구 친지 집
e_e002984,1,2,2306180003,한스델리 포천점
e_e002984,1,3,2306180004,다 마치 계곡 유원지
e_e002984,1,4,2306180002,친구 집
e_e002985,1,1,2306180001,친구 친지 집
e_e002985,1,2,2306180002,대한불교조계종 봉은사
e_e002985,1,3,2306180003,하이디라오 영등포점
e_e002985,1,4,2306180004,엘에이치 호매실 스타힐스 아파트
e_e002986,1,1,2306170001,집
e_e002986,1,2,2306170002,출렁다리 웰빙 건강 쌈밥
e_e002986,1,3,2306170003,마장호수 출렁다리
e_e002986,1,4,2306170004,뮌스터담
e_e002986,1,5,2306170005,퍼스트 가든
e_e002986,1,6,2306170006,에이스 호텔
e_e002986,2,1,2306180001,파주 돌 짜장
e_e002986,2,2,2306180002,고양 휴게소 서울 방향
e_e002986,2,3,2306180003,집
e_e002987,1,1,2306160001,집
e_e002987,1,2,2306160002,불암사
e_e002987,1,3,2306160003,미사리밀빛초계국수 별내점
e_e002987,1,4,2306160004,별내 어린이 놀이터
e_e002987,1,5,2306160005,불암천 자전거 2길
e_e002987,1,6,2306160006,이디야커피 갈매 비발디점
e_e002987,1,7,2306160007,집
e_e002991,1,1,2306100001,집
e_e002991,1,2,2306100002,채선당 M 수원 아주대점
e_e002991,1,3,2306100003,연무동 공영주차장
e_e002991,1,4,2306100004,동북각루
e_e002991,1,5,2306100005,행궁동 벽화마을
e_e002991,1,6,2306100006,비 스토어 b store
e_e002991,1,7,2306100007,행궁 81.2
e_e002991,1,8,2306100008,포토 그레이 수원 행궁점
e_e002991,1,9,2306100009,카자 구루메
e_e002991,1,10,2306100010,행리단길
e_e002991,1,11,2306100011,수원 화성 화홍문
e_e002991,1,12,2306100012,신미주 아파트
e_e002991,1,13,2306100013,88배드민턴클럽
e_e002991,1,14,2306100014,남문 통닭 동수원점
e_e002991,1,15,2306100015,차고 달고 아이스크림 24
e_e002991,1,16,2306100016,신미주 아파트
e_e002991,2,1,2306110001,여호와의 증인 왕 국회 간
e_e002991,2,2,2306110002,버거킹 아주대 삼거리점
e_e002991,2,3,2306110003,큰집 멸치국수 아주대점
e_e002991,2,4,2306110004,수원 월드컵 경기장
e_e002991,2,5,2306110005,수원 월드컵 경기장 조각 공원
e_e002991,2,6,2306110006,신미주 아파트
e_e002991,2,7,2306110007,집
e_e003000,1,1,2306290001,집
e_e003000,1,2,2306290002,인천종합관광안내소
e_e003000,1,3,2306290003,신포국제시장
e_e003000,1,4,2306290004,인천 차이나타운
e_e003000,1,5,2306290005,인천역 수인 분당선
e_e003000,1,6,2306290006,원인재역 수인 분당선
e_e003000,1,7,2306290007,현대 프리미엄 아울렛 송도점
e_e003000,1,8,2306290008,집
e_e003001,1,1,2306160001,집
e_e003001,1,2,2306160002,광주송정역
e_e003001,1,3,2306160003,홍대입구역 경의중앙선
e_e003001,1,4,2306160006,폐넥스테이션
e_e003001,1,5,2306160004,갓 잇 연남점
e_e003001,1,6,2306160005,지구 숍 연남점
e_e003001,1,7,2306160007,경의선 숲길
e_e003001,1,8,2306160008,콘하스 연남
e_e003001,1,9,2306160009,무인양품 AK플라자 홍대
e_e003001,1,10,2306160010,반포 한강공원 달빛광장
e_e003001,1,11,2306160012,글래드 여의도
e_e003001,2,1,2306170001,고양이 똥
e_e003001,2,2,2306170003,센트럴시티터미널(호남)
e_e003001,2,3,2306170002,코엑스
e_e003001,2,4,2306170004,유스퀘어 광주종합버스터미널
e_e003001,2,5,2306170005,집
e_e003002,1,1,2307070001,집
e_e003002,1,2,2307070002,중앙에너비스 양평지점
e_e003002,1,3,2307070003,큰삼촌 농촌체험여행
e_e003002,1,4,2307070004,큰삼촌 농촌체험여행
e_e003002,2,1,2307080001,양평곤충 박물관
e_e003002,2,2,2307080002,집
e_e003003,1,1,2306120001,집
e_e003003,1,2,2306120002,자연 산책길
e_e003003,1,3,2306120003,국제중앙시장 제2공영주차장
e_e003003,1,4,2306120004,덕성리
e_e003003,1,5,2306120005,집
e_e003004,1,1,2307010001,집
e_e003004,1,2,2307010002,호텔도노
e_e003004,1,3,2307010003,그해 우리는 드라마 촬영지 웅이네 집
e_e003004,1,4,2307010005,원조 엄마네
e_e003004,1,5,2307010004,그해 우리는 드라마 촬영지 국영수네 집
e_e003004,1,6,2307010006,셀틱스 수원 화성행궁점
e_e003004,1,7,2307010008,수원 화성 화서문
e_e003004,1,8,2307010007,호텔도노
e_e003004,2,1,2307020001,수원 화성
e_e003004,2,2,2307020002,화성행궁
e_e003004,2,3,2307020003,팔레 센트
e_e003004,2,4,2307020004,행루즈 버거 수원점
e_e003004,2,5,2307020005,골 디스
e_e003004,2,6,2307020006,집
e_e003006,1,1,2306110001,집
e_e003006,1,2,2306110003,모란역 8호선
e_e003006,1,3,2306110004,남한산성 입구역 8호선
e_e003006,1,4,2306110005,남한산성 행궁
e_e003006,1,5,2306110006,남한산성 참 먹거리
e_e003006,1,6,2306110007,초가
e_e003006,1,7,2306110002,집
e_e003017,1,1,2306110001,집
e_e003017,1,2,2306110002,마장 프리미엄 휴게소 하남방향
e_e003017,1,3,2306110003,카페 능내
e_e003017,1,4,2306110004,실학박물관
e_e003017,1,5,2306110006,다산 생태공원
e_e003017,1,6,2306110005,정약용 유적지 생가
e_e003017,1,7,2306110007,늘 솜 두물머리 핫도그
e_e003017,1,8,2306110009,북한강 막국수 닭갈비 삼봉 직영점
e_e003017,1,9,2306110008,두물머리
e_e003017,1,10,2306110010,돌체 카사 호텔
e_e003017,2,1,2306120001,그인 다코 스타필드 하남점
e_e003017,2,2,2306120002,무인양품 스타필드 하남점
e_e003017,2,3,2306120003,버들 식당
e_e003017,2,4,2306120005,시몬스 테라스점
e_e003017,2,5,2306120004,이진상회
e_e003017,2,6,2306120006,안성맞춤 휴게소 평택 방향
e_e003017,2,7,2306120007,집
e_e003019,1,1,2306150001,집
e_e003019,1,2,2306150003,코스트코 양재점
e_e003019,1,3,2306150004,이마트 양재점
e_e003019,1,4,2306150005,롯데백화점 강남점
e_e003019,1,5,2306150006,도곡시장
e_e003019,1,6,2306150007,서울역사박물관
e_e003019,1,7,2306150008,능이네 송이네 본점
e_e003019,1,8,2306150002,집
e_e003020,1,1,2307020001,집
e_e003020,1,2,2307020002,천안삼거리휴게소 서울 방향
e_e003020,1,3,2307020003,파로스 관광호텔
e_e003020,1,4,2307020004,잠실종합운동장
e_e003020,1,5,2307020005,파로스 관광호텔
e_e003020,1,6,2307020006,군자 대한 곱창 잠실새내점
e_e003020,1,7,2307020007,파로스 관광호텔
e_e003020,2,1,2307030003,카카오 프렌즈 강남 플래그십스토어
e_e003020,2,2,2307030001,스타벅스 잠실새내역점
e_e003020,2,3,2307030002,파파야 리프
e_e003020,2,4,2307030004,나이키 강남점
e_e003020,2,5,2307030005,배스킨라빈스 강남 신논현점
e_e003020,2,6,2307030006,나이키 강남점
e_e003020,2,7,2307030007,파이브가 이즈 강남
e_e003020,2,8,2307030008,하이패스 센터
e_e003020,2,9,2307030009,집
e_e003022,1,1,2307010001,집
e_e003022,1,2,2307010002,도덕성 인공폭포 출렁다리
e_e003022,1,3,2307010003,마초 셰프 광명점
e_e003022,1,4,2307010004,테이크 호텔
e_e003022,1,5,2307010005,본가 신촌설렁탕 광명역점
e_e003022,1,6,2307010006,테이크 호텔
e_e003022,2,1,2307020001,이케아 광명점
e_e003022,2,2,2307020003,중식 명장이 송학 AK플라자 광명점
e_e003022,2,3,2307020002,테이크 호텔
e_e003023,1,1,2307080001,집
e_e003023,1,2,2307080002,경기 옛길 경흥길 제8길 한탄강 세계지질 공원길
e_e003023,1,3,2307080003,벚굴 도토리 막국수
e_e003023,1,4,2307080008,해와 달수상 카바나 빌리지
e_e003023,2,1,2307090001,비둘기낭폭포
e_e003023,2,2,2307090002,한탄강 하늘다리
e_e003023,2,3,2307090003,오가 국수
e_e003023,2,4,2307090004,집
e_e003025,1,1,2306110001,집
e_e003025,1,2,2306110003,이천 휴게소 남이 방향
e_e003025,1,3,2306110004,국립 이천호국원
e_e003025,1,4,2306110005,고궁 이천점
e_e003025,1,5,2306110006,설봉공원
e_e003025,1,6,2306110007,설봉서원
e_e003025,1,7,2306110008,이천 시립월전미술관
e_e003025,1,8,2306110009,영녕릉 세종대왕유적지구 세종대왕릉
e_e003025,1,9,2306110002,집
e_e003033,1,1,2306110001,친구 친지 집
e_e003033,1,2,2306110004,퀴즈노스서브 청주 오창점
e_e003033,1,3,2306110003,한국민속촌
e_e003033,1,4,2306110005,포카리 인도 요리 전문점
e_e003033,1,5,2306110002,골든 튤립에버 용인 호텔
e_e003033,2,1,2306120002,에버랜드
e_e003033,2,2,2306120001,모충 두산 한솔아파트
e_e003034,1,1,2306180001,집
e_e003034,1,2,2306180003,시흥 프리미엄 아울렛
e_e003034,1,3,2306180004,정동진
e_e003034,1,4,2306180002,호텔 시에로
e_e003034,2,1,2306190001,집
e_e003039,1,1,2306160001,집
e_e003039,1,2,2306160002,캠핑 고래 가평점
e_e003039,1,3,2306160003,남한강 마트 설악점
e_e003039,1,4,2306160005,늘 푸른 쉼터 오토캠프장
e_e003039,2,1,2306170001,가마솥 할머니 해장국
e_e003039,2,2,2306170002,퇴계원 힐스테이트 아파트
e_e003040,1,1,2306190001,집
e_e003040,1,2,2306190002,익선 잡방
e_e003040,1,3,2306190003,서울커피 익선점
e_e003040,1,4,2306190004,남대문시장
e_e003040,1,5,2306190006,신세계백화점 본점
e_e003040,1,6,2306190005,집
e_e003045,1,1,2306170001,집
e_e003045,1,2,2306170002,우드 앤 브릭 재동점
e_e003045,1,3,2306170003,화양연화
e_e003045,1,4,2306170004,북촌 한옥마을
e_e003045,1,5,2306170005,북촌 전통공예체험관
e_e003045,1,6,2306170011,도화서길 카페
e_e003045,1,7,2306170007,효도 치킨 광화문점
e_e003045,1,8,2306170012,나무 사이로
e_e003045,1,9,2306170013,교보문고 광화문점
e_e003045,1,10,2306170010,집
e_e003051,1,1,2306240001,집
e_e003051,1,2,2306240003,탑동 시내버스 정류장 오산역 종로3가역
e_e003051,1,3,2306240004,청계천
e_e003051,1,4,2306240006,사헌부 터
e_e003051,1,5,2306240007,경복궁
e_e003051,1,6,2306240005,세종이야기
e_e003051,1,7,2306240008,창경궁
e_e003051,1,8,2306240009,돈키호테
e_e003051,1,9,2306240002,IMT 모텔
e_e003051,2,1,2306250002,비사벌 콩나물국밥
e_e003051,2,2,2306250003,종묘
e_e003051,2,3,2306250004,부르디 인사동
e_e003051,2,4,2306250005,조계사
e_e003051,2,5,2306250001,집
e_e003056,1,1,2306250001,집
e_e003056,1,2,2306250003,올림픽공원 88잔디마당
e_e003056,1,3,2306250002,집
e_e003062,1,1,2306230001,집
e_e003062,1,2,2306230002,에버랜드
e_e003062,1,3,2306230003,수제돈가스 나라
e_e003062,1,4,2306230005,골든 튤립에버 용인 호텔
e_e003062,2,1,2306240001,골든벨 함흥면옥
e_e003062,2,2,2306240002,신대철
e_e003062,2,3,2306240003,파리에 소
e_e003062,2,4,2306240004,한국민속촌
e_e003062,2,5,2306240006,시흥 프리미엄 아울렛
e_e003062,2,6,2306240005,집
e_e003065,1,1,2307020001,집
e_e003065,1,2,2307020002,어수정 국수 임진각점
e_e003065,1,3,2307020004,제3땅굴 관광안내소
e_e003065,1,4,2307020003,임진각 평화 곤돌라 DMZ 탑승장
e_e003065,1,5,2307020005,도라산 전망대
e_e003065,1,6,2307020007,DMZ 생생 누리
e_e003065,1,7,2307020006,통일촌
e_e003065,1,8,2307020008,평화랜드
e_e003065,1,9,2307020009,롯데 프리미엄 아울렛 파주점
e_e003065,1,10,2307020010,피스 피스
e_e003065,1,11,2307020011,집
e_e003068,1,1,2306110001,집
e_e003068,1,2,2306110002,은수네 초밥
e_e003068,1,3,2306110003,허준박물관
e_e003068,1,4,2306110004,겸재 정선미술관
e_e003068,1,5,2306110005,CU 강서 마곡점
e_e003068,1,6,2306110006,양천향교
e_e003068,1,7,2306110007,하오 쓰 등촌점
e_e003068,1,8,2306110008,집
e_e003071,1,1,2306140001,집
e_e003071,1,2,2306140003,건대입구역 2호선
e_e003071,1,3,2306140004,현애 경차로 카드
e_e003071,1,4,2306140005,하이디라오코리아 건대점
e_e003071,1,5,2306140006,베티베르
e_e003071,1,6,2306140007,청와대 본관
e_e003071,1,7,2306140008,광화문
e_e003071,1,8,2306140009,해목
e_e003071,1,9,2306140010,젠틀몬스터 서울 롯데타워
e_e003071,1,10,2306140011,서울스카이
e_e003071,1,11,2306140002,호텔 더캐슬 2호점
e_e003071,2,1,2306150003,감성 교복 잠실 본점
e_e003071,2,2,2306150001,롯데월드
e_e003071,2,3,2306150004,딤딤섬 센트럴시티점
e_e003071,2,4,2306150005,델리에 또
e_e003071,2,5,2306150002,집
e_e003073,1,1,2307040001,집
e_e003073,1,2,2307040004,이디야커피 방배 백석점
e_e003073,1,3,2307040003,청평 K 숯불닭갈비 막국수
e_e003073,1,4,2307040005,동북엘앤알 현리점
e_e003073,1,5,2307040006,가평군 농협 하나로마트 조종적
e_e003073,1,6,2307040002,다온 펜션
e_e003073,2,1,2307050001,집
e_e003079,1,1,2307010001,집
e_e003079,1,2,2307010002,문경휴게소 양평방향
e_e003079,1,3,2307010003,뜸
e_e003079,1,4,2307010004,킵댓 본점
e_e003079,1,5,2307010005,수원 화성 동북공심돈
e_e003079,1,6,2307010006,화성행궁
e_e003079,1,7,2307010007,롯데몰 수원점
e_e003079,1,8,2307010008,제일 회관 직영점
e_e003079,1,9,2307010009,호텔 JJ
e_e003079,2,1,2307020001,갤러리아백화점 광교점
e_e003079,2,2,2307020002,도미닉 커피 랩
e_e003079,2,3,2307020003,신세계 프리미엄 아울렛 여주
e_e003079,2,4,2307020004,집
e_e003080,1,1,2306240001,집
e_e003080,1,2,2306240003,옥천냉면 황해 식당 본점
e_e003080,1,3,2306240002,양평 더휴 글램핑장
e_e003080,2,1,2306250002,정통 춘천 닭갈비
e_e003080,2,2,2306250001,집
e_e003083,1,1,2306230001,사무실
e_e003083,1,2,2306230002,백제 정육점
e_e003083,1,3,2306230003,북정마을
e_e003083,1,4,2306230004,만해 한용운 심우장
e_e003083,1,5,2306230005,최순우 옛집
e_e003083,1,6,2306230006,광희동 중앙아시아촌
e_e003083,1,7,2306230007,집
e_e003086,1,1,2306150001,집
e_e003086,1,2,2306150002,송도 더프라우 3단지 아파트
e_e003086,2,1,2306160002,이음 텃밭
e_e003086,2,2,2306160003,송도 더프라우 3단지 아파트
e_e003086,2,3,2306160004,스퀘어 원
e_e003086,2,4,2306160005,송도 더프라우 3단지 아파트
e_e003086,2,5,2306160006,송도센트럴파크
e_e003086,2,6,2306160007,옛날 송도 떡볶이
e_e003086,2,7,2306160001,이화여자대학교
e_e003095,1,1,2306250001,집
e_e003095,1,2,2306250002,웨이브 파크
e_e003095,1,3,2306250003,이마트 24 거북섬디오점
e_e003095,1,4,2306250004,텐 퍼센트 커피 시흥 거북성점
e_e003095,1,5,2306250005,제쪽 족발
e_e003095,1,6,2306250006,집
e_e003097,1,1,2306170001,친구 친지 집
e_e003097,1,2,2306170002,원적봉
e_e003097,1,3,2306170003,레스
e_e003097,1,4,2306170004,친구 집
e_e003102,1,1,2306300001,집
e_e003102,1,2,2306300002,핑크 버터 왕십리점
e_e003102,1,3,2306300003,더블트리 바이 힐튼 서울 판교
e_e003102,2,1,2307010001,현대백화점 판교점
e_e003102,2,2,2307010002,조선 면옥
e_e003102,2,3,2307010003,집
e_e003103,1,1,2306170001,집
e_e003103,1,2,2306170002,노라 바바
e_e003103,1,3,2306170003,한 아름공원
e_e003103,1,4,2306170004,한아름 마을 삼환 동아 등성 아파트
e_e003107,1,1,2306240001,집
e_e003107,1,2,2306240002,에버랜드
e_e003107,1,3,2306240004,라마다 용인 호텔
e_e003107,1,4,2306240005,마라도사
e_e003107,1,5,2306240006,라마다 용인 호텔
e_e003107,2,1,2306250001,봄날
e_e003107,2,2,2306250002,호암미술관
e_e003107,2,3,2306250003,잇비
e_e003107,2,4,2306250005,오창휴게소 남이 방향
e_e003107,2,5,2306250004,덕평자연휴게소 강릉방향
e_e003107,2,6,2306250006,집
e_e003109,1,1,2306240001,친구 친지 집
e_e003109,1,2,2306240003,가평역 경춘선
e_e003109,1,3,2306240004,역전 분식
e_e003109,1,4,2306240005,가평 조은 마트
e_e003109,1,5,2306240006,슈거 풀빌라 스파 글램핑
e_e003109,2,1,2306250001,퍼스트 파티와
e_e003109,2,2,2306250002,초원 닭갈비 막국수
e_e003109,2,3,2306250003,바이 스테이션
e_e003109,2,4,2306250004,집
e_e003115,1,1,2306250001,집
e_e003115,1,2,2306250002,송원
e_e003115,1,3,2306250003,경기도 잣향기 푸른 숲
e_e003115,1,4,2306250004,CU
e_e003115,1,5,2306250005,취옹 예술관
e_e003115,2,1,2306260001,취옹 예술관
e_e003115,2,2,2306260002,성희네 집
e_e003115,2,3,2306260003,쁘띠프랑스
e_e003115,2,4,2306260004,던킨 서하남 휴게소점
e_e003115,2,5,2306260005,집
e_e003116,1,1,2306130001,집
e_e003116,1,2,2306130002,청라국제도시역 공항철도
e_e003116,1,3,2306130003,연교
e_e003116,1,4,2306130004,어니스트 팬케이크
e_e003116,1,5,2306130005,(주) 신세계 니코르 AK  홍대점
e_e003116,1,6,2306130006,청라국제도시 역 공항철도
e_e003116,1,7,2306130007,딤 타오 청라점
e_e003116,1,8,2306130008,청라 호수 공원
e_e003116,1,9,2306130009,집
e_e003119,1,1,2306220001,집
e_e003119,1,2,2306220003,라키 캠퍼 스몰 점
e_e003119,1,3,2306220004,이마트 다산점
e_e003119,1,4,2306220005,카세레스 펜션
e_e003119,1,5,2306220002,카세레스 펜션
e_e003119,2,1,2306230002,리버 레인
e_e003119,2,2,2306230003,이스케이프샾 건대점
e_e003119,2,3,2306230001,집
e_e003120,1,1,2307020001,집
e_e003120,1,2,2307020002,조몰락 계곡
e_e003120,1,3,2307020003,파주 닭 국수 가평점
e_e003120,1,4,2307020004,원더풀 글램핑 앤 카라반
e_e003120,2,1,2307030001,가평 빠지지 수상 레저 더 케이
e_e003120,2,2,2307030002,공원 막국수
e_e003120,2,3,2307030003,두대리 용소 폭포
e_e003120,2,4,2307030004,집
e_e003126,1,1,2306240001,집
e_e003126,1,2,2306240002,남양주 거주 친구네 집
e_e003126,1,3,2306240003,키스톤 스피시즈
e_e003126,1,4,2306240004,가평군 농협 하나로마트 북면점
e_e003126,1,5,2306240005,가평천
e_e003126,1,6,2306240007,채송화 하우스
e_e003126,2,1,2306250001,아침고요 수목원
e_e003126,2,2,2306250002,온정리 금강 막국수 숯불닭갈비 가평점
e_e003126,2,3,2306250003,카페 임초리
e_e003126,2,4,2306250004,비봉 자연 주말농장
e_e003133,1,1,2307080001,집
e_e003133,1,2,2307080003,부개역 1호선
e_e003133,1,3,2307080004,서울 선릉과 정릉
e_e003133,1,4,2307080006,앙트레블
e_e003133,1,5,2307080005,마담밍 선릉점
e_e003133,1,6,2307080007,블루 보틀 역삼 카페
e_e003133,1,7,2307080008,부개역 1호선
e_e003133,1,8,2307080002,집
e_e003135,1,1,2306150001,집
e_e003135,1,2,2306150003,성산대교 북단
e_e003135,1,3,2306150004,미니스톱 한강 잠원 2호점
e_e003135,1,4,2306150005,팔당대교
e_e003135,1,5,2306150006,팔당 추계 국수 본점
e_e003135,1,6,2306150007,팔당댐
e_e003135,1,7,2306150008,봉안터널
e_e003135,1,8,2306150009,능내역 (폐역)
e_e003135,1,9,2306150010,양평 철교
e_e003135,1,10,2306150011,아신 갤러리
e_e003135,1,11,2306150012,양평군립미술관
e_e003135,1,12,2306150013,한강 3경 이포보
e_e003135,1,13,2306150014,양촌리
e_e003135,1,14,2306150015,여주 보
e_e003135,1,15,2306150016,남한강 선밸리 호텔
e_e003135,1,16,2306150017,양평 본가 해장국
e_e003135,1,17,2306150018,황포돛배
e_e003135,1,18,2306150002,남한강 선밸리 호텔
e_e003135,2,1,2306160002,민지 감자탕
e_e003135,2,2,2306160003,여주종합터미널
e_e003135,2,3,2306160004,이디야커피 여주 터미널점
e_e003135,2,4,2306160005,동서울 종합터미널
e_e003135,2,5,2306160006,월드컵공원
e_e003135,2,6,2306160001,집
e_e003137,1,1,2306240001,집
e_e003137,1,2,2306240002,서암 생활체육공원
e_e003137,1,3,2306240003,하나 정
e_e003137,1,4,2306240004,현대 프리미엄 아울렛 김포점
e_e003137,1,5,2306240005,스타벅스 김포 현대 아울렛 3층점
e_e003137,1,6,2306240006,집
e_e003138,1,1,2307010001,집
e_e003138,1,2,2307010003,렛츠 런 파크 서울
e_e003138,1,3,2307010004,경마공원역 4호선 1번 출구
e_e003138,1,4,2307010002,집
e_e003142,1,1,2306190001,집
e_e003142,1,2,2306190003,101닭갈비
e_e003142,1,3,2306190004,아침 고요 수목원
e_e003142,1,4,2306190002,집
e_e003143,1,1,2307010001,집
e_e003143,1,2,2307010002,부산역
e_e003143,1,3,2307010003,수서역
e_e003143,1,4,2307010004,서울숲 역 수인 분당선
e_e003143,1,5,2307010005,메종 파이프 그라운드
e_e003143,1,6,2307010006,서울숲
e_e003143,1,7,2307010007,서울숲 카페거리
e_e003143,1,8,2307010008,공간 와디즈
e_e003143,1,9,2307010009,호운래
e_e003143,1,10,2307010015,H 에비뉴 건대점
e_e003143,2,1,2307020001,롯데월드타워 롯데월드몰
e_e003143,2,2,2307020002,석촌호수 산책길
e_e003143,2,3,2307020003,잠실역 2호선
e_e003143,2,4,2307020004,수서역
e_e003143,2,5,2307020005,부산역
e_e003143,2,6,2307020006,집
e_e003150,1,1,2306230001,집
e_e003150,1,2,2306230002,율곡 관광농원 오토캠핑장
e_e003150,2,1,2306240001,두리봉 시골 청국장
e_e003150,2,2,2306240002,덕평자연휴게소 인천방향
e_e003150,2,3,2306240003,집
e_e003156,1,1,2306180001,집
e_e003156,1,2,2306180003,라마다 앙코르 바이 윈덤 김포한강호텔
e_e003156,1,3,2306180004,현대 프리미엄 아울렛 김포점
e_e003156,1,4,2306180005,아라 김포여객터미널 아라마린센터
e_e003156,1,5,2306180006,현대 프리미엄 아울렛 김포점
e_e003156,1,6,2306180002,라마다 앙코르 바이 윈덤 김포한강호텔
e_e003156,2,1,2306190002,바이콜로지 방학 개론 샹이그리나점
e_e003156,2,2,2306190001,집
e_e003158,1,1,2306150001,집
e_e003158,1,2,2306150003,청학 주공 7단지 아파트
e_e003158,1,3,2306150004,카페가 또
e_e003158,1,4,2306150005,별내동 카페거리
e_e003158,1,5,2306150006,아씨네 족발 본점
e_e003158,1,6,2306150002,집
e_e003159,1,1,2306240001,집
e_e003159,1,2,2306240003,제일 식당
e_e003159,1,3,2306240004,통삼제빵소
e_e003159,1,4,2306240005,플라자 CC 용인
e_e003159,1,5,2306240007,한화리조트 용인 베잔송
e_e003159,1,6,2306240006,고기 살롱 남사점
e_e003159,1,7,2306240008,명품 노래방
e_e003159,1,8,2306240009,한화리조트 용인 베잔송 인생 사진
e_e003159,1,9,2306240002,한화리조트 용인 베잔송
e_e003159,2,1,2306250001,다원 맛집
e_e003159,2,2,2306250002,카페 사계절
e_e003159,2,3,2306250003,한국지역난방공사 화성지사
e_e003162,1,1,2306170001,집
e_e003162,1,2,2306170010,부산역
e_e003162,1,3,2306170002,서울역
e_e003162,1,4,2306170003,화 목 순댓국
e_e003162,1,5,2306170005,여의도 한강공원
e_e003162,1,6,2306170004,올댓 커피 더 현대 서울점
e_e003162,1,7,2306170006,홍대 패션거리
e_e003162,1,8,2306170007,호텔 페이트 삼성
e_e003162,1,9,2306170008,잠실종합운동장 올림픽 주경기장
e_e003162,1,10,2306170009,호텔 페이트 삼성
e_e003162,2,1,2306180001,스타필드 코엑스몰
e_e003162,2,2,2306180002,신세계백화점 본점
e_e003162,2,3,2306180003,광장시장
e_e003162,2,4,2306180004,마전교
e_e003162,2,5,2306180005,덕수궁
e_e003162,2,6,2306180006,신세계백화점 본점
e_e003162,2,7,2306180007,서울역
e_e003162,2,8,2306180008,부산역
e_e003162,2,9,2306180009,집
e_e003171,1,1,2306250001,집
e_e003171,1,2,2306250003,광화문광장
e_e003171,1,3,2306250004,세종 충무공이야기
e_e003171,1,4,2306250005,KFC 광화문점
e_e003171,1,5,2306250006,교보문고 광화문점
e_e003171,1,6,2306250002,집
e_e003172,1,1,2306260001,집
e_e003172,1,2,2306260003,파리 크루아상 삼성역점
e_e003172,1,3,2306260004,코엑스
e_e003172,1,4,2306260005,현대백화점 무역센터점
e_e003172,1,5,2306260006,뚝섬한강공원
e_e003172,1,6,2306260002,호텔리베라
e_e003172,2,1,2306270002,호텔리베라
e_e003172,2,2,2306270003,카페 비스타
e_e003172,2,3,2306270004,호텔리베라 델리카트슨
e_e003172,2,4,2306270001,집
e_e003175,1,1,2306260001,집
e_e003175,1,2,2306260007,편안하게 펜션
e_e003175,2,1,2306270001,양서농협 두물머리 로컬푸드 직매장
e_e003175,2,2,2306270002,두물머리
e_e003175,2,3,2306270003,팔당 추계 국수 본점
e_e003175,2,4,2306270004,스타벅스 리버사이드 팔당 DT점
e_e003175,2,5,2306270005,집
e_e003177,1,1,2307070001,사무실
e_e003177,1,2,2307070002,홈플러스 스페셜 가양점
e_e003177,1,3,2307070003,코멧 263펜션
e_e003177,1,4,2307070004,다비 축산
e_e003177,1,5,2307070006,용추계곡
e_e003177,1,6,2307070005,CU 가평읍내점
e_e003177,1,7,2307070007,코멧 263펜션
e_e003177,2,1,2307080001,청평 호반 닭갈비 막국수 설악점
e_e003177,2,2,2307080002,LX22 베이커리 카페
e_e003177,2,3,2307080003,가평 양떼목장
e_e003177,2,4,2307080004,마곡 중앙하이츠 아파트
e_e003180,1,1,2307010001,집
e_e003180,1,2,2307010002,심학산 뜨락
e_e003180,1,3,2307010003,지혜의 숲
e_e003180,1,4,2307010004,아름다운 가게 보물섬점
e_e003180,1,5,2307010005,아이스타일
e_e003180,1,6,2307010006,롯데 프리미엄 아울렛 파주점
e_e003180,1,7,2307010007,커피빈 파주 DT점
e_e003180,1,8,2307010008,집
e_e003182,1,1,2306300001,집
e_e003182,1,2,2306300002,맥도날드 서판교 DT점
e_e003182,1,3,2306300003,서울 신라호텔
e_e003182,1,4,2306300004,서울 신라호텔 더 파크뷰
e_e003182,1,5,2306300005,서울 신라호텔
e_e003182,2,1,2307010001,서울 신라 키즈 라운지
e_e003182,2,2,2307010002,서울 신라호텔 페이스트리 부티크
e_e003182,2,3,2307010003,신라호텔 팔각정
e_e003182,2,4,2307010004,집
e_e003184,1,1,2307080001,집
e_e003184,1,2,2307080002,서울 가락 초등학교
e_e003184,1,3,2307080004,닭강정 공방 시흥 시청점
e_e003184,1,4,2307080005,물왕 숲캠핑파크
e_e003184,2,1,2307090001,토담골 물왕점
e_e003184,2,2,2307090002,빅트리
e_e003184,2,3,2307090003,대야투유호N플러스빌골드오피스텔
e_e003184,2,4,2307090004,집
e_e003190,1,1,2306260001,집
e_e003190,1,2,2306260002,오복 수제 왕돈가스
e_e003190,1,3,2306260003,산정호수 100년 단팥빵
e_e003190,1,4,2306260004,산정호수 둘레길
e_e003190,1,5,2306260005,한화리조트 산정호수 안시
e_e003190,1,6,2306260006,행복한 바비큐 본점
e_e003190,1,7,2306260012,한화리조트 산정호수 안시
e_e003190,2,1,2306270001,우듬지 이동 숯불갈비
e_e003190,2,2,2306270002,우듬지 제빵소
e_e003190,2,3,2306270003,허브아일랜드
e_e003190,2,4,2306270004,나목 카페
e_e003190,2,5,2306270005,집
e_e003194,1,1,2307010001,집
e_e003194,1,2,2307010003,커피빈 강남대로점
e_e003194,1,3,2307010005,신용산역 꽃집
e_e003194,1,4,2307010004,용산 어린이 정원(용산공원 반환부지)
e_e003194,1,5,2307010002,마곡수명산파크1단지아파트
e_e003194,2,1,2307020001,대한불교조계종 신륵사
e_e003194,2,2,2307020002,영녕릉 세종대왕유적지구 세종대왕릉
e_e003194,2,3,2307020003,세종대왕 역사문화관
e_e003194,2,4,2307020004,청목 한정식
e_e003194,2,5,2307020005,티 하우스 에덴
e_e003194,2,6,2307020006,집
e_e003196,1,1,2306160001,집
e_e003196,1,2,2306160003,인천종합터미널
e_e003196,1,3,2306160004,센트럴파크역 인천 1호선
e_e003196,1,4,2306160005,올라 카이 송도파크호텔
e_e003196,1,5,2306160006,오마카세오사이 초밥 송도점
e_e003196,1,6,2306160007,설빙 인천 송도 센트럴시티점
e_e003196,1,7,2306160008,올라 카이 송도파크호텔
e_e003196,1,8,2306160009,송도센트럴파크
e_e003196,1,9,2306160010,송도 한옥마을
e_e003196,1,10,2306160012,올라 카이 송도파크호텔
e_e003196,2,1,2306170001,신본관 송도센트럴파크점
e_e003196,2,2,2306170002,안스 베이커리 송도점
e_e003196,2,3,2306170003,현대 프리미엄 아울렛 송도점
e_e003196,2,4,2306170004,트리플 스트리트
e_e003196,2,5,2306170005,집
e_e003198,1,1,2306240001,집
e_e003198,1,2,2306240002,캐리비안베이
e_e003198,1,3,2306240003,브라운 도트 용인점
e_e003198,1,4,2306240004,이마트 용인점
e_e003198,1,5,2306240006,브라운 도트 용인점
e_e003198,2,1,2306250001,메가 MGC 커피 용인중앙시장점
e_e003198,2,2,2306250002,집
e_e003199,1,1,2306220001,집
e_e003199,1,2,2306220002,티엔 미미 서촌점
e_e003199,1,3,2306220003,서울미술관 본관
e_e003199,1,4,2306220004,마샹스
e_e003199,1,5,2306220005,알피
e_e003199,1,6,2306220006,그랑 핸드 서촌
e_e003199,1,7,2306220007,집
e_e003202,1,1,2307070001,집
e_e003202,1,2,2307070002,캠프통 포레스트펜션
e_e003202,1,3,2307070003,리버 레인
e_e003202,1,4,2307070004,고우다
e_e003202,1,5,2307070006,호텔 하우스
e_e003202,2,1,2307080002,참나무 집
e_e003202,2,2,2307080003,골든트리
e_e003202,2,3,2307080001,집
e_e003204,1,1,2306140001,사무실
e_e003204,1,2,2306140003,행궁동 거리
e_e003204,1,3,2306140004,계미굴
e_e003204,1,4,2306140005,행궁동 거리 장안문 근처 성곽
e_e003204,1,5,2306140006,스탠더드 오브 스터프
e_e003204,1,6,2306140002,예림 패밀리타운
e_e003205,1,1,2306300001,집
e_e003205,1,2,2306300002,온 야드 서울숲 본점
e_e003205,1,3,2306300003,서울숲
e_e003205,1,4,2306300004,또 올래 곱창 노원점
e_e003205,1,5,2306300005,아카이브 스튜디오
e_e003205,1,6,2306300006,할머니 댁
e_e003205,2,1,2307010001,서울엔 쏘울
e_e003205,2,2,2307010002,카페 남산 아래
e_e003205,2,3,2307010003,집
e_e003206,1,1,2306160001,집
e_e003206,1,2,2306160003,배나 예 김밥 판교원마을 7단지 모아 미래도 아파트
e_e003206,1,3,2306160004,운중천
e_e003206,1,4,2306160005,랩 오브 파리바게뜨
e_e003206,1,5,2306160006,아웃백 스테이크하우스 판교점 카카오 프렌즈 아지트
e_e003206,1,6,2306160007,현대백화점 판교점
e_e003206,1,7,2306160002,집
e_e003210,1,1,2306240001,친구 친지 집
e_e003210,1,2,2306240002,네이처 스파
e_e003210,1,3,2306240003,타조 마을
e_e003210,1,4,2306240005,홈플러스 파주 운정점
e_e003210,1,5,2306240004,심학산 바비큐 그릴
e_e003210,1,6,2306240006,헤이리 예술마을
e_e003210,1,7,2306240007,헤이리 힐스 타운하우스
e_e003210,2,1,2306250001,롯데 프리미엄 아울렛 파주점
e_e003210,2,2,2306250002,e 편한 세상 보문 1단지 아파트
e_e003212,1,1,2306150001,집
e_e003212,1,2,2306150002,바오스앤밥스
e_e003212,1,3,2306150003,올라 카이 송도파크호텔
e_e003212,1,4,2306150004,롯데마트 송도점
e_e003212,1,5,2306150005,올라 카이 송도파크호텔
e_e003212,2,1,2306160001,일리카페 오라 카이 송도파크호텔점
e_e003212,2,2,2306160002,송도센트럴파크
e_e003212,2,3,2306160003,케이슨 24
e_e003212,2,4,2306160004,소찬공원
e_e003212,2,5,2306160005,집
e_e003222,1,1,2306230001,사무실
e_e003222,1,2,2306230002,친구 집
e_e003222,1,3,2306230003,평택 목구멍
e_e003222,1,4,2306230004,역전 할머니 맥주 평택 고덕점
e_e003222,1,5,2306230005,친구 집
e_e003222,2,1,2306240001,후드 로프터스
e_e003222,2,2,2306240002,라살 루드 험프리스
e_e003222,2,3,2306240003,내리 문화공원
e_e003222,2,4,2306240004,상암 월드컵 파크 1단지 아파트
e_e003223,1,1,2306240001,집
e_e003223,1,2,2306240002,유성시외버스정류소
e_e003223,1,3,2306240003,동서울 종합터미널
e_e003223,1,4,2306240004,슈브제
e_e003223,1,5,2306240005,모노 맨션 건대점
e_e003223,1,6,2306240006,하이디라오코리아 건대점
e_e003223,1,7,2306240007,뚝섬한강공원
e_e003223,1,8,2306240008,동일로 182길 63-19
e_e003223,2,1,2306250001,미라주 양과점 공릉 철길점
e_e003223,2,2,2306250002,엔드밀 성수점
e_e003223,2,3,2306250003,로우키
e_e003223,2,4,2306250004,모노 맨션 성수점
e_e003223,2,5,2306250005,헤븐 센스 성수 연무장점
e_e003223,2,6,2306250006,포인트오브뷰
e_e003223,2,7,2306250007,페이지 수
e_e003223,2,8,2306250008,ZARA 롯데 아울렛 서울역점
e_e003223,2,9,2306250009,빈스 앤 베리즈 서울역 1호점
e_e003223,2,10,2306250010,서울역
e_e003223,2,11,2306250011,집
e_e003227,1,1,2306260001,집
e_e003227,1,2,2306260002,킹덤 키즈 풀빌라
e_e003227,2,1,2306270002,가평 양떼목장
e_e003227,2,2,2306270003,커피 먹는 호랑이
e_e003227,2,3,2306270001,당곡 마을 3단지 월드메르디앙 아파트
e_e003230,1,1,2306240001,집
e_e003230,1,2,2306240003,서울역
e_e003230,1,3,2306240004,연남 토마 성수점
e_e003230,1,4,2306240005,5TO7
e_e003230,1,5,2306240006,뚝섬한강공원
e_e003230,1,6,2306240007,덩어리 쌍문 본점
e_e003230,1,7,2306240002,스마트 트라움
e_e003230,2,1,2306250001,의정부 음악 도서관
e_e003230,2,2,2306250002,일 미만도 1981의 정부 호원 본점
e_e003230,2,3,2306250003,스타벅스 의정부 회룡역 DT점
e_e003230,2,4,2306250004,집
e_e003231,1,1,2306170001,친구 친지 집
e_e003231,1,2,2306170003,파주 프리미엄 아울렛
e_e003231,1,3,2306170004,교하 제면소
e_e003231,1,4,2306170002,스카이 오피스텔
e_e003235,1,1,2307010001,집
e_e003235,1,2,2307010002,주안역 센트레빌 아파트
e_e003235,1,3,2307010003,이천시 로컬푸드
e_e003235,1,4,2307010009,인디어 라운드
e_e003235,2,1,2307020001,롯데 프리미엄 아울렛 이천점
e_e003235,2,2,2307020002,이천시 로컬푸드
e_e003235,2,3,2307020003,인디어 라운드 내 코코 카리브
e_e003235,2,4,2307020004,별빛정원 우주
e_e003235,2,5,2307020005,집
e_e003237,1,1,2306240001,집
e_e003237,1,2,2306240002,한탄강 하늘다리
e_e003237,1,3,2306240003,비둘기낭폭포
e_e003237,1,4,2306240004,오가 국수
e_e003237,1,5,2306240005,까사 펜션
e_e003237,2,1,2306250002,커피공방
e_e003237,2,2,2306250003,샛별 반점 중식
e_e003237,2,3,2306250001,집
e_e003241,1,1,2307080001,집
e_e003241,1,2,2307080003,주안 파크 장이 더 플래티넘 아파트
e_e003241,1,3,2307080004,월미테마파크
e_e003241,1,4,2307080002,주안 파크 장이 더 플래티넘 아파트
e_e003241,2,1,2307090001,인천 차이나타운
e_e003241,2,2,2307090002,동화마을 연경
e_e003241,2,3,2307090003,집
e_e003245,1,1,2306170001,숙소
e_e003245,1,2,2306170002,냐항바바바
e_e003245,1,3,2306170003,광화문 살롱
e_e003245,1,4,2306170004,SR 호텔
e_e003245,1,5,2306170005,LG사이언스 파크 마곡
e_e003245,1,6,2306170006,조개 깡패 연구소 발산역 마곡점
e_e003245,1,7,2306170007,LG아트센터 서울
e_e003245,1,8,2306170008,서울 식물원
e_e003245,1,9,2306170009,SR 호텔
e_e003245,2,1,2306180002,더 현대 서울
e_e003245,2,2,2306180001,대구테크노폴리스 LH 천년나무 3단지 아파트
e_e003250,1,1,2306280001,집
e_e003250,1,2,2306280003,서대구역
e_e003250,1,3,2306280004,서울역
e_e003250,1,4,2306280005,하나이비인후과 의원
e_e003250,1,5,2306280007,아모레퍼시픽 미술관
e_e003250,1,6,2306280008,스타벅스 용산역 서밋 R 점
e_e003250,1,7,2306280006,마츠도 서울역점
e_e003250,1,8,2306280009,녹사평 보도 육교
e_e003250,1,9,2306280002,집
e_e003251,1,1,2306170001,친구 친지 집
e_e003251,1,2,2306170002,사당역 2호선
e_e003251,1,3,2306170003,영등포구청 역 2호선
e_e003251,1,4,2306170004,주 씨 영등포구청점
e_e003251,1,5,2306170005,동대문역사문화공원역 2호선
e_e003251,1,6,2306170006,주한 교황청 대사관
e_e003251,1,7,2306170007,종로 소방서
e_e003251,1,8,2306170008,남대문시장
e_e003251,1,9,2306170009,부원면옥
e_e003251,1,10,2306170010,형제 상회
e_e003251,1,11,2306170011,회현역 4호선
e_e003251,1,12,2306170012,동작역 4호선
e_e003251,1,13,2306170013,잠실종합운동장 올림픽 주경기장
e_e003251,1,14,2306170014,카페 희다 삼성점
e_e003251,1,15,2306170015,GS25 강남 청담점
e_e003251,1,16,2306170016,엘림 설비
e_e003251,2,1,2306180001,장강 기사님 식당
e_e003251,2,2,2306180002,커피빈 강북구청앞점
e_e003251,2,3,2306180003,명동역 4호선
e_e003251,2,4,2306180004,아주대학교 정문
e_e003251,2,5,2306180005,버거킹 아주대 삼거리점
e_e003251,2,6,2306180006,시온 빌
e_e003255,1,1,2306300001,집
e_e003255,1,2,2306300002,갤러리아백화점 광교점
e_e003255,1,3,2306300003,정돈 갤러리아 광교점
e_e003255,1,4,2306300004,스타벅스 광교 SK 뷰 레이크 41F 점
e_e003255,1,5,2306300005,광교호수공원
e_e003255,1,6,2306300006,집
e_e003258,1,1,2307080001,집
e_e003258,1,2,2307080002,써브웨이 서울대점
e_e003258,1,3,2307080007,관악 위버폴리스 아파트
e_e003258,1,4,2307080003,소래습지생태공원
e_e003258,1,5,2307080004,장식도
e_e003258,1,6,2307080005,스타필드 시티 부천
e_e003258,1,7,2307080008,관악 위버폴리스 아파트
e_e003258,1,8,2307080006,집
e_e003259,1,1,2306170001,집
e_e003259,1,2,2306170007,신연수역 인천 1호선
e_e003259,1,3,2306170002,세운 전자상가
e_e003259,1,4,2306170003,종묘
e_e003259,1,5,2306170004,청계천
e_e003259,1,6,2306170005,토성빌딩
e_e003259,1,7,2306170006,서울 빈티지
e_e003259,1,8,2306170008,집
e_e003262,1,1,2306170001,집
e_e003262,1,2,2306170002,하노이 12
e_e003262,1,3,2306170003,플로피
e_e003262,1,4,2306170004,폴라 앳 홈
e_e003262,1,5,2306170005,29CM SEONGSU
e_e003262,1,6,2306170006,오드 성수 2호점
e_e003262,1,7,2306170007,을지로 골목집
e_e003262,1,8,2306170008,해방
e_e003262,1,9,2306170009,광교 경남아너스빌 아파트
e_e003267,1,1,2307010001,집
e_e003267,1,2,2307010002,고모리 호수
e_e003267,1,3,2307010003,욕쟁이 할머니 집
e_e003267,1,4,2307010004,투썸플레이스 고모 호수점
e_e003267,1,5,2307010006,CU 포천 인생역전점
e_e003267,1,6,2307010005,광릉수목원 길
e_e003267,1,7,2307010007,화적은 펜션
e_e003267,1,8,2307010008,철원 막국수
e_e003267,1,9,2307010009,BBQ 포천 운천점
e_e003267,1,10,2307010010,화적은 펜션
e_e003267,2,1,2307020001,산정호수
e_e003267,2,2,2307020002,산정호수 빵명장
e_e003267,2,3,2307020003,백운계곡
e_e003267,2,4,2307020004,스타벅스 포천 DT점
e_e003267,2,5,2307020005,집
e_e003269,1,1,2306180001,집
e_e003269,1,2,2306180002,산장관광지 캠핑장
e_e003269,1,3,2306180003,집
e_e003271,1,1,2306180001,집
e_e003271,1,2,2306180002,까치산역 5호선
e_e003271,1,3,2306180003,사당역 2호선
e_e003271,1,4,2306180004,딥스 테이션
e_e003271,1,5,2306180005,디플로여 카페
e_e003271,1,6,2306180006,사당역 2호선
e_e003271,1,7,2306180007,집
e_e003272,1,1,2306240001,집
e_e003272,1,2,2306240002,동송 마트(군마 아트)
e_e003272,1,3,2306240003,동송전통시장
e_e003272,1,4,2306240004,고미 낙지
e_e003272,1,5,2306240005,백운계곡
e_e003272,1,6,2306240006,휴랜드관광농원
e_e003272,1,7,2306240007,휴랜드관광농원
e_e003272,2,1,2306250001,롯데리아 철원 와수점
e_e003272,2,2,2306250002,화강 쉬리공원
e_e003272,2,3,2306250003,전격 회관
e_e003272,2,4,2306250004,집
e_e003275,1,1,2306190001,집
e_e003275,1,2,2306190003,감성 스테이
e_e003275,1,3,2306190002,집
e_e003276,1,1,2306170001,집
e_e003276,1,2,2306170002,삼청동 수제비
e_e003276,1,3,2306170003,삼청동 거리
e_e003276,1,4,2306170004,대학로
e_e003276,1,5,2306170005,집
e_e003278,1,1,2307010001,집
e_e003278,1,2,2307010002,전곡선사 박물관
e_e003278,1,3,2307010003,모향촌 손두부
e_e003278,1,4,2307010004,은대리 쉼 남루
e_e003278,2,1,2307020001,재인폭포
e_e003278,2,2,2307020002,연천 회관
e_e003278,2,3,2307020003,집
e_e003279,1,1,2306240001,집
e_e003279,1,2,2306240003,열두 알우 똥집
e_e003279,1,3,2306240004,수원시립미술관
e_e003279,1,4,2306240005,허스트 커피
e_e003279,1,5,2306240006,동북각루
e_e003279,1,6,2306240002,집
e_e003280,1,1,2306180001,집
e_e003280,1,2,2306180002,더 플래츠
e_e003280,1,3,2306180003,가평군 농협 하나로마트 북면점
e_e003280,1,4,2306180004,또바기 스파 글램핑
e_e003280,2,1,2306190001,자라섬
e_e003280,2,2,2306190002,메콩 카페
e_e003280,2,3,2306190003,집
e_e003282,1,1,2306180001,집
e_e003282,1,2,2306180002,일월 수목원
e_e003282,1,3,2306180003,카페 일월
e_e003282,1,4,2306180004,한창희 천하 일면 수원 성대점
e_e003282,1,5,2306180005,뮤직큐브
e_e003282,1,6,2306180006,역전 할머니 맥주 성균관대점
e_e003282,1,7,2306180007,집
e_e003283,1,1,2307010001,집
e_e003283,1,2,2307010002,성환역 1호선
e_e003283,1,3,2307010003,수원역 1호선
e_e003283,1,4,2307010004,행궁 애월
e_e003283,1,5,2307010005,달빛 행궁
e_e003283,1,6,2307010006,왕과 탕후루 수원 행궁점
e_e003283,1,7,2307010007,수원시립미술관
e_e003283,1,8,2307010008,행궁 이야기
e_e003283,1,9,2307010009,수원역 1호선
e_e003283,1,10,2307010010,직산역 1호선
e_e003283,1,11,2307010011,집
e_e003285,1,1,2306250001,집
e_e003285,1,2,2306250002,청운 닭갈비 막국수
e_e003285,1,3,2306250003,멜로우 스폿
e_e003285,1,4,2306250004,가평 조은 마트
e_e003285,1,5,2306250006,화악산계곡
e_e003285,1,6,2306250007,깊은 산 계곡 산장
e_e003285,2,1,2306260001,역전 분식
e_e003285,2,2,2306260002,바이 스테이션
e_e003285,2,3,2306260003,CGV 용산 아이파크몰
e_e003285,2,4,2306260004,육회관블랙 용산점
e_e003285,2,5,2306260005,집
e_e003288,1,1,2306220001,집
e_e003288,1,2,2306220003,임진각 평화누리
e_e003288,1,3,2306220004,브리즈힐
e_e003288,1,4,2306220005,프로방스 마을
e_e003288,1,5,2306220006,집
e_e003289,1,1,2306170001,숙소
e_e003289,1,2,2306170002,킨텍스
e_e003289,1,3,2306170003,경기 고양시 일산서구 킨텍스로 217-59 킨텍스 제2전시장 1층
e_e003289,1,4,2306170004,경기 고양시 일산서구 킨텍스로 217-59
e_e003289,1,5,2306170005,경기 고양시 일산서구 킨텍스로 217-59
e_e003289,1,6,2306170006,경기 김포시 김포한강 9로 73 1동 1층 115호
e_e003289,1,7,2306170008,경기 김포시 김포한강 9로 75번 길 16 드림스퀘어
e_e003289,1,8,2306170007,경기 김포시 김포한강 9로 8 다온 플라자 7층
e_e003289,2,1,2306180002,경기 김포시 마산동 617-2
e_e003289,2,2,2306180003,경기 김포시 김포한강 8로 34 산토리니 빌딩
e_e003289,2,3,2306180001,에코메트로 7단지 한화 꿈에 그린 아파트
e_e003291,1,1,2307070001,집
e_e003291,1,2,2307070009,용산역
e_e003291,1,3,2307070010,이마트 용산점
e_e003291,1,4,2307070003,청평역 경춘선
e_e003291,1,5,2307070004,365할인마트 청평점
e_e003291,1,6,2307070005,더 스틸 펜션
e_e003291,1,7,2307070006,조종천
e_e003291,1,8,2307070002,더 스틸 펜션
e_e003291,2,1,2307080001,푸지뫼칼국수앤보쌈
e_e003291,2,2,2307080002,스테이션
e_e003291,2,3,2307080003,청평역 경춘선
e_e003291,2,4,2307080004,용산역
e_e003291,2,5,2307080005,독산역 1호선
e_e003291,2,6,2307080006,펀 비어 킹 금천 독산역점
e_e003291,2,7,2307080007,집
e_e003293,1,1,2306170001,집
e_e003293,1,2,2306170002,투썸플레이스 동탄 산척점
e_e003293,1,3,2306170003,트레이더스 홀세일 클럽 동탄점
e_e003293,1,4,2306170004,트레이더스 홀세일 클럽 동탄점
e_e003293,1,5,2306170005,대부도 펜션 밸리
e_e003293,1,6,2306170006,대부도 펜션 밸리 레이나 펜션
e_e003293,2,1,2306180001,포도밭 할머니 칼국수
e_e003293,2,2,2306180002,리베르테
e_e003293,2,3,2306180003,집
e_e003294,1,1,2306220001,집
e_e003294,1,2,2306220002,바나나 롤러 연습장
e_e003294,1,3,2306220003,서울 시립 북서울 미술관
e_e003294,1,4,2306220004,원조 이모네 연탄불 곱창
e_e003294,1,5,2306220005,선사현대아파트
e_e003294,2,1,2306230001,고덕산
e_e003294,2,2,2306230002,암사동 선사유적박물관
e_e003294,2,3,2306230003,핫떡 암사점
e_e003294,2,4,2306230004,풍납토성 경당지구
e_e003294,2,5,2306230005,사무실
e_e003296,1,1,2306240001,집
e_e003296,1,2,2306240002,청담 제주 물항 청담점
e_e003296,1,3,2306240003,이마트 진접점
e_e003296,1,4,2306240004,산마루 캠핑장
e_e003296,2,1,2306250001,국립수목원
e_e003296,2,2,2306250002,광릉빵 명장
e_e003296,2,3,2306250003,집
e_e003297,1,1,2306180001,집
e_e003297,1,2,2306180002,서울 시티투어버스
e_e003297,1,3,2306180003,청와대 본관
e_e003297,1,4,2306180005,명동난타극장
e_e003297,1,5,2306180004,두끼떡볶이 명동점
e_e003297,1,6,2306180007,서울 시티투어버스
e_e003297,1,7,2306180006,집
e_e003298,1,1,2306240001,집
e_e003298,1,2,2306240002,한국 금융사 박물관
e_e003298,1,3,2306240003,집
e_e003300,1,1,2306180001,집
e_e003300,1,2,2306180002,동대구역
e_e003300,1,3,2306180003,깜장
e_e003300,1,4,2306180006,그믐달 셀프스튜디오 서울숲점
e_e003300,1,5,2306180004,섬세 테라리엄
e_e003300,1,6,2306180005,웨이크앤베이크 성수 서울숲
e_e003300,1,7,2306180007,어프 어프 성수점
e_e003300,1,8,2306180008,낭랑 서초점
e_e003300,1,9,2306180009,한전아트센터
e_e003300,1,10,2306180010,스파이크 하우스 흑석점
e_e003300,1,11,2306180011,숙소
e_e003300,2,1,2306190001,우미 마토
e_e003300,2,2,2306190002,더 마틴
e_e003300,2,3,2306190003,솔
e_e003300,2,4,2306190004,집
e_e003303,1,1,2306180001,집
e_e003303,1,2,2306180003,사패산
e_e003303,1,3,2306180004,안골 밤나무 집
e_e003303,1,4,2306180002,집
e_e003306,1,1,2306190001,집
e_e003306,1,2,2306190003,테라스 478
e_e003306,1,3,2306190004,고기리계곡
e_e003306,1,4,2306190005,포레스트 가든
e_e003306,1,5,2306190002,호텔 볼
e_e003306,2,1,2306200002,에버랜드
e_e003306,2,2,2306200003,오봉집 죽전 보정점
e_e003306,2,3,2306200001,집
e_e003307,1,1,2306160001,집
e_e003307,1,2,2306160003,초원의 집
e_e003307,1,3,2306160004,경성 빵 공장
e_e003307,1,4,2306160005,이수경 바지락칼국수
e_e003307,1,5,2306160002,집
e_e003308,1,1,2306180001,집
e_e003308,1,2,2306180002,쭈꾸미킹 광릉수목원점
e_e003308,1,3,2306180003,국립수목원
e_e003308,1,4,2306180004,나이키 포천 소홀 점
e_e003308,1,5,2306180005,마곡 엠 밸리 9단지 아파트 916동
e_e003308,1,6,2306180006,홈플러스 메가 푸드마켓 강서점
e_e003308,1,7,2306180007,집
e_e003311,1,1,2306240001,집
e_e003311,1,2,2306240005,카페 스승
e_e003311,1,3,2306240002,영녕릉 세종대왕유적지구 세종대왕릉
e_e003311,1,4,2306240004,조선 막국수 여주 본점
e_e003311,1,5,2306240003,선밸리 호텔 워터파크
e_e003311,1,6,2306240007,남한강 선밸리 호텔
e_e003311,2,1,2306250002,메가 MGC 커피 여주 중앙점
e_e003311,2,2,2306250001,덕평 공룡 수목원
e_e003311,2,3,2306250003,안산복합휴게소 인천방향
e_e003311,2,4,2306250004,집
e_e003314,1,1,2306240001,집
e_e003314,1,2,2306240002,흥인지문
e_e003314,1,3,2306240003,낙산공원
e_e003314,1,4,2306240004,혜화문
e_e003314,1,5,2306240007,인왕산
e_e003314,1,6,2306240005,북악산 한양도성
e_e003314,1,7,2306240006,CU 부암 러키점
e_e003314,1,8,2306240008,돈의문 박물관 마을
e_e003314,1,9,2306240009,롯데리아 서대문역점
e_e003314,1,10,2306240010,남산공원 N서울타워
e_e003314,1,11,2306240011,집
e_e003315,1,1,2307080001,집
e_e003315,1,2,2307080002,건대입구역 2호선
e_e003315,1,3,2307080003,쓰촨 성
e_e003315,1,4,2307080004,양평 패러글라이딩 파크
e_e003315,1,5,2307080005,양평농협 하나로마트 사업소
e_e003315,1,6,2307080006,에이치디 카페
e_e003315,1,7,2307080011,일월일지
e_e003315,2,1,2307090001,나루터가
e_e003315,2,2,2307090002,고당 베이커리
e_e003315,2,3,2307090003,건대입구역 2호선
e_e003315,2,4,2307090004,집
e_e003320,1,1,2306170001,집
e_e003320,1,2,2306170003,달마티안
e_e003320,1,3,2306170004,칼리프 하우스
e_e003320,1,4,2306170005,맛짱 조개
e_e003320,1,5,2306170006,진미 평양냉면
e_e003320,1,6,2306170002,집
e_e003323,1,1,2306170001,집
e_e003323,1,2,2306170003,남춘천역
e_e003323,1,3,2306170004,아이파크몰 용산점
e_e003323,1,4,2306170005,맥도날드 종로 3점
e_e003323,1,5,2306170006,한옥랑솜
e_e003323,1,6,2306170007,경교장
e_e003323,1,7,2306170008,돈의문 박물관 마을
e_e003323,1,8,2306170009,잠실한강공원
e_e003323,1,9,2306170010,동서울 종합터미널
e_e003323,1,10,2306170002,집
e_e003324,1,1,2306170001,집
e_e003324,1,2,2306170002,파주 프리미엄 아울렛
e_e003324,1,3,2306170003,아리랑 갈비 신관
e_e003324,1,4,2306170007,부모님댁
e_e003324,2,1,2306180001,어메이징 파크
e_e003324,2,2,2306180002,부모님댁
e_e003324,2,3,2306180003,집
e_e003326,1,1,2306260001,집
e_e003326,1,2,2306260002,LX22 베이커리 카페
e_e003326,1,3,2306260003,가평군 농협 하나로마트 북면점
e_e003326,1,4,2306260004,카세레스 펜션
e_e003326,2,1,2306270001,화악리 닭갈비
e_e003326,2,2,2306270002,골든트리
e_e003326,2,3,2306270003,집
e_e003328,1,1,2306190005,집
e_e003328,1,2,2306190001,미래 항공스포츠
e_e003328,1,3,2306190002,용문산관광지
e_e003328,1,4,2306190006,용문사
e_e003328,1,5,2306190003,용문산 자연휴양림
e_e003328,1,6,2306190004,용문산 자연휴양림
e_e003328,2,1,2306200001,예지현
e_e003328,2,2,2306200002,집
e_e003329,1,1,2306300001,집
e_e003329,1,2,2306300002,서울 신라호텔
e_e003329,2,1,2307010001,아웃백 스테이크하우스 판교점
e_e003329,2,2,2307010002,현대백화점 판교점
e_e003329,2,3,2307010003,집
e_e003330,1,1,2306160001,집
e_e003330,1,2,2306160002,숨 쉬는 순두부 타임스퀘어점
e_e003330,1,3,2306160003,구캔 갤러리
e_e003330,1,4,2306160004,찌드로잉
e_e003330,1,5,2306160005,집
e_e003331,1,1,2306160001,집
e_e003331,1,2,2306160002,서울특별시 교육청 학생체육관
e_e003331,1,3,2306160003,가평군 농협 하나로마트 북면점
e_e003331,1,4,2306160004,아이 섬 풀 글램핑
e_e003331,2,1,2306170001,집
e_e003332,1,1,2307010001,집
e_e003332,1,2,2307010003,마트 킹 구성점
e_e003332,1,3,2307010004,제이드가든 수목원
e_e003332,1,4,2307010002,리버 마운틴 펜션
e_e003332,2,1,2307020001,평창 장국밥
e_e003332,2,2,2307020002,사탐 베이커리 카페
e_e003332,2,3,2307020003,집
e_e003334,1,1,2307020001,집
e_e003334,1,2,2307020002,카페다
e_e003334,1,3,2307020003,렛츠 런 파크 서울
e_e003334,1,4,2307020009,렛츠 런 파크 서울 말 박물관
e_e003334,1,5,2307020004,렛츠 런 파크 서울 구내식당(상하이)
e_e003334,1,6,2307020005,렛츠 런 파크 서울 러키 빌
e_e003334,1,7,2307020006,바로 마켓
e_e003334,1,8,2307020007,우르르
e_e003334,1,9,2307020008,집
e_e003335,1,1,2307060001,집
e_e003335,1,2,2307060002,김해국제공항 국내선 청사
e_e003335,1,3,2307060003,김포국제공항 국내선
e_e003335,1,4,2307060004,더 현대 서울
e_e003335,1,5,2307060005,감성 교복 롯데월드점
e_e003335,1,6,2307060006,롯데월드
e_e003335,1,7,2307060007,건대입구역 자이엘라 오피스텔
e_e003335,2,1,2307070001,해 밥 성수 본점
e_e003335,2,2,2307070002,무브 모브 카페
e_e003335,2,3,2307070003,김포국제공항 국내선
e_e003335,2,4,2307070004,김해국제공항 국내선 청사
e_e003335,2,5,2307070005,집
e_e003336,1,1,2307010001,집
e_e003336,1,2,2307010002,던킨 시청역점
e_e003336,1,3,2307010003,덕수궁
e_e003336,1,4,2307010004,덕수궁 돌담길
e_e003336,1,5,2307010005,쉐이크쉑 강남점
e_e003336,1,6,2307010007,Si 호텔
e_e003336,2,1,2307020001,우육 면관 광화문점
e_e003336,2,2,2307020002,아라아트센터
e_e003336,2,3,2307020003,광장시장
e_e003336,2,4,2307020005,블루스퀘어
e_e003336,2,5,2307020004,앤트로 사이트 한남점
e_e003336,2,6,2307020006,집
e_e003337,1,1,2306160001,집
e_e003337,1,2,2306160003,에버랜드
e_e003337,1,3,2306160002,집
e_e003340,1,1,2306240001,집
e_e003340,1,2,2306240002,익산역
e_e003340,1,3,2306240003,여의도 한강공원
e_e003340,1,4,2306240004,더 현대 서울
e_e003340,1,5,2306240005,낙원테산도 용산 아이파크몰점
e_e003340,1,6,2306240006,용산역
e_e003340,1,7,2306240007,집
e_e003341,1,1,2306250001,집
e_e003341,1,2,2306250003,평안도 족발집
e_e003341,1,3,2306250004,서울 신라호텔
e_e003341,1,4,2306250005,원조 만선 모프 
e_e003341,1,5,2306250006,어반 아일랜드
e_e003341,1,6,2306250002,서울 신라호텔
e_e003341,2,1,2306260001,서울 신라호텔 더 파크뷰
e_e003341,2,2,2306260002,스타벅스 국립중앙의료원점
e_e003341,2,3,2306260003,집
e_e003342,1,1,2306210001,집
e_e003342,1,2,2306210003,홈플러스 신내점
e_e003342,1,3,2306210004,ex-oil 구리남양주 주유소
e_e003342,1,4,2306210005,청 시행 남양주점
e_e003342,1,5,2306210006,팔당 제빵소
e_e003342,1,6,2306210002,라퓨타리조트
e_e003342,2,1,2306220002,GS25 가평 산 유점
e_e003342,2,2,2306220003,메인 22
e_e003342,2,3,2306220004,스타필드 하남
e_e003342,2,4,2306220001,집
e_e003345,1,1,2307010001,집
e_e003345,1,2,2307010003,어머니 맛 영평 해장국
e_e003345,1,3,2307010004,커피코너
e_e003345,1,4,2307010005,양평 양떼목장
e_e003345,1,5,2307010006,문화공간 아트 바이어
e_e003345,1,6,2307010002,집
e_e003348,1,1,2307090001,집
e_e003348,1,2,2307090005,신림역 2호선
e_e003348,1,3,2307090004,어묵 나라 양주역점
e_e003348,1,4,2307090003,불곡산
e_e003348,1,5,2307090006,양주역 1호선
e_e003348,1,6,2307090002,집
e_e003349,1,1,2306290001,집
e_e003349,1,2,2306290002,운멜로 키친 3호점
e_e003349,1,3,2306290003,더 필름 행궁점
e_e003349,1,4,2306290004,수원 화성
e_e003349,1,5,2306290005,화성행궁
e_e003349,1,6,2306290006,호텔 플렉스
e_e003349,1,7,2306290007,수원 KT 소닉붐 아레나
e_e003349,1,8,2306290009,호텔 플렉스
e_e003349,1,9,2306290008,나혜석거리
e_e003349,1,10,2306290010,호텔 플렉스
e_e003349,2,1,2306300001,방화수류정
e_e003349,2,2,2306300002,멘야산다이메 수원점
e_e003349,2,3,2306300003,파트 브리지
e_e003349,2,4,2306300004,카페 도화
e_e003349,2,5,2306300005,수원 전통문화관 전통식생활 체험관
e_e003349,2,6,2306300006,수원 화성 북동포루
e_e003349,2,7,2306300007,대전역
e_e003356,1,1,2306240001,집
e_e003356,1,2,2306240002,유명산
e_e003356,1,3,2306240003,예사랑
e_e003356,1,4,2306240006,사나사
e_e003356,2,1,2306250002,개군 할머니 토종 순댓국 본점
e_e003356,2,2,2306250003,하남 드림 휴게소
e_e003356,2,3,2306250001,집
e_e003357,1,1,2306170001,사무실
e_e003357,1,2,2306170003,광교 아이파크 아파트
e_e003357,1,3,2306170004,광교호수공원
e_e003357,1,4,2306170005,반사 치앙마이 광교
e_e003357,1,5,2306170006,마을 마켓
e_e003357,1,6,2306170007,도너츠윤 광교점
e_e003357,1,7,2306170008,광교 아이파크 아파트
e_e003357,1,8,2306170002,스타즈 호텔 동탄점
e_e003357,2,1,2306180002,원천동 수제버거
e_e003357,2,2,2306180003,카페도 안
e_e003357,2,3,2306180004,효원공원
e_e003357,2,4,2306180005,크리스피 크림 도넛 수원 인계점
e_e003357,2,5,2306180006,메가 MGC 커피 수원 인계점
e_e003357,2,6,2306180007,CYC 주식회사
e_e003357,2,7,2306180008,호수 공원 주유소
e_e003357,2,8,2306180001,강선마을 3단지 한신아파트
e_e003358,1,1,2306170001,사무실
e_e003358,1,2,2306170002,교감 막국수
e_e003358,1,3,2306170003,와부농협하나로마트
e_e003358,1,4,2306170004,유명산 숲속 힐링캠프
e_e003358,2,1,2306180001,설악 명가 숯불닭갈비 막국수
e_e003358,2,2,2306180002,자취방
e_e003359,1,1,2306170001,친구 친지 집
e_e003359,1,2,2306170002,스포츠 몬스터 안성점
e_e003359,1,3,2306170003,아그라 안성점
e_e003359,1,4,2306170004,스타필드 안성
e_e003359,1,5,2306170005,멜 멜
e_e003359,1,6,2306170006,골든 풍산리 치안 오피스텔
e_e003360,1,1,2307010001,집
e_e003360,1,2,2307010002,탑탑 다이너
e_e003360,1,3,2307010003,술 마켓 바틀 숍 BAR 하남미사점
e_e003360,1,4,2307010004,가평군 농협 자라섬 지점
e_e003360,1,5,2307010005,동화 카라반 캠핑장
e_e003360,1,6,2307010006,워터플레이
e_e003360,1,7,2307010007,동화 카라반 캠핑장
e_e003360,2,1,2307020001,방태 막국수 하남 직영점
e_e003360,2,2,2307020002,워터캐슬 하남미사점
e_e003360,2,3,2307020003,집
e_e003364,1,1,2306170001,사무실
e_e003364,1,2,2306170002,의정부 제일시장
e_e003364,1,3,2306170003,경기 의정부시 시민으로 8 센트럴타워 1층 111호 구환회단팥빵
e_e003364,1,4,2306170004,평화의 광장
e_e003364,1,5,2306170005,사무실
e_e003367,1,1,2306240001,집
e_e003367,1,2,2306240003,양키스 버거
e_e003367,1,3,2306240004,MUSEUNCLUB 무슨 클럽
e_e003367,1,4,2306240005,타임스퀘어
e_e003367,1,5,2306240006,채윤희
e_e003367,1,6,2306240007,홈플러스 영등포점
e_e003367,1,7,2306240002,남서울 빌라
e_e003367,2,1,2306250001,K 현대미술관
e_e003367,2,2,2306250002,버터풀&크리멀러스
e_e003367,2,3,2306250003,집
e_e003369,1,1,2307010001,집
e_e003369,1,2,2307010003,스타즈 호텔 동탄점
e_e003369,1,3,2307010004,동탄 여울 공원
e_e003369,1,4,2307010005,롯데백화점 동탄점
e_e003369,1,5,2307010006,스타즈 호텔 동탄점
e_e003369,1,6,2307010007,마조 치킨 직영 본점
e_e003369,1,7,2307010008,동학사
e_e003369,1,8,2307010002,스타즈 호텔 동탄점
e_e003369,2,1,2307020001,한국민속촌
e_e003369,2,2,2307020002,집
e_e003371,1,1,2307030001,집
e_e003371,1,2,2307030002,죽변 시외버스정류장
e_e003371,1,3,2307030003,동서울 종합터미널
e_e003371,1,4,2307030004,을밀대 본점
e_e003371,1,5,2307030005,호텔 나루 서울 엠 갤러리
e_e003371,1,6,2307030006,미스터리브루잉컴퍼니
e_e003371,1,7,2307030007,호텔 나루 서울 엠 갤러리
e_e003371,2,1,2307040001,마포역 5호선
e_e003371,2,2,2307040002,광화문역 5호선
e_e003371,2,3,2307040003,광화문광장
e_e003371,2,4,2307040004,테라로사 국립현대미술관 서울점
e_e003371,2,5,2307040005,국립현대미술관 서울관
e_e003371,2,6,2307040006,동서울 종합터미널
e_e003371,2,7,2307040007,울진종합버스터미널
e_e003371,2,8,2307040008,집
e_e003378,1,1,2306230001,집
e_e003378,1,2,2306230002,민속마을 콩 두부
e_e003378,1,3,2306230003,롯데시네마 라페스타
e_e003378,1,4,2306230004,가좌마을 2단지 대우 푸르지오 아파트
e_e003378,2,1,2306240001,롯데마트 주엽점
e_e003378,2,2,2306240002,심학산 도토리 국수 본점
e_e003378,2,3,2306240003,집
e_e003380,1,1,2306200001,집
e_e003380,1,2,2306200002,명동 돈가스
e_e003380,1,3,2306200003,밀리오레 호텔 명동
e_e003380,1,4,2306200006,남산공원 N서울타워
e_e003380,1,5,2306200004,더 식당 명동점
e_e003380,1,6,2306200005,남산 둘레길
e_e003380,1,7,2306200007,천주교 서울 대교구 주교좌 명동 대성당
e_e003380,1,8,2306200009,밀리오레 호텔 명동
e_e003380,2,1,2306210001,오마카세 오산이 초밥 대학로점
e_e003380,2,2,2306210002,해피 시어터
e_e003380,2,3,2306210003,에필로그
e_e003380,2,4,2306210004,프리모 바치우 바치 대학로점
e_e003380,2,5,2306210005,익산역
e_e003381,1,1,2306170001,집
e_e003381,1,2,2306170003,카페 모아이
e_e003381,1,3,2306170004,아침고요 수목원
e_e003381,1,4,2306170002,안양 센트럴 헤센 2차 오피스텔
e_e003383,1,1,2306230001,집
e_e003383,1,2,2306230003,카카오 프렌즈 홍대 플래그십스토어
e_e003383,1,3,2306230004,홍대 수제버거 풀리너마이트
e_e003383,1,4,2306230005,카페 하모니
e_e003383,1,5,2306230006,버터 홍대점
e_e003383,1,6,2306230007,애니메이트 홍대점
e_e003383,1,7,2306230008,스토리웨이 용산 전철역점
e_e003383,1,8,2306230002,집
e_e003386,1,1,2306240001,집
e_e003386,1,2,2306240002,가평군 농협 하나로마트 청평점
e_e003386,1,3,2306240003,에일린 펜션
e_e003386,2,1,2306250002,공원 막국수
e_e003386,2,2,2306250003,리버 레인
e_e003386,2,3,2306250001,한양 아이클래스
e_e003388,1,1,2306290001,친구 친지 집
e_e003388,1,2,2306290002,베이커리 카페 수선화
e_e003388,1,3,2306290003,설악 막국수 춘천 닭갈비
e_e003388,1,4,2306290004,홈 마트
e_e003388,1,5,2306290005,청평호
e_e003388,1,6,2306290006,풀 빌라 앤 글램핑 랜드
e_e003388,2,1,2306300001,상아 풍천 장어
e_e003388,2,2,2306300002,에델바이스 스위스 테마파크
e_e003388,2,3,2306300003,철산역 7호선
e_e003394,1,1,2306170001,집
e_e003394,1,2,2306170003,아쿠아 플라넷 일산
e_e003394,1,3,2306170004,스타벅스 일산 가로수 길 R 점
e_e003394,1,4,2306170005,롯데 아울렛 고양터미널점
e_e003394,1,5,2306170002,집
e_e003400,1,1,2306300001,집
e_e003400,1,2,2306300002,표 니코니 하우스
e_e003400,1,3,2306300003,주파크
e_e003400,1,4,2306300004,포천아트밸리
e_e003400,1,5,2306300005,하나로마트 포천농협 본점
e_e003400,1,6,2306300007,알맹이 캠핑장
e_e003400,2,1,2307010001,백운계곡 관광지
e_e003400,2,2,2307010002,후기숙 할머니 원조 어묵 식당 의정부 본점
e_e003400,2,3,2307010003,집
e_e003402,1,1,2307040001,집
e_e003402,1,2,2307040002,청주 시외버스터미널
e_e003402,1,3,2307040003,해주 냉면
e_e003402,1,4,2307040004,그라운드시소 서촌
e_e003402,1,5,2307040005,익선동 한옥거리
e_e003402,1,6,2307040006,오얏꽃
e_e003402,1,7,2307040007,인생 맥주 익선점
e_e003402,1,8,2307040008,호텔 라왕
e_e003402,2,1,2307050001,칸다 쇼바 혜화점
e_e003402,2,2,2307050002,서울고속버스터미널(경부)
e_e003402,2,3,2307050003,집
e_e003407,1,1,2306170001,집
e_e003407,1,2,2306170002,마츠리동
e_e003407,1,3,2306170003,수원 화성
e_e003407,1,4,2306170004,행궁 빙수
e_e003407,1,5,2306170005,집
e_e003408,1,1,2306210001,집
e_e003408,1,2,2306210002,광명동굴
e_e003408,1,3,2306210003,고기 살롱 철산점
e_e003408,1,4,2306210004,보드게임카페 레드 버튼 철산점
e_e003408,1,5,2306210005,집
e_e003409,1,1,2306180002,집
e_e003409,1,2,2306180003,오엔엘
e_e003409,1,3,2306180004,그라운드 시 소 성수
e_e003409,1,4,2306180006,섬세 테라리엄
e_e003409,1,5,2306180005,쎈느
e_e003409,1,6,2306180007,서래섬
e_e003409,1,7,2306180008,M 모텔
e_e003409,2,1,2306190002,위글위글 도산 플래그십 스토어
e_e003409,2,2,2306190004,탬버린즈하우스 도산
e_e003409,2,3,2306190003,뉴욕 라츠오베이글스
e_e003409,2,4,2306190001,집
e_e003411,1,1,2306240001,집
e_e003411,1,2,2306240002,GS칼텍스 구봉산 셀프주유소
e_e003411,1,3,2306240003,더 리터 관저 마치 광장점
e_e003411,1,4,2306240005,에버랜드
e_e003411,1,5,2306240004,피자 일로 르노 용인 에버랜드점
e_e003411,1,6,2306240006,에버랜드 상점
e_e003411,1,7,2306240007,에버랜드 아이스크림 가게
e_e003411,1,8,2306240008,에버랜드 슬러시 가게
e_e003411,1,9,2306240009,에버랜드 장난감 가게
e_e003411,1,10,2306240011,이마트 24 용인 전대리점
e_e003411,1,11,2306240010,라마다 용인 호텔
e_e003411,2,1,2306250001,라마다 용인 호텔 로즈메리 레스토랑 2층
e_e003411,2,2,2306250002,라마다 용인 호텔 키즈플레이존 2층
e_e003411,2,3,2306250003,롯데백화점 동탄점
e_e003411,2,4,2306250004,디 아쿠아
e_e003411,2,5,2306250005,롯데백화점 동탄점 동심 서당
e_e003411,2,6,2306250006,양산도 롯데백화점 동탄점
e_e003411,2,7,2306250007,롯데백화점 동탄점 브로스 마카롱 몽글몽글
e_e003411,2,8,2306250008,롯데백화점 동탄점
e_e003411,2,9,2306250009,집
e_e003412,1,1,2306210001,집
e_e003412,1,2,2306210002,감초 식당
e_e003412,1,3,2306210003,스타벅스 경동 196점
e_e003412,1,4,2306210004,청량리 청과물 시장
e_e003412,1,5,2306210005,갈매 중앙공원
e_e003412,1,6,2306210006,집
e_e003413,1,1,2306270001,집
e_e003413,1,2,2306270002,승부 라멘 수서역점
e_e003413,1,3,2306270003,롯데시네마 월드타워
e_e003413,1,4,2306270004,삼성서울병원
e_e003413,1,5,2306270005,심재
e_e003413,1,6,2306270006,집
e_e003415,1,1,2306240001,집
e_e003415,1,2,2306240002,포레스트힐 CC
e_e003415,1,3,2306240003,이름 모를 계곡
e_e003415,1,4,2306240004,청산 명가(청산별미)
e_e003415,1,5,2306240005,집
e_e003416,1,1,2307040001,집
e_e003416,1,2,2307040002,AK플라자 분당
e_e003416,1,3,2307040003,ZARA 강남역점
e_e003416,1,4,2307040004,룩옵티컬 강남역점
e_e003416,1,5,2307040005,일상 비일상의 틈
e_e003416,1,6,2307040006,신세계백화점 강남점
e_e003416,1,7,2307040008,수원역
e_e003416,1,8,2307040007,집
e_e003417,1,1,2306170001,집
e_e003417,1,2,2306170003,하이파킹 교원 성수 물류센터점 주차장
e_e003417,1,3,2306170006,폴라 앳 홈
e_e003417,1,4,2306170004,하노이 12
e_e003417,1,5,2306170005,플로피
e_e003417,1,6,2306170007,29CM SEONGSU
e_e003417,1,7,2306170008,오드 성수 2호점
e_e003417,1,8,2306170009,석촌호수 동호
e_e003417,1,9,2306170010,롯데월드타워 롯데월드몰
e_e003417,1,10,2306170011,인생 맥주 잠실 신천점
e_e003417,1,11,2306170002,호텔식 스티
e_e003417,2,1,2306180001,마라 공방 잠실점
e_e003417,2,2,2306180002,잠실한강공원 잠실 3주차장
e_e003417,2,3,2306180003,잠실종합운동장 실내체육관
e_e003417,2,4,2306180004,용수본감자탕 본점
e_e003417,2,5,2306180005,집
e_e003419,1,1,2306170001,집
e_e003419,1,2,2306170002,그린에너지 주유소
e_e003419,1,3,2306170003,에코의 서재
e_e003419,1,4,2306170004,한국민속촌
e_e003419,1,5,2306170005,한국민속촌 장터
e_e003419,1,6,2306170006,한국민속촌 야외공연장
e_e003419,1,7,2306170007,참치원
e_e003419,1,8,2306170008,포차 연구소
e_e003419,1,9,2306170010,여월 휴먼시아 3단지 아파트 후문
e_e003419,1,10,2306170009,집
e_e003431,1,1,2307010001,집
e_e003431,1,2,2307010002,마산 시외버스터미널
e_e003431,1,3,2307010003,수원 버스터미널
e_e003431,1,4,2307010005,방화수류정
e_e003431,1,5,2307010006,수원 KT위즈 파크
e_e003431,1,6,2307010007,쮸힙
e_e003431,1,7,2307010004,탑클라우드 호텔 수원점
e_e003431,2,1,2307020002,미카사
e_e003431,2,2,2307020003,브로콜리 숲
e_e003431,2,3,2307020004,화성 관광열차 안내소 연무대 매표소
e_e003431,2,4,2307020005,위 해브 투데이
e_e003431,2,5,2307020006,수원 버스터미널
e_e003431,2,6,2307020007,마산 시외버스터미널
e_e003431,2,7,2307020001,집
e_e003433,1,1,2306170001,집
e_e003433,1,2,2306170003,수원 월드컵 경기장 스포츠센터 스킨스쿠버
e_e003433,1,3,2306170004,숯튜디오
e_e003433,1,4,2306170005,수원 화성 화서문
e_e003433,1,5,2306170006,경안당
e_e003433,1,6,2306170007,무니 버스 2호점
e_e003433,1,7,2306170002,집
e_e003434,1,1,2306170001,집
e_e003434,1,2,2306170002,에버랜드
e_e003434,1,3,2306170003,집
e_e003435,1,1,2306170001,집
e_e003435,1,2,2306170003,광명역 파크자이 오피스텔
e_e003435,1,3,2306170004,만기가 셀프 민물장어
e_e003435,1,4,2306170005,마로 치노
e_e003435,1,5,2306170006,코스트코 광명점
e_e003435,1,6,2306170007,광명역 센트럴자이 오피스텔
e_e003435,1,7,2306170008,광명 새빛공원
e_e003435,1,8,2306170002,집
e_e003437,1,1,2306170001,집
e_e003437,1,2,2306170002,국립수목원
e_e003437,1,3,2306170003,광릉
e_e003437,1,4,2306170004,봉선사
e_e003437,1,5,2306170006,양주시립 장욱진미술관
e_e003437,1,6,2306170005,장우 가든
e_e003437,1,7,2306170007,집
e_e003438,1,1,2306180001,집
e_e003438,1,2,2306180002,산성역 8호선
e_e003438,1,3,2306180004,영통역 수인 분당선
e_e003438,1,4,2306180003,메가 MGC 커피 경희대 국제캠퍼스점
e_e003438,1,5,2306180005,파리바게뜨 수원 경희대점
e_e003438,1,6,2306180006,영통 빌딩
e_e003438,1,7,2306180007,맴이 산
e_e003438,1,8,2306180008,롯데몰 수지점
e_e003438,1,9,2306180009,집
e_e003439,1,1,2307070001,사무실
e_e003439,1,2,2307070002,광명역
e_e003439,1,3,2307070003,테이크 호텔
e_e003439,1,4,2307070004,교촌치킨 광명역점
e_e003439,1,5,2307070005,테이크 호텔
e_e003439,2,1,2307080001,AK플라자 광명
e_e003439,2,2,2307080002,이케아 광명점
e_e003439,2,3,2307080003,오송역 E 주차장
e_e003439,2,4,2307080004,주공아파트
e_e003440,1,1,2306170001,집
e_e003440,1,2,2306170002,모박사부대찌개 본점
e_e003440,1,3,2306170003,농협안성팜랜드
e_e003440,1,4,2306170004,무대 베이커리 카페
e_e003440,1,5,2306170005,이마트 안성점
e_e003440,1,6,2306170006,너니 굴 문화마을
e_e003440,2,1,2306180001,쥐꼬리 명당
e_e003440,2,2,2306180002,진천 농다리
e_e003440,2,3,2306180003,뤁스퀘어
e_e003440,2,4,2306180004,진천 막국수
e_e003440,2,5,2306180005,집
e_e003442,1,1,2306210001,집
e_e003442,1,2,2306210002,밥할머니 공원
e_e003442,1,3,2306210003,스타필드 고양
e_e003442,1,4,2306210004,레스트 호텔
e_e003442,2,1,2306220001,테이크 호텔 에이치 가든
e_e003442,2,2,2306220002,구름산 산림욕장
e_e003442,2,3,2306220003,집
e_e003449,1,1,2306170001,집
e_e003449,1,2,2306170002,원조이동 산장 갈비
e_e003449,1,3,2306170003,백운계곡
e_e003449,1,4,2306170004,의정부 제일시장
e_e003449,1,5,2306170005,집
e_e003463,1,1,2307050001,친구 친지 집
e_e003463,1,2,2307050002,두부 마당
e_e003463,1,3,2307050003,레디시 드롭
e_e003463,1,4,2307050004,한국민속촌
e_e003463,1,5,2307050009,한화리조트 용인 베잔송
e_e003463,2,1,2307060001,자연의 바로송 본점
e_e003463,2,2,2307060002,소송 커피
e_e003463,2,3,2307060003,별 꽃물
e_e003463,2,4,2307060004,친구 집
e_e003464,1,1,2306180001,집
e_e003464,1,2,2306180003,화담숲
e_e003464,1,3,2306180004,시래 마루
e_e003464,1,4,2306180005,천진암 성지
e_e003464,1,5,2306180006,이마트 24 광주 퇴촌점
e_e003464,1,6,2306180002,집
e_e003465,1,1,2306170001,집
e_e003465,1,2,2306170002,유스퀘어 광주종합버스터미널
e_e003465,1,3,2306170003,센트럴시티터미널(호남)
e_e003465,1,4,2306170004,일상 정원 센트럴시티점
e_e003465,1,5,2306170005,스타벅스 센트럴시티점
e_e003465,1,6,2306170006,펜할리곤스 롯데백화점 에비뉴엘 월드타워점
e_e003465,1,7,2306170007,그랑 핸드 남산
e_e003465,1,8,2306170008,콤포타블 남산
e_e003465,1,9,2306170009,해방 식당
e_e003465,1,10,2306170010,타임스퀘어
e_e003465,1,11,2306170011,SL 모텔
e_e003465,2,1,2306180001,니뽕내뽕 영등포 타임스퀘어점
e_e003465,2,2,2306180002,버터핑거팬케익스 타임스퀘어점
e_e003465,2,3,2306180003,센트럴시티터미널(호남)
e_e003465,2,4,2306180004,유스퀘어 광주종합버스터미널
e_e003465,2,5,2306180005,집
e_e003467,1,1,2306230001,집
e_e003467,1,2,2306230002,파티마 평화의 성당
e_e003467,1,3,2306230003,임진각 평화 곤돌라
e_e003467,1,4,2306230004,라플란드
e_e003467,1,5,2306230005,일산농협 로컬푸드 직매장 장항점
e_e003467,1,6,2306230006,집
e_e003468,1,1,2306180001,집
e_e003468,1,2,2306180002,포천 우금 저수지
e_e003468,1,3,2306180003,평강 랜드
e_e003468,1,4,2306180004,김군자 할머니 집
e_e003468,1,5,2306180005,집
e_e003469,1,1,2306250001,집
e_e003469,1,2,2306250003,서울랜드
e_e003469,1,3,2306250004,대공원 포도밭
e_e003469,1,4,2306250002,집
e_e003470,1,1,2307010001,사무실
e_e003470,1,2,2307010003,압구정 로데오거리
e_e003470,1,3,2307010004,더 타코 부스
e_e003470,1,4,2307010005,위글위글 도산 플래그십스토어
e_e003470,1,5,2307010006,우리 집
e_e003470,1,6,2307010007,도깨비 포차
e_e003470,1,7,2307010008,논현동 임대주택
e_e003470,2,1,2307020001,잠원한강공원
e_e003470,2,2,2307020002,외엔 수상 레저
e_e003470,2,3,2307020003,센트럴시티터미널(호남)
e_e003470,2,4,2307020004,장한 수제만두 찐빵
e_e003471,1,1,2306170001,집
e_e003471,1,2,2306170002,가산 센트럴 푸르지오 시티 오피스텔
e_e003471,1,3,2306170003,개인 공간 별내점
e_e003471,1,4,2306170004,청평 돌 짜장
e_e003471,1,5,2306170005,버드 마리나
e_e003471,1,6,2306170006,청평 5일 시장
e_e003471,1,7,2306170007,가평군 농협 하나로마트 청평점
e_e003471,1,8,2306170009,취옹 예술관
e_e003471,2,1,2306180001,향토 마당
e_e003471,2,2,2306180002,파스쿠찌 유명산 DI 점
e_e003471,2,3,2306180003,가산 센트럴 푸르지오 시티 오피스텔
e_e003471,2,4,2306180004,집
e_e003472,1,1,2307010001,집
e_e003472,1,2,2307010002,롯데시네마 시화
e_e003472,1,3,2307010003,시흥 프리미엄 아울렛
e_e003472,1,4,2307010004,스타벅스 시흥 프리미엄 아울렛 1층점
e_e003472,1,5,2307010005,라마다 인천 호텔
e_e003472,1,6,2307010006,소래포구
e_e003472,1,7,2307010007,소래포구 종합어시장
e_e003472,1,8,2307010008,해오름 호수 공원
e_e003472,1,9,2307010009,라마다 인천 호텔
e_e003472,2,1,2307020001,손 군부대찌개 본점
e_e003472,2,2,2307020002,웅진플레이도시 워터파크 온천스파
e_e003472,2,3,2307020003,집
e_e003475,1,1,2306180001,집
e_e003475,1,2,2306180002,광명동굴
e_e003475,1,3,2306180003,테이크 호텔
e_e003475,1,4,2306180005,돼지집 본관
e_e003475,1,5,2306180004,테이크 호텔
e_e003475,2,1,2306190001,이케아 광명점
e_e003475,2,2,2306190002,테이크 호텔
e_e003475,2,3,2306190004,최미삼순대국 오산점
e_e003475,2,4,2306190003,집
e_e003477,1,1,2306240001,집
e_e003477,1,2,2306240002,IFC 몰
e_e003477,1,3,2306240003,63스퀘어
e_e003477,1,4,2306240004,더 현대 서울
e_e003477,1,5,2306240005,집
e_e003482,1,1,2307020001,집
e_e003482,1,2,2307020002,부천국제판타스틱영화제
e_e003482,1,3,2307020003,내리 문화공원
e_e003482,1,4,2307020005,만호 LPG 충전소
e_e003482,1,5,2307020004,정가 네 뒷고기
e_e003482,1,6,2307020006,평택 BIX 경기 행복주택 아파트
e_e003482,2,1,2307030001,몬테 비앙코
e_e003482,2,2,2307030002,메인스트리트
e_e003482,2,3,2307030003,고기리계곡
e_e003482,2,4,2307030004,코울러
e_e003482,2,5,2307030005,집
e_e003483,1,1,2306230001,집
e_e003483,1,2,2306230006,교보문고 합정점
e_e003483,1,3,2306230003,망원시장
e_e003483,1,4,2306230004,훈훈 호떡
e_e003483,1,5,2306230005,망원 수제 크로켓 망원점
e_e003483,1,6,2306230007,키치 키티
e_e003483,1,7,2306230008,수나 코 2호점
e_e003483,1,8,2306230009,더블유더블유더블유 스페이스
e_e003483,1,9,2306230010,어글리 베이커리
e_e003483,1,10,2306230011,망원역 6호선
e_e003483,1,11,2306230002,집
e_e003485,1,1,2306180001,집
e_e003485,1,2,2306180002,국립과천과학관
e_e003485,1,3,2306180003,집
e_e003486,1,1,2306250005,집
e_e003486,1,2,2306250001,팜브리지
e_e003486,1,3,2306250002,이마트 포천점
e_e003486,1,4,2306250003,노블 글램핑
e_e003486,1,5,2306250004,보건복지행정타운
e_e003495,1,1,2307020001,집
e_e003495,1,2,2307020002,면포 도궁 팔당 본점
e_e003495,1,3,2307020004,팔당역 경의 중앙선
e_e003495,1,4,2307020003,집
e_e003497,1,1,2306180001,집
e_e003497,1,2,2306180002,자이언트 제트
e_e003497,1,3,2306180003,안산 외국인 거리
e_e003497,1,4,2306180004,집
e_e003502,1,1,2306180001,집
e_e003502,1,2,2306180002,미술관 69
e_e003502,1,3,2306180003,청평 돌 짜장
e_e003502,1,4,2306180004,카페 19
e_e003502,1,5,2306180005,일곱 난쟁이
e_e003502,1,6,2306180006,녹수계곡
e_e003502,1,7,2306180007,드림 닭갈비
e_e003502,1,8,2306180008,일곱 난쟁이
e_e003502,2,1,2306190001,원조 장작불 곰탕
e_e003502,2,2,2306190002,집
e_e003503,1,1,2306240001,숙소
e_e003503,1,2,2306240002,아침고요 수목원
e_e003503,1,3,2306240003,송원
e_e003503,1,4,2306240004,가평 플레이 38스파펜션
e_e003503,1,5,2306240005,감동 피자 가평 본점
e_e003503,1,6,2306240006,가평 플레이 38스파펜션
e_e003503,1,7,2306240007,화악 터널 쌈지공원
e_e003503,1,8,2306240008,가평 플레이 38스파펜션
e_e003503,2,1,2306250001,프롬 밀크
e_e003503,2,2,2306250002,가평 뮤직 빌리지 음악 역 1939
e_e003503,2,3,2306250003,라온 숨
e_e003503,2,4,2306250004,집
e_e003506,1,1,2307010001,친구 친지 집
e_e003506,1,2,2307010002,한미 손칼국수
e_e003506,1,3,2307010003,라마다플라자 수원 호텔
e_e003506,1,4,2307010004,스타벅스 동수원 DT점
e_e003506,1,5,2307010005,수원 KT위즈 파크
e_e003506,1,6,2307010006,라마다플라자 수원 호텔
e_e003506,1,7,2307010007,한신포차 수원역점
e_e003506,1,8,2307010008,라마다플라자 수원 호텔
e_e003506,2,1,2307020001,솔뮤직 코인 노래연습장
e_e003506,2,2,2307020002,맥도날드 수원 인계 DT점
e_e003506,2,3,2307020003,라마다플라자 수원 호텔
e_e003506,2,4,2307020004,스타벅스 동수원 DT점
e_e003506,2,5,2307020005,수원 KT위즈 파크
e_e003506,2,6,2307020006,덕평자연휴게소 인천방향 푸드코트
e_e003506,2,7,2307020007,집
e_e003511,1,1,2306220001,집
e_e003511,1,2,2306220002,모란미술관
e_e003511,1,3,2306220003,들꽃 밥상
e_e003511,1,4,2306220004,웨이브 서플
e_e003511,1,5,2306220005,북한강 막국수 닭갈비
e_e003511,1,6,2306220007,호텔 에이
e_e003511,2,1,2306230001,능내역 (폐역)
e_e003511,2,2,2306230002,추억의 역전 집
e_e003511,2,3,2306230003,정약용 유적지 생가
e_e003511,2,4,2306230004,언덕 카페
e_e003511,2,5,2306230005,집
e_e003513,1,1,2306210001,집
e_e003513,1,2,2306210002,둘레길 숯불닭갈비
e_e003513,1,3,2306210009,가평역 경춘선
e_e003513,1,4,2306210003,멜로우 스폿
e_e003513,1,5,2306210004,가평 조은 마트
e_e003513,1,6,2306210005,다이소 가평점
e_e003513,1,7,2306210007,가평천
e_e003513,1,8,2306210006,에벤에셀 펜션
e_e003513,1,9,2306210008,에벤에셀 펜션
e_e003513,2,1,2306220002,가평역 경춘선
e_e003513,2,2,2306220001,집
e_e003514,1,1,2306290001,사무실
e_e003514,1,2,2306290002,그랜드 하얏트 서울
e_e003514,1,3,2306290003,엉터리 통닭
e_e003514,1,4,2306290004,이태원역 6호선
e_e003514,1,5,2306290005,그랜드 하얏트 서울
e_e003514,2,1,2306300001,한남 베르크
e_e003514,2,2,2306300002,그랜드 하얏트 서울
e_e003514,2,3,2306300003,센트로 61오피스텔
e_e003515,1,1,2307010001,집
e_e003515,1,2,2307010003,동생 집
e_e003515,1,3,2307010004,로스팅 박스
e_e003515,1,4,2307010005,금성리
e_e003515,1,5,2307010006,커피로드
e_e003515,1,6,2307010002,동생 집
e_e003515,2,1,2307020001,모드닉
e_e003515,2,2,2307020002,집
e_e003518,1,1,2306220001,집
e_e003518,1,2,2306220002,수원역
e_e003518,1,3,2306220003,에버랜드
e_e003518,1,4,2306220004,에버랜드 판다 월드
e_e003518,1,5,2306220008,골든 튤립에버 용인 호텔
e_e003518,2,1,2306230001,수원역
e_e003518,2,2,2306230002,집
e_e003520,1,1,2306240001,집
e_e003520,1,2,2306240003,스타벅스 광교 SK 뷰 레이크 41F 점
e_e003520,1,3,2306240004,아트스페이스 광교
e_e003520,1,4,2306240005,가보정 1관
e_e003520,1,5,2306240006,친지 집
e_e003520,1,6,2306240007,초막골 생태공원
e_e003520,1,7,2306240002,친지 집
e_e003520,2,1,2306250002,홍익 돈가스 봉담점
e_e003520,2,2,2306250001,화성시 어린이 문화센터
e_e003520,2,3,2306250003,집
e_e003521,1,1,2307010001,집
e_e003521,1,2,2307010002,파주 프리미엄 아울렛
e_e003521,1,3,2307010003,스피드파크
e_e003521,1,4,2307010004,임진각 평화누리
e_e003521,1,5,2307010005,온 더 레일
e_e003521,1,6,2307010006,집
e_e003527,1,1,2306220001,사무실
e_e003527,1,2,2306220003,곤지암 웅골
e_e003527,1,3,2306220004,화담숲
e_e003527,1,4,2306220002,인천 SK 스카이뷰 아파트
e_e003530,1,1,2306180001,집
e_e003530,1,2,2306180003,키즈 66
e_e003530,1,3,2306180005,긴자 료코 향동점
e_e003530,1,4,2306180006,스타필드 고양
e_e003530,1,5,2306180002,집
e_e003535,1,1,2306180001,친구 친지 집
e_e003535,1,2,2306180002,마르틴 베이커리 아이파크몰점
e_e003535,1,3,2306180003,아이파크몰 용산점
e_e003535,1,4,2306180004,몽탄
e_e003535,1,5,2306180005,용리단길
e_e003535,1,6,2306180006,비치나 움
e_e003537,1,1,2307090001,집
e_e003537,1,2,2307090004,화성 태안농협 하나로마트 능동점
e_e003537,1,3,2307090005,좋은 버섯들
e_e003537,1,4,2307090006,좋은 버섯들
e_e003537,1,5,2307090007,좋은 버섯들
e_e003537,1,6,2307090008,좋은 버섯들
e_e003537,1,7,2307090009,스마일 팡팡 키즈카페
e_e003537,1,8,2307090002,집
e_e003540,1,1,2306240001,집
e_e003540,1,2,2306240002,박정희 대통령 기념 도서관
e_e003540,1,3,2306240003,어깨동무 스타리움
e_e003540,1,4,2306240004,크리스피 프레시 상암 MBC 점
e_e003540,1,5,2306240005,홈플러스 월드컵점
e_e003540,1,6,2306240006,집
e_e003543,1,1,2306250001,집
e_e003543,1,2,2306250002,알라딘 중고서점 종로점
e_e003543,1,3,2306250003,뮤지엄 김치 간
e_e003543,1,4,2306250004,화원
e_e003543,1,5,2306250005,인사동 문화의 거리
e_e003543,1,6,2306250006,담장 옆에 국화꽃 안녕 인사동점
e_e003543,1,7,2306250007,열린 송현 녹지 광장
e_e003543,1,8,2306250008,서울공예 박물관 어린이 박물관
e_e003543,1,9,2306250009,집
e_e003544,1,1,2306240001,집
e_e003544,1,2,2306240002,서울 선릉과 정릉
e_e003544,1,3,2306240003,대한불교조계종 봉은사
e_e003544,1,4,2306240004,현대백화점 무역센터점
e_e003544,1,5,2306240005,칠 프로 칠백 식당 석촌 직영점
e_e003544,1,6,2306240006,세라젬 웹 카페 서울 잠실직영점
e_e003544,1,7,2306240007,잠실역 지하상가
e_e003544,1,8,2306240008,할리스 선릉 샹젤리제점
e_e003544,1,9,2306240009,강남곱
e_e003544,1,10,2306240010,집
e_e003547,1,1,2306240001,집
e_e003547,1,2,2306240005,철산역 7호선
e_e003547,1,3,2306240006,어린이대공원역 7호선
e_e003547,1,4,2306240003,서울어린이대공원 동물원
e_e003547,1,5,2306240004,롯데백화점 건대 스타시티점
e_e003547,1,6,2306240007,건대입구역 7호선
e_e003547,1,7,2306240008,하계역 7호선
e_e003547,1,8,2306240002,사슴 3단지 아파트
e_e003547,2,1,2306250001,월계역 1호선
e_e003547,2,2,2306250002,동대문역사문화공원역 4호선
e_e003547,2,3,2306250003,동대문디자인플라자
e_e003547,2,4,2306250004,쉐이크쉑 두타점
e_e003547,2,5,2306250005,청계천
e_e003547,2,6,2306250006,동대문역 1호선
e_e003547,2,7,2306250007,철산역 7호선
e_e003547,2,8,2306250008,집
e_e003549,1,1,2306180001,집
e_e003549,1,2,2306180003,수원종합운동장 보조구장
e_e003549,1,3,2306180004,수원 통닭거리 중(남문 통닭)
e_e003549,1,4,2306180005,동남각루 동삼치  동이포루
e_e003549,1,5,2306180002,집
e_e003551,1,1,2306240001,집
e_e003551,1,2,2306240002,가락시장역 3호선
e_e003551,1,3,2306240003,카페 c.c.c
e_e003551,1,4,2306240004,드라마 [낭만 닥터 김 사부] 촬영지
e_e003551,1,5,2306240005,산정호수
e_e003551,1,6,2306240006,이미향
e_e003551,1,7,2306240007,포천농협 하나로마트
e_e003551,1,8,2306240008,포천 아름드리 스파 펜션
e_e003551,2,1,2306250001,로맨틱 가든 219
e_e003551,2,2,2306250002,포천아트밸리
e_e003551,2,3,2306250005,천준호
e_e003551,2,4,2306250003,스테이 92
e_e003551,2,5,2306250004,집
e_e003555,1,1,2306240001,집
e_e003555,1,2,2306240002,고기리 막국수
e_e003555,1,3,2306240004,피아나
e_e003555,1,4,2306240005,코스트코 하남점
e_e003555,1,5,2306240003,집
e_e003561,1,1,2306260001,집
e_e003561,1,2,2306260002,광교중앙역 신분당선
e_e003561,1,3,2306260003,논현역 7호선
e_e003561,1,4,2306260004,가평역 경춘선
e_e003561,1,5,2306260005,가평군 농협 하나로마트 본점
e_e003561,1,6,2306260006,레드 펜션 본관
e_e003561,2,1,2306270001,가평역 경춘선
e_e003561,2,2,2306270002,가평 레일파크
e_e003561,2,3,2306270003,초원 닭갈비 막국수
e_e003561,2,4,2306270004,가평역 경춘선
e_e003561,2,5,2306270005,논현역 7호선
e_e003561,2,6,2306270006,광교중앙역 신분당선
e_e003561,2,7,2306270007,집
e_e003564,1,1,2306240001,집
e_e003564,1,2,2306240003,13월의 태양
e_e003564,1,3,2306240004,국립과천과학관
e_e003564,1,4,2306240005,미래숲 과천점
e_e003564,1,5,2306240002,집
e_e003569,1,1,2307010001,집
e_e003569,1,2,2307010002,영녕릉 세종대왕유적지구 세종대왕릉
e_e003569,1,3,2307010003,불타는 숯불닭갈비
e_e003569,1,4,2307010004,주록계곡
e_e003569,1,5,2307010005,시몬스 테라스점
e_e003569,1,6,2307010006,레이크힐 반도유보라 아이비 파크 1.2아파트
e_e003569,2,1,2307020001,국립 농업박물관
e_e003569,2,2,2307020002,우리동네스시신조
e_e003569,2,3,2307020003,롯데마트 천천점
e_e003569,2,4,2307020005,레이크 꼬모 동탄
e_e003569,2,5,2307020004,동탄 호수 공원
e_e003569,2,6,2307020006,집
e_e003570,1,1,2306220001,집
e_e003570,1,2,2306220002,광주송정역
e_e003570,1,3,2306220003,백채김치찌개 수서역점
e_e003570,1,4,2306220004,MAKE SORI
e_e003570,1,5,2306220005,강가 네 떡볶이
e_e003570,1,6,2306220006,광장시장
e_e003570,1,7,2306220007,스타벅스 을지로 4가역점
e_e003570,1,8,2306220008,호텔 U5
e_e003570,2,1,2306230001,은주정
e_e003570,2,2,2306230002,커피빈 종로 관철동점
e_e003570,2,3,2306230003,교보문고 광화문점
e_e003570,2,4,2306230004,고다이바 광화문점
e_e003570,2,5,2306230005,광주송정역
e_e003570,2,6,2306230006,집
e_e003572,1,1,2306210001,집
e_e003572,1,2,2306210002,유스퀘어 광주종합버스터미널
e_e003572,1,3,2306210003,센트럴시티터미널(호남)
e_e003572,1,4,2306210004,광장시장
e_e003572,1,5,2306210005,푸시 커피 을지
e_e003572,1,6,2306210006,호텔 스카이파크 킹스타운 동대문점
e_e003572,1,7,2306210007,야키토리 나루토
e_e003572,1,8,2306210008,마포 새빛 문화숲
e_e003572,1,9,2306210009,호텔 스카이파크 킹스타운 동대문점
e_e003572,2,1,2306220001,레인보 포차
e_e003572,2,2,2306220002,사담
e_e003572,2,3,2306220004,센트럴시티터미널(호남)
e_e003572,2,4,2306220005,집
e_e003574,1,1,2306230001,집
e_e003574,1,2,2306230003,홍대 패션거리
e_e003574,1,3,2306230004,섬마을 초밥
e_e003574,1,4,2306230005,보물찾기 홍대점
e_e003574,1,5,2306230006,공차 홍대 서교점
e_e003574,1,6,2306230007,도어 이스케이프 홍대점
e_e003574,1,7,2306230008,KTG 상상마당 홍대
e_e003574,1,8,2306230002,집
e_e003576,1,1,2307050002,집
e_e003576,1,2,2307050003,농축산물도 소매 1등 마트
e_e003576,1,3,2307050009,구리역 경의중앙선
e_e003576,1,4,2307050004,가평역 경춘선
e_e003576,1,5,2307050005,초원 닭갈비 막국수
e_e003576,1,6,2307050006,가평군 농협 하나로마트 자라 점
e_e003576,1,7,2307050007,비 클래시 북한강점
e_e003576,1,8,2307050008,남이섬
e_e003576,1,9,2307050001,비 클래시 북한강점
e_e003576,2,1,2307060001,코미 호미 카페
e_e003576,2,2,2307060002,집
e_e003580,1,1,2306200001,친구 친지 집
e_e003580,1,2,2306200003,글램 313
e_e003580,1,3,2306200004,글램 313(카페)
e_e003580,1,4,2306200002,동작역 9호선
e_e003582,1,1,2306240001,집
e_e003582,1,2,2306240002,롯데 프리미엄 아울렛 타임 빌라스 주차장
e_e003582,1,3,2306240003,타임 빌라스 테이 스티그 라운드
e_e003582,1,4,2306240005,의왕 타임 빌라스 1층
e_e003582,1,5,2306240006,타임 빌라스 잔디광장
e_e003582,1,6,2306240004,의왕 타임 빌라스 잔디광장 놀이터
e_e003582,1,7,2306240007,롯데 프리미엄 아울렛 타임 빌라스 주차장
e_e003582,1,8,2306240008,롯데마트 판교점
e_e003582,1,9,2306240009,집
e_e003589,1,1,2307020001,친구 친지 집
e_e003589,1,2,2307020003,토마토김밥 부천 시청역점
e_e003589,1,3,2307020002,롯데마트 마석점
e_e003589,1,4,2307020004,가평군 농협 하나로마트 본점
e_e003589,1,5,2307020005,용추계곡
e_e003589,1,6,2307020006,가평 용추계곡 별천지 펜션
e_e003589,2,1,2307030001,더 진국 가평점
e_e003589,2,2,2307030002,마그빈 제빵소 가평 1호점
e_e003589,2,3,2307030003,포도마을 삼보 영남아파트
e_e003591,1,1,2306240001,집
e_e003591,1,2,2306240002,콘 타이
e_e003591,1,3,2306240004,더 현대 서울
e_e003591,1,4,2306240003,콘래드 서울
e_e003591,2,1,2306250002,여의도 한강공원
e_e003591,2,2,2306250003,월드컵 경기장 역 6호선
e_e003591,2,3,2306250004,샤브향 구로점
e_e003591,2,4,2306250001,집
e_e003592,1,1,2306250001,집
e_e003592,1,2,2306250002,하우스 베이커리
e_e003592,1,3,2306250003,의룡계곡
e_e003592,1,4,2306250004,하늘바라기 글램핑
e_e003592,1,5,2306250005,할머니 청국장
e_e003592,1,6,2306250006,하늘바라기 글램핑
e_e003592,2,1,2306260001,에버랜드
e_e003592,2,2,2306260002,집
e_e003593,1,1,2307010001,집
e_e003593,1,2,2307010002,광장시장
e_e003593,1,3,2307010003,어니언 4호점
e_e003593,1,4,2307010004,한복남 경복궁점
e_e003593,1,5,2307010005,경복궁
e_e003593,1,6,2307010006,국립현대미술관 서울관
e_e003593,1,7,2307010007,인사동 문화의 거리
e_e003593,1,8,2307010008,도채비도 반한 찻집
e_e003593,1,9,2307010009,집
e_e003596,1,1,2306200001,집
e_e003596,1,2,2306200003,초이 다이닝 수원 행궁점
e_e003596,1,3,2306200004,화성행궁
e_e003596,1,4,2306200005,킵댓 본점
e_e003596,1,5,2306200007,방화수류정
e_e003596,1,6,2306200008,카몬 행궁 본점
e_e003596,1,7,2306200006,장안문
e_e003596,1,8,2306200002,난곡동 주민센터
e_e003601,1,1,2307010001,집
e_e003601,1,2,2307010003,서화성 농협 하나로마트 비봉점
e_e003601,1,3,2307010004,마실 휴양 농원
e_e003601,1,4,2307010005,비봉 손칼국수
e_e003601,1,5,2307010002,광명역 트리플 타워 오피스텔
e_e003601,2,1,2307020001,등촌 샤브칼국수 광명역점
e_e003601,2,2,2307020002,집
e_e003602,1,1,2306230001,집
e_e003602,1,2,2306230002,통일동산 두부마을
e_e003602,1,3,2306230003,흑사탕
e_e003602,1,4,2306230004,엘리펀트 플라잉
e_e003602,1,5,2306230005,헤이리 예술마을
e_e003602,1,6,2306230006,국립민속박물관 파주
e_e003602,1,7,2306230007,파주 프리미엄 아울렛
e_e003602,1,8,2306230008,집
e_e003603,1,1,2307080001,집
e_e003603,1,2,2307080002,서울식당
e_e003603,1,3,2307080003,산정호수 둘레길
e_e003603,1,4,2307080004,한화리조트 산정호수 안시
e_e003603,1,5,2307080005,산정 에코 물놀이 장
e_e003603,1,6,2307080007,한화리조트 산정호수 안시
e_e003603,2,1,2307090002,한화리조트 산정호수 안시
e_e003603,2,2,2307090003,산정호수 하동 주차장
e_e003603,2,3,2307090001,도봉산역 광역환승센터
e_e003609,1,1,2307010001,집
e_e003609,1,2,2307010003,잠실종합운동장 올림픽 주경기장
e_e003609,1,3,2307010004,입문식 가정집
e_e003609,1,4,2307010005,벌스데이
e_e003609,1,5,2307010006,잠실종합운동장 올림픽 주경기장
e_e003609,1,6,2307010002,집
e_e003611,1,1,2306250001,집
e_e003611,1,2,2306250003,아이파크몰 용산점
e_e003611,1,3,2306250004,올림픽공원
e_e003611,1,4,2306250005,올림픽공원 88잔디마당
e_e003611,1,5,2306250002,친구 집
e_e003611,2,1,2306260001,집
e_e003614,1,1,2306240001,친구 친지 집
e_e003614,1,2,2306240002,인생 한우
e_e003614,1,3,2306240003,노원문화의 거리
e_e003614,1,4,2306240005,불암산 나비정원
e_e003614,1,5,2306240004,스타벅스 상계 초 교 사거리점
e_e003614,1,6,2306240006,상계주공 5단지 아파트
e_e003614,2,1,2306250001,방학동 도깨비시장
e_e003614,2,2,2306250002,도봉산
e_e003614,2,3,2306250003,하나로마트 창동점
e_e003614,2,4,2306250004,수원 시청
e_e003615,1,1,2306240001,집
e_e003615,1,2,2306240002,어로장
e_e003615,1,3,2306240003,코엑스 A 홀
e_e003615,1,4,2306240004,도쿄 등 심 선릉점
e_e003615,1,5,2306240005,집
e_e003617,1,1,2306240001,집
e_e003617,1,2,2306240003,심학산 도토리 국수 본점
e_e003617,1,3,2306240004,심학산
e_e003617,1,4,2306240005,더티 트렁크
e_e003617,1,5,2306240006,활판인쇄 박물관
e_e003617,1,6,2306240007,롯데 프리미엄 아울렛 파주점
e_e003617,1,7,2306240008,심학산 뜨락
e_e003617,1,8,2306240002,라이브러리 스테이 지지향
e_e003617,2,1,2306250002,엔조이 터키
e_e003617,2,2,2306250005,파주 프리미엄 아울렛
e_e003617,2,3,2306250003,헤이리 예술마을
e_e003617,2,4,2306250004,국립민속박물관 파주
e_e003617,2,5,2306250001,집
e_e003618,1,1,2306240001,집
e_e003618,1,2,2306240002,디츠겐
e_e003618,1,3,2306240003,미추홀공원
e_e003618,1,4,2306240004,송도 누리공원
e_e003618,1,5,2306240005,역전 할머니 맥주 송도 트리플 스트리트점
e_e003618,1,6,2306240006,메가박스 송도
e_e003618,1,7,2306240007,송도교 집
e_e003618,1,8,2306240008,다이어 메이커
e_e003618,1,9,2306240009,인천 연수 풍림 3차 아파트
e_e003618,2,1,2306250001,집
e_e003620,1,1,2307010001,집
e_e003620,1,2,2307010002,이마트 24 구로디지털단지역점
e_e003620,1,3,2307010003,스타벅스 사당점
e_e003620,1,4,2307010004,국립현대미술관 과천관
e_e003620,1,5,2307010005,카페 언트
e_e003620,1,6,2307010006,친지 집
e_e003620,1,7,2307010007,정준수 명품 청기와 감자탕 낙성대점
e_e003620,1,8,2307010008,집
e_e003623,1,1,2306240001,친구 친지 집
e_e003623,1,2,2306240003,필 하우스
e_e003623,1,3,2306240002,잇고우
e_e003623,1,4,2306240004,컴포즈커피 평택 안중 터미널점
e_e003623,1,5,2306240006,카페 라이벌스
e_e003623,1,6,2306240005,내리 문화공원
e_e003623,1,7,2306240007,빵 한가득
e_e003623,1,8,2306240009,호텔들 살롱
e_e003623,1,9,2306240010,호텔들 살롱
e_e003623,2,1,2306250001,서울 면옥
e_e003623,2,2,2306250002,AK플라자 평택
e_e003623,2,3,2306250003,모 어프
e_e003623,2,4,2306250004,오디너리
e_e003623,2,5,2306250005,참치 일 번가 중화산 본점
e_e003627,1,1,2306240001,집
e_e003627,1,2,2306240003,현대 프리미엄 아울렛 김포점
e_e003627,1,3,2306240002,집
e_e003628,1,1,2307010001,집
e_e003628,1,2,2307010003,해밀 버거 레시피
e_e003628,1,3,2307010004,갈대 프리마켓
e_e003628,1,4,2307010005,파주 신세계 프리미엄 아울렛 미니멜츠 아이스크림
e_e003628,1,5,2307010006,파주 신세계 프리미엄 아울렛 엄브로
e_e003628,1,6,2307010007,카페 카밍
e_e003628,1,7,2307010008,아시아출판문화 정보 센터 지혜의 숲 1관
e_e003628,1,8,2307010009,파주 돌 짜장
e_e003628,1,9,2307010002,집
e_e003630,1,1,2307030001,집
e_e003630,1,2,2307030002,할리스 강남역점
e_e003630,1,3,2307030003,파이브 가이즈 강남
e_e003630,1,4,2307030004,강남  삼성
e_e003630,1,5,2307030005,코엑스
e_e003630,1,6,2307030006,KFC 코엑스몰점
e_e003630,1,7,2307030007,투썸플레이스 송파나루역점
e_e003630,1,8,2307030008,알라고 석촌호수점
e_e003630,1,9,2307030009,구스따레일 젤라또
e_e003630,1,10,2307030011,석촌호수 산책길
e_e003630,1,11,2307030010,집
e_e003632,1,1,2306240001,숙소
e_e003632,1,2,2306240003,롯데월드
e_e003632,1,3,2306240004,백운호수
e_e003632,1,4,2306240002,오라 호텔
e_e003632,2,1,2306250001,소신이쏘
e_e003632,2,2,2306250002,충효마을 아파트
e_e003638,1,1,2307080001,집
e_e003638,1,2,2307080002,지구촌교회 분당 채플
e_e003638,1,3,2307080003,굿윌스토어 밀알 성남단대 오거리점
e_e003638,1,4,2307080004,삼진 볼링 타운
e_e003638,1,5,2307080005,자작나무 갈비 분당 구미점
e_e003638,1,6,2307080006,집
e_e003640,1,1,2306240001,집
e_e003640,1,2,2306240002,동대구역
e_e003640,1,3,2306240003,수서역
e_e003640,1,4,2306240004,교복 몰 잠실점
e_e003640,1,5,2306240005,CU 잠실 갤러리아점
e_e003640,1,6,2306240006,롯데월드
e_e003640,1,7,2306240008,헤라 모텔
e_e003640,2,1,2306250001,우육 면관 청계천점
e_e003640,2,2,2306250002,종로 서적 종로본점
e_e003640,2,3,2306250003,인사 센트럴 뮤지엄
e_e003640,2,4,2306250004,경복궁
e_e003640,2,5,2306250005,더 현대 서울
e_e003640,2,6,2306250006,롯데백화점 영등포점
e_e003640,2,7,2306250007,영등포역
e_e003640,2,8,2306250008,동대구역
e_e003640,2,9,2306250009,집
e_e003643,1,1,2306240001,친구 친지 집
e_e003643,1,2,2306240003,청주 여객터미널 북부정류장
e_e003643,1,3,2306240004,센트럴시티터미널(호남)
e_e003643,1,4,2306240005,영풍문고 강남역점
e_e003643,1,5,2306240006,무인양품 강남점
e_e003643,1,6,2306240007,일상 비일상의 틈
e_e003643,1,7,2306240008,스타벅스 강남 오거리점
e_e003643,1,8,2306240009,가톨릭대학교 성심교정
e_e003643,1,9,2306240010,렌털 스튜디오 제이유
e_e003643,1,10,2306240002,가톨릭대학교 성심교정
e_e003643,2,1,2306250002,신동 랩 역곡점
e_e003643,2,2,2306250003,파리 크루아상 예술의 전당점
e_e003643,2,3,2306250004,예술의전당 한가람미술관 제7전시실
e_e003643,2,4,2306250005,이마트 24 서울남부터미널점
e_e003643,2,5,2306250001,두진백로 그린타운 아파트
e_e003644,1,1,2307060001,집
e_e003644,1,2,2307060002,미다스 호텔 리조트 로비
e_e003644,1,3,2307060003,디오니소스 레스토랑
e_e003644,1,4,2307060004,미다스 호텔 리조트 룸
e_e003644,1,5,2307060005,숲속 연못(물놀이 연못)
e_e003644,1,6,2307060006,트니트니어드벤처
e_e003644,1,7,2307060007,숲속 연못(물놀이 연못)
e_e003644,1,8,2307060008,디오니소스 레스토랑
e_e003644,1,9,2307060009,미다스 호텔 리조트
e_e003644,2,1,2307070001,디오니소스 레스토랑
e_e003644,2,2,2307070002,숲속 연못(물놀이 연못)
e_e003644,2,3,2307070003,미다스리조트 키즈 잼
e_e003644,2,4,2307070004,미다스 호텔 리조트 트리 톤스
e_e003644,2,5,2307070005,호텔 근처 북한강변 산책길
e_e003644,2,6,2307070006,집
e_e003645,1,1,2307080001,집
e_e003645,1,2,2307080003,일월 수목원
e_e003645,1,3,2307080004,미카사
e_e003645,1,4,2307080007,수원 화성
e_e003645,1,5,2307080005,행리단길
e_e003645,1,6,2307080006,아늑감
e_e003645,1,7,2307080008,성동마을 엘지 빌리지 1차 아파트
e_e003645,1,8,2307080009,롯데몰 수지점
e_e003645,1,9,2307080010,롯데시네마 수지
e_e003645,1,10,2307080002,성동마을 엘지 빌리지 1차 아파트
e_e003645,2,1,2307090002,플레어비 광교점
e_e003645,2,2,2307090003,롯데 아울렛 광교점
e_e003645,2,3,2307090004,갤러리아백화점 광교점
e_e003645,2,4,2307090005,광교호수공원
e_e003645,2,5,2307090001,집
e_e003646,1,1,2306230001,집
e_e003646,1,2,2306230003,에버랜드
e_e003646,1,3,2306230002,집
e_e003648,1,1,2306220001,집
e_e003648,1,2,2306220002,오가다 일산 국립암센터점
e_e003648,1,3,2306220003,퍼부어 가든(일산점)
e_e003648,1,4,2306220004,현대모터 스튜디오 고양
e_e003648,1,5,2306220005,일산역전시관
e_e003648,1,6,2306220006,오토 김밥 일산점
e_e003648,1,7,2306220007,집
e_e003651,1,1,2306240001,친구 친지 집
e_e003651,1,2,2306240002,더 드림핀 글램핑
e_e003651,1,3,2306240003,롯데마트 마석점
e_e003651,1,4,2306240004,더 드림핀 글램핑
e_e003651,2,1,2306250001,물의 정원
e_e003651,2,2,2306250002,북한강 돌 짜장
e_e003651,2,3,2306250003,레뷰
e_e003651,2,4,2306250004,집
e_e003657,1,1,2307010001,집
e_e003657,1,2,2307010002,장승박이 부동산 한화 공인중개사 사무소
e_e003657,1,3,2307010003,계양산
e_e003657,1,4,2307010004,계양 하늘채 파크 포레 아파트
e_e003657,1,5,2307010005,박촌 갈비
e_e003657,1,6,2307010006,계양 하늘채 파크 포레 아파트
e_e003657,2,1,2307020002,텐 퍼센트 커피 인천 박촌동점
e_e003657,2,2,2307020003,박촌 어린이 공원
e_e003657,2,3,2307020004,계양 하늘채 파크 포레 아파트
e_e003657,2,4,2307020001,집
e_e003662,1,1,2307010001,집
e_e003662,1,2,2307010002,정부세종청사 정류장
e_e003662,1,3,2307010003,미쁘동
e_e003662,1,4,2307010004,파롤인 랑그 연남 본점
e_e003662,1,5,2307010005,롯데월드타워 롯데월드몰
e_e003662,1,6,2307010006,루엘 드 파리
e_e003662,1,7,2307010007,서울남부터미널
e_e003662,1,8,2307010008,집
e_e003663,1,1,2307010001,집
e_e003663,1,2,2307010003,쉐라톤 그랜드 인천 호텔
e_e003663,1,3,2307010004,현대 프리미엄 아울렛 송도점
e_e003663,1,4,2307010005,쉐라톤 그랜드 인천 호텔
e_e003663,2,1,2307020001,쉐라톤 그랜드 인천 호텔 피스트
e_e003663,2,2,2307020002,송도센트럴파크
e_e003663,2,3,2307020003,안스 베이커리 송도점
e_e003663,2,4,2307020004,쉐라톤 그랜드 인천 호텔
e_e003663,2,5,2307020006,소찬공원
e_e003663,2,6,2307020007,경복궁 삼계탕 인천 송도점
e_e003663,2,7,2307020008,카페꼼마&얀쿠브레 송도점
e_e003663,2,8,2307020009,G 타워 전망대
e_e003663,2,9,2307020005,집
e_e003664,1,1,2306280001,친구 친지 집
e_e003664,1,2,2306280002,화성행궁
e_e003664,1,3,2306280003,수원시립미술관
e_e003664,1,4,2306280004,행리단길
e_e003664,1,5,2306280005,남문 통닭 수원 본점
e_e003664,1,6,2306280006,갤러리아백화점 광교점
e_e003664,1,7,2306280007,봇들마을 9단지 금호어울림 아파트
e_e003669,1,1,2306210001,집
e_e003669,1,2,2306210002,동대구역
e_e003669,1,3,2306210003,서울역
e_e003669,1,4,2306210005,경복궁
e_e003669,1,5,2306210004,아트선재센터
e_e003669,1,6,2306210006,삼청 빙수
e_e003669,1,7,2306210007,모레노 라멘 은평점
e_e003669,1,8,2306210008,친구 집
e_e003669,2,1,2306220001,버드 템플
e_e003669,2,2,2306220002,서울역
e_e003669,2,3,2306220003,동대구역
e_e003669,2,4,2306220004,청솔로 
e_e003669,2,5,2306220005,집
e_e003673,1,1,2307080001,집
e_e003673,1,2,2307080002,출렁다리 쌈밥 마장호수 본점
e_e003673,1,3,2307080003,마장호수 출렁다리
e_e003673,1,4,2307080004,레드 브리지
e_e003673,1,5,2307080005,벽초지 수목원
e_e003673,1,6,2307080006,마녀 떡볶이 금촌점
e_e003673,1,7,2307080007,소도 호텔
e_e003673,2,1,2307090001,써브웨이 용인 기흥구청점
e_e003673,2,2,2307090002,집
e_e003675,1,1,2306210001,집
e_e003675,1,2,2306210002,더 현대 서울
e_e003675,1,3,2306210003,더 현대 서울
e_e003675,1,4,2306210004,토평 마을 상록아파트 관리사무소
e_e003677,1,1,2306240001,집
e_e003677,1,2,2306240002,본가 만두전골 전문점
e_e003677,1,3,2306240003,물왕 호수
e_e003677,1,4,2306240004,풍경
e_e003677,1,5,2306240005,집
e_e003678,1,1,2306240001,집
e_e003678,1,2,2306240002,롯데 프리미엄 아울렛 타임 빌라스
e_e003678,1,3,2306240003,봄
e_e003678,1,4,2306240004,과천소망교회
e_e003678,1,5,2306240005,사당자이 아파트
e_e003678,1,6,2306240006,집
e_e003679,1,1,2307010001,집
e_e003679,1,2,2307010003,백정
e_e003679,1,3,2307010002,수지 빌라
e_e003679,1,4,2307010004,동대문디자인플라자(DDP) 동대문 역사 문화공원
e_e003679,1,5,2307010005,남대문시장
e_e003679,1,6,2307010006,남산공원
e_e003679,1,7,2307010007,광장시장
e_e003679,1,8,2307010008,봉일 온천스파랜드
e_e003679,1,9,2307010009,수지 빌라
e_e003679,2,1,2307020001,살롱 정지영
e_e003679,2,2,2307020002,흑룡강
e_e003679,2,3,2307020003,안국사
e_e003679,2,4,2307020004,수지 빌라
e_e003679,2,5,2307020005,집
e_e003682,1,1,2307080001,집
e_e003682,1,2,2307080002,그라운드 시소 서촌
e_e003682,1,3,2307080003,타이드워터
e_e003682,1,4,2307080004,잘 빠진 메밀 서촌 본점
e_e003682,1,5,2307080005,세종문화회관
e_e003682,1,6,2307080006,집
e_e003684,1,1,2306240001,집
e_e003684,1,2,2306240003,장안문
e_e003684,1,3,2306240004,수원 화성 화홍문
e_e003684,1,4,2306240005,동북각루
e_e003684,1,5,2306240006,용연
e_e003684,1,6,2306240007,행궁동 벽화마을
e_e003684,1,7,2306240008,행궁 애월
e_e003684,1,8,2306240009,수원 화성 박물관
e_e003684,1,9,2306240010,이디야 수원 화홍문점
e_e003684,1,10,2306240011,화성행궁
e_e003684,1,11,2306240002,집
e_e003686,1,1,2306230001,집
e_e003686,1,2,2306230002,초이스피부과 의원 평촌점
e_e003686,1,3,2306230003,범계역 광장
e_e003686,1,4,2306230004,뉴코아 아울렛 평촌점
e_e003686,1,5,2306230005,롯데백화점 평촌점
e_e003686,1,6,2306230006,집
e_e003692,1,1,2306210001,집
e_e003692,1,2,2306210003,카린 지린 가네 스낵바 을지로점
e_e003692,1,3,2306210004,그랜마캐비넷
e_e003692,1,4,2306210005,입지로
e_e003692,1,5,2306210006,어니언 컴퍼니
e_e003692,1,6,2306210007,더 필름 성수점
e_e003692,1,7,2306210008,아트 태그 하우스
e_e003692,1,8,2306210009,Project Miso
e_e003692,1,9,2306210010,무한 양꼬치
e_e003692,1,10,2306210011,다이소 건대 입구점
e_e003692,1,11,2306210012,예수 세계교회
e_e003692,1,12,2306210013,다이소 분당 미금역점
e_e003692,1,13,2306210002,시월 호텔
e_e003692,2,1,2306220002,가로 골목
e_e003692,2,2,2306220003,현우 동
e_e003692,2,3,2306220004,배스킨라빈스 가로수길점
e_e003692,2,4,2306220005,가로수길
e_e003692,2,5,2306220006,랜디스 도넛 신사 가로수길점
e_e003692,2,6,2306220001,집
e_e003693,1,1,2306240001,친구 친지 집
e_e003693,1,2,2306240003,리버시티 수상스키장
e_e003693,1,3,2306240004,페페 신사
e_e003693,1,4,2306240005,에잇 세컨즈 가로수길점
e_e003693,1,5,2306240006,유니클로 신사점
e_e003693,1,6,2306240002,친구 집
e_e003695,1,1,2306230001,사무실
e_e003695,1,2,2306230002,아무 공간
e_e003695,1,3,2306230003,마당
e_e003695,1,4,2306230004,니어 앤 디어
e_e003695,1,5,2306230005,효자촌 임광아파트
e_e003698,1,1,2306240001,집
e_e003698,1,2,2306240003,도그맥스
e_e003698,1,3,2306240002,집
e_e003699,1,1,2307030001,집
e_e003699,1,2,2307030002,라온 숨
e_e003699,1,3,2307030003,집
e_e003700,1,1,2307070001,친구 친지 집
e_e003700,1,2,2307070002,사천 시외버스터미널
e_e003700,1,3,2307070003,서울남부터미널
e_e003700,1,4,2307070004,무한 숯불 양꼬치
e_e003700,1,5,2307070005,무얼 강남점
e_e003700,1,6,2307070006,아마존 게스트하우스
e_e003700,2,1,2307080001,다모토리
e_e003700,2,2,2307080002,마구간
e_e003700,2,3,2307080003,이태원 gym
e_e003700,2,4,2307080004,아마존 게스트하우스
e_e003700,2,5,2307080005,맥도날드 이태원점
e_e003700,2,6,2307080006,용산 어린이 정원(용산공원 반환부지)
e_e003700,2,7,2307080007,이촌한강공원
e_e003700,2,8,2307080008,무신사 테라스 성수
e_e003700,2,9,2307080009,언커먼그라운드
e_e003700,2,10,2307080010,원 밀리언 댄스 스튜디오
e_e003700,2,11,2307080011,덕소한강벽산메가트리움아파트
e_e003701,1,1,2306270002,집
e_e003701,1,2,2306270001,샐러드 홍대입구역점
e_e003701,1,3,2306270003,에스쁘아 연남점
e_e003701,1,4,2306270004,띵크 프루트
e_e003701,1,5,2306270005,무신사 테라스
e_e003701,1,6,2306270006,하와이 조개 영등포점
e_e003701,1,7,2306270007,집
e_e003702,1,1,2307020001,집
e_e003702,1,2,2307020003,와우정사
e_e003702,1,3,2307020004,카페라 딘
e_e003702,1,4,2307020005,피자마루 수원영통신나무점
e_e003702,1,5,2307020006,한국민속촌 자동차 극장
e_e003702,1,6,2307020002,집
e_e003707,1,1,2306230001,집
e_e003707,1,2,2306230002,서울남부터미널
e_e003707,1,3,2306230003,카페 첫 만남
e_e003707,1,4,2306230004,갸우뚱
e_e003707,1,5,2306230005,우지 커피 대학로점
e_e003707,1,6,2306230006,고투몰
e_e003707,1,7,2306230007,집
e_e003713,1,1,2306250001,집
e_e003713,1,2,2306250002,말똥 도넛 파주점
e_e003713,1,3,2306250003,초록멍파티룸
e_e003713,1,4,2306250004,집
e_e003714,1,1,2306230001,사무실
e_e003714,1,2,2306230002,잠실종합운동장 잠실야구장
e_e003714,1,3,2306230003,김복남 맥주 수서점
e_e003714,1,4,2306230004,불당 호반 서밋 플레이스 센터시티 아파트
e_e003716,1,1,2306220001,집
e_e003716,1,2,2306220003,가평역 경춘선
e_e003716,1,3,2306220002,평내호평역 경춘선
e_e003716,1,4,2306220004,크리스 월드
e_e003716,1,5,2306220006,크리스 월드 바비큐장
e_e003716,1,6,2306220007,크리스 월드 마켓
e_e003716,1,7,2306220005,크리스 하우스
e_e003716,2,1,2306230002,바이 스테이션
e_e003716,2,2,2306230001,역전 분식
e_e003716,2,3,2306230004,가평역 경춘선
e_e003716,2,4,2306230003,집
e_e003717,1,1,2307010001,집
e_e003717,1,2,2307010007,양주로
e_e003717,1,3,2307010006,래미안 강동 팰리스 아파트 12동
e_e003717,2,1,2307020001,이바돔감자탕 강동역점
e_e003717,2,2,2307020002,현대 프리미엄 아울렛 스페이스 원
e_e003717,2,3,2307020003,집
e_e003721,1,1,2307080001,집
e_e003721,1,2,2307080002,가평 빠직 몰디브 수상 레저
e_e003721,1,3,2307080003,도그 더 왈츠펜션
e_e003721,2,1,2307090001,목동 막국수
e_e003721,2,2,2307090002,집
e_e003724,1,1,2306290001,집
e_e003724,1,2,2306290002,바삭 돈가스
e_e003724,1,3,2306290003,파라 스파라 서울
e_e003724,1,4,2306290004,스타벅스 파라 스파라 서울점
e_e003724,1,5,2306290005,파라 스파라 서울 라운드풀
e_e003724,1,6,2306290007,파라 스파라 델리
e_e003724,1,7,2306290006,파라 스파라 서울
e_e003724,2,1,2306300001,우디 플레이트
e_e003724,2,2,2306300002,카페 산 아래
e_e003724,2,3,2306300003,현대 프리미엄 아울렛 스페이스 원
e_e003724,2,4,2306300004,트레이더스 홀세일 클럽 구성점
e_e003724,2,5,2306300005,신포리 주꾸미
e_e003724,2,6,2306300006,집
e_e003725,1,1,2306240001,친구 친지 집
e_e003725,1,2,2306240002,막창 명가
e_e003725,1,3,2306240003,동탄 호수 공원
e_e003725,1,4,2306240004,동천역 신분당선
e_e003726,1,1,2307080001,집
e_e003726,1,2,2307080002,홍천강 휴게소 춘천 방향
e_e003726,1,3,2307080003,레저캠프
e_e003726,1,4,2307080004,이지캠핑장
e_e003726,2,1,2307090001,둥지 본가
e_e003726,2,2,2307090002,집
e_e003727,1,1,2307080001,집
e_e003727,1,2,2307080002,스타필드 안성
e_e003727,1,3,2307080004,안성향교
e_e003727,1,4,2307080005,친구 집
e_e003727,1,5,2307080003,호텔루엠 안성점
e_e003727,2,1,2307090003,중앙시장
e_e003727,2,2,2307090001,안일옥 본점
e_e003727,2,3,2307090004,꼬르메움
e_e003727,2,4,2307090002,집
e_e003729,1,1,2307020001,집
e_e003729,1,2,2307020003,뉴 오리진 동부 이촌점
e_e003729,1,3,2307020004,용산가족공원
e_e003729,1,4,2307020005,국립중앙박물관 기획전시실
e_e003729,1,5,2307020006,연무장 길(누각 까사 서울 스위치)
e_e003729,1,6,2307020007,5TO7
e_e003729,1,7,2307020008,핫쵸 성수점
e_e003729,1,8,2307020009,비비안 팝업
e_e003729,1,9,2307020010,인덱스 숍
e_e003729,1,10,2307020002,집
e_e003737,1,1,2306230001,집
e_e003737,1,2,2306230002,이마트 용인점
e_e003737,1,3,2306230003,묵리 459
e_e003737,1,4,2306230004,친구 집
e_e003737,2,1,2306240001,두창 저수지
e_e003737,2,2,2306240002,백암 제일 식당
e_e003737,2,3,2306240003,요거프레소 백암점
e_e003737,2,4,2306240004,도봉 한신아파트
e_e003738,1,1,2306240001,집
e_e003738,1,2,2306240002,국립현대미술관 과천관
e_e003738,1,3,2306240003,서울대공원 동물원 둘레길
e_e003738,1,4,2306240004,집
e_e003741,1,1,2306240001,집
e_e003741,1,2,2306240003,무얼 식탁 타임스퀘어점
e_e003741,1,3,2306240005,나이키 타임스퀘어점
e_e003741,1,4,2306240004,CGV 영등포
e_e003741,1,5,2306240006,바삭 닭강정
e_e003741,1,6,2306240002,집
e_e003744,1,1,2306230001,집
e_e003744,1,2,2306230003,동탄 나루마을 동탄역 유보라 여울 숲 2.0 아파트
e_e003744,1,3,2306230004,삿포로 동탄점
e_e003744,1,4,2306230002,동탄 나루마을 동탄역 유보라 여울 숲 2.0 아파트
e_e003744,2,1,2306240001,CGV 동탄
e_e003744,2,2,2306240002,동탄 호수 공원
e_e003744,2,3,2306240003,라크몽
e_e003744,2,4,2306240004,동탄 나루마을 동탄역 유보라 여울 숲 2.0 아파트
e_e003744,2,5,2306240005,티파니의 하루
e_e003744,2,6,2306240006,동탄 나루마을 동탄역 유보라 여울 숲 2.0 아파트
e_e003749,1,1,2306240001,집
e_e003749,1,2,2306240002,농협안성팜랜드
e_e003749,1,3,2306240003,안성맞춤 시장
e_e003749,1,4,2306240006,노매드 호텔
e_e003749,1,5,2306240005,안성맞춤 천문과학관
e_e003749,1,6,2306240007,노매드 호텔
e_e003749,2,1,2306250001,대물림 안성장터국밥
e_e003749,2,2,2306250002,카페 디우프
e_e003749,2,3,2306250003,미리내 성지
e_e003749,2,4,2306250004,집
e_e003750,1,1,2307010001,집
e_e003750,1,2,2307010003,키자니아 서울
e_e003750,1,3,2307010004,바이킹스 워프 롯데월드몰점
e_e003750,1,4,2307010006,투썸플레이스 롯데월드점
e_e003750,1,5,2307010005,롯데월드타워 롯데월드몰
e_e003750,1,6,2307010007,원할머니 국수 보쌈 제2 롯데월드몰 직영점
e_e003750,1,7,2307010008,서울스카이
e_e003750,1,8,2307010009,수서역
e_e003750,1,9,2307010002,집
e_e003753,1,1,2306240001,집
e_e003753,1,2,2306240002,카페로이테
e_e003753,1,3,2306240003,물의 정원
e_e003753,1,4,2306240004,사트레봉 북한강점
e_e003753,1,5,2306240005,집
e_e003758,1,1,2306240001,집
e_e003758,1,2,2306240002,교복몰 홍대점
e_e003758,1,3,2306240003,스쿨 랜드
e_e003758,1,4,2306240005,하루 필름 홍대점
e_e003758,1,5,2306240004,또 보겠지 떡볶이집 붕붕 허니비점
e_e003758,1,6,2306240006,락휴 코인 노래연습장 홍대 본점
e_e003758,1,7,2306240007,커피빈 홍대역점
e_e003758,1,8,2306240008,홍대 노가리 포차
e_e003758,1,9,2306240009,호텔 맥
e_e003758,2,1,2306250001,보스턴 수제버거 경의선 숲길점
e_e003758,2,2,2306250002,커피 버스데이
e_e003758,2,3,2306250003,메가박스 홍대
e_e003758,2,4,2306250004,집
e_e003761,1,1,2307010001,집
e_e003761,1,2,2307010002,이케아 기흥점
e_e003761,1,3,2307010003,안평 1리 마을회관
e_e003761,1,4,2307010004,호법 모아 스크린골프존
e_e003761,1,5,2307010005,가족 집
e_e003761,2,1,2307020001,이천시 눈높이 배드민턴 체육관
e_e003761,2,2,2307020002,꽃 피는 화덕피자 D485 이천점
e_e003761,2,3,2307020003,산책길
e_e003761,2,4,2307020005,집
e_e003765,1,1,2307060001,집
e_e003765,1,2,2307060002,용호동 낙지 신세계백화점 아라리오점
e_e003765,1,3,2307060003,에버랜드
e_e003765,1,4,2307060011,Q 호텔
e_e003765,2,1,2307070001,다이소 용인 둔전점
e_e003765,2,2,2307070002,마라 원칙 마라탕
e_e003765,2,3,2307070003,컴포즈커피 용인 둔전점
e_e003765,2,4,2307070004,캐리비안베이
e_e003765,2,5,2307070005,찜온닭
e_e003765,2,6,2307070006,컴포즈커피 용인 에버랜드점
e_e003765,2,7,2307070007,집
e_e003767,1,1,2307010001,집
e_e003767,1,2,2307010002,조순금닭도리탕 본점
e_e003767,1,3,2307010003,배스킨라빈스 안산월드점
e_e003767,1,4,2307010004,집
e_e003773,1,1,2307050001,집
e_e003773,1,2,2307050002,국립 운악산 자연휴양림
e_e003773,1,3,2307050007,노블 글램핑
e_e003773,2,1,2307060001,초류향
e_e003773,2,2,2307060002,연천 회관
e_e003773,2,3,2307060003,친구 집
e_e003773,2,4,2307060004,집
e_e003775,1,1,2307010001,집
e_e003775,1,2,2307010002,일산 두산위브 더 제니스 아파트
e_e003775,1,3,2307010003,유니클로 광화문 D타워점
e_e003775,1,4,2307010004,교보문고 광화문점
e_e003775,1,5,2307010005,김형재 고기의 철학 을지로다동점
e_e003775,1,6,2307010006,집
e_e003777,1,1,2307080001,집
e_e003777,1,2,2307080003,청계천 타임 투어 마켓
e_e003777,1,3,2307080005,모도 광화문점
e_e003777,1,4,2307080006,창경궁
e_e003777,1,5,2307080004,조계사
e_e003777,1,6,2307080002,서머셋팰리스 서울
e_e003777,2,1,2307090001,밴 건 디 스테이크하우스
e_e003777,2,2,2307090002,국립중앙박물관
e_e003777,2,3,2307090003,집
e_e003779,1,1,2307080001,집
e_e003779,1,2,2307080002,심학산
e_e003779,1,3,2307080003,심학산 도토리 국수 본점
e_e003779,1,4,2307080005,해당화
e_e003779,1,5,2307080004,지혜의 숲
e_e003779,1,6,2307080006,집
e_e003781,1,1,2307080001,집
e_e003781,1,2,2307080002,도화지
e_e003781,1,3,2307080003,한 내 횟집
e_e003781,1,4,2307080004,한 내 횟집
e_e003781,1,5,2307080005,그래시 커피
e_e003781,1,6,2307080007,호텔 마루
e_e003781,2,1,2307090001,초이 수제비
e_e003781,2,2,2307090002,집
e_e003783,1,1,2306240001,집
e_e003783,1,2,2306240003,포크너 인계점
e_e003783,1,3,2306240004,포 포인츠 바이 쉐라톤 수원 호텔
e_e003783,1,4,2306240005,해주
e_e003783,1,5,2306240002,포 포인츠 바이 쉐라톤 수원 호텔
e_e003783,2,1,2306250003,포 포인츠 바이 쉐라톤 더 이어리
e_e003783,2,2,2306250002,스타벅스 수원 인계점
e_e003783,2,3,2306250001,용성통닭 본점
e_e003783,2,4,2306250004,집
e_e003791,1,1,2307010001,집
e_e003791,1,2,2307010003,인천역 1호선
e_e003791,1,3,2307010004,인천 차이나타운
e_e003791,1,4,2307010005,송월동 동화마을
e_e003791,1,5,2307010006,ㅊa 차이나타운점
e_e003791,1,6,2307010007,일본풍 거리
e_e003791,1,7,2307010008,월미도
e_e003791,1,8,2307010009,마이랜드
e_e003791,1,9,2307010010,디저트 39 인천 월미도점
e_e003791,1,10,2307010011,월미도
e_e003791,1,11,2307010012,신포국제시장
e_e003791,1,12,2307010013,스마일 코인 노래연습장
e_e003791,1,13,2307010014,신포지하상가
e_e003791,1,14,2307010002,집
e_e003792,1,1,2307010001,집
e_e003792,1,2,2307010002,시흥갯골생태공원
e_e003792,1,3,2307010003,블랙 피그 시흥
e_e003792,1,4,2307010004,연꽃테마파크
e_e003792,1,5,2307010005,시흥 배곧 한울 공원
e_e003792,1,6,2307010006,타코 다찌
e_e003792,1,7,2307010007,궁 호텔
e_e003792,2,1,2307020001,시흥 프리미엄 아울렛
e_e003792,2,2,2307020002,시흥 오이도 박물관
e_e003792,2,3,2307020003,오이도 선사유적공원
e_e003792,2,4,2307020004,오이도 빨강등대
e_e003792,2,5,2307020005,팔각도 시흥 정왕 로데오점
e_e003792,2,6,2307020006,집
e_e003795,1,1,2307010001,집
e_e003795,1,2,2307010003,스시 라온
e_e003795,1,3,2307010004,저스트 스테이 호텔 왕십리역점
e_e003795,1,4,2307010005,악어 떡볶이
e_e003795,1,5,2307010006,스타벅스 뚝섬역
e_e003795,1,6,2307010007,뚝섬역 2호선
e_e003795,1,7,2307010008,이슬 향기 플라워 이수역점
e_e003795,1,8,2307010002,집
e_e003797,1,1,2307070001,사무실
e_e003797,1,2,2307070002,카메라타
e_e003797,1,3,2307070003,모쿠슈라테이블
e_e003797,1,4,2307070004,CU 파주 헤이리점
e_e003797,1,5,2307070005,에어비앤비
e_e003797,2,1,2307080001,미메시스 아트 뮤지엄
e_e003797,2,2,2307080002,보리 책 놀이터
e_e003797,2,3,2307080003,파주출판 단지 근린공원
e_e003797,2,4,2307080004,아시아출판문화 정보 센터 지혜의 숲 1관
e_e003797,2,5,2307080005,푸껫 테이블
e_e003797,2,6,2307080006,합정역 6호선
e_e003799,1,1,2306240001,집
e_e003799,1,2,2306240002,김포 장릉
e_e003799,1,3,2306240003,스타벅스 김포 풍무 DT점
e_e003799,1,4,2306240004,집
e_e003803,1,1,2306240001,집
e_e003803,1,2,2306240003,서울대공원 캠핑장 제2야영지
e_e003803,1,3,2306240002,집
e_e003807,1,1,2307010001,집
e_e003807,1,2,2307010002,쌍령동성 2차 아파트
e_e003807,1,3,2307010003,두물머리
e_e003807,1,4,2307010004,박성광 해물칼국수 서종 직영점
e_e003807,1,5,2307010005,투썸플레이스 서종 리버사이드점
e_e003807,1,6,2307010006,쌍령동성 2차 아파트
e_e003807,1,7,2307010007,집
e_e003808,1,1,2306250001,집
e_e003808,1,2,2306250002,김해국제공항 국내선 청사
e_e003808,1,3,2306250003,김포국제공항 국내선
e_e003808,1,4,2306250004,계산역 PASSI CAFE
e_e003808,1,5,2306250005,홍대입구역 2호선
e_e003808,1,6,2306250006,하루에 버 연남
e_e003808,1,7,2306250007,글래드 여의도
e_e003808,1,8,2306250008,여의도 한강공원
e_e003808,1,9,2306250009,글래드 여의도
e_e003808,2,1,2306260001,더 현대 서울
e_e003808,2,2,2306260002,소설원 망원
e_e003808,2,3,2306260003,1분 도토리 캐리커처
e_e003808,2,4,2306260004,김포국제공항 국내선
e_e003808,2,5,2306260005,김해국제공항 국내선 청사
e_e003808,2,6,2306260006,집
e_e003809,1,1,2307080001,집
e_e003809,1,2,2307080002,파리바게뜨 광주 쌍령점
e_e003809,1,3,2307080003,국립현대미술관 과천관
e_e003809,1,4,2307080004,최고다 돈가스 과천점
e_e003809,1,5,2307080005,하츠 베이커리 카페 안양점
e_e003809,1,6,2307080006,파리바게뜨 인덕원 삼성점
e_e003809,1,7,2307080007,집
e_e003810,1,1,2307010001,집
e_e003810,1,2,2307010003,수원시립미술관
e_e003810,1,3,2307010004,캐비닛 베이글
e_e003810,1,4,2307010005,초이 다이닝 수원 행궁점
e_e003810,1,5,2307010002,집
e_e003817,1,1,2306240001,집
e_e003817,1,2,2306240003,학운산
e_e003817,1,3,2306240004,그리릭
e_e003817,1,4,2306240005,홍리향
e_e003817,1,5,2306240007,한강 신도시 호수 공원 호수
e_e003817,1,6,2306240006,이마트 김포한강점
e_e003817,1,7,2306240002,지인 집
e_e003817,2,1,2306250001,그리릭
e_e003817,2,2,2306250002,집
e_e003819,1,1,2306230001,친구 친지 집
e_e003819,1,2,2306230002,에버닌헤어 동구 신천점
e_e003819,1,3,2306230003,시골 맛집
e_e003819,1,4,2306230004,라마다 용인 호텔
e_e003819,1,5,2306230005,역전 할머니 맥주 용인 에버랜드점
e_e003819,1,6,2306230006,라마다 용인 호텔
e_e003819,2,1,2306240002,세븐스타코인 노래연습장 용인 에버랜드역점
e_e003819,2,2,2306240003,라마다 용인 호텔
e_e003819,2,3,2306240004,에버랜드
e_e003819,2,4,2306240001,삼산타운 4단지 주공아파트
e_e003821,1,1,2306270001,집
e_e003821,1,2,2306270002,용산 어린이 정원(용산공원 반환부지)
e_e003821,1,3,2306270003,콘드에뻬뻬
e_e003821,1,4,2306270004,맥코이 한남 2호점
e_e003821,1,5,2306270005,신노루 삼성점
e_e003821,1,6,2306270006,뚝섬한강공원
e_e003821,1,7,2306270007,굴림
e_e003821,1,8,2306270008,응봉산 팔각정
e_e003821,1,9,2306270009,테이크 호텔
e_e003821,1,10,2306270010,집
e_e003826,1,1,2306240001,집
e_e003826,1,2,2306240003,남한산성 수어장대
e_e003826,1,3,2306240004,장성
e_e003826,1,4,2306240005,남한산성 순교성지
e_e003826,1,5,2306240006,경기도 남한산성 세계유산센터 기념품 숍
e_e003826,1,6,2306240007,남한산성 행궁
e_e003826,1,7,2306240008,가야 한정식
e_e003826,1,8,2306240002,경기 성남시 중원구 산성 대로 576번 길 4-1
e_e003826,2,1,2306250001,집
e_e003830,1,1,2307010001,집
e_e003830,1,2,2307010002,두물머리
e_e003830,1,3,2307010003,가람
e_e003830,1,4,2307010004,세미원
e_e003830,1,5,2307010005,현대 프리미엄 아울렛 스페이스 원
e_e003830,1,6,2307010006,집
e_e003833,1,1,2307010001,집
e_e003833,1,2,2307010002,용산 마루
e_e003833,1,3,2307010003,돈룩업 홍대
e_e003833,1,4,2307010004,크자요
e_e003833,1,5,2307010005,머시룸 페이퍼 팜
e_e003833,1,6,2307010006,스타벅스 홍대입구역 사거리 R 점
e_e003833,1,7,2307010007,집
e_e003834,1,1,2306230001,집
e_e003834,1,2,2306230002,서울역
e_e003834,1,3,2306230003,서소문 성지 역사박물관
e_e003834,1,4,2306230004,도마
e_e003834,1,5,2306230005,여기 서울 149쪽
e_e003834,1,6,2306230006,숭례문
e_e003834,1,7,2306230007,피크닉
e_e003834,1,8,2306230008,스틸 북스 회현점
e_e003834,1,9,2306230009,이디야커피 퇴계로 2길점
e_e003834,1,10,2306230010,모나미 스토어 성수점
e_e003834,1,11,2306230011,성수역 2호선
e_e003834,1,12,2306230012,소바 식당 성수점
e_e003834,1,13,2306230013,마뗑킴
e_e003834,1,14,2306230014,디오르 성수
e_e003834,1,15,2306230015,서울역
e_e003834,1,16,2306230016,집
e_e003840,1,1,2306300001,사무실
e_e003840,1,2,2306300002,이마트 파주 운정점
e_e003840,1,3,2306300003,케이힐 스더 테라스
e_e003840,1,4,2306300004,운정 호수 공원
e_e003840,1,5,2306300005,케이힐스 더 테라스
e_e003840,2,1,2307010001,천하일미 김밥
e_e003840,2,2,2307010002,미메시스 아트 뮤지엄
e_e003840,2,3,2307010004,롯데 프리미엄 아울렛 파주점
e_e003840,2,4,2307010003,메가박스 파주출판도시
e_e003840,2,5,2307010005,집
e_e003842,1,1,2306240001,집
e_e003842,1,2,2306240002,이케아 광명점
e_e003842,1,3,2306240003,롯데시네마 광명 아울렛
e_e003842,1,4,2306240004,집
e_e003843,1,1,2306250001,집
e_e003843,1,2,2306250002,현대백화점 중동점
e_e003843,1,3,2306250003,현대백화점 중동점
e_e003843,1,4,2306250004,현대백화점 중동점
e_e003843,1,5,2306250005,안중근공원
e_e003843,1,6,2306250006,집
e_e003844,1,1,2306240001,집
e_e003844,1,2,2306240002,경복궁 한옥마을점
e_e003844,1,3,2306240003,송도센트럴파크
e_e003844,1,4,2306240004,안산라프리모아파트
e_e003844,1,5,2306240005,집
e_e003845,1,1,2307070001,집
e_e003845,1,2,2307070002,광화문광장
e_e003845,1,3,2307070003,소피텔 앰배서더 서울
e_e003845,1,4,2307070004,롯데월드타워 롯데월드몰
e_e003845,1,5,2307070005,소피텔 앰배서더 서울
e_e003845,1,6,2307070006,어물전청 잠실점
e_e003845,1,7,2307070007,토지
e_e003845,1,8,2307070008,소피텔 앰배서더 서울
e_e003845,2,1,2307080001,롯데월드타워 롯데월드몰
e_e003845,2,2,2307080002,롯데 에비뉴엘 잠실점
e_e003845,2,3,2307080003,석촌호수 서호
e_e003845,2,4,2307080004,소피텔 앰배서더 서울
e_e003845,2,5,2307080005,효계
e_e003845,2,6,2307080006,집
e_e003848,1,1,2306250001,집
e_e003848,1,2,2306250002,연남 토마 강남점
e_e003848,1,3,2306250003,알베르
e_e003848,1,4,2306250004,역삼 문화공원
e_e003848,1,5,2306250005,장인 닭갈비 강남점
e_e003848,1,6,2306250006,에잇 세컨즈 강남대로점
e_e003848,1,7,2306250007,할리스 강남역점
e_e003848,1,8,2306250008,집
e_e003850,1,1,2307010001,집
e_e003850,1,2,2307010002,현대백화점 판교점
e_e003850,1,3,2307010003,나인 트리 프리미어 호텔 서울 판교
e_e003850,2,1,2307020001,라운지 나인 바이 앤드
e_e003850,2,2,2307020002,집
e_e003853,1,1,2306290001,집
e_e003853,1,2,2306290002,김수현 개인전(먹이주기 FEEDING)
e_e003853,1,3,2306290003,록맨
e_e003853,1,4,2306290004,서울숲
e_e003853,1,5,2306290005,야드 서울
e_e003853,1,6,2306290006,집
e_e003855,1,1,2307010001,집
e_e003855,1,2,2307010003,봉담코아루카보드줌시티
e_e003855,1,3,2307010004,창룡문
e_e003855,1,4,2307010005,슬로 써니사이드
e_e003855,1,5,2307010006,카페 스퀘어드
e_e003855,1,6,2307010007,수원시립미술관
e_e003855,1,7,2307010008,매향교
e_e003855,1,8,2307010009,행궁에뜨왈
e_e003855,1,9,2307010002,봉담코아루카보드줌시티
e_e003855,2,1,2307020002,메가 MGC 커피 화성 상리점
e_e003855,2,2,2307020003,GS25 수원 행리단길점
e_e003855,2,3,2307020004,탭
e_e003855,2,4,2307020005,덤덤 프렌즈
e_e003855,2,5,2307020006,행궁에
e_e003855,2,6,2307020007,셀렉티드마롱
e_e003855,2,7,2307020008,비트 포비아 강남 던전점
e_e003855,2,8,2307020001,집
e_e003856,1,1,2307010001,친구 친지 집
e_e003856,1,2,2307010002,경기도 미술관
e_e003856,1,3,2307010003,단원구 4.16기억 교실
e_e003856,1,4,2307010004,오복탕
e_e003856,1,5,2307010005,일월 수목원
e_e003856,1,6,2307010006,우리 수산
e_e003856,1,7,2307010007,흥덕마을 7단지 힐스테이트 아파트
e_e003856,2,1,2307020001,흥덕성당
e_e003856,2,2,2307020002,흥덕마을 7단지 힐스테이트 아파트
e_e003856,2,3,2307020003,노티스 광교 갤러리아
e_e003856,2,4,2307020004,던킨 수원컨벤션 센터점
e_e003856,2,5,2307020005,수원컨벤션 센터
e_e003856,2,6,2307020006,부영사랑으로 아파트
e_e003857,1,1,2306240001,집
e_e003857,1,2,2306240003,팔당초계국수본점
e_e003857,1,3,2306240002,하늘땅 별땅 캠핑장
e_e003857,2,1,2306250002,화악 터널 쌈지공원
e_e003857,2,2,2306250001,집
e_e003858,1,1,2306240001,집
e_e003858,1,2,2306240002,대광사
e_e003858,1,3,2306240003,온 마당 능히 백숙 삼계탕
e_e003858,1,4,2306240004,영흥 수목원
e_e003858,1,5,2306240005,숙소
e_e003858,2,1,2306250001,스타벅스 광교 SK 뷰 레이크 41F 점
e_e003858,2,2,2306250002,아트스페이스 광교
e_e003858,2,3,2306250003,갤러리아백화점 광교점
e_e003858,2,4,2306250004,집
e_e003867,1,1,2307010001,집
e_e003867,1,2,2307010003,팔당 원종 칼제비
e_e003867,1,3,2307010004,메가박스 하남 스타필드
e_e003867,1,4,2307010005,스타필드 하남
e_e003867,1,5,2307010006,두산 더 프런트 미사
e_e003867,1,6,2307010007,방이옥
e_e003867,1,7,2307010008,미사 호수 공원
e_e003867,1,8,2307010002,두산 더 프런트 미사
e_e003867,2,1,2307020002,미음
e_e003867,2,2,2307020003,그레이 우드 커피
e_e003867,2,3,2307020004,두산 더 프런트 미사
e_e003867,2,4,2307020001,집
e_e003868,1,1,2306250001,집
e_e003868,1,2,2306250002,명륜 진사갈비 의왕역점
e_e003868,1,3,2306250004,스타벅스 광교 SK 뷰 레이크 41F 점
e_e003868,1,4,2306250003,집
e_e003869,1,1,2307090001,집
e_e003869,1,2,2307090002,아침고요 수목원
e_e003869,1,3,2307090003,송원
e_e003869,1,4,2307090004,카페 19
e_e003869,1,5,2307090005,집
e_e003870,1,1,2306240001,집
e_e003870,1,2,2306240003,화담숲
e_e003870,1,3,2306240004,곤지암 웅골
e_e003870,1,4,2306240005,열미계곡
e_e003870,1,5,2306240002,곤지암리조트
e_e003870,2,1,2306250001,속초 집
e_e003870,2,2,2306250002,롯데 프리미엄 아울렛 이천점
e_e003870,2,3,2306250003,집
e_e003872,1,1,2307080001,친구 친지 집
e_e003872,1,2,2307080002,라빈느샵2
e_e003872,1,3,2307080003,스타벅스 광릉수목원점
e_e003872,1,4,2307080004,고모저수지
e_e003872,1,5,2307080005,돌담 병원
e_e003872,1,6,2307080006,산정호수
e_e003872,1,7,2307080007,고향 나들이
e_e003872,1,8,2307080008,친구 친지 집
e_e003875,1,1,2307050001,집
e_e003875,1,2,2307050002,아쿠아 필드 고양
e_e003875,1,3,2307050003,폴 바셋 스타필드 고양 1호점
e_e003875,1,4,2307050004,트레이더스 홀세일 클럽 고양점
e_e003875,1,5,2307050005,집
e_e003876,1,1,2307020001,친구 친지 집
e_e003876,1,2,2307020003,타임스퀘어
e_e003876,1,3,2307020004,아비코 타임스퀘어점
e_e003876,1,4,2307020006,스타벅스 신세계 타임스퀘어 1F 점
e_e003876,1,5,2307020005,영등포역 지하쇼핑센터
e_e003876,1,6,2307020007,CGV 영등포
e_e003876,1,7,2307020008,독도체험관
e_e003876,1,8,2307020009,홍콩반점 41 영등포역점
e_e003876,1,9,2307020002,화서역 1호선
e_e003882,1,1,2306250001,집
e_e003882,1,2,2306250002,캐리비안베이
e_e003882,1,3,2306250003,아츠랩
e_e003882,1,4,2306250004,집
e_e003884,1,1,2306250001,집
e_e003884,1,2,2306250002,스타필드 하남
e_e003884,1,3,2306250003,리틀 사이공 스타필드 하남점
e_e003884,1,4,2306250004,앤드 테라스 스타필드 하남점
e_e003884,1,5,2306250005,스타벅스 스타필드 하남 1F(티바 날) 점
e_e003884,1,6,2306250006,아쿠아 필드 하남
e_e003884,1,7,2306250007,집
e_e003885,1,1,2307070001,사무실
e_e003885,1,2,2307070002,에버던 호텔
e_e003885,1,3,2307070003,안양중앙시장
e_e003885,1,4,2307070004,에버던 호텔
e_e003885,2,1,2307080002,안양예술공원
e_e003885,2,2,2307080003,엔터식스 안양역점
e_e003885,2,3,2307080001,로즈 빈 아파트
e_e003886,1,1,2307030001,집
e_e003886,1,2,2307030002,동반 여행 친구 집
e_e003886,1,3,2307030003,이마트 화성 봉담점
e_e003886,1,4,2307030004,청마루
e_e003886,1,5,2307030005,레이키푸이스토 키즈리조트
e_e003886,2,1,2307040001,경기도 잣향기 푸른 숲
e_e003886,2,2,2307040002,레이키푸이스토 키즈리조트
e_e003886,2,3,2307040003,청평 낭만 찌개백반
e_e003886,2,4,2307040004,청마루
e_e003886,2,5,2307040005,집
e_e003887,1,1,2306230001,집
e_e003887,1,2,2306230003,캐리비안베이
e_e003887,1,3,2306230004,바비큐 팩토리
e_e003887,1,4,2306230002,집
e_e003891,1,1,2307010001,집
e_e003891,1,2,2307010002,페리 아도 워터파크
e_e003891,1,3,2307010003,호텔 신북온천
e_e003891,1,4,2307010008,호텔 신북온천
e_e003891,2,1,2307020001,어메이징 파크
e_e003891,2,2,2307020002,메아리 산장
e_e003891,2,3,2307020003,깊이울계곡
e_e003891,2,4,2307020004,집
e_e003892,1,1,2306240001,사무실
e_e003892,1,2,2306240002,신도림역 2호선
e_e003892,1,3,2306240003,공복 식당
e_e003892,1,4,2306240004,아크엔 북 신촌점
e_e003892,1,5,2306240005,동군
e_e003892,1,6,2306240006,신촌역 2호선
e_e003892,1,7,2306240007,림 호텔
e_e003892,2,1,2306250001,서대문구 보건소
e_e003892,2,2,2306250002,연교
e_e003892,2,3,2306250003,올에 무스
e_e003892,2,4,2306250004,온 유어 사이드
e_e003892,2,5,2306250005,카페 식스
e_e003892,2,6,2306250006,김밥 레코드
e_e003892,2,7,2306250007,책 읽다
e_e003892,2,8,2306250008,메가 MGC 커피 서울역점
e_e003892,2,9,2306250009,부모님 집
e_e003894,1,1,2306260001,집
e_e003894,1,2,2306260003,마로니 빌딩
e_e003894,1,3,2306260002,집
e_e003896,1,1,2306250001,집
e_e003896,1,2,2306250003,입장거봉포도 휴게소 서울 방향
e_e003896,1,3,2306250004,에버랜드
e_e003896,1,4,2306250002,골든 튤립에버 용인 호텔
e_e003896,2,1,2306260001,이디야커피 용인 에버랜드역점
e_e003896,2,2,2306260002,GS25 포곡 골든 점
e_e003896,2,3,2306260003,롯데 프리미엄 아울렛 기흥점
e_e003896,2,4,2306260004,집
e_e003898,1,1,2306250001,집
e_e003898,1,2,2306250002,복지 순두부
e_e003898,1,3,2306250003,서로 하다
e_e003898,1,4,2306250004,더 히로 플레이그라운드 펜션
e_e003898,2,1,2306260001,신단 설렁탕
e_e003898,2,2,2306260002,집
e_e003900,1,1,2307080001,집
e_e003900,1,2,2307080002,영등포역 1호선
e_e003900,1,3,2307080003,수원역 1호선
e_e003900,1,4,2307080004,행리단길
e_e003900,1,5,2307080005,뜸행궁 2호점
e_e003900,1,6,2307080006,행리단길
e_e003900,1,7,2307080007,팔레 센트
e_e003900,1,8,2307080008,수원 화성
e_e003900,1,9,2307080009,방화수류정
e_e003900,1,10,2307080010,화성행궁
e_e003900,1,11,2307080011,용성통닭 본점
e_e003900,1,12,2307080012,AK플라자 수원
e_e003900,1,13,2307080014,영등포역 1호선
e_e003900,1,14,2307080013,집
e_e003906,1,1,2307080001,집
e_e003906,1,2,2307080002,은평 한옥마을
e_e003906,1,3,2307080003,진관사
e_e003906,1,4,2307080004,진관사 은지원
e_e003906,1,5,2307080005,진관사계곡
e_e003906,1,6,2307080006,서관면옥 은평 한옥마을점
e_e003906,1,7,2307080007,집
e_e003909,1,1,2306240001,집
e_e003909,1,2,2306240002,하남 나무고아원
e_e003909,1,3,2306240003,미사리밀빛초계국수 본점
e_e003909,1,4,2306240004,집
e_e003910,1,1,2307090001,집
e_e003910,1,2,2307090002,멘야산다이메 홍대점
e_e003910,1,3,2307090003,남산골 한옥마을
e_e003910,1,4,2307090004,투썸플레이스 매경미디어 센터점
e_e003910,1,5,2307090005,중화복춘 골드 동교점
e_e003910,1,6,2307090006,집
e_e003915,1,1,2306240001,집
e_e003915,1,2,2306240002,지인 집
e_e003915,1,3,2306240003,마트(식자재 구입)
e_e003915,1,4,2306240004,지인 집
e_e003915,1,5,2306240005,카페 19
e_e003915,1,6,2306240006,경기도 잣향기 푸른 숲
e_e003915,1,7,2306240007,집
e_e003921,1,1,2306250001,집
e_e003921,1,2,2306250003,스타필드 하남
e_e003921,1,3,2306250004,카페 능내
e_e003921,1,4,2306250005,코끼리 마트 광장점
e_e003921,1,5,2306250002,집
e_e003928,1,1,2307020001,집
e_e003928,1,2,2307020003,현대 프리미엄 아울렛 김포점
e_e003928,1,3,2307020004,바르미샤브 바르미 스시
e_e003928,1,4,2307020002,메이필드호텔 서울
e_e003928,2,1,2307030001,메이필드호텔 서울
e_e003928,2,2,2307030002,근린공원
e_e003928,2,3,2307030003,집
e_e003929,1,1,2307220001,집
e_e003929,1,2,2307220002,키자니아 서울
e_e003929,1,3,2307220003,집
e_e003933,1,1,2306240001,집
e_e003933,1,2,2306240003,미사 경정공원
e_e003933,1,3,2306240004,온더보더 스타필드 하남점
e_e003933,1,4,2306240005,스타필드 하남
e_e003933,1,5,2306240002,집
e_e003935,1,1,2307010001,집
e_e003935,1,2,2307010002,롸카두들 내슈빌 핫치킨 성수점
e_e003935,1,3,2307010003,카시나 성수점
e_e003935,1,4,2307010004,비커 성수 플래그십스토어
e_e003935,1,5,2307010005,디오르 성수
e_e003935,1,6,2307010006,쎈느
e_e003935,1,7,2307010007,종로3가역 1호선
e_e003935,1,8,2307010008,집
e_e003937,1,1,2307080001,집
e_e003937,1,2,2307080002,온더보더 광화문 D타워점
e_e003937,1,3,2307080003,광화문광장
e_e003937,1,4,2307080004,세종문화회관 대극장
e_e003937,1,5,2307080005,남영동 양문 을지로점
e_e003937,1,6,2307080006,집
e_e003938,1,1,2307010001,집
e_e003938,1,2,2307010002,리스 카페
e_e003938,1,3,2307010003,애브뉴 프랑 판교
e_e003938,1,4,2307010005,더블트리 바이 힐튼 서울 판교
e_e003938,2,1,2307020001,애브뉴 프랑 판교
e_e003938,2,2,2307020002,판교 테크원 타워
e_e003938,2,3,2307020004,스타벅스 판교 애비뉴 프랑 R 점
e_e003938,2,4,2307020005,샤넬 코드 컬러 팝업
e_e003938,2,5,2307020006,코끼리 베이글
e_e003938,2,6,2307020007,한라비발디 캠퍼스 1차 아파트
e_e003938,2,7,2307020003,집
e_e003945,1,1,2307080001,집
e_e003945,1,2,2307080011,장한평역 5호선
e_e003945,1,3,2307080012,합정역 2호선
e_e003945,1,4,2307080003,프로방스 마을
e_e003945,1,5,2307080002,항아리 숯불닭갈비 파주점
e_e003945,1,6,2307080004,국립민속박물관 파주
e_e003945,1,7,2307080005,참회와 속죄의 성당
e_e003945,1,8,2307080006,가드너스
e_e003945,1,9,2307080007,헤이리 예술마을
e_e003945,1,10,2307080008,파주 살래 길
e_e003945,1,11,2307080009,통일동산 두부마을
e_e003945,1,12,2307080010,미즈 호텔
e_e003945,2,1,2307090002,금촌역
e_e003945,2,2,2307090003,야당역 경의중앙선
e_e003945,2,3,2307090004,테이블에 이 파주점
e_e003945,2,4,2307090005,오봉 집 야당점
e_e003945,2,5,2307090006,운정 호수 공원
e_e003945,2,6,2307090007,야당역 경의중앙선
e_e003945,2,7,2307090008,공덕역 5호선
e_e003945,2,8,2307090009,장한평역 5호선
e_e003945,2,9,2307090001,집
e_e003948,1,1,2306250001,집
e_e003948,1,2,2306250002,카페 웨더
e_e003948,1,3,2306250003,스타필드 하남
e_e003948,1,4,2306250004,춘천고 닭갈비
e_e003948,1,5,2306250005,집
e_e003949,1,1,2306270001,집
e_e003949,1,2,2306270002,도봉산
e_e003949,1,3,2306270003,카페도영
e_e003949,1,4,2306270004,집
e_e003952,1,1,2306240001,집
e_e003952,1,2,2306240003,수원 화로구이
e_e003952,1,3,2306240004,화성행궁
e_e003952,1,4,2306240005,수원시립미술관
e_e003952,1,5,2306240002,집
e_e003953,1,1,2306240001,집
e_e003953,1,2,2306240003,63아트
e_e003953,1,3,2306240004,63아트 카페
e_e003953,1,4,2306240005,여의도 한강공원
e_e003953,1,5,2306240002,집
e_e003957,1,1,2306280001,집
e_e003957,1,2,2306280002,큰집 뼈대 있는 짬뽕
e_e003957,1,3,2306280003,현대모터 스튜디오 서울
e_e003957,1,4,2306280004,삼원 가든
e_e003957,1,5,2306280005,서울고속버스터미널(경부)
e_e003957,1,6,2306280006,집
e_e003958,1,1,2307060001,집
e_e003958,1,2,2307060002,호텔 파크 하비오
e_e003958,1,3,2307060004,파크하비오휘트니스
e_e003958,1,4,2307060003,쿠우쿠우 송파 하비오점
e_e003958,1,5,2307060005,호텔 파크 하비오
e_e003958,2,1,2307070001,송파 하비오 식당
e_e003958,2,2,2307070002,집
e_e003963,1,1,2306240001,집
e_e003963,1,2,2306240003,AK플라자 수원
e_e003963,1,3,2306240004,베네 세레
e_e003963,1,4,2306240005,류 옹
e_e003963,1,5,2306240006,화성행궁
e_e003963,1,6,2306240002,화이트 호텔
e_e003963,2,1,2306250002,한방 족발보쌈 국밥 본점
e_e003963,2,2,2306250001,집
e_e003965,1,1,2306250001,집
e_e003965,1,2,2306250002,라이또 PC 마포 성산점
e_e003965,1,3,2306250005,레드 로드
e_e003965,1,4,2306250003,노브랜드 버거 홍대점
e_e003965,1,5,2306250004,서교동 교회
e_e003965,1,6,2306250006,브리즈 PC 카페
e_e003965,1,7,2306250007,집
e_e003967,1,1,2306240001,집
e_e003967,1,2,2306240002,폰트 241
e_e003967,1,3,2306240003,궁평항 가는 길
e_e003967,1,4,2306240004,궁평항
e_e003967,1,5,2306240005,궁평항 수산물 직판장
e_e003967,1,6,2306240006,현대자동차 2단지 아파트
e_e003967,2,1,2306250001,고가네 감자탕
e_e003967,2,2,2306250002,비봉 인공 습지 공원
e_e003967,2,3,2306250003,집
e_e003968,1,1,2307070001,집
e_e003968,1,2,2307070002,남문 통닭 수원 본점
e_e003968,1,3,2307070003,수원시립미술관
e_e003968,1,4,2307070004,화서공원
e_e003968,1,5,2307070005,서동진의 커피 랩 행궁점
e_e003968,1,6,2307070006,화성행궁
e_e003968,1,7,2307070007,유동 골뱅이
e_e003968,1,8,2307070008,용범이네 인계동 껍데기 인계 본점
e_e003968,1,9,2307070009,컴포즈커피 수원 인계점
e_e003968,1,10,2307070010,블릭스 호텔
e_e003968,2,1,2307080001,미스터 시래기 롯데몰 수원점
e_e003968,2,2,2307080002,옵스 수원점
e_e003968,2,3,2307080003,스트리트 추로스 롯데몰 수원점
e_e003968,2,4,2307080004,집
e_e003971,1,1,2306240002,집
e_e003971,1,2,2306240001,한국 근현대사 박물관
e_e003971,1,3,2306240003,가드너스
e_e003971,1,4,2306240004,수비
e_e003971,1,5,2306240005,한길 북하우스
e_e003971,1,6,2306240006,집
e_e003975,1,1,2306250001,친구 친지 집
e_e003975,1,2,2306250002,설악 카페24-11
e_e003975,1,3,2306250004,가람슬기 스파 수영장 펜션
e_e003975,2,1,2306260001,라온 숨
e_e003975,2,2,2306260002,북한강
e_e003975,2,3,2306260003,로즈힐
e_e003976,1,1,2306280001,집
e_e003976,1,2,2306280003,화담숲 주차장
e_e003976,1,3,2306280004,보쌈 보리밥
e_e003976,1,4,2306280005,엘포레스트
e_e003976,1,5,2306280002,집
e_e003978,1,1,2306270001,집
e_e003978,1,2,2306270003,사노련 숲캠핑장
e_e003978,1,3,2306270002,집
e_e003980,1,1,2307030001,집
e_e003980,1,2,2307030002,통리
e_e003980,1,3,2307030003,중미산 제빵소
e_e003980,1,4,2307030004,국립중미산자연휴양림
e_e003980,2,1,2307040001,서후리숲
e_e003980,2,2,2307040002,라온드뷰
e_e003980,2,3,2307040003,펜타 커피 랩
e_e003980,2,4,2307040004,롯데 프리미엄 아울렛 이천점
e_e003980,2,5,2307040005,이천시 로컬푸드
e_e003980,2,6,2307040006,이안 커피
e_e003980,2,7,2307040007,집
e_e003992,1,1,2306280001,집
e_e003992,1,2,2306280002,행주산성
e_e003992,1,3,2306280003,행주 여행 밀면
e_e003992,1,4,2306280004,행주산성 역사 공원
e_e003992,1,5,2306280005,집
e_e003996,1,1,2307010001,집
e_e003996,1,2,2307010002,구의동 207-30
e_e003996,1,3,2307010003,만해 한용운 심우장
e_e003996,1,4,2307010004,금왕 돈가스 본점
e_e003996,1,5,2307010005,수연산방
e_e003996,1,6,2307010006,서울 한양도성
e_e003996,1,7,2307010007,장면 가옥
e_e003996,1,8,2307010008,동양 서림
e_e003996,1,9,2307010010,명동거리
e_e003996,1,10,2307010009,구의동 207-30
e_e003996,2,1,2307020001,구의동 207-30
e_e003996,2,2,2307020002,설빙 서울 구의점
e_e003996,2,3,2307020003,집
e_e003997,1,1,2307220001,집
e_e003997,1,2,2307220002,다이소 홍대 2호점
e_e003997,1,3,2307220003,홍대엔 파스타
e_e003997,1,4,2307220004,탑텐 홍대 중앙점
e_e003997,1,5,2307220005,스노브
e_e003997,1,6,2307220006,포토 시그니처 상수역점
e_e003997,1,7,2307220007,에이스 보드카페
e_e003997,1,8,2307220008,태산 아파트
e_e003998,1,1,2307020001,집
e_e003998,1,2,2307020002,예술의전당
e_e003998,1,3,2307020003,백년옥 신관
e_e003998,1,4,2307020005,래미안갤러리
e_e003998,1,5,2307020004,송파 책박물관
e_e003998,1,6,2307020006,개구리 막국수 광교상현점
e_e003998,1,7,2307020007,집
e_e003999,1,1,2307030001,집
e_e003999,1,2,2307030003,대상타운 현대아파트
e_e003999,1,3,2307030004,스타필드 하남
e_e003999,1,4,2307030005,명륜 진사갈비 하남 스타필드점
e_e003999,1,5,2307030006,론스타 호텔
e_e003999,1,6,2307030002,집
e_e004005,1,1,2307080001,집
e_e004005,1,2,2307080002,신탄진역
e_e004005,1,3,2307080003,용산역
e_e004005,1,4,2307080004,대한 버거 용산점
e_e004005,1,5,2307080005,국립중앙박물관
e_e004005,1,6,2307080006,용산 기지 미군 장교숙소 부지 입구
e_e004005,1,7,2307080007,몬드리안 서울 이태원
e_e004005,1,8,2307080008,넘버원 양꼬치 보광점
e_e004005,1,9,2307080009,술이랑 빙수
e_e004005,1,10,2307080011,몬드리안 서울 이태원
e_e004005,2,1,2307090001,개미집 용산 아이파크몰점
e_e004005,2,2,2307090002,용산역 경의중앙선
e_e004005,2,3,2307090003,신탄진역
e_e004005,2,4,2307090004,집
e_e004010,1,1,2306300001,집
e_e004010,1,2,2306300002,이마트 남양주점
e_e004010,1,3,2306300003,훈탄 펜션
e_e004010,1,4,2306300004,크래머리 브루어리
e_e004010,1,5,2306300007,훈탄 펜션
e_e004010,2,1,2307010001,스타벅스 리버사이드 대성리DT점
e_e004010,2,2,2307010002,집
e_e004013,1,1,2307060001,집
e_e004013,1,2,2307060002,선바위 메밀 장터 본점
e_e004013,1,3,2307060003,과천향교
e_e004013,1,4,2307060004,관문천
e_e004013,1,5,2307060005,봄
e_e004013,1,6,2307060006,집
e_e004017,1,1,2306280001,집
e_e004017,1,2,2306280002,구리휴게소
e_e004017,1,3,2306280004,파인벨리 글램핑 1호점
e_e004017,1,4,2306280003,파인벨리 글램핑 3호점
e_e004017,2,1,2306290002,파인벨리 글램핑 1호점
e_e004017,2,2,2306290001,집
e_e004018,1,1,2307070001,집
e_e004018,1,2,2307070002,쉐이크쉑 강남스퀘어점
e_e004018,1,3,2307070003,한국민속촌
e_e004018,1,4,2307070004,집
e_e004020,1,1,2307060001,집
e_e004020,1,2,2307060002,오산시립미술관
e_e004020,1,3,2307060003,에버랜드
e_e004020,1,4,2307060004,더블트리 바이 힐튼 서울 판교
e_e004020,2,1,2307070001,설빙 용인 보라점
e_e004020,2,2,2307070002,경기도 어린이 박물관
e_e004020,2,3,2307070003,집
e_e004021,1,1,2307010001,집
e_e004021,1,2,2307010002,서울고속버스터미널(경부)
e_e004021,1,3,2307010003,리샤르 커피 로프터스 약수점
e_e004021,1,4,2307010004,핍스 마트 신당점
e_e004021,1,5,2307010005,로드리 카페
e_e004021,1,6,2307010006,코끼리 만두
e_e004021,1,7,2307010007,동대문디자인플라자
e_e004021,1,8,2307010008,세우나 다방
e_e004021,1,9,2307010009,하이커 그라운드
e_e004021,1,10,2307010010,돈의문 박물관 마을
e_e004021,1,11,2307010011,덕소주공 3단지 아파트
e_e004021,2,1,2307020002,별내 행정복지센터 앞 공원
e_e004021,2,2,2307020003,638DENO 탄탄면
e_e004021,2,3,2307020004,보라 젤라또
e_e004021,2,4,2307020005,성수 연방
e_e004021,2,5,2307020006,성수아트홀(성수 책마루)
e_e004021,2,6,2307020007,디 뮤지엄
e_e004021,2,7,2307020008,동서울 종합터미널
e_e004021,2,8,2307020001,집
e_e004023,1,1,2307070001,집
e_e004023,1,2,2307070002,한탄강관광지 오토캠핑장 캐빈하우스
e_e004023,2,1,2307080001,그린달
e_e004023,2,2,2307080003,파주장단콩 두부
e_e004023,2,3,2307080002,집
e_e004027,1,1,2306270001,집
e_e004027,1,2,2306270003,사노련 숲캠핑장
e_e004027,1,3,2306270002,집
e_e004033,1,1,2307020001,집
e_e004033,1,2,2307020002,베르시(BERCI)
e_e004033,1,3,2307020003,손기정문화 도서관
e_e004033,1,4,2307020004,중림동 약현성당
e_e004033,1,5,2307020005,철길 떡볶이
e_e004033,1,6,2307020006,더 현대 서울
e_e004033,1,7,2307020007,집
e_e004037,1,1,2306260001,집
e_e004037,1,2,2306260002,동대구역
e_e004037,1,3,2306260003,서울역
e_e004037,1,4,2306260004,가양우성아파트
e_e004037,1,5,2306260005,롯데몰 김포공항점
e_e004037,1,6,2306260008,고향 막창구이
e_e004037,1,7,2306260006,가양우성아파트
e_e004037,2,1,2306270001,서울 미트볼 가양점
e_e004037,2,2,2306270002,가양우성아파트
e_e004037,2,3,2306270003,다이소 신촌 본점
e_e004037,2,4,2306270004,김진환제과점
e_e004037,2,5,2306270005,카페 무아상
e_e004037,2,6,2306270006,코와코이로이로
e_e004037,2,7,2306270007,성 마르코
e_e004037,2,8,2306270008,AK플라자 홍대
e_e004037,2,9,2306270009,서울역
e_e004037,2,10,2306270010,스토리웨이
e_e004037,2,11,2306270011,동대구역
e_e004037,2,12,2306270012,집
e_e004042,1,1,2307050001,집
e_e004042,1,2,2307050002,신정네거리역 2호선
e_e004042,1,3,2307050003,용산역
e_e004042,1,4,2307050004,이촌역 4호선
e_e004042,1,5,2307050005,렛츠 런 파크 서울
e_e004042,1,6,2307050006,국립과천과학관
e_e004042,1,7,2307050007,서울대공원
e_e004042,1,8,2307050008,국립현대미술관 과천관
e_e004042,1,9,2307050009,정부 과천 청사
e_e004042,1,10,2307050011,태봉 감자탕
e_e004042,1,11,2307050010,호텔 월
e_e004042,2,1,2307060001,가산디지털단지역 1호선
e_e004042,2,2,2307060002,집
e_e004044,1,1,2306280001,집
e_e004044,1,2,2306280002,오디 티모르 한남점
e_e004044,1,3,2306280003,COS 한남점
e_e004044,1,4,2306280004,스타벅스 한강진역 R점
e_e004044,1,5,2306280005,타크
e_e004044,1,6,2306280006,동대문디자인플라자
e_e004044,1,7,2306280007,동대문디자인플라자(DDP) 동대문 역사 문화공원
e_e004044,1,8,2306280008,김삼보 을지로점
e_e004044,1,9,2306280009,스포렉스
e_e004044,2,1,2306290001,바스 버거 광화문점
e_e004044,2,2,2306290002,교보문고 광화문점
e_e004044,2,3,2306290003,블루 보틀 광화문 카페
e_e004044,2,4,2306290004,세종문화회관 S 시어터
e_e004044,2,5,2306290005,집
e_e004048,1,1,2307010001,집
e_e004048,1,2,2307010003,물향기 수목원
e_e004048,1,3,2307010004,오산 면옥
e_e004048,1,4,2307010005,동탄 화성 카페 어바리 st 맛집
e_e004048,1,5,2307010006,대궐 숯불장어촌
e_e004048,1,6,2307010007,동탄 호수
e_e004048,1,7,2307010002,한화리조트 용인 베잔송
e_e004048,2,1,2307020001,한터 시골 농장
e_e004048,2,2,2307020002,나인 블록 신갈점
e_e004048,2,3,2307020003,집
e_e004050,1,1,2307020001,집
e_e004050,1,2,2307020002,아유 스페이스
e_e004050,1,3,2307020003,스타필드 하남
e_e004050,1,4,2307020004,집
e_e004051,1,1,2307010001,집
e_e004051,1,2,2307010002,궁전
e_e004051,1,3,2307010003,레드브릭 커피하우스
e_e004051,1,4,2307010004,GS25 수원 행리단길점
e_e004051,1,5,2307010005,에버닌
e_e004051,1,6,2307010006,집
e_e004053,1,1,2306270001,집
e_e004053,1,2,2306270002,롯데시네마 별내
e_e004053,1,3,2306270003,덮밥 장사장 별내점
e_e004053,1,4,2306270004,휘뻬흐네티
e_e004053,1,5,2306270006,별내역 경춘선
e_e004053,1,6,2306270005,집
e_e004057,1,1,2306250001,집
e_e004057,1,2,2306250005,호수 앉기
e_e004057,1,3,2306250007,기흥호수 공원
e_e004057,1,4,2306250003,세라젬 웰파크 기흥점
e_e004057,1,5,2306250004,고진하
e_e004057,1,6,2306250006,스타벅스 용인 보정 DT점
e_e004057,1,7,2306250002,집
e_e004058,1,1,2307070001,집
e_e004058,1,2,2307070002,ARE COFFEE
e_e004058,1,3,2307070003,오늘은 돈가스
e_e004058,1,4,2307070004,비브라사비
e_e004058,1,5,2307070005,낯설 여관 24호
e_e004058,1,6,2307070006,집
e_e004062,1,1,2307070001,친구 친지 집
e_e004062,1,2,2307070002,동탄역
e_e004062,1,3,2307070004,JMD coffee
e_e004062,1,4,2307070003,서대문형무소 역사관
e_e004062,1,5,2307070005,종로구립 박노수 미술관
e_e004062,1,6,2307070006,인더시티 비즈니스호텔
e_e004062,1,7,2307070007,서울 선릉과 정릉
e_e004062,1,8,2307070008,인더시티 비즈니스호텔
e_e004062,2,1,2307080001,동탄역 롯데캐슬 오피스텔
e_e004066,1,1,2307020001,집
e_e004066,1,2,2307020002,동대구역
e_e004066,1,3,2307020005,망원한강공원
e_e004066,1,4,2307020003,서울역
e_e004066,1,5,2307020004,망리단길
e_e004066,1,6,2307020006,푸시 오프 커피 앤 바
e_e004066,1,7,2307020007,어글리 베이커리
e_e004066,1,8,2307020008,서울문화재단 서울연극센터
e_e004066,1,9,2307020009,홍익대학교 대학로 아트센터
e_e004066,1,10,2307020010,서울역
e_e004066,1,11,2307020011,동대구역
e_e004066,1,12,2307020012,GS25 달서 하이츠점
e_e004066,1,13,2307020013,집
e_e004071,1,1,2306300001,집
e_e004071,1,2,2306300002,을지로 코업레지던스
e_e004071,1,3,2306300003,경복궁
e_e004071,1,4,2306300004,스파게티가 있는 풍경 광화문역점
e_e004071,1,5,2306300005,널 담은 공간 경복궁점
e_e004071,1,6,2306300006,광화문
e_e004071,1,7,2306300007,stand by me
e_e004071,1,8,2306300008,청계천
e_e004071,1,9,2306300009,을지로 코업레지던스
e_e004071,2,1,2307010002,애즈 라이크
e_e004071,2,2,2307010003,온그라운드 지상사
e_e004071,2,3,2307010001,집
e_e004072,1,1,2307010001,집
e_e004072,1,2,2307010003,장모한상
e_e004072,1,3,2307010004,인천 차이나타운
e_e004072,1,4,2307010009,홍두병 차이나타운점
e_e004072,1,5,2307010008,팟알
e_e004072,1,6,2307010005,인천아트플랫폼
e_e004072,1,7,2307010006,신포 닭강정 본점
e_e004072,1,8,2307010007,타르트야 신포시장 본점
e_e004072,1,9,2307010010,공가네
e_e004072,1,10,2307010002,집
e_e004073,1,1,2306300001,집
e_e004073,1,2,2306300002,남이섬
e_e004073,1,3,2306300003,초원 닭갈비 막국수
e_e004073,1,4,2306300004,칼봉산 자연휴양림
e_e004073,1,5,2306300008,그라티아이 글램핑
e_e004073,2,1,2307010001,청하가 든 막국수
e_e004073,2,2,2307010002,경기도 잣향기 푸른 숲
e_e004073,2,3,2307010003,더 플래츠
e_e004073,2,4,2307010004,집
e_e004074,1,1,2307060001,집
e_e004074,1,2,2307060003,타임뮤지엄
e_e004074,1,3,2307060004,카페 기차가 있는 풍경
e_e004074,1,4,2307060005,화랑대 역사전시관
e_e004074,1,5,2307060006,노원 기차마을 스위스간
e_e004074,1,6,2307060007,경춘선 숲길
e_e004074,1,7,2307060009,명동 홍두깨 손칼국수
e_e004074,1,8,2307060008,공릉동 도깨비시장
e_e004074,1,9,2307060010,가족의 자취방
e_e004074,1,10,2307060011,상상 과자점
e_e004074,1,11,2307060012,경춘철교
e_e004074,1,12,2307060015,가족의 자취방
e_e004074,2,1,2307070002,중랑 장미공원
e_e004074,2,2,2307070001,메트로폴리스
e_e004074,2,3,2307070004,디저트 195
e_e004074,2,4,2307070003,장미꽃빛 거리
e_e004074,2,5,2307070005,집
e_e004076,1,1,2307020001,집
e_e004076,1,2,2307020002,국수야 본점
e_e004076,1,3,2307020004,파라스파라 서울
e_e004076,2,1,2307030001,우디 플레이트
e_e004076,2,2,2307030002,옥류한
e_e004076,2,3,2307030003,트리지움 아파트
e_e004076,2,4,2307030004,집
e_e004084,1,1,2307010001,집
e_e004084,1,2,2307010002,시가 노이에
e_e004084,1,3,2307010003,카페 윙클
e_e004084,1,4,2307010004,에스알이 커피룸
e_e004084,1,5,2307010005,남매 다과점
e_e004084,1,6,2307010006,서서울농협 하나로마트 사직점
e_e004084,1,7,2307010007,서울메트로 미술관
e_e004084,1,8,2307010008,집
e_e004087,1,1,2307080001,집
e_e004087,1,2,2307080002,노량진 드림스퀘어 오피스텔
e_e004087,1,3,2307080003,대장장이 화덕피자
e_e004087,1,4,2307080004,런던 베이글 뮤지엄 안국점
e_e004087,1,5,2307080005,청와대 본관
e_e004087,1,6,2307080006,나정순 할미 주꾸미
e_e004087,1,7,2307080007,노량진 드림스퀘어 오피스텔
e_e004087,2,1,2307090001,아이파크몰 용산점
e_e004087,2,2,2307090002,집
e_e004100,1,1,2307070001,집
e_e004100,1,2,2307070002,캐리비안베이
e_e004100,1,3,2307070003,제줏간 기흥구청점
e_e004100,1,4,2307070004,라고 호텔
e_e004100,2,1,2307080001,보정동 카페거리
e_e004100,2,2,2307080002,역전 가락국수 41 용인 죽전점
e_e004100,2,3,2307080003,오민
e_e004100,2,4,2307080004,맛있는 그릇가게
e_e004100,2,5,2307080005,집
e_e004101,1,1,2306300001,집
e_e004101,1,2,2306300002,춘천역 경춘선
e_e004101,1,3,2306300003,챔피언 125 아이파크몰 용산점
e_e004101,1,4,2306300004,아이파크몰 맞이방 4층 나주곰탕
e_e004101,1,5,2306300005,영풍문고 용산 아이파크점
e_e004101,1,6,2306300006,춘천역
e_e004101,1,7,2306300007,집
e_e004105,1,1,2307080001,집
e_e004105,1,2,2307080003,고기굽는마당
e_e004105,1,3,2307080004,흑이 재
e_e004105,1,4,2307080005,두물머리
e_e004105,1,5,2307080002,집
e_e004107,1,1,2307030001,집
e_e004107,1,2,2307030002,파주출판도시
e_e004107,1,3,2307030003,브릭 룰즈
e_e004107,1,4,2307030004,롯데 프리미엄 아울렛 파주점
e_e004107,1,5,2307030005,집
e_e004114,1,1,2307010001,집
e_e004114,1,2,2307010002,롯데 프리미엄 아울렛 타임 빌라스
e_e004114,1,3,2307010003,전라도 팥 바지락칼국수
e_e004114,1,4,2307010004,코스트코 양재점
e_e004114,1,5,2307010005,집
e_e004116,1,1,2307080001,집
e_e004116,1,2,2307080003,스타벅스 강남 2점
e_e004116,1,3,2307080004,꼬꼬 아찌 숯불치킨 강남역점
e_e004116,1,4,2307080005,이엠지 개판 포차
e_e004116,1,5,2307080002,집
e_e004118,1,1,2307080001,집
e_e004118,1,2,2307080003,알코홀릭 드링크
e_e004118,1,3,2307080004,풍천 장어 곱창 백화점
e_e004118,1,4,2307080005,오늘도 달달해
e_e004118,1,5,2307080006,파크 마린 호텔
e_e004118,1,6,2307080002,파크 마린 호텔
e_e004118,2,1,2307090002,연경 차이나타운 본점
e_e004118,2,2,2307090003,중국제과 담 1호점
e_e004118,2,3,2307090004,송월동 동화마을
e_e004118,2,4,2307090005,포레스트아웃팅스 송도점
e_e004118,2,5,2307090001,집
e_e004122,1,1,2307070001,집
e_e004122,1,2,2307070002,선밸리 호텔 워터파크
e_e004122,1,3,2307070003,이정옥
e_e004122,1,4,2307070004,여주대학교
e_e004122,1,5,2307070006,남한강 선밸리 호텔
e_e004122,2,1,2307080003,장수 막국수
e_e004122,2,2,2307080001,훈이네 빵 카페
e_e004122,2,3,2307080002,신세계 프리미엄 아울렛 여주
e_e004122,2,4,2307080004,여주 농촌테마공원 본관
e_e004122,2,5,2307080005,집
e_e004127,1,1,2307060001,집
e_e004127,1,2,2307060003,능동 미나리
e_e004127,1,3,2307060004,국립중앙박물관
e_e004127,1,4,2307060005,팀호완 용산점
e_e004127,1,5,2307060006,아이파크몰 용산점
e_e004127,1,6,2307060007,포비 용산점
e_e004127,1,7,2307060002,집
e_e004128,1,1,2307080001,집
e_e004128,1,2,2307080002,홍대 앞 걷고 싶은 거리
e_e004128,1,3,2307080003,홍대 패션거리
e_e004128,1,4,2307080004,집
e_e004132,1,1,2306300005,집
e_e004132,1,2,2306300003,모쿠슈라 프렌치카페
e_e004132,1,3,2306300001,심학산 도토리 국수 본점
e_e004132,1,4,2306300002,심학산 둘레길
e_e004132,1,5,2306300004,공릉저수지
e_e004132,1,6,2306300006,집
e_e004135,1,1,2306300001,집
e_e004135,1,2,2306300002,시흥하늘휴게소 일산방향
e_e004135,1,3,2306300003,충청도 횟집
e_e004135,1,4,2306300004,소래역사관
e_e004135,1,5,2306300005,해오름 근린공원
e_e004135,1,6,2306300006,새우 타워
e_e004135,1,7,2306300007,집
e_e004136,1,1,2307080001,집
e_e004136,1,2,2307080002,이요이
e_e004136,1,3,2307080003,단오
e_e004136,1,4,2307080004,남창동 열린 문화공간
e_e004136,1,5,2307080005,광교 레이크 아트홀
e_e004136,1,6,2307080006,수원 화성
e_e004136,1,7,2307080007,집
e_e004140,1,1,2307070001,집
e_e004140,1,2,2307070003,곤지암 리조트 생태하천
e_e004140,1,3,2307070002,곤지암리조트
e_e004140,2,1,2307080001,곤지암리조트 곤지암 루지 36
e_e004140,2,2,2307080002,포레 스트리트
e_e004140,2,3,2307080003,곤지암 하늘공원
e_e004140,2,4,2307080004,집
e_e004141,1,1,2307010001,집
e_e004141,1,2,2307010002,고도식 잠실점
e_e004141,1,3,2307010003,킴스 델리 마켓
e_e004141,1,4,2307010004,파로스 관광호텔
e_e004141,1,5,2307010005,잠실종합운동장 올림픽 주경기장(싸이 흠뻑 쇼)
e_e004141,1,6,2307010006,파로스 관광호텔
e_e004141,1,7,2307010009,파로스 관광호텔
e_e004141,2,1,2307020001,위커 파크 웨스트
e_e004141,2,2,2307020002,커피빈 석촌호수점
e_e004141,2,3,2307020003,집
e_e004142,1,1,2307160001,집
e_e004142,1,2,2307160003,황금성
e_e004142,1,3,2307160005,자일 랜드 글램핑
e_e004142,2,1,2307170001,한양 갈비
e_e004142,2,2,2307170002,카페 세 그루
e_e004142,2,3,2307170003,집
e_e004146,1,1,2307220001,집
e_e004146,1,2,2307220002,서울대입구역 2호선
e_e004146,1,3,2307220003,신도림역 1호선
e_e004146,1,4,2307220005,셀렉트 커피 관악역점
e_e004146,1,5,2307220006,삼막사계곡
e_e004146,1,6,2307220007,삼막골 산채 보리밥
e_e004146,1,7,2307220008,커피 볶는 정 본점
e_e004146,1,8,2307220009,21아울렛 안양점
e_e004146,1,9,2307220010,우리 마트
e_e004146,1,10,2307220011,에버던 호텔
e_e004146,2,1,2307230001,투썸플레이스 안양예술공원점
e_e004146,2,2,2307230002,청춘 생고기 왕갈비탕 전문점
e_e004146,2,3,2307230003,안양예술공원
e_e004146,2,4,2307230004,집
e_e004148,1,1,2307110001,집
e_e004148,1,2,2307110002,청담동 마녀 김밥 서울대입구역점
e_e004148,1,3,2307110003,카메라타
e_e004148,1,4,2307110004,나인 블록 출판도시점
e_e004148,1,5,2307110005,파스쿠찌 파주 지혜의 숲점
e_e004148,1,6,2307110007,GS25 파주 문벌 사랑 점
e_e004148,1,7,2307110008,반디 호텔
e_e004148,2,1,2307120001,미메시스 아트 뮤지엄
e_e004148,2,2,2307120002,갈대의 집 본점
e_e004148,2,3,2307120003,행간과 여백
e_e004148,2,4,2307120004,교보문고 합정점
e_e004148,2,5,2307120005,집
e_e004149,1,1,2307160001,집
e_e004149,1,2,2307160003,팔당 반점 여의도 BNK 직영점
e_e004149,1,3,2307160005,IFC 몰
e_e004149,1,4,2307160006,더 현대 서울
e_e004149,1,5,2307160002,콘래드 서울
e_e004149,1,6,2307160007,야무진 여의도점
e_e004149,1,7,2307160004,콘래드 서울
e_e004149,2,1,2307170001,바스 버거 여의도점
e_e004149,2,2,2307170002,IFC 몰
e_e004149,2,3,2307170003,카페꼼마얀쿠브레 여의도 신영증권점
e_e004149,2,4,2307170004,집
e_e004151,1,1,2306290001,집
e_e004151,1,2,2306290003,독산역 1호선
e_e004151,1,3,2306290007,카페 필로스
e_e004151,1,4,2306290004,용산역 1호선
e_e004151,1,5,2306290005,용산공원
e_e004151,1,6,2306290006,블루스퀘어 신한카드홀
e_e004151,1,7,2306290008,한강진 역 6호선
e_e004151,1,8,2306290009,철산역 7호선
e_e004151,1,9,2306290002,집
e_e004154,1,1,2307010001,집
e_e004154,1,2,2307010002,호우 섬 더 현대 서울점
e_e004154,1,3,2307010003,알트원 더 현대 서울
e_e004154,1,4,2307010004,카페 레이어드 더 현대 서울점
e_e004154,1,5,2307010005,대양 회관 꼭 그 닭 잠실점
e_e004154,1,6,2307010006,GS25 수원선일 점
e_e004154,1,7,2307010007,집
e_e004162,1,1,2306290001,집
e_e004162,1,2,2306290002,청주 시외버스터미널
e_e004162,1,3,2306290003,센트럴시티터미널(호남)
e_e004162,1,4,2306290004,국립중앙박물관
e_e004162,1,5,2306290005,국립 한글 박물관
e_e004162,1,6,2306290006,회목 순댓국 광화문 1호점
e_e004162,1,7,2306290007,호텔아비숑
e_e004162,1,8,2306290008,조계사
e_e004162,1,9,2306290009,호텔아비숑
e_e004162,2,1,2306300001,대한민국역사박물관
e_e004162,2,2,2306300002,서울공예 박물관
e_e004162,2,3,2306300003,롯데리아 남부터미널점
e_e004162,2,4,2306300004,서울남부터미널
e_e004162,2,5,2306300005,청주 시외버스터미널
e_e004162,2,6,2306300006,집
e_e004165,1,1,2307010001,집
e_e004165,1,2,2307010003,세미원
e_e004165,1,3,2307010004,육 통이네 연잎밥 연잎 돌솥밥
e_e004165,1,4,2307010002,집
e_e004166,1,1,2307080001,집
e_e004166,1,2,2307080002,수원 화성
e_e004166,1,3,2307080003,광교 아이파크 아파트(잔디광장 벤츠 전시회)
e_e004166,1,4,2307080004,미래 문제 상담소(사주)
e_e004166,1,5,2307080005,피멘토
e_e004166,1,6,2307080006,남문로데오 청소년문화공연장
e_e004166,1,7,2307080007,남문로데오시장
e_e004166,1,8,2307080008,신풍과
e_e004166,1,9,2307080009,배스킨라빈스 수원 남문점
e_e004166,1,10,2307080010,용성통닭 본점
e_e004166,1,11,2307080011,집
e_e004168,1,1,2307150001,집
e_e004168,1,2,2307150003,웨스틴조선 서울 라운지 앤 바
e_e004168,1,3,2307150004,명동교자 분점
e_e004168,1,4,2307150005,버프 스토어 명동역점
e_e004168,1,5,2307150006,아트 몬
e_e004168,1,6,2307150007,팝 마트 롯데 영 플라자 본점
e_e004168,1,7,2307150002,집
e_e004172,1,1,2307080001,집
e_e004172,1,2,2307080002,천안아산역
e_e004172,1,3,2307080003,문에이 스튜디오
e_e004172,1,4,2307080004,포웨이스탑 CAFE & WINE SHOP
e_e004172,1,5,2307080005,스위스그랜드호텔 서울
e_e004172,2,1,2307090002,섹터 커피나
e_e004172,2,2,2307090001,공릉 닭 한 마리 충무로점
e_e004172,2,3,2307090003,청계천
e_e004172,2,4,2307090004,블루 보틀 광화문 카페
e_e004172,2,5,2307090005,서울역
e_e004172,2,6,2307090006,집
e_e004173,1,1,2306300001,친구 친지 집
e_e004173,1,2,2306300002,평택 황토 참숯가마
e_e004173,1,3,2306300003,평택 헤르메스 호텔
e_e004173,1,4,2306300004,평택 헤르메스 호텔
e_e004173,2,1,2307010001,리스 바비큐 하우스 포승 본점
e_e004173,2,2,2307010002,메인스트리트
e_e004173,2,3,2307010003,평택 마린센터
e_e004173,2,4,2307010004,충남 아산시 탕정면
e_e004174,1,1,2307030001,집
e_e004174,1,2,2307030002,노원역 7호선
e_e004174,1,3,2307030003,홈플러스 서울 상봉점
e_e004174,1,4,2307030006,영재교
e_e004174,1,5,2307030005,휴 아일랜드 펜션
e_e004174,2,1,2307040002,가평역 경춘선
e_e004174,2,2,2307040001,집
e_e004187,1,1,2307010001,집
e_e004187,1,2,2307010003,우화
e_e004187,1,3,2307010004,키프
e_e004187,1,4,2307010005,지진 실내 구호소 서수원 칠보 체육관
e_e004187,1,5,2307010002,집
e_e004190,1,1,2307080001,집
e_e004190,1,2,2307080002,이마트 묵동점
e_e004190,1,3,2307080003,유명산 258오토 캠핑장
e_e004190,1,4,2307080004,어비산 어비계곡
e_e004190,1,5,2307080006,유명산 258오토 캠핑장
e_e004190,2,1,2307090001,국립유명산 자연휴양림
e_e004190,2,2,2307090002,유명산 258오토 캠핑장
e_e004190,2,3,2307090003,오롯이 꽃
e_e004190,2,4,2307090004,집
e_e004194,1,1,2307030001,집
e_e004194,1,2,2307030003,율동 공원
e_e004194,1,3,2307030004,18커피 로프터스
e_e004194,1,4,2307030005,타임 포파이
e_e004194,1,5,2307030006,18커피 로프터스
e_e004194,1,6,2307030007,토나 리스 시
e_e004194,1,7,2307030002,집
e_e004195,1,1,2307080001,집
e_e004195,1,2,2307080003,빅토리아 GC
e_e004195,1,3,2307080004,나들목
e_e004195,1,4,2307080005,용인휴게소 서창방향
e_e004195,1,5,2307080002,집
e_e004205,1,1,2307010001,집
e_e004205,1,2,2307010002,행궁 애월
e_e004205,1,3,2307010003,행궁동 벽화마을
e_e004205,1,4,2307010004,수원시립미술관
e_e004205,1,5,2307010005,수원 화성 박물관
e_e004205,1,6,2307010006,카페 스퀘어드
e_e004205,1,7,2307010007,화성행궁
e_e004205,1,8,2307010008,캐비닛 베이글
e_e004205,1,9,2307010011,미미 상점
e_e004205,1,10,2307010009,하쿠
e_e004205,1,11,2307010010,집
e_e004207,1,1,2306290001,집
e_e004207,1,2,2306290002,송원
e_e004207,1,3,2306290004,갓 구운 빵장수
e_e004207,1,4,2306290003,트라움 풀빌라 글램핑 카라반
e_e004207,2,1,2306300001,가평레저벨리카트장
e_e004207,2,2,2306300002,쁘띠프랑스
e_e004207,2,3,2306300003,포레나 광교상현 아파트
e_e004214,1,1,2307010001,집
e_e004214,1,2,2307010003,남산골 한옥마을
e_e004214,1,3,2307010004,필동면옥
e_e004214,1,4,2307010005,영동 골방
e_e004214,1,5,2307010006,태극당
e_e004214,1,6,2307010002,집
e_e004215,1,1,2307010001,집
e_e004215,1,2,2307010002,새들러 하우스
e_e004215,1,3,2307010003,프로젝트 프로덕트
e_e004215,1,4,2307010004,삼성 강남
e_e004215,1,5,2307010005,일상 비일상의 틈
e_e004215,1,6,2307010006,땀 땀
e_e004215,1,7,2307010007,잠실종합운동장
e_e004215,1,8,2307010008,청 치킨 본점
e_e004215,1,9,2307010009,월 호텔
e_e004215,2,1,2307020001,롯데월드타워
e_e004215,2,2,2307020002,석촌호수 서호
e_e004215,2,3,2307020003,피자덕후 피자힙 잠실 송리단길점
e_e004215,2,4,2307020004,슈아
e_e004215,2,5,2307020005,노티스 잠실
e_e004215,2,6,2307020006,집
e_e004219,1,1,2306300001,집
e_e004219,1,2,2306300002,익산역 서 주차장
e_e004219,1,3,2306300003,용산역
e_e004219,1,4,2306300004,당인리 책 발전소
e_e004219,1,5,2306300005,용산공원
e_e004219,1,6,2306300006,국립 한글 박물관
e_e004219,1,7,2306300007,국립중앙박물관
e_e004219,1,8,2306300008,나인 트리 프리미어 호텔 인사동
e_e004219,1,9,2306300009,북촌 한옥마을
e_e004219,1,10,2306300010,스페이스 오
e_e004219,1,11,2306300012,나인 트리 프리미어 호텔 인사동
e_e004219,2,1,2307010001,안국 아메리칸 브런치 카페
e_e004219,2,2,2307010002,그라운드 시소 서촌
e_e004219,2,3,2307010003,롯데백화점 본점
e_e004219,2,4,2307010004,스타벅스 명동 입구점
e_e004219,2,5,2307010005,용산역
e_e004219,2,6,2307010006,익산역 서 주차장
e_e004219,2,7,2307010007,집
e_e004222,1,1,2307070001,집
e_e004222,1,2,2307070003,동대문디자인플라자
e_e004222,1,3,2307070004,동묘시장
e_e004222,1,4,2307070005,세운 전자상가
e_e004222,1,5,2307070002,집
e_e004225,1,1,2306290001,집
e_e004225,1,2,2306290009,디지털미디어시티역 6호선
e_e004225,1,3,2306290010,당정역 1호선
e_e004225,1,4,2306290003,한세대학교
e_e004225,1,5,2306290004,즐거운 돈가스
e_e004225,1,6,2306290005,커피 인더스트리 본점
e_e004225,1,7,2306290006,한세대학교
e_e004225,1,8,2306290011,당정역 1호선
e_e004225,1,9,2306290012,AK플라자 수원
e_e004225,1,10,2306290007,국립 농업박물관
e_e004225,1,11,2306290013,국립 농업박물관 버스정류장
e_e004225,1,12,2306290014,수원역
e_e004225,1,13,2306290015,당정역 1호선
e_e004225,1,14,2306290008,방일 해장국 당정점
e_e004225,1,15,2306290016,당정역 1호선
e_e004225,1,16,2306290017,디지털미디어시티역 6호선
e_e004225,1,17,2306290002,집
e_e004228,1,1,2307010001,집
e_e004228,1,2,2307010002,장성식 본점
e_e004228,1,3,2307010003,비만이 가든 미사
e_e004228,1,4,2307010004,손상원 클라이밍 짐
e_e004228,1,5,2307010005,파네트리 제과명장 김영모
e_e004228,1,6,2307010006,집
e_e004230,1,1,2307020001,집
e_e004230,1,2,2307020002,본 수원갈비 본점
e_e004230,1,3,2307020003,장안문
e_e004230,1,4,2307020004,라프터 커피나
e_e004230,1,5,2307020005,집
e_e004233,1,1,2307010001,집
e_e004233,1,2,2307010002,행주산성 원조 국숫집
e_e004233,1,3,2307010003,헤이리 예술마을
e_e004233,1,4,2307010004,파주 프리미엄 아울렛
e_e004233,1,5,2307010005,하나로마트 양재점
e_e004233,1,6,2307010006,집
e_e004234,1,1,2307010001,집
e_e004234,1,2,2307010003,소래습지생태공원
e_e004234,1,3,2307010004,폴로 관광호텔
e_e004234,1,4,2307010005,대게 수산 소래포구점
e_e004234,1,5,2307010006,소래포구 전통 어시장
e_e004234,1,6,2307010002,폴로 관광호텔
e_e004234,2,1,2307020002,소래역사관
e_e004234,2,2,2307020003,새우 타워
e_e004234,2,3,2307020004,소래 강릉 짬뽕 순두부
e_e004234,2,4,2307020001,집
e_e004237,1,1,2307020001,집
e_e004237,1,2,2307020002,롯데 프리미엄 아울렛 타임 빌라스
e_e004237,1,3,2307020003,집
e_e004238,1,1,2307010001,사무실
e_e004238,1,2,2307010002,아쿠아 필드 안성
e_e004238,1,3,2307010003,스타필드 안성
e_e004238,1,4,2307010004,호텔 마리아
e_e004238,2,1,2307020001,농협안성팜랜드
e_e004238,2,2,2307020002,북극해 고등어 안성 공도점
e_e004238,2,3,2307020003,광명역 파크자이 아파트
e_e004240,1,1,2307010001,집
e_e004240,1,2,2307010002,이케아 광명점
e_e004240,1,3,2307010003,롯데시네마 광명 아울렛
e_e004240,1,4,2307010004,휴먼시아 7단지 아파트
e_e004240,2,1,2307020001,한내 근린공원
e_e004240,2,2,2307020002,전주 콩뿌리 콩나물국밥
e_e004240,2,3,2307020003,광명시 소하 도서관
e_e004240,2,4,2307020004,도덕성
e_e004240,2,5,2307020005,영광 수산 장어 1번가
e_e004240,2,6,2307020006,이케아 광명점
e_e004240,2,7,2307020007,집
e_e004241,1,1,2307010001,집
e_e004241,1,2,2307010002,국립서울현충원
e_e004241,1,3,2307010003,흑석시장
e_e004241,1,4,2307010004,중앙대학교 서울캠퍼스
e_e004241,1,5,2307010005,청호 아파트
e_e004241,2,1,2307020001,달마사
e_e004241,2,2,2307020002,명동거리
e_e004241,2,3,2307020003,집
e_e004243,1,1,2307010001,집
e_e004243,1,2,2307010002,현우동
e_e004243,1,3,2307010003,이비스 앰배서더호텔 인사동
e_e004243,1,4,2307010010,경복궁
e_e004243,1,5,2307010011,스쿠버 젤라또
e_e004243,1,6,2307010012,홈 오브 하이
e_e004243,1,7,2307010004,부트 카페 서촌
e_e004243,1,8,2307010013,뿌잉 레코드
e_e004243,1,9,2307010005,여의도 한강공원
e_e004243,1,10,2307010009,이비스 앰배서더호텔 인사동
e_e004243,2,1,2307020002,도트 블랭킷 삼청한옥점
e_e004243,2,2,2307020003,런던 베이글 뮤지엄 안국점
e_e004243,2,3,2307020004,오브젝트 삼청점
e_e004243,2,4,2307020005,탬버린즈 삼청점
e_e004243,2,5,2307020007,감고 당길
e_e004243,2,6,2307020006,센트럴시티터미널(호남)
e_e004243,2,7,2307020001,집
e_e004245,1,1,2307020001,집
e_e004245,1,2,2307020002,영동교집 장안직영점
e_e004245,1,3,2307020003,허밍 버드
e_e004245,1,4,2307020004,망우역사 문화공원
e_e004245,1,5,2307020005,함흥 본가면옥 건대점
e_e004245,1,6,2307020006,앤유 PC
e_e004245,1,7,2307020007,집
e_e004247,1,1,2307020001,집
e_e004247,1,2,2307020002,호텔베뉴지
e_e004247,1,3,2307020003,총각네 붕어빵
e_e004247,1,4,2307020004,광장 찰핫도그
e_e004247,1,5,2307020005,모녀 꼬마 마약김밥
e_e004247,1,6,2307020006,공간 갑
e_e004247,1,7,2307020007,하루 필름 을지로
e_e004247,1,8,2307020008,원조 만선 모프 
e_e004247,1,9,2307020009,드래건 포차 종로점
e_e004247,1,10,2307020010,오늘 술집 주다방 서울 건대점
e_e004247,1,11,2307020011,호텔베뉴지
e_e004247,2,1,2307030001,깡통 만두
e_e004247,2,2,2307030002,비담
e_e004247,2,3,2307030003,북촌 한옥마을
e_e004247,2,4,2307030004,익선 주택
e_e004247,2,5,2307030005,집
e_e004251,1,1,2307010001,집
e_e004251,1,2,2307010002,산음리 211
e_e004251,1,3,2307010003,계곡
e_e004251,1,4,2307010004,친지 집
e_e004251,2,1,2307020001,양평 신내 서울 해장국
e_e004251,2,2,2307020002,빵빵해요
e_e004251,2,3,2307020003,찌깐한커피숍
e_e004251,2,4,2307020004,집
e_e004254,1,1,2306300001,집
e_e004254,1,2,2306300002,일산 테크노타운
e_e004254,1,3,2306300003,아이파크몰 용산점
e_e004254,1,4,2306300004,서울 드래건 시티
e_e004254,2,1,2307010001,아이파크몰 용산점
e_e004254,2,2,2307010002,잠실종합운동장 올림픽 주경기장
e_e004254,2,3,2307010003,집
e_e004256,1,1,2306270001,집
e_e004256,1,2,2306270003,양평 휴게 주유소 서울 방향
e_e004256,1,3,2306270004,오포짓스탠다드
e_e004256,1,4,2306270005,불광동 독도 주꾸미
e_e004256,1,5,2306270006,플로
e_e004256,1,6,2306270002,오포짓스탠다드
e_e004256,2,1,2306280001,롯데백화점 강남점
e_e004256,2,2,2306280002,집
e_e004268,1,1,2307020001,집
e_e004268,1,2,2307020002,롯데마트 은평점
e_e004268,1,3,2307020003,서울 북한산 카라반
e_e004268,1,4,2307020004,스타벅스 더 북한산점
e_e004268,1,5,2307020005,서울 북한산 카라반
e_e004268,2,1,2307030001,독도체험관
e_e004268,2,2,2307030002,온기정 타임스퀘어점
e_e004268,2,3,2307030003,집
e_e004281,1,1,2307010001,집
e_e004281,1,2,2307010002,GS25 금곡 센트럴점
e_e004281,1,3,2307010003,수원 KT 소닉붐 아레나
e_e004281,1,4,2307010004,바론 빵집
e_e004281,1,5,2307010005,수원 KT 소닉붐 아레나
e_e004281,1,6,2307010006,합
e_e004281,1,7,2307010007,도미닉 커피 랩
e_e004281,1,8,2307010008,멕시카나치킨 우만점
e_e004281,1,9,2307010009,친지 집
e_e004281,2,1,2307020001,집
e_e004288,1,1,2307010001,집
e_e004288,1,2,2307010002,동대문디자인플라자
e_e004288,1,3,2307010003,광장시장
e_e004288,1,4,2307010004,한지문화산업센터
e_e004288,1,5,2307010005,북한산 더 숍 아파트
e_e004288,2,1,2307020001,무계원
e_e004288,2,2,2307020002,윤동주문학관
e_e004288,2,3,2307020003,윤동주 시인의 언덕
e_e004288,2,4,2307020004,통인시장
e_e004288,2,5,2307020005,메가 MGC 커피 경복궁역점
e_e004288,2,6,2307020006,집
e_e004291,1,1,2307080001,집
e_e004291,1,2,2307080002,기흥휴게소 주유소 부산방향
e_e004291,1,3,2307080003,동탄 헤리움 오피스텔
e_e004291,1,4,2307080004,동탄 곤드레
e_e004291,1,5,2307080005,디 아쿠아
e_e004291,1,6,2307080006,플라잉 타이거 코펜하겐 롯데백화점 동탄점
e_e004291,1,7,2307080007,롯데시네마 동탄
e_e004291,1,8,2307080008,다은 공영주차장(나 광장) 전기차 충전소
e_e004291,1,9,2307080009,포토 그레이 동탄 북광장점
e_e004291,1,10,2307080010,제일 참치
e_e004291,1,11,2307080015,동탄 헤리움 오피스텔
e_e004291,2,1,2307090001,이케아 기흥점
e_e004291,2,2,2307090002,참 고깃간 동탄점
e_e004291,2,3,2307090003,동탄 헤리움 오피스텔
e_e004291,2,4,2307090004,집
e_e004294,1,1,2307010001,집
e_e004294,1,2,2307010002,위례 주제공원 물놀이장
e_e004294,1,3,2307010003,스시 이안 위례점
e_e004294,1,4,2307010004,스타필드 시티 위례
e_e004294,1,5,2307010005,개울 테라스
e_e004294,1,6,2307010006,집
e_e004295,1,1,2307190001,집
e_e004295,1,2,2307190002,광화문광장
e_e004295,1,3,2307190003,교보문고 광화문점
e_e004295,1,4,2307190004,어스 어스 서촌점
e_e004295,1,5,2307190006,무궁화동산
e_e004295,1,6,2307190005,집
e_e004300,1,1,2307010001,집
e_e004300,1,2,2307010002,래미안솔베뉴아파트
e_e004300,1,3,2307010003,나팔
e_e004300,1,4,2307010004,김가네 명일역점
e_e004300,1,5,2307010005,강일 테니스장
e_e004300,1,6,2307010006,삼대냉면 명일점
e_e004300,1,7,2307010007,서건 미사 메트로타워 오피스텔
e_e004300,1,8,2307010008,미사 경정공원 조정 카누경기장
e_e004300,1,9,2307010009,나인 커피
e_e004300,1,10,2307010010,백스 비어 하남미사점
e_e004300,1,11,2307010011,서건 미사 메트로타워 오피스텔
e_e004300,2,1,2307020001,미사 호수 공원
e_e004300,2,2,2307020002,쉬즈 베이글 미사역점
e_e004300,2,3,2307020003,화서시장
e_e004300,2,4,2307020004,컴포즈커피 수원 화서시장점
e_e004300,2,5,2307020005,집
e_e004304,1,1,2307150001,집
e_e004304,1,2,2307150002,용산역
e_e004304,1,3,2307150004,금별 맥주 종로점
e_e004304,1,4,2307150003,북촌 한옥마을
e_e004304,1,5,2307150005,집
e_e004309,1,1,2307080001,집
e_e004309,1,2,2307080003,롯데백화점 청량리점
e_e004309,1,3,2307080004,너만 보여 크루아상
e_e004309,1,4,2307080005,휘경 어린이 공원
e_e004309,1,5,2307080006,휘경 해모로 프레스티지 아파트
e_e004309,1,6,2307080007,봉황공원
e_e004309,1,7,2307080002,휘경 해모로 프레스티지 아파트
e_e004309,2,1,2307090002,장진영 간장게장
e_e004309,2,2,2307090003,폴 바셋 한남 커피 스테이션 로스트 웍스
e_e004309,2,3,2307090004,휘경 해모로 프레스티지 아파트
e_e004309,2,4,2307090001,집
e_e004310,1,1,2307010001,집
e_e004310,1,2,2307010002,도그 스포 지움 송추점
e_e004310,1,3,2307010003,여자친구 집
e_e004313,1,1,2307070001,사무실
e_e004313,1,2,2307070002,하람 게스트하우스
e_e004313,1,3,2307070003,일산 호수공원
e_e004313,1,4,2307070004,일산 시장
e_e004313,1,5,2307070005,연탄 갈비
e_e004313,1,6,2307070006,하람 게스트하우스
e_e004313,2,1,2307080002,밤 다시 마을
e_e004313,2,2,2307080001,베이 먼트
e_e004313,2,3,2307080003,바로 디저트
e_e004313,2,4,2307080004,땡스 비건
e_e004313,2,5,2307080005,제로 웨이스트 숍 도토리 상점
e_e004313,2,6,2307080006,하이 쓰리 파인즈
e_e004313,2,7,2307080007,2리 식당
e_e004313,2,8,2307080008,집
e_e004315,1,1,2307010001,집
e_e004315,1,2,2307010003,천안 고속버스터미널
e_e004315,1,3,2307010004,서울고속버스터미널(경부)
e_e004315,1,4,2307010005,애슐리 퀸즈 뉴코아 강남점
e_e004315,1,5,2307010006,신세계 팩토리 스토어 강남점
e_e004315,1,6,2307010007,한가람 문구 반포 본점
e_e004315,1,7,2307010008,신세계백화점 강남점
e_e004315,1,8,2307010009,고투몰
e_e004315,1,9,2307010010,반포 한강공원
e_e004315,1,10,2307010011,서울고속버스터미널(경부)
e_e004315,1,11,2307010012,천안 고속버스터미널
e_e004315,1,12,2307010002,집
e_e004317,1,1,2308050001,집
e_e004317,1,2,2308050003,석천 가든
e_e004317,1,3,2308050004,포천아트밸리
e_e004317,1,4,2308050005,비둘기낭폭포
e_e004317,1,5,2308050006,산정호수
e_e004317,1,6,2308050007,무임의
e_e004317,1,7,2308050002,집
e_e004320,1,1,2306300001,집
e_e004320,1,2,2306300002,스타벅스 대전터미널점
e_e004320,1,3,2306300003,대전역
e_e004320,1,4,2306300004,영등포역
e_e004320,1,5,2306300005,하남돼지집 문래점
e_e004320,1,6,2306300006,오류동역 솔리스타
e_e004320,2,1,2307010001,개봉중학교
e_e004320,2,2,2307010002,219
e_e004320,2,3,2307010003,롯데역사
e_e004320,2,4,2307010004,대전역
e_e004320,2,5,2307010005,집
e_e004324,1,1,2307080001,집
e_e004324,1,2,2307080002,현대 프리미엄 아울렛 스페이스 원
e_e004324,1,3,2307080003,고재와 옹기의 만남
e_e004324,1,4,2307080004,친척 집
e_e004324,2,1,2307090001,묘적사계곡
e_e004324,2,2,2307090002,묘적사
e_e004324,2,3,2307090003,교감 막국수
e_e004324,2,4,2307090004,집
e_e004326,1,1,2307080001,집
e_e004326,1,2,2307080002,홈플러스 익스프레스 북변점
e_e004326,1,3,2307080003,풍년마을 3단지 대림아파트
e_e004326,1,4,2307080004,할리스 김포한강 생태공원점
e_e004326,1,5,2307080005,김포한강야생조류생태공원
e_e004326,1,6,2307080006,한국야생조류보호 협회
e_e004326,1,7,2307080007,피자 아볼로 김포점
e_e004326,1,8,2307080008,풍년마을 3단지 대림아파트
e_e004326,2,1,2307090001,집
e_e004333,1,1,2307290004,집
e_e004333,1,2,2307290001,밥상편지
e_e004333,1,3,2307290002,인천도시 역사관
e_e004333,1,4,2307290003,G 타워
e_e004333,1,5,2307290005,채드윅 송도 국제 학교
e_e004333,1,6,2307290006,NC 큐브 커넬워크 겨울 동
e_e004333,1,7,2307290007,집
e_e004334,1,1,2306300001,집
e_e004334,1,2,2306300002,천안아산역
e_e004334,1,3,2306300003,수서역
e_e004334,1,4,2306300004,에그 슬럿 코엑스점
e_e004334,1,5,2306300005,코엑스 C 홀
e_e004334,1,6,2306300006,코엑스
e_e004334,1,7,2306300008,어니언 안국점
e_e004334,1,8,2306300007,웰빙 쌀빵
e_e004334,1,9,2306300009,본궁
e_e004334,1,10,2306300010,롯데시티 호텔 마포
e_e004334,1,11,2306300013,롯데시티 호텔 마포
e_e004334,2,1,2307010002,롯데시티 호텔 마포
e_e004334,2,2,2307010003,백채김치찌개 합정점
e_e004334,2,3,2307010004,서울역
e_e004334,2,4,2307010001,집
e_e004336,1,1,2306300001,집
e_e004336,1,2,2306300005,사당역 사거리
e_e004336,1,3,2306300003,수원 KT 소닉붐 아레나
e_e004336,1,4,2306300004,피자 먹다 금곡점
e_e004336,1,5,2306300006,사당역 사거리
e_e004336,1,6,2306300002,집
e_e004338,1,1,2307090001,집
e_e004338,1,2,2307090002,김포공항역 공항철도
e_e004338,1,3,2307090003,남산 둘레길
e_e004338,1,4,2307090004,하우스
e_e004338,1,5,2307090005,타임스퀘어
e_e004338,1,6,2307090006,집
e_e004340,1,1,2307020001,집
e_e004340,1,2,2307020003,명현만 간장게장 무한리필 합정점
e_e004340,1,3,2307020004,올에 무스
e_e004340,1,4,2307020005,카페 솔트
e_e004340,1,5,2307020006,벌투 인더스트리얼 철산 로데오점
e_e004340,1,6,2307020002,집
e_e004341,1,1,2307170001,집
e_e004341,1,2,2307170002,녹사평역 6호선
e_e004341,1,3,2307170003,롸카두들 내슈빌 핫치킨 이태원점
e_e004341,1,4,2307170004,무진장
e_e004341,1,5,2307170005,몬드리안 서울 이태원
e_e004341,1,6,2307170006,라플랑끄
e_e004341,1,7,2307170012,몬드리안 서울 이태원
e_e004341,2,1,2307180002,쏭타이 이태원점
e_e004341,2,2,2307180003,놀숲 이태원점
e_e004341,2,3,2307180004,로컬 빌라 베이글
e_e004341,2,4,2307180005,이태원역 6호선
e_e004341,2,5,2307180006,사당역 2호선
e_e004341,2,6,2307180001,집
e_e004342,1,1,2307030001,집
e_e004342,1,2,2307030002,구로디지털단지역 2호선
e_e004342,1,3,2307030003,상동역 7호선
e_e004342,1,4,2307030004,통통 왕돈가스 상동 직영점
e_e004342,1,5,2307030005,상동호수 공원
e_e004342,1,6,2307030006,포스터 호텔
e_e004342,1,7,2307030007,부천아트 벙커 B39
e_e004342,1,8,2307030008,이마트 중동점
e_e004342,1,9,2307030009,부천 시청
e_e004342,1,10,2307030010,홈플러스 부천 상동점
e_e004342,1,11,2307030011,포스터 호텔
e_e004342,2,1,2307040001,현대백화점 유플렉스 중동점
e_e004342,2,2,2307040002,현대백화점 중동점
e_e004342,2,3,2307040003,안중근공원
e_e004342,2,4,2307040004,한국만화 박물관
e_e004342,2,5,2307040005,CGV 소풍
e_e004342,2,6,2307040006,피자몰 뉴코아 부천점
e_e004342,2,7,2307040007,CGV 소풍
e_e004342,2,8,2307040009,구로디지털단지역 2호선
e_e004342,2,9,2307040008,집
e_e004344,1,1,2307010001,집
e_e004344,1,2,2307010002,남문 통닭 수원 본점
e_e004344,1,3,2307010003,수원 화성 박물관
e_e004344,1,4,2307010004,부터(Booter)
e_e004344,1,5,2307010005,봉주르 61-2(옷 가게)
e_e004344,1,6,2307010006,화성행궁
e_e004344,1,7,2307010007,화성 남양 시티 프라디움 4차 아파트
e_e004344,2,1,2307020001,바비레드 수원점
e_e004344,2,2,2307020002,일월 수목원
e_e004344,2,3,2307020003,이디야커피 수원 일월공원점
e_e004344,2,4,2307020004,폴 바셋 AK플라자 수원점
e_e004344,2,5,2307020005,집
e_e004349,1,1,2307280001,집
e_e004349,1,2,2307280002,쉐이크쉑 용산점
e_e004349,1,3,2307280003,아이파크몰 용산점
e_e004349,1,4,2307280004,이마트 용산점
e_e004349,1,5,2307280005,나인 트리 프리미어 로카우스 호텔 서울 용산
e_e004349,1,6,2307280006,이 치유 여의도점
e_e004349,1,7,2307280007,여의도 한강공원
e_e004349,1,8,2307280008,바보
e_e004349,1,9,2307280009,나인 트리 프리미어 로카우스 호텔 서울 용산
e_e004349,2,1,2307290002,나인 트리 프리미어 로카우스 호텔 서울 용산
e_e004349,2,2,2307290001,버드 더 카페
e_e004349,2,3,2307290003,집
e_e004354,1,1,2307010001,집
e_e004354,1,2,2307010002,콩 카페 부천 중동점
e_e004354,1,3,2307010003,부천중앙공원
e_e004354,1,4,2307010004,지우네 회 포차
e_e004354,1,5,2307010005,집
e_e004357,1,1,2307010001,집
e_e004357,1,2,2307010002,마스터 커피 가평점
e_e004357,1,3,2307010004,남이섬
e_e004357,1,4,2307010003,스카이라인 짚와이어
e_e004357,1,5,2307010005,자라섬
e_e004357,1,6,2307010006,남이섬 아리수 닭갈비
e_e004357,1,7,2307010007,스타벅스 남이섬점
e_e004357,1,8,2307010008,소나무집 송어회
e_e004357,1,9,2307010012,캐비아 가족펜션
e_e004357,2,1,2307020001,쁘띠프랑스
e_e004357,2,2,2307020002,고우다
e_e004357,2,3,2307020003,집
e_e004360,1,1,2307010001,집
e_e004360,1,2,2307010002,망우역 경의중앙선
e_e004360,1,3,2307010003,부천역 1호선
e_e004360,1,4,2307010004,맥도날드 부천북부역점
e_e004360,1,5,2307010005,디스코 팡팡
e_e004360,1,6,2307010006,캐치스톤 클라이밍 짐
e_e004360,1,7,2307010007,승우 네 오리랑 돼지랑
e_e004360,1,8,2307010008,부천역 1호선
e_e004360,1,9,2307010009,망우역 경의중앙선
e_e004360,1,10,2307010010,집
e_e004369,1,1,2307030001,집
e_e004369,1,2,2307030002,오 마카세오 사이 초밥 송도점
e_e004369,1,3,2307030003,더 리얼 카페
e_e004369,1,4,2307030004,올라 카이 송도파크호텔
e_e004369,1,5,2307030005,트리플 스트리트
e_e004369,1,6,2307030006,조명탄
e_e004369,1,7,2307030011,올라 카이 송도파크호텔
e_e004369,2,1,2307040002,송도 한옥마을
e_e004369,2,2,2307040003,올라 카이 송도파크호텔
e_e004369,2,3,2307040004,한남동 자리
e_e004369,2,4,2307040001,집
e_e004371,1,1,2307080001,집
e_e004371,1,2,2307080002,강남역 이스턴
e_e004371,1,3,2307080003,파육칼
e_e004371,1,4,2307080004,두물머리
e_e004371,1,5,2307080005,강이다
e_e004371,1,6,2307080006,집
e_e004372,1,1,2307010001,집
e_e004372,1,2,2307010004,서울고속버스터미널(경부)
e_e004372,1,3,2307010003,이태원 우육 미엔
e_e004372,1,4,2307010005,한남동 카페거리
e_e004372,1,5,2307010006,현대백화점 압구정본점
e_e004372,1,6,2307010007,서린 낙지
e_e004372,1,7,2307010008,롯데 영 플라자 본점
e_e004372,1,8,2307010009,금강 하이츠
e_e004372,1,9,2307010010,CGV 불광
e_e004372,1,10,2307010002,친구 집
e_e004372,2,1,2307020001,디스 포인트
e_e004372,2,2,2307020002,카페다
e_e004372,2,3,2307020003,스니커즈 언박스드 서울
e_e004372,2,4,2307020004,더풋샵 미아사거리점
e_e004372,2,5,2307020005,스시로 미아점
e_e004372,2,6,2307020006,서울고속버스터미널(경부)
e_e004372,2,7,2307020007,집
e_e004373,1,1,2306300001,사무실
e_e004373,1,2,2306300002,임진각 평화누리
e_e004373,1,3,2306300003,임진각 평화 곤돌라
e_e004373,1,4,2306300004,프로방스 마을
e_e004373,1,5,2306300005,말똥 도넛 파주점
e_e004373,1,6,2306300006,한 끼 두 끼
e_e004373,1,7,2306300007,운정 호수 공원
e_e004373,1,8,2306300008,파크뷰 테라스
e_e004373,1,9,2306300009,운정 호수 공원
e_e004373,1,10,2306300010,파크뷰 테라스
e_e004373,2,1,2307010001,파주 프리미엄 아울렛
e_e004373,2,2,2307010002,헤이리 예술마을
e_e004373,2,3,2307010003,일산 호수공원
e_e004373,2,4,2307010004,푸르지오 2차 아파트
e_e004379,1,1,2307150001,집
e_e004379,1,2,2307150002,파우더 커피나
e_e004379,1,3,2307150003,러키 스티키
e_e004379,1,4,2307150004,스미디
e_e004379,1,5,2307150005,ABC마트 ST 서울대입구역점
e_e004379,1,6,2307150006,짱 오락실 서울대 입구점
e_e004379,1,7,2307150007,호텔 린
e_e004379,2,1,2307160001,백소장 서울대입구역점
e_e004379,2,2,2307160002,집
e_e004380,1,1,2307010001,집
e_e004380,1,2,2307010002,송도 달빛축제공원
e_e004380,1,3,2307010003,포레스트아웃팅스 송도점
e_e004380,1,4,2307010004,집
e_e004381,1,1,2307010001,집
e_e004381,1,2,2307010003,용산역
e_e004381,1,3,2307010004,장교숙소 5단지(용산공원 반환부지)
e_e004381,1,4,2307010005,카페 후암동
e_e004381,1,5,2307010006,산동 만두
e_e004381,1,6,2307010007,위플 NFT 갤러리
e_e004381,1,7,2307010008,용산역
e_e004381,1,8,2307010002,집
e_e004384,1,1,2307160001,집
e_e004384,1,2,2307160002,창경궁
e_e004384,1,3,2307160004,유니플렉스
e_e004384,1,4,2307160003,미도인 종로점
e_e004384,1,5,2307160005,집
e_e004387,1,1,2307060001,집
e_e004387,1,2,2307060003,두물머리
e_e004387,1,3,2307060004,두물머리 연 핫도그
e_e004387,1,4,2307060005,소문난 연 칼국수 샤브
e_e004387,1,5,2307060002,해피스토리 펜션
e_e004387,2,1,2307070001,강계 봉진 막국수
e_e004387,2,2,2307070002,탐앤탐스 여주 천서리점
e_e004387,2,3,2307070003,집
e_e004391,1,1,2307080001,집
e_e004391,1,2,2307080003,청와대 본관
e_e004391,1,3,2307080004,성우 육회
e_e004391,1,4,2307080005,어니언 4호점
e_e004391,1,5,2307080006,안산 자락길
e_e004391,1,6,2307080002,집
e_e004392,1,1,2307080001,집
e_e004392,1,2,2307080006,평촌역 4호선
e_e004392,1,3,2307080007,동작역 9호선
e_e004392,1,4,2307080008,봉은사역 9호선
e_e004392,1,5,2307080003,대한불교조계종 봉은사
e_e004392,1,6,2307080004,스타필드 코엑스몰
e_e004392,1,7,2307080009,봉은사역 9호선
e_e004392,1,8,2307080010,보라매역 7호선
e_e004392,1,9,2307080002,친척 집
e_e004392,2,1,2307090002,신원시장
e_e004392,2,2,2307090003,두끼떡볶이 신림역점
e_e004392,2,3,2307090004,타임 스트림
e_e004392,2,4,2307090005,신림역 2호선
e_e004392,2,5,2307090001,집
e_e004393,1,1,2307210001,집
e_e004393,1,2,2307210002,원주 시외버스터미널
e_e004393,1,3,2307210003,수원 시외버스터미널
e_e004393,1,4,2307210004,뉴에 호텔
e_e004393,1,5,2307210005,금산 소금구이
e_e004393,1,6,2307210007,뉴에 호텔
e_e004393,2,1,2307220001,세이쥬쿠
e_e004393,2,2,2307220002,류 옹
e_e004393,2,3,2307220003,화성행궁
e_e004393,2,4,2307220004,청년 공유 오피스
e_e004393,2,5,2307220005,체리 커피 수원점
e_e004393,2,6,2307220006,때지네 매우매오
e_e004393,2,7,2307220007,수원 버스터미널
e_e004393,2,8,2307220008,원주종합버스터미널
e_e004393,2,9,2307220009,집
e_e004395,1,1,2307150001,집
e_e004395,1,2,2307150002,예술의전당 한가람미술관
e_e004395,1,3,2307150003,봉산옥 서초동 본점
e_e004395,1,4,2307150004,더 현대 서울
e_e004395,1,5,2307150005,집
e_e004396,1,1,2307150001,집
e_e004396,1,2,2307150002,무다 이
e_e004396,1,3,2307150003,다이소 가평 현리점
e_e004396,1,4,2307150004,동북엘앤알 현리점
e_e004396,1,5,2307150006,가평 프리미엄 키즈 풀빌라
e_e004396,2,1,2307160001,이마트 포천점
e_e004396,2,2,2307160002,집
e_e004398,1,1,2307020001,집
e_e004398,1,2,2307020003,시티 극동아파트
e_e004398,1,3,2307020004,천호동 자전거 거리
e_e004398,1,4,2307020005,롯데월드타워 롯데월드몰
e_e004398,1,5,2307020006,장원 닭 한 마리
e_e004398,1,6,2307020002,집
e_e004402,1,1,2307010001,집
e_e004402,1,2,2307010002,별내 별가 남역 4호선
e_e004402,1,3,2307010003,청학 밸리 리조트
e_e004402,1,4,2307010004,장어 캠프
e_e004402,1,5,2307010005,집
e_e004409,1,1,2307020001,숙소
e_e004409,1,2,2307020002,신세계 프리미엄 아울렛 여주
e_e004409,1,3,2307020004,풍산 주유소
e_e004409,1,4,2307020005,한양대학교 구리병원
e_e004409,1,5,2307020006,롯데리아 평택 고덕국제점
e_e004409,1,6,2307020003,평택 고덕 어울림 스퀘어 아파트
e_e004415,1,1,2307280001,집
e_e004415,1,2,2307280002,CU E 별내 휴게소 포천 방향점
e_e004415,1,3,2307280003,가채리 54
e_e004415,1,4,2307280005,두대리 용소 폭포
e_e004415,1,5,2307280004,가평 베이스캠프 펜션
e_e004415,2,1,2307290001,플로리
e_e004415,2,2,2307290002,에이미 테이블
e_e004415,2,3,2307290003,집
e_e004416,1,1,2307220001,친구 친지 집
e_e004416,1,2,2307220002,보건복지행정타운
e_e004416,1,3,2307220003,크리스 월드
e_e004416,1,4,2307220004,둘레길 숯불닭갈비
e_e004416,1,5,2307220005,가평군 농협 하나로마트 자라점
e_e004416,1,6,2307220007,크리스 월드 수상 레저
e_e004416,1,7,2307220006,크리스 월드
e_e004416,2,1,2307230001,코미 호미 카페
e_e004416,2,2,2307230002,친구 친지 집
e_e004417,1,1,2307220001,집
e_e004417,1,2,2307220003,스타필드 고양
e_e004417,1,3,2307220002,복 많네 해물칼국수
e_e004417,1,4,2307220004,라이브러리 스테이 지지향
e_e004417,2,1,2307230001,아시아출판문화 정보 센터 지혜의 숲 1관
e_e004417,2,2,2307230003,Aat
e_e004417,2,3,2307230002,집
e_e004421,1,1,2307270001,집
e_e004421,1,2,2307270002,미다스 호텔 리조트
e_e004421,2,1,2307280002,미다스 호텔 리조트
e_e004421,2,2,2307280001,집
e_e004422,1,1,2307140002,집
e_e004422,1,2,2307140007,축령산 자연휴양림
e_e004422,2,1,2307150002,GS25 수동외방리아점
e_e004422,2,2,2307150003,리하이
e_e004422,2,3,2307150004,탑텐 남양주 화도 점
e_e004422,2,4,2307150005,코오롱 세이브 플라자 남양주점
e_e004422,2,5,2307150001,친정 부모님 댁
e_e004423,1,1,2307140001,집
e_e004423,1,2,2307140002,심학산 도토리 국수 본점
e_e004423,1,3,2307140003,헤이리 예술마을
e_e004423,1,4,2307140004,프로방스 마을
e_e004423,1,5,2307140005,집
e_e004432,1,1,2307070001,집
e_e004432,1,2,2307070003,홀스메이트
e_e004432,1,3,2307070004,어천 낚시터
e_e004432,1,4,2307070002,집
e_e004434,1,1,2307220001,집
e_e004434,1,2,2307220003,백소장 미금역점
e_e004434,1,3,2307220004,디저트 39 분당 미금점
e_e004434,1,4,2307220005,천사의 도시 ll 오피스텔
e_e004434,1,5,2307220006,수원 월드컵 경기장 보조경기장
e_e004434,1,6,2307220007,울진 죽변항
e_e004434,1,7,2307220002,천사의 도시 ll 오피스텔
e_e004434,2,1,2307230002,동대문 엽기 떡볶이 분당 미금점
e_e004434,2,2,2307230001,집
e_e004443,1,1,2307020001,집
e_e004443,1,2,2307020003,포천아트밸리
e_e004443,1,3,2307020004,소문난 이동갈비
e_e004443,1,4,2307020005,산정호수
e_e004443,1,5,2307020006,비둘기낭폭포
e_e004443,1,6,2307020007,한탄강 하늘다리
e_e004443,1,7,2307020002,집
e_e004447,1,1,2307010001,집
e_e004447,1,2,2307010002,메가 MGC 커피 동암 남부역점
e_e004447,1,3,2307010003,동대문 닭 한 마리 골목
e_e004447,1,4,2307010004,송정 식당
e_e004447,1,5,2307010005,매머드 익스프레스 동대문종합시장점
e_e004447,1,6,2307010006,동대문종합시장 A동 상가
e_e004447,1,7,2307010007,백미다 현대 시티 아울렛 동대문점
e_e004447,1,8,2307010008,밀리오레
e_e004447,1,9,2307010009,동대문디자인플라자
e_e004447,1,10,2307010010,고투몰
e_e004447,1,11,2307010011,집
e_e004449,1,1,2307090001,집
e_e004449,1,2,2307090002,가평 양떼목장
e_e004449,1,3,2307090003,옛집
e_e004449,1,4,2307090004,가평 라무 키즈 글램핑
e_e004449,1,5,2307090005,가평 라무 키즈 글램핑
e_e004449,2,1,2307100001,아침고요 수목원
e_e004449,2,2,2307100002,집
e_e004451,1,1,2307020001,집
e_e004451,1,2,2307020002,3.1운동기념터 보신각 앞
e_e004451,1,3,2307020003,신라스테이 광화문
e_e004451,1,4,2307020004,스타벅스 종로구청점
e_e004451,1,5,2307020005,조계사
e_e004451,1,6,2307020006,집
e_e004455,1,1,2307220001,집
e_e004455,1,2,2307220002,가락시장
e_e004455,1,3,2307220003,동서울 대학교
e_e004455,1,4,2307220005,양평 팰리스 펜션
e_e004455,2,1,2307230004,동동 국숫집
e_e004455,2,2,2307230002,레펠
e_e004455,2,3,2307230003,성남 볼링센터
e_e004455,2,4,2307230001,가락 삼환아파트
e_e004457,1,1,2307080001,집
e_e004457,1,2,2307080002,수원역
e_e004457,1,3,2307080003,영등포역
e_e004457,1,4,2307080004,ALT.1 더 현대 서울 현대백화점
e_e004457,1,5,2307080005,판다 익스프레스 여의도 IFC 몰점
e_e004457,1,6,2307080006,마호가니 커피 여의도점
e_e004457,1,7,2307080007,더 현대 서울
e_e004457,1,8,2307080008,여의도 한강공원
e_e004457,1,9,2307080009,여의나루역 5호선
e_e004457,1,10,2307080010,수원역 1호선
e_e004457,1,11,2307080011,집
e_e004459,1,1,2307100001,집
e_e004459,1,2,2307100002,경복궁역 3호선
e_e004459,1,3,2307100003,한복남 경복궁점
e_e004459,1,4,2307100004,경복궁
e_e004459,1,5,2307100005,국립고궁박물관
e_e004459,1,6,2307100006,한복남 경복궁점
e_e004459,1,7,2307100007,경복궁역 3호선
e_e004459,1,8,2307100008,집
e_e004463,1,1,2307010001,집
e_e004463,1,2,2307010003,팔달산
e_e004463,1,3,2307010004,수원 화성 서장대
e_e004463,1,4,2307010005,수원 화성 화서문
e_e004463,1,5,2307010006,수원시립미술관
e_e004463,1,6,2307010007,킵댓 본점
e_e004463,1,7,2307010008,콜마 키친
e_e004463,1,8,2307010009,모티프
e_e004463,1,9,2307010010,무니 버스
e_e004463,1,10,2307010014,쏠 스트리트
e_e004463,1,11,2307010011,탭
e_e004463,1,12,2307010012,무니 버스 2호점
e_e004463,1,13,2307010013,장안문
e_e004463,1,14,2307010002,북수원 스파 플렉스
e_e004463,2,1,2307020002,일월 수목원
e_e004463,2,2,2307020004,동장대
e_e004463,2,3,2307020005,화성 관광열차 안내소 연무대 매표소
e_e004463,2,4,2307020006,플라잉 수원
e_e004463,2,5,2307020007,창룡문
e_e004463,2,6,2307020008,카자 구루메
e_e004463,2,7,2307020009,팜투하녹
e_e004463,2,8,2307020010,브로콜리 숲
e_e004463,2,9,2307020011,지동 슈퍼
e_e004463,2,10,2307020012,방화수류정
e_e004463,2,11,2307020013,수원 화성 화홍문
e_e004463,2,12,2307020014,정지영커피로스터즈 행궁 본점
e_e004463,2,13,2307020015,화성행궁
e_e004463,2,14,2307020001,집
e_e004464,1,1,2307170001,사무실
e_e004464,1,2,2307170002,정읍역
e_e004464,1,3,2307170003,용산역
e_e004464,1,4,2307170004,니커보커 베이글
e_e004464,1,5,2307170005,스타벅스 석촌호수점
e_e004464,1,6,2307170006,한국계 방이 직영점
e_e004464,1,7,2307170007,롯데월드타워
e_e004464,1,8,2307170009,다이소 송파구청점
e_e004464,1,9,2307170008,석촌호수 서호
e_e004464,1,10,2307170010,호텔 더캐슬 1호점
e_e004464,2,1,2307180001,아쿠아 가든 카페 롯데월드타워점
e_e004464,2,2,2307180002,나이키 롯데월드타워점
e_e004464,2,3,2307180003,육전 면사무소 수서역점
e_e004464,2,4,2307180004,이마트 수서점
e_e004464,2,5,2307180005,매머드 익스프레스
e_e004464,2,6,2307180006,수서역
e_e004464,2,7,2307180007,정읍역
e_e004464,2,8,2307180008,집
e_e004466,1,1,2307020001,집
e_e004466,1,2,2307020002,천안아산역
e_e004466,1,3,2307020003,서울역
e_e004466,1,4,2307020004,숙대 입구역 4호선
e_e004466,1,5,2307020005,호텔 더 디자이너스 서울역점
e_e004466,1,6,2307020006,러브러브 돈가스 오므라이스
e_e004466,1,7,2307020007,메가 MGC 커피 숙대 입구역점
e_e004466,1,8,2307020008,사카이 숙대 입구점
e_e004466,1,9,2307020009,투썸플레이스 숙대 입구역점
e_e004466,1,10,2307020010,올리브영 숙대 입구역점
e_e004466,1,11,2307020011,호텔 더 디자이너스 서울역점
e_e004466,2,1,2307030001,숙대 입구역 4호선
e_e004466,2,2,2307030002,이촌한강공원
e_e004466,2,3,2307030003,용산역
e_e004466,2,4,2307030004,아산역
e_e004466,2,5,2307030005,집
e_e004468,1,1,2307220001,집
e_e004468,1,2,2307220003,어 로프 슬라이스 피스
e_e004468,1,3,2307220004,아미르
e_e004468,1,4,2307220005,커피빈 용인역북점
e_e004468,1,5,2307220006,바비큐 팩토리
e_e004468,1,6,2307220002,집
e_e004472,1,1,2307060001,집
e_e004472,1,2,2307060003,맥심 플랜트
e_e004472,1,3,2307060004,오월의 종 한남점
e_e004472,1,4,2307060005,리움미술관
e_e004472,1,5,2307060007,소담 상회
e_e004472,1,6,2307060008,현대카드 바이닐앤플라스틱
e_e004472,1,7,2307060002,집
e_e004473,1,1,2307150001,집
e_e004473,1,2,2307150002,에버랜드
e_e004473,1,3,2307150003,골든 튤립에버 용인 호텔
e_e004473,2,1,2307160001,못골종합시장
e_e004473,2,2,2307160002,남문 통닭 수원 본점
e_e004473,2,3,2307160003,수원시립미술관
e_e004473,2,4,2307160004,라프터 커피나
e_e004473,2,5,2307160005,플라잉 수원
e_e004473,2,6,2307160006,창룡문
e_e004473,2,7,2307160008,한국관
e_e004473,2,8,2307160007,집
e_e004479,1,1,2307010001,집
e_e004479,1,2,2307010002,팔당 추계 국수 본점
e_e004479,1,3,2307010004,스타필드 하남
e_e004479,1,4,2307010003,집
e_e004481,1,1,2307010001,집
e_e004481,1,2,2307010003,벨리 하우스
e_e004481,1,3,2307010004,수원시립미술관
e_e004481,1,4,2307010005,방화수류정
e_e004481,1,5,2307010006,검은 쇠새끼 수원역 직영점
e_e004481,1,6,2307010002,호텔 가던
e_e004481,2,1,2307020002,행궁동 벽화마을
e_e004481,2,2,2307020003,매트 그린
e_e004481,2,3,2307020004,버건디
e_e004481,2,4,2307020005,롯데 프리미엄 아울렛 타임 빌라스
e_e004481,2,5,2307020006,왕돈가스 왕냉면
e_e004481,2,6,2307020001,집
e_e004482,1,1,2307010001,집
e_e004482,1,2,2307010003,홀리몰리
e_e004482,1,3,2307010002,집
e_e004485,1,1,2307060001,집
e_e004485,1,2,2307060002,홍천 휴게소 서울 방향
e_e004485,1,3,2307060004,하노이의 아침 인사점
e_e004485,1,4,2307060005,아띠슈
e_e004485,1,5,2307060003,인사아트센터
e_e004485,1,6,2307060010,양재근린공원
e_e004485,1,7,2307060009,친지 집
e_e004485,2,1,2307070001,우기 고기
e_e004485,2,2,2307070002,집
e_e004486,1,1,2307020001,집
e_e004486,1,2,2307020002,연안 식당(홍두깨 손칼국수)
e_e004486,1,3,2307020003,경기북부 어린이 박물관
e_e004486,1,4,2307020004,집
e_e004488,1,1,2307030001,집
e_e004488,1,2,2307030003,춘천역 경춘선
e_e004488,1,3,2307030004,용산역
e_e004488,1,4,2307030005,아이파크몰 용산점
e_e004488,1,5,2307030006,먼지 용산
e_e004488,1,6,2307030007,오설록 티하우스 오설록 1979
e_e004488,1,7,2307030008,포토 이즘 박스 용리단길점
e_e004488,1,8,2307030009,아이파크몰 용산점
e_e004488,1,9,2307030010,용산역
e_e004488,1,10,2307030011,춘천역 경춘선
e_e004488,1,11,2307030002,집
e_e004489,1,1,2307280001,집
e_e004489,1,2,2307280003,다다 떡볶이
e_e004489,1,3,2307280004,성원 1차 아파트
e_e004489,1,4,2307280005,반 미 샌드
e_e004489,1,5,2307280006,정발산
e_e004489,1,6,2307280007,정발산공원
e_e004489,1,7,2307280008,고양아람누리
e_e004489,1,8,2307280009,일산 호수공원
e_e004489,1,9,2307280002,성원 1차 아파트
e_e004489,2,1,2307290001,청킹에쏘
e_e004489,2,2,2307290002,정발산 배드민턴클럽
e_e004489,2,3,2307290003,일산 칼국수 본점
e_e004489,2,4,2307290004,벨라 시타
e_e004489,2,5,2307290005,무 멋
e_e004489,2,6,2307290006,성원 1차 아파트
e_e004489,2,7,2307290007,집
e_e004499,1,1,2307290001,집
e_e004499,1,2,2307290002,이옥진 시인 마을 제빵소
e_e004499,1,3,2307290003,투뿔전
e_e004499,1,4,2307290004,집
e_e004500,1,1,2307150001,집
e_e004500,1,2,2307150002,파주출판도시
e_e004500,1,3,2307150003,헤이리 예술마을 나만의 오르골 체험공방
e_e004500,1,4,2307150004,헤이리 예술마을 영토 문화관 독도(휴관) 및 에로틱 뮤지엄
e_e004500,1,5,2307150005,트릭아트
e_e004500,1,6,2307150006,물고기자리
e_e004500,1,7,2307150010,말이 별 펜션
e_e004500,1,8,2307150007,우담 가든 본점
e_e004500,1,9,2307150008,프로방스 마을
e_e004500,1,10,2307150009,말이 별 펜션
e_e004500,2,1,2307160001,장파 교회
e_e004500,2,2,2307160002,임진각 평화누리
e_e004500,2,3,2307160003,율곡 습지공원
e_e004500,2,4,2307160004,류재은 베이커리 본점
e_e004500,2,5,2307160005,집
e_e004503,1,1,2307020001,집
e_e004503,1,2,2307020002,최 chef의 헤이리
e_e004503,1,3,2307020003,미메시스 아트 뮤지엄
e_e004503,1,4,2307020005,아트센터 화이트 블록
e_e004503,1,5,2307020004,지혜의 숲 주차장
e_e004503,1,6,2307020006,집
e_e004505,1,1,2307300001,집
e_e004505,1,2,2307300002,또 보겠지 떡볶이집 호호 피크닉점
e_e004505,1,3,2307300003,스타벅스 합정 폴리스 R점
e_e004505,1,4,2307300004,메세나 폴리스몰
e_e004505,1,5,2307300005,롯데시네마 합정
e_e004505,1,6,2307300006,월드컵 경기장 역 6호선
e_e004505,1,7,2307300007,서울월드컵경기장
e_e004505,1,8,2307300008,집
e_e004506,1,1,2308050001,집
e_e004506,1,2,2308050002,트레이더스 홀세일 클럽 하남점
e_e004506,1,3,2308050003,양평 해장국 설악점
e_e004506,1,4,2308050004,라퓨타리조트
e_e004506,1,5,2308050005,아이언 수상 레저
e_e004506,1,6,2308050006,라퓨타리조트
e_e004506,2,1,2308060001,남이섬
e_e004506,2,2,2308060002,마장 에스에이치빌 아파트
e_e004510,1,1,2307290001,집
e_e004510,1,2,2307290002,오수휴게소 완주 방향
e_e004510,1,3,2307290003,예스파크
e_e004510,1,4,2307290004,야반
e_e004510,1,5,2307290005,광주요 이천 센터점
e_e004510,1,6,2307290006,롯데 프리미엄 아울렛 이천점
e_e004510,1,7,2307290007,현대백화점 판교점
e_e004510,1,8,2307290008,서머셋 센트럴 분당
e_e004510,2,1,2307300001,현대백화점 판교점
e_e004510,2,2,2307300002,안성휴게소 부산방향
e_e004510,2,3,2307300003,집
e_e004511,1,1,2307200001,집
e_e004511,1,2,2307200003,진접역 4호선
e_e004511,1,3,2307200004,봉선사
e_e004511,1,4,2307200005,광릉숲길
e_e004511,1,5,2307200006,국립수목원
e_e004511,1,6,2307200008,국립수목원 진입도로
e_e004511,1,7,2307200007,24시 전주 명가 콩나물국밥 진접점
e_e004511,1,8,2307200009,집
e_e004515,1,1,2307020001,집
e_e004515,1,2,2307020002,라면 세상
e_e004515,1,3,2307020007,삼산 회관 구리 돌 다리 점
e_e004515,1,4,2307020005,조 앤 더 주스 남양주점
e_e004515,1,5,2307020006,현대 프리미엄 아울렛 스페이스 원
e_e004515,1,6,2307020008,호텔야자 구리 수택점
e_e004515,1,7,2307020004,집
e_e004520,1,1,2307210001,사무실
e_e004520,1,2,2307210002,스타필드 하남
e_e004520,1,3,2307210003,브레드쏭 하남점
e_e004520,1,4,2307210004,별내 5로 35
e_e004525,1,1,2307090001,집
e_e004525,1,2,2307090002,봉선사
e_e004525,1,3,2307090003,광릉숲길
e_e004525,1,4,2307090004,광릉
e_e004525,1,5,2307090005,카페분용원
e_e004525,1,6,2307090006,집
e_e004547,1,1,2307080001,집
e_e004547,1,2,2307080002,백남준아트센터
e_e004547,1,3,2307080003,경기도 어린이 박물관
e_e004547,1,4,2307080004,화성행궁
e_e004547,1,5,2307080005,집
e_e004548,1,1,2307080001,집
e_e004548,1,2,2307080002,서대구 고속버스터미널
e_e004548,1,3,2307080003,선산휴게소 양평방향
e_e004548,1,4,2307080004,서울고속버스터미널(경부)
e_e004548,1,5,2307080005,서울시립미술관 서소문 본관
e_e004548,1,6,2307080006,온 더
e_e004548,1,7,2307080007,잠실한강공원
e_e004548,1,8,2307080008,잠실새내역 2호선
e_e004548,1,9,2307080009,한강 게스트하우스
e_e004548,1,10,2307080010,여의도 한강공원
e_e004548,1,11,2307080011,한강 게스트하우스
e_e004548,2,1,2307090001,코엑스
e_e004548,2,2,2307090003,노브랜드 버거 고속 터미널점
e_e004548,2,3,2307090002,서울고속버스터미널(경부)
e_e004548,2,4,2307090004,선산휴게소 환승정류소(하행)
e_e004548,2,5,2307090005,서대구 고속버스터미널
e_e004548,2,6,2307090006,집
e_e004549,1,1,2307220001,집
e_e004549,1,2,2307220003,시흥 오이도 박물관
e_e004549,1,3,2307220004,거북성
e_e004549,1,4,2307220005,호텔 시에로
e_e004549,1,5,2307220006,칼리가리 박사의 밀실
e_e004549,1,6,2307220002,호텔 시에로
e_e004549,2,1,2307230001,방일 해장국
e_e004549,2,2,2307230002,카페 화
e_e004549,2,3,2307230003,안산 별망 어촌 문화관
e_e004549,2,4,2307230004,집
e_e004551,1,1,2307030001,집
e_e004551,1,2,2307030002,구포역
e_e004551,1,3,2307030003,서울역
e_e004551,1,4,2307030004,스타벅스 강남구청역점
e_e004551,1,5,2307030005,서울 선릉과 정릉
e_e004551,1,6,2307030006,평가옥 삼성점
e_e004551,1,7,2307030007,친구 사무실
e_e004551,1,8,2307030008,역삼 까치공원
e_e004551,1,9,2307030009,호텔 캘리포니아
e_e004551,1,10,2307030010,신동궁 감자탕 역삼 본점
e_e004551,1,11,2307030011,호텔 캘리포니아
e_e004551,2,1,2307040001,북창동 음식거리
e_e004551,2,2,2307040002,애성 회관
e_e004551,2,3,2307040003,덕수궁 돌담길
e_e004551,2,4,2307040004,서울시립미술관 서소문 본관
e_e004551,2,5,2307040005,리에에 와플 더뷰
e_e004551,2,6,2307040006,현대 프리미엄 아울렛 김포점
e_e004551,2,7,2307040007,h654 현대 프리미엄 아울렛 김포점
e_e004551,2,8,2307040008,김포국제공항 국내선
e_e004551,2,9,2307040009,김해국제공항 국내선 청사
e_e004551,2,10,2307040010,남성선파크타운아파트
e_e004552,1,1,2307070001,집
e_e004552,1,2,2307070003,망향비빔국수 궁평 본점
e_e004552,1,3,2307070004,세라비 한옥 카페
e_e004552,1,4,2307070005,재인폭포
e_e004552,1,5,2307070002,또바기 스파 글램핑
e_e004552,2,1,2307080002,산골 농원
e_e004552,2,2,2307080003,수수 카페
e_e004552,2,3,2307080004,두물머리
e_e004552,2,4,2307080001,집
e_e004557,1,1,2307260001,집
e_e004557,1,2,2307260003,용산 마루
e_e004557,1,3,2307260004,국립중앙박물관
e_e004557,1,4,2307260005,온 더 홀
e_e004557,1,5,2307260006,로파 서울
e_e004557,1,6,2307260007,삼층 로비
e_e004557,1,7,2307260002,집
e_e004561,1,1,2307220001,집
e_e004561,1,2,2307220002,슐츠 커피
e_e004561,1,3,2307220003,시흥 배곧 한울 공원
e_e004561,1,4,2307220004,까사미아 신세계사이먼 시흥 아울렛점
e_e004561,1,5,2307220005,봄이 보리밥 배곧점
e_e004561,1,6,2307220006,벽적 골 9단지 주공아파트
e_e004563,1,1,2307260001,집
e_e004563,1,2,2307260002,연어로만
e_e004563,1,3,2307260003,웨이브 파크
e_e004563,1,4,2307260005,호텔 시에로
e_e004563,1,5,2307260006,제이 캠프
e_e004563,1,6,2307260004,호텔 시에로
e_e004563,2,1,2307270001,오이도 빨강등대
e_e004563,2,2,2307270002,서울 마포구 홍이로 25
e_e004565,1,1,2307090001,집
e_e004565,1,2,2307090002,박성광 해물 손칼국수 심학산점
e_e004565,1,3,2307090003,롯데 프리미엄 아울렛 파주점
e_e004565,1,4,2307090004,더티 트렁크
e_e004565,1,5,2307090005,파주출판 단지 근린공원
e_e004565,1,6,2307090006,집
e_e004567,1,1,2307130001,집
e_e004567,1,2,2307130002,상동호수 공원
e_e004567,1,3,2307130003,부천한옥체험마을
e_e004567,1,4,2307130005,홈플러스 부천 상동점
e_e004567,1,5,2307130004,부천터미널 소풍
e_e004567,1,6,2307130006,스타필드 시티 부천
e_e004567,1,7,2307130007,집
e_e004573,1,1,2307040001,집
e_e004573,1,2,2307040002,광장시장
e_e004573,1,3,2307040007,나무 호텔
e_e004573,2,1,2307050001,동묘시장
e_e004573,2,2,2307050002,동묘공원
e_e004573,2,3,2307050003,서울시립미술관 서소문 본관
e_e004573,2,4,2307050004,집
e_e004575,1,1,2307150001,집
e_e004575,1,2,2307150002,운양 역 김포골드라인
e_e004575,1,3,2307150003,혜화역 4호선
e_e004575,1,4,2307150004,초이 다이닝 혜화 대학로점
e_e004575,1,5,2307150005,아이스 아프리카
e_e004575,1,6,2307150006,미어캣 파크 혜화점
e_e004575,1,7,2307150007,업 스테이지
e_e004575,1,8,2307150008,프리모 바치우 바치 대학로점
e_e004575,1,9,2307150009,설빙 대학로점
e_e004575,1,10,2307150010,혜화역 4호선
e_e004575,1,11,2307150011,집
e_e004587,1,1,2307040001,집
e_e004587,1,2,2307040002,현대백화점 중동점
e_e004587,1,3,2307040003,에 노크 샌드위치
e_e004587,1,4,2307040004,한국만화 박물관
e_e004587,1,5,2307040005,부천 호수 식물원 수피아
e_e004587,1,6,2307040006,집
e_e004588,1,1,2307080001,집
e_e004588,1,2,2307080002,이천 역 경강선
e_e004588,1,3,2307080003,테르메덴
e_e004588,1,4,2307080004,롯데 프리미엄 아울렛 이천점
e_e004588,1,5,2307080005,판교역 경강선
e_e004588,1,6,2307080006,집
e_e004589,1,1,2307080001,사무실
e_e004589,1,2,2307080002,센슈얼링
e_e004589,1,3,2307080003,아그라 잠실 에비뉴엘 점
e_e004589,1,4,2307080004,롯데월드 아쿠아리움
e_e004589,1,5,2307080005,서울스카이
e_e004589,1,6,2307080006,본가
e_e004592,1,1,2307120001,집
e_e004592,1,2,2307120002,마장호수 출렁다리
e_e004592,1,3,2307120003,출렁다리 국수
e_e004592,1,4,2307120004,헤이리 예술마을
e_e004592,1,5,2307120005,경기미래교육 파주캠퍼스
e_e004592,1,6,2307120006,베어 가든
e_e004592,1,7,2307120007,집
e_e004596,1,1,2307040001,집
e_e004596,1,2,2307040003,하남 검단산역 5호선
e_e004596,1,3,2307040004,잠실역 8호선
e_e004596,1,4,2307040005,강남역 2호선
e_e004596,1,5,2307040006,양재시민의 숲역 신분당선
e_e004596,1,6,2307040007,매헌 시민의 숲
e_e004596,1,7,2307040008,매헌 윤봉길 의사 기념관
e_e004596,1,8,2307040009,양재 꽃 시장
e_e004596,1,9,2307040010,양재시민의 숲역 신분당선
e_e004596,1,10,2307040011,양재역 신분당선
e_e004596,1,11,2307040012,허브 분식
e_e004596,1,12,2307040002,힐튼 가든인 서울 강남점
e_e004596,2,1,2307050002,양재역 3호선
e_e004596,2,2,2307050003,도곡역 3호선
e_e004596,2,3,2307050004,서울숲 역 수인 분당선
e_e004596,2,4,2307050005,서울숲
e_e004596,2,5,2307050006,수도 박물관
e_e004596,2,6,2307050007,서울숲
e_e004596,2,7,2307050008,뉴앳던 성수
e_e004596,2,8,2307050009,서울로 인 서울숲점
e_e004596,2,9,2307050010,서울숲
e_e004596,2,10,2307050011,서울숲 역 수인 분당선
e_e004596,2,11,2307050012,강남구청역 수인 분당선
e_e004596,2,12,2307050013,군자역 5호선
e_e004596,2,13,2307050014,하남 검단산역 5호선
e_e004596,2,14,2307050001,하남 유니언 시티 에일린의 뜰 아파트
e_e004602,1,1,2307080001,집
e_e004602,1,2,2307080002,유리네 벌교꼬막정식
e_e004602,1,3,2307080003,양평 리조트 수상 레저
e_e004602,1,4,2307080004,알로하오에
e_e004602,1,5,2307080005,두물머리
e_e004602,1,6,2307080006,집
e_e004603,1,1,2307150001,집
e_e004603,1,2,2307150002,투썸플레이스 포천 고모 호수점
e_e004603,1,3,2307150003,국립수목원
e_e004603,1,4,2307150004,욕쟁이 할머니 집
e_e004603,1,5,2307150005,언덕 위에 제빵소
e_e004603,1,6,2307150006,집
e_e004606,1,1,2307220001,집
e_e004606,1,2,2307220002,연꽃 언덕
e_e004606,1,3,2307220003,투썸플레이스 서종 리버사이드점
e_e004606,1,4,2307220004,정약용 유적지
e_e004606,1,5,2307220005,다산 생태공원
e_e004606,1,6,2307220006,마재 성지 능내역
e_e004606,1,7,2307220007,봉주르 제빵소
e_e004606,1,8,2307220008,집
e_e004612,1,1,2307150001,집
e_e004612,1,2,2307150003,캐리비안베이
e_e004612,1,3,2307150004,에버랜드
e_e004612,1,4,2307150002,신동탄 포레 자이
e_e004614,1,1,2307090001,집
e_e004614,1,2,2307090002,서울역
e_e004614,1,3,2307090003,연밀
e_e004614,1,4,2307090004,화성행궁
e_e004614,1,5,2307090005,팔달산
e_e004614,1,6,2307090006,헤올커피로스터즈
e_e004614,1,7,2307090008,수원역
e_e004614,1,8,2307090007,집
e_e004617,1,1,2307080001,집
e_e004617,1,2,2307080003,세모 분식
e_e004617,1,3,2307080004,평택국제중앙시장
e_e004617,1,4,2307080005,두 바퀴의 행복 2호점 공공자전거 무료 대여소
e_e004617,1,5,2307080006,팔레트
e_e004617,1,6,2307080002,전망 좋은 창
e_e004617,2,1,2307090002,진위향교
e_e004617,2,2,2307090003,평택국제중앙시장
e_e004617,2,3,2307090004,강릉 해변 메밀막국수 평택점
e_e004617,2,4,2307090005,전망 좋은 창
e_e004617,2,5,2307090001,집
e_e004623,1,1,2307160002,집
e_e004623,1,2,2307160001,김태완 스시 마포 본점
e_e004623,1,3,2307160003,채그러
e_e004623,1,4,2307160004,데이 오브 베이킹
e_e004623,1,5,2307160007,H&M 홍대점
e_e004623,1,6,2307160006,수림 식당 홍대점
e_e004623,1,7,2307160005,집
e_e004627,1,1,2307160001,집
e_e004627,1,2,2307160002,탑(TOP) 순환 테라피
e_e004627,1,3,2307160003,구리한강시민공원
e_e004627,1,4,2307160004,모던 기와
e_e004627,1,5,2307160005,집
e_e004629,1,1,2307080001,집
e_e004629,1,2,2307080011,원흥역 3호선
e_e004629,1,3,2307080003,마장호수
e_e004629,1,4,2307080005,마장호수
e_e004629,1,5,2307080004,출렁다리 국수
e_e004629,1,6,2307080006,마장호수 출렁다리
e_e004629,1,7,2307080007,레드 브리지
e_e004629,1,8,2307080008,마장호수
e_e004629,1,9,2307080009,운정역 경의중앙선
e_e004629,1,10,2307080010,서울역 경의중앙선
e_e004629,1,11,2307080002,집
e_e004634,1,1,2307150001,집
e_e004634,1,2,2307150003,무겐 스위치
e_e004634,1,3,2307150004,삿포로 팝업스토어
e_e004634,1,4,2307150005,나올
e_e004634,1,5,2307150006,CGV 연남
e_e004634,1,6,2307150007,떡볶이 농장 홍대점
e_e004634,1,7,2307150002,집
e_e004637,1,1,2307050001,집
e_e004637,1,2,2307050006,비스타 워커힐 서울
e_e004637,2,1,2307060001,애스토리아
e_e004637,2,2,2307060002,서울어린이대공원
e_e004637,2,3,2307060003,카페 리핑
e_e004637,2,4,2307060004,집
e_e004640,1,1,2307110001,집
e_e004640,1,2,2307110004,이수역 7호선
e_e004640,1,3,2307110002,국립중앙박물관
e_e004640,1,4,2307110005,이수역 7호선
e_e004640,1,5,2307110003,집
e_e004644,1,1,2307100001,집
e_e004644,1,2,2307100002,농협안성팜랜드
e_e004644,1,3,2307100003,무대 베이커리 카페
e_e004644,1,4,2307100004,집
e_e004645,1,1,2307090001,집
e_e004645,1,2,2307090002,오초
e_e004645,1,3,2307090003,원천호수
e_e004645,1,4,2307090004,사계 빙수
e_e004645,1,5,2307090005,영흥 수목원
e_e004645,1,6,2307090006,집
e_e004649,1,1,2307300001,집
e_e004649,1,2,2307300003,투썸플레이스 송파위례트랜짓몰점
e_e004649,1,3,2307300004,요것조것 분식
e_e004649,1,4,2307300005,임진각 평화누리
e_e004649,1,5,2307300006,헤이리 예술마을
e_e004649,1,6,2307300007,경기미래교육 파주캠퍼스
e_e004649,1,7,2307300008,라이브러리 스테이 지지향
e_e004649,1,8,2307300009,Aat
e_e004649,1,9,2307300010,루미 케이크
e_e004649,1,10,2307300011,써브앤롤
e_e004649,1,11,2307300012,CU 운정 현대 제일 점
e_e004649,1,12,2307300013,라이브러리 스테이 지지향
e_e004649,1,13,2307300014,GS25 출판도시점
e_e004649,1,14,2307300002,라이브러리 스테이 지지향
e_e004649,2,1,2307310002,라이브러리 스테이 지지향
e_e004649,2,2,2307310003,파주출판 단지 근린공원
e_e004649,2,3,2307310004,복 많네 해물칼국수 주차장
e_e004649,2,4,2307310005,더티 트렁크
e_e004649,2,5,2307310006,버터 킹 빵 공장 주차장
e_e004649,2,6,2307310007,롯데 프리미엄 아울렛 파주점
e_e004649,2,7,2307310009,피스 피스
e_e004649,2,8,2307310008,뭉텅 등촌점
e_e004649,2,9,2307310001,집
e_e004651,1,1,2307080001,집
e_e004651,1,2,2307080002,세컨드 디포리스트 송리단길점
e_e004651,1,3,2307080003,폴라 스튜디오 송리단길점
e_e004651,1,4,2307080004,코의 루
e_e004651,1,5,2307080005,광나루역 5호선
e_e004651,1,6,2307080006,빛의 시어터
e_e004651,1,7,2307080007,진지아
e_e004651,1,8,2307080008,맥도날드 석촌역점
e_e004651,1,9,2307080009,집
e_e004653,1,1,2307220001,집
e_e004653,1,2,2307220002,청학 밸리 리조트
e_e004653,1,3,2307220003,블링독793
e_e004653,1,4,2307220004,집
e_e004655,1,1,2307080001,집
e_e004655,1,2,2307080002,스타벅스 마로니에공원점
e_e004655,1,3,2307080003,해바라기 소극장
e_e004655,1,4,2307080004,갸우뚱
e_e004655,1,5,2307080005,이화동 벽화마을
e_e004655,1,6,2307080006,집
e_e004657,1,1,2307090001,집
e_e004657,1,2,2307090003,코끼리 베이글
e_e004657,1,3,2307090004,무신사 테라스
e_e004657,1,4,2307090005,야놀자 홀리데이 마켓
e_e004657,1,5,2307090006,봄의 정원 성수점
e_e004657,1,6,2307090007,스탠드 오일 성수 플래그십 스토어
e_e004657,1,7,2307090008,공간 와디즈
e_e004657,1,8,2307090009,오드 성수 1호점
e_e004657,1,9,2307090010,뚝섬한강공원
e_e004657,1,10,2307090011,강남 77
e_e004657,1,11,2307090002,친구 집
e_e004657,2,1,2307100002,북촌 한옥마을
e_e004657,2,2,2307100003,밀양 손만두
e_e004657,2,3,2307100004,사월의 물고기
e_e004657,2,4,2307100001,집
e_e004658,1,1,2307080001,집
e_e004658,1,2,2307080002,버거스 올마이티 서울 광화문점
e_e004658,1,3,2307080003,청계광장
e_e004658,1,4,2307080004,덕수궁
e_e004658,1,5,2307080005,남산공원 N서울타워
e_e004658,1,6,2307080006,스타벅스 서울타워점
e_e004658,1,7,2307080007,소바의 온도
e_e004658,1,8,2307080008,세우아트센터
e_e004658,1,9,2307080009,집
e_e004668,1,1,2307080001,집
e_e004668,1,2,2307080003,정안 알밤 휴게소 천안 방향
e_e004668,1,3,2307080004,매교역 푸르지오 SK VIEW 아파트
e_e004668,1,4,2307080005,대원옥 평양냉면
e_e004668,1,5,2307080006,수원 화성 북서포루
e_e004668,1,6,2307080007,행리단길
e_e004668,1,7,2307080008,트레이더스 홀세일 클럽 수원점
e_e004668,1,8,2307080002,매교역 푸르지오 SK VIEW 아파트
e_e004668,2,1,2307090001,롯데몰 수원점
e_e004668,2,2,2307090002,롯데몰 수원점
e_e004668,2,3,2307090003,백양사휴게소 순천방향
e_e004668,2,4,2307090004,집
e_e004678,1,1,2307090001,집
e_e004678,1,2,2307090003,가평역 경춘선
e_e004678,1,3,2307090004,가평 조은 마트
e_e004678,1,4,2307090002,죠의아 독채 풀빌라
e_e004678,2,1,2307100001,자라섬 남도
e_e004678,2,2,2307100002,자라섬 닭갈비
e_e004678,2,3,2307100003,바이 스테이션
e_e004678,2,4,2307100005,가평역 경춘선
e_e004678,2,5,2307100004,집
e_e004681,1,1,2307080001,집
e_e004681,1,2,2307080003,댄싱 홍콩
e_e004681,1,3,2307080004,스타벅스 송파 KT 점
e_e004681,1,4,2307080005,롯데콘서트홀
e_e004681,1,5,2307080006,하트 파트
e_e004681,1,6,2307080007,석촌호수 산책길
e_e004681,1,7,2307080008,배스킨라빈스 석촌호수점
e_e004681,1,8,2307080009,레이크호텔
e_e004681,1,9,2307080010,레이크호텔
e_e004681,2,1,2307090002,카페 마나랑
e_e004681,2,2,2307090003,노란상 소갈비 석촌호수점
e_e004681,2,3,2307090004,석촌호수 산책길
e_e004681,2,4,2307090005,별마다 도서관
e_e004681,2,5,2307090006,이 샐러드 용산점
e_e004681,2,6,2307090007,아이파크몰 용산점
e_e004681,2,7,2307090001,정다운 마을 기숙사
e_e004685,1,1,2307080001,집
e_e004685,1,2,2307080002,친지 집
e_e004685,1,3,2307080003,빵 다방
e_e004685,1,4,2307080004,아늑
e_e004685,1,5,2307080005,올리브영 수원 성대점
e_e004685,1,6,2307080006,설빙 경기 수원 성대점
e_e004685,1,7,2307080007,집
e_e004687,1,1,2308050001,집
e_e004687,1,2,2308050003,외갓집 체험마을
e_e004687,1,3,2308050002,외갓집험마을 숙소
e_e004687,2,1,2308060002,외갓집 체험마을
e_e004687,2,2,2308060003,건업리아 보리밥
e_e004687,2,3,2308060001,집
e_e004688,1,1,2307090001,친구 친지 집
e_e004688,1,2,2307090002,서울 시립 북서울 미술관
e_e004688,1,3,2307090003,감성 타코 건대점
e_e004688,1,4,2307090004,넥스트 에디션 보네르관
e_e004688,1,5,2307090005,비자로 왁싱
e_e004688,1,6,2307090006,오포케
e_e004688,1,7,2307090007,커먼그라운드
e_e004688,1,8,2307090008,동서울 종합터미널
e_e004688,1,9,2307090010,춘천 시외버스터미널 주차장 
e_e004688,1,10,2307090009,집
e_e004695,1,1,2308050001,집
e_e004695,1,2,2308050003,가람 국숫집
e_e004695,1,3,2308050004,일동 농협 하나로마트 이동점
e_e004695,1,4,2308050005,두대리 용소폭포
e_e004695,1,5,2308050006,호텔 자라
e_e004695,1,6,2308050007,돼지 나라
e_e004695,1,7,2308050008,호텔 자라
e_e004695,2,1,2308060002,잣 고을 곰탕
e_e004695,2,2,2308060003,경반계곡
e_e004695,2,3,2308060001,집
e_e004709,1,1,2307150001,집
e_e004709,1,2,2307150002,이마트 별내점
e_e004709,1,3,2307150003,산수정원펜션
e_e004709,2,1,2307160002,개울
e_e004709,2,2,2307160003,넥스트 에디션 건대 2호점
e_e004709,2,3,2307160004,주꾸미도사 건대점
e_e004709,2,4,2307160001,집
e_e004712,1,1,2307150001,집
e_e004712,1,2,2307150002,수다
e_e004712,1,3,2307150003,보름간 미술관 카페
e_e004712,1,4,2307150004,김포 장릉
e_e004712,1,5,2307150005,조이 작업실
e_e004712,1,6,2307150006,집
e_e004717,1,1,2307090001,사무실
e_e004717,1,2,2307090003,런던 베이글 뮤지엄 도산점
e_e004717,1,3,2307090004,K 현대미술관
e_e004717,1,4,2307090005,을지로 문덕 커피
e_e004717,1,5,2307090006,우래옥 본점
e_e004717,1,6,2307090007,소하 염전
e_e004717,1,7,2307090008,옷 맛집
e_e004717,1,8,2307090009,아담 집 별관
e_e004717,1,9,2307090010,마당 공간
e_e004717,1,10,2307090002,번지기 마을 1단지 아파트 정문
e_e004719,1,1,2307120001,집
e_e004719,1,2,2307120003,노라 바바
e_e004719,1,3,2307120002,집
e_e004720,1,1,2307160001,집
e_e004720,1,2,2307160002,강서 둘레길 1코스(개화산 숲길)
e_e004720,1,3,2307160003,롯데몰 김포공항점
e_e004720,1,4,2307160004,집
e_e004724,1,1,2307290001,집
e_e004724,1,2,2307290003,남도 맛집
e_e004724,1,3,2307290004,선유도공원
e_e004724,1,4,2307290005,브링 미 커피 브루어스
e_e004724,1,5,2307290006,목동종합운동장 목동아이스링크
e_e004724,1,6,2307290007,포옹남 목동점
e_e004724,1,7,2307290008,센트럴시티터미널(호남)
e_e004724,1,8,2307290002,집
e_e004729,1,1,2307080001,집
e_e004729,1,2,2307080002,애니 오케이션 카페
e_e004729,1,3,2307080003,위글위글 도산 플래그십스토어
e_e004729,1,4,2307080004,어글리 퍼핏
e_e004729,1,5,2307080005,더 현대 서울
e_e004729,1,6,2307080006,한강
e_e004729,1,7,2307080007,집
e_e004733,1,1,2307280001,집
e_e004733,1,2,2307280002,야래향
e_e004733,1,3,2307280003,국립중앙박물관
e_e004733,1,4,2307280004,서대문자연사박물관
e_e004733,1,5,2307280005,명동교자 본점
e_e004733,1,6,2307280006,명동거리
e_e004733,1,7,2307280012,라마다호텔 앤 스위트 서울남대문
e_e004733,2,1,2307290001,서울어린이대공원 서울 상상나라
e_e004733,2,2,2307290002,더 아너스
e_e004733,2,3,2307290003,화랑대 철도공원
e_e004733,2,4,2307290004,마장 프리미엄 휴게소
e_e004733,2,5,2307290005,집
e_e004772,1,1,2308060001,집
e_e004772,1,2,2308060003,맥도날드 중산 DT점
e_e004772,1,3,2308060004,8빙수
e_e004772,1,4,2308060005,국립 세계문자 박물관
e_e004772,1,5,2308060006,교보문고 송도 바로 드림센터
e_e004772,1,6,2308060007,ZARA 트리플 스트리트점
e_e004772,1,7,2308060008,화화쿵주마라탕
e_e004772,1,8,2308060009,ABC마트 GS 송도 트리플 스트리트점
e_e004772,1,9,2308060002,집
e_e004773,1,1,2307060001,집
e_e004773,1,2,2307060002,어비산 어비계곡
e_e004773,1,3,2307060003,국립유명산자연휴양림
e_e004773,2,1,2307070001,유명산
e_e004773,2,2,2307070002,유명산 춘천 숯불닭갈비
e_e004773,2,3,2307070003,집
e_e004777,1,1,2307150001,집
e_e004777,1,2,2307150002,로비
e_e004777,1,3,2307150003,위크 팜 펜션 글램핑
e_e004777,2,1,2307160001,메콩
e_e004777,2,2,2307160002,가마솥 해장국
e_e004777,2,3,2307160003,집
e_e004784,1,1,2307300001,집
e_e004784,1,2,2307300002,전주역
e_e004784,1,3,2307300003,용산역
e_e004784,1,4,2307300005,아소정
e_e004784,1,5,2307300008,그믐달 셀프스튜디오 홍대점
e_e004784,1,6,2307300006,타깃 볼링
e_e004784,1,7,2307300007,아깐
e_e004784,1,8,2307300009,전쟁기념관
e_e004784,1,9,2307300010,GS25 용산점
e_e004784,1,10,2307300004,나인 트리 프리미어 로카우스 호텔 서울 용산
e_e004784,1,11,2307300011,서울월드컵경기장
e_e004784,1,12,2307300012,나인 트리 프리미어 로카우스 호텔 서울 용산
e_e004784,2,1,2307310001,느루
e_e004784,2,2,2307310002,아이파크몰 용산점
e_e004784,2,3,2307310004,용산역
e_e004784,2,4,2307310003,집
e_e004799,1,1,2307290001,집
e_e004799,1,2,2307290002,LH 수월당 수 1단지 아파트
e_e004799,1,3,2307290003,남양주 별내 휴게소 포천 방향
e_e004799,1,4,2307290005,포천 하나로마트 더둔점
e_e004799,1,5,2307290006,수목원 프로방스
e_e004799,2,1,2307300005,하나로마트 더둔점
e_e004799,2,2,2307300001,평양면옥
e_e004799,2,3,2307300002,숲속의 제빵소
e_e004799,2,4,2307300003,LH 수월당 수 1단지 아파트
e_e004799,2,5,2307300004,집
e_e004815,1,1,2307200001,집
e_e004815,1,2,2307200005,글램 트리 리조트
e_e004815,2,1,2307210001,아침 고요 가족 동물원
e_e004815,2,2,2307210002,칠오 닭갈비
e_e004815,2,3,2307210003,집
e_e004818,1,1,2307090001,집
e_e004818,1,2,2307090003,다산 생태공원
e_e004818,1,3,2307090004,실학박물관
e_e004818,1,4,2307090005,돗가비불쭈꾸미
e_e004818,1,5,2307090002,집
e_e004819,1,1,2307090001,집
e_e004819,1,2,2307090002,만해기념관
e_e004819,1,3,2307090003,두부 만드는 집
e_e004819,1,4,2307090004,스타벅스 남위례역점
e_e004819,1,5,2307090005,위례역사 공원
e_e004819,1,6,2307090006,집
e_e004820,1,1,2307300001,집
e_e004820,1,2,2307300003,지혜의 숲 주차장
e_e004820,1,3,2307300004,롯데 프리미엄 아울렛 파주점
e_e004820,1,4,2307300005,상해
e_e004820,1,5,2307300006,더티 트렁크
e_e004820,1,6,2307300002,집
e_e004821,1,1,2307220001,집
e_e004821,1,2,2307220002,영등포역 1호선
e_e004821,1,3,2307220003,수원역 수인 분당선
e_e004821,1,4,2307220004,마라도 해물탕찜 수원 본점
e_e004821,1,5,2307220005,먹튀
e_e004821,1,6,2307220006,친구 집
e_e004821,2,1,2307230001,신라 갈비
e_e004821,2,2,2307230002,광교호수공원
e_e004821,2,3,2307230003,행궁 빙수
e_e004821,2,4,2307230004,수원 화성
e_e004821,2,5,2307230005,수원역 1호선
e_e004821,2,6,2307230006,집
e_e004830,1,1,2308010001,집
e_e004830,1,2,2308010003,서울 앵무새 용산점
e_e004830,1,3,2308010004,쌤쌤쌤
e_e004830,1,4,2308010005,이촌한강공원
e_e004830,1,5,2308010002,서울 큐브 이태원
e_e004830,2,1,2308020001,브라우티
e_e004830,2,2,2308020002,포레스트 빈티지
e_e004830,2,3,2308020003,오브젝트 성수점
e_e004830,2,4,2308020004,집
e_e004845,1,1,2307100001,집
e_e004845,1,2,2307100002,국립중앙박물관
e_e004845,1,3,2307100003,이이네
e_e004845,1,4,2307100004,집
e_e004859,1,1,2307220001,집
e_e004859,1,2,2307220002,동동 국수 본점
e_e004859,1,3,2307220004,화담숲
e_e004859,1,4,2307220003,친퀘 테레
e_e004859,1,5,2307220005,곤지암리조트
e_e004859,1,6,2307220006,용이네 정육점 식당
e_e004859,1,7,2307220009,곤지암리조트
e_e004859,2,1,2307230001,구자리얼크니 손칼국수 화담숲점
e_e004859,2,2,2307230002,집
e_e004861,1,1,2307110001,집
e_e004861,1,2,2307110003,빽다방 이천 로데오점
e_e004861,1,3,2307110004,가평빠지 썸머플레이스 수상레저
e_e004861,1,4,2307110002,화이트벨펜션
e_e004861,2,1,2307120001,가평 돼지국밥
e_e004861,2,2,2307120002,골든트리
e_e004861,2,3,2307120003,자라섬
e_e004861,2,4,2307120004,집
e_e004864,1,1,2307060001,집
e_e004864,1,2,2307060005,영주역
e_e004864,1,3,2307060002,스타벅스 대치한티점
e_e004864,1,4,2307060003,도곡시장
e_e004864,1,5,2307060004,서울숲
e_e004864,1,6,2307060006,전포 여관 건대점
e_e004864,1,7,2307060007,저스트 스테이 호텔 왕십리역점
e_e004864,2,1,2307070001,샹이 마라 왕십리점
e_e004864,2,2,2307070003,청량리역
e_e004864,2,3,2307070004,영주역
e_e004864,2,4,2307070002,집
e_e004877,1,1,2308040001,사무실
e_e004877,1,2,2308040002,오남역 4호선
e_e004877,1,3,2308040003,이마트 진접점
e_e004877,1,4,2308040005,그래너마 하우스 주변 계곡
e_e004877,1,5,2308040006,에어비앤비 그래너마 하우스
e_e004877,2,1,2308050001,실버 팟
e_e004877,2,2,2308050002,창동역 1호선
e_e004878,1,1,2307150001,집
e_e004878,1,2,2307150003,스시 오오 모토
e_e004878,1,3,2307150004,공간 와디즈
e_e004878,1,4,2307150005,샤넬 코드 컬러 팝업
e_e004878,1,5,2307150006,스타벅스 성수역점
e_e004878,1,6,2307150002,집
e_e004881,1,1,2307150001,집
e_e004881,1,2,2307150002,대소 버스공동 정류장
e_e004881,1,3,2307150003,롯데리아 남부터미널점
e_e004881,1,4,2307150006,폴라 스튜디오 압구정점
e_e004881,1,5,2307150004,신세계백화점 강남점
e_e004881,1,6,2307150005,콘웨이 커피
e_e004881,1,7,2307150008,위글위글 도산 플래그십스토어
e_e004881,1,8,2307150007,벽돌 헤피 푸드 압구정점
e_e004881,1,9,2307150009,하우스 도산
e_e004881,1,10,2307150010,그랑 핸드 도산
e_e004881,1,11,2307150011,조이 그레이슨 도산
e_e004881,1,12,2307150012,신문 플래그십스토어 도산
e_e004881,1,13,2307150013,강남 터미널 경부선 지하상가
e_e004881,1,14,2307150014,서울남부터미널
e_e004881,1,15,2307150015,대소 버스공동 정류장
e_e004881,1,16,2307150016,집
e_e004885,1,1,2307080001,집
e_e004885,1,2,2307080002,묘적사계곡
e_e004885,1,3,2307080003,복이 네 명동칼국수
e_e004885,1,4,2307080004,마석역 신도브래뉴 2차 아파트
e_e004885,1,5,2307080005,마석우천 길
e_e004885,1,6,2307080006,집
e_e004899,1,1,2307080001,집
e_e004899,1,2,2307080003,수원 화성 팔달문
e_e004899,1,3,2307080004,행리단길
e_e004899,1,4,2307080005,카페의 히
e_e004899,1,5,2307080006,일월 수목원
e_e004899,1,6,2307080002,이끌림 호텔
e_e004899,2,1,2307090001,화성행궁
e_e004899,2,2,2307090003,코코 이마
e_e004899,2,3,2307090002,집
e_e004914,1,1,2307210001,집
e_e004914,1,2,2307210002,스태미나 하우스
e_e004914,1,3,2307210003,빵과 당신
e_e004914,1,4,2307210004,마트 킹 평택점
e_e004914,1,5,2307210006,헤르메스 호텔
e_e004914,2,1,2307220001,정선 곤드레 쌈밥
e_e004914,2,2,2307220002,PPO
e_e004914,2,3,2307220003,투썸플레이스 평택 베스트원몰점
e_e004914,2,4,2307220004,PPO
e_e004914,2,5,2307220005,집
e_e004915,1,1,2307310001,집
e_e004915,1,2,2307310003,진대감 종로점
e_e004915,1,3,2307310005,플리퍼스 익선점
e_e004915,1,4,2307310006,영풍문고 종각 종로본점
e_e004915,1,5,2307310004,낙원악기상가
e_e004915,1,6,2307310007,하이커 그라운드
e_e004915,1,7,2307310008,노티스 종각 하이커
e_e004915,1,8,2307310009,낙원악기상가
e_e004915,1,9,2307310010,명동교자 분점
e_e004915,1,10,2307310011,다이소 명동역점
e_e004915,1,11,2307310012,커피빈 명동거리점
e_e004915,1,12,2307310013,피안에 이(hbaf 아몬드 과자 전문 매장)
e_e004915,1,13,2307310002,집
e_e004917,1,1,2307160001,집
e_e004917,1,2,2307160003,기쿠 스시
e_e004917,1,3,2307160005,메가박스 인천 논현
e_e004917,1,4,2307160004,더 벤티 인천 라 피에스타점
e_e004917,1,5,2307160006,한아름 근린공원
e_e004917,1,6,2307160007,3S 호텔 소래점
e_e004917,1,7,2307160008,도깨비 조개구이
e_e004917,1,8,2307160009,포토 시그니처 인천 소래포구점
e_e004917,1,9,2307160002,3S 호텔 소래점
e_e004917,2,1,2307170001,인천맛집 통 큰 해물칼국수
e_e004917,2,2,2307170002,집
e_e004925,1,1,2307080001,집
e_e004925,1,2,2307080002,맥도날드 덕소점
e_e004925,1,3,2307080003,세미원
e_e004925,1,4,2307080004,현대 프리미엄 아울렛 스페이스 원
e_e004925,1,5,2307080005,다산 중앙공원
e_e004925,1,6,2307080006,집
e_e004926,1,1,2307210001,집
e_e004926,1,2,2307210002,사르르 목장
e_e004926,1,3,2307210003,산정 랜드
e_e004926,1,4,2307210004,산정호수 조각 공원
e_e004926,1,5,2307210005,산정호수 빵명장
e_e004926,1,6,2307210006,우듬지
e_e004926,1,7,2307210009,한화리조트 산정호수 안시
e_e004926,2,1,2307220001,고모리 691
e_e004926,2,2,2307220002,집
e_e004927,1,1,2307290006,집
e_e004927,1,2,2307290001,왕십리역 2호선
e_e004927,1,3,2307290002,트레이더스 홀세일 클럽 하남점
e_e004927,1,4,2307290005,이마트 24 광주 퇴촌 미래점
e_e004927,1,5,2307290003,만경 두부마을
e_e004927,1,6,2307290004,강가의 별장(에어비앤비)
e_e004927,2,1,2307300001,개울 테라스
e_e004927,2,2,2307300002,서울역 센트럴자이 아파트
e_e004931,1,1,2307300001,집
e_e004931,1,2,2307300002,번트 오렌지
e_e004931,1,3,2307300004,테이스티 버거
e_e004931,1,4,2307300003,마포 새빛 문화숲
e_e004931,1,5,2307300005,서울월드컵경기장
e_e004931,1,6,2307300006,집
e_e004932,1,1,2307080001,집
e_e004932,1,2,2307080004,이마트 구로점
e_e004932,1,3,2307080005,두물머리
e_e004932,1,4,2307080006,세미원
e_e004932,1,5,2307080007,양평 물 맑은 시장
e_e004932,1,6,2307080003,토브의 강가 펜션
e_e004932,2,1,2307090002,흑천
e_e004932,2,2,2307090003,어머니 맛 양평 해장국
e_e004932,2,3,2307090001,집
e_e004941,1,1,2307080001,집
e_e004941,1,2,2307080002,컴포즈커피 구로 깔깔 거리점
e_e004941,1,3,2307080003,친구 집(픽업)
e_e004941,1,4,2307080004,일산 칼국수 본점
e_e004941,1,5,2307080005,포슈 커피
e_e004941,1,6,2307080006,아라포
e_e004941,1,7,2307080007,빽다방 일산 라페스타점
e_e004941,1,8,2307080008,일산 호수공원
e_e004941,1,9,2307080009,집
e_e004945,1,1,2307220001,집
e_e004945,1,2,2307220002,캐리비안베이
e_e004945,1,3,2307220003,추오정남원추어탕
e_e004945,1,4,2307220004,T7 호텔
e_e004945,2,1,2307230006,애브뉴 프랑 광교
e_e004945,2,2,2307230002,훠궈야 광교 애브뉴 프랑점
e_e004945,2,3,2307230003,밀탑 광교 애브뉴 프랑점
e_e004945,2,4,2307230004,벌투 봉화당 이천 로데오점
e_e004945,2,5,2307230005,도가 부대찌개
e_e004945,2,6,2307230001,집
e_e004948,1,1,2307160001,집
e_e004948,1,2,2307160002,소이 연남 신세계 본점
e_e004948,1,3,2307160003,마장축산물 시장
e_e004948,1,4,2307160004,산으로 간 니모
e_e004948,2,1,2307170001,이화 김밥
e_e004948,2,2,2307170002,카페 임초리
e_e004948,2,3,2307170003,집
e_e004952,1,1,2307080001,집
e_e004952,1,2,2307080002,아미당 용산점
e_e004952,1,3,2307080003,국립중앙박물관
e_e004952,1,4,2307080004,고메즈 릿지 잠실 롯데점
e_e004952,1,5,2307080005,토이저러스 롯데마트 제타 플렉스점
e_e004952,1,6,2307080006,롯데마트 제타 플렉스
e_e004952,1,7,2307080007,집
e_e004961,1,1,2307230001,집
e_e004961,1,2,2307230002,팔당 반점 본점
e_e004961,1,3,2307230003,이함 캠퍼스
e_e004961,1,4,2307230004,소노휴 양평
e_e004961,1,5,2307230005,신내 보리밥
e_e004961,1,6,2307230006,소노휴 양평
e_e004961,1,7,2307230007,소노휴 양평
e_e004961,2,1,2307240002,다연
e_e004961,2,2,2307240003,용문사
e_e004961,2,3,2307240004,라온 숨
e_e004961,2,4,2307240005,두물머리
e_e004961,2,5,2307240001,집
e_e004970,1,1,2307080001,집
e_e004970,1,2,2307080002,목련마을 영남아파트
e_e004970,1,3,2307080003,배밭 갈비 분당점
e_e004970,1,4,2307080004,분당중앙공원
e_e004970,1,5,2307080005,AK플라자 분당
e_e004970,1,6,2307080006,현대백화점 판교점
e_e004970,1,7,2307080007,CGV 판교
e_e004970,1,8,2307080008,집
e_e004975,1,1,2307130001,집
e_e004975,1,2,2307130002,이케아 광명점
e_e004975,1,3,2307130003,집
e_e004976,1,1,2307090001,집
e_e004976,1,2,2307090002,하이파킹 구로원메디타운 주차장
e_e004976,1,3,2307090003,21아울렛 구로점
e_e004976,1,4,2307090004,이삭토스트 동양 미래대점
e_e004976,1,5,2307090005,교촌치킨 동양미래대학점
e_e004976,1,6,2307090006,고척스카이돔 전면 광장
e_e004976,1,7,2307090007,고척스카이돔
e_e004976,1,8,2307090008,고척스카이돔 전면 광장
e_e004976,1,9,2307090009,LG전자 베스트숍 구로 본점
e_e004976,1,10,2307090010,집
e_e004977,1,1,2307270001,집
e_e004977,1,2,2307270003,코트야드 바이 메리어트 서울 타임스퀘어
e_e004977,1,3,2307270006,더 현대 서울
e_e004977,1,4,2307270004,더 현대 서울
e_e004977,1,5,2307270005,여의도공원
e_e004977,1,6,2307270007,코트야드 바이 메리어트 서울 타임스퀘어
e_e004977,1,7,2307270008,신세계백화점 타임스퀘어점
e_e004977,1,8,2307270009,타임스퀘어
e_e004977,1,9,2307270002,코트야드 바이 메리어트 서울 타임스퀘어
e_e004977,2,1,2307280001,코트야드 바이 메리어트호텔 모고 바
e_e004977,2,2,2307280002,코트야드 바이 메리어트 서울 타임스퀘어
e_e004977,2,3,2307280003,오월의 종 타임스퀘어점
e_e004977,2,4,2307280004,쉐이크쉑 타임스퀘어 영등포점
e_e004977,2,5,2307280005,코트야드 바이 메리어트 서울 타임스퀘어
e_e004977,2,6,2307280006,집
e_e004983,1,1,2307150001,집
e_e004983,1,2,2307150002,블루 보틀 압구정 카페
e_e004983,1,3,2307150003,부베트
e_e004983,1,4,2307150004,롯데면세점 명동 본점
e_e004983,1,5,2307150005,노티스 명동 라인 프렌즈
e_e004983,1,6,2307150006,ZARA 눈스퀘어점
e_e004983,1,7,2307150007,명동교자 분점
e_e004983,1,8,2307150008,ABC마트 GS 명동중앙점
e_e004983,1,9,2307150009,집
e_e004984,1,1,2307220001,집
e_e004984,1,2,2307220003,롯데면세점 월드타워점
e_e004984,1,3,2307220004,AC 호텔 바이 메리어트 서울 강남
e_e004984,1,4,2307220005,AC 호텔 바이 메리어트 서울 강남
e_e004984,1,5,2307220006,AC 호텔 바이 메리어트 서울 강남
e_e004984,1,6,2307220002,AC 호텔 바이 메리어트 서울 강남
e_e004984,2,1,2307230001,AC 호텔 바이 메리어트 서울 강남
e_e004984,2,2,2307230002,롯데면세점 명동 본점
e_e004984,2,3,2307230003,커피빈 소공동 삼화 빌딩점
e_e004984,2,4,2307230004,매드포갈릭 발산점
e_e004984,2,5,2307230005,더 벤티 마곡수명산점
e_e004984,2,6,2307230006,집
e_e004987,1,1,2307190001,집
e_e004987,1,2,2307190003,캐리비안베이
e_e004987,1,3,2307190004,에버랜드
e_e004987,1,4,2307190005,dining F
e_e004987,1,5,2307190002,헤르메스 호텔 에버랜드점
e_e004987,2,1,2307200001,왕과 탕후루 용인사거리점
e_e004987,2,2,2307200002,장수촌
e_e004987,2,3,2307200003,영흥 수목원
e_e004987,2,4,2307200004,마라 천향 마라탕 계양점
e_e004987,2,5,2307200005,설빙 인천 계양구청점
e_e004987,2,6,2307200006,집
e_e004989,1,1,2307090001,집
e_e004989,1,2,2307090002,명란 식당
e_e004989,1,3,2307090003,묘한 빵집
e_e004989,1,4,2307090004,서울미술관 본관
e_e004989,1,5,2307090005,석파정
e_e004989,1,6,2307090006,오 쁘띠 베르
e_e004989,1,7,2307090007,통인시장
e_e004989,1,8,2307090008,칸다 쇼바 경복궁점
e_e004989,1,9,2307090010,다이소 경복궁역점
e_e004989,1,10,2307090009,집
e_e005011,1,1,2307220001,집
e_e005011,1,2,2307220002,정약용 유적지 문화관
e_e005011,1,3,2307220003,능내역 (폐역)
e_e005011,1,4,2307220004,능내옥
e_e005011,1,5,2307220005,마재 성지
e_e005011,1,6,2307220006,능내 연꽃마을
e_e005011,1,7,2307220007,다산 생태공원
e_e005011,1,8,2307220008,언덕 카페
e_e005011,1,9,2307220009,실학박물관
e_e005011,1,10,2307220010,정약용 유적지 생가
e_e005011,1,11,2307220011,정약용 선생묘
e_e005011,1,12,2307220012,정약용 유적지 기념관
e_e005011,1,13,2307220013,정약용 유적지
e_e005011,1,14,2307220014,집
e_e005015,1,1,2307110001,집
e_e005015,1,2,2307110003,CU 편의점
e_e005015,1,3,2307110004,마린파크 수상 레저
e_e005015,1,4,2307110002,집
e_e005025,1,1,2308010001,집
e_e005025,1,2,2308010002,용산역
e_e005025,1,3,2308010003,가평역 경춘선
e_e005025,1,4,2308010005,가평 레일파크
e_e005025,1,5,2308010006,콩두레
e_e005025,1,6,2308010007,가평군 어린이 음악 놀이터
e_e005025,1,7,2308010008,카페 숨
e_e005025,1,8,2308010009,W 지우 리조트
e_e005025,1,9,2308010010,청춘 식당
e_e005025,1,10,2308010004,W 지우 리조트
e_e005025,2,1,2308020001,강이다
e_e005025,2,2,2308020002,두물머리 연 핫도그
e_e005025,2,3,2308020003,애오개역 5호선
e_e005025,2,4,2308020004,집
e_e005026,1,1,2307220001,집
e_e005026,1,2,2307220002,동두천시 외국인 관광특구
e_e005026,1,3,2307220003,왕방 계곡
e_e005026,1,4,2307220004,탑동 치킨카페
e_e005026,1,5,2307220005,아쯔아쯔 료칸
e_e005026,1,6,2307220006,니지 모리 스튜디오
e_e005026,1,7,2307220007,아쯔아쯔 료칸
e_e005026,2,1,2307230001,오름
e_e005026,2,2,2307230002,놀자 숲
e_e005026,2,3,2307230003,브레드 타임
e_e005026,2,4,2307230004,집
e_e005028,1,1,2307210001,사무실
e_e005028,1,2,2307210002,AK플라자 분당
e_e005028,1,3,2307210003,다이소 분당 서현점
e_e005028,1,4,2307210004,서머셋 센트럴 분당
e_e005028,1,5,2307210005,서머셋 센트럴 분당
e_e005028,2,1,2307220002,서머셋 센트럴 분당
e_e005028,2,2,2307220003,서머셋 센트럴 분당
e_e005028,2,3,2307220004,서머셋 센트럴 분당
e_e005028,2,4,2307220005,서머셋 센트럴 분당
e_e005028,2,5,2307220006,카페투오울스
e_e005028,2,6,2307220007,롯데 프리미엄 아울렛 기흥점
e_e005028,2,7,2307220001,집
e_e005102,1,1,2307150001,집
e_e005102,1,2,2307150002,수정 어린이 공원
e_e005102,1,3,2307150003,서울 식물원
e_e005102,1,4,2307150004,카페 코레 우리 서울 식물 원점
e_e005102,1,5,2307150005,집
e_e005106,1,1,2307150001,집
e_e005106,1,2,2307150002,광교 카페거리
e_e005106,1,3,2307150003,꾸어 수원 광교점
e_e005106,1,4,2307150005,방화수류정
e_e005106,1,5,2307150004,행리단길
e_e005106,1,6,2307150006,팔달문시장
e_e005106,1,7,2307150007,Los Haus
e_e005106,1,8,2307150008,집
e_e005110,1,1,2308050004,집
e_e005110,1,2,2308050001,용추계곡
e_e005110,1,3,2308050003,가평군 농협 하나로마트 본점
e_e005110,1,4,2308050002,더 숲 하우스
e_e005110,2,1,2308060001,면포 도궁 팔당 본점
e_e005110,2,2,2308060003,용인 기흥 효성 해링턴 플레이스 아파트
e_e005110,2,3,2308060002,집
e_e005111,1,1,2307120001,집
e_e005111,1,2,2307120002,국군복지단 관사 마트
e_e005111,1,3,2307120003,커피밀
e_e005111,1,4,2307120004,마태오
e_e005111,1,5,2307120005,하얀 풍차제과 망포역점
e_e005111,1,6,2307120006,집
e_e005116,1,1,2307290001,집
e_e005116,1,2,2307290002,교동 장독대 마을
e_e005116,2,1,2307300003,장독대 마을 체험관
e_e005116,2,2,2307300002,어메이징 파크
e_e005116,2,3,2307300001,집
e_e005156,1,1,2307220001,집
e_e005156,1,2,2307220002,간도 초밥집
e_e005156,1,3,2307220003,키스톤 스피시즈
e_e005156,1,4,2307220004,투썸플레이스 남양주 덕소점
e_e005156,1,5,2307220005,집
e_e005157,1,1,2307170001,집
e_e005157,1,2,2307170003,대전역
e_e005157,1,3,2307170004,서울역
e_e005157,1,4,2307170005,국립중앙박물관
e_e005157,1,5,2307170006,롯데 아울렛 서울역점
e_e005157,1,6,2307170007,대전역
e_e005157,1,7,2307170002,집
e_e005160,1,1,2307170001,집
e_e005160,1,2,2307170002,오르리 단팥빵 본점
e_e005160,1,3,2307170003,아난티 코드
e_e005160,1,4,2307170004,살롱 드 이터널저니
e_e005160,1,5,2307170005,크레용 드 이터널저니
e_e005160,1,6,2307170006,워터하우스
e_e005160,1,7,2307170008,아난티 코드
e_e005160,2,1,2307180001,워터하우스
e_e005160,2,2,2307180002,황금성
e_e005160,2,3,2307180003,가평 양떼목장
e_e005160,2,4,2307180004,집
e_e005166,1,1,2307160001,집
e_e005166,1,2,2307160002,국민은행 승차장
e_e005166,1,3,2307160003,평촌역 4호선
e_e005166,1,4,2307160004,플랜 튜드 아이파크몰 용산점
e_e005166,1,5,2307160005,CGV 용산 아이파크몰
e_e005166,1,6,2307160006,아이파크몰 용산점
e_e005166,1,7,2307160007,신용산역 4호선
e_e005166,1,8,2307160008,삼각지 역 4호선
e_e005166,1,9,2307160009,천우 목장
e_e005166,1,10,2307160010,펍 피맥
e_e005166,1,11,2307160011,신용산역 4호선
e_e005166,1,12,2307160012,인덕원역 4호선
e_e005166,1,13,2307160013,집
e_e005170,1,1,2307200001,집
e_e005170,1,2,2307200002,선밸리 호텔 워터파크
e_e005170,1,3,2307200003,여주 막국수
e_e005170,1,4,2307200004,집
e_e005175,1,1,2307230001,집
e_e005175,1,2,2307230002,ak 영 타운(수원역점)
e_e005175,1,3,2307230003,경수 갤러리
e_e005175,1,4,2307230004,화성행궁
e_e005175,1,5,2307230005,수원팔색길 화성 성곽길
e_e005175,1,6,2307230006,팔달제과
e_e005175,1,7,2307230007,집
e_e005185,1,1,2307220001,집
e_e005185,1,2,2307220002,송쭈집 본점
e_e005185,1,3,2307220003,현대 프리미엄 아울렛 송도점
e_e005185,1,4,2307220004,타타르 베이글 송도점
e_e005185,1,5,2307220005,송도센트럴파크
e_e005185,1,6,2307220006,집
e_e005187,1,1,2307160001,집
e_e005187,1,2,2307160002,국립민속박물관 파주
e_e005187,1,3,2307160003,삼고집 파주점
e_e005187,1,4,2307160004,카페서
e_e005187,1,5,2307160005,집
e_e005189,1,1,2307160001,집
e_e005189,1,2,2307160003,안성 3.1운동 기념관
e_e005189,1,3,2307160004,핏제리아 수프리
e_e005189,1,4,2307160005,몬스터 도넛
e_e005189,1,5,2307160002,집
e_e005194,1,1,2307150001,집
e_e005194,1,2,2307150002,부평 로데오 고기 살롱
e_e005194,1,3,2307150003,루틴
e_e005194,1,4,2307150004,부평역 지하상가
e_e005194,1,5,2307150005,캠프마켓
e_e005194,1,6,2307150006,다원 코리아
e_e005194,1,7,2307150007,설빙 인천문화의 거리점
e_e005194,1,8,2307150008,집
e_e005197,1,1,2308020001,집
e_e005197,1,2,2308020002,트레이더스 홀세일 클럽 스타필드 시티 부천점
e_e005197,1,3,2308020003,오동도 바지락칼국수
e_e005197,1,4,2308020004,시즌 파이브 펜션
e_e005197,2,1,2308030001,오로라 베이커리 카페
e_e005197,2,2,2308030002,집
e_e005201,1,1,2307290001,집
e_e005201,1,2,2307290002,화성행궁
e_e005201,1,3,2307290003,이도경 떡볶이
e_e005201,1,4,2307290004,행궁동 벽화마을
e_e005201,1,5,2307290005,루소 홈
e_e005201,1,6,2307290006,방화수류정
e_e005201,1,7,2307290007,코트야드 바이 메리어트 수원
e_e005201,1,8,2307290008,진미 통닭
e_e005201,1,9,2307290009,코트야드 바이 메리어트 수원
e_e005201,2,1,2307300001,땀 땀 갤러리아백화점 광교점
e_e005201,2,2,2307300002,청수당 해림
e_e005201,2,3,2307300003,아쿠아 플라넷 광교
e_e005201,2,4,2307300004,집
e_e005206,1,1,2307220001,집
e_e005206,1,2,2307220002,청주 고속버스 임시터미널
e_e005206,1,3,2307220006,Ofr 서울
e_e005206,1,4,2307220003,서울고속버스터미널(경부)
e_e005206,1,5,2307220004,세종마을 음식문화거리
e_e005206,1,6,2307220005,채원당 바이 버틀러리
e_e005206,1,7,2307220007,통인시장
e_e005206,1,8,2307220009,채원당 바이 버틀러리
e_e005206,2,1,2307230001,애즈 라이크
e_e005206,2,2,2307230002,한옥 거리
e_e005206,2,3,2307230003,원모어 백
e_e005206,2,4,2307230004,현대카드 디자인 라이브러리
e_e005206,2,5,2307230005,노티스 안국
e_e005206,2,6,2307230006,서울고속버스터미널(경부)
e_e005206,2,7,2307230007,청주 고속버스 임시터미널
e_e005206,2,8,2307230008,집
e_e005207,1,1,2307140001,집
e_e005207,1,2,2307140002,팔도 밥상 페어
e_e005207,1,3,2307140003,혼술 페어
e_e005207,1,4,2307140004,스타벅스
e_e005207,1,5,2307140005,집
e_e005219,1,1,2307150001,집
e_e005219,1,2,2307150002,아쿠아 필드 안성
e_e005219,1,3,2307150004,부모님  집
e_e005219,1,4,2307150003,집
e_e005220,1,1,2307290001,집
e_e005220,1,2,2307290002,드림 닭갈비
e_e005220,1,3,2307290004,모나 캠핑파크 가평점
e_e005220,1,4,2307290005,계곡
e_e005220,1,5,2307290006,모나 캠핑파크 가평점
e_e005220,2,1,2307300001,할머니순두부
e_e005220,2,2,2307300002,폴콘 포천점
e_e005220,2,3,2307300003,집
e_e005221,1,1,2307300001,집
e_e005221,1,2,2307300002,전주 고속버스터미널
e_e005221,1,3,2307300003,서울고속버스터미널(경부)
e_e005221,1,4,2307300004,먼지
e_e005221,1,5,2307300005,스타벅스 망원한강공원점
e_e005221,1,6,2307300006,망원한강공원
e_e005221,1,7,2307300007,홈플러스 월드컵점
e_e005221,1,8,2307300008,서울월드컵경기장
e_e005221,1,9,2307300009,나랑
e_e005221,2,1,2307310001,4233마음센터
e_e005221,2,2,2307310002,카미야
e_e005221,2,3,2307310003,T 팩토리
e_e005221,2,4,2307310004,무신사 테라스
e_e005221,2,5,2307310005,서울고속버스터미널(경부)
e_e005221,2,6,2307310007,전주 고속버스터미널
e_e005221,2,7,2307310006,집
e_e005223,1,1,2307150001,집
e_e005223,1,2,2307150003,은산 어울림 생태 박물관
e_e005223,1,3,2307150004,킹콩 주꾸미
e_e005223,1,4,2307150002,집
e_e005234,1,1,2307270001,집
e_e005234,1,2,2307270002,연하동
e_e005234,1,3,2307270003,카페 레이어드 연남점
e_e005234,1,4,2307270004,후카 후카 스튜디오
e_e005234,1,5,2307270008,경의선 숲길공원
e_e005234,1,6,2307270005,AK플라자 홍대
e_e005234,1,7,2307270006,연어롭다
e_e005234,1,8,2307270007,마거릿 연남
e_e005234,1,9,2307270009,유니언 호텔
e_e005234,2,1,2307280001,국제 전자센터
e_e005234,2,2,2307280002,바토스 파르나스 몰 점
e_e005234,2,3,2307280003,퍼센트 아라비카 1호점
e_e005234,2,4,2307280004,코엑스
e_e005234,2,5,2307280005,무인양품 강남점
e_e005234,2,6,2307280007,서울고속버스터미널(경부)
e_e005234,2,7,2307280006,집
e_e005238,1,1,2307250001,집
e_e005238,1,2,2307250003,아웃백 스테이크하우스 상봉 홈플러스점
e_e005238,1,3,2307250004,일 피노
e_e005238,1,4,2307250005,묘적사계곡
e_e005238,1,5,2307250006,두물머리
e_e005238,1,6,2307250002,집
e_e005239,1,1,2307160001,집
e_e005239,1,2,2307160002,101닭갈비
e_e005239,1,3,2307160003,망고 키즈 풀빌라
e_e005239,2,1,2307170001,카페 모아이
e_e005239,2,2,2307170002,약초 드림
e_e005239,2,3,2307170003,집
e_e005240,1,1,2307140001,집
e_e005240,1,2,2307140004,스타필드 하남
e_e005240,1,3,2307140002,덕소역 경의중앙선
e_e005240,1,4,2307140003,팔당역 경의 중앙선
e_e005240,1,5,2307140005,아쿠아 필드 하남
e_e005240,1,6,2307140006,무인양품 스타필드 하남점
e_e005240,1,7,2307140007,파리바게뜨 하남사랑점
e_e005240,1,8,2307140008,하남 소방서
e_e005240,1,9,2307140009,집
e_e005242,1,1,2308010001,집
e_e005242,1,2,2308010002,춘천 시외버스터미널
e_e005242,1,3,2308010003,임용 백돼지국밥 종각점
e_e005242,1,4,2308010004,쌈지길
e_e005242,1,5,2308010005,카페 레이어드 안국점
e_e005242,1,6,2308010006,북촌 한옥마을
e_e005242,1,7,2308010007,배스킨라빈스 안국역점
e_e005242,1,8,2308010008,메이커스 X 이쁘다
e_e005242,1,9,2308010009,동두천 솥뚜껑 삼겹살 종각점
e_e005242,1,10,2308010010,청계천
e_e005242,1,11,2308010011,메이커스 X 이쁘다
e_e005242,2,1,2308020001,부타이 1막
e_e005242,2,2,2308020002,코엑스 아쿠아리움
e_e005242,2,3,2308020003,앤티앤스프레즐 코엑스점
e_e005242,2,4,2308020004,동서울 종합터미널
e_e005242,2,5,2308020005,이마트 춘천점
e_e005242,2,6,2308020006,집
e_e005247,1,1,2307280001,사무실
e_e005247,1,2,2307280002,더 현대 서울
e_e005247,1,3,2307280003,페어몬트 앰배서더 서울
e_e005247,1,4,2307280004,IFC 몰
e_e005247,1,5,2307280005,더 현대 서울
e_e005247,1,6,2307280006,페어몬트 앰배서더 서울
e_e005247,1,7,2307280007,여의도 한강공원
e_e005247,1,8,2307280008,민트 박스 코인 노래연습장
e_e005247,1,9,2307280009,아이스 걸 드림 보이 여의도점
e_e005247,1,10,2307280010,페어몬트 앰배서더 서울
e_e005247,2,1,2307290001,더 현대 서울
e_e005247,2,2,2307290002,테일러 커피 더 현대 서울
e_e005247,2,3,2307290003,호우 섬 더 현대 서울점
e_e005247,2,4,2307290004,여의도 한강공원
e_e005247,2,5,2307290005,더 현대 서울
e_e005247,2,6,2307290006,영등포역
e_e005247,2,7,2307290007,수원역
e_e005247,2,8,2307290008,청솔마을 6단지 SK 한화아파트
e_e005257,1,1,2307140001,집
e_e005257,1,2,2307140002,옥천역
e_e005257,1,3,2307140003,대전역
e_e005257,1,4,2307140004,서울역
e_e005257,1,5,2307140005,서울역 1호선
e_e005257,1,6,2307140006,더스테이트 호텔 선유
e_e005257,1,7,2307140007,더 현대 서울
e_e005257,1,8,2307140008,더스테이트 호텔 선유
e_e005257,2,1,2307150001,선유도역 9호선
e_e005257,2,2,2307150002,서울역
e_e005257,2,3,2307150003,안맹 상점 리스테이션
e_e005257,2,4,2307150005,서울역
e_e005257,2,5,2307150004,집
e_e005264,1,1,2307160001,집
e_e005264,1,2,2307160002,인천도시 역사관
e_e005264,1,3,2307160004,아오리의 행방불명 송도점
e_e005264,1,4,2307160003,국립 세계문자 박물관
e_e005264,1,5,2307160005,트리플 스트리트
e_e005264,1,6,2307160006,송해온
e_e005264,1,7,2307160007,집
e_e005271,1,1,2307300001,집
e_e005271,1,2,2307300002,짜장 마을
e_e005271,1,3,2307300004,레이크문오토캠핑장
e_e005271,2,1,2307310001,3.8정 카페
e_e005271,2,2,2307310002,사부작 카페
e_e005271,2,3,2307310003,집
e_e005278,1,1,2307220001,집
e_e005278,1,2,2307220002,산리 오러 버스 클럽
e_e005278,1,3,2307220003,장안문
e_e005278,1,4,2307220004,행궁 81.2
e_e005278,1,5,2307220005,원시다자숯불양다리구이 본점
e_e005278,1,6,2307220006,2NE1
e_e005278,1,7,2307220007,산적
e_e005278,1,8,2307220008,아이비 스테이
e_e005278,2,1,2307230001,아비코 롯데몰 수원점
e_e005278,2,2,2307230002,롯데몰 수원점
e_e005278,2,3,2307230003,집
e_e005289,1,1,2307150001,집
e_e005289,1,2,2307150002,감성 교복 롯데월드점
e_e005289,1,3,2307150004,롯데월드
e_e005289,1,4,2307150005,하와이 사자 팩토리 롯데월드몰점
e_e005289,1,5,2307150003,나만의 온도
e_e005289,2,1,2307160002,인사동 수제비
e_e005289,2,2,2307160003,어니언 안국점
e_e005289,2,3,2307160004,교보문고 광화문점
e_e005289,2,4,2307160001,집
e_e005290,1,1,2307150001,집
e_e005290,1,2,2307150002,베리 가든
e_e005290,1,3,2307150003,우리 소
e_e005290,1,4,2307150004,친척 집
e_e005294,1,1,2307250001,집
e_e005294,1,2,2307250002,워터플레이
e_e005294,1,3,2307250004,가평군 농협 하나로마트 자라점
e_e005294,1,4,2307250003,초원 닭갈비 막국수
e_e005294,1,5,2307250007,스카이 펜션
e_e005294,2,1,2307260001,아유 스페이스
e_e005294,2,2,2307260002,집
e_e005311,1,1,2307220001,집
e_e005311,1,2,2307220002,국립과천과학관
e_e005311,1,3,2307220003,백운동
e_e005311,1,4,2307220004,카페 막시 왕송호수점
e_e005311,1,5,2307220005,집
e_e005314,1,1,2308050001,집
e_e005314,1,2,2308050003,부산역
e_e005314,1,3,2308050004,아이파크몰 용산점
e_e005314,1,4,2308050006,히츠 자야
e_e005314,1,5,2308050005,국립중앙박물관
e_e005314,1,6,2308050007,카페 레이어드 연남점
e_e005314,1,7,2308050002,연희장
e_e005314,2,1,2308060001,장교숙소 5단지(용산공원 반환부지)
e_e005314,2,2,2308060002,초이 다이닝 성수점
e_e005314,2,3,2308060003,띵굴 스토어 성수점
e_e005314,2,4,2308060005,왕과 탕후루
e_e005314,2,5,2308060004,센터 커피 서울역점
e_e005314,2,6,2308060006,서울로 717
e_e005314,2,7,2308060007,다복
e_e005314,2,8,2308060009,서울역
e_e005314,2,9,2308060010,창원중앙역
e_e005314,2,10,2308060008,집
e_e005317,1,1,2308040001,친구 친지 집
e_e005317,1,2,2308040003,청평역 경춘선
e_e005317,1,3,2308040004,선셋 74 수상 레저
e_e005317,1,4,2308040002,선셋 74
e_e005317,2,1,2308050004,해낙전
e_e005317,2,2,2308050003,카페 아우라
e_e005317,2,3,2308050002,청평역 경춘선
e_e005317,2,4,2308050001,친구 집
e_e005318,1,1,2307190001,집
e_e005318,1,2,2307190003,천마산 입구
e_e005318,1,3,2307190004,CGV 남양주 화도 점
e_e005318,1,4,2307190005,남양주세무서
e_e005318,1,5,2307190006,이마트 남양주점
e_e005318,1,6,2307190008,평내호평역 경춘선
e_e005318,1,7,2307190007,남양주 동부 새마을금고 호평지점
e_e005318,1,8,2307190010,호평 평내 행정복지센터
e_e005318,1,9,2307190009,이석영 신흥상회
e_e005318,1,10,2307190011,구석기 역사 공원
e_e005318,1,11,2307190012,혼만천
e_e005318,1,12,2307190013,천마산
e_e005318,1,13,2307190002,집
e_e005321,1,1,2307300001,집
e_e005321,1,2,2307300004,롯데백화점 수원점
e_e005321,1,3,2307300008,팥도 당 롯데몰 수원점
e_e005321,1,4,2307300005,수원 화성 팔달문
e_e005321,1,5,2307300006,꿍냐우 행궁점
e_e005321,1,6,2307300007,화성행궁
e_e005321,1,7,2307300002,딸 집 방문
e_e005321,2,1,2307310001,백소장 인계점
e_e005321,2,2,2307310003,효원공원
e_e005321,2,3,2307310002,CGV 동수원
e_e005321,2,4,2307310004,효원공원 월화원
e_e005321,2,5,2307310005,955카페
e_e005321,2,6,2307310006,집
e_e005327,1,1,2307190001,집
e_e005327,1,2,2307190003,주엽공원
e_e005327,1,3,2307190004,그랜드 백화점 일산점
e_e005327,1,4,2307190005,꼬마김밥 하우스
e_e005327,1,5,2307190006,레이크
e_e005327,1,6,2307190002,집
e_e005335,1,1,2307260001,집
e_e005335,1,2,2307260003,맘 스터디 포천 일동
e_e005335,1,3,2307260004,포천 글램핑 앤 카라반
e_e005335,1,4,2307260002,집
e_e005336,1,1,2307250001,집
e_e005336,1,2,2307250002,다산 생태공원
e_e005336,1,3,2307250003,정약용 유적지
e_e005336,1,4,2307250004,실학박물관
e_e005336,1,5,2307250005,이마트 24 다산 생태공원점
e_e005336,1,6,2307250006,바운스 슈퍼 파크 하남 센터
e_e005336,1,7,2307250007,강동경희대학교 치과병원
e_e005336,1,8,2307250008,스타필드 하남
e_e005336,1,9,2307250009,집
e_e005340,1,1,2307290001,집
e_e005340,1,2,2307290003,알바니
e_e005340,1,3,2307290004,헤이리 예술마을
e_e005340,1,4,2307290002,세이스테이
e_e005340,2,1,2307300001,바다 상회 해물칼국수 파주 본점
e_e005340,2,2,2307300003,퍼스트 가든
e_e005340,2,3,2307300005,레드 브리지
e_e005340,2,4,2307300004,마장호수
e_e005340,2,5,2307300002,집
e_e005341,1,1,2307200001,집
e_e005341,1,2,2307200002,에버랜드
e_e005341,1,3,2307200003,골든 튤립에버 용인 호텔
e_e005341,2,1,2307210001,롯데시네마 용인 기흥
e_e005341,2,2,2307210002,집
e_e005344,1,1,2307220001,집
e_e005344,1,2,2307220002,신촌 난향
e_e005344,1,3,2307220003,현대백화점 신촌점
e_e005344,1,4,2307220004,지인 집
e_e005344,1,5,2307220005,올림픽공원 올림픽홀
e_e005344,1,6,2307220006,전국 낙지 자랑 본점
e_e005344,1,7,2307220007,지인 집 주차장
e_e005344,1,8,2307220008,집
e_e005351,1,1,2307220001,집
e_e005351,1,2,2307220002,가평역 주차장
e_e005351,1,3,2307220003,명월촌 오리집
e_e005351,1,4,2307220004,플러스마트 가평점
e_e005351,1,5,2307220005,메이플 베이
e_e005351,1,6,2307220007,메이플 베이
e_e005351,2,1,2307230001,마그빈 제빵소 가평 1호점
e_e005351,2,2,2307230002,이화원
e_e005351,2,3,2307230003,멜로우 스폿
e_e005351,2,4,2307230004,집
e_e005368,1,1,2307310001,집
e_e005368,1,2,2307310003,용산역
e_e005368,1,3,2307310004,가평역 경춘선
e_e005368,1,4,2307310005,멜로우 스폿
e_e005368,1,5,2307310006,둘레길 숯불닭갈비
e_e005368,1,6,2307310007,가평 조은 마트
e_e005368,1,7,2307310002,메종 디파 티오
e_e005368,2,1,2308010001,가평역 경춘선
e_e005368,2,2,2308010002,가평 메밀촌 가평점
e_e005368,2,3,2308010004,제이드가든 수목원
e_e005368,2,4,2308010003,Cafe913잣 자라 빵
e_e005368,2,5,2308010006,가평역 경춘선
e_e005368,2,6,2308010007,용산역
e_e005368,2,7,2308010005,집
e_e005370,1,1,2307220001,집
e_e005370,1,2,2307220003,청주 북부터미널
e_e005370,1,3,2307220004,서울남부터미널
e_e005370,1,4,2307220005,백년옥 본관
e_e005370,1,5,2307220006,미나스 예술의전당점
e_e005370,1,6,2307220007,예술의전당 오페라하우스
e_e005370,1,7,2307220008,서울남부터미널
e_e005370,1,8,2307220009,청주 북부터미널
e_e005370,1,9,2307220010,샤브 마니아 청주 오창점
e_e005370,1,10,2307220011,컴포즈커피 청주 오창 호수 공원점
e_e005370,1,11,2307220002,집
e_e005387,1,1,2307220001,집
e_e005387,1,2,2307220002,평택 지제역
e_e005387,1,3,2307220003,수서역에서 잠실역 환승
e_e005387,1,4,2307220005,롯데월드 아쿠아리움
e_e005387,1,5,2307220004,딤딤섬 롯데월드몰점
e_e005387,1,6,2307220006,챔피 언더 블랙벨트 롯데타워 잠실점
e_e005387,1,7,2307220007,서울스카이
e_e005387,1,8,2307220008,수서역
e_e005387,1,9,2307220009,집 (평택 지제역 도착)
e_e005391,1,1,2307190001,집
e_e005391,1,2,2307190002,버드
e_e005391,1,3,2307190003,카페 공명 연남 1호점
e_e005391,1,4,2307190004,등촌 샤브칼국수 홍대점
e_e005391,1,5,2307190005,홍대 예술의 거리
e_e005391,1,6,2307190006,집사의 하루 홍대점
e_e005391,1,7,2307190007,홍대엔 파스타
e_e005391,1,8,2307190008,홍대 앞 걷고 싶은 거리
e_e005391,1,9,2307190009,AK플라자 홍대
e_e005391,1,10,2307190010,김포공항역 공항철도
e_e005391,1,11,2307190011,집
e_e005395,1,1,2307290001,집
e_e005395,1,2,2307290002,공덕역 종로3가역
e_e005395,1,3,2307290003,삼송역 3호선
e_e005395,1,4,2307290004,CU 삼송 소공원 
e_e005395,1,5,2307290005,스타필드 고양
e_e005395,1,6,2307290006,스타필드 고양 에잇 세컨즈
e_e005395,1,7,2307290007,스타필드 고양 리얼 컴포트
e_e005395,1,8,2307290008,데카트론 고양 스타필드
e_e005395,1,9,2307290009,교토가츠규 스타필드 고양점
e_e005395,1,10,2307290010,설빙 경기 고양 스타필드점
e_e005395,1,11,2307290011,삼송역 3호선
e_e005395,1,12,2307290012,집
e_e005408,1,1,2307190001,집
e_e005408,1,2,2307190002,평택 지제역 1호선
e_e005408,1,3,2307190004,쌍용 폐기 닭 본점
e_e005408,1,4,2307190003,더 홀릭 보드게임카페 평택역점
e_e005408,1,5,2307190005,그믐달 셀프스튜디오 평택역점
e_e005408,1,6,2307190006,세븐일레븐 평택 라마다 점
e_e005408,1,7,2307190015,라마다 평택 호텔
e_e005408,2,1,2307200001,메인스트리트
e_e005408,2,2,2307200002,평택 마린센터
e_e005408,2,3,2307200003,시모네
e_e005408,2,4,2307200004,오니 오니
e_e005408,2,5,2307200005,쇼쿠지
e_e005408,2,6,2307200006,포토 그레이 평택점
e_e005408,2,7,2307200007,AK플라자 평택
e_e005408,2,8,2307200008,집
e_e005421,1,1,2307210001,집
e_e005421,1,2,2307210002,스시 성북
e_e005421,1,3,2307210003,우리 옛 돌 박물관
e_e005421,1,4,2307210004,나인 트리 프리미어 호텔 인사동
e_e005421,1,5,2307210005,송계옥 압구정점
e_e005421,1,6,2307210006,어니언 안국점
e_e005421,1,7,2307210007,열린 송현 녹지 광장
e_e005421,1,8,2307210008,나인 트리 프리미어 호텔 인사동
e_e005421,2,1,2307220002,오설록 티하우스 현대미술 관점
e_e005421,2,2,2307220003,블루 보틀 삼청 카페
e_e005421,2,3,2307220004,그라운드 시 소 서촌
e_e005421,2,4,2307220005,경복궁
e_e005421,2,5,2307220001,집
e_e005423,1,1,2307290001,집
e_e005423,1,2,2307290003,분당중앙공원
e_e005423,1,3,2307290004,수내 초밥
e_e005423,1,4,2307290005,탄천
e_e005423,1,5,2307290006,분당 정자동 카페골목
e_e005423,1,6,2307290007,지유가오카 브레드 분당 정자역점
e_e005423,1,7,2307290002,집
e_e005438,1,1,2308020001,집
e_e005438,1,2,2308020002,웨이브 파크
e_e005438,1,3,2308020004,르컬렉티브 시흥 웨이브 파크
e_e005438,2,1,2308030001,슬로 그라운드
e_e005438,2,2,2308030002,랑데자뷰 시흥 거북 성점
e_e005438,2,3,2308030003,집
e_e005440,1,1,2307260001,집
e_e005440,1,2,2307260002,온담 코다리 한상
e_e005440,1,3,2307260004,선일 목장 정육 식당
e_e005440,1,4,2307260003,바라산 자연휴양림
e_e005440,2,1,2307270001,명장 시대 백운호수점
e_e005440,2,2,2307270003,백운호수
e_e005440,2,3,2307270004,롯데 프리미엄 아울렛 타임 빌라스
e_e005440,2,4,2307270002,집
e_e005442,1,1,2307220001,집
e_e005442,1,2,2307220003,어랑추
e_e005442,1,3,2307220004,수동농협 본점
e_e005442,1,4,2307220005,축령산 자연휴양림
e_e005442,1,5,2307220006,축령산 자연휴양림
e_e005442,2,1,2307230001,축령산 자연휴양림
e_e005442,2,2,2307230002,집
e_e005443,1,1,2307230001,집
e_e005443,1,2,2307230002,연천 호로 고루
e_e005443,1,3,2307230003,연천 경순왕릉
e_e005443,1,4,2307230005,임진강 주상절리
e_e005443,1,5,2307230006,약수 오리
e_e005443,1,6,2307230004,연천 땅 포성
e_e005443,1,7,2307230007,고대산자연휴양림
e_e005443,2,1,2307240001,재인폭포
e_e005443,2,2,2307240002,포천 아우라지 베개용암
e_e005443,2,3,2307240003,집
e_e005446,1,1,2307220001,집
e_e005446,1,2,2307220002,김포 장릉
e_e005446,1,3,2307220004,상두 그레이
e_e005446,1,4,2307220003,그 남자의 떡볶이집
e_e005446,1,5,2307220005,집
e_e005451,1,1,2307220001,집
e_e005451,1,2,2307220002,픽업
e_e005451,1,3,2307220003,문래 SKV1 센터
e_e005451,1,4,2307220004,동묘시장
e_e005451,1,5,2307220005,동묘공원
e_e005451,1,6,2307220006,부촌 육회 2호점
e_e005451,1,7,2307220007,광장 쑥 자매 찹쌀호떡
e_e005451,1,8,2307220009,문래 SKV1 센터
e_e005451,1,9,2307220008,끄티집 종로점
e_e005451,1,10,2307220014,해밀 호텔
e_e005451,2,1,2307230001,팔레 센트
e_e005451,2,2,2307230002,장안문
e_e005451,2,3,2307230003,수원 월드컵 경기장
e_e005451,2,4,2307230004,집
e_e005463,1,1,2307220001,집
e_e005463,1,2,2307220002,카페 스위티안 펍
e_e005463,1,3,2307220003,채남 칼국수
e_e005463,1,4,2307220004,킹덤 키즈 풀빌라
e_e005463,2,1,2307230001,킹덤 키즈 풀빌라 키즈카페
e_e005463,2,2,2307230002,집
e_e005467,1,1,2307220001,친구 친지 집
e_e005467,1,2,2307220003,그린마일 커피 북촌점
e_e005467,1,3,2307220004,그랑 핸드 북촌
e_e005467,1,4,2307220005,어둠 속의 대화
e_e005467,1,5,2307220006,대장장이 화덕피자
e_e005467,1,6,2307220002,세양청마루 아파트
e_e005472,1,1,2307240001,집
e_e005472,1,2,2307240002,더 현대 서울
e_e005472,1,3,2307240003,수티 더 현대 서울점
e_e005472,1,4,2307240004,사운드웨이브 카페
e_e005472,1,5,2307240005,더 현대 서울
e_e005472,1,6,2307240006,여의도 한강공원
e_e005472,1,7,2307240007,연남 토마 본점
e_e005472,1,8,2307240008,AK플라자 홍대
e_e005472,1,9,2307240009,집
e_e005483,1,1,2307220001,집
e_e005483,1,2,2307220003,캐비닛 베이글
e_e005483,1,3,2307220004,장안문
e_e005483,1,4,2307220007,수원 화성 북동적대
e_e005483,1,5,2307220005,수원 화성 화서문
e_e005483,1,6,2307220006,수원 화성 서북공심돈
e_e005483,1,7,2307220008,수원 화성 북동포루
e_e005483,1,8,2307220009,방화수류정
e_e005483,1,9,2307220010,용연
e_e005483,1,10,2307220011,버드 커피 브루어스
e_e005483,1,11,2307220012,행궁동 벽화마을
e_e005483,1,12,2307220013,수원 화성 박물관
e_e005483,1,13,2307220014,카몬 행궁 본점
e_e005483,1,14,2307220002,집
e_e005484,1,1,2307220001,집
e_e005484,1,2,2307220002,가평휴게소 서울 방향
e_e005484,1,3,2307220003,이케아 기흥점
e_e005484,1,4,2307220004,고매 커피
e_e005484,1,5,2307220005,성남 휴게소(외측 방향) 전기차 충전소
e_e005484,1,6,2307220006,가평휴게소 춘천 방향
e_e005484,1,7,2307220007,집
e_e005485,1,1,2307210001,집
e_e005485,1,2,2307210003,더 서울 라이티 움
e_e005485,1,3,2307210004,난포
e_e005485,1,4,2307210005,제스티 살룬 성수
e_e005485,1,5,2307210006,용산가족공원
e_e005485,1,6,2307210007,서울로 717
e_e005485,1,7,2307210008,다케오호르몬데판야끼
e_e005485,1,8,2307210002,k world 호텔
e_e005485,2,1,2307220001,올디스타코
e_e005485,2,2,2307220002,사랑방칼국수
e_e005485,2,3,2307220003,공간 갑
e_e005485,2,4,2307220004,집
e_e005488,1,1,2307220001,집
e_e005488,1,2,2307220004,서울미술관 본관
e_e005488,1,3,2307220002,지식 정보단 지역 인천 1호선
e_e005488,1,4,2307220003,시청역 1호선
e_e005488,1,5,2307220005,석파정
e_e005488,1,6,2307220006,기생충 포토존
e_e005488,1,7,2307220007,맘스 키친
e_e005488,1,8,2307220008,다이소 선유도역점
e_e005488,1,9,2307220011,더스테이트 호텔 선유
e_e005488,2,1,2307230001,너도나도 식당
e_e005488,2,2,2307230002,양화한강공원
e_e005488,2,3,2307230003,스타벅스 선유동 이리 빌딩점
e_e005488,2,4,2307230004,집
e_e005495,1,1,2307220001,집
e_e005495,1,2,2307220002,광화문광장
e_e005495,1,3,2307220003,교보문고 광화문점
e_e005495,1,4,2307220004,샤의 바나 광화문점
e_e005495,1,5,2307220005,레더라 SFC 점
e_e005495,1,6,2307220006,집
e_e005497,1,1,2307220001,집
e_e005497,1,2,2307220002,쿠모쿠모베이커리
e_e005497,1,3,2307220003,우방 목련아파트
e_e005497,1,4,2307220004,구락 다복
e_e005497,1,5,2307220005,석모도 미네랄 온천
e_e005497,1,6,2307220006,편의점
e_e005497,1,7,2307220008,온리 주꾸미 군포 본점
e_e005497,1,8,2307220007,지인 집  튜브 반납하러
e_e005497,1,9,2307220009,바나 프레소 AK 금정점
e_e005497,1,10,2307220010,지인 집 반찬 나눔
e_e005497,1,11,2307220011,집
e_e005504,1,1,2307290001,집
e_e005504,1,2,2307290003,청주 시외버스터미널
e_e005504,1,3,2307290004,광교 센트럴 푸르지오 시티 오피스텔
e_e005504,1,4,2307290005,갤러리아백화점 광교점
e_e005504,1,5,2307290007,다운 다우너 광교 갤러리아
e_e005504,1,6,2307290006,광교호수공원
e_e005504,1,7,2307290002,광교 센트럴 푸르지오 시티 오피스텔
e_e005504,2,1,2307300002,롯데 아울렛 광교점
e_e005504,2,2,2307300003,감성 타코 광교점
e_e005504,2,3,2307300004,아트스페이스 광교
e_e005504,2,4,2307300005,갤러리아 광교 파사주
e_e005504,2,5,2307300006,지파시 갤러리아 광교점
e_e005504,2,6,2307300007,광교 센트럴 푸르지오 시티 오피스텔
e_e005504,2,7,2307300008,영통입구 정류소
e_e005504,2,8,2307300001,집
e_e005510,1,1,2307230001,집
e_e005510,1,2,2307230002,이케아 고양점
e_e005510,1,3,2307230003,현대모터 스튜디오 고양
e_e005510,1,4,2307230004,빕스 일산점
e_e005510,1,5,2307230005,기아 운정지점
e_e005510,1,6,2307230006,집
e_e005517,1,1,2307250001,집
e_e005517,1,2,2307250003,유림 고속버스 정류장
e_e005517,1,3,2307250004,고속터미널역 7호선
e_e005517,1,4,2307250005,공릉역 7호선
e_e005517,1,5,2307250006,공릉동 도깨비시장
e_e005517,1,6,2307250007,명동 홍두깨 손칼국수
e_e005517,1,7,2307250008,서울 생활사 박물관
e_e005517,1,8,2307250010,태릉입구역 7호선
e_e005517,1,9,2307250011,상봉역 7호선
e_e005517,1,10,2307250009,코스트코 상봉점
e_e005517,1,11,2307250012,상봉역 7호선
e_e005517,1,12,2307250013,공릉역 7호선
e_e005517,1,13,2307250014,친구 집
e_e005517,1,14,2307250015,공릉역 7호선
e_e005517,1,15,2307250016,서울고속버스터미널(경부)
e_e005517,1,16,2307250017,유림 고속버스정류장
e_e005517,1,17,2307250018,유림동 방축 정류장(29452)
e_e005517,1,18,2307250002,집
e_e005518,1,1,2307220001,집
e_e005518,1,2,2307220002,공릉역 7호선
e_e005518,1,3,2307220003,동백역 에버라인
e_e005518,1,4,2307220004,김종구 부산어묵 동백역점
e_e005518,1,5,2307220005,용인시 박물관
e_e005518,1,6,2307220006,용인중앙공원
e_e005518,1,7,2307220007,만미정
e_e005518,1,8,2307220008,집
e_e005525,1,1,2307300001,집
e_e005525,1,2,2307300003,진미 통닭
e_e005525,1,3,2307300004,프랭크 커핀바 수원점
e_e005525,1,4,2307300005,화홍문 공영주차장
e_e005525,1,5,2307300006,수원 화성
e_e005525,1,6,2307300007,요미우돈 교자
e_e005525,1,7,2307300008,행리단길
e_e005525,1,8,2307300002,집
e_e005527,1,1,2307230001,집
e_e005527,1,2,2307230003,현선이네 용산 본점
e_e005527,1,3,2307230004,국립중앙박물관
e_e005527,1,4,2307230005,도토리 베이커리 카페 신용산점
e_e005527,1,5,2307230006,효뜨
e_e005527,1,6,2307230002,집
e_e005528,1,1,2307220001,집
e_e005528,1,2,2307220002,던킨 동탄 제일병원점
e_e005528,1,3,2307220003,파주출판도시 자유로 휴게소 주유소
e_e005528,1,4,2307220004,엔조이 터키
e_e005528,1,5,2307220005,헤이리 예술마을
e_e005528,1,6,2307220006,아시아출판문화 정보 센터 지혜의 숲 1관
e_e005528,1,7,2307220007,롯데 프리미엄 아울렛 파주점
e_e005528,1,8,2307220008,파주 프리미엄 아울렛
e_e005528,1,9,2307220009,오백 년 누룽지 백숙 프로방스점
e_e005528,1,10,2307220010,골드힐 호텔
e_e005528,2,1,2307230001,문지리 535
e_e005528,2,2,2307230002,마장호수
e_e005528,2,3,2307230003,집
e_e005532,1,1,2307310001,집
e_e005532,1,2,2307310003,에버랜드 정문
e_e005532,1,3,2307310004,에버랜드 허리케인 어트랙션
e_e005532,1,4,2307310005,에버랜드 롤링엑스트레인
e_e005532,1,5,2307310006,KFC 용인 에버랜드점
e_e005532,1,6,2307310007,에버랜드 아마존 익스프레스
e_e005532,1,7,2307310008,에버랜드 슈팅 워터 펀밤밤 클럽
e_e005532,1,8,2307310009,에버랜드 T 익스프레스
e_e005532,1,9,2307310010,에버랜드 사파리월드
e_e005532,1,10,2307310011,에버랜드 밤밤  서머 나이트
e_e005532,1,11,2307310012,에버랜드 문라인드 퍼레이드
e_e005532,1,12,2307310013,오오 츄
e_e005532,1,13,2307310014,에버랜드 Evertopia
e_e005532,1,14,2307310002,양지파인리조트
e_e005532,2,1,2308010001,캐리비안베이 매표소
e_e005532,2,2,2308010002,캐리비안베이 파도 풀
e_e005532,2,3,2308010003,캐리비안 베이 어드벤처 풀
e_e005532,2,4,2308010005,캐리비안베이 네일 스티커 체험 및 구매
e_e005532,2,5,2308010004,캐리비안베이 와일드 리버풀
e_e005532,2,6,2308010006,캐리비안베이 유수풀
e_e005532,2,7,2308010007,캐리비안베이 라꼬 스타
e_e005532,2,8,2308010008,캐리비안베이 파도 풀 클럽 캐비 풀 파티
e_e005532,2,9,2308010009,에버랜드 샤워실 및 퇴장
e_e005532,2,10,2308010010,캐리비안베이 피크닉
e_e005532,2,11,2308010011,집
e_e005549,1,1,2307290001,집
e_e005549,1,2,2307290002,W 홀스 랜드
e_e005549,1,3,2307290003,산 아래 참나무 바비큐
e_e005549,1,4,2307290004,국립 운악산 자연휴양림
e_e005549,1,5,2307290005,투썸플레이스 고모 호수점
e_e005549,1,6,2307290006,고모저수지
e_e005549,1,7,2307290007,호텔 수목원
e_e005549,1,8,2307290008,샛별 반점 중식
e_e005549,1,9,2307290009,호텔 수목원
e_e005549,2,1,2307300001,DMZ 두루미 평화 타운
e_e005549,2,2,2307300002,고석정 도토리임자탕
e_e005549,2,3,2307300003,고석정
e_e005549,2,4,2307300004,W 홀스 랜드
e_e005549,2,5,2307300005,본토박이 장작구이 남양주 본점
e_e005549,2,6,2307300006,집
e_e005550,1,1,2307240001,집
e_e005550,1,2,2307240002,국립현대미술관 서울관
e_e005550,1,3,2307240003,경복궁
e_e005550,1,4,2307240004,카페와 뉴
e_e005550,1,5,2307240005,가가 77페이지
e_e005550,1,6,2307240006,포트레이트 커피나
e_e005550,1,7,2307240009,리틀 리들
e_e005550,1,8,2307240007,당도
e_e005550,1,9,2307240008,치즈 게스트하우스
e_e005550,2,1,2307250001,국립중앙박물관
e_e005550,2,2,2307250002,서울고속버스터미널(경부)
e_e005550,2,3,2307250003,집
e_e005551,1,1,2307290001,집
e_e005551,1,2,2307290003,아쿠아 필드 고양
e_e005551,1,3,2307290004,고 청담 스타필드 고양점
e_e005551,1,4,2307290005,미루꾸 커피 스타필드 고양점
e_e005551,1,5,2307290002,집
e_e005553,1,1,2307280001,집
e_e005553,1,2,2307280002,국립어린이과학관
e_e005553,1,3,2307280003,성북동 칼국수
e_e005553,1,4,2307280004,하땅사 극장
e_e005553,1,5,2307280005,승진 완구
e_e005553,1,6,2307280006,집
e_e005555,1,1,2307260001,집
e_e005555,1,2,2307260002,란저우 우육면
e_e005555,1,3,2307260003,환기미술관
e_e005555,1,4,2307260004,산모퉁이
e_e005555,1,5,2307260005,부암동 일대
e_e005555,1,6,2307260006,집
e_e005562,1,1,2307310001,집
e_e005562,1,2,2307310004,스카이 펜션
e_e005562,1,3,2307310002,소문난 닭갈비
e_e005562,1,4,2307310003,레뷰
e_e005562,1,5,2307310005,스카이 펜션
e_e005562,2,1,2308010001,이천 보고가
e_e005562,2,2,2308010002,마이트
e_e005562,2,3,2308010003,집
e_e005570,1,1,2307290001,집
e_e005570,1,2,2307290003,인천 차이나타운
e_e005570,1,3,2307290004,풍미
e_e005570,1,4,2307290006,자유 공원
e_e005570,1,5,2307290005,짜장면 박물관
e_e005570,1,6,2307290007,제물포구락부
e_e005570,1,7,2307290008,인천시민에 집
e_e005570,1,8,2307290009,인천개항 박물관
e_e005570,1,9,2307290010,이디야커피 인천 차이나타운점
e_e005570,1,10,2307290011,차이나타운 거리 공가네 중국제과 담
e_e005570,1,11,2307290002,집
e_e005573,1,1,2307260001,집
e_e005573,1,2,2307260002,입장거봉포도 휴게소 서울 방향
e_e005573,1,3,2307260003,에버랜드
e_e005573,1,4,2307260004,집
e_e005575,1,1,2308040001,집
e_e005575,1,2,2308040002,그라운드 시 소 서촌
e_e005575,1,3,2308040003,칸다 쇼바 경복궁점
e_e005575,1,4,2308040004,갤러리 B
e_e005575,1,5,2308040005,광화 문책 마당
e_e005575,1,6,2308040006,광화문광장
e_e005575,1,7,2308040007,던킨 시청역점
e_e005575,1,8,2308040008,집
e_e005577,1,1,2307280001,친구 친지 집
e_e005577,1,2,2307280003,리버 레인
e_e005577,1,3,2307280004,선셋 74
e_e005577,1,4,2307280002,선셋 74
e_e005577,2,1,2307290002,솥뚜껑 닭볶음탕
e_e005577,2,2,2307290003,어비산 어비계곡
e_e005577,2,3,2307290001,자연 안 힐스테이트 아파트
e_e005579,1,1,2307310001,집
e_e005579,1,2,2307310002,천안역 1호선
e_e005579,1,3,2307310003,수원역
e_e005579,1,4,2307310004,정왕역 4호선
e_e005579,1,5,2307310006,하운드 호텔 거북 성점
e_e005579,2,1,2308010001,오이도 종합 어시장
e_e005579,2,2,2308010002,수원역
e_e005579,2,3,2308010003,천안역
e_e005579,2,4,2308010004,집
e_e005585,1,1,2307250001,집
e_e005585,1,2,2307250002,부평구청 역 7호선
e_e005585,1,3,2307250003,테크노파크역 인천 1호선
e_e005585,1,4,2307250005,스폰 타니티
e_e005585,1,5,2307250006,현대 프리미엄 아울렛 송도점
e_e005585,1,6,2307250004,집
e_e005590,1,1,2307290001,집
e_e005590,1,2,2307290002,글로리아 빌
e_e005590,1,3,2307290003,정육면체
e_e005590,1,4,2307290004,스타벅스 신촌점
e_e005590,1,5,2307290005,글로리아 빌
e_e005590,1,6,2307290006,더 현대 서울
e_e005590,1,7,2307290007,옥경이네 건생선
e_e005590,1,8,2307290008,서울중앙시장
e_e005590,1,9,2307290009,글로리아 빌
e_e005590,1,10,2307290010,이태리 양조장 연남점
e_e005590,1,11,2307290011,글로리아 빌
e_e005590,2,1,2307300001,경의선 숲길
e_e005590,2,2,2307300002,이억만 껍데기
e_e005590,2,3,2307300003,글로리아 빌
e_e005590,2,4,2307300004,집
e_e005598,1,1,2307290001,집
e_e005598,1,2,2307290003,부평역 시장으로
e_e005598,1,3,2307290004,부평평리단길
e_e005598,1,4,2307290005,꾸어 부평점
e_e005598,1,5,2307290006,포토 드링크 부평점
e_e005598,1,6,2307290007,부평역 시장으로 공연 관람
e_e005598,1,7,2307290008,슬로스
e_e005598,1,8,2307290002,집
e_e005599,1,1,2307270001,집
e_e005599,1,2,2307270002,구포역
e_e005599,1,3,2307270003,서울역
e_e005599,1,4,2307270004,덕수궁
e_e005599,1,5,2307270005,던킨 시청역점
e_e005599,1,6,2307270006,장인 닭갈비 명동점
e_e005599,1,7,2307270007,서울 식물원
e_e005599,1,8,2307270008,경복궁
e_e005599,1,9,2307270009,통의동 단팥
e_e005599,1,10,2307270010,서울 돈가스
e_e005599,1,11,2307270011,서울역
e_e005599,1,12,2307270012,구포역
e_e005599,1,13,2307270013,집
e_e005602,1,1,2307290001,집
e_e005602,1,2,2307290003,우렁이 쌈밥
e_e005602,1,3,2307290004,카페 목련
e_e005602,1,4,2307290005,용추계곡
e_e005602,1,5,2307290006,천계 닭갈비
e_e005602,1,6,2307290007,자라섬 남도
e_e005602,1,7,2307290002,집
e_e005605,1,1,2307250001,집
e_e005605,1,2,2307250002,의정부 미술 도서관
e_e005605,1,3,2307250003,미도인 의정부역점
e_e005605,1,4,2307250004,의정부중앙역 의정부 경전철
e_e005605,1,5,2307250005,의정부 음악 도서관
e_e005605,1,6,2307250006,탑텐 의정부점
e_e005605,1,7,2307250007,C27 신세계 의정부점
e_e005605,1,8,2307250008,집
e_e005617,1,1,2308050001,집
e_e005617,1,2,2308050003,서보(족발 덮밥 맛집)
e_e005617,1,3,2308050004,롯데월드 아쿠아리움
e_e005617,1,4,2308050005,롯데월드타워
e_e005617,1,5,2308050006,개나리 아귀찜
e_e005617,1,6,2308050007,아크엔 북 잠실점
e_e005617,1,7,2308050002,친구 집
e_e005617,2,1,2308060002,핏에 리아오 경리단길점
e_e005617,2,2,2308060003,그래픽
e_e005617,2,3,2308060004,현대카드 뮤직 라이브러리
e_e005617,2,4,2308060005,현대카드 아트 라이브러리
e_e005617,2,5,2308060006,양은 냄비
e_e005617,2,6,2308060001,집
e_e005627,1,1,2307280001,집
e_e005627,1,2,2307280002,원조주막 칡냉면
e_e005627,1,3,2307280003,테르메덴
e_e005627,1,4,2307280004,그 남자의 밥상
e_e005627,1,5,2307280005,집
e_e005642,1,1,2307270001,친구 친지 집
e_e005642,1,2,2307270002,AK플라자 수원
e_e005642,1,3,2307270005,고기 원칙 수원 호매실점
e_e005642,1,4,2307270004,파티저 호텔
e_e005642,2,1,2307280002,캐리비안베이
e_e005642,2,2,2307280003,에버랜드
e_e005642,2,3,2307280001,서촌 마을 영화 하이닉스 아파트
e_e005662,1,1,2308050001,집
e_e005662,1,2,2308050003,이태리 수서역점
e_e005662,1,3,2308050004,쎈느
e_e005662,1,4,2308050005,성수동 카페거리
e_e005662,1,5,2308050006,대성 갈비
e_e005662,1,6,2308050007,서울숲
e_e005662,1,7,2308050008,범맥주 건대점
e_e005662,1,8,2308050002,폼 모텔
e_e005662,2,1,2308060001,부산 아지매 국밥 구의점
e_e005662,2,2,2308060002,롯데월드타워 롯데월드몰
e_e005662,2,3,2308060003,롯데월드 아쿠아리움
e_e005662,2,4,2308060004,사이드 쇼월드몰점
e_e005662,2,5,2308060005,집
e_e005665,1,1,2307270001,집
e_e005665,1,2,2307270003,백범광장 백범 김구 쌍
e_e005665,1,3,2307270004,"남산공원 N서울타워, 팔각정, 남산공원"
e_e005665,1,4,2307270005,서울 한양도성 남산 구간 3코스
e_e005665,1,5,2307270006,"흥인지문 공원, 이화동 벽화마을, 낙산공원"
e_e005665,1,6,2307270007,혜화문
e_e005665,1,7,2307270008,국립중앙박물관
e_e005665,1,8,2307270002,집
e_e005676,1,1,2307290001,집
e_e005676,1,2,2307290002,잠실역 2호선
e_e005676,1,3,2307290003,스타벅스 잠실 시그마타워 점
e_e005676,1,4,2307290004,롯데월드 아쿠아리움
e_e005676,1,5,2307290005,브루클린 더 버거 조인트 롯데월드몰점
e_e005676,1,6,2307290006,집
e_e005679,1,1,2307290001,집
e_e005679,1,2,2307290002,통영종합버스터미널
e_e005679,1,3,2307290003,금산인삼랜드 휴게소 대전방향
e_e005679,1,4,2307290004,서울고속버스터미널(경부)
e_e005679,1,5,2307290005,진작 다이닝
e_e005679,1,6,2307290006,블루 보틀 성수 카페
e_e005679,1,7,2307290007,성수 미술관
e_e005679,1,8,2307290008,호텔 포코
e_e005679,1,9,2307290009,대림 국수 성수점
e_e005679,1,10,2307290010,성수 맥주
e_e005679,1,11,2307290011,호텔 포코
e_e005679,2,1,2307300001,bd 버거 성수
e_e005679,2,2,2307300003,커피빈 동대입구역점
e_e005679,2,3,2307300004,동국대학교 이해랑 문화 예술 극장
e_e005679,2,4,2307300005,태극당
e_e005679,2,5,2307300006,서울남부터미널
e_e005679,2,6,2307300007,금산인삼랜드 휴게소 통영방향
e_e005679,2,7,2307300002,집
e_e005682,1,1,2307290001,집
e_e005682,1,2,2307290003,신세계백화점 경기점
e_e005682,1,3,2307290004,용인 포은아트홀
e_e005682,1,4,2307290005,분당수지 U 타워
e_e005682,1,5,2307290002,집
e_e005706,1,1,2308030001,집
e_e005706,1,2,2308030002,범계역 사무실
e_e005706,1,3,2308030003,범계역 4호선
e_e005706,1,4,2308030004,오산대역 1호선
e_e005706,1,5,2308030005,후 아니어 손 짜장
e_e005706,1,6,2308030006,물향기 수목원
e_e005706,1,7,2308030007,드라마 아스 달 연대기 오산 세트장
e_e005706,1,8,2308030008,데일리 오아시스 오산 세교점
e_e005706,1,9,2308030009,오산대역 1호선
e_e005706,1,10,2308030010,금정역 1호선
e_e005706,1,11,2308030011,집
e_e005711,1,1,2307300001,집
e_e005711,1,2,2307300003,이마트 24 일산 킨텍스점
e_e005711,1,3,2307300004,요호야
e_e005711,1,4,2307300005,일산 호수공원
e_e005711,1,5,2307300002,황골로 83 호명 타운
e_e005713,1,1,2307310001,집
e_e005713,1,2,2307310002,익산역
e_e005713,1,3,2307310003,그랜드 인터컨티넨탈 서울 파르나스
e_e005713,1,4,2307310004,폴 바셋 일원역점
e_e005713,1,5,2307310005,롯데월드타워 롯데월드몰
e_e005713,1,6,2307310006,플레이팅 수서역사점
e_e005713,1,7,2307310007,아띠몽&카페후식 수서역사점
e_e005713,1,8,2307310008,집
e_e005716,1,1,2307310001,집
e_e005716,1,2,2307310002,조인 폴리아 파주 농장
e_e005716,1,3,2307310003,파주 닭 국수 파주 본점
e_e005716,1,4,2307310005,채 채 키즈
e_e005716,1,5,2307310004,스타벅스 파주 금촌역점
e_e005716,1,6,2307310006,파주 프리미엄 아울렛
e_e005716,1,7,2307310007,집
e_e005745,1,1,2307290001,집
e_e005745,1,2,2307290002,대방 디엠 시티 부동산 공인중개사 사무소
e_e005745,1,3,2307290003,롯데몰 김포공항점
e_e005745,1,4,2307290004,야무진
e_e005745,1,5,2307290005,대방 코인 노래연습장
e_e005745,1,6,2307290006,집
e_e005752,1,1,2307290001,집
e_e005752,1,2,2307290002,성수 옥상
e_e005752,1,3,2307290003,조죠
e_e005752,1,4,2307290004,소프트나
e_e005752,1,5,2307290005,쎈느
e_e005752,1,6,2307290006,집
e_e005756,1,1,2307280001,사무실
e_e005756,1,2,2307280005,김밥 일번지 삼계점
e_e005756,1,3,2307280004,속리산 휴게소 청원 방향
e_e005756,1,4,2307280003,보정동 카페거리
e_e005756,1,5,2307280006,대성 부대 고기 전문 용인 본점
e_e005756,1,6,2307280002,오스카 호텔
e_e005756,2,1,2307290001,용인 온복 순대 2호점
e_e005756,2,2,2307290002,에버랜드
e_e005756,2,3,2307290003,코오롱하늘채 2차 아파트
e_e005763,1,1,2308050001,집
e_e005763,1,2,2308050002,현대모터 스튜디오 고양
e_e005763,1,3,2308050003,더 타운 몰 킨텍스점
e_e005763,1,4,2308050004,현대백화점 킨텍스점
e_e005763,1,5,2308050007,킨텍스원시티M2블럭아파트
e_e005763,2,1,2308060002,파주출판도시
e_e005763,2,2,2308060001,집
e_e005765,1,1,2307270001,집
e_e005765,1,2,2307270002,몽중헌 방이점
e_e005765,1,3,2307270003,스타벅스 몽촌토성역점
e_e005765,1,4,2307270004,소마미술관
e_e005765,1,5,2307270005,파스쿠찌 소마미술 관점
e_e005765,1,6,2307270006,집
e_e005775,1,1,2308020001,집
e_e005775,1,2,2308020003,신길역 1호선
e_e005775,1,3,2308020004,부평역 인천 1호선
e_e005775,1,4,2308020005,트라이볼
e_e005775,1,5,2308020011,G 타워 전망대
e_e005775,1,6,2308020006,송도센트럴파크
e_e005775,1,7,2308020007,국립 세계문자 박물관
e_e005775,1,8,2308020008,송해 온
e_e005775,1,9,2308020009,인천대입구역 인천 1호선
e_e005775,1,10,2308020010,부평역 1호선
e_e005775,1,11,2308020002,집
e_e005777,1,1,2307290001,집
e_e005777,1,2,2307290002,장자호수 공원 시민의 숲공원
e_e005777,1,3,2307290003,N 공룡고기 구리 토평점
e_e005777,1,4,2307290004,오늘 제빵소
e_e005777,1,5,2307290005,집
e_e005790,1,1,2307300001,집
e_e005790,1,2,2307300002,가평군 어린이 음악 놀이터
e_e005790,1,3,2307300003,가평군 농협 하나로마트 본점
e_e005790,1,4,2307300004,롯데리아 가평점
e_e005790,1,5,2307300005,하늘숲 글램핑
e_e005790,1,6,2307300006,용추계곡
e_e005790,1,7,2307300007,하늘숲 글램핑
e_e005790,2,1,2307310001,용추계곡
e_e005790,2,2,2307310002,가평 주유소
e_e005790,2,3,2307310003,스타벅스 리버사이드 대성리DT점
e_e005790,2,4,2307310004,집
e_e005793,1,1,2307280001,집
e_e005793,1,2,2307280002,워커힐호텔
e_e005793,1,3,2307280003,오늘
e_e005793,1,4,2307280004,강변 테크노마트
e_e005793,1,5,2307280009,워커힐호텔
e_e005793,2,1,2307290001,그랜드 워커힐 서울 더 뷔페
e_e005793,2,2,2307290003,티 하우스 청담
e_e005793,2,3,2307290002,청국장과 보리밥 청담점
e_e005793,2,4,2307290004,집
e_e005803,1,1,2307290001,집
e_e005803,1,2,2307290003,본심
e_e005803,1,3,2307290004,NC백화점 고잔점
e_e005803,1,4,2307290005,바르바 커피 안산점
e_e005803,1,5,2307290006,다이소 안산중앙점
e_e005803,1,6,2307290002,집
e_e005804,1,1,2308010001,집
e_e005804,1,2,2308010003,서울아산병원
e_e005804,1,3,2308010004,토도로기
e_e005804,1,4,2308010005,국립중앙박물관
e_e005804,1,5,2308010002,집
e_e005807,1,1,2308190001,집
e_e005807,1,2,2308190004,남산 시외버스정류소
e_e005807,1,3,2308190005,괘법르네시떼역 부산 김해 경전철
e_e005807,1,4,2308190006,김해국제공항 국내선 청사
e_e005807,1,5,2308190007,김포국제공항 국내선
e_e005807,1,6,2308190008,덕수궁
e_e005807,1,7,2308190003,정든 다락
e_e005807,1,8,2308190009,롯데월드 샤롯데씨어터
e_e005807,1,9,2308190011,한강 솥
e_e005807,1,10,2308190010,아이파크몰 용산점
e_e005807,1,11,2308190012,서울역
e_e005807,1,12,2308190013,창원중앙역
e_e005807,1,13,2308190014,집
e_e005810,1,1,2307290001,집
e_e005810,1,2,2307290003,영국군 설마리 전투 추모공원
e_e005810,1,3,2307290004,감악산 출렁다리
e_e005810,1,4,2307290005,미터
e_e005810,1,5,2307290002,집
e_e005822,1,1,2307290001,집
e_e005822,1,2,2307290002,영천시장
e_e005822,1,3,2307290004,청운 문학도서관
e_e005822,1,4,2307290003,목인박물관 목석원
e_e005822,1,5,2307290005,홍제천 인공폭포
e_e005822,1,6,2307290006,집
e_e005826,1,1,2307300001,집
e_e005826,1,2,2307300002,청담 추어정
e_e005826,1,3,2307300003,백운호수
e_e005826,1,4,2307300004,이학순 베이커리 백운호수점
e_e005826,1,5,2307300005,집
e_e005831,1,1,2307290001,집
e_e005831,1,2,2307290003,엠티 플레이트
e_e005831,1,3,2307290004,브라운시티 카페 상수점
e_e005831,1,4,2307290005,롯데시네마 합정
e_e005831,1,5,2307290006,유니클로 합정 메세나폴리스점
e_e005831,1,6,2307290007,땡스북스
e_e005831,1,7,2307290008,육회한 달밤
e_e005831,1,8,2307290002,광명사거리역 근처 친구네 집
e_e005833,1,1,2308040001,집
e_e005833,1,2,2308040002,팔각도 동두천 지행점
e_e005833,1,3,2308040007,동두천 호텔 이쁘다
e_e005833,2,1,2308050001,등촌 샤브칼국수 동두천점
e_e005833,2,2,2308050002,동광 극장
e_e005833,2,3,2308050003,니지 모리 스튜디오
e_e005833,2,4,2308050004,집
e_e005840,1,1,2307300001,집
e_e005840,1,2,2307300003,동대문디자인플라자
e_e005840,1,3,2307300004,동대문 역사 문화공원 동대문운동장 기념관
e_e005840,1,4,2307300005,행복한 백화점 목동점
e_e005840,1,5,2307300002,집
e_e005841,1,1,2308030001,집
e_e005841,1,2,2308030002,평양 초계탕 막국수
e_e005841,1,3,2308030003,북한산국립공원
e_e005841,1,4,2308030004,오핀 로스터리
e_e005841,1,5,2308030005,원당농협 로컬푸드 직매장
e_e005841,1,6,2308030007,서울 북한산 카라반
e_e005841,2,1,2308040001,강경 불고기 송추점
e_e005841,2,2,2308040002,집
e_e005853,1,1,2307310001,집
e_e005853,1,2,2307310002,모어 그린
e_e005853,1,3,2307310003,이 집이 좋겠네 본점
e_e005853,1,4,2307310004,집
e_e005860,1,1,2308190001,집
e_e005860,1,2,2308190003,신탄진휴게소
e_e005860,1,3,2308190004,노보텔 앰배서더 수원
e_e005860,1,4,2308190005,수원 화성 화홍문
e_e005860,1,5,2308190006,다정 숯불갈비 함흥냉면 전문점
e_e005860,1,6,2308190007,화성행궁
e_e005860,1,7,2308190008,플라잉 수원
e_e005860,1,8,2308190002,북수단
e_e005860,2,1,2308200001,냠냠
e_e005860,2,2,2308200002,에버랜드
e_e005860,2,3,2308200003,집
e_e005862,1,1,2307290001,집
e_e005862,1,2,2307290002,레이더
e_e005862,1,3,2307290003,더블 해피니스
e_e005862,1,4,2307290004,스퀘어 성수
e_e005862,1,5,2307290005,스탠드 오일 성수 플래그십 스토어
e_e005862,1,6,2307290006,포인트오브뷰
e_e005862,1,7,2307290007,로우키
e_e005862,1,8,2307290009,GS25 성수공원점
e_e005862,1,9,2307290010,집
e_e005863,1,1,2308060001,집
e_e005863,1,2,2308060002,신세계백화점 강남점
e_e005863,1,3,2308060003,더 채 라이브러리
e_e005863,2,1,2308070001,남포 면옥
e_e005863,2,2,2308070002,스타벅스 명동 입구점
e_e005863,2,3,2308070003,집
e_e005876,1,1,2308160001,집
e_e005876,1,2,2308160003,가평군 농협 하나로마트 북면점
e_e005876,1,3,2308160004,화악산계곡
e_e005876,1,4,2308160005,넓은 다락방
e_e005876,1,5,2308160006,무지개 농원 펜션
e_e005876,1,6,2308160007,무지개 농원 펜션
e_e005876,2,1,2308170001,가평 무지개 농원
e_e005876,2,2,2308170002,두물머리 연 핫도그
e_e005876,2,3,2308170003,두물머리
e_e005876,2,4,2308170004,집
e_e005885,1,1,2307290001,집
e_e005885,1,2,2307290003,어둠 속의 대화 동탄
e_e005885,1,3,2307290004,오브는 동탄점
e_e005885,1,4,2307290005,동탄 호수 공원
e_e005885,1,5,2307290006,이자카야
e_e005885,1,6,2307290002,집
e_e005886,1,1,2308050001,집
e_e005886,1,2,2308050002,더 현대 서울
e_e005886,1,3,2308050003,IFC 몰
e_e005886,1,4,2308050004,타이프 한강점
e_e005886,1,5,2308050005,리버 웨이
e_e005886,1,6,2308050007,합정 유리
e_e005886,1,7,2308050008,포토 이즘 박스 상수점
e_e005886,1,8,2308050009,건대 생선회
e_e005886,1,9,2308050010,김창훈 포차
e_e005886,1,10,2308050006,스테이 더 디자이너스 군자 오피스텔
e_e005886,2,1,2308060003,황순어 신토불이 떡볶이
e_e005886,2,2,2308060002,우이동 계곡
e_e005886,2,3,2308060004,스테이 더 디자이너스 군자 오피스텔
e_e005886,2,4,2308060005,서울고속버스터미널(경부)
e_e005886,2,5,2308060001,집
e_e005887,1,1,2308120001,집
e_e005887,1,2,2308120002,16호 원조 할머니 손칼국수
e_e005887,1,3,2308120003,리베르테
e_e005887,1,4,2308120004,온 펜션
e_e005887,2,1,2308130002,실외 수영장
e_e005887,2,2,2308130003,노래방
e_e005887,2,3,2308130004,금촌 샤브칼국수
e_e005887,2,4,2308130001,집
e_e005891,1,1,2308120001,집
e_e005891,1,2,2308120002,송추가마골 본관
e_e005891,1,3,2308120003,동광 극장
e_e005891,1,4,2308120004,중앙시장
e_e005891,1,5,2308120005,파인힐 커피하우스
e_e005891,1,6,2308120006,자반고 동두천점
e_e005891,1,7,2308120007,시마 호텔
e_e005891,2,1,2308130001,니지 모리 스튜디오
e_e005891,2,2,2308130002,모리야
e_e005891,2,3,2308130003,아이노야 타이
e_e005891,2,4,2308130004,집
e_e005899,1,1,2307290001,집
e_e005899,1,2,2307290003,에버랜드
e_e005899,1,3,2307290002,집
e_e005905,1,1,2307290001,집
e_e005905,1,2,2307290003,진 빼어
e_e005905,1,3,2307290004,밀파니 베이커리 카페
e_e005905,1,4,2307290006,혜화동 성당
e_e005905,1,5,2307290005,JTN 아트홀
e_e005905,1,6,2307290007,정돈
e_e005905,1,7,2307290002,집
e_e005910,1,1,2307300001,집
e_e005910,1,2,2307300002,워커힐호텔
e_e005910,1,3,2307300003,퇴촌면 옥
e_e005910,1,4,2307300004,집
e_e005915,1,1,2307300001,집
e_e005915,1,2,2307300002,버터 홍대점
e_e005915,1,3,2307300003,카카오 프렌즈 홍대 플래그십스토어
e_e005915,1,4,2307300004,커스텀 샐러드
e_e005915,1,5,2307300005,오랑에뜨 22 연남점
e_e005915,1,6,2307300006,서점 리스본 포르투
e_e005915,1,7,2307300007,카페 아무
e_e005915,1,8,2307300008,여의도공원
e_e005915,1,9,2307300009,집
e_e005926,1,1,2309170001,사무실
e_e005926,1,2,2309170002,기흥휴게소 주유소 부산방향
e_e005926,1,3,2309170003,강민주의 들밥 본점 주차장
e_e005926,1,4,2309170004,에덴 파라다이스호텔 근처  산책로
e_e005926,1,5,2309170006,에덴 파라다이스호텔
e_e005926,2,1,2309180001,세상의 모든 아침
e_e005926,2,2,2309180002,예스파크
e_e005926,2,3,2309180003,롯데 프리미엄 아울렛 이천점
e_e005926,2,4,2309180004,구일 가든
e_e005926,2,5,2309180005,힐스테이트 클래에안 아파트
e_e005930,1,1,2308260001,집
e_e005930,1,2,2308260002,수도국산 달동네 박물관
e_e005930,1,3,2308260003,연경 차이나타운 본점
e_e005930,1,4,2308260004,인천 차이나타운
e_e005930,1,5,2308260005,동화마을카페
e_e005930,1,6,2308260006,앵커 1883
e_e005930,1,7,2308260007,W 관광호텔
e_e005930,1,8,2308260008,전라도 대왕조개구이랑 칼국수
e_e005930,1,9,2308260011,월미도
e_e005930,1,10,2308260010,W 관광호텔
e_e005930,2,1,2308270001,광어 부인전 때문에
e_e005930,2,2,2308270002,브레댄코 월미도점
e_e005930,2,3,2308270003,월미문화의 거리 역
e_e005930,2,4,2308270004,약수터
e_e005930,2,5,2308270005,집
e_e005935,1,1,2307300001,집
e_e005935,1,2,2307300002,수원 화성 화홍문
e_e005935,1,3,2307300003,지동시장
e_e005935,1,4,2307300004,1059-3 Coffee House
e_e005935,1,5,2307300005,유치 회관
e_e005935,1,6,2307300006,집
e_e005940,1,1,2308040001,집
e_e005940,1,2,2308040002,이천 미란다호텔 스파플러스
e_e005940,1,3,2308040004,이천 미란다호텔
e_e005940,2,1,2308050001,푸주옥
e_e005940,2,2,2308050002,집
e_e005947,1,1,2308050001,사무실
e_e005947,1,2,2308050002,쉐르빌 온천관광호텔
e_e005947,1,3,2308050003,코바코연수원
e_e005947,2,1,2308060001,양평 임실치즈마을
e_e005947,2,2,2308060003,소나기마을 산책로
e_e005947,2,3,2308060002,위례 포레 샤인 23단지 아파트
e_e005961,1,1,2308110001,집
e_e005961,1,2,2308110002,영등포역
e_e005961,1,3,2308110003,수원역
e_e005961,1,4,2308110004,골 디스
e_e005961,1,5,2308110005,사심 행리단길 직영점
e_e005961,1,6,2308110006,화성행궁
e_e005961,1,7,2308110007,수원역
e_e005961,1,8,2308110008,영등포역
e_e005961,1,9,2308110009,집
e_e005965,1,1,2308050001,집
e_e005965,1,2,2308050002,경의선 숲길
e_e005965,1,3,2308050003,티와 이 피디
e_e005965,1,4,2308050004,더 현대 서울
e_e005965,1,5,2308050005,집
e_e005970,1,1,2308040001,집
e_e005970,1,2,2308040002,모어 그린
e_e005970,1,3,2308040003,글로벌 스페이스
e_e005970,1,4,2308040004,토담골
e_e005970,1,5,2308040005,아쿠아 플라넷 일산
e_e005970,1,6,2308040006,집
e_e005973,1,1,2307300001,친구 친지 집
e_e005973,1,2,2307300002,가평역 경춘선
e_e005973,1,3,2307300003,남이섬
e_e005973,1,4,2307300004,잣 고을 광장
e_e005973,1,5,2307300005,소문난 정통 닭갈비
e_e005973,1,6,2307300006,집
e_e005978,1,1,2308010001,친구 친지 집
e_e005978,1,2,2308010003,선셋 74
e_e005978,1,3,2308010002,원스 테이
e_e005978,2,1,2308020002,밤나무 집
e_e005978,2,2,2308020003,카페 모굴
e_e005978,2,3,2308020001,친구 집
e_e005999,1,1,2307300001,집
e_e005999,1,2,2307300002,카페 그리너티
e_e005999,1,3,2307300004,올림픽공원
e_e005999,1,4,2307300005,현대백화점 천호점
e_e005999,1,5,2307300006,주꾸미도 사 천호점
e_e005999,1,6,2307300007,친구 집
e_e005999,1,7,2307300003,집
e_e006003,1,1,2308140001,집
e_e006003,1,2,2308140002,양식 구옥
e_e006003,1,3,2308140003,스튜디오 25
e_e006003,1,4,2308140004,더 벤티 홍대점
e_e006003,1,5,2308140005,집
e_e006005,1,1,2308120001,집
e_e006005,1,2,2308120003,아름다운 한 끼
e_e006005,1,3,2308120004,헤이리 예술마을 하늘마당공원
e_e006005,1,4,2308120005,헤이리 예술마을
e_e006005,1,5,2308120006,헤이리 캔들 공방 Luz
e_e006005,1,6,2308120007,이그조틱(파주)
e_e006005,1,7,2308120008,토르 타 앳 더 코너
e_e006005,1,8,2308120002,집
e_e006014,1,1,2308140001,집
e_e006014,1,2,2308140002,호텔도노
e_e006014,1,3,2308140003,용성통닭 본점
e_e006014,1,4,2308140004,책 발전소 광교점
e_e006014,1,5,2308140005,광교호수공원
e_e006014,1,6,2308140006,호텔도노
e_e006014,2,1,2308150001,화성행궁 광장
e_e006014,2,2,2308150002,수원시립미술관
e_e006014,2,3,2308150003,호텔도노
e_e006014,2,4,2308150004,디너이즈낫오버
e_e006014,2,5,2308150005,수원 화성 박물관
e_e006014,2,6,2308150006,수원 광교 박물관
e_e006014,2,7,2308150007,집
e_e006016,1,1,2308020001,집
e_e006016,1,2,2308020002,롯데 영 플라자 본점
e_e006016,1,3,2308020003,쉐이크쉑 두타점
e_e006016,1,4,2308020004,서울 시티투어버스
e_e006016,1,5,2308020005,토요코인 호텔 서울 동대문 2
e_e006016,2,1,2308030001,동대문디자인플라자
e_e006016,2,2,2308030002,뚜레쥬르 제일 제당센터점
e_e006016,2,3,2308030003,스타벅스 성대 입구점
e_e006016,2,4,2308030004,핏에 리아오
e_e006016,2,5,2308030005,달밤엔 시어터
e_e006016,2,6,2308030006,마로니에공원
e_e006016,2,7,2308030007,집
e_e006022,1,1,2308020001,집
e_e006022,1,2,2308020002,더 플라자
e_e006022,1,3,2308020003,덕수궁 링에제 와플
e_e006022,1,4,2308020004,서울시립미술관 서소문 본관
e_e006022,1,5,2308020005,더 플라자
e_e006022,1,6,2308020007,더 플라자
e_e006022,1,7,2308020006,더 플라자 수영장
e_e006022,1,8,2308020008,덕수궁
e_e006022,1,9,2308020009,더 플라자
e_e006022,2,1,2308030001,더 플라자
e_e006022,2,2,2308030002,서울특별시청 서소문청사
e_e006022,2,3,2308030003,유림면 시청
e_e006022,2,4,2308030005,맥도날드 김포 고촌 SK DT점
e_e006022,2,5,2308030004,경복궁
e_e006022,2,6,2308030006,집
e_e006025,1,1,2308070001,집
e_e006025,1,2,2308070002,본가 청담 칼국수
e_e006025,1,3,2308070003,오이도 빨강등대
e_e006025,1,4,2308070004,프로 젝트 씨
e_e006025,1,5,2308070006,오이도역 수인 분당선
e_e006025,1,6,2308070005,집
e_e006028,1,1,2307300001,집
e_e006028,1,2,2307300002,버거킹 청담점
e_e006028,1,3,2307300003,까본 본점
e_e006028,1,4,2307300004,카페 무니 압구정본점
e_e006028,1,5,2307300005,퀸 타로 사주
e_e006028,1,6,2307300006,원종하이츠텔오피스텔
e_e006029,1,1,2308050001,집
e_e006029,1,2,2308050002,중원산
e_e006029,1,3,2308050003,중원계곡
e_e006029,1,4,2308050004,국수리국수집
e_e006029,1,5,2308050005,카페 복포리
e_e006029,1,6,2308050006,집
e_e006030,1,1,2308280001,집
e_e006030,1,2,2308280002,전통 우리 밀 칼국수 전문
e_e006030,1,3,2308280003,영흥도 하늘 고래공원 전망대
e_e006030,1,4,2308280004,해군 영흥 도전적 비
e_e006030,1,5,2308280005,소풍지 펜션
e_e006030,2,1,2308290001,십리포해수욕장
e_e006030,2,2,2308290002,선재 어촌체험마을
e_e006030,2,3,2308290004,롯데 프리미엄 아울렛 파주점
e_e006030,2,4,2308290003,515더 오리지널
e_e006030,2,5,2308290005,집
e_e006032,1,1,2307300001,집
e_e006032,1,2,2307300002,신전 떡볶이 미사 강변도 시점
e_e006032,1,3,2307300003,쌍용 수상 레저
e_e006032,1,4,2307300004,구공 숙성 돼지 하남미사점
e_e006032,1,5,2307300005,스타필드 하남
e_e006032,1,6,2307300006,집
e_e006033,1,1,2307300001,집
e_e006033,1,2,2307300002,천안 고속버스터미널
e_e006033,1,3,2307300003,서울고속버스터미널(경부)
e_e006033,1,4,2307300004,성수 족발
e_e006033,1,5,2307300005,어니언 컴퍼니
e_e006033,1,6,2307300006,카페 온화 성수점
e_e006033,1,7,2307300007,공간 와디즈
e_e006033,1,8,2307300008,헤이데이
e_e006033,1,9,2307300009,어더 아사
e_e006033,1,10,2307300010,뚝섬한강공원
e_e006033,1,11,2307300011,서울고속버스터미널(경부)
e_e006033,1,12,2307300012,천안 고속버스터미널
e_e006033,1,13,2307300013,이마트 천안터미널점
e_e006033,1,14,2307300014,배스킨라빈스 천안 신부점
e_e006033,1,15,2307300015,집
e_e006041,1,1,2308300001,집
e_e006041,1,2,2308300003,회룡역 1호선
e_e006041,1,3,2308300004,더스테이트 호텔 선유
e_e006041,1,4,2308300005,코하루
e_e006041,1,5,2308300006,더스테이트 호텔 선유
e_e006041,1,6,2308300002,더스테이트 호텔 선유
e_e006041,2,1,2308310001,더스테이트 호텔 선유 조식 식당 (2층)
e_e006041,2,2,2308310003,더스테이트 호텔 선유
e_e006041,2,3,2308310004,선유도 고양이
e_e006041,2,4,2308310005,노량진역 1호선
e_e006041,2,5,2308310006,롯데리아 의정부 회룡역점
e_e006041,2,6,2308310002,집
e_e006042,1,1,2308130001,집
e_e006042,1,2,2308130002,월미 바다역
e_e006042,1,3,2308130003,인천 차이나타운
e_e006042,1,4,2308130005,호텔 이쁘다 검단
e_e006042,1,5,2308130006,호텔 이쁘다 검단
e_e006042,2,1,2308140001,집
e_e006050,1,1,2308160001,집
e_e006050,1,2,2308160002,하이웨이 디시 클럽 수원 정자점
e_e006050,1,3,2308160003,초원 닭갈비 막국수
e_e006050,1,4,2308160004,세븐일레븐 가평도 대리점
e_e006050,1,5,2308160005,비비드 펜션
e_e006050,2,1,2308170001,두 대리 용소 폭포
e_e006050,2,2,2308170002,종갓집 곰탕 순댓국
e_e006050,2,3,2308170003,니드 썸 레스트
e_e006050,2,4,2308170004,하이웨이 디시 클럽 수원 정자점
e_e006052,1,1,2308060002,집
e_e006052,1,2,2308060001,계양산
e_e006052,1,3,2308060003,집
e_e006057,1,1,2308050001,집
e_e006057,1,2,2308050003,구파발역
e_e006057,1,3,2308050004,은평 둘레길 거처서 한옥마을
e_e006057,1,4,2308050005,송추가마골 식당
e_e006057,1,5,2308050006,둘레 길고 처 카페 데이브레이크
e_e006057,1,6,2308050007,호치킨 은평 뉴타운점
e_e006057,1,7,2308050002,집
e_e006059,1,1,2308140001,집
e_e006059,1,2,2308140010,제주 국제공항
e_e006059,1,3,2308140009,서산 꽃게
e_e006059,1,4,2308140004,동대문디자인플라자
e_e006059,1,5,2308140005,청계천
e_e006059,1,6,2308140006,천주교 서울 대교구 주교좌 명동 대성당
e_e006059,1,7,2308140007,나인 트리 프리미어 호텔 명동 
e_e006059,1,8,2308140008,대도식당 왕십리 본점
e_e006059,1,9,2308140002,나인 트리 프리미어 호텔 명동 
e_e006059,2,1,2308150002,이남장 본점
e_e006059,2,2,2308150003,창덕궁
e_e006059,2,3,2308150004,감꽃 당
e_e006059,2,4,2308150005,롯데몰 김포공항점
e_e006059,2,5,2308150006,김포국제공항 국내선
e_e006059,2,6,2308150001,집
e_e006069,1,1,2308010001,집
e_e006069,1,2,2308010002,오지브
e_e006069,2,1,2308020002,살롱 제이드 바이 제이드가든 Salon Jade
e_e006069,2,2,2308020001,제이드가든 수목원
e_e006069,2,3,2308020003,금돈 두루치기
e_e006069,2,4,2308020004,두물머리
e_e006069,2,5,2308020005,집
e_e006073,1,1,2308040001,집
e_e006073,1,2,2308040002,라그릴스 야외 바비큐
e_e006073,1,3,2308040003,어 로프 슬라이스 피스
e_e006073,1,4,2308040004,집
e_e006081,1,1,2308260001,집
e_e006081,1,2,2308260002,금문도
e_e006081,1,3,2308260003,조양 방직
e_e006081,1,4,2308260004,프렌쥬랜드
e_e006081,1,5,2308260005,동막해수욕장
e_e006081,1,6,2308260006,야무진 김포 장기범
e_e006081,1,7,2308260008,레스트 호텔
e_e006081,2,1,2308270001,서령
e_e006081,2,2,2308270002,이재현 찐빵
e_e006081,2,3,2308270003,강화 루지
e_e006081,2,4,2308270004,집
e_e006086,1,1,2308260001,집
e_e006086,1,2,2308260002,메이 드림
e_e006086,1,3,2308260003,왕산 마리나항
e_e006086,1,4,2308260004,달빛 스테이
e_e006086,1,5,2308260005,송도 맥주축제
e_e006086,1,6,2308260006,달빛 스테이
e_e006086,2,1,2308270001,무만당
e_e006086,2,2,2308270002,송도센트럴파크
e_e006086,2,3,2308270003,소찬공원
e_e006086,2,4,2308270004,남동 어시장
e_e006086,2,5,2308270005,집
e_e006090,1,1,2308240001,집
e_e006090,1,2,2308240002,애나의 정원 본점
e_e006090,1,3,2308240003,용인 수지 근교 드라이브
e_e006090,1,4,2308240004,아주대학교
e_e006090,1,5,2308240005,집
e_e006098,1,1,2308050001,집
e_e006098,1,2,2308050002,서대전역
e_e006098,1,3,2308050003,용산역
e_e006098,1,4,2308050004,라오삐약 신용산점
e_e006098,1,5,2308050005,서울시립미술관 서소문 본관
e_e006098,1,6,2308050006,세 마 카페
e_e006098,1,7,2308050007,덕수궁 돌담길
e_e006098,1,8,2308050008,덕수궁
e_e006098,1,9,2308050010,용용 선생 종각점
e_e006098,1,10,2308050009,종각역 1호선
e_e006098,1,11,2308050011,청계천 한빛광장
e_e006098,1,12,2308050012,프롬 하츠 커피 청계 종각점
e_e006098,1,13,2308050013,서울역
e_e006098,1,14,2308050014,대전역
e_e006098,1,15,2308050015,서대전 네거리 역 대전 1호선
e_e006098,1,16,2308050016,집
e_e006128,1,1,2308170001,집
e_e006128,1,2,2308170003,안터생태공원
e_e006128,1,3,2308170004,구름산 추어탕 본점
e_e006128,1,4,2308170005,카페식하
e_e006128,1,5,2308170006,이케아 광명점
e_e006128,1,6,2308170007,광명동굴
e_e006128,1,7,2308170008,광명 업사이클 아트센터
e_e006128,1,8,2308170009,광명 전통시장
e_e006128,1,9,2308170002,집
e_e006133,1,1,2308270001,집
e_e006133,1,2,2308270002,경원 식당 본점
e_e006133,1,3,2308270003,컴포즈커피 의정부 센트럴타워 점
e_e006133,1,4,2308270004,니지 모리 스튜디오
e_e006133,1,5,2308270005,집
e_e006145,1,1,2308010001,집
e_e006145,1,2,2308010002,명동칼국수 일산 킨텍스 2관점
e_e006145,1,3,2308010003,킨텍스 제2전시장 9홀
e_e006145,1,4,2308010004,더 타운몰 킨텍스점
e_e006145,1,5,2308010005,브릴
e_e006145,1,6,2308010006,집
e_e006146,1,1,2308190001,집
e_e006146,1,2,2308190002,버터 베른
e_e006146,1,3,2308190003,파주 닭 국수 파주 본점
e_e006146,1,4,2308190004,프로방스 마을
e_e006146,1,5,2308190005,류재은 베이커리 본점
e_e006146,1,6,2308190006,카메라타
e_e006146,1,7,2308190007,한국 근현대사 박물관
e_e006146,1,8,2308190008,못난이 유원지
e_e006146,1,9,2308190009,정미 식당 통일동산점
e_e006146,1,10,2308190010,집
e_e006149,1,1,2308050001,집
e_e006149,1,2,2308050003,광명동굴
e_e006149,1,3,2308050004,광명 업사이클 아트센터
e_e006149,1,4,2308050005,이케아 광명점
e_e006149,1,5,2308050006,기형도 문학관
e_e006149,1,6,2308050007,스타벅스 철산역점
e_e006149,1,7,2308050008,오뚝이 돈가스
e_e006149,1,8,2308050002,H 모텔
e_e006149,2,1,2308060001,현충근린공원
e_e006149,2,2,2308060002,도덕성 인공폭포 출렁다리
e_e006149,2,3,2308060003,광명 전통시장
e_e006149,2,4,2308060004,H 모텔
e_e006149,2,5,2308060005,집
e_e006151,1,1,2308050001,집
e_e006151,1,2,2308050002,보길
e_e006151,1,3,2308050003,소피텔 앰배서더 서울
e_e006151,1,4,2308050004,소피텔 앰배서더 서울
e_e006151,1,5,2308050005,페메종
e_e006151,1,6,2308050006,석촌호수 동호
e_e006151,1,7,2308050008,소피텔 앰배서더 서울
e_e006151,2,1,2308060001,르브리에
e_e006151,2,2,2308060002,한전아트센터
e_e006151,2,3,2308060003,집
e_e006153,1,1,2308180001,사무실
e_e006153,1,2,2308180002,해당 샤브칼국수
e_e006153,1,3,2308180003,오이도 빨강등대
e_e006153,1,4,2308180004,오이도 명물 등 대빵
e_e006153,1,5,2308180005,르컬렉티브 시흥 웨이브 파크
e_e006153,1,6,2308180006,시화 나래 휴게소
e_e006153,1,7,2308180007,조개킹24시
e_e006153,1,8,2308180009,오이도 빨강등대
e_e006153,1,9,2308180008,르컬렉티브 시흥 웨이브 파크
e_e006153,2,1,2308190001,웨이브 파크
e_e006153,2,2,2308190002,명성 손만두
e_e006153,2,3,2308190003,등촌으로 13가 길 11
e_e006157,1,1,2308140001,사무실
e_e006157,1,2,2308140002,롤링힐스 호텔
e_e006157,2,1,2308150001,화성시 우리 꽃식물원
e_e006157,2,2,2308150002,예향정
e_e006157,2,3,2308150003,다이소 화성행남 2지구점
e_e006157,2,4,2308150005,롯데 프리미엄 아울렛 기흥점
e_e006157,2,5,2308150004,상록마을 4단지 임광 보성아파트
e_e006177,1,1,2308050001,집
e_e006177,1,2,2308050002,루덴시아
e_e006177,1,3,2308050003,집
e_e006198,1,1,2308150001,집
e_e006198,1,2,2308150002,제스티 살룬 성수
e_e006198,1,3,2308150003,할아버지 공장
e_e006198,1,4,2308150004,헤이데이
e_e006198,1,5,2308150005,코끼리 베이글
e_e006198,1,6,2308150006,집
e_e006203,1,1,2308030001,집
e_e006203,1,2,2308030003,퇴촌 석갈비
e_e006203,1,3,2308030004,어 로프 슬라이스 피스
e_e006203,1,4,2308030005,수풀로 운심리 강하 공공 하수처리시설
e_e006203,1,5,2308030002,집
e_e006208,1,1,2308020001,집
e_e006208,1,2,2308020003,자코비 버거
e_e006208,1,3,2308020004,Pollux coffee
e_e006208,1,4,2308020005,감정선 프로젝트 2관
e_e006208,1,5,2308020006,돈룩업 한남
e_e006208,1,6,2308020007,마일스톤 커피 한남
e_e006208,1,7,2308020008,경리단길
e_e006208,1,8,2308020009,강남명전
e_e006208,1,9,2308020002,집
e_e006213,1,1,2308260001,집
e_e006213,1,2,2308260002,동대문디자인플라자
e_e006213,1,3,2308260003,진주집
e_e006213,1,4,2308260004,더 현대 서울
e_e006213,1,5,2308260005,이랜드 크루즈
e_e006213,1,6,2308260007,컴포트 인 여의도
e_e006213,2,1,2308270002,더 로열 푸드 앤 드링크
e_e006213,2,2,2308270003,국립중앙박물관
e_e006213,2,3,2308270004,세종문화회관
e_e006213,2,4,2308270001,집
e_e006214,1,1,2308180001,집
e_e006214,1,2,2308180002,청라국제도시 역 공항철도
e_e006214,1,3,2308180003,안국역 3호선
e_e006214,1,4,2308180004,도토리 가든 안국점
e_e006214,1,5,2308180005,스타벅스 안국점
e_e006214,1,6,2308180006,북촌도 담
e_e006214,1,7,2308180007,서울공예 박물관
e_e006214,1,8,2308180008,무빙 팝업
e_e006214,1,9,2308180009,안녕 인사동
e_e006214,1,10,2308180010,쌈지길
e_e006214,1,11,2308180011,T 팩토리
e_e006214,1,12,2308180012,집
e_e006218,1,1,2308150001,집
e_e006218,1,2,2308150002,다 마치 계곡 유원지
e_e006218,1,3,2308150003,더 벤티 포천 일동점
e_e006218,1,4,2308150004,일동 시장
e_e006218,1,5,2308150005,오늘에 김밥 포천 일동점
e_e006218,1,6,2308150006,집
e_e006221,1,1,2308190001,집
e_e006221,1,2,2308190003,AW 컨벤션
e_e006221,1,3,2308190004,웨이브 파크
e_e006221,1,4,2308190005,월곶 갈빗집
e_e006221,1,5,2308190006,월곶포구
e_e006221,1,6,2308190007,월곶 수산 마켓
e_e006221,1,7,2308190002,더 휴식 이로 호텔 월곶 지점
e_e006221,2,1,2308200001,한방 전주 콩나물국밥 월곶점
e_e006221,2,2,2308200002,평택복합휴게소 주유소 제천 방향
e_e006221,2,3,2308200003,집
e_e006224,1,1,2308170001,사무실
e_e006224,1,2,2308170003,롯데리아 수원 영통점
e_e006224,1,3,2308170004,롯데마트 영통점
e_e006224,1,4,2308170005,캠프 레이크
e_e006224,1,5,2308170007,기흥호수
e_e006224,1,6,2308170006,펠리스 페로 시티점
e_e006224,1,7,2308170002,신 나무실 6단지 동보 신명아파트
e_e006225,1,1,2308250001,집
e_e006225,1,2,2308250003,트리플 스트리트
e_e006225,1,3,2308250004,디저트 39 송도 트리플 스트리트점
e_e006225,1,4,2308250005,연세대학교 국제캠퍼스
e_e006225,1,5,2308250006,스테이 인 호텔
e_e006225,1,6,2308250002,죽미 마을 휴튼 9단지 아파트
e_e006226,1,1,2308270001,집
e_e006226,1,2,2308270002,안산 해양아카데미
e_e006226,1,3,2308270003,안산 어촌민속박물관
e_e006226,1,4,2308270004,해솔 제빵소
e_e006226,1,5,2308270005,집
e_e006251,1,1,2308180001,집
e_e006251,1,2,2308180002,시흥하늘휴게소 판교방향
e_e006251,1,3,2308180003,팔당 추계 국수 본점
e_e006251,1,4,2308180004,스타필드 하남
e_e006251,1,5,2308180005,레펠
e_e006251,1,6,2308180006,애주
e_e006251,1,7,2308180007,집
e_e006255,1,1,2308070001,집
e_e006255,1,2,2308070003,매스 씨앤디
e_e006255,1,3,2308070004,아웃백 스테이크하우스 공항점
e_e006255,1,4,2308070002,집
e_e006261,1,1,2308030001,집
e_e006261,1,2,2308030002,이소라 레스토랑
e_e006261,1,3,2308030003,헤이
e_e006261,1,4,2308030004,더 현대 서울
e_e006261,1,5,2308030005,집
e_e006272,1,1,2308050001,집
e_e006272,1,2,2308050002,PPK 키친 광교
e_e006272,1,3,2308050003,스타벅스 수원 광교점
e_e006272,1,4,2308050005,이마트 24 광교 월드스퀘어점
e_e006272,1,5,2308050004,수원 월드컵 경기장
e_e006272,1,6,2308050006,집
e_e006291,1,1,2308190001,집
e_e006291,1,2,2308190002,보리촌 곤드레
e_e006291,1,3,2308190003,서울대공원 장미원
e_e006291,1,4,2308190004,카페 고고스 리프트점
e_e006291,1,5,2308190005,집
e_e006314,1,1,2308180001,집
e_e006314,1,2,2308180002,수원역 1호선
e_e006314,1,3,2308180003,용성통닭 본점
e_e006314,1,4,2308180004,다이소 수원 남문점
e_e006314,1,5,2308180005,코끼리 만두
e_e006314,1,6,2308180006,수원 화성 동남각루
e_e006314,1,7,2308180007,연무장 매점
e_e006314,1,8,2308180008,신풍과
e_e006314,1,9,2308180009,집
e_e006315,1,1,2308040001,집
e_e006315,1,2,2308040002,두물머리 연 핫도그
e_e006315,1,3,2308040003,정약용 유적지
e_e006315,1,4,2308040004,실학박물관
e_e006315,1,5,2308040005,창모루
e_e006315,1,6,2308040006,하남 유니언 타워
e_e006315,1,7,2308040007,트레이더스 홀세일 클럽 하남점
e_e006315,1,8,2308040008,집
e_e006321,1,1,2308050001,집
e_e006321,1,2,2308050003,셰프 스위트
e_e006321,1,3,2308050004,수원시립미술관
e_e006321,1,4,2308050007,연밀
e_e006321,1,5,2308050005,스타벅스 수원 화성행궁점
e_e006321,1,6,2308050006,화성행궁
e_e006321,1,7,2308050008,파닥파닥 클럽
e_e006321,1,8,2308050002,집
e_e006324,1,1,2308120001,집
e_e006324,1,2,2308120002,장 디자인 아트
e_e006324,1,3,2308120003,배스킨라빈스 BROWN 청담점
e_e006324,1,4,2308120004,애니 오케이션 카페
e_e006324,1,5,2308120006,AK 푸드홀
e_e006324,1,6,2308120005,집
e_e006333,1,1,2308030001,집
e_e006333,1,2,2308030002,"영흥도 해군 퇴역함, 영흥도 전적비"
e_e006333,1,3,2308030003,만나 뜨락
e_e006333,1,4,2308030004,비치 카페
e_e006333,1,5,2308030005,조부모님 댁
e_e006333,1,6,2308030006,집
e_e006341,1,1,2308120001,집
e_e006341,1,2,2308120003,미정국수 41 대학로점
e_e006341,1,3,2308120004,청년극장
e_e006341,1,4,2308120005,설빙 대학로점
e_e006341,1,5,2308120002,집
e_e006348,1,1,2308170001,집
e_e006348,1,2,2308170003,DMC 두산위브 더 퍼스트 아파트
e_e006348,1,3,2308170004,미애네 칼국수 2호점
e_e006348,1,4,2308170005,아시안 해변
e_e006348,1,5,2308170006,카페 미음
e_e006348,1,6,2308170007,이마트 24 마시안해변점
e_e006348,1,7,2308170008,DMC 두산위브 더 퍼스트 아파트
e_e006348,1,8,2308170002,집
e_e006351,1,1,2308130001,집
e_e006351,1,2,2308130002,일영 봉주르
e_e006351,1,3,2308130003,집
e_e006352,1,1,2308060001,집
e_e006352,1,2,2308060002,킨텍스 제1전시장
e_e006352,1,3,2308060003,일산 호수공원
e_e006352,1,4,2308060004,콩에 가 일산 본점
e_e006352,1,5,2308060005,롯데마트 주엽점
e_e006352,1,6,2308060006,집
e_e006355,1,1,2308140001,집
e_e006355,1,2,2308140015,미사역 5호선
e_e006355,1,3,2308140014,망원역 6호선
e_e006355,1,4,2308140003,구황작물
e_e006355,1,5,2308140004,망원시장
e_e006355,1,6,2308140006,츄로 11 홍대 본점
e_e006355,1,7,2308140005,올리브영 홍대 타운
e_e006355,1,8,2308140007,홍대 예술의 거리
e_e006355,1,9,2308140008,오이지 연남점
e_e006355,1,10,2308140009,메이드 바이
e_e006355,1,11,2308140010,AK플라자 홍대
e_e006355,1,12,2308140011,경의선 책거리
e_e006355,1,13,2308140012,홍대입구역 경의중앙선
e_e006355,1,14,2308140013,미사역 5호선
e_e006355,1,15,2308140016,집
e_e006359,1,1,2308030001,집
e_e006359,1,2,2308030003,양평역
e_e006359,1,3,2308030004,사나 서 의병 전 투지
e_e006359,1,4,2308030005,사나사
e_e006359,1,5,2308030006,사나사계곡
e_e006359,1,6,2308030007,양평 친환경 로컬푸드 양평 직영점
e_e006359,1,7,2308030008,카페 멜
e_e006359,1,8,2308030009,양평역
e_e006359,1,9,2308030002,집
e_e006371,1,1,2308050001,집
e_e006371,1,2,2308050004,원조인의 Flower
e_e006371,1,3,2308050003,셀프 사진관 피움
e_e006371,1,4,2308050005,빕스 합정역점
e_e006371,1,5,2308050007,뉴발란스 홍대점
e_e006371,1,6,2308050008,TROUBADOUR 홍대점
e_e006371,1,7,2308050006,포토 그레이 서울 연남점
e_e006371,1,8,2308050009,안 리브레 동교점
e_e006371,1,9,2308050002,집
e_e006406,1,1,2308120001,집
e_e006406,1,2,2308120002,스타필드 고양
e_e006406,1,3,2308120003,고양시립 별 꿈 도서관
e_e006406,1,4,2308120004,스타필드 고양
e_e006406,1,5,2308120005,바도빙 고양 삼송점
e_e006406,1,6,2308120006,집
e_e006407,1,1,2308270001,집
e_e006407,1,2,2308270005,하모니마트 홍대 입구점
e_e006407,1,3,2308270003,신세계 센트럴시티
e_e006407,1,4,2308270004,리바이스 가로수길 플래그십스토어
e_e006407,1,5,2308270006,포셋
e_e006407,1,6,2308270007,Happy/Peace Coffee Club
e_e006407,1,7,2308270008,수리면옥
e_e006407,1,8,2308270009,유어 마인드
e_e006407,1,9,2308270010,스타벅스 광화문점
e_e006407,1,10,2308270011,세종문화회관 대극장
e_e006407,1,11,2308270002,집
e_e006414,1,1,2308060001,집
e_e006414,1,2,2308060002,현대 시티 아울렛 가산점
e_e006414,1,3,2308060003,도약
e_e006414,1,4,2308060004,백상 카카오 스크린골프
e_e006414,1,5,2308060005,공휴
e_e006414,1,6,2308060006,집
e_e006416,1,1,2308170001,집
e_e006416,1,2,2308170003,국립중앙박물관
e_e006416,1,3,2308170004,올딧세
e_e006416,1,4,2308170005,대원 뮤지엄
e_e006416,1,5,2308170006,바보
e_e006416,1,6,2308170002,집
e_e006418,1,1,2308050001,집
e_e006418,1,2,2308050002,연꽃테마파크
e_e006418,1,3,2308050006,안산농협 로컬푸드 직매장 하나로마트 연꽃 지점
e_e006418,1,4,2308050003,방태 막국수 물왕 저수 지점
e_e006418,1,5,2308050004,풍경
e_e006418,1,6,2308050005,집
e_e006422,1,1,2308120001,집
e_e006422,1,2,2308120002,서울역 도심공항터미널
e_e006422,1,3,2308120003,조계사
e_e006422,1,4,2308120005,서울 명예도로 감고 당길
e_e006422,1,5,2308120006,조선 김밥
e_e006422,1,6,2308120007,북촌 한옥마을
e_e006422,1,7,2308120008,이디야커피 북촌마을점
e_e006422,1,8,2308120009,무빙 스페셜 팝업
e_e006422,1,9,2308120004,집
e_e006423,1,1,2308170001,친구 친지 집
e_e006423,1,2,2308170002,수원 화성
e_e006423,1,3,2308170003,메가 MGC 커피 화성행궁점
e_e006423,1,4,2308170004,행궁동 거리 및 미술관
e_e006423,1,5,2308170005,화성행궁
e_e006423,1,6,2308170006,수원시립미술관
e_e006423,1,7,2308170008,롯데 아울렛 광교점
e_e006423,1,8,2308170007,청라 29블록 호반베르디움-484동 전기차 충전소
e_e006424,1,1,2308050001,집
e_e006424,1,2,2308050002,서울역
e_e006424,1,3,2308050003,GLGK
e_e006424,1,4,2308050004,포켓몬 카드 숍 아이파크몰 용산점
e_e006424,1,5,2308050005,팝 퍼블 용산 아이파크몰점
e_e006424,1,6,2308050006,성암아트센터
e_e006424,1,7,2308050007,스타벅스 수서역 사거리점
e_e006424,1,8,2308050008,집
e_e006432,1,1,2308050001,집
e_e006432,1,2,2308050003,한울공원 해수풀장
e_e006432,1,3,2308050004,식자재 G마트 만수점
e_e006432,1,4,2308050005,이삭 아파트
e_e006432,1,5,2308050002,집
e_e006439,1,1,2308130001,집
e_e006439,1,2,2308130003,연신내역 트리플라 11동 아파트
e_e006439,1,3,2308130004,무수 아취
e_e006439,1,4,2308130005,카페도영
e_e006439,1,5,2308130006,호원 우성 2차 아파트
e_e006439,1,6,2308130007,메이다이닝
e_e006439,1,7,2308130002,집
e_e006441,1,1,2308090001,집
e_e006441,1,2,2308090002,청와대 본관
e_e006441,1,3,2308090005,식물
e_e006441,1,4,2308090003,영화로
e_e006441,1,5,2308090004,경복궁
e_e006441,1,6,2308090006,집
e_e006446,1,1,2308140001,친구 친지 집
e_e006446,1,2,2308140002,이케아 고양점
e_e006446,1,3,2308140003,스타필드 고양
e_e006446,1,4,2308140004,현일 랩 메이트(오피스텔)
e_e006447,1,1,2308060001,집
e_e006447,1,2,2308060003,먹깨비김밥
e_e006447,1,3,2308060004,다이소 성균관대역점
e_e006447,1,4,2308060005,캐리비안베이
e_e006447,1,5,2308060002,집
e_e006448,1,1,2308120001,집
e_e006448,1,2,2308120002,오매 김밥
e_e006448,1,3,2308120003,서울대공원 캠핑장
e_e006448,1,4,2308120004,서울 동작구 신대방1가길 38 105동
e_e006452,1,1,2308150001,집
e_e006452,1,2,2308150003,일월 수목원
e_e006452,1,3,2308150004,AK플라자 수원
e_e006452,1,4,2308150005,다쓰미 수원역사점
e_e006452,1,5,2308150006,르빵드파리&브런치하우스 행궁점
e_e006452,1,6,2308150007,행리단길
e_e006452,1,7,2308150008,창룡문
e_e006452,1,8,2308150009,플라잉 수원
e_e006452,1,9,2308150002,집
e_e006458,1,1,2308120001,집
e_e006458,1,2,2308120002,달마티안
e_e006458,1,3,2308120003,위글위글 도산 플래그십스토어
e_e006458,1,4,2308120004,미뉴트 빠삐용
e_e006458,1,5,2308120006,친구 집
e_e006458,1,6,2308120005,집
e_e006460,1,1,2308190001,집
e_e006460,1,2,2308190003,경춘선 숲길
e_e006460,1,3,2308190002,페페 그라노
e_e006460,1,4,2308190004,베비 아모 에스프레소 바
e_e006460,1,5,2308190005,리브인 오후
e_e006460,1,6,2308190006,화단 과자점
e_e006460,1,7,2308190007,집
e_e006463,1,1,2308190001,집
e_e006463,1,2,2308190002,분당중앙공원
e_e006463,1,3,2308190003,사누키 진 가락국수
e_e006463,1,4,2308190004,CGV 서현
e_e006463,1,5,2308190005,분당중앙공원
e_e006463,1,6,2308190006,돈 파스타 나폴리 피자
e_e006463,1,7,2308190007,분당중앙공원
e_e006463,1,8,2308190008,집
e_e006474,1,1,2308060001,집
e_e006474,1,2,2308060003,꼬예뜰
e_e006474,1,3,2308060004,국립 산음자연휴양림
e_e006474,1,4,2308060005,세미원
e_e006474,1,5,2308060006,만경
e_e006474,1,6,2308060002,집
e_e006483,1,1,2308070001,집
e_e006483,1,2,2308070003,스타필드 하남
e_e006483,1,3,2308070004,브로든 커피 컴퍼니
e_e006483,1,4,2308070005,우리동네스시신조
e_e006483,1,5,2308070002,집
e_e006485,1,1,2308060001,집
e_e006485,1,2,2308060002,아쿠아 플라넷 일산
e_e006485,1,3,2308060003,원마운트
e_e006485,1,4,2308060004,트레이더스 홀세일 클럽 킨텍스점
e_e006485,1,5,2308060005,집
e_e006486,1,1,2308200001,집
e_e006486,1,2,2308200002,호텔리베라
e_e006486,1,3,2308200003,공리 훠궈 x 짬뽕 청담점
e_e006486,1,4,2308200004,가산디지털단지 마리오아울렛
e_e006486,1,5,2308200006,한섬 팩토리아울렛 가산점
e_e006486,1,6,2308200005,집
e_e006489,1,1,2308090001,집
e_e006489,1,2,2308090002,남춘천역
e_e006489,1,3,2308090003,청량리역
e_e006489,1,4,2308090004,제기동역 1호선
e_e006489,1,5,2308090005,서울약령 시장
e_e006489,1,6,2308090006,참다정
e_e006489,1,7,2308090007,제기동역 1호선
e_e006489,1,8,2308090008,충무로역 4호선
e_e006489,1,9,2308090009,남산 서울타워
e_e006489,1,10,2308090010,남산공원 N서울타워
e_e006489,1,11,2308090011,스타벅스 서울타워점
e_e006489,1,12,2308090012,스태프 핫도그 남산 서울타워 점
e_e006489,1,13,2308090013,남산 둘레길
e_e006489,1,14,2308090014,국립극장 공연 자료실
e_e006489,1,15,2308090015,국립극장 해오름극장
e_e006489,1,16,2308090016,동국대학교 서울캠퍼스 이해랑예술 극장
e_e006489,1,17,2308090017,미드템포
e_e006489,1,18,2308090018,동국대학교 서울캠퍼스 이해랑예술 극장
e_e006489,1,19,2308090019,동대입구역 3호선
e_e006489,1,20,2308090020,청량리역
e_e006489,1,21,2308090021,남춘천역
e_e006489,1,22,2308090022,집
e_e006491,1,1,2308140001,집
e_e006491,1,2,2308140002,목동 신시가지 4단지 아파트
e_e006491,1,3,2308140003,홀리 쉽
e_e006491,1,4,2308140004,수산공원
e_e006491,1,5,2308140005,김포함상공원
e_e006491,1,6,2308140006,행복한 백화점 목동점
e_e006491,1,7,2308140007,목동 신시가지 4단지 아파트
e_e006491,1,8,2308140008,집
e_e006492,1,1,2308070001,집
e_e006492,1,2,2308070002,본가 만두전골
e_e006492,1,3,2308070004,장경수
e_e006492,1,4,2308070003,만해기념관
e_e006492,1,5,2308070005,오전리 농산물 직거래 장터
e_e006492,1,6,2308070006,코코 밸리
e_e006492,1,7,2308070007,집
e_e006495,1,1,2308060001,집
e_e006495,1,2,2308060003,데이 롱 카페 역삼 직영점
e_e006495,1,3,2308060004,서울 선릉과 정릉
e_e006495,1,4,2308060005,블랙랩
e_e006495,1,5,2308060006,최인아 책방
e_e006495,1,6,2308060007,강남역 지하상가
e_e006495,1,7,2308060002,집
e_e006497,1,1,2308140001,집
e_e006497,1,2,2308140002,베트남이랑
e_e006497,1,3,2308140003,교보문고 강남점
e_e006497,1,4,2308140005,도쿄 빙수 이수점
e_e006497,1,5,2308140004,애플하우스 이수
e_e006497,1,6,2308140007,서래 마을
e_e006497,1,7,2308140006,신라스테이 역삼
e_e006497,2,1,2308150001,카카오 프렌즈 강남 플래그십스토어
e_e006497,2,2,2308150002,지오다노 강남역점
e_e006497,2,3,2308150003,파이브 가이즈 강남
e_e006497,2,4,2308150004,현대 시티 아울렛 동대문점
e_e006497,2,5,2308150005,집
e_e006505,1,1,2308230001,집
e_e006505,1,2,2308230002,현대모터 스튜디오 서울
e_e006505,1,3,2308230003,호미 호식
e_e006505,1,4,2308230004,일상 비일상의 틈
e_e006505,1,5,2308230005,코엑스
e_e006505,1,6,2308230006,집
e_e006506,1,1,2308160001,집
e_e006506,1,2,2308160003,부천식물원
e_e006506,1,3,2308160004,부천 자연 생태공원 자연 생태 박물관
e_e006506,1,4,2308160005,동심
e_e006506,1,5,2308160006,롯데백화점 중동점
e_e006506,1,6,2308160002,집
e_e006507,1,1,2308170001,집
e_e006507,1,2,2308170002,호암미술관
e_e006507,1,3,2308170004,삼매당 막국수
e_e006507,1,4,2308170005,유운 커피
e_e006507,1,5,2308170003,집
e_e006510,1,1,2308130001,집
e_e006510,1,2,2308130003,우리 할미 떡볶이 원곡선 부점
e_e006510,1,3,2308130004,경기도 미술관
e_e006510,1,4,2308130006,홈플러스 안산 선부점
e_e006510,1,5,2308130005,스카롱
e_e006510,1,6,2308130007,커피 N 줄리엣
e_e006510,1,7,2308130008,오이시 초밥
e_e006510,1,8,2308130002,집
e_e006513,1,1,2308170001,집
e_e006513,1,2,2308170006,다이소 일산 마두점
e_e006513,1,3,2308170003,밤 가니 버거
e_e006513,1,4,2308170004,청년 다방 일산 웨스턴돔 점
e_e006513,1,5,2308170005,오토 김밥 일산점
e_e006513,1,6,2308170007,스타벅스 양주 송추 DT점
e_e006513,1,7,2308170008,호수 카라반 캠핑장
e_e006513,1,8,2308170009,마장호수
e_e006513,1,9,2308170010,마장호수 출렁다리
e_e006513,1,10,2308170011,호수 카라반 캠핑장
e_e006513,1,11,2308170002,집
e_e006517,1,1,2308190001,집
e_e006517,1,2,2308190003,시흥 대야역 서해선
e_e006517,1,3,2308190004,서울공예 박물관
e_e006517,1,4,2308190005,윤보선가
e_e006517,1,5,2308190006,쏘리 에스프레소 바
e_e006517,1,6,2308190007,국립현대미술관 서울
e_e006517,1,7,2308190008,진주회관
e_e006517,1,8,2308190009,서울시립미술관 서소문 본관
e_e006517,1,9,2308190010,롯데백화점 본점
e_e006517,1,10,2308190011,명동거리
e_e006517,1,11,2308190012,을지로 입구역 2호선 5번 출구
e_e006517,1,12,2308190002,집
e_e006528,1,1,2308290001,집
e_e006528,1,2,2308290003,안양역 1호선
e_e006528,1,3,2308290009,한강진 역 6호선
e_e006528,1,4,2308290004,웝트샵
e_e006528,1,5,2308290005,온 더 스폿 OTS 한남점
e_e006528,1,6,2308290006,갤러리 조은
e_e006528,1,7,2308290007,스타벅스 한강진 역 R 점
e_e006528,1,8,2308290008,블루스퀘어 신한카드홀
e_e006528,1,9,2308290002,집
e_e006529,1,1,2308150001,친구 친지 집
e_e006529,1,2,2308150002,하남 유아숲 체험원
e_e006529,1,3,2308150003,바운스 슈퍼 파크 하남 센터
e_e006529,1,4,2308150004,현대백화점 천호점
e_e006529,1,5,2308150005,이마트 천호점
e_e006529,1,6,2308150006,현대백화점 천호점
e_e006529,1,7,2308150007,성내 삼성아파트 정문
e_e006531,1,1,2308200001,집
e_e006531,1,2,2308200002,송해 온
e_e006531,1,3,2308200003,꽃춘삼
e_e006531,1,4,2308200004,뉴코아 아울렛 인천점
e_e006531,1,5,2308200005,집
e_e006534,1,1,2308190001,집
e_e006534,1,2,2308190002,남한산성도립공원
e_e006534,1,3,2308190003,두부 만드는 집
e_e006534,1,4,2308190004,카페 들
e_e006534,1,5,2308190005,성남시 식물원
e_e006534,1,6,2308190006,롯데시네마 성남중앙
e_e006534,1,7,2308190008,집
e_e006537,1,1,2308130001,집
e_e006537,1,2,2308130003,모스코 서울
e_e006537,1,3,2308130004,위자드 플래그십스토어 청담점
e_e006537,1,4,2308130005,현대카드 쿠킹 라이브러리
e_e006537,1,5,2308130006,까본 본점
e_e006537,1,6,2308130007,에스팩토리(마르쉐 햇밀장)
e_e006537,1,7,2308130002,집
e_e006538,1,1,2308080001,집
e_e006538,1,2,2308080002,서울 식물원
e_e006538,1,3,2308080003,오지오 커피
e_e006538,1,4,2308080004,오마카세 오산이 초밥 발산역점
e_e006538,1,5,2308080005,롯데몰 김포공항점
e_e006538,1,6,2308080006,집
e_e006544,1,1,2308170001,집
e_e006544,1,2,2308170002,코엑스 A 홀
e_e006544,1,3,2308170003,코엑스 B 홀
e_e006544,1,4,2308170004,노브랜드 버거 코엑스점
e_e006544,1,5,2308170005,코엑스 B 홀
e_e006544,1,6,2308170006,현대백화점 무역센터점
e_e006544,1,7,2308170007,마초 갈비
e_e006544,1,8,2308170008,파르나스 몰
e_e006544,1,9,2308170009,집
e_e006546,1,1,2308110001,집
e_e006546,1,2,2308110002,봉선사
e_e006546,1,3,2308110003,욕쟁이 할머니 집
e_e006546,1,4,2308110004,집
e_e006550,1,1,2308080001,집
e_e006550,1,2,2308080002,두물머리
e_e006550,1,3,2308080003,그림 정원
e_e006550,1,4,2308080004,수풀로 양수리
e_e006550,1,5,2308080005,김명자 낙지마당 양수리점
e_e006550,1,6,2308080006,집
e_e006552,1,1,2308130001,집
e_e006552,1,2,2308130002,현대 프리미엄 아울렛 스페이스 원
e_e006552,1,3,2308130004,텍사스 로드하우스 현대 프리미엄 아울렛 스페이스 원점
e_e006552,1,4,2308130003,집
e_e006554,1,1,2308120001,집
e_e006554,1,2,2308120002,기흥휴게소 부산방향
e_e006554,1,3,2308120003,롯데 프리미엄 아울렛 기흥점
e_e006554,1,4,2308120004,동탄 센트럴자이 아파트
e_e006554,1,5,2308120005,삼환 축산 동탄점
e_e006554,1,6,2308120006,동탄 여울 공원
e_e006554,1,7,2308120007,동탄 농수산물종합유통센터
e_e006554,1,8,2308120008,동탄 센트럴자이 아파트
e_e006554,1,9,2308120009,동탄 센트럴자이 아파트
e_e006554,2,1,2308130001,두리맛 감자탕 동탄점
e_e006554,2,2,2308130002,동탄 농수산물종합유통센터
e_e006554,2,3,2308130003,나이키 조던 서울점
e_e006554,2,4,2308130004,집
e_e006555,1,1,2308110001,집
e_e006555,1,2,2308110002,신세계백화점 본점
e_e006555,1,3,2308110003,한국은행 본부
e_e006555,1,4,2308110004,쯔루하시후게츠 명동점
e_e006555,1,5,2308110005,명동 대성당 파밀리아 채플
e_e006555,1,6,2308110006,몰토 이탈리안 에스프레소 바 앤 테라스
e_e006555,1,7,2308110008,국립극단 명동예술 극장
e_e006555,1,8,2308110007,서남주유소
e_e006555,1,9,2308110009,북악팔각정
e_e006555,1,10,2308110010,북악팔각정 커피하우스
e_e006555,1,11,2308110011,출발 지점과 도착한 지점
e_e006557,1,1,2308090001,집
e_e006557,1,2,2308090003,캐리비안베이
e_e006557,1,3,2308090004,에버랜드
e_e006557,1,4,2308090002,집
e_e006568,1,1,2308090001,집
e_e006568,1,2,2308090002,스멜츠
e_e006568,1,3,2308090003,몽주이에
e_e006568,1,4,2308090004,만돈만리
e_e006568,1,5,2308090005,뚝섬한강공원
e_e006568,1,6,2308090006,집
e_e006572,1,1,2309100001,집
e_e006572,1,2,2309100002,의왕 청계 휴게소 주유소 청계 방향
e_e006572,1,3,2309100003,AB 요트
e_e006572,1,4,2309100004,글램비글램핑
e_e006572,1,5,2309100005,탄도항
e_e006572,1,6,2309100006,해 솔 카페
e_e006572,1,7,2309100007,집
e_e006575,1,1,2308210001,집
e_e006575,1,2,2308210002,수원역
e_e006575,1,3,2308210003,요미우돈 교자
e_e006575,1,4,2308210004,무니 버스 2호점
e_e006575,1,5,2308210005,브로콜리 숲
e_e006575,1,6,2308210011,무니 버스
e_e006575,1,7,2308210012,몽석
e_e006575,1,8,2308210006,서동진의 커피 랩 본점
e_e006575,1,9,2308210007,화성행궁(드라마 그해 우리는 촬영지)
e_e006575,1,10,2308210008,방화수류정
e_e006575,1,11,2308210009,카페 스퀘어드
e_e006575,1,12,2308210010,집
e_e006577,1,1,2308200001,집
e_e006577,1,2,2308200003,남산 서울타워
e_e006577,1,3,2308200004,남산 둘레길
e_e006577,1,4,2308200005,카페 피크닉
e_e006577,1,5,2308200006,로컬 스티치 회현
e_e006577,1,6,2308200007,동화 식당
e_e006577,1,7,2308200008,천주교 서울 대교구 주교좌 명동 대성당
e_e006577,1,8,2308200002,집
e_e006585,1,1,2308190001,집
e_e006585,1,2,2308190002,인천 차이나타운
e_e006585,1,3,2308190003,만두 딤섬 전문 철판
e_e006585,1,4,2308190004,소문난 오백 빵
e_e006585,1,5,2308190005,자유 공원
e_e006585,1,6,2308190006,시민에 집
e_e006585,1,7,2308190007,청춘 조개 월미도 직영점
e_e006585,1,8,2308190008,월미테마파크
e_e006585,1,9,2308190009,집
e_e006587,1,1,2308200001,친구 친지 집
e_e006587,1,2,2308200003,미사리밀빛초계국수 본점
e_e006587,1,3,2308200004,아쿠아 필드 하남
e_e006587,1,4,2308200005,모 브랜드 스타필드 하남점
e_e006587,1,5,2308200002,집
e_e006588,1,1,2308110001,집
e_e006588,1,2,2308110002,한국만화 박물관
e_e006588,1,3,2308110003,부천역 지하상가
e_e006588,1,4,2308110004,부천역 지하상가
e_e006588,1,5,2308110005,화성시 송산면 사강리
e_e006591,1,1,2308100001,집
e_e006591,1,2,2308100002,국립중앙박물관
e_e006591,1,3,2308100003,스즈란 테이 이촌점
e_e006591,1,4,2308100004,도토리 베이커리 카페 신용산점
e_e006591,1,5,2308100005,집
e_e006592,1,1,2308190001,친구 친지 집
e_e006592,1,2,2308190002,효원공원 월화원
e_e006592,1,3,2308190003,벚꽃 스시 수원 인계점
e_e006592,1,4,2308190004,일월 수목원
e_e006592,1,5,2308190005,일월 수목원 카페 데이 지원
e_e006592,1,6,2308190006,보영 만두 성대 직영점
e_e006592,1,7,2308190007,양주역 1호선
e_e006593,1,1,2308120001,집
e_e006593,1,2,2308120003,밀 곳
e_e006593,1,3,2308120004,송추계곡
e_e006593,1,4,2308120005,브루다 양주
e_e006593,1,5,2308120002,집
e_e006597,1,1,2308200001,집
e_e006597,1,2,2308200002,포레스트아웃팅스 송도점
e_e006597,1,3,2308200003,송도센트럴파크
e_e006597,1,4,2308200004,봄이 보리밥
e_e006597,1,5,2308200005,파리바게뜨 송도 로데오점
e_e006597,1,6,2308200006,집
e_e006600,1,1,2308180001,집
e_e006600,1,2,2308180002,서울역
e_e006600,1,3,2308180003,양평역
e_e006600,1,4,2308180004,양평 물 맑은 시장
e_e006600,1,5,2308180005,더 그림
e_e006600,1,6,2308180006,흙토담골
e_e006600,1,7,2308180007,볼더
e_e006600,1,8,2308180008,양평역
e_e006600,1,9,2308180009,서울역
e_e006600,1,10,2308180010,집
e_e006602,1,1,2308210001,집
e_e006602,1,2,2308210003,파리바게뜨 초지역 푸르지오점
e_e006602,1,3,2308210004,한국잡월드
e_e006602,1,4,2308210005,하우 잡월드(푸드코트)
e_e006602,1,5,2308210006,한국잡월드
e_e006602,1,6,2308210007,우쭈쭈 본점
e_e006602,1,7,2308210002,집
e_e006783,1,1,2308190001,집
e_e006783,1,2,2308190002,맥도날드 천안 고속버스터미널점
e_e006783,1,3,2308190003,천안 고속버스터미널
e_e006783,1,4,2308190004,서울고속버스터미널(경부)
e_e006783,1,5,2308190005,혜화역 4호선
e_e006783,1,6,2308190006,한우 식구
e_e006783,1,7,2308190007,투썸플레이스 대학로 아트점
e_e006783,1,8,2308190008,담소
e_e006783,1,9,2308190009,플러스 시어터
e_e006783,1,10,2308190010,혜화역 4호선
e_e006783,1,11,2308190011,서울고속버스터미널(경부)
e_e006783,1,12,2308190012,천안 고속버스터미널
e_e006783,1,13,2308190013,집
e_e006784,1,1,2308170001,집
e_e006784,1,2,2308170003,버거킹 스타필드 고양점
e_e006784,1,3,2308170004,아쿠아 필드 고양
e_e006784,1,4,2308170005,트레이더스 홀세일 클럽 고양점
e_e006784,1,5,2308170002,집
e_e006785,1,1,2308170001,집
e_e006785,1,2,2308170002,캐리비안베이
e_e006785,1,3,2308170003,CGV 광교
e_e006785,1,4,2308170004,집
e_e006786,1,1,2308190001,집
e_e006786,1,2,2308190002,영은미술관
e_e006786,1,3,2308190003,삼호
e_e006786,1,4,2308190004,가디온
e_e006786,1,5,2308190005,집
e_e006788,1,1,2308130001,집
e_e006788,1,2,2308130002,에버랜드 정문
e_e006788,1,3,2308130003,스타벅스 용인 에버랜드점
e_e006788,1,4,2308130004,에버랜드 판다 월드
e_e006788,1,5,2308130005,미니 미상점
e_e006788,1,6,2308130006,에버랜드 회전목마
e_e006788,1,7,2308130007,CHUROROS&COFFEE
e_e006788,1,8,2308130008,에버랜드 아마존 익스프레스
e_e006788,1,9,2308130009,에버랜드 카페 정글캠프
e_e006788,1,10,2308130010,에버랜드 로스트 밸리
e_e006788,1,11,2308130011,커피빈 용인 에버랜드점
e_e006788,1,12,2308130012,에버랜드 범퍼카
e_e006788,1,13,2308130013,에버랜드 정문
e_e006788,1,14,2308130014,집
e_e006789,1,1,2308130001,집
e_e006789,1,2,2308130002,군산 고속버스터미널
e_e006789,1,3,2308130003,센트럴시티터미널(호남)
e_e006789,1,4,2308130004,치읓
e_e006789,1,5,2308130005,플러스 시어터
e_e006789,1,6,2308130006,우와 대학로점
e_e006789,1,7,2308130007,하이 제씨
e_e006789,1,8,2308130008,플러스 시어터
e_e006789,1,9,2308130009,엔터식스 강남점
e_e006789,1,10,2308130010,센트럴시티터미널(호남)
e_e006789,1,11,2308130011,집
e_e006791,1,1,2308150001,집
e_e006791,1,2,2308150002,여자친구 집
e_e006791,1,3,2308150003,토마토김밥 남양주 다산점
e_e006791,1,4,2308150004,스파디움24
e_e006791,1,5,2308150005,키 미노 돼지국밥
e_e006791,1,6,2308150006,여자친구 집
e_e006791,1,7,2308150007,집
e_e006793,1,1,2308260001,집
e_e006793,1,2,2308260002,체부동 잔칫집
e_e006793,1,3,2308260003,이상의 집
e_e006793,1,4,2308260004,통인시장
e_e006793,1,5,2308260005,종로구립 박노수 미술관
e_e006793,1,6,2308260006,더 숲 초소 책방
e_e006793,1,7,2308260007,누하동 오거리
e_e006793,1,8,2308260008,티엔 미미 서촌점
e_e006793,1,9,2308260009,인사동 문화의 거리
e_e006793,1,10,2308260010,집
e_e006794,1,1,2308090001,집
e_e006794,1,2,2308090002,청계산입구역 신분당선
e_e006794,1,3,2308090003,청계산 원터골 산책길
e_e006794,1,4,2308090004,매헌 시민의 숲
e_e006794,1,5,2308090005,집
e_e006795,1,1,2308150001,집
e_e006795,1,2,2308150003,매직 플로
e_e006795,1,3,2308150004,금돈
e_e006795,1,4,2308150002,집
e_e006796,1,1,2308240001,집
e_e006796,1,2,2308240002,AK플라자 분당
e_e006796,1,3,2308240003,서현역 광장
e_e006796,1,4,2308240004,집
e_e006797,1,1,2308250001,집
e_e006797,1,2,2308250002,용산역
e_e006797,1,3,2308250003,수원역
e_e006797,1,4,2308250004,AK플라자 수원
e_e006797,1,5,2308250005,수원역 지하상가
e_e006797,1,6,2308250006,수원 화성 팔달문
e_e006797,1,7,2308250007,창룡 도서관
e_e006797,1,8,2308250008,수원시 글로벌평생학습관
e_e006797,1,9,2308250009,채소 미담
e_e006797,1,10,2308250010,안양역
e_e006797,1,11,2308250011,송내역 1호선
e_e006797,1,12,2308250012,집
e_e006800,1,1,2308130001,집
e_e006800,1,2,2308130003,산곡 민물매운탕 어탕 칼국수
e_e006800,1,3,2308130004,CU 하남 산곡점
e_e006800,1,4,2308130006,번천
e_e006800,1,5,2308130005,카페 뷰
e_e006800,1,6,2308130007,산성공원
e_e006800,1,7,2308130002,집
e_e006801,1,1,2308130001,집
e_e006801,1,2,2308130002,렛츠 런 파크 서울
e_e006801,1,3,2308130003,청 와 옥 사당 직영점
e_e006801,1,4,2308130004,집
e_e006802,1,1,2308190001,집
e_e006802,1,2,2308190002,왕릉 순두부 보쌈
e_e006802,1,3,2308190003,중계 주공 4단지 아파트
e_e006802,1,4,2308190004,불암산 둘레길 전망대
e_e006802,1,5,2308190005,불암산 나비정원
e_e006802,1,6,2308190006,카페 포레스트
e_e006802,1,7,2308190007,다이소 호평점
e_e006802,1,8,2308190008,집
e_e006804,1,1,2308260001,집
e_e006804,1,2,2308260003,홍대입구역 공항철도
e_e006804,1,3,2308260004,계양역 공항철도
e_e006804,1,4,2308260005,현대 프리미엄 아울렛 송도점
e_e006804,1,5,2308260006,스시가 쿠 송도점
e_e006804,1,6,2308260007,송도센트럴파크
e_e006804,1,7,2308260008,국립 세계문자 박물관
e_e006804,1,8,2308260009,기노스코 송도점
e_e006804,1,9,2308260010,송도센트럴파크 수상 택시 선착장
e_e006804,1,10,2308260011,트라이볼
e_e006804,1,11,2308260002,집
e_e006805,1,1,2308150001,집
e_e006805,1,2,2308150002,시흥 월곶에 코피 아 워터파크
e_e006805,1,3,2308150003,버거킹 인천 논현점
e_e006805,1,4,2308150004,집
e_e006808,1,1,2308130001,집
e_e006808,1,2,2308130002,화랑공원
e_e006808,1,3,2308130003,교보문고 판교점
e_e006808,1,4,2308130004,현대 판교 짱구 팝업스토어
e_e006808,1,5,2308130005,친구 집
e_e006808,1,6,2308130006,부모님 집
e_e006808,1,7,2308130007,집
e_e006810,1,1,2308140001,집
e_e006810,1,2,2308140003,돌집 산장
e_e006810,1,3,2308140004,송추계곡 부근
e_e006810,1,4,2308140005,필 무드
e_e006810,1,5,2308140002,집
e_e006813,1,1,2308140001,집
e_e006813,1,2,2308140002,주렁주렁 동탄 라크몽점
e_e006813,1,3,2308140003,동탄 여울 공원
e_e006813,1,4,2308140004,집
e_e006815,1,1,2308110001,집
e_e006815,1,2,2308110002,이태리 백반 의정부민락점
e_e006815,1,3,2308110003,의정부 미술 도서관
e_e006815,1,4,2308110004,카페 유어 프레즌스 의정부점
e_e006815,1,5,2308110005,집
e_e006816,1,1,2308110001,집
e_e006816,1,2,2308110003,장인 더 포천점
e_e006816,1,3,2308110004,지순이 해장국
e_e006816,1,4,2308110005,국군복지단 포천 푸르미 마트
e_e006816,1,5,2308110002,집
e_e006818,1,1,2308130001,집
e_e006818,1,2,2308130002,평화랜드
e_e006818,1,3,2308130003,신간 짬뽕 금촌점
e_e006818,1,4,2308130004,집
e_e006820,1,1,2308080001,집
e_e006820,1,2,2308080002,동구릉
e_e006820,1,3,2308080003,카페 동구릉
e_e006820,1,4,2308080004,집
e_e006823,1,1,2308270001,친구 친지 집
e_e006823,1,2,2308270002,맥도날드 보라매점
e_e006823,1,3,2308270003,캐리비안베이
e_e006823,1,4,2308270004,에버랜드
e_e006823,1,5,2308270005,동생 집
e_e006826,1,1,2308260001,집
e_e006826,1,2,2308260002,캐리비안베이
e_e006826,1,3,2308260003,집
e_e006828,1,1,2308090001,집
e_e006828,1,2,2308090002,코엑스
e_e006828,1,3,2308090003,무탄 코엑스몰 본점
e_e006828,1,4,2308090004,가배도 코엑스점
e_e006828,1,5,2308090005,올리브영 삼송역점
e_e006828,1,6,2308090006,집
e_e006830,1,1,2308130001,집
e_e006830,1,2,2308130002,내리 문화공원
e_e006830,1,3,2308130003,삼색 보리밥
e_e006830,1,4,2308130004,스타필드 하남
e_e006830,1,5,2308130005,집
e_e006831,1,1,2308200001,집
e_e006831,1,2,2308200002,콘 타이 종로점
e_e006831,1,3,2308200003,하이커 그라운드
e_e006831,1,4,2308200004,태화빌딩
e_e006831,1,5,2308200005,뜰과 다원
e_e006831,1,6,2308200006,안녕 인사동
e_e006831,1,7,2308200007,조계사
e_e006831,1,8,2308200008,집
e_e006832,1,1,2308190001,집
e_e006832,1,2,2308190003,인천대공원
e_e006832,1,3,2308190004,GS25 인천대공원점
e_e006832,1,4,2308190005,부평역사박물관
e_e006832,1,5,2308190002,집
e_e006833,1,1,2308260001,사무실
e_e006833,1,2,2308260002,디딤돌 숨두부 집 미사리 본점
e_e006833,1,3,2308260003,하남 유니언 타워
e_e006833,1,4,2308260004,고덕 래미안 힐스테이트 3-2게이트
e_e006834,1,1,2308120001,집
e_e006834,1,2,2308120003,갈릴리 농원 본관
e_e006834,1,3,2308120004,헤이리 예술마을
e_e006834,1,4,2308120005,루시 랑스
e_e006834,1,5,2308120002,집
e_e006837,1,1,2308180001,집
e_e006837,1,2,2308180002,더티 트렁크
e_e006837,1,3,2308180003,스타필드 고양
e_e006837,1,4,2308180004,집
e_e006838,1,1,2308190001,집
e_e006838,1,2,2308190002,이 가네 삼대째 손두부 본점
e_e006838,1,3,2308190003,아토스 캠핑 수원점
e_e006838,1,4,2308190004,포커스온 나우
e_e006838,1,5,2308190005,다이소 수원 구운점
e_e006838,1,6,2308190006,집
e_e006840,1,1,2308180001,집
e_e006840,1,2,2308180002,키자니아 서울
e_e006840,1,3,2308180003,롯데월드 민속박물관
e_e006840,1,4,2308180004,집
e_e006844,1,1,2308110001,집
e_e006844,1,2,2308110002,해와 달 떡
e_e006844,1,3,2308110003,오이도 선사유적공원 전망대
e_e006844,1,4,2308110005,육장 갈비 오이도점
e_e006844,1,5,2308110004,오이도 선사유적공원
e_e006844,1,6,2308110007,세븐일레븐 오이도 해피점
e_e006844,1,7,2308110006,프로 젝트 씨
e_e006844,1,8,2308110008,집
e_e006846,1,1,2308160001,집
e_e006846,1,2,2308160002,안국역 3호선
e_e006846,1,3,2308160003,스타벅스 안국점
e_e006846,1,4,2308160004,런던 베이글 뮤지엄 안국점
e_e006846,1,5,2308160005,동대문종합시장 D동 상가
e_e006846,1,6,2308160006,광장시장
e_e006846,1,7,2308160007,육회 자매 집 2호점
e_e006846,1,8,2308160008,집
e_e006849,1,1,2308140001,집
e_e006849,1,2,2308140002,석촌호수 동호
e_e006849,1,3,2308140003,오스테리가 렌조
e_e006849,1,4,2308140004,아벨 커피
e_e006849,1,5,2308140005,두물머리
e_e006849,1,6,2308140006,집
e_e006851,1,1,2308200001,집
e_e006851,1,2,2308200002,다이내믹 메이즈 서울 인사동점
e_e006851,1,3,2308200003,박물관은 살아있다 인사동점
e_e006851,1,4,2308200004,아웃백 스테이크하우스 광화문 D 타워 점
e_e006851,1,5,2308200005,광화문광장
e_e006851,1,6,2308200006,배스킨라빈스 광화문점
e_e006851,1,7,2308200007,집
e_e006852,1,1,2308260001,집
e_e006852,1,2,2308260003,포천아트밸리
e_e006852,1,3,2308260004,동이 손만두
e_e006852,1,4,2308260005,어나더 주얼리
e_e006852,1,5,2308260006,집
e_e006853,1,1,2308220001,집
e_e006853,1,2,2308220002,고향의 탕
e_e006853,1,3,2308220003,양평군립미술관
e_e006853,1,4,2308220004,이함 캠퍼스
e_e006853,1,5,2308220005,스타벅스 더 양평 DTR
e_e006853,1,6,2308220006,집
e_e006854,1,1,2308240001,집
e_e006854,1,2,2308240002,꽃담
e_e006854,1,3,2308240003,이케아 기흥점
e_e006854,1,4,2308240004,집
e_e006855,1,1,2308120001,집
e_e006855,1,2,2308120002,홍익 돈가스 은평점
e_e006855,1,3,2308120003,흥국사 약사전
e_e006855,1,4,2308120004,밥할 머니 공원
e_e006855,1,5,2308120005,스타필드 고양
e_e006855,1,6,2308120006,집
e_e006856,1,1,2308120001,집
e_e006856,1,2,2308120002,현대 프리미엄 아울렛 스페이스 원
e_e006856,1,3,2308120003,두끼떡볶이 현대 아울렛 다산점
e_e006856,1,4,2308120004,아디다스 현대 프리미엄 아울렛 남양주점
e_e006856,1,5,2308120005,백미다 다산 현대 아울렛
e_e006856,1,6,2308120006,위례 과일가게
e_e006856,1,7,2308120007,집
e_e006861,1,1,2308130001,집
e_e006861,1,2,2308130002,롯데 프리미엄 아울렛 타임 빌라스
e_e006861,1,3,2308130003,스타벅스 수원 금곡점
e_e006861,1,4,2308130004,집
e_e006862,1,1,2308200001,집
e_e006862,1,2,2308200002,촙촙
e_e006862,1,3,2308200003,마인 띵크
e_e006862,1,4,2308200004,그랜마캐비넷
e_e006862,1,5,2308200005,분카샤 을지로점
e_e006862,1,6,2308200006,장충체육관
e_e006862,1,7,2308200007,집
e_e006863,1,1,2308140001,집
e_e006863,1,2,2308140002,롯데월드
e_e006863,1,3,2308140003,숯불 돼지갈비 마포집
e_e006863,1,4,2308140004,집
e_e006865,1,1,2308170001,집
e_e006865,1,2,2308170003,보문사
e_e006865,1,3,2308170004,전망 좋은 집
e_e006865,1,4,2308170002,집
e_e006867,1,1,2308120001,집
e_e006867,1,2,2308120002,킨텍스 제1전시장
e_e006867,1,3,2308120003,레이킨스몰
e_e006867,1,4,2308120004,집
e_e006869,1,1,2308140001,집
e_e006869,1,2,2308140002,삼고집 파주점
e_e006869,1,3,2308140003,콩치노콩크리트
e_e006869,1,4,2308140004,더티 트렁크
e_e006869,1,5,2308140005,집
e_e006871,1,1,2308270001,집
e_e006871,1,2,2308270002,경기북부 야생동물구조관리 센터
e_e006871,1,3,2308270003,경기북부 어린이 박물관
e_e006871,1,4,2308270004,휴에 고
e_e006871,1,5,2308270005,집
e_e006874,1,1,2308170001,집
e_e006874,1,2,2308170002,상갈공원 내 경기도 박물관
e_e006874,1,3,2308170003,카페 나비
e_e006874,1,4,2308170004,집
e_e006875,1,1,2308120001,집
e_e006875,1,2,2308120002,백현동 카페거리
e_e006875,1,3,2308120003,리스 카페
e_e006875,1,4,2308120004,현대백화점 판교점
e_e006875,1,5,2308120005,집
e_e006876,1,1,2308130001,집
e_e006876,1,2,2308130003,뜸
e_e006876,1,3,2308130004,토이즈
e_e006876,1,4,2308130005,츄플러스
e_e006876,1,5,2308130006,장안문
e_e006876,1,6,2308130007,교보문고 광교점
e_e006876,1,7,2308130002,집
e_e006877,1,1,2308110001,집
e_e006877,1,2,2308110003,꽃누리들 밥
e_e006877,1,3,2308110004,스타필드 하남
e_e006877,1,4,2308110002,집
e_e006878,1,1,2308120001,집
e_e006878,1,2,2308120002,장수촌
e_e006878,1,3,2308120003,행주산성 역사 공원
e_e006878,1,4,2308120004,아띠랑스
e_e006878,1,5,2308120005,집
e_e006879,1,1,2308190001,집
e_e006879,1,2,2308190002,키자니아 서울
e_e006879,1,3,2308190003,석촌호수 동호
e_e006879,1,4,2308190004,키자니아 서울
e_e006879,1,5,2308190005,집
e_e006880,1,1,2308140001,집
e_e006880,1,2,2308140002,오산 휴게소 동탄 방향
e_e006880,1,3,2308140003,hy 평택공장
e_e006880,1,4,2308140004,마롱 브런치 베이커리 카페
e_e006880,1,5,2308140005,센트럴 곤충생태농장
e_e006880,1,6,2308140006,집
e_e006882,1,1,2308120001,집
e_e006882,1,2,2308120003,서울대입구역 2호선
e_e006882,1,3,2308120004,기흥역 수인 분당선
e_e006882,1,4,2308120005,AK& 기흥
e_e006882,1,5,2308120006,메이탄 AK 기흥점
e_e006882,1,6,2308120007,북스리브로 기흥점
e_e006882,1,7,2308120008,롯데 프리미엄 푸드마켓 AK 기흥점
e_e006882,1,8,2308120009,용인 동백지구 호수 공원
e_e006882,1,9,2308120010,동백역 에버라인
e_e006882,1,10,2308120011,방배역 2호선
e_e006882,1,11,2308120002,집
e_e006883,1,1,2308260001,집
e_e006883,1,2,2308260002,원조 파주골 순두부
e_e006883,1,3,2308260003,비둘기낭폭포
e_e006883,1,4,2308260004,한탄강 하늘다리
e_e006883,1,5,2308260005,돌담 병원
e_e006883,1,6,2308260006,산정호수
e_e006883,1,7,2308260007,한화리조트 산정호수 안시 온천사우나
e_e006883,1,8,2308260008,집
e_e006884,1,1,2308200001,집
e_e006884,1,2,2308200002,소소 온기
e_e006884,1,3,2308200003,족발 구역 마석점
e_e006884,1,4,2308200004,집
e_e006886,1,1,2308150001,집
e_e006886,1,2,2308150003,청주 여객터미널 북부정류장
e_e006886,1,3,2308150004,온 따뜻한 솥밥
e_e006886,1,4,2308150005,사월의 물고기
e_e006886,1,5,2308150006,157
e_e006886,1,6,2308150007,카츠 8 파리에 스테이션 점
e_e006886,1,7,2308150008,신세계백화점 강남점
e_e006886,1,8,2308150009,센트럴시티터미널(호남)
e_e006886,1,9,2308150002,집
e_e006887,1,1,2308120001,집
e_e006887,1,2,2308120002,국립중앙박물관
e_e006887,1,3,2308120003,날짜 국수
e_e006887,1,4,2308120004,아경면섬
e_e006887,1,5,2308120005,용산가족공원 산책길
e_e006887,1,6,2308120006,전쟁기념관
e_e006887,1,7,2308120007,국립중앙박물관
e_e006887,1,8,2308120008,은행골 강남역점
e_e006887,1,9,2308120009,바나프레소 강남점
e_e006887,1,10,2308120010,집
e_e006890,1,1,2308130001,집
e_e006890,1,2,2308130002,킨텍스 제1전시장
e_e006890,1,3,2308130003,현대모터 스튜디오 고양
e_e006890,1,4,2308130004,화전 분재예술원
e_e006890,1,5,2308130005,행주산성
e_e006890,1,6,2308130006,이케아 고양점
e_e006890,1,7,2308130007,스타필드 고양
e_e006890,1,8,2308130008,집
e_e006892,1,1,2308120001,집
e_e006892,1,2,2308120002,명륜 진사갈비 잠실 아시아 선수촌점
e_e006892,1,3,2308120003,청량리 청과물 시장
e_e006892,1,4,2308120004,투썸플레이스 구리 인창점
e_e006892,1,5,2308120007,버거킹 구리 SK 점
e_e006892,1,6,2308120005,왕숙천
e_e006892,1,7,2308120006,집
e_e006893,1,1,2308310001,집
e_e006893,1,2,2308310002,이마트 성남점
e_e006893,1,3,2308310005,성남중앙공설시장
e_e006893,1,4,2308310003,삼성플러스 의원
e_e006893,1,5,2308310004,친척 집
e_e006893,1,6,2308310006,인천 서구 승학로 567 301호
e_e006893,1,7,2308310008,집
e_e006894,1,1,2308190001,집
e_e006894,1,2,2308190002,국립민속박물관 파주
e_e006894,1,3,2308190003,크레타
e_e006894,1,4,2308190004,오마이 플레이트
e_e006894,1,5,2308190005,물고기자리
e_e006894,1,6,2308190006,집
e_e006895,1,1,2308120001,집
e_e006895,1,2,2308120002,두물머리
e_e006895,1,3,2308120004,연밭
e_e006895,1,4,2308120003,세미원 연꽃문화제
e_e006895,1,5,2308120005,수풀로 양수리
e_e006895,1,6,2308120006,카페 리노
e_e006895,1,7,2308120007,집
e_e006896,1,1,2308260001,집
e_e006896,1,2,2308260002,인천대공원
e_e006896,1,3,2308260003,화 목 칼국수 인천대공원점
e_e006896,1,4,2308260004,집
e_e006897,1,1,2308100001,집
e_e006897,1,2,2308100003,어나더
e_e006897,1,3,2308100004,애 떼 아트
e_e006897,1,4,2308100005,스타필드 안성
e_e006897,1,5,2308100002,집
e_e006899,1,1,2308260001,집
e_e006899,1,2,2308260002,광명동굴
e_e006899,1,3,2308260003,구름산 추어탕 본점
e_e006899,1,4,2308260004,명장 시대
e_e006899,1,5,2308260005,광명 전통시장
e_e006899,1,6,2308260006,집
e_e006900,1,1,2308220001,집
e_e006900,1,2,2308220002,꽁비엔
e_e006900,1,3,2308220003,일루지앵
e_e006900,1,4,2308220004,버프 스토어 명동역점
e_e006900,1,5,2308220005,리샤르 명동점
e_e006900,1,6,2308220006,집
e_e006901,1,1,2308120001,집
e_e006901,1,2,2308120002,CGV 화성 봉담
e_e006901,1,3,2308120003,맘스터치 화성 봉담점
e_e006901,1,4,2308120004,집
e_e006902,1,1,2308190001,집
e_e006902,1,2,2308190002,용산 공예관
e_e006902,1,3,2308190003,소담 상회
e_e006902,1,4,2308190004,카페 필로스
e_e006902,1,5,2308190005,북파크라운지
e_e006902,1,6,2308190006,블루스퀘어
e_e006902,1,7,2308190007,CU 정발산점
e_e006902,1,8,2308190008,집
e_e006905,1,1,2308110001,집
e_e006905,1,2,2308110002,카페 스티 빈
e_e006905,1,3,2308110003,오산 미니어처 빌리지
e_e006905,1,4,2308110004,오산에코리움
e_e006905,1,5,2308110005,본가 왕뼈 감자탕 오산 세교점
e_e006905,1,6,2308110006,집
e_e006906,1,1,2308300001,집
e_e006906,1,2,2308300002,달미 역 서해선
e_e006906,1,3,2308300003,한국프레스센터
e_e006906,1,4,2308300004,윤동주 하숙 집터
e_e006906,1,5,2308300005,효자 베이커리
e_e006906,1,6,2308300006,효자 카페
e_e006906,1,7,2308300007,종로구립 박노수 미술관
e_e006906,1,8,2308300008,옥인 오락실
e_e006906,1,9,2308300009,우리 집
e_e006906,1,10,2308300010,상촌재
e_e006906,1,11,2308300011,대오서점
e_e006906,1,12,2308300012,이상의 집
e_e006906,1,13,2308300013,창성동 실험실
e_e006906,1,14,2308300014,Ofr 서울
e_e006906,1,15,2308300015,피어
e_e006906,1,16,2308300016,보안여관
e_e006906,1,17,2308300017,보안책방
e_e006906,1,18,2308300018,갤러리 아트사이드
e_e006906,1,19,2308300019,경복궁역 3호선
e_e006906,1,20,2308300020,집
e_e006907,1,1,2308200001,집
e_e006907,1,2,2308200002,임진각 관광지 평화누리 바람의 언덕
e_e006907,1,3,2308200003,어수정 국수 임진각점
e_e006907,1,4,2308200004,임진각 평화누리 임진강 독개다리
e_e006907,1,5,2308200005,국립 6.25전쟁 납북자 기념관
e_e006907,1,6,2308200006,집
e_e006908,1,1,2308120001,집
e_e006908,1,2,2308120003,진관사계곡
e_e006908,1,3,2308120004,스타벅스 더 북한산점
e_e006908,1,4,2308120005,장칼 앤 만두
e_e006908,1,5,2308120002,집
e_e006909,1,1,2308190001,집
e_e006909,1,2,2308190002,매머드 익스프레스 신촌점
e_e006909,1,3,2308190003,행주산성 역사 공원
e_e006909,1,4,2308190004,이케아 고양점
e_e006909,1,5,2308190005,집
e_e006911,1,1,2308180001,집
e_e006911,1,2,2308180002,성남 큐브미술관
e_e006911,1,3,2308180003,마초야 위례점
e_e006911,1,4,2308180004,집
e_e006912,1,1,2308130001,집
e_e006912,1,2,2308130002,태릉 허창 갈비
e_e006912,1,3,2308130003,보나 리베
e_e006912,1,4,2308130004,집
e_e006913,1,1,2308160001,집
e_e006913,1,2,2308160002,스타벅스 야탑 터미널점
e_e006913,1,3,2308160003,캐리비안베이
e_e006913,1,4,2308160004,에버랜드
e_e006913,1,5,2308160005,이마트 죽전점
e_e006913,1,6,2308160006,집
e_e006914,1,1,2308120001,집
e_e006914,1,2,2308120002,국립중앙박물관 극장 용
e_e006914,1,3,2308120003,푸디스트 고메이 플레이스 국립중앙박물관점
e_e006914,1,4,2308120004,국립중앙박물관 어린이 박물관
e_e006914,1,5,2308120005,그루터기
e_e006914,1,6,2308120006,국립 한글 박물관
e_e006914,1,7,2308120007,집
e_e006915,1,1,2308190001,집
e_e006915,1,2,2308190002,스타필드 고양
e_e006915,1,3,2308190003,집
e_e006918,1,1,2308200001,집
e_e006918,1,2,2308200003,영농조합 법 인장촌 마을
e_e006918,1,3,2308200004,아이비 랜드
e_e006918,1,4,2308200005,뚝 플레이스
e_e006918,1,5,2308200006,이함 캠퍼스
e_e006918,1,6,2308200007,긴자
e_e006918,1,7,2308200008,카 포레
e_e006918,1,8,2308200002,집
e_e006919,1,1,2308120001,집
e_e006919,1,2,2308120002,로쏘폴라레
e_e006919,1,3,2308120003,망월천
e_e006919,1,4,2308120004,드로게리아
e_e006919,1,5,2308120005,잠수교 집 미사점
e_e006919,1,6,2308120006,집
e_e006920,1,1,2308190001,집
e_e006920,1,2,2308190003,국립중앙박물관 극장 용
e_e006920,1,3,2308190004,국립중앙박물관
e_e006920,1,4,2308190005,국립중앙박물관 거울 못
e_e006920,1,5,2308190002,집
e_e006921,1,1,2308150001,집
e_e006921,1,2,2308150002,명태인 생
e_e006921,1,3,2308150003,수지생태공원
e_e006921,1,4,2308150006,아르 빈스
e_e006921,1,5,2308150007,이마트 수지점
e_e006921,1,6,2308150005,집
e_e006922,1,1,2308260001,집
e_e006922,1,2,2308260002,서울랜드
e_e006922,1,3,2308260003,집
e_e006924,1,1,2308190001,집
e_e006924,1,2,2308190003,의왕 조류생태과학관
e_e006924,1,3,2308190004,왕송호수
e_e006924,1,4,2308190002,집
e_e006926,1,1,2308110001,집
e_e006926,1,2,2308110002,동구릉
e_e006926,1,3,2308110005,현대 프리미엄 아울렛 스페이스 원
e_e006926,1,4,2308110003,두끼떡볶이 현대 아울렛 다산점
e_e006926,1,5,2308110004,집
e_e006927,1,1,2308120001,집
e_e006927,1,2,2308120002,명륜 진사갈비 평택 세교점
e_e006927,1,3,2308120003,메가 mgc 커피 평택 아너스빌점
e_e006927,1,4,2308120004,스타필드 안성
e_e006927,1,5,2308120005,스트리트 추로스
e_e006927,1,6,2308120006,집
e_e006929,1,1,2308130001,집
e_e006929,1,2,2308130002,놀자 숲
e_e006929,1,3,2308130003,어메이징 파크
e_e006929,1,4,2308130005,임진각 평화 곤돌라
e_e006929,1,5,2308130006,Dmz lounge
e_e006929,1,6,2308130007,콜라 박물관
e_e006929,1,7,2308130008,사파리 체험 테마파크
e_e006929,1,8,2308130009,행주산성 원조 국숫집
e_e006929,1,9,2308130004,집
e_e006930,1,1,2308110001,집
e_e006930,1,2,2308110003,파라다이스 시티 씨메르
e_e006930,1,3,2308110004,바다 앞 테이블
e_e006930,1,4,2308110002,집
e_e006932,1,1,2308260001,집
e_e006932,1,2,2308260002,경성 빵 공장
e_e006932,1,3,2308260004,남한산성 순교성지
e_e006932,1,4,2308260005,731돈가스
e_e006932,1,5,2308260003,집
e_e006933,1,1,2308150001,집
e_e006933,1,2,2308150002,파리공원
e_e006933,1,3,2308150003,법은 정사
e_e006933,1,4,2308150004,아웃백 스테이크하우스 타임스퀘어점
e_e006933,1,5,2308150005,타임스퀘어
e_e006933,1,6,2308150006,집
e_e006934,1,1,2308190001,집
e_e006934,1,2,2308190003,수락산
e_e006934,1,3,2308190004,천문폭포
e_e006934,1,4,2308190005,고산 정원
e_e006934,1,5,2308190002,집
e_e006935,1,1,2308260001,집
e_e006935,1,2,2308260002,청년 다방 봉담 CGV 점
e_e006935,1,3,2308260003,화성시 어린이 문화센터
e_e006935,1,4,2308260004,집
e_e006936,1,1,2308100001,집
e_e006936,1,2,2308100003,중앙전파관리소
e_e006936,1,3,2308100004,핫 브레드 가락시장역점
e_e006936,1,4,2308100002,집
e_e006937,1,1,2308210001,친구 친지 집
e_e006937,1,2,2308210003,군포 식당
e_e006937,1,3,2308210004,M130
e_e006937,1,4,2308210005,왕송호수
e_e006937,1,5,2308210002,인덕원 마을삼성아파트
e_e006939,1,1,2308220001,집
e_e006939,1,2,2308220002,평택역
e_e006939,1,3,2308220003,하와이 킴
e_e006939,1,4,2308220004,뷰 러플
e_e006939,1,5,2308220005,우선제 헤어 루시 목동점
e_e006939,1,6,2308220006,아이파크몰 용산점
e_e006939,1,7,2308220007,모 센트
e_e006939,1,8,2308220008,어항으로
e_e006939,1,9,2308220009,집
e_e006941,1,1,2308120001,집
e_e006941,1,2,2308120002,홍두깨 손칼국수
e_e006941,1,3,2308120003,시흥 프리미엄 아울렛
e_e006941,1,4,2308120004,시흥갯골생태공원
e_e006941,1,5,2308120005,집
e_e006944,1,1,2308190001,집
e_e006944,1,2,2308190002,고향식당
e_e006944,1,3,2308190003,스타벅스 더 양평DT R점
e_e006944,1,4,2308190004,집
e_e006946,1,1,2308200001,집
e_e006946,1,2,2308200002,일동토종순대감자탕
e_e006946,1,3,2308200003,안산식물원
e_e006946,1,4,2308200004,성호 박물관
e_e006946,1,5,2308200005,단원 조각 공원
e_e006946,1,6,2308200006,김홍도 미술관
e_e006946,1,7,2308200007,롯데마트 안산점
e_e006946,1,8,2308200008,안산 산업 역사박물관
e_e006946,1,9,2308200009,화랑공원 생태호수
e_e006946,1,10,2308200010,경기도 미술관
e_e006946,1,11,2308200011,집
e_e006947,1,1,2308150001,집
e_e006947,1,2,2308150003,고양이 역 카페
e_e006947,1,3,2308150004,미진 상회
e_e006947,1,4,2308150002,집
e_e006949,1,1,2308150001,집
e_e006949,1,2,2308150003,룸증에 이
e_e006949,1,3,2308150004,버거킹 혜화역점
e_e006949,1,4,2308150005,우리 게임장
e_e006949,1,5,2308150006,광장시장 전 골목
e_e006949,1,6,2308150007,동대문종합시장
e_e006949,1,7,2308150002,집
e_e006950,1,1,2308190001,집
e_e006950,1,2,2308190002,성남시 박물관
e_e006950,1,3,2308190003,돈가스 진옥
e_e006950,1,4,2308190005,단대오거리역 8호선
e_e006950,1,5,2308190004,집
e_e006951,1,1,2308260001,집
e_e006951,1,2,2308260002,하계역 7호선
e_e006951,1,3,2308260003,부평구청 역 7호선
e_e006951,1,4,2308260004,인천대입구역 인천 1호선
e_e006951,1,5,2308260005,송도컨벤시아
e_e006951,1,6,2308260006,송도 더 숍 퍼스트월드 아파트 동문
e_e006951,1,7,2308260007,잠실역 2호선
e_e006951,1,8,2308260008,올림픽공원
e_e006951,1,9,2308260009,군자역 7호선
e_e006951,1,10,2308260010,세이브존 노원점
e_e006951,1,11,2308260011,집
e_e006952,1,1,2308190001,집
e_e006952,1,2,2308190002,현대모터 스튜디오 고양
e_e006952,1,3,2308190003,이케아 고양점
e_e006952,1,4,2308190004,구도일 특종 주유소
e_e006952,1,5,2308190005,집
e_e006953,1,1,2308120001,집
e_e006953,1,2,2308120006,철도박물관
e_e006953,1,3,2308120003,정통 밥집
e_e006953,1,4,2308120004,경기 의왕 레일파크
e_e006953,1,5,2308120005,왕송호수
e_e006953,1,6,2308120002,집
e_e006954,1,1,2308260001,집
e_e006954,1,2,2308260003,캐리비안베이
e_e006954,1,3,2308260002,집
e_e006955,1,1,2308260001,집
e_e006955,1,2,2308260002,안산 어린이 교통안전체험장
e_e006955,1,3,2308260003,트레이더스 홀세일 클럽 안산점
e_e006955,1,4,2308260004,집
e_e007132,1,1,2308230001,집
e_e007132,1,2,2308230003,이케아 기흥점
e_e007132,1,3,2308230004,볼 베어 파크 기흥점
e_e007132,1,4,2308230002,집
e_e007137,1,1,2308130006,집
e_e007137,1,2,2308130001,YM 프리젠 하우스
e_e007137,1,3,2308130002,아르카 북스 책방
e_e007137,1,4,2308130003,재홍 분식
e_e007137,1,5,2308130004,오월 숲
e_e007137,1,6,2308130005,비봉 주택
e_e007139,1,1,2308150001,집
e_e007139,1,2,2308150002,캘리 클럽 x 태그 액션 더 익스트림 롯데 아울렛 고양터미널
e_e007139,1,3,2308150003,홍성원
e_e007139,1,4,2308150004,포레스트아웃팅스 일산 본점
e_e007139,1,5,2308150005,일산 호수공원
e_e007139,1,6,2308150006,집
e_e007145,1,1,2308100001,집
e_e007145,1,2,2308100006,올림픽공원
e_e007145,1,3,2308100003,투썸플레이스 아차산역점
e_e007145,1,4,2308100004,고니 연습실 아차산점
e_e007145,1,5,2308100005,순금이 떡볶이
e_e007145,1,6,2308100007,둔촌동역 5호선
e_e007145,1,7,2308100002,집
e_e007155,1,1,2308120001,집
e_e007155,1,2,2308120003,캠프통포레스트
e_e007155,1,3,2308120004,청평 우대 갈비
e_e007155,1,4,2308120005,카페 오브
e_e007155,1,5,2308120002,집
e_e007157,1,1,2308140001,집
e_e007157,1,2,2308140003,항아리 바위계곡
e_e007157,1,3,2308140004,남이섬
e_e007157,1,4,2308140005,국수전문
e_e007157,1,5,2308140002,집
e_e007166,1,1,2308200001,집
e_e007166,1,2,2308200002,김덕순
e_e007166,1,3,2308200003,스타벅스 의정부민락 타운 점
e_e007166,1,4,2308200004,의정부 미술 도서관
e_e007166,1,5,2308200005,신세계백화점 의정부점
e_e007166,1,6,2308200006,집
e_e007169,1,1,2308160001,집
e_e007169,1,2,2308160002,예술의전당
e_e007169,1,3,2308160003,파리 크루아상 예술의 전당점
e_e007169,1,4,2308160004,집
e_e007170,1,1,2308120001,집
e_e007170,1,2,2308120003,국립중앙박물관
e_e007170,1,3,2308120004,동대문디자인플라자(DDP) 동대문 역사 문화공원
e_e007170,1,4,2308120005,광장시장
e_e007170,1,5,2308120006,CGV 용산 아이파크몰
e_e007170,1,6,2308120007,국립중앙박물관
e_e007170,1,7,2308120002,집
e_e007171,1,1,2308120001,집
e_e007171,1,2,2308120003,강남 메밀 무이
e_e007171,1,3,2308120004,스타벅스 신사역 성일빌딩점
e_e007171,1,4,2308120005,빽다방 신논현역점
e_e007171,1,5,2308120002,집
e_e007172,1,1,2308140001,집
e_e007172,1,2,2308140002,농협안성팜랜드
e_e007172,1,3,2308140003,본뼈 왕 뼈 감자탕
e_e007172,1,4,2308140004,집
e_e007174,1,1,2308120001,집
e_e007174,1,2,2308120003,부평역 1호선
e_e007174,1,3,2308120004,롯데시네마 부평역사
e_e007174,1,4,2308120005,부평문화의 거리
e_e007174,1,5,2308120006,부평역 1호선
e_e007174,1,6,2308120002,집
e_e007175,1,1,2308140001,친구 친지 집
e_e007175,1,2,2308140003,롯데마트 금천점
e_e007175,1,3,2308140004,본가 만두전골 전문점
e_e007175,1,4,2308140005,물왕 호수
e_e007175,1,5,2308140006,경기 시흥시 물왕 수변로 178
e_e007175,1,6,2308140007,어딜 강
e_e007175,1,7,2308140002,금천 롯데캐슬골드파크 1차 아파트
e_e007177,1,1,2308150001,집
e_e007177,1,2,2308150002,국립과천과학관
e_e007177,1,3,2308150003,미래숲 과천점
e_e007177,1,4,2308150004,서울대공원
e_e007177,1,5,2308150005,집
e_e007192,1,1,2309030001,집
e_e007192,1,2,2309030003,성별에 이유 향동점
e_e007192,1,3,2309030004,꽃향기공원
e_e007192,1,4,2309030005,리빌트
e_e007192,1,5,2309030006,친구 집
e_e007192,1,6,2309030007,효교 향동점
e_e007192,1,7,2309030002,집
e_e007193,1,1,2309070001,집
e_e007193,1,2,2309070003,창창 서울
e_e007193,1,3,2309070004,오페라
e_e007193,1,4,2309070005,VVS 뮤지엄
e_e007193,1,5,2309070006,수가 당
e_e007193,1,6,2309070007,스타벅스 성신여대점
e_e007193,1,7,2309070008,파파 다코야키
e_e007193,1,8,2309070009,성북천 분수광장
e_e007193,1,9,2309070010,돌마 루소공원
e_e007193,1,10,2309070011,안양역
e_e007193,1,11,2309070002,집
e_e007196,1,1,2309020001,집
e_e007196,1,2,2309020003,동대구역
e_e007196,1,3,2309020004,서울역
e_e007196,1,4,2309020005,서울역 공항철도
e_e007196,1,5,2309020006,CU 마포 DMC 점
e_e007196,1,6,2309020007,서를 버스 이용
e_e007196,1,7,2309020008,난지한강공원
e_e007196,1,8,2309020009,서울역
e_e007196,1,9,2309020010,대전역
e_e007196,1,10,2309020011,동대구역
e_e007196,1,11,2309020002,집
e_e007198,1,1,2308150001,집
e_e007198,1,2,2308150002,경복궁역 3호선
e_e007198,1,3,2308150003,경복궁
e_e007198,1,4,2308150004,청와대 정문
e_e007198,1,5,2308150005,광장시장
e_e007198,1,6,2308150006,투썸플레이스 종로 5가역점
e_e007198,1,7,2308150007,청계천
e_e007198,1,8,2308150008,광화문광장
e_e007198,1,9,2308150009,집
e_e007200,1,1,2308110001,집
e_e007200,1,2,2308110002,열두 알우 똥집
e_e007200,1,3,2308110003,슬로 행궁점
e_e007200,1,4,2308110004,화성행궁
e_e007200,1,5,2308110005,수원시립미술관
e_e007200,1,6,2308110006,수원 유람 팔부라 거리
e_e007200,1,7,2308110008,수원 화성 화홍문
e_e007200,1,8,2308110009,용성통닭 본점
e_e007200,1,9,2308110007,행궁동 벽화마을
e_e007200,1,10,2308110010,수원 문화재 야행
e_e007200,1,11,2308110011,집
e_e007202,1,1,2308160001,집
e_e007202,1,2,2308160003,롯데월드 어드벤처
e_e007202,1,3,2308160004,토이저러스 롯데마트 제타 플렉스점
e_e007202,1,4,2308160005,롯데마트 제타 플렉스
e_e007202,1,5,2308160002,집
e_e007203,1,1,2308130001,친구 친지 집
e_e007203,1,2,2308130002,연꽃테마파크
e_e007203,1,3,2308130003,짜장면 아저씨
e_e007203,1,4,2308130004,도일 시장
e_e007203,1,5,2308130005,시흥 오이도 박물관
e_e007203,1,6,2308130006,오이도 빨강등대
e_e007203,1,7,2308130007,시흥갯골생태공원
e_e007203,1,8,2308130008,성은 수산
e_e007203,1,9,2308130009,망포동 527-9 집
e_e007205,1,1,2308190001,집
e_e007205,1,2,2308190002,삼동 소바 판교점
e_e007205,1,3,2308190003,피크닉 앳 더 나무 사이로
e_e007205,1,4,2308190004,현대백화점 판교점
e_e007205,1,5,2308190005,플랫 도어
e_e007205,1,6,2308190006,집
e_e007207,1,1,2308250002,집
e_e007207,1,2,2308250001,엔드밀 성수점
e_e007207,1,3,2308250003,헤이데이
e_e007207,1,4,2308250004,디오르 성수
e_e007207,1,5,2308250005,모어 쥬드
e_e007207,1,6,2308250006,서울 앵무새
e_e007207,1,7,2308250007,오브 뉴
e_e007207,1,8,2308250008,이미 그 성수 쇼룸
e_e007207,1,9,2308250009,술생 술사
e_e007207,1,10,2308250010,집
e_e007213,1,1,2309020001,친구 친지 집
e_e007213,1,2,2309020003,월롱역 경의중앙선
e_e007213,1,3,2309020002,대한불교조계종 봉은사
e_e007213,1,4,2309020004,현대백화점 무역센터점
e_e007213,1,5,2309020005,스타필드 코엑스몰
e_e007213,1,6,2309020006,별마다 도서관
e_e007213,1,7,2309020008,동행
e_e007213,1,8,2309020009,코엑스 오디토리움
e_e007213,1,9,2309020007,백석역 3호선
e_e007214,1,1,2308130001,집
e_e007214,1,2,2308130002,삼패 야구장
e_e007214,1,3,2308130003,한강공원 삼패지구
e_e007214,1,4,2308130004,스타벅스 남양주 삼패점
e_e007214,1,5,2308130006,집
e_e007214,1,6,2308130007,묵리 459
e_e007214,1,7,2308130008,향찰이
e_e007214,1,8,2308130005,집
e_e007216,1,1,2309020001,집
e_e007216,1,2,2309020002,동대구역
e_e007216,1,3,2309020003,서울역 공항철도
e_e007216,1,4,2309020004,디지털미디어시티역 공항철도
e_e007216,1,5,2309020005,난지한강공원
e_e007216,1,6,2309020006,서울역 공항철도
e_e007216,1,7,2309020007,집
e_e007217,1,1,2308150001,집
e_e007217,1,2,2308150002,강화 씨사이드 리조트
e_e007217,1,3,2308150004,케이 131
e_e007217,1,4,2308150003,동막 해 변
e_e007217,1,5,2308150005,행복한 시골밥상
e_e007217,1,6,2308150006,화개 정원
e_e007217,1,7,2308150007,대룡시장
e_e007217,1,8,2308150008,블랙 이슈 카페
e_e007217,1,9,2308150009,집
e_e007218,1,1,2308120001,집
e_e007218,1,2,2308120002,더 현대 서울
e_e007218,1,3,2308120003,더 현대 서울
e_e007218,1,4,2308120005,하이디라오 영등포점
e_e007218,1,5,2308120006,카페드람브르
e_e007218,1,6,2308120008,다이소 화곡역점
e_e007218,1,7,2308120007,집
e_e007219,1,1,2308120001,집
e_e007219,1,2,2308120003,경기도 어린이 박물관
e_e007219,1,3,2308120004,삼대째 손두부
e_e007219,1,4,2308120005,호수 앉기
e_e007219,1,5,2308120002,집
e_e007221,1,1,2308150001,친구 친지 집
e_e007221,1,2,2308150002,광명 스피돔 경륜본장
e_e007221,1,3,2308150003,청년 다방 광명소하점
e_e007221,1,4,2308150004,하늘 연 달
e_e007221,1,5,2308150005,이마트 광명소하점
e_e007221,1,6,2308150006,구로 주공 1차 아파트
e_e007227,1,1,2308120001,집
e_e007227,1,2,2308120002,잠실역 2호선
e_e007227,1,3,2308120003,롯데시네마 월드타워
e_e007227,1,4,2308120004,롯데월드타워
e_e007227,1,5,2308120005,동래별장
e_e007227,1,6,2308120006,동경 야시장 송파구청점
e_e007227,1,7,2308120007,잠실역 2호선
e_e007227,1,8,2308120008,집
e_e007228,1,1,2308110001,집
e_e007228,1,2,2308110002,서핑 라이더
e_e007228,1,3,2308110003,명륜 진사갈비 광주 초월점
e_e007228,1,4,2308110004,스멜츠
e_e007228,1,5,2308110005,집
e_e007231,1,1,2308190001,집
e_e007231,1,2,2308190002,구일역 1호선
e_e007231,1,3,2308190003,고척스카이돔 전면 광장
e_e007231,1,4,2308190004,서울아트 책 보고
e_e007231,1,5,2308190005,서울동물복지 지원센터구로
e_e007231,1,6,2308190006,구로역 1호선
e_e007231,1,7,2308190007,서울특별시 교육청 과학전시관 남부분관
e_e007231,1,8,2308190009,구로구청
e_e007231,1,9,2308190008,집
e_e007236,1,1,2308130001,집
e_e007236,1,2,2308130002,솔 솥 교대역점
e_e007236,1,3,2308130003,머치 커피
e_e007236,1,4,2308130004,까치 어린이공원
e_e007236,1,5,2308130005,문화 예술공원
e_e007236,1,6,2308130006,집
e_e007239,1,1,2308130001,집
e_e007239,1,2,2308130002,황토방 펜션 가든
e_e007239,1,3,2308130004,테라스 478
e_e007239,1,4,2308130003,집
e_e007242,1,1,2308290001,집
e_e007242,1,2,2308290002,스튜디오 더 슈트
e_e007242,1,3,2308290003,선데이 버거 클럽
e_e007242,1,4,2308290004,목동 4단지 둘레길
e_e007242,1,5,2308290005,동탄역 반도유보라 아이비 파크 5.0 아파트
e_e007243,1,1,2308110001,집
e_e007243,1,2,2308110002,한국 공학 대학교
e_e007243,1,3,2308110003,24시 오아시스 찜질방
e_e007243,1,4,2308110004,르 플로
e_e007243,1,5,2308110005,오이도 명물 등 대빵
e_e007243,1,6,2308110006,집
e_e007245,1,1,2308310001,집
e_e007245,1,2,2308310002,옛날 손칼국수
e_e007245,1,3,2308310003,NoSmokeWithoutFire
e_e007245,1,4,2308310004,팔달문시장
e_e007245,1,5,2308310005,다이소 수원 남문점
e_e007245,1,6,2308310006,집
e_e007249,1,1,2308100001,집
e_e007249,1,2,2308100002,마리앤쥬
e_e007249,1,3,2308100003,코스트코 송도점
e_e007249,1,4,2308100004,집 강남점
e_e007250,1,1,2308150001,집
e_e007250,1,2,2308150002,한대앞역 4호선
e_e007250,1,3,2308150003,홍대입구역 공항철도
e_e007250,1,4,2308150004,비트 포비아 홍대 던전 3
e_e007250,1,5,2308150005,츄베릅
e_e007250,1,6,2308150006,경의선 책거리
e_e007250,1,7,2308150007,4233마음센터
e_e007250,1,8,2308150008,무신사 스탠더드 홍대
e_e007250,1,9,2308150009,아이떡 홍대 본점
e_e007250,1,10,2308150010,교보문고 합정점
e_e007250,1,11,2308150011,올리브영 합정 교보점
e_e007250,1,12,2308150012,마르트
e_e007250,1,13,2308150013,망원시장
e_e007250,1,14,2308150014,망원역 6호선
e_e007250,1,15,2308150015,중앙역 4호선
e_e007250,1,16,2308150016,집
e_e007255,1,1,2308120001,집
e_e007255,1,2,2308120003,빛의 시어터
e_e007255,1,3,2308120004,사무엘스몰즈
e_e007255,1,4,2308120005,솔 솥 성수점
e_e007255,1,5,2308120006,텅 성수 스페이스
e_e007255,1,6,2308120007,도어투성수
e_e007255,1,7,2308120008,프로젝트 렌트 올드타운
e_e007255,1,8,2308120009,낫저스트북스
e_e007255,1,9,2308120010,bd 버거 성수
e_e007255,1,10,2308120011,뚝섬한강공원
e_e007255,1,11,2308120002,집
e_e007264,1,1,2308180001,집
e_e007264,1,2,2308180002,종각역 1호선
e_e007264,1,3,2308180003,공평 도시 유적전시관
e_e007264,1,4,2308180004,인사동 문화의 거리
e_e007264,1,5,2308180005,툇마루 집 된장 예술
e_e007264,1,6,2308180006,하이엔드 코리아
e_e007264,1,7,2308180007,국립고궁박물관
e_e007264,1,8,2308180009,힐사이드 테이블
e_e007264,1,9,2308180008,경복궁역 3호선
e_e007264,1,10,2308180010,세종문화회관 대극장
e_e007264,1,11,2308180011,집
e_e007269,1,1,2308150001,집
e_e007269,1,2,2308150003,항아리
e_e007269,1,3,2308150004,이천 실크밸리 GC
e_e007269,1,4,2308150002,집
e_e007270,1,1,2308120001,집
e_e007270,1,2,2308120002,국립현대미술관 과천
e_e007270,1,3,2308120003,진지방 순댓국
e_e007270,1,4,2308120004,집
e_e007272,1,1,2308120001,집
e_e007272,1,2,2308120003,하땅사 극장
e_e007272,1,3,2308120004,카페 하모니
e_e007272,1,4,2308120005,망원시장
e_e007272,1,5,2308120002,집
e_e007276,1,1,2308190001,집
e_e007276,1,2,2308190002,강씨네 농장
e_e007276,1,3,2308190003,광명동굴
e_e007276,1,4,2308190004,이케아 광명점
e_e007276,1,5,2308190005,집
e_e007277,1,1,2308190001,집
e_e007277,1,2,2308190002,형제 수목원
e_e007277,1,3,2308190003,힐라비
e_e007277,1,4,2308190004,집
e_e007289,1,1,2308150001,집
e_e007289,1,2,2308150002,피자 플리즈
e_e007289,1,3,2308150003,방아머리 해변
e_e007289,1,4,2308150004,탄도항
e_e007289,1,5,2308150005,집
e_e007294,1,1,2308260001,집
e_e007294,1,2,2308260002,킨텍스 중앙공원
e_e007294,1,3,2308260003,킨텍스 제1전시장
e_e007294,1,4,2308260004,집
e_e007296,1,1,2308150001,집
e_e007296,1,2,2308150003,어반 스커트 롯데월드몰점
e_e007296,1,3,2308150004,잠실 롯데시네마 랜덤 스퀘어
e_e007296,1,4,2308150005,롯데월드타워 롯데월드몰
e_e007296,1,5,2308150006,마운틴 누크
e_e007296,1,6,2308150007,석촌호수 산책길
e_e007296,1,7,2308150002,집
e_e007301,1,1,2308250001,집
e_e007301,1,2,2308250003,금강산 매운 갈비찜
e_e007301,1,3,2308250004,백운계곡
e_e007301,1,4,2308250005,청운 쉼터
e_e007301,1,5,2308250006,양주 휴게소 일산방향
e_e007301,1,6,2308250002,집
e_e007304,1,1,2308130001,집
e_e007304,1,2,2308130002,뉴스프링 프로젝트
e_e007304,1,3,2308130003,마일스톤 커피 한남
e_e007304,1,4,2308130004,올드 페리 도넛
e_e007304,1,5,2308130005,부자 피자 1호점
e_e007304,1,6,2308130006,마리 떼 프랑수아 저번 한남점
e_e007304,1,7,2308130007,집
e_e007306,1,1,2308200001,친구 친지 집
e_e007306,1,2,2308200002,브런치빈 경기 광주점
e_e007306,1,3,2308200003,캐리비안베이
e_e007306,1,4,2308200004,아베크 데 프리츠 수지신봉점
e_e007306,1,5,2308200005,친구 집
e_e007308,1,1,2308190001,집
e_e007308,1,2,2308190003,다울 아파트
e_e007308,1,3,2308190004,현대 프리미엄 아울렛 송도점
e_e007308,1,4,2308190005,트리플 스트리트
e_e007308,1,5,2308190006,소래포구 해오름공원
e_e007308,1,6,2308190007,통 큰 해물칼국수
e_e007308,1,7,2308190002,집
e_e007310,1,1,2308150001,집
e_e007310,1,2,2308150002,서대문형무소 역사관
e_e007310,1,3,2308150003,집
e_e007311,1,1,2308260001,집
e_e007311,1,2,2308260003,운길산역 경의중앙선
e_e007311,1,3,2308260004,양수리 전통시장
e_e007311,1,4,2308260005,양서농협 두물머리 로컬푸드 직매장
e_e007311,1,5,2308260006,세미원
e_e007311,1,6,2308260007,두물머리 연 핫도그
e_e007311,1,7,2308260002,집
e_e007312,1,1,2308120001,집
e_e007312,1,2,2308120003,한살림 향남 매장
e_e007312,1,3,2308120004,맥도날드 화성향남DT점
e_e007312,1,4,2308120005,현대모터 스튜디오 고양
e_e007312,1,5,2308120002,집
e_e007315,1,1,2308140001,집
e_e007315,1,2,2308140002,테르메덴
e_e007315,1,3,2308140003,시몬스 테라스점
e_e007315,1,4,2308140004,풍년골
e_e007315,1,5,2308140005,경기 화성시 동탄 반송 길 15-1
e_e007316,1,1,2308190001,집
e_e007316,1,2,2308190002,장터 밥상
e_e007316,1,3,2308190003,코엑스 아쿠아리움
e_e007316,1,4,2308190004,할리스 코엑스점
e_e007316,1,5,2308190005,코엑스
e_e007316,1,6,2308190006,일상 정원 코엑스점
e_e007316,1,7,2308190007,빨라쪼델프레도 코엑스몰점
e_e007316,1,8,2308190008,집
e_e007328,1,1,2308140001,집
e_e007328,1,2,2308140003,캐리비안베이
e_e007328,1,3,2308140004,에버랜드
e_e007328,1,4,2308140002,집
e_e007330,1,1,2308190001,집
e_e007330,1,2,2308190003,아쿠아 플라넷 일산
e_e007330,1,3,2308190004,오므 토마토
e_e007330,1,4,2308190005,고양어린이 박물관
e_e007330,1,5,2308190006,이촌동 면옥 성사 직영점
e_e007330,1,6,2308190002,집
e_e007332,1,1,2308160001,집
e_e007332,1,2,2308160002,창덕궁
e_e007332,1,3,2308160003,조계사
e_e007332,1,4,2308160004,아베베 베이커리 서울점
e_e007332,1,5,2308160005,동대문디자인플라자
e_e007332,1,6,2308160006,두타몰
e_e007332,1,7,2308160007,집
e_e007333,1,1,2308130001,집
e_e007333,1,2,2308130003,여의도 한강공원 및 크루저
e_e007333,1,3,2308130004,영등포 타임스퀘어
e_e007333,1,4,2308130002,집
e_e007334,1,1,2308130001,집
e_e007334,1,2,2308130002,롯데 프리미엄 아울렛 타임 빌라스
e_e007334,1,3,2308130003,집
e_e007338,1,1,2308160001,집
e_e007338,1,2,2308160002,NHN
e_e007338,1,3,2308160003,고기리계곡
e_e007338,1,4,2308160004,테라스 478
e_e007338,1,5,2308160005,장수촌
e_e007338,1,6,2308160006,집
e_e007339,1,1,2308140001,집
e_e007339,1,2,2308140003,아쿠아 필드 안성
e_e007339,1,3,2308140004,집
e_e007341,1,1,2308230001,집
e_e007341,1,2,2308230002,동구 공영주차빌딩
e_e007341,1,3,2308230003,부산역
e_e007341,1,4,2308230004,서울역
e_e007341,1,5,2308230005,롯데월드타워
e_e007341,1,6,2308230006,런던 베이글 뮤지엄 잠실점
e_e007341,1,7,2308230007,서울역
e_e007341,1,8,2308230008,동구 공영주차빌딩
e_e007341,1,9,2308230009,집
e_e007342,1,1,2308270001,집
e_e007342,1,2,2308270003,마장호수
e_e007342,1,3,2308270004,오야스미 파주점
e_e007342,1,4,2308270005,헤이리 예술마을
e_e007342,1,5,2308270006,앤드엣 터프팅공방
e_e007342,1,6,2308270007,엘비스 분식
e_e007342,1,7,2308270008,말똥 도넛 파주점
e_e007342,1,8,2308270002,친구 집
e_e007354,1,1,2308130001,집
e_e007354,1,2,2308130002,백운호수
e_e007354,1,3,2308130003,롯데 프리미엄 아울렛 타임 빌라스
e_e007354,1,4,2308130004,동편마을카페거리
e_e007357,1,1,2308130001,집
e_e007357,1,2,2308130002,국립과천과학관
e_e007357,1,3,2308130003,농부네 수제 갈비
e_e007357,1,4,2308130004,집
e_e007362,1,1,2308150001,집
e_e007362,1,2,2308150002,모쿠슈라 프렌치카페
e_e007362,1,3,2308150003,온 셈 파주점
e_e007362,1,4,2308150004,현대모터 스튜디오 고양
e_e007362,1,5,2308150005,집
e_e007363,1,1,2308230001,친구 친지 집
e_e007363,1,2,2308230003,캐리비안베이
e_e007363,1,3,2308230004,나이쏘이
e_e007363,1,4,2308230005,베이커 시스트 브라운
e_e007363,1,5,2308230002,마전풍림아이원1차아파트
e_e007379,1,1,2308300001,집
e_e007379,1,2,2308300004,카페 월트
e_e007379,1,3,2308300005,국립 세계문자 박물관
e_e007379,1,4,2308300006,G 타워 전망대
e_e007379,1,5,2308300003,할리스 인천 한옥마을 점
e_e007379,1,6,2308300002,집
e_e007385,1,1,2308150001,사무실
e_e007385,1,2,2308150002,부천 독립영화 전용관 판타스틱 큐브
e_e007385,1,3,2308150003,부천중앙공원
e_e007385,1,4,2308150004,베이커리 호프
e_e007385,1,5,2308150005,벧엘 양말
e_e007388,1,1,2308160001,집
e_e007388,1,2,2308160002,캐리비안베이
e_e007388,1,3,2308160003,에버랜드
e_e007388,1,4,2308160004,집
e_e007391,1,1,2308170001,집
e_e007391,1,2,2308170003,서울시립미술관 서소문 본관
e_e007391,1,3,2308170004,도스타코스 시청 배달점
e_e007391,1,4,2308170005,덕수궁
e_e007391,1,5,2308170006,KBS 아레나
e_e007391,1,6,2308170002,주공뜨란채 아파트
e_e007394,1,1,2308200001,집
e_e007394,1,2,2308200003,남산공원 N서울타워
e_e007394,1,3,2308200004,남산 산채 집
e_e007394,1,4,2308200005,장충체육관
e_e007394,1,5,2308200006,태극당
e_e007394,1,6,2308200002,집
e_e007399,1,1,2308160001,집
e_e007399,1,2,2308160002,북악산도시자연공원 창의문 1층 개방화장실
e_e007399,1,3,2308160003,체부동 잔칫집
e_e007399,1,4,2308160005,CGV 피카디리 1958
e_e007399,1,5,2308160006,돌아온 의정부 부대찌개
e_e007399,1,6,2308160004,나그네 하우스
e_e007399,1,7,2308160007,비틀스
e_e007399,1,8,2308160009,부모님 집
e_e007399,1,9,2308160008,집
e_e007402,1,1,2308250001,집
e_e007402,1,2,2308250002,원적산
e_e007402,1,3,2308250003,블루샥 부평 산곡점
e_e007402,1,4,2308250004,집
e_e007403,1,1,2308200001,집
e_e007403,1,2,2308200002,미면 소 동대문점
e_e007403,1,3,2308200003,메일 룸
e_e007403,1,4,2308200004,긱스나 PC
e_e007403,1,5,2308200005,집
e_e007409,1,1,2308210001,집
e_e007409,1,2,2308210003,잠실역 지하 버스 환승센터
e_e007409,1,3,2308210004,다산 금강펜테리움 리버테라스 2차 아파트
e_e007409,1,4,2308210007,정약용 도서관
e_e007409,1,5,2308210005,묘적사계곡
e_e007409,1,6,2308210006,오봉 집 다산 법원점
e_e007409,1,7,2308210008,컴포즈커피 남양주 다산 법조타운 점
e_e007409,1,8,2308210002,집
e_e007411,1,1,2308280001,친구 친지 집
e_e007411,1,2,2308280003,서울고속버스터미널(경부)
e_e007411,1,3,2308280006,홍대입구역 2호선
e_e007411,1,4,2308280008,AK플라자 홍대
e_e007411,1,5,2308280004,오마이 메이드 카페
e_e007411,1,6,2308280005,신논현역 9호선
e_e007411,1,7,2308280007,마네킹 네코 강남점
e_e007411,1,8,2308280009,포털
e_e007411,1,9,2308280010,서울고속버스터미널(경부)
e_e007411,1,10,2308280002,용연마을 3단지 아파트
e_e007421,1,1,2308190001,집
e_e007421,1,2,2308190002,수원역
e_e007421,1,3,2308190005,메가박스 수원 AK플라자점
e_e007421,1,4,2308190006,수원 화성 팔달문
e_e007421,1,5,2308190007,행리단길
e_e007421,1,6,2308190008,온도
e_e007421,1,7,2308190009,친구 집
e_e007421,1,8,2308190010,스타벅스 광교 SK 뷰 레이크 41F 점
e_e007421,1,9,2308190004,집
e_e007423,1,1,2308150001,집
e_e007423,1,2,2308150002,니커보커 베이글
e_e007423,1,3,2308150003,석촌호수 서호
e_e007423,1,4,2308150004,롯데월드타워 롯데월드몰
e_e007423,1,5,2308150005,집
e_e007425,1,1,2308200001,집
e_e007425,1,2,2308200003,한 가 정통 어죽
e_e007425,1,3,2308200004,고모저수지
e_e007425,1,4,2308200005,투썸플레이스 고모 호수점
e_e007425,1,5,2308200002,집
e_e007430,1,1,2308190001,집
e_e007430,1,2,2308190002,뷰클런즈
e_e007430,1,3,2308190003,이오로 비스트로 송파점
e_e007430,1,4,2308190004,카페 코너 574
e_e007430,1,5,2308190005,어둠 속의 대화
e_e007430,1,6,2308190006,원조 부대고기
e_e007430,1,7,2308190007,집
e_e007431,1,1,2308200001,집
e_e007431,1,2,2308200003,이디야커피 울산역점
e_e007431,1,3,2308200004,에그박스 영등포역점
e_e007431,1,4,2308200005,서울아트 책 보고
e_e007431,1,5,2308200006,고척스카이돔
e_e007431,1,6,2308200007,마구간 생고기 영등포점
e_e007431,1,7,2308200008,크리스피 크림 도넛 영등포점
e_e007431,1,8,2308200009,서울역
e_e007431,1,9,2308200002,집
e_e007437,1,1,2308190001,집
e_e007437,1,2,2308190002,노들섬 다목적홀 숲
e_e007437,1,3,2308190003,마르틴 베이커리 아이파크몰점
e_e007437,1,4,2308190004,아이파크몰 용산점
e_e007437,1,5,2308190005,이촌한강공원
e_e007437,1,6,2308190006,집
e_e007441,1,1,2308150001,집
e_e007441,1,2,2308150002,갈월에이트리움-고려오피스텔
e_e007441,1,3,2308150003,용성통닭 본점
e_e007441,1,4,2308150004,오복 떡집
e_e007441,1,5,2308150005,반 고흐
e_e007441,1,6,2308150006,화성행궁
e_e007441,1,7,2308150007,남문 매운 어묵
e_e007441,1,8,2308150008,갈월에이트리움-고려오피스텔
e_e007441,1,9,2308150009,집
e_e007450,1,1,2308190001,집
e_e007450,1,2,2308190002,죽전역 수인 분당선
e_e007450,1,3,2308190003,복정역 8호선
e_e007450,1,4,2308190004,석촌역 8호선
e_e007450,1,5,2308190005,토나 리우 등
e_e007450,1,6,2308190006,석촌호수 동호
e_e007450,1,7,2308190007,다이소 롯데마트 월드타워 점
e_e007450,1,8,2308190008,더나인 몰_로티 팝
e_e007450,1,9,2308190009,KSPO 돔
e_e007450,1,10,2308190010,집
e_e007452,1,1,2308200001,집
e_e007452,1,2,2308200004,석촌호수 동호
e_e007452,1,3,2308200005,송리단길
e_e007452,1,4,2308200003,롯데월드타워 롯데월드몰
e_e007452,1,5,2308200002,엘파크
e_e007453,1,1,2308190001,집
e_e007453,1,2,2308190002,건국대학교병원
e_e007453,1,3,2308190003,해밥 대학로점
e_e007453,1,4,2308190004,송은
e_e007453,1,5,2308190005,수풀 떠들썩 파랑 나비
e_e007453,1,6,2308190006,밀도넛
e_e007453,1,7,2308190007,솔트 24
e_e007453,1,8,2308190008,러키 팩토리
e_e007453,1,9,2308190009,집
e_e007460,1,1,2309090001,집
e_e007460,1,2,2309090002,앞마당
e_e007460,1,3,2309090003,서울랜드
e_e007460,1,4,2309090004,집
e_e007472,1,1,2309030001,집
e_e007472,1,2,2309030003,롯데콘서트홀
e_e007472,1,3,2309030004,롯데월드타워
e_e007472,1,4,2309030005,공간 와디즈
e_e007472,1,5,2309030006,이응
e_e007472,1,6,2309030007,광야 서울
e_e007472,1,7,2309030008,집
e_e007474,1,1,2308150001,집
e_e007474,1,2,2308150002,캐리비안베이
e_e007474,1,3,2308150004,화기애애 강남점
e_e007474,1,4,2308150003,집
e_e007476,1,1,2308220001,집
e_e007476,1,2,2308220002,카페 11 파크뷰
e_e007476,1,3,2308220004,장자호수 공원
e_e007476,1,4,2308220003,집
e_e007480,1,1,2308190001,집
e_e007480,1,2,2308190003,인덕원역 4호선
e_e007480,1,3,2308190004,서울대공원
e_e007480,1,4,2308190002,집
e_e007482,1,1,2308200001,집
e_e007482,1,2,2308200003,부천 자연 생태공원
e_e007482,1,3,2308200004,부천 자연 생태공원 자연 생태 박물관
e_e007482,1,4,2308200005,샤오환슝마라탕
e_e007482,1,5,2308200006,카페 동네 부천역점
e_e007482,1,6,2308200007,올리브영 부천북부점
e_e007482,1,7,2308200008,부천 상상거리
e_e007482,1,8,2308200002,집
e_e007484,1,1,2308270001,집
e_e007484,1,2,2308270002,스타벅스 청계산입구역
e_e007484,1,3,2308270003,청계산
e_e007484,1,4,2308270004,부안에서
e_e007484,1,5,2308270006,벙크 오프
e_e007484,1,6,2308270005,집
e_e007488,1,1,2308280001,집
e_e007488,1,2,2308280003,캐비닛 베이글
e_e007488,1,3,2308280004,화성행궁
e_e007488,1,4,2308280005,수원 화성 팔달문
e_e007488,1,5,2308280006,수원 화성 남수문
e_e007488,1,6,2308280007,수원 화성 박물관
e_e007488,1,7,2308280008,창룡문
e_e007488,1,8,2308280009,수원 화성 화홍문
e_e007488,1,9,2308280010,방화수류정
e_e007488,1,10,2308280011,장안문
e_e007488,1,11,2308280012,수원 전통문화관 전통식생활 체험관
e_e007488,1,12,2308280013,수원 화성 서장대
e_e007488,1,13,2308280014,수원 화성 화홍문 안내소
e_e007488,1,14,2308280015,버터 맨션
e_e007488,1,15,2308280016,행리단길
e_e007488,1,16,2308280017,그래비 테이트
e_e007488,1,17,2308280018,무니 버스
e_e007488,1,18,2308280002,집
e_e007491,1,1,2308150001,집
e_e007491,1,2,2308150002,금대산
e_e007491,1,3,2308150004,양평군 식고 고길 56번 길
e_e007491,1,4,2308150003,솥 솥(양평점)
e_e007491,1,5,2308150005,사나사
e_e007491,1,6,2308150006,집
e_e007497,1,1,2308150001,친구 친지 집
e_e007497,1,2,2308150003,화개산 손칼국수
e_e007497,1,3,2308150004,대룡시장
e_e007497,1,4,2308150005,화개 정원
e_e007497,1,5,2308150006,교동망향대
e_e007497,1,6,2308150007,대룡시장
e_e007497,1,7,2308150008,조양 방직
e_e007497,1,8,2308150009,모 미락 구래점
e_e007497,1,9,2308150002,여자친구 집 근처
e_e007504,1,1,2308200001,집
e_e007504,1,2,2308200002,애슐리 퀸즈 잠실 롯데캐슬점
e_e007504,1,3,2308200003,뮤지엄 29
e_e007504,1,4,2308200004,석촌호수 동호
e_e007504,1,5,2308200005,스타벅스 석촌호수점
e_e007504,1,6,2308200006,롯데월드타워 롯데월드몰
e_e007504,1,7,2308200007,짱꼬집
e_e007504,1,8,2308200008,반포 한강공원 달빛광장
e_e007504,1,9,2308200009,집
e_e007509,1,1,2309020001,집
e_e007509,1,2,2309020002,에버랜드
e_e007509,1,3,2309020003,집
e_e007512,1,1,2308150001,집
e_e007512,1,2,2308150003,캐리비안베이
e_e007512,1,3,2308150004,광교호수공원
e_e007512,1,4,2308150002,집
e_e007514,1,1,2308200001,집
e_e007514,1,2,2308200003,한중문화관
e_e007514,1,3,2308200004,인천 생활문화센터 칠 통 마당
e_e007514,1,4,2308200005,인천 차이나타운
e_e007514,1,5,2308200006,산동 주방
e_e007514,1,6,2308200007,송월동 동화마을
e_e007514,1,7,2308200008,카페꼼마&얀쿠브레 송도점
e_e007514,1,8,2308200009,현대 프리미엄 아울렛 송도점
e_e007514,1,9,2308200010,송도센트럴파크
e_e007514,1,10,2308200002,집
e_e007515,1,1,2308260001,집
e_e007515,1,2,2308260003,두끼떡볶이 현대 시티 아울렛 동대문점
e_e007515,1,3,2308260004,동대문디자인플라자
e_e007515,1,4,2308260005,달밤엔 시어터
e_e007515,1,5,2308260006,마로니에공원
e_e007515,1,6,2308260007,오름
e_e007515,1,7,2308260002,집
e_e007518,1,1,2308260001,집
e_e007518,1,2,2308260002,이태원 농담
e_e007518,1,3,2308260003,블루스퀘어
e_e007518,1,4,2308260004,칸다 쇼바 홍대점
e_e007518,1,5,2308260006,스타벅스 홍대 삼거리점
e_e007518,1,6,2308260007,비트 포비아 던전
e_e007518,1,7,2308260008,서울역
e_e007518,1,8,2308260005,집
e_e007520,1,1,2308150001,집
e_e007520,1,2,2308150002,풀 바셋 한남 커피 스테이션 로스트 웍스
e_e007520,1,3,2308150003,소설 한 남
e_e007520,1,4,2308150004,파티장 베이커스 한남동점
e_e007520,1,5,2308150005,한전아트센터
e_e007520,1,6,2308150006,폴 바셋 강남 연 삼성화재점
e_e007520,1,7,2308150007,집
e_e007527,1,1,2308190001,집
e_e007527,1,2,2308190002,수원향교
e_e007527,1,3,2308190003,팔달공원
e_e007527,1,4,2308190004,화성행궁
e_e007527,1,5,2308190005,집
e_e007533,1,1,2309010001,집
e_e007533,1,2,2309010002,국립수목원
e_e007533,1,3,2309010003,수한 막국수
e_e007533,1,4,2309010004,휴먼시아 3단지 아파트
e_e007533,1,5,2309010005,집
e_e007534,1,1,2308150001,집
e_e007534,1,2,2308150002,익산역
e_e007534,1,3,2308150003,더 현대 서울
e_e007534,1,4,2308150004,카멜 커피 더 현대 서울점
e_e007534,1,5,2308150005,호우 섬 더 현대 서울점
e_e007534,1,6,2308150006,블루 보틀 여의도 카페
e_e007534,1,7,2308150007,국립중앙박물관
e_e007534,1,8,2308150008,서울시립미술관 서소문 본관
e_e007534,1,9,2308150009,덕수궁 돌담길
e_e007534,1,10,2308150010,용산역
e_e007534,1,11,2308150011,집
e_e007538,1,1,2308180001,집
e_e007538,1,2,2308180002,충주공용버스터미널
e_e007538,1,3,2308180003,센트럴시티터미널(호남)
e_e007538,1,4,2308180004,중앙대학교 서울캠퍼스
e_e007538,1,5,2308180005,중앙대학교 서울캠퍼스
e_e007538,1,6,2308180011,중앙대학교 서울캠퍼스
e_e007538,1,7,2308180006,메가 MGC 커피 중대 후문점
e_e007538,1,8,2308180007,신세계백화점 강남점
e_e007538,1,9,2308180008,센트럴시티터미널(호남)
e_e007538,1,10,2308180009,충주공용버스터미널
e_e007538,1,11,2308180010,집
e_e007540,1,1,2308190002,집
e_e007540,1,2,2308190001,인천국제공항
e_e007540,1,3,2308190003,카페 드 셀린
e_e007540,1,4,2308190005,영종하늘 도서관
e_e007540,1,5,2308190006,인천 파라다이스 시티 플라자
e_e007540,1,6,2308190004,집
e_e007546,1,1,2308190001,집
e_e007546,1,2,2308190002,고양어린이 박물관
e_e007546,1,3,2308190003,마니산 산채 일산점
e_e007546,1,4,2308190004,집
e_e007548,1,1,2308160001,집
e_e007548,1,2,2308160002,두물머리
e_e007548,1,3,2308160003,동운 식당
e_e007548,1,4,2308160004,더 그림
e_e007548,1,5,2308160006,설성 푸드 스마트팩토리
e_e007548,1,6,2308160005,집
e_e007552,1,1,2308250001,집
e_e007552,1,2,2308250002,벚굴 도토리 막국수
e_e007552,1,3,2308250003,산정호수
e_e007552,1,4,2308250004,산정호수 100년 단팥빵
e_e007552,1,5,2308250005,사르르 목장
e_e007552,1,6,2308250006,집
e_e007553,1,1,2308270001,집
e_e007553,1,2,2308270002,경기도 국민안전체험관
e_e007553,1,3,2308270003,드라마 세트장 웰컴센터
e_e007553,1,4,2308270004,오산 미니어처 빌리지
e_e007553,1,5,2308270005,갈비 명가 두툼한 숯불갈비
e_e007553,1,6,2308270006,집
e_e007557,1,1,2308270001,집
e_e007557,1,2,2308270006,더 벤티 명일역점
e_e007557,1,3,2308270002,토이 킹덤 스타필드 하남점
e_e007557,1,4,2308270003,카페 드 아쿠아 하남점
e_e007557,1,5,2308270004,신세계백화점 스타필드 하남점
e_e007557,1,6,2308270005,집
e_e007562,1,1,2308260001,집
e_e007562,1,2,2308260005,월미공원
e_e007562,1,3,2308260003,롯데리아 인천 월미 마이랜드점
e_e007562,1,4,2308260004,월미테마파크
e_e007562,1,5,2308260012,월미도 갈매기 홀
e_e007562,1,6,2308260006,월미문화로
e_e007562,1,7,2308260007,인천 원조 바이킹
e_e007562,1,8,2308260010,마이랜드
e_e007562,1,9,2308260008,속초 횟집
e_e007562,1,10,2308260009,미투
e_e007562,1,11,2308260011,월미문화로
e_e007562,1,12,2308260013,월미테마파크
e_e007562,1,13,2308260014,월미공원
e_e007562,1,14,2308260002,집
e_e007567,1,1,2308170001,집
e_e007567,1,2,2308170002,이재효 갤러리
e_e007567,1,3,2308170003,카페 문리
e_e007567,1,4,2308170004,두물머리
e_e007567,1,5,2308170005,집
e_e007572,1,1,2309080001,집
e_e007572,1,2,2309080002,신호등 장작구이 서오릉 본점
e_e007572,1,3,2309080003,서오릉 제빵소
e_e007572,1,4,2309080004,서오릉
e_e007572,1,5,2309080005,집
e_e007573,1,1,2308200001,집
e_e007573,1,2,2308200003,더 현대 서울
e_e007573,1,3,2308200004,여의도 한강공원
e_e007573,1,4,2308200002,집
e_e007574,1,1,2308230001,집
e_e007574,1,2,2308230002,스타필드 하남
e_e007574,1,3,2308230003,일인 향 스타필드 하남점
e_e007574,1,4,2308230004,앤드 테라스 스타필드 하남점
e_e007574,1,5,2308230005,만둣집 미사점
e_e007574,1,6,2308230006,88당 베이커리
e_e007574,1,7,2308230007,힐스테이트 클래에 안 아파트
e_e007575,1,1,2309090001,집
e_e007575,1,2,2309090002,연인산 제1주차장
e_e007575,1,3,2309090003,명지산
e_e007575,1,4,2309090004,두물머리
e_e007575,1,5,2309090005,가평역 경춘선
e_e007575,1,6,2309090006,집
e_e007581,1,1,2308260001,집
e_e007581,1,2,2308260003,연밭
e_e007581,1,3,2308260004,세미원
e_e007581,1,4,2308260005,늘 솜 두물머리 핫도그
e_e007581,1,5,2308260006,두물머리
e_e007581,1,6,2308260002,집
e_e007583,1,1,2308240001,집
e_e007583,1,2,2308240003,서정리역 1호선
e_e007583,1,3,2308240004,용산역 1호선
e_e007583,1,4,2308240005,브래디 포스트
e_e007583,1,5,2308240006,아이파크몰 용산점
e_e007583,1,6,2308240007,열정도 고깃집
e_e007583,1,7,2308240008,역전 할머니 맥주 서울 신용산점
e_e007583,1,8,2308240009,용산역 1호선
e_e007583,1,9,2308240010,서정리역 1호선
e_e007583,1,10,2308240002,집
e_e007584,1,1,2308160001,집
e_e007584,1,2,2308160003,의정부 제일시장
e_e007584,1,3,2308160004,의정부 음악 도서관
e_e007584,1,4,2308160005,장암 발곡 근린공원 중랑천
e_e007584,1,5,2308160002,집
e_e007585,1,1,2308150001,집
e_e007585,1,2,2308150002,신세계 프리미엄 아울렛 여주
e_e007585,1,3,2308150004,스타벅스 여주 남한강 DT점
e_e007585,1,4,2308150003,집
e_e007586,1,1,2308270001,집
e_e007586,1,2,2308270003,어린이대공원 팔각당
e_e007586,1,3,2308270004,천리향
e_e007586,1,4,2308270005,광나루안전체험관
e_e007586,1,5,2308270006,서울어린이대공원 서울 상상나라
e_e007586,1,6,2308270002,집
e_e007587,1,1,2308310001,집
e_e007587,1,2,2308310002,다이소 수원 남문점
e_e007587,1,3,2308310003,수원시립미술관
e_e007587,1,4,2308310004,코코 이마
e_e007587,1,5,2308310005,헤올커피로스터즈
e_e007587,1,6,2308310006,기글드제니
e_e007587,1,7,2308310007,집
e_e007588,1,1,2308190001,집
e_e007588,1,2,2308190002,알라딘 중고서점 수원점
e_e007588,1,3,2308190003,틈새라면 수원역점
e_e007588,1,4,2308190004,이디야커피 수원 화성 갈비 점
e_e007588,1,5,2308190005,다이소 수원 남문점
e_e007588,1,6,2308190006,백 청우 칼국수 본점 인계동
e_e007588,1,7,2308190007,집
e_e007590,1,1,2308260001,집
e_e007590,1,2,2308260002,곰이네 고래빵
e_e007590,1,3,2308260003,초롱공원
e_e007590,1,4,2308260004,본죽 안양 동편마을 점
e_e007590,1,5,2308260005,관양동 선사유적 주거지
e_e007590,1,6,2308260006,동편 수변공원 앞 버스정류장
e_e007590,1,7,2308260007,점선면
e_e007590,1,8,2308260008,해오름공원
e_e007590,1,9,2308260009,집
e_e007591,1,1,2308190001,집
e_e007591,1,2,2308190002,장흥 폭포수 식당
e_e007591,1,3,2308190003,두리랜드
e_e007591,1,4,2308190004,삼상교
e_e007591,1,5,2308190005,집
e_e007593,1,1,2308180001,집
e_e007593,1,2,2308180003,더 현대 서울
e_e007593,1,3,2308180004,IFC 몰
e_e007593,1,4,2308180006,선유도공원
e_e007593,1,5,2308180005,고양이가 밟은 쿠키
e_e007593,1,6,2308180002,케이플러스 빌딩
e_e007597,1,1,2308270001,집
e_e007597,1,2,2308270004,리틀 노작
e_e007597,1,3,2308270003,화성 융릉과 건릉
e_e007597,1,4,2308270002,집
e_e007598,1,1,2308190001,집
e_e007598,1,2,2308190002,CGV 상봉
e_e007598,1,3,2308190003,쿠우쿠우 골드 상봉점
e_e007598,1,4,2308190004,중랑 아트센터
e_e007598,1,5,2308190005,카페 소고 망우점
e_e007598,1,6,2308190006,엔터식스 상봉점
e_e007598,1,7,2308190007,집
e_e007603,1,1,2308210001,집
e_e007603,1,2,2308210002,주안역 1호선
e_e007603,1,3,2308210003,맥도날드 부평역점
e_e007603,1,4,2308210004,부평공원
e_e007603,1,5,2308210005,캠프마켓
e_e007603,1,6,2308210006,녹색병원
e_e007603,1,7,2308210007,전태일 다리(버들다리)
e_e007603,1,8,2308210008,아름다운 청년 전태일기념관
e_e007603,1,9,2308210009,박가네 빈대떡
e_e007603,1,10,2308210010,집
e_e007606,1,1,2308220001,집
e_e007606,1,2,2308220002,행주산성
e_e007606,1,3,2308220003,수역이 농장
e_e007606,1,4,2308220004,이케아 고양점
e_e007606,1,5,2308220005,우화
e_e007606,1,6,2308220006,집
e_e007607,1,1,2308200001,집
e_e007607,1,2,2308200002,동대구역
e_e007607,1,3,2308200003,수서역
e_e007607,1,4,2308200004,하이디라오 강남점
e_e007607,1,5,2308200005,무신사 스탠더드 강남
e_e007607,1,6,2308200006,Apple 강남
e_e007607,1,7,2308200007,다이소 신논현역점
e_e007607,1,8,2308200008,스타벅스 신논현역점
e_e007607,1,9,2308200009,올림픽공원
e_e007607,1,10,2308200010,KSPO 돔
e_e007607,1,11,2308200012,수서역
e_e007607,1,12,2308200011,롯데리아 수서역사점
e_e007607,1,13,2308200013,동대구역
e_e007607,1,14,2308200014,집
e_e007608,1,1,2309050001,집
e_e007608,1,2,2309050002,인천내항제8부두 주차장
e_e007608,1,3,2309050003,인천 차이나타운
e_e007608,1,4,2309050005,연경 차이나타운 본점
e_e007608,1,5,2309050006,송월동 동화마을
e_e007608,1,6,2309050007,삼국지 벽화거리
e_e007608,1,7,2309050008,더 선셋 카페
e_e007608,1,8,2309050009,동인천 공영주차장
e_e007608,1,9,2309050010,잉글랜드 왕돈가스
e_e007608,1,10,2309050004,집
e_e007610,1,1,2308260001,친구 친지 집
e_e007610,1,2,2308260002,고영 주택
e_e007610,1,3,2308260003,레스토랑 오르르
e_e007610,1,4,2308260004,고영 주택
e_e007610,1,5,2308260005,시흥 프리미엄 아울렛
e_e007610,1,6,2308260006,당진 원당 한라비발디아파트
e_e007615,1,1,2308260001,집
e_e007615,1,2,2308260002,아라 마루 전망대
e_e007615,1,3,2308260003,카페 소풍
e_e007615,1,4,2308260004,집
e_e007621,1,1,2308190001,사무실
e_e007621,1,2,2308190002,평택호 관광단지
e_e007621,1,3,2308190003,한국소리 터 지영희 홀
e_e007621,1,4,2308190004,평택남부문예회관 대공연장
e_e007621,1,5,2308190005,농장
e_e007625,1,1,2308260001,집
e_e007625,1,2,2308260002,집
e_e007625,1,3,2308260003,부산 태종대 횟집
e_e007625,1,4,2308260004,포토 이즘 박스 인천 월미도점
e_e007625,1,5,2308260005,카페 다빈치
e_e007625,1,6,2308260006,월미문화의 거리
e_e007625,1,7,2308260007,월미테마파크
e_e007625,1,8,2308260008,월미문화의 거리
e_e007625,1,9,2308260009,전라도 대왕조개구이랑 칼국수
e_e007625,1,10,2308260010,Fun 풍선 코르크 다트 사격장
e_e007625,1,11,2308260011,집
e_e007631,1,1,2308180001,집
e_e007631,1,2,2308180003,국립과천과학관
e_e007631,1,3,2308180004,렛츠 런 파크 서울
e_e007631,1,4,2308180005,은행골 용산점
e_e007631,1,5,2308180006,모 센트
e_e007631,1,6,2308180002,집
e_e007634,1,1,2308260007,집
e_e007634,1,2,2308260001,삼일 고등학교
e_e007634,1,3,2308260002,솔 솥 행궁점
e_e007634,1,4,2308260003,마이아트 뮤지엄
e_e007634,1,5,2308260004,그릴 1492 삼성 1호점
e_e007634,1,6,2308260006,온수골 온천
e_e007634,1,7,2308260005,호매실 금호어울림 에듀 포레 아파트
e_e007637,1,1,2308200001,집
e_e007637,1,2,2308200003,양평어린이 건강 놀이터
e_e007637,1,3,2308200004,양평 광탄 1991고바우 설렁탕
e_e007637,1,4,2308200005,스타벅스 더 양평 DT R점
e_e007637,1,5,2308200006,물 맑은 양평 종합운동장
e_e007637,1,6,2308200002,집
e_e007643,1,1,2308190001,집
e_e007643,1,2,2308190003,인천 차이나타운
e_e007643,1,3,2308190004,한중 원
e_e007643,1,4,2308190005,제물포구락부
e_e007643,1,5,2308190006,자유 공원
e_e007643,1,6,2308190007,인천 차이나타운 삼국지 벽화거리
e_e007643,1,7,2308190008,짜장면 박물관
e_e007643,1,8,2308190009,카페 아키라
e_e007643,1,9,2308190010,월미테마파크
e_e007643,1,10,2308190011,월미문화의 거리
e_e007643,1,11,2308190012,월미공원
e_e007643,1,12,2308190013,신포국제시장
e_e007643,1,13,2308190002,집
e_e007647,1,1,2308180001,친구 친지 집
e_e007647,1,2,2308180002,마장호수 출렁다리
e_e007647,1,3,2308180003,운정역 경의중앙선
e_e007647,1,4,2308180004,바그
e_e007647,1,5,2308180005,더티 트렁크
e_e007647,1,6,2308180006,프로방스 마을
e_e007647,1,7,2308180007,명동역 4호선
e_e007653,1,1,2308200001,집
e_e007653,1,2,2308200002,분당중앙공원
e_e007653,1,3,2308200003,AK플라자 분당
e_e007653,1,4,2308200004,분당 정자동 카페골목
e_e007653,1,5,2308200006,오늘 와인 한 잔 정자 가든점
e_e007653,1,6,2308200005,몬안베띠 정자점
e_e007653,1,7,2308200007,집
e_e007654,1,1,2308280001,집
e_e007654,1,2,2308280002,파라다이스 시티 플라자
e_e007654,1,3,2308280003,파라다이스 시티 씨메르
e_e007654,1,4,2308280004,파라다이스 시티 씨메르
e_e007654,1,5,2308280005,집
e_e007655,1,1,2308180001,친구 친지 집
e_e007655,1,2,2308180003,아쿠아 필드 하남
e_e007655,1,3,2308180004,스타필드 하남
e_e007655,1,4,2308180005,탄탄면 공방 스타필드 하남점
e_e007655,1,5,2308180002,친지 집
e_e007656,1,1,2308190001,집
e_e007656,1,2,2308190002,힐스테이트푸르지오 수 원 아파트
e_e007656,1,3,2308190003,GS 더 프레시 수원 팔달점
e_e007656,1,4,2308190006,갤러리아백화점 광교점
e_e007656,1,5,2308190004,아웃백 스테이크하우스 갤러리아 광교점
e_e007656,1,6,2308190005,갤러리아백화점 광교점
e_e007656,1,7,2308190007,경기 아트센터 주차장
e_e007656,1,8,2308190008,효원공원 월화원
e_e007656,1,9,2308190011,수원 시청
e_e007656,1,10,2308190009,왕과 탕후루 인계
e_e007656,1,11,2308190010,엔제리너스 수원 인계점
e_e007656,1,12,2308190012,중평 떡볶이
e_e007656,1,13,2308190013,힐스테이트푸르지오 수 원 아파트
e_e007656,1,14,2308190014,집
e_e007660,1,1,2308180001,집
e_e007660,1,2,2308180002,구산 셀프주유소
e_e007660,1,3,2308180003,아쿠아 필드 하남
e_e007660,1,4,2308180004,트레이더스 홀세일 클럽 하남점
e_e007660,1,5,2308180005,스타필드 하남
e_e007660,1,6,2308180006,집
e_e007664,1,1,2308170001,집
e_e007664,1,2,2308170002,최박이 간장게장
e_e007664,1,3,2308170003,한국 근현대사 박물관
e_e007664,1,4,2308170004,한옥카페 소원
e_e007664,1,5,2308170005,떼네 룸 밤리단길
e_e007664,1,6,2308170006,친척 집
e_e007664,1,7,2308170007,집
e_e007665,1,1,2308290001,집
e_e007665,1,2,2308290002,동대구역
e_e007665,1,3,2308290003,스타벅스 합정점
e_e007665,1,4,2308290004,명동거리
e_e007665,1,5,2308290005,투썸플레이스 명동 L7점
e_e007665,1,6,2308290006,서가 앤 쿡 KTX 서울 역사점
e_e007665,1,7,2308290007,집
e_e007673,1,1,2308200001,집
e_e007673,1,2,2308200002,CU 보라 해링턴점
e_e007673,1,3,2308200003,이창호 녹두삼계탕 메기매운탕 민속촌 본점
e_e007673,1,4,2308200004,한국민속촌
e_e007673,1,5,2308200005,집
e_e007674,1,1,2308190001,집
e_e007674,1,2,2308190002,경기도 국민안전체험관
e_e007674,1,3,2308190003,다정면가 멸치국수와 돈가스
e_e007674,1,4,2308190004,집
e_e007675,1,1,2308260001,집
e_e007675,1,2,2308260003,그라운드 시 소 성수
e_e007675,1,3,2308260004,허니 크랙
e_e007675,1,4,2308260005,서울낙업
e_e007675,1,5,2308260006,뚝섬한강공원
e_e007675,1,6,2308260002,집
e_e007677,1,1,2308250001,집
e_e007677,1,2,2308250002,베이 글러
e_e007677,1,3,2308250003,서대문자연사박물관
e_e007677,1,4,2308250004,안암동
e_e007677,1,5,2308250005,경희궁
e_e007677,1,6,2308250006,집
e_e007678,1,1,2308200001,집
e_e007678,1,2,2308200002,현대 프리미엄 아울렛 스페이스 원
e_e007678,1,3,2308200003,퀴즈노스 다산 현대 프리미어 캠퍼스몰점
e_e007678,1,4,2308200004,미호
e_e007678,1,5,2308200005,집
e_e007679,1,1,2308210001,집
e_e007679,1,2,2308210003,배스킨라빈스 강남 신논현점
e_e007679,1,3,2308210004,투썸플레이스 강남역 중앙점
e_e007679,1,4,2308210005,강남역 지하상가
e_e007679,1,5,2308210002,집
e_e007682,1,1,2308190001,친구 친지 집
e_e007682,1,2,2308190002,도예촌 막국수
e_e007682,1,3,2308190003,카페 웰컴
e_e007682,1,4,2308190004,예스파크 이천 도자예술마을
e_e007682,1,5,2308190005,설봉공원
e_e007682,1,6,2308190006,롯데 프리미엄 아울렛 이천점
e_e007682,1,7,2308190007,가마솥 보리밥
e_e007682,1,8,2308190008,별빛정원 우주
e_e007682,1,9,2308190009,우림필유 오피스텔
e_e007684,1,1,2308190001,집
e_e007684,1,2,2308190002,어디 투어 광교점
e_e007684,1,3,2308190003,프렌즈 스크린 광교호수점
e_e007684,1,4,2308190004,태릉 숯불갈비
e_e007684,1,5,2308190005,군반장 광교점
e_e007684,1,6,2308190006,집
e_e007689,1,1,2308200001,집
e_e007689,1,2,2308200011,주안역 1호선
e_e007689,1,3,2308200002,스타벅스 주안역점
e_e007689,1,4,2308200003,써브웨이 인천 주안역점
e_e007689,1,5,2308200004,백소장 주안역점
e_e007689,1,6,2308200005,밥을 짓는 홍 여사
e_e007689,1,7,2308200006,주안 웰가 오피스텔
e_e007689,1,8,2308200007,홈플러스 메가 푸드마켓 간석점
e_e007689,1,9,2308200008,주안역 1호선
e_e007689,1,10,2308200009,컴포즈커피 망원 우체국 사거리점
e_e007689,1,11,2308200010,집
e_e007690,1,1,2308260001,집
e_e007690,1,2,2308260002,평촌역 4호선
e_e007690,1,3,2308260003,경마공원역 4호선
e_e007690,1,4,2308260004,렛츠 런 파크 서울
e_e007690,1,5,2308260005,선바위 메밀 장터 본점
e_e007690,1,6,2308260006,서울랜드
e_e007690,1,7,2308260007,대공원역 4호선
e_e007690,1,8,2308260008,집
e_e007693,1,1,2308230001,집
e_e007693,1,2,2308230002,카페랑 솜
e_e007693,1,3,2308230003,예스24 스테이지
e_e007693,1,4,2308230004,한식당
e_e007693,1,5,2308230005,집
e_e007704,1,1,2308250001,집
e_e007704,1,2,2308250002,서울역
e_e007704,1,3,2308250003,수원역
e_e007704,1,4,2308250004,킵댓 본점
e_e007704,1,5,2308250005,포레스트 스튜디오
e_e007704,1,6,2308250006,장안문
e_e007704,1,7,2308250007,리코드엠
e_e007704,1,8,2308250008,마츠리동
e_e007704,1,9,2308250009,방화수류정
e_e007704,1,10,2308250010,해야
e_e007704,1,11,2308250011,수원역
e_e007704,1,12,2308250012,집
e_e007705,1,1,2308260001,집
e_e007705,1,2,2308260002,개항 돈가스
e_e007705,1,3,2308260003,브라운 핸즈 개항으로
e_e007705,1,4,2308260004,채널 트웰브
e_e007705,1,5,2308260005,월미 바다역
e_e007705,1,6,2308260006,연경 차이나타운 본점
e_e007705,1,7,2308260007,집
e_e007708,1,1,2308210001,집
e_e007708,1,2,2308210002,위드 살롱 아찌 가죽 공방 위례 본점
e_e007708,1,3,2308210003,텔 테일 커피 브루어스
e_e007708,1,4,2308210004,위해서 일로 거리
e_e007708,1,5,2308210005,위드 살롱 아찌 가죽 공방 위례 본점
e_e007708,1,6,2308210006,바른 준한 의원
e_e007708,1,7,2308210007,집
e_e007722,1,1,2308200001,친구 친지 집
e_e007722,1,2,2308200003,마장호수
e_e007722,1,3,2308200004,카페 드 리오
e_e007722,1,4,2308200005,베어 가든
e_e007722,1,5,2308200002,친구 집
e_e007734,1,1,2308190001,집
e_e007734,1,2,2308190002,고 강 선사유적공원
e_e007734,1,3,2308190003,현대백화점 중동점
e_e007734,1,4,2308190004,지인 집
e_e007734,1,5,2308190005,집
e_e007743,1,1,2308200001,집
e_e007743,1,2,2308200003,웨이브 파크
e_e007743,1,3,2308200004,제주 할망 돈각 망포점
e_e007743,1,4,2308200005,이마트 24 영통 차이점
e_e007743,1,5,2308200002,집
e_e007745,1,1,2308270001,집
e_e007745,1,2,2308270003,롯데리아 과천 렛츠 런 파크 점
e_e007745,1,3,2308270004,렛츠 런 파크 서울
e_e007745,1,4,2308270005,하이도나
e_e007745,1,5,2308270002,집
e_e007746,1,1,2308190001,집
e_e007746,1,2,2308190002,팝콘 D 스퀘어
e_e007746,1,3,2308190003,홍대 개미 용산 아이파크몰점
e_e007746,1,4,2308190004,코엑스 아쿠아리움
e_e007746,1,5,2308190005,서울특별시 교육청 남산도서관
e_e007746,1,6,2308190006,양평 휴게소 원주 방향
e_e007746,1,7,2308190007,집
e_e007747,1,1,2308200001,집
e_e007747,1,2,2308200002,금릉역 경의중앙선
e_e007747,1,3,2308200003,CGV 용산 아이파크몰
e_e007747,1,4,2308200004,해방촌 오거리
e_e007747,1,5,2308200005,카페 남산 아래
e_e007747,1,6,2308200006,해방 식당
e_e007747,1,7,2308200007,신흥시장
e_e007747,1,8,2308200008,타자기
e_e007747,1,9,2308200009,집
e_e007748,1,1,2308190001,집
e_e007748,1,2,2308190002,스타벅스 종각점
e_e007748,1,3,2308190003,창덕궁
e_e007748,1,4,2308190004,남산골 한옥마을
e_e007748,1,5,2308190005,광화문 미진 본점
e_e007748,1,6,2308190006,집
e_e007749,1,1,2308260001,집
e_e007749,1,2,2308260002,킨텍스 제1전시장
e_e007749,1,3,2308260003,밤 가니 버거
e_e007749,1,4,2308260004,오누 커피
e_e007749,1,5,2308260005,킨텍스 제1전시장
e_e007749,1,6,2308260006,집
e_e007751,1,1,2308300001,집
e_e007751,1,2,2308300003,발산역 5호선
e_e007751,1,3,2308300004,부평시장역 인천 1호선
e_e007751,1,4,2308300005,스타벅스 부평시장역점
e_e007751,1,5,2308300006,자연 별곡 뉴코아 인천 논현점
e_e007751,1,6,2308300007,HD 현대오일뱅크 직영 수인 주유소
e_e007751,1,7,2308300008,HB 엘림 캐슬 오피스텔
e_e007751,1,8,2308300009,부평종합시장
e_e007751,1,9,2308300010,장돌이 수제부산어묵
e_e007751,1,10,2308300011,부평시장역 인천 1호선
e_e007751,1,11,2308300012,발산역 5호선
e_e007751,1,12,2308300002,집
e_e007752,1,1,2308190001,집
e_e007752,1,2,2308190002,솔비 2호점
e_e007752,1,3,2308190003,플레이 인 더 박스 건대점
e_e007752,1,4,2308190004,놀부부대찌개 건대 스타시티점
e_e007752,1,5,2308190005,교보문고 건대 스타시티 바로 드림센터
e_e007752,1,6,2308190006,에스프레소 바 투또톤토
e_e007752,1,7,2308190007,메가 MGC 커피 건대입구역점
e_e007752,1,8,2308190008,돕
e_e007752,1,9,2308190009,펀시티 건대점
e_e007752,1,10,2308190010,집
e_e007753,1,1,2308260001,집
e_e007753,1,2,2308260002,장성공원
e_e007753,1,3,2308260003,현대백화점 킨텍스점
e_e007753,1,4,2308260004,킨텍스 제2전시장
e_e007753,1,5,2308260005,집
e_e007755,1,1,2308270001,집
e_e007755,1,2,2308270002,파스퇴르밀크바 AK 수원점
e_e007755,1,3,2308270003,메가박스 수원 AK플라자점
e_e007755,1,4,2308270004,AK 푸드홀
e_e007755,1,5,2308270005,집
e_e007756,1,1,2308270001,집
e_e007756,1,2,2308270002,오모 우스키
e_e007756,1,3,2308270003,가현산 하산 숲길
e_e007756,1,4,2308270005,아베 니체
e_e007756,1,5,2308270006,착한 아귀찜
e_e007756,1,6,2308270007,집
e_e007757,1,1,2308220001,집
e_e007757,1,2,2308220003,기생 가락국수
e_e007757,1,3,2308220004,운현궁
e_e007757,1,4,2308220005,순라길
e_e007757,1,5,2308220002,집
e_e007758,1,1,2308200001,집
e_e007758,1,2,2308200002,써브웨이 일산 레이킨스몰점
e_e007758,1,3,2308200003,고양아람누리 아람미술관
e_e007758,1,4,2308200004,집
e_e007759,1,1,2308190001,집
e_e007759,1,2,2308190002,하늘문화센터
e_e007759,1,3,2308190003,이차돌 인천 운서역점
e_e007759,1,4,2308190004,스타벅스 영종도 운서역점
e_e007759,1,5,2308190005,집
e_e007760,1,1,2308310001,사무실
e_e007760,1,2,2308310003,버거킹
e_e007760,1,3,2308310004,AK플라자 수원
e_e007760,1,4,2308310005,롯데몰 수원점
e_e007760,1,5,2308310002,자택
e_e007761,1,1,2308190001,집
e_e007761,1,2,2308190002,서울대공원
e_e007761,1,3,2308190003,집
e_e007764,1,1,2308260001,집
e_e007764,1,2,2308260002,후 클라비
e_e007764,1,3,2308260003,세븐일레븐 분당 청솔주공점
e_e007764,1,4,2308260004,수원 백화점 약국
e_e007764,1,5,2308260005,화성행궁
e_e007764,1,6,2308260006,천안호두 휴게소 부산방향
e_e007764,1,7,2308260007,집
e_e007765,1,1,2308200001,집
e_e007765,1,2,2308200002,주말농장 체험장
e_e007765,1,3,2308200003,죽백 면옥
e_e007765,1,4,2308200004,롯데 하이마트 안성점
e_e007765,1,5,2308200005,목적지나 인
e_e007765,1,6,2308200006,주말농장 체험장
e_e007765,1,7,2308200007,농협안성팜랜드
e_e007765,1,8,2308200008,안성휴게소 상행선
e_e007765,1,9,2308200009,집
e_e007766,1,1,2308200001,집
e_e007766,1,2,2308200002,현대 프리미엄 아울렛 김포점
e_e007766,1,3,2308200003,집
e_e007767,1,1,2308190001,집
e_e007767,1,2,2308190002,김포국제공항 국내선
e_e007767,1,3,2308190003,국립항공 박물관
e_e007767,1,4,2308190004,연남 토마 김포공항 롯데점
e_e007767,1,5,2308190005,롯데몰 김포공항점
e_e007767,1,6,2308190006,앤드 테라스 롯데백화점 김포공항점
e_e007767,1,7,2308190007,집
e_e007768,1,1,2308270001,집
e_e007768,1,2,2308270002,송산포도 휴게소 평택 방향
e_e007768,1,3,2308270003,소수육국밥
e_e007768,1,4,2308270004,전곡항 슈퍼 낚시
e_e007768,1,5,2308270005,전곡항
e_e007768,1,6,2308270006,전곡항 슈퍼 낚시
e_e007768,1,7,2308270007,집
e_e007770,1,1,2308280001,집
e_e007770,1,2,2308280002,종로 음악사
e_e007770,1,3,2308280003,국립고궁박물관
e_e007770,1,4,2308280004,경복궁
e_e007770,1,5,2308280005,고씨네 대학로점
e_e007770,1,6,2308280006,제시
e_e007770,1,7,2308280007,온 더 모멘트
e_e007770,1,8,2308280008,봄날 아트홀
e_e007770,1,9,2308280009,집
e_e007772,1,1,2308220001,집
e_e007772,1,2,2308220003,임진각 평화누리
e_e007772,1,3,2308220004,임진각 관광지
e_e007772,1,4,2308220005,벙커힐
e_e007772,1,5,2308220002,집
e_e007773,1,1,2308200001,집
e_e007773,1,2,2308200002,신도 농장 정육
e_e007773,1,3,2308200003,좋은 아침 페이스트리 시그니처점
e_e007773,1,4,2308200004,집
e_e007775,1,1,2308270001,집
e_e007775,1,2,2308270002,정안 알밤 휴게소 천안 방향
e_e007775,1,3,2308270003,센트럴시티터미널(호남)
e_e007775,1,4,2308270005,신세계백화점 강남점
e_e007775,1,5,2308270004,압생트
e_e007775,1,6,2308270007,공차 고속 터미널점
e_e007775,1,7,2308270006,스타벅스 서울고속 터미널점
e_e007775,1,8,2308270008,집
e_e007776,1,1,2308190001,집
e_e007776,1,2,2308190002,선비 꼬마김밥 서울 천왕점
e_e007776,1,3,2308190003,항동 철길
e_e007776,1,4,2308190004,서울아트 책 보고
e_e007776,1,5,2308190005,고척스카이돔 전면 광장
e_e007776,1,6,2308190006,개봉 퓨전포차
e_e007776,1,7,2308190007,배스킨라빈스 개봉역 사점
e_e007776,1,8,2308190008,집
e_e007778,1,1,2308260001,친구 친지 집
e_e007778,1,2,2308260002,종로곱육개장
e_e007778,1,3,2308260003,그레인 바운더리
e_e007778,1,4,2308260004,잘 빠진 메밀 익선동점
e_e007778,1,5,2308260006,짱 오락실 종로점
e_e007778,1,6,2308260005,익선동 카페거리
e_e007778,1,7,2308260007,스타벅스 광화문 D타워점
e_e007778,1,8,2308260008,수원 하늘채 더 퍼스트 1단지 아파트
e_e007779,1,1,2308300001,집
e_e007779,1,2,2308300002,샐러드 수원 망포역점
e_e007779,1,3,2308300003,뮤직 드로잉
e_e007779,1,4,2308300004,롯데몰 수원점
e_e007779,1,5,2308300005,고다이바 롯데백화점 수원점
e_e007779,1,6,2308300006,롯데마트 수원점
e_e007779,1,7,2308300007,집
e_e007781,1,1,2308200001,집
e_e007781,1,2,2308200002,국립 농업박물관
e_e007781,1,3,2308200003,유치 회관
e_e007781,1,4,2308200004,롯데몰 수원점
e_e007781,1,5,2308200005,집
e_e007783,1,1,2308260001,집
e_e007783,1,2,2308260002,장어가
e_e007783,1,3,2308260003,배스킨라빈스 안양 관양점
e_e007783,1,4,2308260004,동부그린
e_e007783,1,5,2308260005,집
e_e007788,1,1,2308270001,집
e_e007788,1,2,2308270002,웅진플레이도시 워터파크 온천스파
e_e007788,1,3,2308270003,LG전자 베스트숍 부천점
e_e007788,1,4,2308270004,집
e_e007789,1,1,2308260001,집
e_e007789,1,2,2308260002,한국민속촌
e_e007789,1,3,2308260003,시흥하늘휴게소 판교방향
e_e007789,1,4,2308260004,집
e_e007791,1,1,2308260001,집
e_e007791,1,2,2308260002,다정 식당
e_e007791,1,3,2308260003,하나개해수욕장
e_e007791,1,4,2308260004,하나개 팜
e_e007791,1,5,2308260005,무의도 해상관광 탐방로
e_e007791,1,6,2308260006,맘스터치 부천 고강점
e_e007791,1,7,2308260007,집
e_e007792,1,1,2308260001,집
e_e007792,1,2,2308260002,강남구청역 7호선
e_e007792,1,3,2308260005,인천 차이나타운
e_e007792,1,4,2308260004,미리 내 마을은 하수 타운 아파트
e_e007792,1,5,2308260003,신중동 역 7호선
e_e007792,1,6,2308260006,월미도 공영주차장
e_e007792,1,7,2308260007,포지티브 스페이스 566
e_e007792,1,8,2308260010,마곡나루역 9호선
e_e007792,1,9,2308260008,강민주의 들밥 김포점
e_e007792,1,10,2308260009,행주산성
e_e007792,1,11,2308260011,집
e_e007793,1,1,2308190001,집
e_e007793,1,2,2308190002,큰손 조개구이 칼국수
e_e007793,1,3,2308190003,카페 루 헤
e_e007793,1,4,2308190004,낙조 전망대
e_e007793,1,5,2308190005,시화 나래 휴게소
e_e007793,1,6,2308190006,사계 진미 숯불닭갈비 배곧점
e_e007793,1,7,2308190007,선녀바위
e_e007793,1,8,2308190008,신림동 11길 89-5
e_e007794,1,1,2308200001,집
e_e007794,1,2,2308200003,에버랜드 스피드웨이
e_e007794,1,3,2308200004,정희 판교 애브뉴 프랑점
e_e007794,1,4,2308200006,버터럼
e_e007794,1,5,2308200005,고고스 판교
e_e007794,1,6,2308200002,집
e_e007795,1,1,2308270001,집
e_e007795,1,2,2308270002,가마소 유원지
e_e007795,1,3,2308270003,집
e_e007796,1,1,2308270001,집
e_e007796,1,2,2308270002,파크 프리 베
e_e007796,1,3,2308270003,네파 의정부 장암 직영 5점
e_e007796,1,4,2308270004,집
e_e007797,1,1,2308310001,집
e_e007797,1,2,2308310002,파산 서원
e_e007797,1,3,2308310003,메가 MGC 커피 운전해 솔마을 점
e_e007797,1,4,2308310004,운정 호수 공원
e_e007797,1,5,2308310005,뮌스터담
e_e007797,1,6,2308310006,메밀꽃이 피었습니다 일산 본점
e_e007797,1,7,2308310007,집
e_e007800,1,1,2308260001,집
e_e007800,1,2,2308260002,포켓몬코리아
e_e007800,1,3,2308260003,JN 키친 수지동천역점
e_e007800,1,4,2308260004,컴포즈커피 동천역점
e_e007800,1,5,2308260005,집
e_e007802,1,1,2308210001,친구 친지 집
e_e007802,1,2,2308210002,행주산성 역사 공원
e_e007802,1,3,2308210003,능골 매운탕
e_e007802,1,4,2308210004,공릉 관광지
e_e007802,1,5,2308210005,모쿠슈라 프렌치카페
e_e007802,1,6,2308210006,파주삼릉
e_e007802,1,7,2308210007,행주나루터
e_e007802,1,8,2308210008,상암 우남퍼스트빌스타 오피스텔
e_e007803,1,1,2308200001,집
e_e007803,1,2,2308200002,금성당
e_e007803,1,3,2308200004,서울 둘레길 8코스 북한산-도봉산 코스
e_e007803,1,4,2308200005,시골막국수
e_e007803,1,5,2308200006,청운 문학도서관
e_e007803,1,6,2308200007,더 숲 초소 책방
e_e007803,1,7,2308200008,집
e_e007804,1,1,2308190001,집
e_e007804,1,2,2308190002,할아버지 동물농장
e_e007804,1,3,2308190003,마초 그릴
e_e007804,1,4,2308190004,집
e_e007806,1,1,2308200001,집
e_e007806,1,2,2308200002,가평 사계절 썰매장
e_e007806,1,3,2308200003,르보네르
e_e007806,1,4,2308200004,집
e_e007807,1,1,2308220001,집
e_e007807,1,2,2308220002,숭례문
e_e007807,1,3,2308220003,아르코예술극장
e_e007807,1,4,2308220004,낙산공원
e_e007807,1,5,2308220005,한양도성 혜화동 전시 안내센터
e_e007807,1,6,2308220006,동양 서림
e_e007807,1,7,2308220007,사이공 본가 혜화점
e_e007807,1,8,2308220008,인사동 문화의 거리
e_e007807,1,9,2308220009,집
e_e007809,1,1,2308200001,집
e_e007809,1,2,2308200003,전쟁기념관
e_e007809,1,3,2308200004,아이파크몰 용산점
e_e007809,1,4,2308200002,집
e_e007812,1,1,2308260001,집
e_e007812,1,2,2308260002,송내역 1호선
e_e007812,1,3,2308260003,신도림역 1호선
e_e007812,1,4,2308260004,잠실역 2호선
e_e007812,1,5,2308260005,석촌호수 산책길
e_e007812,1,6,2308260006,서울스카이
e_e007812,1,7,2308260007,피에프 창 롯데월드몰점
e_e007812,1,8,2308260008,롯데월드타워 롯데월드몰
e_e007812,1,9,2308260009,잠실역 2호선
e_e007812,1,10,2308260010,송내역 1호선
e_e007812,1,11,2308260011,집
e_e007813,1,1,2308200001,집
e_e007813,1,2,2308200003,국립중앙박물관
e_e007813,1,3,2308200004,로이터 커피 셸터
e_e007813,1,4,2308200002,집
e_e007815,1,1,2308210002,집
e_e007815,1,2,2308210001,에버랜드
e_e007815,1,3,2308210003,집
e_e007816,1,1,2308260001,집
e_e007816,1,2,2308260002,투썸플레이스 부천 중동 현대점
e_e007816,1,3,2308260003,현대백화점 중동점
e_e007816,1,4,2308260004,현대백화점 유플렉스 중동점
e_e007816,1,5,2308260005,집
e_e007817,1,1,2308270001,집
e_e007817,1,2,2308270002,롯데 프리미엄 아울렛 기흥점
e_e007817,1,3,2308270003,세라젬웰파크 기흥점
e_e007817,1,4,2308270004,집
e_e007818,1,1,2308190001,집
e_e007818,1,2,2308190002,롯데 프리미엄 아울렛 타임 빌라스
e_e007818,1,3,2308190003,집
e_e007819,1,1,2308260001,집
e_e007819,1,2,2308260003,현대 시티 아울렛 동대문점
e_e007819,1,3,2308260004,종로 신진시장
e_e007819,1,4,2308260005,써브웨이 종로점
e_e007819,1,5,2308260006,익선동 한옥거리
e_e007819,1,6,2308260007,세운 스퀘어
e_e007819,1,7,2308260002,집
e_e007821,1,1,2308190001,집
e_e007821,1,2,2308190002,현대백화점 디큐브시티점
e_e007821,1,3,2308190003,신도림역 1호선
e_e007821,1,4,2308190004,동인천역 1호선
e_e007821,1,5,2308190005,신포 닭강정 본점
e_e007821,1,6,2308190006,컴포즈커피 인천 신포 DS 점
e_e007821,1,7,2308190007,자유 공원
e_e007821,1,8,2308190008,동인천역 1호선
e_e007821,1,9,2308190009,송내역 1호선
e_e007821,1,10,2308190010,명동칼국수
e_e007821,1,11,2308190011,이디야커피 송내남부역점
e_e007821,1,12,2308190012,부모님댁
e_e007821,1,13,2308190013,송내역 1호선
e_e007821,1,14,2308190014,구로역 1호선
e_e007821,1,15,2308190015,집
e_e007822,1,1,2308190001,집
e_e007822,1,2,2308190002,경기도 융합과학교육원
e_e007822,1,3,2308190003,송죽 약방
e_e007822,1,4,2308190004,해우재
e_e007822,1,5,2308190005,롯데몰 수원점
e_e007822,1,6,2308190006,집
e_e007825,1,1,2308200001,집
e_e007825,1,2,2308200002,산들소리
e_e007825,1,3,2308200003,건 식당
e_e007825,1,4,2308200004,현대 프리미엄 아울렛 스페이스 원
e_e007825,1,5,2308200005,집
e_e007826,1,1,2308200002,집
e_e007826,1,2,2308200001,원마운트 워터파크
e_e007826,1,3,2308200004,뿅의 전설
e_e007826,1,4,2308200003,집
e_e007829,1,1,2308200001,집
e_e007829,1,2,2308200002,안양역
e_e007829,1,3,2308200003,안양중앙시장
e_e007829,1,4,2308200004,비아 김밥 본점
e_e007829,1,5,2308200005,송주 불 냉면 수제 왕돈가스 안양 본점
e_e007829,1,6,2308200006,동편마을카페거리
e_e007829,1,7,2308200007,갤러리 카페 아프리카
e_e007829,1,8,2308200008,집
e_e007831,1,1,2308260001,집
e_e007831,1,2,2308260002,바르다 김 선생 논현 아크로 힐스점
e_e007831,1,3,2308260003,스타벅스 아크로 힐스 논현점
e_e007831,1,4,2308260004,서울스카이
e_e007831,1,5,2308260005,어반 스커트 롯데월드몰점
e_e007831,1,6,2308260006,롯데월드 아쿠아리움
e_e007831,1,7,2308260007,롯데월드타워 롯데월드몰
e_e007831,1,8,2308260008,집
e_e007832,1,1,2308190001,집
e_e007832,1,2,2308190002,카페 하우스
e_e007832,1,3,2308190003,마장호수 출렁다리
e_e007832,1,4,2308190004,집
e_e007833,1,1,2308200001,집
e_e007833,1,2,2308200002,문학산
e_e007833,1,3,2308200003,맥도날드 문학 DT점
e_e007833,1,4,2308200004,국립생물자원관
e_e007833,1,5,2308200005,집
e_e007834,1,1,2308260001,집
e_e007834,1,2,2308260002,광명동굴
e_e007834,1,3,2308260003,광명동굴 푸드코트
e_e007834,1,4,2308260004,집
e_e007835,1,1,2308260001,집
e_e007835,1,2,2308260002,커리어
e_e007835,1,3,2308260003,인하대학교 용현 캠퍼스
e_e007835,1,4,2308260004,인천 차이나타운
e_e007835,1,5,2308260005,신포국제시장
e_e007835,1,6,2308260006,브라운 핸즈 개항으로
e_e007835,1,7,2308260007,집
e_e007836,1,1,2308190001,집
e_e007836,1,2,2308190002,후식
e_e007836,1,3,2308190003,롯데 프리미엄 아울렛 이천점
e_e007836,1,4,2308190004,집
e_e007837,1,1,2308190001,집
e_e007837,1,2,2308190003,국립고궁박물관
e_e007837,1,3,2308190004,삼청동 수제비
e_e007837,1,4,2308190005,츄로 11 삼청점
e_e007837,1,5,2308190006,국립민속박물관
e_e007837,1,6,2308190007,돈가스 잔치 동빙고점
e_e007837,1,7,2308190008,반포 한강공원
e_e007837,1,8,2308190002,집
e_e007838,1,1,2308280001,집
e_e007838,1,2,2308280003,신탄진역
e_e007838,1,3,2308280004,서울역
e_e007838,1,4,2308280005,국립중앙박물관
e_e007838,1,5,2308280006,올리브영 서울역점
e_e007838,1,6,2308280007,서울역
e_e007838,1,7,2308280008,신탄진역
e_e007838,1,8,2308280002,집
e_e007839,1,1,2308190001,집
e_e007839,1,2,2308190002,동대구역
e_e007839,1,3,2308190003,동탄역
e_e007839,1,4,2308190004,서연이 음터 도서관
e_e007839,1,5,2308190005,강릉 형제 장칼국수 서울점
e_e007839,1,6,2308190006,발로 토
e_e007839,1,7,2308190007,서원역 신림선
e_e007839,1,8,2308190008,자취방
e_e007839,1,9,2308190009,금천구청 역 1호선
e_e007839,1,10,2308190010,동탄역
e_e007839,1,11,2308190011,동대구역
e_e007839,1,12,2308190012,집
e_e007840,1,1,2308270001,집
e_e007840,1,2,2308270002,고기리 막국수
e_e007840,1,3,2308270003,코울러
e_e007840,1,4,2308270004,롯데 프리미엄 아울렛 타임 빌라스
e_e007840,1,5,2308270005,세양청마루 아파트
e_e007840,1,6,2308270006,집
e_e007843,1,1,2308200001,집
e_e007843,1,2,2308200003,캐리비안베이
e_e007843,1,3,2308200004,에버랜드
e_e007843,1,4,2308200002,집
e_e007845,1,1,2308200001,집
e_e007845,1,2,2308200002,세마대
e_e007845,1,3,2308200003,유엔군 초전기념관 오산죽미령 평화공원
e_e007845,1,4,2308200004,골드 헤겔
e_e007845,1,5,2308200005,집
e_e007846,1,1,2308190001,집
e_e007846,1,2,2308190004,서울고속버스터미널(경부)
e_e007846,1,3,2308190005,서초 면옥 본점
e_e007846,1,4,2308190007,먼셀 커피 서래 마을점
e_e007846,1,5,2308190006,예술의전당
e_e007846,1,6,2308190008,스타벅스 반포자이점
e_e007846,1,7,2308190009,반포 치킨
e_e007846,1,8,2308190010,서울고속버스터미널(경부)
e_e007846,1,9,2308190002,집
e_e007847,1,1,2308260001,집
e_e007847,1,2,2308260002,하스 케밥
e_e007847,1,3,2308260004,중앙시장
e_e007847,1,4,2308260005,놀자 숲
e_e007847,1,5,2308260006,원조 다래 솥뚜껑
e_e007847,1,6,2308260003,집
e_e007848,1,1,2308190001,집
e_e007848,1,2,2308190002,송월동 동화마을
e_e007848,1,3,2308190003,인천 차이나타운
e_e007848,1,4,2308190004,일본풍 거리
e_e007848,1,5,2308190005,집
e_e007850,1,1,2308190001,집
e_e007850,1,2,2308190002,빽다방 빵 연구소 신사사거리점
e_e007850,1,3,2308190003,한국민속촌
e_e007850,1,4,2308190004,집
e_e007851,1,1,2308190001,집
e_e007851,1,2,2308190002,마이 포트리
e_e007851,1,3,2308190004,구암 막국수
e_e007851,1,4,2308190005,집
e_e007852,1,1,2308290001,집
e_e007852,1,2,2308290003,초록 향기 농부의 밥상
e_e007852,1,3,2308290004,폴콘 베이커리 북한강점
e_e007852,1,4,2308290005,하남 유니언 타워
e_e007852,1,5,2308290006,하남 KCC 스위첸 아파트
e_e007852,1,6,2308290007,미사 칼국수
e_e007852,1,7,2308290008,하남 KCC 스위첸 아파트
e_e007852,1,8,2308290002,집
e_e007853,1,1,2308190001,집
e_e007853,1,2,2308190003,경성 시장 가산점
e_e007853,1,3,2308190004,마리오아울렛 3관
e_e007853,1,4,2308190005,미가 꼬끼오
e_e007853,1,5,2308190002,집
e_e007854,1,1,2308220001,집
e_e007854,1,2,2308220003,심학산 도토리 국수 본점
e_e007854,1,3,2308220004,심학산 약천사
e_e007854,1,4,2308220005,라플란드
e_e007854,1,5,2308220002,집
e_e007856,1,1,2308200001,집
e_e007856,1,2,2308200002,몽베르 과자점
e_e007856,1,3,2308200003,여주 한글 시장
e_e007856,1,4,2308200004,신세계 프리미엄 아울렛 여주 EAST
e_e007856,1,5,2308200005,옛날 전통 추어탕 장호 원점
e_e007856,1,6,2308200006,외할머니 댁
e_e007856,1,7,2308200007,민현 농장
e_e007856,1,8,2308200008,부모님댁
e_e007856,1,9,2308200009,시부모님댁
e_e007856,1,10,2308200010,집
e_e007858,1,1,2308270001,집
e_e007858,1,2,2308270003,홍원 막국수
e_e007858,1,3,2308270004,이포 CC
e_e007858,1,4,2308270002,집
e_e007860,1,1,2308200001,집
e_e007860,1,2,2308200003,백소장 대학로점
e_e007860,1,3,2308200004,폴 바셋 혜화역점
e_e007860,1,4,2308200005,텐밀리언
e_e007860,1,5,2308200006,산다 프렌즈
e_e007860,1,6,2308200007,수상한 흥신소
e_e007860,1,7,2308200008,스타벅스 동숭길입구점
e_e007860,1,8,2308200009,빈대떡과 찜 본점
e_e007860,1,9,2308200002,집
e_e007861,1,1,2308200001,집
e_e007861,1,2,2308200002,안산 해양아카데미
e_e007861,1,3,2308200003,투썸플레이스 화성사 강점
e_e007861,1,4,2308200004,의왕휴게소 서울 방향
e_e007861,1,5,2308200005,집
e_e007862,1,1,2308260001,집
e_e007862,1,2,2308260008,인천 차이나타운
e_e007862,1,3,2308260002,짜장면 박물관
e_e007862,1,4,2308260003,누들 플랫폼
e_e007862,1,5,2308260004,신포국제시장
e_e007862,1,6,2308260005,인천개항장 근대건축전시관
e_e007862,1,7,2308260006,대불호텔 전시관
e_e007862,1,8,2308260007,집
e_e007863,1,1,2308230001,집
e_e007863,1,2,2308230003,광명 전통시장
e_e007863,1,3,2308230002,집
e_e007865,1,1,2308270001,집
e_e007865,1,2,2308270002,롯데몰 은평점
e_e007865,1,3,2308270003,북한산 둘레길 9구간 마실 길
e_e007865,1,4,2308270004,집
e_e007866,1,1,2308260001,집
e_e007866,1,2,2308260002,롯데몰 김포공항점
e_e007866,1,3,2308260003,집
e_e007867,1,1,2308260001,집
e_e007867,1,2,2308260002,일산역 경의중앙선
e_e007867,1,3,2308260003,문산역 경의중앙선
e_e007867,1,4,2308260004,전주웰빙새알팥죽
e_e007867,1,5,2308260005,문산 자유시장
e_e007867,1,6,2308260006,EDIYA  COFFEE
e_e007867,1,7,2308260007,일산역 경의중앙선
e_e007867,1,8,2308260008,집
e_e007868,1,1,2308200001,집
e_e007868,1,2,2308200003,양재천 자전거길
e_e007868,1,3,2308200004,의왕국민체육센터
e_e007868,1,4,2308200005,매봉
e_e007868,1,5,2308200006,강릉 동치미 막국수 과천 본점
e_e007868,1,6,2308200002,집
e_e007869,1,1,2308290001,집
e_e007869,1,2,2308290003,국립현대미술관 과천
e_e007869,1,3,2308290004,투썸플레이스 문정 KD7점
e_e007869,1,4,2308290005,행복한 순정 감자탕
e_e007869,1,5,2308290002,집
e_e007870,1,1,2308250001,집
e_e007870,1,2,2308250002,할머니 맷돌두부
e_e007870,1,3,2308250003,투썸플레이스 고모 호수점
e_e007870,1,4,2308250004,고모저수지
e_e007870,1,5,2308250005,봉선사
e_e007870,1,6,2308250006,파드마
e_e007870,1,7,2308250007,집
e_e007871,1,1,2308270001,집
e_e007871,1,2,2308270002,세류역 1호선
e_e007871,1,3,2308270003,서울역사박물관
e_e007871,1,4,2308270004,갈현동 할머니 떡볶이 둘째네
e_e007871,1,5,2308270005,서대문형무소 역사관
e_e007871,1,6,2308270006,국립 대한민국임시정부기념관
e_e007871,1,7,2308270007,집
e_e007872,1,1,2308200001,집
e_e007872,1,2,2308200002,스포츠 36플레이
e_e007872,1,3,2308200003,버거킹 몽촌 토성점
e_e007872,1,4,2308200004,스타벅스 몽촌토성역점
e_e007872,1,5,2308200005,스포츠 36플레이
e_e007872,1,6,2308200006,세븐일레븐 한성백제 역점
e_e007872,1,7,2308200007,한성백제 박물관
e_e007872,1,8,2308200008,청와옥 본점
e_e007872,1,9,2308200009,집
e_e007873,1,1,2308210001,집
e_e007873,1,2,2308210002,우아수헤어 망포역점
e_e007873,1,3,2308210003,신선설렁탕 수원 영통점
e_e007873,1,4,2308210004,바운스 슈퍼 파크 수원 영통 센터
e_e007873,1,5,2308210005,다이소 영통 판타지 우점
e_e007873,1,6,2308210006,효자동 솥뚜껑 수원 망포점
e_e007873,1,7,2308210007,집
e_e007875,1,1,2308190001,집
e_e007875,1,2,2308190002,용문역
e_e007875,1,3,2308190003,청량리역
e_e007875,1,4,2308190007,롯데시네마 청량리
e_e007875,1,5,2308190006,폴 바셋 청량리역점
e_e007875,1,6,2308190008,롯데백화점 청량리점
e_e007875,1,7,2308190009,교보문고 청량리 바로 드림센터
e_e007875,1,8,2308190010,스타벅스 청량리 역사점
e_e007875,1,9,2308190004,용문역
e_e007875,1,10,2308190005,집
e_e007876,1,1,2308260001,집
e_e007876,1,2,2308260002,배 터지는 집
e_e007876,1,3,2308260003,서해랑 제부도 해상 케이블카 전곡 정류장
e_e007876,1,4,2308260004,할리스 제부도점
e_e007876,1,5,2308260006,서해랑 제부도 해상 케이블카 제부정류장
e_e007876,1,6,2308260005,집
e_e007878,1,1,2308260001,집
e_e007878,1,2,2308260002,에버랜드 3주차장
e_e007878,1,3,2308260003,에버랜드
e_e007878,1,4,2308260004,집
e_e007879,1,1,2308260001,집
e_e007879,1,2,2308260002,바나 프레소 신논현역점
e_e007879,1,3,2308260003,교보문고 신논현역 스토어
e_e007879,1,4,2308260004,카카오 프렌즈 강남 플래그십스토어
e_e007879,1,5,2308260007,올리브영 강남타운
e_e007879,1,6,2308260005,짱 오락실 강남 2호점
e_e007879,1,7,2308260006,파이브 가이즈 강남
e_e007879,1,8,2308260009,노티스 강남 카카오
e_e007879,1,9,2308260008,집
e_e007882,1,1,2308190001,집
e_e007882,1,2,2308190003,바푸리 철산점
e_e007882,1,3,2308190004,광명 스피돔 경륜본장
e_e007882,1,4,2308190002,집
e_e007883,1,1,2308310001,집
e_e007883,1,2,2308310003,벌말 기사 뷔페
e_e007883,1,3,2308310004,중남미문화원
e_e007883,1,4,2308310005,다이스
e_e007883,1,5,2308310006,스타필드 고양
e_e007883,1,6,2308310002,집
e_e007884,1,1,2308300001,집
e_e007884,1,2,2308300002,카 츠소라
e_e007884,1,3,2308300003,Seosa
e_e007884,1,4,2308300004,카페 웰컴
e_e007884,1,5,2308300005,솔과 흙
e_e007884,1,6,2308300006,이마트 대전터미널점
e_e007884,1,7,2308300007,집
e_e007885,1,1,2308200001,집
e_e007885,1,2,2308200003,백남준아트센터
e_e007885,1,3,2308200004,하이드파크
e_e007885,1,4,2308200005,경기도 어린이 박물관
e_e007885,1,5,2308200006,삼대째 손두부
e_e007885,1,6,2308200002,집
e_e007886,1,1,2308260001,집
e_e007886,1,2,2308260002,강서습지생태공원
e_e007886,1,3,2308260003,헤이 더 그린
e_e007886,1,4,2308260004,집
e_e007887,1,1,2308270001,집
e_e007887,1,2,2308270003,북한산 천연 옥 워터파크
e_e007887,1,3,2308270004,오늘 제빵소
e_e007887,1,4,2308270002,집
e_e007888,1,1,2308200001,집
e_e007888,1,2,2308200002,홍콩반점 41 망원시장점
e_e007888,1,3,2308200003,카페 하모니
e_e007888,1,4,2308200004,산리 오러 버스 클럽
e_e007888,1,5,2308200005,KTG 상상마당 홍대
e_e007888,1,6,2308200006,집
e_e007890,1,1,2308260001,집
e_e007890,1,2,2308260002,메콩 카페
e_e007890,1,3,2308260003,한국 초콜릿 연구소 뮤지엄
e_e007890,1,4,2308260004,집
e_e007895,1,1,2308240001,집
e_e007895,1,2,2308240003,캐리비안베이
e_e007895,1,3,2308240002,집
e_e007914,1,1,2308270001,집
e_e007914,1,2,2308270003,이케아 광명점
e_e007914,1,3,2308270004,광명동굴
e_e007914,1,4,2308270005,광명 업사이클 아트센터
e_e007914,1,5,2308270006,신전 떡볶이 영등포점
e_e007914,1,6,2308270002,집
e_e007918,1,1,2308260001,집
e_e007918,1,2,2308260002,빛의 시어터
e_e007918,1,3,2308260003,집
e_e007925,1,1,2308210001,집
e_e007925,1,2,2308210002,화성 융릉과 건릉
e_e007925,1,3,2308210003,용주사
e_e007925,1,4,2308210004,넘버 1고기짬뽕
e_e007925,1,5,2308210005,마트 킹 안녕점
e_e007925,1,6,2308210006,집
e_e007937,1,1,2308240001,집
e_e007937,1,2,2308240002,에버랜드
e_e007937,1,3,2308240003,집
e_e007971,1,1,2308200001,집
e_e007971,1,2,2308200002,캠프 통 아일랜드
e_e007971,1,3,2308200003,청평 돌 짜장
e_e007971,1,4,2308200004,집
e_e007976,1,1,2308240001,집
e_e007976,1,2,2308240002,킨텍스 제2전시장
e_e007976,1,3,2308240003,탤런트 박철호의 덕이동 주막
e_e007976,1,4,2308240004,일룸 파주 운정점
e_e007976,1,5,2308240005,은마길 51 바자르 다원몰 창고형 할인매장 2층
e_e007976,1,6,2308240006,해이미쉬
e_e007976,1,7,2308240007,핀란디아 고양 내유점
e_e007976,1,8,2308240008,친지 집 방문
e_e007976,1,9,2308240009,집
e_e007977,1,1,2308250005,집
e_e007977,1,2,2308250001,상동호수 공원
e_e007977,1,3,2308250002,부천 호수 식물원 수피아
e_e007977,1,4,2308250003,디벨롭커피랩
e_e007977,1,5,2308250004,경남아파트
e_e007979,1,1,2308200001,집
e_e007979,1,2,2308200002,셀럽 수프 그릭 요구르트 청주 오창점
e_e007979,1,3,2308200003,문백 휴게소
e_e007979,1,4,2308200005,롯데 프리미엄 아울렛 타임 빌라스
e_e007979,1,5,2308200006,웁스어데이지 롯데 타임 빌라스
e_e007979,1,6,2308200007,백운호수
e_e007979,1,7,2308200004,집
e_e007981,1,1,2308200001,집
e_e007981,1,2,2308200003,카페 숨
e_e007981,1,3,2308200004,두메산골
e_e007981,1,4,2308200002,산들마을서광청구아파트
e_e007984,1,1,2308190001,집
e_e007984,1,2,2308190003,성경만 두 요리 전문점 에버랜드점
e_e007984,1,3,2308190004,에버랜드 스피드웨이
e_e007984,1,4,2308190002,집
e_e007993,1,1,2308230001,집
e_e007993,1,2,2308230003,삼성역 2호선
e_e007993,1,3,2308230004,바나 프레소 삼성점
e_e007993,1,4,2308230005,코오롱인더스트리 FnC 부문
e_e007993,1,5,2308230006,스타필드 코엑스몰
e_e007993,1,6,2308230007,현대백화점 무역센터점
e_e007993,1,7,2308230008,앤에 커피 코엑스점
e_e007993,1,8,2308230002,집
e_e007995,1,1,2308210001,집
e_e007995,1,2,2308210003,장자호수 공원
e_e007995,1,3,2308210004,토평 동 대표 구리 토평점
e_e007995,1,4,2308210005,광개토태왕 광장
e_e007995,1,5,2308210006,오늘 제빵소
e_e007995,1,6,2308210002,집
e_e008006,1,1,2308210001,사무실
e_e008006,1,2,2308210003,새로 오픈하는 대관 스튜디오
e_e008006,1,3,2308210004,손 커피연구소 영종하늘도시점
e_e008006,1,4,2308210005,영종 둘레길
e_e008006,1,5,2308210006,말이 우물
e_e008006,1,6,2308210007,김종수 멸치국수
e_e008006,1,7,2308210002,우리 집
e_e008007,1,1,2309020001,집
e_e008007,1,2,2309020002,롯데 프리미엄 아울렛 기흥점
e_e008007,1,3,2309020003,이케아 기흥점
e_e008007,1,4,2309020004,한국민속촌
e_e008007,1,5,2309020005,남촌 마트
e_e008007,1,6,2309020006,집
e_e008013,1,1,2308210001,집
e_e008013,1,2,2308210003,라헬의 부엌 홍대점
e_e008013,1,3,2308210004,홍대 패션거리
e_e008013,1,4,2308210005,유키 찹쌀떡 연남점
e_e008013,1,5,2308210006,하루노 유키
e_e008013,1,6,2308210007,풍무 센트럴 푸르지오 아파트
e_e008013,1,7,2308210002,풍무 센트럴 푸르지오 아파트
e_e008027,1,1,2308200001,집
e_e008027,1,2,2308200002,용산역
e_e008027,1,3,2308200003,인천역 1호선
e_e008027,1,4,2308200004,인천 차이나타운
e_e008027,1,5,2308200005,월미테마파크
e_e008027,1,6,2308200006,인천 차이나타운
e_e008027,1,7,2308200007,인천역 1호선
e_e008027,1,8,2308200008,용산역 1호선
e_e008027,1,9,2308200009,집
e_e008030,1,1,2308260001,집
e_e008030,1,2,2308260002,온 사이트 클라이밍
e_e008030,1,3,2308260003,스타필드 코엑스몰
e_e008030,1,4,2308260004,별마다 도서관
e_e008030,1,5,2308260005,스타필드 코엑스몰
e_e008030,1,6,2308260006,니뽕내뽕 코엑스점
e_e008030,1,7,2308260007,이마트 24 스타필드 코엑스몰 1호점
e_e008030,1,8,2308260008,대한불교조계종 봉은사
e_e008030,1,9,2308260009,디저트 39 삼성점
e_e008030,1,10,2308260010,세양청마루 아파트
e_e008034,1,1,2308200001,집
e_e008034,1,2,2308200003,오마카세 오산이 초밥 대학로점
e_e008034,1,3,2308200005,시현하다 프레임 대학로점
e_e008034,1,4,2308200004,피카소 소극장
e_e008034,1,5,2308200006,청와대 본관
e_e008034,1,6,2308200007,아웃백 스테이크하우스 광화문 D 타워점
e_e008034,1,7,2308200002,집
e_e008050,1,1,2308210001,집
e_e008050,1,2,2308210002,루나 마레
e_e008050,1,3,2308210003,쏠마레
e_e008050,1,4,2308210004,씨사이드 파크
e_e008050,1,5,2308210005,집
e_e008053,1,1,2308250001,집
e_e008053,1,2,2308250003,애슐리 퀸즈 잠실 롯데캐슬점
e_e008053,1,3,2308250004,서울스카이
e_e008053,1,4,2308250005,롯데월드 아쿠아리움
e_e008053,1,5,2308250002,집
e_e008056,1,1,2308220001,집
e_e008056,1,2,2308220002,청 시행 남양주점
e_e008056,1,3,2308220003,남양주 한강 체육공원 주차장
e_e008056,1,4,2308220004,스파디움24
e_e008056,1,5,2308220005,한솔 냉면 돌장각 남양주 아울렛 스페이스 원
e_e008056,1,6,2308220007,메가박스 남양주 현대 아울렛 스페이스 원
e_e008056,1,7,2308220006,현대 프리미엄 아울렛 스페이스 원
e_e008056,1,8,2308220008,집
e_e008057,1,1,2308300001,집
e_e008057,1,2,2308300003,국립중앙박물관
e_e008057,1,3,2308300004,긴자 료코 성신여대점
e_e008057,1,4,2308300005,락휴 노래연습장 성신여대점
e_e008057,1,5,2308300006,핀벨
e_e008057,1,6,2308300002,집
e_e008069,1,1,2308270001,집
e_e008069,1,2,2308270003,메가 MGC 커피 하남 시청역점
e_e008069,1,3,2308270004,캠프통포레스트
e_e008069,1,4,2308270005,청평 호반 닭갈비 막국수 설악점
e_e008069,1,5,2308270006,친구 집
e_e008069,1,6,2308270007,본가
e_e008069,1,7,2308270002,집
e_e008076,1,1,2309020001,집
e_e008076,1,2,2309020002,율동 공원
e_e008076,1,3,2309020004,안집
e_e008076,1,4,2309020005,종화
e_e008076,1,5,2309020003,집
e_e008079,1,1,2308260001,집
e_e008079,1,2,2308260002,홍콩반점 41 강남역점
e_e008079,1,3,2308260003,경복궁
e_e008079,1,4,2308260004,청와대 본관
e_e008079,1,5,2308260005,광화문광장
e_e008079,1,6,2308260006,명동거리
e_e008079,1,7,2308260007,집
e_e008086,1,1,2308260001,집
e_e008086,1,2,2308260003,알지 비버 거(rgbburger)
e_e008086,1,3,2308260004,스카프
e_e008086,1,4,2308260005,신세계백화점 타임스퀘어점
e_e008086,1,5,2308260006,타임스퀘어
e_e008086,1,6,2308260002,집
e_e008089,1,1,2308220001,집
e_e008089,1,2,2308220003,찰스 상점 길동 본점
e_e008089,1,3,2308220004,무지렁이 계곡
e_e008089,1,4,2308220005,의정부 미술 도서관
e_e008089,1,5,2308220006,알마 호텔
e_e008089,1,6,2308220007,한가 정통 어죽
e_e008089,1,7,2308220008,봉선사
e_e008089,1,8,2308220002,집
e_e008098,1,1,2308220001,집
e_e008098,1,2,2308220003,로고스 비비큐 스타필드 하남점
e_e008098,1,3,2308220004,스타필드 하남
e_e008098,1,4,2308220005,스무디킹 스타필드 하남점
e_e008098,1,5,2308220002,인계 미루
e_e008106,1,1,2308210001,집
e_e008106,1,2,2308210002,안양예술공원 공영주차장
e_e008106,1,3,2308210003,천골 오리
e_e008106,1,4,2308210004,안양예술공원
e_e008106,1,5,2308210005,집
e_e008113,1,1,2308200001,집
e_e008113,1,2,2308200002,레드 파이프
e_e008113,1,3,2308200003,헤이리 예술마을
e_e008113,1,4,2308200004,국립민속박물관 파주
e_e008113,1,5,2308200005,최고야손해물짬뽕 본점
e_e008113,1,6,2308200006,집
e_e008116,1,1,2308200001,집
e_e008116,1,2,2308200002,의정부 음악 도서관
e_e008116,1,3,2308200003,코다리 진수성찬 연천 본점
e_e008116,1,4,2308200004,전곡선사 박물관
e_e008116,1,5,2308200005,연우 갤러리 카페
e_e008116,1,6,2308200006,낙성대 현대홈타운 아파트
e_e008119,1,1,2308190001,친구 친지 집
e_e008119,1,2,2308190003,신세계 프리미엄 아울렛 여주
e_e008119,1,3,2308190002,집
e_e008123,1,1,2308260001,집
e_e008123,1,2,2308260002,냉면 장인임 사부 국밥
e_e008123,1,3,2308260003,안양예술공원
e_e008123,1,4,2308260004,안양 워터랜드
e_e008123,1,5,2308260005,롯데 프리미엄 아울렛 타임 빌라스
e_e008123,1,6,2308260006,풍년 뼈다귀 해장국
e_e008123,1,7,2308260007,집
e_e008124,1,1,2309020001,집
e_e008124,1,2,2309020002,영심이 떡볶이 김밥 광교 2호점
e_e008124,1,3,2309020003,애브뉴 프랑 광교
e_e008124,1,4,2309020004,처갓집 양념치킨 우만점
e_e008124,1,5,2309020005,수원 월드컵 경기장
e_e008124,1,6,2309020006,요구르트 판다 광교호수공원점
e_e008124,1,7,2309020007,광교호수공원
e_e008124,1,8,2309020008,집
e_e008129,1,1,2308200002,집
e_e008129,1,2,2308200001,캠프통포레스트펜션
e_e008129,1,3,2308200003,고해옥
e_e008129,1,4,2308200004,어라운드 엘
e_e008129,1,5,2308200005,집
e_e008133,1,1,2308260001,집
e_e008133,1,2,2308260003,레드 브리지
e_e008133,1,3,2308260004,마장호수 출렁다리
e_e008133,1,4,2308260005,고구려 최강 달인의 집
e_e008133,1,5,2308260006,롯데 프리미엄 아울렛 파주점
e_e008133,1,6,2308260002,집
e_e008165,1,1,2308230001,집
e_e008165,1,2,2308230002,동대문디자인플라자
e_e008165,1,3,2308230003,스타벅스 동대문디자인플라자점
e_e008165,1,4,2308230004,포토 그레이 서울 연남점
e_e008165,1,5,2308230005,앤티크 커피 연남점
e_e008165,1,6,2308230006,롯데월드
e_e008165,1,7,2308230007,스쿨푸드 롯데월드점
e_e008165,1,8,2308230008,집
e_e008170,1,1,2308250001,집
e_e008170,1,2,2308250002,SETEC
e_e008170,1,3,2308250003,한우리 센트럴시티점
e_e008170,1,4,2308250004,젤라띠젤라띠 센트럴시티점
e_e008170,1,5,2308250005,강남 터미널 경부선 지하상가
e_e008170,1,6,2308250006,신세계백화점 강남점
e_e008170,1,7,2308250007,집
e_e008174,1,1,2308220001,집
e_e008174,1,2,2308220002,라멘 구락부
e_e008174,1,3,2308220003,모락산
e_e008174,1,4,2308220004,커피 케어
e_e008174,1,5,2308220005,류지
e_e008174,1,6,2308220006,집
e_e008178,1,1,2308220001,집
e_e008178,1,2,2308220002,에버랜드 발레파킹 주차장
e_e008178,1,3,2308220003,에버랜드 정문
e_e008178,1,4,2308220004,에버랜드 판다 월드
e_e008178,1,5,2308220005,에버랜드 판다 월드 숍
e_e008178,1,6,2308220006,에버랜드 휴먼 스카이
e_e008178,1,7,2308220007,에버랜드 물범과 바다사자
e_e008178,1,8,2308220008,에버랜드 알버트 스페이스센터
e_e008178,1,9,2308220009,에버랜드 뿌빠타운
e_e008178,1,10,2308220010,에버랜드 로스트 밸리
e_e008178,1,11,2308220011,오오 츄
e_e008178,1,12,2308220012,에버랜드 로스트 밸리 숍
e_e008178,1,13,2308220014,에버랜드 알파인 카니발
e_e008178,1,14,2308220013,에버랜드 알파인 종합 식당
e_e008178,1,15,2308220015,에버랜드 스카이웨이 기프트
e_e008178,1,16,2308220016,커피빈 용인 에버랜드점
e_e008178,1,17,2308220017,에버랜드 포 시즌스 가든
e_e008178,1,18,2308220018,인생 네 컷 용인 에버랜드 2호점
e_e008178,1,19,2308220019,에버랜드 로얄쥬빌리캐로셀
e_e008178,1,20,2308220020,에버랜드 범퍼카
e_e008178,1,21,2308220021,에버랜드 스카이 크루즈
e_e008178,1,22,2308220022,에버랜드 챔피언십 로데오
e_e008178,1,23,2308220023,뉴욕 센트럴 스낵
e_e008178,1,24,2308220024,에버랜드 그랜드 엠포리엄
e_e008178,1,25,2308220025,뉴욕 센트럴 스낵
e_e008178,1,26,2308220026,에버랜드 오리엔탈 누들 레스토랑
e_e008178,1,27,2308220027,에버랜드 발레파킹 주차장
e_e008178,1,28,2308220028,집
e_e008181,1,1,2308240001,집
e_e008181,1,2,2308240003,창신골목시장
e_e008181,1,3,2308240004,올덴 브라운 동묘점
e_e008181,1,4,2308240005,동묘벼룩시장
e_e008181,1,5,2308240006,동묘공원
e_e008181,1,6,2308240007,청계천
e_e008181,1,7,2308240008,동대문디자인플라자
e_e008181,1,8,2308240009,두타몰
e_e008181,1,9,2308240010,고기 온
e_e008181,1,10,2308240002,집
e_e008195,1,1,2308260001,집
e_e008195,1,2,2308260003,고기리 국수관
e_e008195,1,3,2308260004,도넛 드로잉
e_e008195,1,4,2308260005,용인자연휴양림
e_e008195,1,5,2308260002,동행자 집에서 여행 종료
e_e008201,1,1,2308200001,집
e_e008201,1,2,2308200003,마츠리동
e_e008201,1,3,2308200004,위 해브 투데이
e_e008201,1,4,2308200005,하이 시리얼
e_e008201,1,5,2308200006,개울
e_e008201,1,6,2308200002,집
e_e008211,1,1,2308210001,집
e_e008211,1,2,2308210003,해상 궁
e_e008211,1,3,2308210004,카페라 봉
e_e008211,1,4,2308210005,선녀바위
e_e008211,1,5,2308210006,맘스터치 영종넙디점
e_e008211,1,6,2308210002,집
e_e008214,1,1,2308260001,집
e_e008214,1,2,2308260003,아쿠아 필드 하남
e_e008214,1,3,2308260004,포러 데이
e_e008214,1,4,2308260002,이 안채 B
e_e008218,1,1,2308290001,집
e_e008218,1,2,2308290002,전설의 왕만두 이천점
e_e008218,1,3,2308290003,포토 그레이 이천 창전점
e_e008218,1,4,2308290004,올리브영 이천 중앙로점
e_e008218,1,5,2308290005,태극당
e_e008218,1,6,2308290006,롯데 프리미엄 아울렛 이천점
e_e008218,1,7,2308290007,삼미 분식
e_e008218,1,8,2308290008,르다즐
e_e008218,1,9,2308290009,집
e_e008231,1,1,2308270001,집
e_e008231,1,2,2308270002,송도컨벤시아
e_e008231,1,3,2308270003,트리플 스트리트
e_e008231,1,4,2308270004,현대 프리미엄 아울렛 송도점
e_e008231,1,5,2308270005,송도센트럴파크
e_e008231,1,6,2308270006,집
e_e008243,1,1,2308250001,집
e_e008243,1,2,2308250002,예술의전당
e_e008243,1,3,2308250003,믿을 신
e_e008243,1,4,2308250004,해머스미스 커피 교대 정문점
e_e008243,1,5,2308250005,교보문고 잠실점
e_e008243,1,6,2308250006,집
e_e008245,1,1,2308300001,집
e_e008245,1,2,2308300002,난포
e_e008245,1,3,2308300003,오브 뉴
e_e008245,1,4,2308300006,더 현대 서울
e_e008245,1,5,2308300004,서울 앵무새
e_e008245,1,6,2308300005,용산 아이파크몰 이벤트파크
e_e008245,1,7,2308300007,남산공원 N서울타워
e_e008245,1,8,2308300008,삼가역 에버라인
e_e008247,1,1,2308270001,집
e_e008247,1,2,2308270002,갈매 동구릉 톨게이트
e_e008247,1,3,2308270003,할리스 올림픽공원 역점
e_e008247,1,4,2308270004,KSPO 돔
e_e008247,1,5,2308270005,하남돼지집 송파 풍납점
e_e008247,1,6,2308270006,민락 톨게이트
e_e008247,1,7,2308270007,집
e_e008250,1,1,2308210001,집
e_e008250,1,2,2308210003,반월역 4호선
e_e008250,1,3,2308210004,수원역
e_e008250,1,4,2308210005,수원 화성
e_e008250,1,5,2308210006,팔달구청 내 카페
e_e008250,1,6,2308210007,하이파킹 수원역 롯데몰 주차장
e_e008250,1,7,2308210002,집
e_e008258,1,1,2308220001,집
e_e008258,1,2,2308220003,스타벅스 북촌로점
e_e008258,1,3,2308220002,런던 베이글 뮤지엄 안국점
e_e008258,1,4,2308220004,국립현대미술관 서울
e_e008258,1,5,2308220005,카페 레이어드 안국점
e_e008258,1,6,2308220006,집
e_e008283,1,1,2308200001,집
e_e008283,1,2,2308200002,이케아 고양점
e_e008283,1,3,2308200003,서오릉
e_e008283,1,4,2308200005,스타필드 고양
e_e008283,1,5,2308200004,서오릉순메밀막국수
e_e008283,1,6,2308200006,집
e_e008286,1,1,2308310001,친구 친지 집
e_e008286,1,2,2308310002,한지문화산업센터
e_e008286,1,3,2308310003,어둠 속의 대화
e_e008286,1,4,2308310004,하이디라오 명동점
e_e008286,1,5,2308310005,성복역 리버파크 아파트
e_e008290,1,1,2308260001,집
e_e008290,1,2,2308260002,가평 돼지국밥
e_e008290,1,3,2308260003,자라섬 캠핑장 잔디광장
e_e008290,1,4,2308260004,베이커리 시어터
e_e008290,1,5,2308260005,버거킹 김포 풍무역점
e_e008290,1,6,2308260006,집
e_e008291,1,1,2308190001,집
e_e008291,1,2,2308190002,하나로마트 창동점
e_e008291,1,3,2308190003,장흥 참숯가마
e_e008291,1,4,2308190004,하나로마트 창동점
e_e008291,1,5,2308190005,집
e_e008292,1,1,2308260001,집
e_e008292,1,2,2308260002,왕산해수욕장
e_e008292,1,3,2308260003,집
e_e008293,1,1,2308200001,집
e_e008293,1,2,2308200003,피콜로
e_e008293,1,3,2308200004,스타벅스 의정부 장암 DT점
e_e008293,1,4,2308200005,미호
e_e008293,1,5,2308200006,시가 올 비빔국수
e_e008293,1,6,2308200007,한강공원 삼패지구
e_e008293,1,7,2308200002,집
e_e008294,1,1,2308180001,집
e_e008294,1,2,2308180002,콘 부 더 현대 서울
e_e008294,1,3,2308180003,미켈레 커피
e_e008294,1,4,2308180004,더 현대 서울
e_e008294,1,5,2308180005,불타는 꼬꼬 발 숭실대점
e_e008294,1,6,2308180006,역전 할머니 맥주 서울 숭실대점
e_e008294,1,7,2308180007,리코스타코인노래연습장
e_e008294,1,8,2308180008,집
e_e008295,1,1,2308310001,집
e_e008295,1,2,2308310002,석촌역 8호선
e_e008295,1,3,2308310003,프린스 오브 석촌 레이크
e_e008295,1,4,2308310004,석촌호수 서호
e_e008295,1,5,2308310005,롯데월드타워 롯데월드몰
e_e008295,1,6,2308310006,롯데월드타워 롯데월드몰
e_e008295,1,7,2308310007,롯데월드타워 롯데월드몰
e_e008295,1,8,2308310008,잠실역 8호선
e_e008295,1,9,2308310009,집
e_e008296,1,1,2308200001,친구 친지 집
e_e008296,1,2,2308200002,바비레드 수원점
e_e008296,1,3,2308200003,AK플라자 수원
e_e008296,1,4,2308200004,집
e_e008297,1,1,2308260001,집
e_e008297,1,2,2308260003,국회의사당역 9호선
e_e008297,1,3,2308260004,크레도 종로 프리미엄점
e_e008297,1,4,2308260005,광장시장
e_e008297,1,5,2308260006,양화한강공원
e_e008297,1,6,2308260007,허브족발
e_e008297,1,7,2308260002,집
e_e008298,1,1,2308190001,집
e_e008298,1,2,2308190003,서현동 카 카페
e_e008298,1,3,2308190004,제과점
e_e008298,1,4,2308190005,태현공원
e_e008298,1,5,2308190006,AK플라자 분당
e_e008298,1,6,2308190007,분당중앙공원
e_e008298,1,7,2308190008,싸다 김밥 집
e_e008298,1,8,2308190002,집
e_e008299,1,1,2308200001,집
e_e008299,1,2,2308200003,후정공원 놀이터 1
e_e008299,1,3,2308200004,부평 굴로 누리 기후변화체험관
e_e008299,1,4,2308200005,현대석유 현대 셀프주유소
e_e008299,1,5,2308200002,집
e_e008300,1,1,2308200001,집
e_e008300,1,2,2308200002,사계절 고향 쌈밥
e_e008300,1,3,2308200003,논 스페이스
e_e008300,1,4,2308200004,테르메덴
e_e008300,1,5,2308200005,감치래 비빔국수 본점
e_e008300,1,6,2308200006,스노 망고
e_e008300,1,7,2308200007,집
e_e008301,1,1,2308260001,집
e_e008301,1,2,2308260002,송추계곡
e_e008301,1,3,2308260003,평양면옥 송추 본점
e_e008301,1,4,2308260004,집
e_e008302,1,1,2308260001,집
e_e008302,1,2,2308260003,호밀 호두 의정부역점
e_e008302,1,3,2308260002,의정부시 퓨전문화 관광 홍보관
e_e008302,1,4,2308260004,후기숙 할머니 원조 어묵 식당 의정부 본점
e_e008302,1,5,2308260005,의정부 제일시장
e_e008302,1,6,2308260006,C27
e_e008302,1,7,2308260007,호밀 호두 의정부역점
e_e008302,1,8,2308260008,집
e_e008303,1,1,2308270001,집
e_e008303,1,2,2308270002,테라로사 포스코센터점
e_e008303,1,3,2308270003,도곡 햇살 소공원
e_e008303,1,4,2308270004,롯데백화점 강남점
e_e008303,1,5,2308270005,집
e_e008304,1,1,2308260001,집
e_e008304,1,2,2308260003,킨텍스 제2전시장 7홀
e_e008304,1,3,2308260004,킨텍스 제2전시장 6홀
e_e008304,1,4,2308260005,헤이리 예술마을
e_e008304,1,5,2308260006,맛나 반점
e_e008304,1,6,2308260002,집
e_e008305,1,1,2308250001,집
e_e008305,1,2,2308250002,장기리 추어탕
e_e008305,1,3,2308250003,황어장터 삼일 만세운동 기념관
e_e008305,1,4,2308250004,컴포즈커피 인천 장기범
e_e008305,1,5,2308250005,롯데몰 김포공항점
e_e008305,1,6,2308250006,집
e_e008306,1,1,2308190001,집
e_e008306,1,2,2308190002,장흥 자연휴양림 유수풀 물놀이 장
e_e008306,1,3,2308190003,강경 불고기 송추점
e_e008306,1,4,2308190004,오랑주리
e_e008306,1,5,2308190005,국립 아세안자연휴양림
e_e008306,1,6,2308190006,집
e_e008306,1,7,2308190007,집
e_e008306,1,8,2308190008,집
e_e008307,1,1,2308230001,집
e_e008307,1,2,2308230003,하뫼울
e_e008307,1,3,2308230002,집
e_e008309,1,1,2308240001,집
e_e008309,1,2,2308240002,강남구청역 7호선
e_e008309,1,3,2308240003,행주산성
e_e008309,1,4,2308240004,포지티브 스페이스 566
e_e008309,1,5,2308240005,강민주의 들밥 김포점
e_e008309,1,6,2308240006,집
e_e008310,1,1,2308200001,집
e_e008310,1,2,2308200002,고등동성당
e_e008310,1,3,2308200003,동네 분식
e_e008310,1,4,2308200004,신작로 근대 거리
e_e008310,1,5,2308200006,수원 화성 화홍문
e_e008310,1,6,2308200005,스타벅스 수원 화성행궁점
e_e008310,1,7,2308200007,방화수류정
e_e008310,1,8,2308200008,코우도 광교앨리웨이호수공원점
e_e008310,1,9,2308200009,아우어 베이커리 광교 앨리 웨이점
e_e008310,1,10,2308200010,집
e_e008311,1,1,2308190001,집
e_e008311,1,2,2308190002,스타벅스 광교 SK 뷰 레이크 41F 점
e_e008311,1,3,2308190003,광교복합체육센터
e_e008311,1,4,2308190004,고기리 막국수
e_e008311,1,5,2308190005,집
e_e008312,1,1,2308280001,친구 친지 집
e_e008312,1,2,2308280002,마루 정원 제빵소
e_e008312,1,3,2308280003,논밭길
e_e008312,1,4,2308280004,고등어 사랑
e_e008312,1,5,2308280005,친구 집
e_e008312,1,6,2308280006,집
e_e008313,1,1,2308200001,집
e_e008313,1,2,2308200002,임진각 평화누리
e_e008313,1,3,2308200003,문지리 535
e_e008313,1,4,2308200004,집
e_e008315,1,1,2308260001,집
e_e008315,1,2,2308260002,수원 화성 화홍문
e_e008315,1,3,2308260003,방화수류정
e_e008315,1,4,2308260004,수원 전통문화관 예절교육관
e_e008315,1,5,2308260005,행리단길
e_e008315,1,6,2308260006,노워크 행궁
e_e008315,1,7,2308260007,후 클라비
e_e008315,1,8,2308260008,집
e_e008319,1,1,2308260001,집
e_e008319,1,2,2308260002,파주 놀이 구름
e_e008319,1,3,2308260003,긴자 료코 파주 야당점
e_e008319,1,4,2308260004,말똥 도넛 파주점
e_e008319,1,5,2308260005,집
e_e008320,1,1,2308250001,집
e_e008320,1,2,2308250002,성남 큐브미술관
e_e008320,1,3,2308250003,알라딘 중고서점 분당 야탑점
e_e008320,1,4,2308250004,성남중앙공설시장
e_e008320,1,5,2308250006,투썸플레이스 성남 태평역점
e_e008320,1,6,2308250005,성남중앙 칼국수
e_e008320,1,7,2308250007,집
e_e008321,1,1,2308260001,집
e_e008321,1,2,2308260002,로스트 포레스트
e_e008321,1,3,2308260003,용인자연휴양림
e_e008321,1,4,2308260004,롯데 프리미엄 아울렛 기흥점
e_e008321,1,5,2308260005,오산 센트럴 푸르지오
e_e008322,1,1,2308270001,집
e_e008322,1,2,2308270002,용인 어린이 상상의 숲
e_e008322,1,3,2308270003,못골 한옥어린이 도서관
e_e008322,1,4,2308270004,리숨두부
e_e008322,1,5,2308270005,면포 도궁
e_e008322,1,6,2308270006,집
e_e008323,1,1,2308270001,집
e_e008323,1,2,2308270002,도깨비방망이
e_e008323,1,3,2308270003,네이처독
e_e008323,1,4,2308270004,집
e_e008324,1,1,2308210001,집
e_e008324,1,2,2308210002,갤러리아백화점 광교점
e_e008324,1,3,2308210003,광교호수공원
e_e008324,1,4,2308210004,집
e_e008326,1,1,2308200001,집
e_e008326,1,2,2308200002,비스타 워커힐 서울 피자힐
e_e008326,1,3,2308200003,비스타 워커힐 서울
e_e008326,1,4,2308200004,집
e_e008328,1,1,2308200001,집
e_e008328,1,2,2308200002,국립과천과학관
e_e008328,1,3,2308200003,속초 코다리 본가 과천점
e_e008328,1,4,2308200004,집
e_e008329,1,1,2308300001,집
e_e008329,1,2,2308300002,메콩
e_e008329,1,3,2308300003,스타필드 하남
e_e008329,1,4,2308300004,집
e_e008330,1,1,2308260001,집
e_e008330,1,2,2308260003,서울고속버스터미널(경부)
e_e008330,1,3,2308260004,얼큰 수제비
e_e008330,1,4,2308260005,더 현대 서울
e_e008330,1,5,2308260006,누님 주얼리 더 현대 서울점
e_e008330,1,6,2308260007,나이키 더 현대 서울점
e_e008330,1,7,2308260008,투스크
e_e008330,1,8,2308260009,복만루
e_e008330,1,9,2308260010,서울역
e_e008330,1,10,2308260011,스타벅스 대전 월평점
e_e008330,1,11,2308260002,집
e_e008332,1,1,2308200001,집
e_e008332,1,2,2308200002,오늘 손두부
e_e008332,1,3,2308200003,CU 용인 에버랜드점
e_e008332,1,4,2308200004,에버랜드
e_e008332,1,5,2308200005,지고바 대소점
e_e008332,1,6,2308200006,집
e_e008333,1,1,2308260001,집
e_e008333,1,2,2308260003,고양어린이 박물관
e_e008333,1,3,2308260002,집
e_e008334,1,1,2308210001,집
e_e008334,1,2,2308210002,송산역 의정부 경전철
e_e008334,1,3,2308210003,회룡역 1호선
e_e008334,1,4,2308210004,청량리역
e_e008334,1,5,2308210011,롯데시네마 청량리
e_e008334,1,6,2308210005,할머니 냉면
e_e008334,1,7,2308210006,바불리 옛날 왕만두 청량리역점
e_e008334,1,8,2308210007,서울약령 시장
e_e008334,1,9,2308210008,경동시장
e_e008334,1,10,2308210009,청량리 청과물 시장
e_e008334,1,11,2308210010,답십리 굴다리 지하차도
e_e008334,1,12,2308210012,스타벅스 경동 196점
e_e008334,1,13,2308210013,금성 전파사 새로고침 센터
e_e008334,1,14,2308210014,집
e_e008338,1,1,2308240001,집
e_e008338,1,2,2308240002,산오리 회전 구이
e_e008338,1,3,2308240003,아나키아
e_e008338,1,4,2308240004,집
e_e008341,1,1,2308250001,집
e_e008341,1,2,2308250002,너의 안
e_e008341,1,3,2308250003,묵리 459
e_e008341,1,4,2308250004,집
e_e008342,1,1,2308200001,집
e_e008342,1,2,2308200002,파라다이스 시티 호텔 더 스파 앳 파라다이스
e_e008342,1,3,2308200003,바담 칼국수
e_e008342,1,4,2308200004,송도센트럴파크
e_e008342,1,5,2308200005,집
e_e008344,1,1,2308250001,집
e_e008344,1,2,2308250002,국립수목원
e_e008344,1,3,2308250003,육 남매 별빛촌
e_e008344,1,4,2308250004,라빈느샵
e_e008344,1,5,2308250005,집
e_e008346,1,1,2308190001,집
e_e008346,1,2,2308190002,북촌 손만두 인천서창점
e_e008346,1,3,2308190003,한국민속촌
e_e008346,1,4,2308190004,집
e_e008347,1,1,2308260001,집
e_e008347,1,2,2308260002,이케아 광명점
e_e008347,1,3,2308260003,회랑 게랑
e_e008347,1,4,2308260004,광명동굴
e_e008347,1,5,2308260005,집
e_e008348,1,1,2308200001,집
e_e008348,1,2,2308200003,말똥 도넛 파주점
e_e008348,1,3,2308200004,심학산 도토리 국수 본점
e_e008348,1,4,2308200005,헤이리 예술마을
e_e008348,1,5,2308200002,집
e_e008354,1,1,2308240001,집
e_e008354,1,2,2308240002,서울 식물원 식물 문화센터
e_e008354,1,3,2308240003,마곡 문화관
e_e008354,1,4,2308240004,서울 식물원
e_e008354,1,5,2308240005,베이글 리스트
e_e008354,1,6,2308240006,집
e_e008355,1,1,2308310001,집
e_e008355,1,2,2308310002,남이섬 안 반지 닭갈비 1호점
e_e008355,1,3,2308310003,남이섬
e_e008355,1,4,2308310004,스시 이안 미사 본점
e_e008355,1,5,2308310005,집
e_e008364,1,1,2308220001,집
e_e008364,1,2,2308220002,CGV 스타필드 시티 위례
e_e008364,1,3,2308220003,스타필드 시티 위례
e_e008364,1,4,2308220004,후 식당
e_e008364,1,5,2308220005,위례 중앙 타워
e_e008364,1,6,2308220006,파리 공방 카페
e_e008364,1,7,2308220007,집
e_e008369,1,1,2308230001,집
e_e008369,1,2,2308230003,에버랜드 정문 주차장
e_e008369,1,3,2308230004,광야@ 에버랜드점
e_e008369,1,4,2308230005,에버랜드 그랜드 엠포리엄
e_e008369,1,5,2308230006,에버랜드 차이나 문
e_e008369,1,6,2308230009,에버랜드 범퍼카
e_e008369,1,7,2308230007,에버랜드 판다 월드
e_e008369,1,8,2308230008,에버랜드 그랜드 엠포리엄
e_e008369,1,9,2308230010,에버랜드 고딕 기프트
e_e008369,1,10,2308230011,온더보더 에버랜드점
e_e008369,1,11,2308230002,집
e_e008390,1,1,2308260001,집
e_e008390,1,2,2308260002,캐비닛 베이글
e_e008390,1,3,2308260003,장안문 근처 거리
e_e008390,1,4,2308260004,오오 키친
e_e008390,1,5,2308260005,화성행궁
e_e008390,1,6,2308260006,카페 모종
e_e008390,1,7,2308260007,수원 화성 화서문
e_e008390,1,8,2308260008,집
e_e008404,1,1,2308220001,집
e_e008404,1,2,2308220003,한강진 역 6호선
e_e008404,1,3,2308220004,빠레뜨한남
e_e008404,1,4,2308220005,북파크라운지
e_e008404,1,5,2308220006,사운즈 한 남
e_e008404,1,6,2308220007,현대카드 뮤직 라이브러리
e_e008404,1,7,2308220008,사랑의 불고기
e_e008404,1,8,2308220009,블루스퀘어
e_e008404,1,9,2308220002,집
e_e008407,1,1,2308260001,집
e_e008407,1,2,2308260002,서울고속버스터미널(경부)
e_e008407,1,3,2308260003,더 현대 서울
e_e008407,1,4,2308260004,스타필드 코엑스몰
e_e008407,1,5,2308260005,컴포즈커피 강동 고덕역점
e_e008407,1,6,2308260006,강동아트센터
e_e008407,1,7,2308260007,집
e_e008414,1,1,2308290001,집
e_e008414,1,2,2308290003,핫 브레드 성신여대입구역점
e_e008414,1,3,2308290004,다이소 성신여대역점
e_e008414,1,4,2308290005,애정마라샹궈 본점
e_e008414,1,5,2308290006,아트팰리스
e_e008414,1,6,2308290007,서울고속버스터미널(경부)
e_e008414,1,7,2308290002,집
e_e008460,1,1,2308230001,집
e_e008460,1,2,2308230003,캠핑 스폿
e_e008460,1,3,2308230002,집
e_e008478,1,1,2308260001,집
e_e008478,1,2,2308260003,메가박스 킨텍스
e_e008478,1,3,2308260004,현대백화점 킨텍스점
e_e008478,1,4,2308260005,트레이더스 홀세일 클럽 킨텍스점
e_e008478,1,5,2308260006,킨텍스 제1전시장
e_e008478,1,6,2308260007,트레이더스 홀세일 클럽 킨텍스점
e_e008478,1,7,2308260002,집
e_e008483,1,1,2308230001,집
e_e008483,1,2,2308230004,신용산역 4호선
e_e008483,1,3,2308230002,LG유플러스 본사
e_e008483,1,4,2308230003,펠러 커피 용산점
e_e008483,1,5,2308230005,고척스카이돔
e_e008483,1,6,2308230006,구일역 1호선
e_e008483,1,7,2308230007,집
e_e008489,1,1,2308250001,집
e_e008489,1,2,2308250002,라고 드라비
e_e008489,1,3,2308250003,집
e_e008506,1,1,2308220001,집
e_e008506,1,2,2308220003,현대오일뱅크 직영 영종 셀프주유소
e_e008506,1,3,2308220004,스타벅스 연희 DT점
e_e008506,1,4,2308220005,머큐어 앰배서더 서울 홍대
e_e008506,1,5,2308220006,홍대입구역 사거리
e_e008506,1,6,2308220007,슈퍼 후퍼 버거 홍대점
e_e008506,1,7,2308220002,집
e_e008508,1,1,2308220001,집
e_e008508,1,2,2308220002,커피에 반하다 매탄 권선 역점
e_e008508,1,3,2308220003,신도림역 1호선
e_e008508,1,4,2308220004,AK플라자 홍대
e_e008508,1,5,2308220005,온정텐동
e_e008508,1,6,2308220006,집
e_e008510,1,1,2308260001,집
e_e008510,1,2,2308260003,스타벅스 종로 R 점
e_e008510,1,3,2308260002,북촌 한옥마을
e_e008510,1,4,2308260004,어둠 속의 대화
e_e008510,1,5,2308260005,왕생가 칼국수
e_e008510,1,6,2308260006,회화나무
e_e008510,1,7,2308260007,랜디스 도넛 안국점
e_e008510,1,8,2308260008,집
e_e008514,1,1,2308220001,집
e_e008514,1,2,2308220002,코코이찌방야 롯데몰 광명점
e_e008514,1,3,2308220003,이케아 광명점
e_e008514,1,4,2308220004,롯데몰 광명점
e_e008514,1,5,2308220005,집
e_e008520,1,1,2308250001,집
e_e008520,1,2,2308250002,광장시장
e_e008520,1,3,2308250003,청계천
e_e008520,1,4,2308250004,동대문디자인플라자
e_e008520,1,5,2308250005,앰배서더 서울 풀만호텔
e_e008520,1,6,2308250006,장충단공원
e_e008520,1,7,2308250007,집
e_e008528,1,1,2308260001,집
e_e008528,1,2,2308260003,블루에 미술관
e_e008528,1,3,2308260004,트로바
e_e008528,1,4,2308260005,엘리펀트 플라잉
e_e008528,1,5,2308260006,이그조틱
e_e008528,1,6,2308260002,집
e_e008530,1,1,2308260001,집
e_e008530,1,2,2308260003,서울역
e_e008530,1,3,2308260004,수원역
e_e008530,1,4,2308260008,방화수류정
e_e008530,1,5,2308260005,팜투하녹
e_e008530,1,6,2308260006,포토 그레이 수원 행궁점
e_e008530,1,7,2308260007,공간 상점
e_e008530,1,8,2308260009,대가 주점
e_e008530,1,9,2308260002,집
e_e008534,1,1,2308220006,집
e_e008534,1,2,2308220001,롯데 프리미엄 아울렛 파주점
e_e008534,1,3,2308220002,후쿠오카 함바기 롯데 프리미엄 아울렛 파주점
e_e008534,1,4,2308220004,모쿠슈라테이블
e_e008534,1,5,2308220003,헤이리 예술마을
e_e008534,1,6,2308220005,한아름 주택
e_e008545,1,1,2308270001,집
e_e008545,1,2,2308270002,SETEC
e_e008545,1,3,2308270003,코엑스
e_e008545,1,4,2308270004,노티스 삼성
e_e008545,1,5,2308270005,집
e_e008547,1,1,2308250001,집
e_e008547,1,2,2308250003,송월동 동화마을
e_e008547,1,3,2308250004,인천 차이나타운
e_e008547,1,4,2308250005,인천개항 박물관
e_e008547,1,5,2308250006,인천개항장 근대건축전시관
e_e008547,1,6,2308250007,대불호텔 전시관
e_e008547,1,7,2308250008,청실홍실 신포 본점
e_e008547,1,8,2308250009,포디엄 126
e_e008547,1,9,2308250010,신포국제시장
e_e008547,1,10,2308250002,집
e_e008560,1,1,2308270001,집
e_e008560,1,2,2308270002,못골종합시장
e_e008560,1,3,2308270003,수원 공방거리
e_e008560,1,4,2308270004,화담
e_e008560,1,5,2308270005,화성행궁
e_e008560,1,6,2308270006,팔달 삼림
e_e008560,1,7,2308270007,설빙 경기 용인 포곡점
e_e008560,1,8,2308270008,집
e_e008562,1,1,2308270001,집
e_e008562,1,2,2308270002,롯데백화점 인천점
e_e008562,1,3,2308270003,인천대공원
e_e008562,1,4,2308270004,블루 체어 커피
e_e008562,1,5,2308270005,부원 농원
e_e008562,1,6,2308270006,집
e_e008565,1,1,2308260001,집
e_e008565,1,2,2308260003,발리다
e_e008565,1,3,2308260004,에코바이크 대부점
e_e008565,1,4,2308260005,피자 플리즈
e_e008565,1,5,2308260006,탄도항
e_e008565,1,6,2308260002,집
e_e008577,1,1,2308270001,집
e_e008577,1,2,2308270003,신탄진역
e_e008577,1,3,2308270004,대전역
e_e008577,1,4,2308270005,브런치빈  광명역점
e_e008577,1,5,2308270006,고척스카이돔
e_e008577,1,6,2308270007,샤브촌 by 계백 집 고척 아이파크몰점
e_e008577,1,7,2308270008,탐앤탐스 광명 KTX 역사점
e_e008577,1,8,2308270002,집
e_e008583,1,1,2308260001,집
e_e008583,1,2,2308260003,출렁다리 쌈밥 마장호수 본점
e_e008583,1,3,2308260004,마장호수 제3주차장
e_e008583,1,4,2308260005,마장호수 출렁다리
e_e008583,1,5,2308260006,레드 브리지
e_e008583,1,6,2308260002,집
e_e008606,1,1,2308240001,집
e_e008606,1,2,2308240002,모퉁이 주방
e_e008606,1,3,2308240003,킨텍스
e_e008606,1,4,2308240004,현대백화점 킨텍스점
e_e008606,1,5,2308240005,트리아농
e_e008606,1,6,2308240006,집
e_e008623,1,1,2308260001,집
e_e008623,1,2,2308260003,라온 프리미엄 아파트
e_e008623,1,3,2308260004,남촌 배수지
e_e008623,1,4,2308260005,수누리 감자탕 영통점
e_e008623,1,5,2308260006,하우즈
e_e008623,1,6,2308260007,경희대학교 국제캠퍼스
e_e008623,1,7,2308260002,집
e_e008648,1,1,2308270001,집
e_e008648,1,2,2308270003,엄마 집
e_e008648,1,3,2308270004,현대백화점 킨텍스점
e_e008648,1,4,2308270005,앨리스 케이크 카레
e_e008648,1,5,2308270006,일산농협 로컬푸드 직매장 풍산점
e_e008648,1,6,2308270007,고양 휴게소 서울 방향
e_e008648,1,7,2308270002,집
e_e008650,1,1,2309030001,친구 친지 집
e_e008650,1,2,2309030002,가평 숯불 막국수 본점
e_e008650,1,3,2309030003,라틴 정원
e_e008650,1,4,2309030004,꿈의 동산 놀이공원
e_e008650,1,5,2309030005,남이섬
e_e008650,1,6,2309030006,니드 썸 레스트
e_e008650,1,7,2309030007,대호빌딩
e_e008652,1,1,2308270001,집
e_e008652,1,2,2308270002,히노야 마
e_e008652,1,3,2308270003,피넛버터 바나나
e_e008652,1,4,2308270004,서울 브루어리 성수점
e_e008652,1,5,2308270005,미어캣 프렌즈
e_e008652,1,6,2308270006,T1 베이스캠프
e_e008652,1,7,2308270007,24시 용산 원조 감자탕
e_e008652,1,8,2308270009,공차 서울역점
e_e008652,1,9,2308270008,집
e_e008656,1,1,2309080001,집
e_e008656,1,2,2309080003,광화문
e_e008656,1,3,2309080004,국립고궁박물관
e_e008656,1,4,2309080005,경복궁
e_e008656,1,5,2309080006,국립민속박물관
e_e008656,1,6,2309080007,풍년 쌀 농산
e_e008656,1,7,2309080008,안녕 인사동
e_e008656,1,8,2309080009,코비 브라이트 광화문점
e_e008656,1,9,2309080002,집
e_e008658,1,1,2309020001,집
e_e008658,1,2,2309020002,두끼떡볶이 인천 구월점
e_e008658,1,3,2309020003,구월동 로데오거리
e_e008658,1,4,2309020004,롯데백화점 인천점
e_e008658,1,5,2309020005,인천문화 예술 회관
e_e008658,1,6,2309020006,집
e_e008664,1,1,2308250001,집
e_e008664,1,2,2308250003,수원역 로데오거리
e_e008664,1,3,2308250004,수원 화성 연무대 관광안내소
e_e008664,1,4,2308250005,화성 관광열차 안내소 연무대 매표소
e_e008664,1,5,2308250006,이디야커피 수원 화홍문점
e_e008664,1,6,2308250007,수원 화성 화홍문
e_e008664,1,7,2308250008,행리단길
e_e008664,1,8,2308250009,노체부어
e_e008664,1,9,2308250002,집
e_e008666,1,1,2308240001,집
e_e008666,1,2,2308240002,서울역 광장
e_e008666,1,3,2308240003,코엑스 B 홀
e_e008666,1,4,2308240004,집
e_e008672,1,1,2308230001,집
e_e008672,1,2,2308230002,고상 식당
e_e008672,1,3,2308230003,집
e_e008672,1,4,2308230004,아침 고요 가족 동물원
e_e008672,1,5,2308230005,자라섬
e_e008672,1,6,2308230006,북경
e_e008672,1,7,2308230008,세븐 당구장
e_e008672,1,8,2308230007,집
e_e008677,1,1,2308240001,집
e_e008677,1,2,2308240002,제부도
e_e008677,1,3,2308240003,물레방아
e_e008677,1,4,2308240004,궁평항
e_e008677,1,5,2308240005,궁평항 수산물 직판장
e_e008677,1,6,2308240006,집
e_e008679,1,1,2308220001,집
e_e008679,1,2,2308220002,알라딘 중고서점 서울대입구역점
e_e008679,1,3,2308220003,갱커피
e_e008679,1,4,2308220004,샤로수길
e_e008679,1,5,2308220005,포시즌 버거
e_e008679,1,6,2308220006,샤로 스타코인 노래
e_e008679,1,7,2308220007,집
e_e008686,1,1,2309100001,집
e_e008686,1,2,2309100003,망원역 6호선
e_e008686,1,3,2309100004,의정부역 1호선
e_e008686,1,4,2309100005,써브웨이 의정부역점
e_e008686,1,5,2309100006,파크 프리 베
e_e008686,1,6,2309100007,삼일 빌라
e_e008686,1,7,2309100008,나리 농원
e_e008686,1,8,2309100009,사랑채 숯불갈비
e_e008686,1,9,2309100010,망원한강공원
e_e008686,1,10,2309100002,집
e_e008695,1,1,2308280001,집
e_e008695,1,2,2308280002,원주종합버스터미널
e_e008695,1,3,2308280003,고속터미널역
e_e008695,1,4,2308280004,롯데월드타워 롯데월드몰
e_e008695,1,5,2308280005,롯데월드몰 단바쿠라멘
e_e008695,1,6,2308280006,롯데월드몰 아쿠아 가든 카페
e_e008695,1,7,2308280007,레전드 스포츠 히어로즈 잠실 롯데월드몰점
e_e008695,1,8,2308280008,유니클로 롯데월드몰점
e_e008695,1,9,2308280009,넥스트 뮤지엄 (앤디 리멘터 개인전)
e_e008695,1,10,2308280010,서울고속버스터미널(경부)
e_e008695,1,11,2308280011,집
e_e008711,1,1,2308290001,집
e_e008711,1,2,2308290002,에버랜드
e_e008711,1,3,2308290003,유치 회관
e_e008711,1,4,2308290004,집
e_e008722,1,1,2308310001,집
e_e008722,1,2,2308310002,방화수류정
e_e008722,1,3,2308310003,사심 행리단길 직영점
e_e008722,1,4,2308310004,일월 수목원
e_e008722,1,5,2308310005,노보텔 앰배서더 수원 더 스퀘어
e_e008722,1,6,2308310006,집
e_e008723,1,1,2309030001,집
e_e008723,1,2,2309030002,토담 참숯가마
e_e008723,1,3,2309030003,집
e_e008735,1,1,2309020001,집
e_e008735,1,2,2309020003,지로 라멘
e_e008735,1,3,2309020004,홍대 반지 카페 본점
e_e008735,1,4,2309020006,올리브영 홍대 중앙점
e_e008735,1,5,2309020007,포토 슬레이트
e_e008735,1,6,2309020005,모크
e_e008735,1,7,2309020008,교보문고 합정점
e_e008735,1,8,2309020009,합정식
e_e008735,1,9,2309020010,뉴 피어싱
e_e008735,1,10,2309020011,파티스리 카이에
e_e008735,1,11,2309020002,집
e_e008736,1,1,2308260001,집
e_e008736,1,2,2308260002,스타벅스 시흥 대야동점
e_e008736,1,3,2308260004,효원공원 월화원
e_e008736,1,4,2308260005,평당원 본점
e_e008736,1,5,2308260006,용연 호수
e_e008736,1,6,2308260007,수원 화성 북암문
e_e008736,1,7,2308260008,방화수류정
e_e008736,1,8,2308260009,수원 화성 화홍문
e_e008736,1,9,2308260010,수원 화성 북동포루
e_e008736,1,10,2308260011,수원 화성 북동치
e_e008736,1,11,2308260012,장안문
e_e008736,1,12,2308260013,헤올커피로스터즈
e_e008736,1,13,2308260014,화성행궁
e_e008736,1,14,2308260015,수원관광기념품 숍
e_e008736,1,15,2308260016,화성행궁 광장
e_e008736,1,16,2308260017,초이 다이닝 수원 행궁점
e_e008736,1,17,2308260018,행리단길
e_e008736,1,18,2308260003,집
e_e008740,1,1,2309010001,집
e_e008740,1,2,2309010003,장흥 참숯가마
e_e008740,1,3,2309010004,카페벅헤드
e_e008740,1,4,2309010002,집
e_e008743,1,1,2308270001,집
e_e008743,1,2,2308270003,마이 포트리
e_e008743,1,3,2308270004,친구 집
e_e008743,1,4,2308270002,집
e_e008746,1,1,2308300001,집
e_e008746,1,2,2308300010,안국역 3호선
e_e008746,1,3,2308300003,꽃밥에 피다
e_e008746,1,4,2308300004,리틀 버틀러
e_e008746,1,5,2308300005,북촌 한옥마을
e_e008746,1,6,2308300006,카페 델 꼬또네
e_e008746,1,7,2308300007,가회동 백인제 가옥
e_e008746,1,8,2308300011,경복궁역 3호선
e_e008746,1,9,2308300008,어스 어스 서촌점
e_e008746,1,10,2308300009,데케이드
e_e008746,1,11,2308300002,청평역 경춘선
e_e008754,1,1,2308270001,집
e_e008754,1,2,2308270003,카페 더 공생(반려동물 전용)
e_e008754,1,3,2308270004,웨스턴돔 B동
e_e008754,1,4,2308270005,룸증에 이 일산 웨스턴돔 점
e_e008754,1,5,2308270006,광화문 미진 일산 직영점
e_e008754,1,6,2308270007,더 글로우
e_e008754,1,7,2308270008,케이팝 코인 노래연습장 웨스턴돔점
e_e008754,1,8,2308270009,더 대단한 커피 대단한 탕후루 일산동구청점
e_e008754,1,9,2308270010,호수 자전거
e_e008754,1,10,2308270011,일산 호수공원
e_e008754,1,11,2308270012,Blanker
e_e008754,1,12,2308270002,집
e_e008771,1,1,2308250001,집
e_e008771,1,2,2308250003,이디야커피 계양 롯데마트점
e_e008771,1,3,2308250004,뮤직 콤플렉스 서울
e_e008771,1,4,2308250005,11번지 남산 돈가스 종로타워점
e_e008771,1,5,2308250009,인사동 문화의 거리
e_e008771,1,6,2308250006,세종문화회관
e_e008771,1,7,2308250007,광화문
e_e008771,1,8,2308250008,카페 세러 데이즈
e_e008771,1,9,2308250002,집
e_e008775,1,1,2308220001,집
e_e008775,1,2,2308220002,스타벅스 서소문로점
e_e008775,1,3,2308220003,덕수궁
e_e008775,1,4,2308220004,집
e_e008785,1,1,2308260001,집
e_e008785,1,2,2308260002,신세계 프리미엄 아울렛 여주
e_e008785,1,3,2308260003,플러피 펍
e_e008785,1,4,2308260004,집
e_e008788,1,1,2308220001,집
e_e008788,1,2,2308220002,친구 픽업
e_e008788,1,3,2308220003,더하노이풋앤바디 배곧 신도시점
e_e008788,1,4,2308220004,조개 포차
e_e008788,1,5,2308220005,프로 젝트 씨
e_e008788,1,6,2308220006,오이도 명물 등 대빵
e_e008788,1,7,2308220007,광명역 푸르지오 아파트
e_e008788,1,8,2308220008,집
e_e008790,1,1,2308260001,집
e_e008790,1,2,2308260007,평택역
e_e008790,1,3,2308260008,잠실역 2호선
e_e008790,1,4,2308260003,릇데백화점 캐슬플라자점
e_e008790,1,5,2308260004,석촌호수 동호
e_e008790,1,6,2308260005,롯데월드
e_e008790,1,7,2308260006,젤라띠젤라띠 kt 송파 타워 점
e_e008790,1,8,2308260010,잠실역 2호선
e_e008790,1,9,2308260009,평택 지제역 1호선
e_e008790,1,10,2308260002,집
e_e008798,1,1,2308270001,집
e_e008798,1,2,2308270002,용산 어린이 정원(용산공원 반환부지)
e_e008798,1,3,2308270003,위 크레페
e_e008798,1,4,2308270004,우리 마키 성수점
e_e008798,1,5,2308270005,밀리언 아카이브
e_e008798,1,6,2308270006,LCDC 서울
e_e008798,1,7,2308270007,브래디 포스트 성수
e_e008798,1,8,2308270008,집
e_e008803,1,1,2308270001,집
e_e008803,1,2,2308270002,인천항 연안 부두
e_e008803,1,3,2308270003,인천종합어시장
e_e008803,1,4,2308270004,인천항 연안 부두
e_e008803,1,5,2308270005,팔미도
e_e008803,1,6,2308270006,정석루
e_e008803,1,7,2308270007,효성하어츠빌
e_e008809,1,1,2308260001,집
e_e008809,1,2,2308260002,종로3가역 1호선
e_e008809,1,3,2308260003,온 천집 익선
e_e008809,1,4,2308260004,익선동 한옥거리
e_e008809,1,5,2308260005,카페 온
e_e008809,1,6,2308260006,안국역 3호선
e_e008809,1,7,2308260007,델픽 안국 플래그십 스토어
e_e008809,1,8,2308260008,북촌 한옥마을
e_e008809,1,9,2308260009,종로3가역 3호선
e_e008809,1,10,2308260010,포장마차 거리(종로 3가)
e_e008809,1,11,2308260011,서울역
e_e008809,1,12,2308260012,집
e_e008810,1,1,2308240001,집
e_e008810,1,2,2308240003,프랭크커빈바 수원점
e_e008810,1,3,2308240006,GS25 수원 행리단길점
e_e008810,1,4,2308240004,무얼 수원 행궁점
e_e008810,1,5,2308240005,수원 화성
e_e008810,1,6,2308240002,집
e_e008879,1,1,2308270001,집
e_e008879,1,2,2308270002,교하 제면소
e_e008879,1,3,2308270004,헤이리 예술마을
e_e008879,1,4,2308270005,파주 프리미엄 아울렛
e_e008879,1,5,2308270003,집
e_e008881,1,1,2308270001,집
e_e008881,1,2,2308270003,에버랜드 정문
e_e008881,1,3,2308270004,에버랜드 메모리얼 숍
e_e008881,1,4,2308270005,포메인 에버랜드 직영점
e_e008881,1,5,2308270006,에버랜드 페스티벌 트레인
e_e008881,1,6,2308270007,에버랜드 카니발 광장
e_e008881,1,7,2308270008,커피빈 용인 에버랜드점
e_e008881,1,8,2308270009,에버랜드 자동차 왕국
e_e008881,1,9,2308270010,삼성화재 모빌리티 뮤지엄
e_e008881,1,10,2308270011,에버가 참숯 구이
e_e008881,1,11,2308270002,집
e_e008897,1,1,2308250001,집
e_e008897,1,2,2308250002,일월 수목원
e_e008897,1,3,2308250003,경기 수원시 장안구 서부로 216번 길 21 왕돈가스
e_e008897,1,4,2308250004,더 카페 라운지앤페르케노 수원성 대 역점
e_e008897,1,5,2308250005,집
e_e008908,1,1,2308260001,집
e_e008908,1,2,2308260002,사당역 2호선
e_e008908,1,3,2308260003,킨텍스
e_e008908,1,4,2308260004,사당역 2호선
e_e008908,1,5,2308260005,집
e_e008911,1,1,2308250001,집
e_e008911,1,2,2308250003,당산 옛날 곱창
e_e008911,1,3,2308250004,서울 마리나 클럽 앤 요트
e_e008911,1,4,2308250005,여의도 한강공원
e_e008911,1,5,2308250006,카페 설리번
e_e008911,1,6,2308250007,프렌즈 코인 노래연습장 미금점
e_e008911,1,7,2308250002,집
e_e008918,1,1,2308220001,집
e_e008918,1,2,2308220003,망원한강공원
e_e008918,1,3,2308220004,메세나 폴리스몰
e_e008918,1,4,2308220005,드림홀
e_e008918,1,5,2308220006,바나 프레소 합정역점
e_e008918,1,6,2308220007,드림홀
e_e008918,1,7,2308220008,김 과장 고깃집
e_e008918,1,8,2308220002,친구 집
e_e008954,1,1,2308240001,집
e_e008954,1,2,2308240003,함박웃음 식당
e_e008954,1,3,2308240004,더 스키 앤 커피
e_e008954,1,4,2308240005,아트 원 시어터 1관
e_e008954,1,5,2308240006,마로니에공원
e_e008954,1,6,2308240002,집
e_e008957,1,1,2308260001,집
e_e008957,1,2,2308260002,코엑스
e_e008957,1,3,2308260003,사이드 쇼
e_e008957,1,4,2308260004,스타필드 코엑스몰
e_e008957,1,5,2308260005,코엑스
e_e008957,1,6,2308260006,로네펠트 티하우스 코엑스점
e_e008957,1,7,2308260007,집
e_e008970,1,1,2308250001,집
e_e008970,1,2,2308250003,경기 상상 캠퍼스
e_e008970,1,3,2308250004,영흥 수목원
e_e008970,1,4,2308250005,카몬 광교 앨리 웨이점
e_e008970,1,5,2308250006,화성행궁
e_e008970,1,6,2308250007,캐비닛 베이글
e_e008970,1,7,2308250002,집
e_e008982,1,1,2308240001,집
e_e008982,1,2,2308240004,강남구청역 수인 분당선
e_e008982,1,3,2308240003,노원역 7호선
e_e008982,1,4,2308240005,수서역
e_e008982,1,5,2308240006,동탄역 지하주차장
e_e008982,1,6,2308240008,캐리비안베이
e_e008982,1,7,2308240009,에버랜드
e_e008982,1,8,2308240010,불여우 닭발
e_e008982,1,9,2308240011,동탄 금강펜테리움 센트럴파크 4차 아파트
e_e008982,1,10,2308240012,경기도 화성시 동탄서 연 3길 17-4
e_e008982,1,11,2308240013,건대입구역 7호선
e_e008982,1,12,2308240002,집
e_e008999,1,1,2308260001,집
e_e008999,1,2,2308260002,예향
e_e008999,1,3,2308260005,예술의전당 오페라하우스
e_e008999,1,4,2308260006,예술의전당
e_e008999,1,5,2308260007,예술의전당 오페라하우스
e_e008999,1,6,2308260003,의정부 SK 뷰 아파트
e_e009006,1,1,2308240001,집
e_e009006,1,2,2308240002,러키 차이나
e_e009006,1,3,2308240003,인천개항 박물관
e_e009006,1,4,2308240004,차이나타운점
e_e009006,1,5,2308240005,월미테마파크 바이킹
e_e009006,1,6,2308240006,민속 수제비
e_e009006,1,7,2308240007,집
e_e009043,1,1,2308240001,집
e_e009043,1,2,2308240002,죽암휴게소 서울 방향
e_e009043,1,3,2308240003,입장거봉포도 휴게소 서울 방향
e_e009043,1,4,2308240004,캐리비안베이
e_e009043,1,5,2308240005,정구네 목구멍에 기름칠
e_e009043,1,6,2308240006,집
e_e009055,1,1,2308230001,집
e_e009055,1,2,2308230003,봉덕 칼국수
e_e009055,1,3,2308230004,서울대공원
e_e009055,1,4,2308230005,마이 알레 과천 빌리지 카페
e_e009055,1,5,2308230002,집
e_e009056,1,1,2308280001,집
e_e009056,1,2,2308280002,인천종합터미널
e_e009056,1,3,2308280003,캐리비안베이
e_e009056,1,4,2308280004,부평역 1호선
e_e009056,1,5,2308280005,집
e_e009078,1,1,2308250001,집
e_e009078,1,2,2308250002,동대문디자인플라자
e_e009078,1,3,2308250003,두타몰
e_e009078,1,4,2308250004,집
e_e009081,1,1,2308250001,친구 친지 집
e_e009081,1,2,2308250002,아이파크몰 용산점
e_e009081,1,3,2308250003,낙원 타코 용산 아이파크몰점
e_e009081,1,4,2308250004,CGV 용산 아이파크몰
e_e009081,1,5,2308250006,롯데콘서트홀
e_e009081,1,6,2308250005,한담 곱창
e_e009081,1,7,2308250007,가좌마을 부영 그린타운 1차 아파트
e_e009102,1,1,2308240001,집
e_e009102,1,2,2308240002,바비레드 수원점
e_e009102,1,3,2308240003,AK플라자 수원
e_e009102,1,4,2308240004,필루미네이트 AK플라자 수원점
e_e009102,1,5,2308240005,스타벅스 수원역 AK R 점
e_e009102,1,6,2308240006,아이팟 PC 수원역점
e_e009102,1,7,2308240007,소코아 수원점
e_e009102,1,8,2308240008,원조 사탕 후루 수원역점
e_e009102,1,9,2308240009,수원역
e_e009102,1,10,2308240010,집
e_e009106,1,1,2309020001,집
e_e009106,1,2,2309020002,율동 공원
e_e009106,1,3,2309020003,(주) 중앙 스포츠
e_e009106,1,4,2309020004,오포 한우마을
e_e009106,1,5,2309020006,성남 효자촌 그린타운 아파트 전기차 충전소
e_e009106,1,6,2309020005,탄천
e_e009106,1,7,2309020007,집
e_e009112,1,1,2308230001,집
e_e009112,1,2,2308230002,리움미술관
e_e009112,1,3,2308230003,에머리 이태원점
e_e009112,1,4,2308230004,엔다이브 한남
e_e009112,1,5,2308230006,한남동 카페거리
e_e009112,1,6,2308230005,집
e_e009122,1,1,2309020001,집
e_e009122,1,2,2309020003,포천아트밸리
e_e009122,1,3,2309020004,먹쇠 연탄구이
e_e009122,1,4,2309020005,카페바움
e_e009122,1,5,2309020002,위례 포레 샤인 아파트
e_e009147,1,1,2308280001,집
e_e009147,1,2,2308280002,카카오 프렌즈 홍대 플래그십스토어
e_e009147,1,3,2308280003,AK플라자 홍대
e_e009147,1,4,2308280004,수나 코 3호점
e_e009147,1,5,2308280005,집
e_e009153,1,1,2308300001,집
e_e009153,1,2,2308300003,카모메 동부 이촌점
e_e009153,1,3,2308300004,국립중앙박물관
e_e009153,1,4,2308300005,어미야
e_e009153,1,5,2308300006,스타벅스 용산 해링턴 스퀘어점
e_e009153,1,6,2308300002,집
e_e009156,1,1,2308260001,집
e_e009156,1,2,2308260002,송도컨벤시아 (펫 페어)
e_e009156,1,3,2308260003,송도 센트럴파크
e_e009156,1,4,2308260004,롯데마트 송도점
e_e009156,1,5,2308260005,라파 마스
e_e009156,1,6,2308260006,개항 백화
e_e009156,1,7,2308260007,집
e_e009168,1,1,2308240001,집
e_e009168,1,2,2308240003,캐리비안베이
e_e009168,1,3,2308240002,집
e_e009180,1,1,2308250001,집
e_e009180,1,2,2308250003,이디야커피 김포 라베니채점
e_e009180,1,3,2308250004,포 아이니 한강 신도시점
e_e009180,1,4,2308250005,핑크 버스 김포점
e_e009180,1,5,2308250006,카페 팜트리
e_e009180,1,6,2308250007,탁구 발전소 24
e_e009180,1,7,2308250008,아베 니체 마치 에비뉴 1차
e_e009180,1,8,2308250002,집
e_e009181,1,1,2308220001,집
e_e009181,1,2,2308220002,인천역 1호선
e_e009181,1,3,2308220003,인천 차이나타운
e_e009181,1,4,2308220004,연경 차이나타운 본점
e_e009181,1,5,2308220005,팔팔에 스티
e_e009181,1,6,2308220006,송월동 동화마을
e_e009181,1,7,2308220007,카페 아키라
e_e009181,1,8,2308220008,모던 부티크
e_e009181,1,9,2308220009,월미 바다역
e_e009181,1,10,2308220010,한국이민사 박물관
e_e009181,1,11,2308220011,월미도
e_e009181,1,12,2308220012,월미문화의 거리 역
e_e009181,1,13,2308220013,인천역 1호선
e_e009181,1,14,2308220014,집
e_e009186,1,1,2308260001,집
e_e009186,1,2,2308260002,닥터에 버스의 원 인천점
e_e009186,1,3,2308260003,디저트 39 인천 구월점
e_e009186,1,4,2308260004,구월 로데오광장
e_e009186,1,5,2308260005,정자각 구월점
e_e009186,1,6,2308260006,롯데백화점 인천점
e_e009186,1,7,2308260007,인천 남동구 도림동 드라이브 코스
e_e009186,1,8,2308260008,집
e_e009194,1,1,2308270001,친구 친지 집
e_e009194,1,2,2308270002,본가 만두전골 전문점
e_e009194,1,3,2308270003,빅트리
e_e009194,1,4,2308270004,시흥 프리미엄 아울렛
e_e009194,1,5,2308270005,시흥 오이도 박물관
e_e009194,1,6,2308270006,베러 스퀘어
e_e009194,1,7,2308270007,서울 성동구 마조로 12길 12-13
e_e009224,1,1,2308220001,집
e_e009224,1,2,2308220002,인하 찹쌀순대
e_e009224,1,3,2308220003,천마산
e_e009224,1,4,2308220004,모다 아울렛 인천점
e_e009224,1,5,2308220005,신거북시장
e_e009224,1,6,2308220006,위크인 마카롱
e_e009224,1,7,2308220007,집
e_e009260,1,1,2308240001,집
e_e009260,1,2,2308240002,SETEC
e_e009260,1,3,2308240003,롯데월드타워 롯데월드몰
e_e009260,1,4,2308240004,잠실종합운동장 잠실야구장
e_e009260,1,5,2308240005,집
e_e009279,1,1,2308250001,집
e_e009279,1,2,2308250002,올레크
e_e009279,1,3,2308250003,파주 프리미엄 아울렛
e_e009279,1,4,2308250004,토향
e_e009279,1,5,2308250005,집
e_e009302,1,1,2308260001,집
e_e009302,1,2,2308260002,삼성전자서비스 중동센터
e_e009302,1,3,2308260003,메가 MGC 커피 신중동 역점
e_e009302,1,4,2308260004,다이소 부천 중동 본점
e_e009302,1,5,2308260005,다이닝원 부천 상동점
e_e009302,1,6,2308260006,부천 호수 식물원 수피아
e_e009302,1,7,2308260007,상동호수 공원
e_e009302,1,8,2308260008,집
e_e009305,1,1,2308260001,집
e_e009305,1,2,2308260002,현대백화점 판교점
e_e009305,1,3,2308260003,토파즈홀
e_e009305,1,4,2308260004,광명시 자원회수시설
e_e009305,1,5,2308260005,광명 업사이클 아트센터
e_e009305,1,6,2308260006,광명동굴
e_e009305,1,7,2308260008,크리스피 크림 도넛 광명역사점
e_e009305,1,8,2308260007,집
e_e009313,1,1,2309100001,집
e_e009313,1,2,2309100002,스타필드 하남
e_e009313,1,3,2309100010,이제 제 하남 스타필드점
e_e009313,1,4,2309100006,아우어 베이커리 하남 스타필드점
e_e009313,1,5,2309100009,안스 베이커리 스타필드 하남점
e_e009313,1,6,2309100003,소진담컬쳐
e_e009313,1,7,2309100004,미사역 5호선
e_e009313,1,8,2309100005,미사 호수 공원
e_e009313,1,9,2309100007,집
e_e009334,1,1,2308260001,집
e_e009334,1,2,2308260002,우물집
e_e009334,1,3,2308260003,테르트르
e_e009334,1,4,2308260004,동대문디자인플라자
e_e009334,1,5,2308260006,안산 레이크 타운 푸르지오 아파트
e_e009334,1,6,2308260005,집
e_e009339,1,1,2308260001,집
e_e009339,1,2,2308260003,조계사
e_e009339,1,3,2308260004,남포 면옥
e_e009339,1,4,2308260005,길상사
e_e009339,1,5,2308260002,집
e_e009343,1,1,2308270001,집
e_e009343,1,2,2308270003,국립현대미술관 서울
e_e009343,1,3,2308270004,카페 진선
e_e009343,1,4,2308270005,창성동 실험실
e_e009343,1,5,2308270006,Ofr 서울
e_e009343,1,6,2308270007,홈 오브 하이
e_e009343,1,7,2308270008,보안여관
e_e009343,1,8,2308270009,보안책방
e_e009343,1,9,2308270010,그라운드 시 소 서촌
e_e009343,1,10,2308270011,홈 보이 서울
e_e009343,1,11,2308270012,아키비스트
e_e009343,1,12,2308270002,집
e_e009361,1,1,2308290001,집
e_e009361,1,2,2308290002,천하 보쌈
e_e009361,1,3,2308290003,창덕궁 후원
e_e009361,1,4,2308290004,런던 베이글 뮤지엄 안국점
e_e009361,1,5,2308290005,현대카드 디자인 라이브러리
e_e009361,1,6,2308290006,오브젝트 삼청점
e_e009361,1,7,2308290007,놀러와
e_e009361,1,8,2308290008,집
e_e009366,1,1,2308260001,사무실
e_e009366,1,2,2308260002,황기순의 손칼국수와 왕돈가스 안성 공도점
e_e009366,1,3,2308260003,농협안성팜랜드
e_e009366,1,4,2308260004,집
e_e009374,1,1,2308230001,집
e_e009374,1,2,2308230003,광장시장
e_e009374,1,3,2308230004,질러 노래방
e_e009374,1,4,2308230005,예그린 시어터
e_e009374,1,5,2308230006,우정 양꼬치
e_e009374,1,6,2308230002,집
e_e009380,1,1,2308260001,집
e_e009380,1,2,2308260003,미메시스 아트 뮤지엄
e_e009380,1,3,2308260004,DMZ 장단콩 두부마을
e_e009380,1,4,2308260006,파주 프리미엄 아울렛
e_e009380,1,5,2308260005,카메라타
e_e009380,1,6,2308260007,그 집 돼지 서울대 입구점
e_e009380,1,7,2308260002,집
e_e009382,1,1,2308260001,집
e_e009382,1,2,2308260002,화성행궁
e_e009382,1,3,2308260003,수원시립미술관
e_e009382,1,4,2308260004,가디림
e_e009382,1,5,2308260005,가스 토랑
e_e009382,1,6,2308260006,올 데이 보드게임카페 병점점
e_e009382,1,7,2308260007,GTS 버거 병점 롯데시네마점
e_e009382,1,8,2308260008,집
e_e009397,1,1,2308270001,집
e_e009397,1,2,2308270002,영월루
e_e009397,1,3,2308270003,산 너머 남촌
e_e009397,1,4,2308270004,대한불교조계종 신륵사
e_e009397,1,5,2308270005,경기 생활도자미술관
e_e009397,1,6,2308270007,바하리야
e_e009397,1,7,2308270006,신세계 프리미엄 아울렛 여주
e_e009397,1,8,2308270008,본가
e_e009412,1,1,2308220001,집
e_e009412,1,2,2308220003,리틀 포레스트
e_e009412,1,3,2308220004,필살기
e_e009412,1,4,2308220005,페이퍼돌메이트아틀리에
e_e009412,1,5,2308220006,오브젝트 성수점
e_e009412,1,6,2308220007,서울숲
e_e009412,1,7,2308220008,광야 서울
e_e009412,1,8,2308220002,집
e_e009419,1,1,2308240001,친구 친지 집
e_e009419,1,2,2308240003,재인폭포
e_e009419,1,3,2308240004,가마솥 백반
e_e009419,1,4,2308240005,연천 호로 고루
e_e009419,1,5,2308240006,노보텔 앰배서더 더 스퀘어
e_e009419,1,6,2308240007,무지개아파트
e_e009457,1,1,2308260001,집
e_e009457,1,2,2308260002,돈 사돈 강동 직영점
e_e009457,1,3,2308260004,홍대 패션거리
e_e009457,1,4,2308260006,카페 345
e_e009457,1,5,2308260005,얼짱 사진 숍 홍대점
e_e009457,1,6,2308260007,하루 필름 홍대 직영 2호점
e_e009457,1,7,2308260008,홍대 패션거리
e_e009457,1,8,2308260003,집
e_e009465,1,1,2308230001,집
e_e009465,1,2,2308230003,국립어린이과학관
e_e009465,1,3,2308230004,창경궁 초밥
e_e009465,1,4,2308230005,자리 커피숍
e_e009465,1,5,2308230006,국립어린이과학관
e_e009465,1,6,2308230007,현대백화점 신촌점
e_e009465,1,7,2308230002,집
e_e009496,1,1,2308230001,집
e_e009496,1,2,2308230003,팔공 떡볶이
e_e009496,1,3,2308230004,이미 그 한남점
e_e009496,1,4,2308230005,옴니 피플 갤러리
e_e009496,1,5,2308230006,스투시 서울
e_e009496,1,6,2308230007,위글위글 도산 플래그십스토어
e_e009496,1,7,2308230008,코엑스
e_e009496,1,8,2308230002,집
e_e009504,1,1,2308270001,집
e_e009504,1,2,2308270011,수원역
e_e009504,1,3,2308270012,종로3가역 1호선
e_e009504,1,4,2308270002,호호 식당 익선
e_e009504,1,5,2308270004,아베베 베이커리 서울점
e_e009504,1,6,2308270003,해피 에버 애프터
e_e009504,1,7,2308270005,금회유통
e_e009504,1,8,2308270006,가비 아노
e_e009504,1,9,2308270007,도토리 시어터
e_e009504,1,10,2308270008,마녀 주방 대학로점
e_e009504,1,11,2308270010,수원역
e_e009504,1,12,2308270009,집
e_e009505,1,1,2308260001,집
e_e009505,1,2,2308260002,장흥 참숯가마
e_e009505,1,3,2308260003,브루다 양주
e_e009505,1,4,2308260004,집
e_e009513,1,1,2308270001,집
e_e009513,1,2,2308270002,메가 MGC 커피 오산 더 테라 스퀘어점
e_e009513,1,3,2308270003,에버랜드 정문 주차장
e_e009513,1,4,2308270005,에버랜드
e_e009513,1,5,2308270006,스노피크 카페 앤 다이닝
e_e009513,1,6,2308270007,스노피크 에버랜드 캠프 필드
e_e009513,1,7,2308270004,집
e_e009517,1,1,2308250001,집
e_e009517,1,2,2308250006,신논현역 신분당선
e_e009517,1,3,2308250003,라인 프렌즈 플래그십스토어 강남점
e_e009517,1,4,2308250002,파이브 가이즈 강남
e_e009517,1,5,2308250004,당김 성형외과의원
e_e009517,1,6,2308250005,신사 가로수길
e_e009517,1,7,2308250007,새들러 하우스
e_e009517,1,8,2308250009,브루클린 더 버거 조인트 가로수길점
e_e009517,1,9,2308250008,랜디스 도넛 신사 가로수 길 점
e_e009517,1,10,2308250010,강남역 신분당선
e_e009517,1,11,2308250011,슈퍼 후퍼 버거 강남점
e_e009517,1,12,2308250012,ZARA 강남역점
e_e009517,1,13,2308250013,집
e_e009536,1,1,2309010001,집
e_e009536,1,2,2309010003,투하의 숲
e_e009536,1,3,2309010004,국립민속박물관
e_e009536,1,4,2309010005,감탄계숯불치킨 남양주 별내점
e_e009536,1,5,2309010002,집
e_e009539,1,1,2308270001,집
e_e009539,1,2,2308270003,서울어린이대공원 정문 주차장
e_e009539,1,3,2308270004,서울어린이대공원
e_e009539,1,4,2308270005,서울어린이대공원 식물원
e_e009539,1,5,2308270006,서울어린이대공원 동물원
e_e009539,1,6,2308270007,어린이대공원 팔각당
e_e009539,1,7,2308270008,서울어린이대공원 놀이동산
e_e009539,1,8,2308270009,광나루안전체험관
e_e009539,1,9,2308270010,서울어린이대공원 정문 주차장
e_e009539,1,10,2308270002,집
e_e009550,1,1,2308280001,친구 친지 집
e_e009550,1,2,2308280002,니지 모리 스튜디오
e_e009550,1,3,2308280003,제로니모 커피하우스
e_e009550,1,4,2308280005,먹골역 7호선
e_e009550,1,5,2308280006,마포역 5호선
e_e009550,1,6,2308280004,봉천동 196-28
e_e009556,1,1,2308260001,친구 친지 집
e_e009556,1,2,2308260002,요미우돈 교자
e_e009556,1,3,2308260003,행궁 그리다
e_e009556,1,4,2308260004,츄플러스
e_e009556,1,5,2308260005,수원 화성 화서문
e_e009556,1,6,2308260006,용성통닭 본점
e_e009556,1,7,2308260007,화성행궁
e_e009556,1,8,2308260008,친구 집
e_e009566,1,1,2308260001,집
e_e009566,1,2,2308260002,롯데월드타워 롯데월드몰
e_e009566,1,3,2308260003,롯데월드
e_e009566,1,4,2308260004,집
e_e009567,1,1,2308230001,집
e_e009567,1,2,2308230002,여민각
e_e009567,1,3,2308230003,화성행궁 신풍루
e_e009567,1,4,2308230004,행궁에뜨왈
e_e009567,1,5,2308230005,솔 솥 행궁점
e_e009567,1,6,2308230006,카페 도화
e_e009567,1,7,2308230007,집
e_e009572,1,1,2308280001,집
e_e009572,1,2,2308280003,화성행궁
e_e009572,1,3,2308280004,뜸
e_e009572,1,4,2308280005,헤올커피로스터즈
e_e009572,1,5,2308280010,행리단길
e_e009572,1,6,2308280006,구디 버디
e_e009572,1,7,2308280007,AK플라자 수원
e_e009572,1,8,2308280008,수원역
e_e009572,1,9,2308280009,오산역 1호선
e_e009572,1,10,2308280002,집
e_e009575,1,1,2308260001,집
e_e009575,1,2,2308260003,킨텍스 맛고을(음식문화거리)
e_e009575,1,3,2308260004,킨텍스 제1전시장
e_e009575,1,4,2308260005,트리아농
e_e009575,1,5,2308260006,만 원 수산 정자점
e_e009575,1,6,2308260002,집
e_e009590,1,1,2308270001,친구 친지 집
e_e009590,1,2,2308270003,광수네 밥상
e_e009590,1,3,2308270004,루덴시아
e_e009590,1,4,2308270005,대한불교조계종 신륵사
e_e009590,1,5,2308270006,신세계 프리미엄 아울렛 여주
e_e009590,1,6,2308270002,르네상스 시티 (거주지)
e_e009592,1,1,2309020001,집
e_e009592,1,2,2309020002,현대 프리미엄 아울렛 스페이스 원
e_e009592,1,3,2309020003,제주에 육당 다산점
e_e009592,1,4,2309020004,구리한강시민공원
e_e009592,1,5,2309020005,한강 632스트리트
e_e009592,1,6,2309020006,집
e_e009593,1,1,2308250001,집
e_e009593,1,2,2308250002,소령원 숲속
e_e009593,1,3,2308250003,비헤브
e_e009593,1,4,2308250004,마장호수
e_e009593,1,5,2308250005,보광사계곡
e_e009593,1,6,2308250006,처용가
e_e009593,1,7,2308250007,보광사 대웅보전
e_e009593,1,8,2308250008,차차 커 필코 파주 금촌점
e_e009593,1,9,2308250009,괴흐엉관
e_e009593,1,10,2308250010,집
e_e009599,1,1,2308250001,집
e_e009599,1,2,2308250002,한대앞역 4호선
e_e009599,1,3,2308250003,수원역 수인 분당선
e_e009599,1,4,2308250004,캐리비안베이
e_e009599,1,5,2308250005,소림 마라 수원역점
e_e009599,1,6,2308250006,수원역
e_e009599,1,7,2308250007,중앙역 4호선
e_e009599,1,8,2308250008,집
e_e009601,1,1,2308230001,집
e_e009601,1,2,2308230002,벙크 오프
e_e009601,1,3,2308230003,풍덩 워터 룸 위례점
e_e009601,1,4,2308230004,집
e_e009606,1,1,2308270001,집
e_e009606,1,2,2308270003,주렁주렁 하남점
e_e009606,1,3,2308270004,스타필드 하남
e_e009606,1,4,2308270002,집
e_e009622,1,1,2308300001,집
e_e009622,1,2,2308300004,인천역 1호선
e_e009622,1,3,2308300003,인천 차이나타운
e_e009622,1,4,2308300005,월미도
e_e009622,1,5,2308300006,마이랜드
e_e009622,1,6,2308300007,디저트 39 인천 월미도 점
e_e009622,1,7,2308300008,전라도 대왕조개구이랑 칼국수
e_e009622,1,8,2308300009,인천역 1호선
e_e009622,1,9,2308300002,집
e_e009627,1,1,2308280001,집
e_e009627,1,2,2308280002,가산디지털단지역 1호선
e_e009627,1,3,2308280003,수원역 1호선
e_e009627,1,4,2308280004,우즈베키스탄 식당
e_e009627,1,5,2308280005,수원 화성 남포로
e_e009627,1,6,2308280006,어린이 현장 기념비
e_e009627,1,7,2308280007,화성행궁
e_e009627,1,8,2308280008,수원 화성 팔달문
e_e009627,1,9,2308280009,비 온 엘 플레이스
e_e009627,1,10,2308280010,수원 화성 화서문
e_e009627,1,11,2308280011,장안문
e_e009627,1,12,2308280012,수원팔색길 화성 성곽길
e_e009627,1,13,2308280013,수원 화성 동북포루
e_e009627,1,14,2308280014,누룩
e_e009627,1,15,2308280015,집
e_e009629,1,1,2308240001,집
e_e009629,1,2,2308240002,광장시장
e_e009629,1,3,2308240003,종묘
e_e009629,1,4,2308240004,순라 길이 비
e_e009629,1,5,2308240005,집
e_e009632,1,1,2308230001,집
e_e009632,1,2,2308230002,청평역 경춘선
e_e009632,1,3,2308230003,평내호평역 경춘선
e_e009632,1,4,2308230004,더 헤어 평내호평점
e_e009632,1,5,2308230005,빽다방 평내호평역점
e_e009632,1,6,2308230006,이마트 남양주점
e_e009632,1,7,2308230007,다이소 호평점
e_e009632,1,8,2308230008,평내 소풍 9경기
e_e009632,1,9,2308230009,집
e_e009634,1,1,2308310001,집
e_e009634,1,2,2308310002,신미사
e_e009634,1,3,2308310003,행궁 식탁
e_e009634,1,4,2308310005,무니 버스
e_e009634,1,5,2308310006,탭
e_e009634,1,6,2308310007,구디 버디
e_e009634,1,7,2308310008,브로콜리 숲
e_e009634,1,8,2308310009,카페 한섬
e_e009634,1,9,2308310010,장안문
e_e009634,1,10,2308310004,집
e_e009635,1,1,2309090001,집
e_e009635,1,2,2309090002,한국민속촌 놀이마을
e_e009635,1,3,2309090003,한국민속촌
e_e009635,1,4,2309090004,배부장 부대찌개 수지구청점
e_e009635,1,5,2309090005,이마트 수지점
e_e009635,1,6,2309090006,집
e_e009636,1,1,2308270001,집
e_e009636,1,2,2308270002,에버랜드
e_e009636,1,3,2308270003,오창휴게소 남이 방향
e_e009636,1,4,2308270004,집
e_e009655,1,1,2308260001,집
e_e009655,1,2,2308260002,부천한옥체험마을
e_e009655,1,3,2308260003,한국만화 박물관
e_e009655,1,4,2308260004,상동호수 공원
e_e009655,1,5,2308260005,더 호야 커피
e_e009655,1,6,2308260006,집
e_e009657,1,1,2309020001,집
e_e009657,1,2,2309020002,포토 시그니처 서촌점
e_e009657,1,3,2309020003,준수방 키친
e_e009657,1,4,2309020004,윤동주문학관
e_e009657,1,5,2309020005,청운 문학도서관
e_e009657,1,6,2309020006,스탐티쉬
e_e009657,1,7,2309020007,집
e_e009658,1,1,2309010001,집
e_e009658,1,2,2309010002,랑데자뷰 영종구읍뱃터
e_e009658,1,3,2309010003,영종 씨사이드 레일바이크
e_e009658,1,4,2309010005,마왕 족발 영종도 하늘도시점
e_e009658,1,5,2309010004,집
e_e009660,1,1,2308260001,집
e_e009660,1,2,2308260003,농협안성팜랜드
e_e009660,1,3,2308260002,집
e_e009675,1,1,2309090001,집
e_e009675,1,2,2309090002,e99
e_e009675,1,3,2309090003,코마린 이스트보트하우스 송도지점
e_e009675,1,4,2309090004,송도센트럴파크
e_e009675,1,5,2309090005,국립 세계문자 박물관
e_e009675,1,6,2309090006,컵이
e_e009675,1,7,2309090007,트리플 스트리트
e_e009675,1,8,2309090008,캣츠 게임랜드
e_e009675,1,9,2309090009,스시로 송도점
e_e009675,1,10,2309090010,모던하우스 송도 트리플 스트리트점
e_e009675,1,11,2309090011,서울 관악구 남부 순환로 151길 4-7
e_e009684,1,1,2308260001,집
e_e009684,1,2,2308260002,띠아트
e_e009684,1,3,2308260003,감성 타코 홍대점
e_e009684,1,4,2308260004,카페 바우
e_e009684,1,5,2308260005,숨은 꼬치
e_e009684,1,6,2308260006,집
e_e009686,1,1,2308260001,집
e_e009686,1,2,2308260003,캠퍼스 타운역 인천 1호선
e_e009686,1,3,2308260004,코엑스
e_e009686,1,4,2308260005,노브랜드 버거 코엑스점
e_e009686,1,5,2308260006,버터 코엑스점
e_e009686,1,6,2308260007,더 죠이 코엑스점
e_e009686,1,7,2308260008,메가박스 코엑스
e_e009686,1,8,2308260009,봉은사역 9호선
e_e009686,1,9,2308260002,집
e_e009694,1,1,2308290001,집
e_e009694,1,2,2308290002,성수역 2호선
e_e009694,1,3,2308290003,LCDC 서울
e_e009694,1,4,2308290004,테니
e_e009694,1,5,2308290006,경기로운 랜드 팝업
e_e009694,1,6,2308290007,이로
e_e009694,1,7,2308290008,왕과 탕후루
e_e009694,1,8,2308290005,집
e_e009695,1,1,2308260001,집
e_e009695,1,2,2308260002,윤 모아
e_e009695,1,3,2308260004,목요일
e_e009695,1,4,2308260005,서홍 다과
e_e009695,1,5,2308260006,킨텍스 제1전시장 4홀
e_e009695,1,6,2308260003,집
e_e009700,1,1,2308230001,집
e_e009700,1,2,2308230002,탄천종합운동장 볼링장
e_e009700,1,3,2308230003,황제 바지락 짬뽕
e_e009700,1,4,2308230004,파네트리 제과명장 김영모
e_e009700,1,5,2308230005,집
e_e009702,1,1,2308290001,사무실
e_e009702,1,2,2308290002,아우어 베이커리 광교 앨리 웨이점
e_e009702,1,3,2308290003,책 발전소 광교점
e_e009702,1,4,2308290004,살림 가게
e_e009702,1,5,2308290005,앨리웨이 광교
e_e009702,1,6,2308290006,깡 가락국수 아주대점
e_e009702,1,7,2308290007,세븐스타코인 노래연습장 아주대점
e_e009702,1,8,2308290008,배스킨라빈스 아주대점
e_e009702,1,9,2308290009,스타벅스 광교 SK 뷰 레이크 41F 점
e_e009702,1,10,2308290010,상계주공 1단지 아파트
e_e009738,1,1,2309110001,집
e_e009738,1,2,2309110002,AK플라자 홍대
e_e009738,1,3,2309110003,더 쿠
e_e009738,1,4,2309110006,수나 코 3호점
e_e009738,1,5,2309110004,다이소 홍대 2호점
e_e009738,1,6,2309110005,AK플라자 홍대
e_e009738,1,7,2309110007,훠궈 나라 홍대점
e_e009738,1,8,2309110008,뉴 코인 싱어 노래연습장
e_e009738,1,9,2309110009,집
e_e009740,1,1,2308300001,집
e_e009740,1,2,2308300003,에버랜드
e_e009740,1,3,2308300002,집
e_e009742,1,1,2308230001,집
e_e009742,1,2,2308230002,마곡 자연식물원
e_e009742,1,3,2308230003,LG아트센터 서울
e_e009742,1,4,2308230004,집
e_e009752,1,1,2308270001,집
e_e009752,1,2,2308270002,삼막 애견공원
e_e009752,1,3,2308270003,커피 동석 수리
e_e009752,1,4,2308270007,안양예술공원
e_e009752,1,5,2308270004,엔터식스 안양역점
e_e009752,1,6,2308270006,우화
e_e009752,1,7,2308270005,집
e_e009757,1,1,2309010001,집
e_e009757,1,2,2309010002,구파발역 3호선
e_e009757,1,3,2309010003,효자 치안센터
e_e009757,1,4,2309010004,원효암
e_e009757,1,5,2309010005,원효봉
e_e009757,1,6,2309010006,백운대
e_e009757,1,7,2309010007,북한산국립공원 북한산성 탐방지원센터
e_e009757,1,8,2309010008,구파발역 3호선
e_e009757,1,9,2309010009,동인천역 봉평 메밀막국수
e_e009757,1,10,2309010010,집
e_e009762,1,1,2308260001,집
e_e009762,1,2,2308260003,신세계 프리미엄 아울렛 여주
e_e009762,1,3,2308260004,루덴시아
e_e009762,1,4,2308260002,집
e_e009770,1,1,2308260001,집
e_e009770,1,2,2308260002,장성식 본점
e_e009770,1,3,2308260003,하남 유니언 타워
e_e009770,1,4,2308260004,티팰리스
e_e009770,1,5,2308260005,스타필드 하남
e_e009770,1,6,2308260006,덕풍전통시장
e_e009770,1,7,2308260007,집
e_e009771,1,1,2308300001,집
e_e009771,1,2,2308300002,다운 다우너 안국
e_e009771,1,3,2308300003,부빙 북촌점
e_e009771,1,4,2308300004,국립현대미술관 서울
e_e009771,1,5,2308300005,오벨리아 베이커리 카페
e_e009771,1,6,2308300006,바른 치킨 종로 3가점
e_e009771,1,7,2308300007,집
e_e009772,1,1,2308220001,집
e_e009772,1,2,2308220002,스타벅스 더 북한산점
e_e009772,1,3,2308220003,북한산성 입구
e_e009772,1,4,2308220004,김근태 기념 도서관
e_e009772,1,5,2308220005,고려 가든
e_e009772,1,6,2308220006,집
e_e009800,1,1,2308270001,집
e_e009800,1,2,2308270002,국립중앙박물관
e_e009800,1,3,2308270003,국립중앙박물관 거울 못
e_e009800,1,4,2308270004,아이파크몰 용산점
e_e009800,1,5,2308270005,집
e_e009806,1,1,2308270001,집
e_e009806,1,2,2308270002,메이 드림
e_e009806,1,3,2308270003,동해 막국수
e_e009806,1,4,2308270005,영종진공원
e_e009806,1,5,2308270006,구읍뱃터
e_e009806,1,6,2308270007,차 덕분
e_e009806,1,7,2308270008,스시로 송도점
e_e009806,1,8,2308270004,집
e_e009814,1,1,2308250001,집
e_e009814,1,2,2308250003,갓덴스시 강남점
e_e009814,1,3,2308250002,무신사 스토어
e_e009814,1,4,2308250005,롯데월드타워 롯데월드몰
e_e009814,1,5,2308250006,서울숲
e_e009814,1,6,2308250007,강남역 지하상가
e_e009814,1,7,2308250004,집
e_e009836,1,1,2308260001,집
e_e009836,1,2,2308260003,아산만 영숙이네
e_e009836,1,3,2308260004,신당 근린공원 평택항 홍보관
e_e009836,1,4,2308260005,수도사
e_e009836,1,5,2308260002,집
e_e009841,1,1,2308230001,집
e_e009841,1,2,2308230002,오산역 버스정류장
e_e009841,1,3,2308230003,전통주 갤러리
e_e009841,1,4,2308230004,사진 담 안녕 인사동점
e_e009841,1,5,2308230005,외벽
e_e009841,1,6,2308230006,집
e_e009845,1,1,2308230002,집
e_e009845,1,2,2308230001,고척스카이돔 전면 광장
e_e009845,1,3,2308230003,투썸플레이스 동양 미래대점
e_e009845,1,4,2308230004,고척스카이돔
e_e009845,1,5,2308230005,AK플라자 금정
e_e009845,1,6,2308230006,집
e_e009857,1,1,2308300001,집
e_e009857,1,2,2308300003,전쟁기념관
e_e009857,1,3,2308300004,아이파크몰 용산점
e_e009857,1,4,2308300005,영풍문고 용산 아이파크몰점
e_e009857,1,5,2308300006,국립중앙박물관
e_e009857,1,6,2308300007,주량 성대 직영점
e_e009857,1,7,2308300002,집
e_e009858,1,1,2308270001,집
e_e009858,1,2,2308270003,차이나타운
e_e009858,1,3,2308270004,송월동 동화마을
e_e009858,1,4,2308270005,구읍뱃터 선착장
e_e009858,1,5,2308270006,월미도
e_e009858,1,6,2308270007,신포국제시장
e_e009858,1,7,2308270002,집
e_e009876,1,1,2308240001,집
e_e009876,1,2,2308240007,오이도역 수인 분당선
e_e009876,1,3,2308240003,프로 젝트 씨
e_e009876,1,4,2308240004,초당 옥도나스
e_e009876,1,5,2308240005,오이도 빨강등대
e_e009876,1,6,2308240006,오이도 명물 등 대빵
e_e009876,1,7,2308240008,조개 포차
e_e009876,1,8,2308240009,바다 편의점
e_e009876,1,9,2308240010,오이도역 수인 분당선
e_e009876,1,10,2308240002,집
e_e009895,1,1,2308260001,집
e_e009895,1,2,2308260003,집 근처
e_e009895,1,3,2308260004,경기도청
e_e009895,1,4,2308260005,한국은행 경기본부
e_e009895,1,5,2308260006,크레이저 커피 경기도청점
e_e009895,1,6,2308260007,트레이더스 홀세일 클럽 수원점
e_e009895,1,7,2308260008,수원 프리미엄 아울렛
e_e009895,1,8,2308260002,집
e_e009909,1,1,2308260001,집
e_e009909,1,2,2308260002,연무동 공영주차장
e_e009909,1,3,2308260003,방화수류정
e_e009909,1,4,2308260004,커닝 시티
e_e009909,1,5,2308260005,수원 전통문화관 예절교육관
e_e009909,1,6,2308260006,패터슨 커피
e_e009909,1,7,2308260007,카자 구루메
e_e009909,1,8,2308260008,하이 시리얼
e_e009909,1,9,2308260009,장안문
e_e009909,1,10,2308260010,그리드인 그릭
e_e009909,1,11,2308260011,집
e_e009910,1,1,2309020001,집
e_e009910,1,2,2309020002,수종사
e_e009910,1,3,2309020003,아유 스페이스
e_e009910,1,4,2309020004,구 하우스 미술관
e_e009910,1,5,2309020005,박성광 해물칼국수 서종 직영점
e_e009910,1,6,2309020006,하남 유니언 타워
e_e009910,1,7,2309020007,집
e_e009925,1,1,2308240001,친구 친지 집
e_e009925,1,2,2308240003,아스카 헤어 홍대점
e_e009925,1,3,2308240004,쌥이리
e_e009925,1,4,2308240005,KTG 상상마당 홍대
e_e009925,1,5,2308240006,락휴 코인 노래연습장 홍대 본점
e_e009925,1,6,2308240007,홍대네 컷 홍대 2호점
e_e009925,1,7,2308240008,홍대 패션거리
e_e009925,1,8,2308240009,러키 팩토리
e_e009925,1,9,2308240010,브랜드 마켓
e_e009925,1,10,2308240002,두리 아파트
e_e009940,1,1,2308260001,집
e_e009940,1,2,2308260003,궁평항
e_e009940,1,3,2308260004,구봉산 석갈비
e_e009940,1,4,2308260005,물레
e_e009940,1,5,2308260006,안곡 서원
e_e009940,1,6,2308260007,편 편집 송산그린시티점
e_e009940,1,7,2308260008,집
e_e009943,1,1,2308260001,집
e_e009943,1,2,2308260003,캐리비안베이
e_e009943,1,3,2308260004,금별 맥주
e_e009943,1,4,2308260002,집
e_e009951,1,1,2308260001,집
e_e009951,1,2,2308260002,광명동굴
e_e009951,1,3,2308260003,메밀밭 옹심이 칼국수
e_e009951,1,4,2308260004,오리서원
e_e009951,1,5,2308260005,광명 업사이클 아트센터
e_e009951,1,6,2308260006,몽트뢰 베이커리
e_e009951,1,7,2308260007,코스트코 광명점
e_e009951,1,8,2308260009,이케아 광명점
e_e009951,1,9,2308260008,집
e_e009957,1,1,2308260001,집
e_e009957,1,2,2308260002,안성휴게소 서울 방향
e_e009957,1,3,2308260003,이케아 기흥점
e_e009957,1,4,2308260004,한국민속촌
e_e009957,1,5,2308260006,송탄 최네집 부대찌개 본점
e_e009957,1,6,2308260005,동양 오피스텔
e_e009968,1,1,2309010001,집
e_e009968,1,2,2309010002,소찬공원
e_e009968,1,3,2309010003,인천대학교 송도캠퍼스
e_e009968,1,4,2309010004,트리플 스트리트
e_e009968,1,5,2309010005,온 셈 현대 프리미엄 아울렛 송도점
e_e009968,1,6,2309010006,현대 프리미엄 아울렛 송도점
e_e009968,1,7,2309010007,빽다방 빵 연구소 송도 트리플 타워 점
e_e009968,1,8,2309010008,트리플 스트리트
e_e009968,1,9,2309010009,나이키 팩토리 스토어 송도점
e_e009968,1,10,2309010010,집
e_e010014,1,1,2308300001,집
e_e010014,1,2,2308300002,진주집
e_e010014,1,3,2308300003,여의도공원
e_e010014,1,4,2308300004,IFC 몰
e_e010014,1,5,2308300005,더 현대 서울
e_e010014,1,6,2308300006,집
e_e010017,1,1,2308270001,집
e_e010017,1,2,2308270002,삼대째 손두부
e_e010017,1,3,2308270003,백남준아트센터
e_e010017,1,4,2308270004,여백 주택
e_e010017,1,5,2308270005,한국민속촌
e_e010017,1,6,2308270006,집
e_e010028,1,1,2308260001,집
e_e010028,1,2,2308260003,오버케
e_e010028,1,3,2308260004,(오오오오) OoOoOH
e_e010028,1,4,2308260005,송도 맥주축제
e_e010028,1,5,2308260002,집
e_e010037,1,1,2308230001,집
e_e010037,1,2,2308230002,캐리비안베이
e_e010037,1,3,2308230003,집
e_e010043,1,1,2308310001,집
e_e010043,1,2,2308310003,캐리비안베이
e_e010043,1,3,2308310004,디플로여 카페
e_e010043,1,4,2308310005,탕화 쿵후 마라탕
e_e010043,1,5,2308310002,집
e_e010049,1,1,2308260001,집
e_e010049,1,2,2308260002,미카사
e_e010049,1,3,2308260003,책쾌
e_e010049,1,4,2308260004,수원 화성 화홍문
e_e010049,1,5,2308260006,호텔 달 살롱
e_e010049,1,6,2308260007,신대 호수
e_e010049,1,7,2308260005,집
e_e010055,1,1,2308260001,집
e_e010055,1,2,2308260002,인천 차이나타운
e_e010055,1,3,2308260003,월미테마파크
e_e010055,1,4,2308260004,집
e_e010064,1,1,2308280001,집
e_e010064,1,2,2308280002,대전역
e_e010064,1,3,2308280003,서울역
e_e010064,1,4,2308280004,국제 전자센터
e_e010064,1,5,2308280005,콘 부 연남
e_e010064,1,6,2308280006,호안끼엠
e_e010064,1,7,2308280007,스티커 홍대점
e_e010064,1,8,2308280008,AK플라자 홍대
e_e010064,1,9,2308280009,구미 푸딩
e_e010064,1,10,2308280010,서울역 맥도날드
e_e010064,1,11,2308280011,서울역
e_e010064,1,12,2308280012,집
e_e010071,1,1,2308260001,집
e_e010071,1,2,2308260002,동대문디자인플라자
e_e010071,1,3,2308260003,현대 시티 아울렛 동대문점
e_e010071,1,4,2308260004,그라운드 시 소 서촌
e_e010071,1,5,2308260005,코피티암커피 경복궁점
e_e010071,1,6,2308260006,서대문형무소 역사관
e_e010071,1,7,2308260007,뚝섬 미술관
e_e010071,1,8,2308260008,메시
e_e010071,1,9,2308260009,건대입구역 2호선
e_e010071,1,10,2308260010,집
e_e010076,1,1,2308240001,집
e_e010076,1,2,2308240002,27피트 파주 본점
e_e010076,1,3,2308240003,마장호수 출렁다리
e_e010076,1,4,2308240004,덕수 다방
e_e010076,1,5,2308240005,집
e_e010097,1,1,2308250001,집
e_e010097,1,2,2308250002,삼낙촌
e_e010097,1,3,2308250003,주파크
e_e010097,1,4,2308250004,청학동 계곡
e_e010097,1,5,2308250006,삼주 노블리제 아파트
e_e010097,1,6,2308250005,집
e_e010106,1,1,2308300001,집
e_e010106,1,2,2308300002,레드 맘마미아
e_e010106,1,3,2308300003,레드 브리지
e_e010106,1,4,2308300004,마장호수
e_e010106,1,5,2308300005,헤이리 예술마을
e_e010106,1,6,2308300006,통일동산 두부마을
e_e010106,1,7,2308300007,집
e_e010112,1,1,2309020001,집
e_e010112,1,2,2309020005,인천 차이나타운
e_e010112,1,3,2309020006,송월동 동화마을
e_e010112,1,4,2309020007,인천개항 누리길
e_e010112,1,5,2309020009,월미테마파크
e_e010112,1,6,2309020008,월미도 선착장
e_e010112,1,7,2309020010,박물관 역
e_e010112,1,8,2309020011,월미 바다역
e_e010112,1,9,2309020012,인천역 1호선
e_e010112,1,10,2309020013,집
e_e010116,1,1,2308230001,집
e_e010116,1,2,2308230002,동양 염전 베이커리 카페
e_e010116,1,3,2308230004,전남 회 조개구이
e_e010116,1,4,2308230003,을왕리 해수욕장
e_e010116,1,5,2308230005,자연도 소금빵 자연도 차
e_e010116,1,6,2308230006,집
e_e010125,1,1,2308230001,집
e_e010125,1,2,2308230002,에버랜드
e_e010125,1,3,2308230003,잠실역 2호선
e_e010125,1,4,2308230004,집
e_e010129,1,1,2308260001,집
e_e010129,1,2,2308260003,명성 돼지갈비
e_e010129,1,3,2308260004,행궁 빙수
e_e010129,1,4,2308260005,르빵드파리&브런치하우스 행궁점
e_e010129,1,5,2308260006,화성행궁
e_e010129,1,6,2308260002,집
e_e010150,1,1,2308250001,집
e_e010150,1,2,2308250002,아레볼
e_e010150,1,3,2308250003,파주 프리미엄 아울렛
e_e010150,1,4,2308250004,오두산 통일전망대
e_e010150,1,5,2308250005,집
e_e010160,1,1,2308230001,집
e_e010160,1,2,2308230002,스타필드 하남
e_e010160,1,3,2308230003,안양중앙시장
e_e010160,1,4,2308230004,집
e_e010164,1,1,2308290001,집
e_e010164,1,2,2308290002,서울숲
e_e010164,1,3,2308290003,오브젝트 성수점
e_e010164,1,4,2308290004,옹근 달
e_e010164,1,5,2308290005,렌트 올드타운점
e_e010164,1,6,2308290006,방추리
e_e010164,1,7,2308290007,집
e_e010174,1,1,2308260001,집
e_e010174,1,2,2308260002,SETEC
e_e010174,1,3,2308260003,바운스 트램펄린 파크 삼성센터
e_e010174,1,4,2308260004,배스킨라빈스 파르나스 몰 점
e_e010174,1,5,2308260005,무얼 식탁 파르나스점
e_e010174,1,6,2308260006,애니팝 보드게임 만화카페
e_e010174,1,7,2308260007,집
e_e010198,1,1,2308240001,집
e_e010198,1,2,2308240002,서울남부터미널
e_e010198,1,3,2308240003,명동교자 본점
e_e010198,1,4,2308240004,다이소 명동역점
e_e010198,1,5,2308240006,서울숲 복합문화 체육센터
e_e010198,1,6,2308240007,동대문디자인플라자 디자인 전시관
e_e010198,1,7,2308240008,태극당
e_e010198,1,8,2308240009,서울남부터미널
e_e010198,1,9,2308240005,집
e_e010199,1,1,2308240001,집
e_e010199,1,2,2308240003,오남 역 4호선
e_e010199,1,3,2308240004,병천 토종 순대 오남점
e_e010199,1,4,2308240005,봉선사
e_e010199,1,5,2308240006,광릉숲길
e_e010199,1,6,2308240007,광릉
e_e010199,1,7,2308240008,잇다 제과
e_e010199,1,8,2308240002,집
e_e010200,1,1,2308260001,집
e_e010200,1,2,2308260003,전주 우렁이 본가
e_e010200,1,3,2308260004,박두진 문학 길
e_e010200,1,4,2308260006,농협안성팜랜드
e_e010200,1,5,2308260005,한경식당
e_e010200,1,6,2308260007,공도 닭집
e_e010200,1,7,2308260002,집
e_e010205,1,1,2308260001,친구 친지 집
e_e010205,1,2,2308260002,드림파크 야생화 단지
e_e010205,1,3,2308260003,옥자네 애견카페
e_e010205,1,4,2308260004,경인아라뱃길
e_e010205,1,5,2308260005,한화 유로메트로 1단지 아파트
e_e010209,1,1,2309020001,집
e_e010209,1,2,2309020002,수원 화성 박물관 주차장
e_e010209,1,3,2309020003,열두 알우 똥집
e_e010209,1,4,2309020004,화성행궁
e_e010209,1,5,2309020005,골 디스
e_e010209,1,6,2309020006,동북각루
e_e010209,1,7,2309020007,앨리 웹이 광교 주차장
e_e010209,1,8,2309020008,앨리웨이 광교
e_e010209,1,9,2309020009,얼 오브 샌드위치
e_e010209,1,10,2309020010,도너츠윤 광교점
e_e010209,1,11,2309020011,광교호수공원
e_e010209,1,12,2309020012,집
e_e010214,1,1,2308230001,집
e_e010214,1,2,2308230002,딥
e_e010214,1,3,2308230003,수원시립미술관
e_e010214,1,4,2308230004,지구인의 놀이터
e_e010214,1,5,2308230005,코지 프로젝트
e_e010214,1,6,2308230006,수원 화성 화홍문
e_e010214,1,7,2308230007,수원 화성 북암문
e_e010214,1,8,2308230008,방화 류수정
e_e010214,1,9,2308230009,집
e_e010220,1,1,2308260001,집
e_e010220,1,2,2308260003,주엽역 3호선
e_e010220,1,3,2308260004,청담사
e_e010220,1,4,2308260005,주엽역 사거리
e_e010220,1,5,2308260006,킨텍스 제1전시장
e_e010220,1,6,2308260007,상록수역 4호선
e_e010220,1,7,2308260002,집
e_e010221,1,1,2308230001,집
e_e010221,1,2,2308230002,본 프롬 테라
e_e010221,1,3,2308230003,퍼들 하우스
e_e010221,1,4,2308230004,단내 성지
e_e010221,1,5,2308230005,테르메덴
e_e010221,1,6,2308230006,집
e_e010222,1,1,2308260001,집
e_e010222,1,2,2308260002,서울 종로구 자하문로 236 2층
e_e010222,1,3,2308260003,서울 종로구 창의문으로 11길 4-1
e_e010222,1,4,2308260004,소마 커피
e_e010222,1,5,2308260005,청운 문학도서관
e_e010222,1,6,2308260006,경복궁
e_e010222,1,7,2308260007,청춘 클로버
e_e010222,1,8,2308260008,소하 염전
e_e010222,1,9,2308260009,집
e_e010224,1,1,2308270001,집
e_e010224,1,2,2308270003,깨비 옥 트리플 스트리트
e_e010224,1,3,2308270004,트리플 스트리트
e_e010224,1,4,2308270005,현대 프리미엄 아울렛 송도점
e_e010224,1,5,2308270006,돌핀 커피
e_e010224,1,6,2308270007,센트럴파크 트라이볼
e_e010224,1,7,2308270008,G 타워 전망대
e_e010224,1,8,2308270009,송도시티
e_e010224,1,9,2308270010,소찬공원
e_e010224,1,10,2308270002,집
e_e010230,1,1,2308310001,집
e_e010230,1,2,2308310002,밀리언 아카이브
e_e010230,1,3,2308310003,뚝섬한강공원
e_e010230,1,4,2308310004,집
e_e010231,1,1,2308270001,집
e_e010231,1,2,2308270002,마장호수
e_e010231,1,3,2308270003,레드 브리지
e_e010231,1,4,2308270004,마장호수 출렁다리
e_e010231,1,5,2308270005,집
e_e010233,1,1,2308270001,집
e_e010233,1,2,2308270002,국립수목원
e_e010233,1,3,2308270003,전통술 박물관 산파원 본원
e_e010233,1,4,2308270004,초가집 순두부 보리밥
e_e010233,1,5,2308270005,CU 포천 송학리점
e_e010233,1,6,2308270006,집
e_e010234,1,1,2308270001,집
e_e010234,1,2,2308270002,스타필드 안성
e_e010234,1,3,2308270003,화양연화
e_e010234,1,4,2308270004,폴 바셋 스타필드 안성점
e_e010234,1,5,2308270005,ABC마트 GS 안성 스타필드점
e_e010234,1,6,2308270006,지오다노 스타필드 안성점
e_e010234,1,7,2308270007,모 브랜드 안성 공도 점
e_e010234,1,8,2308270008,집
e_e010237,1,1,2308260001,집
e_e010237,1,2,2308260002,풍산화우
e_e010237,1,3,2308260004,남이섬
e_e010237,1,4,2308260005,코미 호미 카페
e_e010237,1,5,2308260003,집
e_e010238,1,1,2308270001,집
e_e010238,1,2,2308270002,이시스리조트
e_e010238,1,3,2308270003,청평 호반 닭갈비 막국수 설악점
e_e010238,1,4,2308270004,미스터 박 베이커리 카페
e_e010238,1,5,2308270005,집
e_e010240,1,1,2308280001,집
e_e010240,1,2,2308280002,신논현역 9호선
e_e010240,1,3,2308280003,동인천역 1호선
e_e010240,1,4,2308280004,연경 차이나타운 본점
e_e010240,1,5,2308280005,인천 차이나타운
e_e010240,1,6,2308280006,신포국제시장
e_e010240,1,7,2308280007,동인천역 1호선
e_e010240,1,8,2308280008,신논현역 9호선
e_e010240,1,9,2308280009,집
e_e010243,1,1,2308270001,집
e_e010243,1,2,2308270002,대한 성공회 서울주교좌성당
e_e010243,1,3,2308270003,덕수궁
e_e010243,1,4,2308270004,던킨 시청역점
e_e010243,1,5,2308270005,광화문광장
e_e010243,1,6,2308270006,카페 이마
e_e010243,1,7,2308270007,집
e_e010247,1,1,2308300001,집
e_e010247,1,2,2308300002,수원 센트럴 아이파크자이 아파트
e_e010247,1,3,2308300003,못골종합시장
e_e010247,1,4,2308300004,팔달문시장
e_e010247,1,5,2308300005,지동시장
e_e010247,1,6,2308300006,수원 영 동 시장
e_e010247,1,7,2308300007,수원시립미술관
e_e010247,1,8,2308300008,화성행궁
e_e010247,1,9,2308300009,수원 공방거리
e_e010247,1,10,2308300010,구 수원시 청사
e_e010247,1,11,2308300011,수원역
e_e010247,1,12,2308300012,집
e_e010248,1,1,2308310001,집
e_e010248,1,2,2308310006,KDB산업은행 대전지점
e_e010248,1,3,2308310005,대전청사 시외버스 둔산 정류소
e_e010248,1,4,2308310009,인천종합터미널
e_e010248,1,5,2308310002,중앙어린이 교통공원
e_e010248,1,6,2308310004,남동공단 떡볶이
e_e010248,1,7,2308310007,인천 SSG 랜더스 필드
e_e010248,1,8,2308310008,광명역
e_e010248,1,9,2308310003,집
e_e010249,1,1,2308270013,집
e_e010249,1,2,2308270001,해당화 사진관
e_e010249,1,3,2308270002,메콩 사롱
e_e010249,1,4,2308270003,개항 백화
e_e010249,1,5,2308270004,해당화 사진관
e_e010249,1,6,2308270005,카페 아키라
e_e010249,1,7,2308270006,인천개항 박물관
e_e010249,1,8,2308270007,한국 근대문학관
e_e010249,1,9,2308270008,인천 중구청 본관
e_e010249,1,10,2308270009,온 셈 본점
e_e010249,1,11,2308270010,인천 중구청 본관
e_e010249,1,12,2308270011,그때 소리 지른 사람은 접니다
e_e010249,1,13,2308270012,시흥 배곧 중흥 S 클래스 아파트
e_e010252,1,1,2308260001,집
e_e010252,1,2,2308260002,오두산 통일전망대
e_e010252,1,3,2308260003,류재은 베이커리 본점
e_e010252,1,4,2308260004,롯데 프리미엄 아울렛
e_e010252,1,5,2308260005,파주 프리미엄 아울렛
e_e010252,1,6,2308260006,집
e_e010254,1,1,2308230001,집
e_e010254,1,2,2308230002,알촌 성균관대점
e_e010254,1,3,2308230003,쿠키 폴리스
e_e010254,1,4,2308230004,한옥기술 전시관
e_e010254,1,5,2308230005,장안문
e_e010254,1,6,2308230006,오늘
e_e010254,1,7,2308230007,수원 화성 화서문
e_e010254,1,8,2308230008,무니 버스
e_e010254,1,9,2308230009,수원시립미술관
e_e010254,1,10,2308230010,화성행궁
e_e010254,1,11,2308230011,방화수류정
e_e010254,1,12,2308230012,할머니 댁
e_e010255,1,1,2308260001,집
e_e010255,1,2,2308260003,팔당 반점 본점
e_e010255,1,3,2308260004,세미원
e_e010255,1,4,2308260005,카페 연
e_e010255,1,5,2308260002,집
e_e010256,1,1,2308260001,집
e_e010256,1,2,2308260002,두물머리
e_e010256,1,3,2308260003,양서시장
e_e010256,1,4,2308260004,파리바게뜨 양서점
e_e010256,1,5,2308260005,썸버거
e_e010256,1,6,2308260006,용문사
e_e010256,1,7,2308260007,고향식당
e_e010256,1,8,2308260008,집
e_e010259,1,1,2308260001,집
e_e010259,1,2,2308260002,삼성전자서비스 강동센터
e_e010259,1,3,2308260003,아쿠아 필드 하남
e_e010259,1,4,2308260004,안스 베이커리 스타필드 하남점
e_e010259,1,5,2308260005,롯데마트 제타 플렉스
e_e010259,1,6,2308260006,세븐일레븐 롯데월드 키자니아 점
e_e010259,1,7,2308260007,집
e_e010261,1,1,2308260001,집
e_e010261,1,2,2308260003,와 상상나라 어린이 상상 스페이스
e_e010261,1,3,2308260004,시흥 오이도 박물관
e_e010261,1,4,2308260002,집
e_e010263,1,1,2308260001,집
e_e010263,1,2,2308260002,광릉불고기
e_e010263,1,3,2308260003,국립수목원
e_e010263,1,4,2308260004,봉선사
e_e010263,1,5,2308260005,집
e_e010268,1,1,2308270001,집
e_e010268,1,2,2308270002,해우재
e_e010268,1,3,2308270003,보영 만두 북문 본점
e_e010268,1,4,2308270004,장안문
e_e010268,1,5,2308270005,달빛 행궁 2호점
e_e010268,1,6,2308270006,카페 도화
e_e010268,1,7,2308270007,집
e_e010270,1,1,2308270001,친구 친지 집
e_e010270,1,2,2308270002,AK플라자 수원
e_e010270,1,3,2308270003,수원 탑동 시민농장
e_e010270,1,4,2308270004,서동탄역파크자이1차아파트
e_e010271,1,1,2308240001,집
e_e010271,1,2,2308240003,롯데 프리미엄 아울렛 기흥점
e_e010271,1,3,2308240004,원평 시골장터
e_e010271,1,4,2308240005,어바리 본점
e_e010271,1,5,2308240002,집
e_e010272,1,1,2308260001,집
e_e010272,1,2,2308260002,서대문자연사박물관
e_e010272,1,3,2308260003,후라 또 식당 애브뉴 프랑 판교
e_e010272,1,4,2308260004,집
e_e010274,1,1,2308310001,집
e_e010274,1,2,2308310003,두다 방배 쇼룸
e_e010274,1,3,2308310004,처비 핑거스
e_e010274,1,4,2308310005,기형도 문학관
e_e010274,1,5,2308310006,롯데몰 광명점
e_e010274,1,6,2308310007,이케아 광명점
e_e010274,1,7,2308310008,백미다 롯데몰 광명점
e_e010274,1,8,2308310009,이케아 광명점
e_e010274,1,9,2308310002,집
e_e010277,1,1,2308230001,집
e_e010277,1,2,2308230002,스몹 하남점
e_e010277,1,3,2308230003,갓덴스시 스타필드 하남점
e_e010277,1,4,2308230004,스타필드 하남
e_e010277,1,5,2308230005,화양 그린
e_e010277,1,6,2308230006,집
e_e010281,1,1,2308260001,집
e_e010281,1,2,2308260002,버거 타운 잠실점
e_e010281,1,3,2308260003,잠실한강공원
e_e010281,1,4,2308260004,워터 킹덤 스파 찜질방
e_e010281,1,5,2308260005,집
e_e010292,1,1,2308260001,집
e_e010292,1,2,2308260002,메디피움 분당 의원
e_e010292,1,3,2308260003,세라젬 웹 카페 서울 대치직영점
e_e010292,1,4,2308260004,SETEC
e_e010292,1,5,2308260005,집
e_e010302,1,1,2308260001,집
e_e010302,1,2,2308260002,가평역 경춘선
e_e010302,1,3,2308260003,자라섬
e_e010302,1,4,2308260004,집
e_e010313,1,1,2308240001,집
e_e010313,1,2,2308240002,인천 차이나타운
e_e010313,1,3,2308240003,인송중학교
e_e010313,1,4,2308240004,월미도 공영주차장
e_e010313,1,5,2308240005,채선당 천왕역점
e_e010313,1,6,2308240006,집
e_e010316,1,1,2308280001,집
e_e010316,1,2,2308280003,아이파크몰 용산점
e_e010316,1,3,2308280004,어프로치 커피
e_e010316,1,4,2308280005,도화 아파트먼트
e_e010316,1,5,2308280002,집
e_e010322,1,1,2309070001,집
e_e010322,1,2,2309070002,북수원 시장
e_e010322,1,3,2309070003,북수원 온천
e_e010322,1,4,2309070004,집
e_e010325,1,1,2308260001,집
e_e010325,1,2,2308260003,대전역
e_e010325,1,3,2308260004,서울역
e_e010325,1,4,2308260005,더 현대 서울
e_e010325,1,5,2308260006,리플레 더 현대 서울점
e_e010325,1,6,2308260007,카페 뭔지
e_e010325,1,7,2308260008,fitamin (팝스토어 전시회)
e_e010325,1,8,2308260009,서울역
e_e010325,1,9,2308260010,대전역
e_e010325,1,10,2308260002,집
e_e010336,1,1,2308260001,집
e_e010336,1,2,2308260003,카페 위
e_e010336,1,3,2308260004,러시
e_e010336,1,4,2308260005,젠틀몬스터 스타필드 하남점
e_e010336,1,5,2308260006,폴이 스타 스타필드 하남점
e_e010336,1,6,2308260007,배럴 신세계백화점 스타필드 하남점
e_e010336,1,7,2308260008,안스 베이커리 스타필드 하남점
e_e010336,1,8,2308260009,아쿠아 필드 하남
e_e010336,1,9,2308260010,빅 히트 바다 낚시터
e_e010336,1,10,2308260002,친구 집
e_e010343,1,1,2309050001,집
e_e010343,1,2,2309050002,두물머리
e_e010343,1,3,2309050003,연 칼국수
e_e010343,1,4,2309050004,세미원
e_e010343,1,5,2309050005,집
e_e010344,1,1,2308240001,집
e_e010344,1,2,2308240002,홈플러스 면목점
e_e010344,1,3,2308240003,세븐일레븐 이동도 평리점
e_e010344,1,4,2308240004,키즈 포레
e_e010344,1,5,2308240005,집
e_e010355,1,1,2308260001,집
e_e010355,1,2,2308260003,캠프통포레스트
e_e010355,1,3,2308260004,설악 명가 숯불닭갈비 막국수
e_e010355,1,4,2308260005,커피 먹는 호랑이
e_e010355,1,5,2308260002,집
e_e010362,1,1,2308260001,집
e_e010362,1,2,2308260002,안양예술공원
e_e010362,1,3,2308260003,안양중앙시장
e_e010362,1,4,2308260004,집
e_e010365,1,1,2308290001,집
e_e010365,1,2,2308290002,신도림역 storyway 편의점
e_e010365,1,3,2308290003,인천역 1호선
e_e010365,1,4,2308290004,인천 차이나타운
e_e010365,1,5,2308290005,이미진
e_e010365,1,6,2308290006,서니 구락부
e_e010365,1,7,2308290007,신포국제시장
e_e010365,1,8,2308290008,집
e_e010366,1,1,2308260001,친구 친지 집
e_e010366,1,2,2308260002,현대 프리미엄 아울렛 김포점
e_e010366,1,3,2308260003,초록마을 신월점
e_e010366,1,4,2308260004,신정 뉴타운 롯데캐슬 아파트
e_e010366,1,5,2308260005,관악드림타운 아파트
e_e010370,1,1,2308290001,집
e_e010370,1,2,2308290002,웨이브 파크
e_e010370,1,3,2308290003,소담촌 사당 직영점
e_e010370,1,4,2308290004,집
e_e010371,1,1,2308260001,집
e_e010371,1,2,2308260003,한국민속촌
e_e010371,1,3,2308260002,집
e_e010372,1,1,2308260001,친구 친지 집
e_e010372,1,2,2308260002,스타필드 하남
e_e010372,1,3,2308260003,아쿠아 필드 하남
e_e010372,1,4,2308260004,친구 집
e_e010375,1,1,2308260001,집
e_e010375,1,2,2308260002,용산역
e_e010375,1,3,2308260003,이치 하치 수원역점
e_e010375,1,4,2308260004,효원공원 월화원
e_e010375,1,5,2308260005,우인
e_e010375,1,6,2308260006,수원 화성
e_e010375,1,7,2308260007,에그 궁
e_e010375,1,8,2308260008,화성행궁
e_e010375,1,9,2308260009,집
e_e010377,1,1,2308270001,집
e_e010377,1,2,2308270002,웅진플레이도시
e_e010377,1,3,2308270003,박성광 최광해 물손칼국수 청천점
e_e010377,1,4,2308270004,스타벅스 인천테크노밸리점
e_e010377,1,5,2308270005,집
e_e010386,1,1,2309020001,집
e_e010386,1,2,2309020002,두정역 1호선
e_e010386,1,3,2309020004,오산대역 1호선
e_e010386,1,4,2309020005,물향기 수목원
e_e010386,1,5,2309020007,나무나무해 베이커리 카페
e_e010386,1,6,2309020006,봉평 메밀고을
e_e010386,1,7,2309020008,홈플러스 오산점
e_e010386,1,8,2309020009,그레이스 그래디
e_e010386,1,9,2309020003,광성 오피스텔
e_e010387,1,1,2308240001,사무실
e_e010387,1,2,2308240002,충주휴게소 주유소 양평방향
e_e010387,1,3,2308240003,한국불교역사 문화기념관 주차장
e_e010387,1,4,2308240004,국립중앙박물관
e_e010387,1,5,2308240006,장인 족발 68 영통 직영점
e_e010387,1,6,2308240005,범어삼환나우빌아파트
e_e010388,1,1,2308240001,집
e_e010388,1,2,2308240002,리코 가츠
e_e010388,1,3,2308240003,송산 사지 근린공원
e_e010388,1,4,2308240004,의정부 미술 도서관
e_e010388,1,5,2308240005,더블스퀘어(DOUBLESQUARE)
e_e010388,1,6,2308240006,집
e_e010390,1,1,2308260001,집
e_e010390,1,2,2308260003,12st 카페
e_e010390,1,3,2308260004,NC 큐브 커넬워크 가을도
e_e010390,1,4,2308260006,카츠 모모이 인천 송도점
e_e010390,1,5,2308260005,송도센트럴파크
e_e010390,1,6,2308260007,샹끄발레르
e_e010390,1,7,2308260008,인천대학교 송도캠퍼스
e_e010390,1,8,2308260009,트리플 스트리트
e_e010390,1,9,2308260010,경인아라뱃길
e_e010390,1,10,2308260002,집
e_e010404,1,1,2308260001,집
e_e010404,1,2,2308260003,사당역 4호선 3번 출구
e_e010404,1,3,2308260004,셀틱스 영종점
e_e010404,1,4,2308260005,바다 앞 꼬막 집
e_e010404,1,5,2308260007,본과 탕후루
e_e010404,1,6,2308260008,하늘정원 주차장
e_e010404,1,7,2308260006,카페 월트
e_e010404,1,8,2308260011,시흥 하늘 주유소
e_e010404,1,9,2308260009,선녀바위해수욕장
e_e010404,1,10,2308260012,사당역 4호선 3번 출구
e_e010404,1,11,2308260010,시흥하늘휴게소 일산방향
e_e010404,1,12,2308260002,집
e_e010415,1,1,2308260001,집
e_e010415,1,2,2308260003,수원 전통문화관 예절교육관
e_e010415,1,3,2308260004,삼성 이노베이션 뮤지엄
e_e010415,1,4,2308260005,플라잉 수원
e_e010415,1,5,2308260006,남문 통닭 수원 본점
e_e010415,1,6,2308260002,집
e_e010434,1,1,2308250001,집
e_e010434,1,2,2308250002,SK 행복충전 삼패 메가 충전소
e_e010434,1,3,2308250003,면포 도궁 팔당 본점
e_e010434,1,4,2308250004,참한 간장게장 팔당 직영점
e_e010434,1,5,2308250005,팔당댐 전망대
e_e010434,1,6,2308250006,능내역 (폐역)
e_e010434,1,7,2308250007,실학박물관
e_e010434,1,8,2308250008,다산 생태공원
e_e010434,1,9,2308250009,집
e_e010442,1,1,2308310001,집
e_e010442,1,2,2308310003,아쿠아 필드 고양
e_e010442,1,3,2308310004,스타필드 고양
e_e010442,1,4,2308310002,집
e_e010462,1,1,2308270001,집
e_e010462,1,2,2308270002,안국역 3호선
e_e010462,1,3,2308270003,런던 베이글 뮤지엄 안국점
e_e010462,1,4,2308270005,쌈지길
e_e010462,1,5,2308270008,쌈지길
e_e010462,1,6,2308270006,니르바나
e_e010462,1,7,2308270007,안녕 인사동
e_e010462,1,8,2308270009,런던 베이글 뮤지엄 안국점
e_e010462,1,9,2308270011,스타벅스 안국점
e_e010462,1,10,2308270010,스타벅스 북촌로점
e_e010462,1,11,2308270004,한국 2차 아파트
e_e010463,1,1,2308270002,집
e_e010463,1,2,2308270004,덕수궁
e_e010463,1,3,2308270001,방태 막국수 인사동점
e_e010463,1,4,2308270003,쌈지길
e_e010463,1,5,2308270005,스타벅스 새문안로점
e_e010463,1,6,2308270006,세종문화회관 M 시어터
e_e010463,1,7,2308270007,집
e_e010470,1,1,2308260001,집
e_e010470,1,2,2308260003,평촌역 4호선
e_e010470,1,3,2308260004,종로3가역 1호선
e_e010470,1,4,2308260005,오복 보쌈족발
e_e010470,1,5,2308260006,인생이 보드게임
e_e010470,1,6,2308260007,낙원줄
e_e010470,1,7,2308260008,포토 그레이 익선점
e_e010470,1,8,2308260009,세븐틴 코인 노래연습장 종로 3가 점
e_e010470,1,9,2308260010,익선 취향
e_e010470,1,10,2308260011,익선동 한옥거리
e_e010470,1,11,2308260012,평촌역 4호선
e_e010470,1,12,2308260002,집
e_e010492,1,1,2308260001,집
e_e010492,1,2,2308260003,모래내시장
e_e010492,1,3,2308260004,동백 섬 국밥
e_e010492,1,4,2308260005,개항장 문화마당
e_e010492,1,5,2308260002,집
e_e010517,1,1,2308240001,집
e_e010517,1,2,2308240003,오봉 집 배곧점
e_e010517,1,3,2308240004,시흥 프리미엄 아울렛
e_e010517,1,4,2308240005,시흥 오이도 박물관
e_e010517,1,5,2308240006,거북 섬
e_e010517,1,6,2308240007,배곧 생명공원
e_e010517,1,7,2308240008,별미지요 시흥점
e_e010517,1,8,2308240009,별미지요 근처 대학로 거리
e_e010517,1,9,2308240010,배곧 생명공원 주차장
e_e010517,1,10,2308240002,집
e_e010518,1,1,2308250001,집
e_e010518,1,2,2308250003,스타필드 시티 부천
e_e010518,1,3,2308250004,엠클리프
e_e010518,1,4,2308250005,선녀바위
e_e010518,1,5,2308250006,카페 미음
e_e010518,1,6,2308250007,선녀풍 2호점
e_e010518,1,7,2308250002,집
e_e010522,1,1,2308260001,사무실
e_e010522,1,2,2308260002,산타마리아
e_e010522,1,3,2308260003,의정부역
e_e010522,1,4,2308260004,의정부 젊음의 거리
e_e010522,1,5,2308260005,미브
e_e010522,1,6,2308260006,DC 만물 백화점
e_e010522,1,7,2308260007,도봉서원종합사회복지관
e_e010531,1,1,2308240001,집
e_e010531,1,2,2308240002,잠실역
e_e010531,1,3,2308240003,성수역
e_e010531,1,4,2308240004,우림 문화센터
e_e010531,1,5,2308240005,카페 봇봇봇
e_e010531,1,6,2308240006,어니언 성수
e_e010531,1,7,2308240007,잠실역
e_e010531,1,8,2308240008,집
e_e010539,1,1,2308260001,집
e_e010539,1,2,2308260002,가평역 경춘선
e_e010539,1,3,2308260003,사랑채
e_e010539,1,4,2308260004,멜로우 스폿
e_e010539,1,5,2308260005,자라섬
e_e010539,1,6,2308260006,가평역 경춘선
e_e010539,1,7,2308260007,집
e_e010553,1,1,2308270001,집
e_e010553,1,2,2308270003,롯데 프리미엄 아울렛 타임 빌라스
e_e010553,1,3,2308270002,집
e_e010560,1,1,2308250001,집
e_e010560,1,2,2308250002,국립중앙박물관
e_e010560,1,3,2308250003,스타필드 코엑스몰
e_e010560,1,4,2308250004,집
e_e010563,1,1,2309020001,집
e_e010563,1,2,2309020003,향교 팔달보건소 역
e_e010563,1,3,2309020004,수원향교
e_e010563,1,4,2309020005,수원 구 부국원
e_e010563,1,5,2309020006,팔달문시장
e_e010563,1,6,2309020007,남문 통닭 수원 본점
e_e010563,1,7,2309020008,수원 통닭거리
e_e010563,1,8,2309020009,수원 화성 봉돈
e_e010563,1,9,2309020010,수원과 성당 카페
e_e010563,1,10,2309020011,화성행궁
e_e010563,1,11,2309020012,행궁동 벽화마을
e_e010563,1,12,2309020013,수원 화성 화홍문
e_e010563,1,13,2309020014,화서문로
e_e010563,1,14,2309020015,수원 화성
e_e010563,1,15,2309020002,집
e_e010573,1,1,2308270001,집
e_e010573,1,2,2308270003,캐리비안베이
e_e010573,1,3,2308270002,집
e_e010578,1,1,2308250001,집
e_e010578,1,2,2308250002,에버랜드
e_e010578,1,3,2308250003,집
e_e010598,1,1,2308250001,집
e_e010598,1,2,2308250002,리움미술관
e_e010598,1,3,2308250003,다운 다우너 한남
e_e010598,1,4,2308250004,헤리티지 플로스
e_e010598,1,5,2308250005,에딧 에디션
e_e010598,1,6,2308250006,마일스톤 커피 한남
e_e010598,1,7,2308250007,제일 제면소 서울 역사점
e_e010598,1,8,2308250008,집
e_e010606,1,1,2308300001,집
e_e010606,1,2,2308300003,호구포역 수인 분당선
e_e010606,1,3,2308300004,수원역 수인 분당선
e_e010606,1,4,2308300005,행리단길
e_e010606,1,5,2308300006,캐비닛 베이글
e_e010606,1,6,2308300007,수원 화성
e_e010606,1,7,2308300008,공간 상점
e_e010606,1,8,2308300009,비치 어스
e_e010606,1,9,2308300010,화성행궁
e_e010606,1,10,2308300011,남문 통닭 수원 본점
e_e010606,1,11,2308300012,매교역 수인 분당선
e_e010606,1,12,2308300013,호구포역 수인 분당선
e_e010606,1,13,2308300002,구월 아시아드 선수촌 7단지 아파트
e_e010608,1,1,2308250001,집
e_e010608,1,2,2308250003,스타필드 하남
e_e010608,1,3,2308250004,스타벅스 리버사이드 팔당 DT점
e_e010608,1,4,2308250005,정약용 유적지 기념관
e_e010608,1,5,2308250007,능내역 (폐역)
e_e010608,1,6,2308250006,한강공원 삼패지구
e_e010608,1,7,2308250002,현대아파트
e_e010636,1,1,2308240001,친구 친지 집
e_e010636,1,2,2308240002,수주문학관
e_e010636,1,3,2308240003,카페 뜨락
e_e010636,1,4,2308240004,가톨릭대학교 성심교정 김수환관
e_e010636,1,5,2308240005,요거룸
e_e010636,1,6,2308240006,크라이 치즈 버거 가톨릭대점
e_e010636,1,7,2308240007,부천 활 박물관
e_e010636,1,8,2308240008,복사꽃 피는 집 역곡 본점
e_e010636,1,9,2308240009,마곡수명산파크2단지아파트
e_e010651,1,1,2308240001,집
e_e010651,1,2,2308240002,양평역
e_e010651,1,3,2308240003,황해 식당
e_e010651,1,4,2308240005,용문산관광지 내 양평 친환경농업박물관
e_e010651,1,5,2308240006,두물머리
e_e010651,1,6,2308240007,양수리 빵 공장
e_e010651,1,7,2308240008,집
e_e010659,1,1,2309010001,집
e_e010659,1,2,2309010002,시흥 프리미엄 아울렛
e_e010659,1,3,2309010003,시흥갯골생태공원
e_e010659,1,4,2309010004,푸른 수목원
e_e010659,1,5,2309010005,집
e_e010660,1,1,2308240001,집
e_e010660,1,2,2308240003,우리콩 순두부
e_e010660,1,3,2308240004,갤러리 카페 아프리카
e_e010660,1,4,2308240005,학의천
e_e010660,1,5,2308240006,롯데백화점 평촌점
e_e010660,1,6,2308240007,평촌 로데오거리
e_e010660,1,7,2308240008,평촌중앙공원
e_e010660,1,8,2308240009,다이소 범계역점
e_e010660,1,9,2308240002,집
e_e010673,1,1,2308260001,집
e_e010673,1,2,2308260002,벽초지 수목원
e_e010673,1,3,2308260003,피우리 하우스
e_e010673,1,4,2308260004,롯데 프리미엄 아울렛 파주점
e_e010673,1,5,2308260005,운정 호수 공원
e_e010673,1,6,2308260006,집
e_e010678,1,1,2309160001,사무실
e_e010678,1,2,2309160003,월미 바다역
e_e010678,1,3,2309160004,월미문화의 거리
e_e010678,1,4,2309160005,마이랜드
e_e010678,1,5,2309160006,청춘 조개 월미도 직영점
e_e010678,1,6,2309160007,박물관 역
e_e010678,1,7,2309160002,엘림 하우스
e_e010683,1,1,2308260001,집
e_e010683,1,2,2308260003,맥도날드 고척 DT점
e_e010683,1,3,2308260005,구일역 1호선
e_e010683,1,4,2308260006,테크노파크역 인천 1호선
e_e010683,1,5,2308260004,현대 프리미엄 아울렛 송도점
e_e010683,1,6,2308260007,테크노파크역 인천 1호선
e_e010683,1,7,2308260008,센트럴파크역 인천 1호선
e_e010683,1,8,2308260009,그로브 인송도
e_e010683,1,9,2308260010,송도센트럴파크 웨스트 보트하우스
e_e010683,1,10,2308260011,군자 대한 곱창 송도 커낼워크점
e_e010683,1,11,2308260012,송도 달빛축제공원
e_e010683,1,12,2308260013,송도 달빛축제공원 역 인천 1호선
e_e010683,1,13,2308260015,개봉역 1호선
e_e010683,1,14,2308260002,집
e_e010689,1,1,2309040001,집
e_e010689,1,2,2309040003,체 디앤올리
e_e010689,1,3,2309040004,세이머 온도 플래그십스토어
e_e010689,1,4,2309040005,루에 브르
e_e010689,1,5,2309040006,푸르너스가든 서울숲점
e_e010689,1,6,2309040007,롯데월드타워
e_e010689,1,7,2309040002,집
e_e010700,1,1,2308240001,집
e_e010700,1,2,2308240003,월계역 1호선
e_e010700,1,3,2308240004,사보텐 신세계의 정부점
e_e010700,1,4,2308240005,수집 수집
e_e010700,1,5,2308240006,스타벅스 의정부공원점
e_e010700,1,6,2308240007,포토 이즘 박스 의정부 로데오점
e_e010700,1,7,2308240008,의정부역 행복로
e_e010700,1,8,2308240009,신세계백화점 의정부점
e_e010700,1,9,2308240010,은비 스프레드
e_e010700,1,10,2308240011,의정부역 1호선
e_e010700,1,11,2308240002,집
e_e010711,1,1,2308270001,집
e_e010711,1,2,2308270002,네 어스
e_e010711,1,3,2308270003,하우스 플랜비
e_e010711,1,4,2308270004,화성행궁
e_e010711,1,5,2308270005,츄플러스
e_e010711,1,6,2308270006,집
e_e010712,1,1,2308300001,집
e_e010712,1,2,2308300002,독산성
e_e010712,1,3,2308300003,고인돌공원
e_e010712,1,4,2308300004,샤브 마니아 오산 세교점
e_e010712,1,5,2308300005,집
e_e010713,1,1,2308270001,집
e_e010713,1,2,2308270003,망원시장
e_e010713,1,3,2308270004,브라운 프런트도 어
e_e010713,1,4,2308270005,사온서
e_e010713,1,5,2308270006,요코스카 쓰나미 상수점
e_e010713,1,6,2308270007,GS25 화성 능동점
e_e010713,1,7,2308270002,집
e_e010715,1,1,2308260001,친구 친지 집
e_e010715,1,2,2308260003,백운계곡
e_e010715,1,3,2308260004,청운 쉼터
e_e010715,1,4,2308260005,솟대
e_e010715,1,5,2308260006,산정호수
e_e010715,1,6,2308260002,친구 집
e_e010716,1,1,2308260001,집
e_e010716,1,2,2308260002,힐리 크래프트
e_e010716,1,3,2308260003,운 멜로 4호점
e_e010716,1,4,2308260004,김성민 커피 신별관
e_e010716,1,5,2308260005,집
e_e010720,1,1,2308240001,집
e_e010720,1,2,2308240002,에이프런
e_e010720,1,3,2308240003,갤러리아백화점 광교점
e_e010720,1,4,2308240004,수원 화성 화성행궁
e_e010720,1,5,2308240005,수원 KT위즈 파크
e_e010720,1,6,2308240006,집
e_e010722,1,1,2308250001,집
e_e010722,1,2,2308250003,낙원테산도 용산 아이파크몰점
e_e010722,1,3,2308250004,장교숙소 5단지(용산공원 반환부지)
e_e010722,1,4,2308250005,제1보급소
e_e010722,1,5,2308250006,국립중앙박물관
e_e010722,1,6,2308250007,한강 치킨 본점
e_e010722,1,7,2308250008,이촌한강공원
e_e010722,1,8,2308250009,미스 랄라
e_e010722,1,9,2308250002,집
e_e010724,1,1,2308260001,집
e_e010724,1,2,2308260002,현대 프리미엄 아울렛 스페이스 원
e_e010724,1,3,2308260003,하오짬해물짬뽕
e_e010724,1,4,2308260004,집
e_e010729,1,1,2308240001,집
e_e010729,1,2,2308240003,올리브영 압구정중앙점
e_e010729,1,3,2308240004,신사 까치공원
e_e010729,1,4,2308240005,새들러 하우스
e_e010729,1,5,2308240006,신사동 가로수 길
e_e010729,1,6,2308240007,Mellow
e_e010729,1,7,2308240008,Apple 가로수길
e_e010729,1,8,2308240009,고다이바 가로수길 플래그십
e_e010729,1,9,2308240010,덕평자연휴게소 강릉방향
e_e010729,1,10,2308240002,집
e_e010734,1,1,2308300001,집
e_e010734,1,2,2308300003,미사역 5호선
e_e010734,1,3,2308300004,스타필드 하남
e_e010734,1,4,2308300005,존앤맷 미사 본점
e_e010734,1,5,2308300006,나인 블록 뷰 팔당점
e_e010734,1,6,2308300002,집
e_e010735,1,1,2308260001,집
e_e010735,1,2,2308260002,누메로 뜨레 쓰
e_e010735,1,3,2308260003,모나미 스토어 성수점
e_e010735,1,4,2308260004,코끼리 베이글
e_e010735,1,5,2308260005,컴오프
e_e010735,1,6,2308260006,서울숲
e_e010735,1,7,2308260007,홍화 돈
e_e010735,1,8,2308260009,올리브영 남양주 별내점
e_e010735,1,9,2308260008,집
e_e010736,1,1,2308260001,집
e_e010736,1,2,2308260002,물향기 수목원
e_e010736,1,3,2308260003,청기와 대구탕
e_e010736,1,4,2308260004,화성 융릉과 건릉
e_e010736,1,5,2308260005,설빙 경기 화성 수원대점
e_e010736,1,6,2308260006,집
e_e010740,1,1,2309070001,집
e_e010740,1,2,2309070002,아오바
e_e010740,1,3,2309070005,서울도 본 관광코스 북촌 한옥마을
e_e010740,1,4,2309070003,르콘토엘
e_e010740,1,5,2309070004,한지문화산업센터
e_e010740,1,6,2309070006,동원아파트
e_e010741,1,1,2308240002,집
e_e010741,1,2,2308240001,감정 전환 공장
e_e010741,1,3,2308240003,미도리
e_e010741,1,4,2308240005,스타벅스 성수점
e_e010741,1,5,2308240004,철구 PC
e_e010741,1,6,2308240006,강동아트센터 대극 장한 강
e_e010741,1,7,2308240007,집
e_e010744,1,1,2308270001,집
e_e010744,1,2,2308270003,매화 쌈밥 오산점
e_e010744,1,3,2308270004,물향기 수목원
e_e010744,1,4,2308270006,독산성
e_e010744,1,5,2308270005,양산봉
e_e010744,1,6,2308270007,명장 시대 오산점
e_e010744,1,7,2308270002,집
e_e010747,1,1,2308240001,집
e_e010747,1,2,2308240002,과천향교
e_e010747,1,3,2308240003,향교집
e_e010747,1,4,2308240004,관악산계곡
e_e010747,1,5,2308240005,집
e_e010748,1,1,2308260001,집
e_e010748,1,2,2308260002,광야
e_e010748,1,3,2308260003,유키 찹쌀떡 연남점
e_e010748,1,4,2308260004,홍대입구역 공항철도 4번 출구
e_e010748,1,5,2308260005,라인 프렌즈 플래그십스토어 홍대점
e_e010748,1,6,2308260006,리플레
e_e010748,1,7,2308260007,죔죔
e_e010748,1,8,2308260008,팝 마트 플래그십 스토어
e_e010748,1,9,2308260009,KTG 상상마당 홍대
e_e010748,1,10,2308260010,코엔 클로 홍대점
e_e010748,1,11,2308260011,배터리 88
e_e010748,1,12,2308260012,아우라
e_e010748,1,13,2308260013,집
e_e010750,1,1,2309100001,집
e_e010750,1,2,2309100002,이제 제 신용산점
e_e010750,1,3,2309100003,아모레퍼시픽그룹 본사
e_e010750,1,4,2309100004,나인 트리 프리미어 로카우스 호텔 서울 용산
e_e010750,1,5,2309100005,집
e_e010753,1,1,2308270001,집
e_e010753,1,2,2308270002,서울 기록원 주차장
e_e010753,1,3,2308270003,수동계곡 야영장
e_e010753,1,4,2308270004,개울
e_e010753,1,5,2308270006,유진스웰 2단지 아파트
e_e010753,1,6,2308270007,서울 기록원 주차장
e_e010753,1,7,2308270005,집
e_e010755,1,1,2309090001,집
e_e010755,1,2,2309090002,화랑유원지
e_e010755,1,3,2309090003,안산 산업 역사박물관
e_e010755,1,4,2309090004,NC백화점 고잔점
e_e010755,1,5,2309090005,안산문화광장
e_e010755,1,6,2309090006,노적봉폭포공원 노적봉폭포
e_e010755,1,7,2309090007,예당 카페
e_e010755,1,8,2309090008,집
e_e010759,1,1,2309020001,집
e_e010759,1,2,2309020003,가락국수 일 번가
e_e010759,1,3,2309020004,모 브랜드 수원 호매실점
e_e010759,1,4,2309020005,건민 빌딩
e_e010759,1,5,2309020006,AK플라자 수원
e_e010759,1,6,2309020007,행루즈 버거 수원점
e_e010759,1,7,2309020008,여민 각
e_e010759,1,8,2309020009,143베이커리 커피숍
e_e010759,1,9,2309020010,파닥파닥 클럽
e_e010759,1,10,2309020002,집
e_e010763,1,1,2308270001,집
e_e010763,1,2,2308270003,스타필드 고양
e_e010763,1,3,2308270002,집
e_e010765,1,1,2308280001,집
e_e010765,1,2,2308280002,국립중앙박물관
e_e010765,1,3,2308280003,집
e_e010766,1,1,2308270001,집
e_e010766,1,2,2308270002,서울랜드
e_e010766,1,3,2308270003,봉덕 칼국수
e_e010766,1,4,2308270004,집
e_e010769,1,1,2308260001,집
e_e010769,1,2,2308260002,한대앞역 수인 분당선
e_e010769,1,3,2308260003,매교역 수인 분당선
e_e010769,1,4,2308260004,두 매당 약국
e_e010769,1,5,2308260005,팔달문시장
e_e010769,1,6,2308260006,기와집 돈가스
e_e010769,1,7,2308260007,메모리아마 넷
e_e010769,1,8,2308260008,화성행궁 광장
e_e010769,1,9,2308260009,행궁동 새마을문고
e_e010769,1,10,2308260010,브로콜리 숲
e_e010769,1,11,2308260011,경기 서적
e_e010769,1,12,2308260012,나혜석 생가터
e_e010769,1,13,2308260013,GS25 수원 행리단길점
e_e010769,1,14,2308260014,미카사
e_e010769,1,15,2308260015,수원 화성
e_e010769,1,16,2308260016,화성행궁
e_e010769,1,17,2308260017,수원역 수인 분당선
e_e010769,1,18,2308260018,중앙역 수인 분당선
e_e010769,1,19,2308260019,집
e_e010773,1,1,2308270001,집
e_e010773,1,2,2308270003,합정역 6호선
e_e010773,1,3,2308270004,다산 교안 정류장
e_e010773,1,4,2308270005,아시아출판문화 정보 센터 지혜의 숲 1관
e_e010773,1,5,2308270006,활판인쇄 박물관
e_e010773,1,6,2308270007,완이 네 작은 밥상
e_e010773,1,7,2308270008,미메시스 아트 뮤지엄
e_e010773,1,8,2308270009,아르디움카페
e_e010773,1,9,2308270010,롯데 프리미엄 아울렛 파주점
e_e010773,1,10,2308270011,피스 피스 출판 단지점
e_e010773,1,11,2308270012,합정역 6호선
e_e010773,1,12,2308270002,집
e_e010775,1,1,2308290001,집
e_e010775,1,2,2308290003,네이처 랩스 AK플라자 홍대
e_e010775,1,3,2308290004,연남 토마 본점
e_e010775,1,4,2308290005,코미코 카페
e_e010775,1,5,2308290006,카카오 프렌즈 홍대 플래그십스토어
e_e010775,1,6,2308290007,T 팩토리
e_e010775,1,7,2308290008,떡볶이 농장 홍대점
e_e010775,1,8,2308290002,집
e_e010779,1,1,2308270001,집
e_e010779,1,2,2308270003,한국이민사 박물관
e_e010779,1,3,2308270004,월미테마파크
e_e010779,1,4,2308270005,인천 차이나타운
e_e010779,1,5,2308270006,흥부가 반해버리고 놀부가 기절한 닭강정 성대점
e_e010779,1,6,2308270002,집
e_e010782,1,1,2308270001,집
e_e010782,1,2,2308270002,BMW 드라이빙 센터
e_e010782,1,3,2308270003,하늘정원 주차장
e_e010782,1,4,2308270004,파라다이스 시티 씨메르
e_e010782,1,5,2308270006,선녀바위
e_e010782,1,6,2308270007,도목정
e_e010782,1,7,2308270005,집
e_e010798,1,1,2308260001,집
e_e010798,1,2,2308260003,화성행궁
e_e010798,1,3,2308260004,라피에나
e_e010798,1,4,2308260006,프레임
e_e010798,1,5,2308260005,효자 막창 수원 행궁점
e_e010798,1,6,2308260007,ZARA 자라 롯데몰 수원점
e_e010798,1,7,2308260002,집
e_e010803,1,1,2308270001,집
e_e010803,1,2,2308270002,농협안성팜랜드
e_e010803,1,3,2308270003,스타필드 안성
e_e010803,1,4,2308270004,이우철 한 방 누룽지 삼계탕(평택 직영점)
e_e010803,1,5,2308270005,집
e_e010812,1,1,2308250001,집
e_e010812,1,2,2308250002,일산 호수공원
e_e010812,1,3,2308250003,신라면 옥 본점
e_e010812,1,4,2308250004,아이 라이크 마운틴 고양점
e_e010812,1,5,2308250005,스타필드 고양
e_e010812,1,6,2308250006,집
e_e010814,1,1,2308270001,집
e_e010814,1,2,2308270003,스노피크 랜드 스테이션 하남점
e_e010814,1,3,2308270004,고릴라 캠핑 하남점
e_e010814,1,4,2308270005,스타필드 하남
e_e010814,1,5,2308270002,집
e_e010838,1,1,2308270001,집
e_e010838,1,2,2308270002,롯데몰 수원점
e_e010838,1,3,2308270003,부터
e_e010838,1,4,2308270004,다이소 수원 북문점
e_e010838,1,5,2308270005,화성행궁
e_e010838,1,6,2308270006,숲속 숯가마 용인점
e_e010838,1,7,2308270007,집
e_e010843,1,1,2308260001,집
e_e010843,1,2,2308260002,큐브의 스케이프 홍대점
e_e010843,1,3,2308260004,스페이스 원
e_e010843,1,4,2308260005,굽네 플레이타운
e_e010843,1,5,2308260006,할리스 홍대 거리점
e_e010843,1,6,2308260007,카페 데 코믹스 홍대점
e_e010843,1,7,2308260008,슈퍼 방귀 홍대점
e_e010843,1,8,2308260009,수 노래연습장 럭셔리 홍대점
e_e010843,1,9,2308260003,집
e_e010850,1,1,2308260001,친구 친지 집
e_e010850,1,2,2308260002,니지 모리 스튜디오
e_e010850,1,3,2308260003,노량진역 9호선
e_e010852,1,1,2308260001,집
e_e010852,1,2,2308260002,연천농협 하나로마트 본점
e_e010852,1,3,2308260003,아이 홀릭 앤이 디저트
e_e010852,1,4,2308260004,돌도지 유원지
e_e010852,1,5,2308260005,마담 파이
e_e010852,1,6,2308260006,집
e_e010863,1,1,2308260001,집
e_e010863,1,2,2308260002,남자친구 집
e_e010863,1,3,2308260004,홍대입구역 2호선
e_e010863,1,4,2308260005,킨텍스 제1전시장 4홀
e_e010863,1,5,2308260003,집
e_e010868,1,1,2308260001,집
e_e010868,1,2,2308260002,신신 분식
e_e010868,1,3,2308260003,주교좌답동 성 바오로 성당
e_e010868,1,4,2308260004,오프닝 오프
e_e010868,1,5,2308260005,올드타운 베어
e_e010868,1,6,2308260006,집
e_e010884,1,1,2308270001,집
e_e010884,1,2,2308270002,호암미술관
e_e010884,1,3,2308270003,호암미술관 전통정원 희원
e_e010884,1,4,2308270004,중국성
e_e010884,1,5,2308270005,코엑스
e_e010884,1,6,2308270006,패티 앤 베지스 디 타워 서울 포레스트점
e_e010884,1,7,2308270007,집
e_e010893,1,1,2309020001,집
e_e010893,1,2,2309020002,파주 놀이 구름
e_e010893,1,3,2309020003,연리 희재
e_e010893,1,4,2309020005,부담 없소 본점
e_e010893,1,5,2309020004,파주 프리미엄 아울렛
e_e010893,1,6,2309020006,엠오디101
e_e010893,1,7,2309020007,시흥 은계 네이처 포레 아파트 114-293
e_e010900,1,1,2309010001,집
e_e010900,1,2,2309010002,회기역 1호선
e_e010900,1,3,2309010003,종로3가역 1호선
e_e010900,1,4,2309010004,구파발역 3호선
e_e010900,1,5,2309010005,구파발역 입구 버스정류장
e_e010900,1,6,2309010006,스타필드 고양
e_e010900,1,7,2309010007,스몹 고양점
e_e010900,1,8,2309010008,아쿠아 필드 고양
e_e010900,1,9,2309010009,삼송역 3호선
e_e010900,1,10,2309010010,종로3가역 1호선
e_e010900,1,11,2309010011,집
e_e010915,1,1,2308270001,집
e_e010915,1,2,2308270002,루덴시아
e_e010915,1,3,2308270003,토비 하우스
e_e010915,1,4,2308270004,집
e_e010921,1,1,2308260001,사무실
e_e010921,1,2,2308260002,컨텍스트 카페
e_e010921,1,3,2308260003,김포 아트빌리지
e_e010921,1,4,2308260005,소굴 185
e_e010921,1,5,2308260004,아이 조팝 김포 구래점
e_e010921,1,6,2308260006,우주 공간 족발
e_e010921,1,7,2308260007,행복놀이터라베니체라이크팡
e_e010921,1,8,2308260008,루원 e 편한 세상하늘채 아파트
e_e010926,1,1,2308250001,집
e_e010926,1,2,2308250002,까치산역 5호선
e_e010926,1,3,2308250003,아시아드경기장 역 인천 2호선
e_e010926,1,4,2308250005,인천디자인고등학교
e_e010926,1,5,2308250004,이집트 경양식
e_e010926,1,6,2308250006,인천 아시아드 주경기장 보조경기장
e_e010926,1,7,2308250007,연희동 성당
e_e010926,1,8,2308250008,헐크 13 전기차 충전소
e_e010926,1,9,2308250009,서곶근린공원
e_e010926,1,10,2308250010,부모님 집
e_e010926,1,11,2308250011,마실 거리
e_e010926,1,12,2308250012,유진 족발 본점
e_e010926,1,13,2308250013,서구청 역 인천 2호선
e_e010926,1,14,2308250014,집
e_e010935,1,1,2308250001,집
e_e010935,1,2,2308250003,오 파트
e_e010935,1,3,2308250004,그래픽
e_e010935,1,4,2308250005,즉석 총각 손칼국수
e_e010935,1,5,2308250002,집
e_e010937,1,1,2308290001,집
e_e010937,1,2,2308290002,양주시립 장욱진미술관
e_e010937,1,3,2308290003,동조성
e_e010937,1,4,2308290004,모어 그린
e_e010937,1,5,2308290005,집
e_e010939,1,1,2309030001,집
e_e010939,1,2,2309030003,에버랜드
e_e010939,1,3,2309030002,집
e_e010948,1,1,2309020001,집
e_e010948,1,2,2309020002,롯데리아 안양 석수 DT점
e_e010948,1,3,2309020003,에버랜드
e_e010948,1,4,2309020004,정구네 목구멍에 기름칠
e_e010948,1,5,2309020005,친구 집
e_e010948,1,6,2309020006,집
e_e010955,1,1,2308280001,집
e_e010955,1,2,2308280003,슬로 써니사이드
e_e010955,1,3,2308280004,팔레 센트
e_e010955,1,4,2308280005,방화수류정
e_e010955,1,5,2308280006,코지 프로젝트
e_e010955,1,6,2308280002,KCC 본사 근처
e_e010969,1,1,2308260001,집
e_e010969,1,2,2308260002,달랏
e_e010969,1,3,2308260003,위글위글집 도산
e_e010969,1,4,2308260004,베시더스콘
e_e010969,1,5,2308260005,누데이크 하우스 도산
e_e010969,1,6,2308260006,런던 베이글 뮤지엄 도산점
e_e010969,1,7,2308260007,파이브 가이즈 강남
e_e010969,1,8,2308260008,집
e_e010978,1,1,2308270001,집
e_e010978,1,2,2308270003,남한산성도립공원
e_e010978,1,3,2308270004,다산 생태공원
e_e010978,1,4,2308270005,정약용 유적지
e_e010978,1,5,2308270006,왕비성
e_e010978,1,6,2308270007,스타필드 시티 위례
e_e010978,1,7,2308270002,집
e_e010979,1,1,2308270001,집
e_e010979,1,2,2308270002,다이소 상암 월드컵점
e_e010979,1,3,2308270003,하나로마트 성산점
e_e010979,1,4,2308270004,난지캠핑장
e_e010979,1,5,2308270005,집
e_e010982,1,1,2308260001,집
e_e010982,1,2,2308260003,신사역 3호선
e_e010982,1,3,2308260004,킨텍스 제1전시장 버스정류장
e_e010982,1,4,2308260005,가야 밀면
e_e010982,1,5,2308260006,킨텍스 제1전시장
e_e010982,1,6,2308260007,트레이더스 홀세일 클럽 킨텍스점
e_e010982,1,7,2308260008,킨텍스원시티M2블럭아파트
e_e010982,1,8,2308260002,집
e_e010984,1,1,2308260001,집
e_e010984,1,2,2308260003,신세계백화점 강남점
e_e010984,1,3,2308260004,호호 식당 파미 스테이션 점
e_e010984,1,4,2308260005,플리퍼스 신세계 센트럴시티점
e_e010984,1,5,2308260006,서울고속버스터미널(경부)
e_e010984,1,6,2308260007,잠원한강공원
e_e010984,1,7,2308260008,온기정
e_e010984,1,8,2308260009,탬버린즈 플래그십스토어 신사점
e_e010984,1,9,2308260010,악쓰는 하마 코인노래방 가로수길점
e_e010984,1,10,2308260011,올리브영 신사점
e_e010984,1,11,2308260002,집
e_e010990,1,1,2308270001,집
e_e010990,1,2,2308270003,먹어야 산다
e_e010990,1,3,2308270006,이마트 24 남한산성점
e_e010990,1,4,2308270004,경기도 남한산성 세계유산센터
e_e010990,1,5,2308270005,몽주이에
e_e010990,1,6,2308270002,집
e_e010991,1,1,2308270001,집
e_e010991,1,2,2308270002,스타벅스 더 북한강 R 점
e_e010991,1,3,2308270004,죽여주는 동치미국수
e_e010991,1,4,2308270005,뉴삼봉 수상 레저
e_e010991,1,5,2308270006,두물머리
e_e010991,1,6,2308270007,테라로사 서종점
e_e010991,1,7,2308270003,롯데마트 오산점
e_e011007,1,1,2308260001,집
e_e011007,1,2,2308260002,청학 비치
e_e011007,1,3,2308260003,LF 스퀘어 양주
e_e011007,1,4,2308260004,옥정 중앙공원
e_e011007,1,5,2308260005,집
e_e011029,1,1,2308260001,집
e_e011029,1,2,2308260002,한국민속촌
e_e011029,1,3,2308260003,롯데 프리미엄 아울렛 기흥점
e_e011029,1,4,2308260004,빵공원벨꾸르
e_e011029,1,5,2308260005,집
e_e011037,1,1,2308260001,집
e_e011037,1,2,2308260007,롯데시네마 하남미사
e_e011037,1,3,2308260003,백운 양꼬치
e_e011037,1,4,2308260004,다이소 하남미사점
e_e011037,1,5,2308260005,설빙 미사 호수 공원점
e_e011037,1,6,2308260006,미사 호수 공원
e_e011037,1,7,2308260002,집
e_e011039,1,1,2309020001,집
e_e011039,1,2,2309020003,오이도역 4호선
e_e011039,1,3,2309020004,방아머리 해변
e_e011039,1,4,2309020005,초당 옥도나스 대부도
e_e011039,1,5,2309020006,대부도 포도빵
e_e011039,1,6,2309020007,대갓집 해물 왕 창칼 국수
e_e011039,1,7,2309020008,이디야커피 시화 로데오점
e_e011039,1,8,2309020002,집
e_e011046,1,1,2308250001,집
e_e011046,1,2,2308250002,Apple 가로수길
e_e011046,1,3,2308250003,멜로우 랜드 로드
e_e011046,1,4,2308250004,프레임
e_e011046,1,5,2308250005,모레노 유메 가로수길점
e_e011046,1,6,2308250006,집
e_e011054,1,1,2308270001,집
e_e011054,1,2,2308270002,구리휴게소 일산방향
e_e011054,1,3,2308270003,가평 레일파크
e_e011054,1,4,2308270004,삼대 막국수
e_e011054,1,5,2308270005,카페 감자밭 본점
e_e011054,1,6,2308270006,가평휴게소 서울 방향
e_e011054,1,7,2308270007,집
e_e011058,1,1,2308260001,집
e_e011058,1,2,2308260002,시흥갯골생태공원
e_e011058,1,3,2308260003,빌리 고트 커피 로프터스
e_e011058,1,4,2308260004,집
e_e011062,1,1,2308250001,집
e_e011062,1,2,2308250002,마녀 주방 대학로점
e_e011062,1,3,2308250003,아르코미술관
e_e011062,1,4,2308250004,포토 이즘 박스 마로니에점
e_e011062,1,5,2308250005,바탕골 소극장
e_e011062,1,6,2308250006,집
e_e011070,1,1,2308260001,집
e_e011070,1,2,2308260002,스타필드 고양
e_e011070,1,3,2308260003,해운정 왕새우 양식장
e_e011070,1,4,2308260004,엔도르핀 코인 노래연습장
e_e011070,1,5,2308260005,집
e_e011095,1,1,2308270001,집
e_e011095,1,2,2308270003,수라간
e_e011095,1,3,2308270004,브로콜리 숲
e_e011095,1,4,2308270005,무니 버스
e_e011095,1,5,2308270006,행리단길
e_e011095,1,6,2308270007,널 담은 공간
e_e011095,1,7,2308270008,수원 화성 화홍문
e_e011095,1,8,2308270009,화성행궁
e_e011095,1,9,2308270010,수원시 팔달구(신풍루 23번 길) 거리
e_e011095,1,10,2308270011,사케 도로 보
e_e011095,1,11,2308270002,충청남도 천안시 서북구 두정동 1236
e_e011100,1,1,2308270001,집
e_e011100,1,2,2308270003,국립중앙박물관
e_e011100,1,3,2308270002,집
e_e011125,1,1,2308310001,집
e_e011125,1,2,2308310003,풍무 도서관
e_e011125,1,3,2308310004,떼루아와 인 아울렛
e_e011125,1,4,2308310005,현대 프리미엄 아울렛 김포점
e_e011125,1,5,2308310006,호텔 마리나베이 서울
e_e011125,1,6,2308310007,비앙 그랑
e_e011125,1,7,2308310002,집
e_e011128,1,1,2309020001,집
e_e011128,1,2,2309020003,미래 항공스포츠
e_e011128,1,3,2309020004,양평 칼국수
e_e011128,1,4,2309020002,집
e_e011130,1,1,2308250001,집
e_e011130,1,2,2308250002,AK 푸드홀
e_e011130,1,3,2308250003,AK플라자 수원점 7층 하늘공원
e_e011130,1,4,2308250004,건담베이스 ak플라자 수원점
e_e011130,1,5,2308250005,런던 플레인
e_e011130,1,6,2308250006,고인돌 무한 통 삼 수원점
e_e011130,1,7,2308250007,익스 큐브
e_e011130,1,8,2308250008,집
e_e011132,1,1,2309020001,집
e_e011132,1,2,2309020002,이케아 기흥점
e_e011132,1,3,2309020003,황금 돌판 오리구 이
e_e011132,1,4,2309020004,빌라베르데
e_e011132,1,5,2309020005,한국민속촌
e_e011132,1,6,2309020006,집
e_e011150,1,1,2308280001,집
e_e011150,1,2,2308280002,캐리비안베이
e_e011150,1,3,2308280003,집
e_e011151,1,1,2308270001,집
e_e011151,1,2,2308270002,북한산국립공원
e_e011151,1,3,2308270003,은평 뉴타운 마고정 3단지 아파트(3139동)
e_e011151,1,4,2308270004,스타필드 고양
e_e011151,1,5,2308270005,은평 뉴타운 마고정 3단지 아파트(3139동)
e_e011151,1,6,2308270006,집
e_e011158,1,1,2308260001,집
e_e011158,1,2,2308260002,브런치빈 삼산점
e_e011158,1,3,2308260003,웅진플레이도시 워터파크 온천스파
e_e011158,1,4,2308260004,"스타벅스, 던킨도너츠, 편의점"
e_e011158,1,5,2308260005,상동호수 공원
e_e011158,1,6,2308260006,이케아 광명점
e_e011158,1,7,2308260007,블루 건
e_e011158,1,8,2308260008,삼막 칡 냉면 안양점
e_e011158,1,9,2308260009,롯데마트 맥스 금천점
e_e011158,1,10,2308260010,집
e_e011167,1,1,2308250001,집
e_e011167,1,2,2308250003,봉암 식당
e_e011167,1,3,2308250004,원보를
e_e011167,1,4,2308250005,안양예술공원
e_e011167,1,5,2308250006,행복한 찹쌀 꽈배기 안양예술공원점
e_e011167,1,6,2308250002,집
e_e011186,1,1,2308260001,집
e_e011186,1,2,2308260003,한국민속촌
e_e011186,1,3,2308260004,산골 항아리 바비큐
e_e011186,1,4,2308260005,맥도날드 동수원 GS DT점
e_e011186,1,5,2308260002,집
e_e011187,1,1,2308260001,집
e_e011187,1,2,2308260003,르에 이치의 원
e_e011187,1,3,2308260004,고메이 494 갤러리아백화점 WEST 점
e_e011187,1,4,2308260005,탐앤탐스 더 클래식 압구정 로데오점
e_e011187,1,5,2308260006,노티스 청담
e_e011187,1,6,2308260007,도산 근린공원
e_e011187,1,7,2308260008,파시 914(넷플릭스 드라마 더 글로리 속 촬영지)
e_e011187,1,8,2308260002,집
e_e011189,1,1,2308260001,집
e_e011189,1,2,2308260003,SETEC
e_e011189,1,3,2308260004,스타필드 코엑스몰
e_e011189,1,4,2308260002,집
e_e011206,1,1,2308260001,집
e_e011206,1,2,2308260002,망향비빔국수 강서점
e_e011206,1,3,2308260003,다이소 영종하늘도시점
e_e011206,1,4,2308260004,영종 레저
e_e011206,1,5,2308260005,예단포항
e_e011206,1,6,2308260006,CU 미단 유커 타운 점
e_e011206,1,7,2308260007,집
e_e011208,1,1,2308260001,집
e_e011208,1,2,2308260002,핀치
e_e011208,1,3,2308260004,하루 필름 서촌점
e_e011208,1,4,2308260005,빅토리아 베이커리
e_e011208,1,5,2308260006,경복궁
e_e011208,1,6,2308260003,집
e_e011215,1,1,2308260001,집
e_e011215,1,2,2308260002,맥도날드 구월 DT점
e_e011215,1,3,2308260003,광명동굴
e_e011215,1,4,2308260005,또 와요 짬뽕
e_e011215,1,5,2308260004,이케아 광명점
e_e011215,1,6,2308260006,파스퇴르밀크바 롯데몰 광명점
e_e011215,1,7,2308260007,집
e_e011218,1,1,2309010001,집
e_e011218,1,2,2309010002,인천역 1호선
e_e011218,1,3,2309010003,컴포즈커피 인천 차이나타운점
e_e011218,1,4,2309010004,K 스타 PC 카페 북성동점
e_e011218,1,5,2309010006,월미 바다역
e_e011218,1,6,2309010007,신승 반점 본점
e_e011218,1,7,2309010008,인천 차이나타운
e_e011218,1,8,2309010009,팟알
e_e011218,1,9,2309010010,올리브영 인천 신포점
e_e011218,1,10,2309010011,트레플
e_e011218,1,11,2309010012,타르트야 신포시장 본점
e_e011218,1,12,2309010013,신포 닭강정 본점
e_e011218,1,13,2309010005,집
e_e011233,1,1,2308260001,집
e_e011233,1,2,2308260003,컴포즈커피 홍대 연남동점
e_e011233,1,3,2308260004,566라멘
e_e011233,1,4,2308260005,제노 피시방 동교점
e_e011233,1,5,2308260006,경의선 숲길
e_e011233,1,6,2308260007,하루에버 연남
e_e011233,1,7,2308260008,T1 베이스캠프
e_e011233,1,8,2308260009,롯데리아 홍대점
e_e011233,1,9,2308260002,집
e_e011239,1,1,2308270001,집
e_e011239,1,2,2308270002,빽다방 수원역점
e_e011239,1,3,2308270003,롤링 파스타 수원역점
e_e011239,1,4,2308270004,G 타워
e_e011239,1,5,2308270005,송도센트럴파크 웨스트 보트하우스
e_e011239,1,6,2308270007,스트리트 추로스 송도 현대 아울렛점
e_e011239,1,7,2308270006,현대 프리미엄 아울렛 송도점
e_e011239,1,8,2308270009,로봇 카페 비트 현대 프리미엄 아울렛 송도점
e_e011239,1,9,2308270008,제주 밤바다 트리플 스트리트점
e_e011239,1,10,2308270010,트리플 스트리트
e_e011239,1,11,2308270011,올리브영 송도 트리플 스트리트점
e_e011239,1,12,2308270012,집
e_e011246,1,1,2308270001,집
e_e011246,1,2,2308270002,청진옥
e_e011246,1,3,2308270003,새문안교회
e_e011246,1,4,2308270004,인왕산 둘레길
e_e011246,1,5,2308270005,더 숲 초소 책방
e_e011246,1,6,2308270006,서울 테마산책길 진경산수화길
e_e011246,1,7,2308270007,교보문고 광화문점
e_e011246,1,8,2308270008,집
e_e011247,1,1,2308270001,집
e_e011247,1,2,2308270002,IFC 몰
e_e011247,1,3,2308270003,을지 다락 여의도
e_e011247,1,4,2308270004,더 현대 서울
e_e011247,1,5,2308270005,집
e_e011252,1,1,2308260001,집
e_e011252,1,2,2308260002,유성고속버스터미널
e_e011252,1,3,2308260003,센트럴시티터미널(호남)
e_e011252,1,4,2308260004,코엑스
e_e011252,1,5,2308260005,진지에
e_e011252,1,6,2308260006,롯데콘서트홀
e_e011252,1,7,2308260007,롯데월드몰
e_e011252,1,8,2308260008,센트럴시티터미널(호남)
e_e011252,1,9,2308260009,유성고속버스터미널
e_e011252,1,10,2308260010,집
e_e011254,1,1,2308270001,집
e_e011254,1,2,2308270002,봉영사
e_e011254,1,3,2308270003,현대 프리미엄 아울렛 스페이스 원
e_e011254,1,4,2308270004,모 브랜드 남양주 다산점
e_e011254,1,5,2308270005,집
e_e011277,1,1,2308310001,집
e_e011277,1,2,2308310002,고구려대장간마을
e_e011277,1,3,2308310003,롯데백화점 구리점
e_e011277,1,4,2308310005,인창 중앙공원
e_e011277,1,5,2308310004,왕숙천
e_e011277,1,6,2308310006,동구릉
e_e011277,1,7,2308310007,집
e_e011310,1,1,2308260001,집
e_e011310,1,2,2308260002,롯데 프리미엄 아울렛 파주점
e_e011310,1,3,2308260003,벽초지 수목원
e_e011310,1,4,2308260004,해브 펀 카페 베이커리
e_e011310,1,5,2308260005,집
e_e011358,1,1,2308260001,집
e_e011358,1,2,2308260003,왕산해수욕장
e_e011358,1,3,2308260004,카페 오라
e_e011358,1,4,2308260005,용궁사
e_e011358,1,5,2308260006,현대 프리미엄 아울렛 송도점
e_e011358,1,6,2308260002,집
e_e011360,1,1,2309090001,집
e_e011360,1,2,2309090003,백남준아트센터
e_e011360,1,3,2309090004,AK& 기흥
e_e011360,1,4,2309090005,캐리비안베이
e_e011360,1,5,2309090002,집
e_e011377,1,1,2308280001,집
e_e011377,1,2,2308280002,푸른 솔 롯데아파트
e_e011377,1,3,2308280003,포크 라이언
e_e011377,1,4,2308280004,방 탈출 ESC
e_e011377,1,5,2308280005,포토 이즘 박스 신촌점
e_e011377,1,6,2308280006,휴코인노래연습장 신촌 명물거리점
e_e011377,1,7,2308280007,이 지방 이야기
e_e011377,1,8,2308280008,배스킨라빈스 CAFE31신촌점
e_e011377,1,9,2308280009,집
e_e011379,1,1,2308280001,집
e_e011379,1,2,2308280002,만정 수산
e_e011379,1,3,2308280003,영종 씨사이드 레일바이크
e_e011379,1,4,2308280004,바다 앞 농장
e_e011379,1,5,2308280005,채영신의 명품 생고기 무한리필 영종점
e_e011379,1,6,2308280006,집
e_e011389,1,1,2308310001,집
e_e011389,1,2,2308310003,트레이더스 홀세일 클럽 스타필드 시티 부천점
e_e011389,1,3,2308310004,방태 막국수 본점
e_e011389,1,4,2308310005,홈 마트 송추점
e_e011389,1,5,2308310006,헤세의 정원
e_e011389,1,6,2308310007,송추계곡
e_e011389,1,7,2308310008,레드 브리지
e_e011389,1,8,2308310009,마장호수
e_e011389,1,9,2308310010,호수 카라반 캠핑장
e_e011389,1,10,2308310002,집
e_e011393,1,1,2308260001,집
e_e011393,1,2,2308260002,무대륙
e_e011393,1,3,2308260003,빈티지 숍 페이지 원
e_e011393,1,4,2308260004,롤링홀
e_e011393,1,5,2308260005,금호타운 아파트
e_e011396,1,1,2308290001,사무실
e_e011396,1,2,2308290003,현대백화점 판교점
e_e011396,1,3,2308290004,스타벅스 HD 현대 RD 센터점
e_e011396,1,4,2308290005,감성 타코 판교점
e_e011396,1,5,2308290006,아티제 애브뉴 프랑 판교점
e_e011396,1,6,2308290007,올리브영 판교 애브뉴 프랑점
e_e011396,1,7,2308290002,이림 빌라
e_e011399,1,1,2308260001,집
e_e011399,1,2,2308260003,미당 등촌 샤부샤부
e_e011399,1,3,2308260004,유일 닭강정
e_e011399,1,4,2308260005,자라섬
e_e011399,1,5,2308260002,집
e_e011405,1,1,2309030001,집
e_e011405,1,2,2309030002,루덴시아
e_e011405,1,3,2309030003,집
e_e011406,1,1,2308310001,사무실
e_e011406,1,2,2308310002,남동공단 떡볶이
e_e011406,1,3,2308310003,컵이
e_e011406,1,4,2308310004,상동역 7호선
e_e011407,1,1,2309010001,집
e_e011407,1,2,2309010002,일행 픽업
e_e011407,1,3,2309010003,안산복합휴게소 강릉방향
e_e011407,1,4,2309010004,에버랜드 1주차장
e_e011407,1,5,2309010005,삼익아파트
e_e011407,1,6,2309010006,집
e_e011408,1,1,2308260001,집
e_e011408,1,2,2308260002,어향 미가
e_e011408,1,3,2308260003,이천 무형문화재 전수교육관
e_e011408,1,4,2308260004,테르메덴
e_e011408,1,5,2308260005,집
e_e011413,1,1,2308260001,집
e_e011413,1,2,2308260003,엉클브룩스주 평택
e_e011413,1,3,2308260004,섬 그릴 미트 캠프
e_e011413,1,4,2308260005,할로 하우디
e_e011413,1,5,2308260002,집
e_e011417,1,1,2309020001,집
e_e011417,1,2,2309020002,슈퍼도 퍼 강남점
e_e011417,1,3,2309020003,리스펙트 페스티벌 (올림픽공원 88잔디마당)
e_e011417,1,4,2309020004,바르게 울로 나
e_e011417,1,5,2309020005,솥뚜껑 오겹살
e_e011417,1,6,2309020006,리스펙트 페스티벌 (올림픽공원 88잔디마당)
e_e011417,1,7,2309020007,집
e_e011421,1,1,2308280001,집
e_e011421,1,2,2308280002,하늘정원 주차장
e_e011421,1,3,2308280003,바다 앞 테라스
e_e011421,1,4,2308280004,자연도 소금빵
e_e011421,1,5,2308280005,집
e_e011422,1,1,2309030001,집
e_e011422,1,2,2309030002,앵거스박
e_e011422,1,3,2309030003,도그 스포 지움 송추점
e_e011422,1,4,2309030004,모어 그린
e_e011422,1,5,2309030005,집
e_e011429,1,1,2308270001,집
e_e011429,1,2,2308270003,메가 MGC 커피 가평점
e_e011429,1,3,2308270004,두 대리 용소 폭포
e_e011429,1,4,2308270005,조몰락 계곡
e_e011429,1,5,2308270006,신간 짬뽕
e_e011429,1,6,2308270007,자라섬 꽃 테마공원
e_e011429,1,7,2308270002,집
e_e011430,1,1,2308260001,친구 친지 집
e_e011430,1,2,2308260003,헤올커피로스터즈
e_e011430,1,3,2308260004,장안문
e_e011430,1,4,2308260005,행리단길
e_e011430,1,5,2308260006,보성 양대 창구이 전문점
e_e011430,1,6,2308260002,친구 집
e_e011431,1,1,2309030001,집
e_e011431,1,2,2309030002,캐리비안베이
e_e011431,1,3,2309030003,큰 마당 감자탕
e_e011431,1,4,2309030004,집
e_e011432,1,1,2309160001,집
e_e011432,1,2,2309160003,야탑역 수인 분당선
e_e011432,1,3,2309160002,파파 1215 본점
e_e011432,1,4,2309160008,달콤 왕과 탕후루 소사벌점
e_e011432,1,5,2309160004,안성 3.1운동 기념관
e_e011432,1,6,2309160005,몬스터 도넛
e_e011432,1,7,2309160006,스타필드 안성
e_e011432,1,8,2309160007,집
e_e011433,1,1,2308260001,집
e_e011433,1,2,2308260003,가평역 경춘선
e_e011433,1,3,2308260004,이화원
e_e011433,1,4,2308260005,자라섬
e_e011433,1,5,2308260006,가평역 경춘선
e_e011433,1,6,2308260002,집
e_e011435,1,1,2308260001,집
e_e011435,1,2,2308260002,문지리 535
e_e011435,1,3,2308260003,롯데 프리미엄 아울렛 파주점
e_e011435,1,4,2308260004,스타벅스 파주 P 아울렛 3F 점
e_e011435,1,5,2308260005,집
e_e011438,1,1,2308310001,집
e_e011438,1,2,2308310002,수원역 1호선
e_e011438,1,3,2308310003,스타벅스 수원종합운동장점
e_e011438,1,4,2308310004,수원 KT위즈 파크
e_e011438,1,5,2308310005,집
e_e011446,1,1,2308260001,집
e_e011446,1,2,2308260003,은평역사한옥 박물관
e_e011446,1,3,2308260004,은평 한옥마을
e_e011446,1,4,2308260005,카페 볼가심
e_e011446,1,5,2308260006,셋이서 문학관
e_e011446,1,6,2308260007,북한산 둘레 캠프
e_e011446,1,7,2308260002,집
e_e011461,1,1,2308310001,집
e_e011461,1,2,2308310003,서울대공원
e_e011461,1,3,2308310004,쌈이 맛
e_e011461,1,4,2308310005,국립과천과학관 천문대
e_e011461,1,5,2308310002,집
e_e011462,1,1,2308270001,집
e_e011462,1,2,2308270002,바다회 사랑 2호점
e_e011462,1,3,2308270004,포도 연남점
e_e011462,1,4,2308270003,소하 염전 연남
e_e011462,1,5,2308270005,모노 맨션 연남 2호점
e_e011462,1,6,2308270006,집
e_e011466,1,1,2308290001,사무실
e_e011466,1,2,2308290003,SBA 서울 애니메이션 센터
e_e011466,1,3,2308290002,집
e_e011473,1,1,2309020001,집
e_e011473,1,2,2309020002,정일 수산
e_e011473,1,3,2309020003,방아머리 해변
e_e011473,1,4,2309020004,뻘 다방
e_e011473,1,5,2309020005,대부바다 향기테마파크
e_e011473,1,6,2309020006,깜장 조개 이야기
e_e011473,1,7,2309020007,집
e_e011482,1,1,2308280001,집
e_e011482,1,2,2308280003,강서 운전면허시험장
e_e011482,1,3,2308280004,포토 이즘 박스 발산역점
e_e011482,1,4,2308280005,해 밥 마곡 본점
e_e011482,1,5,2308280006,소 카크
e_e011482,1,6,2308280002,집
e_e011483,1,1,2308260001,집
e_e011483,1,2,2308260002,그라운드 시 소 성수
e_e011483,1,3,2308260003,공간 와디즈
e_e011483,1,4,2308260004,픽닷
e_e011483,1,5,2308260005,하노이 
e_e011483,1,6,2308260006,서울 앵무새
e_e011483,1,7,2308260007,집
e_e011486,1,1,2308260001,집
e_e011486,1,2,2308260003,코엑스 D 홀
e_e011486,1,3,2308260004,상상 돈가스 코엑스점
e_e011486,1,4,2308260005,버터 코엑스점
e_e011486,1,5,2308260006,슈페리어 갤러리
e_e011486,1,6,2308260007,빛의 시어터
e_e011486,1,7,2308260008,묘향 손만두
e_e011486,1,8,2308260002,집
e_e011488,1,1,2308260001,집
e_e011488,1,2,2308260002,한신코아
e_e011488,1,3,2308260003,선릉 돈가스
e_e011488,1,4,2308260004,SETEC
e_e011488,1,5,2308260005,렛츠 런 파크 서울
e_e011488,1,6,2308260006,광명 아리랑
e_e011488,1,7,2308260007,집
e_e011489,1,1,2308260001,집
e_e011489,1,2,2308260002,을왕리 3도씨 해물갈비
e_e011489,1,3,2308260003,바다 앞 테라스
e_e011489,1,4,2308260004,자연도 소금빵
e_e011489,1,5,2308260005,송도 맥주축제
e_e011489,1,6,2308260006,집
e_e011490,1,1,2308290001,집
e_e011490,1,2,2308290003,역곡역 1호선
e_e011490,1,3,2308290004,용산역 1호선
e_e011490,1,4,2308290005,국립중앙박물관
e_e011490,1,5,2308290006,사유공간 찻집
e_e011490,1,6,2308290007,르번미 동부 이촌점
e_e011490,1,7,2308290008,이촌역 경의중앙선
e_e011490,1,8,2308290009,역곡역 1호선
e_e011490,1,9,2308290002,집
e_e011498,1,1,2308270001,집
e_e011498,1,2,2308270002,하남 힐즈 파크푸르지오 1단지 아파트
e_e011498,1,3,2308270003,스타필드 하남
e_e011498,1,4,2308270004,집
e_e011505,1,1,2308260001,집
e_e011505,1,2,2308260002,워너비 해피(wanna be happy)
e_e011505,1,3,2308260003,현대 프리미엄 아울렛 스페이스 원
e_e011505,1,4,2308260004,집
e_e011538,1,1,2308260001,집
e_e011538,1,2,2308260002,부천 옥길 LH8단지 아파트
e_e011538,1,3,2308260003,오무야
e_e011538,1,4,2308260004,더 벤티 역곡역 CGV 점
e_e011538,1,5,2308260005,CGV 역곡
e_e011538,1,6,2308260006,역전 가락국수 41 역곡역 북부점
e_e011538,1,7,2308260007,집
e_e011552,1,1,2308260001,집
e_e011552,1,2,2308260002,스시 이소
e_e011552,1,3,2308260003,리샤르 명동점
e_e011552,1,4,2308260004,신세계백화점 본점
e_e011552,1,5,2308260005,명동거리
e_e011552,1,6,2308260006,운현궁
e_e011552,1,7,2308260007,집
e_e011567,1,1,2309010001,집
e_e011567,1,2,2309010002,준 식당
e_e011567,1,3,2309010003,계란 집 딸들
e_e011567,1,4,2309010004,청라 호수 공원
e_e011567,1,5,2309010005,집
e_e011570,1,1,2308270001,집
e_e011570,1,2,2308270002,브런치빈 송도 직영점
e_e011570,1,3,2308270003,NC 큐브 커넬워크
e_e011570,1,4,2308270004,제일 면옥
e_e011570,1,5,2308270005,송도센트럴파크
e_e011570,1,6,2308270006,현대 프리미엄 아울렛 송도점
e_e011570,1,7,2308270007,노량진 수산물 도매시장
e_e011570,1,8,2308270008,집
e_e011572,1,1,2308260001,사무실
e_e011572,1,2,2308260002,몰토 베네
e_e011572,1,3,2308260003,앤트로 사이트 합정점
e_e011572,1,4,2308260004,카페 페라 유니크점
e_e011572,1,5,2308260005,방콕 익스프레스 신촌 본점
e_e011572,1,6,2308260006,그릭 데이 이 대본 점
e_e011572,1,7,2308260007,이화여자대학교 음악연구소
e_e011572,1,8,2308260008,아트박스 이대점
e_e011572,1,9,2308260009,쉐이크쉑 천안점
e_e011574,1,1,2308270001,집
e_e011574,1,2,2308270002,천안아산역
e_e011574,1,3,2308270003,수서역
e_e011574,1,4,2308270004,고속터미널역 3호선
e_e011574,1,5,2308270005,비파티세리 신세계 센트럴시티점
e_e011574,1,6,2308270006,플렌티 컨벤션
e_e011574,1,7,2308270007,소이 연남 파리에 스테이션점
e_e011574,1,8,2308270008,수서역
e_e011574,1,9,2308270009,집
e_e011575,1,1,2308260001,집
e_e011575,1,2,2308260002,을왕리 해수욕장
e_e011575,1,3,2308260003,황해 해물칼국수 1호점
e_e011575,1,4,2308260004,바다 앞 테라스
e_e011575,1,5,2308260006,영종역 공항철도
e_e011575,1,6,2308260005,초월 롯데캐슬 1단지 아파트
e_e011576,1,1,2308270001,집
e_e011576,1,2,2308270002,수에 부 수원점
e_e011576,1,3,2308270004,플레이 인 더 박스 메가박스 수원 AK 점
e_e011576,1,4,2308270005,AK플라자 수원 AK 갤러리
e_e011576,1,5,2308270003,AK플라자 수원
e_e011576,1,6,2308270007,다이소 수원 남문점
e_e011576,1,7,2308270006,화성행궁
e_e011576,1,8,2308270008,로스 하우스
e_e011576,1,9,2308270010,여민 각
e_e011576,1,10,2308270009,AK플라자 수원
e_e011576,1,11,2308270011,집
e_e011580,1,1,2308260001,집
e_e011580,1,2,2308260003,친언니 집
e_e011580,1,3,2308260005,맘스터치 오산 세교점
e_e011580,1,4,2308260004,물향기 수목원
e_e011580,1,5,2308260006,투썸플레이스 오산 세교점
e_e011580,1,6,2308260007,고인돌공원 고인돌 광장
e_e011580,1,7,2308260008,궐리사
e_e011580,1,8,2308260009,칠공주 족발
e_e011580,1,9,2308260002,집
e_e011581,1,1,2308260001,집
e_e011581,1,2,2308260004,설카츠
e_e011581,1,3,2308260003,킨텍스 제1전시장
e_e011581,1,4,2308260002,집
e_e011582,1,1,2308260001,집
e_e011582,1,2,2308260002,오형제 손짜장 다산신도시점
e_e011582,1,3,2308260003,현대 프리미엄 아울렛 스페이스 원
e_e011582,1,4,2308260005,현대 프리미엄 아울렛 스페이스 원 키즈 체험관
e_e011582,1,5,2308260004,집
e_e011583,1,1,2309100001,집
e_e011583,1,2,2309100003,산들애 건강밥상
e_e011583,1,3,2309100004,고양 흥국사 대방
e_e011583,1,4,2309100007,교외선
e_e011583,1,5,2309100005,포시즌의 데이
e_e011583,1,6,2309100006,부부 농원
e_e011583,1,7,2309100008,지축 농원
e_e011583,1,8,2309100009,스타필드 고양
e_e011583,1,9,2309100002,집
e_e011588,1,1,2308260001,집
e_e011588,1,2,2308260002,장흥 한옥 수영장
e_e011588,1,3,2308260003,일산 호수공원
e_e011588,1,4,2308260004,홈플러스 메가 푸드마켓 강서점
e_e011588,1,5,2308260005,집
e_e011592,1,1,2308260001,집
e_e011592,1,2,2308260003,롯데시네마 김포공항
e_e011592,1,3,2308260004,롯데몰 김포공항점
e_e011592,1,4,2308260005,김포공항 역 서해선
e_e011592,1,5,2308260006,목감 행복 주유소
e_e011592,1,6,2308260007,메이 플라워
e_e011592,1,7,2308260008,탄도항
e_e011592,1,8,2308260009,자연산 7호
e_e011592,1,9,2308260002,집
e_e011596,1,1,2308300001,집
e_e011596,1,2,2308300002,송월동 동화마을
e_e011596,1,3,2308300003,우물 옆 그 집
e_e011596,1,4,2308300004,인천 차이나타운
e_e011596,1,5,2308300005,짜장면 박물관
e_e011596,1,6,2308300006,한중문화관
e_e011596,1,7,2308300009,만향 마라탕
e_e011596,1,8,2308300007,월미 바다역
e_e011596,1,9,2308300008,월미문화의 거리역
e_e011596,1,10,2308300010,마이랜드
e_e011596,1,11,2308300011,월미테마파크
e_e011596,1,12,2308300012,월미도
e_e011596,1,13,2308300013,집
e_e011627,1,1,2308260001,집
e_e011627,1,2,2308260002,청계 중앙공원
e_e011627,1,3,2308260003,용주사
e_e011627,1,4,2308260004,해변의 꽃게
e_e011627,1,5,2308260005,동탄 호수 공원 물놀이장
e_e011627,1,6,2308260006,동탄 호수 공원 안 네스트 가든
e_e011627,1,7,2308260007,라크몽
e_e011627,1,8,2308260008,동탄 호수 공원
e_e011627,1,9,2308260009,집
e_e011630,1,1,2308260001,집
e_e011630,1,2,2308260003,마곡나루역 9호선
e_e011630,1,3,2308260004,용산역 경의중앙선
e_e011630,1,4,2308260005,가평역 경춘선
e_e011630,1,5,2308260006,가평 메밀촌 가평점
e_e011630,1,6,2308260007,멜로우 스폿
e_e011630,1,7,2308260008,자라섬
e_e011630,1,8,2308260009,가평역 경춘선
e_e011630,1,9,2308260010,신길역 5호선
e_e011630,1,10,2308260011,마곡역 5호선
e_e011630,1,11,2308260002,마곡역 센트럴 푸르지오
e_e011631,1,1,2308260001,집
e_e011631,1,2,2308260003,외할머니 집
e_e011631,1,3,2308260004,카페 888
e_e011631,1,4,2308260005,일리에 콩그레
e_e011631,1,5,2308260002,집
e_e011632,1,1,2308290001,집
e_e011632,1,2,2308290002,국립중앙박물관
e_e011632,1,3,2308290003,낙원테산도 용산 아이파크몰점
e_e011632,1,4,2308290004,팝콘 D 스퀘어
e_e011632,1,5,2308290005,팝 퍼블 용산 아이파크몰점
e_e011632,1,6,2308290006,투썸플레이스 용산 아이파크몰점
e_e011632,1,7,2308290007,밥줄 천호역점
e_e011632,1,8,2308290008,명륜 진사갈비 서울 강동역점
e_e011632,1,9,2308290009,KSPO 돔
e_e011632,1,10,2308290010,집
e_e011637,1,1,2308270001,집
e_e011637,1,2,2308270002,파주 신세계 프리미엄 아울렛
e_e011637,1,3,2308270003,버거스 올 말이 어티
e_e011637,1,4,2308270004,집
e_e011641,1,1,2308270001,집
e_e011641,1,2,2308270002,평상 마루
e_e011641,1,3,2308270003,컨츄리독힐링파크
e_e011641,1,4,2308270004,장 보는 강아지와 고양이 용인 모현점
e_e011641,1,5,2308270005,집
e_e011643,1,1,2308290001,집
e_e011643,1,2,2308290002,아르페지오
e_e011643,1,3,2308290003,영원히
e_e011643,1,4,2308290004,커즈펫 화도점
e_e011643,1,5,2308290005,집
e_e011715,1,1,2309060001,집
e_e011715,1,2,2309060002,늘 푸른 맛집
e_e011715,1,3,2309060003,고속버스터미널 꽃 도매상가
e_e011715,1,4,2309060004,신세계백화점 강남점
e_e011715,1,5,2309060005,숲속 한방 랜드 본점
e_e011715,1,6,2309060006,세검정 돈가스
e_e011715,1,7,2309060007,북악스카이웨이
e_e011715,1,8,2309060008,집
e_e011737,1,1,2309030001,집
e_e011737,1,2,2309030002,알로이 막막
e_e011737,1,3,2309030004,스페이스 윌리 앤 딜링
e_e011737,1,4,2309030005,원모어 백
e_e011737,1,5,2309030006,커피 한 잔
e_e011737,1,6,2309030007,사직단
e_e011737,1,7,2309030008,집
e_e011738,1,1,2308290001,집
e_e011738,1,2,2308290002,더티 트렁크
e_e011738,1,3,2308290003,콩치노콩크리트
e_e011738,1,4,2308290004,파주 프리미엄 아울렛
e_e011738,1,5,2308290005,집
e_e011742,1,1,2309070001,집
e_e011742,1,2,2309070002,아이파크몰 용산점
e_e011742,1,3,2309070003,턴 오프
e_e011742,1,4,2309070004,오크우드 프리미어 인천
e_e011742,1,5,2309070005,송쭈집 본점
e_e011742,1,6,2309070006,오크우드 프리미어 인천
e_e011750,1,1,2308310001,사무실
e_e011750,1,2,2308310002,진주회관
e_e011750,1,3,2308310003,스타벅스 올림픽 아파트 점
e_e011750,1,4,2308310004,올림픽공원
e_e011750,1,5,2308310005,넘버 25 방이점
e_e011750,1,6,2308310006,롯데월드타워 롯데월드몰
e_e011750,1,7,2308310007,노티스 월드 (잠실 롯데월드몰)
e_e011750,1,8,2308310008,KTA 장 충장로 테니스장
e_e011750,1,9,2308310009,탄현마을 16단지 풍림아파트
e_e011752,1,1,2309090001,집
e_e011752,1,2,2309090002,메종키츠네 플래그십스토어
e_e011752,1,3,2309090003,청수랑 갤러리
e_e011752,1,4,2309090007,딥티크 가로수길 플래그십스토어
e_e011752,1,5,2309090004,아트박스 가로수길점
e_e011752,1,6,2309090006,마리 왕 신사역점
e_e011752,1,7,2309090005,집
e_e011756,1,1,2308270001,집
e_e011756,1,2,2308270002,센트럴파크역 인천 1호선
e_e011756,1,3,2308270003,마라 홀릭 송도점
e_e011756,1,4,2308270004,G 타워
e_e011756,1,5,2308270005,국립 세계문자 박물관
e_e011756,1,6,2308270006,할리스 인천 한옥마을 점
e_e011756,1,7,2308270007,인천도시 역사관
e_e011756,1,8,2308270008,송도 맥주축제
e_e011756,1,9,2308270009,중앙역 4호선
e_e011756,1,10,2308270010,KFC 안산중앙점
e_e011756,1,11,2308270011,집
e_e011758,1,1,2309170001,집
e_e011758,1,2,2309170002,인천 차이나타운
e_e011758,1,3,2309170003,월미 바다역
e_e011758,1,4,2309170004,월미공원
e_e011758,1,5,2309170005,월미테마파크
e_e011758,1,6,2309170006,청춘 조개 월미도 직영점
e_e011758,1,7,2309170007,월미테마파크
e_e011758,1,8,2309170008,박물관 역
e_e011758,1,9,2309170009,인천역 1호선
e_e011758,1,10,2309170010,집
e_e011779,1,1,2308290001,집
e_e011779,1,2,2308290003,일산 호수공원
e_e011779,1,3,2308290004,모모 식당
e_e011779,1,4,2308290005,데이먼
e_e011779,1,5,2308290006,현대모터 스튜디오 고양
e_e011779,1,6,2308290007,달빛 찬장
e_e011779,1,7,2308290002,집
e_e011783,1,1,2308310001,집
e_e011783,1,2,2308310003,카카오 프렌즈 홍대 플래그십스토어
e_e011783,1,3,2308310004,무신사 스탠더드 홍대
e_e011783,1,4,2308310005,홍대 레드 로드
e_e011783,1,5,2308310006,쉐이크쉑 홍대점
e_e011783,1,6,2308310007,AK플라자 홍대
e_e011783,1,7,2308310008,할리스 연트럴파크점
e_e011783,1,8,2308310002,집
e_e011787,1,1,2308270001,집
e_e011787,1,2,2308270003,산정호수
e_e011787,1,3,2308270004,산정 랜드
e_e011787,1,4,2308270005,산정리
e_e011787,1,5,2308270006,포천아트밸리
e_e011787,1,6,2308270007,소양강 숯불닭갈비
e_e011787,1,7,2308270008,허브아일랜드
e_e011787,1,8,2308270002,집
e_e011803,1,1,2308290001,집
e_e011803,1,2,2308290005,국립현대미술관 과천관 셔틀버스 정류장
e_e011803,1,3,2308290003,국립현대미술관 과천
e_e011803,1,4,2308290006,대공원역 4호선
e_e011803,1,5,2308290002,집
e_e011858,1,1,2308310001,집
e_e011858,1,2,2308310003,카카오
e_e011858,1,3,2308310004,솔 솥 판교점
e_e011858,1,4,2308310005,플랑크 판교점
e_e011858,1,5,2308310006,판교역 신분당선
e_e011858,1,6,2308310007,스타벅스 판교 알파돔 타워
e_e011858,1,7,2308310008,그레이트 판교
e_e011858,1,8,2308310009,현대백화점 판교점
e_e011858,1,9,2308310010,그레이트 판교
e_e011858,1,10,2308310011,탭 퍼블릭 판교점
e_e011858,1,11,2308310002,집
e_e011866,1,1,2308270001,집
e_e011866,1,2,2308270003,동해 회 조개구이
e_e011866,1,3,2308270004,을왕리 해수욕장
e_e011866,1,4,2308270005,C27 다운타운
e_e011866,1,5,2308270002,집
e_e011868,1,1,2309030001,집
e_e011868,1,2,2309030003,엘리트 승마스쿨
e_e011868,1,3,2309030004,안산 에비뉴 큐브시티 오피스텔
e_e011868,1,4,2309030005,바담
e_e011868,1,5,2309030002,안산 에비뉴 큐브시티 오피스텔
e_e011869,1,1,2308270001,집
e_e011869,1,2,2308270003,캐리비안베이
e_e011869,1,3,2308270002,집
e_e011873,1,1,2308280001,집
e_e011873,1,2,2308280002,카츠 이산
e_e011873,1,3,2308280003,카페 치즈
e_e011873,1,4,2308280004,장안문
e_e011873,1,5,2308280005,테네스
e_e011873,1,6,2308280006,성안 1길
e_e011885,1,1,2308270002,집
e_e011885,1,2,2308270001,안양 워터랜드
e_e011885,1,3,2308270003,집
e_e011903,1,1,2308270001,집
e_e011903,1,2,2308270002,롯데몰 광명점
e_e011903,1,3,2308270003,카페미밍코
e_e011903,1,4,2308270004,이삭토스트 광명 하안점
e_e011903,1,5,2308270005,안터생태공원
e_e011903,1,6,2308270006,집
e_e011904,1,1,2308290001,집
e_e011904,1,2,2308290002,부평역사박물관
e_e011904,1,3,2308290003,지진 옥외 대피장소 박물관 공원
e_e011904,1,4,2308290004,금화 왕돈가스 삼산점
e_e011904,1,5,2308290005,인천수목원
e_e011904,1,6,2308290006,전선당
e_e011904,1,7,2308290007,집
e_e011939,1,1,2308280001,집
e_e011939,1,2,2308280003,경복궁
e_e011939,1,3,2308280004,남산케이블카
e_e011939,1,4,2308280005,벤저민 포케엔 샐러드
e_e011939,1,5,2308280006,천주교 서울 대교구 주교좌 명동 대성당
e_e011939,1,6,2308280007,아이엠 베이글 여의도점
e_e011939,1,7,2308280008,여의도 한강공원
e_e011939,1,8,2308280009,국회의사당 국회 박물관
e_e011939,1,9,2308280002,집
e_e011941,1,1,2308310001,집
e_e011941,1,2,2308310002,연남 토마 본점
e_e011941,1,3,2308310003,AK플라자 홍대
e_e011941,1,4,2308310004,씨스루 홍대연 난점
e_e011941,1,5,2308310005,집
e_e011953,1,1,2308280001,집
e_e011953,1,2,2308280002,수원역
e_e011953,1,3,2308280003,용산역
e_e011953,1,4,2308280004,대원 뮤지엄
e_e011953,1,5,2308280005,용리단길
e_e011953,1,6,2308280007,아이파크몰 용산점
e_e011953,1,7,2308280006,서울 앵무새 용산점
e_e011953,1,8,2308280008,용산역
e_e011953,1,9,2308280009,수원역
e_e011953,1,10,2308280010,집
e_e011956,1,1,2308290001,집
e_e011956,1,2,2308290007,송탄역 1호선
e_e011956,1,3,2308290002,평택국제중앙시장
e_e011956,1,4,2308290003,신장 쇼핑몰
e_e011956,1,5,2308290004,피자클럽
e_e011956,1,6,2308290005,캐멀 에스프레소
e_e011956,1,7,2308290006,집
e_e012026,1,1,2308310001,사무실
e_e012026,1,2,2308310002,시흥능곡역 서해선
e_e012026,1,3,2308310003,초지역 수인 분당선
e_e012026,1,4,2308310004,수원역 수인 분당선
e_e012026,1,5,2308310005,콩 카페 수원 행궁점
e_e012026,1,6,2308310006,버터 북 행궁점
e_e012026,1,7,2308310007,테이스팅 뮤지엄
e_e012026,1,8,2308310008,수원역 수인 분당선
e_e012026,1,9,2308310009,초지역 서해선
e_e012026,1,10,2308310010,시흥능곡역 서해선
e_e012026,1,11,2308310011,연꽃마을 대우 삼호아파트
e_e012031,1,1,2308300001,집
e_e012031,1,2,2308300003,에버랜드 정문
e_e012031,1,3,2308300006,에버랜드 주토피아
e_e012031,1,4,2308300004,에버랜드 허리케인 어트랙션
e_e012031,1,5,2308300005,에버랜드 판다 월드
e_e012031,1,6,2308300007,에버랜드 아마존 익스프레스
e_e012031,1,7,2308300008,에버랜드 로스트 밸리
e_e012031,1,8,2308300009,에버랜드 주토피아
e_e012031,1,9,2308300010,에버랜드 오리엔탈 누들 레스토랑
e_e012031,1,10,2308300011,에버랜드 판다 월드
e_e012031,1,11,2308300012,에버랜드
e_e012031,1,12,2308300002,집
e_e012047,1,1,2308310001,집
e_e012047,1,2,2308310002,인천 차이나타운
e_e012047,1,3,2308310003,월미공원
e_e012047,1,4,2308310004,월미도 선착장
e_e012047,1,5,2308310005,파라다이스 시티
e_e012047,1,6,2308310006,집
e_e012049,1,1,2309010001,집
e_e012049,1,2,2309010003,수원 화성
e_e012049,1,3,2309010004,존앤진피자펍 행궁 본점
e_e012049,1,4,2309010005,지구인의 놀이터
e_e012049,1,5,2309010007,행궁동 벽화마을
e_e012049,1,6,2309010006,행궁 이야기
e_e012049,1,7,2309010008,수원시립미술관
e_e012049,1,8,2309010009,행궁 손칼국수
e_e012049,1,9,2309010010,화성행궁
e_e012049,1,10,2309010002,집
e_e012063,1,1,2308290001,집
e_e012063,1,2,2308290003,일상 비일상의 틈
e_e012063,1,3,2308290004,정샘물 플롭스
e_e012063,1,4,2308290005,유즈 라멘 만리동점
e_e012063,1,5,2308290006,커피 앤시 가렛
e_e012063,1,6,2308290007,남산 서울타워
e_e012063,1,7,2308290008,서울고속버스터미널(경부)
e_e012063,1,8,2308290002,집
e_e012070,1,1,2309010001,집
e_e012070,1,2,2309010002,정릉
e_e012070,1,3,2309010003,봉화 묵집
e_e012070,1,4,2309010004,카페 나우어 데이즈
e_e012070,1,5,2309010005,성신여자대학교 돈암 수정캠퍼스
e_e012070,1,6,2309010006,도쿄 커틀릿
e_e012070,1,7,2309010007,집
e_e012072,1,1,2309010001,사무실
e_e012072,1,2,2309010008,수서역
e_e012072,1,3,2309010002,용산 어린이 정원(용산공원 반환부지)
e_e012072,1,4,2309010003,대림 국수 신용산점
e_e012072,1,5,2309010004,아이파크몰 용산점
e_e012072,1,6,2309010005,영풍문고 용산 아이파크몰점
e_e012072,1,7,2309010006,용산역
e_e012072,1,8,2309010007,조치원역 인근
e_e012074,1,1,2308290001,집
e_e012074,1,2,2308290002,솔밭 우리 밀 칼국수
e_e012074,1,3,2308290003,카페 루 헤
e_e012074,1,4,2308290004,바다 향기수목원
e_e012074,1,5,2308290005,시화 나래 휴게소
e_e012074,1,6,2308290006,집
e_e012107,1,1,2308300001,집
e_e012107,1,2,2308300003,평양면옥 의정부 본점
e_e012107,1,3,2308300004,의정부 미술 도서관
e_e012107,1,4,2308300005,직동 근린공원
e_e012107,1,5,2308300006,의정부 제일시장
e_e012107,1,6,2308300007,후기숙 할머니 원조 어묵 식당 의정부 본점
e_e012107,1,7,2308300002,집
e_e012132,1,1,2309010001,집
e_e012132,1,2,2309010003,필동면옥
e_e012132,1,3,2309010004,달강
e_e012132,1,4,2309010005,남산골 한옥마을
e_e012132,1,5,2309010006,남산골공원
e_e012132,1,6,2309010007,어반 플랜트 명동
e_e012132,1,7,2309010008,신세계백화점 본점
e_e012132,1,8,2309010002,집
e_e012137,1,1,2308300001,집
e_e012137,1,2,2308300002,창덕궁
e_e012137,1,3,2308300003,창경궁
e_e012137,1,4,2308300004,호랑이도삭면 종로점
e_e012137,1,5,2308300005,청계천
e_e012137,1,6,2308300006,덕수궁
e_e012137,1,7,2308300007,메가 MGC 커피 원흥 중앙점
e_e012137,1,8,2308300008,집
e_e012144,1,1,2308310001,집
e_e012144,1,2,2308310002,서울역
e_e012144,1,3,2308310003,남대문시장 대도 상가
e_e012144,1,4,2308310004,유가네닭갈비 명동역점
e_e012144,1,5,2308310005,포토 시그니처 명동
e_e012144,1,6,2308310006,남산 서울타워
e_e012144,1,7,2308310007,엔 버거
e_e012144,1,8,2308310008,서울역
e_e012144,1,9,2308310009,집
e_e012180,1,1,2308300001,집
e_e012180,1,2,2308300003,갤러리 이즈
e_e012180,1,3,2308300004,쌈지길
e_e012180,1,4,2308300005,온 따뜻한 솥밥
e_e012180,1,5,2308300006,인사아트센터
e_e012180,1,6,2308300007,종묘
e_e012180,1,7,2308300008,스타벅스 종로 3가 점
e_e012180,1,8,2308300002,집
e_e012192,1,1,2308310001,친구 친지 집
e_e012192,1,2,2308310002,영녕릉세종대왕유적지구 영릉효종왕비인선왕후릉
e_e012192,1,3,2308310003,감성 식탁
e_e012192,1,4,2308310004,바하리야
e_e012192,1,5,2308310005,루덴시아
e_e012192,1,6,2308310006,삼동 반점
e_e012192,1,7,2308310007,강남 빌딩
e_e012194,1,1,2308290001,집
e_e012194,1,2,2308290002,AK플라자 광명
e_e012194,1,3,2308290003,밀라네제 롯데 아울렛 광명점
e_e012194,1,4,2308290004,집
e_e012221,1,1,2309020001,집
e_e012221,1,2,2309020003,개군 할머니 토종 순댓국 본점
e_e012221,1,3,2309020004,양서농협 두물머리 로컬푸드 직매장
e_e012221,1,4,2309020005,두물머리
e_e012221,1,5,2309020002,집
e_e012232,1,1,2309020001,집
e_e012232,1,2,2309020002,라헬의 부엌 인천 검단점
e_e012232,1,3,2309020003,이춘명숙승회 검단 직영점
e_e012232,1,4,2309020004,뚜레쥬르 검단 신도시
e_e012232,1,5,2309020005,파라곤 센트럴파크 아파트
e_e012232,1,6,2309020006,집
e_e012240,1,1,2309030001,집
e_e012240,1,2,2309030002,에버랜드
e_e012240,1,3,2309030003,집
e_e012242,1,1,2309140001,집
e_e012242,1,2,2309140002,행주산성 제1주차장
e_e012242,1,3,2309140003,삼이국수
e_e012242,1,4,2309140004,카페람
e_e012242,1,5,2309140005,집
e_e012246,1,1,2309160001,사무실
e_e012246,1,2,2309160003,송도풍림아이원 6단지 아파트
e_e012246,1,3,2309160004,더더
e_e012246,1,4,2309160005,송도 타임스페이스
e_e012246,1,5,2309160006,벌투 파리지앵 송도 타임스페이스점
e_e012246,1,6,2309160002,집
e_e012264,1,1,2309020001,집
e_e012264,1,2,2309020002,철도박물관
e_e012264,1,3,2309020003,롯데 프리미엄 아울렛 타임 빌라스
e_e012264,1,4,2309020004,명장 시대 백운호수점
e_e012264,1,5,2309020005,백운호수
e_e012264,1,6,2309020006,집
e_e012268,1,1,2309020001,집
e_e012268,1,2,2309020003,우미 닭갈비 본점
e_e012268,1,3,2309020004,가평 레일파크
e_e012268,1,4,2309020005,아침고요 수목원
e_e012268,1,5,2309020006,항아리 손칼국수
e_e012268,1,6,2309020002,집
e_e012305,1,1,2308290001,집
e_e012305,1,2,2308290006,울산역
e_e012305,1,3,2308290007,국립민속박물관 주차장
e_e012305,1,4,2308290003,고구려 삼계탕 롯데백화점 본점
e_e012305,1,5,2308290002,국립민속박물관 추억의 거리
e_e012305,1,6,2308290004,스타벅스 속공 사옥
e_e012305,1,7,2308290005,우표 박물관
e_e012305,1,8,2308290008,피안에이
e_e012305,1,9,2308290009,서울역 KTX 고객 주차장
e_e012305,1,10,2308290010,울산역 주차장
e_e012305,1,11,2308290011,집
e_e012344,1,1,2309020001,집
e_e012344,1,2,2309020002,현대자동차 의왕연구소
e_e012344,1,3,2309020003,리얼 짐
e_e012344,1,4,2309020004,롯데 프리미엄 아울렛 타임 빌라스
e_e012344,1,5,2309020005,백운호수
e_e012344,1,6,2309020006,집
e_e012346,1,1,2309020001,집
e_e012346,1,2,2309020002,더 베이커스 테이블
e_e012346,1,3,2309020005,센시티브 서울
e_e012346,1,4,2309020003,블루스퀘어 신한카드홀
e_e012346,1,5,2309020004,집
e_e012349,1,1,2309100001,집
e_e012349,1,2,2309100002,수원 화성 박물관
e_e012349,1,3,2309100003,행리단길
e_e012349,1,4,2309100004,수원 전통문화관 전통식생활 체험관
e_e012349,1,5,2309100005,매 향교
e_e012349,1,6,2309100006,집
e_e012357,1,1,2308310001,집
e_e012357,1,2,2308310003,미분당 야탑점
e_e012357,1,3,2308310007,올리브영 야탑 광장점
e_e012357,1,4,2308310004,성남아트센터 콘서트홀
e_e012357,1,5,2308310005,탄천
e_e012357,1,6,2308310006,업 투 유
e_e012357,1,7,2308310002,집
e_e012372,1,1,2308300001,집
e_e012372,1,2,2308300003,일미화 평동 냉면
e_e012372,1,3,2308300004,송월동 동화마을
e_e012372,1,4,2308300005,인천 차이나타운
e_e012372,1,5,2308300006,월미테마파크
e_e012372,1,6,2308300007,인천 차이나타운
e_e012372,1,7,2308300008,놀숲 한양대점
e_e012372,1,8,2308300009,쉘
e_e012372,1,9,2308300002,친구 집
e_e012389,1,1,2309020001,집
e_e012389,1,2,2309020003,이케아 광명점
e_e012389,1,3,2309020004,시흥 배곧 한울 공원
e_e012389,1,4,2309020005,스시가 쿠 송도점
e_e012389,1,5,2309020006,컵이
e_e012389,1,6,2309020007,송도센트럴파크
e_e012389,1,7,2309020002,집
e_e012429,1,1,2309090001,집
e_e012429,1,2,2309090002,도깨비방망이
e_e012429,1,3,2309090003,보테가
e_e012429,1,4,2309090004,집
e_e012444,1,1,2308300001,집
e_e012444,1,2,2308300002,일이삼 간장게장
e_e012444,1,3,2308300003,신소당
e_e012444,1,4,2308300004,민머루해수욕장
e_e012444,1,5,2308300005,영농조합법인 영인 팜
e_e012444,1,6,2308300006,집
e_e012445,1,1,2308300001,집
e_e012445,1,2,2308300002,아쿠아 필드 고양
e_e012445,1,3,2308300003,스타필드 고양
e_e012445,1,4,2308300004,집
e_e012487,1,1,2309010001,친구 친지 집
e_e012487,1,2,2309010002,남문 통닭 수원 본점
e_e012487,1,3,2309010003,팔달문시장
e_e012487,1,4,2309010004,화성행궁
e_e012487,1,5,2309010005,행리단길
e_e012487,1,6,2309010006,친구 집
e_e012488,1,1,2308300001,집
e_e012488,1,2,2308300002,탄탄면 공방 파르나스몰점
e_e012488,1,3,2308300003,에잇 세컨즈 스타필드 코엑스몰점
e_e012488,1,4,2308300004,인생 네 컷 서울 코엑스점
e_e012488,1,5,2308300005,디저트 플래닛 파르나스몰점
e_e012488,1,6,2308300006,메가박스 코엑스
e_e012488,1,7,2308300007,삼성역 주변
e_e012488,1,8,2308300008,맥도날드 삼성역
e_e012488,1,9,2308300009,집
e_e012514,1,1,2309020001,친구 친지 집
e_e012514,1,2,2309020002,서대문형무소 역사관
e_e012514,1,3,2309020003,서대문 독립공원
e_e012514,1,4,2309020004,영천시장
e_e012514,1,5,2309020005,국립 대한민국임시정부기념관
e_e012514,1,6,2309020006,오목골 즉석 메밀 가락국수
e_e012514,1,7,2309020007,수봉공원
e_e012514,1,8,2309020008,자택
e_e012554,1,1,2308310001,집
e_e012554,1,2,2308310002,에버랜드 매표소
e_e012554,1,3,2308310003,에버랜드 오리엔탈 누들 레스토랑
e_e012554,1,4,2308310004,에버랜드 사파리월드
e_e012554,1,5,2308310005,에버랜드 아마존 스낵
e_e012554,1,6,2308310006,에버랜드 판다 월드
e_e012554,1,7,2308310007,에버랜드 로스트 밸리
e_e012554,1,8,2308310008,에버랜드 스낵 버스터
e_e012554,1,9,2308310009,에버랜드 organic 아이스크림
e_e012554,1,10,2308310010,에버랜드
e_e012554,1,11,2308310011,집
e_e012583,1,1,2309020001,집
e_e012583,1,2,2309020002,동북 교자관
e_e012583,1,3,2309020003,행궁동 벽화마을
e_e012583,1,4,2309020004,방화수류정
e_e012583,1,5,2309020005,행리단길
e_e012583,1,6,2309020006,화성행궁
e_e012583,1,7,2309020007,요미우돈 교자
e_e012583,1,8,2309020008,집
e_e012622,1,1,2308310001,집
e_e012622,1,2,2308310003,장흥 참숯가마
e_e012622,1,3,2308310004,브루다 양주
e_e012622,1,4,2308310002,집
e_e012636,1,1,2308310001,집
e_e012636,1,2,2308310002,SETEC
e_e012636,1,3,2308310003,양재 꽃 시장
e_e012636,1,4,2308310004,진선
e_e012636,1,5,2308310005,올리브영 양재 스타클래스점
e_e012636,1,6,2308310006,집
e_e012682,1,1,2309010001,집
e_e012682,1,2,2309010002,미산 저수지
e_e012682,1,3,2309010003,미리내 성지
e_e012682,1,4,2309010004,물레방앗간
e_e012682,1,5,2309010005,호수 정감
e_e012682,1,6,2309010006,집
e_e012694,1,1,2309010001,집
e_e012694,1,2,2309010003,캐리비안베이
e_e012694,1,3,2309010004,화로 상회 강남 논현점
e_e012694,1,4,2309010002,집
e_e012748,1,1,2308310001,집
e_e012748,1,2,2308310002,수원 화성 팔달문
e_e012748,1,3,2308310003,화성행궁
e_e012748,1,4,2308310004,장안문
e_e012748,1,5,2308310005,육통 송죽점
e_e012748,1,6,2308310006,만석공원
e_e012748,1,7,2308310007,이디야커피 장안구청점
e_e012748,1,8,2308310008,수원 KT위즈 파크
e_e012748,1,9,2308310009,맥도날드 고척 DT점
e_e012748,1,10,2308310010,집
e_e012760,1,1,2309020001,집
e_e012760,1,2,2309020002,가나아트센터
e_e012760,1,3,2309020003,잠실종합운동장 잠실야구장
e_e012760,1,4,2309020005,동서울 종합터미널
e_e012760,1,5,2309020004,집
e_e012761,1,1,2309090001,집
e_e012761,1,2,2309090002,하남 만남의 광장 휴게소 주차장
e_e012761,1,3,2309090003,백남준아트센터
e_e012761,1,4,2309090004,한국민속촌
e_e012761,1,5,2309090005,집
e_e012805,1,1,2309110001,집
e_e012805,1,2,2309110003,김밥 타운 노유점
e_e012805,1,3,2309110004,에버랜드
e_e012805,1,4,2309110002,집
e_e012976,1,1,2309160001,집
e_e012976,1,2,2309160003,평양면옥 의정부 본점
e_e012976,1,3,2309160004,수 잇게 피
e_e012976,1,4,2309160005,의정부 부대찌개거리
e_e012976,1,5,2309160007,금오 식당
e_e012976,1,6,2309160006,카페보다
e_e012976,1,7,2309160002,집
e_e013029,1,1,2309040001,집
e_e013029,1,2,2309040003,오이도역 4호선
e_e013029,1,3,2309040002,포도밭 할머니 칼국수 대부도 본점
e_e013029,1,4,2309040004,방아머리 해변
e_e013029,1,5,2309040005,카페 루 헤
e_e013029,1,6,2309040006,소담촌 고척점
e_e013029,1,7,2309040007,21아울렛 구로점
e_e013029,1,8,2309040008,집
e_e013030,1,1,2309090001,집
e_e013030,1,2,2309090002,혜화동 돈가스
e_e013030,1,3,2309090003,제부도 바다
e_e013030,1,4,2309090004,집
e_e013055,1,1,2309170001,집
e_e013055,1,2,2309170002,동방 국민주택
e_e013055,1,3,2309170003,푸른 바다
e_e013055,1,4,2309170004,동방 국민주택
e_e013055,1,5,2309170005,경기북부 어린이 박물관
e_e013055,1,6,2309170006,집
e_e013062,1,1,2309050001,집
e_e013062,1,2,2309050003,깔린
e_e013062,1,3,2309050004,카페 다오
e_e013062,1,4,2309050005,마티에르
e_e013062,1,5,2309050006,인생 맥주 대학로점
e_e013062,1,6,2309050007,리얼 샷 실전 사격 양궁장
e_e013062,1,7,2309050008,아루또 소극장
e_e013062,1,8,2309050002,집
e_e013063,1,1,2309100001,집
e_e013063,1,2,2309100002,충무아트센터
e_e013063,1,3,2309100003,심세정
e_e013063,1,4,2309100004,충무아트센터
e_e013063,1,5,2309100005,잭슨 피자 야탑점
e_e013063,1,6,2309100006,집
e_e013094,1,1,2309160001,친구 친지 집
e_e013094,1,2,2309160002,버거 비치
e_e013094,1,3,2309160003,방아머리 해변
e_e013094,1,4,2309160004,대부바다 향기테마파크
e_e013094,1,5,2309160005,바다 향기수목원
e_e013094,1,6,2309160006,메이 플라워
e_e013094,1,7,2309160007,집
e_e013131,1,1,2309100001,집
e_e013131,1,2,2309100002,에버랜드
e_e013131,1,3,2309100003,스타필드 안성
e_e013131,1,4,2309100004,집
f_f000041,1,1,2304280001,집
f_f000041,1,2,2304280002,초코 키즈 풀빌라
f_f000041,2,1,2304290002,카페아쁠뤼스
f_f000041,2,2,2304290003,브런치빈 미사점
f_f000041,2,3,2304290001,집
f_f000458,1,1,2305280001,집
f_f000458,1,2,2305280002,바람이 부네
f_f000458,1,3,2305280003,미다스 호텔 리조트
f_f000458,1,4,2305280004,트니트니어드벤처
f_f000458,1,5,2305280005,디오니 오스
f_f000458,1,6,2305280006,미다스 호텔 리조트
f_f000458,1,7,2305280012,미다스 호텔 리조트
f_f000458,2,1,2305290001,디오니소스
f_f000458,2,2,2305290002,미다스리조트 키즈 잼
f_f000458,2,3,2305290005,북한강
f_f000458,2,4,2305290003,트리 톤스
f_f000458,2,5,2305290004,북한강
f_f000458,2,6,2305290006,소리도 라이스 앤 파스타
f_f000458,2,7,2305290007,집
f_f003663,1,1,2307010001,집
f_f003663,1,2,2307010003,용산역
f_f003663,1,3,2307010004,가평역 경춘선
f_f003663,1,4,2307010005,붐 붐 수상 레저
f_f003663,1,5,2307010006,청운 닭갈비 막국수
f_f003663,1,6,2307010007,가평역 경춘선
f_f003663,1,7,2307010008,용산역
f_f003663,1,8,2307010002,집
f_f006339,1,1,2308140001,집
f_f006339,1,2,2308140003,뮤직 콤플렉스 서울
f_f006339,1,3,2308140004,안녕 인사동
f_f006339,1,4,2308140005,도토리 시어터
f_f006339,1,5,2308140006,압구정 제주 집 부천 중동점
f_f006339,1,6,2308140002,집
f_f006366,1,1,2308180001,사무실
f_f006366,1,2,2308180002,베리의 커피
f_f006366,1,3,2308180003,제부도 바다 둘레길
f_f006366,1,4,2308180004,서해랑 제부도 케이블카 정류장
f_f006366,1,5,2308180005,제부도 전곡항 정류장
f_f006366,1,6,2308180006,집
f_f006622,1,1,2308120001,집
f_f006622,1,2,2308120002,아멕스 랜드
f_f006622,2,1,2308130001,아멕스 랜드 주변 카트 관광 및 전망대
f_f006622,2,2,2308130002,동막계곡
f_f006622,2,3,2308130003,롯데리아 파주 당동점
f_f006622,2,4,2308130004,집
g_g000018,1,1,2304290001,집
g_g000018,1,2,2304290003,영등포역
g_g000018,1,3,2304290004,수원역
g_g000018,1,4,2304290005,매월당 AK플라자 수원점
g_g000018,1,5,2304290006,AK플라자 수원
g_g000018,1,6,2304290007,카페 달 플레이스 CDP
g_g000018,1,7,2304290008,서호공원
g_g000018,1,8,2304290009,수원역
g_g000018,1,9,2304290010,AK플라자 수원
g_g000018,1,10,2304290011,아트박스 수원 AK 점
g_g000018,1,11,2304290002,집
g_g003294,1,1,2307080001,집
g_g003294,1,2,2307080002,화심 순두부 본점
g_g003294,1,3,2307080003,명진당 베이커리 카페
g_g003294,1,4,2307080004,MH호텔 중화산동점
g_g003294,2,1,2307090001,전주 현대옥 전주 본점
g_g003294,2,2,2307090002,카카오 프렌즈 전주한옥마을점
g_g003294,2,3,2307090003,외할머니 솜씨
g_g003294,2,4,2307090004,전주한옥마을
g_g003294,2,5,2307090005,풍년제과 본점
g_g003294,2,6,2307090006,고궁
g_g003294,2,7,2307090007,집
g_g005600,1,1,2308230001,집
g_g005600,1,2,2308230002,국립과천과학관
g_g005600,1,3,2308230003,집
g_g007343,1,1,2308190001,집
g_g007343,1,2,2308190002,롯데 프리미엄 아웃렛 이천점
g_g007343,1,3,2308190003,카페 아누만
g_g007343,1,4,2308190004,집
g_g010556,1,1,2309020001,집
g_g010556,1,2,2309020003,히쿠
g_g010556,1,3,2309020004,시화 달 전망대(시화 이루 나 타워)
g_g010556,1,4,2309020005,방아머리 해변
g_g010556,1,5,2309020006,오이도 빨강등대
g_g010556,1,6,2309020007,조개킹24시
g_g010556,1,7,2309020008,선창 마트
g_g010556,1,8,2309020002,집
h_h003275,1,1,2308270001,집
h_h003275,1,2,2308270002,용인농촌테마파크
h_h003275,1,3,2308270003,내동마을 연꽃 단지
h_h003275,1,4,2308270004,외할머니 집
h_h003275,1,5,2308270005,삼성화재 모빌리티 뮤지엄
h_h003275,1,6,2308270006,집
