trip_id,area_code,trip_days,theme,has_child,has_elderly,has_disabled,companion_count,p0_age,p0_gender,p0_style,p0_home,p0_preferred,p1_age,p1_gender,p1_style,p1_home,p1_preferred
e_e000003,east,2,5,0,0,0,0,40,남,3;2;2;6;3;1;2;2,41,41570;46230;47920,,,,,
e_e000654,east,2,2,0,0,0,0,30,여,1;1;1;3;7;1;1;7,11,50130;42150;50110,,,,,
e_e006945,east,2,13,0,0,0,0,50,여,2;2;1;1;1;1;7;1,42,48220;50130;41480,,,,,
e_e008914,east,2,1,0,0,0,0,20,여,4;1;2;4;5;6;2;6,41,41820;42150;26350,,,,,
f_f000014,east,2,3,0,0,0,0,30,남,1;3;3;5;4;3;6;1,41,50130;42760;43110,,,,,
f_f000015,east,3,28,0,0,0,0,20,남,4;2;2;5;4;2;5;5,41,50110;42210;47280,,,,,
f_f000019,east,3,1,0,0,0,0,40,여,4;3;5;1;3;2;6;2,48,50130;11110;26350,,,,,
f_f000022,east,3,21,0,0,0,0,50,남,1;1;1;4;4;4;2;4,48,50130;42210;46150,,,,,
f_f000023,east,2,28,0,0,0,0,50,남,1;2;3;3;6;3;3;5,48,50130;50110;31710,,,,,
f_f000034,east,2,1,0,0,0,0,40,여,4;4;4;4;4;4;2;6,11,42110;26350;46130,,,,,
f_f000044,east,3,22,0,0,0,0,40,남,2;7;1;5;1;6;6;2,41,42150;50130;43130,,,,,
f_f000264,east,3,22,0,0,0,0,20,남,6;1;1;1;2;1;1;7,47,27110;30200;11680,,,,,
f_f000265,east,2,3,0,0,0,0,50,남,2;4;2;3;4;3;2;7,26,26260;48250;48730,,,,,
f_f000268,east,3,24,0,0,0,0,40,여,4;1;4;1;5;3;1;7,41,50110;42820;42720,,,,,
f_f000273,east,3,22,0,0,0,0,40,여,4;3;3;4;4;6;2;6,27,47190;47150;26350,,,,,
f_f000274,east,3,22,0,0,0,0,40,남,6;1;2;2;2;3;2;7,11,50110;48840;42830,,,,,
f_f000278,east,2,1,0,0,0,0,40,남,3;4;2;4;3;5;5;4,11,42150;26350;50110,,,,,
f_f000279,east,2,21,0,0,0,0,20,남,4;2;1;3;4;4;3;6,26,26350;27110;50110,,,,,
f_f000311,east,3,1,0,0,0,0,40,여,4;1;4;1;4;2;2;7,41,42150;50130;26350,,,,,
f_f000317,east,2,12,0,0,0,0,40,여,5;4;1;4;4;1;1;7,47,11680;42830;26350,,,,,
f_f000319,east,3,10,0,0,0,0,20,남,7;1;1;3;6;6;7;3,41,50110;48310;26500,,,,,
f_f000323,east,3,3,0,0,0,0,20,여,6;3;2;3;3;6;7;6,11,41110;45110;30200,,,,,
f_f000326,east,3,21,0,0,0,0,50,남,2;1;2;5;7;6;2;2,11,41570;42730;41280,,,,,
f_f000332,east,3,10,0,0,0,0,50,여,2;4;3;1;3;4;3;4,41,42830;41650;46830,,,,,
f_f000337,east,3,21,0,0,0,0,30,남,6;2;2;3;3;5;6;6,28,42150;41110;28110,,,,,
f_f000341,east,3,11,0,0,0,0,30,여,3;3;2;2;5;4;3;4,26,48270;48840;26350,,,,,
f_f000348,east,3,10,0,0,0,0,50,남,3;3;3;3;4;4;2;7,42,42150;28245;47130,,,,,
f_f000354,east,3,3,0,0,0,0,20,여,2;2;5;3;3;3;3;6,27,26500;47110;47130,,,,,
f_f000355,east,3,25,0,0,0,0,30,여,4;3;2;2;2;4;1;7,27,50110;50130;26200,,,,,
f_f000357,east,3,1,0,0,0,0,20,여,3;1;2;1;5;2;3;7,11,50130;26350;43730,,,,,
f_f000362,east,2,10,0,0,0,0,20,남,4;1;2;1;4;4;6;4,41,42210;42780;42110,,,,,
f_f000366,east,3,2,0,0,0,0,30,여,4;2;4;4;3;5;2;7,27,47130;47110;48270,,,,,
f_f000371,east,3,23,0,0,0,0,40,남,4;3;3;2;3;5;4;4,43,50110;42210;26350,,,,,
f_f000373,east,3,8,0,0,0,0,40,여,3;3;4;4;4;4;1;7,11,42210;42830;42750,,,,,
f_f000374,east,2,5,0,0,0,0,40,여,2;4;4;4;6;6;4;3,41,42730;44825;41830,,,,,
f_f000379,east,3,10,0,0,0,0,40,여,1;1;1;2;2;4;3;5,48,48220;48310;50130,,,,,
f_f000380,east,3,22,0,0,0,0,20,남,3;3;3;3;2;2;3;3,27,50110;42150;26710,,,,,
f_f000381,east,3,4,0,0,0,0,40,여,4;4;2;3;4;3;4;3,11,26350;50110;11680,,,,,
f_f000387,east,3,10,0,0,0,0,30,여,5;1;1;5;7;6;1;7,11,48310;26530;42150,,,,,
f_f000390,east,2,21,0,0,0,0,20,여,3;4;5;2;2;3;1;5,48,26350;48270;27290,,,,,
f_f000394,east,3,11,0,0,0,0,40,여,1;3;2;4;2;6;4;5,47,42150;48220;43150,,,,,
f_f000398,east,3,1,0,0,0,0,40,여,2;2;3;2;1;3;4;4,48,26710;46710;42230,,,,,
f_f000400,east,3,8,0,0,0,0,50,여,3;3;3;3;4;3;3;6,11,42150;50110;26140,,,,,
f_f000405,east,3,22,0,0,0,0,30,여,2;1;1;6;4;2;5;2,26,48220;50130;50110,,,,,
f_f000409,east,3,12,0,0,0,0,30,남,1;2;2;1;2;2;1;1,42,42210;42170;42820,,,,,
f_f000411,east,3,10,0,0,0,0,40,여,4;2;2;1;4;3;2;5,11,42820;42210;41820,,,,,
f_f000412,east,3,1,0,0,0,0,20,남,5;2;2;5;5;2;6;5,28,50130;27140;26350,,,,,
f_f000416,east,2,4,0,0,0,0,30,여,4;1;7;4;4;1;1;7,27,26710;26350;47130,,,,,
f_f000417,east,3,23,0,0,0,0,30,남,4;4;2;4;4;4;2;6,11,42210;41820;26710,,,,,
f_f000419,east,3,1,0,0,0,0,30,여,4;1;4;1;1;6;2;7,28,42210;42150;50130,,,,,
f_f000431,east,2,1,0,0,0,0,20,남,2;2;1;1;4;5;2;6,11,47110;50130;42150,,,,,
f_f000435,east,2,2,0,0,0,0,30,여,4;5;2;6;6;2;2;6,26,50110;46130;47130,,,,,
f_f000440,east,3,2,0,0,0,0,40,여,3;4;2;5;6;5;5;7,27,47130;48880;48890,,,,,
f_f000441,east,2,11,0,0,0,0,50,남,4;6;5;4;4;4;1;7,27,47130;50130;11200,,,,,
f_f000444,east,3,21,0,0,0,0,40,여,4;4;5;2;3;5;5;4,11,42150;41570;43130,,,,,
f_f000452,east,3,1,0,0,0,0,40,여,2;2;1;1;7;6;6;7,11,41480;30140;44180,,,,,
f_f000456,east,3,1,0,0,0,0,20,남,6;2;1;1;1;2;7;5,42,26500;11200;45110,,,,,
f_f000463,east,3,21,0,0,0,0,50,여,1;4;4;2;1;4;3;6,11,42210;41820;28710,,,,,
f_f000472,east,3,1,0,0,0,0,40,여,2;1;2;4;4;5;6;5,48,50110;48310;47130,,,,,
f_f000479,east,3,22,0,0,0,0,30,여,3;4;2;4;6;3;3;6,44,44230;44180;44710,,,,,
f_f000481,east,3,2,0,0,0,0,40,남,1;7;1;2;2;1;7;1,41,42830;26350;50130,,,,,
f_f000488,east,2,27,0,0,0,0,40,여,2;5;4;2;3;3;6;4,11,42210;41670;30200,,,,,
f_f000495,east,3,4,0,0,0,0,30,남,6;2;2;4;4;4;6;4,30,31200;31170;31710,,,,,
f_f000499,east,3,22,0,0,0,0,40,여,1;1;3;4;4;6;2;5,11,42210;41650;30140,,,,,
f_f000504,east,2,22,0,0,0,0,40,여,2;7;2;2;2;2;6;6,26,31140;47130;48270,,,,,
f_f000505,east,3,22,0,0,0,0,30,여,1;1;2;4;2;2;5;6,11,26500;47730;27110,,,,,
f_f000507,east,2,22,0,0,0,0,40,남,1;7;4;2;3;2;2;5,27,47830;48740;48330,,,,,
f_f000515,east,2,1,0,0,0,0,30,여,1;4;1;4;1;1;1;5,48,48740;47130;42830,,,,,
f_f000517,east,2,11,0,0,0,0,40,남,1;1;1;4;1;1;1;7,41,41590;42150;50110,,,,,
f_f000519,east,2,2,0,0,0,0,40,남,1;4;4;2;2;6;2;1,27,48270;26470;47290,,,,,
f_f000523,east,3,3,0,0,0,0,40,여,3;4;2;2;2;5;2;5,11,41170;45110;50130,,,,,
f_f000526,east,2,11,0,0,0,0,50,남,3;6;2;6;5;5;3;3,48,48730;48850;48220,,,,,
f_f000545,east,3,11,0,0,0,0,40,여,4;4;6;6;6;4;7;7,48,48310;26710;11680,,,,,
f_f000557,east,3,3,0,0,0,0,40,남,3;3;3;4;5;6;2;5,47,47130;47170;47770,,,,,
f_f000560,east,2,24,0,0,0,0,30,여,1;5;3;5;2;4;3;6,48,48270;26440;42230,,,,,
f_f000566,east,2,3,0,0,0,0,50,남,2;2;2;5;3;6;2;2,47,47130;47770;47210,,,,,
f_f000576,east,3,2,0,0,0,0,40,여,4;4;2;2;2;4;6;6,11,42150;28185;26350,,,,,
f_f000581,east,2,2,0,0,0,0,50,여,1;1;3;2;4;4;2;5,11,50130;26350;42150,,,,,
f_f000587,east,3,21,0,0,0,0,20,여,2;2;2;5;2;6;7;3,41,50110;42170;26350,,,,,
f_f000592,east,3,1,0,0,0,0,60,여,1;2;1;1;2;2;1;3,41,42210;41820;41830,,,,,
f_f000601,east,3,3,0,0,0,0,20,여,2;3;4;6;3;5;6;6,45,11680;26530;50110,,,,,
f_f000604,east,3,22,0,0,0,0,20,여,4;5;3;5;7;7;5;7,41,11110;11170;11650,,,,,
f_f000606,east,3,23,0,0,0,0,30,여,6;2;1;4;2;2;2;4,11,26710;46130;47130,,,,,
f_f000613,east,3,2,0,0,0,0,30,여,3;2;2;2;2;1;4;7,11,42210;50130;26110,,,,,
f_f000616,east,3,2,0,0,0,0,20,여,3;4;5;6;5;4;5;2,26,26500;27110;46150,,,,,
f_f000618,east,3,23,0,0,0,0,40,여,4;1;4;1;1;4;2;4,26,50130;47130;48310,,,,,
f_f000623,east,3,1,0,0,0,0,20,여,2;1;2;1;3;1;6;4,11,42150;50110;42210,,,,,
f_f000624,east,3,8,0,0,0,0,30,남,2;2;6;3;2;6;6;2,41,41590;42150;42760,,,,,
f_f000626,east,3,24,0,0,0,0,40,남,1;1;7;4;4;4;7;4,11,44130;48170;42830,,,,,
f_f000633,east,3,1,0,0,0,0,30,남,1;2;2;4;3;6;2;6,11,42150;50110;41820,,,,,
f_f000635,east,3,25,0,0,0,0,40,남,1;2;2;5;6;2;2;2,41,42720;41820;42830,,,,,
f_f000643,east,3,1,0,0,0,0,40,여,4;4;4;4;4;4;3;6,48,50130;50110;26710,,,,,
f_f000645,east,3,22,0,0,0,0,30,남,4;2;3;2;2;4;5;6,41,26500;45110;42150,,,,,
f_f000646,east,3,1,0,0,0,0,50,남,1;1;1;5;7;7;1;7,27,50130;48220;11680,,,,,
f_f000659,east,3,10,0,0,0,0,40,남,7;1;4;1;1;7;4;7,28,48170;26470;28185,,,,,
f_f000667,east,3,12,0,0,0,0,20,여,1;1;1;3;3;2;3;7,28,26500;42210;46780,,,,,
f_f000668,east,3,21,0,0,0,0,30,남,1;1;1;1;7;7;7;7,27,50110;50130;11680,,,,,
f_f000675,east,3,22,0,0,0,0,20,여,3;5;1;2;6;2;6;2,11,41360;41460;42210,,,,,
f_f000677,east,3,10,0,0,0,0,50,여,1;2;4;2;3;4;5;4,11,50130;42150;41820,,,,,
f_f000679,east,3,1,0,0,0,0,30,여,4;3;2;6;6;2;6;7,45,11110;46710;45800,,,,,
f_f000684,east,3,10,0,0,0,0,20,여,1;2;2;4;3;6;6;6,41,42150;50130;47130,,,,,
f_f000685,east,2,2,0,0,0,0,30,여,6;2;3;5;5;6;2;6,27,47130;26710;30200,,,,,
f_f000686,east,2,5,0,0,0,0,40,남,3;7;5;1;3;4;6;2,11,50110;42150;41280,,,,,
f_f000692,east,3,1,0,0,0,0,50,여,1;3;3;4;3;3;3;4,41,26350;50130;45190,,,,,
f_f000693,east,3,1,0,0,0,0,40,여,2;2;1;4;4;4;2;5,48,48220;46130;50130,,,,,
f_f000696,east,3,6,0,0,0,0,30,여,2;1;2;1;3;4;4;6,41,42150;45110;50110,,,,,
f_f000697,east,3,21,0,0,0,0,40,여,4;6;1;4;5;4;1;7,27,47130;47770;11110,,,,,
f_f000699,east,2,12,0,0,0,0,40,남,3;4;4;3;3;5;3;5,42,42150;42210;50130,,,,,
f_f000701,east,3,2,0,0,0,0,20,여,1;1;1;3;3;1;7;1,11,42110;45110;50130,,,,,
f_f000705,east,2,1,0,0,0,0,20,여,2;5;2;2;6;4;1;7,48,50130;50110;11680,,,,,
f_f000709,east,3,5,0,0,0,0,20,여,2;4;5;3;6;6;2;7,11,50130;26500;42150,,,,,
f_f000711,east,2,21,0,0,0,0,30,남,4;2;2;5;4;4;5;6,27,26350;11110;11230,,,,,
f_f000721,east,3,5,0,0,0,0,40,여,2;1;3;6;6;6;1;7,41,42820;26530;11680,,,,,
f_f000723,east,2,4,0,0,0,0,20,여,1;3;3;2;2;2;5;4,46,26710;30140;29140,,,,,
f_f000726,east,3,21,0,0,0,0,40,여,2;3;2;4;4;5;2;6,29,46710;46790;46880,,,,,
f_f000728,east,3,1,0,0,0,0,40,여,1;7;1;4;1;1;4;4,43,50110;26350;42150,,,,,
f_f000731,east,3,23,0,0,0,0,50,여,1;2;2;2;2;3;3;3,26,46150;48310;31710,,,,,
f_f000733,east,2,22,0,0,0,0,30,여,2;7;5;2;6;3;5;7,30,11110;47130;46150,,,,,
f_f000734,east,3,11,0,0,0,0,40,여,1;4;2;3;4;2;5;2,41,50110;50130;47130,,,,,
f_f000735,east,3,3,0,0,0,0,20,남,1;1;1;5;1;1;1;7,30,42210;26710;42150,,,,,
f_f000736,east,3,21,0,0,0,0,30,여,3;3;2;3;3;4;6;5,11,50130;26350;41460,,,,,
f_f000739,east,3,10,0,0,0,0,50,여,4;4;6;6;5;4;4;5,48,48840;48240;48860,,,,,
f_f000741,east,2,1,0,0,0,0,50,남,2;4;4;2;4;2;2;6,48,48840;48120;46150,,,,,
f_f000744,east,2,22,0,0,0,0,40,여,1;3;2;4;2;2;3;3,11,50130;50110;42150,,,,,
f_f000746,east,2,9,0,0,0,0,40,남,2;3;2;2;7;4;1;4,31,50130;46130;26350,,,,,
f_f000751,east,3,1,0,0,0,0,40,여,2;1;4;2;2;4;2;4,11,42210;41830;50110,,,,,
f_f000754,east,3,1,0,0,0,0,30,남,2;6;3;4;5;4;3;5,11,42230;42830;41460,,,,,
f_f000760,east,3,22,0,0,0,0,40,남,2;1;1;3;2;2;2;3,11,26350;41110;50110,,,,,
f_f000762,east,3,1,0,0,0,0,50,여,1;3;2;6;1;3;2;6,43,42150;30200;50130,,,,,
f_f000770,east,3,1,0,0,0,0,40,남,2;3;4;3;2;2;5;3,48,26380;31140;45110,,,,,
f_f000773,east,2,25,0,0,0,0,40,여,4;2;2;2;3;5;2;3,47,47130;50130;27260,,,,,
f_f000776,east,3,2,0,0,0,0,20,남,4;2;1;4;4;3;6;5,41,26350;42150;30140,,,,,
f_f000779,east,2,3,0,0,0,0,30,여,4;4;4;2;4;4;6;6,26,50130;47130;11110,,,,,
f_f000783,east,3,2,0,0,0,0,40,여,1;4;1;4;3;1;2;7,11,48840;26710;42830,,,,,
f_f000785,east,3,12,0,0,0,0,30,여,2;2;3;2;3;5;5;6,11,42150;42210;48220,,,,,
f_f000787,east,3,21,0,0,0,0,20,남,5;3;2;5;6;2;1;5,41,50130;42150;42210,,,,,
f_f000788,east,3,13,0,0,0,0,50,남,4;5;2;2;6;4;2;6,41,47130;42760;42230,,,,,
f_f000797,east,3,1,0,0,0,0,30,여,4;2;4;5;6;4;1;7,47,47130;27260;26350,,,,,
f_f000799,east,3,1,0,0,0,0,40,남,6;4;4;3;3;4;3;3,11,28185;30200;41480,,,,,
f_f000801,east,2,4,0,0,0,0,40,여,4;4;5;2;2;3;6;6,28,42150;42210;50130,,,,,
f_f000806,east,3,2,0,0,0,0,30,남,2;1;2;4;2;1;6;7,11,50110;48220;42150,,,,,
f_f000813,east,3,2,0,0,0,0,40,여,2;1;3;1;1;5;5;6,41,50130;26350;42210,,,,,
f_f000816,east,3,1,0,0,0,0,20,여,4;1;1;3;4;5;1;7,47,27110;30200;11440,,,,,
f_f000818,east,3,5,0,0,0,0,30,남,3;1;4;6;4;3;5;7,11,42150;48220;46150,,,,,
f_f000827,east,3,3,0,0,0,0,50,여,1;1;4;1;1;4;2;7,11,26350;41830;42210,,,,,
f_f000828,east,3,21,0,0,0,0,40,여,3;1;1;3;3;4;2;5,26,47110;45730;48310,,,,,
f_f000834,east,3,1,0,0,0,0,40,남,4;1;2;4;2;6;5;6,11,26710;50130;42210,,,,,
f_f000839,east,3,22,0,0,0,0,50,여,2;1;1;2;4;4;1;7,41,50130;48220;47130,,,,,
f_f000842,east,2,2,0,0,0,0,40,여,2;2;1;4;2;3;3;7,26,50130;42230;47930,,,,,
f_f000843,east,3,27,0,0,0,0,60,남,3;1;3;3;2;3;3;4,11,42830;45790;47920,,,,,
f_f000848,east,2,11,0,0,0,0,50,남,4;5;4;2;4;4;4;5,48,27260;48720;26350,,,,,
f_f000849,east,2,22,0,0,0,0,20,여,2;3;4;2;1;4;5;3,11,50110;46130;42150,,,,,
f_f000855,east,3,22,0,0,0,0,60,여,5;6;6;1;1;6;6;2,11,42150;41480;41280,,,,,
f_f000859,east,2,22,0,0,0,0,40,남,4;4;2;1;4;6;7;7,47,26350;42150;50110,,,,,
f_f000873,east,3,22,0,0,0,0,30,여,3;2;3;3;6;3;3;2,11,50130;30200;41360,,,,,
f_f000874,east,3,8,0,0,0,0,20,여,3;3;4;3;5;5;3;6,11,42150;42170;45130,,,,,
f_f000875,east,3,12,0,0,0,0,50,남,5;3;3;3;4;4;2;5,30,26350;11440;46130,,,,,
f_f000876,east,3,27,0,0,0,0,50,여,1;2;2;5;2;2;2;6,11,50130;42170;46910,,,,,
f_f000881,east,3,22,0,0,0,0,30,여,2;2;1;4;4;4;5;6,41,42150;47130;46710,,,,,
f_f000885,east,3,1,0,0,0,0,40,여,6;2;7;1;6;6;3;7,41,46150;11440;50110,,,,,
f_f000893,east,3,1,0,0,0,0,30,남,4;3;3;4;4;5;3;6,11,42150;50130;41830,,,,,
f_f000894,east,3,1,0,0,0,0,20,남,4;3;2;6;6;6;4;6,29,26350;11680;42150,,,,,
f_f000900,east,3,21,0,0,0,0,40,남,1;4;4;1;1;1;3;5,41,42150;41830;50130,,,,,
f_f000904,east,3,25,0,0,0,0,20,여,2;1;3;2;1;2;1;7,30,11680;42170;44825,,,,,
f_f000905,east,3,1,0,0,0,0,20,여,6;2;2;1;2;3;1;4,41,42210;50110;48850,,,,,
f_f000908,east,2,9,0,0,0,0,30,남,6;4;2;6;6;2;2;5,27,47110;47130;27710,,,,,
f_f000913,east,3,1,0,0,0,0,30,남,4;2;2;2;2;3;6;7,41,50130;50110;48220,,,,,
f_f000914,east,3,3,0,0,0,0,40,여,1;3;2;1;2;3;7;4,48,50130;46150;26500,,,,,
f_f000916,east,2,9,0,0,0,0,30,남,2;7;2;4;2;2;4;4,27,47190;47150;47110,,,,,
f_f000918,east,3,21,0,0,0,0,20,여,4;2;5;2;3;3;1;7,11,11440;41360;42110,,,,,
f_f000927,east,3,23,0,0,0,0,40,여,3;4;3;4;5;5;4;4,26,48270;47130;48220,,,,,
f_f000932,east,3,5,0,0,0,0,20,여,1;1;2;6;1;5;7;6,11,26350;42170;42230,,,,,
f_f000936,east,3,21,0,0,0,0,20,여,1;1;4;3;2;2;6;6,27,26350;47130;47110,,,,,
f_f000942,east,3,6,0,0,0,0,20,여,3;3;3;4;4;5;3;5,48,11140;26500;50110,,,,,
f_f000944,east,3,1,0,0,0,0,30,여,4;2;6;2;1;4;2;6,48,27110;26710;50130,,,,,
f_f000945,east,3,10,0,0,0,0,50,남,2;3;5;3;2;2;2;3,11,50130;41830;42720,,,,,
f_f000947,east,3,1,0,0,0,0,50,남,4;4;4;4;4;6;3;3,42,42130;41450;42150,,,,,
f_f000951,east,3,1,0,0,0,0,20,여,3;1;1;6;1;7;7;6,27,50110;11680;26350,,,,,
f_f000953,east,2,22,0,0,0,0,20,남,4;4;4;3;4;4;3;4,31,11590;47820;44200,,,,,
f_f000954,east,2,1,0,0,0,0,20,남,3;3;3;3;3;3;3;3,48,50110;46130;27200,,,,,
f_f000958,east,2,2,0,0,0,0,30,여,4;4;3;2;5;3;4;5,27,26710;47130;27710,,,,,
f_f000960,east,3,21,0,0,0,0,30,남,4;2;2;2;4;6;1;5,41,50110;50130;42150,,,,,
f_f000972,east,3,1,0,0,0,0,40,여,3;2;1;4;5;5;5;7,11,42210;50130;26350,,,,,
f_f000976,east,3,26,0,0,0,0,40,여,3;2;1;2;1;5;4;3,48,50130;47110;48310,,,,,
f_f000995,east,3,1,0,0,0,0,50,남,1;1;1;1;1;1;1;7,45,50110;45750;46130,,,,,
f_f001000,east,3,3,0,0,0,0,30,여,3;1;3;1;5;4;2;5,41,42210;43150;50130,,,,,
f_f001012,east,2,3,0,0,0,0,40,남,4;7;4;1;4;4;5;6,26,48250;48330;47130,,,,,
f_f001013,east,3,8,0,0,0,0,30,여,6;7;6;2;3;6;6;6,48,26530;46150;46130,,,,,
f_f001014,east,3,22,0,0,0,0,40,여,1;1;4;2;1;1;1;7,48,26350;48850;50130,,,,,
f_f001019,east,2,2,0,0,0,0,40,남,6;3;2;4;3;3;2;4,11,26350;27260;31710,,,,,
f_f001024,east,3,12,0,0,0,0,40,여,1;4;1;3;6;4;6;6,11,42150;42210;50110,,,,,
f_f001027,east,2,12,0,0,0,0,60,여,2;4;1;2;2;4;2;6,11,42210;50130;41830,,,,,
f_f001028,east,3,5,0,0,0,0,50,여,4;3;1;2;6;6;1;5,41,41110;26350;50130,,,,,
f_f001043,east,3,1,0,0,0,0,30,여,5;2;2;5;6;4;2;3,41,42150;45110;50110,,,,,
f_f001058,east,3,1,0,0,0,0,30,여,5;2;4;4;6;2;5;5,41,41820;42150;26320,,,,,
f_f001061,east,3,11,0,0,0,0,40,남,4;4;4;4;4;4;4;4,47,50110;42150;46130,,,,,
f_f001062,east,3,1,0,0,0,0,20,남,2;2;3;3;2;5;3;6,27,27260;47110;47130,,,,,
f_f001070,east,3,24,0,0,0,0,60,남,1;4;4;5;4;2;6;2,11,48250;47130;26710,,,,,
f_f001071,east,2,2,0,0,0,0,40,여,3;5;2;5;5;1;6;4,48,50130;46130;48840,,,,,
f_f001073,east,2,22,0,0,0,0,40,남,4;3;5;3;3;5;3;6,27,47130;26710;11230,,,,,
f_f001077,east,2,24,0,0,0,0,40,남,4;6;6;6;6;7;6;1,42,42770;42830;41270,,,,,
f_f001078,east,3,9,0,0,0,0,20,여,4;5;3;5;3;2;6;6,41,42750;26440;11710,,,,,
f_f001093,east,3,2,0,0,0,0,60,여,2;2;1;2;3;2;2;4,27,50130;26350;42150,,,,,
f_f001098,east,3,21,0,0,0,0,50,남,1;6;2;2;3;2;2;4,11,50130;50110;42150,,,,,
f_f001100,east,3,2,0,0,0,0,30,여,1;1;2;4;6;6;2;7,27,47930;50130;48310,,,,,
f_f001104,east,3,5,0,0,0,0,40,여,2;4;2;3;6;6;2;7,28,42210;47130;46820,,,,,
f_f001108,east,3,22,0,0,0,0,40,여,4;4;4;4;5;4;5;4,28,42150;41110;50130,,,,,
f_f001109,east,3,13,0,0,0,0,50,남,2;4;1;4;6;4;4;4,31,47130;48310;48270,,,,,
f_f001114,east,2,9,0,0,0,0,20,남,1;3;2;3;6;2;3;6,26,47130;48120;48310,,,,,
f_f001120,east,3,25,0,0,0,0,40,여,2;4;5;4;3;5;4;4,48,26710;48330;31170,,,,,
f_f001125,east,2,22,0,0,0,0,30,여,2;2;2;2;4;4;2;3,47,50110;42170;46150,,,,,
f_f001129,east,3,24,0,0,0,0,30,여,2;3;2;2;2;2;7;2,41,26500;42110;41110,,,,,
f_f001130,east,2,1,0,0,0,0,40,여,3;3;6;4;3;4;2;3,31,46110;42210;50130,,,,,
f_f001133,east,3,4,0,0,0,0,40,남,4;2;2;1;3;4;2;6,11,42130;50130;44760,,,,,
f_f001136,east,3,1,0,0,0,0,50,남,2;3;4;3;2;6;3;3,47,50130;42210;48310,,,,,
f_f001146,east,3,1,0,0,0,0,20,여,2;1;7;6;1;7;7;7,42,42210;42830;42150,,,,,
f_f001148,east,3,21,0,0,0,0,50,여,1;3;3;2;4;6;4;6,41,42130;42150;30200,,,,,
f_f001154,east,3,8,0,0,0,0,30,남,3;2;2;4;3;4;2;1,31,26710;47130;50110,,,,,
f_f001162,east,3,3,0,0,0,0,40,남,3;4;5;3;5;5;5;2,47,26350;47820;50130,,,,,
f_f001165,east,3,10,0,0,0,0,40,여,2;1;2;3;6;6;2;7,48,48860;50110;30200,,,,,
f_f001182,east,3,10,0,0,0,0,40,여,1;4;3;1;7;4;7;7,42,42150;42170;42210,,,,,
f_f001188,east,3,10,0,0,0,0,30,남,2;2;2;1;4;2;2;4,11,50130;26350;47130,,,,,
f_f001196,east,3,28,0,0,0,0,30,남,1;1;1;6;6;4;5;7,11,42110;41360;11110,,,,,
f_f001202,east,3,22,0,0,0,0,30,남,2;2;2;3;2;2;2;2,11,42210;50130;46130,,,,,
f_f001205,east,3,1,0,0,0,0,30,여,3;2;2;3;4;2;4;4,11,42130;50110;47110,,,,,
f_f001208,east,3,2,0,0,0,0,30,남,6;1;1;3;3;7;7;7,27,26350;50130;50110,,,,,
f_f001212,east,3,11,0,0,0,0,50,여,2;4;7;1;1;7;7;5,28,50110;50130;42210,,,,,
f_f001216,east,3,3,0,0,0,0,20,남,1;1;1;5;1;1;6;1,26,48220;26710;48170,,,,,
f_f001217,east,3,1,0,0,0,0,30,여,2;2;2;2;4;4;5;6,27,11650;31140;47290,,,,,
f_f001219,east,2,3,0,0,0,0,40,여,2;4;3;4;2;3;6;4,26,50110;42150;46130,,,,,
f_f001232,east,2,22,0,0,0,0,20,여,2;4;3;3;3;5;1;7,26,47130;48310;42150,,,,,
f_f001235,east,3,12,0,0,0,0,20,여,4;4;2;2;4;3;3;6,43,11680;26500;50130,,,,,
f_f001238,east,3,21,0,0,0,0,50,여,4;4;4;4;4;5;3;4,27,50130;48840;46130,,,,,
f_f001240,east,2,21,0,0,0,0,50,남,2;3;2;5;2;2;3;7,31,50110;26350;27140,,,,,
f_f001244,east,3,1,0,0,0,0,40,남,1;6;2;4;2;6;1;6,36,43760;44790;43730,,,,,
f_f001251,east,2,22,0,0,0,0,40,남,3;4;2;3;6;3;7;2,48,42210;11410;50130,,,,,
f_f001257,east,3,26,0,0,0,0,20,여,5;1;1;2;1;1;1;6,48,11680;42820;26530,,,,,
f_f001258,east,2,2,0,0,0,0,30,여,4;2;1;4;4;4;5;6,26,48310;47130;31710,,,,,
f_f001259,east,2,2,0,0,0,0,30,남,2;4;1;6;6;4;2;7,47,47130;47170;27260,,,,,
f_f001264,east,3,1,0,0,0,0,50,남,1;1;1;4;5;1;1;1,41,42760;42770;46110,,,,,
f_f001271,east,3,4,0,0,0,0,20,여,1;1;1;4;4;5;7;6,28,26500;29170;50110,,,,,
f_f001272,east,2,22,0,0,0,0,30,남,4;3;4;3;3;4;4;4,48,48850;11680;50130,,,,,
f_f001276,east,3,1,0,0,0,0,30,남,1;1;4;6;1;4;5;6,26,11680;47130;48310,,,,,
f_f001281,east,3,21,0,0,0,0,40,여,2;3;2;1;4;3;4;2,26,50130;46130;42150,,,,,
f_f001287,east,2,13,0,0,0,0,60,여,3;6;4;3;4;3;2;6,27,47850;48840;42110,,,,,
f_f001292,east,3,11,0,0,0,0,20,남,3;1;1;5;6;6;2;5,11,50130;42210;31170,,,,,
f_f001299,east,3,2,0,0,0,0,50,남,2;5;6;6;2;6;6;5,48,48730;48840;47130,,,,,
f_f001312,east,3,27,0,0,0,0,40,여,3;3;3;3;3;3;3;3,30,44825;42150;26710,,,,,
f_f001315,east,2,21,0,0,0,0,30,남,2;6;2;3;2;6;1;6,27,47130;26230;11650,,,,,
f_f001319,east,3,11,0,0,0,0,50,여,2;2;1;5;6;5;2;5,27,47850;26350;42760,,,,,
f_f001331,east,3,4,0,0,0,0,30,여,2;2;2;2;6;4;1;6,41,42210;26110;50110,,,,,
f_f001333,east,3,12,0,0,0,0,20,여,1;2;2;3;6;2;2;6,11,48310;26350;42150,,,,,
f_f001350,east,3,1,0,0,0,0,50,여,2;2;4;3;4;4;2;4,11,42150;42210;11230,,,,,
f_f001355,east,3,12,0,0,0,0,20,여,2;2;2;2;5;4;3;3,27,26200;50130;42150,,,,,
f_f001357,east,3,21,0,0,0,0,30,여,5;2;6;3;1;6;1;7,11,26230;11440;42150,,,,,
f_f001358,east,3,21,0,0,0,0,30,남,1;1;2;5;5;3;3;7,48,48310;48250;26320,,,,,
f_f001359,east,3,21,0,0,0,0,20,남,4;5;1;4;5;6;2;2,30,26350;27110;11110,,,,,
f_f001369,east,2,4,0,0,0,0,40,남,2;3;1;1;3;5;5;2,26,48250;45800;50110,,,,,
f_f001370,east,3,27,0,0,0,0,20,남,2;2;1;4;4;1;3;4,41,28710;41460;26290,,,,,
f_f001372,east,3,23,0,0,0,0,40,남,5;4;2;2;3;6;6;4,29,50130;11140;26110,,,,,
f_f001373,east,3,1,0,0,0,0,30,남,2;2;3;1;1;5;4;5,48,26350;48310;48840,,,,,
f_f001374,east,3,22,0,0,0,0,50,여,1;1;1;1;1;4;7;4,41,42210;26350;41830,,,,,
f_f001381,east,3,12,0,0,0,0,50,여,1;1;4;4;4;4;6;6,27,48840;42230;26710,,,,,
f_f001393,east,2,5,0,0,0,0,20,여,2;2;4;2;6;4;6;4,41,42150;47130;50110,,,,,
f_f001405,east,3,23,0,0,0,0,50,남,4;1;7;4;3;5;6;2,41,42210;42150;41820,,,,,
f_f001418,east,3,23,0,0,0,0,30,여,2;2;1;2;1;1;1;7,48,47110;47130;48840,,,,,
f_f001419,east,3,4,0,0,0,0,60,남,1;2;2;4;3;5;3;4,11,50130;42210;26350,,,,,
f_f001423,east,2,22,0,0,0,0,30,여,1;7;2;2;6;6;6;2,43,11140;41280;41190,,,,,
f_f001427,east,2,2,0,0,0,0,50,남,1;5;4;2;7;2;1;4,27,48890;47850;44825,,,,,
f_f001433,east,3,4,0,0,0,0,40,여,1;1;2;3;2;4;2;1,41,42150;50110;26350,,,,,
f_f001444,east,3,10,0,0,0,0,50,여,2;6;4;6;6;6;1;7,41,28710;42110;41460,,,,,
f_f001461,east,3,4,0,0,0,0,30,남,6;6;2;5;3;6;3;4,11,41610;30230;27200,,,,,
f_f001462,east,2,1,0,0,0,0,50,여,1;7;3;3;2;3;4;6,43,48220;48310;50130,,,,,
f_f001464,east,3,12,0,0,0,0,30,여,6;2;4;2;5;2;2;7,41,42150;26500;50130,,,,,
f_f001469,east,3,1,0,0,0,0,20,여,2;2;1;3;4;4;4;6,26,50110;42230;28237,,,,,
f_f001474,east,3,1,0,0,0,0,30,여,6;2;6;3;6;6;5;6,41,42150;42210;41130,,,,,
f_f001480,east,3,6,0,0,0,0,30,여,1;7;4;5;5;1;7;4,11,48170;47210;41570,,,,,
f_f001486,east,3,1,0,0,0,0,40,여,1;4;1;4;4;5;7;7,45,42210;48220;44825,,,,,
f_f001490,east,3,22,0,0,0,0,40,여,2;2;3;4;5;5;5;4,11,42210;26350;42830,,,,,
f_f001491,east,2,9,0,0,0,0,30,남,2;2;2;3;5;3;5;6,29,42150;50130;48840,,,,,
f_f001497,east,2,10,0,0,0,0,50,여,2;5;3;3;5;2;5;4,43,42150;43150;41830,,,,,
f_f001501,east,3,10,0,0,0,0,40,남,2;3;5;4;2;4;4;7,41,42830;28110;46710,,,,,
f_f001503,east,3,13,0,0,0,0,50,남,1;1;4;1;4;4;4;4,11,42830;31170;48850,,,,,
f_f001505,east,2,21,0,0,0,0,50,남,2;5;3;5;4;4;4;5,27,50110;47110;11110,,,,,
f_f001509,east,3,22,0,0,0,0,20,남,4;2;3;4;6;5;2;6,11,50110;46130;41650,,,,,
f_f001512,east,3,10,0,0,0,0,50,남,2;3;2;4;4;2;3;4,27,50130;45800;47110,,,,,
f_f001513,east,3,10,0,0,0,0,30,남,4;1;1;3;6;4;6;6,48,50130;26350;42150,,,,,
f_f001520,east,3,10,0,0,0,0,20,남,4;1;1;3;2;4;5;5,27,50130;26350;45110,,,,,
f_f001525,east,3,1,0,0,0,0,40,여,2;4;2;4;4;3;4;4,26,48310;48270;47130,,,,,
f_f001534,east,3,21,0,0,0,0,20,여,2;2;2;4;4;5;3;6,11,50110;42150;26710,,,,,
f_f001538,east,3,1,0,0,0,0,40,여,5;4;3;6;2;2;7;2,41,50110;11110;42210,,,,,
f_f001540,east,3,1,0,0,0,0,60,남,2;2;1;2;7;4;6;7,11,41830;41360;42210,,,,,
f_f001557,east,3,8,0,0,0,0,40,여,4;6;6;6;2;6;2;6,47,47130;27110;47820,,,,,
f_f001559,east,3,21,0,0,0,0,30,여,1;1;1;1;6;1;1;7,45,50130;50110;46710,,,,,
f_f001560,east,3,28,0,0,0,0,40,남,2;5;2;3;6;2;2;5,44,42760;50130;46820,,,,,
f_f001563,east,2,2,0,0,0,0,50,남,1;7;1;3;1;7;1;7,11,50130;50110;42150,,,,,
f_f001564,east,2,22,0,0,0,0,30,여,4;2;3;1;3;2;2;5,11,42150;46110;50130,,,,,
f_f001565,east,3,21,0,0,0,0,20,남,4;4;5;4;4;4;4;4,41,42150;26710;27260,,,,,
f_f001566,east,2,4,0,0,0,0,40,남,4;3;3;5;3;3;3;5,48,45110;50130;42170,,,,,
f_f001567,east,3,2,0,0,0,0,60,남,2;2;2;3;2;2;3;4,47,31710;26350;46130,,,,,
f_f001570,east,2,1,0,0,0,0,40,여,3;3;2;2;2;2;4;3,11,42150;50130;45180,,,,,
f_f001582,east,3,21,0,0,0,0,50,남,4;2;6;2;2;6;6;4,41,42210;26350;50130,,,,,
f_f001586,east,2,6,0,0,0,0,40,남,1;4;2;2;4;4;6;4,26,48840;47130;50130,,,,,
f_f001590,east,3,2,0,0,0,0,40,남,2;4;3;5;4;4;2;5,42,42210;50130;42150,,,,,
f_f001595,east,2,2,0,0,0,0,50,남,4;6;4;2;2;6;6;1,27,48880;50110;26350,,,,,
f_f001596,east,2,2,0,0,0,0,30,여,7;4;6;3;6;4;6;6,27,27290;47840;47130,,,,,
f_f001597,east,2,6,0,0,0,0,40,여,3;3;2;1;1;2;4;4,48,48840;50130;42170,,,,,
f_f001598,east,2,8,0,0,0,0,30,남,2;3;2;2;3;2;3;4,27,50130;26350;47170,,,,,
f_f001600,east,2,4,0,0,0,0,40,여,2;3;6;6;6;4;5;2,11,42110;42150;41110,,,,,
f_f001601,east,2,22,0,0,0,0,30,여,5;6;6;4;5;5;5;2,31,26710;27200;11680,,,,,
f_f001604,east,3,1,0,0,0,0,40,남,4;2;3;3;3;2;5;3,11,42210;44825;42150,,,,,
f_f001626,east,3,2,0,0,0,0,20,여,2;2;1;6;7;2;7;6,11,46110;26350;46130,,,,,
f_f001627,east,2,21,0,0,0,0,40,여,4;7;6;2;4;2;1;1,31,26350;48330;47130,,,,,
f_f001636,east,3,3,0,0,0,0,30,남,1;1;1;5;7;2;7;6,41,50110;26170;47130,,,,,
f_f001638,east,2,12,0,0,0,0,50,여,4;2;2;2;4;4;4;3,26,46130;42760;47130,,,,,
f_f001645,east,3,1,0,0,0,0,30,남,6;1;3;5;4;3;1;7,46,46130;26350;29110,,,,,
f_f001655,east,2,11,0,0,0,0,40,남,2;2;4;4;6;6;2;1,27,47130;11440;50110,,,,,
f_f001661,east,2,24,0,0,0,0,40,여,4;4;3;3;3;2;2;7,41,42150;26350;11140,,,,,
f_f001662,east,3,10,0,0,0,0,20,여,1;1;2;2;4;4;6;6,47,11440;26350;27110,,,,,
f_f001666,east,3,21,0,0,0,0,30,남,6;3;1;2;3;4;2;6,27,50130;26110;48310,,,,,
f_f001667,east,3,1,0,0,0,0,20,여,3;3;4;5;4;4;6;7,29,50110;26350;46130,,,,,
f_f001670,east,2,22,0,0,0,0,40,여,5;2;2;2;2;4;5;5,48,26200;26230;11710,,,,,
f_f001671,east,2,22,0,0,0,0,40,남,1;4;4;2;2;2;6;4,47,50130;46130;42210,,,,,
f_f001672,east,3,8,0,0,0,0,20,남,1;3;2;3;2;1;4;5,27,42830;50130;26350,,,,,
f_f001676,east,2,5,0,0,0,0,50,여,1;6;2;4;1;4;2;7,41,41830;41280;42720,,,,,
f_f001677,east,2,1,0,0,0,0,30,여,1;1;1;4;1;5;7;7,27,50110;26350;30200,,,,,
f_f001685,east,2,22,0,0,0,0,40,여,3;2;1;1;1;1;4;7,42,42830;42110;11680,,,,,
f_f001686,east,3,1,0,0,0,0,20,남,6;1;3;5;5;6;1;4,48,26350;48240;26110,,,,,
f_f001687,east,2,1,0,0,0,0,40,남,1;1;4;6;1;1;1;4,48,48330;47820;46780,,,,,
f_f001692,east,3,1,0,0,0,0,50,여,1;1;1;3;1;5;6;6,48,48840;27170;26530,,,,,
f_f001694,east,3,9,0,0,0,0,30,여,4;4;4;4;4;4;4;4,29,29140;26530;42130,,,,,
f_f001696,east,3,13,0,0,0,0,60,여,2;4;2;3;4;6;3;2,31,50130;48840;46130,,,,,
f_f001700,east,3,12,0,0,0,0,30,여,4;3;3;4;4;4;3;7,31,26710;27230;26350,,,,,
f_f001704,east,3,2,0,0,0,0,40,여,2;4;1;3;3;6;1;7,42,42830;41360;42820,,,,,
f_f001705,east,2,5,0,0,0,0,40,여,2;6;5;6;5;4;6;2,26,50110;48860;43150,,,,,
f_f001711,east,3,21,0,0,0,0,30,남,3;3;3;5;4;5;3;5,48,27710;26710;31140,,,,,
f_f001713,east,3,1,0,0,0,0,40,남,4;1;1;6;6;6;2;2,41,41820;42210;44200,,,,,
f_f001719,east,2,1,0,0,0,0,50,여,1;1;2;2;2;1;2;5,48,48840;26710;50130,,,,,
f_f001731,east,3,21,0,0,0,0,30,남,2;2;1;2;4;4;6;5,48,47110;47130;48120,,,,,
f_f001732,east,2,2,0,0,0,0,20,여,3;4;2;4;2;2;6;6,26,47130;26710;31140,,,,,
f_f001734,east,3,22,0,0,0,0,30,여,5;1;2;2;2;2;6;3,11,42150;26350;41830,,,,,
f_f001735,east,3,21,0,0,0,0,40,여,1;5;1;2;4;2;3;5,30,45730;26200;45110,,,,,
f_f001738,east,2,9,0,0,0,0,30,여,6;6;2;1;2;3;3;7,31,26350;47130;26710,,,,,
f_f001739,east,3,21,0,0,0,0,30,남,2;1;1;2;3;2;7;5,28,11410;11110;50110,,,,,
f_f001746,east,3,1,0,0,0,0,20,여,3;2;4;2;3;3;4;1,31,47130;26710;46130,,,,,
f_f001748,east,3,22,0,0,0,0,20,여,2;3;2;3;2;2;6;4,41,26350;42150;50110,,,,,
f_f001750,east,3,23,0,0,0,0,20,여,5;5;2;6;5;7;2;5,28,47130;50110;42150,,,,,
f_f001754,east,3,21,0,0,0,0,50,남,6;2;5;7;6;5;6;2,26,48170;47110;46770,,,,,
f_f001759,east,2,2,0,0,0,0,40,남,2;4;2;3;5;5;5;1,11,41610;42210;45110,,,,,
f_f001763,east,3,1,0,0,0,0,40,여,1;1;2;6;2;2;5;7,31,50130;44825;48840,,,,,
f_f001766,east,2,10,0,0,0,0,50,남,3;4;4;1;4;4;1;6,31,26350;50110;11170,,,,,
f_f001767,east,2,3,0,0,0,0,60,남,2;6;3;4;1;4;3;5,26,47170;50130;46150,,,,,
f_f001768,east,3,2,0,0,0,0,50,남,1;7;1;7;2;4;5;4,48,48270;48240;26170,,,,,
f_f001771,east,3,2,0,0,0,0,40,남,4;7;1;3;6;4;2;7,41,41450;41250;42150,,,,,
f_f001782,east,2,22,0,0,0,0,20,남,3;2;2;4;6;6;3;7,27,26350;47130;42150,,,,,
f_f001785,east,3,6,0,0,0,0,40,여,3;3;2;4;4;5;5;4,42,42210;28200;44180,,,,,
f_f001794,east,2,2,0,0,0,0,40,여,1;1;2;4;6;1;2;3,26,50110;11680;46130,,,,,
f_f001797,east,3,4,0,0,0,0,30,여,3;6;1;4;4;7;6;5,28,27230;45130;47110,,,,,
f_f001798,east,3,1,0,0,0,0,30,여,2;1;1;2;6;1;2;6,11,50110;42210;26230,,,,,
f_f001817,east,3,2,0,0,0,0,40,여,2;2;2;7;7;4;6;5,11,48120;48270;42760,,,,,
f_f001821,east,3,23,0,0,0,0,30,남,3;1;3;4;3;4;1;6,26,48740;48120;26230,,,,,
f_f001823,east,3,24,0,0,0,0,40,남,5;3;2;7;1;1;6;1,46,11680;26350;27260,,,,,
f_f001827,east,3,2,0,0,0,0,50,남,2;5;5;3;4;3;5;5,11,42150;41820;42170,,,,,
f_f001831,east,3,6,0,0,0,0,40,남,5;3;2;6;4;4;1;2,46,42130;46790;41670,,,,,
f_f001832,east,3,10,0,0,0,0,40,여,4;2;1;3;4;4;4;5,41,42210;41360;11110,,,,,
f_f001839,east,3,1,0,0,0,0,30,여,4;4;4;4;4;4;4;4,26,50110;26350;41630,,,,,
f_f001840,east,3,1,0,0,0,0,50,여,1;2;2;4;3;1;1;6,41,42210;41670;41500,,,,,
f_f001844,east,3,23,0,0,0,0,20,여,4;4;4;4;2;6;7;7,48,26350;26500;47130,,,,,
f_f001846,east,3,21,0,0,0,0,20,남,2;5;2;6;2;2;6;6,47,26350;26500;47130,,,,,
f_f001850,east,3,1,0,0,0,0,50,여,1;2;1;2;3;1;2;4,41,48840;42820;46800,,,,,
f_f001854,east,3,1,0,0,0,0,30,여,3;1;2;2;4;3;3;5,41,42110;50130;42150,,,,,
f_f001856,east,3,23,0,0,0,0,60,남,1;3;3;5;2;5;2;6,43,42150;28710;41650,,,,,
f_f001865,east,3,21,0,0,0,0,50,여,1;1;7;3;1;2;5;1,11,46110;42760;48840,,,,,
f_f001878,east,3,2,0,0,0,0,40,여,2;4;1;4;4;1;4;7,27,48840;50130;48240,,,,,
f_f001879,east,3,1,0,0,0,0,50,여,1;1;3;2;6;4;6;7,28,42230;42760;50130,,,,,
f_f001880,east,3,22,0,0,0,0,30,여,2;3;3;6;4;3;3;3,11,41650;42780;41480,,,,,
f_f001881,east,2,2,0,0,0,0,30,여,4;6;2;3;2;2;6;5,26,48310;48120;48330,,,,,
f_f001892,east,3,4,0,0,0,0,20,남,5;1;4;1;3;4;3;5,11,42150;50110;50130,,,,,
f_f001895,east,3,21,0,0,0,0,40,여,2;2;3;4;2;1;3;5,41,48850;43800;41650,,,,,
f_f001898,east,3,5,0,0,0,0,40,여,6;2;2;1;2;6;2;5,11,42150;50130;41480,,,,,
f_f001905,east,3,23,0,0,0,0,50,여,2;7;4;5;3;5;5;4,30,50110;26350;28710,,,,,
f_f001911,east,3,21,0,0,0,0,20,남,2;5;1;4;4;2;7;4,11,46130;50110;26350,,,,,
f_f001917,east,3,22,0,0,0,0,30,여,4;1;7;7;1;7;2;2,41,42150;41460;11710,,,,,
f_f001921,east,3,21,0,0,0,0,30,남,1;1;7;7;1;1;7;1,11,42210;27110;46130,,,,,
f_f001926,east,2,1,0,0,0,0,30,남,3;2;3;3;6;3;5;6,26,50110;31710;48170,,,,,
f_f001932,east,3,3,0,0,0,0,50,여,4;1;4;1;1;2;7;7,41,42150;50130;28720,,,,,
f_f001933,east,3,22,0,0,0,0,60,여,2;2;1;5;5;3;2;6,41,42210;48840;44200,,,,,
f_f001949,east,3,21,0,0,0,0,40,남,3;2;2;3;3;3;2;5,41,42210;50130;11110,,,,,
f_f001951,east,3,2,0,0,0,0,20,여,7;1;1;3;6;3;2;6,26,50130;45110;47130,,,,,
f_f001955,east,3,5,0,0,0,0,30,남,1;2;5;5;7;5;7;7,11,42830;42150;28110,,,,,
f_f001956,east,3,11,0,0,0,0,50,남,4;6;2;2;4;3;5;1,11,50130;42210;26350,,,,,
f_f001959,east,3,13,0,0,0,0,40,여,2;1;3;3;3;3;3;3,11,42170;50110;46130,,,,,
f_f001960,east,2,23,0,0,0,0,30,여,1;3;2;2;2;2;1;3,11,48310;47130;27140,,,,,
f_f001963,east,3,2,0,0,0,0,20,여,2;2;5;3;2;4;5;3,27,27230;26350;47130,,,,,
f_f001969,east,3,5,0,0,0,0,40,여,3;2;6;3;3;3;5;5,41,42830;42110;41820,,,,,
f_f001972,east,2,1,0,0,0,0,30,남,4;1;1;2;1;4;1;7,48,48120;26230;26440,,,,,
f_f001973,east,3,5,0,0,0,0,20,남,6;1;1;1;1;1;7;7,27,47130;48840;47110,,,,,
f_f001974,east,3,21,0,0,0,0,30,남,4;1;4;2;4;2;2;7,47,26500;47110;48220,,,,,
f_f001982,east,3,28,0,0,0,0,20,여,4;3;6;4;2;2;1;6,41,42210;44825;27290,,,,,
f_f001985,east,3,12,0,0,0,0,50,남,1;4;2;4;3;2;6;6,26,48220;46130;48270,,,,,
f_f001987,east,3,3,0,0,0,0,30,남,1;1;1;7;4;1;7;7,42,42820;50110;11230,,,,,
f_f001988,east,3,1,0,0,0,0,30,여,1;1;1;1;7;4;1;4,41,11170;42730;44180,,,,,
f_f001989,east,2,2,0,0,0,0,40,여,4;4;4;4;3;3;2;2,27,47820;47170;50130,,,,,
f_f001990,east,3,6,0,0,0,0,30,남,1;2;1;3;6;3;6;6,31,47130;26350;48310,,,,,
f_f001999,east,3,2,0,0,0,0,40,남,3;4;7;7;7;5;1;4,41,42760;28237;47230,,,,,
f_f002000,east,3,22,0,0,0,0,20,남,2;4;3;5;6;2;3;6,11,42210;43800;42150,,,,,
f_f002004,east,2,21,0,0,0,0,40,남,2;4;2;4;1;3;3;4,26,50130;42230;47930,,,,,
f_f002007,east,3,1,0,0,0,0,30,여,4;4;4;4;4;4;4;4,26,30110;27290;11545,,,,,
f_f002010,east,3,12,0,0,0,0,20,여,1;1;6;3;4;3;5;4,28,42150;42210;44825,,,,,
f_f002017,east,2,1,0,0,0,0,30,남,1;1;1;2;1;1;1;7,11,50110;42170;43150,,,,,
f_f002020,east,3,21,0,0,0,0,20,여,2;2;2;2;2;2;6;7,11,42150;48840;44150,,,,,
f_f002030,east,2,25,0,0,0,0,20,여,2;1;1;1;3;4;4;7,28,42150;44150;46130,,,,,
f_f002032,east,2,24,0,0,0,0,50,여,4;4;4;4;4;4;4;4,31,47130;27710;26290,,,,,
f_f002037,east,3,22,0,0,0,0,30,남,3;2;4;3;5;6;5;3,41,42150;50130;28710,,,,,
f_f002039,east,3,1,0,0,0,0,20,남,4;2;3;4;4;5;3;6,31,50110;26350;47130,,,,,
f_f002040,east,3,2,0,0,0,0,20,여,3;2;3;3;3;3;3;6,28,46150;45110;42170,,,,,
f_f002042,east,3,8,0,0,0,0,40,여,1;1;1;1;1;2;6;2,26,48310;47130;50110,,,,,
f_f002044,east,3,1,0,0,0,0,30,남,2;1;2;2;4;2;6;6,11,50130;28110;44200,,,,,
f_f002045,east,3,22,0,0,0,0,50,남,4;3;2;4;6;6;2;7,26,46730;48310;31710,,,,,
f_f002046,east,3,10,0,0,0,0,30,남,1;1;3;3;3;3;6;3,11,42210;42830;46130,,,,,
f_f002049,east,3,22,0,0,0,0,20,남,4;3;1;6;4;6;7;7,26,11110;41610;31140,,,,,
f_f002053,east,3,5,0,0,0,0,30,남,1;2;1;4;4;3;1;6,47,48310;26710;50130,,,,,
f_f002054,east,2,21,0,0,0,0,30,남,4;2;2;3;5;4;5;5,48,42150;41650;48310,,,,,
f_f002056,east,3,5,0,0,0,0,50,남,2;2;2;1;1;6;2;2,11,42210;27200;42720,,,,,
f_f002058,east,3,12,0,0,0,0,40,남,3;3;2;3;3;2;6;4,48,11560;26380;48840,,,,,
f_f002059,east,2,21,0,0,0,0,30,남,2;2;2;3;6;2;2;6,11,42150;42210;46110,,,,,
f_f002062,east,3,21,0,0,0,0,30,여,2;6;6;7;7;2;7;7,27,47130;47280;11530,,,,,
f_f002063,east,2,22,0,0,0,0,20,남,4;1;3;2;4;5;5;6,27,50110;50130;26710,,,,,
f_f002071,east,2,1,0,0,0,0,30,여,3;2;6;2;2;7;3;1,47,27110;26350;47130,,,,,
f_f002072,east,3,12,0,0,0,0,30,여,2;2;1;7;4;4;3;4,11,50130;50110;42150,,,,,
f_f002073,east,2,12,0,0,0,0,30,여,2;1;4;1;4;6;3;7,11,42210;41250;42150,,,,,
f_f002082,east,2,22,0,0,0,0,30,여,2;7;3;6;5;3;7;6,27,47110;47290;47130,,,,,
f_f002083,east,3,1,0,0,0,0,20,남,3;2;1;3;4;4;6;5,11,50130;41290;26350,,,,,
f_f002087,east,2,4,0,0,0,0,60,여,2;3;4;3;3;5;4;2,31,26710;26350;47130,,,,,
f_f002088,east,3,27,0,0,0,0,40,여,1;1;1;3;1;4;6;4,26,46110;42210;50110,,,,,
f_f002094,east,3,1,0,0,0,0,30,여,2;1;1;2;5;2;7;5,41,50130;42210;42170,,,,,
f_f002097,east,3,2,0,0,0,0,30,여,4;3;3;4;3;4;4;4,41,26350;42150;30200,,,,,
f_f002101,east,2,21,0,0,0,0,40,여,4;1;1;1;4;4;7;7,48,48730;47130;11410,,,,,
f_f002102,east,3,12,0,0,0,0,30,여,2;1;2;6;6;6;2;7,41,50130;26170;42830,,,,,
f_f002103,east,2,22,0,0,0,0,30,남,6;6;6;3;3;6;2;6,47,47130;30110;50130,,,,,
f_f002114,east,2,21,0,0,0,0,30,남,3;6;5;2;4;3;4;3,26,26710;47130;11140,,,,,
f_f002116,east,3,2,0,0,0,0,40,남,2;3;3;4;5;4;3;5,48,48310;48220;48840,,,,,
f_f002117,east,3,12,0,0,0,0,40,여,5;3;4;5;3;3;6;5,47,48220;47110;42150,,,,,
f_f002119,east,2,2,0,0,0,0,40,남,2;4;1;2;2;2;5;4,26,48220;50130;31110,,,,,
f_f002123,east,3,2,0,0,0,0,30,남,2;2;5;2;1;2;2;6,47,27110;26350;50110,,,,,
f_f002428,east,2,13,0,0,0,0,30,여,1;2;1;2;4;1;1;5,26,26350;28140;31140,,,,,
f_f002438,east,3,22,0,0,0,0,30,여,2;1;1;2;5;5;2;6,11,42150;26200;42110,,,,,
f_f002445,east,3,2,0,0,0,0,40,남,2;2;2;3;4;6;2;6,36,42210;45110;46130,,,,,
f_f002449,east,3,22,0,0,0,0,30,여,4;4;4;4;5;4;6;6,27,47840;26350;48880,,,,,
f_f002451,east,3,1,0,0,0,0,60,여,1;1;7;7;1;7;7;1,48,27290;47930;47770,,,,,
f_f002452,east,2,13,0,0,0,0,60,남,2;4;2;2;2;4;4;3,27,47130;48220;26350,,,,,
f_f002457,east,3,24,0,0,0,0,40,남,1;5;4;6;5;4;5;7,11,43800;26470;50110,,,,,
f_f002459,east,2,1,0,0,0,0,50,여,2;2;6;1;2;2;6;2,47,27290;47130;47250,,,,,
f_f002462,east,3,1,0,0,0,0,20,여,4;2;1;2;6;2;2;6,11,42150;50110;41280,,,,,
f_f002464,east,3,1,0,0,0,0,30,여,5;2;2;3;4;6;3;7,41,50130;42150;46130,,,,,
f_f002465,east,3,22,0,0,0,0,20,여,5;2;2;4;2;6;6;3,41,42150;43800;46130,,,,,
f_f002466,east,2,22,0,0,0,0,30,여,1;2;1;3;5;2;2;5,41,28720;42150;26500,,,,,
f_f002468,east,3,21,0,0,0,0,30,남,2;2;4;3;2;3;2;5,26,50130;48310;47130,,,,,
f_f002473,east,2,22,0,0,0,0,40,여,1;1;1;1;7;1;1;7,47,42210;50110;47940,,,,,
f_f002475,east,3,2,0,0,0,0,50,남,1;6;6;2;2;6;2;1,42,41820;42150;42210,,,,,
f_f002480,east,3,22,0,0,0,0,30,여,2;6;7;2;3;3;2;7,11,42230;48880;44825,,,,,
f_f002485,east,3,1,0,0,0,0,60,남,1;3;1;4;4;3;2;6,26,46130;42230;44825,,,,,
f_f002492,east,3,1,0,0,0,0,50,남,6;6;3;4;6;6;5;3,47,47730;27260;47130,,,,,
f_f002494,east,2,25,0,0,0,0,30,남,3;1;1;1;1;6;7;6,31,50110;47130;26350,,,,,
f_f002495,east,3,7,0,0,0,0,30,남,2;2;1;3;4;4;2;3,31,26230;47130;48840,,,,,
f_f002498,east,3,22,0,0,0,0,20,여,4;4;6;6;5;6;5;4,26,48310;48220;26350,,,,,
f_f002500,east,3,21,0,0,0,0,30,남,4;2;6;1;1;6;7;4,46,48310;48220;48820,,,,,
f_f002501,east,3,26,0,0,0,0,50,여,3;4;2;3;4;3;5;6,27,50130;46890;26350,,,,,
f_f002502,east,2,2,0,0,0,0,40,남,2;3;2;4;2;4;3;5,31,50130;42150;48220,,,,,
f_f002503,east,3,11,0,0,0,0,50,여,4;1;3;4;7;4;1;7,48,48310;47130;50110,,,,,
f_f002505,east,3,12,0,0,0,0,20,여,4;1;1;6;7;3;7;5,11,42210;42150;11440,,,,,
f_f002506,east,3,2,0,0,0,0,50,남,1;2;1;6;1;1;2;7,11,42210;42150;28710,,,,,
f_f002507,east,3,5,0,0,0,0,20,여,4;2;2;1;2;4;2;6,31,26350;26710;31200,,,,,
f_f002510,east,3,26,0,0,0,0,20,여,2;1;1;3;1;6;1;7,11,50130;42150;26350,,,,,
f_f002511,east,3,13,0,0,0,0,30,여,3;2;3;2;3;4;6;6,41,42150;42210;47130,,,,,
f_f002512,east,3,2,0,0,0,0,60,남,1;1;1;3;6;5;2;7,41,42770;42230;26350,,,,,
f_f002513,east,3,22,0,0,0,0,30,여,2;1;1;5;6;2;6;6,29,50110;48310;26350,,,,,
f_f002514,east,2,1,0,0,0,0,30,여,6;5;5;6;6;4;7;3,27,26500;50110;50130,,,,,
f_f002516,east,3,22,0,0,0,0,50,여,7;2;1;3;2;2;2;7,41,42170;42830;43110,,,,,
f_f002518,east,3,1,0,0,0,0,40,여,3;4;2;5;5;4;2;6,27,48840;50110;46130,,,,,
f_f002523,east,2,28,0,0,0,0,40,남,5;4;4;5;3;5;4;4,27,50110;46110;42830,,,,,
f_f002527,east,2,3,0,0,0,0,60,남,3;3;1;2;2;2;2;6,48,50130;42210;11110,,,,,
f_f002530,east,3,5,0,0,0,0,30,여,1;6;4;7;7;4;6;2,11,42830;42210;50130,,,,,
f_f002531,east,2,3,0,0,0,0,50,남,5;5;2;2;1;2;2;6,48,50130;11680;42150,,,,,
f_f002538,east,3,10,0,0,0,0,50,남,2;3;5;6;3;3;6;5,41,42820;45770;42210,,,,,
f_f002539,east,3,6,0,0,0,0,50,남,2;4;3;3;2;2;5;3,48,48870;42150;11260,,,,,
f_f002541,east,3,21,0,0,0,0,60,남,2;3;2;2;2;3;2;4,11,42210;42830;41800,,,,,
f_f002542,east,3,25,0,0,0,0,20,여,1;3;1;1;1;1;1;4,41,42760;41460;48170,,,,,
f_f002544,east,3,1,0,0,0,0,20,여,1;4;2;6;7;6;6;6,41,42150;50130;42130,,,,,
f_f002545,east,2,11,0,0,0,0,50,남,2;6;2;2;6;2;6;2,26,26350;48330;48840,,,,,
f_f002549,east,2,26,0,0,0,0,40,남,4;6;5;5;6;6;6;7,27,47130;26350;50110,,,,,
f_f002551,east,3,1,0,0,0,0,20,여,3;2;3;6;6;4;6;7,41,47130;26350;46130,,,,,
f_f002554,east,3,1,0,0,0,0,20,남,6;2;3;3;2;6;5;6,31,50110;26350;11110,,,,,
f_f002556,east,3,2,0,0,0,0,20,여,2;2;1;6;6;5;7;5,11,50110;42210;42150,,,,,
f_f002557,east,2,1,0,0,0,0,20,남,4;6;1;3;7;2;1;6,48,26230;48250;26350,,,,,
f_f002565,east,3,21,0,0,0,0,40,여,1;1;4;3;2;5;4;2,42,42150;42210;41820,,,,,
f_f002568,east,3,1,0,0,0,0,30,남,2;4;2;3;1;2;6;4,27,42150;50130;47130,,,,,
f_f002575,east,3,1,0,0,0,0,40,남,1;1;1;1;2;4;4;3,43,48840;42820;50110,,,,,
f_f002579,east,3,1,0,0,0,0,40,여,2;4;2;2;4;1;2;5,47,50130;48840;42760,,,,,
f_f002581,east,2,3,0,0,0,0,30,남,4;4;4;4;4;4;4;4,27,50130;46150;48270,,,,,
f_f002582,east,2,1,0,0,0,0,20,남,6;4;2;2;4;4;4;7,27,47820;47130;47290,,,,,
f_f002583,east,3,1,0,0,0,0,30,남,1;2;2;1;1;1;1;7,26,42830;50130;47830,,,,,
f_f002584,east,3,22,0,0,0,0,40,여,1;2;7;7;7;1;7;4,27,47770;47110;48120,,,,,
f_f002586,east,2,22,0,0,0,0,20,남,1;3;2;5;6;1;6;4,11,50130;42150;50110,,,,,
f_f002589,east,3,27,0,0,0,0,60,여,3;5;1;2;4;2;2;6,11,42210;42820;41800,,,,,
f_f002593,east,3,2,0,0,0,0,40,남,2;1;1;5;7;2;1;7,26,41570;28710;26350,,,,,
f_f002595,east,3,2,0,0,0,0,30,남,7;5;2;2;3;6;2;6,11,30140;27260;26350,,,,,
f_f002596,east,3,1,0,0,0,0,30,여,1;1;1;7;1;1;1;7,48,50110;42150;47130,,,,,
f_f002597,east,3,3,0,0,0,0,50,남,2;4;2;4;4;2;6;6,11,48310;46130;50130,,,,,
f_f002602,east,2,22,0,0,0,0,30,여,2;6;1;1;4;5;6;7,26,50130;50110;47130,,,,,
f_f002604,east,3,1,0,0,0,0,20,여,3;2;2;4;3;5;2;7,11,42150;47130;41480,,,,,
f_f002609,east,3,1,0,0,0,0,40,남,1;1;1;4;4;4;4;6,26,26710;46770;50130,,,,,
f_f002610,east,3,22,0,0,0,0,20,여,2;1;2;3;4;4;5;7,11,48840;42230;50130,,,,,
f_f002612,east,3,12,0,0,0,0,20,여,2;2;1;5;2;2;3;7,30,50130;46130;26350,,,,,
f_f002614,east,3,1,0,0,0,0,20,여,2;2;2;5;1;4;2;6,26,50110;11680;27290,,,,,
f_f002619,east,3,1,0,0,0,0,30,여,1;1;1;2;1;6;7;7,48,50110;50130;45210,,,,,
f_f002620,east,2,12,0,0,0,0,60,여,4;6;5;2;3;4;5;6,31,26350;47130;41220,,,,,
f_f002621,east,3,2,0,0,0,0,40,남,4;5;2;2;2;7;1;7,26,31110;42170;11560,,,,,
f_f002624,east,3,12,0,0,0,0,50,남,2;2;3;4;4;3;2;5,11,42170;45800;43800,,,,,
f_f002630,east,3,21,0,0,0,0,40,남,4;3;3;3;5;6;2;7,43,43110;30200;11680,,,,,
f_f002632,east,3,21,0,0,0,0,30,남,2;4;2;3;1;5;3;6,44,50110;42150;46130,,,,,
f_f002633,east,3,21,0,0,0,0,20,남,4;1;1;4;6;5;2;6,26,46130;11110;50130,,,,,
f_f002634,east,3,22,0,0,0,0,30,남,2;6;2;2;2;2;5;6,27,47190;42230;47110,,,,,
f_f002637,east,2,12,0,0,0,0,30,여,2;6;2;2;2;7;1;7,26,11110;50130;46150,,,,,
f_f002638,east,3,22,0,0,0,0,20,여,6;2;6;3;5;1;5;4,26,50130;50110;11230,,,,,
f_f002641,east,2,2,0,0,0,0,40,남,2;4;1;3;4;3;2;6,11,42230;42210;47130,,,,,
f_f002644,east,3,22,0,0,0,0,50,남,1;3;3;2;3;2;3;4,11,42150;46150;26410,,,,,
f_f002647,east,3,21,0,0,0,0,20,남,1;2;3;4;5;2;2;4,28,50110;26350;42210,,,,,
f_f002648,east,3,2,0,0,0,0,30,남,2;1;2;3;2;5;5;3,27,50130;48220;42150,,,,,
f_f002652,east,3,1,0,0,0,0,40,남,2;4;3;3;3;3;2;5,41,42210;50130;43130,,,,,
f_f002653,east,3,1,0,0,0,0,30,남,2;1;3;5;4;3;2;6,26,47130;31140;26710,,,,,
f_f002655,east,3,1,0,0,0,0,60,여,1;1;2;1;3;4;2;7,28,26350;47130;42150,,,,,
f_f002656,east,3,9,0,0,0,0,40,여,2;2;2;2;6;6;6;2,42,42150;43150;11110,,,,,
f_f002659,east,3,4,0,0,0,0,30,남,6;5;5;3;5;6;6;4,41,26500;27110;11110,,,,,
f_f002660,east,2,21,0,0,0,0,60,남,2;4;2;3;5;3;6;7,27,47820;47770;26500,,,,,
f_f002662,east,2,5,0,0,0,0,40,여,4;6;4;4;4;4;7;4,48,48120;26200;26260,,,,,
f_f002663,east,3,5,0,0,0,0,20,여,1;1;3;2;3;2;5;6,28,50110;42150;44825,,,,,
f_f002665,east,2,1,0,0,0,0,30,남,4;1;6;3;3;5;3;7,27,50130;26500;48240,,,,,
f_f002669,east,3,1,0,0,0,0,20,남,3;3;2;3;2;5;5;3,11,26350;42150;41360,,,,,
f_f002670,east,2,1,0,0,0,0,50,여,2;2;2;6;4;5;6;5,27,50130;47110;11410,,,,,
f_f002674,east,2,1,0,0,0,0,30,여,4;3;3;1;4;5;2;6,26,50110;11710;27260,,,,,
f_f002676,east,3,1,0,0,0,0,30,여,4;1;1;1;7;1;4;6,26,48840;26350;48730,,,,,
f_f002677,east,2,6,0,0,0,0,20,여,6;4;2;1;3;3;6;6,31,26350;42150;50110,,,,,
f_f002683,east,3,1,0,0,0,0,20,남,2;2;5;2;4;5;6;6,11,42150;41460;28110,,,,,
f_f002691,east,3,22,0,0,0,0,30,여,4;4;2;4;2;5;1;6,41,48220;26350;50110,,,,,
f_f002695,east,3,22,0,0,0,0,20,여,5;2;2;2;3;5;3;6,42,42150;26350;50130,,,,,
f_f002697,east,3,1,0,0,0,0,20,여,2;1;2;1;2;4;6;6,11,42210;50110;47130,,,,,
f_f002699,east,3,1,0,0,0,0,20,남,1;1;1;3;5;3;2;1,41,50130;47110;42150,,,,,
f_f002701,east,2,3,0,0,0,0,20,남,6;4;5;3;6;4;4;4,26,26200;47130;27260,,,,,
f_f002704,east,3,2,0,0,0,0,30,남,4;3;2;3;3;5;3;2,26,50110;11230;42110,,,,,
f_f002708,east,2,13,0,0,0,0,60,여,1;4;1;4;3;1;1;6,26,46130;42170;50130,,,,,
f_f002711,east,3,1,0,0,0,0,20,남,2;2;2;4;6;2;2;6,43,50130;50110;42150,,,,,
f_f002715,east,3,11,0,0,0,0,50,남,1;2;1;2;2;2;2;5,43,42750;50110;43800,,,,,
f_f002720,east,3,2,0,0,0,0,20,여,4;3;3;4;5;2;5;5,26,11305;48250;47130,,,,,
f_f002721,east,3,22,0,0,0,0,50,여,1;1;1;1;7;7;7;7,41,45130;42210;42760,,,,,
f_f002728,east,3,6,0,0,0,0,30,여,1;1;1;3;4;3;3;7,41,41110;30200;42210,,,,,
f_f002729,east,3,21,0,0,0,0,30,여,2;2;2;2;6;5;3;6,28,50130;42210;42150,,,,,
f_f002739,east,2,11,0,0,0,0,40,여,2;1;6;4;6;6;1;4,27,44825;46710;47130,,,,,
f_f002742,east,3,2,0,0,0,0,50,여,1;6;6;1;1;1;2;2,41,42210;42730;41830,,,,,
f_f002743,east,2,1,0,0,0,0,50,여,3;3;3;4;5;4;4;4,11,50110;42820;42150,,,,,
f_f002744,east,3,21,0,0,0,0,20,여,1;2;2;2;2;1;4;6,26,47130;11110;31710,,,,,
f_f002756,east,3,1,0,0,0,0,60,남,1;6;6;6;4;4;3;2,27,47830;26350;48310,,,,,
f_f002764,east,3,1,0,0,0,0,20,여,7;1;4;3;2;2;7;6,47,31170;47130;26230,,,,,
f_f002773,east,2,21,0,0,0,0,30,남,5;2;2;6;2;6;5;3,31,47130;44200;26350,,,,,
f_f002783,east,3,22,0,0,0,0,20,여,4;3;3;3;2;3;6;7,28,43800;26350;50110,,,,,
f_f002785,east,3,1,0,0,0,0,30,남,3;1;4;4;4;3;6;7,11,50110;42210;48840,,,,,
f_f002788,east,3,1,0,0,0,0,20,남,2;2;6;2;2;6;7;2,31,50110;26350;30140,,,,,
f_f002790,east,2,22,0,0,0,0,30,여,4;1;6;4;1;4;1;4,27,46130;50130;47830,,,,,
f_f002793,east,3,21,0,0,0,0,20,여,1;1;3;6;4;3;3;7,41,50110;26500;42150,,,,,
f_f002817,east,3,2,0,0,0,0,50,여,4;4;4;4;4;4;4;2,45,11110;41220;44200,,,,,
f_f002818,east,3,13,0,0,0,0,30,여,4;1;1;1;3;4;1;7,41,42150;42210;42830,,,,,
f_f002819,east,2,8,0,0,0,0,50,남,4;6;4;2;4;4;4;4,41,42830;41270;42110,,,,,
f_f002821,east,2,22,0,0,0,0,20,여,5;3;2;2;6;6;6;6,48,26230;11680;50130,,,,,
f_f002827,east,2,13,0,0,0,0,40,여,2;2;2;1;2;6;2;7,27,47130;47230;48890,,,,,
f_f002833,east,3,1,0,0,0,0,20,남,4;1;2;2;3;4;2;4,41,42170;26350;45110,,,,,
f_f002840,east,3,2,0,0,0,0,40,여,4;2;6;4;2;5;3;7,48,26350;26500;46130,,,,,
f_f002843,east,2,3,0,0,0,0,30,여,1;2;3;3;2;3;6;7,47,50110;42150;26350,,,,,
f_f002846,east,2,22,0,0,0,0,20,여,6;4;1;3;6;6;1;7,27,26200;50130;11200,,,,,
f_f002850,east,2,22,0,0,0,0,30,남,1;6;6;6;5;6;7;6,36,26350;47940;42150,,,,,
f_f002855,east,3,12,0,0,0,0,40,여,3;1;4;5;3;6;7;6,31,26710;47130;47170,,,,,
f_f002858,east,2,2,0,0,0,0,30,여,3;4;5;3;2;6;1;5,48,50130;46130;48310,,,,,
f_f002863,east,3,13,0,0,0,0,30,여,2;6;1;4;2;6;2;6,11,42150;26170;50110,,,,,
f_f002865,east,2,12,0,0,0,0,30,남,2;2;2;2;2;2;3;4,26,50110;26710;46130,,,,,
f_f002867,east,3,1,0,0,0,0,40,남,4;7;1;2;1;4;7;2,41,50130;42830;11680,,,,,
f_f002869,east,2,2,0,0,0,0,30,여,3;4;2;4;3;3;4;7,31,50130;46130;31170,,,,,
f_f002872,east,2,11,0,0,0,0,50,여,4;3;2;4;4;4;5;4,26,50130;11440;46150,,,,,
f_f002882,east,2,1,0,0,0,0,20,여,2;2;3;4;3;3;2;6,41,50130;50110;28110,,,,,
f_f002884,east,2,2,0,0,0,0,40,남,1;1;1;1;1;1;1;1,27,42170;27710;26260,,,,,
f_f002885,east,3,22,0,0,0,0,40,여,2;2;2;4;3;3;4;6,30,11680;48310;44150,,,,,
f_f002888,east,2,22,0,0,0,0,40,남,4;5;1;4;2;2;3;6,48,48310;46130;48250,,,,,
f_f002893,east,3,2,0,0,0,0,20,여,7;4;1;3;3;4;5;6,48,50110;11200;42150,,,,,
f_f002899,east,3,12,0,0,0,0,20,남,5;2;5;2;2;6;3;7,48,48250;48840;11680,,,,,
f_f002909,east,3,1,0,0,0,0,30,남,5;1;4;4;5;5;3;6,11,26230;41110;50110,,,,,
f_f002914,east,2,1,0,0,0,0,20,여,2;6;2;3;6;1;6;5,27,50130;47130;11440,,,,,
f_f002920,east,2,1,0,0,0,0,30,여,6;5;6;2;1;6;6;7,27,26350;31170;47720,,,,,
f_f002921,east,2,21,0,0,0,0,60,남,4;5;5;4;6;6;6;4,48,50130;50110;42210,,,,,
f_f002925,east,2,1,0,0,0,0,20,여,3;5;6;5;3;3;5;6,27,42150;26500;47130,,,,,
f_f002933,east,2,1,0,0,0,0,30,여,7;7;5;3;3;4;1;6,27,11440;26500;47130,,,,,
f_f002934,east,2,27,0,0,0,0,40,남,2;2;2;4;2;6;2;3,26,50130;47130;46130,,,,,
f_f002941,east,2,11,0,0,0,0,30,여,2;2;2;3;2;2;5;7,47,47130;27110;48120,,,,,
f_f002946,east,2,24,0,0,0,0,20,여,3;3;3;2;3;3;6;6,27,47130;50110;26500,,,,,
f_f002980,east,3,10,0,0,0,0,50,남,2;5;2;6;3;6;2;5,11,42210;50130;48310,,,,,
f_f003014,east,2,2,0,0,0,0,30,남,2;6;2;6;2;2;6;2,48,48170;48730;48740,,,,,
f_f003086,east,2,1,0,0,0,0,30,여,6;6;2;2;2;4;6;4,48,50130;46150;27110,,,,,
f_f003097,east,2,1,0,0,0,0,30,여,4;4;4;4;4;4;4;4,26,26410;48330;11680,,,,,
f_f003164,east,2,1,0,0,0,0,20,여,4;4;1;4;7;1;1;4,47,47130;27230;11440,,,,,
f_f003168,east,2,21,0,0,0,0,40,여,1;1;1;1;1;1;1;7,27,42720;50130;47130,,,,,
f_f003217,east,2,1,0,0,0,0,40,여,2;6;6;2;2;6;6;6,31,26710;48120;47130,,,,,
f_f003234,east,2,2,0,0,0,0,60,남,2;4;2;6;2;4;4;7,48,48270;48240;48740,,,,,
f_f003237,east,2,22,0,0,0,0,40,남,3;2;2;4;4;3;4;7,42,50110;47130;42210,,,,,
f_f003246,east,2,2,0,0,0,0,50,여,1;7;1;5;2;2;6;2,27,48270;47280;50130,,,,,
f_f003247,east,3,28,0,0,0,0,30,여,2;2;2;2;2;5;2;6,26,48840;46130;48850,,,,,
f_f003252,east,2,1,0,0,0,0,40,여,6;7;6;2;2;6;6;2,47,27140;26710;42150,,,,,
f_f003254,east,2,22,0,0,0,0,40,여,2;2;2;5;6;6;2;5,41,42150;42210;42130,,,,,
f_f003257,east,2,3,0,0,0,0,20,여,2;2;2;3;5;3;3;6,41,50130;42210;48220,,,,,
f_f003258,east,2,22,0,0,0,0,30,남,6;4;6;4;3;6;1;4,26,47130;46130;31170,,,,,
f_f003263,east,2,11,0,0,0,0,30,여,5;2;2;4;5;6;3;6,26,47130;48310;11110,,,,,
f_f003265,east,2,2,0,0,0,0,40,여,5;5;5;3;3;5;5;4,42,50110;11710;42150,,,,,
f_f003310,east,2,2,0,0,0,0,50,여,3;5;3;5;5;5;5;5,11,50130;42170;41290,,,,,
f_f003311,east,2,2,0,0,0,0,40,여,1;1;1;4;4;4;6;2,26,50130;42210;46130,,,,,
f_f003313,east,2,26,0,0,0,0,50,여,1;4;1;5;6;6;3;5,41,42750;43800;43720,,,,,
f_f003330,east,2,12,0,0,0,0,30,여,4;3;3;3;1;6;5;5,28,26350;44200;45130,,,,,
f_f003333,east,2,1,0,0,0,0,30,남,6;2;5;2;3;4;4;5,26,27260;26500;30230,,,,,
f_f003349,east,2,6,0,0,0,0,30,여,4;4;2;1;4;4;5;6,11,42210;50130;41820,,,,,
f_f003354,east,2,22,0,0,0,0,30,여,1;1;7;1;1;5;1;6,27,50110;47110;26110,,,,,
f_f003363,east,2,1,0,0,0,0,30,남,2;2;6;3;2;6;4;7,31,47130;48310;50130,,,,,
f_f003373,east,2,22,0,0,0,0,30,여,1;3;1;3;2;1;1;7,26,48310;48250;48330,,,,,
f_f003385,east,2,1,0,0,0,0,20,남,6;2;2;1;2;2;5;4,48,11470;46130;26500,,,,,
f_f003389,east,2,2,0,0,0,0,40,여,2;2;2;4;2;2;6;6,44,42150;26440;30170,,,,,
f_f003400,east,2,1,0,0,0,0,40,남,6;1;4;1;2;4;7;5,26,48120;27260;50130,,,,,
f_f003410,east,2,1,0,0,0,0,40,여,3;2;1;5;7;4;5;4,27,47130;45110;48220,,,,,
f_f003412,east,2,1,0,0,0,0,50,남,1;1;4;2;1;4;2;4,11,42720;50130;47150,,,,,
f_f003416,east,2,22,0,0,0,0,20,여,2;6;6;6;2;2;5;5,48,27290;26350;50130,,,,,
f_f003418,east,2,10,0,0,0,0,20,여,4;4;4;4;4;4;7;1,26,42210;11110;50110,,,,,
f_f003422,east,2,2,0,0,0,0,20,여,3;2;2;4;4;5;5;7,11,50130;42830;42150,,,,,
f_f003438,east,2,1,0,0,0,0,30,여,2;2;2;1;6;1;1;5,47,41110;11680;27260,,,,,
f_f003442,east,2,2,0,0,0,0,20,남,7;7;1;1;1;1;1;5,41,50130;42150;26440,,,,,
f_f003443,east,2,21,0,0,0,0,20,여,4;4;1;3;5;1;5;4,48,48120;27110;26230,,,,,
f_f003444,east,2,22,0,0,0,0,20,여,4;4;3;2;6;3;6;5,27,26350;30140;42150,,,,,
f_f003447,east,2,12,0,0,0,0,30,여,3;3;2;2;2;3;3;3,47,42150;50130;26350,,,,,
f_f003448,east,2,22,0,0,0,0,40,남,4;1;1;4;5;6;1;7,47,26350;47130;11170,,,,,
f_f003453,east,2,11,0,0,0,0,30,여,3;1;4;2;4;4;7;3,41,50130;50110;26410,,,,,
f_f003454,east,2,27,0,0,0,0,50,여,3;4;2;2;6;2;2;4,11,50130;42210;26350,,,,,
f_f003456,east,2,1,0,0,0,0,20,여,3;2;2;2;2;2;2;3,41,42150;42210;26500,,,,,
f_f003459,east,2,1,0,0,0,0,60,여,4;6;4;6;2;6;5;2,11,50130;42110;41820,,,,,
f_f003460,east,2,22,0,0,0,0,20,여,2;4;2;3;1;3;6;7,27,47110;26350;42210,,,,,
f_f003464,east,2,1,0,0,0,0,60,여,1;1;2;1;4;6;4;6,48,48840;47110;42150,,,,,
f_f003467,east,2,2,0,0,0,0,20,여,2;3;2;3;3;3;3;7,27,27140;11440;41110,,,,,
f_f003471,east,2,1,0,0,0,0,20,남,6;4;2;4;3;4;1;7,47,11680;26500;27110,,,,,
f_f003474,east,2,1,0,0,0,0,20,여,7;5;6;2;1;4;5;2,47,27110;26350;50110,,,,,
f_f003482,east,2,21,0,0,0,0,20,여,2;1;5;2;1;6;1;7,27,42150;50110;26500,,,,,
f_f003486,east,2,21,0,0,0,0,40,남,1;1;1;6;6;1;1;7,26,47130;42210;50110,,,,,
f_f003488,east,2,3,0,0,0,0,20,여,5;7;6;2;4;4;2;7,11,26230;42210;28140,,,,,
f_f003494,east,2,1,0,0,0,0,20,남,6;6;3;4;6;5;3;4,44,11440;30170;44130,,,,,
f_f003495,east,2,2,0,0,0,0,40,여,1;7;7;1;1;7;7;1,30,47190;44710;43110,,,,,
f_f003501,east,2,21,0,0,0,0,40,여,1;4;3;3;1;2;2;7,27,26350;47230;47110,,,,,
f_f003506,east,2,21,0,0,0,0,30,여,2;1;2;2;4;5;1;7,41,42150;50130;11110,,,,,
f_f003512,east,2,1,0,0,0,0,20,여,5;3;5;3;3;5;5;6,27,26500;11560;47130,,,,,
f_f003523,east,2,1,0,0,0,0,30,남,4;4;4;4;4;4;4;4,43,11710;42110;50130,,,,,
f_f003527,east,2,24,0,0,0,0,30,여,6;5;4;2;2;4;2;5,27,47820;26710;47110,,,,,
f_f003529,east,2,27,0,0,0,0,20,남,4;6;3;5;4;4;5;3,26,50110;50130;11680,,,,,
f_f003530,east,2,2,0,0,0,0,30,남,3;2;2;4;1;6;7;5,44,50110;46130;42230,,,,,
f_f003537,east,2,1,0,0,0,0,20,여,6;2;2;4;7;2;3;2,26,26290;31170;11680,,,,,
f_f003547,east,2,1,0,0,0,0,20,남,4;3;3;4;5;4;5;6,27,27110;47290;26350,,,,,
f_f003552,east,2,11,0,0,0,0,40,여,2;6;3;4;6;4;3;5,26,50110;48310;48270,,,,,
f_f003553,east,3,21,0,0,0,0,30,여,1;3;3;4;4;4;2;5,28,50130;42150;26350,,,,,
f_f003557,east,2,1,0,0,0,0,40,여,3;3;4;5;3;5;3;4,41,42150;26350;26710,,,,,
f_f003559,east,2,6,0,0,0,0,30,남,2;1;1;1;1;3;6;1,41,42170;42830;41610,,,,,
f_f003562,east,2,1,0,0,0,0,20,여,3;2;2;4;5;5;6;5,26,50110;26350;48310,,,,,
f_f003563,east,2,12,0,0,0,0,20,여,2;4;2;4;4;4;5;6,48,48730;46710;27710,,,,,
f_f003569,east,2,21,0,0,0,0,40,남,1;2;4;4;4;4;4;4,48,48310;48840;48820,,,,,
f_f003576,east,2,1,0,0,0,0,20,여,6;6;6;3;3;5;5;5,27,27230;26230;47110,,,,,
f_f003581,east,2,1,0,0,0,0,40,여,1;5;1;4;1;1;3;7,27,26350;11530;28110,,,,,
f_f003585,east,2,2,0,0,0,0,40,남,4;4;4;3;2;6;2;6,11,50130;42210;41820,,,,,
f_f003590,east,2,2,0,0,0,0,30,여,2;2;2;1;2;5;6;6,41,41590;42150;26350,,,,,
f_f003594,east,2,12,0,0,0,0,40,남,2;5;6;5;5;6;6;2,27,47130;26350;48250,,,,,
f_f003598,east,2,21,0,0,0,0,50,남,2;6;2;1;6;2;6;6,11,11290;50130;50110,,,,,
f_f003599,east,2,10,0,0,0,0,40,남,4;2;2;3;5;3;2;6,27,47130;26710;42170,,,,,
f_f003603,east,2,22,0,0,0,0,30,남,2;1;3;5;5;5;5;5,31,47130;47110;50110,,,,,
f_f003607,east,2,1,0,0,0,0,40,여,4;4;7;4;4;4;4;1,48,42230;42170;29170,,,,,
f_f003609,east,2,22,0,0,0,0,30,남,3;5;5;3;6;5;3;7,27,27110;47110;47130,,,,,
f_f003611,east,2,12,0,0,0,0,40,남,7;1;7;4;1;7;7;4,11,41360;42170;50110,,,,,
f_f003617,east,2,22,0,0,0,0,30,남,2;5;5;4;4;6;2;5,27,47290;47130;26710,,,,,
f_f003622,east,2,4,0,0,0,0,20,여,3;3;2;4;2;5;7;6,11,26200;42830;50130,,,,,
f_f003623,east,2,1,0,0,0,0,20,남,6;3;6;5;2;5;1;7,27,26710;11230;41820,,,,,
f_f003624,east,2,22,0,0,0,0,30,여,4;5;6;3;3;5;3;6,26,26440;48310;48330,,,,,
f_f003626,east,2,2,0,0,0,0,40,남,2;4;3;3;2;5;3;4,11,41820;42110;43150,,,,,
f_f003628,east,2,1,0,0,0,0,30,여,1;1;1;2;1;1;1;1,48,48310;42150;46130,,,,,
f_f003636,east,2,5,0,0,0,0,20,여,1;1;1;1;4;2;6;1,11,42170;26350;50110,,,,,
f_f003639,east,2,24,0,0,0,0,30,남,4;6;2;5;4;5;6;4,41,11110;41110;41130,,,,,
f_f003640,east,2,1,0,0,0,0,30,남,4;2;1;2;5;6;1;7,48,50110;26350;45110,,,,,
f_f003643,east,2,1,0,0,0,0,30,남,3;3;2;3;2;2;3;2,26,44760;42150;48250,,,,,
f_f003650,east,2,22,0,0,0,0,30,여,2;2;1;1;4;4;4;4,48,48310;26500;46130,,,,,
f_f003651,east,2,10,0,0,0,0,40,남,4;4;5;1;4;5;2;7,48,50110;11680;26350,,,,,
f_f003653,east,2,22,0,0,0,0,30,여,2;6;2;2;2;4;6;7,27,42830;42150;42760,,,,,
f_f003660,east,2,4,0,0,0,0,20,여,5;5;4;5;4;3;4;5,41,27260;47150;41410,,,,,
f_f003665,east,2,22,0,0,0,0,40,남,1;1;1;7;1;1;1;7,26,50130;42150;45110,,,,,
f_f003666,east,2,1,0,0,0,0,20,여,4;3;2;4;6;6;2;6,11,42150;42110;11110,,,,,
f_f003667,east,2,22,0,0,0,0,30,여,1;1;4;4;3;4;1;6,41,42170;42150;42110,,,,,
f_f003672,east,2,1,0,0,0,0,20,여,1;4;1;4;4;1;3;1,48,26350;11680;48330,,,,,
f_f003679,east,2,27,0,0,0,0,40,남,4;1;1;3;2;4;2;5,48,26530;48310;47130,,,,,
f_f003694,east,2,21,0,0,0,0,40,여,1;2;1;3;3;2;3;4,11,50130;42170;42150,,,,,
f_f003695,east,2,28,0,0,0,0,30,남,3;5;4;4;3;4;3;5,47,26500;48270;27710,,,,,
f_f003704,east,2,1,0,0,0,0,40,여,4;6;1;6;6;6;1;5,31,48310;41820;50130,,,,,
f_f003706,east,2,22,0,0,0,0,30,남,3;3;3;2;4;5;3;5,26,46770;46130;48310,,,,,
f_f003715,east,2,3,0,0,0,0,20,여,1;1;1;3;1;3;2;7,11,42830;46130;45140,,,,,
f_f003719,east,2,24,0,0,0,0,60,여,2;2;5;2;1;6;2;4,11,42210;43150;26260,,,,,
f_f003720,east,2,6,0,0,0,0,30,여,2;1;2;4;4;2;2;6,26,47110;47130;11320,,,,,
f_f003729,east,2,1,0,0,0,0,20,남,6;2;1;7;7;2;7;1,48,41170;26410;48330,,,,,
f_f003730,east,2,2,0,0,0,0,50,남,4;1;1;4;7;4;1;1,26,48330;42770;50130,,,,,
f_f003731,east,2,2,0,0,0,0,30,여,2;4;3;2;4;3;3;6,47,47130;42170;50130,,,,,
f_f003732,east,2,12,0,0,0,0,20,여,3;1;2;3;4;4;2;7,27,50130;11680;26350,,,,,
f_f003735,east,2,1,0,0,0,0,30,여,4;5;2;3;6;5;2;5,26,11200;26500;50110,,,,,
f_f003739,east,2,24,0,0,0,0,20,남,6;2;6;4;6;6;1;7,27,27110;26350;47290,,,,,
f_f003742,east,2,21,0,0,0,0,30,남,4;4;4;2;5;4;1;7,44,26230;11200;30200,,,,,
f_f003744,east,2,1,0,0,0,0,30,남,5;5;6;4;5;6;6;5,31,26350;47130;27260,,,,,
f_f003749,east,2,2,0,0,0,0,40,남,2;2;1;6;2;6;1;6,47,26500;46130;42230,,,,,
f_f003750,east,2,11,0,0,0,0,30,남,2;3;5;2;2;6;1;7,41,42150;41270;28710,,,,,
f_f003761,east,2,1,0,0,0,0,30,여,3;5;3;3;5;4;5;5,27,47130;47110;50130,,,,,
f_f003763,east,2,22,0,0,0,0,50,여,1;6;4;1;1;1;6;7,47,27110;26350;47130,,,,,
f_f003765,east,2,2,0,0,0,0,20,여,2;1;1;4;5;2;3;7,11,42110;50110;42150,,,,,
f_f003768,east,2,4,0,0,0,0,30,여,2;4;1;4;5;4;4;1,48,50130;42210;48880,,,,,
f_f003775,east,2,22,0,0,0,0,30,남,3;2;2;4;5;2;2;4,26,42730;48220;48270,,,,,
f_f003788,east,2,6,0,0,0,0,60,남,3;7;5;3;3;5;3;3,48,26500;26350;26200,,,,,
f_f003789,east,2,23,0,0,0,0,20,여,4;1;1;2;4;2;1;7,42,26200;47110;47130,,,,,
f_f003791,east,2,22,0,0,0,0,30,여,5;3;6;4;1;4;2;6,27,11440;47170;26350,,,,,
f_f003796,east,2,6,0,0,0,0,20,남,2;1;4;4;3;4;1;5,11,42150;30200;50110,,,,,
f_f003798,east,2,1,0,0,0,0,30,여,1;2;2;3;6;4;2;3,41,42150;26440;50130,,,,,
f_f003799,east,2,1,0,0,0,0,20,여,4;2;3;5;2;3;5;6,42,42150;42210;41280,,,,,
f_f003804,east,2,4,0,0,0,0,60,여,1;4;1;4;1;1;4;4,48,26260;48250;48850,,,,,
f_f003806,east,2,2,0,0,0,0,30,남,4;4;4;3;5;5;4;2,27,47130;50130;50110,,,,,
f_f003808,east,2,1,0,0,0,0,20,남,6;1;2;3;2;6;2;7,45,11680;26350;28260,,,,,
f_f003811,east,2,1,0,0,0,0,30,남,3;3;3;3;4;3;2;4,26,48310;48250;48270,,,,,
f_f003815,east,2,22,0,0,0,0,30,남,2;4;2;3;2;2;3;2,48,48730;26200;47770,,,,,
f_f003820,east,2,12,0,0,0,0,40,남,2;2;2;6;1;2;2;2,31,31710;26350;47840,,,,,
f_f003827,east,2,28,0,0,0,0,20,여,2;3;2;5;6;2;3;6,43,47280;42210;48890,,,,,
f_f003829,east,2,2,0,0,0,0,30,남,3;3;3;3;3;3;3;3,27,48720;48170;47210,,,,,
f_f003836,east,2,1,0,0,0,0,40,여,4;2;6;3;2;4;1;3,27,47130;30200;50130,,,,,
f_f003837,east,2,1,0,0,0,0,30,여,5;2;2;4;7;6;6;7,31,47130;26350;48330,,,,,
f_f003838,east,2,2,0,0,0,0,30,남,1;2;1;3;1;1;3;4,28,50110;11680;42170,,,,,
f_f003844,east,2,2,0,0,0,0,20,남,1;4;2;3;4;2;6;3,26,48330;31710;48250,,,,,
f_f003848,east,2,10,0,0,0,0,30,여,4;4;3;2;4;3;4;4,26,26710;48310;50110,,,,,
f_f003849,east,2,5,0,0,0,0,50,남,4;4;1;4;7;1;1;7,48,48120;48250;26350,,,,,
f_f003854,east,2,10,0,0,0,0,30,여,1;1;1;2;4;3;1;2,48,48270;48310;26710,,,,,
f_f003857,east,2,12,0,0,0,0,30,남,4;2;4;2;4;6;5;5,27,26350;47110;47130,,,,,
f_f003863,east,2,1,0,0,0,0,40,남,4;4;1;1;1;4;3;7,11,42150;50130;50110,,,,,
f_f003868,east,2,22,0,0,0,0,40,여,3;7;7;5;1;7;5;3,48,27290;26710;29170,,,,,
f_f003872,east,2,1,0,0,0,0,60,여,2;2;2;4;4;3;2;4,47,47130;26710;50130,,,,,
f_f003880,east,2,2,0,0,0,0,50,남,2;4;4;3;3;3;3;5,11,42150;41290;50110,,,,,
f_f003885,east,2,11,0,0,0,0,50,여,1;1;1;4;4;1;3;7,48,46130;48220;26350,,,,,
f_f003904,east,2,2,0,0,0,0,60,남,1;5;4;6;2;4;2;3,48,46130;26350;41110,,,,,
f_f003906,east,2,4,0,0,0,0,30,남,6;5;4;4;5;4;3;4,31,26350;47130;48330,,,,,
f_f003913,east,3,2,0,0,0,0,40,남,4;1;3;2;5;3;5;7,41,42110;41820;42760,,,,,
f_f003916,east,3,1,0,0,0,0,30,남,4;1;3;4;4;4;6;4,26,50110;50130;48310,,,,,
f_f003926,east,3,21,0,0,0,0,20,여,6;2;4;2;1;4;6;5,48,11680;27260;26350,,,,,
f_f003928,east,3,1,0,0,0,0,40,여,2;7;5;2;2;5;5;6,48,48310;42170;50130,,,,,
f_f003931,east,3,22,0,0,0,0,20,여,2;2;2;5;6;3;2;6,11,42830;41270;26140,,,,,
f_f003942,east,3,1,0,0,0,0,40,남,5;2;6;3;3;5;5;5,28,41480;42210;50130,,,,,
f_f003949,east,3,12,0,0,0,0,60,남,2;5;2;4;6;3;3;4,41,42820;50130;44810,,,,,
f_f003958,east,3,1,0,0,0,0,20,여,4;1;2;2;3;4;6;7,28,26350;50110;42150,,,,,
f_f003966,east,3,1,0,0,0,0,20,여,4;1;6;3;5;5;2;6,41,50110;42150;28110,,,,,
f_f004010,east,2,11,0,0,0,0,40,여,2;5;4;4;6;3;3;6,48,48270;26350;48250,,,,,
f_f004020,east,3,1,0,0,0,0,30,여,6;2;3;3;3;2;3;6,11,42110;50130;26350,,,,,
f_f004029,east,3,10,0,0,0,0,40,여,2;2;2;2;4;2;3;3,30,41280;26350;46130,,,,,
f_f004030,east,3,1,0,0,0,0,30,남,4;4;3;2;6;2;6;7,41,42150;50130;11140,,,,,
f_f004045,east,2,1,0,0,0,0,40,남,4;4;4;4;4;4;4;4,42,50110;27170;26500,,,,,
f_f004047,east,3,24,0,0,0,0,50,남,1;7;6;7;2;6;3;6,47,47110;47130;26350,,,,,
f_f004048,east,3,10,0,0,0,0,50,남,2;6;3;2;2;4;7;2,27,47730;26290;48740,,,,,
f_f004050,east,3,11,0,0,0,0,40,여,1;3;4;3;5;6;6;4,11,42150;41820;28710,,,,,
f_f004051,east,3,5,0,0,0,0,40,남,6;2;6;1;2;6;6;6,11,42830;50110;42820,,,,,
f_f004052,east,3,21,0,0,0,0,20,여,3;1;2;2;2;3;2;7,11,42150;42820;41360,,,,,
f_f004069,east,3,28,0,0,0,0,40,여,1;1;2;1;1;1;1;4,11,50130;42760;46130,,,,,
f_f004070,east,3,1,0,0,0,0,40,여,3;2;3;3;4;6;3;6,48,26350;47130;11680,,,,,
f_f004085,east,3,1,0,0,0,0,50,여,2;1;2;5;6;2;1;7,41,50130;42150;31110,,,,,
f_f004089,east,3,2,0,0,0,0,30,여,1;1;2;6;4;3;5;6,11,48220;42820;48840,,,,,
f_f004092,east,2,25,0,0,0,0,60,남,2;4;4;3;2;3;3;5,27,50130;50110;41830,,,,,
f_f004106,east,3,22,0,0,0,0,30,여,4;3;2;4;3;5;3;7,41,41650;41820;42760,,,,,
f_f004107,east,3,21,0,0,0,0,20,여,4;2;1;5;6;2;3;2,43,11110;26350;30140,,,,,
f_f004110,east,3,22,0,0,0,0,20,여,5;6;2;2;4;4;3;5,41,26170;30140;50110,,,,,
f_f004116,east,2,1,0,0,0,0,20,여,2;2;3;3;6;5;1;7,41,50110;42150;26350,,,,,
f_f004118,east,3,1,0,0,0,0,40,남,4;5;5;3;4;5;5;5,41,42760;44180;41480,,,,,
f_f004122,east,3,1,0,0,0,0,40,여,4;3;2;2;3;3;3;4,41,42210;46130;43760,,,,,
f_f004123,east,3,1,0,0,0,0,20,여,4;1;6;1;1;4;3;6,11,27200;47190;26350,,,,,
f_f004134,east,3,1,0,0,0,0,50,남,4;2;3;2;2;2;2;4,41,50110;50130;42210,,,,,
f_f004140,east,3,1,0,0,0,0,20,여,2;3;2;1;2;1;7;6,11,11740;41450;50110,,,,,
f_f004159,east,3,1,0,0,0,0,30,여,6;1;1;6;4;1;1;5,26,47130;30110;11110,,,,,
f_f004166,east,3,1,0,0,0,0,30,여,2;2;2;2;2;2;3;3,27,26350;50110;26530,,,,,
f_f004171,east,3,2,0,0,0,0,60,남,2;2;3;3;4;4;3;6,11,50130;42820;47940,,,,,
f_f004173,east,3,22,0,0,0,0,20,여,2;2;2;4;6;3;2;7,11,26710;44180;48740,,,,,
f_f004176,east,3,22,0,0,0,0,20,여,4;1;1;1;4;4;6;7,11,50130;42150;26350,,,,,
f_f004178,east,3,1,0,0,0,0,60,남,1;3;3;4;5;2;2;7,41,42210;42820;42770,,,,,
f_f004187,east,3,22,0,0,0,0,40,여,2;1;1;3;2;2;3;5,11,26230;42150;11110,,,,,
f_f004191,east,3,1,0,0,0,0,20,여,4;1;6;2;2;3;3;7,27,27110;26500;47130,,,,,
f_f004192,east,2,1,0,0,0,0,30,여,4;3;7;3;4;4;5;5,27,47130;42210;26230,,,,,
f_f004193,east,3,1,0,0,0,0,60,여,2;2;2;2;2;3;6;6,11,48250;48310;41650,,,,,
f_f004199,east,2,1,0,0,0,0,20,여,2;6;2;2;6;2;1;7,41,42150;41110;11215,,,,,
f_f004200,east,3,2,0,0,0,0,40,남,4;1;4;1;4;7;1;7,11,42210;42150;11290,,,,,
f_f004209,east,3,22,0,0,0,0,20,남,2;3;1;3;2;1;5;5,28,48220;26350;42210,,,,,
f_f004213,east,3,2,0,0,0,0,60,여,2;2;1;3;4;6;2;7,11,42150;41820;46770,,,,,
f_f004216,east,3,2,0,0,0,0,20,남,2;2;6;6;7;2;7;2,11,26350;48310;48120,,,,,
f_f004222,east,3,22,0,0,0,0,30,여,1;5;2;3;3;3;6;7,27,42750;50130;11305,,,,,
f_f004244,east,3,21,0,0,0,0,40,남,1;1;2;4;7;4;6;1,41,42210;41390;45790,,,,,
f_f004249,east,2,2,0,0,0,0,30,남,7;2;6;7;7;7;2;1,44,42150;42720;42110,,,,,
f_f004252,east,3,21,0,0,0,0,40,남,5;4;5;2;4;5;4;6,41,41670;26350;27110,,,,,
f_f004253,east,3,12,0,0,0,0,40,여,4;4;4;4;6;3;6;6,27,26500;11440;47130,,,,,
f_f004255,east,3,21,0,0,0,0,60,남,3;4;4;3;3;4;4;5,27,50130;26350;46130,,,,,
f_f004258,east,2,24,0,0,0,0,40,남,1;2;3;4;2;1;1;7,41,42210;26350;41670,,,,,
f_f004272,east,3,1,0,0,0,0,30,남,7;1;1;2;1;6;5;2,11,26320;41820;42150,,,,,
f_f004276,east,3,1,0,0,0,0,20,여,3;3;1;3;6;4;5;7,47,26350;42830;50110,,,,,
f_f004277,east,3,10,0,0,0,0,40,여,1;7;4;3;4;5;4;5,48,42770;48310;26710,,,,,
f_f004291,east,2,21,0,0,0,0,60,남,3;6;3;3;2;3;1;1,11,41360;46730;41570,,,,,
f_f004308,east,3,1,0,0,0,0,20,여,3;1;1;2;3;5;2;7,11,50130;26110;42210,,,,,
f_f004311,east,3,22,0,0,0,0,40,여,6;2;6;2;2;4;2;2,11,42150;50110;45110,,,,,
f_f004312,east,3,22,0,0,0,0,20,여,1;2;2;3;1;2;6;7,43,43770;41130;46130,,,,,
f_f004375,east,3,2,0,0,0,0,20,남,3;1;2;2;7;6;2;7,44,50130;26500;11680,,,,,
f_f004376,east,3,21,0,0,0,0,40,남,1;4;7;5;6;3;6;1,28,44825;44270;42820,,,,,
f_f004380,east,3,1,0,0,0,0,50,남,4;4;4;4;4;4;4;4,48,11680;50110;42150,,,,,
f_f004381,east,3,11,0,0,0,0,40,남,1;1;1;1;1;1;1;7,47,42150;11290;50130,,,,,
f_f004383,east,2,1,0,0,0,0,40,여,1;1;1;2;2;2;3;5,47,42150;48720;41110,,,,,
f_f004385,east,3,1,0,0,0,0,30,여,4;1;4;3;4;4;2;6,47,26500;50130;11440,,,,,
f_f004389,east,3,22,0,0,0,0,30,여,4;1;1;4;6;5;2;6,41,42150;26350;45140,,,,,
f_f004393,east,3,4,0,0,0,0,30,여,2;6;2;3;6;4;6;3,11,41130;42820;11560,,,,,
f_f004395,east,3,1,0,0,0,0,20,남,2;4;1;4;2;2;7;4,11,42150;26350;11710,,,,,
f_f004396,east,3,22,0,0,0,0,30,여,2;2;4;5;2;3;6;2,41,42150;44180;41270,,,,,
f_f004415,east,3,21,0,0,0,0,20,남,3;4;2;3;3;2;3;3,47,42210;47110;48310,,,,,
f_f004420,east,3,11,0,0,0,0,20,여,3;1;4;4;2;4;4;5,11,50130;42150;41360,,,,,
f_f004423,east,3,23,0,0,0,0,40,여,4;1;1;1;4;4;4;7,41,26500;50110;46900,,,,,
f_f004428,east,3,21,0,0,0,0,20,남,1;1;1;1;1;1;7;2,11,11140;26290;46820,,,,,
f_f004440,east,3,1,0,0,0,0,20,여,5;6;3;2;5;6;2;3,27,26110;27110;47110,,,,,
f_f004441,east,3,2,0,0,0,0,20,남,4;1;5;4;6;4;5;2,43,47130;50110;50130,,,,,
f_f004448,east,3,22,0,0,0,0,50,남,3;3;5;4;4;4;4;3,47,26350;42760;50110,,,,,
f_f004449,east,2,12,0,0,0,0,60,여,1;1;1;2;6;5;1;5,26,48330;31710;48730,,,,,
f_f004461,east,3,22,0,0,0,0,20,여,6;1;1;1;6;1;1;3,11,42150;47130;26350,,,,,
f_f004462,east,3,10,0,0,0,0,40,남,4;2;4;4;3;6;1;2,28,50110;50130;42210,,,,,
f_f004464,east,3,11,0,0,0,0,40,여,1;6;6;4;6;4;1;7,41,41290;42830;41270,,,,,
f_f004465,east,3,2,0,0,0,0,30,남,2;2;1;3;2;2;6;6,48,26710;48310;47130,,,,,
f_f004466,east,3,1,0,0,0,0,20,남,4;1;2;3;5;2;2;5,48,46150;26350;50110,,,,,
f_f004471,east,3,2,0,0,0,0,20,남,7;2;4;2;4;5;1;7,11,50110;42150;29170,,,,,
f_f004484,east,3,10,0,0,0,0,40,남,5;3;5;3;3;3;5;4,31,27230;47130;26350,,,,,
f_f004488,east,3,22,0,0,0,0,20,여,1;1;1;4;4;4;1;7,41,50130;26500;47190,,,,,
f_f004489,east,3,11,0,0,0,0,30,여,6;2;3;2;4;2;4;6,11,50130;26350;47130,,,,,
f_f004498,east,3,21,0,0,0,0,30,여,2;2;1;1;1;1;1;3,28,50130;42150;42750,,,,,
f_f004506,east,3,1,0,0,0,0,50,남,2;2;2;2;2;2;3;3,46,42150;42110;50130,,,,,
f_f004510,east,3,27,0,0,0,0,30,남,1;1;1;1;4;1;2;7,41,42170;46810;41820,,,,,
f_f004513,east,3,1,0,0,0,0,30,남,5;5;4;6;6;6;5;3,31,42210;47130;41830,,,,,
f_f004515,east,2,22,0,0,0,0,50,여,3;3;3;6;4;4;3;6,31,47130;26710;47110,,,,,
f_f004516,east,3,10,0,0,0,0,30,남,1;1;1;3;6;2;6;5,41,41650;41480;42230,,,,,
f_f004518,east,3,21,0,0,0,0,20,여,2;1;2;4;4;2;6;6,41,42170;46130;48240,,,,,
f_f004519,east,2,10,0,0,0,0,30,여,3;2;6;3;2;6;5;3,31,26710;27260;47130,,,,,
f_f004522,east,3,22,0,0,0,0,60,남,2;2;2;4;3;3;3;4,28,31110;28237;50130,,,,,
f_f004523,east,3,2,0,0,0,0,30,남,4;2;1;3;4;2;6;5,11,26200;50110;42210,,,,,
f_f004524,east,3,1,0,0,0,0,20,여,3;1;1;2;1;2;3;6,27,50130;26350;47110,,,,,
f_f004526,east,3,21,0,0,0,0,40,여,4;3;5;2;3;5;6;7,28,50130;42150;26350,,,,,
f_f004533,east,3,2,0,0,0,0,30,남,2;2;3;2;2;6;3;2,41,42830;47250;11680,,,,,
f_f004534,east,2,10,0,0,0,0,40,여,4;4;3;3;3;3;3;3,47,48220;11680;27260,,,,,
f_f004535,east,3,1,0,0,0,0,40,여,2;6;2;2;4;4;2;7,27,47130;26710;47720,,,,,
f_f004556,east,2,1,0,0,0,0,30,남,3;2;4;5;5;4;6;2,48,50130;26290;26230,,,,,
f_f004557,east,3,23,0,0,0,0,40,여,3;2;2;1;2;5;2;4,30,26350;45110;42110,,,,,
f_f004558,east,3,2,0,0,0,0,20,여,4;1;1;5;6;6;7;7,41,26350;27260;47110,,,,,
f_f004561,east,3,22,0,0,0,0,20,여,1;1;4;2;2;4;5;6,26,47130;42830;48310,,,,,
f_f004562,east,3,1,0,0,0,0,30,남,5;3;2;2;1;1;1;1,26,50110;31140;30110,,,,,
f_f004569,east,2,21,0,0,0,0,40,남,1;1;1;1;7;7;7;7,48,48330;47130;26350,,,,,
f_f004572,east,2,21,0,0,0,0,30,남,2;3;6;3;2;1;6;7,27,48890;42750;26710,,,,,
f_f004577,east,2,1,0,0,0,0,50,남,3;5;5;5;3;5;5;5,47,50110;42170;47170,,,,,
f_f004578,east,3,1,0,0,0,0,20,여,5;5;3;1;6;5;6;6,36,11650;43110;30140,,,,,
f_f004582,east,3,1,0,0,0,0,20,남,2;2;2;3;2;6;2;5,11,50130;42210;26350,,,,,
f_f004585,east,3,22,0,0,0,0,20,여,2;3;2;5;2;1;6;6,28,28200;42150;50130,,,,,
f_f004588,east,3,2,0,0,0,0,60,여,4;2;1;2;4;2;2;3,43,50130;42150;48310,,,,,
f_f004590,east,3,22,0,0,0,0,20,여,2;1;3;4;5;4;4;7,41,42170;42150;42210,,,,,
f_f004608,east,3,22,0,0,0,0,20,여,2;2;3;4;3;4;3;4,11,42150;50110;26350,,,,,
f_f004621,east,2,24,0,0,0,0,20,남,4;4;1;2;2;1;7;3,29,11680;50130;26350,,,,,
f_f004628,east,2,12,0,0,0,0,60,여,2;7;2;2;2;3;5;6,47,26230;48220;45110,,,,,
f_f004633,east,3,1,0,0,0,0,20,여,4;1;3;3;4;4;6;3,47,50130;50110;11110,,,,,
f_f004642,east,3,2,0,0,0,0,30,남,2;2;1;3;3;6;6;6,41,42760;28110;44210,,,,,
f_f004645,east,3,2,0,0,0,0,50,남,2;2;2;5;3;6;2;2,11,42210;45130;28710,,,,,
f_f004648,east,3,12,0,0,0,0,40,남,2;2;2;4;2;2;4;6,41,46130;41190;45140,,,,,
f_f004649,east,2,1,0,0,0,0,20,남,2;6;2;2;2;2;2;6,11,42210;48850;26260,,,,,
f_f004650,east,2,1,0,0,0,0,60,여,3;2;2;1;2;2;2;7,27,48250;47290;47130,,,,,
f_f004659,east,3,26,0,0,0,0,20,여,5;3;3;3;2;2;3;6,48,50110;42210;11680,,,,,
f_f004660,east,3,22,0,0,0,0,30,남,3;3;3;5;3;5;4;5,44,44130;42230;44825,,,,,
f_f004661,east,2,3,0,0,0,0,50,여,1;7;4;5;1;6;1;7,47,26350;47130;47110,,,,,
f_f004691,east,3,12,0,0,0,0,20,여,4;2;2;4;4;4;5;5,11,50110;42750;47130,,,,,
f_f004694,east,3,22,0,0,0,0,20,여,4;1;1;5;7;5;1;6,47,26500;46130;11440,,,,,
f_f004696,east,2,2,0,0,0,0,40,여,4;6;4;4;6;4;3;6,11,46130;26350;42830,,,,,
f_f004698,east,3,22,0,0,0,0,20,여,6;2;4;2;1;4;7;2,41,42210;11680;42830,,,,,
f_f004702,east,2,2,0,0,0,0,20,남,4;4;2;6;6;4;2;5,27,27110;26350;47290,,,,,
f_f004706,east,2,1,0,0,0,0,20,여,3;4;3;6;4;5;6;7,41,42150;11710;26350,,,,,
f_f004709,east,2,22,0,0,0,0,30,여,6;1;1;4;7;5;5;6,27,47130;30140;26350,,,,,
f_f004710,east,2,5,0,0,0,0,40,여,2;4;2;3;6;4;6;4,27,47130;46130;42230,,,,,
f_f004715,east,3,21,0,0,0,0,30,여,3;3;2;6;6;2;3;7,41,42150;42830;50130,,,,,
f_f004718,east,3,4,0,0,0,0,40,여,4;4;2;4;4;4;4;4,11,41130;50130;42170,,,,,
f_f004729,east,2,1,0,0,0,0,20,여,4;4;1;1;7;1;7;7,48,46110;11650;26140,,,,,
f_f004732,east,3,1,0,0,0,0,20,남,1;1;1;6;1;1;7;6,11,50110;50130;42150,,,,,
f_f004742,east,3,2,0,0,0,0,20,여,4;2;4;2;4;4;2;6,44,50130;42150;26350,,,,,
f_f004744,east,2,1,0,0,0,0,30,여,1;1;4;1;4;7;4;5,42,50110;42720;26140,,,,,
f_f004747,east,3,2,0,0,0,0,30,여,2;5;2;3;6;6;6;5,27,47130;45110;26500,,,,,
f_f004754,east,3,1,0,0,0,0,20,여,6;4;3;3;2;3;1;7,11,42150;47110;45110,,,,,
f_f004759,east,2,11,0,0,0,0,40,남,5;6;6;2;2;6;5;2,11,41820;50110;42110,,,,,
f_f004766,east,3,6,0,0,0,0,20,여,4;3;3;2;6;5;2;7,41,26380;50130;42150,,,,,
f_f004767,east,2,13,0,0,0,0,40,남,1;3;2;6;4;7;1;2,42,42150;42210;41280,,,,,
f_f004770,east,2,26,0,0,0,0,50,여,2;6;3;1;2;1;2;3,41,44760;45800;42210,,,,,
f_f004778,east,3,21,0,0,0,0,20,여,6;2;2;5;5;3;6;4,48,26230;41110;31140,,,,,
f_f004782,east,3,12,0,0,0,0,30,남,3;2;2;4;1;2;6;6,26,50110;11440;46890,,,,,
f_f004790,east,2,13,0,0,0,0,20,여,3;2;3;4;2;3;5;2,47,42150;31170;47850,,,,,
f_f004793,east,3,21,0,0,0,0,20,여,4;3;4;3;2;4;1;4,11,26350;41830;41270,,,,,
f_f004797,east,3,1,0,0,0,0,60,남,1;2;5;6;6;2;2;3,41,42720;42210;43130,,,,,
f_f004800,east,3,1,0,0,0,0,20,여,1;1;2;2;2;5;2;7,41,26350;46130;46150,,,,,
f_f004801,east,3,13,0,0,0,0,40,남,4;4;4;4;4;4;4;4,27,26170;11680;29155,,,,,
f_f004805,east,3,21,0,0,0,0,30,남,4;1;2;4;6;3;7;7,11,47130;45110;47930,,,,,
f_f004809,east,2,12,0,0,0,0,60,여,2;2;2;3;2;4;2;2,11,41360;42210;50130,,,,,
f_f004813,east,2,12,0,0,0,0,20,남,6;2;1;3;2;2;6;6,27,47820;50130;50110,,,,,
f_f004815,east,3,1,0,0,0,0,40,남,1;1;1;1;6;4;6;6,41,42830;42150;28110,,,,,
f_f004817,east,3,22,0,0,0,0,20,남,4;1;1;2;7;1;7;7,41,42210;26140;50130,,,,,
f_f004821,east,2,6,0,0,0,0,60,남,4;4;4;4;5;3;3;6,47,47110;47280;47770,,,,,
f_f004826,east,2,4,0,0,0,0,20,남,3;2;4;3;3;2;4;4,11,42150;42130;41190,,,,,
f_f004829,east,3,3,0,0,0,0,20,여,3;1;1;7;7;1;1;7,41,26290;50130;27290,,,,,
f_f004831,east,3,1,0,0,0,0,20,여,3;2;2;5;3;3;2;4,27,47280;42760;47130,,,,,
f_f004836,east,3,1,0,0,0,0,20,여,2;1;1;5;2;3;6;4,11,11680;42150;44230,,,,,
f_f004840,east,2,12,0,0,0,0,20,남,4;3;4;2;3;4;3;4,47,50110;30170;26350,,,,,
f_f004853,east,2,22,0,0,0,0,20,여,4;1;1;1;1;7;1;5,26,50130;47130;11680,,,,,
f_f004863,east,3,1,0,0,0,0,20,여,2;1;2;3;2;4;1;7,44,50110;50130;26110,,,,,
f_f004875,east,2,1,0,0,0,0,50,여,2;6;2;3;3;3;3;4,27,47290;47110;26260,,,,,
f_f004876,east,3,12,0,0,0,0,20,여,2;4;1;4;5;3;2;6,41,11110;41360;42150,,,,,
f_f004878,east,3,11,0,0,0,0,60,남,2;4;4;3;2;4;3;3,47,47820;48870;48840,,,,,
f_f004879,east,3,9,0,0,0,0,30,여,4;2;2;1;3;2;2;6,11,50130;50110;26350,,,,,
f_f004888,east,2,1,0,0,0,0,20,남,7;1;5;1;1;7;7;7,27,11680;50110;26350,,,,,
f_f004890,east,3,1,0,0,0,0,40,여,2;2;4;4;6;5;2;5,36,45110;42760;44180,,,,,
f_f004892,east,3,1,0,0,0,0,20,여,2;1;5;3;4;5;2;6,47,26350;11560;50130,,,,,
f_f004894,east,3,21,0,0,0,0,20,남,3;3;3;5;3;3;6;3,11,41460;42720;42150,,,,,
f_f004895,east,3,2,0,0,0,0,30,남,3;2;3;2;4;4;3;5,44,42150;45130;11170,,,,,
f_f004903,east,3,1,0,0,0,0,60,남,1;2;1;4;2;7;3;6,47,50110;42130;46730,,,,,
f_f004911,east,2,1,0,0,0,0,20,여,2;1;5;2;2;2;6;6,48,42150;42820;42170,,,,,
f_f004919,east,3,1,0,0,0,0,30,남,2;3;4;2;5;5;6;4,26,11680;50130;47130,,,,,
f_f004929,east,3,24,0,0,0,0,50,남,4;3;4;7;1;7;2;6,11,42110;42150;41360,,,,,
f_f004934,east,3,1,0,0,0,0,30,남,3;2;2;4;3;4;3;5,11,42720;42150;41820,,,,,
f_f004939,east,3,2,0,0,0,0,40,남,6;5;5;5;3;6;5;2,11,42170;42110;26350,,,,,
f_f004972,east,2,11,0,0,0,0,20,여,6;1;1;1;4;6;1;3,47,42150;50130;27110,,,,,
f_f005002,east,3,13,0,0,0,0,30,남,2;2;1;4;7;5;2;3,42,11680;42150;42210,,,,,
f_f005003,east,3,22,0,0,0,0,20,여,1;7;4;5;1;4;6;7,31,47130;26710;11230,,,,,
f_f005005,east,3,1,0,0,0,0,50,남,2;4;6;3;3;2;6;3,27,47130;26350;48270,,,,,
f_f005006,east,2,13,0,0,0,0,30,여,1;4;1;5;5;2;2;6,27,46730;47940;42190,,,,,
f_f005013,east,2,10,0,0,0,0,50,여,3;1;1;4;5;3;3;4,31,42210;42150;47130,,,,,
f_f005016,east,3,21,0,0,0,0,30,남,2;2;1;4;3;2;5;6,31,42150;11710;50110,,,,,
f_f005019,east,3,2,0,0,0,0,30,여,4;1;4;4;5;2;6;6,41,50130;28177;46130,,,,,
f_f005035,east,2,1,0,0,0,0,60,여,1;2;4;4;4;4;2;4,26,48840;48860;47130,,,,,
f_f005048,east,3,1,0,0,0,0,20,여,4;3;3;5;3;4;5;5,41,42150;42830;26350,,,,,
f_f005052,east,3,1,0,0,0,0,20,남,7;1;1;7;5;1;7;1,11,41360;41820;42210,,,,,
f_f005053,east,3,22,0,0,0,0,30,남,2;3;2;2;5;3;5;5,26,50110;48850;50130,,,,,
f_f005054,east,3,2,0,0,0,0,20,남,2;1;1;6;5;1;1;7,27,26380;47130;11440,,,,,
f_f005058,east,3,22,0,0,0,0,40,여,4;4;1;5;5;3;5;4,27,47130;26350;42150,,,,,
f_f005064,east,3,10,0,0,0,0,40,여,2;2;3;2;2;3;2;3,41,42210;42130;41570,,,,,
f_f005080,east,3,1,0,0,0,0,30,여,1;1;2;2;7;7;1;7,46,11230;26350;50110,,,,,
f_f005085,east,3,1,0,0,0,0,20,남,3;3;2;4;4;3;7;6,48,48250;26260;27170,,,,,
f_f005090,east,3,22,0,0,0,0,20,여,2;2;1;1;1;3;2;4,41,26500;50110;11440,,,,,
f_f005092,east,2,1,0,0,0,0,40,여,4;4;4;4;4;4;4;4,26,47130;11560;48310,,,,,
f_f005104,east,3,2,0,0,0,0,30,여,3;1;1;3;4;6;6;7,41,50110;42150;26440,,,,,
f_f005106,east,3,26,0,0,0,0,30,남,4;1;1;5;3;1;7;1,27,26500;11680;11440,,,,,
f_f005114,east,2,22,0,0,0,0,20,여,3;5;3;2;5;5;2;6,11,41820;45110;26350,,,,,
f_f005129,east,3,2,0,0,0,0,20,남,1;1;1;4;2;3;7;2,30,50110;47940;48220,,,,,
f_f005135,east,3,10,0,0,0,0,50,남,2;4;2;4;3;2;4;2,41,44210;42210;41590,,,,,
f_f005141,east,3,21,0,0,0,0,40,남,1;1;1;6;3;4;1;2,11,41460;48840;50130,,,,,
f_f005156,east,3,2,0,0,0,0,50,여,1;1;5;6;2;5;2;5,11,42210;42750;41820,,,,,
f_f005169,east,3,21,0,0,0,0,20,여,5;2;4;3;2;3;7;1,11,42830;50130;26350,,,,,
f_f005185,east,2,12,0,0,0,0,30,남,2;1;4;3;3;3;7;5,28,42110;50130;26500,,,,,
f_f005195,east,2,2,0,0,0,0,30,여,1;1;6;2;2;3;2;2,27,47130;48310;47230,,,,,
f_f005197,east,2,1,0,0,0,0,20,여,2;2;2;2;2;3;3;6,11,50110;42210;42150,,,,,
f_f005206,east,3,2,0,0,0,0,30,여,1;1;1;3;1;1;1;1,41,47110;50130;26500,,,,,
f_f005212,east,3,3,0,0,0,0,20,남,4;2;4;3;2;6;1;3,41,42830;50130;28720,,,,,
f_f005214,east,2,1,0,0,0,0,20,여,3;2;2;2;5;5;7;4,48,26230;11230;27140,,,,,
f_f005220,east,3,1,0,0,0,0,50,남,3;3;2;3;5;4;2;4,26,47130;48840;48310,,,,,
f_f005221,east,2,24,0,0,0,0,30,남,2;5;3;3;3;3;3;5,27,26350;47110;27290,,,,,
f_f005240,east,3,3,0,0,0,0,40,여,1;4;7;7;7;1;7;1,41,42210;43720;44200,,,,,
f_f005244,east,3,1,0,0,0,0,20,여,2;3;2;2;2;3;4;4,27,26710;42150;47130,,,,,
f_f005248,east,3,23,0,0,0,0,20,남,4;3;3;2;1;5;4;5,11,42150;41170;50130,,,,,
f_f005252,east,3,11,0,0,0,0,40,남,5;2;6;6;1;5;6;2,11,48840;41650;42830,,,,,
f_f005255,east,3,10,0,0,0,0,20,여,2;2;2;1;2;2;2;7,47,26500;50130;47820,,,,,
f_f005261,east,3,21,0,0,0,0,20,남,4;4;4;4;4;4;4;4,41,50110;26290;41110,,,,,
f_f005268,east,2,2,0,0,0,0,30,여,2;7;1;2;1;7;1;7,11,50130;42150;26350,,,,,
f_f005269,east,3,1,0,0,0,0,20,여,4;1;5;3;4;3;7;4,26,27110;47130;48220,,,,,
f_f005274,east,3,1,0,0,0,0,20,여,5;1;1;5;7;7;1;7,48,26290;26500;11230,,,,,
f_f005275,east,3,13,0,0,0,0,30,남,2;2;2;6;6;7;7;7,41,50130;41820;42830,,,,,
f_f005279,east,2,1,0,0,0,0,20,남,6;2;4;3;2;3;7;3,48,11440;48220;31140,,,,,
f_f005280,east,3,22,0,0,0,0,30,여,1;3;2;2;2;4;3;6,41,42150;42230;42210,,,,,
f_f005281,east,3,22,0,0,0,0,30,남,4;2;5;4;3;5;6;5,11,27290;42150;47130,,,,,
f_f005291,east,3,3,0,0,0,0,30,남,3;2;2;1;4;5;5;6,41,50130;26200;42210,,,,,
f_f005296,east,3,12,0,0,0,0,20,남,5;2;2;3;3;4;2;6,41,50130;43800;42150,,,,,
f_f005301,east,3,1,0,0,0,0,20,남,4;5;4;4;5;5;3;6,30,42150;26290;41820,,,,,
f_f005302,east,2,1,0,0,0,0,30,여,3;3;2;5;4;5;4;6,47,48840;47930;46710,,,,,
f_f005316,east,3,21,0,0,0,0,60,여,2;4;4;3;2;4;2;2,11,50130;42210;28710,,,,,
f_f005320,east,3,22,0,0,0,0,40,여,1;3;1;3;3;4;3;6,11,50130;42210;26710,,,,,
f_f005325,east,2,2,0,0,0,0,40,여,2;4;2;6;2;6;6;6,48,41460;42230;48820,,,,,
f_f005333,east,2,2,0,0,0,0,20,여,7;1;7;1;1;1;7;7,47,47130;47110;47280,,,,,
f_f005334,east,3,23,0,0,0,0,20,남,6;1;6;1;6;7;2;7,28,42150;11440;26350,,,,,
f_f005337,east,3,2,0,0,0,0,60,남,2;2;3;1;2;6;2;6,11,42170;43740;41650,,,,,
f_f005341,east,3,1,0,0,0,0,30,여,4;2;1;2;2;2;5;4,11,27230;50110;26500,,,,,
f_f005348,east,2,24,0,0,0,0,50,남,2;6;1;4;5;2;2;5,11,41630;42150;41360,,,,,
f_f005350,east,3,21,0,0,0,0,20,남,2;2;5;5;5;5;2;7,27,26500;50130;11170,,,,,
f_f005351,east,3,21,0,0,0,0,30,여,2;3;1;2;1;2;1;6,41,42110;50130;26350,,,,,
f_f005365,east,3,3,0,0,0,0,30,여,3;4;1;4;1;1;6;5,30,50130;26500;42150,,,,,
f_f005368,east,3,1,0,0,0,0,20,여,4;2;4;6;4;6;6;6,11,26350;50130;42150,,,,,
f_f005372,east,3,1,0,0,0,0,40,남,2;2;5;2;2;6;5;2,26,50110;47130;28110,,,,,
f_f005382,east,3,12,0,0,0,0,30,여,1;1;1;7;4;5;6;6,11,48310;48870;46130,,,,,
f_f005393,east,3,10,0,0,0,0,20,여,2;2;3;1;4;4;5;6,11,42150;26350;50110,,,,,
f_f005394,east,3,3,0,0,0,0,40,여,4;1;1;5;2;3;2;7,28,26200;42820;50130,,,,,
f_f005395,east,2,1,0,0,0,0,30,여,2;1;2;2;4;2;1;6,47,26710;11680;46130,,,,,
f_f005407,east,3,4,0,0,0,0,20,남,6;2;4;3;3;4;2;5,41,11110;11200;41270,,,,,
f_f005408,east,3,1,0,0,0,0,30,여,4;6;6;6;2;6;7;6,26,27110;31170;47730,,,,,
f_f005410,east,2,10,0,0,0,0,40,남,4;3;2;4;5;4;2;4,48,26500;26230;11170,,,,,
f_f005417,east,2,12,0,0,0,0,30,여,2;2;1;3;7;2;1;6,27,26350;11680;47130,,,,,
f_f005424,east,3,1,0,0,0,0,20,여,4;3;2;3;4;4;6;4,47,26500;11170;11650,,,,,
f_f005431,east,3,1,0,0,0,0,40,남,3;2;2;5;2;7;1;6,28,50110;26200;42150,,,,,
f_f005442,east,3,22,0,0,0,0,30,남,2;2;2;3;3;3;2;5,26,42170;42230;45110,,,,,
f_f005450,east,2,22,0,0,0,0,40,남,2;4;2;2;2;2;6;4,26,31710;47110;42760,,,,,
f_f005468,east,3,2,0,0,0,0,20,여,4;1;5;2;1;4;2;6,11,42210;42760;47130,,,,,
f_f005482,east,2,1,0,0,0,0,30,남,1;1;7;1;1;1;7;3,42,42820;42210;50130,,,,,
f_f005485,east,3,10,0,0,0,0,50,여,2;6;6;2;1;6;6;6,27,26350;47130;26200,,,,,
f_f005495,east,3,21,0,0,0,0,30,여,4;2;2;5;3;2;6;6,44,41110;50110;42150,,,,,
f_f005496,east,3,1,0,0,0,0,30,여,6;2;1;1;4;5;2;7,47,50130;26350;11680,,,,,
f_f005498,east,3,1,0,0,0,0,20,남,2;1;2;1;2;6;1;5,26,47130;50110;11110,,,,,
f_f005506,east,3,1,0,0,0,0,30,여,2;1;2;3;5;6;5;6,11,42150;26350;50110,,,,,
f_f005509,east,2,10,0,0,0,0,50,남,4;7;7;4;1;7;6;2,26,48220;48310;47130,,,,,
f_f005512,east,2,22,0,0,0,0,20,여,2;2;1;2;4;5;3;6,11,50110;26350;41820,,,,,
f_f005513,east,2,21,0,0,0,0,30,여,2;2;2;3;4;2;6;4,26,47280;11710;48840,,,,,
f_f005519,east,2,1,0,0,0,0,50,남,3;1;1;3;5;2;7;7,48,27110;48840;26350,,,,,
f_f005520,east,3,1,0,0,0,0,20,여,2;2;1;3;3;2;6;5,41,42210;50110;50130,,,,,
f_f005526,east,2,1,0,0,0,0,30,여,2;4;2;4;3;3;6;4,41,42830;46130;41830,,,,,
f_f005528,east,2,1,0,0,0,0,30,여,4;2;2;5;4;4;6;4,26,47130;50130;48840,,,,,
f_f005532,east,3,10,0,0,0,0,20,여,6;5;6;4;6;4;6;2,11,42150;42210;26350,,,,,
f_f005533,east,3,5,0,0,0,0,30,남,2;2;1;2;1;1;7;1,11,41820;50130;42820,,,,,
f_f005540,east,3,10,0,0,0,0,30,여,3;3;1;3;6;2;1;6,11,45110;26140;47130,,,,,
f_f005543,east,3,21,0,0,0,0,20,여,6;3;6;4;4;2;5;1,11,42150;48840;46130,,,,,
f_f005549,east,3,1,0,0,0,0,20,남,3;1;1;5;5;5;3;5,31,26140;11680;46130,,,,,
f_f005551,east,3,2,0,0,0,0,40,여,2;2;2;3;2;4;3;2,48,48860;48310;26500,,,,,
f_f005556,east,3,1,0,0,0,0,40,여,1;1;1;3;3;3;7;7,43,42150;42760;50110,,,,,
f_f005575,east,2,10,0,0,0,0,50,여,2;1;7;3;2;7;1;7,26,50130;28110;47130,,,,,
f_f005577,east,3,1,0,0,0,0,30,여,2;2;4;3;4;6;5;2,41,42210;42230;50110,,,,,
f_f005584,east,2,13,0,0,0,0,30,여,4;2;4;1;1;4;4;1,47,47170;47930;47920,,,,,
f_f005590,east,3,1,0,0,0,0,30,여,4;1;1;1;4;4;4;7,30,50130;42150;11680,,,,,
f_f005591,east,3,22,0,0,0,0,30,여,4;1;1;4;5;2;6;6,11,42210;50110;27710,,,,,
f_f005604,east,3,10,0,0,0,0,20,남,2;1;3;5;2;5;7;5,41,42150;26500;50130,,,,,
f_f005615,east,3,5,0,0,0,0,20,남,2;2;3;6;7;5;2;6,48,26140;50130;41820,,,,,
f_f005621,east,3,1,0,0,0,0,40,남,4;4;4;4;4;4;4;4,28,42150;42820;27710,,,,,
f_f005622,east,3,1,0,0,0,0,30,여,5;2;2;2;4;5;3;6,27,46130;50130;50110,,,,,
f_f005635,east,2,22,0,0,0,0,30,여,4;4;1;1;4;4;1;7,47,47170;26500;42830,,,,,
f_f005640,east,2,23,0,0,0,0,30,여,3;2;1;3;4;1;2;2,47,26350;46130;47130,,,,,
f_f005645,east,3,11,0,0,0,0,20,여,4;1;1;1;7;2;1;7,11,26350;50130;42830,,,,,
f_f005647,east,2,22,0,0,0,0,30,여,3;1;1;4;1;5;5;6,47,26320;50130;11350,,,,,
f_f005655,east,3,21,0,0,0,0,60,여,1;1;1;4;4;4;3;3,28,43800;42760;41830,,,,,
f_f005676,east,3,2,0,0,0,0,30,남,2;2;2;1;3;7;2;7,27,47170;26350;41460,,,,,
f_f005677,east,3,1,0,0,0,0,30,남,5;2;4;3;3;4;5;2,27,26350;11110;50130,,,,,
f_f005678,east,3,11,0,0,0,0,30,여,2;4;2;7;7;2;2;6,27,47130;48310;47110,,,,,
f_f005679,east,3,21,0,0,0,0,20,여,5;1;1;1;1;4;1;5,11,26350;28720;30200,,,,,
f_f005680,east,3,1,0,0,0,0,20,여,6;2;4;3;5;4;3;6,27,11140;26500;47130,,,,,
f_f005694,east,3,1,0,0,0,0,20,여,6;6;5;6;7;5;6;6,11,42150;48310;28110,,,,,
f_f005759,east,3,11,0,0,0,0,40,여,4;1;2;1;1;4;2;5,11,50130;26350;42210,,,,,
f_f005769,east,3,1,0,0,0,0,30,여,3;3;2;2;2;4;3;5,29,50130;26350;42150,,,,,
f_f005780,east,3,22,0,0,0,0,30,남,1;1;2;2;2;2;2;2,27,11680;50110;47110,,,,,
f_f005787,east,3,22,0,0,0,0,50,여,1;4;3;4;2;2;2;4,48,42210;50130;48310,,,,,
f_f005801,east,3,21,0,0,0,0,20,남,4;1;2;2;5;4;3;5,44,42110;44130;11680,,,,,
f_f005803,east,3,1,0,0,0,0,20,여,6;1;1;3;3;6;5;7,28,26350;50130;42210,,,,,
f_f005804,east,3,1,0,0,0,0,20,여,4;3;1;4;5;4;2;6,11,11440;26350;47110,,,,,
f_f005840,east,3,1,0,0,0,0,30,여,4;2;3;1;4;2;4;5,48,42230;50130;11680,,,,,
f_f005845,east,3,11,0,0,0,0,20,여,2;1;2;5;4;2;2;3,47,47110;27290;27110,,,,,
f_f005847,east,3,12,0,0,0,0,20,여,5;3;2;4;3;2;2;6,11,50130;26350;47130,,,,,
f_f005862,east,3,10,0,0,0,0,20,남,1;2;2;2;5;2;6;6,26,50130;26230;26350,,,,,
f_f005863,east,3,2,0,0,0,0,30,남,1;1;4;5;1;4;6;4,11,50110;42150;26350,,,,,
f_f005876,east,3,1,0,0,0,0,30,남,1;4;1;4;6;2;4;2,41,42770;50130;29140,,,,,
f_f005881,east,3,1,0,0,0,0,40,남,4;2;2;3;4;2;2;5,45,11440;47130;30140,,,,,
f_f005883,east,3,2,0,0,0,0,30,여,5;3;3;3;3;5;5;5,44,26350;50130;11110,,,,,
f_f005884,east,2,2,0,0,0,0,20,여,5;6;3;6;2;5;2;7,27,47130;47820;47770,,,,,
f_f005887,east,3,12,0,0,0,0,30,여,4;1;1;4;1;4;1;6,42,50130;42820;42230,,,,,
f_f005896,east,3,1,0,0,0,0,20,여,3;1;1;6;2;1;2;7,27,48840;11110;50130,,,,,
f_f005915,east,3,22,0,0,0,0,30,여,4;2;4;4;5;4;2;7,30,50130;11215;26500,,,,,
f_f005925,east,3,22,0,0,0,0,30,남,2;2;2;3;2;1;4;6,28,50130;28710;48870,,,,,
f_f005927,east,3,2,0,0,0,0,30,여,6;2;5;5;6;6;2;6,42,11680;41190;42110,,,,,
f_f005939,east,3,21,0,0,0,0,30,여,1;1;1;1;1;4;1;7,28,42110;28710;41480,,,,,
f_f005941,east,2,21,0,0,0,0,60,여,5;5;4;3;2;2;6;6,48,48840;48310;46130,,,,,
f_f005943,east,3,1,0,0,0,0,30,남,3;1;1;3;3;1;3;7,41,42150;26350;42130,,,,,
f_f005946,east,3,1,0,0,0,0,60,남,1;1;1;1;1;4;1;1,27,11140;26350;43800,,,,,
f_f005947,east,3,2,0,0,0,0,20,남,4;2;5;2;2;6;2;6,41,42150;42230;26200,,,,,
f_f005948,east,3,22,0,0,0,0,30,남,1;7;5;7;1;7;1;5,48,48860;27260;26350,,,,,
f_f005950,east,3,2,0,0,0,0,20,여,3;1;3;3;4;3;1;6,11,42150;50110;44760,,,,,
f_f005956,east,2,27,0,0,0,0,20,여,2;2;2;2;2;2;6;2,47,48220;47130;27260,,,,,
f_f005976,east,3,2,0,0,0,0,30,여,5;2;2;2;4;3;6;6,11,42150;30200;26350,,,,,
f_f005983,east,3,5,0,0,0,0,20,남,4;1;1;4;4;4;4;4,26,26500;27710;41110,,,,,
f_f006029,east,2,6,0,0,0,0,20,여,6;2;2;4;1;5;6;7,47,26230;11140;50110,,,,,
f_f006037,east,3,1,0,0,0,0,20,여,3;2;2;5;4;4;5;5,41,50110;47130;26350,,,,,
f_f006041,east,3,1,0,0,0,0,30,남,2;2;4;4;5;3;5;5,41,42150;50130;41820,,,,,
f_f006047,east,3,2,0,0,0,0,20,여,4;1;2;1;4;1;1;4,47,50110;26350;11230,,,,,
f_f006054,east,3,1,0,0,0,0,20,여,3;2;2;1;6;3;6;7,26,48310;47130;50110,,,,,
f_f006060,east,3,1,0,0,0,0,20,여,4;1;2;2;4;6;6;6,41,42150;42230;50130,,,,,
f_f006065,east,2,21,0,0,0,0,20,여,2;2;2;2;2;2;3;5,11,42210;42830;41820,,,,,
f_f006070,east,2,1,0,0,0,0,30,여,6;3;3;1;1;5;5;7,47,27110;48220;50110,,,,,
f_f006074,east,3,9,0,0,0,0,20,여,2;6;2;5;6;5;6;6,31,47110;47130;26380,,,,,
f_f006082,east,3,1,0,0,0,0,20,남,2;2;1;3;2;2;2;2,11,50130;26350;42150,,,,,
f_f006083,east,3,2,0,0,0,0,20,남,1;1;3;2;6;2;6;6,41,42820;45190;28185,,,,,
f_f006085,east,3,1,0,0,0,0,40,여,5;1;2;2;2;4;1;7,27,26710;47210;47110,,,,,
f_f006089,east,3,1,0,0,0,0,40,여,2;6;1;7;7;4;1;7,27,47110;27230;47130,,,,,
f_f006098,east,2,1,0,0,0,0,20,여,6;2;1;6;7;6;1;7,26,48310;48250;47130,,,,,
f_f006111,east,3,21,0,0,0,0,30,남,4;2;2;3;3;5;2;6,11,50110;26350;42830,,,,,
f_f006123,east,3,22,0,0,0,0,20,여,2;1;2;3;1;4;2;7,48,26200;48310;48840,,,,,
f_f006135,east,3,21,0,0,0,0,30,여,6;3;4;2;2;6;6;6,41,41280;42210;50130,,,,,
f_f006143,east,3,1,0,0,0,0,30,남,3;3;3;3;2;4;4;6,11,42110;43800;42170,,,,,
f_f006157,east,3,10,0,0,0,0,20,여,4;3;2;2;3;2;2;6,26,11680;26350;50110,,,,,
f_f006173,east,2,22,0,0,0,0,40,여,1;1;1;1;6;5;1;7,41,50130;42210;41310,,,,,
f_f006178,east,3,1,0,0,0,0,30,여,3;2;2;2;2;3;3;4,41,50130;42230;26350,,,,,
f_f006192,east,2,1,0,0,0,0,40,여,5;5;4;5;6;5;5;3,11,42150;50110;30170,,,,,
f_f006199,east,2,22,0,0,0,0,20,남,6;6;2;2;5;5;2;7,41,50130;42830;26350,,,,,
f_f006237,east,2,2,0,0,0,0,20,여,6;2;2;4;3;2;2;6,47,26500;42150;11560,,,,,
f_f006243,east,2,22,0,0,0,0,20,여,3;2;7;6;7;6;1;7,27,26500;47130;30170,,,,,
f_f006333,east,2,1,0,0,0,0,40,여,4;5;3;4;5;6;2;6,27,47130;47150;26350,,,,,
f_f006334,east,2,10,0,0,0,0,40,여,2;4;2;3;6;6;7;4,43,42720;11110;43760,,,,,
f_f006335,east,2,12,0,0,0,0,40,남,2;3;2;2;2;4;3;5,48,47130;50130;48310,,,,,
f_f006337,east,2,24,0,0,0,0,50,남,6;4;1;3;2;1;3;5,47,27200;11560;26200,,,,,
f_f006341,east,2,2,0,0,0,0,40,여,4;4;2;3;4;4;2;4,26,26710;48270;31140,,,,,
f_f006346,east,2,3,0,0,0,0,40,남,4;4;4;3;5;3;5;4,31,26710;48250;47130,,,,,
f_f006347,east,2,21,0,0,0,0,20,여,3;5;2;4;2;3;1;2,48,26350;11680;31170,,,,,
f_f006349,east,2,22,0,0,0,0,40,남,4;2;4;4;3;5;6;6,47,50110;26350;46110,,,,,
f_f006352,east,2,4,0,0,0,0,40,남,3;2;5;5;3;6;6;6,42,42210;42150;50130,,,,,
f_f006353,east,2,1,0,0,0,0,30,남,6;7;4;6;2;3;2;1,48,26710;26230;26350,,,,,
f_f006355,east,2,1,0,0,0,0,20,남,1;1;2;3;3;3;5;3,47,27110;47930;30140,,,,,
f_f006356,east,2,11,0,0,0,0,40,여,2;5;2;5;6;2;2;6,26,48330;26350;48840,,,,,
f_f006359,east,2,11,0,0,0,0,50,여,3;1;2;4;4;5;6;6,48,50110;26350;48310,,,,,
f_f006360,east,2,2,0,0,0,0,30,남,2;3;3;2;3;5;3;2,26,26350;48890;31170,,,,,
f_f006362,east,2,2,0,0,0,0,40,여,2;4;2;3;6;6;3;7,26,48330;11110;50130,,,,,
f_f006368,east,2,3,0,0,0,0,30,남,6;3;3;3;6;4;2;6,48,26710;48840;48740,,,,,
f_f006371,east,2,4,0,0,0,0,50,남,1;4;3;3;2;3;3;5,27,48740;47830;26410,,,,,
f_f006372,east,2,4,0,0,0,0,50,남,4;4;4;2;1;4;4;4,48,26350;27290;27140,,,,,
f_f006376,east,2,2,0,0,0,0,50,남,4;6;6;2;2;5;3;3,27,47130;48270;48820,,,,,
f_f006378,east,2,2,0,0,0,0,40,남,2;5;4;5;3;5;2;4,48,48730;48860;48850,,,,,
f_f006381,east,2,2,0,0,0,0,50,여,2;4;4;3;3;3;1;7,48,48240;47130;11530,,,,,
f_f006384,east,2,1,0,0,0,0,30,여,4;3;5;5;3;4;5;6,48,50130;50110;11500,,,,,
f_f006388,east,2,3,0,0,0,0,50,여,4;1;6;4;1;5;6;7,27,48740;27110;47110,,,,,
f_f006389,east,2,22,0,0,0,0,40,남,5;4;6;4;3;4;3;6,48,46130;42150;50130,,,,,
f_f006390,east,2,1,0,0,0,0,40,남,2;3;2;4;6;3;3;4,47,11710;42150;47130,,,,,
f_f006392,east,2,27,0,0,0,0,50,여,2;6;1;5;4;4;6;7,48,48730;48820;26710,,,,,
f_f006393,east,2,21,0,0,0,0,40,여,1;3;2;3;2;1;3;6,26,46730;48850;42150,,,,,
f_f006394,east,2,4,0,0,0,0,40,여,1;6;2;3;6;2;6;6,48,48840;48860;48890,,,,,
f_f006396,east,2,21,0,0,0,0,30,남,1;1;1;1;1;1;7;7,27,50110;50130;42150,,,,,
f_f006398,east,2,2,0,0,0,0,30,여,2;2;2;5;3;3;2;6,27,46130;47280;50130,,,,,
f_f006399,east,2,4,0,0,0,0,40,여,5;7;5;2;6;3;6;6,11,42110;50110;41290,,,,,
f_f006400,east,2,1,0,0,0,0,60,여,2;4;2;1;1;7;6;7,48,48310;48270;42820,,,,,
f_f006401,east,2,2,0,0,0,0,40,여,3;4;3;4;4;5;2;5,48,46130;42210;26350,,,,,
f_f006403,east,2,21,0,0,0,0,50,남,3;3;4;3;5;5;3;6,42,42150;50110;42210,,,,,
f_f006406,east,2,3,0,0,0,0,50,여,6;2;4;6;6;5;5;5,26,48310;46150;47130,,,,,
f_f006483,east,3,12,0,0,0,0,20,남,6;2;2;2;2;6;2;6,26,11110;11680;50110,,,,,
f_f006484,east,2,22,0,0,0,0,20,여,7;1;4;1;4;7;7;1,47,50110;11680;27230,,,,,
f_f006523,east,2,2,0,0,0,0,30,남,6;5;3;3;5;3;5;3,11,50110;26350;42150,,,,,
f_f006525,east,3,2,0,0,0,0,30,여,7;7;7;5;7;5;7;1,48,48120;48730;48310,,,,,
f_f006533,east,3,21,0,0,0,0,20,남,4;4;4;4;4;4;4;7,41,42150;50110;28710,,,,,
f_f006534,east,3,22,0,0,0,0,30,남,7;1;4;2;4;4;6;5,26,50130;11440;26710,,,,,
f_f006536,east,3,24,0,0,0,0,20,여,5;2;1;5;6;3;1;5,44,42150;11440;30200,,,,,
f_f006548,east,3,22,0,0,0,0,30,여,3;4;2;4;2;2;2;7,11,50130;41110;42210,,,,,
f_f006550,east,3,26,0,0,0,0,20,여,3;2;4;3;3;5;6;7,26,47130;48310;46130,,,,,
f_f006551,east,3,10,0,0,0,0,30,여,2;4;1;5;4;4;7;5,41,50130;42130;11710,,,,,
f_f006625,east,2,24,0,0,0,0,30,남,2;2;1;2;4;2;4;6,26,50130;47130;47770,,,,,
f_f006626,east,2,2,0,0,0,0,20,여,4;1;1;3;4;2;7;4,26,46130;50110;47130,,,,,
f_f006659,east,3,1,0,0,0,0,20,여,2;2;3;3;1;7;7;2,29,46130;26350;11680,,,,,
f_f006660,east,3,2,0,0,0,0,20,여,2;1;1;7;6;4;3;7,11,42150;42170;42210,,,,,
f_f006665,east,2,1,0,0,0,0,50,여,4;5;2;2;4;1;2;3,41,42830;41500;42150,,,,,
f_f006666,east,2,22,0,0,0,0,40,여,4;4;3;4;6;6;4;6,27,26350;47130;11710,,,,,
f_f006667,east,2,1,0,0,0,0,30,남,1;1;1;1;1;1;1;7,47,42170;29200;26260,,,,,
f_f006668,east,2,21,0,0,0,0,50,남,1;4;1;4;1;4;4;7,48,48240;48270;48860,,,,,
f_f006678,east,3,22,0,0,0,0,20,남,2;2;2;3;3;3;5;5,47,50130;45130;43800,,,,,
f_f006687,east,3,1,0,0,0,0,20,남,4;2;4;2;2;6;6;7,48,26350;47130;46130,,,,,
f_f006697,east,3,1,0,0,0,0,30,남,6;1;4;5;6;4;6;1,48,26710;47130;47110,,,,,
f_f006714,east,3,2,0,0,0,0,30,여,4;2;5;2;4;4;2;6,26,50130;31140;27290,,,,,
f_f006716,east,3,3,0,0,0,0,20,남,5;2;5;3;3;6;1;5,11,11215;50110;42150,,,,,
f_f006717,east,3,21,0,0,0,0,30,여,4;2;4;1;4;2;4;6,26,50110;48840;42150,,,,,
f_f006718,east,3,21,0,0,0,0,20,여,4;1;3;1;1;7;1;7,47,50130;42150;26350,,,,,
f_f006732,east,3,1,0,0,0,0,20,여,4;1;1;4;7;5;1;7,11,50110;42830;26710,,,,,
f_f006751,east,3,22,0,0,0,0,20,여,4;1;1;1;4;3;2;7,41,11110;50130;47130,,,,,
f_f006760,east,3,22,0,0,0,0,40,여,2;2;2;4;6;6;6;6,27,47130;26350;50110,,,,,
f_f006769,east,2,22,0,0,0,0,50,남,2;6;1;1;2;1;5;4,47,47130;26350;50130,,,,,
f_f006775,east,3,2,0,0,0,0,20,여,2;1;4;3;2;6;2;3,41,42210;42150;41820,,,,,
f_f006800,east,3,12,0,0,0,0,20,여,1;2;2;3;3;5;2;5,31,26710;31170;11110,,,,,
f_f006819,east,3,4,0,0,0,0,30,여,2;2;6;4;3;6;5;6,28,42150;42210;50110,,,,,
f_f006830,east,3,2,0,0,0,0,40,남,1;1;1;1;4;1;1;5,28,42760;41820;43150,,,,,
f_f006831,east,3,2,0,0,0,0,40,남,2;2;2;3;6;2;2;6,36,50110;26350;44180,,,,,
f_f006836,east,3,10,0,0,0,0,60,여,2;4;4;4;2;4;3;5,41,41630;50110;42720,,,,,
f_f006856,east,2,2,0,0,0,0,20,남,2;2;1;1;4;4;2;4,48,42150;50110;42170,,,,,
f_f006858,east,3,1,0,0,0,0,20,남,4;3;2;5;3;5;5;4,11,42830;47130;26200,,,,,
f_f006867,east,2,2,0,0,0,0,20,남,1;1;1;5;1;1;2;7,11,41360;41820;50130,,,,,
f_f006871,east,3,12,0,0,0,0,20,여,1;1;1;1;4;4;2;5,11,50130;50110;42150,,,,,
f_f006876,east,3,6,0,0,0,0,20,여,3;2;5;3;5;6;6;5,26,11440;46130;47130,,,,,
f_f006879,east,3,1,0,0,0,0,30,여,5;1;4;2;2;6;6;3,11,42150;50110;26350,,,,,
f_f006901,east,2,1,0,0,0,0,40,여,4;7;7;2;6;6;6;6,27,26410;50130;48880,,,,,
f_f006910,east,2,21,0,0,0,0,20,여,2;1;3;3;6;1;6;6,31,42150;47130;31170,,,,,
f_f006914,east,3,1,0,0,0,0,20,남,6;2;5;3;3;5;7;4,45,11680;26500;42150,,,,,
f_f006921,east,3,10,0,0,0,0,50,남,2;2;2;1;1;1;2;7,41,41480;42210;11110,,,,,
f_f006924,east,2,1,0,0,0,0,20,여,4;5;2;7;1;7;7;1,47,26350;27110;50110,,,,,
f_f006925,east,2,22,0,0,0,0,20,여,3;3;3;4;3;3;7;7,41,42150;42830;28710,,,,,
f_f006933,east,3,21,0,0,0,0,40,남,2;2;2;4;4;6;2;5,43,50130;47130;11140,,,,,
f_f006934,east,3,1,0,0,0,0,30,여,6;1;4;1;2;1;1;6,41,42150;47130;42210,,,,,
f_f006942,east,2,1,0,0,0,0,20,여,4;6;2;5;4;6;5;6,26,27110;50110;46130,,,,,
f_f006943,east,2,2,0,0,0,0,30,남,4;4;4;1;4;1;7;7,27,47820;47730;42150,,,,,
f_f006957,east,3,2,0,0,0,0,20,여,3;3;3;3;4;2;6;4,41,26350;27260;11560,,,,,
f_f006967,east,3,28,0,0,0,0,30,여,1;1;4;3;4;1;6;1,41,50130;42150;26350,,,,,
f_f006971,east,2,5,0,0,0,0,30,여,6;1;1;6;7;1;1;7,11,50130;26230;11110,,,,,
f_f006976,east,2,21,0,0,0,0,40,여,4;1;4;4;3;5;3;2,27,47110;47770;26350,,,,,
f_f007010,east,2,22,0,0,0,0,50,남,3;4;2;4;2;6;6;6,42,42230;31140;42760,,,,,
f_f007020,east,3,2,0,0,0,0,20,남,2;3;6;6;7;5;2;7,43,50130;42210;47130,,,,,
f_f007047,east,3,23,0,0,0,0,30,여,5;2;2;4;6;2;7;5,41,28245;45790;42170,,,,,
f_f007065,east,2,4,0,0,0,0,20,여,2;2;2;2;1;2;2;4,27,47290;47230;26200,,,,,
f_f007075,east,2,21,0,0,0,0,20,여,3;6;2;2;2;2;3;7,31,11620;27290;26710,,,,,
f_f007082,east,3,10,0,0,0,0,40,여,4;1;1;1;4;6;1;6,26,26500;48310;42830,,,,,
f_f007088,east,3,2,0,0,0,0,20,남,1;1;1;1;1;1;1;7,27,47130;29200;11680,,,,,
f_f007093,east,2,22,0,0,0,0,30,여,1;4;2;5;4;5;4;6,48,50130;27170;26350,,,,,
f_f007094,east,3,1,0,0,0,0,30,남,1;4;1;4;4;2;1;6,43,43720;47130;27710,,,,,
f_f007095,east,3,22,0,0,0,0,30,여,2;5;6;6;2;3;4;3,48,48120;26530;48820,,,,,
f_f007111,east,3,21,0,0,0,0,40,남,4;5;5;2;5;4;2;5,41,42150;11650;31140,,,,,
f_f007124,east,2,1,0,0,0,0,30,여,2;2;4;2;3;2;6;4,41,42150;50110;26500,,,,,
f_f007129,east,3,12,0,0,0,0,20,여,5;2;2;6;3;5;3;7,26,11680;47130;47110,,,,,
f_f007131,east,3,2,0,0,0,0,30,남,1;7;7;7;1;1;7;7,11,41820;26350;27290,,,,,
f_f007133,east,2,22,0,0,0,0,30,여,4;1;1;3;4;3;2;7,41,42150;26350;28710,,,,,
f_f007144,east,3,1,0,0,0,0,20,남,6;3;3;2;4;5;3;5,42,11680;42150;42210,,,,,
f_f007148,east,3,2,0,0,0,0,30,여,4;2;2;2;2;4;6;7,26,50130;26710;47130,,,,,
f_f007186,east,3,1,0,0,0,0,20,여,1;2;6;2;1;1;7;5,27,46150;47130;26350,,,,,
f_f007187,east,3,22,0,0,0,0,20,남,4;1;4;7;1;7;7;4,47,27110;26350;47130,,,,,
f_f007193,east,3,22,0,0,0,0,20,남,3;3;2;4;3;2;4;6,11,26710;50110;42150,,,,,
f_f007199,east,3,10,0,0,0,0,40,남,2;2;2;3;5;3;6;5,27,47770;48310;42170,,,,,
f_f007200,east,3,1,0,0,0,0,50,여,1;1;1;2;2;3;3;5,11,50130;41820;42210,,,,,
f_f007205,east,3,1,0,0,0,0,30,남,3;1;2;2;1;3;3;7,11,50110;26500;27290,,,,,
f_f007206,east,3,1,0,0,0,0,30,여,4;1;2;2;2;7;6;7,26,47170;50110;42210,,,,,
f_f007209,east,3,21,0,0,0,0,20,여,4;1;1;2;4;4;1;7,11,11440;45130;50110,,,,,
f_f007210,east,3,5,0,0,0,0,20,여,3;5;3;2;6;5;7;2,11,41360;41450;42830,,,,,
f_f007216,east,3,2,0,0,0,0,30,남,4;1;1;4;2;1;4;7,28,50130;42210;42170,,,,,
f_f007218,east,3,21,0,0,0,0,30,남,2;2;3;5;6;6;2;7,11,26350;42150;48220,,,,,
f_f007225,east,3,11,0,0,0,0,20,여,4;3;2;2;2;2;3;6,11,11110;26500;50130,,,,,
f_f007226,east,3,1,0,0,0,0,20,여,4;2;3;2;6;5;7;5,28,26350;42210;11710,,,,,
f_f007232,east,3,5,0,0,0,0,30,남,1;4;2;2;2;6;6;7,11,47130;46230;31170,,,,,
f_f007233,east,3,10,0,0,0,0,30,여,4;1;2;1;4;2;4;7,48,26500;26350;48310,,,,,
f_f007244,east,2,12,0,0,0,0,20,여,4;6;3;6;5;6;3;3,42,41820;43110;11410,,,,,
f_f007245,east,3,2,0,0,0,0,20,여,4;2;5;4;4;5;4;7,30,42150;50130;11110,,,,,
f_f007246,east,3,21,0,0,0,0,20,여,2;2;4;3;2;2;6;4,27,47110;26350;42150,,,,,
f_f007254,east,3,1,0,0,0,0,50,여,2;1;4;3;2;5;3;4,11,26350;50130;42150,,,,,
f_f007306,east,3,1,0,0,0,0,20,여,6;2;2;5;2;6;2;6,11,42210;42150;26350,,,,,
f_f007335,east,3,1,0,0,0,0,20,여,2;1;1;1;5;3;2;6,30,50130;26350;44180,,,,,
f_f007353,east,3,1,0,0,0,0,30,여,2;4;5;4;6;6;7;7,11,42150;42110;31200,,,,,
f_f007354,east,3,4,0,0,0,0,30,남,4;2;2;3;3;4;3;5,41,46130;50130;26200,,,,,
f_f007357,east,3,21,0,0,0,0,50,여,2;5;2;5;3;5;5;5,41,42110;46130;50130,,,,,
f_f007375,east,3,1,0,0,0,0,20,여,6;1;1;2;7;1;7;7,41,42150;41110;44825,,,,,
f_f007388,east,2,21,0,0,0,0,20,남,2;1;3;2;1;2;6;2,41,42150;26350;29200,,,,,
f_f007402,east,2,21,0,0,0,0,30,남,2;2;1;6;6;1;7;4,11,42830;11350;50110,,,,,
f_f007404,east,2,1,0,0,0,0,30,여,3;3;3;6;4;5;6;5,42,42110;11110;50110,,,,,
f_f007437,east,3,21,0,0,0,0,20,남,1;1;1;1;1;1;3;4,11,41480;42150;50110,,,,,
f_f007460,east,3,1,0,0,0,0,20,여,3;3;3;5;5;4;2;6,11,42150;41110;26350,,,,,
f_f007479,east,3,6,0,0,0,0,30,여,4;4;4;6;4;4;2;4,27,11500;11560;11620,,,,,
f_f007494,east,2,2,0,0,0,0,20,여,2;2;2;2;6;1;7;7,26,50130;47130;26710,,,,,
f_f007497,east,3,22,0,0,0,0,20,여,6;3;1;7;7;7;5;5,11,50130;41480;41820,,,,,
f_f007499,east,3,4,0,0,0,0,20,남,4;1;2;1;1;6;6;5,41,42830;26350;42760,,,,,
f_f007501,east,3,1,0,0,0,0,20,남,6;3;1;5;6;6;5;6,41,11680;11440;11650,,,,,
f_f007502,east,3,1,0,0,0,0,30,여,3;3;2;2;4;3;2;5,30,50110;48310;47130,,,,,
f_f007506,east,3,1,0,0,0,0,30,남,4;3;2;3;3;3;6;6,42,11170;26500;11380,,,,,
f_f007514,east,3,11,0,0,0,0,20,여,1;1;1;7;6;1;1;7,41,42150;30200;50110,,,,,
f_f007515,east,3,22,0,0,0,0,20,여,4;2;5;4;5;6;6;2,28,42150;30140;42210,,,,,
f_f007520,east,3,1,0,0,0,0,30,여,4;2;1;5;4;6;1;6,48,50110;26350;50130,,,,,
f_f007522,east,3,22,0,0,0,0,50,남,1;2;6;4;1;3;6;5,11,42210;47130;28710,,,,,
f_f007525,east,3,25,0,0,0,0,20,여,4;2;2;2;2;6;3;6,26,50110;11680;47130,,,,,
f_f007528,east,3,23,0,0,0,0,40,여,4;2;3;3;4;4;3;4,41,42210;44825;50130,,,,,
f_f007529,east,3,5,0,0,0,0,20,여,5;3;5;2;6;2;2;5,31,47110;26350;50110,,,,,
f_f007530,east,3,21,0,0,0,0,40,여,4;4;3;3;4;2;2;6,11,26350;41450;50130,,,,,
f_f007533,east,2,22,0,0,0,0,20,여,4;7;1;1;4;6;1;7,48,50130;26350;11170,,,,,
f_f007535,east,3,22,0,0,0,0,40,여,1;1;1;3;1;4;1;5,11,42150;26350;48310,,,,,
f_f007538,east,3,28,0,0,0,0,30,남,2;2;2;2;2;2;6;6,41,42130;47130;41820,,,,,
f_f007548,east,3,1,0,0,0,0,40,여,2;1;3;3;7;4;2;7,11,42150;50110;44825,,,,,
f_f007550,east,3,2,0,0,0,0,30,여,7;4;1;7;7;7;1;7,11,11110;42210;50130,,,,,
f_f007554,east,3,22,0,0,0,0,30,여,3;4;2;7;3;3;5;3,11,48730;26260;29170,,,,,
f_f007561,east,3,22,0,0,0,0,20,여,6;2;6;2;6;2;6;2,11,50110;50130;42110,,,,,
f_f007567,east,2,22,0,0,0,0,30,여,6;2;1;1;4;2;4;5,48,26350;48250;47130,,,,,
f_f007568,east,3,21,0,0,0,0,30,여,4;2;2;1;1;1;7;6,11,42210;26350;42150,,,,,
f_f007617,east,3,2,0,0,0,0,30,여,3;1;1;1;2;5;1;6,28,30140;11440;26350,,,,,
f_f007631,east,3,1,0,0,0,0,50,여,2;2;2;3;1;3;2;4,11,44210;42210;28710,,,,,
f_f007688,east,3,21,0,0,0,0,40,남,2;2;2;2;2;2;1;7,41,42770;50130;43800,,,,,
f_f007690,east,2,2,0,0,0,0,30,남,2;4;2;3;2;6;3;6,26,48330;48840;42150,,,,,
f_f007700,east,3,1,0,0,0,0,30,여,3;1;3;5;2;4;3;1,11,42150;50130;47130,,,,,
f_f007701,east,2,1,0,0,0,0,40,여,2;2;2;4;7;1;3;3,42,42230;47930;11140,,,,,
f_f007719,east,3,1,0,0,0,0,20,남,2;2;1;4;5;4;2;5,41,26140;42150;50110,,,,,
f_f007731,east,3,26,0,0,0,0,20,여,4;4;2;4;4;5;2;5,41,26500;26350;11680,,,,,
f_f007733,east,3,10,0,0,0,0,30,남,5;6;7;6;6;6;6;1,11,50130;47130;26200,,,,,
f_f007736,east,3,21,0,0,0,0,30,남,4;1;1;5;7;2;7;3,11,50130;26350;44825,,,,,
f_f007746,east,2,1,0,0,0,0,40,남,5;3;5;4;5;3;5;4,27,47130;41190;42150,,,,,
f_f007772,east,3,22,0,0,0,0,30,여,4;4;2;4;2;2;4;3,27,26350;47110;47130,,,,,
f_f007810,east,2,2,0,0,0,0,30,여,2;4;1;2;6;6;2;7,26,47130;48220;48310,,,,,
f_f007862,east,3,1,0,0,0,0,30,여,1;1;1;2;4;3;1;7,27,50130;26710;31140,,,,,
f_f007864,east,3,2,0,0,0,0,50,여,5;2;1;3;5;3;3;6,27,26710;42210;11170,,,,,
f_f007869,east,3,10,0,0,0,0,40,남,3;6;3;3;4;3;6;3,41,50130;42760;45790,,,,,
f_f007876,east,2,2,0,0,0,0,30,여,3;3;1;4;6;1;4;7,11,26350;42830;28710,,,,,
f_f007898,east,2,21,0,0,0,0,20,여,1;1;1;4;4;1;6;4,11,42150;42210;50130,,,,,
f_f007899,east,2,1,0,0,0,0,40,남,2;5;2;3;3;3;3;6,43,42830;41500;26320,,,,,
f_f007916,east,3,2,0,0,0,0,30,여,6;7;4;3;3;3;2;4,45,47130;26710;42150,,,,,
f_f007918,east,2,2,0,0,0,0,20,여,4;2;2;4;4;5;2;5,47,26350;47130;11140,,,,,
f_f007919,east,3,2,0,0,0,0,20,여,4;1;1;1;6;4;6;6,47,50130;26500;47130,,,,,
f_f007924,east,3,22,0,0,0,0,20,여,2;1;2;3;2;2;1;7,41,50110;42210;26350,,,,,
f_f007929,east,3,10,0,0,0,0,20,남,3;2;1;2;2;5;2;6,30,50110;26500;42150,,,,,
f_f007937,east,3,1,0,0,0,0,20,여,4;1;1;1;7;7;1;7,11,11680;26350;27260,,,,,
f_f007941,east,3,21,0,0,0,0,20,남,4;1;3;3;6;4;1;7,29,50110;45130;26230,,,,,
f_f007948,east,3,1,0,0,0,0,50,여,2;3;5;3;2;7;6;7,41,50130;50110;11110,,,,,
f_f007952,east,3,2,0,0,0,0,20,남,2;1;1;2;6;1;7;7,28,46130;26710;42150,,,,,
f_f007953,east,3,11,0,0,0,0,30,여,3;1;2;3;4;2;3;5,11,42150;50110;44150,,,,,
f_f007956,east,3,13,0,0,0,0,30,남,2;2;2;2;2;3;3;5,41,50110;50130;42210,,,,,
f_f007957,east,3,1,0,0,0,0,20,남,4;2;2;4;5;2;6;6,41,50110;26110;28110,,,,,
f_f007958,east,3,23,0,0,0,0,40,남,1;1;4;4;4;4;2;5,11,50110;26110;42210,,,,,
f_f007959,east,3,21,0,0,0,0,30,남,7;7;7;1;1;4;4;3,41,41130;41460;11140,,,,,
f_f007960,east,3,1,0,0,0,0,50,남,4;1;4;1;4;4;4;7,41,41130;11140;41460,,,,,
f_f007961,east,2,1,0,0,0,0,20,남,4;3;3;3;3;5;4;6,48,26500;11440;31170,,,,,
f_f007965,east,3,1,0,0,0,0,30,여,5;1;3;5;6;6;7;6,27,26500;26350;47130,,,,,
f_f007997,east,3,11,0,0,0,0,60,남,3;3;1;3;3;2;1;7,11,42230;41820;30200,,,,,
f_f008015,east,3,12,0,0,0,0,30,남,4;1;1;1;1;7;4;7,27,26710;50110;42830,,,,,
f_f008031,east,3,4,0,0,0,0,20,여,3;1;2;5;1;6;1;5,42,42150;11710;26350,,,,,
f_f008053,east,2,1,0,0,0,0,30,여,3;1;3;3;4;5;6;6,31,50110;26350;11170,,,,,
f_f008072,east,3,22,0,0,0,0,20,남,2;1;2;7;1;1;6;4,27,47290;50110;11305,,,,,
f_f008082,east,3,1,0,0,0,0,50,남,4;2;2;2;3;3;2;5,11,26350;41820;50110,,,,,
f_f008089,east,3,2,0,0,0,0,20,여,3;4;2;4;4;4;6;7,41,42150;50130;26350,,,,,
f_f008094,east,3,1,0,0,0,0,20,남,4;3;2;5;3;2;6;5,29,11440;46130;46880,,,,,
f_f008096,east,3,1,0,0,0,0,30,여,4;4;5;3;7;3;4;3,47,48840;26320;47290,,,,,
f_f008099,east,3,21,0,0,0,0,50,여,4;1;2;4;4;2;1;7,41,47110;50130;42210,,,,,
f_f008109,east,3,1,0,0,0,0,20,남,2;2;3;3;2;5;5;3,27,26200;31140;11620,,,,,
f_f008141,east,3,2,0,0,0,0,30,여,2;1;1;5;7;2;1;3,43,47110;42150;50110,,,,,
f_f008145,east,2,22,0,0,0,0,50,남,1;4;6;6;2;6;2;6,27,47110;47770;48220,,,,,
f_f008161,east,3,22,0,0,0,0,40,남,4;2;1;3;4;4;4;7,41,42150;50110;41820,,,,,
f_f008165,east,3,1,0,0,0,0,20,여,4;2;2;2;2;2;2;6,48,50110;46130;48850,,,,,
f_f008169,east,3,22,0,0,0,0,30,여,4;4;6;2;2;4;6;4,11,42150;42210;42760,,,,,
f_f008174,east,3,1,0,0,0,0,30,남,2;2;2;6;2;2;2;7,41,26320;42230;42150,,,,,
f_f008177,east,3,1,0,0,0,0,40,여,2;2;2;2;5;3;3;3,11,46150;26350;50110,,,,,
f_f008178,east,3,12,0,0,0,0,50,여,4;3;3;4;6;3;4;7,11,50130;50110;26350,,,,,
f_f008180,east,3,21,0,0,0,0,20,여,2;2;1;1;4;2;7;5,48,26500;48730;47130,,,,,
f_f008187,east,3,22,0,0,0,0,30,남,2;2;1;3;5;1;1;5,11,44180;44150;42150,,,,,
f_f008188,east,3,22,0,0,0,0,30,여,4;1;4;2;2;6;2;6,11,44180;26350;50130,,,,,
f_f008190,east,3,1,0,0,0,0,30,남,5;2;2;3;7;7;2;7,42,50110;41110;42110,,,,,
f_f008193,east,3,1,0,0,0,0,20,여,2;1;1;1;2;2;1;7,41,50130;26350;42150,,,,,
f_f008194,east,3,22,0,0,0,0,30,여,4;1;3;1;1;2;7;4,48,50130;47130;27200,,,,,
f_f008198,east,3,1,0,0,0,0,30,남,4;1;3;6;4;6;5;5,27,26500;11680;11215,,,,,
f_f008200,east,3,21,0,0,0,0,40,남,2;2;5;2;6;6;1;1,27,48220;45800;30230,,,,,
f_f008203,east,3,1,0,0,0,0,30,여,4;3;2;2;6;4;4;5,48,42150;26500;47130,,,,,
f_f008210,east,3,1,0,0,0,0,60,여,3;4;2;4;3;2;2;7,42,42210;26350;11110,,,,,
f_f008212,east,3,7,0,0,0,0,20,여,3;1;6;4;6;4;7;6,27,26500;47110;50130,,,,,
f_f008213,east,3,1,0,0,0,0,20,여,1;1;1;1;2;4;6;7,11,50130;26350;41390,,,,,
f_f008216,east,3,2,0,0,0,0,40,여,2;1;2;3;1;4;3;4,27,50130;26260;11740,,,,,
f_f008218,east,3,12,0,0,0,0,30,남,3;2;1;5;6;2;3;6,27,47130;26350;47110,,,,,
f_f008225,east,2,11,0,0,0,0,50,여,2;4;1;6;4;1;1;7,41,42820;41820;43720,,,,,
f_f008230,east,3,12,0,0,0,0,30,여,3;4;2;4;4;4;4;7,48,47170;48840;46150,,,,,
f_f008255,east,3,2,0,0,0,0,20,여,3;4;2;4;4;2;5;6,11,47130;26350;11110,,,,,
f_f008258,east,2,1,0,0,0,0,20,남,6;4;2;3;6;2;6;7,48,50130;11440;26710,,,,,
f_f008268,east,2,22,0,0,0,0,20,여,4;2;2;4;2;4;6;6,41,50130;26350;28260,,,,,
f_f008276,east,3,1,0,0,0,0,30,남,6;2;2;3;2;3;6;6,29,26350;11440;50130,,,,,
f_f008291,east,3,1,0,0,0,0,20,남,4;1;2;2;4;4;2;5,30,50130;26350;46130,,,,,
f_f008303,east,2,10,0,0,0,0,40,남,2;2;3;3;4;3;2;2,42,42150;42170;50130,,,,,
f_f008308,east,3,22,0,0,0,0,20,남,2;2;2;3;2;3;2;6,30,50130;42150;46130,,,,,
f_f008333,east,3,1,0,0,0,0,20,남,4;6;6;6;6;5;4;6,41,11440;41110;44180,,,,,
f_f008336,east,3,2,0,0,0,0,20,여,2;2;2;3;6;7;2;7,43,42150;26350;11680,,,,,
f_f008352,east,3,1,0,0,0,0,20,여,1;1;1;4;1;2;2;3,43,11305;42150;26500,,,,,
f_f008353,east,3,2,0,0,0,0,30,남,6;2;3;1;7;4;6;7,41,41220;42150;50130,,,,,
f_f008360,east,2,3,0,0,0,0,20,여,2;2;1;2;3;5;6;6,27,50130;47130;26350,,,,,
f_f008367,east,3,1,0,0,0,0,30,여,3;2;2;3;5;3;6;4,11,42170;30140;50110,,,,,
f_f008373,east,3,12,0,0,0,0,20,남,4;3;3;1;5;3;5;7,48,50110;26200;26500,,,,,
f_f008381,east,2,2,0,0,0,0,30,여,1;4;4;5;4;4;6;6,27,26710;42230;50110,,,,,
f_f008397,east,3,22,0,0,0,0,30,여,7;1;1;1;4;4;1;7,30,11440;50110;26200,,,,,
f_f008400,east,3,1,0,0,0,0,20,여,4;4;2;3;6;5;6;5,27,47110;47130;26350,,,,,
f_f008402,east,3,21,0,0,0,0,30,남,2;1;1;3;5;1;6;6,11,42150;50130;28710,,,,,
f_f008403,east,3,11,0,0,0,0,40,여,1;3;1;6;6;1;7;7,11,50130;42820;26350,,,,,
f_f008406,east,3,1,0,0,0,0,20,여,3;1;1;5;2;3;6;2,28,29110;11440;42150,,,,,
f_f008409,east,2,1,0,0,0,0,30,여,2;2;2;3;3;2;3;3,48,42170;50110;41830,,,,,
f_f008413,east,3,21,0,0,0,0,60,남,1;1;1;2;2;1;1;1,11,50130;26170;30230,,,,,
f_f008429,east,3,1,0,0,0,0,30,여,1;2;1;6;7;5;4;7,45,26710;30200;41210,,,,,
f_f008430,east,3,1,0,0,0,0,20,남,4;7;4;2;6;4;4;7,27,27110;26440;26500,,,,,
f_f008436,east,3,1,0,0,0,0,30,여,2;1;2;2;4;6;2;6,11,48840;26350;50130,,,,,
f_f008438,east,2,21,0,0,0,0,40,여,1;4;2;4;6;3;7;5,48,48120;48220;47130,,,,,
f_f008442,east,3,1,0,0,0,0,20,남,2;3;4;5;3;5;6;6,48,42150;46130;26710,,,,,
f_f008443,east,3,12,0,0,0,0,30,남,3;1;1;4;5;5;1;4,41,42210;11110;44825,,,,,
f_f008445,east,3,2,0,0,0,0,20,여,3;3;1;3;3;3;6;6,11,50110;41820;50130,,,,,
f_f008450,east,3,10,0,0,0,0,30,여,2;3;2;5;6;4;5;6,11,42150;50130;26350,,,,,
f_f008453,east,3,10,0,0,0,0,30,여,5;1;4;2;3;1;1;5,48,26290;41110;11170,,,,,
f_f008473,east,3,22,0,0,0,0,20,여,1;1;1;4;1;3;3;6,11,42170;11110;50110,,,,,
f_f008489,east,3,2,0,0,0,0,40,여,2;4;2;6;5;2;1;5,11,42210;41270;44180,,,,,
f_f008506,east,3,22,0,0,0,0,30,남,3;2;2;1;2;6;1;5,11,50110;42150;26500,,,,,
f_f008518,east,3,21,0,0,0,0,30,여,1;1;2;7;6;1;2;7,11,42820;42150;41820,,,,,
f_f008543,east,2,22,0,0,0,0,50,남,6;6;7;6;6;7;6;7,47,47730;47720;47250,,,,,
f_f008544,east,2,2,0,0,0,0,40,남,3;2;4;3;3;4;5;5,48,50110;42230;45110,,,,,
f_f008547,east,2,11,0,0,0,0,40,남,2;6;3;3;6;6;6;3,42,42150;11680;27710,,,,,
f_f008549,east,2,4,0,0,0,0,30,남,2;2;2;4;2;5;2;6,48,48310;11440;50130,,,,,
f_f008551,east,2,1,0,0,0,0,30,여,4;2;2;1;3;4;2;6,26,29170;11230;46130,,,,,
f_f008553,east,2,2,0,0,0,0,40,남,5;5;4;3;4;5;3;5,48,26350;27260;11680,,,,,
f_f008554,east,2,1,0,0,0,0,30,남,6;3;5;2;7;6;3;4,26,29155;50130;42750,,,,,
f_f008555,east,2,2,0,0,0,0,20,남,6;2;5;3;6;5;3;3,48,26230;27110;47170,,,,,
f_f008560,east,2,13,0,0,0,0,60,남,4;5;5;3;2;6;5;4,31,48120;26230;47130,,,,,
f_f008561,east,2,2,0,0,0,0,40,남,3;2;6;4;4;4;4;4,43,42230;42760;42150,,,,,
f_f008563,east,2,11,0,0,0,0,40,여,2;1;2;5;4;3;5;1,48,26350;48310;11110,,,,,
f_f008564,east,2,28,0,0,0,0,50,여,2;2;1;5;5;2;6;2,41,42150;46150;50130,,,,,
f_f008568,east,2,24,0,0,0,0,40,여,1;1;1;4;5;1;7;5,42,42150;41270;42110,,,,,
f_f008569,east,2,1,0,0,0,0,20,남,2;2;3;3;3;5;2;6,27,47130;47110;26710,,,,,
f_f008570,east,2,4,0,0,0,0,60,남,4;4;4;6;2;4;6;4,48,50130;26380;47110,,,,,
f_f008571,east,2,1,0,0,0,0,30,여,4;3;2;3;5;6;2;7,26,48250;27260;50130,,,,,
f_f008572,east,2,22,0,0,0,0,30,남,1;1;1;2;2;6;1;1,27,26710;26500;50130,,,,,
f_f008575,east,2,3,0,0,0,0,30,남,6;4;5;1;5;6;2;6,48,26350;45110;48250,,,,,
f_f008577,east,2,1,0,0,0,0,20,남,1;1;1;1;1;1;1;1,48,26440;26410;26710,,,,,
f_f008579,east,2,22,0,0,0,0,50,남,6;2;1;2;2;2;6;7,27,26350;48310;47130,,,,,
f_f008581,east,2,22,0,0,0,0,20,남,2;1;2;1;2;2;1;7,26,48220;47110;42150,,,,,
f_f008584,east,2,11,0,0,0,0,50,남,3;4;4;2;4;4;5;4,42,42150;26350;48250,,,,,
f_f008585,east,2,21,0,0,0,0,30,여,6;6;6;3;3;5;6;4,31,26230;48120;47130,,,,,
f_f008588,east,2,2,0,0,0,0,50,남,3;1;2;4;5;3;2;3,26,48310;47130;46150,,,,,
f_f008590,east,2,22,0,0,0,0,40,여,4;6;1;4;6;4;2;7,27,50130;26710;47110,,,,,
f_f008592,east,2,21,0,0,0,0,30,여,2;2;4;2;4;6;1;6,27,42150;50130;41290,,,,,
f_f008594,east,2,12,0,0,0,0,30,여,2;3;2;2;4;3;2;3,27,50130;26470;42150,,,,,
f_f008600,east,2,11,0,0,0,0,40,남,6;7;1;5;6;5;6;4,48,29200;46150;46770,,,,,
f_f008601,east,2,22,0,0,0,0,30,여,5;5;3;2;2;2;2;7,26,48330;47130;48310,,,,,
f_f008602,east,2,2,0,0,0,0,50,여,2;3;3;6;6;6;6;4,41,42170;11350;48250,,,,,
f_f008603,east,2,24,0,0,0,0,40,여,1;1;1;5;7;5;1;7,27,26110;47130;42150,,,,,
f_f008604,east,2,2,0,0,0,0,50,여,4;3;2;3;3;3;3;5,27,50110;48310;41820,,,,,
f_f008605,east,2,21,0,0,0,0,30,남,3;2;3;2;4;4;6;6,11,50130;42170;29140,,,,,
f_f008607,east,2,13,0,0,0,0,40,여,3;6;5;4;1;2;5;4,26,43130;46150;26350,,,,,
f_f008610,east,2,10,0,0,0,0,20,여,1;1;2;1;4;4;3;6,26,50110;47110;42110,,,,,
f_f008611,east,2,2,0,0,0,0,30,여,4;4;4;4;4;4;4;4,26,47280;29200;11680,,,,,
f_f008612,east,3,1,0,0,0,0,20,남,2;2;3;6;6;6;7;5,47,26350;47130;47820,,,,,
f_f008618,east,3,1,0,0,0,0,30,남,6;2;1;6;6;7;7;2,11,50130;11380;46130,,,,,
f_f008623,east,3,23,0,0,0,0,20,여,3;1;2;4;5;5;3;4,27,11200;50110;26350,,,,,
f_f008625,east,3,22,0,0,0,0,20,여,1;1;1;4;4;1;5;6,26,48170;29140;47130,,,,,
f_f008629,east,3,1,0,0,0,0,20,여,4;1;5;3;6;5;3;5,11,26500;26200;47110,,,,,
f_f008630,east,3,10,0,0,0,0,30,여,4;3;3;2;5;5;7;6,27,50130;48270;11710,,,,,
f_f008635,east,3,1,0,0,0,0,20,여,2;1;1;3;2;2;2;6,28,11680;41460;28177,,,,,
f_f008652,east,3,23,0,0,0,0,30,여,5;2;3;3;6;5;5;5,41,50110;42150;42210,,,,,
f_f008690,east,2,1,0,0,0,0,20,남,4;1;1;1;4;1;4;3,11,50110;30110;26350,,,,,
f_f008699,east,2,10,0,0,0,0,20,여,4;4;3;3;3;3;3;5,11,42150;50110;41820,,,,,
f_f008725,east,2,1,0,0,0,0,20,여,3;3;2;4;2;3;5;6,27,26290;41130;27110,,,,,
f_f008730,east,3,23,0,0,0,0,20,남,4;1;1;4;1;4;4;4,27,11680;26350;30140,,,,,
f_f008741,east,3,1,0,0,0,0,20,남,1;1;1;4;7;1;1;2,26,50110;47130;11110,,,,,
f_f008750,east,3,1,0,0,0,0,20,여,2;1;1;6;2;2;2;2,42,42210;50130;11590,,,,,
f_f008752,east,3,1,0,0,0,0,40,여,4;3;4;3;3;4;3;6,42,42130;11170;50130,,,,,
f_f008758,east,2,1,0,0,0,0,20,남,4;7;4;7;4;4;7;4,47,47130;27110;26500,,,,,
f_f008760,east,2,21,0,0,0,0,30,남,4;3;2;2;4;2;2;5,11,42820;42210;26170,,,,,
f_f008761,east,2,1,0,0,0,0,30,남,4;2;4;1;7;4;7;4,27,26710;26410;47110,,,,,
f_f008775,east,3,2,0,0,0,0,20,여,4;4;4;3;4;5;6;5,26,26500;47130;47110,,,,,
f_f008779,east,3,12,0,0,0,0,30,남,1;1;1;7;2;4;7;6,30,42150;46710;44150,,,,,
f_f008781,east,2,1,0,0,0,0,30,여,6;2;6;3;6;6;3;6,26,26350;26500;27140,,,,,
f_f008794,east,2,1,0,0,0,0,30,여,5;5;3;1;2;6;1;4,27,26500;26350;31110,,,,,
f_f008803,east,3,1,0,0,0,0,30,남,6;5;2;2;6;2;2;4,41,42210;46130;50130,,,,,
f_f008805,east,3,1,0,0,0,0,20,여,4;2;6;5;1;6;3;5,48,26350;26500;47130,,,,,
f_f008807,east,3,1,0,0,0,0,20,여,4;1;2;4;4;6;3;5,11,42210;26350;50130,,,,,
f_f008810,east,3,1,0,0,0,0,40,여,6;2;2;6;1;6;2;6,41,42820;26350;42210,,,,,
f_f008827,east,3,1,0,0,0,0,20,남,4;3;3;3;5;5;6;7,41,50110;48170;26290,,,,,
f_f008830,east,3,5,0,0,0,0,20,남,6;1;5;4;1;2;3;5,31,31140;11680;41390,,,,,
f_f008831,east,3,23,0,0,0,0,30,남,2;2;1;4;2;1;3;6,47,27230;26350;11530,,,,,
f_f008836,east,3,21,0,0,0,0,30,여,3;4;2;4;4;5;6;4,27,26350;11680;47110,,,,,
f_f008838,east,2,1,0,0,0,0,20,여,4;1;1;4;5;7;1;6,47,50110;26350;47130,,,,,
f_f008844,east,3,1,0,0,0,0,30,남,7;1;1;3;3;6;1;1,31,27290;26410;41110,,,,,
f_f008846,east,2,1,0,0,0,0,20,남,3;3;2;2;4;4;1;7,47,50110;26500;27110,,,,,
f_f008847,east,3,22,0,0,0,0,20,남,5;5;6;4;5;6;6;6,41,42110;47130;46130,,,,,
f_f008852,east,3,22,0,0,0,0,30,남,4;1;1;2;6;7;1;5,41,50110;50130;26350,,,,,
f_f008856,east,2,1,0,0,0,0,20,여,5;4;3;4;4;2;5;6,48,48250;48120;26230,,,,,
f_f008861,east,3,1,0,0,0,0,20,여,6;1;2;2;2;6;7;7,47,50130;26500;47130,,,,,
f_f008866,east,3,1,0,0,0,0,20,남,3;1;3;7;4;5;3;4,44,42210;42150;29140,,,,,
f_f008870,east,2,1,0,0,0,0,30,남,2;3;1;3;4;3;1;7,45,26350;29110;46130,,,,,
f_f008877,east,2,1,0,0,0,0,40,여,1;1;1;3;1;1;4;5,47,26350;47290;50130,,,,,
f_f008878,east,2,1,0,0,0,0,20,여,3;3;4;4;3;3;2;3,48,50110;26500;11440,,,,,
f_f008884,east,3,1,0,0,0,0,20,여,4;2;3;1;2;3;6;7,48,26500;11440;11710,,,,,
f_f008891,east,2,6,0,0,0,0,20,남,3;3;2;5;4;4;3;7,26,50130;47130;26500,,,,,
f_f008892,east,3,22,0,0,0,0,20,여,4;1;7;6;6;1;7;7,31,47130;26500;47110,,,,,
f_f008899,east,3,22,0,0,0,0,20,여,4;1;1;3;5;3;1;6,47,50130;11500;26350,,,,,
f_f008918,east,2,12,0,0,0,0,30,여,4;5;2;5;2;5;6;7,27,47110;26350;11680,,,,,
f_f008923,east,2,1,0,0,0,0,20,남,5;2;1;3;4;4;2;6,27,26350;11440;11710,,,,,
f_f008962,east,2,1,0,0,0,0,20,여,4;4;7;5;7;7;7;5,11,11560;41820;11305,,,,,
f_f008979,east,2,2,0,0,0,0,20,여,2;2;4;4;2;5;6;3,11,42150;50110;26350,,,,,
f_f008997,east,3,2,0,0,0,0,30,남,1;1;4;4;7;7;7;7,41,42150;42750;43110,,,,,
f_f009003,east,2,22,0,0,0,0,40,여,2;1;4;3;2;4;7;7,26,47130;50110;45110,,,,,
f_f009030,east,2,2,0,0,0,0,20,여,4;4;4;1;1;4;4;1,46,42210;27260;26710,,,,,
f_f009064,east,2,2,0,0,0,0,20,여,5;2;1;6;2;2;7;5,11,42150;26350;11230,,,,,
f_f009074,east,3,22,0,0,0,0,40,남,1;3;1;6;1;4;4;3,41,42760;42210;42810,,,,,
f_f009078,east,2,2,0,0,0,0,20,여,2;1;3;3;5;4;6;5,27,26350;47130;11440,,,,,
f_f009091,east,2,1,0,0,0,0,20,남,1;1;1;1;4;1;1;7,27,26350;50110;46130,,,,,
f_f009097,east,3,2,0,0,0,0,20,남,6;2;2;2;6;6;6;6,48,46130;11440;26230,,,,,
f_f009102,east,2,1,0,0,0,0,30,여,6;4;3;2;6;2;1;4,26,47130;42210;42830,,,,,
f_f009115,east,2,1,0,0,0,0,50,남,4;5;4;3;2;4;5;4,26,47130;48250;48120,,,,,
f_f009141,east,3,12,0,0,0,0,50,남,4;2;2;2;4;5;2;2,41,26350;50130;42210,,,,,
f_f009153,east,2,22,0,0,0,0,20,여,4;1;5;5;7;7;6;7,26,47130;50110;26410,,,,,
f_f009155,east,2,1,0,0,0,0,20,여,6;2;2;2;2;4;3;4,26,50110;11680;48270,,,,,
f_f009162,east,2,1,0,0,0,0,20,남,5;5;2;6;6;5;1;6,47,27110;47130;26140,,,,,
f_f009164,east,2,2,0,0,0,0,40,남,1;1;1;3;2;4;1;7,26,48860;47110;48310,,,,,
f_f009165,east,2,11,0,0,0,0,50,여,4;4;6;3;6;5;5;3,48,26350;47130;45110,,,,,
f_f009168,east,2,1,0,0,0,0,40,여,2;2;4;3;3;4;3;3,27,47770;48310;43800,,,,,
f_f009169,east,2,2,0,0,0,0,30,여,4;4;5;6;6;4;6;4,48,27110;26230;11110,,,,,
f_f009170,east,2,4,0,0,0,0,50,남,5;2;4;5;5;5;2;3,42,45110;41450;42210,,,,,
f_f009173,east,2,22,0,0,0,0,30,남,6;2;2;1;6;6;1;7,26,26440;48170;11710,,,,,
f_f009175,east,2,1,0,0,0,0,40,여,4;5;5;4;4;4;5;5,48,26710;26230;31170,,,,,
f_f009177,east,2,21,0,0,0,0,30,남,3;5;4;2;4;6;5;2,47,27260;47820;26200,,,,,
f_f009178,east,2,26,0,0,0,0,50,남,4;4;4;4;4;4;6;2,47,26350;27290;47820,,,,,
f_f009180,east,2,2,0,0,0,0,50,남,4;1;3;3;6;5;1;7,27,26260;11230;47820,,,,,
f_f009181,east,2,13,0,0,0,0,40,남,2;1;3;2;1;5;2;6,42,42150;50130;11680,,,,,
f_f009184,east,2,11,0,0,0,0,40,남,1;2;1;3;6;7;1;2,48,50110;26350;45190,,,,,
f_f009185,east,2,1,0,0,0,0,40,여,2;2;3;2;4;3;5;2,26,42150;46130;50130,,,,,
f_f009186,east,2,21,0,0,0,0,60,남,2;7;4;2;4;3;4;6,27,47820;47290;47130,,,,,
f_f009189,east,2,11,0,0,0,0,20,여,6;2;2;6;6;2;6;7,48,26260;48240;27290,,,,,
f_f009192,east,3,21,0,0,0,0,40,여,1;4;1;3;4;7;1;7,11,50130;41480;44825,,,,,
f_f009203,east,2,22,0,0,0,0,30,남,7;4;1;7;7;7;4;7,31,11170;26500;31140,,,,,
f_f009231,east,3,11,0,0,0,0,30,남,2;2;1;4;5;5;3;7,11,27290;26500;42150,,,,,
f_f009238,east,2,12,0,0,0,0,20,남,2;4;3;3;3;3;6;4,27,47130;26350;46130,,,,,
f_f009248,east,3,1,0,0,0,0,20,여,5;3;3;3;3;3;3;5,11,26500;50130;42150,,,,,
f_f009376,east,2,21,0,0,0,0,40,남,1;1;2;2;1;6;2;7,11,50110;26350;42150,,,,,
f_f009396,east,2,22,0,0,0,0,20,여,6;2;3;4;4;4;2;5,11,42150;26530;50110,,,,,
f_f009430,east,2,22,0,0,0,0,30,여,6;5;2;4;6;6;7;7,28,26350;42130;41570,,,,,
f_f009445,east,2,22,0,0,0,0,20,남,2;2;4;2;6;6;2;6,31,50130;26200;47130,,,,,
f_f009448,east,2,2,0,0,0,0,40,남,4;4;4;5;5;5;5;5,27,47170;31140;11680,,,,,
f_f009454,east,3,22,0,0,0,0,20,남,1;1;7;1;1;7;7;7,30,26500;42150;50130,,,,,
f_f009461,east,2,22,0,0,0,0,20,여,4;5;2;3;2;3;3;6,48,11680;26530;48240,,,,,
f_f009465,east,2,10,0,0,0,0,20,여,6;6;7;2;1;1;1;6,26,31140;47130;27260,,,,,
f_f009472,east,2,1,0,0,0,0,30,여,2;4;2;3;3;6;7;4,27,26350;47130;47110,,,,,
f_f009480,east,2,2,0,0,0,0,20,여,2;2;1;6;6;2;1;6,26,26350;47170;47130,,,,,
f_f009495,east,3,1,0,0,0,0,20,남,2;2;3;4;5;5;5;6,42,42150;41110;26320,,,,,
f_f009505,east,3,1,0,0,0,0,20,여,4;4;5;5;2;4;5;4,30,50130;50110;46130,,,,,
f_f009516,east,2,1,0,0,0,0,30,남,6;2;4;2;4;5;3;7,27,26710;26500;47110,,,,,
f_f009535,east,2,1,0,0,0,0,30,여,2;4;7;1;1;5;1;1,47,47130;50110;45110,,,,,
f_f009556,east,3,1,0,0,0,0,30,여,4;3;3;5;5;4;6;5,43,42150;26350;50110,,,,,
f_f009569,east,2,2,0,0,0,0,50,여,3;7;1;4;1;1;1;1,27,47130;47110;44270,,,,,
f_f009596,east,2,22,0,0,0,0,20,여,2;2;2;1;1;2;6;6,11,46130;42150;27200,,,,,
f_f009605,east,2,6,0,0,0,0,30,여,2;3;2;3;3;4;6;5,11,50110;42150;48310,,,,,
f_f009619,east,3,1,0,0,0,0,30,남,4;4;3;4;2;2;6;4,31,27140;29110;42830,,,,,
f_f009637,east,3,22,0,0,0,0,50,여,3;3;5;3;2;6;5;6,31,26710;44210;26320,,,,,
f_f009640,east,2,1,0,0,0,0,20,남,2;2;4;2;4;4;1;4,27,26350;48310;47110,,,,,
f_f009660,east,3,22,0,0,0,0,20,남,4;1;4;2;4;4;2;7,11,11650;42110;41210,,,,,
f_f009675,east,3,21,0,0,0,0,30,남,6;1;4;1;4;5;1;5,11,42210;50130;26350,,,,,
f_f009676,east,2,22,0,0,0,0,30,여,4;2;1;3;2;3;6;7,41,42150;47130;30110,,,,,
f_f009685,east,3,1,0,0,0,0,30,여,6;1;1;3;6;4;2;7,31,26230;26350;48120,,,,,
f_f009704,east,2,1,0,0,0,0,20,여,4;4;4;4;3;3;5;3,47,27140;26350;47130,,,,,
f_f009713,east,3,10,0,0,0,0,50,남,4;4;4;5;2;4;3;4,41,42210;48220;50130,,,,,
f_f009724,east,2,2,0,0,0,0,30,여,2;7;7;4;7;1;7;4,28,42150;42130;50110,,,,,
f_f009733,east,3,1,0,0,0,0,20,남,4;1;3;2;4;4;4;6,27,50110;50130;26500,,,,,
f_f009744,east,2,21,0,0,0,0,50,남,1;6;1;5;2;2;2;5,11,42150;46110;43800,,,,,
f_f009746,east,3,22,0,0,0,0,30,여,2;1;2;2;1;1;5;7,26,50130;50110;46130,,,,,
f_f009758,east,3,5,0,0,0,0,50,남,2;6;2;2;6;4;6;3,26,26350;48250;48330,,,,,
f_f009763,east,3,22,0,0,0,0,40,여,1;1;7;4;7;7;4;7,41,42210;42110;11740,,,,,
f_f009765,east,3,1,0,0,0,0,30,여,2;2;2;4;2;3;4;6,11,47130;42170;26500,,,,,
f_f009779,east,3,4,0,0,0,0,20,남,7;2;2;5;6;4;2;6,31,11350;27110;47130,,,,,
f_f009787,east,2,1,0,0,0,0,20,여,4;1;1;3;4;7;7;7,11,26500;42150;41820,,,,,
f_f009791,east,3,10,0,0,0,0,30,여,1;1;4;1;1;2;4;4,41,42150;46130;50130,,,,,
f_f009827,east,2,1,0,0,0,0,20,여,1;7;1;2;1;5;7;6,47,27110;47820;47110,,,,,
f_f009846,east,2,1,0,0,0,0,20,여,5;1;1;3;3;3;6;3,27,26500;11230;11710,,,,,
f_f009858,east,2,1,0,0,0,0,30,남,2;2;2;7;6;6;7;6,48,26530;26380;48270,,,,,
f_f009859,east,3,1,0,0,0,0,30,남,2;2;2;3;5;5;2;6,50,26230;11440;50110,,,,,
f_f009866,east,2,22,0,0,0,0,20,여,3;1;1;3;5;1;1;7,11,26200;42820;50110,,,,,
f_f009875,east,2,1,0,0,0,0,20,남,6;6;7;4;5;6;6;5,27,26350;27290;30230,,,,,
f_f009886,east,2,1,0,0,0,0,20,여,3;6;2;2;5;2;6;5,27,26350;47110;47850,,,,,
f_f009933,east,2,6,0,0,0,0,20,여,1;1;1;1;1;1;7;1,41,26500;41820;42210,,,,,
f_f009966,east,2,1,0,0,0,0,20,여,4;6;5;6;1;6;6;6,47,47170;47770;47760,,,,,
f_f010006,east,2,2,0,0,0,0,20,여,3;2;2;3;1;3;6;2,27,50110;50130;26350,,,,,
f_f010028,east,3,22,0,0,0,0,20,여,2;4;2;3;4;5;5;5,48,47130;27200;50130,,,,,
f_f010035,east,2,1,0,0,0,0,20,남,4;1;1;3;4;3;2;7,31,50130;26500;45790,,,,,
f_f010085,east,3,21,0,0,0,0,20,남,1;1;1;4;4;2;4;7,11,50110;42150;28177,,,,,
f_f010136,east,2,1,0,0,0,0,20,여,2;1;1;3;1;3;7;2,27,26500;50130;11440,,,,,
f_f010164,east,2,22,0,0,0,0,30,여,2;6;1;1;6;6;5;7,30,50130;26500;11680,,,,,
f_f010193,east,2,13,0,0,0,0,20,남,2;1;1;5;4;4;4;5,26,26710;50110;42170,,,,,
f_f010197,east,2,1,0,0,0,0,20,여,6;1;2;1;5;6;1;7,47,26350;30140;45110,,,,,
f_f010208,east,2,25,0,0,0,0,20,여,3;2;5;3;2;2;2;5,31,50110;47110;47130,,,,,
f_f010239,east,2,1,0,0,0,0,20,남,5;6;2;1;1;6;7;7,26,26710;11650;48220,,,,,
f_f010249,east,2,1,0,0,0,0,20,여,4;1;1;3;6;4;6;7,41,42150;42110;42130,,,,,
f_f010254,east,3,1,0,0,0,0,20,여,6;2;2;2;2;4;2;6,31,26380;11680;31140,,,,,
f_f010276,east,2,2,0,0,0,0,20,여,6;6;3;1;4;4;6;6,47,26350;27260;11710,,,,,
f_f010285,east,3,1,0,0,0,0,20,남,3;2;2;5;4;6;2;7,27,47250;27290;26350,,,,,
f_f010291,east,2,21,0,0,0,0,20,여,1;3;5;2;2;2;6;4,41,50130;42150;26350,,,,,
f_f010307,east,3,1,0,0,0,0,20,여,2;2;3;4;2;5;2;5,11,42110;42210;28710,,,,,
f_f010327,east,3,1,0,0,0,0,40,남,2;2;6;6;4;2;6;2,26,48270;48250;48220,,,,,
f_f010329,east,2,1,0,0,0,0,20,여,4;3;4;3;3;4;2;6,48,50130;26230;42150,,,,,
f_f010333,east,3,5,0,0,0,0,20,여,2;1;1;3;6;2;7;5,41,50130;42150;28710,,,,,
f_f010338,east,2,6,0,0,0,0,20,남,2;2;2;3;4;4;6;6,27,47110;26350;47130,,,,,
f_f010340,east,3,22,0,0,0,0,20,남,2;1;2;3;5;4;2;5,27,50130;26200;42150,,,,,
f_f010342,east,2,22,0,0,0,0,20,여,3;1;2;3;5;5;2;5,41,26350;42150;50130,,,,,
f_f010348,east,3,1,0,0,0,0,20,남,5;1;5;2;4;2;5;7,27,47130;41270;26500,,,,,
f_f010391,east,2,26,0,0,0,0,40,남,1;4;1;1;1;1;4;6,42,42820;47130;50130,,,,,
f_f010397,east,2,22,0,0,0,0,20,여,7;3;6;7;5;3;7;6,27,11110;30140;26500,,,,,
f_f010426,east,2,22,0,0,0,0,50,여,1;4;4;4;4;1;7;4,27,47110;47150;47930,,,,,
f_f010454,east,2,11,0,0,0,0,40,남,1;7;1;1;1;7;1;7,27,47130;26710;50130,,,,,
f_f010463,east,2,11,0,0,0,0,40,여,4;3;1;4;4;1;1;6,31,50130;11410;26710,,,,,
f_f010537,east,2,1,0,0,0,0,30,여,5;5;5;5;6;3;6;7,31,11650;26350;48220,,,,,
f_f010597,east,2,2,0,0,0,0,20,남,2;1;1;5;5;1;1;6,41,26350;50130;11710,,,,,
f_f010608,east,3,3,0,0,0,0,20,남,2;2;2;4;4;4;3;6,11,42150;47290;50110,,,,,
f_f010631,east,2,12,0,0,0,0,40,남,2;6;2;2;2;7;7;1,26,42150;46110;48120,,,,,
f_f010643,east,2,1,0,0,0,0,20,남,2;2;1;1;1;2;2;7,26,50130;26350;47130,,,,,
f_f010645,east,2,1,0,0,0,0,30,여,6;2;2;6;1;6;1;7,47,27110;47190;26350,,,,,
f_f010650,east,2,2,0,0,0,0,30,여,2;4;3;3;5;3;3;6,41,26500;50130;11110,,,,,
f_f010660,east,2,1,0,0,0,0,30,여,4;1;1;3;1;5;7;4,48,26710;47130;48250,,,,,
f_f010662,east,2,1,0,0,0,0,30,여,2;1;1;2;2;1;1;7,27,11680;50130;30200,,,,,
f_f010664,east,2,1,0,0,0,0,30,여,4;2;2;5;3;4;3;3,27,11680;47130;26500,,,,,
f_f010679,east,2,21,0,0,0,0,30,남,2;6;4;4;1;6;6;2,27,47290;47110;27140,,,,,
f_f010698,east,2,10,0,0,0,0,20,여,4;2;5;4;2;5;1;5,41,11680;41130;42210,,,,,
f_f010726,east,2,1,0,0,0,0,20,남,1;6;1;7;4;1;6;1,48,50130;47110;26350,,,,,
f_f010740,east,3,1,0,0,0,0,20,남,3;1;2;5;3;2;5;6,41,50110;26350;26710,,,,,
f_f010742,east,2,1,0,0,0,0,20,남,7;4;4;1;3;6;6;7,11,42150;42730;41310,,,,,
f_f010749,east,2,22,0,0,0,0,20,남,2;2;2;4;6;2;6;7,11,42150;26710;41110,,,,,
f_f010766,east,3,10,0,0,0,0,30,여,1;1;2;2;1;2;6;6,28,42210;26350;28110,,,,,
f_f010783,east,2,1,0,0,0,0,30,남,6;6;6;6;6;7;7;3,48,26230;26530;26350,,,,,
f_f010802,east,2,1,0,0,0,0,40,남,3;2;5;4;4;3;2;5,47,26350;42150;27260,,,,,
f_f010805,east,3,1,0,0,0,0,30,남,4;3;4;5;2;6;5;5,47,47130;31110;27260,,,,,
f_f010814,east,2,5,0,0,0,0,20,여,4;1;4;6;4;4;3;5,11,26230;47130;50110,,,,,
f_f010820,east,2,2,0,0,0,0,30,남,1;1;7;4;7;7;1;7,26,47130;48310;48840,,,,,
f_f010822,east,3,10,0,0,0,0,20,남,2;2;2;6;3;2;6;6,31,26230;26710;47110,,,,,
f_f010867,east,3,11,0,0,0,0,30,여,7;1;7;1;7;7;7;7,26,47130;48120;11440,,,,,
f_f010869,east,2,22,0,0,0,0,20,여,1;1;1;3;4;2;3;5,41,50130;42830;26500,,,,,
f_f010870,east,3,1,0,0,0,0,20,여,2;2;1;2;5;3;3;6,47,27110;26350;30170,,,,,
f_f010886,east,2,1,0,0,0,0,20,여,7;6;5;6;6;3;1;7,26,11110;29110;27110,,,,,
f_f010909,east,2,22,0,0,0,0,40,여,5;2;3;4;2;2;6;6,47,27260;47130;30200,,,,,
f_f010912,east,2,22,0,0,0,0,30,여,6;4;2;2;4;4;7;7,11,26350;42150;28237,,,,,
f_f010933,east,3,2,0,0,0,0,40,남,1;1;5;4;6;4;5;7,11,42830;43800;41820,,,,,
f_f010938,east,2,22,0,0,0,0,20,남,2;5;5;2;5;2;5;6,27,11440;11680;26500,,,,,
f_f010939,east,2,22,0,0,0,0,20,남,4;1;1;6;7;6;7;7,11,42150;42210;42110,,,,,
f_f010945,east,3,1,0,0,0,0,30,여,6;2;6;2;2;3;2;6,26,11680;50110;50130,,,,,
f_f010955,east,3,6,0,0,0,0,20,여,4;2;3;3;4;4;3;5,11,26500;42150;47130,,,,,
f_f010961,east,2,2,0,0,0,0,20,여,6;2;4;2;2;6;6;7,29,50110;26500;11170,,,,,
f_f010981,east,3,1,0,0,0,0,30,여,3;2;2;4;4;3;6;4,46,11440;26500;29155,,,,,
f_f010988,east,3,10,0,0,0,0,20,남,4;1;2;1;4;4;2;2,27,26350;50110;50130,,,,,
f_f010989,east,2,10,0,0,0,0,30,여,3;2;4;1;3;5;7;6,11,50110;42820;41820,,,,,
f_f010995,east,2,26,0,0,0,0,50,여,6;7;7;7;1;7;7;1,26,48310;48250;31140,,,,,
f_f011000,east,3,1,0,0,0,0,20,여,3;1;4;3;4;2;3;5,11,42150;26350;28710,,,,,
f_f011010,east,3,1,0,0,0,0,20,여,6;6;6;6;6;6;6;6,30,26290;50110;11170,,,,,
f_f011017,east,2,6,0,0,0,0,20,여,6;6;2;4;2;6;7;6,26,27110;47130;50110,,,,,
f_f011055,east,2,22,0,0,0,0,20,남,4;4;4;4;4;4;4;4,48,50130;47130;42150,,,,,
f_f011139,east,2,1,0,0,0,0,20,남,3;3;1;4;4;3;3;7,41,47130;42210;28245,,,,,
f_f011146,east,2,1,0,0,0,0,20,남,2;2;3;5;5;5;5;6,47,50130;11680;42830,,,,,
f_f011174,east,2,22,0,0,0,0,30,남,1;4;1;4;1;1;4;7,11,42730;45770;42800,,,,,
f_f011230,east,2,1,0,0,0,0,20,여,2;3;2;2;2;5;2;6,26,50130;48840;41110,,,,,
f_f011231,east,3,1,0,0,0,0,20,여,3;1;5;4;2;5;7;5,11,50130;42150;26350,,,,,
f_f011240,east,2,22,0,0,0,0,30,여,1;1;4;3;1;2;2;5,26,47930;47130;48840,,,,,
f_f011248,east,2,9,0,0,0,0,20,여,2;4;6;1;2;2;6;7,11,43110;42150;50130,,,,,
f_f011280,east,2,1,0,0,0,0,20,남,5;1;2;4;3;5;2;4,27,11440;26350;27110,,,,,
f_f011281,east,2,2,0,0,0,0,50,여,2;4;1;4;3;1;1;7,26,48250;47130;31140,,,,,
f_f011316,east,3,3,0,0,0,0,20,여,1;1;1;5;6;5;5;5,11,50130;41360;47130,,,,,
f_f011329,east,3,10,0,0,0,0,20,남,3;1;2;2;2;3;5;5,41,42150;50110;50130,,,,,
f_f011335,east,2,1,0,0,0,0,50,남,4;3;5;3;5;6;2;2,41,42150;46150;29200,,,,,
f_f011398,east,2,2,0,0,0,0,30,여,4;4;2;7;7;4;7;4,48,48120;26470;27290,,,,,
f_f011405,east,2,21,0,0,0,0,20,여,1;6;1;1;4;4;3;7,41,50130;42150;26350,,,,,
f_f011416,east,2,22,0,0,0,0,30,여,5;6;2;5;5;4;2;5,26,26230;27260;30170,,,,,
f_f011427,east,2,6,0,0,0,0,40,여,4;7;4;6;7;4;4;4,26,48120;48310;48730,,,,,
f_f011443,east,2,1,0,0,0,0,20,여,5;2;2;5;2;5;2;6,11,42150;28710;50130,,,,,
f_f011464,east,2,22,0,0,0,0,20,남,6;3;2;3;2;6;6;3,27,26350;27110;26110,,,,,
f_f011469,east,3,2,0,0,0,0,20,여,4;2;4;1;4;4;3;3,26,31200;50130;48220,,,,,
f_f011470,east,2,22,0,0,0,0,20,여,4;2;3;2;2;4;3;6,27,27110;47130;47110,,,,,
f_f011472,east,2,11,0,0,0,0,50,여,4;7;2;3;6;4;6;4,26,48310;26710;31710,,,,,
f_f011475,east,2,22,0,0,0,0,60,남,3;7;3;4;2;5;2;7,27,47110;47130;27710,,,,,
f_f011476,east,3,1,0,0,0,0,30,여,4;2;4;3;5;5;3;4,48,26350;26110;50130,,,,,
f_f011485,east,2,3,0,0,0,0,20,여,4;4;1;1;4;4;7;4,27,47130;47110;47720,,,,,
f_f011487,east,3,1,0,0,0,0,30,남,6;1;1;7;7;7;7;6,41,42210;42820;48120,,,,,
f_f011492,east,3,1,0,0,0,0,20,남,1;1;1;2;1;1;6;7,29,42150;50130;46110,,,,,
f_f011494,east,2,2,0,0,0,0,40,남,5;2;2;2;5;4;4;3,11,26350;41650;47930,,,,,
f_f011498,east,2,2,0,0,0,0,20,남,2;2;2;2;2;2;6;6,11,11710;50130;50110,,,,,
f_f011502,east,3,1,0,0,0,0,20,남,1;1;1;3;3;6;5;6,11,42210;42150;50130,,,,,
f_f011503,east,3,1,0,0,0,0,20,여,6;2;1;2;4;7;6;7,46,26350;29170;46130,,,,,
f_f011516,east,3,1,0,0,0,0,40,여,4;4;3;3;3;5;5;5,11,42210;41820;46130,,,,,
f_f011529,east,2,10,0,0,0,0,20,여,6;4;3;4;3;6;2;6,48,26350;30140;11440,,,,,
f_f011530,east,3,2,0,0,0,0,20,남,6;1;3;6;6;7;2;7,11,42150;30170;41460,,,,,
f_f011531,east,3,22,0,0,0,0,20,여,6;1;6;6;4;2;1;7,43,42150;26500;41220,,,,,
f_f011544,east,3,5,0,0,0,0,30,남,3;1;1;2;4;6;2;6,26,50110;48880;11140,,,,,
f_f011554,east,2,1,0,0,0,0,30,남,4;4;4;2;6;4;2;6,48,50110;50130;26710,,,,,
f_f011559,east,2,1,0,0,0,0,20,여,4;2;2;3;3;5;7;7,11,42150;26500;47130,,,,,
f_f011565,east,3,1,0,0,0,0,30,여,4;1;5;1;3;4;6;7,11,26710;50130;48310,,,,,
f_f011568,east,3,1,0,0,0,0,40,남,1;7;1;3;1;1;1;7,31,48840;42150;50130,,,,,
f_f011576,east,2,2,0,0,0,0,40,여,4;4;4;2;2;2;2;6,48,48820;46130;48840,,,,,
f_f011577,east,2,2,0,0,0,0,30,여,2;1;3;4;4;6;6;5,11,50130;50110;42150,,,,,
f_f011579,east,2,22,0,0,0,0,50,여,2;2;2;5;1;3;4;7,26,50130;50110;42230,,,,,
f_f011582,east,2,21,0,0,0,0,30,여,2;3;2;5;4;4;3;3,27,50130;47130;42210,,,,,
f_f011583,east,2,1,0,0,0,0,40,여,1;4;1;4;4;1;6;4,47,47770;47170;47130,,,,,
f_f011588,east,2,22,0,0,0,0,50,남,1;2;1;2;3;4;5;5,47,42170;47130;46110,,,,,
f_f011589,east,2,2,0,0,0,0,30,남,2;2;4;2;2;4;3;3,31,26710;47130;41130,,,,,
f_f011598,east,2,21,0,0,0,0,30,남,3;3;3;1;4;3;4;5,31,26350;30170;11710,,,,,
f_f011599,east,2,2,0,0,0,0,50,남,2;2;4;4;3;5;3;3,41,42830;42210;28110,,,,,
f_f011601,east,3,4,0,0,0,0,20,여,1;1;1;3;4;6;2;5,28,42170;50110;42820,,,,,
f_f011615,east,3,23,0,0,0,0,20,여,5;2;2;4;6;5;1;2,26,11680;50110;41110,,,,,
f_f011630,east,2,1,0,0,0,0,20,여,2;4;5;4;2;4;2;5,30,50110;26350;11230,,,,,
f_f011631,east,2,2,0,0,0,0,20,여,4;6;2;6;6;7;6;5,41,50130;42210;26350,,,,,
f_f011643,east,3,22,0,0,0,0,30,여,3;2;1;5;4;6;6;7,41,42150;50110;42210,,,,,
f_f011645,east,3,1,0,0,0,0,20,남,4;4;4;3;2;4;3;3,41,50110;42210;46130,,,,,
f_f011668,east,2,1,0,0,0,0,30,여,1;1;1;1;1;1;7;3,26,50130;26350;48250,,,,,
f_f011671,east,2,1,0,0,0,0,20,여,6;2;2;2;5;3;2;6,48,26230;11680;42110,,,,,
f_f011680,east,2,3,0,0,0,0,30,여,3;3;2;2;2;5;5;5,48,50110;26410;26230,,,,,
f_f011686,east,2,12,0,0,0,0,30,남,1;4;1;1;7;1;7;7,11,42820;42170;28260,,,,,
f_f011708,east,2,21,0,0,0,0,20,여,3;4;2;4;3;5;6;3,11,50110;42830;42210,,,,,
f_f011733,east,2,1,0,0,0,0,20,여,7;3;6;2;1;7;7;7,26,11680;47130;27110,,,,,
f_f011735,east,2,22,0,0,0,0,20,남,2;2;2;4;2;4;3;5,26,42830;50130;47130,,,,,
f_f011738,east,2,25,0,0,0,0,20,여,3;5;3;1;1;6;1;7,27,26350;47110;47290,,,,,
f_f011748,east,2,1,0,0,0,0,20,여,2;2;2;2;2;6;5;6,41,50110;26110;47250,,,,,
f_f011754,east,2,4,0,0,0,0,60,여,1;2;2;1;1;2;1;1,11,42210;26350;50130,,,,,
f_f011755,east,3,1,0,0,0,0,20,여,1;2;2;3;2;6;6;6,11,42150;47110;26350,,,,,
f_f011771,east,2,2,0,0,0,0,20,여,5;5;7;6;7;6;3;1,27,50110;50130;11170,,,,,
f_f011795,east,3,1,0,0,0,0,30,여,5;5;3;2;1;3;7;5,41,41110;42210;26350,,,,,
f_f011809,east,3,1,0,0,0,0,30,여,4;1;1;3;4;4;6;5,36,50110;50130;26350,,,,,
f_f011810,east,2,1,0,0,0,0,30,남,6;6;7;7;5;6;6;3,47,26350;47110;27260,,,,,
f_f011816,east,2,1,0,0,0,0,30,여,2;4;2;4;1;5;3;2,47,11170;27260;47290,,,,,
f_f011818,east,3,10,0,0,0,0,20,여,6;2;1;1;6;2;7;7,26,48310;11680;50110,,,,,
f_f011819,east,2,22,0,0,0,0,40,여,5;4;5;2;3;3;2;7,26,11680;11710;50110,,,,,
f_f011857,east,3,13,0,0,0,0,40,남,2;2;6;4;2;4;2;2,26,48840;48240;47820,,,,,
f_f011861,east,3,2,0,0,0,0,20,남,4;2;2;5;3;5;6;5,11,41820;50130;26110,,,,,
f_f011864,east,2,1,0,0,0,0,20,여,5;5;5;6;6;6;6;6,45,26350;50110;27140,,,,,
f_f011866,east,2,22,0,0,0,0,20,남,5;3;3;2;3;2;3;7,47,11170;42150;50130,,,,,
f_f011883,east,2,21,0,0,0,0,20,여,3;2;2;4;3;3;5;2,11,41290;26500;50110,,,,,
f_f011890,east,3,21,0,0,0,0,20,여,2;2;4;2;1;7;2;6,48,26500;48270;48310,,,,,
f_f011907,east,2,2,0,0,0,0,30,남,6;5;2;5;4;6;6;5,26,47130;27110;50110,,,,,
f_f011915,east,2,28,0,0,0,0,40,여,3;3;5;3;5;6;2;3,48,47130;48310;47820,,,,,
f_f011916,east,2,26,0,0,0,0,30,여,5;2;2;2;2;6;6;7,31,26350;26500;11170,,,,,
f_f011918,east,2,1,0,0,0,0,20,여,5;2;2;7;7;2;3;5,27,26350;47130;11230,,,,,
f_f011932,east,2,1,0,0,0,0,30,여,6;1;2;1;2;3;3;7,48,11230;26500;26230,,,,,
f_f011933,east,3,11,0,0,0,0,60,남,2;2;2;3;4;2;2;3,28,42150;43110;28720,,,,,
f_f011944,east,3,23,0,0,0,0,30,여,4;1;2;3;4;4;2;3,29,26500;26350;46130,,,,,
f_f011950,east,3,26,0,0,0,0,30,남,2;4;1;4;4;4;7;1,31,42190;11440;26710,,,,,
f_f011953,east,3,1,0,0,0,0,20,여,1;1;2;3;1;4;1;7,26,50130;31710;48270,,,,,
f_f011963,east,3,22,0,0,0,0,20,남,4;3;3;2;2;6;5;6,41,11440;44230;11215,,,,,
f_f011978,east,2,22,0,0,0,0,40,남,2;1;2;2;4;3;6;6,41,42820;50110;41220,,,,,
f_f011979,east,2,1,0,0,0,0,40,여,5;2;2;3;5;5;6;6,48,11440;27110;26230,,,,,
f_f011989,east,2,21,0,0,0,0,50,여,2;4;1;4;4;1;3;7,27,47130;47110;48840,,,,,
f_f012010,east,2,22,0,0,0,0,20,여,2;2;2;4;5;6;2;5,26,50130;26200;47130,,,,,
f_f012011,east,2,2,0,0,0,0,30,남,4;3;5;2;4;5;3;6,11,50110;42150;42210,,,,,
f_f012111,east,3,21,0,0,0,0,20,여,3;4;2;3;4;3;3;7,41,50130;42150;26350,,,,,
f_f012114,east,2,21,0,0,0,0,30,여,1;7;4;7;3;3;3;6,11,30200;44150;26260,,,,,
f_f012115,east,2,26,0,0,0,0,40,남,4;7;4;6;6;4;2;7,26,47130;47170;29155,,,,,
f_f012122,east,2,1,0,0,0,0,20,여,2;2;2;4;2;6;1;7,31,11680;26350;50130,,,,,
f_f012126,east,2,1,0,0,0,0,40,여,4;1;2;2;1;6;6;2,27,11170;26350;50130,,,,,
f_f012128,east,3,1,0,0,0,0,30,남,2;1;4;2;4;6;4;6,41,50130;26110;42830,,,,,
f_f012131,east,3,21,0,0,0,0,30,남,2;2;1;6;2;3;2;7,26,50130;48220;47110,,,,,
f_f012136,east,2,11,0,0,0,0,40,남,2;2;1;3;6;6;2;7,26,27140;26350;26500,,,,,
f_f012142,east,3,22,0,0,0,0,20,여,4;2;6;5;4;2;2;6,44,11680;42150;42210,,,,,
f_f012144,east,2,1,0,0,0,0,20,여,3;3;3;3;3;3;4;5,11,50130;50110;42210,,,,,
f_f012145,east,3,12,0,0,0,0,30,남,1;1;1;3;6;4;4;5,11,50110;42150;26350,,,,,
f_f012146,east,3,12,0,0,0,0,20,남,2;2;2;5;2;4;3;4,11,50110;42150;47130,,,,,
f_f012150,east,3,1,0,0,0,0,20,여,6;2;2;3;4;5;6;2,45,11410;30110;50130,,,,,
f_f012156,east,3,3,0,0,0,0,20,여,2;2;5;4;5;5;6;6,11,41820;50110;45110,,,,,
f_f012158,east,3,1,0,0,0,0,30,남,4;1;1;3;3;3;4;4,48,26170;11110;45110,,,,,
f_f012160,east,3,22,0,0,0,0,30,여,1;1;1;3;4;4;6;5,11,50110;42150;42210,,,,,
f_f012181,east,2,3,0,0,0,0,40,여,1;2;2;4;6;2;2;6,11,50130;42190;11230,,,,,
f_f012185,east,2,11,0,0,0,0,40,여,4;3;4;2;2;4;4;5,48,27140;27710;48220,,,,,
f_f012205,east,2,1,0,0,0,0,60,여,5;6;4;6;5;3;6;6,41,42150;41830;11680,,,,,
f_f012224,east,3,2,0,0,0,0,30,여,3;3;3;6;3;5;3;6,26,11170;26350;47130,,,,,
f_f012235,east,3,21,0,0,0,0,30,남,3;1;1;4;5;4;2;6,41,42210;44825;41270,,,,,
f_f012238,east,2,21,0,0,0,0,50,남,2;6;4;6;2;4;6;6,48,48240;48860;48850,,,,,
f_f012240,east,2,22,0,0,0,0,30,남,2;2;4;4;3;4;3;6,48,26350;50130;11110,,,,,
f_f012248,east,2,1,0,0,0,0,40,남,2;2;1;2;7;2;2;7,26,41820;48840;48170,,,,,
f_f012289,east,2,22,0,0,0,0,30,남,4;4;6;3;4;5;6;6,41,42210;50130;11680,,,,,
f_f012298,east,2,1,0,0,0,0,30,여,2;4;2;4;6;2;7;7,47,27110;26350;50110,,,,,
f_f012303,east,2,10,0,0,0,0,50,여,6;6;2;5;6;2;2;3,48,48840;48850;26350,,,,,
f_f012305,east,2,2,0,0,0,0,30,여,1;5;7;2;1;2;7;5,41,47130;42150;31110,,,,,
f_f012321,east,2,1,0,0,0,0,40,남,1;1;1;1;5;4;2;1,11,50110;50130;42210,,,,,
f_f012329,east,2,24,0,0,0,0,40,남,1;2;1;4;2;1;3;7,41,41800;42720;42770,,,,,
f_f012333,east,2,1,0,0,0,0,30,여,7;1;1;2;4;4;6;5,27,47130;26140;11140,,,,,
f_f012364,east,3,22,0,0,0,0,20,남,4;2;4;2;4;4;4;4,47,11680;27110;47170,,,,,
f_f012367,east,2,1,0,0,0,0,20,남,4;1;1;1;1;1;1;7,26,26350;48330;11230,,,,,
f_f012376,east,3,3,0,0,0,0,30,남,3;2;3;5;2;5;6;2,41,42210;42150;26350,,,,,
f_f012377,east,3,21,0,0,0,0,20,여,1;1;1;1;7;4;5;7,41,50130;42820;26200,,,,,
f_f012380,east,3,10,0,0,0,0,30,남,5;2;2;3;3;5;6;4,26,11680;48120;26710,,,,,
f_f012381,east,2,22,0,0,0,0,20,여,4;1;1;5;1;1;1;7,27,26500;47130;27110,,,,,
f_f012385,east,2,1,0,0,0,0,40,여,3;2;2;4;4;5;6;5,26,47130;50110;11305,,,,,
f_f012386,east,3,2,0,0,0,0,20,여,6;2;5;1;4;6;7;5,11,42210;42150;42830,,,,,
f_f012389,east,2,1,0,0,0,0,30,여,4;3;1;1;4;4;4;7,26,48270;47130;47770,,,,,
f_f012398,east,3,22,0,0,0,0,30,남,2;1;1;3;6;3;5;6,41,42150;42760;50130,,,,,
f_f012415,east,3,11,0,0,0,0,30,여,6;1;4;4;6;5;6;6,41,42820;26350;41820,,,,,
f_f012420,east,2,1,0,0,0,0,50,여,1;1;1;2;1;1;2;4,26,50110;46770;43800,,,,,
f_f012427,east,3,1,0,0,0,0,60,남,4;4;4;3;5;4;3;4,26,48270;27140;48330,,,,,
f_f012442,east,3,1,0,0,0,0,20,여,1;1;1;1;1;1;7;1,29,43130;45790;29155,,,,,
f_f012445,east,3,22,0,0,0,0,20,남,2;3;2;3;2;2;6;5,27,27290;42210;11680,,,,,
f_f012450,east,3,2,0,0,0,0,30,남,3;3;4;2;3;3;7;1,43,44200;26230;11350,,,,,
f_f012459,east,2,1,0,0,0,0,20,남,5;2;3;1;4;4;2;7,41,41830;42150;26350,,,,,
f_f012473,east,3,22,0,0,0,0,30,남,1;7;1;1;1;4;7;7,30,44180;48310;47110,,,,,
f_f012477,east,2,2,0,0,0,0,40,여,1;1;2;6;6;2;7;7,26,50130;50110;11680,,,,,
f_f012478,east,2,1,0,0,0,0,40,여,1;2;1;2;1;4;1;7,48,26290;48820;41410,,,,,
f_f012520,east,2,12,0,0,0,0,20,남,4;3;3;2;4;5;4;5,48,26710;47110;27290,,,,,
f_f012521,east,3,1,0,0,0,0,60,여,7;6;5;5;4;6;7;5,44,11110;30140;45110,,,,,
f_f012540,east,3,1,0,0,0,0,20,여,2;1;1;2;4;6;6;6,45,46150;50110;50130,,,,,
f_f012543,east,2,1,0,0,0,0,30,여,3;3;6;1;1;2;5;7,41,42210;26350;27260,,,,,
f_f012570,east,3,21,0,0,0,0,20,여,4;5;2;3;1;5;3;6,41,42150;11680;28710,,,,,
f_f012585,east,3,1,0,0,0,0,40,남,1;1;2;4;6;5;1;7,46,48310;44825;45800,,,,,
f_f012594,east,2,12,0,0,0,0,20,여,2;3;2;2;2;2;6;2,11,42150;42110;26350,,,,,
f_f012607,east,3,12,0,0,0,0,20,남,2;2;1;3;5;1;1;7,26,26710;11440;50110,,,,,
f_f012618,east,3,22,0,0,0,0,20,남,2;4;2;2;3;5;2;5,11,42720;50130;42210,,,,,
f_f012625,east,2,5,0,0,0,0,20,여,2;1;2;3;4;4;4;7,11,50110;42210;42110,,,,,
f_f012629,east,3,21,0,0,0,0,20,여,2;2;2;5;5;1;6;2,11,26350;42150;42210,,,,,
f_f012637,east,3,1,0,0,0,0,20,남,4;2;4;2;2;5;1;3,46,50110;29110;26410,,,,,
f_f012641,east,3,22,0,0,0,0,20,여,5;6;6;2;5;1;5;2,41,11710;26260;50110,,,,,
f_f012653,east,3,11,0,0,0,0,30,여,1;1;1;5;2;6;3;7,11,42820;42210;50130,,,,,
f_f012660,east,3,1,0,0,0,0,20,여,2;2;6;4;6;1;2;2,43,47130;50110;11410,,,,,
f_f012662,east,2,1,0,0,0,0,40,남,4;4;4;4;4;4;4;4,26,48330;27290;46230,,,,,
f_f012663,east,3,1,0,0,0,0,30,남,1;1;4;1;1;1;1;3,46,26710;26410;46870,,,,,
f_f012670,east,2,22,0,0,0,0,20,남,1;4;1;4;1;2;1;4,11,42210;50110;46820,,,,,
f_f012678,east,3,11,0,0,0,0,40,남,2;1;2;3;4;3;1;2,41,42780;42210;47840,,,,,
f_f012698,east,3,21,0,0,0,0,20,여,2;1;2;4;5;5;5;5,27,50130;42150;44825,,,,,
f_f012703,east,3,21,0,0,0,0,20,남,6;4;2;3;5;3;4;6,41,50110;11110;27260,,,,,
f_f012707,east,2,4,0,0,0,0,30,남,1;1;1;4;2;1;3;2,11,42210;50130;48310,,,,,
f_f012718,east,2,21,0,0,0,0,30,여,4;2;4;1;4;6;4;6,27,50110;26500;47130,,,,,
f_f012721,east,2,1,0,0,0,0,20,남,4;5;4;3;5;4;6;5,48,48120;26350;48720,,,,,
f_f012724,east,3,1,0,0,0,0,20,남,6;1;2;5;2;6;7;5,26,11680;47130;50130,,,,,
f_f012727,east,3,22,0,0,0,0,20,여,2;1;4;4;3;4;4;6,27,47130;26350;42770,,,,,
f_f012736,east,2,6,0,0,0,0,40,여,5;4;4;1;3;5;6;2,11,42730;41130;46170,,,,,
f_f012740,east,2,22,0,0,0,0,20,여,3;2;4;1;3;5;3;1,11,26500;42150;42210,,,,,
f_f012745,east,3,10,0,0,0,0,30,남,2;4;3;4;4;3;7;5,41,11215;42150;27110,,,,,
f_f012757,east,2,1,0,0,0,0,20,여,3;1;1;1;4;1;2;7,42,42210;26110;47130,,,,,
f_f012770,east,2,1,0,0,0,0,20,여,3;1;4;1;2;5;2;3,47,26200;26710;26350,,,,,
f_f012773,east,3,1,0,0,0,0,20,여,4;2;3;5;3;3;5;5,27,26500;47130;11650,,,,,
f_f012776,east,3,1,0,0,0,0,30,남,2;3;3;4;1;2;7;6,11,50130;26350;45110,,,,,
f_f012788,east,3,6,0,0,0,0,20,남,1;1;1;4;5;3;5;6,41,46150;42150;29110,,,,,
f_f012803,east,2,24,0,0,0,0,20,여,6;2;2;2;2;2;7;6,48,26230;48170;48330,,,,,
f_f012811,east,2,22,0,0,0,0,30,여,2;1;4;2;2;4;7;7,26,47130;50130;48840,,,,,
f_f012842,east,2,2,0,0,0,0,20,여,5;1;2;3;6;6;2;6,42,41820;42150;42210,,,,,
f_f012843,east,2,1,0,0,0,0,20,여,6;5;6;4;6;3;5;3,26,47210;47130;27290,,,,,
f_f012890,east,2,1,0,0,0,0,30,남,2;1;1;3;3;6;6;6,47,50130;50110;47130,,,,,
f_f012892,east,3,11,0,0,0,0,40,여,6;2;4;3;3;4;6;5,11,50130;42150;26350,,,,,
f_f012915,east,3,21,0,0,0,0,30,여,4;4;4;4;4;4;4;4,47,27140;11680;27200,,,,,
f_f012924,east,3,22,0,0,0,0,40,남,1;4;3;4;2;2;4;7,31,50130;11110;47930,,,,,
f_f012934,east,3,13,0,0,0,0,40,남,6;4;7;2;7;7;6;7,48,48310;47110;46130,,,,,
f_f012942,east,2,12,0,0,0,0,20,여,5;6;2;1;6;7;7;1,11,42150;42830;42110,,,,,
f_f012953,east,3,1,0,0,0,0,20,여,5;1;1;7;6;5;7;2,46,26350;11680;50110,,,,,
f_f012970,east,3,1,0,0,0,0,20,여,4;2;2;4;4;6;3;6,41,50130;26500;41110,,,,,
f_f012980,east,3,1,0,0,0,0,50,남,6;6;2;2;7;6;4;6,45,26380;47110;46230,,,,,
f_f012988,east,3,27,0,0,0,0,20,남,2;2;4;4;3;3;3;4,26,50110;47130;48330,,,,,
f_f012992,east,2,1,0,0,0,0,30,여,4;3;4;2;3;3;5;3,47,47130;26350;27110,,,,,
f_f012993,east,2,1,0,0,0,0,30,여,6;1;1;4;1;1;7;7,48,11440;27230;47820,,,,,
f_f013001,east,3,1,0,0,0,0,40,여,4;2;4;2;2;6;7;6,48,50110;26200;26350,,,,,
f_f013006,east,2,1,0,0,0,0,30,남,4;4;4;4;4;4;4;4,41,42210;42830;41650,,,,,
f_f013016,east,2,1,0,0,0,0,20,남,6;1;3;3;6;6;3;7,27,11680;26350;50130,,,,,
f_f013019,east,3,8,0,0,0,0,40,여,2;2;4;1;3;4;2;6,42,44770;42150;26350,,,,,
f_f013038,east,3,22,0,0,0,0,20,남,1;1;4;6;1;4;7;6,41,50130;42210;46130,,,,,
f_f013039,east,3,22,0,0,0,0,30,남,7;1;3;2;4;5;3;6,41,26350;42150;45110,,,,,
f_f013052,east,2,13,0,0,0,0,20,여,6;5;2;1;2;6;6;6,11,50110;42150;27290,,,,,
f_f013061,east,2,1,0,0,0,0,20,남,4;2;2;3;3;3;3;5,48,50130;50110;26230,,,,,
f_f013064,east,3,22,0,0,0,0,30,남,1;1;3;3;1;3;6;4,11,26110;48170;28710,,,,,
f_f013073,east,2,2,0,0,0,0,40,여,4;7;3;2;1;3;1;7,41,42210;50130;11680,,,,,
f_f013084,east,2,12,0,0,0,0,20,남,6;3;3;3;6;3;3;6,27,26710;26500;11680,,,,,
f_f013098,east,2,21,0,0,0,0,30,여,4;5;3;4;5;3;5;5,26,46130;47130;26350,,,,,
f_f013101,east,2,2,0,0,0,0,20,여,1;3;1;2;3;1;6;3,41,42150;26110;50130,,,,,
f_f013110,east,2,2,0,0,0,0,30,여,4;2;2;3;3;3;5;3,26,50110;26350;42150,,,,,
f_f013113,east,3,1,0,0,0,0,50,여,1;1;1;4;4;3;2;7,11,42230;50130;45110,,,,,
f_f013125,east,3,1,0,0,0,0,30,여,5;1;2;2;2;2;1;7,41,42150;41820;50110,,,,,
f_f013135,east,3,1,0,0,0,0,30,남,5;3;3;4;4;4;5;4,11,50130;26350;42150,,,,,
f_f013141,east,2,11,0,0,0,0,30,여,1;1;4;5;5;4;3;7,26,48330;31710;26200,,,,,
f_f013146,east,2,3,0,0,0,0,20,여,1;7;7;1;4;7;7;4,26,26350;47130;27290,,,,,
f_f013169,east,2,1,0,0,0,0,30,여,5;4;6;3;2;5;7;5,47,26500;27110;31140,,,,,
f_f013171,east,2,22,0,0,0,0,20,여,1;2;2;2;2;2;6;5,11,27260;47110;42170,,,,,
f_f013177,east,3,21,0,0,0,0,30,남,1;1;3;4;1;1;1;7,41,50130;46170;47130,,,,,
f_f013183,east,3,1,0,0,0,0,20,여,3;2;2;2;2;5;7;5,11,47130;30140;45110,,,,,
f_f013184,east,3,22,0,0,0,0,20,남,3;2;4;2;4;4;3;5,26,46130;50130;48220,,,,,
f_f013198,east,3,22,0,0,0,0,30,여,4;1;6;3;3;5;5;5,28,42150;26350;42210,,,,,
f_f013199,east,3,21,0,0,0,0,30,여,2;1;2;1;4;2;6;6,26,50130;50110;42150,,,,,
f_f013201,east,3,1,0,0,0,0,30,여,6;1;1;4;7;6;5;6,41,50110;27260;11500,,,,,
f_f013219,east,2,1,0,0,0,0,30,여,3;3;5;2;2;3;3;5,26,50110;11440;47130,,,,,
f_f013220,east,2,1,0,0,0,0,20,여,2;2;1;6;6;2;6;7,27,27710;26710;30110,,,,,
f_f013251,east,2,1,0,0,0,0,50,남,4;2;2;6;2;6;6;3,48,50110;11680;28110,,,,,
f_f013263,east,2,4,0,0,0,0,30,남,2;4;4;4;3;2;3;3,41,41460;42210;11350,,,,,
f_f013267,east,2,1,0,0,0,0,50,여,4;4;2;2;4;6;2;3,11,41190;42210;48220,,,,,
f_f013359,east,2,1,0,0,0,0,30,남,1;3;1;1;1;1;7;6,47,47130;47110;48270,,,,,
f_f013387,east,2,1,0,0,0,0,30,여,2;4;6;2;1;3;2;5,47,26500;48220;27110,,,,,
f_f013394,east,2,1,0,0,0,0,20,여,4;6;2;2;1;1;3;6,26,48330;31140;11110,,,,,
f_f013396,east,2,4,0,0,0,0,40,남,6;3;1;4;5;3;2;7,11,27110;26350;50130,,,,,
f_f013399,east,2,1,0,0,0,0,30,여,6;7;2;3;2;6;2;7,31,47130;26710;31140,,,,,
f_f013407,east,2,6,0,0,0,0,20,여,3;2;3;3;4;6;1;7,41,50130;42150;26110,,,,,
f_f013410,east,3,12,0,0,0,0,40,여,2;2;2;2;2;2;3;6,48,46130;50130;26710,,,,,
f_f013421,east,3,21,0,0,0,0,20,여,2;2;6;2;6;6;6;6,27,26350;26500;47110,,,,,
f_f013425,east,3,1,0,0,0,0,20,남,4;1;5;1;2;7;2;7,31,26350;47130;11680,,,,,
f_f013431,east,3,10,0,0,0,0,40,여,2;2;1;3;3;3;5;3,42,42170;50130;11680,,,,,
f_f013437,east,3,2,0,0,0,0,30,여,2;6;2;2;2;2;2;7,11,42170;42830;26350,,,,,
f_f013442,east,2,1,0,0,0,0,30,남,4;1;4;2;5;3;6;7,47,50130;41270;30200,,,,,
f_f013455,east,2,10,0,0,0,0,40,남,2;2;4;6;2;3;2;5,11,42150;48310;29155,,,,,
f_f013463,east,3,11,0,0,0,0,20,여,5;2;2;4;4;5;2;6,30,42150;26500;50130,,,,,
f_f013478,east,3,1,0,0,0,0,20,여,4;3;3;3;4;4;3;5,30,11680;42150;42830,,,,,
f_f013484,east,2,2,0,0,0,0,20,여,4;2;2;2;2;2;2;6,48,31140;48120;26320,,,,,
f_f013495,east,3,13,0,0,0,0,40,남,4;4;4;4;4;4;4;4,26,48310;48270;50110,,,,,
f_f013505,east,2,1,0,0,0,0,20,여,2;4;2;2;2;4;6;5,28,26500;50110;42820,,,,,
f_f013507,east,3,27,0,0,0,0,30,여,6;6;3;6;2;2;7;5,30,26500;11680;31170,,,,,
f_f013512,east,3,12,0,0,0,0,40,여,4;3;1;5;6;6;1;4,11,50130;42830;28110,,,,,
f_f013514,east,2,12,0,0,0,0,20,남,3;2;2;3;5;5;6;4,26,26500;45110;47130,,,,,
f_f013520,east,3,1,0,0,0,0,20,여,5;2;2;5;6;6;2;7,48,26500;26230;48120,,,,,
f_f013525,east,2,2,0,0,0,0,40,여,1;4;1;5;5;1;2;7,26,48250;26320;48330,,,,,
f_f013529,east,2,2,0,0,0,0,20,남,6;1;2;3;3;6;5;6,11,46130;28245;26350,,,,,
f_f013565,east,3,13,0,0,0,0,50,여,1;6;2;2;3;5;5;7,26,48120;48220;46130,,,,,
f_f013576,east,3,21,0,0,0,0,20,여,3;2;4;2;3;5;6;4,43,47130;50130;26350,,,,,
f_f013592,east,3,22,0,0,0,0,20,여,4;1;3;3;2;1;6;7,28,50130;26350;42150,,,,,
f_f013609,east,2,21,0,0,0,0,60,남,2;6;6;1;1;2;1;7,27,47130;47110;30230,,,,,
f_f013616,east,2,22,0,0,0,0,40,남,5;3;2;2;2;2;3;6,26,48310;47130;48330,,,,,
f_f013622,east,2,22,0,0,0,0,20,남,5;2;2;3;2;6;6;6,48,50130;50110;26230,,,,,
f_f013627,east,2,22,0,0,0,0,20,여,1;1;1;5;3;2;6;6,31,26230;27140;47130,,,,,
f_f013628,east,2,1,0,0,0,0,30,여,4;2;3;4;6;6;6;4,27,26500;30200;45110,,,,,
f_f013635,east,2,1,0,0,0,0,20,남,3;4;2;1;2;3;6;6,41,50110;50130;42150,,,,,
f_f013638,east,3,21,0,0,0,0,20,남,3;2;2;4;4;4;3;6,26,48840;41820;27200,,,,,
f_f013644,east,2,10,0,0,0,0,40,여,4;4;5;5;3;5;2;5,26,47130;31710;48330,,,,,
f_f013677,east,3,12,0,0,0,0,30,여,1;1;1;2;4;3;1;7,28,50110;42150;45110,,,,,
f_f013681,east,2,22,0,0,0,0,20,여,3;3;3;5;4;5;4;5,48,11410;42150;26230,,,,,
f_f013682,east,2,1,0,0,0,0,20,여,7;1;1;1;1;5;1;7,48,47130;50110;11680,,,,,
f_f013692,east,3,21,0,0,0,0,20,남,2;2;1;6;4;2;2;6,45,42820;42210;48220,,,,,
f_f013718,east,3,2,0,0,0,0,30,남,1;1;1;1;1;1;1;1,27,47770;47110;47130,,,,,
f_f013809,east,2,1,0,0,0,0,20,남,1;1;1;5;7;4;6;7,41,50110;42150;42170,,,,,
f_f013850,east,2,22,0,0,0,0,50,남,2;2;4;5;1;4;7;4,11,42720;26500;46830,,,,,
f_f013855,east,2,1,0,0,0,0,30,남,7;7;7;4;4;4;5;4,26,48330;48170;48120,,,,,
f_f013861,east,2,1,0,0,0,0,40,남,1;4;2;3;5;1;6;7,26,11230;50130;48740,,,,,
f_f013874,east,3,22,0,0,0,0,20,남,2;1;1;6;2;1;6;7,11,50110;42150;26350,,,,,
f_f013900,east,3,1,0,0,0,0,20,남,2;1;2;7;4;2;1;6,27,50110;26500;11170,,,,,
f_f013913,east,2,22,0,0,0,0,20,여,3;5;3;5;3;6;6;3,26,26500;46130;47130,,,,,
f_f013927,east,2,26,0,0,0,0,20,남,3;2;3;3;3;4;2;6,28,42170;44210;44825,,,,,
f_f013960,east,3,22,0,0,0,0,20,여,3;4;2;4;4;3;2;5,26,41110;11110;50130,,,,,
f_f013969,east,3,1,0,0,0,0,30,여,4;3;4;4;4;3;3;5,11,50130;50110;30170,,,,,
f_f013989,east,2,1,0,0,0,0,20,남,6;4;3;2;2;5;3;6,27,47170;26410;47110,,,,,
f_f014019,east,2,1,0,0,0,0,20,여,4;1;2;4;4;4;2;5,47,42210;50130;46150,,,,,
f_f014026,east,2,2,0,0,0,0,40,남,2;2;2;6;4;4;2;7,28,42150;41570;28710,,,,,
f_f014050,east,3,13,0,0,0,0,20,남,2;1;1;2;6;4;5;7,11,42150;42830;41590,,,,,
f_f014062,east,2,4,0,0,0,0,30,여,2;5;6;1;1;5;6;2,27,26350;47130;26710,,,,,
f_f014070,east,3,1,0,0,0,0,20,여,1;1;5;1;6;1;1;7,41,26350;42150;42210,,,,,
f_f014075,east,2,1,0,0,0,0,20,남,6;2;2;6;2;6;2;1,48,26350;48120;27140,,,,,
f_f014076,east,2,1,0,0,0,0,30,남,1;2;4;4;6;7;6;6,27,50110;50130;11680,,,,,
f_f014080,east,3,1,0,0,0,0,20,여,4;1;1;4;1;1;6;4,45,11110;42210;26350,,,,,
f_f014088,east,3,1,0,0,0,0,20,남,3;3;1;3;2;1;6;7,41,50110;42150;26350,,,,,
f_f014095,east,3,10,0,0,0,0,60,여,6;3;4;3;6;3;5;3,30,44180;42150;48840,,,,,
f_f014100,east,2,1,0,0,0,0,50,남,2;5;3;4;4;6;3;2,31,47130;11110;50130,,,,,
f_f014120,east,3,1,0,0,0,0,30,여,4;2;3;3;2;6;3;7,47,42170;42150;26500,,,,,
f_f014128,east,3,1,0,0,0,0,50,여,1;3;1;4;6;5;1;6,27,26350;43800;41130,,,,,
f_f014129,east,3,10,0,0,0,0,30,여,1;1;1;1;1;1;1;1,26,11230;50130;48840,,,,,
f_f014132,east,3,21,0,0,0,0,40,여,4;1;4;2;4;4;2;6,41,42150;42210;26350,,,,,
f_f014144,east,2,11,0,0,0,0,20,여,5;1;1;1;1;1;1;7,11,42150;42210;42830,,,,,
f_f014174,east,2,6,0,0,0,0,20,여,2;3;2;3;2;1;5;4,44,42150;11170;30140,,,,,
f_f014183,east,2,21,0,0,0,0,30,여,3;2;2;2;3;6;2;6,11,50130;42210;42150,,,,,
f_f014187,east,3,6,0,0,0,0,20,남,1;4;5;7;7;3;6;3,48,26350;27230;48270,,,,,
f_f014246,east,3,1,0,0,0,0,20,여,3;1;4;4;5;5;3;5,27,26500;50110;47110,,,,,
f_f014252,east,3,2,0,0,0,0,20,여,3;2;2;3;5;4;2;5,41,42150;50110;42110,,,,,
f_f014270,east,3,2,0,0,0,0,30,여,2;3;3;2;2;2;3;4,41,42150;43110;26290,,,,,
f_f014285,east,3,1,0,0,0,0,20,여,1;2;4;5;2;4;4;7,50,46710;26350;47130,,,,,
f_f014286,east,2,1,0,0,0,0,20,여,2;5;6;3;2;2;6;6,26,27110;30140;11440,,,,,
f_f014287,east,2,2,0,0,0,0,20,남,6;2;3;2;3;5;2;5,41,50110;26350;42150,,,,,
f_f014354,east,2,1,0,0,0,0,40,여,2;7;1;2;2;2;2;5,47,26380;47820;47110,,,,,
f_f014380,east,2,1,0,0,0,0,20,여,5;2;2;1;2;5;6;6,41,26110;28110;42210,,,,,
f_f014410,east,2,1,0,0,0,0,40,여,4;2;3;4;2;6;2;5,11,50110;42210;46130,,,,,
f_f014411,east,2,1,0,0,0,0,30,남,1;7;2;6;3;6;2;6,11,48170;27290;26230,,,,,
f_f014444,east,2,2,0,0,0,0,40,여,4;4;3;3;4;3;4;7,31,26350;11680;42830,,,,,
f_f014495,east,2,12,0,0,0,0,30,여,3;3;3;2;2;5;3;6,11,26500;27290;11410,,,,,
f_f014507,east,2,21,0,0,0,0,40,남,2;4;1;4;4;2;3;2,48,26500;26710;48310,,,,,
f_f014522,east,3,10,0,0,0,0,40,여,1;3;6;2;4;6;1;6,41,42210;42760;28710,,,,,
f_f014523,east,2,1,0,0,0,0,20,여,4;4;5;3;4;2;6;5,48,50110;11230;26350,,,,,
f_f014533,east,2,12,0,0,0,0,20,여,5;4;1;5;5;5;2;5,11,42150;42210;26230,,,,,
f_f014574,east,2,12,0,0,0,0,30,여,2;6;2;4;4;5;5;2,11,11140;42150;47130,,,,,
f_f014575,east,2,2,0,0,0,0,30,여,4;5;1;4;4;7;4;5,43,50130;41550;11680,,,,,
f_f014589,east,2,2,0,0,0,0,30,여,4;2;6;4;2;2;6;6,26,26230;27110;31140,,,,,
f_f014600,east,2,1,0,0,0,0,20,남,2;4;1;4;4;2;4;4,48,48860;26200;46150,,,,,
f_f014622,east,2,1,0,0,0,0,30,여,5;2;2;1;4;4;3;6,26,50130;11110;47130,,,,,
f_f014641,east,2,22,0,0,0,0,30,남,2;1;2;3;3;3;3;4,41,41820;42760;44800,,,,,
f_f014662,east,2,2,0,0,0,0,50,여,4;6;2;3;3;4;4;1,26,26350;48840;47130,,,,,
f_f014698,east,2,21,0,0,0,0,20,남,4;1;1;1;1;7;4;4,11,48240;50110;46130,,,,,
f_f014710,east,3,21,0,0,0,0,50,여,2;1;1;4;5;4;3;4,11,42230;45110;50130,,,,,
f_f014724,east,2,1,0,0,0,0,20,남,1;4;2;5;6;4;5;5,42,42150;41830;42130,,,,,
f_f014737,east,2,2,0,0,0,0,20,여,1;1;1;1;1;1;1;6,41,26500;44825;50130,,,,,
f_f014824,east,2,1,0,0,0,0,40,남,2;2;3;3;5;3;4;4,11,42150;41820;50130,,,,,
f_f014859,east,2,21,0,0,0,0,30,남,1;1;1;1;1;1;1;7,41,46900;46130;42820,,,,,
f_f014875,east,2,1,0,0,0,0,30,여,3;3;2;4;4;3;1;7,48,50130;47130;27290,,,,,
f_f014892,east,2,2,0,0,0,0,20,여,3;2;6;2;2;2;1;6,27,26500;11110;47110,,,,,
f_f014911,east,2,1,0,0,0,0,30,여,4;4;3;2;4;5;4;3,43,30140;27110;30110,,,,,
f_f014915,east,2,4,0,0,0,0,20,남,1;7;7;7;3;1;7;5,26,26350;48250;48310,,,,,
f_f014943,east,2,1,0,0,0,0,20,여,7;7;4;3;4;6;1;3,26,27110;47130;30140,,,,,
f_f014967,east,2,3,0,0,0,0,60,여,2;4;3;1;1;5;3;7,11,41830;42210;44770,,,,,
f_f014998,east,2,11,0,0,0,0,40,여,2;6;2;6;6;6;2;4,42,42150;48220;50130,,,,,
f_f015017,east,2,13,0,0,0,0,50,남,3;3;3;2;4;2;6;6,26,48120;50130;11170,,,,,
f_f015019,east,2,3,0,0,0,0,40,여,6;6;5;6;6;6;7;5,27,47150;47170;47750,,,,,
f_f015022,east,3,22,0,0,0,0,30,여,1;1;2;3;2;3;4;3,36,45740;50130;50110,,,,,
f_f015032,east,2,1,0,0,0,0,60,남,1;1;1;1;1;1;1;7,26,30140;42150;31710,,,,,
f_f015073,east,2,2,0,0,0,0,30,여,2;6;2;2;7;7;7;4,48,48220;26350;31170,,,,,
f_f015078,east,2,22,0,0,0,0,30,여,2;5;1;3;3;4;5;4,41,42170;41830;50110,,,,,
f_f015079,east,2,1,0,0,0,0,20,남,4;4;2;2;3;2;2;6,31,26500;47130;48840,,,,,
f_f015092,east,2,21,0,0,0,0,20,여,6;3;6;2;1;2;6;5,11,42150;42210;26500,,,,,
f_f015107,east,2,21,0,0,0,0,30,여,2;1;1;5;5;3;2;7,26,11170;47940;42830,,,,,
f_f015154,east,2,21,0,0,0,0,40,여,2;6;1;2;4;4;4;7,27,47130;50130;26350,,,,,
f_f015159,east,2,13,0,0,0,0,50,여,5;4;5;3;3;5;6;4,47,47130;48740;47230,,,,,
f_f015193,east,2,1,0,0,0,0,20,여,2;2;1;4;2;2;6;7,47,26710;27110;26500,,,,,
f_f015197,east,2,1,0,0,0,0,20,여,3;7;2;4;4;4;4;4,41,41110;41830;50130,,,,,
f_f015235,east,2,22,0,0,0,0,30,여,3;3;2;6;2;6;2;7,26,47130;48330;11440,,,,,
f_f015254,east,2,2,0,0,0,0,20,여,6;2;2;5;6;6;2;3,47,50110;26500;26350,,,,,
f_f015258,east,2,21,0,0,0,0,50,여,1;7;7;5;1;4;5;4,30,44150;43730;45730,,,,,
f_f015266,east,2,1,0,0,0,0,20,여,5;1;1;4;2;1;7;7,30,27140;26170;11170,,,,,
f_f015267,east,2,1,0,0,0,0,20,남,3;3;3;5;5;5;5;6,31,26350;11560;46130,,,,,
f_f015274,east,2,1,0,0,0,0,20,여,4;3;2;3;4;3;6;7,26,11680;50110;41460,,,,,
f_f015276,east,2,1,0,0,0,0,20,여,1;1;4;3;1;1;7;7,48,48850;50110;45730,,,,,
f_f015277,east,2,22,0,0,0,0,20,남,6;2;1;3;3;6;5;5,41,41820;42110;41360,,,,,
f_f015281,east,2,1,0,0,0,0,30,여,6;2;6;4;3;6;4;6,48,26530;26350;11440,,,,,
f_f015282,east,2,3,0,0,0,0,30,남,3;3;1;2;6;7;4;2,11,50130;50110;42170,,,,,
f_f015284,east,2,1,0,0,0,0,20,여,4;4;2;6;2;1;7;1,11,42150;42210;50130,,,,,
f_f015299,east,2,22,0,0,0,0,30,여,1;1;4;2;4;4;4;7,26,50110;11680;47130,,,,,
f_f015303,east,2,10,0,0,0,0,40,여,4;3;1;1;4;4;1;7,26,26500;11680;42210,,,,,
f_f015309,east,2,1,0,0,0,0,40,남,4;1;1;1;4;5;1;7,31,26350;11680;42770,,,,,
f_f015335,east,2,1,0,0,0,0,20,남,1;1;1;1;7;7;1;7,11,42150;30110;45110,,,,,
f_f015336,east,2,1,0,0,0,0,40,여,4;4;5;4;3;4;6;7,46,26350;48220;48250,,,,,
f_f015340,east,2,13,0,0,0,0,20,여,2;2;4;1;2;1;2;5,11,42150;42230;42760,,,,,
f_f015344,east,2,21,0,0,0,0,30,남,1;1;6;3;2;3;6;3,42,42150;47130;50110,,,,,
f_f015345,east,2,1,0,0,0,0,40,여,1;4;1;4;4;7;3;7,27,26710;47930;47820,,,,,
f_f015353,east,2,1,0,0,0,0,30,남,1;7;7;1;1;1;1;1,26,42230;47290;27260,,,,,
f_f015358,east,2,24,0,0,0,0,20,남,5;2;2;4;3;2;3;3,27,47110;26350;50130,,,,,
f_f015383,east,2,2,0,0,0,0,40,여,3;4;2;2;4;2;2;6,41,42110;42210;41830,,,,,
f_f015384,east,2,13,0,0,0,0,30,여,4;4;1;3;5;3;2;5,48,50130;48120;26710,,,,,
f_f015388,east,2,22,0,0,0,0,50,남,4;5;2;4;5;5;5;4,48,26710;26230;31170,,,,,
f_f015395,east,2,1,0,0,0,0,20,남,4;2;4;3;3;4;3;7,27,26200;26500;47130,,,,,
f_f015406,east,2,1,0,0,0,0,20,여,1;1;1;4;3;1;7;5,48,26500;26350;48270,,,,,
f_f015423,east,2,1,0,0,0,0,20,남,1;4;5;5;2;2;6;2,27,47130;26230;11440,,,,,
f_f015427,east,2,22,0,0,0,0,50,여,1;4;2;2;2;2;5;3,48,48820;48310;48860,,,,,
f_f015430,east,2,22,0,0,0,0,40,남,2;2;2;5;5;2;2;7,27,47150;50130;26350,,,,,
f_f015431,east,2,22,0,0,0,0,60,여,1;1;1;1;1;1;3;6,41,47130;42150;50110,,,,,
f_f015438,east,2,2,0,0,0,0,40,여,4;5;2;4;6;2;6;6,42,47130;26350;11710,,,,,
f_f015441,east,2,1,0,0,0,0,30,여,6;2;1;3;1;1;2;4,26,11650;44130;50130,,,,,
f_f015446,east,2,12,0,0,0,0,30,여,3;3;6;2;1;4;2;3,11,42150;50110;42210,,,,,
f_f015449,east,2,26,0,0,0,0,20,여,3;2;3;6;6;2;2;4,11,28110;41110;42150,,,,,
f_f015453,east,2,1,0,0,0,0,40,여,1;6;2;2;3;2;4;7,27,47820;43150;45110,,,,,
f_f015457,east,2,1,0,0,0,0,30,남,5;1;2;1;2;3;5;5,26,11680;50130;26350,,,,,
f_f015459,east,2,1,0,0,0,0,40,남,1;1;1;3;1;3;1;7,26,11710;42150;30140,,,,,
f_f015464,east,2,1,0,0,0,0,20,여,5;2;1;3;7;6;2;7,27,50130;46130;26110,,,,,
f_f015467,east,2,3,0,0,0,0,60,여,1;2;2;7;7;1;6;7,48,42760;46730;48890,,,,,
f_f015468,east,2,21,0,0,0,0,40,여,1;4;1;4;1;1;5;5,26,50110;26110;11440,,,,,
f_f015471,east,2,22,0,0,0,0,20,여,3;1;2;3;6;6;2;3,41,26500;42150;50130,,,,,
f_f015474,east,2,1,0,0,0,0,40,남,2;6;1;2;2;1;2;7,47,42210;50130;11140,,,,,
f_f015480,east,2,1,0,0,0,0,30,남,4;4;6;4;4;5;5;5,48,42150;27290;46110,,,,,
f_f015495,east,2,3,0,0,0,0,40,남,1;7;2;4;2;6;1;3,26,48250;48310;48330,,,,,
f_f015496,east,2,2,0,0,0,0,20,남,2;1;1;2;6;4;6;7,26,31140;47130;50110,,,,,
f_f015498,east,2,2,0,0,0,0,20,여,4;6;1;7;7;1;7;7,48,47130;26170;11500,,,,,
f_f015504,east,2,2,0,0,0,0,30,남,2;2;3;4;4;6;5;4,27,26710;11440;26500,,,,,
f_f015505,east,2,11,0,0,0,0,50,남,2;6;1;3;5;4;2;3,48,48120;48310;26350,,,,,
f_f015512,east,2,10,0,0,0,0,60,남,1;1;1;4;2;2;1;5,31,48330;42770;47130,,,,,
f_f015513,east,2,4,0,0,0,0,30,남,7;6;7;1;4;6;6;6,41,26350;50110;42210,,,,,
f_f015519,east,2,2,0,0,0,0,20,남,2;1;3;2;3;6;2;4,11,42230;41110;45110,,,,,
f_f015520,east,2,22,0,0,0,0,20,여,3;3;2;3;2;6;5;7,48,26230;48220;48310,,,,,
f_f015523,east,2,2,0,0,0,0,20,남,3;4;2;6;6;2;4;2,27,47110;47130;26350,,,,,
f_f015524,east,2,21,0,0,0,0,50,여,2;3;4;5;4;3;5;2,27,42760;47760;47920,,,,,
f_f015525,east,2,6,0,0,0,0,50,남,2;2;1;6;2;1;3;2,42,42150;42210;46910,,,,,
f_f015526,east,2,2,0,0,0,0,60,남,2;4;4;4;4;3;6;4,48,46130;26350;42110,,,,,
f_f015527,east,2,4,0,0,0,0,30,남,6;4;5;2;2;4;2;5,48,26110;48120;27290,,,,,
f_f015528,east,2,2,0,0,0,0,40,남,2;2;4;3;5;5;4;5,41,42150;42210;48310,,,,,
f_f015531,east,2,22,0,0,0,0,50,남,3;6;4;3;2;4;6;3,26,48310;47130;46130,,,,,
f_f015535,east,2,2,0,0,0,0,30,여,4;1;4;5;7;4;4;7,47,30200;44180;47130,,,,,
f_f015536,east,2,4,0,0,0,0,50,남,5;3;4;3;5;5;3;3,41,45130;44130;48240,,,,,
f_f015539,east,2,1,0,0,0,0,30,여,4;2;1;7;5;2;5;4,41,42820;29170;27140,,,,,
f_f015540,east,2,21,0,0,0,0,30,여,2;3;3;3;3;3;2;5,11,42110;41830;41820,,,,,
f_f015542,east,2,13,0,0,0,0,20,남,3;2;1;4;6;1;2;2,11,50130;42210;26350,,,,,
f_f015551,east,2,21,0,0,0,0,50,남,1;6;6;4;1;4;5;3,41,42110;41270;42150,,,,,
f_f015557,east,2,1,0,0,0,0,40,남,4;4;6;6;4;5;5;5,11,50110;42210;41820,,,,,
f_f015559,east,2,1,0,0,0,0,30,여,2;5;2;5;5;2;5;6,11,42170;50110;48850,,,,,
f_f015561,east,2,1,0,0,0,0,20,여,4;2;1;1;6;5;2;6,11,42130;26350;26380,,,,,
f_f015565,east,2,1,0,0,0,0,40,남,6;7;6;4;5;6;6;7,47,47150;48220;30200,,,,,
f_f015566,east,2,21,0,0,0,0,60,여,2;2;1;2;4;4;2;4,47,50130;50110;26350,,,,,
f_f015568,east,2,5,0,0,0,0,50,여,4;4;4;4;4;4;4;4,27,47130;47110;47290,,,,,
f_f015569,east,2,21,0,0,0,0,40,남,7;1;4;7;1;4;4;4,11,46130;26350;41820,,,,,
f_f015570,east,2,2,0,0,0,0,20,남,6;2;3;4;6;6;3;6,48,26350;11215;48120,,,,,
f_f015573,east,2,22,0,0,0,0,40,남,1;4;2;2;1;5;2;6,41,42150;48310;26710,,,,,
f_f015574,east,2,2,0,0,0,0,40,여,1;3;3;3;5;3;3;6,41,42150;47130;42110,,,,,
f_f015576,east,2,22,0,0,0,0,20,남,4;4;4;3;4;6;2;7,48,26350;30140;26710,,,,,
f_f015577,east,2,13,0,0,0,0,50,남,2;2;1;3;2;1;4;4,47,47110;48120;47210,,,,,
f_f015581,east,2,2,0,0,0,0,50,남,1;4;1;4;4;7;4;4,27,47190;47850;48890,,,,,
f_f015582,east,2,1,0,0,0,0,50,여,2;1;3;5;6;4;2;7,48,50130;26500;48220,,,,,
f_f015584,east,2,11,0,0,0,0,30,여,4;3;4;3;4;5;4;5,47,26350;11680;42150,,,,,
f_f015585,east,2,22,0,0,0,0,30,여,2;2;1;5;6;2;6;5,11,48250;26350;42830,,,,,
f_f015588,east,2,1,0,0,0,0,50,남,2;3;5;3;5;3;5;3,27,48120;26230;47290,,,,,
f_f015589,east,2,4,0,0,0,0,50,여,1;1;1;1;7;1;1;7,42,28237;42150;44180,,,,,
f_f015590,east,2,1,0,0,0,0,40,여,1;2;2;3;2;2;2;5,27,42730;50130;46130,,,,,
f_f015593,east,2,4,0,0,0,0,50,남,4;1;2;6;6;4;6;5,48,46150;42150;47930,,,,,
f_f015594,east,2,2,0,0,0,0,40,남,5;5;2;2;2;4;2;6,31,26500;27230;31710,,,,,
f_f015595,east,2,22,0,0,0,0,20,남,6;7;3;4;4;4;4;4,41,42210;42170;42130,,,,,
f_f015598,east,2,24,0,0,0,0,30,여,2;4;3;4;2;3;3;5,26,48330;31710;26710,,,,,
f_f015601,east,2,5,0,0,0,0,40,여,6;5;5;5;5;5;3;6,48,48120;48170;48860,,,,,
f_f015605,east,2,26,0,0,0,0,40,남,3;2;2;3;2;4;5;2,11,42830;26350;41170,,,,,
f_f015606,east,2,22,0,0,0,0,30,남,4;4;4;4;4;4;4;4,27,26350;31140;45140,,,,,
f_f015621,east,2,2,0,0,0,0,20,남,4;6;3;3;3;6;3;6,31,42130;31110;50110,,,,,
f_f015624,east,2,2,0,0,0,0,20,여,2;2;2;5;2;4;3;6,48,11110;26200;48240,,,,,
f_f015628,east,2,22,0,0,0,0,40,여,3;4;6;4;3;3;3;6,41,42770;42150;42110,,,,,
f_f015630,east,2,13,0,0,0,0,50,남,2;1;6;2;1;4;2;6,47,26710;27230;47130,,,,,
f_f015639,east,2,1,0,0,0,0,60,여,6;7;5;2;1;6;6;7,11,46150;26230;41360,,,,,
f_f015640,east,2,27,0,0,0,0,50,남,2;2;1;5;2;2;1;6,48,47170;48220;46110,,,,,
f_f015643,east,2,21,0,0,0,0,40,남,1;2;4;3;4;2;3;3,41,42150;46730;48220,,,,,
f_f015646,east,2,2,0,0,0,0,50,여,6;6;2;4;6;3;6;7,48,26710;42170;48240,,,,,
f_f015652,east,2,21,0,0,0,0,40,여,3;2;3;2;2;4;3;4,28,50130;28260;26500,,,,,
f_f015655,east,2,22,0,0,0,0,40,여,6;5;2;2;6;4;2;5,47,47130;26710;26350,,,,,
f_f015662,east,2,2,0,0,0,0,50,여,1;7;1;3;6;3;1;7,42,50110;42150;41460,,,,,
f_f015664,east,2,1,0,0,0,0,30,남,2;2;1;1;2;1;6;1,27,42210;47110;41820,,,,,
f_f015667,east,2,12,0,0,0,0,40,여,1;1;1;4;1;4;1;4,11,50110;26350;41360,,,,,
f_f015674,east,2,1,0,0,0,0,20,여,5;6;5;5;6;6;4;6,48,47130;27290;26500,,,,,
f_f015680,east,2,26,0,0,0,0,30,남,2;2;2;6;2;2;2;6,11,11170;42110;26500,,,,,
f_f015681,east,2,13,0,0,0,0,40,남,1;4;2;3;4;3;3;4,27,11560;26350;47110,,,,,
f_f015685,east,2,21,0,0,0,0,40,여,5;5;2;3;6;5;5;6,11,42720;42130;42110,,,,,
f_f015686,east,2,21,0,0,0,0,40,여,3;3;3;3;3;3;3;7,48,26500;47110;47130,,,,,
f_f015687,east,2,1,0,0,0,0,30,남,4;3;2;4;4;2;2;3,26,50110;11680;42150,,,,,
f_f015709,east,2,2,0,0,0,0,20,여,2;1;1;6;6;4;6;7,41,50130;41820;47130,,,,,
f_f015716,east,2,22,0,0,0,0,20,남,5;2;4;3;3;4;6;6,27,50130;26350;47130,,,,,
f_f015727,east,2,1,0,0,0,0,60,여,1;1;1;1;1;2;3;5,27,42210;41820;47130,,,,,
f_f015734,east,2,13,0,0,0,0,60,남,4;4;7;7;7;7;7;1,27,47210;48820;45130,,,,,
f_f015738,east,2,22,0,0,0,0,30,여,4;4;2;2;6;4;1;7,27,42150;47130;50110,,,,,
f_f015745,east,2,1,0,0,0,0,30,남,4;4;1;3;5;3;4;5,26,50130;50110;47130,,,,,
f_f015753,east,2,1,0,0,0,0,30,남,2;4;1;5;6;1;6;5,26,48220;50110;47130,,,,,
f_f015754,east,2,2,0,0,0,0,30,여,2;2;2;2;2;4;2;3,11,42150;42110;41360,,,,,
f_f015755,east,2,1,0,0,0,0,30,남,4;2;2;3;4;4;2;6,48,42150;26710;50110,,,,,
f_f015762,east,2,1,0,0,0,0,60,여,2;2;2;4;4;4;3;4,42,42210;46780;26350,,,,,
f_f015776,east,2,2,0,0,0,0,30,남,2;2;4;2;4;4;4;6,11,42210;26710;11110,,,,,
f_f015784,east,2,2,0,0,0,0,40,여,4;2;3;4;3;3;5;4,11,50110;42770;43150,,,,,
f_f015791,east,2,11,0,0,0,0,40,여,1;4;2;4;7;1;4;7,11,42830;41390;50130,,,,,
f_f015798,east,2,22,0,0,0,0,30,여,4;5;2;3;3;5;3;5,11,48310;42210;50130,,,,,
f_f015805,east,2,12,0,0,0,0,50,여,1;4;1;2;1;1;2;1,41,50130;42150;48220,,,,,
f_f015818,east,2,2,0,0,0,0,30,남,4;2;1;6;2;1;6;7,48,26500;11440;50130,,,,,
f_f015823,east,2,2,0,0,0,0,30,남,2;4;4;3;2;5;4;5,41,42110;41820;11680,,,,,
f_f015839,east,2,22,0,0,0,0,40,남,2;4;2;6;7;4;3;7,47,42150;50110;27110,,,,,
f_f015840,east,2,1,0,0,0,0,30,남,6;4;4;4;6;3;2;6,48,50130;26350;27230,,,,,
f_f015844,east,2,13,0,0,0,0,20,남,7;7;1;6;7;3;2;7,31,26710;50130;28720,,,,,
f_f015848,east,2,4,0,0,0,0,20,남,5;6;5;5;6;6;5;6,28,11110;28200;30230,,,,,
f_f015868,east,2,1,0,0,0,0,40,여,3;2;2;4;4;3;1;6,48,50130;26500;42770,,,,,
f_f015871,east,2,21,0,0,0,0,20,여,2;4;2;2;2;2;6;5,47,50110;11170;47130,,,,,
f_f015873,east,2,21,0,0,0,0,20,여,2;1;2;1;7;2;4;7,48,26350;48860;47130,,,,,
f_f015877,east,2,11,0,0,0,0,20,여,4;6;2;2;3;2;6;6,11,26290;50110;41830,,,,,
f_f015883,east,2,3,0,0,0,0,20,남,3;5;2;5;5;3;3;6,11,26350;42150;48220,,,,,
f_f015891,east,2,2,0,0,0,0,30,남,6;2;2;6;6;2;5;6,47,27170;26350;47130,,,,,
f_f015902,east,2,1,0,0,0,0,20,남,3;1;6;3;2;3;6;5,27,26500;11620;47840,,,,,
f_f015904,east,2,22,0,0,0,0,50,남,3;1;3;4;3;5;2;4,11,48310;50130;42150,,,,,
f_f015907,east,2,2,0,0,0,0,50,남,4;6;3;4;2;6;2;4,47,26350;42150;50110,,,,,
f_f015908,east,2,4,0,0,0,0,30,여,4;2;1;3;5;4;2;6,27,50130;31710;42210,,,,,
f_f015909,east,2,24,0,0,0,0,20,여,2;6;2;5;5;3;3;3,48,48120;26320;48330,,,,,
f_f015910,east,2,24,0,0,0,0,50,남,4;5;3;5;3;3;6;2,26,50130;11110;27110,,,,,
f_f015911,east,2,2,0,0,0,0,30,남,6;5;4;5;6;5;6;1,26,47130;50110;11440,,,,,
f_f015912,east,2,1,0,0,0,0,40,여,3;5;2;3;7;6;1;7,26,47130;48310;27710,,,,,
f_f015914,east,2,3,0,0,0,0,60,여,1;4;1;5;4;2;3;1,26,48310;47130;46150,,,,,
f_f015915,east,2,22,0,0,0,0,40,여,2;2;2;2;2;6;2;5,48,48250;26500;48880,,,,,
f_f015921,east,2,11,0,0,0,0,50,남,2;3;2;3;5;2;5;2,47,48310;47720;31140,,,,,
f_f015924,east,2,1,0,0,0,0,20,여,7;7;7;4;1;7;2;4,47,26350;26230;27110,,,,,
f_f015925,east,2,13,0,0,0,0,20,남,4;2;2;6;3;2;6;4,11,42210;42150;45110,,,,,
f_f015928,east,2,1,0,0,0,0,30,여,7;2;5;3;5;2;1;5,46,11140;26500;29170,,,,,
f_f015930,east,2,3,0,0,0,0,20,여,4;3;3;4;3;5;5;5,26,47130;27110;47110,,,,,
f_f015934,east,2,3,0,0,0,0,20,여,1;1;1;5;3;4;1;5,48,26530;50130;11440,,,,,
f_f015936,east,2,2,0,0,0,0,30,남,2;2;3;3;4;4;4;6,27,26350;50110;42150,,,,,
f_f015938,east,2,1,0,0,0,0,20,남,7;1;5;2;2;4;2;4,27,26110;26350;47130,,,,,
f_f015939,east,2,2,0,0,0,0,30,여,2;3;3;4;3;3;3;3,48,26710;28110;48250,,,,,
f_f015941,east,2,1,0,0,0,0,20,여,1;1;1;4;1;1;4;6,26,48310;47130;31170,,,,,
f_f015944,east,2,1,0,0,0,0,40,여,6;6;6;3;3;6;4;3,48,48120;27290;48250,,,,,
f_f015951,east,2,22,0,0,0,0,20,남,6;4;6;2;6;2;1;6,27,11170;47190;47110,,,,,
f_f015952,east,2,1,0,0,0,0,20,여,3;1;1;4;3;3;1;6,31,42150;26350;47130,,,,,
f_f015956,east,2,1,0,0,0,0,30,남,4;5;4;3;3;4;2;6,31,26230;50130;11680,,,,,
f_f015957,east,2,1,0,0,0,0,20,남,4;2;3;5;5;4;6;3,31,26500;26710;26350,,,,,
f_f015971,east,2,1,0,0,0,0,50,남,4;4;4;3;4;4;4;4,48,26710;26350;26230,,,,,
f_f015972,east,2,11,0,0,0,0,30,여,2;1;2;4;1;1;2;2,27,26200;11680;50130,,,,,
f_f015974,east,2,1,0,0,0,0,40,여,2;5;6;2;2;5;2;6,47,47250;47190;47280,,,,,
f_f015991,east,2,1,0,0,0,0,30,여,7;1;1;1;1;4;1;7,28,50130;50110;26350,,,,,
f_f016005,east,2,12,0,0,0,0,20,여,2;1;3;2;2;2;2;7,26,47130;50110;45110,,,,,
f_f016007,east,2,1,0,0,0,0,30,여,1;4;2;7;4;7;4;7,27,50130;46130;47940,,,,,
f_f016009,east,2,2,0,0,0,0,40,남,7;7;7;4;4;6;6;2,41,42150;47110;50110,,,,,
f_f016021,east,2,2,0,0,0,0,20,여,3;3;3;4;3;2;3;6,11,50130;26710;42170,,,,,
f_f016024,east,2,21,0,0,0,0,30,남,2;2;3;2;2;4;3;3,26,50110;50130;46130,,,,,
f_f016027,east,2,1,0,0,0,0,40,여,4;4;4;4;4;4;4;4,41,11110;41820;42110,,,,,
f_f016032,east,2,21,0,0,0,0,30,남,5;3;3;3;2;3;3;5,27,11440;26230;50130,,,,,
f_f016035,east,2,5,0,0,0,0,40,남,1;7;4;5;4;3;5;7,28,28720;28110;41480,,,,,
f_f016038,east,2,1,0,0,0,0,30,여,4;1;6;2;2;4;1;6,48,47130;48310;26350,,,,,
f_f016039,east,2,3,0,0,0,0,50,남,3;5;5;4;6;5;2;4,47,47130;47230;31170,,,,,
f_f016040,east,2,4,0,0,0,0,20,여,1;4;5;3;3;4;1;7,28,26500;42210;42150,,,,,
f_f016041,east,2,24,0,0,0,0,30,남,1;3;1;6;7;2;7;3,11,42830;47130;50110,,,,,
f_f016053,east,2,1,0,0,0,0,40,여,1;1;1;1;1;2;5;2,41,50130;42170;48840,,,,,
f_f016062,east,2,2,0,0,0,0,30,여,5;5;5;7;6;6;1;5,47,47130;47110;26500,,,,,
f_f016092,east,2,22,0,0,0,0,40,남,2;5;2;1;2;4;2;6,41,41830;42210;26500,,,,,
f_f016097,east,2,13,0,0,0,0,20,여,1;4;1;3;1;2;3;7,26,26350;48250;48330,,,,,
f_f016099,east,2,1,0,0,0,0,20,여,3;3;5;3;3;3;5;5,47,27110;26350;47110,,,,,
f_f016106,east,2,22,0,0,0,0,20,여,1;1;1;1;1;7;7;7,41,42150;11710;50110,,,,,
f_f016115,east,2,2,0,0,0,0,30,여,5;4;3;2;4;3;5;6,48,26500;26710;50130,,,,,
f_f016120,east,2,1,0,0,0,0,30,여,4;2;3;1;1;6;2;7,27,26350;47130;50110,,,,,
f_f016323,east,2,2,0,0,0,0,30,여,3;3;4;2;2;4;3;4,41,50110;26350;41820,,,,,
f_f016331,east,2,2,0,0,0,0,60,남,5;7;4;4;3;4;3;6,47,48250;26110;47130,,,,,
f_f016334,east,2,12,0,0,0,0,20,남,4;2;2;2;2;5;5;5,26,50130;26710;48250,,,,,
f_f016335,east,2,1,0,0,0,0,20,여,3;5;2;5;5;2;7;6,48,50130;26350;48840,,,,,
f_f016336,east,2,12,0,0,0,0,50,여,3;4;2;4;6;2;2;5,31,47130;26350;26710,,,,,
f_f016337,east,2,1,0,0,0,0,30,여,3;2;3;3;5;5;3;3,11,11710;42210;26350,,,,,
f_f016338,east,2,2,0,0,0,0,40,여,4;4;3;4;6;7;7;7,26,48840;31140;47230,,,,,
f_f016339,east,2,2,0,0,0,0,30,남,2;1;1;5;4;2;3;6,48,50110;11680;42150,,,,,
f_f016340,east,2,2,0,0,0,0,20,여,2;2;2;6;2;2;3;6,26,47130;26350;26500,,,,,
f_f016341,east,2,1,0,0,0,0,20,여,2;2;6;4;2;6;3;7,47,42150;42170;27710,,,,,
f_f016342,east,2,27,0,0,0,0,20,남,4;4;2;4;4;3;3;5,41,42110;46130;47130,,,,,
f_f016343,east,2,5,0,0,0,0,20,여,2;1;1;6;6;6;2;7,11,26710;42830;28710,,,,,
f_f016344,east,2,2,0,0,0,0,30,남,5;3;5;4;2;2;2;3,27,27140;47110;47130,,,,,
f_f016347,east,2,1,0,0,0,0,40,여,2;3;1;4;6;1;7;1,27,47130;47830;47720,,,,,
f_f016348,east,2,1,0,0,0,0,30,남,6;5;6;6;5;7;7;4,47,26500;27260;27140,,,,,
f_f016355,east,2,1,0,0,0,0,20,여,6;3;6;6;3;6;3;4,11,42130;42150;42110,,,,,
f_f016376,east,2,22,0,0,0,0,40,남,1;1;1;1;1;7;7;1,27,27260;47290;47230,,,,,
f_f016381,east,2,22,0,0,0,0,20,여,2;1;2;1;1;1;3;6,27,42150;50130;11440,,,,,
f_f016389,east,2,22,0,0,0,0,20,남,5;3;2;4;6;2;6;6,11,42150;26110;11440,,,,,
f_f016390,east,2,2,0,0,0,0,20,여,2;4;6;5;3;6;6;3,26,50130;42210;11680,,,,,
f_f016393,east,2,22,0,0,0,0,40,여,1;1;1;5;5;6;4;6,27,48840;48240;30200,,,,,
f_f016398,east,2,22,0,0,0,0,40,남,1;4;3;3;5;4;3;6,26,48330;48270;47130,,,,,
f_f016399,east,2,1,0,0,0,0,30,여,4;6;6;2;2;6;2;7,26,26230;11440;11170,,,,,
f_f016412,east,2,1,0,0,0,0,30,여,2;2;2;2;3;2;6;5,41,42170;45110;50130,,,,,
f_f016414,east,2,5,0,0,0,0,20,여,5;2;3;3;2;4;2;5,26,50130;26500;27260,,,,,
f_f016415,east,2,3,0,0,0,0,40,남,1;4;7;3;4;1;7;5,11,42210;42760;41450,,,,,
f_f016417,east,2,1,0,0,0,0,60,여,2;6;4;3;2;4;4;2,31,48270;47130;27140,,,,,
f_f016420,east,2,22,0,0,0,0,30,여,2;6;2;4;3;3;5;4,26,50110;48310;26710,,,,,
f_f016422,east,2,22,0,0,0,0,30,남,4;2;4;5;5;4;2;5,47,50110;11680;26230,,,,,
f_f016424,east,2,22,0,0,0,0,30,여,5;2;2;1;4;2;6;6,27,11170;26350;47130,,,,,
f_f016428,east,2,1,0,0,0,0,20,여,5;3;3;3;5;5;3;5,47,26350;11680;27290,,,,,
f_f016429,east,2,2,0,0,0,0,20,여,2;2;3;2;4;6;2;7,11,50130;50110;42150,,,,,
f_f016432,east,2,1,0,0,0,0,40,남,4;2;3;6;6;2;1;7,11,42210;42110;50130,,,,,
f_f016444,east,2,22,0,0,0,0,40,여,3;1;1;2;1;6;1;6,26,11680;50130;42170,,,,,
f_f016446,east,2,2,0,0,0,0,30,여,6;2;4;4;2;3;2;6,11,42210;11170;41290,,,,,
f_f016448,east,2,3,0,0,0,0,40,여,4;4;4;5;3;4;5;3,26,48310;31170;48330,,,,,
f_f016454,east,2,1,0,0,0,0,30,남,4;1;1;1;4;1;1;1,26,50110;42830;26710,,,,,
f_f016462,east,2,11,0,0,0,0,40,여,4;4;3;3;4;3;4;5,11,26410;41820;42210,,,,,
f_f016472,east,2,22,0,0,0,0,40,남,2;4;3;3;5;5;6;6,27,50130;26350;47110,,,,,
f_f016478,east,2,1,0,0,0,0,60,여,1;1;3;4;2;5;7;7,36,41820;41830;27110,,,,,
f_f016482,east,2,21,0,0,0,0,20,여,2;2;2;2;2;4;5;6,26,27290;48840;46130,,,,,
f_f016483,east,2,1,0,0,0,0,20,여,4;1;1;1;1;7;3;7,26,50130;27260;11440,,,,,
f_f016488,east,2,1,0,0,0,0,20,여,4;3;4;2;2;4;5;6,48,26500;26230;47130,,,,,
f_f016490,east,2,1,0,0,0,0,30,여,1;1;7;2;1;6;6;7,31,42210;42150;50130,,,,,
f_f016499,east,2,1,0,0,0,0,20,남,2;2;3;3;4;3;1;4,47,50110;42170;11110,,,,,
f_f016500,east,2,27,0,0,0,0,40,남,2;1;4;5;5;3;6;5,11,42760;42150;50110,,,,,
f_f016502,east,2,11,0,0,0,0,40,남,2;5;1;1;1;1;4;1,41,42820;41820;48120,,,,,
f_f016504,east,2,1,0,0,0,0,20,여,6;2;4;1;4;6;6;5,26,26350;11650;11710,,,,,
f_f016507,east,2,2,0,0,0,0,30,여,4;4;1;3;3;4;6;6,41,42210;26350;50130,,,,,
f_f016510,east,2,1,0,0,0,0,20,여,6;2;2;4;7;6;2;7,26,50110;47130;26350,,,,,
f_f016512,east,2,28,0,0,0,0,40,남,7;4;4;4;4;4;4;4,11,42150;42720;41650,,,,,
f_f016518,east,2,21,0,0,0,0,40,여,2;6;1;3;6;6;1;6,47,47130;27260;31140,,,,,
f_f016519,east,2,21,0,0,0,0,40,여,3;1;1;3;2;3;5;6,30,48840;42210;45730,,,,,
f_f016521,east,2,1,0,0,0,0,30,여,3;2;2;1;1;6;2;7,48,48310;50130;26710,,,,,
f_f016524,east,2,1,0,0,0,0,20,남,4;5;4;3;4;5;4;5,26,26500;31200;26530,,,,,
f_f016529,east,2,1,0,0,0,0,50,여,4;2;2;6;5;6;3;6,11,42210;26350;50130,,,,,
f_f016530,east,2,11,0,0,0,0,50,여,2;1;2;2;4;4;3;6,48,50130;42230;42110,,,,,
f_f016531,east,2,28,0,0,0,0,20,여,4;1;1;4;2;6;1;7,26,50110;47110;48840,,,,,
f_f016533,east,2,2,0,0,0,0,50,남,2;2;4;1;1;5;3;4,26,47130;48310;11680,,,,,
f_f016548,east,2,3,0,0,0,0,20,여,3;2;4;4;3;4;5;7,41,50110;42150;42210,,,,,
f_f016549,east,2,25,0,0,0,0,30,남,2;4;1;4;4;2;4;5,11,11305;26200;47110,,,,,
f_f016559,east,2,2,0,0,0,0,40,남,2;5;6;7;4;4;2;4,26,26710;50130;31710,,,,,
f_f016560,east,2,4,0,0,0,0,60,여,4;4;4;5;5;3;3;3,47,47110;47230;27290,,,,,
f_f016562,east,2,2,0,0,0,0,30,남,7;1;1;1;7;7;6;2,41,41830;42210;26350,,,,,
f_f016567,east,2,1,0,0,0,0,20,남,4;4;1;2;2;6;2;7,27,26530;47110;11110,,,,,
f_f016568,east,2,1,0,0,0,0,30,남,3;4;3;2;3;4;4;2,47,47230;47130;47820,,,,,
f_f016572,east,2,1,0,0,0,0,20,남,4;4;4;4;4;4;5;3,48,48120;26470;11680,,,,,
f_f016576,east,2,2,0,0,0,0,50,남,2;1;2;2;3;3;2;7,42,42110;42210;50110,,,,,
f_f016583,east,2,1,0,0,0,0,30,여,4;1;1;1;7;1;1;7,47,50130;11110;42150,,,,,
f_f016586,east,2,3,0,0,0,0,40,여,1;7;1;7;1;1;1;1,27,47730;48270;46110,,,,,
f_f016590,east,2,1,0,0,0,0,20,여,7;1;1;3;4;4;1;4,47,11140;26350;11680,,,,,
f_f016596,east,2,1,0,0,0,0,20,여,4;1;5;1;5;3;5;3,29,11170;26350;50110,,,,,
f_f016598,east,2,3,0,0,0,0,40,여,1;4;4;2;2;4;3;7,11,48890;48720;47230,,,,,
f_f016601,east,2,2,0,0,0,0,30,여,3;6;4;2;5;5;5;7,26,48250;48330;46130,,,,,
f_f016607,east,2,1,0,0,0,0,20,여,4;2;3;6;3;4;6;6,47,11170;26500;27110,,,,,
f_f016611,east,2,25,0,0,0,0,20,남,2;6;2;2;1;2;2;7,41,42150;41670;41450,,,,,
f_f016612,east,2,1,0,0,0,0,40,여,5;5;2;2;6;7;1;7,31,26230;50110;47130,,,,,
f_f016622,east,2,1,0,0,0,0,20,남,6;6;5;3;5;6;5;5,31,26350;50110;31140,,,,,
f_f016624,east,2,1,0,0,0,0,40,남,3;6;2;4;6;2;7;1,26,47130;50130;48310,,,,,
f_f016628,east,2,4,0,0,0,0,30,여,1;4;1;4;4;2;2;7,11,43800;50110;47110,,,,,
f_f016632,east,2,3,0,0,0,0,20,여,2;3;6;2;5;2;6;2,48,50110;47110;48310,,,,,
f_f016635,east,2,12,0,0,0,0,20,남,4;1;1;3;4;4;2;5,42,50130;47940;26500,,,,,
f_f016639,east,2,22,0,0,0,0,20,여,6;2;2;4;3;6;2;6,48,11680;26350;50110,,,,,
f_f016650,east,2,21,0,0,0,0,60,남,1;1;4;3;1;2;1;5,11,48220;44180;50130,,,,,
f_f016654,east,2,1,0,0,0,0,20,여,2;1;1;4;5;6;2;7,48,50130;47130;45110,,,,,
f_f016655,east,2,11,0,0,0,0,50,여,7;4;7;4;4;5;4;4,26,47110;48310;46130,,,,,
f_f016656,east,2,1,0,0,0,0,20,여,4;2;2;5;5;5;2;6,48,48240;26230;48860,,,,,
f_f016664,east,2,27,0,0,0,0,40,남,1;4;2;3;2;6;2;3,27,47110;31140;11230,,,,,
f_f016665,east,2,1,0,0,0,0,40,여,4;3;3;4;4;5;5;4,27,47130;47820;11215,,,,,
f_f016671,east,2,2,0,0,0,0,40,남,2;3;1;3;6;4;4;3,27,47130;47110;46230,,,,,
f_f016676,east,2,1,0,0,0,0,20,남,1;7;1;1;7;1;1;7,26,48250;26320;48330,,,,,
f_f016679,east,2,3,0,0,0,0,20,여,1;1;1;1;1;1;6;6,27,26350;11230;45130,,,,,
f_f016683,east,2,21,0,0,0,0,20,여,2;2;2;2;2;2;7;7,27,50110;48860;47130,,,,,
f_f016684,east,2,10,0,0,0,0,40,여,1;4;2;2;1;4;4;4,26,42150;50110;47130,,,,,
f_f016686,east,2,22,0,0,0,0,30,남,5;6;2;3;3;6;5;6,42,41670;43150;42110,,,,,
f_f016689,east,2,21,0,0,0,0,30,여,4;6;5;2;3;6;6;7,26,47110;47130;48310,,,,,
f_f016700,east,2,6,0,0,0,0,60,남,3;5;5;3;3;5;3;3,48,26500;26350;48220,,,,,
f_f016703,east,2,2,0,0,0,0,40,여,2;3;2;2;6;5;2;6,41,42210;28110;50110,,,,,
f_f016705,east,2,1,0,0,0,0,20,여,5;3;3;3;5;5;6;6,27,47720;47110;48220,,,,,
f_f016718,east,2,1,0,0,0,0,20,여,4;4;5;2;2;2;2;6,43,42130;42750;42210,,,,,
f_f016722,east,2,6,0,0,0,0,50,남,4;4;3;2;4;4;4;5,41,41830;42210;43110,,,,,
f_f016724,east,2,11,0,0,0,0,20,여,3;1;1;5;6;6;3;7,41,41360;46110;50110,,,,,
f_f016725,east,2,1,0,0,0,0,20,여,2;2;2;3;6;1;2;7,27,50130;42150;44760,,,,,
f_f016727,east,2,22,0,0,0,0,20,남,1;1;4;7;7;4;7;5,26,26710;47130;26380,,,,,
f_f016733,east,2,1,0,0,0,0,20,여,6;5;2;3;5;5;1;7,47,27110;30140;26350,,,,,
f_f016740,east,2,11,0,0,0,0,20,남,7;7;6;3;4;6;2;3,41,42150;42830;42130,,,,,
f_f016741,east,2,21,0,0,0,0,60,여,2;3;3;2;2;4;2;4,41,42210;41270;44210,,,,,
f_f016765,east,2,1,0,0,0,0,20,여,5;6;5;3;6;3;2;6,47,27110;11560;26350,,,,,
f_f016766,east,2,3,0,0,0,0,30,여,2;2;2;3;2;3;3;4,11,50110;50130;26350,,,,,
f_f016772,east,2,22,0,0,0,0,40,여,2;2;1;3;6;4;2;6,48,11230;26350;48740,,,,,
f_f016773,east,2,1,0,0,0,0,20,여,5;3;4;5;5;5;5;3,48,26500;27200;11110,,,,,
f_f016775,east,2,2,0,0,0,0,30,여,5;5;5;5;3;6;2;6,47,26350;47130;47850,,,,,
f_f016784,east,2,22,0,0,0,0,40,여,2;4;5;5;6;2;1;3,31,42210;50130;48220,,,,,
f_f016785,east,2,21,0,0,0,0,20,남,5;2;1;4;5;2;3;5,26,11170;27260;50110,,,,,
f_f016787,east,2,1,0,0,0,0,40,남,3;4;7;2;2;3;5;5,26,47130;26350;48310,,,,,
f_f016789,east,2,22,0,0,0,0,20,여,1;1;1;7;7;1;3;3,11,42830;26290;42130,,,,,
f_f016792,east,2,3,0,0,0,0,40,남,2;3;3;3;3;4;3;4,11,42830;42760;42820,,,,,
f_f016795,east,2,1,0,0,0,0,20,여,3;2;3;4;5;6;7;4,47,46130;47130;26350,,,,,
f_f016805,east,2,12,0,0,0,0,20,남,3;2;3;2;5;3;2;4,27,26500;47130;47110,,,,,
f_f016807,east,2,1,0,0,0,0,40,남,1;4;4;4;4;4;4;4,41,41650;42720;44825,,,,,
f_f016808,east,2,1,0,0,0,0,40,남,2;2;1;6;2;5;3;7,48,50130;42150;26710,,,,,
f_f016809,east,2,1,0,0,0,0,30,남,4;4;4;3;3;5;4;4,41,42720;41820;44180,,,,,
f_f016814,east,2,22,0,0,0,0,40,남,6;6;2;1;6;6;6;6,31,41460;48840;11230,,,,,
f_f016816,east,2,12,0,0,0,0,40,여,1;2;2;2;2;4;2;7,43,42770;42170;50130,,,,,
f_f016819,east,2,3,0,0,0,0,20,여,3;4;2;2;4;5;6;6,26,48330;26410;47130,,,,,
g_g001687,east,3,6,0,0,0,0,20,여,6;2;1;2;6;2;6;5,41,42210;26530;50110,,,,,
g_g001917,east,3,22,0,0,0,0,20,여,2;2;1;3;4;3;7;7,47,26350;47110;11230,,,,,
g_g007350,east,2,2,0,0,0,0,50,여,1;1;1;5;2;2;2;7,11,42170;45110;41270,,,,,
g_g007968,east,2,1,0,0,0,0,20,여,4;4;1;3;7;1;5;6,26,11440;48250;27290,,,,,
g_g009803,east,2,1,0,0,0,0,20,여,7;1;1;1;1;1;1;1,31,26350;11410;30110,,,,,
e_e000929,east,3,1,0,0,0,0,30,여,2;6;2;3;7;2;2;6,11,11710;27260;41360,,,,,
f_f000308,east,3,21,0,0,0,0,40,남,1;1;1;1;1;1;7;5,41,42820;44180;28710,,,,,
f_f000552,east,2,1,0,0,0,0,40,남,4;2;5;2;5;2;2;6,46,50130;42770;45110,,,,,
f_f000564,east,3,1,0,0,0,0,40,남,4;4;4;4;4;4;4;4,41,42150;41460;50110,,,,,
f_f000632,east,3,1,0,0,0,0,40,여,2;5;2;3;6;3;6;4,11,11140;41280;42820,,,,,
f_f000637,east,3,1,0,0,0,0,20,남,1;2;2;5;3;2;6;6,11,50110;42150;45130,,,,,
f_f000666,east,2,21,0,0,0,0,20,여,2;4;4;4;3;3;4;5,28,42150;42170;47210,,,,,
f_f000718,east,3,22,0,0,0,0,50,여,1;1;2;4;1;7;2;6,11,42820;41570;41360,,,,,
f_f000752,east,3,1,0,0,0,0,50,남,4;2;3;3;3;5;5;2,48,50110;47130;45110,,,,,
f_f000765,east,3,2,0,0,0,0,50,여,4;3;2;4;1;2;4;5,11,42210;50130;41820,,,,,
f_f000891,east,3,2,0,0,0,0,20,남,6;2;6;3;4;6;2;3,48,26230;27110;48250,,,,,
f_f000899,east,3,12,0,0,0,0,30,여,2;3;1;5;5;4;2;2,27,42150;47130;50110,,,,,
f_f000901,east,3,9,0,0,0,0,30,여,2;4;2;4;2;2;4;3,41,50130;42770;50110,,,,,
f_f001001,east,3,6,0,0,0,0,50,여,2;2;6;6;6;6;6;4,41,42150;28720;47210,,,,,
f_f001066,east,3,6,0,0,0,0,40,여,1;2;1;4;6;5;1;6,11,41800;28720;42210,,,,,
f_f001068,east,3,10,0,0,0,0,50,여,5;4;2;5;4;3;5;5,11,42830;11110;42210,,,,,
f_f001080,east,2,1,0,0,0,0,30,남,7;7;4;4;3;5;3;4,48,48120;26350;48310,,,,,
f_f001150,east,3,22,0,0,0,0,30,남,4;5;2;5;4;2;1;6,29,46130;46710;45110,,,,,
f_f001153,east,3,22,0,0,0,0,20,남,2;1;3;3;3;2;7;4,27,47130;46130;11215,,,,,
f_f001262,east,2,1,0,0,0,0,30,남,2;4;2;3;6;4;5;5,48,50130;42170;48170,,,,,
f_f001368,east,3,22,0,0,0,0,20,남,2;1;2;6;6;3;6;5,11,26500;50130;42150,,,,,
f_f001399,east,3,2,0,0,0,0,30,남,5;3;2;2;5;5;2;4,26,47130;48310;31170,,,,,
f_f001457,east,3,23,0,0,0,0,40,여,5;5;4;3;3;6;2;5,11,42760;26350;41570,,,,,
f_f001500,east,2,1,0,0,0,0,40,남,2;2;2;2;4;3;3;4,31,31140;26350;47130,,,,,
f_f001541,east,2,2,0,0,0,0,30,여,5;4;3;6;6;5;5;4,26,26350;46150;42150,,,,,
f_f001554,east,3,12,0,0,0,0,40,남,1;1;1;4;1;6;7;7,41,42210;26500;30200,,,,,
f_f001555,east,3,2,0,0,0,0,30,여,4;4;3;3;3;5;3;4,41,41110;26350;50110,,,,,
f_f001572,east,2,22,0,0,0,0,40,남,1;7;7;4;7;1;7;5,41,42760;41500;41360,,,,,
f_f001580,east,3,10,0,0,0,0,30,여,2;1;1;3;4;2;1;7,28,50110;42110;26350,,,,,
f_f001587,east,3,22,0,0,0,0,40,남,2;2;2;3;4;4;4;5,31,26230;47760;47130,,,,,
f_f001607,east,3,1,0,0,0,0,40,남,7;1;4;1;1;1;7;1,41,42210;42230;50130,,,,,
f_f001611,east,3,1,0,0,0,0,30,남,1;1;1;4;2;2;7;5,11,46130;42150;26350,,,,,
f_f001699,east,3,3,0,0,0,0,40,여,1;1;1;4;1;2;5;4,44,50110;46130;48840,,,,,
f_f001717,east,2,1,0,0,0,0,40,여,4;4;4;1;1;4;3;6,31,26710;48330;47130,,,,,
f_f001743,east,3,21,0,0,0,0,30,남,5;1;2;2;6;4;7;5,42,50130;50110;11620,,,,,
f_f001777,east,2,1,0,0,0,0,40,남,4;6;2;3;1;6;2;6,48,26710;48310;27110,,,,,
f_f001793,east,2,22,0,0,0,0,20,여,4;6;6;3;2;5;7;5,48,26710;47130;26500,,,,,
f_f001845,east,3,2,0,0,0,0,40,남,7;2;2;6;7;4;2;5,36,48740;45730;45110,,,,,
f_f001857,east,2,21,0,0,0,0,60,여,2;4;3;3;2;4;5;5,41,50130;47210;42210,,,,,
f_f001877,east,2,3,0,0,0,0,50,여,2;1;2;3;2;2;6;2,41,44210;46730;50130,,,,,
f_f001934,east,2,1,0,0,0,0,60,남,4;3;5;3;4;5;6;4,47,47920;47130;27230,,,,,
f_f001965,east,3,12,0,0,0,0,40,남,2;2;2;6;4;2;4;6,45,47130;45140;46130,,,,,
f_f001978,east,3,11,0,0,0,0,30,여,3;3;3;3;5;3;5;7,27,48310;47110;26350,,,,,
f_f002064,east,2,10,0,0,0,0,40,여,1;3;3;3;5;2;5;2,27,42150;48310;44180,,,,,
f_f002065,east,3,1,0,0,0,0,20,여,1;1;1;1;1;1;1;7,41,50130;26500;27260,,,,,
f_f002433,east,2,21,0,0,0,0,50,여,1;7;3;4;2;6;1;6,11,42210;41360;28710,,,,,
f_f002460,east,2,21,0,0,0,0,20,여,1;1;1;5;6;7;1;6,41,50130;26350;42170,,,,,
f_f002471,east,3,22,0,0,0,0,30,여,1;1;1;4;4;5;6;6,44,46730;42230;50130,,,,,
f_f002477,east,3,4,0,0,0,0,30,여,2;2;2;4;4;4;4;4,11,50110;42150;26230,,,,,
f_f002524,east,2,1,0,0,0,0,20,여,5;5;4;3;3;5;2;5,48,26350;26530;11680,,,,,
f_f002528,east,3,23,0,0,0,0,20,남,2;6;3;5;3;2;6;5,41,41480;42760;50110,,,,,
f_f002533,east,3,22,0,0,0,0,20,여,3;4;3;3;5;2;3;6,27,50110;47130;26350,,,,,
f_f002555,east,2,10,0,0,0,0,40,남,1;7;1;4;1;1;7;7,31,26260;48890;47130,,,,,
f_f002572,east,3,22,0,0,0,0,30,남,4;2;2;2;5;4;6;6,41,50130;50110;26350,,,,,
f_f002594,east,3,21,0,0,0,0,20,여,6;2;4;2;3;4;5;3,41,46130;47130;45110,,,,,
f_f002608,east,3,22,0,0,0,0,20,여,2;1;2;5;6;3;7;5,48,50130;42210;26710,,,,,
f_f002631,east,3,1,0,0,0,0,60,남,1;5;4;2;1;1;6;5,41,41460;41370;41220,,,,,
f_f002657,east,2,22,0,0,0,0,20,여,1;1;1;2;6;5;2;7,27,27110;47130;47110,,,,,
f_f002689,east,3,1,0,0,0,0,60,남,1;3;6;6;5;4;5;5,43,26350;48250;48330,,,,,
f_f002694,east,3,21,0,0,0,0,20,여,4;1;1;2;5;3;3;6,26,48310;50110;50130,,,,,
f_f002707,east,2,3,0,0,0,0,60,여,1;1;4;4;1;6;3;5,11,50130;26710;47130,,,,,
f_f002760,east,3,2,0,0,0,0,20,남,1;2;1;4;4;4;7;7,11,42820;50130;42830,,,,,
f_f002849,east,3,25,0,0,0,0,40,남,1;1;4;2;4;4;3;6,28,42210;42830;41820,,,,,
f_f002856,east,2,21,0,0,0,0,40,여,1;6;1;1;1;1;6;1,11,42150;41460;43130,,,,,
f_f002972,east,2,3,0,0,0,0,40,남,1;4;6;5;4;5;5;5,27,47280;47110;50130,,,,,
f_f003357,east,2,1,0,0,0,0,40,남,6;5;2;4;5;4;5;6,27,47290;47850;26140,,,,,
f_f003426,east,2,4,0,0,0,0,20,여,4;1;1;1;4;1;2;7,47,11680;26230;42150,,,,,
f_f003470,east,2,22,0,0,0,0,30,남,1;6;1;4;4;3;4;4,11,42150;41800;44180,,,,,
f_f003549,east,2,1,0,0,0,0,40,여,2;4;6;5;2;3;6;1,11,50110;11410;42110,,,,,
f_f003580,east,2,22,0,0,0,0,30,여,2;4;2;5;3;6;3;7,42,42150;41450;42110,,,,,
f_f003583,east,2,21,0,0,0,0,30,여,2;5;2;4;2;3;2;2,42,26350;11140;42150,,,,,
f_f003596,east,2,11,0,0,0,0,60,여,2;3;4;3;4;4;4;5,26,47130;47170;31710,,,,,
f_f003602,east,2,1,0,0,0,0,20,여,4;6;2;6;6;2;6;6,47,50110;11140;42150,,,,,
f_f003615,east,2,22,0,0,0,0,20,여,2;6;2;2;3;5;5;5,27,26350;47130;47110,,,,,
f_f003618,east,2,22,0,0,0,0,40,여,1;4;1;3;7;4;4;7,27,26710;48220;26350,,,,,
f_f003646,east,2,2,0,0,0,0,30,여,2;4;3;3;3;3;3;4,26,26350;47130;11440,,,,,
f_f003661,east,2,2,0,0,0,0,50,남,2;6;6;2;6;6;2;6,27,47820;41590;47730,,,,,
f_f003703,east,2,1,0,0,0,0,20,여,5;3;3;2;2;2;2;7,47,11110;27110;26350,,,,,
f_f003737,east,2,1,0,0,0,0,40,여,4;2;2;3;3;2;5;5,31,27260;30200;46170,,,,,
f_f003751,east,2,1,0,0,0,0,30,남,5;3;5;4;4;5;2;4,47,27230;11680;47130,,,,,
f_f003782,east,2,1,0,0,0,0,20,여,7;3;7;5;1;5;7;1,47,26350;47130;47110,,,,,
f_f003832,east,2,1,0,0,0,0,20,여,7;7;1;4;6;4;5;7,48,50110;11680;42150,,,,,
f_f003871,east,2,21,0,0,0,0,20,여,1;2;1;3;1;1;5;5,11,50130;50110;26350,,,,,
f_f003874,east,2,21,0,0,0,0,40,여,4;4;2;2;4;6;3;6,48,26350;50110;27110,,,,,
f_f003908,east,2,1,0,0,0,0,30,남,2;6;3;5;5;4;6;5,27,50110;26350;47110,,,,,
f_f003934,east,2,1,0,0,0,0,30,남,6;2;6;1;5;3;2;4,47,11200;26710;47130,,,,,
f_f004164,east,3,1,0,0,0,0,20,남,3;3;2;1;4;5;5;3,41,41820;11680;42150,,,,,
f_f004169,east,2,2,0,0,0,0,20,여,3;6;3;3;4;5;2;5,41,42150;26140;50130,,,,,
f_f004174,east,3,11,0,0,0,0,30,남,2;5;2;1;1;2;7;2,41,42810;47130;26350,,,,,
f_f004217,east,2,2,0,0,0,0,20,여,4;4;2;6;5;4;2;7,26,47130;26710;26350,,,,,
f_f004284,east,3,2,0,0,0,0,30,여,4;6;1;4;2;1;7;7,41,42210;50130;28185,,,,,
f_f004421,east,3,21,0,0,0,0,40,여,4;4;4;4;4;4;4;4,11,42150;26500;46130,,,,,
f_f004430,east,2,2,0,0,0,0,50,남,4;1;1;4;4;1;4;7,26,47110;47130;50110,,,,,
f_f004453,east,2,1,0,0,0,0,20,여,2;2;2;4;3;3;1;6,27,50130;46130;42830,,,,,
f_f004538,east,2,21,0,0,0,0,60,여,7;1;1;7;7;6;7;7,48,11680;42760;41110,,,,,
f_f004593,east,3,21,0,0,0,0,40,여,2;4;2;4;6;4;2;6,11,42760;28710;41830,,,,,
f_f004607,east,3,2,0,0,0,0,20,여,7;1;1;6;7;7;7;6,11,50110;26350;41820,,,,,
f_f004719,east,3,2,0,0,0,0,30,여,3;2;3;2;5;5;5;6,31,50130;47130;42150,,,,,
f_f004746,east,3,22,0,0,0,0,30,남,4;2;4;4;4;6;4;5,47,47130;48220;27230,,,,,
f_f004808,east,3,22,0,0,0,0,20,남,2;2;3;5;5;5;6;6,41,42150;11680;28710,,,,,
f_f004843,east,3,1,0,0,0,0,40,남,7;1;1;1;7;4;7;7,28,50110;26500;42830,,,,,
f_f004846,east,2,2,0,0,0,0,20,남,6;5;5;4;2;6;2;5,26,48310;46130;26350,,,,,
f_f004910,east,3,2,0,0,0,0,20,여,3;2;2;4;4;4;2;7,31,47130;26350;27260,,,,,
f_f004950,east,3,1,0,0,0,0,40,남,2;2;2;4;6;5;1;6,41,42830;26710;46150,,,,,
f_f004955,east,3,23,0,0,0,0,20,여,2;2;4;1;2;6;2;6,27,26500;50110;48310,,,,,
f_f004987,east,3,1,0,0,0,0,30,남,6;2;4;3;2;2;6;3,47,26500;27110;11500,,,,,
f_f004996,east,3,4,0,0,0,0,30,여,6;2;3;3;3;5;3;5,41,11560;26350;50130,,,,,
f_f005023,east,2,21,0,0,0,0,40,여,3;2;5;2;2;5;5;5,11,42210;50130;26200,,,,,
f_f005060,east,2,22,0,0,0,0,20,여,4;4;4;4;4;4;4;4,27,11230;26710;27290,,,,,
f_f005171,east,2,21,0,0,0,0,30,남,6;7;2;1;2;3;1;3,48,11230;26350;48170,,,,,
f_f005199,east,3,10,0,0,0,0,50,남,1;2;3;6;5;3;2;2,11,42110;50130;42210,,,,,
f_f005204,east,3,1,0,0,0,0,60,여,1;4;5;4;2;4;3;4,26,50130;48840;48330,,,,,
f_f005241,east,3,22,0,0,0,0,20,여,3;1;1;2;6;7;1;7,41,42150;26350;46130,,,,,
f_f005243,east,3,1,0,0,0,0,40,여,2;1;1;4;4;4;2;4,11,41480;42210;43760,,,,,
f_f005300,east,3,22,0,0,0,0,30,여,4;2;5;3;4;4;2;2,27,26350;47130;47110,,,,,
f_f005345,east,3,1,0,0,0,0,30,여,4;1;2;2;3;3;2;6,11,42150;26350;50110,,,,,
f_f005356,east,2,22,0,0,0,0,30,여,3;4;2;4;6;1;1;7,27,50130;48240;47840,,,,,
f_f005473,east,3,2,0,0,0,0,20,남,2;4;3;4;4;2;4;5,42,50110;42150;26290,,,,,
f_f005508,east,3,2,0,0,0,0,20,여,5;3;2;5;3;5;1;6,41,42210;26350;47130,,,,,
f_f005559,east,3,1,0,0,0,0,20,여,2;3;2;3;4;4;3;6,41,41820;42150;28710,,,,,
f_f005560,east,3,5,0,0,0,0,30,여,2;2;2;6;6;2;2;2,41,42830;50110;11110,,,,,
f_f005586,east,2,3,0,0,0,0,40,남,1;4;3;3;3;5;4;6,11,41820;42230;47280,,,,,
f_f005589,east,3,21,0,0,0,0,20,남,1;1;7;1;7;1;1;7,41,42820;47130;50110,,,,,
f_f005657,east,2,1,0,0,0,0,20,남,6;5;4;3;3;4;3;6,48,26500;27110;11680,,,,,
f_f005666,east,3,22,0,0,0,0,30,남,2;1;1;3;6;1;7;7,41,50110;42150;48310,,,,,
f_f005697,east,3,22,0,0,0,0,50,여,4;4;2;7;7;7;7;7,42,42150;11680;50130,,,,,
f_f005699,east,3,21,0,0,0,0,30,여,1;1;1;2;4;6;1;7,27,50130;26350;42230,,,,,
f_f005723,east,3,22,0,0,0,0,50,남,1;1;1;1;2;2;1;7,31,26350;47130;11110,,,,,
f_f005748,east,3,1,0,0,0,0,30,여,7;1;1;1;7;1;7;7,27,47290;47130;26710,,,,,
f_f005835,east,2,1,0,0,0,0,30,여,4;2;4;5;3;6;3;7,41,42150;26500;42210,,,,,
f_f005836,east,3,1,0,0,0,0,20,남,1;1;2;2;4;4;3;6,42,42170;42150;50130,,,,,
f_f005882,east,3,10,0,0,0,0,20,여,3;2;4;2;5;3;4;7,41,42150;42210;41820,,,,,
f_f006021,east,3,22,0,0,0,0,40,여,1;1;4;7;4;4;5;5,11,41650;42750;41800,,,,,
f_f006130,east,2,1,0,0,0,0,20,여,7;1;1;1;7;7;6;6,27,28110;26350;47130,,,,,
f_f006136,east,3,21,0,0,0,0,20,남,4;2;1;2;4;2;6;6,41,41360;42150;42760,,,,,
f_f006342,east,2,21,0,0,0,0,40,남,4;4;2;4;4;4;2;7,41,41360;48220;47170,,,,,
f_f006364,east,2,12,0,0,0,0,60,여,1;6;1;1;1;2;2;7,48,48850;46230;46150,,,,,
f_f006365,east,2,12,0,0,0,0,20,여,1;1;1;2;4;3;5;7,11,42230;42150;46110,,,,,
f_f006373,east,2,1,0,0,0,0,20,남,6;6;1;4;6;3;2;4,27,26350;26500;11680,,,,,
f_f006374,east,2,1,0,0,0,0,30,여,1;4;3;3;3;1;1;7,48,47130;42820;42210,,,,,
f_f006382,east,2,4,0,0,0,0,30,여,3;1;3;2;4;4;3;5,42,42210;47170;11680,,,,,
f_f006385,east,2,22,0,0,0,0,40,여,3;3;4;4;2;4;5;5,27,47130;26350;46130,,,,,
f_f006387,east,2,12,0,0,0,0,50,여,3;1;4;1;2;3;3;2,42,42210;41360;28110,,,,,
f_f006402,east,2,22,0,0,0,0,30,여,2;6;1;1;6;1;1;7,27,42170;26710;47770,,,,,
f_f006405,east,2,1,0,0,0,0,30,남,5;2;4;4;2;3;3;6,27,26350;11230;47130,,,,,
f_f006633,east,3,1,0,0,0,0,20,여,6;2;3;4;3;3;6;6,11,26350;42210;42830,,,,,
f_f006636,east,3,2,0,0,0,0,20,남,3;3;4;3;5;5;3;5,41,11560;44810;45180,,,,,
f_f006669,east,2,21,0,0,0,0,50,여,2;2;4;2;2;2;2;4,29,50110;50130;46710,,,,,
f_f006677,east,2,22,0,0,0,0,40,남,3;4;3;2;4;2;4;3,41,42110;50130;11350,,,,,
f_f006713,east,2,21,0,0,0,0,40,남,3;6;6;6;6;3;6;1,47,47130;50130;11110,,,,,
f_f006715,east,3,2,0,0,0,0,30,남,1;4;1;6;7;6;2;7,47,27110;47190;47150,,,,,
f_f006730,east,3,27,0,0,0,0,20,여,1;2;1;1;1;6;7;7,48,26350;50130;42210,,,,,
f_f006731,east,3,12,0,0,0,0,30,남,4;1;3;3;3;3;3;6,41,42150;11110;26500,,,,,
f_f006809,east,3,22,0,0,0,0,30,여,4;1;4;4;6;4;2;7,28,42150;43110;30110,,,,,
f_f006889,east,2,27,0,0,0,0,20,여,1;1;7;4;1;2;3;3,27,41110;42210;50110,,,,,
f_f007048,east,3,2,0,0,0,0,30,남,1;1;4;5;7;1;4;1,27,47110;47130;50110,,,,,
f_f007086,east,3,2,0,0,0,0,50,여,2;2;1;2;1;6;1;7,26,47130;48310;27260,,,,,
f_f007123,east,2,2,0,0,0,0,50,남,5;2;1;1;6;6;1;7,11,43130;46820;41280,,,,,
f_f007215,east,3,22,0,0,0,0,20,여,4;5;4;2;2;2;6;7,48,47130;48250;31170,,,,,
f_f007319,east,3,6,0,0,0,0,30,여,1;4;1;3;2;2;5;7,27,50130;48840;47820,,,,,
f_f007332,east,3,12,0,0,0,0,30,여,4;2;4;2;5;4;6;5,41,42150;46130;50110,,,,,
f_f007405,east,2,1,0,0,0,0,40,남,4;3;4;5;6;5;2;6,31,26500;31110;11140,,,,,
f_f007410,east,3,2,0,0,0,0,30,여,6;6;5;2;5;6;1;1,11,45110;30200;11110,,,,,
f_f007486,east,3,2,0,0,0,0,30,여,3;2;1;4;5;2;7;4,27,48850;45190;11110,,,,,
f_f007495,east,3,12,0,0,0,0,40,남,1;2;2;2;3;3;5;5,26,11110;50110;45110,,,,,
f_f007534,east,3,2,0,0,0,0,20,여,6;2;1;2;6;4;5;2,47,47110;47820;47130,,,,,
f_f007542,east,3,1,0,0,0,0,20,남,3;2;3;6;2;3;7;7,41,50130;26140;42150,,,,,
f_f007593,east,2,2,0,0,0,0,30,여,2;7;1;1;7;7;1;7,27,47820;47290;47230,,,,,
f_f007726,east,3,3,0,0,0,0,30,남,3;2;2;5;4;4;3;3,41,42230;41590;28710,,,,,
f_f007856,east,3,22,0,0,0,0,40,여,5;4;2;3;1;4;3;4,27,47130;50130;26350,,,,,
f_f007931,east,2,22,0,0,0,0,60,여,2;4;6;5;2;3;2;4,11,42830;42770;45110,,,,,
f_f007934,east,3,4,0,0,0,0,20,남,3;2;2;2;4;5;2;5,28,42230;42210;47130,,,,,
f_f007943,east,3,4,0,0,0,0,20,여,2;1;4;2;3;2;1;6,47,50130;26230;42830,,,,,
f_f007946,east,3,24,0,0,0,0,30,여,2;4;3;2;4;5;4;5,11,50130;42150;41110,,,,,
f_f008026,east,2,22,0,0,0,0,30,남,2;1;1;1;7;1;1;7,11,11110;26350;50130,,,,,
f_f008065,east,2,22,0,0,0,0,30,남,3;3;2;2;3;4;1;6,41,41450;42830;50130,,,,,
f_f008192,east,3,1,0,0,0,0,30,남,1;1;2;1;1;1;2;6,26,42170;47930;48840,,,,,
f_f008196,east,3,1,0,0,0,0,20,여,6;3;2;5;5;6;6;2,11,42150;50110;29110,,,,,
f_f008289,east,2,1,0,0,0,0,30,남,1;1;1;3;2;2;3;5,26,42150;42760;50130,,,,,
f_f008337,east,2,12,0,0,0,0,50,여,3;6;3;5;3;5;5;2,26,48310;45730;26380,,,,,
f_f008415,east,3,2,0,0,0,0,40,여,2;3;2;2;4;3;6;3,43,26200;50130;11680,,,,,
f_f008426,east,3,10,0,0,0,0,50,여,1;4;2;4;1;4;1;7,11,42830;41820;50130,,,,,
f_f008510,east,2,12,0,0,0,0,30,남,4;4;2;4;2;1;2;6,44,50110;42150;47250,,,,,
f_f008545,east,2,12,0,0,0,0,30,남,1;1;2;3;3;5;6;7,42,50130;47130;42210,,,,,
f_f008548,east,2,1,0,0,0,0,40,여,2;4;2;2;2;2;2;3,47,11680;50110;47130,,,,,
f_f008557,east,2,1,0,0,0,0,60,여,1;1;1;2;1;2;3;3,26,31140;48250;46730,,,,,
f_f008565,east,2,21,0,0,0,0,30,여,1;6;1;7;2;3;1;7,26,47130;48840;50130,,,,,
f_f008606,east,2,2,0,0,0,0,40,남,4;4;3;4;6;3;3;2,48,11110;48250;26500,,,,,
f_f008632,east,3,23,0,0,0,0,20,여,2;1;1;1;1;5;4;6,41,50130;26500;42150,,,,,
f_f008768,east,2,1,0,0,0,0,20,여,4;4;4;4;4;4;4;4,31,26350;11680;11110,,,,,
f_f008913,east,2,13,0,0,0,0,20,여,2;4;2;4;3;6;7;4,27,26260;47170;50110,,,,,
f_f009174,east,2,3,0,0,0,0,40,여,2;1;3;4;4;2;4;7,48,26500;50130;50110,,,,,
f_f009183,east,2,21,0,0,0,0,30,여,4;6;5;5;3;5;6;1,26,26710;48250;48310,,,,,
f_f009681,east,3,1,0,0,0,0,20,여,4;2;2;5;1;4;6;6,11,50130;42150;26350,,,,,
f_f009694,east,2,22,0,0,0,0,20,남,5;3;3;2;2;3;2;6,26,47130;42150;50130,,,,,
f_f009752,east,2,1,0,0,0,0,20,여,4;2;2;3;4;6;1;6,41,26350;45110;26500,,,,,
f_f009882,east,2,22,0,0,0,0,20,여,4;4;2;3;4;4;3;5,48,26500;26350;48250,,,,,
f_f009920,east,2,1,0,0,0,0,20,여,2;2;2;4;4;3;3;5,26,50110;31110;11110,,,,,
f_f010097,east,2,21,0,0,0,0,30,남,4;4;1;2;1;1;2;5,27,50130;50110;42150,,,,,
f_f010143,east,2,6,0,0,0,0,20,여,4;5;2;4;6;3;1;6,31,11680;26350;26230,,,,,
f_f010305,east,3,2,0,0,0,0,20,여,4;2;2;3;4;5;5;5,27,47130;26710;11440,,,,,
f_f010511,east,3,1,0,0,0,0,30,여,1;1;1;2;2;2;3;6,42,42210;42150;50130,,,,,
f_f010622,east,3,1,0,0,0,0,20,남,4;5;4;5;3;4;4;5,27,26350;27140;47770,,,,,
f_f010862,east,3,12,0,0,0,0,30,여,4;1;1;1;1;1;1;7,48,11110;11200;26710,,,,,
f_f010898,east,2,3,0,0,0,0,30,여,1;4;1;3;6;3;3;3,43,30170;11110;30200,,,,,
f_f010929,east,2,1,0,0,0,0,30,여,5;5;1;5;2;5;2;5,41,50110;50130;47130,,,,,
f_f010964,east,3,2,0,0,0,0,20,여,2;2;2;4;1;3;7;4,28,42770;30200;44150,,,,,
f_f011016,east,3,1,0,0,0,0,20,여,7;1;4;4;4;6;2;3,31,26350;31140;27290,,,,,
f_f011065,east,2,1,0,0,0,0,20,여,2;1;2;4;4;1;4;7,47,50110;47290;42150,,,,,
f_f011273,east,3,1,0,0,0,0,20,여,5;4;3;6;4;4;2;5,41,42210;42110;11680,,,,,
f_f011739,east,3,22,0,0,0,0,20,여,1;1;4;1;1;2;1;7,41,26500;42150;50110,,,,,
f_f011799,east,2,22,0,0,0,0,30,여,4;4;4;6;4;4;6;6,26,26710;48250;47130,,,,,
f_f011919,east,2,3,0,0,0,0,40,남,2;2;1;2;4;1;6;7,11,26350;48250;47130,,,,,
f_f012072,east,2,1,0,0,0,0,30,여,1;7;6;2;2;7;2;7,27,26500;47130;11200,,,,,
f_f012109,east,2,24,0,0,0,0,30,여,1;7;3;6;7;1;6;3,48,26380;31140;42230,,,,,
f_f012130,east,2,1,0,0,0,0,30,여,1;1;4;1;5;1;1;4,26,11170;11440;27110,,,,,
f_f012199,east,2,26,0,0,0,0,20,여,4;3;2;3;4;3;5;3,26,45110;41820;29200,,,,,
f_f012276,east,2,2,0,0,0,0,20,남,2;3;2;3;3;2;3;7,26,47130;45110;42150,,,,,
f_f012293,east,2,1,0,0,0,0,50,여,7;7;6;1;4;7;7;7,41,41830;42150;42210,,,,,
f_f012339,east,2,1,0,0,0,0,20,여,1;2;1;6;7;1;7;6,41,11410;26110;43800,,,,,
f_f012353,east,3,23,0,0,0,0,40,여,1;1;6;2;1;5;1;7,41,50130;42150;44180,,,,,
f_f012370,east,3,1,0,0,0,0,30,여,4;1;3;2;2;3;7;7,27,26500;11740;50110,,,,,
f_f012379,east,2,1,0,0,0,0,30,여,2;4;2;4;3;1;3;6,27,47130;48310;26710,,,,,
f_f012622,east,2,4,0,0,0,0,20,여,3;3;2;3;4;5;2;5,43,42150;44130;44210,,,,,
f_f012636,east,3,10,0,0,0,0,20,여,4;1;2;1;4;4;1;7,27,50130;26500;47130,,,,,
f_f012768,east,3,1,0,0,0,0,20,여,2;1;4;3;2;5;1;5,41,11710;42150;42110,,,,,
f_f012791,east,2,12,0,0,0,0,20,여,6;4;1;2;4;4;7;4,31,26230;47130;27110,,,,,
f_f012947,east,3,1,0,0,0,0,30,여,6;2;1;4;5;2;2;6,11,11680;26350;50110,,,,,
f_f012966,east,2,1,0,0,0,0,50,여,2;4;4;1;2;6;2;6,27,47290;26710;42110,,,,,
f_f013011,east,3,3,0,0,0,0,40,여,4;1;3;2;6;3;2;4,26,48840;47130;11110,,,,,
f_f013013,east,3,1,0,0,0,0,20,여,5;3;3;2;3;4;3;6,28,50110;42150;26350,,,,,
f_f013015,east,3,1,0,0,0,0,20,남,2;2;4;6;3;4;5;3,41,26140;42150;50110,,,,,
f_f013154,east,3,12,0,0,0,0,20,여,1;7;1;4;4;6;7;7,43,42150;50130;42210,,,,,
f_f013244,east,3,21,0,0,0,0,30,여,2;2;3;5;4;3;3;5,26,42150;50110;48270,,,,,
f_f013283,east,2,1,0,0,0,0,30,여,5;2;3;5;6;7;5;6,26,11110;50130;50110,,,,,
f_f013285,east,3,22,0,0,0,0,20,남,4;3;5;2;6;5;2;6,36,31170;11680;26710,,,,,
f_f013317,east,2,21,0,0,0,0,40,여,4;4;1;4;4;4;3;3,28,50130;26290;46880,,,,,
f_f013420,east,2,22,0,0,0,0,30,여,4;4;4;2;3;4;6;5,11,50130;50110;42830,,,,,
f_f013539,east,2,2,0,0,0,0,40,여,4;1;1;2;4;1;1;7,11,50130;42210;41270,,,,,
f_f013566,east,3,1,0,0,0,0,20,여,3;2;3;2;2;5;3;5,43,42150;50130;26500,,,,,
f_f013685,east,3,12,0,0,0,0,20,남,2;1;3;4;6;6;2;6,41,11230;41460;42150,,,,,
f_f013698,east,3,10,0,0,0,0,20,여,3;1;1;5;5;5;5;5,43,27110;47130;11410,,,,,
f_f013705,east,2,1,0,0,0,0,50,여,4;2;3;1;3;3;1;5,31,26350;47130;42210,,,,,
f_f013839,east,2,24,0,0,0,0,30,여,3;2;3;4;2;4;6;4,48,26500;26350;42150,,,,,
f_f014123,east,3,4,0,0,0,0,30,남,7;1;1;4;1;4;1;4,11,42170;42150;26350,,,,,
f_f014137,east,2,1,0,0,0,0,20,남,4;6;2;1;4;3;1;6,27,26500;11170;47130,,,,,
f_f014506,east,2,12,0,0,0,0,40,여,4;7;1;7;4;4;7;5,26,26290;50130;48220,,,,,
f_f014568,east,2,11,0,0,0,0,50,남,2;2;1;5;6;4;6;6,26,47130;48310;48250,,,,,
f_f015177,east,2,22,0,0,0,0,40,남,1;1;1;4;5;2;6;7,11,42150;45110;50130,,,,,
f_f015516,east,2,22,0,0,0,0,50,여,4;5;5;2;4;6;3;6,48,48240;48120;27710,,,,,
f_f015522,east,2,4,0,0,0,0,60,남,6;4;5;5;6;4;4;2,27,47130;47840;47110,,,,,
f_f015553,east,2,12,0,0,0,0,20,남,6;1;2;2;1;6;1;6,27,26350;11680;50110,,,,,
f_f015563,east,2,2,0,0,0,0,40,남,4;4;2;4;6;2;1;7,26,48120;47130;27140,,,,,
f_f015580,east,2,2,0,0,0,0,30,남,2;3;5;5;5;4;5;4,48,42210;50130;43740,,,,,
f_f015592,east,2,2,0,0,0,0,50,여,1;1;1;1;1;1;7;7,48,48120;11440;27260,,,,,
f_f015677,east,2,1,0,0,0,0,40,남,2;2;1;3;5;5;5;3,31,26350;48860;42150,,,,,
f_f015720,east,2,1,0,0,0,0,20,남,7;7;4;5;6;6;2;7,26,11200;27110;50110,,,,,
f_f015778,east,2,11,0,0,0,0,30,여,4;4;2;6;6;2;2;6,26,47130;26710;27290,,,,,
f_f015804,east,2,12,0,0,0,0,40,남,2;1;1;3;7;1;7;3,27,48310;42110;47130,,,,,
f_f015875,east,2,1,0,0,0,0,20,여,5;6;1;1;1;2;6;2,26,27260;11680;26710,,,,,
f_f015893,east,2,22,0,0,0,0,40,남,6;2;7;1;2;6;1;6,41,42150;46130;26350,,,,,
f_f015959,east,2,22,0,0,0,0,30,여,3;4;3;1;1;3;2;5,48,50110;26110;11110,,,,,
f_f015969,east,2,11,0,0,0,0,30,남,3;1;1;3;5;4;2;6,41,26350;46130;42830,,,,,
f_f016069,east,2,21,0,0,0,0,40,남,3;3;2;3;5;5;2;5,31,26350;47130;42210,,,,,
f_f016095,east,2,22,0,0,0,0,20,남,6;5;2;3;2;6;2;5,48,26500;26230;48120,,,,,
f_f016103,east,2,1,0,0,0,0,40,남,3;6;4;2;2;2;6;5,11,42820;42150;11170,,,,,
f_f016112,east,2,12,0,0,0,0,40,여,1;5;1;3;3;1;6;7,43,47170;31170;47130,,,,,
f_f016346,east,2,2,0,0,0,0,20,여,2;2;4;2;4;4;6;3,47,42150;42760;47130,,,,,
f_f016402,east,2,1,0,0,0,0,20,여,4;1;1;4;4;4;4;4,47,11680;26350;50130,,,,,
f_f016407,east,2,1,0,0,0,0,30,여,4;3;4;2;2;5;2;4,43,11680;42150;42130,,,,,
f_f016443,east,2,13,0,0,0,0,20,남,1;1;6;6;1;6;2;6,26,47130;48250;30170,,,,,
f_f016494,east,2,12,0,0,0,0,30,여,4;2;6;5;1;7;7;7,48,48310;26230;43110,,,,,
f_f016555,east,2,1,0,0,0,0,20,여,2;1;4;5;3;5;2;6,11,42150;41820;42830,,,,,
f_f016564,east,2,25,0,0,0,0,20,여,6;2;2;3;1;2;2;6,11,42150;47930;41820,,,,,
f_f016577,east,2,11,0,0,0,0,50,여,2;4;2;4;6;2;6;6,31,31170;26710;47130,,,,,
f_f016578,east,2,1,0,0,0,0,20,여,3;5;3;5;3;4;3;5,26,48270;30170;43800,,,,,
f_f016595,east,2,12,0,0,0,0,30,남,2;4;2;4;5;2;6;2,41,46130;28720;41460,,,,,
f_f016659,east,2,21,0,0,0,0,20,남,4;3;3;5;5;4;3;4,11,42210;50110;46130,,,,,
f_f016691,east,2,1,0,0,0,0,20,남,2;1;1;4;5;5;2;5,27,26110;47130;11305,,,,,
f_f016728,east,2,1,0,0,0,0,30,남,2;1;2;4;6;4;1;6,26,48250;48330;48120,,,,,
f_f016762,east,2,21,0,0,0,0,60,남,2;4;2;4;5;4;4;4,28,50110;46710;43150,,,,,
f_f016767,east,2,2,0,0,0,0,40,남,2;3;2;2;3;3;3;3,48,50130;50110;41310,,,,,
f_f016776,east,2,1,0,0,0,0,20,남,4;3;6;3;2;4;6;4,48,42150;47130;50110,,,,,
f_f016822,east,2,22,0,0,0,0,50,남,4;4;4;5;5;5;4;4,48,48240;26350;47110,,,,,
