travel_id,day_index,visit_order,visit_area_id,visit_area_nm
e_e000668,1,1,2305200001,집
e_e000668,1,2,2305200002,친척 집
e_e000668,1,3,2305200003,인천종합어시장
e_e000668,1,4,2305200004,나야 풍란원
e_e000668,1,5,2305200005,뉴 카스타운 대소점
e_e000668,1,6,2305200006,집
e_e000821,1,1,2305270001,집
e_e000821,1,2,2305270003,힐스테이트 당진 2차 아파트
e_e000821,1,3,2305270002,힐스테이트 당진 2차 아파트
e_e000821,2,1,2305280002,충남 당진시 신평면 부수리 225-9
e_e000821,2,2,2305280003,로드 195카페
e_e000821,2,3,2305280004,우렁이 박사
e_e000821,2,4,2305280005,화성휴게소 서울 방향
e_e000821,2,5,2305280001,집
e_e001033,1,1,2305270001,집
e_e001033,1,2,2305270002,굴암사
e_e001033,1,3,2305270003,이월 서갑
e_e001033,1,4,2305270004,숲속 숯가마 용인점
e_e001033,1,5,2305270005,이향 가든
e_e001033,1,6,2305270006,집
e_e001240,1,1,2306040003,집
e_e001240,1,2,2306040001,가야 해물칼국수
e_e001240,1,3,2306040002,장호원 오일장
e_e001240,1,4,2306040004,카페 다원
e_e001240,1,5,2306040005,집
e_e001423,1,1,2305290001,집
e_e001423,1,2,2305290002,예산 상설시장
e_e001423,1,3,2305290003,봉곡사
e_e001423,1,4,2305290004,집
e_e002195,1,1,2306040001,집
e_e002195,1,2,2306040002,서울역
e_e002195,1,3,2306040003,대전역
e_e002195,1,4,2306040004,성심당 본점
e_e002195,1,5,2306040005,성심당 케이크 부티크
e_e002195,1,6,2306040006,테마 오래
e_e002195,1,7,2306040007,대전역
e_e002195,1,8,2306040008,집
e_e003226,1,1,2307010001,집
e_e003226,1,2,2307010002,탕정 그 집 주꾸미 아산 직영점
e_e003226,1,3,2307010005,설빙 충남 아산 온양온천점
e_e003226,1,4,2307010003,현충사
e_e003226,1,5,2307010004,온양온천시장
e_e003226,1,6,2307010007,온양온천랜드
e_e003226,2,1,2307020001,본가 어죽
e_e003226,2,2,2307020002,카페나커
e_e003226,2,3,2307020003,신정호
e_e003226,2,4,2307020004,집
e_e004944,1,1,2307090001,집
e_e004944,1,2,2307090002,혼가의 베트남 쌀국수 3호점
e_e004944,1,3,2307090003,여로
e_e004944,1,4,2307090004,설봉공원
e_e004944,1,5,2307090005,롯데 프리미엄 아울렛 이천점
e_e004944,1,6,2307090006,돈과 네 옛날 김치 돼지찌개 백암점
e_e004944,1,7,2307090007,집
e_e007408,1,1,2308190006,집
e_e007408,1,2,2308190001,충주 탄금공원(구 세계무술공원)
e_e007408,1,3,2308190002,충주 라바 랜드
e_e007408,1,4,2308190003,중앙탑 막국수
e_e007408,1,5,2308190004,중앙탑 사적공원
e_e007408,1,6,2308190005,광주군형 심포니 아파트
e_e011214,1,1,2308250001,집
e_e011214,1,2,2308250003,예산역
e_e011214,1,3,2308250004,달팽이 미술관
e_e011214,1,4,2308250005,봉수산 수목원 및 봉수산 수목원 곤충생태관
e_e011214,1,5,2308250006,예산 황새공원
e_e011214,1,6,2308250007,대흥임존성
e_e011214,1,7,2308250008,예당호 모노레일
e_e011214,1,8,2308250009,예당호 출렁다리
e_e011214,1,9,2308250010,예산 상설시장
e_e011214,1,10,2308250011,발레나
e_e011214,1,11,2308250012,사과다
e_e011214,1,12,2308250013,낙원 약과
e_e011214,1,13,2308250014,예산종합터미널
e_e011214,1,14,2308250002,집
e_e013132,1,1,2309090001,집
e_e013132,1,2,2309090002,우렁이 박사
e_e013132,1,3,2309090003,레이 키
e_e013132,1,4,2309090004,왜목마을해수욕장
e_e013132,1,5,2309090005,삽교호 놀이공원
e_e013132,1,6,2309090006,집
e_e013141,1,1,2309240001,집
e_e013141,1,2,2309240003,퍼스트빌리지
e_e013141,1,3,2309240004,베이커리 빵 선생
e_e013141,1,4,2309240005,향미
e_e013141,1,5,2309240006,세븐일레븐 아산 퍼스트빌리지점
e_e013141,1,6,2309240002,집
e_e013143,1,1,2309230001,집
e_e013143,1,2,2309230002,한국만화 박물관
e_e013143,1,3,2309230003,국립 중앙과학관
e_e013143,1,4,2309230004,엑스포과학공원 한빛탑
e_e013143,1,5,2309230005,집
e_e013144,1,1,2309230001,집
e_e013144,1,2,2309230002,한밭수목원 수생식물원
e_e013144,1,3,2309230003,엑스포시민광장
e_e013144,1,4,2309230005,동원 칼국수
e_e013144,1,5,2309230004,카이스트 본원
e_e013144,1,6,2309230006,집
e_e013149,1,1,2309240001,집
e_e013149,1,2,2309240002,만천하 스카이워크
e_e013149,1,3,2309240003,단양강잔도
e_e013149,1,4,2309240005,단양국민체육센터
e_e013149,1,5,2309240004,경남 식당
e_e013149,1,6,2309240006,단양구경시장
e_e013149,1,7,2309240007,집
e_e013179,1,1,2309240001,집
e_e013179,1,2,2309240002,대흥식당
e_e013179,1,3,2309240004,유양 창고
e_e013179,1,4,2309240005,충의사
e_e013179,1,5,2309240006,윤봉길 의사 기념관
e_e013179,1,6,2309240007,처한당
e_e013179,1,7,2309240008,gs25 예산 덕산점
e_e013179,1,8,2309240009,친지 집
e_e013179,1,9,2309240003,집
e_e013180,1,1,2309230001,집
e_e013180,1,2,2309230002,삽교호관광지
e_e013180,1,3,2309230003,로드 195카페
e_e013180,1,4,2309230004,왜목마을해수욕장
e_e013180,1,5,2309230005,삼길포항
e_e013180,1,6,2309230006,집
e_e013184,1,1,2309230001,집
e_e013184,1,2,2309230002,서울고속버스터미널(경부)
e_e013184,1,3,2309230003,대전복합터미널
e_e013184,1,4,2309230004,성심당 본점
e_e013184,1,5,2309230005,대전중앙시장
e_e013184,1,6,2309230006,대전복합터미널
e_e013184,1,7,2309230007,집
e_e013188,1,1,2309230001,사무실
e_e013188,1,2,2309230002,송산포도 휴게소 평택 방향
e_e013188,1,3,2309230003,바른 찜 갈비
e_e013188,1,4,2309230004,신정호 관광단지
e_e013188,1,5,2309230005,아마르 라운지
e_e013188,1,6,2309230006,소래 마을 풍림아파트
e_e013191,1,1,2309230001,집
e_e013191,1,2,2309230002,맥도날드 천안 고속버스터미널점
e_e013191,1,3,2309230003,태조산
e_e013191,1,4,2309230004,태조산 산림 레포츠 짚 코스터
e_e013191,1,5,2309230005,직산역 한화 꿈에 그린 아파트
e_e013191,1,6,2309230006,지로 스터 커피
e_e013191,1,7,2309230007,천호지 근린공원
e_e013191,1,8,2309230008,장칼국수
e_e013191,1,9,2309230009,신세계백화점 천안아산점
e_e013191,1,10,2309230010,상계주공 4단지
e_e013282,1,1,2309270001,집
e_e013282,1,2,2309270003,삽교호 함상공원
e_e013282,1,3,2309270004,삽교호 놀이공원
e_e013282,1,4,2309270005,조개 사랑
e_e013282,1,5,2309270006,할리스 당진시청점
e_e013282,1,6,2309270007,롯데시네마 당진
e_e013282,1,7,2309270002,집
f_f001718,1,1,2306010001,집
f_f001718,1,2,2306010002,만천하 스카이워크
f_f001718,1,3,2306010003,단양구경시장
f_f001718,1,4,2306010004,고수동굴
f_f001718,1,5,2306010005,다리안 관광지
f_f001718,1,6,2306010006,도담삼봉
f_f001718,1,7,2306010007,양망산 전망대
f_f001718,1,8,2306010008,김군 게스트하우스
f_f001718,2,1,2306020001,소백산
f_f001718,2,2,2306020002,집
f_f002508,1,1,2306070001,친구 친지 집
f_f002508,1,2,2306070003,Cu
f_f002508,1,3,2306070004,슈거 브리 움 리조트
f_f002508,2,1,2306080001,럭스 카바나
f_f002508,2,2,2306080002,여수 게장 낭만 별식
f_f002508,2,3,2306080003,여수딸기앙모찌 돌산점
f_f002508,2,4,2306080004,세븐일레븐 대구 신암 큰고개점
f_f005447,1,1,2308090001,집
f_f005447,1,2,2308090002,정방사
f_f005447,1,3,2308090003,상촌 식당
f_f005447,1,4,2308090004,충주 박물관
f_f005447,1,5,2308090005,중앙탑공원 중원 탑평리 7층 석탑
f_f005447,1,6,2308090006,탑뷰 카페
f_f005447,1,7,2308090007,메고 제과
f_f005447,1,8,2308090008,청주 왕족발보쌈
f_f005447,1,9,2308090009,탄금대
f_f005447,1,10,2308090010,수안보온천수 호텔
f_f005447,2,1,2308100001,집
f_f008573,1,1,2308240002,집
f_f008573,1,2,2308240003,대청댐 전망대
f_f008573,1,3,2308240004,푸라닭 치킨 대 전관 평점
f_f008573,1,4,2308240001,한빛 래미안 이스트팰리스 4단지 아파트
f_f009789,1,1,2308250001,집
f_f009789,1,2,2308250002,서 부산 휴게소
f_f009789,1,3,2308250003,석천 식당
f_f009789,1,4,2308250004,선베드
f_f009789,1,5,2308250005,유탑 마리나호텔 리조트
f_f009789,1,6,2308250006,23번 자매 실내 마차
f_f009789,1,7,2308250007,유탑 마리나호텔 리조트
f_f009789,2,1,2308260001,여수 해상 케이블카
f_f009789,2,2,2308260002,산들애
f_f009789,2,3,2308260003,집
f_f015537,1,1,2309030001,사무실
f_f015537,1,2,2309030002,홍주종합 경기장 운동장
f_f015537,1,3,2309030003,충무집
f_f015537,1,4,2309030004,팽성
f_f015541,1,1,2309020001,친구 친지 집
f_f015541,1,2,2309020002,삽교호 놀이공원
f_f015541,1,3,2309020003,아미 미술관
f_f015541,1,4,2309020004,옛날 우렁이 식당 당진 3호점
f_f015541,1,5,2309020005,충남 우수시장 박람회
f_f015541,1,6,2309020006,브레댄코 당진 수 청점
f_f015541,1,7,2309020007,신리성지
f_f015541,1,8,2309020008,친구 집
f_f016471,1,1,2309160001,집
f_f016471,1,2,2309160003,담양 적성비
f_f016471,1,3,2309160004,도담삼봉
f_f016471,1,4,2309160005,단양 금굴 구석기 유적지
f_f016471,1,5,2309160006,단양구경시장
f_f016471,1,6,2309160007,만천하 스카이워크
f_f016471,1,7,2309160008,냉천 막국수 단양점
f_f016471,1,8,2309160009,수양개 선사유물전시관
f_f016471,1,9,2309160010,수양개 빛 터널
f_f016471,1,10,2309160002,집
f_f016830,1,1,2309260001,집
f_f016830,1,2,2309260002,동대구역
f_f016830,1,3,2309260003,대전역
f_f016830,1,4,2309260004,성심당 대전역점
f_f016830,1,5,2309260006,오보예엘사칠
f_f016830,1,6,2309260005,우암사적공원 남간정사
f_f016830,1,7,2309260007,가양 가든
f_f016830,1,8,2309260008,역전시장
f_f016830,1,9,2309260009,대전역
f_f016830,1,10,2309260010,동대구역
f_f016830,1,11,2309260011,집
g_g000003,1,1,2304300001,집
g_g000003,1,2,2304300002,진 갈비
g_g000003,1,3,2304300003,경암동 철길마을
g_g000003,1,4,2304300004,이마트 군산점
g_g000003,1,5,2304300005,찰리 하우스
g_g000003,1,6,2304300006,선유도해수욕장
g_g000003,1,7,2304300007,찰리 하우스
g_g000003,2,1,2305010001,초원 사진관
g_g000003,2,2,2305010002,무창포 해수욕장
g_g000003,2,3,2305010003,비에 사제서
g_g000003,2,4,2305010004,행담도 휴게소 양방향
g_g000003,2,5,2305010005,집
g_g000004,1,1,2304300001,집
g_g000004,1,2,2304300002,음성휴게소 통영방향
g_g000004,1,3,2304300008,할머니 집
g_g000004,2,1,2305010001,부소담악
g_g000004,2,2,2305010002,봉이 갈비
g_g000004,2,3,2305010003,휴카페
g_g000004,2,4,2305010004,이천 휴게소 하남방향
g_g000004,2,5,2305010005,집
g_g000009,1,1,2304290001,집
g_g000009,1,2,2304290002,중앙 어울림 시장
g_g000009,1,3,2304290003,어게인 캠핑
g_g000009,2,1,2304300002,충주 무학시장
g_g000009,2,2,2304300001,집
g_g000010,1,1,2304280001,집
g_g000010,1,2,2304280003,부산 서부버스터미널
g_g000010,1,3,2304280004,전주 시외버스 공용터미널
g_g000010,1,4,2304280002,이둔 호텔
g_g000010,2,1,2304290002,노벨 반점
g_g000010,2,2,2304290003,스타벅스 전주 IC DT 점
g_g000010,2,3,2304290004,전주 월드컵 경기장
g_g000010,2,4,2304290005,전주 고속버스터미널
g_g000010,2,5,2304290006,부산종합버스터미널
g_g000010,2,6,2304290001,집
g_g000011,1,1,2304300001,집
g_g000011,1,2,2304300002,탄천 휴게소 논산 방향
g_g000011,1,3,2304300003,오동도
g_g000011,1,4,2304300004,프랑수아 풀빌라 펜션
g_g000011,1,5,2304300005,오성 회관
g_g000011,1,6,2304300006,프랑수아 풀빌라 펜션
g_g000011,2,1,2305010001,아쿠아 플라넷 여수
g_g000011,2,2,2305010002,집
g_g000013,1,1,2304290001,집
g_g000013,1,2,2304290003,빽다방 전주 송천 오송점
g_g000013,1,3,2304290004,체리 펜션
g_g000013,1,4,2304290005,대천해수욕장
g_g000013,1,5,2304290006,먹보네 조개구이
g_g000013,1,6,2304290007,대천해수욕장
g_g000013,1,7,2304290008,S 마트
g_g000013,1,8,2304290010,체리 펜션
g_g000013,2,1,2304300001,대천해수욕장
g_g000013,2,2,2304300002,하굿둑 해물칼국수
g_g000013,2,3,2304300003,금강하굿둑 놀이동산
g_g000013,2,4,2304300004,장항 글램핑
g_g000013,2,5,2304300005,이룸 빌라
g_g000014,1,1,2304280001,집
g_g000014,1,2,2304280003,영무예다음에코타운아파트
g_g000014,1,3,2304280002,집
g_g000017,1,1,2304300001,집
g_g000017,1,2,2304300003,아재 밥집
g_g000017,1,3,2304300004,천리포수목원
g_g000017,1,4,2304300005,남당 케렌시아
g_g000017,1,5,2304300002,집
g_g000023,1,1,2304280001,집
g_g000023,1,2,2304280002,카츠 8 파리에 스테이션
g_g000023,1,3,2304280003,청년 커피 랩
g_g000023,1,4,2304280004,서울고속버스터미널(경부)
g_g000023,1,5,2304280005,국립현대미술관 청주
g_g000023,1,6,2304280006,헤도 닉
g_g000023,1,7,2304280007,비올라
g_g000023,1,8,2304280008,에어비앤비
g_g000023,2,1,2304290001,쏘카 존 청주 두산위브 더 제니스 아파트
g_g000023,2,2,2304290002,코끼리 분식
g_g000023,2,3,2304290003,쫄쫄 호떡
g_g000023,2,4,2304290004,고선지
g_g000023,2,5,2304290005,청남대
g_g000023,2,6,2304290006,두산위브 더 제니스 아파트
g_g000023,2,7,2304290007,청년 다방 NC 청주점
g_g000023,2,8,2304290008,청주 고속버스 임시터미널
g_g000023,2,9,2304290009,집
g_g000024,1,1,2304290001,집
g_g000024,1,2,2304290002,순천만 꼬막정식 맛집 도원경
g_g000024,1,3,2304290003,223순천만국제정원박람회 제4주차장(연향 들)
g_g000024,1,4,2304290004,나무늘보 호텔 순천 연향점
g_g000024,1,5,2304290005,솔밭 식당 본점
g_g000024,1,6,2304290006,순천품미통닭
g_g000024,1,7,2304290008,나무늘보 호텔 순천 연향점
g_g000024,2,1,2304300001,조 후 모 과자점 연향점
g_g000024,2,2,2304300002,건봉 국밥
g_g000024,2,3,2304300003,낙안읍성 민속마을
g_g000024,2,4,2304300004,집
g_g000025,1,1,2304300001,집
g_g000025,1,2,2304300002,아산 모종주공아파트
g_g000025,1,3,2304300003,늘봄 갈비
g_g000025,1,4,2304300004,25시 LPG 충전소
g_g000025,1,5,2304300005,삽교천
g_g000025,1,6,2304300006,아산 모종주공아파트
g_g000025,1,7,2304300007,유미 초밥
g_g000025,1,8,2304300008,아산 모종주공아파트
g_g000025,2,1,2305010001,집
g_g000027,1,1,2304280001,집
g_g000027,1,2,2304280002,정안 알밤 휴게소 논산 방향
g_g000027,1,3,2304280004,빙그레 식당 본점
g_g000027,1,4,2304280003,함평 천지 휴게소 목포 방향
g_g000027,1,5,2304280005,청산도
g_g000027,1,6,2304280007,청솔 가든
g_g000027,1,7,2304280006,완도타워
g_g000027,1,8,2304280010,스카이 모텔
g_g000027,2,1,2304290001,가우도
g_g000027,2,2,2304290002,다산 박물관
g_g000027,2,3,2304290003,백련사
g_g000027,2,4,2304290004,다강
g_g000027,2,5,2304290005,집
g_g000191,1,1,2305280001,집
g_g000191,1,2,2305280003,전주역
g_g000191,1,3,2305280008,너의 고요
g_g000191,1,4,2305280004,자매 갈비전골
g_g000191,1,5,2305280005,풍남헌
g_g000191,1,6,2305280006,전동성당
g_g000191,1,7,2305280007,경기전
g_g000191,1,8,2305280009,오목대
g_g000191,1,9,2305280010,메르 밀지 미집 본점
g_g000191,1,10,2305280011,풍남헌
g_g000191,2,1,2305290001,가족회관
g_g000191,2,2,2305290002,전라감영
g_g000191,2,3,2305290003,스타벅스 전주 경원점
g_g000191,2,4,2305290004,던킨 전주 고속 터미널점
g_g000191,2,5,2305290006,죽암휴게소 서울 방향
g_g000191,2,6,2305290005,집
g_g000194,1,1,2305190001,사무실
g_g000194,1,2,2305190002,당곡 역 신림선
g_g000194,1,3,2305190003,고속터미널역 3호선
g_g000194,1,4,2305190004,센트럴시티터미널(호남)
g_g000194,1,5,2305190005,보령종합터미널
g_g000194,1,6,2305190006,이마트 보령점
g_g000194,1,7,2305190007,이마트 앞 버스정류장
g_g000194,1,8,2305190008,한화리조트 대천 파로스
g_g000194,1,9,2305190009,대천해수욕장
g_g000194,1,10,2305190010,한화리조트 대천 파로스
g_g000194,2,1,2305200001,대천해수욕장
g_g000194,2,2,2305200002,버스정류장
g_g000194,2,3,2305200003,보령 박물관
g_g000194,2,4,2305200004,버스정류장
g_g000194,2,5,2305200005,무창포항 방파제 등대
g_g000194,2,6,2305200006,무창포 타워
g_g000194,2,7,2305200007,무창포 빵 명장
g_g000194,2,8,2305200008,무창포해수욕장
g_g000194,2,9,2305200009,버스정류장
g_g000194,2,10,2305200010,보령종합터미널
g_g000194,2,11,2305200011,버스정류장
g_g000194,2,12,2305200012,메종 빌
g_g000195,1,1,2305270001,집
g_g000195,1,2,2305270002,푸른 뫼 아파트
g_g000195,1,3,2305270003,간월암
g_g000195,1,4,2305270004,카페 간 월
g_g000195,1,5,2305270005,카페 by 해비치 HMG 드라이빙 익스피리언스점
g_g000195,1,6,2305270006,한국테크노링
g_g000195,1,7,2305270007,몽산포해수욕장
g_g000195,1,8,2305270008,스마일 칼국수 선사점
g_g000195,1,9,2305270009,한가람 아파트
g_g000195,1,10,2305270010,집
g_g000196,1,1,2305200001,집
g_g000196,1,2,2305200002,제주 국제공항 국내선 출발 3번 게이트
g_g000196,1,3,2305200004,카페힐론
g_g000196,1,4,2305200005,롯데마트 여천점
g_g000196,1,5,2305200006,여수 간직 스튜디오
g_g000196,1,6,2305200007,청 양 횟집
g_g000196,1,7,2305200014,나진 스테이
g_g000196,2,1,2305210001,꽃동 게장 1번가
g_g000196,2,2,2305210002,스타벅스 여수해양공원점
g_g000196,2,3,2305210003,여수공항
g_g000196,2,4,2305210004,제주 국제공항
g_g000196,2,5,2305210005,제스 코메트 본점
g_g000196,2,6,2305210006,집
g_g000198,1,1,2305280001,집
g_g000198,1,2,2305280003,영양 통닭
g_g000198,1,3,2305280004,베르 자르다
g_g000198,1,4,2305280005,순창농협 하나로마트
g_g000198,1,5,2305280006,스테이 사계
g_g000198,2,1,2305290001,카페 누비
g_g000198,2,2,2305290002,집
g_g000199,1,1,2305190001,집
g_g000199,1,2,2305190002,국보 966옛날 두부
g_g000199,1,3,2305190004,금호 화순 스파 리조트
g_g000199,2,1,2305200001,금호 화순리조트 아쿠아나
g_g000199,2,2,2305200002,집
g_g000208,1,1,2306100002,집
g_g000208,1,2,2306100001,테네요
g_g000208,1,3,2306100003,드들강
g_g000208,1,4,2306100004,에비뉴 449
g_g000208,1,5,2306100005,전라남도 산림자원연구소
g_g000208,1,6,2306100006,다이소 광주효천점
g_g000212,1,1,2306030001,친구 친지 집
g_g000212,1,2,2306030002,담양국수거리
g_g000212,1,3,2306030003,선나나 상점
g_g000212,1,4,2306030004,카페 쿠이 롤
g_g000212,1,5,2306030005,담양농협 하나로마트 대형점
g_g000212,1,6,2306030008,선인장 호스텔
g_g000212,2,1,2306040001,한상근 대통 밥집
g_g000212,2,2,2306040002,봉선 무등 4차 아파트
g_g000214,1,1,2305270001,친구 친지 집
g_g000214,1,2,2305270003,고 전망 좋은 집
g_g000214,1,3,2305270004,바람섬
g_g000214,1,4,2305270005,마르
g_g000214,1,5,2305270006,변산 마실 길 2코스(노루목 상사와 길)
g_g000214,1,6,2305270007,미즈노 씨네 트리하우스
g_g000214,1,7,2305270008,오늘 여기
g_g000214,1,8,2305270009,예천
g_g000214,1,9,2305270002,집
g_g000215,1,1,2305200001,집
g_g000215,1,2,2305200002,이천 휴게소 남이 방향
g_g000215,1,3,2305200003,사리원면옥
g_g000215,1,4,2305200004,소제동 철도관사촌
g_g000215,1,5,2305200005,로샤
g_g000215,1,6,2305200006,굿모닝 레지던스 휴
g_g000215,1,7,2305200007,엑스포과학공원 한빛탑
g_g000215,1,8,2305200008,굿모닝 레지던스 휴
g_g000215,2,1,2305210001,이응노미술관
g_g000215,2,2,2305210002,한밭수목원
g_g000215,2,3,2305210003,정일품 손두부
g_g000215,2,4,2305210004,한밭수목원
g_g000215,2,5,2305210005,엑스포과학공원 한빛탑
g_g000215,2,6,2305210006,집
g_g000225,1,1,2305270001,집
g_g000225,1,2,2305270002,2023순천만국제정원박람회
g_g000225,1,3,2305270003,양지 쌈밥
g_g000225,1,4,2305270004,롯데슈퍼 순천오천 플레
g_g000225,1,5,2305270005,순천만 숲 펜션
g_g000225,1,6,2305270006,순천만 숲 펜션
g_g000225,2,1,2305280001,보성녹차 휴게소 무안 방향
g_g000225,2,2,2305280002,집
g_g000226,1,1,2306030001,집
g_g000226,1,2,2306030003,대아저수지
g_g000226,1,3,2306030004,두베 카페
g_g000226,1,4,2306030005,그날의 미술관 전주점
g_g000226,1,5,2306030006,복막 걸리
g_g000226,1,6,2306030007,전주한옥마을
g_g000226,1,7,2306030002,DA 빌라
g_g000226,2,1,2306040002,영흥관
g_g000226,2,2,2306040003,경기전
g_g000226,2,3,2306040004,외할머니 솜씨
g_g000226,2,4,2306040001,집
g_g000229,1,1,2305200001,집
g_g000229,1,2,2305200002,캠핑 트렁크 평택안성점
g_g000229,1,3,2305200003,하이웨이 클럽 성환점
g_g000229,1,4,2305200005,캠핑 88
g_g000229,2,1,2305210001,집
g_g000231,1,1,2305270001,집
g_g000231,1,2,2305270003,한밭수목원
g_g000231,1,3,2305270004,엑스포과학공원
g_g000231,1,4,2305270005,대전 신세계 아트 앤 사이언스
g_g000231,1,5,2305270006,이응노미술관
g_g000231,1,6,2305270002,나 봄 에스앤 호텔
g_g000231,2,1,2305280002,성심당 케이크 부티크 롯데백화점 대전점
g_g000231,2,2,2305280001,집
g_g000233,1,1,2306030001,집
g_g000233,1,2,2306030002,빽다방
g_g000233,1,3,2306030003,이화원
g_g000233,1,4,2306030004,알리바이 나주점
g_g000233,1,5,2306030005,띠앗
g_g000233,1,6,2306030006,르네
g_g000233,1,7,2306030007,3917마 중
g_g000233,1,8,2306030008,금성관
g_g000233,1,9,2306030009,호야 불 닭발
g_g000233,1,10,2306030010,3917마 중
g_g000233,2,1,2306040001,윤뜰
g_g000233,2,2,2306040002,NC 웨이브 충장점
g_g000233,2,3,2306040003,충장로 거리
g_g000233,2,4,2306040004,목포역
g_g000233,2,5,2306040005,집
g_g000236,1,1,2305170001,집
g_g000236,1,2,2305170002,죽암휴게소 부산방향
g_g000236,1,3,2305170003,할리스 백양사휴게소 순천방향점
g_g000236,1,4,2305170004,도갑사
g_g000236,1,5,2305170005,팔도 명가
g_g000236,1,6,2305170006,집
g_g000240,1,1,2305290001,집
g_g000240,1,2,2305290002,서울역
g_g000240,1,3,2305290003,순천역
g_g000240,1,4,2305290004,순천 웃장 국밥거리
g_g000240,1,5,2305290005,순천만 국가 정원
g_g000240,1,6,2305290007,순천 문학관
g_g000240,1,7,2305290008,전 재산들 청국장
g_g000240,1,8,2305290006,순천만 습지
g_g000240,1,9,2305290009,브라운 도트 호텔 순천역점
g_g000240,2,1,2305300001,순천드라마 촬영장
g_g000240,2,2,2305300002,화월당
g_g000240,2,3,2305300003,성일 식당
g_g000240,2,4,2305300004,스타벅스 순천 이마트 점
g_g000240,2,5,2305300005,순천역
g_g000240,2,6,2305300006,서울역
g_g000240,2,7,2305300007,집
g_g000248,1,1,2306030001,집
g_g000248,1,2,2306030002,천리 집
g_g000248,1,3,2306030003,한국지질자원연구원 지질박물관
g_g000248,1,4,2306030004,성심당 본점
g_g000248,1,5,2306030005,성심당 옛 맛 솜씨
g_g000248,1,6,2306030006,집
g_g000250,1,1,2306040001,집
g_g000250,1,2,2306040003,국립현대미술관 청주
g_g000250,1,3,2306040004,육거리종합시장
g_g000250,1,4,2306040005,홍 스시 S
g_g000250,1,5,2306040002,집
g_g000251,1,1,2306040001,집
g_g000251,1,2,2306040002,더 팜 식자재마트
g_g000251,1,3,2306040003,제암산 자연휴양림
g_g000251,2,1,2306050001,제암산 자연휴양림
g_g000251,2,2,2306050002,보성 녹차밭
g_g000251,2,3,2306050003,제암산 자연휴양림
g_g000251,2,4,2306050004,퓨전 수제돈가스
g_g000251,2,5,2306050005,율포해수욕장
g_g000251,2,6,2306050006,율포 해수 녹차 센터
g_g000251,2,7,2306050007,집
g_g000252,1,1,2305200001,집
g_g000252,1,2,2305200002,변산해수욕장
g_g000252,1,3,2305200003,바다마을
g_g000252,1,4,2305200004,소노벨 변산 오션 플레이
g_g000252,1,5,2305200005,집
g_g000256,1,1,2306020001,집
g_g000256,1,2,2306020003,강경 해물칼국수
g_g000256,1,3,2306020004,원 마트 강경지점
g_g000256,1,4,2306020005,국립 신시도 자연휴양림
g_g000256,1,5,2306020006,옥돌해수욕장
g_g000256,1,6,2306020007,장자도
g_g000256,1,7,2306020008,카페라 파르
g_g000256,1,8,2306020011,선유도항방파제등대
g_g000256,1,9,2306020010,고래 포차
g_g000256,1,10,2306020009,선유도
g_g000256,1,11,2306020002,국립 신시도 자연휴양림
g_g000256,2,1,2306030002,황등 시장 비빔밥 본점
g_g000256,2,2,2306030001,집
g_g000259,1,1,2305270001,집
g_g000259,1,2,2305270002,기흥휴게소 부산방향
g_g000259,1,3,2305270003,천안호두 휴게소 부산방향
g_g000259,1,4,2305270004,늘 상상
g_g000259,1,5,2305270005,국립 중앙과학관
g_g000259,1,6,2305270006,엑스포과학공원
g_g000259,1,7,2305270007,잉카의 태양 모텔
g_g000259,2,1,2305280001,시암 타이 스토리마트
g_g000259,2,2,2305280002,성심당 DCC 점
g_g000259,2,3,2305280004,스타벅스 대전 조이 마루 점
g_g000259,2,4,2305280003,집
g_g000272,1,1,2305150001,집
g_g000272,1,2,2305150002,대영힐스 컨트리클럽
g_g000272,1,3,2305150003,집
g_g000280,1,1,2305210001,친구 친지 집
g_g000280,1,2,2305210003,소아르떼
g_g000280,1,3,2305210005,전남도립대학교
g_g000280,1,4,2305210006,행복한 임금님
g_g000280,1,5,2305210007,김순옥 댓잎 찹쌀도넛 본점
g_g000280,1,6,2305210002,친정집
g_g000284,1,1,2305280001,사무실
g_g000284,1,2,2305280002,스타벅스 광주 신창 강변 DT 점
g_g000284,1,3,2305280003,순창 발효 테마파크
g_g000284,1,4,2305280006,순창 발효 테마파크 미생물 뮤지엄
g_g000284,1,5,2305280004,장 셰프의 맛있는 한 끼
g_g000284,1,6,2305280005,순창 발효 테마파크 다년생식물원
g_g000284,1,7,2305280007,제일 화훼유통
g_g000285,1,1,2305270001,집
g_g000285,1,2,2305270002,용산역
g_g000285,1,3,2305270003,전주역
g_g000285,1,4,2305270006,아기자기 빌리지
g_g000285,1,5,2305270005,다우랑 1호점
g_g000285,1,6,2305270004,전동성당
g_g000285,1,7,2305270007,길거리다 한옥마을점
g_g000285,1,8,2305270009,설월화
g_g000285,1,9,2305270008,ROYHI
g_g000285,1,10,2305270010,더조은
g_g000285,1,11,2305270011,카카오 프렌즈 전주한옥마을점
g_g000285,1,12,2305270012,누룩
g_g000285,1,13,2305270013,전일 갑오
g_g000285,1,14,2305270015,풍남문 근처 숙소
g_g000285,2,1,2305280001,전주왱이콩나물국밥전문점
g_g000285,2,2,2305280002,삼양다방
g_g000285,2,3,2305280003,호양이 상점
g_g000285,2,4,2305280006,차미 라미
g_g000285,2,5,2305280004,써니사이드
g_g000285,2,6,2305280005,PNB 풍년제과 전주 본점
g_g000285,2,7,2305280007,행원
g_g000285,2,8,2305280008,전주역
g_g000285,2,9,2305280009,집
g_g000286,1,1,2305280001,집
g_g000286,1,2,2305280002,아저씨 돈가스
g_g000286,1,3,2305280004,성심당 본점
g_g000286,1,4,2305280005,성심당 케이크 부티크
g_g000286,1,5,2305280007,모다 아웃렛 대전점
g_g000286,1,6,2305280006,집
g_g000287,1,1,2305270001,집
g_g000287,1,2,2305270002,안성맞춤 휴게소
g_g000287,1,3,2305270003,한마음 면옥
g_g000287,1,4,2305270004,노은수산시장
g_g000287,1,5,2305270005,사내 휴양소
g_g000287,2,1,2305280001,국립 중앙과학관
g_g000287,2,2,2305280002,신세계백화점 푸드코트
g_g000287,2,3,2305280003,써밋뷰
g_g000287,2,4,2305280004,천안휴게소
g_g000287,2,5,2305280005,집
g_g000290,1,1,2306040001,집
g_g000290,1,2,2306040002,메밀꽃필무렵
g_g000290,1,3,2306040003,앳 267
g_g000290,1,4,2306040004,궁남지
g_g000290,1,5,2306040005,정림사지박물관
g_g000290,1,6,2306040006,아이스 플래닛
g_g000290,1,7,2306040007,대전충남우유농협 하나로마트 백제점
g_g000290,1,8,2306040008,민박
g_g000290,1,9,2306040009,백제문화 단지
g_g000290,1,10,2306040010,민박
g_g000290,2,1,2306050001,스카이 배너 본사
g_g000290,2,2,2306050002,민박
g_g000290,2,3,2306050003,서북로 1945
g_g000290,2,4,2306050004,트레이더스 홀세일 클럽 동탄점
g_g000290,2,5,2306050005,집
g_g000306,1,1,2305200001,집
g_g000306,1,2,2305200002,지곡농협 하나로마트
g_g000306,1,3,2305200003,중리 어촌체험마을
g_g000306,1,4,2305200004,중리 어촌체험마을
g_g000306,2,1,2305210001,유기방 가옥
g_g000306,2,2,2305210002,발안 휴게소
g_g000306,2,3,2305210003,서 서울고속 주유소
g_g000306,2,4,2305210004,집
g_g000308,1,1,2305270001,집
g_g000308,1,2,2305270002,산들 엄니 밥상
g_g000308,1,3,2305270003,"마을 입구 꽃, 나무"
g_g000308,1,4,2305270004,기대기 카페
g_g000308,1,5,2305270005,구천동 농협 하나로마트 리조트점
g_g000308,1,6,2305270007,나본리조트
g_g000308,2,1,2305280001,대원정사
g_g000308,2,2,2305280002,백제 회관
g_g000308,2,3,2305280003,카페 라온
g_g000308,2,4,2305280004,집
g_g000312,1,1,2305280001,사무실
g_g000312,1,2,2305280003,행정안전부 대통령기록관
g_g000312,1,3,2305280006,코트야드 바이 메리어트 세종
g_g000312,1,4,2305280004,국립 조세 박물관
g_g000312,1,5,2305280005,국수나무 세종 소담점
g_g000312,1,6,2305280007,이응 다리
g_g000312,1,7,2305280002,코트야드 바이 메리어트 세종
g_g000312,2,1,2305290002,국립세종수목원
g_g000312,2,2,2305290001,효성 해링턴 플레이스 아파트
g_g000314,1,1,2305190001,집
g_g000314,1,2,2305190003,서울대 효 병원 운정 병원
g_g000314,1,3,2305190004,운서 1차 SK 뷰 스카이시티 아파트
g_g000314,1,4,2305190005,송남 휴게소 매점
g_g000314,1,5,2305190007,전라도 음식이야기
g_g000314,1,6,2305190006,동양식품 탄천(하) 주유소
g_g000314,1,7,2305190008,전주한옥마을
g_g000314,1,8,2305190009,CS 호텔
g_g000314,1,9,2305190010,광주 기아 챔피언 스피드
g_g000314,1,10,2305190011,바른 고기 엘베요 타 1퍼센트 상무점
g_g000314,1,11,2305190002,CS 호텔
g_g000314,2,1,2305200001,비응항 어 시장
g_g000314,2,2,2305200002,서천휴게소 서울 방향
g_g000314,2,3,2305200003,돈키호테
g_g000314,2,4,2305200004,집
g_g000316,1,1,2305270001,집
g_g000316,1,2,2305270002,홍 경장
g_g000316,1,3,2305270003,경암동 철길마을
g_g000316,1,4,2305270004,금강 미래 체험관
g_g000316,1,5,2305270005,금강 시민공원
g_g000316,1,6,2305270006,진포 시비공원
g_g000316,1,7,2305270007,살몽 마켓 군산 수송점
g_g000316,1,8,2305270008,호텔 윈
g_g000316,2,1,2305280001,군산 3.1운동 1주년 기념관
g_g000316,2,2,2305280002,초원 사진관
g_g000316,2,3,2305280003,동국사
g_g000316,2,4,2305280004,군산구 제일 사료공장
g_g000316,2,5,2305280005,군산근대미술관
g_g000316,2,6,2305280006,군산근대 건축관
g_g000316,2,7,2305280007,군산 월명공원
g_g000316,2,8,2305280008,반월 소바
g_g000316,2,9,2305280009,집
g_g000319,1,1,2305200001,집
g_g000319,1,2,2305200003,서울역
g_g000319,1,3,2305200004,대전역
g_g000319,1,4,2305200005,호텔 디 에디션
g_g000319,1,5,2305200006,프렐류드 상점
g_g000319,1,6,2305200007,이모야 떡볶이
g_g000319,1,7,2305200008,키치 키치
g_g000319,1,8,2305200009,오시우 커피
g_g000319,1,9,2305200010,이응노미술관
g_g000319,1,10,2305200011,대전 신세계 아트 앤 사이언스
g_g000319,1,11,2305200002,호텔 디 에디션
g_g000319,2,1,2305210001,롯데백화점 대전점
g_g000319,2,2,2305210002,한밭수목원
g_g000319,2,3,2305210003,숍 BP
g_g000319,2,4,2305210004,호텔 디 에디션
g_g000319,2,5,2305210005,대전역
g_g000319,2,6,2305210006,서울역
g_g000319,2,7,2305210007,집
g_g000334,1,1,2306100001,집
g_g000334,1,2,2306100002,찬 플러스 김밥
g_g000334,1,3,2306100003,내수읍 행정복지센터
g_g000334,1,4,2306100004,내수 할인마트
g_g000334,1,5,2306100006,초정약수 원탕
g_g000334,1,6,2306100005,초정 문화공원 초정 행궁터
g_g000334,1,7,2306100007,울 동네 뒷고기 복대 본점
g_g000334,1,8,2306100009,호텔 어바웃
g_g000334,2,1,2306110001,국립청주 박물관
g_g000334,2,2,2306110002,연 식당 청주대점
g_g000334,2,3,2306110003,집
g_g000345,1,1,2305190001,집
g_g000345,1,2,2305190003,정다운 식당
g_g000345,1,3,2305190004,조일 식당
g_g000345,1,4,2305190002,히든베이 호텔
g_g000345,2,1,2305200002,꽃동 게장 1번가
g_g000345,2,2,2305200003,하얀 파도
g_g000345,2,3,2305200004,남해안 크루즈 관광 미남크루즈
g_g000345,2,4,2305200005,당 머리 첫 집
g_g000345,2,5,2305200006,맘스터치 여수엑스포점
g_g000345,2,6,2305200007,엑스포 해양공원 해양광장
g_g000345,2,7,2305200001,집
g_g000346,1,1,2306040001,집
g_g000346,1,2,2306040003,예당호 모노레일
g_g000346,1,3,2306040004,내포 보부상촌
g_g000346,1,4,2306040005,김 셰프 사과 발효빵
g_g000346,1,5,2306040002,집
g_g000348,1,1,2305200001,집
g_g000348,1,2,2305200002,서울고속버스터미널(경부)
g_g000348,1,3,2305200003,어나 더 오더
g_g000348,1,4,2305200004,무령왕릉 관광안내소
g_g000348,1,5,2305200005,백제 오감 체험관
g_g000348,1,6,2305200006,국립공주 박물관
g_g000348,1,7,2305200007,카페 32
g_g000348,1,8,2305200008,공산성 매표소
g_g000348,1,9,2305200009,공주 산성시장
g_g000348,1,10,2305200010,공주 연미산 자연공원 관광 스테이
g_g000348,2,1,2305210001,나 니브 레드 위드 커피
g_g000348,2,2,2305210002,공주종합버스터미널
g_g000348,2,3,2305210003,집
g_g000354,1,1,2306060001,집
g_g000354,1,2,2306060003,배론성지
g_g000354,1,3,2306060004,의림지
g_g000354,1,4,2306060005,두꺼비식당 본점
g_g000354,1,5,2306060006,본초 다담
g_g000354,1,6,2306060007,소논문 단양
g_g000354,1,7,2306060008,단양구경시장
g_g000354,1,8,2306060002,소논문 단양
g_g000354,2,1,2306070002,단양관광호텔
g_g000354,2,2,2306070004,단양구경시장
g_g000354,2,3,2306070003,온달관광지
g_g000354,2,4,2306070001,집
g_g000361,1,1,2305210001,집
g_g000361,1,2,2305210003,충북도 자연과학교육원 과학체험관
g_g000361,1,3,2305210004,육거리종합시장
g_g000361,1,4,2305210002,집
g_g000365,1,1,2305210001,집
g_g000365,1,2,2305210002,안양역
g_g000365,1,3,2305210003,대전역
g_g000365,1,4,2305210004,성심당 케이크 부티크 롯데백화점 대전점
g_g000365,1,5,2305210005,한밭수목원
g_g000365,1,6,2305210006,천연기념물 센터
g_g000365,1,7,2305210007,성심당 본점
g_g000365,1,8,2305210008,진로 집
g_g000365,1,9,2305210009,대전역
g_g000365,1,10,2305210010,안양역
g_g000365,1,11,2305210011,다이소 안양역점
g_g000365,1,12,2305210012,스타벅스 안양 일 번가 점
g_g000365,1,13,2305210013,집
g_g000367,1,1,2305200001,집
g_g000367,1,2,2305200002,구옥 날다
g_g000367,1,3,2305200003,우림 정원
g_g000367,1,4,2305200004,인생네컷 충주 성서점
g_g000367,1,5,2305200005,이마트 충주점
g_g000367,1,6,2305200006,친지 집
g_g000367,2,1,2305210001,충주 무학시장
g_g000367,2,2,2305210002,순이 네 왕족발 편육
g_g000367,2,3,2305210003,집
g_g000375,1,1,2305200001,집
g_g000375,1,2,2305200003,서울고속버스터미널(경부)
g_g000375,1,3,2305200004,공주종합버스터미널
g_g000375,1,4,2305200006,금강신관공원
g_g000375,1,5,2305200005,어사또
g_g000375,1,6,2305200007,고마 커피
g_g000375,1,7,2305200008,공산성
g_g000375,1,8,2305200009,공주 산성시장 문화공원
g_g000375,1,9,2305200010,공산성
g_g000375,1,10,2305200002,호텔 패션
g_g000375,2,1,2305210001,매향
g_g000375,2,2,2305210002,무령왕릉
g_g000375,2,3,2305210003,베이커리 밤마을
g_g000375,2,4,2305210004,중동 어묵집
g_g000375,2,5,2305210005,베이커리 밤마을
g_g000375,2,6,2305210006,공주종합버스터미널
g_g000375,2,7,2305210007,서울고속버스터미널(경부)
g_g000375,2,8,2305210008,수유역 4호선
g_g000375,2,9,2305210009,집
g_g000379,1,1,2305210001,집
g_g000379,1,2,2305210002,천리포수목원
g_g000379,1,3,2305210003,너울 횟집
g_g000379,1,4,2305210004,밀린 앤코
g_g000379,1,5,2305210005,집
g_g000387,1,1,2305200001,집
g_g000387,1,2,2305200003,여산휴게소 순천방향
g_g000387,1,3,2305200004,황룡강 생태공원
g_g000387,1,4,2305200005,백양사
g_g000387,1,5,2305200006,"약수리, 성암리"
g_g000387,1,6,2305200007,동창 식당
g_g000387,1,7,2305200008,성심당 본점
g_g000387,1,8,2305200002,집
g_g000392,1,1,2305270001,집
g_g000392,1,2,2305270002,카페 더 필드
g_g000392,1,3,2305270006,비에트 반미 순천점
g_g000392,1,4,2305270003,오천 그린광장
g_g000392,1,5,2305270007,무공해 옹기 곱창 막창구이
g_g000392,1,6,2305270008,GS25 조례동 신점
g_g000392,1,7,2305270005,동신 1단지 아파트
g_g000392,2,1,2305280001,집
g_g000393,1,1,2306030001,집
g_g000393,1,2,2306030008,청량리역
g_g000393,1,3,2306030009,소백산국립공원 죽령 코스
g_g000393,1,4,2306030006,제2연화봉 대피소
g_g000393,2,1,2306040002,비로봉
g_g000393,2,2,2306040003,이전 탐방로
g_g000393,2,3,2306040004,단양구경시장
g_g000393,2,4,2306040001,집
g_g000396,1,1,2305270001,집
g_g000396,1,2,2305270003,5.18민주화운동 기록관
g_g000396,1,3,2305270004,전일빌딩 245
g_g000396,1,4,2305270005,5.18민주광장
g_g000396,1,5,2305270006,장독대
g_g000396,1,6,2305270009,비지니스호텔듀
g_g000396,1,7,2305270008,국립아시아문화전당
g_g000396,1,8,2305270010,쭉 심 구 시청점
g_g000396,1,9,2305270002,비지니스호텔듀
g_g000396,2,1,2305280002,소심 당 조사라 기념관
g_g000396,2,2,2305280003,펭귄 마을
g_g000396,2,3,2305280004,5.18자유 공원
g_g000396,2,4,2305280005,스팸 많이 주는 부대찌개
g_g000396,2,5,2305280006,국립 5.18민주묘지
g_g000396,2,6,2305280007,여행자의 zip
g_g000396,2,7,2305280001,집
g_g000397,1,1,2305200001,집
g_g000397,1,2,2305200002,부여 왕릉원
g_g000397,1,3,2305200003,삼호 식당
g_g000397,1,4,2305200004,무량사
g_g000397,1,5,2305200005,휴휴당
g_g000397,1,6,2305200006,구드래나루터
g_g000397,1,7,2305200007,정림사지박물관 정림사지 5층 석탑
g_g000397,1,8,2305200008,국립부여박물관
g_g000397,1,9,2305200009,배꼽
g_g000397,1,10,2305200010,백제문화 단지
g_g000397,1,11,2305200012,CU 신관 2호점
g_g000397,1,12,2305200011,공주 잉크 관광호텔
g_g000397,2,1,2305210001,전통 궁중 칼국수
g_g000397,2,2,2305210002,밤떡 명가 하루카 페
g_g000397,2,3,2305210003,집
g_g000399,1,1,2305200001,집
g_g000399,1,2,2305200007,정안휴게소 환승정류소(하행)
g_g000399,1,3,2305200003,만천하
g_g000399,1,4,2305200005,순천만 국가 정원
g_g000399,1,5,2305200006,여산휴게소 천안 방향
g_g000399,1,6,2305200002,집
g_g000402,1,1,2305200001,집
g_g000402,1,2,2305200002,유스퀘어 광주종합버스터미널
g_g000402,1,3,2305200003,착한 명인 국수와 숯불 냉면 비엔날레점
g_g000402,1,4,2305200004,광주비엔날레
g_g000402,1,5,2305200005,국립아시아문화전당
g_g000402,1,6,2305200006,전일빌딩 245
g_g000402,1,7,2305200007,송정 떡갈비 1호점
g_g000402,1,8,2305200008,광주송정역
g_g000402,1,9,2305200009,집
g_g000410,1,1,2306020001,사무실
g_g000410,1,2,2306020002,서울역
g_g000410,1,3,2306020003,오송역
g_g000410,1,4,2306020005,정부세종청사 정류장
g_g000410,1,5,2306020004,친구 집
g_g000410,2,1,2306030001,도토리 숲 키즈파크
g_g000410,2,2,2306030002,친구 집
g_g000410,2,3,2306030003,세종 M1UP
g_g000410,2,4,2306030004,오송역
g_g000410,2,5,2306030006,광명역
g_g000410,2,6,2306030005,서울 구로구 구로동
g_g000417,1,1,2306060001,집
g_g000417,1,2,2306060002,모란공원 묘지
g_g000417,1,3,2306060003,모란 카페
g_g000417,1,4,2306060004,모란공원 묘지
g_g000417,1,5,2306060006,포레스트 리솜
g_g000417,2,1,2306070001,티 카페 차센
g_g000417,2,2,2306070002,누워라 정원
g_g000417,2,3,2306070004,의림지 솔밭공원
g_g000417,2,4,2306070005,의림지
g_g000417,2,5,2306070006,그네공원
g_g000417,2,6,2306070007,구산 복집
g_g000417,2,7,2306070008,스타 보틀 올림픽공원점
g_g000417,2,8,2306070003,집
g_g000420,1,1,2305270001,집
g_g000420,1,2,2305270003,안성휴게소 부산방향
g_g000420,1,3,2305270004,청남대 정문 매표소
g_g000420,1,4,2305270006,한국도로공사 청주영업소
g_g000420,1,5,2305270005,청남대 대통령 기념관 별관
g_g000420,1,6,2305270008,청남대 음악 분수
g_g000420,1,7,2305270009,청남대 대통령 기념관
g_g000420,1,8,2305270010,청남대 재즈 토닉 페스티벌
g_g000420,1,9,2305270011,동시흥 TG
g_g000420,1,10,2305270012,제삼 경인고속도로
g_g000420,1,11,2305270002,집
g_g000423,1,1,2305270001,집
g_g000423,1,2,2305270003,응암 휴게소
g_g000423,1,3,2305270004,도담삼봉 공영주차장
g_g000423,1,4,2305270005,만천하 스카이워크
g_g000423,1,5,2305270006,단양구경시장
g_g000423,1,6,2305270007,소선암 자연휴양림
g_g000423,1,7,2305270002,소선암 자연휴양림
g_g000423,2,1,2305280001,고수동굴
g_g000423,2,2,2305280002,다누리 아쿠아리움
g_g000423,2,3,2305280003,단양구경시장
g_g000423,2,4,2305280004,광주 휴게소
g_g000423,2,5,2305280005,집
g_g000425,1,1,2305200001,집
g_g000425,1,2,2305200002,일출옥
g_g000425,1,3,2305200003,말랭이 마을
g_g000425,1,4,2305200004,임실치즈테마파크
g_g000425,1,5,2305200005,임실 닭갈비
g_g000425,1,6,2305200006,임실치즈 펜션
g_g000425,2,1,2305210001,임실 운암 작약 꽃밭
g_g000425,2,2,2305210002,옥정호 붕어 섬 생태공원
g_g000425,2,3,2305210003,태백 칼국수
g_g000425,2,4,2305210004,익산 교도소 세트장
g_g000425,2,5,2305210005,집
g_g000427,1,1,2305280001,집
g_g000427,1,2,2305280005,쏠비치 진도
g_g000427,1,3,2305280003,쏠비치 진도 인피니티 풀
g_g000427,1,4,2305280004,소노 인터내셔널 더 펍
g_g000427,1,5,2305280006,쏠비치 진도
g_g000427,2,1,2305290001,소감도
g_g000427,2,2,2305290002,울돌목 해양에너지 공원
g_g000427,2,3,2305290003,우리집 왕만두 바지락칼국수
g_g000427,2,4,2305290004,집
g_g000429,1,1,2305200001,집
g_g000429,1,2,2305200002,유성시외버스정류소
g_g000429,1,3,2305200003,공산성 관광안내소
g_g000429,1,4,2305200004,매향
g_g000429,1,5,2305200005,공산성
g_g000429,1,6,2305200006,베이커리 밤마을
g_g000429,1,7,2305200007,전통한옥체험관 홍휘관
g_g000429,1,8,2305200008,국립공주 박물관
g_g000429,1,9,2305200009,전통한옥체험관 홍휘관
g_g000429,1,10,2305200010,시장 정육점 식당
g_g000429,1,11,2305200011,GS25 공주공산성점
g_g000429,1,12,2305200012,전통한옥체험관 홍휘관
g_g000429,2,1,2305210001,토속 식당
g_g000429,2,2,2305210002,웅진백제역사관
g_g000429,2,3,2305210003,무령왕릉
g_g000429,2,4,2305210004,밤이 도넛
g_g000429,2,5,2305210005,시내버스터미널
g_g000429,2,6,2305210006,집
g_g000430,1,1,2305210001,집
g_g000430,1,2,2305210002,당진 버스터미널
g_g000430,1,3,2305210003,서가 앤 쿡 충남 당진 점
g_g000430,1,4,2305210004,어름 수변공원
g_g000430,1,5,2305210005,롯데시네마 당진
g_g000430,1,6,2305210006,로드 195카페
g_g000430,1,7,2305210007,오이시
g_g000430,1,8,2305210008,신성미소지움 2단지 아파트
g_g000430,2,1,2305220001,두바이 호텔
g_g000430,2,2,2305220002,해남 식당
g_g000430,2,3,2305220003,당진 버스터미널
g_g000430,2,4,2305220004,집
g_g000437,1,1,2305190001,집
g_g000437,1,2,2305190002,대전 오월드
g_g000437,1,3,2305190003,원조 태평소 국밥 유천점
g_g000437,1,4,2305190005,장태산자연휴양림 산림문화휴양관
g_g000437,2,1,2305200001,장태산자연휴양림
g_g000437,2,2,2305200002,성심당 케이크 부티크
g_g000437,2,3,2305200003,성심당 본점
g_g000437,2,4,2305200004,성심당 문화원
g_g000437,2,5,2305200005,국립 중앙과학관 천체관
g_g000437,2,6,2305200006,마방집
g_g000437,2,7,2305200007,집
g_g000438,1,1,2305210001,집
g_g000438,1,2,2305210003,모 식당
g_g000438,1,3,2305210004,다이소 롯데슈퍼 부안 격포점
g_g000438,1,4,2305210005,변산농협 하나로마트 격포점
g_g000438,1,5,2305210002,고사포 야영장
g_g000438,2,1,2305220001,슬지 제빵소
g_g000438,2,2,2305220002,곰소염전
g_g000438,2,3,2305220003,모항 전망대
g_g000438,2,4,2305220004,이 비가 짬뽕 부안 격포점
g_g000438,2,5,2305220005,집
g_g000441,1,1,2305200001,친구 친지 집
g_g000441,1,2,2305200003,목포근대역사관 2관
g_g000441,1,3,2305200004,유달산 조각 공원
g_g000441,1,4,2305200005,선경 준치 횟집
g_g000441,1,5,2305200006,목포 스카이워크
g_g000441,1,6,2305200007,양을 산
g_g000441,1,7,2305200008,평화광장
g_g000441,1,8,2305200009,목포 갓바위
g_g000441,1,9,2305200002,호텔 디오션
g_g000441,2,1,2305210002,노을공원 주차장
g_g000441,2,2,2305210001,스타벅스 목포 북 항 DT 점
g_g000441,2,3,2305210003,호남로 52
g_g000441,2,4,2305210007,동부시장
g_g000441,2,5,2305210004,김대중노벨평화상 기념관
g_g000441,2,6,2305210005,씨엘이 베이커리 본점
g_g000441,2,7,2305210006,광천 e 편한 세상 아파트
g_g000443,1,1,2306030001,집
g_g000443,1,2,2306030002,예반 72
g_g000443,1,3,2306030003,세상 상회
g_g000443,1,4,2306030004,중앙탑 사적공원
g_g000443,1,5,2306030007,노르딕 펜션
g_g000443,1,6,2306030008,충주고구려천문과학관
g_g000443,1,7,2306030005,노르딕 펜션
g_g000443,2,1,2306040002,충주로 관광선
g_g000443,2,2,2306040001,집
g_g000444,1,1,2306010001,집
g_g000444,1,2,2306010003,GS칼텍스 해양 셀프주유소
g_g000444,1,3,2306010004,아트로
g_g000444,1,4,2306010005,컴포즈커피 순천중앙점
g_g000444,1,5,2306010006,CGV 순천
g_g000444,1,6,2306010002,오션팰리스 아파트
g_g000444,2,1,2306020001,언니 그 카페
g_g000444,2,2,2306020002,순천만 국가 정원
g_g000444,2,3,2306020003,집
g_g000447,1,1,2305200001,친구 친지 집
g_g000447,1,2,2305200002,박순이 본점
g_g000447,1,3,2305200003,운천호수 공원
g_g000447,1,4,2305200004,에머리 광주 상무점
g_g000447,1,5,2305200005,광주 기아 챔피언 스피드
g_g000447,1,6,2305200006,카메
g_g000447,1,7,2305200007,광주 용산 LH1단지 아파트
g_g000447,2,1,2305210001,국립아시아문화전당
g_g000447,2,2,2305210002,파트 오브 런던
g_g000447,2,3,2305210004,국립아시아문화전당
g_g000447,2,4,2305210005,소태역 시외버스정류소
g_g000447,2,5,2305210003,벌교 제이 아트 아파트
g_g000452,1,1,2305200001,집
g_g000452,1,2,2305200002,손기정문화 도서관
g_g000452,1,3,2305200003,익산 돈가스
g_g000452,1,4,2305200005,아가페 정원
g_g000452,1,5,2305200004,익산 교도소 세트장
g_g000452,1,6,2305200006,고스락
g_g000452,1,7,2305200007,미륵산 골 다목적센터
g_g000452,1,8,2305200008,미륵산 골 다목적센터
g_g000452,2,1,2305210002,익산 미륵사지
g_g000452,2,2,2305210003,미륵산 골 다목적센터
g_g000452,2,3,2305210004,중앙시장 상가
g_g000452,2,4,2305210005,왕궁 보석테마관광지 다이노 키즈월드
g_g000452,2,5,2305210001,집
g_g000454,1,1,2306020001,집
g_g000454,1,2,2306020002,익산문화 체육센터
g_g000454,1,3,2306020004,전주시 덕진구 팔달로 339-26 반석 위에 조은 집
g_g000454,2,1,2306030001,온고을 재활의학과 병원
g_g000454,2,2,2306030002,원화랑 약국
g_g000454,2,3,2306030003,남원 일섬 추어탕
g_g000454,2,4,2306030004,치명자산 성지 평화의 전당
g_g000454,2,5,2306030005,롯데백화점 전주점
g_g000454,2,6,2306030006,토방 생선가
g_g000454,2,7,2306030007,전주대사습 첨
g_g000454,2,8,2306030008,집
g_g000457,1,1,2305200001,집
g_g000457,1,2,2305200003,전라감영
g_g000457,1,3,2305200004,옛날 피순대
g_g000457,1,4,2305200005,전주 남부시장 한옥마을 야시장
g_g000457,1,5,2305200002,전주 한 옥스 파편 백 찜질방
g_g000457,2,1,2305210002,CGV 전주고 사
g_g000457,2,2,2305210003,대보자
g_g000457,2,3,2305210004,전주한옥마을
g_g000457,2,4,2305210005,PNB 풍년제과 전주 본점
g_g000457,2,5,2305210006,스타벅스 전주 IC DT 점
g_g000457,2,6,2305210007,전주 월드컵 광장
g_g000457,2,7,2305210008,전주 월드컵 경기장 S 구역
g_g000457,2,8,2305210001,집
g_g000460,1,1,2306020001,집
g_g000460,1,2,2306020002,단양구경시장
g_g000460,1,3,2306020003,소논문 단양
g_g000460,2,1,2306030001,다누리 아쿠아리움
g_g000460,2,2,2306030002,도담삼봉 관광지
g_g000460,2,3,2306030003,후라 또 식당 충주점
g_g000460,2,4,2306030004,충주 탄금공원(구 세계무술공원)
g_g000460,2,5,2306030005,커피 단월
g_g000460,2,6,2306030006,집
g_g000465,1,1,2305200001,사무실
g_g000465,1,2,2305200002,빛고을 낙지
g_g000465,1,3,2305200003,전일빌딩 245
g_g000465,1,4,2305200004,꽃게야
g_g000465,1,5,2305200005,푸른길 두산위브 아파트
g_g000465,2,1,2305210001,영미 오리탕
g_g000465,2,2,2305210002,국립아시아문화전당
g_g000465,2,3,2305210003,푸른길 두산위브 아파트
g_g000466,1,1,2306030001,집
g_g000466,1,2,2306030002,금왕 휴게소 충주방향
g_g000466,1,3,2306030003,수주팔봉 구름다리
g_g000466,1,4,2306030004,영화식당
g_g000466,1,5,2306030005,수안보 상록호텔 사우나
g_g000466,1,6,2306030006,활옷 동굴
g_g000466,1,7,2306030007,베이커리와 정
g_g000466,1,8,2306030008,국립 충주 기상과학관
g_g000466,1,9,2306030009,산마루
g_g000466,1,10,2306030011,청풍리조트 레이크호텔
g_g000466,2,1,2306040001,청풍호 관광 모노레일
g_g000466,2,2,2306040002,밥상 위의 보약 한 첩 청풍점
g_g000466,2,3,2306040003,물태리 빵집
g_g000466,2,4,2306040006,덕평자연휴게소 인천방향
g_g000466,2,5,2306040005,집
g_g000469,1,1,2306090001,집
g_g000469,1,2,2306090002,광명역
g_g000469,1,3,2306090003,공주 역
g_g000469,1,4,2306090004,공주 호텔
g_g000469,1,5,2306090005,매향
g_g000469,1,6,2306090006,베이커리 밤마을
g_g000469,1,7,2306090007,미르 섬
g_g000469,1,8,2306090009,베이커리 밤마을
g_g000469,1,9,2306090010,공산성
g_g000469,1,10,2306090008,공주 호텔
g_g000469,2,1,2306100002,시장 정육점 식당
g_g000469,2,2,2306100004,부자 떡집
g_g000469,2,3,2306100005,망중한 커피 앤 티
g_g000469,2,4,2306100006,공주 역
g_g000469,2,5,2306100008,광명역
g_g000469,2,6,2306100001,집
g_g000474,1,1,2305160001,집
g_g000474,1,2,2305160002,서울역 KTX
g_g000474,1,3,2305160003,전주역
g_g000474,1,4,2305160004,전주왱이콩나물국밥전문점
g_g000474,1,5,2305160005,외할머니 솜씨
g_g000474,1,6,2305160006,햇살 가득
g_g000474,1,7,2305160007,남천교
g_g000474,1,8,2305160008,전주향교
g_g000474,1,9,2305160009,강촌 떡갈비
g_g000474,1,10,2305160010,햇살 가득
g_g000474,1,11,2305160012,전주한옥마을 상점가
g_g000474,1,12,2305160011,오목대
g_g000474,1,13,2305160014,햇살 가득
g_g000474,2,1,2305170001,PNB 풍년제과 한옥마을 1호점
g_g000474,2,2,2305170003,한복남 전주한옥마을 점
g_g000474,2,3,2305170002,교동 십원빵 전주한옥마을 본점
g_g000474,2,4,2305170004,경기전
g_g000474,2,5,2305170005,풍남정
g_g000474,2,6,2305170006,아몽 아트
g_g000474,2,7,2305170007,전주역
g_g000474,2,8,2305170008,서울역
g_g000474,2,9,2305170009,집
g_g000477,1,1,2305270001,집
g_g000477,1,2,2305270002,정림사지박물관 정림사지 5층 석탑
g_g000477,1,3,2305270003,국립부여박물관
g_g000477,1,4,2305270004,궁남 추어탕
g_g000477,1,5,2305270005,국립부여박물관
g_g000477,1,6,2305270006,정리로 3
g_g000477,1,7,2305270007,부여서 고
g_g000477,1,8,2305270008,롯데 아웃렛 부여점
g_g000477,1,9,2305270009,집
g_g000480,1,1,2306030001,집
g_g000480,1,2,2306030003,삼탄유원지
g_g000480,1,3,2306030002,어게인 캠핑
g_g000480,2,1,2306040002,충주호
g_g000480,2,2,2306040003,열혈청춘 성충 주점
g_g000480,2,3,2306040001,집
g_g000483,1,1,2305240001,집
g_g000483,1,2,2305240003,카페 23
g_g000483,1,3,2305240004,황제 산삼 곰탕 삼계탕
g_g000483,1,4,2305240005,보강천 미루나무숲
g_g000483,1,5,2305240002,집
g_g000486,1,1,2305290001,사무실
g_g000486,1,2,2305290002,공주 석장리 구석기 유적
g_g000486,1,3,2305290003,공산성
g_g000486,1,4,2305290004,자연에서 온 비빔밥
g_g000486,1,5,2305290005,공주 정기산 백제 유적
g_g000486,1,6,2305290006,무령왕릉
g_g000486,1,7,2305290007,국립공주 박물관
g_g000486,1,8,2305290008,한국프레스센터
g_g000488,1,1,2306030001,집
g_g000488,1,2,2306030002,어머니 집
g_g000488,1,3,2306030003,차부 웰빙 방앗간
g_g000488,1,4,2306030004,등촌 샤브칼국수
g_g000488,1,5,2306030005,보강천
g_g000488,1,6,2306030006,괴산전통시장
g_g000488,1,7,2306030007,어머니 집
g_g000488,2,1,2306040001,산맥이 옛길
g_g000488,2,2,2306040002,괴산농협 하나로마트 중앙점
g_g000488,2,3,2306040003,어머니 집
g_g000488,2,4,2306040004,집
g_g000490,1,1,2305250001,집
g_g000490,1,2,2305250002,옥천역
g_g000490,1,3,2305250003,경지는 각
g_g000490,1,4,2305250004,옥천공설시장
g_g000490,1,5,2305250005,옥천성당
g_g000490,1,6,2305250007,정지용 생가
g_g000490,1,7,2305250006,향수공원
g_g000490,1,8,2305250008,정지용 문학관
g_g000490,1,9,2305250009,옥천 묵집
g_g000490,1,10,2305250010,옥천 전통문화체험관
g_g000490,2,1,2305260001,지용문학공원
g_g000490,2,2,2305260002,교동 저수지
g_g000490,2,3,2305260003,옥천향교
g_g000490,2,4,2305260004,옥천 전통문화체험관 관성과
g_g000490,2,5,2305260006,우렁이 골목 쌈밥
g_g000490,2,6,2305260007,아바이순대
g_g000490,2,7,2305260005,집
g_g000492,1,1,2305280001,집
g_g000492,1,2,2305280003,의림지
g_g000492,1,3,2305280004,두꺼비식당 본점
g_g000492,1,4,2305280002,제천 모노레일 글램핑
g_g000492,2,1,2305290001,청풍 호반 케이블카 물 태리 역
g_g000492,2,2,2305290002,제천황기 명태 청풍점
g_g000492,2,3,2305290003,안성휴게소 서울 방향
g_g000492,2,4,2305290004,집
g_g000499,1,1,2305270001,집
g_g000499,1,2,2305270003,명성 쌈밥
g_g000499,1,3,2305270004,정읍 허브원
g_g000499,1,4,2305270005,정읍농협 하나로마트 상동점
g_g000499,1,5,2305270006,아양 사랑 숲
g_g000499,1,6,2305270002,숙소
g_g000499,2,1,2305280002,고창읍성
g_g000499,2,2,2305280003,금단양만
g_g000499,2,3,2305280004,뒤 온실 컨서버토리
g_g000499,2,4,2305280005,하복대수육국밥 테크노 직영점
g_g000499,2,5,2305280001,집
g_g000503,1,1,2305190001,집
g_g000503,1,2,2305190002,산 아래 석갈비 2호점
g_g000503,1,3,2305190003,포레스트 리솜 해브 나인 스파
g_g000503,1,4,2305190004,포레스트 리솜
g_g000503,2,1,2305200001,선수제 돈가스
g_g000503,2,2,2305200003,의림지
g_g000503,2,3,2305200002,집
g_g000510,1,1,2305190001,집
g_g000510,1,2,2305190002,격포어촌계 회 센터 B동
g_g000510,1,3,2305190003,소노벨 변산
g_g000510,1,4,2305190004,격포해수욕장
g_g000510,1,5,2305190005,소노벨 변산
g_g000510,2,1,2305200001,게임존
g_g000510,2,2,2305200002,부안누에타운
g_g000510,2,3,2305200004,전북 서해안 지질공원 안내소
g_g000510,2,4,2305200003,변산반도국립공원 변산반도 탐방안내소
g_g000510,2,5,2305200005,격포항
g_g000510,2,6,2305200006,집
g_g000514,1,1,2305280001,집
g_g000514,1,2,2305280003,백송 회관
g_g000514,1,3,2305280004,전주 난장
g_g000514,1,4,2305280005,전주한옥마을
g_g000514,1,5,2305280006,전주동물원
g_g000514,1,6,2305280002,호텔 99
g_g000514,2,1,2305290001,해달 분식
g_g000514,2,2,2305290002,전주한옥마을
g_g000514,2,3,2305290003,집
g_g000515,1,1,2306030001,집
g_g000515,1,2,2306030002,한화생명 이글스 파크
g_g000515,1,3,2306030003,베스트 인 시티 호텔
g_g000515,2,1,2306040001,성심당 본점
g_g000515,2,2,2306040002,장태산
g_g000515,2,3,2306040003,논산 취암 주공 2단지 아파트
g_g000516,1,1,2306100001,집
g_g000516,1,2,2306100002,국립광주 박물관
g_g000516,1,3,2306100003,맷돌 콩물 국수
g_g000516,1,4,2306100004,광주시립 사진 전시관
g_g000516,1,5,2306100005,광주시립미술관
g_g000516,1,6,2306100007,광주비엔날레
g_g000516,1,7,2306100006,5.18민주화운동 기록관
g_g000516,1,8,2306100008,궁전제과 충장점
g_g000516,1,9,2306100009,국립아시아문화전당
g_g000516,1,10,2306100010,유스퀘어 광주종합버스터미널
g_g000516,1,11,2306100011,집
g_g000519,1,1,2305240001,집
g_g000519,1,2,2305240003,유천냉면 구미점
g_g000519,1,3,2305240004,추풍령 휴게소
g_g000519,1,4,2305240005,한밭수목원
g_g000519,1,5,2305240009,롯데시티 호텔 대전
g_g000519,1,6,2305240006,오 씨 칼국수 도룡점
g_g000519,1,7,2305240007,성심당 DCC 점
g_g000519,1,8,2305240008,엑스포과학공원 한빛탑
g_g000519,1,9,2305240002,롯데시티 호텔 대전
g_g000519,2,1,2305250003,원조 태평소 국밥 본점
g_g000519,2,2,2305250002,대전 오월드
g_g000519,2,3,2305250001,집
g_g000520,1,1,2305200001,집
g_g000520,1,2,2305200002,예산 상설시장
g_g000520,1,3,2305200003,추사 김정희 선생 고택
g_g000520,1,4,2305200004,독립기념관
g_g000520,1,5,2305200005,뚜쥬루 돌가마점
g_g000520,1,6,2305200006,집
g_g000522,1,1,2305200001,친구 친지 집
g_g000522,1,2,2305200002,소논문 단양
g_g000522,1,3,2305200003,원스 시
g_g000522,1,4,2305200004,다누리 아쿠아리움
g_g000522,1,5,2305200006,고수동굴
g_g000522,1,6,2305200007,왕릉 숯불갈비
g_g000522,1,7,2305200009,소논문 단양
g_g000522,2,1,2305210001,카페 산 패러글라이딩
g_g000522,2,2,2305210002,단양구경시장
g_g000522,2,3,2305210003,단양군 복합스포츠센터 단양 사계절 썰매장
g_g000522,2,4,2305210004,한솔 빌라
g_g000532,1,1,2306090001,집
g_g000532,1,2,2306090003,계룡산 사계절 펜션
g_g000532,1,3,2306090004,양화 저수지
g_g000532,1,4,2306090005,계룡산 사계절 펜션
g_g000532,2,1,2306100002,신원사
g_g000532,2,2,2306100001,장순리
g_g000532,2,3,2306100003,석장리 박물관
g_g000532,2,4,2306100004,스타벅스 공주 동학사 DT 점
g_g000532,2,5,2306100005,집
g_g000540,1,1,2305190001,집
g_g000540,1,2,2305190003,신용구도일주유소
g_g000540,1,3,2305190007,주암 휴게소 순천방향
g_g000540,1,4,2305190004,아르떼 뮤지엄 여수
g_g000540,1,5,2305190005,오동도
g_g000540,1,6,2305190006,오동동 김밥
g_g000540,1,7,2305190002,히든베이 호텔
g_g000540,2,1,2305200002,히든베이 호텔 더 키친
g_g000540,2,2,2305200003,히든베이 호텔
g_g000540,2,3,2305200001,집
g_g000545,1,1,2305280001,집
g_g000545,1,2,2305280002,목포역
g_g000545,1,3,2305280003,서대전역
g_g000545,1,4,2305280004,모도리 국밥
g_g000545,1,5,2305280006,정부대전청사 숲 숲의 공원 A
g_g000545,1,6,2305280005,올리브영 대전 파랑새 점
g_g000545,1,7,2305280007,이응노미술관
g_g000545,1,8,2305280008,한밭수목원
g_g000545,1,9,2305280009,슬리피 타운
g_g000545,1,10,2305280010,땡큐 베리머치
g_g000545,1,11,2305280011,열 개의 테이블
g_g000545,1,12,2305280019,단밤
g_g000545,2,1,2305290001,김화 칼국수
g_g000545,2,2,2305290002,성심당 본점
g_g000545,2,3,2305290003,성심당 문화원
g_g000545,2,4,2305290004,성심당 케이크 부티크
g_g000545,2,5,2305290005,서대전역
g_g000545,2,6,2305290006,목포역
g_g000545,2,7,2305290007,집
g_g000552,1,1,2305270001,집
g_g000552,1,2,2305270002,지장사
g_g000552,1,3,2305270003,스타벅스 전남 나주점
g_g000552,1,4,2305270005,빛가람 호수 공원
g_g000552,1,5,2305270006,빛가람 전망대
g_g000552,1,6,2305270004,마루와 호텔
g_g000552,1,7,2305270007,목구멍 나주점
g_g000552,1,8,2305270008,마루와 호텔
g_g000552,2,1,2305280001,집
g_g000570,1,1,2306020001,집
g_g000570,1,2,2306020002,홍북 식당
g_g000570,1,3,2306020003,스플라스 워터파크
g_g000570,1,4,2306020004,스플라스 리솜
g_g000570,2,1,2306030001,헤이지
g_g000570,2,2,2306030002,집
g_g000571,1,1,2305190001,집
g_g000571,1,2,2305190003,공주알밤 휴게쉼터
g_g000571,1,3,2305190004,남원 에어 레일
g_g000571,1,4,2305190005,광한루원
g_g000571,1,5,2305190006,친절 식당
g_g000571,1,6,2305190007,여수세계박람회 스카이타워
g_g000571,1,7,2305190008,윤심이네 실비집
g_g000571,1,8,2305190009,남해안 크루즈 관광 미남크루즈
g_g000571,1,9,2305190010,장안 신어 마을
g_g000571,1,10,2305190002,라마다플라자 바이 윈덤 여수
g_g000571,2,1,2305200002,향일암
g_g000571,2,2,2305200003,여수 해상 케이블카
g_g000571,2,3,2305200004,여수수산시장
g_g000571,2,4,2305200001,집
g_g000572,1,1,2305270001,집
g_g000572,1,2,2305270002,망향휴게소 부산방향
g_g000572,1,3,2305270003,천안박물관
g_g000572,1,4,2305270004,삼대째 손두부 천안 직산점
g_g000572,1,5,2305270005,배나무 숲
g_g000572,1,6,2305270006,롯데 프리미엄 아웃렛 기흥점
g_g000572,1,7,2305270007,장인 족발 68 영통 직영점
g_g000572,1,8,2305270008,경기 수원시 영통구 내 영로 31번 길
g_g000581,1,1,2305210001,집
g_g000581,1,2,2305210003,봉수산 수목원 유아숲 체험원
g_g000581,1,3,2305210004,예당호 모노레일
g_g000581,1,4,2305210005,예산 상설시장
g_g000581,1,5,2305210006,수덕사
g_g000581,1,6,2305210007,스플라스 리솜
g_g000581,1,7,2305210008,스플라스 리솜
g_g000581,2,1,2305220001,스플라스 워터파크
g_g000581,2,2,2305220002,집
g_g000582,1,1,2305210001,집
g_g000582,1,2,2305210002,보은 삼년산성
g_g000582,1,3,2305210003,보은군 농경문화관
g_g000582,1,4,2305210004,보은농협 하나로마트
g_g000582,1,5,2305210005,집
g_g000585,1,1,2305200001,집
g_g000585,1,2,2305200003,진산리 갯벌체험장
g_g000585,1,3,2305200004,신태라
g_g000585,1,4,2305200005,태안 동부시장
g_g000585,1,5,2305200006,행담도 휴게소 충전소 서울 방향
g_g000585,1,6,2305200002,집
g_g000602,1,1,2305280001,집
g_g000602,1,2,2305280002,카페로 쥬
g_g000602,1,3,2305280003,게스트하우스 다호
g_g000602,1,4,2305280004,째보 식당 본점
g_g000602,1,5,2305280005,군산근대화 거리
g_g000602,1,6,2305280006,양과점 1925
g_g000602,1,7,2305280007,게스트하우스 다호
g_g000602,2,1,2305290001,이성당 본점
g_g000602,2,2,2305290002,게스트하우스 다호
g_g000602,2,3,2305290003,한인옥
g_g000602,2,4,2305290004,게스트하우스 다호
g_g000602,2,5,2305290005,옛 군산세관
g_g000602,2,6,2305290006,동국사
g_g000602,2,7,2305290007,송가 짬뽕
g_g000602,2,8,2305290008,둔율담
g_g000602,2,9,2305290009,집
g_g000604,1,1,2305280001,집
g_g000604,1,2,2305280003,삼원 식당
g_g000604,1,3,2305280004,탄금대
g_g000604,1,4,2305280005,중앙탑 사적공원
g_g000604,1,5,2305280006,충주 박물관
g_g000604,1,6,2305280007,서이숙 펜션
g_g000604,1,7,2305280008,산척 정육 식당
g_g000604,1,8,2305280002,서이숙 펜션
g_g000604,2,1,2305290002,바하리야
g_g000604,2,2,2305290001,집
g_g000606,1,1,2305210001,집
g_g000606,1,2,2305210002,오수휴게소 충전소 순천방향
g_g000606,1,3,2305210003,아쿠아 플라넷 여수
g_g000606,1,4,2305210004,돌문어 상회 3호점
g_g000606,1,5,2305210006,황 전 휴게소 주유소 전주 방향
g_g000606,1,6,2305210005,집
g_g000610,1,1,2305260001,집
g_g000610,1,2,2305260003,대영힐스 컨트리클럽
g_g000610,1,3,2305260002,집
g_g000613,1,1,2305270001,집
g_g000613,1,2,2305270002,황제 찹쌀 꽈배기
g_g000613,1,3,2305270003,무량사
g_g000613,1,4,2305270004,궁남지
g_g000613,1,5,2305270005,롯데 아웃렛 부여점
g_g000613,1,6,2305270006,배꼽 부여점
g_g000613,1,7,2305270007,집
g_g000614,1,1,2305280001,집
g_g000614,1,2,2305280002,동서전 농협 전문 로컬푸드 직매장
g_g000614,1,3,2305280003,PNB 풍년제과 전주 본점
g_g000614,1,4,2305280004,전주한옥마을
g_g000614,1,5,2305280005,태평 집
g_g000614,1,6,2305280006,피닉스 카페
g_g000614,1,7,2305280007,전주 남부시장 한옥마을 야시장
g_g000614,1,8,2305280008,집
g_g000617,1,1,2305200001,집
g_g000617,1,2,2305200002,로열 하이츠
g_g000617,1,3,2305200003,HD 현대오일뱅크 직영 사이클 셀프주유소
g_g000617,1,4,2305200004,충주 무학시장
g_g000617,1,5,2305200005,카이로스 캠핑장
g_g000617,2,1,2305210001,활옷 동굴
g_g000617,2,2,2305210002,오복 쌈밥
g_g000617,2,3,2305210003,로열 하이츠
g_g000619,1,1,2306030001,집
g_g000619,1,2,2306030002,금왕(제천) 휴게소
g_g000619,1,3,2306030003,"의림지, 용추폭포, 의림지 역사박물관"
g_g000619,1,4,2306030004,두꺼비식당 본점
g_g000619,1,5,2306030006,제천시 청풍면 학현 소다로 473(제천경찰수련원)
g_g000619,1,6,2306030007,충북 제천시 청풍면 물태리 109-44
g_g000619,1,7,2306030008,충북 제천시 청풍면 학현 소다로 59
g_g000619,1,8,2306030009,충북 제천시 청풍면 학현 소다로 473
g_g000619,1,9,2306030010,제천경찰수련원
g_g000619,2,1,2306040001,충북 제천시 수산면 옥순봉로 342
g_g000619,2,2,2306040002,삼태기 마을
g_g000619,2,3,2306040003,집
g_g000624,1,1,2305200001,집
g_g000624,1,2,2305200003,서대전역
g_g000624,1,3,2305200004,광주역
g_g000624,1,4,2305200005,아오리 따
g_g000624,1,5,2305200006,프라임 팩
g_g000624,1,6,2305200007,국립아시아문화전당
g_g000624,1,7,2305200008,회화나무 작은 숲공원
g_g000624,1,8,2305200009,텍스처 룸
g_g000624,1,9,2305200010,광주 기아 챔피언 스피드
g_g000624,1,10,2305200011,광주역
g_g000624,1,11,2305200002,집
g_g000632,1,1,2305200001,집
g_g000632,1,2,2305200002,소노문 단양 오션 플레이
g_g000632,1,3,2305200003,단양구경시장
g_g000632,1,4,2305200004,제천경찰수련원
g_g000632,2,1,2305210001,소논문 단양
g_g000632,2,2,2305210002,집
g_g000636,1,1,2305190001,집
g_g000636,1,2,2305190003,웅도
g_g000636,1,3,2305190004,용장천
g_g000636,1,4,2305190005,선창 횟집
g_g000636,1,5,2305190006,카페의 숲
g_g000636,1,6,2305190002,집
g_g000637,1,1,2305190001,집
g_g000637,1,2,2305190002,격포해수욕장
g_g000637,1,3,2305190003,소노벨 변산
g_g000637,2,1,2305200001,내소사
g_g000637,2,2,2305200003,전주식당
g_g000637,2,3,2305200002,집
g_g000642,1,1,2305270001,집
g_g000642,1,2,2305270003,방일 해장국 서평택점
g_g000642,1,3,2305270004,태안 남면농협 하나로마트
g_g000642,1,4,2305270005,몽산포해수욕장
g_g000642,1,5,2305270006,소라 상회
g_g000642,1,6,2305270002,몽산포 휴림 펜션
g_g000642,2,1,2305280001,화성휴게소 서울 방향
g_g000642,2,2,2305280002,집
g_g000651,1,1,2305270001,집
g_g000651,1,2,2305270002,때 화장
g_g000651,1,3,2305270003,으능정이 문화의 거리
g_g000651,1,4,2305270004,사보이 모텔
g_g000651,1,5,2305270005,엑스포과학공원 한빛탑
g_g000651,1,6,2305270006,롯데시네마 대전
g_g000651,1,7,2305270008,사보이 모텔
g_g000651,2,1,2305280001,오 씨 칼국수
g_g000651,2,2,2305280002,롯데백화점 대전점
g_g000651,2,3,2305280003,성심당 케이크 부티크 롯데백화점 대전점
g_g000651,2,4,2305280004,대전시립미술관
g_g000651,2,5,2305280005,한밭수목원
g_g000651,2,6,2305280006,집
g_g000657,1,1,2305280001,집
g_g000657,1,2,2305280002,대전 어린이 회관
g_g000657,1,3,2305280003,이화원
g_g000657,1,4,2305280004,대전 어린이 회관
g_g000657,1,5,2305280005,한밭수목원
g_g000657,1,6,2305280006,유성호텔
g_g000657,2,1,2305290001,엑스포과학공원
g_g000657,2,2,2305290002,대전 오월드
g_g000657,2,3,2305290003,집
g_g000669,1,1,2305270001,친구 친지 집
g_g000669,1,2,2305270002,방포해수욕장
g_g000669,1,3,2305270003,수수꽃다리펜션
g_g000669,1,4,2305270007,수수꽃다리펜션
g_g000669,2,1,2305280001,꽃지해수욕장
g_g000669,2,2,2305280002,원산도
g_g000669,2,3,2305280003,두메산골
g_g000669,2,4,2305280004,천장화 출렁다리
g_g000669,2,5,2305280005,용방 마을주공 3단지 아파트
g_g000670,1,1,2305200001,집
g_g000670,1,2,2305200002,괴산 자연드림파크 괴짜로
g_g000670,1,3,2305200003,노움 호텔
g_g000670,1,4,2305200004,스포츠 힐링센터
g_g000670,1,5,2305200005,자연드림 괴산 자연드림파크점
g_g000670,1,6,2305200006,자연드림 분식
g_g000670,1,7,2305200007,노움 호텔
g_g000670,1,8,2305200008,노움 호텔
g_g000670,2,1,2305210003,노움 호텔
g_g000670,2,2,2305210001,오가닉 테마파크
g_g000670,2,3,2305210002,팜 바라기 카페
g_g000670,2,4,2305210004,집
g_g000675,1,1,2305200001,집
g_g000675,1,2,2305200002,베어트리 파크
g_g000675,1,3,2305200003,산장 가든
g_g000675,1,4,2305200004,설빙 세종 조치원점
g_g000675,1,5,2305200005,보디 프렌드 청주 분평 라운지
g_g000675,1,6,2305200006,우미린 에듀파크 2단지 아파트
g_g000680,1,1,2305200001,집
g_g000680,1,2,2305200002,삼방산
g_g000680,1,3,2305200003,대둔산 호텔
g_g000680,2,1,2305210001,대둔산 호텔 온천
g_g000680,2,2,2305210002,완주 대둔산 동학 농민혁명 전적지
g_g000680,2,3,2305210003,대둔산 미술관
g_g000680,2,4,2305210004,대둔산 케이블카
g_g000680,2,5,2305210005,대둔산 금강구름다리
g_g000680,2,6,2305210006,산산 산
g_g000680,2,7,2305210007,집
g_g000681,1,1,2306050001,집
g_g000681,1,2,2306050002,스플라스 워터파크
g_g000681,1,3,2306050003,스플라스 리솜 스테이 타워
g_g000681,2,1,2306060002,더 다이닝
g_g000681,2,2,2306060001,내포 보부상촌
g_g000681,2,3,2306060003,파인그로브
g_g000681,2,4,2306060004,집
g_g000685,1,1,2305200001,집
g_g000685,1,2,2305200002,장원 막국수
g_g000685,1,3,2305200003,무드 빌리지
g_g000685,1,4,2305200004,성흥 산 사랑나무
g_g000685,1,5,2305200005,엑스포과학공원 한빛탑
g_g000685,1,6,2305200006,집
g_g000687,1,1,2306030001,집
g_g000687,1,2,2306030002,충주 라바 랜드
g_g000687,1,3,2306030003,나무숲 놀이터
g_g000687,1,4,2306030004,가마솥 추어탕
g_g000687,1,5,2306030006,모다 아웃렛 충주점
g_g000687,1,6,2306030005,중앙탑공원 주차장
g_g000687,1,7,2306030007,브라운 도트 충주역점
g_g000687,2,1,2306040001,집
g_g000688,1,1,2305280001,집
g_g000688,1,2,2305280002,동백 한식
g_g000688,1,3,2305280003,여수 예술랜드
g_g000688,1,4,2305280005,23번 자매 실내 마차
g_g000688,1,5,2305280004,라마다플라자 바이 윈덤 여수
g_g000688,1,6,2305280006,이순신광장
g_g000688,1,7,2305280008,라마다플라자 바이 윈덤 여수
g_g000688,2,1,2305290002,라마다플라자 바이 윈덤 여수 짚트랙
g_g000688,2,2,2305290003,프롬나드
g_g000688,2,3,2305290004,여수 돌게 빵
g_g000688,2,4,2305290005,집
g_g000695,1,1,2305200001,집
g_g000695,1,2,2305200002,유탑 부티크 호텔 레지던스
g_g000695,1,3,2305200003,카페 부티크
g_g000695,1,4,2305200007,유탑 부티크 호텔 레지던스
g_g000695,2,1,2305210001,라라 브레드 송정점
g_g000695,2,2,2305210002,1913 송정역시장
g_g000695,2,3,2305210003,집
g_g000696,1,1,2305200001,집
g_g000696,1,2,2305200002,하늘정원 게스트하우스
g_g000696,1,3,2305200003,소바 노하나
g_g000696,1,4,2305200004,롯데리아 대전 버드내점
g_g000696,1,5,2305200007,성심당 본점
g_g000696,1,6,2305200005,노블 PC
g_g000696,1,7,2305200006,하늘정원 게스트하우스
g_g000696,2,1,2305210002,갤러리아백화점 타임월드점
g_g000696,2,2,2305210004,바코드
g_g000696,2,3,2305210003,사오 대전직영점
g_g000696,2,4,2305210005,16오마주
g_g000696,2,5,2305210006,대전역
g_g000696,2,6,2305210001,집
g_g000698,1,1,2305280001,집
g_g000698,1,2,2305280003,곡성 세계장미축제
g_g000698,1,3,2305280002,집
g_g000699,1,1,2305200001,집
g_g000699,1,2,2305200002,성심당 DCC 점
g_g000699,1,3,2305200003,푸드 가든 씨카페 롯데시티 호텔 대전점
g_g000699,1,4,2305200004,삼성화재 유성연수원
g_g000699,1,5,2305200005,초원아파트
g_g000699,1,6,2305200006,한밭수목원
g_g000699,1,7,2305200007,원조 태평소 국밥 유성점
g_g000699,1,8,2305200008,6계 대전 유성점
g_g000699,1,9,2305200009,하루도
g_g000699,1,10,2305200010,삼성화재 유성연수원
g_g000699,2,1,2305210001,해물 왕국
g_g000699,2,2,2305210002,국립대전현충원
g_g000699,2,3,2305210003,롯데백화점 대전점
g_g000699,2,4,2305210004,초원아파트
g_g000699,2,5,2305210005,죽전휴게소 서울 방향
g_g000699,2,6,2305210006,집
g_g000700,1,1,2305200001,집
g_g000700,1,2,2305200002,이마트 광산점
g_g000700,1,3,2305200003,매 시리 민박
g_g000700,1,4,2305200004,세븐일레븐 완도 신지사랑점
g_g000700,1,5,2305200005,매 시리 민박
g_g000700,2,1,2305210001,카페 더 비치
g_g000700,2,2,2305210002,완도타워
g_g000700,2,3,2305210003,안산으로 2-9
g_g000701,1,1,2305270001,집
g_g000701,1,2,2305270002,트레이더스 홀세일 클럽 천안아산점
g_g000701,1,3,2305270003,초원마을 그린타운 아파트
g_g000701,1,4,2305270004,가희 양꼬치 신분당점
g_g000701,1,5,2305270005,대빵 오락실
g_g000701,1,6,2305270006,찐 배네 꽃갈비 천안불당점
g_g000701,1,7,2305270008,신라스테이 천안
g_g000701,2,1,2305280001,아산시 공설 봉안당
g_g000701,2,2,2305280002,아산 가야 밀면
g_g000701,2,3,2305280003,초원마을 그린타운 아파트
g_g000701,2,4,2305280004,천안아산역
g_g000701,2,5,2305280005,집
g_g000703,1,1,2305280001,집
g_g000703,1,2,2305280002,수서역
g_g000703,1,3,2305280003,친구 집
g_g000703,1,4,2305280004,명가원
g_g000703,1,5,2305280005,투썸플레이스 광주첨단호수공원점
g_g000703,1,6,2305280006,호텔 하이브인
g_g000703,1,7,2305280007,친구 집
g_g000703,2,1,2305290001,스타벅스 광주 비아 DT 점
g_g000703,2,2,2305290002,순천만 국가 정원
g_g000703,2,3,2305290003,순천만 전라도 밥상
g_g000703,2,4,2305290004,순천만 습지
g_g000703,2,5,2305290005,하이 테라피
g_g000703,2,6,2305290006,집
g_g000712,1,1,2306030001,집
g_g000712,1,2,2306030002,서울역 셔틀 정류장
g_g000712,1,3,2306030003,망향휴게소 부산방향
g_g000712,1,4,2306030004,P1 주차장
g_g000712,1,5,2306030006,무주 예술체육 문화관
g_g000712,1,6,2306030005,기사님 식당
g_g000712,1,7,2306030007,카페 로뎀
g_g000712,1,8,2306030008,등나무운동장
g_g000712,1,9,2306030009,최북미술관
g_g000712,1,10,2306030010,각 다정이네
g_g000712,1,11,2306030012,덕유산국립공원
g_g000712,1,12,2306030011,등나무운동장
g_g000712,1,13,2306030013,살여울 펜션
g_g000712,2,1,2306040002,착한 감자탕 해장국 무주점
g_g000712,2,2,2306040003,아이 빈 커피
g_g000712,2,3,2306040004,무주 산골 영화관
g_g000712,2,4,2306040007,입장거봉포도 휴게소 서울 방향
g_g000712,2,5,2306040006,무주 P1 주차장
g_g000712,2,6,2306040005,오가 네 칼국수
g_g000712,2,7,2306040008,집
g_g000714,1,1,2306100001,친구 친지 집
g_g000714,1,2,2306100002,남광 식당
g_g000714,1,3,2306100003,다리안 관광지 오토캠핑장
g_g000714,2,1,2306110002,소백산국립공원
g_g000714,2,2,2306110001,고수동굴
g_g000714,2,3,2306110003,친척 집
g_g000714,2,4,2306110004,집
g_g000716,1,1,2306040001,집
g_g000716,1,2,2306040012,오 씨 칼국수 주차장
g_g000716,1,3,2306040002,성심당 본점
g_g000716,1,4,2306040004,동춘당 역사 공원
g_g000716,1,5,2306040005,라마다호텔 대전
g_g000716,1,6,2306040006,대전 신세계 아트 앤 사이언스
g_g000716,1,7,2306040007,대선 칼국수
g_g000716,1,8,2306040008,유성 족욕체험길
g_g000716,1,9,2306040009,소란
g_g000716,1,10,2306040011,라마다호텔 대전
g_g000716,2,1,2306050001,원조 태평소 국밥
g_g000716,2,2,2306050002,성심당 DCC 점
g_g000716,2,3,2306050003,원조 할머니 학화호두과자 본점
g_g000716,2,4,2306050004,삽교호
g_g000716,2,5,2306050005,화성휴게소 서울 방향
g_g000716,2,6,2306050006,집
g_g000717,1,1,2305230001,친구 친지 집
g_g000717,1,2,2305230002,고흥우주발사 전망대
g_g000717,1,3,2305230003,영남 용바위
g_g000717,1,4,2305230004,서희스타힐스 아파트
g_g000722,1,1,2305280001,집
g_g000722,1,2,2305280002,국립공주 박물관
g_g000722,1,3,2305280003,송산리 고분
g_g000722,1,4,2305280004,중앙 분식
g_g000722,1,5,2305280005,공주 녹수원 글램핑
g_g000722,2,1,2305290001,집
g_g000727,1,1,2305200001,집
g_g000727,1,2,2305200002,신락원 본점
g_g000727,1,3,2305200003,증심사
g_g000727,2,1,2305210001,경천서 공원
g_g000727,2,2,2305210002,집
g_g000729,1,1,2305210001,집
g_g000729,1,2,2305210003,하쿠쯔무
g_g000729,1,3,2305210004,소제동 철도관사촌
g_g000729,1,4,2305210005,까몽
g_g000729,1,5,2305210006,테마 오래
g_g000729,1,6,2305210002,장태산자연휴양림
g_g000729,2,1,2305220002,산들에 휴게소
g_g000729,2,2,2305220003,대전중앙시장
g_g000729,2,3,2305220004,수연 분식
g_g000729,2,4,2305220005,대전중앙시장
g_g000729,2,5,2305220006,싸지
g_g000729,2,6,2305220007,으능정이 스카이로드
g_g000729,2,7,2305220008,성심당 본점
g_g000729,2,8,2305220009,성심당 문화원
g_g000729,2,9,2305220010,으능정이 문화의 거리
g_g000729,2,10,2305220011,트래블 라운지
g_g000729,2,11,2305220012,김화 칼국수
g_g000729,2,12,2305220001,집
g_g000730,1,1,2305200001,집
g_g000730,1,2,2305200002,아산 탕정에 호반
g_g000730,1,3,2305200003,소노벨 천안 오션 어드벤처
g_g000730,1,4,2305200004,오복 갈비
g_g000730,1,5,2305200005,소노벨 천안
g_g000730,2,1,2305210001,더함
g_g000730,2,2,2305210002,상록리조트 상록 랜드
g_g000730,2,3,2305210003,남중 이화 아파트
g_g000734,1,1,2305270001,집
g_g000734,1,2,2305270002,부안누에타운
g_g000734,1,3,2305270003,채석강
g_g000734,1,4,2305270004,바다마을
g_g000734,1,5,2305270006,힐링 펜션
g_g000734,1,6,2305270005,변산해수욕장
g_g000734,1,7,2305270007,전주 수산
g_g000734,1,8,2305270008,사랑의 낙조 공원
g_g000734,1,9,2305270010,변산 가마솥 통닭
g_g000734,1,10,2305270009,힐링 펜션
g_g000734,2,1,2305280001,변산 마실 길 1코스(저 개미 패총기)
g_g000734,2,2,2305280003,부안 상설시장
g_g000734,2,3,2305280002,한국농어촌공사 새만금 홍보관
g_g000734,2,4,2305280004,시장 안초 밥집
g_g000734,2,5,2305280005,집
g_g000736,1,1,2305260001,집
g_g000736,1,2,2305260002,봉수산 자연휴양림 은방울 참나리동
g_g000736,2,1,2305270001,봉수산 수목원 곤충생태관
g_g000736,2,2,2305270003,예당 소쿠리 밥상
g_g000736,2,3,2305270004,예당호 모노레일
g_g000736,2,4,2305270002,집
g_g000742,1,1,2305260001,집
g_g000742,1,2,2305260004,공릉역 7호선
g_g000742,1,3,2305260002,등촌 샤브칼국수 공릉점
g_g000742,1,4,2305260003,빽다방 공릉 중앙점
g_g000742,1,5,2305260006,SK 행복충전 만남의 광장 충전소
g_g000742,1,6,2305260012,e 편한 세상 충주 아파트
g_g000742,2,1,2305270001,시골막국수 진천점
g_g000742,2,2,2305270002,속옷 아웃렛
g_g000742,2,3,2305270003,카페 멀로
g_g000742,2,4,2305270004,21C 볼링장 21C 당구클럽
g_g000742,2,5,2305270005,진천 주꾸미
g_g000742,2,6,2305270006,집
g_g000743,1,1,2306040001,집
g_g000743,1,2,2306040002,산맥이 옛길
g_g000743,1,3,2306040003,고깃길
g_g000743,1,4,2306040004,자연드림 수영장 찜질방
g_g000743,1,5,2306040005,비어라고
g_g000743,1,6,2306040007,자연드림 괴산 자연드림파크 점
g_g000743,2,1,2306050001,자연드림 괴산 자연드림파크 점 플레이스테이션
g_g000743,2,2,2306050002,이플 카페
g_g000743,2,3,2306050003,문경 에코월드
g_g000743,2,4,2306050004,파밀리아
g_g000743,2,5,2306050005,집
g_g000747,1,1,2305200001,집
g_g000747,1,2,2305200002,이태리 제면소 본점
g_g000747,1,3,2305200003,진안 마이산 휴게소 익산 방향
g_g000747,1,4,2305200004,전주동물원
g_g000747,1,5,2305200005,고궁 전주 본점
g_g000747,1,6,2305200006,전주 덕진공원
g_g000747,1,7,2305200007,베스트웨스턴 플러스 전주 호텔
g_g000747,2,1,2305210001,전주 현대 옥 전주 본점
g_g000747,2,2,2305210002,이디야커피 전주 본 병원점
g_g000747,2,3,2305210003,전주 난장
g_g000747,2,4,2305210004,설월화
g_g000747,2,5,2305210005,집
g_g000751,1,1,2305220001,집
g_g000751,1,2,2305220002,감자 정육점
g_g000751,1,3,2305220004,덕이네 묵집
g_g000751,1,4,2305220005,마켓 셸터
g_g000751,1,5,2305220003,네 이스트 프라이빗
g_g000751,2,1,2305230002,큰 곰 집
g_g000751,2,2,2305230001,집
g_g000756,1,1,2306040001,집
g_g000756,1,2,2306040003,무등산 리프트 모노레일
g_g000756,1,3,2306040006,장수 국밥
g_g000756,1,4,2306040005,송애 집
g_g000756,1,5,2306040004,국립 5.18민주묘지
g_g000756,1,6,2306040007,삼모장 목욕탕
g_g000756,2,1,2306050001,나주곰탕
g_g000756,2,2,2306050002,메가커피
g_g000756,2,3,2306050003,집
g_g000769,1,1,2306040001,집
g_g000769,1,2,2306040002,유기방 가옥
g_g000769,1,3,2306040003,용현 집
g_g000769,1,4,2306040004,마애 여래삼존상
g_g000769,1,5,2306040005,카페 만조
g_g000769,1,6,2306040006,중리 어촌체험마을
g_g000769,1,7,2306040007,만조 스테이
g_g000769,2,1,2306050001,해미읍성
g_g000769,2,2,2306050002,온 셈 서산점
g_g000769,2,3,2306050003,카페 모월
g_g000769,2,4,2306050004,집
g_g000770,1,1,2306020001,사무실
g_g000770,1,2,2306020002,메가박스 공주
g_g000770,1,3,2306020003,곰둥이네
g_g000770,1,4,2306020004,북경 깐풍기
g_g000770,1,5,2306020005,공주 호텔
g_g000770,2,1,2306030001,청운 식당
g_g000770,2,2,2306030002,공산성
g_g000770,2,3,2306030004,이마트 24 공주공산성점
g_g000770,2,4,2306030003,무령왕릉
g_g000770,2,5,2306030005,캔모아 공주대점
g_g000770,2,6,2306030006,청주테크노폴리스 지웰 푸르지오 아파트
g_g000773,1,1,2305270001,집
g_g000773,1,2,2305270002,서울고속버스터미널(경부)
g_g000773,1,3,2305270003,단양 시외버스 공용터미널
g_g000773,1,4,2305270004,단양구경시장
g_g000773,1,5,2305270005,다르다면 본점
g_g000773,1,6,2305270006,짱패러글라이딩
g_g000773,1,7,2305270007,카페인 단양
g_g000773,1,8,2305270008,스카이 모텔
g_g000773,1,9,2305270009,밀리 내
g_g000773,1,10,2305270010,다보스 치킨 충북 단양점
g_g000773,1,11,2305270011,이마트 24 단양 다누리점
g_g000773,1,12,2305270018,스카이 모텔
g_g000773,2,1,2305280001,이마트 24 단양 다누리점
g_g000773,2,2,2305280002,이디야커피 단양중앙점
g_g000773,2,3,2305280003,명촌 뚝배기
g_g000773,2,4,2305280004,훈이네 마늘빵 단양점
g_g000773,2,5,2305280006,단양역
g_g000773,2,6,2305280005,집
g_g000776,1,1,2305270001,집
g_g000776,1,2,2305270002,자매식 당산 장어 전문점
g_g000776,1,3,2305270003,여수 해상 케이블카
g_g000776,1,4,2305270004,엑스포 힐스테이트 2단지 아파트
g_g000776,2,1,2305280001,순천만 국가 정원
g_g000776,2,2,2305280002,집
g_g000777,1,1,2305250001,집
g_g000777,1,2,2305250002,스타벅스 광주선운DT점
g_g000777,1,3,2305250003,정남진 장흥 토요시장
g_g000777,1,4,2305250004,3대 곰탕
g_g000777,1,5,2305250005,탐진강
g_g000777,1,6,2305250006,포럼
g_g000777,1,7,2305250007,집
g_g000779,1,1,2306020001,친구 친지 집
g_g000779,1,2,2306020002,엑스포 힐스테이트 2단지 아파트
g_g000779,1,3,2306020003,한군에 88
g_g000779,1,4,2306020004,이순신광장
g_g000779,1,5,2306020005,엑스포 힐스테이트 2단지 아파트
g_g000779,2,1,2306030001,풍산 식당
g_g000779,2,2,2306030002,피타 베이커스
g_g000779,2,3,2306030003,웅천친수공원
g_g000779,2,4,2306030004,우성아파트
g_g000782,1,1,2305270001,집
g_g000782,1,2,2305270002,내동 노인회관
g_g000782,1,3,2305270003,사성암
g_g000782,1,4,2305270004,목월 빵집
g_g000782,1,5,2305270005,내동 노인회관
g_g000782,1,6,2305270006,광한루원
g_g000782,1,7,2305270007,집
g_g000784,1,1,2305280001,집
g_g000784,1,2,2305280002,해빈 목포 본점
g_g000784,1,3,2305280003,대반동 21
g_g000784,1,4,2305280004,목포 해상 케이블카 북항 승강장
g_g000784,1,5,2305280005,목포 항구 포차 목포 연희네 포차
g_g000784,1,6,2305280006,집
g_g000785,1,1,2305200001,집
g_g000785,1,2,2305200003,바른 카페 계림점
g_g000785,1,3,2305200004,여산휴게소 천안 방향
g_g000785,1,4,2305200006,롯데백화점 대전점
g_g000785,1,5,2305200005,성심당 케이크 부티크 롯데백화점 대전점
g_g000785,1,6,2305200007,르 카페
g_g000785,1,7,2305200008,벌곡휴게소 주차장
g_g000785,1,8,2305200002,집
g_g000786,1,1,2306090001,집
g_g000786,1,2,2306090002,행담도 주유소 목포 방향
g_g000786,1,3,2306090003,스플라스 리솜
g_g000786,1,4,2306090004,예산 숯불갈비
g_g000786,1,5,2306090005,스플라스 리솜
g_g000786,2,1,2306100001,예산 상설시장
g_g000786,2,2,2306100002,외갓집 소머리국밥
g_g000786,2,3,2306100003,스플라스 리솜
g_g000786,2,4,2306100004,청미래가 든
g_g000786,2,5,2306100005,스플 라슨 리솜 스테이 타워
g_g000786,2,6,2306100006,집
g_g000789,1,1,2306090001,집
g_g000789,1,2,2306090002,대천역
g_g000789,1,3,2306090003,봉채국수 수림점
g_g000789,1,4,2306090004,청보리 창고
g_g000789,1,5,2306090005,대천 데이나이스 호텔
g_g000789,1,6,2306090006,스튜디오 커피나
g_g000789,1,7,2306090007,청춘 조개 포차 대천 직영점
g_g000789,1,8,2306090008,엔젤스 코인 노래연습장
g_g000789,1,9,2306090009,대천 데이나이스 호텔
g_g000789,2,1,2306100001,짚트랙 코리아
g_g000789,2,2,2306100002,버거네버거
g_g000789,2,3,2306100003,스튜디오 커피나
g_g000789,2,4,2306100004,집
g_g000794,1,1,2305250001,집
g_g000794,1,2,2305250002,블랙스톤 벨포르 리조트
g_g000794,1,3,2305250003,벨포르 브리스킷 346
g_g000794,1,4,2305250004,블랙스톤 벨포르 리조트
g_g000794,2,1,2305260001,블랙스톤 벨포르 리조트 마리나 클럽
g_g000794,2,2,2305260002,블랙스톤 벨포르 리조트 익스트림 루지
g_g000794,2,3,2305260003,남도예담인벨포레
g_g000794,2,4,2305260004,투썸플레이스 블랙스톤 벨포르점
g_g000794,2,5,2305260005,반 서울
g_g000794,2,6,2305260006,집
g_g000796,1,1,2305280001,집
g_g000796,1,2,2305280002,투썸플레이스 화순 도곡점
g_g000796,1,3,2305280003,집
g_g000809,1,1,2306010001,집
g_g000809,1,2,2306010002,청춘 다 꽈배기 화성 봉담점
g_g000809,1,3,2306010003,예산 상설시장
g_g000809,1,4,2306010004,수덕사
g_g000809,1,5,2306010005,수향 가든
g_g000809,1,6,2306010006,호텔 라그 라스
g_g000809,2,1,2306020001,충남집 순대
g_g000809,2,2,2306020002,천안 옛날호두과자 아우내점
g_g000809,2,3,2306020003,집
g_g000812,1,1,2306100001,집
g_g000812,1,2,2306100003,유자 가든
g_g000812,1,3,2306100004,만성리 검은 모래해변
g_g000812,1,4,2306100005,죽포항
g_g000812,1,5,2306100006,지인 집
g_g000812,1,6,2306100007,여수수산물 특화시장
g_g000812,1,7,2306100008,지인 집
g_g000812,1,8,2306100009,이순신광장
g_g000812,1,9,2306100002,지인 집
g_g000818,1,1,2306010001,집
g_g000818,1,2,2306010002,나제통문
g_g000818,1,3,2306010003,무주 덕유 캠프 농장
g_g000818,1,4,2306010005,무주향
g_g000818,1,5,2306010006,무주 홀리데이 펜션
g_g000818,2,1,2306020001,수경대계곡
g_g000818,2,2,2306020002,구천동 계곡
g_g000818,2,3,2306020003,집
g_g000820,1,1,2305280001,집
g_g000820,1,2,2305280002,경암동 철길마을
g_g000820,1,3,2305280003,덕수궁 해물칼국수
g_g000820,1,4,2305280004,국립생태원
g_g000820,1,5,2305280005,서천 하늘 아래 펜션
g_g000820,2,1,2305290001,국립 해양생물자원관
g_g000820,2,2,2305290002,시루향기 수원 송죽 점
g_g000820,2,3,2305290003,집
g_g000826,1,1,2305280001,집
g_g000826,1,2,2305280002,국립 익산 박물관 어린이 박물관
g_g000826,1,3,2305280003,육 개월 2관
g_g000826,1,4,2305280004,전라북도교육청과 학 교육원
g_g000826,1,5,2305280005,미륵산 골 다목적센터
g_g000826,2,1,2305290001,함라 정원
g_g000826,2,2,2305290002,집
g_g000836,1,1,2306030001,집
g_g000836,1,2,2306030002,유스퀘어 광주종합버스터미널
g_g000836,1,3,2306030003,웨딩그룹 위더스 광주
g_g000836,1,4,2306030004,GS25 광주 본점
g_g000836,1,5,2306030005,스타벅스 광주 첨단점
g_g000836,1,6,2306030007,보이저 첨단
g_g000836,1,7,2306030008,상무 초밥 첨단점
g_g000836,1,8,2306030009,간이역 첨단역점
g_g000836,1,9,2306030010,세븐일레븐 광주월계제일점
g_g000836,1,10,2306030006,더 허브 오피스텔
g_g000836,2,1,2306040001,라운지 OIC
g_g000836,2,2,2306040002,더 시너지 첨단
g_g000836,2,3,2306040003,슬로 캘리 첨단점
g_g000836,2,4,2306040004,아우어 베이커리 광주 첨단점
g_g000836,2,5,2306040005,오하이오 블루벨트
g_g000836,2,6,2306040006,퀴비
g_g000836,2,7,2306040007,집
g_g000847,1,1,2306030001,집
g_g000847,1,2,2306030003,의성 휴게소 청주 방향
g_g000847,1,3,2306030004,조점례남문피순대
g_g000847,1,4,2306030005,풍년제과 본점
g_g000847,1,5,2306030006,전주한옥마을
g_g000847,1,6,2306030008,전주는 전주
g_g000847,1,7,2306030007,영동 닭발
g_g000847,1,8,2306030002,에어비앤비 게스트하우스
g_g000847,2,1,2306040002,지린성
g_g000847,2,2,2306040003,경암동 철길마을
g_g000847,2,3,2306040004,초원 사진관
g_g000847,2,4,2306040005,카페먹방이와친구들
g_g000847,2,5,2306040001,집
g_g000848,1,1,2305280001,집
g_g000848,1,2,2305280003,속리산국립공원
g_g000848,1,3,2305280004,용궁 식당
g_g000848,1,4,2305280005,포레포라
g_g000848,1,5,2305280002,집
g_g000861,1,1,2305260001,친구 친지 집
g_g000861,1,2,2305260002,춘향 휴게소 주유소 순천방향
g_g000861,1,3,2305260003,정담다움
g_g000861,1,4,2305260004,순천 자연휴양림
g_g000861,2,1,2305270002,순천 자연휴양림 산책로
g_g000861,2,2,2305270003,2023순천만국제정원박람회
g_g000861,2,3,2305270004,삼백 장
g_g000861,2,4,2305270005,곡성 세계장미축제 향토 장터
g_g000861,2,5,2305270006,큰집 피순대
g_g000861,2,6,2305270007,북 전주농협 하나로마트 로컬푸드
g_g000861,2,7,2305270001,친지 집
g_g000869,1,1,2306020001,집
g_g000869,1,2,2306020002,국립공주 박물관
g_g000869,1,3,2306020003,로컬 파스타
g_g000869,1,4,2306020004,공주 무령왕릉과 왕릉원
g_g000869,1,5,2306020005,웅진백제역사관
g_g000869,1,6,2306020006,공주한옥마을
g_g000869,1,7,2306020007,하루카페
g_g000869,1,8,2306020008,공산성
g_g000869,1,9,2306020009,고마나루 1999
g_g000869,1,10,2306020010,밤이 도넛
g_g000869,1,11,2306020011,공주 호텔
g_g000869,1,12,2306020012,미르 섬
g_g000869,1,13,2306020013,공주 호텔
g_g000869,2,1,2306030002,박물관 옆 돈가스
g_g000869,2,2,2306030003,중동성당
g_g000869,2,3,2306030004,블루프린트 북
g_g000869,2,4,2306030005,루치아의 뜰
g_g000869,2,5,2306030006,가가 상점
g_g000869,2,6,2306030001,집
g_g000892,1,1,2305270001,집
g_g000892,1,2,2305270003,소노벨 변산
g_g000892,1,3,2305270004,항구 포차
g_g000892,1,4,2305270005,격포어촌계 회 센터 B동
g_g000892,1,5,2305270006,채석강 해 변상회
g_g000892,1,6,2305270007,채석강
g_g000892,1,7,2305270008,격포해수욕장
g_g000892,1,8,2305270010,트읫젤변산소노벨점
g_g000892,1,9,2305270009,소노벨 변산
g_g000892,1,10,2305270011,채석강 조개구이 해물탕
g_g000892,1,11,2305270012,굿앤 구스 변산점
g_g000892,1,12,2305270002,소노벨 변산
g_g000892,2,1,2305280001,어부 김밥 커피
g_g000892,2,2,2305280002,소노벨 변산 오션 플레이
g_g000892,2,3,2305280003,우리 돈 내
g_g000892,2,4,2305280004,집
g_g000902,1,1,2305230001,집
g_g000902,1,2,2305230002,석촌역 9호선
g_g000902,1,3,2305230003,고속터미널역 9호선
g_g000902,1,4,2305230004,서울고속버스터미널(경부)
g_g000902,1,5,2305230005,공주종합버스터미널
g_g000902,1,6,2305230006,미르 섬
g_g000902,1,7,2305230007,공산성
g_g000902,1,8,2305230008,망중한 커피 앤 티
g_g000902,1,9,2305230009,커뮤니티 호텔 슬로 크루즈
g_g000902,1,10,2305230010,가가 책방
g_g000902,1,11,2305230011,커뮤니티 호텔 슬로 크루즈
g_g000902,2,1,2305240001,공주 풀꽃 문학관
g_g000902,2,2,2305240002,서천 상회
g_g000902,2,3,2305240003,루치아의 뜰
g_g000902,2,4,2305240004,카페 그리너리 샌드위치
g_g000902,2,5,2305240005,공주종합버스터미널
g_g000902,2,6,2305240006,고속터미널역 9호선
g_g000902,2,7,2305240007,석촌역 9호선
g_g000902,2,8,2305240008,집
g_g000906,1,1,2306030001,집
g_g000906,1,2,2306030002,공주휴게소 당진 방향
g_g000906,1,3,2306030003,웅도 어촌체험마을
g_g000906,1,4,2306030004,머드 맥스 촬영지
g_g000906,1,5,2306030005,벌천포해수욕장
g_g000906,1,6,2306030006,삼길포항
g_g000906,1,7,2306030007,황금산
g_g000906,1,8,2306030008,영농조합법인(한우마을)
g_g000906,1,9,2306030010,숙소
g_g000906,2,1,2306040001,마애 여래삼존상
g_g000906,2,2,2306040002,해미읍성
g_g000906,2,3,2306040003,서산중앙호수공원
g_g000906,2,4,2306040004,집
g_g000907,1,1,2305280001,집
g_g000907,1,2,2305280002,유월드 루지 테마파크
g_g000907,1,3,2305280003,대감게장
g_g000907,1,4,2305280004,포트 타운 카페
g_g000907,1,5,2305280005,남해안 크루즈 관광 미남크루즈
g_g000907,1,6,2305280006,여수 브이원 파크
g_g000907,2,1,2305290002,선데이 베이크 숍
g_g000907,2,2,2305290003,장도
g_g000907,2,3,2305290001,집
g_g000910,1,1,2305270001,집
g_g000910,1,2,2305270002,오창휴게소 남이 방향
g_g000910,1,3,2305270003,나바위 성지
g_g000910,1,4,2305270004,여산 성지 성당
g_g000910,1,5,2305270005,천호성지
g_g000910,1,6,2305270006,전주 깍두기 본점
g_g000910,1,7,2305270007,쿠키 버니니
g_g000910,1,8,2305270008,숲정이 성지
g_g000910,1,9,2305270009,치명자산 성지
g_g000910,1,10,2305270010,감은 채 2
g_g000910,1,11,2305270011,전주한옥마을
g_g000910,1,12,2305270012,풍남문
g_g000910,1,13,2305270013,한벽 집
g_g000910,1,14,2305270014,전주한옥마을
g_g000910,1,15,2305270015,감은 채 2
g_g000910,2,1,2305280001,전동성당
g_g000910,2,2,2305280002,하숙영가마솥비빔밥
g_g000910,2,3,2305280003,초남이성지
g_g000910,2,4,2305280004,되재 성당 지
g_g000910,2,5,2305280005,섬마을 해물칼국수
g_g000910,2,6,2305280006,집
g_g000913,1,1,2305260001,집
g_g000913,1,2,2305260005,춘향 휴게소 순천방향
g_g000913,1,3,2305260002,유월드
g_g000913,1,4,2305260003,쥐라기 어드벤처
g_g000913,1,5,2305260008,이순신광장
g_g000913,1,6,2305260007,여수다
g_g000913,1,7,2305260006,아이스크림옥
g_g000913,1,8,2305260004,유 캐슬호텔
g_g000913,2,1,2305270002,아쿠아플라넷 여수
g_g000913,2,2,2305270001,집
g_g000916,1,1,2305310001,집
g_g000916,1,2,2305310003,원조태평소국밥
g_g000916,1,3,2305310004,한밭수목원
g_g000916,1,4,2305310005,대전시립미술관
g_g000916,1,5,2305310006,성심당 본점
g_g000916,1,6,2305310007,성심당 문화원
g_g000916,1,7,2305310008,오씨칼국수
g_g000916,1,8,2305310002,집
g_g000917,1,1,2305260001,집
g_g000917,1,2,2305260002,오동도
g_g000917,1,3,2305260004,돌산 바다 카페
g_g000917,1,4,2305260003,큰끝 등대
g_g000917,1,5,2305260005,오스티아
g_g000917,1,6,2305260010,여수엑스포 컨벤션 센터
g_g000917,1,7,2305260006,여수 낭만포차 거리
g_g000917,1,8,2305260007,여수국가산단 전망대
g_g000917,1,9,2305260008,섬진강휴게소 부산방향
g_g000917,1,10,2305260009,집
g_g000927,1,1,2306050001,집
g_g000927,1,2,2306050002,의림지 파크랜드
g_g000927,1,3,2306050003,차이나 북경
g_g000927,1,4,2306050004,롯데마트 제천점
g_g000927,1,5,2306050005,제천 워터파크 캠핑 랜드
g_g000927,1,6,2306050006,제천 워터파크 캠핑 랜드
g_g000927,2,1,2306060001,모이까 금릉점
g_g000927,2,2,2306060002,햇살 꼬마김밥(연수 2호점)
g_g000927,2,3,2306060003,충주로 관광선
g_g000927,2,4,2306060004,집
g_g000931,1,1,2306050001,집
g_g000931,1,2,2306050002,오수휴게소 순천방향
g_g000931,1,3,2306050003,화엄사
g_g000931,1,4,2306050004,지리산 수라간
g_g000931,1,5,2306050005,사나래밀
g_g000931,1,6,2306050006,목월 빵집
g_g000931,1,7,2306050007,국립공원공단 지리산 생태탐방원
g_g000931,1,8,2306050008,국립공원공단 지리산 생태탐방원
g_g000931,1,9,2306050009,또 내 오래 구례 화엄사점
g_g000931,1,10,2306050010,국립공원공단 지리산 생태탐방원
g_g000931,1,11,2306050011,국립공원공단 지리산 생태탐방원
g_g000931,2,1,2306060001,국립공원 야생생물보전원 남부 보전센터
g_g000931,2,2,2306060003,요리하는 아빠
g_g000931,2,3,2306060002,섬진강 대나무 숲길
g_g000931,2,4,2306060004,밤톨
g_g000931,2,5,2306060005,화개 장터
g_g000931,2,6,2306060006,벌곡휴게소 대전방향
g_g000931,2,7,2306060007,현대오일뱅크 중촌 셀프주유소
g_g000931,2,8,2306060008,집
g_g000938,1,1,2305270001,친구 친지 집
g_g000938,1,2,2305270002,봉화 식당
g_g000938,1,3,2305270003,순천만 국가정원
g_g000938,1,4,2305270004,샛별 팥죽
g_g000938,1,5,2305270005,아름다운 나날 3차
g_g000939,1,1,2305280001,집
g_g000939,1,2,2305280003,스타벅스 전주 IC DT점
g_g000939,1,3,2305280002,청솔아파트 관리사무소
g_g000939,2,1,2305290001,수목 칼국수
g_g000939,2,2,2305290002,한밭수목원
g_g000939,2,3,2305290003,엑스포공원
g_g000939,2,4,2305290004,스타벅스 대전 만년점
g_g000939,2,5,2305290005,집
g_g000940,1,1,2306030001,집
g_g000940,1,2,2306030002,인월 시장
g_g000940,1,3,2306030003,시장 식당
g_g000940,1,4,2306030004,달빛마루
g_g000940,1,5,2306030005,지리산
g_g000940,1,6,2306030006,이층집 민박
g_g000940,1,7,2306030008,지리산
g_g000940,1,8,2306030007,등구재황토방
g_g000940,1,9,2306030009,이층집 민박
g_g000940,2,1,2306040001,지리산
g_g000940,2,2,2306040002,등구령쉼터
g_g000940,2,3,2306040003,지리산
g_g000940,2,4,2306040004,장가계 중화요리
g_g000940,2,5,2306040005,집
g_g000945,1,1,2306040001,친구 친지 집
g_g000945,1,2,2306040002,조점례남문피순대
g_g000945,1,3,2306040003,전주 남부시장 청년몰
g_g000945,1,4,2306040004,전동성당
g_g000945,1,5,2306040005,전주한옥마을
g_g000945,1,6,2306040006,마시랑게
g_g000945,1,7,2306040007,향수공방 모노센트
g_g000945,1,8,2306040008,풍년제과 본점
g_g000945,1,9,2306040009,한국도로공사 전주수목원
g_g000945,1,10,2306040010,뭇국 뭇국적 식당
g_g000945,1,11,2306040011,광주 용산 계룡리슈빌 더 포레스트 아파트
g_g000946,1,1,2305280001,집
g_g000946,1,2,2305280002,박지도
g_g000946,1,3,2305280004,세계화석광물박물관
g_g000946,1,4,2305280003,집
g_g000947,1,1,2305270001,집
g_g000947,1,2,2305270003,지린성
g_g000947,1,3,2305270004,이성당 본점
g_g000947,1,4,2305270007,경암동 철길마을
g_g000947,1,5,2305270005,군산근대역사박물관
g_g000947,1,6,2305270006,초원 사진
g_g000947,1,7,2305270008,중동 호떡
g_g000947,1,8,2305270009,일제강점기 군산역사관
g_g000947,1,9,2305270010,또또 생곱창
g_g000947,1,10,2305270002,집
g_g000950,1,1,2305310001,집
g_g000950,1,2,2305310002,함안휴게소 순천방향
g_g000950,1,3,2305310003,구례자연드림파크 휴 센터
g_g000950,1,4,2305310004,구례자연드림파크 뒷산 둘레길 산책
g_g000950,1,5,2305310005,구례자연드림파크 휴 펜션
g_g000950,2,1,2306010001,라플라타
g_g000950,2,2,2306010002,6년 전통 손두부 식당
g_g000950,2,3,2306010003,화명 롯데캐슬 카이저 아파트
g_g000951,1,1,2305280001,집
g_g000951,1,2,2305280003,큰 엄니 순댓국 보쌈
g_g000951,1,3,2305280004,독립기념관
g_g000951,1,4,2305280005,천안중앙시장
g_g000951,1,5,2305280006,천안 타운홀 전망대
g_g000951,1,6,2305280007,삼발이
g_g000951,1,7,2305280008,역전 할머니 맥주 천안 두정점
g_g000951,1,8,2305280002,NU 호텔
g_g000951,2,1,2305290002,뚜쥬루 성정점
g_g000951,2,2,2305290003,개성집 유량점
g_g000951,2,3,2305290004,천안천
g_g000951,2,4,2305290005,메가박스 천안
g_g000951,2,5,2305290001,집
g_g000952,1,1,2305280001,집
g_g000952,1,2,2305280003,땅끝 모노레일
g_g000952,1,3,2305280004,4est 수목원
g_g000952,1,4,2305280005,고산 윤선도 유적지
g_g000952,1,5,2305280006,해남군 로컬푸드 직매장
g_g000952,1,6,2305280007,정남 진한 사랑 한우식당
g_g000952,1,7,2305280002,진송 관광호텔
g_g000952,2,1,2305290002,명량 해상 케이블카
g_g000952,2,2,2305290003,우수영 국민관광지
g_g000952,2,3,2305290004,울돌목 스카이워크
g_g000952,2,4,2305290005,보성녹차 휴게소 주유소 광양 방향
g_g000952,2,5,2305290001,집
g_g000957,1,1,2305280001,집
g_g000957,1,2,2305280002,레이지크해비탯
g_g000957,1,3,2305280003,호양이 상점
g_g000957,1,4,2305280004,전라감영
g_g000957,1,5,2305280005,마시랑게
g_g000957,1,6,2305280006,한옥네컷
g_g000957,1,7,2305280007,PNB 풍년제과 본사 직영한 동점
g_g000957,1,8,2305280008,전주왱이콩나물국밥전문점
g_g000957,1,9,2305280009,집
g_g000958,1,1,2305270001,집
g_g000958,1,2,2305270002,청룡사
g_g000958,1,3,2305270003,계룡산 도예촌 웅진이
g_g000958,1,4,2305270004,카페 1378
g_g000958,1,5,2305270005,동학사
g_g000958,1,6,2305270006,김네집
g_g000958,1,7,2305270007,집
g_g000965,1,1,2305270001,집
g_g000965,1,2,2305270003,서천휴게소 목포 방향
g_g000965,1,3,2305270004,드 메르 웨딩홀
g_g000965,1,4,2305270005,유탑 부티크 호텔 레지던스
g_g000965,1,5,2305270006,동이네 막걸리
g_g000965,1,6,2305270007,상무시민공원
g_g000965,1,7,2305270008,맘스터치 광주 상무점
g_g000965,1,8,2305270009,스타벅스
g_g000965,1,9,2305270010,이마트 24 상무유탑호텔점
g_g000965,1,10,2305270002,유탑 부티크 호텔 레지던스
g_g000965,2,1,2305280002,별미 콩나물국밥집
g_g000965,2,2,2305280003,5.18기념공원
g_g000965,2,3,2305280004,5.18민주화운동기록관
g_g000965,2,4,2305280005,광주 보쌈
g_g000965,2,5,2305280006,헤이키커피 충장점
g_g000965,2,6,2305280007,메타 프로방스
g_g000965,2,7,2305280008,담양온천
g_g000965,2,8,2305280009,뚝방국수
g_g000965,2,9,2305280001,집
g_g000967,1,1,2305270001,집
g_g000967,1,2,2305270002,용천 막국수 본점
g_g000967,1,3,2305270003,원각사
g_g000967,1,4,2305270004,친구 집
g_g000967,1,5,2305270005,의림지 역사박물관
g_g000967,1,6,2305270006,의림지 파크랜드
g_g000967,1,7,2305270007,의림지
g_g000967,1,8,2305270008,레인 모텔
g_g000967,2,1,2305280001,이슈 마라 홍탕 제천점
g_g000967,2,2,2305280002,제천시민공원
g_g000967,2,3,2305280003,카페 위 라이크
g_g000967,2,4,2305280006,친구 집
g_g000967,2,5,2305280005,제천 고속버스터미널
g_g000967,2,6,2305280004,집
g_g000974,1,1,2306010001,집
g_g000974,1,2,2306010003,카페 그리너리 샌드위치
g_g000974,1,3,2306010004,공산성
g_g000974,1,4,2306010005,공다방
g_g000974,1,5,2306010006,공주한옥마을
g_g000974,1,6,2306010007,공주 무령왕릉과 왕릉원
g_g000974,1,7,2306010008,달빛정원 한옥 게스트하우스
g_g000974,1,8,2306010009,고마나루 1999
g_g000974,1,9,2306010010,베이커리 밤마을
g_g000974,1,10,2306010011,공산성
g_g000974,1,11,2306010002,달빛정원 한옥 게스트하우스
g_g000974,2,1,2306020002,공주 메타세쿼이아숲길
g_g000974,2,2,2306020003,카페 그리너리 샌드위치
g_g000974,2,3,2306020004,국립공주 박물관
g_g000974,2,4,2306020005,시장 정육점 식당
g_g000974,2,5,2306020006,던킨 공주터미널점
g_g000974,2,6,2306020001,집
g_g000980,1,1,2305280001,집
g_g000980,1,2,2305280002,샤브 마니아 청주 동남점
g_g000980,1,3,2305280003,청주동물원
g_g000980,1,4,2305280004,청주랜드 어린이 회관 나비생태관
g_g000980,1,5,2305280005,청주랜드 어린이 회관 제3전시관
g_g000980,1,6,2305280006,청주랜드 어린이 회관 제1전시관
g_g000980,1,7,2305280007,육거리종합시장
g_g000980,1,8,2305280008,산남주공 3단지 아파트
g_g000980,1,9,2305280009,집
g_g000983,1,1,2305300001,집
g_g000983,1,2,2305300002,아우내 한방 순대
g_g000983,1,3,2305300003,독립기념관 캠핑장
g_g000983,1,4,2305300004,독립기념관 겨레의 큰 마당
g_g000983,1,5,2305300005,독립기념관 캠핑장
g_g000983,2,1,2305310001,왕 꼬막 나라
g_g000983,2,2,2305310002,천안종합휴양관광지
g_g000983,2,3,2305310003,집
g_g000986,1,1,2306040001,집
g_g000986,1,2,2306040002,리베라 스위트 빌 아파트
g_g000986,1,3,2306040003,진산 메밀막국수
g_g000986,1,4,2306040004,대둔산 자연휴양림
g_g000986,1,5,2306040005,진산 농협 하나로마트
g_g000986,1,6,2306040006,스테이 인터뷰 금산
g_g000986,2,1,2306050001,금산 이치 대첩지
g_g000986,2,2,2306050002,애월담
g_g000986,2,3,2306050003,교보문고 대전점
g_g000986,2,4,2306050004,집
g_g000987,1,1,2306030001,집
g_g000987,1,2,2306030002,스타벅스 전주 효천 DT
g_g000987,1,3,2306030003,소믈리에
g_g000987,1,4,2306030004,마사 커피
g_g000987,1,5,2306030005,변산 마실길 1코스(저 개미 패총기)
g_g000987,1,6,2306030006,피목 미술관
g_g000987,1,7,2306030007,현정이네 횟집
g_g000987,1,8,2306030008,변산해수욕장
g_g000987,1,9,2306030009,부안농협 하나로마트 본점
g_g000987,1,10,2306030010,벨리 노보텔
g_g000987,2,1,2306040001,채석강
g_g000987,2,2,2306040002,할미 피순대
g_g000987,2,3,2306040003,핀 아드리
g_g000987,2,4,2306040004,집
g_g000988,1,1,2305270001,집
g_g000988,1,2,2305270002,불타는 용궁 짬뽕 본점
g_g000988,1,3,2305270003,화순 고인돌 유적
g_g000988,1,4,2305270004,화순하다
g_g000988,1,5,2305270005,집
g_g000989,1,1,2305270001,집
g_g000989,1,2,2305270002,지인 집(픽업)
g_g000989,1,3,2305270003,이사부 중화요리 전문점
g_g000989,1,4,2305270004,군산근대역사박물관 근대미술관 조선은행
g_g000989,1,5,2305270005,드르쿰다From 제주 군산점
g_g000989,1,6,2305270006,호텔 G7 군산 4호점
g_g000989,1,7,2305270007,롯데마트 군산점
g_g000989,1,8,2305270008,호텔 G7 군산 4호점
g_g000989,2,1,2305280001,뽀빠이 냉면
g_g000989,2,2,2305280002,신흥동 일본식 가옥
g_g000989,2,3,2305280003,선유도해수욕장
g_g000989,2,4,2305280004,라파르테라스
g_g000989,2,5,2305280005,신시 1사거리
g_g000989,2,6,2305280006,집
g_g000991,1,1,2305300001,집
g_g000991,1,2,2305300003,봉이면옥
g_g000991,1,3,2305300004,남원시립 김병종 미술관
g_g000991,1,4,2305300005,남원 예천 by 켄싱턴
g_g000991,1,5,2305300006,광한루원
g_g000991,1,6,2305300007,그랑 깨 등 일대
g_g000991,1,7,2305300008,광한루원 야간
g_g000991,1,8,2305300009,조선 치킨 남원점
g_g000991,1,9,2305300010,CU 남원중앙점
g_g000991,1,10,2305300002,남원 예천 by 켄싱턴
g_g000991,2,1,2305310002,명문제과
g_g000991,2,2,2305310003,남원다움과
g_g000991,2,3,2305310004,남원시립 김병종 미술관
g_g000991,2,4,2305310001,집
g_g000996,1,1,2305240001,집
g_g000996,1,2,2305240002,서울고속버스터미널(경부)
g_g000996,1,3,2305240003,세종 국무조정실
g_g000996,1,4,2305240004,제주면 장 세종청사점
g_g000996,1,5,2305240005,국립세종수목원
g_g000996,1,6,2305240006,헤이믈
g_g000996,1,7,2305240007,날라리 꼬마김밥 세종 고운점
g_g000996,1,8,2305240008,세종 호수공원
g_g000996,1,9,2305240009,정부세종청사 정류장
g_g000996,1,10,2305240010,서울고속버스터미널(경부)
g_g000996,1,11,2305240011,집
g_g001000,1,1,2306020001,사무실
g_g001000,1,2,2306020003,태조 궁
g_g001000,1,3,2306020004,베테랑
g_g001000,1,4,2306020005,다우랑 1호점
g_g001000,1,5,2306020006,마시랑게
g_g001000,1,6,2306020007,전주 남부시장 한옥마을 야시장
g_g001000,1,7,2306020002,태조 궁
g_g001000,2,1,2306030001,조점례남문피순대
g_g001000,2,2,2306030002,교동 십원빵 전주한옥마을 본점
g_g001000,2,3,2306030003,경기전
g_g001000,2,4,2306030004,이르리
g_g001000,2,5,2306030005,카카오 프렌즈 전주한옥마을점
g_g001000,2,6,2306030006,가족회관
g_g001000,2,7,2306030007,전주역
g_g001000,2,8,2306030008,상계주공 16단지 아파트
g_g001002,1,1,2305260001,집
g_g001002,1,2,2305260002,예산휴게소 당진 방향
g_g001002,1,3,2305260003,치비카츠
g_g001002,1,4,2305260004,웅도 제1 이 두 교
g_g001002,1,5,2305260005,두칼레 호텔
g_g001002,2,1,2305270001,신정 식당
g_g001002,2,2,2305270002,웅도 제1 이 두 교
g_g001002,2,3,2305270003,카페 모월
g_g001002,2,4,2305270004,신풍 휴게소 상주방향
g_g001002,2,5,2305270005,여자친구 집
g_g001006,1,1,2305260001,사무실
g_g001006,1,2,2305260002,마장 프리미엄 휴게소 주차장 2
g_g001006,1,3,2305260003,오씨칼국수
g_g001006,1,4,2305260004,한밭수목원
g_g001006,1,5,2305260005,유성호텔
g_g001006,1,6,2305260006,마시내 탕수육
g_g001006,1,7,2305260008,유성호텔
g_g001006,2,1,2305270001,르 뺑 99-1
g_g001006,2,2,2305270002,위아래 복집
g_g001006,2,3,2305270003,성심당 본점
g_g001006,2,4,2305270004,농민 순대
g_g001006,2,5,2305270005,서울 물 재생시설공단
g_g001008,1,1,2305280001,집
g_g001008,1,2,2305280002,벌교 금융조합
g_g001008,1,3,2305280003,보성여관
g_g001008,1,4,2305280004,윤제림
g_g001008,2,1,2305290002,주월산패러글라이딩장
g_g001008,2,2,2305290001,집
g_g001010,1,1,2305260001,집
g_g001010,1,2,2305260002,샘머리공원
g_g001010,1,3,2305260003,보라매공원
g_g001010,1,4,2305260004,만청
g_g001010,1,5,2305260005,엑스포과학공원 한빛탑
g_g001010,1,6,2305260006,집
g_g001016,1,1,2305270001,집
g_g001016,1,2,2305270002,동대구역
g_g001016,1,3,2305270003,대전역
g_g001016,1,4,2305270004,오씨칼국수
g_g001016,1,5,2305270005,알로 하여 녹
g_g001016,1,6,2305270006,성심당 문화원
g_g001016,1,7,2305270007,So 에스닷
g_g001016,1,8,2305270008,호맥 대흥점
g_g001016,1,9,2305270009,머스탱
g_g001016,1,10,2305270010,대전역
g_g001016,1,11,2305270011,서대구 역
g_g001016,1,12,2305270012,집
g_g001019,1,1,2305270001,집
g_g001019,1,2,2305270002,대전 오월드
g_g001019,1,3,2305270003,라마다호텔 대전
g_g001019,2,1,2305280001,원조태평소국밥 별관
g_g001019,2,2,2305280002,성심당 본점
g_g001019,2,3,2305280003,집
g_g001022,1,1,2306060001,집
g_g001022,1,2,2306060002,계룡스파텔 대온천 탕
g_g001022,1,3,2306060003,호우섬 신세계 아트앤사이언스점
g_g001022,1,4,2306060004,대전엑스포 아쿠아리움
g_g001022,1,5,2306060005,르프리크
g_g001022,1,6,2306060006,대청호
g_g001022,1,7,2306060007,레지던스 호텔라인
g_g001022,2,1,2306070001,집
g_g001025,1,1,2305270001,집
g_g001025,1,2,2305270002,금산만악리수목원 오토캠핑장
g_g001025,2,1,2305280001,천하
g_g001025,2,2,2305280002,카페 흰 바우
g_g001025,2,3,2305280003,집
g_g001026,1,1,2305270001,집
g_g001026,1,2,2305270003,예산 상설시장
g_g001026,1,3,2305270004,예당 저수지
g_g001026,1,4,2305270002,집
g_g001030,1,1,2305280001,집
g_g001030,1,2,2305280002,색동두부
g_g001030,1,3,2305280003,설화
g_g001030,1,4,2305280004,키즈 라라
g_g001030,1,5,2305280005,빵을 쇼핑하다
g_g001030,1,6,2305280006,집
g_g001032,1,1,2305270001,집
g_g001032,1,2,2305270002,옥정호 구절초 테마공원
g_g001032,1,3,2305270003,양자강
g_g001032,1,4,2305270004,전설의 쌍화차 거리
g_g001032,1,5,2305270005,집
g_g001034,1,1,2305280001,집
g_g001034,1,2,2305280003,주유소
g_g001034,1,3,2305280004,무안 낙지공원
g_g001034,1,4,2305280006,무안종합병원
g_g001034,1,5,2305280007,무안 무안읍 백로로
g_g001034,1,6,2305280005,한양 숯불갈비
g_g001034,1,7,2305280008,송현 상회
g_g001034,1,8,2305280002,집
g_g001035,1,1,2305260001,집
g_g001035,1,2,2305260002,롯데 아웃렛 청주점
g_g001035,1,3,2305260003,행복한 참 코다리 비하점
g_g001035,1,4,2305260004,뚜레쥬르 청주공단오거리점
g_g001035,1,5,2305260005,참뼈감자탕 음성점
g_g001035,1,6,2305260006,집
g_g001040,1,1,2306040001,집
g_g001040,1,2,2306040002,송가 짬뽕
g_g001040,1,3,2306040003,초원 사진관
g_g001040,1,4,2306040004,신흥동 일본식 가옥
g_g001040,1,5,2306040005,구 조선 식량영단 군산출장소
g_g001040,1,6,2306040006,옛 군산세관
g_g001040,1,7,2306040007,경암동 철길마을
g_g001040,1,8,2306040008,해넘이 휴게소
g_g001040,1,9,2306040010,노을 바다 펜션
g_g001040,2,1,2306050001,선유도해수욕장
g_g001040,2,2,2306050002,무녀도 갈매기
g_g001040,2,3,2306050003,커피홀릭
g_g001040,2,4,2306050004,집
g_g001041,1,1,2305280001,집
g_g001041,1,2,2305280002,군산 생선 명가
g_g001041,1,3,2305280003,군산근대역사박물관
g_g001041,1,4,2305280004,카페먹방이와친구들
g_g001041,1,5,2305280005,더 갈비 구암점
g_g001041,1,6,2305280006,군산 스테이 관광호텔
g_g001041,2,1,2305290001,테디베어뮤지엄 군산점
g_g001041,2,2,2305290002,드르쿰다From 제주 군산점
g_g001041,2,3,2305290003,장국 명가
g_g001041,2,4,2305290004,집
g_g001046,1,1,2305280001,집
g_g001046,1,2,2305280002,궁동 로데오거리
g_g001046,1,3,2305280003,이응노미술관
g_g001046,1,4,2305280004,한밭수목원
g_g001046,1,5,2305280005,베스타 뷔페
g_g001046,1,6,2305280006,에이트
g_g001046,1,7,2305280007,집
g_g001047,1,1,2305260001,집
g_g001047,1,2,2305260002,정가 한옥
g_g001047,1,3,2305260003,전주한옥마을
g_g001047,1,4,2305260004,경기전
g_g001047,1,5,2305260005,꽃가마
g_g001047,1,6,2305260007,정가 한옥
g_g001047,1,7,2305260006,지복점
g_g001047,1,8,2305260009,전주한옥마을
g_g001047,1,9,2305260010,초원 편의점
g_g001047,1,10,2305260008,정가 한옥
g_g001047,2,1,2305270001,PNB 풍년제과 전주 본점
g_g001047,2,2,2305270002,미가옥
g_g001047,2,3,2305270004,한국도로공사 전주수목원
g_g001047,2,4,2305270003,집
g_g001048,1,1,2306030001,집
g_g001048,1,2,2306030002,충남 천안 광덕산 광덕사
g_g001048,1,3,2306030003,외암민속마을
g_g001048,1,4,2306030004,지중해마을
g_g001048,1,5,2306030005,파라다이스 스파 도고
g_g001048,1,6,2306030006,정다운 집
g_g001048,1,7,2306030011,호텔 태그
g_g001048,2,1,2306040001,중화 대 반점
g_g001048,2,2,2306040002,삽교호 놀이공원
g_g001048,2,3,2306040003,앵무 세상
g_g001048,2,4,2306040004,집
g_g001050,1,1,2305270001,집
g_g001050,1,2,2305270002,국립세종수목원
g_g001050,1,3,2305270003,영평사
g_g001050,1,4,2305270004,집
g_g001052,1,1,2305270001,집
g_g001052,1,2,2305270002,천안중앙시장
g_g001052,1,3,2305270003,신세계백화점 천안아산점
g_g001052,1,4,2305270004,아라리오갤러리 천안
g_g001052,1,5,2305270005,뚜쥬루 돌가마점
g_g001052,1,6,2305270006,천안 짬뽕 작전
g_g001052,1,7,2305270007,집
g_g001053,1,1,2305280001,집
g_g001053,1,2,2305280002,영등포역
g_g001053,1,3,2305280006,곡성 세계장미축제
g_g001053,1,4,2305280005,미카 129
g_g001053,1,5,2305280004,청계동
g_g001053,1,6,2305280003,곡성역
g_g001053,1,7,2305280007,나랑드 2호점
g_g001053,1,8,2305280008,곡성기차 마을 게스트하우스
g_g001053,1,9,2305280009,침실 습지
g_g001053,1,10,2305280010,주목 소머리국밥
g_g001053,1,11,2305280011,곡성 성당
g_g001053,1,12,2305280012,곡성기차 마을 게스트하우스
g_g001053,2,1,2305290001,곡성역
g_g001053,2,2,2305290002,익산역
g_g001053,2,3,2305290003,집
g_g001056,1,1,2306090001,집
g_g001056,1,2,2306090002,소노벨 천안 오션 어드벤처
g_g001056,1,3,2306090003,닭삼백집
g_g001056,1,4,2306090004,투썸플레이스 소노벨 천안점
g_g001056,1,5,2306090005,소노벨 천안
g_g001056,2,1,2306100001,독립기념관
g_g001056,2,2,2306100002,뚜쥬루 돌가마점
g_g001056,2,3,2306100003,천안 타운홀 전망대
g_g001056,2,4,2306100004,집
g_g001063,1,1,2305280001,집
g_g001063,1,2,2305280004,루트비
g_g001063,1,3,2305280003,엑스포과학공원
g_g001063,1,4,2305280005,국립 중앙과학관
g_g001063,1,5,2305280007,호텔 스카이파크 대전 1호점
g_g001063,1,6,2305280006,교동 면옥 대 전관 평점
g_g001063,1,7,2305280002,호텔 스카이파크 대전 1호점
g_g001063,2,1,2305290002,성심당 본점
g_g001063,2,2,2305290003,비범
g_g001063,2,3,2305290004,양갱갱갱
g_g001063,2,4,2305290001,집
g_g001068,1,1,2305270001,집
g_g001068,1,2,2305270002,치악휴게소 부산방향
g_g001068,1,3,2305270003,소백산국립공원 어의곡코스
g_g001068,1,4,2305270004,단양구경시장
g_g001068,1,5,2305270005,만천하 스카이워크
g_g001068,1,6,2305270008,카페 산
g_g001068,1,7,2305270006,시현 미가 고깃집
g_g001068,1,8,2305270007,집
g_g001070,1,1,2305270001,집
g_g001070,1,2,2305270002,부모님댁
g_g001070,1,3,2305270003,숲속 장수촌 본점
g_g001070,1,4,2305270004,우림 정원
g_g001070,1,5,2305270005,게으른 악어
g_g001070,1,6,2305270006,통나무 묵집
g_g001070,1,7,2305270007,부모님댁
g_g001070,1,8,2305270008,집
g_g001077,1,1,2306030001,사무실
g_g001077,1,2,2306030002,이마트 서산점
g_g001077,1,3,2306030005,믿음 가득 주유소
g_g001077,1,4,2306030006,신태라
g_g001077,1,5,2306030007,100번지
g_g001077,1,6,2306030003,만리포 솔밭 수련원 캠핑장
g_g001077,1,7,2306030004,만리포해수욕장
g_g001077,1,8,2306030008,만리포 솔밭 수련원 캠핑장
g_g001077,2,1,2306040001,야탑역 광장
g_g001086,1,1,2306030001,집
g_g001086,1,2,2306030002,국립공주 박물관
g_g001086,1,3,2306030003,웅진백제역사관
g_g001086,1,4,2306030004,공주 무령왕릉과 왕릉원
g_g001086,1,5,2306030005,공주 정기산 백제 유적
g_g001086,1,6,2306030006,자연에서 온 비빔밥
g_g001086,1,7,2306030007,황새바위 성지
g_g001086,1,8,2306030008,공산성
g_g001086,1,9,2306030009,하루
g_g001086,1,10,2306030010,공주 산성시장 문화공원
g_g001086,1,11,2306030011,수 모텔
g_g001086,2,1,2306040001,24시 전주 명가 콩나물국밥
g_g001086,2,2,2306040002,박찬호 골목길
g_g001086,2,3,2306040003,공주 효심공원
g_g001086,2,4,2306040004,충청남도 역사박물관
g_g001086,2,5,2306040005,중동성당
g_g001086,2,6,2306040006,공주 독립운동 기념관
g_g001086,2,7,2306040007,양반 찜 갈비
g_g001086,2,8,2306040008,공주 풀꽃 문학관
g_g001086,2,9,2306040009,망중한 커피 앤 티
g_g001086,2,10,2306040010,미르 섬
g_g001086,2,11,2306040011,공주종합버스터미널
g_g001086,2,12,2306040012,집
g_g001100,1,1,2305280001,집
g_g001100,1,2,2305280002,명륜진사갈비 세종 조치원점
g_g001100,1,3,2305280003,코드 야드 바이 메리어트 세종
g_g001100,1,4,2305280004,우주옥
g_g001100,1,5,2305280005,도램마을13단지아파트
g_g001100,1,6,2305280006,세종 호수공원
g_g001100,1,7,2305280007,코드 야드 바이 메리어트 세종
g_g001100,2,1,2305290001,홈플러스 세종점
g_g001100,2,2,2305290002,눈꽃 대패 세종점
g_g001100,2,3,2305290003,엠큐브 세종점
g_g001100,2,4,2305290004,도램마을13단지아파트
g_g001100,2,5,2305290005,집
g_g001103,1,1,2305270001,집
g_g001103,1,2,2305270002,서울고속버스터미널(경부)
g_g001103,1,3,2305270003,가락 마을 5단지 아파트
g_g001103,1,4,2305270011,가락 마을 5단지 아파트
g_g001103,2,1,2305280002,천년의 정원
g_g001103,2,2,2305280003,장평보 유원지
g_g001103,2,3,2305280004,엑스포과학공원
g_g001103,2,4,2305280005,렌토
g_g001103,2,5,2305280006,대전 신세계 아트앤사이언스
g_g001103,2,6,2305280007,가락 마을 5단지 아파트
g_g001103,2,7,2305280008,오송역
g_g001103,2,8,2305280001,집
g_g001104,1,1,2306030001,집
g_g001104,1,2,2306030003,대천항 수산시장
g_g001104,1,3,2306030004,S 마트
g_g001104,1,4,2306030002,대천 스토리
g_g001104,2,1,2306040002,대천해수욕장
g_g001104,2,2,2306040003,카페 그랑블루
g_g001104,2,3,2306040001,집
g_g001106,1,1,2306040001,친구 친지 집
g_g001106,1,2,2306040002,손수 차림
g_g001106,1,3,2306040003,공주 살롱
g_g001106,1,4,2306040004,임립미술관
g_g001106,1,5,2306040005,공주 메타세쿼이아숲길
g_g001106,1,6,2306040006,공주 월송 엘에이치 천 년 나무 4단지 아파트
g_g001106,1,7,2306040007,팔팔 무쇠 삼겹
g_g001106,1,8,2306040008,공주 월송 엘에이치 천 년 나무 4단지 아파트
g_g001106,2,1,2306050001,공주교육대학교
g_g001106,2,2,2306050002,제민천
g_g001106,2,3,2306050003,공주 하숙 마을
g_g001106,2,4,2306050004,바흐
g_g001106,2,5,2306050005,의정부 부대찌개
g_g001106,2,6,2306050006,엘리 커피
g_g001106,2,7,2306050007,양지마을 아파트
g_g001107,1,1,2306040001,집
g_g001107,1,2,2306040002,옛날 두부
g_g001107,1,3,2306040003,화순 국화 향연
g_g001107,1,4,2306040004,퓨즈 커피
g_g001107,1,5,2306040005,도곡농협 로컬푸드 스마트팜 도농상생 센터
g_g001107,1,6,2306040006,집
g_g001109,1,1,2305280001,집
g_g001109,1,2,2305280002,파라다이스 스파 도고
g_g001109,1,3,2305280005,더 위트도고
g_g001109,2,1,2305290001,지중해마을
g_g001109,2,2,2305290002,집
g_g001111,1,1,2305260001,집
g_g001111,1,2,2305260002,포레스트 리솜
g_g001111,1,3,2305260003,카우보이 그릴
g_g001111,1,4,2305260004,포레스트 리솜
g_g001111,2,1,2305270001,레스트리리솜 몬도 키친
g_g001111,2,2,2305270002,포레스트 리솜 해브나인스파
g_g001111,2,3,2305270003,용천 막국수 본점
g_g001111,2,4,2305270004,쁘띠 샹들리에
g_g001111,2,5,2305270005,집
g_g001112,1,1,2305280001,집
g_g001112,1,2,2305280002,꽃동 게장 1번가
g_g001112,1,3,2305280003,하얀 파도
g_g001112,1,4,2305280004,헤이븐 호텔
g_g001112,1,5,2305280005,한군에 88
g_g001112,1,6,2305280006,헤이븐 호텔
g_g001112,2,1,2305290001,여수 돼지국밥
g_g001112,2,2,2305290002,학동 커피
g_g001112,2,3,2305290003,장도
g_g001112,2,4,2305290004,쌍용아파트
g_g001113,1,1,2306030001,집
g_g001113,1,2,2306030002,서리서리 세종 나성점
g_g001113,1,3,2306030003,성심당 DCC점
g_g001113,1,4,2306030004,엑스포시민광장
g_g001113,1,5,2306030005,대주파크빌 아파트
g_g001113,2,1,2306040001,해피 버스데이
g_g001113,2,2,2306040002,집
g_g001114,1,1,2305270001,집
g_g001114,1,2,2305270002,국립대전현충원
g_g001114,1,3,2305270003,청송 한우타운
g_g001114,1,4,2305270004,성심당 본점
g_g001114,1,5,2305270005,대전 신세계 아트앤사이언스
g_g001114,1,6,2305270006,한빛탑 광장
g_g001114,1,7,2305270007,렉시 호텔
g_g001114,2,1,2305280001,원조태평소국밥
g_g001114,2,2,2305280003,예산 상설시장
g_g001114,2,3,2305280002,집
g_g001118,1,1,2305260001,집
g_g001118,1,2,2305260002,라멘 티스트
g_g001118,1,3,2305260003,여행자의 zip
g_g001118,1,4,2305260006,1913 송정역시장
g_g001118,1,5,2305260004,국립아시아문화전당 하늘마당
g_g001118,1,6,2305260005,국립아시아문화전당
g_g001118,1,7,2305260007,레포츠 카페 앤 피씨
g_g001118,1,8,2305260008,송정 뜰 안 애 오피스텔
g_g001118,2,1,2305270001,광주송정역
g_g001118,2,2,2305270002,화순역
g_g001118,2,3,2305270003,집
g_g001124,1,1,2306060001,집
g_g001124,1,2,2306060003,광명역
g_g001124,1,3,2306060004,공주역
g_g001124,1,4,2306060005,공주종합버스터미널
g_g001124,1,5,2306060006,신관 짬뽕
g_g001124,1,6,2306060007,미세스피베리
g_g001124,1,7,2306060008,수 모텔
g_g001124,1,8,2306060009,박찬호 기념관
g_g001124,1,9,2306060010,황새바위 성지
g_g001124,1,10,2306060011,공주알밤 센터
g_g001124,1,11,2306060012,수 모텔
g_g001124,1,12,2306060013,은강교
g_g001124,1,13,2306060014,노걸대 감자탕 공주점
g_g001124,1,14,2306060002,수 모텔
g_g001124,2,1,2306070002,더 케이지
g_g001124,2,2,2306070003,수 모텔
g_g001124,2,3,2306070004,24시 전주 명가 콩나물국밥 공주점
g_g001124,2,4,2306070007,공주 무령왕릉과 왕릉원
g_g001124,2,5,2306070005,수 모텔
g_g001124,2,6,2306070006,공산성
g_g001124,2,7,2306070008,국립공주 박물관
g_g001124,2,8,2306070009,밤이 도넛
g_g001124,2,9,2306070010,나태주 골목길
g_g001124,2,10,2306070011,예가촌
g_g001124,2,11,2306070012,시내버스터미널
g_g001124,2,12,2306070013,공주 역
g_g001124,2,13,2306070001,집
g_g001129,1,1,2305270001,집
g_g001129,1,2,2305270002,감나무집 논산점
g_g001129,1,3,2305270003,커피 인터뷰 강경 구락부점
g_g001129,1,4,2305270004,집
g_g001132,1,1,2306030001,집
g_g001132,1,2,2306030002,서울고속버스터미널(경부)
g_g001132,1,3,2306030003,패러 이야기
g_g001132,1,4,2306030004,카페 산
g_g001132,1,5,2306030005,고수동굴
g_g001132,1,6,2306030006,단양구경시장
g_g001132,1,7,2306030007,단양 포시즌 카라반
g_g001132,2,1,2306040001,구인사
g_g001132,2,2,2306040002,도담삼봉
g_g001132,2,3,2306040003,단양 민물매운탕 쏘가리
g_g001132,2,4,2306040004,단양 시외버스 공용터미널
g_g001132,2,5,2306040005,집
g_g001133,1,1,2306070001,집
g_g001133,1,2,2306070002,남일 밸리 골프클럽
g_g001133,1,3,2306070003,남구
g_g001133,1,4,2306070004,이인 휴게소 천안 방향
g_g001133,1,5,2306070005,담을 과
g_g001133,1,6,2306070006,전주 시그니처 호텔
g_g001133,1,7,2306070008,금빛 한우
g_g001133,1,8,2306070007,전주한옥마을
g_g001133,1,9,2306070009,전주 시그니처 호텔
g_g001133,2,1,2306080001,더 폴 센트럴
g_g001133,2,2,2306080002,우리 동네 와인 슈퍼
g_g001133,2,3,2306080003,버그나 길 13.5
g_g001133,2,4,2306080004,공세리 성지
g_g001133,2,5,2306080005,집
g_g001135,1,1,2305270001,집
g_g001135,1,2,2305270003,선경 준치 횟집
g_g001135,1,3,2305270004,목포 해상 케이블카 북항 승강장 주차장
g_g001135,1,4,2305270007,목포근대역사관 2관
g_g001135,1,5,2305270005,가비 1935
g_g001135,1,6,2305270008,장터 본점
g_g001135,1,7,2305270006,목포근대역사관 1관
g_g001135,1,8,2305270010,목포 갓바위
g_g001135,1,9,2305270011,목포 춤추는 바다분수
g_g001135,1,10,2305270002,집
g_g001136,1,1,2305270001,집
g_g001136,1,2,2305270002,천태산 등산 코스
g_g001136,1,3,2305270003,천태산 영국사
g_g001136,1,4,2305270004,문정식당
g_g001136,1,5,2305270005,집
g_g001138,1,1,2306020001,집
g_g001138,1,2,2306020002,국립속리산말티재자연휴양림
g_g001138,2,1,2306030001,말티재 전망대
g_g001138,2,2,2306030002,정이품송공원
g_g001138,2,3,2306030003,법주사
g_g001138,2,4,2306030004,집
g_g001144,1,1,2305280001,집
g_g001144,1,2,2305280002,순(SOON)
g_g001144,1,3,2305280003,상당산성
g_g001144,1,4,2305280004,싱킹 컵 성화점
g_g001144,1,5,2305280005,켄싱턴리조트 충주
g_g001144,2,1,2305290002,활옷 동굴
g_g001144,2,2,2305290001,비내섬
g_g001144,2,3,2305290003,게으른 악어
g_g001144,2,4,2305290004,중앙탑뚱감자막국수
g_g001144,2,5,2305290005,집
g_g001147,1,1,2306070001,집
g_g001147,1,2,2306070003,전주한옥마을 대성 공영주차장
g_g001147,1,3,2306070004,전주자연생태관 (휴관 중)
g_g001147,1,4,2306070005,전주한옥마을
g_g001147,1,5,2306070006,기지 제수변공원
g_g001147,1,6,2306070002,차박
g_g001147,2,1,2306080001,삼원 보석사우나
g_g001147,2,2,2306080002,남부시장 주차장
g_g001147,2,3,2306080003,자만 벽화마을
g_g001147,2,4,2306080004,태평 문화공원
g_g001147,2,5,2306080005,BHC치킨 전주서 학점
g_g001147,2,6,2306080006,전주한옥마을 대성 공영주차장
g_g001148,1,1,2306050001,집
g_g001148,1,2,2306050002,여우별
g_g001148,1,3,2306050003,한일제면소
g_g001148,1,4,2306050004,금성농협 본점
g_g001148,1,5,2306050005,카페 붐
g_g001148,1,6,2306050006,청풍호 관광 모노레일
g_g001148,1,7,2306050007,청풍 호반 케이블카 비봉산역
g_g001148,1,8,2306050008,약채로 성현 한정식
g_g001148,1,9,2306050009,청풍리조트 힐하우스
g_g001148,2,1,2306060001,커피 라크
g_g001148,2,2,2306060002,청풍 황금 떡갈비
g_g001148,2,3,2306060003,청풍호 유람선
g_g001148,2,4,2306060004,여우별
g_g001148,2,5,2306060005,집
g_g001151,1,1,2305270001,집
g_g001151,1,2,2305270002,송호관광지
g_g001151,1,3,2305270003,카페랑
g_g001151,1,4,2305270004,천태산 영국사
g_g001151,1,5,2305270005,모녀 손만두
g_g001151,1,6,2305270006,집
g_g001154,1,1,2306030001,집
g_g001154,1,2,2306030002,칠곡휴게소 서울 방향
g_g001154,1,3,2306030003,다래 호텔
g_g001154,2,1,2306040001,다래 식당
g_g001154,2,2,2306040002,속리산 레포츠
g_g001154,2,3,2306040003,속리산 자생식물원
g_g001154,2,4,2306040004,말티재 전망대
g_g001154,2,5,2306040005,로터스 블로섬 속리산점
g_g001154,2,6,2306040006,속리산 체험학습관
g_g001154,2,7,2306040007,법주사
g_g001154,2,8,2306040008,꺼꾸리 웰빙 손칼국수
g_g001154,2,9,2306040009,집
g_g001156,1,1,2306020001,사무실
g_g001156,1,2,2306020002,덕평자연휴게소 강릉방향
g_g001156,1,3,2306020003,제천 금성농협 하나로마트 본점
g_g001156,1,4,2306020004,청풍 호반 오토캠핑장
g_g001156,2,1,2306030001,이마트 수지점
g_g001161,1,1,2305270001,집
g_g001161,1,2,2305270002,서울역
g_g001161,1,3,2305270003,대전역
g_g001161,1,4,2305270004,성심당 대전역점
g_g001161,1,5,2305270005,유성호텔
g_g001161,1,6,2305270006,S 가든 웨딩홀
g_g001161,1,7,2305270007,유성호텔
g_g001161,1,8,2305270008,유성온천공원
g_g001161,1,9,2305270010,알텐데
g_g001161,1,10,2305270009,유성호텔
g_g001161,1,11,2305270011,유성호텔
g_g001161,2,1,2305280001,서대전역
g_g001161,2,2,2305280002,정읍역
g_g001161,2,3,2305280003,내장산국립공원
g_g001161,2,4,2305280004,차오름
g_g001161,2,5,2305280005,정읍역 주차장
g_g001161,2,6,2305280006,용산역
g_g001161,2,7,2305280007,집
g_g001164,1,1,2306030001,사무실
g_g001164,1,2,2306030002,대정 칼국수 월명 지점
g_g001164,1,3,2306030003,자주적 관람
g_g001164,1,4,2306030004,빵쌤 군산 시청점
g_g001164,1,5,2306030005,선유도해수욕장
g_g001164,1,6,2306030006,고래 포차
g_g001164,1,7,2306030007,장자도
g_g001164,1,8,2306030008,지오 호텔
g_g001164,1,9,2306030009,은파호수공원
g_g001164,1,10,2306030010,지오 호텔
g_g001164,2,1,2306040001,은파호수공원
g_g001164,2,2,2306040002,맷돌방 식당
g_g001164,2,3,2306040003,진포해양테마공원
g_g001164,2,4,2306040004,중동 호떡
g_g001164,2,5,2306040005,대우타워 아파트
g_g001166,1,1,2305280001,집
g_g001166,1,2,2305280002,국립세종수목원
g_g001166,1,3,2305280003,세종 호수공원
g_g001166,1,4,2305280004,국립세종 도서관
g_g001166,1,5,2305280005,올라 이 부스
g_g001166,1,6,2305280006,집
g_g001169,1,1,2305300001,집
g_g001169,1,2,2305300002,기흥휴게소 부산방향
g_g001169,1,3,2305300003,수생식물학습원
g_g001169,1,4,2305300004,꽃 피는 산골
g_g001169,1,5,2305300005,기와
g_g001169,1,6,2305300006,부소담악
g_g001169,1,7,2305300008,옥천향교
g_g001169,1,8,2305300009,육영수 생가
g_g001169,1,9,2305300010,유성 갈비옥천점
g_g001169,1,10,2305300011,옥천 전통문화체험관
g_g001169,2,1,2305310001,옥천 금강 다슬기
g_g001169,2,2,2305310002,옥천성당
g_g001169,2,3,2305310003,이디야커피옥천역점
g_g001169,2,4,2305310004,정지용 생가
g_g001169,2,5,2305310005,청남대
g_g001169,2,6,2305310006,문의 청남대 휴게소 청주 방향
g_g001169,2,7,2305310007,집
g_g001171,1,1,2305270001,집
g_g001171,1,2,2305270002,돌머리해수욕장
g_g001171,1,3,2305270003,함평자연 생태공원
g_g001171,1,4,2305270004,키친 25
g_g001171,1,5,2305270005,집
g_g001173,1,1,2306030001,집
g_g001173,1,2,2306030002,구로역 1호선
g_g001173,1,3,2306030003,수원역
g_g001173,1,4,2306030004,충남 도서관
g_g001173,1,5,2306030005,홍예공원
g_g001173,1,6,2306030010,친구 집
g_g001173,2,1,2306040001,용봉산 자연휴양림
g_g001173,2,2,2306040002,케이카페
g_g001173,2,3,2306040003,삽교농협 하나로마트
g_g001173,2,4,2306040004,집
g_g001178,1,1,2306040001,집
g_g001178,1,2,2306040002,삽교농협 하나로마트
g_g001178,1,3,2306040003,다온 글램핑
g_g001178,2,1,2306050001,도비도 선착장
g_g001178,2,2,2306050002,다온 글램핑
g_g001187,1,1,2305300001,집
g_g001187,1,2,2305300002,장성호 수변 트레킹 길
g_g001187,1,3,2305300003,옐로 킹스 푸드 푸드트럭
g_g001187,1,4,2305300004,화정 숯불갈비
g_g001187,1,5,2305300005,카페 52
g_g001187,1,6,2305300006,친구 집
g_g001187,2,1,2305310001,장성 황룡강 홍길동무 꽃축제
g_g001187,2,2,2305310002,아자관
g_g001187,2,3,2305310003,수양 저수지
g_g001187,2,4,2305310004,집
g_g001189,1,1,2306010001,친구 친지 집
g_g001189,1,2,2306010002,송학 낙지 회관
g_g001189,1,3,2306010003,목포근대역사관 1관
g_g001189,1,4,2306010004,연희네 슈퍼
g_g001189,1,5,2306010005,김대중노벨평화상 기념관
g_g001189,1,6,2306010006,국립 해양문화재연구소 목포해양유물전시관
g_g001189,1,7,2306010007,유토피아 가족호텔
g_g001189,1,8,2306010008,영란 횟집
g_g001189,1,9,2306010009,목포 갓바위
g_g001189,1,10,2306010010,오키니
g_g001189,1,11,2306010011,유토피아 가족호텔
g_g001189,2,1,2306020001,목포자연사박물관
g_g001189,2,2,2306020002,코롬방제과점
g_g001189,2,3,2306020004,목포 해상 케이블카 북항 승강장
g_g001189,2,4,2306020003,씨엘이 베이커리 본점
g_g001189,2,5,2306020005,고하도 이충무공 유적
g_g001189,2,6,2306020006,부친 댁
g_g001191,1,1,2306040001,집
g_g001191,1,2,2306040002,마곡나루역 공항철도
g_g001191,1,3,2306040003,사당역 4호선
g_g001191,1,4,2306040004,천등산 휴게소 주차장
g_g001191,1,5,2306040005,죽령
g_g001191,1,6,2306040006,제2연화봉
g_g001191,1,7,2306040007,소백산 천문대
g_g001191,1,8,2306040008,제1연화봉
g_g001191,1,9,2306040009,비로봉
g_g001191,1,10,2306040010,소백산국립공원 어의곡탐방지원센터
g_g001191,1,11,2306040011,여주휴게소 주유소 인천방향
g_g001191,1,12,2306040012,사당역 4호선
g_g001191,1,13,2306040013,마곡나루역 9호선
g_g001191,1,14,2306040014,굽네치킨 마곡 1호점
g_g001191,1,15,2306040015,집
g_g001194,1,1,2306090001,집
g_g001194,1,2,2306090002,덕진 정류장
g_g001194,1,3,2306090003,청주남부정류장
g_g001194,1,4,2306090004,국립현대미술관 청주
g_g001194,1,5,2306090005,문화 제조창 본관
g_g001194,1,6,2306090006,쇼킹
g_g001194,1,7,2306090007,수암골
g_g001194,1,8,2306090008,오지
g_g001194,1,9,2306090009,가경터미널시장
g_g001194,1,10,2306090010,브라운 도트 알마 호텔
g_g001194,2,1,2306100001,육거리종합시장
g_g001194,2,2,2306100002,원조 고추 만둣국 집
g_g001194,2,3,2306100003,운리단길
g_g001194,2,4,2306100004,애니멀 공화국
g_g001194,2,5,2306100005,덕진 정류장
g_g001194,2,6,2306100006,집
g_g001195,1,1,2306050001,집
g_g001195,1,2,2306050003,길몽 본점
g_g001195,1,3,2306050004,왜목마을해수욕장
g_g001195,1,4,2306050005,삽교호 놀이공원
g_g001195,1,5,2306050002,집
g_g001196,1,1,2306020001,집
g_g001196,1,2,2306020002,팔복 예술공장
g_g001196,1,3,2306020003,전주한옥마을
g_g001196,1,4,2306020004,소코아 전주점
g_g001196,1,5,2306020006,전주 남부시장 한옥마을 야시장
g_g001196,1,6,2306020005,전동성당
g_g001196,1,7,2306020007,오목대
g_g001196,1,8,2306020008,남천교
g_g001196,1,9,2306020009,금성 연립
g_g001196,2,1,2306030001,국립무형 유산원
g_g001196,2,2,2306030002,한벽당
g_g001196,2,3,2306030003,자만 벽화마을
g_g001196,2,4,2306030004,금성 연립
g_g001196,2,5,2306030005,다담 감자탕
g_g001196,2,6,2306030006,전주 덕진공원
g_g001196,2,7,2306030007,집
g_g001197,1,1,2306030001,집
g_g001197,1,2,2306030002,센트럴시티터미널(호남)
g_g001197,1,3,2306030003,초원 사진관
g_g001197,1,4,2306030004,군산 집
g_g001197,1,5,2306030005,시민예술촌
g_g001197,1,6,2306030006,신민회
g_g001197,1,7,2306030007,째보 식당 본점
g_g001197,1,8,2306030008,리본 호텔
g_g001197,2,1,2306040001,군산 시청 전기차 충전소
g_g001197,2,2,2306040002,이성당 신관
g_g001197,2,3,2306040003,수송 반점
g_g001197,2,4,2306040004,경암동 철길마을
g_g001197,2,5,2306040005,집
g_g001199,1,1,2305270001,집
g_g001199,1,2,2305270003,유자
g_g001199,1,3,2305270004,뚝배기 식당
g_g001199,1,4,2305270005,녹동바다불꽃축제
g_g001199,1,5,2305270006,녹동 방파제
g_g001199,1,6,2305270007,고흥 녹동 회 타운
g_g001199,1,7,2305270008,메가 MGC 커피 고흥 녹동점
g_g001199,1,8,2305270002,집
g_g001200,1,1,2306040001,집
g_g001200,1,2,2306040002,금왕 휴게소
g_g001200,1,3,2306040003,락송정
g_g001200,1,4,2306040004,사인암
g_g001200,1,5,2306040005,청련암
g_g001200,1,6,2306040006,골드 미 펜션
g_g001200,2,1,2306050001,남한강
g_g001200,2,2,2306050002,단양 냉천 막국수 식당
g_g001200,2,3,2306050003,고수동굴
g_g001200,2,4,2306050004,구름 위의 산책
g_g001200,2,5,2306050005,어스트밀 중앙점
g_g001200,2,6,2306050006,집
g_g001203,1,1,2305290001,집
g_g001203,1,2,2305290002,남성주 참외 휴게소 주유소 창원방향
g_g001203,1,3,2305290003,어울가
g_g001203,1,4,2305290006,호텔 본
g_g001203,1,5,2305290004,이디야커피 순천오천점
g_g001203,1,6,2305290005,순천 조례호수공원
g_g001203,1,7,2305290007,흥덕 식당
g_g001203,1,8,2305290008,호텔 본
g_g001203,2,1,2305300001,순천만 국가정원
g_g001203,2,2,2305300002,샤브향 전남 오천 점
g_g001203,2,3,2305300003,순천만 국가정원
g_g001203,2,4,2305300004,지리산 휴게소 대구방향
g_g001203,2,5,2305300005,집
g_g001204,1,1,2306040001,집
g_g001204,1,2,2306040002,고등어 밥상
g_g001204,1,3,2306040003,세종 호수공원
g_g001204,1,4,2306040004,밀크
g_g001204,1,5,2306040005,집
g_g001206,1,1,2306070001,집
g_g001206,1,2,2306070003,수서역
g_g001206,1,3,2306070004,천안아산역
g_g001206,1,4,2306070005,여수엑스포역
g_g001206,1,5,2306070006,아르떼 뮤지엄 여수
g_g001206,1,6,2306070007,미가 칼국수
g_g001206,1,7,2306070008,카페 안에 여수엑스포점
g_g001206,1,8,2306070009,쏘카 존 여수엑스포역(KTX)
g_g001206,1,9,2306070010,오동도 공영주차타워
g_g001206,1,10,2306070011,오동도
g_g001206,1,11,2306070012,여수 해상 케이블카 자산 정류장
g_g001206,1,12,2306070013,한화호텔앤드리조트 여수벨메르
g_g001206,1,13,2306070014,포트 타운 다이닝
g_g001206,1,14,2306070015,이순신공원
g_g001206,1,15,2306070002,한화호텔앤드리조트 여수벨메르
g_g001206,2,1,2306080002,한화호텔앤드리조트 여수벨메르
g_g001206,2,2,2306080003,이순신공원
g_g001206,2,3,2306080004,한화호텔앤드리조트 여수벨메르
g_g001206,2,4,2306080006,고소동 천사벽화골목
g_g001206,2,5,2306080005,진남관 임란 유물전시관
g_g001206,2,6,2306080007,메밀 빛 초계국수 막국수
g_g001206,2,7,2306080008,좌수영 바게트 버거
g_g001206,2,8,2306080009,이순신광장
g_g001206,2,9,2306080010,이디야커피 여수 진남관점
g_g001206,2,10,2306080011,여수엑스포역
g_g001206,2,11,2306080012,익산역
g_g001206,2,12,2306080013,수서역
g_g001206,2,13,2306080001,집
g_g001208,1,1,2305280001,집
g_g001208,1,2,2305280002,포레스트 리솜 해브나인스파
g_g001208,1,3,2305280003,글루글루
g_g001208,1,4,2305280004,청풍리조트 레이크호텔
g_g001208,2,1,2305290001,카페 학현리
g_g001208,2,2,2305290002,의림지
g_g001208,2,3,2305290003,집
g_g001209,1,1,2305310001,집
g_g001209,1,2,2305310002,백제문화 단지
g_g001209,1,3,2305310003,구드래나루터
g_g001209,1,4,2305310004,연꽃 향
g_g001209,1,5,2305310006,궁남지
g_g001209,1,6,2305310005,국립부여박물관
g_g001209,1,7,2305310007,집
g_g001219,1,1,2305280001,집
g_g001219,1,2,2305280003,풍숙
g_g001219,1,3,2305280002,부모님 집
g_g001219,2,1,2305290002,귀빈식당
g_g001219,2,2,2305290003,법성포
g_g001219,2,3,2305290004,불갑사
g_g001219,2,4,2305290005,부모님 집
g_g001219,2,5,2305290001,집
g_g001221,1,1,2305280001,집
g_g001221,1,2,2305280003,추풍령 휴게소 서울 방향
g_g001221,1,3,2305280004,마라 천하 마라탕
g_g001221,1,4,2305280005,성심당 본점
g_g001221,1,5,2305280002,베스트 인 시티 호텔
g_g001221,2,1,2305290001,대전 오월드
g_g001221,2,2,2305290002,송원 칼국수 오월드점
g_g001221,2,3,2305290003,집
g_g001222,1,1,2305270001,친구 친지 집
g_g001222,1,2,2305270003,행담도 휴게소 양방향
g_g001222,1,3,2305270004,캠핑 고래 당진점
g_g001222,1,4,2305270002,차박
g_g001222,2,1,2305280002,길몽 본점
g_g001222,2,2,2305280003,해어름
g_g001222,2,3,2305280001,예인 아르빌
g_g001223,1,1,2305280001,집
g_g001223,1,2,2305280002,지리산 허브밸리
g_g001223,1,3,2305280003,춘향골아구타운
g_g001223,1,4,2305280004,지리산 뱀사골 리움 펜션
g_g001223,1,5,2305280005,지리산 뱀사골 리움 펜션
g_g001223,2,1,2305290001,춘향테마파크
g_g001223,2,2,2305290002,감성 면옥
g_g001223,2,3,2305290003,나온
g_g001223,2,4,2305290004,집
g_g001224,1,1,2305280001,집
g_g001224,1,2,2305280002,에버랜드
g_g001224,1,3,2305280003,두정 먹자골목
g_g001224,1,4,2305280005,솥 솥
g_g001224,1,5,2305280004,두정역 1호선
g_g001224,2,1,2305290001,그 집 초밥
g_g001224,2,2,2305290003,천호지 근린공원
g_g001224,2,3,2305290004,단국대학교 치과대학병원
g_g001224,2,4,2305290002,집
g_g001225,1,1,2305280001,집
g_g001225,1,2,2305280002,유가네 칼국수
g_g001225,1,3,2305280003,카페 스테이 인터뷰 의당점
g_g001225,1,4,2305280004,이프 모텔
g_g001225,1,5,2305280005,먹보네 조개구이
g_g001225,1,6,2305280006,모아가
g_g001225,1,7,2305280007,이프 모텔
g_g001225,2,1,2305290001,제주 해물뚝배기
g_g001225,2,2,2305290002,청보리 창고
g_g001225,2,3,2305290003,집
g_g001227,1,1,2306030001,사무실
g_g001227,1,2,2306030003,전남권 환경성 질환 예방관리 센터
g_g001227,1,3,2306030002,제암산 자연휴양림
g_g001227,2,1,2306040002,제암산 자연휴양림 전망대
g_g001227,2,2,2306040001,교회
g_g001230,1,1,2305280001,집
g_g001230,1,2,2305280004,화성휴게소 목포 방향
g_g001230,1,3,2305280003,태안서 부시장
g_g001230,1,4,2305280002,태안 둘레길 캠핑장
g_g001230,2,1,2305290003,해바라기 주유소
g_g001230,2,2,2305290002,행담도 휴게소 양방향
g_g001230,2,3,2305290001,집
g_g001231,1,1,2305270001,집
g_g001231,1,2,2305270003,가마골 쉼터
g_g001231,1,3,2305270004,고수동굴
g_g001231,1,4,2305270005,다누리 아쿠아리움
g_g001231,1,5,2305270006,단양구경시장
g_g001231,1,6,2305270002,더 조선호텔 수안보
g_g001231,2,1,2305280002,본가 할미 숨두부
g_g001231,2,2,2305280003,램프의 향기
g_g001231,2,3,2305280004,문강 유황온천관광호텔
g_g001231,2,4,2305280005,충주 박물관
g_g001231,2,5,2305280006,춘천 참 닭갈비 막국수
g_g001231,2,6,2305280001,집
g_g001233,1,1,2305270001,집
g_g001233,1,2,2305270002,방가 삼대 얼큰한 뼈해장국 본점
g_g001233,1,3,2305270003,베어트리 파크
g_g001233,1,4,2305270004,스티브 커피 로프터스
g_g001233,1,5,2305270005,국립현대미술관 청주
g_g001233,1,6,2305270006,일미 닭갈비 파전
g_g001233,1,7,2305270007,초정약수 원탕
g_g001233,1,8,2305270008,글로스터 호텔 청주
g_g001233,2,1,2305280001,원조태평소국밥
g_g001233,2,2,2305280002,국립 중앙과학관
g_g001233,2,3,2305280003,블랙노트 커피 로프터스
g_g001233,2,4,2305280004,갈마 짬뽕
g_g001233,2,5,2305280005,빵과 당신
g_g001233,2,6,2305280006,집
g_g001235,1,1,2305270001,집
g_g001235,1,2,2305270002,군산근대화 거리
g_g001235,1,3,2305270003,미즈 커피
g_g001235,1,4,2305270004,자연산 서해 횟집
g_g001235,1,5,2305270005,장항 스카이워크
g_g001235,1,6,2305270006,꽃에 4281
g_g001235,1,7,2305270007,삼꼬와닭꼬 본점
g_g001235,1,8,2305270008,친구 집
g_g001235,2,1,2305280001,대천해수욕장
g_g001235,2,2,2305280002,성지
g_g001235,2,3,2305280003,CGV 홍성
g_g001235,2,4,2305280004,집
g_g001237,1,1,2306080001,집
g_g001237,1,2,2306080003,이 진정
g_g001237,1,3,2306080004,일화오엽
g_g001237,1,4,2306080005,담양 관방제림
g_g001237,1,5,2306080002,집
g_g001243,1,1,2306030001,집
g_g001243,1,2,2306030002,기분 좋은 극장
g_g001243,1,3,2306030003,철주네 식육식당
g_g001243,1,4,2306030004,롯데 아웃렛 광주 월드컵점
g_g001243,1,5,2306030005,풍암저수지
g_g001243,1,6,2306030006,쿡 모텔
g_g001243,2,1,2306040001,마카 나이 전대점
g_g001243,2,2,2306040002,판타지아 방탈출 카페
g_g001243,2,3,2306040003,모아 엘가 주택전시관
g_g001243,2,4,2306040004,조선대학교
g_g001243,2,5,2306040005,집
g_g001250,1,1,2305270001,사무실
g_g001250,1,2,2305270002,원풍 식당
g_g001250,1,3,2305270003,리즈
g_g001250,1,4,2305270004,해피 준
g_g001250,1,5,2305270005,파도리해수욕장
g_g001250,1,6,2305270007,스테이 인터뷰 태안
g_g001250,2,1,2305280001,서해랑 길 71코스
g_g001250,2,2,2305280002,마리스
g_g001250,2,3,2305280003,옛날 우렁이 식당 2호점
g_g001250,2,4,2305280004,남태령역 4호선
g_g001256,1,1,2305270001,집
g_g001256,1,2,2305270002,전북 김제시 금산면 우림로 256-6 1층 및 2층
g_g001256,1,3,2305270003,전북 김제시 금산면 우림로 256-6
g_g001256,2,1,2305280001,금산사
g_g001256,2,2,2305280002,헤이그라운드 금산사점
g_g001256,2,3,2305280003,집
g_g001257,1,1,2305270001,집
g_g001257,1,2,2305270003,예산휴게소 당진 방향
g_g001257,1,3,2305270004,꽃지해수욕장
g_g001257,1,4,2305270005,방포 식당
g_g001257,1,5,2305270002,집
g_g001258,1,1,2306020001,집
g_g001258,1,2,2306020002,소 아르 호텔
g_g001258,2,1,2306030002,담양 메타세쿼이아 랜드 어린이 프로방스 매표소
g_g001258,2,2,2306030003,죽녹원
g_g001258,2,3,2306030005,딜라이트 담양
g_g001258,2,4,2306030004,미소 댓잎 국수
g_g001258,2,5,2306030006,전주한옥마을
g_g001258,2,6,2306030001,집
g_g001260,1,1,2306020001,사무실
g_g001260,1,2,2306020002,수루 배 나을 8단지 아파트
g_g001260,1,3,2306020003,돼지가 음메
g_g001260,1,4,2306020004,한글공원
g_g001260,1,5,2306020005,수루 배 나을 8단지 아파트
g_g001260,2,1,2306030001,장수 계란말이 김밥 세종점
g_g001260,2,2,2306030002,빛가람 수변공원
g_g001260,2,3,2306030003,스타벅스 세종 다정 DT점
g_g001260,2,4,2306030004,탑텐 세종 파이낸스점
g_g001260,2,5,2306030005,밀마루전망대
g_g001260,2,6,2306030006,한아름아파트
g_g001261,1,1,2306060001,집
g_g001261,1,2,2306060002,강 총산(광주) 휴게소
g_g001261,1,3,2306060003,골목식당
g_g001261,1,4,2306060004,백수해안도로
g_g001261,1,5,2306060005,대신 등 대
g_g001261,1,6,2306060006,영광 백수해안 로드
g_g001261,1,7,2306060007,road96
g_g001261,1,8,2306060008,영광 노을전시관
g_g001261,1,9,2306060009,가마미해수욕장
g_g001261,1,10,2306060010,집
g_g001272,1,1,2306080001,집
g_g001272,1,2,2306080002,용산역
g_g001272,1,3,2306080003,남도향토음식 박물관
g_g001272,1,4,2306080004,광주비엔날레
g_g001272,1,5,2306080006,모소
g_g001272,1,6,2306080005,광주역사민속박물관
g_g001272,1,7,2306080007,이치원 호텔
g_g001272,1,8,2306080008,이마트 24 광주 운암 대자로 점
g_g001272,1,9,2306080009,이치원 호텔
g_g001272,2,1,2306090001,국립 5.18민주묘지
g_g001272,2,2,2306090002,돌담 게장백반
g_g001272,2,3,2306090003,광주호호수생태원
g_g001272,2,4,2306090004,1913 송정역시장
g_g001272,2,5,2306090005,광주송정역
g_g001272,2,6,2306090006,용산역
g_g001272,2,7,2306090007,집
g_g001273,1,1,2306030001,집
g_g001273,1,2,2306030003,우유 창고
g_g001273,1,3,2306030004,개화예술공원
g_g001273,1,4,2306030005,보령석탄 박물관
g_g001273,1,5,2306030006,집
g_g001276,1,1,2306030001,집
g_g001276,1,2,2306030002,분당 율동공
g_g001276,1,3,2306030003,서현 도서관
g_g001276,1,4,2306030004,말티재
g_g001276,1,5,2306030005,솔향공원 스카이 바이크
g_g001276,1,6,2306030006,보은 도깨비공원
g_g001276,1,7,2306030007,영남 식당
g_g001276,1,8,2306030008,속리산 오리숲
g_g001276,1,9,2306030010,아모르
g_g001276,2,1,2306040001,속리산 세조길
g_g001276,2,2,2306040002,두 남자와 어머니 청국장
g_g001276,2,3,2306040003,블랙스톤 벨포르 리조트 벨포르 목장
g_g001276,2,4,2306040004,집
g_g001280,1,1,2305280001,집
g_g001280,1,2,2305280003,황전휴게소 순천방향
g_g001280,1,3,2305280004,여수 하늘 보라 펜션
g_g001280,1,4,2305280005,돌문어 상회
g_g001280,1,5,2305280006,월호 방파제
g_g001280,1,6,2305280002,여수 하늘 보라 펜션
g_g001280,2,1,2305290002,큰끝 등대
g_g001280,2,2,2305290003,무슬목해수욕장
g_g001280,2,3,2305290004,깨비 게장
g_g001280,2,4,2305290005,피읖 카페
g_g001280,2,5,2305290006,바다 식탁
g_g001280,2,6,2305290007,춘향 휴게소 완주 방향
g_g001280,2,7,2305290008,백제 셀프주유소
g_g001280,2,8,2305290001,집
g_g001286,1,1,2305270001,친구 친지 집
g_g001286,1,2,2305270002,Tesla 평택 슈퍼차저
g_g001286,1,3,2305270003,힐링캠프 뜨리 팜
g_g001286,1,4,2305270004,공산성 금서로
g_g001286,1,5,2305270005,피탕김탕
g_g001286,1,6,2305270006,힐링캠프 뜨리 팜
g_g001286,2,1,2305280001,공주 무령왕릉과 왕릉원
g_g001286,2,2,2305280002,국립공주대학교 신관캠퍼스
g_g001286,2,3,2305280003,Tesla 슈퍼차저 (세종-대평) _ 세종 종합 운동 장로 29
g_g001286,2,4,2305280004,서울 용산구 원효로 19길 65
g_g001288,1,1,2305270001,집
g_g001288,1,2,2305270002,주유 후 식사(무안 명가)
g_g001288,1,3,2305270003,톱머리해수욕장
g_g001288,1,4,2305270004,집
g_g001289,1,1,2305270001,집
g_g001289,1,2,2305270002,송호관광지
g_g001289,1,3,2305270003,강선대
g_g001289,1,4,2305270006,송호관광지
g_g001289,1,5,2305270007,갯벌 애 꼬막
g_g001289,1,6,2305270005,집
g_g001290,1,1,2305280001,집
g_g001290,1,2,2305280003,양촌자연휴양림
g_g001290,1,3,2305280004,양촌자연휴양림
g_g001290,2,1,2305290001,강경 미내 다리
g_g001290,2,2,2305290002,강경침례교회 최초에 배지
g_g001290,2,3,2305290004,나바위 성지
g_g001290,2,4,2305290003,옥녀봉
g_g001290,2,5,2305290005,아기 띠에 계룡점
g_g001290,2,6,2305290006,삼대째 손두부옥계가오점
g_g001290,2,7,2305290007,집
g_g001291,1,1,2305280001,집
g_g001291,1,2,2305280002,빽다방 광주하남점
g_g001291,1,3,2305280003,순천만 국가정원
g_g001291,1,4,2305280004,명품 식당
g_g001291,1,5,2305280005,순천만습지
g_g001291,1,6,2305280006,집
g_g001293,1,1,2306040001,집
g_g001293,1,2,2306040002,던킨 충주휴게소 마산방향점
g_g001293,1,3,2306040003,중앙탑공원 중원 탑평리 7층 석탑
g_g001293,1,4,2306040004,충주 박물관
g_g001293,1,5,2306040005,충주고구려비전시관
g_g001293,1,6,2306040006,소소한 숯불갈비 호암점
g_g001293,1,7,2306040007,좋은 아침 페이스트리 충주점
g_g001293,1,8,2306040008,충주 무학시장
g_g001293,1,9,2306040009,스타벅스 충주 호암 DT점
g_g001293,1,10,2306040010,집
g_g001296,1,1,2306070001,집
g_g001296,1,2,2306070003,라운지 OIC
g_g001296,1,3,2306070006,광주공원 포장마차
g_g001296,1,4,2306070004,국립아시아문화전당
g_g001296,1,5,2306070005,숨바꼭질
g_g001296,1,6,2306070002,비지니스호텔듀
g_g001296,2,1,2306080002,나주 식당
g_g001296,2,2,2306080001,집
g_g001297,1,1,2305280001,집
g_g001297,1,2,2305280002,농성 SK 뷰 센트럴 아파트
g_g001297,1,3,2305280003,광주시립미술관 하정웅 미술관
g_g001297,1,4,2305280004,상록 근린공원
g_g001297,1,5,2305280005,신세계백화점 광주신세계점
g_g001297,1,6,2305280006,농성 SK 뷰 센트럴 아파트
g_g001297,2,1,2305290002,신세계갤러리
g_g001297,2,2,2305290003,이마트 광주점
g_g001297,2,3,2305290001,집
g_g001299,1,1,2305280001,집
g_g001299,1,2,2305280002,만수중앙교회
g_g001299,1,3,2305280003,공차 인천 만수 향촌점
g_g001299,1,4,2305280004,송산포도 휴게소 평택 방향
g_g001299,1,5,2305280005,화가의 정원
g_g001299,2,1,2305290001,꽃지해수욕장
g_g001299,2,2,2305290002,코리안 플라워파크
g_g001299,2,3,2305290003,피엠 뷰
g_g001299,2,4,2305290004,선창 횟집
g_g001299,2,5,2305290005,화성휴게소 서울 방향
g_g001299,2,6,2305290006,집
g_g001300,1,1,2305270001,집
g_g001300,1,2,2305270002,문막휴게소 주유소 강릉방향
g_g001300,1,3,2305270004,청풍 호반 케이블카 물태리역
g_g001300,1,4,2305270003,월악 산들바람
g_g001300,2,1,2305280002,만천하 스카이워크
g_g001300,2,2,2305280003,도담삼봉 관광지
g_g001300,2,3,2305280004,민속 칼국수
g_g001300,2,4,2305280001,집
g_g001301,1,1,2306080001,집
g_g001301,1,2,2306080007,용산역
g_g001301,1,3,2306080008,전주역
g_g001301,1,4,2306080003,전주한옥마을
g_g001301,1,5,2306080004,한국관 본점
g_g001301,1,6,2306080005,BAU cafe
g_g001301,1,7,2306080006,남노갈비 중앙점
g_g001301,1,8,2306080002,선셋 브리즈
g_g001301,2,1,2306090002,전주 덕진공원
g_g001301,2,2,2306090003,한옥집
g_g001301,2,3,2306090004,진주역
g_g001301,2,4,2306090005,용산역
g_g001301,2,5,2306090001,집
g_g001305,1,1,2306030001,집
g_g001305,1,2,2306030003,유성고속버스터미널
g_g001305,1,3,2306030004,온천손칼국수 주꾸미
g_g001305,1,4,2306030005,갤러리아백화점 타임월드점
g_g001305,1,5,2306030006,성심당 케이크 부티크 롯데백화점 대전점
g_g001305,1,6,2306030007,뿌리공원
g_g001305,1,7,2306030002,친지 집
g_g001305,2,1,2306040001,다이소 대전 유성온천역점
g_g001305,2,2,2306040002,속풀이 대소 해장국
g_g001305,2,3,2306040003,유성 5일장
g_g001305,2,4,2306040004,유성고속버스터미널
g_g001305,2,5,2306040005,집
g_g001309,1,1,2305270001,집
g_g001309,1,2,2305270002,전주역
g_g001309,1,3,2305270003,여수엑스포역
g_g001309,1,4,2305270004,아르떼 뮤지엄 여수
g_g001309,1,5,2305270005,유월드 루지 테마파크
g_g001309,1,6,2305270006,바다식탁
g_g001309,1,7,2305270007,하멜등대
g_g001309,1,8,2305270008,엑스포 해수피아
g_g001309,2,1,2305280001,옛날 그 집
g_g001309,2,2,2305280002,만성리 검은 모래해변
g_g001309,2,3,2305280003,NCNP
g_g001309,2,4,2305280004,여수다
g_g001309,2,5,2305280005,여수 딸기 찹쌀떡 본점
g_g001309,2,6,2305280006,이순신 수제버거
g_g001309,2,7,2305280007,여수엑스포역
g_g001309,2,8,2305280008,집
g_g001313,1,1,2306020001,집
g_g001313,1,2,2306020002,수원역
g_g001313,1,3,2306020003,대전역
g_g001313,1,4,2306020005,초밥 전문점 진
g_g001313,1,5,2306020007,플래시 하츠 클럽
g_g001313,1,6,2306020006,벤헤드 바운스
g_g001313,1,7,2306020008,한화생명 이글스 파크
g_g001313,1,8,2306020009,브라운 도트 호텔 대전역점
g_g001313,2,1,2306030001,스타벅스 은행동점
g_g001313,2,2,2306030002,에그그 본점
g_g001313,2,3,2306030003,한화생명 이글스 파크
g_g001313,2,4,2306030005,성심당 본점
g_g001313,2,5,2306030006,성심당 케이크 부티크
g_g001313,2,6,2306030004,집
g_g001315,1,1,2306090001,집
g_g001315,1,2,2306090002,한화생명 이글스 파크
g_g001315,1,3,2306090003,라마다호텔 대전
g_g001315,2,1,2306100001,갑천 근린공원
g_g001315,2,2,2306100002,원조태평소국밥
g_g001315,2,3,2306100003,유림공원
g_g001315,2,4,2306100004,라마다호텔 대전
g_g001315,2,5,2306100005,오씨칼국수 도룡점
g_g001315,2,6,2306100006,엑스포과학공원
g_g001315,2,7,2306100007,국립 중앙과학관
g_g001315,2,8,2306100008,성심당 DCC점
g_g001315,2,9,2306100009,공주 집
g_g001315,2,10,2306100010,집
g_g001317,1,1,2305290001,집
g_g001317,1,2,2305290003,전주역
g_g001317,1,3,2305290004,객사길
g_g001317,1,4,2305290005,전주영화의 거리
g_g001317,1,5,2305290006,빌레레
g_g001317,1,6,2305290007,PNB 풍년제과 전주 본점
g_g001317,1,7,2305290008,전주한옥마을
g_g001317,1,8,2305290010,외할머니 솜씨
g_g001317,1,9,2305290009,자만 벽화마을
g_g001317,1,10,2305290011,두 이모 비빔밥 와플 한옥마을점
g_g001317,1,11,2305290002,고궁 맨션
g_g001317,2,1,2305300001,콤마
g_g001317,2,2,2305300003,전북 삼락 로컬 마켓
g_g001317,2,3,2305300002,집
g_g001319,1,1,2305280001,집
g_g001319,1,2,2305280002,스타벅스 구리수택점
g_g001319,1,3,2305280003,화성(하) 휴게소
g_g001319,1,4,2305280004,바다목장
g_g001319,1,5,2305280006,힐스테이트 당진 2차 아파트
g_g001319,2,1,2305290001,엄마 손 포장마차
g_g001319,2,2,2305290002,고대리항방파제등대
g_g001319,2,3,2305290003,해어름
g_g001319,2,4,2305290004,아미 미술관
g_g001319,2,5,2305290005,황가네 촌 전원일기
g_g001319,2,6,2305290006,집
g_g001320,1,1,2306090001,사무실
g_g001320,1,2,2306090002,부여시외버스터미널
g_g001320,1,3,2306090003,코우 코우
g_g001320,1,4,2306090004,성흥산 사랑나무
g_g001320,1,5,2306090005,유사장 직화구이
g_g001320,1,6,2306090006,백마강 달밤 야시장
g_g001320,1,7,2306090007,왕궁 아파트
g_g001320,2,1,2306100001,장원 막국수
g_g001320,2,2,2306100002,백마강
g_g001320,2,3,2306100003,구름 한 조각
g_g001320,2,4,2306100004,왕궁 아파트
g_g001320,2,5,2306100005,금강신관공원
g_g001320,2,6,2306100006,공산성
g_g001320,2,7,2306100007,피탕김탕
g_g001320,2,8,2306100008,초원아파트
g_g001322,1,1,2305310001,사무실
g_g001322,1,2,2305310002,행담도 휴게소 양방향
g_g001322,1,3,2305310003,아그로랜드 태신 목장
g_g001322,1,4,2305310004,예산 상설시장
g_g001322,1,5,2305310005,예당호 출렁다리
g_g001322,1,6,2305310006,구파발역 3호선
g_g001323,1,1,2306030001,집
g_g001323,1,2,2306030002,공세리 성지
g_g001323,1,3,2306030003,공세리 성지
g_g001323,1,4,2306030004,공세리성당 성지 박물관
g_g001323,1,5,2306030005,외암민속마을
g_g001323,1,6,2306030006,큐브카페
g_g001323,1,7,2306030007,집
g_g001329,1,1,2305290001,집
g_g001329,1,2,2305290002,스튜디오 위
g_g001329,1,3,2305290003,옛 청주 역사공원
g_g001329,1,4,2305290004,토성마을
g_g001329,1,5,2305290005,어반 트리
g_g001329,1,6,2305290006,집
g_g001334,1,1,2306030001,집
g_g001334,1,2,2306030002,센트럴시티터미널(호남)
g_g001334,1,3,2306030003,유성고속버스터미널
g_g001334,1,4,2306030004,예전 손칼 국시 전문점
g_g001334,1,5,2306030005,대전 오월드
g_g001334,1,6,2306030006,촌놈들 연탄구이 본점
g_g001334,1,7,2306030007,만월 호텔 유성점
g_g001334,1,8,2306030008,만월 호텔 유성점
g_g001334,2,1,2306040001,성심당 DCC점
g_g001334,2,2,2306040002,한밭수목원
g_g001334,2,3,2306040003,풍유가
g_g001334,2,4,2306040004,대전 전통 나에 관
g_g001334,2,5,2306040005,테라스 키친
g_g001334,2,6,2306040006,집
g_g001337,1,1,2306080001,집
g_g001337,1,2,2306080002,인천종합터미널
g_g001337,1,3,2306080003,원주종합버스터미널
g_g001337,1,4,2306080004,홈플러스 원주점
g_g001337,1,5,2306080006,청풍 호반 오토캠핑장
g_g001337,2,1,2306090001,카페 미우
g_g001337,2,2,2306090002,민병선 부대찌개 닭볶음탕 본점
g_g001337,2,3,2306090004,원주종합버스터미널
g_g001337,2,4,2306090005,인천종합터미널
g_g001337,2,5,2306090003,집
g_g001338,1,1,2306030001,집
g_g001338,1,2,2306030003,한밭수목원
g_g001338,1,3,2306030004,이응노미술관
g_g001338,1,4,2306030005,대전시립미술관
g_g001338,1,5,2306030006,던킨 대전터미널서 관점
g_g001338,1,6,2306030007,가네코 대전복합터미널점
g_g001338,1,7,2306030008,배스킨라빈스 대전터미널서관점
g_g001338,1,8,2306030002,숙소
g_g001338,2,1,2306040002,도군샤부
g_g001338,2,2,2306040003,성심당 본점
g_g001338,2,3,2306040004,엔제리너스 대전복합터미널서관점
g_g001338,2,4,2306040001,집
g_g001341,1,1,2306030001,집
g_g001341,1,2,2306030002,고소동 벽화마을
g_g001341,1,3,2306030003,카페 몬다
g_g001341,1,4,2306030004,피치 플레이버
g_g001341,1,5,2306030005,미스터 힐링카페 이순신광장점
g_g001341,1,6,2306030006,돌산 족발
g_g001341,1,7,2306030007,집
g_g001343,1,1,2306030001,집
g_g001343,1,2,2306030002,호수 도도 글램핑
g_g001343,2,1,2306040001,LF 스퀘어 광양점
g_g001343,2,2,2306040002,광양 예술창고
g_g001343,2,3,2306040003,시내 식당
g_g001343,2,4,2306040004,집
g_g001344,1,1,2306040001,친구 친지 집
g_g001344,1,2,2306040003,선암사
g_g001344,1,3,2306040004,초원 식당
g_g001344,1,4,2306040005,2023순천만국제정원박람회
g_g001344,1,5,2306040006,나눌 터
g_g001344,1,6,2306040002,테라칸 모텔
g_g001344,2,1,2306050002,바른 국밥 순천점
g_g001344,2,2,2306050003,순천만 국가정원
g_g001344,2,3,2306050004,남도 사또 밥상
g_g001344,2,4,2306050005,낙안읍성 민속마을
g_g001344,2,5,2306050001,군산 경암동 제일 오투그란데 아파트
g_g001346,1,1,2306030001,집
g_g001346,1,2,2306030002,가톨릭대학교 여의도성모병원
g_g001346,1,3,2306030003,국립희리산해송자연휴양림
g_g001346,1,4,2306030004,홍원항
g_g001346,1,5,2306030005,해밀 펜션
g_g001346,1,6,2306030006,이화 갈비
g_g001346,1,7,2306030007,춘장대해수욕장
g_g001346,1,8,2306030008,해밀 펜션
g_g001346,1,9,2306030009,춘장대해수욕장
g_g001346,1,10,2306030010,해밀 펜션
g_g001346,2,1,2306040001,춘장대해수욕장
g_g001346,2,2,2306040002,해밀 펜션
g_g001346,2,3,2306040003,송림 바지락칼국수
g_g001346,2,4,2306040004,국립 해양생물자원관
g_g001346,2,5,2306040005,장항 스카이워크
g_g001346,2,6,2306040006,나무카페
g_g001346,2,7,2306040007,국립 해양생물자원관
g_g001346,2,8,2306040008,집
g_g001350,1,1,2306030001,집
g_g001350,1,2,2306030003,청주랜드 어린이체험관
g_g001350,1,3,2306030004,청주랜드
g_g001350,1,4,2306030005,다 담들 한식뷔페 북청 주접
g_g001350,1,5,2306030006,국립청주 박물관 어린이 박물관
g_g001350,1,6,2306030007,장가옥
g_g001350,1,7,2306030002,제이원 호텔
g_g001350,2,1,2306040002,좌구산 자연휴양림
g_g001350,2,2,2306040003,증평 자전거공원
g_g001350,2,3,2306040004,증평민속체험박물관
g_g001350,2,4,2306040005,오감만족 새싹 체험장
g_g001350,2,5,2306040006,H 모텔
g_g001350,2,6,2306040007,별내옥 설렁탕
g_g001350,2,7,2306040008,라바 크로 카페
g_g001350,2,8,2306040001,집
g_g001352,1,1,2306040001,친구 친지 집
g_g001352,1,2,2306040002,한국도로공사 전주수목원
g_g001352,1,3,2306040003,왕의 지밀
g_g001352,1,4,2306040004,국민 연탄구이 객리 비단길점
g_g001352,1,5,2306040005,토마토
g_g001352,1,6,2306040006,동고사
g_g001352,1,7,2306040007,CU 대성 로드점
g_g001352,1,8,2306040008,왕의 지밀
g_g001352,2,1,2306050001,전주한옥마을
g_g001352,2,2,2306050002,흑백사진관 춘몽
g_g001352,2,3,2306050003,부모님 집
g_g001353,1,1,2305280001,집
g_g001353,1,2,2305280002,수원 버스터미널
g_g001353,1,3,2305280003,청주 시외버스터미널
g_g001353,1,4,2305280004,어스 테이블
g_g001353,1,5,2305280005,옛 청주 역사공원
g_g001353,1,6,2305280006,포토 그레이 청주 성안길 RAD점
g_g001353,1,7,2305280008,메가 MGC 커피 청주 성안길점
g_g001353,1,8,2305280007,아트박스 청주점
g_g001353,1,9,2305280009,일신 베네스트 아파트
g_g001353,1,10,2305280010,산적통갈매기
g_g001353,1,11,2305280011,우리 마트 모충점
g_g001353,1,12,2305280012,일신 베네스트 아파트
g_g001353,2,1,2305290001,발산공원
g_g001353,2,2,2305290002,청주 시외버스터미널
g_g001353,2,3,2305290003,아주대 입구 우리은행 정류소
g_g001353,2,4,2305290004,집
g_g001356,1,1,2305310001,집
g_g001356,1,2,2305310003,고복저수지
g_g001356,1,3,2305310004,사계 공존
g_g001356,1,4,2305310005,소마드로잉 카페 세종 나성점
g_g001356,1,5,2305310002,집
g_g001362,1,1,2305280001,집
g_g001362,1,2,2305280003,케렌시아
g_g001362,1,3,2305280002,센티 마르 펜션 글램핑 캠핑장
g_g001362,2,1,2305290001,천수만 꽃게장
g_g001362,2,2,2305290002,카페 간월
g_g001362,2,3,2305290003,집
g_g001364,1,1,2305280001,집
g_g001364,1,2,2305280002,우유 창고
g_g001364,1,3,2305280003,일월 굴 칼국수
g_g001364,1,4,2305280004,보령 청보리밭
g_g001364,1,5,2305280005,안면도농협 하나로마트 고남점
g_g001364,1,6,2305280008,안면도수산시장
g_g001364,1,7,2305280007,평생사랑해줄개애견팬션
g_g001364,2,1,2305290001,꽃지 꽃게집
g_g001364,2,2,2305290002,집
g_g001370,1,1,2305280001,집
g_g001370,1,2,2305280002,전주동물원
g_g001370,1,3,2305280003,대장간
g_g001370,1,4,2305280004,풍년제과
g_g001370,1,5,2305280005,더 리터
g_g001370,1,6,2305280006,집
g_g001371,1,1,2305280001,집
g_g001371,1,2,2305280002,하상 무료주차장
g_g001371,1,3,2305280003,다누리 아쿠아리움
g_g001371,1,4,2305280005,맷돌 시골밥상
g_g001371,1,5,2305280004,단양구경시장
g_g001371,1,6,2305280008,하상 무료주차장
g_g001371,1,7,2305280006,이마트 안동점
g_g001371,1,8,2305280007,집
g_g001374,1,1,2306050001,집
g_g001374,1,2,2306050003,매머드 익스프레스 상무 버들점
g_g001374,1,3,2306050004,금호 화순 스파 리조트
g_g001374,1,4,2306050005,BBQ 화순 금호리조트점
g_g001374,1,5,2306050002,금호 화순 스파 리조트
g_g001374,2,1,2306060001,금호 화순리조트 아쿠아나
g_g001374,2,2,2306060002,우산 바지락칼국수
g_g001374,2,3,2306060003,집
g_g001375,1,1,2306040001,집
g_g001375,1,2,2306040002,광주대(원주) 휴게소
g_g001375,1,3,2306040003,청풍 호반 케이블카 물태리역
g_g001375,1,4,2306040004,포레스트 리솜
g_g001375,1,5,2306040005,포레스트 리솜
g_g001375,2,1,2306050001,의림지 관광안내소
g_g001375,2,2,2306050002,제천 중앙시장
g_g001375,2,3,2306050003,교동 민화 마을
g_g001375,2,4,2306050004,치악휴게소
g_g001375,2,5,2306050005,집
g_g001377,1,1,2306030001,집
g_g001377,1,2,2306030002,사과나무
g_g001377,1,3,2306030003,아그로랜드 태신 목장
g_g001377,1,4,2306030005,외할머니네 집
g_g001377,2,1,2306040001,예산 상설시장
g_g001377,2,2,2306040002,예산 덕산 족욕체험장
g_g001377,2,3,2306040003,간양길카페
g_g001377,2,4,2306040004,집
g_g001381,1,1,2305300001,집
g_g001381,1,2,2305300003,미식가
g_g001381,1,3,2305300005,태안서 부시장
g_g001381,1,4,2305300004,커피마마 태안 동문점
g_g001381,1,5,2305300006,청산리 나루터
g_g001381,1,6,2305300007,풍경펜션
g_g001381,1,7,2305300008,태안농협 하나로마트
g_g001381,1,8,2305300009,풍경펜션
g_g001381,1,9,2305300010,서해랑 길 75코스
g_g001381,1,10,2305300002,풍경펜션
g_g001381,2,1,2305310002,몽산포 제빵소
g_g001381,2,2,2305310003,몽대 포구
g_g001381,2,3,2305310001,집
g_g001383,1,1,2305280001,집
g_g001383,1,2,2305280008,유스퀘어 광주종합버스터미널
g_g001383,1,3,2305280002,코코로 9
g_g001383,1,4,2305280003,5.18민주광장
g_g001383,1,5,2305280004,민속촌 도청점
g_g001383,1,6,2305280005,형님 육회
g_g001383,1,7,2305280007,친구 집
g_g001383,2,1,2305290001,집
g_g001386,1,1,2306030001,집
g_g001386,1,2,2306030002,청녹원
g_g001386,1,3,2306030003,선운사
g_g001386,1,4,2306030004,강나루 풍천 장어
g_g001386,1,5,2306030005,춘원재
g_g001386,2,1,2306040001,금호 화순리조트 아쿠아나
g_g001386,2,2,2306040002,집
g_g001388,1,1,2306030001,집
g_g001388,1,2,2306030002,스테이 더딜라잇
g_g001388,1,3,2306030003,신두리 해수욕장
g_g001388,1,4,2306030004,스테이 더딜라잇
g_g001388,2,1,2306040001,포리 뉴
g_g001388,2,2,2306040002,신두리 식당
g_g001388,2,3,2306040003,아그로랜드 태신 목장
g_g001388,2,4,2306040004,집
g_g001390,1,1,2305290001,집
g_g001390,1,2,2305290003,전주역
g_g001390,1,3,2305290004,서대전역
g_g001390,1,4,2305290005,하늘정원 게스트하우스
g_g001390,1,5,2305290006,중앙로 지하상가
g_g001390,1,6,2305290007,봉구스 밥버거 대흥점
g_g001390,1,7,2305290008,하늘정원 게스트하우스
g_g001390,1,8,2305290009,테마공원
g_g001390,1,9,2305290010,고운대
g_g001390,1,10,2305290002,하늘정원 게스트하우스
g_g001390,2,1,2305300002,고촉사
g_g001390,2,2,2305300003,보문산
g_g001390,2,3,2305300004,보문산성
g_g001390,2,4,2305300005,하늘정원 게스트하우스
g_g001390,2,5,2305300006,미소 본가 스마일 칼국수
g_g001390,2,6,2305300007,대전시립미술관
g_g001390,2,7,2305300008,스타벅스 대전중앙로 R점
g_g001390,2,8,2305300009,대전 서남부 터미널
g_g001390,2,9,2305300010,삼례 공용터미널
g_g001390,2,10,2305300011,파리바게뜨 전북 삼례점
g_g001390,2,11,2305300001,집
g_g001556,1,1,2306040001,집
g_g001556,1,2,2306040002,단양군 장미터널
g_g001556,1,3,2306040003,단양구경시장
g_g001556,1,4,2306040004,영이네 부엌
g_g001556,1,5,2306040005,집
g_g001563,1,1,2306030001,집
g_g001563,1,2,2306030002,천안 타운홀
g_g001563,1,3,2306030003,천안중앙시장
g_g001563,1,4,2306030004,트레이더스 홀세일 클럽 천안아산점
g_g001563,1,5,2306030005,가경 자이 아파트
g_g001564,1,1,2306040001,집
g_g001564,1,2,2306040002,대전 오월드
g_g001564,1,3,2306040007,크리스털 레지던스 호텔
g_g001564,2,1,2306050001,한밭수목원
g_g001564,2,2,2306050002,대전 신세계 아트앤사이언스
g_g001564,2,3,2306050003,엑스포과학공원
g_g001564,2,4,2306050004,집
g_g001565,1,1,2306100001,집
g_g001565,1,2,2306100002,금강 5경 백제보 전망대
g_g001565,1,3,2306100003,국립부여박물관
g_g001565,1,4,2306100004,할아버지 집(본인 고향 집)
g_g001565,2,1,2306110001,정림사지박물관 정림사지 5층 석탑
g_g001565,2,2,2306110002,시골 통닭
g_g001565,2,3,2306110003,집
g_g001566,1,1,2306020001,집
g_g001566,1,2,2306020003,예당호 출렁다리
g_g001566,1,3,2306020004,외암민속마을
g_g001566,1,4,2306020002,집
g_g001567,1,1,2306100001,집
g_g001567,1,2,2306100002,충주 라바 랜드
g_g001567,1,3,2306100003,집
g_g001575,1,1,2306030001,집
g_g001575,1,2,2306030002,금향
g_g001575,1,3,2306030003,경이 정
g_g001575,1,4,2306030004,청포대해수욕장
g_g001575,1,5,2306030005,청포대해수욕장
g_g001575,1,6,2306030006,청포대 선셋
g_g001575,1,7,2306030007,청포대 선셋
g_g001575,2,1,2306040001,마검포바다횟집
g_g001575,2,2,2306040002,안면도 쥐라기 공원
g_g001575,2,3,2306040003,강원 춘천시 퇴계로
g_g001576,1,1,2306090001,집
g_g001576,1,2,2306090002,경부선 추풍령 (서울) 휴게소
g_g001576,1,3,2306090003,카이스트 본원
g_g001576,1,4,2306090004,퐁당
g_g001576,1,5,2306090005,유성 오일장 장대동 공영주차장 일대
g_g001576,1,6,2306090006,이응노미술관
g_g001576,1,7,2306090007,한밭수목원
g_g001576,1,8,2306090008,만월 호텔 유성점
g_g001576,1,9,2306090009,순남 시래기 대전 신성점
g_g001576,1,10,2306090011,만월 호텔 유성점
g_g001576,2,1,2306100001,테마 오래
g_g001576,2,2,2306100002,슈니첼
g_g001576,2,3,2306100003,성심당 본점
g_g001576,2,4,2306100004,칠곡휴게소 주유소 부산방향
g_g001576,2,5,2306100005,집
g_g001580,1,1,2306040001,집
g_g001580,1,2,2306040003,경암동 철길마을
g_g001580,1,3,2306040004,초원 사진관
g_g001580,1,4,2306040005,한인옥
g_g001580,1,5,2306040006,일제강점기 군산역사관 등 스탬프 투어
g_g001580,1,6,2306040007,이성당 본점
g_g001580,1,7,2306040008,뽀빠이 냉면
g_g001580,1,8,2306040002,집
g_g001584,1,1,2306030001,집
g_g001584,1,2,2306030008,파라다이스 스파 도고
g_g001584,1,3,2306030009,온양 반점
g_g001584,1,4,2306030006,칩스 온 커피
g_g001584,1,5,2306030007,신라스테이 천안
g_g001584,2,1,2306040001,피노 카페
g_g001584,2,2,2306040002,집
g_g001587,1,1,2306060001,집
g_g001587,1,2,2306060002,대전 신세계 아트앤사이언스
g_g001587,1,3,2306060003,엑스포과학공원 물빛광장 음악 분수
g_g001587,1,4,2306060004,공간 태리
g_g001587,1,5,2306060005,탑클라우드 호텔 대전점
g_g001587,2,1,2306070001,원조태평소국밥
g_g001587,2,2,2306070002,으능정이 문화의 거리
g_g001587,2,3,2306070003,소제동 카페거리
g_g001587,2,4,2306070005,롯데백화점 대전점
g_g001587,2,5,2306070006,현대식당
g_g001587,2,6,2306070007,중앙로 지하상가
g_g001587,2,7,2306070004,집
g_g001589,1,1,2306100001,집
g_g001589,1,2,2306100003,아쿠아틱 파크 아마존
g_g001589,1,3,2306100002,집
g_g001590,1,1,2306050001,집
g_g001590,1,2,2306050003,광명역
g_g001590,1,3,2306050004,여수엑스포역
g_g001590,1,4,2306050005,함남 면옥
g_g001590,1,5,2306050006,이순신광장
g_g001590,1,6,2306050007,CU 여수 진남점
g_g001590,1,7,2306050008,고소동 천사벽화골목
g_g001590,1,8,2306050009,모카힐
g_g001590,1,9,2306050010,오포대
g_g001590,1,10,2306050011,진남관 임란 유물전시관
g_g001590,1,11,2306050012,CU 여수 진남점
g_g001590,1,12,2306050013,타운하우스
g_g001590,1,13,2306050014,소호동 동다리
g_g001590,1,14,2306050015,내 조국 국밥 소호점
g_g001590,1,15,2306050016,GS25 여수 송소점
g_g001590,1,16,2306050017,타운하우스
g_g001590,2,1,2306060002,두메산골
g_g001590,2,2,2306060003,소호동 동다리
g_g001590,2,3,2306060004,선소대교
g_g001590,2,4,2306060005,장도
g_g001590,2,5,2306060006,웅천 청소년공원 대여소
g_g001590,2,6,2306060007,사색의 온도
g_g001590,2,7,2306060008,오늘을 그리다(카페 오다)
g_g001590,2,8,2306060009,소호요트경기장 대여소
g_g001590,2,9,2306060010,여수종합버스터미널
g_g001590,2,10,2306060011,세븐일레븐 여수터미널점
g_g001590,2,11,2306060012,공주알밤 휴게쉼터
g_g001590,2,12,2306060001,집
g_g001594,1,1,2306030001,집
g_g001594,1,2,2306030003,나주읍성
g_g001594,1,3,2306030004,행운 분식
g_g001594,1,4,2306030005,금성관
g_g001594,1,5,2306030006,청산옥
g_g001594,1,6,2306030007,째깐한 박물관
g_g001594,1,7,2306030008,호야 불 닭발
g_g001594,1,8,2306030002,나주목사 내야
g_g001594,2,1,2306040002,나주목사고을시장
g_g001594,2,2,2306040003,나주배 원예농협
g_g001594,2,3,2306040001,집
g_g001598,1,1,2306040001,집
g_g001598,1,2,2306040002,국립공주 박물관
g_g001598,1,3,2306040003,장항 해장국
g_g001598,1,4,2306040006,국립 해양생물자원관 씨큐리움
g_g001598,1,5,2306040007,서천특화시장
g_g001598,1,6,2306040005,서울시 서천연수원
g_g001598,2,1,2306050001,띠섬목해수욕장
g_g001598,2,2,2306050002,월하성 갯벌체험마을
g_g001598,2,3,2306050003,집
g_g001599,1,1,2306060001,집
g_g001599,1,2,2306060002,미암리 사지 석조 관음보살 입상
g_g001599,1,3,2306060003,소담한 상
g_g001599,1,4,2306060004,좌구산 자연휴양림
g_g001599,1,5,2306060005,블랙스톤 벨포르 리조트
g_g001599,1,6,2306060006,블랙스톤벨포레힐하우스 멕시카나
g_g001599,1,7,2306060007,블랙스톤 벨포르 리조트
g_g001599,2,1,2306070001,블랙스톤 벨포르 리조트 벨포르 목장
g_g001599,2,2,2306070002,블랙스톤 벨포르 리조트 익스트림 루지
g_g001599,2,3,2306070003,집
g_g001600,1,1,2306050001,집
g_g001600,1,2,2306050002,소노벨 변산
g_g001600,1,3,2306050003,해넘이 채화돼
g_g001600,1,4,2306050004,소노벨 변산 오션 플레이
g_g001600,1,5,2306050005,쇼트 앤드
g_g001600,1,6,2306050006,곰소항
g_g001600,1,7,2306050007,작당
g_g001600,1,8,2306050008,채석강
g_g001600,1,9,2306050009,격포 수산물 센터
g_g001600,1,10,2306050010,소노벨 변산
g_g001600,2,1,2306060001,파스쿠찌 소노벨 변산점
g_g001600,2,2,2306060002,변산반도국립공원
g_g001600,2,3,2306060003,후박나무 군락
g_g001600,2,4,2306060004,옥과 한우촌 본점
g_g001600,2,5,2306060005,함허정
g_g001600,2,6,2306060006,성묘
g_g001600,2,7,2306060007,여산휴게소 천안 방향
g_g001600,2,8,2306060008,옥화 식당 진접점
g_g001600,2,9,2306060009,집
g_g001603,1,1,2306040001,친구 친지 집
g_g001603,1,2,2306040003,안성휴게소 부산방향
g_g001603,1,3,2306040004,일력 생선
g_g001603,1,4,2306040005,익산시 공공승마장
g_g001603,1,5,2306040006,탑클라우드 호텔 군산점
g_g001603,1,6,2306040007,둘레길
g_g001603,1,7,2306040009,불타는 명태찜
g_g001603,1,8,2306040010,탑클라우드 호텔 군산점
g_g001603,2,1,2306050001,한인옥
g_g001603,2,2,2306050002,신흥동 일본식 가옥
g_g001603,2,3,2306050003,에이스골프클럽
g_g001603,2,4,2306050004,군산 비어 포트
g_g001603,2,5,2306050005,면목으로 28길 23-2
g_g001606,1,1,2306020001,집
g_g001606,1,2,2306020002,백제문화체험 박물관
g_g001606,1,3,2306020003,콘벨트 청양점
g_g001606,1,4,2306020004,마켓 더 사오
g_g001606,1,5,2306020005,집
g_g001611,1,1,2306030001,집
g_g001611,1,2,2306030002,공산성
g_g001611,1,3,2306030003,메리 봉봉 공산성점
g_g001611,1,4,2306030004,이가네한우정육식당
g_g001611,1,5,2306030007,공주 살롱
g_g001611,1,6,2306030006,다이소 공주신관점
g_g001611,1,7,2306030005,로컬 공방
g_g001611,1,8,2306030008,공주월송흥화하브아파트
g_g001611,1,9,2306030009,코인노래방
g_g001611,1,10,2306030010,미르 섬
g_g001611,1,11,2306030011,공주월송흥화하브아파트
g_g001611,2,1,2306040001,춘소 커피
g_g001611,2,2,2306040002,컴윗미
g_g001611,2,3,2306040003,공주월송흥화하브아파트
g_g001611,2,4,2306040004,집
g_g001612,1,1,2306030001,집
g_g001612,1,2,2306030002,율포해수욕장
g_g001612,1,3,2306030003,VIP 모텔
g_g001612,2,1,2306040001,정남진 물 과학관
g_g001612,2,2,2306040002,플레이파크
g_g001612,2,3,2306040003,금릉 경포대
g_g001612,2,4,2306040004,CU 목포 상동점
g_g001612,2,5,2306040005,집
g_g001613,1,1,2306030001,집
g_g001613,1,2,2306030002,국립아시아문화전당 문화 창조원 복합전시 1관
g_g001613,1,3,2306030003,국립아시아문화전당 문화 창조원 복합전시 2관
g_g001613,1,4,2306030004,11번가
g_g001613,1,5,2306030006,컴포즈커피 광주 충장로점
g_g001613,1,6,2306030005,해피
g_g001613,1,7,2306030008,동생 집
g_g001613,2,1,2306040002,정가네 왕순대
g_g001613,2,2,2306040003,무양 서원
g_g001613,2,3,2306040004,월계동 장고분
g_g001613,2,4,2306040005,광주송정역
g_g001613,2,5,2306040006,목포역
g_g001613,2,6,2306040001,집
g_g001614,1,1,2306030001,집
g_g001614,1,2,2306030003,육거리종합시장
g_g001614,1,3,2306030004,상당산성
g_g001614,1,4,2306030005,오지
g_g001614,1,5,2306030002,집
g_g001615,1,1,2306040001,집
g_g001615,1,2,2306040002,애니멀 빌리지
g_g001615,1,3,2306040003,동부창고
g_g001615,1,4,2306040004,솔밭 모험의 숲
g_g001615,1,5,2306040005,금용
g_g001615,1,6,2306040006,집
g_g001619,1,1,2306010001,집
g_g001619,1,2,2306010002,치악휴게소 부산방향
g_g001619,1,3,2306010003,청풍 호반 케이블카 물태리역
g_g001619,1,4,2306010004,예천 2호점
g_g001619,1,5,2306010005,청풍랜드
g_g001619,1,6,2306010006,갓바위 찐빵 만두
g_g001619,1,7,2306010007,도깨비방망이
g_g001619,1,8,2306010008,박달재 자연휴양림
g_g001619,2,1,2306020001,꿀 참나무
g_g001619,2,2,2306020002,의림지
g_g001619,2,3,2306020003,치악휴게소 춘천 방향
g_g001619,2,4,2306020004,집
g_g001620,1,1,2306040001,친구 친지 집
g_g001620,1,2,2306040002,맥도날드 충남 보령 DT점
g_g001620,1,3,2306040003,운영 해변
g_g001620,1,4,2306040005,운영 해변
g_g001620,2,1,2306050001,카페 아일
g_g001620,2,2,2306050002,친구 집
g_g001621,1,1,2306030001,집
g_g001621,1,2,2306030003,동학사 삼성각
g_g001621,1,3,2306030004,은선폭포
g_g001621,1,4,2306030005,카페 조기 나루
g_g001621,1,5,2306030006,계룡산국립공원 동학사 주차장
g_g001621,1,6,2306030002,집
g_g001622,1,1,2306040001,집
g_g001622,1,2,2306040003,석가산
g_g001622,1,3,2306040004,스타벅스 나주혁신 DT점
g_g001622,1,4,2306040005,빛가람 전망대
g_g001622,1,5,2306040006,대지 회관
g_g001622,1,6,2306040007,금성관
g_g001622,1,7,2306040008,나주목사 내야
g_g001622,1,8,2306040009,나주 문화재 야행
g_g001622,1,9,2306040002,서문안 한옥펜션
g_g001622,2,1,2306050002,메주에 꽃
g_g001622,2,2,2306050003,스타벅스 나주혁신 DT점
g_g001622,2,3,2306050004,볼링 3
g_g001622,2,4,2306050001,집
g_g001623,1,1,2306060001,집
g_g001623,1,2,2306060002,보림사
g_g001623,1,3,2306060003,국보 옛날 두부
g_g001623,1,4,2306060004,계곡
g_g001623,1,5,2306060005,집
g_g001625,1,1,2306100001,집
g_g001625,1,2,2306100002,천안호두 휴게소 부산방향
g_g001625,1,3,2306100003,육거리종합시장
g_g001625,1,4,2306100004,푸르지오캐슬 4단지 아파트
g_g001625,1,5,2306100005,홍익 돈가스 청주 용암점
g_g001625,1,6,2306100006,현대 대우아파트
g_g001625,1,7,2306100007,집
g_g001627,1,1,2306030001,집
g_g001627,1,2,2306030003,수생식물학습원
g_g001627,1,3,2306030004,꽃 피는 산골
g_g001627,1,4,2306030002,충남 금산군 추부면 마전리 672-46
g_g001630,1,1,2306010001,친구 친지 집
g_g001630,1,2,2306010002,태안 버스터미널
g_g001630,1,3,2306010003,만리포 전망타워
g_g001630,1,4,2306010004,천리포수목원
g_g001630,1,5,2306010005,어촌 밥상
g_g001630,1,6,2306010007,천리포수목원
g_g001630,1,7,2306010008,만리포해수욕장
g_g001630,1,8,2306010011,두부랑 흑돼지
g_g001630,1,9,2306010009,밀린 앤코
g_g001630,1,10,2306010006,백합 펜션
g_g001630,2,1,2306020003,이마트 24 태안 청포대점
g_g001630,2,2,2306020002,청포대해수욕장
g_g001630,2,3,2306020004,팜카밀레 허브농원
g_g001630,2,4,2306020005,지인 집
g_g001630,2,5,2306020006,두부랑 흑돼지
g_g001630,2,6,2306020001,인덕원푸르지오엘센트로아파트
g_g001640,1,1,2306030001,집
g_g001640,1,2,2306030002,행담도 휴게소 양방향
g_g001640,1,3,2306030003,대천해수욕장
g_g001640,1,4,2306030004,짚트랙 코리아
g_g001640,1,5,2306030005,대천해수욕장
g_g001640,1,6,2306030006,서해바다 할인마트
g_g001640,1,7,2306030007,경동 모텔
g_g001640,2,1,2306040001,낚시쿤
g_g001640,2,2,2306040002,대천휴게소 서울 방향
g_g001640,2,3,2306040003,집
g_g001641,1,1,2306080001,집
g_g001641,1,2,2306080002,구래 역 김포골드라인
g_g001641,1,3,2306080003,서울역
g_g001641,1,4,2306080004,목포역
g_g001641,1,5,2306080005,코롬방제과점
g_g001641,1,6,2306080006,씨엘이 베이커리 본점
g_g001641,1,7,2306080007,비판이네
g_g001641,1,8,2306080008,건 맥스 테이
g_g001641,1,9,2306080009,커피 창고로
g_g001641,1,10,2306080010,목포 갓바위
g_g001641,1,11,2306080011,목포 스카이워크
g_g001641,1,12,2306080012,페어링
g_g001641,1,13,2306080013,건 맥스 테이
g_g001641,2,1,2306090001,목포근대역사관 1관
g_g001641,2,2,2306090002,목포근대역사관 2관
g_g001641,2,3,2306090003,서산동 시화 골목
g_g001641,2,4,2306090004,미락 비빔밥
g_g001641,2,5,2306090005,더벤티 목포 장미의 거리점
g_g001641,2,6,2306090006,목포 해상 케이블카 북항 승강장
g_g001641,2,7,2306090007,고하도 전망대
g_g001641,2,8,2306090008,얌샘 김밥 목포역점
g_g001641,2,9,2306090010,씨엘이 베이커리 본점
g_g001641,2,10,2306090011,목포역
g_g001641,2,11,2306090009,집
g_g001644,1,1,2306020001,집
g_g001644,1,2,2306020002,일행 만남
g_g001644,1,3,2306020003,공주 호텔
g_g001644,1,4,2306020004,에잇 플로
g_g001644,1,5,2306020005,미르 섬
g_g001644,1,6,2306020006,공주 호텔
g_g001644,2,1,2306030001,공주 호텔
g_g001644,2,2,2306030002,미르 섬
g_g001644,2,3,2306030003,공산성
g_g001644,2,4,2306030004,공주 산성시장
g_g001644,2,5,2306030005,동학사계곡
g_g001644,2,6,2306030006,집
g_g001645,1,1,2306030001,집
g_g001645,1,2,2306030002,이서휴게소 순천방향
g_g001645,1,3,2306030003,백합 식당
g_g001645,1,4,2306030004,해피 트리 펜션 호텔 격포 호텔
g_g001645,1,5,2306030005,굽네치킨 변산 격포점
g_g001645,1,6,2306030006,막내 수산
g_g001645,1,7,2306030011,해피 트리 펜션 호텔 격포 호텔
g_g001645,2,1,2306040001,채석강
g_g001645,2,2,2306040002,쇼트 앤드
g_g001645,2,3,2306040004,부안 맛집 다해 꽃게장
g_g001645,2,4,2306040005,정읍 녹두장군휴게소 천안 방향 전기차 충전소
g_g001645,2,5,2306040003,집
g_g001646,1,1,2306050001,집
g_g001646,1,2,2306050003,호수 앉기
g_g001646,1,3,2306050004,한마음 정육 식당 대전 와동점
g_g001646,1,4,2306050002,가온 마을 6단지 중흥 S 클래스 센텀시티 아파트
g_g001646,2,1,2306060001,국립대전현충원
g_g001646,2,2,2306060003,가온 마을 6단지 중흥 S 클래스 센텀시티 아파트
g_g001646,2,3,2306060002,한양 고깃집 세종시청점
g_g001646,2,4,2306060004,조치원역
g_g001646,2,5,2306060005,수원역
g_g001647,1,1,2306030001,친구 친지 집
g_g001647,1,2,2306030002,멍석 갈비
g_g001647,1,3,2306030003,단양 소백산철쭉제
g_g001647,1,4,2306030004,도깨비 카페
g_g001647,1,5,2306030007,단양 개울가 펜션
g_g001647,2,1,2306040001,도담삼봉
g_g001647,2,2,2306040002,창신 쌍용 1단지 아파트
g_g001648,1,1,2306050001,집
g_g001648,1,2,2306050002,펭귄 마을
g_g001648,1,3,2306050003,이장우가옥
g_g001648,1,4,2306050004,메가 MGC 커피 광주 양림 접
g_g001648,1,5,2306050005,펭귄 마을 거점 예술여행센터
g_g001648,1,6,2306050006,1년 후 그라운드
g_g001648,1,7,2306050007,집
g_g001650,1,1,2306040001,집
g_g001650,1,2,2306040002,고창 고인돌휴게소 서울 방향
g_g001650,1,3,2306040003,국립생태원 에코리움
g_g001650,1,4,2306040004,집
g_g001651,1,1,2306030001,집
g_g001651,1,2,2306030002,스타벅스 제천 DT점
g_g001651,1,3,2306030003,덕원 플라자 휴게소
g_g001651,1,4,2306030004,보령 청보리밭
g_g001651,1,5,2306030005,청보리 창고
g_g001651,1,6,2306030006,충청수영성
g_g001651,1,7,2306030007,왕건 조개 타운
g_g001651,1,8,2306030014,퀸 모텔
g_g001651,2,1,2306040001,상화원
g_g001651,2,2,2306040002,카메 식당
g_g001651,2,3,2306040003,우유 창고
g_g001651,2,4,2306040004,천안당호두과자 외암리점
g_g001651,2,5,2306040005,제천비행장
g_g001651,2,6,2306040006,집
g_g001652,1,1,2306080001,집
g_g001652,1,2,2306080003,광주비엔날레
g_g001652,1,3,2306080004,착한 명인 국수와 숯불 냉면 비엔날레점
g_g001652,1,4,2306080006,컬러드 쟁리
g_g001652,1,5,2306080005,중외공원 용봉초록습지
g_g001652,1,6,2306080002,집
g_g001656,1,1,2305310001,집
g_g001656,1,2,2305310002,서울역
g_g001656,1,3,2305310003,대전역
g_g001656,1,4,2305310004,우동야
g_g001656,1,5,2305310005,성심당 문화원
g_g001656,1,6,2305310006,성심당 본점
g_g001656,1,7,2305310007,스타벅스 대전중앙로 R점
g_g001656,1,8,2305310009,한화생명 이글스 파크
g_g001656,1,9,2305310008,100시트
g_g001656,1,10,2305310010,만월 호텔 대흥점
g_g001656,2,1,2306010001,성심당 케이크 부티크
g_g001656,2,2,2306010002,테라스 키친
g_g001656,2,3,2306010003,엑스포과학공원 한빛탑
g_g001656,2,4,2306010004,대전 유성구 엑스포로 1 신세계 백화점 7층
g_g001656,2,5,2306010005,스타벅스 대전정부청사 역점
g_g001656,2,6,2306010006,대전역
g_g001656,2,7,2306010007,집
g_g001662,1,1,2306030001,숙소
g_g001662,1,2,2306030003,중부 휴게소
g_g001662,1,3,2306030005,어라운드 빌리지 캠핑장
g_g001662,1,4,2306030004,결초보은 시장
g_g001662,1,5,2306030002,어라운드 빌리지 캠핑장
g_g001662,2,1,2306040001,반포 니체 아파트
g_g001665,1,1,2306040001,집
g_g001665,1,2,2306040002,느러니 전망대
g_g001665,1,3,2306040003,나주곰탕 하얀집
g_g001665,1,4,2306040004,나주목사고을시장
g_g001665,1,5,2306040005,집
g_g001668,1,1,2306030001,집
g_g001668,1,2,2306030002,물금역
g_g001668,1,3,2306030003,대전복합터미널
g_g001668,1,4,2306030004,성연 에드가 오피스텔
g_g001668,1,5,2306030006,꽃지해수욕장
g_g001668,1,6,2306030005,전통딱뚝칼국수
g_g001668,1,7,2306030007,트레블 브레이크 커피
g_g001668,1,8,2306030008,롯데시네마 서산
g_g001668,1,9,2306030009,성연 에드가 오피스텔
g_g001668,2,1,2306040001,천안역
g_g001668,2,2,2306040002,집
g_g001669,1,1,2306090001,집
g_g001669,1,2,2306090003,청남대
g_g001669,1,3,2306090004,향기원
g_g001669,1,4,2306090005,파스쿠찌 대청댐
g_g001669,1,5,2306090006,대청댐 전망대
g_g001669,1,6,2306090007,노산리 솔밭 자연 유원지
g_g001669,1,7,2306090002,집
g_g001673,1,1,2306010001,집
g_g001673,1,2,2306010002,우선 모 옛날 김밥
g_g001673,1,3,2306010003,청은 루
g_g001673,1,4,2306010004,교동 십원빵 전주한옥마을 본점
g_g001673,1,5,2306010005,최명희문학관
g_g001673,1,6,2306010006,전주 난장
g_g001673,1,7,2306010007,전일갑오
g_g001673,1,8,2306010008,프랭크 커핀 바
g_g001673,1,9,2306010009,엉클
g_g001673,1,10,2306010010,집
g_g001674,1,1,2306060001,집
g_g001674,1,2,2306060002,투썸플레이스 블랙스톤 벨포르점
g_g001674,1,3,2306060003,블랙스톤 벨포르 리조트 벨포르 목장
g_g001674,1,4,2306060004,한국몬테소리 웰컴 키즈
g_g001674,1,5,2306060005,블랙스톤 벨포르 리조트 벨포르 목장
g_g001674,1,6,2306060006,투썸플레이스 블랙스톤 벨포르점
g_g001674,1,7,2306060007,벨포르 브리스킷 346
g_g001674,1,8,2306060008,블랙스톤 벨포르 리조트
g_g001674,1,9,2306060009,블랙스톤 벨포르 리조트
g_g001674,1,10,2306060010,블랙스톤 벨포르 리조트
g_g001674,2,1,2306070001,블랙스톤 벨포르 리조트
g_g001674,2,2,2306070002,블랙스톤 벨포르 리조트
g_g001674,2,3,2306070003,벨포르 미디어아트센터
g_g001674,2,4,2306070005,음성휴게소 하남방향
g_g001674,2,5,2306070004,집
g_g001676,1,1,2306020001,사무실
g_g001676,1,2,2306020002,용산맞이 방전 문제과점
g_g001676,1,3,2306020003,용산역
g_g001676,1,4,2306020004,서대전역
g_g001676,1,5,2306020005,GS25 대전 태평점
g_g001676,1,6,2306020006,대전 태평아파트 내 근린공원 및 놀이터
g_g001676,1,7,2306020007,태평시장
g_g001676,1,8,2306020008,태평아파트 근린공원 및 놀이터
g_g001676,1,9,2306020009,유성호텔 대온천 탕
g_g001676,1,10,2306020010,유성온천 족욕체험장
g_g001676,1,11,2306020011,호텔 스카이파크 대전 1호점
g_g001676,2,1,2306030001,성심당 본점
g_g001676,2,2,2306030002,으능정이 스카이로드
g_g001676,2,3,2306030003,서대전역
g_g001676,2,4,2306030004,용산역
g_g001676,2,5,2306030005,서울시 봉우재로 12길 12-5
g_g001677,1,1,2306060001,집
g_g001677,1,2,2306060003,VR 패밀리랜드
g_g001677,1,3,2306060004,대천해수욕장
g_g001677,1,4,2306060005,이마트 24 편의점
g_g001677,1,5,2306060006,분수광장
g_g001677,1,6,2306060007,스타벅스 대천해수욕장점
g_g001677,1,7,2306060008,보령머드테마파크
g_g001677,1,8,2306060002,집
g_g001678,1,1,2306040001,집
g_g001678,1,2,2306040002,군산 고속버스터미널
g_g001678,1,3,2306040003,낙원
g_g001678,1,4,2306040004,말랭이 마을
g_g001678,1,5,2306040005,초원 사진관
g_g001678,1,6,2306040006,군산과자조합
g_g001678,1,7,2306040007,군산근대역사박물관
g_g001678,1,8,2306040008,경암동 철길마을
g_g001678,1,9,2306040009,동국사
g_g001678,1,10,2306040010,게스트하우스 동국
g_g001678,1,11,2306040011,천하장사
g_g001678,1,12,2306040012,은파호수공원
g_g001678,1,13,2306040013,게스트하우스 동국
g_g001678,2,1,2306050001,지린성
g_g001678,2,2,2306050002,이성당 본점
g_g001678,2,3,2306050003,군산 고속버스터미널
g_g001678,2,4,2306050004,호텔 나루 서울 엠 갤러리
g_g001679,1,1,2306040001,집
g_g001679,1,2,2306040002,화심 순두부 본점
g_g001679,1,3,2306040003,송광사
g_g001679,1,4,2306040004,카페 라온
g_g001679,1,5,2306040005,집
g_g001681,1,1,2306030001,친구 친지 집
g_g001681,1,2,2306030002,춘향 휴게소 순천방향
g_g001681,1,3,2306030003,밥 먹고 가
g_g001681,1,4,2306030004,선베드 카페
g_g001681,1,5,2306030005,여수 돌문어 타코
g_g001681,1,6,2306030006,남원 횟집
g_g001681,1,7,2306030014,블루 망고 풀빌라 앤리조트
g_g001681,2,1,2306040001,나래 밥상
g_g001681,2,2,2306040002,돌산 바다 카페
g_g001681,2,3,2306040003,큰끝 등대
g_g001681,2,4,2306040004,오동도
g_g001681,2,5,2306040005,하멜등대
g_g001681,2,6,2306040006,모자 갓김치
g_g001681,2,7,2306040007,친구 집
g_g001682,1,1,2306030001,집
g_g001682,1,2,2306030003,롯데마트 노은점
g_g001682,1,3,2306030002,너와 두리 농촌 캠핑장
g_g001682,2,1,2306040002,장계 국민관광지 향토자료 전시관
g_g001682,2,2,2306040003,플라이에
g_g001682,2,3,2306040004,모녀 손 만두
g_g001682,2,4,2306040001,집
g_g001684,1,1,2306010001,집
g_g001684,1,2,2306010002,예당호 출렁다리
g_g001684,1,3,2306010003,봉수산 자연휴양림
g_g001684,1,4,2306010004,예산 상설시장
g_g001684,1,5,2306010005,집
g_g001686,1,1,2306050001,사무실
g_g001686,1,2,2306050002,NHF 공주 월송 2단지 아파트
g_g001686,1,3,2306050003,폴카페
g_g001686,1,4,2306050004,NHF 공주 월송 2단지 아파트
g_g001686,2,1,2306060001,미르 섬
g_g001686,2,2,2306060002,캔모아 공주대점
g_g001686,2,3,2306060003,청주행정타운코아루휴티스아파트
g_g001689,1,1,2306050001,집
g_g001689,1,2,2306050002,더 펜션 퍼스트
g_g001689,2,1,2306060002,단군 나라
g_g001689,2,2,2306060003,모악산
g_g001689,2,3,2306060004,대한민국 솔 테마 박물관
g_g001689,2,4,2306060005,삼천 빌리지
g_g001689,2,5,2306060001,집
g_g001690,1,1,2306030001,집
g_g001690,1,2,2306030002,친구 집
g_g001690,1,3,2306030003,파라디소 페르두또
g_g001690,1,4,2306030004,물빛마을
g_g001690,1,5,2306030005,은파호수공원
g_g001690,1,6,2306030006,비오리
g_g001690,1,7,2306030007,친구 집
g_g001690,2,1,2306040001,자딘콴
g_g001690,2,2,2306040002,카페 브루노
g_g001690,2,3,2306040003,국립 신시도 자연휴양림
g_g001690,2,4,2306040004,신시도 금계국
g_g001690,2,5,2306040005,냠냠 김밥 군산대점
g_g001690,2,6,2306040006,집
g_g001692,1,1,2306030001,집
g_g001692,1,2,2306030010,세원 약국
g_g001692,1,3,2306030003,청풍 호반 케이블카 물태리역
g_g001692,1,4,2306030004,청풍 황금송어
g_g001692,1,5,2306030005,청풍문화재 단지
g_g001692,1,6,2306030006,파리바게뜨 제천 강조점
g_g001692,1,7,2306030007,박달재 자연휴양림
g_g001692,1,8,2306030008,제천 식자재마트
g_g001692,1,9,2306030009,SK에너지 천남 주유소
g_g001692,1,10,2306030002,박달재 자연휴양림
g_g001692,2,1,2306040002,포레스트 리솜
g_g001692,2,2,2306040003,호반 식당
g_g001692,2,3,2306040004,의림지
g_g001692,2,4,2306040005,다이소 제천 본점
g_g001692,2,5,2306040006,오창휴게소 하행
g_g001692,2,6,2306040001,집
g_g001693,1,1,2306060001,집
g_g001693,1,2,2306060002,모악산
g_g001693,1,3,2306060003,접시꽃
g_g001693,1,4,2306060004,카페 토아로
g_g001693,1,5,2306060005,집
g_g001694,1,1,2306060001,집
g_g001694,1,2,2306060003,정수제 김밥
g_g001694,1,3,2306060004,비츠
g_g001694,1,4,2306060005,남당항 매표소
g_g001694,1,5,2306060006,속 동전망대
g_g001694,1,6,2306060007,남당항 매표소
g_g001694,1,7,2306060008,죽도
g_g001694,1,8,2306060002,집
g_g001695,1,1,2306040001,집
g_g001695,1,2,2306040002,센트럴시티터미널(호남)
g_g001695,1,3,2306040003,서청주 고속버스 정류소
g_g001695,1,4,2306040004,충주고구려비전시관
g_g001695,1,5,2306040005,중원문화길 2코스(역사 문화길)
g_g001695,1,6,2306040006,남한강 막국수
g_g001695,1,7,2306040007,탑뷰 카페
g_g001695,1,8,2306040008,충주 박물관
g_g001695,1,9,2306040009,중앙탑공원 중원 탑평리 7층 석탑
g_g001695,1,10,2306040010,탄금대
g_g001695,1,11,2306040011,충주공용버스터미널
g_g001695,1,12,2306040012,집
g_g001697,1,1,2306040001,집
g_g001697,1,2,2306040003,함평군 양서 파충류 생태공원
g_g001697,1,3,2306040004,영광 칠산 다워
g_g001697,1,4,2306040002,친지 집
g_g001697,2,1,2306050002,박지도
g_g001697,2,2,2306050001,집
g_g001698,1,1,2306030001,집
g_g001698,1,2,2306030002,죽녹원
g_g001698,1,3,2306030003,진우네 집 국수
g_g001698,1,4,2306030004,담양 관방제림
g_g001698,1,5,2306030005,통큰손왕만두 담양점
g_g001698,1,6,2306030010,G 호텔
g_g001698,2,1,2306040001,득량만 횟집
g_g001698,2,2,2306040002,염주 다이빙 풀장
g_g001698,2,3,2306040003,롯데마트 남악점
g_g001698,2,4,2306040004,집
g_g001700,1,1,2306030001,집
g_g001700,1,2,2306030002,덕유산국립공원
g_g001700,1,3,2306030003,덕유산국립공원 안성탐방지원센터
g_g001700,1,4,2306030004,칠연폭포
g_g001700,1,5,2306030005,덕유산
g_g001700,1,6,2306030006,덕유산 향적봉
g_g001700,1,7,2306030007,무주 덕유산리조트 관광곤돌라
g_g001700,1,8,2306030008,무주향
g_g001700,1,9,2306030009,진안 다비 축산
g_g001700,1,10,2306030010,품 안에 stay
g_g001700,2,1,2306040001,주천 생태공원
g_g001700,2,2,2306040002,품 안에 stay
g_g001700,2,3,2306040003,카페 공간 153
g_g001700,2,4,2306040004,금산인삼랜드 휴게소 대전방향
g_g001700,2,5,2306040005,집
g_g001701,1,1,2306020001,집
g_g001701,1,2,2306020004,무주 홀리데이 펜션
g_g001701,1,3,2306020003,무주 산골 영화제
g_g001701,1,4,2306020002,무주 홀리데이 펜션
g_g001701,2,1,2306030002,국립덕유산자연휴양림 야영장 가문비 숲
g_g001701,2,2,2306030003,구천동 계곡
g_g001701,2,3,2306030004,나제통문
g_g001701,2,4,2306030005,무주 반디랜드
g_g001701,2,5,2306030001,집
g_g001702,1,1,2306030001,집
g_g001702,1,2,2306030002,공주 무령왕릉과 왕릉원
g_g001702,1,3,2306030003,국립공주 박물관
g_g001702,1,4,2306030004,고가네 칼국수
g_g001702,1,5,2306030005,루치아의 뜰
g_g001702,1,6,2306030006,공산성
g_g001702,1,7,2306030007,미르 섬
g_g001702,1,8,2306030008,케이무인텔
g_g001702,1,9,2306030009,공주 산성시장 문화공원
g_g001702,1,10,2306030010,케이무인텔
g_g001702,2,1,2306040001,로컬 파스타
g_g001702,2,2,2306040002,연미산 자연미술공원
g_g001702,2,3,2306040003,신세계백화점 천안아산점
g_g001702,2,4,2306040004,도스 마스 선문대점
g_g001702,2,5,2306040005,집
g_g001703,1,1,2306020001,집
g_g001703,1,2,2306020002,안동터미널
g_g001703,1,3,2306020003,대전복합터미널
g_g001703,1,4,2306020004,다이소 대전 본점
g_g001703,1,5,2306020005,브라운 도트 호텔 대전역점
g_g001703,1,6,2306020006,복수 분식 본점
g_g001703,1,7,2306020007,이츠 카페
g_g001703,1,8,2306020008,한화생명 이글스 파크
g_g001703,1,9,2306020009,브라운 도트 호텔 대전역점
g_g001703,1,10,2306020010,꼬꼬 치킨
g_g001703,1,11,2306020011,브라운 도트 호텔 대전역점
g_g001703,2,1,2306030001,보문산 호랑이
g_g001703,2,2,2306030002,원더풀 월드
g_g001703,2,3,2306030004,성심당 케이크 부티크
g_g001703,2,4,2306030003,대전중앙시장
g_g001703,2,5,2306030005,성심당 대전역점
g_g001703,2,6,2306030006,히트 코인 노래연습장
g_g001703,2,7,2306030007,이디야커피 대전은행동점
g_g001703,2,8,2306030008,대전복합터미널
g_g001703,2,9,2306030009,안동터미널
g_g001703,2,10,2306030010,집
g_g001704,1,1,2306050001,집
g_g001704,1,2,2306050003,센트럴시티터미널(호남)
g_g001704,1,3,2306050004,괴산 시외버스터미널
g_g001704,1,4,2306050005,수옥 폭포
g_g001704,1,5,2306050006,조령산
g_g001704,1,6,2306050007,괴산농협 하나로마트 중앙점
g_g001704,1,7,2306050008,토방 국수전문점
g_g001704,1,8,2306050002,증평 리 모텔
g_g001704,2,1,2306060002,증평 옹심이 메밀칼국수
g_g001704,2,2,2306060003,문암생태공원 생태광장
g_g001704,2,3,2306060004,세종전통시장
g_g001704,2,4,2306060005,홈플러스 세종점
g_g001704,2,5,2306060006,유니클로 세종 파이낸스센터점
g_g001704,2,6,2306060007,세종 고속시외버스터미널
g_g001704,2,7,2306060001,집
g_g001706,1,1,2306040001,친구 친지 집
g_g001706,1,2,2306040002,금성관
g_g001706,1,3,2306040003,나주곰탕 하얀 집
g_g001706,1,4,2306040004,금 나와 락
g_g001706,1,5,2306040005,영산 나루
g_g001706,1,6,2306040006,친구 집
g_g001708,1,1,2306060001,집
g_g001708,1,2,2306060002,카리 코
g_g001708,1,3,2306060003,대전 신세계 아트앤사이언스
g_g001708,1,4,2306060004,매차 신세계백화점 아트앤사이언스점
g_g001708,1,5,2306060005,DJI ARS 대전 신세계 아트앤사이언스점
g_g001708,1,6,2306060006,씨앤에스 유통 도안 신도시 주유소
g_g001708,1,7,2306060007,트레버
g_g001708,1,8,2306060009,비수 플레
g_g001708,1,9,2306060008,써브웨이 전주 송천 DT점
g_g001708,1,10,2306060010,집
g_g001710,1,1,2306060001,집
g_g001710,1,2,2306060002,광주역
g_g001710,1,3,2306060003,김밥나라 광주역점
g_g001710,1,4,2306060004,광주 기아 챔피언 스피드
g_g001710,1,5,2306060005,캐치 스피라
g_g001710,1,6,2306060006,동리 담길 카페거리
g_g001710,1,7,2306060007,국립아시아문화전당
g_g001710,1,8,2306060008,비엔날레 호텔
g_g001710,2,1,2306070001,블랙 메밀 광주 본점
g_g001710,2,2,2306070002,광주비엔날레
g_g001710,2,3,2306070003,카페베네 광주 유스퀘어점
g_g001710,2,4,2306070004,집
g_g001713,1,1,2306040001,집
g_g001713,1,2,2306040002,여산휴게소 순천방향
g_g001713,1,3,2306040003,조마루 남악점
g_g001713,1,4,2306040004,유달산 일주 도로 및 둘레숲길 유달산 등산
g_g001713,1,5,2306040005,쑥꿀레 본점
g_g001713,1,6,2306040006,행복이 가득한 집
g_g001713,1,7,2306040007,목포 해상 케이블카 북항 승강장
g_g001713,1,8,2306040008,무안 비치호텔
g_g001713,2,1,2306050001,스타롱비치 식당
g_g001713,2,2,2306050002,장자도 공영주차장
g_g001713,2,3,2306050003,월명 주유소
g_g001713,2,4,2306050004,양 푸니
g_g001713,2,5,2306050005,이성당 본점
g_g001713,2,6,2306050006,집
g_g001715,1,1,2306040001,집
g_g001715,1,2,2306040002,매향 밤 막국수
g_g001715,1,3,2306040003,카페 32
g_g001715,1,4,2306040004,공산성
g_g001715,1,5,2306040005,베이커리 밤마을
g_g001715,1,6,2306040007,부자 떡집
g_g001715,1,7,2306040006,공주 산성시장
g_g001715,1,8,2306040008,집
g_g001716,1,1,2306030001,집
g_g001716,1,2,2306030003,고양종합터미널
g_g001716,1,3,2306030004,군산 시외버스터미널
g_g001716,1,4,2306030005,지린성
g_g001716,1,5,2306030006,초원 사진
g_g001716,1,6,2306030007,초원 사진관
g_g001716,1,7,2306030008,군산근대미술관
g_g001716,1,8,2306030009,틈
g_g001716,1,9,2306030010,주소
g_g001716,1,10,2306030002,다 쉼
g_g001716,2,1,2306040001,동국사
g_g001716,2,2,2306040002,안젤라 분식
g_g001716,2,3,2306040003,경암동 철길마을
g_g001716,2,4,2306040005,중동 호떡
g_g001716,2,5,2306040006,군산 시외버스터미널
g_g001716,2,6,2306040004,집
g_g001718,1,1,2306090001,집
g_g001718,1,2,2306090002,여수다
g_g001718,1,3,2306090003,웨스트 힐스 프라이빗 풀빌라
g_g001718,1,4,2306090004,남도 고집
g_g001718,1,5,2306090005,이순신광장
g_g001718,1,6,2306090006,웨스트 힐스 프라이빗 풀빌라
g_g001718,2,1,2306100001,고소동 벽화마을
g_g001718,2,2,2306100002,거북이 식당
g_g001718,2,3,2306100003,이순신광장
g_g001718,2,4,2306100004,집
g_g001721,1,1,2306040001,집
g_g001721,1,2,2306040002,마이산
g_g001721,1,3,2306040003,초가 정담
g_g001721,1,4,2306040004,마이산 힐링하우스 카페
g_g001721,1,5,2306040006,누구나 홀딱 반한 닭 김해 율하 2지구점
g_g001721,1,6,2306040005,집
g_g001722,1,1,2306020001,집
g_g001722,1,2,2306020003,영등포역
g_g001722,1,3,2306020004,엑스포다리
g_g001722,1,4,2306020005,세븐일레븐 대전 뉴 둔산대덕점
g_g001722,1,5,2306020002,대전 둔산 더 호텔 아리아
g_g001722,2,1,2306030005,엔제리너스 대덕대로점
g_g001722,2,2,2306030004,원조태평소국밥 둔산점
g_g001722,2,3,2306030006,샘머리공원
g_g001722,2,4,2306030007,둔산 선사유적지
g_g001722,2,5,2306030008,대전 신세계 아트앤사이언스
g_g001722,2,6,2306030009,엑스포과학공원 한빛탑
g_g001722,2,7,2306030010,한밭수목원
g_g001722,2,8,2306030011,성심당 케이크 부티크
g_g001722,2,9,2306030012,김화 칼국수
g_g001722,2,10,2306030001,집
g_g001724,1,1,2306030001,집
g_g001724,1,2,2306030002,카페쿠숑
g_g001724,1,3,2306030003,변산해수욕장
g_g001724,1,4,2306030004,변산 마실 길 1코스(저 개미 패총기)
g_g001724,1,5,2306030005,격포어촌계 회 센터 B동
g_g001724,1,6,2306030006,채석강
g_g001724,1,7,2306030007,집
g_g001727,1,1,2306030001,집
g_g001727,1,2,2306030002,여산휴게소 순천방향
g_g001727,1,3,2306030003,전주 월드컵 경기장
g_g001727,1,4,2306030004,베테랑
g_g001727,1,5,2306030005,전주한옥마을
g_g001727,1,6,2306030006,전일갑오
g_g001727,1,7,2306030007,감영루
g_g001727,2,1,2306040001,조점례남문피순대
g_g001727,2,2,2306040002,집
g_g001733,1,1,2306030001,집
g_g001733,1,2,2306030002,충남집 순대
g_g001733,1,3,2306030003,카페 목천
g_g001733,1,4,2306030004,아름다운 정원과수목
g_g001733,1,5,2306030005,올리브영 천안불당파크점
g_g001733,1,6,2306030006,신사 우물 갈비
g_g001733,1,7,2306030007,천안 타운홀 전망대
g_g001733,1,8,2306030008,넘버 25 호텔 (천안역점)
g_g001733,2,1,2306040002,천안에서 짬뽕 한 그릇
g_g001733,2,2,2306040003,뚜쥬루 돌가마점
g_g001733,2,3,2306040004,부모님 집
g_g001733,2,4,2306040001,집
g_g001734,1,1,2306050001,집
g_g001734,1,2,2306050002,대전역
g_g001734,1,3,2306050003,으능정이 스카이로드
g_g001734,1,4,2306050004,테마 오래
g_g001734,1,5,2306050005,보문산공원
g_g001734,1,6,2306050006,미도리 카레
g_g001734,1,7,2306050007,소제동 철도관사촌
g_g001734,1,8,2306050008,대전중앙시장
g_g001734,1,9,2306050009,사무실 카페
g_g001734,1,10,2306050010,우암사적공원
g_g001734,1,11,2306050011,대동 하늘공원
g_g001734,1,12,2306050012,으능정이 스카이로드
g_g001734,1,13,2306050013,다다르다
g_g001734,1,14,2306050014,더 휴식 아늑 호텔 대전 용전 2호점
g_g001734,1,15,2306050015,연어 집 한밭점
g_g001734,1,16,2306050016,더 휴식 아늑 호텔 대전 용전 2호점
g_g001734,2,1,2306060001,스타벅스 대전터미널점
g_g001734,2,2,2306060002,성심당 대전역점
g_g001734,2,3,2306060003,서울역
g_g001734,2,4,2306060004,안맹 상점 리스테이션
g_g001734,2,5,2306060005,집
g_g001740,1,1,2306050001,집
g_g001740,1,2,2306050002,웅천 퍼스트 시티 호텔
g_g001740,1,3,2306050003,41번 포차
g_g001740,1,4,2306050004,웅천 주변 공원 해변길
g_g001740,1,5,2306050005,제드
g_g001740,1,6,2306050006,웅천 퍼스트 시티 호텔
g_g001740,2,1,2306060001,봉춘 식당
g_g001740,2,2,2306060002,이끌다
g_g001740,2,3,2306060003,좌수영 음식문화거리
g_g001740,2,4,2306060004,이순신광장
g_g001740,2,5,2306060005,바다 웨이
g_g001740,2,6,2306060006,집
g_g001741,1,1,2306040001,집
g_g001741,1,2,2306040002,용산역
g_g001741,1,3,2306040003,순천역
g_g001741,1,4,2306040004,순천만 국사당
g_g001741,1,5,2306040005,순리다(동천 테라스점)
g_g001741,1,6,2306040006,2023순천만국제정원박람회 제2주차장(서문)
g_g001741,1,7,2306040007,(주) 건화 물산(롯데슈퍼체인 상품 공급점)
g_g001741,1,8,2306040008,호텔 마스
g_g001741,2,1,2306050001,빽다방 순천 연향 3지구점
g_g001741,2,2,2306050002,순천만 국가정원
g_g001741,2,3,2306050003,순천만습지 순천만 갈대 군락지
g_g001741,2,4,2306050004,복화루
g_g001741,2,5,2306050005,순천역
g_g001741,2,6,2306050006,용산역
g_g001741,2,7,2306050007,집
g_g001743,1,1,2306040001,집
g_g001743,1,2,2306040003,국립세종도서관
g_g001743,1,3,2306040004,세종 호수공원
g_g001743,1,4,2306040005,방울새 어린이공원
g_g001743,1,5,2306040002,집
g_g001753,1,1,2306020001,사무실
g_g001753,1,2,2306020003,뚜쥬루 돌가마점
g_g001753,1,3,2306020002,쌍용 마을 뜨란채 아파트
g_g001753,2,1,2306030001,영수 테이블
g_g001753,2,2,2306030002,봉서산
g_g001753,2,3,2306030003,수원 장안 STX 칸 2단지 아파트
g_g001755,1,1,2306030001,집
g_g001755,1,2,2306030003,보은 삼년산성
g_g001755,1,3,2306030004,김천 식당
g_g001755,1,4,2306030005,정이품송
g_g001755,1,5,2306030006,OK 펜션
g_g001755,1,6,2306030007,마티나
g_g001755,1,7,2306030008,CU 보은 속리산점
g_g001755,1,8,2306030002,OK 펜션
g_g001755,2,1,2306040002,이마트 24 보은 레이크힐스 호텔점
g_g001755,2,2,2306040003,속리산 체험학습관
g_g001755,2,3,2306040004,무공 돈가스 보은 속리산점
g_g001755,2,4,2306040005,속리산 레포츠
g_g001755,2,5,2306040006,목탁봉 카페 전망대
g_g001755,2,6,2306040007,태화루
g_g001755,2,7,2306040008,말티재 전망대
g_g001755,2,8,2306040001,집
g_g001761,1,1,2306030001,집
g_g001761,1,2,2306030002,도담삼봉 관광지
g_g001761,1,3,2306030003,단양구경시장
g_g001761,1,4,2306030004,장미터널
g_g001761,1,5,2306030005,카페 산
g_g001761,1,6,2306030006,사인암
g_g001761,1,7,2306030007,하선암
g_g001761,1,8,2306030008,다원
g_g001761,1,9,2306030009,의림지 용추폭포 유리 전망대
g_g001761,1,10,2306030010,집
g_g001761,2,1,2306040001,집
g_g001762,1,1,2306030001,집
g_g001762,1,2,2306030003,금산인삼랜드 휴게소 통영방향
g_g001762,1,3,2306030004,무주 반디랜드 야영장
g_g001762,2,1,2306040001,무주 반디랜드
g_g001762,2,2,2306040002,나본리조트
g_g001762,2,3,2306040003,몽고반점
g_g001762,2,4,2306040004,전북 제사 197
g_g001762,2,5,2306040005,매일 왕순대
g_g001762,2,6,2306040006,반딧불 전통공예 문화촌
g_g001762,2,7,2306040007,집
g_g001763,1,1,2306050001,집
g_g001763,1,2,2306050002,고마 지구 농촌테마공원
g_g001763,1,3,2306050003,낭주 식당
g_g001763,1,4,2306050004,변산해수욕장
g_g001763,1,5,2306050006,국립 변산 자연휴양림
g_g001763,2,1,2306060001,새만금환경생태 단지
g_g001763,2,2,2306060002,아리울 사계절 죽집
g_g001763,2,3,2306060003,새만금환경생태 단지
g_g001763,2,4,2306060005,입장거봉포도 휴게소 서울 방향
g_g001763,2,5,2306060004,집
g_g001764,1,1,2306030001,집
g_g001764,1,2,2306030002,전주한옥마을
g_g001764,1,3,2306030003,힐링 온 펜션
g_g001764,2,1,2306040001,치명자산 성지
g_g001764,2,2,2306040002,집
g_g001765,1,1,2306030001,집
g_g001765,1,2,2306030002,오수휴게소 순천방향
g_g001765,1,3,2306030003,사성암
g_g001765,1,4,2306030004,국립공원 야생생물보전원 남부 보전센터
g_g001765,1,5,2306030005,천은사
g_g001765,1,6,2306030006,지리산 치즈랜드
g_g001765,1,7,2306030007,구례 수목원
g_g001765,1,8,2306030008,수락폭포
g_g001765,1,9,2306030009,예일 스테이
g_g001765,2,1,2306040001,곡성 섬진강 기차마을
g_g001765,2,2,2306040002,라의 첸
g_g001765,2,3,2306040003,침실 습지
g_g001765,2,4,2306040004,동굴 커피
g_g001765,2,5,2306040005,집
g_g001767,1,1,2306060001,집
g_g001767,1,2,2306060002,부평구청역 7호선
g_g001767,1,3,2306060003,천안역 1호선
g_g001767,1,4,2306060004,이마트 24 천안 그랑데점
g_g001767,1,5,2306060006,조치원역
g_g001767,1,6,2306060005,천안역점 미니 편의점
g_g001767,1,7,2306060007,반석역 대전 1호선
g_g001767,1,8,2306060008,정부청사역 대전 1호선
g_g001767,1,9,2306060009,한밭수목원
g_g001767,1,10,2306060011,대전엑스포 기념관
g_g001767,1,11,2306060010,엑스포과학공원 통일관
g_g001767,1,12,2306060012,이응노미술관
g_g001767,1,13,2306060013,둔산 선사유적지
g_g001767,1,14,2306060014,이마트 24 유성 노블레스점
g_g001767,1,15,2306060015,렉시 호텔
g_g001767,2,1,2306070001,배재대학교 21세기관 스포렉스홀
g_g001767,2,2,2306070002,이마트 24 배재대 21세기 관점
g_g001767,2,3,2306070003,배재대학교 아펜젤러관
g_g001767,2,4,2306070004,아트박스 대전 신세계점
g_g001767,2,5,2306070005,국립 중앙과학관 야외전시관
g_g001767,2,6,2306070006,CU 도룡 KCC 점
g_g001767,2,7,2306070007,아트센터 쿠
g_g001767,2,8,2306070008,법무부 대전 솔로몬로파크
g_g001767,2,9,2306070009,성심당 케이크 부티크 롯데백화점 대전점
g_g001767,2,10,2306070010,롯데백화점 대전점
g_g001767,2,11,2306070011,행컵 한남대점
g_g001767,2,12,2306070012,오정동 선교사촌
g_g001767,2,13,2306070013,상하이 앤 경성 관
g_g001767,2,14,2306070014,이마트 대전터미널점
g_g001767,2,15,2306070015,대전복합터미널
g_g001767,2,16,2306070016,인천종합터미널
g_g001767,2,17,2306070017,백마장
g_g001767,2,18,2306070018,래미안 부평 아파트
g_g001768,1,1,2306030001,집
g_g001768,1,2,2306030003,대전 어린이 회관
g_g001768,1,3,2306030004,지중해마을
g_g001768,1,4,2306030002,친척 집
g_g001768,2,1,2306040001,장영실 과학관
g_g001768,2,2,2306040002,집
g_g001779,1,1,2306020001,집
g_g001779,1,2,2306020002,평택 지제역
g_g001779,1,3,2306020003,광주송정역
g_g001779,1,4,2306020004,화정 떡갈비
g_g001779,1,5,2306020005,커피 리비어
g_g001779,1,6,2306020006,광주비엔날레
g_g001779,1,7,2306020007,컬쳐호텔람
g_g001779,1,8,2306020008,대림 국수 광주 동명점
g_g001779,1,9,2306020009,"동명동, 문화전당역 일대"
g_g001779,1,10,2306020010,컬쳐호텔람
g_g001779,2,1,2306030001,국립아시아문화전당
g_g001779,2,2,2306030002,호랑가시나무 아트 폴리곤
g_g001779,2,3,2306030003,풀
g_g001779,2,4,2306030004,허슬 피자
g_g001779,2,5,2306030005,동곡 미술관
g_g001779,2,6,2306030006,리멤버 미
g_g001779,2,7,2306030007,광주송정역
g_g001779,2,8,2306030008,천안아산역
g_g001779,2,9,2306030009,메밀당 천안 백석점
g_g001779,2,10,2306030010,집
g_g001780,1,1,2306060001,집
g_g001780,1,2,2306060004,이양 청풍농협
g_g001780,1,3,2306060003,보림사
g_g001780,1,4,2306060005,구석마을
g_g001780,1,5,2306060006,전라남도 산림자원연구소
g_g001780,1,6,2306060007,루벤
g_g001780,1,7,2306060002,집
g_g001781,1,1,2306060001,집
g_g001781,1,2,2306060002,곡성 섬진강 기차마을
g_g001781,1,3,2306060003,곡성 섬진강 기차마을 장미공원
g_g001781,1,4,2306060004,경방루
g_g001781,1,5,2306060005,광한루원
g_g001781,1,6,2306060006,남원시립 김병종 미술관
g_g001781,1,7,2306060007,아담원 카페
g_g001781,1,8,2306060008,지리산 허브밸리
g_g001781,1,9,2306060010,운봉 흑돼지 전문점
g_g001781,1,10,2306060011,오헤브데이호텔 남원지점
g_g001781,2,1,2306070002,뱀사골계곡
g_g001781,2,2,2306070003,농월초계탕막국수
g_g001781,2,3,2306070004,농월정
g_g001781,2,4,2306070005,거면정
g_g001781,2,5,2306070006,상림공원
g_g001781,2,6,2306070001,집
g_g001785,1,1,2306090001,사무실
g_g001785,1,2,2306090003,전라남도 산림자원연구소
g_g001785,1,3,2306090004,다다 코티지
g_g001785,1,4,2306090005,돌판
g_g001785,1,5,2306090002,사무실
g_g001786,1,1,2306040001,집
g_g001786,1,2,2306040003,경암동 철길마을
g_g001786,1,3,2306040004,진포해양테마공원
g_g001786,1,4,2306040005,군산근대역사박물관
g_g001786,1,5,2306040006,비해 원
g_g001786,1,6,2306040007,8월의 정원
g_g001786,1,7,2306040008,장항 스카이워크
g_g001786,1,8,2306040009,GS25 군산 파크점
g_g001786,1,9,2306040011,더그루브 군산호텔
g_g001786,1,10,2306040010,해물나라
g_g001786,1,11,2306040013,더그루브 군산호텔
g_g001786,2,1,2306050002,이성당 본점
g_g001786,2,2,2306050003,서천휴게소 서울 방향
g_g001786,2,3,2306050001,집
g_g001788,1,1,2306020001,집
g_g001788,1,2,2306020003,원북농협 하나로마트
g_g001788,1,3,2306020005,사목공원 캠핑장
g_g001788,2,1,2306030001,사목해수욕장 야영장
g_g001788,2,2,2306030002,서산 영양 돌솥밥
g_g001788,2,3,2306030003,서산 동부전통시장
g_g001788,2,4,2306030004,행담도 휴게소 양방향
g_g001788,2,5,2306030005,집
g_g001789,1,1,2306020001,집
g_g001789,1,2,2306020002,부천역 1호선
g_g001789,1,3,2306020003,구로역 1호선
g_g001789,1,4,2306020004,밀카 버블티 천안 본점
g_g001789,1,5,2306020005,쉐이크쉑 천안점
g_g001789,1,6,2306020006,신세계백화점 천안아산점
g_g001789,1,7,2306020007,천안터미널
g_g001789,1,8,2306020008,독립기념관
g_g001789,1,9,2306020009,뚜쥬루 돌가마점
g_g001789,1,10,2306020010,예닮 하우스
g_g001789,1,11,2306020011,이마트 천안터미널점
g_g001789,1,12,2306020012,예닮 하우스
g_g001789,2,1,2306030001,공원 빌
g_g001789,2,2,2306030002,감탄 떡볶이 백석점
g_g001789,2,3,2306030003,메가 MGC 커피 천안 백석점
g_g001789,2,4,2306030004,공원 빌
g_g001789,2,5,2306030005,천안터미널
g_g001789,2,6,2306030006,부천터미널 소풍
g_g001789,2,7,2306030007,집
g_g001791,1,1,2306030001,집
g_g001791,1,2,2306030003,한마음광장
g_g001791,1,3,2306030004,장호 덕소 만두 충남 당진 석문점
g_g001791,1,4,2306030005,왜목마을해수욕장
g_g001791,1,5,2306030002,당진 왜목 오토캠핑장
g_g001791,2,1,2306040001,왜목마을해수욕장
g_g001791,2,2,2306040002,해어름
g_g001791,2,3,2306040003,행담도 휴게소 양방향
g_g001791,2,4,2306040004,집
g_g001794,1,1,2306030001,집
g_g001794,1,2,2306030002,더트 커피
g_g001794,1,3,2306030003,신리성지
g_g001794,1,4,2306030004,산티아고 레스토랑
g_g001794,1,5,2306030005,집
g_g001795,1,1,2306030001,집
g_g001795,1,2,2306030003,화봉 돼지순대 국밥
g_g001795,1,3,2306030004,수주팔봉 구름다리
g_g001795,1,4,2306030005,게으른 악어
g_g001795,1,5,2306030006,자드락한우마을
g_g001795,1,6,2306030002,새별공원
g_g001795,2,1,2306040002,만천하 스카이워크
g_g001795,2,2,2306040003,카페 산
g_g001795,2,3,2306040004,다리안계곡
g_g001795,2,4,2306040005,단양구경시장
g_g001795,2,5,2306040001,집
g_g001796,1,1,2306040001,집
g_g001796,1,2,2306040002,곡교천
g_g001796,1,3,2306040003,우리 메밀막국수
g_g001796,1,4,2306040004,스타벅스 아산로 종점
g_g001796,1,5,2306040005,팔각도 아산 탕정역점
g_g001796,1,6,2306040006,신세계백화점 천안아산점
g_g001796,1,7,2306040007,한들 물빛 도시 예미지 아파트
g_g001796,2,1,2306050001,한들 물빛공원
g_g001796,2,2,2306050002,이카 정보통신
g_g001797,1,1,2306040001,집
g_g001797,1,2,2306040002,중앙탑 사적공원
g_g001797,1,3,2306040003,탄금대
g_g001797,1,4,2306040004,충주 풍물시장
g_g001797,1,5,2306040006,국립 충주 기상과학관
g_g001797,1,6,2306040005,남산 주꾸미
g_g001797,1,7,2306040008,남한강올갱이국
g_g001797,1,8,2306040007,수안보 족욕체험장
g_g001797,1,9,2306040010,수안보파크호텔
g_g001797,2,1,2306050001,수주팔봉 구름다리
g_g001797,2,2,2306050002,꼬마 등
g_g001797,2,3,2306050003,활옷 동굴
g_g001797,2,4,2306050004,우림 정원
g_g001797,2,5,2306050005,우렁이 된장 뚝배기
g_g001797,2,6,2306050006,집
g_g001798,1,1,2306020001,집
g_g001798,1,2,2306020002,괴산 자연드림파크 호텔로움
g_g001798,1,3,2306020003,괴산 자연드림파크 비어라고
g_g001798,1,4,2306020004,괴산 자연드림파크 스포츠 힐링센터
g_g001798,1,5,2306020005,오가닉 메이커 괴산 자연드림파크 점
g_g001798,1,6,2306020006,괴산 자연드림파크 호텔로움
g_g001798,2,1,2306030001,괴산 자연드림파크 식당
g_g001798,2,2,2306030002,괴산 자연드림파크 호텔로움
g_g001798,2,3,2306030003,괴산 자연드림파크 스포츠 힐링센터
g_g001798,2,4,2306030004,괴산 극장 자연드림 카페
g_g001798,2,5,2306030005,산맥이 옛길
g_g001798,2,6,2306030006,죽암휴게소 부산방향
g_g001798,2,7,2306030007,집
g_g001799,1,1,2306030001,집
g_g001799,1,2,2306030002,방동 호수 묵집
g_g001799,1,3,2306030003,오늘 제빵소 대전점
g_g001799,1,4,2306030004,방동저수지
g_g001799,1,5,2306030005,집
g_g001803,1,1,2306040001,집
g_g001803,1,2,2306040003,친정엄마 집
g_g001803,1,3,2306040004,전주한옥마을
g_g001803,1,4,2306040005,자만 벽화마을
g_g001803,1,5,2306040002,집
g_g001806,1,1,2306030001,집
g_g001806,1,2,2306030002,부여 백제 휴게소 주유소 서천 방향
g_g001806,1,3,2306030003,한인옥
g_g001806,1,4,2306030004,경암동 철길마을
g_g001806,1,5,2306030005,군산근대화 거리
g_g001806,1,6,2306030006,만남 스낵
g_g001806,1,7,2306030007,은파호수공원
g_g001806,1,8,2306030008,옥녀 교차로
g_g001806,1,9,2306030009,돌고래 휴게소
g_g001806,1,10,2306030010,무녀도 갈매기
g_g001806,1,11,2306030011,무녀도 쥐똥 썸
g_g001806,1,12,2306030012,무녀 2구 마을버스
g_g001806,1,13,2306030013,옥녀 교차로
g_g001806,1,14,2306030014,호텔 아이콘
g_g001806,2,1,2306040001,비응도공원
g_g001806,2,2,2306040002,해넘이 휴게소
g_g001806,2,3,2306040003,새만금 명성 휴게소
g_g001806,2,4,2306040004,장자교 스카이워크
g_g001806,2,5,2306040005,선유도해수욕장
g_g001806,2,6,2306040006,군산 호떡 마을
g_g001806,2,7,2306040007,대장봉
g_g001806,2,8,2306040008,옥돌해수욕장
g_g001806,2,9,2306040009,신시 1사거리
g_g001806,2,10,2306040010,군산휴게소 서울 방향
g_g001806,2,11,2306040011,집
g_g001810,1,1,2306060001,집
g_g001810,1,2,2306060003,유성욱 도룡점
g_g001810,1,3,2306060004,GS25 도룡 코아루 점
g_g001810,1,4,2306060005,메가 MGC 커피 대전 스마트시티점
g_g001810,1,5,2306060006,대전 곤충생태관
g_g001810,1,6,2306060007,한밭수목원
g_g001810,1,7,2306060008,성심당 DCC점
g_g001810,1,8,2306060009,대전 어린이 회관
g_g001810,1,9,2306060010,대전 신세계
g_g001810,1,10,2306060002,집
g_g001812,1,1,2306030001,집
g_g001812,1,2,2306030003,한들 물빛 도시 예미지 아파트
g_g001812,1,3,2306030004,닭삼백집
g_g001812,1,4,2306030005,독립기념관
g_g001812,1,5,2306030006,모다 아웃렛 천안아산점
g_g001812,1,6,2306030007,한들 물빛 도시 예미지 아파트
g_g001812,1,7,2306030002,집
g_g001818,1,1,2306030001,집
g_g001818,1,2,2306030005,섬진강휴게소 순천방향
g_g001818,1,3,2306030013,순천종합버스터미널
g_g001818,1,4,2306030006,낙원 회관
g_g001818,1,5,2306030007,2023순천만국제정원박람회
g_g001818,1,6,2306030008,순천만국제습지센터
g_g001818,1,7,2306030009,순천만 국가정원 어린이 동물원
g_g001818,1,8,2306030010,정원 역
g_g001818,1,9,2306030011,순천만습지 순천만 갈대 군락지
g_g001818,1,10,2306030012,순천 문학관
g_g001818,1,11,2306030003,순천만일 번가
g_g001818,1,12,2306030004,아랫장
g_g001818,1,13,2306030002,순천 나무 게스트하우스
g_g001818,2,1,2306040004,뚜레쥬르 순천 터미널점
g_g001818,2,2,2306040003,낙안읍성 민속마을
g_g001818,2,3,2306040005,카페 르몽드
g_g001818,2,4,2306040002,집
g_g001819,1,1,2306030001,집
g_g001819,1,2,2306030002,광명역
g_g001819,1,3,2306030003,전주역
g_g001819,1,4,2306030004,전주한옥마을
g_g001819,1,5,2306030005,자매 갈비전골
g_g001819,1,6,2306030006,오래된 미래
g_g001819,2,1,2306040001,전주 현대옥 전주한옥마을점
g_g001819,2,2,2306040002,전주 난장
g_g001819,2,3,2306040003,동락원
g_g001819,2,4,2306040004,교동 집
g_g001819,2,5,2306040005,전주역
g_g001819,2,6,2306040006,광명역
g_g001819,2,7,2306040007,집
g_g001821,1,1,2306040001,집
g_g001821,1,2,2306040002,섬진강휴게소 순천방향
g_g001821,1,3,2306040003,황금 코다리 곡성점
g_g001821,1,4,2306040004,곡성 세계장미축제
g_g001821,1,5,2306040011,림스 글램핑
g_g001821,2,1,2306050001,주장산 자연 휴양림
g_g001821,2,2,2306050002,다산초당
g_g001821,2,3,2306050003,4est 수목원
g_g001821,2,4,2306050004,땅끝 전망대
g_g001821,2,5,2306050005,도솔암
g_g001821,2,6,2306050006,집
g_g001826,1,1,2306030001,집
g_g001826,1,2,2306030002,대덕밸리 LPG 충전소
g_g001826,1,3,2306030003,행복한 찹쌀 꽈배기
g_g001826,1,4,2306030004,연베이지
g_g001826,1,5,2306030006,솔빛 초등학교
g_g001826,1,6,2306030005,새뜸마을 12단지 금성백조 예미지 아파트
g_g001826,1,7,2306030007,국립세종수목원
g_g001826,1,8,2306030008,복사골
g_g001826,1,9,2306030010,대원네스트빌아파트
g_g001826,2,1,2306040001,세종 호수공원 제2주차장 전기차 충전소
g_g001826,2,2,2306040002,국립세종 도서관
g_g001826,2,3,2306040003,메타 45카페
g_g001826,2,4,2306040005,대원네스트빌아파트
g_g001826,2,5,2306040004,비거리 세종 나성점
g_g001826,2,6,2306040006,집
g_g001829,1,1,2306050001,집
g_g001829,1,2,2306050002,중앙공원
g_g001829,1,3,2306050003,친구 집
g_g001829,1,4,2306050004,한올
g_g001829,1,5,2306050005,친구 집
g_g001829,2,1,2306060001,한밭수목원
g_g001829,2,2,2306060002,대전시립미술관
g_g001829,2,3,2306060003,이응노미술관
g_g001829,2,4,2306060004,월미 구월점
g_g001829,2,5,2306060005,집
g_g001830,1,1,2306030001,집
g_g001830,1,2,2306030002,수원 버스터미널
g_g001830,1,3,2306030004,전주 시외버스 공용터미널
g_g001830,1,4,2306030003,죽암휴게소 부산방향
g_g001830,1,5,2306030005,만리장성
g_g001830,1,6,2306030006,세븐일레븐 전주 교보점
g_g001830,1,7,2306030007,전주 월드컵 경기장
g_g001830,1,8,2306030008,호텔야자 전주 터미널점
g_g001830,1,9,2306030009,옛촌막걸리 전북대점
g_g001830,1,10,2306030010,만선호프을지로직영점
g_g001830,1,11,2306030012,우물집 전북대점
g_g001830,1,12,2306030011,호텔야자 전주 터미널점
g_g001830,2,1,2306040001,전주 모래내시장
g_g001830,2,2,2306040002,맥도날드 전주인후 DT점
g_g001830,2,3,2306040003,금암 순대집
g_g001830,2,4,2306040004,전주한옥마을
g_g001830,2,5,2306040005,TONGTUI
g_g001830,2,6,2306040006,PNB 풍년제과 전주역점
g_g001830,2,7,2306040007,전주역
g_g001830,2,8,2306040008,수원역
g_g001830,2,9,2306040009,집
g_g001832,1,1,2306040001,집
g_g001832,1,2,2306040002,두 석유통 문의 휴게소 주유소 영덕 방향
g_g001832,1,3,2306040004,속리산 레포츠
g_g001832,1,4,2306040003,말티재 전망대
g_g001832,1,5,2306040005,라온 호텔
g_g001832,1,6,2306040006,맑은 물 식당
g_g001832,1,7,2306040007,라온 호텔
g_g001832,1,8,2306040008,라온 호텔
g_g001832,2,1,2306050001,법주사
g_g001832,2,2,2306050002,복해가든
g_g001832,2,3,2306050003,집
g_g001833,1,1,2306050001,집
g_g001833,1,2,2306050003,장항송림 산림욕장
g_g001833,1,3,2306050004,장항 스카이워크
g_g001833,1,4,2306050002,장항 글램핑
g_g001833,2,1,2306060001,장항 스카이워크
g_g001833,2,2,2306060002,국립 해양생물자원관 씨큐리움
g_g001833,2,3,2306060003,맥도날드 군산 나운 DT점
g_g001833,2,4,2306060004,롯데몰 군산점
g_g001833,2,5,2306060005,집
g_g001834,1,1,2306100001,집
g_g001834,1,2,2306100002,단 하루
g_g001834,1,3,2306100003,대전 오월드
g_g001834,1,4,2306100004,카페가노
g_g001834,1,5,2306100005,집
g_g001835,1,1,2306040001,집
g_g001835,1,2,2306040002,고동 상회
g_g001835,1,3,2306040003,황룡강 생태공원
g_g001835,1,4,2306040004,카페 누비
g_g001835,1,5,2306040005,집
g_g001836,1,1,2306060001,집
g_g001836,1,2,2306060002,주암 휴게소 순천방향
g_g001836,1,3,2306060003,모사금해수욕장
g_g001836,1,4,2306060004,선베드
g_g001836,1,5,2306060005,히든 비치리조트
g_g001836,2,1,2306070001,곡성기차마을 휴게소 논산 방향
g_g001836,2,2,2306070002,집
g_g001837,1,1,2306030001,집
g_g001837,1,2,2306030002,지린성
g_g001837,1,3,2306030003,경암동 철길마을
g_g001837,1,4,2306030005,해산물 썰어서 파는 곳
g_g001837,1,5,2306030004,꽃게 바위
g_g001837,1,6,2306030006,카페라 파르
g_g001837,1,7,2306030007,해담
g_g001837,1,8,2306030008,이성당 본점
g_g001837,1,9,2306030009,집
g_g001846,1,1,2306060001,집
g_g001846,1,2,2306060002,천안아산역
g_g001846,1,3,2306060003,탕정농협 본점
g_g001846,1,4,2306060005,가람 체리 체험농원
g_g001846,1,5,2306060004,신정호 관광단지
g_g001846,1,6,2306060006,선장포노을공원
g_g001846,1,7,2306060007,천안아산역
g_g001849,1,1,2306060001,집
g_g001849,1,2,2306060002,카페 용담
g_g001849,1,3,2306060003,세종 호수공원
g_g001849,1,4,2306060004,집
g_g001850,1,1,2306040001,집
g_g001850,1,2,2306040002,본가
g_g001850,1,3,2306040003,청녹원
g_g001850,1,4,2306040004,상하농원
g_g001850,1,5,2306040005,집
g_g001856,1,1,2306040001,집
g_g001856,1,2,2306040003,인생 버거
g_g001856,1,3,2306040004,파도리해수욕장
g_g001856,1,4,2306040005,천리포수목원
g_g001856,1,5,2306040007,신태라
g_g001856,1,6,2306040008,만리포해수욕장
g_g001856,1,7,2306040006,안녕 나무야
g_g001856,1,8,2306040002,천리포수목원 에코힐링센터
g_g001856,2,1,2306050001,뜨락
g_g001856,2,2,2306050002,몽산포 제빵소
g_g001856,2,3,2306050003,몽산포해수욕장
g_g001856,2,4,2306050004,안성휴게소 서울 방향
g_g001856,2,5,2306050005,집
g_g001857,1,1,2306060001,집
g_g001857,1,2,2306060002,담양온천
g_g001857,1,3,2306060003,쌍교 숯불갈비 담양 본점
g_g001857,1,4,2306060004,쌍교 커피
g_g001857,1,5,2306060005,집
g_g001859,1,1,2306040001,친구 친지 집
g_g001859,1,2,2306040002,국립부여박물관
g_g001859,1,3,2306040003,상운 반점
g_g001859,1,4,2306040004,정림사지박물관
g_g001859,1,5,2306040005,빽다방 충남 부여점
g_g001859,1,6,2306040006,백제문화 단지
g_g001859,1,7,2306040007,부모님 집
g_g001859,2,1,2306050001,중흥 저수지
g_g001859,2,2,2306050002,제천 신원아침도시 더 퍼스트 아파트
g_g001866,1,1,2306040001,집
g_g001866,1,2,2306040002,동그라미 프리미엄 즉석떡볶이
g_g001866,1,3,2306040003,이응 다리
g_g001866,1,4,2306040004,숲 바람장미원
g_g001866,1,5,2306040005,이디야커피 세종시 대평동점
g_g001866,1,6,2306040006,집
g_g001868,1,1,2306040001,집
g_g001868,1,2,2306040002,상주 휴게소 청원 방향 주차장
g_g001868,1,3,2306040003,보은 우당 고택
g_g001868,1,4,2306040004,보은 미니어처 공원
g_g001868,1,5,2306040006,법주사
g_g001868,1,6,2306040005,말티재 전망대
g_g001868,1,7,2306040007,보은 삼년산성
g_g001868,1,8,2306040008,용궁 식당
g_g001868,1,9,2306040010,스토리무인텔
g_g001868,2,1,2306050001,보은전통시장
g_g001868,2,2,2306050002,집
g_g001875,1,1,2306030001,집
g_g001875,1,2,2306030002,영풍문고 광주터미널점
g_g001875,1,3,2306030003,신세계백화점 광주신세계점
g_g001875,1,4,2306030004,송강 추어탕
g_g001875,1,5,2306030005,이마트 광주점
g_g001875,1,6,2306030008,밸런타인 비즈니스호텔
g_g001875,1,7,2306030007,광주천
g_g001875,1,8,2306030006,밸런타인 비즈니스호텔
g_g001875,2,1,2306040001,집
g_g001876,1,1,2306050001,집
g_g001876,1,2,2306050002,엘리제 컨트리클럽
g_g001876,1,3,2306050003,양지 식당
g_g001876,1,4,2306050004,자비화
g_g001876,1,5,2306050005,집
g_g001877,1,1,2306100004,집
g_g001877,1,2,2306100001,구례 수목원
g_g001877,1,3,2306100002,라플라타
g_g001877,1,4,2306100003,섬진강 대나무 숲길
g_g001877,1,5,2306100005,집
g_g001878,1,1,2306060001,집
g_g001878,1,2,2306060002,청량리역
g_g001878,1,3,2306060003,단양역
g_g001878,1,4,2306060004,이끼 터널
g_g001878,1,5,2306060006,만천하 스카이워크
g_g001878,1,6,2306060005,단양강잔도
g_g001878,1,7,2306060007,도담삼봉 관광지
g_g001878,1,8,2306060008,카페 산
g_g001878,1,9,2306060009,롯데리아 단양점
g_g001878,1,10,2306060010,단양구경시장
g_g001878,1,11,2306060012,단양역
g_g001878,1,12,2306060011,소노문단양
g_g001878,1,13,2306060013,소노문단양
g_g001878,2,1,2306070001,단양구경시장
g_g001878,2,2,2306070002,단양역
g_g001878,2,3,2306070003,청량리역
g_g001878,2,4,2306070004,집
g_g001879,1,1,2306100001,집
g_g001879,1,2,2306100002,영산포 철도공원
g_g001879,1,3,2306100003,행운 분식
g_g001879,1,4,2306100004,6계 나주 대호점
g_g001879,1,5,2306100005,빛가람 전망대
g_g001879,1,6,2306100006,집
g_g001880,1,1,2306040003,숙소
g_g001880,1,2,2306040004,여수엑스포역 주차장
g_g001880,1,3,2306040005,아쿠아플라넷 여수
g_g001880,1,4,2306040006,대복 식당
g_g001880,1,5,2306040007,동백 마린 카페
g_g001880,1,6,2306040008,섬진강휴게소 순천방향
g_g001880,1,7,2306040002,숙소
g_g001881,1,1,2306060001,집
g_g001881,1,2,2306060003,전주 고속버스터미널
g_g001881,1,3,2306060004,쉐이크쉑 타임월드 대전점
g_g001881,1,4,2306060005,ZARA 갤러리아 타임월드점
g_g001881,1,5,2306060006,에이치에이치라운지
g_g001881,1,6,2306060007,성심당 본점
g_g001881,1,7,2306060008,공주 얼큰이 칼국수 주꾸미
g_g001881,1,8,2306060009,대전복합터미널
g_g001881,1,9,2306060002,집
g_g001882,1,1,2306040001,친구 친지 집
g_g001882,1,2,2306040002,디오션리조트 워터파크
g_g001882,1,3,2306040003,낭만포차 12번
g_g001882,1,4,2306040004,하멜등대
g_g001882,1,5,2306040005,부영 5차 아파트
g_g001884,1,1,2306100001,집
g_g001884,1,2,2306100002,월영산 출렁다리
g_g001884,1,3,2306100003,포도주 농장
g_g001884,1,4,2306100004,와인코리아
g_g001884,1,5,2306100007,월류봉
g_g001884,1,6,2306100008,죽전휴게소 서울 방향
g_g001884,1,7,2306100006,집
g_g001888,1,1,2306090001,집
g_g001888,1,2,2306090002,다미 치킨
g_g001888,1,3,2306090003,한화생명 이글스 파크
g_g001888,1,4,2306090004,호텔 그레이튼 둔산
g_g001888,2,1,2306100001,스타벅스 대전법원점
g_g001888,2,2,2306100002,한밭수목원
g_g001888,2,3,2306100003,이응노미술관
g_g001888,2,4,2306100004,엑스포과학공원
g_g001888,2,5,2306100005,수목 칼국수
g_g001888,2,6,2306100006,띠울 하늘카페
g_g001888,2,7,2306100007,한화생명 이글스 파크
g_g001888,2,8,2306100008,집
g_g001890,1,1,2306100001,집
g_g001890,1,2,2306100002,입암저수지
g_g001890,1,3,2306100003,한마음 정육 식당 계룡 입암점
g_g001890,1,4,2306100004,입암 커피 펜션
g_g001890,1,5,2306100005,연리지
g_g001890,1,6,2306100006,소박한 카페 구스 브레드
g_g001890,1,7,2306100007,사계고택
g_g001890,1,8,2306100008,집
g_g001891,1,1,2306060001,집
g_g001891,1,2,2306060003,호남 제일문 고속버스 매표소
g_g001891,1,3,2306060004,고속버스 둔산(청사) 정류장
g_g001891,1,4,2306060005,정부대전청사 숲 숲의 공원 B
g_g001891,1,5,2306060006,엑스포시민광장
g_g001891,1,6,2306060007,한밭수목원
g_g001891,1,7,2306060008,새삼스레
g_g001891,1,8,2306060009,엑스포시민광장
g_g001891,1,9,2306060010,고속버스 둔산(청사) 정류장
g_g001891,1,10,2306060011,호남 제일문
g_g001891,1,11,2306060002,집
g_g001895,1,1,2306030001,친구 친지 집
g_g001895,1,2,2306030003,2023순천만국제정원박람회
g_g001895,1,3,2306030004,아랫장
g_g001895,1,4,2306030009,오곡
g_g001895,1,5,2306030005,오롯
g_g001895,1,6,2306030002,파스텔 모텔
g_g001895,2,1,2306040001,연향동의 식탁
g_g001895,2,2,2306040002,순천 조례호수공원
g_g001895,2,3,2306040003,비파 3차 아파트
g_g001900,1,1,2306030001,집
g_g001900,1,2,2306030003,온 줄 아문 및 동헌
g_g001900,1,3,2306030004,온양향교
g_g001900,1,4,2306030005,목화 반점
g_g001900,1,5,2306030006,신정호
g_g001900,1,6,2306030007,행복한 찹쌀 꽈배기
g_g001900,1,7,2306030008,외암민속마을
g_g001900,1,8,2306030002,베니스 모텔
g_g001900,2,1,2306040002,신정호 관광단지
g_g001900,2,2,2306040003,담연
g_g001900,2,3,2306040004,대일 식당
g_g001900,2,4,2306040005,꽃단지
g_g001900,2,5,2306040006,고운 식물원
g_g001900,2,6,2306040007,청양시장
g_g001900,2,7,2306040008,던 오브 마운틴
g_g001900,2,8,2306040009,청양군 목재문화 자연사 체험관
g_g001900,2,9,2306040010,빛섬 아트갤러리
g_g001900,2,10,2306040011,콘벨트 청양점
g_g001900,2,11,2306040012,모덕사
g_g001900,2,12,2306040013,천장화 출렁다리
g_g001900,2,13,2306040014,피탕김탕
g_g001900,2,14,2306040001,집
g_g001908,1,1,2306030001,집
g_g001908,1,2,2306030003,가보자 식당
g_g001908,1,3,2306030004,태안 로컬푸드 직매장
g_g001908,1,4,2306030002,마검포 아름뜰캠핑장
g_g001908,2,1,2306040002,마검포해수욕장
g_g001908,2,2,2306040003,도켄 뮤지엄 카페
g_g001908,2,3,2306040001,집
g_g001913,1,1,2306030001,집
g_g001913,1,2,2306030002,오수휴게소 완주 방향
g_g001913,1,3,2306030003,벌곡휴게소 대전방향
g_g001913,1,4,2306030004,호우섬 신세계 아트앤사이언스점
g_g001913,1,5,2306030005,호텔오노마대전오토그래프컬렉션
g_g001913,1,6,2306030006,호텔오노마대전오토그래프컬렉션 오노마라운지
g_g001913,1,7,2306030008,대전 신세계 아트앤사이언스
g_g001913,1,8,2306030007,호텔오노마대전오토그래프컬렉션
g_g001913,1,9,2306030009,호텔오노마대전오토그래프컬렉션
g_g001913,2,1,2306040001,대전엑스포 아쿠아리움
g_g001913,2,2,2306040002,대전 신세계 아트앤사이언스
g_g001913,2,3,2306040003,한빛탑 광장
g_g001913,2,4,2306040004,한빛 스퀘어
g_g001913,2,5,2306040006,한빛탑 광장
g_g001913,2,6,2306040005,한빛탑 광장
g_g001913,2,7,2306040007,도룡 KCC 웰츠타워 오피스텔
g_g001914,1,1,2306060001,집
g_g001914,1,2,2306060002,로마 언니네(카페)
g_g001914,1,3,2306060003,수안보온천수 호텔
g_g001914,1,4,2306060004,두레 베이커리 호암점
g_g001914,1,5,2306060005,집
g_g001916,1,1,2306060001,친구 친지 집
g_g001916,1,2,2306060002,백정화
g_g001916,1,3,2306060003,한밭수목원
g_g001916,1,4,2306060004,대전 신세계 아트앤사이언스
g_g001916,1,5,2306060005,성심당 DCC점
g_g001916,1,6,2306060006,원이 투
g_g001916,1,7,2306060007,집
g_g001920,1,1,2306040001,집
g_g001920,1,2,2306040003,사선대 해물칼국수
g_g001920,1,3,2306040004,사선대
g_g001920,1,4,2306040005,옥정호 붕어 섬 생태공원
g_g001920,1,5,2306040006,옥정가든
g_g001920,1,6,2306040002,집
g_g001927,1,1,2306030001,사무실
g_g001927,1,2,2306030002,국립부여박물관
g_g001927,1,3,2306030003,정림사지박물관 정림사지 5층 석탑
g_g001927,1,4,2306030004,부소산성
g_g001927,1,5,2306030005,부여시장
g_g001927,1,6,2306030006,기숙사
g_g001928,1,1,2306070001,집
g_g001928,1,2,2306070002,전주공예품 전시관
g_g001928,1,3,2306070003,전동성당
g_g001928,1,4,2306070004,베테랑
g_g001928,1,5,2306070005,카페 달
g_g001928,1,6,2306070006,오목대
g_g001928,1,7,2306070007,전주향교
g_g001928,1,8,2306070008,전주랑 제주랑
g_g001928,1,9,2306070009,집
g_g001929,1,1,2306040001,집
g_g001929,1,2,2306040002,청풍 호반 케이블카 물태리역
g_g001929,1,3,2306040003,제천옥순봉 출렁다리
g_g001929,1,4,2306040004,의림지
g_g001929,1,5,2306040006,단양구경시장
g_g001929,1,6,2306040005,더 짝 게스트하우스
g_g001929,2,1,2306050001,월악산국립공원 제비봉 코스
g_g001929,2,2,2306050003,장회나루 휴게소
g_g001929,2,3,2306050004,단양역
g_g001929,2,4,2306050002,집
g_g001932,1,1,2306170001,집
g_g001932,1,2,2306170002,수덕사
g_g001932,1,3,2306170003,예당호 출렁다리
g_g001932,1,4,2306170004,외갓집 소머리국밥
g_g001932,1,5,2306170005,예산 상설시장
g_g001932,1,6,2306170006,국립 예산 치유의 숲
g_g001932,1,7,2306170007,추사 김정희 선생 고택
g_g001932,1,8,2306170008,레제나 호텔
g_g001932,2,1,2306180001,국립공주 박물관
g_g001932,2,2,2306180002,진흥이각
g_g001932,2,3,2306180003,송원
g_g001932,2,4,2306180004,유구 색동수국정원
g_g001932,2,5,2306180005,공산성
g_g001932,2,6,2306180006,집
g_g001947,1,1,2306240001,집
g_g001947,1,2,2306240002,대전복합터미널
g_g001947,1,3,2306240003,올리브영 전주 터미널점
g_g001947,1,4,2306240004,흑아당 전주고사점
g_g001947,1,5,2306240006,몽유도
g_g001947,1,6,2306240005,오늘 우리
g_g001947,1,7,2306240007,할리스 전주 시네마점
g_g001947,1,8,2306240008,위드 게스트하우스
g_g001947,2,1,2306250001,PNB 풍년제과 전주 고속버스터미널점
g_g001947,2,2,2306250002,집
g_g001954,1,1,2306240001,친구 친지 집
g_g001954,1,2,2306240002,윤제림
g_g001954,1,3,2306240003,대한 다원 본사
g_g001954,1,4,2306240004,특미관
g_g001954,1,5,2306240005,춘원 서옥 카페
g_g001954,1,6,2306240006,노블 빌라
g_g001963,1,1,2306100001,집
g_g001963,1,2,2306100002,추사 김정희 선생 고택
g_g001963,1,3,2306100003,신토불이 묵집
g_g001963,1,4,2306100004,유양 창고
g_g001963,1,5,2306100005,수덕사
g_g001963,1,6,2306100006,해미읍성
g_g001963,1,7,2306100007,해미 순교성지
g_g001963,1,8,2306100008,집
g_g001964,1,1,2306090001,집
g_g001964,1,2,2306090002,목포역
g_g001964,1,3,2306090003,건 맥스 테이
g_g001964,1,4,2306090004,목포자연사박물관
g_g001964,1,5,2306090005,목포 갓바위
g_g001964,1,6,2306090006,쑥굴레 평화광장점
g_g001964,1,7,2306090007,목포라면 홍어 라면
g_g001964,1,8,2306090008,1897건맥 펍
g_g001964,1,9,2306090009,건맥스테이
g_g001964,2,1,2306100001,중하루
g_g001964,2,2,2306100003,목포근대역사관 1관
g_g001964,2,3,2306100002,쫀데기1973
g_g001964,2,4,2306100004,유달산
g_g001964,2,5,2306100005,채옥순 디저트 카페
g_g001964,2,6,2306100006,목포진유적비
g_g001964,2,7,2306100007,목포라면 홍어 라면
g_g001964,2,8,2306100008,집
g_g001965,1,1,2306100001,집
g_g001965,1,2,2306100003,소노벨 변산
g_g001965,1,3,2306100002,직속폭포
g_g001965,1,4,2306100004,채석강
g_g001965,1,5,2306100005,격포항 어촌계 회 센터 A동 9호
g_g001965,1,6,2306100006,소노벨 변산
g_g001965,2,1,2306110001,내소사
g_g001965,2,2,2306110002,선유 스카이 썬 라인
g_g001965,2,3,2306110003,계룡산국립공원
g_g001965,2,4,2306110004,집
g_g001977,1,1,2306240001,집
g_g001977,1,2,2306240004,산 아래 석갈비 2호점
g_g001977,1,3,2306240003,마장 프리미엄 주유소 통영방향
g_g001977,1,4,2306240005,박달재 자연휴양림
g_g001977,1,5,2306240006,교촌치킨 투고 포레스트 리솜점
g_g001977,1,6,2306240002,포레스트 리솜
g_g001977,2,1,2306250001,포레스트 리솜 해브나인스파
g_g001977,2,2,2306250002,들밥애 포레스트 리솜점
g_g001977,2,3,2306250003,충주댐 1985
g_g001977,2,4,2306250004,충주고구려천문과학관
g_g001977,2,5,2306250005,집
g_g001981,1,1,2306100001,친구 친지 집
g_g001981,1,2,2306100002,홍성휴게소 목포 방향
g_g001981,1,3,2306100003,지린성
g_g001981,1,4,2306100004,일제강점기 군산역사관
g_g001981,1,5,2306100006,라파르테라스
g_g001981,1,6,2306100005,동국사
g_g001981,1,7,2306100008,변산 마실 길 1코스(저 개미 패총기)
g_g001981,1,8,2306100007,선유도해수욕장
g_g001981,1,9,2306100009,순돌이 곱창
g_g001981,1,10,2306100010,이성당 본점
g_g001981,1,11,2306100011,링스 모텔
g_g001981,2,1,2306110001,초원 사진관
g_g001981,2,2,2306110002,치히로 군산 월명점
g_g001981,2,3,2306110003,진포해양테마공원
g_g001981,2,4,2306110006,진포해양테마공원
g_g001981,2,5,2306110004,미즈 커피
g_g001981,2,6,2306110005,군산근대역사박물관
g_g001981,2,7,2306110007,한양 백두 9단지 아파트
g_g001984,1,1,2307080001,집
g_g001984,1,2,2307080003,문막휴게소 강릉방향
g_g001984,1,3,2307080004,이천쌀밥집
g_g001984,1,4,2307080005,활옷 동굴
g_g001984,1,5,2307080006,수주팔봉
g_g001984,1,6,2307080007,소원갈비 충주점
g_g001984,1,7,2307080002,스테이션로지호텔 충주
g_g001984,2,1,2307090002,지산 주유소
g_g001984,2,2,2307090003,보릿고개
g_g001984,2,3,2307090004,의림지
g_g001984,2,4,2307090005,의림지 용추폭포 유리 전망대
g_g001984,2,5,2307090006,의림지 파크랜드
g_g001984,2,6,2307090007,하고천
g_g001984,2,7,2307090008,미스 봉봉
g_g001984,2,8,2307090001,집
g_g001993,1,1,2306230001,집
g_g001993,1,2,2306230003,마장 프리미엄 휴게소 하남방향
g_g001993,1,3,2306230004,길치 문화공원
g_g001993,1,4,2306230005,수생식물학습원
g_g001993,1,5,2306230006,풍미당
g_g001993,1,6,2306230007,향곡산방
g_g001993,1,7,2306230008,신탄진휴게소 서울 방향
g_g001993,1,8,2306230009,이천 휴게소 하남방향
g_g001993,1,9,2306230002,집
g_g001995,1,1,2306240001,집
g_g001995,1,2,2306240003,센트럴시티터미널(호남)
g_g001995,1,3,2306240004,유성고속버스터미널
g_g001995,1,4,2306240005,최진엽샤브샤브
g_g001995,1,5,2306240006,카페 카페
g_g001995,1,6,2306240007,잠시 다락 궁동 본점
g_g001995,1,7,2306240008,대전 신세계 아트앤사이언스
g_g001995,1,8,2306240009,스타벅스 신세계 대전 R점
g_g001995,1,9,2306240010,봉명동 우산 거리
g_g001995,1,10,2306240011,오사카 데스
g_g001995,1,11,2306240002,더 휴식 아늑 호텔 유성 2호점
g_g001995,2,1,2306250002,밥 한 톨
g_g001995,2,2,2306250003,벤헤드 바운스
g_g001995,2,3,2306250004,갤러리아백화점 타임월드점
g_g001995,2,4,2306250005,파리바게뜨 유성 장대점
g_g001995,2,5,2306250006,센트럴시티터미널(호남)
g_g001995,2,6,2306250001,집
g_g001999,1,1,2306100001,집
g_g001999,1,2,2306100005,남원항공 우주천문대
g_g001999,1,3,2306100004,남원시립 김병종 미술관
g_g001999,1,4,2306100002,남원 춘향테마파크 남원 에어 레일
g_g001999,1,5,2306100006,광한루원
g_g001999,1,6,2306100008,관서 땅 남성대 예루원 안숙선 명창의 여정 조갑녀살풀이명무관
g_g001999,1,7,2306100007,그라니까
g_g001999,1,8,2306100003,살리지 호텔
g_g001999,2,1,2306110002,남원다움과
g_g001999,2,2,2306110010,순창 메타세과이어길
g_g001999,2,3,2306110003,푸드사이언스 관
g_g001999,2,4,2306110004,발효 소스 토굴
g_g001999,2,5,2306110005,옥천면옥
g_g001999,2,6,2306110006,순창 발효 테마파크
g_g001999,2,7,2306110007,춘향테마파크
g_g001999,2,8,2306110008,남원 축산물 명품관
g_g001999,2,9,2306110009,거창 휴게소 대구방향
g_g001999,2,10,2306110001,집
g_g002014,1,1,2306100001,집
g_g002014,1,2,2306100002,부모님 집
g_g002014,1,3,2306100003,메가 MGC 커피 원주혁신도시점
g_g002014,1,4,2306100004,스시 히어로 청주 하나로 점
g_g002014,1,5,2306100005,유기농산업복합 서비스 지원 단지 열대식물원
g_g002014,1,6,2306100007,청주대학교
g_g002014,1,7,2306100006,오지
g_g002014,1,8,2306100008,레인보 빌
g_g002014,1,9,2306100009,맥주창고
g_g002014,1,10,2306100010,수바다 횟집
g_g002014,1,11,2306100011,박군치킨 율량점
g_g002014,1,12,2306100012,레인보 빌
g_g002014,2,1,2306110001,금왕 휴게소 주유소 제천 방향
g_g002014,2,2,2306110002,강릉 장칼국수 국밥
g_g002014,2,3,2306110003,집
g_g002017,1,1,2306100001,집
g_g002017,1,2,2306100002,세종 호수공원
g_g002017,1,3,2306100003,백소장 세종중앙점
g_g002017,1,4,2306100004,자주 세종다정점
g_g002017,1,5,2306100005,아크엔 북 세종
g_g002017,1,6,2306100006,플레저
g_g002017,1,7,2306100007,집
g_g002019,1,1,2306280001,집
g_g002019,1,2,2306280002,담양국수거리
g_g002019,1,3,2306280003,진우네 집 국수
g_g002019,1,4,2306280005,수비니어
g_g002019,1,5,2306280004,죽녹원
g_g002019,1,6,2306280006,승일 식당
g_g002019,1,7,2306280007,담양 관방제림
g_g002019,1,8,2306280008,뚜벅이 하우스
g_g002019,2,1,2306290001,라라 브레드 담양점
g_g002019,2,2,2306290002,딜라이트 담양
g_g002019,2,3,2306290003,칠링스
g_g002019,2,4,2306290004,담양 죽순 게장
g_g002019,2,5,2306290005,집
g_g002028,1,1,2306230001,집
g_g002028,1,2,2306230002,소노벨 천안
g_g002028,2,1,2306240001,독립기념관
g_g002028,2,2,2306240003,롯데리아 천안 독립기념관점
g_g002028,2,3,2306240002,집
g_g002031,1,1,2306110001,집
g_g002031,1,2,2306110002,대전역
g_g002031,1,3,2306110003,청주역
g_g002031,1,4,2306110004,APM 떡볶이
g_g002031,1,5,2306110005,쫄쫄 호떡
g_g002031,1,6,2306110006,Rad Legacy
g_g002031,1,7,2306110007,펄블리
g_g002031,1,8,2306110008,노티스 북문점
g_g002031,1,9,2306110009,홈 버드
g_g002031,1,10,2306110010,중앙 메밀
g_g002031,1,11,2306110011,청주역
g_g002031,1,12,2306110012,대전역
g_g002031,1,13,2306110013,집
g_g002032,1,1,2306100001,집
g_g002032,1,2,2306100002,매송휴게소 목포 방향
g_g002032,1,3,2306100003,나이스파크 엔 마스트 아산점
g_g002032,1,4,2306100004,하나 금천 미트(둔포점)
g_g002032,1,5,2306100005,마곡사
g_g002032,1,6,2306100006,두부 두부
g_g002032,1,7,2306100008,도담도담 한옥 키즈 펜션
g_g002032,1,8,2306100007,도담도담 한옥 키즈 펜션
g_g002032,2,1,2306110001,도담도담 한옥 키즈 펜션 앞
g_g002032,2,2,2306110002,시흥하늘휴게소 양방향
g_g002032,2,3,2306110003,집
g_g002035,1,1,2306180001,집
g_g002035,1,2,2306180004,이순신 수제버거
g_g002035,1,3,2306180002,용산역
g_g002035,1,4,2306180003,여수엑스포역
g_g002035,1,5,2306180005,여수 딸기 찹쌀떡
g_g002035,1,6,2306180006,이순신광장
g_g002035,1,7,2306180007,펀 코트인 노래방
g_g002035,1,8,2306180009,삼합 싸다고
g_g002035,1,9,2306180010,여수 해양공원
g_g002035,1,10,2306180011,역전 할머니 맥주 여수 이순신광장점
g_g002035,1,11,2306180012,별무인 델
g_g002035,2,1,2306190002,여수낭만항
g_g002035,2,2,2306190005,여수다
g_g002035,2,3,2306190004,스타벅스 여수해양공원점
g_g002035,2,4,2306190003,바다 김밥 본점
g_g002035,2,5,2306190006,여행 집
g_g002035,2,6,2306190007,여수종합버스터미널
g_g002035,2,7,2306190001,집
g_g002037,1,1,2306100001,집
g_g002037,1,2,2306100002,친구 집
g_g002037,1,3,2306100003,음성휴게소 통영방향
g_g002037,1,4,2306100004,국립대전현충원
g_g002037,1,5,2306100005,고모네 떡볶이
g_g002037,1,6,2306100006,성심당 본점
g_g002037,1,7,2306100007,사리원 본점
g_g002037,1,8,2306100008,친구 집
g_g002037,1,9,2306100009,집
g_g002041,1,1,2306110001,집
g_g002041,1,2,2306110003,삽교호관광지
g_g002041,1,3,2306110004,청지기 꽃게장 온양점
g_g002041,1,4,2306110005,현충사
g_g002041,1,5,2306110006,온양 다연 찻집
g_g002041,1,6,2306110007,외암민속마을
g_g002041,1,7,2306110008,호텔 로우 씨 오 카페
g_g002041,2,1,2306120001,왜목마을해수욕장
g_g002041,2,2,2306120002,평택 소사벌 중흥 S 클래스 에코 시티 아파트
g_g002041,2,3,2306120003,배다리 생태공원
g_g002041,2,4,2306120004,집
g_g002046,1,1,2306110001,집
g_g002046,1,2,2306110002,제천옥순봉 출렁다리
g_g002046,1,3,2306110003,도담 삼봉 가마솥 손두부
g_g002046,1,4,2306110004,도담삼봉 관광지
g_g002046,1,5,2306110005,도담삼봉 모터보트
g_g002046,1,6,2306110006,석문
g_g002046,1,7,2306110008,가마골 쉼터
g_g002046,1,8,2306110009,단양 흙마늘 닭강정
g_g002046,1,9,2306110010,소노문단양
g_g002046,2,1,2306120003,단양 금굴 구석기 유적지
g_g002046,2,2,2306120001,소금정공원
g_g002046,2,3,2306120002,카페 산
g_g002046,2,4,2306120004,서흥 김밥
g_g002046,2,5,2306120005,집
g_g002048,1,1,2307010001,집
g_g002048,1,2,2307010007,화양동 야영장
g_g002048,2,1,2307020001,바지 카페
g_g002048,2,2,2307020002,괴산 산맥이 시장
g_g002048,2,3,2307020004,괴산 유기농엑스포 대형 주차장
g_g002048,2,4,2307020003,시원 해물칼국수
g_g002048,2,5,2307020005,집
g_g002056,1,1,2306130001,집
g_g002056,1,2,2306130003,파리바게뜨 복합터미널 승차 장점
g_g002056,1,3,2306130004,수생식물학습원
g_g002056,1,4,2306130005,호수 위의 찻집
g_g002056,1,5,2306130006,돌솥 식당(꽃 피는 산골)
g_g002056,1,6,2306130007,하늘만큼
g_g002056,1,7,2306130008,영풍문고 대전터미널점
g_g002056,1,8,2306130009,닥치고 춘천 전통 닭갈비 1호점
g_g002056,1,9,2306130002,루원 더 퍼스트 아파트
g_g002059,1,1,2306230001,집
g_g002059,1,2,2306230002,오창휴게소 남이 방향
g_g002059,1,3,2306230003,수생식물학습원
g_g002059,1,4,2306230004,부소담악
g_g002059,1,5,2306230005,나루터 식당
g_g002059,1,6,2306230006,대전근현대사전시관
g_g002059,1,7,2306230007,토요코인 호텔 정부청사앞점
g_g002059,1,8,2306230008,대전역 대전 1호선
g_g002059,1,9,2306230009,토요코인 호텔 정부청사앞점
g_g002059,2,1,2306240002,엑스포과학공원 한빛탑
g_g002059,2,2,2306240001,장태산자연휴양림
g_g002059,2,3,2306240003,음성휴게소 하남방향
g_g002059,2,4,2306240004,김수환 식당
g_g002059,2,5,2306240005,집
g_g002073,1,1,2306240001,집
g_g002073,1,2,2306240002,푸드코트 금강휴게소점
g_g002073,1,3,2306240003,성심당 본점
g_g002073,1,4,2306240004,성심당 케이크 부티크
g_g002073,1,5,2306240005,엑스포과학공원
g_g002073,1,6,2306240006,골프존 조이 마루
g_g002073,1,7,2306240007,성당 래미안 e 편한 세상 3단지 아파트
g_g002073,1,8,2306240008,태양 골드 하이츠
g_g002073,1,9,2306240009,집
g_g002075,1,1,2307080001,집
g_g002075,1,2,2307080002,스타벅스 수원 정자 사거리 DT점
g_g002075,1,3,2307080003,솥뚜껑 매운탕
g_g002075,1,4,2307080004,마곡사
g_g002075,1,5,2307080005,카페 운암
g_g002075,1,6,2307080006,달빛정원 한옥 게스트하우스
g_g002075,1,7,2307080007,공주 산성시장
g_g002075,1,8,2307080012,달빛정원 한옥 게스트하우스
g_g002075,2,1,2307090001,베이커리 밤마을
g_g002075,2,2,2307090002,공산성
g_g002075,2,3,2307090003,원진노기순청국장
g_g002075,2,4,2307090004,집
g_g002078,1,1,2306100001,집
g_g002078,1,2,2306100002,익산역
g_g002078,1,3,2306100003,서대전역
g_g002078,1,4,2306100004,스타벅스 대전중앙로 R점
g_g002078,1,5,2306100005,성심당 본점
g_g002078,1,6,2306100006,성심당 케이크 부티크
g_g002078,1,7,2306100007,성심당 문화원
g_g002078,1,8,2306100008,100시트
g_g002078,1,9,2306100009,코인 스카이 노래연습장
g_g002078,1,10,2306100010,호텔 페이지
g_g002078,1,11,2306100011,금강로하스 산홋빛공원
g_g002078,1,12,2306100012,호텔 페이지
g_g002078,2,1,2306110001,금강로하스 산홋빛공원
g_g002078,2,2,2306110002,동경이 쇼쿠
g_g002078,2,3,2306110003,아임일 리터 신탄진점
g_g002078,2,4,2306110004,신탄진역
g_g002078,2,5,2306110005,익산역
g_g002078,2,6,2306110006,집
g_g002088,1,1,2306240001,집
g_g002088,1,2,2306240002,옥산휴게소 부산방향
g_g002088,1,3,2306240003,봉이 호떡
g_g002088,1,4,2306240004,만인산자연휴양림
g_g002088,1,5,2306240005,옛 터 민속박물관
g_g002088,1,6,2306240006,원조태평소국밥
g_g002088,1,7,2306240008,토리아 에즈 대전 봉명점
g_g002088,1,8,2306240009,오늘 우리
g_g002088,1,9,2306240010,경하 온천호텔
g_g002088,2,1,2306250001,설천 순대 국밥 유성 직영점
g_g002088,2,2,2306250002,집
g_g002089,1,1,2306170001,집
g_g002089,1,2,2306170002,세류역 1호선
g_g002089,1,3,2306170003,유스퀘어 광주종합버스터미널
g_g002089,1,4,2306170004,서울 곱창
g_g002089,1,5,2306170005,코튼지 수플레
g_g002089,1,6,2306170006,메타세쿼이아 가로수길
g_g002089,1,7,2306170007,마테오라 펜션
g_g002089,2,1,2306180001,소바 집 본점
g_g002089,2,2,2306180002,죽녹원
g_g002089,2,3,2306180003,카페 쿠이 롤
g_g002089,2,4,2306180005,소쇄원
g_g002089,2,5,2306180004,담양 샌드
g_g002089,2,6,2306180006,동하다
g_g002089,2,7,2306180007,유스퀘어 광주종합버스터미널
g_g002089,2,8,2306180008,수원 버스터미널
g_g002089,2,9,2306180009,집
g_g002094,1,1,2306240001,집
g_g002094,1,2,2306240006,건봉 국밥
g_g002094,1,3,2306240002,낙안읍성 민속마을
g_g002094,1,4,2306240003,순천만 국가정원
g_g002094,1,5,2306240004,순천만습지
g_g002094,1,6,2306240007,순천만 국가정원
g_g002094,1,7,2306240008,풍미 통닭
g_g002094,1,8,2306240005,테라칸 모텔
g_g002094,2,1,2306250002,브런치빈 순천점
g_g002094,2,2,2306250003,공차 순천 신대점
g_g002094,2,3,2306250001,집
g_g002096,1,1,2307030001,집
g_g002096,1,2,2307030003,감곡 매괴 성모 순교성지
g_g002096,1,3,2307030004,달거니 해장국 본점
g_g002096,1,4,2307030005,카페 갤러리
g_g002096,1,5,2307030006,금왕 성당
g_g002096,1,6,2307030007,백야자연휴양림
g_g002096,1,7,2307030008,왔소이다
g_g002096,1,8,2307030002,집
g_g002098,1,1,2306180001,집
g_g002098,1,2,2306180003,진천 농다리 주차장
g_g002098,1,3,2306180004,보탑사
g_g002098,1,4,2306180006,성불산 자연휴양림
g_g002098,2,1,2306190002,각연사
g_g002098,2,2,2306190003,초원의 집
g_g002098,2,3,2306190001,집
g_g002104,1,1,2306160001,사무실
g_g002104,1,2,2306160002,순창 TG
g_g002104,1,3,2306160003,전주시 공영자전거 오목대 대여소
g_g002104,1,4,2306160004,교동 미술관 2관
g_g002104,1,5,2306160005,전동성당
g_g002104,1,6,2306160006,전주공예품 전시관
g_g002104,1,7,2306160007,치히로
g_g002104,1,8,2306160008,화이트 관광호텔
g_g002104,1,9,2306160009,전북대학교 전주캠퍼스
g_g002104,1,10,2306160010,화이트 관광호텔
g_g002104,2,1,2306170001,한국도로공사 전주수목원
g_g002104,2,2,2306170002,미소 댓잎 국수
g_g002104,2,3,2306170003,운암동 롯데캐슬 아파트 3단지 전기차 충전소
g_g002109,1,1,2306180001,집
g_g002109,1,2,2306180002,송강정
g_g002109,1,3,2306180003,봉산농협 쌍교 로컬푸드 직매장
g_g002109,1,4,2306180004,쌍교 숯불갈비 담양 본점
g_g002109,1,5,2306180005,금호 화순 스파 리조트
g_g002109,1,6,2306180006,금호 화순 스파 리조트
g_g002109,2,1,2306190001,금호 화순 스파 리조트
g_g002109,2,2,2306190002,집
g_g002110,1,1,2306110001,집
g_g002110,1,2,2306110002,용천 막국수 본점
g_g002110,1,3,2306110003,포레스트 리솜
g_g002110,1,4,2306110005,포레스트 리솜 별똥카페
g_g002110,1,5,2306110004,들밥애 포레스트 리솜점
g_g002110,1,6,2306110006,둥지 치킨
g_g002110,1,7,2306110007,포레스트 리솜
g_g002110,2,1,2306120001,선데이 브리즈 리솜리조트 제천점
g_g002110,2,2,2306120002,포레스트 리솜 해브나인스파
g_g002110,2,3,2306120003,포레스트 리솜 더 그릴 72
g_g002110,2,4,2306120004,집
g_g002120,1,1,2306100001,집
g_g002120,1,2,2306100002,진산 성지
g_g002120,1,3,2306100003,금산 원조 김정이 삼계탕
g_g002120,1,4,2306100004,칠백의총 칠백의사순의 탑
g_g002120,1,5,2306100005,하늘물빛정원
g_g002120,1,6,2306100006,집
g_g002122,1,1,2306300001,집
g_g002122,1,2,2306300002,빛가람 전망대
g_g002122,1,3,2306300003,중흥 오투 스파
g_g002122,2,1,2307010001,전라남도 산림자원연구소
g_g002122,2,2,2307010002,국립나주 박물관
g_g002122,2,3,2307010003,고봉인 김밥인 나주 빛가람 1호점
g_g002122,2,4,2307010004,집
g_g002127,1,1,2306170001,집
g_g002127,1,2,2306170002,괴산한우
g_g002127,1,3,2306170003,가리티커피
g_g002127,1,4,2306170004,괴산 군자농협 하나로마트 칠성점
g_g002127,1,5,2306170005,충청북도 괴산 증평교육지원청 쌍곡 휴양소
g_g002127,1,6,2306170006,쌍곡계곡 물
g_g002127,1,7,2306170007,멕시카나치킨 괴산점
g_g002127,1,8,2306170008,충청북도 괴산 증평교육지원청 쌍곡 휴양소
g_g002127,2,1,2306180001,감물면 다 함께 돌봄 센터
g_g002127,2,2,2306180002,영계
g_g002127,2,3,2306180003,문광 상회
g_g002127,2,4,2306180004,집
g_g002130,1,1,2306240001,집
g_g002130,1,2,2306240003,기흥휴게소 부산방향
g_g002130,1,3,2306240004,독립기념관
g_g002130,1,4,2306240005,홈플러스 천안 신방점
g_g002130,1,5,2306240006,챔피언 키즈 스포츠클럽 천안 신방점
g_g002130,1,6,2306240007,정겨운 항아리갈비 본점
g_g002130,1,7,2306240002,초원마을 그린타운 아파트
g_g002130,2,1,2306250001,집
g_g002134,1,1,2306100001,집
g_g002134,1,2,2306100002,김천 IC 주유소
g_g002134,1,3,2306100003,대전지방법원 주차장
g_g002134,1,4,2306100004,서우 마트 공주 식자재 주차장
g_g002134,1,5,2306100005,파크 오브 드림
g_g002134,2,1,2306110001,내재
g_g002134,2,2,2306110002,미르 섬
g_g002134,2,3,2306110003,유구 색동수국정원
g_g002134,2,4,2306110004,오버패스
g_g002134,2,5,2306110005,공주 메타세쿼이아숲길
g_g002134,2,6,2306110006,교동 면옥 공주신관점
g_g002134,2,7,2306110007,공산성
g_g002134,2,8,2306110008,대전지방법원 공주지원 주차장
g_g002134,2,9,2306110009,집
g_g002144,1,1,2307090001,집
g_g002144,1,2,2307090002,광명역
g_g002144,1,3,2307090003,전주역
g_g002144,1,4,2307090004,전주한옥 레일바이크
g_g002144,1,5,2307090005,아중 호수
g_g002144,1,6,2307090006,전주 농부가
g_g002144,1,7,2307090007,Cafe 홍시궁 객리단길 본점
g_g002144,1,8,2307090008,나들 방
g_g002144,1,9,2307090009,전주한옥마을
g_g002144,1,10,2307090010,금암면옥 객사점
g_g002144,1,11,2307090011,다가 양조장
g_g002144,1,12,2307090012,나들 방
g_g002144,2,1,2307100001,나들 벌
g_g002144,2,2,2307100002,전주관광호텔
g_g002144,2,3,2307100003,전주역
g_g002144,2,4,2307100004,집
g_g002148,1,1,2306110001,집
g_g002148,1,2,2306110002,온빛 자연휴양림
g_g002148,1,3,2306110003,탑정 가마솥 소머리곰탕
g_g002148,1,4,2306110004,탑정호 출렁다리
g_g002148,1,5,2306110005,초서
g_g002148,1,6,2306110006,양촌양조장
g_g002148,1,7,2306110007,집
g_g002150,1,1,2306240001,집
g_g002150,1,2,2306240002,태화 분식
g_g002150,1,3,2306240003,평택복합휴게소
g_g002150,1,4,2306240004,남면농협 하나로마트 청포대점
g_g002150,1,5,2306240005,마검포태안캠핑장
g_g002150,1,6,2306240006,마검포해수욕장
g_g002150,1,7,2306240007,마검포태안캠핑장
g_g002150,1,8,2306240008,마검포해수욕장
g_g002150,1,9,2306240009,마검포태안캠핑장
g_g002150,2,1,2306250001,커피 홀 베이커리 태안 청포대점
g_g002150,2,2,2306250002,청포대해수욕장
g_g002150,2,3,2306250003,평택복합휴게소
g_g002150,2,4,2306250004,집
g_g002151,1,1,2306240001,집
g_g002151,1,2,2306240002,고창문화터미널
g_g002151,1,3,2306240003,혜성 메밀
g_g002151,1,4,2306240004,모로 가게
g_g002151,1,5,2306240005,고창 고인돌 박물관
g_g002151,1,6,2306240006,고창 운곡 람사르 습지
g_g002151,1,7,2306240007,우리 수산 풍천 장어 2호점
g_g002151,1,8,2306240008,고창읍성
g_g002151,1,9,2306240009,고창 웹파크시티 힐링카운티
g_g002151,2,1,2306250001,석정옥
g_g002151,2,2,2306250002,석정 휴 스파
g_g002151,2,3,2306250003,청녹원
g_g002151,2,4,2306250004,고창문화터미널
g_g002151,2,5,2306250005,정안 알밤 휴게소 천안 방향
g_g002151,2,6,2306250006,센트럴시티터미널(호남)
g_g002151,2,7,2306250007,집
g_g002152,1,1,2306200001,집
g_g002152,1,2,2306200002,도담삼봉 관광지
g_g002152,1,3,2306200003,단양구경시장
g_g002152,1,4,2306200004,장미터널
g_g002152,1,5,2306200005,단양구경시장
g_g002152,1,6,2306200006,소노문단양
g_g002152,1,7,2306200007,소노문단양
g_g002152,2,1,2306210001,고운골 아편 쉼뜰 조덕수 고택
g_g002152,2,2,2306210002,다리안 관광지
g_g002152,2,3,2306210003,도담삼봉 단양 유람선 선착장
g_g002152,2,4,2306210004,단양구경시장
g_g002152,2,5,2306210005,단양강잔도
g_g002152,2,6,2306210006,집
g_g002154,1,1,2307010001,집
g_g002154,1,2,2307010002,서면 식자재마트
g_g002154,1,3,2307010003,춘장대 솔내음 야영장
g_g002154,2,1,2307020001,춘장대해수욕장
g_g002154,2,2,2307020002,홍원항
g_g002154,2,3,2307020003,부여 백제 휴게소 주유소 공주방향
g_g002154,2,4,2307020004,집
g_g002156,1,1,2307080001,집
g_g002156,1,2,2307080003,부안 맛집 다해 꽃게장
g_g002156,1,3,2307080004,곰소염전
g_g002156,1,4,2307080005,달고는
g_g002156,1,5,2307080006,매창공원
g_g002156,1,6,2307080007,하이푸드 식자재마트
g_g002156,1,7,2307080008,격포항 수산시장
g_g002156,1,8,2307080002,선셋 펜션
g_g002156,2,1,2307090001,슬지 제빵소
g_g002156,2,2,2307090002,집
g_g002159,1,1,2307070001,집
g_g002159,1,2,2307070002,용인휴게소 강릉방향
g_g002159,1,3,2307070003,메밀면 묵밥 리
g_g002159,1,4,2307070004,켄싱턴리조트 충주
g_g002159,2,1,2307080001,새바지살
g_g002159,2,2,2307080002,중앙탑 막국수
g_g002159,2,3,2307080003,중앙탑 사적공원
g_g002159,2,4,2307080004,중앙탑공원 중원 탑평리 7층 석탑
g_g002159,2,5,2307080006,부모님댁
g_g002159,2,6,2307080005,집
g_g002161,1,1,2306100001,집
g_g002161,1,2,2306100002,대원정
g_g002161,1,3,2306100004,보성 녹차밭
g_g002161,1,4,2306100003,녹차 직매장
g_g002161,1,5,2306100005,대한다업(주) 보성다원 카페
g_g002161,1,6,2306100006,율포해수욕장
g_g002161,1,7,2306100007,플라밍고 카페
g_g002161,1,8,2306100008,조선대 후문
g_g002164,1,1,2306170001,집
g_g002164,1,2,2306170002,키와 마루이지 청주점
g_g002164,1,3,2306170003,현대백화점 충청점
g_g002164,1,4,2306170004,롯데 아웃렛 청주점
g_g002164,1,5,2306170005,진재공원
g_g002164,1,6,2306170006,목장 곱창
g_g002164,1,7,2306170007,복대동 13-7
g_g002164,2,1,2306180001,일점이 안경원
g_g002164,2,2,2306180002,중앙로파돈까스
g_g002164,2,3,2306180003,성안길
g_g002164,2,4,2306180004,다이소 청주본점
g_g002164,2,5,2306180005,청주 중앙공원
g_g002164,2,6,2306180006,쫄쫄 호떡
g_g002164,2,7,2306180007,투썸플레이스 청주 메가폴리스점
g_g002164,2,8,2306180008,집
g_g002169,1,1,2306170001,집
g_g002169,1,2,2306170002,거창 휴게소 광주방향
g_g002169,1,3,2306170003,진안 마이산 휴게소 익산 방향
g_g002169,1,4,2306170004,양평 해장국 구암 앤드 오션점
g_g002169,1,5,2306170005,군산 예술의전당
g_g002169,1,6,2306170006,라시에 스타 호텔
g_g002169,1,7,2306170007,군산 루어낚시 연구소
g_g002169,1,8,2306170008,군산 예술의전당
g_g002169,1,9,2306170009,오늘도 물회 아귀찜
g_g002169,1,10,2306170010,CU 지곡 원룸점
g_g002169,1,11,2306170011,라시에 스타 호텔
g_g002169,2,1,2306180001,밸리 피싱
g_g002169,2,2,2306180003,탑정호 출렁다리
g_g002169,2,3,2306180004,탑정호WACU
g_g002169,2,4,2306180005,추풍령 휴게소 부산방향
g_g002169,2,5,2306180002,하나 바렐 연마
g_g002176,1,1,2306100001,집
g_g002176,1,2,2306100002,영춘 가마솥 소머리곰탕
g_g002176,1,3,2306100003,드림 스위트 키즈패밀리 펜션
g_g002176,1,4,2306100004,온달관광지
g_g002176,1,5,2306100008,드림 스위트 키즈패밀리 펜션
g_g002176,2,1,2306110001,카페 산
g_g002176,2,2,2306110002,연화 가든
g_g002176,2,3,2306110003,집
g_g002177,1,1,2307020001,집
g_g002177,1,2,2307020003,월악산국립공원 금수산 코스
g_g002177,1,3,2307020004,백마 식당
g_g002177,1,4,2307020002,소선암 오토캠핑장
g_g002177,2,1,2307030002,충주로 관광선 장회나루
g_g002177,2,2,2307030003,마늘 석갈비 막국수
g_g002177,2,3,2307030004,고수동굴
g_g002177,2,4,2307030001,집
g_g002178,1,1,2306140001,사무실
g_g002178,1,2,2306140002,언노운 호텔
g_g002178,1,3,2306140003,담양 관방제림
g_g002178,1,4,2306140004,언노운 호텔
g_g002178,2,1,2306150001,라라 브레드 담양점
g_g002178,2,2,2306150002,광주 첨단 2지구 사랑으로 부영아파트
g_g002189,1,1,2306230001,집
g_g002189,1,2,2306230002,전주 현대옥 덕지는 광장점
g_g002189,1,3,2306230003,덕진 정류장
g_g002189,1,4,2306230004,유성시외버스정류소
g_g002189,1,5,2306230005,다이소 대전 반석점
g_g002189,1,6,2306230006,로드 195카페
g_g002189,1,7,2306230008,두바이 호텔
g_g002189,1,8,2306230009,삽교호관광지
g_g002189,1,9,2306230010,삽교호 놀이공원
g_g002189,1,10,2306230011,청해 조개구이 회 센터 영미네 맛집
g_g002189,1,11,2306230012,CU 당진 삽교 부자점
g_g002189,1,12,2306230013,삽교호 바다공원
g_g002189,1,13,2306230014,두바이 호텔
g_g002189,2,1,2306240001,요거 블랑
g_g002189,2,2,2306240002,아미 미술관
g_g002189,2,3,2306240003,신풍 휴게소 상주방향
g_g002189,2,4,2306240004,호우섬 신세계 아트앤사이언스점
g_g002189,2,5,2306240005,대전 신세계 아트앤사이언스
g_g002189,2,6,2306240006,유성시외버스정류소
g_g002189,2,7,2306240007,전주 시외버스 공용터미널
g_g002189,2,8,2306240008,집
g_g002190,1,1,2306300001,집
g_g002190,1,2,2306300002,서울고속버스터미널(경부)
g_g002190,1,3,2306300003,공주종합버스터미널
g_g002190,1,4,2306300004,호텔 잉크
g_g002190,1,5,2306300005,공주한옥마을
g_g002190,1,6,2306300006,국립공주 박물관
g_g002190,1,7,2306300007,백제 오감 체험관
g_g002190,1,8,2306300008,무령왕릉
g_g002190,1,9,2306300009,웅진백제역사관
g_g002190,1,10,2306300010,창경 식당
g_g002190,1,11,2306300011,반죽동 당간 지주
g_g002190,1,12,2306300012,공주 풀꽃 문학관
g_g002190,1,13,2306300013,옛 공주읍 사무소
g_g002190,1,14,2306300014,중동성당
g_g002190,1,15,2306300015,박찬호 기념관
g_g002190,1,16,2306300016,부자 떡집
g_g002190,1,17,2306300017,공산성
g_g002190,1,18,2306300018,호텔 잉크
g_g002190,2,1,2307010001,공주종합버스터미널
g_g002190,2,2,2307010002,국립 중앙과학관
g_g002190,2,3,2307010003,대전시립미술관
g_g002190,2,4,2307010004,이응노미술관
g_g002190,2,5,2307010005,한밭수목원
g_g002190,2,6,2307010006,성심당 본점
g_g002190,2,7,2307010007,대전역
g_g002190,2,8,2307010008,서울역
g_g002190,2,9,2307010009,집
g_g002195,1,1,2306240001,집
g_g002195,1,2,2306240003,태백산맥 문학관
g_g002195,1,3,2306240004,한 부자네 집
g_g002195,1,4,2306240005,모리 씨 빵 가게
g_g002195,1,5,2306240006,벌교 베트남 쌀국수 식당
g_g002195,1,6,2306240008,머시게 숯불구이
g_g002195,1,7,2306240007,다이소 벌교점
g_g002195,1,8,2306240002,월곡 영화골 벽화마을
g_g002195,2,1,2306250001,월곡 영화골 벽화마을
g_g002195,2,2,2306250002,태백산맥 문학공원
g_g002195,2,3,2306250003,채동선 음악당
g_g002195,2,4,2306250004,벌교 금융조합
g_g002195,2,5,2306250005,배스킨라빈스 전남벌교점
g_g002195,2,6,2306250006,월곡 영화골 벽화마을
g_g002197,1,1,2306100001,집
g_g002197,1,2,2306100003,유성고속버스터미널
g_g002197,1,3,2306100004,광주종합터미널
g_g002197,1,4,2306100005,화순 맷돌 콩물 국수
g_g002197,1,5,2306100006,선선 커피
g_g002197,1,6,2306100007,운주사
g_g002197,1,7,2306100008,티라미뚜
g_g002197,1,8,2306100009,블랙 테일 버거 양림동 본점
g_g002197,1,9,2306100010,유일선 선교사 사택
g_g002197,1,10,2306100011,파세아르
g_g002197,1,11,2306100012,광주종합터미널
g_g002197,1,12,2306100013,유성고속버스터미널
g_g002197,1,13,2306100002,집
g_g002198,1,1,2306170001,집
g_g002198,1,2,2306170002,답십리역 5호선
g_g002198,1,3,2306170003,서울역
g_g002198,1,4,2306170004,광주송정역
g_g002198,1,5,2306170005,역서사소
g_g002198,1,6,2306170006,영명 국밥
g_g002198,1,7,2306170007,블레스롤
g_g002198,1,8,2306170008,광주 공연 마루
g_g002198,1,9,2306170009,보틀 벙커 롯데마트 맥스 상무점
g_g002198,1,10,2306170010,더벤티 상무치 평점
g_g002198,1,11,2306170011,쨍하고
g_g002198,1,12,2306170012,공감
g_g002198,1,13,2306170013,이마트 24 상무 유탑 호텔점
g_g002198,1,14,2306170022,유탑 부티크 호텔 레지던스
g_g002198,2,1,2306180001,영미 오리탕 상무점
g_g002198,2,2,2306180002,주스 라벨
g_g002198,2,3,2306180003,중흥 S-클래스 스카이 31오피스텔
g_g002198,2,4,2306180004,신세계백화점 광주신세계점
g_g002198,2,5,2306180005,유스퀘어 광주종합버스터미널
g_g002198,2,6,2306180006,죽암휴게소 서울 방향
g_g002198,2,7,2306180007,신세계 센트럴시티
g_g002198,2,8,2306180008,집
g_g002202,1,1,2307080001,집
g_g002202,1,2,2307080002,동대구역
g_g002202,1,3,2307080003,대전역
g_g002202,1,4,2307080004,유성온천역 대전 1호선
g_g002202,1,5,2307080005,파도 수산
g_g002202,1,6,2307080006,충남대학교 대덕캠퍼스
g_g002202,1,7,2307080007,49통닭
g_g002202,1,8,2307080008,유성온천역 대전 1호선
g_g002202,2,1,2307090001,스타벅스 대전도안 DT점
g_g002202,2,2,2307090002,페리토에스프레소바
g_g002202,2,3,2307090003,떡만집 본점
g_g002202,2,4,2307090004,롯데시네마 대전 둔산
g_g002202,2,5,2307090005,KFC 노은역점
g_g002202,2,6,2307090006,대전 월드컵 경기장
g_g002202,2,7,2307090007,대전역
g_g002202,2,8,2307090009,동대구역
g_g002202,2,9,2307090008,집
g_g002204,1,1,2306170001,집
g_g002204,1,2,2306170003,도깨비 양조장
g_g002204,1,3,2306170004,보리 곳간
g_g002204,1,4,2306170005,장미터널
g_g002204,1,5,2306170006,단양구경시장
g_g002204,1,6,2306170008,사인암
g_g002204,1,7,2306170010,단양구경시장
g_g002204,1,8,2306170009,수 펜션
g_g002204,1,9,2306170011,두메고 마늘보쌈
g_g002204,1,10,2306170002,수 펜션
g_g002204,2,1,2306180001,다르다면 본점
g_g002204,2,2,2306180002,양망산 전망대
g_g002204,2,3,2306180003,만천하 스카이워크
g_g002204,2,4,2306180004,충청도 순대
g_g002204,2,5,2306180005,수양개 빛 터널
g_g002204,2,6,2306180006,파리 크루아상 천등산 주유소 평택 방향
g_g002204,2,7,2306180007,집
g_g002207,1,1,2306180001,집
g_g002207,1,2,2306180002,변산해수욕장
g_g002207,1,3,2306180004,호텔원 변산점
g_g002207,1,4,2306180003,적벽강
g_g002207,1,5,2306180005,바람 섬
g_g002207,1,6,2306180006,마르
g_g002207,1,7,2306180007,격포항 수산시장
g_g002207,1,8,2306180008,호텔원 변산점
g_g002207,2,1,2306190001,채석강
g_g002207,2,2,2306190002,모 식당
g_g002207,2,3,2306190003,슬지 제빵소
g_g002207,2,4,2306190004,집
g_g002212,1,1,2306240001,집
g_g002212,1,2,2306240002,매곡 대주피오레 아파트
g_g002212,1,3,2306240003,춘원 서옥 카페
g_g002212,1,4,2306240005,청광 도예원
g_g002212,1,5,2306240004,윤제림
g_g002212,1,6,2306240006,매곡 대주피오레 아파트
g_g002212,1,7,2306240007,집
g_g002214,1,1,2306170001,집
g_g002214,1,2,2306170002,대천 리조텔
g_g002214,1,3,2306170003,만남의 광장
g_g002214,1,4,2306170004,머드광장
g_g002214,1,5,2306170006,1987루프탑 라운지 클램
g_g002214,1,6,2306170005,삼선 조개구이 횟집
g_g002214,1,7,2306170007,한화리조트 대천 파로스
g_g002214,1,8,2306170008,대천 리조텔
g_g002214,2,1,2306180001,황궁 중화요리
g_g002214,2,2,2306180002,리에또
g_g002214,2,3,2306180003,집
g_g002219,1,1,2306100001,집
g_g002219,1,2,2306100002,금산인삼랜드 주유소 통영방향(하행)
g_g002219,1,3,2306100003,태권도원
g_g002219,2,1,2306110001,국립 태권도 박물관
g_g002219,2,2,2306110002,태권도원 공연마당
g_g002219,2,3,2306110003,태권도원 모노레일 승강장
g_g002219,2,4,2306110004,태권도원 체험관 Yap
g_g002219,2,5,2306110006,무주 반디랜드 무주 곤충 박물관
g_g002219,2,6,2306110005,백리향
g_g002219,2,7,2306110007,집
g_g002220,1,1,2306170001,사무실
g_g002220,1,2,2306170002,이어령 도서관
g_g002220,1,3,2306170004,원조 온천 정육 식당
g_g002220,1,4,2306170005,도고 별장 스파피아
g_g002220,1,5,2306170003,충남 아산시 도고면 기곡리
g_g002220,2,1,2306180002,서울대공원 둘레길
g_g002220,2,2,2306180001,사무실
g_g002222,1,1,2306300001,집
g_g002222,1,2,2306300002,더 스위트호텔 남원
g_g002222,1,3,2306300003,남원 예천
g_g002222,1,4,2306300004,더 스위트호텔 남원
g_g002222,2,1,2307010001,광한루원
g_g002222,2,2,2307010002,연 식당
g_g002222,2,3,2307010003,춘향테마파크
g_g002222,2,4,2307010004,빈 타이 남원점
g_g002222,2,5,2307010005,집
g_g002223,1,1,2306170001,집
g_g002223,1,2,2306170002,시민 멸치국수
g_g002223,1,3,2306170005,왕도 농원
g_g002223,1,4,2306170003,김계휘 신도비
g_g002223,1,5,2306170004,연산 영산재
g_g002223,1,6,2306170006,탑정호 수변테크
g_g002223,1,7,2306170007,계룡 돌솥 쌈밥
g_g002223,1,8,2306170008,초원 모텔
g_g002223,1,9,2306170009,철수네 매운 갈비찜
g_g002223,1,10,2306170010,오늘 와인 한 잔(대전 봉명점)
g_g002223,1,11,2306170011,오늘 와인 한 잔(대전 봉명점)
g_g002223,2,1,2306180001,초원 모텔
g_g002223,2,2,2306180002,집
g_g002224,1,1,2306240001,집
g_g002224,1,2,2306240002,제천 중앙시장
g_g002224,1,3,2306240003,의림지
g_g002224,1,4,2306240004,본초 다담
g_g002224,1,5,2306240005,고기 어때
g_g002224,1,6,2306240010,수안보파크호텔
g_g002224,2,1,2306250001,수안보파크호텔 온천
g_g002224,2,2,2306250002,어미가
g_g002224,2,3,2306250003,친구 집
g_g002224,2,4,2306250004,집
g_g002230,1,1,2306300001,사무실
g_g002230,1,2,2306300002,전주관광호텔
g_g002230,1,3,2306300003,두부 키친
g_g002230,1,4,2306300004,올 데에 잭
g_g002230,1,5,2306300006,전주관광호텔
g_g002230,2,1,2307010001,육일 식당
g_g002230,2,2,2307010002,하루 플러스
g_g002230,2,3,2307010003,오목교
g_g002230,2,4,2307010004,어노랜지
g_g002230,2,5,2307010005,라루체빌
g_g002232,1,1,2306230001,집
g_g002232,1,2,2306230002,동대구역
g_g002232,1,3,2306230003,전주 고속버스터미널
g_g002232,1,4,2306230004,전주한옥마을
g_g002232,1,5,2306230005,나들 벌
g_g002232,1,6,2306230006,전동성당
g_g002232,1,7,2306230007,전라감영
g_g002232,1,8,2306230008,MH 호텔 별관
g_g002232,1,9,2306230009,이르리
g_g002232,1,10,2306230010,서울공업사
g_g002232,1,11,2306230011,주인 테이블
g_g002232,1,12,2306230012,MH 호텔 별관
g_g002232,2,1,2306240001,객사길
g_g002232,2,2,2306240002,규카츠정
g_g002232,2,3,2306240003,오른 케이크
g_g002232,2,4,2306240004,전주 고속버스터미널
g_g002232,2,5,2306240005,동대구역
g_g002232,2,6,2306240006,집
g_g002233,1,1,2306220001,집
g_g002233,1,2,2306220002,신도회관
g_g002233,1,3,2306220003,국민여가캠핑장
g_g002233,2,1,2306230001,태조산공원 주차장
g_g002233,2,2,2306230002,알찬 하루
g_g002233,2,3,2306230003,뷰 282
g_g002233,2,4,2306230004,집
g_g002235,1,1,2306110001,집
g_g002235,1,2,2306110002,고속버스 둔산(청사) 정류장
g_g002235,1,3,2306110003,전주 고속버스터미널
g_g002235,1,4,2306110005,전주한옥마을
g_g002235,1,5,2306110006,마약 육전 2호점
g_g002235,1,6,2306110007,베테랑
g_g002235,1,7,2306110008,귀족의 상실
g_g002235,1,8,2306110009,경기전
g_g002235,1,9,2306110010,마시랑게
g_g002235,1,10,2306110011,전동성당
g_g002235,1,11,2306110012,부경당
g_g002235,1,12,2306110013,하숙영가마솥비빔밥
g_g002235,1,13,2306110014,전주한옥마을
g_g002235,1,14,2306110004,부경당
g_g002235,2,1,2306120001,모주랑
g_g002235,2,2,2306120002,남노갈비 본점
g_g002235,2,3,2306120004,전주 고속버스터미널
g_g002235,2,4,2306120005,고속버스 둔산(청사) 정류장
g_g002235,2,5,2306120003,집
g_g002238,1,1,2306240001,집
g_g002238,1,2,2306240002,광천 식당
g_g002238,1,3,2306240003,커닝
g_g002238,1,4,2306240004,대전근현대사전시관
g_g002238,1,5,2306240005,테마 오래
g_g002238,1,6,2306240006,라마다호텔 대전
g_g002238,1,7,2306240007,원조태평소국밥
g_g002238,1,8,2306240008,커피 인터뷰 봉명점
g_g002238,1,9,2306240009,NC대전 유성점
g_g002238,1,10,2306240010,라마다호텔 대전
g_g002238,2,1,2306250001,엑스포시민광장
g_g002238,2,2,2306250002,스타벅스 대전엑스포 스카이점
g_g002238,2,3,2306250003,집
g_g002241,1,1,2307080001,집
g_g002241,1,2,2307080002,유니 연합소아청소년과의원
g_g002241,1,3,2307080003,농다리은행나무집
g_g002241,1,4,2307080004,진천 농다리
g_g002241,1,5,2307080005,이월 서갑
g_g002241,1,6,2307080006,자연드림 괴산 자연드림파크점
g_g002241,1,7,2307080010,괴산 자연드림파크 Natural dream cafe
g_g002241,1,8,2307080011,고기가 가야 할 길
g_g002241,1,9,2307080012,괴산 자연드림파크 비어라고
g_g002241,1,10,2307080009,괴산 자연드림파크 잔디광장
g_g002241,1,11,2307080008,괴산 자연드림파크
g_g002241,2,1,2307090004,괴산 자연드림파크 스포츠 힐링센터
g_g002241,2,2,2307090002,괴산 트리하우스
g_g002241,2,3,2307090001,돌담 막국수
g_g002241,2,4,2307090005,평택복합휴게소
g_g002241,2,5,2307090003,집
g_g002242,1,1,2306110001,집
g_g002242,1,2,2306110002,송석정
g_g002242,1,3,2306110003,햇살과 달빛
g_g002242,1,4,2306110004,화순한 산정
g_g002242,1,5,2306110005,신안대라수어썸브릿지1아파트
g_g002244,1,1,2306120001,집
g_g002244,1,2,2306120002,기흥휴게소 부산방향
g_g002244,1,3,2306120003,청남대
g_g002244,1,4,2306120004,아띠몽 청주점
g_g002244,1,5,2306120005,안성맞춤 휴게소 로컬푸드 행복장터
g_g002244,1,6,2306120006,집
g_g002245,1,1,2306100001,집
g_g002245,1,2,2306100002,화성휴게소 목포 방향
g_g002245,1,3,2306100003,아름다운 정원과 수목
g_g002245,1,4,2306100004,닭삼백집
g_g002245,1,5,2306100005,소노벨 천안 오션 어드벤처
g_g002245,1,6,2306100006,투썸플레이스 소노벨 천안점
g_g002245,1,7,2306100007,소노벨 천안
g_g002245,2,1,2306110001,브레드 보드
g_g002245,2,2,2306110002,독립기념관
g_g002245,2,3,2306110004,평택 휴게소
g_g002245,2,4,2306110003,집
g_g002247,1,1,2306180001,집
g_g002247,1,2,2306180002,제천옥순봉 출렁다리
g_g002247,1,3,2306180003,제천황기 명태 청풍점
g_g002247,1,4,2306180004,청풍문화재 단지
g_g002247,1,5,2306180005,청풍호 관광 모노레일
g_g002247,1,6,2306180006,콘크리트월
g_g002247,1,7,2306180007,CU 제천역점
g_g002247,1,8,2306180008,하운드 호텔
g_g002247,2,1,2306190001,의림지
g_g002247,2,2,2306190002,의림지 막국수
g_g002247,2,3,2306190003,스타벅스 제천 DT점
g_g002247,2,4,2306190004,포토이즘 박스 제천점
g_g002247,2,5,2306190005,제천 중앙시장
g_g002247,2,6,2306190007,제천역
g_g002247,2,7,2306190006,집
g_g002255,1,1,2306240001,집
g_g002255,1,2,2306240002,바다마을
g_g002255,1,3,2306240003,대청댐 전망대
g_g002255,1,4,2306240004,수라고 채 그릴
g_g002255,1,5,2306240005,현대백화점 충청점
g_g002255,1,6,2306240006,롯데마트 서청주점
g_g002255,1,7,2306240008,글로스터 호텔 청주
g_g002255,2,1,2306250001,청남대
g_g002255,2,2,2306250002,현대 드라이빙 라운지 전주
g_g002255,2,3,2306250003,기아 전주 드라이빙 센터
g_g002255,2,4,2306250004,백리향
g_g002255,2,5,2306250005,집
g_g002256,1,1,2307080001,집
g_g002256,1,2,2307080002,고수동굴
g_g002256,1,3,2307080003,차이나 루
g_g002256,1,4,2307080004,도담삼봉 관광지
g_g002256,1,5,2307080005,소노문단양
g_g002256,1,6,2307080006,단양구경시장
g_g002256,1,7,2307080007,소노문단양
g_g002256,2,1,2307090001,소노문단양 오션 플레이
g_g002256,2,2,2307090002,강변마을
g_g002256,2,3,2307090003,집
g_g002258,1,1,2307020001,집
g_g002258,1,2,2307020002,장령산 자연휴양림
g_g002258,1,3,2307020003,집
g_g002262,1,1,2306240001,집
g_g002262,1,2,2306240002,비스트로 마당
g_g002262,1,3,2306240003,운주사
g_g002262,1,4,2306240004,브레드 백
g_g002262,1,5,2306240005,집
g_g002264,1,1,2307010001,집
g_g002264,1,2,2307010003,한국관 본점
g_g002264,1,3,2307010004,전주한옥마을
g_g002264,1,4,2307010005,포스트 빈
g_g002264,1,5,2307010006,외할머니 솜씨
g_g002264,1,6,2307010007,베스트웨스턴 플러스 전주 호텔
g_g002264,1,7,2307010008,전주 남부시장 한옥마을 야시장
g_g002264,1,8,2307010009,조점례남문피순대
g_g002264,1,9,2307010002,베스트웨스턴 플러스 전주 호텔
g_g002264,2,1,2307020002,전주한옥마을
g_g002264,2,2,2307020003,베테랑
g_g002264,2,3,2307020004,한국도로공사 전주수목원
g_g002264,2,4,2307020001,집
g_g002271,1,1,2306240001,집
g_g002271,1,2,2306240002,용산역
g_g002271,1,3,2306240004,전주역
g_g002271,1,4,2306240005,옛날 김밥
g_g002271,1,5,2306240006,허브원
g_g002271,1,6,2306240007,내장저수지
g_g002271,1,7,2306240008,호텔 다빈
g_g002271,1,8,2306240009,꽃담집 본관
g_g002271,1,9,2306240010,전주한옥마을
g_g002271,1,10,2306240011,PNB 풍년제과 전주 본점
g_g002271,1,11,2306240012,동고사
g_g002271,1,12,2306240003,호텔 다빈
g_g002271,2,1,2306250004,전주 현대옥 전주 본점
g_g002271,2,2,2306250005,경기전
g_g002271,2,3,2306250006,소복 전주한옥마을점
g_g002271,2,4,2306250007,전주한옥마을
g_g002271,2,5,2306250003,용산역
g_g002271,2,6,2306250002,전주역
g_g002271,2,7,2306250001,집
g_g002273,1,1,2306170001,집
g_g002273,1,2,2306170003,마령면 관아로 강변
g_g002273,1,3,2306170002,마령큰시내들 캠핑장
g_g002273,2,1,2306180002,마이산
g_g002273,2,2,2306180001,집
g_g002275,1,1,2306180001,집
g_g002275,1,2,2306180002,아산 곡교천 은행나무 길
g_g002275,1,3,2306180003,현충사
g_g002275,1,4,2306180005,공세리성당
g_g002275,1,5,2306180006,택이네 조개전골 탕정점
g_g002275,1,6,2306180007,배스킨라빈스 아산 탕정점
g_g002275,1,7,2306180004,집
g_g002412,1,1,2306250001,집
g_g002412,1,2,2306250002,향우 정
g_g002412,1,3,2306250003,궁남지
g_g002412,1,4,2306250004,롯데리조트 부여
g_g002412,1,5,2306250005,롯데 아웃렛 부여점
g_g002412,1,6,2306250006,롯데리조트 부여
g_g002412,2,1,2306260001,집
g_g002416,1,1,2307010001,집
g_g002416,1,2,2307010002,월악산국립공원 덕주 야영장 피크닉 전용 영지
g_g002416,1,3,2307010003,게으른 악어
g_g002416,1,4,2307010004,집
g_g002417,1,1,2306170001,집
g_g002417,1,2,2306170003,대구 서부정류장
g_g002417,1,3,2306170011,함양산삼골휴게소 광주방향
g_g002417,1,4,2306170010,스타벅스 전주 송천 DT점
g_g002417,1,5,2306170004,영수 백숙
g_g002417,1,6,2306170005,플리커 책방 두베점
g_g002417,1,7,2306170006,카페 온 더 힐
g_g002417,1,8,2306170007,할아버지 댁
g_g002417,1,9,2306170008,홍가네 곰장어 아중 2호점
g_g002417,1,10,2306170009,빽다방 전주 송천 오송점
g_g002417,1,11,2306170002,가족 집
g_g002417,2,1,2306180001,커피로드뷰 송천점
g_g002417,2,2,2306180002,이 꽃집
g_g002417,2,3,2306180003,가족 집
g_g002417,2,4,2306180004,메르 밀지 미집 본점
g_g002417,2,5,2306180005,전주한옥마을
g_g002417,2,6,2306180006,경기전
g_g002417,2,7,2306180007,에잇 세컨즈 전주고사점
g_g002417,2,8,2306180008,드피에르
g_g002417,2,9,2306180009,착한 낙지 덕진구 직영점
g_g002417,2,10,2306180010,가족 집
g_g002417,2,11,2306180011,전주 시외버스 공용터미널
g_g002417,2,12,2306180012,집
g_g002421,1,1,2306240001,집
g_g002421,1,2,2306240002,창원현동중흥S클래스프라디움2차아파트
g_g002421,1,3,2306240003,함양휴게소 대전방향
g_g002421,1,4,2306240004,한국도로공사 전주수목원
g_g002421,1,5,2306240005,베테랑
g_g002421,1,6,2306240006,설빙 전주한옥마을점
g_g002421,1,7,2306240007,전동성당
g_g002421,1,8,2306240008,국립무형 유산원
g_g002421,1,9,2306240009,경기전
g_g002421,1,10,2306240010,한옥문꼬치
g_g002421,1,11,2306240012,전주 남부시장 한옥마을 야시장
g_g002421,1,12,2306240011,하숙영가마솥비빔밥
g_g002421,1,13,2306240013,전주한옥마을
g_g002421,1,14,2306240014,호텔 사운즈
g_g002421,2,1,2306250001,전주 현대옥 전주한옥마을점
g_g002421,2,2,2306250002,오목대
g_g002421,2,3,2306250003,카페 달
g_g002421,2,4,2306250004,PNB 풍년제과 한옥마을 1호점
g_g002421,2,5,2306250005,창원현동중흥S클래스프라디움2차아파트
g_g002429,1,1,2306240001,집
g_g002429,1,2,2306240002,부소담악
g_g002429,1,3,2306240003,수생식물학습원
g_g002429,1,4,2306240004,방아실 돼지집
g_g002429,1,5,2306240005,옥천공설시장
g_g002429,1,6,2306240006,자바라무인텔
g_g002429,1,7,2306240007,자바라무인텔
g_g002429,2,1,2306250001,풍미당
g_g002429,2,2,2306250002,정지용 문학관
g_g002429,2,3,2306250003,육영수 생가
g_g002429,2,4,2306250004,옥천 전통문화체험관
g_g002429,2,5,2306250005,우렁이 골목 쌈밥
g_g002429,2,6,2306250006,집
g_g002431,1,1,2306250001,집
g_g002431,1,2,2306250002,뚜쥬루 돌가마점
g_g002431,1,3,2306250003,천안 타운홀 전망대
g_g002431,1,4,2306250004,천안 옛날호두과자 본점
g_g002431,1,5,2306250005,핀스 커피
g_g002431,1,6,2306250006,집
g_g002436,1,1,2306240001,집
g_g002436,1,2,2306240002,의왕역 1호선
g_g002436,1,3,2306240003,수원역
g_g002436,1,4,2306240004,전주역
g_g002436,1,5,2306240005,상관 농협 하나로마트
g_g002436,1,6,2306240006,꼬꼬 하우스
g_g002436,1,7,2306240007,사선대
g_g002436,1,8,2306240008,꼬꼬 하우스
g_g002436,1,9,2306240009,우아한 시티 아파트
g_g002436,2,1,2306250001,전주동물원
g_g002436,2,2,2306250002,건 지난
g_g002436,2,3,2306250003,건지산 숲속 작은 도서관
g_g002436,2,4,2306250004,첫말 중길
g_g002436,2,5,2306250005,우아한 시티 아파트
g_g002436,2,6,2306250006,대왕 가든
g_g002436,2,7,2306250007,전주역
g_g002436,2,8,2306250008,수원역 1호선
g_g002436,2,9,2306250009,의왕역 1호선
g_g002436,2,10,2306250010,집
g_g002438,1,1,2306300001,집
g_g002438,1,2,2306300002,배다리 감자탕 안중점
g_g002438,1,3,2306300003,낙안한옥펜션혜움
g_g002438,2,1,2307010001,나암 한옥카페
g_g002438,2,2,2307010002,윤제림
g_g002438,2,3,2307010003,보성 녹차밭
g_g002438,2,4,2307010004,대원정
g_g002438,2,5,2307010005,순천드라마 촬영장
g_g002438,2,6,2307010006,순천만 국가정원
g_g002438,2,7,2307010007,솔 솥 순천점
g_g002438,2,8,2307010008,집
g_g002439,1,1,2306170001,집
g_g002439,1,2,2306170002,부모님댁
g_g002439,1,3,2306170003,양림 후마니타스
g_g002439,1,4,2306170004,본가 스시 현대백화점 충청점
g_g002439,1,5,2306170005,현대백화점 충청점
g_g002439,1,6,2306170006,청주 동남지구대성 베르히 2단지 아파트
g_g002439,2,1,2306180001,후생 식당
g_g002439,2,2,2306180002,청남대
g_g002439,2,3,2306180003,베이커리 카페 공간
g_g002439,2,4,2306180004,집
g_g002440,1,1,2307010001,집
g_g002440,1,2,2307010002,공주휴게소 당진 방향
g_g002440,1,3,2307010003,청보리 창고
g_g002440,1,4,2307010004,대천 크라운 펜션
g_g002440,1,5,2307010005,대천해수욕장
g_g002440,1,6,2307010006,섬과 섬 사이 조개구이
g_g002440,1,7,2307010007,탕화 쿵후 마라탕
g_g002440,1,8,2307010008,대천 크라운 펜션
g_g002440,2,1,2307020001,제주 해물뚝배기
g_g002440,2,2,2307020002,예산 상설시장
g_g002440,2,3,2307020003,집
g_g002441,1,1,2306300001,집
g_g002441,1,2,2306300002,복사꽃 피는 집 대전점
g_g002441,1,3,2306300003,국립대전 숲체원
g_g002441,2,1,2307010001,국립 중앙과학관
g_g002441,2,2,2307010002,맛이차이나 대전 신세계 아트앤사이언스점
g_g002441,2,3,2307010003,대전시립미술관
g_g002441,2,4,2307010004,집
g_g002445,1,1,2306170001,집
g_g002445,1,2,2306170003,남악(도청)시외정류소
g_g002445,1,3,2306170004,유스퀘어 광주종합버스터미널
g_g002445,1,4,2306170005,산수 쌈밥
g_g002445,1,5,2306170006,카페 플랜비
g_g002445,1,6,2306170007,광주 기아 챔피언 스피드
g_g002445,1,7,2306170008,유스퀘어 광주종합버스터미널
g_g002445,1,8,2306170009,목포종합버스터미널
g_g002445,1,9,2306170002,집
g_g002446,1,1,2306260001,집
g_g002446,1,2,2306260002,용산역
g_g002446,1,3,2306260003,전주역
g_g002446,1,4,2306260004,스파라쿠아 풍남점
g_g002446,1,5,2306260005,자매 갈비전골
g_g002446,1,6,2306260006,쏘카 존 CGV 전주고사점
g_g002446,1,7,2306260007,올드 브릭
g_g002446,1,8,2306260008,국립전주 박물관
g_g002446,1,9,2306260009,한옥 호텔 궁
g_g002446,1,10,2306260010,조원집 본점
g_g002446,1,11,2306260011,쿠히치
g_g002446,1,12,2306260012,미소 식빵 전주 객사점
g_g002446,1,13,2306260013,부타
g_g002446,1,14,2306260014,한옥 호텔 궁
g_g002446,2,1,2306270001,전주 현대옥 남부시장점
g_g002446,2,2,2306270002,경기전
g_g002446,2,3,2306270003,교동 육전
g_g002446,2,4,2306270004,외할머니 솜씨
g_g002446,2,5,2306270005,전주한옥마을
g_g002446,2,6,2306270006,노마딕 비어가든
g_g002446,2,7,2306270007,초원 편의점
g_g002446,2,8,2306270008,전주역
g_g002446,2,9,2306270009,집
g_g002460,1,1,2307010001,집
g_g002460,1,2,2307010003,거창 휴게소 광주방향
g_g002460,1,3,2307010004,임실치즈테마파크
g_g002460,1,4,2307010005,설도 젓갈타운
g_g002460,1,5,2307010006,백수읍 해안로
g_g002460,1,6,2307010007,백수농협 하나로마트
g_g002460,1,7,2307010002,친구 집
g_g002460,2,1,2307020002,호남 해안 로드 4코스 영광백수해안도로
g_g002460,2,2,2307020003,법성포 굴비 골목
g_g002460,2,3,2307020001,집
g_g002465,1,1,2306230001,집
g_g002465,1,2,2306230003,장가네 왕족발
g_g002465,1,3,2306230004,전주 난장
g_g002465,1,4,2306230005,한국도로공사 전주수목원
g_g002465,1,5,2306230006,경기전
g_g002465,1,6,2306230007,마시랑게
g_g002465,1,7,2306230008,전주는 전주
g_g002465,1,8,2306230009,머더가 커 2호점
g_g002465,1,9,2306230010,전주 남부시장 한옥마을 야시장
g_g002465,1,10,2306230002,시화연풍
g_g002465,2,1,2306240001,전동성당
g_g002465,2,2,2306240002,전주 현대옥 남부시장점
g_g002465,2,3,2306240003,전주역
g_g002465,2,4,2306240004,집
g_g002466,1,1,2306170001,집
g_g002466,1,2,2306170003,이음
g_g002466,1,3,2306170004,청주랜드
g_g002466,1,4,2306170005,청주랜드 관리사업소 어린이 회관
g_g002466,1,5,2306170006,청주랜드 어린이 회관 유희시설
g_g002466,1,6,2306170007,아리랑 양꼬치
g_g002466,1,7,2306170002,벨리 노보텔
g_g002466,2,1,2306180002,청주 가로수 도서관
g_g002466,2,2,2306180003,CGV 유성노은
g_g002466,2,3,2306180001,집
g_g002472,1,1,2307060001,집
g_g002472,1,2,2307060002,장원 막국수
g_g002472,1,3,2307060003,롯데리조트 부여
g_g002472,1,4,2307060004,백제문화 단지
g_g002472,1,5,2307060005,시골 통닭
g_g002472,1,6,2307060006,궁남지
g_g002472,1,7,2307060007,롯데리조트 부여
g_g002472,2,1,2307070001,국립부여박물관
g_g002472,2,2,2307070002,연꽃 이야기
g_g002472,2,3,2307070003,이디야커피 논산역점
g_g002472,2,4,2307070005,논산역
g_g002472,2,5,2307070004,집
g_g002473,1,1,2306220001,친구 친지 집
g_g002473,1,2,2306220002,기흥휴게소 부산방향
g_g002473,1,3,2306220003,전주한옥마을 제1공영주차장
g_g002473,1,4,2306220004,전동 떡갈비
g_g002473,1,5,2306220005,경기전
g_g002473,1,6,2306220006,전동성당
g_g002473,1,7,2306220007,교동 십원빵 전주한옥마을 본점
g_g002473,1,8,2306220008,미애 다음 카페
g_g002473,1,9,2306220009,오목대
g_g002473,1,10,2306220010,왕의 지밀
g_g002473,1,11,2306220011,전망
g_g002473,1,12,2306220012,옛촌막걸리
g_g002473,1,13,2306220013,왕의 지밀
g_g002473,1,14,2306220014,왕의 지밀
g_g002473,2,1,2306230005,국립무형 유산원 주차장
g_g002473,2,2,2306230001,심뱅이
g_g002473,2,3,2306230002,전동성당
g_g002473,2,4,2306230003,전주향교
g_g002473,2,5,2306230004,국립무형 유산원 주차장
g_g002473,2,6,2306230006,이인 휴게소 천안 방향
g_g002473,2,7,2306230007,창현 마을 두진아파트
g_g002475,1,1,2306240001,집
g_g002475,1,2,2306240002,안국사
g_g002475,1,3,2306240003,적상산
g_g002475,1,4,2306240004,적상산 전망대
g_g002475,1,5,2306240005,무주향
g_g002475,1,6,2306240006,무주 덕유산리조트 관광곤돌라 주차장
g_g002475,1,7,2306240007,덕유산 향적봉
g_g002475,1,8,2306240008,덕유산국립공원 구천동 주차장
g_g002475,1,9,2306240009,덕유산국립공원 탐방안내소
g_g002475,1,10,2306240010,집
g_g002478,1,1,2307080001,집
g_g002478,1,2,2307080002,유스퀘어 광주종합버스터미널
g_g002478,1,3,2307080003,순천종합버스터미널
g_g002478,1,4,2307080004,어울가
g_g002478,1,5,2307080005,순천만 국가정원
g_g002478,1,6,2307080006,이블리스 커피
g_g002478,1,7,2307080007,대나무 집 오천 점
g_g002478,1,8,2307080008,호텔 더비
g_g002478,2,1,2307090002,순천종합버스터미널
g_g002478,2,2,2307090003,유스퀘어 광주종합버스터미널
g_g002478,2,3,2307090004,짚신매운갈비찜 광주 유스퀘어점
g_g002478,2,4,2307090001,집
g_g002483,1,1,2306150001,친구 친지 집
g_g002483,1,2,2306150002,헤어 1번가
g_g002483,1,3,2306150003,계명대학교 대명캠퍼스
g_g002483,1,4,2306150004,산격 3동 행정복지센터
g_g002483,1,5,2306150005,숙소
g_g002483,2,1,2306160001,숙소
g_g002483,2,2,2306160003,고흥 농수특산물 판매장
g_g002483,2,3,2306160002,집
g_g002492,1,1,2306150001,사무실
g_g002492,1,2,2306150002,행정안전부 대통령기록관
g_g002492,1,3,2306150003,세종 호수공원
g_g002492,1,4,2306150004,1984그집 세종 새롬동
g_g002492,1,5,2306150005,이디야커피 세종시 새롬동점
g_g002492,1,6,2306150006,새뜸마을 1단지 더 숍 힐스테이트 아파트
g_g002492,2,1,2306160001,서원고등학교
g_g002496,1,1,2306170001,집
g_g002496,1,2,2306170002,문당 쌀 이야기
g_g002496,1,3,2306170003,정다운 농장
g_g002496,1,4,2306170004,문당환경농업마을
g_g002496,2,1,2306180001,남당 노을 전망대
g_g002496,2,2,2306180002,내포해 물촌
g_g002496,2,3,2306180003,홍성 홍주읍성
g_g002496,2,4,2306180004,집
g_g002497,1,1,2306170001,집
g_g002497,1,2,2306170003,성심당 케이크 부티크 롯데백화점 대전점
g_g002497,1,3,2306170004,엑스포과학공원 통일관
g_g002497,1,4,2306170005,성심당 DCC점
g_g002497,1,5,2306170006,대청호
g_g002497,1,6,2306170007,방가 삼대
g_g002497,1,7,2306170002,집
g_g002500,1,1,2306240001,집
g_g002500,1,2,2306240003,광주 기아 챔피언 스피드
g_g002500,1,3,2306240004,솔밭 솥밥
g_g002500,1,4,2306240006,광주 기아 챔피언 스피드
g_g002500,1,5,2306240008,광주 기아 챔피언 스피드 기아 역사관
g_g002500,1,6,2306240009,기아타이거즈 숍
g_g002500,1,7,2306240010,마성 떡볶이
g_g002500,1,8,2306240011,밸런타인 비즈니스호텔
g_g002500,2,1,2306250001,광주 기아 챔피언 스피드 지하주차장
g_g002500,2,2,2306250002,펭귄 마을
g_g002500,2,3,2306250003,유유 샤브
g_g002500,2,4,2306250004,집
g_g002512,1,1,2306170001,집
g_g002512,1,2,2306170002,인 더 키친
g_g002512,1,3,2306170003,할리스 청주 명암 레이크점
g_g002512,1,4,2306170007,OK 식자재마트
g_g002512,1,5,2306170004,명암유원지
g_g002512,1,6,2306170005,에버세이브 엄브로점
g_g002512,1,7,2306170006,주공 2단지 아파트
g_g002512,1,8,2306170008,주공 2단지 아파트
g_g002512,2,1,2306180001,수곡동 성당
g_g002512,2,2,2306180002,주공 2단지 아파트
g_g002512,2,3,2306180003,현대백화점 충청점
g_g002512,2,4,2306180004,주공 2단지 아파트
g_g002512,2,5,2306180005,집
g_g002513,1,1,2306130001,집
g_g002513,1,2,2306130002,성심당 대전역점
g_g002513,1,3,2306130003,한밭수목원
g_g002513,1,4,2306130004,오씨칼국수
g_g002513,1,5,2306130005,코페 부시
g_g002513,1,6,2306130006,대전근현대사전시관
g_g002513,1,7,2306130007,테마 오래
g_g002513,1,8,2306130008,소수로 와
g_g002513,1,9,2306130009,성심당 케이크 부티크
g_g002513,1,10,2306130010,플라잉팬
g_g002513,1,11,2306130011,성심당 본점
g_g002513,1,12,2306130012,집
g_g002516,1,1,2306160001,집
g_g002516,1,2,2306160002,남원 스타벅스
g_g002516,1,3,2306160003,춘향테마파크
g_g002516,1,4,2306160004,조갑녀살풀이명무관
g_g002516,1,5,2306160005,안숙선 명창의 여정
g_g002516,1,6,2306160006,예루원
g_g002516,1,7,2306160007,남원 고전소설문학관
g_g002516,1,8,2306160008,남원다움과
g_g002516,1,9,2306160009,관서 땅 남성대
g_g002516,1,10,2306160010,광한루원
g_g002516,1,11,2306160012,남원항공 우주천문대
g_g002516,1,12,2306160011,반야 돌솥밥
g_g002516,1,13,2306160013,남원시립 김병종 미술관
g_g002516,1,14,2306160014,남원 종합관광안내센터
g_g002516,1,15,2306160015,살리지 호텔
g_g002516,1,16,2306160016,월매 야시장
g_g002516,1,17,2306160017,살리지 호텔
g_g002516,2,1,2306170001,서도역 영상 촬영장
g_g002516,2,2,2306170002,지리산 허브밸리
g_g002516,2,3,2306170003,산청휴게소 통영방향
g_g002516,2,4,2306170004,집
g_g002519,1,1,2306170001,집
g_g002519,1,2,2306170002,김제시 체육관
g_g002519,1,3,2306170003,벽골제
g_g002519,1,4,2306170004,미즈노 씨네 트리하우스
g_g002519,1,5,2306170006,송천 주공아파트
g_g002519,1,6,2306170005,돈가스 집
g_g002519,1,7,2306170009,송천 주공아파트
g_g002519,2,1,2306180001,전주동물원
g_g002519,2,2,2306180002,치명자산 성지
g_g002519,2,3,2306180003,집
g_g002521,1,1,2306240001,집
g_g002521,1,2,2306240004,모요
g_g002521,1,3,2306240005,포레스트 리솜 해브나인스파
g_g002521,1,4,2306240007,CU 리솜포레스트점
g_g002521,1,5,2306240006,누하 세존
g_g002521,1,6,2306240008,포레스트 리솜 별똥카페
g_g002521,1,7,2306240002,포레스트 리솜
g_g002521,2,1,2306250001,산아래석갈비 2호점
g_g002521,2,2,2306250002,n717coffee
g_g002521,2,3,2306250003,집
g_g002533,1,1,2306170001,집
g_g002533,1,2,2306170002,착한 맛집
g_g002533,1,3,2306170003,안면도 쥐라기 박물관
g_g002533,1,4,2306170005,남면농협 하나로마트 청포대점
g_g002533,1,5,2306170004,레이 펜션
g_g002533,2,1,2306180001,청포대해수욕장
g_g002533,2,2,2306180002,레이 펜션
g_g002533,2,3,2306180003,몽산포 제빵소
g_g002533,2,4,2306180004,집
g_g002538,1,1,2306160001,집
g_g002538,1,2,2306160002,서울고속버스터미널(경부)
g_g002538,1,3,2306160003,공주종합버스터미널
g_g002538,1,4,2306160004,공주 호텔
g_g002538,1,5,2306160005,북경탕수육 공주점
g_g002538,1,6,2306160006,로컬 커피
g_g002538,1,7,2306160007,공산성
g_g002538,1,8,2306160008,공주 산성시장 문화공원
g_g002538,1,9,2306160009,공산성
g_g002538,1,10,2306160010,공주 호텔
g_g002538,2,1,2306170001,국립공주 박물관
g_g002538,2,2,2306170002,무령왕릉
g_g002538,2,3,2306170003,매향
g_g002538,2,4,2306170005,부자 떡집
g_g002538,2,5,2306170004,망중한 커피 앤 티
g_g002538,2,6,2306170006,베이커리 밤마을
g_g002538,2,7,2306170007,공주종합버스터미널
g_g002538,2,8,2306170008,서울고속버스터미널(경부)
g_g002538,2,9,2306170009,집
g_g002542,1,1,2306240001,집
g_g002542,1,2,2306240007,김제 종합버스터미널
g_g002542,1,3,2306240002,채석강
g_g002542,1,4,2306240003,부안영상테마파크 (휴업 중)
g_g002542,1,5,2306240004,개나리아파트
g_g002542,1,6,2306240010,참 곱다
g_g002542,1,7,2306240005,전라북도청
g_g002542,1,8,2306240006,전주 별밤
g_g002542,1,9,2306240009,개나리아파트
g_g002542,2,1,2306250001,Gt 커피 전주효자점
g_g002542,2,2,2306250002,전주한옥마을
g_g002542,2,3,2306250003,한마음 정육 식당 전주반월점
g_g002542,2,4,2306250004,전주 월드컵 경기장
g_g002542,2,5,2306250005,집
g_g002543,1,1,2306220001,집
g_g002543,1,2,2306220002,루시오 커피
g_g002543,1,3,2306220003,GS칼텍스 예울마루
g_g002543,1,4,2306220004,힐론
g_g002543,1,5,2306220005,집
g_g002545,1,1,2306110001,집
g_g002545,1,2,2306110002,공주 역
g_g002545,1,3,2306110003,공산성
g_g002545,1,4,2306110005,공다방
g_g002545,1,5,2306110006,고마 열차
g_g002545,1,6,2306110004,고마나루 1999
g_g002545,1,7,2306110007,공주 산성시장
g_g002545,1,8,2306110008,공주 메타세쿼이아숲길
g_g002545,1,9,2306110009,송원
g_g002545,1,10,2306110010,포토 시그니처 공주대 학점
g_g002545,1,11,2306110011,유가네 칼국수
g_g002545,1,12,2306110012,공주한옥마을
g_g002545,1,13,2306110013,이마트 24 공주의료원점
g_g002545,1,14,2306110014,공주한옥마을
g_g002545,1,15,2306110015,공주한옥마을
g_g002545,2,1,2306120001,율과 관
g_g002545,2,2,2306120002,도파관
g_g002545,2,3,2306120003,공주한옥마을
g_g002545,2,4,2306120004,공주알밤 홍보 판매장
g_g002545,2,5,2306120005,웅진백제역사관
g_g002545,2,6,2306120006,캔모아 공주대점
g_g002545,2,7,2306120007,공주 역
g_g002545,2,8,2306120008,집
g_g002546,1,1,2307010001,집
g_g002546,1,2,2307010002,춘화로
g_g002546,1,3,2307010003,블랙스톤 벨포르 리조트
g_g002546,1,4,2307010004,블랙스톤 벨포르 리조트 벨포르 목장
g_g002546,1,5,2307010005,남도예담인벨포레
g_g002546,1,6,2307010006,블랙스톤 벨포르 리조트 익스트림 루지
g_g002546,1,7,2307010007,블랙스톤 벨포르 리조트
g_g002546,2,1,2307020001,벨포레조식당
g_g002546,2,2,2307020002,블랙스톤 벨포르 리조트
g_g002546,2,3,2307020003,현고 들깨 손칼국수
g_g002546,2,4,2307020004,카페 하이
g_g002546,2,5,2307020005,집
g_g002552,1,1,2306240001,집
g_g002552,1,2,2306240002,용산역
g_g002552,1,3,2306240003,전주역
g_g002552,1,4,2306240004,전주왱이콩나물국밥전문점
g_g002552,1,5,2306240006,전주한옥마을
g_g002552,1,6,2306240007,에어비앤비
g_g002552,1,7,2306240008,321베렌도
g_g002552,1,8,2306240009,어시장
g_g002552,1,9,2306240010,전주 덕진공원
g_g002552,1,10,2306240011,전당포
g_g002552,1,11,2306240012,에어비앤비
g_g002552,2,1,2306250001,PNB 풍년제과 전주 본점
g_g002552,2,2,2306250002,자매 갈비전골
g_g002552,2,3,2306250003,이르리
g_g002552,2,4,2306250004,전동성당
g_g002552,2,5,2306250005,경기전
g_g002552,2,6,2306250006,전주역
g_g002552,2,7,2306250007,집
g_g002554,1,1,2306170001,집
g_g002554,1,2,2306170002,부여 가림성
g_g002554,1,3,2306170003,코우 코우
g_g002554,1,4,2306170004,장원 막국수
g_g002554,1,5,2306170005,궁남지
g_g002554,1,6,2306170006,백제문화 단지
g_g002554,1,7,2306170007,집
g_g002560,1,1,2307010001,친구 친지 집
g_g002560,1,2,2307010003,전통 면옥 도통점
g_g002560,1,3,2307010004,롯데마트 남원점
g_g002560,1,4,2307010005,변산해수욕장
g_g002560,1,5,2307010006,격포항 수산시장
g_g002560,1,6,2307010007,풀빌라&스파 라보떼
g_g002560,1,7,2307010008,다이소 롯데슈퍼 부안 격포점
g_g002560,1,8,2307010009,고사포해수욕장
g_g002560,1,9,2307010002,풀빌라&스파 라보떼
g_g002560,2,1,2307020002,채석강
g_g002560,2,2,2307020003,내소사
g_g002560,2,3,2307020005,화궁방
g_g002560,2,4,2307020004,곰소염전
g_g002560,2,5,2307020001,집
g_g002564,1,1,2306210001,집
g_g002564,1,2,2306210002,진성원
g_g002564,1,3,2306210003,군산근대역사박물관
g_g002564,1,4,2306210004,군산근대미술관
g_g002564,1,5,2306210006,옛 군산세관
g_g002564,1,6,2306210005,인문학 창고 정담
g_g002564,1,7,2306210007,진포해양테마공원
g_g002564,1,8,2306210008,신흥동 일본식 가옥
g_g002564,1,9,2306210009,테디베어뮤지엄 군산점
g_g002564,1,10,2306210010,심리서점쓰담
g_g002564,1,11,2306210011,오쿠야 마치 군산점
g_g002564,1,12,2306210012,게스트하우스 달
g_g002564,2,1,2306220001,일흥옥
g_g002564,2,2,2306220002,동국사
g_g002564,2,3,2306220003,일제강점기 군산역사관
g_g002564,2,4,2306220004,경암동 철길마을
g_g002564,2,5,2306220005,집
g_g002565,1,1,2306240001,집
g_g002565,1,2,2306240002,풍류마당
g_g002565,1,3,2306240003,처갓집
g_g002565,2,1,2306250001,은행나무 길
g_g002565,2,2,2306250002,아산시시설관리공단 아산시 생태곤충원
g_g002565,2,3,2306250003,장영실 과학관
g_g002565,2,4,2306250004,투썸플레이스 평택 안중점
g_g002565,2,5,2306250005,집
g_g002570,1,1,2306240001,집
g_g002570,1,2,2306240002,떡만집 관저점
g_g002570,1,3,2306240003,GS칼텍스 구봉산 셀프주유소
g_g002570,1,4,2306240006,해오름관광농원 캠핑장
g_g002570,2,1,2306250001,장항송림 산림욕장
g_g002570,2,2,2306250002,집
g_g002583,1,1,2306190001,집
g_g002583,1,2,2306190002,담양 관방제림
g_g002583,1,3,2306190003,원조 대나무 국수
g_g002583,1,4,2306190004,죽녹원
g_g002583,1,5,2306190005,죽녹원 한옥 숙박
g_g002583,1,6,2306190006,담양 LP 음악 충전소
g_g002583,1,7,2306190007,모란 창평 국밥
g_g002583,1,8,2306190008,가지고
g_g002583,1,9,2306190009,죽녹원 한옥 숙박
g_g002583,2,1,2306200003,청담동 마녀 김밥 담양점
g_g002583,2,2,2306200001,메타 프로방스
g_g002583,2,3,2306200002,비라이트
g_g002583,2,4,2306200004,명옥헌 원림
g_g002583,2,5,2306200005,소쇄원
g_g002583,2,6,2306200006,두꺼비 게장백반
g_g002583,2,7,2306200007,집
g_g002585,1,1,2306240001,집
g_g002585,1,2,2306240002,연산 황산벌 오토캠핑장
g_g002585,1,3,2306240003,연산역
g_g002585,1,4,2306240004,집
g_g002588,1,1,2306150001,집
g_g002588,1,2,2306150003,맛있는우리지빱
g_g002588,1,3,2306150004,군산근대역사박물관
g_g002588,1,4,2306150005,경암동 철길마을
g_g002588,1,5,2306150011,군산 3.1운동 1주년 기념관
g_g002588,1,6,2306150010,금강하굿둑 철새조망대 인증센터
g_g002588,1,7,2306150006,이성당 본점
g_g002588,1,8,2306150008,불타는 구공탄 수송점
g_g002588,1,9,2306150007,에이본 호텔 군산
g_g002588,1,10,2306150009,음파 호수공원
g_g002588,1,11,2306150002,에이본 호텔 군산
g_g002588,2,1,2306160001,이조 식당
g_g002588,2,2,2306160002,CU 뉴 군산터미널점
g_g002588,2,3,2306160003,집
g_g002593,1,1,2306190001,집
g_g002593,1,2,2306190002,마장 프리미엄 휴게소 하남방향
g_g002593,1,3,2306190004,기억을 걷다 펜션
g_g002593,2,1,2306200001,한독 음성공장
g_g002593,2,2,2306200002,한독의약 박물관
g_g002593,2,3,2306200003,바보 아저씨
g_g002593,2,4,2306200004,진천 종 박물관
g_g002593,2,5,2306200005,이천 휴게소 하남방향
g_g002593,2,6,2306200006,집
g_g002601,1,1,2306300001,집
g_g002601,1,2,2306300002,광주송정역
g_g002601,1,3,2306300003,금호 시영 1단지 아파트
g_g002601,1,4,2306300004,이바돔감자탕 상무점
g_g002601,1,5,2306300005,충장사
g_g002601,1,6,2306300006,원효사
g_g002601,1,7,2306300007,코끼리 아구 찜통
g_g002601,1,8,2306300008,CGV 광주 상무
g_g002601,1,9,2306300009,금호 시영 1단지 아파트
g_g002601,2,1,2307010001,삼희 불낙 상무 본점
g_g002601,2,2,2307010002,금호 먹거리촌
g_g002601,2,3,2307010003,금호 시영 1단지 아파트
g_g002601,2,4,2307010004,금호 시영 1단지 아파트
g_g002603,1,1,2307080001,집
g_g002603,1,2,2307080002,삼선산 수목원
g_g002603,1,3,2307080003,동춘옥
g_g002603,1,4,2307080004,골절 저수지
g_g002603,1,5,2307080005,합덕성당
g_g002603,1,6,2307080006,신리성지
g_g002603,1,7,2307080007,롯데리아 송악점
g_g002603,1,8,2307080008,블랑 모텔
g_g002603,1,9,2307080009,삽교호 놀이공원
g_g002603,1,10,2307080010,블랑 모텔
g_g002603,2,1,2307090001,아미 미술관
g_g002603,2,2,2307090003,역전 가락국수 41 동탄 영천점
g_g002603,2,3,2307090002,집
g_g002606,1,1,2306290001,사무실
g_g002606,1,2,2306290003,고창읍성
g_g002606,1,3,2306290004,고창 신재효 고택
g_g002606,1,4,2306290005,고창 판소리 박물관
g_g002606,1,5,2306290006,모양성 순두부
g_g002606,1,6,2306290007,고창이에 푸드 로컬 판매장
g_g002606,1,7,2306290008,방장산
g_g002606,1,8,2306290009,월곡 하늘공원
g_g002606,1,9,2306290010,오월의 정원
g_g002606,1,10,2306290011,고창 고인돌 박물관
g_g002606,1,11,2306290012,고창 개봉 박두 뿌
g_g002606,1,12,2306290002,첨단 선병원
g_g002607,1,1,2306170001,집
g_g002607,1,2,2306170002,전주한옥마을
g_g002607,1,3,2306170003,쪽떡이네 교동 직영점
g_g002607,1,4,2306170004,경기전 여행자 라운지
g_g002607,1,5,2306170005,전동성당
g_g002607,1,6,2306170006,미용실
g_g002607,1,7,2306170007,만은당
g_g002607,1,8,2306170008,진스 갤러리
g_g002607,1,9,2306170009,집
g_g002612,1,1,2306170001,집
g_g002612,1,2,2306170002,더 빌리지 캠핑장
g_g002612,1,3,2306170003,마할로
g_g002612,1,4,2306170004,이마트 24 더 빌리지점
g_g002612,1,5,2306170005,더 빌리지 캠핑장
g_g002612,2,1,2306180001,오 박사 냉면
g_g002612,2,2,2306180002,쉼표
g_g002612,2,3,2306180003,진천 농다리
g_g002612,2,4,2306180004,집
g_g002616,1,1,2307010001,집
g_g002616,1,2,2307010002,월악산국립공원 덕주 야영장 피크닉 전용 영지
g_g002616,1,3,2307010003,게으른 악어
g_g002616,1,4,2307010004,집
g_g002617,1,1,2306180001,집
g_g002617,1,2,2306180002,영농법인윤제림
g_g002617,1,3,2306180003,춘원 서옥 카페
g_g002617,1,4,2306180004,3.3브런치 카페
g_g002617,1,5,2306180005,보성 녹차밭
g_g002617,1,6,2306180006,집
g_g002620,1,1,2306160001,사무실
g_g002620,1,2,2306160002,광덕산 환경교육센터
g_g002620,1,3,2306160003,광덕사
g_g002620,1,4,2306160004,아산 곡교천 야영장
g_g002620,1,5,2306160005,아산 곡교천 야영장
g_g002620,1,6,2306160006,청솔아파트
g_g002620,2,1,2306170001,신정호 북한강 주꾸미
g_g002620,2,2,2306170002,이마트 아산점
g_g002620,2,3,2306170003,사무실
g_g002622,1,1,2306280001,집
g_g002622,1,2,2306280002,청춘조개포차 대천직영점
g_g002622,1,3,2306280003,대천해수욕장
g_g002622,1,4,2306280004,대천농협 하나로마트
g_g002622,1,5,2306280005,너울 펜션
g_g002622,1,6,2306280006,게임존 대천점
g_g002622,1,7,2306280007,너울 펜션
g_g002622,2,1,2306290001,문도 노보
g_g002622,2,2,2306290002,집
g_g002624,1,1,2306180001,집
g_g002624,1,2,2306180003,금왕 휴게소 주유소 제천 방향
g_g002624,1,3,2306180005,그 집 쏘가리
g_g002624,1,4,2306180004,다누리 아쿠아리움
g_g002624,1,5,2306180006,단양구경시장
g_g002624,1,6,2306180007,만천하 스카이워크
g_g002624,1,7,2306180002,소노문단양
g_g002624,2,1,2306190002,소노문단양 오션 플레이
g_g002624,2,2,2306190003,레전드 히어로즈 소노문단양점
g_g002624,2,3,2306190004,도담삼봉
g_g002624,2,4,2306190005,담소
g_g002624,2,5,2306190001,집
g_g002626,1,1,2306250001,집
g_g002626,1,2,2306250002,서울역
g_g002626,1,3,2306250003,대전역
g_g002626,1,4,2306250004,계룡스파텔
g_g002626,1,5,2306250005,원조태평소국밥
g_g002626,1,6,2306250011,장태산자연휴양림
g_g002626,2,1,2306260002,선사 밥상
g_g002626,2,2,2306260003,성심당 본점
g_g002626,2,3,2306260004,대전역
g_g002626,2,4,2306260005,서울역
g_g002626,2,5,2306260001,집
g_g002627,1,1,2306230001,집
g_g002627,1,2,2306230003,벨포르 미디어아트센터
g_g002627,1,3,2306230004,벨포르 브리스킷 346
g_g002627,1,4,2306230005,블랙스톤 벨포르 리조트
g_g002627,1,5,2306230002,블랙스톤 벨포르 리조트
g_g002627,2,1,2306240001,블랙스톤 벨포르 리조트 웰컴센터
g_g002627,2,2,2306240002,블랙스톤 벨포르 리조트 벨포르 목장
g_g002627,2,3,2306240003,남도예담인벨포레
g_g002627,2,4,2306240004,집
g_g002631,1,1,2307010001,집
g_g002631,1,2,2307010002,친구 집
g_g002631,1,3,2307010003,식당(일 피오레)
g_g002631,1,4,2307010004,한복집
g_g002631,1,5,2307010005,친구 집
g_g002631,1,6,2307010006,"휴게소(편의점), 오수면 일원"
g_g002631,1,7,2307010007,미용실
g_g002631,1,8,2307010008,초밥집
g_g002631,1,9,2307010009,친구 집
g_g002631,1,10,2307010010,집
g_g002632,1,1,2307010001,집
g_g002632,1,2,2307010002,서울역
g_g002632,1,3,2307010003,오송역
g_g002632,1,4,2307010004,오송 호수공원
g_g002632,1,5,2307010005,동백카츠 오송점
g_g002632,1,6,2307010006,다래목장
g_g002632,1,7,2307010007,국립청주 박물관
g_g002632,1,8,2307010008,청주시립미술관
g_g002632,1,9,2307010009,고인쇄 박물관
g_g002632,1,10,2307010010,제이원 호텔
g_g002632,2,1,2307020001,밥보다 맛있는 떡볶이 방이야 송절점
g_g002632,2,2,2307020002,카페 하이
g_g002632,2,3,2307020003,정북동 토성
g_g002632,2,4,2307020004,반기문 생가
g_g002632,2,5,2307020005,집
g_g002633,1,1,2306240001,집
g_g002633,1,2,2306240002,대전 반려동물공원
g_g002633,1,3,2306240003,롤라
g_g002633,1,4,2306240004,성심당 대전역점
g_g002633,1,5,2306240005,집
g_g002634,1,1,2306230001,집
g_g002634,1,2,2306230002,전라남도산림자원연구소 메타세쿼이아 가로수길
g_g002634,1,3,2306230003,빛가람 전망대
g_g002634,1,4,2306230004,루벤
g_g002634,1,5,2306230005,송현 불고기 나주 본점
g_g002634,1,6,2306230006,집
g_g002636,1,1,2306170001,집
g_g002636,1,2,2306170002,서남 만찬
g_g002636,1,3,2306170003,명문제과
g_g002636,1,4,2306170004,서도역 영상 촬영장
g_g002636,1,5,2306170005,혼불문학관
g_g002636,1,6,2306170006,집
g_g002637,1,1,2306300001,사무실
g_g002637,1,2,2306300002,아산 마트 배방점
g_g002637,1,3,2306300003,컴포즈커피 아산배방점
g_g002637,1,4,2306300004,청솔아파트
g_g002637,1,5,2306300006,아산 곡교천 야영장
g_g002637,1,6,2306300005,곡교천
g_g002637,1,7,2306300007,친구 집
g_g002637,2,1,2307010001,아산 곡교천 야영장
g_g002637,2,2,2307010002,사무실
g_g002638,1,1,2306200001,집
g_g002638,1,2,2306200002,군산역
g_g002638,1,3,2306200003,경암동 철길마을
g_g002638,1,4,2306200004,도키메 로스터리
g_g002638,1,5,2306200005,군산근대미술관
g_g002638,1,6,2306200006,장미 갤러리
g_g002638,1,7,2306200007,군산근대역사박물관
g_g002638,1,8,2306200008,초원 사진관
g_g002638,1,9,2306200009,신흥동 일본식 가옥
g_g002638,1,10,2306200010,아임 파인 앤유
g_g002638,1,11,2306200011,에어비앤비 숙소
g_g002638,1,12,2306200012,비해 원
g_g002638,1,13,2306200013,서해랑 길 55코스
g_g002638,1,14,2306200014,럭키마케트
g_g002638,1,15,2306200015,에어비앤비 숙소
g_g002638,2,1,2306210001,동국사
g_g002638,2,2,2306210002,군산 덮밥
g_g002638,2,3,2306210003,디브이에스
g_g002638,2,4,2306210004,마이 페이 보릿
g_g002638,2,5,2306210005,군산 월명공원
g_g002638,2,6,2306210006,더벤티 군산 신역세권점
g_g002638,2,7,2306210007,금강 우렁이 쌈밥
g_g002638,2,8,2306210008,군산역
g_g002638,2,9,2306210009,집
g_g002646,1,1,2307010001,집
g_g002646,1,2,2307010003,케이푸드
g_g002646,1,3,2307010004,계룡산국립공원 동학사 주차장
g_g002646,1,4,2307010005,계룡산국립공원
g_g002646,1,5,2307010006,서울식당
g_g002646,1,6,2307010007,공주 호텔
g_g002646,1,7,2307010008,팔팔 무쇠 삼겹
g_g002646,1,8,2307010009,다이소 공주신관점
g_g002646,1,9,2307010002,공주 호텔
g_g002646,2,1,2307020001,집
g_g002647,1,1,2307070001,집
g_g002647,1,2,2307070002,롯데시티 호텔 대전
g_g002647,1,3,2307070003,챔피 언더 블랙벨트 NC대전 유성점
g_g002647,1,4,2307070004,엑스포과학공원
g_g002647,1,5,2307070005,초반 식당 대전엑스포점
g_g002647,1,6,2307070006,엑스포과학공원 한빛탑
g_g002647,1,7,2307070007,롯데시티 호텔 대전
g_g002647,2,1,2307080001,국립 중앙과학관
g_g002647,2,2,2307080002,노티스 갤러리아백화점 타임월드점
g_g002647,2,3,2307080003,집
g_g002648,1,1,2306240001,집
g_g002648,1,2,2306240002,청마루 식당
g_g002648,1,3,2306240003,윤제림
g_g002648,1,4,2306240004,수협 보성 회천 수산물 위판장
g_g002648,1,5,2306240005,율포 할인마트
g_g002648,1,6,2306240007,율포해수욕장
g_g002648,1,7,2306240008,등대 펜션
g_g002648,2,1,2306250001,율포해수녹차센터
g_g002648,2,2,2306250002,한국차박물관
g_g002648,2,3,2306250003,쇼중대
g_g002648,2,4,2306250004,집
g_g002657,1,1,2306230010,숙소
g_g002657,1,2,2306230001,파라다이스 스파 호스텔
g_g002657,2,1,2306240001,오동도
g_g002657,2,2,2306240002,순이네 밥상
g_g002657,2,3,2306240003,이순신광장
g_g002657,2,4,2306240004,여수엑스포역
g_g002657,2,5,2306240005,2023순천만국제정원박람회 제3주차장(동문)
g_g002657,2,6,2306240006,웃장 국밥 골목
g_g002657,2,7,2306240007,순천역
g_g002657,2,8,2306240008,친구 집
g_g002658,1,1,2307010001,집
g_g002658,1,2,2307010002,롯데마트 청량리점
g_g002658,1,3,2307010003,청량리역
g_g002658,1,4,2307010004,제천역
g_g002658,1,5,2307010005,포레스트 리솜
g_g002658,2,1,2307020002,제천역
g_g002658,2,2,2307020003,고향 이야기
g_g002658,2,3,2307020004,의림지
g_g002658,2,4,2307020005,발라드 도화리
g_g002658,2,5,2307020006,제천역
g_g002658,2,6,2307020001,집
g_g002668,1,1,2306160001,사무실
g_g002668,1,2,2306160002,엔브릿지호텔
g_g002668,1,3,2306160003,조점례남문피순대
g_g002668,1,4,2306160004,청은 루
g_g002668,1,5,2306160005,엔브릿지호텔
g_g002668,2,1,2306170001,메르 밀지 미집 본점
g_g002668,2,2,2306170002,카카오 프렌즈 전주한옥마을점
g_g002668,2,3,2306170003,전주한옥마을
g_g002668,2,4,2306170004,미애담찹쌀떡
g_g002668,2,5,2306170005,PNB 풍년제과 전주 본점
g_g002668,2,6,2306170006,트리브링
g_g002668,2,7,2306170007,K-water 낙동강유역 본부
g_g002671,1,1,2306300001,집
g_g002671,1,2,2306300002,이순신광장
g_g002671,1,3,2306300004,카스텔라 우체국
g_g002671,1,4,2306300005,아쿠아플라넷 여수
g_g002671,1,5,2306300006,아르떼 뮤지엄 여수
g_g002671,1,6,2306300007,여수 해든 뷰 펜션 호스텔
g_g002671,2,1,2307010001,골목길 식탁
g_g002671,2,2,2307010002,집
g_g002674,1,1,2306160001,집
g_g002674,1,2,2306160002,민속촌 도청점
g_g002674,1,3,2306160003,전일빌딩 245
g_g002674,1,4,2306160004,국립아시아문화전당
g_g002674,1,5,2306160005,비지니스호텔듀
g_g002674,2,1,2306170002,무등산 국립공원
g_g002674,2,2,2306170001,집
g_g002679,1,1,2306240001,집
g_g002679,1,2,2306240002,진천 전통시장
g_g002679,1,3,2306240004,진천군 농산물 유통지원센터
g_g002679,1,4,2306240005,연곡계곡
g_g002679,1,5,2306240003,집
g_g002680,1,1,2307010001,집
g_g002680,1,2,2307010003,이태리국시 본점
g_g002680,1,3,2307010004,라드커피 본점
g_g002680,1,4,2307010005,시장을 여는 사람들 둔산점
g_g002680,1,5,2307010006,유성 닭발 둔산점
g_g002680,1,6,2307010007,서즈데이 파티
g_g002680,1,7,2307010002,루바토
g_g002680,2,1,2307020001,원조태평소국밥 유성점
g_g002680,2,2,2307020002,성심당 DCC점
g_g002680,2,3,2307020003,엑스포과학공원 한빛탑
g_g002680,2,4,2307020004,한밭수목원
g_g002680,2,5,2307020005,대전시립미술관
g_g002680,2,6,2307020006,바로 그 집 태평점
g_g002680,2,7,2307020007,집
g_g002683,1,1,2306170001,집
g_g002683,1,2,2306170002,덩실 분식
g_g002683,1,3,2306170003,옥전 만둣국 집
g_g002683,1,4,2306170004,의림지 역사박물관
g_g002683,1,5,2306170005,박달재 자연휴양림
g_g002683,2,1,2306180001,의림지 역사박물관
g_g002683,2,2,2306180002,두꺼비식당 본점
g_g002683,2,3,2306180003,집
g_g002688,1,1,2306220001,집
g_g002688,1,2,2306220002,서울시 서천연수원
g_g002688,1,3,2306220003,띠섬목해수욕장
g_g002688,1,4,2306220004,춘장대 누룽지 돈가스
g_g002688,1,5,2306220005,서울시 서천연수원
g_g002688,1,6,2306220006,국립희리산해송자연휴양림
g_g002688,1,7,2306220007,서천특화시장
g_g002688,1,8,2306220011,서울시 서천연수원
g_g002688,2,1,2306230001,부소산성
g_g002688,2,2,2306230002,구드래 돌 쌈밥
g_g002688,2,3,2306230003,집
g_g002690,1,1,2307010001,집
g_g002690,1,2,2307010003,세종전통시장
g_g002690,1,3,2307010004,마곡사계곡
g_g002690,1,4,2307010005,세종 호수공원
g_g002690,1,5,2307010006,국립세종수목원
g_g002690,1,6,2307010002,집
g_g002691,1,1,2306170001,집
g_g002691,1,2,2306170004,정안휴게소 주유소 순천방향
g_g002691,1,3,2306170005,정읍 녹두장군휴게소 순천방향
g_g002691,1,4,2306170008,죽녹원 후문 주차장
g_g002691,1,5,2306170009,담양 앞집
g_g002691,1,6,2306170010,소쇄원
g_g002691,1,7,2306170011,고흠읍 홍교당촌길
g_g002691,1,8,2306170012,문화 정육 식당
g_g002691,1,9,2306170002,친지 집
g_g002691,2,1,2306180001,낙안온천
g_g002691,2,2,2306180004,분청문화 박물관
g_g002691,2,3,2306180002,카페 우도 가는 길
g_g002691,2,4,2306180003,분청 마루
g_g002691,2,5,2306180005,팔영산 편백 치유의 숲
g_g002691,2,6,2306180006,지붕 없는 미술관
g_g002691,2,7,2306180007,고흥우주발사 전망대
g_g002691,2,8,2306180008,집
g_g002693,1,1,2306150001,집
g_g002693,1,2,2306150003,동서울 종합터미널
g_g002693,1,3,2306150004,광주광역시 동구 산수동 555-10
g_g002693,1,4,2306150005,국립아시아문화전당
g_g002693,1,5,2306150006,여덟 번째 파장
g_g002693,1,6,2306150007,전일빌딩 245
g_g002693,1,7,2306150008,국립아시아문화전당 하늘마당
g_g002693,1,8,2306150002,광주광역시 동구 산수동 555-10
g_g002693,2,1,2306160002,이이남 스튜디오
g_g002693,2,2,2306160003,양림동 선교사 묘지
g_g002693,2,3,2306160004,호랑가시나무 아트 폴리곤
g_g002693,2,4,2306160006,유스퀘어 광주종합버스터미널
g_g002693,2,5,2306160005,직화한상 광주 유스퀘어점
g_g002693,2,6,2306160007,동서울 종합터미널
g_g002693,2,7,2306160001,서울시 동일로 215길 23
g_g002698,1,1,2306280001,사무실
g_g002698,1,2,2306280002,대전역
g_g002698,1,3,2306280003,대전역 3층 신맞이 직영 편의점
g_g002698,1,4,2306280004,치앙마이 방콕
g_g002698,1,5,2306280012,대전중앙시장
g_g002698,1,6,2306280005,처비 칙스
g_g002698,1,7,2306280006,패션인 비
g_g002698,1,8,2306280007,오시우 커피
g_g002698,1,9,2306280008,한밭수목원
g_g002698,1,10,2306280009,심도
g_g002698,1,11,2306280010,공간 태리
g_g002698,1,12,2306280011,만월 호텔 중리점
g_g002698,2,1,2306290001,치앙마이 방콕
g_g002698,2,2,2306290002,챔프 스페이스 커피 로프터스
g_g002698,2,3,2306290003,성심당 케이크 부티크
g_g002698,2,4,2306290004,왕과탕후루 대전점
g_g002698,2,5,2306290005,와타요업
g_g002698,2,6,2306290006,대전역
g_g002698,2,7,2306290007,동탄역
g_g002701,1,1,2306240001,집
g_g002701,1,2,2306240003,성심당 본점
g_g002701,1,3,2306240004,대전시립미술관 창작센터
g_g002701,1,4,2306240005,정동문화사
g_g002701,1,5,2306240006,콜드버터 베이크 숍
g_g002701,1,6,2306240007,한남대학교
g_g002701,1,7,2306240008,올림픽기념 국민 생활관 수영장
g_g002701,1,8,2306240002,호텔 그레이튼 둔산
g_g002701,2,1,2306250002,한밭수목원
g_g002701,2,2,2306250003,바로 그 집 대전중앙로 지하상가 점
g_g002701,2,3,2306250004,성심당 본점
g_g002701,2,4,2306250001,집
g_g002702,1,1,2306240001,친구 친지 집
g_g002702,1,2,2306240003,여수에서 일행 픽업 황전휴게소 경유
g_g002702,1,3,2306240004,번 더 뜰 체험농장
g_g002702,1,4,2306240006,마나 바
g_g002702,1,5,2306240005,공화 북 5길 숙소
g_g002702,1,6,2306240007,달콤 왕과탕후루 여수 학동점
g_g002702,1,7,2306240008,카펫 루베
g_g002702,1,8,2306240002,공화 북 5길 숙소
g_g002702,2,1,2306250001,여수 이순신광장
g_g002702,2,2,2306250002,선명배들 마을 주공아파트
g_g002702,2,3,2306250003,이디야 순천 서면점
g_g002702,2,4,2306250004,순천 부모님댁
g_g002703,1,1,2306180001,집
g_g002703,1,2,2306180002,불타산 진원성
g_g002703,1,3,2306180003,단서
g_g002703,1,4,2306180004,축령산 금빛 휴양타운
g_g002703,1,5,2306180005,금바위 회관
g_g002703,1,6,2306180006,축령산 금빛 휴양타운
g_g002703,2,1,2306190001,장성 편백 치유의 숲
g_g002703,2,2,2306190002,동서 식당
g_g002703,2,3,2306190003,백양사
g_g002703,2,4,2306190004,카페 그림
g_g002703,2,5,2306190005,집
g_g002704,1,1,2306240001,집
g_g002704,1,2,2306240003,영광 법성포단오제 전수교육관
g_g002704,1,3,2306240004,중국요리 태자
g_g002704,1,4,2306240005,영광터미널시장
g_g002704,1,5,2306240006,친지 집
g_g002704,1,6,2306240007,야월 교회
g_g002704,1,7,2306240008,친지 집
g_g002704,1,8,2306240002,친지 집
g_g002704,2,1,2306250001,야월 교회
g_g002704,2,2,2306250002,친지 집
g_g002704,2,3,2306250004,더벤티 전남 영광점
g_g002704,2,4,2306250003,집
g_g002705,1,1,2307070001,집
g_g002705,1,2,2307070003,위드하우스
g_g002705,1,3,2307070004,베테랑
g_g002705,1,4,2307070005,차경
g_g002705,1,5,2307070006,전주한옥마을
g_g002705,1,6,2307070007,카카오 프렌즈 전주한옥마을점
g_g002705,1,7,2307070008,전주 남부시장 한옥마을 야시장
g_g002705,1,8,2307070002,위드하우스
g_g002705,2,1,2307080002,PNB 풍년제과 전주 본점
g_g002705,2,2,2307080003,한국도로공사 전주수목원
g_g002705,2,3,2307080001,집
g_g002708,1,1,2306240001,집
g_g002708,1,2,2306240002,브라운 도트 호텔 대전역점
g_g002708,1,3,2306240003,소제 솔루나
g_g002708,1,4,2306240004,챔프 스페이스 커피 로프터스
g_g002708,1,5,2306240005,벽화거리
g_g002708,1,6,2306240006,대전시립미술관
g_g002708,1,7,2306240007,한빛탑 광장
g_g002708,1,8,2306240008,한마음 정육 식당 대흥점
g_g002708,1,9,2306240009,쿨 노래방
g_g002708,1,10,2306240010,넘버 25호텔 대전역점
g_g002708,2,1,2306250002,성심당 케이크 부티크 롯데백화점 대전점
g_g002708,2,2,2306250003,CGV 대전 탄방
g_g002708,2,3,2306250004,빠쇼앱샙
g_g002708,2,4,2306250001,집
g_g002711,1,1,2306170001,집
g_g002711,1,2,2306170005,부모님댁
g_g002711,1,3,2306170003,충주호종댕이길
g_g002711,1,4,2306170006,부모님댁
g_g002711,1,5,2306170004,피시 마켓
g_g002711,1,6,2306170002,부모님댁
g_g002711,2,1,2306180001,하트 카페
g_g002711,2,2,2306180002,소금산 출렁다리
g_g002711,2,3,2306180004,흥부네 막국수
g_g002711,2,4,2306180005,집
g_g002712,1,1,2306170001,사무실
g_g002712,1,2,2306170002,마장휴게소 주차장
g_g002712,1,3,2306170005,대전 둔산 더 호텔 아리아
g_g002712,1,4,2306170003,떡만집 본점
g_g002712,1,5,2306170007,대전 둔산 더 호텔 아리아
g_g002712,1,6,2306170004,둔산 주먹 구이
g_g002712,1,7,2306170006,엑스포다리
g_g002712,1,8,2306170008,대전 둔산 더 호텔 아리아
g_g002712,2,1,2306180001,원조태평소국밥 둔산점
g_g002712,2,2,2306180002,성심당 본점
g_g002712,2,3,2306180003,청양 아파트
g_g002713,1,1,2306240001,집
g_g002713,1,2,2306240002,쌍용역 1호선
g_g002713,1,3,2306240003,온양온천역 1호선
g_g002713,1,4,2306240004,코쿠미 신정호수점
g_g002713,1,5,2306240005,신정호
g_g002713,1,6,2306240006,카페 안낙
g_g002713,1,7,2306240007,신정호
g_g002713,1,8,2306240008,온양온천역
g_g002713,1,9,2306240009,쌍용역 1호선
g_g002713,1,10,2306240010,집
g_g002715,1,1,2306240001,사무실
g_g002715,1,2,2306240002,덕산온천 족욕장
g_g002715,1,3,2306240003,윤봉길의사 기념관
g_g002715,1,4,2306240004,국밥거리
g_g002715,1,5,2306240005,예당 저수지
g_g002715,1,6,2306240006,서산 예천 센텀 파크뷰 서희 아파트
g_g002718,1,1,2306160001,집
g_g002718,1,2,2306160002,홀리데이 세븐 펍
g_g002718,1,3,2306160003,PC 토랑
g_g002718,1,4,2306160004,대전 유성구 전민동 286
g_g002718,2,1,2306170001,부치다
g_g002718,2,2,2306170002,서원골 유황오리
g_g002718,2,3,2306170003,봉이 호떡
g_g002718,2,4,2306170004,수통골
g_g002718,2,5,2306170005,집
g_g002719,1,1,2306150001,집
g_g002719,1,2,2306150002,지리산 허브밸리
g_g002719,1,3,2306150003,춘향테마파크
g_g002719,1,4,2306150004,춘향가
g_g002719,1,5,2306150005,안주가 남원점
g_g002719,1,6,2306150006,남원 대교 사거리
g_g002719,1,7,2306150007,춘향가
g_g002719,2,1,2306160001,광한루원
g_g002719,2,2,2306160002,맛고기
g_g002719,2,3,2306160003,월향재
g_g002719,2,4,2306160004,한남 여산휴게소 천안 방향 제5호점
g_g002719,2,5,2306160005,집
g_g002727,1,1,2306300001,집
g_g002727,1,2,2306300003,수주팔봉
g_g002727,1,3,2306300004,악어 섬
g_g002727,1,4,2306300005,게으른 악어
g_g002727,1,5,2306300006,봉산 휴게쉼터
g_g002727,1,6,2306300007,수양개 선사유물전시관
g_g002727,1,7,2306300008,이끼 터널
g_g002727,1,8,2306300009,단양관광호텔
g_g002727,1,9,2306300010,단양강잔도
g_g002727,1,10,2306300002,단양관광호텔
g_g002727,2,1,2307010001,단양강잔도
g_g002727,2,2,2307010002,단양관광호텔
g_g002727,2,3,2307010003,불교 천태 중앙박물관
g_g002727,2,4,2307010004,보발재 전망대
g_g002727,2,5,2307010005,장성 반점
g_g002727,2,6,2307010006,시즌즈
g_g002727,2,7,2307010007,사인암
g_g002727,2,8,2307010008,오창휴게소 남이 방향
g_g002727,2,9,2307010009,집
g_g002729,1,1,2306200001,집
g_g002729,1,2,2306200003,안성휴게소 부산방향
g_g002729,1,3,2306200004,인문 아카이브
g_g002729,1,4,2306200005,용화사
g_g002729,1,5,2306200006,국립현대미술관 청주
g_g002729,1,6,2306200007,상당산성
g_g002729,1,7,2306200008,무슨 비야
g_g002729,1,8,2306200002,집
g_g002731,1,1,2307080001,집
g_g002731,1,2,2307080003,용산역
g_g002731,1,3,2307080004,익산역
g_g002731,1,4,2307080005,숲속에 소
g_g002731,1,5,2307080006,익산보석 박물관
g_g002731,1,6,2307080007,전주한옥마을
g_g002731,1,7,2307080008,라디앙뜨
g_g002731,1,8,2307080009,웨스턴 라이프 호텔
g_g002731,1,9,2307080010,익다
g_g002731,1,10,2307080002,웨스턴 라이프 호텔
g_g002731,2,1,2307090001,곽 만든 갈비탕 모현점
g_g002731,2,2,2307090002,익산 교도소 세트장
g_g002731,2,3,2307090003,함라 정원
g_g002731,2,4,2307090004,아가페 정원
g_g002731,2,5,2307090005,다이소 익산 원광대점
g_g002731,2,6,2307090006,익산역
g_g002731,2,7,2307090007,용산역
g_g002731,2,8,2307090008,집
g_g002732,1,1,2306160001,집
g_g002732,1,2,2306160003,맹꽁이 오락실
g_g002732,1,3,2306160004,전주한옥마을
g_g002732,1,4,2306160005,서민갑부 마약 육전 본점
g_g002732,1,5,2306160006,전주한옥마을
g_g002732,1,6,2306160007,유어 글라스
g_g002732,1,7,2306160008,전주한옥마을
g_g002732,1,8,2306160002,뜰 안채
g_g002732,2,1,2306170002,베테랑
g_g002732,2,2,2306170003,카페 달
g_g002732,2,3,2306170004,롯데백화점 전주점
g_g002732,2,4,2306170001,집
g_g002735,1,1,2306240001,사무실
g_g002735,1,2,2306240003,아침 목장 정육 식당
g_g002735,1,3,2306240004,역전 할머니 맥주 배방월천점
g_g002735,1,4,2306240005,북수리 1717
g_g002735,1,5,2306240002,북수리 1717
g_g002735,2,1,2306250001,유생촌 아산배방점
g_g002735,2,2,2306250002,79founyard
g_g002735,2,3,2306250003,배방역 1호선
g_g002735,2,4,2306250004,천안아산역
g_g002735,2,5,2306250005,집
g_g002738,1,1,2306240001,집
g_g002738,1,2,2306240002,죽녹원
g_g002738,1,3,2306240003,남도 예담
g_g002738,1,4,2306240005,메타 프로방스
g_g002738,1,5,2306240006,카페 다색 메타 프로방스점
g_g002738,1,6,2306240004,메타세쿼이아 가로수길
g_g002738,1,7,2306240008,담양국수거리
g_g002738,1,8,2306240007,담양 관방제림
g_g002738,1,9,2306240009,해피타임 무인 호텔
g_g002738,2,1,2306250001,소쇄원
g_g002738,2,2,2306250002,한국가사문학관
g_g002738,2,3,2306250003,슬로시티 삼지 내 마을
g_g002738,2,4,2306250004,용마루 길
g_g002738,2,5,2306250005,정읍 녹두장군휴게소 천안 방향
g_g002738,2,6,2306250006,집
g_g002744,1,1,2307010001,집
g_g002744,1,2,2307010003,쿠우쿠우 전주 송천점
g_g002744,1,3,2307010004,전주향교 문화관
g_g002744,1,4,2307010005,전주한옥마을
g_g002744,1,5,2307010006,전동성당
g_g002744,1,6,2307010007,서신동아 1차 아파트
g_g002744,2,1,2307020001,화심 순두부 본점
g_g002744,2,2,2307020002,육일 식당
g_g002744,2,3,2307020003,집
g_g002745,1,1,2306170001,집
g_g002745,1,2,2306170002,산티아고 레스토랑
g_g002745,1,3,2306170003,기지시 줄다리기 박물관
g_g002745,1,4,2306170004,영랑사
g_g002745,1,5,2306170005,당진종합운동장
g_g002745,1,6,2306170006,장수옥설렁탕 당진 본점
g_g002745,1,7,2306170007,화성휴게소 서울 방향
g_g002745,1,8,2306170008,집
g_g002750,1,1,2307010001,집
g_g002750,1,2,2307010003,덕지는 광장 사거리
g_g002750,1,3,2307010004,전라북도 전주시 덕진구 진북동 337-38번지
g_g002750,1,4,2307010005,전주 월드컵 경기장
g_g002750,1,5,2307010007,왕과탕후루 전북대점
g_g002750,1,6,2307010006,전주 숯불 닭집 전북대점
g_g002750,1,7,2307010008,롯데리아 전북대점
g_g002750,1,8,2307010002,숙소
g_g002750,2,1,2307020002,스타벅스 전북대점
g_g002750,2,2,2307020003,덕지는 광장
g_g002750,2,3,2307020001,집
g_g002752,1,1,2306230001,집
g_g002752,1,2,2306230002,맹동농협 하나로마트 동성점
g_g002752,1,3,2306230004,카페 윤슬
g_g002752,1,4,2306230003,네이스트 프라이빗
g_g002752,2,1,2306240002,큰곰집
g_g002752,2,2,2306240003,감우리 카페
g_g002752,2,3,2306240004,GS25 금왕 프라디움점
g_g002752,2,4,2306240001,집
g_g002753,1,1,2307030001,집
g_g002753,1,2,2307030002,삽교호 놀이공원
g_g002753,1,3,2307030003,바다 꽃게장 집
g_g002753,1,4,2307030004,남면농협 하나로마트 청포대점
g_g002753,1,5,2307030006,소소 펜션
g_g002753,1,6,2307030007,청포대해수욕장
g_g002753,1,7,2307030008,소소 펜션
g_g002753,1,8,2307030009,청포대해수욕장
g_g002753,1,9,2307030005,소소 펜션
g_g002753,2,1,2307040001,시골밥상
g_g002753,2,2,2307040002,커피 인터뷰 파도리점
g_g002753,2,3,2307040003,집
g_g002759,1,1,2306230001,집
g_g002759,1,2,2306230002,소노벨 천안 오션 어드벤처
g_g002759,1,3,2306230005,레전드 히어로즈 천안
g_g002759,1,4,2306230003,연화지
g_g002759,1,5,2306230004,선유엔
g_g002759,1,6,2306230006,소노벨 천안
g_g002759,2,1,2306240002,브레드 보드
g_g002759,2,2,2306240003,허당 칼제비 본점
g_g002759,2,3,2306240004,독립기념관
g_g002759,2,4,2306240005,죽전휴게소 서울 방향
g_g002759,2,5,2306240006,서울 앵무새 용산점
g_g002759,2,6,2306240001,집
g_g002760,1,1,2306240001,집
g_g002760,1,2,2306240003,신림 반점
g_g002760,1,3,2306240002,스테 리움 제천
g_g002760,2,1,2306250002,황제돈까스앤커피
g_g002760,2,2,2306250003,카페 평화공간
g_g002760,2,3,2306250004,양평 휴게소 광주방향
g_g002760,2,4,2306250001,집
g_g002762,1,1,2306240001,집
g_g002762,1,2,2306240002,춘향 휴게소 완주 방향
g_g002762,1,3,2306240003,청마루
g_g002762,1,4,2306240004,나본리조트
g_g002762,1,5,2306240005,전주식당
g_g002762,1,6,2306240006,나본리조트
g_g002762,2,1,2306250001,구천동 계곡
g_g002762,2,2,2306250002,태권도원
g_g002762,2,3,2306250003,낭낭 오리 죽림점
g_g002762,2,4,2306250004,집
g_g002763,1,1,2307080001,집
g_g002763,1,2,2307080002,곡성기차마을 휴게소 순천방향
g_g002763,1,3,2307080003,화포해변
g_g002763,1,4,2307080004,순천만일출펜션
g_g002763,1,5,2307080005,순천만 국가정원
g_g002763,1,6,2307080006,순천만일출펜션
g_g002763,2,1,2307090001,순천만 487
g_g002763,2,2,2307090002,주암 휴게소 천안 방향
g_g002763,2,3,2307090003,집
g_g002764,1,1,2306240001,집
g_g002764,1,2,2306240003,금호 화순리조트 아쿠아나
g_g002764,1,3,2306240004,금호 화순 스파 리조트
g_g002764,1,4,2306240005,광주식당
g_g002764,1,5,2306240002,금호 화순 스파 리조트
g_g002764,2,1,2306250001,만연산 치유의 숲
g_g002764,2,2,2306250003,화순 군립 석봉 미술관
g_g002764,2,3,2306250002,동구리 호수공원
g_g002764,2,4,2306250004,올라 알파카 카페
g_g002764,2,5,2306250005,사평 다슬기 수제비
g_g002764,2,6,2306250006,집
g_g002765,1,1,2306250001,집
g_g002765,1,2,2306250002,유구 색동수국정원
g_g002765,1,3,2306250004,유구농협 하나로마트
g_g002765,1,4,2306250005,대성과
g_g002765,1,5,2306250003,집
g_g002766,1,1,2306300001,집
g_g002766,1,2,2306300002,정읍농협 하나로마트 본점
g_g002766,1,3,2306300003,슬지 제빵소
g_g002766,1,4,2306300005,바다마을
g_g002766,1,5,2306300004,곰소염전
g_g002766,1,6,2306300006,해피트리펜션 호텔 격포호텔
g_g002766,2,1,2307010001,하섬
g_g002766,2,2,2307010002,카페쿠숑
g_g002766,2,3,2307010003,격포해수욕장
g_g002766,2,4,2307010004,정읍 연지 동영 무예 다음 아파트
g_g002767,1,1,2307010001,집
g_g002767,1,2,2307010002,대전 어린이 회관
g_g002767,1,3,2307010003,비래옥
g_g002767,1,4,2307010004,성심당 본점
g_g002767,1,5,2307010005,베니키아 호텔 대림
g_g002767,2,1,2307020001,한밭수목원
g_g002767,2,2,2307020002,엑스포과학공원
g_g002767,2,3,2307020003,국립 중앙과학관
g_g002767,2,4,2307020004,청양 칼국수
g_g002767,2,5,2307020005,성심당 대전역점
g_g002767,2,6,2307020006,집
g_g002770,1,1,2306240001,집
g_g002770,1,2,2306240003,전동성당
g_g002770,1,3,2306240004,색동저고리
g_g002770,1,4,2306240002,베테랑
g_g002770,1,5,2306240005,경기전
g_g002770,1,6,2306240006,길거리다 한옥마을점
g_g002770,1,7,2306240007,마시랑게
g_g002770,1,8,2306240008,옛촌막걸리 서신 본점
g_g002770,1,9,2306240009,청은루
g_g002770,1,10,2306240010,그네 한옥펜션
g_g002770,2,1,2306250001,왱이 콩나물국밥 전문점 신관
g_g002770,2,2,2306250002,전망
g_g002770,2,3,2306250003,한국도로공사 전주수목원
g_g002770,2,4,2306250004,집
g_g002776,1,1,2307060001,집
g_g002776,1,2,2307060002,베스트필드
g_g002776,2,1,2307070001,국립공주 박물관
g_g002776,2,2,2307070002,배꼽
g_g002776,2,3,2307070003,나니브레드 위드 커피
g_g002776,2,4,2307070004,대전 용문동
g_g002781,1,1,2306200001,집
g_g002781,1,2,2306200003,유구 색동수국정원
g_g002781,1,3,2306200004,뽀글뽀글 닭갈비
g_g002781,1,4,2306200005,유구 섬유역사박물관과 벽화거리
g_g002781,1,5,2306200006,정안천 생태공원
g_g002781,1,6,2306200007,미르 섬
g_g002781,1,7,2306200008,곰골 식당
g_g002781,1,8,2306200010,공주 호텔 INK
g_g002781,2,1,2306210001,공주 풀꽃 문학관
g_g002781,2,2,2306210002,국립공주 박물관
g_g002781,2,3,2306210007,매향
g_g002781,2,4,2306210003,연미산 자연미술공원
g_g002781,2,5,2306210004,춘소 커피
g_g002781,2,6,2306210008,시골 손칼국수
g_g002781,2,7,2306210005,공주 토실이 쌀밤빵
g_g002781,2,8,2306210006,집
g_g002784,1,1,2307050001,집
g_g002784,1,2,2307050002,스타벅스 전주인후 DT점
g_g002784,1,3,2307050003,대천해수욕장
g_g002784,1,4,2307050004,대천해수욕장 스카이 바이크
g_g002784,1,5,2307050005,한화리조트 대천 파로스
g_g002784,1,6,2307050006,대천 쪼개 창고
g_g002784,1,7,2307050007,카페라 스칼라
g_g002784,1,8,2307050008,한화리조트 대천 파로스
g_g002784,2,1,2307060001,비인 해수욕장
g_g002784,2,2,2307060002,한화리조트 대천 파로스 아르테 레스토랑
g_g002784,2,3,2307060003,개화예술공원
g_g002784,2,4,2307060004,집
g_g002793,1,1,2307070001,집
g_g002793,1,2,2307070003,메타세쿼이아 가로수길
g_g002793,1,3,2307070004,옛날 진미국수
g_g002793,1,4,2307070005,죽녹원
g_g002793,1,5,2307070006,담양 밤 부리
g_g002793,1,6,2307070002,집
g_g002795,1,1,2307030001,집
g_g002795,1,2,2307030004,샤브 50
g_g002795,1,3,2307030005,카페 온 더 힐
g_g002795,1,4,2307030006,전주 성신교회
g_g002795,1,5,2307030003,조성한옥 문화센터
g_g002795,2,1,2307040001,용진농협 로컬푸드 직매장
g_g002795,2,2,2307040003,PNB 풍년제과
g_g002795,2,3,2307040004,성미당
g_g002795,2,4,2307040002,집
g_g002798,1,1,2306300001,집
g_g002798,1,2,2306300003,이마트 보령점
g_g002798,1,3,2306300004,대천해수욕장
g_g002798,1,4,2306300005,돈돼지 삼겹살
g_g002798,1,5,2306300006,카페인 대천
g_g002798,1,6,2306300007,인생네컷 대천해수욕장점
g_g002798,1,7,2306300008,보령종합터미널
g_g002798,1,8,2306300002,한화리조트 대천 파로스 (체크인 5시 3분경)
g_g002798,2,1,2307010002,충청수영성
g_g002798,2,2,2307010003,청보리 창고
g_g002798,2,3,2307010004,우유 창고
g_g002798,2,4,2307010005,오양손 칼국수
g_g002798,2,5,2307010006,대천해수욕장
g_g002798,2,6,2307010007,상화원
g_g002798,2,7,2307010001,집
g_g002800,1,1,2306230001,집
g_g002800,1,2,2306230002,아산 마트
g_g002800,1,3,2306230003,아산 곡교천 야영장
g_g002800,1,4,2306230004,은행나무 길
g_g002800,1,5,2306230006,호텔 아모르
g_g002800,2,1,2306240001,세븐일레븐 아산센터점
g_g002800,2,2,2306240002,석문방조제
g_g002800,2,3,2306240004,왜목제일횟집
g_g002800,2,4,2306240003,왜목마을
g_g002800,2,5,2306240005,세븐일레븐 당진 왜목점
g_g002800,2,6,2306240006,CU 당진 왜목점
g_g002800,2,7,2306240007,도비도 선착장
g_g002800,2,8,2306240008,코리아 오피스텔
g_g002802,1,1,2306240001,집
g_g002802,1,2,2306240002,모나무르
g_g002802,1,3,2306240003,스테이크하우스
g_g002802,1,4,2306240004,신정호 관광단지
g_g002802,1,5,2306240005,지중해마을
g_g002802,1,6,2306240006,천안 타운홀 전망대
g_g002802,1,7,2306240007,소설스미스호텔 천안점
g_g002802,1,8,2306240008,아쭈 성정 두정점
g_g002802,1,9,2306240009,소설 스미스 호텔 천안점
g_g002802,2,1,2306250001,독립기념관
g_g002802,2,2,2306250002,원래 병천순대
g_g002802,2,3,2306250003,집
g_g002804,1,1,2307010001,집
g_g002804,1,2,2307010002,울산역
g_g002804,1,3,2307010003,천안아산역
g_g002804,1,4,2307010005,호수 매운탕 어죽 대부
g_g002804,1,5,2307010004,아라리오갤러리 천안
g_g002804,1,6,2307010007,신라스테이 천안
g_g002804,1,7,2307010006,콩트
g_g002804,1,8,2307010008,천안 타운홀 전망대
g_g002804,1,9,2307010009,인생생골뱅이 본점
g_g002804,1,10,2307010011,신라스테이 천안
g_g002804,2,1,2307020001,지중해마을
g_g002804,2,2,2307020002,카페 안낙
g_g002804,2,3,2307020004,현충사
g_g002804,2,4,2307020003,모 나무르
g_g002804,2,5,2307020005,천안아산역
g_g002804,2,6,2307020006,울산역
g_g002804,2,7,2307020007,집
g_g002805,1,1,2306170006,집
g_g002805,1,2,2306170001,단양팔경 휴게소 춘천 방향
g_g002805,1,3,2306170002,의림지 용추폭포 유리 전망대
g_g002805,1,4,2306170003,청풍 호반 케이블카 1주차장
g_g002805,1,5,2306170004,도담삼봉
g_g002805,1,6,2306170005,단양구경시장
g_g002805,1,7,2306170007,집
g_g002806,1,1,2307080001,집
g_g002806,1,2,2307080002,광주송정역
g_g002806,1,3,2307080003,1913 송정역시장
g_g002806,1,4,2307080004,계란밥
g_g002806,1,5,2307080005,"광주송정역, 광주역, 금남로, GS25"
g_g002806,1,6,2307080006,5.18민주화운동 기록관
g_g002806,1,7,2307080007,전일빌딩 245
g_g002806,1,8,2307080008,전일빌딩 5.18민주광장 옛 전남도청
g_g002806,1,9,2307080009,금남지하상가
g_g002806,1,10,2307080010,145게스트하우스
g_g002806,1,11,2307080011,금남로 공원
g_g002806,1,12,2307080012,청춘 덮밥
g_g002806,1,13,2307080013,커피홀릭
g_g002806,1,14,2307080014,145게스트하우스
g_g002806,2,1,2307090001,햇살 손 만두
g_g002806,2,2,2307090002,집
g_g002809,1,1,2307080002,집
g_g002809,1,2,2307080003,인천종합터미널
g_g002809,1,3,2307080004,전주 고속버스터미널
g_g002809,1,4,2307080005,가족회관
g_g002809,1,5,2307080006,이재
g_g002809,1,6,2307080007,일상에 한복
g_g002809,1,7,2307080008,경기전
g_g002809,1,8,2307080009,전동성당
g_g002809,1,9,2307080010,왕과 과일 사탕
g_g002809,1,10,2307080011,다회원
g_g002809,1,11,2307080012,전주향교
g_g002809,1,12,2307080013,조점례남문피순대
g_g002809,1,13,2307080014,오목대
g_g002809,1,14,2307080015,이재
g_g002809,1,15,2307080016,전일갑오
g_g002809,1,16,2307080001,이재
g_g002809,2,1,2307090001,나들벌
g_g002809,2,2,2307090002,소복 전주한옥마을점
g_g002809,2,3,2307090003,전주 고속버스터미널
g_g002809,2,4,2307090004,인천종합터미널
g_g002809,2,5,2307090005,집
g_g002811,1,1,2306170001,집
g_g002811,1,2,2306170003,부산 서부버스터미널
g_g002811,1,3,2306170002,섬진강휴게소 순천방향
g_g002811,1,4,2306170004,유스퀘어 광주종합버스터미널
g_g002811,1,5,2306170005,현완단겸상추튀김 펭귄마을점
g_g002811,1,6,2306170007,펭귄 마을
g_g002811,1,7,2306170006,이이남 갤러리 카페
g_g002811,1,8,2306170009,유일선 선교사 사택
g_g002811,1,9,2306170010,영도 원룸
g_g002811,1,10,2306170011,소야
g_g002811,1,11,2306170008,영도 원룸
g_g002811,2,1,2306180001,진우네 집 국수
g_g002811,2,2,2306180002,김순옥 댓잎 찹쌀도넛 본점
g_g002811,2,3,2306180004,칠링스
g_g002811,2,4,2306180003,죽녹원
g_g002811,2,5,2306180005,두찜 전남대점
g_g002811,2,6,2306180006,전남대학교 광주캠퍼스
g_g002811,2,7,2306180007,유스퀘어 광주종합버스터미널
g_g002811,2,8,2306180008,부산 서부버스터미널
g_g002811,2,9,2306180009,집
g_g002818,1,1,2307010001,집
g_g002818,1,2,2307010002,친척 집
g_g002818,1,3,2307010003,에스에스 에이 더블유
g_g002818,1,4,2307010004,오씨칼국수
g_g002818,1,5,2307010005,친척 집
g_g002818,2,1,2307020001,메콩 타이 세종 나성점
g_g002818,2,2,2307020002,NC대전 유성점
g_g002818,2,3,2307020003,집
g_g002819,1,1,2307010001,집
g_g002819,1,2,2307010002,유스퀘어 광주종합버스터미널
g_g002819,1,3,2307010004,무드 베이지
g_g002819,1,4,2307010003,고속버스 둔산(청사) 정류장
g_g002819,1,5,2307010005,토요코인 호텔 정부청사앞점
g_g002819,1,6,2307010006,대선 칼국수
g_g002819,1,7,2307010007,커피 인터뷰 궁동점
g_g002819,1,8,2307010008,이츠 올라 잇
g_g002819,1,9,2307010009,토요코인 호텔 정부청사앞점
g_g002819,2,1,2307020001,한밭수목원
g_g002819,2,2,2307020002,천연기념물 센터
g_g002819,2,3,2307020003,대전시립미술관
g_g002819,2,4,2307020004,성심당 케이크 부티크 롯데백화점 대전점
g_g002819,2,5,2307020005,홀리 크로스
g_g002819,2,6,2307020006,보끄미 둔산점
g_g002819,2,7,2307020007,고속버스 둔산(청사) 정류장
g_g002819,2,8,2307020008,유스퀘어 광주종합버스터미널
g_g002819,2,9,2307020009,집
g_g002820,1,1,2306170001,집
g_g002820,1,2,2306170003,소노문단양
g_g002820,1,3,2306170004,짬뽕 애
g_g002820,1,4,2306170005,단양구경시장
g_g002820,1,5,2306170002,집
g_g002825,1,1,2306250001,집
g_g002825,1,2,2306250003,마늘 석갈비 막국수
g_g002825,1,3,2306250004,만천하 스카이워크
g_g002825,1,4,2306250005,향미 식당
g_g002825,1,5,2306250006,단양구경시장
g_g002825,1,6,2306250002,소노문단양
g_g002825,2,1,2306260002,단양 토종마늘순대
g_g002825,2,2,2306260003,단양구경시장
g_g002825,2,3,2306260004,집
g_g002827,1,1,2307030001,집
g_g002827,1,2,2307030002,이순신 수제버거
g_g002827,1,3,2307030006,모카힐
g_g002827,1,4,2307030003,신라스테이 여수
g_g002827,1,5,2307030004,아쿠아플라넷 여수
g_g002827,1,6,2307030005,돌문어 상회
g_g002827,1,7,2307030007,신라스테이 여수
g_g002827,2,1,2307040001,집
g_g002828,1,1,2306180001,집
g_g002828,1,2,2306180002,문산휴게소 순천방향
g_g002828,1,3,2306180005,7공주식당 여수 본점
g_g002828,1,4,2306180003,오동도
g_g002828,1,5,2306180004,하멜로
g_g002828,1,6,2306180006,이순신광장
g_g002828,1,7,2306180007,소노캄 여수
g_g002828,2,1,2306190001,소노캄 여수
g_g002828,2,2,2306190002,김치 백화점
g_g002828,2,3,2306190003,사천휴게소 부산방향
g_g002828,2,4,2306190004,집
g_g002829,1,1,2306180001,집
g_g002829,1,2,2306180002,부여 가림성
g_g002829,1,3,2306180003,구 교정 미소 카페
g_g002829,1,4,2306180004,솔내음
g_g002829,1,5,2306180006,국립부여박물관
g_g002829,1,6,2306180005,율사가
g_g002829,1,7,2306180008,백제문화 단지
g_g002829,1,8,2306180007,롯데리조트 부여
g_g002829,1,9,2306180009,롯데리조트 부여
g_g002829,2,1,2306190001,정림사지박물관 정림사지 5층 석탑
g_g002829,2,2,2306190002,장수 버섯마을
g_g002829,2,3,2306190004,라한 호텔 전주
g_g002829,2,4,2306190003,전주한옥마을
g_g002829,2,5,2306190005,전주 밥상 다 잡수소
g_g002829,2,6,2306190006,전주 덕진공원
g_g002829,2,7,2306190011,라한 호텔 전주
g_g002832,1,1,2306170001,집
g_g002832,1,2,2306170003,신세계백화점 광주신세계점
g_g002832,1,3,2306170004,진주 황포 냉면
g_g002832,1,4,2306170005,중외공원
g_g002832,1,5,2306170006,광주비엔날레
g_g002832,1,6,2306170007,볼레시피 용봉점
g_g002832,1,7,2306170008,호텔야자
g_g002832,1,8,2306170002,집
g_g002833,1,1,2306230001,집
g_g002833,1,2,2306230002,광주 패밀리랜드
g_g002833,1,3,2306230003,김연수해물나라
g_g002833,1,4,2306230006,부림 2차 아파트
g_g002833,2,1,2306240001,광주호호수생태원
g_g002833,2,2,2306240002,집
g_g002835,1,1,2306190001,집
g_g002835,1,2,2306190003,김화 칼국수
g_g002835,1,3,2306190004,은행교
g_g002835,1,4,2306190005,성심당 본점
g_g002835,1,5,2306190006,카페 코지 대전중앙로점
g_g002835,1,6,2306190007,대전테크노파크 디스테이션
g_g002835,1,7,2306190008,이 이디 에스프레소 바
g_g002835,1,8,2306190009,대전중앙시장
g_g002835,1,9,2306190010,마성소국밥 대전역점
g_g002835,1,10,2306190002,집
g_g002837,1,1,2306250001,집
g_g002837,1,2,2306250004,베이커리와정
g_g002837,1,3,2306250003,덕평자연휴게소 인천방향
g_g002837,1,4,2306250005,신양자강본점
g_g002837,1,5,2306250006,캠핑 88
g_g002837,2,1,2306260001,오복 쌈밥
g_g002837,2,2,2306260002,카페 아리아
g_g002837,2,3,2306260003,집
g_g002838,1,1,2306290001,집
g_g002838,1,2,2306290002,충남대학교 대덕캠퍼스
g_g002838,1,3,2306290003,산 너머 남촌에는
g_g002838,1,4,2306290004,동학사계곡
g_g002838,1,5,2306290007,산 너머 남촌에는
g_g002838,2,1,2306300001,판다 마라탕 궁동점
g_g002838,2,2,2306300002,집
g_g002841,1,1,2306170001,집
g_g002841,1,2,2306170002,천안역
g_g002841,1,3,2306170004,미사리밀빛초계국수 아산점
g_g002841,1,4,2306170007,메가 MGC 커피 증평초 중점
g_g002841,1,5,2306170005,화양구곡
g_g002841,1,6,2306170006,먹고자아이스 아이스크림 할인점
g_g002841,1,7,2306170003,친구 집
g_g002841,2,1,2306180003,대박 만두
g_g002841,2,2,2306180005,빽다방 천안 청당점
g_g002841,2,3,2306180006,다이소 천안청수지구점
g_g002841,2,4,2306180007,백석 셀프주유소
g_g002841,2,5,2306180004,매주리커미
g_g002841,2,6,2306180001,천안역
g_g002841,2,7,2306180002,집
g_g002842,1,1,2306180001,집
g_g002842,1,2,2306180002,아산스파비스
g_g002842,1,3,2306180003,집
g_g002851,1,1,2306210001,집
g_g002851,1,2,2306210002,춘해루중화요리전문점
g_g002851,1,3,2306210003,꿀잼 2호점
g_g002851,1,4,2306210004,충남대학교 대덕캠퍼스
g_g002851,1,5,2306210005,올리브영 충남대점
g_g002851,1,6,2306210006,롯데시티 호텔 대전
g_g002851,1,7,2306210007,대전 신세계 아트앤사이언스
g_g002851,1,8,2306210008,GS 더 프레시 대전 스마트시티점
g_g002851,1,9,2306210009,롯데시티 호텔 대전
g_g002851,2,1,2306220001,온게정
g_g002851,2,2,2306220002,스타벅스 대전엑스포 스카이점
g_g002851,2,3,2306220003,대전역
g_g002851,2,4,2306220004,집
g_g002854,1,1,2307010001,집
g_g002854,1,2,2307010002,서울역
g_g002854,1,3,2307010003,물레방아
g_g002854,1,4,2307010004,동락원
g_g002854,1,5,2307010005,전일갑오
g_g002854,1,6,2307010006,설월화
g_g002854,1,7,2307010007,전동성당
g_g002854,1,8,2307010012,동락원
g_g002854,2,1,2307020001,전주왱이콩나물국밥전문점
g_g002854,2,2,2307020002,1938맨션
g_g002854,2,3,2307020003,전주역
g_g002854,2,4,2307020004,집
g_g002856,1,1,2306170001,집
g_g002856,1,2,2306170002,더 스위트호텔 남원
g_g002856,1,3,2306170003,봉이면옥
g_g002856,1,4,2306170004,남원시립 김병종 미술관
g_g002856,1,5,2306170005,예루원
g_g002856,1,6,2306170006,광한루원
g_g002856,1,7,2306170008,임실 셀프주유소
g_g002856,1,8,2306170007,집
g_g002857,1,1,2307010001,집
g_g002857,1,2,2307010016,검암역 공항철도
g_g002857,1,3,2307010003,동서울 종합터미널
g_g002857,1,4,2307010004,백무동 시외버스정류소
g_g002857,1,5,2307010005,지리산국립공원 백무동 탐방지원센터
g_g002857,1,6,2307010007,지리산 장터목대피소
g_g002857,1,7,2307010008,제석봉
g_g002857,1,8,2307010010,지리산 천왕봉
g_g002857,1,9,2307010009,칠선계곡
g_g002857,1,10,2307010006,소리봉
g_g002857,1,11,2307010011,백무동 시외버스정류소
g_g002857,1,12,2307010012,죽암휴게소 서울 방향
g_g002857,1,13,2307010013,동서울 종합터미널
g_g002857,1,14,2307010014,강변역 2호선
g_g002857,1,15,2307010015,검암역 공항철도
g_g002865,1,1,2307010001,집
g_g002865,1,2,2307010002,남노갈비 본점
g_g002865,1,3,2307010003,물와동네
g_g002865,1,4,2307010004,자만 벽화마을
g_g002865,1,5,2307010005,전주공예품 전시관
g_g002865,1,6,2307010006,전주한옥마을
g_g002865,1,7,2307010007,경기전
g_g002865,1,8,2307010008,마닐마닐
g_g002865,1,9,2307010009,전주 풍개지관
g_g002865,1,10,2307010011,반월동 남해 오게뜨하이브 아파트
g_g002865,2,1,2307020001,두거리우신탕 혁신점
g_g002865,2,2,2307020002,투썸플레이스 전주혁신 호수공원점
g_g002865,2,3,2307020003,호남 제일문 고속버스 매표소
g_g002865,2,4,2307020004,집
g_g002867,1,1,2306170001,집
g_g002867,1,2,2306170002,메가 MGC 커피 아산인주점
g_g002867,1,3,2306170003,전라도 군산횟집
g_g002867,1,4,2306170004,삽교호 놀이공원
g_g002867,1,5,2306170005,해어름 베이커리
g_g002867,1,6,2306170006,매산 해안공원
g_g002867,1,7,2306170007,닭발 이야기
g_g002867,1,8,2306170008,큐비 스타 호텔
g_g002867,2,1,2306180001,삽교천 시외버스터미널
g_g002867,2,2,2306180003,알까르본
g_g002867,2,3,2306180004,이내
g_g002867,2,4,2306180002,집
g_g002872,1,1,2306240001,집
g_g002872,1,2,2306240003,N 마트 아산 신창점 주차장
g_g002872,1,3,2306240004,세븐일레븐 당진 정미 휴게소점
g_g002872,1,4,2306240005,원북농협 하나로마트
g_g002872,1,5,2306240006,그린씨 펜션
g_g002872,1,6,2306240007,민우네 바지락칼국수
g_g002872,1,7,2306240008,꾸지나무골해수욕장
g_g002872,1,8,2306240009,꾸지나무골 행복한 하우스 펜션
g_g002872,1,9,2306240011,그린씨 펜션
g_g002872,2,1,2306250002,불티나 꼬막 짬뽕
g_g002872,2,2,2306250001,집
g_g002874,1,1,2306240001,집
g_g002874,1,2,2306240002,팔공산덕바위체험마을
g_g002874,1,3,2306240004,덕바위 농촌체험휴양마을
g_g002874,2,1,2306250001,동학사계곡
g_g002874,2,2,2306250002,던킨 세종 나성점
g_g002874,2,3,2306250003,집
g_g002875,1,1,2307010001,집
g_g002875,1,2,2307010003,금강하굿둑 관광지
g_g002875,1,3,2307010004,국립생태원
g_g002875,1,4,2307010005,진주조개구이
g_g002875,1,5,2307010006,인생이 닭
g_g002875,1,6,2307010002,개비 오무 인텔
g_g002875,2,1,2307020003,육비가
g_g002875,2,2,2307020002,판교 시간이 멈춘 마을
g_g002875,2,3,2307020001,집
g_g002876,1,1,2306170001,집
g_g002876,1,2,2306170002,삼락전랜드
g_g002876,1,3,2306170003,나불도 유원지
g_g002876,1,4,2306170004,집
g_g002880,1,1,2306220001,집
g_g002880,1,2,2306220007,송산포도 휴게소 시흥방향
g_g002880,1,3,2306220002,몽산포해수욕장
g_g002880,1,4,2306220003,신두리 해수욕장
g_g002880,1,5,2306220006,포리 뉴
g_g002880,1,6,2306220004,파도리해수욕장
g_g002880,1,7,2306220005,풍경펜션
g_g002880,2,1,2306230001,통나무집 사람들
g_g002880,2,2,2306230002,파도리 해식동굴
g_g002880,2,3,2306230004,카페 파파야
g_g002880,2,4,2306230003,팜카밀레 허브농원
g_g002880,2,5,2306230005,집
g_g002886,1,1,2306230001,집
g_g002886,1,2,2306230002,유스퀘어 광주종합버스터미널
g_g002886,1,3,2306230003,남원 공용버스터미널
g_g002886,1,4,2306230004,봉이면옥
g_g002886,1,5,2306230005,어 베러 데이
g_g002886,1,6,2306230007,추냔이네
g_g002886,1,7,2306230006,광한루원
g_g002886,1,8,2306230008,연 식당
g_g002886,1,9,2306230009,빈타이 남원점
g_g002886,1,10,2306230010,발리 모텔
g_g002886,2,1,2306240001,경방루
g_g002886,2,2,2306240002,남원 예천 by 켄싱턴
g_g002886,2,3,2306240003,월향재
g_g002886,2,4,2306240004,남원 공용버스터미널
g_g002886,2,5,2306240005,유스퀘어 광주종합버스터미널
g_g002886,2,6,2306240006,집
g_g002887,1,1,2307010001,집
g_g002887,1,2,2307010003,원조태평소국밥 본점
g_g002887,1,3,2307010004,롯데백화점 대전점
g_g002887,1,4,2307010005,대전근현대사전시관
g_g002887,1,5,2307010007,롯데시티 호텔 대전
g_g002887,1,6,2307010006,대전중앙시장
g_g002887,1,7,2307010008,전통 손칼국수
g_g002887,1,8,2307010009,엑스포과학공원
g_g002887,1,9,2307010002,롯데시티호텔 대전
g_g002887,2,1,2307020001,성심당 DCC점
g_g002887,2,2,2307020002,집
g_g002890,1,1,2306170001,집
g_g002890,1,2,2306170002,친지 집
g_g002890,1,3,2306170003,가원 농장
g_g002890,1,4,2306170004,진산 농협 농협 카페
g_g002890,1,5,2306170005,권율장군이치대첩비
g_g002890,1,6,2306170006,대둔산 도립공원
g_g002890,1,7,2306170007,친지 집
g_g002890,2,1,2306180001,맛난다 갈비
g_g002890,2,2,2306180003,친지 집
g_g002890,2,3,2306180002,집
g_g002891,1,1,2306170001,집
g_g002891,1,2,2306170002,음성휴게소 통영방향
g_g002891,1,3,2306170003,국립대전현충원
g_g002891,1,4,2306170004,갑동숯골냉면
g_g002891,1,5,2306170006,대천해수욕장
g_g002891,1,6,2306170005,더 플라야
g_g002891,1,7,2306170007,더 플라야
g_g002891,2,1,2306180001,대천해수욕장
g_g002891,2,2,2306180002,대천 간장게장
g_g002891,2,3,2306180003,탑정호 출렁다리
g_g002891,2,4,2306180004,집
g_g002896,1,1,2307070001,집
g_g002896,1,2,2307070002,동대구역
g_g002896,1,3,2307070003,대전역
g_g002896,1,4,2307070004,성심당 대전역점
g_g002896,1,5,2307070005,CGV 대전터미널
g_g002896,1,6,2307070006,백미다 대전복합터미널점
g_g002896,1,7,2307070008,더 휴식 아늑 호텔 대전 용전 1호점
g_g002896,2,1,2307080002,다이소 대전중앙로역점
g_g002896,2,2,2307080003,모놀로그
g_g002896,2,3,2307080004,NC백화점 대전중앙로점
g_g002896,2,4,2307080005,광천 식당
g_g002896,2,5,2307080006,카페 코지 대전중앙로점
g_g002896,2,6,2307080007,테마 오래
g_g002896,2,7,2307080008,테마공원
g_g002896,2,8,2307080009,테마 놀이터
g_g002896,2,9,2307080010,성심당 케이크 부티크 롯데백화점 대전점
g_g002896,2,10,2307080011,대전역
g_g002896,2,11,2307080012,동대구역
g_g002896,2,12,2307080001,집
g_g002897,1,1,2307020001,집
g_g002897,1,2,2307020002,봉양역
g_g002897,1,3,2307020003,갓바위 찐빵 만두
g_g002897,1,4,2307020006,CU 리솜포레스트점
g_g002897,1,5,2307020004,포레스트 리솜
g_g002897,1,6,2307020005,리솜 시크릿가든 촬영지
g_g002897,1,7,2307020007,레스트리리솜 마묵 라운지
g_g002897,1,8,2307020008,포레스트 리솜 해브나인스파
g_g002897,1,9,2307020009,교촌치킨 투고 포레스트 리솜점
g_g002897,1,10,2307020010,포레스트 리솜
g_g002897,2,1,2307030001,레스트리리솜 몬도 키친
g_g002897,2,2,2307030002,포레스트 리솜
g_g002897,2,3,2307030003,제천역 3층 맞이 방 커피
g_g002897,2,4,2307030004,집
g_g002900,1,1,2306270001,집
g_g002900,1,2,2306270002,신리로 225
g_g002900,1,3,2306270003,부안자연 생태공원
g_g002900,1,4,2306270004,줄포효마트
g_g002900,1,5,2306270005,줄포 상설시장
g_g002900,1,6,2306270007,숙소
g_g002900,2,1,2306280001,집
g_g002903,1,1,2307010001,집
g_g002903,1,2,2307010004,백운 카페
g_g002903,1,3,2307010002,무주 반디랜드
g_g002903,1,4,2307010003,태권도원
g_g002903,1,5,2307010005,별머루가든
g_g002903,1,6,2307010006,머루와인동굴
g_g002903,1,7,2307010007,좋은 날 펜션
g_g002903,2,1,2307020001,무주반딧불시장
g_g002903,2,2,2307020002,이디야커피 무주점
g_g002903,2,3,2307020003,태권도원
g_g002903,2,4,2307020004,금산인삼랜드 휴게소 대전방향
g_g002903,2,5,2307020005,집
g_g002906,1,1,2306180001,친구 친지 집
g_g002906,1,2,2306180003,전주한옥마을
g_g002906,1,3,2306180002,유스퀘어 광주종합버스터미널
g_g002907,1,1,2306180001,집
g_g002907,1,2,2306180003,시골집
g_g002907,1,3,2306180002,화순군립석봉미술관
g_g002907,1,4,2306180004,만연사
g_g002907,1,5,2306180005,스타벅스 전남 화순 DT점
g_g002907,1,6,2306180006,어반 센트럴 오피스텔
g_g002908,1,1,2307070001,집
g_g002908,1,2,2307070002,해양 횟집
g_g002908,1,3,2307070003,충청수영성
g_g002908,1,4,2307070004,영자 포차
g_g002908,1,5,2307070005,한화리조트 대천 파로스
g_g002908,2,1,2307080003,동군산병원
g_g002908,2,2,2307080005,집
g_g002912,1,1,2307080001,집
g_g002912,1,2,2307080002,서울역
g_g002912,1,3,2307080003,대전역
g_g002912,1,4,2307080004,한화생명 이글스 파크
g_g002912,1,5,2307080005,한화이글스 파크 위팬샵
g_g002912,1,6,2307080006,카페쏨
g_g002912,1,7,2307080007,윈 스포츠
g_g002912,1,8,2307080008,농심 가락
g_g002912,1,9,2307080009,한화생명 이글스 파크
g_g002912,1,10,2307080010,넘버 25호텔 대전역점
g_g002912,2,1,2307090001,으능정이 스카이로드
g_g002912,2,2,2307090002,NC백화점 중앙로역점
g_g002912,2,3,2307090003,광천 식당
g_g002912,2,4,2307090004,빵 한 모금
g_g002912,2,5,2307090005,하늘공원 풍차
g_g002912,2,6,2307090006,대전역
g_g002912,2,7,2307090008,서울역
g_g002912,2,8,2307090007,집
g_g002916,1,1,2307010001,집
g_g002916,1,2,2307010002,청남대
g_g002916,1,3,2307010003,육거리종합시장
g_g002916,1,4,2307010005,우소참숯 화로구이
g_g002916,1,5,2307010004,공차 천안아산 삼성 미즈병원점
g_g002916,1,6,2307010009,코아루 테크노시티 오피스텔
g_g002916,2,1,2307020001,독립기념관
g_g002916,2,2,2307020002,짬뽕 파크 24시 본점
g_g002916,2,3,2307020003,집
g_g002918,1,1,2306180001,집
g_g002918,1,2,2306180003,풍미당
g_g002918,1,3,2306180004,홍차 가게 소정
g_g002918,1,4,2306180005,부소담악
g_g002918,1,5,2306180006,옥천 전통문화체험관
g_g002918,1,6,2306180007,정지용 생가
g_g002918,1,7,2306180008,우렁이 골목 쌈밥
g_g002918,1,8,2306180002,옥천 전통문화체험관
g_g002918,2,1,2306190001,향수 호수길
g_g002918,2,2,2306190002,수생식물학습원
g_g002918,2,3,2306190003,옥천 묵집
g_g002918,2,4,2306190004,성심당 본점
g_g002918,2,5,2306190005,집
g_g002928,1,1,2307040001,집
g_g002928,1,2,2307040002,센트럴시티터미널(호남)
g_g002928,1,3,2307040003,유스퀘어 광주종합버스터미널
g_g002928,1,4,2307040004,광주 미디어아트플랫폼 G.MAP
g_g002928,1,5,2307040005,국립아시아문화전당
g_g002928,1,6,2307040006,트룹
g_g002928,1,7,2307040007,에어비엔비
g_g002928,1,8,2307040008,마요네즈 구 시청점
g_g002928,1,9,2307040009,트뤼포
g_g002928,1,10,2307040011,에어비엔비
g_g002928,2,1,2307050001,5.18기념공원
g_g002928,2,2,2307050002,무각사
g_g002928,2,3,2307050003,트룹
g_g002928,2,4,2307050004,유스퀘어 광주종합버스터미널
g_g002928,2,5,2307050005,집
g_g002933,1,1,2306180001,집
g_g002933,1,2,2306180002,딜라이트 담양
g_g002933,1,3,2306180003,밀크레페
g_g002933,1,4,2306180004,옛날 진미국수
g_g002933,1,5,2306180006,죽녹원
g_g002933,1,6,2306180005,집
g_g002943,1,1,2306240001,집
g_g002943,1,2,2306240003,소금산 그랜드밸리
g_g002943,1,3,2306240005,충주댐 전망대
g_g002943,1,4,2306240004,김가네 보리밥 전문점
g_g002943,1,5,2306240007,탄금대
g_g002943,1,6,2306240008,충주고구려비전시관
g_g002943,1,7,2306240009,중원 갈비탕
g_g002943,1,8,2306240010,충주고구려천문과학관
g_g002943,1,9,2306240002,집
g_g002944,1,1,2306180001,집
g_g002944,1,2,2306180002,대천항 수산시장
g_g002944,1,3,2306180003,정운 횟집
g_g002944,1,4,2306180004,바다듬루프탑카페
g_g002944,1,5,2306180005,대천해수욕장
g_g002944,1,6,2306180006,파스쿠찌 대천해수욕장점
g_g002944,1,7,2306180008,대천해수욕장
g_g002944,1,8,2306180007,집
g_g002945,1,1,2306290001,집
g_g002945,1,2,2306290003,용산역
g_g002945,1,3,2306290006,Storyway
g_g002945,1,4,2306290004,계룡역
g_g002945,1,5,2306290005,코이 비고
g_g002945,1,6,2306290009,국군복지단 국방 대 마트
g_g002945,1,7,2306290007,친구 집
g_g002945,1,8,2306290008,탑정호 출렁다리
g_g002945,1,9,2306290002,친구 집
g_g002945,2,1,2306300002,초서
g_g002945,2,2,2306300003,계룡역
g_g002945,2,3,2306300004,용산역
g_g002945,2,4,2306300001,집
g_g002946,1,1,2306190001,집
g_g002946,1,2,2306190002,에이스 식당
g_g002946,1,3,2306190003,아그로랜드 태신 목장
g_g002946,1,4,2306190004,크래프트 1153
g_g002946,1,5,2306190005,아미 미술관
g_g002946,1,6,2306190007,해 뜨는 집
g_g002946,1,7,2306190006,호텔로 씨오
g_g002946,2,1,2306200002,신리성지
g_g002946,2,2,2306200003,치타 누오보
g_g002946,2,3,2306200001,집
g_g002949,1,1,2307080001,집
g_g002949,1,2,2307080002,여산휴게소 순천방향
g_g002949,1,3,2307080003,오수휴게소 순천방향
g_g002949,1,4,2307080004,광주식당
g_g002949,1,5,2307080005,금호 화순 스파 리조트
g_g002949,2,1,2307090002,화순서 유리 공룡발자국 화석산지
g_g002949,2,2,2307090003,화순적벽
g_g002949,2,3,2307090004,시안
g_g002949,2,4,2307090005,메타 프로방스
g_g002949,2,5,2307090006,정읍 녹두장군휴게소 주유소 천안 방향
g_g002949,2,6,2307090007,집
g_g002952,1,1,2306300001,집
g_g002952,1,2,2306300002,용산역
g_g002952,1,3,2306300004,군산역
g_g002952,1,4,2306300005,지린성
g_g002952,1,5,2306300006,와니 디저트 카페
g_g002952,1,6,2306300007,이성당 본점
g_g002952,1,7,2306300008,뜨레 스테이
g_g002952,1,8,2306300009,여미랑
g_g002952,1,9,2306300010,동국사
g_g002952,1,10,2306300011,신흥동 일본식 가옥
g_g002952,1,11,2306300012,말랭이 마을
g_g002952,1,12,2306300013,초원 사진관
g_g002952,1,13,2306300014,도도하라 2호점
g_g002952,1,14,2306300015,순돌이 곱창
g_g002952,1,15,2306300003,뜨레 스테이
g_g002952,2,1,2307010002,명궁 칼국수
g_g002952,2,2,2307010003,양과점 1925
g_g002952,2,3,2307010004,군산근대역사박물관
g_g002952,2,4,2307010005,부잔교
g_g002952,2,5,2307010006,이성당 본점
g_g002952,2,6,2307010007,경암동 철길마을
g_g002952,2,7,2307010008,군산역
g_g002952,2,8,2307010009,용산역
g_g002952,2,9,2307010001,집
g_g002953,1,1,2307080001,집
g_g002953,1,2,2307080003,공주 메타세쿼이아숲길
g_g002953,1,3,2307080004,반월 소바
g_g002953,1,4,2307080005,온빛 자연휴양림
g_g002953,1,5,2307080007,뜨락엔 햇살
g_g002953,1,6,2307080006,탑정저수지
g_g002953,1,7,2307080002,뜨락엔 햇살
g_g002953,2,1,2307090002,반야사
g_g002953,2,2,2307090003,민스 시
g_g002953,2,3,2307090001,집
g_g002955,1,1,2306200001,집
g_g002955,1,2,2306200004,수원역
g_g002955,1,3,2306200005,서대전역
g_g002955,1,4,2306200006,대전 월드컵 경기장
g_g002955,1,5,2306200002,유성온천 불가마 사우나
g_g002955,2,1,2306210002,유성온천공원 족욕체험장
g_g002955,2,2,2306210003,테라스 키친
g_g002955,2,3,2306210004,헤레디움
g_g002955,2,4,2306210005,대전천
g_g002955,2,5,2306210006,오시우 커피
g_g002955,2,6,2306210007,성심당 본점
g_g002955,2,7,2306210008,성심당 케이크 부티크
g_g002955,2,8,2306210009,대전역
g_g002955,2,9,2306210001,집
g_g002963,1,1,2306250001,집
g_g002963,1,2,2306250003,서대전역
g_g002963,1,3,2306250004,코튼
g_g002963,1,4,2306250005,메가박스 대전 신세계 아트앤사이언스
g_g002963,1,5,2306250006,친구 집
g_g002963,2,1,2306260001,대전 신세계 아트앤사이언스
g_g002963,2,2,2306260002,성심당 대전역점
g_g002963,2,3,2306260003,천지 양꼬치
g_g002963,2,4,2306260004,스톤
g_g002963,2,5,2306260005,집
g_g002967,1,1,2306250001,집
g_g002967,1,2,2306250002,카이스트 본원
g_g002967,1,3,2306250003,만년 건강 보리밥
g_g002967,1,4,2306250004,대전시립미술관
g_g002967,1,5,2306250005,엑스포시민광장
g_g002967,1,6,2306250006,한빛탑 광장
g_g002967,1,7,2306250007,파스쿠찌 대전 카이스트점
g_g002967,1,8,2306250008,집
g_g002971,1,1,2306230001,집
g_g002971,1,2,2306230002,세량제
g_g002971,1,3,2306230003,카페가 니스
g_g002971,1,4,2306230004,집
g_g002974,1,1,2307080001,집
g_g002974,1,2,2307080002,수안보 이가네 짜장
g_g002974,1,3,2307080003,닷돈대 4색 야영장
g_g002974,1,4,2307080004,롯데슈퍼 프레시 백석점
g_g002974,1,5,2307080005,천안 백석 현대아파트
g_g002974,2,1,2307090001,구드래 보리밥
g_g002974,2,2,2307090002,국립부여박물관
g_g002974,2,3,2307090003,에펠제과
g_g002974,2,4,2307090004,궁남지
g_g002974,2,5,2307090005,천안 백석 현대아파트
g_g002974,2,6,2307090006,집
g_g002975,1,1,2306200001,집
g_g002975,1,2,2306200002,의림지
g_g002975,1,3,2306200003,청풍문화재 단지
g_g002975,1,4,2306200004,청풍호 관광 모노레일
g_g002975,1,5,2306200005,밥상 위의 보약한첩 청풍점
g_g002975,1,6,2306200006,옥순봉
g_g002975,1,7,2306200007,여주휴게소 인천
g_g002975,1,8,2306200008,집
g_g002983,1,1,2306280001,집
g_g002983,1,2,2306280003,삼백집 전주본점
g_g002983,1,3,2306280004,전북도립미술관
g_g002983,1,4,2306280005,에덴 수산
g_g002983,1,5,2306280006,한옥호텔
g_g002983,2,1,2306290001,전주한옥마을
g_g002983,2,2,2306290002,마당재 주유소
g_g002983,2,3,2306290003,집
g_g002985,1,1,2307010001,집
g_g002985,1,2,2307010002,다산초당
g_g002985,1,3,2307010003,영랑생가
g_g002985,1,4,2307010004,뜸부기 건강원
g_g002985,2,1,2307020001,강진 월출산다원
g_g002985,2,2,2307020002,백운차실
g_g002985,2,3,2307020003,백운동 정원 안운주차장
g_g002985,2,4,2307020004,집
g_g002986,1,1,2306240001,집
g_g002986,1,2,2306240002,고창 고인돌휴게소 서울 방향
g_g002986,1,3,2306240003,틈
g_g002986,1,4,2306240004,영동 반점
g_g002986,1,5,2306240005,신흥동 일본식 가옥
g_g002986,1,6,2306240006,초원 사진관
g_g002986,1,7,2306240007,소현 고택
g_g002986,1,8,2306240008,이성당 본점
g_g002986,1,9,2306240009,광주 기아 챔피언 스피드
g_g002986,1,10,2306240010,집
g_g002987,1,1,2307010001,집
g_g002987,1,2,2307010002,백수해안도로
g_g002987,1,3,2307010003,카페 보리
g_g002987,1,4,2307010004,집
g_g002988,1,1,2306200001,집
g_g002988,1,2,2306200003,대전 월드컵 경기장
g_g002988,1,3,2306200002,레인보 호텔
g_g002988,2,1,2306210001,골목 가락국수
g_g002988,2,2,2306210002,갤러리아백화점 타임월드점
g_g002988,2,3,2306210003,성심당 본점
g_g002988,2,4,2306210004,소수로와
g_g002988,2,5,2306210005,엄가네 시골집 24시 뼈해장국
g_g002988,2,6,2306210006,집
g_g002989,1,1,2306220001,집
g_g002989,1,2,2306220002,추풍령 휴게소 서울 방향
g_g002989,1,3,2306220003,베스트 인 시티 호텔
g_g002989,1,4,2306220004,오씨칼국수
g_g002989,1,5,2306220005,친친 양꼬치
g_g002989,1,6,2306220006,베스트 인 시티 호텔
g_g002989,2,1,2306230001,중앙시장 제3공영주차장
g_g002989,2,2,2306230002,트래블 라운지
g_g002989,2,3,2306230003,원조태평소국밥
g_g002989,2,4,2306230004,에이트
g_g002989,2,5,2306230005,대전시립미술관
g_g002989,2,6,2306230006,한밭수목원
g_g002989,2,7,2306230007,진로 집
g_g002989,2,8,2306230008,집
g_g002991,1,1,2307010001,집
g_g002991,1,2,2307010002,신세계백화점 대 전점 푸드코트
g_g002991,1,3,2307010003,스타벅스 신세계 대전 B1점
g_g002991,1,4,2307010004,대전엑스포 아쿠아리움
g_g002991,1,5,2307010006,나이키 대전 신세계백화점
g_g002991,1,6,2307010005,성심당 케이크 부티크
g_g002991,1,7,2307010007,아웃백 스테이크하우스 대전 갤러리아점
g_g002991,1,8,2307010009,수 모텔
g_g002991,2,1,2307020001,온셈 갤러리아백화점 타임월드점
g_g002991,2,2,2307020002,무제 커피
g_g002991,2,3,2307020003,이응노미술관
g_g002991,2,4,2307020004,집
g_g002993,1,1,2307010001,집
g_g002993,1,2,2307010002,괴산 군자농협 하나로마트 칠성점
g_g002993,1,3,2307010003,만리장성
g_g002993,1,4,2307010004,괴산 군자농협 하나로마트
g_g002993,1,5,2307010005,산촌 연가 펜션
g_g002993,1,6,2307010006,숨겨진 계곡 스폿
g_g002993,1,7,2307010007,쌍곡계곡
g_g002993,1,8,2307010008,나라 매점
g_g002993,1,9,2307010012,산촌 연가 펜션
g_g002993,2,1,2307020001,펜션 주변 산책로
g_g002993,2,2,2307020002,소금강 휴게소
g_g002993,2,3,2307020003,호텔 투 하트
g_g002993,2,4,2307020004,집
g_g002995,1,1,2306290001,친구 친지 집
g_g002995,1,2,2306290002,전주한옥마을
g_g002995,1,3,2306290003,전주 대사 습성
g_g002995,1,4,2306290004,경기전
g_g002995,1,5,2306290005,전동성당
g_g002995,1,6,2306290006,다우랑 1호점
g_g002995,1,7,2306290007,교동 십원빵 전주한옥마을 본점
g_g002995,1,8,2306290009,풍경
g_g002995,1,9,2306290010,카카오 프렌즈 전주한옥마을점
g_g002995,1,10,2306290011,전주 서부 시외버스 간이정류소
g_g002995,1,11,2306290012,정읍 농소 아파트
g_g002995,1,12,2306290014,부영 2차 아파트
g_g002995,1,13,2306290013,정읍 하누
g_g002995,1,14,2306290008,부영 2차 아파트
g_g002995,2,1,2306300002,정읍 허브원
g_g002995,2,2,2306300003,허브원
g_g002995,2,3,2306300004,양자강
g_g002995,2,4,2306300005,전설의 쌍화차 거리
g_g002995,2,5,2306300006,정읍 고속버스터미널
g_g002995,2,6,2306300007,이색의 담
g_g002995,2,7,2306300001,포도마을
g_g002999,1,1,2306210001,집
g_g002999,1,2,2306210003,공주종합버스터미널
g_g002999,1,3,2306210004,시장 정육점 식당
g_g002999,1,4,2306210005,공주교육대학교
g_g002999,1,5,2306210006,제민천
g_g002999,1,6,2306210007,아저씨 커피
g_g002999,1,7,2306210008,공산성
g_g002999,1,8,2306210009,미르섬
g_g002999,1,9,2306210002,대일 아파트(12동)
g_g002999,2,1,2306220001,고가네 칼국수
g_g002999,2,2,2306220002,공주 산성시장
g_g002999,2,3,2306220003,동학사
g_g002999,2,4,2306220004,집
g_g003001,1,1,2306230001,집
g_g003001,1,2,2306230002,망향휴게소 부산방향
g_g003001,1,3,2306230003,칠백의총
g_g003001,1,4,2306230004,월영산 출렁다리
g_g003001,1,5,2306230005,풍년 반점
g_g003001,1,6,2306230006,영동 와인터널
g_g003001,1,7,2306230007,월류봉
g_g003001,1,8,2306230008,장계관광지
g_g003001,1,9,2306230009,라운드 커피
g_g003001,1,10,2306230010,숭암 저수지
g_g003001,1,11,2306230012,친지 집
g_g003001,2,1,2306240001,집
g_g003004,1,1,2306240001,사무실
g_g003004,1,2,2306240002,소래기
g_g003004,1,3,2306240003,목포 갓바위
g_g003004,1,4,2306240004,서산동 시화 골목
g_g003004,1,5,2306240005,목포원도심캠프닉
g_g003004,1,6,2306240007,유달산
g_g003004,1,7,2306240006,이자카야 도리
g_g003004,1,8,2306240008,88포장 마차
g_g003004,1,9,2306240009,인더웅
g_g003004,2,1,2306250001,덕순이 순대
g_g003004,2,2,2306250002,유달 유업
g_g003004,2,3,2306250003,사무실
g_g003019,1,1,2307090001,집
g_g003019,1,2,2307090003,한마음 캠핑 플레이스
g_g003019,1,3,2307090002,집
g_g003022,1,1,2306300001,집
g_g003022,1,2,2306300003,센트럴시티터미널(호남)
g_g003022,1,3,2306300005,고기 박사 냉면 초계 막국수 충주점
g_g003022,1,4,2306300004,롯데마트 충주점
g_g003022,1,5,2306300006,충주호
g_g003022,1,6,2306300007,호암지
g_g003022,1,7,2306300002,용산 주공 2단지 아파트
g_g003022,2,1,2307010002,월악산국립공원 덕주 야영장 피크닉 전용 영지
g_g003022,2,2,2307010003,게으른 악어
g_g003022,2,3,2307010004,동구 밖 과수원 길
g_g003022,2,4,2307010005,강적들 춘천 숯불닭갈비 막국수
g_g003022,2,5,2307010006,중앙탑공원 중원 탑평리 7층 석탑
g_g003022,2,6,2307010001,집
g_g003026,1,1,2307050001,집
g_g003026,1,2,2307050003,백제군사 박물관 계백장군 묘역
g_g003026,1,3,2307050004,최가네 함흥냉면
g_g003026,1,4,2307050005,탑정호 출렁다리
g_g003026,1,5,2307050002,논산 제이파크 1단지 아파트
g_g003026,2,1,2307060002,논산 선샤인 랜드
g_g003026,2,2,2307060003,레이크힐 제빵소
g_g003026,2,3,2307060004,돈암서원
g_g003026,2,4,2307060001,집
g_g003028,1,1,2306300001,집
g_g003028,1,2,2306300002,여수엑스포역
g_g003028,1,3,2306300003,이순신광장
g_g003028,1,4,2306300004,봉춘 식당
g_g003028,1,5,2306300005,고소동 천사벽화골목
g_g003028,1,6,2306300006,카페 몬다
g_g003028,1,7,2306300007,신라스테이 여수
g_g003028,1,8,2306300008,낭만포차 23번
g_g003028,1,9,2306300009,모범식당
g_g003028,1,10,2306300010,신라스테이 여수
g_g003028,2,1,2307010001,아쿠아플라넷 여수 입구 주차장
g_g003028,2,2,2307010002,오동동 김밥
g_g003028,2,3,2307010003,여수세계박람회장
g_g003028,2,4,2307010005,여수엑스포역
g_g003028,2,5,2307010004,여수엑스포역 전라남도 특산품 판매장
g_g003028,2,6,2307010006,집
g_g003029,1,1,2306230001,집
g_g003029,1,2,2306230002,4est 수목원
g_g003029,1,3,2306230003,4est 수목원
g_g003029,1,4,2306230004,문이든
g_g003029,1,5,2306230005,집
g_g003034,1,1,2307080001,집
g_g003034,1,2,2307080002,하남 만남의 광장 휴게소 주유소 통영방향
g_g003034,1,3,2307080003,현대 유료주차장
g_g003034,1,4,2307080004,현대식당
g_g003034,1,5,2307080006,대전천
g_g003034,1,6,2307080005,커닝
g_g003034,1,7,2307080007,집
g_g003035,1,1,2307010001,집
g_g003035,1,2,2307010002,유일선 선교사 사택
g_g003035,1,3,2307010003,민속촌 도청점
g_g003035,1,4,2307010004,지산유원지
g_g003035,1,5,2307010005,디셈버 2
g_g003035,1,6,2307010006,밤실 마을
g_g003035,1,7,2307010008,온 휴
g_g003035,2,1,2307020002,말리화
g_g003035,2,2,2307020001,집
g_g003039,1,1,2306250001,집
g_g003039,1,2,2306250002,한옥마을 도서관
g_g003039,1,3,2306250003,경기전
g_g003039,1,4,2306250004,종로회관
g_g003039,1,5,2306250007,더 착한 커피 전주점
g_g003039,1,6,2306250005,전주 시청 광장
g_g003039,1,7,2306250006,집
g_g003042,1,1,2306230001,집
g_g003042,1,2,2306230002,정읍 녹두장군휴게소 순천방향
g_g003042,1,3,2306230003,하이 구시포 펜션
g_g003042,1,4,2306230004,구시포해수욕장
g_g003042,1,5,2306230005,서해바다횟집
g_g003042,1,6,2306230006,하이 구시포 펜션
g_g003042,2,1,2306240001,고창해 농원
g_g003042,2,2,2306240002,팜카페이솔
g_g003042,2,3,2306240003,효도 찐빵
g_g003042,2,4,2306240004,집
g_g003043,1,1,2306230001,집
g_g003043,1,2,2306230003,청풍호 관광 모노레일
g_g003043,1,3,2306230004,청풍문화재 단지
g_g003043,1,4,2306230005,대산 원조 마늘순대
g_g003043,1,5,2306230006,만천하 스카이워크
g_g003043,1,6,2306230007,단양강잔도
g_g003043,1,7,2306230008,단양구경시장
g_g003043,1,8,2306230009,수양개 빛 터널
g_g003043,1,9,2306230002,소노문단양
g_g003043,2,1,2306240001,소노문단양 셰프스키친
g_g003043,2,2,2306240002,단양 패러 마을
g_g003043,2,3,2306240003,카페 산
g_g003043,2,4,2306240004,대미산 익어 봉
g_g003043,2,5,2306240005,어신 여울
g_g003043,2,6,2306240006,활옷 동굴
g_g003043,2,7,2306240007,집
g_g003047,1,1,2306260001,집
g_g003047,1,2,2306260002,청량리역
g_g003047,1,3,2306260004,수제돈가스
g_g003047,1,4,2306260003,포레스트 리솜
g_g003047,2,1,2306270002,선데이 브리즈 리솜리조트 제천점
g_g003047,2,2,2306270003,포레스트 리솜
g_g003047,2,3,2306270004,레스트리리솜 마묵 라운지
g_g003047,2,4,2306270001,집
g_g003050,1,1,2306220001,집
g_g003050,1,2,2306220003,덕진 정류장
g_g003050,1,3,2306220004,덕천 식당
g_g003050,1,4,2306220005,전주동물원
g_g003050,1,5,2306220006,한옥이담
g_g003050,1,6,2306220007,동문 헌책 도서관
g_g003050,1,7,2306220008,크로싱 게스트 하우스(스물다섯 스물하나 나희도 집)
g_g003050,1,8,2306220009,전주한옥마을
g_g003050,1,9,2306220010,손수 막걸리
g_g003050,1,10,2306220002,한옥이담
g_g003050,2,1,2306230002,전주한옥마을
g_g003050,2,2,2306230003,한울 밥상
g_g003050,2,3,2306230004,전주 덕진공원
g_g003050,2,4,2306230005,카페 한올(Cafe hanol)
g_g003050,2,5,2306230006,영풍문고 전주 터미널점
g_g003050,2,6,2306230007,전주 시외버스 공용터미널
g_g003050,2,7,2306230001,집
g_g003051,1,1,2306240001,집
g_g003051,1,2,2306240003,파라다이스 스파 도고
g_g003051,1,3,2306240002,라마다 앙코르 바이 윈덤 천안
g_g003051,2,1,2306250004,설빙 충남 천안 쌍용점
g_g003051,2,2,2306250002,천안 어린이 꿈 누리터
g_g003051,2,3,2306250003,광화문 집
g_g003051,2,4,2306250005,입장거봉포도 휴게소 서울 방향
g_g003051,2,5,2306250001,집
g_g003053,1,1,2307020001,집
g_g003053,1,2,2307020002,소양 고택
g_g003053,1,3,2307020003,대통밥 1번지
g_g003053,1,4,2307020004,아원
g_g003053,1,5,2307020005,카페 라온
g_g003053,1,6,2307020006,엔브릿지호텔
g_g003053,1,7,2307020007,전주한옥마을
g_g003053,1,8,2307020008,꽃담집 본관
g_g003053,1,9,2307020009,사주
g_g003053,1,10,2307020010,안마 족욕 카페 전망
g_g003053,1,11,2307020011,엔브릿지호텔
g_g003053,2,1,2307030001,경기전
g_g003053,2,2,2307030002,마이산 탑사
g_g003053,2,3,2307030003,여산휴게소 천안 방향
g_g003053,2,4,2307030004,집
g_g003058,1,1,2307020001,집
g_g003058,1,2,2307020002,목포역
g_g003058,1,3,2307020003,서대전역
g_g003058,1,4,2307020004,호텔 버스
g_g003058,1,5,2307020005,엑스포과학공원
g_g003058,1,6,2307020006,대전 e스포츠 경기장 드림 아레나
g_g003058,1,7,2307020007,푸라닭 치킨 대 전문 화점
g_g003058,1,8,2307020008,호텔 버스
g_g003058,2,1,2307030001,서대전공원
g_g003058,2,2,2307030002,하와이 코나 사자 커피
g_g003058,2,3,2307030003,서대전역
g_g003058,2,4,2307030004,목포역
g_g003058,2,5,2307030005,집
g_g003059,1,1,2306250001,집
g_g003059,1,2,2306250006,치악휴게소 부산방향
g_g003059,1,3,2306250004,청풍랜드
g_g003059,1,4,2306250011,남제천마트
g_g003059,1,5,2306250003,금성 가든
g_g003059,1,6,2306250005,한겨레 작은 집 건축학교
g_g003059,1,7,2306250007,청풍리조트 레이크호텔
g_g003059,1,8,2306250008,취적대
g_g003059,1,9,2306250009,빵명장청풍점
g_g003059,1,10,2306250010,청풍 할인마트
g_g003059,1,11,2306250012,청풍리조트 레이크호텔
g_g003059,1,12,2306250013,청풍 황금 떡갈비
g_g003059,1,13,2306250015,청풍리조트 레이크호텔
g_g003059,2,1,2306260001,집
g_g003061,1,1,2306240001,집
g_g003061,1,2,2306240003,증평역
g_g003061,1,3,2306240004,오송역
g_g003061,1,4,2306240005,익산역
g_g003061,1,5,2306240006,순천역
g_g003061,1,6,2306240007,순천만 국가정원
g_g003061,1,7,2306240008,나눌 터
g_g003061,1,8,2306240002,이글루 게스트하우스
g_g003061,2,1,2306250002,순천만 갈대
g_g003061,2,2,2306250003,로테이트
g_g003061,2,3,2306250001,집
g_g003062,1,1,2306210001,집
g_g003062,1,2,2306210002,서울역
g_g003062,1,3,2306210011,대전역
g_g003062,1,4,2306210003,치앙마이 방콕
g_g003062,1,5,2306210004,풍유가
g_g003062,1,6,2306210005,롯데시티 호텔 대전
g_g003062,1,7,2306210006,대전 신세계 아트앤사이언스
g_g003062,1,8,2306210007,한밭수목원
g_g003062,1,9,2306210008,오씨칼국수 도룡점
g_g003062,1,10,2306210009,한빛탑 광장
g_g003062,1,11,2306210010,롯데시티 호텔 대전
g_g003062,2,1,2306220001,광천 식당
g_g003062,2,2,2306220002,성심당 본점
g_g003062,2,3,2306220003,스타벅스 대전중앙로 R점
g_g003062,2,4,2306220004,대전역
g_g003062,2,5,2306220006,서울역
g_g003062,2,6,2306220005,집
g_g003064,1,1,2306240001,집
g_g003064,1,2,2306240003,백소장
g_g003064,1,3,2306240004,용인 공용 임시버스터미널
g_g003064,1,4,2306240005,첨헤어스튜디오 사창점
g_g003064,1,5,2306240006,반지 대학 청주캠퍼스
g_g003064,1,6,2306240002,가경 대원아파트
g_g003064,2,1,2306250001,올리브영 청주터미널 중앙점
g_g003064,2,2,2306250003,던킨 청주터미널점
g_g003064,2,3,2306250002,집
g_g003065,1,1,2306270001,집
g_g003065,1,2,2306270004,센트럴시티터미널(호남)
g_g003065,1,3,2306270006,써브웨이 광주 유스퀘어점
g_g003065,1,4,2306270005,수완화덕생선구이 상무 본점
g_g003065,1,5,2306270003,여기 카페
g_g003065,1,6,2306270002,여행자의 zip
g_g003065,1,7,2306270007,제일 스포츠
g_g003065,2,1,2306280002,5.18민주화운동 기록관
g_g003065,2,2,2306280003,궁전제과 충장점
g_g003065,2,3,2306280005,카페 미뇽
g_g003065,2,4,2306280004,유스퀘어 광주종합버스터미널
g_g003065,2,5,2306280006,정안 알밤 휴게소 천안 방향
g_g003065,2,6,2306280007,센트럴시티터미널(호남)
g_g003065,2,7,2306280001,집
g_g003067,1,1,2306220001,집
g_g003067,1,2,2306220003,순천왜성
g_g003067,1,3,2306220004,순천만 국가정원
g_g003067,1,4,2306220005,순천만일 번가
g_g003067,1,5,2306220006,순천만습지
g_g003067,1,6,2306220007,와온해변 일몰 전망대
g_g003067,1,7,2306220013,노블무인텔
g_g003067,2,1,2306230001,낙안읍성 민속마을
g_g003067,2,2,2306230002,선암사
g_g003067,2,3,2306230004,곡성 섬진강 기차마을
g_g003067,2,4,2306230003,주암 휴게소 천안 방향
g_g003067,2,5,2306230005,집
g_g003068,1,1,2306280001,집
g_g003068,1,2,2306280002,청량리역
g_g003068,1,3,2306280004,한화 커넥트 청량리역점
g_g003068,1,4,2306280003,제천역
g_g003068,1,5,2306280005,이마트 제천점
g_g003068,1,6,2306280006,영월 관광센터
g_g003068,1,7,2306280008,꽃 피는 무릉도원
g_g003068,2,1,2306290001,카페 달
g_g003068,2,2,2306290002,호반 식당
g_g003068,2,3,2306290003,의림지
g_g003068,2,4,2306290004,세라젬 웹 카페 제천 중앙로 직영점
g_g003068,2,5,2306290005,덩실 분식
g_g003068,2,6,2306290006,제천한방엑스포공원 한방생명과학관
g_g003068,2,7,2306290007,다이소 제천 본점
g_g003068,2,8,2306290008,제천역
g_g003068,2,9,2306290010,청량리역
g_g003068,2,10,2306290009,집
g_g003071,1,1,2306240001,집
g_g003071,1,2,2306240003,제천 시락국
g_g003071,1,3,2306240004,소백산
g_g003071,1,4,2306240005,범맥주 제 천장 낙점
g_g003071,1,5,2306240006,친구 집
g_g003071,2,1,2306250001,인생네컷 제천점
g_g003071,2,2,2306250002,최고집 손 짬뽕
g_g003071,2,3,2306250003,두 유 라이크
g_g003071,2,4,2306250004,관계의 미학
g_g003071,2,5,2306250005,집
g_g003077,1,1,2307080001,집
g_g003077,1,2,2307080002,만천하 스카이워크 스카이워크 전망대
g_g003077,1,3,2307080003,다원
g_g003077,1,4,2307080005,도담삼봉 관광지
g_g003077,1,5,2307080006,고수동굴
g_g003077,1,6,2307080004,단양구경시장
g_g003077,1,7,2307080007,고인돌 펜션
g_g003077,2,1,2307090001,패러 이야기
g_g003077,2,2,2307090002,카페 산
g_g003077,2,3,2307090003,고운골 아편 쉼 뜰
g_g003077,2,4,2307090004,장미 식당
g_g003077,2,5,2307090005,구인사
g_g003077,2,6,2307090006,의림지
g_g003077,2,7,2307090007,의림지 용추폭포 유리 전망대
g_g003077,2,8,2307090008,집
g_g003079,1,1,2307010001,집
g_g003079,1,2,2307010004,와타요업
g_g003079,1,3,2307010003,올림픽기념 국민 생활관 주차장
g_g003079,1,4,2307010005,성심당 본점
g_g003079,1,5,2307010006,스타벅스 대전엑스포 스카이점
g_g003079,1,6,2307010007,이마트 대전터미널점
g_g003079,1,7,2307010008,더 휴식 아늑 호텔 대전 용전 2호점
g_g003079,1,8,2307010009,등촌 샤브칼국수 용전점
g_g003079,1,9,2307010002,더 휴식 아늑 호텔 대전 용전 2호점
g_g003079,2,1,2307020001,이바돔감자탕 가양점
g_g003079,2,2,2307020002,집
g_g003086,1,1,2306240001,친구 친지 집
g_g003086,1,2,2306240002,광동호
g_g003086,1,3,2306240003,골든비치펜션
g_g003086,1,4,2306240004,신두리 해수욕장
g_g003086,1,5,2306240011,골든비치펜션
g_g003086,2,1,2306250001,호호 아줌마
g_g003086,2,2,2306250002,커피 인터뷰 파도리점
g_g003086,2,3,2306250003,파도리해수욕장
g_g003086,2,4,2306250004,광동호
g_g003086,2,5,2306250005,공주휴게소 대전방향
g_g003086,2,6,2306250006,집
g_g003089,1,1,2307050001,집
g_g003089,1,2,2307050003,서대전역
g_g003089,1,3,2307050004,시민 칼국수
g_g003089,1,4,2307050005,플라밍고 733
g_g003089,1,5,2307050006,대전시립미술관
g_g003089,1,6,2307050007,천연기념물 센터
g_g003089,1,7,2307050008,성심당 케이크 부티크 롯데백화점 대전점
g_g003089,1,8,2307050009,대전역
g_g003089,1,9,2307050002,집
g_g003090,1,1,2306230001,집
g_g003090,1,2,2306230002,말티재 전망대
g_g003090,1,3,2306230003,속리 토속음식점
g_g003090,1,4,2306230004,법주사
g_g003090,1,5,2306230005,속리산 세조 길
g_g003090,1,6,2306230006,집
g_g003092,1,1,2306230001,사무실
g_g003092,1,2,2306230002,고운들 공원
g_g003092,1,3,2306230007,가락 마을 19단지 파라곤 아파트
g_g003092,2,1,2306240001,국립세종수목원
g_g003092,2,2,2306240002,코스트코 세종점
g_g003092,2,3,2306240003,써밋뷰
g_g003092,2,4,2306240004,e 편한 세상 대전 에코포레 아파트
g_g003096,1,1,2306230001,집
g_g003096,1,2,2306230002,유스퀘어 광주종합버스터미널
g_g003096,1,3,2306230003,순천종합버스터미널
g_g003096,1,4,2306230004,순천만 국가정원
g_g003096,1,5,2306230005,벽오동
g_g003096,1,6,2306230006,순천종합버스터미널
g_g003096,1,7,2306230007,유스퀘어 광주종합버스터미널
g_g003096,1,8,2306230008,집
g_g003097,1,1,2307010001,집
g_g003097,1,2,2307010003,전주역
g_g003097,1,3,2307010004,자매 갈비전골
g_g003097,1,4,2307010005,전주한옥마을
g_g003097,1,5,2307010006,한빛 호텔
g_g003097,1,6,2307010007,한벽당
g_g003097,1,7,2307010008,전주한옥마을
g_g003097,1,8,2307010002,한빛 호텔
g_g003097,2,1,2307020002,객리 비단길
g_g003097,2,2,2307020001,집
g_g003098,1,1,2306240001,집
g_g003098,1,2,2306240003,순천드라마 촬영장
g_g003098,1,3,2306240004,해 화정
g_g003098,1,4,2306240005,순천만 국가정원
g_g003098,1,5,2306240006,와온해변
g_g003098,1,6,2306240007,아랫장
g_g003098,1,7,2306240002,호텔야자 순천역점
g_g003098,2,1,2306250001,청춘 창고
g_g003098,2,2,2306250002,집
g_g003101,1,1,2307010001,집
g_g003101,1,2,2307010004,이성당 본점
g_g003101,1,3,2307010002,8xX
g_g003101,1,4,2307010009,은파호수공원
g_g003101,1,5,2307010003,설고 당
g_g003101,1,6,2307010005,롯데마트 군산점
g_g003101,1,7,2307010006,ABC마트 ST 군산 수송점
g_g003101,1,8,2307010007,양누리
g_g003101,1,9,2307010008,집
g_g003104,1,1,2307020001,집
g_g003104,1,2,2307020002,궁남 추어탕
g_g003104,1,3,2307020003,궁남지
g_g003104,1,4,2307020004,롯데리조트 부여
g_g003104,1,5,2307020005,부여관광
g_g003104,1,6,2307020006,롯데 아웃렛 부여점
g_g003104,1,7,2307020007,롯데리조트 부여
g_g003104,2,1,2307030001,롯데리조트 부여 아쿠아 가든
g_g003104,2,2,2307030002,시골뚜부
g_g003104,2,3,2307030003,집
g_g003108,1,1,2307010001,집
g_g003108,1,2,2307010002,부모님 집
g_g003108,1,3,2307010003,보은전통시장
g_g003108,1,4,2307010004,만수계곡
g_g003108,1,5,2307010005,부모님 집
g_g003108,1,6,2307010006,중앙식당
g_g003108,1,7,2307010007,상춘정
g_g003108,1,8,2307010010,부모님 집
g_g003108,2,1,2307020001,오창휴게소 하남방향
g_g003108,2,2,2307020002,집
g_g003112,1,1,2306240001,집
g_g003112,1,2,2306240002,죽녹원 일번지
g_g003112,1,3,2306240003,죽녹원
g_g003112,1,4,2306240004,메타세쿼이아 가로수길
g_g003112,1,5,2306240005,전주한옥마을
g_g003112,1,6,2306240006,집
g_g003115,1,1,2306250001,집
g_g003115,1,2,2306250003,오송역
g_g003115,1,3,2306250004,천안아산역
g_g003115,1,4,2306250007,치프
g_g003115,1,5,2306250005,도솔 광장
g_g003115,1,6,2306250006,쇼쿠지 신부점
g_g003115,1,7,2306250008,아라리오갤러리 천안
g_g003115,1,8,2306250009,신세계백화점 천안아산점
g_g003115,1,9,2306250010,천안아산역
g_g003115,1,10,2306250011,오송역
g_g003115,1,11,2306250002,집
g_g003118,1,1,2306240001,집
g_g003118,1,2,2306240002,오산 휴게소 봉담방향
g_g003118,1,3,2306240003,예산축협 하나로마트
g_g003118,1,4,2306240004,인천 좌대낚시
g_g003118,2,1,2306250001,예당호 출렁다리
g_g003118,2,2,2306250002,돗가비항아리
g_g003118,2,3,2306250003,석남사
g_g003118,2,4,2306250004,화이트 바움
g_g003118,2,5,2306250005,집
g_g003119,1,1,2306300001,집
g_g003119,1,2,2306300002,부산 서부버스터미널
g_g003119,1,3,2306300003,전주 시외버스 공용터미널
g_g003119,1,4,2306300004,전주한옥마을
g_g003119,1,5,2306300005,길거리다 한옥마을점
g_g003119,1,6,2306300006,경기전
g_g003119,1,7,2306300007,소복 전주한옥마을점
g_g003119,1,8,2306300008,전동성당
g_g003119,1,9,2306300009,알시비 게스트하우스
g_g003119,1,10,2306300010,전주 남부시장 한옥마을 야시장
g_g003119,1,11,2306300012,알시비 게스트하우스
g_g003119,2,1,2307010001,전주 시외버스 공용터미널
g_g003119,2,2,2307010002,원일옥
g_g003119,2,3,2307010003,전주영화의 거리
g_g003119,2,4,2307010004,Cafe 홍시궁 객리단길 본점
g_g003119,2,5,2307010005,전주 시외버스 공용터미널
g_g003119,2,6,2307010006,부산 서부버스터미널
g_g003119,2,7,2307010007,집
g_g003120,1,1,2307080001,집
g_g003120,1,2,2307080002,대구 서부정류장
g_g003120,1,3,2307080003,전주 시외버스 공용터미널
g_g003120,1,4,2307080004,무모한 초밥 전주에 중점
g_g003120,1,5,2307080005,한옥마을 도서관
g_g003120,1,6,2307080006,전주한옥마을
g_g003120,1,7,2307080007,남문 손칼국수
g_g003120,1,8,2307080008,카카오 프렌즈 전주한옥마을점
g_g003120,1,9,2307080009,경기전
g_g003120,1,10,2307080010,물 와 동네
g_g003120,1,11,2307080011,스시 달
g_g003120,1,12,2307080012,가본
g_g003120,1,13,2307080013,완미 족발 전주 삼천 점
g_g003120,1,14,2307080015,별빛 궁
g_g003120,2,1,2307090001,별빛 궁
g_g003120,2,2,2307090002,라라빈관
g_g003120,2,3,2307090005,전주 덕진공원
g_g003120,2,4,2307090003,마시랑게
g_g003120,2,5,2307090004,더 폴 센트럴
g_g003120,2,6,2307090006,연화정도서관
g_g003120,2,7,2307090007,취향 회관
g_g003120,2,8,2307090008,전주 시외버스 공용터미널
g_g003120,2,9,2307090010,대구 서부정류장
g_g003120,2,10,2307090009,집
g_g003121,1,1,2306280001,집
g_g003121,1,2,2306280007,충주공용버스터미널
g_g003121,1,3,2306280003,탄금대
g_g003121,1,4,2306280004,중앙탑공원 중원 탑평리 7층 석탑
g_g003121,1,5,2306280005,충주고구려비전시관
g_g003121,1,6,2306280006,충주 앙성농협 하나로마트
g_g003121,1,7,2306280002,숙박
g_g003121,2,1,2306290001,집
g_g003130,1,1,2306250001,집
g_g003130,1,2,2306250002,국립세종수목원
g_g003130,1,3,2306250003,빠스 다스 세군도
g_g003130,1,4,2306250005,금강자연휴양림
g_g003130,1,5,2306250004,하나로마트 세종점
g_g003130,1,6,2306250006,금강자연휴양림
g_g003130,1,7,2306250007,금강자연휴양림
g_g003130,2,1,2306260001,금강수목원
g_g003130,2,2,2306260002,집
g_g003135,1,1,2306240001,집
g_g003135,1,2,2306240002,예산 상설시장
g_g003135,1,3,2306240003,수덕 캠핑장
g_g003135,2,1,2306250001,윤봉길의사기념관
g_g003135,2,2,2306250002,민속촌 한식 전문
g_g003135,2,3,2306250003,추사기념관
g_g003135,2,4,2306250004,집
g_g003137,1,1,2306280001,집
g_g003137,1,2,2306280003,수원역
g_g003137,1,3,2306280004,대전역
g_g003137,1,4,2306280005,오씨칼국수
g_g003137,1,5,2306280006,성심당 본점
g_g003137,1,6,2306280007,성심당 케이크 부티크
g_g003137,1,7,2306280008,테라스 키친
g_g003137,1,8,2306280009,중앙로역 대전 1호선
g_g003137,1,9,2306280010,엑스포과학공원 한빛탑
g_g003137,1,10,2306280011,한밭수목원
g_g003137,1,11,2306280013,성심당 대전역점
g_g003137,1,12,2306280012,롯데리아 대전역사점
g_g003137,1,13,2306280002,집
g_g003140,1,1,2306290001,집
g_g003140,1,2,2306290002,백련사
g_g003140,1,3,2306290003,다산 박물관
g_g003140,1,4,2306290004,영랑생가
g_g003140,1,5,2306290005,세계 모란공원
g_g003140,1,6,2306290006,수인관
g_g003140,1,7,2306290007,가우도
g_g003140,1,8,2306290008,간식대장 가출점
g_g003140,1,9,2306290009,고려청자 박물관
g_g003140,1,10,2306290010,강진만 생태공원
g_g003140,1,11,2306290011,다강
g_g003140,1,12,2306290012,숙소
g_g003140,2,1,2306300002,사의재
g_g003140,2,2,2306300001,집
g_g003143,1,1,2306230001,집
g_g003143,1,2,2306230003,지린성
g_g003143,1,3,2306230004,와니 디저트 카페
g_g003143,1,4,2306230005,일제강점기 군산역사관
g_g003143,1,5,2306230006,신흥동 일본식 가옥
g_g003143,1,6,2306230007,모던 청와
g_g003143,1,7,2306230008,초원 사진관
g_g003143,1,8,2306230009,이성당 본점
g_g003143,1,9,2306230010,장항 스카이워크
g_g003143,1,10,2306230011,나리생곱창구이 전문점
g_g003143,1,11,2306230012,은파호수공원
g_g003143,1,12,2306230002,라마다 군산호텔
g_g003143,2,1,2306240002,옥녀 교차로
g_g003143,2,2,2306240003,진갈비
g_g003143,2,3,2306240005,경암동 철길마을
g_g003143,2,4,2306240001,집
g_g003144,1,1,2306240001,집
g_g003144,1,2,2306240002,유니버시아드 힐스테이트 2단지 아파트
g_g003144,1,3,2306240003,국립 5.18민주묘지
g_g003144,1,4,2306240004,광주호호수생태원
g_g003144,1,5,2306240005,펭귄 마을
g_g003144,1,6,2306240006,양림 미술관
g_g003144,1,7,2306240007,카페 189
g_g003144,1,8,2306240008,피터슨 선교사 사택
g_g003144,1,9,2306240009,양인 제과
g_g003144,1,10,2306240010,유니버시아드 힐스테이트 2단지 아파트
g_g003144,2,1,2306250001,유스퀘어 광주종합버스터미널
g_g003144,2,2,2306250002,셰프의 초밥
g_g003144,2,3,2306250003,리더커피룸
g_g003144,2,4,2306250004,유니버시아드 힐스테이트 2단지 아파트
g_g003144,2,5,2306250005,집
g_g003145,1,1,2306240001,집
g_g003145,1,2,2306240003,청풍명월
g_g003145,1,3,2306240004,의림지
g_g003145,1,4,2306240005,마일드 폰드 카페
g_g003145,1,5,2306240006,비룡다 저수지
g_g003145,1,6,2306240007,물태리 빵집
g_g003145,1,7,2306240008,카우보이 그릴
g_g003145,1,8,2306240002,국민건강보험공단 인재개발원
g_g003145,2,1,2306250002,충주로 관광선 장회나루 매표소
g_g003145,2,2,2306250003,팔경 가든
g_g003145,2,3,2306250001,집
g_g003150,1,1,2306220001,집
g_g003150,1,2,2306220002,단양 패러글라이딩 패러에 반하다
g_g003150,1,3,2306220003,카페 산
g_g003150,1,4,2306220005,단양구경시장
g_g003150,1,5,2306220004,춘천 닭갈비
g_g003150,1,6,2306220006,집
g_g003151,1,1,2307080001,집
g_g003151,1,2,2307080002,이서휴게소 천안 방향
g_g003151,1,3,2307080003,대전 신세계
g_g003151,1,4,2307080004,유성호텔
g_g003151,1,5,2307080005,유성 해물칼국수
g_g003151,1,6,2307080006,유성호텔
g_g003151,2,1,2307090001,테라스 키친
g_g003151,2,2,2307090002,방탈출 추리 존 외
g_g003151,2,3,2307090003,유성호텔
g_g003151,2,4,2307090004,집
g_g003153,1,1,2306250001,집
g_g003153,1,2,2306250012,군산역
g_g003153,1,3,2306250002,로디드아파트먼트커피
g_g003153,1,4,2306250004,은파호수공원 물빛다리
g_g003153,1,5,2306250005,군산 칼국수 보쌈
g_g003153,1,6,2306250006,군산근대역사박물관
g_g003153,1,7,2306250007,군산근대미술관
g_g003153,1,8,2306250008,초원 사진관
g_g003153,1,9,2306250009,마리서사
g_g003153,1,10,2306250010,이성당 본점
g_g003153,1,11,2306250011,국제반점
g_g003153,1,12,2306250013,군산역
g_g003153,1,13,2306250003,집
g_g003154,1,1,2306240001,집
g_g003154,1,2,2306240002,햇살 농원
g_g003154,1,3,2306240004,아산스파비스
g_g003154,1,4,2306240003,집
g_g003159,1,1,2306240001,집
g_g003159,1,2,2306240002,탑전 호수변 생태공원
g_g003159,1,3,2306240003,딸기향 농촌테마공원
g_g003159,1,4,2306240004,초서
g_g003159,1,5,2306240005,탑정호 출렁다리
g_g003159,1,6,2306240006,탑정 호소 풍길 2코스 대명 산정산
g_g003159,1,7,2306240007,벌곡휴게소
g_g003159,1,8,2306240008,집
g_g003162,1,1,2307010001,집
g_g003162,1,2,2307010002,신설 집
g_g003162,1,3,2307010003,파랑새 마트
g_g003162,1,4,2307010004,해들 마을 5단지 아파트
g_g003162,1,5,2307010005,세종 문화 예술 회관
g_g003162,1,6,2307010006,세종 호수공원
g_g003162,1,7,2307010007,이응 다리
g_g003162,1,8,2307010008,해들 마을 5단지 아파트
g_g003162,1,9,2307010009,코스트코 세종점
g_g003162,1,10,2307010010,해들 마을 5단지 아파트
g_g003162,2,1,2307020002,해들 마을 5단지 아파트
g_g003162,2,2,2307020003,메가 MGC 커피 세종대평점
g_g003162,2,3,2307020004,국립세종수목원
g_g003162,2,4,2307020005,코스트코 세종점
g_g003162,2,5,2307020006,집
g_g003165,1,1,2307010001,집
g_g003165,1,2,2307010003,서울고속버스터미널(경부)
g_g003165,1,3,2307010004,대전청사 시외버스 둔산 정류소(하차)
g_g003165,1,4,2307010005,토요코인 호텔 정부청사앞점
g_g003165,1,5,2307010006,프렐류드
g_g003165,1,6,2307010007,우리 칼국수
g_g003165,1,7,2307010008,NC백화점 중앙로역점
g_g003165,1,8,2307010009,성심당 본점
g_g003165,1,9,2307010010,애니 사카이
g_g003165,1,10,2307010011,중앙시장 정원 상가
g_g003165,1,11,2307010012,토요코인 호텔 정부청사앞점
g_g003165,1,12,2307010013,너와집 백합 샤부샤부 만년점
g_g003165,1,13,2307010014,하레 하레
g_g003165,1,14,2307010002,토요코인 호텔 정부청사앞점
g_g003165,2,1,2307020002,한밭수목원
g_g003165,2,2,2307020003,성심당 케이크 부티크 롯데백화점 대전점
g_g003165,2,3,2307020004,영동 보리밥 다슬기
g_g003165,2,4,2307020005,아파트먼트
g_g003165,2,5,2307020006,떡만집 본점
g_g003165,2,6,2307020007,갤러리아백화점 타임월드점
g_g003165,2,7,2307020008,토요코인 호텔 정부청사앞점
g_g003165,2,8,2307020009,고속버스 둔산(청사) 정류장
g_g003165,2,9,2307020001,집
g_g003168,1,1,2307090001,집
g_g003168,1,2,2307090002,블랙스톤 벨포르 리조트 벨포르 목장
g_g003168,1,3,2307090003,블랙스톤 벨포르 리조트
g_g003168,1,4,2307090004,남도 예담
g_g003168,1,5,2307090005,블랙스톤 벨포르 리조트
g_g003168,2,1,2307100001,집
g_g003169,1,1,2306240001,집
g_g003169,1,2,2306240003,이마트 광주점
g_g003169,1,3,2306240004,스타벅스 신세계 광주 신관 B1점
g_g003169,1,4,2306240005,맥도날드 광주 동림 DT점
g_g003169,1,5,2306240006,친구 집
g_g003169,1,6,2306240007,화순 집
g_g003169,1,7,2306240008,한천자연휴양림 숲캠핑장
g_g003169,1,8,2306240002,친구 집
g_g003173,1,1,2308020001,집
g_g003173,1,2,2308020003,동대구역
g_g003173,1,3,2308020004,대전역
g_g003173,1,4,2308020005,성심당 본점
g_g003173,1,5,2308020006,우암사적공원
g_g003173,1,6,2308020007,꽃산
g_g003173,1,7,2308020008,한끼김밥 본점
g_g003173,1,8,2308020002,호텔 마이 스테이
g_g003173,2,1,2308030002,대전과학기술대학교
g_g003173,2,2,2308030003,뿌리공원 한국족보 박물관
g_g003173,2,3,2308030008,옛 고을 식당
g_g003173,2,4,2308030004,대청호 오백리길 5코스(백골산성 나이만 길)
g_g003173,2,5,2308030005,명상 정원
g_g003173,2,6,2308030006,대전역
g_g003173,2,7,2308030007,동대구역
g_g003173,2,8,2308030001,집
g_g003174,1,1,2307020001,집
g_g003174,1,2,2307020002,오송역
g_g003174,1,3,2307020003,마가레트
g_g003174,1,4,2307020004,국립현대미술관 청주
g_g003174,1,5,2307020005,보이드 맨션
g_g003174,1,6,2307020006,원조 고추 만둣국 집
g_g003174,1,7,2307020007,집
g_g003177,1,1,2307080001,친구 친지 집
g_g003177,1,2,2307080002,이서휴게소
g_g003177,1,3,2307080003,공주 산성시장
g_g003177,1,4,2307080004,피탕김탕
g_g003177,1,5,2307080005,은적 펜션
g_g003177,1,6,2307080006,은적 펜션
g_g003177,2,1,2307090001,마곡사
g_g003177,2,2,2307090002,카페 운암
g_g003177,2,3,2307090003,돼지고기 듬뿍 넣은 김치찌개
g_g003177,2,4,2307090004,수완 1차 부영아파트
g_g003179,1,1,2307020001,집
g_g003179,1,2,2307020002,정안 알밤 휴게소 논산 방향
g_g003179,1,3,2307020003,부여 소문난 칼국수
g_g003179,1,4,2307020004,국립부여박물관
g_g003179,1,5,2307020005,부여서동연꽃축제
g_g003179,1,6,2307020006,부여정
g_g003179,1,7,2307020007,백제문화 단지
g_g003179,1,8,2307020008,시골 통닭
g_g003179,1,9,2307020009,세븐일레븐 충남 부여점
g_g003179,1,10,2307020010,부여정
g_g003179,2,1,2307030001,가마솥 순댓국
g_g003179,2,2,2307030002,유구농협 하나로마트
g_g003179,2,3,2307030003,유구 색동수국정원
g_g003179,2,4,2307030004,드림즈 마을 협동조합
g_g003179,2,5,2307030005,미르 섬
g_g003179,2,6,2307030006,집
g_g003182,1,1,2307080001,집
g_g003182,1,2,2307080002,두꺼비
g_g003182,1,3,2307080003,롯데마트 서산점
g_g003182,1,4,2307080004,CU 태안 신두리점
g_g003182,1,5,2307080006,신두리 해수욕장
g_g003182,1,6,2307080008,한마음 오션 플레이스
g_g003182,1,7,2307080007,신두리 노래연습장
g_g003182,1,8,2307080005,한마음 오션 플레이스
g_g003182,2,1,2307090002,카페 만조
g_g003182,2,2,2307090001,본가
g_g003189,1,1,2306240001,집
g_g003189,1,2,2306240002,원조 수라상 꼬막정식
g_g003189,1,3,2306240003,보성 벌교 홍교
g_g003189,1,4,2306240004,낙안읍성 민속마을
g_g003189,1,5,2306240005,알로이
g_g003189,1,6,2306240006,앙티브 모텔
g_g003189,2,1,2306250001,순천드라마 촬영장
g_g003189,2,2,2306250002,봉화 식당
g_g003189,2,3,2306250003,순천만 국가정원
g_g003189,2,4,2306250004,함안휴게소 부산방향
g_g003189,2,5,2306250005,집
g_g003192,1,1,2306240001,집
g_g003192,1,2,2306240003,고 당사
g_g003192,1,3,2306240004,옥계폭포
g_g003192,1,4,2306240002,집
g_g003193,1,1,2307010001,집
g_g003193,1,2,2307010003,단양역
g_g003193,1,3,2307010004,단양구경시장
g_g003193,1,4,2307010005,단양 시외버스 공용터미널
g_g003193,1,5,2307010006,패러 이야기
g_g003193,1,6,2307010007,영춘 공동 정류소
g_g003193,1,7,2307010002,온달 스테이 펜션
g_g003193,2,1,2307020001,구인사
g_g003193,2,2,2307020002,구인사 공용정류장
g_g003193,2,3,2307020003,단양 시외버스 공용터미널
g_g003193,2,4,2307020004,영남 식당
g_g003193,2,5,2307020005,도담삼봉 단양 유람선 선착장
g_g003193,2,6,2307020006,이끼 터널
g_g003193,2,7,2307020007,단양역
g_g003193,2,8,2307020008,집
g_g003194,1,1,2306240001,집
g_g003194,1,2,2306240003,메타 프로방스
g_g003194,1,3,2306240004,담양 메타세쿼이아 랜드 어린이 프로방스
g_g003194,1,4,2306240005,카페 드 몽드
g_g003194,1,5,2306240006,부부 찹쌀도넛
g_g003194,1,6,2306240007,승일 식당
g_g003194,1,7,2306240002,집
g_g003195,1,1,2307010001,집
g_g003195,1,2,2307010003,신바람난 찐빵 만두
g_g003195,1,3,2307010004,솔바위 카페
g_g003195,1,4,2307010007,산맥이 옛길
g_g003195,1,5,2307010005,산맥이 세자매
g_g003195,1,6,2307010006,각향이각색 플레이스
g_g003195,1,7,2307010002,집
g_g003196,1,1,2306240001,집
g_g003196,1,2,2306240002,용산역
g_g003196,1,3,2306240003,서대전역
g_g003196,1,4,2306240004,슈니첼
g_g003196,1,5,2306240005,풍유가
g_g003196,1,6,2306240006,파이브 퍼센트
g_g003196,1,7,2306240007,대동 하늘 구름다리
g_g003196,1,8,2306240010,GS25 둔산을 지점
g_g003196,1,9,2306240008,대전 둔산 더 호텔 아리아
g_g003196,1,10,2306240009,엑스포과학공원 한빛탑
g_g003196,1,11,2306240011,대전 둔산 더 호텔 아리아
g_g003196,2,1,2306250001,천연기념물 센터
g_g003196,2,2,2306250002,한밭수목원
g_g003196,2,3,2306250003,성심당 본점
g_g003196,2,4,2306250004,서대전역
g_g003196,2,5,2306250005,용산역
g_g003196,2,6,2306250006,집
g_g003199,1,1,2307060001,집
g_g003199,1,2,2307060003,쿠로시오
g_g003199,1,3,2307060004,플루크
g_g003199,1,4,2307060005,NC 웨이브 충장점
g_g003199,1,5,2307060006,국립아시아문화전당
g_g003199,1,6,2307060007,동명 더 밥
g_g003199,1,7,2307060002,대광로제비앙1차아파트
g_g003200,1,1,2306240001,집
g_g003200,1,2,2306240003,옥정호 붕어 섬 생태공원
g_g003200,1,3,2306240004,옥정호 산장
g_g003200,1,4,2306240002,집
g_g003202,1,1,2307010001,집
g_g003202,1,2,2307010002,천장화 출렁다리
g_g003202,1,3,2307010003,키썸 글램핑
g_g003202,2,1,2307020001,칠갑산 맛집
g_g003202,2,2,2307020002,집
g_g003208,1,1,2306300001,집
g_g003208,1,2,2306300003,칠곡휴게소 서울 방향
g_g003208,1,3,2306300004,루치아의 뜰
g_g003208,1,4,2306300005,옛 공주읍 사무소
g_g003208,1,5,2306300006,나태주 풀꽃 문학관
g_g003208,1,6,2306300007,중동성당
g_g003208,1,7,2306300008,황토촌
g_g003208,1,8,2306300009,공산성
g_g003208,1,9,2306300002,공주 호텔
g_g003208,2,1,2307010001,공산성
g_g003208,2,2,2307010002,베이커리 밤마을
g_g003208,2,3,2307010003,밤떡 명가 하루카페
g_g003208,2,4,2307010004,연미산 자연미술공원
g_g003208,2,5,2307010005,제인천여행자 쉼터
g_g003208,2,6,2307010006,유가네 칼국수
g_g003208,2,7,2307010007,금강신관공원
g_g003208,2,8,2307010008,정안천 생태공원
g_g003208,2,9,2307010009,토이 벨벳
g_g003208,2,10,2307010010,공주한옥마을
g_g003208,2,11,2307010011,곰골 식당
g_g003208,2,12,2307010012,공주휴게소 대전방향
g_g003208,2,13,2307010013,칠곡휴게소 부산방향
g_g003208,2,14,2307010014,집
g_g003210,1,1,2307080001,집
g_g003210,1,2,2307080002,임실치즈테마파크
g_g003210,1,3,2307080003,이디야커피 전북 임실점
g_g003210,1,4,2307080004,옥정호 출렁다리
g_g003210,1,5,2307080010,미 무인 호텔
g_g003210,2,1,2307090001,또바기
g_g003210,2,2,2307090002,광한루원
g_g003210,2,3,2307090003,나무
g_g003210,2,4,2307090004,서도역 영상 촬영장
g_g003210,2,5,2307090005,집
g_g003212,1,1,2306260001,집
g_g003212,1,2,2306260002,샤브쌈주머니 대전가오점
g_g003212,1,3,2306260004,대전 아쿠아리움
g_g003212,1,4,2306260003,집
g_g003217,1,1,2307080001,집
g_g003217,1,2,2307080003,동명동 나른한 오후
g_g003217,1,3,2307080004,죽녹원
g_g003217,1,4,2307080002,무등산 골드클래스 아파트
g_g003217,2,1,2307090001,집
g_g003218,1,1,2307080001,집
g_g003218,1,2,2307080002,이마트 에코시티점
g_g003218,1,3,2307080003,에코 시티 데시앙 5블록 아파트
g_g003218,1,4,2307080004,동상 힐링 캠핑장
g_g003218,2,1,2307090001,전라북도 대아수목원
g_g003218,2,2,2307090002,카페 홍시 먹으러 곶감
g_g003218,2,3,2307090003,화심 순두부 본점
g_g003218,2,4,2307090004,집
g_g003221,1,1,2307080001,집
g_g003221,1,2,2307080002,인천종합터미널
g_g003221,1,3,2307080003,전주 고속버스터미널
g_g003221,1,4,2307080004,전동성당
g_g003221,1,5,2307080005,자매 갈비전골
g_g003221,1,6,2307080006,전주한옥마을
g_g003221,1,7,2307080007,차경
g_g003221,1,8,2307080008,전주일모아
g_g003221,1,9,2307080009,전주 남부시장 한옥마을 야시장
g_g003221,1,10,2307080010,아라보다 호텔
g_g003221,2,1,2307090001,늘채움
g_g003221,2,2,2307090002,전주 덕진공원
g_g003221,2,3,2307090003,전주 난장
g_g003221,2,4,2307090004,외할머니 솜씨
g_g003221,2,5,2307090005,PNB 풍년제과 한옥마을 1호점
g_g003221,2,6,2307090006,전주 고속버스터미널
g_g003221,2,7,2307090007,집
g_g003224,1,1,2306260001,집
g_g003224,1,2,2306260002,군산근대화 거리
g_g003224,1,3,2306260003,초원 사진관
g_g003224,1,4,2306260004,머물다 그 섬에
g_g003224,2,1,2306270001,레드애플 군산 수송점
g_g003224,2,2,2306270002,수송 반점
g_g003224,2,3,2306270003,집
g_g003227,1,1,2306240001,집
g_g003227,1,2,2306240002,대전 방송 서산 TV 중계소 가야봉
g_g003227,1,3,2306240003,해미읍성
g_g003227,1,4,2306240005,해미시장
g_g003227,1,5,2306240004,읍성 호떡
g_g003227,1,6,2306240006,동천 상회
g_g003227,1,7,2306240007,얄개 분식
g_g003227,1,8,2306240008,읍성 호떡
g_g003227,1,9,2306240009,동서신 농협연합 미곡종합처리장 RPC
g_g003227,1,10,2306240010,서산 동부전통시장
g_g003227,1,11,2306240011,이슬 펜션
g_g003227,2,1,2306250001,황금산
g_g003227,2,2,2306250002,집
g_g003235,1,1,2306240001,집
g_g003235,1,2,2306240002,청주 시외버스터미널
g_g003235,1,3,2306240003,니뽕내뽕 천안 신부점
g_g003235,1,4,2306240004,신세계백화점 천안아산점
g_g003235,1,5,2306240005,CGV 천안터미널
g_g003235,1,6,2306240007,육화해미 두정점
g_g003235,1,7,2306240008,천안터미널
g_g003235,1,8,2306240006,집
g_g003237,1,1,2306280001,친구 친지 집
g_g003237,1,2,2306280002,청남대
g_g003237,1,3,2306280003,원조 중앙탑 막국수
g_g003237,1,4,2306280004,이안 테라스
g_g003237,1,5,2306280005,어사출또 청주 복대점
g_g003237,1,6,2306280007,벨리 노보텔
g_g003237,2,1,2306290001,데어 데어
g_g003237,2,2,2306290002,이 설화 청주점
g_g003237,2,3,2306290003,선비마을 4단지 아파트
g_g003238,1,1,2306260001,집
g_g003238,1,2,2306260003,지린성
g_g003238,1,3,2306260004,초원 사진관
g_g003238,1,4,2306260005,전주한옥마을
g_g003238,1,5,2306260006,전동성당
g_g003238,1,6,2306260007,MH 호텔 중화산동점
g_g003238,1,7,2306260008,복막걸리
g_g003238,1,8,2306260002,MH 호텔 중화산동점
g_g003238,2,1,2306270001,한국집
g_g003238,2,2,2306270002,아원 고택
g_g003238,2,3,2306270003,집
g_g003243,1,1,2306240001,친구 친지 집
g_g003243,1,2,2306240002,무주 한풍루
g_g003243,1,3,2306240005,이마트 24 스마트 완주 휴게소 익산 방향점
g_g003243,1,4,2306240004,진수 곱창 군산점
g_g003243,1,5,2306240003,친구 집
g_g003246,1,1,2306250001,집
g_g003246,1,2,2306250002,극단 오즈
g_g003246,1,3,2306250003,엑스포과학공원 한빛탑
g_g003246,1,4,2306250004,대전교통 문화연수원
g_g003246,1,5,2306250005,집
g_g003249,1,1,2306240001,집
g_g003249,1,2,2306240002,진안 마이산 휴게소 익산 방향
g_g003249,1,3,2306240003,모래재 메타세쿼이아 길
g_g003249,1,4,2306240004,국립운장산자연휴양림
g_g003249,2,1,2306250001,화심 순두부 본점
g_g003249,2,2,2306250002,마이산 탑사
g_g003249,2,3,2306250003,이디야커피 전북 진안점
g_g003249,2,4,2306250004,집
g_g003251,1,1,2307010001,집
g_g003251,1,2,2307010007,지인 집
g_g003251,1,3,2307010003,명동 막국수 소바
g_g003251,1,4,2307010004,아르보
g_g003251,1,5,2307010005,논산시 연산면 신양리
g_g003251,1,6,2307010002,신양 1길 98-6
g_g003251,2,1,2307020005,지인 집
g_g003251,2,2,2307020002,연산시장
g_g003251,2,3,2307020003,연산 할머니 순대 연풍 식당 본점
g_g003251,2,4,2307020004,집
g_g003252,1,1,2307030001,집
g_g003252,1,2,2307030003,강천산 군립 공원
g_g003252,1,3,2307030004,순창 맛집
g_g003252,1,4,2307030005,요강바위
g_g003252,1,5,2307030006,향가유원지
g_g003252,1,6,2307030007,화양연화
g_g003252,1,7,2307030008,대궁
g_g003252,1,8,2307030010,국립 회문산자연휴양림
g_g003252,2,1,2307040002,강천 힐링스파
g_g003252,2,2,2307040003,화도 식당
g_g003252,2,3,2307040004,베르자르다
g_g003252,2,4,2307040001,집
g_g003255,1,1,2306240001,집
g_g003255,1,2,2306240002,농부의 카페 사랑 새봄
g_g003255,1,3,2306240003,청림 정금자 할미 집
g_g003255,1,4,2306240004,고창읍성
g_g003255,1,5,2306240005,집
g_g003259,1,1,2307010001,집
g_g003259,1,2,2307010002,망포중학교 정류장
g_g003259,1,3,2307010006,망포역 수인 분당선
g_g003259,1,4,2307010007,수원역
g_g003259,1,5,2307010003,대전역
g_g003259,1,6,2307010004,트래블 라운지
g_g003259,1,7,2307010008,성심당 본점
g_g003259,1,8,2307010009,테라스 키친
g_g003259,1,9,2307010012,룸증에 이 대전 둔산점
g_g003259,1,10,2307010010,대흥동 성당 정류장
g_g003259,1,11,2307010011,은하수네 거리 정류장
g_g003259,1,12,2307010013,갤러리아백화점 타임월드점
g_g003259,1,13,2307010014,대전시립미술관
g_g003259,1,14,2307010015,한밭수목원
g_g003259,1,15,2307010016,엑스포과학공원
g_g003259,1,16,2307010017,스타벅스 대전엑스포 스카이점
g_g003259,1,17,2307010018,원조태평소국밥
g_g003259,1,18,2307010019,홈플러스 유성점 정류장
g_g003259,1,19,2307010020,갈마역 정류장
g_g003259,1,20,2307010021,갈마역 대전 1호선
g_g003259,1,21,2307010022,대전역 대전 1호선
g_g003259,1,22,2307010023,트래블 라운지
g_g003259,1,23,2307010024,모노 맨션 대전은행점
g_g003259,1,24,2307010025,성심당 본점
g_g003259,1,25,2307010026,바코드
g_g003259,1,26,2307010027,성심당 케이크 부티크
g_g003259,1,27,2307010005,브라운 도트 호텔 대전역점
g_g003259,2,1,2307020002,성심당 케이크 부티크
g_g003259,2,2,2307020003,성심당 문화원
g_g003259,2,3,2307020004,토마토 라이브러리
g_g003259,2,4,2307020005,알라딘 중고서점 대전은행점
g_g003259,2,5,2307020006,대전역
g_g003259,2,6,2307020007,수원역
g_g003259,2,7,2307020008,망포역 수인 분당선
g_g003259,2,8,2307020009,그대가 프리미어 아파트 망포역 3번 출구 정류장
g_g003259,2,9,2307020010,망포중학교 정류장
g_g003259,2,10,2307020001,집
g_g003266,1,1,2307080001,집
g_g003266,1,2,2307080002,담양 샌드
g_g003266,1,3,2307080003,옛날 진미국수
g_g003266,1,4,2307080004,담양 관방제림
g_g003266,1,5,2307080005,메타세쿼이아 가로수길
g_g003266,1,6,2307080006,정미 다방
g_g003266,1,7,2307080007,집
g_g003267,1,1,2306240001,집
g_g003267,1,2,2306240003,만천하 스카이워크
g_g003267,1,3,2306240004,두메고 마늘보쌈
g_g003267,1,4,2306240005,청풍 호반 케이블카 물태리역
g_g003267,1,5,2306240006,장수가
g_g003267,1,6,2306240007,용인휴게소 강릉방향
g_g003267,1,7,2306240002,하운드 호텔
g_g003267,2,1,2306250001,국시가
g_g003267,2,2,2306250002,의림지
g_g003267,2,3,2306250003,이디야커피 제천 의림점
g_g003267,2,4,2306250004,집
g_g003273,1,1,2306240001,집
g_g003273,1,2,2306240003,무안황토 갯벌랜드
g_g003273,1,3,2306240005,무안황토 갯벌랜드 오토캠핑장
g_g003273,2,1,2306250002,무안황토 갯벌랜드 무안생태갯벌 과학관
g_g003273,2,2,2306250003,두암 식당
g_g003273,2,3,2306250004,나인 포인트
g_g003273,2,4,2306250001,집
g_g003276,1,1,2306290001,집
g_g003276,1,2,2306290002,한화생명 이글스 파크
g_g003276,1,3,2306290003,보문산공원
g_g003276,1,4,2306290004,고향 칼국수
g_g003276,1,5,2306290005,넘버 25호텔 대전역점
g_g003276,1,6,2306290006,커플 브리지
g_g003276,1,7,2306290007,넘버 25호텔 대전역점
g_g003276,2,1,2306300001,한밭수목원
g_g003276,2,2,2306300002,성심당 본점
g_g003276,2,3,2306300003,대전복합터미널
g_g003276,2,4,2306300004,집
g_g003278,1,1,2306240001,집
g_g003278,1,2,2306240002,낙원 김밥
g_g003278,1,3,2306240004,불당동 쇼핑 구경 산책
g_g003278,1,4,2306240007,알까르본
g_g003278,1,5,2306240006,메가박스 천안
g_g003278,1,6,2306240005,사네
g_g003278,1,7,2306240003,마리 호텔
g_g003278,2,1,2306250002,태양 김밥
g_g003278,2,2,2306250003,콘스턴트
g_g003278,2,3,2306250004,집
g_g003281,1,1,2307030001,친구 친지 집
g_g003281,1,2,2307030004,여수세계박람회 스카이타워
g_g003281,1,3,2307030003,여수엑스포역
g_g003281,1,4,2307030005,명품 맛집
g_g003281,1,5,2307030006,신라스테이 여수
g_g003281,1,6,2307030007,엑스포 해양공원 엑스포공원
g_g003281,1,7,2307030008,오동도
g_g003281,1,8,2307030009,신라스테이 여수
g_g003281,1,9,2307030010,이마트 여수점
g_g003281,1,10,2307030002,신라스테이 여수
g_g003281,2,1,2307040002,자산공원
g_g003281,2,2,2307040001,도봉 한신아파트
g_g003284,1,1,2306270001,집
g_g003284,1,2,2306270003,센트럴시티터미널(호남)
g_g003284,1,3,2306270004,청주 시외버스터미널
g_g003284,1,4,2306270005,청주동물원
g_g003284,1,5,2306270006,국립청주 박물관
g_g003284,1,6,2306270007,육화 담길 명암타워점
g_g003284,1,7,2306270008,영암호
g_g003284,1,8,2306270009,상당산성
g_g003284,1,9,2306270010,국립현대미술관 청주
g_g003284,1,10,2306270011,카페 애프터 아워
g_g003284,1,11,2306270012,동부창고
g_g003284,1,12,2306270013,멕시칸치킨 우암 내덕점
g_g003284,1,13,2306270014,모텔 아모르
g_g003284,1,14,2306270015,청주 중앙공원
g_g003284,1,15,2306270002,모텔 아모르
g_g003284,2,1,2306280001,무심천 드래건
g_g003284,2,2,2306280002,고인쇄 박물관
g_g003284,2,3,2306280003,아의레
g_g003284,2,4,2306280004,청주 시외버스터미널
g_g003284,2,5,2306280005,센트럴시티터미널(호남)
g_g003284,2,6,2306280006,집
g_g003290,1,1,2306250001,집
g_g003290,1,2,2306250003,속리산국립공원
g_g003290,1,3,2306250004,법주사
g_g003290,1,4,2306250005,속리산국립공원
g_g003290,1,5,2306250006,손칼국수
g_g003290,1,6,2306250002,집
g_g003296,1,1,2307070001,집
g_g003296,1,2,2307070003,광천 식당
g_g003296,1,3,2307070004,성심당 본점
g_g003296,1,4,2307070005,코페 부시
g_g003296,1,5,2307070006,고소한 식물원
g_g003296,1,6,2307070007,이응노미술관
g_g003296,1,7,2307070008,떡만집 은행점
g_g003296,1,8,2307070002,집
g_g003301,1,1,2307010001,집
g_g003301,1,2,2307010003,서울역
g_g003301,1,3,2307010005,천안시 태조산 청소년수련관
g_g003301,1,4,2307010004,이고집 만두
g_g003301,1,5,2307010006,루비아
g_g003301,1,6,2307010007,독립기념관
g_g003301,1,7,2307010008,호두당 천안두정점
g_g003301,1,8,2307010009,광시한우곱창
g_g003301,1,9,2307010010,천안아산역
g_g003301,1,10,2307010002,집
g_g003307,1,1,2306250001,집
g_g003307,1,2,2306250002,전주왱이콩나물국밥전문점
g_g003307,1,3,2306250003,색장 정미소
g_g003307,1,4,2306250004,전주 난장
g_g003307,1,5,2306250005,전주한옥마을
g_g003307,1,6,2306250006,베스트 인 시티 호텔
g_g003307,1,7,2306250007,양푼 집
g_g003307,1,8,2306250008,전주 덕진공원
g_g003307,1,9,2306250009,베스트 인 시티 호텔
g_g003307,2,1,2306260001,조점례남문피순대
g_g003307,2,2,2306260002,집
g_g003308,1,1,2306240001,집
g_g003308,1,2,2306240003,안양 센트럴 헤센 2차 오피스텔
g_g003308,1,3,2306240004,더 위트도고
g_g003308,1,4,2306240005,아산 레일바이크
g_g003308,1,5,2306240006,더 위트도고
g_g003308,1,6,2306240002,더 위트도고
g_g003308,2,1,2306250001,아산스파비스
g_g003308,2,2,2306250002,신아산 모아 엘가 비스타 1차 아파트 (23년 8월 예정)
g_g003308,2,3,2306250003,집
g_g003314,1,1,2306300001,집
g_g003314,1,2,2306300003,스타벅스 대천해수욕장점
g_g003314,1,3,2306300004,파레브회조개구이
g_g003314,1,4,2306300005,선셋비치
g_g003314,1,5,2306300002,대천 메리 머드 호텔
g_g003314,2,1,2307010001,경성 한우국밥 대천해수욕장점
g_g003314,2,2,2307010002,공주휴게소 대전방향
g_g003314,2,3,2307010003,집
g_g003320,1,1,2307010001,집
g_g003320,1,2,2307010002,물무산행복숲황톳길
g_g003320,1,3,2307010003,백수해안도로
g_g003320,1,4,2307010004,국제식당
g_g003320,1,5,2307010005,백제불교 최초 도래지 부용리
g_g003320,1,6,2307010006,숲쟁이 꽃동산
g_g003320,1,7,2307010007,집
g_g003323,1,1,2307010001,집
g_g003323,1,2,2307010002,함평나비 휴게소 충전소 무안 방향
g_g003323,1,3,2307010004,목포근대역사 문화공간
g_g003323,1,4,2307010003,목포근대역사관 1관
g_g003323,1,5,2307010005,나리옥
g_g003323,1,6,2307010006,아우어 베이커리 목포 남악점
g_g003323,1,7,2307010007,광주야 천주교회 유지재단 가톨릭 목포 성지
g_g003323,1,8,2307010008,숙소
g_g003323,2,1,2307020001,평화광장
g_g003323,2,2,2307020002,또 야미
g_g003323,2,3,2307020003,집
g_g003326,1,1,2307010001,집
g_g003326,1,2,2307010002,대전역
g_g003326,1,3,2307010003,대전역 지하상가
g_g003326,1,4,2307010004,성심당 본점
g_g003326,1,5,2307010005,땡큐 베리머치
g_g003326,1,6,2307010006,펠리체 삐꼴로
g_g003326,1,7,2307010007,카이스트 본원
g_g003326,1,8,2307010008,이마트 24 월평 중앙점
g_g003326,1,9,2307010009,별하 오피스텔
g_g003326,2,1,2307020001,알로 러빙
g_g003326,2,2,2307020002,유성시외버스정류소
g_g003326,2,3,2307020003,모란 시외버스정류장
g_g003326,2,4,2307020004,집
g_g003329,1,1,2307010001,집
g_g003329,1,2,2307010003,중앙탑공원 중원 탑평리 7층 석탑
g_g003329,1,3,2307010004,숲속 장수촌 본점
g_g003329,1,4,2307010005,포토이즘 박스 충북 충주 칠금점
g_g003329,1,5,2307010006,활옷 동굴
g_g003329,1,6,2307010007,충주 편의점
g_g003329,1,7,2307010002,숙소
g_g003329,2,1,2307020002,비 내섬
g_g003329,2,2,2307020003,충주로 관광선
g_g003329,2,3,2307020004,미사리밀빛초계국수 충주점
g_g003329,2,4,2307020005,대청호 드라이브
g_g003329,2,5,2307020001,집
g_g003334,1,1,2306250001,집
g_g003334,1,2,2306250002,정부세종청사옥상정원
g_g003334,1,3,2306250003,세종 삼계탕
g_g003334,1,4,2306250004,세종중앙공원
g_g003334,1,5,2306250005,국립세종수목원
g_g003334,1,6,2306250006,메타 45카페
g_g003334,1,7,2306250007,집
g_g003335,1,1,2306280001,집
g_g003335,1,2,2306280002,대전역
g_g003335,1,3,2306280003,테라스 키친
g_g003335,1,4,2306280004,중앙로 지하상가
g_g003335,1,5,2306280005,주교좌 대흥동 성당
g_g003335,1,6,2306280006,대전여중 강당
g_g003335,1,7,2306280007,테마 오래
g_g003335,1,8,2306280008,알로 하여 녹
g_g003335,1,9,2306280009,나인 스폿 호텔
g_g003335,1,10,2306280010,성심당 본점
g_g003335,1,11,2306280011,우리들 공원
g_g003335,1,12,2306280012,만나 대흥 본점
g_g003335,1,13,2306280013,나인 스폿 호텔
g_g003335,2,1,2306290001,플라잉팬
g_g003335,2,2,2306290002,성심당 케이크 부티크
g_g003335,2,3,2306290003,성심당 본점
g_g003335,2,4,2306290004,대전역
g_g003335,2,5,2306290005,서울역
g_g003335,2,6,2306290006,집
g_g003337,1,1,2307080001,집
g_g003337,1,2,2307080002,여주 맛있는 휴게소 강릉방향
g_g003337,1,3,2307080003,이끼 터널
g_g003337,1,4,2307080004,만천하 스카이워크
g_g003337,1,5,2307080006,보리 곳간
g_g003337,1,6,2307080005,카페 산
g_g003337,1,7,2307080007,단양 소백농협 하나로마트
g_g003337,1,8,2307080008,애플 마루펜션
g_g003337,2,1,2307090001,카페 리안
g_g003337,2,2,2307090002,집
g_g003338,1,1,2307020001,집
g_g003338,1,2,2307020002,궁남지
g_g003338,1,3,2307020003,구드래나루터
g_g003338,1,4,2307020004,탕화 쿵후 마라탕 부여점
g_g003338,1,5,2307020005,집
g_g003340,1,1,2307010001,집
g_g003340,1,2,2307010002,펭귄 마을
g_g003340,1,3,2307010003,광주 미디어아트플랫폼 G.MAP
g_g003340,1,4,2307010004,스타벅스 광주 충장 DT점 전기차 충전소
g_g003340,1,5,2307010005,호랑가시나무 아트 폴리곤
g_g003340,1,6,2307010006,이이남 스튜디오
g_g003340,1,7,2307010007,유소나
g_g003340,1,8,2307010008,사직공원 전망타워
g_g003340,1,9,2307010009,홈플러스 동광주점
g_g003340,1,10,2307010010,무등산 생태탐방원
g_g003340,2,1,2307020001,무등산 생태탐방원
g_g003340,2,2,2307020002,5.18민주화운동 기록관
g_g003340,2,3,2307020003,빽다방 광주 충장로 2호점
g_g003340,2,4,2307020004,전일빌딩 245
g_g003340,2,5,2307020005,광주시립미술관
g_g003340,2,6,2307020006,무등 왕돈가스 양산점
g_g003340,2,7,2307020007,집
g_g003343,1,1,2307030001,집
g_g003343,1,2,2307030002,청량리역
g_g003343,1,3,2307030003,제천역
g_g003343,1,4,2307030004,패러 이야기
g_g003343,1,5,2307030005,백향담
g_g003343,1,6,2307030006,다리안계곡
g_g003343,1,7,2307030008,트리플건 카페
g_g003343,1,8,2307030007,단양강잔도
g_g003343,1,9,2307030009,단양 브루어리
g_g003343,1,10,2307030011,스케치
g_g003343,2,1,2307040001,단양구경시장
g_g003343,2,2,2307040002,고수동굴
g_g003343,2,3,2307040003,삼봉이네 카페
g_g003343,2,4,2307040004,의림지
g_g003343,2,5,2307040005,제천역
g_g003343,2,6,2307040006,청량리역
g_g003343,2,7,2307040007,집
g_g003352,1,1,2307020001,집
g_g003352,1,2,2307020003,천안아산역
g_g003352,1,3,2307020004,신정호
g_g003352,1,4,2307020005,은행나무 길
g_g003352,1,5,2307020006,아산 마트
g_g003352,1,6,2307020007,엘도라도
g_g003352,1,7,2307020008,천안아산역 리슈빌 아파트
g_g003352,1,8,2307020002,집
g_g003353,1,1,2307080001,집
g_g003353,1,2,2307080003,공주종합버스터미널
g_g003353,1,3,2307080004,금강신관공원
g_g003353,1,4,2307080005,매향
g_g003353,1,5,2307080006,밤떡 명가 하루카페
g_g003353,1,6,2307080007,공주 산성시장
g_g003353,1,7,2307080008,공주 무령왕릉과 왕릉원
g_g003353,1,8,2307080009,국립공주박물관
g_g003353,1,9,2307080010,금강 온천
g_g003353,1,10,2307080011,레제나 호텔
g_g003353,1,11,2307080012,야미램
g_g003353,1,12,2307080002,레제나 호텔
g_g003353,2,1,2307090002,마곡사
g_g003353,2,2,2307090003,솥뚜껑 매운탕
g_g003353,2,3,2307090004,베이커리 밤마을
g_g003353,2,4,2307090005,공산성
g_g003353,2,5,2307090006,맘스터치 공주터미널점
g_g003353,2,6,2307090007,공주종합버스터미널
g_g003353,2,7,2307090001,집
g_g003355,1,1,2307090001,집
g_g003355,1,2,2307090002,아산스파비스
g_g003355,1,3,2307090003,부자 옛날 손 짜장
g_g003355,1,4,2307090004,집
g_g003359,1,1,2307070001,집
g_g003359,1,2,2307070002,구공 스테이 서산 보담
g_g003359,2,1,2307080001,해미읍성
g_g003359,2,2,2307080002,집
g_g003368,1,1,2307010001,집
g_g003368,1,2,2307010002,국립세종수목원
g_g003368,1,3,2307010003,세종중앙공원
g_g003368,1,4,2307010004,조 스테이크 도시락
g_g003368,1,5,2307010005,집
g_g003369,1,1,2307060001,친구 친지 집
g_g003369,1,2,2307060009,오송역
g_g003369,1,3,2307060010,광주송정역
g_g003369,1,4,2307060003,광주김치타운
g_g003369,1,5,2307060011,라마다플라자 바이 윈덤 충장
g_g003369,1,6,2307060004,유일선 선교사 사택
g_g003369,1,7,2307060006,카페 198
g_g003369,1,8,2307060007,한옥 식당
g_g003369,1,9,2307060008,펭귄 마을
g_g003369,1,10,2307060012,풀
g_g003369,1,11,2307060013,사직공원 전망타워
g_g003369,1,12,2307060014,광주교
g_g003369,1,13,2307060002,라마다플라자 바이 윈덤 충장
g_g003369,2,1,2307070003,영미 오리탕
g_g003369,2,2,2307070004,광주비엔날레
g_g003369,2,3,2307070002,에솔로지 비엔날레점
g_g003369,2,4,2307070005,광주비엔날레
g_g003369,2,5,2307070007,여행자의 zip
g_g003369,2,6,2307070006,호시 마츠 라멘
g_g003369,2,7,2307070008,궁전제과 충장점
g_g003369,2,8,2307070001,집
g_g003370,1,1,2307080001,집
g_g003370,1,2,2307080002,천안역
g_g003370,1,3,2307080003,중앙로역 대전 1호선
g_g003370,1,4,2307080004,토마토 은행점
g_g003370,1,5,2307080005,오사카 오코노미야키
g_g003370,1,6,2307080006,도쿄 빙수 은행동점
g_g003370,1,7,2307080007,스타코인 노래연습장
g_g003370,1,8,2307080008,로즈메리 모텔
g_g003370,1,9,2307080009,한화생명 이글스 파크
g_g003370,1,10,2307080011,로즈메리 모텔
g_g003370,2,1,2307090001,1500회전초밥 은행점
g_g003370,2,2,2307090002,아이센스pc방 대전은행점
g_g003370,2,3,2307090003,레이저 태그 스포츠 은행점
g_g003370,2,4,2307090004,대전역
g_g003370,2,5,2307090006,천안역
g_g003370,2,6,2307090005,집
g_g003372,1,1,2307010001,친구 친지 집
g_g003372,1,2,2307010002,군산 고속버스터미널
g_g003372,1,3,2307010003,영동 반점
g_g003372,1,4,2307010004,신민회
g_g003372,1,5,2307010005,군산근대역사박물관
g_g003372,1,6,2307010006,일제강점기 군산역사관
g_g003372,1,7,2307010007,장미 칼국수 본점
g_g003372,1,8,2307010008,군산 비어 포트
g_g003372,1,9,2307010009,이성당 본점
g_g003372,1,10,2307010010,럭키마케트
g_g003372,1,11,2307010011,게스트하우스 책방
g_g003372,2,1,2307020003,첼로네시아
g_g003372,2,2,2307020001,대정 칼국수 월명 지점
g_g003372,2,3,2307020002,모어 앤 모어
g_g003372,2,4,2307020004,일흥옥
g_g003372,2,5,2307020005,경암동 철길마을
g_g003372,2,6,2307020006,역삼 파크빌라
g_g003376,1,1,2307010007,집
g_g003376,1,2,2307010001,백수해안도로
g_g003376,1,3,2307010003,바다하다
g_g003376,1,4,2307010002,국제식당
g_g003376,1,5,2307010004,백제불교 최초 도래지 부용리
g_g003376,1,6,2307010005,숲쟁이
g_g003376,1,7,2307010006,영광 물 무산 행복 숲 질퍽질퍽 맨발 황톳길
g_g003376,1,8,2307010008,집
g_g003380,1,1,2307010001,집
g_g003380,1,2,2307010002,정안천 생태공원
g_g003380,1,3,2307010003,유구 색동수국정원
g_g003380,1,4,2307010004,가보자 토종 순댓국
g_g003380,1,5,2307010005,유구 전통시장
g_g003380,1,6,2307010006,캔모아 공주대점
g_g003380,1,7,2307010007,집
g_g003382,1,1,2307080001,집
g_g003382,1,2,2307080003,진원
g_g003382,1,3,2307080004,카페 산
g_g003382,1,4,2307080005,카페 산 패러글라이딩
g_g003382,1,5,2307080006,만천하 스카이워크 스카이워크 전망대
g_g003382,1,6,2307080007,과연당
g_g003382,1,7,2307080002,과연당
g_g003382,2,1,2307090002,대교 식당
g_g003382,2,2,2307090001,집
g_g003388,1,1,2307290001,집
g_g003388,1,2,2307290002,성심당 DCC점
g_g003388,1,3,2307290003,스타벅스 대전 조이마루점
g_g003388,1,4,2307290004,한밭수목원
g_g003388,1,5,2307290005,힐링카페 숲이랑
g_g003388,1,6,2307290006,실내 휴식(영화 감상)
g_g003388,1,7,2307290008,엑스포과학공원 한빛탑
g_g003388,1,8,2307290009,배스킨라빈스 대전 학하점
g_g003388,1,9,2307290007,오투그란데 미학아파트
g_g003388,2,1,2307300002,수통골 능이버섯 백숙
g_g003388,2,2,2307300003,수통골
g_g003388,2,3,2307300001,집
g_g003391,1,1,2307120001,집
g_g003391,1,2,2307120003,용산역
g_g003391,1,3,2307120004,전주역
g_g003391,1,4,2307120005,교동 떡갈비
g_g003391,1,5,2307120006,전동성당
g_g003391,1,6,2307120007,최명희문학관
g_g003391,1,7,2307120008,전주부채문화관
g_g003391,1,8,2307120009,디팍스 전주한옥마을점
g_g003391,1,9,2307120010,소복 전주한옥마을점
g_g003391,1,10,2307120011,홍삼 파는 화가
g_g003391,1,11,2307120002,전주한옥마을 서로
g_g003391,2,1,2307130002,동문 헌책 도서관
g_g003391,2,2,2307130003,자인 초밥
g_g003391,2,3,2307130004,PNB 풍년제과 전주역점
g_g003391,2,4,2307130001,집
g_g003394,1,1,2307140001,집
g_g003394,1,2,2307140002,익산역 서 주차장
g_g003394,1,3,2307140003,전주역
g_g003394,1,4,2307140005,차경
g_g003394,1,5,2307140004,오브젝트 유
g_g003394,1,6,2307140006,전주를 그리다
g_g003394,1,7,2307140007,전일슈퍼
g_g003394,1,8,2307140008,샘물 맥주 객사점
g_g003394,1,9,2307140009,전주를 그리다
g_g003394,2,1,2307150001,빌레레
g_g003394,2,2,2307150002,포토이즘 박스 객사점
g_g003394,2,3,2307150003,연화정도서관
g_g003394,2,4,2307150004,카페 한올(Cafe hanol)
g_g003394,2,5,2307150005,PNB 풍년제과 전주역점
g_g003394,2,6,2307150006,전주역
g_g003394,2,7,2307150007,익산역 서 주차장
g_g003394,2,8,2307150008,집
g_g003398,1,1,2307080001,친구 친지 집
g_g003398,1,2,2307080003,스타벅스 하남미사 DT점
g_g003398,1,3,2307080005,예당호 출렁다리
g_g003398,1,4,2307080004,예당호 모노레일
g_g003398,1,5,2307080006,도토리 과자점
g_g003398,1,6,2307080007,제일 해물칼국수
g_g003398,1,7,2307080008,대천해수욕장
g_g003398,1,8,2307080002,하루 펜션
g_g003398,2,1,2307090002,아리산 손 짜장
g_g003398,2,2,2307090003,카페의 숲
g_g003398,2,3,2307090001,퀸즈파크 미사 1차 오피스텔
g_g003399,1,1,2307220001,집
g_g003399,1,2,2307220002,영암 여객 자동차 터미널
g_g003399,1,3,2307220003,영산포 공용터미널
g_g003399,1,4,2307220004,나주역
g_g003399,1,5,2307220005,광주송정역
g_g003399,1,6,2307220006,멀 앤데 커피
g_g003399,1,7,2307220007,규슈 첨단점
g_g003399,1,8,2307220008,롯데마트 첨단점
g_g003399,1,9,2307220009,국립아시아문화전당
g_g003399,1,10,2307220010,시도 맨션
g_g003399,1,11,2307220011,사직공원 전망타워
g_g003399,1,12,2307220012,시도 맨션
g_g003399,2,1,2307230001,여행자의 zip
g_g003399,2,2,2307230002,유스퀘어 광주종합버스터미널
g_g003399,2,3,2307230003,영암 여객 자동차 터미널
g_g003399,2,4,2307230004,집
g_g003403,1,1,2307010001,집
g_g003403,1,2,2307010003,성서 제일 안과
g_g003403,1,3,2307010004,월류봉 광장
g_g003403,1,4,2307010005,갑돌 갈비
g_g003403,1,5,2307010006,영동 와인터널
g_g003403,1,6,2307010007,과일나라 테마공원
g_g003403,1,7,2307010008,옥계폭포
g_g003403,1,8,2307010009,약초 도매시장
g_g003403,1,9,2307010010,장춘관
g_g003403,1,10,2307010011,국무 인텔
g_g003403,1,11,2307010012,하늘물빛정원
g_g003403,1,12,2307010002,국무 인텔
g_g003403,2,1,2307020001,대둔산 도립공원
g_g003403,2,2,2307020002,국무 인텔
g_g003403,2,3,2307020003,가마솥 한우신 곰탕
g_g003403,2,4,2307020004,하늘물빛정원
g_g003403,2,5,2307020005,금산 역사문화박물관
g_g003403,2,6,2307020007,덕유산 휴게소 통영방향
g_g003403,2,7,2307020006,집
g_g003408,1,1,2307290001,집
g_g003408,1,2,2307290003,산수 쌈밥
g_g003408,1,3,2307290004,아우 스밀
g_g003408,1,4,2307290005,광주 기아 챔피언 스피드
g_g003408,1,5,2307290002,서정적인 호텔
g_g003408,2,1,2307300002,뒹굴 동구리
g_g003408,2,2,2307300003,5.18민주화운동기록관
g_g003408,2,3,2307300004,진식당 본점
g_g003408,2,4,2307300001,집
g_g003418,1,1,2307020001,집
g_g003418,1,2,2307020003,유스퀘어 광주종합버스터미널
g_g003418,1,3,2307020002,소아르떼
g_g003418,2,1,2307030001,소아르떼
g_g003418,2,2,2307030002,프로방스 스테이크하우스
g_g003418,2,3,2307030003,메타세쿼이아 가로수길
g_g003418,2,4,2307030004,비가일
g_g003418,2,5,2307030005,담양 관방제림
g_g003418,2,6,2307030006,금수 한방숯불 가든
g_g003418,2,7,2307030007,집
g_g003420,1,1,2307060001,집
g_g003420,1,2,2307060002,용산역
g_g003420,1,3,2307060003,광주송정역
g_g003420,1,4,2307060004,광주비엔날레
g_g003420,1,5,2307060005,돈가스 만드는 남자 비엔날레본점
g_g003420,1,6,2307060006,라콩연구소
g_g003420,1,7,2307060007,양림 문화역사마을
g_g003420,1,8,2307060008,호랑가시나무 아트 폴리곤
g_g003420,1,9,2307060009,광주 미디어아트플랫폼 G.MAP
g_g003420,1,10,2307060010,1913 송정역시장
g_g003420,1,11,2307060011,부을 꼬챙이
g_g003420,1,12,2307060012,스타벅스 광주송정노점
g_g003420,1,13,2307060013,광주송정역
g_g003420,1,14,2307060014,노량진역 9호선
g_g003420,1,15,2307060015,집
g_g003422,1,1,2307010001,집
g_g003422,1,2,2307010003,가마골 쉼터
g_g003422,1,3,2307010004,카페 산
g_g003422,1,4,2307010005,소노문단양
g_g003422,1,5,2307010006,단양구경시장
g_g003422,1,6,2307010011,레전드 히어로즈 소노문단양점
g_g003422,1,7,2307010002,소노문단양
g_g003422,2,1,2307020001,소금정공원
g_g003422,2,2,2307020003,소노문단양 오션 플레이
g_g003422,2,3,2307020004,백향담
g_g003422,2,4,2307020005,만천하 스카이워크
g_g003422,2,5,2307020002,집
g_g003429,1,1,2307020001,집
g_g003429,1,2,2307020002,영농법인윤제림
g_g003429,1,3,2307020003,욜로 식당
g_g003429,1,4,2307020004,보성 영화정
g_g003429,1,5,2307020005,춘원 서옥 카페
g_g003429,1,6,2307020006,집
g_g003438,1,1,2307010001,집
g_g003438,1,2,2307010002,세종전통시장 주차장
g_g003438,1,3,2307010004,세종전통시장
g_g003438,1,4,2307010003,하이로 왕 마라탕
g_g003438,1,5,2307010005,금성당
g_g003438,1,6,2307010006,컴포즈커피 세종전통시장점
g_g003438,1,7,2307010007,집
g_g003444,1,1,2307010001,집
g_g003444,1,2,2307010003,군산 이름난 칼국수
g_g003444,1,3,2307010004,국립생태원
g_g003444,1,4,2307010006,다이소 군산 경암점
g_g003444,1,5,2307010007,이마트 군산점
g_g003444,1,6,2307010005,이성당 본점
g_g003444,1,7,2307010008,경암동 철길마을
g_g003444,1,8,2307010002,군산 레비 뉴스테이 아파트
g_g003444,2,1,2307020002,대정 식당
g_g003444,2,2,2307020001,무등산 센트럴파크 아파트
g_g003453,1,1,2307060001,집
g_g003453,1,2,2307060003,군산역
g_g003453,1,3,2307060007,한인옥
g_g003453,1,4,2307060005,초원 사진관
g_g003453,1,5,2307060006,신민회
g_g003453,1,6,2307060008,군산근대미술관
g_g003453,1,7,2307060009,장미 갤러리
g_g003453,1,8,2307060010,군산근대역사박물관
g_g003453,1,9,2307060011,미즈 커피
g_g003453,1,10,2307060012,진포해양테마공원
g_g003453,1,11,2307060013,에이본 호텔 군산
g_g003453,1,12,2307060014,은파 아리 울 레스토랑
g_g003453,1,13,2307060015,은파호수공원
g_g003453,1,14,2307060002,에이본 호텔 군산
g_g003453,2,1,2307070001,정담 순대
g_g003453,2,2,2307070002,팔아재 1912
g_g003453,2,3,2307070003,심리서점쓰담
g_g003453,2,4,2307070004,신흥동 일본식 가옥
g_g003453,2,5,2307070005,이성당 본점
g_g003453,2,6,2307070006,군산역
g_g003453,2,7,2307070007,집
g_g003455,1,1,2306300001,집
g_g003455,1,2,2306300002,로드 195카페
g_g003455,1,3,2306300003,서러 원
g_g003455,1,4,2306300005,사부작
g_g003455,1,5,2306300004,집
g_g003459,1,1,2307010001,집
g_g003459,1,2,2307010002,바람꽃의 다육식물원
g_g003459,1,3,2307010003,복 누룽지 삼계탕
g_g003459,1,4,2307010004,종로 맥각 나성점
g_g003459,1,5,2307010005,가온 마을 1단지 힐스테이트 세종 2차 아파트
g_g003459,2,1,2307020001,국립세종수목원
g_g003459,2,2,2307020002,집
g_g003463,1,1,2307010001,집
g_g003463,1,2,2307010002,황전휴게소 완주 방향
g_g003463,1,3,2307010003,전주 현대옥 전주 본점
g_g003463,1,4,2307010004,전라북도 어린이 창의체험관
g_g003463,1,5,2307010005,롯데마트 맥스 송천점
g_g003463,1,6,2307010006,하나로마트 전주점
g_g003463,1,7,2307010007,숲내음 펜션
g_g003463,2,1,2307020001,옥정호 출렁다리
g_g003463,2,2,2307020002,삼오 소바
g_g003463,2,3,2307020003,전라북도 119안전체험관
g_g003463,2,4,2307020004,집
g_g003464,1,1,2307010001,집
g_g003464,1,2,2307010003,바닷가랑 집
g_g003464,1,3,2307010004,상화원
g_g003464,1,4,2307010005,대천해수욕장
g_g003464,1,5,2307010006,커피 인터뷰 대천점
g_g003464,1,6,2307010010,이마트 보령점
g_g003464,1,7,2307010008,선샤인 조개구이
g_g003464,1,8,2307010009,대천해수욕장
g_g003464,1,9,2307010007,더 베스트 예미지 아파트
g_g003464,1,10,2307010002,더 베스트 예미지 아파트
g_g003464,2,1,2307020002,해장꾹이 보령동대점
g_g003464,2,2,2307020003,타네
g_g003464,2,3,2307020004,개화예술공원
g_g003464,2,4,2307020005,보령석탄 박물관
g_g003464,2,5,2307020006,파스쿠찌 보령 그랜드베이 호텔점
g_g003464,2,6,2307020001,집
g_g003467,1,1,2307080001,집
g_g003467,1,2,2307080003,유구 색동수국정원
g_g003467,1,3,2307080004,숲 너울
g_g003467,1,4,2307080005,조치원역 광장
g_g003467,1,5,2307080002,집
g_g003468,1,1,2306300001,집
g_g003468,1,2,2306300002,임실치즈테마파크
g_g003468,1,3,2306300003,남원 예천 by 켄싱턴
g_g003468,1,4,2306300004,광한루원
g_g003468,1,5,2306300005,카페 오작교
g_g003468,1,6,2306300006,남원 예천 by 켄싱턴
g_g003468,1,7,2306300007,서남 만찬
g_g003468,1,8,2306300008,남원 예천 by 켄싱턴
g_g003468,2,1,2307010001,남원 예천 by 켄싱턴
g_g003468,2,2,2307010002,춘향테마파크
g_g003468,2,3,2307010003,봉이면옥
g_g003468,2,4,2307010004,집
g_g003474,1,1,2307070001,집
g_g003474,1,2,2307070009,청량리역
g_g003474,1,3,2307070010,단양역
g_g003474,1,4,2307070011,쏘카 단양역 쏘카 주차장
g_g003474,1,5,2307070003,서울식당
g_g003474,1,6,2307070004,고수동굴
g_g003474,1,7,2307070005,단양구경시장
g_g003474,1,8,2307070006,단양관광호텔
g_g003474,1,9,2307070007,카페 산
g_g003474,1,10,2307070008,단양농협 하나로마트
g_g003474,1,11,2307070002,단양관광호텔
g_g003474,2,1,2307080002,도담삼봉
g_g003474,2,2,2307080004,충청도 순대
g_g003474,2,3,2307080003,단양역
g_g003474,2,4,2307080001,집
g_g003476,1,1,2307010001,친구 친지 집
g_g003476,1,2,2307010002,유월드 루지 테마파크
g_g003476,1,3,2307010003,테디베어뮤지엄 여수
g_g003476,1,4,2307010004,여수 해랑
g_g003476,1,5,2307010005,궁전 횟집
g_g003476,1,6,2307010006,여수 해랑
g_g003476,2,1,2307020001,고소동 벽화마을
g_g003476,2,2,2307020002,바다 식탁
g_g003476,2,3,2307020003,아르떼 뮤지엄 여수
g_g003476,2,4,2307020004,친구 집
g_g003478,1,1,2307010001,집
g_g003478,1,2,2307010002,광명역
g_g003478,1,3,2307010003,황실 관광호텔
g_g003478,1,4,2307010004,전주 난장
g_g003478,1,5,2307010005,전주한옥마을
g_g003478,1,6,2307010006,경기전
g_g003478,1,7,2307010008,안마 족욕 카페 전망
g_g003478,1,8,2307010009,전주 남부시장 한옥마을 야시장
g_g003478,1,9,2307010007,조점례남문피순대
g_g003478,1,10,2307010010,황실 관광호텔
g_g003478,2,1,2307020001,교동 떡갈비
g_g003478,2,2,2307020002,동학혁명기념관
g_g003478,2,3,2307020003,브라운 커피 라운지
g_g003478,2,4,2307020004,광명역
g_g003478,2,5,2307020005,집
g_g003480,1,1,2307020001,집
g_g003480,1,2,2307020002,용산역
g_g003480,1,3,2307020003,전주역
g_g003480,1,4,2307020004,교동 살래
g_g003480,1,5,2307020005,한국 집
g_g003480,1,6,2307020006,전주공예품 전시관
g_g003480,1,7,2307020007,한옥네컷
g_g003480,1,8,2307020008,교동 십원빵 전주한옥마을 본점
g_g003480,1,9,2307020009,전주 덕진공원
g_g003480,1,10,2307020010,조원집 본점
g_g003480,1,11,2307020011,청은루
g_g003480,1,12,2307020012,파머스 브루어리
g_g003480,1,13,2307020013,지인 집
g_g003480,2,1,2307030001,교동 살래_숙박지
g_g003480,2,2,2307030002,교동 십원빵 전주한옥마을 본점
g_g003480,2,3,2307030003,전주 중앙 버드나무시장
g_g003480,2,4,2307030004,전주역
g_g003480,2,5,2307030005,영등포역
g_g003480,2,6,2307030006,집
g_g003485,1,1,2306300001,사무실
g_g003485,1,2,2306300002,서울역
g_g003485,1,3,2306300003,천안역
g_g003485,1,4,2306300004,홈플러스 천안점
g_g003485,1,5,2306300005,소노벨 천안
g_g003485,2,1,2307010001,더함
g_g003485,2,2,2307010002,브레드 보드
g_g003485,2,3,2307010003,백운산
g_g003485,2,4,2307010004,천안역
g_g003485,2,5,2307010005,영등포역
g_g003485,2,6,2307010006,당산 계룡리슈빌 2단지
g_g003490,1,1,2307050010,집
g_g003490,1,2,2307050001,대천해수욕장
g_g003490,1,3,2307050002,한끼밥상
g_g003490,1,4,2307050003,카페라 스칼라
g_g003490,1,5,2307050004,대천 데이나이스 호텔
g_g003490,1,6,2307050005,인생네컷 대천 머드광장점
g_g003490,1,7,2307050006,대천해수욕장
g_g003490,1,8,2307050007,대천해수욕장 스카이 바이크
g_g003490,1,9,2307050008,돈 돼지 삼겹살
g_g003490,1,10,2307050009,대천 데이나이스 호텔
g_g003490,2,1,2307060001,성주할매묵촌
g_g003490,2,2,2307060002,황제 찹쌀 꽈배기
g_g003490,2,3,2307060003,개화예술공원
g_g003490,2,4,2307060004,대천역
g_g003490,2,5,2307060005,집
g_g003491,1,1,2307010001,사무실
g_g003491,1,2,2307010005,센트럴시티터미널(호남)
g_g003491,1,3,2307010006,공주알밤 휴게쉼터
g_g003491,1,4,2307010003,연화정도서관
g_g003491,1,5,2307010004,전주한옥마을
g_g003491,1,6,2307010002,푸른 요람
g_g003491,2,1,2307020002,전주한옥마을
g_g003491,2,2,2307020003,전주 덕진공원
g_g003491,2,3,2307020004,태평 집
g_g003491,2,4,2307020005,전주역
g_g003491,2,5,2307020001,자택
g_g003492,1,1,2307270001,집
g_g003492,1,2,2307270003,알선 식당
g_g003492,1,3,2307270004,순천만 국가정원
g_g003492,1,4,2307270005,여수 돌문어 꼬마김밥
g_g003492,1,5,2307270002,오동재
g_g003492,2,1,2307280001,아쿠아플라넷 여수
g_g003492,2,2,2307280002,집
g_g003495,1,1,2307050001,집
g_g003495,1,2,2307050002,성심당 케이크 부티크 롯데백화점 대전점
g_g003495,1,3,2307050003,CGV 대전
g_g003495,1,4,2307050010,카이스트 본원 세종과
g_g003495,2,1,2307060002,써브웨이 대전 카이스트점
g_g003495,2,2,2307060003,카이스트 본원
g_g003495,2,3,2307060004,갈마봉 근린공원
g_g003495,2,4,2307060005,스타벅스 대전지족점
g_g003495,2,5,2307060006,무라텐
g_g003495,2,6,2307060001,집
g_g003497,1,1,2307300001,친구 친지 집
g_g003497,1,2,2307300002,박순자 아우내 순대
g_g003497,1,3,2307300003,천안 옛날호두과자 아우내점
g_g003497,1,4,2307300005,아름다운 정원과 수목 탐라식물원
g_g003497,1,5,2307300004,천안예술의전당
g_g003497,1,6,2307300006,성성 호수공원
g_g003497,1,7,2307300007,쌍용 스토아 안서점
g_g003497,1,8,2307300008,천안 무지개 캠핑장
g_g003497,2,1,2307310001,상명대학교 천안캠퍼스
g_g003497,2,2,2307310002,원조옥수사
g_g003497,2,3,2307310003,호선당 앤 성심당
g_g003497,2,4,2307310004,푸르지오캐슬 5단지 아파트
g_g003499,1,1,2307140001,사무실
g_g003499,1,2,2307140002,수서역
g_g003499,1,3,2307140003,대전역
g_g003499,1,4,2307140004,떡만집 은행점
g_g003499,1,5,2307140005,사무실 카페
g_g003499,1,6,2307140006,콜드 버터 베이크 숍
g_g003499,1,7,2307140007,아지자 치킨
g_g003499,1,8,2307140008,레지던스 호텔라인
g_g003499,2,1,2307150001,캘리포니아 베이커리 카페
g_g003499,2,2,2307150002,대전시립미술관 열린 수장고
g_g003499,2,3,2307150003,대전시립미술관
g_g003499,2,4,2307150004,이응노미술관
g_g003499,2,5,2307150005,진로 집
g_g003499,2,6,2307150006,성심당 본점
g_g003499,2,7,2307150007,성심당 케이크 부티크
g_g003499,2,8,2307150008,대전역
g_g003499,2,9,2307150009,집
g_g003511,1,1,2307030001,집
g_g003511,1,2,2307030002,부산 서부버스터미널
g_g003511,1,3,2307030007,전주 시외버스 공용터미널
g_g003511,1,4,2307030005,이르리
g_g003511,1,5,2307030004,한울 밥상
g_g003511,1,6,2307030006,전주한옥마을 독채 덕수궁 B
g_g003511,1,7,2307030008,라라빈관
g_g003511,1,8,2307030009,전동성당
g_g003511,1,9,2307030010,경기전
g_g003511,1,10,2307030011,마시랑게
g_g003511,1,11,2307030003,전주한옥마을 독채 덕수궁 B관
g_g003511,2,1,2307040005,전주왱이콩나물국밥전문점
g_g003511,2,2,2307040006,더 마시랑게
g_g003511,2,3,2307040001,전주 시외버스 공용터미널
g_g003511,2,4,2307040003,부산 서부버스터미널
g_g003511,2,5,2307040004,합천 일류 돼지국밥 사상점
g_g003511,2,6,2307040002,집
g_g003512,1,1,2307080001,사무실
g_g003512,1,2,2307080002,망향휴게소 부산방향
g_g003512,1,3,2307080009,숲 무인 호텔
g_g003512,2,1,2307090001,월출산
g_g003512,2,2,2307090002,다나 힐링카페
g_g003512,2,3,2307090003,기찬 메밀국수 영암농협 본점
g_g003512,2,4,2307090004,새실 오브 앰비언트
g_g003512,2,5,2307090005,천안삼거리휴게소 서울 방향
g_g003512,2,6,2307090006,자택
g_g003515,1,1,2307050001,집
g_g003515,1,2,2307050002,용인휴게소 강릉방향
g_g003515,1,3,2307050003,수안보 하나로마트
g_g003515,1,4,2307050004,월악산 유스호스텔
g_g003515,2,1,2307060001,갈마 가든
g_g003515,2,2,2307060002,레이크 앤 마운틴
g_g003515,2,3,2307060003,집
g_g003516,1,1,2307080001,집
g_g003516,1,2,2307080003,춘산 메밀꽃
g_g003516,1,3,2307080005,커피 인터뷰 동학사점
g_g003516,1,4,2307080006,파크 오브 드림
g_g003516,1,5,2307080002,집
g_g003525,1,1,2307220001,사무실
g_g003525,1,2,2307220002,북한강 주꾸미볶음
g_g003525,1,3,2307220003,신정호
g_g003525,1,4,2307220004,웜사이트
g_g003525,1,5,2307220005,은행나무 길
g_g003525,1,6,2307220007,신라스테이 천안
g_g003525,2,1,2307230001,뚜쥬루 성정점
g_g003525,2,2,2307230002,세계꽃식물원
g_g003525,2,3,2307230004,천안호두 휴게소 부산방향
g_g003525,2,4,2307230003,우리 집
g_g003526,1,1,2307010001,집
g_g003526,1,2,2307010003,성심당 본점
g_g003526,1,3,2307010004,성심당 문화원
g_g003526,1,4,2307010005,짙은 공방
g_g003526,1,5,2307010006,바로 그 집 대전중앙로 지하상가점
g_g003526,1,6,2307010011,카오스 게임장
g_g003526,1,7,2307010007,카페프레생제르베
g_g003526,1,8,2307010008,한밭수목원
g_g003526,1,9,2307010009,한빛탑 광장
g_g003526,1,10,2307010010,맥도날드 대전터미널점
g_g003526,1,11,2307010002,집
g_g003535,1,1,2307220001,집
g_g003535,1,2,2307220002,마키노차야 세종점
g_g003535,1,3,2307220003,유성온천공원 족욕체험장
g_g003535,1,4,2307220004,엑스포과학공원
g_g003535,1,5,2307220005,디 엠프레스 호텔
g_g003535,2,1,2307230001,대전시립미술관
g_g003535,2,2,2307230002,광천 식당
g_g003535,2,3,2307230003,집
g_g003541,1,1,2307010001,집
g_g003541,1,2,2307010002,수주팔봉 노지 캠핑
g_g003541,2,1,2307020001,장회나루 휴게소
g_g003541,2,2,2307020002,마늘 석갈비 막국수
g_g003541,2,3,2307020004,카페 다솜
g_g003541,2,4,2307020003,사인암
g_g003541,2,5,2307020005,K-water 충주댐 물 문화관
g_g003541,2,6,2307020006,집
g_g003544,1,1,2307080001,집
g_g003544,1,2,2307080002,토박이
g_g003544,1,3,2307080003,스타벅스 은행사거리점
g_g003544,1,4,2307080004,대전근현대사전시관
g_g003544,1,5,2307080005,중앙로 지하상가 아마 카페
g_g003544,1,6,2307080006,콜드 버터 베이크 숍
g_g003544,1,7,2307080007,한화생명 이글스파크
g_g003544,1,8,2307080008,나이 스타운
g_g003544,2,1,2307090001,보문산
g_g003544,2,2,2307090002,반찬 식당
g_g003544,2,3,2307090003,나이스타운
g_g003544,2,4,2307090004,진로 집
g_g003544,2,5,2307090005,오징어어때 본점
g_g003544,2,6,2307090006,대전역
g_g003544,2,7,2307090007,매탄동 384-6
g_g003554,1,1,2307090001,집
g_g003554,1,2,2307090006,스타벅스 계양구청점
g_g003554,1,3,2307090002,만리장성
g_g003554,1,4,2307090003,이종일 선생 기념관
g_g003554,1,5,2307090004,태안 동부시장
g_g003554,1,6,2307090007,풍경펜션
g_g003554,2,1,2307100001,양평 해장국
g_g003554,2,2,2307100002,팜카밀레 허브농원
g_g003554,2,3,2307100003,아웃백 스테이크하우스 인천작전점
g_g003554,2,4,2307100004,집
g_g003555,1,1,2307150001,집
g_g003555,1,2,2307150003,친구 집
g_g003555,1,3,2307150004,남광주 시장
g_g003555,1,4,2307150005,행복한 담벼락
g_g003555,1,5,2307150007,여행자의 zip
g_g003555,1,6,2307150006,스타벅스 광주동명점
g_g003555,1,7,2307150008,친구 집
g_g003555,1,8,2307150009,대인시장
g_g003555,1,9,2307150011,친구 집
g_g003555,2,1,2307160001,온천 보리밥집
g_g003555,2,2,2307160002,피오르
g_g003555,2,3,2307160003,친구 집
g_g003555,2,4,2307160004,국립아시아문화전당
g_g003555,2,5,2307160005,본투비 버거
g_g003555,2,6,2307160006,집
g_g003556,1,1,2307160001,집
g_g003556,1,2,2307160002,해변 떡방
g_g003556,1,3,2307160004,마이산
g_g003556,1,4,2307160003,진영휴게소 순천방향
g_g003556,1,5,2307160005,꽈배기
g_g003556,1,6,2307160006,벚꽃마을 민박
g_g003556,1,7,2307160007,기대기 카페
g_g003556,1,8,2307160008,진안 가위 박물관
g_g003556,1,9,2307160009,마이산 토담
g_g003556,1,10,2307160010,마이산 토담
g_g003556,2,1,2307170001,함양휴게소 주유소 하남방향
g_g003556,2,2,2307170002,상리 연꽃공원
g_g003556,2,3,2307170003,그레이스 정원
g_g003556,2,4,2307170004,본토 대가
g_g003556,2,5,2307170005,집
g_g003559,1,1,2307060001,친구 친지 집
g_g003559,1,2,2307060002,샘 마을 쌍용아파트
g_g003559,1,3,2307060003,여주 맛있는 휴게소 강릉방향
g_g003559,1,4,2307060004,백운농협 하나로마트
g_g003559,1,5,2307060005,포레스트 리솜
g_g003559,1,6,2307060006,부부의 세계 15화 촬영지
g_g003559,1,7,2307060007,CU 리솜포레스트점
g_g003559,1,8,2307060008,포레스트 리솜 가온 길
g_g003559,1,9,2307060009,포레스트 리솜
g_g003559,2,1,2307070001,포레스트 리솜 빌라동 47동
g_g003559,2,2,2307070002,쁘띠 샹들리에
g_g003559,2,3,2307070003,경기 광주 휴게소 경기도 광주방향
g_g003559,2,4,2307070004,한가람 두산아파트
g_g003561,1,1,2307010001,집
g_g003561,1,2,2307010003,여산휴게소 순천방향
g_g003561,1,3,2307010004,아름다운 컨벤션웨딩
g_g003561,1,4,2307010005,이화 고택
g_g003561,1,5,2307010006,경기전
g_g003561,1,6,2307010007,전동성당
g_g003561,1,7,2307010008,전주는 전주
g_g003561,1,8,2307010009,전주한옥마을
g_g003561,1,9,2307010010,이화 고택
g_g003561,1,10,2307010011,전주대사습 첨
g_g003561,1,11,2307010012,농부의 딸
g_g003561,1,12,2307010013,다우랑 1호점
g_g003561,1,13,2307010014,교동 크로켓
g_g003561,1,14,2307010015,PNB 풍년제과 한옥마을 1호점
g_g003561,1,15,2307010016,오목대
g_g003561,1,16,2307010002,이화 고택
g_g003561,2,1,2307020001,이화 고택
g_g003561,2,2,2307020002,한국도로공사 전주수목원
g_g003561,2,3,2307020003,집
g_g003563,1,1,2307010001,집
g_g003563,1,2,2307010003,일로 아귀찜
g_g003563,1,3,2307010004,퍼프 슈
g_g003563,1,4,2307010005,메타 프로방스
g_g003563,1,5,2307010006,소쇄원
g_g003563,1,6,2307010007,하솜면가 육전 메밀
g_g003563,1,7,2307010002,집
g_g003565,1,1,2307010001,집
g_g003565,1,2,2307010002,조점례남문피순대
g_g003565,1,3,2307010003,카카오 프렌즈 전주한옥마을점
g_g003565,1,4,2307010004,더 마시랑게
g_g003565,1,5,2307010005,전주동물원
g_g003565,1,6,2307010006,대운 한우 암소 회관
g_g003565,1,7,2307010007,우연하게도
g_g003565,1,8,2307010008,마가리타
g_g003565,1,9,2307010009,제이브라운 호텔
g_g003565,2,1,2307020001,삼백집 전주 본점
g_g003565,2,2,2307020002,Cafe 홍시궁 객리단길 본점
g_g003565,2,3,2307020004,전주 난장
g_g003565,2,4,2307020003,집
g_g003568,1,1,2306300001,사무실
g_g003568,1,2,2306300008,성 불산 자연휴양림
g_g003568,2,1,2307010002,괴산 산맥이 매운탕
g_g003568,2,2,2307010003,차돌바위 선착장 연하협 구름다리
g_g003568,2,3,2307010004,초정약수 원탕 초정 행궁
g_g003568,2,4,2307010005,송원 칼국수
g_g003568,2,5,2307010006,이와 카페
g_g003568,2,6,2307010001,모아 미래도 아파트
g_g003570,1,1,2307080001,집
g_g003570,1,2,2307080002,활옷 동굴
g_g003570,1,3,2307080003,오뚝이 분식
g_g003570,1,4,2307080004,식자재왕도매 마트 충주점
g_g003570,1,5,2307080005,카페 197
g_g003570,1,6,2307080007,송계계곡
g_g003570,1,7,2307080006,말마 펜션
g_g003570,2,1,2307090001,골말 감자탕
g_g003570,2,2,2307090002,집
g_g003572,1,1,2307010001,집
g_g003572,1,2,2307010003,단양강잔도
g_g003572,1,3,2307010004,냉천 막국수 단양점
g_g003572,1,4,2307010005,단양구경시장
g_g003572,1,5,2307010006,카페 산
g_g003572,1,6,2307010002,한드미 모루 펜션
g_g003572,2,1,2307020001,청풍호 관광 모노레일
g_g003572,2,2,2307020002,천등산 휴게소 평택 방향
g_g003572,2,3,2307020003,집
g_g003573,1,1,2307030001,집
g_g003573,1,2,2307030003,청주 시외버스터미널
g_g003573,1,3,2307030004,천안터미널
g_g003573,1,4,2307030005,태안 버스터미널
g_g003573,1,5,2307030006,다이소 태안터미널점
g_g003573,1,6,2307030007,신태라
g_g003573,1,7,2307030008,sk 렌터카 태안지점
g_g003573,1,8,2307030009,인생 버거
g_g003573,1,9,2307030010,파도리해수욕장
g_g003573,1,10,2307030011,해피 준
g_g003573,1,11,2307030012,화양제 이마트
g_g003573,1,12,2307030013,만리포해수욕장
g_g003573,1,13,2307030014,모항항 수산물 직판장
g_g003573,1,14,2307030015,소원농협 하나로마트
g_g003573,1,15,2307030002,미터임 풀빌라
g_g003573,2,1,2307040002,컨트리 로드 커피
g_g003573,2,2,2307040003,원북농협주유소
g_g003573,2,3,2307040004,sk 렌터카 태안지점
g_g003573,2,4,2307040005,덕수 식당
g_g003573,2,5,2307040006,태안 버스터미널
g_g003573,2,6,2307040007,천안터미널
g_g003573,2,7,2307040008,청주 시외버스터미널
g_g003573,2,8,2307040001,집
g_g003576,1,1,2307180001,집
g_g003576,1,2,2307180004,대천해수욕장
g_g003576,1,3,2307180003,쌍둥이 쌈밥
g_g003576,1,4,2307180006,대천항
g_g003576,1,5,2307180005,해브 잇
g_g003576,1,6,2307180007,대천항 수산시장
g_g003576,1,7,2307180008,즐겨찾기 펜션
g_g003576,2,1,2307190001,죽도 관광지
g_g003576,2,2,2307190002,어부 횟집
g_g003576,2,3,2307190003,집
g_g003577,1,1,2307080001,집
g_g003577,1,2,2307080002,목포역
g_g003577,1,3,2307080004,목포근대역사 문화공간
g_g003577,1,4,2307080005,목포 진지
g_g003577,1,5,2307080006,유달 갈비탕
g_g003577,1,6,2307080003,측후동 19번지
g_g003577,2,1,2307090001,목포시 청소년문화센터
g_g003577,2,2,2307090002,집
g_g003583,1,1,2307290001,집
g_g003583,1,2,2307290002,수원역
g_g003583,1,3,2307290003,롯데리아 수원역사점
g_g003583,1,4,2307290004,보령머드축제
g_g003583,1,5,2307290005,파도 소리 펜션
g_g003583,1,6,2307290006,왕건 조개 타운
g_g003583,1,7,2307290007,스타 케밥 커피
g_g003583,1,8,2307290013,파도 소리 펜션
g_g003583,2,1,2307300001,엄마의 쌈밥
g_g003583,2,2,2307300002,명보 시네마
g_g003583,2,3,2307300003,스타벅스 충남 보령 DT점
g_g003583,2,4,2307300004,대천역
g_g003583,2,5,2307300005,병점역 서밋 프라움 오피스텔
g_g003586,1,1,2307080001,집
g_g003586,1,2,2307080002,강천산
g_g003586,1,3,2307080003,다래
g_g003586,1,4,2307080004,진보 중화요리
g_g003586,1,5,2307080005,순창 농산물 판매장
g_g003586,1,6,2307080006,집
g_g003589,1,1,2307080001,집
g_g003589,1,2,2307080002,메르 밀지 미집 본점
g_g003589,1,3,2307080003,전주공예품 전시관
g_g003589,1,4,2307080004,홈플러스 스페셜 전주 완산점
g_g003589,1,5,2307080005,백일몽
g_g003589,1,6,2307080006,자매 갈비전골
g_g003589,1,7,2307080008,로그 더 스페이스
g_g003589,2,1,2307090001,에이치 샌드위치
g_g003589,2,2,2307090002,아원
g_g003589,2,3,2307090003,집
g_g003598,1,1,2307210001,집
g_g003598,1,2,2307210003,파라다이스 스파 도고
g_g003598,1,3,2307210002,파라다이스 스파 도고 카라반 캠핑장
g_g003598,2,1,2307220002,탕정 면옥
g_g003598,2,2,2307220003,죽전휴게소 서울 방향
g_g003598,2,3,2307220004,안다미로 스시
g_g003598,2,4,2307220005,아트박스 구리점
g_g003598,2,5,2307220001,집
g_g003599,1,1,2307230001,집
g_g003599,1,2,2307230002,초록 식당
g_g003599,1,3,2307230003,키친 25
g_g003599,1,4,2307230004,함평 천지 전통시장
g_g003599,1,5,2307230006,돌머리해수욕장
g_g003599,1,6,2307230007,함평 돌머리 캠핑장
g_g003599,2,1,2307240001,창평 장터국밥
g_g003599,2,2,2307240002,담양 관방제림
g_g003599,2,3,2307240003,오프 투데이
g_g003599,2,4,2307240004,집
g_g003600,1,1,2307220001,집
g_g003600,1,2,2307220002,삼대 농원
g_g003600,1,3,2307220003,여수 갯벌노을마을
g_g003600,1,4,2307220004,무랑 민박
g_g003600,1,5,2307220005,여수 미남크루즈
g_g003600,1,6,2307220009,무랑 민박
g_g003600,2,1,2307230001,여수낭만항
g_g003600,2,2,2307230002,선베드
g_g003600,2,3,2307230003,집
g_g003608,1,1,2307290001,집
g_g003608,1,2,2307290002,우동야
g_g003608,1,3,2307290003,대전시립미술관
g_g003608,1,4,2307290004,스파타워 모텔
g_g003608,1,5,2307290005,마시기 통치 유성 본점
g_g003608,1,6,2307290006,스파타워 모텔
g_g003608,2,1,2307300001,엑스포과학공원 한빛탑
g_g003608,2,2,2307300002,24시 전주 명가 콩나물국밥 관평점
g_g003608,2,3,2307300003,청풍정
g_g003608,2,4,2307300004,옥천 전통문화체험관
g_g003608,2,5,2307300005,옥천 로컬푸드 직매장
g_g003608,2,6,2307300006,집
g_g003610,1,1,2307010001,집
g_g003610,1,2,2307010002,서울역
g_g003610,1,3,2307010003,대전역
g_g003610,1,4,2307010004,오씨칼국수
g_g003610,1,5,2307010005,성심당 본점
g_g003610,1,6,2307010006,소수로 와
g_g003610,1,7,2307010007,사무실 카페
g_g003610,1,8,2307010008,미드멜리 호텔
g_g003610,1,9,2307010009,한밭수목원
g_g003610,1,10,2307010010,무야
g_g003610,1,11,2307010011,미드멜리 호텔
g_g003610,2,1,2307020001,등의 공원
g_g003610,2,2,2307020002,떡만집 본점
g_g003610,2,3,2307020003,프레시 하츠 클럽
g_g003610,2,4,2307020004,숍 BP
g_g003610,2,5,2307020005,성심당 본점
g_g003610,2,6,2307020006,대전역
g_g003610,2,7,2307020008,서울역
g_g003610,2,8,2307020007,집
g_g003613,1,1,2307080001,집
g_g003613,1,2,2307080002,서대전역
g_g003613,1,3,2307080003,중앙로역 지하상가
g_g003613,1,4,2307080004,성심당 옛 맛 솜씨
g_g003613,1,5,2307080005,레지던스 호텔라인
g_g003613,1,6,2307080006,몽상도 취
g_g003613,1,7,2307080007,갤러리아백화점 타임월드점
g_g003613,1,8,2307080008,세븐일레븐 대전 둔산을 지점
g_g003613,1,9,2307080009,레지던스 호텔라인
g_g003613,2,1,2307090001,원조태평소국밥 둔산점
g_g003613,2,2,2307090002,오시우 커피
g_g003613,2,3,2307090003,짱 오락실 대전점
g_g003613,2,4,2307090004,오씨칼국수
g_g003613,2,5,2307090005,중앙 꽃집
g_g003613,2,6,2307090006,서대전역
g_g003613,2,7,2307090007,집
g_g003615,1,1,2307050001,집
g_g003615,1,2,2307050002,서울역
g_g003615,1,3,2307050003,전주역
g_g003615,1,4,2307050004,동락원
g_g003615,1,5,2307050005,전주대사습놀이보존회
g_g003615,1,6,2307050008,PNB 풍년제과 한옥마을 1호점
g_g003615,1,7,2307050006,자매 갈비전골
g_g003615,1,8,2307050007,전주한옥마을
g_g003615,1,9,2307050009,전주시 완산구 은행로 40 설월화
g_g003615,1,10,2307050010,동락원
g_g003615,2,1,2307060001,전주 난장
g_g003615,2,2,2307060002,경기전
g_g003615,2,3,2307060003,종로회관
g_g003615,2,4,2307060004,마시랑게
g_g003615,2,5,2307060005,전동성당
g_g003615,2,6,2307060006,동락원
g_g003615,2,7,2307060007,전주역
g_g003615,2,8,2307060008,집
g_g003623,1,1,2307080001,집
g_g003623,1,2,2307080002,오송역
g_g003623,1,3,2307080003,한우마을옥산점
g_g003623,1,4,2307080004,풍차 두루치기
g_g003623,1,5,2307080005,충북 괴산군 청천면 도경로후영길 71-14
g_g003623,1,6,2307080006,산내들 펜션
g_g003623,2,1,2307090005,카페 로앤비
g_g003623,2,2,2307090001,중화요리 금용
g_g003623,2,3,2307090002,아트 빈
g_g003623,2,4,2307090003,경기도 안산시 상록구 네 고지 1길 22
g_g003623,2,5,2307090004,집
g_g003624,1,1,2307110001,집
g_g003624,1,2,2307110002,성산포 바닷가
g_g003624,1,3,2307110003,골든베이 골프리조트
g_g003624,1,4,2307110005,골든베이 골프리조트
g_g003624,2,1,2307120001,골든베이 골프리조트
g_g003624,2,2,2307120002,팔팔 낙지 본점
g_g003624,2,3,2307120003,신반 표 4차 아파트
g_g003625,1,1,2307010001,집
g_g003625,1,2,2307010002,동서울 종합터미널
g_g003625,1,3,2307010003,정안 알밤 휴게소 논산 방향
g_g003625,1,4,2307010004,유스퀘어 광주종합버스터미널
g_g003625,1,5,2307010005,산수 쌈밥
g_g003625,1,6,2307010006,여행자의 zip
g_g003625,1,7,2307010007,광주 사직공원
g_g003625,1,8,2307010008,이이남 갤러리 카페
g_g003625,1,9,2307010017,비엔날레 호텔
g_g003625,2,1,2307020002,돈가스 만드는 남자 비엔날레 본점
g_g003625,2,2,2307020003,광주비엔날레
g_g003625,2,3,2307020004,5.18기념공원
g_g003625,2,4,2307020005,카페베네 광주 오일 팔고 원점
g_g003625,2,5,2307020006,청춘 꼬마김밥 떡볶이 쌍촌점
g_g003625,2,6,2307020007,광주 FC 축구전용구장
g_g003625,2,7,2307020008,광주송정역
g_g003625,2,8,2307020001,집
g_g003629,1,1,2307010001,집
g_g003629,1,2,2307010002,서영주 휴게소 주유소 양평방향
g_g003629,1,3,2307010003,코리아 패러글라이딩
g_g003629,1,4,2307010004,단양구경시장
g_g003629,1,5,2307010009,온달 스테이 펜션
g_g003629,2,1,2307020001,콘크리트월
g_g003629,2,2,2307020002,글루글루
g_g003629,2,3,2307020003,강남 진해 장 가락점
g_g003629,2,4,2307020004,집
g_g003636,1,1,2307010001,집
g_g003636,1,2,2307010002,예산 상설시장
g_g003636,1,3,2307010003,카페둔리
g_g003636,1,4,2307010004,삽교 시장 곱창 특화거리
g_g003636,1,5,2307010005,삽교호 놀이공원
g_g003636,1,6,2307010006,삽교호 함상공원
g_g003636,1,7,2307010007,집
g_g003637,1,1,2307110001,집
g_g003637,1,2,2307110002,천은사
g_g003637,1,3,2307110003,강남 가든
g_g003637,1,4,2307110004,목월 빵집
g_g003637,1,5,2307110005,이마트 순천점
g_g003637,1,6,2307110006,집
g_g003638,1,1,2307010001,집
g_g003638,1,2,2307010002,대운 식당
g_g003638,1,3,2307010003,스타벅스 계룡대로DT점
g_g003638,1,4,2307010004,향적산 치유의 숲
g_g003638,1,5,2307010005,무상사
g_g003638,1,6,2307010006,꽃들에
g_g003638,1,7,2307010007,사계고택
g_g003638,1,8,2307010008,계룡 입암리 유적공원
g_g003638,1,9,2307010009,집
g_g003643,1,1,2307290001,친구 친지 집
g_g003643,1,2,2307290002,후하게 김밥
g_g003643,1,3,2307290003,오브
g_g003643,1,4,2307290004,신정호
g_g003643,1,5,2307290005,갤러리아백화점 센터시티점
g_g003643,1,6,2307290006,진원소우 천안 백석점
g_g003643,1,7,2307290007,MI 호텔
g_g003643,1,8,2307290008,텟펜
g_g003643,1,9,2307290011,MI 호텔
g_g003643,2,1,2307300001,신 나라 바른 김밥
g_g003643,2,2,2307300002,친구 집
g_g003645,1,1,2307220001,집
g_g003645,1,2,2307220002,유스퀘어 광주종합버스터미널
g_g003645,1,3,2307220003,군산 시외버스터미널
g_g003645,1,4,2307220004,지린성
g_g003645,1,5,2307220006,이성당 신관
g_g003645,1,6,2307220005,군산근대역사박물관
g_g003645,1,7,2307220007,경암동 철길마을
g_g003645,1,8,2307220010,산오름
g_g003645,1,9,2307220008,로디드아파트먼트커피
g_g003645,1,10,2307220009,은파관광지
g_g003645,1,11,2307220011,순돌이 곱창
g_g003645,1,12,2307220018,숙소
g_g003645,2,1,2307230001,째보 식당 본점
g_g003645,2,2,2307230002,이성당 본점
g_g003645,2,3,2307230003,쏠리 썰 티
g_g003645,2,4,2307230004,군산 시외버스터미널
g_g003645,2,5,2307230005,유스퀘어 광주종합버스터미널
g_g003645,2,6,2307230006,집
g_g003646,1,1,2307010001,집
g_g003646,1,2,2307010003,충주 활옷 동굴
g_g003646,1,3,2307010004,청주 공보원 자연 휴양림 펜션
g_g003646,1,4,2307010005,음성농협 본점
g_g003646,1,5,2307010002,공보원
g_g003646,2,1,2307020001,충청북도 자연 과학 교육원 과학전시관
g_g003646,2,2,2307020002,청주랜드 어린이체험관
g_g003646,2,3,2307020004,고모네 순대
g_g003646,2,4,2307020005,천안 옛날호두과자. 튀김 곰보빵
g_g003646,2,5,2307020003,집
g_g003648,1,1,2307060001,집
g_g003648,1,2,2307060002,영인산 수목원
g_g003648,1,3,2307060003,영인 산마루
g_g003648,1,4,2307060004,간양길카페
g_g003648,1,5,2307060005,신정호
g_g003648,1,6,2307060010,외암민속마을
g_g003648,2,1,2307070001,세계 꽃식물원
g_g003648,2,2,2307070002,라프 커피
g_g003648,2,3,2307070003,모다 아웃렛 천안아산점
g_g003648,2,4,2307070004,집
g_g003652,1,1,2307150001,집
g_g003652,1,2,2307150002,수서역 수인 분당선
g_g003652,1,3,2307150003,대전역
g_g003652,1,4,2307150004,오씨칼국수
g_g003652,1,5,2307150005,라마다호텔 대전
g_g003652,1,6,2307150006,유성온천역 대전 1호선
g_g003652,1,7,2307150007,중앙로역 대전 1호선
g_g003652,1,8,2307150008,인생네컷 대전은행점
g_g003652,1,9,2307150009,성심당 본점
g_g003652,1,10,2307150010,유성온천역 대전 1호선
g_g003652,1,11,2307150011,화원 짚불구이 대전 봉명점
g_g003652,1,12,2307150012,라마다호텔 대전
g_g003652,2,1,2307160001,유성온천공원
g_g003652,2,2,2307160002,유성온천공원 족욕체험장
g_g003652,2,3,2307160003,친구 집
g_g003652,2,4,2307160004,대전역
g_g003652,2,5,2307160005,집
g_g003655,1,1,2307060001,집
g_g003655,1,2,2307060002,동대구역
g_g003655,1,3,2307060003,대전역
g_g003655,1,4,2307060004,대전복합터미널
g_g003655,1,5,2307060005,보은 시외버스 공용정류장
g_g003655,1,6,2307060006,일상화 글램핑
g_g003655,1,7,2307060007,잎새 사랑
g_g003655,1,8,2307060008,국립속리산말티재자연휴양림
g_g003655,1,9,2307060009,보은대장간
g_g003655,1,10,2307060011,보은 식자재마트
g_g003655,1,11,2307060012,어라운드 빌리지 캠핑장
g_g003655,2,1,2307070002,보은 우당 고택
g_g003655,2,2,2307070003,복해가든
g_g003655,2,3,2307070004,둥그레 휴양마을
g_g003655,2,4,2307070005,보은 삼년산성
g_g003655,2,5,2307070006,조은가
g_g003655,2,6,2307070007,보은전통시장
g_g003655,2,7,2307070008,보은 시외버스 공용정류장
g_g003655,2,8,2307070009,대전복합터미널
g_g003655,2,9,2307070001,집
g_g003658,1,1,2307010001,집
g_g003658,1,2,2307010003,창평전통안두부
g_g003658,1,3,2307010004,갑을원 한옥카페
g_g003658,1,4,2307010006,베비에르 밀 팩토리
g_g003658,1,5,2307010005,소아르떼
g_g003658,1,6,2307010002,블록하우스
g_g003658,2,1,2307020001,벽오동
g_g003658,2,2,2307020002,카페하녹
g_g003658,2,3,2307020003,집
g_g003661,1,1,2307060001,집
g_g003661,1,2,2307060003,대구 서부정류장
g_g003661,1,3,2307060004,남원 공용버스터미널
g_g003661,1,4,2307060005,황금 코다리 남원점
g_g003661,1,5,2307060006,남원시립 김병종 미술관
g_g003661,1,6,2307060007,리버 호텔
g_g003661,1,7,2307060008,남원 랜드
g_g003661,1,8,2307060009,원각사 전망대
g_g003661,1,9,2307060010,춘향테마파크
g_g003661,1,10,2307060011,남원 보석 추어탕
g_g003661,1,11,2307060012,광한루원
g_g003661,1,12,2307060013,리버 호텔
g_g003661,2,1,2307070001,금암 가족생태공원
g_g003661,2,2,2307070002,리버 호텔
g_g003661,2,3,2307070003,남원 고전소설문학관
g_g003661,2,4,2307070004,안숙선 명창의 여정 전시관
g_g003661,2,5,2307070005,또바기
g_g003661,2,6,2307070006,남원 공용버스터미널
g_g003661,2,7,2307070007,집
g_g003664,1,1,2307220001,집
g_g003664,1,2,2307220003,오씨칼국수
g_g003664,1,3,2307220004,대전근현대사전시관
g_g003664,1,4,2307220005,오렌지 블루 그린
g_g003664,1,5,2307220006,엑스포과학공원 한빛탑
g_g003664,1,6,2307220007,한화생명 이글스 파크
g_g003664,1,7,2307220008,크다 차야 대전 둔산점
g_g003664,1,8,2307220002,레지던스 호텔 라미아
g_g003664,2,1,2307230002,원조태평소국밥
g_g003664,2,2,2307230003,대전 아쿠아리움
g_g003664,2,3,2307230004,성심당 본점
g_g003664,2,4,2307230005,슬리피 타운
g_g003664,2,5,2307230001,집
g_g003665,1,1,2307080001,집
g_g003665,1,2,2307080002,인덕원푸르지오엘센트로아파트
g_g003665,1,3,2307080003,천안호두 휴게소 부산방향
g_g003665,1,4,2307080004,이평 식당
g_g003665,1,5,2307080005,속리산 숲 체험휴양마을
g_g003665,1,6,2307080006,속리산 숲 체험휴양마을
g_g003665,2,1,2307090001,속리산 숲 체험휴양마을
g_g003665,2,2,2307090002,박순자 아우내 순대
g_g003665,2,3,2307090003,인덕원푸르지오엘센트로아파트
g_g003665,2,4,2307090004,집
g_g003681,1,1,2307020001,집
g_g003681,1,2,2307020002,유구 색동수국정원
g_g003681,1,3,2307020003,신정호 초밥
g_g003681,1,4,2307020004,외암민속마을
g_g003681,1,5,2307020005,집
g_g003687,1,1,2307080001,집
g_g003687,1,2,2307080002,홈플러스 천안 신방점
g_g003687,1,3,2307080003,명장
g_g003687,1,4,2307080004,소노문단양
g_g003687,1,5,2307080005,고수동굴
g_g003687,1,6,2307080006,단양구경시장
g_g003687,1,7,2307080007,소노문단양
g_g003687,2,1,2307090001,다누리 아쿠아리움
g_g003687,2,2,2307090002,충청도 순대
g_g003687,2,3,2307090003,천안 옛날호두과자 북천안 IC점
g_g003687,2,4,2307090004,집
g_g003688,1,1,2307120001,집
g_g003688,1,2,2307120002,서울남부터미널
g_g003688,1,3,2307120003,백제문화 단지
g_g003688,1,4,2307120004,모텔 미라보
g_g003688,1,5,2307120005,부여 관북리 유적
g_g003688,1,6,2307120006,부소산성
g_g003688,1,7,2307120007,모텔 미라보
g_g003688,1,8,2307120008,정림사지박물관 정림사지 5층 석탑
g_g003688,1,9,2307120009,궁남지
g_g003688,1,10,2307120010,모텔 미라보
g_g003688,2,1,2307130001,부소산성
g_g003688,2,2,2307130002,정림사지박물관
g_g003688,2,3,2307130003,사비 면옥
g_g003688,2,4,2307130004,국립부여박물관
g_g003688,2,5,2307130005,궁남지
g_g003688,2,6,2307130006,연꽃 향
g_g003688,2,7,2307130007,부여시외버스터미널
g_g003688,2,8,2307130008,집
g_g003700,1,1,2307100001,집
g_g003700,1,2,2307100002,모 식당
g_g003700,1,3,2307100003,채석강
g_g003700,1,4,2307100004,모항 레저타운 B동
g_g003700,1,5,2307100005,다이소 롯데슈퍼 부안격포점
g_g003700,1,6,2307100006,족발의 민족
g_g003700,1,7,2307100007,모항 레저타운 B동
g_g003700,2,1,2307110002,여산휴게소 천안 방향
g_g003700,2,2,2307110001,집
g_g003701,1,1,2307020001,집
g_g003701,1,2,2307020002,고창 고인돌휴게소 서울 방향
g_g003701,1,3,2307020003,부안누에타운
g_g003701,1,4,2307020004,일품 식당
g_g003701,1,5,2307020005,소노벨 변산 오션 플레이
g_g003701,1,6,2307020006,소노벨 변산
g_g003701,1,7,2307020007,격포해수욕장
g_g003701,1,8,2307020008,소노벨 변산
g_g003701,2,1,2307030001,채석강
g_g003701,2,2,2307030002,닭이봉
g_g003701,2,3,2307030004,곰소항 수산물 종합시장
g_g003701,2,4,2307030003,모항 경관 졸음쉼터
g_g003701,2,5,2307030005,변산반도 참한 우
g_g003701,2,6,2307030006,고창 고인돌휴게소 목포 방향
g_g003701,2,7,2307030007,집
g_g003709,1,1,2307050001,집
g_g003709,1,2,2307050003,신창동 공영주차장
g_g003709,1,3,2307050004,천안호두 휴게소 부산방향
g_g003709,1,4,2307050005,한밭수목원
g_g003709,1,5,2307050006,아메리칸 버거 클럽
g_g003709,1,6,2307050007,에이스 스킨케어
g_g003709,1,7,2307050008,성심당 케이크 부티크 롯데백화점 대전점
g_g003709,1,8,2307050009,대전 도산서원
g_g003709,1,9,2307050010,입장거봉포도 휴게소 서울 방향
g_g003709,1,10,2307050002,집
g_g003712,1,1,2307290001,집
g_g003712,1,2,2307290002,서대전역
g_g003712,1,3,2307290003,하송
g_g003712,1,4,2307290004,도림사
g_g003712,1,5,2307290005,초콜릿 모텔
g_g003712,1,6,2307290006,곡성 섬진강 기차마을
g_g003712,1,7,2307290007,동굴 커피
g_g003712,1,8,2307290008,침실 습지
g_g003712,1,9,2307290009,돌담 막창
g_g003712,1,10,2307290010,초콜릿 모텔
g_g003712,2,1,2307300001,정옥 추어탕
g_g003712,2,2,2307300002,블루 포트 남원역
g_g003712,2,3,2307300003,와플 대학 대전문화캠퍼스
g_g003712,2,4,2307300004,집
g_g003714,1,1,2307040001,집
g_g003714,1,2,2307040002,메타 45카페
g_g003714,1,3,2307040003,코스트코 세종점
g_g003714,1,4,2307040004,에이트
g_g003714,1,5,2307040005,집
g_g003717,1,1,2307220001,집
g_g003717,1,2,2307220004,수암골 전망대
g_g003717,1,3,2307220002,수암골
g_g003717,1,4,2307220003,영광이네
g_g003717,1,5,2307220005,단성무이
g_g003717,1,6,2307220006,범맥주 율량점
g_g003717,1,7,2307220007,고고씽코인노래연습장
g_g003717,1,8,2307220009,CU 청주테크노 지웰점
g_g003717,1,9,2307220008,청주테크노폴리스 지웰 푸르지오 아파트
g_g003717,2,1,2307230001,주낙 해물칼국수
g_g003717,2,2,2307230002,양림 후마니타스
g_g003717,2,3,2307230003,만월
g_g003717,2,4,2307230004,코알라 파이 청주충북도청점
g_g003717,2,5,2307230005,집
g_g003718,1,1,2307080001,집
g_g003718,1,2,2307080003,동학사
g_g003718,1,3,2307080004,계명 식당
g_g003718,1,4,2307080002,집
g_g003722,1,1,2307220001,집
g_g003722,1,2,2307220002,토스트
g_g003722,1,3,2307220003,낙조
g_g003722,1,4,2307220004,대전천
g_g003722,1,5,2307220005,원이 투
g_g003722,1,6,2307220006,온유네 닭매운탕
g_g003722,1,7,2307220007,성심당 대전역점
g_g003722,1,8,2307220008,집
g_g003728,1,1,2307090001,집
g_g003728,1,2,2307090002,APM 떡볶이
g_g003728,1,3,2307090003,쫄쫄 호떡
g_g003728,1,4,2307090004,영암호
g_g003728,1,5,2307090005,스테이 인터뷰 라투어
g_g003728,1,6,2307090006,멕시칸 양념치킨 우암점
g_g003728,1,7,2307090007,집
g_g003729,1,1,2307220001,집
g_g003729,1,2,2307220002,아산역
g_g003729,1,3,2307220003,목포역
g_g003729,1,4,2307220004,스토리 오브 르망
g_g003729,1,5,2307220005,동본원사 목포 별관
g_g003729,1,6,2307220006,유달산
g_g003729,1,7,2307220007,목포근대역사관 1관
g_g003729,1,8,2307220008,목포근대역사관 2관
g_g003729,1,9,2307220009,김대중노벨평화상 기념관
g_g003729,1,10,2307220010,우승 곰탕
g_g003729,1,11,2307220011,목포 갓바위
g_g003729,1,12,2307220012,목포자연사박물관
g_g003729,1,13,2307220013,목포시민문화 체육센터 대공연장
g_g003729,1,14,2307220014,목포역
g_g003729,1,15,2307220015,아산역
g_g003729,1,16,2307220016,집
g_g003733,1,1,2307070001,집
g_g003733,1,2,2307070002,한국지질자원연구원 지질박물관
g_g003733,1,3,2307070004,국립생태원
g_g003733,2,1,2307080001,국립생태원 에코리움
g_g003733,2,2,2307080002,대천해수욕장
g_g003733,2,3,2307080003,집
g_g003736,1,1,2307070001,집
g_g003736,1,2,2307070002,국립세종수목원
g_g003736,1,3,2307070003,스페이스
g_g003736,1,4,2307070004,이도 커피 3호점
g_g003736,1,5,2307070005,집
g_g003738,1,1,2307080001,집
g_g003738,1,2,2307080002,신탄진휴게소 서울 방향
g_g003738,1,3,2307080003,계명산 나무 숲길 캠핑장
g_g003738,1,4,2307080004,통나무 묵집
g_g003738,1,5,2307080005,재즈와 산조
g_g003738,1,6,2307080006,이마트 충주점
g_g003738,1,7,2307080007,계명산 나무 숲길 캠핑장
g_g003738,2,1,2307090001,게으른 악어
g_g003738,2,2,2307090002,활옷 동굴
g_g003738,2,3,2307090003,중앙탑 막국수
g_g003738,2,4,2307090004,탑뷰 카페
g_g003738,2,5,2307090005,집
g_g003746,1,1,2308050001,친구 친지 집
g_g003746,1,2,2308050002,카페 713
g_g003746,1,3,2308050003,대전 신세계 아트앤사이언스
g_g003746,1,4,2308050004,충남대학교 대덕캠퍼스
g_g003746,1,5,2308050005,새 뜸마을 8단지 아파트
g_g003756,1,1,2307270001,집
g_g003756,1,2,2307270002,좌구산 자연휴양림
g_g003756,1,3,2307270003,율리마을 식당
g_g003756,1,4,2307270004,별천지공원
g_g003756,1,5,2307270005,좌구산 천문대
g_g003756,1,6,2307270006,삼기저수지
g_g003756,1,7,2307270007,숭어골
g_g003756,1,8,2307270008,초정 행궁
g_g003756,1,9,2307270009,모텔 알지
g_g003756,1,10,2307270010,모텔 알지
g_g003756,2,1,2307280001,증평민속체험 박물관
g_g003756,2,2,2307280002,독서왕 김득신 문학관
g_g003756,2,3,2307280003,소문난 모둠 조개 칼국수
g_g003756,2,4,2307280004,집
g_g003758,1,1,2307150001,집
g_g003758,1,2,2307150002,신정호 관광단지
g_g003758,1,3,2307150003,온양온천시장
g_g003758,1,4,2307150004,집
g_g003770,1,1,2307160001,집
g_g003770,1,2,2307160003,이방 집 민박
g_g003770,1,3,2307160004,낙안읍성 내 식당
g_g003770,1,4,2307160005,낙안읍성 민속마을
g_g003770,1,5,2307160006,카페 매실로
g_g003770,1,6,2307160007,이방 집 민박
g_g003770,1,7,2307160008,꺼먼 돼지랑 오리랑
g_g003770,1,8,2307160002,이방 집 민박
g_g003770,2,1,2307170001,낙안읍성 내 식당
g_g003770,2,2,2307170002,송광사
g_g003770,2,3,2307170003,정가 네 원조 꼬막 회관 본관
g_g003770,2,4,2307170004,사천휴게소 부산방향
g_g003770,2,5,2307170005,집
g_g003771,1,1,2307080001,집
g_g003771,1,2,2307080002,군산 후즈넥스트
g_g003771,1,3,2307080003,마리서사
g_g003771,1,4,2307080004,말랭이 마을
g_g003771,1,5,2307080005,신민회
g_g003771,1,6,2307080006,순돌이 곱창
g_g003771,1,7,2307080007,군산 후즈넥스트
g_g003771,2,1,2307090001,한인옥
g_g003771,2,2,2307090002,군산 바다
g_g003771,2,3,2307090003,군산근대역사박물관
g_g003771,2,4,2307090004,군산근대미술관
g_g003771,2,5,2307090005,군산근대 건축관
g_g003771,2,6,2307090006,진포해양테마공원
g_g003771,2,7,2307090007,군산과자조합
g_g003771,2,8,2307090008,초원 사진관
g_g003771,2,9,2307090009,모어 앤 모어
g_g003771,2,10,2307090010,신흥동 일본식 가옥
g_g003771,2,11,2307090011,이성당 신관
g_g003771,2,12,2307090012,집
g_g003774,1,1,2307080001,집
g_g003774,1,2,2307080003,토요코인 호텔 정부청사앞점
g_g003774,1,3,2307080004,한화생명 이글스 파크
g_g003774,1,4,2307080005,토요코인 호텔 정부청사앞점
g_g003774,2,1,2307090001,보문산공원
g_g003774,2,2,2307090002,성심당 본점
g_g003774,2,3,2307090003,시민 칼국수
g_g003774,2,4,2307090004,화성휴게소 서울 방향
g_g003774,2,5,2307090005,집
g_g003779,1,1,2307220001,사무실
g_g003779,1,2,2307220003,정읍 녹두장군휴게소 주유소 천안 방향
g_g003779,1,3,2307220004,한국도로공사 전주수목원
g_g003779,1,4,2307220006,전주한옥마을
g_g003779,1,5,2307220005,경기전
g_g003779,1,6,2307220007,마시랑게
g_g003779,1,7,2307220008,전주 남부시장 한옥마을 야시장
g_g003779,1,8,2307220009,조점례남문피순대
g_g003779,1,9,2307220002,브라이튼 호텔
g_g003779,2,1,2307230002,전주 덕진공원
g_g003779,2,2,2307230001,이연 국수
g_g003779,2,3,2307230003,전주 역사박물관
g_g003779,2,4,2307230004,수완 한 양수자인 아파트
g_g003781,1,1,2307290001,집
g_g003781,1,2,2307290002,화성휴게소 목포 방향
g_g003781,1,3,2307290003,유성자이 아파트 상가 포메인 유성점
g_g003781,1,4,2307290004,국립대전 숲체원
g_g003781,1,5,2307290005,NC대전 유성점
g_g003781,1,6,2307290006,국립대전 숲체원
g_g003781,2,1,2307300001,샤브 쌈 주머니 대전 유성점
g_g003781,2,2,2307300002,국립 중앙과학관 어린이 과학관
g_g003781,2,3,2307300003,배스킨라빈스 대전 유성점
g_g003781,2,4,2307300004,죽전휴게소 서울 방향
g_g003781,2,5,2307300005,집
g_g003784,1,1,2307050001,집
g_g003784,1,2,2307050002,멘 다케이 본점
g_g003784,1,3,2307050003,경기전
g_g003784,1,4,2307050004,쪼오꼬 인후점
g_g003784,1,5,2307050005,숙소
g_g003784,1,6,2307050006,전주 덕진공원
g_g003784,1,7,2307050011,숙소
g_g003784,2,1,2307060001,금암면옥 본점
g_g003784,2,2,2307060002,왓커피 금암점
g_g003784,2,3,2307060003,전주 고속버스터미널
g_g003784,2,4,2307060004,집
g_g003805,1,1,2307080001,집
g_g003805,1,2,2307080002,백소장 아산테크노밸리점
g_g003805,1,3,2307080003,타타르 베이글
g_g003805,1,4,2307080004,엔마트 둔포점
g_g003805,1,5,2307080005,천안시 농수산물도매시장
g_g003805,1,6,2307080006,집
g_g003807,1,1,2307080001,집
g_g003807,1,2,2307080003,국립아시아문화전당 문화 창조원
g_g003807,1,3,2307080004,구미구미
g_g003807,1,4,2307080005,"광주 동명동 거리, 하늘마당"
g_g003807,1,5,2307080006,황룡강 주변 산책
g_g003807,1,6,2307080007,오피 먼트
g_g003807,1,7,2307080008,홈플러스 순천점
g_g003807,1,8,2307080002,집
g_g003810,1,1,2307290001,집
g_g003810,1,2,2307290002,뚝방국수
g_g003810,1,3,2307290003,담양 관방제림
g_g003810,1,4,2307290004,수비니어
g_g003810,1,5,2307290005,봉선 포스코 더 숍 아파트
g_g003811,1,1,2307080001,집
g_g003811,1,2,2307080002,원더 팜
g_g003811,1,3,2307080003,탑 모텔
g_g003811,1,4,2307080004,전주옥 공주점
g_g003811,1,5,2307080005,탑 모텔
g_g003811,2,1,2307090001,금강신관공원
g_g003811,2,2,2307090002,삼대째 손두부
g_g003811,2,3,2307090003,공산성
g_g003811,2,4,2307090004,집
g_g003821,1,1,2307140001,집
g_g003821,1,2,2307140002,감꽃 마을 토종 순대
g_g003821,1,3,2307140003,온양온천랜드
g_g003821,1,4,2307140004,슈어 스테이 플러스 호텔
g_g003821,2,1,2307150001,태양 김밥
g_g003821,2,2,2307150002,카페 송곡리
g_g003821,2,3,2307150003,의왕휴게소 서울 방향
g_g003821,2,4,2307150004,집
g_g003824,1,1,2307120001,집
g_g003824,1,2,2307120002,전주 덕진공원
g_g003824,1,3,2307120003,금암면옥 객사점
g_g003824,1,4,2307120004,객사길
g_g003824,1,5,2307120005,더 마시랑게
g_g003824,1,6,2307120006,동문 헌책 도서관
g_g003824,1,7,2307120007,객사 골방
g_g003824,1,8,2307120008,소소한 한옥펜션
g_g003824,2,1,2307130002,전주한옥마을
g_g003824,2,2,2307130003,심뱅이
g_g003824,2,3,2307130004,교동 다원
g_g003824,2,4,2307130005,전주 남부시장 한옥마을 야시장
g_g003824,2,5,2307130001,집
g_g003839,1,1,2307140001,집
g_g003839,1,2,2307140002,국립 중앙과학관
g_g003839,1,3,2307140004,엑스포과학공원 한빛탑
g_g003839,1,4,2307140003,성심당 본점
g_g003839,1,5,2307140005,대전역
g_g003839,1,6,2307140006,집
g_g003845,1,1,2307110001,집
g_g003845,1,2,2307110003,남원시립 김병종 미술관
g_g003845,1,3,2307110004,그랑 깨
g_g003845,1,4,2307110005,더 스위트호텔 남원
g_g003845,1,5,2307110006,광한루원
g_g003845,1,6,2307110007,더 스위트호텔 남원
g_g003845,1,7,2307110008,안주가 남원점
g_g003845,1,8,2307110010,더 스위트호텔 남원
g_g003845,2,1,2307120002,해용 집
g_g003845,2,2,2307120003,뜰아래 한옥카페
g_g003845,2,3,2307120001,집
g_g003846,1,1,2307080001,집
g_g003846,1,2,2307080003,대전시립미술관
g_g003846,1,3,2307080004,한밭수목원
g_g003846,1,4,2307080005,으능정이 스카이로드
g_g003846,1,5,2307080002,만월 호텔 유성점
g_g003846,2,1,2307090001,괴정동 공주 칼국수
g_g003846,2,2,2307090002,성심당 케이크 부티크 롯데백화점 대전점
g_g003846,2,3,2307090003,집
g_g003847,1,1,2307210001,집
g_g003847,1,2,2307210002,오동도
g_g003847,1,3,2307210004,원앙 식당
g_g003847,1,4,2307210003,라마다플라자 바이 윈덤 여수 짚트랙
g_g003847,1,5,2307210006,여수수산물 특화시장
g_g003847,1,6,2307210005,여수 비치리조트
g_g003847,1,7,2307210007,여수 낭만포차 거리
g_g003847,1,8,2307210008,여수 비치리조트
g_g003847,2,1,2307220001,돌산 무슬목 해수욕장
g_g003847,2,2,2307220002,황전 휴게소 주유소 전주 방향
g_g003847,2,3,2307220003,정안 알밤 휴게소 천안 방향
g_g003847,2,4,2307220004,집
g_g003852,1,1,2308050001,집
g_g003852,1,2,2308050002,노블레스
g_g003852,1,3,2308050003,보령머드축제
g_g003852,1,4,2308050004,노블레스
g_g003852,2,1,2308060003,에스에스 베이커리 카페(cafe bene)
g_g003852,2,2,2308060001,보령머드축제
g_g003852,2,3,2308060002,또바기 감자탕
g_g003852,2,4,2308060004,집
g_g003860,1,1,2307310001,집
g_g003860,1,2,2307310002,단양 청춘 패러
g_g003860,1,3,2307310003,서울식당
g_g003860,1,4,2307310004,고수동굴
g_g003860,1,5,2307310005,단양구경시장
g_g003860,1,6,2307310006,다리안 관광지
g_g003860,1,7,2307310007,달동네 마늘순대 2호점
g_g003860,1,8,2307310008,집
g_g003867,1,1,2307290001,집
g_g003867,1,2,2307290002,홍성휴게소 목포 방향
g_g003867,1,3,2307290003,파이브 스타 에스프레소 버거 본점
g_g003867,1,4,2307290004,간월암
g_g003867,1,5,2307290005,카페 간월
g_g003867,1,6,2307290006,이마트 서산점
g_g003867,1,7,2307290008,서산 스테이
g_g003867,2,1,2307300001,본딩 마켓
g_g003867,2,2,2307300002,서천휴게소 목포 방향
g_g003867,2,3,2307300003,집
g_g003869,1,1,2307080001,집
g_g003869,1,2,2307080002,제천역 전한 마음 5일장
g_g003869,1,3,2307080003,청풍 호반 케이블카 비봉산 역
g_g003869,1,4,2307080004,청풍명월
g_g003869,1,5,2307080005,물태리 빵집
g_g003869,1,6,2307080006,제천옥순봉 출렁다리
g_g003869,1,7,2307080007,의림지 역사박물관
g_g003869,1,8,2307080008,의림지
g_g003869,1,9,2307080009,관계의 미학
g_g003869,1,10,2307080011,케이스 부티크 호텔 제천점
g_g003869,2,1,2307090001,부정당
g_g003869,2,2,2307090002,제천역
g_g003869,2,3,2307090003,집
g_g003871,1,1,2307290001,친구 친지 집
g_g003871,1,2,2307290002,버거네버거
g_g003871,1,3,2307290003,대천해수욕장
g_g003871,1,4,2307290004,보령종합 경기장
g_g003871,1,5,2307290005,대천가자조개구이
g_g003871,1,6,2307290006,블루 비치펜션
g_g003871,2,1,2307300001,민속촌 칼국수
g_g003871,2,2,2307300002,두발 카페
g_g003871,2,3,2307300003,보령머드축제
g_g003871,2,4,2307300004,친구 집
g_g003874,1,1,2307050001,집
g_g003874,1,2,2307050003,부소산성
g_g003874,1,3,2307050005,부여 왕릉원
g_g003874,1,4,2307050004,장원 막국수
g_g003874,1,5,2307050006,정림사지박물관 정림사지 5층 석탑
g_g003874,1,6,2307050007,궁남지
g_g003874,1,7,2307050008,궁남지한방소머리국밥
g_g003874,1,8,2307050002,서울시 서초구 서초동 사임당로 17길 52-1
g_g003875,1,1,2307090001,집
g_g003875,1,2,2307090002,구인사
g_g003875,1,3,2307090003,서울식당
g_g003875,1,4,2307090004,다누리 아쿠아리움
g_g003875,1,5,2307090005,단양강잔도
g_g003875,1,6,2307090006,집
g_g003899,1,1,2307220001,집
g_g003899,1,2,2307220002,소제동 카페거리
g_g003899,1,3,2307220006,비범
g_g003899,1,4,2307220007,성심당 문화원
g_g003899,1,5,2307220008,젬스톤 대전점
g_g003899,1,6,2307220009,둔산대공원
g_g003899,1,7,2307220010,대전시립미술관
g_g003899,1,8,2307220011,대전시립미술관 열린 수장고
g_g003899,1,9,2307220005,집
g_g003902,1,1,2307200001,집
g_g003902,1,2,2307200003,김해여객터미널
g_g003902,1,3,2307200004,대전 고속버스터미널
g_g003902,1,4,2307200005,매쉬잇
g_g003902,1,5,2307200006,애니 사카이
g_g003902,1,6,2307200007,테라스 키친
g_g003902,1,7,2307200008,원더플레이스 대전엔비점
g_g003902,1,8,2307200011,자우리호텔 유성점
g_g003902,1,9,2307200010,오야
g_g003902,1,10,2307200009,성심당 케이크 부티크
g_g003902,1,11,2307200002,자 우리 호텔 유성점
g_g003902,2,1,2307210002,온천손칼국수 주꾸미
g_g003902,2,2,2307210003,제이 굿즈 대전점
g_g003902,2,3,2307210004,성심당 본점
g_g003902,2,4,2307210005,땡큐 베리머치
g_g003902,2,5,2307210006,한화생명 이글스 파크
g_g003902,2,6,2307210007,대전역
g_g003902,2,7,2307210001,집
g_g003906,1,1,2307300001,집
g_g003906,1,2,2307300002,담양 앞집
g_g003906,1,3,2307300003,명가해
g_g003906,1,4,2307300004,죽녹원
g_g003906,1,5,2307300005,광주 양동 전통시장
g_g003906,1,6,2307300006,수내 닭꼬치 신안점
g_g003906,1,7,2307300014,K 부티크 호텔
g_g003906,2,1,2307310001,대인시장
g_g003906,2,2,2307310002,금남로 지하상가
g_g003906,2,3,2307310003,금동봉자순대국밥
g_g003906,2,4,2307310004,스타벅스 충장 일가점
g_g003906,2,5,2307310005,군산휴게소 서울 방향
g_g003906,2,6,2307310006,풍산마을회관
g_g003917,1,1,2307080001,집
g_g003917,1,2,2307080002,영등포역
g_g003917,1,3,2307080003,서대전역
g_g003917,1,4,2307080004,원조태평소국밥 본점
g_g003917,1,5,2307080005,한밭수목원
g_g003917,1,6,2307080006,성심당 케이크 부티크
g_g003917,1,7,2307080007,성심당 본점
g_g003917,1,8,2307080008,성심당 문화원
g_g003917,1,9,2307080009,김화 칼국수
g_g003917,1,10,2307080010,대전역
g_g003917,1,11,2307080011,영등포역
g_g003917,1,12,2307080012,집
g_g003921,1,1,2307120001,집
g_g003921,1,2,2307120002,옥산휴게소 부산방향
g_g003921,1,3,2307120003,김태홍 스포츠 아카데미
g_g003921,1,4,2307120004,베이징
g_g003921,1,5,2307120005,덕유산국립공원 구천동 주차장
g_g003921,1,6,2307120006,구천동 농협 하나로마트 리조트점
g_g003921,1,7,2307120007,무주 향로산 자연휴양림
g_g003921,1,8,2307120008,명륜진사갈비 전북 무주점
g_g003921,1,9,2307120009,무주 한풍루
g_g003921,1,10,2307120010,나제통문
g_g003921,1,11,2307120011,무주 향로산 자연휴양림
g_g003921,2,1,2307130001,착한 감자탕 해장국 무주점
g_g003921,2,2,2307130002,전북 제사 197
g_g003921,2,3,2307130003,집
g_g003929,1,1,2308010001,집
g_g003929,1,2,2308010002,친지 집
g_g003929,1,3,2308010003,어민 촌닭
g_g003929,1,4,2308010004,목포자연사박물관
g_g003929,1,5,2308010005,다이소 무안남악점
g_g003929,1,6,2308010006,친지 집
g_g003929,2,1,2308020001,무안회산백련지
g_g003929,2,2,2308020002,친지 집
g_g003929,2,3,2308020003,집
g_g003935,1,1,2307130001,집
g_g003935,1,2,2307130002,마이산 졸음쉼터
g_g003935,1,3,2307130003,미가옥 중화산점
g_g003935,1,4,2307130004,선학동 예술마을
g_g003935,1,5,2307130005,적요 숨 쉬다
g_g003935,1,6,2307130006,고수닭갈비 영화의 거리점
g_g003935,1,7,2307130007,집
g_g003940,1,1,2307070001,집
g_g003940,1,2,2307070002,오송역
g_g003940,1,3,2307070006,정부세종청사 남측
g_g003940,1,4,2307070003,탑텐 세종 파이낸스점
g_g003940,1,5,2307070004,유니클로 세종 파이낸스센터점
g_g003940,1,6,2307070005,이디야커피 세종시 갈매점
g_g003940,1,7,2307070007,왕과탕후루 세종도 담점
g_g003940,1,8,2307070008,집
g_g003944,1,1,2307150001,집
g_g003944,1,2,2307150002,국립 중앙과학관
g_g003944,1,3,2307150003,대전 신세계
g_g003944,1,4,2307150004,국립 중앙과학관
g_g003944,1,5,2307150005,롯데시티 호텔 대전
g_g003944,1,6,2307150006,김형재 고기의 철학 대전엑스포점
g_g003944,1,7,2307150008,롯데시티 호텔 대전
g_g003944,2,1,2307160001,엑스포공원
g_g003944,2,2,2307160002,한밭수목원
g_g003944,2,3,2307160003,국립 중앙과학관
g_g003944,2,4,2307160004,대전 신세계
g_g003944,2,5,2307160005,집
g_g003948,1,1,2307220001,집
g_g003948,1,2,2307220003,한국도로공사 전주수목원
g_g003948,1,3,2307220004,해이루 전북대 본점
g_g003948,1,4,2307220005,전주영화의 거리
g_g003948,1,5,2307220006,전주한옥마을
g_g003948,1,6,2307220008,전주공예품 전시관
g_g003948,1,7,2307220007,전주 남부시장 한옥마을 야시장
g_g003948,1,8,2307220009,지복점
g_g003948,1,9,2307220002,집
g_g003949,1,1,2307090001,사무실
g_g003949,1,2,2307090003,반월 소바
g_g003949,1,3,2307090004,돌고개 솟대마을
g_g003949,1,4,2307090005,선샤인 스튜디오
g_g003949,1,5,2307090006,써브웨이 논산점
g_g003949,1,6,2307090007,아중 마을 부영 6차 아파트
g_g003950,1,1,2307080001,집
g_g003950,1,2,2307080003,문화휴식공원
g_g003950,1,3,2307080004,오늘밀리친
g_g003950,1,4,2307080005,친정집
g_g003950,1,5,2307080006,홈플러스 동청주점
g_g003950,1,6,2307080007,공룡알 도넛
g_g003950,1,7,2307080008,W'TREE
g_g003950,1,8,2307080002,친정집
g_g003950,2,1,2307090002,충북 수산 민물장어 유통
g_g003950,2,2,2307090003,친정집
g_g003950,2,3,2307090004,스타벅스 청주 율량 DT
g_g003950,2,4,2307090001,집
g_g003956,1,1,2308120001,집
g_g003956,1,2,2308120002,온천손칼국수 주꾸미
g_g003956,1,3,2308120003,티놀자애니멀파크
g_g003956,1,4,2308120004,대전시 축제
g_g003956,1,5,2308120005,사쿠사쿠
g_g003956,1,6,2308120006,엑스포과학공원 한빛탑
g_g003956,1,7,2308120007,국립대전 숲체원
g_g003956,2,1,2308130001,대손관 본점
g_g003956,2,2,2308130002,국립 중앙과학관 과학기술관
g_g003956,2,3,2308130003,성심당 DCC점
g_g003956,2,4,2308130004,시흥하늘휴게소 일산방향
g_g003956,2,5,2308130005,집
g_g003957,1,1,2307080001,집
g_g003957,1,2,2307080002,영등포역 1호선
g_g003957,1,3,2307080003,대전역
g_g003957,1,4,2307080004,때화장
g_g003957,1,5,2307080007,로즈메리 모텔
g_g003957,1,6,2307080005,파인 트리
g_g003957,1,7,2307080006,우암사적공원
g_g003957,1,8,2307080008,한화생명 이글스 파크
g_g003957,1,9,2307080009,농민 순대
g_g003957,1,10,2307080010,로즈메리 모텔
g_g003957,2,1,2307090001,농민 순대
g_g003957,2,2,2307090002,농민 다방
g_g003957,2,3,2307090003,로즈메리 모텔
g_g003957,2,4,2307090004,성심당 옛 맛 솜씨
g_g003957,2,5,2307090005,성심당 본점
g_g003957,2,6,2307090006,대전역
g_g003957,2,7,2307090007,광명역
g_g003957,2,8,2307090008,집
g_g003959,1,1,2307160001,집
g_g003959,1,2,2307160002,수원역
g_g003959,1,3,2307160003,천안역
g_g003959,1,4,2307160005,배스킨라빈스 천안역점
g_g003959,1,5,2307160004,알기 천안역점
g_g003959,1,6,2307160006,천안역
g_g003959,1,7,2307160007,오산역 1호선
g_g003959,1,8,2307160008,수원역
g_g003959,1,9,2307160009,웨인스베이글스
g_g003959,1,10,2307160010,집
g_g003960,1,1,2307080001,집
g_g003960,1,2,2307080002,맥도날드 부산 온천 SK DT점
g_g003960,1,3,2307080006,1913 송정역시장
g_g003960,1,4,2307080003,산청휴게소 대전방향
g_g003960,1,5,2307080005,담양 금성산성 오토캠핑장
g_g003960,1,6,2307080004,제크와 돈가스
g_g003960,1,7,2307080007,광주 사직공원
g_g003960,1,8,2307080008,호텔야자 광주 첨단점
g_g003960,2,1,2307090001,찡찡 꼬마김밥
g_g003960,2,2,2307090002,국립광주과학관
g_g003960,2,3,2307090005,순천휴게소 순천방향
g_g003960,2,4,2307090003,소쇄원
g_g003960,2,5,2307090004,와플대학 광주 충효 캠퍼스
g_g003960,2,6,2307090006,사천휴게소 부산방향
g_g003960,2,7,2307090007,집
g_g003961,1,1,2307090001,집
g_g003961,1,2,2307090002,군산역
g_g003961,1,3,2307090003,초원 사진관
g_g003961,1,4,2307090004,한인옥
g_g003961,1,5,2307090005,모어 앤 모어
g_g003961,1,6,2307090006,신흥동 일본식 가옥
g_g003961,1,7,2307090007,틈
g_g003961,1,8,2307090008,옛 군산세관
g_g003961,1,9,2307090009,이성당 본점
g_g003961,1,10,2307090010,호텔 1945
g_g003961,2,1,2307100001,지린성
g_g003961,2,2,2307100002,경암동 철길마을
g_g003961,2,3,2307100003,대중 양품
g_g003961,2,4,2307100005,군산역
g_g003961,2,5,2307100004,집
g_g003962,1,1,2308050001,사무실
g_g003962,1,2,2308050002,광한루원
g_g003962,1,3,2308050003,남원농협 하나로마트
g_g003962,1,4,2308050004,남원시 이백면 초촌리 초동 마을
g_g003962,1,5,2308050005,남엔 한 증원 스테이 펜션
g_g003962,2,1,2308060001,친척 집
g_g003962,2,2,2308060002,뱀사골계곡
g_g003962,2,3,2308060003,성삼재
g_g003962,2,4,2308060004,중화요리 본가
g_g003962,2,5,2308060005,초동 마을
g_g003962,2,6,2308060006,남원한증원 스테이펜션
g_g003962,2,7,2308060008,남원 공용버스터미널
g_g003962,2,8,2308060007,남원시
g_g003962,2,9,2308060009,광주광역시 북구
g_g003965,1,1,2307150001,집
g_g003965,1,2,2307150002,용산역
g_g003965,1,3,2307150003,광주송정역
g_g003965,1,4,2307150004,원조 수라상 꼬막정식
g_g003965,1,5,2307150005,벌교 금융조합
g_g003965,1,6,2307150006,모리씨 빵 가게
g_g003965,1,7,2307150007,캔들 스토리 벌교점
g_g003965,1,8,2307150008,보성 녹차밭
g_g003965,1,9,2307150009,보성다원 직영 판매점
g_g003965,1,10,2307150010,플라밍고 펜션
g_g003965,1,11,2307150011,스파 리조트 안단테
g_g003965,1,12,2307150012,맷돌
g_g003965,1,13,2307150013,포럼
g_g003965,1,14,2307150014,스파 리조트 안단테
g_g003965,2,1,2307160001,밀밭 향기
g_g003965,2,2,2307160002,평화 다원
g_g003965,2,3,2307160003,평화제
g_g003965,2,4,2307160004,씨리알르 송정
g_g003965,2,5,2307160005,광주송정역
g_g003965,2,6,2307160006,용산역
g_g003965,2,7,2307160007,집
g_g003974,1,1,2307290001,친구 친지 집
g_g003974,1,2,2307290002,치악휴게소 주유소 부산방향
g_g003974,1,3,2307290003,의림지
g_g003974,1,4,2307290004,연당 동치미국수
g_g003974,1,5,2307290005,이달엔 영월
g_g003974,1,6,2307290006,남천계곡
g_g003974,1,7,2307290007,단양 소백농협 하나로마트
g_g003974,1,8,2307290008,소백산 자연휴양림
g_g003974,2,1,2307300001,만천하 스카이워크
g_g003974,2,2,2307300002,가연
g_g003974,2,3,2307300003,카페 들
g_g003974,2,4,2307300004,집
g_g003980,1,1,2307160001,집
g_g003980,1,2,2307160002,자하연
g_g003980,1,3,2307160003,베테랑
g_g003980,1,4,2307160004,마시랑게
g_g003980,1,5,2307160005,전동성당
g_g003980,1,6,2307160006,카카오 프렌즈 전주한옥마을점
g_g003980,1,7,2307160007,자하연
g_g003980,1,8,2307160008,고궁 수라간 한옥마을점
g_g003980,1,9,2307160009,전주한옥마을
g_g003980,1,10,2307160011,자하연
g_g003980,2,1,2307170001,전주향교
g_g003980,2,2,2307170002,전주 현대옥 전주한옥마을점
g_g003980,2,3,2307170003,전주 덕진공원
g_g003980,2,4,2307170004,집
g_g003984,1,1,2307300001,집
g_g003984,1,2,2307300002,수원 버스터미널
g_g003984,1,3,2307300003,율량 정류장
g_g003984,1,4,2307300004,소소리 스튜디오
g_g003984,1,5,2307300005,르뽀미에 청주 율량점
g_g003984,1,6,2307300006,청주 소로리
g_g003984,1,7,2307300007,캡처
g_g003984,1,8,2307300008,비올라
g_g003984,1,9,2307300009,유니랜드 청주 성안점
g_g003984,1,10,2307300010,베이커리 446
g_g003984,1,11,2307300011,충청북도청
g_g003984,1,12,2307300012,롯데리아 청주터미널점
g_g003984,1,13,2307300013,청주 시외버스터미널
g_g003984,1,14,2307300014,집
g_g003986,1,1,2307190001,집
g_g003986,1,2,2307190002,용산역
g_g003986,1,3,2307190003,서대전역
g_g003986,1,4,2307190004,원조태평소국밥
g_g003986,1,5,2307190005,판암역 대전 1호선
g_g003986,1,6,2307190006,대청호 오백 리 길 4코스(호반 나이만 길)
g_g003986,1,7,2307190007,대전 신상동 인공습지
g_g003986,1,8,2307190008,현대 프리미엄 아웃렛 대전점
g_g003986,1,9,2307190009,라미
g_g003986,1,10,2307190010,이마트 둔산점
g_g003986,1,11,2307190011,오류동 181-17
g_g003986,2,1,2307200001,서대전역
g_g003986,2,2,2307200002,대전예술의전당
g_g003986,2,3,2307200003,오씨칼국수
g_g003986,2,4,2307200004,성심당 본점
g_g003986,2,5,2307200005,대전역
g_g003986,2,6,2307200006,집
g_g003990,1,1,2307080001,집
g_g003990,1,2,2307080002,센트럴시티터미널(호남)
g_g003990,1,3,2307080003,청주 여객터미널 북부정류장
g_g003990,1,4,2307080004,수암골 전망대
g_g003990,1,5,2307080005,수암골
g_g003990,1,6,2307080006,북부시장
g_g003990,1,7,2307080007,친지 집
g_g003990,1,8,2307080008,무심천
g_g003990,1,9,2307080009,친지 집
g_g003990,2,1,2307090001,갠지스 청주점
g_g003990,2,2,2307090002,국립현대미술관 청주
g_g003990,2,3,2307090004,청주 여객터미널 북부정류장
g_g003990,2,4,2307090005,센트럴시티터미널(호남)
g_g003990,2,5,2307090006,집
g_g004004,1,1,2307220001,사무실
g_g004004,1,2,2307220002,사천 시외버스터미널
g_g004004,1,3,2307220003,대전복합터미널
g_g004004,1,4,2307220004,해마의 방
g_g004004,1,5,2307220005,대청호
g_g004004,1,6,2307220006,롤라
g_g004004,1,7,2307220007,자우리 호텔 은행점
g_g004004,1,8,2307220008,명륜진사갈비 대전 오류점
g_g004004,1,9,2307220009,엑스포과학공원 한빛탑
g_g004004,1,10,2307220010,청년다방 태평점
g_g004004,1,11,2307220011,자우리 호텔 은행점
g_g004004,2,1,2307230001,성심당 본점
g_g004004,2,2,2307230002,테라스 키친
g_g004004,2,3,2307230003,대전복합터미널
g_g004004,2,4,2307230004,사천 시외버스터미널
g_g004004,2,5,2307230005,사무실
g_g004025,1,1,2307080001,집
g_g004025,1,2,2307080002,충주 탄금공원. 나무숲 놀이터. 무예 놀이터
g_g004025,1,3,2307080003,탄금대
g_g004025,1,4,2307080005,충주 탄금공원(구 세계무술공원)
g_g004025,1,5,2307080004,충주 그랜드관광호텔
g_g004025,2,1,2307090002,중앙탑공원 중원 탑평리 7층 석탑
g_g004025,2,2,2307090003,영농조합법인 금봉 산농원
g_g004025,2,3,2307090004,유네스코 국제무예센터
g_g004025,2,4,2307090005,베이커리와정
g_g004025,2,5,2307090007,충주휴게소 주유소 양평방향
g_g004025,2,6,2307090001,집
g_g004027,1,1,2307300001,집
g_g004027,1,2,2307300002,국립 중앙과학관
g_g004027,1,3,2307300003,대전 신세계 아트앤사이언스
g_g004027,1,4,2307300004,성심당 DCC점
g_g004027,1,5,2307300005,와그와그 도룡점
g_g004027,1,6,2307300006,엑스포과학공원
g_g004027,1,7,2307300007,오씨칼국수 도룡점
g_g004027,1,8,2307300008,집
g_g004031,1,1,2307080001,집
g_g004031,1,2,2307080003,산수 쌈밥
g_g004031,1,3,2307080004,아우 스밀
g_g004031,1,4,2307080005,국립아시아문화전당 하늘마당
g_g004031,1,5,2307080006,광주 충장로 우체국
g_g004031,1,6,2307080007,무등산 국립공원
g_g004031,1,7,2307080008,다담식자재마트 화정점
g_g004031,1,8,2307080002,대주아파트
g_g004031,2,1,2307090002,무등산 양촌리
g_g004031,2,2,2307090003,광주 양동 전통시장
g_g004031,2,3,2307090004,광주공원
g_g004031,2,4,2307090005,대주아파트
g_g004031,2,5,2307090001,집
g_g004036,1,1,2307140001,집
g_g004036,1,2,2307140002,유스퀘어 광주종합버스터미널
g_g004036,1,3,2307140003,부영 1차 아파트
g_g004036,1,4,2307140004,뚜레쥬르 목포 남악 도청점
g_g004036,1,5,2307140005,부영 1차 아파트
g_g004036,1,6,2307140006,오돈 3호 광장점
g_g004036,1,7,2307140007,부영 1차 아파트
g_g004036,2,1,2307150001,한솔문고
g_g004036,2,2,2307150002,아름다운 가게 목포 하당점
g_g004036,2,3,2307150004,평화광장
g_g004036,2,4,2307150003,카페 마일로 목포 평화광장점
g_g004036,2,5,2307150005,유달 콩물 평화광장점
g_g004036,2,6,2307150006,부영 1차 아파트
g_g004036,2,7,2307150007,목포종합버스터미널
g_g004036,2,8,2307150008,유스퀘어 광주종합버스터미널
g_g004036,2,9,2307150009,집
g_g004047,1,1,2307280001,집
g_g004047,1,2,2307280002,순천만습지
g_g004047,1,3,2307280003,호텔야자 순천역점
g_g004047,1,4,2307280004,아랫장
g_g004047,1,5,2307280005,호텔야자 순천역점
g_g004047,2,1,2307290001,시장통짜장 2호점
g_g004047,2,2,2307290002,순천드라마 촬영장
g_g004047,2,3,2307290003,순천만 국가정원
g_g004047,2,4,2307290004,집
g_g004064,1,1,2307090001,집
g_g004064,1,2,2307090002,샤와 바오 충장로점
g_g004064,1,3,2307090003,ZARA 충장로점
g_g004064,1,4,2307090004,NC 웨이브 충장점
g_g004064,1,5,2307090005,캔모아 충장로 2호점
g_g004064,1,6,2307090006,JD 스포츠 광주 충장로 점
g_g004064,1,7,2307090007,캐비닛 클럽 라운지 광주점
g_g004064,1,8,2307090008,국립아시아문화전당
g_g004064,1,9,2307090009,집
g_g004065,1,1,2308020001,집
g_g004065,1,2,2308020003,용산역
g_g004065,1,3,2308020004,서대전역
g_g004065,1,4,2308020005,대복 국수
g_g004065,1,5,2308020007,한밭수목원
g_g004065,1,6,2308020006,이응노미술관
g_g004065,1,7,2308020008,대전예술의전당
g_g004065,1,8,2308020009,목수 중
g_g004065,1,9,2308020010,성심당 본점
g_g004065,1,10,2308020011,하쿠쯔무
g_g004065,1,11,2308020012,까몽
g_g004065,1,12,2308020013,서대전역
g_g004065,1,13,2308020002,집
g_g004066,1,1,2308010001,사무실
g_g004066,1,2,2308010003,이하복고택전시관
g_g004066,1,3,2308010004,서천이 하복 가옥
g_g004066,1,4,2308010005,한산모시관
g_g004066,1,5,2308010006,한산소곡주 갤러리
g_g004066,1,6,2308010007,문헌서원
g_g004066,1,7,2308010008,국가대표 해물칼국수 서천 본점
g_g004066,1,8,2308010002,문헌 전통호텔
g_g004066,2,1,2308020002,선돌이 갯벌 체험장 사무실
g_g004066,2,2,2308020001,원광대학교병원
g_g004101,1,1,2308050001,집
g_g004101,1,2,2308050002,기흥휴게소 부산방향
g_g004101,1,3,2308050003,찬샘정
g_g004101,1,4,2308050004,찬샘마을
g_g004101,1,5,2308050005,나비잠
g_g004101,1,6,2308050006,신흥동 일본식 가옥
g_g004101,1,7,2308050007,동국사
g_g004101,1,8,2308050008,일제강점기 군산역사관
g_g004101,1,9,2308050009,초원 사진관
g_g004101,1,10,2308050010,하망굴
g_g004101,1,11,2308050011,군산수산물 종합센터
g_g004101,1,12,2308050012,나비잠
g_g004101,2,1,2308060001,옥녀 교차로
g_g004101,2,2,2308060002,대장봉
g_g004101,2,3,2308060003,옥구 향교
g_g004101,2,4,2308060004,군산 덮밥
g_g004101,2,5,2308060005,집
g_g004103,1,1,2308050001,집
g_g004103,1,2,2308050002,한독의약 박물관
g_g004103,1,3,2308050003,짬뽕 대장
g_g004103,1,4,2308050004,한독의약 박물관
g_g004103,1,5,2308050005,조령산 자연휴양림
g_g004103,1,6,2308050006,조령산 묵밥
g_g004103,1,7,2308050007,조령산 자연휴양림
g_g004103,2,1,2308060002,수옥정물놀이장
g_g004103,2,2,2308060003,버거킹 충북혁신도시점
g_g004103,2,3,2308060001,집
g_g004104,1,1,2308050001,집
g_g004104,1,2,2308050002,군산역
g_g004104,1,3,2308050003,시골 통닭
g_g004104,1,4,2308050004,궁남지
g_g004104,1,5,2308050005,국립부여박물관
g_g004104,1,6,2308050006,무드 빌리지
g_g004104,1,7,2308050007,물고기자리
g_g004104,1,8,2308050008,유로 빌리지
g_g004104,2,1,2308060001,국립 군산대학교
g_g004104,2,2,2308060002,투썸플레이스 군산미룡점
g_g004104,2,3,2308060004,이성당 본점
g_g004104,2,4,2308060003,한인옥
g_g004104,2,5,2308060005,집
g_g004109,1,1,2307230001,집
g_g004109,1,2,2307230002,식장산 해돋이 전망대
g_g004109,1,3,2307230003,성심당 본점
g_g004109,1,4,2307230004,국립 중앙과학관
g_g004109,1,5,2307230005,한마음아파트
g_g004109,2,1,2307240001,대전 오월드
g_g004109,2,2,2307240002,집
g_g004124,1,1,2307280001,집
g_g004124,1,2,2307280002,온
g_g004124,1,3,2307280003,순천만 국가정원
g_g004124,1,4,2307280004,순천 금호어울림 더 파크 1차 아파트
g_g004124,1,5,2307280006,오천 그린광장
g_g004124,1,6,2307280005,로운 샤부샤부
g_g004124,1,7,2307280007,로테이트
g_g004124,1,8,2307280008,나무늘보 호텔 순천 연향점
g_g004124,2,1,2307290001,향촌 식당
g_g004124,2,2,2307290002,광양 와인동굴
g_g004124,2,3,2307290003,청춘 창고
g_g004124,2,4,2307290004,순천역
g_g004138,1,1,2308190001,집
g_g004138,1,2,2308190002,부소담악
g_g004138,1,3,2308190003,기와
g_g004138,1,4,2308190004,비꽃 도토리
g_g004138,1,5,2308190005,수생식물학습원
g_g004138,1,6,2308190006,방아 로스터리 카페
g_g004138,1,7,2308190007,원조 고추 만둣국 집
g_g004138,1,8,2308190008,집
g_g004139,1,1,2307290001,집
g_g004139,1,2,2307290002,대천해수욕장 스카이 바이크
g_g004139,1,3,2307290003,삼촌 짬뽕
g_g004139,1,4,2307290004,대천해수욕장
g_g004139,1,5,2307290005,성주산자연휴양림 물놀이장
g_g004139,1,6,2307290008,성주산자연휴양림
g_g004139,2,1,2307300001,성주산자연휴양림 편백나무숲
g_g004139,2,2,2307300002,냉풍욕장
g_g004139,2,3,2307300003,삼대냉면
g_g004139,2,4,2307300004,집
g_g004142,1,1,2307280001,사무실
g_g004142,1,2,2307280002,서도역 영상 촬영장
g_g004142,1,3,2307280003,광한루원
g_g004142,1,4,2307280011,퀸즈 무인 호텔
g_g004142,2,1,2307290001,남원 정형외과의원
g_g004142,2,2,2307290002,두레 식당
g_g004142,2,3,2307290003,남원시립 김병종 미술관
g_g004142,2,4,2307290004,미안 커피
g_g004142,2,5,2307290005,남원 랜드
g_g004142,2,6,2307290006,선원사
g_g004142,2,7,2307290007,팔복 드림 빌
g_g004152,1,1,2307170001,집
g_g004152,1,2,2307170003,천등산 휴게소 제천 방향
g_g004152,1,3,2307170002,제천경찰수련원
g_g004152,2,1,2307180001,청풍 호반 케이블카 물태리역
g_g004152,2,2,2307180002,본정 스쿨 초콜릿 체험관
g_g004152,2,3,2307180003,집
g_g004154,1,1,2307300001,집
g_g004154,1,2,2307300002,인주 한옥점
g_g004154,1,3,2307300003,삽교호 놀이공원
g_g004154,1,4,2307300004,명륜진사갈비 천안쌍용점
g_g004154,1,5,2307300005,집
g_g004155,1,1,2307150001,친구 친지 집
g_g004155,1,2,2307150002,이조 갈비
g_g004155,1,3,2307150004,명문제과
g_g004155,1,4,2307150003,카페 광한루
g_g004155,1,5,2307150005,남원시립 김병종미술관
g_g004155,1,6,2307150006,오헤브데이호텔 남원지점
g_g004155,1,7,2307150007,운봉 라이 라이
g_g004155,1,8,2307150012,오헤브데이호텔 남원지점
g_g004155,2,1,2307160001,삼포 가든
g_g004155,2,2,2307160002,모나 벨리
g_g004155,2,3,2307160003,사거리 고깃집 소사벌점
g_g004155,2,4,2307160004,유니버스 트윈 오피스텔
g_g004170,1,1,2307160001,집
g_g004170,1,2,2307160002,선데이 브리즈 광명점
g_g004170,1,3,2307160003,데이오프
g_g004170,1,4,2307160004,평양의 맛 송연가
g_g004170,1,5,2307160005,더 휴식 아늑 호텔 천안역 1호점
g_g004170,2,1,2307170001,광덕산
g_g004170,2,2,2307170002,망향비빔국수 풍세점
g_g004170,2,3,2307170003,집
g_g004174,1,1,2308040001,집
g_g004174,1,2,2308040002,정부대전청사 숲 숲의 공원 A
g_g004174,1,3,2308040003,한밭수목원
g_g004174,1,4,2308040004,이응노미술관
g_g004174,1,5,2308040005,한밭교육 박물관
g_g004174,1,6,2308040006,예원 모텔
g_g004174,2,1,2308050001,성심당 케이크 부티크
g_g004174,2,2,2308050002,대전근현대사전시관
g_g004174,2,3,2308050003,집
g_g004180,1,1,2307250001,집
g_g004180,1,2,2307250003,부산종합버스터미널
g_g004180,1,3,2307250004,산청휴게소 대전방향
g_g004180,1,4,2307250005,전주 고속버스터미널
g_g004180,1,5,2307250006,전주 시그니처 호텔
g_g004180,1,6,2307250007,해율담
g_g004180,1,7,2307250009,한복남 전주한옥마을점
g_g004180,1,8,2307250010,일상에
g_g004180,1,9,2307250008,전주한옥마을
g_g004180,1,10,2307250011,경기전
g_g004180,1,11,2307250012,카페 하이
g_g004180,1,12,2307250013,교동 미술관 2관
g_g004180,1,13,2307250014,일상에
g_g004180,1,14,2307250015,자만 벽화마을
g_g004180,1,15,2307250016,광부 맥주
g_g004180,1,16,2307250017,부타
g_g004180,1,17,2307250002,전주 시그니처 호텔
g_g004180,2,1,2307260001,전주 시그니처 호텔
g_g004180,2,2,2307260002,전주 난장
g_g004180,2,3,2307260003,가마 피자
g_g004180,2,4,2307260004,대단한 탕후루 전주혁신점
g_g004180,2,5,2307260005,평화와 평화
g_g004180,2,6,2307260006,전주 고속버스터미널
g_g004180,2,7,2307260007,산청휴게소 통영방향
g_g004180,2,8,2307260008,부산종합버스터미널
g_g004180,2,9,2307260009,집
g_g004187,1,1,2307230001,집
g_g004187,1,2,2307230003,테마 오래
g_g004187,1,3,2307230004,광천 식당
g_g004187,1,4,2307230005,오동 빌 34호
g_g004187,1,5,2307230002,더 휴식 아늑 호텔 대전 유성온천 1호점
g_g004187,2,1,2307240002,엑스포과학공원 한빛탑
g_g004187,2,2,2307240003,온게정
g_g004187,2,3,2307240004,대전엑스포 아쿠아리움
g_g004187,2,4,2307240005,성심당 DCC점
g_g004187,2,5,2307240006,하남 드림 휴게소
g_g004187,2,6,2307240001,집
g_g004189,1,1,2307180001,친구 친지 집
g_g004189,1,2,2307180002,메가 MGC 커피 마포 도화점
g_g004189,1,3,2307180003,이마트 서산점
g_g004189,1,4,2307180004,맥도날드 서산 DT점
g_g004189,1,5,2307180005,샤론 펜션
g_g004189,1,6,2307180006,청포대해수욕장
g_g004189,1,7,2307180007,샤론 펜션
g_g004189,1,8,2307180008,청포대해수욕장
g_g004189,1,9,2307180010,샤론 펜션
g_g004189,2,1,2307190002,몽산포해수욕장
g_g004189,2,2,2307190003,cafe M99
g_g004189,2,3,2307190004,SK 행복충전 퇴계원 IC 충전소
g_g004189,2,4,2307190001,퇴계원 쌍용예가 아파트
g_g004205,1,1,2307140001,집
g_g004205,1,2,2307140003,국립무형 유산원
g_g004205,1,3,2307140004,프프프
g_g004205,1,4,2307140005,전동성당
g_g004205,1,5,2307140006,브라운 도트 덕진점
g_g004205,1,6,2307140007,우마의 전북대 직영점
g_g004205,1,7,2307140002,브라운 도트 덕진점
g_g004205,2,1,2307150002,전주 덕진공원
g_g004205,2,2,2307150003,태평 집
g_g004205,2,3,2307150004,팔복 예술공장
g_g004205,2,4,2307150005,휴앤다담
g_g004205,2,5,2307150001,집
g_g004217,1,1,2308020001,집
g_g004217,1,2,2308020002,안성휴게소 부산방향
g_g004217,1,3,2308020003,부소담악
g_g004217,1,4,2308020004,육영수 생가
g_g004217,1,5,2308020005,정지용 생가
g_g004217,1,6,2308020007,황가 냉면옥천 삼거리점
g_g004217,1,7,2308020006,둔주봉
g_g004217,1,8,2308020008,수생식물학습원
g_g004217,1,9,2308020009,청남대
g_g004217,1,10,2308020010,토담골
g_g004217,1,11,2308020011,천안삼거리휴게소 서울 방향
g_g004217,1,12,2308020012,집
g_g004229,1,1,2307260001,집
g_g004229,1,2,2307260002,할머니 댁
g_g004229,1,3,2307260003,계량 박물관
g_g004229,1,4,2307260004,수소 안전 뮤지엄
g_g004229,1,5,2307260005,다이닝 키친
g_g004229,1,6,2307260006,구이
g_g004229,1,7,2307260007,금왕 금빛 근린공원
g_g004229,1,8,2307260008,집
g_g004231,1,1,2307290001,집
g_g004231,1,2,2307290002,탕정한 마음 종합사회복지관
g_g004231,1,3,2307290003,김밥나라 대흥동점
g_g004231,1,4,2307290004,천안역
g_g004231,1,5,2307290005,계룡역
g_g004231,1,6,2307290006,경남아파트
g_g004231,1,7,2307290007,더 리터 계룡 엄사점
g_g004231,1,8,2307290008,향적산 치유의 숲
g_g004231,1,9,2307290009,케이인 하우스 루
g_g004231,1,10,2307290010,경남아파트
g_g004231,2,1,2307300001,토종선지뼈다귀해장국
g_g004231,2,2,2307300002,스타벅스 계룡대로DT점
g_g004231,2,3,2307300003,경남아파트
g_g004231,2,4,2307300004,괴목장
g_g004231,2,5,2307300005,온천 제일 교회
g_g004231,2,6,2307300006,집
g_g004234,1,1,2307180001,집
g_g004234,1,2,2307180003,서울역
g_g004234,1,3,2307180004,대전역
g_g004234,1,4,2307180005,전국 5대 짬뽕 일품 교동 짬뽕 대전역 본점
g_g004234,1,5,2307180006,목척교
g_g004234,1,6,2307180007,성심당 본점
g_g004234,1,7,2307180008,성심당 문화원
g_g004234,1,8,2307180009,대전역
g_g004234,1,9,2307180010,서울역
g_g004234,1,10,2307180002,집
g_g004238,1,1,2307140001,집
g_g004238,1,2,2307140002,이마트 에브리데이 월피동점
g_g004238,1,3,2307140003,디저트 39 안산 월피점
g_g004238,1,4,2307140005,해오름 아파트
g_g004238,1,5,2307140004,안성맞춤 휴게소 제천 방향
g_g004238,1,6,2307140006,괴산 군자농협 하나로마트 칠성점
g_g004238,1,7,2307140009,갈론길펜션
g_g004238,1,8,2307140008,갈은구곡
g_g004238,1,9,2307140007,갈론길펜션
g_g004238,2,1,2307150001,강론 펜션
g_g004238,2,2,2307150002,연하협 구름다리
g_g004238,2,3,2307150003,괴산수력발전소 / 괴산댐
g_g004238,2,4,2307150004,괴산대학 찰옥수수 직판장
g_g004238,2,5,2307150005,해오름 아파트
g_g004238,2,6,2307150006,수원갈비 생고기
g_g004238,2,7,2307150007,이자카야호
g_g004238,2,8,2307150008,나무 호텔
g_g004238,2,9,2307150009,대풍 진국 순대
g_g004238,2,10,2307150010,미화당 안산 선부점
g_g004238,2,11,2307150011,해오름 아파트
g_g004238,2,12,2307150012,집
g_g004239,1,1,2307290001,집
g_g004239,1,2,2307290003,원조태평소국밥 본점
g_g004239,1,3,2307290004,대전근현대사전시관
g_g004239,1,4,2307290005,성심당 본점
g_g004239,1,5,2307290006,코페 부시
g_g004239,1,6,2307290007,그믐달 셀프스튜디오 은행동점
g_g004239,1,7,2307290008,오이에
g_g004239,1,8,2307290009,대전역
g_g004239,1,9,2307290002,집
g_g004255,1,1,2308050001,집
g_g004255,1,2,2308050002,풍진 아파트
g_g004255,1,3,2308050003,추사 김정희 선생 고택
g_g004255,1,4,2308050004,삽교 시장 곱창 특화거리
g_g004255,1,5,2308050005,예당 저수지 디아트엘
g_g004255,1,6,2308050006,풍진 아파트
g_g004255,2,1,2308060001,오산 휴게소 동탄 방향
g_g004255,2,2,2308060002,집
g_g004259,1,1,2307230001,집
g_g004259,1,2,2307230002,대전 신세계 아트앤사이언스
g_g004259,1,3,2307230003,성심당 DCC점
g_g004259,1,4,2307230004,집
g_g004265,1,1,2307280001,집
g_g004265,1,2,2307280003,태릉입구역 7호선 3번 출구
g_g004265,1,3,2307280004,한국 과학기술기획평가원
g_g004265,1,4,2307280005,킹스밀 1차 오피스텔
g_g004265,1,5,2307280006,한국가스안전공사 본사
g_g004265,1,6,2307280007,한국소비자원 본원
g_g004265,1,7,2307280008,오봉 집 충북혁신도시점
g_g004265,1,8,2307280009,까사젤라또
g_g004265,1,9,2307280010,다이소 음성 혁신도시점
g_g004265,1,10,2307280011,충북혁신도시 버스터미널
g_g004265,1,11,2307280012,서울남부터미널
g_g004265,1,12,2307280002,집
g_g004276,1,1,2308010001,집
g_g004276,1,2,2308010002,이삭토스트 여수 학동점
g_g004276,1,3,2308010003,나루터
g_g004276,1,4,2308010004,전주한옥마을
g_g004276,1,5,2308010005,전동성당
g_g004276,1,6,2308010006,전주 덕진공원
g_g004276,1,7,2308010007,전북대학교 전주캠퍼스
g_g004276,1,8,2308010013,전주 시그니처 호텔
g_g004276,2,1,2308020001,전주영화의 거리
g_g004276,2,2,2308020002,성수 미술관 전주점
g_g004276,2,3,2308020003,종로회관
g_g004276,2,4,2308020004,길거리다 한옥마을점
g_g004276,2,5,2308020005,집
g_g004279,1,1,2307290001,집
g_g004279,1,2,2307290002,용산역
g_g004279,1,3,2307290003,전주역
g_g004279,1,4,2307290004,교동 떡갈비
g_g004279,1,5,2307290005,왕과 과일 사탕
g_g004279,1,6,2307290006,카페윌
g_g004279,1,7,2307290007,Part.1
g_g004279,1,8,2307290008,한국도로공사 전주수목원
g_g004279,1,9,2307290009,교동 육전
g_g004279,1,10,2307290010,우아한 호떡
g_g004279,1,11,2307290011,오짱 전주한옥마을점
g_g004279,1,12,2307290012,포스트 빈
g_g004279,1,13,2307290013,전주 남부 풍선 체험(주) 세종
g_g004279,1,14,2307290014,전주한옥마을
g_g004279,1,15,2307290015,Part.1 에어비앤비
g_g004279,2,1,2307300002,하숙영가마솥비빔밥
g_g004279,2,2,2307300003,교동 십원빵 전주한옥마을 본점
g_g004279,2,3,2307300005,장학 서점
g_g004279,2,4,2307300004,액세서리 홀릭
g_g004279,2,5,2307300006,이르리
g_g004279,2,6,2307300009,전주공예품 전시관
g_g004279,2,7,2307300007,한옥문꼬치
g_g004279,2,8,2307300008,만년 닭강정 한옥마을점
g_g004279,2,9,2307300010,전주역
g_g004279,2,10,2307300001,집
g_g004282,1,1,2307290001,집
g_g004282,1,2,2307290002,상하농원 파머스 빌리지
g_g004282,1,3,2307290003,상하농원 파머스 빌리지 수영장
g_g004282,1,4,2307290004,거북선 숯불 풍천 장어
g_g004282,1,5,2307290005,상하농원 파머스 빌리지
g_g004282,2,1,2307300001,상하농원 파머스 빌리지 스파
g_g004282,2,2,2307300002,상하농원 파머스 빌리지 조식 뷔페
g_g004282,2,3,2307300003,상하농원
g_g004282,2,4,2307300004,구시포해수욕장
g_g004282,2,5,2307300005,용봉 신안고 운하이 플러스 아파트
g_g004283,1,1,2307310001,집
g_g004283,1,2,2307310002,활옷 동굴
g_g004283,1,3,2307310003,만나 손두부
g_g004283,1,4,2307310004,수옥정폭포민박펜션
g_g004283,1,5,2307310005,산들애
g_g004283,1,6,2307310006,BHC치킨 충주 수안보점
g_g004283,1,7,2307310008,수옥정폭포민박펜션
g_g004283,2,1,2308010001,만선 식당
g_g004283,2,2,2308010002,충주호 크루즈
g_g004283,2,3,2308010003,충주 라바 랜드
g_g004283,2,4,2308010004,집
g_g004286,1,1,2307220001,집
g_g004286,1,2,2307220002,행담도 주유소 목포 방향
g_g004286,1,3,2307220003,보령머드축제
g_g004286,1,4,2307220004,불타는 조개구이
g_g004286,1,5,2307220005,안면도수산시장
g_g004286,1,6,2307220006,에셀 하우스
g_g004286,2,1,2307230001,꽃지해수욕장
g_g004286,2,2,2307230002,행담도 주유소 서울 방향
g_g004286,2,3,2307230003,집
g_g004288,1,1,2307290008,집
g_g004288,1,2,2307290009,집
g_g004288,1,3,2307290001,전주식당
g_g004288,1,4,2307290002,함평엑스포공원
g_g004288,1,5,2307290003,키친 25
g_g004288,1,6,2307290004,돌머리해수욕장
g_g004288,1,7,2307290005,함평축협 하나로마트 한우플라자점
g_g004288,1,8,2307290006,인루트
g_g004288,1,9,2307290007,뮤직 온 코인 노래연습장
g_g004288,1,10,2307290010,집
g_g004289,1,1,2307200001,집
g_g004289,1,2,2307200002,천등산 휴게소 제천 방향
g_g004289,1,3,2307200003,온달관광지
g_g004289,1,4,2307200004,소백산 자연휴양림 전망대
g_g004289,1,5,2307200007,남천계곡
g_g004289,1,6,2307200006,단양구경시장
g_g004289,1,7,2307200005,카페 산
g_g004289,1,8,2307200008,도담삼봉
g_g004289,1,9,2307200009,사인암
g_g004289,1,10,2307200010,이끼 터널
g_g004289,1,11,2307200011,집
g_g004294,1,1,2307210001,집
g_g004294,1,2,2307210002,이가신정길 77
g_g004294,2,1,2307220002,빙빙 반점 당진 본점
g_g004294,2,2,2307220003,왜목마을해수욕장
g_g004294,2,3,2307220004,아미 미술관
g_g004294,2,4,2307220005,홍성휴게소 목포 방향
g_g004294,2,5,2307220001,집
g_g004297,1,1,2307240001,집
g_g004297,1,2,2307240003,성심당 본점
g_g004297,1,3,2307240004,프랭크 커핀 바
g_g004297,1,4,2307240005,호텔 얌 대전 유성온천점
g_g004297,1,5,2307240006,원조태평소국밥
g_g004297,1,6,2307240007,엑스포과학공원 한빛탑
g_g004297,1,7,2307240002,집
g_g004309,1,1,2307240001,집
g_g004309,1,2,2307240003,송정 떡갈비 1호점
g_g004309,1,3,2307240004,유탑 부티크 호텔 레지던스
g_g004309,1,4,2307240005,광주예술의 거리
g_g004309,1,5,2307240006,유에담
g_g004309,1,6,2307240007,펭귄 마을
g_g004309,1,7,2307240008,광주 사직공원
g_g004309,1,8,2307240010,유탑 부티크 호텔 레지던스
g_g004309,1,9,2307240009,하이드 아웃 다이닝
g_g004309,1,10,2307240002,유탑 부티크 호텔 레지던스
g_g004309,2,1,2307250001,국립아시아문화전당
g_g004309,2,2,2307250002,소바 쿄다이
g_g004309,2,3,2307250004,안성휴게소 서울 방향
g_g004309,2,4,2307250003,집
g_g004310,1,1,2307220001,집
g_g004310,1,2,2307220003,옛날 진미국수
g_g004310,1,3,2307220004,죽녹원
g_g004310,1,4,2307220005,메타 프로방스
g_g004310,1,5,2307220002,호텔 드 몽드
g_g004310,2,1,2307230001,메타세쿼이아 가로수길
g_g004310,2,2,2307230002,소쇄원
g_g004310,2,3,2307230003,광주호호수생태원
g_g004310,2,4,2307230004,전통식당
g_g004310,2,5,2307230005,안데스
g_g004310,2,6,2307230006,집
g_g004317,1,1,2308030001,친구 친지 집
g_g004317,1,2,2308030011,전주역
g_g004317,1,3,2308030003,하숙영가마솥비빔밥
g_g004317,1,4,2308030004,전주관광호텔꽃심
g_g004317,1,5,2308030005,다이소 전주 본점
g_g004317,1,6,2308030007,원스 타임 오프
g_g004317,1,7,2308030006,전주관광호텔꽃심
g_g004317,1,8,2308030008,구사 일삼
g_g004317,1,9,2308030009,전주한옥마을
g_g004317,1,10,2308030010,전주관광호텔꽃심
g_g004317,2,1,2308040001,왱이 콩나물국밥 전문점 신관
g_g004317,2,2,2308040002,PNB 풍년제과 전주 본점
g_g004317,2,3,2308040003,흐노니
g_g004317,2,4,2308040004,전주한옥마을
g_g004317,2,5,2308040005,스타벅스 전주한옥마을점
g_g004317,2,6,2308040006,전주역
g_g004317,2,7,2308040007,강원도 춘천시 효자동 619-3
g_g004318,1,1,2307220001,집
g_g004318,1,2,2307220002,청풍호 관광 모노레일
g_g004318,1,3,2307220003,사과나무집
g_g004318,1,4,2307220005,디투 어스 캠프 클럽
g_g004318,2,1,2307230002,카페 322
g_g004318,2,2,2307230001,집
g_g004324,1,1,2307270001,집
g_g004324,1,2,2307270002,이마트 신도림점
g_g004324,1,3,2307270003,행담도 휴게소 양방향
g_g004324,1,4,2307270004,보령머드축제
g_g004324,1,5,2307270005,대천해수욕장
g_g004324,1,6,2307270007,청춘 조개 포차 대천 직영점
g_g004324,1,7,2307270006,어썸 게스트하우스
g_g004324,1,8,2307270008,대천해수욕장
g_g004324,1,9,2307270009,선셋비치
g_g004324,1,10,2307270013,어썸 게스트하우스
g_g004324,2,1,2307280001,보령 해물칼국수
g_g004324,2,2,2307280002,카페 그랑블루
g_g004324,2,3,2307280003,집
g_g004327,1,1,2308030001,집
g_g004327,1,2,2308030006,H 샌드위치
g_g004327,1,3,2308030002,두베 카페
g_g004327,1,4,2308030003,봉강요
g_g004327,1,5,2308030004,위봉사
g_g004327,1,6,2308030005,송광사
g_g004327,1,7,2308030007,집
g_g004329,1,1,2307300001,집
g_g004329,1,2,2307300003,정읍 녹두장군휴게소 주유소 천안 방향
g_g004329,1,3,2307300004,CGV 전주 효자
g_g004329,1,4,2307300005,나래 스포츠 유료주차장
g_g004329,1,5,2307300006,객사길
g_g004329,1,6,2307300007,카츠모리조
g_g004329,1,7,2307300002,집
g_g004340,1,1,2307210001,집
g_g004340,1,2,2307210002,녹도 현주네 수산
g_g004340,1,3,2307210003,라온 펠리스 펜션
g_g004340,2,1,2307220001,해변 낚시
g_g004340,2,2,2307220002,비인 목욕탕
g_g004340,2,3,2307220003,쌍도 갯벌 식당
g_g004340,2,4,2307220004,네스트 비인
g_g004340,2,5,2307220005,집
g_g004341,1,1,2307230001,집
g_g004341,1,2,2307230002,대천해수욕장
g_g004341,1,3,2307230003,커피 벤
g_g004341,1,4,2307230004,보령머드축제
g_g004341,1,5,2307230005,호텔 마스터 대천
g_g004341,1,6,2307230006,붕장어 해물나라
g_g004341,1,7,2307230007,호텔 마스터 대천
g_g004341,2,1,2307240001,노을광장
g_g004341,2,2,2307240002,보령머드축제
g_g004341,2,3,2307240003,청룡이 각
g_g004341,2,4,2307240004,산 그래 하늘공원
g_g004341,2,5,2307240005,충청수영성
g_g004341,2,6,2307240006,보령 청보리밭
g_g004341,2,7,2307240007,집
g_g004350,1,1,2307210001,집
g_g004350,1,2,2307210002,번개 분식
g_g004350,1,3,2307210003,유달산
g_g004350,1,4,2307210004,유달 산장
g_g004350,1,5,2307210005,평화광장
g_g004350,1,6,2307210006,이디야커피 목포 평화광장점
g_g004350,1,7,2307210007,평화 수산
g_g004350,1,8,2307210008,평화광장
g_g004350,1,9,2307210013,브라운 도트 호텔 목포 평화광장점
g_g004350,2,1,2307220001,커피 창고로
g_g004350,2,2,2307220002,소래기
g_g004350,2,3,2307220003,씨엘이 베이커리 본점
g_g004350,2,4,2307220004,집
g_g004354,1,1,2307270001,집
g_g004354,1,2,2307270002,건강해짐
g_g004354,1,3,2307270003,명륜진사갈비 대전용문점
g_g004354,1,4,2307270004,성심당 롯데백화점 대전점
g_g004354,1,5,2307270005,다비치안경 둔산 로데오점
g_g004354,1,6,2307270006,한빛 빌라
g_g004354,1,7,2307270007,오씨칼국수 둔산점
g_g004354,1,8,2307270008,대전시민 천문대
g_g004354,1,9,2307270009,한빛 빌라
g_g004354,2,1,2307280001,진로 집
g_g004354,2,2,2307280002,빽다방 대전은행점
g_g004354,2,3,2307280003,성심당 케이크 부티크
g_g004354,2,4,2307280004,세종 지혜의 숲
g_g004354,2,5,2307280005,국립세종수목원
g_g004354,2,6,2307280006,집
g_g004355,1,1,2308010001,집
g_g004355,1,2,2308010002,죽녹원
g_g004355,1,3,2308010003,뚝방국수
g_g004355,1,4,2308010004,창평 커피
g_g004355,1,5,2308010005,한옥에서
g_g004355,1,6,2308010006,쌍교 숯불갈비 담양 본점
g_g004355,1,7,2308010007,한옥에서
g_g004355,2,1,2308020001,메타 프로방스
g_g004355,2,2,2308020002,한보 보리밥
g_g004355,2,3,2308020003,집
g_g004359,1,1,2307260001,집
g_g004359,1,2,2307260002,유스퀘어 광주종합버스터미널
g_g004359,1,3,2307260003,백양사농협 하나로마트 북하점
g_g004359,1,4,2307260005,AND 메타 978
g_g004359,2,1,2307270001,장인성
g_g004359,2,2,2307270002,스타벅스 광주 풍암점
g_g004359,2,3,2307270003,집
g_g004366,1,1,2308050001,집
g_g004366,1,2,2308050002,전주 시외버스 공용터미널
g_g004366,1,3,2308050003,엔브릿지호텔
g_g004366,1,4,2308050004,메르 밀지 미집 본점
g_g004366,1,5,2308050005,포토이즘 박스 한옥마을점
g_g004366,1,6,2308050006,마시랑게
g_g004366,1,7,2308050007,경기전
g_g004366,1,8,2308050008,엔브릿지호텔
g_g004366,1,9,2308050009,전주 남부시장 한옥마을 야시장
g_g004366,1,10,2308050010,청은 루
g_g004366,1,11,2308050011,엔브릿지호텔
g_g004366,2,1,2308060001,레이지크해비탯
g_g004366,2,2,2308060002,이오 이일
g_g004366,2,3,2308060003,자만 벽화마을
g_g004366,2,4,2308060004,공차 전주 터미널점
g_g004366,2,5,2308060005,전주 시외버스 공용터미널
g_g004366,2,6,2308060006,집
g_g004375,1,1,2307280001,집
g_g004375,1,2,2307280002,기찻길 옆 오막살이
g_g004375,1,3,2307280003,논산 선샤인 랜드
g_g004375,1,4,2307280004,왕암 철새공원
g_g004375,1,5,2307280005,홈플러스 논산점
g_g004375,1,6,2307280006,논산 탑정호글램핑
g_g004375,2,1,2307290001,딸기향 농촌테마공원
g_g004375,2,2,2307290002,탑정호 출렁다리
g_g004375,2,3,2307290003,서경
g_g004375,2,4,2307290004,더 톱 정호
g_g004375,2,5,2307290005,돈암서원
g_g004375,2,6,2307290006,연산역
g_g004375,2,7,2307290007,집
g_g004380,1,1,2307290001,집
g_g004380,1,2,2307290002,외암민속마을
g_g004380,1,3,2307290003,시루 4294
g_g004380,1,4,2307290004,지중해마을
g_g004380,1,5,2307290005,현충사
g_g004380,1,6,2307290006,곡교천은행나무 길
g_g004380,1,7,2307290007,신정호 관광단지
g_g004380,1,8,2307290008,삽교호관광지
g_g004380,1,9,2307290009,집
g_g004381,1,1,2307290001,집
g_g004381,1,2,2307290002,이를 전 56펜션
g_g004381,1,3,2307290003,새밭계곡
g_g004381,1,4,2307290004,이를 전 56펜션
g_g004381,2,1,2307300001,패러 일번지
g_g004381,2,2,2307300002,카페 산
g_g004381,2,3,2307300003,동해 찜
g_g004381,2,4,2307300004,의림지 용추폭포 유리 전망대
g_g004381,2,5,2307300005,집
g_g004383,1,1,2307270001,집
g_g004383,1,2,2307270003,대전역
g_g004383,1,3,2307270004,대전복합터미널
g_g004383,1,4,2307270007,덕유산국립공원 탐방안내소
g_g004383,1,5,2307270005,구천동 버스터미널
g_g004383,1,6,2307270006,풀하우스펜션
g_g004383,1,7,2307270008,구천동의 사길
g_g004383,1,8,2307270002,풀하우스펜션
g_g004383,2,1,2307280001,무주향
g_g004383,2,2,2307280002,그날
g_g004383,2,3,2307280003,구천동 버스승강장
g_g004383,2,4,2307280004,대전복합터미널
g_g004383,2,5,2307280005,성심당 케이크 부티크 롯데백화점 대전점
g_g004383,2,6,2307280006,동대구역
g_g004383,2,7,2307280007,할머니 댁
g_g004392,1,1,2308010001,집
g_g004392,1,2,2308010003,안성휴게소 부산방향
g_g004392,1,3,2308010004,오씨칼국수
g_g004392,1,4,2308010005,대전중앙시장
g_g004392,1,5,2308010006,땡큐 베리머치
g_g004392,1,6,2308010007,벗바리
g_g004392,1,7,2308010008,대전시민 천문대
g_g004392,1,8,2308010009,바로 그 집
g_g004392,1,9,2308010002,호텔 디 에디션
g_g004392,2,1,2308020001,성심당 롯데백화점 대전점
g_g004392,2,2,2308020002,진로 집
g_g004392,2,3,2308020003,성심당 본점
g_g004392,2,4,2308020004,집
g_g004393,1,1,2308050001,집
g_g004393,1,2,2308050003,오뚝이 분식
g_g004393,1,3,2308050004,충주어린이과학관 해담별
g_g004393,1,4,2308050005,먹는 날
g_g004393,1,5,2308050006,국립 충주 기상과학관
g_g004393,1,6,2308050007,GS25 충주늘푸른점
g_g004393,1,7,2308050002,집
g_g004397,1,1,2308040001,집
g_g004397,1,2,2308040002,서울역
g_g004397,1,3,2308040003,대전역
g_g004397,1,4,2308040005,백소장 은행점
g_g004397,1,5,2308040007,국립 중앙과학관
g_g004397,1,6,2308040012,오엠씨푸드
g_g004397,1,7,2308040008,대전역
g_g004397,1,8,2308040010,서울역
g_g004397,1,9,2308040009,집
g_g004398,1,1,2307290001,집
g_g004398,1,2,2307290002,구드래조각 공원
g_g004398,1,3,2307290003,부여 소문난 칼국수
g_g004398,1,4,2307290004,궁남지 및 투썸플레이스
g_g004398,1,5,2307290005,국립부여박물관
g_g004398,1,6,2307290006,롯데 아웃렛 부여점
g_g004398,1,7,2307290007,숙소
g_g004398,1,8,2307290008,바다횟집
g_g004398,1,9,2307290009,숙소
g_g004398,2,1,2307300001,삼성 식당
g_g004398,2,2,2307300002,카페 화산
g_g004398,2,3,2307300003,숙소
g_g004398,2,4,2307300004,집
g_g004399,1,1,2308010001,집
g_g004399,1,2,2308010003,죽녹원 일번지
g_g004399,1,3,2308010004,죽녹원
g_g004399,1,4,2308010005,죽녹원 아래
g_g004399,1,5,2308010006,소예르
g_g004399,1,6,2308010007,죽과 경
g_g004399,1,7,2308010002,집
g_g004401,1,1,2307260001,집
g_g004401,1,2,2307260002,크리스피 크림 도넛 영등포점
g_g004401,1,3,2307260003,삼송 빵집 영등포 역사점
g_g004401,1,4,2307260004,대전역 대전 1호선
g_g004401,1,5,2307260005,성심당 본점
g_g004401,1,6,2307260006,광천 식당
g_g004401,1,7,2307260007,시오네 베이크 숍
g_g004401,1,8,2307260008,오씨칼국수
g_g004401,1,9,2307260009,성심당 대전역점
g_g004401,1,10,2307260010,집
g_g004404,1,1,2307270001,집
g_g004404,1,2,2307270002,SK 행복충전 동광주 LPG 충전소
g_g004404,1,3,2307270003,진남관 공영주차장
g_g004404,1,4,2307270004,이순신광장
g_g004404,1,5,2307270005,고소동 벽화마을
g_g004404,1,6,2307270006,여수 해상 케이블카 놀아 정류장
g_g004404,1,7,2307270007,카멜리아 한식당 회 센터
g_g004404,1,8,2307270008,오동도
g_g004404,1,9,2307270009,여수 해상 케이블카 자산 정류장
g_g004404,1,10,2307270010,방죽포해수욕장
g_g004404,1,11,2307270011,마래 2터널
g_g004404,1,12,2307270012,만성리 검은 모래해변
g_g004404,1,13,2307270013,백운 모텔
g_g004404,1,14,2307270014,화양 식당
g_g004404,1,15,2307270015,백운 모텔
g_g004404,2,1,2307280001,화양 식당
g_g004404,2,2,2307280002,삼송
g_g004404,2,3,2307280003,곡성 섬진강 기차마을
g_g004404,2,4,2307280004,순한 한우 명품관
g_g004404,2,5,2307280005,곡성기차마을 전통시장
g_g004404,2,6,2307280006,옥과면 행정복지센터
g_g004404,2,7,2307280007,집
g_g004406,1,1,2307300001,집
g_g004406,1,2,2307300002,여자친구 집 방문
g_g004406,1,3,2307300004,명암유원지
g_g004406,1,4,2307300005,로로 삼계탕 청주점
g_g004406,1,5,2307300006,두레 베이커리 청주점
g_g004406,1,6,2307300007,국립청주 박물관
g_g004406,1,7,2307300008,청주동물원
g_g004406,1,8,2307300009,쫄쫄 호떡
g_g004406,1,9,2307300010,청주 중앙공원
g_g004406,1,10,2307300011,집
g_g004412,1,1,2307300001,집
g_g004412,1,2,2307300002,죽과 경 유럽 수국축제
g_g004412,1,3,2307300003,고서회관
g_g004412,1,4,2307300004,소쇄원
g_g004412,1,5,2307300005,카페 33
g_g004412,1,6,2307300006,집
g_g004416,1,1,2307290001,집
g_g004416,1,2,2307290002,전주동물원
g_g004416,1,3,2307290003,베테랑 칼국수 신시가지점
g_g004416,1,4,2307290004,베스트웨스턴 플러스 전주 호텔
g_g004416,1,5,2307290005,아 이것이 갈비탕이다
g_g004416,1,6,2307290006,남부시장 (야시장)
g_g004416,1,7,2307290007,베스트웨스턴 플러스 전주 호텔
g_g004416,2,1,2307300001,안마 족욕 카페 만족
g_g004416,2,2,2307300002,전주 현대옥 전주한옥마을점
g_g004416,2,3,2307300003,전주한옥마을
g_g004416,2,4,2307300004,집
g_g004420,1,1,2307290001,집
g_g004420,1,2,2307290002,서울역
g_g004420,1,3,2307290003,몽상가인
g_g004420,1,4,2307290004,뚜쥬루 돌가마점
g_g004420,1,5,2307290005,뚜쥬루 돌가마점
g_g004420,1,6,2307290006,커들
g_g004420,1,7,2307290008,천안 타운홀 전망대
g_g004420,1,8,2307290009,천안역
g_g004420,1,9,2307290010,서울역 공항철도
g_g004420,1,10,2307290007,집
g_g004435,1,1,2307290001,집
g_g004435,1,2,2307290002,천수 횟집
g_g004435,1,3,2307290003,대천해수욕장
g_g004435,1,4,2307290004,솔레이 커피
g_g004435,1,5,2307290005,대천 브루어리 대천해수욕장점
g_g004435,1,6,2307290006,보령머드축제
g_g004435,1,7,2307290007,집
g_g004436,1,1,2307260001,집
g_g004436,1,2,2307260002,친구 집(군산대)
g_g004436,1,3,2307260003,노조미 생라멘 월명점
g_g004436,1,4,2307260004,"군산 근대미술관, 군산 근대역사박물관"
g_g004436,1,5,2307260005,옛 군산세관
g_g004436,1,6,2307260006,초원 사진관(드라마 촬영지) 이성당(쇼핑)
g_g004436,1,7,2307260007,카페 브락
g_g004436,1,8,2307260008,은파호수공원
g_g004436,1,9,2307260009,연정가든
g_g004436,1,10,2307260010,군산대 친구 집
g_g004436,2,1,2307270001,파스토
g_g004436,2,2,2307270002,집
g_g004438,1,1,2307280001,친구 친지 집
g_g004438,1,2,2307280002,대전시립미술관
g_g004438,1,3,2307280003,한밭수목원
g_g004438,1,4,2307280004,떡만집 본점
g_g004438,1,5,2307280005,갤러리아백화점 타임월드점
g_g004438,1,6,2307280006,강 옆에 있는 산책로
g_g004438,1,7,2307280007,충남대학교 실내체육관
g_g004438,1,8,2307280008,죽동 푸르지오 아파트
g_g004438,2,1,2307290001,대전중앙시장
g_g004438,2,2,2307290002,성심당 본점
g_g004438,2,3,2307290003,욱일 아파트
g_g004446,1,1,2308010001,집
g_g004446,1,2,2308010002,부소산성
g_g004446,1,3,2308010003,국립부여박물관
g_g004446,1,4,2308010004,정림사지박물관
g_g004446,1,5,2308010005,동문 불고기
g_g004446,1,6,2308010006,카페 온 휴
g_g004446,1,7,2308010007,집
g_g004453,1,1,2307260001,집
g_g004453,1,2,2307260002,동대구역
g_g004453,1,3,2307260003,대전역
g_g004453,1,4,2307260004,떡만집 본점
g_g004453,1,5,2307260005,하루 필름 대전 둔산점
g_g004453,1,6,2307260006,프레시 하츠 클럽
g_g004453,1,7,2307260007,젤리 포에
g_g004453,1,8,2307260008,고소한 식물원
g_g004453,1,9,2307260009,세븐일레븐 대전 중리 본점
g_g004453,1,10,2307260010,김밥 신화
g_g004453,1,11,2307260011,둔산대공원
g_g004453,1,12,2307260012,코페 부시
g_g004453,1,13,2307260013,다다르다
g_g004453,1,14,2307260014,성심당 본점
g_g004453,1,15,2307260015,으능정이 스카이로드
g_g004453,1,16,2307260016,대전역
g_g004453,1,17,2307260017,동대구역
g_g004453,1,18,2307260018,집
g_g004454,1,1,2307260001,집
g_g004454,1,2,2307260002,천안호두 휴게소 부산방향
g_g004454,1,3,2307260003,원조태평소국밥
g_g004454,1,4,2307260004,카페 카 레이지 히피스
g_g004454,1,5,2307260005,대전 신세계 아트앤사이언스
g_g004454,1,6,2307260006,국립 중앙과학관
g_g004454,1,7,2307260007,성심당 DCC점
g_g004454,1,8,2307260008,진주냉면 이설옥
g_g004454,1,9,2307260009,홈플러스 대전 가오점
g_g004454,1,10,2307260010,스테이읻다
g_g004454,2,1,2307270001,오씨칼국수
g_g004454,2,2,2307270002,카페사 나고
g_g004454,2,3,2307270003,성심당 본점
g_g004454,2,4,2307270004,대전시립미술관
g_g004454,2,5,2307270005,대청댐 전망대
g_g004454,2,6,2307270006,천안삼거리휴게소 서울 방향
g_g004454,2,7,2307270007,집
g_g004458,1,1,2307290001,집
g_g004458,1,2,2307290002,금오산
g_g004458,1,3,2307290003,예산 상설시장
g_g004458,1,4,2307290004,도고 별장 스파피아
g_g004458,1,5,2307290005,이디야커피 아산온천동점
g_g004458,1,6,2307290006,더 본 감자탕 아산점
g_g004458,1,7,2307290007,집
g_g004467,1,1,2307270001,집
g_g004467,1,2,2307270002,한국문구도매상 사 대전역점
g_g004467,1,3,2307270004,에이스 분식
g_g004467,1,4,2307270005,기쁨 두 배 구제
g_g004467,1,5,2307270006,중도 서점
g_g004467,1,6,2307270007,알라딘 중고서점 대전은행점
g_g004467,1,7,2307270008,에인절 톡톡
g_g004467,1,8,2307270009,스타 호텔
g_g004467,1,9,2307270010,한밭수목원
g_g004467,1,10,2307270017,엑스포다리
g_g004467,1,11,2307270011,엑스포과학공원 한빛탑
g_g004467,1,12,2307270012,크레이지 카츠 신세계백화점 대 전점
g_g004467,1,13,2307270014,히트 코인 노래연습장
g_g004467,1,14,2307270013,성심당 케이크 부티크
g_g004467,1,15,2307270015,하이루 탕후루 대전은행점
g_g004467,1,16,2307270016,CU 대전 대흥 사랑 점
g_g004467,1,17,2307270003,스타 호텔
g_g004467,2,1,2307280001,오씨칼국수
g_g004467,2,2,2307280002,스타 호텔
g_g004467,2,3,2307280003,성심당 본점
g_g004467,2,4,2307280004,집
g_g004472,1,1,2307270001,집
g_g004472,1,2,2307270002,갓덴스시 대전 신세계 ArtScience점
g_g004472,1,3,2307270003,겐트 베이커리 대전점
g_g004472,1,4,2307270004,대전 신세계 아트앤사이언스
g_g004472,1,5,2307270005,베이커리 하모니
g_g004472,1,6,2307270006,대전시립미술관
g_g004472,1,7,2307270007,따봉 시래기
g_g004472,1,8,2307270008,집
g_g004476,1,1,2307290001,집
g_g004476,1,2,2307290002,팍스 톨로지
g_g004476,1,3,2307290004,전주 난장
g_g004476,1,4,2307290005,외할머니 솜씨
g_g004476,1,5,2307290006,전주관광호텔꽃심
g_g004476,1,6,2307290007,경기전 옆 사진관
g_g004476,1,7,2307290008,동락원
g_g004476,1,8,2307290009,전주 남부시장 한옥마을 야시장
g_g004476,1,9,2307290003,전주관광호텔꽃심
g_g004476,2,1,2307300002,혜연옥 전주 본점
g_g004476,2,2,2307300003,한국도로공사 전주수목원
g_g004476,2,3,2307300004,Cafe 홍시궁 객리단길 본점
g_g004476,2,4,2307300005,일 센트 클라이밍 전주
g_g004476,2,5,2307300001,집
g_g004485,1,1,2307280001,사무실
g_g004485,1,2,2307280002,CAR 무인 호텔
g_g004485,1,3,2307280003,보물섬 자연산 횟집
g_g004485,1,4,2307280004,군산 비어 포트
g_g004485,1,5,2307280005,CAR 무인 호텔
g_g004485,2,1,2307290001,비해 원
g_g004485,2,2,2307290002,진포해양테마공원
g_g004485,2,3,2307290003,군산근대 건축관
g_g004485,2,4,2307290004,미즈 커피
g_g004485,2,5,2307290005,군산근대미술관
g_g004485,2,6,2307290006,군산근대역사박물관
g_g004485,2,7,2307290007,중동 호떡
g_g004485,2,8,2307290008,이성당 본점
g_g004485,2,9,2307290009,금동 타운
g_g004489,1,1,2307300001,집
g_g004489,1,2,2307300007,대천해수욕장 3지구 제1공영주차장
g_g004489,1,3,2307300003,대천해수욕장 머드 챌린지 대회장
g_g004489,1,4,2307300005,보령머드축제 패밀리존
g_g004489,1,5,2307300004,보령머드테마파크 머드관
g_g004489,1,6,2307300006,보령머드축제 일반 존
g_g004489,1,7,2307300008,머드광장 샤워장
g_g004489,1,8,2307300009,대천해수욕장
g_g004489,1,9,2307300010,오븐에 빠진 닭 대천해수욕장점
g_g004489,1,10,2307300011,박람회장 특설무대 1
g_g004489,1,11,2307300012,AMPM워시큐 대천해수욕장점
g_g004489,1,12,2307300002,대천해수욕장 3지구 제1공영주차장
g_g004489,2,1,2307310002,스타벅스 대천해수욕장점
g_g004489,2,2,2307310003,대천해수욕장
g_g004489,2,3,2307310004,초록 봉평 메밀
g_g004489,2,4,2307310005,KING COFFEE
g_g004489,2,5,2307310001,집
g_g004492,1,1,2308020001,집
g_g004492,1,2,2308020002,전주 현대옥 전주역점
g_g004492,1,3,2308020003,전주동물원
g_g004492,1,4,2308020005,카페 한올
g_g004492,1,5,2308020006,고궁 전주 본점
g_g004492,1,6,2308020004,전주 덕진공원
g_g004492,1,7,2308020007,연화정도서관
g_g004492,1,8,2308020008,라베 호텔
g_g004492,2,1,2308030001,경기전
g_g004492,2,2,2308030002,카카오 프렌즈 전주한옥마을점
g_g004492,2,3,2308030003,전동성당
g_g004492,2,4,2308030004,베테랑
g_g004492,2,5,2308030005,소복 전주한옥마을점
g_g004492,2,6,2308030006,전주 난장
g_g004492,2,7,2308030007,전주향교
g_g004492,2,8,2308030008,자매 갈비전골
g_g004492,2,9,2308030009,한들 물빛 도시 예미지 아파트
g_g004494,1,1,2308060001,집
g_g004494,1,2,2308060003,금수 한방숯불 가든
g_g004494,1,3,2308060005,죽녹원
g_g004494,1,4,2308060006,메타 프로방스
g_g004494,1,5,2308060007,함양군 로컬푸드
g_g004494,1,6,2308060002,수목원 호정 포레스트 아파트
g_g004498,1,1,2308040001,집
g_g004498,1,2,2308040002,용산역
g_g004498,1,3,2308040003,군산역
g_g004498,1,4,2308040004,관광안내센터
g_g004498,1,5,2308040005,국제반점
g_g004498,1,6,2308040006,초원 사진관
g_g004498,1,7,2308040007,신흥동 일본식 가옥
g_g004498,1,8,2308040008,말랭이 마을
g_g004498,1,9,2308040009,8월의 크리스마스
g_g004498,1,10,2308040010,도도하라 1호점
g_g004498,1,11,2308040011,이성당 본점
g_g004498,1,12,2308040012,옛 군산세관
g_g004498,1,13,2308040013,메인쿤브루잉
g_g004498,1,14,2308040014,군산역
g_g004498,1,15,2308040015,집
g_g004501,1,1,2307290001,집
g_g004501,1,2,2307290002,보령문화의 전당 보령박물관
g_g004501,1,3,2307290003,피자파티
g_g004501,1,4,2307290004,보령종합 경기장
g_g004501,1,5,2307290005,로하스 호텔
g_g004501,2,1,2307300001,대천해수욕장
g_g004501,2,2,2307300002,로하스 호텔
g_g004501,2,3,2307300003,인생네컷 대천 머드광장점
g_g004501,2,4,2307300004,보령머드축제
g_g004501,2,5,2307300005,유일 초밥
g_g004501,2,6,2307300006,보령 청보리밭
g_g004501,2,7,2307300007,청보리 창고
g_g004501,2,8,2307300008,충청수영성
g_g004501,2,9,2307300009,개화예술공원
g_g004501,2,10,2307300010,보령종합터미널
g_g004501,2,11,2307300011,집
g_g004510,1,1,2307290001,집
g_g004510,1,2,2307290003,217헤어살롱 남악점
g_g004510,1,3,2307290004,목포근대역사관 1관
g_g004510,1,4,2307290005,목포근대역사관 2관
g_g004510,1,5,2307290006,서산동 시화 골목
g_g004510,1,6,2307290007,차오르다
g_g004510,1,7,2307290008,평화광장
g_g004510,1,8,2307290009,고기 살롱 목포 하당점
g_g004510,1,9,2307290010,롯데마트 맥스 목포점
g_g004510,1,10,2307290002,집
g_g004511,1,1,2307290001,집
g_g004511,1,2,2307290003,한국도로공사 전주수목원
g_g004511,1,3,2307290004,교동 석갈비
g_g004511,1,4,2307290005,전주한옥마을
g_g004511,1,5,2307290006,마시랑게
g_g004511,1,6,2307290007,전동성당
g_g004511,1,7,2307290008,경기전
g_g004511,1,8,2307290009,집
g_g004516,1,1,2307290001,집
g_g004516,1,2,2307290003,유가네 칼국수
g_g004516,1,3,2307290004,공산성
g_g004516,1,4,2307290005,베이커리 밤마을
g_g004516,1,5,2307290006,국립공주 박물관
g_g004516,1,6,2307290007,석장리 박물관
g_g004516,1,7,2307290002,집
g_g004519,1,1,2308270001,집
g_g004519,1,2,2308270002,원조태평소국밥 둔산점
g_g004519,1,3,2308270003,성심당 DCC점
g_g004519,1,4,2308270004,호텔오노마대전오토그래프컬렉션
g_g004519,1,5,2308270005,대전 신세계
g_g004519,1,6,2308270006,호텔오노마대전오토그래프컬렉션
g_g004519,1,7,2308270007,엑스포과학공원
g_g004519,1,8,2308270009,호텔오노마대전오토그래프컬렉션
g_g004519,2,1,2308280001,베어트리 파크
g_g004519,2,2,2308280002,집
g_g004521,1,1,2307280001,집
g_g004521,1,2,2307280002,카페 한올
g_g004521,1,3,2307280003,전주 덕진공원
g_g004521,1,4,2307280004,한옥 호텔 궁
g_g004521,1,5,2307280005,전주 남부시장 한옥마을 야시장
g_g004521,1,6,2307280006,초원 편의점
g_g004521,1,7,2307280007,한옥 호텔 궁
g_g004521,2,1,2307290002,마시랑게
g_g004521,2,2,2307290003,전주한옥마을
g_g004521,2,3,2307290004,PNB 풍년제과 전주 본점
g_g004521,2,4,2307290005,하숙영가마솥비빔밥
g_g004521,2,5,2307290006,안성휴게소 서울 방향
g_g004521,2,6,2307290001,집
g_g004524,1,1,2307290001,집
g_g004524,1,2,2307290002,서울고속버스터미널(경부)
g_g004524,1,3,2307290003,청년 국물떡볶이
g_g004524,1,4,2307290004,공주종합버스터미널
g_g004524,1,5,2307290005,피탕김탕
g_g004524,1,6,2307290006,서우 마트 공주 식자재
g_g004524,1,7,2307290007,동학사계곡
g_g004524,1,8,2307290008,들꽃 펜션
g_g004524,2,1,2307300001,갑동 숯골 냉면
g_g004524,2,2,2307300002,공주종합버스터미널
g_g004524,2,3,2307300003,서울고속버스터미널(경부)
g_g004524,2,4,2307300004,집
g_g004538,1,1,2307290001,집
g_g004538,1,2,2307290002,섬진강휴게소 순천방향
g_g004538,1,3,2307290003,중외공원
g_g004538,1,4,2307290004,광주역사민속박물관
g_g004538,1,5,2307290005,카페 나니
g_g004538,1,6,2307290006,광주 기아 챔피언 스피드
g_g004538,1,7,2307290007,집
g_g004551,1,1,2307300001,집
g_g004551,1,2,2307300002,대청호 오백리길 4코스(호반 나이만 길)
g_g004551,1,3,2307300004,신이 내린 오후
g_g004551,1,4,2307300005,화인 산림욕장
g_g004551,1,5,2307300003,슬픈 연가 촬영지
g_g004551,1,6,2307300006,파인트리펜션
g_g004551,2,1,2307310002,서원계곡
g_g004551,2,2,2307310003,오장동 흥남집 청주점
g_g004551,2,3,2307310001,집
g_g004552,1,1,2307280001,집
g_g004552,1,2,2307280002,황마 방앗간
g_g004552,1,3,2307280003,프레이밍
g_g004552,1,4,2307280004,일로장
g_g004552,1,5,2307280006,베이커리 카페 공간
g_g004552,1,6,2307280005,연개소문
g_g004552,1,7,2307280007,일로장
g_g004552,2,1,2307290001,브루클린 바이브 가경점
g_g004552,2,2,2307290002,집
g_g004554,1,1,2307290001,집
g_g004554,1,2,2307290002,이룰
g_g004554,1,3,2307290003,코스트코 세종점
g_g004554,1,4,2307290005,국립세종수목원
g_g004554,1,5,2307290004,킨지 세종점
g_g004554,1,6,2307290006,집
g_g004556,1,1,2307280001,집
g_g004556,1,2,2307280003,춘향가
g_g004556,1,3,2307280004,마시러이
g_g004556,1,4,2307280006,슈퍼스타코인 노래연습장
g_g004556,1,5,2307280005,스튜디오 스위치 미니 남원 도통점
g_g004556,1,6,2307280002,춘향가
g_g004556,2,1,2307290002,사랑의 광장
g_g004556,2,2,2307290003,두레 식당
g_g004556,2,3,2307290004,남원시립 김병종 미술관
g_g004556,2,4,2307290005,수자 왕만두
g_g004556,2,5,2307290006,산들다헌
g_g004556,2,6,2307290001,집
g_g004573,1,1,2307310001,친구 친지 집
g_g004573,1,2,2307310002,베테랑
g_g004573,1,3,2307310003,길거리다 한옥마을점
g_g004573,1,4,2307310006,원스 타임 오프
g_g004573,1,5,2307310004,달다
g_g004573,1,6,2307310005,전주한옥마을
g_g004573,1,7,2307310007,경기전
g_g004573,1,8,2307310008,전동성당
g_g004573,1,9,2307310009,엠에이치 호텔 객리 비단길점
g_g004573,1,10,2307310010,또순이네 집
g_g004573,1,11,2307310011,객사길
g_g004573,1,12,2307310012,엠에이치 호텔 객리 비단길점
g_g004573,2,1,2308010001,샘 샘 커피
g_g004573,2,2,2308010002,전주 난장
g_g004573,2,3,2308010003,조점례남문피순대
g_g004573,2,4,2308010004,다이소 광주 전남대점
g_g004578,1,1,2308020001,집
g_g004578,1,2,2308020002,내소사
g_g004578,1,3,2308020005,슬지 제빵소
g_g004578,1,4,2308020004,오가네 젓갈
g_g004578,1,5,2308020003,이디야 부안 내소사점
g_g004578,1,6,2308020006,신생 반점
g_g004578,1,7,2308020007,CU 부안 고사포점
g_g004578,1,8,2308020008,그랑 메종
g_g004578,2,1,2308030001,채석강
g_g004578,2,2,2308030002,마실
g_g004578,2,3,2308030003,집
g_g004593,1,1,2308070001,집
g_g004593,1,2,2308070002,두레 식당
g_g004593,1,3,2308070003,월향재
g_g004593,1,4,2308070004,아담원 카페
g_g004593,1,5,2308070005,오헤브데이호텔 남원지점
g_g004593,1,6,2308070006,황산 토종 정육 식당
g_g004593,1,7,2308070007,오헤브데이호텔 남원지점
g_g004593,2,1,2308080001,그랑깨
g_g004593,2,2,2308080002,빈타이 남원점
g_g004593,2,3,2308080003,광한루원
g_g004593,2,4,2308080004,집
g_g004594,1,1,2308120001,집
g_g004594,1,2,2308120002,매송휴게소 목포 방향
g_g004594,1,3,2308120003,성심당 롯데백화점 대전점
g_g004594,1,4,2308120004,원주율
g_g004594,1,5,2308120005,양반 수제비
g_g004594,1,6,2308120006,롯데시티 호텔 대전
g_g004594,1,7,2308120007,대전역
g_g004594,1,8,2308120008,롯데시티 호텔 대전
g_g004594,2,1,2308130001,엑스포과학공원
g_g004594,2,2,2308130002,대전엑스포 아쿠아리움
g_g004594,2,3,2308130003,대전중앙시장
g_g004594,2,4,2308130004,집
g_g004603,1,1,2308060001,친구 친지 집
g_g004603,1,2,2308060002,활옷 동굴
g_g004603,1,3,2308060003,탄금대
g_g004603,1,4,2308060004,보릿고개 충주점
g_g004603,1,5,2308060005,충주호 크루즈
g_g004603,1,6,2308060006,충주 무학시장
g_g004603,1,7,2308060007,서이숙 펜션
g_g004603,2,1,2308070001,충주시 로컬푸드 충주씨 숍
g_g004603,2,2,2308070002,소소 부뚜막
g_g004603,2,3,2308070003,집
g_g004606,1,1,2308060001,집
g_g004606,1,2,2308060002,올 데이 cc
g_g004606,1,3,2308060003,집
g_g004621,1,1,2307290001,집
g_g004621,1,2,2307290002,국립 해양생물자원관
g_g004621,1,3,2307290003,쌍도 갯벌 식당
g_g004621,1,4,2307290004,라온 펜션
g_g004621,1,5,2307290005,비인 해수욕장
g_g004621,1,6,2307290006,라온 펜션
g_g004621,2,1,2307300001,비인 해수욕장
g_g004621,2,2,2307300002,홍원항 마리나 방파제 등대
g_g004621,2,3,2307300003,마량진항남 방파제 등대
g_g004621,2,4,2307300004,비인 해수욕장
g_g004621,2,5,2307300005,명재고택
g_g004621,2,6,2307300006,집
g_g004622,1,1,2307290001,집
g_g004622,1,2,2307290003,롯데마트 남악점
g_g004622,1,3,2307290004,쑥꿀레 본점
g_g004622,1,4,2307290005,유달 콩물 본점
g_g004622,1,5,2307290007,원조 순대 떡볶이
g_g004622,1,6,2307290006,씨엘이 베이커리 본점
g_g004622,1,7,2307290008,카페 델마르
g_g004622,1,8,2307290009,목포 갓바위
g_g004622,1,9,2307290010,평화광장
g_g004622,1,10,2307290002,집
g_g004626,1,1,2308050001,집
g_g004626,1,2,2308050003,소옽 객리 비단길점
g_g004626,1,3,2308050004,전주한옥마을
g_g004626,1,4,2308050005,전주동물원
g_g004626,1,5,2308050002,집
g_g004629,1,1,2308190001,집
g_g004629,1,2,2308190002,청주 시외버스터미널
g_g004629,1,3,2308190003,유성시외버스정류소
g_g004629,1,4,2308190004,원조태평소국밥
g_g004629,1,5,2308190005,성심당 DCC점
g_g004629,1,6,2308190006,한밭수목원
g_g004629,1,7,2308190007,한 바이크 엑스포
g_g004629,1,8,2308190008,갤러리아백화점 타임월드점
g_g004629,1,9,2308190009,불타는 쪽 갈비
g_g004629,1,10,2308190010,소울투베이커리 둔산점
g_g004629,1,11,2308190011,배스킨라빈스 대전 둔산점
g_g004629,1,12,2308190012,엑스포과학공원 한빛탑
g_g004629,1,13,2308190013,집
g_g004630,1,1,2308040001,집
g_g004630,1,2,2308040002,안중리 육전골 본점
g_g004630,1,3,2308040003,전주 덕진공원
g_g004630,1,4,2308040004,카페 홍시 궁 인후점
g_g004630,1,5,2308040005,전주한옥마을
g_g004630,1,6,2308040006,어야 호텔
g_g004630,1,7,2308040007,누룩 꽃 피는 날 아중점
g_g004630,1,8,2308040009,어야 호텔
g_g004630,2,1,2308050001,명진당 베이커리 카페
g_g004630,2,2,2308050002,GS칼텍스 글로리 주유소
g_g004630,2,3,2308050003,국립무형 유산원 얼쑤 마루소 공연장
g_g004630,2,4,2308050004,집
g_g004631,1,1,2308050001,집
g_g004631,1,2,2308050003,때 화장
g_g004631,1,3,2308050004,성심당 본점
g_g004631,1,4,2308050005,성심당 옛 맛 솜씨
g_g004631,1,5,2308050006,성심당 케이크 부티크
g_g004631,1,6,2308050007,ABC마트 SP 대전은행점
g_g004631,1,7,2308050008,스포츠 몬스터 대전 신세계 아트앤사이언스점
g_g004631,1,8,2308050009,대전 신세계 아트앤사이언스
g_g004631,1,9,2308050010,대전광역시 대덕구 우암로 413
g_g004631,1,10,2308050011,용용 선생 대전 대흥점
g_g004631,1,11,2308050012,나사로 볼링장
g_g004631,1,12,2308050002,대전광역시 대덕구 우암로 413
g_g004631,2,1,2308060002,소소
g_g004631,2,2,2308060003,크록스 대전은행점
g_g004631,2,3,2308060004,으능정이 문화의 거리
g_g004631,2,4,2308060005,도쿄 빙수 은행동점
g_g004631,2,5,2308060006,성심당 본점
g_g004631,2,6,2308060007,성심당 문화원
g_g004631,2,7,2308060001,집
g_g004636,1,1,2308190001,집
g_g004636,1,2,2308190007,천안호두 휴게소 부산방향
g_g004636,1,3,2308190002,호텔 띠아모
g_g004636,1,4,2308190003,진로 집
g_g004636,1,5,2308190004,스타벅스 둔산 은하수점
g_g004636,1,6,2308190005,한화생명 이글스 파크
g_g004636,1,7,2308190006,호텔 띠아모
g_g004636,2,1,2308200001,성심당 본점
g_g004636,2,2,2308200002,오한순 손수제비
g_g004636,2,3,2308200003,에이트 평택 휴게소 평택 방향
g_g004636,2,4,2308200004,집
g_g004637,1,1,2308050001,집
g_g004637,1,2,2308050003,서울고속버스터미널(경부)
g_g004637,1,3,2308050004,천안 고속버스터미널
g_g004637,1,4,2308050005,금강산식당
g_g004637,1,5,2308050006,독립기념관
g_g004637,1,6,2308050007,카페 목천
g_g004637,1,7,2308050008,타타르 베이글
g_g004637,1,8,2308050009,호텔 감
g_g004637,1,9,2308050010,물대포 두정점
g_g004637,1,10,2308050002,호텔 감
g_g004637,2,1,2308060001,박순자 아우내 순대
g_g004637,2,2,2308060002,맥도날드 천안 고속버스터미널점
g_g004637,2,3,2308060003,천안 고속버스터미널
g_g004637,2,4,2308060004,서울고속버스터미널(경부)
g_g004637,2,5,2308060005,집
g_g004656,1,1,2307310001,집
g_g004656,1,2,2307310002,중앙시장 제3공영주차장
g_g004656,1,3,2307310003,한밭수목원
g_g004656,1,4,2307310004,스타벅스 대전엑스포 스카이점
g_g004656,1,5,2307310005,성심당 DCC점
g_g004656,1,6,2307310006,GS칼텍스 GS 사이언스 주유소
g_g004656,1,7,2307310007,통도사
g_g004656,1,8,2307310008,집
g_g004664,1,1,2307310004,사무실
g_g004664,1,2,2307310001,동그라미 테이블
g_g004664,1,3,2307310002,비 클래시
g_g004664,1,4,2307310003,Y 식자재마트 나주점
g_g004664,1,5,2307310005,중흥에스-클래스메가티움2차오피스텔
g_g004664,2,1,2308010001,매화제
g_g004664,2,2,2308010002,광주 월드컵 경기장
g_g004669,1,1,2307310001,사무실
g_g004669,1,2,2307310002,해남 매일 시장
g_g004669,1,3,2307310003,해남고구마빵 피낭시에
g_g004669,1,4,2307310004,유선관
g_g004669,1,5,2307310005,유선관
g_g004669,2,1,2308010001,유선관
g_g004669,2,2,2308010002,대흥사
g_g004669,2,3,2308010003,유선관 유선 카페
g_g004669,2,4,2308010004,서성 식당
g_g004669,2,5,2308010005,땅끝 모노레일
g_g004669,2,6,2308010006,송호해수욕장
g_g004669,2,7,2308010007,동림우방아이유쉘아파트
g_g004671,1,1,2308080001,집
g_g004671,1,2,2308080002,수원역
g_g004671,1,3,2308080003,대전역
g_g004671,1,4,2308080004,성심당 본점
g_g004671,1,5,2308080005,포토그레이 은행점
g_g004671,1,6,2308080006,프렐류드
g_g004671,1,7,2308080007,트래블 라운지
g_g004671,1,8,2308080008,대전 신세계 아트앤사이언스
g_g004671,1,9,2308080009,엑스포과학공원 한빛탑
g_g004671,1,10,2308080010,호텔 리스보아
g_g004671,2,1,2308090001,아임일 리터 대전보건대점
g_g004671,2,2,2308090002,우암사적공원
g_g004671,2,3,2308090003,봉구스 밥버거 대전보건대점
g_g004671,2,4,2308090005,블루 부코
g_g004671,2,5,2308090006,그믐달 셀프스튜디오 은행동점
g_g004671,2,6,2308090007,처비 칙스
g_g004671,2,7,2308090008,신데렐라 커피숍
g_g004671,2,8,2308090009,성심당 본점
g_g004671,2,9,2308090010,대전역
g_g004671,2,10,2308090004,집
g_g004678,1,1,2307300001,집
g_g004678,1,2,2307300003,성심당 대전역점
g_g004678,1,3,2307300004,오씨칼국수
g_g004678,1,4,2307300005,성심당 본점
g_g004678,1,5,2307300006,바로 그 집 대전중앙로 지하상가 점
g_g004678,1,6,2307300007,테라스 키친
g_g004678,1,7,2307300008,대전 신세계 아트앤사이언스
g_g004678,1,8,2307300009,원조태평소국밥 본점
g_g004678,1,9,2307300010,대전역
g_g004678,1,10,2307300002,집
g_g004681,1,1,2308060001,집
g_g004681,1,2,2308060002,초벌
g_g004681,1,3,2308060003,메타 프로방스
g_g004681,1,4,2308060004,향이 난다
g_g004681,1,5,2308060005,죽녹원
g_g004681,1,6,2308060006,집
g_g004688,1,1,2308130001,집
g_g004688,1,2,2308130010,서울고속버스터미널(경부)
g_g004688,1,3,2308130009,단양 시외버스 공용터미널
g_g004688,1,4,2308130002,대교 식당
g_g004688,1,5,2308130004,단양구경시장
g_g004688,1,6,2308130003,만천하 스카이워크
g_g004688,1,7,2308130005,호텔 마루 단양
g_g004688,1,8,2308130006,단양 패러 명가
g_g004688,1,9,2308130007,명촌 뚝배기
g_g004688,1,10,2308130008,호텔 마루 단양
g_g004688,2,1,2308140001,남한강 쏘가리 다슬기
g_g004688,2,2,2308140002,만천하 스카이워크 스카이워크 전망대
g_g004688,2,3,2308140003,단양강잔도
g_g004688,2,4,2308140004,삼봉이네 카페
g_g004688,2,5,2308140005,단양구경시장
g_g004688,2,6,2308140007,단양역
g_g004688,2,7,2308140006,집
g_g004693,1,1,2308270001,집
g_g004693,1,2,2308270002,용산역
g_g004693,1,3,2308270003,광주송정역 주차빌딩
g_g004693,1,4,2308270004,불타는 용궁 짬뽕 본점
g_g004693,1,5,2308270005,카페에 더 맨
g_g004693,1,6,2308270006,금호 화순 스파 리조트
g_g004693,1,7,2308270007,금호 화순리조트 아쿠아나
g_g004693,1,8,2308270008,국보 966옛날 두부
g_g004693,1,9,2308270009,세븐일레븐 호수생태 원점
g_g004693,1,10,2308270010,금호 화순 스파 리조트
g_g004693,2,1,2308280001,무등산 편백자연휴양림
g_g004693,2,2,2308280002,화순하다
g_g004693,2,3,2308280005,첨단 김밥
g_g004693,2,4,2308280003,소맥 베이커리
g_g004693,2,5,2308280004,궁전제과 충장점
g_g004693,2,6,2308280006,쑥스 초코파이
g_g004693,2,7,2308280007,집
g_g004701,1,1,2308260001,집
g_g004701,1,2,2308260002,기흥휴게소 부산방향
g_g004701,1,3,2308260003,병천순대거리
g_g004701,1,4,2308260004,독립기념관
g_g004701,1,5,2308260005,천안 타운홀 전망대
g_g004701,1,6,2308260006,소노벨 천안 오션 어드벤처
g_g004701,1,7,2308260007,소노벨 천안
g_g004701,2,1,2308270001,지중해마을
g_g004701,2,2,2308270002,오산 휴게소 동탄 방향
g_g004701,2,3,2308270003,집
g_g004707,1,1,2308060001,집
g_g004707,1,2,2308060005,이마트 목포점
g_g004707,1,3,2308060006,스타벅스 목포 이마트 점
g_g004707,1,4,2308060003,가마골 생태공원
g_g004707,1,5,2308060004,메타 프로방스
g_g004707,1,6,2308060002,담양 산토리니 펜션
g_g004707,2,1,2308070002,창평 국밥
g_g004707,2,2,2308070003,몽에뚜와르 단청 제빵소 담양점
g_g004707,2,3,2308070001,집
g_g004711,1,1,2308010001,집
g_g004711,1,2,2308010003,안양역
g_g004711,1,3,2308010004,대전역
g_g004711,1,4,2308010005,성심당 본점
g_g004711,1,5,2308010006,사리원 면옥 본점
g_g004711,1,6,2308010007,빽다방 대전은행점
g_g004711,1,7,2308010008,한화생명 이글스 파크
g_g004711,1,8,2308010009,맥도날드 대전 부사 DT점
g_g004711,1,9,2308010010,한화생명 이글스 파크
g_g004711,1,10,2308010011,한화생명 이글스 파크 외야 일반석 1
g_g004711,1,11,2308010002,호텔 띠아모
g_g004711,2,1,2308020001,보문산공원
g_g004711,2,2,2308020003,성심당 대전역점
g_g004711,2,3,2308020002,역전 가락국수 41 대전은행점
g_g004711,2,4,2308020004,대전역
g_g004711,2,5,2308020005,영등포역
g_g004711,2,6,2308020006,금천구청 역 1호선
g_g004711,2,7,2308020007,집
g_g004714,1,1,2308120006,집
g_g004714,1,2,2308120001,황룡강 생태공원
g_g004714,1,3,2308120002,황미란 랜드
g_g004714,1,4,2308120003,초동 순두부
g_g004714,1,5,2308120004,카페 잇다
g_g004714,1,6,2308120005,중흥 파크 아파트
g_g004719,1,1,2308030001,집
g_g004719,1,2,2308030002,대천역
g_g004719,1,3,2308030003,김가네 사골 수제비
g_g004719,1,4,2308030004,해브 잇
g_g004719,1,5,2308030005,보령머드축제
g_g004719,1,6,2308030006,대천해수욕장 스카이 바이크
g_g004719,1,7,2308030007,삼성 조개 카페
g_g004719,1,8,2308030008,집
g_g004722,1,1,2308010001,집
g_g004722,1,2,2308010002,사인암
g_g004722,1,3,2308010003,대교 식당
g_g004722,1,4,2308010004,사인암
g_g004722,1,5,2308010005,단양관광호텔
g_g004722,1,6,2308010006,단양구경시장
g_g004722,1,7,2308010007,양지 가든
g_g004722,1,8,2308010008,단양관광호텔
g_g004722,2,1,2308020001,단양 레포츠
g_g004722,2,2,2308020002,북벽 가든
g_g004722,2,3,2308020003,시즌 뷰
g_g004722,2,4,2308020004,소 플러스 안산 선부점
g_g004722,2,5,2308020005,집
g_g004723,1,1,2308050001,집
g_g004723,1,2,2308050010,서울고속버스터미널(경부)
g_g004723,1,3,2308050008,대전복합터미널
g_g004723,1,4,2308050002,성심당 본점
g_g004723,1,5,2308050003,스타벅스 대전중앙로 R점
g_g004723,1,6,2308050004,포토이즘 박스 대전은행점
g_g004723,1,7,2308050006,성심당 DCC점
g_g004723,1,8,2308050005,대전 신세계 아트앤사이언스
g_g004723,1,9,2308050007,우리 칼국수
g_g004723,1,10,2308050011,대전복합터미널
g_g004723,1,11,2308050012,서울고속버스터미널(경부)
g_g004723,1,12,2308050009,집
g_g004729,1,1,2308030001,집
g_g004729,1,2,2308030002,담양 현재 국수
g_g004729,1,3,2308030003,깜꼼
g_g004729,1,4,2308030005,담양 관방제림
g_g004729,1,5,2308030006,담빛예술창고
g_g004729,1,6,2308030007,담양 관방제림
g_g004729,1,7,2308030008,메타세쿼이아 가로수길
g_g004729,1,8,2308030009,메타 프로방스
g_g004729,1,9,2308030010,담양축협 하나로마트 본점
g_g004729,1,10,2308030011,집
g_g004731,1,1,2308020001,집
g_g004731,1,2,2308020002,정남진 물 축제
g_g004731,1,3,2308020003,문화다
g_g004731,1,4,2308020004,장흥 뚝배기
g_g004731,1,5,2308020005,대한 커피
g_g004731,1,6,2308020006,정남진 장흥농협 하나로마트
g_g004731,1,7,2308020007,정남진 물 과학관
g_g004731,1,8,2308020008,정남 진 도서관
g_g004731,1,9,2308020009,집
g_g004732,1,1,2308040001,집
g_g004732,1,2,2308040002,아미 미술관
g_g004732,1,3,2308040003,백소장 당진시청점
g_g004732,1,4,2308040004,신리성지
g_g004732,1,5,2308040005,집
g_g004740,1,1,2308300001,집
g_g004740,1,2,2308300002,스타벅스 세종청사점
g_g004740,1,3,2308300003,포레스트 리솜 해브나인스파
g_g004740,1,4,2308300004,포레스트 리솜
g_g004740,1,5,2308300008,CU 리솜포레스트점
g_g004740,1,6,2308300005,모요
g_g004740,1,7,2308300006,누하스 포레스트
g_g004740,1,8,2308300007,OH Rock!
g_g004740,1,9,2308300015,포레스트 리솜
g_g004740,2,1,2308310001,포레스트 리솜
g_g004740,2,2,2308310002,산 아래 석갈비 2호점
g_g004740,2,3,2308310003,유알비
g_g004740,2,4,2308310004,의림지
g_g004740,2,5,2308310005,의림지 용추폭포 유리 전망대
g_g004740,2,6,2308310006,집
g_g004754,1,1,2308050001,집
g_g004754,1,2,2308050002,능암늪지생태공원
g_g004754,1,3,2308050003,강경 불고기 충주점
g_g004754,1,4,2308050004,두레 베이커리 카페 남산점
g_g004754,1,5,2308050005,활옷 동굴
g_g004754,1,6,2308050006,중앙탑 사진관 찍고 놀까
g_g004754,1,7,2308050007,중앙탑면 막국수
g_g004754,1,8,2308050008,중앙탑 사적공원
g_g004754,1,9,2308050009,충주고구려천문과학관
g_g004754,1,10,2308050010,무지개 길 게스트하우스
g_g004754,2,1,2308060001,빨간 사과
g_g004754,2,2,2308060002,충주 무학시장
g_g004754,2,3,2308060003,게으른 악어
g_g004754,2,4,2308060004,집
g_g004757,1,1,2308060001,집
g_g004757,1,2,2308060002,함안휴게소
g_g004757,1,3,2308060003,산다라 전통 떡갈비 오리 본점
g_g004757,1,4,2308060004,다이소
g_g004757,1,5,2308060005,메타 프로방스
g_g004757,1,6,2308060006,선인장 호스텔
g_g004757,1,7,2308060007,프랭크 버거
g_g004757,1,8,2308060008,담양 관방제림
g_g004757,1,9,2308060009,올리브영 광주 일곡점
g_g004757,1,10,2308060010,행복 가득 주유소
g_g004757,1,11,2308060011,CU 담양 추서로 점
g_g004757,1,12,2308060012,선인장 호스텔
g_g004757,2,1,2308070001,죽녹원
g_g004757,2,2,2308070002,알랑
g_g004757,2,3,2308070003,집
g_g004762,1,1,2308260001,집
g_g004762,1,2,2308260003,대전역
g_g004762,1,3,2308260004,효자 한식뷔페
g_g004762,1,4,2308260005,한밭수목원 열대식물원
g_g004762,1,5,2308260006,푸드마켓 대전 신세계 ArtScience점
g_g004762,1,6,2308260007,대전엑스포 아쿠아리움
g_g004762,1,7,2308260008,대전 신세계
g_g004762,1,8,2308260009,오시우 커피
g_g004762,1,9,2308260010,알라딘 중고서점 대전은행점
g_g004762,1,10,2308260011,스머프 치킨 대전 본점
g_g004762,1,11,2308260002,넘버 25호텔 대전역점
g_g004762,2,1,2308270002,에그그본점
g_g004762,2,2,2308270003,애니사카이
g_g004762,2,3,2308270004,성심당 본점
g_g004762,2,4,2308270005,대전근현대사전시관
g_g004762,2,5,2308270006,대전역
g_g004762,2,6,2308270001,집
g_g004766,1,1,2308260001,집
g_g004766,1,2,2308260002,정안 알밤 휴게소 천안 방향
g_g004766,1,3,2308260003,매일 닭집
g_g004766,1,4,2308260008,주공 할인마트
g_g004766,1,5,2308260004,강천사
g_g004766,1,6,2308260005,순창농협 하나로마트
g_g004766,1,7,2308260007,스테이 사계
g_g004766,2,1,2308270001,베르 자르다
g_g004766,2,2,2308270002,화양연화
g_g004766,2,3,2308270003,쌍교 숯불갈비 담양 본점
g_g004766,2,4,2308270004,이인 휴게소 천안 방향
g_g004766,2,5,2308270005,집
g_g004772,1,1,2308050001,친구 친지 집
g_g004772,1,2,2308050003,경기전 옆 사진관
g_g004772,1,3,2308050006,한국도로공사 전주수목원
g_g004772,1,4,2308050005,숙소
g_g004772,1,5,2308050004,전주 남부시장 한옥마을 야시장
g_g004772,1,6,2308050007,숙소
g_g004772,1,7,2308050008,조원집 본점
g_g004772,1,8,2308050010,전동성당
g_g004772,1,9,2308050009,1938맨션
g_g004772,1,10,2308050011,전일갑오
g_g004772,1,11,2308050012,숙소
g_g004772,2,1,2308060001,프랭크 커핀 바 효자점
g_g004772,2,2,2308060002,세이토우동
g_g004772,2,3,2308060003,집
g_g004776,1,1,2308050001,집
g_g004776,1,2,2308050004,서대전역
g_g004776,1,3,2308050003,용산역
g_g004776,1,4,2308050005,성심당 본점
g_g004776,1,5,2308050006,성심당 문화원
g_g004776,1,6,2308050008,성심당 옛 맛 솜씨
g_g004776,1,7,2308050007,테라스 키친
g_g004776,1,8,2308050009,다다르다
g_g004776,1,9,2308050010,성심당 케이크 부티크
g_g004776,1,10,2308050011,스타벅스 대전 둔산점
g_g004776,1,11,2308050012,룸증에 이 대전 둔산점
g_g004776,1,12,2308050013,이응노미술관
g_g004776,1,13,2308050014,우리 칼국수
g_g004776,1,14,2308050015,서울역
g_g004776,1,15,2308050002,집
g_g004781,1,1,2308050001,집
g_g004781,1,2,2308050002,황산 1길 39-17
g_g004781,1,3,2308050003,금왕 휴게소 충주방향
g_g004781,1,4,2308050004,백향담
g_g004781,1,5,2308050005,도담삼봉 단양 유람선 선착장
g_g004781,1,6,2308050006,만천하 스카이워크
g_g004781,1,7,2308050007,가마골
g_g004781,1,8,2308050008,부모님 집
g_g004781,2,1,2308060001,현덕면 사무소
g_g004781,2,2,2308060002,집
g_g004810,1,1,2308060001,집
g_g004810,1,2,2308060002,덕평자연휴게소 강릉방향
g_g004810,1,3,2308060003,소노문단양
g_g004810,1,4,2308060005,트리플건 카페
g_g004810,1,5,2308060006,소노문단양
g_g004810,1,6,2308060004,락송정
g_g004810,1,7,2308060007,카페 산
g_g004810,1,8,2308060008,충청도 순대
g_g004810,1,9,2308060009,GS25 단양 나루점
g_g004810,1,10,2308060010,소노문단양
g_g004810,2,1,2308070001,가마골 쉼터
g_g004810,2,2,2308070002,단양 금굴 구석기 유적지
g_g004810,2,3,2308070003,도담삼봉
g_g004810,2,4,2308070004,제이미 커피
g_g004810,2,5,2308070005,집
g_g004813,1,1,2308150001,집
g_g004813,1,2,2308150003,수서역
g_g004813,1,3,2308150004,섬진강 대나무 숲길
g_g004813,1,4,2308150005,꽃 뜨레
g_g004813,1,5,2308150006,스테이 지리산 아침
g_g004813,1,6,2308150007,화엄사
g_g004813,1,7,2308150002,스테이 지리산 아침
g_g004813,2,1,2308160002,구례 밀밭
g_g004813,2,2,2308160003,천은사
g_g004813,2,3,2308160004,쌍산재
g_g004813,2,4,2308160005,구례구역
g_g004813,2,5,2308160001,집
g_g004815,1,1,2308250001,집
g_g004815,1,2,2308250002,종남산장
g_g004815,1,3,2308250003,아원 고택
g_g004815,1,4,2308250004,전주 난장
g_g004815,1,5,2308250005,다가 양조장
g_g004815,1,6,2308250006,전주 친구 집
g_g004815,2,1,2308260001,조점례남문피순대
g_g004815,2,2,2308260002,차경
g_g004815,2,3,2308260003,전주한옥마을
g_g004815,2,4,2308260004,메르 밀지 미집 본점
g_g004815,2,5,2308260005,집
g_g004816,1,1,2308030001,집
g_g004816,1,2,2308030003,중원대학교 야외풀장
g_g004816,1,3,2308030004,괴산전통시장
g_g004816,1,4,2308030005,장연 식당
g_g004816,1,5,2308030002,집
g_g004822,1,1,2308120001,집
g_g004822,1,2,2308120003,상촌 식당
g_g004822,1,3,2308120004,중산 낚시터
g_g004822,2,1,2308130001,탄금대
g_g004822,2,2,2308130002,충주 어린이 과학관 해담별
g_g004822,2,3,2308130003,행복한 가락국수가게 충주점
g_g004822,2,4,2308130004,집
g_g004826,1,1,2308060001,집
g_g004826,1,2,2308060002,청량리역
g_g004826,1,3,2308060003,도담삼봉
g_g004826,1,4,2308060004,백향담
g_g004826,1,5,2308060005,폭바골
g_g004826,1,6,2308060006,단양구경시장
g_g004826,1,7,2308060007,단양 노트
g_g004826,1,8,2308060008,소금정공원
g_g004826,1,9,2308060009,용인휴게소 서창방향
g_g004826,1,10,2308060010,집
g_g004828,1,1,2308110001,집
g_g004828,1,2,2308110003,무주반딧불시장
g_g004828,1,3,2308110004,청마루
g_g004828,1,4,2308110005,용추폭포
g_g004828,1,5,2308110002,국립덕유산자연휴양림
g_g004828,2,1,2308120007,국립덕유산자연휴양림 산책로
g_g004828,2,2,2308120002,태권도원
g_g004828,2,3,2308120003,나제통문
g_g004828,2,4,2308120004,무주 뚝배기
g_g004828,2,5,2308120005,무주구천동 사회 수심대 일원
g_g004828,2,6,2308120006,거창축협 한우 팰리스 더 무그 씨 유
g_g004828,2,7,2308120001,평택 비전 아이파크 아파트
g_g004831,1,1,2308200001,집
g_g004831,1,2,2308200003,쫄쫄 호떡 중앙공원 본점
g_g004831,1,3,2308200004,11포인트
g_g004831,1,4,2308200005,마음 무늬
g_g004831,1,5,2308200006,냥체국
g_g004831,1,6,2308200007,문의문화재 단지
g_g004831,1,7,2308200008,부부식당
g_g004831,1,8,2308200009,파스쿠찌 대청댐
g_g004831,1,9,2308200010,금강로하스공원 주차장
g_g004831,1,10,2308200002,집
g_g004839,1,1,2308050001,집
g_g004839,1,2,2308050002,옛 청주 역사박물관과 역사 공원
g_g004839,1,3,2308050003,수암골
g_g004839,1,4,2308050004,수암골 드라마. 영화 촬영지
g_g004839,1,5,2308050006,ONE 아트
g_g004839,1,6,2308050005,풀 문
g_g004839,1,7,2308050007,팔봉제 빵점
g_g004839,1,8,2308050008,APM 떡볶이
g_g004839,1,9,2308050009,국립현대미술관 청주 CU 편의점
g_g004839,1,10,2308050010,국립현대미술관 청주
g_g004839,1,11,2308050012,청주 레스트 호텔
g_g004839,2,1,2308060001,오창 호수공원 진입광장
g_g004839,2,2,2308060002,백로 식당 본점
g_g004839,2,3,2308060003,쫄쫄 호떡
g_g004839,2,4,2308060004,집
g_g004847,1,1,2308150001,집
g_g004847,1,2,2308150003,서울역
g_g004847,1,3,2308150004,대전역
g_g004847,1,4,2308150005,이가 제면소
g_g004847,1,5,2308150006,향옥 찻집
g_g004847,1,6,2308150007,카페사 나고
g_g004847,1,7,2308150008,소수로와
g_g004847,1,8,2308150009,광천 식당
g_g004847,1,9,2308150010,성심당 케이크 부티크
g_g004847,1,10,2308150011,대전시 축제
g_g004847,1,11,2308150002,집
g_g004848,1,1,2308160001,집
g_g004848,1,2,2308160002,메타 프로방스
g_g004848,1,3,2308160003,메타세쿼이아 가로수길
g_g004848,1,4,2308160004,담양국수거리
g_g004848,1,5,2308160005,죽녹원
g_g004848,1,6,2308160006,알랑
g_g004848,1,7,2308160007,딜라이트 담양
g_g004848,1,8,2308160008,한옥마을 물갈비
g_g004848,1,9,2308160009,집
g_g004849,1,1,2308150001,집
g_g004849,1,2,2308150003,행운 식당
g_g004849,1,3,2308150004,포레스트 리솜 해브나인스파
g_g004849,1,4,2308150002,포레스트 리솜
g_g004849,2,1,2308160001,별이네 한우 해장국
g_g004849,2,2,2308160002,의림지
g_g004849,2,3,2308160003,티 카페 차센
g_g004849,2,4,2308160004,집
g_g004852,1,1,2308110001,집
g_g004852,1,2,2308110002,푸드엠파이어 계명대학교 동산병원점
g_g004852,1,3,2308110003,문산휴게소 순천방향
g_g004852,1,4,2308110004,호시탐탐
g_g004852,1,5,2308110005,코업 스테이 코아루 여수
g_g004852,1,6,2308110006,여수세계박람회 스카이타워
g_g004852,1,7,2308110007,하멜등대
g_g004852,1,8,2308110008,일품 대패삼겹살
g_g004852,1,9,2308110009,코업 스테이 코아루 여수
g_g004852,2,1,2308120001,코업 스테이 코아루 여수 1층 조식 식당
g_g004852,2,2,2308120002,코업 스테이 코아루 여수
g_g004852,2,3,2308120003,녹테마레
g_g004852,2,4,2308120004,여수농협 하나로마트
g_g004852,2,5,2308120005,더마나
g_g004852,2,6,2308120006,이순신광장 지하주차장 입구
g_g004852,2,7,2308120007,이순신광장 일대에서 여수 문화재 야행
g_g004852,2,8,2308120008,진주휴게소 부산방향
g_g004852,2,9,2308120009,집
g_g004853,1,1,2308280001,집
g_g004853,1,2,2308280002,이서휴게소 천안 방향
g_g004853,1,3,2308280003,혜성 메밀
g_g004853,1,4,2308280004,해리농협 하나로마트
g_g004853,1,5,2308280005,상하농원
g_g004853,1,6,2308280006,상하농원 파머스 카페 상하
g_g004853,1,7,2308280007,하이 구시포 펜션
g_g004853,2,1,2308290001,농부의 카페 사랑 새봄
g_g004853,2,2,2308290002,육일 식당
g_g004853,2,3,2308290003,집
g_g004865,1,1,2308190001,사무실
g_g004865,1,2,2308190002,전주 고속버스터미널
g_g004865,1,3,2308190003,도스타코스 전주신시가지점
g_g004865,1,4,2308190004,카카오 프렌즈 전주한옥마을점
g_g004865,1,5,2308190005,전동성당
g_g004865,1,6,2308190006,전동성당 수녀원
g_g004865,1,7,2308190007,전주한옥마을
g_g004865,1,8,2308190008,이르리
g_g004865,1,9,2308190009,한옥문꼬치
g_g004865,1,10,2308190010,객사길
g_g004865,1,11,2308190011,규카츠정
g_g004865,1,12,2308190012,에잇 세컨즈 전주고사점
g_g004865,1,13,2308190013,롯데리아 전주고사점
g_g004865,1,14,2308190014,왕과탕후루 전주 객사점
g_g004865,1,15,2308190015,엠플레이그라운드 전주점
g_g004865,1,16,2308190022,아라보다 호텔
g_g004865,2,1,2308200001,감자탕 나라
g_g004865,2,2,2308200002,다이소 전주 터미널점
g_g004865,2,3,2308200003,던킨 전주 고속 터미널점
g_g004865,2,4,2308200004,전주 시외버스 공용터미널
g_g004865,2,5,2308200005,사창사거리
g_g004865,2,6,2308200006,집
g_g004869,1,1,2308120001,집
g_g004869,1,2,2308120002,첫 마을 5단지 푸르지오 아파트
g_g004869,1,3,2308120003,이응다리
g_g004869,1,4,2308120005,빈스텔라
g_g004869,1,5,2308120004,국립세종수목원
g_g004869,1,6,2308120006,용당이 매운탕
g_g004869,1,7,2308120007,세종 스파 찜질방
g_g004869,1,8,2308120008,첫 마을 5단지 푸르지오 아파트
g_g004869,2,1,2308130001,밀마루전망대
g_g004869,2,2,2308130002,고기 냉면 을화옥
g_g004869,2,3,2308130003,집
g_g004879,1,1,2308170001,집
g_g004879,1,2,2308170002,고서농협 로컬푸드 직매장
g_g004879,1,3,2308170003,강미정
g_g004879,1,4,2308170004,담양온천
g_g004879,1,5,2308170006,슈트라 하우스
g_g004879,2,1,2308180001,파인드업
g_g004879,2,2,2308180002,메타세쿼이아 가로수길
g_g004879,2,3,2308180003,범부
g_g004879,2,4,2308180004,집
g_g004886,1,1,2308140001,집
g_g004886,1,2,2308140002,디보트
g_g004886,1,3,2308140003,왕과탕후루 광주점
g_g004886,1,4,2308140004,모노맨션 광주 충장로점
g_g004886,1,5,2308140005,타코초
g_g004886,1,6,2308140007,비지니스호텔듀
g_g004886,2,1,2308150001,국립아시아문화전당
g_g004886,2,2,2308150002,행복한 담벼락
g_g004886,2,3,2308150003,무등산 리프트 모노레일
g_g004886,2,4,2308150004,집
g_g004905,1,1,2309020001,집
g_g004905,1,2,2309020002,지린성
g_g004905,1,3,2309020003,달고나 아이스크림
g_g004905,1,4,2309020004,옛 군산세관
g_g004905,1,5,2309020005,인문학 창고 정담
g_g004905,1,6,2309020006,초원 사진관
g_g004905,1,7,2309020007,more_andmore
g_g004905,1,8,2309020008,신흥동 일본식 가옥
g_g004905,1,9,2309020009,말랭이 마을
g_g004905,1,10,2309020010,도도하라 2호점
g_g004905,1,11,2309020011,동양식품
g_g004905,1,12,2309020012,경암동 철길마을
g_g004905,1,13,2309020013,군산 스테이 관광호텔
g_g004905,1,14,2309020014,개화당 레스토랑
g_g004905,1,15,2309020015,카페 브락
g_g004905,1,16,2309020016,이성당 본점
g_g004905,1,17,2309020017,군산 스테이 관광호텔
g_g004905,2,1,2309030001,옥돌해수욕장
g_g004905,2,2,2309030002,장자도
g_g004905,2,3,2309030003,선유도해수욕장
g_g004905,2,4,2309030004,중동 호떡
g_g004905,2,5,2309030005,벌곡휴게소 대전방향
g_g004905,2,6,2309030006,집
g_g004906,1,1,2308130001,집
g_g004906,1,2,2308130002,때 화장
g_g004906,1,3,2308130003,뿌리공원
g_g004906,1,4,2308130004,성심당 롯데백화점 대전점
g_g004906,1,5,2308130005,한화생명 이글스 파크
g_g004906,1,6,2308130006,호텔 스카이파크 대전 1호점
g_g004906,2,1,2308140001,오한 순 손 수제비
g_g004906,2,2,2308140002,블루 부코
g_g004906,2,3,2308140003,트래블 라운지
g_g004906,2,4,2308140004,대전시 축제
g_g004906,2,5,2308140005,대전중앙시장
g_g004906,2,6,2308140006,집
g_g004920,1,1,2308060001,집
g_g004920,1,2,2308060003,강당골
g_g004920,1,3,2308060004,상전
g_g004920,1,4,2308060005,은하수 다방
g_g004920,1,5,2308060002,집
g_g004971,1,1,2308110001,집
g_g004971,1,2,2308110002,라스칼라
g_g004971,1,3,2308110003,이마트 보령점
g_g004971,1,4,2308110006,광장 마트
g_g004971,1,5,2308110005,대천해수욕장
g_g004971,1,6,2308110007,카스 노래연습장
g_g004971,1,7,2308110004,너울 펜션
g_g004971,2,1,2308120001,통나무집 휴게소
g_g004971,2,2,2308120002,양각산
g_g004971,2,3,2308120003,한 오백 년 추어탕 본점
g_g004971,2,4,2308120004,집
g_g004976,1,1,2309020001,집
g_g004976,1,2,2309020002,대전 어린이 회관
g_g004976,1,3,2309020003,원조태평소국밥 유성점
g_g004976,1,4,2309020004,한빛탑 광장
g_g004976,1,5,2309020006,토요코인 호텔 대전정부청사앞점
g_g004976,2,1,2309030001,국립 중앙과학관
g_g004976,2,2,2309030003,한돈 참숯 꼬기 부곡점
g_g004976,2,3,2309030002,성심당 DCC점
g_g004976,2,4,2309030004,다이소 김천 부곡점
g_g004976,2,5,2309030005,집
g_g004977,1,1,2308050001,집
g_g004977,1,2,2308050002,기흥휴게소 주차장
g_g004977,1,3,2308050008,안성맞춤 주유소 제천 방향
g_g004977,1,4,2308050003,고가네 캠핑장
g_g004977,1,5,2308050004,고가네 연구소
g_g004977,1,6,2308050005,CU 진천 초평 가든점
g_g004977,1,7,2308050007,고가네 캠핑장
g_g004977,1,8,2308050006,고가네 캠핑장
g_g004977,2,1,2308060001,손맛 한식뷔페
g_g004977,2,2,2308060002,죽전휴게소 서울 방향
g_g004977,2,3,2308060003,집
g_g004993,1,1,2308060001,집
g_g004993,1,2,2308060002,관방천국수
g_g004993,1,3,2308060003,담양관방제림
g_g004993,1,4,2308060004,담빛예술창고
g_g004993,1,5,2308060005,집
g_g004994,1,1,2308050001,집
g_g004994,1,2,2308050002,삼국유사군위휴게소 상주방향
g_g004994,1,3,2308050003,단양구경시장
g_g004994,1,4,2308050004,사계절 펜션
g_g004994,2,1,2308060001,레이크 앤 마운틴
g_g004994,2,2,2308060002,집
g_g005012,1,1,2308050001,집
g_g005012,1,2,2308050003,익산 미륵사지
g_g005012,1,3,2308050004,맛도 순두부
g_g005012,1,4,2308050002,집
g_g005034,1,1,2308050001,집
g_g005034,1,2,2308050002,마는
g_g005034,1,3,2308050003,CGV 청주
g_g005034,1,4,2308050004,어나 더 오브젝트
g_g005034,1,5,2308050005,올리브영 청주타운점
g_g005034,1,6,2308050006,군자 대한 곱창 청주 지웰점
g_g005034,1,7,2308050008,장 보리 식자재마트 광혜원점
g_g005034,1,8,2308050007,집
g_g005060,1,1,2309020001,집
g_g005060,1,2,2309020002,천안역
g_g005060,1,3,2309020003,군산역
g_g005060,1,4,2309020005,무녀 2구 마을버스
g_g005060,1,5,2309020004,게스트하우스 이웃
g_g005060,1,6,2309020006,무녀도
g_g005060,1,7,2309020007,게스트하우스 이웃
g_g005060,1,8,2309020008,신흥동 일본식 가옥
g_g005060,1,9,2309020009,초원 사진관
g_g005060,1,10,2309020010,하망굴
g_g005060,1,11,2309020011,군산 월명공원
g_g005060,1,12,2309020012,군산 덮밥
g_g005060,1,13,2309020013,은파호수공원
g_g005060,1,14,2309020014,게스트하우스 이웃
g_g005060,2,1,2309030001,이성당 본점
g_g005060,2,2,2309030002,할배 국수
g_g005060,2,3,2309030003,군산근대역사박물관
g_g005060,2,4,2309030004,군산근대미술관
g_g005060,2,5,2309030005,군산역
g_g005060,2,6,2309030006,집
g_g005081,1,1,2308060001,친구 친지 집
g_g005081,1,2,2308060002,전주역
g_g005081,1,3,2308060003,이가 한옥
g_g005081,1,4,2308060004,교동 석쇠불고기
g_g005081,1,5,2308060005,이가 한옥
g_g005081,2,1,2308070001,전주한옥 레일바이크
g_g005081,2,2,2308070002,전주동물원
g_g005081,2,3,2308070003,홈플러스 전주점
g_g005081,2,4,2308070004,다래옥
g_g005081,2,5,2308070005,전주역
g_g005081,2,6,2308070006,창인 아파트
g_g005083,1,1,2308050001,집
g_g005083,1,2,2308050002,광한루원
g_g005083,1,3,2308050003,남원시립 김병종 미술관
g_g005083,1,4,2308050004,미안 커피
g_g005083,1,5,2308050005,집
g_g005114,1,1,2308130001,집
g_g005114,1,2,2308130002,동서울터미널
g_g005114,1,3,2308130003,전주 고속버스터미널
g_g005114,1,4,2308130004,아랑궐
g_g005114,1,5,2308130005,교동 떡갈비
g_g005114,1,6,2308130006,전주한옥마을
g_g005114,1,7,2308130007,카페 달곰
g_g005114,1,8,2308130009,경기전
g_g005114,1,9,2308130008,전주 난장
g_g005114,1,10,2308130010,전동성당
g_g005114,1,11,2308130011,전주 남부시장 한옥마을 야시장
g_g005114,1,12,2308130012,전망대 카페
g_g005114,1,13,2308130013,오짱 전주한옥마을점
g_g005114,1,14,2308130014,아랑궐
g_g005114,2,1,2308140002,GS25 전주한옥마을점
g_g005114,2,2,2308140003,오목대
g_g005114,2,3,2308140005,자만벽화마을
g_g005114,2,4,2308140006,한벽 굴
g_g005114,2,5,2308140007,승암산
g_g005114,2,6,2308140008,두이모 카페
g_g005114,2,7,2308140009,객사길
g_g005114,2,8,2308140010,카페 경우
g_g005114,2,9,2308140011,카페 소복
g_g005114,2,10,2308140012,전주 덕진공원
g_g005114,2,11,2308140013,금암 피순대
g_g005114,2,12,2308140014,다이소 전주 터미널점
g_g005114,2,13,2308140015,전주 고속버스터미널
g_g005114,2,14,2308140001,집
g_g005127,1,1,2309020001,집
g_g005127,1,2,2309020002,김밥나라 수완모아점
g_g005127,1,3,2309020003,컴포즈커피 광주 수완 지구점
g_g005127,1,4,2309020004,지리산 허브밸리
g_g005127,1,5,2309020005,집밥 담다
g_g005127,1,6,2309020006,월향재
g_g005127,1,7,2309020007,남원시립 김병종 미술관
g_g005127,1,8,2309020008,남원 예천 by 켄싱턴
g_g005127,1,9,2309020009,서에 헌
g_g005127,1,10,2309020010,광한루원
g_g005127,1,11,2309020011,배스킨라빈스 전북 남원점
g_g005127,1,12,2309020013,남원 예천 by 켄싱턴
g_g005127,2,1,2309030001,남원 예천 by 켄싱턴
g_g005127,2,2,2309030002,잡학 다식 2
g_g005127,2,3,2309030003,미미 식당
g_g005127,2,4,2309030004,추냔이네
g_g005127,2,5,2309030005,미드 슬로프
g_g005127,2,6,2309030006,집
g_g005141,1,1,2308120001,집
g_g005141,1,2,2308120007,구천동 계곡
g_g005141,1,3,2308120008,덕유산국립공원
g_g005141,1,4,2308120005,전주 진미식당
g_g005141,1,5,2308120006,무주나 봄리조트 별관
g_g005141,2,1,2308130001,덕유산국립공원 탐방안내소
g_g005141,2,2,2308130002,무주나 봄리조트 별관
g_g005141,2,3,2308130003,머루와인동굴
g_g005141,2,4,2308130004,안국사
g_g005141,2,5,2308130005,적상산 전망대
g_g005141,2,6,2308130006,콩수리에 두부가
g_g005141,2,7,2308130007,집
g_g005160,1,1,2308230001,집
g_g005160,1,2,2308230002,센트럴시티터미널(호남)
g_g005160,1,3,2308230003,정안 알밤 휴게소 논산 방향
g_g005160,1,4,2308230004,담양 공용버스터미널
g_g005160,1,5,2308230005,진우네 집 국수
g_g005160,1,6,2308230006,호텔 드 몽드
g_g005160,1,7,2308230007,죽녹원
g_g005160,1,8,2308230008,죽녹원 일번지
g_g005160,1,9,2308230009,CU 담양 호텔 드 몽드점
g_g005160,1,10,2308230010,호텔 드 몽드
g_g005160,2,1,2308240002,포토이즘 박스 메타 프로방스점
g_g005160,2,2,2308240003,카페 OG
g_g005160,2,3,2308240004,카페 쿠이롤
g_g005160,2,4,2308240005,선나나 상점
g_g005160,2,5,2308240006,정안 알밤 휴게소 천안 방향
g_g005160,2,6,2308240007,센트럴시티터미널(호남)
g_g005160,2,7,2308240008,리김밥 센트럴시티점
g_g005160,2,8,2308240001,집
g_g005165,1,1,2308120001,집
g_g005165,1,2,2308120003,벌곡휴게소 대전방향
g_g005165,1,3,2308120004,여산휴게소 순천방향
g_g005165,1,4,2308120005,펭귄 마을
g_g005165,1,5,2308120006,국숫집
g_g005165,1,6,2308120007,송정 카페 1913
g_g005165,1,7,2308120008,광주공원
g_g005165,1,8,2308120009,카페 사잇길
g_g005165,1,9,2308120015,자인 빌(에어비앤비)
g_g005165,2,1,2308130001,광주예술의 거리
g_g005165,2,2,2308130002,행복한 경양식
g_g005165,2,3,2308130003,블루 웨일
g_g005165,2,4,2308130005,여행자의 zip
g_g005165,2,5,2308130004,집
g_g005170,1,1,2308190001,집
g_g005170,1,2,2308190002,탄천 휴게소 논산 방향
g_g005170,1,3,2308190003,더 에덴 풀빌라
g_g005170,1,4,2308190004,풍미 통닭
g_g005170,1,5,2308190012,더 에덴 풀빌라
g_g005170,2,1,2308200001,독도는 우리 땅
g_g005170,2,2,2308200002,노드 그라운드
g_g005170,2,3,2308200003,순천만습지
g_g005170,2,4,2308200004,대숲골 농원
g_g005170,2,5,2308200005,2023순천만국제정원박람회
g_g005170,2,6,2308200006,블레스 롤 대전 유성 본점
g_g005170,2,7,2308200007,집
g_g005173,1,1,2308130001,집
g_g005173,1,2,2308130002,성심당 DCC점
g_g005173,1,3,2308130003,대전엑스포 아쿠아리움
g_g005173,1,4,2308130004,대전중앙시장
g_g005173,1,5,2308130005,효 문화마을관리원
g_g005173,1,6,2308130006,인생 낙지
g_g005173,1,7,2308130007,으능정이 스카이로드
g_g005173,1,8,2308130009,하나로마트 대전점
g_g005173,1,9,2308130008,뿌리공원
g_g005173,1,10,2308130010,효 문화마을관리원
g_g005173,2,1,2308140001,방일 해장국 산성점
g_g005173,2,2,2308140002,집
g_g005175,1,1,2308200001,집
g_g005175,1,2,2308200002,비스트로로 지
g_g005175,1,3,2308200005,평화광장
g_g005175,1,4,2308200003,니즈 커피
g_g005175,1,5,2308200004,정우 빌라르트
g_g005175,1,6,2308200006,일 번지 통닭
g_g005175,1,7,2308200007,동부시장
g_g005175,1,8,2308200008,정우 빌라르트
g_g005175,2,1,2308210001,씨엘이 베이커리 본점
g_g005175,2,2,2308210002,코롬방제과점
g_g005175,2,3,2308210003,자유 덕상
g_g005175,2,4,2308210004,롯데마트 맥스 목포점
g_g005175,2,5,2308210005,커피 창고로
g_g005175,2,6,2308210006,동주
g_g005175,2,7,2308210007,집
g_g005218,1,1,2308160001,집
g_g005218,1,2,2308160002,충남대학교 중앙도서관
g_g005218,1,3,2308160003,좋은 하루 3차
g_g005218,1,4,2308160004,경하 온천호텔
g_g005218,1,5,2308160005,미도인 대전 NC 유성점
g_g005218,1,6,2308160006,밀탑
g_g005218,1,7,2308160007,경하 온천호텔
g_g005218,1,8,2308160008,중앙로역 대전 1호선
g_g005218,1,9,2308160009,경하 온천호텔
g_g005218,2,1,2308170001,원조태평소국밥 유성점
g_g005218,2,2,2308170002,대전시립미술관
g_g005218,2,3,2308170003,집
g_g005219,1,1,2308130001,집
g_g005219,1,2,2308130002,벌곡휴게소 논산 방향
g_g005219,1,3,2308130003,한국도로공사 전주수목원
g_g005219,1,4,2308130004,카페 수목원
g_g005219,1,5,2308130005,태평 집
g_g005219,1,6,2308130008,코코 꼬까
g_g005219,1,7,2308130006,NC 웨이브 전주점
g_g005219,1,8,2308130007,쿼카 커피
g_g005219,1,9,2308130009,에어비앤비 숙소
g_g005219,1,10,2308130010,전주한옥마을
g_g005219,1,11,2308130011,전주 막걸리
g_g005219,1,12,2308130013,숙소
g_g005219,2,1,2308140001,한옥마을 물갈비
g_g005219,2,2,2308140002,전주한옥마을
g_g005219,2,3,2308140003,전주일 모아
g_g005219,2,4,2308140004,카페 달곰
g_g005219,2,5,2308140005,카카오 프렌즈 전주한옥마을점
g_g005219,2,6,2308140006,꽃가마
g_g005219,2,7,2308140007,집
g_g005250,1,1,2308080001,집
g_g005250,1,2,2308080002,덕평자연휴게소 강릉방향
g_g005250,1,3,2308080003,덕평(강릉) 주유소
g_g005250,1,4,2308080006,단양강잔도
g_g005250,1,5,2308080005,새한서점
g_g005250,1,6,2308080004,온달관광지
g_g005250,1,7,2308080007,소금정공원
g_g005250,1,8,2308080008,대강회 직판장
g_g005250,1,9,2308080009,오무 아무 아플 빌라
g_g005250,2,1,2308090001,대강 맛집
g_g005250,2,2,2308090002,카페 다우리
g_g005250,2,3,2308090004,만천하 스카이워크
g_g005250,2,4,2308090005,단양 클레이사격장
g_g005250,2,5,2308090003,사인암
g_g005250,2,6,2308090006,팝스 월드 다자구 할미네
g_g005250,2,7,2308090007,가마골 쉼터
g_g005250,2,8,2308090008,집
g_g005254,1,1,2308260001,사무실
g_g005254,1,2,2308260003,구천동 농협 하나로마트 구천지점
g_g005254,1,3,2308260004,구천동 계곡
g_g005254,1,4,2308260002,수채화 펜션
g_g005254,2,1,2308270002,만리장성
g_g005254,2,2,2308270003,머루와인동굴
g_g005254,2,3,2308270001,오정농수산물도매시장
g_g005259,1,1,2308160001,집
g_g005259,1,2,2308160002,천안아산역
g_g005259,1,3,2308160003,여수엑스포역
g_g005259,1,4,2308160004,오동동 김밥
g_g005259,1,5,2308160005,아르떼 뮤지엄 여수
g_g005259,1,6,2308160007,무수히
g_g005259,1,7,2308160006,이순신광장
g_g005259,1,8,2308160008,남산동 집 (에어비엔비)
g_g005259,1,9,2308160009,스타벅스 더여수돌산DT점
g_g005259,1,10,2308160010,여수 낭만포차 거리
g_g005259,1,11,2308160011,여수 해상 케이블카 자산 정류장
g_g005259,1,12,2308160012,남산동 집(에어비엔비)
g_g005259,2,1,2308170001,서울 해장국
g_g005259,2,2,2308170002,여수엑스포역
g_g005259,2,3,2308170003,천안아산역
g_g005259,2,4,2308170004,천안터미널
g_g005259,2,5,2308170005,집
g_g005273,1,1,2308120001,집
g_g005273,1,2,2308120002,맥도날드 천안 원성 DT점 주차장
g_g005273,1,3,2308120003,두거리우신탕 혁신점
g_g005273,1,4,2308120004,카페 수목원
g_g005273,1,5,2308120005,전주 월드컵 경기장
g_g005273,1,6,2308120006,누룩 꽃 피는 날
g_g005273,1,7,2308120009,나비잠 한옥 호텔
g_g005273,2,1,2308130002,전주한옥마을
g_g005273,2,2,2308130003,입장거봉포도 휴게소 서울 방향
g_g005273,2,3,2308130001,집
g_g005299,1,1,2308090001,집
g_g005299,1,2,2308090002,한국도로공사 전주수목원
g_g005299,1,3,2308090003,팔복동 공장 마을(바람 약과 돌돌 파이)
g_g005299,1,4,2308090005,전주한옥마을
g_g005299,1,5,2308090004,전주왱이콩나물국밥전문점
g_g005299,1,6,2308090006,전주 남부시장 한옥마을 야시장
g_g005299,1,7,2308090007,전주한옥마을
g_g005299,1,8,2308090008,경기전 별당채
g_g005299,2,1,2308100001,본 소바
g_g005299,2,2,2308100002,외할머니 솜씨
g_g005299,2,3,2308100003,경기전
g_g005299,2,4,2308100004,집
g_g005300,1,1,2308180001,집
g_g005300,1,2,2308180002,안성휴게소 부산방향
g_g005300,1,3,2308180003,원조태평소국밥
g_g005300,1,4,2308180004,성심당 DCC점
g_g005300,1,5,2308180005,호텔오노마대전오토그래프컬렉션
g_g005300,1,6,2308180006,복수 분식 본점
g_g005300,1,7,2308180007,한밭수목원
g_g005300,1,8,2308180008,호텔오노마대전오토그래프컬렉션
g_g005300,2,1,2308190001,아크테릭스 신세계 백화점 대전 신세계 Art
g_g005300,2,2,2308190002,스타벅스 대전엑스포 스카이점
g_g005300,2,3,2308190003,BMK 컨벤션
g_g005300,2,4,2308190004,성심당 본점
g_g005300,2,5,2308190008,성심당 케이크 부티크
g_g005300,2,6,2308190005,성심당 문화원
g_g005300,2,7,2308190006,평택복합휴게소
g_g005300,2,8,2308190007,집
g_g005302,1,1,2308090001,집
g_g005302,1,2,2308090003,한국도로공사 전주수목원
g_g005302,1,3,2308090004,팔복동 공장 마을(바람 약과)
g_g005302,1,4,2308090006,전주한옥마을
g_g005302,1,5,2308090005,전주왱이콩나물국밥전문점
g_g005302,1,6,2308090002,경기전 별당채
g_g005302,2,1,2308100001,본 소바
g_g005302,2,2,2308100002,다우랑 1호점
g_g005302,2,3,2308100003,경기전
g_g005302,2,4,2308100005,여산휴게소 천안 방향
g_g005302,2,5,2308100004,집
g_g005316,1,1,2308110001,집
g_g005316,1,2,2308110002,샤브 연리지
g_g005316,1,3,2308110003,활옷 동굴
g_g005316,1,4,2308110004,중앙탑 사적공원
g_g005316,1,5,2308110005,탑뷰 카페
g_g005316,1,6,2308110006,집
g_g005326,1,1,2308190001,친구 친지 집
g_g005326,1,2,2308190002,요우란
g_g005326,1,3,2308190003,옛 충청남도 도청
g_g005326,1,4,2308190004,으능정이 문화의 거리
g_g005326,1,5,2308190005,목척교 포장마차 2번 너랑 나랑
g_g005326,1,6,2308190006,한신포차 대전 대흥점
g_g005326,1,7,2308190007,호텔 마이 스테이
g_g005326,2,1,2308200001,성심당 본점
g_g005326,2,2,2308200002,원조태평소국밥 유성점
g_g005326,2,3,2308200003,한밭수목원
g_g005326,2,4,2308200004,국립 중앙과학관
g_g005326,2,5,2308200005,남자친구 집
g_g005330,1,1,2308200001,집
g_g005330,1,2,2308200002,용산역 1호선
g_g005330,1,3,2308200003,순이네 밥상
g_g005330,1,4,2308200004,이순신광장
g_g005330,1,5,2308200005,신라스테이 여수
g_g005330,1,6,2308200006,이순신광장
g_g005330,1,7,2308200015,신라스테이 여수
g_g005330,2,1,2308210002,여수 해상 케이블카 자산 정류장
g_g005330,2,2,2308210003,스타벅스 더여수돌산DT점
g_g005330,2,3,2308210004,아르떼 뮤지엄 여수
g_g005330,2,4,2308210005,도시어부돌문어삼합 2호점
g_g005330,2,5,2308210006,오동도
g_g005330,2,6,2308210007,스타벅스 여수해양공원점
g_g005330,2,7,2308210008,여수엑스포역
g_g005330,2,8,2308210001,집
g_g005358,1,1,2308130001,집
g_g005358,1,2,2308130003,서울역
g_g005358,1,3,2308130004,전주역
g_g005358,1,4,2308130005,전주한옥마을
g_g005358,1,5,2308130006,동학혁명기념관
g_g005358,1,6,2308130007,동문 헌책 도서관
g_g005358,1,7,2308130008,더 화이트 피스
g_g005358,1,8,2308130009,전주왱이콩나물국밥전문점
g_g005358,1,9,2308130010,카카오 프렌즈 전주한옥마을점
g_g005358,1,10,2308130011,외할머니 솜씨
g_g005358,1,11,2308130012,한국소리문화의 전당 명인홀
g_g005358,1,12,2308130013,전주역
g_g005358,1,13,2308130014,서울역
g_g005358,1,14,2308130002,집
g_g005377,1,1,2308190001,집
g_g005377,1,2,2308190003,고센
g_g005377,1,3,2308190004,낭만 써프 하우스
g_g005377,1,4,2308190005,낭만 써프 하우스
g_g005377,2,1,2308200001,유가네 한우곰탕
g_g005377,2,2,2308200003,힐링파크쑥섬쑥섬
g_g005377,2,3,2308200004,나로우주센터 우주과학관
g_g005377,2,4,2308200005,팔영산 편백 치유의 숲
g_g005377,2,5,2308200006,집
g_g005387,1,1,2308140001,집
g_g005387,1,2,2308140002,목포 갓바위
g_g005387,1,3,2308140003,쑥꿀레 본점
g_g005387,1,4,2308140004,씨엘이 베이커리 본점
g_g005387,1,5,2308140005,유달유원지
g_g005387,1,6,2308140006,봉평 메밀
g_g005387,1,7,2308140007,집
g_g005392,1,1,2308270001,집
g_g005392,1,2,2308270003,여산휴게소 순천방향
g_g005392,1,3,2308270004,고창읍성
g_g005392,1,4,2308270005,고창 판소리 박물관
g_g005392,1,5,2308270006,콩뿌리 콩나물국밥 24시 전주역전점
g_g005392,1,6,2308270002,고창읍성 한옥마을
g_g005392,2,1,2308280001,텃밭 쌈밥 식당
g_g005392,2,2,2308280002,고창 운곡 람사르 습지생태공원
g_g005392,2,3,2308280003,카페 노을
g_g005392,2,4,2308280004,동호해수욕장
g_g005392,2,5,2308280005,집
g_g005395,1,1,2309050001,집
g_g005395,1,2,2309050003,서연
g_g005395,1,3,2309050004,청주동물원
g_g005395,1,4,2309050005,베이커리 카페 공간
g_g005395,1,5,2309050002,외할머니 자택
g_g005395,2,1,2309060002,미동산수목원
g_g005395,2,2,2309060003,효순이네 칼국수
g_g005395,2,3,2309060004,상당산성
g_g005395,2,4,2309060005,미미 호떡
g_g005395,2,5,2309060006,입장거봉포도 휴게소 서울 방향
g_g005395,2,6,2309060001,집
g_g005398,1,1,2309020001,집
g_g005398,1,2,2309020004,용산역
g_g005398,1,3,2309020005,전주역
g_g005398,1,4,2309020006,교동 떡갈비
g_g005398,1,5,2309020008,전주한옥마을 달콩
g_g005398,1,6,2309020007,전주 난장
g_g005398,1,7,2309020009,달과 기와
g_g005398,1,8,2309020010,경기전
g_g005398,1,9,2309020011,전동성당
g_g005398,1,10,2309020012,마시랑게
g_g005398,1,11,2309020013,카카오 프렌즈 전주한옥마을점
g_g005398,1,12,2309020014,전주한옥마을 덕수궁
g_g005398,1,13,2309020015,다우랑 1호점
g_g005398,1,14,2309020016,교동 크로켓
g_g005398,1,15,2309020017,교동 육전
g_g005398,1,16,2309020018,만년 닭강정 한옥마을점
g_g005398,1,17,2309020019,오목대
g_g005398,1,18,2309020020,전망
g_g005398,1,19,2309020003,전주한옥마을 덕수궁
g_g005398,2,1,2309030002,전주왱이콩나물국밥전문점
g_g005398,2,2,2309030003,차미 라미
g_g005398,2,3,2309030004,PNB 풍년제과 전주 본점
g_g005398,2,4,2309030005,메르 밀지 미집 전주역점
g_g005398,2,5,2309030006,전주역
g_g005398,2,6,2309030007,행신역
g_g005398,2,7,2309030001,집
g_g005402,1,1,2308180001,집
g_g005402,1,2,2308180003,전주 현대옥 전주 본점
g_g005402,1,3,2308180004,채식주의자의 무화과
g_g005402,1,4,2308180005,전주동물원
g_g005402,1,5,2308180006,아몽 아트
g_g005402,1,6,2308180007,전주 산책
g_g005402,1,7,2308180008,카카오 프렌즈 전주한옥마을점
g_g005402,1,8,2308180009,전주 남부시장 한옥마을 야시장
g_g005402,1,9,2308180010,전주가 맥 축제
g_g005402,1,10,2308180002,호텔야자 전주터미널점
g_g005402,2,1,2308190002,베테랑
g_g005402,2,2,2308190003,전주한옥마을
g_g005402,2,3,2308190004,러쉬실내카트장
g_g005402,2,4,2308190001,집
g_g005419,1,1,2308090001,집
g_g005419,1,2,2308090003,영등포역
g_g005419,1,3,2308090004,대전역
g_g005419,1,4,2308090005,소제 화실
g_g005419,1,5,2308090006,대전중앙시장
g_g005419,1,6,2308090007,대전역 지하상가
g_g005419,1,7,2308090002,호텔 버스
g_g005419,2,1,2308100002,이게 PC방이다 문화적
g_g005419,2,2,2308100003,호텔 버스
g_g005419,2,3,2308100004,시민 칼국수
g_g005419,2,4,2308100005,대전엑스포 아쿠아리움
g_g005419,2,5,2308100006,성심당 본점
g_g005419,2,6,2308100007,테라스 키친
g_g005419,2,7,2308100008,원더플레이스 대전엔비점
g_g005419,2,8,2308100009,대전역
g_g005419,2,9,2308100010,영등포역 1호선
g_g005419,2,10,2308100001,집
g_g005454,1,1,2309080001,친구 친지 집
g_g005454,1,2,2309080002,김밥 이야기
g_g005454,1,3,2309080003,금암면옥 객사점
g_g005454,1,4,2309080004,전주역
g_g005454,1,5,2309080006,낭만 바다펜션
g_g005454,1,6,2309080005,여수엑스포역
g_g005454,1,7,2309080009,여수 낭만포차 거리
g_g005454,1,8,2309080008,하멜등대
g_g005454,1,9,2309080010,사쿠라다
g_g005454,1,10,2309080007,낭만 바다펜션
g_g005454,2,1,2309090002,스타벅스 더여수돌산DT점
g_g005454,2,2,2309090003,여수 해상 케이블카
g_g005454,2,3,2309090004,오동도
g_g005454,2,4,2309090006,아쿠아플라넷 여수
g_g005454,2,5,2309090005,오동도 회관
g_g005454,2,6,2309090007,여수엑스포역
g_g005454,2,7,2309090001,대아 빌
g_g005455,1,1,2308160001,집
g_g005455,1,2,2308160002,동대구역
g_g005455,1,3,2308160003,대전역
g_g005455,1,4,2308160004,미도리 카레
g_g005455,1,5,2308160005,워커 숍
g_g005455,1,6,2308160006,대전시립미술관
g_g005455,1,7,2308160007,성심당 DCC점
g_g005455,1,8,2308160008,와그와그 도룡점
g_g005455,1,9,2308160009,대전역
g_g005455,1,10,2308160010,경산역
g_g005455,1,11,2308160011,집
g_g005456,1,1,2308120001,집
g_g005456,1,2,2308120003,함평엑스포공원 함평 워터파크
g_g005456,1,3,2308120004,하랑은 오치점
g_g005456,1,4,2308120002,집
g_g005465,1,1,2308120001,집
g_g005465,1,2,2308120002,창원중앙역
g_g005465,1,3,2308120003,대전역
g_g005465,1,4,2308120004,복수 분식 본점
g_g005465,1,5,2308120005,성심당 문화원
g_g005465,1,6,2308120006,대전시립미술관 창작센터
g_g005465,1,7,2308120007,스타벅스 대전엑스포 스카이점
g_g005465,1,8,2308120008,엑스포과학공원 한빛탑
g_g005465,1,9,2308120009,디 엠프레스 호텔
g_g005465,1,10,2308120010,브휠렁뜨
g_g005465,1,11,2308120011,모티 오레 코즈
g_g005465,1,12,2308120018,디 엠프레스 호텔
g_g005465,2,1,2308130001,치앙마이 방콕
g_g005465,2,2,2308130002,타로 이야기
g_g005465,2,3,2308130003,노블 PC
g_g005465,2,4,2308130004,대전시 축제
g_g005465,2,5,2308130005,대전역
g_g005465,2,6,2308130006,집
g_g005537,1,1,2308120001,집
g_g005537,1,2,2308120002,살아생전 꼭 가봐야 하는 산골 독채펜션 가든
g_g005537,1,3,2308120003,무주 창고 카페
g_g005537,1,4,2308120004,머루와인동굴
g_g005537,1,5,2308120005,집
g_g005541,1,1,2308190001,집
g_g005541,1,2,2308190002,카페 석산
g_g005541,1,3,2308190003,천사 왕족발
g_g005541,1,4,2308190004,집
g_g005542,1,1,2308110001,집
g_g005542,1,2,2308110002,부영 1단지 아파트
g_g005542,1,3,2308110003,중소 벤처기업 진흥 공단 호남연수원
g_g005542,1,4,2308110004,명옥헌원림
g_g005542,1,5,2308110005,승일 식당
g_g005542,1,6,2308110006,선나나 상점
g_g005542,1,7,2308110007,플랜티 커피
g_g005542,1,8,2308110008,집
g_g005544,1,1,2308120001,집
g_g005544,1,2,2308120003,고동 상회
g_g005544,1,3,2308120004,황룡강 생태공원
g_g005544,1,4,2308120005,장성역 미술관
g_g005544,1,5,2308120006,옐로 마켓
g_g005544,1,6,2308120007,장성공용 버스터미널
g_g005544,1,7,2308120002,집
g_g005545,1,1,2308200001,집
g_g005545,1,2,2308200002,손연재
g_g005545,1,3,2308200003,호선 아트 스튜디오
g_g005545,1,4,2308200004,메가폴리스
g_g005545,1,5,2308200005,영풍문고 청주점
g_g005545,1,6,2308200006,올리브영 청주터미널 중앙점
g_g005545,1,7,2308200007,청주 시외버스터미널
g_g005545,1,8,2308200008,오산역 환승센터
g_g005545,1,9,2308200009,부평역 1호선
g_g005545,1,10,2308200010,집
g_g005548,1,1,2308170001,집
g_g005548,1,2,2308170002,부천터미널 소풍
g_g005548,1,3,2308170003,청주 시외버스터미널
g_g005548,1,4,2308170004,구쥬
g_g005548,1,5,2308170005,충북대학교 중문
g_g005548,1,6,2308170006,25시 해장국
g_g005548,1,7,2308170007,활자 어린이공원
g_g005548,1,8,2308170008,친구 집
g_g005548,1,9,2308170009,집
g_g005549,1,1,2308150001,집
g_g005549,1,2,2308150002,카페 석산
g_g005549,1,3,2308150003,테라스 21
g_g005549,1,4,2308150004,화덕 고깃간 목포점
g_g005549,1,5,2308150005,피크니 처
g_g005549,1,6,2308150006,집
g_g005552,1,1,2308170001,집
g_g005552,1,2,2308170002,홍성전통시장
g_g005552,1,3,2308170003,홍주성 역사관
g_g005552,1,4,2308170004,청양시장
g_g005552,1,5,2308170005,백제문화체험 박물관
g_g005552,1,6,2308170006,꽃단지
g_g005552,1,7,2308170007,집
g_g005554,1,1,2308130001,집
g_g005554,1,2,2308130002,CGV 천안 펜타포트
g_g005554,1,3,2308130003,유가네닭갈비 모다 펜타포트점
g_g005554,1,4,2308130004,모다 아웃렛 천안아산점
g_g005554,1,5,2308130005,다이소 아산점
g_g005554,1,6,2308130006,배스킨라빈스 아산 풍기점
g_g005554,1,7,2308130007,집
g_g005555,1,1,2308130001,집
g_g005555,1,2,2308130002,양김밥 본점
g_g005555,1,3,2308130003,카페 석산
g_g005555,1,4,2308130004,TAKE MOKPO
g_g005555,1,5,2308130005,목포근대역사 문화공간
g_g005555,1,6,2308130006,세라젬 웹 카페 목포 상동점
g_g005555,1,7,2308130007,집
g_g005556,1,1,2308260001,집
g_g005556,1,2,2308260002,교과서 박물관
g_g005556,1,3,2308260003,퐁당(조치원점)
g_g005556,1,4,2308260004,밀크
g_g005556,1,5,2308260005,서문 365정형 외과
g_g005556,1,6,2308260006,세종 시립도서관
g_g005556,1,7,2308260007,한옥마을
g_g005556,1,8,2308260008,만나 밀
g_g005556,1,9,2308260010,시즌 파이브 프리미엄
g_g005556,1,10,2308260009,숭덕사
g_g005556,1,11,2308260011,국립세종수목원
g_g005556,1,12,2308260012,집
g_g005557,1,1,2308160001,친구 친지 집
g_g005557,1,2,2308160002,강당골
g_g005557,1,3,2308160003,CU 아산 외암노점
g_g005557,1,4,2308160004,문성 원룸
g_g005558,1,1,2308290001,집
g_g005558,1,2,2308290002,향수 레스토랑
g_g005558,1,3,2308290003,황새바위 성지
g_g005558,1,4,2308290004,이디야커피 동학사점
g_g005558,1,5,2308290005,동학사계곡
g_g005558,1,6,2308290006,집
g_g005559,1,1,2308190001,집
g_g005559,1,2,2308190003,초당 손칼국수 보쌈
g_g005559,1,3,2308190004,카페 리즌
g_g005559,1,4,2308190005,국립세종수목원
g_g005559,1,5,2308190006,이마트 24 세종수목원 야외쉼터 1호 위성점
g_g005559,1,6,2308190002,집
g_g005562,1,1,2308120001,집
g_g005562,1,2,2308120002,충청북도 자연과학교육원
g_g005562,1,3,2308120003,성안길
g_g005562,1,4,2308120004,트리제이 더 테라스 청주 산남점
g_g005562,1,5,2308120005,육거리종합시장
g_g005562,1,6,2308120006,집
g_g005564,1,1,2308180001,집
g_g005564,1,2,2308180002,충남군 대
g_g005564,1,3,2308180003,아웃도어 247
g_g005564,1,4,2308180004,국립세종수목원
g_g005564,1,5,2308180005,도피와 커피 세종수목원점
g_g005564,1,6,2308180006,집
g_g005565,1,1,2308200001,집
g_g005565,1,2,2308200003,소백산국립공원 죽령 탐방지원센터
g_g005565,1,3,2308200004,단양구경시장
g_g005565,1,4,2308200005,만천하 스카이워크
g_g005565,1,5,2308200002,집
g_g005566,1,1,2308110001,집
g_g005566,1,2,2308110002,성심당 본점
g_g005566,1,3,2308110003,김화 칼국수
g_g005566,1,4,2308110004,젬스톤 대전점
g_g005566,1,5,2308110005,집
g_g005567,1,1,2308130001,집
g_g005567,1,2,2308130002,섬진강휴게소 순천방향
g_g005567,1,3,2308130003,여수 소호요트장
g_g005567,1,4,2308130004,행운 마을
g_g005567,1,5,2308130005,웅천친수공원
g_g005567,1,6,2308130006,멕시코
g_g005567,1,7,2308130007,집
g_g005568,1,1,2308150001,집
g_g005568,1,2,2308150002,안양역
g_g005568,1,3,2308150003,대전역
g_g005568,1,4,2308150004,트래블 라운지
g_g005568,1,5,2308150005,성심당 대전역점
g_g005568,1,6,2308150006,치앙마이 방콕
g_g005568,1,7,2308150007,상소동 산림욕장
g_g005568,1,8,2308150008,카페 브람스
g_g005568,1,9,2308150009,한밭수목원
g_g005568,1,10,2308150010,오씨칼국수 도룡점
g_g005568,1,11,2308150011,엑스포공원
g_g005568,1,12,2308150012,서대전역
g_g005568,1,13,2308150013,안양역
g_g005568,1,14,2308150014,집
g_g005569,1,1,2308120001,집
g_g005569,1,2,2308120002,축령골
g_g005569,1,3,2308120003,운일암반일암
g_g005569,1,4,2308120004,운일암 일번지
g_g005569,1,5,2308120005,아이비 586
g_g005569,1,6,2308120006,백리향
g_g005569,1,7,2308120007,전주한옥마을
g_g005569,1,8,2308120008,집
g_g005572,1,1,2308190001,친구 친지 집
g_g005572,1,2,2308190003,돌섬 산장
g_g005572,1,3,2308190004,두베 카페
g_g005572,1,4,2308190002,새샘 마을 4단지 아파트
g_g005573,1,1,2308130001,집
g_g005573,1,2,2308130004,메가 MGC 커피 대전 대동점
g_g005573,1,3,2308130003,청주동물원
g_g005573,1,4,2308130005,청주랜드
g_g005573,1,5,2308130006,특별 횟집
g_g005573,1,6,2308130007,홈플러스 오창점
g_g005573,1,7,2308130008,오창 호수공원 진입광장
g_g005573,1,8,2308130002,집
g_g005574,1,1,2308120001,집
g_g005574,1,2,2308120002,챌린지 테마파크
g_g005574,1,3,2308120003,부안누에타운
g_g005574,1,4,2308120004,슬지 제빵소
g_g005574,1,5,2308120005,집
g_g005576,1,1,2308300001,집
g_g005576,1,2,2308300003,서울남부터미널
g_g005576,1,3,2308300004,부여시외버스터미널
g_g005576,1,4,2308300005,부여 동헌
g_g005576,1,5,2308300006,부소산성
g_g005576,1,6,2308300007,고란사
g_g005576,1,7,2308300016,고란사 선착장
g_g005576,1,8,2308300017,구드래나루터 선착장
g_g005576,1,9,2308300008,구드래조각 공원
g_g005576,1,10,2308300009,장원 막국수
g_g005576,1,11,2308300010,정림사지박물관 정림사지 5층 석탑
g_g005576,1,12,2308300011,정림사지박물관
g_g005576,1,13,2308300012,국립부여박물관
g_g005576,1,14,2308300013,구름 한 조각
g_g005576,1,15,2308300014,부여시외버스터미널
g_g005576,1,16,2308300015,서울남부터미널
g_g005576,1,17,2308300002,집
g_g005578,1,1,2308140001,집
g_g005578,1,2,2308140003,대전복합터미널
g_g005578,1,3,2308140004,스타벅스 충북대점
g_g005578,1,4,2308140006,불 총칼 국수촌 두부
g_g005578,1,5,2308140005,우민아트센터
g_g005578,1,6,2308140007,더 휴식 아늑 청주 우암 2호점
g_g005578,1,7,2308140008,요코센
g_g005578,1,8,2308140009,포토 랩 플러스 청주점
g_g005578,1,9,2308140010,비트박스 코인 노래연습장
g_g005578,1,10,2308140011,사창 정류장
g_g005578,1,11,2308140012,대전복합터미널
g_g005578,1,12,2308140002,집
g_g005579,1,1,2308270001,집
g_g005579,1,2,2308270002,세종 호수공원
g_g005579,1,3,2308270003,메타 45카페
g_g005579,1,4,2308270004,집
g_g005580,1,1,2308200001,친구 친지 집
g_g005580,1,2,2308200003,황금소나무
g_g005580,1,3,2308200004,솜 도자기
g_g005580,1,4,2308200005,담양 밤 부리
g_g005580,1,5,2308200002,연양로 7번 길 13
g_g005581,1,1,2308190001,집
g_g005581,1,2,2308190002,국립전주 박물관 어린이 박물관
g_g005581,1,3,2308190003,전주한옥마을
g_g005581,1,4,2308190004,집
g_g005583,1,1,2308140001,집
g_g005583,1,2,2308140003,전주식당
g_g005583,1,3,2308140004,몽베르
g_g005583,1,4,2308140002,집
g_g005586,1,1,2308150001,집
g_g005586,1,2,2308150002,남동생 집 픽업
g_g005586,1,3,2308150003,순천 낙안읍성
g_g005586,1,4,2308150004,향토음식점
g_g005586,1,5,2308150005,드롭 탑 여수죽림점
g_g005586,1,6,2308150006,집
g_g005589,1,1,2308120001,집
g_g005589,1,2,2308120002,벌곡휴게소 논산 방향
g_g005589,1,3,2308120003,논산 육군훈련소
g_g005589,1,4,2308120004,더 리터 익산 금마점
g_g005589,1,5,2308120005,모성
g_g005589,1,6,2308120006,홈플러스 익산점
g_g005589,1,7,2308120007,롯데마트 익산점
g_g005589,1,8,2308120008,다이소 익산부송점
g_g005589,1,9,2308120009,익산종합운동장
g_g005589,1,10,2308120010,본가
g_g005589,1,11,2308120011,벌곡휴게소 대전방향
g_g005589,1,12,2308120012,트레이더스 홀세일 클럽 월평점
g_g005589,1,13,2308120013,집
g_g005590,1,1,2308220001,친구 친지 집
g_g005590,1,2,2308220003,전주 현대옥 화순점
g_g005590,1,3,2308220004,임대성원림
g_g005590,1,4,2308220005,연둔리숲정
g_g005590,1,5,2308220006,동구리 호수공원
g_g005590,1,6,2308220007,화순 고인돌 전통시장
g_g005590,1,7,2308220008,소아르 미술관
g_g005590,1,8,2308220002,반도유보라 더 퍼스트 아파트
g_g005591,1,1,2308120001,집
g_g005591,1,2,2308120002,대나무 집 오천점
g_g005591,1,3,2308120003,온
g_g005591,1,4,2308120004,순천시립 뿌리 깊은 나무 박물관
g_g005591,1,5,2308120005,집
g_g005593,1,1,2308110001,집
g_g005593,1,2,2308110002,유스퀘어 광주종합버스터미널
g_g005593,1,3,2308110003,신세계백화점 광주신세계점
g_g005593,1,4,2308110004,대전복합터미널
g_g005593,1,5,2308110005,해주 냉면 본점
g_g005593,1,6,2308110006,으능정이 문화의 거리
g_g005593,1,7,2308110007,대전복합터미널
g_g005593,1,8,2308110008,유스퀘어 광주종합버스터미널
g_g005593,1,9,2308110009,집
g_g005594,1,1,2308160001,집
g_g005594,1,2,2308160002,신탄진역
g_g005594,1,3,2308160003,교동 짬뽕
g_g005594,1,4,2308160004,국립현대미술관 청주
g_g005594,1,5,2308160005,문화 제조창 본관
g_g005594,1,6,2308160006,하이퍼마켓
g_g005594,1,7,2308160007,유니랜드 청주 성안점
g_g005594,1,8,2308160008,비올라
g_g005594,1,9,2308160009,다이소 청주본점
g_g005594,1,10,2308160010,최고네 본점
g_g005594,1,11,2308160011,신탄진역
g_g005594,1,12,2308160012,집
g_g005597,1,1,2308260001,집
g_g005597,1,2,2308260002,너티 차일드 대전점
g_g005597,1,3,2308260003,동궁 찜닭 관평 송 강점
g_g005597,1,4,2308260004,현대 프리미엄 아웃렛 대전점
g_g005597,1,5,2308260005,집
g_g005599,1,1,2308140001,친구 친지 집
g_g005599,1,2,2308140002,나주 중흥골드스파 리조트 워터라고
g_g005599,1,3,2308140003,푸른 길 두산위브 아파트
g_g005601,1,1,2308260001,집
g_g005601,1,2,2308260003,명암유원지
g_g005601,1,3,2308260005,국립청주 박물관
g_g005601,1,4,2308260004,두레 베이커리 청주점
g_g005601,1,5,2308260006,청주대학교 석우 문화 체육관
g_g005601,1,6,2308260002,집
g_g005602,1,1,2308130001,집
g_g005602,1,2,2308130002,독립기념관
g_g005602,1,3,2308130003,집
g_g005603,1,1,2308260001,친구 친지 집
g_g005603,1,2,2308260002,월영산 출렁다리
g_g005603,1,3,2308260003,영동 금강모치마을
g_g005603,1,4,2308260005,레인보 힐링센터
g_g005603,1,5,2308260004,영동포도축제
g_g005603,1,6,2308260006,월류봉
g_g005603,1,7,2308260007,현대빌라
g_g005683,1,1,2308160001,집
g_g005683,1,2,2308160003,보이저 첨단
g_g005683,1,3,2308160004,북 메카 도서전
g_g005683,1,4,2308160005,국립아시아문화전당 어린이 문화원
g_g005683,1,5,2308160002,친구 집
g_g005692,1,1,2308250001,집
g_g005692,1,2,2308250002,강촌마을 왕우렁이 쌈밥
g_g005692,1,3,2308250003,소노벨 천안
g_g005692,1,4,2308250004,소노벨 천안 오션 어드벤처
g_g005692,1,5,2308250005,앤드 휴
g_g005692,1,6,2308250006,소노벨 천안
g_g005692,2,1,2308260001,투썸플레이스 소노벨 천안점
g_g005692,2,2,2308260002,독립기념관
g_g005692,2,3,2308260003,추태숙국밥
g_g005692,2,4,2308260004,천안성성 호수공원 방문자 센터
g_g005692,2,5,2308260005,퍼스트빌리지 공룡 월드
g_g005692,2,6,2308260006,집
g_g005694,1,1,2308190001,집
g_g005694,1,2,2308190003,대전역
g_g005694,1,3,2308190004,대전중앙시장
g_g005694,1,4,2308190006,성심당 본점
g_g005694,1,5,2308190007,고베규카츠 대전은행점
g_g005694,1,6,2308190005,모노맨션 대전은행점
g_g005694,1,7,2308190008,성심당 옛 맛 솜씨
g_g005694,1,8,2308190009,더 휴식 아늑 호텔 대전 용전 2호점
g_g005694,1,9,2308190010,대전역 동광장
g_g005694,1,10,2308190011,성심당 대전역점
g_g005694,1,11,2308190012,대전역
g_g005694,1,12,2308190002,집
g_g005701,1,1,2308260001,집
g_g005701,1,2,2308260003,백두산
g_g005701,1,3,2308260004,국립아시아문화전당
g_g005701,1,4,2308260005,전일빌딩 245
g_g005701,1,5,2308260006,펭귄 마을
g_g005701,1,6,2308260007,형제 송정 떡갈비
g_g005701,1,7,2308260002,넘버 25 호텔
g_g005701,2,1,2308270001,온천 보리밥집
g_g005701,2,2,2308270003,스타벅스 광주지산유원지 입구점
g_g005701,2,3,2308270002,집
g_g005704,1,1,2308260001,집
g_g005704,1,2,2308260003,그랑깨
g_g005704,1,3,2308260004,빈 타이 남원점
g_g005704,1,4,2308260005,스테이 드리운
g_g005704,1,5,2308260006,광한루원
g_g005704,1,6,2308260002,스테이 드리운
g_g005704,2,1,2308270001,남원시립 김병종 미술관
g_g005704,2,2,2308270002,아담원 카페
g_g005704,2,3,2308270003,명문제과
g_g005704,2,4,2308270004,경방루
g_g005704,2,5,2308270005,집
g_g005708,1,1,2308110001,집
g_g005708,1,2,2308110002,다담식자재마트 일곡점
g_g005708,1,3,2308110004,가마골
g_g005708,1,4,2308110003,메이플 펜션
g_g005708,2,1,2308120002,트루와 지엠
g_g005708,2,2,2308120001,집
g_g005716,1,1,2308110002,집
g_g005716,1,2,2308110003,덕진 정류장
g_g005716,1,3,2308110004,군산 시외버스터미널
g_g005716,1,4,2308110005,조촌 이층집
g_g005716,1,5,2308110006,이마트 군산점
g_g005716,1,6,2308110007,명성 타운 아파트
g_g005716,1,7,2308110008,경암동 철길마을
g_g005716,1,8,2308110009,경암 역
g_g005716,1,9,2308110010,명성 타운 아파트
g_g005716,1,10,2308110011,군산 강변로 산책길
g_g005716,1,11,2308110001,명성 타운 아파트
g_g005716,2,1,2308120002,진성원
g_g005716,2,2,2308120003,군산 시외버스터미널
g_g005716,2,3,2308120001,덕진 정류장
g_g005725,1,1,2308110001,집
g_g005725,1,2,2308110002,경산역
g_g005725,1,3,2308110003,대전역
g_g005725,1,4,2308110004,성심당 본점
g_g005725,1,5,2308110005,대전근현대사전시관
g_g005725,1,6,2308110006,챔프 스페이스 커피 로프터스
g_g005725,1,7,2308110008,호텔 디 에디션
g_g005725,1,8,2308110007,대전중앙시장
g_g005725,1,9,2308110009,대선 칼국수
g_g005725,1,10,2308110010,호텔 디 에디션
g_g005725,2,1,2308120001,원조태평소국밥 둔산점
g_g005725,2,2,2308120002,스타벅스 대전 둔산 노점
g_g005725,2,3,2308120003,대전시립미술관
g_g005725,2,4,2308120004,테라스 키친
g_g005725,2,5,2308120005,대전역
g_g005725,2,6,2308120006,집
g_g005742,1,1,2308190001,사무실
g_g005742,1,2,2308190002,아랑경양회관 제천점
g_g005742,1,3,2308190003,청풍리조트 레이크호텔
g_g005742,1,4,2308190005,청풍 호반 케이블카 물태리역
g_g005742,1,5,2308190004,제천옥순봉 출렁다리
g_g005742,1,6,2308190006,청풍리조트 레이크호텔
g_g005742,2,1,2308200001,커피 라크
g_g005742,2,2,2308200002,안성맞춤 휴게소 평택 방향
g_g005742,2,3,2308200003,김포 국제공항 국내선
g_g005742,2,4,2308200004,사무실
g_g005750,1,1,2308230001,친구 친지 집
g_g005750,1,2,2308230002,국립청주 박물관
g_g005750,1,3,2308230003,상당산성
g_g005750,1,4,2308230004,장수 장
g_g005750,1,5,2308230005,아우트로 커피
g_g005750,1,6,2308230006,정북동 토성
g_g005750,1,7,2308230007,구암역 대전 1호선
g_g005754,1,1,2308120001,집
g_g005754,1,2,2308120004,원조태평소국밥 둔산점
g_g005754,1,3,2308120003,이응노미술관
g_g005754,1,4,2308120005,이마트 둔산점
g_g005754,1,5,2308120006,한밭수목원
g_g005754,1,6,2308120007,호텔 네리스
g_g005754,1,7,2308120008,대전중앙시장
g_g005754,1,8,2308120009,이마트 대전터미널점
g_g005754,1,9,2308120010,영풍문고 대전터미널점
g_g005754,1,10,2308120002,호텔 네리스
g_g005754,2,1,2308130002,대청호 오백 리 길 4코스(호반 나이만 길)
g_g005754,2,2,2308130003,성심당 본점
g_g005754,2,3,2308130004,스타벅스 대전중앙로 R점
g_g005754,2,4,2308130005,테마 오래
g_g005754,2,5,2308130006,호텔 네리스
g_g005754,2,6,2308130007,국립 중앙과학관
g_g005754,2,7,2308130008,로열 라멘
g_g005754,2,8,2308130001,집
g_g005762,1,1,2308150001,집
g_g005762,1,2,2308150002,수원역
g_g005762,1,3,2308150003,대전역
g_g005762,1,4,2308150004,성심당 본점
g_g005762,1,5,2308150005,다다르다
g_g005762,1,6,2308150006,대전근현대사전시관
g_g005762,1,7,2308150007,대전 신세계 아트앤사이언스
g_g005762,1,8,2308150009,서대전역
g_g005762,1,9,2308150008,집
g_g005783,1,1,2308170001,집
g_g005783,1,2,2308170002,보성 녹차밭
g_g005783,1,3,2308170003,율포 봇재가든
g_g005783,1,4,2308170004,카페 모던
g_g005783,1,5,2308170005,율포해수욕장
g_g005783,1,6,2308170006,율포 해수 녹차 센터
g_g005783,1,7,2308170007,율포 해수 녹차 센터 특산품 판매장
g_g005783,1,8,2308170008,보성농협 하나로마트
g_g005783,1,9,2308170009,비에이치시 치킨 전남 보성점
g_g005783,1,10,2308170010,헬로 민박
g_g005783,2,1,2308180002,춘원 서옥 카페
g_g005783,2,2,2308180001,집
g_g005791,1,1,2309030001,집
g_g005791,1,2,2309030002,오씨칼국수 둔산점
g_g005791,1,3,2309030003,한밭수목원
g_g005791,1,4,2309030004,공간 태리
g_g005791,1,5,2309030005,좋은 하루 1차
g_g005791,2,1,2309040001,다다르다
g_g005791,2,2,2309040002,성심당 본점
g_g005791,2,3,2309040003,스타벅스
g_g005791,2,4,2309040004,집
g_g005794,1,1,2308170001,집
g_g005794,1,2,2308170002,문수골 가든
g_g005794,1,3,2308170003,집
g_g005795,1,1,2308130001,집
g_g005795,1,2,2308130002,영광 물 무산 행복 숲 질퍽질퍽 맨발 황톳길
g_g005795,1,3,2308130003,카페 브라운
g_g005795,1,4,2308130004,집
g_g005798,1,1,2308110001,집
g_g005798,1,2,2308110002,고서회관
g_g005798,1,3,2308110003,소쇄원
g_g005798,1,4,2308110004,딜라이트 담양
g_g005798,1,5,2308110005,라라 브레드 담양점
g_g005798,1,6,2308110006,집
g_g005806,1,1,2308120001,집
g_g005806,1,2,2308120002,빙빙반점 당진 본점
g_g005806,1,3,2308120003,카페 피어라
g_g005806,1,4,2308120004,아미 미술관
g_g005806,1,5,2308120005,집
g_g005807,1,1,2308270001,집
g_g005807,1,2,2308270002,서울역
g_g005807,1,3,2308270004,서울 돈가스
g_g005807,1,4,2308270007,여수엑스포역
g_g005807,1,5,2308270008,놀스 365
g_g005807,1,6,2308270009,이순신광장
g_g005807,1,7,2308270006,여수 딸기 찹쌀떡 본점
g_g005807,1,8,2308270010,카페 보우
g_g005807,1,9,2308270011,순이네 밥상
g_g005807,1,10,2308270005,신라스테이 여수
g_g005807,2,1,2308280002,돌산공원
g_g005807,2,2,2308280003,프롬나드
g_g005807,2,3,2308280004,미가 칼국수
g_g005807,2,4,2308280001,집
g_g005810,1,1,2308150001,집
g_g005810,1,2,2308150002,시댁
g_g005810,1,3,2308150003,행복한 바다정원
g_g005810,1,4,2308150005,올라 코스타
g_g005810,1,5,2308150004,신지명사십리해수욕장
g_g005810,1,6,2308150006,더 편한 호텔 리조트
g_g005810,2,1,2308160001,빙그레 식당 본점
g_g005810,2,2,2308160002,컴포즈커피 완도해변공원점
g_g005810,2,3,2308160003,시댁
g_g005810,2,4,2308160004,집
g_g005815,1,1,2308120001,집
g_g005815,1,2,2308120002,스타 호텔 건물 뒤 주차장
g_g005815,1,3,2308120003,독립기념관
g_g005815,1,4,2308120004,들밥
g_g005815,1,5,2308120005,스톱오버 카페
g_g005815,1,6,2308120006,공세리성당
g_g005815,1,7,2308120007,현충사
g_g005815,1,8,2308120008,유부신종
g_g005815,1,9,2308120009,스타 호텔
g_g005815,2,1,2308130001,운수 대통 국밥
g_g005815,2,2,2308130002,스타 호텔
g_g005815,2,3,2308130003,천안 옛날호두과자 본점
g_g005815,2,4,2308130004,롯데리아 천안역사점
g_g005815,2,5,2308130005,집
g_g005838,1,1,2308190001,친구 친지 집
g_g005838,1,2,2308190002,화성휴게소 목포 방향
g_g005838,1,3,2308190003,째보 식당 본점
g_g005838,1,4,2308190005,달빛점 빵
g_g005838,1,5,2308190004,신흥동 일본식 가옥
g_g005838,1,6,2308190006,경암동 철길마을
g_g005838,1,7,2308190007,젤라또 공대
g_g005838,1,8,2308190008,군산근대역사박물관
g_g005838,1,9,2308190009,에이본 호텔 군산
g_g005838,1,10,2308190010,순돌이 곱창
g_g005838,1,11,2308190011,선유도해수욕장
g_g005838,1,12,2308190012,에이본 호텔 군산
g_g005838,2,1,2308200001,말랭이 마을
g_g005838,2,2,2308200002,옥녀 교차로
g_g005838,2,3,2308200003,군산수산물 종합센터
g_g005838,2,4,2308200004,군산역
g_g005838,2,5,2308200005,집
g_g005841,1,1,2308120001,집
g_g005841,1,2,2308120003,인사동 밥집
g_g005841,1,3,2308120004,콘파냐
g_g005841,1,4,2308120005,청풍 호반 케이블카 물태리역
g_g005841,1,5,2308120006,청풍 황금송어
g_g005841,1,6,2308120007,제천국제 음악영화제
g_g005841,1,7,2308120002,블루밍 데이즈
g_g005841,2,1,2308130001,제천 수상 레저
g_g005841,2,2,2308130003,제천 국제 음악영화제 제천 사무국
g_g005841,2,3,2308130004,콘파냐
g_g005841,2,4,2308130002,제천 명물 빨간 어묵
g_g005841,2,5,2308130005,의림지
g_g005841,2,6,2308130006,집
g_g005844,1,1,2308180001,집
g_g005844,1,2,2308180002,칠링스
g_g005844,1,3,2308180003,팜스 식자재마트
g_g005844,1,4,2308180004,대숲 향기
g_g005844,2,1,2308190001,쌍교 숯불갈비 담양 본점
g_g005844,2,2,2308190002,소아르떼
g_g005844,2,3,2308190003,담양 밤 부리
g_g005844,2,4,2308190004,집
g_g005848,1,1,2308110001,집
g_g005848,1,2,2308110003,정안 알밤 휴게소 논산 방향
g_g005848,1,3,2308110004,국립 변산 자연휴양림
g_g005848,1,4,2308110005,모항 레저타운
g_g005848,1,5,2308110006,격포어촌계 회 센터 B동
g_g005848,1,6,2308110007,채석강
g_g005848,1,7,2308110008,솔 섬
g_g005848,1,8,2308110002,모항 레저타운
g_g005848,2,1,2308120001,카페 티라
g_g005848,2,2,2308120002,소우
g_g005848,2,3,2308120003,부안 강산 명주
g_g005848,2,4,2308120004,군산휴게소 서울 방향
g_g005848,2,5,2308120005,집
g_g005849,1,1,2308260001,집
g_g005849,1,2,2308260002,현암뚝방구이
g_g005849,1,3,2308260003,대전 신세계 아트앤사이언스
g_g005849,1,4,2308260004,호텔오노마대전오토그래프컬렉션
g_g005849,1,5,2308260005,대전 신세계 아트앤사이언스
g_g005849,1,6,2308260006,호텔오노마대전오토그래프컬렉션
g_g005849,2,1,2308270001,호텔오노마대전오토그래프컬렉션 26층 수영장
g_g005849,2,2,2308270002,대전 신세계 아트앤사이언스
g_g005849,2,3,2308270003,한밭수목원
g_g005849,2,4,2308270004,원조태평소국밥 본점
g_g005849,2,5,2308270005,스타벅스 대전 목동 DT점 주차장
g_g005849,2,6,2308270006,성심당 본점
g_g005849,2,7,2308270007,대전역
g_g005849,2,8,2308270008,집
g_g005855,1,1,2308160001,집
g_g005855,1,2,2308160003,함안휴게소 순천방향
g_g005855,1,3,2308160004,가족회관
g_g005855,1,4,2308160006,양사재
g_g005855,1,5,2308160005,마시랑게
g_g005855,1,6,2308160007,노마딕 비어가든
g_g005855,1,7,2308160008,오목대
g_g005855,1,8,2308160002,숙소
g_g005855,2,1,2308170002,옛날 옴팡짐
g_g005855,2,2,2308170003,전주 덕진공원
g_g005855,2,3,2308170004,함양휴게소 통영방향
g_g005855,2,4,2308170001,집
g_g005868,1,1,2308190001,집
g_g005868,1,2,2308190002,서대전역
g_g005868,1,3,2308190003,여수엑스포역
g_g005868,1,4,2308190004,백천 선어 마을
g_g005868,1,5,2308190005,아르떼 뮤지엄 여수
g_g005868,1,6,2308190007,스타벅스 더여수돌산DT점
g_g005868,1,7,2308190006,라마다플라자 바이 윈덤 여수 짚트랙
g_g005868,1,8,2308190009,소호로 숙소(에어비엔비)
g_g005868,2,1,2308200007,소호로 숙소(에어비엔비)
g_g005868,2,2,2308200008,아쿠아플라넷 여수
g_g005868,2,3,2308200009,광장 국밥
g_g005868,2,4,2308200010,이순신광장
g_g005868,2,5,2308200011,여수엑스포역
g_g005868,2,6,2308200006,집
g_g005889,1,1,2308150001,집
g_g005889,1,2,2308150003,롯데리아 세종 새롬점
g_g005889,1,3,2308150004,파리바게뜨 세종 새롬점
g_g005889,1,4,2308150006,속리산 레포츠
g_g005889,1,5,2308150005,속리산 짚라인
g_g005889,1,6,2308150007,속리산 숲 체험휴양마을
g_g005889,1,7,2308150008,속리산휴양사업소
g_g005889,1,8,2308150002,집
g_g005889,2,1,2308160001,키즈 레포츠 체험장
g_g005889,2,2,2308160002,솔향공원 소나무 전시관
g_g005889,2,3,2308160003,법주사
g_g005889,2,4,2308160004,옹심이 메밀 손칼국수
g_g005889,2,5,2308160005,덕림 슈퍼
g_g005889,2,6,2308160006,속리산 체험학습관
g_g005889,2,7,2308160007,죽이야기 세종 한솔점
g_g005889,2,8,2308160008,집
g_g005895,1,1,2308140001,집
g_g005895,1,2,2308140003,골프존파크 중앙 탑신도 시점
g_g005895,1,3,2308140004,임페리얼레이크 CC
g_g005895,1,4,2308140005,남한강 막국수
g_g005895,1,5,2308140002,집
g_g005898,1,1,2308160001,집
g_g005898,1,2,2308160002,청풍 황금 떡갈비
g_g005898,1,3,2308160003,충주호 크루즈 청풍나루
g_g005898,1,4,2308160004,청풍리조트 레이크호텔
g_g005898,1,5,2308160005,청풍리조트 레이크호텔
g_g005898,1,6,2308160006,청풍리조트 레이크호텔
g_g005898,2,1,2308170001,청풍리조트 레이크호텔
g_g005898,2,2,2308170002,청풍 호반 케이블카 1주차장
g_g005898,2,3,2308170005,산 아래
g_g005898,2,4,2308170003,내토 재래시장
g_g005898,2,5,2308170006,집
g_g005920,1,1,2309020001,집
g_g005920,1,2,2309020003,전북대학교 전주캠퍼스
g_g005920,1,3,2309020004,전주 덕진공원
g_g005920,1,4,2309020005,인솔 커피 전북대점
g_g005920,1,5,2309020006,대천해수욕장
g_g005920,1,6,2309020002,모텔 센트
g_g005920,2,1,2309030001,전주한옥마을
g_g005920,2,2,2309030002,오목대
g_g005920,2,3,2309030003,전주 덕진공원
g_g005920,2,4,2309030004,팬텀팬피그 전북대점
g_g005920,2,5,2309030005,집
g_g005952,1,1,2308150001,집
g_g005952,1,2,2308150011,서울역
g_g005952,1,3,2308150003,유월드 루지 테마파크
g_g005952,1,4,2308150004,꽃동 게장 1번가
g_g005952,1,5,2308150005,이순신광장
g_g005952,1,6,2308150006,오동도 호텔
g_g005952,1,7,2308150007,여수세계박람회 빅 오
g_g005952,1,8,2308150008,광명 대창집 여수 여천점
g_g005952,1,9,2308150010,오동도 호텔
g_g005952,2,1,2308160001,아쿠아플라넷 여수
g_g005952,2,2,2308160002,김밥천국 수정점
g_g005952,2,3,2308160003,여수세계박람회 스카이타워
g_g005952,2,4,2308160004,여수엑스포역
g_g005952,2,5,2308160005,집
g_g005959,1,1,2308120001,집
g_g005959,1,2,2308120002,문의 청남대 휴게소 청주 방향
g_g005959,1,3,2308120003,블랙스톤 벨포르 리조트 벨포르 목장
g_g005959,1,4,2308120004,소문난보끄미 증평점
g_g005959,1,5,2308120005,이와 카페
g_g005959,1,6,2308120006,현대백화점 충청점
g_g005959,1,7,2308120007,청주 지웰에스테이트 오피스텔
g_g005959,2,1,2308130001,의림지
g_g005959,2,2,2308130002,금왕 휴게소 평택 방향
g_g005959,2,3,2308130003,집
g_g005960,1,1,2308120001,집
g_g005960,1,2,2308120002,자매 갈비전골
g_g005960,1,3,2308120003,전주 덕진공원
g_g005960,1,4,2308120004,명륜
g_g005960,1,5,2308120005,전주종합 경기장 주경기장
g_g005960,1,6,2308120006,현대사원아파트
g_g005960,2,1,2308130001,비비정 예술 열차
g_g005960,2,2,2308130002,한벽 굴
g_g005960,2,3,2308130003,카페 1723
g_g005960,2,4,2308130004,전주한옥마을
g_g005960,2,5,2308130005,집
g_g005965,1,1,2308250001,집
g_g005965,1,2,2308250002,행담도 휴게소 양방향
g_g005965,1,3,2308250003,개화예술공원 사계절 체험장 워터파크
g_g005965,1,4,2308250004,꿀 삼겹
g_g005965,1,5,2308250005,집
g_g005972,1,1,2308160001,집
g_g005972,1,2,2308160002,LG화학 안산 사택 아파트
g_g005972,1,3,2308160004,서목
g_g005972,1,4,2308160003,하얀 집 낙지전문점
g_g005972,1,5,2308160005,신월동 184 여수 바다
g_g005972,1,6,2308160006,집
g_g005974,1,1,2308130001,집
g_g005974,1,2,2308130003,임실 공용터미널
g_g005974,1,3,2308130004,전주 시외버스 공용터미널
g_g005974,1,4,2308130005,금암 소바
g_g005974,1,5,2308130006,폴 바셋 전주 금암 DT점
g_g005974,1,6,2308130007,전주 얼티밋 뮤직 페스티벌(JUMF)
g_g005974,1,7,2308130002,호텔 루나
g_g005974,2,1,2308140001,빌레레
g_g005974,2,2,2308140002,원더플레이스
g_g005974,2,3,2308140004,국립전주 박물관
g_g005974,2,4,2308140003,아도
g_g005974,2,5,2308140005,전주천
g_g005974,2,6,2308140007,전주 시외버스 공용터미널
g_g005974,2,7,2308140008,임실 공용터미널
g_g005974,2,8,2308140006,집
g_g005989,1,1,2308120001,집
g_g005989,1,2,2308120002,서울역 공항철
g_g005989,1,3,2308120003,오씨칼국수
g_g005989,1,4,2308120004,호텔 루이스
g_g005989,1,5,2308120005,한화생명 이글스 파크
g_g005989,1,6,2308120006,룸서비스
g_g005989,1,7,2308120007,파도 수산
g_g005989,1,8,2308120008,호텔 루이스
g_g005989,2,1,2308130001,일당 감자탕
g_g005989,2,2,2308130002,대전역
g_g005989,2,3,2308130003,집
g_g005992,1,1,2308260001,집
g_g005992,1,2,2308260003,신세계백화점 천안아산점
g_g005992,1,3,2308260004,서산공용버스터미널
g_g005992,1,4,2308260006,타타르 베이글 서산 호수공원점
g_g005992,1,5,2308260005,서산중앙호수공원
g_g005992,1,6,2308260007,한글도서관 서산 글램핑
g_g005992,1,7,2308260008,벌천포해수욕장
g_g005992,1,8,2308260002,한글도서관 서산 글램핑
g_g005992,2,1,2308270002,명지 해물찜 칼국수
g_g005992,2,2,2308270003,카페 서산 수
g_g005992,2,3,2308270004,웅도
g_g005992,2,4,2308270006,두꺼비
g_g005992,2,5,2308270005,올리고 방
g_g005992,2,6,2308270007,쌍용역 1호선
g_g005992,2,7,2308270001,서정 스마트빌 듀오 3차
g_g005998,1,1,2308260001,사무실
g_g005998,1,2,2308260002,안면도 퍼피 스테이 온수 수영장 애견 펜션
g_g005998,2,1,2308270002,꽃지해수욕장
g_g005998,2,2,2308270003,받대 박 맛집
g_g005998,2,3,2308270004,메르벨르
g_g005998,2,4,2308270001,집
g_g006023,1,1,2308190001,집
g_g006023,1,2,2308190003,서울역
g_g006023,1,3,2308190004,대전역
g_g006023,1,4,2308190005,성심당 본점
g_g006023,1,5,2308190006,성심당 문화원
g_g006023,1,6,2308190007,김화 칼국수
g_g006023,1,7,2308190008,대전중앙시장
g_g006023,1,8,2308190009,토요코인 호텔 대전정부청사앞점
g_g006023,1,9,2308190013,대전 정보문화산업진흥원
g_g006023,1,10,2308190010,스타벅스 대전엑스포 스카이점
g_g006023,1,11,2308190011,엑스포과학공원
g_g006023,1,12,2308190012,엑스포다리
g_g006023,1,13,2308190014,1도씨 맥주
g_g006023,1,14,2308190002,토요코인 호텔 대전정부청사앞점
g_g006023,2,1,2308200001,한밭수목원
g_g006023,2,2,2308200002,천연기념물 센터
g_g006023,2,3,2308200003,성심당 본점
g_g006023,2,4,2308200004,신도칼국수
g_g006023,2,5,2308200005,수리 브라운
g_g006023,2,6,2308200006,대전복합터미널
g_g006023,2,7,2308200007,서울고속버스터미널(경부)
g_g006023,2,8,2308200008,집
g_g006027,1,1,2308140001,집
g_g006027,1,2,2308140002,나주 중흥골드스파 리조트
g_g006027,1,3,2308140003,나주곰탕 하얀 집
g_g006027,1,4,2308140004,집
g_g006029,1,1,2308140001,집
g_g006029,1,2,2308140002,국밥거리
g_g006029,1,3,2308140003,보령 해저터널
g_g006029,1,4,2308140004,꽃지 안면도 레포츠
g_g006029,1,5,2308140005,대한 회 센터
g_g006029,1,6,2308140006,행복한 테라스 펜션
g_g006029,1,7,2308140007,삼봉해수욕장
g_g006029,1,8,2308140008,꽃지해수욕장
g_g006029,1,9,2308140009,백사장 어촌계 수산시장
g_g006029,1,10,2308140010,삼봉해수욕장
g_g006029,1,11,2308140012,행복한 테라스 펜션
g_g006029,2,1,2308150001,꽃지해수욕장
g_g006029,2,2,2308150002,파티엔
g_g006029,2,3,2308150003,간월 오비어 카페
g_g006029,2,4,2308150006,친지 집 방문
g_g006029,2,5,2308150007,본가(부모님댁)
g_g006029,2,6,2308150004,수제빵 연구소
g_g006029,2,7,2308150005,집
g_g006033,1,1,2308270001,집
g_g006033,1,2,2308270002,해미읍성
g_g006033,1,3,2308270003,해미 호떡
g_g006033,1,4,2308270004,청운대학교 청운학사 기숙사
g_g006033,1,5,2308270007,명동 상가 상인회
g_g006033,1,6,2308270005,홍성 홍주읍성
g_g006033,1,7,2308270006,내당 한우
g_g006033,1,8,2308270008,집
g_g006048,1,1,2308120001,집
g_g006048,1,2,2308120002,새만금 방조제 드라이브 코스
g_g006048,1,3,2308120003,삼발이 군산점
g_g006048,1,4,2308120004,힐링무인텔
g_g006048,2,1,2308130001,수송 반점
g_g006048,2,2,2308130002,둔율담
g_g006048,2,3,2308130003,경암동 철길마을
g_g006048,2,4,2308130004,영화마을
g_g006048,2,5,2308130005,무녀도
g_g006048,2,6,2308130006,전주한옥마을
g_g006048,2,7,2308130007,집
g_g006061,1,1,2308170001,집
g_g006061,1,2,2308170002,경기 광주 휴게소 원주 방향
g_g006061,1,3,2308170003,만천하 스카이워크 스카이워크 전망대
g_g006061,1,4,2308170004,도담삼봉 단양 유람선 선착장
g_g006061,1,5,2308170006,영남 식당
g_g006061,1,6,2308170005,마마 코코
g_g006061,1,7,2308170007,단양 소백농협 하나로마트
g_g006061,1,8,2308170008,꽃들의 물감 찾기 펜션
g_g006061,2,1,2308180001,온달관광지
g_g006061,2,2,2308180002,시즌 뷰
g_g006061,2,3,2308180003,단양구경시장
g_g006061,2,4,2308180005,여주휴게소(인천방향)
g_g006061,2,5,2308180004,집
g_g006065,1,1,2308250001,집
g_g006065,1,2,2308250002,나주 중흥골드스파 리조트 워터라고
g_g006065,1,3,2308250003,호텔 드림
g_g006065,1,4,2308250004,세컨드 디포리스트 나주혁신점
g_g006065,1,5,2308250005,호텔 드림
g_g006065,2,1,2308260001,채선당 PLUS 나주혁신도시점
g_g006065,2,2,2308260002,나주 랜드
g_g006065,2,3,2308260003,그림 빵집
g_g006065,2,4,2308260004,집
g_g006076,1,1,2308180001,집
g_g006076,1,2,2308180003,여수세계박람회 스카이타워
g_g006076,1,3,2308180004,코아루 시티 코어
g_g006076,1,4,2308180005,이순신광장
g_g006076,1,5,2308180006,여수 딸기 찹쌀떡 본점
g_g006076,1,6,2308180007,여수다
g_g006076,1,7,2308180008,웅천해수욕장
g_g006076,1,8,2308180009,불타는 생삼겹
g_g006076,1,9,2308180002,코아루 시티 코어
g_g006076,2,1,2308190002,맥도날드 여수 학동 DT점
g_g006076,2,2,2308190003,여수엑스포 컨벤션 센터
g_g006076,2,3,2308190001,집
g_g006092,1,1,2308170001,집
g_g006092,1,2,2308170002,소노벨 천안 오션 어드벤처
g_g006092,1,3,2308170003,소노벨 천안
g_g006092,2,1,2308180001,소노벨 천안
g_g006092,2,2,2308180002,천안시립미술관
g_g006092,2,3,2308180004,빵돌 가마 마을
g_g006092,2,4,2308180006,집
g_g006096,1,1,2308120001,집
g_g006096,1,2,2308120002,두꺼비식당 본점
g_g006096,1,3,2308120003,제천비행장
g_g006096,1,4,2308120005,제천체육관
g_g006096,1,5,2308120004,티 카페 차센
g_g006096,1,6,2308120006,집
g_g006102,1,1,2308150001,집
g_g006102,1,2,2308150002,정이품송
g_g006102,1,3,2308150003,연송집
g_g006102,1,4,2308150004,속리산 연꽃단지
g_g006102,1,5,2308150005,법주사
g_g006102,1,6,2308150006,속리산 숲 체험휴양마을
g_g006102,1,7,2308150007,속리산휴양사업소
g_g006102,1,8,2308150009,속리산 숲 체험휴양마을
g_g006102,2,1,2308160002,솔향공원
g_g006102,2,2,2308160003,달본
g_g006102,2,3,2308160001,집
g_g006114,1,1,2308120001,집
g_g006114,1,2,2308120003,활옷 동굴
g_g006114,1,3,2308120005,심항산 해맞이 도시숲
g_g006114,1,4,2308120006,커피 단월
g_g006114,1,5,2308120004,중앙탑 막국수 안림점
g_g006114,1,6,2308120002,집
g_g006132,1,1,2308160001,집
g_g006132,1,2,2308160002,군산 시외버스터미널
g_g006132,1,3,2308160003,익산역
g_g006132,1,4,2308160004,여수엑스포역
g_g006132,1,5,2308160005,CU 여수 진남점
g_g006132,1,6,2308160006,이순신광장
g_g006132,1,7,2308160007,수빈 식당
g_g006132,1,8,2308160008,오동도
g_g006132,1,9,2308160009,달링하버 펜션
g_g006132,1,10,2308160010,여수 해상 케이블카
g_g006132,1,11,2308160011,여수 낭만포차 거리
g_g006132,1,12,2308160012,달링하버 펜션
g_g006132,2,1,2308170001,하멜등대
g_g006132,2,2,2308170002,봉춘 식당
g_g006132,2,3,2308170003,이순신광장
g_g006132,2,4,2308170004,여수엑스포역
g_g006132,2,5,2308170005,집
g_g006137,1,1,2309080001,집
g_g006137,1,2,2309080002,행담도 휴게소 양방향
g_g006137,1,3,2309080003,오 양손 칼국수
g_g006137,1,4,2309080004,충청수영성
g_g006137,1,5,2309080005,상화원
g_g006137,1,6,2309080007,대천해수욕장
g_g006137,1,7,2309080008,참 참조개구이 회 센터
g_g006137,1,8,2309080009,한화리조트 대천 파로스
g_g006137,2,1,2309090001,딴뚝통나무집식당
g_g006137,2,2,2309090002,커피 홀 베이커리 태안 청포대점
g_g006137,2,3,2309090003,롯데 프리미엄 아웃렛 타임 빌라스
g_g006137,2,4,2309090004,집
g_g006151,1,1,2308150001,집
g_g006151,1,2,2308150002,별난 버섯집 동탄 직영점
g_g006151,1,3,2308150003,구룡 소류지
g_g006151,1,4,2308150004,그림 바위
g_g006151,1,5,2308150005,오아
g_g006151,1,6,2308150009,쫄쫄 호떡 중앙공원 본점
g_g006151,1,7,2308150006,홈플러스 청주 성안점
g_g006151,1,8,2308150010,벨루어
g_g006151,2,1,2308160001,홀리몰리
g_g006151,2,2,2308160002,집
g_g006152,1,1,2308140001,집
g_g006152,1,2,2308140002,죽녹원
g_g006152,1,3,2308140003,때 사랑
g_g006152,1,4,2308140004,메타 프로방스
g_g006152,1,5,2308140005,아쿠아플라넷 여수
g_g006152,1,6,2308140006,호텔 더원
g_g006152,1,7,2308140007,노랑 고래 찹쌀 꽈배기 여수 직영점
g_g006152,1,8,2308140008,여수 해상 케이블카 자산 정류장
g_g006152,1,9,2308140009,낭만포차 18번 이순신 햇물 삼합
g_g006152,1,10,2308140010,낭만 가마솥 치킨
g_g006152,1,11,2308140011,호텔 더원
g_g006152,2,1,2308150001,노랑 고래 찹쌀 꽈배기 여수 중앙점
g_g006152,2,2,2308150002,고흥우주발사 전망대
g_g006152,2,3,2308150003,갈릴리 횟집
g_g006152,2,4,2308150004,해돌마
g_g006152,2,5,2308150005,집
g_g006161,1,1,2308130001,집
g_g006161,1,2,2308130002,서울역
g_g006161,1,3,2308130003,여수엑스포역
g_g006161,1,4,2308130004,고소동 벽화마을
g_g006161,1,5,2308130005,여수 전통 서시장
g_g006161,1,6,2308130006,플로라 호스텔 펜션
g_g006161,1,7,2308130007,만성리 검은 모래해변
g_g006161,1,8,2308130008,플로라 호스텔 펜션
g_g006161,1,9,2308130009,만성리 검은 모래해변
g_g006161,1,10,2308130010,플로라 호스텔 펜션
g_g006161,2,1,2308140001,만성리 검은 모래해변
g_g006161,2,2,2308140002,플로라 호스텔 펜션
g_g006161,2,3,2308140003,이루소
g_g006161,2,4,2308140004,유자 가든
g_g006161,2,5,2308140005,여수해양레일바이크
g_g006161,2,6,2308140006,이순신광장
g_g006161,2,7,2308140007,여수엑스포역
g_g006161,2,8,2308140008,용산역
g_g006161,2,9,2308140009,집
g_g006163,1,1,2308190001,집
g_g006163,1,2,2308190002,씽씽해 물 천국
g_g006163,1,3,2308190007,닷 돈 대 4색 야영장
g_g006163,1,4,2308190006,닷 돈 대 4색 야영장
g_g006163,2,1,2308200001,예일 주유소
g_g006163,2,2,2308200002,병천 황토방순대 수안보점
g_g006163,2,3,2308200003,수안보농협 하나로마트
g_g006163,2,4,2308200004,집
g_g006175,1,1,2308180001,집
g_g006175,1,2,2308180002,덕진 정류장
g_g006175,1,3,2308180003,유성시외버스정류소
g_g006175,1,4,2308180004,가마솥 튀김닭 아지자 야채 치킨 본점
g_g006175,1,5,2308180012,탑클라우드 호텔 대전점
g_g006175,2,1,2308190001,싶빵공장 둔산월평점
g_g006175,2,2,2308190002,룸즈에이 대전둔산점
g_g006175,2,3,2308190003,엑스포과학공원 한빛탑
g_g006175,2,4,2308190004,대전 e스포츠 경기장 드림 아레나
g_g006175,2,5,2308190005,한밭수목원
g_g006175,2,6,2308190006,초밥 전문점 진
g_g006175,2,7,2308190007,집
g_g006177,1,1,2308130001,집
g_g006177,1,2,2308130002,초정약수 세종 스파텔
g_g006177,1,3,2308130003,초정 행궁 전통찻집
g_g006177,1,4,2308130004,초정 행궁
g_g006177,1,5,2308130005,초정봉칼국수
g_g006177,1,6,2308130006,안성휴게소 서울 방향
g_g006177,1,7,2308130007,집
g_g006179,1,1,2308190001,집
g_g006179,1,2,2308190003,섬진강휴게소 정류소(전남 방면)
g_g006179,1,3,2308190004,장도
g_g006179,1,4,2308190005,유탑 마리나호텔 리조트
g_g006179,2,1,2308200001,여수 해상 케이블카
g_g006179,2,2,2308200002,오동도
g_g006179,2,3,2308200003,바담 식당
g_g006179,2,4,2308200004,프롬나드
g_g006179,2,5,2308200005,집
g_g006181,1,1,2308160001,친구 친지 집
g_g006181,1,2,2308160002,그린존 대천역 L 타워 야외주차장
g_g006181,1,3,2308160003,냉풍욕장
g_g006181,1,4,2308160004,미담 터
g_g006181,1,5,2308160005,해브 잇
g_g006181,1,6,2308160006,성주계곡
g_g006181,1,7,2308160007,보령석탄 박물관
g_g006181,1,8,2308160008,무창포해수욕장
g_g006181,1,9,2308160009,우리 집
g_g006189,1,1,2308200001,집
g_g006189,1,2,2308200002,치악휴게소 주유소 부산방향
g_g006189,1,3,2308200003,국시가
g_g006189,1,4,2308200004,의림지
g_g006189,1,5,2308200005,커피 라크
g_g006189,1,6,2308200006,청풍 호반 케이블카 물태리역
g_g006189,1,7,2308200007,양평 휴게소 광주방향
g_g006189,1,8,2308200008,집
g_g006190,1,1,2309090001,집
g_g006190,1,2,2309090003,무주반딧불축제
g_g006190,1,3,2309090004,카페 로뎀
g_g006190,1,4,2309090005,무주반딧불축제
g_g006190,1,5,2309090006,고봉인 김밥인 전북 무주점
g_g006190,1,6,2309090007,무주반딧불축제
g_g006190,1,7,2309090002,무풍승지체험마을
g_g006190,2,1,2309100005,나제통문
g_g006190,2,2,2309100001,태권도원
g_g006190,2,3,2309100002,무주 반디랜드
g_g006190,2,4,2309100004,이천 휴게소 하남방향
g_g006190,2,5,2309100003,집
g_g006192,1,1,2308150001,집
g_g006192,1,2,2308150002,한인옥
g_g006192,1,3,2308150004,군산근대역사박물관
g_g006192,1,4,2308150003,초원 사진관
g_g006192,1,5,2308150005,하망굴
g_g006192,1,6,2308150006,이성당 본점
g_g006192,1,7,2308150007,대장봉
g_g006192,1,8,2308150008,할리스 군산 선유도점
g_g006192,1,9,2308150009,선유도해수욕장
g_g006192,1,10,2308150010,소노벨 변산 오션 플레이
g_g006192,1,11,2308150012,소노벨 변산
g_g006192,1,12,2308150013,격포해수욕장
g_g006192,1,13,2308150011,소노벨 변산
g_g006192,2,1,2308160001,내소사
g_g006192,2,2,2308160002,슬지 제빵소
g_g006192,2,3,2308160003,청정바다젓갈
g_g006192,2,4,2308160004,집
g_g006196,1,1,2308140001,집
g_g006196,1,2,2308140003,청산수목원
g_g006196,1,3,2308140004,서해 가든
g_g006196,1,4,2308140005,포리 뉴
g_g006196,1,5,2308140006,소원농협 하나로마트
g_g006196,1,6,2308140002,채플힐 펜션
g_g006196,2,1,2308150002,진미가 본점
g_g006196,2,2,2308150001,집
g_g006197,1,1,2308140001,집
g_g006197,1,2,2308140002,강릉 초당두부
g_g006197,1,3,2308140003,아산스파비스
g_g006197,1,4,2308140004,스테이크 레이브 아산점
g_g006197,1,5,2308140005,온양 제일 호텔
g_g006197,2,1,2308150001,아산시시설관리공단 아산시 생태곤충원
g_g006197,2,2,2308150002,대산 가든
g_g006197,2,3,2308150003,파라다이스 스파 도고
g_g006197,2,4,2308150004,집
g_g006212,1,1,2308160001,집
g_g006212,1,2,2308160003,정읍 녹두장군휴게소 순천방향
g_g006212,1,3,2308160004,여기 좋아 호텔
g_g006212,1,4,2308160005,광주 기아 챔피언 스피드
g_g006212,1,5,2308160006,25시 참숯 구이
g_g006212,1,6,2308160007,월간 맥주 양산점
g_g006212,1,7,2308160008,여기 좋아 호텔
g_g006212,2,1,2308170001,진 식당 본점
g_g006212,2,2,2308170002,라이크 마이 베이커리
g_g006212,2,3,2308170003,행담도 휴게소 양방향
g_g006212,2,4,2308170004,집
g_g006213,1,1,2308270001,집
g_g006213,1,2,2308270002,여수엑스포역
g_g006213,1,3,2308270003,꽃동 게장 1번가
g_g006213,1,4,2308270004,여수 챌린지 파크 루지
g_g006213,1,5,2308270006,슈거 브리 움 리조트
g_g006213,1,6,2308270007,여수 해상 케이블카
g_g006213,1,7,2308270008,여수 낭만포차 거리
g_g006213,1,8,2308270009,슈거 브리 움 리조트
g_g006213,2,1,2308280001,카페 라피크
g_g006213,2,2,2308280002,서녹씨
g_g006213,2,3,2308280003,놀스 365
g_g006213,2,4,2308280004,아르떼 뮤지엄 여수
g_g006213,2,5,2308280005,카페 갤러리
g_g006213,2,6,2308280006,집
g_g006214,1,1,2308130001,친구 친지 집
g_g006214,1,2,2308130002,구천동 농협 하나로마트 리조트점
g_g006214,1,3,2308130003,반딧불이 펜션
g_g006214,1,4,2308130004,구천동 계곡
g_g006214,1,5,2308130005,반딧불이 펜션
g_g006214,2,1,2308140001,무주향
g_g006214,2,2,2308140002,정원 산책 카페
g_g006214,2,3,2308140003,친구 자취방
g_g006231,1,1,2308140001,집
g_g006231,1,2,2308140002,대전역
g_g006231,1,3,2308140003,성심당 본점
g_g006231,1,4,2308140004,더 센 pc방
g_g006231,1,5,2308140005,테라스 키친
g_g006231,1,6,2308140006,중앙로역 대전 1호선
g_g006231,1,7,2308140007,투썸플레이스 대전 둔산중앙점
g_g006231,1,8,2308140008,갤러리아백화점 타임월드점
g_g006231,1,9,2308140009,성심당 롯데백화점 대전점
g_g006231,1,10,2308140010,원조태평소국밥 본점
g_g006231,1,11,2308140011,성심당 대전역점
g_g006231,1,12,2308140012,대전역
g_g006231,1,13,2308140013,집
g_g006234,1,1,2308190001,집
g_g006234,1,2,2308190002,꽁트드페
g_g006234,1,3,2308190003,새실 오브 앰비언트
g_g006234,1,4,2308190004,SK 행복충전 영암 가스충전소
g_g006234,1,5,2308190005,영암군립 하정웅 미술관
g_g006234,1,6,2308190006,나불도 유원지
g_g006234,1,7,2308190007,집
g_g006260,1,1,2308210001,집
g_g006260,1,2,2308210006,여자친구 픽업
g_g006260,1,3,2308210002,서울 만남의 광장 휴게소 부산방향
g_g006260,1,4,2308210009,본인 부모님 댁
g_g006260,1,5,2308210003,금수장 장어구이
g_g006260,1,6,2308210004,대청댐 전망대
g_g006260,1,7,2308210005,대전엑스포 아쿠아리움
g_g006260,1,8,2308210007,스타벅스 대전엑스포 스카이점
g_g006260,1,9,2308210008,성심당 DCC점
g_g006260,1,10,2308210010,본인 부모님 댁
g_g006260,1,11,2308210011,도가나 장수촌
g_g006260,1,12,2308210012,여자친구 집 근처
g_g006260,1,13,2308210013,집
g_g006265,1,1,2308150001,집
g_g006265,1,2,2308150002,광주송정역
g_g006265,1,3,2308150003,유스퀘어 광주종합버스터미널
g_g006265,1,4,2308150004,대전복합터미널
g_g006265,1,5,2308150005,본이당 은행점
g_g006265,1,6,2308150006,프렐류드
g_g006265,1,7,2308150007,소수로 와
g_g006265,1,8,2308150008,성심당 본점
g_g006265,1,9,2308150009,아늑 호텔 대전 대흥점
g_g006265,1,10,2308150010,원조태평소국밥 별관
g_g006265,1,11,2308150011,서대전역
g_g006265,1,12,2308150012,광주송정역
g_g006265,1,13,2308150013,집
g_g006280,1,1,2308150001,친구 친지 집
g_g006280,1,2,2308150002,금왕 휴게소 주유소 제천 방향
g_g006280,1,3,2308150003,카페 다우리
g_g006280,1,4,2308150004,갤러리 하우스펜션
g_g006280,1,5,2308150005,단양농협 하나로마트 대강점
g_g006280,1,6,2308150006,갤러리 하우스펜션
g_g006280,2,1,2308160001,계곡
g_g006280,2,2,2308160002,이끼 베이커리
g_g006280,2,3,2308160005,다누리 아쿠아리움
g_g006280,2,4,2308160003,구인사
g_g006280,2,5,2308160004,불교 천태 중앙박물관
g_g006280,2,6,2308160006,단양구경시장
g_g006280,2,7,2308160007,원스 시
g_g006280,2,8,2308160008,친구 집
g_g006322,1,1,2308270001,집
g_g006322,1,2,2308270002,성심당 본점
g_g006322,1,3,2308270003,테마 오래
g_g006322,1,4,2308270004,별난 집
g_g006322,1,5,2308270005,풍유가
g_g006322,1,6,2308270006,한밭수목원
g_g006322,1,7,2308270007,유성호텔
g_g006322,1,8,2308270008,달 토끼의 떡볶이 흡입 구역 대전 장대점
g_g006322,1,9,2308270009,집
g_g006323,1,1,2308220006,집
g_g006323,1,2,2308220001,알선 식당
g_g006323,1,3,2308220002,순천 조례호수공원
g_g006323,1,4,2308220004,이블리스 커피
g_g006323,1,5,2308220003,남제골 벽화마을
g_g006323,1,6,2308220005,나눌 터
g_g006323,1,7,2308220007,집
g_g006327,1,1,2308230001,집
g_g006327,1,2,2308230002,창원중앙역
g_g006327,1,3,2308230003,순천역
g_g006327,1,4,2308230004,여수엑스포역
g_g006327,1,5,2308230005,엑스포 아트갤러리
g_g006327,1,6,2308230006,신라스테이 여수
g_g006327,1,7,2308230007,청수당 여수
g_g006327,1,8,2308230008,바다 김밥 본점
g_g006327,1,9,2308230009,이순신광장
g_g006327,1,10,2308230010,아이스크림옥
g_g006327,1,11,2308230011,이순신광장
g_g006327,1,12,2308230012,빽다방 여수 진남관점
g_g006327,1,13,2308230013,신라스테이 여수
g_g006327,1,14,2308230014,아쿠아플라넷 여수
g_g006327,1,15,2308230020,신라스테이 여수
g_g006327,2,1,2308240001,쿠라 멘
g_g006327,2,2,2308240002,이디야커피 여수여서점
g_g006327,2,3,2308240003,여수종합버스터미널
g_g006327,2,4,2308240004,창원종합버스터미널
g_g006327,2,5,2308240005,집
g_g006331,1,1,2308260001,집
g_g006331,1,2,2308260004,오산 휴게소 동탄 방향
g_g006331,1,3,2308260003,수암골 전망대
g_g006331,1,4,2308260005,오지
g_g006331,1,5,2308260006,봉용 불고기
g_g006331,1,6,2308260002,더 휴식 아늑 청주 우암 2호점
g_g006331,2,1,2308270002,국립현대미술관 청주
g_g006331,2,2,2308270003,원더플레이스 원더 아리아 청주점
g_g006331,2,3,2308270004,김충일 수제돈가스 원더 아리아점
g_g006331,2,4,2308270005,한상 가득 보리밥 산남점
g_g006331,2,5,2308270006,육거리종합시장
g_g006331,2,6,2308270001,집
g_g006354,1,1,2308260001,집
g_g006354,1,2,2308260003,전주 고속버스터미널
g_g006354,1,3,2308260004,두거리우신탕 효천점
g_g006354,1,4,2308260005,길거리다 한옥마을점
g_g006354,1,5,2308260007,전동성당
g_g006354,1,6,2308260006,경기전
g_g006354,1,7,2308260008,전망
g_g006354,1,8,2308260009,우리 놀이터 마루 달
g_g006354,1,9,2308260010,한옥네컷
g_g006354,1,10,2308260011,전주 남부시장 한옥마을 야시장
g_g006354,1,11,2308260002,옥탑 게스트하우스
g_g006354,2,1,2308270002,삼백집 전주본점
g_g006354,2,2,2308270003,전주 고속버스터미널
g_g006354,2,3,2308270001,집
g_g006366,1,1,2308130001,집
g_g006366,1,2,2308130002,백제 왕궁 박물관
g_g006366,1,3,2308130003,맛도 순두부
g_g006366,1,4,2308130004,왕궁 보석테마관광지 다이노 키즈월드
g_g006366,1,5,2308130005,바이콜로지 방학 개론 모악점
g_g006366,1,6,2308130006,아쿠아틱 파크 아마존
g_g006366,1,7,2308130008,황금 모텔
g_g006366,2,1,2308140001,달빛에 구운 고등어 전북도청점
g_g006366,2,2,2308140002,하림 본사
g_g006366,2,3,2308140003,집
g_g006376,1,1,2308190001,집
g_g006376,1,2,2308190002,전주역
g_g006376,1,3,2308190003,전주옥 본점
g_g006376,1,4,2308190004,천년의 아침
g_g006376,1,5,2308190005,전주공예품 전시관
g_g006376,1,6,2308190006,경기전
g_g006376,1,7,2308190007,교동 석갈비
g_g006376,1,8,2308190008,전주부채문화관
g_g006376,1,9,2308190009,최명희문학관
g_g006376,1,10,2308190010,교동 미술관
g_g006376,1,11,2308190011,천년의 아침
g_g006376,1,12,2308190012,오짱 전주한옥마을점
g_g006376,1,13,2308190013,외할머니 솜씨
g_g006376,1,14,2308190014,한옥마을 전통연희 퍼레이드
g_g006376,1,15,2308190015,전동성당
g_g006376,1,16,2308190016,전주 남부시장 한옥마을 야시장
g_g006376,1,17,2308190017,천년의 아침
g_g006376,2,1,2308200001,자만벽화마을
g_g006376,2,2,2308200002,두 이모 비빔밥 와플 한옥마을점
g_g006376,2,3,2308200003,전주향교
g_g006376,2,4,2308200004,오유
g_g006376,2,5,2308200005,전주 현대옥 전주한옥마을점
g_g006376,2,6,2308200006,천년의 아침
g_g006376,2,7,2308200007,전주역
g_g006376,2,8,2308200008,집
g_g006378,1,1,2308130001,집
g_g006378,1,2,2308130002,성심당 대전역점
g_g006378,1,3,2308130003,한화생명 이글스 파크
g_g006378,1,4,2308130004,집
g_g006393,1,1,2308270001,집
g_g006393,1,2,2308270002,친지 집
g_g006393,1,3,2308270003,용천사
g_g006393,1,4,2308270004,함평자연 생태공원
g_g006393,1,5,2308270005,함평군 양서 파충류 생태공원
g_g006393,1,6,2308270006,키친 25
g_g006393,1,7,2308270007,친척이 한우를 키우는 축사
g_g006393,1,8,2308270008,친지 집
g_g006393,2,1,2308280001,장성 소고기
g_g006393,2,2,2308280002,옐로 출렁다리
g_g006393,2,3,2308280003,요블랑
g_g006393,2,4,2308280004,집
g_g006402,1,1,2308150001,집
g_g006402,1,2,2308150007,군산 시간 여행 마을
g_g006402,1,3,2308150002,군산근대역사박물관
g_g006402,1,4,2308150003,군산근대 건축관
g_g006402,1,5,2308150004,소녀
g_g006402,1,6,2308150005,은파관광지 물빛다리 광장
g_g006402,1,7,2308150006,이성당 본점
g_g006402,1,8,2308150008,경암동 철길마을
g_g006402,1,9,2308150009,카페 153
g_g006402,1,10,2308150010,집
g_g006419,1,1,2308160001,집
g_g006419,1,2,2308160002,서울남부터미널
g_g006419,1,3,2308160003,롯데 아웃렛 부여점
g_g006419,1,4,2308160004,백제문화 단지
g_g006419,1,5,2308160005,빽다방 충남 부여점
g_g006419,1,6,2308160006,시골 통닭
g_g006419,1,7,2308160007,사비 그리고 달 게스트하우스
g_g006419,1,8,2308160008,궁남지
g_g006419,1,9,2308160009,앳 267
g_g006419,1,10,2308160010,사비 그리고 달 게스트하우스
g_g006419,2,1,2308170001,정림사지박물관 정림사지 5층 석탑
g_g006419,2,2,2308170002,국립부여박물관
g_g006419,2,3,2308170003,장원 막국수
g_g006419,2,4,2308170004,롯데리아 신부 역점
g_g006419,2,5,2308170005,서울남부터미널
g_g006419,2,6,2308170006,집
g_g006442,1,1,2309090001,집
g_g006442,1,2,2309090003,인천종합터미널
g_g006442,1,3,2309090004,대전복합터미널
g_g006442,1,4,2309090005,성심당 본점
g_g006442,1,5,2309090006,성심당 케이크 부티크
g_g006442,1,6,2309090007,별 뜨는 집
g_g006442,1,7,2309090008,대전시립미술관
g_g006442,1,8,2309090009,한밭수목원
g_g006442,1,9,2309090010,버터풀앤크리멀러스 대전 신세계 아트사이언스점
g_g006442,1,10,2309090011,서클 락 볼링장
g_g006442,1,11,2309090012,와타요업
g_g006442,1,12,2309090013,서대전역
g_g006442,1,13,2309090014,용산역
g_g006442,1,14,2309090015,동인천역 1호선
g_g006442,1,15,2309090002,집
g_g006459,1,1,2308260001,집
g_g006459,1,2,2308260003,비비
g_g006459,1,3,2308260004,세종 호수공원
g_g006459,1,4,2308260005,라쎄종
g_g006459,1,5,2308260006,국립세종수목원
g_g006459,1,6,2308260002,집
g_g006460,1,1,2308220001,집
g_g006460,1,2,2308220002,안양역
g_g006460,1,3,2308220003,대전역
g_g006460,1,4,2308220004,한밭수목원 열대식물원
g_g006460,1,5,2308220005,천연기념물 센터
g_g006460,1,6,2308220006,대전 곤충생태관
g_g006460,1,7,2308220007,한밭수목원 동원 수국 원
g_g006460,1,8,2308220008,온기 갈마점
g_g006460,1,9,2308220009,대전 신세계 아트앤사이언스
g_g006460,1,10,2308220010,성심당 본점
g_g006460,1,11,2308220011,챔프 스페이스 커피 로프터스
g_g006460,1,12,2308220012,으능정이 문화의 거리
g_g006460,1,13,2308220013,만나 대흥 본점
g_g006460,1,14,2308220014,대전역
g_g006460,1,15,2308220015,서울역
g_g006460,1,16,2308220016,범계역 4호선
g_g006460,1,17,2308220017,집
g_g006468,1,1,2308280001,집
g_g006468,1,2,2308280002,유미 초밥
g_g006468,1,3,2308280003,소노벨 천안 오션 어드벤처
g_g006468,1,4,2308280004,니즈 파스타
g_g006468,1,5,2308280005,입장거봉포도 휴게소 서울 방향
g_g006468,1,6,2308280006,집
g_g006469,1,1,2308220001,집
g_g006469,1,2,2308220002,수원역
g_g006469,1,3,2308220003,전주역
g_g006469,1,4,2308220004,전주 현대옥 전주역점
g_g006469,1,5,2308220005,전주부채문화관
g_g006469,1,6,2308220006,카페 달곰
g_g006469,1,7,2308220007,전주시 공영자전거 오목대 대여소
g_g006469,1,8,2308220008,경기전
g_g006469,1,9,2308220009,전동성당
g_g006469,1,10,2308220010,다우랑 1호점
g_g006469,1,11,2308220011,여유
g_g006469,1,12,2308220012,전주천 자전거길
g_g006469,1,13,2308220014,GS25 전주 교대점
g_g006469,1,14,2308220013,화순 집
g_g006469,1,15,2308220015,남천교
g_g006469,1,16,2308220016,여유
g_g006469,2,1,2308230001,옛날 피순대
g_g006469,2,2,2308230002,차경
g_g006469,2,3,2308230003,쓰다
g_g006469,2,4,2308230004,제 제 스토어
g_g006469,2,5,2308230005,전주 김치 문화관
g_g006469,2,6,2308230006,전주 난장
g_g006469,2,7,2308230007,고궁 수라간 한옥마을점
g_g006469,2,8,2308230008,전주역
g_g006469,2,9,2308230009,수원역
g_g006469,2,10,2308230010,집
g_g006470,1,1,2308200001,집
g_g006470,1,2,2308200002,한밭수목원
g_g006470,1,3,2308200003,대전시립미술관
g_g006470,1,4,2308200004,폴 바셋 대전엑스포 스카이점
g_g006470,1,5,2308200005,태양 커피 신세계 아트앤사이언스점
g_g006470,1,6,2308200007,엑스포과학공원 한빛탑
g_g006470,1,7,2308200006,로소 dcc
g_g006470,1,8,2308200008,카리 코
g_g006470,1,9,2308200009,하늘정원 게스트하우스
g_g006470,2,1,2308210001,성심당 본점
g_g006470,2,2,2308210002,대전중앙시장
g_g006470,2,3,2308210003,소제동 철도관사촌
g_g006470,2,4,2308210004,청양 칼국수
g_g006470,2,5,2308210005,한밭 카페
g_g006470,2,6,2308210006,성심당 본점
g_g006470,2,7,2308210007,으능정이 문화의 거리
g_g006470,2,8,2308210008,어썸 유닛
g_g006470,2,9,2308210009,제니텐소품샵 2호점
g_g006470,2,10,2308210010,처비 칙스
g_g006470,2,11,2308210011,집
g_g006475,1,1,2308170001,친구 친지 집
g_g006475,1,2,2308170002,가마 피자
g_g006475,1,3,2308170003,비밀의 화원 전주점
g_g006475,1,4,2308170004,Cafe 홍시궁 객리단길 본점
g_g006475,1,5,2308170005,전주종합 경기장 주경기장
g_g006475,1,6,2308170006,고속버스 둔산(청사) 정류장
g_g006477,1,1,2308260001,친구 친지 집
g_g006477,1,2,2308260003,서울고속버스터미널(경부)
g_g006477,1,3,2308260004,시장 정육점 식당
g_g006477,1,4,2308260005,베이커리 밤마을
g_g006477,1,5,2308260006,하루카페
g_g006477,1,6,2308260007,공주산성시장 문화공원
g_g006477,1,7,2308260008,공산성
g_g006477,1,8,2308260009,공주 토실이 쌀밤빵
g_g006477,1,9,2308260002,공주 호텔
g_g006477,2,1,2308270002,프런트
g_g006477,2,2,2308270003,망중한 커피 앤 티
g_g006477,2,3,2308270004,곰골 식당
g_g006477,2,4,2308270005,나태주 골목길
g_g006477,2,5,2308270006,제민천
g_g006477,2,6,2308270007,단골 닭강정
g_g006477,2,7,2308270008,부자 떡집
g_g006477,2,8,2308270009,미세스피베리
g_g006477,2,9,2308270010,아임일 리터 공주점
g_g006477,2,10,2308270011,교동 면옥 공주신관점
g_g006477,2,11,2308270012,금강신관공원
g_g006477,2,12,2308270013,공주종합버스터미널
g_g006477,2,13,2308270001,부영아파트
g_g006482,1,1,2308260001,집
g_g006482,1,2,2308260002,더 브리지 호텔
g_g006482,1,3,2308260003,추억의 연탄 갈비 2호점
g_g006482,1,4,2308260004,밸런타인
g_g006482,1,5,2308260006,더 브리지 호텔
g_g006482,2,1,2308270001,지린성
g_g006482,2,2,2308270003,와니 디저트 카페
g_g006482,2,3,2308270004,군산 보리 터
g_g006482,2,4,2308270002,테디베어뮤지엄 군산점
g_g006482,2,5,2308270005,옛 군산세관
g_g006482,2,6,2308270006,카페먹방이와친구들
g_g006482,2,7,2308270008,장미 갤러리
g_g006482,2,8,2308270009,진포해양테마공원
g_g006482,2,9,2308270007,집
g_g006489,1,1,2308290001,집
g_g006489,1,2,2308290009,성심당 본점
g_g006489,1,3,2308290002,성심당 문화원
g_g006489,1,4,2308290003,다다르다
g_g006489,1,5,2308290004,주교좌 대흥동 성당
g_g006489,1,6,2308290005,호텔 디 에디션
g_g006489,1,7,2308290006,대선 칼국수
g_g006489,1,8,2308290007,대전 신세계 아트앤사이언스
g_g006489,1,9,2308290008,호텔 디 에디션
g_g006489,2,1,2308300001,국립대전현충원
g_g006489,2,2,2308300002,성심당 케이크 부티크
g_g006489,2,3,2308300003,집
g_g006510,1,1,2308170001,집
g_g006510,1,2,2308170002,오송역
g_g006510,1,3,2308170003,광주역
g_g006510,1,4,2308170004,동대문 엽기 떡볶이 광주광산점
g_g006510,1,5,2308170005,창평 화성 식당
g_g006510,1,6,2308170014,블록하우스
g_g006510,2,1,2308180001,죽녹원
g_g006510,2,2,2308180002,담양 관방제림
g_g006510,2,3,2308180003,죽녹원 일번지
g_g006510,2,4,2308180004,대담
g_g006510,2,5,2308180006,빵쇼핑 죽녹원점
g_g006510,2,6,2308180005,신세계백화점 광주신세계점
g_g006510,2,7,2308180007,유스퀘어 광주종합버스터미널
g_g006510,2,8,2308180008,집
g_g006516,1,1,2308190001,집
g_g006516,1,2,2308190002,동탄역
g_g006516,1,3,2308190003,대전역
g_g006516,1,4,2308190004,파운드
g_g006516,1,5,2308190005,풍유가
g_g006516,1,6,2308190006,스포츠 몬스터 대전 신세계 아트앤사이언스점
g_g006516,1,7,2308190007,대전 신세계
g_g006516,1,8,2308190008,라쿠덴
g_g006516,1,9,2308190009,엑스포과학공원 한빛탑
g_g006516,1,10,2308190011,호텔 드레
g_g006516,2,1,2308200001,온천손칼국수 주꾸미
g_g006516,2,2,2308200002,성심당 대전역점
g_g006516,2,3,2308200003,동탄역
g_g006516,2,4,2308200004,집
g_g006523,1,1,2308190001,친구 친지 집
g_g006523,1,2,2308190003,신태라
g_g006523,1,3,2308190004,올리브 펜션
g_g006523,1,4,2308190005,꽃지해안공원 주차장 1
g_g006523,1,5,2308190006,안면도수산시장
g_g006523,1,6,2308190007,백사장 어촌계 수산시장
g_g006523,1,7,2308190008,올리브 펜션
g_g006523,1,8,2308190009,운영 해변
g_g006523,1,9,2308190002,올리브 펜션
g_g006523,2,1,2308200001,공주휴게소 대전방향
g_g006523,2,2,2308200002,정현 빌
g_g006524,1,1,2308190001,집
g_g006524,1,2,2308190002,용산역
g_g006524,1,3,2308190003,여수엑스포역
g_g006524,1,4,2308190004,싱싱 계장 마을
g_g006524,1,5,2308190005,지오 클럽
g_g006524,1,6,2308190006,장도
g_g006524,1,7,2308190007,유월드 루지 테마파크
g_g006524,1,8,2308190008,어반 스테이 여수 웅천
g_g006524,1,9,2308190009,돌문어 상회
g_g006524,1,10,2308190010,하멜등대
g_g006524,1,11,2308190011,어반 스테이 여수 웅천
g_g006524,2,1,2308200001,까꿍이 국밥
g_g006524,2,2,2308200002,이순신광장
g_g006524,2,3,2308200004,여수엑스포역
g_g006524,2,4,2308200003,집
g_g006529,1,1,2308150001,집
g_g006529,1,2,2308150002,광주송정역
g_g006529,1,3,2308150003,쿠로시오
g_g006529,1,4,2308150004,스쿱
g_g006529,1,5,2308150005,유스퀘어 광주종합버스터미널
g_g006529,1,6,2308150006,광주 기아 챔피언 스피드
g_g006529,1,7,2308150007,광주송정역
g_g006529,1,8,2308150008,집
g_g006548,1,1,2308160001,집
g_g006548,1,2,2308160002,유 캐슬호텔
g_g006548,1,3,2308160003,웅천친수공원
g_g006548,1,4,2308160004,갈 비어 첨가
g_g006548,1,5,2308160005,소호동 동다리
g_g006548,1,6,2308160007,유 캐슬호텔
g_g006548,2,1,2308170001,유심천피트니스&사우나
g_g006548,2,2,2308170002,유월드 루지 테마파크
g_g006548,2,3,2308170003,짬뽕 상회 여수에 월드점
g_g006548,2,4,2308170004,유월드 다이노 밸리
g_g006548,2,5,2308170005,테디베어뮤지엄 여수
g_g006548,2,6,2308170006,유월드 쥐라기 어드벤처
g_g006548,2,7,2308170007,홍익 돈가스 익산점
g_g006548,2,8,2308170008,집
g_g006588,1,1,2308200002,집
g_g006588,1,2,2308200003,씨사이드인 여수
g_g006588,1,3,2308200001,명동게장
g_g006588,1,4,2308200006,23번 자매 실내 마차
g_g006588,1,5,2308200004,오동도
g_g006588,1,6,2308200005,여수 국가대표 패러글라이딩
g_g006588,1,7,2308200007,씨사이드인 여수
g_g006588,2,1,2308210001,내가 조선의 국밥이다 관문점
g_g006588,2,2,2308210002,아르떼 뮤지엄 여수
g_g006588,2,3,2308210003,하이 마레
g_g006588,2,4,2308210004,황가네 하모
g_g006588,2,5,2308210005,여수세계박람회 스카이타워
g_g006588,2,6,2308210006,파크뷰 오피스텔
g_g006601,1,1,2308150001,집
g_g006601,1,2,2308150002,예산 상설시장
g_g006601,1,3,2308150003,예당호 출렁다리
g_g006601,1,4,2308150004,간양길카페
g_g006601,1,5,2308150005,밀 플랜비 순천향대점
g_g006601,1,6,2308150006,집
g_g006606,1,1,2308150001,집
g_g006606,1,2,2308150003,마장 프리미엄 휴게소 하남방향
g_g006606,1,3,2308150004,송학정
g_g006606,1,4,2308150005,아우트로 커피
g_g006606,1,5,2308150006,문의문화재 단지
g_g006606,1,6,2308150007,청주시립 대청호미술관
g_g006606,1,7,2308150008,삼동 소바 상당점
g_g006606,1,8,2308150002,집
g_g006636,1,1,2308220001,집
g_g006636,1,2,2308220003,해마의 방
g_g006636,1,3,2308220004,디블루메
g_g006636,1,4,2308220005,커플 브리지
g_g006636,1,5,2308220006,베스트 인 시티 호텔
g_g006636,1,6,2308220007,한화생명 이글스 파크
g_g006636,1,7,2308220009,베스트 인 시티 호텔
g_g006636,2,1,2308230002,선화동 소머리 해장국 본점
g_g006636,2,2,2308230003,성심당 본점
g_g006636,2,3,2308230004,테라스 키친
g_g006636,2,4,2308230005,올리브영 대전중앙점
g_g006636,2,5,2308230006,대전역
g_g006636,2,6,2308230001,집
g_g006668,1,1,2308170001,집
g_g006668,1,2,2308170002,망향휴게소 부산방향
g_g006668,1,3,2308170003,인문 아카이브 양림 후마니타스
g_g006668,1,4,2308170004,대청 호반 자연수변공원
g_g006668,1,5,2308170005,부소담악
g_g006668,1,6,2308170006,스톤 앤 레이크
g_g006668,1,7,2308170007,수반 주꾸미 본점
g_g006668,1,8,2308170008,옥천문화 예술 회관
g_g006668,1,9,2308170009,스톤 앤레이크
g_g006668,2,1,2308180002,성심당 본점
g_g006668,2,2,2308180003,마중과는 길
g_g006668,2,3,2308180004,청남대
g_g006668,2,4,2308180005,안성휴게소 서울 방향
g_g006668,2,5,2308180001,집
g_g006677,1,1,2308170001,집
g_g006677,1,2,2308170002,성심당 본점
g_g006677,1,3,2308170003,엑스포 공원 갑천 둑길 카이스트 앞 대로
g_g006677,1,4,2308170004,사리원 본점에 점심 식사를 위해 방문
g_g006677,1,5,2308170005,교보문고 세종 바로 드림센터
g_g006677,1,6,2308170006,뚜쥬루 돌가마점
g_g006677,1,7,2308170007,집
g_g006696,1,1,2309010001,집
g_g006696,1,2,2309010002,괴산고추축제
g_g006696,1,3,2309010003,국립 괴산호국원
g_g006696,1,4,2309010004,알콩달콩 깜장 염소
g_g006696,1,5,2309010005,집
g_g006698,1,1,2308190001,친구 친지 집
g_g006698,1,2,2308190009,영등포역
g_g006698,1,3,2308190011,대전역
g_g006698,1,4,2308190003,김화 칼국수
g_g006698,1,5,2308190004,문앤봉
g_g006698,1,6,2308190005,한밭수목원
g_g006698,1,7,2308190006,대전시립미술관
g_g006698,1,8,2308190007,광세 족발 갈마점
g_g006698,1,9,2308190008,성심당 본점
g_g006698,1,10,2308190010,대전역
g_g006698,1,11,2308190012,영등포역
g_g006698,1,12,2308190002,현재 거주하고 있는 자택
g_g006718,1,1,2308180001,집
g_g006718,1,2,2308180003,군산근대역사박물관
g_g006718,1,3,2308180004,옛 군산세관
g_g006718,1,4,2308180005,군산근대화 거리
g_g006718,1,5,2308180006,한인옥
g_g006718,1,6,2308180007,신흥동 일본식 가옥
g_g006718,1,7,2308180008,테디베어뮤지엄 군산점
g_g006718,1,8,2308180009,고우당
g_g006718,1,9,2308180002,집
g_g006725,1,1,2308190001,집
g_g006725,1,2,2308190003,대천휴게소 목포 방향
g_g006725,1,3,2308190005,듀플렉스 레지던스 호텔
g_g006725,1,4,2308190006,일월 육일 나주혁신점
g_g006725,1,5,2308190002,듀플렉스 레지던스 호텔
g_g006725,2,1,2308200002,불회사
g_g006725,2,2,2308200003,국립나주 박물관
g_g006725,2,3,2308200004,나주목사 내야
g_g006725,2,4,2308200005,영산강 황포돛배 선착장
g_g006725,2,5,2308200006,39-17마 중
g_g006725,2,6,2308200007,군산휴게소 서울 방향
g_g006725,2,7,2308200001,집
g_g006730,1,1,2308230001,집
g_g006730,1,2,2308230004,용산역
g_g006730,1,3,2308230005,여수엑스포역
g_g006730,1,4,2308230003,늘 푸른 식당
g_g006730,1,5,2308230007,고소동 벽화마을
g_g006730,1,6,2308230006,카페 몬다
g_g006730,1,7,2308230008,여수 유탑유블레스
g_g006730,1,8,2308230009,하얀 파도
g_g006730,1,9,2308230010,돌문어 상회 별관
g_g006730,1,10,2308230011,하멜등대
g_g006730,1,11,2308230012,여수 유탑유블레스
g_g006730,2,1,2308240002,국동 칼국수
g_g006730,2,2,2308240003,모여 핀
g_g006730,2,3,2308240004,아르떼 뮤지엄 여수
g_g006730,2,4,2308240005,여수엑스포역
g_g006730,2,5,2308240006,용산역
g_g006730,2,6,2308240001,집
g_g006739,1,1,2308200001,집
g_g006739,1,2,2308200003,수원역
g_g006739,1,3,2308200002,대전역
g_g006739,1,4,2308200004,한밭수목원
g_g006739,1,5,2308200005,성심당 롯데백화점 대전점
g_g006739,1,6,2308200006,바로 그 집 대전중앙로 지하상가점
g_g006739,1,7,2308200007,중앙로 지하상가
g_g006739,1,8,2308200008,포토 그레이 은행점
g_g006739,1,9,2308200009,The 대단한 커피 x 대단한 탕후루 대전은행점
g_g006739,1,10,2308200010,대전역
g_g006739,1,11,2308200011,수원역
g_g006739,1,12,2308200012,집
g_g006764,1,1,2309090001,집
g_g006764,1,2,2309090002,서울역
g_g006764,1,3,2309090003,대전역
g_g006764,1,4,2309090004,김화 칼국수
g_g006764,1,5,2309090006,대전중앙시장
g_g006764,1,6,2309090007,으능정이 문화의 거리
g_g006764,1,7,2309090008,안도라
g_g006764,1,8,2309090009,다다르다
g_g006764,1,9,2309090010,성심당 본점
g_g006764,1,10,2309090011,대전역
g_g006764,1,11,2309090012,집
g_g006775,1,1,2309090001,집
g_g006775,1,2,2309090003,명가 해물칼국수
g_g006775,1,3,2309090004,영인산자연휴양림
g_g006775,1,4,2309090005,신정호
g_g006775,1,5,2309090006,아마르 라운지
g_g006775,1,6,2309090002,이틀 호텔
g_g006775,2,1,2309100003,송탄 부대찌개
g_g006775,2,2,2309100004,외암민속마을
g_g006775,2,3,2309100005,상전
g_g006775,2,4,2309100002,파라다이스 스파 도고
g_g006775,2,5,2309100001,집
g_g006803,1,1,2308150001,집
g_g006803,1,2,2308150003,공주휴게소 대전방향
g_g006803,1,3,2308150004,세븐일레븐
g_g006803,1,4,2308150005,원조태평소국밥 유성점
g_g006803,1,5,2308150006,챔프 스페이스 커피 로프터스
g_g006803,1,6,2308150007,관사 16호
g_g006803,1,7,2308150014,중앙시장 공영주차빌딩
g_g006803,1,8,2308150008,중앙로 지하상가
g_g006803,1,9,2308150009,프렐류드
g_g006803,1,10,2308150010,호수 식당
g_g006803,1,11,2308150011,성심당 DCC점
g_g006803,1,12,2308150012,폴 바셋 대전엑스포 스카이점
g_g006803,1,13,2308150013,GS25 용전파크점
g_g006803,1,14,2308150002,더 휴식 아늑 호텔 대전 용전 2호점
g_g006803,2,1,2308160002,성심당 본점
g_g006803,2,2,2308160003,시민 칼국수
g_g006803,2,3,2308160004,청주 휴게소 주유소 서울 방향
g_g006803,2,4,2308160001,집
g_g006807,1,1,2308180001,집
g_g006807,1,2,2308180002,영등포역
g_g006807,1,3,2308180003,대전역
g_g006807,1,4,2308180004,때화장
g_g006807,1,5,2308180005,으능정이 스카이로드
g_g006807,1,6,2308180006,인이 얼
g_g006807,1,7,2308180007,성심당 본점
g_g006807,1,8,2308180008,스탕달 호텔
g_g006807,1,9,2308180009,한화생명 이글스 파크
g_g006807,1,10,2308180010,스탕달 호텔
g_g006807,2,1,2308190001,진주냉면 만년옥
g_g006807,2,2,2308190002,한밭수목원
g_g006807,2,3,2308190003,카페 1896
g_g006807,2,4,2308190004,성심당 대전역점
g_g006807,2,5,2308190005,대전역
g_g006807,2,6,2308190006,집
g_g006812,1,1,2308150001,집
g_g006812,1,2,2308150003,두석유통문의휴게소 주유소 영덕 방향
g_g006812,1,3,2308150004,구병산
g_g006812,1,4,2308150005,이가
g_g006812,1,5,2308150006,나화장
g_g006812,1,6,2308150007,청주 고운 뜰
g_g006812,1,7,2308150002,집
g_g006825,1,1,2308190001,집
g_g006825,1,2,2308190002,공산성
g_g006825,1,3,2308190003,공주 산성시장
g_g006825,1,4,2308190004,공주 풀꽃 문학관
g_g006825,1,5,2308190005,나태주 골목길
g_g006825,1,6,2308190006,곡물 집
g_g006825,1,7,2308190007,국립공주 박물관
g_g006825,1,8,2308190008,집
g_g006828,1,1,2308150001,집
g_g006828,1,2,2308150002,백양사휴게소 순천방향
g_g006828,1,3,2308150003,보성 녹차밭
g_g006828,1,4,2308150004,향일암
g_g006828,1,5,2308150006,여수 미남크루즈
g_g006828,1,6,2308150008,거제 돔 관광호텔
g_g006828,1,7,2308150005,둔전 주유소
g_g006828,1,8,2308150013,거제 돔 관광호텔
g_g006828,2,1,2308160001,해금강테마 박물관
g_g006828,2,2,2308160002,신선 횟집 본점
g_g006828,2,3,2308160003,구절폭포
g_g006828,2,4,2308160004,집
g_g006842,1,1,2308150001,집
g_g006842,1,2,2308150002,청풍 호반 케이블카 물태리역
g_g006842,1,3,2308150003,활옷 동굴
g_g006842,1,4,2308150004,충주 박물관
g_g006842,1,5,2308150005,중앙탑 막국수
g_g006842,1,6,2308150006,켄싱턴리조트 충주
g_g006842,1,7,2308150007,켄싱턴리조트 충주
g_g006842,2,1,2308160001,비내섬 인증센터
g_g006842,2,2,2308160002,마키노차야 판교점
g_g006842,2,3,2308160003,집
g_g006843,1,1,2309040001,집
g_g006843,1,2,2309040002,용산역
g_g006843,1,3,2309040003,순천역
g_g006843,1,4,2309040004,순천만 전라도 밥상
g_g006843,1,5,2309040005,엔제리너스 순천만점
g_g006843,1,6,2309040006,순천만습지
g_g006843,1,7,2309040007,순천만 국가정원
g_g006843,1,8,2309040008,호텔 문
g_g006843,2,1,2309050001,섬진강에 재첩
g_g006843,2,2,2309050002,순천 웃자
g_g006843,2,3,2309050003,순천역
g_g006843,2,4,2309050004,진화 팥죽
g_g006843,2,5,2309050005,로테이트
g_g006843,2,6,2309050006,이마트 순천점
g_g006843,2,7,2309050007,이레 돈가스
g_g006843,2,8,2309050008,순천역
g_g006843,2,9,2309050009,용산역
g_g006843,2,10,2309050010,집
g_g006844,1,1,2308190009,집
g_g006844,1,2,2308190001,국립 중앙과학관
g_g006844,1,3,2308190002,내포문화숲길
g_g006844,1,4,2308190003,본가 손두부 전골
g_g006844,1,5,2308190004,수덕사
g_g006844,1,6,2308190010,바다횟집
g_g006844,2,1,2308200001,보령 학성리 공룡발자국 화석산지
g_g006844,2,2,2308200002,지천 사거리
g_g006844,2,3,2308200003,집
g_g006848,1,1,2309030001,집
g_g006848,1,2,2309030003,여주 맛있는 휴게소 강릉방향
g_g006848,1,3,2309030004,냉천 막국수 단양점
g_g006848,1,4,2309030006,다누리 아쿠아리움
g_g006848,1,5,2309030005,만천하 스카이워크
g_g006848,1,6,2309030007,단양구경시장
g_g006848,1,7,2309030008,단양농협 하나로마트
g_g006848,1,8,2309030009,남천계곡
g_g006848,1,9,2309030002,꽃들의 물감 찾기 펜션
g_g006848,2,1,2309040002,온달 오픈세트장
g_g006848,2,2,2309040003,단양망치돈까스
g_g006848,2,3,2309040004,블랙핑크 아이스크림
g_g006848,2,4,2309040005,도담삼봉
g_g006848,2,5,2309040006,여주휴게소 주유소 인천방향
g_g006848,2,6,2309040001,집
g_g006852,1,1,2308260001,집
g_g006852,1,2,2308260002,중앙역 수인 분당선
g_g006852,1,3,2308260003,대전역
g_g006852,1,4,2308260004,온천손칼국수 주꾸미
g_g006852,1,5,2308260005,커피 인터뷰 봉명점
g_g006852,1,6,2308260006,유성 푸르지오 시티
g_g006852,1,7,2308260007,한빛탑 광장
g_g006852,1,8,2308260008,빠삭
g_g006852,1,9,2308260009,달빛 포차
g_g006852,1,10,2308260010,유성 푸르지오 시티
g_g006852,2,1,2308270001,성심당 케이크 부티크
g_g006852,2,2,2308270002,성심당 문화원
g_g006852,2,3,2308270003,대전복합터미널
g_g006852,2,4,2308270004,집
g_g006859,1,1,2308170001,집
g_g006859,1,2,2308170002,고창 고인돌휴게소 목포 방향
g_g006859,1,3,2308170003,영미 오리탕
g_g006859,1,4,2308170004,전일빌딩 245
g_g006859,1,5,2308170005,5.18민주화운동 기록관
g_g006859,1,6,2308170006,국립아시아문화전당
g_g006859,1,7,2308170007,지산유원지
g_g006859,1,8,2308170008,호텔 브라운 도트
g_g006859,1,9,2308170009,첨단골연탄구이
g_g006859,1,10,2308170010,호텔 브라운 도트
g_g006859,2,1,2308180001,쌍교 숯불갈비 담양 본점
g_g006859,2,2,2308180002,죽녹원
g_g006859,2,3,2308180003,선나나 상점
g_g006859,2,4,2308180004,담양 샌드
g_g006859,2,5,2308180005,베비에르 밀 팩토리
g_g006859,2,6,2308180006,집
g_g006860,1,1,2309020001,집
g_g006860,1,2,2309020003,CA 웨딩컨벤션
g_g006860,1,3,2309020004,천안 타운홀
g_g006860,1,4,2309020005,아라리오 조각광장
g_g006860,1,5,2309020006,천호지 근린공원
g_g006860,1,6,2309020002,집
g_g006877,1,1,2308260001,집
g_g006877,1,2,2308260002,호려울마을1단지대방노블랜드아파트
g_g006877,1,3,2308260003,정선산 곤드레
g_g006877,1,4,2308260004,양와 당 세종점
g_g006877,1,5,2308260006,코스트코 세종점
g_g006877,1,6,2308260005,호려울마을1단지대방노블랜드아파트
g_g006877,1,7,2308260007,멍게가 세종점
g_g006877,1,8,2308260008,국립세종수목원
g_g006877,1,9,2308260009,이응 다리
g_g006877,1,10,2308260010,호려울마을1단지대방노블랜드아파트
g_g006877,2,1,2308270001,올라 이 부스
g_g006877,2,2,2308270002,대한불교조계종 관제사
g_g006877,2,3,2308270003,바투
g_g006877,2,4,2308270004,집
g_g006893,1,1,2308170001,집
g_g006893,1,2,2308170002,안지랑역 대구 1호선
g_g006893,1,3,2308170003,대구역
g_g006893,1,4,2308170004,대전역
g_g006893,1,5,2308170005,대전 중앙로 일대 시축제 행사구역
g_g006893,1,6,2308170006,성심당 본점
g_g006893,1,7,2308170007,원조태평소국밥
g_g006893,1,8,2308170008,대전시립미술관
g_g006893,1,9,2308170009,이응노미술관
g_g006893,1,10,2308170010,성심당 옛 맛 솜씨
g_g006893,1,11,2308170011,성심당 본점
g_g006893,1,12,2308170012,대전시 축제
g_g006893,1,13,2308170013,대전역
g_g006893,1,14,2308170014,대구역
g_g006893,1,15,2308170015,집
g_g006910,1,1,2308160001,집
g_g006910,1,2,2308160003,국립현대미술관 청주
g_g006910,1,3,2308160004,에이티에스
g_g006910,1,4,2308160005,스톤 폴스
g_g006910,1,5,2308160002,집
g_g006913,1,1,2308160001,집
g_g006913,1,2,2308160002,부안(상) 휴게소
g_g006913,1,3,2308160003,군산근대역사박물관
g_g006913,1,4,2308160004,옛 군산세관
g_g006913,1,5,2308160005,카페먹방이와친구들
g_g006913,1,6,2308160007,군산 구남 조선 전기 주식회사
g_g006913,1,7,2308160006,초원 사진관
g_g006913,1,8,2308160008,신흥동 일본식 가옥
g_g006913,1,9,2308160009,동국사
g_g006913,1,10,2308160010,군산항쟁관
g_g006913,1,11,2308160011,당나행
g_g006913,1,12,2308160012,더 리터 군산 월명점
g_g006913,1,13,2308160013,경암동 철길마을
g_g006913,1,14,2308160014,새만금 종합수산시장
g_g006913,1,15,2308160015,새만금 방조제 드라이브 코스
g_g006913,1,16,2308160016,경수네 네 식당
g_g006913,1,17,2308160017,선유도해수욕장
g_g006913,1,18,2308160018,NH 유통(주) 하 휴게소
g_g006913,1,19,2308160019,집
g_g006945,1,1,2308190001,집
g_g006945,1,2,2308190003,서산공용버스터미널
g_g006945,1,3,2308190004,군산 시외버스터미널
g_g006945,1,4,2308190005,지린성
g_g006945,1,5,2308190006,선유도
g_g006945,1,6,2308190007,선유 스카이 썬 라인
g_g006945,1,7,2308190008,남도밥상
g_g006945,1,8,2308190009,에이본 호텔 군산
g_g006945,1,9,2308190010,양철지붕
g_g006945,1,10,2308190011,은파유원지
g_g006945,1,11,2308190002,에이본 호텔 군산
g_g006945,2,1,2308200002,째보 식당 본점
g_g006945,2,2,2308200003,초원 사진관
g_g006945,2,3,2308200004,군산근대역사박물관
g_g006945,2,4,2308200005,옛 군산세관
g_g006945,2,5,2308200006,이성당 본점
g_g006945,2,6,2308200007,군산과자조합
g_g006945,2,7,2308200008,자주적 관람
g_g006945,2,8,2308200009,신흥동 일본식 가옥
g_g006945,2,9,2308200010,도도하라 1호점
g_g006945,2,10,2308200011,경암동 철길마을
g_g006945,2,11,2308200012,서래 애물 총칼 국수
g_g006945,2,12,2308200013,군산 시외버스터미널
g_g006945,2,13,2308200014,서산공용버스터미널
g_g006945,2,14,2308200001,집
g_g006954,1,1,2308150001,집
g_g006954,1,2,2308150002,모루 동
g_g006954,1,3,2308150003,도루 씨
g_g006954,1,4,2308150004,LF 스퀘어 광양점
g_g006954,1,5,2308150005,집
g_g006962,1,1,2308190001,집
g_g006962,1,2,2308190002,리틀 꼬마김밥 반월점
g_g006962,1,3,2308190003,CU 반월 현대점
g_g006962,1,4,2308190004,속리산국립공원
g_g006962,1,5,2308190005,서울 주유소
g_g006962,1,6,2308190006,해둠 카페
g_g006962,1,7,2308190007,안성맞춤 휴게소 주유소 평택 방향
g_g006962,1,8,2308190008,집
g_g006974,1,1,2308190001,집
g_g006974,1,2,2308190002,속리산 산채비빔밥 거리
g_g006974,1,3,2308190005,영남 식당
g_g006974,1,4,2308190003,법주사
g_g006974,1,5,2308190004,속리산 화이트 펜션
g_g006974,2,1,2308200001,김천 식당
g_g006974,2,2,2308200002,말티재
g_g006974,2,3,2308200003,속리산 테마파크 모노레일
g_g006974,2,4,2308200004,목탑봉전망대카페
g_g006974,2,5,2308200005,집
g_g006983,1,1,2308170001,숙소
g_g006983,1,2,2308170004,꽃동 게장 1번가
g_g006983,1,3,2308170002,춘향 휴게소 순천방향
g_g006983,1,4,2308170003,아르떼 뮤지엄 여수
g_g006983,1,5,2308170005,더벤티 여수 국동 서희스타힐스점
g_g006983,1,6,2308170006,마래 2터널
g_g006983,1,7,2308170007,여수해양레일바이크
g_g006983,1,8,2308170008,여수농협 하나로마트 우두점
g_g006983,1,9,2308170009,CU 돌산 금봉점
g_g006983,1,10,2308170011,안단테 스파펜션
g_g006983,2,1,2308180002,바다 김밥 돌산 직영점
g_g006983,2,2,2308180001,블루 온
g_g006983,2,3,2308180003,스타벅스 더여수돌산DT점
g_g006983,2,4,2308180004,아쿠아플라넷 여수
g_g006983,2,5,2308180005,이순신 수제버거
g_g006983,2,6,2308180006,빽다방 여수 진남관점
g_g006983,2,7,2308180007,이순신광장
g_g006983,2,8,2308180008,여수세계박람회 스카이타워
g_g006983,2,9,2308180009,여산휴게소 주유소 천안 방향
g_g006983,2,10,2308180010,블루 빌
g_g006986,1,1,2309010001,집
g_g006986,1,2,2309010002,수서역
g_g006986,1,3,2309010003,여수엑스포역
g_g006986,1,4,2309010004,다도해 식당
g_g006986,1,5,2309010005,여수 딸기 찹쌀떡 아쿠아플라넷 직영점
g_g006986,1,6,2309010006,유탑 마리나호텔 리조트
g_g006986,1,7,2309010008,플로트
g_g006986,1,8,2309010007,커피가게
g_g006986,1,9,2309010009,레인보 횟집
g_g006986,1,10,2309010010,유탑 마리나호텔 리조트
g_g006986,2,1,2309020001,유탑 마리나호텔 리조트 조식 뷔페
g_g006986,2,2,2309020003,순이네 밥상
g_g006986,2,3,2309020004,여수다
g_g006986,2,4,2309020002,여수 딸기 찹쌀떡 본점
g_g006986,2,5,2309020005,이순신광장
g_g006986,2,6,2309020006,환기
g_g006986,2,7,2309020007,여수 해상 케이블카 자산 정류장
g_g006986,2,8,2309020008,여수 해상 케이블카
g_g006986,2,9,2309020009,여수 해상 케이블카 자산 정류장
g_g006986,2,10,2309020010,슬링키
g_g006986,2,11,2309020011,여수엑스포역
g_g006986,2,12,2309020012,용산역
g_g006986,2,13,2309020013,쉐이크쉑 용산점
g_g006986,2,14,2309020014,집
g_g006989,1,1,2308210001,집
g_g006989,1,2,2308210002,놀스 365
g_g006989,1,3,2308210003,오동도
g_g006989,1,4,2308210005,헤이븐 호텔
g_g006989,1,5,2308210004,이순신광장
g_g006989,1,6,2308210007,헤이븐 호텔
g_g006989,1,7,2308210006,터진 만두
g_g006989,1,8,2308210008,헤이븐 호텔
g_g006989,2,1,2308220001,렌라멘
g_g006989,2,2,2308220002,집
g_g007007,1,1,2308240001,집
g_g007007,1,2,2308240002,탄천 휴게소 논산 방향
g_g007007,1,3,2308240003,마이산 탑사
g_g007007,1,4,2308240004,암마이봉
g_g007007,1,5,2308240005,마이산 명인명품관
g_g007007,1,6,2308240006,백제 회관
g_g007007,1,7,2308240007,진안홍삼스파
g_g007007,1,8,2308240008,버거킹 양재점
g_g007007,1,9,2308240009,청량리역
g_g007008,1,1,2308260001,집
g_g007008,1,2,2308260002,오동도
g_g007008,1,3,2308260003,아르떼 뮤지엄 여수
g_g007008,1,4,2308260004,유탑 마리나호텔 리조트
g_g007008,2,1,2308270001,하멜등대
g_g007008,2,2,2308270002,고소동 벽화마을
g_g007008,2,3,2308270003,놀스 365
g_g007008,2,4,2308270004,집
g_g007012,1,1,2308260001,집
g_g007012,1,2,2308260002,모카 브레드
g_g007012,1,3,2308260003,1987루프탑 라운지 클램
g_g007012,1,4,2308260004,대천해수욕장
g_g007012,1,5,2308260005,GS25 대천 해양점
g_g007012,1,6,2308260006,대천해수욕장
g_g007012,1,7,2308260007,선셋비치
g_g007012,1,8,2308260008,대명 노래연습장
g_g007012,1,9,2308260009,CU 대천 비치점
g_g007012,1,10,2308260010,초아 펜션
g_g007012,2,1,2308270001,봉평 산골 메밀촌
g_g007012,2,2,2308270002,당진 버스터미널
g_g007012,2,3,2308270003,세븐일레븐 당진터미널점
g_g007012,2,4,2308270004,영일 슈퍼
g_g007012,2,5,2308270005,집
g_g007022,1,1,2309090001,집
g_g007022,1,2,2309090002,수원역
g_g007022,1,3,2309090003,순천역
g_g007022,1,4,2309090004,세이머 커피
g_g007022,1,5,2309090005,순천역
g_g007022,1,6,2309090006,히 요리
g_g007022,1,7,2309090007,카페 1962
g_g007022,1,8,2309090008,호텔 지트
g_g007022,1,9,2309090009,2023순천만국제정원박람회
g_g007022,1,10,2309090010,호텔 지트
g_g007022,2,1,2309100001,얼이 브라운
g_g007022,2,2,2309100002,카페 글
g_g007022,2,3,2309100003,청춘 창고
g_g007022,2,4,2309100004,아마씨 아름 엄마 씨앗 밥상
g_g007022,2,5,2309100007,순천역
g_g007022,2,6,2309100006,집
g_g007025,1,1,2308170001,집
g_g007025,1,2,2308170002,유스퀘어 광주종합버스터미널
g_g007025,1,3,2308170003,전주 고속버스터미널
g_g007025,1,4,2308170004,남노갈비 본점
g_g007025,1,5,2308170011,탐미주의
g_g007025,1,6,2308170005,경기전
g_g007025,1,7,2308170009,카카오 프렌즈 전주한옥마을점
g_g007025,1,8,2308170006,우정식당
g_g007025,1,9,2308170010,객사길
g_g007025,1,10,2308170007,전주 고속버스터미널
g_g007025,1,11,2308170008,집
g_g007033,1,1,2308190001,집
g_g007033,1,2,2308190002,전남도립미술관
g_g007033,1,3,2308190003,모은정
g_g007033,1,4,2308190004,순천드라마 촬영장
g_g007033,1,5,2308190005,아랫장
g_g007033,1,6,2308190006,더벤티 순천 아랫장점
g_g007033,1,7,2308190007,와온해변
g_g007033,1,8,2308190008,와온
g_g007033,1,9,2308190013,친구 집
g_g007033,1,10,2308190011,홈플러스 광양점
g_g007033,1,11,2308190010,참 바다 수산시장
g_g007033,1,12,2308190012,친구 집
g_g007033,2,1,2308200001,백운 국수 방
g_g007033,2,2,2308200002,보성 녹차밭
g_g007033,2,3,2308200003,율포해수욕장
g_g007033,2,4,2308200004,친구 집
g_g007033,2,5,2308200005,산천 칡 냉면
g_g007033,2,6,2308200006,중마 버스터미널
g_g007033,2,7,2308200007,사천휴게소 부산방향
g_g007033,2,8,2308200009,부산 서부버스터미널
g_g007033,2,9,2308200010,사상역 부산 2호선
g_g007033,2,10,2308200011,온천장 역 부산 1호선
g_g007033,2,11,2308200008,집
g_g007035,1,1,2308280001,집
g_g007035,1,2,2308280011,부산 서부버스터미널
g_g007035,1,3,2308280003,여수종합버스터미널
g_g007035,1,4,2308280004,동서 식당
g_g007035,1,5,2308280005,아쿠아플라넷 여수
g_g007035,1,6,2308280006,오동도
g_g007035,1,7,2308280007,해공 삼합
g_g007035,1,8,2308280008,여수 해상 케이블카 자산 정류장
g_g007035,1,9,2308280009,여수 해상 케이블카
g_g007035,1,10,2308280010,여수 해상 케이블카 자산 정류장
g_g007035,1,11,2308280002,파라다이스 스파 호스텔
g_g007035,2,1,2308290002,여수낭만항
g_g007035,2,2,2308290003,바다 김밥 본점
g_g007035,2,3,2308290004,카페 종화동
g_g007035,2,4,2308290005,여수 중앙약국
g_g007035,2,5,2308290006,여수원조딸기모찌서녹씨
g_g007035,2,6,2308290007,오동도 동백열차 타는 곳
g_g007035,2,7,2308290008,여수종합버스터미널
g_g007035,2,8,2308290009,부산 서부버스터미널
g_g007035,2,9,2308290001,집
g_g007037,1,1,2308210001,집
g_g007037,1,2,2308210003,비발디 횟집
g_g007037,1,3,2308210004,미주리
g_g007037,1,4,2308210005,은파호수공원
g_g007037,1,5,2308210006,체로 빌
g_g007037,2,1,2308220002,천하장사
g_g007037,2,2,2308220003,신민회
g_g007037,2,3,2308220004,이성당 본점
g_g007037,2,4,2308220005,옥녀 교차로
g_g007037,2,5,2308220001,집
g_g007038,1,1,2308190001,집
g_g007038,1,2,2308190002,대전역
g_g007038,1,3,2308190003,105소호
g_g007038,1,4,2308190004,아이크림
g_g007038,1,5,2308190005,롯데시티 호텔 대전
g_g007038,1,6,2308190006,대전 신세계
g_g007038,1,7,2308190007,엑스포과학공원 한빛탑
g_g007038,1,8,2308190008,프리베
g_g007038,1,9,2308190009,다 그리
g_g007038,1,10,2308190010,세그먼트
g_g007038,1,11,2308190011,롯데시티 호텔 대전
g_g007038,2,1,2308200001,성심당 DCC점
g_g007038,2,2,2308200002,해마의 방
g_g007038,2,3,2308200003,D13
g_g007038,2,4,2308200004,포토이즘 박스 대전은행점
g_g007038,2,5,2308200005,대전역
g_g007038,2,6,2308200006,집
g_g007047,1,1,2308200001,사무실
g_g007047,1,2,2308200002,옥정호 구절초 테마공원
g_g007047,1,3,2308200003,그해 가을
g_g007047,1,4,2308200004,정읍 피향정
g_g007047,1,5,2308200005,전설의 쌍화차 거리
g_g007047,1,6,2308200006,각시 다리공원
g_g007047,1,7,2308200007,화순 광신프로그레스 아파트
g_g007052,1,1,2308260001,친구 친지 집
g_g007052,1,2,2308260006,유스퀘어 광주종합버스터미널
g_g007052,1,3,2308260007,목포종합버스터미널
g_g007052,1,4,2308260003,싸맨
g_g007052,1,5,2308260004,라운드 3
g_g007052,1,6,2308260005,포미 아귀찜 평화광장점
g_g007052,1,7,2308260008,평화광장
g_g007052,1,8,2308260009,목포종합버스터미널
g_g007052,1,9,2308260010,유스퀘어 광주종합버스터미널
g_g007052,1,10,2308260002,용봉 유창 파크맨션 4차 아파트
g_g007054,1,1,2308190001,집
g_g007054,1,2,2308190002,아쿠아플라넷 여수
g_g007054,1,3,2308190003,석천 식당
g_g007054,1,4,2308190006,여수 해상 케이블카
g_g007054,1,5,2308190007,오동도
g_g007054,1,6,2308190009,여수항이오션펜션
g_g007054,2,1,2308200001,유정 해장국
g_g007054,2,2,2308200002,향일암
g_g007054,2,3,2308200003,위드 유
g_g007054,2,4,2308200004,집
g_g007056,1,1,2308190001,집
g_g007056,1,2,2308190002,전주역
g_g007056,1,3,2308190003,여수엑스포역
g_g007056,1,4,2308190004,코아마트왕식자재
g_g007056,1,5,2308190005,블루 망고 풀빌라 앤리조트
g_g007056,1,6,2308190006,CU 블루 망고리조트점
g_g007056,1,7,2308190007,블루 망고 풀빌라 앤리조트
g_g007056,2,1,2308200001,더 계동
g_g007056,2,2,2308200002,청정 게장촌
g_g007056,2,3,2308200003,여수 딸기앙모찌 봉산점
g_g007056,2,4,2308200004,스타벅스 더여수돌산DT점
g_g007056,2,5,2308200005,마리 짱
g_g007056,2,6,2308200006,여수엑스포역
g_g007056,2,7,2308200007,전주역
g_g007056,2,8,2308200008,집
g_g007074,1,1,2308190001,집
g_g007074,1,2,2308190002,동서울 종합터미널
g_g007074,1,3,2308190003,여수종합버스터미널
g_g007074,1,4,2308190004,옛날 장터국밥
g_g007074,1,5,2308190005,흥국사
g_g007074,1,6,2308190006,별무인텔
g_g007074,1,7,2308190007,하얀 파도
g_g007074,1,8,2308190008,돌산공원
g_g007074,1,9,2308190009,여수 미남크루즈
g_g007074,1,10,2308190010,23번 포장마차
g_g007074,1,11,2308190011,별무인텔
g_g007074,2,1,2308200001,옛날 그 집
g_g007074,2,2,2308200002,환기
g_g007074,2,3,2308200003,고소동 벽화마을
g_g007074,2,4,2308200004,하멜등대
g_g007074,2,5,2308200005,전라남도해양수산과학관
g_g007074,2,6,2308200007,여수엑스포역
g_g007074,2,7,2308200006,집
g_g007086,1,1,2308200001,집
g_g007086,1,2,2308200002,죽녹원
g_g007086,1,3,2308200003,죽녹원
g_g007086,1,4,2308200004,담양국수거리
g_g007086,1,5,2308200005,메타 프로방스
g_g007086,1,6,2308200009,담양농협 하나로마트 대형점
g_g007086,1,7,2308200007,메타 프로방스
g_g007086,1,8,2308200010,소 아르 호텔
g_g007086,2,1,2308210001,담양농협 하나로마트 대형점
g_g007086,2,2,2308210002,집
g_g007099,1,1,2309010001,사무실
g_g007099,1,2,2309010002,용산역
g_g007099,1,3,2309010003,팔복 예술공장
g_g007099,1,4,2309010004,전주 덕진공원
g_g007099,1,5,2309010005,늘품 호텔
g_g007099,1,6,2309010006,전주한옥마을
g_g007099,1,7,2309010007,늘품 호텔
g_g007099,2,1,2309020001,전주한옥마을
g_g007099,2,2,2309020002,자매 갈비전골
g_g007099,2,3,2309020003,하녹당
g_g007099,2,4,2309020004,전주한옥마을
g_g007099,2,5,2309020005,전주역
g_g007099,2,6,2309020006,라멘짱 용산점
g_g007099,2,7,2309020007,집
g_g007120,1,1,2309090001,집
g_g007120,1,2,2309090002,검단 신도시 우미린 더 시그니처 아파트
g_g007120,1,3,2309090003,산도 155
g_g007120,1,4,2309090004,상화원
g_g007120,1,5,2309090005,바이 더 오
g_g007120,1,6,2309090006,도담이돼지삼형제
g_g007120,1,7,2309090007,어썸 게스트하우스
g_g007120,2,1,2309100001,대천해수욕장
g_g007120,2,2,2309100002,짚트랙 코리아
g_g007120,2,3,2309100003,두발 카페
g_g007120,2,4,2309100004,성지 동대 2호점
g_g007120,2,5,2309100005,우유 창고
g_g007120,2,6,2309100006,행담도 휴게소 양방향
g_g007120,2,7,2309100007,집
g_g007122,1,1,2309080001,집
g_g007122,1,2,2309080002,미도인 대전 둔산점
g_g007122,1,3,2309080003,미미제과점
g_g007122,1,4,2309080004,성심당 본점
g_g007122,1,5,2309080005,다이소 대전 본점
g_g007122,1,6,2309080006,대전시립미술관
g_g007122,1,7,2309080007,더 휴식 소륜 호텔 대전점
g_g007122,2,1,2309090001,대전근현대사전시관
g_g007122,2,2,2309090002,디블루메
g_g007122,2,3,2309090003,요우란
g_g007122,2,4,2309090004,HM 대전 둔산점
g_g007122,2,5,2309090005,성심당 DCC점
g_g007122,2,6,2309090006,음성휴게소 하남방향
g_g007122,2,7,2309090007,집
g_g007144,1,1,2309020001,집
g_g007144,1,2,2309020002,서울역
g_g007144,1,3,2309020003,대전역
g_g007144,1,4,2309020004,성심당 본점
g_g007144,1,5,2309020005,블레이키 커피
g_g007144,1,6,2309020006,한밭수목원
g_g007144,1,7,2309020007,대흥동 커피
g_g007144,1,8,2309020008,집
g_g007152,1,1,2308310001,집
g_g007152,1,2,2308310003,대전역
g_g007152,1,3,2308310004,성심당 대전역점
g_g007152,1,4,2308310005,소수로 와
g_g007152,1,5,2308310006,성심당 케이크 부티크
g_g007152,1,6,2308310007,성심당 문화원
g_g007152,1,7,2308310008,에스닷 대전점
g_g007152,1,8,2308310009,성심당 본점
g_g007152,1,9,2308310010,프렐류드
g_g007152,1,10,2308310011,다구로잉
g_g007152,1,11,2308310012,스타벅스 대전중앙로 R점
g_g007152,1,12,2308310013,한화생명 이글스 파크
g_g007152,1,13,2308310002,집
g_g007157,1,1,2308260001,집
g_g007157,1,2,2308260002,보경이네 불타는 조개구이 횟집
g_g007157,1,3,2308260003,로드 195카페
g_g007157,1,4,2308260004,당진 스테이
g_g007157,1,5,2308260005,삽교호 놀이공원
g_g007157,1,6,2308260006,꼬치엔츄
g_g007157,1,7,2308260007,당진 스테이
g_g007157,2,1,2308270002,배불렀소 당진점
g_g007157,2,2,2308270003,컴포즈커피 당진읍내점
g_g007157,2,3,2308270001,집
g_g007158,1,1,2308190001,집
g_g007158,1,2,2308190003,길 언니
g_g007158,1,3,2308190004,여수 해상 케이블카
g_g007158,1,4,2308190005,하얀 파도
g_g007158,1,5,2308190006,헤이븐 호텔
g_g007158,1,6,2308190007,여수 예술랜드
g_g007158,1,7,2308190008,바다 맛 물회 횟집
g_g007158,1,8,2308190009,돌문어 상회
g_g007158,1,9,2308190010,하멜등대
g_g007158,1,10,2308190002,헤이븐 호텔
g_g007158,2,1,2308200002,야간 게장
g_g007158,2,2,2308200004,여수다
g_g007158,2,3,2308200005,여수 딸기 찹쌀떡
g_g007158,2,4,2308200006,이순신광장
g_g007158,2,5,2308200007,피치 플레이버
g_g007158,2,6,2308200008,고소동 벽화마을
g_g007158,2,7,2308200009,만성리 검은 모래해변
g_g007158,2,8,2308200001,본가
g_g007163,1,1,2308190001,집
g_g007163,1,2,2308190002,고양종합터미널
g_g007163,1,3,2308190003,장고항
g_g007163,1,4,2308190004,아미 미술관
g_g007163,1,5,2308190005,합덕성당
g_g007163,1,6,2308190006,카페 피어라
g_g007163,1,7,2308190007,삽교천
g_g007163,1,8,2308190008,당진 버스터미널
g_g007163,1,9,2308190009,집
g_g007175,1,1,2308190001,집
g_g007175,1,2,2308190002,북을 산역
g_g007175,1,3,2308190003,신경주역
g_g007175,1,4,2308190004,대전역
g_g007175,1,5,2308190005,장태산자연휴양림 만남의 숲
g_g007175,1,6,2308190008,장태산자연휴양림 매점
g_g007175,1,7,2308190006,장태산자연휴양림 산림문화휴양관
g_g007175,1,8,2308190007,장태산자연휴양림 출렁다리
g_g007175,1,9,2308190009,나들이
g_g007175,1,10,2308190010,장안천
g_g007175,1,11,2308190012,장태산자연휴양림 산림문화휴양관
g_g007175,2,1,2308200001,장태산자연휴양림 전망대
g_g007175,2,2,2308200002,장태산자연휴양림 매점
g_g007175,2,3,2308200003,쌈마이대패 유천점
g_g007175,2,4,2308200004,스타벅스 대전유천DT점
g_g007175,2,5,2308200005,대전역
g_g007175,2,6,2308200006,신경주역
g_g007175,2,7,2308200007,북을 산역
g_g007175,2,8,2308200008,집
g_g007180,1,1,2308190001,집
g_g007180,1,2,2308190003,창평 국밥
g_g007180,1,3,2308190005,청자 다방 죽녹원점
g_g007180,1,4,2308190004,죽녹원
g_g007180,1,5,2308190006,딜라이트 담양
g_g007180,1,6,2308190007,옛날 진미국수
g_g007180,1,7,2308190002,집
g_g007188,1,1,2308190001,집
g_g007188,1,2,2308190002,광명역
g_g007188,1,3,2308190003,여수엑스포역
g_g007188,1,4,2308190014,유탑 마리나호텔 리조트
g_g007188,1,5,2308190004,돈가스와
g_g007188,1,6,2308190005,아르떼 뮤지엄 여수
g_g007188,1,7,2308190006,짱조아마차
g_g007188,1,8,2308190007,케이 키스트
g_g007188,1,9,2308190008,유탑 마리나호텔 리조트
g_g007188,1,10,2308190009,여수 해상 케이블카 자산 정류장
g_g007188,1,11,2308190010,돌산공원
g_g007188,1,12,2308190011,여수 해상 케이블카
g_g007188,1,13,2308190012,유탑 마리나호텔 리조트
g_g007188,1,14,2308190013,유탑 마리나호텔 리조트
g_g007188,2,1,2308200001,해양 식당
g_g007188,2,2,2308200002,여수아그리나요트투어
g_g007188,2,3,2308200003,낭만 카페
g_g007188,2,4,2308200004,수정 반점
g_g007188,2,5,2308200005,여수엑스포역
g_g007188,2,6,2308200006,집
g_g007196,1,1,2308190001,집
g_g007196,1,2,2308190003,군산역
g_g007196,1,3,2308190004,일흥옥
g_g007196,1,4,2308190005,은파호수공원
g_g007196,1,5,2308190006,안영수 베이커리 카페
g_g007196,1,6,2308190007,에이본 호텔 군산
g_g007196,1,7,2308190008,은하수
g_g007196,1,8,2308190009,수호탑
g_g007196,1,9,2308190002,에이본 호텔 군산
g_g007196,2,1,2308200001,복덕 빵
g_g007196,2,2,2308200002,진포해양테마공원
g_g007196,2,3,2308200003,군산근대역사박물관
g_g007196,2,4,2308200004,군산근대미술관
g_g007196,2,5,2308200005,이성당 본점
g_g007196,2,6,2308200006,신민회
g_g007196,2,7,2308200007,올리브
g_g007196,2,8,2308200009,군산역
g_g007196,2,9,2308200008,집
g_g007199,1,1,2308190001,친구 친지 집
g_g007199,1,2,2308190003,팔도강산 해물뚝배기
g_g007199,1,3,2308190004,대천해수욕장
g_g007199,1,4,2308190002,더대천스토리
g_g007199,2,1,2308200001,국본가 보령점
g_g007199,2,2,2308200002,대덕 타워
g_g007203,1,1,2308230001,친구 친지 집
g_g007203,1,2,2308230002,안성맞춤 휴게소 평택 방향
g_g007203,1,3,2308230003,기영이 숯불 두 마리 치킨 연수 칠금점
g_g007203,1,4,2308230004,충주시 국원촌 1길 48 엘리시아아파트
g_g007203,2,1,2308240001,활옷 동굴
g_g007203,2,2,2308240002,충주호 출렁다리
g_g007203,2,3,2308240003,원조 중앙탑 막국수
g_g007203,2,4,2308240004,중앙탑공원 중원 탑평리 7층 석탑
g_g007203,2,5,2308240005,중앙탑 사적공원
g_g007203,2,6,2308240006,카페 능소화
g_g007203,2,7,2308240007,한성아파트
g_g007209,1,1,2308200001,집
g_g007209,1,2,2308200003,금산인삼랜드 주유소 통영방향(하행)
g_g007209,1,3,2308200004,머루와인동굴
g_g007209,1,4,2308200005,천마 레저
g_g007209,1,5,2308200006,나본리조트 트윈 웨이브
g_g007209,1,6,2308200007,덕유산국립공원
g_g007209,1,7,2308200002,나봄 카라반 파크
g_g007209,2,1,2308210002,지평선 농림업 영농조합법인
g_g007209,2,2,2308210003,미즈노 씨네 트리하우스
g_g007209,2,3,2308210004,여산휴게소 주유소 천안 방향
g_g007209,2,4,2308210001,집
g_g007213,1,1,2308200001,집
g_g007213,1,2,2308200002,파라다이스 스파 도고
g_g007213,1,3,2308200003,황제 능이버섯 백숙 남원 추어탕 탕정점
g_g007213,1,4,2308200004,집
g_g007215,1,1,2308200001,집
g_g007215,1,2,2308200003,월출산 기찬랜드
g_g007215,1,3,2308200002,친구 집
g_g007223,1,1,2309020001,집
g_g007223,1,2,2309020002,섬진강휴게소 순천방향
g_g007223,1,3,2309020003,수완호수공원
g_g007223,1,4,2309020004,롯데 아웃렛 광주 수완점
g_g007223,1,5,2309020005,키리키리 베이커리 하우스
g_g007223,1,6,2309020006,반달옥
g_g007223,1,7,2309020008,스테이 호텔
g_g007223,2,1,2309030001,말바우 시장
g_g007223,2,2,2309030002,천하회 수산 포장
g_g007223,2,3,2309030003,곡성기차마을 휴게소 순천방향
g_g007223,2,4,2309030004,집
g_g007225,1,1,2308260001,집
g_g007225,1,2,2308260002,목포역
g_g007225,1,3,2308260004,백성 식당
g_g007225,1,4,2308260005,호텔 목화 카페 베이커리
g_g007225,1,5,2308260006,장터 본점
g_g007225,1,6,2308260007,유달 콩물 본점
g_g007225,1,7,2308260008,호텔 우인
g_g007225,1,8,2308260009,궁전 생기기 집
g_g007225,1,9,2308260010,평화광장
g_g007225,1,10,2308260011,목포 갓바위
g_g007225,1,11,2308260013,목포대교
g_g007225,1,12,2308260012,신비 포차
g_g007225,1,13,2308260003,호텔 우인
g_g007225,2,1,2308270003,목포 민어 골목
g_g007225,2,2,2308270002,성심당
g_g007225,2,3,2308270004,목포 대중음악의 전당
g_g007225,2,4,2308270005,원조 순대 떡볶이
g_g007225,2,5,2308270006,목포역
g_g007225,2,6,2308270001,집
g_g007231,1,1,2308200001,집
g_g007231,1,2,2308200002,원다 낚시
g_g007231,1,3,2308200003,오 형제 좌대
g_g007231,1,4,2308200004,오 형제 좌대
g_g007231,2,1,2308210001,풍미 꽃게장 게국지 본점
g_g007231,2,2,2308210002,우유 창고
g_g007231,2,3,2308210003,집
g_g007232,1,1,2308210001,집
g_g007232,1,2,2308210002,함안휴게소 순천방향
g_g007232,1,3,2308210003,목포종합수산시장
g_g007232,1,4,2308210004,모아 음식점
g_g007232,1,5,2308210005,목포 해상 케이블카 북항 승강장
g_g007232,1,6,2308210006,유달산
g_g007232,1,7,2308210007,오름세 게스트하우스
g_g007232,1,8,2308210008,만복회 쌈
g_g007232,1,9,2308210009,오름세 게스트하우스
g_g007232,2,1,2308220002,목포근대역사관 2관
g_g007232,2,2,2308220001,목포근대역사관 1관
g_g007232,2,3,2308220003,유달 콩물 본점
g_g007232,2,4,2308220004,박지도
g_g007232,2,5,2308220005,반월도
g_g007232,2,6,2308220006,도화지
g_g007232,2,7,2308220008,연희네 슈퍼
g_g007232,2,8,2308220007,집
g_g007236,1,1,2308280001,집
g_g007236,1,2,2308280002,행담도 주유소 목포 방향
g_g007236,1,3,2308280003,신강원 식당
g_g007236,1,4,2308280008,오천 농협 하나로마트
g_g007236,1,5,2308280005,진휼청
g_g007236,1,6,2308280006,국립오서산자연휴양림
g_g007236,1,7,2308280007,오서산
g_g007236,1,8,2308280011,국립오서산자연휴양림
g_g007236,2,1,2308290001,오서산덕새풀마을 영농조합법인
g_g007236,2,2,2308290002,비츠
g_g007236,2,3,2308290003,집
g_g007244,1,1,2308190001,집
g_g007244,1,2,2308190003,공주휴게소 당진 방향
g_g007244,1,3,2308190004,전라북도 고창군 아산면 삼인리 산 68 수리봉
g_g007244,1,4,2308190005,선운사
g_g007244,1,5,2308190006,강나루
g_g007244,1,6,2308190007,슬지 제빵소
g_g007244,1,7,2308190008,피목 아트카페
g_g007244,1,8,2308190009,고사포해수욕장
g_g007244,1,9,2308190010,솔가 숯불갈비 부안 직영점
g_g007244,1,10,2308190002,집
g_g007248,1,1,2308220001,집
g_g007248,1,2,2308220002,곡성기차마을 휴게소 순천방향
g_g007248,1,3,2308220003,남대감댁 물회
g_g007248,1,4,2308220004,아쿠아플라넷 여수
g_g007248,1,5,2308220005,헤이븐 호텔
g_g007248,1,6,2308220006,여수 게장 낭만 별식
g_g007248,1,7,2308220007,하얀 파도
g_g007248,1,8,2308220009,GS25 돌산 중앙점
g_g007248,1,9,2308220008,헤이븐 호텔
g_g007248,2,1,2308230001,갤러리 안
g_g007248,2,2,2308230002,이순신광장
g_g007248,2,3,2308230003,정다운 식당
g_g007248,2,4,2308230004,롯데마트 여수점
g_g007248,2,5,2308230005,라인 동산아파트
g_g007248,2,6,2308230006,친정집
g_g007248,2,7,2308230007,집
g_g007295,1,1,2308260001,집
g_g007295,1,2,2308260002,구포역
g_g007295,1,3,2308260003,동대구역
g_g007295,1,4,2308260004,대전역
g_g007295,1,5,2308260007,소제동 철도관사촌
g_g007295,1,6,2308260005,배스킨라빈스 대전 가오점
g_g007295,1,7,2308260006,요우란
g_g007295,1,8,2308260008,달미테
g_g007295,1,9,2308260010,테마 오래
g_g007295,1,10,2308260009,대전근현대사전시관
g_g007295,1,11,2308260011,동춘당 역사 공원
g_g007295,1,12,2308260012,연탄구이
g_g007295,1,13,2308260013,미드 멜리 호텔
g_g007295,2,1,2308270001,에이치 스타일 대전시청점
g_g007295,2,2,2308270002,오점오닭갈비 본점
g_g007295,2,3,2308270003,엑스포과학공원 한빛탑
g_g007295,2,4,2308270004,한빛 스퀘어
g_g007295,2,5,2308270005,한밭수목원
g_g007295,2,6,2308270006,천연기념물 센터
g_g007295,2,7,2308270007,성심당 옛 맛 솜씨
g_g007295,2,8,2308270008,성심당 대전역점
g_g007295,2,9,2308270009,대전역
g_g007295,2,10,2308270010,구포역
g_g007295,2,11,2308270011,집
g_g007308,1,1,2309010001,집
g_g007308,1,2,2309010002,무창포해수욕장
g_g007308,1,3,2309010003,성지
g_g007308,1,4,2309010008,만수산 자연휴양림
g_g007308,2,1,2309020001,국립부여박물관
g_g007308,2,2,2309020002,메밀꽃필무렵
g_g007308,2,3,2309020003,궁남지
g_g007308,2,4,2309020004,루디 꼬
g_g007308,2,5,2309020005,정림사지박물관
g_g007308,2,6,2309020006,집
g_g007309,1,1,2308200001,집
g_g007309,1,2,2308200003,안성휴게소 부산방향
g_g007309,1,3,2308200002,NC대전 유성점
g_g007309,1,4,2308200004,유성컨벤션웨딩
g_g007309,1,5,2308200005,한밭수목원
g_g007309,1,6,2308200006,현대 프리미엄 아웃렛 대전점
g_g007309,1,7,2308200007,동학사 초가집
g_g007309,1,8,2308200008,집
g_g007312,1,1,2308200001,집
g_g007312,1,2,2308200002,탄천 휴게소 논산 방향
g_g007312,1,3,2308200003,수비니어
g_g007312,1,4,2308200004,미소 댓잎 국수
g_g007312,1,5,2308200005,죽녹원
g_g007312,1,6,2308200006,슈트라 하우스
g_g007312,1,7,2308200007,담양 식자재마트
g_g007312,1,8,2308200008,슈트라 하우스
g_g007312,2,1,2308210001,파인드업
g_g007312,2,2,2308210002,옥빈관
g_g007312,2,3,2308210003,시가 문화유적지
g_g007312,2,4,2308210004,추원당 카페
g_g007312,2,5,2308210006,메타 프로방스
g_g007312,2,6,2308210005,메타세쿼이아 가로수길
g_g007312,2,7,2308210007,집
g_g007330,1,1,2308190001,집
g_g007330,1,2,2308190002,활옷 동굴
g_g007330,1,3,2308190003,홍익 돈가스 충주점
g_g007330,1,4,2308190004,굿나이트 커피 앤 북
g_g007330,1,5,2308190005,충주 박물관
g_g007330,1,6,2308190006,탑뷰 카페
g_g007330,1,7,2308190007,중앙탑 사적공원
g_g007330,1,8,2308190008,집
g_g007336,1,1,2308260001,집
g_g007336,1,2,2308260002,마곡사
g_g007336,1,3,2308260003,베이커리 밤마을
g_g007336,1,4,2308260004,교동 면옥 공주신관점
g_g007336,1,5,2308260005,커피 인터뷰 동학사점
g_g007336,1,6,2308260006,삼성 태영아파트
g_g007337,1,1,2308260001,집
g_g007337,1,2,2308260002,동학사 짬뽕
g_g007337,1,3,2308260003,스타벅스 계룡대로DT점
g_g007337,1,4,2308260004,무궁화 학습원 주차장
g_g007337,1,5,2308260005,집
g_g007338,1,1,2308230001,집
g_g007338,1,2,2308230002,베스타 뷔페
g_g007338,1,3,2308230003,대전시립미술관
g_g007338,1,4,2308230004,스타벅스 대전만년점
g_g007338,1,5,2308230006,행운 주유소
g_g007338,1,6,2308230005,집
g_g007339,1,1,2308190001,집
g_g007339,1,2,2308190002,메타 프로방스
g_g007339,1,3,2308190003,담양 관방제림
g_g007339,1,4,2308190004,집
g_g007340,1,1,2308200001,집
g_g007340,1,2,2308200002,죽도봉공원
g_g007340,1,3,2308200003,조례 저수지
g_g007340,1,4,2308200004,호남 호국기념관
g_g007340,1,5,2308200005,순천만 국가정원
g_g007340,1,6,2308200006,호탄 식육식당 순천오천점
g_g007340,1,7,2308200007,집
g_g007342,1,1,2308270001,집
g_g007342,1,2,2308270002,안 나서 키친
g_g007342,1,3,2308270003,메타세쿼이아 가로수길
g_g007342,1,4,2308270004,집
g_g007346,1,1,2308310001,집
g_g007346,1,2,2308310008,서대전역
g_g007346,1,3,2308310003,해마의 방
g_g007346,1,4,2308310005,프렐류드
g_g007346,1,5,2308310004,다구로잉
g_g007346,1,6,2308310006,성심당 케이크 부티크
g_g007346,1,7,2308310007,스타벅스 대전엑스포 스카이점
g_g007346,1,8,2308310009,대전역
g_g007346,1,9,2308310002,집
g_g007347,1,1,2308270001,집
g_g007347,1,2,2308270004,진우네 집 국수
g_g007347,1,3,2308270002,담양 관방제림
g_g007347,1,4,2308270003,담양국수거리
g_g007347,1,5,2308270005,한국 대나무박물관
g_g007347,1,6,2308270006,집
g_g007348,1,1,2308290001,집
g_g007348,1,2,2308290002,서울역
g_g007348,1,3,2308290003,대전역
g_g007348,1,4,2308290004,갤러리아백화점 타임월드점
g_g007348,1,5,2308290005,성심당 롯데백화점 대전점
g_g007348,1,6,2308290006,대전역
g_g007348,1,7,2308290007,서울역
g_g007348,1,8,2308290008,스타벅스 서울 역사점
g_g007348,1,9,2308290009,현대백화점 무역센터점
g_g007348,1,10,2308290010,하계역 7호선
g_g007348,1,11,2308290011,집
g_g007351,1,1,2308270001,집
g_g007351,1,2,2308270002,아이리스
g_g007351,1,3,2308270003,대전 어린이 회관
g_g007351,1,4,2308270004,오늘의 통닭
g_g007351,1,5,2308270005,집
g_g007352,1,1,2308200001,집
g_g007352,1,2,2308200002,지 마트
g_g007352,1,3,2308200003,쌍곡계곡
g_g007352,1,4,2308200004,칠성 알뜰주유소
g_g007352,1,5,2308200005,집
g_g007353,1,1,2308190001,집
g_g007353,1,2,2308190003,깜장 염소
g_g007353,1,3,2308190004,커피 빵 공장
g_g007353,1,4,2308190002,집
g_g007354,1,1,2308190001,집
g_g007354,1,2,2308190002,은행 집
g_g007354,1,3,2308190003,장곡사
g_g007354,1,4,2308190004,칠갑산 장승공원
g_g007354,1,5,2308190005,낙원 복 떡집
g_g007354,1,6,2308190006,메가 MGC 커피 청양 터미널점
g_g007354,1,7,2308190007,집
g_g007355,1,1,2308240006,집
g_g007355,1,2,2308240001,오마이 갤러리
g_g007355,1,3,2308240002,꽃지해수욕장
g_g007355,1,4,2308240004,대천항 수산시장
g_g007355,1,5,2308240003,예산 상설시장
g_g007355,1,6,2308240005,대원칸타빌 아파트
g_g007360,1,1,2308190001,집
g_g007360,1,2,2308190002,내장산국립공원
g_g007360,1,3,2308190003,내장산 케이블카
g_g007360,1,4,2308190004,내장산 케이블카 매점
g_g007360,1,5,2308190005,청평 식당
g_g007360,1,6,2308190006,집
g_g007363,1,1,2308190001,집
g_g007363,1,2,2308190002,KG 어드벤처 베이스캠프
g_g007363,1,3,2308190003,집
g_g007364,1,1,2308300001,친구 친지 집
g_g007364,1,2,2308300002,관불산
g_g007364,1,3,2308300003,외암민속마을
g_g007364,1,4,2308300004,친구 집
g_g007365,1,1,2308260001,집
g_g007365,1,2,2308260003,임실 119안전 센터
g_g007365,1,3,2308260005,배스킨라빈스 전북 임실점
g_g007365,1,4,2308260004,전주 현대옥 임실점
g_g007365,1,5,2308260006,이디야커피 전북 임실점
g_g007365,1,6,2308260007,임실치즈테마파크
g_g007365,1,7,2308260002,집
g_g007366,1,1,2308190001,집
g_g007366,1,2,2308190008,동탄역
g_g007366,1,3,2308190003,달시 아이스크림 세계 과자 삼성점
g_g007366,1,4,2308190004,맘스터치 대전 대동점
g_g007366,1,5,2308190005,커피 어진
g_g007366,1,6,2308190006,홈플러스 대전 가오점
g_g007366,1,7,2308190007,동탄역
g_g007366,1,8,2308190002,집
g_g007368,1,1,2308260001,집
g_g007368,1,2,2308260002,메가커피 수원 정자점
g_g007368,1,3,2308260003,삽교호공원
g_g007368,1,4,2308260004,삽교 시장 곱창거리
g_g007368,1,5,2308260005,집
g_g007369,1,1,2308190001,집
g_g007369,1,2,2308190002,공주한옥마을
g_g007369,1,3,2308190003,국립공주 박물관
g_g007369,1,4,2308190004,집
g_g007371,1,1,2308200001,집
g_g007371,1,2,2308200002,서울역
g_g007371,1,3,2308200004,대전역
g_g007371,1,4,2308200003,성심당 본점
g_g007371,1,5,2308200005,성심당 대전역점
g_g007371,1,6,2308200006,스타벅스 대전 수침교 DT점
g_g007371,1,7,2308200007,한화생명 이글스 파크
g_g007371,1,8,2308200008,대전역
g_g007371,1,9,2308200009,쌍문역 4호선
g_g007371,1,10,2308200010,집
g_g007372,1,1,2308250001,집
g_g007372,1,2,2308250003,대전 신세계 아트앤사이언스
g_g007372,1,3,2308250004,갤러리아백화점 타임월드점
g_g007372,1,4,2308250005,성심당 대전역점
g_g007372,1,5,2308250002,집
g_g007373,1,1,2308190001,집
g_g007373,1,2,2308190002,스타벅스 광주 상무 DT점
g_g007373,1,3,2308190003,욕보할매집
g_g007373,1,4,2308190004,순천만 가야 정원
g_g007373,1,5,2308190005,여자만
g_g007373,1,6,2308190007,주암 휴게소 천안 방향
g_g007373,1,7,2308190006,집
g_g007374,1,1,2308190001,집
g_g007374,1,2,2308190002,아산스파비스
g_g007374,1,3,2308190003,우리동네스시신조
g_g007374,1,4,2308190004,집
g_g007376,1,1,2308200001,집
g_g007376,1,2,2308200002,서 소외
g_g007376,1,3,2308200003,성심당 롯데백화점 대전점
g_g007376,1,4,2308200004,빨간 집닭강정
g_g007376,1,5,2308200006,한화생명 이글스 파크
g_g007376,1,6,2308200005,집
g_g007377,1,1,2308200001,집
g_g007377,1,2,2308200003,메가 MGC 커피 세종 나성점
g_g007377,1,3,2308200004,일룸 세종점
g_g007377,1,4,2308200005,리바트 스테이 세종점
g_g007377,1,5,2308200006,맑을 뜰 근린공원
g_g007377,1,6,2308200007,가족 농막
g_g007377,1,7,2308200008,잘임 s 국수 덮밥
g_g007377,1,8,2308200002,집
g_g007378,1,1,2308200001,친구 친지 집
g_g007378,1,2,2308200002,임실치즈테마파크
g_g007378,1,3,2308200003,이즈 피자
g_g007378,1,4,2308200004,우유 일기
g_g007378,1,5,2308200005,정화 아파트
g_g007380,1,1,2308200001,집
g_g007380,1,2,2308200003,망향비빔국수 아산점
g_g007380,1,3,2308200004,빽다방 아산 신창점
g_g007380,1,4,2308200005,공세리성당
g_g007380,1,5,2308200006,현충사
g_g007380,1,6,2308200007,스타벅스 아산로 종점
g_g007380,1,7,2308200008,이마트 아산점
g_g007380,1,8,2308200009,불티나 꼬막 짬뽕
g_g007380,1,9,2308200002,집
g_g007381,1,1,2308230001,집
g_g007381,1,2,2308230002,스타벅스 광주 수완 DT점
g_g007381,1,3,2308230003,수완 현대주유소
g_g007381,1,4,2308230004,거담 옹기 설렁탕
g_g007381,1,5,2308230005,앤드 카페
g_g007381,1,6,2308230006,사랑해 장흥한우
g_g007381,1,7,2308230007,커피스토리
g_g007381,1,8,2308230008,집
g_g007383,1,1,2308190001,집
g_g007383,1,2,2308190002,개화예술공원
g_g007383,1,3,2308190003,개화예술공원 개화 허브랜드
g_g007383,1,4,2308190004,카페 릴리스 본점
g_g007383,1,5,2308190005,보령석탄 박물관
g_g007383,1,6,2308190006,모범 수산
g_g007383,1,7,2308190007,농부 밥상
g_g007383,1,8,2308190008,집
g_g007384,1,1,2308200001,집
g_g007384,1,2,2308200002,담양국수거리
g_g007384,1,3,2308200003,담양 관방제림
g_g007384,1,4,2308200004,카페 쿠이 롤
g_g007384,1,5,2308200005,메타 프로방스
g_g007384,1,6,2308200006,집
g_g007386,1,1,2308260001,집
g_g007386,1,2,2308260002,소래기
g_g007386,1,3,2308260003,커피 창고로
g_g007386,1,4,2308260004,평화광장
g_g007386,1,5,2308260005,집
g_g007387,1,1,2308190001,집
g_g007387,1,2,2308190002,롯데몰 군산점
g_g007387,1,3,2308190003,엠제이 포켓 당구클럽
g_g007387,1,4,2308190004,메리 그레이스
g_g007387,1,5,2308190005,이마트 군산점
g_g007387,1,6,2308190006,샤프로 21
g_g007387,1,7,2308190007,엠제이 포켓 당구클럽
g_g007387,1,8,2308190008,할리스 군산 수송점
g_g007387,1,9,2308190009,집
g_g007389,1,1,2308200001,집
g_g007389,1,2,2308200002,해남공룡 박물관
g_g007389,1,3,2308200004,세븐일레븐 해남 우항리점
g_g007389,1,4,2308200003,집
g_g007393,1,1,2308270001,집
g_g007393,1,2,2308270002,아우어 베이커리 세종 나성점
g_g007393,1,3,2308270003,세종 호수공원
g_g007393,1,4,2308270004,새 나루마을 9단지 세종 어울림 파밀리에 센트럴 아파트
g_g007393,1,5,2308270005,집
g_g007394,1,1,2308190001,집
g_g007394,1,2,2308190002,구 공주읍 사무소
g_g007394,1,3,2308190003,베이커리 밤마을
g_g007394,1,4,2308190004,솥뚜껑 매운탕
g_g007394,1,5,2308190005,공산성
g_g007394,1,6,2308190006,공주알밤 센터
g_g007394,1,7,2308190007,집
g_g007395,1,1,2308200001,집
g_g007395,1,2,2308200002,다이소 세종 첫 마을 점
g_g007395,1,3,2308200003,메가 MGC 커피 세종 다정점
g_g007395,1,4,2308200004,희락 제1작업실
g_g007395,1,5,2308200005,바이콜로지 방학개론 세종점
g_g007395,1,6,2308200006,집
g_g007396,1,1,2308200002,집
g_g007396,1,2,2308200001,승일 식당
g_g007396,1,3,2308200003,몽에뚜와르 단청 제빵소 담양점
g_g007396,1,4,2308200004,집
g_g007401,1,1,2308200001,집
g_g007401,1,2,2308200002,컴포즈커피 광주 수완 지구점
g_g007401,1,3,2308200003,메타 프로방스 주차장
g_g007401,1,4,2308200004,담양에 꽃
g_g007401,1,5,2308200005,메타 프로방스
g_g007401,1,6,2308200006,프랭크 커핀 바 담양점
g_g007401,1,7,2308200007,집
g_g007402,1,1,2308260001,집
g_g007402,1,2,2308260003,상무 초밥 순천점
g_g007402,1,3,2308260004,이마트 순천점
g_g007402,1,4,2308260002,집
g_g007404,1,1,2308270001,집
g_g007404,1,2,2308270002,양평 휴게소 원주 방향
g_g007404,1,3,2308270003,대산 원조 마늘순대
g_g007404,1,4,2308270004,구인사
g_g007404,1,5,2308270005,다누리 스카이라운지
g_g007404,1,6,2308270006,단양구경시장
g_g007404,1,7,2308270007,도담삼봉 관광지
g_g007404,1,8,2308270008,사인암
g_g007404,1,9,2308270009,단양팔경 휴게소 춘천 방향
g_g007404,1,10,2308270010,집
g_g007405,1,1,2308260001,집
g_g007405,1,2,2308260002,아줌마 돈가스 본점
g_g007405,1,3,2308260003,대전 오월드 버드랜드
g_g007405,1,4,2308260004,집
g_g007407,1,1,2308190001,집
g_g007407,1,2,2308190003,음성(남이) 휴게소
g_g007407,1,3,2308190004,친척 집
g_g007407,1,4,2308190005,충남대학교 인문대학
g_g007407,1,5,2308190006,은행동 쇼핑거리
g_g007407,1,6,2308190007,친척 집
g_g007407,1,7,2308190008,투썸플레이스 대전 선샤인 호텔점
g_g007407,1,8,2308190002,집
g_g007409,1,1,2308190001,집
g_g007409,1,2,2308190002,아가페 정원
g_g007409,1,3,2308190003,고스락 카페
g_g007409,1,4,2308190004,익산 교도소 세트장
g_g007409,1,5,2308190005,대정 식당
g_g007409,1,6,2308190006,춘포역 (폐역)
g_g007409,1,7,2308190007,카페 링크
g_g007409,1,8,2308190008,왕궁저수지
g_g007409,1,9,2308190009,집
g_g007410,1,1,2308200001,친구 친지 집
g_g007410,1,2,2308200002,나눌 터
g_g007410,1,3,2308200003,순천만 국가정원
g_g007410,1,4,2308200004,히 요리
g_g007410,1,5,2308200005,순천만 달밤 야시장
g_g007410,1,6,2308200006,광주 용산 계룡리슈빌 더 포레스트 아파트
g_g007411,1,1,2308260001,집
g_g007411,1,2,2308260002,나주곰탕 하얀 집
g_g007411,1,3,2308260003,커피 창고로
g_g007411,1,4,2308260004,국립 호남권생물자원관
g_g007411,1,5,2308260005,커피 파나 쉐 전망대점
g_g007411,1,6,2308260006,카페 석산
g_g007411,1,7,2308260007,원조이로순대
g_g007411,1,8,2308260008,목포해상 w쇼
g_g007411,1,9,2308260009,집
g_g007412,1,1,2308270001,집
g_g007412,1,2,2308270003,길가 옆에 누룽지 삼계탕 세종시청점
g_g007412,1,3,2308270004,국립세종수목원
g_g007412,1,4,2308270005,플라잉 몬스터즈
g_g007412,1,5,2308270002,집
g_g007413,1,1,2308210001,집
g_g007413,1,2,2308210003,삽교호 놀이공원
g_g007413,1,3,2308210004,해어름 베이커리
g_g007413,1,4,2308210005,삼길포한식부페막횟집
g_g007413,1,5,2308210006,삼길포항
g_g007413,1,6,2308210007,웅도
g_g007413,1,7,2308210002,집
g_g007414,1,1,2308310001,집
g_g007414,1,2,2308310002,용산역 경의중앙선
g_g007414,1,3,2308310003,서대전역
g_g007414,1,4,2308310004,성심당 본점
g_g007414,1,5,2308310005,성심당 문화원
g_g007414,1,6,2308310006,성심당 케이크 부티크
g_g007414,1,7,2308310007,한밭수목원
g_g007414,1,8,2308310008,엑스포다리
g_g007414,1,9,2308310009,무브먼트 래 신세계백화점 대전점
g_g007414,1,10,2308310010,대전역
g_g007414,1,11,2308310011,서울역
g_g007414,1,12,2308310012,집
g_g007416,1,1,2308240001,사무실
g_g007416,1,2,2308240002,이진정
g_g007416,1,3,2308240003,노매럴
g_g007416,1,4,2308240004,메타 프로방스
g_g007416,1,5,2308240005,담양 관방제림
g_g007416,1,6,2308240006,해양에너지
g_g007420,1,1,2308300001,집
g_g007420,1,2,2308300002,주암 휴게소 순천방향
g_g007420,1,3,2308300003,전남대학교 여수캠퍼스
g_g007420,1,4,2308300004,다른 다름
g_g007420,1,5,2308300005,롯데마트 여천점
g_g007420,1,6,2308300006,케렌시아리조트펜션
g_g007420,2,1,2308310002,유자 가든
g_g007420,2,2,2308310003,만성리 검은 모래해변
g_g007420,2,3,2308310004,돌산 바다 카페
g_g007420,2,4,2308310001,집
g_g007432,1,1,2309040001,집
g_g007432,1,2,2309040002,웰스킨의원
g_g007432,1,3,2309040003,위례 포레스트 사랑으로 부영아파트
g_g007432,1,4,2309040004,여주 맛있는 휴게소 충전소 강릉방향
g_g007432,1,5,2309040005,포레스트 리솜 해브나인스파
g_g007432,1,6,2309040006,모요
g_g007432,1,7,2309040007,포레스트 리솜
g_g007432,2,1,2309050001,우성 순대 본점
g_g007432,2,2,2309050002,의림지
g_g007432,2,3,2309050003,티 카페 차센
g_g007432,2,4,2309050004,덩실 분식
g_g007432,2,5,2309050005,하남 드림 휴게소
g_g007432,2,6,2309050006,중화 2동 친구 집
g_g007432,2,7,2309050007,집
g_g007433,1,1,2308260001,집
g_g007433,1,2,2308260002,용산역
g_g007433,1,3,2308260003,서대전역
g_g007433,1,4,2308260004,트래블 라운지
g_g007433,1,5,2308260005,성심당 본점
g_g007433,1,6,2308260006,진로 집
g_g007433,1,7,2308260008,호텔 오브제
g_g007433,1,8,2308260007,마중
g_g007433,1,9,2308260009,소수로 와
g_g007433,1,10,2308260010,프렐류드
g_g007433,1,11,2308260011,오시우 커피
g_g007433,1,12,2308260012,굿모닝 레지던스 휴
g_g007433,1,13,2308260013,엑스포과학공원 한빛탑
g_g007433,1,14,2308260014,굿모닝 레지던스 휴
g_g007433,2,1,2308270001,상소동 산림욕장
g_g007433,2,2,2308270002,테마 오래
g_g007433,2,3,2308270003,성심당 본점
g_g007433,2,4,2308270004,서대전역
g_g007433,2,5,2308270005,항균 타워
g_g007435,1,1,2308200001,집
g_g007435,1,2,2308200002,서울역
g_g007435,1,3,2308200003,전주역
g_g007435,1,4,2308200004,남노갈비 본점
g_g007435,1,5,2308200005,전주는 전주
g_g007435,1,6,2308200006,족욕 카페 몰
g_g007435,1,7,2308200007,전동성당
g_g007435,1,8,2308200010,짬뽕과 전주 금암점
g_g007435,1,9,2308200008,다우랑 1호점
g_g007435,1,10,2308200013,마리 호텔
g_g007435,2,1,2308210002,전주 고속버스터미널
g_g007435,2,2,2308210003,채선당 자연한 가득 왕십리역점
g_g007435,2,3,2308210004,집
g_g007454,1,1,2308260001,집
g_g007454,1,2,2308260003,민속촌 도청점
g_g007454,1,3,2308260004,국립아시아문화전당
g_g007454,1,4,2308260007,운암회관 봉선점
g_g007454,1,5,2308260005,여행자의 zip
g_g007454,1,6,2308260006,전일빌딩 245
g_g007454,1,7,2308260002,친적 집
g_g007454,2,1,2308270001,우 대감
g_g007454,2,2,2308270002,유일선 선교사 사택
g_g007454,2,3,2308270003,윤회며 문화관
g_g007454,2,4,2308270004,양림동 펭귄 마을 공예거리 운영사무소
g_g007454,2,5,2308270005,뒹굴 동구리
g_g007454,2,6,2308270006,장터국밥
g_g007454,2,7,2308270007,1913 송정역시장
g_g007454,2,8,2308270008,집
g_g007514,1,1,2308210001,친구 친지 집
g_g007514,1,2,2308210002,예산 상설시장
g_g007514,1,3,2308210003,예산 성당
g_g007514,1,4,2308210004,봉대이 폭포
g_g007514,1,5,2308210005,예산종합터미널
g_g007514,1,6,2308210006,메타세쿼이아 길
g_g007514,1,7,2308210007,카페 이리 정미소
g_g007514,1,8,2308210008,롤링 파스타 내포 신도시점
g_g007514,1,9,2308210009,다이소 내포 신도시점
g_g007514,1,10,2308210010,신온리 833-225
g_g007515,1,1,2308230001,집
g_g007515,1,2,2308230002,본가
g_g007515,1,3,2308230003,서산휴게소 도착
g_g007515,1,4,2308230004,군산 휴게소
g_g007515,1,5,2308230005,목포 도착
g_g007515,1,6,2308230006,동신 식육식당
g_g007515,1,7,2308230007,아야 나 호텔
g_g007515,1,8,2308230009,목포 갓바위
g_g007515,1,9,2308230008,목포대교
g_g007515,1,10,2308230011,주유
g_g007515,1,11,2308230010,아야 나 호텔
g_g007515,2,1,2308240001,목포대학교 도림 캠퍼스
g_g007515,2,2,2308240002,순이네 밥상
g_g007515,2,3,2308240003,함평 천지 휴게소 서울 방향
g_g007515,2,4,2308240004,서천휴게소 서울 방향
g_g007515,2,5,2308240005,광천 IC
g_g007515,2,6,2308240006,성묘
g_g007515,2,7,2308240007,동시흥
g_g007515,2,8,2308240008,물왕 IC
g_g007515,2,9,2308240009,집
g_g007523,1,1,2308260001,집
g_g007523,1,2,2308260003,서대전역
g_g007523,1,3,2308260004,대전역
g_g007523,1,4,2308260005,으능정이 스카이로드
g_g007523,1,5,2308260006,중앙로 지하상가
g_g007523,1,6,2308260007,국립 중앙과학관
g_g007523,1,7,2308260008,BMK 컨벤션
g_g007523,1,8,2308260009,목수 중
g_g007523,1,9,2308260010,대전역
g_g007523,1,10,2308260002,집
g_g007524,1,1,2308200001,친구 친지 집
g_g007524,1,2,2308200003,한우명가 백제
g_g007524,1,3,2308200004,해미읍성
g_g007524,1,4,2308200005,해미 순교성지
g_g007524,1,5,2308200006,금강산 보석사우나
g_g007524,1,6,2308200007,다이소 서산 본점
g_g007524,1,7,2308200008,카페 가온
g_g007524,1,8,2308200009,다이와 회전 초밥
g_g007524,1,9,2308200010,서산중앙호수공원
g_g007524,1,10,2308200002,친구 집
g_g007528,1,1,2308270001,집
g_g007528,1,2,2308270002,나주향교
g_g007528,1,3,2308270004,나주읍성
g_g007528,1,4,2308270003,3917마 중
g_g007528,1,5,2308270005,나주곰탕 원조집 6년 남평 할미 집
g_g007528,1,6,2308270006,금성관
g_g007528,1,7,2308270007,집
g_g007535,1,1,2308220001,사무실
g_g007535,1,2,2308220002,무주 농원
g_g007535,1,3,2308220003,무주 덕유산리조트
g_g007535,1,4,2308220004,무주 덕유산리조트 점핑 파크
g_g007535,1,5,2308220006,무주리조트 심포니홀
g_g007535,1,6,2308220005,무주 덕유산리조트
g_g007535,1,7,2308220007,무주 덕유산리조트 가족호텔 코스 모스동
g_g007535,1,8,2308220008,무주 덕유산리조트 가족호텔 코스 모스동
g_g007535,2,1,2308230001,무주 덕유산리조트 관광곤돌라
g_g007535,2,2,2308230002,덕유산국립공원 향적봉 1코스
g_g007535,2,3,2308230003,무주 덕유산리조트 관광곤돌라
g_g007535,2,4,2308230004,천지 가든
g_g007535,2,5,2308230005,카이스트 본원
g_g007536,1,1,2309020001,집
g_g007536,1,2,2309020003,예산 상설시장
g_g007536,1,3,2309020002,집
g_g007537,1,1,2308260002,친구 친지 집
g_g007537,1,2,2308260001,군산휴게소 서울 방향
g_g007537,1,3,2308260007,블루 비치펜션
g_g007537,1,4,2308260004,대천해수욕장
g_g007537,1,5,2308260006,머드광장
g_g007537,1,6,2308260008,블루 비치펜션
g_g007537,1,7,2308260005,대천항 수산시장
g_g007537,1,8,2308260009,블루 비치펜션
g_g007537,2,1,2308270002,대천해수욕장
g_g007537,2,2,2308270003,머드 오락실
g_g007537,2,3,2308270006,블루 비치펜션
g_g007537,2,4,2308270004,청주 해장국 욕 장점
g_g007537,2,5,2308270005,모카 브레드
g_g007537,2,6,2308270001,집
g_g007538,1,1,2309060001,사무실
g_g007538,1,2,2309060002,콩닥콩닥 작업실
g_g007538,1,3,2309060003,미드픽 첨단점
g_g007538,1,4,2309060004,더 허브 오피스텔
g_g007538,2,1,2309070001,뚝방국수
g_g007538,2,2,2309070002,담양 관방제림
g_g007538,2,3,2309070003,오야리 돌솥밥
g_g007538,2,4,2309070004,우리 집
g_g007539,1,1,2309030001,집
g_g007539,1,2,2309030003,익산귀금속보석 공업단지
g_g007539,1,3,2309030004,전주 소바 1987
g_g007539,1,4,2309030002,집
g_g007540,1,1,2309090001,친구 친지 집
g_g007540,1,2,2309090002,여수 챌린지 파크 루지
g_g007540,1,3,2309090003,코업 스테이 코아루 여수
g_g007540,1,4,2309090004,쪽쪽 갈비
g_g007540,1,5,2309090005,코업 스테이 코아루 여수
g_g007540,2,1,2309100001,진남 식당
g_g007540,2,2,2309100002,오동도
g_g007540,2,3,2309100003,스타벅스 더여수돌산DT점
g_g007540,2,4,2309100004,집
g_g007546,1,1,2308270001,집
g_g007546,1,2,2308270002,오창현
g_g007546,1,3,2308270003,정남진 물 축제
g_g007546,1,4,2308270004,끄니 걱정
g_g007546,1,5,2308270005,정남진 장흥 토요시장
g_g007546,1,6,2308270006,메가 MGC 커피 장흥 중앙점
g_g007546,1,7,2308270007,정남진 장흥농협 주유소
g_g007546,1,8,2308270008,집
g_g007576,1,1,2308230001,집
g_g007576,1,2,2308230003,화담원 신정호점
g_g007576,1,3,2308230004,신정호수공원 물놀이장
g_g007576,1,4,2308230005,카페 안낙
g_g007576,1,5,2308230006,온양온천시장
g_g007576,1,6,2308230002,집
g_g007596,1,1,2308220001,집
g_g007596,1,2,2308220003,대전역
g_g007596,1,3,2308220004,광천 식당
g_g007596,1,4,2308220005,오시우 커피
g_g007596,1,5,2308220006,성심당 본점
g_g007596,1,6,2308220009,연돈볼카츠 대전은행점
g_g007596,1,7,2308220007,한화생명 이글스 파크
g_g007596,1,8,2308220008,대전역
g_g007596,1,9,2308220002,매호 리첸시아아파트
g_g007614,1,1,2309110001,집
g_g007614,1,2,2309110002,카페 산
g_g007614,1,3,2309110003,영남 식당
g_g007614,1,4,2309110004,고수동굴
g_g007614,1,5,2309110005,도담삼봉
g_g007614,1,6,2309110006,카페인 단양
g_g007614,1,7,2309110007,단양구경시장
g_g007614,1,8,2309110008,집
g_g007622,1,1,2309060001,집
g_g007622,1,2,2309060003,독립기념관
g_g007622,1,3,2309060004,원조 옛날호두과자 터미널점
g_g007622,1,4,2309060002,집
g_g007628,1,1,2308200001,집
g_g007628,1,2,2308200002,벽오동
g_g007628,1,3,2308200003,소아르떼
g_g007628,1,4,2308200004,날름
g_g007628,1,5,2308200005,담양 관방제림
g_g007628,1,6,2308200006,알랑
g_g007628,1,7,2308200007,집
g_g007664,1,1,2309100001,집
g_g007664,1,2,2309100002,고창 고인돌휴게소 서울 방향
g_g007664,1,3,2309100003,변산반도 생태탐방원
g_g007664,1,4,2309100004,변산반도국립공원 변산반도 탐방안내소
g_g007664,1,5,2309100005,격포 식당 고깃집
g_g007664,1,6,2309100006,커피니 부안 격포점
g_g007664,1,7,2309100007,채석강
g_g007664,1,8,2309100008,변산반도 생태탐방원
g_g007664,1,9,2309100009,변산해수욕장
g_g007664,1,10,2309100010,이비가짬뽕 부안격포점
g_g007664,1,11,2309100011,변산반도 생태탐방원
g_g007664,2,1,2309110001,변산반도 생태탐방원
g_g007664,2,2,2309110002,스타벅스 광주 신창 강변 DT점
g_g007664,2,3,2309110003,집
g_g007671,1,1,2308210001,집
g_g007671,1,2,2308210002,OUTDOOR247
g_g007671,1,3,2308210003,희락 제1작업실
g_g007671,1,4,2308210004,우재
g_g007671,1,5,2308210005,집
g_g007675,1,1,2308200001,집
g_g007675,1,2,2308200002,부여 가림성
g_g007675,1,3,2308200003,미로원
g_g007675,1,4,2308200004,바이 아크
g_g007675,1,5,2308200005,서동공원
g_g007675,1,6,2308200006,집
g_g007679,1,1,2308200001,친구 친지 집
g_g007679,1,2,2308200003,지평선 두꺼비 회관
g_g007679,1,3,2308200004,김제시민운동장 문화 체육공원
g_g007679,1,4,2308200005,벽골제
g_g007679,1,5,2308200006,오늘 여기
g_g007679,1,6,2308200007,모다 아웃렛 전주김제점
g_g007679,1,7,2308200002,집
g_g007681,1,1,2308250001,집
g_g007681,1,2,2308250002,뚜쥬루 돌가마점
g_g007681,1,3,2308250003,각원사
g_g007681,1,4,2308250004,미나릿길벽화마을
g_g007681,1,5,2308250005,먹골
g_g007681,1,6,2308250006,아라리오갤러리 천안
g_g007681,1,7,2308250007,모게닉
g_g007681,1,8,2308250008,집
g_g007684,1,1,2308220001,집
g_g007684,1,2,2308220003,예산 상설시장
g_g007684,1,3,2308220002,집
g_g007690,1,1,2309010001,집
g_g007690,1,2,2309010003,유성온천공원 족욕체험장
g_g007690,1,3,2309010004,성심당 롯데백화점 대전점
g_g007690,1,4,2309010005,갤러리아백화점 타임월드 점 외 둔산동
g_g007690,1,5,2309010002,수루 배 마늘 9단지 세종 리슈빌 디어 반 아파트 915동 42호
g_g007694,1,1,2308210001,집
g_g007694,1,2,2308210002,미나릿길벽화마을
g_g007694,1,3,2308210003,천안중앙시장
g_g007694,1,4,2308210004,맘스터치 천안터미널 사거리점
g_g007694,1,5,2308210011,아라리오갤러리 천안
g_g007694,1,6,2308210005,교보문고 천안점
g_g007694,1,7,2308210006,온양온천랜드
g_g007694,1,8,2308210009,갤러리아백화점 센터시티점
g_g007694,1,9,2308210010,시티투어
g_g007694,1,10,2308210007,톤도
g_g007694,1,11,2308210008,집
g_g007704,1,1,2308200001,친구 친지 집
g_g007704,1,2,2308200002,강경 수상 레저
g_g007704,1,3,2308200003,물쌈 함흥냉면
g_g007704,1,4,2308200004,초록마을 1단지 예미지 아파트
g_g007718,1,1,2308200001,집
g_g007718,1,2,2308200003,목포자연사박물관
g_g007718,1,3,2308200004,목포자연사박물관 문예역사관
g_g007718,1,4,2308200005,태동 식당
g_g007718,1,5,2308200006,코롬방제과점
g_g007718,1,6,2308200007,목포생활도자 박물관
g_g007718,1,7,2308200002,집
g_g007727,1,1,2308200001,집
g_g007727,1,2,2308200002,광명역
g_g007727,1,3,2308200003,서대전역
g_g007727,1,4,2308200004,갤러리아백화점 타임월드점
g_g007727,1,5,2308200005,유명 돌구 오
g_g007727,1,6,2308200006,유림공원
g_g007727,1,7,2308200007,종로 맥각 대전 장대점
g_g007727,1,8,2308200008,유성시외버스정류소
g_g007727,1,9,2308200009,집
g_g007729,1,1,2308300001,집
g_g007729,1,2,2308300002,동서울 종합터미널
g_g007729,1,3,2308300003,대전복합터미널
g_g007729,1,4,2308300004,바로 그 집
g_g007729,1,5,2308300005,성심당 본점
g_g007729,1,6,2308300006,성심당 옛 맛 솜씨
g_g007729,1,7,2308300007,성심당 롯데백화점 대전점
g_g007729,1,8,2308300008,목구멍 대전 오류점
g_g007729,1,9,2308300009,롯데백화점 대전점
g_g007729,1,10,2308300010,피엔제이 롯데백화점 대전점 트윈
g_g007729,1,11,2308300011,대전복합터미널
g_g007729,1,12,2308300012,동서울 종합터미널
g_g007729,1,13,2308300013,집
g_g007736,1,1,2308270001,집
g_g007736,1,2,2308270008,정읍 녹두장군휴게소 주유소 천안 방향
g_g007736,1,3,2308270003,왕궁 보석테마관광지 다이노 키즈월드
g_g007736,1,4,2308270004,익산보석 박물관
g_g007736,1,5,2308270005,남부시장
g_g007736,1,6,2308270006,진미가
g_g007736,1,7,2308270007,카페덕기
g_g007736,1,8,2308270002,집
g_g007748,1,1,2308250001,집
g_g007748,1,2,2308250002,동가리 계곡
g_g007748,1,3,2308250003,베이시스 커피
g_g007748,1,4,2308250004,불타는 용궁 짬뽕 본점
g_g007748,1,5,2308250005,집
g_g007757,1,1,2308220001,집
g_g007757,1,2,2308220002,행신역
g_g007757,1,3,2308220003,오송역
g_g007757,1,4,2308220004,한국교원대학교
g_g007757,1,5,2308220005,줄 서는 반점 강내 본점
g_g007757,1,6,2308220006,돌다리에 하냥
g_g007757,1,7,2308220007,오송 호수공원
g_g007757,1,8,2308220008,오송역
g_g007757,1,9,2308220009,서울역
g_g007757,1,10,2308220010,집
g_g007762,1,1,2308260001,집
g_g007762,1,2,2308260003,청춘 조개 포차 대천 직영점
g_g007762,1,3,2308260004,짚트랙 코리아
g_g007762,1,4,2308260005,대천항 수산시장
g_g007762,1,5,2308260006,청보리 창고
g_g007762,1,6,2308260002,친구 집
g_g007765,1,1,2308280001,친구 친지 집
g_g007765,1,2,2308280002,담양 현재 국수
g_g007765,1,3,2308280003,죽녹원
g_g007765,1,4,2308280004,알포인트 영화 촬영지
g_g007765,1,5,2308280005,콩닥콩닥 잡화점
g_g007765,1,6,2308280006,라라 브레드 담양점
g_g007765,1,7,2308280007,벽산블루밍 메가시티 3단지 아파트
g_g007773,1,1,2308260001,집
g_g007773,1,2,2308260003,우키타
g_g007773,1,3,2308260004,토이 벨벳
g_g007773,1,4,2308260005,미세스피베리
g_g007773,1,5,2308260006,고사리 잡화점
g_g007773,1,6,2308260002,집
g_g007774,1,1,2308260001,집
g_g007774,1,2,2308260002,홈플러스 논산점
g_g007774,1,3,2308260003,논산 계룡축협 장군 마트 중부점
g_g007774,1,4,2308260004,피자마루 논산점
g_g007774,1,5,2308260005,교육가족체험장
g_g007774,1,6,2308260006,집
g_g007776,1,1,2308200001,집
g_g007776,1,2,2308200002,대전 오월드
g_g007776,1,3,2308200003,메밀 고개 시골막국수 본점
g_g007776,1,4,2308200004,현대 프리미엄 아웃렛 대전점
g_g007776,1,5,2308200005,집
g_g007779,1,1,2308220001,집
g_g007779,1,2,2308220002,한양 쫄면 본점
g_g007779,1,3,2308220003,영동 와인터널
g_g007779,1,4,2308220004,카페베네 충북 허브 시티점
g_g007779,1,5,2308220005,월류봉 주차장
g_g007779,1,6,2308220006,안성 식당
g_g007779,1,7,2308220007,집
g_g007780,1,1,2308260001,집
g_g007780,1,2,2308260002,군서면 사무소 정류소
g_g007780,1,3,2308260003,목포종합버스터미널
g_g007780,1,4,2308260004,낭만열차 1953
g_g007780,1,5,2308260005,오늘의 페이지
g_g007780,1,6,2308260006,다우닝 룸
g_g007780,1,7,2308260007,홈플러스 목포점
g_g007780,1,8,2308260008,CGV 목포
g_g007780,1,9,2308260009,목포종합버스터미널
g_g007780,1,10,2308260010,기찬랜드 정류장
g_g007780,1,11,2308260011,언니 집
g_g007780,1,12,2308260012,기찬랜드 정류장
g_g007780,1,13,2308260013,집
g_g007783,1,1,2308260001,집
g_g007783,1,2,2308260002,커피 창고로
g_g007783,1,3,2308260003,평화광장
g_g007783,1,4,2308260004,집
g_g007785,1,1,2308200001,집
g_g007785,1,2,2308200002,고창문화터미널
g_g007785,1,3,2308200003,유스퀘어 광주종합버스터미널
g_g007785,1,4,2308200004,부엌간
g_g007785,1,5,2308200005,국립아시아문화전당 문화 창조원
g_g007785,1,6,2308200006,CGV 광주 금남로
g_g007785,1,7,2308200007,다이소 광주 충장로 점
g_g007785,1,8,2308200008,NC 웨이브 충장점
g_g007785,1,9,2308200009,베비에르 문화의 전당점
g_g007785,1,10,2308200010,유스퀘어 광주종합버스터미널
g_g007785,1,11,2308200011,고창문화터미널
g_g007785,1,12,2308200012,고창농협 하나로마트
g_g007785,1,13,2308200013,집
g_g007786,1,1,2308250002,집
g_g007786,1,2,2308250001,서울고속버스터미널(경부)
g_g007786,1,3,2308250003,공주종합버스터미널
g_g007786,1,4,2308250004,피탕김탕
g_g007786,1,5,2308250005,공주 메타세쿼이아숲길
g_g007786,1,6,2308250006,국립공주 박물관
g_g007786,1,7,2308250008,공주한옥마을
g_g007786,1,8,2308250009,황새바위 성지
g_g007786,1,9,2308250007,공산성
g_g007786,1,10,2308250010,베이커리 밤마을
g_g007786,1,11,2308250011,공주종합버스터미널
g_g007786,1,12,2308250012,서울고속버스터미널(경부)
g_g007786,1,13,2308250013,집
g_g007787,1,1,2308190001,집
g_g007787,1,2,2308190002,산 애들 밥상
g_g007787,1,3,2308190004,국립세종수목원
g_g007787,1,4,2308190003,집
g_g007789,1,1,2308260001,집
g_g007789,1,2,2308260003,순이네 밥상
g_g007789,1,3,2308260004,힐론
g_g007789,1,4,2308260005,웅천친수공원
g_g007789,1,5,2308260002,집
g_g007792,1,1,2308200001,집
g_g007792,1,2,2308200002,남도 예담
g_g007792,1,3,2308200005,카페 프로젝트 냠냠냠
g_g007792,1,4,2308200003,파인드업
g_g007792,1,5,2308200004,집
g_g007793,1,1,2308270001,집
g_g007793,1,2,2308270002,담양 관방제림
g_g007793,1,3,2308270003,메타세쿼이아 가로수길
g_g007793,1,4,2308270004,집
g_g007807,1,1,2308270001,집
g_g007807,1,2,2308270003,금산사
g_g007807,1,3,2308270004,전동성당 및 한옥마을
g_g007807,1,4,2308270005,풍남문
g_g007807,1,5,2308270006,기미독립운동 만 세지 원평장터
g_g007807,1,6,2308270002,집
g_g007810,1,1,2308240001,집
g_g007810,1,2,2308240002,1913 송정역시장
g_g007810,1,3,2308240003,엔제리너스 광주 호남대점
g_g007810,1,4,2308240004,창고 1974 선운점
g_g007810,1,5,2308240006,퍼니 싱어 동전 노래연습장 호남대점
g_g007810,1,6,2308240005,우지 커피 호남대점
g_g007810,1,7,2308240007,광주송정역
g_g007810,1,8,2308240008,집
g_g007858,1,1,2309110001,집
g_g007858,1,2,2309110003,한국 집
g_g007858,1,3,2309110004,마시랑게
g_g007858,1,4,2309110005,전주 난장
g_g007858,1,5,2309110006,외할머니 솜씨
g_g007858,1,6,2309110007,할리스 전주한옥마을점
g_g007858,1,7,2309110002,집
g_g007884,1,1,2308310001,집
g_g007884,1,2,2308310003,명동게장
g_g007884,1,3,2308310004,라고 또 아
g_g007884,1,4,2308310005,아쿠아플라넷 여수
g_g007884,1,5,2308310006,여수세계박람회 스카이타워
g_g007884,1,6,2308310007,하멜등대
g_g007884,1,7,2308310008,낭만포차 18번 이순신 햇물 삼합
g_g007884,1,8,2308310009,여수 돌 문어빵
g_g007884,1,9,2308310010,이순신광장
g_g007884,1,10,2308310002,집
g_g007895,1,1,2308260001,집
g_g007895,1,2,2308260007,광주 비아농협주유소 남부점
g_g007895,1,3,2308260002,친구 숙소
g_g007895,1,4,2308260003,나주향교 대성전
g_g007895,1,5,2308260004,정수로
g_g007895,1,6,2308260005,금성관
g_g007895,1,7,2308260006,나주곰탕 하얀 집
g_g007895,1,8,2308260008,행운 분식
g_g007895,1,9,2308260009,알리바이 나주점
g_g007895,1,10,2308260010,금나와락
g_g007895,1,11,2308260011,스타벅스 나주혁신 DT점
g_g007895,1,12,2308260012,도래마을
g_g007895,1,13,2308260013,빛가람 전망대
g_g007895,1,14,2308260014,김영훈규카츠 나주혁신점
g_g007895,1,15,2308260015,비 클래시
g_g007895,1,16,2308260016,집
g_g007909,1,1,2308220001,집
g_g007909,1,2,2308220003,반야사
g_g007909,1,3,2308220004,반월 소바
g_g007909,1,4,2308220005,성심당 케이크 부티크
g_g007909,1,5,2308220006,성심당 본점
g_g007909,1,6,2308220007,소제동 카페거리
g_g007909,1,7,2308220002,판교역 신분당선
g_g007932,1,1,2308310001,집
g_g007932,1,2,2308310002,갈마역 대전 1호선
g_g007932,1,3,2308310003,토미야
g_g007932,1,4,2308310004,대전시립미술관
g_g007932,1,5,2308310005,택시
g_g007932,1,6,2308310006,으능정이 거리에 있는 쇼핑 시설들
g_g007932,1,7,2308310007,스타벅스 대전중앙로 R점
g_g007932,1,8,2308310008,중앙로 지하상가
g_g007932,1,9,2308310009,집
g_g007936,1,1,2308240001,집
g_g007936,1,2,2308240003,이순신광장
g_g007936,1,3,2308240004,산토리니
g_g007936,1,4,2308240005,아쿠아플라넷 여수
g_g007936,1,5,2308240006,문자네통장어
g_g007936,1,6,2308240007,밀터 해물칼국수
g_g007936,1,7,2308240008,디오션리조트 워터파크
g_g007936,1,8,2308240009,신포우리만두 죽림점
g_g007936,1,9,2308240010,유월드 루지 테마파크
g_g007936,1,10,2308240002,집
g_g007947,1,1,2309050001,집
g_g007947,1,2,2309050003,국립세종수목원
g_g007947,1,3,2309050004,신안 골 분식
g_g007947,1,4,2309050005,조치원 테마거리
g_g007947,1,5,2309050006,빈 스텔라
g_g007947,1,6,2309050002,집
g_g007955,1,1,2308310001,집
g_g007955,1,2,2308310002,제니엘제과점
g_g007955,1,3,2308310003,구 시장 녹차 호떡
g_g007955,1,4,2308310004,분더 퓨얼
g_g007955,1,5,2308310005,보안 식당
g_g007955,1,6,2308310006,천변 어린이 축구장
g_g007955,1,7,2308310007,정읍 구절초 지방 정원
g_g007955,1,8,2308310008,집
g_g007978,1,1,2308270001,집
g_g007978,1,2,2308270003,쌍곡계곡
g_g007978,1,3,2308270004,안성휴게소 서울 방향
g_g007978,1,4,2308270002,집
g_g007984,1,1,2308260001,집
g_g007984,1,2,2308260002,장원 막국수
g_g007984,1,3,2308260003,구드래나루터 선착장
g_g007984,1,4,2308260004,부소산성
g_g007984,1,5,2308260005,메인 스테이
g_g007984,1,6,2308260006,성흥산 사랑나무
g_g007984,1,7,2308260007,롯데 아웃렛 부여점
g_g007984,1,8,2308260008,백제문화 단지
g_g007984,1,9,2308260009,집
g_g007992,1,1,2308310001,집
g_g007992,1,2,2308310003,오씨칼국수
g_g007992,1,3,2308310004,정동문화사
g_g007992,1,4,2308310005,홈스 앤 루팡 보드게임카페 대전은행점
g_g007992,1,5,2308310006,한화생명 이글스 파크
g_g007992,1,6,2308310002,집
g_g007993,1,1,2308300001,집
g_g007993,1,2,2308300002,서울역
g_g007993,1,3,2308300003,대전역
g_g007993,1,4,2308300004,오씨칼국수 도룡점
g_g007993,1,5,2308300005,성심당 DCC점
g_g007993,1,6,2308300006,앙트 르포
g_g007993,1,7,2308300007,대전 신세계 아트앤사이언스
g_g007993,1,8,2308300008,대전역
g_g007993,1,9,2308300009,집
g_g008035,1,1,2308260001,집
g_g008035,1,2,2308260002,성심당 롯데백화점 대전점
g_g008035,1,3,2308260003,친척 어른 집
g_g008035,1,4,2308260004,하치 카페
g_g008035,1,5,2308260005,호랑이
g_g008035,1,6,2308260006,포토이즘 컬러 드 대전 둔산점
g_g008035,1,7,2308260007,친척 어른 집
g_g008035,2,1,2308270001,도군샤부
g_g008035,2,2,2308270002,대전 신세계 아트앤사이언스
g_g008035,2,3,2308270003,메가박스 대전 신세계 아트앤사이언스
g_g008035,2,4,2308270004,국립 중앙과학관
g_g008035,2,5,2308270005,친척 어른 집
g_g008035,2,6,2308270006,집
g_g008048,1,1,2308220001,친구 친지 집
g_g008048,1,2,2308220003,경기 광주 휴게소 주유소 원주 방향
g_g008048,1,3,2308220004,덩실 분식
g_g008048,1,4,2308220005,의림 만둣국
g_g008048,1,5,2308220006,의림지 용추폭포 유리 전망대
g_g008048,1,6,2308220007,글루글루
g_g008048,1,7,2308220008,청풍호 관광 모노레일
g_g008048,1,8,2308220009,청풍 호반 케이블카 비봉산 역
g_g008048,1,9,2308220010,청풍 호반 케이블카 물태리역
g_g008048,1,10,2308220011,청풍문화재 단지
g_g008048,1,11,2308220013,청풍 호반 케이블카 물태리역
g_g008048,1,12,2308220012,청풍호 관광 모노레일
g_g008048,1,13,2308220002,집
g_g008051,1,1,2308290001,집
g_g008051,1,2,2308290002,모스버거 센트럴시티점
g_g008051,1,3,2308290003,센트럴시티터미널(호남)
g_g008051,1,4,2308290004,정안휴게소 주유소 순천방향
g_g008051,1,5,2308290005,유스퀘어 광주종합버스터미널
g_g008051,1,6,2308290006,5.18기념문화센터
g_g008051,1,7,2308290007,5.18기념공원
g_g008051,1,8,2308290008,세컨드 프로젝트
g_g008051,1,9,2308290009,아시아 음식문화거리
g_g008051,1,10,2308290010,쭉심 구시청점
g_g008051,1,11,2308290011,궁전제과 충장점
g_g008051,1,12,2308290012,온클라우드나인 충장점
g_g008051,1,13,2308290013,문화전당역 광주 1호선
g_g008051,1,14,2308290014,광주송정역
g_g008051,1,15,2308290017,용산역
g_g008051,1,16,2308290016,집
g_g008054,1,1,2308240001,친구 친지 집
g_g008054,1,2,2308240002,이성당 본점
g_g008054,1,3,2308240003,군산 점보 짬뽕
g_g008054,1,4,2308240004,경암동 철길마을
g_g008054,1,5,2308240005,틈
g_g008054,1,6,2308240006,변산해수욕장
g_g008054,1,7,2308240007,광명 하이츠 타운 아파트
g_g008055,1,1,2308230001,집
g_g008055,1,2,2308230003,유스퀘어 광주종합버스터미널
g_g008055,1,3,2308230004,여수종합버스터미널
g_g008055,1,4,2308230005,명품 맛집
g_g008055,1,5,2308230006,다락 휴 여수점
g_g008055,1,6,2308230007,아쿠아플라넷 여수
g_g008055,1,7,2308230008,카페 네프
g_g008055,1,8,2308230011,여니교
g_g008055,1,9,2308230009,다락 휴 여수점
g_g008055,1,10,2308230010,엑스포회 물 삼합
g_g008055,1,11,2308230012,돌산공원
g_g008055,1,12,2308230013,소호동 동다리
g_g008055,1,13,2308230002,다락 휴 여수점
g_g008055,2,1,2308240002,청춘김밥 여수 본점
g_g008055,2,2,2308240003,낭만 카페
g_g008055,2,3,2308240004,여수종합버스터미널
g_g008055,2,4,2308240005,유스퀘어 광주종합버스터미널
g_g008055,2,5,2308240001,집
g_g008090,1,1,2309150001,집
g_g008090,1,2,2309150002,여수엑스포역
g_g008090,1,3,2309150003,꽃담집 본관
g_g008090,1,4,2309150004,아몽 아트
g_g008090,1,5,2309150005,전주 난장
g_g008090,1,6,2309150006,경기전
g_g008090,1,7,2309150007,마시랑게
g_g008090,1,8,2309150008,다우랑 1호점
g_g008090,1,9,2309150009,카카오 프렌즈 전주한옥마을점
g_g008090,1,10,2309150010,코믹스 월드
g_g008090,1,11,2309150011,집
g_g008098,1,1,2309010001,집
g_g008098,1,2,2309010002,수서역
g_g008098,1,3,2309010003,대전역
g_g008098,1,4,2309010004,성심당 케이크 부티크
g_g008098,1,5,2309010005,성심당 본점
g_g008098,1,6,2309010006,캐러멜
g_g008098,1,7,2309010007,프렐류드
g_g008098,1,8,2309010008,다구로잉
g_g008098,1,9,2309010009,원이 투
g_g008098,1,10,2309010010,이응노미술관
g_g008098,1,11,2309010011,한밭수목원
g_g008098,1,12,2309010012,담양에 떡갈비
g_g008098,1,13,2309010013,테라스 키친
g_g008098,1,14,2309010014,대전역
g_g008098,1,15,2309010015,집
g_g008104,1,1,2309030001,집
g_g008104,1,2,2309030002,메이크업 포에 프
g_g008104,1,3,2309030003,초미당 첫 번째
g_g008104,1,4,2309030004,이리
g_g008104,1,5,2309030005,익산 교도소 세트장
g_g008104,1,6,2309030006,만경강
g_g008104,1,7,2309030007,집
g_g008106,1,1,2308230001,집
g_g008106,1,2,2308230002,전주역
g_g008106,1,3,2308230003,순천역
g_g008106,1,4,2308230005,우스 브런치
g_g008106,1,5,2308230006,마애
g_g008106,1,6,2308230007,여서 찬
g_g008106,1,7,2308230008,웅천 식자재
g_g008106,1,8,2308230004,여자친구 집
g_g008141,1,1,2309020001,집
g_g008141,1,2,2309020002,한밭수목원
g_g008141,1,3,2309020003,성심당 본점
g_g008141,1,4,2309020004,성심당 문화원
g_g008141,1,5,2309020005,성심당 케이크 부티크
g_g008141,1,6,2309020006,정동문화사
g_g008141,1,7,2309020007,엑스포과학공원
g_g008141,1,8,2309020008,대전 신세계 아트앤사이언스
g_g008141,1,9,2309020009,집
g_g008145,1,1,2309040001,집
g_g008145,1,2,2309040002,백양사
g_g008145,1,3,2309040003,산 아래 밥집
g_g008145,1,4,2309040004,장성댐
g_g008145,1,5,2309040005,카페 그림
g_g008145,1,6,2309040006,집
g_g008176,1,1,2308240001,집
g_g008176,1,2,2308240003,천안역
g_g008176,1,3,2308240004,서대전역
g_g008176,1,4,2308240005,성심당 본점
g_g008176,1,5,2308240006,캐러멜
g_g008176,1,6,2308240007,처비 칙스
g_g008176,1,7,2308240008,한밭수목원
g_g008176,1,8,2308240009,꿀 잼 도시 대전 홍보관 대전 신세계 아트앤사이언스점
g_g008176,1,9,2308240010,서대전역
g_g008176,1,10,2308240011,천안역
g_g008176,1,11,2308240002,집
g_g008219,1,1,2308270001,집
g_g008219,1,2,2308270003,전주동물원
g_g008219,1,3,2308270004,신돈 조선 별관
g_g008219,1,4,2308270005,경기전
g_g008219,1,5,2308270006,전주한옥마을
g_g008219,1,6,2308270007,들꽃이야기
g_g008219,1,7,2308270002,집
g_g008224,1,1,2308220001,집
g_g008224,1,2,2308220003,서울고속버스터미널(경부)
g_g008224,1,3,2308220004,원조태평소국밥 둔산점
g_g008224,1,4,2308220005,더반 베를린 갤러리아 타임월드점
g_g008224,1,5,2308220006,성심당 케이크 부티크
g_g008224,1,6,2308220007,성심당 문화원
g_g008224,1,7,2308220008,성심당 롯데백화점 대전점
g_g008224,1,8,2308220009,공주 칼국수
g_g008224,1,9,2308220010,대전역
g_g008224,1,10,2308220002,집
g_g008283,1,1,2309010001,집
g_g008283,1,2,2309010002,현충사
g_g008283,1,3,2309010003,은행나무 길 국숫집
g_g008283,1,4,2309010004,은행나무 길
g_g008283,1,5,2309010005,신정호
g_g008283,1,6,2309010006,필자인
g_g008283,1,7,2309010007,집
g_g008284,1,1,2308260001,집
g_g008284,1,2,2308260003,항아리
g_g008284,1,3,2308260004,off today
g_g008284,1,4,2308260005,담양호
g_g008284,1,5,2308260006,죽녹원
g_g008284,1,6,2308260007,떡갈비 대통밥 거리
g_g008284,1,7,2308260002,집
g_g008304,1,1,2308220001,집
g_g008304,1,2,2308220008,부산역
g_g008304,1,3,2308220002,스타벅스 부산역 라마다점
g_g008304,1,4,2308220009,대전역
g_g008304,1,5,2308220003,오씨칼국수
g_g008304,1,6,2308220004,풍유가
g_g008304,1,7,2308220005,대전 전통나에관
g_g008304,1,8,2308220006,포토 시그니처 대전은행점
g_g008304,1,9,2308220007,호텔 디 에디션
g_g008304,2,1,2308230001,한밭수목원
g_g008304,2,2,2308230002,대전시립미술관
g_g008304,2,3,2308230003,진로 집
g_g008304,2,4,2308230004,던킨 대전역사점
g_g008304,2,5,2308230005,대전역
g_g008304,2,6,2308230006,부산역
g_g008304,2,7,2308230007,집
g_g008330,1,1,2308240001,집
g_g008330,1,2,2308240002,밀양역
g_g008330,1,3,2308240003,광천 식당
g_g008330,1,4,2308240004,책과 향기
g_g008330,1,5,2308240005,성심당 본점
g_g008330,1,6,2308240006,임춘
g_g008330,1,7,2308240007,대전역
g_g008330,1,8,2308240008,밀양역
g_g008330,1,9,2308240009,부산대학교 밀양캠퍼스 비마 생활관
g_g008332,1,1,2309030001,집
g_g008332,1,2,2309030003,청록 수산
g_g008332,1,3,2309030004,삽교호 놀이공원
g_g008332,1,4,2309030005,삽교호 함상공원
g_g008332,1,5,2309030006,시모네
g_g008332,1,6,2309030002,집
g_g008338,1,1,2309170001,집
g_g008338,1,2,2309170004,광명역
g_g008338,1,3,2309170005,남원역
g_g008338,1,4,2309170006,낭만 부부 사랑의 도시점
g_g008338,1,5,2309170003,남원 랜드
g_g008338,1,6,2309170007,세븐스타코인 노래연습장 남원 하정동점
g_g008338,1,7,2309170008,PC 카페 넥스
g_g008338,1,8,2309170009,순 살만 공격 전북 남원점
g_g008338,1,9,2309170010,광한루원
g_g008338,1,10,2309170011,왕과탕후루 남원점
g_g008338,1,11,2309170012,남원역
g_g008338,1,12,2309170013,수원역
g_g008338,1,13,2309170002,집
g_g008353,1,1,2308260001,집
g_g008353,1,2,2308260005,씨앤에스 유통 회덕 IC 주유소
g_g008353,1,3,2308260002,빽다방 대전 한남대점
g_g008353,1,4,2308260004,한남대학교
g_g008353,1,5,2308260006,번암 반점
g_g008353,1,6,2308260007,베어트리 파크
g_g008353,1,7,2308260008,세종시
g_g008353,1,8,2308260003,집
g_g008368,1,1,2308310001,집
g_g008368,1,2,2308310002,오송역
g_g008368,1,3,2308310003,하루당 온양온천역점
g_g008368,1,4,2308310004,파라다이스 스파 도고
g_g008368,1,5,2308310005,트레이더스 홀세일 클럽 천안아산점
g_g008368,1,6,2308310006,천안아산역
g_g008368,1,7,2308310007,집
g_g008382,1,1,2308260001,집
g_g008382,1,2,2308260002,천안호두 휴게소 부산방향
g_g008382,1,3,2308260003,성심당 본점
g_g008382,1,4,2308260004,뿌리공원
g_g008382,1,5,2308260005,대전 오월드
g_g008382,1,6,2308260006,집
g_g008383,1,1,2308270001,집
g_g008383,1,2,2308270002,서울역
g_g008383,1,3,2308270003,성심당 본점 테라스 키친
g_g008383,1,4,2308270005,중앙시장 정원 상가
g_g008383,1,5,2308270006,테라스 키친
g_g008383,1,6,2308270007,한밭수목원
g_g008383,1,7,2308270008,대전역
g_g008383,1,8,2308270004,집
g_g008402,1,1,2308250001,집
g_g008402,1,2,2308250003,태성 반점
g_g008402,1,3,2308250004,경암동 철길마을
g_g008402,1,4,2308250005,이마트 군산점
g_g008402,1,5,2308250006,이성당 본점
g_g008402,1,6,2308250007,초원 사진관
g_g008402,1,7,2308250008,이성당 본점
g_g008402,1,8,2308250002,집
g_g008405,1,1,2308270001,집
g_g008405,1,2,2308270003,자유의 언덕 어진 점
g_g008405,1,3,2308270004,이디야커피 세종시 갈매점
g_g008405,1,4,2308270005,국립세종 도서관
g_g008405,1,5,2308270006,나사 볼링센터
g_g008405,1,6,2308270007,동동 칼국수
g_g008405,1,7,2308270008,메타 45카페
g_g008405,1,8,2308270002,집
g_g008421,1,1,2309090001,집
g_g008421,1,2,2309090002,이모 식당
g_g008421,1,3,2309090003,목포근대역사관 1관
g_g008421,1,4,2309090004,빽다방 목포 평화광장점
g_g008421,1,5,2309090005,목포 갓바위
g_g008421,1,6,2309090006,평화광장
g_g008421,1,7,2309090007,해빈 목포 본점
g_g008421,1,8,2309090008,동부시장
g_g008421,1,9,2309090009,백다 밤 목포 용담점
g_g008421,1,10,2309090010,유달 콩물 본점
g_g008421,1,11,2309090011,씨엘이 베이커리 본점
g_g008421,1,12,2309090012,목포역
g_g008421,1,13,2309090013,집
g_g008429,1,1,2308260001,집
g_g008429,1,2,2308260002,담양 우표 박물관
g_g008429,1,3,2308260003,카페 쿠이 롤
g_g008429,1,4,2308260004,광주교육대학교
g_g008429,1,5,2308260005,팔당 원종 칼제비 도곡점
g_g008429,1,6,2308260006,빵을 쇼핑하다
g_g008429,1,7,2308260007,도곡온천 황토 참숯가마
g_g008429,1,8,2308260008,집
g_g008435,1,1,2308230001,집
g_g008435,1,2,2308230004,용산역
g_g008435,1,3,2308230005,여수엑스포역
g_g008435,1,4,2308230002,오동동 김밥
g_g008435,1,5,2308230003,소노캄 여수
g_g008435,1,6,2308230006,여수 해상 케이블카
g_g008435,1,7,2308230007,스타벅스 더여수돌산DT점
g_g008435,1,8,2308230008,여수 해상 케이블카 놀아 정류장
g_g008435,1,9,2308230009,여수 낭만포차 거리
g_g008435,1,10,2308230010,돌문어 상회
g_g008435,1,11,2308230011,하멜등대
g_g008435,1,12,2308230013,소노캄 여수
g_g008435,2,1,2308240001,소노캄 여수
g_g008435,2,2,2308240002,아쿠아플라넷 여수
g_g008435,2,3,2308240003,레인 블러
g_g008435,2,4,2308240004,아르떼 뮤지엄 여수
g_g008435,2,5,2308240005,좌수영 바게트 버거
g_g008435,2,6,2308240006,야옹 치즈케이크
g_g008435,2,7,2308240007,여수공항
g_g008435,2,8,2308240008,김포 국제공항 국내선
g_g008435,2,9,2308240009,집
g_g008452,1,1,2308250001,집
g_g008452,1,2,2308250003,무안군 오승우미술관
g_g008452,1,3,2308250004,목포근대역사관 2관
g_g008452,1,4,2308250005,목포근대역사관 1관
g_g008452,1,5,2308250006,망이 고루
g_g008452,1,6,2308250007,나이키 목포 하당점
g_g008452,1,7,2308250008,커피 창고로
g_g008452,1,8,2308250002,집
g_g008471,1,1,2308270001,집
g_g008471,1,2,2308270003,전주왱이콩나물국밥전문점
g_g008471,1,3,2308270004,전주일 모아
g_g008471,1,4,2308270009,전주한옥마을
g_g008471,1,5,2308270005,한복남 전주한옥마을점
g_g008471,1,6,2308270006,카페 달곰
g_g008471,1,7,2308270007,조원집 본점
g_g008471,1,8,2308270008,PNB 풍년제과 전주역점
g_g008471,1,9,2308270002,집
g_g008514,1,1,2308220001,집
g_g008514,1,2,2308220003,활옷 동굴
g_g008514,1,3,2308220004,990한줄애김밥 충주용산점
g_g008514,1,4,2308220005,4242미술관
g_g008514,1,5,2308220006,사과나무 이야기 길
g_g008514,1,6,2308220007,대박 구제
g_g008514,1,7,2308220008,구제 보물 찾기 2호점
g_g008514,1,8,2308220009,구제 마켓
g_g008514,1,9,2308220010,백만장자 구제
g_g008514,1,10,2308220011,정탕후루
g_g008514,1,11,2308220012,GS25 충주 성서점
g_g008514,1,12,2308220013,게임박스
g_g008514,1,13,2308220014,발아 커피
g_g008514,1,14,2308220015,탄금대
g_g008514,1,15,2308220002,청수 아파트
g_g008528,1,1,2308220004,집
g_g008528,1,2,2308220001,황금 코다리 화순점
g_g008528,1,3,2308220002,히든베이 호텔
g_g008528,1,4,2308220003,웅천 부일식당
g_g008528,1,5,2308220005,히든베이 호텔
g_g008528,2,1,2308230001,팔영대교
g_g008528,2,2,2308230002,동하다
g_g008528,2,3,2308230003,집
g_g008531,1,1,2309020001,집
g_g008531,1,2,2309020002,담양 관방제림
g_g008531,1,3,2309020003,플라타너스 별빛달빛길
g_g008531,1,4,2309020004,진우네 집 국수
g_g008531,1,5,2309020005,메타 프로방스
g_g008531,1,6,2309020006,시노 유
g_g008531,1,7,2309020007,집
g_g008582,1,1,2309090001,집
g_g008582,1,2,2309090003,선운사
g_g008582,1,3,2309090004,모꼬지 함초 바지락칼국수
g_g008582,1,4,2309090005,석정 휴 스파
g_g008582,1,5,2309090006,백일 후애
g_g008582,1,6,2309090002,집
g_g008603,1,1,2308260001,사무실
g_g008603,1,2,2308260002,순천향대학교
g_g008603,1,3,2308260003,신정호 관광단지
g_g008603,1,4,2308260004,송산포도 휴게소 시흥방향
g_g008603,1,5,2308260005,소래 마을 풍림아파트
g_g008626,1,1,2309020001,집
g_g008626,1,2,2309020002,평택역
g_g008626,1,3,2309020003,경암동 철길마을
g_g008626,1,4,2309020004,한인옥
g_g008626,1,5,2309020005,신흥동 일본식 가옥
g_g008626,1,6,2309020006,말랭이 마을
g_g008626,1,7,2309020007,월명동 성당
g_g008626,1,8,2309020008,나들목
g_g008626,1,9,2309020009,이성당 본점
g_g008626,1,10,2309020010,은파호수공원
g_g008626,1,11,2309020011,집
g_g008644,1,1,2308240001,집
g_g008644,1,2,2308240003,군포역 1호선
g_g008644,1,3,2308240004,천안역 1호선
g_g008644,1,4,2308240006,롯데리아 천안 독립기념 관점
g_g008644,1,5,2308240005,독립기념관 겨레의 탑
g_g008644,1,6,2308240007,독립기념관 백련 못
g_g008644,1,7,2308240008,독립기념관 겨레의 집
g_g008644,1,8,2308240009,독립기념관 겨레의 시련
g_g008644,1,9,2308240010,독립기념관 겨레의 함성
g_g008644,1,10,2308240011,독립기념관 평화누리
g_g008644,1,11,2308240012,백련 못 매점
g_g008644,1,12,2308240013,천안역 1호선
g_g008644,1,13,2308240014,학화 할머니 호두과자 천안역점
g_g008644,1,14,2308240015,홍콩반점 41 산본역점
g_g008644,1,15,2308240002,산본 로데오거리
g_g008659,1,1,2308260001,집
g_g008659,1,2,2308260002,K-water 담양 홍수조절지
g_g008659,1,3,2308260003,메타세쿼이아 가로수길
g_g008659,1,4,2308260004,담양 메타세쿼이아 랜드 어린이 프로방스
g_g008659,1,5,2308260005,개구리 전시관
g_g008659,1,6,2308260006,개구리 생태공원 에코센터
g_g008659,1,7,2308260007,카페 OG
g_g008659,1,8,2308260008,송강정
g_g008659,1,9,2308260009,소쇄원
g_g008659,1,10,2308260010,소쇄원 매점
g_g008659,1,11,2308260011,쌍교 숯불갈비 담양 본점
g_g008659,1,12,2308260012,만재 LPG 충전소
g_g008659,1,13,2308260013,센티드 커피 로프터스
g_g008659,1,14,2308260014,팜스 식자재마트
g_g008659,1,15,2308260015,집
g_g008664,1,1,2309020001,집
g_g008664,1,2,2309020002,딸기향 농촌테마공원
g_g008664,1,3,2309020003,마장동아재네 정육식당
g_g008664,1,4,2309020004,집
g_g008681,1,1,2308240001,집
g_g008681,1,2,2308240003,원광대학교병원
g_g008681,1,3,2308240004,꾸어
g_g008681,1,4,2308240005,시트러스
g_g008681,1,5,2308240006,익산문화 예술의 거리
g_g008681,1,6,2308240002,집
g_g008701,1,1,2308270001,집
g_g008701,1,2,2308270002,열린 벧엘교회
g_g008701,1,3,2308270003,솔내음
g_g008701,1,4,2308270004,까마감
g_g008701,1,5,2308270005,양림 1단지 휴먼시아 아파트
g_g008701,1,6,2308270006,집
g_g008723,1,1,2308310001,집
g_g008723,1,2,2308310002,대전역
g_g008723,1,3,2308310003,때화장
g_g008723,1,4,2308310004,대전 신세계
g_g008723,1,5,2308310005,스포츠 몬스터 대전 신세계 아트앤사이언스점
g_g008723,1,6,2308310006,한밭수목원
g_g008723,1,7,2308310007,정직한 하누
g_g008723,1,8,2308310008,고운대
g_g008723,1,9,2308310009,성심당 대전역점
g_g008723,1,10,2308310010,집
g_g008733,1,1,2308260001,집
g_g008733,1,2,2308260003,익산 공용버스터미널
g_g008733,1,3,2308260004,전주 시외버스 공용터미널
g_g008733,1,4,2308260005,베테랑
g_g008733,1,5,2308260006,경기전
g_g008733,1,6,2308260007,후 카페
g_g008733,1,7,2308260008,태도로 쉼터
g_g008733,1,8,2308260009,전주 남부시장 한옥마을 야시장
g_g008733,1,9,2308260010,덕진 정류장
g_g008733,1,10,2308260011,익산 공용버스터미널
g_g008733,1,11,2308260002,집
g_g008737,1,1,2308290001,집
g_g008737,1,2,2308290002,대전 신세계 아트앤사이언스
g_g008737,1,3,2308290003,더 홀릭 보드게임카페 충남대점
g_g008737,1,4,2308290004,비오리 봉명점
g_g008737,1,5,2308290005,더 벙커 게임존
g_g008737,1,6,2308290006,집
g_g008763,1,1,2309060001,집
g_g008763,1,2,2309060003,대전복합터미널
g_g008763,1,3,2309060004,신세계백화점 천안아산점
g_g008763,1,4,2309060005,피넛 스토어
g_g008763,1,5,2309060006,아라리오갤러리 천안
g_g008763,1,6,2309060007,미주리 레코드 커피나
g_g008763,1,7,2309060008,역전 할머니 맥주 천안신부점
g_g008763,1,8,2309060009,소넨
g_g008763,1,9,2309060010,천안터미널
g_g008763,1,10,2309060002,집
g_g008781,1,1,2308260001,집
g_g008781,1,2,2308260002,목포종합버스터미널
g_g008781,1,3,2308260003,원조 순대 떡볶이
g_g008781,1,4,2308260004,장미의 거리
g_g008781,1,5,2308260005,한솔문고
g_g008781,1,6,2308260006,메가박스 목포 하당
g_g008781,1,7,2308260007,이마트 목포점
g_g008781,1,8,2308260008,소심한 남자
g_g008781,1,9,2308260009,목포종합버스터미널
g_g008781,1,10,2308260010,집
g_g008789,1,1,2308230001,집
g_g008789,1,2,2308230003,김포 국제공항 국내선
g_g008789,1,3,2308230004,여수공항
g_g008789,1,4,2308230005,명동게장
g_g008789,1,5,2308230006,여수다
g_g008789,1,6,2308230007,무선 주공 2단지 아파트
g_g008789,1,7,2308230008,하멜등대
g_g008789,1,8,2308230009,스타벅스 더여수돌산DT점
g_g008789,1,9,2308230010,방죽포해수욕장
g_g008789,1,10,2308230011,여수 밥상 갈치야
g_g008789,1,11,2308230012,여수공항
g_g008789,1,12,2308230013,김포 국제공항 국내선
g_g008789,1,13,2308230002,집
g_g008798,1,1,2308240001,친구 친지 집
g_g008798,1,2,2308240003,유스퀘어 광주종합버스터미널
g_g008798,1,3,2308240004,나주 중흥골드스파 리조트 워터라고
g_g008798,1,4,2308240005,유스퀘어 광주종합버스터미널
g_g008798,1,5,2308240002,친구 집
g_g008824,1,1,2309090001,집
g_g008824,1,2,2309090003,덕진동 정류장
g_g008824,1,3,2309090004,유성시외버스정류소
g_g008824,1,4,2309090005,아저씨 돈가스
g_g008824,1,5,2309090006,이디야커피 대전은행동점
g_g008824,1,6,2309090007,성심당 본점
g_g008824,1,7,2309090008,떡만집 은행점
g_g008824,1,8,2309090009,유성시외버스정류소
g_g008824,1,9,2309090010,덕진동 정류소
g_g008824,1,10,2309090002,집
g_g008830,1,1,2308260001,집
g_g008830,1,2,2308260002,친구 집
g_g008830,1,3,2308260003,천안호두 휴게소 부산방향
g_g008830,1,4,2308260004,성심당 DCC점
g_g008830,1,5,2308260005,롯데시티 호텔 대전
g_g008830,1,6,2308260006,케이인 하우스 루
g_g008830,1,7,2308260007,엑스포과학공원 물빛광장 음악 분수
g_g008830,1,8,2308260008,엑스포과학공원 한빛탑
g_g008830,1,9,2308260009,수변문화원
g_g008830,1,10,2308260010,롯데시티 호텔 대전
g_g008830,2,1,2308270001,Lafayette 무료 포토부스
g_g008830,2,2,2308270002,오씨칼국수
g_g008830,2,3,2308270003,지인 집
g_g008830,2,4,2308270004,상소동 산림욕장
g_g008830,2,5,2308270005,포레스 테리어
g_g008830,2,6,2308270006,천안삼거리휴게소 서울 방향
g_g008830,2,7,2308270007,친구 집
g_g008830,2,8,2308270008,집
g_g008859,1,1,2309010001,집
g_g008859,1,2,2309010002,공주종합버스터미널
g_g008859,1,3,2309010003,예당호 모노레일
g_g008859,1,4,2309010004,예당호 출렁다리
g_g008859,1,5,2309010005,예산종합터미널 코인노래방
g_g008859,1,6,2309010007,예산 상설시장
g_g008859,1,7,2309010006,집
g_g008863,1,1,2309090001,집
g_g008863,1,2,2309090002,장흥댐 휴게소
g_g008863,1,3,2309090003,정남진 전망대
g_g008863,1,4,2309090004,두 협회 센터
g_g008863,1,5,2309090005,운림산방
g_g008863,1,6,2309090006,진도향토문화회관
g_g008863,1,7,2309090007,집
g_g008866,1,1,2308220001,집
g_g008866,1,2,2308220002,전주 시외버스 공용터미널
g_g008866,1,3,2308220003,군산 시외버스터미널
g_g008866,1,4,2308220004,복성루
g_g008866,1,5,2308220005,카페 미원동
g_g008866,1,6,2308220006,다락
g_g008866,1,7,2308220008,신흥동 일본식 가옥
g_g008866,1,8,2308220007,모어 앤 모어
g_g008866,1,9,2308220009,말랭이 마을
g_g008866,1,10,2308220010,추억 전시관
g_g008866,1,11,2308220011,초원 사진관
g_g008866,1,12,2308220012,다락
g_g008866,1,13,2308220013,목구멍 전북 군산점
g_g008866,1,14,2308220014,역전 할머니 맥주 군산 수송점
g_g008866,1,15,2308220015,범맥주 군산 수송점
g_g008866,1,16,2308220016,다락
g_g008866,2,1,2308230001,마리서사
g_g008866,2,2,2308230002,심리서점쓰담
g_g008866,2,3,2308230003,초원 사진관
g_g008866,2,4,2308230004,오쿠야 마치 군산점
g_g008866,2,5,2308230005,이성당 본점
g_g008866,2,6,2308230006,경암동 철길마을
g_g008866,2,7,2308230007,팔아재 1912
g_g008866,2,8,2308230008,군산 시외버스터미널
g_g008866,2,9,2308230009,전주 시외버스 공용터미널
g_g008866,2,10,2308230010,집
g_g008873,1,1,2309090001,집
g_g008873,1,2,2309090002,수생식물학습원
g_g008873,1,3,2309090003,교동카츠
g_g008873,1,4,2309090004,옥천 전통문화체험관
g_g008873,1,5,2309090005,지용제
g_g008873,1,6,2309090006,코스트코 대전점
g_g008873,1,7,2309090007,집
g_g008878,1,1,2308250001,집
g_g008878,1,2,2308250003,천안역
g_g008878,1,3,2308250004,대천역
g_g008878,1,4,2308250005,대천해수욕장
g_g008878,1,5,2308250006,풍미 꽃게장 게국지 본점
g_g008878,1,6,2308250007,대천해수욕장
g_g008878,1,7,2308250008,신흑 해수어 목욕탕
g_g008878,1,8,2308250009,대천해수욕장
g_g008878,1,9,2308250010,맥도날드 충남 보령 DT점
g_g008878,1,10,2308250011,대천역
g_g008878,1,11,2308250012,천안역
g_g008878,1,12,2308250002,집
g_g008895,1,1,2308270001,집
g_g008895,1,2,2308270003,대전역
g_g008895,1,3,2308270004,신안 골 분식
g_g008895,1,4,2308270005,메타 45카페
g_g008895,1,5,2308270006,이응 다리
g_g008895,1,6,2308270007,성심당 본점
g_g008895,1,7,2308270009,대전역
g_g008895,1,8,2308270008,진로 집
g_g008895,1,9,2308270002,집
g_g008902,1,1,2308260001,친구 친지 집
g_g008902,1,2,2308260002,삼동 소바 안성 원곡점
g_g008902,1,3,2308260003,성심당 본점
g_g008902,1,4,2308260004,한밭수목원
g_g008902,1,5,2308260005,오문창순대국밥
g_g008902,1,6,2308260006,오산 세교 2 LH21단지 아파트
g_g008906,1,1,2309100001,집
g_g008906,1,2,2309100002,대전역
g_g008906,1,3,2309100003,진로 집
g_g008906,1,4,2309100004,달고나
g_g008906,1,5,2309100005,키치 키치
g_g008906,1,6,2309100006,성심당 롯데백화점 대전점
g_g008906,1,7,2309100007,롯데리아 대전역사점
g_g008906,1,8,2309100008,서울역
g_g008925,1,1,2308250001,친구 친지 집
g_g008925,1,2,2308250002,동서 식당
g_g008925,1,3,2308250003,녹테마레
g_g008925,1,4,2308250004,깔라까따 호텔리조트
g_g008925,1,5,2308250005,여수 미남크루즈
g_g008925,1,6,2308250006,삼합 싸다고
g_g008925,1,7,2308250007,깔라가 따 호텔리조트
g_g008925,2,1,2308260001,바다 김밥 돌산 직영점
g_g008925,2,2,2308260002,돌산 바다 카페
g_g008925,2,3,2308260003,효자 롯데아파트
g_g008928,1,1,2308260001,집
g_g008928,1,2,2308260003,유달 콩물 본점
g_g008928,1,3,2308260004,국립 해양문화재연구소
g_g008928,1,4,2308260006,더 스톤
g_g008928,1,5,2308260005,목포 각 바위
g_g008928,1,6,2308260007,목포근대역사관 1관
g_g008928,1,7,2308260008,다 좌 원
g_g008928,1,8,2308260009,씨엘이 베이커리 본점
g_g008928,1,9,2308260002,집
g_g008932,1,1,2308220001,집
g_g008932,1,2,2308220002,광명역
g_g008932,1,3,2308220003,광주송정역
g_g008932,1,4,2308220004,상무역 광주 1호선
g_g008932,1,5,2308220005,소코아 상무점
g_g008932,1,6,2308220006,메가 MGC 커피 광주 상무지구점
g_g008932,1,7,2308220007,슈슈 테이블
g_g008932,1,8,2308220008,상무역 광주 1호선
g_g008932,1,9,2308220009,광주송정역 광주 1호선
g_g008932,1,10,2308220010,담양식 국수
g_g008932,1,11,2308220011,광주송정역
g_g008932,1,12,2308220012,광명역
g_g008932,1,13,2308220013,집
g_g008940,1,1,2308260001,집
g_g008940,1,2,2308260002,광명역
g_g008940,1,3,2308260003,광주송정역
g_g008940,1,4,2308260004,광주송정역 주차빌딩
g_g008940,1,5,2308260005,태백 정
g_g008940,1,6,2308260006,일루이스 첨단CGV점
g_g008940,1,7,2308260007,광주 첨단 먹자골목
g_g008940,1,8,2308260008,광주송정역
g_g008940,1,9,2308260009,광명역
g_g008940,1,10,2308260010,광명 서편맞이 방일식점
g_g008940,1,11,2308260011,텐 퍼센트 커피 광명역점
g_g008940,1,12,2308260012,광명 역유 플래닛 데시앙아파트
g_g008940,1,13,2308260013,집
g_g008967,1,1,2308230001,집
g_g008967,1,2,2308230003,광주송정역
g_g008967,1,3,2308230004,서대전역
g_g008967,1,4,2308230005,노티스 대전 갤러리아
g_g008967,1,5,2308230006,와타요업
g_g008967,1,6,2308230007,한밭수목원
g_g008967,1,7,2308230008,카페사 나고
g_g008967,1,8,2308230009,성심당 본점
g_g008967,1,9,2308230010,성심당 문화원
g_g008967,1,10,2308230011,성심당 케이크 부티크
g_g008967,1,11,2308230012,서대전역
g_g008967,1,12,2308230002,집
g_g008968,1,1,2308250001,집
g_g008968,1,2,2308250003,황정 휴게소
g_g008968,1,3,2308250004,3대 여수 딸기 찹쌀떡 돌산 직영점
g_g008968,1,4,2308250005,원조 두꺼비 게장
g_g008968,1,5,2308250006,만성리 검은 모래해변
g_g008968,1,6,2308250007,신덕해수욕장
g_g008968,1,7,2308250008,마래 2터널
g_g008968,1,8,2308250009,큰끝 등대
g_g008968,1,9,2308250010,모여 핀
g_g008968,1,10,2308250011,향일암
g_g008968,1,11,2308250012,여수수산시장
g_g008968,1,12,2308250002,집
g_g009001,1,1,2308270001,집
g_g009001,1,2,2308270002,무주 한풍루
g_g009001,1,3,2308270003,청마루
g_g009001,1,4,2308270004,태권도원
g_g009001,1,5,2308270006,윌로우 파크 커피
g_g009001,1,6,2308270005,무주 반디랜드
g_g009001,1,7,2308270007,집
g_g009026,1,1,2308230001,집
g_g009026,1,2,2308230003,동대구역
g_g009026,1,3,2308230004,대전역
g_g009026,1,4,2308230005,역전 가락국수 41 대전역점
g_g009026,1,5,2308230006,대전 전통 나에 관
g_g009026,1,6,2308230007,성심당 케이크 부티크
g_g009026,1,7,2308230008,성심당 본점
g_g009026,1,8,2308230009,스타벅스 대전중앙로 R점
g_g009026,1,9,2308230010,아트박스 대전은행동점
g_g009026,1,10,2308230011,성심당 문화원
g_g009026,1,11,2308230012,단밤
g_g009026,1,12,2308230013,잇츠 코인 노래연습장
g_g009026,1,13,2308230002,단밤
g_g009026,2,1,2308240001,대흥교
g_g009026,2,2,2308240002,단밤
g_g009026,2,3,2308240003,둔산 선사유적지
g_g009026,2,4,2308240004,대전시립미술관
g_g009026,2,5,2308240005,대전시립미술관 열린 수장고
g_g009026,2,6,2308240006,듬뿍 담뿍 드림 김밥 만년 본점
g_g009026,2,7,2308240007,한밭수목원
g_g009026,2,8,2308240008,엑스포과학공원 한빛탑
g_g009026,2,9,2308240009,빽다방 대전 스마트시티점
g_g009026,2,10,2308240010,도룡 KCC 웰츠타워 오피스텔
g_g009026,2,11,2308240011,대전역
g_g009026,2,12,2308240012,동대구역
g_g009026,2,13,2308240013,집
g_g009034,1,1,2308250001,집
g_g009034,1,2,2308250002,속리산 휴게소 청주 방향
g_g009034,1,3,2308250003,한국공예관
g_g009034,1,4,2308250004,동부창고
g_g009034,1,5,2308250005,일면식
g_g009034,1,6,2308250006,국립현대미술관 청주
g_g009034,1,7,2308250007,봉용 불고기
g_g009034,1,8,2308250008,국립현대미술관 청주
g_g009034,1,9,2308250009,화서휴게소 영덕 방향
g_g009034,1,10,2308250010,집
g_g009036,1,1,2308290001,집
g_g009036,1,2,2308290003,성심당 본점
g_g009036,1,3,2308290004,공주 얼큰이 칼국수 주꾸미
g_g009036,1,4,2308290005,꿀 잼 도시 대전 홍보관 대전 신세계 아트앤사이언스점
g_g009036,1,5,2308290006,대전시립미술관
g_g009036,1,6,2308290007,성심당 본점
g_g009036,1,7,2308290002,집
g_g009114,1,1,2308270001,집
g_g009114,1,2,2308270003,만인산농협 하나로마트 복수점
g_g009114,1,3,2308270004,남이자연휴양림 산림문화타운
g_g009114,1,4,2308270007,남이자연휴양림 숲 체험학습장
g_g009114,1,5,2308270006,남이자연휴양림 선녀탕
g_g009114,1,6,2308270005,남이자연휴양림 팔도 숲
g_g009114,1,7,2308270008,남이자연휴양림 산림문화타운
g_g009114,1,8,2308270002,집
g_g009161,1,1,2309090001,집
g_g009161,1,2,2309090003,부산역
g_g009161,1,3,2309090004,대전컨벤션 센터 제2전시장
g_g009161,1,4,2309090005,성심당 ddc 점 임시 매장
g_g009161,1,5,2309090006,자연 닮기 약국
g_g009161,1,6,2309090007,인이 얼
g_g009161,1,7,2309090008,대전역
g_g009161,1,8,2309090002,집
g_g009194,1,1,2308270001,집
g_g009194,1,2,2308270003,불갑산
g_g009194,1,3,2308270004,민속적
g_g009194,1,4,2308270005,카페 브라운
g_g009194,1,5,2308270006,불갑사
g_g009194,1,6,2308270002,집
g_g009210,1,1,2308230001,사무실
g_g009210,1,2,2308230002,외암민속마을 저잣거리
g_g009210,1,3,2308230003,모나 밸리 카페 더 그린 성성 호수점
g_g009210,1,4,2308230004,지중해마을
g_g009210,1,5,2308230005,삽교호
g_g009210,1,6,2308230006,국민대학교
g_g009219,1,1,2308260001,집
g_g009219,1,2,2308260002,벽오동
g_g009219,1,3,2308260003,담다
g_g009219,1,4,2308260004,메타세쿼이아 길
g_g009219,1,5,2308260005,메타 프로방스
g_g009219,1,6,2308260006,집
g_g009232,1,1,2309170001,집
g_g009232,1,2,2309170002,떡만집 본점
g_g009232,1,3,2309170003,한밭수목원
g_g009232,1,4,2309170004,폴 바셋 대전엑스포 스카이점
g_g009232,1,5,2309170005,늘봄 빈티지 숍 중동점
g_g009232,1,6,2309170006,성심당 본점
g_g009232,1,7,2309170007,다다르다
g_g009232,1,8,2309170008,처비 칙스
g_g009232,1,9,2309170009,집
g_g009266,1,1,2308240001,집
g_g009266,1,2,2308240002,익산 공용버스터미널
g_g009266,1,3,2308240003,군산 시외버스터미널
g_g009266,1,4,2308240004,국제반점
g_g009266,1,5,2308240005,이성당 본점
g_g009266,1,6,2308240006,이성당 신관
g_g009266,1,7,2308240007,옛 군산세관
g_g009266,1,8,2308240008,장미 갤러리
g_g009266,1,9,2308240009,뜬다리 부두
g_g009266,1,10,2308240010,초원 사진관
g_g009266,1,11,2308240011,율무
g_g009266,1,12,2308240012,모트
g_g009266,1,13,2308240013,군산 시외버스터미널
g_g009266,1,14,2308240014,아네스 빌
g_g009267,1,1,2308250001,집
g_g009267,1,2,2308250002,원불교 익산 성지
g_g009267,1,3,2308250003,그린 목욕탕
g_g009267,1,4,2308250004,이마트 익산점
g_g009267,1,5,2308250006,자이 주유소
g_g009267,1,6,2308250005,집
g_g009273,1,1,2309090001,친구 친지 집
g_g009273,1,2,2309090002,월평 도서관
g_g009273,1,3,2309090003,프레시 하츠 클럽
g_g009273,1,4,2309090004,라멘 오타
g_g009273,1,5,2309090006,코페 부시
g_g009273,1,6,2309090005,코우 숍
g_g009273,1,7,2309090007,으능정이 스카이로드
g_g009273,1,8,2309090008,목척교
g_g009273,1,9,2309090009,건양 그린아파트
g_g009283,1,1,2308230001,집
g_g009283,1,2,2308230002,담양 관방제림
g_g009283,1,3,2308230003,딜라이트 담양
g_g009283,1,4,2308230004,요리 온
g_g009283,1,5,2308230005,어텐션 플리즈
g_g009283,1,6,2308230006,집
g_g009284,1,1,2308240001,집
g_g009284,1,2,2308240002,동대구역
g_g009284,1,3,2308240003,대전역
g_g009284,1,4,2308240004,대전시립미술관
g_g009284,1,5,2308240006,엑스포다리
g_g009284,1,6,2308240005,한밭수목원
g_g009284,1,7,2308240007,대전 신세계 아트앤사이언스
g_g009284,1,8,2308240009,스타벅스 대전엑스포 스카이점
g_g009284,1,9,2308240008,집
g_g009291,1,1,2309030001,집
g_g009291,1,2,2309030003,전주한옥마을
g_g009291,1,3,2309030004,스타벅스 전주홍산로점
g_g009291,1,4,2309030005,할미 집
g_g009291,1,5,2309030006,다이소 전주터미널점
g_g009291,1,6,2309030007,영풍문고 전주터미널점
g_g009291,1,7,2309030008,더벤티 전주 시외버스터미널점
g_g009291,1,8,2309030002,집
g_g009320,1,1,2308230001,집
g_g009320,1,2,2308230003,서대전역
g_g009320,1,3,2308230004,사리원 면옥 본점
g_g009320,1,4,2308230005,성심당 롯데백화점 대전점
g_g009320,1,5,2308230006,대전예술의전당 앙상블홀
g_g009320,1,6,2308230007,칼국수 만드는 사람들
g_g009320,1,7,2308230008,스타벅스 대전법원점
g_g009320,1,8,2308230009,방이 역 5호선
g_g009320,1,9,2308230002,집
g_g009325,1,1,2308260001,숙소
g_g009325,1,2,2308260002,화순 동가리 계곡
g_g009325,1,3,2308260003,윤 식당
g_g009325,1,4,2308260004,아크 커피
g_g009325,1,5,2308260005,집
g_g009326,1,1,2309020001,집
g_g009326,1,2,2309020002,금단양만
g_g009326,1,3,2309020003,미당 시문학관
g_g009326,1,4,2309020004,들꽃 카페 수목원
g_g009326,1,5,2309020005,집
g_g009328,1,1,2308260001,집
g_g009328,1,2,2308260002,오씨칼국수 도룡점
g_g009328,1,3,2308260003,꿀 잼 도시 대전 홍보관 대전 신세계 아트앤사이언스점
g_g009328,1,4,2308260004,엑스포과학공원
g_g009328,1,5,2308260005,집
g_g009329,1,1,2308260001,집
g_g009329,1,2,2308260002,청주남부정류장
g_g009329,1,3,2308260003,대전복합터미널
g_g009329,1,4,2308260004,상소동 산림욕장
g_g009329,1,5,2308260005,미세노센세
g_g009329,1,6,2308260006,뮤트
g_g009329,1,7,2308260007,원주율
g_g009329,1,8,2308260008,대전복합터미널
g_g009329,1,9,2308260009,청주남부정류장
g_g009329,1,10,2308260010,집
g_g009332,1,1,2308260001,집
g_g009332,1,2,2308260003,바른찜 갈비
g_g009332,1,3,2308260004,라프 커피
g_g009332,1,4,2308260005,은행나무 길
g_g009332,1,5,2308260006,온 더 힐
g_g009332,1,6,2308260007,공세리 성지
g_g009332,1,7,2308260002,집
g_g009335,1,1,2308240001,집
g_g009335,1,2,2308240002,대전역
g_g009335,1,3,2308240003,신가네 매운 떡볶이 한남대점
g_g009335,1,4,2308240004,성심당 본점
g_g009335,1,5,2308240005,테라스 키친
g_g009335,1,6,2308240006,다다르다
g_g009335,1,7,2308240007,숯불 돈가스
g_g009335,1,8,2308240008,세븐스타코인 노래연습장 대전 둔산점
g_g009335,1,9,2308240009,대전역
g_g009335,1,10,2308240010,남산 롯데캐슬 아이리스 아파트
g_g009348,1,1,2308270001,집
g_g009348,1,2,2308270002,파라다이스 스파 도고
g_g009348,1,3,2308270003,영인 산마루
g_g009348,1,4,2308270004,산이랑 커피하우스
g_g009348,1,5,2308270005,집
g_g009355,1,1,2308260001,집
g_g009355,1,2,2308260002,전남도립미술관
g_g009355,1,3,2308260003,삼대 광양 불고깃집
g_g009355,1,4,2308260004,집
g_g009358,1,1,2308290001,집
g_g009358,1,2,2308290002,동학사
g_g009358,1,3,2308290003,초당
g_g009358,1,4,2308290004,집
g_g009360,1,1,2308270001,집
g_g009360,1,2,2308270003,효빈 초밥
g_g009360,1,3,2308270006,빛가람 전망대
g_g009360,1,4,2308270004,메가 MGC 커피 나주 빛가람점
g_g009360,1,5,2308270005,빛가람 호수공원
g_g009360,1,6,2308270002,집
g_g009361,1,1,2308240001,집
g_g009361,1,2,2308240003,유스퀘어 광주종합버스터미널
g_g009361,1,3,2308240004,전주 고속버스터미널
g_g009361,1,4,2308240005,멘 다케이 본점
g_g009361,1,5,2308240006,한국도로공사 전주수목원
g_g009361,1,6,2308240007,카페 수목원
g_g009361,1,7,2308240008,전일갑오
g_g009361,1,8,2308240009,술집 화분
g_g009361,1,9,2308240010,전주 덕진공원
g_g009361,1,10,2308240011,전주 고속버스터미널
g_g009361,1,11,2308240012,유스퀘어 광주종합버스터미널
g_g009361,1,12,2308240002,집
g_g009362,1,1,2308270001,집
g_g009362,1,2,2308270002,소쇄원
g_g009362,1,3,2308270003,황칠 중화요리
g_g009362,1,4,2308270004,가사문학관
g_g009362,1,5,2308270005,카페 리저브
g_g009362,1,6,2308270007,담빛예술창고
g_g009362,1,7,2308270006,집
g_g009365,1,1,2308270001,집
g_g009365,1,2,2308270003,서가 면옥
g_g009365,1,3,2308270004,담양 관방제림
g_g009365,1,4,2308270005,어라운드 파이버
g_g009365,1,5,2308270006,픽미픽미 아이스
g_g009365,1,6,2308270002,집
g_g009367,1,1,2308270001,집
g_g009367,1,2,2308270002,봉수산 자연휴양림
g_g009367,1,3,2308270003,예당관광지
g_g009367,1,4,2308270004,예산 상설시장
g_g009367,1,5,2308270005,예당관광지
g_g009367,1,6,2308270006,예산 상설시장
g_g009367,1,7,2308270007,집
g_g009368,1,1,2308260001,집
g_g009368,1,2,2308260002,먹때깔순대국밥
g_g009368,1,3,2308260003,온양온천랜드
g_g009368,1,4,2308260004,온양온천시장
g_g009368,1,5,2308260005,집
g_g009370,1,1,2308260001,집
g_g009370,1,2,2308260002,러가 든 블루
g_g009370,1,3,2308260003,H&M 세종점
g_g009370,1,4,2308260004,테라로사 커피 세종점
g_g009370,1,5,2308260005,국립세종수목원
g_g009370,1,6,2308260006,집
g_g009372,1,1,2309020001,집
g_g009372,1,2,2309020003,대전역
g_g009372,1,3,2309020004,성심당 본점
g_g009372,1,4,2309020005,성심당 케이크 부티크
g_g009372,1,5,2309020006,성심당 문화원
g_g009372,1,6,2309020007,성심당 옛 맛 솜씨
g_g009372,1,7,2309020008,김화 칼국수
g_g009372,1,8,2309020009,대전천
g_g009372,1,9,2309020010,한밭수목원
g_g009372,1,10,2309020011,대전시립미술관
g_g009372,1,11,2309020012,대동 벽화마을
g_g009372,1,12,2309020013,다다르다
g_g009372,1,13,2309020014,대전중앙시장
g_g009372,1,14,2309020015,대전역
g_g009372,1,15,2309020002,집
g_g009401,1,1,2308270001,집
g_g009401,1,2,2308270003,매월 농원
g_g009401,1,3,2308270004,카페하녹
g_g009401,1,4,2308270005,전남대학교 광주캠퍼스
g_g009401,1,5,2308270006,커라 이윤
g_g009401,1,6,2308270007,펭귄 마을
g_g009401,1,7,2308270008,이이남 스튜디오
g_g009401,1,8,2308270002,집
g_g009414,1,1,2308250001,집
g_g009414,1,2,2308250003,써브웨이 대전복합터미널점
g_g009414,1,3,2308250004,코페 부시
g_g009414,1,4,2308250005,대전근현대사전시관
g_g009414,1,5,2308250006,한밭수목원
g_g009414,1,6,2308250007,성심당 DCC점
g_g009414,1,7,2308250008,스타벅스 대전 조이마루점
g_g009414,1,8,2308250009,한밭수목원
g_g009414,1,9,2308250002,집
g_g009442,1,1,2308250001,집
g_g009442,1,2,2308250002,꽃뫼버들마을 신동아아파트
g_g009442,1,3,2308250003,천안호두 휴게소 부산방향
g_g009442,1,4,2308250004,원 할인마트
g_g009442,1,5,2308250007,이웃집
g_g009442,1,6,2308250006,옛집(친정집)
g_g009442,1,7,2308250005,원각사
g_g009442,1,8,2308250008,심천역
g_g009442,1,9,2308250009,영동포도축제
g_g009442,1,10,2308250010,폭포 가든
g_g009442,1,11,2308250011,옥계폭포
g_g009442,1,12,2308250012,집
g_g009465,1,1,2308240001,집
g_g009465,1,2,2308240005,노브랜드 버거 전북도청점
g_g009465,1,3,2308240003,국립전주 박물관
g_g009465,1,4,2308240004,국립전주 박물관 어린이 박물관
g_g009465,1,5,2308240006,디오니
g_g009465,1,6,2308240002,집
g_g009482,1,1,2309030001,집
g_g009482,1,2,2309030003,모노 바스
g_g009482,1,3,2309030004,파세 아르
g_g009482,1,4,2309030005,이이남 갤러리 카페
g_g009482,1,5,2309030006,광주 동명동
g_g009482,1,6,2309030002,집
g_g009503,1,1,2309020001,집
g_g009503,1,2,2309020002,카페사 나고
g_g009503,1,3,2309020003,성심당 문화원
g_g009503,1,4,2309020004,국립 중앙과학관 과학기술관
g_g009503,1,5,2309020005,대전 신세계
g_g009503,1,6,2309020006,엑스포과학공원 한빛탑
g_g009503,1,7,2309020007,엑스포시민광장
g_g009503,1,8,2309020008,집
g_g009518,1,1,2308260001,집
g_g009518,1,2,2308260002,주암 휴게소 순천방향
g_g009518,1,3,2308260003,아쿠아플라넷 여수
g_g009518,1,4,2308260004,원조 두꺼비 게장
g_g009518,1,5,2308260005,여수 해상 케이블카
g_g009518,1,6,2308260006,프롬나드
g_g009518,1,7,2308260007,주암 휴게소 천안 방향
g_g009518,1,8,2308260008,집
g_g009526,1,1,2308260001,집
g_g009526,1,2,2308260003,아름다운 컨벤션
g_g009526,1,3,2308260004,시우도
g_g009526,1,4,2308260005,길거리다 전주대점
g_g009526,1,5,2308260006,전주대학교
g_g009526,1,6,2308260007,전주한옥마을
g_g009526,1,7,2308260008,달인 꽈배기 1호점
g_g009526,1,8,2308260009,길거리다 한옥마을점
g_g009526,1,9,2308260002,집
g_g009533,1,1,2309090001,집
g_g009533,1,2,2309090002,새한서점
g_g009533,1,3,2309090003,수양개 선사유물전시관
g_g009533,1,4,2309090004,만천하 스카이워크
g_g009533,1,5,2309090006,도담삼봉
g_g009533,1,6,2309090005,단양 노트
g_g009533,1,7,2309090007,장림 산방
g_g009533,1,8,2309090008,집
g_g009557,1,1,2308270001,집
g_g009557,1,2,2308270003,행복한 한 끼
g_g009557,1,3,2308270004,서목
g_g009557,1,4,2308270005,다이소 여수 웅천점
g_g009557,1,5,2308270006,웅천친수공원
g_g009557,1,6,2308270007,스타벅스 여수 웅천점
g_g009557,1,7,2308270008,행운 무궁화
g_g009557,1,8,2308270009,여수 해양공원
g_g009557,1,9,2308270010,여수 달구나
g_g009557,1,10,2308270002,집
g_g009573,1,1,2308250001,집
g_g009573,1,2,2308250003,센트럴시티터미널(호남)
g_g009573,1,3,2308250004,보령종합터미널
g_g009573,1,4,2308250005,요나 성당
g_g009573,1,5,2308250006,신선한 게 국지 해물탕 간장게장
g_g009573,1,6,2308250007,대천해수욕장
g_g009573,1,7,2308250008,모카 브레드
g_g009573,1,8,2308250009,보령종합터미널
g_g009573,1,9,2308250002,상월곡역 인근
g_g009577,1,1,2308250001,집
g_g009577,1,2,2308250003,여수엑스포역
g_g009577,1,3,2308250004,꽃동 게장 1번가
g_g009577,1,4,2308250005,오동도
g_g009577,1,5,2308250006,신라스테이 여수
g_g009577,1,6,2308250007,스타벅스 더여수돌산DT점
g_g009577,1,7,2308250008,돌산공원
g_g009577,1,8,2308250009,이순신광장
g_g009577,1,9,2308250010,소호동 동다리
g_g009577,1,10,2308250002,신라스테이 여수
g_g009577,2,1,2308260002,오동동 김밥
g_g009577,2,2,2308260003,여수세계박람회장
g_g009577,2,3,2308260004,순천역
g_g009577,2,4,2308260005,순천만 국가정원
g_g009577,2,5,2308260006,순천만습지
g_g009577,2,6,2308260007,순천 양조장
g_g009577,2,7,2308260001,용산역
g_g009630,1,1,2309020001,집
g_g009630,1,2,2309020002,여주휴게소(강릉)
g_g009630,1,3,2309020003,활옷 동굴
g_g009630,1,4,2309020004,터줏골명가
g_g009630,1,5,2309020006,도담삼봉 관광지
g_g009630,1,6,2309020007,대성 야채만두
g_g009630,1,7,2309020008,손곱 집
g_g009630,1,8,2309020005,늘푸른벽산아파트
g_g009639,1,1,2308270001,집
g_g009639,1,2,2308270002,수서역
g_g009639,1,3,2308270003,대전역
g_g009639,1,4,2308270004,성심당 본점
g_g009639,1,5,2308270005,남선공원 종합체육관 스케이트장
g_g009639,1,6,2308270006,유성온천공원 족욕체험장
g_g009639,1,7,2308270007,세컨드 디포리스트 대전 둔산점
g_g009639,1,8,2308270008,힐링몽앤냥
g_g009639,1,9,2308270009,엑스포시민광장
g_g009639,1,10,2308270010,한밭수목원
g_g009639,1,11,2308270011,엑스포과학공원 한빛탑
g_g009639,1,12,2308270013,성심당 케이크 부티크
g_g009639,1,13,2308270014,대전역
g_g009639,1,14,2308270015,서울역
g_g009639,1,15,2308270012,집
g_g009661,1,1,2308250001,집
g_g009661,1,2,2308250002,광주역
g_g009661,1,3,2308250003,광주송정역
g_g009661,1,4,2308250005,목포문화의 거리
g_g009661,1,5,2308250004,목포역
g_g009661,1,6,2308250006,코롬방제과점
g_g009661,1,7,2308250007,오거리문화센터
g_g009661,1,8,2308250008,쫀데기1973
g_g009661,1,9,2308250009,이모 식당
g_g009661,1,10,2308250010,목포진 역사공원
g_g009661,1,11,2308250011,가비 1935
g_g009661,1,12,2308250012,목포근대역사관 1관
g_g009661,1,13,2308250013,목포근대역사관 2관
g_g009661,1,14,2308250014,유달동 사진관
g_g009661,1,15,2308250015,GS25 산정 하이츠 점
g_g009661,1,16,2308250016,국수 한 그릇
g_g009661,1,17,2308250017,목포 해상 케이블카 북항 승강장
g_g009661,1,18,2308250018,고하도 전망대
g_g009661,1,19,2308250019,목포 해상 케이블카 북항 승강장
g_g009661,1,20,2308250020,등대 식육식당
g_g009661,1,21,2308250021,목포역
g_g009661,1,22,2308250022,광주송정역
g_g009661,1,23,2308250023,운송 하이빌
g_g009685,1,1,2308260001,집
g_g009685,1,2,2308260002,아산시시설관리공단 아산시 생태곤충원
g_g009685,1,3,2308260003,아산시 생태곤충원
g_g009685,1,4,2308260005,신정호 관광단지
g_g009685,1,5,2308260004,장영실 과학관
g_g009685,1,6,2308260006,아구 드림 신방통정점
g_g009685,1,7,2308260007,집
g_g009732,1,1,2308260001,집
g_g009732,1,2,2308260002,유스퀘어 광주종합버스터미널
g_g009732,1,3,2308260003,전주 고속버스터미널
g_g009732,1,4,2308260004,전주 화산체육관 빙상경기장
g_g009732,1,5,2308260005,전주 남부시장 청년몰
g_g009732,1,6,2308260006,전주한옥마을
g_g009732,1,7,2308260007,전주 풍개 지관
g_g009732,1,8,2308260008,객사길
g_g009732,1,9,2308260010,집
g_g009738,1,1,2309090001,집
g_g009738,1,2,2309090002,서울역
g_g009738,1,3,2309090003,대전역
g_g009738,1,4,2309090004,한밭 칼국수
g_g009738,1,5,2309090005,프렐류드
g_g009738,1,6,2309090006,처치 앤 댄스홀
g_g009738,1,7,2309090007,테마 오래
g_g009738,1,8,2309090008,성심당 문화원
g_g009738,1,9,2309090009,성심당 롯데백화점 대전점
g_g009738,1,10,2309090010,한밭수목원
g_g009738,1,11,2309090011,집
g_g009745,1,1,2308260001,집
g_g009745,1,2,2308260003,너구리 식당
g_g009745,1,3,2308260004,육거리종합시장
g_g009745,1,4,2308260005,홈스 앤 루팡
g_g009745,1,5,2308260006,청심재
g_g009745,1,6,2308260007,성안길
g_g009745,1,7,2308260002,집
g_g009768,1,1,2309090001,집
g_g009768,1,2,2309090003,마곡사
g_g009768,1,3,2309090004,유가네 칼국수
g_g009768,1,4,2309090005,춘소 커피
g_g009768,1,5,2309090006,공주 메타세쿼이아숲길
g_g009768,1,6,2309090007,공주 경비행기
g_g009768,1,7,2309090008,공주 산성시장
g_g009768,1,8,2309090009,공산성
g_g009768,1,9,2309090002,집
g_g009771,1,1,2308300001,사무실
g_g009771,1,2,2308300002,천안호두 휴게소 부산방향
g_g009771,1,3,2308300003,레인보 힐링타운 (23년 예정)
g_g009771,1,4,2308300004,미유동북
g_g009771,1,5,2308300005,동일하이빌아파트
g_g009783,1,1,2308240001,집
g_g009783,1,2,2308240003,수서역
g_g009783,1,3,2308240004,대전역
g_g009783,1,4,2308240005,성심당 대전역점
g_g009783,1,5,2308240006,성심당 본점
g_g009783,1,6,2308240007,테라스 키친
g_g009783,1,7,2308240008,한화생명 이글스 파크
g_g009783,1,8,2308240009,메리골드
g_g009783,1,9,2308240010,유천동 보강 집
g_g009783,1,10,2308240011,대전역
g_g009783,1,11,2308240002,한양 5차 아파트
g_g009791,1,1,2308260001,집
g_g009791,1,2,2308260003,목포역
g_g009791,1,3,2308260007,유달산 팔각정
g_g009791,1,4,2308260004,씨엘이 베이커리 본점
g_g009791,1,5,2308260005,목포 스카이워크
g_g009791,1,6,2308260006,연희네 슈퍼
g_g009791,1,7,2308260008,장터 본점
g_g009791,1,8,2308260009,목포 갓바위
g_g009791,1,9,2308260010,조선 쫄 복탄
g_g009791,1,10,2308260011,곰집 갈비
g_g009791,1,11,2308260012,코롬방제과점
g_g009791,1,12,2308260013,평화광장
g_g009791,1,13,2308260014,만선 호프
g_g009791,1,14,2308260002,집
g_g009798,1,1,2309020001,집
g_g009798,1,2,2309020002,웅도 어촌체험마을
g_g009798,1,3,2309020003,얄개 분식
g_g009798,1,4,2309020004,해미읍성왕꽈배기 줌마리카페
g_g009798,1,5,2309020005,해미읍성
g_g009798,1,6,2309020006,집
g_g009802,1,1,2309020001,집
g_g009802,1,2,2309020005,담양에 떡갈비
g_g009802,1,3,2309020002,부산역
g_g009802,1,4,2309020003,대전역
g_g009802,1,5,2309020004,대전근현대사전시관
g_g009802,1,6,2309020006,정감이
g_g009802,1,7,2309020007,이응노미술관
g_g009802,1,8,2309020008,한밭수목원
g_g009802,1,9,2309020009,콘트라
g_g009802,1,10,2309020010,카이스트 본원
g_g009802,1,11,2309020011,월평역 대전 1호선
g_g009802,1,12,2309020012,대전역
g_g009802,1,13,2309020013,부산역
g_g009802,1,14,2309020014,집
g_g009815,1,1,2308300001,집
g_g009815,1,2,2308300003,메가 MGC커피 평택지산점
g_g009815,1,3,2308300004,김화 칼국수
g_g009815,1,4,2308300005,한밭수목원
g_g009815,1,5,2308300006,메가 MGC커피 대전청사점
g_g009815,1,6,2308300007,성심당 본점
g_g009815,1,7,2308300008,성심당 케이크 부티크
g_g009815,1,8,2308300009,대전 정오 주차장
g_g009815,1,9,2308300002,집
g_g009818,1,1,2308270001,집
g_g009818,1,2,2308270002,광덕산
g_g009818,1,3,2308270003,강당골
g_g009818,1,4,2308270004,강당골토담
g_g009818,1,5,2308270005,집
g_g009819,1,1,2308300001,집
g_g009819,1,2,2308300002,선암계곡
g_g009819,1,3,2308300003,왕릉 숯불갈비
g_g009819,1,4,2308300004,단양구경시장
g_g009819,1,5,2308300005,집
g_g009821,1,1,2308260001,집
g_g009821,1,2,2308260002,왕궁 포레스트
g_g009821,1,3,2308260003,익산 돈가스
g_g009821,1,4,2308260004,집
g_g009841,1,1,2308290001,집
g_g009841,1,2,2308290003,오송역
g_g009841,1,3,2308290004,여수엑스포역
g_g009841,1,4,2308290005,길 언니
g_g009841,1,5,2308290006,하멜등대
g_g009841,1,6,2308290007,신라스테이 여수
g_g009841,1,7,2308290008,이순신광장
g_g009841,1,8,2308290009,오팔공
g_g009841,1,9,2308290010,신라스테이 여수
g_g009841,1,10,2308290011,여수 낭만포차 거리
g_g009841,1,11,2308290002,신라스테이 여수
g_g009841,2,1,2308300002,오동동 김밥
g_g009841,2,2,2308300003,아르떼 뮤지엄 여수
g_g009841,2,3,2308300004,여수엑스포역
g_g009841,2,4,2308300005,오송역
g_g009841,2,5,2308300001,더 숍 청주 퍼스트 파크 아파트
g_g009849,1,1,2308280001,친구 친지 집
g_g009849,1,2,2308280003,진로 집
g_g009849,1,3,2308280004,성심당 본점
g_g009849,1,4,2308280005,대청호
g_g009849,1,5,2308280006,대전엑스포 아쿠아리움
g_g009849,1,6,2308280007,대전 신세계 아트앤사이언스
g_g009849,1,7,2308280008,대전복합터미널 유니클로
g_g009849,1,8,2308280002,친구 집
g_g009858,1,1,2308270001,집
g_g009858,1,2,2308270013,유스퀘어 광주종합버스터미널
g_g009858,1,3,2308270002,경기전
g_g009858,1,4,2308270003,전동성당
g_g009858,1,5,2308270004,카페 달
g_g009858,1,6,2308270005,전주 현대옥 전주한옥마을점
g_g009858,1,7,2308270006,색장 정미소
g_g009858,1,8,2308270007,전주동물원
g_g009858,1,9,2308270008,전주 난장
g_g009858,1,10,2308270009,인디비주얼커피로스터스 전주한옥점
g_g009858,1,11,2308270010,자매 갈비전골
g_g009858,1,12,2308270011,전주 고속버스터미널
g_g009858,1,13,2308270012,집
g_g009864,1,1,2308260001,집
g_g009864,1,2,2308260003,외암민속마을
g_g009864,1,3,2308260004,상전
g_g009864,1,4,2308260005,광덕산 사당골계곡
g_g009864,1,5,2308260006,공세리성당
g_g009864,1,6,2308260007,인주 한옥점
g_g009864,1,7,2308260002,집
g_g009879,1,1,2308260001,집
g_g009879,1,2,2308260003,상무 초밥 둔산 직영점
g_g009879,1,3,2308260004,한밭수목원
g_g009879,1,4,2308260005,대전 신세계 아트앤사이언스
g_g009879,1,5,2308260006,스타벅스 대전엑스포 스카이점
g_g009879,1,6,2308260007,(주) 대전 신세계 일로 르노 X 풀 바셋
g_g009879,1,7,2308260008,고속버스 둔산(청사) 정류장
g_g009879,1,8,2308260002,성동마을 엘지 빌리지 1차 아파트
g_g009898,1,1,2308260001,집
g_g009898,1,2,2308260002,금융감독원
g_g009898,1,3,2308260003,이천 휴게소 남이 방향
g_g009898,1,4,2308260004,이천 휴게소 주유소 통영방향
g_g009898,1,5,2308260005,영동포도축제
g_g009898,1,6,2308260006,포도 따기 체험
g_g009898,1,7,2308260007,영동포도축제
g_g009898,1,8,2308260008,영동 와인터널
g_g009898,1,9,2308260009,영동포도축제
g_g009898,1,10,2308260010,집
g_g009913,1,1,2308260001,집
g_g009913,1,2,2308260002,카페 산
g_g009913,1,3,2308260003,충청도 순대
g_g009913,1,4,2308260004,단양 흑마늘빵
g_g009913,1,5,2308260005,집
g_g009929,1,1,2309020001,집
g_g009929,1,2,2309020003,국립세종수목원
g_g009929,1,3,2309020004,한아름 보리밥
g_g009929,1,4,2309020005,코스트코 세종점
g_g009929,1,5,2309020002,집
g_g009931,1,1,2308250001,집
g_g009931,1,2,2308250003,대전역
g_g009931,1,3,2308250004,에이스 분식
g_g009931,1,4,2308250005,커플 브리지
g_g009931,1,5,2308250006,포토 랩 플러스 대전은행점
g_g009931,1,6,2308250007,코페 부시
g_g009931,1,7,2308250008,성심당 본점
g_g009931,1,8,2308250009,중앙로 지하상가
g_g009931,1,9,2308250010,대전근현대사전시관
g_g009931,1,10,2308250011,선화동 소머리 해장국 본점
g_g009931,1,11,2308250012,하루 탕후루
g_g009931,1,12,2308250013,너구리와 친구들 2호점
g_g009931,1,13,2308250014,성심당 케이크 부티크
g_g009931,1,14,2308250002,집
g_g009962,1,1,2308250001,집
g_g009962,1,2,2308250025,군산 시외버스터미널
g_g009962,1,3,2308250002,메르밀지미집 본점
g_g009962,1,4,2308250003,전동성당
g_g009962,1,5,2308250004,카카오 프렌즈 전주한옥마을점
g_g009962,1,6,2308250005,오목대 관광안내소
g_g009962,1,7,2308250006,오목대
g_g009962,1,8,2308250007,오교장 댁
g_g009962,1,9,2308250008,한벽당
g_g009962,1,10,2308250009,한벽 굴
g_g009962,1,11,2308250010,자만 벽화마을
g_g009962,1,12,2308250011,두 이모 비빔밥 와플 한옥마을점
g_g009962,1,13,2308250012,이목대
g_g009962,1,14,2308250013,전주향교
g_g009962,1,15,2308250014,탐미주의
g_g009962,1,16,2308250015,최명희문학관
g_g009962,1,17,2308250016,길거리다 한옥마을점
g_g009962,1,18,2308250017,전주랑 제주랑
g_g009962,1,19,2308250018,교동 십원빵 전주한옥마을 본점
g_g009962,1,20,2308250019,꿀타래
g_g009962,1,21,2308250020,외할머니 솜씨
g_g009962,1,22,2308250021,조점례남문피순대
g_g009962,1,23,2308250022,전주 남부시장 한옥마을 야시장
g_g009962,1,24,2308250023,엘브즈
g_g009962,1,25,2308250024,덕진 정류장
g_g009962,1,26,2308250026,전주 시외버스 공용터미널
g_g009962,1,27,2308250027,전북 군산시 동수 송 9길 9 한 벼가 25호
g_g009973,1,1,2308260001,집
g_g009973,1,2,2308260002,영등포역
g_g009973,1,3,2308260003,광주송정역
g_g009973,1,4,2308260004,광주송정역 광주 1호선
g_g009973,1,5,2308260005,문화전당역 광주 1호선
g_g009973,1,6,2308260006,풍남옥 본점
g_g009973,1,7,2308260007,전일빌딩 245
g_g009973,1,8,2308260008,궁전제과 충장점
g_g009973,1,9,2308260009,25시 음악사
g_g009973,1,10,2308260010,카페 크라운
g_g009973,1,11,2308260011,국립아시아문화전당
g_g009973,1,12,2308260012,광주예술의 거리
g_g009973,1,13,2308260013,국립아시아문화전당
g_g009973,1,14,2308260014,문화전당역 광주 1호선
g_g009973,1,15,2308260015,광주송정역
g_g009973,1,16,2308260016,용산역
g_g009973,1,17,2308260017,서강대역 경의중앙선
g_g009973,1,18,2308260018,신촌 태영데시앙아파트
g_g010002,1,1,2309050001,집
g_g010002,1,2,2309050002,대전역
g_g010002,1,3,2309050003,대전중앙시장
g_g010002,1,4,2309050004,성심당 본점
g_g010002,1,5,2309050005,광천 식당
g_g010002,1,6,2309050006,엑스포과학공원
g_g010002,1,7,2309050007,한밭수목원
g_g010002,1,8,2309050008,대전 신세계 아트앤사이언스
g_g010002,1,9,2309050009,공주 얼큰이 칼국수 주꾸미
g_g010002,1,10,2309050010,대전역
g_g010002,1,11,2309050011,집
g_g010037,1,1,2308310001,집
g_g010037,1,2,2308310002,전주 시외버스 공용터미널
g_g010037,1,3,2308310003,초원 사진관
g_g010037,1,4,2308310004,율무
g_g010037,1,5,2308310005,오쿠야 마치 군산점
g_g010037,1,6,2308310006,모어 앤 모어
g_g010037,1,7,2308310007,신흥동 일본식 가옥
g_g010037,1,8,2308310008,심리서점쓰담
g_g010037,1,9,2308310009,군산 시외버스터미널
g_g010037,1,10,2308310010,집
g_g010043,1,1,2309100001,집
g_g010043,1,2,2309100002,교동 떡갈비
g_g010043,1,3,2309100003,전주랑 제주랑
g_g010043,1,4,2309100004,정갈한 솜씨
g_g010043,1,5,2309100005,전동성당
g_g010043,1,6,2309100006,경기전
g_g010043,1,7,2309100007,오짱 전주한옥마을점
g_g010043,1,8,2309100008,롯데시네마 전주
g_g010043,1,9,2309100009,효림 유료주차장
g_g010043,1,10,2309100010,라디앙뜨
g_g010043,1,11,2309100011,블루문 앤코
g_g010043,1,12,2309100012,왕과탕후루 전주객사점
g_g010043,1,13,2309100013,전주도노
g_g010043,1,14,2309100014,청은 루
g_g010043,1,15,2309100015,집
g_g010044,1,1,2309030001,집
g_g010044,1,2,2309030003,덕진 정류장
g_g010044,1,3,2309030002,유성시외버스정류소
g_g010044,1,4,2309030004,대전 오월드
g_g010044,1,5,2309030005,성심당 본점
g_g010044,1,6,2309030006,공차 대전은행중앙로점
g_g010044,1,7,2309030007,대전중앙시장
g_g010044,1,8,2309030008,중앙로 지하상가
g_g010044,1,9,2309030009,으능정이 문화의 거리
g_g010044,1,10,2309030010,플라잉팬
g_g010044,1,11,2309030011,유성시외버스정류소
g_g010044,1,12,2309030012,집
g_g010052,1,1,2308250001,집
g_g010052,1,2,2308250003,서대전역
g_g010052,1,3,2308250004,성심당 본점
g_g010052,1,4,2308250005,국립 중앙과학관
g_g010052,1,5,2308250006,엑스포과학공원
g_g010052,1,6,2308250007,진로 집
g_g010052,1,7,2308250008,성심당 케이크 부티크
g_g010052,1,8,2308250009,대전복합터미널
g_g010052,1,9,2308250002,집
g_g010107,1,1,2309100001,집
g_g010107,1,2,2309100002,옥순봉 구담봉 주차장
g_g010107,1,3,2309100003,장회나루 식당
g_g010107,1,4,2309100004,옥순봉 구담봉 주차장
g_g010107,1,5,2309100005,옥순봉 식당
g_g010107,1,6,2309100006,만천하 스카이워크
g_g010107,1,7,2309100007,만천하 스카이라운지 카페
g_g010107,1,8,2309100008,카페 산
g_g010107,1,9,2309100009,이천 휴게소 하남방향
g_g010107,1,10,2309100010,집
g_g010119,1,1,2309030001,친구 친지 집
g_g010119,1,2,2309030002,담다
g_g010119,1,3,2309030003,메타 프로방스
g_g010119,1,4,2309030004,시골 흑돼지
g_g010153,1,1,2309080001,집
g_g010153,1,2,2309080003,중앙로 지하상가
g_g010153,1,3,2309080004,성심당 본점
g_g010153,1,4,2309080005,미소본가 스마일 칼국수
g_g010153,1,5,2309080006,대전컨벤션 센터
g_g010153,1,6,2309080007,광천 식당
g_g010153,1,7,2309080002,집
g_g010164,1,1,2309020001,집
g_g010164,1,2,2309020002,키츠 메야
g_g010164,1,3,2309020003,상화원
g_g010164,1,4,2309020004,카페라스칼라
g_g010164,1,5,2309020005,대천해수욕장
g_g010164,1,6,2309020006,바다 위에 그린 시푸드
g_g010164,1,7,2309020007,집
g_g010200,1,1,2308280001,집
g_g010200,1,2,2308280002,장성호 관광지 문화 예술공원
g_g010200,1,3,2308280003,임권택 시네마테크
g_g010200,1,4,2308280004,장성호 관광지
g_g010200,1,5,2308280005,장성호
g_g010200,1,6,2308280006,축령산 편백숲 치유마을
g_g010200,1,7,2308280007,금곡영화마을
g_g010200,1,8,2308280008,축령산 맛집
g_g010200,1,9,2308280009,홍길동테마파크
g_g010200,1,10,2308280010,따뜻한 섬 온도
g_g010200,1,11,2308280011,집
g_g010205,1,1,2308260001,집
g_g010205,1,2,2308260003,군산 간장게장 맛집 등대가 돌게 장
g_g010205,1,3,2308260004,새만금 방조제 드라이브 코스
g_g010205,1,4,2308260005,라파르테라스
g_g010205,1,5,2308260006,장자도 호떡 마을 1호점
g_g010205,1,6,2308260007,선유도해수욕장
g_g010205,1,7,2308260002,집
g_g010210,1,1,2309030001,집
g_g010210,1,2,2309030003,성심당 DCC점
g_g010210,1,3,2309030004,엑스포시민광장
g_g010210,1,4,2309030005,한밭수목원 열대식물원
g_g010210,1,5,2309030006,대전 신세계 아트앤사이언스
g_g010210,1,6,2309030002,집
g_g010218,1,1,2308260001,친구 친지 집
g_g010218,1,2,2308260002,수생식물학습원
g_g010218,1,3,2308260003,방아실 강변 횟집
g_g010218,1,4,2308260004,부소담악
g_g010218,1,5,2308260005,포레포라
g_g010218,1,6,2308260006,국립세종수목원
g_g010218,1,7,2308260007,언니 집
g_g010222,1,1,2308260001,집
g_g010222,1,2,2308260002,계화회관
g_g010222,1,3,2308260003,슬지 제빵소
g_g010222,1,4,2308260004,화이트 브릭
g_g010222,1,5,2308260005,변산 관음봉
g_g010222,1,6,2308260006,내소사
g_g010222,1,7,2308260007,총체보리한우 정육식당
g_g010222,1,8,2308260008,군산휴게소 서울 방향
g_g010222,1,9,2308260009,집
g_g010224,1,1,2308260001,집
g_g010224,1,2,2308260002,카페의 숲
g_g010224,1,3,2308260003,파라프라
g_g010224,1,4,2308260004,집
g_g010248,1,1,2308260001,집
g_g010248,1,2,2308260003,대전 어린이 회관
g_g010248,1,3,2308260004,오브 떼르
g_g010248,1,4,2308260005,또또 찹쌀도나스
g_g010248,1,5,2308260006,대전 오월드
g_g010248,1,6,2308260002,집
g_g010256,1,1,2308260001,집
g_g010256,1,2,2308260002,카페 프로젝트 냠냠냠
g_g010256,1,3,2308260003,안나서키친
g_g010256,1,4,2308260004,담양 관방제림
g_g010256,1,5,2308260005,집
g_g010282,1,1,2308260001,집
g_g010282,1,2,2308260003,청주체육관
g_g010282,1,3,2308260004,다성 식당
g_g010282,1,4,2308260005,청주체육관
g_g010282,1,5,2308260006,커피 하우지
g_g010282,1,6,2308260007,청주체육관
g_g010282,1,7,2308260008,천안삼거리휴게소 서울 방향
g_g010282,1,8,2308260002,집
g_g010342,1,1,2308260001,집
g_g010342,1,2,2308260003,가사문학 칼국수
g_g010342,1,3,2308260004,소쇄원
g_g010342,1,4,2308260005,나달
g_g010342,1,5,2308260002,집
g_g010344,1,1,2309010001,집
g_g010344,1,2,2309010002,매송휴게소 목포 방향
g_g010344,1,3,2309010003,롯데리조트 부여
g_g010344,1,4,2309010004,롯데아웃렛 부여점
g_g010344,1,5,2309010005,롯데리조트 부여
g_g010344,1,6,2309010006,부여 동헌
g_g010344,1,7,2309010007,롯데리조트 부여
g_g010344,2,1,2309020001,백제문화 단지
g_g010344,2,2,2309020002,메밀꽃필무렵
g_g010344,2,3,2309020003,코우 코우
g_g010344,2,4,2309020004,신풍휴게소 당진 방향
g_g010344,2,5,2309020005,예산휴게소 당진 방향
g_g010344,2,6,2309020006,집
g_g010348,1,1,2308260001,집
g_g010348,1,2,2308260002,영등포역
g_g010348,1,3,2308260003,대전역
g_g010348,1,4,2308260004,성심당 본점
g_g010348,1,5,2308260006,선화동 소머리 해장국 본점
g_g010348,1,6,2308260005,테라스 키친
g_g010348,1,7,2308260007,대전엑스포 아쿠아리움
g_g010348,1,8,2308260008,대전시립미술관
g_g010348,1,9,2308260009,오씨칼국수
g_g010348,1,10,2308260010,투썸플레이스 대전은행점
g_g010348,1,11,2308260011,대전역
g_g010348,1,12,2308260013,영등포역
g_g010348,1,13,2308260012,집
g_g010357,1,1,2308260001,집
g_g010357,1,2,2308260002,신정호
g_g010357,1,3,2308260003,온 줄 아문 및 동헌
g_g010357,1,4,2308260004,목화 반점
g_g010357,1,5,2308260005,신리성지
g_g010357,1,6,2308260006,치타 누오보
g_g010357,1,7,2308260007,합덕제 지구 농어촌테마공원
g_g010357,1,8,2308260008,왜목마을해수욕장
g_g010357,1,9,2308260009,집
g_g010391,1,1,2308270001,집
g_g010391,1,2,2308270003,스플라스 리솜
g_g010391,1,3,2308270004,스플라스 워터파크
g_g010391,1,4,2308270005,예산 상설시장
g_g010391,1,5,2308270002,집
g_g010401,1,1,2308260001,집
g_g010401,1,2,2308260002,광주송정역
g_g010401,1,3,2308260003,익산역
g_g010401,1,4,2308260005,초원 사진관
g_g010401,1,5,2308260004,경암동 철길마을
g_g010401,1,6,2308260006,한인옥
g_g010401,1,7,2308260007,이성당 신관
g_g010401,1,8,2308260008,선유도
g_g010401,1,9,2308260009,선유 스카이 썬 라인
g_g010401,1,10,2308260010,익산역
g_g010401,1,11,2308260011,광주송정역
g_g010401,1,12,2308260012,집
g_g010407,1,1,2308260001,집
g_g010407,1,2,2308260003,서울역
g_g010407,1,3,2308260004,김화 칼국수
g_g010407,1,4,2308260005,한밭수목원
g_g010407,1,5,2308260006,천연기념물센터
g_g010407,1,6,2308260007,대전시립미술관
g_g010407,1,7,2308260008,국립중앙과학관
g_g010407,1,8,2308260009,성심당 대전역점
g_g010407,1,9,2308260002,집
g_g010412,1,1,2308270001,집
g_g010412,1,2,2308270002,아쿠아플라넷 여수
g_g010412,1,3,2308270004,쿠우쿠우 순천 신대점
g_g010412,1,4,2308270003,집
g_g010413,1,1,2308270001,친구 친지 집
g_g010413,1,2,2308270002,창평농협 하나로마트
g_g010413,1,3,2308270004,오프 더 커프
g_g010413,1,4,2308270003,창평 국밥
g_g010413,1,5,2308270005,휴 로스 센트럴 오피스텔
g_g010415,1,1,2308260001,집
g_g010415,1,2,2308260003,세종 호수공원 1주차장 (세종시 2층 시티 버스정류장)
g_g010415,1,3,2308260004,행정안전부 대통령기록관
g_g010415,1,4,2308260005,국립세종수목원
g_g010415,1,5,2308260006,이응 다리
g_g010415,1,6,2308260007,효미주막
g_g010415,1,7,2308260008,국립세종수목원
g_g010415,1,8,2308260002,집
g_g010423,1,1,2308270001,집
g_g010423,1,2,2308270003,활옷 동굴
g_g010423,1,3,2308270004,통나무 묵집
g_g010423,1,4,2308270005,큰악어봉
g_g010423,1,5,2308270006,게으른 악어
g_g010423,1,6,2308270002,집
g_g010430,1,1,2308260001,집
g_g010430,1,2,2308260003,금호 화순리조트 아쿠아나
g_g010430,1,3,2308260004,샤브 마니아 전남 화순점
g_g010430,1,4,2308260002,집
g_g010439,1,1,2308300001,집
g_g010439,1,2,2308300002,벌곡휴게소 논산 방향
g_g010439,1,3,2308300003,철길마을
g_g010439,1,4,2308300004,이성당 본점
g_g010439,1,5,2308300005,초원 사진관
g_g010439,1,6,2308300006,말랭이 마을
g_g010439,1,7,2308300007,추억 전시관
g_g010439,1,8,2308300008,선유도
g_g010439,1,9,2308300009,선유도해수욕장
g_g010439,1,10,2308300010,선유 횟집
g_g010439,1,11,2308300011,집
g_g010441,1,1,2308260001,집
g_g010441,1,2,2308260002,성심당 본점
g_g010441,1,3,2308260003,커피 맨션 문장
g_g010441,1,4,2308260004,미소본가 스마일 칼국수
g_g010441,1,5,2308260005,테라스 키친
g_g010441,1,6,2308260006,집
g_g010442,1,1,2308270001,집
g_g010442,1,2,2308270002,성심당 대전역점
g_g010442,1,3,2308270003,떡만집 본점
g_g010442,1,4,2308270004,숍 BP
g_g010442,1,5,2308270005,고소한 식물원
g_g010442,1,6,2308270006,픽시 업사이클링
g_g010442,1,7,2308270007,셰어 더 바이브
g_g010442,1,8,2308270008,서 소외
g_g010442,1,9,2308270009,대전 도산서원
g_g010442,1,10,2308270010,도산
g_g010442,1,11,2308270012,선화동 소머리 해장국 본점
g_g010442,1,12,2308270011,광천 식당
g_g010442,1,13,2308270013,집
g_g010444,1,1,2308270001,집
g_g010444,1,2,2308270002,양을산 산림욕장
g_g010444,1,3,2308270003,후토루 동명점
g_g010444,1,4,2308270005,국립아시아문화전당
g_g010444,1,5,2308270004,롯데시네마 충장로
g_g010444,1,6,2308270006,민속촌 도청점
g_g010444,1,7,2308270007,소녀
g_g010444,1,8,2308270008,집
g_g010456,1,1,2309170001,집
g_g010456,1,2,2309170002,강대 박
g_g010456,1,3,2309170003,기와
g_g010456,1,4,2309170004,부소담악
g_g010456,1,5,2309170005,옥천공설시장
g_g010456,1,6,2309170006,오정농수산물도매시장
g_g010456,1,7,2309170007,동생네
g_g010456,1,8,2309170008,집
g_g010458,1,1,2308260002,집
g_g010458,1,2,2308260001,신선한 아틀리에
g_g010458,1,3,2308260004,대천해수욕장
g_g010458,1,4,2308260005,복성 수산
g_g010458,1,5,2308260006,보령 박물관
g_g010458,1,6,2308260003,집
g_g010461,1,1,2309030001,집
g_g010461,1,2,2309030002,육거리종합시장
g_g010461,1,3,2309030003,황 할머니 갈비 찌개 본점
g_g010461,1,4,2309030004,쫄쫄 호떡 중앙공원 본점
g_g010461,1,5,2309030005,국립청주 박물관
g_g010461,1,6,2309030006,리베이트
g_g010461,1,7,2309030007,삐어 또
g_g010461,1,8,2309030008,집
g_g010464,1,1,2308270001,집
g_g010464,1,2,2308270003,롯데리아 수원역사점
g_g010464,1,3,2308270004,수원역 역사 가판
g_g010464,1,4,2308270005,수원역
g_g010464,1,5,2308270006,토박이
g_g010464,1,6,2308270007,가 오스코인 노래연습장 은행 본점
g_g010464,1,7,2308270008,성심당 본점
g_g010464,1,8,2308270009,커닝
g_g010464,1,9,2308270010,쿵 스몰링 클럽
g_g010464,1,10,2308270011,대전 스카이로드
g_g010464,1,11,2308270012,롯데리아 대전역사점
g_g010464,1,12,2308270013,수원역
g_g010464,1,13,2308270002,집
g_g010476,1,1,2308270001,집
g_g010476,1,2,2308270003,베어트리 파크
g_g010476,1,3,2308270004,봉서 골
g_g010476,1,4,2308270005,조치원 테마거리
g_g010476,1,5,2308270002,집
g_g010477,1,1,2309020001,집
g_g010477,1,2,2309020002,센트럴시티터미널(호남)
g_g010477,1,3,2309020003,6년 전통 예산 장터국밥
g_g010477,1,4,2309020004,예산 상설시장
g_g010477,1,5,2309020005,예산 맥주 페스티벌
g_g010477,1,6,2309020006,발레나
g_g010477,1,7,2309020007,예산역
g_g010477,1,8,2309020008,집
g_g010483,1,1,2308260001,사무실
g_g010483,1,2,2308260003,아르떼 뮤지엄 여수
g_g010483,1,3,2308260004,카페에이
g_g010483,1,4,2308260005,바다 식탁
g_g010483,1,5,2308260006,여수다
g_g010483,1,6,2308260002,집
g_g010492,1,1,2309030001,집
g_g010492,1,2,2309030003,국립세종수목원
g_g010492,1,3,2309030004,진주냉면 남자가옥
g_g010492,1,4,2309030005,세종 호수공원
g_g010492,1,5,2309030002,집
g_g010506,1,1,2308270001,집
g_g010506,1,2,2308270003,예산 상설시장
g_g010506,1,3,2308270004,예당호 출렁다리
g_g010506,1,4,2308270006,예당호수카페
g_g010506,1,5,2308270005,예당호 모노레일
g_g010506,1,6,2308270007,한일식당
g_g010506,1,7,2308270008,한들 물빛 도시 하늘채 아파트
g_g010506,1,8,2308270002,집
g_g010508,1,1,2309020001,집
g_g010508,1,2,2309020002,공영주차장
g_g010508,1,3,2309020003,조치원역
g_g010508,1,4,2309020004,대전역
g_g010508,1,5,2309020005,성심당 대전역점
g_g010508,1,6,2309020006,한밭수목원
g_g010508,1,7,2309020007,대전중앙시장
g_g010508,1,8,2309020008,트래블 라운지
g_g010508,1,9,2309020009,으능정이 스카이로드
g_g010508,1,10,2309020010,으능정이 문화의 거리
g_g010508,1,11,2309020011,중앙로 지하상가
g_g010508,1,12,2309020012,우리들 공원
g_g010508,1,13,2309020013,아이언 PC(PC방)
g_g010508,1,14,2309020014,서대전역
g_g010508,1,15,2309020015,해피 버스데이
g_g010508,1,16,2309020016,서대전역
g_g010508,1,17,2309020017,조치원역
g_g010508,1,18,2309020018,집
g_g010510,1,1,2309030001,집
g_g010510,1,2,2309030003,한국 전통문화전당 주차장
g_g010510,1,3,2309030004,경기전
g_g010510,1,4,2309030005,풍남정
g_g010510,1,5,2309030006,전동성당
g_g010510,1,6,2309030007,전망대 카페
g_g010510,1,7,2309030008,전주한옥마을
g_g010510,1,8,2309030010,교동 미술관
g_g010510,1,9,2309030009,한국 전통문화전당 주차장
g_g010510,1,10,2309030002,집
g_g010513,1,1,2308310001,집
g_g010513,1,2,2308310003,마장휴게소
g_g010513,1,3,2308310004,오창 호수공원 진입광장
g_g010513,1,4,2308310005,황 할머니 갈비 찌개 본점
g_g010513,1,5,2308310006,청주 중앙공원
g_g010513,1,6,2308310007,청남대
g_g010513,1,7,2308310008,공간 태리
g_g010513,1,8,2308310009,원조태평소국밥
g_g010513,1,9,2308310010,성심당 본점
g_g010513,1,10,2308310002,집
g_g010515,1,1,2309070001,집
g_g010515,1,2,2309070002,유스퀘어 광주종합버스터미널
g_g010515,1,3,2309070003,목포종합버스터미널
g_g010515,1,4,2309070004,평화광장
g_g010515,1,5,2309070005,커피 창고로
g_g010515,1,6,2309070006,평화광장
g_g010515,1,7,2309070007,목포종합버스터미널
g_g010515,1,8,2309070008,유스퀘어 광주종합버스터미널
g_g010515,1,9,2309070009,집
g_g010521,1,1,2309030001,집
g_g010521,1,2,2309030002,예당호 출렁다리
g_g010521,1,3,2309030003,차네 해 물갈비 전골 칼국수
g_g010521,1,4,2309030004,예산 상설시장
g_g010521,1,5,2309030005,집
g_g010522,1,1,2308270001,친구 친지 집
g_g010522,1,2,2308270002,옥정호 구절초 테마공원
g_g010522,1,3,2308270003,담양 용마루 길
g_g010522,1,4,2308270004,하솜면가 육전 메밀 담양점
g_g010522,1,5,2308270005,수비니어
g_g010522,1,6,2308270006,메타 프로방스
g_g010522,1,7,2308270007,메타세쿼이아 가로수길
g_g010522,1,8,2308270008,죽과 경
g_g010522,1,9,2308270009,집
g_g010526,1,1,2308270001,집
g_g010526,1,2,2308270002,원조태평소국밥
g_g010526,1,3,2308270003,커피 인터뷰 궁동점
g_g010526,1,4,2308270004,현대 프리미엄 아웃렛 대전점
g_g010526,1,5,2308270005,대동 집 대 전관 평점
g_g010526,1,6,2308270006,집
g_g010545,1,1,2308310001,집
g_g010545,1,2,2308310002,행복한 담벼락
g_g010545,1,3,2308310003,온 클라우드나인 충장점
g_g010545,1,4,2308310004,스튜디오 88 광주 구 시청점
g_g010545,1,5,2308310005,광주 기아 챔피언 스피드
g_g010545,1,6,2308310006,집
g_g010548,1,1,2309230001,집
g_g010548,1,2,2309230003,순천만습지
g_g010548,1,3,2309230004,글램
g_g010548,1,4,2309230002,집
g_g010552,1,1,2309060001,집
g_g010552,1,2,2309060003,파리바게뜨 태안터미널점
g_g010552,1,3,2309060004,HMG 드라이빙 익스피리언스 센터
g_g010552,1,4,2309060002,집
g_g010557,1,1,2309020001,집
g_g010557,1,2,2309020002,조부모님 댁
g_g010557,1,3,2309020003,명가 풍천 장어
g_g010557,1,4,2309020004,투썸플레이스 전북 고창점
g_g010557,1,5,2309020005,고창읍성
g_g010557,1,6,2309020006,고창이에 푸드 로컬 판매장
g_g010557,1,7,2309020007,집
g_g010562,1,1,2308270001,집
g_g010562,1,2,2308270002,한재골
g_g010562,1,3,2308270003,담양 임시시장
g_g010562,1,4,2308270004,담양제과
g_g010562,1,5,2308270005,보자기
g_g010562,1,6,2308270006,집
g_g010569,1,1,2308270001,집
g_g010569,1,2,2308270002,도곡농협 로컬푸드 직매장
g_g010569,1,3,2308270003,화순 동가리 계곡
g_g010569,1,4,2308270004,숲속 유원지
g_g010569,1,5,2308270005,화순하다
g_g010569,1,6,2308270006,집
g_g010572,1,1,2309100001,집
g_g010572,1,2,2309100002,부산역
g_g010572,1,3,2309100003,선리단길
g_g010572,1,4,2309100004,캐러멜
g_g010572,1,5,2309100006,콜드 버터 베이크 숍
g_g010572,1,6,2309100005,1월 1일
g_g010572,1,7,2309100007,시티 팰리스
g_g010572,1,8,2309100008,대전시립미술관
g_g010572,1,9,2309100009,이응노미술관
g_g010572,1,10,2309100010,대선 칼국수
g_g010572,1,11,2309100011,보라매공원
g_g010572,1,12,2309100012,집
g_g010573,1,1,2308270001,친구 친지 집
g_g010573,1,2,2308270003,선나나 상점
g_g010573,1,3,2308270004,죽녹원
g_g010573,1,4,2308270005,쌍교 숯불갈비 담양 본점
g_g010573,1,5,2308270002,도나우 타운
g_g010575,1,1,2309020001,집
g_g010575,1,2,2309020002,봉용 불고기 용암점
g_g010575,1,3,2309020003,컵넛 청주 상당산성점
g_g010575,1,4,2309020004,상당산성
g_g010575,1,5,2309020005,수암골
g_g010575,1,6,2309020006,수암골 전망대
g_g010575,1,7,2309020008,그날 제주
g_g010575,1,8,2309020007,대전 서구 한밭대로 656번 길 69
g_g010594,1,1,2308270001,집
g_g010594,1,2,2308270002,콩과 내
g_g010594,1,3,2308270003,문암생태공원 수목원
g_g010594,1,4,2308270004,국립청주 박물관
g_g010594,1,5,2308270005,쫄쫄 호떡 중앙공원 본점
g_g010594,1,6,2308270006,청주 중앙공원
g_g010594,1,7,2308270007,성안길
g_g010594,1,8,2308270008,스시 명월
g_g010594,1,9,2308270009,두꺼비 생태공원
g_g010594,1,10,2308270010,집
g_g010599,1,1,2308290001,집
g_g010599,1,2,2308290003,다이소 대전 둔산 타임월드점
g_g010599,1,3,2308290002,대전과학기술대학교
g_g010599,1,4,2308290004,상무 초밥 둔산 직영점
g_g010599,1,5,2308290005,대전시립미술관
g_g010599,1,6,2308290006,무제 카페
g_g010599,1,7,2308290007,한밭수목원
g_g010599,1,8,2308290008,성심당 DCC점
g_g010599,1,9,2308290009,대전청사 시외버스 둔산 정류소
g_g010599,1,10,2308290010,집
g_g010601,1,1,2309040001,사무실
g_g010601,1,2,2309040002,진영휴게소 순천방향
g_g010601,1,3,2309040003,무주 창고 카페
g_g010601,1,4,2309040004,나제통문
g_g010601,1,5,2309040005,무주 반디랜드
g_g010601,1,6,2309040006,무주반딧불축제
g_g010601,1,7,2309040007,풀 마트
g_g010601,1,8,2309040008,함양휴게소 통영방향
g_g010601,1,9,2309040009,부산 범일로 열 팰리스 2차 오피스텔
g_g010617,1,1,2308300008,사무실
g_g010617,1,2,2308300001,하레 하레
g_g010617,1,3,2308300002,광천 식당
g_g010617,1,4,2308300003,프렐류드
g_g010617,1,5,2308300004,테라스 키친
g_g010617,1,6,2308300005,마스터키 은행점
g_g010617,1,7,2308300006,포토 그레이 은행점
g_g010617,1,8,2308300007,스타벅스 대전목동DT점
g_g010617,1,9,2308300009,청주 개신 주공 1단지 아파트
g_g010624,1,1,2308280001,집
g_g010624,1,2,2308280002,용산역
g_g010624,1,3,2308280003,서대전역
g_g010624,1,4,2308280004,미소본가 스마일 칼국수
g_g010624,1,5,2308280005,성심당 문화원
g_g010624,1,6,2308280006,카이스트 본원
g_g010624,1,7,2308280007,한밭수목원
g_g010624,1,8,2308280008,광세 족발 오류점
g_g010624,1,9,2308280009,서대전역
g_g010624,1,10,2308280010,용산역
g_g010624,1,11,2308280011,집
g_g010633,1,1,2308280001,집
g_g010633,1,2,2308280002,수원역
g_g010633,1,3,2308280003,대전역
g_g010633,1,4,2308280004,성심당 본점
g_g010633,1,5,2308280005,성심당 케이크 부티크
g_g010633,1,6,2308280006,성심당 문화원
g_g010633,1,7,2308280007,다다르다
g_g010633,1,8,2308280008,제이 굿즈 대전점
g_g010633,1,9,2308280009,제니텐소품샵 2호점
g_g010633,1,10,2308280010,처비 칙스
g_g010633,1,11,2308280011,중앙로역 대전 1호선
g_g010633,1,12,2308280012,스타벅스 대전엑스포 스카이점
g_g010633,1,13,2308280013,원조태평소국밥
g_g010633,1,14,2308280014,대전역
g_g010633,1,15,2308280015,수원역 1호선
g_g010633,1,16,2308280016,군포역 1호선
g_g010633,1,17,2308280017,집
g_g010635,1,1,2308290001,집
g_g010635,1,2,2308290002,동대구역
g_g010635,1,3,2308290003,대전역
g_g010635,1,4,2308290004,토미야
g_g010635,1,5,2308290005,한밭수목원 열대식물원
g_g010635,1,6,2308290006,대전시립미술관
g_g010635,1,7,2308290007,성심당 본점
g_g010635,1,8,2308290008,성심당 케이크 부티크
g_g010635,1,9,2308290009,오시우 커피
g_g010635,1,10,2308290010,대전역
g_g010635,1,11,2308290011,서대구 역
g_g010635,1,12,2308290012,집
g_g010656,1,1,2309090001,집
g_g010656,1,2,2309090002,순천만 국가정원
g_g010656,1,3,2309090003,집
g_g010657,1,1,2309230001,집
g_g010657,1,2,2309230002,유림공원
g_g010657,1,3,2309230003,유성온천공원 족욕체험장
g_g010657,1,4,2309230004,대전중앙시장
g_g010657,1,5,2309230005,장동산림욕장
g_g010657,1,6,2309230006,대전 회덕 동춘당
g_g010657,1,7,2309230007,원조태평소국밥 별관
g_g010657,1,8,2309230008,성심당 본점
g_g010657,1,9,2309230009,집
g_g010673,1,1,2309100001,집
g_g010673,1,2,2309100002,성심당 대전역점
g_g010673,1,3,2309100003,한밭수목원
g_g010673,1,4,2309100004,스튜디오 큐브
g_g010673,1,5,2309100005,대전 신세계 아트앤사이언스
g_g010673,1,6,2309100006,국립 중앙과학관
g_g010673,1,7,2309100007,대선 칼국수
g_g010673,1,8,2309100008,집
g_g010674,1,1,2308300001,집
g_g010674,1,2,2308300002,법주사
g_g010674,1,3,2308300003,속리산 손칼국수
g_g010674,1,4,2308300005,정이품송
g_g010674,1,5,2308300004,집
g_g010703,1,1,2309080001,집
g_g010703,1,2,2309080002,서울남부터미널
g_g010703,1,3,2309080003,정안 알밤 휴게소 논산 방향
g_g010703,1,4,2309080004,부여시외버스터미널
g_g010703,1,5,2309080005,부여 관북리 유적
g_g010703,1,6,2309080006,왕 곰탕
g_g010703,1,7,2309080007,정림사지박물관 정림사지 5층 석탑
g_g010703,1,8,2309080008,국립부여박물관
g_g010703,1,9,2309080009,앳 267
g_g010703,1,10,2309080010,궁남지
g_g010703,1,11,2309080011,장원 막국수
g_g010703,1,12,2309080012,부여시외버스터미널
g_g010703,1,13,2309080013,서울남부터미널
g_g010703,1,14,2309080014,집
g_g010705,1,1,2309160001,집
g_g010705,1,2,2309160003,세정 아웃렛
g_g010705,1,3,2309160002,카페 올 모
g_g010705,1,4,2309160004,칸세이스시 상무 본점
g_g010705,1,5,2309160005,집
g_g010717,1,1,2309300001,집
g_g010717,1,2,2309300002,경암동 철길마을
g_g010717,1,3,2309300003,군산근대역사박물관
g_g010717,1,4,2309300004,한인옥
g_g010717,1,5,2309300005,친구 집
g_g010733,1,1,2309150001,집
g_g010733,1,2,2309150002,불티나 꼬막 짬뽕
g_g010733,1,3,2309150003,마곡사
g_g010733,1,4,2309150004,더 벨리
g_g010733,1,5,2309150005,국립세종수목원
g_g010733,1,6,2309150006,맥도날드 천안 원성 DT점
g_g010733,1,7,2309150007,집
g_g010735,1,1,2308290001,집
g_g010735,1,2,2308290002,유일선 선교사 사택
g_g010735,1,3,2308290003,롯데 아웃렛 광주 월드컵점
g_g010735,1,4,2308290004,피장
g_g010735,1,5,2308290005,집
g_g010743,1,1,2308310001,집
g_g010743,1,2,2308310003,국립생태원
g_g010743,1,3,2308310004,맛있는우리지빱
g_g010743,1,4,2308310005,진포해양테마공원
g_g010743,1,5,2308310006,해무
g_g010743,1,6,2308310002,집
g_g010747,1,1,2309170001,집
g_g010747,1,2,2309170002,롯데리아 서울 역사점
g_g010747,1,3,2309170003,그믐달 셀프스튜디오 은행동점
g_g010747,1,4,2309170004,성심당 본점
g_g010747,1,5,2309170005,원조태평소국밥 유성점
g_g010747,1,6,2309170006,유성온천공원 족욕체험장
g_g010747,1,7,2309170007,스타벅스 대전 유성점
g_g010747,1,8,2309170008,엔젤스 코인노래방 대전 봉명점
g_g010747,1,9,2309170009,모노
g_g010747,1,10,2309170010,프렐류드
g_g010747,1,11,2309170011,다구로잉
g_g010747,1,12,2309170012,챠보빈티지
g_g010747,1,13,2309170013,성수
g_g010747,1,14,2309170014,성심당 케이크 부티크
g_g010747,1,15,2309170015,성심당 본점
g_g010747,1,16,2309170016,맥도날드 서울역점
g_g010747,1,17,2309170017,집
g_g010752,1,1,2309090001,집
g_g010752,1,2,2309090003,청량리역
g_g010752,1,3,2309090004,제천 중앙시장
g_g010752,1,4,2309090005,콘파냐
g_g010752,1,5,2309090006,의림지 솔밭공원
g_g010752,1,6,2309090007,비룡다 저수지
g_g010752,1,7,2309090008,꼬네
g_g010752,1,8,2309090009,의림지
g_g010752,1,9,2309090010,부영사랑으로 아파트
g_g010752,1,10,2309090002,집
g_g010754,1,1,2309020001,집
g_g010754,1,2,2309020002,노트
g_g010754,1,3,2309020003,한국도로공사 전주수목원
g_g010754,1,4,2309020004,월하재
g_g010754,1,5,2309020005,드피에르
g_g010754,1,6,2309020006,집
g_g010757,1,1,2308310001,집
g_g010757,1,2,2308310002,진안 마이산 휴게소 익산 방향
g_g010757,1,3,2308310003,취향 회관
g_g010757,1,4,2308310004,전주 덕진공원
g_g010757,1,5,2308310005,전주한옥마을
g_g010757,1,6,2308310006,PNB 풍년제과 한옥마을 3호점
g_g010757,1,7,2308310007,집
g_g010759,1,1,2308310001,집
g_g010759,1,2,2308310002,독천식당
g_g010759,1,3,2308310003,목포근대역사관 1관
g_g010759,1,4,2308310004,유달산
g_g010759,1,5,2308310005,테라스 21
g_g010759,1,6,2308310006,씨엘이 베이커리 본점
g_g010759,1,7,2308310007,서산동 시화 골목
g_g010759,1,8,2308310008,평화광장
g_g010759,1,9,2308310009,포미 아귀찜 평화광장점
g_g010759,1,10,2308310010,집
g_g010773,1,1,2309100001,집
g_g010773,1,2,2309100003,맥도날드 용봉 DT점
g_g010773,1,3,2309100004,축령산 삼나무 편백숲
g_g010773,1,4,2309100005,고동 상회
g_g010773,1,5,2309100006,필암서원
g_g010773,1,6,2309100007,따뜻한 섬 온도
g_g010773,1,7,2309100008,노란 간판 창평 국밥
g_g010773,1,8,2309100002,집
g_g010776,1,1,2309020001,집
g_g010776,1,2,2309020002,행정안전부 대통령기록관
g_g010776,1,3,2309020003,홈플러스 세종점
g_g010776,1,4,2309020004,다채원
g_g010776,1,5,2309020005,해피라움페스타오피스텔
g_g010776,1,6,2309020006,다이소 세종본점
g_g010776,1,7,2309020007,집
g_g010780,1,1,2309020001,집
g_g010780,1,2,2309020002,안성맞춤 휴게소 제천 방향
g_g010780,1,3,2309020003,청풍 호반 케이블카 물태리역
g_g010780,1,4,2309020004,내토 재래시장
g_g010780,1,5,2309020005,의림지 용추폭포 유리 전망대
g_g010780,1,6,2309020006,의림지 파크랜드
g_g010780,1,7,2309020007,덕평자연휴게소 인천방향
g_g010780,1,8,2309020008,집
g_g010781,1,1,2309020001,집
g_g010781,1,2,2309020002,광주 수완 지구 이지 더원 아파트
g_g010781,1,3,2309020003,목포 해상 케이블카 유달산 승강장
g_g010781,1,4,2309020004,목포 스카이워크
g_g010781,1,5,2309020005,북항횟집
g_g010781,1,6,2309020006,코롬방제과점
g_g010781,1,7,2309020007,바다 풍경
g_g010781,1,8,2309020008,집
g_g010785,1,1,2309230001,집
g_g010785,1,2,2309230004,공산성
g_g010785,1,3,2309230005,고마나루 1999
g_g010785,1,4,2309230006,공산성
g_g010785,1,5,2309230007,베이커리 밤마을
g_g010785,1,6,2309230008,무령왕릉
g_g010785,1,7,2309230009,국립공주박물관
g_g010785,1,8,2309230010,스위치 오프
g_g010785,1,9,2309230011,중동성당
g_g010785,1,10,2309230012,공주 산성시장
g_g010785,1,11,2309230013,베이커리 밤마을
g_g010785,1,12,2309230014,공주 역
g_g010785,1,13,2309230015,집
g_g010799,1,1,2308300001,집
g_g010799,1,2,2308300004,산내농협 하나로마트 본점
g_g010799,1,3,2308300003,청강수 폭포가든
g_g010799,1,4,2308300002,집
g_g010805,1,1,2309080001,친구 친지 집
g_g010805,1,2,2309080002,대전 오월드
g_g010805,1,3,2309080003,두정 4차 푸르지오 아파트
g_g010807,1,1,2308290001,집
g_g010807,1,2,2308290003,전북도립미술관
g_g010807,1,3,2308290004,카페 연주
g_g010807,1,4,2308290005,모악산
g_g010807,1,5,2308290006,바이콜로지 방학 개론 모악점
g_g010807,1,6,2308290002,집
g_g010811,1,1,2309090001,집
g_g010811,1,2,2309090002,곡성기차마을 전통시장
g_g010811,1,3,2309090003,청년 챌린지 마켓
g_g010811,1,4,2309090004,곡성 섬진강 기차마을 장미공원
g_g010811,1,5,2309090008,곡성역
g_g010811,1,6,2309090009,기차당뚝방마켓
g_g010811,1,7,2309090007,두암 주공 4단지 아파트
g_g010816,1,1,2308310001,집
g_g010816,1,2,2308310006,고운 손길 피부관리
g_g010816,1,3,2308310002,홈플러스 유성점
g_g010816,1,4,2308310003,베스트필드
g_g010816,1,5,2308310004,스타벅스 공주 동학사 DT점
g_g010816,1,6,2308310005,집
g_g010824,1,1,2308310001,집
g_g010824,1,2,2308310003,천안역
g_g010824,1,3,2308310004,독립기념관
g_g010824,1,4,2308310002,집
g_g010832,1,1,2309100001,집
g_g010832,1,2,2309100002,비렌티프리미엄뷔페
g_g010832,1,3,2309100003,원조 할머니 학화호두과자 본점
g_g010832,1,4,2309100004,한남역 경의중앙선
g_g010832,1,5,2309100005,집
g_g010835,1,1,2309020001,집
g_g010835,1,2,2309020002,서유기 짬뽕
g_g010835,1,3,2309020003,제주시 삽교천점
g_g010835,1,4,2309020004,삽교호 놀이공원
g_g010835,1,5,2309020005,삽교호 바다공원
g_g010835,1,6,2309020006,집
g_g010836,1,1,2309020001,집
g_g010836,1,2,2309020002,센트럴시티터미널(호남)
g_g010836,1,3,2309020004,예산종합터미널
g_g010836,1,4,2309020006,예당호 출렁다리
g_g010836,1,5,2309020005,동가를 가든
g_g010836,1,6,2309020007,예당호 수 카페
g_g010836,1,7,2309020008,예산 장터 광장
g_g010836,1,8,2309020009,TSG 통삼국 아산용화점
g_g010836,1,9,2309020010,온양온천역
g_g010836,1,10,2309020003,집
g_g010838,1,1,2309020001,집
g_g010838,1,2,2309020003,서울역
g_g010838,1,3,2309020004,대전역
g_g010838,1,4,2309020006,국립대전현충원
g_g010838,1,5,2309020005,성심당 본점
g_g010838,1,6,2309020007,유성온천공원 족욕체험장
g_g010838,1,7,2309020008,대전시립미술관
g_g010838,1,8,2309020009,한밭수목원
g_g010838,1,9,2309020010,빽다방 대전역점
g_g010838,1,10,2309020011,김화 칼국수
g_g010838,1,11,2309020012,성심당 대전역점
g_g010838,1,12,2309020002,집
g_g010840,1,1,2309020001,집
g_g010840,1,2,2309020002,익산역
g_g010840,1,3,2309020003,목포역
g_g010840,1,4,2309020004,쫀데기1973
g_g010840,1,5,2309020005,목포근대역사관 1관
g_g010840,1,6,2309020006,서산동 시화 골목
g_g010840,1,7,2309020007,터틀 버거
g_g010840,1,8,2309020008,목포 스카이워크
g_g010840,1,9,2309020009,더뷰
g_g010840,1,10,2309020010,선경 준치 횟집
g_g010840,1,11,2309020011,삼광 대중목욕탕
g_g010840,1,12,2309020012,씨엘이 베이커리 본점
g_g010840,1,13,2309020013,고흐의 책방
g_g010840,1,14,2309020014,코롬방제과점
g_g010840,1,15,2309020017,목포역
g_g010840,1,16,2309020016,익산역
g_g010840,1,17,2309020015,집
g_g010847,1,1,2308310001,집
g_g010847,1,2,2308310002,조치원역
g_g010847,1,3,2308310003,서대전역
g_g010847,1,4,2308310004,대전시립미술관
g_g010847,1,5,2308310005,한밭수목원
g_g010847,1,6,2308310006,한밭수목원 열대식물원
g_g010847,1,7,2308310007,천연기념물 센터
g_g010847,1,8,2308310008,대전엑스포 아쿠아리움
g_g010847,1,9,2308310009,대전 신세계
g_g010847,1,10,2308310010,대전역 지하상가
g_g010847,1,11,2308310011,성심당 본점
g_g010847,1,12,2308310012,공차 대전은행중앙로점
g_g010847,1,13,2308310013,대전역
g_g010847,1,14,2308310014,집
g_g010850,1,1,2308310001,집
g_g010850,1,2,2308310003,청화 집 순대
g_g010850,1,3,2308310004,아라리오갤러리 천안
g_g010850,1,4,2308310005,뚜쥬루 돌가마점
g_g010850,1,5,2308310002,집
g_g010859,1,1,2309020001,집
g_g010859,1,2,2309020002,예산역
g_g010859,1,3,2309020003,양평 해장국 예산점
g_g010859,1,4,2309020006,정자 식당
g_g010859,1,5,2309020004,봉수산 수목원
g_g010859,1,6,2309020005,워터 사이드
g_g010859,1,7,2309020007,예당호 출렁다리
g_g010859,1,8,2309020008,예산 상설시장
g_g010859,1,9,2309020009,집
g_g010860,1,1,2309090001,집
g_g010860,1,2,2309090002,평택역
g_g010860,1,3,2309090003,대전역
g_g010860,1,4,2309090004,김화 칼국수
g_g010860,1,5,2309090005,국립 중앙과학관
g_g010860,1,6,2309090006,별리달리
g_g010860,1,7,2309090007,왕과탕후루 대전점
g_g010860,1,8,2309090008,대전역
g_g010860,1,9,2309090009,평택역
g_g010860,1,10,2309090010,집
g_g010864,1,1,2309080001,친구 친지 집
g_g010864,1,2,2309080002,무슨 비야
g_g010864,1,3,2309080003,동부창고 34동
g_g010864,1,4,2309080004,국립청주 박물관
g_g010864,1,5,2309080005,청주동물원
g_g010864,1,6,2309080006,고 부심
g_g010864,1,7,2309080007,고고씽코인노래연습장
g_g010864,1,8,2309080008,부모님 댁
g_g010867,1,1,2309010001,집
g_g010867,1,2,2309010002,아산 시외버스터미널
g_g010867,1,3,2309010003,서산공용버스터미널
g_g010867,1,4,2309010004,본가 누룽지 삼계탕 서산점
g_g010867,1,5,2309010005,소나무 아래
g_g010867,1,6,2309010006,광전사
g_g010867,1,7,2309010007,온석 커피
g_g010867,1,8,2309010008,온석 2길 일대
g_g010867,1,9,2309010009,자연들 한정식
g_g010867,1,10,2309010010,꿈 카페
g_g010867,1,11,2309010011,서산공용버스터미널
g_g010867,1,12,2309010013,아산 시외버스터미널
g_g010867,1,13,2309010012,집
g_g010868,1,1,2308290001,친구 친지 집
g_g010868,1,2,2308290002,맥도날드 서울역점
g_g010868,1,3,2308290003,대전역
g_g010868,1,4,2308290004,원조태평소국밥
g_g010868,1,5,2308290005,유성온천공원 족욕체험장
g_g010868,1,6,2308290006,풍유가
g_g010868,1,7,2308290007,성심당 본점
g_g010868,1,8,2308290008,프렐류드
g_g010868,1,9,2308290009,한밭수목원
g_g010868,1,10,2308290010,해마의 방
g_g010868,1,11,2308290011,성심당 본점
g_g010868,1,12,2308290012,성심당 케이크 부티크
g_g010868,1,13,2308290013,성심당 대전역점
g_g010868,1,14,2308290014,라이프 미주아파트
g_g010870,1,1,2309170001,집
g_g010870,1,2,2309170002,당진 수청주유소
g_g010870,1,3,2309170003,사위식당 당진점
g_g010870,1,4,2309170004,포레스트
g_g010870,1,5,2309170005,아미 미술관
g_g010870,1,6,2309170006,신리성지
g_g010870,1,7,2309170007,오봉집 당진점
g_g010870,1,8,2309170008,집
g_g010878,1,1,2309010001,집
g_g010878,1,2,2309010002,용산역
g_g010878,1,3,2309010003,예산역
g_g010878,1,4,2309010004,예산 상설시장
g_g010878,1,5,2309010005,예산역
g_g010878,1,6,2309010006,집
g_g010908,1,1,2309150002,집
g_g010908,1,2,2309150001,영자 씨의 부엌(사랑나무 돈가스)
g_g010908,1,3,2309150003,서응산 사랑나무
g_g010908,1,4,2309150004,규암 골목 안 커피 22
g_g010908,1,5,2309150005,부여서고
g_g010908,1,6,2309150006,집
g_g010910,1,1,2309020001,집
g_g010910,1,2,2309020002,적상산 전망대
g_g010910,1,3,2309020003,무주반딧불축제
g_g010910,1,4,2309020004,집
g_g010930,1,1,2309030001,집
g_g010930,1,2,2309030006,칠곡휴게소 서울 방향
g_g010930,1,3,2309030007,추풍령 휴게소 서울 방향
g_g010930,1,4,2309030008,무주반딧불축제
g_g010930,1,5,2309030009,등나무운동장
g_g010930,1,6,2309030010,무주 예술체육 문화관
g_g010930,1,7,2309030011,반디 복합문화광장
g_g010930,1,8,2309030012,반딧불이 신비탐사
g_g010930,1,9,2309030013,남대천
g_g010930,1,10,2309030005,집
g_g010931,1,1,2309020001,집
g_g010931,1,2,2309020002,바다 산성
g_g010931,1,3,2309020003,안면암
g_g010931,1,4,2309020004,몽산포 어촌계 수산시장
g_g010931,1,5,2309020005,청산수목원
g_g010931,1,6,2309020006,몽산포 제빵소
g_g010931,1,7,2309020008,몽산포해수욕장
g_g010931,1,8,2309020007,집
g_g010932,1,1,2309020001,친구 친지 집
g_g010932,1,2,2309020003,대둔산 숲속 휴게소
g_g010932,1,3,2309020004,대둔산 케이블카
g_g010932,1,4,2309020005,대둔산
g_g010932,1,5,2309020006,대둔산 케이블카
g_g010932,1,6,2309020007,소문난 전주식당
g_g010932,1,7,2309020008,대둔산 숲속 휴게소
g_g010932,1,8,2309020002,친구 집 친지 집
g_g010939,1,1,2309160001,집
g_g010939,1,2,2309160002,한밭수목원
g_g010939,1,3,2309160003,대전 신세계 아트앤사이언스
g_g010939,1,4,2309160004,국립 중앙과학관
g_g010939,1,5,2309160005,현대 프리미엄 아웃렛 대전점
g_g010939,1,6,2309160006,집
g_g010944,1,1,2309030001,집
g_g010944,1,2,2309030003,신안골 분식
g_g010944,1,3,2309030004,몽플
g_g010944,1,4,2309030005,세종 지혜의 숲
g_g010944,1,5,2309030006,세종 호수공원
g_g010944,1,6,2309030007,등평소국밥 김치찌개 본점
g_g010944,1,7,2309030002,집
g_g010945,1,1,2309020001,집
g_g010945,1,2,2309020005,서울역
g_g010945,1,3,2309020003,대전역
g_g010945,1,4,2309020004,김화 칼국수
g_g010945,1,5,2309020006,성심당 본점
g_g010945,1,6,2309020007,성심당 케이크 부티크
g_g010945,1,7,2309020008,스타벅스 대전 시청역점
g_g010945,1,8,2309020009,국립 중앙과학관
g_g010945,1,9,2309020010,대전 신세계 아트앤사이언스
g_g010945,1,10,2309020011,스타벅스 대전엑스포 스카이점
g_g010945,1,11,2309020012,엑스포과학공원 한빛탑
g_g010945,1,12,2309020013,성심당 본점
g_g010945,1,13,2309020014,중앙로역 네거리
g_g010945,1,14,2309020017,왕과탕후루 대전점
g_g010945,1,15,2309020015,대전역
g_g010945,1,16,2309020016,수서역
g_g010945,1,17,2309020002,집
g_g010950,1,1,2309080001,집
g_g010950,1,2,2309080002,서울역
g_g010950,1,3,2309080003,대전역
g_g010950,1,4,2309080005,성심당 본점
g_g010950,1,5,2309080006,테라스 키친
g_g010950,1,6,2309080007,해마의 방
g_g010950,1,7,2309080008,이응노미술관
g_g010950,1,8,2309080009,대전시립미술관 열린 수장고
g_g010950,1,9,2309080010,대전시립미술관
g_g010950,1,10,2309080011,슬리피 타운
g_g010950,1,11,2309080012,진로 집
g_g010950,1,12,2309080013,고래가 어묵 대전역점
g_g010950,1,13,2309080014,대전역
g_g010950,1,14,2309080015,서울역
g_g010950,1,15,2309080004,집
g_g010954,1,1,2309030001,집
g_g010954,1,2,2309030003,왜목마을해수욕장
g_g010954,1,3,2309030004,삼선산수목원
g_g010954,1,4,2309030005,당진 제일 꽃게장
g_g010954,1,5,2309030006,장고항 노적봉 선착장
g_g010954,1,6,2309030007,더트 커피
g_g010954,1,7,2309030002,집
g_g010972,1,1,2309170001,집
g_g010972,1,2,2309170003,센트럴시티터미널(호남)
g_g010972,1,3,2309170004,정안휴게소 환승정류소(하행)
g_g010972,1,4,2309170005,군산 고속버스터미널
g_g010972,1,5,2309170006,대가
g_g010972,1,6,2309170007,카페 미곡창고 스퀘어 3.5
g_g010972,1,7,2309170008,이성당 본점
g_g010972,1,8,2309170009,장항송림 산림욕장
g_g010972,1,9,2309170010,마리서사
g_g010972,1,10,2309170011,정안 알밤 휴게소 천안 방향
g_g010972,1,11,2309170002,대평원
g_g010976,1,1,2309160001,집
g_g010976,1,2,2309160002,용산역
g_g010976,1,3,2309160003,서대전역
g_g010976,1,4,2309160004,GS25 편의점 대전국일점
g_g010976,1,5,2309160005,시민 칼국수
g_g010976,1,6,2309160006,소제동 철도관사촌
g_g010976,1,7,2309160007,여기 소제
g_g010976,1,8,2309160008,이응노미술관
g_g010976,1,9,2309160009,떡만집 본점
g_g010976,1,10,2309160010,성심당 롯데백화점 대전점
g_g010976,1,11,2309160011,서대전역
g_g010976,1,12,2309160012,용산역
g_g010976,1,13,2309160013,집
g_g010979,1,1,2309090001,집
g_g010979,1,2,2309090002,와 클라이밍
g_g010979,1,3,2309090003,벤베커 유량 본점
g_g010979,1,4,2309090004,집
g_g010982,1,1,2308300001,집
g_g010982,1,2,2308300003,천안터미널
g_g010982,1,3,2308300004,공주종합버스터미널
g_g010982,1,4,2308300005,신관 짬뽕
g_g010982,1,5,2308300007,국립공주 박물관 충청권역 수장고
g_g010982,1,6,2308300006,국립공주 박물관
g_g010982,1,7,2308300008,무령왕릉
g_g010982,1,8,2308300009,베이커리 밤마을
g_g010982,1,9,2308300010,공산성
g_g010982,1,10,2308300011,공주종합버스터미널
g_g010982,1,11,2308300012,천안터미널
g_g010982,1,12,2308300002,집
g_g011009,1,1,2309050001,집
g_g011009,1,2,2309050002,길 언니
g_g011009,1,3,2309050003,이순신광장
g_g011009,1,4,2309050004,스타벅스 더여수돌산DT점
g_g011009,1,5,2309050005,만성리 검은 모래해변
g_g011009,1,6,2309050006,집
g_g011018,1,1,2309010001,집
g_g011018,1,2,2309010004,고소동 벽화마을
g_g011018,1,3,2309010002,오동도
g_g011018,1,4,2309010003,이화 식당
g_g011018,1,5,2309010005,여수 전통 서시장
g_g011018,1,6,2309010006,집
g_g011038,1,1,2309020001,집
g_g011038,1,2,2309020002,법성 토우
g_g011038,1,3,2309020003,백수해안도로
g_g011038,1,4,2309020004,카페 보리
g_g011038,1,5,2309020005,영광 칠산 다워
g_g011038,1,6,2309020006,집
g_g011045,1,1,2309030001,집
g_g011045,1,2,2309030002,임페리얼레이크 CC
g_g011045,1,3,2309030003,뚱딴지 막국수 중앙탑점
g_g011045,1,4,2309030004,중앙탑 사적공원
g_g011045,1,5,2309030005,충주 체험관광센터
g_g011045,1,6,2309030006,집
g_g011053,1,1,2309230001,집
g_g011053,1,2,2309230002,정 식당
g_g011053,1,3,2309230003,한밭수목원
g_g011053,1,4,2309230004,한밭수목원 열대식물원
g_g011053,1,5,2309230008,성심당 케이크 부티크
g_g011053,1,6,2309230005,성심당 본점
g_g011053,1,7,2309230006,6계 부천 역곡점
g_g011053,1,8,2309230007,집
g_g011054,1,1,2309090001,집
g_g011054,1,2,2309090003,함상공원 해양테마체험관
g_g011054,1,3,2309090004,참 맛 손칼국수
g_g011054,1,4,2309090005,당진 월드아트서커스 공연장
g_g011054,1,5,2309090006,대관람차 포토존
g_g011054,1,6,2309090002,집
g_g011060,1,1,2309100001,집
g_g011060,1,2,2309100003,여산휴게소 순천방향
g_g011060,1,3,2309100004,광주 기아 챔피언 스피드
g_g011060,1,4,2309100005,기브 미 타코
g_g011060,1,5,2309100006,여덟 번째 파장
g_g011060,1,6,2309100007,GT 커피
g_g011060,1,7,2309100008,국립아시아문화전당 주차장
g_g011060,1,8,2309100009,삼립 정읍 녹두장군
g_g011060,1,9,2309100002,집
g_g011076,1,1,2309170001,집
g_g011076,1,2,2309170003,대전역
g_g011076,1,3,2309170004,으능정이 문화의 거리
g_g011076,1,4,2309170005,성심당 본점
g_g011076,1,5,2309170006,성심당 문화원
g_g011076,1,6,2309170007,소수로 와
g_g011076,1,7,2309170008,중앙로 지하상가
g_g011076,1,8,2309170009,프렐류드
g_g011076,1,9,2309170010,한밭수목원
g_g011076,1,10,2309170011,엑스포다리
g_g011076,1,11,2309170012,오씨칼국수 도룡점
g_g011076,1,12,2309170013,대전역
g_g011076,1,13,2309170002,집
g_g011077,1,1,2309020001,집
g_g011077,1,2,2309020002,산맥이 옛길
g_g011077,1,3,2309020003,괴산 트리하우스
g_g011077,1,4,2309020004,괴산고추축제
g_g011077,1,5,2309020005,학봉 오리
g_g011077,1,6,2309020006,집
g_g011078,1,1,2309070001,집
g_g011078,1,2,2309070010,전남대학교 여수캠퍼스
g_g011078,1,3,2309070004,만성리 검은 모래해변
g_g011078,1,4,2309070005,아쿠아플라넷 여수
g_g011078,1,5,2309070007,메밀 빛 초계국수 막국수
g_g011078,1,6,2309070008,이순신광장
g_g011078,1,7,2309070009,219 물벼락 만화카페
g_g011078,1,8,2309070002,집
g_g011086,1,1,2309070001,집
g_g011086,1,2,2309070002,대전중앙시장
g_g011086,1,3,2309070003,카페 베르데
g_g011086,1,4,2309070004,우암사적공원
g_g011086,1,5,2309070005,이응노미술관
g_g011086,1,6,2309070006,한밭수목원
g_g011086,1,7,2309070007,공간 태리
g_g011086,1,8,2309070008,성심당 본점
g_g011086,1,9,2309070010,광천 식당
g_g011086,1,10,2309070009,집
g_g011091,1,1,2309130001,친구 친지 집
g_g011091,1,2,2309130003,고창 청보리밭
g_g011091,1,3,2309130004,넓은 들
g_g011091,1,4,2309130005,도깨비 길
g_g011091,1,5,2309130006,청녹원
g_g011091,1,6,2309130007,상하농원
g_g011091,1,7,2309130008,상하 키친
g_g011091,1,8,2309130009,상하농원 동물농장
g_g011091,1,9,2309130010,구시포해수욕장
g_g011091,1,10,2309130002,온세계아이조움아파트
g_g011096,1,1,2308310001,집
g_g011096,1,2,2308310002,감곡 매괴 성모 순례지 성당
g_g011096,1,3,2308310003,매괴 박물관
g_g011096,1,4,2308310004,감곡시장
g_g011096,1,5,2308310005,메밀밭
g_g011096,1,6,2308310006,감곡 장호원역
g_g011096,1,7,2308310007,집
g_g011097,1,1,2309240001,집
g_g011097,1,2,2309240003,신비의 바닷길 체험관
g_g011097,1,3,2309240004,진도이어라
g_g011097,1,4,2309240005,모도 상회
g_g011097,1,5,2309240006,운림산방
g_g011097,1,6,2309240007,쏠비치 진도
g_g011097,1,7,2309240002,집
g_g011098,1,1,2309090001,친구 친지 집
g_g011098,1,2,2309090009,유성시외버스정류소
g_g011098,1,3,2309090003,먹골
g_g011098,1,4,2309090004,아라리오갤러리 천안
g_g011098,1,5,2309090006,신세계백화점 천안아산점
g_g011098,1,6,2309090005,룸 816
g_g011098,1,7,2309090007,운수 대통 국밥
g_g011098,1,8,2309090008,원조 할머니 학화호두과자 본점
g_g011098,1,9,2309090010,천안터미널
g_g011098,1,10,2309090002,갈마로 70
g_g011101,1,1,2309010001,집
g_g011101,1,2,2309010003,용산역
g_g011101,1,3,2309010004,예산역
g_g011101,1,4,2309010005,예당호 모노레일
g_g011101,1,5,2309010007,예산 상설시장
g_g011101,1,6,2309010006,예당호 출렁다리
g_g011101,1,7,2309010008,예산역
g_g011101,1,8,2309010009,영등포역
g_g011101,1,9,2309010002,집
g_g011102,1,1,2309090001,집
g_g011102,1,2,2309090003,전주 시외버스 공용터미널
g_g011102,1,3,2309090004,순창 공용버스정류장
g_g011102,1,4,2309090005,일송정 식당
g_g011102,1,5,2309090006,강천산 군립 공원
g_g011102,1,6,2309090007,산소
g_g011102,1,7,2309090008,설씨 부인 신경준 선생 유지
g_g011102,1,8,2309090009,화양연화
g_g011102,1,9,2309090011,순창 공용버스정류장
g_g011102,1,10,2309090010,미테랑 전주 본점
g_g011102,1,11,2309090002,집
g_g011105,1,1,2309010001,집
g_g011105,1,2,2309010003,순천역
g_g011105,1,3,2309010004,익산역
g_g011105,1,4,2309010005,경암동 철길마을
g_g011105,1,5,2309010006,영화시장
g_g011105,1,6,2309010007,군산 짬뽕 특화거리
g_g011105,1,7,2309010008,진포해양테마공원
g_g011105,1,8,2309010009,장미 갤러리
g_g011105,1,9,2309010010,옛 군산세관
g_g011105,1,10,2309010011,테디베어뮤지엄 군산점
g_g011105,1,11,2309010012,이성당 본점
g_g011105,1,12,2309010013,우체통 거리
g_g011105,1,13,2309010014,초원 사진관
g_g011105,1,14,2309010015,신흥동 일본식 가옥
g_g011105,1,15,2309010016,은파호수공원
g_g011105,1,16,2309010017,익산역
g_g011105,1,17,2309010018,순천역
g_g011105,1,18,2309010002,집
g_g011106,1,1,2309100001,집
g_g011106,1,2,2309100003,영등포역
g_g011106,1,3,2309100002,에그박스 영등포역점
g_g011106,1,4,2309100004,서대전역
g_g011106,1,5,2309100005,스타벅스 대전 월평점
g_g011106,1,6,2309100006,한밭수목원 서원
g_g011106,1,7,2309100007,투르 호떡 카페
g_g011106,1,8,2309100008,대전중앙로 지하상가
g_g011106,1,9,2309100009,코페 부시
g_g011106,1,10,2309100010,국제 서적
g_g011106,1,11,2309100011,별난 집
g_g011106,1,12,2309100012,대전역
g_g011106,1,13,2309100013,집
g_g011120,1,1,2309020001,집
g_g011120,1,2,2309020002,광명역
g_g011120,1,3,2309020003,서대전역
g_g011120,1,4,2309020004,성심당 본점
g_g011120,1,5,2309020005,성심당 케이크 부티크
g_g011120,1,6,2309020006,성심당 옛 맛 솜씨
g_g011120,1,7,2309020007,원조태평소국밥
g_g011120,1,8,2309020008,유성온천공원
g_g011120,1,9,2309020009,유성온천공원 족욕체험장
g_g011120,1,10,2309020010,스포츠 몬스터 대전 신세계 아트앤사이언스점
g_g011120,1,11,2309020011,진로 집
g_g011120,1,12,2309020012,집
g_g011123,1,1,2309010001,집
g_g011123,1,2,2309010003,무등산 국립공원 수만 탐방지원센터
g_g011123,1,3,2309010004,웰빙 건강랜드
g_g011123,1,4,2309010005,국립아시아문화전당
g_g011123,1,5,2309010006,세독 24 첨단점
g_g011123,1,6,2309010007,상무시민공원
g_g011123,1,7,2309010002,집
g_g011127,1,1,2309160001,집
g_g011127,1,2,2309160002,NC백화점 중앙로역점
g_g011127,1,3,2309160003,중앙로 지하상가
g_g011127,1,4,2309160004,성심당 본점
g_g011127,1,5,2309160005,봉달이 명품 김밥 둔산점
g_g011127,1,6,2309160006,바로 그 집 둔산점
g_g011127,1,7,2309160007,대전시립미술관
g_g011127,1,8,2309160008,성심당 DCC점
g_g011127,1,9,2309160009,커피 인터뷰 궁동점
g_g011127,1,10,2309160010,집
g_g011129,1,1,2309260001,집
g_g011129,1,2,2309260003,서울남부터미널
g_g011129,1,3,2309260004,부여시외버스터미널
g_g011129,1,4,2309260005,정림사지박물관 정림사지 5층 석탑
g_g011129,1,5,2309260006,정림사지박물관
g_g011129,1,6,2309260007,국립부여박물관
g_g011129,1,7,2309260008,국립부여박물관 기획전시관
g_g011129,1,8,2309260009,부여 백마강 길
g_g011129,1,9,2309260010,궁남지
g_g011129,1,10,2309260011,부여중앙시장
g_g011129,1,11,2309260012,쌀 굽다
g_g011129,1,12,2309260013,부여시외버스터미널
g_g011129,1,13,2309260002,집
g_g011131,1,1,2309160001,집
g_g011131,1,2,2309160003,동서울 종합터미널
g_g011131,1,3,2309160004,대전복합터미널
g_g011131,1,4,2309160005,성심당 본점
g_g011131,1,5,2309160006,테라스 키친
g_g011131,1,6,2309160007,스타벅스 대전중앙로 R점
g_g011131,1,7,2309160008,성심당 옛 맛 솜씨
g_g011131,1,8,2309160009,성심당 문화원
g_g011131,1,9,2309160010,대전역
g_g011131,1,10,2309160011,정부세종청사 북측 버스정류장
g_g011131,1,11,2309160012,국립세종수목원
g_g011131,1,12,2309160013,정부세종청사 북측 버스정류장
g_g011131,1,13,2309160014,서울고속버스터미널(경부)
g_g011131,1,14,2309160015,타코벨 서울고속 터미널점
g_g011131,1,15,2309160016,수지구청 역 신분당선
g_g011131,1,16,2309160002,집
g_g011137,1,1,2309010001,집
g_g011137,1,2,2309010002,서산휴게소 목포 방향
g_g011137,1,3,2309010003,홍원항 전어 꽃게축제
g_g011137,1,4,2309010004,큰맘 할미 순댓국 홍원항점
g_g011137,1,5,2309010005,드래건호
g_g011137,1,6,2309010006,서산휴게소 서울 방향
g_g011137,1,7,2309010007,집
g_g011146,1,1,2309300001,집
g_g011146,1,2,2309300002,정안(하) 휴게소
g_g011146,1,3,2309300003,백제문화 단지
g_g011146,1,4,2309300004,메밀꽃필무렵
g_g011146,1,5,2309300005,무드 빌리지
g_g011146,1,6,2309300006,국립부여박물관
g_g011146,1,7,2309300007,정림사지박물관 정림사지 5층 석탑
g_g011146,1,8,2309300008,궁남지
g_g011146,1,9,2309300009,화성(상) 휴게소
g_g011146,1,10,2309300010,집
g_g011148,1,1,2309090001,집
g_g011148,1,2,2309090002,함평나비 휴게소 무안 방향
g_g011148,1,3,2309090003,해남 광장 휴게소
g_g011148,1,4,2309090004,진돗개 테마파크
g_g011148,1,5,2309090005,우수영 국민관광지
g_g011148,1,6,2309090006,울돌목 스카이워크
g_g011148,1,7,2309090007,카페 웃돌
g_g011148,1,8,2309090008,우수영 국민관광지
g_g011148,1,9,2309090009,우수영 국민관광지 명량대첩 해전사 기념 전시관
g_g011148,1,10,2309090010,이순신 중화요리 해남점
g_g011148,1,11,2309090011,진도 울돌목
g_g011148,1,12,2309090012,길거리 가판점
g_g011148,1,13,2309090013,집
g_g011161,1,1,2309030001,집
g_g011161,1,2,2309030002,유관순 열사 기념관
g_g011161,1,3,2309030003,아우내 토박이 곽가네 순대
g_g011161,1,4,2309030005,미나릿길벽화마을
g_g011161,1,5,2309030004,독립기념관
g_g011161,1,6,2309030006,성성 호수공원
g_g011161,1,7,2309030008,원조 천안 옛날호두과자 튀김 곰보빵
g_g011161,1,8,2309030009,집
g_g011162,1,1,2309030001,사무실
g_g011162,1,2,2309030002,대전역
g_g011162,1,3,2309030003,대전중앙시장
g_g011162,1,4,2309030004,오렌지 블루 그린
g_g011162,1,5,2309030005,스타벅스 은행동점
g_g011162,1,6,2309030006,엑스포시민광장
g_g011162,1,7,2309030007,한밭수목원
g_g011162,1,8,2309030008,유성온천 불가마 사우나
g_g011162,1,9,2309030009,진짜 무쇠 삼겹 대전 봉명점
g_g011162,1,10,2309030010,성심당 본점
g_g011162,1,11,2309030011,집
g_g011163,1,1,2309010001,집
g_g011163,1,2,2309010002,천안역
g_g011163,1,3,2309010003,예산역
g_g011163,1,4,2309010004,예당호 출렁다리
g_g011163,1,5,2309010005,예당호 조각 공원
g_g011163,1,6,2309010006,예산 장터 광장
g_g011163,1,7,2309010007,예산역
g_g011163,1,8,2309010008,천안역
g_g011163,1,9,2309010009,집
g_g011164,1,1,2309050001,집
g_g011164,1,2,2309050003,동대구역
g_g011164,1,3,2309050002,대전역
g_g011164,1,4,2309050004,성심당 본점
g_g011164,1,5,2309050006,한밭수목원
g_g011164,1,6,2309050005,오씨칼국수 도룡점
g_g011164,1,7,2309050007,대전 신세계 아트앤사이언스
g_g011164,1,8,2309050008,국립 중앙과학관
g_g011164,1,9,2309050009,노티스 대전 갤러리아
g_g011164,1,10,2309050010,원조태평소국밥 둔산점
g_g011164,1,11,2309050011,오씨칼국수 도룡점
g_g011164,1,12,2309050012,대전역
g_g011164,1,13,2309050013,집
g_g011166,1,1,2309020001,집
g_g011166,1,2,2309020003,유스퀘어 광주종합버스터미널
g_g011166,1,3,2309020004,목포종합버스터미널
g_g011166,1,4,2309020005,평화광장
g_g011166,1,5,2309020006,목포 갓바위
g_g011166,1,6,2309020007,목포자연사박물관
g_g011166,1,7,2309020008,뜰채
g_g011166,1,8,2309020009,목포 스카이워크
g_g011166,1,9,2309020010,카페 델마르
g_g011166,1,10,2309020011,목포역
g_g011166,1,11,2309020012,광주역
g_g011166,1,12,2309020002,집
g_g011167,1,1,2309170001,집
g_g011167,1,2,2309170002,연희네 슈퍼
g_g011167,1,3,2309170003,트어 91 카페
g_g011167,1,4,2309170004,원조 순대 떡볶이
g_g011167,1,5,2309170005,석산 카페
g_g011167,1,6,2309170006,갓 삼가든
g_g011167,1,7,2309170008,유달해수욕장 (폐쇄)
g_g011167,1,8,2309170007,집
g_g011171,1,1,2309080001,사무실
g_g011171,1,2,2309080003,무주 단물 식당
g_g011171,1,3,2309080004,무주 한풍루
g_g011171,1,4,2309080002,친구 집
g_g011173,1,1,2309190001,집
g_g011173,1,2,2309190002,여수엑스포역
g_g011173,1,3,2309190003,여수세계박람회 빅 오
g_g011173,1,4,2309190004,아르떼 뮤지엄 여수
g_g011173,1,5,2309190005,길 언니
g_g011173,1,6,2309190006,하얀 파도
g_g011173,1,7,2309190007,돌산공원
g_g011173,1,8,2309190008,하멜등대
g_g011173,1,9,2309190009,여수엑스포역
g_g011173,1,10,2309190010,집
g_g011188,1,1,2309130001,집
g_g011188,1,2,2309130002,반석역 대전 1호선
g_g011188,1,3,2309130003,유성온천역 대전 1호선
g_g011188,1,4,2309130004,으능정이 문화의 거리
g_g011188,1,5,2309130005,대전중앙시장
g_g011188,1,6,2309130006,대전천
g_g011188,1,7,2309130007,중앙로 지하상가
g_g011188,1,8,2309130008,친구 집
g_g011188,1,9,2309130009,연산 순대 돼지국밥
g_g011188,1,10,2309130010,반석역 대전 1호선
g_g011188,1,11,2309130011,집
g_g011189,1,1,2309200001,집
g_g011189,1,2,2309200002,태동 식당
g_g011189,1,3,2309200003,목포 갓바위
g_g011189,1,4,2309200004,평화광장
g_g011189,1,5,2309200005,설빙 전남 목포 하당점
g_g011189,1,6,2309200006,집
g_g011192,1,1,2309070001,집
g_g011192,1,2,2309070002,남원 랜드
g_g011192,1,3,2309070003,남원시립 김병종 미술관
g_g011192,1,4,2309070004,새집 추어탕
g_g011192,1,5,2309070005,광한루원
g_g011192,1,6,2309070006,광한루원 상가
g_g011192,1,7,2309070007,예루원
g_g011192,1,8,2309070008,다이소 남원광한루점
g_g011192,1,9,2309070009,귀뚜라미 주유소
g_g011192,1,10,2309070010,집
g_g011194,1,1,2309070001,집
g_g011194,1,2,2309070003,아가페 정원
g_g011194,1,3,2309070004,한일식당
g_g011194,1,4,2309070005,추억담
g_g011194,1,5,2309070006,익산 교도소 세트장
g_g011194,1,6,2309070007,익산 바람개비 마을
g_g011194,1,7,2309070002,집
g_g011197,1,1,2309050001,집
g_g011197,1,2,2309050002,전주식당
g_g011197,1,3,2309050003,키친 25
g_g011197,1,4,2309050004,안악해수욕장
g_g011197,1,5,2309050005,함평항
g_g011197,1,6,2309050006,집
g_g011200,1,1,2309020001,집
g_g011200,1,2,2309020002,탄천 휴게소 논산 방향
g_g011200,1,3,2309020003,삼백집 전주 본점
g_g011200,1,4,2309020004,전주한옥마을
g_g011200,1,5,2309020005,객사길
g_g011200,1,6,2309020006,긴 중앙시장
g_g011200,1,7,2309020007,두 여인 생막걸리
g_g011200,1,8,2309020008,친구 집
g_g011200,1,9,2309020009,집
g_g011207,1,1,2309170001,집
g_g011207,1,2,2309170002,태안 동부시장
g_g011207,1,3,2309170003,덕수 식당
g_g011207,1,4,2309170004,태을암
g_g011207,1,5,2309170005,내 포항
g_g011207,1,6,2309170006,대한 회 센터
g_g011207,1,7,2309170007,꽃게 다리
g_g011207,1,8,2309170008,행담도 휴게소 양방향
g_g011207,1,9,2309170009,집
g_g011212,1,1,2309180001,집
g_g011212,1,2,2309180003,추사 김정희 선생 고택
g_g011212,1,3,2309180004,마애 여래삼존상
g_g011212,1,4,2309180005,보원사
g_g011212,1,5,2309180006,개심사
g_g011212,1,6,2309180007,서산 불고기 백반의 신
g_g011212,1,7,2309180002,집
g_g011228,1,1,2309090001,집
g_g011228,1,2,2309090002,아우내 엄나무 순대
g_g011228,1,3,2309090003,유관순 열사 기념관
g_g011228,1,4,2309090005,천호 저수지
g_g011228,1,5,2309090006,마리스
g_g011228,1,6,2309090007,명이 성당 호두과자
g_g011228,1,7,2309090008,천안시민체육공원 잔디광장
g_g011228,1,8,2309090004,집
g_g011229,1,1,2309020001,집
g_g011229,1,2,2309020002,명품 주차장
g_g011229,1,3,2309020003,더키친우와
g_g011229,1,4,2309020004,메타 45카페
g_g011229,1,5,2309020005,국립세종수목원
g_g011229,1,6,2309020006,명품 주차장
g_g011229,1,7,2309020007,집
g_g011230,1,1,2309090001,집
g_g011230,1,2,2309090003,수옥 폭포
g_g011230,1,3,2309090004,소금강 휴게소
g_g011230,1,4,2309090006,오가닉 테마파크
g_g011230,1,5,2309090005,산맥이 옛길
g_g011230,1,6,2309090002,집
g_g011232,1,1,2309090001,집
g_g011232,1,2,2309090002,대전청사 시외버스 둔산 정류소
g_g011232,1,3,2309090003,바로 그 집 대전중앙로 지하상가 점
g_g011232,1,4,2309090004,소제 솔루나
g_g011232,1,5,2309090005,성심당 본점
g_g011232,1,6,2309090006,커닝
g_g011232,1,7,2309090007,제주 오목 돈
g_g011232,1,8,2309090009,으능정이 스카이로드
g_g011232,1,9,2309090008,성심당 본점
g_g011232,1,10,2309090010,대전역
g_g011232,1,11,2309090011,집
g_g011233,1,1,2309060001,집
g_g011233,1,2,2309060002,사당 셀프주유소
g_g011233,1,3,2309060003,대천 톨게이트
g_g011233,1,4,2309060004,대천 거리
g_g011233,1,5,2309060010,세븐일레븐
g_g011233,1,6,2309060005,보령해양경찰서
g_g011233,1,7,2309060006,보령 소방서
g_g011233,1,8,2309060007,보령문화 예술 회관
g_g011233,1,9,2309060008,역세권 광장
g_g011233,1,10,2309060009,맥도날드
g_g011233,1,11,2309060011,화성휴게소
g_g011233,1,12,2309060012,화성휴게소
g_g011233,1,13,2309060013,집
g_g011239,1,1,2309060001,집
g_g011239,1,2,2309060003,시청공원
g_g011239,1,3,2309060004,덩실 분식
g_g011239,1,4,2309060006,의림지
g_g011239,1,5,2309060007,의림지 용추폭포 유리 전망대
g_g011239,1,6,2309060008,한방 생태숲
g_g011239,1,7,2309060009,지구대
g_g011239,1,8,2309060010,단양구경시장
g_g011239,1,9,2309060011,미노 6길
g_g011239,1,10,2309060002,집
g_g011242,1,1,2309030001,집
g_g011242,1,2,2309030002,수서역
g_g011242,1,3,2309030003,천안아산역
g_g011242,1,4,2309030004,미담
g_g011242,1,5,2309030005,TTO 카페
g_g011242,1,6,2309030013,올리브영 천안시 불당점
g_g011242,1,7,2309030012,포토이즘 컬러 드 신분당점
g_g011242,1,8,2309030006,용용 선생 신분당점
g_g011242,1,9,2309030007,험담 불당점
g_g011242,1,10,2309030008,포토 그레이 천안시 불당점
g_g011242,1,11,2309030009,천안아산역
g_g011242,1,12,2309030010,수서역
g_g011242,1,13,2309030011,집
g_g011248,1,1,2309100001,집
g_g011248,1,2,2309100003,성심당 본점
g_g011248,1,3,2309100004,오씨칼국수
g_g011248,1,4,2309100006,어썸 8 더 대청
g_g011248,1,5,2309100008,대청호
g_g011248,1,6,2309100005,장태산자연휴양림
g_g011248,1,7,2309100007,때 화장
g_g011248,1,8,2309100002,집
g_g011254,1,1,2309240001,집
g_g011254,1,2,2309240002,여산휴게소
g_g011254,1,3,2309240003,대전 오월드
g_g011254,1,4,2309240004,김판수 김치찌개
g_g011254,1,5,2309240005,집
g_g011255,1,1,2309230001,집
g_g011255,1,2,2309230002,스타벅스 공주 DT점
g_g011255,1,3,2309230003,공주 무령왕릉과 왕릉원
g_g011255,1,4,2309230004,원진노기순청국장
g_g011255,1,5,2309230005,금강신관공원
g_g011255,1,6,2309230006,공산성 본가
g_g011255,1,7,2309230007,집
g_g011268,1,1,2309060001,집
g_g011268,1,2,2309060003,둔율담
g_g011268,1,3,2309060004,다이소 군산 경암점
g_g011268,1,4,2309060006,탄탄면 공방 군산 디오션시티점
g_g011268,1,5,2309060005,경암동 철길마을
g_g011268,1,6,2309060007,롯데시네마 군산 몰
g_g011268,1,7,2309060008,군산근대역사박물관 군산세관 장미 갤러리(장미 공연장)
g_g011268,1,8,2309060009,미즈 커피
g_g011268,1,9,2309060002,집
g_g011274,1,1,2309020001,집
g_g011274,1,2,2309020002,2대 전원식당
g_g011274,1,3,2309020003,별이 길 야시장
g_g011274,1,4,2309020004,디저트 39 순천오천점
g_g011274,1,5,2309020005,순천 봉당
g_g011274,1,6,2309020006,오천 그린광장
g_g011274,1,7,2309020007,집
g_g011276,1,1,2309160001,집
g_g011276,1,2,2309160007,수원역
g_g011276,1,3,2309160003,대전역
g_g011276,1,4,2309160004,김가네 시민 고기 국수 용문점
g_g011276,1,5,2309160005,국립대전현충원 장병제1묘역
g_g011276,1,6,2309160006,둔산 선사유적지
g_g011276,1,7,2309160008,한국조폐공사 화폐박물관
g_g011276,1,8,2309160009,대전시립미술관
g_g011276,1,9,2309160010,이응노미술관
g_g011276,1,10,2309160011,중앙로 지하상가
g_g011276,1,11,2309160012,아저씨 돈가스
g_g011276,1,12,2309160013,성심당 본점
g_g011276,1,13,2309160014,서대전역
g_g011276,1,14,2309160015,수원역
g_g011276,1,15,2309160002,집
g_g011286,1,1,2309090001,집
g_g011286,1,2,2309090002,청량리역
g_g011286,1,3,2309090003,단양역
g_g011286,1,4,2309090004,구인사
g_g011286,1,5,2309090005,단양구경시장
g_g011286,1,6,2309090006,카페인 단양
g_g011286,1,7,2309090007,단양역
g_g011286,1,8,2309090008,청량리역
g_g011286,1,9,2309090009,집
g_g011288,1,1,2309030001,집
g_g011288,1,2,2309030003,예산 상설시장
g_g011288,1,3,2309030004,서창동 당 따로
g_g011288,1,4,2309030002,집
g_g011291,1,1,2309090001,집
g_g011291,1,2,2309090003,마지 아리스토
g_g011291,1,3,2309090004,연희네 슈퍼
g_g011291,1,4,2309090005,프롬 서산 카페
g_g011291,1,5,2309090006,비판이네
g_g011291,1,6,2309090007,몽글 푸딩
g_g011291,1,7,2309090008,왕새우 직판장
g_g011291,1,8,2309090009,커피 창고로
g_g011291,1,9,2309090002,집
g_g011292,1,1,2309190001,사무실
g_g011292,1,2,2309190003,옐로 출렁다리
g_g011292,1,3,2309190004,해운대 식당
g_g011292,1,4,2309190005,장성 편백 치유의 숲
g_g011292,1,5,2309190006,구르미 머무는
g_g011292,1,6,2309190002,광주 용산 계룡리슈빌 더 포레스트 아파트
g_g011295,1,1,2309060001,집
g_g011295,1,2,2309060003,화성휴게소 목포 방향
g_g011295,1,3,2309060004,초정 행궁
g_g011295,1,4,2309060005,초정약수 원탕
g_g011295,1,5,2309060006,초정 바비큐 캠프
g_g011295,1,6,2309060007,국립청주 박물관
g_g011295,1,7,2309060002,집
g_g011297,1,1,2309030001,집
g_g011297,1,2,2309030008,우즈
g_g011297,1,3,2309030002,금산인삼랜드 주유소 통영방향(하행)
g_g011297,1,4,2309030003,무주 덕유산리조트 관광곤돌라
g_g011297,1,5,2309030004,인당 천
g_g011297,1,6,2309030005,무주반딧불축제
g_g011297,1,7,2309030006,천지 가든
g_g011297,1,8,2309030007,집
g_g011299,1,1,2309090001,집
g_g011299,1,2,2309090002,화첩기행 북 카페(미안 커피)
g_g011299,1,3,2309090003,남원시립 김병종 미술관
g_g011299,1,4,2309090004,봉이면옥
g_g011299,1,5,2309090005,뜰아래 한옥카페
g_g011299,1,6,2309090006,두레 식당
g_g011299,1,7,2309090007,춘향테마파크
g_g011299,1,8,2309090008,광한루원
g_g011299,1,9,2309090009,집
g_g011300,1,1,2309030001,집
g_g011300,1,2,2309030003,대감게장
g_g011300,1,3,2309030004,아르떼 뮤지엄 여수
g_g011300,1,4,2309030005,이순신광장
g_g011300,1,5,2309030007,바다 김밥 본점
g_g011300,1,6,2309030006,여수 딸기 찹쌀떡 본점
g_g011300,1,7,2309030008,돌문어 상회
g_g011300,1,8,2309030009,여수 낭만포차 거리
g_g011300,1,9,2309030002,집
g_g011305,1,1,2309200001,사무실
g_g011305,1,2,2309200002,대전역
g_g011305,1,3,2309200003,한밭수목원
g_g011305,1,4,2309200004,중앙로역 대전 1호선
g_g011305,1,5,2309200005,오사카 오코노미야키
g_g011305,1,6,2309200006,애니 사카이
g_g011305,1,7,2309200007,챠보빈티지
g_g011305,1,8,2309200008,도쿄 빙수 은행동점
g_g011305,1,9,2309200009,성심당 본점
g_g011305,1,10,2309200010,대전역
g_g011305,1,11,2309200011,조치원역
g_g011318,1,1,2309020002,집
g_g011318,1,2,2309020001,복합문화지구 누에
g_g011318,1,3,2309020003,장터국수
g_g011318,1,4,2309020004,고산자연휴양림
g_g011318,1,5,2309020006,고산 미소
g_g011318,1,6,2309020005,카페 고산
g_g011318,1,7,2309020007,만경강 수변생태공원
g_g011318,1,8,2309020008,집
g_g011323,1,1,2309160001,집
g_g011323,1,2,2309160003,천안 타운홀 전망대
g_g011323,1,3,2309160004,석산장숯불갈비
g_g011323,1,4,2309160005,천안박물관
g_g011323,1,5,2309160006,천안삼거리공원
g_g011323,1,6,2309160007,카페 삼룡동
g_g011323,1,7,2309160008,막차가
g_g011323,1,8,2309160002,집
g_g011344,1,1,2309020001,사무실
g_g011344,1,2,2309020002,창평 국밥
g_g011344,1,3,2309020003,명지원
g_g011344,1,4,2309020004,롯데리아 충남도청점
g_g011345,1,1,2309230001,집
g_g011345,1,2,2309230002,동서울 종합터미널
g_g011345,1,3,2309230003,대전복합터미널 1500회전초밥
g_g011345,1,4,2309230004,장태산자연휴양림
g_g011345,1,5,2309230005,카츠 고 메이
g_g011345,1,6,2309230006,대전시민 천문대
g_g011345,1,7,2309230007,에이트
g_g011345,1,8,2309230008,집
g_g011354,1,1,2309040001,사무실
g_g011354,1,2,2309040002,춘소 커피
g_g011354,1,3,2309040003,블루프린트 북
g_g011354,1,4,2309040004,미락
g_g011354,1,5,2309040005,수통골
g_g011354,1,6,2309040006,현대아파트
g_g011365,1,1,2309020001,집
g_g011365,1,2,2309020007,용산역
g_g011365,1,3,2309020003,동국사
g_g011365,1,4,2309020004,군산근대화 거리
g_g011365,1,5,2309020005,전주한옥마을
g_g011365,1,6,2309020006,서대전역
g_g011365,1,7,2309020002,집
g_g011370,1,1,2309090001,집
g_g011370,1,2,2309090002,이순신 수제버거
g_g011370,1,3,2309090003,향일암
g_g011370,1,4,2309090004,바다 김밥 본점
g_g011370,1,5,2309090005,여수다
g_g011370,1,6,2309090006,GS칼텍스 예울마루
g_g011370,1,7,2309090007,여수 해상 케이블카
g_g011370,1,8,2309090008,주암 휴게소 천안 방향
g_g011370,1,9,2309090009,집
g_g011371,1,1,2309090001,집
g_g011371,1,2,2309090002,국립세종 도서관
g_g011371,1,3,2309090003,세종 호수공원
g_g011371,1,4,2309090004,행정안전부 대통령기록관
g_g011371,1,5,2309090005,세종 호수공원
g_g011371,1,6,2309090006,집
g_g011374,1,1,2309040001,집
g_g011374,1,2,2309040003,공산성
g_g011374,1,3,2309040004,베이커리 밤마을
g_g011374,1,4,2309040005,황새바위 성지
g_g011374,1,5,2309040006,고마나루 1999
g_g011374,1,6,2309040007,중동성당
g_g011374,1,7,2309040008,루치아의 뜰
g_g011374,1,8,2309040002,집
g_g011376,1,1,2309020001,집
g_g011376,1,2,2309020002,유성 가든
g_g011376,1,3,2309020003,은파호수공원
g_g011376,1,4,2309020004,로디드아파트먼트커피
g_g011376,1,5,2309020005,군산 곱창
g_g011376,1,6,2309020006,집
g_g011387,1,1,2309160001,집
g_g011387,1,2,2309160003,내포 신도시 고속시외버스정류소
g_g011387,1,3,2309160004,대전복합터미널
g_g011387,1,4,2309160005,대전 신세계 아트앤사이언스
g_g011387,1,5,2309160006,엑스포다리
g_g011387,1,6,2309160007,대전시립미술관
g_g011387,1,7,2309160008,소제 화실
g_g011387,1,8,2309160009,대전역
g_g011387,1,9,2309160010,천안역
g_g011387,1,10,2309160011,홍성역
g_g011387,1,11,2309160002,집
g_g011393,1,1,2309090001,집
g_g011393,1,2,2309090002,대전역
g_g011393,1,3,2309090003,조치원역
g_g011393,1,4,2309090004,메가박스 세종 조치원
g_g011393,1,5,2309090005,보드 막 보드게임 조치원점
g_g011393,1,6,2309090006,코인쏭 조치원점
g_g011393,1,7,2309090007,방랑 살롱 조치원 정수장
g_g011393,1,8,2309090008,도시엔 미(주택)
g_g011393,1,9,2309090009,스시 애용
g_g011393,1,10,2309090010,조치원역
g_g011393,1,11,2309090011,대전역
g_g011393,1,12,2309090012,집
g_g011396,1,1,2309160001,집
g_g011396,1,2,2309160003,정안 알밤 휴게소 논산 방향
g_g011396,1,3,2309160004,전주한옥마을
g_g011396,1,4,2309160005,설빙 전주한옥마을점
g_g011396,1,5,2309160006,PNB 풍년제과 한옥마을 3호점
g_g011396,1,6,2309160007,전주한옥마을 제1공영주차장
g_g011396,1,7,2309160008,홈플러스 전주점
g_g011396,1,8,2309160009,국립전주 박물관
g_g011396,1,9,2309160010,고궁 전주 본점
g_g011396,1,10,2309160011,팔복 주유소
g_g011396,1,11,2309160002,집
g_g011398,1,1,2309010001,집
g_g011398,1,2,2309010002,예산역
g_g011398,1,3,2309010003,예산 상설시장
g_g011398,1,4,2309010004,예산공원
g_g011398,1,5,2309010005,예산역
g_g011398,1,6,2309010006,집
g_g011399,1,1,2309150001,집
g_g011399,1,2,2309150002,유스퀘어 광주종합버스터미널
g_g011399,1,3,2309150003,강진버스여객터미널
g_g011399,1,4,2309150004,영랑생가
g_g011399,1,5,2309150005,시문학파 기념관
g_g011399,1,6,2309150006,세계 모란공원
g_g011399,1,7,2309150007,현구 생가
g_g011399,1,8,2309150008,강진 미술관
g_g011399,1,9,2309150009,CU 강진 터미널 1호점
g_g011399,1,10,2309150010,강진버스여객터미널
g_g011399,1,11,2309150011,다산 박물관
g_g011399,1,12,2309150012,다산초당
g_g011399,1,13,2309150013,백련사
g_g011399,1,14,2309150014,강진버스여객터미널
g_g011399,1,15,2309150015,유스퀘어 광주종합버스터미널
g_g011399,1,16,2309150016,집
g_g011408,1,1,2309020001,집
g_g011408,1,2,2309020002,대전역
g_g011408,1,3,2309020003,성심당 본점
g_g011408,1,4,2309020004,성심당 케이크 부티크
g_g011408,1,5,2309020005,스타벅스 대전중앙로 R점
g_g011408,1,6,2309020006,아뜨뜨 대전은행점
g_g011408,1,7,2309020007,카이스트 본원
g_g011408,1,8,2309020008,집
g_g011409,1,1,2309100001,집
g_g011409,1,2,2309100002,서울역
g_g011409,1,3,2309100003,대전역
g_g011409,1,4,2309100004,별난 집
g_g011409,1,5,2309100005,구 산업은행 대전지점
g_g011409,1,6,2309100006,대전시립미술관
g_g011409,1,7,2309100007,카페 22도
g_g011409,1,8,2309100008,여행지
g_g011409,1,9,2309100009,성심당 대전역점
g_g011409,1,10,2309100010,대전역
g_g011409,1,11,2309100011,서울역
g_g011409,1,12,2309100012,집
g_g011411,1,1,2309090001,집
g_g011411,1,2,2309090003,금산 원조 김정이 삼계탕
g_g011411,1,3,2309090004,금산인삼 국제시장
g_g011411,1,4,2309090005,하늘물빛정원 실내식물원
g_g011411,1,5,2309090006,미스터통밀
g_g011411,1,6,2309090007,하늘물빛정원
g_g011411,1,7,2309090008,금산인삼랜드 휴게소 통영방향
g_g011411,1,8,2309090009,월영산 출렁다리
g_g011411,1,9,2309090010,용강 식당
g_g011411,1,10,2309090011,홉스
g_g011411,1,11,2309090002,집
g_g011412,1,1,2309090001,집
g_g011412,1,2,2309090003,용산역
g_g011412,1,3,2309090004,공주 역
g_g011412,1,4,2309090005,청양 분식
g_g011412,1,5,2309090006,공유 카페 요새요
g_g011412,1,6,2309090007,부자 떡집
g_g011412,1,7,2309090008,공주 메타세쿼이아숲길
g_g011412,1,8,2309090009,국립공주 박물관
g_g011412,1,9,2309090010,무령왕릉
g_g011412,1,10,2309090011,저스트 스테이 호텔 공주신관점
g_g011412,1,11,2309090012,공산성
g_g011412,1,12,2309090013,베이커리 밤마을
g_g011412,1,13,2309090014,공주 역
g_g011412,1,14,2309090015,용산역
g_g011412,1,15,2309090002,집
g_g011422,1,1,2309020001,집
g_g011422,1,2,2309020003,예산역
g_g011422,1,3,2309020004,예산 상설시장
g_g011422,1,4,2309020005,예당 전망대 카페
g_g011422,1,5,2309020006,예당호 출렁다리
g_g011422,1,6,2309020007,역전 장터국밥
g_g011422,1,7,2309020008,예산역
g_g011422,1,8,2309020002,집
g_g011426,1,1,2309180008,집
g_g011426,1,2,2309180001,대보유통 마장휴게소점(통영방향) 전기차 충전소
g_g011426,1,3,2309180002,김치복 커피
g_g011426,1,4,2309180003,산장 가든
g_g011426,1,5,2309180004,고복저수지
g_g011426,1,6,2309180005,세종전통시장
g_g011426,1,7,2309180006,디알리나
g_g011426,1,8,2309180007,신청안 스테이션 충전소
g_g011426,1,9,2309180009,집
g_g011430,1,1,2309080001,사무실
g_g011430,1,2,2309080002,해이 커피 무역회관점
g_g011430,1,3,2309080003,좋은 주유소
g_g011430,1,4,2309080004,건양대학교 창의융합캠퍼스
g_g011430,1,5,2309080005,맘스터치 논산 오거리점
g_g011430,1,6,2309080006,은아 3단지 아파트
g_g011432,1,1,2309090001,집
g_g011432,1,2,2309090002,진안 마이산 휴게소 장수 방향
g_g011432,1,3,2309090003,마이산도립공원
g_g011432,1,4,2309090004,마이산 탑사
g_g011432,1,5,2309090005,화심 순두부 본점
g_g011432,1,6,2309090006,카페 소리나무
g_g011432,1,7,2309090007,집
g_g011434,1,1,2309090001,집
g_g011434,1,2,2309090002,세량제
g_g011434,1,3,2309090003,옛날 두부
g_g011434,1,4,2309090004,투썸플레이스 화순 동구리 호수공원점
g_g011434,1,5,2309090005,동구리 호수공원
g_g011434,1,6,2309090006,화순 군립 최상준 미술관
g_g011434,1,7,2309090007,수만리 생태숲공원
g_g011434,1,8,2309090008,소유
g_g011434,1,9,2309090009,집
g_g011435,1,1,2309170001,집
g_g011435,1,2,2309170002,서울고속버스터미널(경부)
g_g011435,1,3,2309170003,파란만잔 세종반곡점
g_g011435,1,4,2309170004,수루 배 마늘 4단지 더 숍 예미지 아파트
g_g011435,1,5,2309170005,피제리아지알로
g_g011435,1,6,2309170006,국립세종수목원
g_g011435,1,7,2309170007,행정안전부 대통령기록관
g_g011435,1,8,2309170008,아이갓에브리씽 세종컨벤션 센터점
g_g011435,1,9,2309170009,국립세종 도서관
g_g011435,1,10,2309170010,세종 호수공원
g_g011435,1,11,2309170011,수루 배 마늘 4단지 더 숍 예미지 아파트
g_g011435,1,12,2309170012,집
g_g011437,1,1,2309090001,친구 친지 집
g_g011437,1,2,2309090002,태조산공원
g_g011437,1,3,2309090003,하트멍
g_g011437,1,4,2309090004,진 사또
g_g011437,1,5,2309090005,오류동 행복주택 아파트
g_g011438,1,1,2309090001,집
g_g011438,1,2,2309090003,맥도날드 청주 분평 DT점
g_g011438,1,3,2309090004,현대 프리미엄 아웃렛 대전점
g_g011438,1,4,2309090005,긴자료코 대전관평점
g_g011438,1,5,2309090006,대전 신세계 아트앤사이언스
g_g011438,1,6,2309090007,둔산동 길거리
g_g011438,1,7,2309090008,김현정 떡볶이 둔산점
g_g011438,1,8,2309090009,공차 둔산 타임월드점
g_g011438,1,9,2309090002,집
g_g011441,1,1,2309050001,집
g_g011441,1,2,2309050002,K-water 용담댐 물 문화관
g_g011441,1,3,2309050003,명성이 각
g_g011441,1,4,2309050004,월영산 출렁다리
g_g011441,1,5,2309050005,집
g_g011442,1,1,2309210001,집
g_g011442,1,2,2309210002,서산 시청
g_g011442,1,3,2309210003,옛 맛 식당
g_g011442,1,4,2309210004,시민공원
g_g011442,1,5,2309210005,카페 시월애
g_g011442,1,6,2309210006,서산 동부전통시장
g_g011442,1,7,2309210007,수국 농장
g_g011442,1,8,2309210008,예당 순두부
g_g011442,1,9,2309210009,집
g_g011444,1,1,2309170001,집
g_g011444,1,2,2309170003,향미 식당
g_g011444,1,3,2309170004,도담삼봉 관광지
g_g011444,1,4,2309170005,카페 산
g_g011444,1,5,2309170007,단양구경시장
g_g011444,1,6,2309170006,고수동굴
g_g011444,1,7,2309170002,집
g_g011448,1,1,2309160001,집
g_g011448,1,2,2309160002,부여 백제 휴게소 주유소 서천 방향
g_g011448,1,3,2309160003,비응항
g_g011448,1,4,2309160004,월명 식당
g_g011448,1,5,2309160005,군산근대화 거리
g_g011448,1,6,2309160006,역전 종합시장
g_g011448,1,7,2309160007,대야 전통 5일 시장
g_g011448,1,8,2309160008,호려울마을10단지중흥S클래스리버뷰2차아파트
g_g011448,1,9,2309160009,집
g_g011449,1,1,2309160001,집
g_g011449,1,2,2309160002,수원역
g_g011449,1,3,2309160003,대전역
g_g011449,1,4,2309160004,장태산자연휴양림
g_g011449,1,5,2309160005,대전중앙시장
g_g011449,1,6,2309160006,대전역
g_g011449,1,7,2309160007,집
g_g011450,1,1,2309090001,집
g_g011450,1,2,2309090002,익산역
g_g011450,1,3,2309090003,길명 반점
g_g011450,1,4,2309090004,금산사
g_g011450,1,5,2309090006,223무형 유산이 음에 축제
g_g011450,1,6,2309090005,진미 반점
g_g011450,1,7,2309090007,집
g_g011454,1,1,2309170001,집
g_g011454,1,2,2309170002,고든 남 글램핑 셀프 바비큐
g_g011454,1,3,2309170003,서산중앙호수공원
g_g011454,1,4,2309170004,스타벅스 서산 호수점
g_g011454,1,5,2309170005,애향 스크린골프
g_g011454,1,6,2309170006,집
g_g011455,1,1,2309030001,집
g_g011455,1,2,2309030002,청와삼대 대전유성점
g_g011455,1,3,2309030003,박동진 판소리 전수관
g_g011455,1,4,2309030004,롱티 커피
g_g011455,1,5,2309030005,동학사 길 걷기
g_g011455,1,6,2309030006,집
g_g011457,1,1,2309080001,집
g_g011457,1,2,2309080002,구례포해수욕장
g_g011457,1,3,2309080003,태안 솔향기길
g_g011457,1,4,2309080004,운영 수산
g_g011457,1,5,2309080005,꾸지나무골해수욕장
g_g011457,1,6,2309080006,집
g_g011459,1,1,2309080001,집
g_g011459,1,2,2309080002,유성호텔 대온천탕
g_g011459,1,3,2309080003,원조태평소국밥 유성점
g_g011459,1,4,2309080004,성심당 본점
g_g011459,1,5,2309080005,대전 오월드
g_g011459,1,6,2309080006,화정역 광주 1호선
g_g011461,1,1,2309170001,집
g_g011461,1,2,2309170002,보문산
g_g011461,1,3,2309170003,고촉사
g_g011461,1,4,2309170004,굿 베이글
g_g011461,1,5,2309170005,무나
g_g011461,1,6,2309170006,갤러리아백화점 타임월드점
g_g011461,1,7,2309170007,성심당 DCC점
g_g011461,1,8,2309170008,집
g_g011464,1,1,2309070001,집
g_g011464,1,2,2309070002,사창 정류장
g_g011464,1,3,2309070003,유성시외버스정류소
g_g011464,1,4,2309070004,구암역 대전 1호선
g_g011464,1,5,2309070005,대전역
g_g011464,1,6,2309070006,김화 칼국수
g_g011464,1,7,2309070007,대전아트시네마
g_g011464,1,8,2309070008,챔프 스페이스 커피 로프터스
g_g011464,1,9,2309070009,대동 벽화마을
g_g011464,1,10,2309070010,소제동 철도관사촌
g_g011464,1,11,2309070011,대전중앙시장
g_g011464,1,12,2309070013,대전역
g_g011464,1,13,2309070012,유성온천 불가마 사우나
g_g011464,1,14,2309070014,유성시외버스정류소
g_g011464,1,15,2309070015,집
g_g011470,1,1,2309090001,집
g_g011470,1,2,2309090002,국수나무 충북 증평점
g_g011470,1,3,2309090003,브루니
g_g011470,1,4,2309090004,증평교육도서관
g_g011470,1,5,2309090005,증평 장뜰시장
g_g011470,1,6,2309090006,스타벅스 충북 증평점
g_g011470,1,7,2309090007,집
g_g011472,1,1,2309080001,집
g_g011472,1,2,2309080002,등촌 샤브칼국수 천안점
g_g011472,1,3,2309080003,셜록 홈스 천안점
g_g011472,1,4,2309080004,스타벅스 신세계 천안아산점
g_g011472,1,5,2309080005,신세계백화점 천안아산점
g_g011472,1,6,2309080006,집
g_g011473,1,1,2309160001,집
g_g011473,1,2,2309160002,전주동물원
g_g011473,1,3,2309160003,베테랑
g_g011473,1,4,2309160004,경기전
g_g011473,1,5,2309160005,전동성당
g_g011473,1,6,2309160006,오짱 전주한옥마을점
g_g011473,1,7,2309160007,아몽 아트
g_g011473,1,8,2309160008,빽다방 전주효자안행교점
g_g011473,1,9,2309160009,집
g_g011476,1,1,2309030001,집
g_g011476,1,2,2309030002,후가 미
g_g011476,1,3,2309030003,청주공예비엔날레
g_g011476,1,4,2309030005,무주반딧불축제
g_g011476,1,5,2309030006,꽁보리 수제비
g_g011476,1,6,2309030004,집
g_g011477,1,1,2309090001,친구 친지 집
g_g011477,1,2,2309090002,온양온천역 풍물 5일장
g_g011477,1,3,2309090003,온양온천랜드
g_g011477,1,4,2309090004,신정호 관광단지
g_g011477,1,5,2309090005,재벌 짬뽕
g_g011477,1,6,2309090006,금정역 1호선
g_g011478,1,1,2309020001,집
g_g011478,1,2,2309020003,신화에너지 서울 번개 셀프 3주유소
g_g011478,1,3,2309020004,대일 식당
g_g011478,1,4,2309020005,춘소 커피
g_g011478,1,5,2309020006,청양고추구기자축제
g_g011478,1,6,2309020007,앳(at) 1597
g_g011478,1,7,2309020008,오창휴게소 남이 방향
g_g011478,1,8,2309020002,집
g_g011479,1,1,2309020001,집
g_g011479,1,2,2309020002,동하다
g_g011479,1,3,2309020003,카페 림
g_g011479,1,4,2309020004,담양 관방제림
g_g011479,1,5,2309020005,집
g_g011481,1,1,2309090001,집
g_g011481,1,2,2309090002,온천손칼국수 주꾸미
g_g011481,1,3,2309090003,유성온천공원 족욕체험장
g_g011481,1,4,2309090004,유림공원
g_g011481,1,5,2309090005,장동산림욕장
g_g011481,1,6,2309090007,동춘당 역사공원
g_g011481,1,7,2309090006,성심당 DCC점
g_g011481,1,8,2309090008,집
g_g011482,1,1,2309160001,친구 친지 집
g_g011482,1,2,2309160003,충주나 루 휴게소
g_g011482,1,3,2309160004,국립 충주 기상과학관
g_g011482,1,4,2309160005,행복한 가락국수가게 두 번째 이야기
g_g011482,1,5,2309160006,노루목 가든 충주점
g_g011482,1,6,2309160002,집
g_g011486,1,1,2309160001,집
g_g011486,1,2,2309160002,활옷 동굴
g_g011486,1,3,2309160003,오대호 아트팩토리
g_g011486,1,4,2309160004,언덕 집
g_g011486,1,5,2309160006,코스트코 양재점
g_g011486,1,6,2309160005,집
g_g011487,1,1,2309110001,집
g_g011487,1,2,2309110002,세종 호수공원
g_g011487,1,3,2309110003,밀마루전망대
g_g011487,1,4,2309110004,국토지리 정보원 우주측지 관측센터
g_g011487,1,5,2309110005,진주냉면 남자가옥
g_g011487,1,6,2309110006,집
g_g011489,1,1,2309170001,집
g_g011489,1,2,2309170002,도하 커피 랩
g_g011489,1,3,2309170003,이미당
g_g011489,1,4,2309170004,드들강 솔밭유원지
g_g011489,1,5,2309170005,전라남도 산림자원연구소
g_g011489,1,6,2309170006,도래마을
g_g011489,1,7,2309170007,집
g_g011490,1,1,2309100001,집
g_g011490,1,2,2309100002,담양 관방제림
g_g011490,1,3,2309100003,담양에 꽃
g_g011490,1,4,2309100004,죽녹원
g_g011490,1,5,2309100005,담다
g_g011490,1,6,2309100006,소하염전 첨단시리단길점
g_g011490,1,7,2309100007,집
g_g011491,1,1,2309110001,친구 친지 집
g_g011491,1,2,2309110002,덕평자연휴게소 강릉방향
g_g011491,1,3,2309110003,중앙탑뚱감자막국수
g_g011491,1,4,2309110004,중앙탑 사적공원
g_g011491,1,5,2309110005,중앙탑공원 중원 탑평리 7층 석탑
g_g011491,1,6,2309110006,비채 커피
g_g011491,1,7,2309110007,여주휴게소 서창방향
g_g011491,1,8,2309110008,수원역 골드 스테이션 웨스턴 오피스텔
g_g011496,1,1,2309100001,집
g_g011496,1,2,2309100003,채 계산 출렁다리
g_g011496,1,3,2309100004,강천산 군립 공원
g_g011496,1,4,2309100005,미소 식당
g_g011496,1,5,2309100002,집
g_g011498,1,1,2309070001,사무실
g_g011498,1,2,2309070003,월영산 출렁다리
g_g011498,1,3,2309070004,송주 미술관 카페
g_g011498,1,4,2309070005,길가 네 메밀막국수
g_g011498,1,5,2309070002,도량 그린빌 2단지 아파트
g_g011500,1,1,2309090001,집
g_g011500,1,2,2309090002,유스퀘어 광주종합버스터미널
g_g011500,1,3,2309090003,군산 시외버스터미널
g_g011500,1,4,2309090004,중동 호떡
g_g011500,1,5,2309090005,진성원
g_g011500,1,6,2309090006,경암동 철길마을
g_g011500,1,7,2309090007,군산근대건축관
g_g011500,1,8,2309090008,군산 내항
g_g011500,1,9,2309090009,군산근대미술관
g_g011500,1,10,2309090010,군산근대역사박물관
g_g011500,1,11,2309090011,초원 사진관
g_g011500,1,12,2309090012,군산과자조합
g_g011500,1,13,2309090013,이성당 본점
g_g011500,1,14,2309090014,군산 시외버스터미널
g_g011500,1,15,2309090016,유스퀘어 광주종합버스터미널
g_g011500,1,16,2309090015,집
g_g011502,1,1,2309030001,집
g_g011502,1,2,2309030002,홍원항 전어 꽃게축제
g_g011502,1,3,2309030005,홍원항 전주 백반
g_g011502,1,4,2309030003,마량리 동백나무숲
g_g011502,1,5,2309030004,한국최초성경전래지
g_g011502,1,6,2309030006,이하복고택전시관
g_g011502,1,7,2309030007,장항송림 산림욕장
g_g011502,1,8,2309030008,그래비티 장항점
g_g011502,1,9,2309030009,뽕사부
g_g011502,1,10,2309030010,집
g_g011508,1,1,2309180001,집
g_g011508,1,2,2309180003,산수 쌈밥
g_g011508,1,3,2309180004,다스 이치 숍
g_g011508,1,4,2309180005,치읓의 자리
g_g011508,1,5,2309180006,소요유
g_g011508,1,6,2309180002,집
g_g011509,1,1,2309090001,집
g_g011509,1,2,2309090002,서울고속버스터미널(경부)
g_g011509,1,3,2309090003,대전도룡고속시외버스정류장
g_g011509,1,4,2309090004,유성욱 도룡점
g_g011509,1,5,2309090005,텐 퍼센트 스페셜티 커피 대전도용점
g_g011509,1,6,2309090006,성심당 DCC점
g_g011509,1,7,2309090007,대전컨벤션 센터
g_g011509,1,8,2309090008,한빛탑 광장
g_g011509,1,9,2309090009,한밭수목원
g_g011509,1,10,2309090010,성심당 DCC점
g_g011509,1,11,2309090011,대전도룡고속시외버스정류장
g_g011509,1,12,2309090012,서울고속버스터미널(경부)
g_g011509,1,13,2309090013,집
g_g011510,1,1,2309020001,집
g_g011510,1,2,2309020002,경산역
g_g011510,1,3,2309020003,대전역
g_g011510,1,4,2309020004,우동야
g_g011510,1,5,2309020005,성심당 본점
g_g011510,1,6,2309020006,성심당 문화원
g_g011510,1,7,2309020007,히트 코인 노래연습장
g_g011510,1,8,2309020008,으능정이 문화의 거리
g_g011510,1,9,2309020009,태평소곱창
g_g011510,1,10,2309020010,대전복합터미널
g_g011510,1,11,2309020011,화양연화
g_g011510,1,12,2309020012,대전역
g_g011510,1,13,2309020013,집
g_g011511,1,1,2309170001,집
g_g011511,1,2,2309170002,돌담 쌈밥
g_g011511,1,3,2309170003,하늘물빛정원
g_g011511,1,4,2309170004,친구 집
g_g011513,1,1,2309150001,집
g_g011513,1,2,2309150003,하림 본사
g_g011513,1,3,2309150004,미륵산 순두부
g_g011513,1,4,2309150005,익산 미륵사지
g_g011513,1,5,2309150006,아가페정원
g_g011513,1,6,2309150007,보석박물관 주얼팰리스
g_g011513,1,7,2309150002,집
g_g011514,1,1,2309020001,집
g_g011514,1,2,2309020002,비거리 세종나성점
g_g011514,1,3,2309020003,국립세종수목원
g_g011514,1,4,2309020004,효자동 솥뚜껑 세종다정점
g_g011514,1,5,2309020005,집
g_g011515,1,1,2309160001,집
g_g011515,1,2,2309160002,동구 밖 과수원 길
g_g011515,1,3,2309160003,활옷 동굴
g_g011515,1,4,2309160004,충주 라바 랜드
g_g011515,1,5,2309160005,연수볼살집 충주본점
g_g011515,1,6,2309160007,집
g_g011517,1,1,2309280001,집
g_g011517,1,2,2309280002,메가 MGC 커피 익산영등제일점
g_g011517,1,3,2309280003,완미 족발 익산 영등점
g_g011517,1,4,2309280004,롯데마트 익산점
g_g011517,1,5,2309280005,올리브영 원광대점
g_g011517,1,6,2309280006,아필코 웨스턴라이프 호텔점
g_g011517,1,7,2309280007,집
g_g011519,1,1,2309080001,집
g_g011519,1,2,2309080002,시골밥상
g_g011519,1,3,2309080003,상소동 산림욕장
g_g011519,1,4,2309080004,에이트
g_g011519,1,5,2309080005,트레이더스 홀세일 클럽 월평점
g_g011519,1,6,2309080006,집
g_g011522,1,1,2309160001,집
g_g011522,1,2,2309160003,대둔산 도립공원
g_g011522,1,3,2309160002,집
g_g011524,1,1,2309160001,집
g_g011524,1,2,2309160002,주안역 1호선
g_g011524,1,3,2309160003,영등포역 1호선
g_g011524,1,4,2309160004,대전역
g_g011524,1,5,2309160005,성심당 본점
g_g011524,1,6,2309160006,인생네컷 대전은행점
g_g011524,1,7,2309160007,광천 식당
g_g011524,1,8,2309160008,대전 도산서원
g_g011524,1,9,2309160009,뮤트
g_g011524,1,10,2309160010,엑스포시민광장
g_g011524,1,11,2309160011,대전 곤충생태관
g_g011524,1,12,2309160012,흑돈가 대전직영점
g_g011524,1,13,2309160013,이비가짬뽕 유성본점
g_g011524,1,14,2309160014,대전복합터미널
g_g011524,1,15,2309160015,인천종합터미널
g_g011524,1,16,2309160016,집
g_g011526,1,1,2309160001,집
g_g011526,1,2,2309160002,옥천 순대 국밥
g_g011526,1,3,2309160003,옥천 전통문화체험관
g_g011526,1,4,2309160004,정지용 문학관
g_g011526,1,5,2309160005,커피타임
g_g011526,1,6,2309160006,집
g_g011527,1,1,2309240001,집
g_g011527,1,2,2309240002,용인휴게소 강릉방향
g_g011527,1,3,2309240003,오갑산
g_g011527,1,4,2309240004,중원 오리골
g_g011527,1,5,2309240006,이마트 여주점
g_g011527,1,6,2309240005,집
g_g011528,1,1,2309070001,집
g_g011528,1,2,2309070002,충주역 주차장
g_g011528,1,3,2309070003,대전역
g_g011528,1,4,2309070004,중앙로(대전)
g_g011528,1,5,2309070005,스타벅스 대전중앙로 R점
g_g011528,1,6,2309070006,애슐리 퀸즈 NC 중앙로역점
g_g011528,1,7,2309070007,NC백화점 중앙로역점 주차장
g_g011528,1,8,2309070008,탄동천 숲향기길
g_g011528,1,9,2309070009,국립 중앙과학관 과학기술관
g_g011528,1,10,2309070010,국립 중앙과학관 우주과학공원
g_g011528,1,11,2309070011,대덕대교
g_g011528,1,12,2309070012,교보문고 대전점
g_g011528,1,13,2309070013,대전역
g_g011528,1,14,2309070014,충주역
g_g011528,1,15,2309070015,집
g_g011529,1,1,2309050001,사무실
g_g011529,1,2,2309050003,골든힐스타워 오피스텔
g_g011529,1,3,2309050004,바다향 영산포점
g_g011529,1,4,2309050005,영산포 철도공원
g_g011529,1,5,2309050006,월하당
g_g011529,1,6,2309050002,콩샌 임동점
g_g011530,1,1,2309020001,집
g_g011530,1,2,2309020002,기흥휴게소 부산방향
g_g011530,1,3,2309020003,명도 철물 건재
g_g011530,1,4,2309020004,친척 집
g_g011530,1,5,2309020005,설화산
g_g011530,1,6,2309020006,좋은 날
g_g011530,1,7,2309020007,죽전휴게소 서울 방향
g_g011530,1,8,2309020008,염리 삼성래미안 아파트
g_g011531,1,1,2309100001,집
g_g011531,1,2,2309100002,블랙스톤 벨포르 리조트
g_g011531,1,3,2309100003,블랙스톤 벨포르 리조트 익스트림 루지
g_g011531,1,4,2309100004,이와 카페
g_g011531,1,5,2309100005,집
g_g011533,1,1,2309090001,집
g_g011533,1,2,2309090002,팔복 2주유소
g_g011533,1,3,2309090003,스타벅스 전주 IC DT점
g_g011533,1,4,2309090004,채석강
g_g011533,1,5,2309090005,바다마을
g_g011533,1,6,2309090006,봄 해 언니네
g_g011533,1,7,2309090007,치명자산 성지 평화의 전당
g_g011533,1,8,2309090008,전주 덕진 휴먼빌 2차 아파트
g_g011534,1,1,2309100001,집
g_g011534,1,2,2309100002,서울고속버스터미널(경부)
g_g011534,1,3,2309100003,천안 고속버스터미널
g_g011534,1,4,2309100004,짬뽕 지존 터미널점
g_g011534,1,5,2309100005,뚜쥬루 돌가마점
g_g011534,1,6,2309100006,아라리오갤러리 천안
g_g011534,1,7,2309100007,원조 할머니 학화호두과자 본점
g_g011534,1,8,2309100008,천안 고속버스터미널
g_g011534,1,9,2309100009,서울고속버스터미널(경부)
g_g011534,1,10,2309100010,집
g_g011537,1,1,2309160001,집
g_g011537,1,2,2309160003,목계나루
g_g011537,1,3,2309160004,충주고구려비전시관
g_g011537,1,4,2309160005,탄금대
g_g011537,1,5,2309160006,충주 무학시장
g_g011537,1,6,2309160007,의림지 솔밭공원
g_g011537,1,7,2309160008,제2의림지
g_g011537,1,8,2309160009,의림지 한방치유숲길
g_g011537,1,9,2309160010,이디야커피 제천 의림점
g_g011537,1,10,2309160011,의림지
g_g011537,1,11,2309160012,이마트 24 충주앙성로드점
g_g011537,1,12,2309160002,집
g_g011538,1,1,2309100001,집
g_g011538,1,2,2309100002,공세리성당
g_g011538,1,3,2309100003,피나클랜드 수목원
g_g011538,1,4,2309100004,대보 어죽
g_g011538,1,5,2309100005,아산 외암민속마을
g_g011538,1,6,2309100006,집
g_g011541,1,1,2309160001,집
g_g011541,1,2,2309160002,익산 교도소 세트장
g_g011541,1,3,2309160003,왕궁 보석테마관광지 다이노 키즈월드
g_g011541,1,4,2309160004,덕송 왕순대
g_g011541,1,5,2309160005,월드 헤어뉴스 롯데점
g_g011541,1,6,2309160006,집
g_g011551,1,1,2309090001,집
g_g011551,1,2,2309090002,태안서 부시장
g_g011551,1,3,2309090003,옥당
g_g011551,1,4,2309090004,꾸지나무골해수욕장
g_g011551,1,5,2309090005,집
g_g011555,1,1,2309030001,집
g_g011555,1,2,2309030002,천안상록 CC
g_g011555,1,3,2309030003,아우내장터 순대
g_g011555,1,4,2309030004,마곡사
g_g011555,1,5,2309030005,집
g_g011558,1,1,2309160001,집
g_g011558,1,2,2309160002,광한루원 광장 주차장
g_g011558,1,3,2309160003,연식당
g_g011558,1,4,2309160004,광한루원
g_g011558,1,5,2309160008,광한루원 광장 주차장
g_g011558,1,6,2309160005,미안 커피
g_g011558,1,7,2309160006,남원시립 김병종 미술관
g_g011558,1,8,2309160007,집
g_g011562,1,1,2309090001,집
g_g011562,1,2,2309090003,솔내음 산촌마을
g_g011562,1,3,2309090002,집
g_g011566,1,1,2309090001,친구 친지 집
g_g011566,1,2,2309090002,친구 픽업
g_g011566,1,3,2309090003,농민 마트 성대점
g_g011566,1,4,2309090004,버거킹 평택 죽백 DT점
g_g011566,1,5,2309090005,행담도 휴게소 양방향
g_g011566,1,6,2309090006,황금산회전교차로
g_g011566,1,7,2309090007,코끼리바위
g_g011566,1,8,2309090008,서산 명소
g_g011566,1,9,2309090009,서산 동부전통시장
g_g011566,1,10,2309090010,덕수 식당
g_g011566,1,11,2309090011,생태문화샘골도시공원
g_g011566,1,12,2309090012,투썸플레이스 태안 만남의 광장 DT점
g_g011566,1,13,2309090013,행담도 휴게소 양방향
g_g011566,1,14,2309090014,보영만두 성대직영점
g_g011566,1,15,2309090015,동신 2차 아파트
g_g011566,1,16,2309090016,녹동 낙지마당
g_g011567,1,1,2309020001,집
g_g011567,1,2,2309020002,이성당 본점
g_g011567,1,3,2309020003,초원 사진관
g_g011567,1,4,2309020004,동국사
g_g011567,1,5,2309020005,군산근대역사박물관
g_g011567,1,6,2309020006,무궁화 식당
g_g011567,1,7,2309020007,경암동 철길마을
g_g011567,1,8,2309020008,10E CAFE
g_g011567,1,9,2309020009,정안 알밤 휴게소 천안 방향
g_g011567,1,10,2309020010,집
g_g011571,1,1,2309100001,집
g_g011571,1,2,2309100003,제비봉
g_g011571,1,3,2309100004,게으른 악어
g_g011571,1,4,2309100005,수안보파크호텔
g_g011571,1,5,2309100006,충주휴게소 주유소 양평방향
g_g011571,1,6,2309100002,집
g_g011574,1,1,2309020001,집
g_g011574,1,2,2309020002,동백카츠 지웰시티점
g_g011574,1,3,2309020003,블루샥 청주 지웰시티점
g_g011574,1,4,2309020004,지웰시티몰
g_g011574,1,5,2309020005,현대백화점 충청점
g_g011574,1,6,2309020006,롯데 아웃렛 청주점
g_g011574,1,7,2309020007,투썸플레이스 신탄진 대청 호점
g_g011574,1,8,2309020008,집
g_g011577,1,1,2309100001,집
g_g011577,1,2,2309100002,온빛 자연휴양림
g_g011577,1,3,2309100003,태릉 초가집 갈비
g_g011577,1,4,2309100004,논산 선샤인 랜드
g_g011577,1,5,2309100005,집
g_g011578,1,1,2309030001,집
g_g011578,1,2,2309030002,커피인터뷰 대천점
g_g011578,1,3,2309030003,대천해수욕장
g_g011578,1,4,2309030004,진줏빛 조개구이
g_g011578,1,5,2309030005,인생네컷 대천해수욕장점
g_g011578,1,6,2309030006,코랄 커피
g_g011578,1,7,2309030007,집
g_g011580,1,1,2309020001,집
g_g011580,1,2,2309020002,예산 시장
g_g011580,1,3,2309020003,여로장터국수
g_g011580,1,4,2309020004,예산맥주 페스티벌
g_g011580,1,5,2309020005,6년 전통 예산장터국밥
g_g011580,1,6,2309020006,집
g_g011581,1,1,2309070001,집
g_g011581,1,2,2309070003,서울역
g_g011581,1,3,2309070004,대전역
g_g011581,1,4,2309070005,성심당 대전역점
g_g011581,1,5,2309070006,대전중앙시장
g_g011581,1,6,2309070007,으능정이 문화의 거리
g_g011581,1,7,2309070008,성심당 본점
g_g011581,1,8,2309070009,성심당 문화원
g_g011581,1,9,2309070010,성심당 케이크 부티크
g_g011581,1,10,2309070011,중앙로 지하상가
g_g011581,1,11,2309070012,성심당 본점
g_g011581,1,12,2309070013,트래블 라운지
g_g011581,1,13,2309070014,서울역
g_g011581,1,14,2309070015,맥도날드 서울역점
g_g011581,1,15,2309070002,집
g_g011582,1,1,2309170015,집
g_g011582,1,2,2309170001,인천종합터미널
g_g011582,1,3,2309170002,대전복합터미널
g_g011582,1,4,2309170003,대전 곰돌이
g_g011582,1,5,2309170004,대전중앙시장
g_g011582,1,6,2309170005,한밭교육박물관
g_g011582,1,7,2309170006,계족산 황톳길
g_g011582,1,8,2309170007,뻔뻔한 클래식
g_g011582,1,9,2309170008,유성호텔
g_g011582,1,10,2309170009,유성온천공원 족욕체험장
g_g011582,1,11,2309170010,대전복합터미널
g_g011582,1,12,2309170011,곰돌이 식당
g_g011582,1,13,2309170012,찰보리빵
g_g011582,1,14,2309170013,인천종합터미널
g_g011582,1,15,2309170014,집
g_g011586,1,1,2309180001,집
g_g011586,1,2,2309180002,천안역
g_g011586,1,3,2309180003,대성과
g_g011586,1,4,2309180004,천안중앙시장
g_g011586,1,5,2309180005,미나릿길벽화마을
g_g011586,1,6,2309180006,호두과자 매장
g_g011586,1,7,2309180007,집
g_g011589,1,1,2309100001,친구 친지 집
g_g011589,1,2,2309100002,카산도
g_g011589,1,3,2309100003,강론계곡
g_g011589,1,4,2309100004,연하협 구름다리
g_g011589,1,5,2309100005,함지박
g_g011589,1,6,2309100006,삼표에너지 보정동 주유소
g_g011589,1,7,2309100007,배스킨라빈스 판교 백현점
g_g011589,1,8,2309100008,판교 SK 허브 오피스텔
g_g011590,1,1,2309160001,집
g_g011590,1,2,2309160002,안성휴게소 부산방향
g_g011590,1,3,2309160003,천안호두 휴게소 부산방향
g_g011590,1,4,2309160004,성심당 본점
g_g011590,1,5,2309160005,대전중앙시장
g_g011590,1,6,2309160006,천안삼거리휴게소 서울 방향
g_g011590,1,7,2309160007,집
g_g011591,1,1,2309090001,집
g_g011591,1,2,2309090002,스킨데이
g_g011591,1,3,2309090003,예산 상설시장
g_g011591,1,4,2309090004,미크플로 예산시장점
g_g011591,1,5,2309090005,예산 황새공원
g_g011591,1,6,2309090006,광시한우테마공원
g_g011591,1,7,2309090007,홍성 남당항 대하축제
g_g011591,1,8,2309090008,집
g_g011593,1,1,2309040001,친구 친지 집
g_g011593,1,2,2309040002,나루터 가마솥 소머리곰탕
g_g011593,1,3,2309040003,무심천
g_g011593,1,4,2309040004,충북대학교 개신 캠퍼스
g_g011593,1,5,2309040005,투썸플레이스 청주 CJB 센터점
g_g011593,1,6,2309040006,노은 해랑 숲마을 5단지 아파트
g_g011597,1,1,2309090001,집
g_g011597,1,2,2309090002,누리아파트
g_g011597,1,3,2309090003,천안 성환 e 편한 세상 아파트
g_g011597,1,4,2309090004,드라마 촬영지(나의 해방일지) 성환역 편의점 커피숍
g_g011597,1,5,2309090005,티볼리
g_g011597,1,6,2309090006,빵돌 가마 마을
g_g011597,1,7,2309090007,천안 성환 e 편한 세상 아파트
g_g011597,1,8,2309090008,누리아파트
g_g011597,1,9,2309090009,집
g_g011598,1,1,2309090001,집
g_g011598,1,2,2309090010,아모르웨딩컨벤션
g_g011598,1,3,2309090002,쌈쌈남녀
g_g011598,1,4,2309090003,카페와
g_g011598,1,5,2309090004,순천드라마 촬영장
g_g011598,1,6,2309090005,트라이얼마트 광양점
g_g011598,1,7,2309090006,주공 칠성 3차 아파트
g_g011598,1,8,2309090007,광양 와인동굴
g_g011598,1,9,2309090009,장흥 정남진 휴게소
g_g011598,1,10,2309090008,집
g_g011599,1,1,2309100001,집
g_g011599,1,2,2309100002,스페이스 리브 충북대점
g_g011599,1,3,2309100003,컴포즈커피 충북대점
g_g011599,1,4,2309100004,청주 원산 냉면
g_g011599,1,5,2309100005,집
g_g011600,1,1,2309140001,집
g_g011600,1,2,2309140002,남청주시외버스 매표소
g_g011600,1,3,2309140003,대전복합터미널
g_g011600,1,4,2309140004,카리코
g_g011600,1,5,2309140005,한밭수목원
g_g011600,1,6,2309140006,이응노미술관
g_g011600,1,7,2309140007,대전시립미술관
g_g011600,1,8,2309140008,젤리 포에
g_g011600,1,9,2309140009,테마 오래
g_g011600,1,10,2309140010,복수 분식 본점
g_g011600,1,11,2309140011,프렐류드
g_g011600,1,12,2309140012,성심당 본점
g_g011600,1,13,2309140013,성심당 케이크 부티크
g_g011600,1,14,2309140014,대전복합터미널
g_g011600,1,15,2309140015,남청주시외버스 매표소
g_g011600,1,16,2309140016,집
g_g011607,1,1,2309090001,집
g_g011607,1,2,2309090002,만천하 스카이워크
g_g011607,1,3,2309090003,단양강잔도
g_g011607,1,4,2309090004,마늘이 막국수
g_g011607,1,5,2309090005,구인사
g_g011607,1,6,2309090006,집
g_g011608,1,1,2309100001,집
g_g011608,1,2,2309100003,청주동물원
g_g011608,1,3,2309100004,청주랜드 공룡 전시관
g_g011608,1,4,2309100005,나나 랜드
g_g011608,1,5,2309100006,무심천 드래건
g_g011608,1,6,2309100007,초정 행궁
g_g011608,1,7,2309100002,집
g_g011612,1,1,2309030001,집
g_g011612,1,2,2309030002,유성호텔 대온천 탕
g_g011612,1,3,2309030003,오씨칼국수
g_g011612,1,4,2309030004,성심당 본점
g_g011612,1,5,2309030005,집
g_g011613,1,1,2309170001,집
g_g011613,1,2,2309170003,꾸드뱅
g_g011613,1,3,2309170004,반석천
g_g011613,1,4,2309170005,라이크 마인 디드
g_g011613,1,5,2309170006,유성온천공원 족욕체험장
g_g011613,1,6,2309170007,계룡스파텔 황톳길
g_g011613,1,7,2309170008,비머스트
g_g011613,1,8,2309170002,집
g_g011614,1,1,2309100001,친구 친지 집
g_g011614,1,2,2309100003,공주알밤 휴게쉼터
g_g011614,1,3,2309100004,동학사 주차장
g_g011614,1,4,2309100005,브로시스컴
g_g011614,1,5,2309100006,석장리 박물관
g_g011614,1,6,2309100007,좋은 아침 페이스트리 신정호수점
g_g011614,1,7,2309100002,평택역 1호선
g_g011619,1,1,2309100001,집
g_g011619,1,2,2309100003,공주휴게소 당진 방향
g_g011619,1,3,2309100004,목포 해상 케이블카 북항 승강장
g_g011619,1,4,2309100005,목포 해상 케이블카 고하도 승강장
g_g011619,1,5,2309100006,유달산
g_g011619,1,6,2309100007,송학 낙지 회관
g_g011619,1,7,2309100008,코롬방제과점
g_g011619,1,8,2309100009,목포종합수산시장 젓갈 골목
g_g011619,1,9,2309100010,목포근대역사관 1관
g_g011619,1,10,2309100011,연희네 슈퍼
g_g011619,1,11,2309100012,목포 갓바위
g_g011619,1,12,2309100013,장터 본점
g_g011619,1,13,2309100014,함평나비 휴게소 광주방향
g_g011619,1,14,2309100002,집
g_g011620,1,1,2309150001,집
g_g011620,1,2,2309150002,웅진백제역사관
g_g011620,1,3,2309150003,국립공주 박물관
g_g011620,1,4,2309150004,고마나루 1999
g_g011620,1,5,2309150005,베이커리 밤마을
g_g011620,1,6,2309150006,공산성
g_g011620,1,7,2309150007,석장리 박물관
g_g011620,1,8,2309150008,집
g_g011622,1,1,2309100001,집
g_g011622,1,2,2309100003,충주 라바 랜드
g_g011622,1,3,2309100002,집
g_g011628,1,1,2309230001,집
g_g011628,1,2,2309230003,국립 예산 치유의 숲
g_g011628,1,3,2309230004,예산 상설시장
g_g011628,1,4,2309230005,예가 국수
g_g011628,1,5,2309230006,미크플로 예산시장점
g_g011628,1,6,2309230007,예당호 조각 공원
g_g011628,1,7,2309230008,카페 헤이지
g_g011628,1,8,2309230002,충남 천안시 동남구 청수 1길 4-66
g_g011629,1,1,2309150001,집
g_g011629,1,2,2309150002,광주 운남 주공 7단지 아파트
g_g011629,1,3,2309150003,진우네 집 국수
g_g011629,1,4,2309150004,빵쇼핑 죽녹원점
g_g011629,1,5,2309150005,죽녹원
g_g011629,1,6,2309150006,메가 MGC 커피 담양 죽녹원점
g_g011629,1,7,2309150007,플라타너스 별빛달빛길
g_g011629,1,8,2309150008,유향
g_g011629,1,9,2309150009,광주 운남 주공 7단지 아파트
g_g011629,1,10,2309150010,집
g_g011630,1,1,2309090001,집
g_g011630,1,2,2309090003,유니클로 대전 둔산점
g_g011630,1,3,2309090004,갤러리아백화점 타임월드점
g_g011630,1,4,2309090005,중앙로 지하상가
g_g011630,1,5,2309090006,신당동자갈구이
g_g011630,1,6,2309090002,집
g_g011631,1,1,2309160001,집
g_g011631,1,2,2309160002,수원역
g_g011631,1,3,2309160003,대전역
g_g011631,1,4,2309160004,엑스포시민광장
g_g011631,1,5,2309160005,김화 칼국수
g_g011631,1,6,2309160006,대전중앙시장
g_g011631,1,7,2309160007,어썸 유닛
g_g011631,1,8,2309160009,처비 칙스
g_g011631,1,9,2309160010,여기 소제
g_g011631,1,10,2309160011,벽화거리
g_g011631,1,11,2309160012,치앙마이 방콕
g_g011631,1,12,2309160013,성심당 대전역점
g_g011631,1,13,2309160014,대전역
g_g011631,1,14,2309160015,수원역
g_g011631,1,15,2309160008,집
g_g011636,1,1,2309230001,집
g_g011636,1,2,2309230003,느루 밥집
g_g011636,1,3,2309230004,청주고 인쇄 박물관
g_g011636,1,4,2309230005,사색 말차
g_g011636,1,5,2309230006,대한 성공회 청주 수동 교회
g_g011636,1,6,2309230007,육거리종합시장
g_g011636,1,7,2309230008,청주 중앙공원
g_g011636,1,8,2309230002,집
g_g011637,1,1,2309280001,집
g_g011637,1,2,2309280003,수서역
g_g011637,1,3,2309280004,천안아산역
g_g011637,1,4,2309280005,웨이 투 웨이
g_g011637,1,5,2309280006,콩트
g_g011637,1,6,2309280007,성성 호수공원
g_g011637,1,7,2309280008,겐 유동 천안 본점
g_g011637,1,8,2309280009,카페 카바나
g_g011637,1,9,2309280010,천안아산역
g_g011637,1,10,2309280011,수서역
g_g011637,1,11,2309280002,집
g_g011639,1,1,2309090001,집
g_g011639,1,2,2309090003,섬진강댐 수변공원
g_g011639,1,3,2309090004,운암 상록수 가든
g_g011639,1,4,2309090005,애뜨락
g_g011639,1,5,2309090006,임실치즈테마파크
g_g011639,1,6,2309090002,집
g_g011642,1,1,2309100001,집
g_g011642,1,2,2309100002,국립세종수목원
g_g011642,1,3,2309100003,정숙성 세종점
g_g011642,1,4,2309100004,세종중앙공원
g_g011642,1,5,2309100005,세종 호수공원
g_g011642,1,6,2309100006,집
g_g011644,1,1,2309100001,집
g_g011644,1,2,2309100004,대전시립미술관
g_g011644,1,3,2309100003,무제 카페
g_g011644,1,4,2309100005,한밭수목원
g_g011644,1,5,2309100006,대전컨벤션 센터 제2전시장
g_g011644,1,6,2309100007,오씨칼국수 도룡점
g_g011644,1,7,2309100002,집
g_g011645,1,1,2309040001,집
g_g011645,1,2,2309040003,광주송정역
g_g011645,1,3,2309040004,목포역
g_g011645,1,4,2309040005,은지네 해장국
g_g011645,1,5,2309040006,씨엘이 베이커리 본점
g_g011645,1,6,2309040007,유달산
g_g011645,1,7,2309040008,카페 수무
g_g011645,1,8,2309040009,평화광장
g_g011645,1,9,2309040010,해촌
g_g011645,1,10,2309040011,목포종합버스터미널
g_g011645,1,11,2309040012,유스퀘어 광주종합버스터미널
g_g011645,1,12,2309040002,집
g_g011657,1,1,2309170001,집
g_g011657,1,2,2309170002,더풋샵 보람
g_g011657,1,3,2309170003,희락 제1작업실
g_g011657,1,4,2309170004,교과서 박물관
g_g011657,1,5,2309170005,행정안전부 대통령기록관
g_g011657,1,6,2309170006,집
g_g011669,1,1,2309170001,집
g_g011669,1,2,2309170002,전통딴뚝칼국수
g_g011669,1,3,2309170003,꽃지해수욕장
g_g011669,1,4,2309170004,트레블 브레이크 커피
g_g011669,1,5,2309170005,안면도 쥐라기 박물관
g_g011669,1,6,2309170006,홍성 남당항 대하축제
g_g011669,1,7,2309170007,집
g_g011673,1,1,2309100001,집
g_g011673,1,2,2309100008,계룡대 실리 슈빌 아파트
g_g011673,1,3,2309100002,CGV 천안터미널
g_g011673,1,4,2309100003,이봉원의 봉짬뽕
g_g011673,1,5,2309100005,신정호 생활체육공원
g_g011673,1,6,2309100006,계룡대 실리 슈빌 아파트
g_g011673,1,7,2309100007,집
g_g011674,1,1,2309100001,집
g_g011674,1,2,2309100002,아버지 집
g_g011674,1,3,2309100003,형 집
g_g011674,1,4,2309100004,당진 졸음쉼터 목포 방향
g_g011674,1,5,2309100005,강당 초등학교
g_g011674,1,6,2309100006,강당 초등학교 인근 산책로
g_g011674,1,7,2309100007,향남애
g_g011674,1,8,2309100008,집
g_g011677,1,1,2309220001,집
g_g011677,1,2,2309220003,성심당 본점
g_g011677,1,3,2309220004,테라스 키친
g_g011677,1,4,2309220005,그믐달 셀프스튜디오 은행동점
g_g011677,1,5,2309220006,알라딘 중고서점 대전은행점
g_g011677,1,6,2309220007,중앙로 지하상가
g_g011677,1,7,2309220008,주교좌 대흥동 성당
g_g011677,1,8,2309220009,카페사 나고
g_g011677,1,9,2309220010,우동야
g_g011677,1,10,2309220011,성심당 문화원
g_g011677,1,11,2309220012,성심당 대전역점
g_g011677,1,12,2309220002,집
g_g011678,1,1,2309020001,집
g_g011678,1,2,2309020002,괴산 맛집 박우정
g_g011678,1,3,2309020003,괴산고추축제
g_g011678,1,4,2309020004,괴산 홍범식 고가
g_g011678,1,5,2309020005,산맥이 옛길
g_g011678,1,6,2309020006,집
g_g011679,1,1,2309090001,집
g_g011679,1,2,2309090003,대전시립미술관
g_g011679,1,3,2309090004,한밭수목원
g_g011679,1,4,2309090005,대전 신세계 아트앤사이언스
g_g011679,1,5,2309090006,스타벅스 대전엑스포 스카이점
g_g011679,1,6,2309090007,성심당 DCC점
g_g011679,1,7,2309090008,롯데시티 호텔 대전
g_g011679,1,8,2309090002,집
g_g011680,1,1,2309100001,집
g_g011680,1,2,2309100003,순이네 밥상
g_g011680,1,3,2309100004,중앙선 어시장
g_g011680,1,4,2309100005,하얀 파도
g_g011680,1,5,2309100006,LF 스퀘어 광양점
g_g011680,1,6,2309100007,순천 조례호수공원
g_g011680,1,7,2309100002,집
g_g011683,1,1,2309030001,집
g_g011683,1,2,2309030002,담양온천
g_g011683,1,3,2309030003,제크와 돈가스
g_g011683,1,4,2309030004,대나무골 테마공원
g_g011683,1,5,2309030005,메타 프로방스
g_g011683,1,6,2309030006,슬담
g_g011683,1,7,2309030007,집
g_g011685,1,1,2309170001,집
g_g011685,1,2,2309170002,태권도원
g_g011685,1,3,2309170003,무주 반디랜드
g_g011685,1,4,2309170004,이디야커피 무주점
g_g011685,1,5,2309170005,집
g_g011687,1,1,2309070001,집
g_g011687,1,2,2309070002,옥암 식당
g_g011687,1,3,2309070003,목포근대역사관 1관
g_g011687,1,4,2309070004,테이크 목포
g_g011687,1,5,2309070005,코롬방제과점
g_g011687,1,6,2309070006,평화광장
g_g011687,1,7,2309070007,집
g_g011691,1,1,2309140001,집
g_g011691,1,2,2309140003,의림지 용추폭포 유리 전망대
g_g011691,1,3,2309140004,제천비행장
g_g011691,1,4,2309140005,제천 돈 벌집삼겹살
g_g011691,1,5,2309140006,글루글루
g_g011691,1,6,2309140007,정방사
g_g011691,1,7,2309140008,청풍호 전망대
g_g011691,1,8,2309140002,집
g_g011692,1,1,2309170001,집
g_g011692,1,2,2309170003,동탄역
g_g011692,1,3,2309170004,장태산자연휴양림
g_g011692,1,4,2309170005,개천 식당
g_g011692,1,5,2309170006,그녀의 커피잔
g_g011692,1,6,2309170007,성심당 대전역점
g_g011692,1,7,2309170008,챔프 스페이스 커피 로프터스
g_g011692,1,8,2309170002,집
g_g011697,1,1,2309090001,집
g_g011697,1,2,2309090003,입이 즐거운 그 만두 용암점
g_g011697,1,3,2309090004,청남대
g_g011697,1,4,2309090005,쫄쫄 호떡 중앙공원 본점
g_g011697,1,5,2309090006,키만 그 커피
g_g011697,1,6,2309090007,로웨더
g_g011697,1,7,2309090008,APM 떡볶이
g_g011697,1,8,2309090009,청주 중앙공원
g_g011697,1,9,2309090010,메가 MGC 커피 청주성안길점
g_g011697,1,10,2309090002,집
g_g011704,1,1,2309090001,집
g_g011704,1,2,2309090003,안다 미로 라움
g_g011704,1,3,2309090004,세종 호수공원
g_g011704,1,4,2309090005,연남물갈비 세종반곡점
g_g011704,1,5,2309090006,국립세종수목원
g_g011704,1,6,2309090008,강변들 보람아파트
g_g011708,1,1,2309080001,집
g_g011708,1,2,2309080002,한재골 근린공원
g_g011708,1,3,2309080003,죽녹원
g_g011708,1,4,2309080004,진우네 집 국수
g_g011708,1,5,2309080005,담양 관방제림
g_g011708,1,6,2309080006,집
g_g011709,1,1,2309090001,집
g_g011709,1,2,2309090003,부소담악
g_g011709,1,3,2309090004,풍미당
g_g011709,1,4,2309090005,옥천성당
g_g011709,1,5,2309090006,포레포라
g_g011709,1,6,2309090002,집
g_g011714,1,1,2309230001,집
g_g011714,1,2,2309230002,이마트 군산점
g_g011714,1,3,2309230003,경암동 철길마을
g_g011714,1,4,2309230004,이성당 본점
g_g011714,1,5,2309230005,초원 사진관
g_g011714,1,6,2309230006,신흥동 일본식 가옥
g_g011714,1,7,2309230007,틈
g_g011714,1,8,2309230008,옥녀 교차로
g_g011714,1,9,2309230009,대장봉
g_g011714,1,10,2309230010,선유도해수욕장
g_g011714,1,11,2309230011,집
g_g011717,1,1,2309050001,집
g_g011717,1,2,2309050003,수주팔봉 구름다리
g_g011717,1,3,2309050004,구름
g_g011717,1,4,2309050005,청룡사지
g_g011717,1,5,2309050002,집
g_g011721,1,1,2309160001,집
g_g011721,1,2,2309160002,군산 고속버스터미널
g_g011721,1,3,2309160003,경암동 철길마을
g_g011721,1,4,2309160004,지린성
g_g011721,1,5,2309160005,둔율담
g_g011721,1,6,2309160006,군산근대역사박물관
g_g011721,1,7,2309160007,옛 군산세관
g_g011721,1,8,2309160008,신흥동 일본식 가옥
g_g011721,1,9,2309160009,심리서점쓰담
g_g011721,1,10,2309160010,군산과자조합
g_g011721,1,11,2309160011,군산 고속버스터미널
g_g011721,1,12,2309160012,집
g_g011722,1,1,2309300001,집
g_g011722,1,2,2309300003,순천 낙안읍성
g_g011722,1,3,2309300004,주암 해물 손칼국수
g_g011722,1,4,2309300005,2023순천만국제정원박람회
g_g011722,1,5,2309300006,다소니
g_g011722,1,6,2309300007,조훈모 과자점 팔마점
g_g011722,1,7,2309300002,집
g_g011724,1,1,2309220001,집
g_g011724,1,2,2309220002,주안역 1호선
g_g011724,1,3,2309220003,영등포역
g_g011724,1,4,2309220004,대전역
g_g011724,1,5,2309220005,비래옥
g_g011724,1,6,2309220006,트래블 라운지
g_g011724,1,7,2309220007,성심당 본점
g_g011724,1,8,2309220008,성심당 케이크 부티크
g_g011724,1,9,2309220009,성심당 문화원
g_g011724,1,10,2309220010,스타벅스 대전중앙로 R점
g_g011724,1,11,2309220011,오씨칼국수
g_g011724,1,12,2309220012,프렐류드
g_g011724,1,13,2309220013,성심당 케이크 부티크
g_g011724,1,14,2309220014,한화생명 이글스 파크
g_g011724,1,15,2309220015,다이소 대전 본점
g_g011724,1,16,2309220016,대전복합터미널
g_g011724,1,17,2309220017,집
g_g011726,1,1,2309090001,집
g_g011726,1,2,2309090002,시민 칼국수 낭월점
g_g011726,1,3,2309090003,국립 중앙과학관
g_g011726,1,4,2309090004,성심당 DCC점
g_g011726,1,5,2309090005,엑스포과학공원
g_g011726,1,6,2309090006,원조태평소국밥
g_g011726,1,7,2309090007,집
g_g011734,1,1,2309100001,친구 친지 집
g_g011734,1,2,2309100002,여수낭만항
g_g011734,1,3,2309100003,고소동 벽화마을
g_g011734,1,4,2309100004,낭만도시카페
g_g011734,1,5,2309100005,퍼스트 요트투어 by 퍼스트마린
g_g011734,1,6,2309100006,좌수영 바게트 버거
g_g011734,1,7,2309100007,여수다
g_g011734,1,8,2309100008,이순신광장
g_g011734,1,9,2309100009,상록수 빌(친구 집)
g_g011744,1,1,2309030001,집
g_g011744,1,2,2309030002,평화 국밥
g_g011744,1,3,2309030003,산티아고 커피농장
g_g011744,1,4,2309030004,중산 일몰 전망대
g_g011744,1,5,2309030006,조례대광로제비앙
g_g011744,1,6,2309030007,순천시 반려동물 문화센터
g_g011744,1,7,2309030005,집
g_g011746,1,1,2309170001,집
g_g011746,1,2,2309170003,친구야
g_g011746,1,3,2309170004,불갑산 상사화 축제
g_g011746,1,4,2309170005,영광 불갑 테마공원
g_g011746,1,5,2309170006,대전 신화수산
g_g011746,1,6,2309170007,동반자 집 내려줌
g_g011746,1,7,2309170008,집 귀가
g_g011753,1,1,2309070001,집
g_g011753,1,2,2309070002,풍미당
g_g011753,1,3,2309070003,정지용 생가
g_g011753,1,4,2309070004,커피타임
g_g011753,1,5,2309070005,강대 박
g_g011753,1,6,2309070006,집
g_g011754,1,1,2309030001,집
g_g011754,1,2,2309030002,동탄역
g_g011754,1,3,2309030003,익산역
g_g011754,1,4,2309030004,군산역
g_g011754,1,5,2309030006,초원 사진관
g_g011754,1,6,2309030005,한인옥
g_g011754,1,7,2309030007,도도하라 1호점
g_g011754,1,8,2309030008,틈
g_g011754,1,9,2309030010,동국사
g_g011754,1,10,2309030009,신흥동 일본식 가옥
g_g011754,1,11,2309030011,롯데마트 군산점
g_g011754,1,12,2309030012,해담
g_g011754,1,13,2309030013,로디드아파트먼트커피
g_g011754,1,14,2309030014,군산역
g_g011754,1,15,2309030015,동탄역
g_g011754,1,16,2309030017,집
g_g011764,1,1,2309120001,집
g_g011764,1,2,2309120003,세븐데이즈 버거
g_g011764,1,3,2309120004,천호지 근린공원
g_g011764,1,4,2309120005,피플 앤스토리
g_g011764,1,5,2309120006,아라리오갤러리 천안
g_g011764,1,6,2309120007,뚜쥬루 돌가마점
g_g011764,1,7,2309120008,천안 타운홀 전망대
g_g011764,1,8,2309120002,집
g_g011776,1,1,2309160001,집
g_g011776,1,2,2309160002,성심당 본점
g_g011776,1,3,2309160003,대전시립미술관
g_g011776,1,4,2309160005,한밭수목원
g_g011776,1,5,2309160004,이응노미술관
g_g011776,1,6,2309160006,원조태평소국밥 둔산점
g_g011776,1,7,2309160007,하레하레 갤러리아 타임월드점
g_g011776,1,8,2309160008,집
g_g011786,1,1,2309020001,집
g_g011786,1,2,2309020003,굳돌
g_g011786,1,3,2309020004,경암동 철길마을
g_g011786,1,4,2309020005,쏙 마켓
g_g011786,1,5,2309020002,집
g_g011787,1,1,2309090006,집
g_g011787,1,2,2309090001,아미 미술관
g_g011787,1,3,2309090002,로드 195카페
g_g011787,1,4,2309090003,삽교호 바다공원
g_g011787,1,5,2309090004,삽교호 놀이공원
g_g011787,1,6,2309090005,서산 동문동 한라비발디 아파트
g_g011789,1,1,2309230001,집
g_g011789,1,2,2309230002,보리 식당
g_g011789,1,3,2309230003,괴산전통시장
g_g011789,1,4,2309230004,칠보산
g_g011789,1,5,2309230005,올 어바웃 카스텔라
g_g011789,1,6,2309230006,문광저수지
g_g011789,1,7,2309230007,써브웨이 인천 삼산점
g_g011789,1,8,2309230008,집
g_g011791,1,1,2309070001,집
g_g011791,1,2,2309070003,활옷 동굴
g_g011791,1,3,2309070004,청풍 호반 케이블카 물태리역
g_g011791,1,4,2309070005,여주휴게소 주유소 인천방향
g_g011791,1,5,2309070006,CU E 안산휴게소 인천점
g_g011791,1,6,2309070007,집
g_g011803,1,1,2309190001,집
g_g011803,1,2,2309190002,제크와 돈가스
g_g011803,1,3,2309190003,죽녹원
g_g011803,1,4,2309190004,추원당 카페
g_g011803,1,5,2309190005,담다
g_g011803,1,6,2309190006,담양 관방제림
g_g011803,1,7,2309190007,집
g_g011805,1,1,2309030001,집
g_g011805,1,2,2309030003,프랭크 버거 청주 율량점
g_g011805,1,3,2309030004,문화제조창 본관
g_g011805,1,4,2309030005,국립현대미술관 청주
g_g011805,1,5,2309030006,어더 아사
g_g011805,1,6,2309030002,집
g_g011813,1,1,2309230001,집
g_g011813,1,2,2309230002,레인보 식물원
g_g011813,1,3,2309230003,영동 와인터널
g_g011813,1,4,2309230004,레인보 힐링센터
g_g011813,1,5,2309230005,길등대
g_g011813,1,6,2309230006,안성 식당
g_g011813,1,7,2309230007,집
g_g011816,1,1,2309100001,집
g_g011816,1,2,2309100002,서울역
g_g011816,1,3,2309100003,대전역
g_g011816,1,4,2309100004,떡만집 본점
g_g011816,1,5,2309100005,마르샤
g_g011816,1,6,2309100006,이응노미술관
g_g011816,1,7,2309100007,둔산대공원
g_g011816,1,8,2309100008,성심당 롯데백화점 대전점
g_g011816,1,9,2309100009,양현 담소 곱창
g_g011816,1,10,2309100010,대전역
g_g011816,1,11,2309100011,서울역
g_g011816,1,12,2309100012,집
g_g011818,1,1,2309070001,집
g_g011818,1,2,2309070002,싶빵공장 둔산월평점
g_g011818,1,3,2309070003,이응노미술관
g_g011818,1,4,2309070004,한밭수목원
g_g011818,1,5,2309070005,무빙 셸터 카페
g_g011818,1,6,2309070006,오늘 유성 뒷고기 본점
g_g011818,1,7,2309070007,집
g_g011819,1,1,2309120001,집
g_g011819,1,2,2309120004,화성휴게소 목포 방향
g_g011819,1,3,2309120003,남당항
g_g011819,1,4,2309120005,꽃지해수욕장
g_g011819,1,5,2309120002,집
g_g011821,1,1,2309090001,집
g_g011821,1,2,2309090003,교과서 박물관
g_g011821,1,3,2309090004,명륜진사갈비 세종 소담점
g_g011821,1,4,2309090002,집
g_g011822,1,1,2309090001,집
g_g011822,1,2,2309090004,장자도 공영주차장
g_g011822,1,3,2309090002,대장봉
g_g011822,1,4,2309090003,물고기자리
g_g011822,1,5,2309090005,군산 새만금 컨벤션 센터
g_g011822,1,6,2309090006,이성당 본점
g_g011822,1,7,2309090007,동국사
g_g011822,1,8,2309090008,은파호수공원
g_g011822,1,9,2309090009,고창 고인돌휴게소 목포 방향
g_g011822,1,10,2309090010,집
g_g011824,1,1,2309020001,집
g_g011824,1,2,2309020002,산장 가든
g_g011824,1,3,2309020003,도도리 파크
g_g011824,1,4,2309020004,집
g_g011825,1,1,2309100001,집
g_g011825,1,2,2309100002,우시장 국밥
g_g011825,1,3,2309100003,공주금성여자고등학교 인근
g_g011825,1,4,2309100004,굿밤
g_g011825,1,5,2309100005,국립공주 박물관
g_g011825,1,6,2309100006,집
g_g011826,1,1,2309170001,집
g_g011826,1,2,2309170002,부귀 편백숲 산림욕장
g_g011826,1,3,2309170003,연꽃 두부
g_g011826,1,4,2309170004,마이산탑사
g_g011826,1,5,2309170005,집
g_g011827,1,1,2309160001,집
g_g011827,1,2,2309160002,영등포역
g_g011827,1,3,2309160003,예산역
g_g011827,1,4,2309160004,예당호 출렁다리 및 느린 호수길
g_g011827,1,5,2309160005,황새 예당호 편의점
g_g011827,1,6,2309160006,옛날순대 국밥
g_g011827,1,7,2309160007,예산역
g_g011827,1,8,2309160008,집
g_g011829,1,1,2309150001,집
g_g011829,1,2,2309150002,다원 돌솥밥
g_g011829,1,3,2309150003,진천 농다리
g_g011829,1,4,2309150004,화계절
g_g011829,1,5,2309150005,집
g_g011830,1,1,2309100001,집
g_g011830,1,2,2309100002,광한루원
g_g011830,1,3,2309100003,그랑 깨
g_g011830,1,4,2309100004,남원항공 우주천문대
g_g011830,1,5,2309100005,남원시립 김병종 미술관
g_g011830,1,6,2309100006,집
g_g011832,1,1,2309100001,집
g_g011832,1,2,2309100002,산성 가든
g_g011832,1,3,2309100003,머루와인동굴
g_g011832,1,4,2309100004,무주반딧불시장
g_g011832,1,5,2309100005,집
g_g011833,1,1,2309100001,집
g_g011833,1,2,2309100002,CU 대전뉴탄방타운점
g_g011833,1,3,2309100003,솥뚜껑 매운탕
g_g011833,1,4,2309100004,공산성
g_g011833,1,5,2309100005,공주토실이쌀밤빵
g_g011833,1,6,2309100006,집
g_g011835,1,1,2309140001,집
g_g011835,1,2,2309140002,세량지주차장
g_g011835,1,3,2309140003,산마을 도토리
g_g011835,1,4,2309140004,델리프랑스 화순
g_g011835,1,5,2309140005,도곡농협 로컬푸드 직매장
g_g011835,1,6,2309140006,집
g_g011836,1,1,2309090001,친구 친지 집
g_g011836,1,2,2309090003,코롬방제과점
g_g011836,1,3,2309090004,카페 유달 역
g_g011836,1,4,2309090006,푼푼
g_g011836,1,5,2309090005,비판이네
g_g011836,1,6,2309090007,목포 연희네 포차 목포 항구 포차 9호점
g_g011836,1,7,2309090008,목포 스카이워크
g_g011836,1,8,2309090002,단독주택
g_g011837,1,1,2309180001,집
g_g011837,1,2,2309180002,서울역
g_g011837,1,3,2309180003,대전역
g_g011837,1,4,2309180004,희락 반점
g_g011837,1,5,2309180005,대동 하늘공원
g_g011837,1,6,2309180006,대전 신세계 아트앤사이언스
g_g011837,1,7,2309180007,한밭수목원
g_g011837,1,8,2309180008,으능정이 문화의 거리
g_g011837,1,9,2309180009,성심당 본점
g_g011837,1,10,2309180010,바로 그 집 대전중앙로 지하상가 점
g_g011837,1,11,2309180011,대전역
g_g011837,1,12,2309180012,서울역
g_g011837,1,13,2309180013,집
g_g011838,1,1,2309150001,집
g_g011838,1,2,2309150003,마장 프리미엄 휴게소 힐링 전망
g_g011838,1,3,2309150004,카페 드니
g_g011838,1,4,2309150005,우림 칼국수 본점
g_g011838,1,5,2309150006,프롬 썬
g_g011838,1,6,2309150007,입장거봉포도 휴게소 서울 방향
g_g011838,1,7,2309150008,서초 포레스타 2단지 아파트
g_g011838,1,8,2309150002,집
g_g011840,1,1,2309090001,집
g_g011840,1,2,2309090002,서산휴게소 목포 방향
g_g011840,1,3,2309090003,옛 기찻길
g_g011840,1,4,2309090004,세영 갈비
g_g011840,1,5,2309090005,대천 IC 충전소
g_g011840,1,6,2309090006,공순이네
g_g011840,1,7,2309090007,대천해수욕장
g_g011840,1,8,2309090008,인생네컷 대천 머드광장점
g_g011840,1,9,2309090009,매송휴게소 서울 방향
g_g011840,1,10,2309090010,집
g_g011841,1,1,2309090001,집
g_g011841,1,2,2309090002,영등포역
g_g011841,1,3,2309090003,대전역
g_g011841,1,4,2309090004,개천 식당
g_g011841,1,5,2309090005,대전중앙시장
g_g011841,1,6,2309090006,한밭수목원
g_g011841,1,7,2309090007,한빛탑 광장
g_g011841,1,8,2309090008,성심당 본점
g_g011841,1,9,2309090009,송림 식당
g_g011841,1,10,2309090010,대전역
g_g011841,1,11,2309090011,집
g_g011843,1,1,2309120001,집
g_g011843,1,2,2309120002,동서울 종합터미널
g_g011843,1,3,2309120003,정안휴게소 환승정류소(하행)
g_g011843,1,4,2309120004,군산 고속버스터미널
g_g011843,1,5,2309120007,군산근대역사박물관
g_g011843,1,6,2309120005,서래 물총칼국수
g_g011843,1,7,2309120006,경암동 철길마을
g_g011843,1,8,2309120008,이성당 본점
g_g011843,1,9,2309120009,초원 사진관
g_g011843,1,10,2309120010,신흥동 일본식 가옥
g_g011843,1,11,2309120011,군산 고속버스터미널
g_g011843,1,12,2309120012,동서울 종합터미널
g_g011843,1,13,2309120013,집
g_g011847,1,1,2309030001,집
g_g011847,1,2,2309030002,병천 전통순대 본점
g_g011847,1,3,2309030003,천안종합휴양관광지
g_g011847,1,4,2309030004,히든 커피
g_g011847,1,5,2309030005,독립기념관
g_g011847,1,6,2309030006,집
g_g011849,1,1,2309170001,집
g_g011849,1,2,2309170002,충청남도교육청 과학교육원
g_g011849,1,3,2309170003,서가앤쿡 아산신정호수점
g_g011849,1,4,2309170004,신정호 관광단지
g_g011849,1,5,2309170005,장영실 과학관
g_g011849,1,6,2309170006,아산시시설관리공단 아산시 생태곤충원
g_g011849,1,7,2309170007,아산그린타워
g_g011849,1,8,2309170008,집
g_g011850,1,1,2309100001,집
g_g011850,1,2,2309100002,천안박물관
g_g011850,1,3,2309100003,창당 정원
g_g011850,1,4,2309100004,학화호두과자 구성동 본점
g_g011850,1,5,2309100005,집
g_g011851,1,1,2309160001,집
g_g011851,1,2,2309160002,부산역
g_g011851,1,3,2309160003,대전역
g_g011851,1,4,2309160004,성심당 대전역점
g_g011851,1,5,2309160005,대전역 지하상가
g_g011851,1,6,2309160006,목척교
g_g011851,1,7,2309160007,스타벅스 은행동점
g_g011851,1,8,2309160008,으능정이 문화의 거리
g_g011851,1,9,2309160009,대전 중구 대흥로 121번 길 3-3
g_g011851,1,10,2309160010,땡큐 베리머치
g_g011851,1,11,2309160011,트래블 라운지
g_g011851,1,12,2309160012,성심당 대전역점
g_g011851,1,13,2309160013,탑클라우드 호텔 대전점
g_g011851,1,14,2309160014,까치호랑이
g_g011851,1,15,2309160015,월평역 대전 1호선
g_g011851,1,16,2309160016,대전역 대전 1호선
g_g011851,1,17,2309160017,부산역
g_g011851,1,18,2309160018,집
g_g011852,1,1,2309130001,집
g_g011852,1,2,2309130002,청풍호 관광 모노레일
g_g011852,1,3,2309130003,충주호 크루즈 청풍나루
g_g011852,1,4,2309130004,청풍명월
g_g011852,1,5,2309130005,비룡다 저수지
g_g011852,1,6,2309130006,의림지
g_g011852,1,7,2309130007,의림지 역사박물관
g_g011852,1,8,2309130008,의림지 용추폭포 유리 전망대
g_g011852,1,9,2309130009,의림지 파크랜드
g_g011852,1,10,2309130010,제천 중앙시장
g_g011852,1,11,2309130011,집
g_g011854,1,1,2309150001,집
g_g011854,1,2,2309150003,제크와 돈가스
g_g011854,1,3,2309150004,담수로 153
g_g011854,1,4,2309150005,죽녹원
g_g011854,1,5,2309150006,요리 온
g_g011854,1,6,2309150002,집
g_g011857,1,1,2309100004,친구 친지 집
g_g011857,1,2,2309100001,때 사랑
g_g011857,1,3,2309100002,담양 관방제림
g_g011857,1,4,2309100003,카페 INU
g_g011857,1,5,2309100005,주월 현대 1차 아파트
g_g011858,1,1,2309020001,집
g_g011858,1,2,2309020002,예산 시장
g_g011858,1,3,2309020003,예당호 출렁다리
g_g011858,1,4,2309020004,스모크 타운
g_g011858,1,5,2309020005,평택국제중앙시장
g_g011858,1,6,2309020006,집
g_g011859,1,1,2309170001,집
g_g011859,1,2,2309170002,대둔산 자연휴양림
g_g011859,1,3,2309170003,대둔산 호텔
g_g011859,1,4,2309170004,용강 식당
g_g011859,1,5,2309170005,용담댐 조각 공원
g_g011859,1,6,2309170006,금산인삼농협 새 금산지점
g_g011859,1,7,2309170007,집
g_g011860,1,1,2309170001,집
g_g011860,1,2,2309170002,삼길포항
g_g011860,1,3,2309170003,홍성 남당항 대하축제
g_g011860,1,4,2309170004,홍성 제빵소
g_g011860,1,5,2309170005,집
g_g011872,1,1,2309090001,집
g_g011872,1,2,2309090003,신정호 수변공원
g_g011872,1,3,2309090004,아마르 라운지
g_g011872,1,4,2309090006,뮤직 온 페스티벌
g_g011872,1,5,2309090005,온양온천시장
g_g011872,1,6,2309090002,집
g_g011873,1,1,2309090001,집
g_g011873,1,2,2309090003,경모네 젓갈백반
g_g011873,1,3,2309090004,논산 선샤인 랜드
g_g011873,1,4,2309090005,반월 소바
g_g011873,1,5,2309090002,집
g_g011876,1,1,2309090001,집
g_g011876,1,2,2309090002,유스퀘어 광주종합버스터미널
g_g011876,1,3,2309090003,여천 시외버스정류장
g_g011876,1,4,2309090004,브런치빈 여수점
g_g011876,1,5,2309090005,히어로즈(HereRose)
g_g011876,1,6,2309090006,GS칼텍스 예울마루 대극장
g_g011876,1,7,2309090007,맥도날드 여수 학동 DT점
g_g011876,1,8,2309090008,롯데마트 여천점
g_g011876,1,9,2309090009,여천 시외버스정류장
g_g011876,1,10,2309090010,유스퀘어 광주종합버스터미널
g_g011876,1,11,2309090011,집
g_g011881,1,1,2309140001,집
g_g011881,1,2,2309140002,덩실 분식
g_g011881,1,3,2309140003,봉담뜰&송이랑게
g_g011881,1,4,2309140005,초록 길 자전거 체험센터
g_g011881,1,5,2309140004,비룡다 저수지
g_g011881,1,6,2309140006,제천 에코 브리지
g_g011881,1,7,2309140007,제천비행장
g_g011881,1,8,2309140008,티 카페 차센
g_g011881,1,9,2309140009,의림지
g_g011881,1,10,2309140010,라온 숨
g_g011881,1,11,2309140011,하이 롱 양꼬치
g_g011881,1,12,2309140012,집
g_g011882,1,1,2309090001,집
g_g011882,1,2,2309090002,단양구경시장
g_g011882,1,3,2309090003,소금정공원 달맞이 포차
g_g011882,1,4,2309090004,팝스월드 다자구할미네
g_g011882,1,5,2309090005,치악산 휴게소
g_g011882,1,6,2309090006,집
g_g011890,1,1,2309160001,집
g_g011890,1,2,2309160003,스플라스 리솜
g_g011890,1,3,2309160004,본가 두부전문점
g_g011890,1,4,2309160002,집
g_g011899,1,1,2309090001,사무실
g_g011899,1,2,2309090002,타프 이너프
g_g011899,1,3,2309090003,여민 뜰
g_g011899,1,4,2309090004,평택호 관광단지
g_g011900,1,1,2309090001,집
g_g011900,1,2,2309090002,김화 칼국수
g_g011900,1,3,2309090003,대전중앙시장
g_g011900,1,4,2309090004,헤레디움
g_g011900,1,5,2309090005,엑스트라 커피
g_g011900,1,6,2309090006,갤러리아백화점 타임월드점
g_g011900,1,7,2309090007,떡만집 본점
g_g011900,1,8,2309090008,엑스포시민광장
g_g011900,1,9,2309090009,한밭수목원
g_g011900,1,10,2309090010,이응노미술관
g_g011900,1,11,2309090011,토미야
g_g011900,1,12,2309090012,대전역
g_g011900,1,13,2309090013,집
g_g011903,1,1,2309090001,집
g_g011903,1,2,2309090009,유스퀘어 광주종합버스터미널
g_g011903,1,3,2309090010,전주 고속버스터미널
g_g011903,1,4,2309090002,전주 풍개 지관
g_g011903,1,5,2309090003,객사길
g_g011903,1,6,2309090004,전주 한벽 문화관
g_g011903,1,7,2309090005,한벽당
g_g011903,1,8,2309090006,전주객리단길 카페거리
g_g011903,1,9,2309090007,프랭크 커핀 바
g_g011903,1,10,2309090011,전주 고속버스터미널
g_g011903,1,11,2309090008,집
g_g011904,1,1,2309070001,집
g_g011904,1,2,2309070002,성심당 본점
g_g011904,1,3,2309070003,성심당 케이크 부티크
g_g011904,1,4,2309070004,성심당 문화원
g_g011904,1,5,2309070006,한밭수목원
g_g011904,1,6,2309070007,Cafe slowing daze
g_g011904,1,7,2309070008,성심당 본점
g_g011904,1,8,2309070009,성심당 케이크 부티크
g_g011904,1,9,2309070010,대전복합터미널
g_g011904,1,10,2309070005,집
g_g011905,1,1,2309160001,집
g_g011905,1,2,2309160002,청량리역
g_g011905,1,3,2309160003,단양역
g_g011905,1,4,2309160004,도담상봉
g_g011905,1,5,2309160005,석문
g_g011905,1,6,2309160006,도담삼봉
g_g011905,1,7,2309160007,대산 원조 마늘순대
g_g011905,1,8,2309160008,카페인 단양
g_g011905,1,9,2309160009,단양강잔도
g_g011905,1,10,2309160010,만천하 스카이워크
g_g011905,1,11,2309160011,단양역
g_g011905,1,12,2309160012,청량리역
g_g011905,1,13,2309160013,집
g_g011908,1,1,2309050001,집
g_g011908,1,2,2309050003,광명역
g_g011908,1,3,2309050004,대전역
g_g011908,1,4,2309050005,성심당 본점
g_g011908,1,5,2309050006,테라스 키친
g_g011908,1,6,2309050007,성심당 옛 맛 솜씨
g_g011908,1,7,2309050008,다다르다
g_g011908,1,8,2309050009,대전 신세계 아트앤사이언스
g_g011908,1,9,2309050010,스타벅스 대전엑스포 스카이점
g_g011908,1,10,2309050011,엑스포시민광장
g_g011908,1,11,2309050012,대전시립미술관
g_g011908,1,12,2309050013,한밭수목원
g_g011908,1,13,2309050014,엑스포과학공원 한빛탑
g_g011908,1,14,2309050015,성심당 대전역점
g_g011908,1,15,2309050016,틈새라면 대전역사점
g_g011908,1,16,2309050017,광명역
g_g011908,1,17,2309050002,집
g_g011914,1,1,2309090001,집
g_g011914,1,2,2309090003,인천종합터미널
g_g011914,1,3,2309090004,정부세종청사 정류장
g_g011914,1,4,2309090005,나만 봄 카페
g_g011914,1,5,2309090006,구공 스테이 안온
g_g011914,1,6,2309090007,오송역
g_g011914,1,7,2309090008,서울역
g_g011914,1,8,2309090002,집
g_g011917,1,1,2309100001,집
g_g011917,1,2,2309100003,동행자 집
g_g011917,1,3,2309100004,안산 버스터미널
g_g011917,1,4,2309100005,당진 버스터미널
g_g011917,1,5,2309100006,안섬포구
g_g011917,1,6,2309100007,대아 우렁이 전문식당
g_g011917,1,7,2309100008,삽교호 놀이공원
g_g011917,1,8,2309100009,카페 피어라
g_g011917,1,9,2309100010,아미 미술관
g_g011917,1,10,2309100011,빙빙 반점 당진 본점
g_g011917,1,11,2309100012,독일 베이커리 2호점
g_g011917,1,12,2309100013,당진 버스터미널
g_g011917,1,13,2309100014,안산 버스터미널
g_g011917,1,14,2309100002,동행자 집
g_g011918,1,1,2309090005,집
g_g011918,1,2,2309090001,엄마의 쌈밥
g_g011918,1,3,2309090002,대천해수욕장
g_g011918,1,4,2309090003,우유 창고
g_g011918,1,5,2309090004,보령 청보리밭
g_g011918,1,6,2309090006,집
g_g011922,1,1,2309220001,집
g_g011922,1,2,2309220003,김화 칼국수
g_g011922,1,3,2309220004,여기 소제
g_g011922,1,4,2309220005,처비 칙스
g_g011922,1,5,2309220006,대전시립미술관
g_g011922,1,6,2309220007,한밭수목원
g_g011922,1,7,2309220008,와타요업
g_g011922,1,8,2309220009,성심당 본점
g_g011922,1,9,2309220002,집
g_g011924,1,1,2309150001,집
g_g011924,1,2,2309150002,모퉁이 부엌
g_g011924,1,3,2309150003,익산 미륵사지
g_g011924,1,4,2309150004,메이드 인 헤븐
g_g011924,1,5,2309150005,집
g_g011925,1,1,2309170001,집
g_g011925,1,2,2309170002,밀지 나비 휴게소
g_g011925,1,3,2309170003,꽃무릇공원
g_g011925,1,4,2309170004,큰맘 할미 순댓국
g_g011925,1,5,2309170005,함평군 양서 파충류 생태공원
g_g011925,1,6,2309170006,함평자연 생태공원
g_g011925,1,7,2309170007,돌머리해수욕장
g_g011925,1,8,2309170008,포베도 커피
g_g011925,1,9,2309170009,집
g_g011926,1,1,2309080001,집
g_g011926,1,2,2309080002,광주송정역
g_g011926,1,3,2309080003,선화동 소머리 해장국 본점
g_g011926,1,4,2309080004,오동빌 34호
g_g011926,1,5,2309080005,프렐류드
g_g011926,1,6,2309080006,성심당 본점
g_g011926,1,7,2309080007,성심당 문화원
g_g011926,1,8,2309080008,대전시립미술관 창작센터
g_g011926,1,9,2309080009,서대전역
g_g011926,1,10,2309080010,집
g_g011927,1,1,2309130002,집
g_g011927,1,2,2309130003,수원 버스터미널
g_g011927,1,3,2309130004,당진 버스터미널
g_g011927,1,4,2309130005,면천읍성
g_g011927,1,5,2309130006,군자정
g_g011927,1,6,2309130007,면천읍성안 그 미술관
g_g011927,1,7,2309130008,아미 미술관
g_g011927,1,8,2309130009,기지시 줄다리기 박물관
g_g011927,1,9,2309130010,한국 도량형 박물관
g_g011927,1,10,2309130011,당진 문학관
g_g011927,1,11,2309130012,더 커피 볶는 집
g_g011927,1,12,2309130013,당진 버스터미널
g_g011927,1,13,2309130014,수원 버스터미널
g_g011927,1,14,2309130001,오산 소방서 근처 하차
g_g011928,1,1,2309120001,집
g_g011928,1,2,2309120002,서도역 영상 촬영장
g_g011928,1,3,2309120003,맛고기
g_g011928,1,4,2309120004,광한루원
g_g011928,1,5,2309120005,신바람 난 찐빵손만두
g_g011928,1,6,2309120006,요천 생태습지공원
g_g011928,1,7,2309120007,남원시립 김병종 미술관
g_g011928,1,8,2309120008,승일교
g_g011928,1,9,2309120009,모정 앤티크 카페
g_g011928,1,10,2309120010,집
g_g011929,1,1,2309160001,집
g_g011929,1,2,2309160002,창동역 4호선
g_g011929,1,3,2309160003,화서역 1호선
g_g011929,1,4,2309160004,스타벅스 수원정자사거리DT점
g_g011929,1,5,2309160005,행담도 휴게소 양방향
g_g011929,1,6,2309160006,째보식당 본점
g_g011929,1,7,2309160007,초원 사진관
g_g011929,1,8,2309160008,신흥동 일본식 가옥
g_g011929,1,9,2309160009,옛 군산세관
g_g011929,1,10,2309160010,이성당 본점
g_g011929,1,11,2309160011,경암동 철길마을
g_g011929,1,12,2309160012,빈빈
g_g011929,1,13,2309160013,태성 반점
g_g011929,1,14,2309160014,과천역 4호선
g_g011929,1,15,2309160015,집
g_g011930,1,1,2309050001,집
g_g011930,1,2,2309050002,화지중앙시장
g_g011930,1,3,2309050003,탑정호 출렁다리
g_g011930,1,4,2309050004,레이크힐 제빵소
g_g011930,1,5,2309050005,탑전 호수변 생태공원
g_g011930,1,6,2309050006,백제군사 박물관 (휴업 중)
g_g011930,1,7,2309050007,유진 짬뽕 앤 돈가스
g_g011930,1,8,2309050008,집
g_g011931,1,1,2309100001,집
g_g011931,1,2,2309100003,메타 프로방스
g_g011931,1,3,2309100004,옐로 지브라 담양 곤충 박물관
g_g011931,1,4,2309100005,옐로 지브라 담양 곤충 박물관 내 커피숍
g_g011931,1,5,2309100006,담양 메타세쿼이아 랜드 어린이 프로방스
g_g011931,1,6,2309100002,집
g_g011934,1,1,2309050001,친구 친지 집
g_g011934,1,2,2309050002,남부터미널 역 3호선
g_g011934,1,3,2309050003,천안 고속버스터미널
g_g011934,1,4,2309050004,황룡사
g_g011934,1,5,2309050005,아라리오갤러리 천안
g_g011934,1,6,2309050006,차이 797플러스 천안아산점
g_g011934,1,7,2309050007,신세계백화점 천안아산점
g_g011934,1,8,2309050009,천안 고속버스터미널
g_g011934,1,9,2309050008,홀리데이인 익스프레스
g_g011940,1,1,2309090001,집
g_g011940,1,2,2309090002,죽녹원
g_g011940,1,3,2309090003,담양 앞집
g_g011940,1,4,2309090004,투썸플레이스 담양 백동사거리점
g_g011940,1,5,2309090005,집
g_g011942,1,1,2309080001,집
g_g011942,1,2,2309080002,죽녹원
g_g011942,1,3,2309080003,김순옥 댓잎 찹쌀도넛 본점
g_g011942,1,4,2309080004,옛날 진미국수
g_g011942,1,5,2309080005,담양 관방제림
g_g011942,1,6,2309080006,집
g_g011943,1,1,2309150001,집
g_g011943,1,2,2309150003,고서회관
g_g011943,1,3,2309150004,창평 향교
g_g011943,1,4,2309150005,소쇄원
g_g011943,1,5,2309150006,한옥에서 좋은 날
g_g011943,1,6,2309150002,집
g_g011944,1,1,2309160001,집
g_g011944,1,2,2309160002,천안터미널
g_g011944,1,3,2309160003,킨이로텐
g_g011944,1,4,2309160004,한움
g_g011944,1,5,2309160005,교보문고 천안점
g_g011944,1,6,2309160006,신부 문화거리
g_g011944,1,7,2309160007,사람 그리고 이야기
g_g011944,1,8,2309160008,천호 저수지
g_g011944,1,9,2309160009,코이 라멘 천안터미널점
g_g011944,1,10,2309160010,집
g_g011949,1,1,2309140001,집
g_g011949,1,2,2309140002,우리들 공원
g_g011949,1,3,2309140003,성심당 본점
g_g011949,1,4,2309140004,성심당 문화원
g_g011949,1,5,2309140005,테라스 키친
g_g011949,1,6,2309140006,성심당 케이크 부티크
g_g011949,1,7,2309140007,대전시립미술관
g_g011949,1,8,2309140008,집
g_g011950,1,1,2309130001,집
g_g011950,1,2,2309130002,유성호텔
g_g011950,1,3,2309130003,성심당 본점
g_g011950,1,4,2309130004,대전역
g_g011950,1,5,2309130005,집
g_g011952,1,1,2309070001,집
g_g011952,1,2,2309070002,유스퀘어 광주종합버스터미널
g_g011952,1,3,2309070003,순천종합버스터미널
g_g011952,1,4,2309070004,제일 식당 2호점
g_g011952,1,5,2309070005,비버 베이크하우스
g_g011952,1,6,2309070006,순천만 국가정원
g_g011952,1,7,2309070007,순천만습지
g_g011952,1,8,2309070008,순천만 국가정원
g_g011952,1,9,2309070009,순천 양조장
g_g011952,1,10,2309070010,순천종합버스터미널
g_g011952,1,11,2309070011,유스퀘어 광주종합버스터미널
g_g011952,1,12,2309070012,집
g_g011966,1,1,2309140001,집
g_g011966,1,2,2309140002,운주산성
g_g011966,1,3,2309140003,세종전통장류 박물관
g_g011966,1,4,2309140004,자담
g_g011966,1,5,2309140005,베어트리 파크
g_g011966,1,6,2309140006,카페 U769
g_g011966,1,7,2309140007,집
g_g011970,1,1,2309170001,집
g_g011970,1,2,2309170002,온기
g_g011970,1,3,2309170003,안다 미로 라움
g_g011970,1,4,2309170004,세종 호수공원
g_g011970,1,5,2309170005,프레 씨엘 세종시청점
g_g011970,1,6,2309170006,집
g_g011971,1,1,2309170001,집
g_g011971,1,2,2309170003,대전 월드컵 경기장
g_g011971,1,3,2309170004,이화원
g_g011971,1,4,2309170005,대전 어린이 회관
g_g011971,1,5,2309170006,에이트
g_g011971,1,6,2309170002,집
g_g011972,1,1,2309160001,집
g_g011972,1,2,2309160002,행신역
g_g011972,1,3,2309160003,대전역
g_g011972,1,4,2309160004,성심당 대전역점
g_g011972,1,5,2309160005,한밭수목원
g_g011972,1,6,2309160006,국립 중앙과학관
g_g011972,1,7,2309160007,본이당 은행점
g_g011972,1,8,2309160008,성심당 본점
g_g011972,1,9,2309160009,성심당 케이크 부티크
g_g011972,1,10,2309160010,폴리스 백
g_g011972,1,11,2309160011,콜드 버터 베이크 숍
g_g011972,1,12,2309160012,롯데리아 대전역사점
g_g011972,1,13,2309160013,대전역
g_g011972,1,14,2309160015,행신역
g_g011972,1,15,2309160014,집
g_g011983,1,1,2309060001,집
g_g011983,1,2,2309060002,국수영
g_g011983,1,3,2309060003,전주한옥마을
g_g011983,1,4,2309060004,한벽굴
g_g011983,1,5,2309060005,생생 고기 백화점
g_g011983,1,6,2309060006,집
g_g011990,1,1,2309060001,집
g_g011990,1,2,2309060002,부모님댁
g_g011990,1,3,2309060003,옛날 우렁이 식당 본점
g_g011990,1,4,2309060004,아미 미술관
g_g011990,1,5,2309060005,간월암
g_g011990,1,6,2309060006,신동 장어와 새우
g_g011990,1,7,2309060007,부모님댁
g_g011996,1,1,2309100001,집
g_g011996,1,2,2309100003,죽녹원 생태전시관
g_g011996,1,3,2309100004,메타 프로방스
g_g011996,1,4,2309100005,메타 프로방스
g_g011996,1,5,2309100006,담다
g_g011996,1,6,2309100002,금호타운 1단지 아파트
g_g011999,1,1,2309090001,집
g_g011999,1,2,2309090003,국립생태원
g_g011999,1,3,2309090004,서천 갯벌 장항 스카이워크 송림 산림욕장 및 인근
g_g011999,1,4,2309090005,국립 해양생물자원관
g_g011999,1,5,2309090006,한나 낙지마당
g_g011999,1,6,2309090007,금강하굿둑
g_g011999,1,7,2309090008,조류생태전시관
g_g011999,1,8,2309090009,장항역
g_g011999,1,9,2309090002,집
g_g012152,1,1,2309100001,집
g_g012152,1,2,2309100002,세종 호수공원
g_g012152,1,3,2309100003,국립세종수목원
g_g012152,1,4,2309100004,사리원 면옥
g_g012152,1,5,2309100005,집
g_g012153,1,1,2309090001,집
g_g012153,1,2,2309090002,파리바게뜨 경성갈마점
g_g012153,1,3,2309090003,베어트리 파크
g_g012153,1,4,2309090004,베어트리 파크 1층 카페
g_g012153,1,5,2309090005,베어트리 파크 레스토랑
g_g012153,1,6,2309090006,스타벅스 대전갈마DT점 주차장
g_g012153,1,7,2309090007,집
g_g012155,1,1,2309090001,집
g_g012155,1,2,2309090003,삼포 가든
g_g012155,1,3,2309090004,남원 요천 권역 아리안
g_g012155,1,4,2309090005,미안 커피
g_g012155,1,5,2309090006,광한루원
g_g012155,1,6,2309090007,월향재
g_g012155,1,7,2309090002,집
g_g012157,1,1,2309080001,집
g_g012157,1,2,2309080002,죽녹원
g_g012157,1,3,2309080003,옥빈관
g_g012157,1,4,2309080004,담양 관방제림
g_g012157,1,5,2309080005,메타 프로방스
g_g012157,1,6,2309080006,담빛예술창고
g_g012157,1,7,2309080007,집
g_g012159,1,1,2309090001,집
g_g012159,1,2,2309090002,현충사
g_g012159,1,3,2309090003,지중해마을
g_g012159,1,4,2309090004,강당골
g_g012159,1,5,2309090005,외암민속마을
g_g012159,1,6,2309090006,신정호 유원지
g_g012159,1,7,2309090007,연희동
g_g012160,1,1,2309160001,집
g_g012160,1,2,2309160002,영광 물 무산 행복 숲
g_g012160,1,3,2309160003,영광 토우
g_g012160,1,4,2309160004,영광터미널시장
g_g012160,1,5,2309160005,불갑사
g_g012160,1,6,2309160006,집
g_g012161,1,1,2309090001,집
g_g012161,1,2,2309090002,예산 상설시장
g_g012161,1,3,2309090003,예산 황새공원
g_g012161,1,4,2309090004,예당 순두부
g_g012161,1,5,2309090005,예당호 출렁다리
g_g012161,1,6,2309090006,집
g_g012162,1,1,2309170001,집
g_g012162,1,2,2309170006,공차 대전은행중앙로점
g_g012162,1,3,2309170002,성심당 본점
g_g012162,1,4,2309170003,신탄진휴게소 서울 방향
g_g012162,1,5,2309170004,처갓집
g_g012162,1,6,2309170005,집
g_g012164,1,1,2309070001,집
g_g012164,1,2,2309070002,황금시대
g_g012164,1,3,2309070003,예당호
g_g012164,1,4,2309070004,예당 전망대 카페
g_g012164,1,5,2309070005,예당호 출렁다리
g_g012164,1,6,2309070006,제2막
g_g012164,1,7,2309070007,예산 상설시장
g_g012164,1,8,2309070008,영등신 일 아파트
g_g012164,1,9,2309070009,집
g_g012166,1,1,2309160001,집
g_g012166,1,2,2309160002,노라쥬
g_g012166,1,3,2309160003,공주 산성시장
g_g012166,1,4,2309160004,코스트코 세종점
g_g012166,1,5,2309160005,집
g_g012171,1,1,2309160001,집
g_g012171,1,2,2309160002,연잎담
g_g012171,1,3,2309160003,부여문화원
g_g012171,1,4,2309160004,정림사지박물관
g_g012171,1,5,2309160005,부소산성
g_g012171,1,6,2309160006,집
g_g012173,1,1,2309110001,집
g_g012173,1,2,2309110003,영남 식당
g_g012173,1,3,2309110004,정이품송
g_g012173,1,4,2309110005,말티재 전망대
g_g012173,1,5,2309110006,카페 시루산
g_g012173,1,6,2309110002,집
g_g012174,1,1,2309090001,집
g_g012174,1,2,2309090002,뚜레쥬르 전북대 사대부고점
g_g012174,1,3,2309090003,대둔산 케이블카
g_g012174,1,4,2309090004,대둔산 마천대
g_g012174,1,5,2309090005,집
g_g012175,1,1,2309090001,집
g_g012175,1,2,2309090002,상당산성
g_g012175,1,3,2309090003,청주 솔향 갤러리 카페
g_g012175,1,4,2309090004,육거리종합시장
g_g012175,1,5,2309090005,육거리 소문난 만두
g_g012175,1,6,2309090006,육거리 종합 할인마트
g_g012175,1,7,2309090007,집
g_g012176,1,1,2309170001,집
g_g012176,1,2,2309170002,성남 임시버스터미널
g_g012176,1,3,2309170003,대전복합터미널
g_g012176,1,4,2309170004,성심당 DCC점
g_g012176,1,5,2309170005,꿀 잼 도시 대전 홍보관 대전 신세계 아트앤사이언스점
g_g012176,1,6,2309170006,오씨칼국수 도룡점
g_g012176,1,7,2309170007,빽다방 대전 스마트시티점
g_g012176,1,8,2309170008,한빛탑 광장
g_g012176,1,9,2309170009,엑스포시민광장
g_g012176,1,10,2309170010,성심당 본점
g_g012176,1,11,2309170011,적덕 식당
g_g012176,1,12,2309170012,대전복합터미널
g_g012176,1,13,2309170013,집
g_g012177,1,1,2309090001,집
g_g012177,1,2,2309090002,수원 버스터미널
g_g012177,1,3,2309090003,대전복합터미널
g_g012177,1,4,2309090004,오씨칼국수 도룡점
g_g012177,1,5,2309090005,꿀 잼 도시 대전 홍보관 대전 신세계 아트앤사이언스점
g_g012177,1,6,2309090006,대전컨벤션 센터
g_g012177,1,7,2309090007,성심당 롯데백화점 대전점
g_g012177,1,8,2309090008,원조태평소국밥 본점
g_g012177,1,9,2309090009,대전역
g_g012177,1,10,2309090010,집
g_g012179,1,1,2309100001,집
g_g012179,1,2,2309100002,원평 지평선 청보리 한우촌
g_g012179,1,3,2309100003,금산사
g_g012179,1,4,2309100004,에이다르 커피
g_g012179,1,5,2309100005,집
g_g012181,1,1,2309090001,집
g_g012181,1,2,2309090002,국립 익산 박물관 어린이 박물관
g_g012181,1,3,2309090003,시골 곰탕
g_g012181,1,4,2309090004,국립 익산 박물관
g_g012181,1,5,2309090005,집
g_g012182,1,1,2309120001,사무실
g_g012182,1,2,2309120002,제일 식당
g_g012182,1,3,2309120003,공원 슈퍼
g_g012182,1,4,2309120004,공림
g_g012182,1,5,2309120005,도림사
g_g012182,1,6,2309120006,01도라
g_g012182,1,7,2309120007,집
g_g012183,1,1,2309070001,집
g_g012183,1,2,2309070003,대전역
g_g012183,1,3,2309070004,개천 식당
g_g012183,1,4,2309070005,한밭 카페
g_g012183,1,5,2309070006,대전근현대사전시관
g_g012183,1,6,2309070007,테마 오래
g_g012183,1,7,2309070008,여기 소제
g_g012183,1,8,2309070009,대전중앙시장
g_g012183,1,9,2309070010,소문난떡볶이순대집
g_g012183,1,10,2309070011,성심당 본점
g_g012183,1,11,2309070012,인생네컷 대전은행점
g_g012183,1,12,2309070013,대전역
g_g012183,1,13,2309070014,집
g_g012185,1,1,2309180001,집
g_g012185,1,2,2309180002,서울역
g_g012185,1,3,2309180003,대전역
g_g012185,1,4,2309180004,대전중앙시장
g_g012185,1,5,2309180005,목척교
g_g012185,1,6,2309180006,테라스 키친
g_g012185,1,7,2309180007,성심당 본점
g_g012185,1,8,2309180008,한밭수목원
g_g012185,1,9,2309180009,스타벅스 대전만년점
g_g012185,1,10,2309180010,오정 교회
g_g012185,1,11,2309180011,김밥천국 대전역점
g_g012185,1,12,2309180012,성심당 대전역점
g_g012185,1,13,2309180013,대전역
g_g012185,1,14,2309180014,서울역
g_g012185,1,15,2309180015,집
g_g012186,1,1,2309170001,집
g_g012186,1,2,2309170003,수덕사
g_g012186,1,3,2309170004,예산 상설시장
g_g012186,1,4,2309170005,예당호 출렁다리
g_g012186,1,5,2309170002,집
g_g012188,1,1,2309090001,집
g_g012188,1,2,2309090002,5.18민주화운동 기록관
g_g012188,1,3,2309090003,신세계백화점 광주신세계점
g_g012188,1,4,2309090004,바운스 트램펄린파크 광주상무센터
g_g012188,1,5,2309090005,집
g_g012189,1,1,2309170001,집
g_g012189,1,2,2309170003,트래블 라운지
g_g012189,1,3,2309170004,성심당 옛 맛 솜씨
g_g012189,1,4,2309170005,성심당 문화원
g_g012189,1,5,2309170006,성심당 본점
g_g012189,1,6,2309170007,성심당 케이크 부티크
g_g012189,1,7,2309170008,홀리데이 세븐 펍
g_g012189,1,8,2309170002,집
g_g012190,1,1,2309170001,집
g_g012190,1,2,2309170002,국립공주 박물관
g_g012190,1,3,2309170003,공주 석장리 유적
g_g012190,1,4,2309170004,더 크루즈
g_g012190,1,5,2309170005,집
g_g012192,1,1,2309160001,집
g_g012192,1,2,2309160002,덕인 관
g_g012192,1,3,2309160005,라라브레드 담양점
g_g012192,1,4,2309160003,딜라이트 담양
g_g012192,1,5,2309160006,죽녹원
g_g012192,1,6,2309160007,담양의 밤 본점
g_g012192,1,7,2309160004,집
g_g012193,1,1,2309170001,집
g_g012193,1,2,2309170002,독립기념관
g_g012193,1,3,2309170003,쇼후퉁마라탕
g_g012193,1,4,2309170004,유관순 열사 생가
g_g012193,1,5,2309170005,집
g_g012194,1,1,2309090001,집
g_g012194,1,2,2309090002,왕비성
g_g012194,1,3,2309090003,무량사
g_g012194,1,4,2309090004,국립부여박물관
g_g012194,1,5,2309090005,양문교회
g_g012194,1,6,2309090006,집
g_g012196,1,1,2309160001,친구 친지 집
g_g012196,1,2,2309160002,천안박물관 다다 어린이체험관
g_g012196,1,3,2309160004,외암민속마을 민속관
g_g012196,1,4,2309160003,외암민속마을 저잣거리
g_g012196,1,5,2309160005,삼성아파트 101동
g_g012197,1,1,2309160002,집
g_g012197,1,2,2309160001,소금정공원
g_g012197,1,3,2309160003,단양구경시장
g_g012197,1,4,2309160004,카페 산
g_g012197,1,5,2309160005,만천하 스카이워크
g_g012197,1,6,2309160006,그 집 쏘가리
g_g012197,1,7,2309160007,고수요
g_g012197,1,8,2309160008,집
g_g012199,1,1,2309100001,집
g_g012199,1,2,2309100002,은하수공원 4구역 늘해랑
g_g012199,1,3,2309100003,한국조폐공사 화폐박물관
g_g012199,1,4,2309100004,도안 13단지 예미지 아파트
g_g012199,1,5,2309100005,비시시 킹덤
g_g012199,1,6,2309100006,경남아파트
g_g012199,1,7,2309100007,집
g_g012200,1,1,2309150001,집
g_g012200,1,2,2309150002,소아르떼
g_g012200,1,3,2309150003,소에 콘(soucon)
g_g012200,1,4,2309150004,라온 수제돈가스
g_g012200,1,5,2309150005,정미 다방
g_g012200,1,6,2309150006,집
g_g012201,1,1,2309090001,집
g_g012201,1,2,2309090002,우림 정원
g_g012201,1,3,2309090003,로라의 정원
g_g012201,1,4,2309090004,충주호 출렁다리
g_g012201,1,5,2309090005,송계계곡
g_g012201,1,6,2309090006,아 그 집 들깨칼국수
g_g012201,1,7,2309090007,집
g_g012202,1,1,2309090001,집
g_g012202,1,2,2309090002,무주 등나무운동장 반딧불체육관
g_g012202,1,3,2309090003,집
g_g012203,1,1,2309080001,집
g_g012203,1,2,2309080003,천안호두 휴게소 부산방향
g_g012203,1,3,2309080004,성심당 본점
g_g012203,1,4,2309080005,계족산 황톳길
g_g012203,1,5,2309080006,대전시립미술관 주차장
g_g012203,1,6,2309080007,춘산 메밀꽃
g_g012203,1,7,2309080008,대전시립미술관
g_g012203,1,8,2309080009,엑스포과학공원 한빛탑
g_g012203,1,9,2309080002,집
g_g012205,1,1,2309160001,사무실
g_g012205,1,2,2309160003,삽교호 바다공원
g_g012205,1,3,2309160004,삽교 조개 마을
g_g012205,1,4,2309160005,삽교호 놀이동산
g_g012205,1,5,2309160006,카베 보니또
g_g012205,1,6,2309160002,안성시립도서관
g_g012207,1,1,2309090001,집
g_g012207,1,2,2309090003,국립광주과학관
g_g012207,1,3,2309090004,필링 돈가스 첨단
g_g012207,1,4,2309090005,국립광주 박물관
g_g012207,1,5,2309090006,광주솔로몬로파크
g_g012207,1,6,2309090002,집
g_g012209,1,1,2309160001,집
g_g012209,1,2,2309160003,브런치 가든
g_g012209,1,3,2309160004,독립기념관
g_g012209,1,4,2309160005,워터파크 주유소
g_g012209,1,5,2309160002,집
g_g012212,1,1,2309090001,집
g_g012212,1,2,2309090003,익산역
g_g012212,1,3,2309090004,전주역
g_g012212,1,4,2309090005,자매 갈비전골
g_g012212,1,5,2309090006,자만 벽화마을
g_g012212,1,6,2309090007,일삼 이이
g_g012212,1,7,2309090008,전동성당
g_g012212,1,8,2309090009,전주 풍개 지관
g_g012212,1,9,2309090010,전주역
g_g012212,1,10,2309090011,익산역
g_g012212,1,11,2309090002,집
g_g012220,1,1,2309150001,집
g_g012220,1,2,2309150002,수제돈가스
g_g012220,1,3,2309150003,의림지
g_g012220,1,4,2309150004,집
g_g012221,1,1,2309090001,집
g_g012221,1,2,2309090002,각원사
g_g012221,1,3,2309090003,유관순 열사 유적지
g_g012221,1,4,2309090004,아우내 독립만세운동 기념공원
g_g012221,1,5,2309090005,카페의 숲
g_g012221,1,6,2309090006,집
g_g012226,1,1,2309080001,집
g_g012226,1,2,2309080002,국립아시아문화전당
g_g012226,1,3,2309080003,빵과 장미
g_g012226,1,4,2309080004,광주비엔날레
g_g012226,1,5,2309080005,광주역사민속박물관
g_g012226,1,6,2309080006,광주시립미술관
g_g012226,1,7,2309080007,알라딘 중고서점 광주충장로점
g_g012226,1,8,2309080008,엔드밀 동명점
g_g012226,1,9,2309080009,주디 마리 동명점
g_g012226,1,10,2309080010,신세계백화점 광주신세계점
g_g012226,1,11,2309080011,유스퀘어 광주종합버스터미널
g_g012226,1,12,2309080012,집
g_g012227,1,1,2309090001,집
g_g012227,1,2,2309090003,국립세종수목원
g_g012227,1,3,2309090002,집
g_g012228,1,1,2309090001,집
g_g012228,1,2,2309090002,제주 국제공항
g_g012228,1,3,2309090003,청주 국제공항
g_g012228,1,4,2309090004,청주 국제공항 시외버스정류장
g_g012228,1,5,2309090005,AK& 세종
g_g012228,1,6,2309090006,파스쿠찌 세종 베스트웨스턴 호텔점
g_g012228,1,7,2309090007,베스트웨스턴 플러스 호텔 세종점
g_g012228,1,8,2309090008,AK플라자 세종
g_g012228,1,9,2309090009,세종 호수공원
g_g012228,1,10,2309090010,정부세종청사 남측 버스정류장
g_g012228,1,11,2309090011,청주 국제공항
g_g012228,1,12,2309090012,제주 국제공항
g_g012228,1,13,2309090013,집
g_g012235,1,1,2309170001,집
g_g012235,1,2,2309170002,트리브링
g_g012235,1,3,2309170003,청남대
g_g012235,1,4,2309170004,금용
g_g012235,1,5,2309170005,집
g_g012236,1,1,2309130001,집
g_g012236,1,2,2309130002,오룡웰빙파크
g_g012236,1,3,2309130003,갑부네 돌솥 쌈밥
g_g012236,1,4,2309130004,오룡웰빙파크
g_g012236,1,5,2309130005,낙동강의 성 휴게소 주유소 영천 방향
g_g012236,1,6,2309130006,집
g_g012238,1,1,2309090001,집
g_g012238,1,2,2309090002,흥부와 놀부
g_g012238,1,3,2309090003,더대 청호
g_g012238,1,4,2309090004,청남대
g_g012238,1,5,2309090005,성안길
g_g012238,1,6,2309090006,정북동 토성
g_g012238,1,7,2309090007,집
g_g012239,1,1,2309090001,집
g_g012239,1,2,2309090003,익산역
g_g012239,1,3,2309090004,여덟 번째 파장
g_g012239,1,4,2309090005,스트릭트
g_g012239,1,5,2309090006,시리즈 인트로
g_g012239,1,6,2309090007,요구
g_g012239,1,7,2309090002,집
g_g012240,1,1,2309100001,집
g_g012240,1,2,2309100002,천안역
g_g012240,1,3,2309100003,천안 오룡동 성당
g_g012240,1,4,2309100004,생생 돈가스 천안역점
g_g012240,1,5,2309100005,천안 타운홀 전망대
g_g012240,1,6,2309100006,로이드 밤 신부점
g_g012240,1,7,2309100007,천안역
g_g012240,1,8,2309100008,집
g_g012241,1,1,2309090001,집
g_g012241,1,2,2309090002,백사장항
g_g012241,1,3,2309090003,마도
g_g012241,1,4,2309090004,신진도 수산
g_g012241,1,5,2309090005,집
g_g012246,1,1,2309180001,친구 친지 집
g_g012246,1,2,2309180002,화심 순두부 본점
g_g012246,1,3,2309180003,아원 고택
g_g012246,1,4,2309180004,위봉산성
g_g012246,1,5,2309180005,위봉폭포
g_g012246,1,6,2309180006,위봉사
g_g012246,1,7,2309180007,오성 한옥마을
g_g012246,1,8,2309180008,오성제 저수지
g_g012246,1,9,2309180009,연화정도서관
g_g012246,1,10,2309180010,자매 갈비전골
g_g012246,1,11,2309180011,전망대 카페
g_g012246,1,12,2309180012,금호 2지구 도시공사 2단지 아파트
g_g012251,1,1,2309080001,집
g_g012251,1,2,2309080003,덕진 정류장
g_g012251,1,3,2309080004,유성시외버스정류소
g_g012251,1,4,2309080005,얼큰이 공주 칼국수
g_g012251,1,5,2309080006,대전시립미술관
g_g012251,1,6,2309080007,한밭수목원
g_g012251,1,7,2309080008,스타벅스 대전 조이마루점
g_g012251,1,8,2309080009,대전컨벤션 센터
g_g012251,1,9,2309080010,성심당 본점
g_g012251,1,10,2309080011,떡만집 은행점
g_g012251,1,11,2309080012,서대전역
g_g012251,1,12,2309080013,전주역
g_g012251,1,13,2309080002,집
g_g012253,1,1,2309080001,집
g_g012253,1,2,2309080002,오송역
g_g012253,1,3,2309080003,목포역
g_g012253,1,4,2309080005,목포근대역사관 1관
g_g012253,1,5,2309080004,장터 본점
g_g012253,1,6,2309080006,목포근대역사관 2관
g_g012253,1,7,2309080007,유달동의 로망스
g_g012253,1,8,2309080008,서산동 시화 골목
g_g012253,1,9,2309080009,달 몬트
g_g012253,1,10,2309080010,서산동 시화 골목
g_g012253,1,11,2309080011,등대 식육식당
g_g012253,1,12,2309080012,젊음의 거리
g_g012253,1,13,2309080013,쫀데기1973
g_g012253,1,14,2309080014,목포역
g_g012253,1,15,2309080015,오송역
g_g012253,1,16,2309080016,집
g_g012254,1,1,2309170001,집
g_g012254,1,2,2309170002,고수동굴
g_g012254,1,3,2309170003,도담삼봉
g_g012254,1,4,2309170004,단양구경시장
g_g012254,1,5,2309170005,만천하 스카이워크
g_g012254,1,6,2309170006,도담삼봉
g_g012254,1,7,2309170007,집
g_g012255,1,1,2309100001,집
g_g012255,1,2,2309100002,맥도날드 전주인후 DT점
g_g012255,1,3,2309100003,새만금 방조제 드라이브 코스
g_g012255,1,4,2309100004,선유도해수욕장
g_g012255,1,5,2309100005,선유 스카이 썬 라인
g_g012255,1,6,2309100006,지린성
g_g012255,1,7,2309100007,카페 브락
g_g012255,1,8,2309100008,호성 진흥더블파크 2단지 아파트
g_g012256,1,1,2309090001,집
g_g012256,1,2,2309090002,구봉산 전망대
g_g012256,1,3,2309090003,마동 저수지 생태공원
g_g012256,1,4,2309090004,와이 마트 동광양점
g_g012256,1,5,2309090005,중마 금호 해상 보도 교
g_g012256,1,6,2309090006,집
g_g012257,1,1,2309100001,집
g_g012257,1,2,2309100003,대천해수욕장
g_g012257,1,3,2309100004,짚트랙 코리아
g_g012257,1,4,2309100005,서해바다
g_g012257,1,5,2309100006,머드광장
g_g012257,1,6,2309100007,대천해수욕장
g_g012257,1,7,2309100008,진줏빛 조개구이
g_g012257,1,8,2309100002,집
g_g012258,1,1,2309100001,집
g_g012258,1,2,2309100002,국립 중앙과학관
g_g012258,1,3,2309100003,성심당 DCC점
g_g012258,1,4,2309100004,스타벅스 대전 조이마루점
g_g012258,1,5,2309100005,엑스포과학공원
g_g012258,1,6,2309100006,온천손칼국수 주꾸미
g_g012258,1,7,2309100007,유성온천공원 족욕체험장
g_g012258,1,8,2309100008,집
g_g012260,1,1,2309130001,집
g_g012260,1,2,2309130002,푸디스트
g_g012260,1,3,2309130003,국립세종수목원
g_g012260,1,4,2309130004,세종 호수공원
g_g012260,1,5,2309130005,집
g_g012261,1,1,2309070001,집
g_g012261,1,2,2309070002,서울고속버스터미널(경부)
g_g012261,1,3,2309070003,홍익대학교 세종캠퍼스
g_g012261,1,4,2309070004,버무리 세종 역점
g_g012261,1,5,2309070005,베이커리 앤
g_g012261,1,6,2309070006,조치원역 광장
g_g012261,1,7,2309070007,집
g_g012267,1,1,2309080001,집
g_g012267,1,2,2309080002,폴 바셋 대전엑스포 스카이점
g_g012267,1,3,2309080003,무인양품 롯데백화점 대 전점
g_g012267,1,4,2309080004,성심당 롯데백화점 대전점
g_g012267,1,5,2309080005,롯데백화점 대전점 식품관
g_g012267,1,6,2309080006,노브랜드 버거 대전시청점
g_g012267,1,7,2309080007,대전지방법원 주차장
g_g012267,1,8,2309080008,한밭수목원
g_g012267,1,9,2309080009,빽다방 대전 스마트시티점
g_g012267,1,10,2309080010,집
g_g012269,1,1,2309120001,집
g_g012269,1,2,2309120003,화성휴게소 목포 방향
g_g012269,1,3,2309120004,서해대교
g_g012269,1,4,2309120005,당진 필경사
g_g012269,1,5,2309120006,심훈기념관
g_g012269,1,6,2309120007,우렁이 박사
g_g012269,1,7,2309120008,해어름
g_g012269,1,8,2309120002,집
g_g012270,1,1,2309130001,집
g_g012270,1,2,2309130002,이응노미술관
g_g012270,1,3,2309130003,스타벅스 대전엑스포 스카이점
g_g012270,1,4,2309130004,엑스포과학공원 한빛탑
g_g012270,1,5,2309130005,해피 치즈 스마일 갈리단 길점
g_g012270,1,6,2309130006,커피 인터뷰 궁동점
g_g012270,1,7,2309130007,성심당 본점
g_g012270,1,8,2309130008,다다르다
g_g012270,1,9,2309130009,성심당 문화원
g_g012270,1,10,2309130010,광천 식당
g_g012270,1,11,2309130011,집
g_g012272,1,1,2309090001,집
g_g012272,1,2,2309090002,행담도 주유소 목포 방향
g_g012272,1,3,2309090004,해미읍성
g_g012272,1,4,2309090005,시장 분식
g_g012272,1,5,2309090006,해미 순교성지
g_g012272,1,6,2309090003,집
g_g012276,1,1,2309170001,집
g_g012276,1,2,2309170003,더 푸껫
g_g012276,1,3,2309170004,스텔라 온 커피
g_g012276,1,4,2309170005,푸른 뜰 근린공원 행복폭포
g_g012276,1,5,2309170006,숲들 근린공원
g_g012276,1,6,2309170002,집
g_g012277,1,1,2309100001,집
g_g012277,1,2,2309100002,장태산자연휴양림
g_g012277,1,3,2309100003,옛 터 민속박물관
g_g012277,1,4,2309100005,친척 집 방문
g_g012277,1,5,2309100004,성심당 본점
g_g012277,1,6,2309100006,집
g_g012278,1,1,2309090001,친구 친지 집
g_g012278,1,2,2309090002,세종 호수공원
g_g012278,1,3,2309090003,연과 섬
g_g012278,1,4,2309090004,국립세종수목원
g_g012278,1,5,2309090005,월봉 청솔 1단지 아파트
g_g012280,1,1,2309080001,사무실
g_g012280,1,2,2309080003,풍남문
g_g012280,1,3,2309080004,전라북도 문화 관광재단
g_g012280,1,4,2309080005,풍년제과 본점
g_g012280,1,5,2309080006,전동성당
g_g012280,1,6,2309080007,현대오일뱅크 HD 직영 태평양 주유소
g_g012280,1,7,2309080002,도안휴먼시아 1단지 아파트
g_g012282,1,1,2309110001,집
g_g012282,1,2,2309110002,세종 호수공원
g_g012282,1,3,2309110003,올라 이 부스
g_g012282,1,4,2309110004,방축천 음악 분수
g_g012282,1,5,2309110005,집
g_g012283,1,1,2309160001,집
g_g012283,1,2,2309160003,화랑 식당
g_g012283,1,3,2309160004,함평군립미술관
g_g012283,1,4,2309160005,키친 25
g_g012283,1,5,2309160002,집
g_g012289,1,1,2309160001,집
g_g012289,1,2,2309160002,전북혁신 1차 호반베르디움 아파트
g_g012289,1,3,2309160003,서남 만찬
g_g012289,1,4,2309160004,남원시립 김병종 미술관
g_g012289,1,5,2309160005,미안 커피
g_g012289,1,6,2309160006,광한루원
g_g012289,1,7,2309160007,미드 슬로프
g_g012289,1,8,2309160010,전북혁신 1차 호반베르디움 아파트
g_g012289,1,9,2309160009,집
g_g012300,1,1,2309170001,집
g_g012300,1,2,2309170002,광주 월드컵 경기장 염주 골프센터
g_g012300,1,3,2309170003,매월 주유소
g_g012300,1,4,2309170004,동구리 호수공원
g_g012300,1,5,2309170005,스타벅스 전남 화순 DT점
g_g012300,1,6,2309170006,다이소 화순점
g_g012300,1,7,2309170007,KT 광주정보통신 센터
g_g012300,1,8,2309170008,광주 월드컵 경기장 염주 골프센터
g_g012300,1,9,2309170009,집
g_g012304,1,1,2309090001,집
g_g012304,1,2,2309090002,충주공용버스터미널
g_g012304,1,3,2309090003,본가 중앙탑 막국수
g_g012304,1,4,2309090004,중앙탑공원 중원 탑평리 7층 석탑
g_g012304,1,5,2309090005,활옷 동굴
g_g012304,1,6,2309090006,탄금대
g_g012304,1,7,2309090007,터줏골명가
g_g012304,1,8,2309090008,충주공용버스터미널
g_g012304,1,9,2309090009,집
g_g012307,1,1,2309120001,집
g_g012307,1,2,2309120003,이응노미술관
g_g012307,1,3,2309120004,대전예술의전당
g_g012307,1,4,2309120005,버기증 어은
g_g012307,1,5,2309120006,카이스트 본원
g_g012307,1,6,2309120007,엑스포시민광장
g_g012307,1,7,2309120008,한밭수목원
g_g012307,1,8,2309120009,성심당
g_g012307,1,9,2309120010,테라스 키친
g_g012307,1,10,2309120011,대전중앙시장
g_g012307,1,11,2309120002,집
g_g012308,1,1,2309090001,친구 친지 집
g_g012308,1,2,2309090002,포시즌 발리
g_g012308,1,3,2309090003,모나 밸리
g_g012308,1,4,2309090004,모나 밸리 카페 더 그린 성성 호수점
g_g012308,1,5,2309090005,신정호
g_g012308,1,6,2309090006,그래비티
g_g012308,1,7,2309090007,불당 호반 서밋 플레이스 센터시티 아파트
g_g012311,1,1,2309140001,집
g_g012311,1,2,2309140002,성성 호수공원
g_g012311,1,3,2309140003,천안 타운홀 전망대
g_g012311,1,4,2309140004,각원사
g_g012311,1,5,2309140005,이고집 만두
g_g012311,1,6,2309140006,태조산공원
g_g012311,1,7,2309140007,천안박물관
g_g012311,1,8,2309140008,독립기념관
g_g012311,1,9,2309140009,병천 쌍둥이네 순대
g_g012311,1,10,2309140010,집
g_g012314,1,1,2309130001,집
g_g012314,1,2,2309130002,하남 부영사랑으로 3차
g_g012314,1,3,2309130003,경암 근린공원
g_g012314,1,4,2309130004,동곡 미술관
g_g012314,1,5,2309130005,부지런한 사람들 행암점
g_g012314,1,6,2309130006,파리바게뜨 광주효천점
g_g012314,1,7,2309130007,효천 문화복합 커뮤니티센터
g_g012314,1,8,2309130008,집
g_g012316,1,1,2309100001,집
g_g012316,1,2,2309100003,커피 D
g_g012316,1,3,2309100004,땀범벅 놀이터
g_g012316,1,4,2309100005,국립세종수목원
g_g012316,1,5,2309100006,투 파인데 피터 세종나성점
g_g012316,1,6,2309100002,집
g_g012318,1,1,2309090001,집
g_g012318,1,2,2309090002,마라 공방 세종점
g_g012318,1,3,2309090003,AK플라자 세종
g_g012318,1,4,2309090004,국립세종수목원
g_g012318,1,5,2309090005,집
g_g012323,1,1,2309090001,집
g_g012323,1,2,2309090003,국립세종수목원
g_g012323,1,3,2309090004,에이트
g_g012323,1,4,2309090005,써밋뷰
g_g012323,1,5,2309090002,집
g_g012325,1,1,2309090001,집
g_g012325,1,2,2309090003,국립공주 박물관
g_g012325,1,3,2309090007,토속 식당
g_g012325,1,4,2309090004,공산성
g_g012325,1,5,2309090005,하루카페
g_g012325,1,6,2309090006,미르섬
g_g012325,1,7,2309090002,집
g_g012326,1,1,2309090001,사무실
g_g012326,1,2,2309090002,용산역
g_g012326,1,3,2309090003,서대전역
g_g012326,1,4,2309090004,선산 국밥 유천점
g_g012326,1,5,2309090005,세라젬 웹 카페 대전둔산직영점
g_g012326,1,6,2309090006,대전컨벤션 센터 제2전시장
g_g012326,1,7,2309090007,성심당 본점
g_g012326,1,8,2309090008,공주 얼큰이 칼국수 주꾸미
g_g012326,1,9,2309090009,서대전역
g_g012326,1,10,2309090010,용산역
g_g012326,1,11,2309090011,사무실
g_g012333,1,1,2309090001,집
g_g012333,1,2,2309090003,이가스시 참치본점
g_g012333,1,3,2309090002,충렬사
g_g012333,1,4,2309090004,내장산국립공원
g_g012333,1,5,2309090005,천변 누리공원
g_g012333,1,6,2309090006,친구 집
g_g012333,1,7,2309090007,정읍 공용버스터미널
g_g012333,1,8,2309090008,집
g_g012337,1,1,2309090001,집
g_g012337,1,2,2309090003,오씨칼국수
g_g012337,1,3,2309090004,한밭수목원
g_g012337,1,4,2309090005,에이트
g_g012337,1,5,2309090006,유성온천공원 족욕체험장
g_g012337,1,6,2309090007,현암뚝방구이
g_g012337,1,7,2309090008,성심당 대전역점
g_g012337,1,8,2309090002,집
g_g012338,1,1,2309090001,집
g_g012338,1,2,2309090002,한성
g_g012338,1,3,2309090003,남원 예천 by 켄싱턴
g_g012338,1,4,2309090004,남원다움과
g_g012338,1,5,2309090005,남원 도시재생지원센터 축제
g_g012338,1,6,2309090006,조갑녀살풀이명무관
g_g012338,1,7,2309090007,남원 고전소설문학관
g_g012338,1,8,2309090009,광한루원
g_g012338,1,9,2309090010,집
g_g012339,1,1,2309160001,집
g_g012339,1,2,2309160003,세종 시립도서관
g_g012339,1,3,2309160004,충남군 대
g_g012339,1,4,2309160005,국립세종수목원
g_g012339,1,5,2309160006,플래져
g_g012339,1,6,2309160002,집
g_g012347,1,1,2309100001,집
g_g012347,1,2,2309100002,세종 호수공원
g_g012347,1,3,2309100003,돌체 비비드가구 세종점
g_g012347,1,4,2309100004,앤 비스트로
g_g012347,1,5,2309100005,카페 스테이 인터뷰 나성
g_g012347,1,6,2309100006,집
g_g012348,1,1,2309160001,집
g_g012348,1,2,2309160003,천안터미널
g_g012348,1,3,2309160004,공주종합버스터미널
g_g012348,1,4,2309160005,공산성
g_g012348,1,5,2309160006,고마 열차 매표소
g_g012348,1,6,2309160007,공주 무령왕릉과 왕릉원
g_g012348,1,7,2309160008,공산성 매표소
g_g012348,1,8,2309160009,명성 불고기
g_g012348,1,9,2309160010,공주 산성시장
g_g012348,1,10,2309160011,베이커리 밤마을
g_g012348,1,11,2309160012,공주종합버스터미널
g_g012348,1,12,2309160013,천안터미널
g_g012348,1,13,2309160002,집
g_g012350,1,1,2309100001,집
g_g012350,1,2,2309100003,평택 휴게소
g_g012350,1,3,2309100004,버들 식당
g_g012350,1,4,2309100005,수덕사
g_g012350,1,5,2309100006,덕산 메타세쿼이아 길
g_g012350,1,6,2309100007,덕산온천족욕장
g_g012350,1,7,2309100008,윤봉길의사기념관
g_g012350,1,8,2309100009,예당호 출렁다리
g_g012350,1,9,2309100010,예산 상설시장
g_g012350,1,10,2309100002,집
g_g012351,1,1,2309090001,집
g_g012351,1,2,2309090002,예당호 출렁다리
g_g012351,1,3,2309090003,의좋은 형제공원
g_g012351,1,4,2309090004,예산 황새공원
g_g012351,1,5,2309090005,명륜진사갈비 예산점
g_g012351,1,6,2309090006,집
g_g012353,1,1,2309100001,집
g_g012353,1,2,2309100002,현충사
g_g012353,1,3,2309100003,온양민속박물관
g_g012353,1,4,2309100004,온양온천시장
g_g012353,1,5,2309100005,함흥면옥
g_g012353,1,6,2309100006,원탕신천탕
g_g012353,1,7,2309100007,집
g_g012362,1,1,2309090001,집
g_g012362,1,2,2309090003,서대전역
g_g012362,1,3,2309090002,광주송정역
g_g012362,1,4,2309090004,목하 식당
g_g012362,1,5,2309090005,여행자의 zip
g_g012362,1,6,2309090006,광주 기아 챔피언 스피드
g_g012362,1,7,2309090007,광주역
g_g012362,1,8,2309090008,서대전역
g_g012362,1,9,2309090009,집
g_g012365,1,1,2309100001,집
g_g012365,1,2,2309100002,원탕신천탕
g_g012365,1,3,2309100003,모다 아웃렛 천안아산점
g_g012365,1,4,2309100004,가마솥 선지 국밥
g_g012365,1,5,2309100005,못난이 꽈배기 본점
g_g012365,1,6,2309100006,평택복합휴게소 주유소 제천 방향
g_g012365,1,7,2309100007,집
g_g012371,1,1,2309090001,집
g_g012371,1,2,2309090003,서울고속버스터미널(경부)
g_g012371,1,3,2309090004,대전복합터미널 동관
g_g012371,1,4,2309090005,성심당 본점
g_g012371,1,5,2309090007,성심당 문화원
g_g012371,1,6,2309090006,성심당 케이크 부티크
g_g012371,1,7,2309090009,올리브영 대전중앙점
g_g012371,1,8,2309090008,트래블 라운지
g_g012371,1,9,2309090010,한밭수목원
g_g012371,1,10,2309090011,힐링카페 숲이랑
g_g012371,1,11,2309090012,처비 칙스
g_g012371,1,12,2309090014,챠보빈티지
g_g012371,1,13,2309090013,대전역
g_g012371,1,14,2309090002,집
g_g012372,1,1,2309090001,집
g_g012372,1,2,2309090002,목화 반점
g_g012372,1,3,2309090003,신정호수공원
g_g012372,1,4,2309090004,그린 브리즈
g_g012372,1,5,2309090005,집
g_g012377,1,1,2309100001,집
g_g012377,1,2,2309100003,용왕조개타운
g_g012377,1,3,2309100004,홍원항 전어 꽃게축제
g_g012377,1,4,2309100005,춘장대해수욕장
g_g012377,1,5,2309100006,장항송림 산림욕장
g_g012377,1,6,2309100007,김인전공원
g_g012377,1,7,2309100002,집
g_g012379,1,1,2309130001,집
g_g012379,1,2,2309130002,원더플레이스 원더 아리아 청주점
g_g012379,1,3,2309130003,국립현대미술관 청주
g_g012379,1,4,2309130004,소담 김밥
g_g012379,1,5,2309130005,폴 바셋 청주방서DT점
g_g012379,1,6,2309130006,집
g_g012382,1,1,2309120001,집
g_g012382,1,2,2309120009,서울고속버스터미널(경부)
g_g012382,1,3,2309120003,우시장 국밥
g_g012382,1,4,2309120004,공산성
g_g012382,1,5,2309120005,공주 무령왕릉과 왕릉원
g_g012382,1,6,2309120006,국립공주 박물관
g_g012382,1,7,2309120007,공주한옥마을
g_g012382,1,8,2309120010,송원
g_g012382,1,9,2309120011,북경탕수육 공주점
g_g012382,1,10,2309120012,중동성당
g_g012382,1,11,2309120013,베이커리 밤마을
g_g012382,1,12,2309120015,공주종합버스터미널
g_g012382,1,13,2309120002,집
g_g012383,1,1,2309120001,집
g_g012383,1,2,2309120003,조치원 문화정원
g_g012383,1,3,2309120004,방랑 살롱 조치원 정수장
g_g012383,1,4,2309120005,가부장
g_g012383,1,5,2309120002,집
g_g012386,1,1,2309120001,사무실
g_g012386,1,2,2309120002,유스퀘어 광주종합버스터미널
g_g012386,1,3,2309120003,전주 고속버스터미널
g_g012386,1,4,2309120004,전북대학교 전주캠퍼스 뉴 실크로드 센터
g_g012386,1,5,2309120005,전북대학교 인문사회관
g_g012386,1,6,2309120006,육쌈냉면 전북대점
g_g012386,1,7,2309120007,전북대학교 전주캠퍼스 뉴 실크로드 센터
g_g012386,1,8,2309120008,전동성당
g_g012386,1,9,2309120009,외할머니 솜씨
g_g012386,1,10,2309120010,경기전
g_g012386,1,11,2309120011,풍남문 광장
g_g012386,1,12,2309120012,아트박스 전주점
g_g012386,1,13,2309120013,완산동 간이정류소
g_g012386,1,14,2309120014,집
g_g012388,1,1,2309120001,집
g_g012388,1,2,2309120003,청남대
g_g012388,1,3,2309120002,집
g_g012389,1,1,2309180001,집
g_g012389,1,2,2309180002,집
g_g012389,1,3,2309180003,건봉 국밥
g_g012389,1,4,2309180004,순천만 국가정원
g_g012389,1,5,2309180005,광양 센트럴자이 아파트
g_g012391,1,1,2309160001,집
g_g012391,1,2,2309160002,필암서원
g_g012391,1,3,2309160003,단풍이 온다
g_g012391,1,4,2309160004,축령산 삼나무 편백 숲(검색면)
g_g012391,1,5,2309160005,장성호 수변 트레킹 길
g_g012391,1,6,2309160006,집
g_g012392,1,1,2309100001,친구 친지 집
g_g012392,1,2,2309100003,모다 아웃렛 천안아산점
g_g012392,1,3,2309100004,사네피크닉
g_g012392,1,4,2309100005,천호 저수지
g_g012392,1,5,2309100007,아라리오갤러리 천안
g_g012392,1,6,2309100006,마리스
g_g012392,1,7,2309100008,해족 왕
g_g012392,1,8,2309100002,포레스트힐 아파트
g_g012396,1,1,2309100001,집
g_g012396,1,2,2309100002,영락공원 제2추모관
g_g012396,1,3,2309100003,불광사
g_g012396,1,4,2309100004,담양 관방제림
g_g012396,1,5,2309100005,김순옥 댓잎 찹쌀도넛 본점
g_g012396,1,6,2309100006,담양 관방제림
g_g012396,1,7,2309100007,고서농협 로컬푸드 직매장
g_g012396,1,8,2309100008,옛날 창평 국밥
g_g012396,1,9,2309100009,집
g_g012400,1,1,2309120001,집
g_g012400,1,2,2309120002,면천 가든
g_g012400,1,3,2309120003,오래된 미래
g_g012400,1,4,2309120004,당진 면천은행나무
g_g012400,1,5,2309120005,모가당
g_g012400,1,6,2309120006,왜목마을해수욕장
g_g012400,1,7,2309120007,삽교호 놀이공원
g_g012400,1,8,2309120008,집
g_g012402,1,1,2309100001,집
g_g012402,1,2,2309100002,안면도 쥐라기 박물관
g_g012402,1,3,2309100003,파파 스테이크
g_g012402,1,4,2309100004,안면도 쥐라기 공원
g_g012402,1,5,2309100007,해바라기 올래 정원
g_g012402,1,6,2309100006,집
g_g012406,1,1,2309100001,집
g_g012406,1,2,2309100002,트루와 지엠
g_g012406,1,3,2309100003,담양 관방제림
g_g012406,1,4,2309100004,깜꼼
g_g012406,1,5,2309100005,선나나 상점
g_g012406,1,6,2309100006,메타 프로방스
g_g012406,1,7,2309100007,구가네 메타 밥상
g_g012406,1,8,2309100008,집
g_g012410,1,1,2309150001,사무실
g_g012410,1,2,2309150002,한밭수목원
g_g012410,1,3,2309150003,성심당 DCC점
g_g012410,1,4,2309150004,한화생명 이글스 파크
g_g012410,1,5,2309150005,성화 베리굿
g_g012420,1,1,2309100001,집
g_g012420,1,2,2309100003,타고
g_g012420,1,3,2309100004,올드빅 커피
g_g012420,1,4,2309100005,전주한옥마을
g_g012420,1,5,2309100006,차경
g_g012420,1,6,2309100007,텍스처
g_g012420,1,7,2309100008,전주 덕진공원
g_g012420,1,8,2309100002,집
g_g012422,1,1,2309100001,집
g_g012422,1,2,2309100002,카페 고메
g_g012422,1,3,2309100003,천호 저수지
g_g012422,1,4,2309100004,못생긴 똥돼지 두정점
g_g012422,1,5,2309100005,집
g_g012430,1,1,2309160001,친구 친지 집
g_g012430,1,2,2309160002,수비니어
g_g012430,1,3,2309160003,하솜면가 육전 메밀 담양점
g_g012430,1,4,2309160004,담양 관방제림
g_g012430,1,5,2309160005,삼성아파트
g_g012431,1,1,2309100001,집
g_g012431,1,2,2309100002,신한은행 목포 하당 금융센터
g_g012431,1,3,2309100003,빽다방 목포상동점
g_g012431,1,4,2309100004,샤와 바오 충장로점
g_g012431,1,5,2309100005,(구) 전남도 청사
g_g012431,1,6,2309100006,국립아시아문화전당
g_g012431,1,7,2309100007,메가 MGC 커피 광주충장로점
g_g012431,1,8,2309100008,NC 웨이브 충장점
g_g012431,1,9,2309100009,ZARA 충장로점
g_g012431,1,10,2309100010,H&M 광주 YZ 파크점
g_g012431,1,11,2309100011,올리브영 남악 전남도청점
g_g012431,1,12,2309100012,집
g_g012433,1,1,2309100001,집
g_g012433,1,2,2309100003,유스퀘어 광주종합버스터미널
g_g012433,1,3,2309100004,태동 식당
g_g012433,1,4,2309100005,목포 스카이워크
g_g012433,1,5,2309100006,유달 유업
g_g012433,1,6,2309100007,목포근대역사관 1관
g_g012433,1,7,2309100008,구 목포 일본 기독교회
g_g012433,1,8,2309100009,목포 민어 골목
g_g012433,1,9,2309100011,비판이네
g_g012433,1,10,2309100010,코롬방제과점
g_g012433,1,11,2309100012,영란 횟집
g_g012433,1,12,2309100013,동명동 물양장 공영주차장
g_g012433,1,13,2309100014,목포종합버스터미널
g_g012433,1,14,2309100002,집
g_g012435,1,1,2309160001,집
g_g012435,1,2,2309160003,고향 우렁이 쌈밥
g_g012435,1,3,2309160004,상화원
g_g012435,1,4,2309160005,무창포 타워
g_g012435,1,5,2309160006,닭 볏섬
g_g012435,1,6,2309160007,무창포해수욕장
g_g012435,1,7,2309160008,무창포 빵 명장
g_g012435,1,8,2309160009,이달의 밥상
g_g012435,1,9,2309160002,집
g_g012436,1,1,2309120001,집
g_g012436,1,2,2309120002,망향휴게소 부산방향
g_g012436,1,3,2309120003,독립기념관
g_g012436,1,4,2309120004,수제망치돈가스&커피
g_g012436,1,5,2309120005,천호 저수지
g_g012436,1,6,2309120006,집
g_g012439,1,1,2309170001,집
g_g012439,1,2,2309170002,희락 제1작업실
g_g012439,1,3,2309170003,오소리 파이 클럽
g_g012439,1,4,2309170004,국립세종수목원
g_g012439,1,5,2309170005,메리 디에이 세종점
g_g012439,1,6,2309170006,온 오프 피자
g_g012439,1,7,2309170007,덮밥 장 사장
g_g012439,1,8,2309170008,집
g_g012447,1,1,2309160001,집
g_g012447,1,2,2309160002,남원역
g_g012447,1,3,2309160003,남원시립 김병종 미술관
g_g012447,1,4,2309160004,신토불이
g_g012447,1,5,2309160005,남원다움과
g_g012447,1,6,2309160006,카페 광한루
g_g012447,1,7,2309160007,광한루원
g_g012447,1,8,2309160008,카페 39
g_g012447,1,9,2309160010,남원역
g_g012447,1,10,2309160009,집
g_g012455,1,1,2309150001,집
g_g012455,1,2,2309150002,천등산 휴게소 제천 방향
g_g012455,1,3,2309150003,사인암
g_g012455,1,4,2309150004,상선암
g_g012455,1,5,2309150005,중선암
g_g012455,1,6,2309150006,하선암
g_g012455,1,7,2309150007,단양구경시장
g_g012455,1,8,2309150008,장군 본가
g_g012455,1,9,2309150009,집
g_g012457,1,1,2309160001,친구 친지 집
g_g012457,1,2,2309160002,동대구역
g_g012457,1,3,2309160003,대전역
g_g012457,1,4,2309160004,성심당 본점
g_g012457,1,5,2309160005,성심당 문화원
g_g012457,1,6,2309160006,성심당 옛 맛 솜씨
g_g012457,1,7,2309160007,성심당 케이크 부티크
g_g012457,1,8,2309160008,엑스포시민광장
g_g012457,1,9,2309160012,한밭수목원
g_g012457,1,10,2309160013,대전엑스포 기념관
g_g012457,1,11,2309160014,스타벅스 대전엑스포 스카이점
g_g012457,1,12,2309160015,대전역
g_g012457,1,13,2309160016,동대구역
g_g012457,1,14,2309160011,친구의 집
g_g012458,1,1,2309220001,집
g_g012458,1,2,2309220002,대구 서부정류장
g_g012458,1,3,2309220003,지리산 휴게소 (담양 방향)
g_g012458,1,4,2309220004,유스퀘어 광주 종합 버스 터미널
g_g012458,1,5,2309220005,5.18 기념공원
g_g012458,1,6,2309220006,광주 상무 1지구
g_g012458,1,7,2309220007,밥심 한식뷔페
g_g012458,1,8,2309220008,충장로 거리
g_g012458,1,9,2309220009,5.18 민주광장 옛 전남도청 별관
g_g012458,1,10,2309220010,5.18 민주화 운동 기록관
g_g012458,1,11,2309220011,유스퀘어 광주 종합 버스 터미널
g_g012458,1,12,2309220012,거창 휴게소 대구방향
g_g012458,1,13,2309220013,동대구 터미널
g_g012458,1,14,2309220014,집
g_g012463,1,1,2309120001,집
g_g012463,1,2,2309120002,행담도 주유소 목포 방향
g_g012463,1,3,2309120003,한진포구
g_g012463,1,4,2309120004,사랑방 손칼국수
g_g012463,1,5,2309120005,해어름
g_g012463,1,6,2309120006,집
g_g012466,1,1,2309180001,집
g_g012466,1,2,2309180002,대전역
g_g012466,1,3,2309180003,광주송정역
g_g012466,1,4,2309180004,나주곰탕
g_g012466,1,5,2309180005,용천사
g_g012466,1,6,2309180006,모악산
g_g012466,1,7,2309180007,불갑사
g_g012466,1,8,2309180008,불갑사 상사화 축제
g_g012466,1,9,2309180009,빛고을 떡갈비
g_g012466,1,10,2309180010,광주송정역
g_g012466,1,11,2309180011,대전역
g_g012466,1,12,2309180012,집
g_g012472,1,1,2309160001,집
g_g012472,1,2,2309160002,익산역 시외버스정류장
g_g012472,1,3,2309160003,전주 고속버스터미널
g_g012472,1,4,2309160004,전동성당
g_g012472,1,5,2309160005,교동 임실치즈 십원빵
g_g012472,1,6,2309160006,전주랑 제주랑
g_g012472,1,7,2309160007,교동 석쇠불고기
g_g012472,1,8,2309160008,마시랑게
g_g012472,1,9,2309160009,한옥네컷
g_g012472,1,10,2309160010,한복남 전주한옥마을점
g_g012472,1,11,2309160011,경기전
g_g012472,1,12,2309160012,전주 현대옥 전주역점
g_g012472,1,13,2309160013,전주역
g_g012472,1,14,2309160014,익산역
g_g012472,1,15,2309160015,집
g_g012473,1,1,2309130001,집
g_g012473,1,2,2309130002,브런치빈 순천점
g_g012473,1,3,2309130003,카페 우드 진 순천점
g_g012473,1,4,2309130004,모도리 빵집
g_g012473,1,5,2309130005,순천시 반려동물 문화센터
g_g012473,1,6,2309130006,고릴라 캠핑 순천점
g_g012473,1,7,2309130007,집
g_g012475,1,1,2309140001,친구 친지 집
g_g012475,1,2,2309140002,아마스빈 세종 새롬점
g_g012475,1,3,2309140003,정부세종청사 중앙동
g_g012475,1,4,2309140004,세종 호수공원
g_g012475,1,5,2309140005,빠스 다스
g_g012475,1,6,2309140006,메타 45카페
g_g012475,1,7,2309140007,신이 빌
g_g012478,1,1,2309170001,집
g_g012478,1,2,2309170003,활옷 동굴
g_g012478,1,3,2309170004,들림 횟집
g_g012478,1,4,2309170005,충주 탄금공원(구 세계무술공원)
g_g012478,1,5,2309170006,나무숲 놀이터
g_g012478,1,6,2309170007,이천 휴게소 하남방향
g_g012478,1,7,2309170002,집
g_g012484,1,1,2309120001,집
g_g012484,1,2,2309120003,성삼재휴게소
g_g012484,1,3,2309120004,송광사
g_g012484,1,4,2309120005,한일관
g_g012484,1,5,2309120006,여수 식자재마트 어항 단지점
g_g012484,1,6,2309120007,여수 낭만포차 거리
g_g012484,1,7,2309120008,이순신대교 홍보관
g_g012484,1,8,2309120002,집
g_g012487,1,1,2309160001,친구 친지 집
g_g012487,1,2,2309160002,기흥휴게소 부산방향
g_g012487,1,3,2309160003,성심당 본점
g_g012487,1,4,2309160004,떡만집 은행점
g_g012487,1,5,2309160005,으능정이 스카이로드
g_g012487,1,6,2309160006,국립세종수목원
g_g012487,1,7,2309160007,집
g_g012494,1,1,2309160001,집
g_g012494,1,2,2309160002,서대전역
g_g012494,1,3,2309160003,광주역
g_g012494,1,4,2309160004,코코로 9
g_g012494,1,5,2309160005,현완단겸상추튀김 동명점
g_g012494,1,6,2309160006,여행자의 zip
g_g012494,1,7,2309160007,전일빌딩 245
g_g012494,1,8,2309160008,25시 참숯 구이
g_g012494,1,9,2309160009,광주송정역
g_g012494,1,10,2309160010,서대전역
g_g012494,1,11,2309160011,집
g_g012497,1,1,2309130001,집
g_g012497,1,2,2309130002,센트럴시티터미널(호남)
g_g012497,1,3,2309130003,정안 알밤 휴게소 천안 방향
g_g012497,1,4,2309130004,순천역 시외버스정류장
g_g012497,1,5,2309130005,차차로
g_g012497,1,6,2309130006,나눌 터
g_g012497,1,7,2309130007,순천만 국가정원
g_g012497,1,8,2309130008,카페 힐링
g_g012497,1,9,2309130010,순천 로컬푸드 국가 정원점
g_g012497,1,10,2309130009,풍미 통닭
g_g012497,1,11,2309130011,순천역 시외버스정류장
g_g012497,1,12,2309130012,이인 휴게소 천안 방향
g_g012497,1,13,2309130013,센트럴시티터미널(호남)
g_g012497,1,14,2309130014,집
g_g012498,1,1,2309140001,사무실
g_g012498,1,2,2309140002,한산모시전시장
g_g012498,1,3,2309140003,국립생태원
g_g012498,1,4,2309140004,대치네 갈비
g_g012498,1,5,2309140005,두빛나래
g_g012498,1,6,2309140006,공주 에덴요양병원
g_g012500,1,1,2309140001,집
g_g012500,1,2,2309140002,천안터미널
g_g012500,1,3,2309140003,각원사
g_g012500,1,4,2309140004,신부 문화거리
g_g012500,1,5,2309140005,북창동 순두부 천안터미널점
g_g012500,1,6,2309140006,어나더 카페
g_g012500,1,7,2309140007,독립기념관
g_g012500,1,8,2309140008,학화 1934
g_g012500,1,9,2309140009,집
g_g012502,1,1,2309170001,집
g_g012502,1,2,2309170002,용산호 미르 샘 수변길
g_g012502,1,3,2309170003,내장산국립공원
g_g012502,1,4,2309170004,순정축협 한우 명품관
g_g012502,1,5,2309170005,동학 농민혁명 기념공원
g_g012502,1,6,2309170006,천년 부부사랑 정촌 가요 특구
g_g012502,1,7,2309170007,정읍 하누
g_g012502,1,8,2309170008,전통찻집 난
g_g012502,1,9,2309170009,집
g_g012504,1,1,2309130001,집
g_g012504,1,2,2309130003,대전역
g_g012504,1,3,2309130004,김화 칼국수
g_g012504,1,4,2309130005,성심당 본점
g_g012504,1,5,2309130006,성심당 옛 맛 솜씨
g_g012504,1,6,2309130007,성심당 문화원
g_g012504,1,7,2309130008,성심당 케이크 부티크
g_g012504,1,8,2309130009,성심당 옛 맛 솜씨
g_g012504,1,9,2309130010,중앙로 지하상가
g_g012504,1,10,2309130011,다이소 대전중앙로역점
g_g012504,1,11,2309130012,미쏘 대전중앙 NC 점
g_g012504,1,12,2309130013,제이디 헤어
g_g012504,1,13,2309130017,엑스포시민광장
g_g012504,1,14,2309130014,이응노미술관
g_g012504,1,15,2309130015,곤지암할미소머리국밥 대전만년점
g_g012504,1,16,2309130016,서울역
g_g012504,1,17,2309130002,집
g_g012505,1,1,2309170001,집
g_g012505,1,2,2309170007,진천종합터미널
g_g012505,1,3,2309170003,배티성지
g_g012505,1,4,2309170004,진천 종 박물관
g_g012505,1,5,2309170005,진천군립 생거판화미술관
g_g012505,1,6,2309170006,고향 칼국수
g_g012505,1,7,2309170008,스몰 콤마
g_g012505,1,8,2309170009,친지 집
g_g012505,1,9,2309170002,집
g_g012512,1,1,2309150001,집
g_g012512,1,2,2309150003,등대 식육식당
g_g012512,1,3,2309150004,석산 카페
g_g012512,1,4,2309150005,포토 아이브
g_g012512,1,5,2309150006,씨엘이 베이커리 본점
g_g012512,1,6,2309150007,커피 창고로
g_g012512,1,7,2309150008,평화광장
g_g012512,1,8,2309150002,집
g_g012515,1,1,2309160001,집
g_g012515,1,2,2309160003,목포문학 박람회
g_g012515,1,3,2309160004,엘리펀트 앤 코카롱
g_g012515,1,4,2309160005,씨네 봄
g_g012515,1,5,2309160002,집
g_g012516,1,1,2309190001,집
g_g012516,1,2,2309190002,서울역 공항철도
g_g012516,1,3,2309190003,대전역
g_g012516,1,4,2309190004,장동산림욕장
g_g012516,1,5,2309190005,유성온천공원 족욕체험장
g_g012516,1,6,2309190006,대전중앙시장
g_g012516,1,7,2309190007,성심당 본점
g_g012516,1,8,2309190008,복수 분식 본점
g_g012516,1,9,2309190009,성심당 본점
g_g012516,1,10,2309190010,코인 스카이 노래연습장
g_g012516,1,11,2309190011,대전역
g_g012516,1,12,2309190012,서울역 공항철도
g_g012516,1,13,2309190013,집
g_g012518,1,1,2309140007,집
g_g012518,1,2,2309140001,성심당 본점
g_g012518,1,3,2309140002,계룡스파텔
g_g012518,1,4,2309140003,대전시립미술관 및 이응노미술관
g_g012518,1,5,2309140004,성심당 본점
g_g012518,1,6,2309140005,대전중앙시장
g_g012518,1,7,2309140006,롯데리아 금촌점
g_g012520,1,1,2309160001,집
g_g012520,1,2,2309160003,인천종합터미널
g_g012520,1,3,2309160004,대전 고속버스터미널
g_g012520,1,4,2309160005,대전시립 박물관
g_g012520,1,5,2309160006,한국조폐공사 화폐박물관
g_g012520,1,6,2309160007,성심당 DCC점
g_g012520,1,7,2309160008,마라 공방 대전도 용점
g_g012520,1,8,2309160009,엑스포시민광장
g_g012520,1,9,2309160010,이응노미술관
g_g012520,1,10,2309160011,대전시립미술관
g_g012520,1,11,2309160012,대전복합터미널
g_g012520,1,12,2309160013,인천종합터미널
g_g012520,1,13,2309160002,집
g_g012523,1,1,2309140001,집
g_g012523,1,2,2309140002,오늘 샤브 앤 오늘 어묵
g_g012523,1,3,2309140003,태양 커피 신세계 아트앤사이언스점
g_g012523,1,4,2309140004,대전엑스포 아쿠아리움
g_g012523,1,5,2309140005,성심당 DCC점
g_g012523,1,6,2309140006,집
g_g012528,1,1,2309150001,집
g_g012528,1,2,2309150003,두부촌
g_g012528,1,3,2309150004,파라다이스 스파 도고
g_g012528,1,4,2309150002,집
g_g012530,1,1,2309170001,집
g_g012530,1,2,2309170003,홍성 남당항 대하축제
g_g012530,1,3,2309170004,비츠
g_g012530,1,4,2309170005,속 동전망대
g_g012530,1,5,2309170006,어사리 노을공원
g_g012530,1,6,2309170007,대화 반점
g_g012530,1,7,2309170002,집
g_g012531,1,1,2309150001,집
g_g012531,1,2,2309150002,경주 집
g_g012531,1,3,2309150003,카페 베냐민
g_g012531,1,4,2309150004,더들리 도넛 휘게 서점 등 성안길 거리
g_g012531,1,5,2309150005,집
g_g012532,1,1,2309160001,집
g_g012532,1,2,2309160002,청주동물원
g_g012532,1,3,2309160003,동조성
g_g012532,1,4,2309160004,청주랜드 어린이체험관
g_g012532,1,5,2309160005,청주랜드
g_g012532,1,6,2309160006,집
g_g012541,1,1,2309140001,집
g_g012541,1,2,2309140002,서울역
g_g012541,1,3,2309140003,대전역
g_g012541,1,4,2309140004,성심당 본점
g_g012541,1,5,2309140005,오씨칼국수
g_g012541,1,6,2309140006,이프 유 얼스
g_g012541,1,7,2309140007,프렐류드
g_g012541,1,8,2309140008,한밭수목원
g_g012541,1,9,2309140009,유성호텔 대온천 탕
g_g012541,1,10,2309140010,별난 집
g_g012541,1,11,2309140011,대전역
g_g012541,1,12,2309140012,서울역
g_g012541,1,13,2309140013,집
g_g012542,1,1,2309140011,집
g_g012542,1,2,2309140001,성심당 본점
g_g012542,1,3,2309140002,애니플러스 숍 대전중앙로점
g_g012542,1,4,2309140003,진로 집
g_g012542,1,5,2309140005,벽화거리
g_g012542,1,6,2309140004,포토이즘 박스 대흥점
g_g012542,1,7,2309140006,볕
g_g012542,1,8,2309140007,친지 집
g_g012542,1,9,2309140008,서민 숯불
g_g012542,1,10,2309140009,친지 집
g_g012542,1,11,2309140010,집
g_g012544,1,1,2309160001,집
g_g012544,1,2,2309160003,화진담
g_g012544,1,3,2309160004,외갓집
g_g012544,1,4,2309160005,스탠더드 플레이
g_g012544,1,5,2309160002,친구 집
g_g012546,1,1,2309170001,집
g_g012546,1,2,2309170003,소노벨 천안 오션 어드벤처
g_g012546,1,3,2309170004,브레드 보드
g_g012546,1,4,2309170002,집
g_g012549,1,1,2309160001,친구 친지 집
g_g012549,1,2,2309160003,홍성 남당항 대하축제
g_g012549,1,3,2309160004,해미읍성
g_g012549,1,4,2309160005,행담도 휴게소 양방향
g_g012549,1,5,2309160002,남자친구 집
g_g012557,1,1,2309170001,집
g_g012557,1,2,2309170002,CU 몽산포 행운점
g_g012557,1,3,2309170003,몽산포해수욕장
g_g012557,1,4,2309170004,두메촌
g_g012557,1,5,2309170005,해미읍성
g_g012557,1,6,2309170006,집
g_g012571,1,1,2309170001,친구 친지 집
g_g012571,1,2,2309170002,광명역
g_g012571,1,3,2309170003,삼대째 전통 칼국수
g_g012571,1,4,2309170004,풍유가
g_g012571,1,5,2309170005,원조태평소국밥
g_g012571,1,6,2309170006,대전시립미술관
g_g012571,1,7,2309170007,엑스포과학공원
g_g012571,1,8,2309170008,성심당 본점
g_g012571,1,9,2309170009,도쿄 돈부리 대전은행점
g_g012571,1,10,2309170010,서대전역
g_g012571,1,11,2309170011,독산동 15-18
g_g012572,1,1,2309160001,집
g_g012572,1,2,2309160003,파라다이스 스파 도고
g_g012572,1,3,2309160004,북한강 주꾸미
g_g012572,1,4,2309160005,웜사이트
g_g012572,1,5,2309160002,집
g_g012580,1,1,2309170001,집
g_g012580,1,2,2309170002,국립현대미술관 청주
g_g012580,1,3,2309170003,우미노미
g_g012580,1,4,2309170004,청주시립미술관
g_g012580,1,5,2309170005,여의도 해링턴 타워 196오피스텔
g_g012582,1,1,2309160001,집
g_g012582,1,2,2309160009,조치원 주차타워
g_g012582,1,3,2309160002,세종전통시장
g_g012582,1,4,2309160003,조치원 테마거리
g_g012582,1,5,2309160004,세종 지혜의 숲
g_g012582,1,6,2309160005,퐁당 세종점
g_g012582,1,7,2309160006,국립세종수목원
g_g012582,1,8,2309160007,이응 다리
g_g012582,1,9,2309160008,집
g_g012583,1,1,2309170001,집
g_g012583,1,2,2309170003,예산 상설시장
g_g012583,1,3,2309170004,예당호 출렁다리
g_g012583,1,4,2309170005,예당호 모노레일
g_g012583,1,5,2309170006,광교에 포트 아이파크 오피스텔
g_g012583,1,6,2309170007,광교호수공원
g_g012583,1,7,2309170002,집
g_g012586,1,1,2309160001,집
g_g012586,1,2,2309160003,로보카폴리 안전체험공원
g_g012586,1,3,2309160004,곰골 식당
g_g012586,1,4,2309160005,서산버드랜드
g_g012586,1,5,2309160006,안면도 쥐라기 박물관
g_g012586,1,6,2309160007,홍성 남당항 대하축제
g_g012586,1,7,2309160002,집
g_g012591,1,1,2309180001,집
g_g012591,1,2,2309180002,쌍교 숯불갈비 담양 본점
g_g012591,1,3,2309180003,죽녹원
g_g012591,1,4,2309180004,오프 더 커프
g_g012591,1,5,2309180005,집
g_g012596,1,1,2309160001,집
g_g012596,1,2,2309160003,온양온천역
g_g012596,1,3,2309160004,군산역
g_g012596,1,4,2309160005,경암동 철길마을
g_g012596,1,5,2309160006,이가 소바
g_g012596,1,6,2309160009,말랭이 마을
g_g012596,1,7,2309160010,이성당 본점
g_g012596,1,8,2309160008,무녀 2구 마을버스
g_g012596,1,9,2309160007,은파호수공원
g_g012596,1,10,2309160011,군산역
g_g012596,1,11,2309160002,집
g_g012604,1,1,2309160001,집
g_g012604,1,2,2309160003,대전복합터미널
g_g012604,1,3,2309160002,서울고속버스터미널(경부)
g_g012604,1,4,2309160004,유성온천공원 족욕체험장
g_g012604,1,5,2309160005,원조태평소국밥
g_g012604,1,6,2309160006,쌍리
g_g012604,1,7,2309160007,성심당 본점
g_g012604,1,8,2309160008,성심당 케이크 부티크
g_g012604,1,9,2309160009,오이에
g_g012604,1,10,2309160010,진로 집
g_g012604,1,11,2309160011,대전복합터미널
g_g012604,1,12,2309160012,서울고속버스터미널(경부)
g_g012604,1,13,2309160013,집
g_g012615,1,1,2309160001,집
g_g012615,1,2,2309160002,매봉 식당
g_g012615,1,3,2309160003,계족산 황톳길
g_g012615,1,4,2309160004,성심당 DCC점
g_g012615,1,5,2309160005,집
g_g012617,1,1,2309170006,사무실
g_g012617,1,2,2309170002,자매 갈비전골
g_g012617,1,3,2309170003,전주 난장
g_g012617,1,4,2309170004,바자르
g_g012617,1,5,2309170005,금암면옥 본점
g_g012617,1,6,2309170001,남화 아파트
g_g012620,1,1,2309160001,집
g_g012620,1,2,2309160002,유성시외버스정류소
g_g012620,1,3,2309160003,코스트코 세종점
g_g012620,1,4,2309160004,메타 45카페
g_g012620,1,5,2309160005,국립세종수목원
g_g012620,1,6,2309160006,제주 은희네 해장국 세종청사점
g_g012620,1,7,2309160007,집
g_g012624,1,1,2309160001,집
g_g012624,1,2,2309160003,온양온천역
g_g012624,1,3,2309160004,써브웨이 아산 온양점
g_g012624,1,4,2309160005,온양관광호텔 대온천탕
g_g012624,1,5,2309160006,온양온천시장
g_g012624,1,6,2309160007,온양온천역
g_g012624,1,7,2309160002,집
g_g012625,1,1,2309180001,집
g_g012625,1,2,2309180002,전주한옥마을
g_g012625,1,3,2309180003,교동 석갈비
g_g012625,1,4,2309180004,전주동물원
g_g012625,1,5,2309180005,카페 달
g_g012625,1,6,2309180006,집
g_g012628,1,1,2309160001,집
g_g012628,1,2,2309160003,갯벌낙지 수제비 여수 본점
g_g012628,1,3,2309160004,소호동 동다리
g_g012628,1,4,2309160005,인구 커피
g_g012628,1,5,2309160006,정희
g_g012628,1,6,2309160007,웅천해수욕장
g_g012628,1,7,2309160002,집
g_g012629,1,1,2309170001,집
g_g012629,1,2,2309170002,활옷 동굴
g_g012629,1,3,2309170003,들림 횟집
g_g012629,1,4,2309170004,탄금공원 숲 놀이터
g_g012629,1,5,2309170005,애오개역 5호선
g_g012634,1,1,2309170001,집
g_g012634,1,2,2309170002,서울고속버스터미널(경부)
g_g012634,1,3,2309170003,고속버스 둔산(청사) 정류장
g_g012634,1,4,2309170004,스타벅스 대전엑스포 스카이점
g_g012634,1,5,2309170005,폴 바셋 대전엑스포 스카이점
g_g012634,1,6,2309170006,국립 중앙과학관 과학교육관
g_g012634,1,7,2309170007,스타벅스 대전만년점
g_g012634,1,8,2309170008,둔산대공원
g_g012634,1,9,2309170009,정일품 손두부
g_g012634,1,10,2309170010,고속버스 둔산(청사) 정류장
g_g012634,1,11,2309170011,집
g_g012639,1,1,2309180001,집
g_g012639,1,2,2309180003,베어트리 파크
g_g012639,1,3,2309180004,전의 막국수
g_g012639,1,4,2309180005,전의왕의물시장
g_g012639,1,5,2309180002,집
g_g012643,1,1,2309170001,집
g_g012643,1,2,2309170002,불갑사 관광지
g_g012643,1,3,2309170003,할미 보리밥
g_g012643,1,4,2309170004,집
g_g012650,1,1,2309230001,집
g_g012650,1,2,2309230002,김밥천국 세종점
g_g012650,1,3,2309230003,스타벅스 세종청사점
g_g012650,1,4,2309230004,국립세종수목원
g_g012650,1,5,2309230005,초원아파트
g_g012653,1,1,2309230001,집
g_g012653,1,2,2309230003,국립아시아문화전당
g_g012653,1,3,2309230002,고집 뼈 감자탕
g_g012653,1,4,2309230004,갤러리 24카페
g_g012653,1,5,2309230005,코노코인 노래연습장
g_g012653,1,6,2309230006,한해물하네 광주첨단점
g_g012653,1,7,2309230007,브레드 진
g_g012653,1,8,2309230008,집
g_g012655,1,1,2309230001,집
g_g012655,1,2,2309230002,청주동물원
g_g012655,1,3,2309230003,다담들 한식뷔페 북청 주접
g_g012655,1,4,2309230005,청주랜드
g_g012655,1,5,2309230004,청주랜드 어린이체험관
g_g012655,1,6,2309230006,코스트코 세종점
g_g012655,1,7,2309230007,집
g_g012656,1,1,2309240001,집
g_g012656,1,2,2309240002,고서 창평 국밥
g_g012656,1,3,2309240003,쓰촨
g_g012656,1,4,2309240004,소아르떼
g_g012656,1,5,2309240006,관음사
g_g012656,1,6,2309240005,집
g_g012658,1,1,2309240001,집
g_g012658,1,2,2309240002,보성녹차 휴게소 무안 방향
g_g012658,1,3,2309240003,국립 천관산자연휴양림
g_g012658,1,4,2309240004,신가네 낙지 삼합
g_g012658,1,5,2309240005,컴포즈커피 장흥 중앙로 점
g_g012658,1,6,2309240006,집
g_g012659,1,1,2309230001,집
g_g012659,1,2,2309230002,옛 군산세관
g_g012659,1,3,2309230003,군산근대역사박물관
g_g012659,1,4,2309230004,진포해양테마공원
g_g012659,1,5,2309230005,초원 사진
g_g012659,1,6,2309230006,명륜진사갈비 군산 본점
g_g012659,1,7,2309230007,집
g_g012660,1,1,2309230001,집
g_g012660,1,2,2309230003,도이힐커피
g_g012660,1,3,2309230004,세종 호수공원
g_g012660,1,4,2309230005,카페 바림
g_g012660,1,5,2309230006,돌솥 순두부
g_g012660,1,6,2309230002,집
g_g012661,1,1,2309240001,집
g_g012661,1,2,2309240002,무녀 2구 마을버스
g_g012661,1,3,2309240003,무녀도
g_g012661,1,4,2309240004,신시도항
g_g012661,1,5,2309240005,야미도
g_g012661,1,6,2309240006,은파호수공원
g_g012661,1,7,2309240007,집
g_g012662,1,1,2309270001,사무실
g_g012662,1,2,2309270002,오한순 손수제비
g_g012662,1,3,2309270003,성심당 본점
g_g012662,1,4,2309270004,인이 얼
g_g012662,1,5,2309270005,한화생명 이글스 파크
g_g012662,1,6,2309270006,집
g_g012664,1,1,2309230001,집
g_g012664,1,2,2309230003,전주동물원
g_g012664,1,3,2309230004,전주한옥마을
g_g012664,1,4,2309230005,전주 남부시장 한옥마을 야시장
g_g012664,1,5,2309230006,객사길
g_g012664,1,6,2309230002,전주한옥마을
g_g012665,1,1,2309230001,집
g_g012665,1,2,2309230003,이야기꽃 도서관
g_g012665,1,3,2309230004,댄싱 컵 광주 선운점
g_g012665,1,4,2309230005,이야기꽃 도서관
g_g012665,1,5,2309230006,이비가짬뽕 광주 평동점
g_g012665,1,6,2309230007,전라남도교육청 남평 도서관
g_g012665,1,7,2309230008,빛고을 농촌테마공원
g_g012665,1,8,2309230002,집
g_g012674,1,1,2309230001,집
g_g012674,1,2,2309230002,불칸
g_g012674,1,3,2309230003,편백나무숲
g_g012674,1,4,2309230004,정원마다 커피
g_g012674,1,5,2309230005,집
g_g012675,1,1,2309230001,집
g_g012675,1,2,2309230002,예산상설시장
g_g012675,1,3,2309230003,발레나 카페
g_g012675,1,4,2309230004,예당호 출렁다리
g_g012675,1,5,2309230005,집
g_g012676,1,1,2309240001,집
g_g012676,1,2,2309240003,지중해마을
g_g012676,1,3,2309240004,현충사
g_g012676,1,4,2309240005,온양관광호텔
g_g012676,1,5,2309240002,집
g_g012677,1,1,2309230001,집
g_g012677,1,2,2309230002,홍성 남당항 대하축제
g_g012677,1,3,2309230003,대천항 수산시장
g_g012677,1,4,2309230004,집
g_g012679,1,1,2309240001,집
g_g012679,1,2,2309240002,공주 칼국수
g_g012679,1,3,2309240003,영동전통시장
g_g012679,1,4,2309240004,드림디포 영동점
g_g012679,1,5,2309240005,영동 와인터널
g_g012679,1,6,2309240006,과일나라 테마공원
g_g012679,1,7,2309240007,집
g_g012680,1,1,2309230001,집
g_g012680,1,2,2309230003,신사 우물 갈비
g_g012680,1,3,2309230004,뚜쥬루 돌가마점
g_g012680,1,4,2309230005,청수 호수공원
g_g012680,1,5,2309230002,집
g_g012682,1,1,2309240001,집
g_g012682,1,2,2309240002,키이네 유부
g_g012682,1,3,2309240003,갤러리아백화점 타임월드점
g_g012682,1,4,2309240004,모락당
g_g012682,1,5,2309240005,카페 리플리
g_g012682,1,6,2309240006,팀 쿡 가오점
g_g012682,1,7,2309240007,집
g_g012683,1,1,2309230001,집
g_g012683,1,2,2309230003,스타벅스 오창 호수공원점
g_g012683,1,3,2309230004,문화휴식공원
g_g012683,1,4,2309230005,훌랄라 참 숯불치킨 오창 1점
g_g012683,1,5,2309230002,집
g_g012686,1,1,2309230001,집
g_g012686,1,2,2309230002,강천사 휴게소
g_g012686,1,3,2309230003,전주 덕진공원
g_g012686,1,4,2309230004,전주한옥마을
g_g012686,1,5,2309230005,한국 식당
g_g012686,1,6,2309230006,전주한옥 태조 궁 호텔
g_g012687,1,1,2309230001,집
g_g012687,1,2,2309230002,목포어린이 바다 과학관
g_g012687,1,3,2309230003,연희네 슈퍼
g_g012687,1,4,2309230004,테라스 21
g_g012687,1,5,2309230005,태동 식당
g_g012687,1,6,2309230006,목포 스카이워크
g_g012687,1,7,2309230007,집
g_g012688,1,1,2309240001,집
g_g012688,1,2,2309240002,죽녹원
g_g012688,1,3,2309240003,담양에 꽃
g_g012688,1,4,2309240004,메타 프로방스
g_g012688,1,5,2309240005,밀크레페
g_g012688,1,6,2309240006,메타세쿼이아 가로수길
g_g012688,1,7,2309240007,집
g_g012689,1,1,2309240001,집
g_g012689,1,2,2309240002,리치 빌딩
g_g012689,1,3,2309240003,원조태평소국밥
g_g012689,1,4,2309240004,아크테릭스 신세계 백화점 대전 신세계 Art
g_g012689,1,5,2309240005,엑스포과학공원 한빛탑
g_g012689,1,6,2309240006,양우 명가화로 구이
g_g012689,1,7,2309240007,집
g_g012690,1,1,2309240001,집
g_g012690,1,2,2309240002,왕궁 중화요리
g_g012690,1,3,2309240003,대전 오월드
g_g012690,1,4,2309240004,새뜸마을 5단지 메이저시티아이파크 아파트
g_g012696,1,1,2309230001,집
g_g012696,1,2,2309230002,호남제일문 버스하차장
g_g012696,1,3,2309230003,아엘르
g_g012696,1,4,2309230004,전주 덕진공원
g_g012696,1,5,2309230005,전북대학교 전주캠퍼스
g_g012696,1,6,2309230006,카페 프로바이더
g_g012696,1,7,2309230007,전주 고속버스터미널
g_g012696,1,8,2309230008,집
g_g012697,1,1,2309280005,집
g_g012697,1,2,2309280001,황룡강 생태공원
g_g012697,1,3,2309280002,홍길동테마파크
g_g012697,1,4,2309280003,초동 순두부
g_g012697,1,5,2309280004,세계수영선수촌 중흥에스-클래스센트럴 아파트
g_g012698,1,1,2309230001,집
g_g012698,1,2,2309230002,오씨칼국수
g_g012698,1,3,2309230003,숍 BP
g_g012698,1,4,2309230004,한밭수목원
g_g012698,1,5,2309230005,스타벅스 대전엑스포 스카이점
g_g012698,1,6,2309230006,성심당 본점
g_g012698,1,7,2309230007,집
g_g012699,1,1,2309230001,집
g_g012699,1,2,2309230002,부자 떡집
g_g012699,1,3,2309230003,공주 무령왕릉과 왕릉원
g_g012699,1,4,2309230004,커피 인터뷰 공주점
g_g012699,1,5,2309230005,공산성
g_g012699,1,6,2309230007,공주알밤 센터
g_g012699,1,7,2309230006,금강신관공원 일원
g_g012699,1,8,2309230008,곰골 식당
g_g012699,1,9,2309230009,집
g_g012701,1,1,2309240001,집
g_g012701,1,2,2309240003,대일 분식
g_g012701,1,3,2309240004,익산 교도소 세트장
g_g012701,1,4,2309240005,익산 미륵사지
g_g012701,1,5,2309240006,국립 익산 박물관
g_g012701,1,6,2309240007,익산 홀로그램 체험관
g_g012701,1,7,2309240008,익산 아트센터 고백 스타
g_g012701,1,8,2309240009,엘베강
g_g012701,1,9,2309240002,집
g_g012702,1,1,2309240001,집
g_g012702,1,2,2309240002,곡교천 은행나무 길
g_g012702,1,3,2309240003,궁전 해물칼국수 배방 직영점
g_g012702,1,4,2309240004,사우 커피
g_g012702,1,5,2309240005,곡교천
g_g012702,1,6,2309240006,집
g_g012704,1,1,2309240001,집
g_g012704,1,2,2309240002,세량제
g_g012704,1,3,2309240003,브레드 백
g_g012704,1,4,2309240005,화순 고인돌공원
g_g012704,1,5,2309240004,화순 고인돌 선사체험장
g_g012704,1,6,2309240006,담양 전통 숯불 돼지갈비
g_g012704,1,7,2309240007,테마파크 소풍
g_g012704,1,8,2309240009,도곡농협 로컬푸드 직매장
g_g012704,1,9,2309240008,집
g_g012705,1,1,2309230001,집
g_g012705,1,2,2309230002,오수휴게소 순천방향
g_g012705,1,3,2309230003,노고단
g_g012705,1,4,2309230004,덕동 식당
g_g012705,1,5,2309230005,산 아래 카페
g_g012705,1,6,2309230006,목월 빵집
g_g012705,1,7,2309230007,집
g_g012708,1,1,2309230001,집
g_g012708,1,2,2309230003,고기 명가 정육점
g_g012708,1,3,2309230004,다이닝 스푼 혁신점
g_g012708,1,4,2309230005,스타벅스 전주 만성 DT점
g_g012708,1,5,2309230006,전라북도 산림환경연구소
g_g012708,1,6,2309230007,사선대
g_g012708,1,7,2309230002,집
g_g012711,1,1,2309230001,집
g_g012711,1,2,2309230002,덕성 서원
g_g012711,1,3,2309230003,세종 호수공원
g_g012711,1,4,2309230004,국립세종수목원
g_g012711,1,5,2309230005,집
g_g012713,1,1,2309240001,집
g_g012713,1,2,2309240002,국립 중앙과학관
g_g012713,1,3,2309240003,갤러리아백화점 타임월드점
g_g012713,1,4,2309240004,원조태평소국밥
g_g012713,1,5,2309240005,집
g_g012716,1,1,2309230001,집
g_g012716,1,2,2309230002,탕화 쿵후 마라탕
g_g012716,1,3,2309230003,다이소 세종 나성점
g_g012716,1,4,2309230004,어반 아트리움 더 센트럴
g_g012716,1,5,2309230005,행정안전부 대통령기록관
g_g012716,1,6,2309230006,세종 호수공원
g_g012716,1,7,2309230007,복호도 세종 나성점
g_g012716,1,8,2309230008,집
g_g012718,1,1,2309230001,집
g_g012718,1,2,2309230003,우미노미
g_g012718,1,3,2309230002,상당산성
g_g012718,1,4,2309230004,쫄쫄 호떡 중앙공원 본점
g_g012718,1,5,2309230005,컵앤콘
g_g012718,1,6,2309230006,청주 디저트 베이커리 페스타
g_g012718,1,7,2309230007,두레 베이커리 청주점
g_g012718,1,8,2309230008,집
g_g012721,1,1,2309270001,집
g_g012721,1,2,2309270002,천안역 동부광장
g_g012721,1,3,2309270003,아워 베이글
g_g012721,1,4,2309270004,천안 타운홀 전망대
g_g012721,1,5,2309270005,일상 서재
g_g012721,1,6,2309270006,집
g_g012723,1,1,2309230001,집
g_g012723,1,2,2309230002,아랑 경양회관 제천점
g_g012723,1,3,2309230003,제천 산악체험장
g_g012723,1,4,2309230004,글루글루
g_g012723,1,5,2309230005,청풍호 자드락길 4코스(녹색마을 길)
g_g012723,1,6,2309230006,아사 감자탕
g_g012723,1,7,2309230007,집
g_g012724,1,1,2309230001,집
g_g012724,1,2,2309230003,다누리 아쿠아리움
g_g012724,1,3,2309230002,대교 식당
g_g012724,1,4,2309230004,단양구경시장
g_g012724,1,5,2309230005,단양강잔도
g_g012724,1,6,2309230006,단양생태체육공원
g_g012724,1,7,2309230007,집
g_g012726,1,1,2309230001,집
g_g012726,1,2,2309230002,피싱 게이트 구매한 점
g_g012726,1,3,2309230003,구매한
g_g012726,1,4,2309230004,시골 횟집
g_g012726,1,5,2309230005,S 마트
g_g012726,1,6,2309230006,대천 청운 콘도
g_g012727,1,1,2309230001,집
g_g012727,1,2,2309230002,꽃객프로젝트
g_g012727,1,3,2309230003,보리 나라
g_g012727,1,4,2309230004,민속적
g_g012727,1,5,2309230005,불갑산 상사화 축제
g_g012727,1,6,2309230006,집
g_g012728,1,1,2309230001,집
g_g012728,1,2,2309230002,이마트 세종점
g_g012728,1,3,2309230003,할리스 세종 어반 아트리움점
g_g012728,1,4,2309230004,세종 호수공원
g_g012728,1,5,2309230005,이응 다리
g_g012728,1,6,2309230006,집
g_g012731,1,1,2309270001,사무실
g_g012731,1,2,2309270002,용산역
g_g012731,1,3,2309270003,광주송정역
g_g012731,1,4,2309270004,1913 송정역시장
g_g012731,1,5,2309270005,풍암저수지
g_g012731,1,6,2309270006,롯데마트 월드컵점
g_g012731,1,7,2309270007,중흥아파트
g_g012732,1,1,2309240001,친구 친지 집
g_g012732,1,2,2309240002,연산 향교
g_g012732,1,3,2309240003,연산 문화창고
g_g012732,1,4,2309240004,돈암서원
g_g012732,1,5,2309240005,가마솥에 누룽지
g_g012732,1,6,2309240006,도안 8단지 신안인스빌 리베라 아파트
g_g012733,1,1,2309240010,집
g_g012733,1,2,2309240001,진주역
g_g012733,1,3,2309240002,순천역
g_g012733,1,4,2309240003,컴포즈커피 순천역점
g_g012733,1,5,2309240004,순천만 국가정원 빛의 서문
g_g012733,1,6,2309240005,순천만 국가정원 지구 동문
g_g012733,1,7,2309240006,황금성
g_g012733,1,8,2309240007,순천만 국가정원
g_g012733,1,9,2309240008,오천 그린광장
g_g012733,1,10,2309240009,드롭 탑 전남 순천역점
g_g012733,1,11,2309240011,진주역
g_g012733,1,12,2309240012,집
g_g012742,1,1,2309260001,집
g_g012742,1,2,2309260002,마애 여래삼존상
g_g012742,1,3,2309260003,보원사
g_g012742,1,4,2309260004,개심사
g_g012742,1,5,2309260005,경성 면옥 서산 수석점
g_g012742,1,6,2309260006,해미읍성
g_g012742,1,7,2309260007,서산 동부전통시장
g_g012742,1,8,2309260008,집
g_g012745,1,1,2309230001,집
g_g012745,1,2,2309230002,모 식당
g_g012745,1,3,2309230003,채석강
g_g012745,1,4,2309230004,곰소염전
g_g012745,1,5,2309230005,슬지 제빵소
g_g012745,1,6,2309230006,곰소만 왕새우 축제
g_g012745,1,7,2309230007,집
g_g012746,1,1,2309230001,집
g_g012746,1,2,2309230002,불갑산 상사화 축제
g_g012746,1,3,2309230003,불갑사
g_g012746,1,4,2309230004,집
g_g012749,1,1,2309240001,집
g_g012749,1,2,2309240002,논산역
g_g012749,1,3,2309240003,조치원역
g_g012749,1,4,2309240005,안다 미로 라움
g_g012749,1,5,2309240004,이천 농원
g_g012749,1,6,2309240006,대한불교조계종 관제사
g_g012749,1,7,2309240007,호려울마을1단지대방노블랜드아파트
g_g012749,1,8,2309240008,집
g_g012750,1,1,2309230001,집
g_g012750,1,2,2309230003,청남대
g_g012750,1,3,2309230004,토담골
g_g012750,1,4,2309230005,향기나무
g_g012750,1,5,2309230002,집
g_g012751,1,1,2309230001,집
g_g012751,1,2,2309230003,목포근대역사관 1관
g_g012751,1,3,2309230004,목포근대역사관 2관
g_g012751,1,4,2309230005,오돈 3호 광장점
g_g012751,1,5,2309230006,스타벅스 목포터미널 DT점
g_g012751,1,6,2309230002,집
g_g012752,1,1,2309230001,집
g_g012752,1,2,2309230002,온천장 역 부산 1호선
g_g012752,1,3,2309230003,노포역 부산 1호선
g_g012752,1,4,2309230004,부산종합버스터미널
g_g012752,1,5,2309230005,섬진강휴게소 순천방향
g_g012752,1,6,2309230006,여수종합버스터미널
g_g012752,1,7,2309230007,청정 게장촌
g_g012752,1,8,2309230008,가나다 다실
g_g012752,1,9,2309230009,이순신광장
g_g012752,1,10,2309230010,세븐일레븐 여수 중앙점
g_g012752,1,11,2309230011,소호동 동다리
g_g012752,1,12,2309230012,시그마 36
g_g012752,1,13,2309230013,터진 만두
g_g012752,1,14,2309230014,중마 버스터미널
g_g012752,1,15,2309230016,부산 서부버스터미널
g_g012752,1,16,2309230015,섬진강휴게소 부산방향
g_g012752,1,17,2309230017,사상역 부산 2호선
g_g012752,1,18,2309230018,온천장 역 부산 1호선
g_g012752,1,19,2309230019,집
g_g012753,1,1,2309230001,집
g_g012753,1,2,2309230002,반월 소바
g_g012753,1,3,2309230003,옥녀봉
g_g012753,1,4,2309230004,커피 인터뷰 강경구락부점
g_g012753,1,5,2309230005,논산 시민운동장
g_g012753,1,6,2309230006,강경 해물칼국수
g_g012753,1,7,2309230007,집
g_g012755,1,1,2309280001,집
g_g012755,1,2,2309280002,장군 칼국수
g_g012755,1,3,2309280003,무드 빌리지
g_g012755,1,4,2309280004,백제문화 단지
g_g012755,1,5,2309280005,집
g_g012757,1,1,2309240001,집
g_g012757,1,2,2309240002,충청남도 당진교육지원청 당진도서관
g_g012757,1,3,2309240003,하우 스터디 당진 스터디 카페
g_g012757,1,4,2309240004,스시 다이와 당진점
g_g012757,1,5,2309240005,웨스트 몰
g_g012757,1,6,2309240006,솔뫼성지
g_g012757,1,7,2309240007,합덕수리민속박물관
g_g012757,1,8,2309240008,집
g_g012761,1,1,2309230001,집
g_g012761,1,2,2309230002,왕궁저수지
g_g012761,1,3,2309230003,보석 박물관 주얼팰리스
g_g012761,1,4,2309230004,보석 박물관 공룡테마공원
g_g012761,1,5,2309230005,실비식당
g_g012761,1,6,2309230006,서천특화시장
g_g012761,1,7,2309230007,집
g_g012762,1,1,2309270001,집
g_g012762,1,2,2309270002,청산수목원
g_g012762,1,3,2309270003,카페 49
g_g012762,1,4,2309270004,신두리 해안사구
g_g012762,1,5,2309270005,리즈
g_g012762,1,6,2309270006,집
g_g012764,1,1,2309240001,집
g_g012764,1,2,2309240003,편백 연가
g_g012764,1,3,2309240004,하레 하레 도안점
g_g012764,1,4,2309240005,한밭수목원
g_g012764,1,5,2309240002,친구 집
g_g012767,1,1,2309230001,집
g_g012767,1,2,2309230002,트리폴리
g_g012767,1,3,2309230003,아마르 라운지
g_g012767,1,4,2309230005,피나클랜드 국화축제
g_g012767,1,5,2309230004,집
g_g012770,1,1,2309280001,집
g_g012770,1,2,2309280002,교동 면옥 공주신관점
g_g012770,1,3,2309280003,빽다방 공주대점
g_g012770,1,4,2309280004,연미산 자연미술공원
g_g012770,1,5,2309280005,국립공주 박물관
g_g012770,1,6,2309280006,공주 산성시장
g_g012770,1,7,2309280007,집
g_g012772,1,1,2309240001,집
g_g012772,1,2,2309240002,대전역
g_g012772,1,3,2309240003,천안역
g_g012772,1,4,2309240004,호호 반점 천안 힐스 에비뉴점
g_g012772,1,5,2309240005,천안 타운홀 전망대
g_g012772,1,6,2309240006,천 호지 생활체육공원
g_g012772,1,7,2309240007,마리스
g_g012772,1,8,2309240008,경성 일 번가
g_g012772,1,9,2309240009,신세계백화점 천안아산점
g_g012772,1,10,2309240010,천안터미널
g_g012772,1,11,2309240011,대전복합터미널
g_g012772,1,12,2309240012,왕과탕후루 대전복합터미널점
g_g012772,1,13,2309240013,집
g_g012774,1,1,2309230001,친구 친지 집
g_g012774,1,2,2309230002,CU 평택르플로랑점
g_g012774,1,3,2309230003,계룡산국립공원
g_g012774,1,4,2309230004,금수봉 가든
g_g012774,1,5,2309230005,큐피드 모텔
g_g012774,1,6,2309230006,국립세종수목원
g_g012774,1,7,2309230007,평택 고덕 LH2단지 아파트
g_g012775,1,1,2309230001,집
g_g012775,1,2,2309230002,이마트 군산점
g_g012775,1,3,2309230003,군산근대역사박물관
g_g012775,1,4,2309230004,군산근대역사박물관 주차장
g_g012775,1,5,2309230005,낙원 대중탕
g_g012775,1,6,2309230006,메가 MGC 커피 군산나운점
g_g012775,1,7,2309230007,서울 소바
g_g012775,1,8,2309230008,다이소 익산 원광대점
g_g012775,1,9,2309230009,집
g_g012776,1,1,2309230001,집
g_g012776,1,2,2309230002,원조 장수 통닭
g_g012776,1,3,2309230003,대흥사
g_g012776,1,4,2309230004,문이든
g_g012776,1,5,2309230005,집
g_g012780,1,1,2309240001,집
g_g012780,1,2,2309240002,군산 시외버스터미널
g_g012780,1,3,2309240003,민트 약국
g_g012780,1,4,2309240004,멘 다케이 본점
g_g012780,1,5,2309240005,김개남 장군 추모비
g_g012780,1,6,2309240006,전주 덕진공원
g_g012780,1,7,2309240007,연화정도서관
g_g012780,1,8,2309240008,전동성당
g_g012780,1,9,2309240009,카카오 프렌즈 전주한옥마을점
g_g012780,1,10,2309240010,평화와 평화
g_g012780,1,11,2309240011,전라감영
g_g012780,1,12,2309240012,풍년제과 본점
g_g012780,1,13,2309240013,전주왱이콩나물국밥전문점
g_g012780,1,14,2309240014,홍지서림
g_g012780,1,15,2309240015,101마켓 전주지점
g_g012780,1,16,2309240016,oreon
g_g012780,1,17,2309240017,쿠션
g_g012780,1,18,2309240018,알라딘 중고서점 전주점
g_g012780,1,19,2309240019,덕진 정류장
g_g012780,1,20,2309240020,집
g_g012781,1,1,2309240001,집
g_g012781,1,2,2309240002,화순 고인돌공원
g_g012781,1,3,2309240003,구지가
g_g012781,1,4,2309240005,화순축협 하나로마트 본점
g_g012781,1,5,2309240004,별을 보며 빵을 굽다 화순점
g_g012781,1,6,2309240006,집
g_g012783,1,1,2309230001,집
g_g012783,1,2,2309230003,유스퀘어 광주종합버스터미널
g_g012783,1,3,2309230004,대전청사 시외버스 둔산 정류소
g_g012783,1,4,2309230005,동백카츠
g_g012783,1,5,2309230006,갤러리아백화점 타임월드점
g_g012783,1,6,2309230007,대전 신세계 아트앤사이언스
g_g012783,1,7,2309230008,성심당 DCC점
g_g012783,1,8,2309230009,천연기념물 센터
g_g012783,1,9,2309230010,대전시립미술관
g_g012783,1,10,2309230011,대전예술의전당
g_g012783,1,11,2309230012,대전청사 시외버스 둔산 정류소
g_g012783,1,12,2309230013,유스퀘어 광주종합버스터미널
g_g012783,1,13,2309230002,집
g_g012786,1,1,2309230001,친구 친지 집
g_g012786,1,2,2309230003,전주한옥마을
g_g012786,1,3,2309230004,통집
g_g012786,1,4,2309230005,전북대학교 전주캠퍼스
g_g012786,1,5,2309230006,전주 덕진공원
g_g012786,1,6,2309230007,전주 남부시장 한옥마을 야시장
g_g012786,1,7,2309230002,집
g_g012791,1,1,2309240001,집
g_g012791,1,2,2309240003,중앙에너비스 종암지점
g_g012791,1,3,2309240004,망향휴게소 부산방향
g_g012791,1,4,2309240005,정안 알밤 휴게소 논산 방향
g_g012791,1,5,2309240006,국립부여박물관 어린이 박물관
g_g012791,1,6,2309240007,국립부여박물관
g_g012791,1,7,2309240008,GS25 부여박물관점
g_g012791,1,8,2309240009,올리브영 충남 부여점
g_g012791,1,9,2309240010,백제문화 단지
g_g012791,1,10,2309240011,롯데 아웃렛 부여점
g_g012791,1,11,2309240012,백제문화 단지
g_g012791,1,12,2309240013,정안 알밤 휴게소 천안 방향
g_g012791,1,13,2309240002,집
g_g012796,1,1,2309240001,집
g_g012796,1,2,2309240002,소바 집 본점
g_g012796,1,3,2309240003,담양 관방제림
g_g012796,1,4,2309240004,죽녹원
g_g012796,1,5,2309240005,수비니어
g_g012796,1,6,2309240006,메타세쿼이아 가로수길
g_g012796,1,7,2309240007,집
g_g012803,1,1,2309230001,집
g_g012803,1,2,2309230002,대백제전
g_g012803,1,3,2309230003,춘소 커피
g_g012803,1,4,2309230004,보배 반점 공주신관점
g_g012803,1,5,2309230005,집
g_g012805,1,1,2309240001,집
g_g012805,1,2,2309240002,장원 막국수
g_g012805,1,3,2309240003,구드래나루터 선착장
g_g012805,1,4,2309240005,무드 빌리지
g_g012805,1,5,2309240004,백제역사문화관
g_g012805,1,6,2309240006,궁남지
g_g012805,1,7,2309240007,집
g_g012807,1,1,2309230001,친구 친지 집
g_g012807,1,2,2309230002,니즈 파스타 천안목천점
g_g012807,1,3,2309230003,아름다운 정원과 수목
g_g012807,1,4,2309230004,홈플러스 천안점
g_g012807,1,5,2309230005,학화호두과자 구성동 본점
g_g012807,1,6,2309230006,컴포즈커피 천안 부을 당대 원점
g_g012807,1,7,2309230007,천안 시청
g_g012807,1,8,2309230008,이마트 아산점
g_g012807,1,9,2309230009,청솔아파트
g_g012812,1,1,2309240001,사무실
g_g012812,1,2,2309240002,대전역
g_g012812,1,3,2309240003,대전중앙시장
g_g012812,1,4,2309240004,치앙마이 방콕
g_g012812,1,5,2309240005,워커 숍
g_g012812,1,6,2309240006,HM 대전 둔산점
g_g012812,1,7,2309240007,하레 하레 갤러리아 타임월드점
g_g012812,1,8,2309240008,더반 베를린 갤러리아 타임월드점
g_g012812,1,9,2309240009,시티에스 버거
g_g012812,1,10,2309240010,동탄역
g_g012814,1,1,2309240001,집
g_g012814,1,2,2309240003,용봉산 자연휴양림
g_g012814,1,3,2309240004,진한 국밥
g_g012814,1,4,2309240005,세심전 온천호텔
g_g012814,1,5,2309240002,서산중앙고
g_g012831,1,1,2309230001,집
g_g012831,1,2,2309230002,이고집 만두
g_g012831,1,3,2309230003,태조산공원
g_g012831,1,4,2309230004,콩트
g_g012831,1,5,2309230005,아라리오갤러리 천안
g_g012831,1,6,2309230006,집
g_g012857,1,1,2309270001,집
g_g012857,1,2,2309270002,피나클랜드 수목원
g_g012857,1,3,2309270003,청와삼대 칼국수 명이 보쌈
g_g012857,1,4,2309270004,은행나무 길
g_g012857,1,5,2309270005,오비어 커피
g_g012857,1,6,2309270006,집
g_g012858,1,1,2309240001,집
g_g012858,1,2,2309240002,공산성
g_g012858,1,3,2309240003,일미분식
g_g012858,1,4,2309240004,국립공주 박물관
g_g012858,1,5,2309240005,BRT 작은 미술관
g_g012858,1,6,2309240006,집
g_g012863,1,1,2309230001,집
g_g012863,1,2,2309230002,무장읍성
g_g012863,1,3,2309230003,학원농장
g_g012863,1,4,2309230004,구시포해수욕장
g_g012863,1,5,2309230005,사막도 횟집
g_g012863,1,6,2309230006,고창 고인돌공원
g_g012863,1,7,2309230007,집
g_g012864,1,1,2309230001,집
g_g012864,1,2,2309230002,빕스 프리미어 광주 광천점
g_g012864,1,3,2309230003,국립아시아문화전당
g_g012864,1,4,2309230004,집
g_g012870,1,1,2309260001,집
g_g012870,1,2,2309260003,서울역
g_g012870,1,3,2309260004,대전역
g_g012870,1,4,2309260005,성심당 본점
g_g012870,1,5,2309260006,성심당 롯데백화점 대전점
g_g012870,1,6,2309260007,유림공원
g_g012870,1,7,2309260008,스타벅스 대전엑스포 스카이점
g_g012870,1,8,2309260009,엑스포과학공원
g_g012870,1,9,2309260010,한밭수목원
g_g012870,1,10,2309260011,대전역
g_g012870,1,11,2309260012,서울역
g_g012870,1,12,2309260002,집
g_g012873,1,1,2309240001,집
g_g012873,1,2,2309240002,속리산 산들 맛집
g_g012873,1,3,2309240003,법주사
g_g012873,1,4,2309240004,속리산 세조 길
g_g012873,1,5,2309240005,집
g_g012874,1,1,2309230001,집
g_g012874,1,2,2309230002,아우내 엄나무 순대
g_g012874,1,3,2309230003,독립기념관
g_g012874,1,4,2309230004,데이오프
g_g012874,1,5,2309230005,집
g_g012880,1,1,2309270001,집
g_g012880,1,2,2309270002,화심 순두부 본점
g_g012880,1,3,2309270003,소양 문화생태숲
g_g012880,1,4,2309270004,몽펠리에 카페 레스토랑
g_g012880,1,5,2309270005,집
g_g012883,1,1,2309240001,집
g_g012883,1,2,2309240003,남한강 막국수
g_g012883,1,3,2309240004,큰악어봉
g_g012883,1,4,2309240005,게으른 악어
g_g012883,1,5,2309240006,충주 미륵 대월지
g_g012883,1,6,2309240007,충주 미륵리 요지
g_g012883,1,7,2309240008,충주 무학시장
g_g012883,1,8,2309240002,집
g_g012884,1,1,2309240001,집
g_g012884,1,2,2309240002,경방루
g_g012884,1,3,2309240003,광한루원
g_g012884,1,4,2309240004,빈 타이 남원점
g_g012884,1,5,2309240005,집
g_g012889,1,1,2309240001,집
g_g012889,1,2,2309240002,곡성 섬진강 기차마을
g_g012889,1,3,2309240003,백화 농장
g_g012889,1,4,2309240004,충의공원
g_g012889,1,5,2309240005,아산시 청소년교육 문화센터
g_g012889,1,6,2309240006,더 본 감자탕 아산점
g_g012889,1,7,2309240008,카페 안낙
g_g012889,1,8,2309240007,집
g_g012891,1,1,2309240001,집
g_g012891,1,2,2309240002,공주 산성시장
g_g012891,1,3,2309240003,공산성
g_g012891,1,4,2309240004,은강교
g_g012891,1,5,2309240005,명동 샤부샤부 칼국수
g_g012891,1,6,2309240006,국립공주대학교 신관캠퍼스
g_g012891,1,7,2309240007,미르 섬
g_g012891,1,8,2309240008,금강신관공원
g_g012891,1,9,2309240009,집
g_g012902,1,1,2309230001,집
g_g012902,1,2,2309230004,도선사 버스정류장
g_g012902,1,3,2309230003,옛날 창평 국밥
g_g012902,1,4,2309230006,고서농협 로컬푸드 직매장
g_g012902,1,5,2309230005,카페 33
g_g012902,1,6,2309230007,고서 교차로
g_g012902,1,7,2309230008,카페 소나
g_g012902,1,8,2309230009,코튼지 수플레
g_g012902,1,9,2309230002,집
g_g012905,1,1,2309240001,집
g_g012905,1,2,2309240003,홍어 한 마리
g_g012905,1,3,2309240004,대전시립미술관 열린 수장고
g_g012905,1,4,2309240005,대전시립미술관 DMA 아트센터
g_g012905,1,5,2309240006,리버스
g_g012905,1,6,2309240002,집
g_g012917,1,1,2309230001,집
g_g012917,1,2,2309230003,광주시립미술관
g_g012917,1,3,2309230004,광주 패밀리랜드
g_g012917,1,4,2309230005,할멈 탕수육 김밥 일곡점
g_g012917,1,5,2309230006,광주시민회관
g_g012917,1,6,2309230002,집
g_g012919,1,1,2309260001,집
g_g012919,1,2,2309260002,그랑 깨
g_g012919,1,3,2309260003,남원 백두대간 생태교육장
g_g012919,1,4,2309260004,임실치즈테마파크
g_g012919,1,5,2309260005,다사랑의원
g_g012919,1,6,2309260006,집
g_g012927,1,1,2309230001,집
g_g012927,1,2,2309230003,천안역 1호선
g_g012927,1,3,2309230004,신부동 더 숍 오피스텔
g_g012927,1,4,2309230005,삽교호 놀이공원
g_g012927,1,5,2309230006,오션 스트리트
g_g012927,1,6,2309230007,삽교호 함상공원
g_g012927,1,7,2309230008,삽교호 놀이공원
g_g012927,1,8,2309230009,훈이네 마늘빵
g_g012927,1,9,2309230002,집
g_g012933,1,1,2309230001,집
g_g012933,1,2,2309230002,홍길동테마파크
g_g012933,1,3,2309230003,황룡 수타 손 짜장
g_g012933,1,4,2309230004,황룡 농협 하나로마트 로컬푸드 직매장
g_g012933,1,5,2309230005,황룡강 생태공원
g_g012933,1,6,2309230006,집
g_g012936,1,1,2309240001,집
g_g012936,1,2,2309240002,안양역
g_g012936,1,3,2309240003,대전역
g_g012936,1,4,2309240004,대전 신세계 아트앤사이언스
g_g012936,1,5,2309240005,트래블 라운지
g_g012936,1,6,2309240006,바코드
g_g012936,1,7,2309240007,성심당 문화원
g_g012936,1,8,2309240008,에스닷 대전점
g_g012936,1,9,2309240009,성심당 본점
g_g012936,1,10,2309240010,성심당 문화원
g_g012936,1,11,2309240011,대전근현대사전시관
g_g012936,1,12,2309240012,서대전역
g_g012936,1,13,2309240013,광명역
g_g012936,1,14,2309240014,집
g_g012943,1,1,2309270001,집
g_g012943,1,2,2309270002,가족 집
g_g012943,1,3,2309270003,이순신소국밥
g_g012943,1,4,2309270004,한밭수목원
g_g012943,1,5,2309270005,현대 프리미엄 아웃렛 대전점
g_g012943,1,6,2309270006,연동면 사무소
g_g012943,1,7,2309270007,집
g_g012963,1,1,2309240001,집
g_g012963,1,2,2309240002,예천
g_g012963,1,3,2309240003,살롱 드 매그놀리아
g_g012963,1,4,2309240004,금평저수지
g_g012963,1,5,2309240005,에이다르 커피
g_g012963,1,6,2309240006,금산사
g_g012963,1,7,2309240007,집
g_g012989,1,1,2309240001,집
g_g012989,1,2,2309240002,세종 고속시외버스터미널
g_g012989,1,3,2309240003,부여시외버스터미널
g_g012989,1,4,2309240004,굿뜨래 음식특화거리
g_g012989,1,5,2309240005,부소산성
g_g012989,1,6,2309240006,백제향
g_g012989,1,7,2309240007,정림사지박물관 정림사지 5층 석탑
g_g012989,1,8,2309240008,백제문화 단지
g_g012989,1,9,2309240009,에펠제과
g_g012989,1,10,2309240010,부여시외버스터미널
g_g012989,1,11,2309240011,세종 고속시외버스터미널
g_g012989,1,12,2309240012,집
g_g012990,1,1,2309240001,집
g_g012990,1,2,2309240002,선유도해수욕장
g_g012990,1,3,2309240003,구시포해수욕장
g_g012990,1,4,2309240004,금단양만
g_g012990,1,5,2309240005,선운산 생태숲
g_g012990,1,6,2309240006,선운사
g_g012990,1,7,2309240007,땡스덕베르베르의집
g_g012990,1,8,2309240008,집
g_g012999,1,1,2309240006,집
g_g012999,1,2,2309240001,백제 왕궁 박물관
g_g012999,1,3,2309240002,카페덕기
g_g012999,1,4,2309240003,금마 도서관
g_g012999,1,5,2309240004,소풍가는 날
g_g012999,1,6,2309240005,익산 미륵사지 미디어 페스타
g_g012999,1,7,2309240007,집
g_g013010,1,1,2309260001,집
g_g013010,1,2,2309260002,고양종합터미널
g_g013010,1,3,2309260003,충주공용버스터미널
g_g013010,1,4,2309260004,복 서울 해장국
g_g013010,1,5,2309260005,가흥 초등학교
g_g013010,1,6,2309260006,남한강 승마장
g_g013010,1,7,2309260007,중인 순대
g_g013010,1,8,2309260008,충주공용버스터미널
g_g013010,1,9,2309260009,고양종합터미널
g_g013010,1,10,2309260010,집
g_g013012,1,1,2309270001,집
g_g013012,1,2,2309270003,아산 시외버스터미널
g_g013012,1,3,2309270004,천안터미널
g_g013012,1,4,2309270005,CGV 천안터미널
g_g013012,1,5,2309270006,코이 라멘 천안터미널점
g_g013012,1,6,2309270007,펫 마트 천안종합운동장점
g_g013012,1,7,2309270008,캘리포니아 도넛 클럽 천안불당점
g_g013012,1,8,2309270009,알라딘 중고서점 천안시 불당점
g_g013012,1,9,2309270010,이마트 펜타포트점
g_g013012,1,10,2309270002,집
g_g013022,1,1,2309290001,집
g_g013022,1,2,2309290002,신영지웰 홈스 아파트
g_g013022,1,3,2309290003,성안길
g_g013022,1,4,2309290004,빽다방 청주 성안 롯데점
g_g013022,1,5,2309290005,문암생태공원
g_g013022,1,6,2309290006,스타벅스 청주 율량 DT
g_g013022,1,7,2309290007,집
g_g013023,1,1,2309280001,집
g_g013023,1,2,2309280002,옛날 진미국수
g_g013023,1,3,2309280003,담양 관방제림
g_g013023,1,4,2309280004,아키올로지
g_g013023,1,5,2309280005,집
g_g013024,1,1,2309270001,집
g_g013024,1,2,2309270002,내장산국립공원
g_g013024,1,3,2309270003,우화적
g_g013024,1,4,2309270004,내장산 한옥 회관
g_g013024,1,5,2309270005,커피 학살로
g_g013024,1,6,2309270006,집
g_g013027,1,1,2309270001,집
g_g013027,1,2,2309270002,한국장학재단 광주센터
g_g013027,1,3,2309270003,고서회관
g_g013027,1,4,2309270004,딜라이트 담양
g_g013027,1,5,2309270005,영산강 문화공원
g_g013027,1,6,2309270006,담양축협 하나로마트 본점
g_g013027,1,7,2309270007,나정 오리 꽃 날개 튀김 담양점
g_g013027,1,8,2309270008,담양 관방제림
g_g013027,1,9,2309270009,집
g_g013029,1,1,2309270001,집
g_g013029,1,2,2309270002,메타 프로방스
g_g013029,1,3,2309270003,신사와 칼국수
g_g013029,1,4,2309270004,베비에르 밀 팩토리
g_g013029,1,5,2309270005,집
g_g013037,1,1,2309290001,집
g_g013037,1,2,2309290002,보성녹차 휴게소 순천방향
g_g013037,1,3,2309290003,순천 낙안읍성
g_g013037,1,4,2309290004,순천시립 뿌리 깊은 나무 박물관
g_g013037,1,5,2309290005,최대감 벌교꼬막
g_g013037,1,6,2309290006,순천만습지
g_g013037,1,7,2309290007,2023순천만국제정원박람회
g_g013037,1,8,2309290008,집
g_g013038,1,1,2309280001,집
g_g013038,1,2,2309280002,유달 제면소
g_g013038,1,3,2309280003,오너 리스
g_g013038,1,4,2309280004,연희네 슈퍼
g_g013038,1,5,2309280005,친구 1 집
g_g013038,1,6,2309280006,친구 2 집 근처 주차장
g_g013038,1,7,2309280007,집
g_g013041,1,1,2309270001,집
g_g013041,1,2,2309270003,곡성 섬진강 기차마을
g_g013041,1,3,2309270004,곡성 벽화마을
g_g013041,1,4,2309270005,01도라
g_g013041,1,5,2309270002,집
g_g013042,1,1,2309270001,집
g_g013042,1,2,2309270002,대구 서부정류장
g_g013042,1,3,2309270003,남원 공용버스터미널
g_g013042,1,4,2309270004,연 식당
g_g013042,1,5,2309270005,광한루원
g_g013042,1,6,2309270006,미안 커피
g_g013042,1,7,2309270007,남원시립 김병종 미술관
g_g013042,1,8,2309270008,월향재
g_g013042,1,9,2309270009,명문제과
g_g013042,1,10,2309270013,남원역 (폐역)
g_g013042,1,11,2309270011,남원 공용버스터미널
g_g013042,1,12,2309270012,대구 서부정류장
g_g013042,1,13,2309270010,집
g_g013044,1,1,2309260001,집
g_g013044,1,2,2309260002,천안아산역
g_g013044,1,3,2309260003,성심당 본점
g_g013044,1,4,2309260004,타르타르 대전 대흥점
g_g013044,1,5,2309260006,대전역
g_g013044,1,6,2309260005,집
g_g013045,1,1,2309280001,친구 친지 집
g_g013045,1,2,2309280002,기찬 메밀국수 영암농협 본점
g_g013045,1,3,2309280003,왕인박사유적지
g_g013045,1,4,2309280005,길촌길 33-5
g_g013045,1,5,2309280004,장천리 선사 주거지
g_g013045,1,6,2309280006,집
g_g013046,1,1,2309270001,사무실
g_g013046,1,2,2309270002,국립세종수목원
g_g013046,1,3,2309270003,술 당기는 나라 갈비가 좋아 나성점
g_g013046,1,4,2309270004,플레저
g_g013046,1,5,2309270005,나성동독락정역사공원
g_g013046,1,6,2309270006,지인 집
g_g013048,1,1,2309270001,집
g_g013048,1,2,2309270003,옥천 전통문화체험관
g_g013048,1,3,2309270004,정지용 문학관
g_g013048,1,4,2309270005,라운드 커피
g_g013048,1,5,2309270002,집
g_g013050,1,1,2309280001,집
g_g013050,1,2,2309280002,카페 집에서
g_g013050,1,3,2309280003,공주 산성시장
g_g013050,1,4,2309280004,대백제전
g_g013050,1,5,2309280005,공산성
g_g013050,1,6,2309280006,하루카페
g_g013050,1,7,2309280007,집
g_g013059,1,1,2309270001,집
g_g013059,1,2,2309270002,왕산 중화요리
g_g013059,1,3,2309270003,이성당 본점
g_g013059,1,4,2309270004,초원 사진관
g_g013059,1,5,2309270005,틈
g_g013059,1,6,2309270006,군산근대 역 사거리
g_g013059,1,7,2309270007,군산 근대 역 사거리
g_g013059,1,8,2309270008,은파호수공원
g_g013059,1,9,2309270009,선유도해수욕장
g_g013059,1,10,2309270010,집
g_g013061,1,1,2309270001,집
g_g013061,1,2,2309270002,담양 관방제림
g_g013061,1,3,2309270003,담양국수거리
g_g013061,1,4,2309270004,죽녹원
g_g013061,1,5,2309270005,메타세쿼이아 가로수길
g_g013061,1,6,2309270006,메타 프로방스
g_g013061,1,7,2309270007,한국 대나무 박물관
g_g013061,1,8,2309270008,담양호 국민관광단지
g_g013061,1,9,2309270009,다만 장
g_g013061,1,10,2309270010,집
g_g013062,1,1,2309290001,집
g_g013062,1,2,2309290002,영인산자연휴양림
g_g013062,1,3,2309290003,영인산 산림 박물관
g_g013062,1,4,2309290004,영인 조선 곰탕
g_g013062,1,5,2309290005,집
g_g013063,1,1,2309260001,집
g_g013063,1,2,2309260002,국립아시아문화전당 문화 창조원
g_g013063,1,3,2309260003,국립아시아문화전당 옛 전남도청 별관
g_g013063,1,4,2309260004,호시 마츠 라멘
g_g013063,1,5,2309260005,업라이트
g_g013063,1,6,2309260006,주디 마리 동명점
g_g013063,1,7,2309260007,집
g_g013064,1,1,2309290001,집
g_g013064,1,2,2309290002,죽녹원
g_g013064,1,3,2309290003,메타세쿼이아 가로수길
g_g013064,1,4,2309290004,메타 프로방스
g_g013064,1,5,2309290005,담양 백동 숯불갈비
g_g013064,1,6,2309290006,집
g_g013065,1,1,2309280001,집
g_g013065,1,2,2309280002,성심당 케이크 부티크
g_g013065,1,3,2309280003,성심당 본점
g_g013065,1,4,2309280004,성심당 문화원
g_g013065,1,5,2309280005,다다르다
g_g013065,1,6,2309280006,소수로 와
g_g013065,1,7,2309280007,대전시립미술관
g_g013065,1,8,2309280008,진로 집
g_g013065,1,9,2309280009,성심당 케이크 부티크
g_g013065,1,10,2309280010,성심당 본점
g_g013065,1,11,2309280011,화양연화
g_g013065,1,12,2309280012,집
g_g013066,1,1,2309280001,집
g_g013066,1,2,2309280002,트레이더스 홀세일 클럽 천안아산점
g_g013066,1,3,2309280003,멘다하나비 천안불당점
g_g013066,1,4,2309280004,피노 카페
g_g013066,1,5,2309280005,독립기념관
g_g013066,1,6,2309280006,집
g_g013070,1,1,2309270001,집
g_g013070,1,2,2309270002,광주김치박물관
g_g013070,1,3,2309270003,CGV 광주 상무
g_g013070,1,4,2309270004,후 토루
g_g013070,1,5,2309270005,국립광주 박물관
g_g013070,1,6,2309270006,공차 광주 운암 벽산점
g_g013070,1,7,2309270007,집
g_g013074,1,1,2309260001,집
g_g013074,1,2,2309260003,스타벅스 전북 남원 DT점
g_g013074,1,3,2309260004,남원시립 김병종 미술관
g_g013074,1,4,2309260005,광한루원
g_g013074,1,5,2309260002,집
g_g013080,1,1,2309270001,집
g_g013080,1,2,2309270003,돈가스 정석
g_g013080,1,3,2309270004,성심당 롯데백화점 대전점
g_g013080,1,4,2309270005,엑스포과학공원 한빛탑
g_g013080,1,5,2309270006,홈플러스 메가 푸드마켓 유성점
g_g013080,1,6,2309270002,집
g_g013084,1,1,2309270001,집
g_g013084,1,2,2309270002,엄마네 튀김
g_g013084,1,3,2309270003,코리안 플라워파크
g_g013084,1,4,2309270004,꽃지해수욕장
g_g013084,1,5,2309270005,코스트코 세종점
g_g013084,1,6,2309270006,집
g_g013087,1,1,2309270001,집
g_g013087,1,2,2309270002,전북도립미술관
g_g013087,1,3,2309270003,접시꽃
g_g013087,1,4,2309270005,바이콜로지 방학 개론 모악점
g_g013087,1,5,2309270004,집
g_g013088,1,1,2309270001,사무실
g_g013088,1,2,2309270003,청주 시외버스터미널
g_g013088,1,3,2309270004,대전복합터미널
g_g013088,1,4,2309270006,온 PC
g_g013088,1,5,2309270005,모심
g_g013088,1,6,2309270007,프렐류드
g_g013088,1,7,2309270008,다다르다
g_g013088,1,8,2309270009,OOTD
g_g013088,1,9,2309270002,충북 청주시 서원구 청남로 1999
g_g013090,1,1,2309280001,집
g_g013090,1,2,2309280003,천안터미널
g_g013090,1,3,2309280004,온양온천 유엘 시티 정류장
g_g013090,1,4,2309280005,온양온천시장족욕장
g_g013090,1,5,2309280006,온양온천시장
g_g013090,1,6,2309280007,홍두깨 칼국수
g_g013090,1,7,2309280008,정수 빌딩 정수 온천탕
g_g013090,1,8,2309280012,CU 온양역점
g_g013090,1,9,2309280009,남산 안보공원
g_g013090,1,10,2309280010,온양온천역 버스정류장
g_g013090,1,11,2309280011,천안종합버스터미널
g_g013090,1,12,2309280002,집
g_g013093,1,1,2309280001,집
g_g013093,1,2,2309280004,천안역. 중앙시장
g_g013093,1,3,2309280003,유관순기념관
g_g013093,1,4,2309280005,남원 추어탕
g_g013093,1,5,2309280002,집
g_g013095,1,1,2309270001,집
g_g013095,1,2,2309270002,세종 한솔동 백제역사고분
g_g013095,1,3,2309270003,바로 그 집 세종점
g_g013095,1,4,2309270004,세종 호수공원
g_g013095,1,5,2309270005,집
g_g013096,1,1,2309280002,집
g_g013096,1,2,2309280003,바다마을
g_g013096,1,3,2309280004,채석강
g_g013096,1,4,2309280005,격포항
g_g013096,1,5,2309280006,모항해수욕장
g_g013096,1,6,2309280007,내소사
g_g013096,1,7,2309280001,아중 마을 아남아파트
g_g013097,1,1,2309280001,집
g_g013097,1,2,2309280003,정읍 구절초 지방 정원
g_g013097,1,3,2309280004,솜씨 만두
g_g013097,1,4,2309280005,전통찻집 난
g_g013097,1,5,2309280006,만석보 쉼터
g_g013097,1,6,2309280007,내장산 조각 공원
g_g013097,1,7,2309280002,집
g_g013102,1,1,2309270001,집
g_g013102,1,2,2309270002,장원 막국수
g_g013102,1,3,2309270003,비비비
g_g013102,1,4,2309270004,백제문화 단지
g_g013102,1,5,2309270005,롯데 아웃렛 부여점
g_g013102,1,6,2309270006,집
g_g013104,1,1,2309280001,집
g_g013104,1,2,2309280002,한국 대나무 박물관
g_g013104,1,3,2309280003,모란 창평 국밥
g_g013104,1,4,2309280004,죽녹원
g_g013104,1,5,2309280005,담빛예술창고
g_g013104,1,6,2309280006,집
g_g013105,1,1,2309280001,친구 친지 집
g_g013105,1,2,2309280002,산마을 도토리
g_g013105,1,3,2309280003,무등산 편백자연휴양림
g_g013105,1,4,2309280004,수만리 커피
g_g013105,1,5,2309280005,누룩 꽃이 핀다
g_g013105,1,6,2309280006,백당 빌라
g_g013111,1,1,2309270001,집
g_g013111,1,2,2309270002,와 나카
g_g013111,1,3,2309270003,기지제
g_g013111,1,4,2309270004,유미카츠 전주점
g_g013111,1,5,2309270005,메가박스 전주혁신
g_g013111,1,6,2309270006,전주 덕진공원
g_g013111,1,7,2309270007,집
g_g013113,1,1,2309270001,집
g_g013113,1,2,2309270002,오근장역
g_g013113,1,3,2309270003,대전지방법원
g_g013113,1,4,2309270004,토미야
g_g013113,1,5,2309270005,대전시립미술관
g_g013113,1,6,2309270006,한밭수목원
g_g013113,1,7,2309270007,계룡스파텔 대온천 탕
g_g013113,1,8,2309270008,성심당 본점
g_g013113,1,9,2309270009,스타벅스 대전중앙로 R점
g_g013113,1,10,2309270010,에스닷 대전점
g_g013113,1,11,2309270011,집
g_g013114,1,1,2309290001,집
g_g013114,1,2,2309290003,아산 문화 예술 공작소
g_g013114,1,3,2309290004,현충사
g_g013114,1,4,2309290005,장수로 양꼬치 훠궈 본토 요리 마라탕
g_g013114,1,5,2309290002,집
g_g013125,1,1,2309270001,사무실
g_g013125,1,2,2309270002,지리산 수라간
g_g013125,1,3,2309270003,천은사
g_g013125,1,4,2309270004,쌍산재(윤 스테이 촬영지)
g_g013125,1,5,2309270005,목월 빵집
g_g013125,1,6,2309270006,에이엠 시티 5차
g_g013127,1,1,2309270001,집
g_g013127,1,2,2309270002,예산 상설시장
g_g013127,1,3,2309270003,미크 플로 예산시 장점
g_g013127,1,4,2309270004,스플 라스 워터파크
g_g013127,1,5,2309270005,윤봉길의사기념관
g_g013127,1,6,2309270006,행담도 휴게소 양방향
g_g013127,1,7,2309270007,집
g_g013128,1,1,2309290001,집
g_g013128,1,2,2309290002,서대전역
g_g013128,1,3,2309290003,성심당 케이크 부티크
g_g013128,1,4,2309290005,성심당 문화원
g_g013128,1,5,2309290004,성심당 본점
g_g013128,1,6,2309290006,대전시립미술관 창작센터
g_g013128,1,7,2309290007,하와이 코나 사자 커피
g_g013128,1,8,2309290008,공휴 3차
g_g013131,1,1,2309290001,집
g_g013131,1,2,2309290002,커피 창고
g_g013131,1,3,2309290003,농협 하나로마트 목포점
g_g013131,1,4,2309290004,유달산 주차장
g_g013131,1,5,2309290005,평화광장
g_g013131,1,6,2309290006,유달 콩물 하당점
g_g013131,1,7,2309290007,목포 갓바위
g_g013131,1,8,2309290008,집
h_h001459,1,1,2307060001,집
h_h001459,1,2,2307060002,여주 맛있는 휴게소 강릉방향
h_h001459,1,3,2307060003,락송정
h_h001459,1,4,2307060004,단양관광호텔
h_h001459,1,5,2307060005,만천하 스카이워크 짚라인 매표소
h_h001459,1,6,2307060006,만천하 스카이워크
h_h001459,1,7,2307060007,볼프
h_h001459,1,8,2307060008,단양구경시장
h_h001459,1,9,2307060009,도담삼봉
h_h001459,1,10,2307060010,단양관광호텔
h_h001459,2,1,2307070001,단양 패러 마을
h_h001459,2,2,2307070002,차반
h_h001459,2,3,2307070003,카페인 단양
h_h001459,2,4,2307070004,경기 광주 휴게소 주유소 원주 방향
h_h001459,2,5,2307070005,집
h_h003280,1,1,2308250001,집
h_h003280,1,2,2308250002,법주사
h_h003280,1,3,2308250003,정이품송
h_h003280,1,4,2308250005,문의 청남대 휴게소 청주 방향
h_h003280,1,5,2308250004,옛 고을 식당
h_h003280,1,6,2308250006,집
