trip_id,area_code,trip_days,theme,has_child,has_elderly,has_disabled,companion_count,p0_age,p0_gender,p0_style,p0_home,p0_preferred,p1_age,p1_gender,p1_style,p1_home,p1_preferred
e_e000004,central,2,3,0,0,0,0,40,남,5;3;5;4;5;4;2;5,41,50110;42210;42170,,,,,
e_e000006,central,3,21,0,0,0,0,30,남,3;3;2;4;5;4;3;2,11,26350;26710;50110,,,,,
e_e000009,central,3,2,0,0,0,0,30,여,3;2;3;3;2;6;4;7,28,42150;11440;41650,,,,,
e_e000010,central,3,3,0,0,0,0,30,여,5;4;3;2;5;4;5;3,48,11710;11440;26350,,,,,
e_e000013,central,3,1,0,0,0,0,20,여,6;1;1;2;6;2;1;2,45,11110;30200;46820,,,,,
e_e000014,central,2,2,0,0,0,0,60,남,3;3;2;2;2;4;2;6,28,50130;42720;41820,,,,,
e_e000016,central,2,1,0,0,0,0,30,남,2;6;2;4;5;6;6;1,11,11500;41280;45110,,,,,
e_e000018,central,2,2,0,0,0,0,40,여,2;1;2;7;4;1;2;2,41,41360;42790;11410,,,,,
e_e000020,central,3,28,0,0,0,0,40,여,5;2;2;3;5;3;4;2,11,42230;48310;46130,,,,,
e_e000021,central,3,24,0,0,0,0,20,남,6;2;6;2;2;2;6;2,11,42820;50110;11680,,,,,
e_e000022,central,2,22,0,0,0,0,40,남,1;1;4;3;1;6;6;6,11,42210;44825;41280,,,,,
e_e000023,central,2,4,0,0,0,0,60,남,4;1;2;1;1;4;5;1,28,46710;26350;50130,,,,,
e_e000025,central,2,22,0,0,0,0,40,여,2;6;6;2;2;6;6;1,11,41480;44800;42150,,,,,
e_e000030,central,2,21,0,0,0,0,50,남,2;7;1;5;2;6;5;3,11,41830;41480;42780,,,,,
e_e000037,central,2,22,0,0,0,0,30,여,4;3;1;1;4;4;4;4,11,41460;41820;41830,,,,,
e_e000038,central,3,21,0,0,0,0,30,남,3;2;3;2;2;4;5;3,11,50110;42830;28110,,,,,
e_e000039,central,2,2,0,0,0,0,40,남,1;6;2;3;3;3;3;2,11,41480;42210;28710,,,,,
e_e000040,central,3,3,0,0,0,0,30,남,2;2;4;5;6;4;2;3,41,50110;50130;11440,,,,,
e_e000042,central,2,12,0,0,0,0,20,여,1;1;1;3;2;1;6;5,11,50110;42150;41830,,,,,
e_e000045,central,3,25,0,0,0,0,60,여,3;3;5;4;2;6;2;6,41,42210;43130;41570,,,,,
e_e000046,central,2,5,0,0,0,0,60,남,1;4;3;4;6;5;1;4,41,41820;42150;43130,,,,,
e_e000293,central,2,1,0,0,0,0,30,여,3;1;2;4;2;4;1;4,44,11110;50130;50110,,,,,
e_e000299,central,3,3,0,0,0,0,50,여,4;2;2;5;3;2;2;6,50,50110;11140;46130,,,,,
e_e000301,central,3,22,0,0,0,0,20,남,2;2;1;3;5;3;3;6,28,50130;50110;42150,,,,,
e_e000307,central,2,3,0,0,0,0,30,남,1;4;4;4;1;4;2;6,28,42150;50110;26350,,,,,
e_e000311,central,2,2,0,0,0,0,30,남,2;3;3;2;3;2;2;6,11,41270;28177;42110,,,,,
e_e000323,central,3,22,0,0,0,0,20,여,4;2;2;4;3;6;6;7,11,46110;26350;44130,,,,,
e_e000332,central,3,1,0,0,0,0,20,남,4;1;1;4;7;1;7;1,28,26500;50130;42210,,,,,
e_e000334,central,3,1,0,0,0,0,20,여,3;3;3;6;3;2;6;7,28,41280;11440;47130,,,,,
e_e000338,central,2,21,0,0,0,0,40,여,4;3;4;5;3;3;1;7,41,42210;42830;50130,,,,,
e_e000344,central,3,1,0,0,0,0,30,남,7;1;1;2;1;7;1;7,36,11710;41460;30200,,,,,
e_e000345,central,3,22,0,0,0,0,30,남,6;2;1;6;4;6;6;5,29,11440;50130;26350,,,,,
e_e000346,central,2,21,0,0,0,0,60,남,3;5;4;6;3;5;4;5,11,26200;28710;11440,,,,,
e_e000350,central,2,1,0,0,0,0,30,여,5;2;2;3;6;4;6;5,28,28200;41190;41390,,,,,
e_e000352,central,3,22,0,0,0,0,30,여,6;2;1;2;3;3;4;6,36,50130;26350;42210,,,,,
e_e000353,central,2,1,0,0,0,0,40,여,4;4;5;1;2;3;6;1,41,26350;50130;42150,,,,,
e_e000355,central,2,1,0,0,0,0,40,여,3;3;1;3;4;1;2;6,11,42150;41290;41480,,,,,
e_e000357,central,2,1,0,0,0,0,30,여,1;1;1;3;2;6;3;2,41,41250;50130;11680,,,,,
e_e000360,central,2,21,0,0,0,0,30,남,2;1;1;5;4;2;1;7,41,50130;50110;41610,,,,,
e_e000362,central,3,1,0,0,0,0,40,여,2;2;1;6;3;2;1;6,41,50130;11440;42210,,,,,
e_e000366,central,3,2,0,0,0,0,40,여,2;1;1;2;2;3;2;2,11,50110;41570;26710,,,,,
e_e000369,central,3,1,0,0,0,0,30,여,3;3;5;2;3;4;3;5,41,42150;46130;50130,,,,,
e_e000373,central,2,21,0,0,0,0,60,여,1;1;1;4;1;4;1;4,11,42210;41480;50130,,,,,
e_e000375,central,3,26,0,0,0,0,40,여,1;1;3;5;1;4;2;5,11,41360;41820;45140,,,,,
e_e000376,central,2,3,0,0,0,0,50,여,1;1;4;6;7;1;1;4,11,42210;42760;41110,,,,,
e_e000377,central,2,1,0,0,0,0,30,여,2;3;2;5;3;4;3;6,41,42210;43800;50110,,,,,
e_e000379,central,2,11,0,0,0,0,40,남,4;1;4;1;4;4;1;3,11,50130;26380;31140,,,,,
e_e000385,central,3,8,0,0,0,0,30,남,1;2;5;2;2;3;3;5,41,42150;28710;42230,,,,,
e_e000395,central,3,1,0,0,0,0,40,여,2;3;2;4;4;4;6;5,41,41390;42760;50110,,,,,
e_e000396,central,3,23,0,0,0,0,30,여,3;1;2;5;6;6;1;6,41,50110;42150;44825,,,,,
e_e000397,central,3,21,0,0,0,0,50,여,2;1;4;2;3;2;4;3,11,42820;41820;26410,,,,,
e_e000400,central,2,21,0,0,0,0,50,남,4;5;2;2;5;5;5;5,11,50130;42210;26350,,,,,
e_e000403,central,3,10,0,0,0,0,40,여,2;1;1;3;6;2;6;5,41,42210;47940;26350,,,,,
e_e000406,central,3,11,0,0,0,0,60,여,1;1;1;7;7;4;3;5,11,50130;44825;42230,,,,,
e_e000407,central,2,2,0,0,0,0,50,여,1;7;1;2;7;4;2;6,41,42150;41590;47280,,,,,
e_e000409,central,2,2,0,0,0,0,60,여,4;4;4;6;4;4;4;4,41,50130;46150;42150,,,,,
e_e000412,central,3,1,0,0,0,0,20,여,4;3;3;3;4;5;3;6,41,50110;26500;42210,,,,,
e_e000418,central,3,8,0,0,0,0,40,여,4;4;3;2;4;3;6;5,11,43150;41650;50130,,,,,
e_e000425,central,2,22,0,0,0,0,30,여,1;1;2;4;2;5;2;6,41,50130;50110;42210,,,,,
e_e000429,central,2,1,0,0,0,0,40,여,2;2;6;2;2;6;6;6,28,50130;42210;42810,,,,,
e_e000432,central,3,1,0,0,0,0,20,여,4;3;2;2;5;4;5;5,41,41110;45110;50110,,,,,
e_e000433,central,2,2,0,0,0,0,20,여,2;4;1;4;3;4;2;4,41,45110;47110;41480,,,,,
e_e000435,central,2,11,0,0,0,0,40,여,1;7;4;4;4;4;1;1,11,41450;42210;41610,,,,,
e_e000445,central,3,21,0,0,0,0,30,남,6;2;1;2;1;2;6;6,11,42210;26350;50130,,,,,
e_e000447,central,2,1,0,0,0,0,30,여,1;7;1;1;1;1;7;1,11,41280;41630;41480,,,,,
e_e000448,central,3,22,0,0,0,0,30,남,3;3;3;4;3;3;6;2,41,50130;26380;41570,,,,,
e_e000450,central,2,1,0,0,0,0,20,여,1;7;1;7;1;7;1;7,41,11710;11560;41220,,,,,
e_e000454,central,2,21,0,0,0,0,30,여,4;4;4;3;6;4;2;6,11,41820;42830;41830,,,,,
e_e000460,central,3,1,0,0,0,0,40,여,4;2;3;1;3;4;4;7,41,26350;26500;42150,,,,,
e_e000466,central,3,2,0,0,0,0,30,여,5;3;2;3;2;2;1;3,11,41280;42150;47250,,,,,
e_e000469,central,3,1,0,0,0,0,20,여,5;6;6;6;6;5;5;3,11,42150;47110;50110,,,,,
e_e000473,central,3,1,0,0,0,0,30,남,2;4;7;2;1;4;7;2,27,26350;47210;47130,,,,,
e_e000479,central,3,4,0,0,0,0,50,남,3;3;3;3;5;5;3;5,44,50110;42150;47770,,,,,
e_e000480,central,2,22,0,0,0,0,50,여,2;1;6;1;1;4;1;6,41,41650;48170;28177,,,,,
e_e000481,central,2,1,0,0,0,0,20,여,6;6;6;2;6;6;1;6,41,11710;11680;11440,,,,,
e_e000486,central,2,1,0,0,0,0,20,남,5;3;3;2;3;5;4;4,41,26350;42150;41110,,,,,
e_e000490,central,3,22,0,0,0,0,30,여,3;2;5;2;2;6;6;5,41,50110;42150;11680,,,,,
e_e000491,central,3,12,0,0,0,0,40,남,1;1;1;1;1;1;1;7,41,41650;42210;42110,,,,,
e_e000492,central,2,1,0,0,0,0,50,남,2;5;6;2;2;6;6;6,28,42210;42810;50130,,,,,
e_e000496,central,3,1,0,0,0,0,20,남,4;4;5;3;4;5;2;7,41,42150;50110;50130,,,,,
e_e000504,central,2,21,0,0,0,0,30,여,3;3;3;3;3;3;6;5,41,26350;42210;11710,,,,,
e_e000505,central,2,22,0,0,0,0,40,남,4;6;6;6;4;5;2;6,11,42780;41570;41290,,,,,
e_e000507,central,2,1,0,0,0,0,40,남,4;2;1;4;4;4;4;5,41,28110;42730;44825,,,,,
e_e000510,central,2,13,0,0,0,0,60,여,1;1;2;5;3;4;5;5,11,50130;48220;46130,,,,,
e_e000514,central,2,11,0,0,0,0,60,남,1;1;1;1;1;7;3;5,41,44825;41290;42170,,,,,
e_e000521,central,2,1,0,0,0,0,40,남,5;5;5;6;6;4;5;5,41,42210;42830;50110,,,,,
e_e000523,central,2,11,0,0,0,0,40,남,2;1;2;3;2;3;2;6,11,42150;43150;41830,,,,,
e_e000524,central,2,2,0,0,0,0,40,여,4;7;4;5;7;4;3;7,41,41460;41590;28185,,,,,
e_e000525,central,2,10,0,0,0,0,40,남,2;4;2;3;6;7;2;7,41,42820;46130;41460,,,,,
e_e000526,central,3,1,0,0,0,0,20,여,3;1;2;3;3;2;7;3,44,44180;26350;42150,,,,,
e_e000531,central,3,25,0,0,0,0,20,여,3;1;1;2;6;6;6;6,11,41820;42150;42830,,,,,
e_e000533,central,2,21,0,0,0,0,60,남,2;2;3;2;4;4;3;4,11,50130;42830;48220,,,,,
e_e000540,central,3,2,0,0,0,0,40,여,1;1;1;1;7;6;1;7,41,50130;42230;29140,,,,,
e_e000541,central,2,11,0,0,0,0,40,여,4;3;5;2;3;6;5;6,11,42150;42820;50130,,,,,
e_e000544,central,2,11,0,0,0,0,40,여,4;6;2;6;6;2;6;4,41,11110;11170;42150,,,,,
e_e000547,central,3,2,0,0,0,0,30,남,2;4;3;3;3;5;3;6,41,50130;42150;41280,,,,,
e_e000548,central,3,5,0,0,0,0,40,남,6;2;2;2;5;6;5;4,43,11110;45110;50110,,,,,
e_e000550,central,2,1,0,0,0,0,30,여,1;6;3;2;1;4;6;2,41,41110;43800;50130,,,,,
e_e000552,central,2,22,0,0,0,0,40,여,2;4;5;2;2;6;5;6,11,41830;42150;48220,,,,,
e_e000556,central,2,21,0,0,0,0,30,남,3;2;2;2;2;3;5;6,11,50130;42150;26350,,,,,
e_e000557,central,2,2,0,0,0,0,50,남,3;2;5;3;5;3;5;4,41,42150;26350;28710,,,,,
e_e000560,central,3,8,0,0,0,0,30,여,1;1;3;5;2;6;2;2,11,41820;41650;42720,,,,,
e_e000563,central,3,1,0,0,0,0,20,여,5;3;4;2;5;6;6;7,30,50130;11680;27230,,,,,
e_e000564,central,2,10,0,0,0,0,40,남,1;1;1;2;7;2;2;2,41,42150;41820;42750,,,,,
e_e000566,central,2,1,0,0,0,0,50,여,6;4;2;3;3;6;3;6,11,50110;26350;41280,,,,,
e_e000567,central,3,11,0,0,0,0,30,여,1;1;4;5;4;2;2;6,11,44825;42110;42150,,,,,
e_e000569,central,2,2,0,0,0,0,30,남,1;2;2;2;5;2;6;6,28,28200;41190;41390,,,,,
e_e000579,central,2,12,0,0,0,0,30,남,2;2;2;4;5;5;5;6,28,42210;50130;44825,,,,,
e_e000584,central,2,1,0,0,0,0,30,여,4;3;6;3;6;6;2;6,26,11680;26710;50130,,,,,
e_e000590,central,3,2,0,0,0,0,30,여,5;2;2;2;6;2;2;7,41,50130;26350;11710,,,,,
e_e000591,central,2,1,0,0,0,0,30,남,1;3;2;1;1;1;1;5,41,41820;50110;42830,,,,,
e_e000594,central,3,1,0,0,0,0,30,여,6;2;2;3;5;5;1;3,11,41110;41460;26350,,,,,
e_e000595,central,3,2,0,0,0,0,20,여,2;2;6;2;2;2;2;6,41,42150;50130;50110,,,,,
e_e000597,central,2,2,0,0,0,0,40,남,1;7;1;1;7;7;7;1,11,11440;42210;26350,,,,,
e_e000599,central,3,2,0,0,0,0,40,여,4;4;4;4;4;4;4;4,41,11230;50130;26350,,,,,
e_e000607,central,3,2,0,0,0,0,30,여,1;3;2;4;2;4;6;2,41,48840;45110;42110,,,,,
e_e000608,central,3,1,0,0,0,0,20,여,4;2;4;4;5;4;6;6,47,11440;26350;47110,,,,,
e_e000609,central,2,2,0,0,0,0,30,남,4;4;4;3;4;6;6;6,11,41190;41280;41820,,,,,
e_e000615,central,3,22,0,0,0,0,30,여,3;2;3;3;3;4;5;6,11,42150;50110;28110,,,,,
e_e000620,central,2,1,0,0,0,0,30,남,6;2;3;2;5;4;2;6,11,50130;50110;26350,,,,,
e_e000622,central,2,21,0,0,0,0,20,여,7;1;1;1;1;1;1;7,41,42150;42170;42130,,,,,
e_e000625,central,2,1,0,0,0,0,30,여,2;1;2;3;2;5;3;5,41,42830;28185;45190,,,,,
e_e000627,central,3,1,0,0,0,0,40,남,6;4;3;2;3;5;2;5,41,41110;28185;42150,,,,,
e_e000637,central,2,2,0,0,0,0,20,여,2;2;3;4;6;3;3;5,41,41270;41460;47250,,,,,
e_e000639,central,2,21,0,0,0,0,40,여,2;6;4;2;2;6;6;5,11,42830;26350;50130,,,,,
e_e000640,central,2,5,0,0,0,0,60,여,4;7;4;4;7;4;7;4,11,41800;42210;43730,,,,,
e_e000641,central,2,11,0,0,0,0,30,여,2;2;3;4;4;3;3;3,41,42820;48820;48220,,,,,
e_e000644,central,3,1,0,0,0,0,40,남,1;1;1;4;6;4;2;6,11,42150;48840;45130,,,,,
e_e000645,central,2,22,0,0,0,0,20,여,2;6;4;4;2;2;5;5,11,42130;46130;41310,,,,,
e_e000646,central,2,1,0,0,0,0,20,여,2;2;2;2;4;4;2;4,11,50110;42210;26410,,,,,
e_e000648,central,2,8,0,0,0,0,40,여,5;4;3;2;2;4;5;4,11,42150;11680;41460,,,,,
e_e000651,central,3,21,0,0,0,0,60,여,1;3;1;1;3;3;4;3,11,50130;42210;41820,,,,,
e_e000662,central,2,1,0,0,0,0,30,남,6;3;2;3;3;3;5;3,41,50110;26350;46130,,,,,
e_e000664,central,2,11,0,0,0,0,30,남,2;4;1;2;2;2;2;1,41,41360;41150;11260,,,,,
e_e000672,central,2,24,0,0,0,0,60,남,1;1;1;1;1;1;2;2,11,44180;42210;47280,,,,,
e_e000673,central,3,1,0,0,0,0,30,남,2;1;1;7;6;1;7;1,11,48840;42210;41360,,,,,
e_e000682,central,3,1,0,0,0,0,20,남,4;1;2;3;5;6;6;7,11,46130;48220;42150,,,,,
e_e000686,central,2,2,0,0,0,0,30,남,3;2;1;2;2;6;3;3,41,50110;26350;45110,,,,,
e_e000691,central,2,26,0,0,0,0,30,여,2;1;1;3;6;1;7;7,41,42170;42230;26350,,,,,
e_e000693,central,2,12,0,0,0,0,40,남,1;4;1;3;6;1;1;6,11,42150;50110;28110,,,,,
e_e000695,central,3,6,0,0,0,0,30,여,5;4;5;4;5;5;4;3,11,41820;28710;42150,,,,,
e_e000704,central,2,6,0,0,0,0,30,여,1;1;1;3;3;1;2;7,11,42750;28710;50110,,,,,
e_e000706,central,2,2,0,0,0,0,20,여,3;2;2;4;3;3;1;6,11,48120;50130;42210,,,,,
e_e000709,central,2,11,0,0,0,0,60,남,1;2;3;2;4;4;5;4,11,41820;42210;42150,,,,,
e_e000710,central,3,22,0,0,0,0,30,남,1;1;6;4;1;3;6;2,41,41650;41830;42750,,,,,
e_e000715,central,3,24,0,0,0,0,30,여,3;3;3;3;4;3;5;4,11,11110;46130;50110,,,,,
e_e000717,central,2,2,0,0,0,0,30,여,5;4;3;1;4;4;2;7,41,26710;46130;50130,,,,,
e_e000718,central,3,22,0,0,0,0,20,여,4;2;2;4;3;5;4;7,11,50110;26710;48840,,,,,
e_e000733,central,3,24,0,0,0,0,30,남,1;1;4;1;7;4;2;7,11,50130;42110;42150,,,,,
e_e000737,central,3,1,0,0,0,0,30,남,2;1;1;3;4;1;4;2,41,41820;42210;50130,,,,,
e_e000743,central,2,1,0,0,0,0,30,남,1;1;1;3;6;5;6;6,28,42170;41820;26350,,,,,
e_e000745,central,2,24,0,0,0,0,40,여,2;4;2;2;6;3;1;5,11,41130;46130;11680,,,,,
e_e000746,central,2,2,0,0,0,0,30,남,6;2;4;6;6;4;7;4,41,47930;42150;50130,,,,,
e_e000747,central,3,24,0,0,0,0,40,여,4;1;1;1;7;4;7;1,11,50110;48220;42770,,,,,
e_e000748,central,2,1,0,0,0,0,30,여,3;5;2;2;4;3;2;5,28,28110;28185;48240,,,,,
e_e000760,central,2,5,0,0,0,0,30,남,3;3;2;1;3;3;5;6,42,42110;42150;41670,,,,,
e_e000761,central,2,2,0,0,0,0,50,남,1;4;2;3;2;3;2;4,41,42210;41450;41830,,,,,
e_e000765,central,3,1,0,0,0,0,30,남,1;1;2;6;7;1;1;6,11,48740;47150;45730,,,,,
e_e000767,central,3,1,0,0,0,0,40,여,1;5;2;3;7;3;6;6,41,11290;42210;50110,,,,,
e_e000768,central,2,21,0,0,0,0,40,여,4;4;7;1;7;7;6;7,41,42210;42810;42110,,,,,
e_e000771,central,3,10,0,0,0,0,40,여,1;1;4;2;2;4;6;3,11,50130;28710;42150,,,,,
e_e000774,central,3,22,0,0,0,0,30,여,1;1;3;5;5;5;1;4,11,50130;42230;46130,,,,,
e_e000782,central,2,22,0,0,0,0,50,남,4;7;7;2;5;7;1;2,41,42150;41450;11710,,,,,
e_e000785,central,3,10,0,0,0,0,20,여,4;2;2;5;4;4;7;5,41,41800;41110;41590,,,,,
e_e000787,central,2,22,0,0,0,0,20,여,4;2;1;1;2;3;2;7,11,50110;48840;26350,,,,,
e_e000789,central,3,1,0,0,0,0,40,여,1;1;4;4;5;6;2;4,11,42820;41280;28710,,,,,
e_e000791,central,3,2,0,0,0,0,20,남,1;2;2;3;3;4;6;4,41,42150;47130;50110,,,,,
e_e000793,central,2,1,0,0,0,0,60,남,2;4;6;4;3;5;5;4,41,44270;28710;41830,,,,,
e_e000794,central,3,1,0,0,0,0,20,여,4;6;2;4;3;2;5;2,46,11680;41830;11710,,,,,
e_e000801,central,2,1,0,0,0,0,30,남,4;1;4;1;2;4;1;6,11,26350;42150;50110,,,,,
e_e000802,central,2,1,0,0,0,0,40,남,2;6;6;2;2;6;2;6,41,50130;29155;41820,,,,,
e_e000803,central,2,6,0,0,0,0,30,남,3;4;3;2;7;3;6;3,11,41280;42730;41590,,,,,
e_e000805,central,3,11,0,0,0,0,40,여,3;3;3;3;6;6;2;6,11,42210;50110;11260,,,,,
e_e000807,central,3,22,0,0,0,0,30,남,4;2;3;4;5;6;3;6,31,26230;47130;50130,,,,,
e_e000810,central,3,1,0,0,0,0,30,여,4;1;1;2;1;6;1;7,27,50130;50110;26500,,,,,
e_e000811,central,3,1,0,0,0,0,40,여,2;4;4;3;3;4;6;5,11,42150;41830;11140,,,,,
e_e000812,central,3,11,0,0,0,0,30,남,3;5;5;5;6;5;5;4,41,41460;42150;50130,,,,,
e_e000817,central,3,8,0,0,0,0,30,남,1;1;1;1;1;4;4;1,11,42210;41820;42810,,,,,
e_e000818,central,3,25,0,0,0,0,30,여,2;1;2;2;2;2;2;7,41,50110;42830;42230,,,,,
e_e000830,central,2,2,0,0,0,0,30,남,3;7;1;1;4;5;1;4,41,41360;11740;41820,,,,,
e_e000831,central,2,1,0,0,0,0,40,남,2;2;2;3;2;5;6;6,28,42210;41270;42770,,,,,
e_e000838,central,2,1,0,0,0,0,30,남,2;6;2;7;6;6;2;6,28,41360;11440;28110,,,,,
e_e000840,central,3,1,0,0,0,0,30,여,5;2;2;1;2;2;6;7,11,42210;41820;50110,,,,,
e_e000841,central,3,3,0,0,0,0,20,여,5;2;2;3;4;4;3;7,11,50110;26110;41360,,,,,
e_e000844,central,3,1,0,0,0,0,30,여,6;2;4;2;4;4;2;3,27,26710;26350;11680,,,,,
e_e000849,central,2,1,0,0,0,0,20,여,3;2;1;2;4;4;1;7,41,46150;26710;11440,,,,,
e_e000850,central,2,3,0,0,0,0,30,여,1;3;2;5;5;4;1;6,11,50130;42150;47130,,,,,
e_e000852,central,2,22,0,0,0,0,30,여,4;2;1;4;5;6;6;6,41,50110;46130;47130,,,,,
e_e000854,central,2,1,0,0,0,0,40,여,7;7;1;7;7;7;6;7,41,11170;28177;41650,,,,,
e_e000865,central,3,21,0,0,0,0,20,여,4;2;6;5;1;4;6;2,11,28140;42150;41460,,,,,
e_e000872,central,3,11,0,0,0,0,50,여,1;4;6;4;2;7;1;7,41,42210;42170;28710,,,,,
e_e000875,central,2,6,0,0,0,0,50,남,3;2;6;6;7;6;2;4,26,11620;31140;48250,,,,,
e_e000882,central,2,21,0,0,0,0,20,여,4;1;1;1;6;6;7;7,41,41590;50130;11680,,,,,
e_e000883,central,3,1,0,0,0,0,30,여,3;6;3;5;3;4;6;1,26,48250;48310;42230,,,,,
e_e000886,central,2,2,0,0,0,0,60,여,1;1;1;1;1;7;1;7,41,42150;41360;28185,,,,,
e_e000889,central,2,3,0,0,0,0,30,남,4;1;5;4;6;2;7;5,41,50130;26200;42830,,,,,
e_e000906,central,3,21,0,0,0,0,20,여,2;4;1;2;2;4;6;7,11,41360;50110;42110,,,,,
e_e000910,central,3,21,0,0,0,0,30,남,3;4;2;6;4;2;6;6,11,11110;26350;42170,,,,,
e_e000914,central,2,1,0,0,0,0,20,여,3;6;2;3;2;2;4;1,30,45110;26230;11650,,,,,
e_e000917,central,3,22,0,0,0,0,30,여,3;6;6;1;7;6;2;4,43,47770;44180;42150,,,,,
e_e000919,central,3,27,0,0,0,0,40,남,2;2;6;6;6;2;2;2,11,41830;41500;41480,,,,,
e_e000930,central,3,23,0,0,0,0,20,여,4;6;2;5;4;2;1;6,41,26290;26230;43130,,,,,
e_e000932,central,2,12,0,0,0,0,20,여,1;4;1;2;4;4;1;7,41,42830;50110;42820,,,,,
e_e000936,central,3,1,0,0,0,0,30,남,3;1;6;3;1;6;1;7,11,50130;26350;41650,,,,,
e_e000938,central,2,2,0,0,0,0,40,여,3;5;6;4;2;2;1;3,11,44825;42730;41550,,,,,
e_e000942,central,3,22,0,0,0,0,30,남,4;1;2;4;2;2;3;2,41,41830;50130;42150,,,,,
e_e000947,central,3,2,0,0,0,0,30,남,2;1;2;2;1;2;4;4,41,42150;50130;41830,,,,,
e_e000949,central,2,1,0,0,0,0,30,남,2;1;4;4;4;3;4;4,41,50130;42760;26710,,,,,
e_e000950,central,3,8,0,0,0,0,60,여,2;6;1;2;3;3;5;6,11,50130;42150;41820,,,,,
e_e000955,central,2,21,0,0,0,0,40,여,1;1;1;1;7;1;1;7,41,41170;41460;41110,,,,,
e_e000956,central,2,22,0,0,0,0,50,여,3;3;4;3;4;4;5;5,28,42150;41830;28110,,,,,
e_e000962,central,2,1,0,0,0,0,30,여,1;1;1;1;7;4;4;4,28,42150;42230;41650,,,,,
e_e000966,central,2,1,0,0,0,0,60,남,6;6;5;7;6;5;7;1,11,42230;28710;44825,,,,,
e_e000969,central,2,1,0,0,0,0,40,여,2;3;1;1;3;5;1;3,11,42210;42230;26350,,,,,
e_e000973,central,3,8,0,0,0,0,60,여,2;2;4;2;2;2;1;5,28,42830;42210;42150,,,,,
e_e000976,central,2,1,0,0,0,0,40,남,1;4;4;4;1;4;4;4,41,48220;42150;50110,,,,,
e_e000983,central,2,2,0,0,0,0,50,남,1;3;1;2;1;1;7;5,11,50130;41820;42210,,,,,
e_e000984,central,2,1,0,0,0,0,30,여,2;2;4;2;3;4;1;2,41,42210;42150;50110,,,,,
e_e000986,central,2,1,0,0,0,0,30,여,4;2;3;3;5;5;3;7,41,42210;50130;42150,,,,,
e_e000987,central,2,1,0,0,0,0,20,여,6;6;2;2;6;6;4;2,41,50110;41110;43110,,,,,
e_e000992,central,2,11,0,0,0,0,40,여,6;4;2;2;6;7;2;3,28,41570;11560;42150,,,,,
e_e000994,central,3,2,0,0,0,0,20,여,3;1;4;5;6;2;7;6,28,41820;26440;50130,,,,,
e_e000996,central,2,1,0,0,0,0,30,여,1;1;1;1;1;1;1;7,11,42210;42830;50130,,,,,
e_e000997,central,3,1,0,0,0,0,40,남,1;7;1;1;7;7;4;5,41,50110;42150;41670,,,,,
e_e000998,central,3,1,0,0,0,0,30,여,4;2;4;2;2;6;6;6,41,41820;42210;29170,,,,,
e_e001009,central,3,22,0,0,0,0,20,여,4;1;1;1;6;2;1;6,29,11140;11170;42150,,,,,
e_e001012,central,2,1,0,0,0,0,20,여,6;3;3;1;3;5;2;5,11,50110;45110;42150,,,,,
e_e001013,central,2,21,0,0,0,0,40,여,3;4;4;2;4;4;5;4,41,42210;50110;26350,,,,,
e_e001014,central,3,8,0,0,0,0,20,여,3;1;3;3;6;3;6;6,11,50130;26350;42150,,,,,
e_e001019,central,2,1,0,0,0,0,30,남,2;4;3;6;6;3;7;6,41,42150;41360;41830,,,,,
e_e001023,central,2,1,0,0,0,0,30,남,4;1;1;2;4;4;7;4,11,42210;26350;50110,,,,,
e_e001025,central,3,22,0,0,0,0,30,남,4;2;3;4;4;6;2;7,41,42150;46170;26260,,,,,
e_e001026,central,3,2,0,0,0,0,30,남,2;2;3;3;2;4;2;6,41,50130;42210;11560,,,,,
e_e001030,central,3,23,0,0,0,0,50,남,4;4;5;4;4;3;4;4,11,42210;41820;26350,,,,,
e_e001031,central,3,22,0,0,0,0,20,여,2;3;2;4;5;4;3;7,28,46150;41480;50130,,,,,
e_e001040,central,2,1,0,0,0,0,30,남,5;2;5;3;5;5;3;5,11,41360;41190;47130,,,,,
e_e001041,central,3,2,0,0,0,0,40,여,6;6;6;5;5;5;5;5,11,41610;46170;42210,,,,,
e_e001052,central,2,22,0,0,0,0,30,여,2;2;1;1;2;3;3;7,28,46730;46170;47170,,,,,
e_e001057,central,2,22,0,0,0,0,60,남,7;7;7;4;7;4;4;4,41,50130;42210;28110,,,,,
e_e001059,central,3,1,0,0,0,0,30,남,1;1;1;4;4;1;4;7,41,44210;50130;26350,,,,,
e_e001061,central,2,4,0,0,0,0,30,여,4;3;3;6;6;2;1;4,41,42170;28710;41480,,,,,
e_e001063,central,2,1,0,0,0,0,30,남,4;2;3;3;4;4;5;3,41,50110;26350;27230,,,,,
e_e001068,central,3,21,0,0,0,0,40,남,1;3;1;4;5;2;6;3,11,42170;50130;26350,,,,,
e_e001069,central,2,24,0,0,0,0,30,남,1;1;1;1;6;2;1;7,41,42150;41820;48310,,,,,
e_e001070,central,2,2,0,0,0,0,20,여,7;2;2;2;2;2;1;7,11,42150;50110;26500,,,,,
e_e001071,central,2,1,0,0,0,0,30,여,4;3;3;4;2;6;6;5,11,50110;42110;42150,,,,,
e_e001079,central,2,1,0,0,0,0,30,여,4;6;3;3;4;4;3;6,41,11560;28237;28185,,,,,
e_e001081,central,2,3,0,0,0,0,30,남,2;4;1;5;2;2;3;3,11,42830;41110;46150,,,,,
e_e001084,central,3,21,0,0,0,0,60,남,2;4;6;6;3;5;6;6,41,42210;50110;41480,,,,,
e_e001093,central,2,22,0,0,0,0,30,여,2;4;2;4;3;4;3;7,41,11110;41270;28245,,,,,
e_e001097,central,2,6,0,0,0,0,40,여,2;2;2;2;4;4;2;7,41,42170;50130;26350,,,,,
e_e001098,central,2,12,0,0,0,0,30,여,6;2;3;4;5;2;5;4,11,42210;41480;26500,,,,,
e_e001103,central,3,23,0,0,0,0,40,여,1;1;4;4;2;2;3;6,41,50110;50130;42210,,,,,
e_e001104,central,2,1,0,0,0,0,20,여,6;2;2;2;5;4;3;5,43,11440;47130;50110,,,,,
e_e001108,central,2,21,0,0,0,0,20,여,4;1;2;2;4;3;6;5,11,26350;47130;27110,,,,,
e_e001110,central,2,2,0,0,0,0,60,여,2;4;3;3;2;5;2;5,11,42150;30200;41360,,,,,
e_e001114,central,2,1,0,0,0,0,20,여,2;1;2;3;3;6;5;6,41,50130;50110;42150,,,,,
e_e001117,central,3,2,0,0,0,0,20,여,2;1;1;1;2;3;2;5,41,42150;47130;50130,,,,,
e_e001118,central,3,24,0,0,0,0,40,남,2;1;2;4;3;2;6;7,41,42210;41820;47130,,,,,
e_e001124,central,3,2,0,0,0,0,30,여,1;1;2;5;6;2;1;6,41,50110;26350;42760,,,,,
e_e001126,central,2,22,0,0,0,0,40,여,4;4;4;4;4;4;4;4,41,42150;42820;50130,,,,,
e_e001127,central,2,11,0,0,0,0,40,여,1;4;1;3;3;3;4;7,41,41270;42110;44810,,,,,
e_e001130,central,3,22,0,0,0,0,30,남,2;6;6;3;2;2;6;6,41,42150;50130;44825,,,,,
e_e001131,central,3,22,0,0,0,0,20,여,5;5;3;2;3;3;6;5,41,11710;11170;44150,,,,,
e_e001134,central,2,21,0,0,0,0,20,여,6;7;1;3;2;1;7;1,41,50130;26710;11680,,,,,
e_e001137,central,3,22,0,0,0,0,20,여,4;4;4;6;5;2;6;4,45,11110;45190;50110,,,,,
e_e001140,central,2,11,0,0,0,0,40,남,4;4;4;4;4;4;4;4,41,42150;42820;42170,,,,,
e_e001146,central,2,21,0,0,0,0,20,남,4;4;4;3;3;4;3;4,11,50110;42150;41820,,,,,
e_e001147,central,2,1,0,0,0,0,20,남,5;1;1;3;1;6;3;2,28,11710;42210;42230,,,,,
e_e001159,central,3,1,0,0,0,0,30,여,2;1;1;2;1;1;1;1,45,42230;26350;45110,,,,,
e_e001171,central,2,21,0,0,0,0,30,남,4;4;6;4;6;3;5;5,30,11110;26350;50130,,,,,
e_e001172,central,2,3,0,0,0,0,30,여,2;7;7;3;2;5;7;6,41,42150;11110;41820,,,,,
e_e001176,central,2,22,0,0,0,0,40,남,6;2;2;2;2;6;2;6,11,42210;50130;41820,,,,,
e_e001178,central,2,22,0,0,0,0,40,여,2;4;3;2;4;4;2;6,41,50130;42150;44825,,,,,
e_e001182,central,3,21,0,0,0,0,40,여,3;3;5;4;4;3;3;4,11,42150;42830;41650,,,,,
e_e001183,central,2,11,0,0,0,0,40,여,5;6;3;3;6;6;6;6,28,50130;42110;41480,,,,,
e_e001188,central,2,2,0,0,0,0,40,남,1;1;4;2;4;4;4;4,41,26350;47130;50130,,,,,
e_e001194,central,2,2,0,0,0,0,30,여,2;2;1;1;1;2;6;1,41,41590;41110;42150,,,,,
e_e001200,central,3,21,0,0,0,0,20,남,2;2;6;3;1;6;2;7,11,50110;42150;27140,,,,,
e_e001201,central,3,22,0,0,0,0,40,남,1;1;7;4;1;1;1;7,41,41460;43150;44825,,,,,
e_e001207,central,3,1,0,0,0,0,30,여,2;4;2;4;3;4;2;4,29,46730;46710;11680,,,,,
e_e001211,central,2,3,0,0,0,0,30,남,7;4;2;6;6;4;7;3,11,41570;42830;28140,,,,,
e_e001215,central,2,2,0,0,0,0,30,남,2;1;1;2;1;1;1;6,11,42210;50130;28185,,,,,
e_e001220,central,2,21,0,0,0,0,30,여,4;4;5;2;4;2;2;6,41,26500;50130;11740,,,,,
e_e001230,central,3,8,0,0,0,0,50,여,2;2;4;6;3;2;1;5,41,42150;41480;11680,,,,,
e_e001233,central,3,1,0,0,0,0,30,여,6;2;2;4;5;1;1;4,11,42150;41820;28110,,,,,
e_e001238,central,2,1,0,0,0,0,50,남,6;7;5;1;2;6;2;2,41,11440;11140;28200,,,,,
e_e001244,central,2,1,0,0,0,0,60,여,4;2;5;1;1;3;3;6,41,11110;11680;50130,,,,,
e_e001246,central,2,1,0,0,0,0,20,남,4;1;1;4;4;4;5;3,41,41830;11740;42150,,,,,
e_e001251,central,3,21,0,0,0,0,30,여,6;1;3;1;4;6;4;2,41,50130;47930;42830,,,,,
e_e001252,central,2,1,0,0,0,0,60,여,3;3;2;4;2;4;4;2,42,42150;46130;50130,,,,,
e_e001257,central,2,2,0,0,0,0,60,여,2;2;4;2;2;4;6;2,11,50130;42210;48220,,,,,
e_e001261,central,2,8,0,0,0,0,50,여,1;7;5;1;2;2;7;7,41,11680;47930;47110,,,,,
e_e001262,central,2,13,0,0,0,0,30,여,2;2;2;1;6;6;7;7,11,42210;50110;42750,,,,,
e_e001264,central,2,1,0,0,0,0,20,남,2;1;1;6;6;2;2;7,28,50110;45110;42830,,,,,
e_e001265,central,3,2,0,0,0,0,40,남,2;1;1;4;6;6;2;7,41,42170;41820;50130,,,,,
e_e001267,central,2,2,0,0,0,0,40,남,4;3;2;3;2;5;2;6,41,11110;50110;46130,,,,,
e_e001276,central,3,22,0,0,0,0,30,여,4;4;3;5;6;6;6;4,41,11110;50110;28200,,,,,
e_e001279,central,3,1,0,0,0,0,50,남,2;2;2;4;5;3;2;2,30,44150;43110;50110,,,,,
e_e001280,central,3,26,0,0,0,0,30,남,4;4;1;3;2;4;2;6,44,11710;44130;41190,,,,,
e_e001287,central,2,2,0,0,0,0,40,남,1;1;1;5;7;7;1;7,41,48310;42210;46130,,,,,
e_e001291,central,2,11,0,0,0,0,30,남,2;4;2;4;4;6;3;6,41,42150;26350;44760,,,,,
e_e001295,central,2,22,0,0,0,0,60,여,2;4;4;5;3;3;3;2,41,45110;47130;42210,,,,,
e_e001296,central,2,13,0,0,0,0,40,남,7;1;1;1;1;7;1;7,41,31170;42210;46860,,,,,
e_e001301,central,3,6,0,0,0,0,20,남,6;1;2;4;5;5;6;6,28,50110;42150;26500,,,,,
e_e001308,central,2,2,0,0,0,0,30,남,4;1;4;4;6;4;1;7,41,41110;28185;41460,,,,,
e_e001314,central,2,13,0,0,0,0,50,남,2;1;3;3;3;3;3;6,41,42210;41820;44825,,,,,
e_e001316,central,2,1,0,0,0,0,60,여,1;4;4;2;2;4;2;3,28,50130;41820;42830,,,,,
e_e001321,central,2,3,0,0,0,0,30,여,2;6;2;5;2;6;2;6,41,41820;42150;11710,,,,,
e_e001325,central,2,1,0,0,0,0,30,여,1;1;2;1;1;2;1;1,41,42210;50110;11170,,,,,
e_e001326,central,3,21,0,0,0,0,30,남,7;7;7;7;7;7;1;7,29,46130;26350;50110,,,,,
e_e001330,central,2,2,0,0,0,0,40,여,1;1;3;1;1;5;3;5,41,41670;42210;50110,,,,,
e_e001331,central,2,2,0,0,0,0,60,남,2;4;4;3;1;4;1;7,11,50130;41480;41220,,,,,
e_e001344,central,2,21,0,0,0,0,30,남,1;3;3;4;3;1;4;7,41,41610;28110;41110,,,,,
e_e001346,central,2,1,0,0,0,0,20,남,4;1;1;1;1;5;7;7,41,50110;26350;41820,,,,,
e_e001351,central,3,22,0,0,0,0,30,남,4;2;3;2;3;5;5;6,11,26530;48310;42210,,,,,
e_e001356,central,3,3,0,0,0,0,30,여,2;6;2;3;3;2;6;5,26,11680;47130;48250,,,,,
e_e001360,central,2,22,0,0,0,0,40,남,2;4;2;5;6;3;6;7,11,41820;42830;46130,,,,,
e_e001372,central,3,1,0,0,0,0,30,여,7;5;5;1;1;5;1;4,41,11110;30200;28185,,,,,
e_e001377,central,2,3,0,0,0,0,30,여,6;4;5;1;1;3;7;5,41,50130;47130;45110,,,,,
e_e001380,central,2,1,0,0,0,0,30,남,4;6;2;1;4;2;4;6,41,41480;41570;11440,,,,,
e_e001382,central,3,6,0,0,0,0,30,여,1;1;1;2;2;7;2;7,11,50110;41820;26350,,,,,
e_e001384,central,2,2,0,0,0,0,20,남,2;1;2;4;6;6;3;6,11,46130;42150;47130,,,,,
e_e001386,central,3,12,0,0,0,0,30,여,5;3;4;3;4;4;4;4,11,42150;41820;41650,,,,,
e_e001392,central,2,2,0,0,0,0,30,여,6;6;7;3;5;6;2;3,41,41480;42210;50110,,,,,
e_e001396,central,2,1,0,0,0,0,30,남,2;2;3;2;6;6;2;6,11,41800;42210;41360,,,,,
e_e001400,central,2,2,0,0,0,0,30,남,1;4;7;4;7;1;1;7,11,41190;41210;28260,,,,,
e_e001408,central,3,2,0,0,0,0,30,남,2;1;1;4;6;1;1;7,11,41480;44825;47170,,,,,
e_e001409,central,3,21,0,0,0,0,30,여,3;3;2;4;3;3;3;6,11,41820;42210;42150,,,,,
e_e001411,central,2,7,0,0,0,0,20,여,4;5;2;3;6;6;3;6,41,11200;11560;48120,,,,,
e_e001412,central,3,1,0,0,0,0,20,남,4;2;2;3;3;5;5;2,41,11680;50130;42150,,,,,
e_e001413,central,2,22,0,0,0,0,20,여,4;4;4;7;5;3;1;7,11,28260;41480;42150,,,,,
e_e001414,central,2,1,0,0,0,0,40,남,3;2;1;6;6;2;1;5,41,50130;50110;26350,,,,,
e_e001415,central,2,21,0,0,0,0,20,남,3;3;3;3;3;3;2;4,11,26350;42210;46130,,,,,
e_e001416,central,2,21,0,0,0,0,30,여,2;3;5;3;2;3;6;3,41,41150;47170;42770,,,,,
e_e001421,central,2,12,0,0,0,0,30,여,2;4;6;4;5;2;6;4,41,42150;26350;46130,,,,,
e_e001424,central,2,12,0,0,0,0,40,남,2;5;1;1;2;1;1;6,28,50130;42210;41110,,,,,
e_e001426,central,2,1,0,0,0,0,30,여,1;1;7;1;1;7;7;7,41,42210;42150;50130,,,,,
e_e001427,central,3,1,0,0,0,0,30,여,4;1;4;4;6;4;2;7,42,50130;41480;28140,,,,,
e_e001428,central,3,1,0,0,0,0,30,여,2;4;2;4;4;2;1;6,27,47190;48840;26170,,,,,
e_e001429,central,2,11,0,0,0,0,40,여,2;2;4;2;4;4;1;3,11,50130;41820;42830,,,,,
e_e001430,central,2,1,0,0,0,0,20,여,4;4;2;4;6;4;4;6,11,42150;46150;50110,,,,,
e_e001432,central,2,1,0,0,0,0,20,남,5;2;1;3;4;2;6;2,41,26170;42210;50110,,,,,
e_e001434,central,2,11,0,0,0,0,40,남,1;3;2;4;6;5;5;6,41,50130;42760;48310,,,,,
e_e001436,central,3,8,0,0,0,0,40,남,2;3;3;2;2;5;5;6,41,44825;42210;41830,,,,,
e_e001440,central,2,11,0,0,0,0,20,남,4;2;2;5;6;5;7;6,41,50110;42150;26350,,,,,
e_e001448,central,3,2,0,0,0,0,20,여,2;2;1;1;2;1;1;7,11,41650;41280;41310,,,,,
e_e001449,central,2,21,0,0,0,0,30,여,7;7;7;4;4;7;6;2,41,42210;28200;11140,,,,,
e_e001452,central,2,2,0,0,0,0,30,남,2;3;1;3;2;2;2;2,11,50130;26350;41820,,,,,
e_e001458,central,2,1,0,0,0,0,60,여,2;3;3;2;2;2;2;2,11,50130;26350;46150,,,,,
e_e001459,central,2,21,0,0,0,0,30,남,3;5;2;4;2;5;6;7,11,42820;42210;41290,,,,,
e_e001464,central,2,22,0,0,0,0,20,여,5;6;7;3;6;6;7;3,41,50130;26500;11680,,,,,
e_e001467,central,3,12,0,0,0,0,30,여,3;3;3;4;5;5;3;7,11,50130;42150;26350,,,,,
e_e001468,central,2,2,0,0,0,0,30,여,2;2;4;6;2;2;3;6,28,42210;50110;48240,,,,,
e_e001471,central,2,1,0,0,0,0,30,남,1;1;2;4;1;1;1;1,11,50130;26440;42210,,,,,
e_e001480,central,2,22,0,0,0,0,20,여,7;6;1;7;1;7;1;7,41,47130;41110;30170,,,,,
e_e001482,central,3,22,0,0,0,0,20,남,2;2;2;1;2;6;2;4,31,11680;27110;50130,,,,,
e_e001485,central,2,22,0,0,0,0,40,여,5;4;4;1;4;5;6;6,41,44270;42210;44130,,,,,
e_e001489,central,2,1,0,0,0,0,20,여,4;3;2;5;5;6;6;6,11,41150;41110;42820,,,,,
e_e001499,central,3,1,0,0,0,0,20,남,3;1;1;3;4;2;4;4,31,48840;11680;26500,,,,,
e_e001503,central,3,10,0,0,0,0,40,남,3;2;2;5;3;6;2;7,11,41820;29200;28710,,,,,
e_e001510,central,2,1,0,0,0,0,20,여,3;1;2;3;4;6;1;6,41,11680;42830;27110,,,,,
e_e001519,central,3,22,0,0,0,0,40,여,4;2;3;5;3;4;2;7,11,41360;28110;41450,,,,,
e_e001521,central,2,2,0,0,0,0,20,여,7;1;7;1;1;7;1;7,11,50130;42210;42830,,,,,
e_e001523,central,2,21,0,0,0,0,60,남,4;4;4;4;4;4;4;4,11,42150;41820;50130,,,,,
e_e001525,central,2,21,0,0,0,0,50,여,3;2;5;3;2;5;3;4,41,42210;50130;50110,,,,,
e_e001526,central,3,23,0,0,0,0,40,여,2;1;6;6;6;6;3;2,26,48220;47130;50110,,,,,
e_e001529,central,3,1,0,0,0,0,20,여,4;3;3;2;2;2;2;7,11,42210;11110;50130,,,,,
e_e001530,central,2,11,0,0,0,0,20,남,4;2;4;4;6;5;2;7,11,50130;41480;26110,,,,,
e_e001532,central,2,2,0,0,0,0,20,여,4;2;2;3;3;3;4;3,11,11590;50130;26500,,,,,
e_e001534,central,2,21,0,0,0,0,20,남,3;3;2;4;2;3;2;4,11,45110;42150;50110,,,,,
e_e001538,central,3,22,0,0,0,0,40,남,2;1;1;4;1;1;1;7,41,31110;26500;42170,,,,,
e_e001542,central,3,1,0,0,0,0,40,남,1;1;4;2;3;3;3;6,11,42770;50130;42150,,,,,
e_e001544,central,2,12,0,0,0,0,30,여,4;2;1;1;1;7;1;7,11,47130;45110;46130,,,,,
e_e001553,central,2,26,0,0,0,0,30,여,6;1;1;1;1;7;1;1,11,41820;42150;45110,,,,,
e_e001557,central,2,22,0,0,0,0,30,여,4;2;2;1;5;5;2;6,11,50130;42110;42210,,,,,
e_e001559,central,2,6,0,0,0,0,50,남,2;6;3;4;4;4;5;3,11,50130;26350;41650,,,,,
e_e001563,central,2,1,0,0,0,0,30,여,4;5;6;2;2;3;7;2,42,42820;11680;26350,,,,,
e_e001564,central,2,1,0,0,0,0,40,남,2;4;3;2;2;5;3;4,41,42820;41460;50130,,,,,
e_e001565,central,2,2,0,0,0,0,30,남,1;4;1;2;2;3;3;7,11,42150;26500;46730,,,,,
e_e001568,central,2,1,0,0,0,0,20,여,2;6;6;2;1;2;5;7,41,27230;50110;41590,,,,,
e_e001569,central,2,21,0,0,0,0,40,여,2;1;1;1;3;2;3;2,28,26350;42830;50130,,,,,
e_e001576,central,2,1,0,0,0,0,40,여,2;6;1;4;3;4;2;4,43,42830;47110;30230,,,,,
e_e001577,central,2,2,0,0,0,0,20,여,1;7;4;1;7;2;7;5,41,41460;46720;43770,,,,,
e_e001578,central,2,1,0,0,0,0,40,남,2;2;3;3;2;4;3;6,11,42210;50130;26350,,,,,
e_e001888,central,2,10,0,0,0,0,30,남,1;1;4;4;1;5;1;6,11,41280;30200;26350,,,,,
e_e001890,central,2,22,0,0,0,0,20,남,6;3;2;3;6;3;5;6,11,42210;26320;50110,,,,,
e_e001891,central,2,5,0,0,0,0,30,여,1;1;1;1;1;1;7;7,11,42150;31170;50130,,,,,
e_e001892,central,2,6,0,0,0,0,30,남,1;1;1;1;1;1;1;1,11,42150;41280;46150,,,,,
e_e001897,central,2,24,0,0,0,0,30,여,1;4;7;2;1;2;1;7,41,50130;42210;41630,,,,,
e_e001899,central,3,6,0,0,0,0,20,여,2;2;2;6;6;5;2;5,41,42150;50130;42210,,,,,
e_e001900,central,2,13,0,0,0,0,60,남,2;3;6;5;3;5;4;6,11,42210;41830;28710,,,,,
e_e001905,central,2,1,0,0,0,0,50,여,2;5;5;3;3;5;3;5,11,28260;50110;41630,,,,,
e_e001909,central,2,3,0,0,0,0,30,남,4;3;2;6;4;4;6;3,41,42760;26710;50110,,,,,
e_e001911,central,3,11,0,0,0,0,40,남,4;4;4;6;4;3;3;4,11,50110;50130;44210,,,,,
e_e001913,central,3,22,0,0,0,0,20,남,4;4;4;4;3;4;3;5,41,41650;28185;50130,,,,,
e_e001914,central,3,2,0,0,0,0,20,여,2;1;1;3;6;5;6;7,41,50130;42150;46780,,,,,
e_e001916,central,3,1,0,0,0,0,40,여,3;5;2;3;4;5;3;5,27,31170;42130;50130,,,,,
e_e001923,central,2,22,0,0,0,0,20,여,1;1;1;2;7;2;6;6,41,42150;26350;50130,,,,,
e_e001924,central,2,1,0,0,0,0,20,남,3;6;4;2;7;2;6;6,28,11410;44150;11110,,,,,
e_e001926,central,3,1,0,0,0,0,20,여,4;4;1;1;4;3;3;7,30,11680;11170;11215,,,,,
e_e001935,central,3,1,0,0,0,0,20,남,1;1;1;4;7;1;7;7,41,42760;11710;47930,,,,,
e_e001936,central,3,9,0,0,0,0,20,남,1;1;1;1;4;1;2;7,28,11110;27110;26350,,,,,
e_e001937,central,2,2,0,0,0,0,30,여,2;1;4;2;1;2;1;6,44,44760;41830;26350,,,,,
e_e001940,central,3,22,0,0,0,0,20,여,1;1;4;1;1;1;6;7,26,50110;42150;48250,,,,,
e_e001944,central,2,3,0,0,0,0,60,남,4;1;2;4;2;3;2;6,41,50130;45720;41830,,,,,
e_e001949,central,2,1,0,0,0,0,20,여,2;2;2;4;4;2;6;4,41,11680;42150;48220,,,,,
e_e001950,central,3,12,0,0,0,0,20,남,4;4;2;3;4;5;3;6,26,50110;11230;26500,,,,,
e_e001955,central,2,2,0,0,0,0,50,여,4;4;4;2;4;4;4;6,41,41460;41110;11680,,,,,
e_e001968,central,3,21,0,0,0,0,30,여,1;1;2;7;7;6;3;6,41,47130;50130;43150,,,,,
e_e001972,central,2,1,0,0,0,0,20,남,5;3;2;4;3;5;5;4,41,50110;42150;42210,,,,,
e_e001982,central,2,22,0,0,0,0,40,여,2;5;3;3;1;3;3;6,11,41820;41280;42150,,,,,
e_e001987,central,3,12,0,0,0,0,20,여,4;3;2;2;4;3;6;5,41,50130;50110;42230,,,,,
e_e001989,central,3,1,0,0,0,0,20,여,7;1;7;3;7;3;3;7,41,46130;50130;45140,,,,,
e_e001990,central,2,1,0,0,0,0,20,여,3;6;1;3;4;3;7;6,11,46810;42150;11110,,,,,
e_e001993,central,2,1,0,0,0,0,30,여,6;4;2;2;6;2;2;5,11,41210;47170;42150,,,,,
e_e001996,central,3,1,0,0,0,0,50,남,4;1;1;4;1;4;4;5,11,30170;45110;29170,,,,,
e_e001997,central,3,22,0,0,0,0,20,여,4;4;3;3;2;5;6;6,41,11440;50110;50130,,,,,
e_e002011,central,3,1,0,0,0,0,30,여,6;1;1;1;1;2;1;6,45,11680;46130;30110,,,,,
e_e002013,central,3,24,0,0,0,0,30,여,2;4;4;4;2;5;4;3,27,26710;50110;42170,,,,,
e_e002014,central,2,1,0,0,0,0,30,여,7;2;6;5;3;6;6;3,11,26350;50130;41450,,,,,
e_e002018,central,2,21,0,0,0,0,30,여,2;1;1;1;1;1;6;4,41,42210;42150;42830,,,,,
e_e002024,central,2,6,0,0,0,0,40,남,3;3;2;4;6;4;3;6,11,42210;50130;45130,,,,,
e_e002025,central,2,27,0,0,0,0,60,남,3;2;2;2;2;2;2;6,11,41610;42830;47820,,,,,
e_e002030,central,2,21,0,0,0,0,30,남,1;1;1;4;2;4;4;4,28,50130;26350;42210,,,,,
e_e002033,central,2,1,0,0,0,0,20,여,6;5;4;3;2;6;7;7,41,41590;42150;50110,,,,,
e_e002034,central,2,3,0,0,0,0,30,여,1;1;4;4;4;4;4;7,27,50110;48840;46150,,,,,
e_e002035,central,2,3,0,0,0,0,60,남,1;7;1;7;1;4;7;5,11,41570;45800;42150,,,,,
e_e002036,central,2,10,0,0,0,0,40,여,3;1;1;6;6;1;2;4,11,42190;45800;41830,,,,,
e_e002038,central,2,2,0,0,0,0,50,여,5;7;1;3;1;7;4;7,41,41460;41590;44270,,,,,
e_e002045,central,3,1,0,0,0,0,30,남,2;1;4;3;2;2;2;5,28,42210;26350;44825,,,,,
e_e002049,central,3,1,0,0,0,0,20,남,5;1;4;5;2;5;2;6,43,11680;50110;26350,,,,,
e_e002051,central,2,1,0,0,0,0,20,남,7;7;7;7;1;7;1;1,41,11560;30200;41110,,,,,
e_e002053,central,3,1,0,0,0,0,20,여,5;2;2;2;2;6;6;2,41,50110;50130;11110,,,,,
e_e002056,central,2,12,0,0,0,0,30,여,3;5;5;5;3;5;3;5,11,42150;42720;41570,,,,,
e_e002058,central,3,22,0,0,0,0,60,남,1;7;1;1;1;7;7;7,41,50110;26350;42150,,,,,
e_e002059,central,3,3,0,0,0,0,40,남,2;1;2;3;2;2;1;3,11,50110;50130;46810,,,,,
e_e002064,central,2,1,0,0,0,0,20,남,6;1;1;1;7;2;1;7,41,50110;26350;11680,,,,,
e_e002066,central,2,10,0,0,0,0,30,여,2;2;2;4;4;2;3;7,11,50130;50110;42210,,,,,
e_e002069,central,2,1,0,0,0,0,30,여,2;1;6;7;4;6;2;1,41,42150;42210;50130,,,,,
e_e002070,central,2,1,0,0,0,0,20,여,3;6;2;2;5;7;6;2,41,11200;50110;42150,,,,,
e_e002071,central,2,25,0,0,0,0,20,여,1;2;3;6;5;6;6;7,11,42210;42150;42830,,,,,
e_e002074,central,3,1,0,0,0,0,40,여,2;2;2;5;2;2;2;5,41,11230;42150;50130,,,,,
e_e002076,central,2,22,0,0,0,0,40,남,6;7;4;4;7;2;6;1,41,42150;28110;44150,,,,,
e_e002077,central,2,1,0,0,0,0,60,남,2;3;2;2;5;3;5;3,11,50110;50130;42150,,,,,
e_e002079,central,2,2,0,0,0,0,20,남,1;1;1;1;4;6;1;7,41,41110;50130;42150,,,,,
e_e002081,central,2,22,0,0,0,0,30,남,2;2;3;4;3;3;6;6,41,44825;26200;46130,,,,,
e_e002082,central,3,1,0,0,0,0,20,여,6;1;4;1;7;6;6;6,11,50110;42150;28110,,,,,
e_e002084,central,2,21,0,0,0,0,20,남,3;4;2;3;4;3;6;5,11,41360;42150;41830,,,,,
e_e002089,central,2,3,0,0,0,0,40,여,4;2;2;3;7;4;2;6,11,50110;50130;26350,,,,,
e_e002092,central,2,1,0,0,0,0,20,여,2;2;4;2;2;2;2;4,41,42830;42760;26500,,,,,
e_e002093,central,2,1,0,0,0,0,20,여,5;3;3;4;4;2;5;5,41,42150;50110;26350,,,,,
e_e002097,central,3,22,0,0,0,0,20,남,4;1;2;3;4;4;2;6,41,50130;42210;26350,,,,,
e_e002099,central,2,22,0,0,0,0,20,남,2;1;1;3;7;3;6;7,41,42150;50110;48850,,,,,
e_e002106,central,2,1,0,0,0,0,30,남,3;5;2;5;4;3;3;2,11,47130;42150;41110,,,,,
e_e002108,central,2,1,0,0,0,0,30,남,2;2;2;2;2;2;5;2,11,28185;50130;26350,,,,,
e_e002110,central,2,1,0,0,0,0,30,남,2;2;2;2;4;4;2;3,11,50130;42210;46130,,,,,
e_e002121,central,2,1,0,0,0,0,30,남,2;4;2;2;2;2;2;3,41,11710;11530;41430,,,,,
e_e002126,central,3,1,0,0,0,0,40,남,4;3;2;4;4;3;4;4,47,11680;11440;26350,,,,,
e_e002130,central,2,22,0,0,0,0,20,남,4;3;4;3;2;4;2;7,28,11200;26350;50110,,,,,
e_e002131,central,3,5,0,0,0,0,60,남,3;3;3;4;5;3;3;4,28,41650;41630;28710,,,,,
e_e002132,central,2,2,0,0,0,0,30,여,1;1;1;1;1;4;3;5,41,42820;42210;46710,,,,,
e_e002135,central,3,22,0,0,0,0,40,여,5;2;4;2;6;6;4;6,41,41820;26260;42150,,,,,
e_e002136,central,2,1,0,0,0,0,30,여,6;6;2;2;6;2;1;4,29,50130;26350;27110,,,,,
e_e002141,central,3,1,0,0,0,0,40,남,6;2;3;4;6;2;5;4,41,45710;26110;50110,,,,,
e_e002143,central,3,1,0,0,0,0,30,여,2;2;2;1;2;2;2;7,41,42210;42150;50110,,,,,
e_e002145,central,2,6,0,0,0,0,30,남,4;1;2;5;3;5;7;1,44,50130;50110;30170,,,,,
e_e002148,central,3,22,0,0,0,0,40,여,2;4;1;3;7;6;1;7,11,42150;41820;42110,,,,,
e_e002152,central,2,1,0,0,0,0,20,여,3;2;4;2;6;6;3;6,41,50130;50110;11680,,,,,
e_e002154,central,2,22,0,0,0,0,20,여,2;4;3;2;2;3;2;7,11,42210;50110;28260,,,,,
e_e002157,central,3,1,0,0,0,0,30,여,2;2;2;2;3;3;4;6,41,42830;41220;11650,,,,,
e_e002158,central,2,21,0,0,0,0,20,여,1;1;1;4;7;1;7;7,41,42150;41820;26500,,,,,
e_e002159,central,3,22,0,0,0,0,30,여,1;4;4;1;4;4;4;4,41,42830;41110;44270,,,,,
e_e002160,central,2,22,0,0,0,0,30,남,3;5;3;4;6;2;2;7,41,41110;42830;45190,,,,,
e_e002161,central,3,1,0,0,0,0,30,남,4;3;2;4;1;3;3;6,41,28200;41590;50110,,,,,
e_e002163,central,2,2,0,0,0,0,60,여,1;3;2;2;1;4;2;5,41,42150;46900;41480,,,,,
e_e002168,central,3,1,0,0,0,0,30,남,7;1;1;1;1;1;7;6,41,42150;41480;48170,,,,,
e_e002169,central,2,22,0,0,0,0,30,남,2;4;4;4;4;5;6;6,41,11170;50130;41830,,,,,
e_e002171,central,3,22,0,0,0,0,30,남,1;4;1;1;7;4;7;7,41,50110;43130;26710,,,,,
e_e002176,central,3,22,0,0,0,0,40,여,1;1;1;1;1;4;6;2,41,41630;50130;42150,,,,,
e_e002178,central,2,11,0,0,0,0,30,남,2;2;1;2;1;1;6;3,28,50130;11680;42230,,,,,
e_e002182,central,3,10,0,0,0,0,30,여,4;4;4;2;1;4;2;4,11,42210;41480;46710,,,,,
e_e002183,central,2,4,0,0,0,0,30,여,3;2;2;1;3;3;2;6,41,50110;42210;26350,,,,,
e_e002184,central,3,22,0,0,0,0,30,남,3;5;3;2;2;2;6;5,41,42150;26350;50130,,,,,
e_e002186,central,3,21,0,0,0,0,40,여,4;3;4;4;4;4;3;2,11,50110;42210;44130,,,,,
e_e002187,central,2,2,0,0,0,0,20,여,2;4;1;7;6;2;6;7,44,11410;26350;50130,,,,,
e_e002189,central,2,1,0,0,0,0,60,여,2;4;4;2;2;4;4;4,41,50110;42210;28710,,,,,
e_e002197,central,2,1,0,0,0,0,20,여,1;1;7;1;1;1;1;7,41,50130;47130;48310,,,,,
e_e002198,central,2,2,0,0,0,0,20,여,2;1;2;4;7;3;6;7,41,42170;26350;41820,,,,,
e_e002202,central,3,1,0,0,0,0,30,남,2;2;1;5;3;1;6;5,11,50110;42210;26260,,,,,
e_e002204,central,3,22,0,0,0,0,30,여,2;2;2;2;4;1;6;6,41,42150;50130;11110,,,,,
e_e002206,central,2,6,0,0,0,0,30,여,3;6;4;6;6;4;3;4,41,11710;11680;11110,,,,,
e_e002209,central,3,21,0,0,0,0,30,여,4;3;2;5;6;4;4;5,42,11680;42150;41820,,,,,
e_e002212,central,3,1,0,0,0,0,20,여,2;2;2;4;5;2;6;3,27,45800;26350;11230,,,,,
e_e002213,central,2,1,0,0,0,0,20,여,2;6;2;4;7;3;3;3,41,28177;50130;50110,,,,,
e_e002214,central,3,2,0,0,0,0,20,여,3;1;2;2;4;3;3;5,11,42150;26350;50110,,,,,
e_e002215,central,3,2,0,0,0,0,40,남,4;4;2;2;2;4;2;6,30,50130;41670;42760,,,,,
e_e002220,central,3,23,0,0,0,0,30,여,4;4;4;2;4;4;4;5,30,50130;42170;26350,,,,,
e_e002222,central,3,1,0,0,0,0,40,남,4;3;2;3;4;2;2;5,45,41550;50130;11710,,,,,
e_e002231,central,2,22,0,0,0,0,20,남,7;5;3;6;2;5;1;6,11,48120;26440;41190,,,,,
e_e002233,central,2,1,0,0,0,0,20,남,1;1;1;2;6;4;2;6,11,41670;50130;50110,,,,,
e_e002234,central,3,1,0,0,0,0,40,여,3;2;2;5;4;4;2;5,41,41130;42210;50130,,,,,
e_e002235,central,2,21,0,0,0,0,30,남,2;5;6;5;2;5;5;3,45,46130;46150;45800,,,,,
e_e002236,central,3,1,0,0,0,0,20,남,4;1;3;5;6;3;5;4,43,11680;27110;26110,,,,,
e_e002243,central,2,26,0,0,0,0,30,여,6;2;3;4;4;3;5;2,11,50130;30200;26350,,,,,
e_e002246,central,2,2,0,0,0,0,30,남,2;2;2;2;2;6;2;6,11,50110;42210;41480,,,,,
e_e002248,central,3,21,0,0,0,0,30,여,4;1;1;1;4;7;4;7,42,26350;11650;41130,,,,,
e_e002250,central,2,11,0,0,0,0,20,여,2;1;1;2;3;1;1;7,41,50130;42210;48850,,,,,
e_e002251,central,3,24,0,0,0,0,20,남,1;7;1;1;1;7;7;7,41,41820;41360;42110,,,,,
e_e002253,central,2,1,0,0,0,0,40,여,3;3;3;5;4;4;4;4,11,42150;28245;43110,,,,,
e_e002254,central,3,4,0,0,0,0,30,여,2;2;1;2;4;3;3;4,41,42150;41110;11680,,,,,
e_e002255,central,3,3,0,0,0,0,40,여,2;3;3;3;2;5;4;3,11,41650;44760;42150,,,,,
e_e002259,central,2,1,0,0,0,0,60,남,1;4;6;1;3;1;4;7,41,41590;46230;50130,,,,,
e_e002260,central,3,1,0,0,0,0,20,여,2;6;1;6;7;2;5;6,11,11110;11170;41110,,,,,
e_e002263,central,2,2,0,0,0,0,60,여,2;2;4;4;4;4;4;4,11,42150;26350;28710,,,,,
e_e002264,central,2,21,0,0,0,0,30,여,1;7;5;1;1;6;2;2,11,11440;28185;11290,,,,,
e_e002266,central,3,25,0,0,0,0,30,여,2;2;1;3;2;1;3;5,41,42210;26350;42150,,,,,
e_e002272,central,3,21,0,0,0,0,30,여,2;2;4;3;4;2;2;3,41,41830;50130;50110,,,,,
e_e002279,central,2,1,0,0,0,0,30,여,2;1;2;2;6;2;2;7,41,41460;42150;50130,,,,,
e_e002283,central,3,6,0,0,0,0,20,남,4;1;1;1;1;7;1;5,43,11500;42210;50110,,,,,
e_e002284,central,2,1,0,0,0,0,20,남,2;2;1;3;4;2;6;7,41,50110;41590;26350,,,,,
e_e002288,central,2,22,0,0,0,0,20,여,1;3;2;1;1;2;3;3,41,50130;42150;11410,,,,,
e_e002289,central,2,2,0,0,0,0,20,여,2;6;2;2;3;3;2;7,41,50130;41820;41110,,,,,
e_e002291,central,2,1,0,0,0,0,20,여,4;5;5;6;7;4;5;7,41,11170;11440;41110,,,,,
e_e002304,central,3,2,0,0,0,0,40,여,2;2;4;4;3;3;5;5,11,42210;41830;42150,,,,,
e_e002306,central,3,1,0,0,0,0,40,여,1;1;1;4;1;2;6;6,11,50110;26350;41820,,,,,
e_e002308,central,3,4,0,0,0,0,20,여,5;2;1;4;5;4;5;7,41,31710;50130;26350,,,,,
e_e002310,central,2,21,0,0,0,0,60,여,2;2;2;4;6;5;5;2,11,41820;28710;28110,,,,,
e_e002313,central,2,1,0,0,0,0,30,여,6;2;2;2;3;3;3;3,11,50130;26350;42210,,,,,
e_e002314,central,2,22,0,0,0,0,30,남,3;6;1;3;4;1;2;2,11,50130;42210;26350,,,,,
e_e002316,central,2,5,0,0,0,0,30,여,3;2;4;1;4;6;1;6,11,26350;42210;28185,,,,,
e_e002318,central,3,22,0,0,0,0,30,남,2;1;1;5;6;2;7;1,41,41820;41480;42150,,,,,
e_e002323,central,3,1,0,0,0,0,20,여,2;6;2;5;5;2;7;6,11,26350;50130;41820,,,,,
e_e002330,central,2,1,0,0,0,0,30,남,2;1;3;3;4;5;4;5,41,28185;42150;26350,,,,,
e_e002332,central,2,22,0,0,0,0,30,여,1;1;1;1;1;1;1;7,11,41480;28710;42190,,,,,
e_e002336,central,2,27,0,0,0,0,30,여,1;2;2;2;3;1;2;5,11,42150;46130;50130,,,,,
e_e002340,central,2,1,0,0,0,0,20,여,2;1;2;2;3;2;5;3,41,41410;30230;26260,,,,,
e_e002342,central,3,22,0,0,0,0,50,여,1;4;2;2;7;5;1;6,11,42150;41460;44130,,,,,
e_e002351,central,3,22,0,0,0,0,20,남,1;2;2;5;1;2;5;6,41,28710;46730;46150,,,,,
e_e002364,central,3,12,0,0,0,0,40,남,2;5;3;5;3;4;2;3,11,42150;26410;43150,,,,,
e_e002375,central,2,3,0,0,0,0,30,남,4;4;2;3;3;6;6;4,11,42150;50130;45110,,,,,
e_e002376,central,3,1,0,0,0,0,20,남,5;1;2;6;2;6;1;5,27,26350;11110;11680,,,,,
e_e002389,central,2,1,0,0,0,0,60,여,5;4;5;4;2;4;5;3,11,42170;41280;41570,,,,,
e_e002391,central,2,1,0,0,0,0,30,여,4;4;3;3;3;3;3;4,41,11440;42210;28185,,,,,
e_e002392,central,2,24,0,0,0,0,20,여,3;3;2;4;3;3;3;3,41,50130;42150;41820,,,,,
e_e002394,central,3,22,0,0,0,0,40,여,2;2;2;1;2;3;3;6,41,42150;11200;44825,,,,,
e_e002396,central,3,8,0,0,0,0,40,남,4;2;3;2;3;5;2;6,11,41820;42210;28710,,,,,
e_e002399,central,2,2,0,0,0,0,60,남,2;3;4;4;3;3;5;5,41,42150;41460;27290,,,,,
e_e002401,central,2,1,0,0,0,0,60,여,3;3;3;3;3;3;3;3,28,50110;47280;30140,,,,,
e_e002402,central,2,1,0,0,0,0,30,남,4;4;4;4;4;4;4;4,28,11170;41190;28260,,,,,
e_e002405,central,2,13,0,0,0,0,50,남,4;6;5;6;5;3;6;3,11,26710;42150;41130,,,,,
e_e002409,central,2,12,0,0,0,0,50,여,4;2;4;2;2;2;4;5,11,42110;47210;26350,,,,,
e_e002410,central,3,11,0,0,0,0,60,남,2;2;2;3;4;2;2;6,11,41820;42150;42110,,,,,
e_e002411,central,2,1,0,0,0,0,30,남,2;3;1;6;2;4;5;6,41,50130;26350;42150,,,,,
e_e002412,central,2,1,0,0,0,0,30,여,3;2;3;2;2;4;5;6,11,50110;26350;41190,,,,,
e_e002414,central,3,1,0,0,0,0,20,남,5;3;3;5;3;3;6;5,43,11500;47110;50110,,,,,
e_e002415,central,3,2,0,0,0,0,20,남,4;3;3;6;5;2;6;2,41,41110;50110;11560,,,,,
e_e002421,central,2,22,0,0,0,0,30,남,4;1;1;7;7;1;6;7,41,50110;26350;41360,,,,,
e_e002422,central,3,1,0,0,0,0,20,여,6;4;4;4;5;4;3;5,47,26110;27110;11200,,,,,
e_e002423,central,3,1,0,0,0,0,20,남,2;2;2;2;6;4;2;6,41,50110;26350;42150,,,,,
e_e002425,central,2,27,0,0,0,0,30,여,2;4;6;6;6;6;4;4,28,28200;42210;45130,,,,,
e_e002433,central,2,22,0,0,0,0,30,남,2;4;2;5;5;4;3;4,11,42150;41360;50110,,,,,
e_e002437,central,2,21,0,0,0,0,30,남,3;4;5;4;2;5;2;4,11,11110;41480;41360,,,,,
e_e002451,central,2,1,0,0,0,0,50,여,1;7;1;1;1;1;7;1,41,42210;30200;45790,,,,,
e_e002456,central,3,12,0,0,0,0,20,여,4;4;4;4;4;4;4;4,41,41110;50110;30200,,,,,
e_e002462,central,3,11,0,0,0,0,30,남,4;4;4;4;4;4;4;4,28,50130;50110;42150,,,,,
e_e002465,central,2,1,0,0,0,0,30,남,1;2;2;2;2;3;2;6,41,11380;42790;28177,,,,,
e_e002467,central,3,1,0,0,0,0,30,여,5;2;4;1;2;4;6;6,11,11710;28185;41360,,,,,
e_e002470,central,2,6,0,0,0,0,20,여,3;4;1;5;5;7;2;5,41,41110;11110;42210,,,,,
e_e002471,central,3,12,0,0,0,0,30,여,4;4;5;1;4;5;6;7,41,41280;41110;41630,,,,,
e_e002476,central,2,24,0,0,0,0,40,남,2;1;2;2;2;3;3;6,11,50110;50130;42210,,,,,
e_e002477,central,2,21,0,0,0,0,40,여,4;4;4;2;2;2;2;6,11,42830;42210;41830,,,,,
e_e002479,central,3,23,0,0,0,0,30,여,4;1;1;1;1;1;3;7,41,42150;26290;31170,,,,,
e_e002481,central,3,22,0,0,0,0,30,남,4;2;4;2;3;3;4;6,11,50130;50110;30170,,,,,
e_e002483,central,3,1,0,0,0,0,30,여,3;6;3;3;1;5;3;5,11,42210;42150;50130,,,,,
e_e002491,central,3,22,0,0,0,0,20,남,5;5;5;6;6;6;6;6,41,50110;41830;42150,,,,,
e_e002495,central,3,5,0,0,0,0,40,남,4;1;1;4;5;1;2;6,30,50130;11215;41110,,,,,
e_e002506,central,3,22,0,0,0,0,30,남,1;2;6;5;1;2;6;2,41,28710;41390;44210,,,,,
e_e002507,central,3,1,0,0,0,0,40,여,4;1;4;4;2;5;2;6,11,41820;42110;42210,,,,,
e_e002508,central,3,1,0,0,0,0,20,여,2;1;3;1;3;2;3;6,11,42150;50130;26710,,,,,
e_e002511,central,2,24,0,0,0,0,30,여,4;5;3;4;4;4;6;4,11,42150;42210;50130,,,,,
e_e002513,central,3,27,0,0,0,0,40,여,5;5;3;3;2;5;3;4,11,41360;46150;42150,,,,,
e_e002514,central,3,2,0,0,0,0,20,남,7;1;1;6;6;2;1;7,11,50130;42210;41820,,,,,
e_e002527,central,2,1,0,0,0,0,30,여,7;7;7;5;5;7;3;3,28,41280;31200;41480,,,,,
e_e002536,central,3,21,0,0,0,0,20,여,3;2;3;5;4;3;6;5,43,11440;50130;26410,,,,,
e_e002541,central,3,22,0,0,0,0,30,남,3;3;5;5;5;5;6;5,11,26350;28710;42210,,,,,
e_e002548,central,3,4,0,0,0,0,30,여,4;2;4;5;4;6;2;2,26,50110;48850;30200,,,,,
e_e002550,central,3,12,0,0,0,0,20,여,3;2;2;2;4;3;6;5,41,50130;26350;11170,,,,,
e_e002551,central,3,1,0,0,0,0,20,여,5;2;2;3;3;5;2;5,43,26350;50130;11680,,,,,
e_e002555,central,3,12,0,0,0,0,20,여,4;2;5;4;2;4;3;6,41,41360;41820;42150,,,,,
e_e002556,central,3,1,0,0,0,0,30,남,2;2;3;3;5;5;6;5,30,50110;50130;11680,,,,,
e_e002557,central,3,1,0,0,0,0,60,남,4;4;4;4;5;4;3;4,30,44150;48870;41670,,,,,
e_e002558,central,3,7,0,0,0,0,40,여,4;4;4;3;4;4;5;3,11,50130;50110;44180,,,,,
e_e002565,central,2,6,0,0,0,0,30,여,4;4;4;2;2;5;3;5,41,42830;41450;41830,,,,,
e_e002566,central,3,4,0,0,0,0,20,남,3;1;1;2;2;2;2;5,45,11680;50130;30200,,,,,
e_e002569,central,3,1,0,0,0,0,20,여,4;4;2;4;6;2;7;7,43,50130;11680;26350,,,,,
e_e002570,central,3,21,0,0,0,0,50,남,2;3;4;4;2;3;3;6,11,41830;41820;41460,,,,,
e_e002572,central,2,1,0,0,0,0,40,여,4;6;7;1;1;1;4;4,41,50130;42150;41190,,,,,
e_e002574,central,2,1,0,0,0,0,20,여,1;1;1;1;1;2;2;4,41,42210;26350;50110,,,,,
e_e002576,central,3,1,0,0,0,0,60,여,2;2;4;2;2;5;3;7,41,42210;41130;42150,,,,,
e_e002577,central,3,2,0,0,0,0,30,남,4;2;1;2;2;4;2;6,41,41820;26260;42830,,,,,
e_e002579,central,2,13,0,0,0,0,30,남,2;6;2;1;2;6;2;6,48,11680;27260;42170,,,,,
e_e002582,central,3,3,0,0,0,0,60,여,4;4;6;2;4;4;4;4,41,11110;41110;41590,,,,,
e_e002583,central,3,22,0,0,0,0,30,남,3;2;3;5;4;4;3;4,11,46770;50130;44180,,,,,
e_e002584,central,3,2,0,0,0,0,30,남,1;1;1;4;6;7;1;7,41,42210;50110;41830,,,,,
e_e002589,central,3,12,0,0,0,0,60,여,4;4;4;4;4;4;4;4,28,50110;42150;26260,,,,,
e_e002590,central,2,22,0,0,0,0,30,남,4;4;1;2;6;4;7;7,41,41590;41170;11590,,,,,
e_e002593,central,2,28,0,0,0,0,50,여,2;1;1;1;1;4;5;4,11,50110;26350;42150,,,,,
e_e002597,central,3,5,0,0,0,0,30,여,1;1;1;1;5;1;7;7,41,50110;26350;42150,,,,,
e_e002599,central,2,25,0,0,0,0,30,남,2;4;4;3;2;3;5;4,28,42170;41480;28200,,,,,
e_e002600,central,2,1,0,0,0,0,20,남,2;4;2;2;6;3;2;5,41,50130;48170;41130,,,,,
e_e002605,central,2,12,0,0,0,0,30,여,5;3;4;3;4;5;2;5,41,42130;50110;42210,,,,,
e_e002606,central,2,11,0,0,0,0,30,여,2;2;2;2;2;2;2;6,28,26710;50130;42720,,,,,
e_e002607,central,3,22,0,0,0,0,20,여,3;1;3;2;5;6;3;4,41,41820;43130;41360,,,,,
e_e002610,central,3,2,0,0,0,0,30,남,1;2;1;2;7;4;7;2,41,42820;48840;41820,,,,,
e_e002622,central,3,2,0,0,0,0,30,남,5;2;2;5;3;4;3;5,41,28110;42210;26350,,,,,
e_e002625,central,3,1,0,0,0,0,30,여,3;1;4;3;3;5;6;6,43,42150;47770;26350,,,,,
e_e002627,central,3,1,0,0,0,0,40,남,2;2;2;4;4;2;6;3,41,50110;46130;44825,,,,,
e_e002633,central,3,10,0,0,0,0,30,남,1;1;7;2;2;7;1;1,11,42210;41500;47930,,,,,
e_e002634,central,2,4,0,0,0,0,30,여,7;4;7;1;1;4;4;4,28,50110;11530;11170,,,,,
e_e002635,central,2,21,0,0,0,0,30,여,4;3;3;2;3;3;4;3,11,41820;45800;28710,,,,,
e_e002638,central,3,1,0,0,0,0,20,남,3;3;4;3;3;4;2;6,42,50130;31710;11440,,,,,
e_e002641,central,3,1,0,0,0,0,20,남,7;4;4;4;5;7;1;7,44,50110;50130;26350,,,,,
e_e002650,central,2,1,0,0,0,0,60,남,2;4;2;4;2;2;2;4,44,42130;47170;26500,,,,,
e_e002662,central,2,1,0,0,0,0,20,남,4;2;2;1;3;3;7;7,41,48310;50110;42830,,,,,
e_e002673,central,2,10,0,0,0,0,40,여,2;6;2;2;2;6;6;6,28,41280;41290;41570,,,,,
e_e002677,central,3,1,0,0,0,0,30,남,3;3;1;4;4;3;5;6,28,28710;42210;46870,,,,,
e_e002681,central,3,1,0,0,0,0,20,남,4;2;2;4;4;4;1;7,26,11680;26230;50130,,,,,
e_e002683,central,3,21,0,0,0,0,30,여,2;1;3;3;6;3;6;5,11,42150;50130;46150,,,,,
e_e002684,central,2,1,0,0,0,0,60,여,5;5;5;6;1;1;7;1,11,42210;11110;11290,,,,,
e_e002697,central,3,1,0,0,0,0,40,여,3;1;3;4;6;3;6;6,36,44150;50110;29170,,,,,
e_e002699,central,2,2,0,0,0,0,30,남,1;7;4;5;1;3;5;3,41,42210;42150;26710,,,,,
e_e002705,central,2,21,0,0,0,0,30,남,2;2;3;2;2;2;2;5,41,50130;26350;42150,,,,,
e_e002719,central,2,10,0,0,0,0,30,남,4;5;3;3;6;4;6;6,41,41290;28185;41570,,,,,
e_e002721,central,2,1,0,0,0,0,50,남,3;3;3;3;3;3;3;4,41,42150;31170;26350,,,,,
e_e002728,central,3,2,0,0,0,0,30,여,4;2;1;1;4;3;6;4,26,42720;41820;42760,,,,,
e_e002736,central,2,1,0,0,0,0,50,여,2;3;1;2;2;3;1;4,30,44250;26320;46130,,,,,
e_e002737,central,2,13,0,0,0,0,50,남,5;3;5;4;5;5;3;4,41,41360;41280;42150,,,,,
e_e002739,central,2,1,0,0,0,0,20,여,4;4;4;3;2;4;5;4,41,50110;47130;26110,,,,,
e_e002740,central,3,1,0,0,0,0,30,여,4;2;2;5;4;2;4;5,41,42170;41500;26350,,,,,
e_e002742,central,2,21,0,0,0,0,30,여,2;3;2;5;5;2;1;5,28,42210;45140;41280,,,,,
e_e002745,central,3,1,0,0,0,0,30,여,5;2;2;3;2;2;2;7,26,50130;50110;26500,,,,,
e_e002746,central,3,1,0,0,0,0,20,여,4;2;2;2;1;3;4;1,29,46110;46130;11230,,,,,
e_e002747,central,3,3,0,0,0,0,30,여,2;1;6;2;2;3;6;4,11,50110;26350;42150,,,,,
e_e002753,central,3,11,0,0,0,0,20,여,5;1;2;6;4;3;4;1,43,42210;43760;11680,,,,,
e_e002754,central,3,22,0,0,0,0,20,남,3;2;2;3;4;2;7;5,44,11170;42150;50110,,,,,
e_e002755,central,2,1,0,0,0,0,50,남,6;5;6;4;5;7;6;2,41,50110;42150;28237,,,,,
e_e002756,central,3,10,0,0,0,0,20,남,4;3;3;3;3;2;1;7,11,41820;41360;44800,,,,,
e_e002759,central,2,1,0,0,0,0,50,여,3;3;5;3;3;5;5;3,11,50110;43110;41190,,,,,
e_e002760,central,2,11,0,0,0,0,30,남,7;1;2;2;2;7;1;6,11,42830;50130;26710,,,,,
e_e002763,central,3,23,0,0,0,0,20,남,4;5;3;3;5;6;2;7,41,41110;26350;42210,,,,,
e_e002764,central,2,2,0,0,0,0,30,남,3;4;1;2;3;6;5;5,11,41450;41820;42150,,,,,
e_e002767,central,3,1,0,0,0,0,20,여,2;2;2;1;3;4;3;6,28,41830;42150;11680,,,,,
e_e002770,central,3,1,0,0,0,0,30,여,2;1;2;1;2;4;2;4,41,11560;50130;26230,,,,,
e_e002773,central,2,1,0,0,0,0,60,여,4;4;6;6;2;6;6;6,11,42210;50130;42830,,,,,
e_e002775,central,2,2,0,0,0,0,40,여,1;4;4;6;6;3;2;2,11,42760;45110;41480,,,,,
e_e002782,central,3,21,0,0,0,0,30,여,1;3;3;4;3;3;4;5,11,41820;42210;50130,,,,,
e_e002784,central,3,1,0,0,0,0,20,여,6;3;2;3;4;6;2;5,27,11200;26170;47110,,,,,
e_e002786,central,2,2,0,0,0,0,30,여,1;1;1;7;7;7;1;7,11,42150;41820;11215,,,,,
e_e002793,central,2,10,0,0,0,0,40,남,1;3;3;3;4;2;4;3,11,50130;42170;47750,,,,,
e_e002800,central,3,2,0,0,0,0,60,여,4;4;1;5;6;4;6;7,43,43110;50130;42150,,,,,
e_e002812,central,3,1,0,0,0,0,30,남,3;3;4;3;2;4;3;6,29,50130;11680;26350,,,,,
e_e002915,central,3,25,0,0,0,0,20,여,3;2;3;3;2;3;4;3,11,42150;46150;26350,,,,,
e_e002916,central,3,22,0,0,0,0,30,여,4;1;1;1;1;1;1;4,45,11440;45110;29110,,,,,
e_e002922,central,2,1,0,0,0,0,30,남,2;5;3;3;3;5;3;6,11,41460;44270;41450,,,,,
e_e002923,central,3,22,0,0,0,0,40,여,4;1;7;1;3;4;1;7,41,42210;42760;26350,,,,,
e_e002925,central,2,2,0,0,0,0,60,남,1;5;1;4;3;3;4;3,11,42820;42130;27290,,,,,
e_e002928,central,3,12,0,0,0,0,30,여,4;1;1;1;4;2;3;7,11,50130;41630;43110,,,,,
e_e002931,central,2,25,0,0,0,0,50,남,1;1;1;1;4;6;1;7,41,42830;26350;50130,,,,,
e_e002932,central,2,1,0,0,0,0,60,여,1;4;5;2;1;6;6;5,41,41820;42150;47940,,,,,
e_e002935,central,3,23,0,0,0,0,30,여,1;2;2;4;4;2;2;7,11,41110;41590;41820,,,,,
e_e002937,central,3,21,0,0,0,0,20,여,3;3;3;3;3;2;4;3,11,42150;50110;41360,,,,,
e_e002938,central,2,1,0,0,0,0,20,여,3;3;4;4;3;3;3;3,44,26500;27230;42130,,,,,
e_e002939,central,3,22,0,0,0,0,30,여,3;2;2;4;3;2;2;6,41,50130;42150;26500,,,,,
e_e002940,central,3,2,0,0,0,0,30,여,4;1;2;5;4;4;3;4,41,50130;47110;42150,,,,,
e_e002949,central,2,5,0,0,0,0,40,여,3;3;6;1;2;2;6;2,41,42150;50110;42210,,,,,
e_e002957,central,3,1,0,0,0,0,40,남,4;7;6;1;1;3;5;4,41,11110;42150;50110,,,,,
e_e002958,central,3,22,0,0,0,0,30,여,3;1;1;2;6;1;7;6,11,26710;50110;50130,,,,,
e_e002965,central,3,1,0,0,0,0,30,남,2;1;3;2;3;1;6;4,41,42230;41360;11290,,,,,
e_e002972,central,2,1,0,0,0,0,30,여,4;5;6;3;1;4;5;1,26,11710;46130;46150,,,,,
e_e002973,central,3,22,0,0,0,0,60,여,4;2;4;3;2;4;5;2,11,42210;41820;26350,,,,,
e_e002976,central,3,1,0,0,0,0,30,여,1;2;4;2;2;4;6;1,26,11260;30140;47820,,,,,
e_e002980,central,3,27,0,0,0,0,20,남,5;3;5;3;2;3;4;2,41,41590;30170;26290,,,,,
e_e002981,central,2,21,0,0,0,0,60,여,2;2;2;3;3;3;2;6,41,42150;50130;26350,,,,,
e_e002984,central,2,5,0,0,0,0,20,여,1;1;1;4;5;3;3;6,11,47130;42820;48310,,,,,
e_e002985,central,2,1,0,0,0,0,40,남,4;3;3;4;4;4;6;2,41,11140;41590;41110,,,,,
e_e002986,central,3,1,0,0,0,0,20,남,4;4;3;3;4;3;3;6,11,50110;42150;11140,,,,,
e_e002987,central,2,1,0,0,0,0,30,여,1;3;1;2;2;3;1;6,41,48840;50130;26350,,,,,
e_e002991,central,3,22,0,0,0,0,40,여,2;2;4;5;6;4;2;6,41,41110;26440;50130,,,,,
e_e003000,central,2,4,0,0,0,0,20,여,7;4;3;4;1;5;3;4,11,26350;42150;42210,,,,,
e_e003001,central,3,1,0,0,0,0,30,여,2;2;2;4;4;6;2;5,29,50110;50130;11110,,,,,
e_e003002,central,3,11,0,0,0,0,30,남,6;6;2;2;4;5;6;7,41,41630;41570;28710,,,,,
e_e003003,central,2,1,0,0,0,0,60,남,4;3;2;3;1;1;1;7,11,11680;42830;27290,,,,,
e_e003004,central,3,22,0,0,0,0,30,남,4;2;2;4;3;4;2;7,41,42150;42210;50130,,,,,
e_e003006,central,2,12,0,0,0,0,30,남,6;1;1;6;1;6;2;1,41,26350;41130;29110,,,,,
e_e003017,central,3,1,0,0,0,0,30,남,5;3;4;4;4;5;5;5,44,46900;41460;47130,,,,,
e_e003019,central,2,1,0,0,0,0,30,남,1;1;1;5;2;2;3;2,28,48840;42770;42820,,,,,
e_e003020,central,3,2,0,0,0,0,20,남,1;4;1;5;6;2;6;6,29,50130;42150;26350,,,,,
e_e003022,central,3,23,0,0,0,0,30,여,2;2;4;2;2;6;6;6,11,42210;47130;26350,,,,,
e_e003023,central,3,8,0,0,0,0,40,남,1;1;1;1;1;4;6;4,11,42150;41650;47130,,,,,
e_e003025,central,2,2,0,0,0,0,60,남,2;6;5;2;2;5;3;2,41,41830;41500;42810,,,,,
e_e003033,central,3,2,0,0,0,0,30,남,3;2;2;5;3;2;3;6,43,11620;43800;42800,,,,,
e_e003034,central,3,2,0,0,0,0,20,남,2;2;2;2;2;2;2;7,11,26350;42150;41110,,,,,
e_e003039,central,3,1,0,0,0,0,30,여,2;1;7;2;2;7;4;5,41,41820;42830;42150,,,,,
e_e003040,central,2,1,0,0,0,0,40,남,4;4;3;2;6;5;6;2,41,42210;42820;50130,,,,,
e_e003045,central,2,1,0,0,0,0,30,여,4;6;4;3;1;4;3;2,41,42210;11110;11215,,,,,
e_e003051,central,3,22,0,0,0,0,60,남,7;6;5;7;4;5;6;1,41,11170;41220;44230,,,,,
e_e003056,central,2,22,0,0,0,0,20,여,4;1;1;2;3;4;1;7,41,50130;50110;26350,,,,,
e_e003062,central,3,1,0,0,0,0,30,남,1;1;4;3;1;2;7;1,28,26350;42210;41820,,,,,
e_e003065,central,2,1,0,0,0,0,50,여,3;6;6;2;2;5;3;3,11,42110;41280;41480,,,,,
e_e003068,central,2,1,0,0,0,0,40,남,4;6;2;7;4;2;6;4,41,11500;26230;50130,,,,,
e_e003071,central,3,2,0,0,0,0,20,남,2;1;3;4;3;5;6;7,46,47130;42150;46130,,,,,
e_e003073,central,3,1,0,0,0,0,20,여,6;4;4;2;3;4;7;5,11,50130;42720;42230,,,,,
e_e003079,central,3,12,0,0,0,0,30,여,1;1;1;2;1;3;1;7,27,27140;50110;42150,,,,,
e_e003080,central,3,8,0,0,0,0,30,남,1;1;7;1;1;1;1;7,11,50110;42820;41830,,,,,
e_e003083,central,2,1,0,0,0,0,40,여,4;5;1;2;4;1;1;7,41,11110;50130;26140,,,,,
e_e003086,central,3,1,0,0,0,0,20,여,3;1;2;3;2;2;7;5,11,28185;26350;50130,,,,,
e_e003095,central,2,2,0,0,0,0,30,남,1;1;2;4;3;4;3;6,41,42750;41590;41480,,,,,
e_e003097,central,2,28,0,0,0,0,20,남,2;2;4;3;1;2;7;2,41,42150;11110;26350,,,,,
e_e003102,central,3,1,0,0,0,0,30,남,5;3;6;3;2;3;6;2,11,30140;50130;26110,,,,,
e_e003103,central,2,2,0,0,0,0,30,여,7;7;1;1;6;2;1;7,41,41820;42720;48870,,,,,
e_e003107,central,3,2,0,0,0,0,50,남,4;7;7;7;7;7;4;7,11,50130;26350;48220,,,,,
e_e003109,central,3,24,0,0,0,0,40,남,1;1;1;1;1;1;7;7,11,50110;26350;42150,,,,,
e_e003115,central,3,2,0,0,0,0,30,여,2;1;4;3;4;2;2;6,41,41820;42110;46790,,,,,
e_e003116,central,2,1,0,0,0,0,20,여,4;2;3;2;1;2;2;5,28,50130;42150;26500,,,,,
e_e003120,central,3,22,0,0,0,0,30,여,5;1;1;3;5;3;6;6,11,50130;42150;26350,,,,,
e_e003126,central,3,1,0,0,0,0,20,여,1;6;1;4;4;6;6;5,41,42150;50130;42210,,,,,
e_e003133,central,2,21,0,0,0,0,40,남,4;4;2;6;6;2;6;6,28,44825;42150;42210,,,,,
e_e003137,central,2,5,0,0,0,0,20,여,2;2;5;2;1;2;6;7,11,50130;42150;41360,,,,,
e_e003138,central,2,2,0,0,0,0,40,남,1;1;1;7;1;1;7;7,11,50110;48840;45110,,,,,
e_e003143,central,3,1,0,0,0,0,20,여,6;7;1;3;1;6;2;7,26,42150;47770;11680,,,,,
e_e003150,central,3,8,0,0,0,0,30,여,1;4;4;3;1;7;1;1,41,42210;28710;41830,,,,,
e_e003156,central,3,1,0,0,0,0,40,여,4;1;2;4;3;4;2;6,41,42210;41480;28710,,,,,
e_e003158,central,2,21,0,0,0,0,20,여,3;4;2;2;1;2;2;4,11,42150;46150;41820,,,,,
e_e003159,central,3,21,0,0,0,0,40,남,4;4;4;4;4;4;4;4,41,50130;50110;42210,,,,,
e_e003162,central,3,1,0,0,0,0,30,여,4;6;2;1;1;6;6;5,26,50130;50110;47130,,,,,
e_e003172,central,3,1,0,0,0,0,30,여,1;1;3;2;2;2;7;3,41,50130;42830;11680,,,,,
e_e003175,central,3,11,0,0,0,0,30,여,2;1;2;1;2;2;6;6,41,42210;42760;50130,,,,,
e_e003180,central,2,1,0,0,0,0,30,남,4;2;1;2;4;2;3;4,28,41190;11110;45110,,,,,
e_e003184,central,3,8,0,0,0,0,20,여,1;2;2;1;5;5;5;7,28,41820;42110;50110,,,,,
e_e003190,central,3,2,0,0,0,0,20,남,5;1;2;2;2;3;4;4,11,42210;41820;26110,,,,,
e_e003194,central,3,3,0,0,0,0,40,여,2;2;2;5;6;5;6;2,41,50130;11110;41360,,,,,
e_e003196,central,3,1,0,0,0,0,20,여,5;2;2;1;2;4;3;5,41,50130;42150;11140,,,,,
e_e003198,central,3,1,0,0,0,0,20,남,6;2;4;1;7;6;1;7,11,41460;41210;26290,,,,,
e_e003199,central,2,1,0,0,0,0,30,여,7;2;2;1;1;4;2;6,41,11440;50130;30140,,,,,
e_e003202,central,3,22,0,0,0,0,20,남,4;1;1;1;1;1;3;5,41,11170;26350;28245,,,,,
e_e003204,central,2,21,0,0,0,0,20,남,2;1;1;3;2;1;3;7,41,11110;11560;41110,,,,,
e_e003205,central,3,1,0,0,0,0,20,여,6;6;2;3;3;3;6;7,41,50110;26290;42150,,,,,
e_e003206,central,2,21,0,0,0,0,30,여,4;2;1;2;5;2;5;6,11,50130;44150;48840,,,,,
e_e003210,central,3,21,0,0,0,0,20,여,2;2;1;2;4;2;5;6,11,50130;28260;41820,,,,,
e_e003212,central,3,21,0,0,0,0,30,여,2;2;6;2;1;2;2;3,41,42230;44825;28185,,,,,
e_e003222,central,3,24,0,0,0,0,20,여,2;1;1;2;2;6;1;7,11,41480;26350;50130,,,,,
e_e003223,central,3,1,0,0,0,0,30,여,6;2;2;2;3;5;5;6,30,50110;26350;11200,,,,,
e_e003227,central,3,2,0,0,0,0,30,남,2;7;2;3;1;6;6;7,41,41820;28710;50130,,,,,
e_e003230,central,3,6,0,0,0,0,30,여,4;4;3;1;4;4;1;4,29,11440;46820;30200,,,,,
e_e003231,central,2,1,0,0,0,0,30,여,3;1;2;3;4;2;7;6,11,50130;26500;50110,,,,,
e_e003235,central,3,2,0,0,0,0,30,여,1;3;3;1;4;4;1;7,28,42230;48730;44825,,,,,
e_e003237,central,3,21,0,0,0,0,30,여,1;1;4;2;1;2;3;6,28,50130;42210;26350,,,,,
e_e003241,central,3,2,0,0,0,0,30,남,6;4;1;2;2;3;6;2,41,50130;26350;42150,,,,,
e_e003245,central,3,1,0,0,0,0,20,남,1;1;1;1;1;1;2;6,27,47130;47110;42830,,,,,
e_e003251,central,3,21,0,0,0,0,20,남,3;3;2;4;5;2;3;6,41,11440;42170;44270,,,,,
e_e003258,central,2,2,0,0,0,0,30,남,6;2;2;2;3;1;1;2,11,42210;41290;41360,,,,,
e_e003259,central,2,1,0,0,0,0,20,여,5;5;3;5;3;3;3;6,28,11410;11710;44130,,,,,
e_e003262,central,2,26,0,0,0,0,20,여,3;2;2;4;2;3;1;6,41,50110;42150;11170,,,,,
e_e003267,central,3,2,0,0,0,0,40,남,2;1;2;4;1;2;7;2,41,41630;41650;41800,,,,,
e_e003269,central,2,5,0,0,0,0,40,여,2;6;4;4;4;6;2;4,11,42820;42760;41460,,,,,
e_e003271,central,2,2,0,0,0,0,40,여,4;6;1;2;4;6;2;4,11,42150;26350;46130,,,,,
e_e003272,central,3,1,0,0,0,0,30,남,1;1;1;4;1;4;4;7,42,28177;11680;28200,,,,,
e_e003275,central,2,22,0,0,0,0,60,남,2;6;4;2;2;4;4;3,11,41650;46780;48270,,,,,
e_e003276,central,2,21,0,0,0,0,60,여,1;6;2;3;6;3;6;4,41,41460;42110;50130,,,,,
e_e003278,central,3,3,0,0,0,0,40,여,1;1;1;1;1;1;1;7,11,41280;26290;42830,,,,,
e_e003279,central,2,2,0,0,0,0,20,남,1;1;1;4;4;4;4;4,11,11710;41360;27110,,,,,
e_e003280,central,3,1,0,0,0,0,20,여,2;1;1;1;4;5;1;6,28,41820;50110;26350,,,,,
e_e003282,central,2,1,0,0,0,0,20,여,2;1;2;3;4;4;5;6,11,26500;50110;45110,,,,,
e_e003283,central,2,1,0,0,0,0,20,남,2;6;4;1;1;4;1;6,44,42170;46150;48220,,,,,
e_e003285,central,3,22,0,0,0,0,20,여,2;2;2;3;2;3;2;2,44,50130;50110;42820,,,,,
e_e003288,central,2,2,0,0,0,0,20,여,7;1;1;3;7;2;1;5,41,42150;28110;26350,,,,,
e_e003289,central,3,1,0,0,0,0,20,남,2;3;2;5;5;4;6;6,28,42210;47130;47110,,,,,
e_e003291,central,3,8,0,0,0,0,20,여,2;2;2;3;5;3;5;7,41,50110;26350;41820,,,,,
e_e003293,central,3,1,0,0,0,0,40,남,3;5;2;2;1;6;3;7,41,41110;11680;41450,,,,,
e_e003294,central,3,22,0,0,0,0,20,남,1;1;1;6;2;2;1;7,41,41150;47900;47170,,,,,
e_e003296,central,3,1,0,0,0,0,30,여,1;1;1;3;4;3;3;6,11,41820;42150;42110,,,,,
e_e003297,central,2,1,0,0,0,0,20,남,1;1;1;1;2;1;1;7,41,42210;41820;42110,,,,,
e_e003298,central,2,11,0,0,0,0,30,여,5;6;1;2;6;1;2;5,41,42720;41270;11710,,,,,
e_e003300,central,3,6,0,0,0,0,20,여,2;3;2;3;4;4;3;3,27,26710;47110;47820,,,,,
e_e003303,central,2,22,0,0,0,0,20,여,2;2;2;6;6;2;6;7,11,42170;50110;26350,,,,,
e_e003307,central,2,21,0,0,0,0,50,남,6;1;1;3;5;4;3;2,41,11110;50130;42820,,,,,
e_e003308,central,2,1,0,0,0,0,30,여,2;2;1;1;1;1;4;2,11,42210;50130;26710,,,,,
e_e003311,central,3,11,0,0,0,0,30,남,2;3;1;3;2;1;1;6,28,41820;42110;50130,,,,,
e_e003314,central,2,28,0,0,0,0,30,남,1;5;5;1;1;6;2;2,41,11440;42150;41450,,,,,
e_e003323,central,2,22,0,0,0,0,20,남,4;4;2;3;5;4;3;7,42,11230;50110;11110,,,,,
e_e003324,central,3,2,0,0,0,0,40,여,3;1;5;5;5;4;5;5,28,50130;50110;42210,,,,,
e_e003326,central,3,22,0,0,0,0,30,여,1;1;5;1;4;2;5;3,11,48840;50130;42210,,,,,
e_e003328,central,3,28,0,0,0,0,30,여,2;2;6;5;6;2;2;2,41,42210;41820;41250,,,,,
e_e003329,central,3,23,0,0,0,0,60,남,6;2;1;2;2;1;4;6,41,41460;42760;11110,,,,,
e_e003330,central,2,6,0,0,0,0,30,여,2;2;1;3;2;2;7;7,30,11680;27260;50130,,,,,
e_e003331,central,3,8,0,0,0,0,60,여,1;1;1;1;1;4;1;7,11,42150;41820;50110,,,,,
e_e003332,central,3,2,0,0,0,0,30,남,1;4;4;4;4;4;6;1,41,41820;42210;26350,,,,,
e_e003334,central,2,2,0,0,0,0,30,남,6;2;6;2;2;4;7;4,11,42210;26350;42150,,,,,
e_e003335,central,3,1,0,0,0,0,20,여,6;1;2;2;5;5;6;7,26,50130;50110;11680,,,,,
e_e003336,central,3,1,0,0,0,0,20,여,2;2;1;2;4;4;2;5,43,50130;26500;46150,,,,,
e_e003337,central,2,1,0,0,0,0,30,여,1;1;2;1;3;1;1;7,11,42210;42170;48310,,,,,
e_e003341,central,3,22,0,0,0,0,20,여,2;3;1;1;4;4;3;6,41,50130;44180;41360,,,,,
e_e003342,central,3,22,0,0,0,0,20,여,6;2;2;2;4;2;6;7,28,11140;28110;50130,,,,,
e_e003348,central,2,22,0,0,0,0,30,남,1;2;1;5;5;2;4;2,11,47940;42820;50110,,,,,
e_e003349,central,3,2,0,0,0,0,20,여,4;2;4;5;2;4;6;1,30,30140;41360;11200,,,,,
e_e003356,central,3,13,0,0,0,0,30,남,4;2;4;2;2;4;2;6,11,42150;41820;48220,,,,,
e_e003357,central,3,1,0,0,0,0,20,남,4;2;1;4;4;2;5;4,41,50130;42150;26710,,,,,
e_e003360,central,3,22,0,0,0,0,20,남,6;2;1;1;5;5;2;3,11,42170;47130;42150,,,,,
e_e003364,central,2,1,0,0,0,0,20,여,6;2;4;5;2;5;5;5,11,50110;26500;28260,,,,,
e_e003369,central,3,1,0,0,0,0,40,남,5;5;1;4;7;4;2;4,43,41110;11650;42130,,,,,
e_e003371,central,3,1,0,0,0,0,30,남,7;1;6;3;2;6;6;3,47,50130;11680;46170,,,,,
e_e003378,central,3,1,0,0,0,0,60,여,2;1;6;1;1;3;6;6,41,42150;26260;41280,,,,,
e_e003380,central,3,6,0,0,0,0,20,남,5;3;5;4;5;4;5;5,45,45110;42150;11110,,,,,
e_e003381,central,2,2,0,0,0,0,30,여,3;4;2;4;4;2;3;6,41,41170;41820;27140,,,,,
e_e003383,central,2,1,0,0,0,0,20,여,5;3;3;2;2;4;4;2,41,42150;48310;26110,,,,,
e_e003386,central,3,10,0,0,0,0,20,여,4;1;2;2;1;6;4;6,11,50130;42150;26500,,,,,
e_e003388,central,3,10,0,0,0,0,20,남,4;4;4;4;4;4;4;4,41,46130;27260;46170,,,,,
e_e003394,central,2,2,0,0,0,0,30,여,2;4;4;3;4;4;5;5,11,41280;42210;41820,,,,,
e_e003400,central,3,4,0,0,0,0,20,여,1;3;2;4;7;4;6;7,11,42820;50130;43800,,,,,
e_e003402,central,3,1,0,0,0,0,20,여,1;1;6;5;2;3;7;7,43,50110;48840;42150,,,,,
e_e003407,central,2,1,0,0,0,0,30,남,5;3;6;3;1;7;1;6,41,42150;28185;50110,,,,,
e_e003408,central,2,1,0,0,0,0,20,남,4;3;3;3;3;6;3;3,41,50130;41820;42210,,,,,
e_e003409,central,3,22,0,0,0,0,30,여,1;1;1;4;4;4;7;7,43,50130;48310;46150,,,,,
e_e003411,central,3,2,0,0,0,0,30,여,1;1;1;4;1;1;7;7,30,50130;26350;42170,,,,,
e_e003412,central,2,1,0,0,0,0,60,남,1;1;1;3;6;1;6;5,41,42150;41820;26350,,,,,
e_e003413,central,2,1,0,0,0,0,30,여,6;4;6;6;5;6;5;6,27,26350;11620;30110,,,,,
e_e003415,central,2,21,0,0,0,0,40,남,2;4;3;3;2;2;2;6,41,42210;26350;42110,,,,,
e_e003416,central,2,1,0,0,0,0,20,여,5;6;5;4;5;3;3;5,41,26500;11680;31110,,,,,
e_e003417,central,3,6,0,0,0,0,20,남,5;1;1;1;7;7;7;1,41,42150;50130;26350,,,,,
e_e003419,central,2,12,0,0,0,0,20,여,1;2;1;5;5;5;5;6,28,28710;42150;50110,,,,,
e_e003431,central,3,12,0,0,0,0,20,여,4;2;2;2;6;5;2;5,48,26500;47130;11215,,,,,
e_e003433,central,2,5,0,0,0,0,30,남,4;1;2;2;5;6;5;7,41,42150;42760;26350,,,,,
e_e003434,central,2,2,0,0,0,0,40,여,5;6;6;3;6;6;2;4,41,42760;41460;41130,,,,,
e_e003435,central,2,1,0,0,0,0,30,여,5;5;5;2;5;4;2;5,41,41210;41610;11680,,,,,
e_e003438,central,2,24,0,0,0,0,20,여,3;4;2;2;6;2;2;7,41,26350;11710;41460,,,,,
e_e003439,central,3,1,0,0,0,0,20,여,2;5;2;2;2;2;2;6,43,11680;30170;26320,,,,,
e_e003440,central,3,13,0,0,0,0,60,여,2;2;4;1;2;5;5;1,46,42150;43800;11110,,,,,
e_e003442,central,3,1,0,0,0,0,40,여,2;2;2;3;3;3;2;7,11,50130;42210;48840,,,,,
e_e003449,central,2,13,0,0,0,0,60,여,1;5;4;2;2;3;4;4,11,41360;41650;42780,,,,,
e_e003463,central,3,2,0,0,0,0,30,남,2;2;2;4;6;2;7;6,41,42210;42150;42110,,,,,
e_e003465,central,3,1,0,0,0,0,20,여,6;2;2;3;2;6;7;7,29,11680;26230;45110,,,,,
e_e003467,central,2,3,0,0,0,0,60,여,2;6;7;2;2;6;3;3,41,42830;41480;46130,,,,,
e_e003468,central,2,2,0,0,0,0,20,남,4;2;2;3;1;4;2;4,11,50110;42210;47170,,,,,
e_e003469,central,2,1,0,0,0,0,20,여,2;2;2;3;4;3;4;5,11,42150;26350;42210,,,,,
e_e003470,central,3,1,0,0,0,0,20,여,2;3;6;5;6;6;7;2,30,45110;11680;27140,,,,,
e_e003471,central,3,1,0,0,0,0,20,남,2;2;2;4;4;3;2;5,41,50130;50110;41820,,,,,
e_e003472,central,3,1,0,0,0,0,20,여,4;1;1;4;1;1;2;7,11,41820;41590;28177,,,,,
e_e003475,central,3,1,0,0,0,0,30,남,4;1;4;2;4;4;2;6,41,42150;50130;26350,,,,,
e_e003477,central,2,1,0,0,0,0,30,여,2;6;2;1;2;6;2;5,41,11680;50130;50110,,,,,
e_e003482,central,3,1,0,0,0,0,20,남,3;2;2;2;1;1;6;7,28,50130;50110;42150,,,,,
e_e003483,central,2,1,0,0,0,0,20,여,3;2;2;5;3;5;6;2,41,42830;26350;46900,,,,,
e_e003485,central,2,11,0,0,0,0,30,여,2;1;4;5;6;2;2;6,11,44825;42210;41830,,,,,
e_e003486,central,2,21,0,0,0,0,30,여,3;2;2;2;5;3;2;2,11,50130;42150;26350,,,,,
e_e003495,central,2,12,0,0,0,0,60,여,4;6;3;3;6;3;3;6,11,41830;41820;42830,,,,,
e_e003497,central,2,1,0,0,0,0,40,여,2;4;2;2;6;2;2;4,41,42210;27290;11620,,,,,
e_e003502,central,3,2,0,0,0,0,30,여,4;1;2;6;4;5;5;5,11,41820;41290;42210,,,,,
e_e003506,central,3,5,0,0,0,0,30,남,4;2;2;6;6;4;6;7,48,41110;30140;26260,,,,,
e_e003514,central,3,4,0,0,0,0,20,여,2;1;6;2;1;1;6;1,41,26410;42210;50110,,,,,
e_e003515,central,3,22,0,0,0,0,30,남,6;2;2;5;2;3;6;6,11,42830;50110;26350,,,,,
e_e003518,central,3,1,0,0,0,0,20,남,1;1;4;3;5;7;3;5,41,11110;41110;29140,,,,,
e_e003520,central,3,2,0,0,0,0,30,남,3;2;2;4;6;6;6;5,41,41110;47170;50130,,,,,
e_e003521,central,2,22,0,0,0,0,20,남,1;6;1;4;6;2;2;6,11,41360;42150;26200,,,,,
e_e003527,central,2,11,0,0,0,0,20,여,4;2;1;4;4;4;6;7,28,26350;42150;47130,,,,,
e_e003530,central,2,5,0,0,0,0,30,여,4;2;4;2;4;4;4;4,41,50110;41820;44180,,,,,
e_e003535,central,2,1,0,0,0,0,20,남,5;2;6;5;5;2;6;5,41,27140;11500;11350,,,,,
e_e003540,central,2,1,0,0,0,0,40,여,2;6;6;2;2;6;2;6,41,41480;42210;44825,,,,,
e_e003547,central,3,1,0,0,0,0,20,여,6;5;4;2;4;6;5;2,41,11680;42210;50110,,,,,
e_e003549,central,2,1,0,0,0,0,50,여,3;4;2;4;5;6;6;4,11,42210;41290;50130,,,,,
e_e003555,central,2,22,0,0,0,0,20,여,2;2;2;1;1;1;7;7,11,50110;42150;42830,,,,,
e_e003561,central,3,22,0,0,0,0,20,여,3;3;2;5;5;5;3;7,41,50110;26350;42210,,,,,
e_e003564,central,2,11,0,0,0,0,30,여,1;1;1;3;2;1;1;7,41,42210;48840;41480,,,,,
e_e003569,central,3,6,0,0,0,0,50,여,2;4;2;3;6;2;6;5,41,41590;44130;30110,,,,,
e_e003570,central,3,21,0,0,0,0,20,여,6;1;2;2;6;4;2;7,29,50130;50110;11140,,,,,
e_e003572,central,3,1,0,0,0,0,20,남,4;2;2;3;2;2;3;6,29,11440;50130;26710,,,,,
e_e003574,central,2,6,0,0,0,0,30,여,6;2;1;6;6;7;6;2,41,42150;11440;26500,,,,,
e_e003576,central,3,12,0,0,0,0,20,여,2;1;1;1;1;1;5;7,41,50130;26500;42230,,,,,
e_e003580,central,2,21,0,0,0,0,40,여,2;2;1;2;4;2;6;6,11,42830;41360;26350,,,,,
e_e003582,central,2,1,0,0,0,0,50,여,7;7;5;2;4;5;6;7,41,41430;41460;41390,,,,,
e_e003589,central,3,21,0,0,0,0,40,여,1;1;3;6;2;5;6;4,11,41360;42150;42830,,,,,
e_e003591,central,3,23,0,0,0,0,20,여,4;2;3;2;4;3;6;6,41,50130;26350;42830,,,,,
e_e003593,central,2,22,0,0,0,0,20,여,4;3;2;3;3;5;1;7,41,50110;42150;26350,,,,,
e_e003596,central,2,2,0,0,0,0,40,남,1;1;1;6;7;1;7;7,11,41820;28710;41110,,,,,
e_e003602,central,2,1,0,0,0,0,30,여,4;5;3;4;5;5;4;5,41,42210;47130;28710,,,,,
e_e003603,central,3,1,0,0,0,0,20,남,4;1;1;4;6;7;4;6,11,42150;50110;50130,,,,,
e_e003609,central,2,22,0,0,0,0,20,남,4;2;2;2;2;2;2;2,41,11680;50110;26320,,,,,
e_e003611,central,3,22,0,0,0,0,20,여,1;1;4;6;7;1;7;7,29,11440;50130;42150,,,,,
e_e003614,central,3,1,0,0,0,0,30,남,2;2;2;2;2;6;2;6,41,42210;44210;41360,,,,,
e_e003615,central,2,11,0,0,0,0,30,여,4;2;2;5;6;4;1;7,41,46130;42150;50110,,,,,
e_e003617,central,3,1,0,0,0,0,30,여,6;1;3;2;2;5;5;3,41,50130;50110;27110,,,,,
e_e003618,central,3,1,0,0,0,0,30,여,1;3;4;4;3;2;3;7,11,50130;42830;26350,,,,,
e_e003620,central,2,6,0,0,0,0,40,여,4;2;1;3;6;1;7;6,11,42150;41110;41450,,,,,
e_e003627,central,2,1,0,0,0,0,40,남,1;1;1;4;4;3;1;4,11,41570;41480;41670,,,,,
e_e003628,central,2,1,0,0,0,0,20,여,4;1;4;4;6;4;2;4,11,11170;50110;48120,,,,,
e_e003630,central,2,22,0,0,0,0,20,남,6;6;6;2;2;7;2;6,41,11110;11440;26110,,,,,
e_e003632,central,3,1,0,0,0,0,20,남,4;1;1;1;1;7;7;7,30,50110;50130;42150,,,,,
e_e003638,central,2,13,0,0,0,0,20,여,5;4;4;4;5;3;5;7,41,42230;41630;42110,,,,,
e_e003640,central,3,1,0,0,0,0,20,여,6;1;1;3;7;1;7;6,27,26500;46130;50130,,,,,
e_e003643,central,3,1,0,0,0,0,20,여,5;4;2;5;5;4;3;4,45,43110;45110;50130,,,,,
e_e003646,central,2,2,0,0,0,0,20,여,4;3;3;5;6;2;2;7,41,42150;50130;44130,,,,,
e_e003648,central,2,1,0,0,0,0,30,남,1;3;1;3;4;1;2;6,30,50130;26200;42230,,,,,
e_e003657,central,3,22,0,0,0,0,20,여,5;3;3;2;7;2;3;2,11,28245;41190;26710,,,,,
e_e003663,central,3,1,0,0,0,0,60,여,1;4;2;4;1;2;4;6,30,44770;44825;44180,,,,,
e_e003664,central,2,1,0,0,0,0,20,남,6;2;3;3;2;4;2;5,41,26350;42210;45110,,,,,
e_e003669,central,3,1,0,0,0,0,20,여,7;4;3;2;6;4;4;2,27,11110;42210;27110,,,,,
e_e003673,central,3,1,0,0,0,0,20,남,4;4;5;5;3;5;5;5,41,41820;48250;26440,,,,,
e_e003675,central,2,1,0,0,0,0,30,남,1;1;3;3;6;4;6;6,41,42150;50130;45110,,,,,
e_e003677,central,2,22,0,0,0,0,60,남,4;4;1;1;1;7;1;7,41,42150;44825;26350,,,,,
e_e003678,central,2,21,0,0,0,0,60,여,2;2;5;2;2;2;1;6,11,42820;50130;46130,,,,,
e_e003679,central,3,1,0,0,0,0,30,남,2;1;1;7;3;2;7;3,41,26230;46150;47130,,,,,
e_e003682,central,2,1,0,0,0,0,20,여,4;2;5;2;2;6;6;6,28,26500;50130;50110,,,,,
e_e003684,central,2,3,0,0,0,0,20,여,4;4;2;6;6;4;6;4,11,45130;48220;28710,,,,,
e_e003686,central,2,1,0,0,0,0,40,여,3;5;4;1;5;4;4;7,11,41290;41170;41500,,,,,
e_e003693,central,2,1,0,0,0,0,20,여,2;2;4;2;4;3;3;7,41,42150;50110;26350,,,,,
e_e003698,central,2,25,0,0,0,0,40,여,4;4;4;4;4;4;4;4,41,41820;42820;41360,,,,,
e_e003699,central,2,21,0,0,0,0,20,여,2;3;2;4;4;2;3;2,11,41360;42210;41830,,,,,
e_e003700,central,3,24,0,0,0,0,20,남,5;6;3;2;3;6;6;5,27,26350;26200;11230,,,,,
e_e003701,central,2,22,0,0,0,0,20,남,2;3;1;3;2;1;1;7,28,11200;11440;11560,,,,,
e_e003702,central,2,13,0,0,0,0,30,남,4;5;3;6;2;3;2;3,41,41450;42150;11680,,,,,
e_e003707,central,2,1,0,0,0,0,20,남,5;5;3;6;2;5;2;6,47,11440;45130;50110,,,,,
e_e003716,central,3,22,0,0,0,0,20,여,2;2;5;5;4;6;6;7,41,44200;42150;41820,,,,,
e_e003717,central,3,8,0,0,0,0,30,여,4;6;7;4;6;7;7;4,28,41110;11710;44270,,,,,
e_e003721,central,3,2,0,0,0,0,30,여,3;2;3;4;3;4;2;7,11,41820;42210;50130,,,,,
e_e003724,central,3,1,0,0,0,0,20,여,5;3;2;4;3;3;3;4,41,50130;42210;26350,,,,,
e_e003725,central,2,27,0,0,0,0,20,여,3;4;2;2;6;3;3;4,11,11680;50110;42150,,,,,
e_e003726,central,3,5,0,0,0,0,40,남,4;4;6;2;4;4;7;5,42,42150;42210;11470,,,,,
e_e003727,central,3,1,0,0,0,0,30,여,2;5;2;2;4;2;3;4,11,42150;11170;41550,,,,,
e_e003729,central,2,1,0,0,0,0,20,여,6;4;3;2;2;5;6;6,41,11440;26350;50130,,,,,
e_e003737,central,3,2,0,0,0,0,20,남,6;1;4;2;2;6;1;7,11,41460;11350;41360,,,,,
e_e003741,central,2,1,0,0,0,0,20,여,2;1;3;2;3;2;1;6,41,42150;26350;42210,,,,,
e_e003744,central,3,1,0,0,0,0,20,여,4;2;2;2;4;2;2;6,11,41590;50110;26350,,,,,
e_e003749,central,3,2,0,0,0,0,40,남,2;2;2;4;3;4;2;6,11,50130;42210;48310,,,,,
e_e003753,central,2,1,0,0,0,0,30,여,2;4;2;1;4;4;6;6,11,41820;41360;41830,,,,,
e_e003758,central,3,1,0,0,0,0,20,여,5;1;2;1;2;2;1;3,41,42150;11440;26170,,,,,
e_e003761,central,3,1,0,0,0,0,20,남,2;2;3;6;5;3;3;3,41,41500;41110;42110,,,,,
e_e003765,central,3,2,0,0,0,0,20,남,4;1;1;1;4;1;3;7,44,11650;44760;44825,,,,,
e_e003767,central,2,1,0,0,0,0,30,남,7;1;1;1;1;4;7;7,11,41280;11680;42210,,,,,
e_e003773,central,3,26,0,0,0,0,30,남,1;1;5;2;1;4;7;7,41,42210;50130;28710,,,,,
e_e003775,central,2,1,0,0,0,0,30,여,2;2;1;2;2;3;3;6,41,26350;26710;50130,,,,,
e_e003777,central,3,22,0,0,0,0,30,여,5;3;2;4;3;5;3;6,47,47290;48120;26500,,,,,
e_e003779,central,2,21,0,0,0,0,20,여,3;3;2;4;3;3;5;4,41,42760;42150;42210,,,,,
e_e003781,central,3,1,0,0,0,0,20,남,6;1;1;6;4;2;6;4,11,26200;27200;28237,,,,,
e_e003783,central,3,23,0,0,0,0,30,여,2;2;2;6;3;2;2;2,41,11680;41550;26500,,,,,
e_e003791,central,2,1,0,0,0,0,20,여,3;3;1;2;2;2;6;5,11,42210;50110;26710,,,,,
e_e003792,central,3,2,0,0,0,0,50,남,2;3;5;5;6;4;4;4,41,42750;11290;43150,,,,,
e_e003795,central,2,1,0,0,0,0,20,여,4;2;2;2;2;2;1;4,41,26260;28710;41360,,,,,
e_e003797,central,3,6,0,0,0,0,20,여,5;3;5;2;4;6;2;3,11,41480;50130;42130,,,,,
e_e003799,central,2,28,0,0,0,0,30,남,3;4;3;4;3;3;3;4,28,47210;42150;41190,,,,,
e_e003803,central,2,21,0,0,0,0,60,남,1;7;4;6;1;4;6;6,41,42830;41590;41550,,,,,
e_e003807,central,2,21,0,0,0,0,30,남,2;1;3;2;3;3;5;3,11,26350;42830;42150,,,,,
e_e003808,central,3,1,0,0,0,0,30,남,6;1;6;2;2;6;2;6,26,50130;47130;11110,,,,,
e_e003809,central,2,22,0,0,0,0,30,여,6;2;6;1;5;2;2;5,41,42150;26530;50110,,,,,
e_e003810,central,2,26,0,0,0,0,30,여,1;1;1;1;1;1;1;6,28,50130;42150;47130,,,,,
e_e003817,central,3,21,0,0,0,0,60,여,1;1;1;1;1;1;1;7,28,41570;50130;28110,,,,,
e_e003819,central,3,2,0,0,0,0,20,여,3;1;1;2;5;2;6;7,47,11440;11560;28237,,,,,
e_e003821,central,2,1,0,0,0,0,30,여,4;4;3;1;6;4;1;6,27,11110;26350;50130,,,,,
e_e003826,central,3,1,0,0,0,0,40,남,2;2;3;4;3;3;2;2,41,42150;42210;42830,,,,,
e_e003830,central,2,21,0,0,0,0,30,남,3;4;3;2;2;4;3;5,41,41450;42150;27140,,,,,
e_e003833,central,2,1,0,0,0,0,30,여,4;4;1;4;4;1;1;7,41,11110;11680;41110,,,,,
e_e003834,central,2,1,0,0,0,0,30,남,2;2;2;3;4;3;5;5,41,47130;26350;11170,,,,,
e_e003840,central,3,1,0,0,0,0,20,여,1;1;2;6;1;1;3;5,11,50130;26200;42210,,,,,
e_e003842,central,2,1,0,0,0,0,60,남,3;6;4;4;3;5;3;3,28,28710;44825;41390,,,,,
e_e003843,central,2,1,0,0,0,0,40,여,4;2;6;2;2;6;1;6,28,42150;26350;27290,,,,,
e_e003844,central,2,1,0,0,0,0,60,여,4;4;4;3;3;4;3;3,11,42150;42210;41360,,,,,
e_e003845,central,3,2,0,0,0,0,20,남,1;1;1;1;1;1;1;7,41,42150;50110;28720,,,,,
e_e003848,central,2,1,0,0,0,0,20,여,2;2;2;6;2;3;2;4,41,41570;26500;42150,,,,,
e_e003850,central,3,1,0,0,0,0,30,남,4;1;1;1;1;7;1;5,41,42150;26350;46130,,,,,
e_e003853,central,2,3,0,0,0,0,20,여,7;7;4;7;4;7;2;7,41,11680;41460;11290,,,,,
e_e003855,central,3,1,0,0,0,0,20,여,3;1;2;6;6;6;6;7,28,50130;50110;41110,,,,,
e_e003856,central,3,6,0,0,0,0,30,여,4;4;4;3;5;4;3;4,41,50130;50110;42210,,,,,
e_e003857,central,3,27,0,0,0,0,30,남,1;4;1;7;4;1;7;7,41,41110;28185;47110,,,,,
e_e003858,central,3,1,0,0,0,0,20,여,7;1;1;1;1;7;1;7,41,50130;41110;41360,,,,,
e_e003867,central,3,1,0,0,0,0,20,여,3;1;3;2;5;6;2;4,28,42210;26350;50130,,,,,
e_e003868,central,2,22,0,0,0,0,40,남,2;6;6;2;2;6;2;7,41,41110;42150;43760,,,,,
e_e003870,central,3,2,0,0,0,0,60,남,3;3;4;4;3;4;5;5,11,41360;28710;41460,,,,,
e_e003882,central,2,2,0,0,0,0,20,여,4;3;1;4;7;3;1;6,41,11710;41110;41460,,,,,
e_e003885,central,3,1,0,0,0,0,20,여,1;2;2;6;6;3;5;7,11,42150;41820;28110,,,,,
e_e003886,central,3,2,0,0,0,0,40,여,2;2;2;2;2;5;2;6,41,46130;42150;50130,,,,,
e_e003887,central,2,10,0,0,0,0,30,남,2;3;1;6;6;2;2;1,41,11680;41590;30200,,,,,
e_e003891,central,3,2,0,0,0,0,30,여,4;1;1;3;5;5;2;6,11,42720;28260;26350,,,,,
e_e003892,central,3,21,0,0,0,0,20,남,1;1;1;5;6;2;5;6,41,26500;47130;11110,,,,,
e_e003894,central,2,1,0,0,0,0,20,여,1;4;1;1;1;2;7;1,28,11440;30200;26350,,,,,
e_e003896,central,3,1,0,0,0,0,40,여,1;1;1;2;1;3;6;7,44,42170;48240;26350,,,,,
e_e003898,central,3,22,0,0,0,0,30,여,1;1;4;2;4;6;2;6,41,50110;42210;41820,,,,,
e_e003900,central,2,1,0,0,0,0,20,여,3;2;1;2;4;4;6;6,28,26350;50110;47110,,,,,
e_e003906,central,2,6,0,0,0,0,20,여,3;2;3;4;4;3;5;5,28,50110;26350;11410,,,,,
e_e003909,central,2,2,0,0,0,0,30,남,2;2;3;2;3;2;2;6,11,11170;42130;26350,,,,,
e_e003915,central,2,8,0,0,0,0,20,남,1;2;2;5;2;2;4;5,11,50130;42230;42150,,,,,
e_e003928,central,3,1,0,0,0,0,20,여,1;1;2;3;2;3;5;2,41,47130;42830;50130,,,,,
e_e003929,central,2,6,0,0,0,0,40,여,5;5;5;4;5;5;4;6,41,42170;11230;48330,,,,,
e_e003933,central,2,4,0,0,0,0,30,남,1;4;2;2;1;4;6;4,28,50130;42820;11110,,,,,
e_e003935,central,2,1,0,0,0,0,30,남,4;1;3;5;3;3;5;5,44,11680;26350;42210,,,,,
e_e003937,central,2,1,0,0,0,0,40,여,1;7;1;3;7;6;2;7,41,42720;47290;41460,,,,,
e_e003945,central,3,1,0,0,0,0,20,여,1;2;1;6;2;1;6;7,11,26350;42830;50130,,,,,
e_e003949,central,2,22,0,0,0,0,40,여,2;2;2;4;4;4;3;3,41,42150;46130;50130,,,,,
e_e003958,central,3,1,0,0,0,0,20,남,4;4;4;4;6;5;5;5,41,42170;27230;47250,,,,,
e_e003963,central,3,1,0,0,0,0,60,여,4;4;4;4;4;3;4;3,41,41110;41370;26350,,,,,
e_e003965,central,2,1,0,0,0,0,20,남,3;2;2;5;5;6;7;5,41,50110;42110;28710,,,,,
e_e003967,central,3,1,0,0,0,0,20,남,3;2;5;2;6;2;1;5,41,41820;50130;48310,,,,,
e_e003968,central,3,1,0,0,0,0,20,여,3;2;5;3;1;6;2;2,11,50110;41360;11560,,,,,
e_e003971,central,2,11,0,0,0,0,60,남,2;4;3;4;5;4;5;3,11,11140;26200;42170,,,,,
e_e003975,central,3,2,0,0,0,0,60,남,2;1;2;3;6;1;2;6,11,50110;41820;42150,,,,,
e_e003976,central,2,2,0,0,0,0,40,여,1;3;2;2;4;4;4;2,11,50130;42150;44825,,,,,
e_e003978,central,2,8,0,0,0,0,50,남,2;3;2;3;4;6;1;7,11,44800;41360;42830,,,,,
e_e003980,central,3,1,0,0,0,0,20,여,2;2;2;3;2;2;5;2,41,41830;43800;43760,,,,,
e_e003992,central,2,2,0,0,0,0,30,여,3;3;2;2;2;3;2;3,11,42150;44200;41360,,,,,
e_e003996,central,3,6,0,0,0,0,30,남,7;1;5;7;1;7;6;4,41,11740;42170;43130,,,,,
e_e003997,central,2,1,0,0,0,0,30,여,5;3;4;4;3;5;5;4,28,11440;50110;11170,,,,,
e_e003998,central,2,1,0,0,0,0,40,여,3;4;2;4;6;2;2;6,41,42150;41110;11650,,,,,
e_e003999,central,2,1,0,0,0,0,30,남,4;4;4;4;4;4;4;4,11,50130;42210;46130,,,,,
e_e004005,central,3,3,0,0,0,0,20,여,2;1;2;2;3;5;2;6,30,42150;50130;48220,,,,,
e_e004010,central,3,21,0,0,0,0,30,남,4;3;3;5;5;2;6;3,11,42210;41570;28710,,,,,
e_e004013,central,2,2,0,0,0,0,20,남,2;2;2;6;2;2;2;6,41,50110;42150;46130,,,,,
e_e004017,central,3,1,0,0,0,0,20,여,1;1;1;4;1;1;1;4,11,42150;41650;41480,,,,,
e_e004020,central,3,2,0,0,0,0,30,여,7;1;1;1;1;1;1;7,36,11710;41460;30200,,,,,
e_e004027,central,2,21,0,0,0,0,50,남,1;1;1;3;6;2;2;6,11,50110;42150;42770,,,,,
e_e004033,central,2,1,0,0,0,0,20,여,2;3;2;2;4;4;2;7,41,50110;45110;26350,,,,,
e_e004037,central,3,1,0,0,0,0,20,여,5;1;5;2;1;4;6;4,47,11440;26350;47110,,,,,
e_e004042,central,3,2,0,0,0,0,30,남,3;2;2;4;4;4;6;4,11,50110;26350;46150,,,,,
e_e004044,central,3,1,0,0,0,0,20,남,5;2;2;4;6;3;2;6,41,11230;26260;41110,,,,,
e_e004048,central,3,2,0,0,0,0,60,남,1;7;1;5;1;6;7;6,41,42150;26350;46130,,,,,
e_e004050,central,2,1,0,0,0,0,30,여,4;3;2;1;6;5;2;7,11,41830;42150;46730,,,,,
e_e004051,central,2,1,0,0,0,0,60,남,2;2;2;6;1;2;5;6,41,43760;41830;43150,,,,,
e_e004053,central,2,1,0,0,0,0,30,여,1;2;3;4;4;2;2;3,11,46130;50130;42210,,,,,
e_e004057,central,2,2,0,0,0,0,40,여,2;2;2;5;6;3;5;7,41,41270;41390;42150,,,,,
e_e004058,central,2,3,0,0,0,0,30,여,4;4;4;4;3;4;6;5,11,50110;26200;47130,,,,,
e_e004062,central,3,22,0,0,0,0,20,남,4;4;5;2;3;4;1;7,41,50130;50110;11170,,,,,
e_e004066,central,2,1,0,0,0,0,20,여,4;4;1;4;6;4;3;4,27,26170;11440;27110,,,,,
e_e004071,central,3,23,0,0,0,0,20,여,2;4;6;4;2;4;3;4,41,45110;41170;42150,,,,,
e_e004072,central,2,1,0,0,0,0,20,남,5;2;2;3;2;3;2;3,41,42150;47130;26350,,,,,
e_e004073,central,3,8,0,0,0,0,20,남,4;2;1;3;5;3;3;6,41,26350;30200;50130,,,,,
e_e004074,central,3,1,0,0,0,0,20,여,6;2;1;6;2;6;7;1,41,11710;30140;41310,,,,,
e_e004076,central,3,10,0,0,0,0,60,여,2;3;1;6;7;1;4;6,41,41550;42150;41460,,,,,
e_e004084,central,2,21,0,0,0,0,20,여,2;2;7;5;5;5;5;2,41,11305;42230;48880,,,,,
e_e004087,central,3,1,0,0,0,0,60,여,1;1;1;3;6;4;3;5,41,50130;42150;26500,,,,,
e_e004100,central,3,12,0,0,0,0,30,남,1;1;1;1;1;1;1;1,11,50130;42150;41820,,,,,
e_e004101,central,2,1,0,0,0,0,40,남,3;5;3;3;5;5;3;5,42,42820;42210;11110,,,,,
e_e004105,central,2,22,0,0,0,0,20,남,4;4;3;3;4;4;5;4,11,42210;26350;50110,,,,,
e_e004107,central,2,24,0,0,0,0,40,남,2;2;1;1;1;4;5;4,28,42830;41800;50130,,,,,
e_e004114,central,2,1,0,0,0,0,60,남,3;3;3;2;2;1;3;2,11,42820;44825;46130,,,,,
e_e004116,central,2,2,0,0,0,0,30,여,3;4;2;1;4;2;5;6,41,48170;46720;50110,,,,,
e_e004122,central,3,1,0,0,0,0,30,여,7;4;1;4;6;4;2;7,11,41220;41590;11110,,,,,
e_e004132,central,2,21,0,0,0,0,60,여,6;6;6;6;6;5;6;6,11,41430;42150;50130,,,,,
e_e004135,central,2,22,0,0,0,0,30,남,1;1;1;6;6;6;2;6,41,42150;50130;41590,,,,,
e_e004141,central,3,23,0,0,0,0,20,남,2;1;1;1;2;2;6;7,30,43730;11560;46110,,,,,
e_e004142,central,3,21,0,0,0,0,30,남,4;4;5;4;4;5;3;5,41,41480;28710;28260,,,,,
e_e004146,central,3,2,0,0,0,0,20,여,1;3;1;2;6;1;1;6,11,42150;41460;41110,,,,,
e_e004148,central,3,11,0,0,0,0,20,남,2;2;1;5;2;3;2;5,11,11110;41110;42210,,,,,
e_e004149,central,3,1,0,0,0,0,20,여,7;2;2;2;1;5;1;7,41,42150;46870;46130,,,,,
e_e004151,central,2,22,0,0,0,0,20,여,3;5;4;4;5;4;3;3,41,11350;41150;42210,,,,,
e_e004154,central,2,22,0,0,0,0,20,여,2;1;2;2;1;7;7;7,41,42150;26500;45110,,,,,
e_e004162,central,3,23,0,0,0,0,20,남,4;2;1;3;5;4;3;5,43,11140;26350;50130,,,,,
e_e004165,central,2,1,0,0,0,0,20,여,4;2;1;4;5;5;1;5,11,46130;47130;26350,,,,,
e_e004166,central,2,2,0,0,0,0,20,남,2;4;1;7;5;2;4;7,11,41170;41110;11410,,,,,
e_e004168,central,2,12,0,0,0,0,20,여,4;2;3;3;2;5;2;6,41,42150;11110;48120,,,,,
e_e004172,central,3,21,0,0,0,0,30,여,1;1;2;3;3;2;2;5,44,11110;42130;46820,,,,,
e_e004173,central,3,22,0,0,0,0,20,남,6;3;3;3;2;6;2;5,44,41830;42830;48310,,,,,
e_e004174,central,3,23,0,0,0,0,20,남,1;1;1;4;4;1;2;7,11,41820;50130;42150,,,,,
e_e004187,central,2,1,0,0,0,0,30,여,2;6;2;3;6;6;1;6,11,50130;50110;42110,,,,,
e_e004190,central,3,21,0,0,0,0,40,여,1;1;2;3;5;6;2;6,11,41820;42110;28710,,,,,
e_e004194,central,2,2,0,0,0,0,20,남,2;3;2;6;7;3;6;1,41,41130;42130;11680,,,,,
e_e004195,central,2,5,0,0,0,0,50,여,1;1;4;2;2;2;1;7,11,28710;41670;44200,,,,,
e_e004205,central,2,1,0,0,0,0,20,여,4;4;2;3;3;4;2;5,11,50130;48310;47130,,,,,
e_e004207,central,3,8,0,0,0,0,40,여,1;2;3;1;1;4;2;5,41,50130;42150;28710,,,,,
e_e004214,central,2,21,0,0,0,0,50,남,2;4;2;4;4;2;2;4,41,42150;42210;50130,,,,,
e_e004219,central,3,1,0,0,0,0,30,여,3;1;3;1;1;4;6;1,45,50130;46130;42830,,,,,
e_e004222,central,2,1,0,0,0,0,30,여,3;6;1;2;6;1;7;6,41,26710;42210;50130,,,,,
e_e004225,central,2,1,0,0,0,0,40,남,5;4;4;6;3;6;4;5,11,41460;11215;46150,,,,,
e_e004228,central,2,2,0,0,0,0,30,남,4;4;2;1;4;5;2;7,11,41450;41310;41820,,,,,
e_e004230,central,2,22,0,0,0,0,30,여,6;2;2;2;2;2;5;6,11,11440;44130;27260,,,,,
e_e004234,central,3,22,0,0,0,0,40,남,4;2;2;6;7;5;2;6,41,42150;26710;45110,,,,,
e_e004237,central,2,21,0,0,0,0,40,남,2;2;6;5;2;6;5;6,41,41430;42210;50110,,,,,
e_e004238,central,3,1,0,0,0,0,30,여,5;1;3;3;1;5;5;5,41,41360;42210;41480,,,,,
e_e004240,central,3,1,0,0,0,0,20,여,4;1;4;1;1;4;1;7,11,50110;50130;26350,,,,,
e_e004241,central,3,1,0,0,0,0,50,여,1;4;3;2;1;2;4;2,41,42110;11590;41270,,,,,
e_e004243,central,3,1,0,0,0,0,30,남,3;2;1;2;2;4;6;6,29,50110;11680;26500,,,,,
e_e004245,central,2,24,0,0,0,0,30,남,3;5;4;2;2;2;1;5,28,11260;11170;11545,,,,,
e_e004247,central,3,1,0,0,0,0,20,여,3;5;2;1;2;5;6;7,41,26500;50130;50110,,,,,
e_e004251,central,3,21,0,0,0,0,20,여,1;1;1;6;2;4;3;7,41,41830;30110;28185,,,,,
e_e004254,central,3,1,0,0,0,0,20,남,4;5;3;3;5;5;4;5,41,42150;11680;26170,,,,,
e_e004256,central,3,3,0,0,0,0,60,여,2;2;2;3;2;2;2;2,47,42150;31200;50130,,,,,
e_e004268,central,3,1,0,0,0,0,30,남,2;2;4;3;2;4;5;5,41,42150;41460;48220,,,,,
e_e004281,central,3,9,0,0,0,0,20,여,3;2;3;3;2;5;6;5,41,26350;42150;41110,,,,,
e_e004288,central,3,22,0,0,0,0,50,여,2;1;2;4;5;3;4;2,41,46110;11110;42760,,,,,
e_e004291,central,3,1,0,0,0,0,20,남,3;1;1;2;1;6;4;7,11,50130;41590;42150,,,,,
e_e004294,central,2,5,0,0,0,0,30,남,4;5;3;4;5;5;5;7,11,42110;41110;48120,,,,,
e_e004295,central,2,1,0,0,0,0,20,여,6;2;4;1;3;4;6;2,41,11440;47930;46880,,,,,
e_e004300,central,3,22,0,0,0,0,20,남,2;4;2;5;3;2;6;2,41,11740;42130;26350,,,,,
e_e004304,central,2,1,0,0,0,0,20,남,5;5;5;4;3;3;5;5,41,44825;30170;11740,,,,,
e_e004309,central,3,27,0,0,0,0,60,여,2;2;2;3;1;1;2;2,41,42210;42830;42230,,,,,
e_e004310,central,2,1,0,0,0,0,40,남,5;2;2;2;4;4;3;4,11,41820;42210;41360,,,,,
e_e004313,central,3,21,0,0,0,0,20,여,2;3;1;7;4;3;2;6,41,46150;29110;47110,,,,,
e_e004315,central,2,1,0,0,0,0,20,남,4;2;3;5;4;5;5;5,44,50110;26350;11230,,,,,
e_e004317,central,2,1,0,0,0,0,30,남,2;2;2;2;3;3;4;3,28,28710;11230;43150,,,,,
e_e004324,central,3,1,0,0,0,0,30,남,1;1;2;2;2;2;4;2,11,42110;41360;26350,,,,,
e_e004326,central,3,21,0,0,0,0,20,남,5;4;5;5;5;5;4;6,11,41290;42150;41210,,,,,
e_e004333,central,2,21,0,0,0,0,60,남,2;1;1;1;1;2;1;7,11,50130;42210;46890,,,,,
e_e004334,central,3,4,0,0,0,0,40,남,2;2;6;1;2;6;2;6,44,50130;26350;42210,,,,,
e_e004336,central,2,5,0,0,0,0,30,남,4;6;2;7;2;1;1;6,11,50110;42150;28710,,,,,
e_e004338,central,2,1,0,0,0,0,30,여,4;4;5;4;4;4;3;5,41,11500;11560;47760,,,,,
e_e004340,central,2,1,0,0,0,0,20,여,2;3;4;2;3;3;4;6,41,50110;42230;26500,,,,,
e_e004341,central,3,1,0,0,0,0,20,남,4;4;3;5;5;5;3;3,41,47930;41130;50110,,,,,
e_e004342,central,3,1,0,0,0,0,20,남,6;2;2;2;6;2;2;2,11,45110;45130;41210,,,,,
e_e004344,central,3,12,0,0,0,0,30,여,3;1;2;2;2;6;4;2,28,42210;50110;42150,,,,,
e_e004349,central,3,1,0,0,0,0,20,여,1;1;1;2;1;5;6;6,28,50110;50130;26350,,,,,
e_e004354,central,2,2,0,0,0,0,30,여,1;4;2;4;5;2;4;6,11,42150;30110;41190,,,,,
e_e004357,central,3,1,0,0,0,0,30,남,2;2;2;3;1;4;3;6,11,42150;41820;26350,,,,,
e_e004360,central,2,5,0,0,0,0,30,남,4;1;3;1;4;5;7;5,11,28185;42210;26290,,,,,
e_e004369,central,3,1,0,0,0,0,20,여,1;1;1;4;2;3;6;7,11,50110;11215;48250,,,,,
e_e004371,central,2,1,0,0,0,0,40,남,1;1;4;2;2;3;7;1,11,42150;41820;48310,,,,,
e_e004372,central,3,1,0,0,0,0,20,남,4;1;1;4;4;2;6;6,42,50130;46130;44180,,,,,
e_e004373,central,3,28,0,0,0,0,20,여,4;3;2;4;4;3;7;7,41,41820;26350;46130,,,,,
e_e004380,central,2,4,0,0,0,0,30,여,3;4;2;4;4;4;4;5,11,42820;50110;42210,,,,,
e_e004381,central,2,1,0,0,0,0,20,여,1;1;3;1;5;6;2;7,42,42150;29170;11170,,,,,
e_e004384,central,2,1,0,0,0,0,40,여,4;3;2;4;6;2;1;5,41,41820;26350;47280,,,,,
e_e004391,central,2,22,0,0,0,0,40,남,2;4;2;4;6;2;2;7,41,42210;50130;26350,,,,,
e_e004392,central,3,1,0,0,0,0,20,남,4;4;4;4;4;4;4;4,41,26350;50130;11590,,,,,
e_e004393,central,3,22,0,0,0,0,20,여,2;1;1;6;5;3;7;3,42,42150;50110;26350,,,,,
e_e004395,central,2,1,0,0,0,0,30,여,1;1;4;1;2;1;1;4,41,26290;28185;27260,,,,,
e_e004396,central,3,22,0,0,0,0,40,남,4;4;4;1;4;7;1;7,11,42210;41820;41650,,,,,
e_e004398,central,2,1,0,0,0,0,20,남,6;2;6;4;5;4;7;5,42,11740;11710;11680,,,,,
e_e004402,central,2,22,0,0,0,0,40,여,3;3;4;5;5;6;2;2,11,50110;42820;26710,,,,,
e_e004409,central,2,1,0,0,0,0,20,남,7;1;1;1;1;1;1;1,41,11680;41220;41310,,,,,
e_e004415,central,3,21,0,0,0,0,20,남,2;2;5;3;3;4;3;5,11,42150;41820;43130,,,,,
e_e004416,central,3,22,0,0,0,0,20,남,6;1;2;6;6;2;2;4,11,41820;42150;42210,,,,,
e_e004417,central,3,2,0,0,0,0,20,여,1;1;2;2;6;2;6;2,11,44150;26350;42210,,,,,
e_e004421,central,3,23,0,0,0,0,30,남,1;2;1;1;1;1;4;6,11,41830;28260;44800,,,,,
e_e004422,central,3,21,0,0,0,0,60,여,2;4;6;1;2;4;2;2,11,41820;50130;26350,,,,,
e_e004423,central,2,1,0,0,0,0,60,남,1;1;2;1;1;4;2;5,11,42770;41830;42230,,,,,
e_e004432,central,2,5,0,0,0,0,40,여,4;1;2;1;2;3;1;3,11,50130;42210;26350,,,,,
e_e004434,central,3,22,0,0,0,0,20,여,3;6;2;6;7;5;6;6,30,44180;26350;45110,,,,,
e_e004443,central,2,12,0,0,0,0,20,여,4;3;1;3;6;5;2;7,11,50110;50130;42210,,,,,
e_e004447,central,2,1,0,0,0,0,60,여,4;2;2;3;2;6;7;2,28,31110;48170;44800,,,,,
e_e004449,central,3,2,0,0,0,0,60,여,2;2;2;2;3;3;2;6,41,42150;41820;50130,,,,,
e_e004451,central,2,21,0,0,0,0,40,여,2;6;2;3;2;6;2;6,41,42230;41360;50130,,,,,
e_e004455,central,3,22,0,0,0,0,20,남,3;2;5;3;1;3;5;6,11,50110;47130;42150,,,,,
e_e004457,central,2,1,0,0,0,0,20,여,2;3;7;3;3;3;6;7,41,48310;44130;46730,,,,,
e_e004459,central,2,11,0,0,0,0,20,여,3;3;3;3;3;6;3;3,41,41290;48740;47770,,,,,
e_e004463,central,3,1,0,0,0,0,20,여,3;2;3;3;4;4;3;5,11,50130;42150;26350,,,,,
e_e004464,central,3,1,0,0,0,0,30,여,4;4;2;3;2;3;1;3,45,26350;48120;11680,,,,,
e_e004466,central,3,22,0,0,0,0,20,여,4;2;2;2;1;2;7;3,44,44130;44200;11170,,,,,
e_e004468,central,2,2,0,0,0,0,30,여,6;4;2;3;4;6;5;5,41,42170;42210;41280,,,,,
e_e004472,central,2,6,0,0,0,0,30,여,3;4;2;4;3;2;5;4,41,45110;47130;26350,,,,,
e_e004473,central,3,1,0,0,0,0,20,여,6;1;2;2;2;3;2;7,11,11170;11440;11710,,,,,
e_e004479,central,2,22,0,0,0,0,20,여,1;1;7;1;1;2;1;7,11,42210;42830;50130,,,,,
e_e004482,central,2,2,0,0,0,0,40,여,1;1;5;4;2;3;3;7,11,41650;28710;50110,,,,,
e_e004485,central,3,22,0,0,0,0,60,여,2;4;3;5;3;4;3;6,42,42150;42820;11650,,,,,
e_e004486,central,2,11,0,0,0,0,40,남,4;4;4;4;4;4;1;7,11,41610;41280;41630,,,,,
e_e004488,central,2,1,0,0,0,0,20,남,6;3;2;2;4;3;4;5,42,50110;11170;31140,,,,,
e_e004489,central,3,21,0,0,0,0,20,여,4;3;5;6;5;3;2;6,11,41820;41280;11680,,,,,
e_e004499,central,2,24,0,0,0,0,40,여,5;3;2;3;4;6;6;3,11,50110;50130;42150,,,,,
e_e004503,central,2,22,0,0,0,0,60,여,4;4;4;3;3;4;3;4,11,42150;50110;48240,,,,,
e_e004505,central,2,1,0,0,0,0,30,여,4;1;1;4;4;2;5;6,41,42210;26710;46130,,,,,
e_e004506,central,3,22,0,0,0,0,20,여,4;1;1;1;1;1;7;7,11,42150;26230;50130,,,,,
e_e004510,central,3,6,0,0,0,0,30,여,1;1;1;4;4;1;3;1,46,26710;42820;29200,,,,,
e_e004511,central,2,2,0,0,0,0,20,여,3;5;2;6;3;2;2;7,11,41110;41360;50110,,,,,
e_e004515,central,2,1,0,0,0,0,20,남,2;6;2;5;3;2;3;5,11,50110;45110;43800,,,,,
e_e004520,central,2,27,0,0,0,0,40,여,1;4;1;2;1;2;4;5,41,50110;26350;41290,,,,,
e_e004525,central,2,12,0,0,0,0,40,남,1;4;2;3;2;2;2;6,41,41650;42150;44790,,,,,
e_e004547,central,2,3,0,0,0,0,30,남,2;2;1;1;4;3;6;5,11,42210;48250;48120,,,,,
e_e004548,central,3,6,0,0,0,0,30,남,2;2;2;7;6;6;6;5,27,50110;11440;47110,,,,,
e_e004549,central,3,10,0,0,0,0,40,여,4;2;1;3;1;2;1;6,28,41360;42830;50110,,,,,
e_e004551,central,3,1,0,0,0,0,30,여,7;1;5;4;4;4;2;6,26,47130;11680;11230,,,,,
e_e004552,central,3,1,0,0,0,0,20,여,3;3;3;4;4;3;4;6,28,28110;41820;47130,,,,,
e_e004557,central,2,6,0,0,0,0,20,남,4;2;2;2;2;2;6;5,41,11680;42150;46130,,,,,
e_e004561,central,2,1,0,0,0,0,30,여,3;6;3;3;3;2;6;5,41,41460;11110;50130,,,,,
e_e004563,central,3,12,0,0,0,0,20,남,4;2;1;5;6;6;2;7,11,42150;28710;26350,,,,,
e_e004565,central,2,21,0,0,0,0,40,남,1;2;6;2;2;1;1;7,11,41570;28710;42210,,,,,
e_e004567,central,2,1,0,0,0,0,60,남,2;4;4;4;3;4;3;4,41,46110;50130;42210,,,,,
e_e004573,central,3,1,0,0,0,0,20,남,3;3;2;4;3;2;3;6,28,42210;50130;26350,,,,,
e_e004575,central,2,11,0,0,0,0,20,여,7;2;2;2;1;1;3;4,41,50130;50110;11680,,,,,
e_e004587,central,2,11,0,0,0,0,30,여,1;7;1;1;1;1;7;1,28,42150;26350;50130,,,,,
e_e004588,central,2,2,0,0,0,0,30,남,1;4;2;1;2;1;2;4,41,42830;47110;41130,,,,,
e_e004589,central,2,1,0,0,0,0,20,남,5;4;2;3;6;7;2;5,41,41150;41270;28237,,,,,
e_e004592,central,2,6,0,0,0,0,20,여,4;2;2;2;6;4;2;6,41,50130;26710;41820,,,,,
e_e004596,central,3,22,0,0,0,0,20,남,6;1;1;2;6;6;7;6,41,11110;26350;41820,,,,,
e_e004602,central,2,2,0,0,0,0,20,남,1;1;1;1;7;1;7;7,41,42150;26500;41820,,,,,
e_e004606,central,2,22,0,0,0,0,60,남,6;4;3;3;2;4;5;5,11,41210;42230;47130,,,,,
e_e004612,central,2,2,0,0,0,0,20,여,2;3;1;5;5;2;5;5,44,30110;41820;41110,,,,,
e_e004614,central,2,22,0,0,0,0,20,여,2;6;2;2;4;4;2;6,11,11710;50110;26350,,,,,
e_e004617,central,3,26,0,0,0,0,50,남,2;1;2;3;6;2;2;4,41,42150;41220;44825,,,,,
e_e004623,central,2,10,0,0,0,0,20,남,2;3;4;5;4;2;6;3,41,26350;47130;42150,,,,,
e_e004627,central,2,9,0,0,0,0,30,남,1;7;7;2;7;7;1;1,41,42210;41480;41650,,,,,
e_e004629,central,2,13,0,0,0,0,40,여,2;5;4;4;4;4;4;4,11,50130;47290;26440,,,,,
e_e004634,central,2,1,0,0,0,0,30,남,6;3;2;5;5;2;6;6,41,11170;41110;11680,,,,,
e_e004640,central,2,1,0,0,0,0,20,남,4;2;3;2;3;4;2;1,41,26530;46840;11680,,,,,
e_e004644,central,2,2,0,0,0,0,20,여,4;2;1;4;5;3;2;7,41,50110;26200;47170,,,,,
e_e004645,central,2,22,0,0,0,0,20,여,2;3;2;3;4;4;6;6,41,50110;42830;11680,,,,,
e_e004651,central,2,1,0,0,0,0,20,남,2;2;2;6;5;6;3;7,41,42210;26350;11710,,,,,
e_e004653,central,2,21,0,0,0,0,60,남,4;4;3;4;2;4;3;7,11,41360;41830;42150,,,,,
e_e004655,central,2,1,0,0,0,0,30,여,4;4;4;4;4;4;4;4,41,11710;41360;42830,,,,,
e_e004657,central,3,1,0,0,0,0,20,여,1;1;1;7;7;7;7;7,31,26350;47130;50130,,,,,
e_e004658,central,2,23,0,0,0,0,20,여,6;2;2;6;4;3;2;7,45,26350;11110;30110,,,,,
e_e004668,central,3,1,0,0,0,0,30,남,4;3;3;3;2;4;4;6,29,46710;11680;41110,,,,,
e_e004678,central,3,10,0,0,0,0,20,남,4;2;3;2;2;6;1;2,11,41820;42210;28710,,,,,
e_e004681,central,3,1,0,0,0,0,20,남,1;4;4;4;4;4;5;4,41,42150;41190;11500,,,,,
e_e004685,central,2,1,0,0,0,0,30,남,2;2;3;5;4;4;2;3,41,50130;42150;26350,,,,,
e_e004687,central,3,11,0,0,0,0,40,남,2;2;4;4;4;2;3;6,28,41570;48120;42130,,,,,
e_e004688,central,2,1,0,0,0,0,20,여,5;1;2;6;7;1;7;3,42,26350;42210;11680,,,,,
e_e004695,central,3,5,0,0,0,0,20,여,2;1;1;2;5;2;6;7,11,42210;41480;50110,,,,,
e_e004709,central,3,1,0,0,0,0,20,여,2;2;3;4;4;4;2;6,41,42210;48840;41820,,,,,
e_e004712,central,2,1,0,0,0,0,40,여,3;6;3;3;2;4;4;3,11,50110;41280;45130,,,,,
e_e004717,central,2,22,0,0,0,0,30,남,3;4;2;3;2;2;6;3,36,30170;11200;48170,,,,,
e_e004719,central,2,11,0,0,0,0,30,여,2;6;2;2;2;2;6;6,11,41570;28110;42820,,,,,
e_e004720,central,2,1,0,0,0,0,60,여,2;4;4;4;4;4;5;5,41,11500;47760;41390,,,,,
e_e004724,central,2,6,0,0,0,0,30,남,2;3;6;5;5;4;7;4,45,46150;46130;11230,,,,,
e_e004729,central,2,1,0,0,0,0,20,남,2;1;1;6;6;2;5;6,41,42150;50130;26350,,,,,
e_e004733,central,3,22,0,0,0,0,40,여,2;2;1;4;6;5;1;6,30,50130;11140;46130,,,,,
e_e004772,central,2,1,0,0,0,0,50,남,3;2;4;2;2;4;4;4,41,50110;42210;43130,,,,,
e_e004773,central,3,21,0,0,0,0,30,남,1;1;1;5;7;2;1;5,41,50130;50110;43110,,,,,
e_e004784,central,3,1,0,0,0,0,20,여,3;3;3;5;5;3;6;5,45,50110;11170;28140,,,,,
e_e004799,central,3,8,0,0,0,0,20,여,1;1;1;4;6;5;3;5,41,50110;50130;26350,,,,,
e_e004815,central,3,2,0,0,0,0,30,남,2;3;1;4;6;4;6;2,11,42150;41820;26350,,,,,
e_e004818,central,2,21,0,0,0,0,60,남,2;4;2;3;2;4;4;6,11,41830;41170;45110,,,,,
e_e004819,central,2,28,0,0,0,0,40,남,4;4;4;4;4;4;4;3,11,42150;11110;45110,,,,,
e_e004821,central,3,12,0,0,0,0,20,여,4;2;2;3;4;4;1;7,11,42150;26350;50110,,,,,
e_e004830,central,3,1,0,0,0,0,20,여,3;2;2;2;3;2;1;7,45,26500;11230;30200,,,,,
e_e004845,central,2,1,0,0,0,0,30,남,4;7;4;2;6;4;1;4,28,11140;26200;41280,,,,,
e_e004859,central,3,2,0,0,0,0,20,여,3;2;4;2;2;3;5;3,41,42210;50130;26710,,,,,
e_e004861,central,3,1,0,0,0,0,30,남,2;3;6;3;2;3;3;6,41,26290;47720;42170,,,,,
e_e004864,central,3,26,0,0,0,0,20,여,5;4;5;5;3;5;5;4,47,11740;28237;26230,,,,,
e_e004877,central,3,22,0,0,0,0,20,여,1;4;6;5;2;4;2;3,11,42150;11440;50110,,,,,
e_e004878,central,2,1,0,0,0,0,30,여,2;6;3;7;3;3;2;7,41,42150;26500;41280,,,,,
e_e004881,central,2,1,0,0,0,0,30,남,5;3;2;2;1;3;3;7,43,11290;30170;50110,,,,,
e_e004885,central,2,22,0,0,0,0,20,남,2;1;1;7;6;4;1;7,11,41360;42150;50110,,,,,
e_e004899,central,3,22,0,0,0,0,30,남,2;1;1;4;1;7;4;7,11,26710;50130;31710,,,,,
e_e004914,central,3,1,0,0,0,0,30,남,4;1;1;1;1;6;1;6,41,41820;45110;42760,,,,,
e_e004915,central,2,22,0,0,0,0,60,여,4;4;1;1;7;4;4;7,41,42210;47130;46130,,,,,
e_e004917,central,3,22,0,0,0,0,20,여,2;2;2;4;4;5;2;4,41,42230;42110;26350,,,,,
e_e004925,central,2,21,0,0,0,0,60,여,1;2;3;2;2;2;3;2,11,50130;42210;29170,,,,,
e_e004927,central,3,21,0,0,0,0,40,남,2;1;7;1;1;5;7;6,11,50130;50110;42150,,,,,
e_e004931,central,2,6,0,0,0,0,40,남,1;1;2;3;4;3;6;3,41,50130;48220;26350,,,,,
e_e004941,central,2,22,0,0,0,0,30,남,2;3;2;1;1;6;2;6,11,26500;42210;28185,,,,,
e_e004945,central,3,2,0,0,0,0,20,여,2;1;1;5;6;4;3;6,41,42150;42830;47110,,,,,
e_e004948,central,3,1,0,0,0,0,30,여,2;2;3;3;3;3;2;6,11,42210;50110;45110,,,,,
e_e004952,central,2,1,0,0,0,0,40,여,4;4;2;5;5;4;4;3,36,44230;11710;47130,,,,,
e_e004961,central,3,2,0,0,0,0,30,여,3;2;3;2;3;5;6;3,28,50130;42230;44270,,,,,
e_e004970,central,2,22,0,0,0,0,30,남,2;2;5;5;4;2;3;3,41,41130;26350;11680,,,,,
e_e004975,central,2,1,0,0,0,0,20,남,6;2;2;4;4;3;2;6,44,50130;50110;11680,,,,,
e_e004976,central,2,1,0,0,0,0,40,여,4;7;7;4;7;4;1;7,41,26110;30140;41650,,,,,
e_e004977,central,3,1,0,0,0,0,30,남,2;1;4;1;1;4;4;7,41,11560;41280;26350,,,,,
e_e004983,central,2,1,0,0,0,0,40,여,4;2;4;1;1;1;7;1,28,50130;50110;42760,,,,,
e_e004984,central,3,10,0,0,0,0,30,여,5;1;2;1;3;6;2;6,28,50130;42210;11140,,,,,
e_e004987,central,3,2,0,0,0,0,20,남,6;1;4;3;6;6;2;7,28,11680;41820;42110,,,,,
e_e004989,central,2,11,0,0,0,0,20,남,4;2;3;2;6;3;1;6,41,50130;42150;45110,,,,,
e_e005011,central,2,1,0,0,0,0,40,여,5;4;3;6;5;6;3;5,11,42150;42170;41650,,,,,
e_e005015,central,2,21,0,0,0,0,40,남,1;2;6;3;6;1;6;4,11,41820;42210;47920,,,,,
e_e005025,central,3,11,0,0,0,0,30,여,2;2;1;2;2;1;3;2,11,26350;42830;46130,,,,,
e_e005026,central,3,2,0,0,0,0,20,남,2;1;1;1;1;1;1;2,41,50110;42130;11710,,,,,
e_e005028,central,3,1,0,0,0,0,30,여,1;1;1;3;2;4;2;6,41,42230;42150;41130,,,,,
e_e005102,central,2,2,0,0,0,0,30,남,2;2;5;2;6;5;3;2,41,50130;26140;42150,,,,,
e_e005106,central,2,1,0,0,0,0,20,여,6;2;2;3;6;6;5;7,41,48220;50130;47130,,,,,
e_e005110,central,3,1,0,0,0,0,30,남,2;2;2;2;2;1;1;7,41,42150;50110;47110,,,,,
e_e005111,central,2,1,0,0,0,0,30,남,1;1;1;7;1;1;1;1,41,50110;42150;28710,,,,,
e_e005116,central,3,12,0,0,0,0,40,여,2;2;1;5;7;4;2;5,41,42760;42720;28710,,,,,
e_e005156,central,2,1,0,0,0,0,30,남,3;3;2;5;5;5;3;5,41,41360;41410;42830,,,,,
e_e005157,central,2,22,0,0,0,0,60,남,3;5;5;5;3;5;5;4,30,48310;42150;26710,,,,,
e_e005160,central,3,1,0,0,0,0,30,여,4;7;7;1;1;7;1;7,11,41820;11470;28710,,,,,
e_e005166,central,2,1,0,0,0,0,20,남,2;2;2;2;6;6;6;6,41,26350;42150;50110,,,,,
e_e005170,central,2,2,0,0,0,0,40,여,2;4;4;4;2;5;1;6,41,50130;42230;43800,,,,,
e_e005175,central,2,3,0,0,0,0,30,남,2;4;2;6;3;2;2;6,41,42720;46730;48220,,,,,
e_e005185,central,2,1,0,0,0,0,20,남,4;1;3;2;5;3;7;5,11,11440;41270;28710,,,,,
e_e005187,central,2,2,0,0,0,0,50,여,4;2;2;2;6;7;1;7,41,42210;46110;43800,,,,,
e_e005189,central,2,2,0,0,0,0,30,남,1;4;2;2;1;3;5;7,41,26350;50130;44200,,,,,
e_e005194,central,2,1,0,0,0,0,40,남,2;2;1;2;7;1;7;7,41,42210;50110;11680,,,,,
e_e005197,central,3,5,0,0,0,0,40,여,1;1;4;2;2;6;2;2,11,28710;41820;41480,,,,,
e_e005201,central,3,21,0,0,0,0,20,여,3;1;1;1;4;2;7;7,41,50110;26500;42820,,,,,
e_e005206,central,3,22,0,0,0,0,20,여,5;5;5;4;6;5;4;6,43,11680;11710;41270,,,,,
e_e005207,central,2,1,0,0,0,0,60,여,1;1;5;1;1;5;6;5,11,41110;41460;42150,,,,,
e_e005219,central,2,1,0,0,0,0,30,여,4;4;1;1;1;7;1;4,44,44210;11710;41360,,,,,
e_e005220,central,3,21,0,0,0,0,60,남,2;1;3;4;2;4;6;4,11,41820;42210;41270,,,,,
e_e005221,central,3,5,0,0,0,0,20,남,3;2;2;2;6;4;2;6,46,29110;45110;11650,,,,,
e_e005223,central,2,2,0,0,0,0,30,남,4;4;4;1;4;4;4;4,41,47250;42110;44130,,,,,
e_e005234,central,3,1,0,0,0,0,20,남,4;4;3;3;3;3;1;6,26,48330;48250;31140,,,,,
e_e005238,central,2,2,0,0,0,0,20,여,3;3;3;3;4;4;3;6,41,50130;26350;41360,,,,,
e_e005239,central,3,5,0,0,0,0,50,남,1;1;4;4;3;5;1;2,28,28710;41820;41360,,,,,
e_e005240,central,2,10,0,0,0,0,30,여,1;1;2;3;1;6;1;3,41,50130;50110;42150,,,,,
e_e005242,central,3,1,0,0,0,0,20,남,4;1;1;5;3;2;1;7,42,45110;26350;50130,,,,,
e_e005247,central,3,1,0,0,0,0,20,여,7;1;1;3;7;2;7;6,41,50110;11560;42150,,,,,
e_e005257,central,3,1,0,0,0,0,20,남,5;2;2;4;3;3;7;5,43,47130;26350;11680,,,,,
e_e005264,central,2,1,0,0,0,0,30,남,2;4;2;3;5;3;4;2,41,28710;41570;11440,,,,,
e_e005271,central,3,22,0,0,0,0,30,여,2;1;1;6;4;5;2;5,11,42750;41650;41590,,,,,
e_e005278,central,3,22,0,0,0,0,20,여,6;1;4;3;3;6;3;6,27,26530;50110;11680,,,,,
e_e005290,central,2,1,0,0,0,0,30,남,1;4;3;5;3;5;3;5,11,42230;42830;41460,,,,,
e_e005294,central,3,2,0,0,0,0,40,남,4;1;2;4;6;4;7;4,11,50110;50130;42210,,,,,
e_e005311,central,2,11,0,0,0,0,30,여,2;5;1;4;4;1;4;7,11,26500;48270;42170,,,,,
e_e005314,central,3,1,0,0,0,0,20,남,6;2;2;4;6;6;5;7,48,11680;50110;27230,,,,,
e_e005317,central,3,2,0,0,0,0,20,여,5;2;2;3;3;6;1;4,11,11110;44180;26440,,,,,
e_e005318,central,2,21,0,0,0,0,50,남,1;4;1;4;2;3;6;4,41,42210;50130;41830,,,,,
e_e005321,central,3,1,0,0,0,0,60,여,1;1;1;1;1;1;1;7,44,42170;41110;48310,,,,,
e_e005327,central,2,22,0,0,0,0,20,여,4;1;1;4;1;4;1;7,11,42210;26290;50130,,,,,
e_e005335,central,2,22,0,0,0,0,20,남,4;1;3;4;3;6;2;7,28,26260;42150;41570,,,,,
e_e005340,central,3,1,0,0,0,0,20,남,4;3;4;5;4;4;5;5,11,42110;45110;41820,,,,,
e_e005341,central,3,1,0,0,0,0,20,남,3;2;2;2;2;3;6;6,11,41110;48220;26260,,,,,
e_e005344,central,2,1,0,0,0,0,30,남,6;4;2;2;2;6;6;7,43,11440;42130;43110,,,,,
e_e005351,central,3,21,0,0,0,0,20,여,3;2;2;3;4;4;3;6,42,50130;50110;47130,,,,,
e_e005368,central,3,10,0,0,0,0,20,여,2;1;2;2;5;4;2;6,28,50130;42760;41820,,,,,
e_e005370,central,2,22,0,0,0,0,40,여,4;1;1;1;1;1;2;3,43,50110;42150;11680,,,,,
e_e005391,central,2,1,0,0,0,0,60,여,5;6;6;3;2;6;3;4,41,11140;41820;41270,,,,,
e_e005395,central,2,1,0,0,0,0,50,여,2;2;6;2;2;6;2;2,11,50130;41830;42210,,,,,
e_e005408,central,3,12,0,0,0,0,20,여,2;1;1;3;4;4;3;4,41,42210;50110;44150,,,,,
e_e005421,central,3,1,0,0,0,0,30,남,6;1;6;2;4;6;7;7,41,46710;26350;11110,,,,,
e_e005423,central,2,1,0,0,0,0,30,여,4;6;6;3;3;3;5;2,41,11110;41130;41460,,,,,
e_e005438,central,3,2,0,0,0,0,30,남,2;2;6;1;1;1;1;3,11,42760;42210;44810,,,,,
e_e005440,central,3,11,0,0,0,0,30,여,3;2;3;3;3;2;2;4,11,50130;42210;42150,,,,,
e_e005442,central,3,22,0,0,0,0,50,여,1;1;7;1;1;1;7;2,11,41360;42210;46130,,,,,
e_e005443,central,3,12,0,0,0,0,40,남,2;2;2;5;2;5;2;5,11,43150;41830;44770,,,,,
e_e005446,central,2,1,0,0,0,0,30,남,1;3;2;5;5;2;6;3,11,50130;50110;42150,,,,,
e_e005472,central,2,1,0,0,0,0,20,남,5;3;3;5;5;5;3;5,47,26500;11110;11440,,,,,
e_e005483,central,2,22,0,0,0,0,30,여,3;5;2;4;3;6;3;7,28,43130;41110;11170,,,,,
e_e005484,central,2,1,0,0,0,0,30,남,5;3;3;4;2;4;2;5,42,50110;11680;42210,,,,,
e_e005485,central,3,22,0,0,0,0,20,남,4;4;2;6;4;3;1;7,31,50130;50110;11170,,,,,
e_e005488,central,3,21,0,0,0,0,20,여,3;3;2;2;4;4;2;7,28,11110;50110;48310,,,,,
e_e005495,central,2,1,0,0,0,0,30,여,1;4;4;2;2;2;5;6,41,42230;43150;50130,,,,,
e_e005497,central,2,10,0,0,0,0,30,여,4;1;1;1;1;1;7;7,41,41820;42110;28710,,,,,
e_e005504,central,3,1,0,0,0,0,20,여,5;5;4;5;5;4;4;4,43,26350;46130;50130,,,,,
e_e005510,central,2,1,0,0,0,0,40,남,2;2;2;6;4;2;1;6,41,41280;44180;42760,,,,,
e_e005517,central,2,1,0,0,0,0,20,남,6;5;6;4;2;3;5;3,41,11680;26170;29170,,,,,
e_e005518,central,2,6,0,0,0,0,30,여,7;7;5;5;6;6;7;7,11,41460;29170;50130,,,,,
e_e005527,central,2,22,0,0,0,0,30,남,2;4;2;1;6;4;2;3,41,42150;50110;11170,,,,,
e_e005528,central,3,1,0,0,0,0,30,남,5;2;2;2;3;4;5;5,41,42210;42830;26350,,,,,
e_e005532,central,3,2,0,0,0,0,50,남,4;4;4;4;7;4;1;7,11,50110;41830;42210,,,,,
e_e005551,central,2,2,0,0,0,0,20,여,3;3;3;3;3;3;3;3,41,42230;50110;41210,,,,,
e_e005553,central,2,11,0,0,0,0,40,남,2;4;1;2;7;2;2;2,41,46110;26260;41500,,,,,
e_e005555,central,2,12,0,0,0,0,20,여,2;3;1;2;7;2;2;7,41,11110;42210;46110,,,,,
e_e005562,central,3,8,0,0,0,0,40,여,2;1;3;2;6;4;1;7,11,42170;41820;26350,,,,,
e_e005570,central,2,4,0,0,0,0,60,여,4;7;3;1;1;7;1;2,11,41830;28110;42130,,,,,
e_e005573,central,2,2,0,0,0,0,40,여,7;1;1;1;1;3;1;7,44,42150;41460;47170,,,,,
e_e005575,central,2,22,0,0,0,0,30,여,4;3;2;4;2;2;4;4,41,46130;48840;42820,,,,,
e_e005577,central,3,2,0,0,0,0,20,여,2;1;4;4;5;2;1;5,41,42830;42110;50130,,,,,
e_e005579,central,3,1,0,0,0,0,20,남,2;2;2;4;4;2;6;5,44,42150;26350;11680,,,,,
e_e005585,central,2,1,0,0,0,0,30,여,1;1;1;1;1;7;1;7,11,26710;30170;11440,,,,,
e_e005590,central,3,1,0,0,0,0,20,여,5;3;3;3;3;4;3;4,48,50130;50110;42150,,,,,
e_e005598,central,2,11,0,0,0,0,20,여,2;6;1;3;6;2;1;5,11,42150;42210;42820,,,,,
e_e005599,central,2,2,0,0,0,0,20,여,4;2;2;1;4;7;7;7,26,11710;47130;48310,,,,,
e_e005602,central,2,22,0,0,0,0,20,여,2;1;1;3;4;3;5;7,11,50110;11110;42150,,,,,
e_e005605,central,2,1,0,0,0,0,40,여,5;3;3;3;2;2;5;5,11,50130;45110;26350,,,,,
e_e005617,central,3,1,0,0,0,0,30,남,2;2;2;1;1;4;5;3,41,42150;26500;28185,,,,,
e_e005627,central,2,10,0,0,0,0,40,여,4;7;6;5;3;4;3;2,41,41500;41290;41150,,,,,
e_e005642,central,3,1,0,0,0,0,20,여,5;1;1;5;4;6;6;6,41,50130;46130;26350,,,,,
e_e005662,central,3,1,0,0,0,0,20,남,4;1;1;4;6;6;3;5,43,11710;26350;42170,,,,,
e_e005665,central,2,12,0,0,0,0,50,여,1;1;1;3;1;1;1;3,41,45110;48170;50110,,,,,
e_e005676,central,2,2,0,0,0,0,30,여,6;6;2;3;5;6;3;6,41,11440;11680;11170,,,,,
e_e005679,central,3,6,0,0,0,0,30,남,3;4;4;5;5;5;4;5,48,50110;26350;46130,,,,,
e_e005682,central,2,1,0,0,0,0,20,여,2;6;2;3;5;2;6;7,41,11440;42150;11110,,,,,
e_e005706,central,2,12,0,0,0,0,20,여,2;4;1;1;1;2;2;6,41,42150;50110;26350,,,,,
e_e005711,central,2,22,0,0,0,0,60,여,4;3;6;4;4;7;5;5,41,41280;42150;26350,,,,,
e_e005713,central,2,1,0,0,0,0,30,여,4;3;4;1;1;6;1;6,45,50110;47130;48840,,,,,
e_e005716,central,2,1,0,0,0,0,30,여,5;4;4;2;4;4;2;7,28,41570;50110;42150,,,,,
e_e005745,central,2,4,0,0,0,0,30,남,2;4;2;5;4;1;2;6,41,11500;41280;41480,,,,,
e_e005752,central,2,1,0,0,0,0,30,남,4;7;1;1;1;1;1;7,41,42210;41830;41110,,,,,
e_e005763,central,3,1,0,0,0,0,30,남,4;3;3;3;2;2;5;5,41,42830;50130;26350,,,,,
e_e005765,central,2,4,0,0,0,0,40,남,4;2;3;2;3;5;4;2,41,11110;11215;50110,,,,,
e_e005775,central,2,1,0,0,0,0,50,여,4;7;1;4;1;1;1;4,11,28710;41570;46170,,,,,
e_e005790,central,3,8,0,0,0,0,30,남,4;7;4;2;3;4;5;6,41,42210;42820;44825,,,,,
e_e005793,central,3,1,0,0,0,0,40,여,3;3;5;2;2;4;3;4,41,11110;11140;50110,,,,,
e_e005803,central,2,1,0,0,0,0,20,남,6;4;3;3;2;6;3;3,41,50110;41270;26350,,,,,
e_e005804,central,2,1,0,0,0,0,30,여,1;1;2;4;1;1;1;1,42,48220;48310;29200,,,,,
e_e005807,central,2,4,0,0,0,0,30,여,3;4;4;2;3;4;5;6,48,26350;26500;47130,,,,,
e_e005810,central,2,22,0,0,0,0,20,여,4;3;4;2;4;3;3;7,11,11560;44150;47130,,,,,
e_e005822,central,2,1,0,0,0,0,40,남,4;4;1;7;7;1;1;7,28,41150;30200;42230,,,,,
e_e005826,central,2,22,0,0,0,0,60,여,2;2;5;2;2;5;2;5,11,42210;41820;42830,,,,,
e_e005831,central,2,1,0,0,0,0,20,남,1;1;6;1;3;2;6;6,41,42150;26170;11650,,,,,
e_e005833,central,3,23,0,0,0,0,20,남,1;1;1;1;1;7;7;4,11,26350;41110;46770,,,,,
e_e005840,central,2,4,0,0,0,0,20,남,4;4;4;4;4;4;4;4,41,42170;42150;41110,,,,,
e_e005853,central,2,1,0,0,0,0,20,여,2;2;4;3;2;3;4;7,28,42210;50110;42150,,,,,
e_e005860,central,3,12,0,0,0,0,60,여,4;3;2;5;6;6;5;7,27,47110;42210;26350,,,,,
e_e005862,central,2,1,0,0,0,0,30,여,3;6;3;2;5;2;1;6,41,11680;50110;42170,,,,,
e_e005863,central,3,1,0,0,0,0,40,여,5;4;3;2;6;3;3;5,41,42150;11110;26350,,,,,
e_e005876,central,3,23,0,0,0,0,30,여,1;1;4;2;4;6;6;7,41,42210;46150;47110,,,,,
e_e005885,central,2,1,0,0,0,0,20,여,4;4;2;2;2;6;6;7,41,41110;42150;27290,,,,,
e_e005886,central,3,1,0,0,0,0,30,남,5;2;2;5;3;5;5;6,30,50110;42150;26500,,,,,
e_e005891,central,3,21,0,0,0,0,40,남,1;1;1;2;3;6;6;7,41,41270;50110;46130,,,,,
e_e005899,central,2,2,0,0,0,0,40,남,6;4;5;2;2;2;6;3,46,46110;46130;50130,,,,,
e_e005910,central,2,1,0,0,0,0,30,여,5;6;3;4;4;5;3;5,41,11710;11110;30110,,,,,
e_e005915,central,2,1,0,0,0,0,30,여,4;5;3;3;5;3;7;5,41,11440;45130;44210,,,,,
e_e005926,central,3,1,0,0,0,0,60,여,4;6;6;6;6;3;5;4,11,42150;50130;41480,,,,,
e_e005930,central,3,2,0,0,0,0,20,여,4;1;1;4;6;4;2;6,11,50110;42210;30140,,,,,
e_e005935,central,2,22,0,0,0,0,30,여,7;7;7;1;4;4;6;5,28,26500;50130;41280,,,,,
e_e005940,central,3,10,0,0,0,0,50,남,4;3;2;1;4;3;1;7,11,42210;26350;50130,,,,,
e_e005947,central,3,5,0,0,0,0,40,여,5;1;3;1;3;6;2;6,11,41130;41450;41830,,,,,
e_e005961,central,2,1,0,0,0,0,30,여,4;4;3;3;3;5;5;3,11,50130;42150;50110,,,,,
e_e005965,central,2,1,0,0,0,0,30,남,7;7;7;4;2;6;2;6,28,11440;41570;28185,,,,,
e_e005970,central,2,22,0,0,0,0,40,여,2;6;2;5;5;5;2;6,41,41280;41480;41570,,,,,
e_e005973,central,2,2,0,0,0,0,20,남,5;2;4;5;2;1;5;3,41,46130;42150;50130,,,,,
e_e005978,central,3,1,0,0,0,0,20,여,3;1;1;5;6;7;5;3,11,26350;11440;50130,,,,,
e_e005999,central,2,1,0,0,0,0,20,여,2;1;1;6;5;2;3;7,41,41360;41480;26350,,,,,
e_e006003,central,2,1,0,0,0,0,20,남,3;1;2;2;5;1;6;5,41,26350;50130;42150,,,,,
e_e006005,central,2,1,0,0,0,0,20,여,4;3;4;5;3;4;5;5,41,42210;26350;50110,,,,,
e_e006014,central,3,1,0,0,0,0,30,여,2;2;2;5;6;3;2;6,11,48220;50110;42150,,,,,
e_e006016,central,3,21,0,0,0,0,60,여,5;3;1;2;4;4;4;4,41,50110;42150;41820,,,,,
e_e006022,central,3,3,0,0,0,0,40,여,4;2;4;4;2;7;1;4,41,50130;28110;11680,,,,,
e_e006025,central,2,1,0,0,0,0,20,여,4;5;2;5;3;5;2;7,28,50130;26350;28185,,,,,
e_e006028,central,2,4,0,0,0,0,20,여,7;4;4;4;6;3;5;4,41,11500;50130;26440,,,,,
e_e006029,central,2,22,0,0,0,0,40,여,4;4;4;4;4;4;4;4,41,41830;41820;42170,,,,,
e_e006030,central,3,23,0,0,0,0,30,여,1;1;1;4;4;3;4;4,11,50130;42230;26350,,,,,
e_e006032,central,2,5,0,0,0,0,30,남,1;1;2;4;4;2;4;6,11,42830;26350;50110,,,,,
e_e006033,central,2,1,0,0,0,0,20,남,7;4;2;2;6;6;7;5,44,11680;30110;41110,,,,,
e_e006041,central,3,22,0,0,0,0,20,남,4;1;4;3;4;5;5;7,41,11110;26500;43150,,,,,
e_e006042,central,3,2,0,0,0,0,60,남,1;1;1;6;5;1;1;7,41,41110;28710;42760,,,,,
e_e006050,central,3,21,0,0,0,0,40,남,6;1;6;3;5;6;2;5,41,42210;26350;50130,,,,,
e_e006052,central,2,28,0,0,0,0,40,남,4;4;4;5;4;2;2;6,41,42170;11620;30140,,,,,
e_e006057,central,2,1,0,0,0,0,60,여,2;7;3;4;3;4;4;5,41,42230;41820;28710,,,,,
e_e006059,central,3,22,0,0,0,0,30,여,2;2;3;4;3;4;3;4,50,50130;42150;28185,,,,,
e_e006069,central,3,12,0,0,0,0,20,여,2;2;2;2;2;2;2;7,41,46130;26140;31140,,,,,
e_e006073,central,2,8,0,0,0,0,60,여,3;1;2;2;3;3;6;6,41,50130;50110;42150,,,,,
e_e006081,central,3,2,0,0,0,0,20,여,2;1;1;1;1;3;1;4,11,50130;27260;41820,,,,,
e_e006086,central,3,1,0,0,0,0,20,여,2;2;2;4;3;4;2;6,42,42150;11680;26260,,,,,
e_e006090,central,2,1,0,0,0,0,30,여,4;4;4;3;4;6;3;6,41,41460;41630;41110,,,,,
e_e006098,central,2,6,0,0,0,0,30,여,2;6;3;2;3;3;2;2,30,46150;50110;11290,,,,,
e_e006128,central,2,1,0,0,0,0,20,여,4;3;5;2;2;4;3;5,11,46710;30140;47190,,,,,
e_e006133,central,2,2,0,0,0,0,20,남,4;5;3;2;5;6;2;3,11,11710;42110;31170,,,,,
e_e006145,central,2,2,0,0,0,0,40,여,7;4;3;2;4;3;3;3,28,50130;42760;41390,,,,,
e_e006151,central,3,23,0,0,0,0,20,남,2;1;1;1;6;4;1;1,41,26350;50130;42150,,,,,
e_e006153,central,3,10,0,0,0,0,30,남,1;1;4;1;3;4;6;7,11,42210;50130;41820,,,,,
e_e006157,central,3,1,0,0,0,0,30,여,3;2;5;3;4;3;2;6,41,42210;42830;42230,,,,,
e_e006177,central,2,2,0,0,0,0,60,남,2;6;2;2;2;5;4;7,41,42150;42210;41670,,,,,
e_e006198,central,2,1,0,0,0,0,40,여,6;4;3;1;6;3;2;6,41,11110;45130;11230,,,,,
e_e006203,central,2,1,0,0,0,0,20,여,2;6;2;5;2;2;6;5,41,50110;26350;11710,,,,,
e_e006208,central,2,11,0,0,0,0,20,남,2;2;1;2;4;5;5;7,41,50110;50130;26500,,,,,
e_e006213,central,3,1,0,0,0,0,40,남,4;4;2;2;4;6;6;4,47,47130;50110;11110,,,,,
e_e006214,central,2,26,0,0,0,0,20,여,6;4;2;5;4;4;6;5,28,11440;26350;28260,,,,,
e_e006218,central,2,21,0,0,0,0,30,남,1;1;1;1;7;4;1;7,28,42110;41650;42720,,,,,
e_e006221,central,3,2,0,0,0,0,30,남,1;5;1;5;6;2;4;5,43,43110;42150;42210,,,,,
e_e006224,central,2,8,0,0,0,0,20,여,3;2;3;1;2;3;1;7,41,42150;11680;41110,,,,,
e_e006225,central,2,21,0,0,0,0,20,여,1;1;1;3;5;2;3;7,11,50110;50130;26350,,,,,
e_e006226,central,2,1,0,0,0,0,40,여,2;2;4;3;6;4;6;4,41,43760;42150;44770,,,,,
e_e006251,central,2,1,0,0,0,0,20,여,7;7;2;1;1;4;4;1,41,42190;41360;50130,,,,,
e_e006255,central,2,6,0,0,0,0,40,남,4;2;4;2;3;3;4;4,28,50130;42210;41820,,,,,
e_e006261,central,2,22,0,0,0,0,20,남,3;5;3;1;3;6;6;6,28,42210;11680;41110,,,,,
e_e006272,central,2,22,0,0,0,0,30,여,3;4;4;4;2;3;2;1,41,42150;41360;50130,,,,,
e_e006291,central,2,21,0,0,0,0,60,여,3;4;3;4;2;4;3;5,11,42830;41290;41360,,,,,
e_e006314,central,2,1,0,0,0,0,20,여,2;1;3;5;6;5;1;5,11,42150;26350;46130,,,,,
e_e006315,central,2,1,0,0,0,0,40,여,1;1;4;6;4;5;6;2,11,41820;41830;42210,,,,,
e_e006321,central,2,22,0,0,0,0,20,남,6;3;4;1;4;6;2;7,41,47130;41110;11680,,,,,
e_e006324,central,2,22,0,0,0,0,20,여,3;5;3;2;5;2;6;6,41,42150;47130;45110,,,,,
e_e006333,central,2,22,0,0,0,0,60,남,2;4;1;4;6;5;1;6,41,50110;41270;42210,,,,,
e_e006341,central,2,6,0,0,0,0,20,여,5;5;5;5;5;4;4;4,28,11110;11200;11650,,,,,
e_e006348,central,2,21,0,0,0,0,40,여,4;1;3;3;3;5;5;5,41,42150;50110;26350,,,,,
e_e006351,central,2,1,0,0,0,0,60,남,5;1;4;1;7;7;3;7,11,50130;41820;41830,,,,,
e_e006352,central,2,1,0,0,0,0,40,여,1;4;1;3;7;6;2;2,41,42210;50110;42750,,,,,
e_e006355,central,2,1,0,0,0,0,20,여,4;2;2;5;4;4;6;3,41,42150;42790;45790,,,,,
e_e006359,central,2,21,0,0,0,0,40,여,5;3;1;3;6;1;2;2,11,11110;50130;30200,,,,,
e_e006371,central,2,22,0,0,0,0,20,여,3;2;3;3;5;4;6;6,43,50130;11200;26350,,,,,
e_e006406,central,2,21,0,0,0,0,30,남,2;1;2;4;6;2;1;6,11,46110;47170;48310,,,,,
e_e006407,central,2,1,0,0,0,0,20,남,6;4;5;3;3;5;2;4,43,11680;50110;30110,,,,,
e_e006414,central,2,1,0,0,0,0,40,남,6;1;1;2;2;6;3;7,41,42150;26500;50130,,,,,
e_e006416,central,2,1,0,0,0,0,20,여,1;1;1;3;1;1;6;6,41,29110;46150;11680,,,,,
e_e006422,central,2,1,0,0,0,0,30,여,4;2;2;4;4;2;4;7,41,42230;48220;41110,,,,,
e_e006423,central,2,1,0,0,0,0,30,남,7;6;6;6;6;6;4;5,28,11680;41570;41110,,,,,
e_e006424,central,2,1,0,0,0,0,20,여,6;4;2;1;4;2;1;7,31,26350;27290;47110,,,,,
e_e006432,central,2,2,0,0,0,0,50,여,3;5;4;2;2;3;5;3,28,50130;42150;41390,,,,,
e_e006439,central,2,24,0,0,0,0,30,여,4;4;3;2;4;3;3;4,41,42110;50130;42150,,,,,
e_e006446,central,2,1,0,0,0,0,20,여,7;4;3;3;4;4;6;7,11,42150;26350;27110,,,,,
e_e006447,central,2,10,0,0,0,0,20,남,4;2;1;6;6;5;3;7,41,11500;26500;26230,,,,,
e_e006448,central,2,22,0,0,0,0,60,남,2;1;4;3;2;4;7;2,11,42150;41290;42110,,,,,
e_e006452,central,2,2,0,0,0,0,20,여,2;2;2;1;7;4;7;5,11,50110;26350;43800,,,,,
e_e006458,central,2,22,0,0,0,0,30,여,4;3;3;3;4;5;5;5,41,42150;50130;48820,,,,,
e_e006460,central,2,21,0,0,0,0,40,여,4;5;4;4;5;4;4;2,41,11680;11170;50110,,,,,
e_e006463,central,2,4,0,0,0,0,30,여,2;1;1;4;6;4;1;7,41,11680;50110;47130,,,,,
e_e006474,central,2,2,0,0,0,0,60,여,4;6;5;2;2;6;2;4,11,50110;41830;42110,,,,,
e_e006483,central,2,1,0,0,0,0,20,여,2;5;3;3;3;2;5;6,11,50130;50110;26350,,,,,
e_e006486,central,2,1,0,0,0,0,60,남,4;3;3;3;3;3;2;6,44,46130;48170;11680,,,,,
e_e006489,central,2,12,0,0,0,0,40,남,3;2;4;6;2;3;4;5,42,50130;11110;42210,,,,,
e_e006491,central,2,2,0,0,0,0,60,남,4;2;2;1;4;2;2;3,41,50110;42150;46890,,,,,
e_e006492,central,2,27,0,0,0,0,60,여,2;4;2;4;3;3;2;4,41,42210;50130;46130,,,,,
e_e006495,central,2,1,0,0,0,0,20,여,4;2;2;2;4;4;5;6,41,11680;41110;11110,,,,,
e_e006497,central,3,1,0,0,0,0,40,남,1;2;2;1;1;2;1;3,41,42210;26350;11200,,,,,
e_e006505,central,2,22,0,0,0,0,20,여,1;3;2;1;6;2;6;7,28,11110;11440;11560,,,,,
e_e006506,central,2,1,0,0,0,0,30,남,2;3;2;6;7;2;7;3,41,50110;41830;42150,,,,,
e_e006507,central,2,22,0,0,0,0,20,남,1;2;2;2;2;2;6;6,41,50110;26350;41480,,,,,
e_e006510,central,2,22,0,0,0,0,20,남,2;2;2;1;2;3;2;7,11,50130;11680;30230,,,,,
e_e006513,central,2,22,0,0,0,0,20,여,6;1;1;2;4;2;6;7,41,50110;41480;26350,,,,,
e_e006517,central,2,1,0,0,0,0,60,남,3;5;2;6;6;6;4;5,41,28710;30200;42210,,,,,
e_e006528,central,2,1,0,0,0,0,20,여,2;2;2;3;3;3;2;6,41,26350;42150;46130,,,,,
e_e006529,central,2,2,0,0,0,0,40,여,4;4;3;5;4;5;2;6,11,50110;42720;41360,,,,,
e_e006531,central,2,10,0,0,0,0,30,여,2;2;2;3;2;2;2;6,41,50130;42210;28177,,,,,
e_e006534,central,2,1,0,0,0,0,30,남,7;7;1;1;1;4;1;7,41,11200;50130;28185,,,,,
e_e006537,central,2,22,0,0,0,0,30,여,1;4;2;2;6;2;6;5,41,41480;11380;41280,,,,,
e_e006544,central,2,6,0,0,0,0,20,여,1;7;1;4;5;4;1;7,44,41820;46130;44130,,,,,
e_e006546,central,2,6,0,0,0,0,60,남,3;5;2;2;3;3;3;6,41,41480;41800;28710,,,,,
e_e006550,central,2,2,0,0,0,0,60,여,4;4;6;6;6;2;6;5,11,42170;26230;41360,,,,,
e_e006552,central,2,1,0,0,0,0,20,여,7;4;1;2;4;2;3;6,11,50130;46130;28185,,,,,
e_e006554,central,3,1,0,0,0,0,50,남,7;3;3;2;3;4;3;5,11,50110;41830;42150,,,,,
e_e006555,central,2,1,0,0,0,0,30,남,1;2;2;2;2;6;2;2,41,11680;11230;11410,,,,,
e_e006557,central,2,2,0,0,0,0,30,여,2;7;3;2;3;6;2;6,41,41270;41460;41390,,,,,
e_e006572,central,2,1,0,0,0,0,20,여,2;1;1;1;4;2;5;3,11,41360;28260;42210,,,,,
e_e006575,central,2,1,0,0,0,0,20,여,2;1;6;2;2;2;2;3,11,50110;42830;46710,,,,,
e_e006577,central,2,4,0,0,0,0,40,여,4;1;1;3;4;2;3;5,28,42770;50130;28710,,,,,
e_e006585,central,2,1,0,0,0,0,20,여,3;3;3;3;6;3;2;6,11,42210;41210;50110,,,,,
e_e006587,central,2,10,0,0,0,0,30,남,6;6;3;3;3;5;2;4,11,41190;41280;42150,,,,,
e_e006588,central,2,1,0,0,0,0,60,남,2;3;1;4;2;1;1;6,41,41110;41590;50110,,,,,
e_e006591,central,2,11,0,0,0,0,30,남,3;3;2;3;5;5;3;5,41,42230;30140;41610,,,,,
e_e006592,central,2,2,0,0,0,0,30,남,3;4;4;2;4;5;6;5,41,42210;46130;28710,,,,,
e_e006593,central,2,1,0,0,0,0,20,여,2;2;2;2;2;2;2;6,11,50110;42150;26500,,,,,
e_e006600,central,2,13,0,0,0,0,50,여,5;4;5;4;3;5;5;4,11,42110;42130;41830,,,,,
e_e006602,central,2,1,0,0,0,0,40,여,4;1;2;4;3;6;1;6,41,42170;44210;41170,,,,,
e_e006783,central,2,1,0,0,0,0,30,여,2;1;3;4;2;4;1;4,44,11110;50130;50110,,,,,
e_e006785,central,2,2,0,0,0,0,40,여,4;1;1;1;3;3;1;7,41,50110;42210;42820,,,,,
e_e006786,central,2,2,0,0,0,0,30,남,1;2;1;1;1;1;1;4,11,42110;48850;26260,,,,,
e_e006788,central,2,2,0,0,0,0,30,여,1;2;2;4;4;3;6;6,41,42150;46820;11410,,,,,
e_e006789,central,2,1,0,0,0,0,30,여,4;4;1;3;2;6;7;7,45,11110;47130;46150,,,,,
e_e006791,central,2,10,0,0,0,0,20,남,2;2;1;2;5;5;2;6,28,11110;46130;45730,,,,,
e_e006793,central,2,2,0,0,0,0,50,여,3;7;6;4;6;4;5;7,41,42230;50130;43800,,,,,
e_e006794,central,2,1,0,0,0,0,40,남,1;3;2;4;3;2;5;6,41,42150;41820;47130,,,,,
e_e006795,central,2,6,0,0,0,0,30,남,1;1;1;5;7;7;7;7,11,41670;44270;44810,,,,,
e_e006796,central,2,1,0,0,0,0,40,남,4;1;2;1;2;2;6;4,11,26230;26350;50110,,,,,
e_e006800,central,2,2,0,0,0,0,30,여,3;2;2;5;5;3;6;6,11,50110;42150;42780,,,,,
e_e006801,central,2,2,0,0,0,0,30,남,4;2;3;2;2;4;2;1,41,42150;42820;27200,,,,,
e_e006802,central,2,2,0,0,0,0,30,남,2;2;3;3;3;4;2;5,41,42750;47110;50130,,,,,
e_e006804,central,2,1,0,0,0,0,20,여,7;1;5;7;6;6;6;5,11,11110;30200;26350,,,,,
e_e006805,central,2,2,0,0,0,0,30,남,7;2;2;2;6;6;2;2,11,41480;42720;41210,,,,,
e_e006808,central,2,22,0,0,0,0,60,여,2;4;2;2;2;3;2;5,41,42820;42780;41650,,,,,
e_e006810,central,2,2,0,0,0,0,30,여,4;4;4;4;4;4;4;4,41,31170;48120;41130,,,,,
e_e006813,central,2,2,0,0,0,0,30,여,3;5;2;2;5;3;5;4,28,28200;41390;28110,,,,,
e_e006815,central,2,1,0,0,0,0,20,여,3;1;2;3;3;5;5;5,11,50130;43730;11170,,,,,
e_e006816,central,2,2,0,0,0,0,30,남,3;1;1;1;1;2;1;6,11,42150;42820;47130,,,,,
e_e006818,central,2,22,0,0,0,0,40,여,1;4;4;5;4;4;6;5,11,41480;50110;42150,,,,,
e_e006820,central,2,1,0,0,0,0,30,여,4;2;4;3;3;4;2;3,11,47130;42150;50130,,,,,
e_e006823,central,2,10,0,0,0,0,30,여,6;2;1;6;7;6;1;7,11,41360;48310;50110,,,,,
e_e006826,central,2,2,0,0,0,0,30,여,4;4;2;1;4;6;6;6,41,41460;28110;41110,,,,,
e_e006828,central,2,1,0,0,0,0,30,여,2;5;2;6;6;4;2;2,41,41480;41570;11380,,,,,
e_e006830,central,2,10,0,0,0,0,40,여,1;1;2;7;6;4;1;3,41,42760;42150;41500,,,,,
e_e006831,central,2,11,0,0,0,0,30,여,4;3;3;3;5;5;3;6,41,42210;43800;11710,,,,,
e_e006833,central,2,11,0,0,0,0,30,남,2;4;2;4;5;3;3;5,11,42150;41830;43150,,,,,
e_e006834,central,2,21,0,0,0,0,60,여,1;5;1;1;2;7;1;7,11,50130;42150;26350,,,,,
e_e006837,central,2,22,0,0,0,0,60,여,5;4;5;2;4;5;2;7,41,50130;42210;26230,,,,,
e_e006840,central,2,2,0,0,0,0,40,여,4;3;2;4;5;4;5;5,41,41820;42150;43150,,,,,
e_e006844,central,2,1,0,0,0,0,40,남,4;3;1;4;4;2;4;5,41,47130;26710;41390,,,,,
e_e006846,central,2,1,0,0,0,0,30,여,7;1;1;1;7;1;1;7,28,50130;42150;26350,,,,,
e_e006849,central,2,21,0,0,0,0,60,남,6;2;4;2;2;2;2;6,11,42210;26350;50130,,,,,
e_e006851,central,2,22,0,0,0,0,40,남,2;3;4;6;3;6;3;5,41,41480;11380;41630,,,,,
e_e006852,central,2,12,0,0,0,0,60,남,2;2;2;3;2;6;2;6,11,42230;41360;50130,,,,,
e_e006853,central,2,1,0,0,0,0,60,여,2;3;2;2;2;2;2;6,11,50130;46730;42150,,,,,
e_e006854,central,2,12,0,0,0,0,60,여,1;6;1;2;1;6;1;7,41,48840;11110;42110,,,,,
e_e006855,central,2,21,0,0,0,0,40,여,1;1;3;5;3;2;5;3,11,42210;41800;44825,,,,,
e_e006856,central,2,26,0,0,0,0,40,여,3;1;2;4;5;5;2;6,11,42210;41820;43800,,,,,
e_e006861,central,2,4,0,0,0,0,30,여,1;1;1;2;4;2;1;2,41,42210;26350;43760,,,,,
e_e006862,central,2,1,0,0,0,0,20,여,2;2;2;1;6;5;2;5,28,50110;30200;47130,,,,,
e_e006863,central,2,4,0,0,0,0,30,남,3;2;6;5;6;2;1;5,41,42190;41460;11680,,,,,
e_e006865,central,2,1,0,0,0,0,30,여,3;2;2;3;2;3;6;4,41,42150;42750;47920,,,,,
e_e006867,central,2,10,0,0,0,0,40,여,3;4;4;3;3;3;2;6,41,42210;41820;41360,,,,,
e_e006869,central,2,22,0,0,0,0,20,여,2;3;2;4;4;6;2;5,41,42770;11110;41110,,,,,
e_e006871,central,2,11,0,0,0,0,30,여,1;7;4;5;2;4;1;2,11,41450;41460;41280,,,,,
e_e006874,central,2,21,0,0,0,0,50,여,3;4;3;1;2;4;5;1,41,50130;47280;43130,,,,,
e_e006875,central,2,2,0,0,0,0,30,여,1;1;1;4;6;1;6;7,41,41190;42150;11680,,,,,
e_e006876,central,2,2,0,0,0,0,20,여,2;1;6;1;2;1;1;6,41,11200;42820;26710,,,,,
e_e006877,central,2,2,0,0,0,0,30,남,7;1;1;3;2;4;2;2,11,11140;50130;42210,,,,,
e_e006879,central,2,22,0,0,0,0,30,남,3;4;5;4;2;3;5;2,41,28710;26380;41570,,,,,
e_e006880,central,2,11,0,0,0,0,50,남,2;1;1;6;6;1;2;6,11,41590;43750;44810,,,,,
e_e006882,central,2,1,0,0,0,0,30,여,1;2;2;2;1;3;3;6,11,50130;42760;26350,,,,,
e_e006883,central,2,10,0,0,0,0,60,남,2;3;3;3;4;4;2;3,11,42830;44210;50110,,,,,
e_e006884,central,2,25,0,0,0,0,30,남,1;1;1;3;1;1;2;5,11,42130;42750;42770,,,,,
e_e006886,central,2,1,0,0,0,0,20,남,4;3;3;4;2;3;4;5,43,11680;50110;26350,,,,,
e_e006887,central,2,1,0,0,0,0,20,여,1;1;1;7;4;4;7;7,41,42150;41500;47130,,,,,
e_e006890,central,2,11,0,0,0,0,40,남,6;1;1;3;7;1;6;6,11,28110;42760;28185,,,,,
e_e006892,central,2,2,0,0,0,0,20,남,1;1;1;6;7;4;7;7,11,42760;47930;50110,,,,,
e_e006893,central,2,1,0,0,0,0,30,여,4;5;5;4;6;4;5;4,28,47850;50130;41130,,,,,
e_e006894,central,2,3,0,0,0,0,30,여,1;3;2;4;3;2;5;4,11,42110;41820;48120,,,,,
e_e006895,central,2,22,0,0,0,0,60,남,2;4;3;2;3;3;3;5,41,41590;41830;42230,,,,,
e_e006896,central,2,2,0,0,0,0,40,여,1;1;7;1;1;7;1;3,41,41820;41650;28710,,,,,
e_e006897,central,2,2,0,0,0,0,30,여,4;3;2;4;6;2;2;7,41,50130;26350;42150,,,,,
e_e006899,central,2,2,0,0,0,0,20,남,2;2;1;3;3;3;6;5,41,42150;50110;26350,,,,,
e_e006900,central,2,1,0,0,0,0,20,여,3;2;1;6;7;4;2;5,28,42170;11440;50110,,,,,
e_e006901,central,2,4,0,0,0,0,30,남,2;2;2;1;3;4;4;4,41,42150;46110;26350,,,,,
e_e006902,central,2,6,0,0,0,0,20,여,6;6;7;2;4;5;2;5,41,11380;11710;11170,,,,,
e_e006905,central,2,2,0,0,0,0,30,여,2;2;3;5;3;5;2;3,41,42210;42150;26350,,,,,
e_e006906,central,2,1,0,0,0,0,20,여,5;7;2;5;5;6;6;7,41,11650;11110;41110,,,,,
e_e006907,central,2,2,0,0,0,0,30,남,1;1;1;2;1;1;1;1,41,41650;42150;41830,,,,,
e_e006908,central,2,22,0,0,0,0,40,남,1;1;7;1;1;7;7;7,28,50130;50110;42210,,,,,
e_e006909,central,2,3,0,0,0,0,30,여,4;1;4;1;6;4;2;4,11,42210;42150;50130,,,,,
e_e006911,central,2,11,0,0,0,0,40,여,2;2;3;3;2;2;2;7,11,41830;42720;42210,,,,,
e_e006912,central,2,2,0,0,0,0,20,여,2;2;2;5;3;3;6;6,11,42820;50130;45790,,,,,
e_e006913,central,2,2,0,0,0,0,30,여,5;2;2;6;7;6;7;7,11,42150;41820;42830,,,,,
e_e006914,central,2,2,0,0,0,0,30,남,2;4;2;3;5;2;2;6,41,44810;46900;41570,,,,,
e_e006915,central,2,22,0,0,0,0,40,여,6;4;6;6;6;5;6;5,11,41280;47920;41570,,,,,
e_e006918,central,2,2,0,0,0,0,40,남,2;5;3;4;6;3;2;6,11,42150;41820;45110,,,,,
e_e006919,central,2,2,0,0,0,0,40,남,4;2;3;2;4;5;2;5,11,42210;42820;26710,,,,,
e_e006920,central,2,4,0,0,0,0,30,남,1;4;4;1;1;3;4;6,41,42780;41800;47840,,,,,
e_e006921,central,2,13,0,0,0,0,60,남,2;2;1;3;3;3;3;5,11,50130;42830;46130,,,,,
e_e006922,central,2,2,0,0,0,0,40,남,5;6;4;3;6;1;5;1,41,41290;44825;41500,,,,,
e_e006924,central,2,2,0,0,0,0,40,남,2;2;3;2;2;3;4;5,41,41830;41170;50110,,,,,
e_e006926,central,2,24,0,0,0,0,20,여,4;3;1;1;7;1;7;7,11,26350;50130;50110,,,,,
e_e006927,central,2,22,0,0,0,0,40,남,1;1;1;4;2;4;2;7,11,42170;44825;50110,,,,,
e_e006929,central,2,11,0,0,0,0,40,남,2;5;2;2;2;2;2;1,11,42210;41280;11560,,,,,
e_e006930,central,2,2,0,0,0,0,60,여,4;1;1;1;7;4;2;7,41,42150;26350;28710,,,,,
e_e006932,central,2,21,0,0,0,0,60,남,3;2;2;2;6;5;5;3,11,50110;42720;26350,,,,,
e_e006933,central,2,21,0,0,0,0,20,남,3;4;3;2;2;5;4;4,41,42210;42150;41480,,,,,
e_e006934,central,2,22,0,0,0,0,30,남,1;3;3;5;7;4;3;4,41,50110;42230;45130,,,,,
e_e006935,central,2,10,0,0,0,0,40,남,2;4;3;2;3;3;4;5,41,41500;42110;44200,,,,,
e_e006936,central,2,11,0,0,0,0,40,여,4;2;3;6;6;2;6;6,41,11140;11410;43800,,,,,
e_e006937,central,2,21,0,0,0,0,60,남,1;1;4;2;1;1;2;6,41,41830;42820;47130,,,,,
e_e006939,central,2,2,0,0,0,0,20,여,4;2;2;2;4;4;6;6,41,50130;50110;26170,,,,,
e_e006941,central,2,2,0,0,0,0,40,남,4;3;6;4;3;5;4;3,41,42150;26350;42210,,,,,
e_e006944,central,2,22,0,0,0,0,60,여,5;4;6;6;5;6;5;5,11,42820;42210;41830,,,,,
e_e006946,central,2,6,0,0,0,0,60,여,6;4;5;4;3;4;2;3,11,26350;44130;42110,,,,,
e_e006947,central,2,2,0,0,0,0,20,여,6;3;4;3;6;6;6;7,30,50110;27230;11680,,,,,
e_e006949,central,2,4,0,0,0,0,40,남,6;1;2;6;7;2;2;6,41,42210;41820;47130,,,,,
e_e006950,central,2,11,0,0,0,0,30,여,5;6;4;1;5;4;2;3,41,41130;41590;41110,,,,,
e_e006951,central,2,24,0,0,0,0,60,남,1;2;2;3;4;2;4;6,11,46130;28185;26110,,,,,
e_e006952,central,2,4,0,0,0,0,30,여,1;1;1;4;7;2;6;4,11,44825;42110;42150,,,,,
e_e006953,central,2,2,0,0,0,0,40,여,1;4;2;4;4;2;2;3,41,47130;50110;42150,,,,,
e_e006954,central,2,2,0,0,0,0,30,남,4;2;2;4;6;2;6;7,28,41820;28710;41480,,,,,
e_e006955,central,2,11,0,0,0,0,30,남,2;6;4;2;2;4;6;2,28,28200;28177;28185,,,,,
e_e007132,central,2,1,0,0,0,0,30,여,4;2;3;1;3;6;7;6,41,41460;30200;11680,,,,,
e_e007137,central,2,11,0,0,0,0,40,남,4;1;1;4;3;1;5;5,41,26350;50130;28185,,,,,
e_e007139,central,2,2,0,0,0,0,50,여,4;7;1;6;6;7;6;7,11,44180;45130;50130,,,,,
e_e007145,central,2,4,0,0,0,0,30,남,1;4;2;3;4;5;3;4,41,50130;42210;42190,,,,,
e_e007155,central,2,2,0,0,0,0,20,여,3;3;2;2;3;2;4;6,41,50130;50110;42810,,,,,
e_e007166,central,2,22,0,0,0,0,30,여,2;2;1;4;2;1;2;7,11,42830;48840;46150,,,,,
e_e007169,central,2,11,0,0,0,0,40,여,2;2;1;6;6;5;4;6,41,42830;47930;41830,,,,,
e_e007170,central,2,3,0,0,0,0,60,남,3;4;2;3;3;2;2;3,41,50110;42150;44825,,,,,
e_e007172,central,2,2,0,0,0,0,60,여,2;1;3;4;5;3;6;6,41,42210;42820;41460,,,,,
e_e007174,central,2,1,0,0,0,0,20,여,3;4;3;5;4;3;4;5,11,50130;50110;26200,,,,,
e_e007175,central,2,8,0,0,0,0,20,여,2;2;2;4;2;2;2;3,11,41480;50130;42820,,,,,
e_e007192,central,2,22,0,0,0,0,30,여,2;2;1;4;3;2;1;6,11,48220;46710;28200,,,,,
e_e007193,central,2,21,0,0,0,0,20,여,4;2;1;5;3;5;1;7,41,26500;50110;29155,,,,,
e_e007196,central,2,22,0,0,0,0,30,여,4;4;4;4;2;4;5;4,27,26530;11140;11110,,,,,
e_e007198,central,2,22,0,0,0,0,40,여,2;4;5;4;2;5;2;4,28,42720;41650;11110,,,,,
e_e007200,central,2,2,0,0,0,0,20,남,1;1;3;3;2;1;1;7,11,50110;26500;11440,,,,,
e_e007202,central,2,1,0,0,0,0,30,여,4;5;2;1;1;6;2;2,41,41450;41830;11710,,,,,
e_e007203,central,2,2,0,0,0,0,20,남,4;2;2;3;6;4;2;6,41,41110;11680;44130,,,,,
e_e007205,central,2,1,0,0,0,0,20,여,5;2;3;4;6;2;6;4,11,42210;50110;26350,,,,,
e_e007207,central,2,22,0,0,0,0,20,남,4;5;3;4;3;5;4;5,44,11650;50110;26110,,,,,
e_e007213,central,2,1,0,0,0,0,30,여,2;6;2;6;2;3;2;5,41,50130;42150;30170,,,,,
e_e007214,central,2,22,0,0,0,0,30,남,3;5;1;1;1;6;6;6,41,41280;42150;41360,,,,,
e_e007216,central,2,9,0,0,0,0,30,여,3;4;4;3;5;2;2;6,27,11680;47720;47110,,,,,
e_e007217,central,2,1,0,0,0,0,60,남,1;4;1;2;2;4;1;2,41,41650;42760;41500,,,,,
e_e007218,central,2,6,0,0,0,0,20,여,3;1;1;3;2;6;6;3,41,11560;28200;50110,,,,,
e_e007219,central,2,2,0,0,0,0,30,여,2;1;6;2;5;4;1;6,41,42150;42210;43130,,,,,
e_e007221,central,2,1,0,0,0,0,30,남,3;5;6;2;2;3;6;6,11,50110;42210;42820,,,,,
e_e007227,central,2,1,0,0,0,0,20,여,2;2;1;4;6;4;6;5,41,41480;11710;41360,,,,,
e_e007228,central,2,5,0,0,0,0,30,여,4;7;1;1;1;7;1;7,11,41610;42150;28245,,,,,
e_e007231,central,2,11,0,0,0,0,60,여,2;3;4;5;5;4;3;5,41,42150;50130;47130,,,,,
e_e007236,central,2,27,0,0,0,0,30,남,3;1;2;5;3;3;3;7,44,50110;42150;48850,,,,,
e_e007239,central,2,22,0,0,0,0,40,남,2;1;2;3;5;2;5;6,41,50110;42210;26110,,,,,
e_e007242,central,2,2,0,0,0,0,20,여,3;2;1;2;3;3;6;5,41,50130;42720;11680,,,,,
e_e007243,central,2,11,0,0,0,0,40,여,3;3;4;3;4;5;3;4,11,50130;42150;41820,,,,,
e_e007245,central,2,1,0,0,0,0,30,여,3;3;2;3;4;3;5;6,41,50110;43800;42150,,,,,
e_e007249,central,2,2,0,0,0,0,30,여,1;1;1;1;1;1;1;7,41,28110;41460;42210,,,,,
e_e007255,central,2,1,0,0,0,0,20,남,4;2;2;2;4;2;3;6,30,50110;50130;11170,,,,,
e_e007269,central,2,22,0,0,0,0,50,남,2;4;6;3;6;6;1;1,11,41610;28260;44180,,,,,
e_e007270,central,2,1,0,0,0,0,40,남,4;4;4;4;6;6;3;5,41,42150;41430;27260,,,,,
e_e007272,central,2,6,0,0,0,0,40,여,4;4;4;4;4;4;4;4,42,42210;42230;11440,,,,,
e_e007277,central,2,21,0,0,0,0,60,남,1;4;4;4;1;4;4;4,41,42210;50110;41820,,,,,
e_e007289,central,2,12,0,0,0,0,30,여,2;6;2;2;4;2;2;7,36,44180;42230;50110,,,,,
e_e007294,central,2,2,0,0,0,0,30,여,2;2;2;2;5;5;2;6,41,42830;42150;41820,,,,,
e_e007296,central,2,1,0,0,0,0,20,여,6;2;1;3;6;2;2;6,41,11110;11650;26230,,,,,
e_e007301,central,2,21,0,0,0,0,30,남,2;2;4;2;2;2;6;4,28,42210;41570;28710,,,,,
e_e007304,central,2,24,0,0,0,0,30,남,3;2;2;3;2;3;2;5,41,50130;42210;11440,,,,,
e_e007306,central,2,2,0,0,0,0,20,남,4;1;1;5;4;4;2;7,28,11440;41280;42810,,,,,
e_e007310,central,2,11,0,0,0,0,40,남,3;3;2;5;3;3;2;5,41,42820;41820;41290,,,,,
e_e007311,central,2,1,0,0,0,0,30,남,7;7;5;3;6;4;3;5,11,42170;50130;26350,,,,,
e_e007312,central,2,11,0,0,0,0,30,남,5;4;6;2;5;7;1;7,41,42820;41280;46130,,,,,
e_e007315,central,2,10,0,0,0,0,20,남,4;3;2;3;6;5;3;6,41,50110;26290;28260,,,,,
e_e007316,central,2,1,0,0,0,0,20,여,4;2;3;6;3;6;2;6,41,42150;26500;50110,,,,,
e_e007328,central,2,2,0,0,0,0,50,여,4;6;4;1;1;3;4;4,11,41820;42150;28710,,,,,
e_e007332,central,2,13,0,0,0,0,20,여,6;5;4;6;2;3;2;4,41,26110;11110;11440,,,,,
e_e007334,central,2,1,0,0,0,0,40,남,5;3;4;5;3;5;3;4,41,41290;41430;41410,,,,,
e_e007338,central,2,21,0,0,0,0,20,남,2;5;2;3;2;2;5;5,11,41360;42210;28710,,,,,
e_e007339,central,2,1,0,0,0,0,40,남,2;2;6;1;5;5;3;6,43,42150;50130;26350,,,,,
e_e007341,central,2,1,0,0,0,0,30,여,4;7;7;4;2;7;1;7,26,26710;48250;48220,,,,,
e_e007342,central,2,12,0,0,0,0,20,여,2;3;5;3;2;2;6;6,11,50110;41480;28710,,,,,
e_e007354,central,2,1,0,0,0,0,20,남,4;6;5;4;4;4;4;4,41,41830;42150;47130,,,,,
e_e007357,central,2,11,0,0,0,0,50,남,4;2;3;2;2;2;3;7,11,50110;42210;44150,,,,,
e_e007362,central,2,4,0,0,0,0,30,남,2;6;2;3;4;5;2;6,11,11200;41280;48120,,,,,
e_e007379,central,2,1,0,0,0,0,20,여,4;2;4;3;6;2;6;5,11,50110;50130;42150,,,,,
e_e007385,central,2,1,0,0,0,0,30,여,1;2;2;2;2;4;3;5,28,31200;11230;46150,,,,,
e_e007388,central,2,27,0,0,0,0,20,여,6;5;1;7;6;6;7;7,11,42210;26110;42720,,,,,
e_e007391,central,2,22,0,0,0,0,20,남,5;7;4;2;1;4;4;5,41,11140;11650;11170,,,,,
e_e007394,central,2,1,0,0,0,0,20,남,3;2;3;3;2;5;1;6,41,50130;26110;42150,,,,,
e_e007399,central,2,7,0,0,0,0,40,남,1;1;7;4;7;7;7;1,41,42760;42150;26350,,,,,
e_e007402,central,2,28,0,0,0,0,30,여,4;3;5;5;2;6;2;5,41,42210;26350;28110,,,,,
e_e007403,central,2,1,0,0,0,0,20,여,6;6;4;3;4;5;2;6,41,11140;11215;11350,,,,,
e_e007409,central,2,21,0,0,0,0,40,여,1;2;1;3;5;1;2;2,41,26350;42170;43800,,,,,
e_e007421,central,2,1,0,0,0,0,30,여,1;7;1;1;7;1;1;7,11,41110;11680;41360,,,,,
e_e007425,central,2,21,0,0,0,0,20,여,3;3;3;3;2;5;2;5,41,50130;50110;47130,,,,,
e_e007430,central,2,21,0,0,0,0,30,여,7;1;1;6;7;1;7;1,41,11215;50130;48840,,,,,
e_e007431,central,2,5,0,0,0,0,20,여,7;6;6;6;6;4;3;7,31,11680;30230;26200,,,,,
e_e007437,central,2,1,0,0,0,0,20,여,5;2;3;6;1;5;5;4,41,50130;50110;30140,,,,,
e_e007441,central,2,21,0,0,0,0,30,남,2;2;5;5;2;2;1;6,11,46130;45110;29200,,,,,
e_e007450,central,2,1,0,0,0,0,20,여,6;2;3;1;7;7;7;7,41,50110;29170;42150,,,,,
e_e007452,central,2,1,0,0,0,0,20,여,2;2;3;3;4;4;7;5,36,26710;50130;42150,,,,,
e_e007453,central,2,6,0,0,0,0,20,여,6;2;1;3;7;6;2;6,41,50110;47130;47110,,,,,
e_e007460,central,2,2,0,0,0,0,20,남,5;1;1;1;1;3;5;7,41,46130;30140;42210,,,,,
e_e007474,central,2,2,0,0,0,0,40,여,1;1;1;3;3;3;5;5,11,42150;26350;44180,,,,,
e_e007480,central,2,1,0,0,0,0,20,남,7;6;6;7;7;7;7;1,41,26140;11680;41290,,,,,
e_e007482,central,2,1,0,0,0,0,20,여,7;1;1;6;1;4;2;7,11,50130;42150;26110,,,,,
e_e007484,central,2,28,0,0,0,0,30,여,3;3;3;2;2;1;6;5,41,11440;42830;26500,,,,,
e_e007488,central,2,3,0,0,0,0,20,여,3;3;1;5;6;6;5;6,11,50110;42150;41110,,,,,
e_e007491,central,2,28,0,0,0,0,60,여,6;4;6;6;6;7;6;2,11,42210;41830;46810,,,,,
e_e007497,central,2,22,0,0,0,0,30,남,1;4;3;3;4;5;3;3,11,41280;28710;48310,,,,,
e_e007504,central,2,1,0,0,0,0,20,여,7;7;7;1;2;7;5;7,42,11710;42130;11200,,,,,
e_e007509,central,2,2,0,0,0,0,30,여,7;4;4;1;4;4;4;7,11,50110;50130;41460,,,,,
e_e007512,central,2,10,0,0,0,0,20,남,3;2;2;4;6;3;6;7,41,11680;50110;45110,,,,,
e_e007515,central,2,6,0,0,0,0,20,남,2;1;1;4;2;2;4;4,41,11440;42210;50110,,,,,
e_e007518,central,2,22,0,0,0,0,20,남,7;1;1;1;7;7;7;7,30,11680;26350;50110,,,,,
e_e007527,central,2,11,0,0,0,0,30,남,6;7;2;1;7;4;1;5,28,11140;42210;26290,,,,,
e_e007533,central,2,1,0,0,0,0,60,여,5;5;4;6;3;6;5;4,41,41820;47840;41290,,,,,
e_e007534,central,2,1,0,0,0,0,30,여,5;5;2;1;4;4;3;5,45,42150;11170;50110,,,,,
e_e007538,central,2,1,0,0,0,0,20,여,4;1;1;5;7;6;5;6,43,11200;30230;42150,,,,,
e_e007540,central,2,2,0,0,0,0,40,남,4;4;6;3;4;5;3;2,11,11170;28110;41280,,,,,
e_e007546,central,2,6,0,0,0,0,60,여,1;1;2;1;1;2;1;3,41,42150;50130;41820,,,,,
e_e007548,central,2,1,0,0,0,0,40,여,4;4;2;2;4;4;4;7,42,42150;50130;43130,,,,,
e_e007552,central,2,1,0,0,0,0,40,여,2;2;2;4;6;2;2;6,11,50130;42190;26500,,,,,
e_e007557,central,2,1,0,0,0,0,40,남,2;5;6;1;1;5;7;2,11,41450;41830;11680,,,,,
e_e007562,central,2,2,0,0,0,0,20,여,2;1;1;6;1;7;7;7,41,50130;26500;42150,,,,,
e_e007567,central,2,23,0,0,0,0,50,여,6;2;1;1;7;4;1;6,41,50130;42150;26350,,,,,
e_e007572,central,2,3,0,0,0,0,30,여,1;1;1;4;7;1;1;6,11,50110;50130;42150,,,,,
e_e007573,central,2,1,0,0,0,0,30,여,2;2;2;3;6;6;3;7,41,26350;50110;41390,,,,,
e_e007574,central,2,21,0,0,0,0,60,남,4;4;4;4;5;3;4;4,11,42210;41480;50130,,,,,
e_e007575,central,2,28,0,0,0,0,30,남,2;1;4;4;6;3;5;3,11,41360;41450;42150,,,,,
e_e007581,central,2,2,0,0,0,0,30,여,2;1;2;2;2;1;5;4,41,50130;26200;48220,,,,,
e_e007583,central,2,1,0,0,0,0,20,남,6;2;4;2;3;6;5;5,41,48170;11680;26500,,,,,
e_e007584,central,2,1,0,0,0,0,30,여,3;3;1;3;3;1;4;2,41,43800;28710;42210,,,,,
e_e007585,central,2,22,0,0,0,0,30,여,4;5;1;1;4;3;4;4,42,28185;43150;42210,,,,,
e_e007586,central,2,2,0,0,0,0,60,여,4;4;4;4;4;4;4;5,41,41190;28237;43800,,,,,
e_e007590,central,2,1,0,0,0,0,30,여,1;2;1;7;4;1;7;1,11,47130;31710;41170,,,,,
e_e007591,central,2,22,0,0,0,0,30,여,1;2;1;4;5;2;4;6,28,42760;41630;50130,,,,,
e_e007593,central,2,1,0,0,0,0,20,여,4;2;2;4;3;5;7;4,30,26350;11440;46130,,,,,
e_e007597,central,2,3,0,0,0,0,30,여,4;7;7;4;1;7;1;7,41,42150;41590;11500,,,,,
e_e007598,central,2,6,0,0,0,0,20,여,1;2;2;4;6;5;7;5,42,42210;11710;50110,,,,,
e_e007603,central,2,22,0,0,0,0,30,남,4;4;4;4;4;4;5;4,28,50110;47110;11110,,,,,
e_e007606,central,2,1,0,0,0,0,40,여,4;4;4;4;4;4;4;7,11,42150;42210;42830,,,,,
e_e007607,central,2,22,0,0,0,0,20,여,7;5;1;5;5;2;7;5,27,11230;11680;50130,,,,,
e_e007610,central,2,1,0,0,0,0,20,여,7;1;1;1;5;6;1;7,44,50110;50130;26350,,,,,
e_e007615,central,2,12,0,0,0,0,30,남,2;2;1;1;1;2;2;4,11,42210;30230;48310,,,,,
e_e007621,central,2,6,0,0,0,0,60,여,4;4;4;4;4;4;4;4,44,42230;41310;30140,,,,,
e_e007625,central,2,1,0,0,0,0,30,여,3;3;4;4;5;4;1;7,11,50110;42150;26350,,,,,
e_e007631,central,2,2,0,0,0,0,20,남,6;2;3;2;6;3;5;7,11,50130;42150;26710,,,,,
e_e007634,central,2,26,0,0,0,0,20,여,1;7;4;5;7;2;5;7,41,45130;11680;42230,,,,,
e_e007637,central,2,11,0,0,0,0,30,남,2;1;4;2;4;4;4;6,11,50130;42150;46130,,,,,
e_e007643,central,2,1,0,0,0,0,20,여,2;4;2;4;5;5;6;6,41,42210;42150;42170,,,,,
e_e007647,central,2,1,0,0,0,0,20,남,4;3;4;4;5;3;4;4,11,42150;26350;45110,,,,,
e_e007653,central,2,1,0,0,0,0,20,여,7;1;1;1;4;2;6;4,41,50130;42150;26350,,,,,
e_e007656,central,2,12,0,0,0,0,30,여,3;3;2;4;2;3;5;2,11,50130;42150;48220,,,,,
e_e007660,central,2,1,0,0,0,0,20,여,4;4;4;4;5;5;5;5,11,42170;42820;26410,,,,,
e_e007673,central,2,22,0,0,0,0,40,여,1;1;1;4;1;1;1;1,11,42210;50110;41650,,,,,
e_e007674,central,2,6,0,0,0,0,40,여,3;4;2;2;4;3;3;5,41,42170;48220;41110,,,,,
e_e007677,central,2,2,0,0,0,0,30,여,1;5;2;3;2;5;2;7,41,42760;45110;11410,,,,,
e_e007678,central,2,1,0,0,0,0,40,여,3;5;3;4;3;5;5;4,11,41570;41450;47170,,,,,
e_e007679,central,2,1,0,0,0,0,20,여,4;2;2;1;7;5;7;7,41,50130;26350;50110,,,,,
e_e007682,central,2,1,0,0,0,0,30,남,1;1;1;7;7;1;7;1,11,41170;29155;41280,,,,,
e_e007684,central,2,26,0,0,0,0,30,남,3;2;4;3;2;5;5;4,11,11680;41460;42150,,,,,
e_e007689,central,2,1,0,0,0,0,20,여,1;1;5;2;3;3;3;5,11,50130;42150;50110,,,,,
e_e007690,central,2,2,0,0,0,0,30,남,3;5;3;6;6;2;6;6,41,11170;11110;41110,,,,,
e_e007693,central,2,22,0,0,0,0,60,남,2;6;3;4;2;6;6;5,28,42210;28710;42150,,,,,
e_e007704,central,2,1,0,0,0,0,20,여,4;2;2;5;4;5;3;6,11,42150;50130;26200,,,,,
e_e007705,central,2,1,0,0,0,0,30,여,2;2;2;4;4;2;2;6,11,50110;50130;42830,,,,,
e_e007708,central,2,1,0,0,0,0,30,여,2;2;2;5;6;5;5;7,41,42230;42150;43800,,,,,
e_e007743,central,2,22,0,0,0,0,20,여,3;2;1;4;5;5;2;6,41,11680;50110;42150,,,,,
e_e007745,central,2,2,0,0,0,0,20,여,1;1;1;1;1;7;2;7,11,42150;42210;50130,,,,,
e_e007746,central,2,1,0,0,0,0,20,여,4;2;2;4;5;5;6;7,42,30140;26380;11140,,,,,
e_e007748,central,2,2,0,0,0,0,30,남,2;1;3;5;5;4;2;6,41,42150;41280;43150,,,,,
e_e007749,central,2,21,0,0,0,0,30,여,2;1;3;4;2;6;6;6,41,42730;41650;46110,,,,,
e_e007752,central,2,2,0,0,0,0,40,여,2;2;2;2;6;2;2;6,41,11710;11215;50130,,,,,
e_e007753,central,2,2,0,0,0,0,40,여,1;1;4;4;4;4;4;7,11,11440;42820;26350,,,,,
e_e007756,central,2,21,0,0,0,0,60,남,2;2;1;2;6;3;2;4,11,42110;41570;41280,,,,,
e_e007757,central,2,1,0,0,0,0,20,여,3;2;4;1;1;1;4;7,41,42230;42150;26350,,,,,
e_e007758,central,2,4,0,0,0,0,40,여,2;3;2;4;5;3;6;5,11,42230;26350;50110,,,,,
e_e007759,central,2,2,0,0,0,0,40,남,2;3;2;2;2;3;2;6,11,42760;28110;41820,,,,,
e_e007760,central,2,1,0,0,0,0,20,여,3;5;6;6;5;5;5;5,41,42210;11560;50130,,,,,
e_e007761,central,2,2,0,0,0,0,30,남,1;1;1;1;1;1;2;6,11,50130;50110;26710,,,,,
e_e007764,central,2,22,0,0,0,0,60,남,1;1;7;4;4;4;5;2,43,44180;50110;42150,,,,,
e_e007765,central,2,21,0,0,0,0,60,여,4;4;4;4;4;4;4;4,11,42210;44825;41390,,,,,
e_e007766,central,2,22,0,0,0,0,40,남,4;4;4;4;7;4;6;1,11,41570;41480;41280,,,,,
e_e007767,central,2,12,0,0,0,0,30,여,3;2;3;2;4;6;5;5,41,42830;42110;28710,,,,,
e_e007768,central,2,5,0,0,0,0,50,남,1;1;7;4;6;4;4;4,28,42130;42720;41170,,,,,
e_e007770,central,2,1,0,0,0,0,20,여,3;4;3;2;6;5;2;1,41,42210;11110;47250,,,,,
e_e007772,central,2,24,0,0,0,0,60,여,1;6;2;2;2;2;6;1,11,42150;43730;47750,,,,,
e_e007773,central,2,21,0,0,0,0,40,여,4;3;3;3;2;3;6;5,41,41270;11680;42150,,,,,
e_e007775,central,2,4,0,0,0,0,30,여,2;2;2;4;4;3;6;5,45,42150;46110;50130,,,,,
e_e007778,central,2,2,0,0,0,0,30,남,6;5;3;5;5;5;3;2,41,26350;48840;46130,,,,,
e_e007779,central,2,1,0,0,0,0,20,여,1;1;1;4;4;4;6;6,41,42150;48310;47720,,,,,
e_e007781,central,2,2,0,0,0,0,30,여,6;4;2;2;6;3;2;5,41,28185;28110;41110,,,,,
e_e007783,central,2,2,0,0,0,0,30,남,6;1;2;1;4;5;5;7,11,42150;41210;46800,,,,,
e_e007788,central,2,10,0,0,0,0,40,남,4;4;1;1;6;4;3;3,11,42820;50130;48840,,,,,
e_e007789,central,2,2,0,0,0,0,30,여,1;3;5;1;1;3;4;3,28,42210;28110;42830,,,,,
e_e007791,central,2,24,0,0,0,0,30,여,1;1;4;3;1;3;1;2,41,41650;42750;28720,,,,,
e_e007792,central,2,3,0,0,0,0,60,여,3;3;3;2;3;3;3;4,11,42210;41830;44180,,,,,
e_e007793,central,2,2,0,0,0,0,20,남,1;2;2;4;4;1;1;7,11,41270;41390;28110,,,,,
e_e007794,central,2,22,0,0,0,0,40,여,1;7;1;7;7;4;1;7,11,41280;11350;42760,,,,,
e_e007796,central,2,11,0,0,0,0,40,여,2;2;2;2;2;6;2;6,11,41650;42210;28710,,,,,
e_e007797,central,2,2,0,0,0,0,30,남,2;1;2;2;1;1;4;6,41,26290;50110;50130,,,,,
e_e007800,central,2,2,0,0,0,0,30,남,4;4;3;4;4;3;2;5,28,41290;41110;42110,,,,,
e_e007802,central,2,2,0,0,0,0,30,여,6;2;1;4;4;5;6;7,11,42820;28185;50130,,,,,
e_e007803,central,2,21,0,0,0,0,40,여,1;2;2;3;6;4;5;6,41,11320;41290;42210,,,,,
e_e007804,central,2,2,0,0,0,0,30,여,4;2;2;2;2;4;5;6,41,41820;41590;41110,,,,,
e_e007806,central,2,2,0,0,0,0,30,여,1;5;4;5;5;5;1;5,11,42230;41800;50110,,,,,
e_e007807,central,2,22,0,0,0,0,40,여,3;3;3;3;5;2;2;6,41,50130;42210;26350,,,,,
e_e007809,central,2,11,0,0,0,0,40,남,1;6;1;4;7;7;1;3,41,42150;41820;11140,,,,,
e_e007812,central,2,21,0,0,0,0,60,여,3;3;5;4;4;4;5;5,41,41190;28200;44270,,,,,
e_e007815,central,2,2,0,0,0,0,30,남,1;1;1;1;7;7;1;1,41,41130;11680;46130,,,,,
e_e007816,central,2,11,0,0,0,0,30,남,4;1;6;2;2;4;1;3,11,41570;26350;42210,,,,,
e_e007817,central,2,2,0,0,0,0,50,남,3;3;2;5;2;6;5;3,41,28185;41390;42150,,,,,
e_e007818,central,2,4,0,0,0,0,30,남,6;5;4;2;2;6;2;6,41,41820;42110;41430,,,,,
e_e007819,central,2,4,0,0,0,0,30,남,7;7;7;7;1;7;1;7,41,41150;11680;41830,,,,,
e_e007821,central,2,21,0,0,0,0,40,여,2;3;4;3;4;3;3;5,11,42150;44825;28710,,,,,
e_e007822,central,2,11,0,0,0,0,30,남,3;6;3;5;5;5;5;3,41,41460;41130;41820,,,,,
e_e007825,central,2,2,0,0,0,0,30,남,4;4;2;2;4;3;2;6,41,42150;28710;50110,,,,,
e_e007826,central,2,2,0,0,0,0,40,여,4;2;2;2;2;3;1;2,41,41800;41820;41650,,,,,
e_e007829,central,2,1,0,0,0,0,30,여,2;1;4;6;6;5;2;5,11,50110;48220;27110,,,,,
e_e007831,central,2,4,0,0,0,0,30,남,2;4;2;1;3;5;4;6,41,42170;42130;41460,,,,,
e_e007832,central,2,2,0,0,0,0,30,남,1;7;2;6;6;5;2;6,28,41290;11560;28185,,,,,
e_e007833,central,2,11,0,0,0,0,30,남,3;4;4;5;6;4;4;4,11,42770;42750;41280,,,,,
e_e007834,central,2,3,0,0,0,0,40,남,1;3;4;5;4;4;1;4,11,42830;41820;44825,,,,,
e_e007835,central,2,21,0,0,0,0,30,여,1;2;1;4;4;3;1;5,11,42210;46130;47130,,,,,
e_e007836,central,2,4,0,0,0,0,40,여,2;2;2;4;2;2;6;5,43,42750;43150;45730,,,,,
e_e007837,central,2,11,0,0,0,0,40,남,2;3;3;5;5;4;2;6,41,41820;42750;42760,,,,,
e_e007838,central,2,1,0,0,0,0,30,여,7;6;7;7;7;6;2;6,30,11170;11440;11110,,,,,
e_e007839,central,2,4,0,0,0,0,20,남,5;2;5;2;5;2;7;6,27,50110;11680;47110,,,,,
e_e007845,central,2,1,0,0,0,0,60,여,1;4;1;1;1;4;3;7,41,42150;46810;41820,,,,,
e_e007847,central,2,2,0,0,0,0,40,남,5;3;1;3;6;7;1;6,41,42780;41800;41650,,,,,
e_e007848,central,2,12,0,0,0,0,30,남,5;4;5;3;4;5;4;5,11,41280;28260;11110,,,,,
e_e007850,central,2,2,0,0,0,0,30,여,2;2;2;4;4;3;3;7,11,44810;44270;42230,,,,,
e_e007851,central,2,12,0,0,0,0,30,남,1;1;6;2;1;6;6;7,11,41310;41360;41830,,,,,
e_e007852,central,2,2,0,0,0,0,40,여,3;2;3;3;4;3;3;6,45,42150;45110;26350,,,,,
e_e007853,central,2,6,0,0,0,0,40,남,4;1;3;3;4;4;4;6,41,42190;45210;11110,,,,,
e_e007856,central,2,9,0,0,0,0,30,남,2;3;1;3;5;2;2;6,41,26350;42210;41480,,,,,
e_e007858,central,2,24,0,0,0,0,40,남,7;4;3;2;6;5;3;6,11,41670;41550;41480,,,,,
e_e007860,central,2,21,0,0,0,0,60,여,1;1;1;1;1;1;1;1,41,42750;41830;28710,,,,,
e_e007861,central,2,11,0,0,0,0,30,여,2;4;5;5;4;5;2;2,11,42730;41220;44270,,,,,
e_e007862,central,2,2,0,0,0,0,40,여,4;3;3;3;4;4;6;6,41,42150;46130;47110,,,,,
e_e007863,central,2,1,0,0,0,0,40,여,4;4;3;3;3;5;3;5,11,42210;26500;50130,,,,,
e_e007866,central,2,1,0,0,0,0,30,남,1;1;7;1;4;4;1;7,28,41570;42760;11500,,,,,
e_e007867,central,2,21,0,0,0,0,60,남,2;2;3;2;2;3;2;4,41,50130;42210;41820,,,,,
e_e007868,central,2,1,0,0,0,0,30,여,2;1;4;4;4;4;4;5,11,50130;41290;41270,,,,,
e_e007869,central,2,2,0,0,0,0,40,여,3;3;3;2;3;4;2;7,11,42210;41290;28710,,,,,
e_e007870,central,2,22,0,0,0,0,60,남,3;5;2;1;6;7;2;7,11,28710;42210;44825,,,,,
e_e007871,central,2,3,0,0,0,0,40,여,3;2;2;1;3;4;1;6,41,47130;28710;42110,,,,,
e_e007872,central,2,11,0,0,0,0,40,남,4;4;2;5;6;3;6;6,41,11110;11710;41110,,,,,
e_e007875,central,2,4,0,0,0,0,60,남,4;2;1;4;6;4;6;6,41,41830;42730;42210,,,,,
e_e007876,central,2,21,0,0,0,0,60,여,6;6;1;2;5;6;2;3,28,41570;11110;28710,,,,,
e_e007878,central,2,2,0,0,0,0,30,남,5;6;3;5;4;6;4;5,41,41460;42820;41110,,,,,
e_e007879,central,2,4,0,0,0,0,40,여,4;2;2;3;5;5;4;5,41,50110;42210;26350,,,,,
e_e007882,central,2,5,0,0,0,0,30,남,5;4;5;5;4;6;6;6,11,26260;42150;11680,,,,,
e_e007883,central,2,2,0,0,0,0,20,남,4;4;1;4;4;1;3;4,11,41280;28710;26320,,,,,
e_e007885,central,2,2,0,0,0,0,50,여,6;6;6;2;2;6;2;6,11,42170;41820;41280,,,,,
e_e007886,central,2,25,0,0,0,0,40,여,2;4;5;2;3;4;5;5,41,42210;50130;41830,,,,,
e_e007890,central,2,22,0,0,0,0,40,남,3;2;1;4;2;2;5;4,41,26350;42150;50130,,,,,
e_e007895,central,2,22,0,0,0,0,20,남,6;2;2;5;5;6;5;7,11,28185;42820;48850,,,,,
e_e007914,central,2,11,0,0,0,0,20,여,4;5;3;4;6;3;6;7,11,50130;42210;42110,,,,,
e_e007925,central,2,13,0,0,0,0,30,남,3;1;1;1;1;1;2;7,41,42210;26350;46130,,,,,
e_e007937,central,2,2,0,0,0,0,20,여,4;5;3;4;3;5;3;6,41,42210;47130;41460,,,,,
e_e007971,central,2,5,0,0,0,0,20,여,2;6;2;5;7;1;7;7,11,26350;42230;48240,,,,,
e_e007976,central,2,1,0,0,0,0,40,남,2;4;1;3;3;5;6;3,11,42170;41480;50130,,,,,
e_e007977,central,2,21,0,0,0,0,30,여,5;5;3;3;3;3;3;4,28,42150;26350;50110,,,,,
e_e007979,central,2,1,0,0,0,0,30,여,5;7;1;1;5;3;5;7,43,42230;46130;41110,,,,,
e_e007981,central,2,1,0,0,0,0,40,여,2;1;4;4;1;4;7;4,41,42150;41460;46130,,,,,
e_e007995,central,2,4,0,0,0,0,30,남,2;4;2;2;2;4;3;5,11,26350;50110;45140,,,,,
e_e008006,central,2,22,0,0,0,0,20,여,1;1;3;7;7;4;7;7,11,42170;26440;29140,,,,,
e_e008007,central,2,12,0,0,0,0,20,여,2;2;1;3;2;1;6;7,11,44825;41590;41110,,,,,
e_e008027,central,2,1,0,0,0,0,30,여,5;2;4;3;4;4;3;3,11,42150;42720;44130,,,,,
e_e008030,central,2,1,0,0,0,0,20,남,3;6;2;6;4;2;2;7,41,42170;50130;11170,,,,,
e_e008053,central,2,1,0,0,0,0,20,여,2;4;1;4;3;2;7;3,41,50110;42150;26350,,,,,
e_e008056,central,2,1,0,0,0,0,30,남,5;6;4;2;2;4;3;6,41,26350;41820;41360,,,,,
e_e008057,central,2,1,0,0,0,0,20,여,4;5;1;1;1;4;7;1,41,42150;42820;30140,,,,,
e_e008069,central,2,5,0,0,0,0,20,남,3;2;2;3;6;2;6;3,41,42830;47130;50130,,,,,
e_e008076,central,2,1,0,0,0,0,20,여,3;1;4;3;5;6;6;6,11,41820;28185;41450,,,,,
e_e008079,central,2,2,0,0,0,0,40,남,1;1;1;2;2;7;2;7,41,42150;42830;11680,,,,,
e_e008089,central,2,3,0,0,0,0,40,남,4;5;2;3;3;2;2;3,11,42830;50130;41360,,,,,
e_e008098,central,2,1,0,0,0,0,20,남,3;3;3;4;2;2;3;4,41,42830;42170;42150,,,,,
e_e008113,central,2,1,0,0,0,0,40,남,1;4;4;5;2;2;2;4,41,42820;47130;41480,,,,,
e_e008119,central,2,1,0,0,0,0,20,여,1;7;1;4;4;4;7;7,11,50110;50130;42150,,,,,
e_e008124,central,2,1,0,0,0,0,20,남,3;5;5;4;6;2;5;2,11,41110;50110;50130,,,,,
e_e008129,central,2,10,0,0,0,0,40,여,2;1;1;1;6;2;1;2,28,28710;50110;26350,,,,,
e_e008133,central,2,1,0,0,0,0,40,여,4;2;5;1;4;3;6;4,28,26710;42210;42230,,,,,
e_e008165,central,2,1,0,0,0,0,20,남,3;5;3;3;5;5;5;6,30,50130;26350;11650,,,,,
e_e008170,central,2,1,0,0,0,0,30,남,6;2;5;1;1;3;2;2,43,50110;11680;44130,,,,,
e_e008174,central,2,22,0,0,0,0,40,남,5;3;3;5;5;3;3;5,11,42150;43150;26350,,,,,
e_e008178,central,2,1,0,0,0,0,30,여,2;2;5;3;2;3;7;4,11,50130;27290;26350,,,,,
e_e008181,central,2,1,0,0,0,0,20,남,4;3;4;2;4;4;6;5,41,11710;11560;41110,,,,,
e_e008195,central,2,2,0,0,0,0,30,여,1;4;1;2;7;3;6;5,11,42110;50130;26500,,,,,
e_e008201,central,2,1,0,0,0,0,20,여,4;2;3;4;4;4;2;7,41,11440;42150;30200,,,,,
e_e008211,central,2,22,0,0,0,0,30,여,4;1;4;5;4;4;3;4,41,42150;26350;11440,,,,,
e_e008214,central,2,2,0,0,0,0,20,여,3;3;2;4;5;2;6;7,11,42150;42830;41450,,,,,
e_e008218,central,2,1,0,0,0,0,30,여,1;1;1;4;4;4;1;7,28,42150;42830;50130,,,,,
e_e008231,central,2,1,0,0,0,0,20,여,5;5;4;2;5;2;1;5,41,50110;11560;28185,,,,,
e_e008243,central,2,1,0,0,0,0,20,여,4;6;2;3;4;6;6;4,41,11230;42110;41310,,,,,
e_e008245,central,2,1,0,0,0,0,20,남,3;1;1;1;6;6;2;2,41,42150;50110;11440,,,,,
e_e008247,central,2,22,0,0,0,0,20,남,4;2;1;2;1;5;6;5,41,50130;42150;11680,,,,,
e_e008250,central,2,21,0,0,0,0,40,남,7;1;1;1;1;1;5;6,41,42150;26350;46130,,,,,
e_e008258,central,2,1,0,0,0,0,40,여,1;1;1;1;1;1;1;7,41,42210;26350;11440,,,,,
e_e008283,central,2,1,0,0,0,0,40,남,3;2;4;3;3;3;4;3,11,48220;42210;46130,,,,,
e_e008286,central,2,22,0,0,0,0,30,여,5;4;2;2;5;3;2;4,41,42190;26350;42210,,,,,
e_e008290,central,2,6,0,0,0,0,50,남,2;2;2;4;2;2;3;7,41,50130;42820;45110,,,,,
e_e008291,central,2,10,0,0,0,0,30,여,3;4;3;4;5;3;6;6,11,42210;50130;46730,,,,,
e_e008292,central,2,5,0,0,0,0,40,남,2;2;2;2;2;3;2;3,41,42150;41820;28110,,,,,
e_e008293,central,2,2,0,0,0,0,30,여,2;5;3;4;6;4;2;5,11,42830;42230;41430,,,,,
e_e008294,central,2,2,0,0,0,0,20,여,5;1;1;7;7;7;1;7,28,26170;30170;50130,,,,,
e_e008295,central,2,1,0,0,0,0,30,여,2;2;2;2;2;2;2;1,41,50110;50130;42230,,,,,
e_e008296,central,2,6,0,0,0,0,20,여,1;2;1;6;6;5;5;6,41,41460;41650;46130,,,,,
e_e008297,central,2,1,0,0,0,0,30,여,3;3;2;3;4;5;3;5,41,41110;41460;11110,,,,,
e_e008298,central,2,1,0,0,0,0,40,여,4;4;4;4;4;4;4;4,41,41290;26710;11680,,,,,
e_e008299,central,2,11,0,0,0,0,40,여,2;1;1;3;6;2;1;2,11,47130;43130;45130,,,,,
e_e008300,central,2,2,0,0,0,0,30,남,3;2;4;2;4;4;6;2,41,48840;50110;42830,,,,,
e_e008301,central,2,21,0,0,0,0,30,남,2;4;2;1;4;7;3;1,28,27170;47110;41480,,,,,
e_e008302,central,2,4,0,0,0,0,30,여,4;3;4;2;3;4;4;5,11,42150;50110;41820,,,,,
e_e008303,central,2,6,0,0,0,0,40,남,5;3;2;2;4;3;2;5,41,41590;11680;42750,,,,,
e_e008304,central,2,4,0,0,0,0,30,여,4;6;2;1;6;6;2;2,41,44210;42760;41460,,,,,
e_e008305,central,2,1,0,0,0,0,50,남,6;2;2;3;5;5;3;3,11,26110;48120;11500,,,,,
e_e008307,central,2,3,0,0,0,0,50,여,1;1;3;3;2;3;2;3,41,42150;50130;42210,,,,,
e_e008309,central,2,3,0,0,0,0,60,남,1;1;2;2;1;4;3;4,11,50130;42230;44180,,,,,
e_e008310,central,2,12,0,0,0,0,30,남,2;2;1;6;4;2;2;6,11,42150;48330;45110,,,,,
e_e008311,central,2,2,0,0,0,0,40,여,2;1;2;4;4;5;2;6,11,41460;42170;44825,,,,,
e_e008312,central,2,21,0,0,0,0,30,여,2;2;1;3;6;2;2;6,11,42830;42130;41830,,,,,
e_e008313,central,2,21,0,0,0,0,60,남,1;2;2;6;1;6;7;6,41,42820;42830;28720,,,,,
e_e008319,central,2,11,0,0,0,0,30,여,7;1;4;1;4;7;1;4,11,41280;42760;11170,,,,,
e_e008320,central,2,6,0,0,0,0,30,여,4;2;1;3;2;6;2;3,11,50130;50110;42230,,,,,
e_e008321,central,2,27,0,0,0,0,30,여,2;3;1;2;2;1;3;6,41,41820;41460;43150,,,,,
e_e008322,central,2,11,0,0,0,0,30,남,2;6;2;3;2;6;1;6,41,41130;11680;46130,,,,,
e_e008323,central,2,2,0,0,0,0,40,여,3;1;1;3;3;3;3;7,11,30170;42720;41650,,,,,
e_e008324,central,2,2,0,0,0,0,20,여,2;2;4;2;2;4;3;4,41,41110;28185;42150,,,,,
e_e008326,central,2,21,0,0,0,0,40,여,4;7;7;2;5;6;6;7,41,41820;50130;42830,,,,,
e_e008328,central,2,2,0,0,0,0,30,남,3;3;4;2;4;3;4;3,11,41280;42760;41480,,,,,
e_e008329,central,2,22,0,0,0,0,40,남,6;4;6;4;5;5;4;4,41,42210;48220;47770,,,,,
e_e008330,central,2,22,0,0,0,0,60,여,2;2;2;2;3;5;3;4,30,50110;50130;42150,,,,,
e_e008332,central,2,2,0,0,0,0,30,여,2;2;1;3;7;1;6;7,43,41460;47930;47770,,,,,
e_e008333,central,2,11,0,0,0,0,30,여,1;6;1;6;7;5;6;2,11,11110;42150;50130,,,,,
e_e008334,central,2,3,0,0,0,0,40,여,2;4;4;3;2;4;6;7,41,26350;42150;11680,,,,,
e_e008338,central,2,24,0,0,0,0,50,여,2;2;2;2;4;4;3;5,11,42210;47280;43760,,,,,
e_e008341,central,2,2,0,0,0,0,20,여,3;3;3;4;5;5;5;6,41,50130;42150;26350,,,,,
e_e008342,central,2,2,0,0,0,0,20,여,3;2;1;5;6;5;2;6,41,26500;42150;11170,,,,,
e_e008344,central,2,2,0,0,0,0,50,여,2;4;1;1;3;4;2;6,11,42830;42230;50130,,,,,
e_e008346,central,2,2,0,0,0,0,20,남,3;5;3;4;3;3;3;6,28,11305;48880;42830,,,,,
e_e008347,central,2,2,0,0,0,0,40,여,2;4;1;2;4;5;3;5,41,50130;42150;11110,,,,,
e_e008348,central,2,21,0,0,0,0,40,남,4;1;1;1;7;7;4;7,41,11710;41480;29170,,,,,
e_e008354,central,2,2,0,0,0,0,30,여,1;1;1;3;1;1;2;7,41,50130;42830;26200,,,,,
e_e008355,central,2,22,0,0,0,0,20,여,6;2;2;1;3;4;6;5,11,50130;26350;41820,,,,,
e_e008364,central,2,1,0,0,0,0,30,남,4;4;4;4;4;4;5;5,41,42150;41610;41450,,,,,
e_e008369,central,2,1,0,0,0,0,20,여,4;2;1;2;6;2;4;7,11,42210;41480;50130,,,,,
e_e008390,central,2,1,0,0,0,0,20,남,5;2;2;5;2;6;6;7,11,42150;41110;44710,,,,,
e_e008404,central,2,6,0,0,0,0,20,남,7;1;1;1;1;3;1;7,41,11710;26350;50130,,,,,
e_e008407,central,2,1,0,0,0,0,30,여,1;2;4;5;2;6;1;7,44,50130;47130;46150,,,,,
e_e008414,central,2,1,0,0,0,0,30,여,4;1;4;3;2;6;1;6,44,26350;50110;11680,,,,,
e_e008478,central,2,1,0,0,0,0,20,여,2;2;2;2;4;4;6;3,11,46790;11110;50110,,,,,
e_e008483,central,2,2,0,0,0,0,20,여,4;4;3;4;4;4;4;4,41,41170;50110;11170,,,,,
e_e008489,central,2,2,0,0,0,0,30,여,6;5;4;3;3;4;6;5,11,11680;42150;41500,,,,,
e_e008506,central,2,1,0,0,0,0,30,남,4;6;4;2;2;6;2;1,28,11680;46130;28185,,,,,
e_e008508,central,2,22,0,0,0,0,20,남,7;7;1;1;7;1;1;7,41,26350;11410;46170,,,,,
e_e008510,central,2,6,0,0,0,0,30,남,2;1;1;1;7;1;1;4,41,42170;26710;50110,,,,,
e_e008514,central,2,1,0,0,0,0,20,남,5;2;2;4;4;3;2;6,11,50130;45110;42150,,,,,
e_e008520,central,2,1,0,0,0,0,60,남,7;7;4;7;7;4;1;7,41,44200;41210;28185,,,,,
e_e008528,central,2,22,0,0,0,0,20,남,2;2;1;2;4;2;6;6,28,50110;26350;46130,,,,,
e_e008530,central,2,12,0,0,0,0,20,여,2;1;1;2;1;6;7;6,11,42150;50110;26350,,,,,
e_e008534,central,2,2,0,0,0,0,50,여,3;7;3;4;4;7;6;4,41,26350;46130;28710,,,,,
e_e008545,central,2,1,0,0,0,0,20,여,6;1;1;1;6;5;7;5,41,48840;26350;42210,,,,,
e_e008547,central,2,21,0,0,0,0,30,여,4;2;2;2;4;4;6;6,41,48170;42150;11140,,,,,
e_e008560,central,2,1,0,0,0,0,30,여,5;6;4;3;6;3;7;5,41,11710;41110;43110,,,,,
e_e008562,central,2,4,0,0,0,0,30,남,2;1;1;7;6;1;7;1,41,42210;28710;11230,,,,,
e_e008565,central,2,21,0,0,0,0,20,여,1;1;6;1;4;3;3;7,28,42210;42150;41820,,,,,
e_e008577,central,2,2,0,0,0,0,20,여,5;2;3;3;4;5;3;3,36,46130;42210;26350,,,,,
e_e008583,central,2,22,0,0,0,0,40,남,3;4;1;2;6;4;5;5,11,41800;41460;42210,,,,,
e_e008606,central,2,1,0,0,0,0,20,여,4;2;1;1;3;4;1;7,41,42150;41480;11440,,,,,
e_e008648,central,2,1,0,0,0,0,30,여,3;4;3;2;2;3;6;4,41,41280;41130;44130,,,,,
e_e008650,central,2,1,0,0,0,0,20,남,3;4;4;4;6;3;6;6,41,50130;50110;11680,,,,,
e_e008656,central,2,1,0,0,0,0,20,여,6;4;5;3;3;5;5;5,41,11710;26110;41110,,,,,
e_e008658,central,2,1,0,0,0,0,40,여,2;4;3;3;2;4;2;3,11,11110;29140;26710,,,,,
e_e008664,central,2,1,0,0,0,0,20,여,2;2;1;3;5;5;5;6,11,41460;27200;30230,,,,,
e_e008666,central,2,1,0,0,0,0,40,남,1;1;6;2;6;6;6;5,27,26350;11680;47770,,,,,
e_e008672,central,2,21,0,0,0,0,20,여,3;7;4;3;5;5;6;6,41,41820;41310;11215,,,,,
e_e008677,central,2,22,0,0,0,0,20,남,1;1;4;7;1;1;7;7,11,42210;42830;46130,,,,,
e_e008686,central,2,22,0,0,0,0,20,여,2;2;2;6;4;2;6;6,11,26500;42150;50130,,,,,
e_e008695,central,2,2,0,0,0,0,30,남,4;6;2;4;6;2;6;6,42,26350;46130;42150,,,,,
e_e008711,central,2,1,0,0,0,0,20,여,4;3;2;6;3;5;4;6,41,50130;26350;42760,,,,,
e_e008722,central,2,1,0,0,0,0,20,남,2;2;2;2;2;1;1;7,41,50130;50110;42210,,,,,
e_e008723,central,2,21,0,0,0,0,20,여,1;3;4;2;1;1;2;7,11,41820;41360;42720,,,,,
e_e008735,central,2,1,0,0,0,0,30,남,4;1;1;4;4;6;1;5,41,11170;11440;26500,,,,,
e_e008736,central,2,22,0,0,0,0,20,남,4;4;2;2;4;5;3;5,41,42150;26350;28710,,,,,
e_e008740,central,2,10,0,0,0,0,20,여,2;4;1;4;4;4;5;6,41,41650;41480;41630,,,,,
e_e008746,central,2,1,0,0,0,0,20,여,4;2;1;4;1;2;7;7,41,50110;42830;11680,,,,,
e_e008771,central,2,1,0,0,0,0,20,남,3;2;2;6;2;2;6;2,28,42150;50110;47130,,,,,
e_e008785,central,2,1,0,0,0,0,20,여,2;1;2;1;2;6;7;2,41,42150;28110;11560,,,,,
e_e008790,central,2,1,0,0,0,0,20,여,4;4;2;2;4;3;6;4,41,11200;42150;26500,,,,,
e_e008798,central,2,1,0,0,0,0,20,남,1;6;3;3;6;3;3;3,41,50130;42110;11110,,,,,
e_e008803,central,2,21,0,0,0,0,20,여,2;2;2;2;6;6;2;6,41,28185;46150;50110,,,,,
e_e008809,central,2,26,0,0,0,0,20,여,1;4;1;1;4;4;1;7,41,28140;42150;41390,,,,,
e_e008810,central,2,12,0,0,0,0,20,여,4;2;4;2;4;4;7;7,41,50130;42150;26350,,,,,
e_e008881,central,2,1,0,0,0,0,30,남,4;1;1;1;6;7;2;7,41,50130;41460;42730,,,,,
e_e008897,central,2,24,0,0,0,0,30,여,1;1;1;1;1;1;1;6,11,42830;42150;46130,,,,,
e_e008908,central,2,22,0,0,0,0,20,여,2;4;2;4;6;4;6;6,41,50130;46150;26110,,,,,
e_e008911,central,2,1,0,0,0,0,20,여,4;6;2;6;2;6;1;7,41,11680;50130;26350,,,,,
e_e008918,central,2,1,0,0,0,0,20,여,4;3;3;5;2;2;7;3,41,41820;42150;28237,,,,,
e_e008954,central,2,22,0,0,0,0,20,여,1;3;2;4;3;2;3;5,41,28710;42750;26200,,,,,
e_e008957,central,2,1,0,0,0,0,20,남,2;7;1;4;6;4;2;7,28,41280;41210;11560,,,,,
e_e008970,central,2,2,0,0,0,0,20,남,1;4;1;1;1;1;3;7,11,50130;46130;42170,,,,,
e_e008982,central,2,10,0,0,0,0,20,여,2;4;1;2;6;3;4;1,11,50110;42230;47130,,,,,
e_e008999,central,2,21,0,0,0,0,20,여,3;2;2;5;4;3;6;4,41,42150;50130;31140,,,,,
e_e009006,central,2,1,0,0,0,0,20,여,6;4;5;3;5;6;1;5,11,42150;41460;26350,,,,,
e_e009043,central,2,1,0,0,0,0,20,남,2;2;2;1;4;5;2;5,30,26500;50110;26170,,,,,
e_e009055,central,2,1,0,0,0,0,20,여,4;4;3;3;3;4;6;4,11,26290;11170;11590,,,,,
e_e009056,central,2,2,0,0,0,0,20,남,4;1;2;1;5;2;7;7,28,50130;11440;11710,,,,,
e_e009078,central,2,1,0,0,0,0,20,남,6;6;6;6;6;6;6;6,41,11230;41270;41110,,,,,
e_e009081,central,2,4,0,0,0,0,20,여,7;1;3;4;6;7;7;5,43,50130;50110;11440,,,,,
e_e009102,central,2,1,0,0,0,0,20,여,1;4;3;4;5;4;5;4,11,42150;26350;28710,,,,,
e_e009106,central,2,1,0,0,0,0,40,남,2;1;1;2;6;2;1;6,28,42210;28720;41820,,,,,
e_e009112,central,2,1,0,0,0,0,20,여,2;6;1;2;2;2;6;7,41,11710;11680;41820,,,,,
e_e009122,central,2,12,0,0,0,0,40,여,2;5;5;5;3;6;6;6,11,42820;42130;41450,,,,,
e_e009147,central,2,1,0,0,0,0,20,여,3;2;1;4;6;3;2;5,41,50110;48240;11140,,,,,
e_e009156,central,2,1,0,0,0,0,30,여,6;4;6;1;6;2;2;5,11,41480;41570;28245,,,,,
e_e009168,central,2,10,0,0,0,0,30,남,5;3;2;4;4;5;2;3,41,41110;11680;44130,,,,,
e_e009180,central,2,1,0,0,0,0,20,남,5;5;3;5;5;5;5;5,11,11440;42150;27710,,,,,
e_e009181,central,2,22,0,0,0,0,20,여,7;3;1;2;5;6;3;4,11,28710;47170;41480,,,,,
e_e009186,central,2,1,0,0,0,0,30,여,4;4;3;4;5;6;5;3,41,46110;28200;50130,,,,,
e_e009194,central,2,4,0,0,0,0,30,남,4;1;4;3;3;6;2;4,11,41480;11530;28110,,,,,
e_e009224,central,2,21,0,0,0,0,30,여,7;6;5;2;3;1;2;3,41,50130;26350;46730,,,,,
e_e009260,central,2,11,0,0,0,0,20,여,1;3;6;2;5;2;7;2,41,42150;47940;47930,,,,,
e_e009279,central,2,1,0,0,0,0,20,여,2;5;6;1;3;4;2;5,11,42820;42830;41480,,,,,
e_e009305,central,2,1,0,0,0,0,20,여,3;3;3;6;3;2;6;5,41,41110;30200;42830,,,,,
e_e009339,central,2,13,0,0,0,0,60,남,2;5;2;5;5;3;3;5,41,11140;41390;42210,,,,,
e_e009343,central,2,1,0,0,0,0,20,여,4;7;1;1;5;1;7;7,41,42150;50110;11170,,,,,
e_e009361,central,2,1,0,0,0,0,30,여,4;4;4;2;4;4;4;6,41,50130;26350;48220,,,,,
e_e009366,central,2,2,0,0,0,0,30,여,3;2;4;3;3;3;2;3,44,42150;42210;44130,,,,,
e_e009374,central,2,6,0,0,0,0,20,여,7;3;4;4;5;3;5;3,41,42150;26350;28110,,,,,
e_e009380,central,2,1,0,0,0,0,20,여,1;7;1;7;7;1;1;7,11,11170;42150;41480,,,,,
e_e009382,central,2,3,0,0,0,0,40,남,6;4;1;3;5;6;2;5,44,42210;26350;30200,,,,,
e_e009397,central,2,21,0,0,0,0,30,여,3;6;2;2;5;1;6;6,11,50130;11170;41480,,,,,
e_e009412,central,2,1,0,0,0,0,20,여,5;5;5;3;3;5;5;5,28,11440;42150;27230,,,,,
e_e009419,central,2,3,0,0,0,0,30,남,3;6;2;5;7;2;2;6,11,44210;43150;45800,,,,,
e_e009457,central,2,26,0,0,0,0,20,여,3;2;1;2;2;3;6;7,41,41110;26350;42150,,,,,
e_e009465,central,2,6,0,0,0,0,30,여,4;4;1;3;5;5;2;3,41,41460;42150;42230,,,,,
e_e009496,central,2,1,0,0,0,0,30,여,7;1;1;1;4;7;7;4,41,11440;41280;46150,,,,,
e_e009504,central,2,1,0,0,0,0,20,남,7;1;7;5;7;3;1;7,41,42150;26350;28177,,,,,
e_e009505,central,2,10,0,0,0,0,30,남,1;1;1;6;1;1;7;2,41,42210;48220;31710,,,,,
e_e009513,central,2,1,0,0,0,0,40,여,4;4;7;4;3;5;7;7,41,41460;41220;41550,,,,,
e_e009517,central,2,1,0,0,0,0,30,여,1;1;1;3;2;2;4;2,41,42150;50110;26350,,,,,
e_e009536,central,2,1,0,0,0,0,40,남,1;5;6;3;2;7;2;2,41,42150;11410;26350,,,,,
e_e009539,central,2,2,0,0,0,0,30,남,3;6;4;3;4;4;5;7,41,41480;41280;11140,,,,,
e_e009550,central,2,2,0,0,0,0,30,여,4;2;1;1;4;2;3;6,11,50130;26350;27290,,,,,
e_e009556,central,2,1,0,0,0,0,30,남,3;2;2;5;3;5;2;6,11,11590;41110;30140,,,,,
e_e009566,central,2,1,0,0,0,0,20,여,2;7;4;3;2;2;3;5,41,50130;41360;41460,,,,,
e_e009567,central,2,1,0,0,0,0,20,여,3;5;4;1;2;3;3;6,41,42150;46130;26350,,,,,
e_e009572,central,2,1,0,0,0,0,20,여,6;2;2;2;2;6;6;6,41,50130;42210;11110,,,,,
e_e009575,central,2,1,0,0,0,0,20,남,6;2;4;5;4;4;4;6,41,26350;50130;11440,,,,,
e_e009590,central,2,1,0,0,0,0,40,남,4;1;1;4;4;4;1;6,41,46130;42150;50110,,,,,
e_e009592,central,2,1,0,0,0,0,20,여,2;3;2;3;4;2;2;5,11,41360;42110;41820,,,,,
e_e009593,central,2,1,0,0,0,0,20,남,2;4;4;1;4;2;6;2,11,41480;42210;26350,,,,,
e_e009601,central,2,1,0,0,0,0,30,여,4;2;3;3;2;5;1;7,11,50130;42150;26710,,,,,
e_e009622,central,2,2,0,0,0,0,20,여,3;2;2;4;4;5;2;6,11,42150;26350;42830,,,,,
e_e009627,central,2,1,0,0,0,0,20,남,3;4;3;6;5;4;4;5,41,47130;42150;50110,,,,,
e_e009629,central,2,1,0,0,0,0,60,여,1;4;4;4;4;4;4;4,41,11110;42210;50130,,,,,
e_e009632,central,2,1,0,0,0,0,20,남,4;4;4;4;4;4;4;4,41,42150;11560;28185,,,,,
e_e009634,central,2,2,0,0,0,0,20,여,2;2;1;6;1;6;2;6,11,50110;26350;45110,,,,,
e_e009636,central,2,2,0,0,0,0,30,여,3;4;3;4;2;2;2;6,43,42150;26200;45110,,,,,
e_e009655,central,2,6,0,0,0,0,60,남,4;4;2;4;4;4;2;4,11,42210;26350;46150,,,,,
e_e009660,central,2,22,0,0,0,0,50,여,1;4;1;4;7;1;7;1,11,42210;41830;50110,,,,,
e_e009675,central,2,1,0,0,0,0,20,남,4;4;4;4;4;4;4;4,11,11545;11350;31110,,,,,
e_e009684,central,2,22,0,0,0,0,40,여,4;2;2;2;2;2;2;7,28,50110;26260;28720,,,,,
e_e009686,central,2,1,0,0,0,0,20,여,2;1;1;4;6;1;1;5,28,42210;11680;28185,,,,,
e_e009694,central,2,22,0,0,0,0,20,여,2;5;5;2;5;3;2;6,41,42170;50110;11440,,,,,
e_e009695,central,2,22,0,0,0,0,40,여,1;7;3;2;2;3;6;4,41,26350;47130;50130,,,,,
e_e009700,central,2,1,0,0,0,0,20,여,6;1;4;3;3;5;2;7,11,42210;42150;26500,,,,,
e_e009702,central,2,1,0,0,0,0,20,여,4;4;4;2;2;5;2;2,11,42210;50130;41110,,,,,
e_e009738,central,2,1,0,0,0,0,20,여,6;4;5;5;6;4;5;7,28,11440;11170;11680,,,,,
e_e009740,central,2,1,0,0,0,0,20,여,4;6;2;4;4;4;5;2,28,50130;26350;41820,,,,,
e_e009752,central,2,2,0,0,0,0,30,남,4;1;1;2;6;6;1;4,41,50110;42150;41820,,,,,
e_e009757,central,2,13,0,0,0,0,20,남,2;3;2;4;5;2;3;5,28,42820;42830;42750,,,,,
e_e009762,central,2,1,0,0,0,0,20,여,2;6;5;2;2;2;6;6,42,42150;42170;41460,,,,,
e_e009770,central,2,1,0,0,0,0,30,여,1;4;1;2;7;6;7;5,11,50110;46130;42210,,,,,
e_e009771,central,2,3,0,0,0,0,20,남,4;1;2;4;5;2;7;3,28,50130;42150;26230,,,,,
e_e009772,central,2,1,0,0,0,0,30,여,3;6;1;3;5;2;5;6,41,11710;41610;11170,,,,,
e_e009800,central,2,1,0,0,0,0,20,남,3;2;1;4;6;2;3;6,41,42150;41820;50130,,,,,
e_e009806,central,2,21,0,0,0,0,20,여,6;1;1;1;1;1;1;1,11,42170;50110;50130,,,,,
e_e009814,central,2,1,0,0,0,0,20,남,2;2;2;2;6;2;2;7,41,42170;41670;11680,,,,,
e_e009836,central,2,1,0,0,0,0,20,여,1;1;1;4;5;1;7;1,44,11710;50130;42170,,,,,
e_e009841,central,2,22,0,0,0,0,20,여,5;1;1;2;4;2;1;7,41,26500;42150;50130,,,,,
e_e009845,central,2,22,0,0,0,0,20,여,6;3;2;3;4;4;6;3,41,50110;11740;26350,,,,,
e_e009857,central,2,1,0,0,0,0,20,여,6;5;2;5;4;3;2;5,41,50110;26350;11710,,,,,
e_e009858,central,2,21,0,0,0,0,40,남,1;3;1;4;7;7;6;4,11,50130;28200;42150,,,,,
e_e009876,central,2,27,0,0,0,0,20,남,2;1;4;5;2;6;6;4,41,50130;26350;44760,,,,,
e_e009895,central,2,2,0,0,0,0,30,남,4;2;4;4;2;2;2;4,41,41110;42210;26350,,,,,
e_e009909,central,2,1,0,0,0,0,30,여,3;3;2;4;3;2;6;4,41,11110;41110;42210,,,,,
e_e009910,central,2,21,0,0,0,0,60,남,1;4;1;3;3;1;2;7,11,41360;42210;41830,,,,,
e_e009925,central,2,1,0,0,0,0,20,여,4;5;3;6;2;3;6;6,41,26350;50110;46130,,,,,
e_e009940,central,2,27,0,0,0,0,20,남,1;1;1;5;4;1;1;7,41,50130;42170;26500,,,,,
e_e009943,central,2,2,0,0,0,0,20,여,2;2;2;2;6;6;6;4,11,26350;50130;42210,,,,,
e_e009951,central,2,1,0,0,0,0,40,여,3;7;4;4;5;5;6;5,41,41270;28710;42210,,,,,
e_e009957,central,2,2,0,0,0,0,20,남,4;5;1;5;4;4;4;4,44,11680;30200;26320,,,,,
e_e009968,central,2,1,0,0,0,0,20,여,2;1;2;3;5;5;7;6,41,42150;50130;42830,,,,,
e_e010014,central,2,1,0,0,0,0,30,남,4;6;6;2;2;2;3;6,28,50110;42830;26500,,,,,
e_e010017,central,2,1,0,0,0,0,20,여,3;2;2;2;2;5;3;2,44,44130;43110;11170,,,,,
e_e010028,central,2,1,0,0,0,0,20,남,5;4;1;5;6;3;6;7,41,42150;50130;26500,,,,,
e_e010037,central,2,2,0,0,0,0,20,남,4;4;4;4;4;4;4;4,11,48120;26170;11680,,,,,
e_e010043,central,2,10,0,0,0,0,20,여,1;1;1;4;4;4;7;7,11,43750;44180;41820,,,,,
e_e010049,central,2,24,0,0,0,0,20,남,2;1;1;4;7;1;7;7,11,41110;41590;42110,,,,,
e_e010055,central,2,1,0,0,0,0,30,여,2;4;4;3;2;2;4;3,30,42770;28200;44270,,,,,
e_e010064,central,2,1,0,0,0,0,20,여,3;5;3;3;3;6;6;2,30,27110;41110;46130,,,,,
e_e010076,central,2,2,0,0,0,0,40,남,5;5;1;3;2;6;2;6,11,50130;41480;26350,,,,,
e_e010097,central,2,12,0,0,0,0,30,여,2;2;2;2;2;2;6;6,41,42210;50110;41650,,,,,
e_e010106,central,2,1,0,0,0,0,30,여,2;2;2;2;4;2;2;6,41,42150;50110;28710,,,,,
e_e010125,central,2,11,0,0,0,0,20,남,2;1;1;6;4;6;6;7,41,26500;47130;42210,,,,,
e_e010129,central,2,22,0,0,0,0,20,여,6;5;5;2;2;5;5;5,11,11680;11230;11440,,,,,
e_e010150,central,2,1,0,0,0,0,20,남,2;4;4;4;2;3;4;2,28,50130;42210;11110,,,,,
e_e010160,central,2,4,0,0,0,0,20,여,1;1;1;1;1;1;1;1,28,50130;50110;42150,,,,,
e_e010164,central,2,1,0,0,0,0,40,여,2;4;2;2;1;2;1;5,28,41270;26500;42150,,,,,
e_e010174,central,2,1,0,0,0,0,20,여,2;3;1;4;3;5;3;7,41,48120;11260;41360,,,,,
e_e010198,central,2,1,0,0,0,0,20,남,4;6;1;6;1;6;5;7,44,30200;11230;45130,,,,,
e_e010199,central,2,13,0,0,0,0,40,여,2;6;2;2;2;2;2;5,11,41830;42210;48220,,,,,
e_e010200,central,2,1,0,0,0,0,40,남,2;4;3;3;2;3;4;4,44,44825;41820;43150,,,,,
e_e010205,central,2,22,0,0,0,0,30,여,4;1;1;1;4;2;4;7,41,42150;26710;50130,,,,,
e_e010220,central,2,1,0,0,0,0,20,여,1;1;1;4;7;7;7;4,41,50130;26350;48250,,,,,
e_e010221,central,2,10,0,0,0,0,60,여,1;7;6;2;2;6;2;1,11,41460;42210;43730,,,,,
e_e010222,central,2,22,0,0,0,0,20,여,3;2;2;5;4;4;2;6,41,11680;42150;50110,,,,,
e_e010230,central,2,1,0,0,0,0,20,여,5;6;2;5;6;5;6;6,28,11440;11170;26350,,,,,
e_e010231,central,2,2,0,0,0,0,60,여,2;2;2;3;2;1;6;3,11,42150;45110;50130,,,,,
e_e010233,central,2,11,0,0,0,0,20,여,2;2;7;3;2;7;2;2,11,50130;50110;26500,,,,,
e_e010237,central,2,5,0,0,0,0,40,남,1;1;4;3;3;3;2;3,11,50130;42150;41820,,,,,
e_e010238,central,2,22,0,0,0,0,30,여,7;1;1;1;1;1;1;7,41,42150;42210;41820,,,,,
e_e010240,central,2,4,0,0,0,0,30,남,4;1;3;2;2;4;3;3,11,50110;26350;26500,,,,,
e_e010243,central,2,13,0,0,0,0,40,남,2;2;5;2;4;5;2;6,41,42830;41670;50130,,,,,
e_e010247,central,2,11,0,0,0,0,40,남,3;2;2;5;5;4;2;2,41,47110;30200;41820,,,,,
e_e010248,central,2,6,0,0,0,0,20,여,6;6;3;2;5;5;6;3,30,11440;50110;42210,,,,,
e_e010249,central,2,2,0,0,0,0,20,남,6;2;2;5;6;6;2;7,41,11440;28237;50110,,,,,
e_e010252,central,2,1,0,0,0,0,50,여,3;3;5;4;3;5;2;2,41,42170;50130;41480,,,,,
e_e010254,central,2,6,0,0,0,0,20,여,2;1;1;3;6;6;2;6,41,26350;50110;28710,,,,,
e_e010255,central,2,22,0,0,0,0,30,여,2;4;5;3;2;5;6;3,11,41360;28710;42150,,,,,
e_e010256,central,2,21,0,0,0,0,60,여,2;1;1;2;2;2;5;3,41,48220;48850;42150,,,,,
e_e010259,central,2,10,0,0,0,0,20,여,4;4;2;3;4;5;2;6,11,26110;41360;50110,,,,,
e_e010261,central,2,2,0,0,0,0,30,남,1;7;1;2;6;2;7;1,41,41460;41270;28185,,,,,
e_e010263,central,2,2,0,0,0,0,30,여,1;3;1;4;5;4;6;6,11,41360;41650;42210,,,,,
e_e010268,central,2,3,0,0,0,0,60,남,4;4;4;4;4;4;4;4,11,42230;42170;50110,,,,,
e_e010270,central,2,1,0,0,0,0,20,여,2;2;2;4;2;2;6;6,41,41590;42760;42150,,,,,
e_e010271,central,2,2,0,0,0,0,30,여,5;4;3;3;5;6;2;7,41,42150;11305;30200,,,,,
e_e010272,central,2,11,0,0,0,0,40,여,2;6;4;5;6;6;5;6,41,41110;41460;42150,,,,,
e_e010274,central,2,2,0,0,0,0,20,여,6;2;1;2;5;2;1;5,11,42170;42150;45110,,,,,
e_e010277,central,2,5,0,0,0,0,20,남,7;1;1;3;7;1;7;7,11,50130;42150;41820,,,,,
e_e010281,central,2,4,0,0,0,0,20,여,1;5;2;1;6;3;7;7,41,11440;28260;26140,,,,,
e_e010302,central,2,22,0,0,0,0,20,여,4;3;3;5;3;3;2;6,41,31140;26350;28710,,,,,
e_e010313,central,2,11,0,0,0,0,20,남,2;2;2;6;2;2;2;4,11,42150;50130;26140,,,,,
e_e010316,central,2,4,0,0,0,0,30,여,4;1;1;1;4;4;7;4,41,11710;11290;26500,,,,,
e_e010322,central,2,10,0,0,0,0,30,여,2;2;3;2;2;4;5;4,28,41820;42210;50110,,,,,
e_e010325,central,2,1,0,0,0,0,20,여,2;2;2;2;1;2;6;2,30,50110;26350;42150,,,,,
e_e010336,central,2,10,0,0,0,0,20,남,4;3;5;2;5;2;6;4,11,42210;26530;47110,,,,,
e_e010343,central,2,12,0,0,0,0,40,여,1;4;1;1;7;1;7;1,11,41650;41830;41360,,,,,
e_e010355,central,2,5,0,0,0,0,40,여,1;1;1;1;4;4;4;6,11,50110;50130;42830,,,,,
e_e010365,central,2,2,0,0,0,0,20,여,4;4;3;2;4;4;4;4,11,42150;26140;30230,,,,,
e_e010366,central,2,1,0,0,0,0,30,여,1;3;4;3;5;2;6;6,11,41570;41480;41820,,,,,
e_e010370,central,2,2,0,0,0,0,20,남,4;1;1;3;7;3;1;4,41,50110;11710;28185,,,,,
e_e010371,central,2,3,0,0,0,0,30,여,4;4;4;4;4;4;4;4,43,50110;26350;42150,,,,,
e_e010372,central,2,10,0,0,0,0,20,남,4;1;1;4;6;5;6;5,11,42210;28260;11680,,,,,
e_e010375,central,2,1,0,0,0,0,20,남,6;2;2;6;5;2;6;5,11,11110;46880;41110,,,,,
e_e010377,central,2,2,0,0,0,0,40,남,3;1;4;4;1;4;2;5,11,42210;26230;41190,,,,,
e_e010386,central,2,22,0,0,0,0,40,남,3;5;4;3;2;2;5;2,44,50110;46130;42150,,,,,
e_e010387,central,2,1,0,0,0,0,40,여,4;3;4;2;4;3;2;2,27,11110;26500;50130,,,,,
e_e010390,central,2,22,0,0,0,0,20,남,6;2;1;1;3;6;2;6,11,42150;47130;50110,,,,,
e_e010404,central,2,21,0,0,0,0,30,여,1;2;3;3;3;4;3;7,41,42150;50110;28110,,,,,
e_e010415,central,2,11,0,0,0,0,40,남,4;4;1;4;4;4;1;7,11,42210;44760;11110,,,,,
e_e010434,central,2,12,0,0,0,0,40,여,5;4;5;4;5;5;4;6,11,42830;42210;41360,,,,,
e_e010442,central,2,1,0,0,0,0,20,남,6;6;2;2;5;6;3;5,11,41460;50130;42150,,,,,
e_e010462,central,2,1,0,0,0,0,20,여,6;1;1;1;7;7;7;1,41,41110;41460;11215,,,,,
e_e010492,central,2,9,0,0,0,0,20,여,3;4;2;3;2;2;3;5,41,42150;48310;45110,,,,,
e_e010517,central,2,1,0,0,0,0,20,여,2;2;2;3;6;3;6;5,11,42210;42110;41820,,,,,
e_e010522,central,2,1,0,0,0,0,60,여,3;2;5;4;2;2;1;6,11,41150;11140;11110,,,,,
e_e010531,central,2,11,0,0,0,0,50,여,2;6;2;6;2;3;5;1,41,42210;50130;41360,,,,,
e_e010539,central,2,22,0,0,0,0,20,남,6;3;6;4;4;4;4;3,11,42170;41820;41110,,,,,
e_e010553,central,2,1,0,0,0,0,30,남,7;7;7;5;5;6;1;3,11,50110;26350;45110,,,,,
e_e010560,central,2,4,0,0,0,0,40,여,2;3;2;1;1;1;6;4,28,50130;42210;43150,,,,,
e_e010578,central,2,2,0,0,0,0,40,여,4;3;3;2;3;6;6;6,44,44200;47190;29200,,,,,
e_e010598,central,2,1,0,0,0,0,20,여,3;2;2;2;2;6;6;7,30,11110;42820;27110,,,,,
e_e010608,central,2,1,0,0,0,0,20,남,7;5;2;2;2;3;6;2,11,41280;43150;41570,,,,,
e_e010636,central,2,21,0,0,0,0,40,남,1;1;1;4;1;1;1;4,11,50130;42210;28710,,,,,
e_e010659,central,2,1,0,0,0,0,60,남,2;6;4;2;6;4;4;4,41,41390;41360;42110,,,,,
e_e010660,central,2,1,0,0,0,0,20,남,2;2;3;6;5;2;7;7,11,50130;47130;26530,,,,,
e_e010673,central,2,1,0,0,0,0,30,여,2;4;4;4;3;4;4;4,41,41480;42210;11410,,,,,
e_e010678,central,2,2,0,0,0,0,20,여,2;4;2;1;1;3;3;6,11,42150;42820;42170,,,,,
e_e010683,central,2,1,0,0,0,0,20,남,5;3;2;4;3;5;5;3,11,11440;28260;50110,,,,,
e_e010689,central,2,1,0,0,0,0,20,여,2;2;2;2;2;6;5;6,41,50110;42150;26350,,,,,
e_e010700,central,2,1,0,0,0,0,20,여,6;5;3;5;2;6;6;5,11,47130;42150;50110,,,,,
e_e010712,central,2,1,0,0,0,0,40,여,3;4;6;4;5;6;6;5,41,42210;50130;42170,,,,,
e_e010713,central,2,1,0,0,0,0,20,여,5;2;2;3;4;4;2;5,41,42210;42150;50110,,,,,
e_e010715,central,2,2,0,0,0,0,20,남,1;1;2;4;2;3;2;7,11,50110;42210;26710,,,,,
e_e010716,central,2,24,0,0,0,0,30,여,3;4;3;2;4;4;4;6,11,41460;11440;42150,,,,,
e_e010720,central,2,3,0,0,0,0,20,여,2;2;1;2;6;1;1;5,11,42820;50110;45790,,,,,
e_e010722,central,2,1,0,0,0,0,20,여,4;3;1;6;6;6;5;7,28,11110;11440;11680,,,,,
e_e010724,central,2,1,0,0,0,0,20,여,3;3;2;4;5;3;5;4,41,11680;26110;50110,,,,,
e_e010729,central,2,1,0,0,0,0,20,여,6;2;2;2;2;6;2;5,41,11440;26350;41110,,,,,
e_e010734,central,2,1,0,0,0,0,20,남,4;4;3;3;5;3;3;3,11,42210;41110;50110,,,,,
e_e010735,central,2,1,0,0,0,0,20,여,1;5;1;3;5;1;7;7,41,11710;41360;42150,,,,,
e_e010736,central,2,27,0,0,0,0,60,남,2;7;2;4;3;6;4;5,41,26710;43800;48310,,,,,
e_e010740,central,2,1,0,0,0,0,20,여,4;2;2;2;2;2;2;6,41,50130;26350;11110,,,,,
e_e010741,central,2,22,0,0,0,0,20,남,6;7;7;7;4;4;7;7,41,11500;11290;41270,,,,,
e_e010744,central,2,2,0,0,0,0,40,여,1;4;2;5;2;4;2;4,11,42210;42230;43750,,,,,
e_e010747,central,2,22,0,0,0,0,20,여,2;2;4;3;1;2;6;5,41,50110;50130;42170,,,,,
e_e010753,central,2,24,0,0,0,0,20,여,1;4;2;4;4;3;7;4,11,42150;41820;50110,,,,,
e_e010755,central,2,1,0,0,0,0,60,여,3;6;6;3;2;6;3;4,28,48220;42170;28710,,,,,
e_e010759,central,2,22,0,0,0,0,20,여,7;1;1;1;7;1;1;7,11,28710;26350;50110,,,,,
e_e010763,central,2,2,0,0,0,0,30,남,1;2;6;5;2;5;4;4,11,42170;50130;42830,,,,,
e_e010765,central,2,3,0,0,0,0,60,여,4;2;4;6;5;6;6;4,41,11230;42150;47210,,,,,
e_e010766,central,2,2,0,0,0,0,40,남,3;5;3;6;6;3;2;5,41,41210;41110;11650,,,,,
e_e010769,central,2,11,0,0,0,0,20,남,7;5;2;4;2;3;2;5,41,11440;41110;41390,,,,,
e_e010773,central,2,22,0,0,0,0,30,여,3;6;3;6;7;5;6;7,11,42150;42110;28710,,,,,
e_e010775,central,2,1,0,0,0,0,20,남,3;5;5;3;5;6;5;5,28,50110;11110;26350,,,,,
e_e010779,central,2,1,0,0,0,0,20,여,4;4;3;2;3;5;6;3,11,42170;26350;48120,,,,,
e_e010782,central,2,1,0,0,0,0,20,남,3;3;3;4;4;4;3;5,11,50130;42150;26350,,,,,
e_e010798,central,2,22,0,0,0,0,20,여,1;1;1;2;2;1;4;7,41,41110;28710;11110,,,,,
e_e010803,central,2,1,0,0,0,0,30,남,6;5;1;2;3;2;4;7,28,42760;41280;41270,,,,,
e_e010812,central,2,1,0,0,0,0,30,남,2;6;4;2;1;4;6;6,11,42820;41480;26110,,,,,
e_e010814,central,2,1,0,0,0,0,30,남,4;2;2;4;6;6;5;3,11,42210;41820;48220,,,,,
e_e010838,central,2,1,0,0,0,0,20,남,1;1;1;7;7;1;1;1,41,44200;43130;41820,,,,,
e_e010843,central,2,1,0,0,0,0,20,여,5;2;2;2;3;5;1;7,28,50130;42150;26350,,,,,
e_e010850,central,2,2,0,0,0,0,20,남,5;3;2;2;6;5;1;6,11,42150;26350;42210,,,,,
e_e010852,central,2,22,0,0,0,0,40,여,1;1;4;4;7;4;6;7,11,41820;42150;42210,,,,,
e_e010863,central,2,9,0,0,0,0,20,여,7;1;1;2;1;3;7;6,41,50130;26350;28177,,,,,
e_e010868,central,2,13,0,0,0,0,40,여,6;5;5;2;2;6;2;6,41,27260;26350;11170,,,,,
e_e010884,central,2,22,0,0,0,0,30,여,4;6;5;3;3;4;5;4,28,42210;28110;45180,,,,,
e_e010893,central,2,1,0,0,0,0,30,여,7;7;1;4;4;1;1;7,11,41480;41290;41570,,,,,
e_e010900,central,2,1,0,0,0,0,20,남,3;1;5;3;3;4;5;3,11,41150;41820;26350,,,,,
e_e010915,central,2,1,0,0,0,0,30,남,4;3;2;2;4;2;6;6,41,41110;26140;50130,,,,,
e_e010921,central,2,1,0,0,0,0,20,여,4;2;2;2;4;3;6;6,28,11440;41280;28185,,,,,
e_e010926,central,2,13,0,0,0,0,30,여,3;4;2;5;6;2;3;3,11,26350;42780;50110,,,,,
e_e010935,central,2,2,0,0,0,0,20,여,3;2;2;1;1;6;7;5,41,50130;50110;11680,,,,,
e_e010937,central,2,11,0,0,0,0,20,여,2;4;1;4;5;2;7;7,11,50130;42210;46130,,,,,
e_e010939,central,2,2,0,0,0,0,20,여,2;1;2;2;1;4;1;7,11,42110;46130;42210,,,,,
e_e010948,central,2,2,0,0,0,0,20,여,2;2;6;3;3;2;1;2,11,50110;41280;41210,,,,,
e_e010955,central,2,22,0,0,0,0,20,남,3;2;2;2;2;3;2;6,11,50110;26350;28710,,,,,
e_e010969,central,2,1,0,0,0,0,20,여,7;7;3;1;1;5;6;1,41,50130;26350;11680,,,,,
e_e010978,central,2,1,0,0,0,0,60,남,3;5;4;2;2;4;4;5,11,50130;42210;42150,,,,,
e_e010979,central,2,27,0,0,0,0,40,여,6;4;2;2;2;6;6;3,41,11440;11740;42230,,,,,
e_e010984,central,2,1,0,0,0,0,20,남,6;3;4;4;3;6;2;3,41,26350;27110;42130,,,,,
e_e010990,central,2,3,0,0,0,0,30,여,1;1;7;7;4;4;5;4,11,48220;47830;41480,,,,,
e_e010991,central,2,4,0,0,0,0,30,남,2;2;1;4;1;2;1;7,11,42820;42830;42750,,,,,
e_e011007,central,2,22,0,0,0,0,30,여,1;6;4;5;6;6;3;5,41,41250;41820;41630,,,,,
e_e011029,central,2,1,0,0,0,0,30,남,1;4;4;3;2;6;1;7,41,41110;42210;46770,,,,,
e_e011037,central,2,1,0,0,0,0,30,여,5;4;6;3;1;5;7;2,11,30200;41110;42150,,,,,
e_e011039,central,2,2,0,0,0,0,20,여,1;1;1;5;1;1;1;7,28,11440;41820;11410,,,,,
e_e011046,central,2,4,0,0,0,0,30,남,3;4;3;3;1;3;3;1,41,44180;41590;42210,,,,,
e_e011054,central,2,2,0,0,0,0,40,여,2;4;2;6;4;4;6;6,28,50130;42150;46150,,,,,
e_e011058,central,2,2,0,0,0,0,20,여,1;1;1;4;1;1;7;7,28,41460;42720;42210,,,,,
e_e011062,central,2,6,0,0,0,0,30,남,1;1;4;7;4;1;2;7,41,42210;42110;41650,,,,,
e_e011070,central,2,1,0,0,0,0,20,여,4;3;2;3;5;6;3;4,11,41280;50130;50110,,,,,
e_e011095,central,2,1,0,0,0,0,20,여,6;6;2;2;6;5;2;6,44,11440;41110;30200,,,,,
e_e011100,central,2,11,0,0,0,0,50,여,2;2;1;3;2;1;6;3,28,50130;42830;47280,,,,,
e_e011125,central,2,1,0,0,0,0,20,여,7;4;1;1;1;1;7;5,11,42210;26350;45110,,,,,
e_e011128,central,2,22,0,0,0,0,20,여,5;3;3;5;5;2;6;5,11,11440;27260;50130,,,,,
e_e011130,central,2,1,0,0,0,0,20,여,5;5;5;6;3;5;1;7,41,41110;41820;42210,,,,,
e_e011132,central,2,1,0,0,0,0,20,남,4;2;1;1;1;7;7;7,41,11680;41460;11215,,,,,
e_e011150,central,2,2,0,0,0,0,20,남,7;3;2;1;4;6;2;6,11,11680;50110;26350,,,,,
e_e011151,central,2,1,0,0,0,0,30,남,3;7;4;6;4;2;6;4,11,11380;11110;11740,,,,,
e_e011167,central,2,22,0,0,0,0,20,여,5;2;4;3;1;2;2;4,28,50110;42150;26350,,,,,
e_e011186,central,2,2,0,0,0,0,40,남,7;1;5;4;1;4;4;5,11,42150;27260;11680,,,,,
e_e011187,central,2,1,0,0,0,0,20,여,5;3;2;1;1;4;6;5,41,50130;26350;42830,,,,,
e_e011208,central,2,1,0,0,0,0,30,남,3;6;2;2;1;1;2;6,41,41110;11680;11110,,,,,
e_e011215,central,2,1,0,0,0,0,20,남,4;4;4;4;4;4;4;4,28,41830;42150;42210,,,,,
e_e011218,central,2,1,0,0,0,0,20,여,5;3;1;5;4;4;3;6,11,11170;42150;42210,,,,,
e_e011239,central,2,1,0,0,0,0,20,여,5;4;1;1;7;7;7;5,41,28185;41590;26350,,,,,
e_e011246,central,2,1,0,0,0,0,30,남,4;6;5;5;3;4;5;3,41,11110;45110;50130,,,,,
e_e011247,central,2,1,0,0,0,0,20,여,4;1;4;2;1;2;2;3,41,26350;27140;42210,,,,,
e_e011252,central,2,6,0,0,0,0,20,남,4;5;4;2;4;5;5;2,30,50110;50130;11680,,,,,
e_e011254,central,2,13,0,0,0,0,30,남,7;2;2;4;2;1;2;3,11,42210;42150;42760,,,,,
e_e011360,central,2,1,0,0,0,0,20,남,5;2;2;5;4;2;1;7,11,11170;26350;41460,,,,,
e_e011377,central,2,1,0,0,0,0,20,여,4;4;3;4;5;3;2;7,41,50110;42150;11440,,,,,
e_e011379,central,2,22,0,0,0,0,30,남,3;2;1;6;3;2;6;6,11,50130;50110;42800,,,,,
e_e011389,central,2,8,0,0,0,0,30,여,4;4;5;3;4;4;5;4,41,50130;42150;50110,,,,,
e_e011393,central,2,6,0,0,0,0,20,여,2;6;1;1;1;2;1;1,28,11440;50110;26350,,,,,
e_e011396,central,2,1,0,0,0,0,20,여,2;2;1;2;6;6;2;7,11,50130;50110;29200,,,,,
e_e011399,central,2,6,0,0,0,0,40,여,2;1;2;4;3;2;5;2,11,50130;26350;11110,,,,,
e_e011405,central,2,1,0,0,0,0,30,남,2;7;2;6;3;2;2;6,42,50130;41480;42130,,,,,
e_e011406,central,2,4,0,0,0,0,20,여,3;2;3;2;4;4;5;2,11,50110;47130;42150,,,,,
e_e011407,central,2,1,0,0,0,0,20,남,4;7;3;2;3;4;5;6,28,41460;41820;42110,,,,,
e_e011408,central,2,10,0,0,0,0,40,여,2;1;2;1;1;1;1;6,41,41500;46110;45730,,,,,
e_e011413,central,2,10,0,0,0,0,30,여,2;6;2;4;4;6;6;6,41,50130;11170;41390,,,,,
e_e011417,central,2,22,0,0,0,0,20,여,4;3;6;2;2;2;2;6,41,42210;48250;26710,,,,,
e_e011421,central,2,22,0,0,0,0,30,여,1;1;4;4;1;1;4;6,41,50130;42150;11110,,,,,
e_e011422,central,2,22,0,0,0,0,40,남,4;1;1;4;7;1;1;7,11,42720;41280;44210,,,,,
e_e011429,central,2,22,0,0,0,0,30,여,1;1;3;3;2;3;5;6,41,11620;26350;43800,,,,,
e_e011430,central,2,22,0,0,0,0,20,여,3;1;4;5;5;5;3;7,41,42210;47130;50130,,,,,
e_e011431,central,2,2,0,0,0,0,30,여,6;1;2;3;1;4;6;6,41,50110;42210;11440,,,,,
e_e011432,central,2,2,0,0,0,0,20,여,2;1;2;2;3;5;6;6,41,50110;42150;26350,,,,,
e_e011433,central,2,6,0,0,0,0,20,여,4;1;1;1;4;4;7;1,11,42230;11110;50130,,,,,
e_e011435,central,2,1,0,0,0,0,30,여,1;1;1;4;1;2;6;1,28,41480;28110;46150,,,,,
e_e011438,central,2,1,0,0,0,0,20,여,6;2;1;3;5;5;7;6,44,11440;27260;47110,,,,,
e_e011446,central,2,6,0,0,0,0,30,남,1;4;4;4;1;4;7;7,41,42230;26350;45110,,,,,
e_e011462,central,2,1,0,0,0,0,20,여,3;2;5;1;3;3;6;5,41,50130;26200;11440,,,,,
e_e011466,central,2,2,0,0,0,0,30,여,2;4;4;3;3;6;5;7,28,42110;46770;43130,,,,,
e_e011473,central,2,2,0,0,0,0,30,남,5;1;7;2;5;5;2;1,41,41460;42130;43150,,,,,
e_e011482,central,2,22,0,0,0,0,20,여,1;1;1;1;1;1;7;7,41,41290;41650;42150,,,,,
e_e011483,central,2,1,0,0,0,0,20,여,5;3;1;1;7;5;2;7,41,11230;41820;41390,,,,,
e_e011486,central,2,11,0,0,0,0,30,남,4;1;1;4;3;1;1;7,41,41270;26710;46130,,,,,
e_e011488,central,2,1,0,0,0,0,20,남,2;1;2;4;6;2;2;6,41,50110;42150;41460,,,,,
e_e011489,central,2,28,0,0,0,0,20,여,5;3;2;2;6;2;2;7,41,41460;11440;47110,,,,,
e_e011490,central,2,6,0,0,0,0,50,여,3;3;5;3;1;1;5;5,41,42150;50130;50110,,,,,
e_e011498,central,2,1,0,0,0,0,40,여,1;5;4;1;4;4;1;7,41,42820;41820;42110,,,,,
e_e011505,central,2,22,0,0,0,0,20,남,7;4;5;6;6;5;7;1,11,50130;41170;11680,,,,,
e_e011538,central,2,24,0,0,0,0,20,남,2;6;1;6;2;2;2;5,11,50130;26350;41190,,,,,
e_e011552,central,2,23,0,0,0,0,20,남,6;4;2;3;2;5;2;6,41,11110;26350;50110,,,,,
e_e011567,central,2,1,0,0,0,0,20,여,4;3;2;1;2;4;2;3,11,26350;50130;41820,,,,,
e_e011570,central,2,1,0,0,0,0,30,여,2;6;1;1;5;5;3;7,11,44180;42210;41570,,,,,
e_e011572,central,2,1,0,0,0,0,20,여,4;4;5;5;6;5;5;6,44,11140;11440;27260,,,,,
e_e011574,central,2,11,0,0,0,0,30,남,6;3;2;2;2;4;1;6,44,11680;42830;29155,,,,,
e_e011575,central,2,21,0,0,0,0,20,남,1;1;1;4;5;3;2;6,41,50130;26710;42150,,,,,
e_e011576,central,2,1,0,0,0,0,20,여,4;5;2;3;4;3;5;4,41,41110;28177;48120,,,,,
e_e011580,central,2,2,0,0,0,0,20,여,5;3;5;5;5;5;5;3,11,41110;28185;50110,,,,,
e_e011581,central,2,1,0,0,0,0,20,여,3;1;1;1;7;3;2;7,28,50130;42150;26350,,,,,
e_e011582,central,2,1,0,0,0,0,40,여,4;4;6;3;5;5;3;3,41,42830;45790;41820,,,,,
e_e011583,central,2,24,0,0,0,0,60,여,2;2;2;2;2;1;6;4,11,50130;46130;41280,,,,,
e_e011588,central,2,5,0,0,0,0,40,남,6;2;2;2;2;4;2;3,11,42150;41570;44130,,,,,
e_e011592,central,2,12,0,0,0,0,20,남,4;1;2;4;5;2;1;5,11,50110;42170;28260,,,,,
e_e011596,central,2,2,0,0,0,0,20,남,4;5;2;6;4;3;2;6,11,11110;28140;46110,,,,,
e_e011627,central,2,13,0,0,0,0,30,여,2;2;3;6;3;3;3;4,11,42210;42830;28237,,,,,
e_e011630,central,2,2,0,0,0,0,20,남,7;7;7;7;1;1;7;7,11,11110;26200;42130,,,,,
e_e011631,central,2,4,0,0,0,0,30,여,1;1;1;1;2;1;1;4,11,42150;28710;41480,,,,,
e_e011632,central,2,2,0,0,0,0,20,여,6;2;3;5;6;5;7;5,41,11110;42170;42150,,,,,
e_e011637,central,2,1,0,0,0,0,30,남,7;1;1;4;3;1;1;1,41,42150;42210;41480,,,,,
e_e011641,central,2,25,0,0,0,0,30,남,3;2;2;2;2;2;3;6,11,50110;26260;11590,,,,,
e_e011643,central,2,25,0,0,0,0,30,여,3;3;2;2;2;3;6;4,11,42750;45770;44150,,,,,
e_e011715,central,2,10,0,0,0,0,30,여,2;3;2;3;2;3;2;4,41,42210;26710;46130,,,,,
e_e011737,central,2,1,0,0,0,0,20,여,3;3;4;4;4;3;2;5,41,50130;42210;47170,,,,,
e_e011742,central,2,2,0,0,0,0,30,남,5;2;2;2;4;6;3;5,41,42150;50130;41820,,,,,
e_e011752,central,2,21,0,0,0,0,20,남,5;2;2;3;3;3;1;6,41,26350;50130;42150,,,,,
e_e011756,central,2,11,0,0,0,0,20,여,5;2;3;3;3;4;3;7,41,26350;42210;42150,,,,,
e_e011758,central,2,2,0,0,0,0,20,여,1;1;1;6;6;6;6;6,11,11170;41190;28177,,,,,
e_e011779,central,2,1,0,0,0,0,20,여,2;3;2;5;6;3;2;4,11,46150;46130;50130,,,,,
e_e011783,central,2,1,0,0,0,0,20,여,7;1;1;7;7;1;6;7,28,50110;42150;11440,,,,,
e_e011787,central,2,2,0,0,0,0,20,남,1;4;1;4;7;6;1;6,28,42210;44825;41390,,,,,
e_e011803,central,2,2,0,0,0,0,30,여,2;3;2;4;3;5;6;3,11,50110;50130;42830,,,,,
e_e011858,central,2,1,0,0,0,0,20,여,4;2;3;1;4;2;6;6,11,50130;41820;42110,,,,,
e_e011866,central,2,12,0,0,0,0,20,남,5;2;2;3;4;2;3;6,11,50110;28110;44150,,,,,
e_e011868,central,2,11,0,0,0,0,30,여,4;5;3;2;2;2;7;5,41,41360;11170;42110,,,,,
e_e011869,central,2,1,0,0,0,0,20,여,3;1;3;6;3;1;6;2,11,50110;42150;41110,,,,,
e_e011873,central,2,1,0,0,0,0,20,남,2;2;2;4;2;2;2;6,41,50130;11500;42170,,,,,
e_e011885,central,2,10,0,0,0,0,30,남,4;2;2;5;3;4;3;7,41,42830;42210;26140,,,,,
e_e011903,central,2,25,0,0,0,0,30,남,1;1;1;3;1;7;1;6,11,26350;42830;45110,,,,,
e_e011941,central,2,1,0,0,0,0,40,여,6;1;1;1;1;7;1;1,41,11680;42210;50130,,,,,
e_e011956,central,2,1,0,0,0,0,20,남,5;1;2;4;2;5;7;7,11,50130;50110;42210,,,,,
e_e012026,central,2,22,0,0,0,0,30,여,4;4;3;1;3;3;3;7,41,41110;28185;43110,,,,,
e_e012047,central,2,12,0,0,0,0,20,남,2;1;2;2;2;4;6;2,11,42150;28110;26350,,,,,
e_e012049,central,2,1,0,0,0,0,30,남,3;2;2;3;3;5;6;5,41,26350;41110;11440,,,,,
e_e012063,central,2,1,0,0,0,0,20,여,4;4;4;4;4;4;4;4,44,26260;28245;11230,,,,,
e_e012070,central,2,3,0,0,0,0,20,여,2;3;2;4;2;2;2;4,41,11380;50130;42820,,,,,
e_e012074,central,2,2,0,0,0,0,20,남,4;1;4;2;1;1;7;1,11,42150;26170;50130,,,,,
e_e012107,central,2,21,0,0,0,0,20,남,6;2;1;6;6;2;6;2,11,50130;46130;26710,,,,,
e_e012132,central,2,1,0,0,0,0,20,여,2;7;4;6;7;4;7;5,41,42150;42210;30140,,,,,
e_e012137,central,2,1,0,0,0,0,20,여,2;3;4;4;4;6;5;4,41,42150;50110;42210,,,,,
e_e012144,central,2,1,0,0,0,0,20,여,5;1;3;5;2;3;1;7,44,50130;11710;26350,,,,,
e_e012180,central,2,22,0,0,0,0,40,여,1;7;5;4;2;4;2;4,41,11110;42170;46840,,,,,
e_e012192,central,2,2,0,0,0,0,30,남,3;1;1;5;7;4;1;6,11,50130;46130;42150,,,,,
e_e012194,central,2,1,0,0,0,0,30,여,2;2;4;3;4;3;4;6,36,42210;48310;50110,,,,,
e_e012221,central,2,1,0,0,0,0,20,남,5;2;2;6;6;2;6;6,11,28710;46130;47130,,,,,
e_e012232,central,2,22,0,0,0,0,30,여,2;2;2;2;4;5;5;3,11,26350;42210;50130,,,,,
e_e012240,central,2,1,0,0,0,0,40,여,4;2;1;2;1;2;7;5,41,50110;44800;46130,,,,,
e_e012242,central,2,1,0,0,0,0,30,여,1;7;4;1;4;4;4;7,11,50110;42150;26350,,,,,
e_e012246,central,2,2,0,0,0,0,20,여,7;3;6;5;6;6;6;1,11,11680;28185;48120,,,,,
e_e012264,central,2,1,0,0,0,0,20,여,3;1;1;5;5;4;1;7,41,50110;41110;42150,,,,,
e_e012268,central,2,1,0,0,0,0,30,여,1;2;2;6;2;1;6;2,11,42760;46130;45130,,,,,
e_e012305,central,2,1,0,0,0,0,40,남,4;4;4;4;4;4;5;5,48,29110;42150;48310,,,,,
e_e012344,central,2,1,0,0,0,0,30,남,1;2;3;2;2;2;3;2,41,41170;41650;42210,,,,,
e_e012346,central,2,1,0,0,0,0,20,여,7;1;7;1;2;5;1;7,31,11680;26230;27110,,,,,
e_e012349,central,2,1,0,0,0,0,20,여,4;3;2;2;6;5;6;5,41,50110;46840;48120,,,,,
e_e012357,central,2,6,0,0,0,0,30,여,1;1;1;1;4;4;1;4,11,41830;42150;47110,,,,,
e_e012389,central,2,1,0,0,0,0,20,여,2;2;1;3;4;1;1;7,11,11440;47130;44825,,,,,
e_e012429,central,2,8,0,0,0,0,30,남,1;6;2;1;4;2;2;6,11,41390;28177;42110,,,,,
e_e012487,central,2,1,0,0,0,0,20,여,3;2;2;1;6;6;1;7,11,41360;41480;42150,,,,,
e_e012488,central,2,1,0,0,0,0,20,여,6;3;4;2;6;6;2;6,41,50110;42210;26110,,,,,
e_e012514,central,2,1,0,0,0,0,60,여,4;3;5;3;2;5;2;6,41,41830;42210;28110,,,,,
e_e012554,central,2,1,0,0,0,0,20,남,4;2;2;4;2;3;2;6,45,50130;11680;26500,,,,,
e_e012583,central,2,12,0,0,0,0,30,여,2;6;2;3;3;6;6;6,41,41830;42150;50130,,,,,
e_e012622,central,2,22,0,0,0,0,20,여,2;3;3;3;3;4;1;7,28,50110;42210;26350,,,,,
e_e012636,central,2,1,0,0,0,0,30,여,4;1;1;1;1;6;1;7,41,50130;47130;46130,,,,,
e_e012682,central,2,27,0,0,0,0,40,여,2;1;1;1;1;1;7;7,11,42150;43750;41480,,,,,
e_e012694,central,2,2,0,0,0,0,20,남,1;3;6;4;4;6;2;5,11,42150;42720;28710,,,,,
e_e012748,central,2,2,0,0,0,0,30,남,2;4;4;2;2;4;4;2,11,48880;50110;41110,,,,,
e_e012760,central,2,5,0,0,0,0,20,여,2;5;5;5;1;6;2;5,36,26350;11650;30200,,,,,
e_e012761,central,2,11,0,0,0,0,30,남,5;6;6;3;5;4;5;5,11,11260;41360;42210,,,,,
e_e012805,central,2,2,0,0,0,0,20,여,4;4;5;7;7;6;2;7,11,11710;26350;27260,,,,,
e_e012976,central,2,22,0,0,0,0,20,여,7;7;7;4;5;6;7;6,11,41150;30170;30140,,,,,
e_e013029,central,2,26,0,0,0,0,60,여,2;4;3;3;3;5;2;6,11,42150;46130;50110,,,,,
e_e013030,central,2,22,0,0,0,0,40,남,4;4;2;2;4;4;2;2,44,41110;44825;43760,,,,,
e_e013055,central,2,6,0,0,0,0,40,여,1;1;3;2;2;7;2;6,41,41820;28710;42830,,,,,
e_e013062,central,2,2,0,0,0,0,20,남,2;2;2;2;2;5;2;3,41,42150;47130;28245,,,,,
e_e013063,central,2,2,0,0,0,0,20,여,2;2;1;2;2;2;2;6,41,42150;50110;11110,,,,,
e_e013094,central,2,4,0,0,0,0,30,남,1;3;1;7;5;7;3;2,28,42150;50110;47130,,,,,
e_e013131,central,2,2,0,0,0,0,30,남,4;5;3;4;3;3;5;4,44,41460;41290;42760,,,,,
f_f000041,central,3,2,0,0,0,0,40,남,7;1;4;6;1;4;2;1,11,42150;11740;50110,,,,,
f_f000458,central,3,2,0,0,0,0,40,여,2;2;2;2;4;4;4;6,11,41570;28710;48850,,,,,
f_f003663,central,2,2,0,0,0,0,20,여,3;3;2;5;6;3;5;2,11,42830;45110;50130,,,,,
f_f006366,central,2,2,0,0,0,0,40,남,2;2;2;2;1;4;2;7,11,42150;46730;26440,,,,,
f_f006622,central,3,11,0,0,0,0,40,남,6;5;5;5;5;6;5;5,11,43800;41650;42210,,,,,
g_g000018,central,2,4,0,0,0,0,40,남,2;2;2;4;4;3;4;1,41,42150;50130;42170,,,,,
g_g003294,central,3,12,0,0,0,0,30,여,5;3;5;4;5;4;5;3,11,42150;26350;11140,,,,,
g_g005600,central,2,4,0,0,0,0,30,여,4;2;2;6;7;5;3;7,41,42150;29170;46170,,,,,
g_g007343,central,2,1,0,0,0,0,30,남,5;5;5;3;5;3;4;6,43,42150;47770;11710,,,,,
g_g010556,central,2,22,0,0,0,0,30,여,2;2;4;5;6;4;2;7,11,42820;42210;50110,,,,,
h_h003275,central,2,10,0,0,0,0,40,남,2;1;3;2;3;4;4;3,41,42760;42770;41460,,,,,
e_e000297,central,3,22,0,0,0,0,30,여,7;1;1;4;1;6;7;7,45,11110;44180;46130,,,,,
e_e000327,central,2,1,0,0,0,0,20,여,4;2;2;3;4;1;5;5,28,41110;50110;26350,,,,,
e_e000391,central,2,11,0,0,0,0,40,여,4;4;3;3;5;5;5;5,11,50130;42830;11110,,,,,
e_e000394,central,2,22,0,0,0,0,40,여,2;2;1;6;6;4;4;7,41,42830;48850;43130,,,,,
e_e000471,central,3,21,0,0,0,0,40,남,5;1;1;3;6;1;7;6,11,50130;46150;28110,,,,,
e_e000528,central,2,1,0,0,0,0,30,여,1;1;1;2;3;1;1;7,44,50130;11680;26710,,,,,
e_e000537,central,3,10,0,0,0,0,30,남,1;2;4;6;7;4;5;4,41,50110;42150;45130,,,,,
e_e000538,central,3,2,0,0,0,0,40,여,2;2;2;2;3;3;2;6,11,50130;42210;47130,,,,,
e_e000568,central,2,1,0,0,0,0,20,여,6;2;2;3;6;2;1;6,41,26350;50110;27110,,,,,
e_e000573,central,2,3,0,0,0,0,60,남,4;2;6;2;4;2;3;4,41,42830;50130;46780,,,,,
e_e000589,central,2,2,0,0,0,0,20,여,5;1;1;5;7;6;1;6,28,26350;50110;30170,,,,,
e_e000592,central,2,1,0,0,0,0,20,여,1;2;1;6;6;2;1;6,41,46150;46710;41650,,,,,
e_e000652,central,2,2,0,0,0,0,40,남,5;2;4;2;5;5;3;6,41,50130;42210;42760,,,,,
e_e000665,central,3,22,0,0,0,0,20,여,3;5;2;2;2;3;6;6,41,41360;42150;11680,,,,,
e_e000712,central,2,13,0,0,0,0,60,여,1;1;2;2;1;3;2;7,11,44180;42830;46730,,,,,
e_e000749,central,2,22,0,0,0,0,20,남,1;1;2;1;4;4;1;7,11,42820;50110;28710,,,,,
e_e000753,central,3,2,0,0,0,0,40,남,3;2;6;2;2;7;1;5,11,41820;41650;41450,,,,,
e_e000769,central,2,2,0,0,0,0,30,여,2;1;1;4;4;2;5;6,41,41110;42830;50130,,,,,
e_e000776,central,2,22,0,0,0,0,30,여,4;6;1;4;3;3;3;4,41,42210;26350;45110,,,,,
e_e000779,central,2,13,0,0,0,0,40,여,3;3;2;4;2;2;1;6,41,42210;50130;26710,,,,,
e_e000843,central,2,21,0,0,0,0,40,남,1;4;2;3;2;5;3;4,11,11260;42150;44825,,,,,
e_e000853,central,2,2,0,0,0,0,30,남,4;7;4;1;4;7;1;7,11,41460;41410;42210,,,,,
e_e000880,central,3,10,0,0,0,0,30,여,1;1;4;4;1;4;4;7,41,50110;42820;26710,,,,,
e_e000944,central,3,2,0,0,0,0,30,남,2;2;1;4;4;2;2;6,11,11740;27260;50110,,,,,
e_e000963,central,3,22,0,0,0,0,50,남,3;2;4;3;2;4;3;4,28,41270;42230;44710,,,,,
e_e000978,central,2,1,0,0,0,0,20,여,1;1;1;4;4;3;6;6,41,42760;41550;46150,,,,,
e_e001038,central,2,9,0,0,0,0,20,남,2;5;5;4;4;5;6;4,41,42150;41820;41450,,,,,
e_e001055,central,2,1,0,0,0,0,20,남,2;2;5;1;2;2;5;5,11,41110;50130;41460,,,,,
e_e001056,central,2,1,0,0,0,0,20,여,4;5;2;1;4;4;7;2,11,41280;42150;50130,,,,,
e_e001077,central,2,21,0,0,0,0,60,여,4;6;4;4;5;3;5;6,41,42150;42230;50130,,,,,
e_e001153,central,3,1,0,0,0,0,30,여,2;1;2;4;6;2;6;6,30,26710;42150;50110,,,,,
e_e001187,central,2,22,0,0,0,0,40,남,2;2;2;5;6;4;2;6,41,41460;41820;45770,,,,,
e_e001208,central,2,3,0,0,0,0,20,여,5;5;4;5;4;5;3;6,41,41550;41110;41480,,,,,
e_e001258,central,3,6,0,0,0,0,40,남,7;1;1;7;1;7;7;1,48,11110;42230;47130,,,,,
e_e001294,central,2,6,0,0,0,0,20,여,4;4;3;3;3;2;1;5,41,50110;44130;42150,,,,,
e_e001361,central,2,22,0,0,0,0,30,여,7;5;4;3;7;4;2;5,28,26260;11110;27290,,,,,
e_e001379,central,3,10,0,0,0,0,40,남,4;1;4;3;2;5;2;6,41,41480;11110;41130,,,,,
e_e001399,central,2,2,0,0,0,0,30,남,3;4;3;3;2;4;2;5,41,41110;31110;47190,,,,,
e_e001486,central,2,22,0,0,0,0,40,여,1;6;1;2;4;3;3;7,41,41360;42150;43800,,,,,
e_e001575,central,3,23,0,0,0,0,30,여,2;2;1;4;5;2;6;4,41,42170;50130;11620,,,,,
e_e001925,central,3,1,0,0,0,0,30,남,6;1;3;5;2;5;6;3,11,50110;26350;42150,,,,,
e_e001960,central,2,1,0,0,0,0,30,남,2;6;6;6;2;6;6;6,28,41570;41190;50110,,,,,
e_e001985,central,2,1,0,0,0,0,30,여,2;2;2;2;2;3;2;2,11,41820;42210;42760,,,,,
e_e002010,central,3,1,0,0,0,0,20,남,2;2;2;5;6;2;5;5,11,50110;42830;42150,,,,,
e_e002028,central,2,1,0,0,0,0,30,남,2;2;4;2;2;2;6;3,41,42150;41480;26350,,,,,
e_e002039,central,2,6,0,0,0,0,30,남,2;4;3;3;2;3;6;2,11,26200;42150;41460,,,,,
e_e002078,central,3,21,0,0,0,0,30,남,1;1;1;1;1;1;1;1,41,48840;50130;43740,,,,,
e_e002083,central,3,1,0,0,0,0,20,남,5;2;2;1;3;6;3;6,28,11140;50130;26350,,,,,
e_e002100,central,2,1,0,0,0,0,60,남,5;4;5;2;5;5;5;5,41,41830;11650;47130,,,,,
e_e002112,central,2,2,0,0,0,0,30,남,4;5;2;4;5;3;5;6,11,50130;42830;41210,,,,,
e_e002114,central,2,1,0,0,0,0,40,여,2;4;4;4;4;4;2;6,11,42150;28710;50130,,,,,
e_e002146,central,2,1,0,0,0,0,30,여,2;3;6;3;4;4;5;6,11,50110;50130;42150,,,,,
e_e002180,central,2,2,0,0,0,0,40,남,2;6;2;3;2;3;5;4,41,41480;41570;11500,,,,,
e_e002190,central,3,10,0,0,0,0,40,여,1;2;1;4;6;7;6;7,41,42210;41820;48870,,,,,
e_e002191,central,2,11,0,0,0,0,30,여,1;7;1;4;6;1;7;2,41,42150;42210;26350,,,,,
e_e002335,central,2,13,0,0,0,0,60,여,1;7;3;2;2;4;2;4,41,50130;42230;43800,,,,,
e_e002337,central,3,1,0,0,0,0,60,남,5;2;5;2;3;2;2;5,11,50110;42150;41480,,,,,
e_e002343,central,2,1,0,0,0,0,30,여,1;2;2;2;6;3;2;5,41,41360;29200;42210,,,,,
e_e002353,central,3,1,0,0,0,0,20,여,2;2;3;1;1;3;2;6,28,44180;11110;42830,,,,,
e_e002360,central,2,6,0,0,0,0,30,여,6;4;1;4;4;3;2;4,28,11560;26350;46230,,,,,
e_e002362,central,2,13,0,0,0,0,60,남,1;4;4;7;2;2;6;5,11,41480;42110;41650,,,,,
e_e002370,central,3,21,0,0,0,0,30,남,2;4;3;3;3;4;4;4,41,42150;44150;50110,,,,,
e_e002379,central,2,3,0,0,0,0,20,여,4;3;4;2;3;4;3;5,41,50110;50130;42830,,,,,
e_e002388,central,2,1,0,0,0,0,40,남,5;4;3;4;5;4;5;3,11,41450;41360;41310,,,,,
e_e002390,central,2,1,0,0,0,0,30,여,2;2;1;3;6;2;6;2,41,50130;41670;26710,,,,,
e_e002403,central,3,1,0,0,0,0,30,여,6;1;1;5;3;2;2;6,11,46110;26530;48220,,,,,
e_e002443,central,2,3,0,0,0,0,20,남,3;3;2;2;3;2;5;5,11,50130;42190;47940,,,,,
e_e002485,central,3,10,0,0,0,0,30,여,1;1;6;4;6;3;7;7,11,42820;42150;44825,,,,,
e_e002500,central,3,5,0,0,0,0,30,여,3;3;2;1;4;5;3;6,11,42150;26350;28710,,,,,
e_e002510,central,2,2,0,0,0,0,30,여,3;2;2;2;2;5;5;7,11,50130;42150;41820,,,,,
e_e002515,central,3,23,0,0,0,0,30,남,4;1;4;3;4;4;4;6,43,50110;42150;42110,,,,,
e_e002613,central,2,1,0,0,0,0,20,여,2;1;2;2;4;3;2;2,41,50110;11110;42210,,,,,
e_e002664,central,3,21,0,0,0,0,40,남,4;2;3;4;3;3;6;4,41,30200;41590;42150,,,,,
e_e002783,central,3,23,0,0,0,0,20,남,3;1;2;3;3;1;3;6,43,11110;50130;50110,,,,,
e_e002790,central,3,1,0,0,0,0,20,남,4;2;2;3;5;5;1;3,41,41820;42150;41480,,,,,
e_e002924,central,3,1,0,0,0,0,20,여,3;2;2;2;3;2;1;6,41,42150;50110;11110,,,,,
e_e002936,central,3,1,0,0,0,0,30,여,4;2;6;5;3;4;6;3,29,11170;45790;48310,,,,,
e_e003119,central,3,1,0,0,0,0,20,여,3;5;5;4;6;4;5;2,41,42210;26350;46130,,,,,
e_e003135,central,3,22,0,0,0,0,60,남,2;2;4;2;2;4;4;4,11,50130;42150;42210,,,,,
e_e003142,central,2,2,0,0,0,0,40,남,5;5;5;4;5;5;4;5,41,42150;46130;41820,,,,,
e_e003171,central,2,1,0,0,0,0,30,남,2;3;4;6;4;5;2;4,41,31200;43110;45110,,,,,
e_e003177,central,3,21,0,0,0,0,20,여,1;1;1;1;1;5;2;7,11,50130;42170;26500,,,,,
e_e003182,central,3,22,0,0,0,0,30,여,4;1;4;1;4;4;4;7,41,11140;41460;42760,,,,,
e_e003250,central,2,12,0,0,0,0,20,남,7;3;3;6;3;4;2;7,27,11170;50110;26350,,,,,
e_e003255,central,2,4,0,0,0,0,30,남,2;6;6;7;1;1;1;1,41,41110;11680;11440,,,,,
e_e003306,central,3,2,0,0,0,0,20,여,2;1;2;6;1;3;7;7,11,42150;26500;41460,,,,,
e_e003315,central,3,1,0,0,0,0,20,남,3;1;1;1;2;4;6;1,41,42170;41820;42830,,,,,
e_e003320,central,2,22,0,0,0,0,20,남,3;4;4;4;6;6;3;6,41,11740;26350;11110,,,,,
e_e003340,central,2,1,0,0,0,0,20,여,7;1;1;1;1;7;7;7,45,11215;45110;30170,,,,,
e_e003345,central,2,2,0,0,0,0,20,여,1;1;1;1;1;1;1;7,11,41830;50130;42150,,,,,
e_e003358,central,3,1,0,0,0,0,20,여,1;1;1;2;1;2;1;7,11,11140;50130;27110,,,,,
e_e003359,central,2,1,0,0,0,0,20,남,3;4;3;3;2;6;3;2,41,42150;47130;11680,,,,,
e_e003367,central,3,1,0,0,0,0,20,남,5;2;2;6;6;3;5;6,30,50130;26350;46130,,,,,
e_e003437,central,2,13,0,0,0,0,40,여,1;7;1;1;4;3;3;6,11,42210;41820;41590,,,,,
e_e003464,central,2,2,0,0,0,0,60,남,1;6;1;1;1;6;1;2,11,42210;50130;26350,,,,,
e_e003503,central,3,22,0,0,0,0,20,남,1;1;1;1;1;1;7;7,41,50110;42210;26170,,,,,
e_e003511,central,3,21,0,0,0,0,30,여,4;7;6;4;1;6;4;4,28,28720;11680;41820,,,,,
e_e003513,central,3,1,0,0,0,0,30,남,1;1;4;3;5;3;7;5,11,42210;42830;41820,,,,,
e_e003537,central,2,10,0,0,0,0,40,남,2;2;4;3;2;5;6;2,41,26350;41670;42150,,,,,
e_e003543,central,2,11,0,0,0,0,40,여,1;4;2;4;5;4;4;6,41,44270;28710;46130,,,,,
e_e003544,central,2,1,0,0,0,0,30,남,4;6;2;1;6;2;2;3,41,11680;28185;41270,,,,,
e_e003551,central,3,10,0,0,0,0,20,남,3;1;1;5;2;6;1;7,11,42150;50110;41830,,,,,
e_e003592,central,3,2,0,0,0,0,30,남,5;6;5;4;5;4;6;4,11,42210;42820;41820,,,,,
e_e003601,central,3,8,0,0,0,0,20,남,1;2;1;6;4;1;4;7,11,42210;41820;41670,,,,,
e_e003623,central,3,4,0,0,0,0,20,남,4;1;2;4;4;5;5;4,45,42150;26440;11680,,,,,
e_e003644,central,3,5,0,0,0,0,30,여,3;3;3;4;4;4;5;4,11,41450;42210;41830,,,,,
e_e003645,central,3,1,0,0,0,0,20,남,4;1;2;1;3;7;3;7,11,42150;42110;50130,,,,,
e_e003651,central,3,2,0,0,0,0,20,남,2;2;2;4;2;5;5;5,11,41360;42210;41390,,,,,
e_e003662,central,2,21,0,0,0,0,20,여,5;3;2;2;4;4;3;5,36,50130;42150;26350,,,,,
e_e003692,central,3,1,0,0,0,0,20,남,6;2;1;4;3;6;2;7,41,41110;27110;42170,,,,,
e_e003695,central,2,22,0,0,0,0,50,여,4;4;4;2;3;4;4;3,41,50130;42820;11110,,,,,
e_e003713,central,2,21,0,0,0,0,30,여,6;4;2;6;6;4;1;3,28,42150;50130;26260,,,,,
e_e003714,central,2,22,0,0,0,0,50,남,2;1;1;2;6;6;2;5,44,44270;11680;50130,,,,,
e_e003738,central,2,1,0,0,0,0,20,여,3;3;1;3;3;3;1;4,11,26350;42210;41830,,,,,
e_e003750,central,2,1,0,0,0,0,40,남,2;4;2;1;4;7;1;3,29,50130;46130;11170,,,,,
e_e003869,central,2,2,0,0,0,0,60,남,1;1;7;3;1;1;1;5,41,46810;42150;50130,,,,,
e_e003872,central,2,3,0,0,0,0,60,남,1;3;3;5;2;4;2;4,41,42210;47920;46770,,,,,
e_e003875,central,2,10,0,0,0,0,60,여,3;3;1;3;4;3;5;6,11,50130;50110;42210,,,,,
e_e003876,central,2,1,0,0,0,0,60,남,2;2;1;6;6;4;2;2,41,50130;46130;42210,,,,,
e_e003884,central,2,10,0,0,0,0,20,여,2;3;3;3;2;5;5;6,11,41360;42150;26500,,,,,
e_e003910,central,2,1,0,0,0,0,30,남,4;1;1;1;1;2;3;6,28,50130;42820;26350,,,,,
e_e003921,central,2,1,0,0,0,0,40,남,2;2;2;3;2;3;2;4,11,41820;42210;46720,,,,,
e_e003938,central,3,21,0,0,0,0,20,남,4;1;1;1;1;1;1;7,41,11680;42150;41820,,,,,
e_e003948,central,2,1,0,0,0,0,30,남,4;2;1;2;2;4;6;4,11,41450;26290;50130,,,,,
e_e003952,central,2,12,0,0,0,0,30,여,6;1;3;1;2;5;2;7,28,50130;42150;43750,,,,,
e_e003953,central,2,6,0,0,0,0,30,남,4;2;2;4;2;6;4;5,28,26500;42210;42150,,,,,
e_e003957,central,2,22,0,0,0,0,40,여,3;3;4;2;3;6;2;6,36,50110;42150;30200,,,,,
e_e004018,central,2,2,0,0,0,0,30,남,2;2;2;6;4;2;5;1,11,42830;26350;28177,,,,,
e_e004021,central,3,1,0,0,0,0,30,여,4;7;1;6;7;1;6;3,27,46110;11140;11110,,,,,
e_e004023,central,3,22,0,0,0,0,60,여,1;1;4;2;1;4;3;6,11,42760;41820;41830,,,,,
e_e004118,central,3,1,0,0,0,0,20,남,3;2;4;4;3;5;2;7,41,42150;50110;28710,,,,,
e_e004127,central,2,11,0,0,0,0,30,남,2;4;2;2;2;2;2;4,41,42210;26350;50110,,,,,
e_e004128,central,2,22,0,0,0,0,30,여,2;1;3;4;1;5;6;6,28,11680;50130;50110,,,,,
e_e004136,central,2,1,0,0,0,0,20,여,5;6;6;4;3;6;6;3,11,50130;47130;26500,,,,,
e_e004140,central,3,21,0,0,0,0,60,남,2;1;2;2;2;2;3;5,11,50130;42150;41820,,,,,
e_e004215,central,3,1,0,0,0,0,30,여,6;3;3;5;5;6;3;6,41,47130;11110;30140,,,,,
e_e004233,central,2,1,0,0,0,0,40,여,1;6;3;2;2;6;2;6,41,42210;46130;41480,,,,,
e_e004320,central,3,1,0,0,0,0,30,남,7;5;7;2;2;3;4;5,30,11530;11680;50110,,,,,
e_e004379,central,3,2,0,0,0,0,20,남,2;2;2;4;5;2;2;6,41,50110;50130;42110,,,,,
e_e004387,central,3,21,0,0,0,0,30,여,4;2;1;1;1;1;1;6,11,47130;42170;41820,,,,,
e_e004481,central,3,1,0,0,0,0,20,남,4;1;2;4;5;3;4;6,11,26500;42230;26230,,,,,
e_e004500,central,3,3,0,0,0,0,40,남,4;1;6;1;2;5;5;2,11,11710;42150;50110,,,,,
e_e004603,central,2,21,0,0,0,0,50,여,2;2;2;2;1;4;5;2,11,42210;50130;45110,,,,,
e_e004637,central,3,10,0,0,0,0,30,여,3;2;2;2;2;6;3;7,41,42230;46820;41650,,,,,
e_e004649,central,3,6,0,0,0,0,20,남,3;2;2;4;2;3;2;6,41,50110;42150;26350,,,,,
e_e004777,central,3,22,0,0,0,0,20,남,2;1;1;3;4;5;4;6,11,41820;42210;42150,,,,,
e_e004820,central,2,21,0,0,0,0,50,남,1;5;5;5;4;4;4;4,11,50130;42210;41820,,,,,
e_e004926,central,3,2,0,0,0,0,30,남,2;1;2;1;1;6;7;2,41,42210;26350;41830,,,,,
e_e004932,central,3,2,0,0,0,0,20,여,4;7;4;7;4;7;4;4,11,28710;41210;41550,,,,,
e_e005289,central,3,1,0,0,0,0,20,여,5;2;4;3;2;2;5;4,41,46130;26350;11110,,,,,
e_e005336,central,2,3,0,0,0,0,40,남,6;3;2;6;7;3;1;2,11,42820;11110;26500,,,,,
e_e005387,central,2,2,0,0,0,0,40,여,4;4;1;4;5;1;6;1,41,44825;43800;45800,,,,,
e_e005451,central,3,1,0,0,0,0,20,남,2;3;2;2;1;3;2;2,41,42210;42830;42130,,,,,
e_e005463,central,3,2,0,0,0,0,40,남,1;1;7;1;1;4;1;4,41,42210;41820;44270,,,,,
e_e005467,central,2,1,0,0,0,0,20,여,4;6;2;3;4;5;3;7,41,41110;11710;11170,,,,,
e_e005525,central,2,12,0,0,0,0,30,여,3;3;3;3;5;5;2;6,41,11110;42210;50130,,,,,
e_e005549,central,3,2,0,0,0,0,30,여,3;3;2;4;2;5;2;4,11,50130;50110;26500,,,,,
e_e005550,central,3,1,0,0,0,0,30,여,5;6;1;3;5;2;1;6,36,11680;50130;48310,,,,,
e_e005756,central,3,2,0,0,0,0,30,여,4;2;2;2;2;1;7;4,26,46130;42110;42150,,,,,
e_e005777,central,2,1,0,0,0,0,30,남,6;2;2;1;2;5;3;5,11,50110;26350;30200,,,,,
e_e005841,central,3,21,0,0,0,0,20,여,2;1;6;2;1;5;6;2,41,42210;50110;27710,,,,,
e_e005887,central,3,10,0,0,0,0,20,남,3;2;2;3;3;3;3;5,41,50130;41270;26500,,,,,
e_e005905,central,2,6,0,0,0,0,60,남,5;6;2;7;7;6;6;2,41,11110;11680;11215,,,,,
e_e006146,central,2,1,0,0,0,0,30,남,3;4;2;5;3;2;5;3,11,50130;27200;41110,,,,,
e_e006149,central,3,1,0,0,0,0,30,남,1;1;1;4;1;6;1;7,11,26350;42210;46820,,,,,
e_e006418,central,2,2,0,0,0,0,30,여,2;1;1;4;2;1;1;6,41,42150;50130;43150,,,,,
e_e006441,central,2,1,0,0,0,0,60,여,1;3;2;2;2;3;3;2,41,48840;46130;42170,,,,,
e_e006485,central,2,1,0,0,0,0,50,여,4;4;2;5;5;4;2;4,41,50130;42150;26350,,,,,
e_e006538,central,2,2,0,0,0,0,20,여,2;3;1;2;2;1;7;2,41,41280;11680;50130,,,,,
e_e006568,central,2,21,0,0,0,0,20,남,3;2;2;5;6;2;3;5,41,42150;50130;26350,,,,,
e_e006597,central,2,1,0,0,0,0,30,여,2;2;2;2;3;3;2;2,11,48120;42150;26350,,,,,
e_e006784,central,2,10,0,0,0,0,40,여,4;1;2;1;1;1;1;7,11,50130;42210;28720,,,,,
e_e006797,central,2,21,0,0,0,0,50,여,3;3;5;3;4;2;4;3,28,31710;27260;47920,,,,,
e_e006832,central,2,11,0,0,0,0,30,남,4;4;2;4;4;3;3;6,41,42150;50130;11170,,,,,
e_e006838,central,2,21,0,0,0,0,30,여,1;2;2;2;2;2;3;7,41,41390;41820;42750,,,,,
e_e006878,central,2,24,0,0,0,0,30,여,3;3;3;3;3;3;3;3,11,41280;41630;41480,,,,,
e_e007157,central,2,25,0,0,0,0,30,여,1;1;1;1;4;4;4;7,41,50130;42820;26500,,,,,
e_e007171,central,2,2,0,0,0,0,20,여,7;7;1;1;7;7;1;7,41,11680;41130;11710,,,,,
e_e007177,central,2,2,0,0,0,0,30,여,4;2;4;2;3;5;2;5,11,50130;26350;42150,,,,,
e_e007250,central,2,11,0,0,0,0,20,여,6;2;3;3;6;1;2;7,41,11680;50110;31140,,,,,
e_e007264,central,2,4,0,0,0,0,20,남,3;4;3;3;4;4;4;5,41,47110;42730;42810,,,,,
e_e007276,central,2,22,0,0,0,0,20,여,6;2;3;1;2;7;1;7,11,50110;26500;41820,,,,,
e_e007308,central,2,2,0,0,0,0,20,남,1;1;1;1;1;2;6;7,41,42150;50130;26350,,,,,
e_e007330,central,2,1,0,0,0,0,30,남,4;6;6;4;6;6;2;6,28,41480;28110;50130,,,,,
e_e007333,central,2,1,0,0,0,0,20,여,2;1;1;5;4;6;2;6,28,50110;42150;11680,,,,,
e_e007363,central,2,1,0,0,0,0,20,여,2;2;1;6;6;4;1;7,28,28237;41190;28260,,,,,
e_e007411,central,2,26,0,0,0,0,20,남,7;7;7;4;5;7;2;1,44,11440;44130;45140,,,,,
e_e007423,central,2,22,0,0,0,0,30,여,5;1;1;1;4;4;1;1,41,42150;45110;46130,,,,,
e_e007472,central,2,6,0,0,0,0,20,여,7;7;1;5;1;1;7;1,47,11440;11170;11140,,,,,
e_e007476,central,2,22,0,0,0,0,20,여,2;2;3;4;3;4;5;5,11,41360;42150;50130,,,,,
e_e007514,central,2,27,0,0,0,0,50,여,4;6;4;2;3;5;1;6,11,41480;42110;43760,,,,,
e_e007520,central,2,2,0,0,0,0,40,남,7;1;1;2;3;7;1;3,28,50130;50110;46130,,,,,
e_e007553,central,2,11,0,0,0,0,30,여,2;1;1;1;1;1;1;3,41,41460;50130;11110,,,,,
e_e007587,central,2,13,0,0,0,0,40,여,3;6;6;3;3;6;6;6,41,41110;50110;26350,,,,,
e_e007588,central,2,1,0,0,0,0,30,여,1;5;5;3;1;4;6;4,41,50130;43800;48850,,,,,
e_e007608,central,2,1,0,0,0,0,30,여,5;3;5;2;4;5;2;6,41,42150;50110;26350,,,,,
e_e007654,central,2,23,0,0,0,0,30,여,3;3;2;2;3;6;6;6,11,26350;50130;42150,,,,,
e_e007655,central,2,1,0,0,0,0,20,남,4;6;7;1;3;7;2;7,11,26500;11680;11710,,,,,
e_e007664,central,2,22,0,0,0,0,30,남,2;4;4;3;2;3;5;6,11,41360;48310;42150,,,,,
e_e007665,central,2,1,0,0,0,0,30,남,6;3;2;2;3;5;2;6,27,30200;48840;11440,,,,,
e_e007675,central,2,22,0,0,0,0,20,여,1;1;1;4;4;3;5;5,41,41110;11680;42150,,,,,
e_e007722,central,2,21,0,0,0,0,30,남,6;2;2;2;2;5;5;6,11,46130;50130;42150,,,,,
e_e007734,central,2,1,0,0,0,0,20,남,7;5;3;1;1;6;7;1,28,11680;26110;41190,,,,,
e_e007747,central,2,6,0,0,0,0,20,여,1;1;3;2;4;4;5;6,41,41480;42150;50130,,,,,
e_e007751,central,2,2,0,0,0,0,30,여,7;6;5;6;2;2;2;3,11,42150;26200;27260,,,,,
e_e007755,central,2,3,0,0,0,0,20,여,1;5;2;7;1;1;2;6,41,41110;41390;41280,,,,,
e_e007776,central,2,2,0,0,0,0,30,남,2;3;1;4;2;2;4;2,41,48250;11140;28110,,,,,
e_e007795,central,2,21,0,0,0,0,30,남,1;7;4;7;7;4;1;1,11,41820;42760;41800,,,,,
e_e007813,central,2,2,0,0,0,0,30,여,4;6;2;2;4;2;1;7,41,11140;41480;41570,,,,,
e_e007840,central,2,27,0,0,0,0,30,여,2;4;7;1;3;7;7;1,28,50110;41430;42210,,,,,
e_e007843,central,2,10,0,0,0,0,40,여,2;1;1;3;6;6;2;7,11,41650;41460;42150,,,,,
e_e007846,central,2,22,0,0,0,0,50,남,1;1;1;5;1;5;1;3,30,42810;46130;50130,,,,,
e_e007854,central,2,13,0,0,0,0,60,남,1;4;1;4;7;1;1;7,11,41480;42210;43150,,,,,
e_e007865,central,2,27,0,0,0,0,40,여,3;4;3;3;3;4;3;5,41,42110;50130;28710,,,,,
e_e007873,central,2,2,0,0,0,0,20,남,5;5;6;6;6;5;5;3,41,41110;42150;43110,,,,,
e_e007884,central,2,1,0,0,0,0,20,여,2;3;1;5;3;3;4;7,30,41500;27260;31110,,,,,
e_e007887,central,2,2,0,0,0,0,30,여,3;2;2;4;5;5;6;6,11,50130;26350;42150,,,,,
e_e007888,central,2,4,0,0,0,0,30,남,6;4;2;4;2;4;2;5,28,44180;42150;50130,,,,,
e_e007918,central,2,21,0,0,0,0,20,남,1;1;1;1;4;4;4;5,41,42210;42170;44825,,,,,
e_e007984,central,2,5,0,0,0,0,30,여,1;7;3;1;4;4;5;7,41,47930;26350;46130,,,,,
e_e007993,central,2,1,0,0,0,0,20,여,2;2;4;3;2;2;3;2,41,46710;42150;26350,,,,,
e_e008013,central,2,1,0,0,0,0,30,여,7;2;3;4;4;3;3;6,46,50110;50130;11170,,,,,
e_e008034,central,2,22,0,0,0,0,20,여,5;7;7;6;7;5;7;6,41,42150;11440;50110,,,,,
e_e008050,central,2,1,0,0,0,0,20,여,6;1;1;1;7;4;2;7,11,42150;26500;42230,,,,,
e_e008086,central,2,4,0,0,0,0,20,여,4;2;2;4;6;4;2;5,28,50110;42230;11170,,,,,
e_e008106,central,2,5,0,0,0,0,40,여,6;1;6;1;1;1;6;4,11,50130;42210;45110,,,,,
e_e008116,central,2,4,0,0,0,0,30,여,2;2;6;6;6;6;6;5,11,42130;41800;41290,,,,,
e_e008123,central,2,1,0,0,0,0,30,여,3;5;2;5;6;5;5;3,11,42830;42110;41820,,,,,
e_e008306,central,2,4,0,0,0,0,30,여,2;2;1;6;6;2;7;1,41,41280;42820;50130,,,,,
e_e008315,central,2,12,0,0,0,0,20,여,2;5;3;6;5;7;2;7,11,42210;42150;26350,,,,,
e_e008460,central,2,22,0,0,0,0,20,남,4;5;5;6;6;4;6;6,28,42210;50130;26350,,,,,
e_e008623,central,2,22,0,0,0,0,30,여,7;5;5;1;3;6;2;4,11,41280;41480;28185,,,,,
e_e008652,central,2,22,0,0,0,0,30,여,3;3;3;3;3;2;4;6,27,50130;11680;26260,,,,,
e_e008679,central,2,4,0,0,0,0,20,남,2;1;2;1;2;1;1;6,41,42150;11170;26500,,,,,
e_e008743,central,2,21,0,0,0,0,30,여,6;3;3;3;3;3;2;2,11,50130;28110;41820,,,,,
e_e008754,central,2,21,0,0,0,0,20,남,3;2;4;2;2;5;2;5,41,41820;42150;28237,,,,,
e_e008775,central,2,1,0,0,0,0,20,남,6;2;6;3;2;4;3;4,28,11110;26350;26230,,,,,
e_e008788,central,2,22,0,0,0,0,30,여,1;1;4;1;1;4;1;7,28,42810;46810;41280,,,,,
e_e008879,central,2,1,0,0,0,0,20,여,6;6;2;5;4;6;1;7,11,41820;41280;42150,,,,,
e_e009153,central,2,6,0,0,0,0,20,남,6;6;3;4;4;5;5;5,41,41310;11170;41360,,,,,
e_e009302,central,2,1,0,0,0,0,40,남,2;2;2;6;6;4;2;2,28,50130;26290;42230,,,,,
e_e009313,central,2,2,0,0,0,0,30,여,6;3;3;2;6;5;5;6,11,42150;42230;41820,,,,,
e_e009334,central,2,4,0,0,0,0,30,남,2;2;6;4;2;2;6;6,41,42150;42820;26350,,,,,
e_e009599,central,2,1,0,0,0,0,30,여,3;3;3;4;4;5;3;3,41,46130;26350;11680,,,,,
e_e009606,central,2,1,0,0,0,0,30,남,2;2;2;2;3;3;3;5,11,42150;26260;50110,,,,,
e_e009635,central,2,2,0,0,0,0,30,여,3;3;4;3;5;6;6;6,41,44210;41480;41460,,,,,
e_e009657,central,2,1,0,0,0,0,60,여,5;3;2;2;2;2;2;7,41,50130;50110;11140,,,,,
e_e009658,central,2,2,0,0,0,0,30,남,1;1;1;1;1;7;1;1,41,42210;28110;50130,,,,,
e_e009742,central,2,13,0,0,0,0,40,남,5;6;6;4;6;6;3;4,41,31110;27260;26260,,,,,
e_e010071,central,2,4,0,0,0,0,20,여,5;1;1;5;6;2;2;3,42,42210;11680;26350,,,,,
e_e010112,central,2,2,0,0,0,0,20,여,5;2;1;2;6;5;2;6,11,50130;42150;26350,,,,,
e_e010116,central,2,1,0,0,0,0,20,남,7;1;2;4;6;4;6;2,11,42720;47130;26710,,,,,
e_e010209,central,2,1,0,0,0,0,20,남,5;2;3;3;6;5;5;6,41,42150;47130;26350,,,,,
e_e010214,central,2,3,0,0,0,0,20,여,2;7;1;1;1;3;7;2,11,11680;11170;31710,,,,,
e_e010224,central,2,1,0,0,0,0,20,여,4;2;5;5;2;4;1;5,41,42210;48310;46130,,,,,
e_e010234,central,2,22,0,0,0,0,30,여,3;1;5;3;6;3;2;6,44,26500;30200;27230,,,,,
e_e010292,central,2,1,0,0,0,0,20,여,4;4;3;3;4;4;4;4,41,50130;26350;42150,,,,,
e_e010344,central,2,23,0,0,0,0,30,여,4;3;3;4;4;4;5;4,11,41450;47170;27260,,,,,
e_e010362,central,2,21,0,0,0,0,30,남,2;1;6;3;2;4;5;6,28,42830;48840;48860,,,,,
e_e010388,central,2,1,0,0,0,0,20,남,2;5;1;4;5;6;2;5,11,42150;41280;50110,,,,,
e_e010463,central,2,6,0,0,0,0,30,여,4;4;7;4;3;3;7;7,41,26500;11110;42210,,,,,
e_e010470,central,2,1,0,0,0,0,20,남,4;1;1;4;4;1;1;4,41,11110;42830;11680,,,,,
e_e010518,central,2,1,0,0,0,0,20,여,4;4;4;4;4;4;4;4,41,41820;41460;41280,,,,,
e_e010563,central,2,1,0,0,0,0,30,여,4;2;4;1;3;4;3;6,11,11230;26170;50130,,,,,
e_e010573,central,2,1,0,0,0,0,30,여,1;7;1;4;1;7;7;7,11,42210;47930;41460,,,,,
e_e010606,central,2,1,0,0,0,0,20,남,7;7;4;4;1;4;7;7,28,41110;48310;42150,,,,,
e_e010651,central,2,27,0,0,0,0,50,여,1;6;4;2;6;6;3;6,11,41830;47900;42720,,,,,
e_e010711,central,2,22,0,0,0,0,30,남,4;3;3;2;2;2;5;2,41,41110;47110;26500,,,,,
e_e010748,central,2,1,0,0,0,0,20,남,5;1;1;2;2;6;2;7,41,28110;26350;50110,,,,,
e_e010750,central,2,22,0,0,0,0,20,여,7;1;1;3;2;7;1;6,41,50130;42150;42210,,,,,
e_e010982,central,2,1,0,0,0,0,20,여,6;1;1;6;7;5;7;2,11,41650;41450;42210,,,,,
e_e011158,central,2,1,0,0,0,0,30,여,4;3;3;2;4;5;2;6,11,44270;41820;28185,,,,,
e_e011189,central,2,1,0,0,0,0,20,여,4;5;5;3;2;4;3;6,28,11440;11560;11500,,,,,
e_e011206,central,2,22,0,0,0,0,20,여,3;6;1;7;6;2;6;2,11,11110;41280;41210,,,,,
e_e011233,central,2,1,0,0,0,0,20,여,6;4;4;5;4;6;3;2,41,11440;11680;42830,,,,,
e_e011277,central,2,1,0,0,0,0,30,남,1;1;1;4;5;1;1;5,41,42210;44825;11710,,,,,
e_e011310,central,2,1,0,0,0,0,20,여,6;2;1;1;1;2;6;6,11,50110;26350;41360,,,,,
e_e011358,central,2,21,0,0,0,0,20,여,2;2;1;4;5;4;6;5,11,42150;50130;43110,,,,,
e_e011461,central,2,11,0,0,0,0,30,여,1;1;1;1;1;3;6;6,41,50130;42150;48220,,,,,
e_e011738,central,2,22,0,0,0,0,20,남,3;3;2;2;4;4;5;6,11,46130;50130;45110,,,,,
e_e011750,central,2,1,0,0,0,0,30,남,7;2;6;2;2;6;4;5,41,50110;42820;26350,,,,,
e_e011904,central,2,1,0,0,0,0,30,여,3;4;4;3;3;4;5;4,41,42150;11110;50130,,,,,
e_e011939,central,2,24,0,0,0,0,20,남,7;1;1;4;4;4;5;3,41,11140;50110;26350,,,,,
e_e011953,central,2,26,0,0,0,0,20,남,4;7;1;7;7;7;1;7,41,11170;11680;30170,,,,,
e_e012031,central,2,1,0,0,0,0,20,여,3;4;3;5;4;6;6;3,41,42210;41460;41820,,,,,
e_e012072,central,2,1,0,0,0,0,20,남,7;1;1;3;7;5;7;7,36,11170;26350;41460,,,,,
e_e012372,central,2,2,0,0,0,0,20,남,2;2;2;5;7;2;7;7,41,50110;42150;26350,,,,,
e_e012444,central,2,4,0,0,0,0,20,여,4;4;4;4;4;4;4;4,11,48120;41480;48250,,,,,
e_e012445,central,2,4,0,0,0,0,20,남,5;2;2;3;6;3;4;6,28,50110;42210;26350,,,,,
f_f006339,central,2,2,0,0,0,0,20,남,4;1;2;3;3;2;3;3,41,48120;27230;11440,,,,,
