travel_id,day_index,visit_order,visit_area_id,visit_area_nm
e_e000003,1,1,2304300001,집
e_e000003,1,2,2304300002,안성휴게소 부산방향
e_e000003,1,3,2304300003,금강휴게소
e_e000003,1,4,2304300004,김천종합운동장
e_e000003,1,5,2304300005,입장 거봉포도 휴게소 서울 방향
e_e000003,1,6,2304300006,집
e_e000654,1,1,2305200001,친구 친지 집
e_e000654,1,2,2305200002,가평휴게소 춘천 방향
e_e000654,1,3,2305200003,가리산 레포츠파크
e_e000654,1,4,2305200004,한마음 정육 식당 강원 홍천점
e_e000654,1,5,2305200005,가평휴게소 서울 방향
e_e000654,1,6,2305200006,친구 집
e_e000929,1,1,2306050001,집
e_e000929,1,2,2306050002,동대구역
e_e000929,1,3,2306050003,수성시장 역 대구 3호선
e_e000929,1,4,2306050004,마이카츠 수성 1가점
e_e000929,1,5,2306050005,수성못
e_e000929,1,6,2306050006,할머니 댁
e_e000929,2,1,2306060001,베니키아 호텔 청도 용암온천
e_e000929,2,2,2306060002,금산 곰탕
e_e000929,2,3,2306060003,계곡
e_e000929,2,4,2306060004,신세계타운 아파트
e_e000929,2,5,2306060005,대구 신세계 파리바게뜨
e_e000929,2,6,2306060006,더 리터 수성 1가점
e_e000929,2,7,2306060007,동대구역
e_e000929,2,8,2306060008,집
e_e006945,1,1,2308200001,집
e_e006945,1,2,2308200002,제 따오나 선원
e_e006945,1,3,2308200003,풍물 옹심이 칼국수
e_e006945,1,4,2308200004,국립춘천 박물관
e_e006945,1,5,2308200005,집
e_e008914,1,1,2308270001,집
e_e008914,1,2,2308270002,인창 6단지 주공아파트
e_e008914,1,3,2308270004,드름산
e_e008914,1,4,2308270003,집
f_f000014,1,1,2304290001,집
f_f000014,1,2,2304290014,신원 다 마을
f_f000014,1,3,2304290003,을지로 입구역 2호선
f_f000014,1,4,2304290006,철원 한탄강 주상절리길 순담 매표소
f_f000014,1,5,2304290004,구리휴게소 일산방향
f_f000014,1,6,2304290005,철원 한탄강 주상절리길 드르니 매표소
f_f000014,1,7,2304290007,기와집
f_f000014,1,8,2304290008,고석정
f_f000014,1,9,2304290009,포천아트밸리
f_f000014,1,10,2304290010,프롬 스톤
f_f000014,1,11,2304290011,의정부 휴게소 구리방향
f_f000014,1,12,2304290012,명동거리
f_f000014,1,13,2304290013,을지로 입구역 2호선
f_f000014,1,14,2304290015,원당역 3호선
f_f000014,1,15,2304290016,송이네
f_f000014,1,16,2304290017,이마트 에브리데이 신원 당적
f_f000014,1,17,2304290002,집
f_f000015,1,1,2304300001,집
f_f000015,1,2,2304300002,오창휴게소 하남방향
f_f000015,1,3,2304300003,MRNW
f_f000015,1,4,2304300004,하중도 유채꽃 단지
f_f000015,1,5,2304300005,뱀부 가든
f_f000015,1,6,2304300006,하북 농협 하나로마트
f_f000015,1,7,2304300007,BN888 펜션
f_f000015,2,1,2305010001,시례 정가든
f_f000015,2,2,2305010002,영남알프스 얼음골 케이블카 매표소
f_f000015,2,3,2305010003,천황산
f_f000015,2,4,2305010004,재약산
f_f000015,2,5,2305010005,언양 전통 불고기
f_f000015,2,6,2305010006,집
f_f000019,1,1,2304300001,집
f_f000019,1,2,2304300003,버릇 식당
f_f000019,1,3,2304300002,부산광역시 금정구 선동
f_f000019,2,1,2305010001,회동수원지
f_f000019,2,2,2305010002,선 유도원
f_f000019,2,3,2305010003,홍법사
f_f000019,2,4,2305010004,직구나 담양 석갈비촌
f_f000019,2,5,2305010005,스포 원 파크 금정체육공원
f_f000019,2,6,2305010006,집
f_f000022,1,1,2304300001,집
f_f000022,1,2,2304300002,철마 연밥
f_f000022,1,3,2304300003,아홉 살 숲
f_f000022,1,4,2304300004,다락
f_f000022,1,5,2304300005,부모님댁
f_f000022,2,1,2305010001,대왕암공원
f_f000022,2,2,2305010002,진미 초장집
f_f000022,2,3,2305010003,롯데 프리미엄 아울렛 동부산점
f_f000022,2,4,2305010005,집
f_f000023,1,1,2304290001,집
f_f000023,1,2,2304290003,코스트코 부산점
f_f000023,1,3,2304290004,시스 디자인 부산 센텀
f_f000023,1,4,2304290005,카페 오후의 홍차
f_f000023,1,5,2304290002,집
f_f000034,1,1,2304290001,집
f_f000034,1,2,2304290002,비와 별 닭갈비 소양강점
f_f000034,1,3,2304290003,카페 감자밭 본점
f_f000034,1,4,2304290004,소양강 처녀상
f_f000034,1,5,2304290005,집
f_f000044,1,1,2304280001,집
f_f000044,1,2,2304280002,해운대 할미 집
f_f000044,1,3,2304280003,문 토스트
f_f000044,1,4,2304280004,황령산 봉수대
f_f000044,1,5,2304280005,더블에이치 서스펜션
f_f000044,1,6,2304280006,버튼 호텔 남포점
f_f000044,1,7,2304280007,세정
f_f000044,1,8,2304280008,버튼 호텔 남포점
f_f000044,2,1,2304290001,희야네 황태 국밥
f_f000044,2,2,2304290002,더블에이치 서스펜션
f_f000044,2,3,2304290003,자택
f_f000264,1,1,2305200001,친구 친지 집
f_f000264,1,2,2305200002,대경 식당
f_f000264,1,3,2305200003,명주 정원
f_f000264,1,4,2305200004,함창 명주 테마파크
f_f000264,1,5,2305200005,상주 우산 캠핑장
f_f000264,2,1,2305210001,루안
f_f000264,2,2,2305210002,친구 집
f_f000265,1,1,2305270001,집
f_f000265,1,2,2305270002,악양 생태공원
f_f000265,1,3,2305270003,무진장
f_f000265,1,4,2305270004,집
f_f000268,1,1,2305200001,사무실
f_f000268,1,2,2305200002,GS칼텍스 경향 주유소
f_f000268,1,3,2305200003,문막휴게소 강릉방향
f_f000268,1,4,2305200004,호산 빵집
f_f000268,1,5,2305200005,쏠비치 삼척
f_f000268,1,6,2305200006,굿앤 구스 쏠비치 삼척 점
f_f000268,1,7,2305200007,쏠비치 삼척 뜰인 더 그릴
f_f000268,1,8,2305200008,쏠비치 삼척
f_f000268,1,9,2305200009,쏠비치 삼척
f_f000268,2,1,2305210001,쏠비치 삼척 해파리
f_f000268,2,2,2305210002,도째비골스카이밸리
f_f000268,2,3,2305210003,친지 집
f_f000268,2,4,2305210004,집
f_f000273,1,1,2306030001,집
f_f000273,1,2,2306030002,대왕암공원
f_f000273,1,3,2306030003,대왕암공원 오토캠핑장
f_f000273,2,1,2306040001,일산해수욕장
f_f000273,2,2,2306040002,장생포 고래 박물관
f_f000273,2,3,2306040003,미소 지은
f_f000273,2,4,2306040004,장생포 고래문화마을
f_f000273,2,5,2306040005,집
f_f000274,1,1,2305270001,집
f_f000274,1,2,2305270002,섬진강휴게소 부산방향
f_f000274,1,3,2305270004,다랭이마을
f_f000274,1,4,2305270003,카페톨
f_f000274,1,5,2305270005,헐스 밴드
f_f000274,1,6,2305270006,장항 해수풀장
f_f000274,1,7,2305270007,상주은모래비치
f_f000274,1,8,2305270008,설리해수욕장
f_f000274,1,9,2305270009,초록 스토어
f_f000274,1,10,2305270010,수어 메밀짜장
f_f000274,1,11,2305270011,온 뷰 모텔
f_f000274,1,12,2305270012,온 뷰 모텔
f_f000274,2,1,2305280001,미조 돈가스 김밥
f_f000274,2,2,2305280002,플랫 포트
f_f000274,2,3,2305280003,인산인해
f_f000274,2,4,2305280004,힙한 식
f_f000274,2,5,2305280005,옐로우츄도넛
f_f000274,2,6,2305280006,집
f_f000278,1,1,2305270001,집
f_f000278,1,2,2305270002,강릉 동화 가든 본점
f_f000278,1,3,2305270003,강문해변
f_f000278,1,4,2305270004,경포해수욕장
f_f000278,1,5,2305270005,경포호
f_f000278,1,6,2305270006,테라로사 경포호수점
f_f000278,1,7,2305270007,허니 홈피(강릉 본점)
f_f000278,1,8,2305270008,허균 허난설헌 기념관
f_f000278,1,9,2305270009,이디야커피 세인트존스 경포 호텔점
f_f000278,1,10,2305270010,런닝맨 강릉점
f_f000278,1,11,2305270011,초당 11
f_f000278,1,12,2305270012,디베이스
f_f000278,1,13,2305270013,강릉 중앙시장
f_f000278,1,14,2305270014,강릉역
f_f000278,1,15,2305270015,집
f_f000279,1,1,2306030001,친구 친지 집
f_f000279,1,2,2306030002,태화강 국가 정원 십 리 대숲
f_f000279,1,3,2306030003,태화강 국가 정원
f_f000279,1,4,2306030004,행루즈 버거
f_f000279,1,5,2306030005,슬도
f_f000279,1,6,2306030006,오브리
f_f000279,1,7,2306030007,코비 원룸
f_f000308,1,1,2305200001,집
f_f000308,1,2,2305200002,가평 양떼목장
f_f000308,1,3,2305200003,동명항
f_f000308,1,4,2305200004,오션 투 유리조트 속초 설악비치 호텔 앤 콘도
f_f000308,2,1,2305210001,홍천 휴게소 서울 방향
f_f000308,2,2,2305210002,집
f_f000311,1,1,2305200001,집
f_f000311,1,2,2305200003,경기 광주 휴게소 원주 방향
f_f000311,1,3,2305200004,하이원 스카이 134 곤돌라 탑승 톱 오브 더 탑 정상 카페
f_f000311,1,4,2305200002,하이원 그랜드호텔 컨벤션타워
f_f000311,2,1,2305210002,더 가든
f_f000311,2,2,2305210003,의림지
f_f000311,2,3,2305210001,집
f_f000317,1,1,2305310001,집
f_f000317,1,2,2305310003,흰 여울 문화마을
f_f000317,1,3,2305310004,점포 사잇길
f_f000317,1,4,2305310002,집
f_f000319,1,1,2305260002,집
f_f000319,1,2,2305260003,부천 시청역 7호선
f_f000319,1,3,2305260004,서울고속버스터미널(경부)
f_f000319,1,4,2305260005,선산휴게소 창원방향
f_f000319,1,5,2305260001,창원광장동광뷰엘오피스텔
f_f000319,2,1,2305270002,한국산업인력공단 부산지역본부
f_f000319,2,2,2305270003,김밥나라 율리점
f_f000319,2,3,2305270004,무진장
f_f000319,2,4,2305270005,마산 쪼개 창고
f_f000319,2,5,2305270001,창원광장동광뷰엘오피스텔
f_f000323,1,1,2305280001,집
f_f000323,1,2,2305280003,서울역
f_f000323,1,3,2305280004,신경주역
f_f000323,1,4,2305280005,대릉원
f_f000323,1,5,2305280006,동궁과 월지
f_f000323,1,6,2305280007,국립경주박물관
f_f000323,1,7,2305280008,교동 집밥
f_f000323,1,8,2305280009,커들리 하우스
f_f000323,1,9,2305280010,대릉원
f_f000323,1,10,2305280002,경주 게스트하우스 프렌드
f_f000323,2,1,2305290002,불국사
f_f000323,2,2,2305290003,한국 대중음악 박물관
f_f000323,2,3,2305290004,바니 베어뮤지엄
f_f000323,2,4,2305290005,신경주역
f_f000323,2,5,2305290006,서울역
f_f000323,2,6,2305290001,집
f_f000326,1,1,2305280001,집
f_f000326,1,2,2305280002,더 앤리조트 가든 온
f_f000326,1,3,2305280003,동해 막국수
f_f000326,1,4,2305280004,더 앤리조트
f_f000326,2,1,2305290001,기사문해수욕장
f_f000326,2,2,2305290002,양양전통시장
f_f000326,2,3,2305290003,집
f_f000332,1,1,2305180001,집
f_f000332,1,2,2305180002,홍천인 조화로 구이
f_f000332,1,3,2305180003,주문진항
f_f000332,1,4,2305180005,컨피네스 오션 스위트
f_f000332,2,1,2305190001,개두룹장칼국수
f_f000332,2,2,2305190002,곳
f_f000332,2,3,2305190003,원주 자유시장
f_f000332,2,4,2305190004,집
f_f000337,1,1,2305200001,집
f_f000337,1,2,2305200002,안산복합휴게소 강릉방향
f_f000337,1,3,2305200003,여주 맛있는 휴게소 강릉방향
f_f000337,1,4,2305200004,황남 비빔밥
f_f000337,1,5,2305200005,포토 인 더 박스 경주 황리 비단길점
f_f000337,1,6,2305200006,황남 옥수수 황리 단 결점
f_f000337,1,7,2305200007,대릉원
f_f000337,1,8,2305200008,첨성대
f_f000337,1,9,2305200009,국보 31호
f_f000337,1,10,2305200010,두 낫디 스타브 베이커스 경주
f_f000337,1,11,2305200011,호텔 시리즈
f_f000337,1,12,2305200012,한 돈 단불 뒷고기
f_f000337,1,13,2305200013,황남쫀드기
f_f000337,1,14,2305200014,동궁과 월지
f_f000337,1,15,2305200015,손가맥집
f_f000337,1,16,2305200016,호텔 시리즈
f_f000337,2,1,2305210001,전통 맷돌순두부
f_f000337,2,2,2305210002,컴포즈커피 경주 황오점
f_f000337,2,3,2305210003,경주시 공간
f_f000337,2,4,2305210004,분황사
f_f000337,2,5,2305210005,황남 샌드
f_f000337,2,6,2305210006,교리 김밥 봉황대점
f_f000337,2,7,2305210007,단서가 찰보리빵 경주 본점
f_f000337,2,8,2305210008,토종 찰보리빵 본점
f_f000337,2,9,2305210009,집
f_f000341,1,1,2305220001,집
f_f000341,1,2,2305220003,홈플러스 부산 반여점
f_f000341,1,3,2305220002,별 아래 펜션
f_f000341,2,1,2305230002,칠곡휴게소 서울 방향
f_f000341,2,2,2305230003,안산공원
f_f000341,2,3,2305230004,김천녹색미래 과학관
f_f000341,2,4,2305230005,청도 새마을 휴게소 하행
f_f000341,2,5,2305230001,집
f_f000348,1,1,2305260001,집
f_f000348,1,2,2305260002,평창 주유소 강릉방향
f_f000348,1,3,2305260003,강릉 중앙시장
f_f000348,1,4,2305260011,컨 피네스 오션 스위트
f_f000348,2,1,2305270001,디스코 버거
f_f000348,2,2,2305270002,사천해변
f_f000348,2,3,2305270004,수줍은 과자점
f_f000348,2,4,2305270003,옥계 쌍둥이 동물원
f_f000348,2,5,2305270005,감자적 본부
f_f000348,2,6,2305270006,cu 편의점
f_f000348,2,7,2305270007,집
f_f000354,1,1,2305270001,집
f_f000354,1,2,2305270002,합천영상테마파크
f_f000354,1,3,2305270003,로 풀
f_f000354,1,4,2305270005,청학동 식당
f_f000354,1,5,2305270004,합천 HC 호텔
f_f000354,2,1,2305280001,관기교회
f_f000354,2,2,2305280002,해인사
f_f000354,2,3,2305280003,카페 메이
f_f000354,2,4,2305280004,코지 하우스
f_f000355,1,1,2306050001,집
f_f000355,1,2,2306050002,청도 새마을 휴게소 하행
f_f000355,1,3,2306050003,오션블루 가덕휴게소
f_f000355,1,4,2306050004,매미성
f_f000355,1,5,2306050005,비치 블루 애견 펜션
f_f000355,2,1,2306060001,오션블루 거제휴게소
f_f000355,2,2,2306060002,청도 새마을 휴게소 상행
f_f000355,2,3,2306060003,집
f_f000357,1,1,2305250001,집
f_f000357,1,2,2305250010,서울고속버스터미널(경부)
f_f000357,1,3,2305250002,강릉 고속버스터미널
f_f000357,1,4,2305250003,정화 식당
f_f000357,1,5,2305250004,경포 아쿠아리움
f_f000357,1,6,2305250005,허균 허난설헌 기념관
f_f000357,1,7,2305250006,스카이베이 호텔 경포
f_f000357,1,8,2305250007,구옥
f_f000357,1,9,2305250009,스카이베이 호텔 경포
f_f000357,2,1,2305260001,강문해변
f_f000357,2,2,2305260002,얼라이브 홈
f_f000357,2,3,2305260003,드봉 마젤
f_f000357,2,4,2305260004,도어즈
f_f000357,2,5,2305260005,메가 MGC 커피 강릉역점
f_f000357,2,6,2305260006,강릉역
f_f000357,2,7,2305260007,집
f_f000362,1,1,2306030001,집
f_f000362,1,2,2306030002,장호 닭갈비 명가
f_f000362,1,3,2306030003,소양강댐 정상 주차장
f_f000362,1,4,2306030004,집
f_f000366,1,1,2305170001,집
f_f000366,1,2,2305170003,경주 사리 풀빌라
f_f000366,1,3,2305170004,황금 덕장 경주 불국사점
f_f000366,1,4,2305170005,대릉원
f_f000366,1,5,2305170002,경주 사리 풀빌라
f_f000366,2,1,2305180001,바보 낙지
f_f000366,2,2,2305180002,스타벅스 경주 대릉원점
f_f000366,2,3,2305180003,국립경주박물관 어린이 박물관
f_f000366,2,4,2305180005,이상복 명과 본점
f_f000366,2,5,2305180004,집
f_f000371,1,1,2305280001,친구 친지 집
f_f000371,1,2,2305280003,자갈치시장
f_f000371,1,3,2305280004,네루다 커피
f_f000371,1,4,2305280005,해운대해수욕장
f_f000371,1,5,2305280006,회 무침에 낮술 한 잔
f_f000371,1,6,2305280007,동백반
f_f000371,1,7,2305280002,하운드 가든 테라스 호텔
f_f000371,2,1,2305290002,오복 돼지국밥
f_f000371,2,2,2305290003,딥 플로어 커피
f_f000371,2,3,2305290004,타이 백스트리트 해운대점
f_f000371,2,4,2305290005,오송역 2층 코레일 라운지
f_f000371,2,5,2305290001,톱클래스 아파트
f_f000373,1,1,2306030001,집
f_f000373,1,2,2306030002,청화 옥
f_f000373,1,3,2306030004,팔봉산 메밀촌 막국수
f_f000373,1,4,2306030005,유토피아
f_f000373,1,5,2306030003,서호천 농협 하나로마트 두미 지점
f_f000373,1,6,2306030008,집
f_f000373,2,1,2306040001,로즈
f_f000373,2,2,2306040002,가평휴게소 서울 방향
f_f000373,2,3,2306040003,집
f_f000374,1,1,2306060001,집
f_f000374,1,2,2306060003,횡성 루지 체험장
f_f000374,1,3,2306060004,횡성 전통시장
f_f000374,1,4,2306060005,횡성 잔치국수
f_f000374,1,5,2306060006,횡성호수길
f_f000374,1,6,2306060002,집
f_f000379,1,1,2305280001,집
f_f000379,1,2,2305280003,주산 저수지
f_f000379,1,3,2305280004,텃밭 지기
f_f000379,1,4,2305280005,킴스 마운틴 커피 클래스
f_f000379,1,5,2305280006,소노벨 청송
f_f000379,1,6,2305280007,소노벨 청송 솔샘 온천
f_f000379,1,7,2305280008,소노벨 청송 빠띠오
f_f000379,1,8,2305280009,소노벨 청송
f_f000379,2,1,2305290001,심 부장 밥상
f_f000379,2,2,2305290002,송소고택
f_f000379,2,3,2305290003,백일홍
f_f000379,2,4,2305290004,산소 카페 청송 정원
f_f000379,2,5,2305290005,동명휴게소 부산방향
f_f000379,2,6,2305290006,집
f_f000380,1,1,2305290001,집
f_f000380,1,2,2305290002,현풍 시외버스정류장
f_f000380,1,3,2305290003,가락국수 토오루
f_f000380,1,4,2305290004,해운대 블루라인파크 미포 정거장
f_f000380,1,5,2305290005,베이 몬드 호텔
f_f000380,2,1,2305300001,해운대 모래축제
f_f000380,2,2,2305300002,스타벅스 센텀 KNN 점
f_f000380,2,3,2305300003,착시미술관
f_f000380,2,4,2305300004,솔 솥 서면점
f_f000380,2,5,2305300005,서면 지하상가
f_f000380,2,6,2305300006,합천 일류 돼지국밥 사상점
f_f000380,2,7,2305300007,집
f_f000381,1,1,2305220001,집
f_f000381,1,2,2305220002,태화강역
f_f000381,1,3,2305220003,이샘 병원
f_f000381,1,4,2305220004,볼스
f_f000381,1,5,2305220005,영도대교
f_f000381,1,6,2305220006,부산시수협자갈치건어위판장
f_f000381,1,7,2305220007,KTG 상상마당 부산
f_f000381,1,8,2305220008,서면 횟집
f_f000381,1,9,2305220009,KT&G 상상마당 부산 사푼사푼
f_f000381,1,10,2305220010,KTG 상상마당 부산
f_f000381,2,1,2305230001,전포 카페거리
f_f000381,2,2,2305230002,송상현 광장
f_f000381,2,3,2305230003,원각사
f_f000381,2,4,2305230004,벡스코 역 동해선
f_f000381,2,5,2305230005,집
f_f000387,1,1,2305210001,집
f_f000387,1,2,2305210002,포항역
f_f000387,1,3,2305210003,월포역
f_f000387,1,4,2305210004,어보브 블루 풀빌라
f_f000387,1,5,2305210005,신선도 횟집
f_f000387,1,6,2305210006,이가리 닻 전망대
f_f000387,1,7,2305210007,어보브 블루 풀빌라
f_f000387,2,1,2305220001,월포 역
f_f000387,2,2,2305220002,영일대해수욕장
f_f000387,2,3,2305220003,하목정
f_f000387,2,4,2305220004,포항 시청 고속버스 간이승강장
f_f000387,2,5,2305220005,집
f_f000390,1,1,2305150001,집
f_f000390,1,2,2305150002,대청도시 숲
f_f000390,1,3,2305150003,스타벅스 김해율하점
f_f000390,1,4,2305150004,유적공원
f_f000390,1,5,2305150005,집
f_f000394,1,1,2305200001,집
f_f000394,1,2,2305200003,해저터널
f_f000394,1,3,2305200004,통영 삼도수군통제영
f_f000394,1,4,2305200005,조선 군단
f_f000394,1,5,2305200006,통영 해상택시
f_f000394,1,6,2305200007,해맑은 생선구이
f_f000394,1,7,2305200002,포르투나 호텔
f_f000394,2,1,2305210002,디피랑
f_f000394,2,2,2305210003,통영 케이블카
f_f000394,2,3,2305210004,목섬 감자탕
f_f000394,2,4,2305210005,남파랑 길 35코스
f_f000394,2,5,2305210001,집
f_f000398,1,1,2305200001,집
f_f000398,1,2,2305200003,더 하운드 호텔
f_f000398,1,3,2305200002,짱구네 집
f_f000398,1,4,2305200005,보수동 책방 골목
f_f000398,1,5,2305200006,국제시장
f_f000398,1,6,2305200004,부평 깡통시장
f_f000398,1,7,2305200007,BNK 부산은행 아트시네마
f_f000398,1,8,2305200008,백합 양 곱창
f_f000398,1,9,2305200009,라차타
f_f000398,1,10,2305200010,물레방아 즉석구이
f_f000398,1,11,2305200011,용두산공원
f_f000398,1,12,2305200013,더 하운드 호텔
f_f000398,2,1,2305210001,집
f_f000400,1,1,2305200001,집
f_f000400,1,2,2305200003,홍천 휴게소 양양 방향
f_f000400,1,3,2305200002,주문진항
f_f000400,1,4,2305200004,낙산 해변
f_f000400,2,1,2305210002,가평휴게소 서울 방향
f_f000400,2,2,2305210001,집
f_f000405,1,1,2305270001,집
f_f000405,1,2,2305270002,부산 서부버스터미널
f_f000405,1,3,2305270003,오륙도 횟집
f_f000405,1,4,2305270005,이디야커피 포항영일 대점
f_f000405,1,5,2305270006,환호공원 스페이스 워크
f_f000405,1,6,2305270007,강변체육공원
f_f000405,1,7,2305270008,영일 대게 스트 하우스
f_f000405,2,1,2305280001,꿀꿀촌 문덕점
f_f000405,2,2,2305280002,카페 더 헤이븐
f_f000405,2,3,2305280003,집
f_f000409,1,1,2306080001,집
f_f000409,1,2,2306080003,한화리조트 설악 쏘라노
f_f000409,1,3,2306080004,척산 족욕공원
f_f000409,1,4,2306080007,수복기념탑
f_f000409,1,5,2306080005,속초 IPARK 스위트
f_f000409,1,6,2306080006,스타벅스 속초 DT점
f_f000409,1,7,2306080008,금이야 옥이야
f_f000409,1,8,2306080009,속초 아이
f_f000409,1,9,2306080010,버거킹 속초 DT점
f_f000409,1,10,2306080011,청초호유원지
f_f000409,1,11,2306080012,속초관광수산시장
f_f000409,1,12,2306080002,속초 IPARK 스위트
f_f000409,2,1,2306090001,GS25 속초 타워점
f_f000409,2,2,2306090002,중앙 닭강정 엑스포 직영점
f_f000409,2,3,2306090003,버거킹 속초 DT점
f_f000409,2,4,2306090004,홍천 휴게소 서울 방향
f_f000409,2,5,2306090005,집
f_f000411,1,1,2305150001,집
f_f000411,1,2,2305150003,홍천 휴게소 양양 방향
f_f000411,1,3,2305150004,오베 르망 본점
f_f000411,1,4,2305150005,델피노 오션 플레이
f_f000411,1,5,2305150006,낙산사 홍련암
f_f000411,1,6,2305150007,속초관광수산시장
f_f000411,1,7,2305150002,소노캄델피노 AB동
f_f000411,2,1,2305160001,김정옥 할머니순두부 본점
f_f000411,2,2,2305160003,뮤지엄 산
f_f000411,2,3,2305160002,집
f_f000412,1,1,2305280001,집
f_f000412,1,2,2305280003,경주월드
f_f000412,1,3,2305280004,황련단길
f_f000412,1,4,2305280002,나무에
f_f000412,2,1,2305290002,카페와 하이 황리단길점
f_f000412,2,2,2305290005,황련단길
f_f000412,2,3,2305290003,솔 솥 경주 황리 비단길점
f_f000412,2,4,2305290004,대릉원
f_f000412,2,5,2305290001,집
f_f000416,1,1,2305160001,집
f_f000416,1,2,2305160002,경주국립공원 남산지구
f_f000416,1,3,2305160003,바람개비
f_f000416,1,4,2305160004,마주
f_f000416,1,5,2305160005,대릉원
f_f000416,1,6,2305160006,황련단길
f_f000416,1,7,2305160007,첨성대
f_f000416,1,8,2305160008,집
f_f000417,1,1,2306060001,집
f_f000417,1,2,2306060003,가평휴게소 춘천 방향
f_f000417,1,3,2306060004,롯데리조트 속초
f_f000417,1,4,2306060005,외옹치해변
f_f000417,1,5,2306060006,롯데리조트 속초
f_f000417,1,6,2306060007,옛 고을 순두부
f_f000417,1,7,2306060008,오베 르망 본점
f_f000417,1,8,2306060002,롯데리조트 속초
f_f000417,2,1,2306070002,속초 생대구
f_f000417,2,2,2306070003,등대해수욕장
f_f000417,2,3,2306070004,할리스 속초 영랑 해 변 DI 점
f_f000417,2,4,2306070005,강촌레일파크 김유정역
f_f000417,2,5,2306070006,춘천 산속에 닭갈비
f_f000417,2,6,2306070001,집
f_f000419,1,1,2305190001,사무실
f_f000419,1,2,2305190008,홍천 휴게소 양양 방향
f_f000419,1,3,2305190003,속초 고속버스터미널
f_f000419,1,4,2305190005,청초수물회
f_f000419,1,5,2305190004,예스 닭강정
f_f000419,1,6,2305190006,씨크루즈호텔속초
f_f000419,1,7,2305190007,속초관광수산시장
f_f000419,1,8,2305190002,씨크루즈호텔속초
f_f000419,2,1,2305200001,단천식당
f_f000419,2,2,2305200002,개 배 선착장
f_f000419,2,3,2305200003,브릭스 블록 482
f_f000419,2,4,2305200004,새롬 맛집
f_f000419,2,5,2305200005,예스 닭강정
f_f000419,2,6,2305200006,속초해수욕장
f_f000419,2,7,2305200007,롯데리아 속초 터미널점
f_f000419,2,8,2305200008,원주휴게소 부산방향
f_f000419,2,9,2305200009,인천종합터미널
f_f000419,2,10,2305200010,우리 집
f_f000431,1,1,2305210001,집
f_f000431,1,2,2305210003,경기 광주 휴게소 원주 방향
f_f000431,1,3,2305210004,강릉 갈비탕
f_f000431,1,4,2305210007,라라 피크니카
f_f000431,1,5,2305210005,갤러리 밥스
f_f000431,1,6,2305210006,강릉 중앙시장 지하 어 시장
f_f000431,1,7,2305210002,친구 집
f_f000435,1,1,2305200001,집
f_f000435,1,2,2305200002,연꽃 놀이터
f_f000435,1,3,2305200003,사명대사 대나무 숲길
f_f000435,1,4,2305200004,사명대사 기념관
f_f000435,1,5,2305200005,사명대사 추모광장 및 중촌리 저수지 전망대
f_f000435,1,6,2305200006,채선당 PLUS 양산 물금점
f_f000435,1,7,2305200007,집
f_f000440,1,1,2305200001,집
f_f000440,1,2,2305200002,대구대학교 중앙박물관
f_f000440,1,3,2305200003,숙소
f_f000440,1,4,2305200004,수승대관광지
f_f000440,1,5,2305200005,수승대 출렁다리
f_f000440,1,6,2305200007,숙소
f_f000440,2,1,2305210001,거창 창포원
f_f000440,2,2,2305210002,집
f_f000441,1,1,2305280002,집
f_f000441,1,2,2305280001,경상북도교육청 발명체험교육관
f_f000441,1,3,2305280003,황남 짬뽕
f_f000441,1,4,2305280004,경주 전동 놀이터
f_f000441,1,5,2305280005,첨성대
f_f000441,1,6,2305280006,슬랩트
f_f000441,1,7,2305280007,집
f_f000444,1,1,2306030001,집
f_f000444,1,2,2306030003,오죽헌
f_f000444,1,3,2306030004,오죽 관
f_f000444,1,4,2306030005,경포해수욕장
f_f000444,1,5,2306030002,가족별장
f_f000444,2,1,2306040002,홍천 동키 마을
f_f000444,2,2,2306040001,집
f_f000452,1,1,2305280001,집
f_f000452,1,2,2305280002,레고랜드 코리아리조트
f_f000452,1,3,2305280003,춘천 명물 닭갈비
f_f000452,1,4,2305280004,KTG 상상마당 춘천 스테이 호텔
f_f000452,2,1,2305290001,애니메이션박물관
f_f000452,2,2,2305290002,집
f_f000456,1,1,2305270001,집
f_f000456,1,2,2305270004,투썸플레이스 원주 관설점
f_f000456,1,3,2305270003,채움 플러스 혁신 1차 오피스텔
f_f000456,1,4,2305270002,안동휴게소 부산방향
f_f000456,1,5,2305270005,함안공설운동장 주차장 1
f_f000456,1,6,2305270006,컴포즈커피 함안 가야 점
f_f000456,1,7,2305270007,무진장
f_f000456,1,8,2305270008,CU 함안 아라점
f_f000456,1,9,2305270009,함안공설운동장
f_f000456,1,10,2305270011,마산 관광호텔
f_f000456,1,11,2305270010,역전 할머니 맥주 마산 오동동점
f_f000456,1,12,2305270012,마산 관광호텔
f_f000456,2,1,2305280001,창원시립문신미술관
f_f000456,2,2,2305280002,행복 수
f_f000456,2,3,2305280003,투폴드
f_f000456,2,4,2305280004,안동휴게소 춘천 방향
f_f000456,2,5,2305280005,단양팔경 휴게소 춘천 방향
f_f000456,2,6,2305280006,채움 플러스 혁신 1차 오피스텔
f_f000456,2,7,2305280007,집
f_f000463,1,1,2305190001,집
f_f000463,1,2,2305190002,천등산 휴게소 제천 방향
f_f000463,1,3,2305190003,국립산림치유원 문필 마을 식당
f_f000463,1,4,2305190004,국립산림치유원 문필 마을 소통 방
f_f000463,1,5,2305190005,국립산림치유원 문필 마을 문드래미길
f_f000463,1,6,2305190006,국립산림치유원 문필 마을 소통 방
f_f000463,1,7,2305190007,국립산림치유원 문필 마을 식당
f_f000463,1,8,2305190008,국립산림치유원 문필 마을 MB11
f_f000463,2,1,2305200001,국립산림치유원 문필 마을 식당
f_f000463,2,2,2305200002,국립산림치유원 문필 마을 문드래미길
f_f000463,2,3,2305200003,국립산림치유원 문필 마을 식당
f_f000463,2,4,2305200004,예천 양봉협회 영농조합법인 매점
f_f000463,2,5,2305200005,예천곤충생태공원
f_f000463,2,6,2305200006,소수서원
f_f000463,2,7,2305200007,치악(춘천) 휴게소
f_f000463,2,8,2305200008,광주 사이(광주) 휴게소
f_f000463,2,9,2305200009,집
f_f000472,1,1,2305200001,집
f_f000472,1,2,2305200002,진영휴게소 순천방향
f_f000472,1,3,2305200003,가야산 독서당 정글북
f_f000472,1,4,2305200005,가야산 독서당 정글북
f_f000472,1,5,2305200004,석계계곡
f_f000472,1,6,2305200006,합천 토종 흑돼지 식당
f_f000472,1,7,2305200007,가야산 독서당 정글북
f_f000472,2,1,2305210001,깐부 커피
f_f000472,2,2,2305210002,대장경테마파크
f_f000472,2,3,2305210003,가야산 역사신화공원
f_f000472,2,4,2305210004,대가 식당
f_f000472,2,5,2305210005,집
f_f000479,1,1,2305270001,친구 친지 집
f_f000479,1,2,2305270002,K 컨벤션 웨딩홀
f_f000479,1,3,2305270003,이디야커피 홍천 제일 점
f_f000479,1,4,2305270004,달꿈 호텔
f_f000479,2,1,2305280001,무궁화공원
f_f000479,2,2,2305280002,횡성축협 한우플라자 본점
f_f000479,2,3,2305280003,논산 취암 주공 2단지 아파트
f_f000481,1,1,2305190001,집
f_f000481,1,2,2305190002,한덕교
f_f000481,2,1,2305200002,알파카 월드
f_f000481,2,2,2305200003,풍천 막국수
f_f000481,2,3,2305200001,집
f_f000488,1,1,2305200002,사무실
f_f000488,1,2,2305200001,안동 하회마을
f_f000488,1,3,2305200003,목석원
f_f000488,1,4,2305200005,부석사 무량수전
f_f000488,1,5,2305200004,도산서원
f_f000488,1,6,2305200006,소문난 암소갈비
f_f000488,1,7,2305200007,강남역 2호선
f_f000495,1,1,2305200001,친구 친지 집
f_f000495,1,2,2305200002,금강휴게소 정류소(부산방향) 부산방향 정류소
f_f000495,1,3,2305200010,수암 한 우야 시장
f_f000495,1,4,2305200011,고추냉이
f_f000495,1,5,2305200012,울산 북구
f_f000495,1,6,2305200013,태화강 국가 정원
f_f000495,1,7,2305200014,미진 곱창
f_f000495,1,8,2305200015,태화강 국가 정원 십 리 대숲
f_f000495,1,9,2305200009,VIP 호텔
f_f000495,2,1,2305210001,대왕암공원
f_f000495,2,2,2305210002,하와이 새우 트럭
f_f000495,2,3,2305210003,간절곶
f_f000495,2,4,2305210004,시선 31 간절곶점
f_f000495,2,5,2305210005,간절곶 해방 간절곶점
f_f000495,2,6,2305210006,김천휴게소 서울 방향
f_f000495,2,7,2305210007,둔원중학교 주차장
f_f000499,1,1,2306030001,집
f_f000499,1,2,2306030003,더덕 식당
f_f000499,1,3,2306030004,설악산
f_f000499,1,4,2306030005,솔방울 펜션 캠핑장
f_f000499,2,1,2306040002,운대리 자작나무 숲
f_f000499,2,2,2306040003,남북 면옥
f_f000499,2,3,2306040001,집
f_f000504,1,1,2305190001,집
f_f000504,1,2,2305190003,오현정
f_f000504,1,3,2305190004,장 사부 밀양 본점
f_f000504,1,4,2305190005,장미공원
f_f000504,1,5,2305190006,밀양아리랑 대축제
f_f000504,1,6,2305190002,집
f_f000505,1,1,2305170001,집
f_f000505,1,2,2305170002,서울역
f_f000505,1,3,2305170003,묵호역
f_f000505,1,4,2305170004,연필 뮤지엄
f_f000505,1,5,2305170005,동쪽 바다 중앙시장
f_f000505,1,6,2305170006,동해 장칼국수
f_f000505,1,7,2305170007,한 섬 해변
f_f000505,1,8,2305170008,한결
f_f000505,1,9,2305170009,어달항
f_f000505,1,10,2305170010,도째비골해랑전망대
f_f000505,1,11,2305170011,진 모래 횟집
f_f000505,1,12,2305170012,도째비골해랑전망대
f_f000505,1,13,2305170013,레인보 펜션
f_f000505,2,1,2305180001,묵호역
f_f000505,2,2,2305180005,아르떼 뮤지엄 강릉
f_f000505,2,3,2305180002,강릉역
f_f000505,2,4,2305180003,산마루 황태촌 초당 직영점
f_f000505,2,5,2305180004,허균 허난설헌 기념관
f_f000505,2,6,2305180006,초당 
f_f000505,2,7,2305180007,유리알 유희
f_f000505,2,8,2305180008,강문해변
f_f000505,2,9,2305180009,강릉 중앙시장
f_f000505,2,10,2305180010,강릉 월화 거리
f_f000505,2,11,2305180011,고래 책방 고래 빵집
f_f000505,2,12,2305180012,강릉역
f_f000505,2,13,2305180014,서울역
f_f000505,2,14,2305180013,집
f_f000507,1,1,2306070001,집
f_f000507,1,2,2306070002,창녕교동고분군
f_f000507,1,3,2306070003,창녕 박물관
f_f000507,1,4,2306070005,창녕 국수
f_f000507,1,5,2306070004,집
f_f000515,1,1,2305160001,집
f_f000515,1,2,2305160003,동피랑 벽화마을
f_f000515,1,3,2305160004,강구안 및 통영중앙시장
f_f000515,1,4,2305160002,집
f_f000517,1,1,2305200001,집
f_f000517,1,2,2305200002,동탄역
f_f000517,1,3,2305200003,부산역
f_f000517,1,4,2305200004,해운대역 부산 2호선
f_f000517,1,5,2305200005,해운대해수욕장
f_f000517,1,6,2305200006,해운 대속 씨원한 대구탕 본점
f_f000517,1,7,2305200007,해운대 블루라인파크 청사포 정거장
f_f000517,1,8,2305200008,해운대해수욕장
f_f000517,1,9,2305200009,리리 코이
f_f000517,1,10,2305200010,해운대해수욕장
f_f000517,1,11,2305200011,창고 43 해운대점
f_f000517,1,12,2305200012,부산역
f_f000517,1,13,2305200013,동탄역
f_f000517,1,14,2305200014,집
f_f000519,1,1,2305200001,집
f_f000519,1,2,2305200002,남매지
f_f000519,1,3,2305200003,영남대학교 경산캠퍼스
f_f000519,1,4,2305200004,남매지
f_f000519,1,5,2305200005,삼대 곰탕
f_f000519,1,6,2305200006,집
f_f000523,1,1,2305190001,집
f_f000523,1,2,2305190002,서울역
f_f000523,1,3,2305190003,신경주역
f_f000523,1,4,2305190004,홍시 한정식
f_f000523,1,5,2305190006,대릉원
f_f000523,1,6,2305190005,스타벅스 경주 중앙점
f_f000523,1,7,2305190007,황남 식당
f_f000523,1,8,2305190008,첨성대
f_f000523,1,9,2305190009,월정교
f_f000523,1,10,2305190010,동궁과 월지
f_f000523,1,11,2305190011,앨리 게스트하우스
f_f000523,2,1,2305200001,불국사
f_f000523,2,2,2305200004,앨리 게스트하우스
f_f000523,2,3,2305200005,신경주역
f_f000523,2,4,2305200002,경주 보문관광단지
f_f000523,2,5,2305200003,황련단길
f_f000523,2,6,2305200006,집
f_f000526,1,1,2305200001,집
f_f000526,1,2,2305200003,함안박물관
f_f000526,1,3,2305200004,고려동 유적지
f_f000526,1,4,2305200005,악양 독방
f_f000526,1,5,2305200006,함지공원
f_f000526,1,6,2305200002,충무공동 행정복지센터
f_f000545,1,1,2305200001,집
f_f000545,1,2,2305200002,수승대관광지
f_f000545,1,3,2305200003,하늘호수
f_f000545,1,4,2305200004,다우리 밥상
f_f000545,1,5,2305200005,원학 고가
f_f000545,2,1,2305210001,일오 식당
f_f000545,2,2,2305210002,거창박물관
f_f000545,2,3,2305210003,이수미팜베리
f_f000545,2,4,2305210004,집
f_f000552,1,1,2305200001,집
f_f000552,1,2,2305200002,스타벅스 명지국제 신도시점
f_f000552,1,3,2305200003,오리 한상
f_f000552,1,4,2305200004,코스트코 김해점
f_f000552,1,5,2305200005,집
f_f000557,1,1,2305280001,집
f_f000557,1,2,2305280002,이마트 안동점
f_f000557,1,3,2305280003,군위 아미타여래삼존석굴
f_f000557,1,4,2305280005,한밤 솔담길 오토캠핑장
f_f000557,2,1,2305290001,카페 우즈
f_f000557,2,2,2305290002,사라온이야기마을
f_f000557,2,3,2305290003,우방아이유쉘1차아파트
f_f000560,1,1,2305220001,집
f_f000560,1,2,2305220002,국제시장
f_f000560,1,3,2305220003,스타필드 시티 명지
f_f000560,1,4,2305220004,집
f_f000564,1,1,2305270001,집
f_f000564,1,2,2305270002,그린파킹 파크
f_f000564,1,3,2305270003,동탄역
f_f000564,1,4,2305270004,크리스피 크림 도넛 동탄역사점
f_f000564,1,5,2305270005,동대구역
f_f000564,1,6,2305270006,레드 버튼 동성로 2호점
f_f000564,1,7,2305270007,황금 막창
f_f000564,1,8,2305270008,터라조
f_f000564,1,9,2305270009,호텔야자 대구 성서점
f_f000564,2,1,2305280001,만두 고을 범어점
f_f000564,2,2,2305280002,우즈 베이커리 카페 수성 호수점
f_f000564,2,3,2305280003,수성못
f_f000564,2,4,2305280004,수성구 이즈리얼 pc방
f_f000564,2,5,2305280005,동대구역
f_f000564,2,6,2305280006,그린파킹 파크
f_f000564,2,7,2305280007,집
f_f000566,1,1,2305210001,집
f_f000566,1,2,2305210002,무섬마을
f_f000566,1,3,2305210003,천지인 전통사상 체험관
f_f000566,1,4,2305210004,카페담원
f_f000566,1,5,2305210005,사느래 정원
f_f000566,1,6,2305210007,영주축협한우플라자 본점
f_f000566,1,7,2305210006,홈플러스 영주점
f_f000566,1,8,2305210008,집
f_f000576,1,1,2305220001,집
f_f000576,1,2,2305220002,속초 옥돌 순두부
f_f000576,1,3,2305220003,바다정원
f_f000576,1,4,2305220005,속초 닭강정
f_f000576,1,5,2305220004,영랑호
f_f000576,1,6,2305220006,낙산사
f_f000576,1,7,2305220007,설악 언니
f_f000576,1,8,2305220008,쏠비치 양양
f_f000576,2,1,2305230001,쏠비치 양양
f_f000576,2,2,2305230002,감나무 식당
f_f000576,2,3,2305230003,휴휴암
f_f000576,2,4,2305230004,선셋바
f_f000576,2,5,2305230005,속초 닭강정
f_f000576,2,6,2305230006,센트럴시티터미널(호남)
f_f000576,2,7,2305230007,집
f_f000581,1,1,2306050001,집
f_f000581,1,2,2306050002,행복 피크닉
f_f000581,1,3,2306050003,오크밸리리조트
f_f000581,1,4,2306050004,집
f_f000587,1,1,2305170001,집
f_f000587,1,2,2305170002,남경 막국수
f_f000587,1,3,2305170003,에이치 에비뉴 호텔 강릉 경포점
f_f000587,1,4,2305170004,경포해수욕장
f_f000587,1,5,2305170005,바이크 스토리
f_f000587,1,6,2305170006,경포대
f_f000587,1,7,2305170007,에이치 에비뉴 호텔 강릉 경포점
f_f000587,1,8,2305170008,경포해수욕장
f_f000587,1,9,2305170009,에이치 에비뉴 호텔 강릉 경포점
f_f000587,2,1,2305180007,강릉역
f_f000587,2,2,2305180001,강릉 김밥
f_f000587,2,3,2305180002,스테이 인터뷰
f_f000587,2,4,2305180003,바로방
f_f000587,2,5,2305180004,강릉 중앙시장
f_f000587,2,6,2305180005,티격태격 대게 크로켓
f_f000587,2,7,2305180006,카페 16
f_f000587,2,8,2305180008,월 화 역
f_f000587,2,9,2305180009,고래 책방
f_f000587,2,10,2305180010,강릉역
f_f000587,2,11,2305180011,집
f_f000592,1,1,2305270001,집
f_f000592,1,2,2305270002,문막휴게소 강릉방향
f_f000592,1,3,2305270003,평창휴게소 강릉방향
f_f000592,1,4,2305270005,정가 네 메밀막국수
f_f000592,1,5,2305270004,발왕산 관광 케이블카
f_f000592,1,6,2305270006,계촌 클래식 공원
f_f000592,1,7,2305270007,한화리조트 평창
f_f000592,2,1,2305280001,한화리조트 평창
f_f000592,2,2,2305280002,태기 주유소
f_f000592,2,3,2305280004,광천선굴 어드벤처 테마파크
f_f000592,2,4,2305280003,평창역
f_f000592,2,5,2305280005,횡성휴게소 인천방향
f_f000592,2,6,2305280006,집
f_f000601,1,1,2306090001,친구 친지 집
f_f000601,1,2,2306090002,함양산삼골휴게소 대구방향
f_f000601,1,3,2306090003,월정교
f_f000601,1,4,2306090004,시리즈 호텔
f_f000601,2,1,2306100001,대릉원
f_f000601,2,2,2306100002,소옥
f_f000601,2,3,2306100003,카페는
f_f000601,2,4,2306100004,배리 삼릉공원
f_f000601,2,5,2306100006,첨성대
f_f000601,2,6,2306100005,라온 타운 플라워 마켓
f_f000601,2,7,2306100007,국립경주박물관
f_f000601,2,8,2306100008,다인 매운 등갈비찜
f_f000601,2,9,2306100009,동궁과 월지
f_f000601,2,10,2306100010,대릉원
f_f000601,2,11,2306100011,거창 휴게소 광주방향
f_f000601,2,12,2306100012,쌍용 2단지 아파트
f_f000601,2,13,2306100013,동산동 골드클래스 아파트
f_f000604,1,1,2305240001,집
f_f000604,1,2,2305240002,달미역 서해선
f_f000604,1,3,2305240003,고속터미널역 9호선
f_f000604,1,4,2305240004,서울고속버스터미널(경부)
f_f000604,1,5,2305240005,횡성휴게소 강릉방향
f_f000604,1,6,2305240006,강릉 고속버스터미널
f_f000604,1,7,2305240007,임당동 성당
f_f000604,1,8,2305240008,강릉 월화 거리
f_f000604,1,9,2305240009,허균 허난설헌 기념관
f_f000604,1,10,2305240011,초당 할머니순두부
f_f000604,1,11,2305240010,초당 모꼬지
f_f000604,1,12,2305240013,원더 스카이
f_f000604,1,13,2305240012,커피 커피 박물관
f_f000604,1,14,2305240014,경포수 호텔
f_f000604,1,15,2305240019,사근 긴 해변
f_f000604,1,16,2305240020,주문진 등대
f_f000604,1,17,2305240015,인생 네 컷 도깨비 촬영 지점
f_f000604,1,18,2305240016,아들바위공원
f_f000604,1,19,2305240017,BTS 버스정류장
f_f000604,1,20,2305240018,경포호
f_f000604,1,21,2305240022,경포수 호텔
f_f000604,1,22,2305240021,CU 강릉 경포 해변점
f_f000604,1,23,2305240025,경포수 호텔
f_f000604,1,24,2305240023,CU 강릉 경포 해변점
f_f000604,1,25,2305240024,경포수 호텔
f_f000604,2,1,2305250001,경포해수욕장
f_f000604,2,2,2305250002,사근 긴 해변
f_f000604,2,3,2305250003,경포해수욕장
f_f000604,2,4,2305250004,경포수 호텔
f_f000604,2,5,2305250005,아르떼 뮤지엄 강릉
f_f000604,2,6,2305250006,강릉 고속버스터미널
f_f000604,2,7,2305250007,감자바위
f_f000604,2,8,2305250009,19티 강릉 대학로점
f_f000604,2,9,2305250008,임당동 성당
f_f000604,2,10,2305250010,오죽헌
f_f000604,2,11,2305250011,강릉 선교장
f_f000604,2,12,2305250013,강릉서 부시장
f_f000604,2,13,2305250012,오죽헌
f_f000604,2,14,2305250014,강릉 고속버스터미널
f_f000604,2,15,2305250015,횡성휴게소 인천방향
f_f000604,2,16,2305250016,서울고속버스터미널(경부)
f_f000604,2,17,2305250017,집
f_f000606,1,1,2305280001,집
f_f000606,1,2,2305280003,수협 효시공원
f_f000606,1,3,2305280004,커피 하늘
f_f000606,1,4,2305280005,헤이 풀빌라
f_f000606,1,5,2305280006,헤이 풀빌라
f_f000606,2,1,2305290002,엄마 국수
f_f000606,2,2,2305290001,집
f_f000613,1,1,2305170001,집
f_f000613,1,2,2305170002,묵호역
f_f000613,1,3,2305170003,라운드어바웃 동해
f_f000613,1,4,2305170004,내게 와 묵호
f_f000613,1,5,2305170005,도째비골 스카이밸리
f_f000613,1,6,2305170006,어달해변
f_f000613,1,7,2305170007,비비소
f_f000613,1,8,2305170008,인생 네 컷 묵호 로드점
f_f000613,1,9,2305170009,내게 와 묵호
f_f000613,1,10,2305170010,바람의 언덕
f_f000613,1,11,2305170011,어달해변
f_f000613,1,12,2305170012,내게 와 묵호
f_f000613,2,1,2305180001,진 모래 횟집
f_f000613,2,2,2305180002,황금 찹쌀 꽈배기 동해점
f_f000613,2,3,2305180005,한 섬 해변
f_f000613,2,4,2305180003,묵호역
f_f000613,2,5,2305180004,해파랑길 33코스
f_f000613,2,6,2305180006,끼룩 상점
f_f000613,2,7,2305180007,제리 베리
f_f000613,2,8,2305180008,가마솥 옛 강정 2호점
f_f000613,2,9,2305180009,집
f_f000616,1,1,2305270001,집
f_f000616,1,2,2305270002,혜성사
f_f000616,1,3,2305270003,수로왕비 릉 구지봉 공원
f_f000616,1,4,2305270004,국립김해 박물관
f_f000616,1,5,2305270005,김해 한글 박물관
f_f000616,1,6,2305270006,봉황대공원
f_f000616,1,7,2305270007,봉리단길
f_f000616,1,8,2305270008,김해여객터미널
f_f000616,1,9,2305270009,친척 집
f_f000616,2,1,2305280001,수로왕릉
f_f000616,2,2,2305280002,글로벌 푸드타운
f_f000616,2,3,2305280003,"김해한옥체험관, 민속박물관"
f_f000616,2,4,2305280004,대성동 고분군
f_f000616,2,5,2305280005,집
f_f000618,1,1,2305180001,집
f_f000618,1,2,2305180002,라한 호텔 포항
f_f000618,1,3,2305180004,조조 회관
f_f000618,1,4,2305180003,라한 호텔 포항
f_f000618,2,1,2305190006,라한 호텔 포항
f_f000618,2,2,2305190001,영일대해수욕장
f_f000618,2,3,2305190003,환호공원 스페이스 워크
f_f000618,2,4,2305190002,환여 횟집
f_f000618,2,5,2305190004,포항 해상 스카이워크
f_f000618,2,6,2305190005,죽도 시장 공영주차장
f_f000618,2,7,2305190007,집
f_f000623,1,1,2306040001,집
f_f000623,1,2,2306040002,청량리역
f_f000623,1,3,2306040003,강릉역
f_f000623,1,4,2306040004,드봉 마젤
f_f000623,1,5,2306040005,원 조교 동장 칼국수
f_f000623,1,6,2306040006,마크 모예 베이글바
f_f000623,1,7,2306040007,세인트존스 호텔
f_f000623,1,8,2306040008,구옥
f_f000623,1,9,2306040009,바우길 5구간(강릉 바다 호수길)
f_f000623,1,10,2306040010,카페 동화
f_f000623,1,11,2306040014,세븐일레븐 강릉 강문점
f_f000623,1,12,2306040011,강문해변
f_f000623,1,13,2306040012,서울 양계
f_f000623,1,14,2306040013,세인트존스 호텔
f_f000623,2,1,2306050002,앙팡
f_f000623,2,2,2306050003,만동 제과
f_f000623,2,3,2306050004,강릉역
f_f000623,2,4,2306050005,청량리역
f_f000623,2,5,2306050001,집
f_f000624,1,1,2305200001,집
f_f000624,1,2,2305200002,송 원해 장국 막국수
f_f000624,1,3,2305200003,마추픽추
f_f000624,1,4,2305200004,평창 대화 시장
f_f000624,1,5,2305200005,평창올림픽시장
f_f000624,1,6,2305200009,부모님 농막
f_f000624,2,1,2305210001,숲속의 짬뽕 나라
f_f000624,2,2,2305210002,영통 아이파크 캐슬 2단지 아파트
f_f000624,2,3,2305210003,집
f_f000626,1,1,2305270001,집
f_f000626,1,2,2305270003,새참 칼국수
f_f000626,1,3,2305270004,나 또 시장
f_f000626,1,4,2305270005,오징어 난전
f_f000626,1,5,2305270006,속초관광수산시장
f_f000626,1,6,2305270002,네르하쏠펜션
f_f000626,2,1,2305280002,아야진 해수욕장
f_f000626,2,2,2305280003,형제 식당
f_f000626,2,3,2305280004,설악 산책
f_f000626,2,4,2305280005,속초관광 수산시장
f_f000626,2,5,2305280006,봉 브레드
f_f000626,2,6,2305280007,속초생활체육 공원
f_f000626,2,7,2305280008,한성 칼국수
f_f000626,2,8,2305280001,집
f_f000632,1,1,2306030001,집
f_f000632,1,2,2306030002,설악해변
f_f000632,1,3,2306030004,후진 활어센터
f_f000632,1,4,2306030003,투와의 호텔
f_f000632,2,1,2306040001,바다 뷰 제빵소
f_f000632,2,2,2306040002,속초관광수산시장
f_f000632,2,3,2306040003,청초수물회
f_f000632,2,4,2306040004,메리 고 라운드
f_f000632,2,5,2306040005,벽계천
f_f000632,2,6,2306040006,집
f_f000633,1,1,2305280001,집
f_f000633,1,2,2305280002,서울역
f_f000633,1,3,2305280003,강릉역 (KTX 정차역)
f_f000633,1,4,2305280004,강릉 중앙시장
f_f000633,1,5,2305280005,루루 펜션
f_f000633,1,6,2305280006,불티 조개구이
f_f000633,1,7,2305280007,루루 펜션
f_f000633,2,1,2305290001,강릉커피콩 빵 본점
f_f000633,2,2,2305290002,경포 생태 저류지
f_f000633,2,3,2305290003,초당 모꼬지 (짬뽕 순두부)
f_f000633,2,4,2305290004,강문해변
f_f000633,2,5,2305290005,투썸플레이스 강릉역점
f_f000633,2,6,2305290006,강릉역
f_f000633,2,7,2305290007,집
f_f000635,1,1,2305290001,집
f_f000635,1,2,2305290002,그 자리 애견 야영장
f_f000635,2,1,2305300001,집
f_f000637,1,1,2305200001,집
f_f000637,1,2,2305200002,스타벅스 사가정역점
f_f000637,1,3,2305200003,아이리스 스테이
f_f000637,1,4,2305200004,조개 공장
f_f000637,1,5,2305200005,강문해변
f_f000637,1,6,2305200006,아이리스 스테이
f_f000637,2,1,2305210001,안목 해변
f_f000637,2,2,2305210002,순두부 젤라또 2호점
f_f000637,2,3,2305210003,강릉 월화 거리
f_f000637,2,4,2305210004,강릉 중앙시장
f_f000637,2,5,2305210006,대관령 양떼목장
f_f000637,2,6,2305210005,집
f_f000643,1,1,2305200001,집
f_f000643,1,2,2305200002,진주역
f_f000643,1,3,2305200003,서문시장
f_f000643,1,4,2305200004,맨션 5 수성
f_f000643,1,5,2305200005,다이닝 슬로라이프
f_f000643,1,6,2305200006,효탄
f_f000643,1,7,2305200007,2월 호텔 황금 본점
f_f000643,2,1,2305210001,서민 갈비
f_f000643,2,2,2305210002,룰리 커피
f_f000643,2,3,2305210003,대구역
f_f000643,2,4,2305210004,집
f_f000645,1,1,2305210001,집
f_f000645,1,2,2305210002,수서역
f_f000645,1,3,2305210003,부산역
f_f000645,1,4,2305210004,빈티지 38카페 부산역점
f_f000645,1,5,2305210005,영도 해녀문화전시관
f_f000645,1,6,2305210006,맥도날드 해운대 DT점
f_f000645,1,7,2305210007,해운대해수욕장
f_f000645,1,8,2305210008,까사 부사로
f_f000645,1,9,2305210009,이마트 24 해운대 오션 파라드점
f_f000645,1,10,2305210010,해운대푸르지오시티
f_f000645,1,11,2305210011,이팔 곱창
f_f000645,1,12,2305210012,시구
f_f000645,1,13,2305210013,도쿄 뱃살
f_f000645,1,14,2305210014,해운대푸르지오시티
f_f000645,2,1,2305220001,이재모 피자
f_f000645,2,2,2305220002,그리다 부부
f_f000645,2,3,2305220003,자갈치시장
f_f000645,2,4,2305220004,김해 식당
f_f000645,2,5,2305220005,BIFF 거리
f_f000645,2,6,2305220006,부산역
f_f000645,2,7,2305220007,수원역
f_f000645,2,8,2305220008,집
f_f000646,1,1,2305280001,집
f_f000646,1,2,2305280002,안동 하회마을
f_f000646,1,3,2305280008,안동 하회마을 만송정 숲
f_f000646,1,4,2305280003,하회 민속식당
f_f000646,1,5,2305280004,탈놀이 전수관
f_f000646,1,6,2305280005,왜가리 생태관
f_f000646,1,7,2305280007,부모님 시골집
f_f000646,2,1,2305290001,왜가리 생태관
f_f000646,2,2,2305290002,집
f_f000659,1,1,2306030001,집
f_f000659,1,2,2306030002,소금산 그랜드밸리
f_f000659,1,3,2306030003,횡성농협 하나로마트 본점
f_f000659,1,4,2306030004,동해보양온천 컨벤션호텔
f_f000659,1,5,2306030005,동해보양온천 컨벤션호텔
f_f000659,2,1,2306040001,동해보양온천 컨벤션호텔
f_f000659,2,2,2306040002,대관령 양떼목장
f_f000659,2,3,2306040003,집
f_f000666,1,1,2305170001,집
f_f000666,1,2,2305170003,묵호역
f_f000666,1,3,2305170004,동해 제빵소
f_f000666,1,4,2305170005,한 섬 해변
f_f000666,1,5,2305170006,가세해수욕장
f_f000666,1,6,2305170007,거동 탕수육
f_f000666,1,7,2305170008,논골담길
f_f000666,1,8,2305170009,한결
f_f000666,1,9,2305170010,이모 식당
f_f000666,1,10,2305170011,도째비골 해랑전망대
f_f000666,1,11,2305170012,라운드어바웃 동해
f_f000666,1,12,2305170013,묵호역
f_f000666,1,13,2305170014,강릉역
f_f000666,1,14,2305170002,집
f_f000667,1,1,2305200001,집
f_f000667,1,2,2305200002,속초와 짜니
f_f000667,1,3,2305200003,속초 항아리 물회
f_f000667,1,4,2305200004,속초해수욕장
f_f000667,1,5,2305200005,데이 오브 투 컬러스
f_f000667,1,6,2305200006,아프리카
f_f000667,1,7,2305200007,속초 휘테
f_f000667,2,1,2305210001,완벽한 날들
f_f000667,2,2,2305210002,소품
f_f000667,2,3,2305210003,등대해수욕장
f_f000667,2,4,2305210004,영랑 호수공원
f_f000667,2,5,2305210005,세렝게티 커피
f_f000667,2,6,2305210006,밀키 블루스
f_f000667,2,7,2305210007,베이커리 가루 속초점
f_f000667,2,8,2305210008,아버지 냉면 마을
f_f000667,2,9,2305210009,집
f_f000668,1,1,2305200001,집
f_f000668,1,2,2305200002,희성 타운 아파트
f_f000668,1,3,2305200003,거창 전통시장
f_f000668,1,4,2305200004,거창 근대 의료 박물관
f_f000668,1,5,2305200005,거창 도서관
f_f000668,1,6,2305200006,심우사
f_f000668,1,7,2305200007,희성 타운 아파트
f_f000668,1,8,2305200008,거창스포츠파크
f_f000668,1,9,2305200009,희성 타운 아파트
f_f000668,2,1,2305210001,지리산 옻닭
f_f000668,2,2,2305210002,거창박물관
f_f000668,2,3,2305210003,거창사건 추모공원
f_f000668,2,4,2305210004,진천역 AK 그랑폴리스 1차 아파트
f_f000675,1,1,2305230001,집
f_f000675,1,2,2305230002,김포국제공항 국내선
f_f000675,1,3,2305230003,김해국제공항 국내선 청사
f_f000675,1,4,2305230004,해운대 밀면
f_f000675,1,5,2305230005,해운대 영무 파라드 호텔
f_f000675,1,6,2305230007,해운대해수욕장
f_f000675,1,7,2305230006,시그니엘 부산
f_f000675,1,8,2305230008,고래가 어묵 해운대점
f_f000675,1,9,2305230009,뮤즈온 해운대점
f_f000675,1,10,2305230010,해운대 영무 파라드 호텔
f_f000675,2,1,2305240001,신세계백화점 센텀시티점
f_f000675,2,2,2305240002,광안리해수욕장
f_f000675,2,3,2305240003,남천 가야 밀면
f_f000675,2,4,2305240004,전포 카페거리
f_f000675,2,5,2305240005,김해국제공항
f_f000675,2,6,2305240006,집
f_f000677,1,1,2305250001,집
f_f000677,1,2,2305250002,가평휴게소 춘천 방향
f_f000677,1,3,2305250003,진솔 할머니순두부
f_f000677,1,4,2305250006,설악워터피아
f_f000677,1,5,2305250007,왕왕 숯불갈비
f_f000677,1,6,2305250005,한화리조트 설악 쏘라노
f_f000677,2,1,2305260001,아르떼
f_f000677,2,2,2305260003,스타벅스 설악 쏘라노점
f_f000677,2,3,2305260004,챔피언 R 한화리조트 설악점
f_f000677,2,4,2305260005,샘물 막국수
f_f000677,2,5,2305260002,집
f_f000679,1,1,2306040001,집
f_f000679,1,2,2306040002,익산역
f_f000679,1,3,2306040003,부산역
f_f000679,1,4,2306040004,대건 명가 돼지국밥
f_f000679,1,5,2306040006,부산 시립미술관
f_f000679,1,6,2306040007,신세계 센텀시티몰
f_f000679,1,7,2306040005,부산도시공사 아르피나
f_f000679,1,8,2306040008,광안리해수욕장
f_f000679,1,9,2306040009,마이 피오라
f_f000679,1,10,2306040010,밀란 더 마켓
f_f000679,1,11,2306040011,부산도시공사 아르피나
f_f000679,2,1,2306050001,송림공원
f_f000679,2,2,2306050002,블루 보틀 커피 트럭 부산
f_f000679,2,3,2306050003,해운대해수욕장
f_f000679,2,4,2306050004,라이언 홀리데이 인 부산
f_f000679,2,5,2306050005,스스키노
f_f000679,2,6,2306050006,전포 카페거리
f_f000679,2,7,2306050007,구디 너프
f_f000679,2,8,2306050008,부산동부 버스터미널
f_f000679,2,9,2306050010,익산 공용버스터미널
f_f000679,2,10,2306050009,집
f_f000684,1,1,2306040001,집
f_f000684,1,2,2306040003,동탄역
f_f000684,1,3,2306040004,신경주역
f_f000684,1,4,2306040005,료코
f_f000684,1,5,2306040006,첨성대
f_f000684,1,6,2306040007,대릉원
f_f000684,1,7,2306040008,서소재
f_f000684,1,8,2306040009,황련단길
f_f000684,1,9,2306040010,황화정
f_f000684,1,10,2306040011,월정교
f_f000684,1,11,2306040012,동궁과 월지
f_f000684,1,12,2306040013,대릉원
f_f000684,1,13,2306040002,서소재
f_f000684,2,1,2306050001,연 식당
f_f000684,2,2,2306050002,컵넛 경주 황성점
f_f000684,2,3,2306050003,경주 황룡사지
f_f000684,2,4,2306050004,국립경주박물관
f_f000684,2,5,2306050005,황련단길
f_f000684,2,6,2306050006,맥도날드 경주 황남 DT점
f_f000684,2,7,2306050007,경주 시외버스터미널
f_f000684,2,8,2306050008,집
f_f000685,1,1,2306060001,집
f_f000685,1,2,2306060002,청도 소싸움 미디어 체험관
f_f000685,1,3,2306060003,동해 횟집
f_f000685,1,4,2306060004,에스닷 경산점
f_f000685,1,5,2306060005,산 57
f_f000685,1,6,2306060006,집
f_f000686,1,1,2306100001,집
f_f000686,1,2,2306100002,철원 한탄강 주상절리길 순담 매표소
f_f000686,1,3,2306100004,성환 식당
f_f000686,1,4,2306100003,집
f_f000692,1,1,2305170001,집
f_f000692,1,2,2305170002,해운대해수욕장
f_f000692,1,3,2305170003,동백 섬
f_f000692,1,4,2305170004,선창 횟집
f_f000692,1,5,2305170005,베니키아 프리미어 호텔 해운대
f_f000692,2,1,2305180001,돼지국밥
f_f000692,2,2,2305180003,해동용궁사
f_f000692,2,3,2305180004,송정 블루 캐슬
f_f000692,2,4,2305180005,부산 3층 시래 마을
f_f000692,2,5,2305180002,집
f_f000693,1,1,2305250001,집
f_f000693,1,2,2305250003,아트 몰링 부산본점
f_f000693,1,3,2305250004,복성 반점
f_f000693,1,4,2305250005,을숙도 문화회관 조각 공원
f_f000693,1,5,2305250006,부산 현대미술관
f_f000693,1,6,2305250007,스타벅스 명지 강변 DT점
f_f000693,1,7,2305250008,갤맷길5코스1구간 중 명지 철새탐조대
f_f000693,1,8,2305250009,장롱 수산 본점
f_f000693,1,9,2305250002,나산 리버 빌 아파트
f_f000693,2,1,2305260001,스타벅스 부산 만덕 DT점
f_f000693,2,2,2305260002,석불사
f_f000693,2,3,2305260003,박용채의 대박 터진 돈가스
f_f000693,2,4,2305260004,아르 토스 21
f_f000693,2,5,2305260005,집
f_f000696,1,1,2306040001,집
f_f000696,1,2,2306040005,용궁 사우나
f_f000696,1,3,2306040006,구옥
f_f000696,1,4,2306040007,기억 스테이
f_f000696,1,5,2306040008,강문해변
f_f000696,1,6,2306040002,기억 스테이
f_f000696,2,1,2306050002,강문 떡갈비
f_f000696,2,2,2306050003,아르떼 뮤지엄 강릉
f_f000696,2,3,2306050004,카페에이
f_f000696,2,4,2306050001,집
f_f000697,1,1,2305280001,집
f_f000697,1,2,2305280002,안동휴게소 춘천 방향
f_f000697,1,3,2305280003,묵호시장
f_f000697,1,4,2305280004,거동 탕수육
f_f000697,1,5,2305280005,묵호항 수변공원
f_f000697,1,6,2305280006,논골담길
f_f000697,1,7,2305280007,도째비골 해랑전망대
f_f000697,1,8,2305280008,묵호 등대 전망대
f_f000697,1,9,2305280009,월정사
f_f000697,1,10,2305280010,강릉 중앙시장
f_f000697,1,11,2305280011,정동진 해변
f_f000697,1,12,2305280012,진 모래 횟집
f_f000697,1,13,2305280013,망상 해오름 가족호텔
f_f000697,2,1,2305290001,망상 해변
f_f000697,2,2,2305290002,천곡 황금박쥐동굴
f_f000697,2,3,2305290005,한 섬 해변
f_f000697,2,4,2305290006,감축사
f_f000697,2,5,2305290003,구계 기사식당
f_f000697,2,6,2305290004,집
f_f000699,1,1,2305210001,집
f_f000699,1,2,2305210002,오대산 월정사 전나무 숲길
f_f000699,1,3,2305210003,월정사
f_f000699,1,4,2305210004,국시 사랑
f_f000699,1,5,2305210005,집
f_f000701,1,1,2305200001,집
f_f000701,1,2,2305200003,서울고속버스터미널(경부)
f_f000701,1,3,2305200004,동해시 종합버스터미널
f_f000701,1,4,2305200005,묵호항 수변공원
f_f000701,1,5,2305200006,오뚝이 칼국수
f_f000701,1,6,2305200007,논골담길
f_f000701,1,7,2305200008,논골 카페
f_f000701,1,8,2305200009,우리들 작은 도서관
f_f000701,1,9,2305200010,도째비골 스카이밸리
f_f000701,1,10,2305200011,도째비골 해랑전망대
f_f000701,1,11,2305200012,까막바위
f_f000701,1,12,2305200013,어달항
f_f000701,1,13,2305200014,마젠타
f_f000701,1,14,2305200002,선샤인 호텔
f_f000701,2,1,2305210002,도째비골 스카이밸리
f_f000701,2,2,2305210003,어달항 아침햇살정원
f_f000701,2,3,2305210004,망상 해변
f_f000701,2,4,2305210005,카페 어달
f_f000701,2,5,2305210006,연필 뮤지엄
f_f000701,2,6,2305210007,동해시 종합버스터미널
f_f000701,2,7,2305210001,집
f_f000705,1,1,2305160001,집
f_f000705,1,2,2305160003,프리젠트 카페
f_f000705,1,3,2305160004,메가 MGC 커피 부산 경성대점
f_f000705,1,4,2305160005,스파오 경성대몰렛점
f_f000705,1,5,2305160006,신해림주차장
f_f000705,1,6,2305160002,집
f_f000709,1,1,2305270001,집
f_f000709,1,2,2305270002,남춘천역 경춘선
f_f000709,1,3,2305270003,풍물 옹심이 칼국수
f_f000709,1,4,2305270004,공지천 유원지
f_f000709,1,5,2305270005,에티오피아 집
f_f000709,1,6,2305270006,더 잭슨 나인스 호텔
f_f000709,1,7,2305270007,해피 초원 목장
f_f000709,1,8,2305270008,솔 로스터리 커피
f_f000709,1,9,2305270009,통나무집 숯불닭갈비
f_f000709,1,10,2305270010,심야
f_f000709,1,11,2305270012,더 잭슨 나인스 호텔
f_f000709,2,1,2305280001,스타벅스 춘천 온의 점
f_f000709,2,2,2305280002,샘밭막국수 본점
f_f000709,2,3,2305280003,카페 감자밭 본점
f_f000709,2,4,2305280004,춘천역 경춘선
f_f000709,2,5,2305280005,청량리역
f_f000709,2,6,2305280006,집
f_f000711,1,1,2305220001,집
f_f000711,1,2,2305220007,대구 북부시외버스터미널
f_f000711,1,3,2305220002,오죽헌
f_f000711,1,4,2305220003,강릉 선교장
f_f000711,1,5,2305220005,강릉 시외버스터미널
f_f000711,1,6,2305220004,경포대
f_f000711,1,7,2305220006,집
f_f000718,1,1,2306020001,집
f_f000718,1,2,2306020002,동명항 난전 오징어축제
f_f000718,1,3,2306020003,동명항
f_f000718,1,4,2306020004,속초관광수산시장
f_f000718,1,5,2306020005,24시 전주 명가 콩나물국밥 속초점
f_f000718,1,6,2306020006,팜파스 호텔 리조트 속초
f_f000718,2,1,2306030001,황소식당
f_f000718,2,2,2306030002,투썸플레이스 속초 외옹치점
f_f000718,2,3,2306030003,외옹치해변
f_f000718,2,4,2306030004,집
f_f000721,1,1,2306050001,집
f_f000721,1,2,2306050002,완도 회 식당
f_f000721,1,3,2306050003,낙산사
f_f000721,1,4,2306050004,성인데
f_f000721,1,5,2306050005,천도 회관
f_f000721,1,6,2306050006,천도 회관
f_f000721,2,1,2306060001,송의 식당
f_f000721,2,2,2306060002,인제 스피디움 카트경주장
f_f000721,2,3,2306060003,운대리 자작나무 숲
f_f000721,2,4,2306060004,집
f_f000723,1,1,2305270001,집
f_f000723,1,2,2305270002,수봉 식당
f_f000723,1,3,2305270003,외도널서리
f_f000723,1,4,2305270004,뚱보 할미 김밥집
f_f000723,1,5,2305270005,다이소 순천 풍덕점
f_f000726,1,1,2305270001,집
f_f000726,1,2,2305270002,대구식당
f_f000726,1,3,2305270003,악양 독방
f_f000726,1,4,2305270004,카페 뜬
f_f000726,1,5,2305270005,무진장
f_f000726,1,6,2305270007,브리즈 무인 호텔
f_f000726,2,1,2305280001,무진장
f_f000726,2,2,2305280003,약수터 산장
f_f000726,2,3,2305280002,봉성 저수지
f_f000726,2,4,2305280004,의령전통시장
f_f000726,2,5,2305280005,카페 이터니티
f_f000726,2,6,2305280006,집
f_f000728,1,1,2305270003,집
f_f000728,1,2,2305270001,대연 성당
f_f000728,1,3,2305270004,장안 캠프
f_f000728,2,1,2305280001,광안리해수욕장
f_f000728,2,2,2305280002,흰 여울 문화마을
f_f000728,2,3,2305280003,신기산업
f_f000728,2,4,2305280004,한국해양대학교 아치 캠퍼스
f_f000728,2,5,2305280006,부산역
f_f000728,2,6,2305280005,오창 롯데캐슬 더 하이스트 아파트
f_f000731,1,1,2306030001,집
f_f000731,1,2,2306030002,두지는각
f_f000731,1,3,2306030003,부은정
f_f000731,1,4,2306030004,써니 커피 앤 케이크
f_f000731,1,5,2306030005,아델스코트CC
f_f000731,1,6,2306030006,대림 가든
f_f000731,1,7,2306030007,아이 호텔
f_f000731,2,1,2306040001,아델스코트CC
f_f000731,2,2,2306040002,고바우 식당
f_f000731,2,3,2306040003,해인사
f_f000731,2,4,2306040004,집
f_f000733,1,1,2305220001,집
f_f000733,1,2,2305220002,대전역
f_f000733,1,3,2305220003,부산역
f_f000733,1,4,2305220004,꼬쇼네
f_f000733,1,5,2305220005,올리버 다이너
f_f000733,1,6,2305220006,친구 집
f_f000733,1,7,2305220007,심미안
f_f000733,1,8,2305220008,오프 커스
f_f000733,1,9,2305220009,삼광사
f_f000733,1,10,2305220010,부산역
f_f000733,1,11,2305220011,대전역
f_f000733,1,12,2305220012,집
f_f000734,1,1,2305200001,집
f_f000734,1,2,2305200002,연화 바루
f_f000734,1,3,2305200003,나무에
f_f000734,1,4,2305200005,경주역사 유적지구
f_f000734,1,5,2305200007,동궁과 월지
f_f000734,1,6,2305200008,월정교
f_f000734,1,7,2305200006,나무에
f_f000734,2,1,2305210006,황련단길
f_f000734,2,2,2305210002,불국사
f_f000734,2,3,2305210004,쑥부쟁이
f_f000734,2,4,2305210001,보문호
f_f000734,2,5,2305210005,황련단길
f_f000734,2,6,2305210003,집
f_f000735,1,1,2306030001,집
f_f000735,1,2,2306030002,대전복합터미널
f_f000735,1,3,2306030004,덕유산 휴게소 통영방향
f_f000735,1,4,2306030005,통영종합버스터미널
f_f000735,1,5,2306030006,소담 소담 에어비앤비
f_f000735,1,6,2306030007,통영중앙전통시장
f_f000735,1,7,2306030008,동피랑 벽화마을
f_f000735,1,8,2306030009,포지티브즈통영
f_f000735,1,9,2306030010,이순신공원
f_f000735,1,10,2306030011,소담 소담 에어비앤비
f_f000735,1,11,2306030012,78반 다찌
f_f000735,1,12,2306030013,워터프런트
f_f000735,1,13,2306030003,소담 소담 에어비앤비
f_f000735,2,1,2306040001,통영종합버스터미널
f_f000735,2,2,2306040002,덕유산 휴게소 대전방향
f_f000735,2,3,2306040003,대전복합터미널
f_f000735,2,4,2306040004,집
f_f000736,1,1,2306030001,집
f_f000736,1,2,2306030002,신경주역
f_f000736,1,3,2306030003,국립경주박물관
f_f000736,1,4,2306030005,포석으로 소갈비찜
f_f000736,1,5,2306030006,황련단길
f_f000736,1,6,2306030007,블루 원리조트
f_f000736,1,7,2306030008,신라 제면
f_f000736,1,8,2306030009,대릉원
f_f000736,1,9,2306030004,블루 원리조트
f_f000736,2,1,2306040001,블루 원리조트
f_f000736,2,2,2306040002,블루 원리조트
f_f000736,2,3,2306040003,전촌용 굴
f_f000736,2,4,2306040005,스타벅스 경주 용강 DT점
f_f000736,2,5,2306040006,경주 꽃게장
f_f000736,2,6,2306040004,집
f_f000739,1,1,2306020001,집
f_f000739,1,2,2306020002,스테이 숨 풀빌라 펜션
f_f000739,2,1,2306030001,장항 해수풀장
f_f000739,2,2,2306030002,더 물
f_f000739,2,3,2306030003,남해서 떼
f_f000739,2,4,2306030004,와룡산 두부마을
f_f000739,2,5,2306030005,집
f_f000741,1,1,2305200001,집
f_f000741,1,2,2305200002,삼다도 전복죽
f_f000741,1,3,2305200003,노산공원
f_f000741,1,4,2305200004,아래 마루 아쿠아리움 본관
f_f000741,1,5,2305200005,사천 미술관
f_f000741,1,6,2305200006,모다 아울렛 진주점
f_f000741,1,7,2305200007,집
f_f000744,1,1,2305200001,집
f_f000744,1,2,2305200003,서울역
f_f000744,1,3,2305200004,정선 이모네 식당 콧등 치기
f_f000744,1,4,2305200005,오죽헌
f_f000744,1,5,2305200006,경포대
f_f000744,1,6,2305200007,장안 횟집
f_f000744,1,7,2305200008,바우 카페 본점
f_f000744,1,8,2305200009,강릉 선교장
f_f000744,1,9,2305200002,집
f_f000746,1,1,2305270001,집
f_f000746,1,2,2305270003,함안역
f_f000746,1,3,2305270004,무진장
f_f000746,1,4,2305270006,소문난 다코야키 맛에 미치다
f_f000746,1,5,2305270005,진영 복합휴게소 부산방향
f_f000746,1,6,2305270002,집
f_f000751,1,1,2305280001,집
f_f000751,1,2,2305280002,문막 골 정육 식당
f_f000751,1,3,2305280003,켄싱턴호텔 평창 키즈 라운지
f_f000751,1,4,2305280004,진고개 식당
f_f000751,1,5,2305280006,켄싱턴호텔 평창
f_f000751,2,1,2305290001,켄싱턴호텔 평창 카페 플로리
f_f000751,2,2,2305290002,허브나라농원
f_f000751,2,3,2305290003,집
f_f000752,1,1,2305200001,집
f_f000752,1,2,2305200004,진영 복합휴게소 부산방향
f_f000752,1,3,2305200003,간절곶
f_f000752,1,4,2305200005,5베이커리엔 카페
f_f000752,1,5,2305200006,삼정 한우 축산
f_f000752,1,6,2305200002,마우나오션리조트
f_f000752,2,1,2305210002,대릉원 공영주차장
f_f000752,2,2,2305210003,대게 만찬
f_f000752,2,3,2305210001,집
f_f000754,1,1,2305270001,집
f_f000754,1,2,2305270003,알파카 월드
f_f000754,1,3,2305270004,개배 st 속초청년몰
f_f000754,1,4,2305270005,동 가보대 휴게소
f_f000754,1,5,2305270006,신남 회관
f_f000754,1,6,2305270002,과훈단응봉아파트(군인)
f_f000754,2,1,2305280001,조개탕 계곡
f_f000754,2,2,2305280002,청정 조각 공원 휴게소
f_f000754,2,3,2305280003,과훈단응봉아파트(군인)
f_f000754,2,4,2305280004,가평휴게소 서울 방향
f_f000754,2,5,2305280005,집
f_f000760,1,1,2305270001,집
f_f000760,1,2,2305270003,가평휴게소 춘천 방향
f_f000760,1,3,2305270004,어반 수상 레저
f_f000760,1,4,2305270002,어반 슬로시티
f_f000760,2,1,2305280001,집
f_f000762,1,1,2306030001,집
f_f000762,1,2,2306030002,화서휴게소
f_f000762,1,3,2306030003,군위 영천 휴게소 영천 방향
f_f000762,1,4,2306030004,건천휴게소 부산방향
f_f000762,1,5,2306030005,죽성 드림세트장
f_f000762,1,6,2306030006,기장해녀촌 공영주차장
f_f000762,1,7,2306030007,대변항
f_f000762,1,8,2306030008,스카이라인 루지 부산
f_f000762,1,9,2306030009,송정해수욕장
f_f000762,1,10,2306030010,밀란 더 마켓
f_f000762,1,11,2306030011,부산 수영 요트계류장
f_f000762,1,12,2306030012,해운대해수욕장
f_f000762,1,13,2306030013,G 호텔
f_f000762,2,1,2306040001,재기 돼지국밥
f_f000762,2,2,2306040002,흰 여울 문화마을
f_f000762,2,3,2306040003,엑스더 스카이
f_f000762,2,4,2306040004,피자 굽는 나무꾼
f_f000762,2,5,2306040005,탐앤탐스 삼국유사군위휴게소점
f_f000762,2,6,2306040006,집
f_f000765,1,1,2305220001,집
f_f000765,1,2,2305220002,내린천 휴게소 양양 방향
f_f000765,1,3,2305220003,낙산사
f_f000765,1,4,2305220004,그리운 보리밥
f_f000765,1,5,2305220006,청초호유원지
f_f000765,1,6,2305220005,체스터 톤스 속초
f_f000765,1,7,2305220007,마카오
f_f000765,1,8,2305220008,속초해수욕장
f_f000765,1,9,2305220009,체스터 톤스 속초
f_f000765,2,1,2305230001,설악산 자생식물원
f_f000765,2,2,2305230002,척산 족욕공원
f_f000765,2,3,2305230003,순두부마을 식당
f_f000765,2,4,2305230004,집
f_f000770,1,1,2305170001,집
f_f000770,1,2,2305170002,장미공원
f_f000770,1,3,2305170003,라인업 커피
f_f000770,1,4,2305170004,시티세븐 몰
f_f000770,1,5,2305170005,브이 호텔
f_f000770,1,6,2305170006,독도 참치 상남점
f_f000770,1,7,2305170011,브이 호텔
f_f000770,2,1,2305180001,상남시장
f_f000770,2,2,2305180002,롯데백화점 창원점
f_f000770,2,3,2305180003,브레이크 로프터스
f_f000770,2,4,2305180004,집
f_f000773,1,1,2305200001,집
f_f000773,1,2,2305200002,영일대 장미원
f_f000773,1,3,2305200003,포항 해상 스카이워크
f_f000773,1,4,2305200004,펫 마트 포항항구점
f_f000773,1,5,2305200005,롯데백화점 포항점
f_f000773,1,6,2305200006,안강 LPG 충전소
f_f000773,1,7,2305200008,경주 밀면
f_f000773,1,8,2305200007,집
f_f000776,1,1,2305210001,집
f_f000776,1,2,2305210002,금강휴게소 주유소 부산방향
f_f000776,1,3,2305210003,황남쫀드기
f_f000776,1,4,2305210004,여미온
f_f000776,1,5,2305210005,프프프베이커리
f_f000776,1,6,2305210006,황남 옥수수 황리 단 결점
f_f000776,1,7,2305210007,1984왕림
f_f000776,1,8,2305210008,신라 제면
f_f000776,1,9,2305210009,대릉원
f_f000776,1,10,2305210011,월정교
f_f000776,1,11,2305210010,1984왕림
f_f000776,2,1,2305220001,황남빵
f_f000776,2,2,2305220002,경주월드
f_f000776,2,3,2305220003,소옥
f_f000776,2,4,2305220004,어마 무시 황리 단 결점
f_f000776,2,5,2305220005,동궁과 월지
f_f000776,2,6,2305220006,집
f_f000779,1,1,2306040001,집
f_f000779,1,2,2306040002,부산역
f_f000779,1,3,2306040004,신경주역
f_f000779,1,4,2306040005,운수 대통 닭갈비
f_f000779,1,5,2306040006,국립경주박물관
f_f000779,1,6,2306040007,경주역사유적지구
f_f000779,1,7,2306040008,월정교
f_f000779,1,8,2306040009,커피 플레이스
f_f000779,1,9,2306040010,황련단길
f_f000779,1,10,2306040011,대릉원
f_f000779,1,11,2306040012,경주 시외버스터미널
f_f000779,1,12,2306040003,대신 푸르지오 1차 아파트
f_f000783,1,1,2306030001,집
f_f000783,1,2,2306030002,무릉 별유천지
f_f000783,1,3,2306030003,도째비골스카이밸리
f_f000783,1,4,2306030004,강원종합 박물관
f_f000783,1,5,2306030006,삼척 활기 자연휴양림
f_f000783,2,1,2306040001,덕봉산 해안생태탐방로
f_f000783,2,2,2306040002,초곡용굴촛대바위길
f_f000783,2,3,2306040003,미인폭포
f_f000783,2,4,2306040004,몸 운동 벽화마을
f_f000783,2,5,2306040005,집
f_f000785,1,1,2306040001,집
f_f000785,1,2,2306040002,오죽관
f_f000785,1,3,2306040003,오죽헌
f_f000785,1,4,2306040004,아쿠아 딜리버리 회 포장 강릉점
f_f000785,1,5,2306040005,경포해수욕장
f_f000785,1,6,2306040006,아우라
f_f000785,1,7,2306040008,CU 강릉 경포 해변점
f_f000785,1,8,2306040007,경포 마레 호텔
f_f000785,2,1,2306050001,포남 셀프주유소
f_f000785,2,2,2306050002,신촌 장칼국수
f_f000785,2,3,2306050003,만동 제과
f_f000785,2,4,2306050004,강릉 중앙시장
f_f000785,2,5,2306050005,집
f_f000787,1,1,2305280001,집
f_f000787,1,2,2305280002,병방치 스카이워크
f_f000787,1,3,2305280003,회동 집
f_f000787,1,4,2305280004,파크 로쉬리조트 앤 웰니스
f_f000787,2,1,2305290001,집
f_f000788,1,1,2305270001,집
f_f000788,1,2,2305270003,옥천 휴게소 부산방향
f_f000788,1,3,2305270005,직지사
f_f000788,1,4,2305270007,친척 집
f_f000788,1,5,2305270006,황악산 등산 코스
f_f000788,1,6,2305270008,새만금 종합수산시장
f_f000788,1,7,2305270009,이성당 본점
f_f000788,1,8,2305270002,집
f_f000788,2,1,2305280001,집
f_f000797,1,1,2305210001,집
f_f000797,1,2,2305210002,한데 솥
f_f000797,1,3,2305210003,해운대해수욕장
f_f000797,1,4,2305210004,해운대 언양불고기
f_f000797,1,5,2305210005,원피스 피자
f_f000797,1,6,2305210006,V 호텔
f_f000797,2,1,2305220001,류센소 본점
f_f000797,2,2,2305220002,신세계백화점 센텀시티점
f_f000797,2,3,2305220003,오션 브리즈
f_f000797,2,4,2305220004,집
f_f000799,1,1,2305270001,집
f_f000799,1,2,2305270002,카페 이프
f_f000799,1,3,2305270004,통영시립 박물관
f_f000799,1,4,2305270003,서호 시장
f_f000799,1,5,2305270005,통영 삼도수군통제영
f_f000799,1,6,2305270006,통영 어드벤처 타워
f_f000799,1,7,2305270007,뱃말 칼국수 김밥 통영 루지점
f_f000799,1,8,2305270008,안다미로 72
f_f000799,1,9,2305270011,해저터널
f_f000799,1,10,2305270009,통영 거북선 호텔
f_f000799,1,11,2305270010,청기 식당
f_f000799,1,12,2305270012,통영 거북선 호텔
f_f000799,2,1,2305280001,충렬사
f_f000799,2,2,2305280002,조선 군선
f_f000799,2,3,2305280003,하루 한 뽕
f_f000799,2,4,2305280004,카페 이프
f_f000799,2,5,2305280005,집
f_f000801,1,1,2305270001,집
f_f000801,1,2,2305270002,춘천역 경춘선
f_f000801,1,3,2305270003,풍물 옹심이 칼국수
f_f000801,1,4,2305270004,춘천 풍물시장
f_f000801,1,5,2305270006,카페 클라던
f_f000801,1,6,2305270005,의암공원
f_f000801,1,7,2305270007,축제 닭갈비 막국수
f_f000801,1,8,2305270008,춘천역 경춘선
f_f000801,1,9,2305270009,집
f_f000806,1,1,2305200001,집
f_f000806,1,2,2305200002,성남종합버스터미널
f_f000806,1,3,2305200003,속초관광수산시장
f_f000806,1,4,2305200004,천진 식탁
f_f000806,1,5,2305200005,아미가 아미고 펜션
f_f000806,1,6,2305200006,봉포 해변
f_f000806,1,7,2305200007,아미가 아미고 펜션
f_f000806,2,1,2305210001,속초 아이
f_f000806,2,2,2305210002,오징어 난 전
f_f000806,2,3,2305210003,속초 시외버스터미널
f_f000806,2,4,2305210004,꿀꿀 진 순대 야탑점
f_f000806,2,5,2305210005,집
f_f000813,1,1,2305200001,집
f_f000813,1,2,2305200003,소금산 그랜드밸리
f_f000813,1,3,2305200004,안성 본가
f_f000813,1,4,2305200005,스톤 크릭
f_f000813,1,5,2305200002,유일 풀빌라
f_f000813,2,1,2305210002,뮤지엄 산
f_f000813,2,2,2305210001,집
f_f000816,1,1,2305200001,집
f_f000816,1,2,2305200002,부산역
f_f000816,1,3,2305200003,원조 할미 낙지
f_f000816,1,4,2305200004,런닝맨 부산점
f_f000816,1,5,2305200005,해운대해수욕장
f_f000816,1,6,2305200006,민락수변공원
f_f000816,1,7,2305200007,광안리해수욕장
f_f000816,1,8,2305200008,푸른 술집 할라 부산 서면점
f_f000816,1,9,2305200009,도쿄시장 부산 서면점
f_f000816,1,10,2305200010,넘버 25호텔 서면역점
f_f000816,2,1,2305210001,초량 밀면
f_f000816,2,2,2305210002,맥도날드 부산 초량 DT점
f_f000816,2,3,2305210003,설빙 부산역점
f_f000816,2,4,2305210004,구미역
f_f000816,2,5,2305210005,집
f_f000818,1,1,2306030001,집
f_f000818,1,2,2306030002,서울역
f_f000818,1,3,2306030003,밀양역
f_f000818,1,4,2306030004,GD21
f_f000818,1,5,2306030005,임시정부
f_f000818,1,6,2306030006,해와 강
f_f000818,1,7,2306030007,밀양강
f_f000818,1,8,2306030008,GD21
f_f000818,2,1,2306040001,밀양아리랑 길 3코스
f_f000818,2,2,2306040002,밀양아리랑 길 2코스
f_f000818,2,3,2306040003,밀양아리랑 길 1코스
f_f000818,2,4,2306040004,단골집 돼지국밥
f_f000818,2,5,2306040005,루 327
f_f000818,2,6,2306040006,밀양역
f_f000818,2,7,2306040007,서울역
f_f000818,2,8,2306040008,집
f_f000827,1,1,2306030002,집
f_f000827,1,2,2306030005,문경새재 임꺽정 가든
f_f000827,1,3,2306030006,문경새재 농산물특판장
f_f000827,1,4,2306030007,주흘산
f_f000827,1,5,2306030008,문경새재 도립공원
f_f000827,1,6,2306030009,천년 오미 닭강정
f_f000827,1,7,2306030004,문경관광호텔
f_f000827,2,1,2306040001,문경종합온천
f_f000827,2,2,2306040004,문경 진 추어탕
f_f000827,2,3,2306040005,오미자 테마 터널
f_f000827,2,4,2306040003,해운대 자이 1차 아파트
f_f000828,1,1,2305270001,집
f_f000828,1,2,2305270002,이마트 사상점
f_f000828,1,3,2305270003,밀양 면옥
f_f000828,1,4,2305270004,영남루
f_f000828,1,5,2305270006,장연 생태공원
f_f000828,1,6,2305270009,아이고 캠핑장
f_f000828,2,1,2305280001,알 품어 탕
f_f000828,2,2,2305280002,강지네 옛날 팥빙수
f_f000828,2,3,2305280003,집
f_f000834,1,1,2305200001,집
f_f000834,1,2,2305200002,부산어촌민속관
f_f000834,1,3,2305200003,화명 장미공원
f_f000834,1,4,2305200004,박용채의 대박 터진 돈가스
f_f000834,1,5,2305200005,스타벅스 화명강변 DT점
f_f000834,1,6,2305200007,율리 벽산블루밍 1단지 아파트
f_f000834,2,1,2305210001,해운대 모래축제
f_f000834,2,2,2305210002,대도식당 해운대점
f_f000834,2,3,2305210003,신세계백화점 센텀시티점
f_f000834,2,4,2305210004,모리 커피 양산 사송점
f_f000834,2,5,2305210005,집
f_f000839,1,1,2305200001,집
f_f000839,1,2,2305200002,홍천 휴게소 양양 방향
f_f000839,1,3,2305200003,사근 진해 중공원 전망대
f_f000839,1,4,2305200004,경포해수욕장
f_f000839,1,5,2305200005,강릉 중앙시장
f_f000839,1,6,2305200007,강릉 그림만 이야기만 하우스
f_f000839,2,1,2305210001,금성 해장국
f_f000839,2,2,2305210002,갤러리 밥스
f_f000839,2,3,2305210003,아르떼 뮤지엄 강릉
f_f000839,2,4,2305210004,집
f_f000842,1,1,2305270001,집
f_f000842,1,2,2305270002,국립김해 박물관
f_f000842,1,3,2305270003,필립스 가든
f_f000842,1,4,2305270004,집
f_f000843,1,1,2305230001,집
f_f000843,1,2,2305230004,운문사
f_f000843,1,3,2305230007,산수 냉면
f_f000843,1,4,2305230005,청도읍 선
f_f000843,1,5,2305230006,청송자연휴양림
f_f000843,1,6,2305230008,청송자연휴양림
f_f000843,2,1,2305240001,주왕산
f_f000843,2,2,2305240002,주산 저수지
f_f000843,2,3,2305240003,괴산휴게소
f_f000843,2,4,2305240004,집
f_f000848,1,1,2305200001,집
f_f000848,1,2,2305200003,스타벅스 마산 회원 DT점 주차장
f_f000848,1,3,2305200004,롯데 프리미엄 아울렛 동부산점
f_f000848,1,4,2305200005,고향 연화
f_f000848,1,5,2305200006,이케아 동부산점
f_f000848,1,6,2305200007,후 찐빵
f_f000848,1,7,2305200002,집
f_f000849,1,1,2305210001,집
f_f000849,1,2,2305210004,춘천역 경춘선
f_f000849,1,3,2305210003,빨강 머리 이모 닭갈비
f_f000849,1,4,2305210005,카페 감자밭 본점
f_f000849,1,5,2305210007,소양강
f_f000849,1,6,2305210006,이디야커피 춘천 의암호점
f_f000849,1,7,2305210008,삼대 막국수
f_f000849,1,8,2305210009,남춘천역
f_f000849,1,9,2305210002,집
f_f000855,1,1,2306030001,집
f_f000855,1,2,2306030003,엄지네 포장마차 본점
f_f000855,1,3,2306030004,스타벅스 강릉강문해변점
f_f000855,1,4,2306030005,강문해변
f_f000855,1,5,2306030007,주문진 수산시장
f_f000855,1,6,2306030006,스카이베이 호텔 경포
f_f000855,1,7,2306030002,스카이베이 호텔 경포
f_f000855,2,1,2306040002,오월에 초당
f_f000855,2,2,2306040003,수긋해 변
f_f000855,2,3,2306040004,남애항
f_f000855,2,4,2306040005,하조대 전망대
f_f000855,2,5,2306040001,집
f_f000859,1,1,2306060001,집
f_f000859,1,2,2306060002,남자친구 집(픽업)
f_f000859,1,3,2306060003,녹천 식육식당
f_f000859,1,4,2306060004,연화지
f_f000859,1,5,2306060005,론다
f_f000859,1,6,2306060006,직지사
f_f000859,1,7,2306060007,사명대사공원
f_f000859,1,8,2306060009,카페 밀
f_f000859,1,9,2306060008,남자친구 집
f_f000873,1,1,2305210001,집
f_f000873,1,2,2305210008,김포국제공항 국내선
f_f000873,1,3,2305210002,김해국제공항 국내선 청사
f_f000873,1,4,2305210005,자갈치 식당
f_f000873,1,5,2305210007,카페 오뜨 광안 비치점
f_f000873,1,6,2305210006,화명 장미공원
f_f000873,1,7,2305210004,솔방구리삼겹살
f_f000873,1,8,2305210009,삼광사 연등축제
f_f000873,1,9,2305210003,스탠퍼드호텔 부산
f_f000873,2,1,2305220005,오복이 역 본점
f_f000873,2,2,2305220003,해동용궁사
f_f000873,2,3,2305220006,코랄 라느니
f_f000873,2,4,2305220007,리틀 마운틴 동부산점
f_f000873,2,5,2305220002,김해국제공항 국내선 청사
f_f000873,2,6,2305220004,김포국제공항 국내선
f_f000873,2,7,2305220001,집
f_f000874,1,1,2305270001,집
f_f000874,1,2,2305270005,화도 졸음쉼터 양양 방향
f_f000874,1,3,2305270003,잘 잠 157
f_f000874,1,4,2305270004,가평군 농협 하나로마트 설악점
f_f000874,1,5,2305270002,크리스 월드
f_f000874,2,1,2305280003,남이섬 은주 닭갈비
f_f000874,2,2,2305280002,남이섬
f_f000874,2,3,2305280001,집
f_f000875,1,1,2306030001,사무실
f_f000875,1,2,2306030002,대전역
f_f000875,1,3,2306030003,부산역
f_f000875,1,4,2306030004,동해 낙지
f_f000875,1,5,2306030005,송도 해상 케이블카 송도 베이 스테이션
f_f000875,1,6,2306030006,휴먼아트홀
f_f000875,1,7,2306030007,코모도호텔 부산
f_f000875,1,8,2306030008,부산 시립 박물관
f_f000875,1,9,2306030009,광안리해수욕장
f_f000875,1,10,2306030010,조세호
f_f000875,1,11,2306030013,광안리해수욕장
f_f000875,1,12,2306030011,부평 깡통시장
f_f000875,1,13,2306030012,코모도호텔 부산
f_f000875,2,1,2306040001,영동 밀면 영동 국밥
f_f000875,2,2,2306040002,부산역 2층 맞이 story of lamant
f_f000875,2,3,2306040003,대전역
f_f000875,2,4,2306040004,은어송마을 6단지 풍림아이원 아파트
f_f000876,1,1,2305250001,집
f_f000876,1,2,2305250002,서울역
f_f000876,1,3,2305250003,묵호역
f_f000876,1,4,2305250004,도째비골스카이밸리
f_f000876,1,5,2305250005,도시어 부
f_f000876,1,6,2305250006,연필 뮤지엄
f_f000876,1,7,2305250007,천곡 황금박쥐동굴
f_f000876,1,8,2305250008,추암 촛대바위
f_f000876,1,9,2305250009,천곡 해물탕
f_f000876,1,10,2305250010,한 섬 해변
f_f000876,1,11,2305250012,동해 현진 관광호텔
f_f000876,2,1,2305260001,무릉 계곡 관광지
f_f000876,2,2,2305260002,무릉일 가
f_f000876,2,3,2305260003,무릉 별유천지
f_f000876,2,4,2305260004,고 불개 해 변
f_f000876,2,5,2305260005,묵호항 수산물 위판장
f_f000876,2,6,2305260006,망상 해변
f_f000876,2,7,2305260007,옥천 휴게소 서울 방향
f_f000876,2,8,2305260008,양평 휴게소 주차장 
f_f000876,2,9,2305260009,집
f_f000881,1,1,2306010001,집
f_f000881,1,2,2306010002,평창휴게소 강릉방향
f_f000881,1,3,2306010003,부흥횟집
f_f000881,1,4,2306010004,국민건강보험공단 동해지사 주차장 전기차 충전소
f_f000881,1,5,2306010005,한 섬 해변
f_f000881,1,6,2306010007,청년몰싱싱스
f_f000881,1,7,2306010008,여행 책방 잔잔하게
f_f000881,1,8,2306010009,가마솥 옛 강정
f_f000881,1,9,2306010010,내게 와 묵호
f_f000881,1,10,2306010011,이마트 24 동해 묵호 등 대점
f_f000881,1,11,2306010013,내게 와 묵호
f_f000881,2,1,2306020001,인생 네 컷 묵호 로드점
f_f000881,2,2,2306020002,묵호등대
f_f000881,2,3,2306020003,한결
f_f000881,2,4,2306020004,무고 문어 1936
f_f000881,2,5,2306020005,묵호 김밥
f_f000881,2,6,2306020006,집
f_f000885,1,1,2306030001,집
f_f000885,1,2,2306030002,청량리역
f_f000885,1,3,2306030003,묵호 김밥
f_f000885,1,4,2306030004,디저트 39 동해 터미널점
f_f000885,1,5,2306030005,너랑 온 펜션
f_f000885,2,1,2306040001,초당 맷돌순두부
f_f000885,2,2,2306040002,커피 버스데이
f_f000885,2,3,2306040003,도어즈
f_f000885,2,4,2306040004,집
f_f000891,1,1,2305200001,집
f_f000891,1,2,2305200003,아임 타이
f_f000891,1,3,2305200004,오프 커스
f_f000891,1,4,2305200005,호텔 TT
f_f000891,1,5,2305200006,부산 사직종합운동장 사직야구장
f_f000891,1,6,2305200002,호텔 TT
f_f000891,2,1,2305210001,송정 삼대 국밥
f_f000891,2,2,2305210003,KTG 상상마당 부산
f_f000891,2,3,2305210002,투썸플레이스 서면 일 번가 점
f_f000891,2,4,2305210004,화정마을 6단지 부영아파트
f_f000893,1,1,2305210001,집
f_f000893,1,2,2305210002,홍천 휴게소 양양 방향
f_f000893,1,3,2305210003,드라마 도깨비 촬영지
f_f000893,1,4,2305210004,BTS 버스정류장
f_f000893,1,5,2305210005,주문진해변
f_f000893,1,6,2305210006,메밀 골독해 막국수 강문해변점
f_f000893,1,7,2305210007,346커피스토리
f_f000893,1,8,2305210008,세인트존스 호텔
f_f000893,1,9,2305210009,버드나무 브루어리
f_f000893,1,10,2305210010,강릉 중앙시장
f_f000893,1,11,2305210011,강릉 월화 거리
f_f000893,1,12,2305210012,세인트존스 호텔
f_f000893,2,1,2305220001,강릉 동화 가든 본점
f_f000893,2,2,2305220002,하슬라아트월드
f_f000893,2,3,2305220003,카페 뤼미에르
f_f000893,2,4,2305220004,내린천 휴게소 주유소 서울 방향
f_f000893,2,5,2305220005,집
f_f000894,1,1,2305270001,집
f_f000894,1,2,2305270002,유스퀘어 광주종합버스터미널
f_f000894,1,3,2305270004,부산 서부버스터미널
f_f000894,1,4,2305270005,벌떼 집
f_f000894,1,5,2305270006,부산 사직종합운동장 부산 아시아드 주경기장
f_f000894,1,6,2305270007,잠자리 모텔
f_f000894,1,7,2305270008,꾸고 닭 연산점
f_f000894,1,8,2305270003,잠자리 모텔
f_f000894,2,1,2305280001,민락 돼지국밥
f_f000894,2,2,2305280002,광안리해수욕장
f_f000894,2,3,2305280003,광안 해변공원
f_f000894,2,4,2305280004,밀란 더 마켓
f_f000894,2,5,2305280005,부평 깡통시장
f_f000894,2,6,2305280006,부산 서부버스터미널
f_f000894,2,7,2305280007,유스퀘어 광주종합버스터미널
f_f000894,2,8,2305280008,집
f_f000899,1,1,2305280001,집
f_f000899,1,2,2305280002,국립 해양 박물관
f_f000899,1,3,2305280003,청학동 가야 밀면 청학점
f_f000899,1,4,2305280004,청학시장
f_f000899,1,5,2305280005,흰 여울 문화마을
f_f000899,1,6,2305280006,컵넛
f_f000899,1,7,2305280007,흰 여울 전망대
f_f000899,1,8,2305280008,프로시스 호텔
f_f000899,1,9,2305280009,BIFF 광장
f_f000899,1,10,2305280010,프로시스 호텔
f_f000899,2,1,2305290001,부평 깡통시장
f_f000899,2,2,2305290002,이가네 떡볶이 본점
f_f000899,2,3,2305290003,지는 맛집
f_f000899,2,4,2305290004,보수동 책방 골목
f_f000899,2,5,2305290005,밀란 더 마켓
f_f000899,2,6,2305290006,광안리해수욕장
f_f000899,2,7,2305290007,부산역
f_f000899,2,8,2305290008,본전 돼지국밥
f_f000899,2,9,2305290009,집
f_f000900,1,1,2305260001,집
f_f000900,1,2,2305260002,GS25 양양 터미널점
f_f000900,1,3,2305260003,자연밥상토담골
f_f000900,1,4,2305260004,낙산사 홍련암
f_f000900,1,5,2305260006,G25 속초 대포점
f_f000900,1,6,2305260005,라마다호텔 속초
f_f000900,1,7,2305260007,백승호 횟집
f_f000900,1,8,2305260008,롯데리조트 속초
f_f000900,1,9,2305260009,CU H 속초 라마다호텔점
f_f000900,1,10,2305260011,라마다호텔 속초
f_f000900,2,1,2305270001,외옹치 바다 향기로
f_f000900,2,2,2305270002,속초 아이
f_f000900,2,3,2305270004,속초해수욕장
f_f000900,2,4,2305270003,웨이 라잇 속초 아이점
f_f000900,2,5,2305270005,청초수물회
f_f000900,2,6,2305270006,다이소 속초 본점
f_f000900,2,7,2305270007,어느 멋진 날 카퍼
f_f000900,2,8,2305270008,설악 딸기 찹쌀떡
f_f000900,2,9,2305270009,속초 고속버스터미널
f_f000900,2,10,2305270010,집
f_f000901,1,1,2305270001,집
f_f000901,1,2,2305270007,화서휴게소 주유소 상주방향
f_f000901,1,3,2305270002,무진장
f_f000901,1,4,2305270005,본가촌국수
f_f000901,1,5,2305270006,호텔야자 창원 명서 컨벤션 센터점
f_f000901,2,1,2305280001,영남루
f_f000901,2,2,2305280002,밀양 밀면 맛집
f_f000901,2,3,2305280003,귀양지
f_f000901,2,4,2305280004,이팝 상점
f_f000901,2,5,2305280005,집
f_f000904,1,1,2305220001,집
f_f000904,1,2,2305220003,신탄진휴게소 서울 방향
f_f000904,1,3,2305220004,위켄드 74
f_f000904,1,4,2305220006,댕올라
f_f000904,2,1,2305230002,홍천 무궁화 테마파크
f_f000904,2,2,2305230003,프랭크 버거 홍천점
f_f000904,2,3,2305230001,집
f_f000905,1,1,2305210001,집
f_f000905,1,2,2305210003,서울역
f_f000905,1,3,2305210004,스타벅스 서울 역사점
f_f000905,1,4,2305210007,무릉 별유천지 전망카페
f_f000905,1,5,2305210005,묵호역
f_f000905,1,6,2305210006,무릉 별유천지
f_f000905,1,7,2305210008,추암 촛대바위
f_f000905,1,8,2305210009,추암 촛대바위 출렁다리
f_f000905,1,9,2305210010,묵호역
f_f000905,1,10,2305210011,선샤인 호텔
f_f000905,1,11,2305210012,거동 탕수육
f_f000905,1,12,2305210013,GS25 동해 일출로점
f_f000905,1,13,2305210015,선샤인 호텔
f_f000905,2,1,2305220001,고향의 맛 칼국수
f_f000905,2,2,2305220002,묵호항 수변공원
f_f000905,2,3,2305220003,묵호 등 대전 망대
f_f000905,2,4,2305220004,논골담길
f_f000905,2,5,2305220006,카페 바람의 언덕
f_f000905,2,6,2305220005,라운드어바웃 동해
f_f000905,2,7,2305220007,묵호 김밥
f_f000905,2,8,2305220008,하평해변
f_f000905,2,9,2305220009,부곡 돌담마을 해안 숲공원
f_f000905,2,10,2305220010,동해시 종합버스터미널
f_f000905,2,11,2305220011,성남종합버스터미널 주차장
f_f000905,2,12,2305220012,집
f_f000908,1,1,2305200001,집
f_f000908,1,2,2305200002,황금십원빵 본점
f_f000908,1,3,2305200003,아덴 2호점
f_f000908,1,4,2305200004,대왕
f_f000908,1,5,2305200005,호랑이카츠
f_f000908,1,6,2305200006,쪽샘 임시주차장
f_f000908,1,7,2305200007,대릉원
f_f000908,1,8,2305200008,집
f_f000913,1,1,2305220001,집
f_f000913,1,2,2305220002,망포역 수인 분당선
f_f000913,1,3,2305220003,교리 김밥 경주 본점
f_f000913,1,4,2305220004,석굴암
f_f000913,1,5,2305220005,불국사
f_f000913,1,6,2305220006,황련단길
f_f000913,1,7,2305220007,소옥
f_f000913,1,8,2305220008,대릉원
f_f000913,1,9,2305220009,동궁과 월지
f_f000913,1,10,2305220011,브라운 도트 호텔 경주점
f_f000913,2,1,2305230001,황련단길
f_f000913,2,2,2305230002,첨성대
f_f000913,2,3,2305230003,첨성으로 179
f_f000913,2,4,2305230004,함양집
f_f000913,2,5,2305230005,황련단길
f_f000913,2,6,2305230006,용인휴게소 서창방향
f_f000913,2,7,2305230007,집
f_f000914,1,1,2305270001,집
f_f000914,1,2,2305270002,함안휴게소 순천방향
f_f000914,1,3,2305270003,세르지 모텔
f_f000914,1,4,2305270004,수복 빵집
f_f000914,1,5,2305270005,황소 분식
f_f000914,1,6,2305270007,진주성
f_f000914,1,7,2305270008,진주역
f_f000914,1,8,2305270009,빽다방 진주역점
f_f000914,1,9,2305270010,진주역
f_f000914,1,10,2305270011,신라
f_f000914,1,11,2305270012,세르지 모텔
f_f000914,2,1,2305280001,GS25 봉곡 햇살점
f_f000914,2,2,2305280002,진주냉면 산홍 진주 시청점
f_f000914,2,3,2305280003,진영 복합휴게소 부산방향
f_f000914,2,4,2305280004,집
f_f000916,1,1,2305270001,집
f_f000916,1,2,2305270002,소담 생선구이
f_f000916,1,3,2305270003,세븐일레븐 포항 죽도 시장점
f_f000916,1,4,2305270004,환호공원 스페이스 워크
f_f000916,1,5,2305270005,환호공원 포항시립미술관
f_f000916,1,6,2305270006,CU 포항 로스터리 맨 점
f_f000916,1,7,2305270007,강변체육공원
f_f000916,1,8,2305270008,집
f_f000918,1,1,2305270001,집
f_f000918,1,2,2305270002,스타벅스 의정부 장암 DT점
f_f000918,1,3,2305270003,음성휴게 소남이 방향
f_f000918,1,4,2305270004,삼백 농업농촌테마공원
f_f000918,1,5,2305270005,초가집
f_f000918,1,6,2305270012,세영 첼시 빌 아파트
f_f000918,2,1,2305280001,포도밭
f_f000918,2,2,2305280002,길성이 누룽지 백숙
f_f000918,2,3,2305280003,무양 주택
f_f000918,2,4,2305280004,한국광유 낙양 주유소
f_f000918,2,5,2305280005,여주휴게소 서창방향
f_f000918,2,6,2305280006,집
f_f000927,1,1,2305210001,집
f_f000927,1,2,2305210002,남해 양모라 이 학교
f_f000927,1,3,2305210003,봉정 식당
f_f000927,1,4,2305210004,아난티 남해
f_f000927,2,1,2305220001,아난티 남해 GC
f_f000927,2,2,2305220003,사천휴게소 부산방향
f_f000927,2,3,2305220004,함안휴게소 부산방향
f_f000927,2,4,2305220002,집
f_f000932,1,1,2306030001,집
f_f000932,1,2,2306030002,양평 휴게소 원주 방향
f_f000932,1,3,2306030003,감나무
f_f000932,1,4,2306030004,갈남항
f_f000932,1,5,2306030005,원덕농협 하나로마트 본점
f_f000932,1,6,2306030006,영신 횟집
f_f000932,1,7,2306030007,노실 풀 펜션
f_f000932,2,1,2306040001,해돋이 식당
f_f000932,2,2,2306040002,삼척 해양레일바이크 용화 정거장
f_f000932,2,3,2306040003,장호항
f_f000932,2,4,2306040004,수가성
f_f000932,2,5,2306040005,집
f_f000936,1,1,2305280001,집
f_f000936,1,2,2305280005,환호공원 포항시립미술관
f_f000936,1,3,2305280003,태산 만두 본점
f_f000936,1,4,2305280004,포토 시그니처 영일대점
f_f000936,1,5,2305280006,천호 월드 타운 아파트
f_f000936,1,6,2305280007,빨간 대게 무한리필 본점
f_f000936,1,7,2305280008,강변체육공원
f_f000936,1,8,2305280002,에어비앤비(라온 스테이)
f_f000936,2,1,2305290001,청년 찌개 포항 상도점
f_f000936,2,2,2305290002,집
f_f000942,1,1,2305280001,집
f_f000942,1,2,2305280002,신라스테이 서부산
f_f000942,1,3,2305280003,영배 다방
f_f000942,1,4,2305280005,신라스테이 서부산
f_f000942,2,1,2305290001,부산 현대미술관
f_f000942,2,2,2305290002,해운대 31cm 해물칼국수 하단점
f_f000942,2,3,2305290003,카페 진목
f_f000942,2,4,2305290004,롯데 프리미엄 아울렛 김해점
f_f000942,2,5,2305290005,집
f_f000944,1,1,2306050001,집
f_f000944,1,2,2306050002,서문시장
f_f000944,1,3,2306050003,더 현대 대구
f_f000944,1,4,2306050004,청라언덕
f_f000944,1,5,2306050005,동대구역 무제 여관 모텔
f_f000944,1,6,2306050006,참 좋은 생고기 육회
f_f000944,1,7,2306050007,동대구역 무제 여관 모텔
f_f000944,2,1,2306060001,고려 빵 과자점
f_f000944,2,2,2306060002,앞산 해넘이 전망대
f_f000944,2,3,2306060003,커피 플라자
f_f000944,2,4,2306060004,집
f_f000945,1,1,2305190001,집
f_f000945,1,2,2305190002,금계 숯불닭갈비
f_f000945,1,3,2305190003,영금정
f_f000945,1,4,2305190004,속초해수욕장
f_f000945,1,5,2305190005,속초 아이
f_f000945,1,6,2305190006,설악 회 국수
f_f000945,1,7,2305190007,설악워터피아
f_f000945,1,8,2305190012,한화리조트 설악 쏘라노
f_f000945,2,1,2305200001,속초시립 박물관
f_f000945,2,2,2305200002,카페 소리
f_f000945,2,3,2305200003,양평 갈비
f_f000945,2,4,2305200004,집
f_f000947,1,1,2305190001,집
f_f000947,1,2,2305190002,속초관광수산시장
f_f000947,1,3,2305190003,설악워터피아
f_f000947,1,4,2305190004,한화리조트 설악 쏘라노
f_f000947,2,1,2305200001,낙산사
f_f000947,2,2,2305200002,원주시립중앙도서관
f_f000947,2,3,2305200003,미소 손짜장
f_f000947,2,4,2305200004,집
f_f000951,1,1,2305270001,집
f_f000951,1,2,2305270002,동대구역
f_f000951,1,3,2305270003,마 선생 마약 국밥 영주 육거리점
f_f000951,1,4,2305270004,다이소 영주 본점
f_f000951,1,5,2305270005,홈플러스 영주점
f_f000951,1,6,2305270006,무섬마을 관광안내소
f_f000951,1,7,2305270007,무섬마을
f_f000951,1,8,2305270008,김욱 가옥
f_f000951,2,1,2305280001,영주역
f_f000951,2,2,2305280002,영남대학교 경산캠퍼스
f_f000953,1,1,2305230001,친구 친지 집
f_f000953,1,2,2305230002,동서시장
f_f000953,1,3,2305230003,이디야커피 동대구 환승센터점
f_f000953,1,4,2305230004,심지
f_f000953,1,5,2305230005,신세계백화점 대구점
f_f000953,1,6,2305230006,골드파크
f_f000954,1,1,2305270001,집
f_f000954,1,2,2305270007,마산남부시외버스터미널
f_f000954,1,3,2305270008,부산 서부버스터미널
f_f000954,1,4,2305270002,고베규카츠 서면점
f_f000954,1,5,2305270003,유니클로 삼정 타워점
f_f000954,1,6,2305270004,미쏘 서면점
f_f000954,1,7,2305270005,레드 버튼 서면 2호점
f_f000954,1,8,2305270006,영화의 전당
f_f000954,1,9,2305270009,부산 서부버스터미널
f_f000954,1,10,2305270010,마산 시외버스터미널
f_f000954,1,11,2305270011,집
f_f000958,1,1,2305210001,친구 친지 집
f_f000958,1,2,2305210003,롯데월드 어드벤처 부산
f_f000958,1,3,2305210004,할리스 부산 송정 DI 점
f_f000958,1,4,2305210002,집
f_f000960,1,1,2306020001,집
f_f000960,1,2,2306020002,경기 광주 휴게소 원주 방향
f_f000960,1,3,2306020003,대관령 삼양 목장
f_f000960,1,4,2306020005,안목 해변
f_f000960,1,5,2306020004,강릉 중앙시장
f_f000960,1,6,2306020006,쏠비치 삼척
f_f000960,2,1,2306030001,추암 촛대바위
f_f000960,2,2,2306030002,도째비골해랑전망대
f_f000960,2,3,2306030003,도째비골스카이밸리
f_f000960,2,4,2306030004,무릉 계곡 관광지
f_f000960,2,5,2306030005,집
f_f000972,1,1,2305270001,집
f_f000972,1,2,2305270003,수빈이네 찜
f_f000972,1,3,2305270004,바다정원
f_f000972,1,4,2305270007,속초해수욕장
f_f000972,1,5,2305270005,영금정
f_f000972,1,6,2305270006,잠수부 횟집
f_f000972,1,7,2305270002,더 클래식 
f_f000972,2,1,2305280002,속초해수욕장
f_f000972,2,2,2305280003,인생 네 컷 속초해수욕장
f_f000972,2,3,2305280004,동명항생선숯불구이
f_f000972,2,4,2305280005,속초관광수산시장
f_f000972,2,5,2305280006,동루골막국수 2호점
f_f000972,2,6,2305280001,집
f_f000976,1,1,2305270001,집
f_f000976,1,2,2305270003,국립 해양 박물관
f_f000976,1,3,2305270004,스타벅스 영도 청학 DT점
f_f000976,1,4,2305270005,부평 깡통시장
f_f000976,1,5,2305270002,토요코인 호텔 부산중앙역점
f_f000976,2,1,2305280001,부산영화체험 박물관
f_f000976,2,2,2305280002,서진섭돼지국밥
f_f000976,2,3,2305280003,국제시장
f_f000976,2,4,2305280004,부산 근현대 역사관 별관
f_f000976,2,5,2305280005,집
f_f000995,1,1,2306030001,집
f_f000995,1,2,2306030002,평사휴게소 부산방향
f_f000995,1,3,2306030003,석굴암
f_f000995,1,4,2306030004,한신청실 맨션
f_f000995,1,5,2306030005,월정교
f_f000995,1,6,2306030007,더케이 호텔 경주
f_f000995,2,1,2306040001,황성공원 시계탑
f_f000995,2,2,2306040002,히어로 플레이파크 경주 본점
f_f000995,2,3,2306040003,집
f_f001000,1,1,2305280001,집
f_f001000,1,2,2305280002,여주 맛있는 휴게소 강릉방향
f_f001000,1,3,2305280003,내린천 휴게소 양양 방향
f_f001000,1,4,2305280004,라또래요
f_f001000,1,5,2305280005,속초해수욕장
f_f001000,1,6,2305280006,어반 스테이 속초 등대점
f_f001000,1,7,2305280007,황가네 찜
f_f001000,1,8,2305280008,영금정
f_f001000,1,9,2305280009,동명항
f_f001000,1,10,2305280010,어반 스테이 속초 등대점
f_f001000,2,1,2305290001,영랑 호수공원
f_f001000,2,2,2305290002,구구 집
f_f001000,2,3,2305290003,초당 커피 정미소 속초점
f_f001000,2,4,2305290004,속초관광수산시장
f_f001000,2,5,2305290005,팔팔 순댓국
f_f001000,2,6,2305290006,집
f_f001001,1,1,2305210001,집
f_f001001,1,2,2305210002,금왕 휴게소 주유소 제천 방향
f_f001001,1,3,2305210003,목석원
f_f001001,1,4,2305210005,안동호반자연휴양림
f_f001001,1,5,2305210004,안동 하회마을
f_f001001,1,6,2305210006,월영교
f_f001001,1,7,2305210007,안동호반자연휴양림
f_f001001,2,1,2305220001,중앙 찜닭
f_f001001,2,2,2305220002,월영당
f_f001001,2,3,2305220003,집
f_f001012,1,1,2305200001,집
f_f001012,1,2,2305200002,폴 바셋 부산 전포 DT점
f_f001012,1,3,2305200003,통도사
f_f001012,1,4,2305200004,뱀부 가든
f_f001012,1,5,2305200005,아미드 포레
f_f001012,1,6,2305200006,황산공원
f_f001012,1,7,2305200007,양산시 농수산물종합유통센터
f_f001012,1,8,2305200008,집
f_f001013,1,1,2305200001,집
f_f001013,1,2,2305200003,악양 독방
f_f001013,1,3,2305200004,카페 뜬
f_f001013,1,4,2305200005,함안 연꽃테마파크
f_f001013,1,5,2305200006,홀세일 마트 가야점
f_f001013,1,6,2305200002,강나루 오토캠핑장
f_f001013,2,1,2305210001,카페 새잎 달
f_f001013,2,2,2305210002,집
f_f001014,1,1,2305280001,숙소
f_f001014,1,2,2305280002,헬리녹스크리에이티브센터 부산
f_f001014,1,3,2305280003,해물나라 총각 집
f_f001014,1,4,2305280004,라발 그 호텔
f_f001014,2,1,2305290001,왔다 식당
f_f001014,2,2,2305290002,모모스 커피 영도 로스터리 앤 커피나
f_f001014,2,3,2305290003,영화공장
f_f001014,2,4,2305290004,상동 주공아파트
f_f001019,1,1,2305200001,집
f_f001019,1,2,2305200003,군파 클루지
f_f001019,1,3,2305200004,하우 리오 군파 크르지 점
f_f001019,1,4,2305200005,청도 소싸움 미디어 체험관
f_f001019,1,5,2305200002,집
f_f001024,1,1,2305200001,집
f_f001024,1,2,2305200012,횡성휴게소 강릉방향
f_f001024,1,3,2305200003,금천 칼국수
f_f001024,1,4,2305200004,오죽헌
f_f001024,1,5,2305200005,24프레임
f_f001024,1,6,2305200006,순두부 젤라또 2호점
f_f001024,1,7,2305200007,강문해변
f_f001024,1,8,2305200008,하이 오션 경포
f_f001024,1,9,2305200009,별내리는 산북
f_f001024,1,10,2305200010,강릉 중앙시장
f_f001024,1,11,2305200011,경포호
f_f001024,1,12,2305200002,하이 오션 경포
f_f001024,2,1,2305210001,장안 횟집
f_f001024,2,2,2305210002,주문진해변
f_f001024,2,3,2305210003,정동 심곡 바다부채길
f_f001024,2,4,2305210004,초당애
f_f001024,2,5,2305210005,경포해수욕장
f_f001024,2,6,2305210007,횡성휴게소 인천방향
f_f001024,2,7,2305210006,집
f_f001027,1,1,2305250001,집
f_f001027,1,2,2305250002,자작나무집(음식점)
f_f001027,1,3,2305250006,운대리 자작나무 숲
f_f001027,1,4,2305250007,가평휴게소 서울 방향
f_f001027,1,5,2305250005,집
f_f001028,1,1,2305270001,집
f_f001028,1,2,2305270002,수원역
f_f001028,1,3,2305270003,동대구역
f_f001028,1,4,2305270004,미호천
f_f001028,1,5,2305270005,대구 삼성 라이온즈 파크
f_f001028,1,6,2305270006,서문시장
f_f001028,1,7,2305270008,호텔 피에 드 수성
f_f001028,2,1,2305280004,수성못
f_f001028,2,2,2305280002,동대구역
f_f001028,2,3,2305280003,집
f_f001043,1,1,2305270001,집
f_f001043,1,2,2305270002,김포국제공항 국내선
f_f001043,1,3,2305270003,김해국제공항 국내선 청사
f_f001043,1,4,2305270005,루블로
f_f001043,1,5,2305270004,흰 여울 문화마을
f_f001043,1,6,2305270006,부평 깡통시장
f_f001043,1,7,2305270007,호텔 
f_f001043,1,8,2305270008,부산요트투어 3355마린
f_f001043,1,9,2305270009,호텔 
f_f001043,2,1,2305280001,밀란 더 마켓
f_f001043,2,2,2305280002,광안리해수욕장
f_f001043,2,3,2305280003,톤쇼우 광안점
f_f001043,2,4,2305280004,해운대해수욕장
f_f001043,2,5,2305280006,해운대 블루라인파크 미포 정거장
f_f001043,2,6,2305280007,맨션 11
f_f001043,2,7,2305280008,해운대 블루라인파크 청사포 정거장
f_f001043,2,8,2305280009,극동 돼지국밥
f_f001043,2,9,2305280010,티 앤 북스
f_f001043,2,10,2305280011,해운대 시외버스정류소
f_f001043,2,11,2305280005,집
f_f001058,1,1,2305200001,집
f_f001058,1,2,2305200003,부산역
f_f001058,1,3,2305200004,본전 돼지국밥
f_f001058,1,4,2305200005,흰 여울 문화마을
f_f001058,1,5,2305200006,더 해빙 커피
f_f001058,1,6,2305200007,중리 노을 전망대
f_f001058,1,7,2305200008,부산타워
f_f001058,1,8,2305200009,부평 깡통시장
f_f001058,1,9,2305200010,백화 양 곱창 11호
f_f001058,1,10,2305200002,놀 게스트하우스
f_f001058,2,1,2305210001,자갈치시장
f_f001058,2,2,2305210002,영커피 부산역 차이 나 타운 점
f_f001058,2,3,2305210003,신발원
f_f001058,2,4,2305210004,부산역
f_f001058,2,5,2305210005,집
f_f001061,1,1,2305230001,집
f_f001061,1,2,2305230003,남해 독일마을
f_f001061,1,3,2305230004,둔촌 갯벌체험장
f_f001061,1,4,2305230002,아르떼리조트
f_f001061,2,1,2305240001,고성공룡 박물관
f_f001061,2,2,2305240002,집
f_f001062,1,1,2305270001,집
f_f001062,1,2,2305270002,서가 앤 쿡 대구혁신도시점
f_f001062,1,3,2305270003,강변체육공원
f_f001062,1,4,2305270004,카페인 중독 포항 쌍서점
f_f001062,1,5,2305270005,더 세븐 호텔
f_f001062,2,1,2305280001,대구 지산초등학교
f_f001062,2,2,2305280002,집
f_f001066,1,1,2305200001,집
f_f001066,1,2,2305200003,비봉 전망타워
f_f001066,1,3,2305200004,한반도섬 전망대
f_f001066,1,4,2305200005,박수근미술관
f_f001066,1,5,2305200007,광치계곡
f_f001066,1,6,2305200002,광치자연휴양림
f_f001066,2,1,2305210002,양구 수목원
f_f001066,2,2,2305210003,카페 숲
f_f001066,2,3,2305210001,집
f_f001068,1,1,2305200001,친구 친지 집
f_f001068,1,2,2305200002,올림픽공원
f_f001068,1,3,2305200003,여행용품 빌리기
f_f001068,1,4,2305200004,여행용품 빌리기
f_f001068,1,5,2305200005,한화리조트 설악 쏘라노
f_f001068,1,6,2305200006,한화리조트 설악 쏘라노
f_f001068,2,1,2305210001,솔밭 가든 막국수
f_f001068,2,2,2305210002,속초관광수산시장
f_f001068,2,3,2305210003,봉포 해변
f_f001068,2,4,2305210004,소노펠리체 델피노 더엠브로시아
f_f001068,2,5,2305210005,설악워터피아
f_f001068,2,6,2305210006,88생선 구이
f_f001068,2,7,2305210007,집
f_f001070,1,1,2306030001,집
f_f001070,1,2,2306030002,항공 우주 박물관
f_f001070,1,3,2306030003,해주 옥 진주냉면
f_f001070,1,4,2306030004,골드리버 펜션
f_f001070,1,5,2306030005,상주은모래비치
f_f001070,1,6,2306030006,골드리버 펜션
f_f001070,2,1,2306040001,남해 마을 빵집 동동
f_f001070,2,2,2306040002,남해 양떼목장 양마르뜨언덕
f_f001070,2,3,2306040003,나비생태공원
f_f001070,2,4,2306040004,남해 향촌
f_f001070,2,5,2306040005,남해 독일마을
f_f001070,2,6,2306040006,집
f_f001071,1,1,2305200001,집
f_f001071,1,2,2305200002,친구의 밭
f_f001071,1,3,2305200003,용평 터널
f_f001071,1,4,2305200004,장미공원
f_f001071,1,5,2305200005,밀양 코아루 아파트
f_f001071,1,6,2305200006,밀양아리랑 대축제
f_f001071,1,7,2305200007,밀양강 둔치
f_f001071,1,8,2305200008,밀양 코아루 아파트
f_f001071,1,9,2305200009,집
f_f001073,1,1,2306040001,집
f_f001073,1,2,2306040002,지지고 포항 문덕점
f_f001073,1,3,2306040003,보물섬 횟집
f_f001073,1,4,2306040004,오도리 간이해수욕장
f_f001073,1,5,2306040005,집
f_f001077,1,1,2305290001,집
f_f001077,1,2,2305290002,홈플러스 삼척점
f_f001077,1,3,2305290003,양&분식
f_f001077,1,4,2305290004,죽서루
f_f001077,1,5,2305290005,집
f_f001078,1,1,2305200001,집
f_f001078,1,2,2305200013,대전복합터미널
f_f001078,1,3,2305200002,대전역
f_f001078,1,4,2305200003,부산역
f_f001078,1,5,2305200004,초량 국밥
f_f001078,1,6,2305200005,국립 해양 박물관
f_f001078,1,7,2305200006,태종대 전망대
f_f001078,1,8,2305200007,회만 판다 낙민점
f_f001078,1,9,2305200008,부산 침례교회
f_f001078,1,10,2305200009,마리안느 호텔
f_f001078,1,11,2305200010,해운대 모래축제
f_f001078,1,12,2305200011,해운대 전통시장
f_f001078,1,13,2305200012,마리안느 호텔
f_f001078,2,1,2305210001,해운대 모래축제
f_f001078,2,2,2305210002,마리안느 호텔
f_f001078,2,3,2305210003,개미집원 조직 영점
f_f001078,2,4,2305210004,보수동 책방 골목
f_f001078,2,5,2305210005,광복로 패션거리
f_f001078,2,6,2305210006,마루 팥빙수 단팥죽
f_f001078,2,7,2305210007,영동 밀면 영동 국밥
f_f001078,2,8,2305210008,부산역
f_f001078,2,9,2305210010,대전역
f_f001078,2,10,2305210011,대전복합터미널
f_f001078,2,11,2305210012,성남종합버스터미널 주차장
f_f001078,2,12,2305210009,집
f_f001080,1,1,2306060001,집
f_f001080,1,2,2306060003,광안리해수욕장
f_f001080,1,3,2306060004,부산요트투어 요트가 이
f_f001080,1,4,2306060005,풍운장 마린시티점
f_f001080,1,5,2306060006,옵스 남천 본점
f_f001080,1,6,2306060002,집
f_f001093,1,1,2306040001,집
f_f001093,1,2,2306040002,영산 휴게소 창원방향
f_f001093,1,3,2306040003,이순신공원
f_f001093,1,4,2306040004,이순신 꿀빵
f_f001093,1,5,2306040005,산양 농협 하나로마트
f_f001093,1,6,2306040006,영운 스테이 가든
f_f001093,1,7,2306040007,라라 애견 펜션
f_f001093,2,1,2306050001,통제영 거리 중앙 지하주차장 전기차 충전소
f_f001093,2,2,2306050002,동피랑 벽화마을
f_f001093,2,3,2306050003,집
f_f001098,1,1,2305280008,집
f_f001098,1,2,2305280001,하서주 미역
f_f001098,1,3,2305280002,카페 소돌엔
f_f001098,1,4,2305280003,아들바위공원
f_f001098,1,5,2305280004,아카이 샌드파인
f_f001098,1,6,2305280005,최 씨 장칼국수
f_f001098,1,7,2305280006,강릉 땅 커피콩 빵 안목 해변점
f_f001098,1,8,2305280009,아카이 샌드파인
f_f001098,2,1,2305290001,경포해수욕장
f_f001098,2,2,2305290003,하슬라아트월드
f_f001098,2,3,2305290002,아카이 샌드파인
f_f001098,2,4,2305290004,큰 기와집
f_f001098,2,5,2305290005,카페 프루스트
f_f001098,2,6,2305290006,모래시계공원
f_f001098,2,7,2305290007,강릉 솔 향 수목원
f_f001098,2,8,2305290008,순두부 젤라또 2호점
f_f001098,2,9,2305290009,집
f_f001100,1,1,2305270001,집
f_f001100,1,2,2305270002,군위휴게소
f_f001100,1,3,2305270003,등 계산 스카이워크
f_f001100,1,4,2305270004,평해 사구습지
f_f001100,1,5,2305270005,월송정
f_f001100,1,6,2305270006,왕피천 이게 대게
f_f001100,1,7,2305270007,민물고기연구센터 민물고기생태체험관
f_f001100,1,8,2305270008,울진엑스포공원 울진아쿠아리움
f_f001100,1,9,2305270009,울진 왕피천공원
f_f001100,1,10,2305270010,영덕 울진 축산농협 주유소
f_f001100,1,11,2305270011,바다의 왕자
f_f001100,2,1,2305280001,덕구 솔밭 옹심이 칼국수
f_f001100,2,2,2305280002,커피 루나
f_f001100,2,3,2305280003,집
f_f001104,1,1,2305230001,집
f_f001104,1,2,2305230002,안산복합휴게소 강릉방향
f_f001104,1,3,2305230003,문경휴게소 창원방향
f_f001104,1,4,2305230004,포항 식당
f_f001104,1,5,2305230005,스웰 서프
f_f001104,1,6,2305230006,이가리 닻 전망대
f_f001104,1,7,2305230007,사방기념공원
f_f001104,1,8,2305230008,포항 해상 스카이워크
f_f001104,1,9,2305230009,환호공원 스페이스 워크
f_f001104,1,10,2305230010,포항 황소곱창 2호점
f_f001104,1,11,2305230011,영일 대전 망대
f_f001104,1,12,2305230012,밸런타인 호텔
f_f001104,2,1,2305240001,상생의 손
f_f001104,2,2,2305240002,밸런타인 호텔
f_f001104,2,3,2305240013,영일대해수욕장
f_f001104,2,4,2305240004,대화 식당
f_f001104,2,5,2305240005,경주월드
f_f001104,2,6,2305240006,원조전통 떡갈비
f_f001104,2,7,2305240007,카페 아래 헌
f_f001104,2,8,2305240008,황련단길
f_f001104,2,9,2305240009,대릉원
f_f001104,2,10,2305240010,낙동강 구미 휴게소 상주방향
f_f001104,2,11,2305240011,하남 드림 휴게소
f_f001104,2,12,2305240012,친구 집
f_f001108,1,1,2305210001,집
f_f001108,1,2,2305210002,광주 휴게소
f_f001108,1,3,2305210004,면사무소 앞 안흥찐빵
f_f001108,1,4,2305210003,횡성 전통시장
f_f001108,1,5,2305210005,웰리힐리 파크 본관
f_f001108,1,6,2305210006,둔내 역한 우
f_f001108,1,7,2305210007,웰리힐리 파크 본관
f_f001108,2,1,2305220001,횡성 루지 체험장
f_f001108,2,2,2305220002,고네기 막국수
f_f001108,2,3,2305220003,집
f_f001109,1,1,2305270001,집
f_f001109,1,2,2305270002,경주 단골 식당
f_f001109,1,3,2305270003,김유신 장군묘 주차장
f_f001109,1,4,2305270004,황련단길
f_f001109,1,5,2305270005,첨성대
f_f001109,1,6,2305270006,대릉원 돌담길
f_f001109,1,7,2305270007,경주 시내
f_f001109,1,8,2305270008,황남동 고분군
f_f001109,1,9,2305270009,대릉원
f_f001109,1,10,2305270010,큰 마을 1길
f_f001109,2,1,2305280001,코오롱호텔 경주
f_f001109,2,2,2305280002,불국사
f_f001109,2,3,2305280003,송대말 등대 빛 체험 전시관
f_f001109,2,4,2305280004,경주 양남 주상절리
f_f001109,2,5,2305280005,집
f_f001114,1,1,2305270001,집
f_f001114,1,2,2305270002,쾌지나 칭칭
f_f001114,1,3,2305270003,무진장
f_f001114,1,4,2305270004,귀산 고개
f_f001114,1,5,2305270005,집
f_f001120,1,1,2305260001,집
f_f001120,1,2,2305260002,함안휴게소 순천방향
f_f001120,1,3,2305260003,배달 성전 삼성궁
f_f001120,1,4,2305260004,청운 식당
f_f001120,1,5,2305260006,온천호텔 사우나
f_f001120,2,1,2305270001,화개 장터
f_f001120,2,2,2305270002,동정호
f_f001120,2,3,2305270003,광평 레시피
f_f001120,2,4,2305270004,집
f_f001125,1,1,2305210001,친구 친지 집
f_f001125,1,2,2305210002,시락국 수
f_f001125,1,3,2305210003,도구해수욕장
f_f001125,1,4,2305210004,환여 횟집
f_f001125,1,5,2305210005,헤이안
f_f001125,1,6,2305210006,영일대 장 미원
f_f001125,1,7,2305210007,낙양동 명지아파트
f_f001129,1,1,2305270001,집
f_f001129,1,2,2305270002,수원 버스터미널
f_f001129,1,3,2305270003,문막휴게소 강릉방향
f_f001129,1,4,2305270004,강릉 시외버스터미널
f_f001129,1,5,2305270005,벌집
f_f001129,1,6,2305270006,강릉 중앙시장
f_f001129,1,7,2305270007,고래 책방
f_f001129,1,8,2305270008,송정해변
f_f001129,1,9,2305270009,노매드인 강릉
f_f001129,1,10,2305270010,송정해변
f_f001129,1,11,2305270011,노매드인 강릉
f_f001129,2,1,2305280001,롱 브레드 안목점
f_f001129,2,2,2305280002,강문해변
f_f001129,2,3,2305280004,강릉 중앙시장
f_f001129,2,4,2305280003,오죽헌
f_f001129,2,5,2305280005,강릉 시외버스터미널
f_f001129,2,6,2305280006,수원 버스터미널
f_f001129,2,7,2305280007,집
f_f001130,1,1,2305230001,집
f_f001130,1,2,2305230002,친구 집
f_f001130,1,3,2305230003,국제시장
f_f001130,1,4,2305230004,집
f_f001133,1,1,2305260001,집
f_f001133,1,2,2305260002,목향
f_f001133,1,3,2305260003,뮤지엄 산
f_f001133,1,4,2305260004,오늘
f_f001133,1,5,2305260005,원주롯데캐슬 더 퍼스트 2차 아파트
f_f001133,1,6,2305260006,브라운 도트 호텔
f_f001133,2,1,2305270001,석경사
f_f001133,2,2,2305270002,친척 댁 인사 방문
f_f001133,2,3,2305270003,집
f_f001136,1,1,2306050001,집
f_f001136,1,2,2306050002,망상 해변
f_f001136,1,3,2306050004,망상오토캠핑리조트
f_f001136,1,4,2306050005,묵호항 수산물 시장(용궁 수산)
f_f001136,1,5,2306050003,망상오토캠핑리조트
f_f001136,2,1,2306060002,동해 망상 해변 한옥촌
f_f001136,2,2,2306060004,하이원 추추 파크
f_f001136,2,3,2306060003,도째비골스카이밸리
f_f001136,2,4,2306060001,집
f_f001146,1,1,2305270001,집
f_f001146,1,2,2305270002,평창휴게소 강릉방향
f_f001146,1,3,2305270003,대동 면옥
f_f001146,1,4,2305270004,앤드 리스 웨이브
f_f001146,1,5,2305270005,주문진 라일플로리스 4차
f_f001146,1,6,2305270006,앤드 리스 웨이브
f_f001146,1,7,2305270007,양양
f_f001146,1,8,2305270008,주문진 라일플로리스 4차
f_f001146,2,1,2305280001,주문진 방사제
f_f001146,2,2,2305280002,휴휴암
f_f001146,2,3,2305280003,앤드 리스 웨이브
f_f001146,2,4,2305280004,등대횟집
f_f001146,2,5,2305280005,남애 스쿠버리조트
f_f001146,2,6,2305280006,주문진 라일플로리스 4차
f_f001146,2,7,2305280007,집
f_f001148,1,1,2306050001,집
f_f001148,1,2,2306050002,시댁
f_f001148,1,3,2306050003,구룡 자동차 야영장
f_f001148,2,1,2306060001,구룡사 및 치악산국립공원
f_f001148,2,2,2306060002,비룡 상회
f_f001148,2,3,2306060003,카페 브릭 24
f_f001148,2,4,2306060004,시댁
f_f001148,2,5,2306060005,집
f_f001150,1,1,2305270001,집
f_f001150,1,2,2305270002,아라가야 함안점
f_f001150,1,3,2305270003,더 이스트
f_f001150,1,4,2305270004,함안 말이 산 고분군
f_f001150,1,5,2305270005,홈리스 타코 경상대점
f_f001150,1,6,2305270006,물빛 나루쉼터
f_f001150,1,7,2305270007,호텔 케미
f_f001150,2,1,2305280001,낭낭 오리 진주점
f_f001150,2,2,2305280002,하우스 오브 금산
f_f001150,2,3,2305280003,집
f_f001153,1,1,2306030001,사무실
f_f001153,1,2,2306030002,적사부
f_f001153,1,3,2306030003,합천 농협 하나로마트
f_f001153,1,4,2306030005,합천머물당글램핑
f_f001153,2,1,2306040001,로 풀
f_f001153,2,2,2306040002,합천풀헤븐워터월드
f_f001153,2,3,2306040003,대곡 사계절 타운 아파트
f_f001154,1,1,2306030001,집
f_f001154,1,2,2306030002,커피퍽
f_f001154,1,3,2306030003,GS 더 프레시 모 브랜드
f_f001154,1,4,2306030004,자드락 카페
f_f001154,1,5,2306030006,본 밀크
f_f001154,1,6,2306030005,전 안정 본점
f_f001154,1,7,2306030007,바람흔적 글램핑 카라반
f_f001154,2,1,2306040001,합천영상테마파크
f_f001154,2,2,2306040002,육면
f_f001154,2,3,2306040003,논공 휴게소 대구방향
f_f001154,2,4,2306040004,집
f_f001162,1,1,2306230001,집
f_f001162,1,2,2306230002,힐튼 경주 수영장
f_f001162,1,3,2306230003,힐튼 경주 실크로드
f_f001162,1,4,2306230004,힐튼호텔 경주
f_f001162,2,1,2306240001,힐튼 경주 레이크사이드
f_f001162,2,2,2306240002,보문호
f_f001162,2,3,2306240003,아덴
f_f001162,2,4,2306240004,스타벅스 경주 보문점
f_f001162,2,5,2306240005,함양집 보불로점
f_f001162,2,6,2306240006,국립경주박물관
f_f001162,2,7,2306240007,집
f_f001165,1,1,2305270001,집
f_f001165,1,2,2305270002,GS25 진주 퀸즈 웰가 좀
f_f001165,1,3,2305270014,김해 금관 가야 휴게소 양방향
f_f001165,1,4,2305270003,옛기와
f_f001165,1,5,2305270004,해동용궁사
f_f001165,1,6,2305270005,스카이라인 루지 부산
f_f001165,1,7,2305270006,광안리해수욕장
f_f001165,1,8,2305270007,풍어 대패
f_f001165,1,9,2305270008,크라브텐
f_f001165,1,10,2305270012,호텔 아쿠아펠리스
f_f001165,2,1,2305280001,현가네 콩나물 해장국
f_f001165,2,2,2305280003,국립 해양 박물관
f_f001165,2,3,2305280002,카페 385
f_f001165,2,4,2305280005,용용 선생
f_f001165,2,5,2305280004,집
f_f001182,1,1,2306050001,집
f_f001182,1,2,2306050002,망상 한 옥 타운
f_f001182,1,3,2306050003,동해보양온천 컨벤션호텔
f_f001182,1,4,2306050004,빵명장 망상해수욕장점
f_f001182,1,5,2306050005,동해보양온천 컨벤션호텔
f_f001182,2,1,2306060001,더 좋은 날
f_f001182,2,2,2306060002,집
f_f001188,1,1,2306050001,집
f_f001188,1,2,2306050002,서울역
f_f001188,1,3,2306050003,제주
f_f001188,1,4,2306050004,이디야커피 정동진역점
f_f001188,1,5,2306050005,탑스 테인 리스강 호텔
f_f001188,1,6,2306050006,탑스 테인 리스강 호텔 포세이돈
f_f001188,1,7,2306050007,탑스 테인 리스강 호텔
f_f001188,2,1,2306060001,탑스 테인 리스강 호텔 금진온천
f_f001188,2,2,2306060002,탑스 테인 리스강 호텔 스카이라운지
f_f001188,2,3,2306060003,정동진역 주식 포차
f_f001188,2,4,2306060004,집
f_f001196,1,1,2305280001,친구 친지 집
f_f001196,1,2,2305280002,탑골 가든 본점
f_f001196,1,3,2305280003,강촌레일파크 김유정역
f_f001196,1,4,2305280004,김유정역 (폐역)
f_f001196,1,5,2305280005,남이섬 봄 펜션
f_f001196,2,1,2305290001,자라섬 꽃 페스타
f_f001196,2,2,2305290002,화도 수산
f_f001196,2,3,2305290003,친구 집
f_f001202,1,1,2305220001,집
f_f001202,1,2,2305220002,가평휴게소 춘천방향
f_f001202,1,3,2305220003,속초해수욕장
f_f001202,1,4,2305220004,진미 동치미 메밀막국수
f_f001202,1,5,2305220005,속초관광수산시장
f_f001202,1,6,2305220006,선라이즈 호텔
f_f001202,2,1,2305230001,원조 강릉고동반점 본점
f_f001202,2,2,2305230002,초당 커피 정미소
f_f001202,2,3,2305230003,메종 고니
f_f001202,2,4,2305230004,안목해변
f_f001202,2,5,2305230005,인구해변
f_f001202,2,6,2305230006,집
f_f001205,1,1,2306030001,집
f_f001205,1,2,2306030002,서울고속버스터미널(경부)
f_f001205,1,3,2306030004,낙동강의성휴게소 영천방향
f_f001205,1,4,2306030005,포항 고속버스터미널
f_f001205,1,5,2306030006,장기 식당
f_f001205,1,6,2306030007,구룡포 일본인 가옥거리
f_f001205,1,7,2306030008,죽도 시장
f_f001205,1,8,2306030009,뉴 영보 벤처타운
f_f001205,1,9,2306030010,영일고
f_f001205,1,10,2306030003,숙소
f_f001205,2,1,2306040002,영일대해수욕장
f_f001205,2,2,2306040003,마라도 회 식당
f_f001205,2,3,2306040004,환호공원 스페이스 워크
f_f001205,2,4,2306040005,포항역
f_f001205,2,5,2306040006,서울역
f_f001205,2,6,2306040001,집
f_f001208,1,1,2306090001,집
f_f001208,1,2,2306090002,면옥 향천
f_f001208,1,3,2306090003,신세계백화점 센텀시티점
f_f001208,1,4,2306090004,한화리조트 해운대
f_f001208,1,5,2306090005,더베이 11
f_f001208,1,6,2306090006,한화리조트 해운대
f_f001208,2,1,2306100001,이케아 동부산점
f_f001208,2,2,2306100002,국립부산과학관
f_f001208,2,3,2306100003,신세계 프리미엄 아웃렛 부산
f_f001208,2,4,2306100004,집
f_f001212,1,1,2306040001,집
f_f001212,1,2,2306040002,과자의 성
f_f001212,1,3,2306040003,콩서리
f_f001212,1,4,2306040006,속초관광수산시장
f_f001212,1,5,2306040004,속초농협 엑스포지점
f_f001212,1,6,2306040005,체스터 톤스 속초
f_f001212,1,7,2306040007,엄지네 포장마차 속초점
f_f001212,1,8,2306040008,체스터 톤스 속초
f_f001212,2,1,2306050001,초당 커피 정미소 속초점
f_f001212,2,2,2306050002,해피 초원 목장
f_f001212,2,3,2306050003,장호 더 그릴
f_f001212,2,4,2306050004,집
f_f001216,1,1,2305260001,집
f_f001216,1,2,2305260005,유곡 면민 체육공원 야영장
f_f001216,2,1,2305270002,수암사
f_f001216,2,2,2305270003,의병 박물관
f_f001216,2,3,2305270004,진영복합휴게소 부산방향
f_f001216,2,4,2305270001,집
f_f001217,1,1,2305270001,집
f_f001217,1,2,2305270002,아레마
f_f001217,1,3,2305270003,이케아 동부산점
f_f001217,1,4,2305270004,하이디라오 부산역점
f_f001217,1,5,2305270005,친구 집
f_f001217,1,6,2305270006,브라운 도트 호텔 부산진역점
f_f001217,2,1,2305280001,밀양가산돼지국밥
f_f001217,2,2,2305280002,부산 시민회관
f_f001217,2,3,2305280003,집
f_f001219,1,1,2305210001,집
f_f001219,1,2,2305210002,경주 대릉원 일원 노서동 고분군
f_f001219,1,3,2305210003,로스터리 동경
f_f001219,1,4,2305210004,황리화덕가
f_f001219,1,5,2305210005,아덴 2호점
f_f001219,1,6,2305210006,경주역사유적지구
f_f001219,1,7,2305210007,집
f_f001232,1,1,2305210001,집
f_f001232,1,2,2305210002,리케
f_f001232,1,3,2305210003,노래방
f_f001232,1,4,2305210004,핑크 캠핑
f_f001232,1,5,2305210005,집
f_f001235,1,1,2305210001,집
f_f001235,1,2,2305210004,중앙 찜닭
f_f001235,1,3,2305210002,청주 시외버스터미널
f_f001235,1,4,2305210003,안동터미널
f_f001235,1,5,2305210005,헬로
f_f001235,1,6,2305210006,안동 하회마을
f_f001235,1,7,2305210007,부용대
f_f001235,1,8,2305210008,낙강 물길 공원
f_f001235,1,9,2305210009,월영교
f_f001235,1,10,2305210010,부산 막창
f_f001235,1,11,2305210011,헬로
f_f001235,2,1,2305220001,서울 토종 순댓국
f_f001235,2,2,2305220002,오감
f_f001235,2,3,2305220003,벌투 인더스트리얼 안동 남문로 점
f_f001235,2,4,2305220004,매머드 베이커리
f_f001235,2,5,2305220005,안동터미널
f_f001235,2,6,2305220006,청주 살창 정류장
f_f001235,2,7,2305220007,집
f_f001238,1,1,2305270001,집
f_f001238,1,2,2305270002,뉴 남해 멸치쌈밥
f_f001238,1,3,2305270003,1박2일 남해펜션
f_f001238,1,4,2305270004,남해 독일마을
f_f001238,1,5,2305270006,1박2일 남해펜션
f_f001238,2,1,2305280001,남해 미국마을
f_f001238,2,2,2305280002,다랭이마을
f_f001238,2,3,2305280003,남해대교
f_f001238,2,4,2305280004,예전 식당
f_f001238,2,5,2305280005,집
f_f001240,1,1,2306050001,집
f_f001240,1,2,2306050002,오어사
f_f001240,1,3,2306050003,임곡 횟집
f_f001240,1,4,2306050004,연오랑세오녀 테마공원
f_f001240,1,5,2306050005,흥한 간이 해수욕장
f_f001240,1,6,2306050006,새천년기념관 주차장
f_f001240,1,7,2306050007,구룡포 일본인 가옥거리
f_f001240,1,8,2306050008,집
f_f001244,1,1,2306060001,집
f_f001244,1,2,2306060003,환호공원 스페이스 워크
f_f001244,1,3,2306060004,호미곶
f_f001244,1,4,2306060005,송대말 등대
f_f001244,1,5,2306060006,전촌항 사룡굴
f_f001244,1,6,2306060007,소노벨 경주
f_f001244,1,7,2306060008,동궁과 월지
f_f001244,1,8,2306060002,소노벨 경주
f_f001244,2,1,2306070002,맷돌순두부
f_f001244,2,2,2306070003,황련단길
f_f001244,2,3,2306070004,불국사
f_f001244,2,4,2306070005,낙동강 구미 휴게소 상주방향
f_f001244,2,5,2306070001,집
f_f001251,1,1,2306100001,집
f_f001251,1,2,2306100002,함안문화 예술 회관
f_f001251,1,3,2306100003,함안박물관
f_f001251,1,4,2306100006,말이 산 고분전시관
f_f001251,1,5,2306100005,황포 냉면
f_f001251,1,6,2306100004,스텔라 떡볶이 경남 함안점
f_f001251,1,7,2306100007,집
f_f001257,1,1,2306020001,집
f_f001257,1,2,2306020003,진주 시외버스터미널
f_f001257,1,3,2306020004,부산 서부버스터미널
f_f001257,1,4,2306020005,니뽕내뽕 아트 몰링 하단점
f_f001257,1,5,2306020006,부산 현대미술관
f_f001257,1,6,2306020007,을숙도 철새공원
f_f001257,1,7,2306020008,심플리파이
f_f001257,1,8,2306020009,광안리해수욕장
f_f001257,1,9,2306020010,서면 개금밀면
f_f001257,1,10,2306020002,라이언 호텔
f_f001257,2,1,2306030001,비트 포비아 서면 던전점
f_f001257,2,2,2306030003,라이언 호텔
f_f001257,2,3,2306030004,알라딘 중고서점 부산 서면점
f_f001257,2,4,2306030005,오브젝트 에디트
f_f001257,2,5,2306030006,스타벅스 서면서 전로점
f_f001257,2,6,2306030007,저스트 단동 전리단길 좀
f_f001257,2,7,2306030008,부산 시민공원
f_f001257,2,8,2306030009,부산 서부버스터미널
f_f001257,2,9,2306030010,진주 시외버스터미널
f_f001257,2,10,2306030011,김밥천국 진주 1호점
f_f001257,2,11,2306030002,집
f_f001258,1,1,2305270001,집
f_f001258,1,2,2305270002,진영휴게소 순천방향
f_f001258,1,3,2305270003,악양 생태공원
f_f001258,1,4,2305270004,무진장
f_f001258,1,5,2305270005,미남역 부산 4호선
f_f001259,1,1,2305270001,집
f_f001259,1,2,2305270003,MCY PARK
f_f001259,1,3,2305270004,맥도날드 경주 보문 DT 점
f_f001259,1,4,2305270005,안녕 경주야
f_f001259,1,5,2305270006,카페 아래 헌
f_f001259,1,6,2305270007,경주 보문관광단지
f_f001259,1,7,2305270002,집
f_f001262,1,1,2305240001,집
f_f001262,1,2,2305240003,시티세븐 몰
f_f001262,1,3,2305240004,창원 가로수길 오핸즈하우스 카페
f_f001262,1,4,2305240005,롯데백화점
f_f001262,1,5,2305240006,스시 타로
f_f001262,1,6,2305240002,집
f_f001264,1,1,2306020001,집
f_f001264,1,2,2306020002,광명역
f_f001264,1,3,2306020003,자갈치시장
f_f001264,1,4,2306020004,남항 유람선 선착장
f_f001264,1,5,2306020005,코오롱 씨클라우드호텔
f_f001264,1,6,2306020006,해운대 암소 갈빗집
f_f001264,1,7,2306020008,해운대해수욕장
f_f001264,1,8,2306020007,코오롱 씨클라우드호텔
f_f001264,2,1,2306030001,극동 돼지국밥
f_f001264,2,2,2306030002,아홉 살 숲
f_f001264,2,3,2306030003,신발원
f_f001264,2,4,2306030004,삼진 어묵 부산역 광장점
f_f001264,2,5,2306030006,광명역
f_f001264,2,6,2306030005,집
f_f001271,1,1,2305270001,집
f_f001271,1,2,2305270002,광명역
f_f001271,1,3,2305270003,부산역
f_f001271,1,4,2305270004,광안리해수욕장
f_f001271,1,5,2305270005,광안역 부산 2호선
f_f001271,1,6,2305270006,e 편한 세상 부산항 오피스텔
f_f001271,2,1,2305280001,초량 밀면
f_f001271,2,2,2305280002,오브젝트 에디트
f_f001271,2,3,2305280003,연의 양과
f_f001271,2,4,2305280004,싱싱 샐러드 서면점
f_f001271,2,5,2305280005,부산역
f_f001271,2,6,2305280007,광명역
f_f001271,2,7,2305280006,집
f_f001272,1,1,2305290001,집
f_f001272,1,2,2305290002,롯데 프리미엄 아웃렛 김해점
f_f001272,1,3,2305290003,루브 테라피
f_f001272,1,4,2305290004,홍철 책 빵 김해점
f_f001272,1,5,2305290005,초정 본점
f_f001272,1,6,2305290006,집
f_f001276,1,1,2305260001,집
f_f001276,1,2,2305260002,월아산 자연휴양림
f_f001276,2,1,2305270001,월아산 자연휴양림 숲속 어린이 도서관
f_f001276,2,2,2305270002,월아산 자연휴양림 산림레포츠
f_f001276,2,3,2305270003,월아산 숲속의 진주
f_f001276,2,4,2305270004,월아산 자연휴양림 산림레포츠
f_f001276,2,5,2305270006,라브리애
f_f001276,2,6,2305270005,황금 농원 전통찻집 다정원
f_f001276,2,7,2305270008,진영복합휴게소 부산방향
f_f001276,2,8,2305270007,집
f_f001281,1,1,2305250001,집
f_f001281,1,2,2305250002,법기 수원지
f_f001281,1,3,2305250003,리즈갤러리
f_f001281,1,4,2305250004,대운산 생태숲
f_f001281,1,5,2305250007,프라이빗 1754
f_f001281,2,1,2305260001,느티나무의 사랑
f_f001281,2,2,2305260002,집
f_f001287,1,1,2305290001,집
f_f001287,1,2,2305290002,화본역
f_f001287,1,3,2305290003,엄마 아빠 어렸을 적에
f_f001287,1,4,2305290004,카페 우즈
f_f001287,1,5,2305290005,집
f_f001292,1,1,2305260001,집
f_f001292,1,2,2305260002,울산 전하푸르지오 아파트
f_f001292,2,1,2305270003,함안상순천휴게소
f_f001292,2,2,2305270001,223 하동 세계 차 엑스포 제1행사장
f_f001292,2,3,2305270002,함안 낙화놀이
f_f001292,2,4,2305270004,울산 전하푸르지오 아파트
f_f001299,1,1,2306040001,집
f_f001299,1,2,2306040002,라파엘 펜션 글램핑
f_f001299,1,3,2306040003,당항포 둘레길
f_f001299,1,4,2306040005,라파엘 펜션 글램핑
f_f001299,2,1,2306050001,집
f_f001312,1,1,2305280001,집
f_f001312,1,2,2305280003,음성휴게소 주유소 하남방향
f_f001312,1,3,2305280004,참소리축음기 박물관
f_f001312,1,4,2305280006,중앙시장 제3공영주차장
f_f001312,1,5,2305280005,연곡 꾹저구탕
f_f001312,1,6,2305280007,엄지네 포장마차 본점
f_f001312,1,7,2305280008,강릉농협 하나로마트 강동점
f_f001312,1,8,2305280009,정동진 해변
f_f001312,1,9,2305280010,정동진 시간 박물관
f_f001312,1,10,2305280002,한국 여성수련원
f_f001312,2,1,2305290001,무릉 별유천지
f_f001312,2,2,2305290002,잇츠 돈
f_f001312,2,3,2305290003,촛대바위
f_f001312,2,4,2305290004,대흥 식육점 및 우가네
f_f001312,2,5,2305290005,집
f_f001315,1,1,2306060001,집
f_f001315,1,2,2306060002,선비 꼬마김밥 성서점
f_f001315,1,3,2306060003,건천휴게소 부산방향
f_f001315,1,4,2306060004,스타트 커피
f_f001315,1,5,2306060005,나정고운모래해변
f_f001315,1,6,2306060006,옥이 밥상
f_f001315,1,7,2306060007,경북 천년숲정원
f_f001315,1,8,2306060008,경상북도 산림환경연구원
f_f001315,1,9,2306060009,브로스 커피
f_f001315,1,10,2306060010,집
f_f001319,1,1,2305280001,집
f_f001319,1,2,2305280003,레고랜드 코리아리조트
f_f001319,1,3,2305280002,ORA 춘천베어스호텔
f_f001319,2,1,2305290001,남이섬
f_f001319,2,2,2305290002,집
f_f001331,1,1,2305270001,집
f_f001331,1,2,2305270002,응교 태화산 농장
f_f001331,1,3,2305270003,영월 서부시장
f_f001331,1,4,2305270004,롯데슈퍼 프레시 영월점
f_f001331,1,5,2305270005,에어비앤비 예약 숙소
f_f001331,2,1,2305280002,부뚜막 초계국수
f_f001331,2,2,2305280004,한반도 뗏목마을
f_f001331,2,3,2305280003,영월 서부시장
f_f001331,2,4,2305280005,영월 관광센터
f_f001331,2,5,2305280006,태화산 고씨동굴
f_f001331,2,6,2305280007,상록수 횟집
f_f001331,2,7,2305280008,부모님댁
f_f001331,2,8,2305280009,부모님댁 2
f_f001331,2,9,2305280001,집
f_f001333,1,1,2305290001,집
f_f001333,1,2,2305290002,양평휴게소 원주방향
f_f001333,1,3,2305290007,대관령 양떼목장
f_f001333,1,4,2305290003,강릉 불고기 초당점
f_f001333,1,5,2305290004,경포호
f_f001333,1,6,2305290005,미르 마르
f_f001333,1,7,2305290006,순두부 젤라또
f_f001333,1,8,2305290008,CU 주문진 등대점
f_f001333,1,9,2305290009,최대가 본점
f_f001333,1,10,2305290010,소돌해변
f_f001333,1,11,2305290011,스테이휴
f_f001333,2,1,2305300001,주문진해변
f_f001333,2,2,2305300002,주문진 방사제
f_f001333,2,3,2305300003,형제 칼국수
f_f001333,2,4,2305300004,강릉 중앙시장
f_f001333,2,5,2305300005,집
f_f001350,1,1,2305280001,집
f_f001350,1,2,2305280002,가평휴게소 춘천방향
f_f001350,1,3,2305280003,곰배령
f_f001350,1,4,2305280005,비코
f_f001350,1,5,2305280004,나투라 평창
f_f001350,1,6,2305280006,켄싱턴리조트 설악비치
f_f001350,1,7,2305280007,토성농협 하나로마트 본점
f_f001350,1,8,2305280008,켄싱턴리조트 설악 밸리
f_f001350,2,1,2305290001,운대리 자작나무 숲
f_f001350,2,2,2305290003,가평휴게소 서울방향
f_f001350,2,3,2305290002,자작자작 식당
f_f001350,2,4,2305290004,집
f_f001355,1,1,2305270001,집
f_f001355,1,2,2305270002,동대구역
f_f001355,1,3,2305270003,포항역
f_f001355,1,4,2305270004,중앙상가
f_f001355,1,5,2305270005,죽도 시장
f_f001355,1,6,2305270006,스위밍
f_f001355,1,7,2305270007,형산강
f_f001355,1,8,2305270008,브라운 도트 호텔 포항 죽도점
f_f001355,2,1,2305280001,고미 곰탕
f_f001355,2,2,2305280002,호미곶
f_f001355,2,3,2305280003,오프
f_f001355,2,4,2305280005,포항역
f_f001355,2,5,2305280006,동대구역
f_f001355,2,6,2305280004,집
f_f001357,1,1,2305280001,집
f_f001357,1,2,2305280002,강릉역
f_f001357,1,3,2305280003,라스 텔리나
f_f001357,1,4,2305280004,동부 감자옹심이
f_f001357,1,5,2305280005,스므 로스터리
f_f001357,1,6,2305280006,한낮의 바다
f_f001357,1,7,2305280007,도어즈
f_f001357,1,8,2305280008,이 진리
f_f001357,1,9,2305280009,게스트하우스 다온
f_f001357,1,10,2305280010,수줍은 과자점
f_f001357,1,11,2305280012,버드나무 브루어리
f_f001357,1,12,2305280011,안목 해변
f_f001357,1,13,2305280013,게스트하우스 다온
f_f001357,2,1,2305290001,펌킨 오울
f_f001357,2,2,2305290002,강릉역
f_f001357,2,3,2305290003,이스트
f_f001357,2,4,2305290004,커피 내리는 버스정류장 본점
f_f001357,2,5,2305290005,오죽헌
f_f001357,2,6,2305290006,경포가 지연 습지
f_f001357,2,7,2305290007,갤러리 밥스
f_f001357,2,8,2305290008,허균 허난설헌 기념관
f_f001357,2,9,2305290009,유리알 유희
f_f001357,2,10,2305290010,강문해변
f_f001357,2,11,2305290011,장군시오야끼 포남점
f_f001357,2,12,2305290012,강릉역
f_f001357,2,13,2305290013,로스터리 서클
f_f001357,2,14,2305290014,집
f_f001358,1,1,2305270001,집
f_f001358,1,2,2305270003,난달
f_f001358,1,3,2305270004,카페 아라
f_f001358,1,4,2305270006,국립 달음산 자연휴양림
f_f001358,2,1,2305280001,정관 박물관
f_f001358,2,2,2305280002,왓더 버거 정관 직영점
f_f001358,2,3,2305280003,집
f_f001359,1,1,2305280001,집
f_f001359,1,2,2305280003,대전역
f_f001359,1,3,2305280004,동대구역
f_f001359,1,4,2305280005,약목역
f_f001359,1,5,2305280006,축협마트
f_f001359,1,6,2305280007,카페 아델
f_f001359,1,7,2305280002,별빛 민박
f_f001359,2,1,2305290001,집
f_f001368,1,1,2305270001,집
f_f001368,1,2,2305270002,동서울 종합터미널
f_f001368,1,3,2305270003,가평휴게소 춘천방향
f_f001368,1,4,2305270004,속초 시외버스터미널
f_f001368,1,5,2305270005,더뷰 펜션
f_f001368,1,6,2305270006,속초관광수산시장
f_f001368,1,7,2305270007,속초농협 하나로마트 중앙시장점
f_f001368,1,8,2305270008,더뷰 펜션
f_f001368,1,9,2305270009,CU 속초 청호점
f_f001368,1,10,2305270010,더뷰 펜션
f_f001368,2,1,2305280001,속초 고속버스터미널
f_f001368,2,2,2305280002,속초와 짜니
f_f001368,2,3,2305280003,정든 식당
f_f001368,2,4,2305280004,세렝게티 커피
f_f001368,2,5,2305280005,인생 네컷 속초 중앙시장점
f_f001368,2,6,2305280006,속초해수욕장
f_f001368,2,7,2305280007,보사노바 커피 로프터스 속초점
f_f001368,2,8,2305280008,롯데리아 속초 터미널점
f_f001368,2,9,2305280009,속초 고속버스터미널
f_f001368,2,10,2305280010,서울고속버스터미널(경부)
f_f001368,2,11,2305280011,집
f_f001369,1,1,2305280001,집
f_f001369,1,2,2305280002,차이 797 플러스 신세계 김해점
f_f001369,1,3,2305280003,뽀로로 빌리지 김해점
f_f001369,1,4,2305280004,신세계백화점 김해점
f_f001369,1,5,2305280005,블로섬
f_f001369,1,6,2305280006,김해대로 2541번길
f_f001369,1,7,2305280007,집
f_f001370,1,1,2306050001,집
f_f001370,1,2,2306050002,방일 해장국 마석점
f_f001370,1,3,2306050003,블루스톤
f_f001370,1,4,2306050004,알파카 월드
f_f001370,1,5,2306050005,구성 주유소
f_f001370,1,6,2306050006,친구네 집
f_f001370,2,1,2306060002,홍천 제일 숯불닭갈비
f_f001370,2,2,2306060003,카페 문리
f_f001370,2,3,2306060001,집
f_f001372,1,1,2305280001,집
f_f001372,1,2,2305280002,섬진강 휴게소
f_f001372,1,3,2305280003,해운대 가야 밀면
f_f001372,1,4,2305280004,파라다이스호텔 부산
f_f001372,1,5,2305280005,한우리가 해운대점
f_f001372,1,6,2305280006,해운대해수욕장
f_f001372,1,7,2305280007,파라다이스호텔 부산 오션스파 씨메르 야외수영장
f_f001372,1,8,2305280008,파라다이스호텔 부산
f_f001372,2,1,2305290001,파라다이스호텔 부산
f_f001372,2,2,2305290002,주암휴게소 천안방향
f_f001372,2,3,2305290003,집
f_f001373,1,1,2305270001,집
f_f001373,1,2,2305270002,진영 옥수수 찐빵
f_f001373,1,3,2305270003,부산 시립미술관
f_f001373,1,4,2305270004,온천 삼정 그린 코아 더 베스트 아파트
f_f001373,1,5,2305270005,장인 장모님 집
f_f001373,2,1,2305280001,죽성 드림 커피
f_f001373,2,2,2305280002,죽성 드림세트장
f_f001373,2,3,2305280003,롯데 프리미엄 아웃렛 동부산점
f_f001373,2,4,2305280004,어느 멋진 날
f_f001373,2,5,2305280005,장인 장모님 댁
f_f001373,2,6,2305280006,집
f_f001374,1,1,2305260001,집
f_f001374,1,2,2305260003,소금산 그랜드밸리
f_f001374,1,3,2305260006,오크밸리리조트 스키 콘도 D
f_f001374,1,4,2305260005,원주 하이볼 축제
f_f001374,1,5,2305260008,소나타와 브라이트
f_f001374,1,6,2305260007,오크밸리리조트 스키 콘도 D
f_f001374,2,1,2305270001,뮤지엄 산
f_f001374,2,2,2305270002,월송 가약
f_f001374,2,3,2305270003,집
f_f001381,1,1,2305280001,집
f_f001381,1,2,2305280002,거창휴게소 광주방향
f_f001381,1,3,2305280003,삼성궁
f_f001381,1,4,2305280005,섬진강 호텔
f_f001381,1,5,2305280004,하동 지리산 흑돼지
f_f001381,1,6,2305280006,카페 포레
f_f001381,1,7,2305280007,섬진강 호텔
f_f001381,2,1,2305290001,최참판댁
f_f001381,2,2,2305290002,옥화 주막
f_f001381,2,3,2305290003,화개 장터
f_f001381,2,4,2305290004,223 하동 세계 차 엑스포 제2행사장
f_f001381,2,5,2305290005,큰맘 할미 순댓국 대곡점
f_f001381,2,6,2305290006,집
f_f001393,1,1,2305280001,집
f_f001393,1,2,2305280002,청량리역
f_f001393,1,3,2305280003,강릉역
f_f001393,1,4,2305280004,강릉역옹막
f_f001393,1,5,2305280005,주문진 버스종합터미널
f_f001393,1,6,2305280006,죽도해변
f_f001393,1,7,2305280007,솔티 캐빈
f_f001393,1,8,2305280008,이스트사이드
f_f001393,1,9,2305280009,리빙
f_f001393,1,10,2305280010,이스트사이드
f_f001393,1,11,2305280011,인구 시외버스정류장
f_f001393,1,12,2305280012,강릉 시외버스터미널
f_f001393,1,13,2305280013,강릉역
f_f001393,1,14,2305280014,상봉역
f_f001393,1,15,2305280015,집
f_f001399,1,1,2305260001,집
f_f001399,1,2,2305260003,국립경주박물관
f_f001399,1,3,2305260004,별자리 캠핑 랜드
f_f001399,1,4,2305260005,황련단길
f_f001399,1,5,2305260007,동궁과 월지
f_f001399,1,6,2305260006,소향몽
f_f001399,1,7,2305260009,별자리 캠핑 랜드
f_f001399,2,1,2305270002,경주엑스포 대공원
f_f001399,2,2,2305270003,트레이더스 홀세일 클럽 양산점
f_f001399,2,3,2305270001,집
f_f001405,1,1,2305280001,집
f_f001405,1,2,2305280002,감나무 식당
f_f001405,1,3,2305280004,속초관광수산시장
f_f001405,1,4,2305280003,다이내믹 메이즈 강원도 속초점
f_f001405,1,5,2305280005,오션 투 유리조트 속초 설악비치 호텔 앤 콘도
f_f001405,2,1,2305290001,영랑호
f_f001405,2,2,2305290002,동춘관
f_f001405,2,3,2305290003,집
f_f001418,1,1,2305230001,친구 친지 집
f_f001418,1,2,2305230002,지족리 해
f_f001418,2,1,2305240001,남해 독일마을
f_f001418,2,2,2305240002,힙한 식
f_f001418,2,3,2305240003,상주은모래비치
f_f001418,2,4,2305240004,다랭이마을
f_f001418,2,5,2305240005,고운동 커피
f_f001418,2,6,2305240006,오시다 남해
f_f001418,2,7,2305240007,덕진 왈츠 2차 아파트
f_f001419,1,1,2305270001,집
f_f001419,1,2,2305270002,서울역
f_f001419,1,3,2305270003,부산역
f_f001419,1,4,2305270004,태종대유원지
f_f001419,1,5,2305270005,동방 밀면
f_f001419,1,6,2305270006,영도대교
f_f001419,1,7,2305270007,국제시장
f_f001419,1,8,2305270008,송도 해상 케이블카 송도 베이 스테이션
f_f001419,1,9,2305270009,동양카츠
f_f001419,1,10,2305270010,덴다 스타 호텔 화명점
f_f001419,2,1,2305280001,해운대해수욕장
f_f001419,2,2,2305280002,마 그 빈 베이커리 카페 해운대 달맞이점
f_f001419,2,3,2305280003,재한유엔기념공원
f_f001419,2,4,2305280004,18번 완당집
f_f001419,2,5,2305280005,용두산공원
f_f001419,2,6,2305280006,초량이 바꾸길
f_f001419,2,7,2305280007,신발원
f_f001419,2,8,2305280008,삼진어묵 부산역 광장점
f_f001419,2,9,2305280009,부산역
f_f001419,2,10,2305280011,서울역
f_f001419,2,11,2305280010,용산 데시앙 포레 아파트
f_f001423,1,1,2306010001,집
f_f001423,1,2,2306010003,뮤지엄 산
f_f001423,1,3,2306010005,원주 김치만두
f_f001423,1,4,2306010004,집코드 대원
f_f001423,1,5,2306010002,어린이집
f_f001427,1,1,2305280001,집
f_f001427,1,2,2305280003,칠곡 공예테마공원
f_f001427,1,3,2305280004,하하 농장
f_f001427,1,4,2305280005,팔공 축산 대천점
f_f001427,1,5,2305280002,집
f_f001433,1,1,2306050001,집
f_f001433,1,2,2306050003,제일 콩국
f_f001433,1,3,2306050004,밀양강
f_f001433,1,4,2306050002,밀양 코아루 아파트
f_f001433,2,1,2306060002,칠곡휴게소 서울방향
f_f001433,2,2,2306060001,집
f_f001444,1,1,2305260001,집
f_f001444,1,2,2305260002,문막휴게소 강릉방향
f_f001444,1,3,2305260003,피닉스 평창
f_f001444,2,1,2305270001,몽블랑
f_f001444,2,2,2305270002,평창 루지 랜드
f_f001444,2,3,2305270003,피닉스 평창 스키하우스 라운지
f_f001444,2,4,2305270004,피닉스 평창 블루캐니언
f_f001444,2,5,2305270005,용인휴게소 서창방향
f_f001444,2,6,2305270006,집
f_f001457,1,1,2305250001,집
f_f001457,1,2,2305250003,홍천휴게소 양양방향
f_f001457,1,3,2305250004,강릉 동화 가든 짬뽕 순두부 속초점 주차장
f_f001457,1,4,2305250005,델피노 오션 플레이
f_f001457,1,5,2305250006,속초종합 중앙시장 주차장
f_f001457,1,6,2305250002,소논문 델피노
f_f001457,2,1,2305260001,소노캄 델피노
f_f001457,2,2,2305260002,아야진해수욕장
f_f001457,2,3,2305260003,우리집
f_f001457,2,4,2305260004,집
f_f001461,1,1,2306040001,집
f_f001461,1,2,2306040002,유포리막국수
f_f001461,1,3,2306040003,봄 봄 캠핑
f_f001461,2,1,2306050001,소양강댐 정상 주차장
f_f001461,2,2,2306050002,통나무집 닭갈비
f_f001461,2,3,2306050003,집
f_f001462,1,1,2305250001,집
f_f001462,1,2,2305250002,불국사
f_f001462,1,3,2305250003,석굴암
f_f001462,1,4,2305250004,국립경주박물관
f_f001462,1,5,2305250006,이 풍년 구로 쌈밥
f_f001462,1,6,2305250005,동궁과 월지
f_f001462,1,7,2305250007,경주역사유적지구
f_f001462,1,8,2305250008,집
f_f001464,1,1,2306080001,집
f_f001464,1,2,2306080003,온 셈 경주점
f_f001464,1,3,2306080004,카페 마르쉐
f_f001464,1,4,2306080005,커들리 하우스
f_f001464,1,5,2306080006,대화 만두 항리 단점
f_f001464,1,6,2306080007,대릉원
f_f001464,1,7,2306080002,청춘 호스텔
f_f001464,2,1,2306090001,아스테리아 밀즈 경주점
f_f001464,2,2,2306090003,로제르 파리
f_f001464,2,3,2306090005,불국사
f_f001464,2,4,2306090004,유니 정원
f_f001464,2,5,2306090002,집
f_f001469,1,1,2305230001,친구 친지 집
f_f001469,1,2,2305230003,숨은 집
f_f001469,1,3,2305230004,팡팡팡
f_f001469,1,4,2305230005,CGV 대구
f_f001469,1,5,2305230006,경상감영공원
f_f001469,1,6,2305230007,대구근대역사관
f_f001469,1,7,2305230008,로프트 로프트
f_f001469,1,8,2305230009,슬로 터틀 동성로점
f_f001469,1,9,2305230010,청년 양고기 종로점
f_f001469,1,10,2305230002,동대구역 아펠리체
f_f001469,2,1,2305240002,신세계백화점 대구점
f_f001469,2,2,2305240003,토끼장 신세계 대구점
f_f001469,2,3,2305240004,인문 공학 동대구
f_f001469,2,4,2305240001,친구 집
f_f001474,1,1,2306050001,집
f_f001474,1,2,2306050002,가평휴게소 춘천방향
f_f001474,1,3,2306050003,수향 수산횟집
f_f001474,1,4,2306050004,바다 담다
f_f001474,1,5,2306050005,신세계영랑호리조트
f_f001474,1,6,2306050006,속초관광수산시장
f_f001474,1,7,2306050007,신세계영랑호리조트
f_f001474,2,1,2306060001,속초해수욕장
f_f001474,2,2,2306060002,비 오네 칼국수
f_f001474,2,3,2306060003,홍천휴게소 서울방향
f_f001474,2,4,2306060004,집
f_f001480,1,1,2305260001,집
f_f001480,1,2,2305260002,경상남도교육청 종합복지관
f_f001480,2,1,2305270001,당항포관광지
f_f001480,2,2,2305270002,카페라 하
f_f001480,2,3,2305270003,집
f_f001486,1,1,2305270001,집
f_f001486,1,2,2305270002,섬진강휴게소 부산방향
f_f001486,1,3,2305270003,하동 북천 꽃양귀비 축제
f_f001486,1,4,2305270004,하동 케이블카
f_f001486,1,5,2305270006,화개 장터
f_f001486,1,6,2305270007,동원 사랑 할인마트
f_f001486,1,7,2305270005,조양 숯불갈비
f_f001486,1,8,2305270008,새마을 분식
f_f001486,1,9,2305270009,성운이 각 모텔
f_f001486,2,1,2305280001,목포 집
f_f001486,2,2,2305280003,쌍계사
f_f001486,2,3,2305280002,223 하동 세계 차 엑스포 제2행사장
f_f001486,2,4,2305280004,집
f_f001490,1,1,2305260001,사무실
f_f001490,1,2,2305260002,롯데마트 제타 플렉스점
f_f001490,1,3,2305260003,가평휴게소 춘천 방향
f_f001490,1,4,2305260005,카페 하추리
f_f001490,1,5,2305260004,비밀의 정원
f_f001490,1,6,2305260007,싸리목캠핑장
f_f001490,2,1,2305270002,내린천 래프팅 협동조합
f_f001490,2,2,2305270003,운대리 자작나무 숲
f_f001490,2,3,2305270004,산채 이야기
f_f001490,2,4,2305270005,가평휴게소 서울방향
f_f001490,2,5,2305270001,관악산 휴먼시아 2단지 아파트
f_f001491,1,1,2305270001,집
f_f001491,1,2,2305270002,가야 전통시장
f_f001491,1,3,2305270003,정가네 칼국수
f_f001491,1,4,2305270004,더 이스트
f_f001491,1,5,2305270006,함지공원
f_f001491,1,6,2305270005,집
f_f001497,1,1,2306050005,친구 친지 집
f_f001497,1,2,2306050001,문경오미자 테마공원
f_f001497,1,3,2306050003,문경새재도립공원
f_f001497,1,4,2306050002,새재 갈비
f_f001497,1,5,2306050004,카페 드니 종
f_f001497,1,6,2306050006,e 편한 세상 충주 아파트
f_f001500,1,1,2305270001,집
f_f001500,1,2,2305270002,롯데 프리미엄 아웃렛 동부산점
f_f001500,1,3,2305270003,이케아 동부산점
f_f001500,1,4,2305270004,롯데 프리미엄 아웃렛 동부산점
f_f001500,1,5,2305270005,집
f_f001501,1,1,2305260001,집
f_f001501,1,2,2305260003,홍천휴게소 양양방향
f_f001501,1,3,2305260005,더 앤리조트 스파 온
f_f001501,1,4,2305260006,봉순이 현남점
f_f001501,1,5,2305260007,GS25 인구해변점
f_f001501,1,6,2305260002,더 앤리조트
f_f001501,2,1,2305270002,피자 정비소
f_f001501,2,2,2305270003,남애항 스카이워크 전망대
f_f001501,2,3,2305270004,피프티피프티
f_f001501,2,4,2305270005,오산리 선사유적박물관
f_f001501,2,5,2305270006,삽교리 동치미 막국수 양양점
f_f001501,2,6,2305270007,가평휴게소 서울방향
f_f001501,2,7,2305270001,집
f_f001503,1,1,2305280001,집
f_f001503,1,2,2305280002,경기 광주 휴게소 원주방향
f_f001503,1,3,2305280003,까치둥지
f_f001503,1,4,2305280004,채림의 정원
f_f001503,1,5,2305280005,웰리힐리 파크 워터 플래닛
f_f001503,1,6,2305280006,웰리힐리 파크 본관
f_f001503,1,7,2305280007,웰팍 치킨리조트
f_f001503,1,8,2305280008,웰리힐리 파크
f_f001503,2,1,2305290001,웰리힐리 파크 본관
f_f001503,2,2,2305290002,웰리힐리 파크 본관
f_f001503,2,3,2305290003,1765삽교
f_f001503,2,4,2305290004,면사무소 앞 안흥찐빵
f_f001503,2,5,2305290005,집
f_f001505,1,1,2305270001,집
f_f001505,1,2,2305270003,부산밀면 이동점
f_f001505,1,3,2305270004,철길 숲
f_f001505,1,4,2305270005,카페 담 철길점
f_f001505,1,5,2305270006,포항 죽도동
f_f001505,1,6,2305270007,형산강
f_f001505,1,7,2305270002,집
f_f001509,1,1,2305270001,집
f_f001509,1,2,2305270002,부산역
f_f001509,1,3,2305270003,센텀 프리미어 호텔
f_f001509,1,4,2305270004,가루야
f_f001509,1,5,2305270005,민락수변공원
f_f001509,1,6,2305270006,광안리해수욕장
f_f001509,1,7,2305270007,공차 부산 광안리점
f_f001509,1,8,2305270008,부산요트투어 위드 요트
f_f001509,1,9,2305270009,톤쇼우 광안점
f_f001509,1,10,2305270010,광안리해수욕장
f_f001509,1,11,2305270011,유성호
f_f001509,1,12,2305270012,센텀 프리미어 호텔
f_f001509,2,1,2305280001,수변 최고 돼지국밥 센텀 벡스코점
f_f001509,2,2,2305280002,흰 여울 문화마을
f_f001509,2,3,2305280003,해빙 모멘트
f_f001509,2,4,2305280004,부평 깡통시장
f_f001509,2,5,2305280005,스타벅스 부산역 아스티점
f_f001509,2,6,2305280006,부산역
f_f001509,2,7,2305280007,집
f_f001512,1,1,2305280001,집
f_f001512,1,2,2305280002,오어사
f_f001512,1,3,2305280003,원효암
f_f001512,1,4,2305280004,오르지 둘레길
f_f001512,1,5,2305280005,대광생아구탕 생아구찜
f_f001512,1,6,2305280006,달보드레 펜션
f_f001512,2,1,2305290001,오류고아라 해변
f_f001512,2,2,2305290002,감포 수산물 직판장
f_f001512,2,3,2305290003,집
f_f001513,1,1,2305280001,집
f_f001513,1,2,2305280003,양지혜 매운 수제비 본점
f_f001513,1,3,2305280002,울주군 국민체육센터
f_f001513,1,4,2305280004,발리 온천개발
f_f001513,1,5,2305280005,발리 정원
f_f001513,1,6,2305280006,명선도
f_f001513,1,7,2305280007,브라운 도트 호텔 장생포점
f_f001513,2,1,2305290001,아비나 채 하 사정점 192
f_f001513,2,2,2305290002,태화루
f_f001513,2,3,2305290003,러플 포스터스
f_f001513,2,4,2305290004,언양 기와집 불고기
f_f001513,2,5,2305290005,울주 언양읍성
f_f001513,2,6,2305290006,집
f_f001520,1,1,2306070001,집
f_f001520,1,2,2306070002,귀양지
f_f001520,1,3,2306070003,얼음골
f_f001520,1,4,2306070004,솔밭 만두
f_f001520,1,5,2306070005,석주재
f_f001520,2,1,2306080001,월은 정
f_f001520,2,2,2306080002,표충사
f_f001520,2,3,2306080003,용궁 단골 식당 본점
f_f001520,2,4,2306080004,상인 대성스카이렉스아파트
f_f001525,1,1,2305290001,집
f_f001525,1,2,2305290002,수산 손칼국수
f_f001525,1,3,2305290003,명례 생태공원 아리랑 오토캠핑장
f_f001525,1,4,2305290004,천주교 명례 성지
f_f001525,1,5,2305290005,영남루
f_f001525,1,6,2305290006,삼문동 친구 집
f_f001525,1,7,2305290007,일송해물아구찜
f_f001525,1,8,2305290008,숙소. 친구 집
f_f001525,2,1,2305300002,숙소. 친구 집
f_f001525,2,2,2305300001,밀양 삼문 지구공원
f_f001525,2,3,2305300003,상동면 장미 명품 길 오색 장미길
f_f001525,2,4,2305300004,새마을운동 발상지기념공원
f_f001525,2,5,2305300005,유천 식육식당
f_f001525,2,6,2305300006,와인터널
f_f001525,2,7,2305300007,동창천 주변 산책 지인 농장
f_f001525,2,8,2305300008,친구 집
f_f001525,2,9,2305300009,집
f_f001534,1,1,2305270001,집
f_f001534,1,2,2305270002,내린천휴게소 양양방향
f_f001534,1,3,2305270003,동해 우리 마트
f_f001534,1,4,2305270004,런던 브라우니
f_f001534,1,5,2305270005,끼룩 상점
f_f001534,1,6,2305270006,묘한 동해
f_f001534,1,7,2305270007,키토리아 동해 대게빵
f_f001534,1,8,2305270008,거동 탕수육
f_f001534,1,9,2305270009,황해 횟집
f_f001534,1,10,2305270010,CU 동해 일출로점
f_f001534,1,11,2305270011,망상 비치펜션
f_f001534,2,1,2305280001,나인 비치 37 surf
f_f001534,2,2,2305280002,초구 똥돼지집
f_f001534,2,3,2305280003,지구인 커피
f_f001534,2,4,2305280004,양평 휴게 주유소 서울방향
f_f001534,2,5,2305280006,쏘카 존 암사역 4번 출구
f_f001534,2,6,2305280005,집
f_f001538,1,1,2305280001,집
f_f001538,1,2,2305280007,서울고속버스터미널(경부)
f_f001538,1,3,2305280002,청초호유원지
f_f001538,1,4,2305280003,청초수물회
f_f001538,1,5,2305280004,속초 조양동 유적지
f_f001538,1,6,2305280005,석봉도자기 미술관
f_f001538,1,7,2305280006,뚱이네 튀김
f_f001538,1,8,2305280008,라또래요
f_f001538,1,9,2305280009,속초해수욕장
f_f001538,1,10,2305280010,엘림 게스트하우스
f_f001538,2,1,2305290002,완도 회 식당
f_f001538,2,2,2305290003,하이픈 커피
f_f001538,2,3,2305290004,속초관광수산시장
f_f001538,2,4,2305290005,라또래요
f_f001538,2,5,2305290006,속초해수욕장
f_f001538,2,6,2305290007,진미 동치미 메밀막국수
f_f001538,2,7,2305290008,속초 고속버스터미널
f_f001538,2,8,2305290001,집
f_f001540,1,1,2305270001,사무실
f_f001540,1,2,2305270002,충주휴게소 주유소 창원방향
f_f001540,1,3,2305270003,경주국립공원 남산지구
f_f001540,1,4,2305270004,경주 중앙시장
f_f001540,1,5,2305270005,에쿠스 모텔
f_f001540,2,1,2305280001,불국사 다보탑
f_f001540,2,2,2305280002,영양 숯불갈비
f_f001540,2,3,2305280003,황련단길
f_f001540,2,4,2305280006,기와 메밀막국수
f_f001540,2,5,2305280005,황남빵
f_f001540,2,6,2305280004,대릉원
f_f001540,2,7,2305280007,벤자마스
f_f001540,2,8,2305280008,낙동강 구미휴게소 상주방향
f_f001540,2,9,2305280009,초안 2단지 아파트
f_f001541,1,1,2305250001,집
f_f001541,1,2,2305250002,성끝마을 샤스타데이지 군락
f_f001541,1,3,2305250003,하와이 새우 트럭
f_f001541,1,4,2305250004,대왕암공원
f_f001541,1,5,2305250005,장생포 고래 박물관
f_f001541,1,6,2305250006,장생포 고래생태체험관
f_f001541,1,7,2305250007,고래 쁘띠 샌드
f_f001541,1,8,2305250008,장생포 고래문화마을
f_f001541,1,9,2305250009,2평 분식
f_f001541,1,10,2305250010,집
f_f001554,1,1,2305270001,집
f_f001554,1,2,2305270002,더 현대 대구
f_f001554,1,3,2305270003,앞산 전망대
f_f001554,1,4,2305270004,걸리버 막창
f_f001554,1,5,2305270008,에어비엔비
f_f001554,2,1,2305280001,메종 로즈
f_f001554,2,2,2305280002,봉평 메밀 손 막국수
f_f001554,2,3,2305280003,영화 리틀 포레스트 촬영지
f_f001554,2,4,2305280005,안동찜닭 골목
f_f001554,2,5,2305280004,집
f_f001555,1,1,2305270001,집
f_f001555,1,2,2305270002,동대구역
f_f001555,1,3,2305270003,천사 갈비찜
f_f001555,1,4,2305270004,두류 공원
f_f001555,1,5,2305270005,스파크 랜드
f_f001555,1,6,2305270006,시네마 맥주 대구 동대구역점
f_f001555,1,7,2305270007,체리쉬 호텔
f_f001555,2,1,2305280001,큰맘 할미 순댓국 대구 신천점
f_f001555,2,2,2305280002,스타벅스 동대구 터미널점
f_f001555,2,3,2305280003,동대구역
f_f001555,2,4,2305280004,집
f_f001557,1,1,2305270001,집
f_f001557,1,2,2305270002,영천휴게소 대구방향
f_f001557,1,3,2305270003,백석탄 고부리 캠핑장
f_f001557,2,1,2305280001,신성리 공룡발자국 화석지
f_f001557,2,2,2305280002,가온밀면 당량점
f_f001557,2,3,2305280003,시댁
f_f001559,1,1,2306080001,집
f_f001559,1,2,2306080003,지리산 치즈랜드
f_f001559,1,3,2306080004,화개 장터
f_f001559,1,4,2306080005,더 로드 11
f_f001559,1,5,2306080006,정금 다원
f_f001559,1,6,2306080002,켄싱턴리조트 지리산 하동
f_f001559,2,1,2306090001,하늘호수 차밭 쉼터
f_f001559,2,2,2306090002,구례역 대합실아 지 티 구례점
f_f001559,2,3,2306090003,구례역제과점
f_f001559,2,4,2306090005,전주종합 경기장
f_f001559,2,5,2306090004,집
f_f001560,1,1,2305270001,집
f_f001560,1,2,2305270002,가야산국립공원 백운동 탐방지원센터
f_f001560,1,3,2305270003,해인사
f_f001560,1,4,2305270004,고령 대가야 시장
f_f001560,1,5,2305270009,창녕 s
f_f001560,2,1,2305280001,화왕산
f_f001560,2,2,2305280002,팔공산 비로봉
f_f001560,2,3,2305280003,주왕산 두부 맛집
f_f001560,2,4,2305280004,집
f_f001563,1,1,2306060001,집
f_f001563,1,2,2306060003,영일대 한티재
f_f001563,1,3,2306060004,환호공원 스페이스 워크
f_f001563,1,4,2306060005,오브레멘
f_f001563,1,5,2306060006,영일고
f_f001563,1,6,2306060007,죽도 시장
f_f001563,1,7,2306060002,집
f_f001564,1,1,2305270001,집
f_f001564,1,2,2305270002,가평휴게소 춘천방향
f_f001564,1,3,2305270004,팔봉산
f_f001564,1,4,2305270005,홍천강
f_f001564,1,5,2305270006,장수 닭갈비 막국수
f_f001564,1,6,2305270007,오도치 38
f_f001564,1,7,2305270003,집
f_f001565,1,1,2306020001,사무실
f_f001565,1,2,2306020003,벌집
f_f001565,1,3,2306020004,메가 MGC 커피 강릉 중앙점
f_f001565,1,4,2306020006,노매드인 강릉
f_f001565,1,5,2306020005,강릉 중앙시장
f_f001565,1,6,2306020007,송정해변
f_f001565,1,7,2306020008,강문해변
f_f001565,1,8,2306020009,강문 떡갈비
f_f001565,1,9,2306020002,노매드인 강릉
f_f001565,2,1,2306030002,토담 순두부
f_f001565,2,2,2306030003,스타벅스 강릉강문해변점
f_f001565,2,3,2306030004,강문해변
f_f001565,2,4,2306030001,서울역
f_f001566,1,1,2305280001,집
f_f001566,1,2,2305280002,수림 식당
f_f001566,1,3,2305280003,신세계 센텀시티몰
f_f001566,1,4,2305280004,롯데백화점 센텀시티점
f_f001566,1,5,2305280005,공원 집
f_f001566,1,6,2305280006,승학산
f_f001566,1,7,2305280007,CU 당리 반도보라점
f_f001566,1,8,2305280008,집
f_f001567,1,1,2306030001,집
f_f001567,1,2,2306030002,울산들꽃학습원
f_f001567,1,3,2306030003,태화강 국가 정원
f_f001567,1,4,2306030004,울산대교 전망대
f_f001567,1,5,2306030005,울산대공원 남문
f_f001567,1,6,2306030006,풍경 무인모텔
f_f001567,2,1,2306040001,나해 돌솥밥
f_f001567,2,2,2306040002,송운 사
f_f001567,2,3,2306040003,신불산에 봄
f_f001567,2,4,2306040004,울산암각화 박물관
f_f001567,2,5,2306040005,친구 집
f_f001570,1,1,2305270001,집
f_f001570,1,2,2305270003,문의 청남대 휴게소 상주방향
f_f001570,1,3,2305270004,더 M 컨벤션
f_f001570,1,4,2305270005,도호 소공원
f_f001570,1,5,2305270006,이너 리트
f_f001570,1,6,2305270007,작천정 운동장
f_f001570,1,7,2305270008,울주 언양읍성
f_f001570,1,8,2305270009,언양휴게소 서울방향
f_f001570,1,9,2305270010,여주휴게소 주유소 인천방향
f_f001570,1,10,2305270002,집
f_f001572,1,1,2305280001,집
f_f001572,1,2,2305280002,여의도역 5호선
f_f001572,1,3,2305280003,가평휴게소 춘천방향
f_f001572,1,4,2305280004,발리 376
f_f001572,1,5,2305280005,탑골 가든 본점
f_f001572,1,6,2305280006,38마일
f_f001572,1,7,2305280007,집
f_f001580,1,1,2306010001,집
f_f001580,1,2,2306010002,용산역
f_f001580,1,3,2306010003,아이파크몰 용산점
f_f001580,1,4,2306010004,춘천역 경춘선
f_f001580,1,5,2306010005,도도 스테이
f_f001580,1,6,2306010006,춘천막국수
f_f001580,1,7,2306010007,춘천고등학교
f_f001580,1,8,2306010009,원조 마늘통닭집
f_f001580,1,9,2306010010,레이아웃
f_f001580,1,10,2306010008,도도 스테이
f_f001580,2,1,2306020002,봄 담은 산채
f_f001580,2,2,2306020006,춘천평화생태공원
f_f001580,2,3,2306020005,나무 향기 한증막
f_f001580,2,4,2306020003,에티오피아 집
f_f001580,2,5,2306020004,춘천 삼악산 호수 케이블카
f_f001580,2,6,2306020001,집
f_f001582,1,1,2306050001,사무실
f_f001582,1,2,2306050002,성 베네딕도회 왜관수도원 구성당
f_f001582,1,3,2306050003,복 터진 집 칠곡 왜관점
f_f001582,1,4,2306050004,송정자연휴양림 야영장
f_f001582,2,1,2306060001,사유원
f_f001582,2,2,2306060002,영화 리틀 포레스트 촬영지
f_f001582,2,3,2306060003,군위 이로운 한우
f_f001582,2,4,2306060004,과천 자이 아파트
f_f001586,1,1,2305270001,집
f_f001586,1,2,2305270002,진영휴게소 순천방향
f_f001586,1,3,2305270003,북창원 IC 주유소
f_f001586,1,4,2305270004,무진장
f_f001586,1,5,2305270006,카페 1946
f_f001586,1,6,2305270005,송정 돼지국밥
f_f001586,1,7,2305270007,하삼도 커피 함안 가야점
f_f001586,1,8,2305270008,무진장
f_f001586,1,9,2305270009,집
f_f001587,1,1,2305270001,집
f_f001587,1,2,2305270002,함지공원
f_f001587,1,3,2305270003,한우 사랑 정육 식당
f_f001587,1,4,2305270004,무진장
f_f001587,1,5,2305270005,역전 할머니 맥주 마산 현동점
f_f001587,1,6,2305270010,하루
f_f001587,2,1,2305280001,신신 예식장
f_f001587,2,2,2305280002,11남매 떡볶이
f_f001587,2,3,2305280003,고려당
f_f001587,2,4,2305280004,집
f_f001590,1,1,2306070001,집
f_f001590,1,2,2306070002,중화반점
f_f001590,1,3,2306070005,김광석 다시 그리기 길
f_f001590,1,4,2306070006,수성못
f_f001590,1,5,2306070007,스타벅스 수성 레이크점
f_f001590,1,6,2306070008,대구 앞산 공원 전망대
f_f001590,1,7,2306070009,안지랑 곱창골목
f_f001590,1,8,2306070010,세연 콩국 본점
f_f001590,1,9,2306070004,호텔인 서니 아
f_f001590,2,1,2306080002,유창 반점 남산 본점
f_f001590,2,2,2306080003,대구 중구 골목투어 근대문화골목(2코스)
f_f001590,2,3,2306080004,스타벅스 대구 종로 고택점
f_f001590,2,4,2306080005,스파크 랜드
f_f001590,2,5,2306080006,중앙 떡볶이
f_f001590,2,6,2306080001,집
f_f001595,1,1,2305270001,집
f_f001595,1,2,2305270003,고기9단 침산직영점
f_f001595,1,3,2305270002,솔가람 피크닉
f_f001596,1,1,2305290001,집
f_f001596,1,2,2305290003,별이 찬 분식
f_f001596,1,3,2305290004,히어로 플레이파크 경주 본점
f_f001596,1,4,2305290005,와우쥬
f_f001596,1,5,2305290002,집
f_f001597,1,1,2305270001,집
f_f001597,1,2,2305270002,삼천 각
f_f001597,1,3,2305270003,부엉이카페앤슈가
f_f001597,1,4,2305270004,목화휴게소
f_f001597,1,5,2305270005,용용 선생
f_f001597,1,6,2305270006,왕과 탕후루
f_f001597,1,7,2305270007,진주시 평거동 야외 특설무대
f_f001597,1,8,2305270008,집
f_f001598,1,1,2305270001,집
f_f001598,1,2,2305270003,신창 간이해수욕장
f_f001598,1,3,2305270004,구룡포 과메기 문화관
f_f001598,1,4,2305270005,구룡포 일본인 가옥거리
f_f001598,1,5,2305270002,집
f_f001600,1,1,2306060001,집
f_f001600,1,2,2306060002,명동 닭갈비 골목
f_f001600,1,3,2306060003,학곡리 막국수 닭갈비
f_f001600,1,4,2306060004,소양강 처녀상
f_f001600,1,5,2306060005,카페다 쿼드
f_f001600,1,6,2306060006,아주르 봄
f_f001600,1,7,2306060007,공지천
f_f001600,1,8,2306060008,춘천역 경춘선
f_f001600,1,9,2306060009,집
f_f001601,1,1,2305270001,집
f_f001601,1,2,2305270003,바다 이야기 회 식당
f_f001601,1,3,2305270004,포항 해상 스카이워크
f_f001601,1,4,2305270006,송림 초등학교
f_f001601,1,5,2305270005,강변체육공원
f_f001601,1,6,2305270002,친구 집
f_f001604,1,1,2305270001,집
f_f001604,1,2,2305270002,길매 식당
f_f001604,1,3,2305270004,라임 벨리
f_f001604,2,1,2305280002,장호 닭갈비 명가
f_f001604,2,2,2305280003,카페 감자밭 본점
f_f001604,2,3,2305280001,집
f_f001607,1,1,2305270001,집
f_f001607,1,2,2305270002,옥산휴게소 부산방향
f_f001607,1,3,2305270003,성심당 본점
f_f001607,1,4,2305270004,일동미라주 아파트
f_f001607,2,1,2305280001,칠곡휴게소 서울 방향
f_f001607,2,2,2305280002,닭이 닭 숯불닭갈비 오산 양산점
f_f001607,2,3,2305280003,집
f_f001611,1,1,2306050001,집
f_f001611,1,2,2306050003,정동진역
f_f001611,1,3,2306050004,오션 그레이트 펜션
f_f001611,1,4,2306050005,조희정회도매센타
f_f001611,1,5,2306050006,오션 그레이트 펜션
f_f001611,2,1,2306060001,큰 기와집
f_f001611,2,2,2306060002,6.25 남침 사적 탑
f_f001611,2,3,2306060003,스테이 인터뷰
f_f001611,2,4,2306060004,하슬라아트월드
f_f001611,2,5,2306060005,정동진 레일바이크
f_f001611,2,6,2306060006,바다마트
f_f001611,2,7,2306060007,동해안 자연산 조개구이 전문점
f_f001611,2,8,2306060008,집
f_f001626,1,1,2306030001,집
f_f001626,1,2,2306030002,속초 시외버스터미널
f_f001626,1,3,2306030003,이모네 식당
f_f001626,1,4,2306030004,카페 우디
f_f001626,1,5,2306030005,영금정
f_f001626,1,6,2306030006,속초관광수산시장
f_f001626,1,7,2306030007,씨크루즈호텔속초
f_f001626,2,1,2306040001,아바이마을
f_f001626,2,2,2306040002,아버지 회 국수
f_f001626,2,3,2306040003,속초 아이
f_f001626,2,4,2306040004,속초 고속버스터미널
f_f001626,2,5,2306040005,집
f_f001627,1,1,2306030001,집
f_f001627,1,2,2306030003,롯데 프리미엄 아웃렛 동부산점
f_f001627,1,3,2306030004,기사야 동부산 미식일 상점
f_f001627,1,4,2306030005,롯데몰 메종 동부산
f_f001627,1,5,2306030006,롯데 프리미엄 아웃렛 동부산점
f_f001627,1,6,2306030002,집
f_f001636,1,1,2305260001,집
f_f001636,1,2,2305260002,서울역
f_f001636,1,3,2305260003,신경주역
f_f001636,1,4,2305260004,영양 숯불갈비 주차장
f_f001636,1,5,2305260005,경주 십원빵
f_f001636,1,6,2305260007,동궁과 월지
f_f001636,1,7,2305260008,경주 중앙시장
f_f001636,1,8,2305260006,베스트웨스턴 플러스 경주
f_f001636,2,1,2305270001,용산 회 식당
f_f001636,2,2,2305270002,불국사
f_f001636,2,3,2305270003,황련단길
f_f001636,2,4,2305270005,성동시장 공영주차장
f_f001636,2,5,2305270006,신경주역
f_f001636,2,6,2305270004,집
f_f001638,1,1,2305270001,집
f_f001638,1,2,2305270002,하현옥 본점
f_f001638,1,3,2305270003,하동야생차문화축제
f_f001638,1,4,2305270004,화개 장터
f_f001638,1,5,2305270005,최 참판 댁
f_f001638,1,6,2305270006,하동 케이블카
f_f001638,1,7,2305270007,만영
f_f001638,1,8,2305270008,친정집
f_f001638,1,9,2305270009,집
f_f001645,1,1,2305280001,집
f_f001645,1,2,2305280002,남해 독일마을
f_f001645,1,3,2305280003,카페 버디 베어
f_f001645,1,4,2305280004,독일마을 남해 파독 전시관
f_f001645,1,5,2305280005,남해 보물섬 식자재
f_f001645,1,6,2305280006,인 갤러리 펜션
f_f001645,2,1,2305290001,다랭이마을
f_f001645,2,2,2305290002,다랑어 맛집
f_f001645,2,3,2305290003,사촌해수욕장
f_f001645,2,4,2305290004,CU 남해 평산점
f_f001645,2,5,2305290005,보통날
f_f001645,2,6,2305290006,섬의 정원
f_f001645,2,7,2305290007,오늘은 카레
f_f001645,2,8,2305290008,집
f_f001655,1,1,2306030001,집
f_f001655,1,2,2306030003,한 개 마을
f_f001655,1,3,2306030004,성주놀벤져스 어린이 놀이터 1호
f_f001655,1,4,2306030005,산골촌 두부(산골 농원)
f_f001655,1,5,2306030006,카페 노랑
f_f001655,1,6,2306030002,집
f_f001661,1,1,2306010001,집
f_f001661,1,2,2306010002,여주 맛있는 휴게소 강릉방향
f_f001661,1,3,2306010003,강릉 대관령휴게소 강릉방향
f_f001661,1,4,2306010005,호텔 오브 솔트
f_f001661,1,5,2306010004,디오 슬로
f_f001661,1,6,2306010006,문막휴게소 주유소 인천방향
f_f001661,1,7,2306010007,집
f_f001662,1,1,2305250001,집
f_f001662,1,2,2305250003,시즈닝
f_f001662,1,3,2305250004,사이시옷
f_f001662,1,4,2305250005,머물다 풀빌라
f_f001662,1,5,2305250006,소향몽
f_f001662,1,6,2305250007,황련단길
f_f001662,1,7,2305250008,동궁과 월지
f_f001662,1,8,2305250002,머물다 풀빌라
f_f001662,2,1,2305260002,료미
f_f001662,2,2,2305260003,디스 모멘트
f_f001662,2,3,2305260004,로피
f_f001662,2,4,2305260005,경주읍성
f_f001662,2,5,2305260006,가봉 방과
f_f001662,2,6,2305260007,피자 온
f_f001662,2,7,2305260001,집
f_f001666,1,1,2306070001,집
f_f001666,1,2,2306070003,영산 휴게소 창원방향
f_f001666,1,3,2306070004,거제 옥포대첩 기념공원
f_f001666,1,4,2306070007,동원 우성 빌라르트
f_f001666,1,5,2306070006,에 뜻 모르
f_f001666,1,6,2306070008,스타벅스 거제 옥포 DT
f_f001666,1,7,2306070009,동원 우성 빌라르트
f_f001666,1,8,2306070002,대동 맨션
f_f001666,2,1,2306080002,버거스 올마이티 남포점
f_f001666,2,2,2306080003,롯데백화점 광복점
f_f001666,2,3,2306080004,국제시장 및 보수동 책방 골목
f_f001666,2,4,2306080001,월성 푸르지오 아파트
f_f001667,1,1,2306030001,집
f_f001667,1,2,2306030003,동대구 터미널
f_f001667,1,3,2306030004,포항터미널
f_f001667,1,4,2306030005,윳쿠리
f_f001667,1,5,2306030006,환호공원 스페이스 워크
f_f001667,1,6,2306030007,오브레멘
f_f001667,1,7,2306030008,마니아 빌 5차(친구 집)
f_f001667,1,8,2306030009,다해 횟집
f_f001667,1,9,2306030010,영일대해수욕장
f_f001667,1,10,2306030011,날로
f_f001667,1,11,2306030002,마니아 빌 5차 (친구 집)
f_f001667,2,1,2306040002,청림 반점
f_f001667,2,2,2306040003,그 여행
f_f001667,2,3,2306040004,마니아 빌 5차
f_f001667,2,4,2306040005,포항 고속버스터미널
f_f001667,2,5,2306040001,집
f_f001670,1,1,2306030001,집
f_f001670,1,2,2306030002,통영종합버스터미널
f_f001670,1,3,2306030003,후라또식당 서면점
f_f001670,1,4,2306030005,KTG 상상마당 부산
f_f001670,1,5,2306030006,애드
f_f001670,1,6,2306030007,파스키 플라워
f_f001670,1,7,2306030008,지네로
f_f001670,1,8,2306030009,치히로 식당
f_f001670,1,9,2306030004,집
f_f001671,1,1,2305290001,집
f_f001671,1,2,2305290002,신촌 식당
f_f001671,1,3,2305290003,대전사
f_f001671,1,4,2305290004,소노벨 청송 솔샘 온천
f_f001671,1,5,2305290005,주왕산 가든
f_f001671,1,6,2305290006,청송 한옥 민예촌
f_f001671,1,7,2305290007,집
f_f001672,1,1,2306080001,집
f_f001672,1,2,2306080002,이마트 경산점
f_f001672,1,3,2306080003,슬로 캘리 경산 중산점
f_f001672,1,4,2306080004,청도읍 선
f_f001672,1,5,2306080005,청도농협 하나로마트
f_f001672,1,6,2306080006,청도 글램핑
f_f001672,1,7,2306080007,남산계곡
f_f001672,1,8,2306080008,청도 글램핑
f_f001672,2,1,2306090001,와인터널
f_f001672,2,2,2306090002,시골집
f_f001672,2,3,2306090003,CGV 경산
f_f001672,2,4,2306090004,집
f_f001676,1,1,2306040001,집
f_f001676,1,2,2306040003,센추리21cc
f_f001676,1,3,2306040004,블루 스카이 골프클럽
f_f001676,1,4,2306040005,투썸플레이스 문막점
f_f001676,1,5,2306040002,집
f_f001677,1,1,2305280001,친구 친지 집
f_f001677,1,2,2305280002,와촌휴게소 포항방향
f_f001677,1,3,2305280003,이가리 닻 전망대
f_f001677,1,4,2305280004,성진 횟집
f_f001677,1,5,2305280006,상생의 손
f_f001677,1,6,2305280005,삼정해수욕장
f_f001677,1,7,2305280007,영일대
f_f001677,1,8,2305280008,국민 낙곱새
f_f001677,1,9,2305280009,아라비카 커피 로프터스
f_f001677,1,10,2305280010,영일대해수욕장
f_f001677,1,11,2305280011,모나코 모텔
f_f001685,1,1,2306030001,집
f_f001685,1,2,2306030003,평창휴게소 강릉방향
f_f001685,1,3,2306030002,경포 생태 저류지
f_f001685,1,4,2306030004,모던 키친 브로콜리
f_f001685,1,5,2306030005,바우 카페 본점
f_f001685,1,6,2306030006,사천진 해변
f_f001685,1,7,2306030007,파스텔 상점 피크닉
f_f001685,1,8,2306030008,순포해수욕장
f_f001685,1,9,2306030009,평창 자연휴게소 인천방향
f_f001685,1,10,2306030010,집
f_f001686,1,1,2305250001,집
f_f001686,1,2,2305250002,아수라 남포점
f_f001686,1,3,2305250003,국제시장 먹자골목
f_f001686,1,4,2305250004,엠에 호텔
f_f001686,2,1,2305260001,돌고래
f_f001686,2,2,2305260002,송도해수욕장
f_f001686,2,3,2305260003,진영휴게소 순천방향
f_f001686,2,4,2305260004,집
f_f001687,1,1,2305270001,집
f_f001687,1,2,2305270003,제일 식당
f_f001687,1,3,2305270004,진주성
f_f001687,1,4,2305270006,이마트 진주점
f_f001687,1,5,2305270005,국립진주 박물관
f_f001687,1,6,2305270007,함안휴게소 부산방향
f_f001687,1,7,2305270002,집
f_f001692,1,1,2306020001,사무실
f_f001692,1,2,2306020002,우리 슈퍼 문산점
f_f001692,1,3,2306020003,수승대관광지
f_f001692,1,4,2306020004,거창 서핑 파크 글램핑
f_f001692,2,1,2306030001,거창 Y자형 출렁다리
f_f001692,2,2,2306030002,거창 허브빌리지
f_f001692,2,3,2306030003,아돈깍
f_f001692,2,4,2306030004,거창 창포원
f_f001692,2,5,2306030005,진주혁신 중흥 S 클래스센트럴시티 4단지 아파트
f_f001694,1,1,2305270001,집
f_f001694,1,2,2305270002,무진장
f_f001694,1,3,2305270004,함안역
f_f001694,1,4,2305270003,스페이스 우분투
f_f001694,2,1,2305280002,마산 어 시장
f_f001694,2,2,2305280001,블룸
f_f001696,1,1,2306020001,집
f_f001696,1,2,2306020002,남해전통시장
f_f001696,1,3,2306020003,효준 횟집
f_f001696,1,4,2306020004,다랭이마을
f_f001696,1,5,2306020005,박원숙의 커피 앤스토리 2호점
f_f001696,1,6,2306020006,미국마을
f_f001696,1,7,2306020007,한우큰솥집 본점
f_f001696,1,8,2306020008,시선 펜션
f_f001696,2,1,2306030001,동천 식당
f_f001696,2,2,2306030002,남해 독일마을
f_f001696,2,3,2306030003,사천 바다 케이블카
f_f001696,2,4,2306030004,집
f_f001699,1,1,2306040001,집
f_f001699,1,2,2306040002,천안역
f_f001699,1,3,2306040003,영주역
f_f001699,1,4,2306040004,명동 감자탕
f_f001699,1,5,2306040005,부석사
f_f001699,1,6,2306040006,국립산림치유원
f_f001699,2,1,2306050001,국립산림치유원
f_f001699,2,2,2306050002,소수서원
f_f001699,2,3,2306050003,선비촌
f_f001699,2,4,2306050004,천안역
f_f001699,2,5,2306050005,천안시 동남구 목천읍 교천리 산길 284-6
f_f001700,1,1,2306020001,집
f_f001700,1,2,2306020002,스탠퍼드호텔 앤리조트 통영
f_f001700,2,1,2306030001,스카이라인 루지 통영
f_f001700,2,2,2306030002,중화한 여객터미널
f_f001700,2,3,2306030003,하녀촌 식당
f_f001700,2,4,2306030004,욕지도 섬 관광 카트 대여
f_f001700,2,5,2306030005,무무
f_f001700,2,6,2306030006,고메 명가 욕지 본점
f_f001700,2,7,2306030007,욕지항
f_f001700,2,8,2306030008,스탠퍼드호텔 앤리조트 통영
f_f001704,1,1,2305290001,집
f_f001704,1,2,2305290002,오징어난전
f_f001704,1,3,2305290003,더샵스파펜션
f_f001704,1,4,2305290004,장사항
f_f001704,1,5,2305290005,속초관광수산시장
f_f001704,1,6,2305290006,더샵스파펜션
f_f001704,2,1,2305300001,외옹치 바다 향기로
f_f001704,2,2,2305300002,콩 나라 마을 거두점
f_f001704,2,3,2305300003,집
f_f001705,1,1,2305270001,집
f_f001705,1,2,2305270002,황산공원
f_f001705,1,3,2305270003,강들에
f_f001705,1,4,2305270004,무이
f_f001705,1,5,2305270005,집
f_f001711,1,1,2306030001,집
f_f001711,1,2,2306030003,식당 153
f_f001711,1,3,2306030004,대왕암
f_f001711,1,4,2306030005,장생포 고래문화마을 고래광장
f_f001711,1,5,2306030006,호텔 마르
f_f001711,1,6,2306030007,부라더 고깃집
f_f001711,1,7,2306030008,태화강 국가정원십리대숲
f_f001711,1,8,2306030002,호텔 마르
f_f001711,2,1,2306040002,시선 31 간절곶점
f_f001711,2,2,2306040003,간절곶
f_f001711,2,3,2306040004,롯데 프리미엄 아웃렛 동부산점
f_f001711,2,4,2306040001,집
f_f001713,1,1,2305280001,집
f_f001713,1,2,2305280002,한화리조트 설악 별관
f_f001713,1,3,2305280003,속초관광수산시장
f_f001713,1,4,2305280004,한화리조트 설악 별관
f_f001713,2,1,2305290001,속초해수욕장
f_f001713,2,2,2305290002,속초 항아리 물회
f_f001713,2,3,2305290003,배스킨라빈스 속초 조양점
f_f001713,2,4,2305290004,척산 족욕공원
f_f001713,2,5,2305290005,마석역 신도브래뉴 아파트
f_f001717,1,1,2305280001,집
f_f001717,1,2,2305280002,센텀시티 스파랜드
f_f001717,1,3,2305280004,신세계백화점 센텀시티점
f_f001717,1,4,2305280003,집
f_f001719,1,1,2306040001,집
f_f001719,1,2,2306040002,다대 낙조2길13 상가 1
f_f001719,1,3,2306040003,다대포해수욕장
f_f001719,1,4,2306040004,몰운대
f_f001719,1,5,2306040005,4242 샌드위치
f_f001719,1,6,2306040006,을숙도 생태공원
f_f001719,1,7,2306040007,카페 바이버
f_f001719,1,8,2306040008,집
f_f001731,1,1,2305280001,집
f_f001731,1,2,2305280002,친구 집
f_f001731,1,3,2305280003,언양휴게소 서울방향
f_f001731,1,4,2305280005,포항 우방 비치타운 아파트
f_f001731,1,5,2305280006,영일대해수욕장
f_f001731,1,6,2305280007,아라비카 커피 로프터스
f_f001731,1,7,2305280008,포항 우방 비치타운 아파트
f_f001731,1,8,2305280009,영일 대전 망대
f_f001731,1,9,2305280004,르네상스호텔
f_f001731,2,1,2305290001,통도사 휴게소 부산방향
f_f001731,2,2,2305290002,집
f_f001732,1,1,2305270001,집
f_f001732,1,2,2305270002,고촌 휴먼시아 1단지 아파트
f_f001732,1,3,2305270003,함지공원
f_f001732,1,4,2305270004,함안 연꽃테마파크
f_f001732,1,5,2305270005,김해금관가야휴게소 양방향
f_f001732,1,6,2305270006,고촌 휴먼시아 1단지 아파트
f_f001732,1,7,2305270007,집
f_f001734,1,1,2306030001,집
f_f001734,1,2,2306030002,서울역
f_f001734,1,3,2306030003,동대구역
f_f001734,1,4,2306030004,스타벅스 수성 레이크점
f_f001734,1,5,2306030005,웨딩 뉴욕뉴욕
f_f001734,1,6,2306030006,수성못
f_f001734,1,7,2306030007,애리조나 막창
f_f001734,1,8,2306030008,동대구유성푸르나임
f_f001734,1,9,2306030009,코오롱야외음악당
f_f001734,1,10,2306030010,태릉 집
f_f001734,1,11,2306030011,동대구유성푸르나임
f_f001734,2,1,2306040001,조조 칼국수
f_f001734,2,2,2306040002,브리니 범어
f_f001734,2,3,2306040006,신천 궁전 떡볶이
f_f001734,2,4,2306040003,동대구역
f_f001734,2,5,2306040005,수서역
f_f001734,2,6,2306040004,집
f_f001735,1,1,2305290001,집
f_f001735,1,2,2305290002,친정집
f_f001735,1,3,2305290003,의림지 파크랜드
f_f001735,1,4,2305290004,고향 이야기
f_f001735,1,5,2305290005,이후 북스 테이
f_f001735,2,1,2305300001,신광 감리교회
f_f001735,2,2,2305300002,태화산 고씨동굴
f_f001735,2,3,2305300003,사랑방 식당
f_f001735,2,4,2305300004,영월 서부시장
f_f001735,2,5,2305300005,친정집
f_f001735,2,6,2305300006,집
f_f001738,1,1,2305270001,집
f_f001738,1,2,2305270003,구룡포 일본인 가옥거리
f_f001738,1,3,2305270004,포항국제불빛축제
f_f001738,1,4,2305270002,집
f_f001739,1,1,2306050001,사무실
f_f001739,1,2,2306050002,용산역
f_f001739,1,3,2306050003,강원대학교 춘천캠퍼스
f_f001739,1,4,2306050004,친구 집
f_f001739,2,1,2306060001,드래건 웍스
f_f001739,2,2,2306060002,에티오피아 집
f_f001739,2,3,2306060003,세임 바이크 춘천점
f_f001739,2,4,2306060004,이디야커피 춘천 의암호점
f_f001739,2,5,2306060005,1.5닭갈비
f_f001739,2,6,2306060006,사무실
f_f001743,1,1,2305280001,집
f_f001743,1,2,2305280003,강릉 햇살 주유소
f_f001743,1,3,2305280004,천곡 황금박쥐동굴 자연학습체험공원 및 전시관
f_f001743,1,4,2305280005,북평민속시장
f_f001743,1,5,2305280006,논골 카페
f_f001743,1,6,2305280007,화락 바비큐치킨 동해 천곡점
f_f001743,1,7,2305280002,처가댁
f_f001743,2,1,2305290001,집
f_f001746,1,1,2305260001,사무실
f_f001746,1,2,2305260002,영도대교
f_f001746,1,3,2305260003,오유미당 부산 영도점
f_f001746,1,4,2305260004,라발 그 호텔
f_f001746,1,5,2305260005,BIFF 광장
f_f001746,1,6,2305260006,라 발스 스카이카페 바
f_f001746,1,7,2305260014,라발 그 호텔
f_f001746,2,1,2305270001,롯데백화점 광복점
f_f001746,2,2,2305270002,영도다리 횟집
f_f001746,2,3,2305270003,자갈치시장
f_f001746,2,4,2305270004,남포지하쇼핑센터
f_f001746,2,5,2305270005,바우 노바 커피
f_f001746,2,6,2305270006,롯데백화점 광복점
f_f001746,2,7,2305270007,옵스 롯데백화점 광복점
f_f001746,2,8,2305270008,언양 반천 현대아파트
f_f001748,1,1,2306030001,집
f_f001748,1,2,2306030002,홍천휴게소 양양방향
f_f001748,1,3,2306030003,신흥사
f_f001748,1,4,2306030006,속초관광수산시장
f_f001748,1,5,2306030004,봉포 잠수부집 본점
f_f001748,1,6,2306030005,등대해수욕장
f_f001748,1,7,2306030007,속초 풀뷰스파풀빌라
f_f001748,1,8,2306030008,속초해수욕장
f_f001748,1,9,2306030009,속초 풀뷰스파풀빌라
f_f001748,2,1,2306040001,감자바위
f_f001748,2,2,2306040002,카페 긷
f_f001748,2,3,2306040003,집
f_f001750,1,1,2305310001,집
f_f001750,1,2,2305310003,부평구청 역 7호선
f_f001750,1,3,2305310004,강변역 2호선
f_f001750,1,4,2305310005,동서울 종합터미널
f_f001750,1,5,2305310006,속초 시외버스터미널
f_f001750,1,6,2305310007,키친 온유
f_f001750,1,7,2305310008,영금정
f_f001750,1,8,2305310009,초당 커피 정미소 속초점
f_f001750,1,9,2305310010,하루 게스트하우스
f_f001750,1,10,2305310011,정든 식당
f_f001750,1,11,2305310012,속초해수욕장
f_f001750,1,12,2305310013,청초호유원지
f_f001750,1,13,2305310002,하루 게스트하우스
f_f001750,2,1,2306010001,강원도 막걸리빵
f_f001750,2,2,2306010002,모자가리비
f_f001750,2,3,2306010003,대포항
f_f001750,2,4,2306010004,속초 조양동 유적
f_f001750,2,5,2306010005,라또래요
f_f001750,2,6,2306010006,속초 시외버스터미널
f_f001750,2,7,2306010008,동서울 종합터미널
f_f001750,2,8,2306010009,강변역 2호선
f_f001750,2,9,2306010010,부평시장역 인천 1호선
f_f001750,2,10,2306010007,집
f_f001754,1,1,2306090001,사무실
f_f001754,1,2,2306090002,경주 보문호수
f_f001754,1,3,2306090003,홈플러스 경주점
f_f001754,1,4,2306090004,드림센터
f_f001754,2,1,2306100001,불국사
f_f001754,2,2,2306100002,석굴암
f_f001754,2,3,2306100003,센텀 비스타 동원 2차 아파트
f_f001759,1,1,2306060001,집
f_f001759,1,2,2306060003,오크밸리리조트 조각 공원
f_f001759,1,3,2306060004,목향
f_f001759,1,4,2306060005,이천휴게소 하남방향
f_f001759,1,5,2306060006,율봄식물원
f_f001759,1,6,2306060002,집
f_f001763,1,1,2306050001,집
f_f001763,1,2,2306050003,국립용지봉자연휴양림
f_f001763,1,3,2306050004,장이 대청 계곡
f_f001763,1,4,2306050005,누리카츠
f_f001763,1,5,2306050002,국립용지봉자연휴양림
f_f001763,2,1,2306060002,홍철 책빵 김해점
f_f001763,2,2,2306060003,명동 도선장
f_f001763,2,3,2306060004,소쿠리 섬
f_f001763,2,4,2306060005,물금 LPG 충전소
f_f001763,2,5,2306060006,전주 이가네 콩나물국밥
f_f001763,2,6,2306060001,집
f_f001766,1,1,2306040001,집
f_f001766,1,2,2306040002,영월 목장
f_f001766,1,3,2306040003,KBS 부산홀
f_f001766,1,4,2306040004,롯데 프리미엄 아웃렛 동부산점
f_f001766,1,5,2306040005,집
f_f001767,1,1,2306050001,집
f_f001767,1,2,2306050002,경부고속도로 상행선 언양휴게소
f_f001767,1,3,2306050003,신경주역
f_f001767,1,4,2306050004,불국사 정문 주차장
f_f001767,1,5,2306050005,석굴암
f_f001767,1,6,2306050006,토함산
f_f001767,1,7,2306050007,보람 더 하임아파트
f_f001768,1,1,2306020001,집
f_f001768,1,2,2306020002,삼락 국수
f_f001768,1,3,2306020007,부곡온천호텔
f_f001768,2,1,2306030001,엘라 화석곤충 박물관
f_f001768,2,2,2306030002,식당 오늘 우다나 공
f_f001768,2,3,2306030003,우포늪 생태관
f_f001768,2,4,2306030004,집
f_f001771,1,1,2306090001,집
f_f001771,1,2,2306090002,소노벨 비발디파크
f_f001771,1,3,2306090003,비발디파크 오션월드
f_f001771,1,4,2306090004,비발디파크 비바 플렉 스몰
f_f001771,1,5,2306090005,소노벨 비발디파크
f_f001771,2,1,2306100001,시나몬 비발디파크
f_f001771,2,2,2306100002,비발디 곤돌라
f_f001771,2,3,2306100003,비발디파크 하늘 양떼목장
f_f001771,2,4,2306100004,비발디파크 루지 월드
f_f001771,2,5,2306100005,빅빅버거 하남미사점
f_f001771,2,6,2306100006,집
f_f001777,1,1,2305280001,집
f_f001777,1,2,2305280002,디아나
f_f001777,1,3,2305280009,광안리해수욕장
f_f001777,1,4,2305280003,금강공원
f_f001777,1,5,2305280004,금강공원 금강 케이블카
f_f001777,1,6,2305280005,풍미랑 막창
f_f001777,1,7,2305280006,베이크 유
f_f001777,1,8,2305280007,온천천 카페거리
f_f001777,1,9,2305280008,집
f_f001782,1,1,2305270001,집
f_f001782,1,2,2305270002,시월 호두
f_f001782,1,3,2305270003,악양 생태공원
f_f001782,1,4,2305270004,카페 뜬
f_f001782,1,5,2305270005,누리마을 감자탕 신매점
f_f001782,1,6,2305270006,집
f_f001785,1,1,2306010001,집
f_f001785,1,2,2306010003,하늬 라벤더 팜 꽃밭
f_f001785,1,3,2306010004,통일전망대
f_f001785,1,4,2306010005,속초관광수산시장
f_f001785,1,5,2306010006,청간정 콘도 카라반 캠핑장
f_f001785,2,1,2306020001,두미 르망을 아파트
f_f001793,1,1,2306040001,집
f_f001793,1,2,2306040002,삼삼 횟집
f_f001793,1,3,2306040003,마이 페이 보릿 쿠키
f_f001793,1,4,2306040004,ZARA 롯데 센텀시티점
f_f001793,1,5,2306040005,집
f_f001794,1,1,2305260001,집
f_f001794,1,2,2305260002,태화강역
f_f001794,1,3,2305260003,장생포 고래 박물관
f_f001794,1,4,2305260007,장안휴게소 부산방향
f_f001794,1,5,2305260004,장생포 고래문화마을
f_f001794,1,6,2305260005,대왕암
f_f001794,1,7,2305260006,태화강역
f_f001794,1,8,2305260008,집
f_f001797,1,1,2306030001,집
f_f001797,1,2,2306030002,가평휴게소 춘천방향
f_f001797,1,3,2306030003,단천식당
f_f001797,1,4,2306030004,보사노바 커피 로프터스 속초점
f_f001797,1,5,2306030005,씨크루즈호텔속초
f_f001797,1,6,2306030006,속초관광수산시장
f_f001797,1,7,2306030007,씨크루즈호텔속초
f_f001797,1,8,2306030008,청초 호수공원
f_f001797,1,9,2306030014,씨크루즈호텔속초
f_f001797,2,1,2306040001,영순네 횟집
f_f001797,2,2,2306040002,에이프 레임
f_f001797,2,3,2306040003,화진포해변
f_f001797,2,4,2306040004,여주휴게소 서창방향
f_f001797,2,5,2306040005,집
f_f001798,1,1,2306030001,집
f_f001798,1,2,2306030002,행리단길
f_f001798,1,3,2306030003,해운대해수욕장
f_f001798,1,4,2306030004,해운대 전통시장
f_f001798,1,5,2306030013,광안리해수욕장
f_f001798,1,6,2306030014,호텔 1
f_f001798,2,1,2306040001,바이스벌사에스프레소
f_f001798,2,2,2306040002,회와 제과
f_f001798,2,3,2306040003,아니 바
f_f001798,2,4,2306040004,크리미
f_f001798,2,5,2306040005,올더 어글리 쿠키
f_f001798,2,6,2306040006,수프 올 샐러드
f_f001798,2,7,2306040007,집
f_f001817,1,1,2305270001,집
f_f001817,1,2,2305270002,함안군 온새미로 오토캠핑장
f_f001817,1,3,2305270003,함안박물관
f_f001817,1,4,2305270012,입곡 군립 공원
f_f001817,1,5,2305270004,나드리김밥천국
f_f001817,1,6,2305270005,입곡 군립 공원 아라 힐링 사이클
f_f001817,1,7,2305270013,강나루 오토캠핑장
f_f001817,2,1,2305280001,함안군 승마 공원
f_f001817,2,2,2305280002,박제 전시관
f_f001817,2,3,2305280004,입곡 군립 공원 출렁다리
f_f001817,2,4,2305280005,아라 캠핑장
f_f001817,2,5,2305280003,집
f_f001821,1,1,2306070001,집
f_f001821,1,2,2306070003,이마트 마산점
f_f001821,1,3,2306070005,삼천포 용궁 수산시장
f_f001821,1,4,2306070002,아르떼리조트
f_f001821,2,1,2306080001,메가박스 삼천포
f_f001821,2,2,2306080002,롯데백화점 창원점
f_f001821,2,3,2306080003,롯데마트 맥스 창원중앙점
f_f001821,2,4,2306080004,호텔 휴
f_f001823,1,1,2305270001,집
f_f001823,1,2,2305270002,서문시장
f_f001823,1,3,2305270003,시인 이상화 고택
f_f001823,1,4,2305270004,동성로
f_f001823,1,5,2305270005,뉴 프린스호텔
f_f001823,2,1,2305280001,한미 식당
f_f001823,2,2,2305280002,수성못
f_f001823,2,3,2305280003,김광석 다시 그리기 길
f_f001823,2,4,2305280004,집
f_f001827,1,1,2305280001,집
f_f001827,1,2,2305280002,양평 휴게 주유소 원주방향
f_f001827,1,3,2305280003,강문해변
f_f001827,1,4,2305280004,용평리조트 타워콘도
f_f001827,1,5,2305280005,애니 포레
f_f001827,1,6,2305280006,평창한우마을 대관령점
f_f001827,1,7,2305280007,용평리조트 타워콘도
f_f001827,2,1,2305290001,하반
f_f001827,2,2,2305290002,발왕산 관광 케이블카
f_f001827,2,3,2305290003,대관령 감자옹심이
f_f001827,2,4,2305290004,경기 광주 휴게소 경기도 광주방향
f_f001827,2,5,2305290005,집
f_f001831,1,1,2305270001,친구 친지 집
f_f001831,1,2,2305270002,체리 테일러
f_f001831,1,3,2305270003,에콜리안제천컨트리클럽
f_f001831,1,4,2305270004,샘마루공원
f_f001831,1,5,2305270005,e 편한 세상 반곡 아파트
f_f001831,2,1,2305280001,성문 안 컨트리클럽
f_f001831,2,2,2305280002,간현 돈가스 본점
f_f001831,2,3,2305280003,유일 컬처파크
f_f001831,2,4,2305280004,골목집 혁신점
f_f001831,2,5,2305280005,e 편한 세상 반곡 아파트
f_f001832,1,1,2305270001,집
f_f001832,1,2,2305270003,휴게소
f_f001832,1,3,2305270004,문경새재 오픈세트장
f_f001832,1,4,2305270005,광부의 행복 밥상
f_f001832,1,5,2305270006,문경 자연생태박물관.에코랄라
f_f001832,1,6,2305270007,문경오미자 터널
f_f001832,1,7,2305270008,문 농연 영농조합법인
f_f001832,1,8,2305270009,문경 축산농협 약돌 축산물 센터
f_f001832,1,9,2305270010,르네상스호텔
f_f001832,1,10,2305270002,르네상스 호텔
f_f001832,2,1,2305280001,안일옥 본점
f_f001832,2,2,2305280002,로프
f_f001832,2,3,2305280003,스타필드 하남
f_f001832,2,4,2305280004,집
f_f001839,1,1,2306030001,집
f_f001839,1,2,2306030003,샤의 라멘
f_f001839,1,3,2306030004,카페 몰리 스
f_f001839,1,4,2306030005,대구 이월드
f_f001839,1,5,2306030006,서문시장
f_f001839,1,6,2306030002,친동생 집
f_f001839,2,1,2306040001,팔공산 케이블카
f_f001839,2,2,2306040002,동화사
f_f001839,2,3,2306040003,파이퍼
f_f001839,2,4,2306040004,집 강남점
f_f001840,1,1,2306050001,집
f_f001840,1,2,2306050002,순자집 곰치국
f_f001840,1,3,2306050003,델피노 오션 플레이
f_f001840,1,4,2306050004,충주 횟집
f_f001840,1,5,2306050005,소노캄 델피노
f_f001840,2,1,2306060001,속초해수욕장
f_f001840,2,2,2306060002,집
f_f001844,1,1,2306030001,집
f_f001844,1,2,2306030002,어어 매무시
f_f001844,1,3,2306030003,KTG 상상마당 부산
f_f001844,1,4,2306030004,전포 카페거리
f_f001844,1,5,2306030005,오프 커스
f_f001844,1,6,2306030006,아수라
f_f001844,1,7,2306030007,H 에비뉴 기장 일광점
f_f001844,1,8,2306030008,락휴 노래타운 일광 신도시점
f_f001844,1,9,2306030009,H 에비뉴 기장 일광점
f_f001844,2,1,2306040001,투썸플레이스 기장 일광 해변점
f_f001844,2,2,2306040002,이터널 저니
f_f001844,2,3,2306040004,디스이즈 비어 부산 아난티점
f_f001844,2,4,2306040005,캐비네 드 쁘아쏭
f_f001844,2,5,2306040006,집
f_f001845,1,1,2305280001,사무실
f_f001845,1,2,2305280002,동진 아파트
f_f001845,1,3,2305280003,영남 한우식육식당
f_f001845,1,4,2305280004,문호 농원
f_f001845,1,5,2305280005,문호 농원
f_f001845,2,1,2305290001,부곡스파디움 따오기 호텔
f_f001845,2,2,2305290002,미리벌민속박물관
f_f001845,2,3,2305290003,김천휴게소 서울방향
f_f001845,2,4,2305290004,첫 마을 7단지 래미안 아파트
f_f001846,1,1,2306050001,집
f_f001846,1,2,2306050002,조세호
f_f001846,1,3,2306050003,광안리해수욕장
f_f001846,1,4,2306050005,투 헤븐 호텔
f_f001846,2,1,2306060001,키친 되리오
f_f001846,2,2,2306060002,후 추출
f_f001846,2,3,2306060003,신세계백화점 센텀시티점
f_f001846,2,4,2306060004,롯데시네마 센텀시티
f_f001846,2,5,2306060005,부산요트투어 요트 스타
f_f001846,2,6,2306060006,청도 새마을 휴게소 하행
f_f001846,2,7,2306060007,집
f_f001850,1,1,2305270001,집
f_f001850,1,2,2305270002,산청휴게소 통영방향
f_f001850,1,3,2305270003,난향
f_f001850,1,4,2305270004,남해 라운지 32
f_f001850,2,1,2305280001,다랭이마을
f_f001850,2,2,2305280002,미국마을
f_f001850,2,3,2305280003,우리 식당
f_f001850,2,4,2305280004,아래 마루 아쿠아리움 본관
f_f001850,2,5,2305280005,금산인삼랜드 휴게소 대전방향
f_f001850,2,6,2305280006,집
f_f001854,1,1,2306030001,집
f_f001854,1,2,2306030002,수원역
f_f001854,1,3,2306030003,부산역
f_f001854,1,4,2306030004,브라운 핸즈 보수동
f_f001854,1,5,2306030007,보수동 책방 골목
f_f001854,1,6,2306030005,책방 골목 사진관
f_f001854,1,7,2306030006,부평 깡통시장
f_f001854,1,8,2306030008,부산 깡통시장 사거리 분식
f_f001854,1,9,2306030009,attic romance (에어비앤비 숙소)
f_f001854,1,10,2306030010,광안리해수욕장
f_f001854,1,11,2306030011,상생 라멘 광안리 본점
f_f001854,1,12,2306030012,광안리해수욕장
f_f001854,1,13,2306030013,attic romance (에어비앤비 숙소)
f_f001854,2,1,2306040001,재성 밀면
f_f001854,2,2,2306040002,롯데백화점 광복점
f_f001854,2,3,2306040003,매일이 다르다
f_f001854,2,4,2306040004,굿 올 데 이 증 호텔
f_f001854,2,5,2306040005,해운대 블루라인파크 청사포 정거장
f_f001854,2,6,2306040006,해운대해수욕장
f_f001854,2,7,2306040007,막둥이네 양곱창
f_f001854,2,8,2306040008,굿올데이증 호텔
f_f001856,1,1,2305310001,집
f_f001856,1,2,2305310002,정동 심곡 바다부채길
f_f001856,1,3,2305310003,헌화로 횟집
f_f001856,1,4,2305310004,경포해수욕장
f_f001856,1,5,2305310005,스카이베이 호텔 경포
f_f001856,1,6,2305310006,경포 항미 횟집
f_f001856,1,7,2305310007,스카이베이 호텔 경포
f_f001856,2,1,2306010001,새 전주식당
f_f001856,2,2,2306010002,초당 커피 정미소
f_f001856,2,3,2306010003,허균 허난설헌 기념관
f_f001856,2,4,2306010004,바우길 5구간
f_f001856,2,5,2306010005,토박이 할머니순두부
f_f001856,2,6,2306010006,집
f_f001857,1,1,2305280001,집
f_f001857,1,2,2305280002,반계저수지
f_f001857,1,3,2305280003,충효사
f_f001857,1,4,2305280004,반계리 은행나무
f_f001857,1,5,2305280005,봉자 순댓국
f_f001857,1,6,2305280006,집
f_f001865,1,1,2305270001,집
f_f001865,1,2,2305270003,양평 휴게 주유소 원주방향
f_f001865,1,3,2305270004,횡성휴게소 강릉방향
f_f001865,1,4,2305270007,대박이 하우스
f_f001865,1,5,2305270005,태기산 KT 기지국
f_f001865,1,6,2305270006,산들 축산 마트
f_f001865,1,7,2305270002,대박이 하우스
f_f001865,2,1,2305280001,집
f_f001877,1,1,2305270001,집
f_f001877,1,2,2305270002,철원 한탄강 주상절리 길 드르니 매표소
f_f001877,1,3,2305270003,직탕 가든
f_f001877,1,4,2305270004,직탕폭포
f_f001877,1,5,2305270005,집
f_f001878,1,1,2305280001,집
f_f001878,1,2,2305280002,트라이얼마트 밀양점
f_f001878,1,3,2305280003,고가 식당
f_f001878,1,4,2305280004,우리 아이 마음숲 놀이터
f_f001878,1,5,2305280005,밀양 반딧불이 펜션
f_f001878,2,1,2305290001,사명대사 유적지
f_f001878,2,2,2305290002,집
f_f001879,1,1,2305280001,집
f_f001879,1,2,2305280005,맥도날드 인천구산DT점
f_f001879,1,3,2305280004,군위 영천 주유소(영천 방향)
f_f001879,1,4,2305280003,파리시아
f_f001879,1,5,2305280002,호미곶 해맞이 광장
f_f001879,1,6,2305280006,구룡포 일본인 가옥거리
f_f001879,1,7,2305280007,별난 국수
f_f001879,1,8,2305280008,영일대해수욕장
f_f001879,1,9,2305280009,경상북도교육청과학원
f_f001879,1,10,2305280010,죽도 시장
f_f001879,1,11,2305280011,마조레 펜션
f_f001879,2,1,2305290001,한스 드림 베이커리
f_f001879,2,2,2305290002,이가리 닻 전망대
f_f001879,2,3,2305290003,의성휴게소 청주방향
f_f001879,2,4,2305290004,충주휴게소 주유소 양평방향
f_f001879,2,5,2305290005,시흥하늘휴게소 일산방향
f_f001879,2,6,2305290006,낭만 장사꾼 원미산 호랑이
f_f001879,2,7,2305290007,닥스 핸드백 롯데백화점 중동점
f_f001879,2,8,2305290008,집
f_f001880,1,1,2306030001,집
f_f001880,1,2,2306030002,영주역
f_f001880,1,3,2306030003,분천역
f_f001880,1,4,2306030004,산타 캠핑장
f_f001880,1,5,2306030005,분천 커피 방앗간
f_f001880,1,6,2306030006,먹거리 하우스
f_f001880,1,7,2306030007,산타 캠핑장
f_f001880,2,1,2306040002,봉화숲길 안전센터
f_f001880,2,2,2306040003,철암역
f_f001880,2,3,2306040004,철암 탄광 역사촌
f_f001880,2,4,2306040005,강릉역
f_f001880,2,5,2306040006,하슬라 해송물회
f_f001880,2,6,2306040007,안목 해변
f_f001880,2,7,2306040008,강릉역
f_f001880,2,8,2306040001,집
f_f001881,1,1,2306030001,집
f_f001881,1,2,2306030003,울산대공원
f_f001881,1,3,2306030004,피자몰 울산점
f_f001881,1,4,2306030005,포토인 더 박스
f_f001881,1,5,2306030006,명선도
f_f001881,1,6,2306030007,수 마트 정관점
f_f001881,1,7,2306030002,집
f_f001892,1,1,2305310001,집
f_f001892,1,2,2305310002,김포국제공항 국내선
f_f001892,1,3,2305310003,김해국제공항
f_f001892,1,4,2305310005,송정 삼대 국밥
f_f001892,1,5,2305310006,다이소 부산 서면 2호점
f_f001892,1,6,2305310007,해운대 블루라인파크 미포 정거장
f_f001892,1,7,2305310008,카페 곰
f_f001892,1,8,2305310009,해운대 블루라인파크 청사포 정거장
f_f001892,1,9,2305310010,빨간 떡볶이
f_f001892,1,10,2305310011,요트야
f_f001892,1,11,2305310004,르컬렉티브 부산역
f_f001892,2,1,2306010004,부산항
f_f001892,2,2,2306010005,부산역
f_f001892,2,3,2306010006,초량 차이나타운
f_f001892,2,4,2306010007,엘라 보라도
f_f001892,2,5,2306010008,이재모 피자
f_f001892,2,6,2306010001,김해국제공항
f_f001892,2,7,2306010002,김포국제공항 국내선
f_f001892,2,8,2306010003,집
f_f001895,1,1,2305280001,집
f_f001895,1,2,2305280003,곰배령
f_f001895,1,3,2305280002,하추자연휴양림
f_f001895,2,1,2305290002,옛날 원대 막국수
f_f001895,2,2,2305290003,운대리 자작나무 숲
f_f001895,2,3,2305290004,세븐일레븐 양평 남한강점
f_f001895,2,4,2305290001,집
f_f001898,1,1,2305290001,집
f_f001898,1,2,2305290002,가평휴게소 춘천방향
f_f001898,1,3,2305290003,파인리즈 CC
f_f001898,1,4,2305290005,파인리즈리조트
f_f001898,2,1,2305300001,파인리즈 CC
f_f001898,2,2,2305300002,교암 막국수
f_f001898,2,3,2305300003,태시트 TACIT
f_f001898,2,4,2305300004,파리바게뜨 가평휴게소 서울방향점
f_f001898,2,5,2305300005,가평주유소 서울방향
f_f001898,2,6,2305300006,집
f_f001905,1,1,2305270001,집
f_f001905,1,2,2305270002,화서휴게소 주유소 상주방향
f_f001905,1,3,2305270003,등 계산 스카이워크
f_f001905,1,4,2305270004,동해 회 식당
f_f001905,1,5,2305270005,친구 집
f_f001905,2,1,2305280001,주왕산국립공원
f_f001905,2,2,2305280002,수달래 식당
f_f001905,2,3,2305280003,집
f_f001911,1,1,2306050001,집
f_f001911,1,2,2306050003,속초종합 중앙시장 주차장
f_f001911,1,3,2306050004,바다 뷰 제빵소
f_f001911,1,4,2306050005,속초해수욕장
f_f001911,1,5,2306050002,강현면 215-85
f_f001911,2,1,2306060002,김영애 할머니순두부 본점
f_f001911,2,2,2306060003,바다정원
f_f001911,2,3,2306060004,오양 수산
f_f001911,2,4,2306060001,집
f_f001917,1,1,2306030001,집
f_f001917,1,2,2306030003,평창휴게소 강릉방향
f_f001917,1,3,2306030004,대관령 전망대
f_f001917,1,4,2306030005,하슬라아트월드
f_f001917,1,5,2306030006,미선이네
f_f001917,1,6,2306030007,하슬라가 배
f_f001917,1,7,2306030008,강릉에 컷
f_f001917,1,8,2306030009,안목 해변
f_f001917,1,9,2306030010,경포호
f_f001917,1,10,2306030011,엄지네 포장마차 본점
f_f001917,1,11,2306030012,이마트 강릉점
f_f001917,1,12,2306030002,국립 대관령 자연휴양림
f_f001917,2,1,2306040002,횡성휴게소 인천방향
f_f001917,2,2,2306040003,신세계 프리미엄 아웃렛 여주
f_f001917,2,3,2306040004,꾸메 뜨락 그 집 참숯 민물장어 중리점
f_f001917,2,4,2306040001,집
f_f001921,1,1,2305270001,친구 친지 집
f_f001921,1,2,2305270003,정릉천
f_f001921,1,3,2305270004,탐 앤탐스 성신여대점
f_f001921,1,4,2305270006,서울고속버스터미널(경부)
f_f001921,1,5,2305270007,속초 고속버스터미널
f_f001921,1,6,2305270008,속초 엑스포 공원
f_f001921,1,7,2305270009,소호 259하우스
f_f001921,1,8,2305270010,GS25 속초 시외터미널점
f_f001921,1,9,2305270012,속초시립 박물관
f_f001921,1,10,2305270013,소호 259하우스
f_f001921,1,11,2305270014,보미네 국수
f_f001921,1,12,2305270015,소호 259하우스
f_f001921,1,13,2305270016,GS25 속초 시외터미널점
f_f001921,1,14,2305270017,속초관광수산시장
f_f001921,1,15,2305270018,CU 속초 수복으로 점
f_f001921,1,16,2305270019,소호 259하우스
f_f001921,1,17,2305270020,속초 백수 씨 심야 식당
f_f001921,1,18,2305270002,소호 259하우스
f_f001921,2,1,2305280001,CU 속초 아이파크스위트점
f_f001921,2,2,2305280002,꼭지네 맛집
f_f001921,2,3,2305280003,영금정
f_f001921,2,4,2305280004,동명동 성당
f_f001921,2,5,2305280005,소호 259하우스
f_f001921,2,6,2305280006,마카오 박
f_f001921,2,7,2305280007,고려로 한방삼계탕
f_f001921,2,8,2305280008,북악 산장 빌라
f_f001926,1,1,2305280001,집
f_f001926,1,2,2305280002,남창 옹기종기 시장
f_f001926,1,3,2305280003,선암호수 공원
f_f001926,1,4,2305280004,스타벅스 울산도산사거리DT점
f_f001926,1,5,2305280005,집
f_f001932,1,1,2306020001,집
f_f001932,1,2,2306020002,홍천휴게소 양양방향
f_f001932,1,3,2306020003,컨 피네스 오션 스위트
f_f001932,1,4,2306020004,사천진 해변
f_f001932,1,5,2306020005,컨 피네스 오션 스위트
f_f001932,2,1,2306030001,경포호
f_f001932,2,2,2306030002,초당이고 부순 두부
f_f001932,2,3,2306030003,보헤미안 박이추 커피 본점
f_f001932,2,4,2306030004,영진해변
f_f001932,2,5,2306030005,양주휴게소 일산방향
f_f001932,2,6,2306030006,집
f_f001933,1,1,2305270001,집
f_f001933,1,2,2305270002,상림공원
f_f001933,1,3,2305270005,지안재
f_f001933,1,4,2305270003,카페 오도 재
f_f001933,1,5,2305270004,생초국제조각 공원
f_f001933,1,6,2305270006,산청 동의보감촌
f_f001933,1,7,2305270007,산청한방테마파크 동의 약선관
f_f001933,1,8,2305270008,수선사
f_f001933,1,9,2305270010,함안 낙화놀이 축제장
f_f001933,1,10,2305270011,비엔나 모텔
f_f001933,2,1,2305280001,고려동 유적지
f_f001933,2,2,2305280002,무진장
f_f001933,2,3,2305280003,카페 뜬
f_f001933,2,4,2305280004,악양 생태공원
f_f001933,2,5,2305280005,악양 독방
f_f001933,2,6,2305280006,쾌지나 칭칭
f_f001933,2,7,2305280007,집
f_f001934,1,1,2305300001,집
f_f001934,1,2,2305300003,영주역
f_f001934,1,3,2305300002,신영주 번개시장
f_f001934,1,4,2305300004,태극당
f_f001934,1,5,2305300005,나드리
f_f001934,1,6,2305300006,집
f_f001949,1,1,2306040001,친구 친지 집
f_f001949,1,2,2306040003,노상 매점
f_f001949,1,3,2306040004,블루로드 푸른 대게의 길(B코스)
f_f001949,1,4,2306040005,카페청로
f_f001949,1,5,2306040006,생선구 잇집
f_f001949,1,6,2306040007,장사상륙작전 전승기념관
f_f001949,1,7,2306040002,빠담빠담 펜션
f_f001949,2,1,2306050001,구계 기사식당
f_f001949,2,2,2306050002,벌열 메타세쿼이아 숲
f_f001949,2,3,2306050003,카페 후
f_f001949,2,4,2306050004,대게 궁
f_f001949,2,5,2306050006,의성휴게소 청주방향
f_f001949,2,6,2306050005,친구 집
f_f001951,1,1,2305270001,집
f_f001951,1,2,2305270004,함안면 관광안내소
f_f001951,1,3,2305270003,아름 식당
f_f001951,1,4,2305270005,입곡 온새미로공원
f_f001951,1,5,2305270006,입곡 군립 공원
f_f001951,1,6,2305270007,입곡 군립 공원 아라 힐링카페
f_f001951,1,7,2305270008,입곡 군립 공원 출렁다리
f_f001951,1,8,2305270009,입곡 군립 공원에서 무진장 방면으로 도보이동
f_f001951,1,9,2305270010,체리 블로섬
f_f001951,1,10,2305270011,사계 술 익는 계절
f_f001951,1,11,2305270012,이마트 24 진해 속천점
f_f001951,1,12,2305270014,체리 블로섬
f_f001951,2,1,2305280001,진해 감자탕
f_f001951,2,2,2305280002,삼포항 방파제 등대
f_f001951,2,3,2305280003,창원해양공원 주차장 1
f_f001951,2,4,2305280004,해양생물테마파크
f_f001951,2,5,2305280005,창원 솔라타워
f_f001951,2,6,2305280006,진해 해양공원 어류생태관
f_f001951,2,7,2305280007,창원해양공원 주차장 1
f_f001951,2,8,2305280008,보배산 참숯 찜질방
f_f001951,2,9,2305280009,호끼린커피로스터스
f_f001951,2,10,2305280010,집
f_f001955,1,1,2306030001,집
f_f001955,1,2,2306030002,신도림역 1호선
f_f001955,1,3,2306030003,서프러프
f_f001955,1,4,2306030004,다락 막국수
f_f001955,1,5,2306030006,서프러프
f_f001955,1,6,2306030005,코스터
f_f001955,1,7,2306030007,죽도해변
f_f001955,1,8,2306030008,서프러프
f_f001955,1,9,2306030009,봉순이 현남점
f_f001955,1,10,2306030010,죽도해변
f_f001955,1,11,2306030012,서프러프
f_f001955,2,1,2306040001,리틀 코브
f_f001955,2,2,2306040002,인구해변
f_f001955,2,3,2306040003,리틀 코브
f_f001955,2,4,2306040004,문원
f_f001955,2,5,2306040005,카루나 라운지
f_f001955,2,6,2306040006,집
f_f001956,1,1,2305270001,집
f_f001956,1,2,2305270003,감밀 옥
f_f001956,1,3,2305270004,진성 이씨 문중 영묘공원
f_f001956,1,4,2305270005,퇴계종택
f_f001956,1,5,2305270007,도산서원
f_f001956,1,6,2305270006,안동 구 시장
f_f001956,1,7,2305270002,안동 그랜드호텔
f_f001956,2,1,2305280002,안동 하회마을
f_f001956,2,2,2305280003,부네 식당
f_f001956,2,3,2305280004,느티나무집
f_f001956,2,4,2305280006,시월애 단팥빵
f_f001956,2,5,2305280005,여주휴게소 서창방향
f_f001956,2,6,2305280001,집
f_f001959,1,1,2305270001,집
f_f001959,1,2,2305270002,가평휴게소 춘천 방향
f_f001959,1,3,2305270003,휴휴암
f_f001959,1,4,2305270005,그림 펜션
f_f001959,2,1,2305280001,대관령 감자옹심이
f_f001959,2,2,2305280002,대관령 양떼목장
f_f001959,2,3,2305280003,월정사
f_f001959,2,4,2305280005,경기 광주 휴게소 경기도 광주방향
f_f001959,2,5,2305280004,집
f_f001960,1,1,2306030001,집
f_f001960,1,2,2306030002,두낫디스터브베이커스 영일대점
f_f001960,1,3,2306030003,곤륜산 활공장
f_f001960,1,4,2306030004,선류산장
f_f001960,1,5,2306030005,집
f_f001963,1,1,2306060001,친구 친지 집
f_f001963,1,2,2306060002,벙커 버거 경북대점
f_f001963,1,3,2306060003,한화리조트 해운대
f_f001963,1,4,2306060004,레이지 52-25
f_f001963,1,5,2306060005,부엉이 횟집
f_f001963,1,6,2306060006,한화리조트 해운대
f_f001963,2,1,2306070001,해운대 가야 밀면
f_f001963,2,2,2306070002,서정 빌딩
f_f001965,1,1,2306030001,집
f_f001965,1,2,2306030002,화서휴게소 주유소 상주방향
f_f001965,1,3,2306030003,하회 식당
f_f001965,1,4,2306030004,각시 커피
f_f001965,1,5,2306030005,안동 하회마을
f_f001965,1,6,2306030008,부용대
f_f001965,1,7,2306030006,다봄이네
f_f001965,1,8,2306030007,탈빙기
f_f001965,1,9,2306030009,하회 세계 탈 박물관
f_f001965,1,10,2306030010,소유 메트로 오피스텔
f_f001965,1,11,2306030013,버거킹 경북도청점
f_f001965,1,12,2306030012,메가박스 경북도청
f_f001965,1,13,2306030011,경상북도청
f_f001965,1,14,2306030014,소유 메트로 오피스텔
f_f001965,2,1,2306040004,케슬러 안동 경북도청점
f_f001965,2,2,2306040001,예천천문우주센터 스타하우스
f_f001965,2,3,2306040002,예천천문우주센터
f_f001965,2,4,2306040003,활기찬 예천 할 체험센터
f_f001965,2,5,2306040005,LG화학생명과학 익산공장
f_f001969,1,1,2306030001,집
f_f001969,1,2,2306030002,더 낙산 호텔
f_f001969,1,3,2306030003,낙산 해변
f_f001969,1,4,2306030010,더 낙산 호텔
f_f001969,2,1,2306040002,설해원
f_f001969,2,2,2306040003,동호해변
f_f001969,2,3,2306040004,해촌
f_f001969,2,4,2306040005,동호해변
f_f001969,2,5,2306040006,가평휴게소 서울방향
f_f001969,2,6,2306040001,집
f_f001972,1,1,2306030001,친구 친지 집
f_f001972,1,2,2306030002,로열 경양식 스테이크 광안점
f_f001972,1,3,2306030003,아세안 문화원
f_f001972,1,4,2306030004,민락수변공원
f_f001972,1,5,2306030005,유동 커피 광안점
f_f001972,1,6,2306030006,현대아파트
f_f001973,1,1,2305270001,친구 친지 집
f_f001973,1,2,2305270002,평사휴게소 부산방향
f_f001973,1,3,2305270003,산내 그로브
f_f001973,1,4,2305270005,힌 구름
f_f001973,2,1,2305280001,언양 닭칼국수
f_f001973,2,2,2305280002,자수정 동굴나라
f_f001973,2,3,2305280003,농도
f_f001973,2,4,2305280005,청도 새마을 휴게소 상행
f_f001973,2,5,2305280004,집
f_f001974,1,1,2306080001,사무실
f_f001974,1,2,2306080003,공원 집
f_f001974,1,3,2306080004,광안리해수욕장
f_f001974,1,4,2306080005,매드독스 광안리점
f_f001974,1,5,2306080006,설빙 부산 민락점
f_f001974,1,6,2306080002,오션뷰 호텔
f_f001974,2,1,2306090001,탐나 종합 어 시장 동래점
f_f001974,2,2,2306090002,W 타이마사지
f_f001974,2,3,2306090003,황성 주공 2단지 아파트
f_f001978,1,1,2306050001,집
f_f001978,1,2,2306050003,르컬렉티브 아시리아
f_f001978,1,3,2306050004,한데 솥
f_f001978,1,4,2306050005,송림공원
f_f001978,1,5,2306050006,더베이 11
f_f001978,1,6,2306050007,롯데마트 동부산점
f_f001978,1,7,2306050002,르컬렉티브 아시리아
f_f001978,2,1,2306060002,국립 수산과학관
f_f001978,2,2,2306060003,해동용궁사
f_f001978,2,3,2306060004,대건 명가
f_f001978,2,4,2306060005,송정해수욕장
f_f001978,2,5,2306060006,해운대 블루라인파크 송정 정거장
f_f001978,2,6,2306060007,해운대 블루라인파크 청사포 정거장
f_f001978,2,7,2306060008,할리스 부산 송정 DI 점
f_f001978,2,8,2306060009,맥도날드 부산 송정 DT 점
f_f001978,2,9,2306060001,집
f_f001982,1,1,2306030001,집
f_f001982,1,2,2306030002,서울고속버스터미널(경부)
f_f001982,1,3,2306030009,속초 고속버스터미널
f_f001982,1,4,2306030003,성인데
f_f001982,1,5,2306030004,김영애 할머니순두부 본점
f_f001982,1,6,2306030005,스테이 오롯이
f_f001982,1,7,2306030006,부영 5차 아파트
f_f001982,1,8,2306030007,경진호
f_f001982,1,9,2306030008,부영 5차 아파트
f_f001982,2,1,2306040001,남경 막국수
f_f001982,2,2,2306040002,라또래요
f_f001982,2,3,2306040003,팜 일레븐
f_f001982,2,4,2306040004,양양종합여객터미널
f_f001982,2,5,2306040005,서울고속버스터미널(경부)
f_f001982,2,6,2306040006,집
f_f001985,1,1,2305270001,친구 친지 집
f_f001985,1,2,2305270002,양주호 용마루 2공원
f_f001985,1,3,2305270003,무섬마을 외나무다리
f_f001985,1,4,2305270004,하나로 파머스마켓
f_f001985,1,5,2305270005,별밤 카페
f_f001985,1,6,2305270007,부석사
f_f001985,1,7,2305270006,소수서원
f_f001985,1,8,2305270008,주막거리 캠프
f_f001985,2,1,2305280001,분천역 산타마을
f_f001985,2,2,2305280002,백두대간 협곡열차 V-train
f_f001985,2,3,2305280003,송이 요리 전문점 솔봉이
f_f001985,2,4,2305280004,국립백두대간수목원
f_f001985,2,5,2305280005,거제 유림 아시아드
f_f001987,1,1,2306030001,집
f_f001987,1,2,2306030003,가마솥 강릉 설렁탕
f_f001987,1,3,2306030002,설악산 국립공원 설악동 야영장 오토캠핑장
f_f001987,2,1,2306040002,향성 사지 삼층석탑
f_f001987,2,2,2306040003,설악산 국립공원 입구
f_f001987,2,3,2306040004,신흥사
f_f001987,2,4,2306040005,강원도 협동조합 지구인 투어
f_f001987,2,5,2306040006,학무정
f_f001987,2,6,2306040001,집
f_f001988,1,1,2305280001,집
f_f001988,1,2,2305280003,원주 신림농협 하나로마트 본점
f_f001988,1,3,2305280002,황제 캠프 펜션
f_f001988,2,1,2305290001,집
f_f001989,1,1,2306030001,집
f_f001989,1,2,2306030002,해랑 집밥 뷔페
f_f001989,1,3,2306030004,청도읍 등 제
f_f001989,1,4,2306030003,청도 소싸움 경기장
f_f001989,1,5,2306030005,집
f_f001990,1,1,2306030001,집
f_f001990,1,2,2306030003,고향 밀면
f_f001990,1,3,2306030004,쪽샘 유적 발굴 관
f_f001990,1,4,2306030005,국립경주박물관
f_f001990,1,5,2306030002,섬 펜션
f_f001990,2,1,2306040002,시골 쌈밥
f_f001990,2,2,2306040003,첨성대
f_f001990,2,3,2306040004,디멘션 커피
f_f001990,2,4,2306040005,애플 캔들 하우스
f_f001990,2,5,2306040001,집
f_f001999,1,1,2306060001,집
f_f001999,1,2,2306060002,HD 현대오일뱅크 직영 사이클 셀프주유소
f_f001999,1,3,2306060003,강릉 대관령휴게소 강릉방향
f_f001999,1,4,2306060004,평창 루지 랜드
f_f001999,1,5,2306060005,피닉스 평창 블루캐니언
f_f001999,1,6,2306060006,피닉스 평창 블루캐니언
f_f001999,1,7,2306060007,CU 피닉스 평창점
f_f001999,1,8,2306060008,피닉스 평창
f_f001999,1,9,2306060009,피닉스 평창
f_f001999,2,1,2306070001,피닉스 평창 키즈플레이 라운지
f_f001999,2,2,2306070002,피닉스 평창 곤돌라
f_f001999,2,3,2306070003,피닉스 평창 온담
f_f001999,2,4,2306070004,진저리계곡
f_f001999,2,5,2306070005,집
f_f002000,1,1,2306030001,집
f_f002000,1,2,2306030002,서울역
f_f002000,1,3,2306030003,강릉역
f_f002000,1,4,2306030004,현대관광 렌터카 강릉 포남 영업소
f_f002000,1,5,2306030005,감자바위
f_f002000,1,6,2306030008,팡파미유 중앙시장점
f_f002000,1,7,2306030006,하슬라아트월드
f_f002000,1,8,2306030007,정동진 해변
f_f002000,1,9,2306030009,강릉 대관령휴게소 인천방향
f_f002000,1,10,2306030010,대관령 양떼목장
f_f002000,1,11,2306030011,경포해수욕장
f_f002000,1,12,2306030012,강릉 바삭이네
f_f002000,1,13,2306030013,배니 닭강정
f_f002000,1,14,2306030014,나이 스 모텔
f_f002000,2,1,2306040001,현대관광 렌터카 강릉 포남 영업소
f_f002000,2,2,2306040003,강릉 땅 커피콩 빵 강릉역점
f_f002000,2,3,2306040002,강릉역
f_f002000,2,4,2306040004,서울역
f_f002000,2,5,2306040005,집
f_f002004,1,1,2306060001,집
f_f002004,1,2,2306060002,히어로 스포츠파크 양산점
f_f002004,1,3,2306060003,붐 테이블 오슬로 파크 양산점
f_f002004,1,4,2306060004,집
f_f002007,1,1,2306030001,집
f_f002007,1,2,2306030002,트레이더스 홀세일 클럽 연산점
f_f002007,1,3,2306030003,두부마을
f_f002007,1,4,2306030004,담아 봄 풀빌라
f_f002007,2,1,2306040001,폴콘 경주점
f_f002007,2,2,2306040003,교리 김밥 경주 본점
f_f002007,2,3,2306040004,경주 황룡사 역사문화관
f_f002007,2,4,2306040005,경주역사유적지구
f_f002007,2,5,2306040002,집
f_f002010,1,1,2305280001,숙소
f_f002010,1,2,2305280002,하슬라아트월드
f_f002010,1,3,2305280003,강릉 올림픽 뮤지엄
f_f002010,1,4,2305280004,디스코 버거
f_f002010,1,5,2305280005,금진항
f_f002010,1,6,2305280006,홈플러스 강릉점
f_f002010,1,7,2305280007,강릉 마리스펜션
f_f002010,2,1,2305290001,금진항
f_f002010,2,2,2305290002,크림 브리즈
f_f002010,2,3,2305290003,정동진 레일바이크
f_f002010,2,4,2305290004,금학 칼국수
f_f002010,2,5,2305290005,삼산 한국아파트
f_f002017,1,1,2306030001,집
f_f002017,1,2,2306030003,광주 한 휴게소
f_f002017,1,3,2306030004,하늘 목장
f_f002017,1,4,2306030005,대관령한우플라자
f_f002017,1,5,2306030002,집
f_f002020,1,1,2305310001,집
f_f002020,1,2,2305310002,키친 온유
f_f002020,1,3,2305310003,카페 달 홀
f_f002020,1,4,2305310004,청간정
f_f002020,1,5,2305310005,아야진해수욕장
f_f002020,1,6,2305310006,선라이즈 호텔
f_f002020,1,7,2305310007,속초관광수산시장
f_f002020,1,8,2305310009,선라이즈 호텔
f_f002020,2,1,2306010001,아바이마을
f_f002020,2,2,2306010002,커피 해요
f_f002020,2,3,2306010003,속초해수욕장
f_f002020,2,4,2306010004,솔밭 가든 막국수
f_f002020,2,5,2306010005,집
f_f002030,1,1,2306040001,집
f_f002030,1,2,2306040002,남이섬
f_f002030,1,3,2306040003,별당막국수
f_f002030,1,4,2306040004,그리고 봄
f_f002030,1,5,2306040005,집
f_f002032,1,1,2305310002,집
f_f002032,1,2,2305310001,경주 원성왕릉
f_f002032,1,3,2305310003,수봉 정
f_f002032,1,4,2305310004,뉴전주식당
f_f002032,1,5,2305310005,포워드
f_f002032,1,6,2305310006,경북 천년 숲 정원
f_f002032,1,7,2305310007,집
f_f002037,1,1,2305280001,집
f_f002037,1,2,2305280003,통나무집 닭갈비
f_f002037,1,3,2305280004,카페 감자밭 본점
f_f002037,1,4,2305280005,청평사
f_f002037,1,5,2305280002,해피데이펜션
f_f002037,2,1,2305290001,남이섬
f_f002037,2,2,2305290002,공원 막국수
f_f002037,2,3,2305290003,집
f_f002039,1,1,2305280001,집
f_f002039,1,2,2305280005,울산 시외버스터미널
f_f002039,1,3,2305280006,광안리 막창집
f_f002039,1,4,2305280007,메가 MGC 커피 광안 오션 브릿지점
f_f002039,1,5,2305280002,H 에비뉴 호텔 광안리점
f_f002039,2,1,2305290002,광안리해수욕장
f_f002039,2,2,2305290003,롯데백화점 부산본점
f_f002039,2,3,2305290004,이재모 피자 서면점
f_f002039,2,4,2305290005,부산종합버스터미널
f_f002039,2,5,2305290001,집
f_f002040,1,1,2306010001,집
f_f002040,1,2,2306010002,계양역 공항철도
f_f002040,1,3,2306010003,서울역 공항철도
f_f002040,1,4,2306010004,묵호역
f_f002040,1,5,2306010005,거동 탕수육
f_f002040,1,6,2306010006,묵호항 수변공원
f_f002040,1,7,2306010007,도째비골스카이밸리
f_f002040,1,8,2306010008,논골담길
f_f002040,1,9,2306010009,도째비골스카이밸리
f_f002040,1,10,2306010010,강추 맛집 동해점
f_f002040,1,11,2306010011,여행 책방 잔잔하게
f_f002040,1,12,2306010012,런던 브라우니
f_f002040,1,13,2306010013,끼룩 상점
f_f002040,1,14,2306010014,뉴동해관광호텔
f_f002040,1,15,2306010015,회생각 포차
f_f002040,1,16,2306010016,한섬 해변
f_f002040,1,17,2306010017,뉴동해관광호텔
f_f002040,2,1,2306020001,런던 브라우니
f_f002040,2,2,2306020002,묵호 물회 효가점
f_f002040,2,3,2306020003,해파랑길 33코스
f_f002040,2,4,2306020004,동해역
f_f002040,2,5,2306020005,청량리역
f_f002040,2,6,2306020006,해이븐 포차
f_f002040,2,7,2306020007,집
f_f002042,1,1,2306040001,집
f_f002042,1,2,2306040002,포니랜드
f_f002042,1,3,2306040003,하와이안 새우 트럭
f_f002042,1,4,2306040004,석남사
f_f002042,1,5,2306040005,캠프 포레
f_f002042,2,1,2306050001,우리 아이 마음숲 놀이터
f_f002042,2,2,2306050002,집
f_f002044,1,1,2306060001,사무실
f_f002044,1,2,2306060003,가평휴게소 춘천방향
f_f002044,1,3,2306060004,하조대
f_f002044,1,4,2306060005,양양 서프 카페
f_f002044,1,5,2306060006,쏠비치 양양
f_f002044,1,6,2306060007,리빙
f_f002044,1,7,2306060008,죽도해변
f_f002044,1,8,2306060009,쏠비치 양양
f_f002044,1,9,2306060010,양양하다
f_f002044,1,10,2306060011,서프 클리프
f_f002044,1,11,2306060002,쏠비치 양양
f_f002044,2,1,2306070002,양양 서프 카페
f_f002044,2,2,2306070003,상운 메밀촌
f_f002044,2,3,2306070004,가평휴게소 서울방향
f_f002044,2,4,2306070001,김포국제공항 국내선 도착층
f_f002045,1,1,2306040001,집
f_f002045,1,2,2306040002,해양성국밥 양산북정점
f_f002045,1,3,2306040003,캠프 포레
f_f002045,1,4,2306040004,캠프 포레
f_f002045,2,1,2306050001,우리 아이 마음숲 놀이터
f_f002045,2,2,2306050002,할배 손두부집
f_f002045,2,3,2306050003,황룡사
f_f002045,2,4,2306050004,홍룡폭포
f_f002045,2,5,2306050005,집
f_f002046,1,1,2305280001,집
f_f002046,1,2,2305280002,홍천휴게소 양양방향
f_f002046,1,3,2305280003,교암 막국수
f_f002046,1,4,2305280004,해든 호텔
f_f002046,1,5,2305280005,대게나라 조개마을
f_f002046,1,6,2305280006,해든 호텔
f_f002046,2,1,2305290001,동해 순댓국
f_f002046,2,2,2305290002,속초해수욕장
f_f002046,2,3,2305290003,보사노바 속초점
f_f002046,2,4,2305290004,집
f_f002049,1,1,2306030001,집
f_f002049,1,2,2306030002,남부 식당
f_f002049,1,3,2306030003,구월의 마카롱
f_f002049,1,4,2306030004,교보 핫트랙스 경성대부경대 센터
f_f002049,1,5,2306030005,부산 서부버스터미널
f_f002049,1,6,2306030006,돌담
f_f002049,1,7,2306030007,한후관
f_f002049,1,8,2306030008,가족 집
f_f002049,2,1,2306040001,통영해양관광공원
f_f002049,2,2,2306040002,롯데시네마 통영
f_f002049,2,3,2306040003,황금 코다리 통영점
f_f002049,2,4,2306040004,통영해양스포츠센터
f_f002049,2,5,2306040005,가족 집
f_f002049,2,6,2306040007,통영종합버스터미널
f_f002049,2,7,2306040006,집
f_f002053,1,1,2306040001,친구 친지 집
f_f002053,1,2,2306040002,리치마트 무양점
f_f002053,1,3,2306040003,군위영천휴게소 영천방향
f_f002053,1,4,2306040004,경주 양남 주상절리
f_f002053,1,5,2306040005,경주 문무대왕릉
f_f002053,1,6,2306040007,만파 펜션
f_f002053,1,7,2306040008,신라의 달밤 월정교
f_f002053,1,8,2306040006,만파 펜션
f_f002053,2,1,2306050002,전촌솔밭해변
f_f002053,2,2,2306050003,옥이 밥상
f_f002053,2,3,2306050004,나정고운 모래해변 오토캠핑장
f_f002053,2,4,2306050005,감포해국길
f_f002053,2,5,2306050006,1925감포
f_f002053,2,6,2306050007,녹양 향촌점
f_f002053,2,7,2306050008,방촌시장
f_f002053,2,8,2306050001,상주 무양 LH7단지 아파트
f_f002054,1,1,2306030001,집
f_f002054,1,2,2306030002,뱃말 칼국수 김밥 본점
f_f002054,1,3,2306030003,지세포성
f_f002054,1,4,2306030004,저구항
f_f002054,1,5,2306030005,고성시장
f_f002054,1,6,2306030006,삼천포 용궁 수산시장
f_f002054,1,7,2306030007,집
f_f002056,1,1,2306030001,집
f_f002056,1,2,2306030002,바다서프
f_f002056,1,3,2306030003,속초 아이
f_f002056,1,4,2306030004,속초관광수산시장
f_f002056,1,5,2306030005,속초 체스터 톤즈
f_f002056,2,1,2306040001,두일막국수
f_f002056,2,2,2306040002,상원사
f_f002056,2,3,2306040003,집
f_f002058,1,1,2306070001,집
f_f002058,1,2,2306070002,오션블루 가덕휴게소
f_f002058,1,3,2306070003,거제 옥포대첩 기념공원
f_f002058,1,4,2306070004,충무김밥
f_f002058,1,5,2306070005,바람의 언덕
f_f002058,1,6,2306070006,해금강
f_f002058,1,7,2306070007,신선대
f_f002058,1,8,2306070008,거제자연휴양림
f_f002058,2,1,2306080001,거제 목재문화체험장
f_f002058,2,2,2306080002,산달도
f_f002058,2,3,2306080003,동피랑 벽화마을
f_f002058,2,4,2306080004,메르시 45
f_f002058,2,5,2306080005,통영항
f_f002058,2,6,2306080006,집
f_f002059,1,1,2305280001,숙소
f_f002059,1,2,2305280009,고속터미널역 3호선
f_f002059,1,3,2305280002,횡성휴게소 강릉방향
f_f002059,1,4,2305280004,대관령 옛길
f_f002059,1,5,2305280003,대관령 마을 휴게소
f_f002059,1,6,2305280005,대관령 양 떼 식당
f_f002059,1,7,2305280006,만끽 치킨 서울고속버스터미널점
f_f002059,1,8,2305280007,홍제역 3호선
f_f002059,1,9,2305280008,제이 여성 병원
f_f002062,1,1,2306020001,사무실
f_f002062,1,2,2306020002,황성 가야 밀면
f_f002062,1,3,2306020003,어마 무시
f_f002062,1,4,2306020004,대릉원
f_f002062,1,5,2306020005,유원 빌라
f_f002062,2,1,2306030001,커피공방 온 다방
f_f002062,2,2,2306030002,경주 문무대왕릉
f_f002062,2,3,2306030003,한국 대중음악 박물관
f_f002062,2,4,2306030004,신꼬막 짬뽕 본점
f_f002062,2,5,2306030005,집
f_f002063,1,1,2305280001,집
f_f002063,1,2,2305280002,왕매미 오락실
f_f002063,1,3,2305280003,수백 진국 본점
f_f002063,1,4,2305280004,필소굿커피
f_f002063,1,5,2305280005,밀란 더 마켓
f_f002063,1,6,2305280006,집
f_f002064,1,1,2305290001,집
f_f002064,1,2,2305290002,부곡스파디움 따오기 호텔
f_f002064,1,3,2305290003,고령 대가야 시장
f_f002064,1,4,2305290004,집
f_f002065,1,1,2305280001,친구 친지 집
f_f002065,1,2,2305280002,용인휴게소 강릉방향
f_f002065,1,3,2305280003,카페 255
f_f002065,1,4,2305280004,대포항 수산시장
f_f002065,1,5,2305280006,쏠비치 양양
f_f002065,2,1,2305290001,송이 닭강정 분점
f_f002065,2,2,2305290002,파머스 키친
f_f002065,2,3,2305290003,하조대해수욕장
f_f002065,2,4,2305290004,금암동 493-5
f_f002071,1,1,2306100001,집
f_f002071,1,2,2306100002,오퐁드부아 티 하우스
f_f002071,1,3,2306100003,생수정식당
f_f002071,1,4,2306100004,룰리 커피 가창점
f_f002071,1,5,2306100005,집
f_f002072,1,1,2305280001,집
f_f002072,1,2,2305280003,내린천 휴게소 양양 방향
f_f002072,1,3,2305280004,강릉 선교장
f_f002072,1,4,2305280005,세라젬 웹 카페 강릉 중앙직영점
f_f002072,1,5,2305280006,원조 강릉고 동반점 본점
f_f002072,1,6,2305280007,강릉 솔 향 수목원
f_f002072,1,7,2305280008,명렬
f_f002072,1,8,2305280002,동신 모텔
f_f002072,2,1,2305290002,소나무집 초당순두부
f_f002072,2,2,2305290003,순두부 젤라또 1호점
f_f002072,2,3,2305290004,송지호해수욕장
f_f002072,2,4,2305290005,서낭바위
f_f002072,2,5,2305290006,고성 왕곡마을
f_f002072,2,6,2305290001,집
f_f002073,1,1,2305290001,집
f_f002073,1,2,2305290002,고석정
f_f002073,1,3,2305290003,고석정 꽃밭
f_f002073,1,4,2305290004,산정호수
f_f002073,1,5,2305290005,집
f_f002082,1,1,2306030001,집
f_f002082,1,2,2306030002,영일대 장미원
f_f002082,1,3,2306030003,규카츠정 포항점
f_f002082,1,4,2306030004,영일대해수욕장
f_f002082,1,5,2306030005,환호공원 스페이스 워크
f_f002082,1,6,2306030006,환호공원 포항시립미술관
f_f002082,1,7,2306030007,죽도 시장
f_f002082,1,8,2306030008,칠곡 영남 타운 2차 아파트
f_f002083,1,1,2306030001,집
f_f002083,1,2,2306030002,이마트 자양점
f_f002083,1,3,2306030003,양평 휴게소 원주 방향
f_f002083,1,4,2306030004,알펜시아리조트 알파인코스터
f_f002083,1,5,2306030005,대관령원예농협 하나로마트
f_f002083,1,6,2306030006,평창휴게소 주유소 서창방향
f_f002083,1,7,2306030008,가야지 캠핑장
f_f002083,2,1,2306040001,카페 921
f_f002083,2,2,2306040002,집
f_f002087,1,1,2307090001,집
f_f002087,1,2,2307090003,명동 가츠라
f_f002087,1,3,2307090002,롯데 프리미엄 아웃렛 동부산점
f_f002087,1,4,2307090004,등대 전망대
f_f002087,1,5,2307090005,집
f_f002088,1,1,2306030001,집
f_f002088,1,2,2306030002,진영휴게소 순천방향
f_f002088,1,3,2306030003,천왕봉하누골먹돼지
f_f002088,1,4,2306030008,느티나무 산장
f_f002088,2,1,2306040001,지리산 백무동
f_f002088,2,2,2306040002,지리산 쉼표
f_f002088,2,3,2306040003,카페휴천
f_f002088,2,4,2306040005,사천휴게소 부산방향
f_f002088,2,5,2306040004,집
f_f002094,1,1,2305290001,집
f_f002094,1,2,2305290003,평창휴게소 강릉방향
f_f002094,1,3,2305290002,청초호유원지
f_f002094,1,4,2305290004,봉포 잠수부 집 본점
f_f002094,1,5,2305290005,어나더 블루
f_f002094,1,6,2305290006,동아서점
f_f002094,1,7,2305290007,속초관광수산시장
f_f002094,1,8,2305290008,소노캄 델피노
f_f002094,1,9,2305290009,굿앤 구스 소논문 델피노점
f_f002094,1,10,2305290010,소노캄 델피노
f_f002094,2,1,2305300001,소노펠리체 델피노 더엠브로시아
f_f002094,2,2,2305300002,소노 시즌 브랜드 스토어 소노캄 델피노
f_f002094,2,3,2305300003,내린천 휴게소 서울 방향
f_f002094,2,4,2305300004,집
f_f002097,1,1,2306090001,집
f_f002097,1,2,2306090002,부산역
f_f002097,1,3,2306090003,치킨버거 클럽
f_f002097,1,4,2306090004,나이브 브루어스
f_f002097,1,5,2306090005,KTG 상상마당 부산
f_f002097,1,6,2306090006,해운대해수욕장
f_f002097,1,7,2306090007,파스쿠찌 부산 해운대 LCT 점
f_f002097,1,8,2306090008,해운대 블루라인파크 미포 정거장
f_f002097,1,9,2306090009,퍼주는 집
f_f002097,1,10,2306090010,해운대해수욕장
f_f002097,1,11,2306090011,하운드시그니처호텔 해운대점
f_f002097,2,1,2306100001,금수복국 해운대본점
f_f002097,2,2,2306100002,호랑이 젤라떡
f_f002097,2,3,2306100003,타이드
f_f002097,2,4,2306100004,송림공원
f_f002097,2,5,2306100005,다대포해수욕장
f_f002097,2,6,2306100006,문 토스트 다대포점
f_f002097,2,7,2306100007,부산역
f_f002097,2,8,2306100008,집
f_f002101,1,1,2306050001,집
f_f002101,1,2,2306050002,릴리 로즈
f_f002101,1,3,2306050003,서피랑떡복기
f_f002101,1,4,2306050005,통제영 주차장
f_f002101,1,5,2306050004,동피랑 벽화마을
f_f002101,1,6,2306050006,동피랑 폴리
f_f002101,1,7,2306050007,이순신공원
f_f002101,1,8,2306050008,동피랑 전복만을
f_f002101,1,9,2306050009,집
f_f002102,1,1,2306030001,집
f_f002102,1,2,2306030002,대화역 3호선
f_f002102,1,3,2306030003,서울역
f_f002102,1,4,2306030005,부산역
f_f002102,1,5,2306030006,웁스 호텔
f_f002102,1,6,2306030008,뚜벅스 광안점
f_f002102,1,7,2306030007,해운대해수욕장
f_f002102,1,8,2306030009,솔 게스트하우스 부산 파티점
f_f002102,1,9,2306030010,민락수변공원
f_f002102,1,10,2306030004,집
f_f002102,2,1,2306040002,웁스 호텔
f_f002102,2,2,2306040003,경주 박가 국밥 수영점
f_f002102,2,3,2306040004,부산역
f_f002102,2,4,2306040005,서울역
f_f002102,2,5,2306040001,집
f_f002103,1,1,2305290003,집
f_f002103,1,2,2305290001,불의 정원
f_f002103,1,3,2305290002,형산강 장미원
f_f002103,1,4,2305290004,박신우 제면소
f_f002103,1,5,2305290005,집
f_f002114,1,1,2306030001,집
f_f002114,1,2,2306030003,기요향
f_f002114,1,3,2306030004,무이
f_f002114,1,4,2306030005,황산공원
f_f002114,1,5,2306030006,화명생태공원
f_f002114,1,6,2306030002,집
f_f002116,1,1,2305280001,집
f_f002116,1,2,2305280002,오션블루 가덕휴게소
f_f002116,1,3,2305280003,거제 식물원 정글돔
f_f002116,1,4,2305280004,거제도 현 시장
f_f002116,1,5,2305280007,화이트와 펜션
f_f002116,2,1,2305290001,한화리조트 거제 벨보 디어
f_f002116,2,2,2305290002,집
f_f002117,1,1,2306010001,사무실
f_f002117,1,2,2306010002,아홉 살 숲
f_f002117,1,3,2306010003,철마 연밥
f_f002117,1,4,2306010004,해동용궁사
f_f002117,1,5,2306010005,이케아 동부산점
f_f002117,1,6,2306010006,서프 홀릭 카페 홀릭
f_f002117,1,7,2306010007,카리브 2호점
f_f002117,1,8,2306010008,해운대 1번 조개구이
f_f002117,1,9,2306010016,카리브 2호점
f_f002117,2,1,2306020001,안주 깡패
f_f002117,2,2,2306020002,카리브 2호점
f_f002117,2,3,2306020003,해운대 블루라인파크 송정 정거장
f_f002117,2,4,2306020004,식당 연화
f_f002117,2,5,2306020005,더 젬 코리아
f_f002117,2,6,2306020006,경북 천년 숲 정원
f_f002117,2,7,2306020007,영천시청
f_f002119,1,1,2305280001,집
f_f002119,1,2,2305280002,대릉원
f_f002119,1,3,2305280003,황련단길
f_f002119,1,4,2305280004,경주월드
f_f002119,1,5,2305280005,남중 빌라 ( 부산 복귀)
f_f002123,1,1,2305280001,집
f_f002123,1,2,2305280003,산리 오러 버스 클럽
f_f002123,1,3,2305280004,더반 호텔 해운대점
f_f002123,1,4,2305280005,해운 대양 꼬치 앤 마라 훠궈
f_f002123,1,5,2305280006,다이소 부산 해운대점
f_f002123,1,6,2305280007,왕매미 오락실
f_f002123,1,7,2305280008,더반 호텔 해운대점
f_f002123,1,8,2305280009,해운대해수욕장
f_f002123,1,9,2305280010,인생네컷 해운대 광장점
f_f002123,1,10,2305280002,더반 호텔 해운대점
f_f002123,2,1,2305290002,이케아 동부산점
f_f002123,2,2,2305290003,울산대공원 장미축제
f_f002123,2,3,2305290001,집
f_f002428,1,1,2306040001,집
f_f002428,1,2,2306040003,개운포 역 동해선
f_f002428,1,3,2306040004,선암호수 공원
f_f002428,1,4,2306040005,선암호수 공원 피크닉 광장
f_f002428,1,5,2306040006,선암호수 공원 선암은 꽃지
f_f002428,1,6,2306040007,투썸플레이스 울산 선암호수 공원점
f_f002428,1,7,2306040008,선암호수 공원
f_f002428,1,8,2306040009,시 해운대역 동해선
f_f002428,1,9,2306040002,집
f_f002433,1,1,2306030001,집
f_f002433,1,2,2306030003,뮤지엄 산
f_f002433,1,3,2306030004,카페 553
f_f002433,1,4,2306030002,집
f_f002438,1,1,2306020001,사무실
f_f002438,1,2,2306020002,서울역
f_f002438,1,3,2306020003,강릉역
f_f002438,1,4,2306020004,필그림 게스트하우스
f_f002438,1,5,2306020005,건 도리 횟집
f_f002438,1,6,2306020006,필그림 게스트하우스
f_f002438,2,1,2306030001,강문해변
f_f002438,2,2,2306030002,31건어물 강문점
f_f002438,2,3,2306030004,초당순두부마을
f_f002438,2,4,2306030003,9남매 집
f_f002438,2,5,2306030005,유리알 유희
f_f002438,2,6,2306030006,송정해변
f_f002438,2,7,2306030007,346커피스토리
f_f002438,2,8,2306030008,강릉 샌드 초당점
f_f002438,2,9,2306030009,강릉 시외버스터미널
f_f002438,2,10,2306030010,평택 공용버스터미널
f_f002438,2,11,2306030011,만도 사원아파트
f_f002445,1,1,2306060001,집
f_f002445,1,2,2306060002,월정사
f_f002445,1,3,2306060003,오대산 월정사 전나무 숲길
f_f002445,1,4,2306060004,대관령 삼양 목장
f_f002445,1,5,2306060006,라마다호텔 스위트 평창
f_f002445,2,1,2306070001,집
f_f002449,1,1,2306040001,집
f_f002449,1,2,2306040002,이마트 에브리데이 성주점
f_f002449,1,3,2306040003,엄마 손 김밥도 사
f_f002449,1,4,2306040005,가야산 오토캠핑장
f_f002449,2,1,2306050001,왕만두 식당
f_f002449,2,2,2306050002,원인(WantIt)
f_f002449,2,3,2306050003,집
f_f002451,1,1,2306040001,집
f_f002451,1,2,2306040004,분천역
f_f002451,1,3,2306040005,철암역
f_f002451,1,4,2306040003,분천 커피 방앗간
f_f002451,1,5,2306040008,죽변 드라마  세트장  폭풍 속으로
f_f002451,1,6,2306040007,철암 역사 탄광촌
f_f002451,1,7,2306040006,면사무소
f_f002451,1,8,2306040002,죽변항
f_f002451,2,1,2306050001,죽변 해안 스카이 레일
f_f002451,2,2,2306050002,영덕 강구 시장
f_f002451,2,3,2306050003,사무실
f_f002452,1,1,2306010001,집
f_f002452,1,2,2306010002,군위 이로운 한우
f_f002452,1,3,2306010003,인각사
f_f002452,1,4,2306010004,카페 댐 댐
f_f002452,1,5,2306010005,화산 산성 풍차 전망대
f_f002452,1,6,2306010006,담소락
f_f002452,1,7,2306010007,집
f_f002457,1,1,2306020001,집
f_f002457,1,2,2306020002,서울남부터미널
f_f002457,1,3,2306020003,금산인삼랜드 휴게소 통영방향
f_f002457,1,4,2306020004,남해공용터미널
f_f002457,1,5,2306020005,남해밀냉면
f_f002457,1,6,2306020006,남해 독일마을
f_f002457,1,7,2306020007,남해 보물섬 전망대 스카이워크
f_f002457,1,8,2306020008,해 나라 전복마을
f_f002457,1,9,2306020009,상주은모래비치
f_f002457,1,10,2306020010,숙소
f_f002457,2,1,2306030001,이동면
f_f002457,2,2,2306030002,다랭이마을 전망대
f_f002457,2,3,2306030003,시골 할미 막걸리
f_f002457,2,4,2306030004,카페톨
f_f002457,2,5,2306030005,남해전통시장
f_f002457,2,6,2306030006,남해공용터미널
f_f002457,2,7,2306030007,대전복합터미널 서관 주차장
f_f002457,2,8,2306030009,서울남부터미널
f_f002457,2,9,2306030008,집
f_f002459,1,1,2306040001,집
f_f002459,1,2,2306040002,도개 미쉐린 휴게소
f_f002459,1,3,2306040003,문경도 자기 박물관
f_f002459,1,4,2306040004,탄광촌 식당
f_f002459,1,5,2306040005,옛길 박물관
f_f002459,1,6,2306040006,문경 생태 미로공원
f_f002459,1,7,2306040008,스타벅스 문경새재점
f_f002459,1,8,2306040007,문경새재도립공원
f_f002459,1,9,2306040009,CU 문경새재점
f_f002459,1,10,2306040010,가은 아자개 장터
f_f002459,1,11,2306040012,오복식당
f_f002459,1,12,2306040011,집
f_f002460,1,1,2306030001,친구 친지 집
f_f002460,1,2,2306030002,용산역
f_f002460,1,3,2306030003,강촌역 경춘선
f_f002460,1,4,2306030004,북한강
f_f002460,1,5,2306030005,삼악산
f_f002460,1,6,2306030006,장호 닭갈비 명가
f_f002460,1,7,2306030007,카페 감자밭 본점
f_f002460,1,8,2306030008,소양강
f_f002460,1,9,2306030009,춘천역 경춘선
f_f002460,1,10,2306030011,용산역
f_f002460,1,11,2306030010,집
f_f002462,1,1,2306060001,집
f_f002462,1,2,2306060003,더 키친 일로 르노 현대백화점 판교점
f_f002462,1,3,2306060004,런닝맨 강릉점
f_f002462,1,4,2306060005,강문해변
f_f002462,1,5,2306060002,세인트존스 호텔
f_f002462,2,1,2306070002,엄지네 포장마차 본점
f_f002462,2,2,2306070003,안목 해변
f_f002462,2,3,2306070001,집
f_f002464,1,1,2306040001,집
f_f002464,1,2,2306040002,동부 주차장
f_f002464,1,3,2306040003,천안아산역
f_f002464,1,4,2306040004,동대구역
f_f002464,1,5,2306040005,아스테리아 밀즈
f_f002464,1,6,2306040006,아눅앞산
f_f002464,1,7,2306040007,반월당역 대구 1호선
f_f002464,1,8,2306040009,수성못
f_f002464,1,9,2306040008,루시드
f_f002464,1,10,2306040010,서문시장
f_f002464,1,11,2306040011,이스턴 호텔
f_f002464,2,1,2306050001,팔공산 케이블카
f_f002464,2,2,2306050002,솔마루
f_f002464,2,3,2306050003,중앙 떡볶이
f_f002464,2,4,2306050004,2.28기념중앙공원
f_f002464,2,5,2306050005,걸리버 막창 동성로 직영점
f_f002464,2,6,2306050006,동대구역
f_f002464,2,7,2306050007,천안아산역
f_f002464,2,8,2306050008,동부 주차장
f_f002464,2,9,2306050009,집
f_f002465,1,1,2306030001,집
f_f002465,1,2,2306030002,천곡 황금박쥐동굴
f_f002465,1,3,2306030003,추암 촛대바위
f_f002465,1,4,2306030004,강릉 순두부 젤라또
f_f002465,1,5,2306030005,진성 갈비
f_f002465,1,6,2306030008,킹 모텔
f_f002465,1,7,2306030007,이마트 동해 점
f_f002465,1,8,2306030006,킹 모텔
f_f002465,2,1,2306040001,밥집
f_f002465,2,2,2306040002,묵호등대
f_f002465,2,3,2306040003,동해명물도째비빵
f_f002465,2,4,2306040004,망상 해변
f_f002465,2,5,2306040005,옥계휴게소 속초방향
f_f002465,2,6,2306040006,덕평자연휴게소 인천방향
f_f002465,2,7,2306040007,집
f_f002466,1,1,2306040001,집
f_f002466,1,2,2306040002,강릉역
f_f002466,1,3,2306040003,미가 식당
f_f002466,1,4,2306040004,라라의 안목
f_f002466,1,5,2306040005,발리 코코넛
f_f002466,1,6,2306040006,안목 해변
f_f002466,1,7,2306040007,아르떼 뮤지엄 강릉
f_f002466,1,8,2306040008,어대 대게 횟집
f_f002466,1,9,2306040009,강릉 중앙시장
f_f002466,1,10,2306040010,두부 커피콩 빵
f_f002466,1,11,2306040011,강릉역
f_f002466,1,12,2306040012,집
f_f002468,1,1,2306030001,친구 친지 집
f_f002468,1,2,2306030003,남해 독일마을
f_f002468,1,3,2306030005,길가 야생화 꽃밭
f_f002468,1,4,2306030004,동남해 농협 하나로마트 삼동점
f_f002468,1,5,2306030006,지족리 해
f_f002468,1,6,2306030007,솥뚜껑 수산
f_f002468,1,7,2306030008,죽방렴 관람대
f_f002468,1,8,2306030002,지족리 해
f_f002468,2,1,2306040001,상주은모래비치
f_f002468,2,2,2306040002,수리향
f_f002468,2,3,2306040003,설리 스카이워크
f_f002468,2,4,2306040004,투모로우 오피스텔
f_f002471,1,1,2306030001,집
f_f002471,1,2,2306030002,금강산 화암사
f_f002471,1,3,2306030003,성인데
f_f002471,1,4,2306030004,금강산 화암사
f_f002471,1,5,2306030005,고 식당
f_f002471,1,6,2306030007,공현진 1리 해변
f_f002471,1,7,2306030006,거진항 수산물 판매장
f_f002471,1,8,2306030008,G2002
f_f002471,2,1,2306040001,통일전망대 출입 시고 소
f_f002471,2,2,2306040002,통일전망대
f_f002471,2,3,2306040003,DMZ 박물관
f_f002471,2,4,2306040004,화진포 메밀막국수 본점
f_f002471,2,5,2306040005,화진포해변
f_f002471,2,6,2306040006,온 더 버튼
f_f002471,2,7,2306040007,서피 비치
f_f002471,2,8,2306040008,집
f_f002473,1,1,2306070001,집
f_f002473,1,2,2306070002,국립경주박물관
f_f002473,1,3,2306070004,이 풍년 구로 쌈밥
f_f002473,1,4,2306070003,첨성대
f_f002473,1,5,2306070005,경주 보문관광단지
f_f002473,1,6,2306070006,집
f_f002475,1,1,2306090001,집
f_f002475,1,2,2306090002,홍천 휴게소 양양 방향
f_f002475,1,3,2306090004,컨 피네스 오션 스위트
f_f002475,1,4,2306090005,만복 수산
f_f002475,1,5,2306090003,강릉 동화 가든 본점
f_f002475,1,6,2306090006,컨 피네스 오션 스위트
f_f002475,2,1,2306100001,경포해수욕장
f_f002475,2,2,2306100004,참소리축음기 박물관
f_f002475,2,3,2306100002,라뤼슈
f_f002475,2,4,2306100003,강릉 중앙시장
f_f002475,2,5,2306100005,런닝맨
f_f002475,2,6,2306100006,집
f_f002477,1,1,2306030001,집
f_f002477,1,2,2306030002,수서역
f_f002477,1,3,2306030003,부산역
f_f002477,1,4,2306030004,명륜역 부산 1호선
f_f002477,1,5,2306030005,도해사
f_f002477,1,6,2306030006,스콜
f_f002477,1,7,2306030007,토요코인 호텔 부산 서면
f_f002477,2,1,2306040001,보광사
f_f002477,2,2,2306040002,황령산
f_f002477,2,3,2306040003,동백 초밥
f_f002477,2,4,2306040004,덤보 커피
f_f002477,2,5,2306040006,비엔씨 도넛
f_f002477,2,6,2306040005,부산역
f_f002477,2,7,2306040008,수서역
f_f002477,2,8,2306040007,집
f_f002480,1,1,2306020001,집
f_f002480,1,2,2306020003,가평휴게소 춘천 방향
f_f002480,1,3,2306020004,맹방해수욕장 주차장
f_f002480,2,1,2306030001,맹방해수욕장 주차장
f_f002480,2,2,2306030002,장호항
f_f002480,2,3,2306030003,홍문어
f_f002480,2,4,2306030004,투썸플레이스 삼척 장호항점
f_f002480,2,5,2306030005,용화 해변
f_f002480,2,6,2306030006,미인폭포
f_f002480,2,7,2306030007,황지 식육점 원조 실비식당
f_f002480,2,8,2306030008,집
f_f002485,1,1,2306080001,집
f_f002485,1,2,2306080003,부산 서부버스터미널
f_f002485,1,3,2306080004,통영종합버스터미널
f_f002485,1,4,2306080006,택시 승강장
f_f002485,1,5,2306080007,가지치 선착장
f_f002485,1,6,2306080008,사량 여객터미널
f_f002485,1,7,2306080010,명동식당
f_f002485,1,8,2306080009,바다 풍경펜션
f_f002485,1,9,2306080011,사량도 순환버스 승차장
f_f002485,1,10,2306080013,사량도 하도 순환버스 탑승
f_f002485,1,11,2306080012,바다 풍경펜션
f_f002485,1,12,2306080016,바다 풍경펜션
f_f002485,1,13,2306080014,사량 대교
f_f002485,1,14,2306080015,바다 풍경펜션
f_f002485,1,15,2306080017,옥녀봉
f_f002485,1,16,2306080019,바다 풍경펜션
f_f002485,1,17,2306080020,사량도 여객선 터미널
f_f002485,1,18,2306080021,가지치 선착장
f_f002485,1,19,2306080022,통영중앙전통시장
f_f002485,1,20,2306080023,통영항 여객선 터미널
f_f002485,1,21,2306080024,통영종합버스터미널
f_f002485,1,22,2306080025,부산 서부버스터미널
f_f002485,1,23,2306080026,롯데리아 부산 사상점
f_f002485,1,24,2306080018,집
f_f002485,2,1,2306090001,집
f_f002492,1,1,2306030001,집
f_f002492,1,2,2306030002,기아 오토 큐 용상점
f_f002492,1,3,2306030003,장사해수욕장
f_f002492,1,4,2306030004,등 계산 스카이워크
f_f002492,1,5,2306030005,후포 어 시장 회도 매 셀타
f_f002492,1,6,2306030007,경상북도교육청 해양수련원
f_f002492,2,1,2306040001,금속 생태공원
f_f002492,2,2,2306040002,집
f_f002494,1,1,2306040001,집
f_f002494,1,2,2306040008,대릉원 돌담길
f_f002494,1,3,2306040002,슬랩트 경주점
f_f002494,1,4,2306040003,배리 삼릉공원
f_f002494,1,5,2306040004,모노 맨션 황리단길점
f_f002494,1,6,2306040005,새힘
f_f002494,1,7,2306040006,황남동 고분군
f_f002494,1,8,2306040007,첨성대
f_f002494,1,9,2306040009,집
f_f002495,1,1,2306090001,사무실
f_f002495,1,2,2306090003,소옥
f_f002495,1,3,2306090004,손가맥집
f_f002495,1,4,2306090002,세로가 민 박
f_f002495,2,1,2306100001,첨성대
f_f002495,2,2,2306100002,월정교
f_f002495,2,3,2306100003,이스트 1779
f_f002495,2,4,2306100004,양지 식당
f_f002495,2,5,2306100005,경주엑스포 대공원
f_f002495,2,6,2306100006,카페 솔거랑
f_f002495,2,7,2306100007,경주 솔거 미술관
f_f002495,2,8,2306100008,집
f_f002498,1,1,2306090001,사무실
f_f002498,1,2,2306090002,부산역
f_f002498,1,3,2306090003,신경주역
f_f002498,1,4,2306090004,황련단길
f_f002498,1,5,2306090005,화양연화
f_f002498,1,6,2306090006,펫 마트 경주 화랑점
f_f002498,1,7,2306090007,해피데이 해피 독 펜션
f_f002498,2,1,2306100001,료미
f_f002498,2,2,2306100002,설월
f_f002498,2,3,2306100003,오 홀리데이
f_f002498,2,4,2306100004,황남쫀드기
f_f002498,2,5,2306100005,대릉원
f_f002498,2,6,2306100006,경주농협 하나로마트 본점
f_f002498,2,7,2306100007,해피데이 해피 독 펜션
f_f002500,1,1,2306080001,집
f_f002500,1,2,2306080002,도천 다세대
f_f002500,1,3,2306080003,아빠곰 양식당
f_f002500,1,4,2306080004,델라 하이
f_f002500,1,5,2306080005,외도 유람선 터미널
f_f002500,1,6,2306080006,외도 보타니아
f_f002500,1,7,2306080007,롯데마트 통영점
f_f002500,1,8,2306080008,도천 다세대
f_f002500,2,1,2306090001,동피랑 벽화마을
f_f002500,2,2,2306090002,다무라
f_f002500,2,3,2306090003,집
f_f002501,1,1,2306030001,집
f_f002501,1,2,2306030002,팔선상 신세계백화점 센텀시티점
f_f002501,1,3,2306030003,또 이 똥이 베트남 신세계 센텀시티점
f_f002501,1,4,2306030004,젤라띠젤라띠 신세계 센텀시티몰점
f_f002501,1,5,2306030005,소맥 베이커리 부산 센텀점
f_f002501,1,6,2306030006,도제 센텀시티점
f_f002501,1,7,2306030007,교보문고 센텀시티점
f_f002501,1,8,2306030008,밀양 순대 돼지국밥 해운대점
f_f002501,1,9,2306030009,야시장
f_f002501,1,10,2306030010,해운대해수욕장
f_f002501,1,11,2306030011,헤르 온 호텔
f_f002501,2,1,2306040001,남해횟집
f_f002501,2,2,2306040002,자갈치시장
f_f002501,2,3,2306040003,송정해수욕장
f_f002501,2,4,2306040004,만포 밀면 옥
f_f002501,2,5,2306040005,집
f_f002502,1,1,2306030001,친구 친지 집
f_f002502,1,2,2306030002,바실라
f_f002502,1,3,2306030003,우량 미술관
f_f002502,1,4,2306030004,경주 보문관광단지
f_f002502,1,5,2306030005,교리 김밥 보문점
f_f002502,1,6,2306030006,e 편한 세상 울산역 어반 스퀘어 아파트
f_f002503,1,1,2306060001,집
f_f002503,1,2,2306060003,퍼시먼 9
f_f002503,1,3,2306060004,칠곡 보 사계절 썰매장
f_f002503,1,4,2306060005,태화루
f_f002503,1,5,2306060002,국립 칠곡 숲체원
f_f002503,2,1,2306070002,복 많네
f_f002503,2,2,2306070003,남산 한우 가마솥 곰탕
f_f002503,2,3,2306070004,달성 공원
f_f002503,2,4,2306070005,현풍휴게소 창원방향
f_f002503,2,5,2306070001,집
f_f002505,1,1,2306010001,집
f_f002505,1,2,2306010002,강릉역
f_f002505,1,3,2306010003,강릉 중앙시장
f_f002505,1,4,2306010004,성남 칼국수
f_f002505,1,5,2306010005,월화 김치말이 삼겹살 강릉 본점
f_f002505,1,6,2306010006,강문해변
f_f002505,1,7,2306010007,유리알 유희
f_f002505,1,8,2306010008,아르떼 뮤지엄 강릉
f_f002505,1,9,2306010009,초당밀
f_f002505,1,10,2306010010,주문진 방사제
f_f002505,1,11,2306010012,무아
f_f002505,2,1,2306020001,강릉 짬뽕 순두부 성우 회관
f_f002505,2,2,2306020002,순두부 젤라또 3호점
f_f002505,2,3,2306020003,강릉 빵 다방 본점
f_f002505,2,4,2306020004,강릉역
f_f002505,2,5,2306020005,집
f_f002506,1,1,2306030001,집
f_f002506,1,2,2306030002,원주 누님 댁
f_f002506,1,3,2306030003,선자령 등산로 입구
f_f002506,1,4,2306030005,선자령
f_f002506,1,5,2306030004,선자령 백패킹 장소
f_f002506,1,6,2306030006,선자령 백패킹 장소
f_f002506,2,1,2306040001,횡성휴게소 인천방향
f_f002506,2,2,2306040002,집
f_f002507,1,1,2306060001,집
f_f002507,1,2,2306060002,벡스코 역 부산 2호선
f_f002507,1,3,2306060003,스타벅스 서면으로 R 점
f_f002507,1,4,2306060004,KTG 상상마당 부산
f_f002507,1,5,2306060005,KTG 상상마당 부산
f_f002507,1,6,2306060006,오십사 서면 본점
f_f002507,1,7,2306060008,콩 카페 광안리점
f_f002507,1,8,2306060007,호메르스호텔
f_f002507,1,9,2306060009,바쿠 당 구미
f_f002507,1,10,2306060010,호메르스호텔
f_f002507,2,1,2306070001,광안리해수욕장
f_f002507,2,2,2306070002,집
f_f002510,1,1,2306050001,집
f_f002510,1,2,2306050002,원조 강릉고 동반점 본점
f_f002510,1,3,2306050003,경포해수욕장
f_f002510,1,4,2306050004,팔도강산 횟집
f_f002510,1,5,2306050005,경포대 오션호텔
f_f002510,2,1,2306060001,강릉 동화 가든 본점
f_f002510,2,2,2306060002,테라로사 경포호수점
f_f002510,2,3,2306060003,카페 오션스 강릉 버거
f_f002510,2,4,2306060004,홍천 휴게소 서울 방향
f_f002510,2,5,2306060005,집
f_f002511,1,1,2306050001,집
f_f002511,1,2,2306050002,송도 물회
f_f002511,1,3,2306050003,비에 토
f_f002511,1,4,2306050004,속초 아이
f_f002511,1,5,2306050005,북청 전통 아바이순대
f_f002511,1,6,2306050009,청호해수욕장
f_f002511,1,7,2306050006,더 낙산 호텔
f_f002511,1,8,2306050007,낙산 해변
f_f002511,1,9,2306050008,더 낙산 호텔
f_f002511,2,1,2306060001,낙산사
f_f002511,2,2,2306060002,장가네 칼국수
f_f002511,2,3,2306060003,내린천 휴게소 서울 방향
f_f002511,2,4,2306060004,집
f_f002512,1,1,2306080001,집
f_f002512,1,2,2306080002,대운 식당
f_f002512,1,3,2306080003,오장폭포
f_f002512,1,4,2306080004,정선 레일바이크
f_f002512,1,5,2306080005,아우라지
f_f002512,1,6,2306080006,제일 맛집
f_f002512,1,7,2306080007,국립 가리왕산 자연휴양림
f_f002512,2,1,2306090001,화암 동굴
f_f002512,2,2,2306090002,삼탄 아트 마인
f_f002512,2,3,2306090003,함백산 돌솥밥
f_f002512,2,4,2306090004,만항재
f_f002512,2,5,2306090005,집
f_f002513,1,1,2306030001,친구 친지 집
f_f002513,1,2,2306030003,학동 흑진주 몽돌해변
f_f002513,1,3,2306030004,망산 서 이 말 등대분 기점
f_f002513,1,4,2306030002,서 이 말길 478
f_f002513,2,1,2306040001,구이 조아라
f_f002513,2,2,2306040004,구조라성
f_f002513,2,3,2306040002,외도널서리
f_f002513,2,4,2306040005,지세 포성
f_f002513,2,5,2306040003,동림 그린파크
f_f002514,1,1,2306100001,집
f_f002514,1,2,2306100002,경주 시외버스터미널
f_f002514,1,3,2306100003,스타벅스 경주터미널 DT 점
f_f002514,1,4,2306100004,담다
f_f002514,1,5,2306100005,우직
f_f002514,1,6,2306100006,커들리 하우스
f_f002514,1,7,2306100007,더 좋아진다
f_f002514,1,8,2306100008,단서가 찰보리빵 경주 본점
f_f002514,1,9,2306100009,집
f_f002516,1,1,2306010002,집
f_f002516,1,2,2306010001,파인아트 라벨 호텔
f_f002516,1,3,2306010003,해송
f_f002516,1,4,2306010004,버거 웍스
f_f002516,1,5,2306010005,세븐일레븐 파인아트 라벨점
f_f002516,1,6,2306010007,파인아트 라벨 호텔
f_f002516,2,1,2306020001,차연희 순두부 청국장
f_f002516,2,2,2306020002,엘빈
f_f002516,2,3,2306020003,아르떼 뮤지엄 강릉
f_f002516,2,4,2306020005,안목 해변
f_f002516,2,5,2306020004,집
f_f002518,1,1,2306030001,집
f_f002518,1,2,2306030002,도로시 펜션
f_f002518,2,1,2306040001,오감 딸기
f_f002518,2,2,2306040002,고향 반점
f_f002518,2,3,2306040003,송내지
f_f002518,2,4,2306040004,집
f_f002523,1,1,2306100001,집
f_f002523,1,2,2306100002,성주참외 체험형 테마공원
f_f002523,1,3,2306100003,성주 성산동 고분군 전시관
f_f002523,1,4,2306100004,장터 석쇠 닭갈비
f_f002523,1,5,2306100005,집
f_f002524,1,1,2306080001,집
f_f002524,1,2,2306080003,나뭇잎 마을
f_f002524,1,3,2306080004,에그 카페24
f_f002524,1,4,2306080005,보수동 책방 골목
f_f002524,1,5,2306080006,국제시장
f_f002524,1,6,2306080007,BNK 부산은행 아트시네마
f_f002524,1,7,2306080002,집
f_f002527,1,1,2306020001,집
f_f002527,1,2,2306020002,함안 연꽃테마파크
f_f002527,1,3,2306020003,가원
f_f002527,1,4,2306020004,함안 말이 산 고분군
f_f002527,1,5,2306020005,집
f_f002528,1,1,2306050001,사무실
f_f002528,1,2,2306050002,여미향망개떡 서대문점
f_f002528,1,3,2306050003,속초 대게 천국
f_f002528,1,4,2306050004,커피 내리는 버스정류장
f_f002528,1,5,2306050005,속초관광수산시장
f_f002528,1,6,2306050006,넘버 25호텔 청초호점
f_f002528,2,1,2306060001,청초 호수공원
f_f002528,2,2,2306060002,넘버 25호텔 청초호점
f_f002528,2,3,2306060003,설악산 국립공원
f_f002528,2,4,2306060004,구구 집
f_f002528,2,5,2306060005,등대해수욕장
f_f002528,2,6,2306060006,속초관광수산시장
f_f002528,2,7,2306060007,바다 담다
f_f002528,2,8,2306060008,동명 활어센터
f_f002528,2,9,2306060009,집
f_f002530,1,1,2306090001,집
f_f002530,1,2,2306090014,동서울 종합터미널
f_f002530,1,3,2306090002,홍천 휴게소 양양 방향
f_f002530,1,4,2306090003,양양종합여객터미널
f_f002530,1,5,2306090006,인구 마트
f_f002530,1,6,2306090004,전은경 서프 카페
f_f002530,1,7,2306090005,죽도해변
f_f002530,1,8,2306090007,전은경 서프 카페
f_f002530,1,9,2306090008,인구 마트
f_f002530,1,10,2306090009,속초 시외버스터미널
f_f002530,1,11,2306090010,하루 게스트하우스
f_f002530,1,12,2306090011,진 숯불닭갈비
f_f002530,1,13,2306090013,하루 게스트하우스
f_f002530,2,1,2306100001,속초 그 바다로
f_f002530,2,2,2306100002,속초동광호배낚시체험
f_f002530,2,3,2306100003,바람꽃 해녀마을 속초 본점
f_f002530,2,4,2306100004,속초 시외버스터미널
f_f002530,2,5,2306100005,동서울 종합터미널
f_f002530,2,6,2306100006,집
f_f002531,1,1,2306050001,집
f_f002531,1,2,2306050002,서동 생활공원
f_f002531,1,3,2306050003,화정 소바
f_f002531,1,4,2306050004,서동 생활공원
f_f002531,1,5,2306050005,의병 박물관
f_f002531,1,6,2306050006,집
f_f002533,1,1,2306010001,집
f_f002533,1,2,2306010002,한솔 식자재마트
f_f002533,1,3,2306010003,오월
f_f002533,2,1,2306020001,월영교
f_f002533,2,2,2306020002,봉정사
f_f002533,2,3,2306020003,까치와 호랑이
f_f002533,2,4,2306020004,집
f_f002538,1,1,2306080001,집
f_f002538,1,2,2306080002,소노벨 비발디파크 B동
f_f002538,1,3,2306080003,비발디파크 오션월드
f_f002538,1,4,2306080004,버거킹 오션월드점
f_f002538,1,5,2306080005,비발디파크 오션월드
f_f002538,1,6,2306080006,굿앤 구스 소노문비발디파크점
f_f002538,1,7,2306080007,도미노피자 대명 비발디파크 점
f_f002538,1,8,2306080008,소노벨 비발디파크 B동
f_f002538,2,1,2306090001,스트리트 추로스 소노벨 비발디파크 점
f_f002538,2,2,2306090002,약이 되는 밥상
f_f002538,2,3,2306090003,비발디파크 구릉산 자연 휴양림
f_f002538,2,4,2306090004,레전드 히어로즈 소노펠리체 비발디파크 홍천점
f_f002538,2,5,2306090005,홍천 메밀과
f_f002538,2,6,2306090006,집
f_f002539,1,1,2306030001,집
f_f002539,1,2,2306030003,충익사 주차장
f_f002539,1,3,2306030004,주유소
f_f002539,1,4,2306030005,상림공원 주차장
f_f002539,1,5,2306030006,갑을 식당
f_f002539,1,6,2306030002,지인 집
f_f002539,2,1,2306040001,하미앙와인밸리
f_f002539,2,2,2306040002,함양 대봉산 휴양밸리
f_f002539,2,3,2306040003,하늘바람
f_f002539,2,4,2306040004,롯데슈퍼
f_f002539,2,5,2306040005,집
f_f002541,1,1,2306070001,집
f_f002541,1,2,2306070002,양평 휴게소 원주 방향
f_f002541,1,3,2306070003,대관령 전망대
f_f002541,1,4,2306070004,산마루 황태촌 초당 직영점
f_f002541,1,5,2306070005,초당 11
f_f002541,1,6,2306070006,경포해수욕장
f_f002541,1,7,2306070007,라마다호텔 스위트 평창
f_f002541,2,1,2306080001,이효석문학의 숲
f_f002541,2,2,2306080002,이효석 생가 앞 쓰레기 줍기 블로깅 활동
f_f002541,2,3,2306080003,원미 식당
f_f002541,2,4,2306080004,집
f_f002542,1,1,2305310001,집
f_f002542,1,2,2305310002,소무의도
f_f002542,1,3,2305310003,섬 카페 좋은 날
f_f002542,1,4,2305310005,렛츠 플레이도 웅진플레이도시점
f_f002542,1,5,2305310004,삼환아파트
f_f002542,2,1,2306010001,판은 쉼터
f_f002542,2,2,2306010002,판은 섶다리
f_f002542,2,3,2306010003,브리즈(breeze)
f_f002542,2,4,2306010004,백덕산
f_f002542,2,5,2306010005,요선암돌개구멍
f_f002542,2,6,2306010006,치악휴게소 춘천 방향
f_f002542,2,7,2306010007,집
f_f002544,1,1,2306020001,사무실
f_f002544,1,2,2306020002,1.5닭갈비
f_f002544,1,3,2306020003,춘천 삼악산 호수 케이블카 주차장
f_f002544,1,4,2306020004,춘천 L 타워 오피스텔
f_f002544,2,1,2306030001,어쩌다 농부
f_f002544,2,2,2306030002,교토 정원
f_f002544,2,3,2306030003,김유정문학촌
f_f002544,2,4,2306030004,춘천 삼악산 호수 케이블카
f_f002544,2,5,2306030005,아이파크 아파트
f_f002545,1,1,2306100001,집
f_f002545,1,2,2306100002,양산 3D 과학체험관
f_f002545,1,3,2306100003,석천 명동점
f_f002545,1,4,2306100004,양산 3D 과학체험관
f_f002545,1,5,2306100005,오리마시떼
f_f002545,1,6,2306100006,집
f_f002549,1,1,2306040001,집
f_f002549,1,2,2306040002,첨성대
f_f002549,1,3,2306040003,추억의 달동네
f_f002549,1,4,2306040005,콩이랑
f_f002549,1,5,2306040004,집
f_f002551,1,1,2306020001,집
f_f002551,1,2,2306020003,광명역
f_f002551,1,3,2306020004,동대구역
f_f002551,1,4,2306020005,고영희 식당
f_f002551,1,5,2306020006,르폴뒤
f_f002551,1,6,2306020008,그린웨이 장미원
f_f002551,1,7,2306020007,교동 게스트하우스
f_f002551,1,8,2306020009,대구 이월드
f_f002551,1,9,2306020010,밀쏘굿
f_f002551,1,10,2306020002,교동 게스트하우스
f_f002551,2,1,2306030002,동대구역
f_f002551,2,2,2306030003,계성중학교
f_f002551,2,3,2306030004,바비치 중앙로점
f_f002551,2,4,2306030006,오오 극장
f_f002551,2,5,2306030005,경상감영공원
f_f002551,2,6,2306030007,동성로
f_f002551,2,7,2306030008,레브 슈프레
f_f002551,2,8,2306030009,두아몽떼
f_f002551,2,9,2306030010,도마 29
f_f002551,2,10,2306030011,심플 책방
f_f002551,2,11,2306030012,연화
f_f002551,2,12,2306030013,동대구역
f_f002551,2,13,2306030001,집
f_f002554,1,1,2306050001,친구 친지 집
f_f002554,1,2,2306050002,나은 횟집
f_f002554,1,3,2306050003,양지 초장
f_f002554,1,4,2306050004,홍대 앞 맥줏집 기장점
f_f002554,1,5,2306050005,CU 동부 금강정
f_f002554,1,6,2306050006,베스트루이스해밀턴호텔 기장점
f_f002554,2,1,2306060001,교복 몰 부산 롯데월드점
f_f002554,2,2,2306060002,롯데월드 어드벤처 부산
f_f002554,2,3,2306060003,롯데 프리미엄 아웃렛 동부산점
f_f002554,2,4,2306060004,우정 아이파크 아파트
f_f002555,1,1,2306040001,집
f_f002555,1,2,2306040002,태화강역 동해선
f_f002555,1,3,2306040003,허심청 호텔농심
f_f002555,1,4,2306040004,태백과
f_f002555,1,5,2306040005,동래 옛날 팥빙수 본점
f_f002555,1,6,2306040006,집
f_f002556,1,1,2305310001,집
f_f002556,1,2,2305310003,토리 토랑
f_f002556,1,3,2305310004,가고파 꼬부랑길 벽화마을
f_f002556,1,4,2305310005,카페 소담아
f_f002556,1,5,2305310002,호텔 71
f_f002556,2,1,2306010002,미소비 카페
f_f002556,2,2,2306010001,집
f_f002557,1,1,2306010001,집
f_f002557,1,2,2306010004,컬러가 산다 부산센터
f_f002557,1,3,2306010002,서면 지하상가
f_f002557,1,4,2306010005,부전 소머리곰탕 육회비빔밥
f_f002557,1,5,2306010006,전포 카페거리
f_f002557,1,6,2306010007,부전시장
f_f002557,1,7,2306010008,연운당 전포 카페거리적
f_f002557,1,8,2306010009,삼락생태공원
f_f002557,1,9,2306010003,집
f_f002565,1,1,2306020001,친구 친지 집
f_f002565,1,2,2306020002,홍천 휴게소 양양 방향
f_f002565,1,3,2306020003,파머스 키친
f_f002565,1,4,2306020004,하조대농협 본점
f_f002565,1,5,2306020005,복분 솔밭 캠핑장
f_f002565,2,1,2306030001,복분해 변가
f_f002565,2,2,2306030002,쏠비치 양양
f_f002565,2,3,2306030003,내린천 휴게소 서울 방향
f_f002565,2,4,2306030004,집
f_f002568,1,1,2306020001,집
f_f002568,1,2,2306020002,동대구역
f_f002568,1,3,2306020003,부산역
f_f002568,1,4,2306020004,광안리해수욕장
f_f002568,1,5,2306020005,민락 회 타운 시장
f_f002568,1,6,2306020006,자이 마트 민락점
f_f002568,1,7,2306020008,와바 클래식
f_f002568,2,1,2306030001,진미 칼국수
f_f002568,2,2,2306030002,이 송도 전망대
f_f002568,2,3,2306030003,고 슬로
f_f002568,2,4,2306030004,흰 여울 문화마을
f_f002568,2,5,2306030005,부산역
f_f002568,2,6,2306030006,동대구역
f_f002568,2,7,2306030007,동대문 엽기 떡볶이 성서 계명대점
f_f002568,2,8,2306030008,집
f_f002572,1,1,2306010001,집
f_f002572,1,2,2306010002,청량리역
f_f002572,1,3,2306010004,홈플러스 영주점
f_f002572,1,4,2306010003,영주역
f_f002572,1,5,2306010005,영주 365시장
f_f002572,1,6,2306010006,태극당
f_f002572,1,7,2306010007,영주여객
f_f002572,1,8,2306010008,팜파스
f_f002572,1,9,2306010009,평은 면 체육공원
f_f002572,1,10,2306010010,팜파스
f_f002572,2,1,2306020001,청다리 쫄면 2호점
f_f002572,2,2,2306020002,선비촌
f_f002572,2,3,2306020003,소수서원
f_f002572,2,4,2306020004,연화 떡 카페
f_f002572,2,5,2306020005,무섬마을
f_f002572,2,6,2306020006,사느래 정원
f_f002572,2,7,2306020007,대지한우식육식당
f_f002572,2,8,2306020008,영주역
f_f002572,2,9,2306020009,집
f_f002575,1,1,2306040001,집
f_f002575,1,2,2306040002,솔밭 가든
f_f002575,1,3,2306040003,악양 독방
f_f002575,1,4,2306040005,나인뷰 풀빌라
f_f002575,1,5,2306040004,카페 뜬
f_f002575,1,6,2306040006,르 몽
f_f002575,1,7,2306040007,나인뷰 풀빌라
f_f002575,2,1,2306050001,보리암
f_f002575,2,2,2306050002,유즈노 모레
f_f002575,2,3,2306050003,남해 독일마을
f_f002575,2,4,2306050004,쿤스트 라운지
f_f002575,2,5,2306050005,충주호암두진하트리움아파트
f_f002579,1,1,2306060001,집
f_f002579,1,2,2306060002,용 두골 양귀비 축제
f_f002579,1,3,2306060003,강릉 집
f_f002579,1,4,2306060004,강원도립화목원
f_f002579,1,5,2306060005,수타사
f_f002579,1,6,2306060006,강릉 중앙시장
f_f002579,1,7,2306060007,켄싱턴호텔 평창
f_f002579,2,1,2306070001,월정사
f_f002579,2,2,2306070002,오대산 월정사 전나무 숲길
f_f002579,2,3,2306070003,집
f_f002581,1,1,2306080001,집
f_f002581,1,2,2306080003,경북 천년 숲 정원
f_f002581,1,3,2306080004,동궁과 월지
f_f002581,1,4,2306080005,동리
f_f002581,1,5,2306080006,1894사랑채
f_f002581,1,6,2306080007,금장대
f_f002581,1,7,2306080002,집
f_f002582,1,1,2306090001,집
f_f002582,1,2,2306090002,칠곡휴게소 서울 방향
f_f002582,1,3,2306090005,직지문화공원
f_f002582,1,4,2306090003,하얀 집 수제돈가스
f_f002582,1,5,2306090004,김천시립 박물관
f_f002582,1,6,2306090006,직지사
f_f002582,1,7,2306090007,애니멀 필드
f_f002582,1,8,2306090008,칠곡휴게소 부산방향
f_f002582,1,9,2306090009,삼익맨션
f_f002583,1,1,2306060001,집
f_f002583,1,2,2306060002,청온채
f_f002583,1,3,2306060003,대릉원
f_f002583,1,4,2306060004,송대말 등대 빛 체험 전시관
f_f002583,1,5,2306060005,포레 이브
f_f002583,1,6,2306060006,동일 횟집
f_f002583,1,7,2306060007,브라운 도트 경주 양남점
f_f002583,2,1,2306070001,맥도날드 부산 초량 DT 점
f_f002583,2,2,2306070002,집
f_f002584,1,1,2306090001,집
f_f002584,1,2,2306090005,친구 집
f_f002584,1,3,2306090004,영탁이네 순대 국밥
f_f002584,1,4,2306090002,동해 해상호텔
f_f002584,2,1,2306100001,원척리 바다
f_f002584,2,2,2306100002,장사 해돋이 휴게소 식당
f_f002584,2,3,2306100003,장사 해돋이 휴게소 도깨비 경매장
f_f002584,2,4,2306100004,장사상륙작전 전승기념관
f_f002584,2,5,2306100007,장사상륙작전 전승기념공원
f_f002584,2,6,2306100005,영천 휴게소 대구방향
f_f002584,2,7,2306100006,집
f_f002586,1,1,2306060001,집
f_f002586,1,2,2306060002,수가 성
f_f002586,1,3,2306060003,스톤 크릭
f_f002586,1,4,2306060004,뮤지엄 산
f_f002586,1,5,2306060005,향촌 참숯 구이
f_f002586,1,6,2306060006,집
f_f002589,1,1,2306020001,집
f_f002589,1,2,2306020004,쏠비치 양양 리조트 등
f_f002589,1,3,2306020003,코지 하우스 양양 쏠비치점
f_f002589,1,4,2306020002,쏠비치 양양
f_f002589,2,1,2306030001,쏠비치 양양 오션 플레이
f_f002589,2,2,2306030002,송월 메밀국수
f_f002589,2,3,2306030003,오색약수
f_f002589,2,4,2306030004,이디야커피 춘천 의암호점
f_f002589,2,5,2306030005,춘천 애니 닭갈비
f_f002589,2,6,2306030006,집
f_f002593,1,1,2306030001,숙소
f_f002593,1,2,2306030002,경주 시외버스터미널
f_f002593,1,3,2306030003,첨성대
f_f002593,1,4,2306030004,대릉원
f_f002593,1,5,2306030005,에라토 경주
f_f002593,1,6,2306030006,경주 주상절리 파도소리길
f_f002593,1,7,2306030007,경주 문무대왕릉
f_f002593,1,8,2306030008,월정교
f_f002593,1,9,2306030009,교촌마을
f_f002593,1,10,2306030010,동명 식당
f_f002593,1,11,2306030011,블루 모아
f_f002593,2,1,2306040001,동명 식당
f_f002593,2,2,2306040002,경주월드
f_f002593,2,3,2306040003,한 돈 단불 뒷고기
f_f002593,2,4,2306040004,경주 시외버스 직행 매점
f_f002593,2,5,2306040005,집
f_f002594,1,1,2306040001,집
f_f002594,1,2,2306040003,대풍 식당
f_f002594,1,3,2306040004,카페의 진리
f_f002594,1,4,2306040005,사유의 공간
f_f002594,1,5,2306040006,한낮의 바다
f_f002594,1,6,2306040007,강릉독립예술 극장 신영
f_f002594,1,7,2306040008,사근 긴 해변
f_f002594,1,8,2306040009,옥천으로
f_f002594,1,9,2306040002,아카펠라 게스트하우스
f_f002594,2,1,2306050002,안목 해변
f_f002594,2,2,2306050003,아카펠라 게스트하우스
f_f002594,2,3,2306050004,오뉴월 커피와 인
f_f002594,2,4,2306050005,강릉 샌드 본점
f_f002594,2,5,2306050006,얼라이브 홈
f_f002594,2,6,2306050007,강릉 시외버스터미널
f_f002594,2,7,2306050001,집
f_f002595,1,1,2306050001,집
f_f002595,1,2,2306050002,김포국제공항 국내선
f_f002595,1,3,2306050003,김해국제공항 국내선 청사
f_f002595,1,4,2306050004,매미성
f_f002595,1,5,2306050005,심해
f_f002595,1,6,2306050006,모정 해물탕
f_f002595,1,7,2306050007,거제 식물원 정글돔
f_f002595,1,8,2306050008,근포 땅굴
f_f002595,1,9,2306050009,바람의 언덕
f_f002595,1,10,2306050010,롯데마트 거제점
f_f002595,1,11,2306050011,바다 친구 본점
f_f002595,1,12,2306050012,버무리 거제 국산 초점
f_f002595,1,13,2306050013,오라 펜션
f_f002595,2,1,2306060001,학동 흑진주 몽돌해변
f_f002595,2,2,2306060002,뱃말 칼국수 김밥 본점
f_f002595,2,3,2306060003,외도 보타니아
f_f002595,2,4,2306060004,바람의 핫도그 장승포점
f_f002595,2,5,2306060005,김해국제공항 국내선 청사
f_f002595,2,6,2306060006,집
f_f002596,1,1,2306030001,집
f_f002596,1,2,2306030003,KTG 상상마당 부산
f_f002596,1,3,2306030004,백 소장 경성대부경대점
f_f002596,1,4,2306030005,필 소굿 커피
f_f002596,1,5,2306030006,이기대 섶다리
f_f002596,1,6,2306030007,이 기대 해안산책로
f_f002596,1,7,2306030002,테마 모텔
f_f002596,2,1,2306040001,천하로 면
f_f002596,2,2,2306040002,송도해수욕장
f_f002596,2,3,2306040003,피아트
f_f002596,2,4,2306040004,신기 숲
f_f002596,2,5,2306040005,까치 생숯불구이
f_f002596,2,6,2306040006,뱅가
f_f002596,2,7,2306040007,집
f_f002597,1,1,2306070001,집
f_f002597,1,2,2306070002,대관령 전망대
f_f002597,1,3,2306070003,하슬라아트월드
f_f002597,1,4,2306070004,정동진 초당순두부
f_f002597,1,5,2306070005,모래시계공원
f_f002597,1,6,2306070006,정동진역
f_f002597,1,7,2306070007,정동진 해돋이공원
f_f002597,1,8,2306070008,호텔 탑스 빌
f_f002597,1,9,2306070009,다리가
f_f002597,1,10,2306070010,호텔 탑스 빌
f_f002597,2,1,2306080001,정동진 해변
f_f002597,2,2,2306080002,CU 정동진 모래 시계점
f_f002597,2,3,2306080003,심곡항
f_f002597,2,4,2306080004,정동 심곡 바다부채길
f_f002597,2,5,2306080005,구정휴게소 주유소 속초방향
f_f002597,2,6,2306080006,집
f_f002602,1,1,2306050001,집
f_f002602,1,2,2306050002,연지 갈비
f_f002602,1,3,2306050003,연지공원
f_f002602,1,4,2306050004,해이다 커피
f_f002602,1,5,2306050005,수로왕릉
f_f002602,1,6,2306050006,집
f_f002604,1,1,2306080001,집
f_f002604,1,2,2306080002,복길
f_f002604,1,3,2306080003,두 낫디 스타브 베이커스 경주
f_f002604,1,4,2306080004,대릉원
f_f002604,1,5,2306080005,한화리조트 경주
f_f002604,1,6,2306080006,황남 주택
f_f002604,1,7,2306080007,첨성대
f_f002604,1,8,2306080008,동궁과 월지
f_f002604,1,9,2306080010,한화리조트 경주
f_f002604,2,1,2306090001,함양집
f_f002604,2,2,2306090002,경주월드
f_f002604,2,3,2306090003,플라비우스
f_f002604,2,4,2306090004,여주휴게소 충전소 인천방향
f_f002604,2,5,2306090005,집
f_f002608,1,1,2306030001,집
f_f002608,1,2,2306030003,토지
f_f002608,1,3,2306030004,롯데마트 통영점
f_f002608,1,4,2306030005,서프랑
f_f002608,1,5,2306030006,중앙 활어시장
f_f002608,1,6,2306030007,승방 방파제
f_f002608,1,7,2306030002,바다랑 캠핑장
f_f002608,2,1,2306040002,장도
f_f002608,2,2,2306040003,바다랑 캠핑장
f_f002608,2,3,2306040004,사리원 메밀냉면
f_f002608,2,4,2306040005,통영중앙전통시장
f_f002608,2,5,2306040001,집
f_f002609,1,1,2306010001,집
f_f002609,1,2,2306010002,삼릉 고향 칼국수
f_f002609,1,3,2306010003,삼릉 숲
f_f002609,1,4,2306010004,대릉원
f_f002609,1,5,2306010007,황련단길
f_f002609,1,6,2306010005,오릉 한옥 게스트하우스
f_f002609,1,7,2306010006,세컨드 디포리스트 황리단길점
f_f002609,1,8,2306010008,첨성대
f_f002609,1,9,2306010009,고도리
f_f002609,1,10,2306010010,오릉 한옥 게스트하우스
f_f002609,2,1,2306020001,경주 오릉
f_f002609,2,2,2306020002,교리 김밥 경주 본점
f_f002609,2,3,2306020003,페이지나 인
f_f002609,2,4,2306020004,경주 루지 월드
f_f002609,2,5,2306020005,석굴암
f_f002609,2,6,2306020006,함양집
f_f002609,2,7,2306020007,집
f_f002610,1,1,2306090001,사무실
f_f002610,1,2,2306090003,치악휴게소 부산방향
f_f002610,1,3,2306090004,한반도 지형
f_f002610,1,4,2306090005,선돌 관광지
f_f002610,1,5,2306090006,영월 서부시장
f_f002610,1,6,2306090002,스테이 하우스
f_f002610,2,1,2306100002,영월고씨굴
f_f002610,2,2,2306100003,강원 토속 분식
f_f002610,2,3,2306100004,청령포 단종 유배지
f_f002610,2,4,2306100005,영월 관광센터
f_f002610,2,5,2306100006,한반도 뗏목마을
f_f002610,2,6,2306100007,하문 호황 둔 쌀 찐빵 본점
f_f002610,2,7,2306100008,담채 한정식
f_f002610,2,8,2306100001,응암 우성아파트
f_f002612,1,1,2306050001,집
f_f002612,1,2,2306050003,천자 물회
f_f002612,1,3,2306050004,구룡포 일본인 가옥거리
f_f002612,1,4,2306050005,구룡포해수욕장
f_f002612,1,5,2306050006,호미곶
f_f002612,1,6,2306050007,호미반도 해안 둘레길
f_f002612,1,7,2306050008,연오랑세오녀 테마공원
f_f002612,1,8,2306050010,까치 유료주차장
f_f002612,1,9,2306050009,하매 소머리곰탕
f_f002612,1,10,2306050011,CU 포항 오거리점
f_f002612,1,11,2306050002,오다가다
f_f002612,2,1,2306060002,죽도 시장
f_f002612,2,2,2306060003,시민제과
f_f002612,2,3,2306060004,영일 대전 망대
f_f002612,2,4,2306060005,환호공원 스페이스 워크
f_f002612,2,5,2306060006,곤륜산
f_f002612,2,6,2306060007,칠포항
f_f002612,2,7,2306060001,집
f_f002614,1,1,2306090001,집
f_f002614,1,2,2306090003,부산역
f_f002614,1,3,2306090004,대구역
f_f002614,1,4,2306090005,김광석 다시 그리기 길
f_f002614,1,5,2306090007,2.28기념중앙공원
f_f002614,1,6,2306090006,보성 떡집
f_f002614,1,7,2306090008,국채보상운동 기념공원
f_f002614,1,8,2306090009,무시무시 동성로 본점
f_f002614,1,9,2306090010,루시드
f_f002614,1,10,2306090011,강정보 디아크 광장
f_f002614,1,11,2306090012,친구 집
f_f002614,1,12,2306090002,리더스 모텔
f_f002614,2,1,2306100002,정이의 더 큰 청진동 해장국
f_f002614,2,2,2306100001,삼송 빵집 동대구 역사점
f_f002614,2,3,2306100003,동대구역
f_f002614,2,4,2306100004,직장
f_f002619,1,1,2306030001,집
f_f002619,1,2,2306030002,부산대학교 부산캠퍼스 정문 및 부산 대 토스트
f_f002619,1,3,2306030003,부산광역시 동래구 차밭 꼴로 21번길 31-7
f_f002619,2,1,2306040001,샌들이 크
f_f002619,2,2,2306040002,여기 제주도 구서점
f_f002619,2,3,2306040003,하이크 커피
f_f002619,2,4,2306040004,친구 집
f_f002619,2,5,2306040005,집
f_f002620,1,1,2306030001,사무실
f_f002620,1,2,2306030003,황룡원
f_f002620,1,3,2306030004,가든 하이로
f_f002620,1,4,2306030005,엘로우
f_f002620,1,5,2306030002,울산 신천 효성 해링턴 플레이스 아파트
f_f002621,1,1,2306040001,사무실
f_f002621,1,2,2306040002,포개 더 카라반
f_f002621,2,1,2306050002,거제 식물원 정글돔
f_f002621,2,2,2306050003,거제 집 거제 본점
f_f002621,2,3,2306050004,W181
f_f002621,2,4,2306050005,스카이라인 루지 부산
f_f002621,2,5,2306050001,정관 동일스위트 3차 아파트
f_f002624,1,1,2306060001,집
f_f002624,1,2,2306060002,정은숙 초당순두부
f_f002624,1,3,2306060003,망상 사구 생태관
f_f002624,1,4,2306060004,망상오토캠핑리조트
f_f002624,1,5,2306060005,도째비골해랑전망대
f_f002624,1,6,2306060006,묵호항 수협 수산물 유통센터 가미 수산
f_f002624,1,7,2306060007,망상오토캠핑리조트
f_f002624,2,1,2306070001,망상 해변
f_f002624,2,2,2306070002,추암 촛대바위 및 추암 출렁다리
f_f002624,2,3,2306070003,쏠비치 삼척 해파리
f_f002624,2,4,2306070004,정동진 해변
f_f002624,2,5,2306070005,집
f_f002630,1,1,2306030001,집
f_f002630,1,2,2306030002,카페 러블리
f_f002630,1,3,2306030003,이가리 닻 전망대
f_f002630,1,4,2306030004,곤륜산 활공장
f_f002630,1,5,2306030005,윳쿠리
f_f002630,1,6,2306030006,영일 대전 망대
f_f002630,1,7,2306030007,환호공원 스페이스 워크
f_f002630,1,8,2306030008,포항 스테이 호텔
f_f002630,1,9,2306030009,CU 포항 해도 센터점
f_f002630,1,10,2306030010,포항 스테이 호텔
f_f002630,2,1,2306040001,상생의 손
f_f002630,2,2,2306040002,구룡포 일본인 가옥거리
f_f002630,2,3,2306040003,호미반도 해안 둘레길 2코스 선바우길
f_f002630,2,4,2306040004,포항 스테이 호텔
f_f002630,2,5,2306040005,낙강 물길 공원
f_f002630,2,6,2306040006,안동신세계 찜닭
f_f002630,2,7,2306040007,홈플러스 안동점
f_f002630,2,8,2306040008,집
f_f002631,1,1,2306030001,집
f_f002631,1,2,2306030002,낙동강의성휴게소 영천방향
f_f002631,1,3,2306030003,송림사
f_f002631,1,4,2306030004,커피명가 동명 레이크점
f_f002631,1,5,2306030005,팔공산 웰빙 부추 마을
f_f002631,1,6,2306030006,최청자 백년식당
f_f002631,1,7,2306030007,이마트 칠성점
f_f002631,1,8,2306030008,지오다노 동성로 직영점
f_f002631,1,9,2306030009,노원 보성 타운 아파트
f_f002631,2,1,2306040001,GS25 대구 노원점
f_f002631,2,2,2306040002,문경휴게소 양평방향
f_f002631,2,3,2306040003,GS칼텍스 이마트 구성점
f_f002631,2,4,2306040004,개울가에 핀 야생화
f_f002631,2,5,2306040005,죠스떡볶이 수원 권선점
f_f002631,2,6,2306040006,집
f_f002632,1,1,2306040001,집
f_f002632,1,2,2306040002,오창휴게소
f_f002632,1,3,2306040003,잠수부 횟집
f_f002632,1,4,2306040005,보사노바 커피 로프터스 속초점
f_f002632,1,5,2306040004,속초 아이
f_f002632,1,6,2306040006,어반 스테이 속초 등대점
f_f002632,1,7,2306040007,만석닭강정 시장 1호점
f_f002632,1,8,2306040008,어반 스테이 속초 등대점
f_f002632,2,1,2306050001,등대해수욕장
f_f002632,2,2,2306050002,라헬의 부엌 속초점
f_f002632,2,3,2306050004,강릉 땅 커피콩 빵 안목 해변점
f_f002632,2,4,2306050003,안목 해변
f_f002632,2,5,2306050005,집
f_f002633,1,1,2306030001,집
f_f002633,1,2,2306030003,언양휴게소 서울 방향
f_f002633,1,3,2306030004,홈플러스 경주점
f_f002633,1,4,2306030002,경안 글로브
f_f002633,2,1,2306040002,청온채
f_f002633,2,2,2306040003,월성 과자점
f_f002633,2,3,2306040004,첨성대
f_f002633,2,4,2306040005,교촌마을
f_f002633,2,5,2306040001,집
f_f002634,1,1,2306050001,집
f_f002634,1,2,2306050002,나인 로드 피에리아 팔각 소반 구미 봉곡점
f_f002634,1,3,2306050003,도량 주공 4단지 아파트
f_f002634,2,1,2306060001,올림픽기념 국민 생활관
f_f002634,2,2,2306060002,가가 스시
f_f002634,2,3,2306060003,낙동강체육공원
f_f002634,2,4,2306060004,집
f_f002637,1,1,2306070001,집
f_f002637,1,2,2306070002,부산역
f_f002637,1,3,2306070003,밀양역
f_f002637,1,4,2306070004,귀양지
f_f002637,1,5,2306070005,위양 448
f_f002637,1,6,2306070006,영남루
f_f002637,1,7,2306070007,로프트 커피 로프터스
f_f002637,1,8,2306070008,집
f_f002638,1,1,2306070001,집
f_f002638,1,2,2306070002,찐 갈비탕
f_f002638,1,3,2306070003,하동군청
f_f002638,1,4,2306070004,프라이드 참 잘하는 집 진주혁신점
f_f002638,1,5,2306070005,혁신도시 LH8단지 아파트
f_f002638,2,1,2306080001,캠핑 소사이어티
f_f002638,2,2,2306080002,카페더라 운지
f_f002638,2,3,2306080003,진영 복합휴게소 부산방향
f_f002638,2,4,2306080004,집
f_f002641,1,1,2306050001,집
f_f002641,1,2,2306050002,레고랜드 코리아리조트
f_f002641,1,3,2306050003,산토리니
f_f002641,1,4,2306050004,집
f_f002644,1,1,2306070001,집
f_f002644,1,2,2306070002,동서울 종합터미널
f_f002644,1,3,2306070003,인제 시외버스터미널
f_f002644,1,4,2306070004,풍미 옥
f_f002644,1,5,2306070005,운대리 자작나무 숲
f_f002644,1,6,2306070006,자작나무 숲의 투데이
f_f002644,1,7,2306070007,인제 읍내
f_f002644,1,8,2306070008,그린 식당
f_f002644,1,9,2306070009,인제농협 하나로마트
f_f002644,1,10,2306070010,인제 호텔
f_f002644,2,1,2306080001,풍미 옥
f_f002644,2,2,2306080004,인제 시외버스터미널
f_f002644,2,3,2306080002,소양강 둘레길 1코스
f_f002644,2,4,2306080003,인제 휴게소
f_f002644,2,5,2306080005,동서울 종합터미널
f_f002644,2,6,2306080006,집
f_f002647,1,1,2306020001,집
f_f002647,1,2,2306020002,월정교 공영주차장
f_f002647,1,3,2306020003,청온채
f_f002647,1,4,2306020004,올리브
f_f002647,1,5,2306020005,황련단길
f_f002647,1,6,2306020006,대릉원
f_f002647,1,7,2306020007,첨성대
f_f002647,1,8,2306020008,월정교
f_f002647,1,9,2306020009,포워드
f_f002647,1,10,2306020010,동궁과 월지
f_f002647,1,11,2306020011,구황 스테이
f_f002647,1,12,2306020012,대릉원
f_f002647,1,13,2306020013,황련단길
f_f002647,1,14,2306020014,월정교
f_f002647,1,15,2306020015,GS25 경주 구황점
f_f002647,1,16,2306020016,구황 스테이
f_f002647,2,1,2306030001,황이 당
f_f002647,2,2,2306030002,황남빵
f_f002647,2,3,2306030003,화랑의 언덕
f_f002647,2,4,2306030004,구황 스테이
f_f002647,2,5,2306030005,다인 매운 등갈비찜
f_f002647,2,6,2306030006,어마 무시
f_f002647,2,7,2306030008,경주 IC 휴게소 직영점
f_f002647,2,8,2306030007,집
f_f002648,1,1,2306050001,집
f_f002648,1,2,2306050002,경주 2번가 펜션
f_f002648,1,3,2306050003,경주 주상절리 파도소리길
f_f002648,1,4,2306050004,경주 2번가 펜션
f_f002648,2,1,2306060002,이스트 앵글
f_f002648,2,2,2306060003,경주 문무대왕릉
f_f002648,2,3,2306060004,주렁주렁 경주 보문점
f_f002648,2,4,2306060005,아임 맛
f_f002648,2,5,2306060006,페이지나 인
f_f002648,2,6,2306060007,첨성대
f_f002648,2,7,2306060001,집
f_f002652,1,1,2306040001,집
f_f002652,1,2,2306040002,대릉원
f_f002652,1,3,2306040003,첨성대
f_f002652,1,4,2306040004,국립경주박물관
f_f002652,1,5,2306040005,어향원
f_f002652,1,6,2306040006,황련단길
f_f002652,1,7,2306040007,서라벌 토기 관광펜션
f_f002652,1,8,2306040008,탑마루
f_f002652,1,9,2306040009,동궁과 월지
f_f002652,1,10,2306040010,서라벌 토기 관광펜션
f_f002652,2,1,2306050001,불국사
f_f002652,2,2,2306050002,경주 소반
f_f002652,2,3,2306050003,석굴암
f_f002652,2,4,2306050004,경북 천년 숲 정원
f_f002652,2,5,2306050005,집
f_f002653,1,1,2306030001,집
f_f002653,1,2,2306030002,롯데마트 김해점
f_f002653,1,3,2306030003,아이스퀘어 호텔
f_f002653,2,1,2306040001,김해 봉황동 유적
f_f002653,2,2,2306040002,봉황대공원
f_f002653,2,3,2306040003,봉리단길
f_f002653,2,4,2306040004,개나리 주택
f_f002653,2,5,2306040005,김덕규 베이커리
f_f002653,2,6,2306040006,집
f_f002655,1,1,2306030001,집
f_f002655,1,2,2306030003,덕평자연휴게소 강릉방향
f_f002655,1,3,2306030004,세븐일레븐 덕평휴게소 하행선점
f_f002655,1,4,2306030005,문경휴게소 창원방향
f_f002655,1,5,2306030007,호미곶
f_f002655,1,6,2306030008,상생의 손
f_f002655,1,7,2306030009,호미곶 해맞이 광장 한국 관광명품관
f_f002655,1,8,2306030010,라한 호텔 포항
f_f002655,1,9,2306030011,영일대해수욕장
f_f002655,1,10,2306030012,환호공원 스페이스 워크
f_f002655,1,11,2306030013,오브레멘
f_f002655,1,12,2306030006,국민 낙곱새
f_f002655,1,13,2306030014,두 낫디 스타브
f_f002655,1,14,2306030015,영일고
f_f002655,1,15,2306030016,영일대해수욕장
f_f002655,1,16,2306030002,라한 호텔 포항
f_f002655,2,1,2306040003,국민 낙곱새
f_f002655,2,2,2306040002,경주 주상절리 파도소리길
f_f002655,2,3,2306040004,콘크 카페
f_f002655,2,4,2306040005,경주 양남 주상절리
f_f002655,2,5,2306040006,드림센터
f_f002655,2,6,2306040007,정글의 법칙
f_f002655,2,7,2306040008,롯데리아 경주 보문점
f_f002655,2,8,2306040009,황련단길
f_f002655,2,9,2306040010,대릉원
f_f002655,2,10,2306040011,맥도날드 경주 보문 DT 점
f_f002655,2,11,2306040001,드림센터
f_f002656,1,1,2306020001,집
f_f002656,1,2,2306020002,카페 감자밭 본점
f_f002656,1,3,2306020003,소양강 스카이워크
f_f002656,1,4,2306020004,하중도 생태수변공원
f_f002656,1,5,2306020005,라모스 버거
f_f002656,1,6,2306020006,춘천 송암스포츠타운
f_f002656,1,7,2306020007,ORA 춘천베어스호텔
f_f002656,2,1,2306030001,798삼천동 고깃집
f_f002656,2,2,2306030002,피씨토랑 춘천 본점
f_f002656,2,3,2306030003,미카도스시 춘천온의점
f_f002656,2,4,2306030004,집
f_f002657,1,1,2306030001,집
f_f002657,1,2,2306030002,시골집
f_f002657,1,3,2306030003,군파 클루지
f_f002657,1,4,2306030004,원리 73
f_f002657,1,5,2306030005,집
f_f002659,1,1,2306030001,집
f_f002659,1,2,2306030003,수서역
f_f002659,1,3,2306030004,동대구역
f_f002659,1,4,2306030005,스타벅스 동대구 터미널점
f_f002659,1,5,2306030006,청라언덕
f_f002659,1,6,2306030002,그린빌 사우나 찜질방
f_f002659,2,1,2306040001,대구스타디움
f_f002659,2,2,2306040002,청림탕
f_f002659,2,3,2306040003,신세계백화점 대구점
f_f002659,2,4,2306040004,단골 식당
f_f002659,2,5,2306040005,스타벅스 대구 수성 호수 R 점
f_f002659,2,6,2306040006,수성못
f_f002659,2,7,2306040007,김광석 다시 그리기 길
f_f002659,2,8,2306040008,신세계백화점 대구점
f_f002659,2,9,2306040009,역전 가락국수 41 동대구역점
f_f002659,2,10,2306040010,동대구역
f_f002659,2,11,2306040011,수서역
f_f002659,2,12,2306040012,집
f_f002660,1,1,2306040001,집
f_f002660,1,2,2306040002,청도 천둥치
f_f002660,1,3,2306040003,청도 재래시장
f_f002660,1,4,2306040004,역전 추어탕 청도 본점
f_f002660,1,5,2306040005,청도읍 선
f_f002660,1,6,2306040006,땡뚱쁘띠끄
f_f002660,1,7,2306040007,집
f_f002662,1,1,2306030001,사무실
f_f002662,1,2,2306030002,홈플러스 아시아드점 푸트코트
f_f002662,1,3,2306030003,부산 사직종합운동장 사직야구장
f_f002662,1,4,2306030004,삼계 대동 이미지 1단지 아파트
f_f002663,1,1,2306040001,집
f_f002663,1,2,2306040002,홍천휴게소 양양방향
f_f002663,1,3,2306040003,인구해변
f_f002663,1,4,2306040004,솜다리 수제버거
f_f002663,1,5,2306040006,빅아일랜드서프
f_f002663,1,6,2306040005,설악해변
f_f002663,1,7,2306040008,루나인
f_f002663,2,1,2306050001,집
f_f002665,1,1,2306030001,집
f_f002665,1,2,2306030003,장안휴게소 부산방향
f_f002665,1,3,2306030004,행리단길
f_f002665,1,4,2306030005,LUFT MANSION (루프트 맨션)
f_f002665,1,5,2306030006,쉐리 버트
f_f002665,1,6,2306030007,포니 필름
f_f002665,1,7,2306030008,왕매미 오락실
f_f002665,1,8,2306030009,해운대해수욕장
f_f002665,1,9,2306030010,더 소가 카페 달맞이점
f_f002665,1,10,2306030011,해성 막창집 본점
f_f002665,1,11,2306030012,훈이네 김밥 가락국수
f_f002665,1,12,2306030002,집
f_f002669,1,1,2306050001,집
f_f002669,1,2,2306050002,버거킹 면목역점
f_f002669,1,3,2306050003,가평휴게소 춘천방향
f_f002669,1,4,2306050004,봉포 잠수부 집 본점
f_f002669,1,5,2306050005,등대해수욕장
f_f002669,1,6,2306050006,어반 스테이 속초 등대점
f_f002669,1,7,2306050007,신포 2대 옛날 식당
f_f002669,1,8,2306050008,세븐일레븐 속초 등대점
f_f002669,1,9,2306050009,어반 스테이 속초 등대점
f_f002669,2,1,2306060001,봉포 한우숯불구이
f_f002669,2,2,2306060002,흰 다정
f_f002669,2,3,2306060003,용촌 저수지
f_f002669,2,4,2306060004,바다정원
f_f002669,2,5,2306060005,속초 아이
f_f002669,2,6,2306060006,대청마루
f_f002669,2,7,2306060007,한계령 휴게소
f_f002669,2,8,2306060008,집
f_f002670,1,1,2306060001,집
f_f002670,1,2,2306060002,포항 죽도 시장
f_f002670,1,3,2306060003,포항함체험관
f_f002670,1,4,2306060004,오도리 간이해수욕장
f_f002670,1,5,2306060005,이 가리 간이해변
f_f002670,1,6,2306060006,월포 반점
f_f002670,1,7,2306060007,집
f_f002674,1,1,2306050001,집
f_f002674,1,2,2306050003,신경주역
f_f002674,1,3,2306050004,동리
f_f002674,1,4,2306050005,경주 버드파크
f_f002674,1,5,2306050006,신경주역
f_f002674,1,6,2306050002,집
f_f002676,1,1,2306090001,친구 친지 집
f_f002676,1,2,2306090003,나노 병원
f_f002676,1,3,2306090002,진영복합휴게소 부산방향
f_f002676,1,4,2306090004,바람의 언덕 호텔리조트
f_f002676,2,1,2306100001,뭐그정
f_f002676,2,2,2306100002,여차몽돌해수욕장
f_f002676,2,3,2306100003,카페매오로시
f_f002676,2,4,2306100004,근포 땅굴
f_f002676,2,5,2306100005,해운대 힐스테이트 위브 아파트
f_f002677,1,1,2306060001,집
f_f002677,1,2,2306060002,초량 온당
f_f002677,1,3,2306060003,카페 초량 온당
f_f002677,1,4,2306060004,비트 포비아 서면 던전점
f_f002677,1,5,2306060005,반판
f_f002677,1,6,2306060006,집
f_f002683,1,1,2306040001,집
f_f002683,1,2,2306040003,청량리역
f_f002683,1,3,2306040004,원주역
f_f002683,1,4,2306040005,원주 집
f_f002683,1,5,2306040007,치악예술관
f_f002683,1,6,2306040006,박경리문학공원
f_f002683,1,7,2306040008,원주한지테마파크
f_f002683,1,8,2306040009,동화마을 수목원
f_f002683,1,9,2306040010,원주 강원감영
f_f002683,1,10,2306040011,강 박사
f_f002683,1,11,2306040012,투썸플레이스 원주혁신 H 타워점
f_f002683,1,12,2306040013,힐데스하임 5단지 아파트
f_f002683,1,13,2306040002,원주 집
f_f002683,2,1,2306050001,원주 세계화폐박물관
f_f002683,2,2,2306050002,구형사
f_f002683,2,3,2306050003,관음사
f_f002683,2,4,2306050004,기후변화 홍보관
f_f002683,2,5,2306050005,힐데스하임 5단지 아파트
f_f002683,2,6,2306050006,원주종합버스터미널
f_f002683,2,7,2306050007,상봉터미널
f_f002683,2,8,2306050008,코스트코 상봉점
f_f002683,2,9,2306050009,집
f_f002689,1,1,2306020001,사무실
f_f002689,1,2,2306020002,군위영천휴게소 영천방향
f_f002689,1,3,2306020008,양산 석산 w
f_f002689,2,1,2306030001,돈벼락 돼지국밥
f_f002689,2,2,2306030002,맥도날드 양산 북정 DT 점
f_f002689,2,3,2306030003,롯데시네마 양산 물금
f_f002689,2,4,2306030004,부산항 국제여객터미널
f_f002689,2,5,2306030006,칠곡휴게소 서울방향
f_f002689,2,6,2306030005,우리집(진천)
f_f002691,1,1,2306060001,숙소
f_f002691,1,2,2306060002,설악산
f_f002691,1,3,2306060004,하루 게스트하우스
f_f002691,1,4,2306060003,호텔리츠
f_f002691,2,1,2306070001,속초 등대
f_f002691,2,2,2306070002,영금정
f_f002691,2,3,2306070004,청초호
f_f002691,2,4,2306070003,청초수물회
f_f002691,2,5,2306070005,칠성 조선소
f_f002691,2,6,2306070006,속초 오징어짬뽕
f_f002691,2,7,2306070007,속초 시외버스터미널
f_f002691,2,8,2306070008,집
f_f002694,1,1,2306030001,집
f_f002694,1,2,2306030004,죽변등대공원
f_f002694,1,3,2306030002,등 계산 스카이워크
f_f002694,1,4,2306030003,죽변 해안 스카이 레일
f_f002694,1,5,2306030005,예원
f_f002694,1,6,2306030006,더 좋은 모텔
f_f002694,1,7,2306030007,커피 한 모금
f_f002694,1,8,2306030008,다이소 울진 후포점
f_f002694,1,9,2306030009,후포해수욕장
f_f002694,1,10,2306030011,이마트 24 울진 봉평점
f_f002694,1,11,2306030010,더 좋은 모텔
f_f002694,2,1,2306040001,피렌체 고궁
f_f002694,2,2,2306040002,집
f_f002695,1,1,2306030001,집
f_f002695,1,2,2306030002,스타벅스 춘천 석사 DT
f_f002695,1,3,2306030003,장호해변
f_f002695,1,4,2306030004,삼척 장밋공원
f_f002695,1,5,2306030005,어나더
f_f002695,1,6,2306030006,강릉 중앙시장
f_f002695,1,7,2306030007,메어 클릭
f_f002695,1,8,2306030009,사천해변
f_f002695,1,9,2306030008,메어 클릭
f_f002695,2,1,2306040001,오징어난전
f_f002695,2,2,2306040002,속초관광수산시장
f_f002695,2,3,2306040004,내린천휴게소 서울방향
f_f002695,2,4,2306040003,동대문 엽기 떡볶이 춘천 강원대점
f_f002697,1,1,2306030001,집
f_f002697,1,2,2306030002,포석으로 소갈비찜
f_f002697,1,3,2306030003,커들리 하우스
f_f002697,1,4,2306030004,대릉원
f_f002697,1,5,2306030005,첨성대
f_f002697,1,6,2306030007,동궁과 월지
f_f002697,1,7,2306030008,프렙
f_f002697,1,8,2306030009,uh suite the gyeongju
f_f002697,2,1,2306040001,황남 밀면
f_f002697,2,2,2306040002,올리브
f_f002697,2,3,2306040003,집
f_f002699,1,1,2306020001,집
f_f002699,1,2,2306020002,강릉역
f_f002699,1,3,2306020003,강릉역옹막
f_f002699,1,4,2306020004,오죽헌
f_f002699,1,5,2306020005,경포해수욕장
f_f002699,1,6,2306020006,유리알 유희
f_f002699,1,7,2306020007,위드 호텔
f_f002699,1,8,2306020008,강릉 중앙시장
f_f002699,1,9,2306020009,위드 호텔
f_f002699,1,10,2306020010,강릉 월화 거리
f_f002699,1,11,2306020011,위드 호텔
f_f002699,2,1,2306030001,고래 책방
f_f002699,2,2,2306030002,강릉역
f_f002699,2,3,2306030003,집
f_f002701,1,1,2306030001,집
f_f002701,1,2,2306030002,복길
f_f002701,1,3,2306030003,샬로 커피 황리단길점
f_f002701,1,4,2306030004,"대릉원, 천마총"
f_f002701,1,5,2306030005,황련단길
f_f002701,1,6,2306030006,집
f_f002704,1,1,2306030001,친구 친지 집
f_f002704,1,2,2306030002,그레이 195호텔
f_f002704,1,3,2306030003,한양 화로 장유점
f_f002704,1,4,2306030005,대청공원
f_f002704,1,5,2306030004,장유 야구 연습장
f_f002704,1,6,2306030006,롯데마트 장유점
f_f002704,1,7,2306030007,그레이 195호텔
f_f002704,2,1,2306040001,신세계백화점 김해점
f_f002704,2,2,2306040002,분산성
f_f002704,2,3,2306040003,다이아 로드
f_f002704,2,4,2306040004,친구 집
f_f002707,1,1,2306040001,집
f_f002707,1,2,2306040002,노워즈 경주점
f_f002707,1,3,2306040003,료코
f_f002707,1,4,2306040004,대릉원
f_f002707,1,5,2306040005,황남빵
f_f002707,1,6,2306040006,단서가 찰보리빵 경주 본점
f_f002707,1,7,2306040007,집
f_f002708,1,1,2306030001,집
f_f002708,1,2,2306030002,통도사
f_f002708,1,3,2306030004,고향의 봄
f_f002708,1,4,2306030003,평산 책방
f_f002708,1,5,2306030005,느티나무의 사랑
f_f002708,1,6,2306030006,집
f_f002711,1,1,2306030001,집
f_f002711,1,2,2306030002,한반도 농협 본점
f_f002711,1,3,2306030004,도향 막국수
f_f002711,1,4,2306030003,예 그리나 숲캠핑장 B 구역
f_f002711,2,1,2306040002,행복 짬뽕
f_f002711,2,2,2306040001,집
f_f002715,1,1,2306020001,집
f_f002715,1,2,2306020005,설악산 생태탐방원
f_f002715,1,3,2306020004,국립공원공단 국립공원 야생생물보전원 북부 보전센터
f_f002715,1,4,2306020003,슈넬 화덕피자
f_f002715,1,5,2306020006,두레공원
f_f002715,1,6,2306020002,설악산 생태탐방원
f_f002715,2,1,2306030001,설악산 생태탐방원 강의동
f_f002715,2,2,2306030002,송의 식당
f_f002715,2,3,2306030003,커피 홀 베이커리 인제 스테 이점
f_f002715,2,4,2306030004,운대리 자작나무 숲
f_f002715,2,5,2306030005,자작나무 숲의 투데이
f_f002715,2,6,2306030006,집
f_f002720,1,1,2306050001,사무실
f_f002720,1,2,2306050002,롯데리아 구포점
f_f002720,1,3,2306050003,구포역
f_f002720,1,4,2306050004,물금역
f_f002720,1,5,2306050005,블리스 호텔
f_f002720,1,6,2306050006,진리 식당
f_f002720,1,7,2306050007,탑 마트 물금역점
f_f002720,1,8,2306050008,황산공원
f_f002720,1,9,2306050009,역전 할머니 맥주 양산 물금역점
f_f002720,1,10,2306050010,블리스 호텔
f_f002720,2,1,2306060001,토끼 부부 베이글
f_f002720,2,2,2306060002,와우쥬 양산점
f_f002720,2,3,2306060003,BB 락 볼링
f_f002720,2,4,2306060004,공차 양산 가촌점
f_f002720,2,5,2306060005,물금역
f_f002720,2,6,2306060006,부산역
f_f002721,1,1,2306040001,집
f_f002721,1,2,2306040002,한남 식당
f_f002721,1,3,2306040003,한선 어린이 물놀이장
f_f002721,1,4,2306040005,백번 고깃집 본점
f_f002721,1,5,2306040004,더비경프라이빗빌라
f_f002721,2,1,2306050001,카페의 네
f_f002721,2,2,2306050002,집
f_f002728,1,1,2306030001,집
f_f002728,1,2,2306030002,포트 뷰
f_f002728,1,3,2306030003,물치항 회 센터(태영호)
f_f002728,1,4,2306030004,물치해변
f_f002728,1,5,2306030005,내린 천막 국수
f_f002728,1,6,2306030006,인제 스피디움
f_f002728,2,1,2306040001,하추리 영농조합법인
f_f002728,2,2,2306040002,인제 스피디움 클래식카 박물관
f_f002728,2,3,2306040003,숯불 돼지마을
f_f002728,2,4,2306040004,집
f_f002729,1,1,2306030001,집
f_f002729,1,2,2306030002,이스턴 베이비스
f_f002729,1,3,2306030003,별 헤는 밤 모텔
f_f002729,1,4,2306030004,영금정
f_f002729,1,5,2306030005,속초관광수산시장
f_f002729,1,6,2306030006,별 헤는 밤 모텔
f_f002729,1,7,2306030007,속초해수욕장
f_f002729,1,8,2306030008,별 헤는 밤 모텔
f_f002729,2,1,2306040001,송정희 어머니 순두부
f_f002729,2,2,2306040002,카페 너래
f_f002729,2,3,2306040003,속초해수욕장
f_f002729,2,4,2306040004,속초 엑스포타워 매표소
f_f002729,2,5,2306040005,만석닭강정 본점
f_f002729,2,6,2306040006,내린천휴게소 서울방향
f_f002729,2,7,2306040007,집
f_f002739,1,1,2306040001,집
f_f002739,1,2,2306040003,경주 샘물 농원
f_f002739,1,3,2306040004,교동 면옥 경주 대릉원점
f_f002739,1,4,2306040005,국립경주박물관
f_f002739,1,5,2306040002,집
f_f002742,1,1,2306060001,집
f_f002742,1,2,2306060002,건봉사
f_f002742,1,3,2306060003,진부령 곤드레 막국수
f_f002742,1,4,2306060004,고성 왕곡마을
f_f002742,1,5,2306060005,능파대
f_f002742,1,6,2306060006,토성농협 하나로마트 본점
f_f002742,1,7,2306060007,동명 활어 장공주 상회
f_f002742,1,8,2306060009,나폴리 하우스
f_f002742,2,1,2306070001,가평휴게소 서울방향
f_f002742,2,2,2306070002,집
f_f002743,1,1,2306040001,집
f_f002743,1,2,2306040002,내린천휴게소 양양방향
f_f002743,1,3,2306040004,강문해변
f_f002743,1,4,2306040005,초당 할머니순두부
f_f002743,1,5,2306040006,차연희 젤라또 앤 커피
f_f002743,1,6,2306040007,강문해변
f_f002743,1,7,2306040008,스타벅스 강릉강문해변점
f_f002743,1,8,2306040009,강릉 중앙시장
f_f002743,1,9,2306040010,횡성휴게소 인천방향
f_f002743,1,10,2306040011,집
f_f002744,1,1,2306050001,집
f_f002744,1,2,2306050002,해운대 시외버스정류소
f_f002744,1,3,2306050003,선분
f_f002744,1,4,2306050004,낭만 젊음 사랑
f_f002744,1,5,2306050005,고스트 북스
f_f002744,1,6,2306050006,더스콘
f_f002744,1,7,2306050007,하이마트 음악감상실
f_f002744,1,8,2306050008,모얼동
f_f002744,1,9,2306050009,브라운 도트 대구 수성점
f_f002744,1,10,2306050010,브라운 도트 대구 수성점
f_f002744,2,1,2306060001,수성못
f_f002744,2,2,2306060002,더 커먼
f_f002744,2,3,2306060003,소지 이룸
f_f002744,2,4,2306060004,경상감영공원
f_f002744,2,5,2306060005,심플 책방
f_f002744,2,6,2306060006,집
f_f002756,1,1,2306030001,집
f_f002756,1,2,2306030002,롯데마트 삼계점
f_f002756,1,3,2306030003,광암해수욕장
f_f002756,1,4,2306030004,GS25 진동 광암점
f_f002756,1,5,2306030005,오션뷰 호텔
f_f002756,2,1,2306040001,진동 시장
f_f002756,2,2,2306040002,집
f_f002760,1,1,2306060001,집
f_f002760,1,2,2306060003,삼대 막국수
f_f002760,1,3,2306060004,소양강 스카이워크
f_f002760,1,4,2306060005,카페 감자밭 본점
f_f002760,1,5,2306060006,호텔 오스티아
f_f002760,1,6,2306060007,춘천 낭만시장
f_f002760,1,7,2306060002,호텔 오스티아
f_f002760,2,1,2306070001,해피 초원 목장
f_f002760,2,2,2306070002,큰집 막국수 닭갈비
f_f002760,2,3,2306070003,집
f_f002764,1,1,2306050001,집
f_f002764,1,2,2306050002,영천역
f_f002764,1,3,2306050003,태화강역
f_f002764,1,4,2306050004,에라토 울산점
f_f002764,1,5,2306050005,카페 리뉴
f_f002764,1,6,2306050006,아트박스 울산 삼산점
f_f002764,1,7,2306050007,무인양품 롯데백화점 울산점
f_f002764,1,8,2306050008,롯데 영 플라자 울산점
f_f002764,1,9,2306050009,브라운 도트 호텔 정자해수욕장점
f_f002764,2,1,2306060002,스타벅스 울산 정자 비치 DT 점
f_f002764,2,2,2306060003,북을 산역
f_f002764,2,3,2306060004,영천역
f_f002764,2,4,2306060001,집
f_f002773,1,1,2306050001,집
f_f002773,1,2,2306050002,스타벅스 울산 약사 DT 점
f_f002773,1,3,2306050003,추억의 보리밥
f_f002773,1,4,2306050004,경주 양동 마을
f_f002773,1,5,2306050005,녹아
f_f002773,1,6,2306050006,소품 숍 황남동 298
f_f002773,1,7,2306050007,황금십원빵
f_f002773,1,8,2306050008,CU 경주 황남점
f_f002773,1,9,2306050009,봉황대 공영주차장
f_f002773,1,10,2306050010,진주댁 매곡점
f_f002773,1,11,2306050011,땅땅 치킨 울산 중구청점
f_f002783,1,1,2306040001,사무실
f_f002783,1,2,2306040003,루오 스테이 수월
f_f002783,1,3,2306040004,루오
f_f002783,2,1,2306050002,카페 마나나
f_f002783,2,2,2306050003,리안
f_f002783,2,3,2306050001,집
f_f002785,1,1,2306050001,집
f_f002785,1,2,2306050002,서울역
f_f002785,1,3,2306050003,동대구역
f_f002785,1,4,2306050005,코잔타
f_f002785,1,5,2306050004,낙영 찜 갈비 별관
f_f002785,1,6,2306050006,고스트 북스
f_f002785,1,7,2306050007,미리 선
f_f002785,1,8,2306050008,홀리데이 비지터 숍
f_f002785,1,9,2306050009,리얼즈
f_f002785,1,10,2306050010,나이트웍스
f_f002785,1,11,2306050011,동아 식당
f_f002785,1,12,2306050013,김광석 다시 그리기 길
f_f002785,1,13,2306050014,호텔인 서니 아
f_f002785,2,1,2306060001,더 현대 대구
f_f002785,2,2,2306060002,서문시장
f_f002785,2,3,2306060003,동대구역
f_f002785,2,4,2306060004,서울역
f_f002785,2,5,2306060005,집
f_f002788,1,1,2306050001,집
f_f002788,1,2,2306050002,태화강역
f_f002788,1,3,2306050003,대게 만찬
f_f002788,1,4,2306050004,호텔인 트로
f_f002788,1,5,2306050005,해운대해수욕장
f_f002788,1,6,2306050006,호텔인 트로
f_f002788,2,1,2306060001,해운대 초량 밀면
f_f002788,2,2,2306060002,라이언 홀리데이 인 부산
f_f002788,2,3,2306060003,롯데 프리미엄 아웃렛 동부산점
f_f002788,2,4,2306060004,집
f_f002790,1,1,2306020001,집
f_f002790,1,2,2306020003,신가네 손칼 짬뽕
f_f002790,1,3,2306020004,부엔 바리오
f_f002790,1,4,2306020005,원더풀 꽈배기
f_f002790,1,5,2306020002,집
f_f002793,1,1,2306030001,집
f_f002793,1,2,2306030003,타이어뱅크 만나 대점
f_f002793,1,3,2306030006,강릉 월화 거리
f_f002793,1,4,2306030004,낮의 공원
f_f002793,1,5,2306030005,월 화 역
f_f002793,1,6,2306030007,유리알 유희
f_f002793,1,7,2306030008,강문해변
f_f002793,1,8,2306030009,쉘리스
f_f002793,1,9,2306030010,사천해변
f_f002793,1,10,2306030011,사천진 방파제
f_f002793,1,11,2306030012,강릉 중앙시장
f_f002793,1,12,2306030002,강릉 코지 하우스펜션
f_f002793,2,1,2306040001,감자 유원지
f_f002793,2,2,2306040002,무드 앤드 비
f_f002793,2,3,2306040003,코버트
f_f002793,2,4,2306040004,집
f_f002817,1,1,2306050001,집
f_f002817,1,2,2306050003,경주성동시장
f_f002817,1,3,2306050004,교촌마을
f_f002817,1,4,2306050005,첨성대
f_f002817,1,5,2306050006,대릉원
f_f002817,1,6,2306050007,소노벨 경주
f_f002817,1,7,2306050008,낙지 마실
f_f002817,1,8,2306050009,홈플러스 경주점
f_f002817,1,9,2306050010,소노벨 경주
f_f002817,1,10,2306050002,소노벨 경주
f_f002817,2,1,2306060002,국립경주박물관
f_f002817,2,2,2306060003,LA 돈가스
f_f002817,2,3,2306060004,신라명가 오릉점 경주빵 찰보리빵
f_f002817,2,4,2306060001,집
f_f002818,1,1,2306030001,집
f_f002818,1,2,2306030002,내포 롯데캐슬 아파트
f_f002818,1,3,2306030003,부석사
f_f002818,1,4,2306030004,평화식당
f_f002818,1,5,2306030005,참나무 생고기 숯불구이
f_f002818,1,6,2306030006,위즈 호텔
f_f002818,2,1,2306040001,도담삼봉
f_f002818,2,2,2306040002,내포 롯데캐슬 아파트
f_f002818,2,3,2306040003,에덴 오리누룽지 백숙
f_f002818,2,4,2306040004,집
f_f002819,1,1,2306040001,집
f_f002819,1,2,2306040002,가평휴게소 춘천방향
f_f002819,1,3,2306040003,내린천휴게소 양양방향
f_f002819,1,4,2306040004,물치해변
f_f002819,1,5,2306040005,하조대 전망대
f_f002819,1,6,2306040006,홍천휴게소 서울방향
f_f002819,1,7,2306040007,집
f_f002821,1,1,2306060001,집
f_f002821,1,2,2306060003,윈드윈
f_f002821,1,3,2306060004,청라언덕
f_f002821,1,4,2306060005,서문시장
f_f002821,1,5,2306060006,스타벅스 대구 종로 고택점
f_f002821,1,6,2306060007,나이스 키친
f_f002821,1,7,2306060008,나그놀
f_f002821,1,8,2306060009,중화반점
f_f002821,1,9,2306060002,집
f_f002827,1,1,2306060001,집
f_f002827,1,2,2306060003,참 좋은 김밥천국 범물점
f_f002827,1,3,2306060004,보경사
f_f002827,1,4,2306060005,내연산 삼태봉
f_f002827,1,5,2306060006,청하 시장
f_f002827,1,6,2306060002,집
f_f002833,1,1,2306030001,집
f_f002833,1,2,2306030003,양양 막국수
f_f002833,1,3,2306030004,스케줄 양양
f_f002833,1,4,2306030005,서프 월드
f_f002833,1,5,2306030006,13번 길
f_f002833,1,6,2306030007,벨리타펜션
f_f002833,1,7,2306030008,강원도 양양군 강현면 동해 대로 3598
f_f002833,1,8,2306030009,벨리타펜션
f_f002833,2,1,2306040001,기러기 식당
f_f002833,2,2,2306040002,물치 활어회센터
f_f002833,2,3,2306040003,속초종합 중앙시장 주차장
f_f002833,2,4,2306040005,신원 아파트
f_f002833,2,5,2306040004,집
f_f002840,1,1,2306030001,집
f_f002840,1,2,2306030003,스타벅스 통영 이마트점
f_f002840,1,3,2306030004,해운대 블루라인
f_f002840,1,4,2306030006,청사포 다릿돌 전망대
f_f002840,1,5,2306030005,해운대 블루라인파크 미포 정거장
f_f002840,1,6,2306030007,White Rock
f_f002840,1,7,2306030008,동백 호텔 해운대점
f_f002840,1,8,2306030009,딤 타오
f_f002840,1,9,2306030010,해운대해수욕장
f_f002840,1,10,2306030011,핑거스앤쳇
f_f002840,1,11,2306030012,포토 이즘 컬러 드 해운대 광장점
f_f002840,1,12,2306030002,동백 호텔 해운대점
f_f002840,2,1,2306040001,밀양 순대 돼지국밥 해운대점
f_f002840,2,2,2306040002,노티스 부산 해운대
f_f002840,2,3,2306040003,광안리해수욕장
f_f002840,2,4,2306040004,집
f_f002843,1,1,2306040001,집
f_f002843,1,2,2306040003,강동 몽돌해변
f_f002843,1,3,2306040004,카페 원스 두 번째
f_f002843,1,4,2306040005,강동 중앙공원
f_f002843,1,5,2306040006,강동 화암 주상절리
f_f002843,1,6,2306040007,본 감자탕 강동산하점
f_f002843,1,7,2306040002,지진 옥외 대피장소 (구) 전촌 초등학교
f_f002846,1,1,2306080001,집
f_f002846,1,2,2306080002,동대구역
f_f002846,1,3,2306080003,부산역
f_f002846,1,4,2306080004,지즈
f_f002846,1,5,2306080005,오브젝트 에디트
f_f002846,1,6,2306080006,초량 온당
f_f002846,1,7,2306080007,흰 여울 문화마을
f_f002846,1,8,2306080008,더 해빙 커피
f_f002846,1,9,2306080009,신발원
f_f002846,1,10,2306080010,부산역
f_f002846,1,11,2306080011,동대구역
f_f002846,1,12,2306080012,집
f_f002849,1,1,2306030001,집
f_f002849,1,2,2306030002,가평휴게소 춘천 방향
f_f002849,1,3,2306030003,남애 3리 해변
f_f002849,1,4,2306030004,하조대농협 하나로마트 본점
f_f002849,1,5,2306030005,양양 글램 독 애견 펜션
f_f002849,1,6,2306030006,인구해변
f_f002849,1,7,2306030008,양양 글램 독 애견 펜션
f_f002849,2,1,2306040001,갯마을 해변
f_f002849,2,2,2306040002,마할로
f_f002849,2,3,2306040003,남애면 옥
f_f002849,2,4,2306040004,홍천 휴게소 서울 방향
f_f002849,2,5,2306040005,집
f_f002850,1,1,2306060001,집
f_f002850,1,2,2306060003,더함집 낙곱새
f_f002850,1,3,2306060004,더 브로크
f_f002850,1,4,2306060006,용소골 꽃양귀비 축제
f_f002850,1,5,2306060005,치악 고등학교
f_f002850,1,6,2306060007,소금산 그랜드밸리
f_f002850,1,7,2306060008,뮤지엄 산
f_f002850,1,8,2306060009,까치둥지
f_f002850,1,9,2306060002,집
f_f002855,1,1,2306030001,집
f_f002855,1,2,2306030002,발라드 웨이브
f_f002855,1,3,2306030003,이어 코지 코너
f_f002855,1,4,2306030004,이가리 닻 전망대
f_f002855,1,5,2306030005,오도리 간이해수욕장
f_f002855,1,6,2306030006,린도 카페
f_f002855,1,7,2306030007,H avenue hotel
f_f002855,1,8,2306030008,가정 초밥 영일대점
f_f002855,1,9,2306030009,영일 대전 망대
f_f002855,1,10,2306030010,H avenue hotel
f_f002855,2,1,2306040001,그레이비
f_f002855,2,2,2306040002,오브레멘
f_f002855,2,3,2306040003,배배 꼬 포항영일 대점
f_f002855,2,4,2306040004,구룡포 일본인 가옥거리
f_f002855,2,5,2306040005,디폴트 커피나
f_f002855,2,6,2306040006,텃밭 보리밥
f_f002855,2,7,2306040007,집
f_f002856,1,1,2306040001,집
f_f002856,1,2,2306040002,피와 레토
f_f002856,1,3,2306040003,성문 안 컨트리클럽
f_f002856,1,4,2306040004,스톤 크릭
f_f002856,1,5,2306040005,신세계 프리미엄 아웃렛 여주
f_f002856,1,6,2306040006,여주휴게소 주유소 인천방향
f_f002856,1,7,2306040007,집
f_f002858,1,1,2306040001,집
f_f002858,1,2,2306040003,라온하제
f_f002858,1,3,2306040004,경남 마산로봇랜드
f_f002858,1,4,2306040005,새벽촌
f_f002858,1,5,2306040002,집
f_f002863,1,1,2306040001,사무실
f_f002863,1,2,2306040002,소금산 출렁다리
f_f002863,1,3,2306040003,동대문 엽기 떡볶이 원주기업도시점
f_f002863,1,4,2306040004,복고다방 원주기업도시점
f_f002863,1,5,2306040005,용소골 꽃양귀비 축제
f_f002863,1,6,2306040006,고릴라 호텔
f_f002863,2,1,2306050001,봉화산 설렁탕 단계 본점
f_f002863,2,2,2306050002,경기 광주 휴게소 경기도 광주방향
f_f002863,2,3,2306050003,친구 집
f_f002865,1,1,2306100001,집
f_f002865,1,2,2306100002,동흥 재첩국
f_f002865,1,3,2306100003,최 참판 댁
f_f002865,1,4,2306100005,매암차 박물관
f_f002865,1,5,2306100004,빅 페리 컴즈
f_f002865,1,6,2306100006,집
f_f002867,1,1,2306070001,집
f_f002867,1,2,2306070003,대릉원
f_f002867,1,3,2306070004,황화정
f_f002867,1,4,2306070005,배리 삼릉공원
f_f002867,1,5,2306070006,후 연지 한옥펜션
f_f002867,1,6,2306070007,료미
f_f002867,1,7,2306070008,롯폰기
f_f002867,1,8,2306070009,동궁과 월지
f_f002867,1,9,2306070010,첨성대
f_f002867,1,10,2306070002,후 연지 한옥펜션
f_f002867,2,1,2306080002,아스테리아 밀즈 경주점
f_f002867,2,2,2306080003,제로 스페이스 경주
f_f002867,2,3,2306080004,가봉 방과
f_f002867,2,4,2306080005,화랑의 언덕
f_f002867,2,5,2306080006,모모 침준
f_f002867,2,6,2306080001,집
f_f002869,1,1,2306060001,집
f_f002869,1,2,2306060003,와인터널
f_f002869,1,3,2306060004,군파 클루지
f_f002869,1,4,2306060005,새마을운동 테마공원
f_f002869,1,5,2306060006,화덕촌
f_f002869,1,6,2306060002,집
f_f002872,1,1,2306100001,집
f_f002872,1,2,2306100002,부산밀면
f_f002872,1,3,2306100003,경상남도교육청 김해도서관
f_f002872,1,4,2306100004,"봉리단길, 김수로왕릉"
f_f002872,1,5,2306100005,동네 한 바퀴
f_f002872,1,6,2306100006,집
f_f002882,1,1,2306070001,집
f_f002882,1,2,2306070002,서울역
f_f002882,1,3,2306070003,던킨 서울역 2호점
f_f002882,1,4,2306070004,강릉역
f_f002882,1,5,2306070005,소금강에서 띄우는 들꽃편지
f_f002882,1,6,2306070006,차연희 순두부 청국장
f_f002882,1,7,2306070007,차연희 젤라또 앤 커피
f_f002882,1,8,2306070008,아르떼 뮤지엄 강릉
f_f002882,1,9,2306070009,안목 해변
f_f002882,1,10,2306070011,강릉에 컷
f_f002882,1,11,2306070010,라라의 안목
f_f002882,1,12,2306070012,강릉 중앙시장
f_f002882,1,13,2306070013,만동 제과
f_f002882,1,14,2306070014,강릉역
f_f002882,1,15,2306070015,서울역
f_f002882,1,16,2306070016,집
f_f002884,1,1,2306030001,집
f_f002884,1,2,2306030002,복어 잡는 사람들 본점
f_f002884,1,3,2306030003,제주 제이제이 씨 커피 경산중 방점
f_f002884,1,4,2306030004,남매지
f_f002884,1,5,2306030005,우즈 베이커리 카페
f_f002884,1,6,2306030006,집
f_f002885,1,1,2306030001,집
f_f002885,1,2,2306030002,포항역
f_f002885,1,3,2306030003,안동 소머리곰탕 본점
f_f002885,1,4,2306030004,죽도 시장
f_f002885,1,5,2306030006,비학산 소풍
f_f002885,2,1,2306040001,팜 테이블 영일대점
f_f002885,2,2,2306040002,우목 횟집
f_f002885,2,3,2306040004,포항역
f_f002885,2,4,2306040003,집
f_f002888,1,1,2306040001,집
f_f002888,1,2,2306040002,함안 대산면과수원
f_f002888,1,3,2306040003,친척 집
f_f002888,1,4,2306040004,악양 생태공원
f_f002888,1,5,2306040005,집
f_f002893,1,1,2306050001,집
f_f002893,1,2,2306050002,남이섬
f_f002893,1,3,2306050005,레고랜드 코리아리조트
f_f002893,1,4,2306050003,대엔 당
f_f002893,1,5,2306050004,카페 춘빙고 본점
f_f002893,1,6,2306050006,소양강 스카이워크
f_f002893,1,7,2306050007,장가네 더덕 밥
f_f002893,1,8,2306050008,강촌 뷰티풀 펜션
f_f002893,2,1,2306060001,강촌레일파크 경강역
f_f002893,2,2,2306060002,제이드가든 수목원
f_f002893,2,3,2306060003,집
f_f002899,1,1,2306060001,집
f_f002899,1,2,2306060003,와촌휴게소 포항방향
f_f002899,1,3,2306060004,이가리 닻 전망대
f_f002899,1,4,2306060005,환호공원 스페이스 워크
f_f002899,1,5,2306060006,소디프 커피 영일대점
f_f002899,1,6,2306060007,마당집
f_f002899,1,7,2306060002,라한 호텔 포항
f_f002899,2,1,2306070001,환여 횟집
f_f002899,2,2,2306070002,헤이안
f_f002899,2,3,2306070003,구룡포 일본인 가옥거리
f_f002899,2,4,2306070004,까멜리아
f_f002899,2,5,2306070006,울주 휴게소 함양 방향
f_f002899,2,6,2306070005,집
f_f002909,1,1,2306030001,집
f_f002909,1,2,2306030002,영등포역
f_f002909,1,3,2306030004,구미역
f_f002909,1,4,2306030005,구미 새마을중앙시장
f_f002909,1,5,2306030006,구미 예 갤러리
f_f002909,1,6,2306030007,금오산 케이블카 주차장
f_f002909,1,7,2306030008,해운사
f_f002909,1,8,2306030009,금오산 대혜폭포
f_f002909,1,9,2306030010,싱글벙글 복어 본점
f_f002909,1,10,2306030011,디저트 39 구미역점
f_f002909,1,11,2306030003,구미 옥계 현진에버빌 엠파이어 아파트
f_f002909,2,1,2306040002,구미역
f_f002909,2,2,2306040003,대구역
f_f002909,2,3,2306040004,남산역 대구 3호선
f_f002909,2,4,2306040005,경대병원역 대구 2호선
f_f002909,2,5,2306040006,삼더니 크
f_f002909,2,6,2306040007,라츠 라멘
f_f002909,2,7,2306040008,데어 오지
f_f002909,2,8,2306040009,올리브영 동대구 역사점
f_f002909,2,9,2306040010,동대구역
f_f002909,2,10,2306040011,서울역
f_f002909,2,11,2306040012,영등포역
f_f002909,2,12,2306040001,집
f_f002914,1,1,2306060001,집
f_f002914,1,2,2306060002,하루 솥밥
f_f002914,1,3,2306060003,거제 식물원 정글돔
f_f002914,1,4,2306060004,연돌 커피
f_f002914,1,5,2306060005,다대포해수욕장
f_f002914,1,6,2306060006,집
f_f002920,1,1,2306060001,집
f_f002920,1,2,2306060002,오사카 멘 치
f_f002920,1,3,2306060003,울산 달동 1397-1
f_f002920,1,4,2306060004,DNU 커피
f_f002920,1,5,2306060005,울산대공원 동물원
f_f002920,1,6,2306060006,집
f_f002921,1,1,2306040001,집
f_f002921,1,2,2306040003,경주천년한우 보문점
f_f002921,1,3,2306040004,석굴암
f_f002921,1,4,2306040005,불국사
f_f002921,1,5,2306040006,첨성대
f_f002921,1,6,2306040007,대릉원
f_f002921,1,7,2306040008,황남빵
f_f002921,1,8,2306040009,진영휴게소 순천방향
f_f002921,1,9,2306040002,집
f_f002925,1,1,2306030001,집
f_f002925,1,2,2306030002,꼬쇼네
f_f002925,1,3,2306030003,태종대유원지
f_f002925,1,4,2306030004,영도 김가네 쑥 밀면
f_f002925,1,5,2306030005,흰 여울 문화마을
f_f002925,1,6,2306030006,해빙 모멘트
f_f002925,1,7,2306030007,집
f_f002933,1,1,2306040001,집
f_f002933,1,2,2306040002,경주 시외버스터미널
f_f002933,1,3,2306040003,배키욘방 황리단길점
f_f002933,1,4,2306040004,스컹크 웍스
f_f002933,1,5,2306040006,히피 몬드 황리단길점
f_f002933,1,6,2306040005,플레이 시
f_f002933,1,7,2306040007,왕과 탕후루 경주 황남점
f_f002933,1,8,2306040008,첨성대
f_f002933,1,9,2306040009,국립경주박물관
f_f002933,1,10,2306040010,동궁과 월지
f_f002933,1,11,2306040011,베지 경주 제과 황리단길점
f_f002933,1,12,2306040012,황화정
f_f002933,1,13,2306040013,동대구 터미널
f_f002933,1,14,2306040014,집
f_f002934,1,1,2306060001,집
f_f002934,1,2,2306060002,간절곶
f_f002934,1,3,2306060003,히노아지 간절곶점
f_f002934,1,4,2306060004,해월당 간절곶지점
f_f002934,1,5,2306060005,집
f_f002941,1,1,2306030001,집
f_f002941,1,2,2306030003,베리타스 95
f_f002941,1,3,2306030004,곳간
f_f002941,1,4,2306030005,교동 귀금속 거리
f_f002941,1,5,2306030002,집
f_f002946,1,1,2306060001,집
f_f002946,1,2,2306060003,롯데 프리미엄 아웃렛 김해점
f_f002946,1,3,2306060004,장유농협주유소
f_f002946,1,4,2306060005,진영휴게소 순천방향
f_f002946,1,5,2306060006,영남루
f_f002946,1,6,2306060007,나랑 각 인근 강변
f_f002946,1,7,2306060008,로프트 커피 로프터스
f_f002946,1,8,2306060010,밀양아리랑 우주천문대
f_f002946,1,9,2306060009,밀양강 보트장
f_f002946,1,10,2306060002,집
f_f002972,1,1,2307010001,집
f_f002972,1,2,2307010002,만휴정
f_f002972,1,3,2307010003,꼬끼오 김준연 안동찜닭
f_f002972,1,4,2307010004,월영교
f_f002972,1,5,2307010005,월영당
f_f002972,1,6,2307010006,낙강 물길 공원
f_f002972,1,7,2307010007,병산서원
f_f002972,1,8,2307010008,집
f_f002980,1,1,2306240001,집
f_f002980,1,2,2306240002,홍천 휴게소 양양 방향
f_f002980,1,3,2306240003,권금성 휴게소
f_f002980,1,4,2306240004,설악산
f_f002980,1,5,2306240005,대포횟집
f_f002980,1,6,2306240006,소노캄 델피노
f_f002980,2,1,2306250001,대청마루
f_f002980,2,2,2306250002,소노캄 델피노
f_f002980,2,3,2306250003,속초해수욕장
f_f002980,2,4,2306250004,썬 활어
f_f002980,2,5,2306250005,홍천 휴게소 서울 방향
f_f002980,2,6,2306250006,집
f_f003014,1,1,2306210001,집
f_f003014,1,2,2306210003,진주냉면
f_f003014,1,3,2306210004,진양호 동물원
f_f003014,1,4,2306210005,진양호공원 어린이놀이숲
f_f003014,1,5,2306210002,집
f_f003086,1,1,2306100001,집
f_f003086,1,2,2306100002,창원 수목원
f_f003086,1,3,2306100003,투 핸즈
f_f003086,1,4,2306100004,푸떼즈
f_f003086,1,5,2306100005,이마트 김해점
f_f003086,1,6,2306100006,집
f_f003097,1,1,2306240001,집
f_f003097,1,2,2306240003,트레이더스 홀세일 클럽 양산점
f_f003097,1,3,2306240004,이니스프리 양산 덕계점
f_f003097,1,4,2306240005,GS 더 프레시 양산 덕계점
f_f003097,1,5,2306240002,집
f_f003164,1,1,2307010001,집
f_f003164,1,2,2307010002,가온 밀면 김광석 거리점
f_f003164,1,3,2307010003,김광석 다시 그리기 길
f_f003164,1,4,2307010004,벽돌집
f_f003164,1,5,2307010005,고인돌
f_f003164,1,6,2307010006,배스킨라빈스 대구 신암점
f_f003164,1,7,2307010007,집
f_f003168,1,1,2307020001,집
f_f003168,1,2,2307020002,땅뫼산
f_f003168,1,3,2307020003,효원 면옥
f_f003168,1,4,2307020004,집
f_f003217,1,1,2306100001,집
f_f003217,1,2,2306100002,태조로31번길 2
f_f003217,1,3,2306100003,겪이
f_f003217,1,4,2306100004,콩 카페 부산 서면점
f_f003217,1,5,2306100005,드림시어터
f_f003217,1,6,2306100006,옥미 아귀찜 본점
f_f003217,1,7,2306100007,롯데백화점 광복점
f_f003217,1,8,2306100009,친구 집
f_f003217,1,9,2306100008,집
f_f003234,1,1,2306180001,집
f_f003234,1,2,2306180002,진영역 철도박물관
f_f003234,1,3,2306180003,홍천이 김밥 본점
f_f003234,1,4,2306180004,베니 주니 진영 키즈카페
f_f003234,1,5,2306180005,집
f_f003237,1,1,2306160001,집
f_f003237,1,2,2306160003,찬희네 식당
f_f003237,1,3,2306160004,두타연 금강산 가는 길 안내소
f_f003237,1,4,2306160006,직연폭포
f_f003237,1,5,2306160005,양구 백자 박물관
f_f003237,1,6,2306160007,할머니 댁
f_f003237,1,7,2306160002,집
f_f003246,1,1,2307020001,숙소
f_f003246,1,2,2307020002,의령 농가 밥상
f_f003246,1,3,2307020003,의령 구름다리의 병 박물관 충익사와 수변공원
f_f003246,1,4,2307020005,솥바위
f_f003246,1,5,2307020004,의령군 아열대식물원
f_f003246,1,6,2307020006,커피 스테이
f_f003246,1,7,2307020007,의령군 정곡면
f_f003247,1,1,2308190001,집
f_f003247,1,2,2308190002,의령소바 배둔점
f_f003247,1,3,2308190003,GS25 고성휴게소점
f_f003247,1,4,2308190004,고성공룡 박물관
f_f003247,1,5,2308190005,듕가리카페
f_f003247,1,6,2308190006,상족암 군립 공원
f_f003247,1,7,2308190007,풀 마트 배둔점
f_f003247,1,8,2308190009,경남 고성군 구만면 영회로 1791
f_f003247,2,1,2308200001,용댐계곡
f_f003247,2,2,2308200003,통뼈 감자탕 진주냉면
f_f003247,2,3,2308200002,집
f_f003252,1,1,2306240001,집
f_f003252,1,2,2306240002,서문시장
f_f003252,1,3,2306240003,고기 9단 침산직영점
f_f003252,1,4,2306240004,대구근대화 골목
f_f003252,1,5,2306240005,집
f_f003254,1,1,2306300001,사무실
f_f003254,1,2,2306300003,원주 도레미 시장
f_f003254,1,3,2306300004,주리스커피
f_f003254,1,4,2306300005,엄마 손택 백물 닭갈비 본점
f_f003254,1,5,2306300006,강원랜드
f_f003254,1,6,2306300002,하이원리조트
f_f003257,1,1,2306140001,집
f_f003257,1,2,2306140002,대릉원
f_f003257,1,3,2306140003,987피자
f_f003257,1,4,2306140004,첨성대
f_f003257,1,5,2306140005,국립경주박물관
f_f003257,1,6,2306140006,황련단길
f_f003257,1,7,2306140007,동궁과 월지
f_f003257,1,8,2306140008,마성 떡볶이 신경주역점
f_f003257,1,9,2306140009,집
f_f003258,1,1,2306170001,집
f_f003258,1,2,2306170002,외동 휴게소 포항방향
f_f003258,1,3,2306170003,안다미로
f_f003258,1,4,2306170005,서 부산 IC 주유소
f_f003258,1,5,2306170004,건천휴게소 부산방향
f_f003258,1,6,2306170006,집
f_f003263,1,1,2306250001,집
f_f003263,1,2,2306250003,중동역 부산 2호선
f_f003263,1,3,2306250004,부원역 부산 김해 경전철
f_f003263,1,4,2306250005,금란 다원
f_f003263,1,5,2306250006,국립김해 박물관
f_f003263,1,6,2306250007,구지봉공원
f_f003263,1,7,2306250008,수로왕비 릉
f_f003263,1,8,2306250009,대성동 고분 박물관
f_f003263,1,9,2306250010,가야의 거리
f_f003263,1,10,2306250011,김해종합관광안내소
f_f003263,1,11,2306250012,만리향
f_f003263,1,12,2306250013,피에프 창 신세계 센텀시티몰점
f_f003263,1,13,2306250014,중동역 부산 2호선
f_f003263,1,14,2306250002,집
f_f003265,1,1,2306230001,집
f_f003265,1,2,2306230003,무릉 별유천지
f_f003265,1,3,2306230004,강릉 중앙시장
f_f003265,1,4,2306230002,집
f_f003310,1,1,2306230001,집
f_f003310,1,2,2306230002,제이드가든 수목원
f_f003310,1,3,2306230003,우렁이 쌈밥
f_f003310,1,4,2306230004,두물머리
f_f003310,1,5,2306230005,집
f_f003311,1,1,2306170002,집
f_f003311,1,2,2306170001,롯데월드  어드벤처 부산
f_f003311,1,3,2306170004,남산 왕돈가스  아시리아 미식일 상점
f_f003311,1,4,2306170003,집
f_f003313,1,1,2306250001,집
f_f003313,1,2,2306250003,덕평자연휴게소 강릉방향
f_f003313,1,3,2306250004,소금산 그랜드밸리
f_f003313,1,4,2306250005,섬강 막국수
f_f003313,1,5,2306250006,소금산 그랜드밸리
f_f003313,1,6,2306250002,집
f_f003330,1,1,2306240001,집
f_f003330,1,2,2306240002,대한 콩국 반월당 메트로센터점
f_f003330,1,3,2306240003,남평 문씨 인흥 세거지
f_f003330,1,4,2306240004,대구 중구 골목투어 근대문화골목(2코스)
f_f003330,1,5,2306240005,주교좌 계산 대성당
f_f003330,1,6,2306240006,대구근대골목 단팥빵 동성로 본점
f_f003330,1,7,2306240007,집
f_f003333,1,1,2306100001,집
f_f003333,1,2,2306100003,부산역
f_f003333,1,3,2306100004,편밀밀 봉산점
f_f003333,1,4,2306100005,스테드
f_f003333,1,5,2306100007,대구진 골목
f_f003333,1,6,2306100011,세라젬 웹 카페 대구 동성로 중앙직영점
f_f003333,1,7,2306100008,역전 할머니 맥주 대구 동대구역점
f_f003333,1,8,2306100009,신세계백화점 대구점
f_f003333,1,9,2306100010,동대구역
f_f003333,1,10,2306100002,집
f_f003349,1,1,2306170001,집
f_f003349,1,2,2306170002,박순례손말이고기산정집 원주본점
f_f003349,1,3,2306170003,월송 커피
f_f003349,1,4,2306170004,뮤지엄 산
f_f003349,1,5,2306170005,경기 광주 휴게소 경기도 광주방향
f_f003349,1,6,2306170006,집
f_f003354,1,1,2306210001,집
f_f003354,1,2,2306210002,환여 횟집
f_f003354,1,3,2306210003,영일대해수욕장
f_f003354,1,4,2306210004,카페 173
f_f003354,1,5,2306210005,집
f_f003357,1,1,2306230001,집
f_f003357,1,2,2306230002,허벌 냉면
f_f003357,1,3,2306230003,복 많네
f_f003357,1,4,2306230004,동명시 수변공원
f_f003357,1,5,2306230005,집
f_f003363,1,1,2306140001,집
f_f003363,1,2,2306140003,울산역
f_f003363,1,3,2306140004,동대구역
f_f003363,1,4,2306140005,구공탄 막창 2호점
f_f003363,1,5,2306140006,동네 커피 대구 대명점
f_f003363,1,6,2306140007,동대구역
f_f003363,1,7,2306140008,울산역
f_f003363,1,8,2306140002,집
f_f003373,1,1,2306280001,집
f_f003373,1,2,2306280002,황산공원
f_f003373,1,3,2306280003,오딘 레스토랑
f_f003373,1,4,2306280004,집
f_f003385,1,1,2306240001,집
f_f003385,1,2,2306240002,삼정 타워
f_f003385,1,3,2306240003,롯데백화점 부산본점
f_f003385,1,4,2306240004,W 스퀘어
f_f003385,1,5,2306240005,쏘리 낫 쏘리 베이크 숍
f_f003385,1,6,2306240006,용호 별빛공원
f_f003385,1,7,2306240007,영우 에너지 부전 주유소
f_f003385,1,8,2306240008,집
f_f003389,1,1,2306190001,집
f_f003389,1,2,2306190002,황간휴게소 부산방향
f_f003389,1,3,2306190003,경주월드
f_f003389,1,4,2306190004,불국사 공영주차장
f_f003389,1,5,2306190005,포석으로 소갈비찜
f_f003389,1,6,2306190006,집
f_f003400,1,1,2306300001,집
f_f003400,1,2,2306300002,밥 먹고 갑시다
f_f003400,1,3,2306300003,국립대구 박물관
f_f003400,1,4,2306300004,대구미술관
f_f003400,1,5,2306300005,롤링핀 덕천 418점
f_f003400,1,6,2306300006,국채보상운동 기념공원
f_f003400,1,7,2306300007,인투
f_f003400,1,8,2306300008,스파크 랜드
f_f003400,1,9,2306300009,집
f_f003410,1,1,2306190001,친구 친지 집
f_f003410,1,2,2306190002,오륙도 스카이워크
f_f003410,1,3,2306190003,이 기대어 구 야
f_f003410,1,4,2306190004,해운대 블루라인파크 미포 정거장
f_f003410,1,5,2306190005,해운대 블루라인파크 송정 정거장
f_f003410,1,6,2306190006,스타벅스 부산 송정 비치점
f_f003410,1,7,2306190007,카츠키친
f_f003410,1,8,2306190008,부영 그린타운 아파트
f_f003412,1,1,2307040001,집
f_f003412,1,2,2307040002,강민주의 들밥
f_f003412,1,3,2307040003,블리스
f_f003412,1,4,2307040004,영주축협한우플라자 본점
f_f003412,1,5,2307040006,정도 나츠 본점
f_f003412,1,6,2307040005,하신 한진아파트
f_f003416,1,1,2307010001,집
f_f003416,1,2,2307010006,황금십원빵
f_f003416,1,3,2307010003,대릉원
f_f003416,1,4,2307010004,천마총
f_f003416,1,5,2307010005,시즈닝
f_f003416,1,6,2307010007,스테이 55 경주점
f_f003416,1,7,2307010008,하마 필름 경주점
f_f003416,1,8,2307010009,소품
f_f003416,1,9,2307010010,국립경주박물관
f_f003416,1,10,2307010011,교리 김밥 경주 본점
f_f003416,1,11,2307010012,황련단길
f_f003416,1,12,2307010013,이디야커피 경주 시외터미널점
f_f003416,1,13,2307010002,집
f_f003418,1,1,2306240001,집
f_f003418,1,2,2306240011,통제영 거리 중앙 지하주차장 전기차 충전소
f_f003418,1,3,2306240003,중앙 활어시장
f_f003418,1,4,2306240004,고매원 통영 본점
f_f003418,1,5,2306240006,통영중앙전통시장
f_f003418,1,6,2306240005,짱구 족발 순대
f_f003418,1,7,2306240007,강구안 문화마당
f_f003418,1,8,2306240008,조선 군선
f_f003418,1,9,2306240009,투나잇 통영 나이트 프린지
f_f003418,1,10,2306240010,통제영 거리 중앙 지하주차장 전기차 충전소
f_f003418,1,11,2306240012,동피랑 벽화마을
f_f003418,1,12,2306240013,동피랑 마을 동포로
f_f003418,1,13,2306240014,28라운지
f_f003418,1,14,2306240015,아띠몽
f_f003418,1,15,2306240016,소문난 원조 조방낙지 본점
f_f003418,1,16,2306240002,집
f_f003422,1,1,2307070001,집
f_f003422,1,2,2307070003,양평만 남의 광장
f_f003422,1,3,2307070004,비발디파크 오션월드
f_f003422,1,4,2307070005,황금부엉이
f_f003422,1,5,2307070002,집
f_f003426,1,1,2307010001,집
f_f003426,1,2,2307010003,한데 솥
f_f003426,1,3,2307010004,행리단길
f_f003426,1,4,2307010005,너도
f_f003426,1,5,2307010006,죽성 드림세트장
f_f003426,1,6,2307010007,버거 숍 해운대점
f_f003426,1,7,2307010002,집
f_f003438,1,1,2306180001,집
f_f003438,1,2,2306180002,신세계백화점 대구점
f_f003438,1,3,2306180003,랑데자뷰 대구 동성로점
f_f003438,1,4,2306180004,ABC마트 GS 대구 동성로 중앙점
f_f003438,1,5,2306180005,ZARA 동성로점
f_f003438,1,6,2306180007,다이소 대구 동성로 본점
f_f003438,1,7,2306180006,2.28기념중앙공원
f_f003438,1,8,2306180008,집
f_f003442,1,1,2306150001,집
f_f003442,1,2,2306150003,가평휴게소 춘천 방향
f_f003442,1,3,2306150004,우물집 본점
f_f003442,1,4,2306150005,애니메이션박물관
f_f003442,1,5,2306150006,카르페
f_f003442,1,6,2306150002,집
f_f003443,1,1,2306230001,집
f_f003443,1,2,2306230002,하마 돈가스
f_f003443,1,3,2306230003,인생네컷 밀양 삼문점
f_f003443,1,4,2306230004,이디야커피 밀양 삼문 동점
f_f003443,1,5,2306230005,이케아 동부산점
f_f003443,1,6,2306230006,임랑해수욕장
f_f003443,1,7,2306230007,집
f_f003444,1,1,2307010001,집
f_f003444,1,2,2307010002,동대구역
f_f003444,1,3,2307010003,르 망 고 롯데백화점 부산본점
f_f003444,1,4,2307010005,망고 부산 서면점
f_f003444,1,5,2307010004,거대 곰탕 서면점
f_f003444,1,6,2307010006,의란
f_f003444,1,7,2307010007,갤러리 래
f_f003444,1,8,2307010008,해운대해수욕장
f_f003444,1,9,2307010009,송정해수욕장
f_f003444,1,10,2307010010,송정동 핫도그 본점
f_f003444,1,11,2307010011,시 해운대역
f_f003444,1,12,2307010012,집
f_f003447,1,1,2306170001,집
f_f003447,1,2,2306170003,문경새재도립공원
f_f003447,1,3,2306170004,옛길 박물관
f_f003447,1,4,2306170005,임꺽정 가든
f_f003447,1,5,2306170006,크로체
f_f003447,1,6,2306170002,집
f_f003448,1,1,2306220001,집
f_f003448,1,2,2306220002,경산역
f_f003448,1,3,2306220003,부산역
f_f003448,1,4,2306220004,암남 공원
f_f003448,1,5,2306220005,광복로 패션거리
f_f003448,1,6,2306220006,영동 밀면 영동 국밥
f_f003448,1,7,2306220007,집
f_f003453,1,1,2306230001,집
f_f003453,1,2,2306230002,광명역
f_f003453,1,3,2306230003,부산역
f_f003453,1,4,2306230004,부산대학교 부산캠퍼스
f_f003453,1,5,2306230005,모시모시
f_f003453,1,6,2306230006,파스쿠찌 부산대 정문점
f_f003453,1,7,2306230007,부산대학교 부산캠퍼스
f_f003453,1,8,2306230008,부산대학교 정문 앞 사거리 및 NC 백화점
f_f003453,1,9,2306230009,미광 회랑
f_f003453,1,10,2306230010,광안리해수욕장
f_f003453,1,11,2306230011,창비 부산
f_f003453,1,12,2306230012,환공어묵 부산역점
f_f003453,1,13,2306230013,빈티지 38 부산역점
f_f003453,1,14,2306230014,광명역
f_f003453,1,15,2306230015,집
f_f003454,1,1,2306240001,집
f_f003454,1,2,2306240003,가평휴게소 춘천 방향
f_f003454,1,3,2306240004,용바위 식당
f_f003454,1,4,2306240009,옛날 원대 막국수
f_f003454,1,5,2306240005,운대리 자작나무 숲
f_f003454,1,6,2306240007,인제산촌민속박물관
f_f003454,1,7,2306240008,박인환 문학관
f_f003454,1,8,2306240002,집
f_f003456,1,1,2307080001,집
f_f003456,1,2,2307080003,청량리역
f_f003456,1,3,2307080004,강릉역
f_f003456,1,4,2307080005,강릉 중앙시장
f_f003456,1,5,2307080006,호텔 오브 솔트
f_f003456,1,6,2307080007,안목 해변
f_f003456,1,7,2307080008,김 군 박군 횟집
f_f003456,1,8,2307080009,강릉역
f_f003456,1,9,2307080010,청량리역
f_f003456,1,10,2307080002,집
f_f003459,1,1,2307010001,집
f_f003459,1,2,2307010002,까치산역 5호선
f_f003459,1,3,2307010003,청량리역
f_f003459,1,4,2307010004,정선역
f_f003459,1,5,2307010005,정선아리랑 시장
f_f003459,1,6,2307010006,정선 레일바이크
f_f003459,1,7,2307010007,아우라지역
f_f003459,1,8,2307010008,나전역 카페
f_f003459,1,9,2307010009,정선역
f_f003459,1,10,2307010010,청량리역
f_f003459,1,11,2307010011,집
f_f003460,1,1,2306190001,집
f_f003460,1,2,2306190003,하마 필름 경주점
f_f003460,1,3,2306190004,황련단길
f_f003460,1,4,2306190007,황남 옥수수 황리단길점
f_f003460,1,5,2306190005,대릉원
f_f003460,1,6,2306190006,황남쫀드기
f_f003460,1,7,2306190008,아덴 2호점
f_f003460,1,8,2306190009,해피 몬드
f_f003460,1,9,2306190010,어서어서
f_f003460,1,10,2306190011,왓썹
f_f003460,1,11,2306190012,수경사
f_f003460,1,12,2306190013,노워즈 경주점
f_f003460,1,13,2306190002,집
f_f003464,1,1,2306210001,집
f_f003464,1,2,2306210008,밀양역
f_f003464,1,3,2306210010,부산역
f_f003464,1,4,2306210005,초량이 바꾸길 168계단 및 이바구 공작소
f_f003464,1,5,2306210006,김밥천국 초량점
f_f003464,1,6,2306210007,브라운 핸즈 백제점
f_f003464,1,7,2306210009,부산 서부버스터미널
f_f003464,1,8,2306210002,집
f_f003467,1,1,2306180001,집
f_f003467,1,2,2306180003,거창 휴게소 광주방향
f_f003467,1,3,2306180004,거창 허브빌리지
f_f003467,1,4,2306180005,창성
f_f003467,1,5,2306180006,카페 쿠쿠 오나
f_f003467,1,6,2306180007,더 무그
f_f003467,1,7,2306180008,거창 창포원
f_f003467,1,8,2306180002,집
f_f003470,1,1,2306180001,집
f_f003470,1,2,2306180003,4년 전통 오미 냉면
f_f003470,1,3,2306180004,시크릿 블루 베이커리 카페
f_f003470,1,4,2306180005,오가다네
f_f003470,1,5,2306180006,밀 곳
f_f003470,1,6,2306180002,집
f_f003471,1,1,2306170001,집
f_f003471,1,2,2306170003,포항터미널
f_f003471,1,3,2306170004,미즈 컨테이너 수성못점
f_f003471,1,4,2306170005,바게리
f_f003471,1,5,2306170006,DGB 대구은행 파크
f_f003471,1,6,2306170007,동대구 터미널
f_f003471,1,7,2306170002,대원 죽도 아파트
f_f003474,1,1,2306170001,집
f_f003474,1,2,2306170002,포항터미널
f_f003474,1,3,2306170003,동대구 터미널
f_f003474,1,4,2306170004,폭인 포케 동성로점
f_f003474,1,5,2306170005,데일리 베이크
f_f003474,1,6,2306170006,홈스 앤 루팡 동성로점
f_f003474,1,7,2306170007,짱 오락실 대구 동성로 3호점
f_f003474,1,8,2306170008,고영희 식당
f_f003474,1,9,2306170009,동대구 터미널
f_f003474,1,10,2306170010,포항터미널
f_f003474,1,11,2306170011,집
f_f003482,1,1,2306170001,집
f_f003482,1,2,2306170002,동대구역
f_f003482,1,3,2306170003,남창역
f_f003482,1,4,2306170004,진하해수욕장
f_f003482,1,5,2306170005,서프 라운지
f_f003482,1,6,2306170006,명선도
f_f003482,1,7,2306170007,카페 하든
f_f003482,1,8,2306170008,남창역
f_f003482,1,9,2306170009,동대구역
f_f003482,1,10,2306170010,집
f_f003486,1,1,2306270001,집
f_f003486,1,2,2306270002,괴산휴게소 양평방향
f_f003486,1,3,2306270003,원조이동 김미자 할머니 갈비
f_f003486,1,4,2306270005,백골부대
f_f003486,1,5,2306270004,이디야커피 철원 와수리점
f_f003486,1,6,2306270006,포천 이동갈비 직판장
f_f003486,1,7,2306270007,딜리가 포
f_f003486,1,8,2306270008,북한강
f_f003486,1,9,2306270009,집
f_f003488,1,1,2306210001,친구 친지 집
f_f003488,1,2,2306210003,경주 원조 콩국
f_f003488,1,3,2306210004,동궁과 월지
f_f003488,1,4,2306210005,양지 다방
f_f003488,1,5,2306210006,제로 스페이스 경주
f_f003488,1,6,2306210007,대릉원
f_f003488,1,7,2306210008,설월
f_f003488,1,8,2306210009,멕시칸치킨 황오점
f_f003488,1,9,2306210002,가야 1동 459-41
f_f003494,1,1,2306180001,집
f_f003494,1,2,2306180003,천안아산역
f_f003494,1,3,2306180004,동대구 터미널
f_f003494,1,4,2306180007,DGB 대구은행 파크
f_f003494,1,5,2306180005,대구근대골목 단팥빵 동성로 본점
f_f003494,1,6,2306180006,대구 중구 골목투어 근대문화골목(2코스)
f_f003494,1,7,2306180008,네이처파크
f_f003494,1,8,2306180009,대구 이월드
f_f003494,1,9,2306180010,평화시장 닭똥집 골목
f_f003494,1,10,2306180011,동대구역
f_f003494,1,11,2306180002,천안아산역
f_f003495,1,1,2306240001,집
f_f003495,1,2,2306240002,새마을운동 테마공원
f_f003495,1,3,2306240003,복 터진 집 본점
f_f003495,1,4,2306240004,구평동 푸
f_f003495,1,5,2306240005,농촌마을
f_f003495,1,6,2306240006,친척 집
f_f003495,1,7,2306240007,집
f_f003501,1,1,2306170001,집
f_f003501,1,2,2306170002,포스코 월포수련관 캠핑장
f_f003501,1,3,2306170003,냐짱 카페
f_f003501,1,4,2306170004,한국농어촌공사 포항 울릉지사 전기차 충전소
f_f003501,1,5,2306170005,집
f_f003506,1,1,2306180001,집
f_f003506,1,2,2306180006,CU 하조대점
f_f003506,1,3,2306180003,하조대해수욕장
f_f003506,1,4,2306180004,싱글핀에일웍스
f_f003506,1,5,2306180005,서피 비치
f_f003506,1,6,2306180002,세종대학교
f_f003512,1,1,2307010001,집
f_f003512,1,2,2307010002,연운당 전포 카페거리적
f_f003512,1,3,2307010003,이재모 피자 서면점
f_f003512,1,4,2307010004,시현하다 프레임 레드화이트점
f_f003512,1,5,2307010005,광안리해수욕장
f_f003512,1,6,2307010006,집
f_f003523,1,1,2306280001,집
f_f003523,1,2,2306280002,오송역
f_f003523,1,3,2306280003,동대구역
f_f003523,1,4,2306280004,딤딤섬 대구점
f_f003523,1,5,2306280005,바운스 트램펄린 파크 대구 신세계점
f_f003523,1,6,2306280006,신세계백화점 대구점
f_f003523,1,7,2306280007,동대구역
f_f003523,1,8,2306280008,오송역
f_f003523,1,9,2306280009,집
f_f003527,1,1,2307010001,집
f_f003527,1,2,2307010003,불국사 토함산 밀면
f_f003527,1,3,2307010007,우량 미술관
f_f003527,1,4,2307010004,어마 무시
f_f003527,1,5,2307010005,빽가네 뒷고기
f_f003527,1,6,2307010006,첨성대
f_f003527,1,7,2307010002,집
f_f003529,1,1,2306260001,집
f_f003529,1,2,2306260002,간절곶
f_f003529,1,3,2306260004,쌀 버거
f_f003529,1,4,2306260003,헤이 메르
f_f003529,1,5,2306260005,대바위공원
f_f003529,1,6,2306260006,집
f_f003530,1,1,2306180001,집
f_f003530,1,2,2306180003,근대골목 단팥빵
f_f003530,1,3,2306180004,DGB 대구은행 파크
f_f003530,1,4,2306180005,네이처파크
f_f003530,1,5,2306180006,대구 이월드
f_f003530,1,6,2306180007,고인돌
f_f003530,1,7,2306180002,집
f_f003537,1,1,2307010001,집
f_f003537,1,2,2307010002,땡초김밥 본점
f_f003537,1,3,2307010003,달인 꿀빵
f_f003537,1,4,2307010004,진양호공원
f_f003537,1,5,2307010005,BNB 호텔
f_f003537,1,6,2307010006,집
f_f003547,1,1,2307020001,집
f_f003547,1,2,2307020003,한 섬 팩토리아웃렛 대구점
f_f003547,1,3,2307020007,해안길
f_f003547,1,4,2307020004,남매지
f_f003547,1,5,2307020005,제주 제이제이 씨 커피 경산중 방점
f_f003547,1,6,2307020006,경산공설시장
f_f003547,1,7,2307020008,오야스시
f_f003547,1,8,2307020009,뚜껑집
f_f003547,1,9,2307020002,집
f_f003549,1,1,2307010001,집
f_f003549,1,2,2307010002,춘천역 경춘선
f_f003549,1,3,2307010003,소양강 처녀상
f_f003549,1,4,2307010004,청평 해장국 1호점
f_f003549,1,5,2307010005,강원도립화목원
f_f003549,1,6,2307010006,녹색시간
f_f003549,1,7,2307010007,춘천 중앙시장
f_f003549,1,8,2307010008,카툰 다락방
f_f003549,1,9,2307010009,이마트 24 춘천 중앙로 점
f_f003549,1,10,2307010010,호남 식당 닭갈비 막국수
f_f003549,1,11,2307010011,집
f_f003552,1,1,2307080001,집
f_f003552,1,2,2307080003,국립대구과학관
f_f003552,1,3,2307080004,제1국숫집
f_f003552,1,4,2307080005,신전 뮤지엄
f_f003552,1,5,2307080006,푸른 회 식당
f_f003552,1,6,2307080002,집
f_f003553,1,1,2306240001,집
f_f003553,1,2,2306240002,치악휴게소 부산방향
f_f003553,1,3,2306240003,평창 88송어횟집
f_f003553,1,4,2306240004,육백마지기
f_f003553,1,5,2306240005,육백마지기
f_f003553,2,1,2306250002,평창 목욕탕
f_f003553,2,2,2306250003,평창올림픽시장
f_f003553,2,3,2306250004,그리심
f_f003553,2,4,2306250005,용인휴게소 서창방향
f_f003553,2,5,2306250001,집
f_f003557,1,1,2306230001,집
f_f003557,1,2,2306230002,청량리역
f_f003557,1,3,2306230003,강릉역
f_f003557,1,4,2306230004,강릉 동화 가든 본점
f_f003557,1,5,2306230007,아르떼 뮤지엄 강릉
f_f003557,1,6,2306230006,카페에이
f_f003557,1,7,2306230008,순두부 젤라또 1호점
f_f003557,1,8,2306230009,강문해변
f_f003557,1,9,2306230010,롱 블랙
f_f003557,1,10,2306230011,메밀 골독해 막국수 강문점
f_f003557,1,11,2306230012,강문해변
f_f003557,1,12,2306230013,강릉역
f_f003557,1,13,2306230014,상봉역
f_f003557,1,14,2306230015,집
f_f003559,1,1,2307020001,집
f_f003559,1,2,2307020007,맥도날드 상일동점
f_f003559,1,3,2307020003,뮤지엄 산
f_f003559,1,4,2307020004,오가네 막국수
f_f003559,1,5,2307020005,앤트 빌라 간현점
f_f003559,1,6,2307020006,청와옥 방이점
f_f003559,1,7,2307020002,하남미사 롯데캐슬 헤븐 시티 II 오피스텔
f_f003562,1,1,2306240001,집
f_f003562,1,2,2306240002,신경주역
f_f003562,1,3,2306240006,황련단길
f_f003562,1,4,2306240003,불란서 호떡
f_f003562,1,5,2306240004,써니네 잡화점
f_f003562,1,6,2306240005,청온채
f_f003562,1,7,2306240007,황금십원빵 본점
f_f003562,1,8,2306240008,카페 미실
f_f003562,1,9,2306240009,대릉원
f_f003562,1,10,2306240010,황남 옥수수 황리단길점
f_f003562,1,11,2306240011,집
f_f003563,1,1,2307050001,친구 친지 집
f_f003563,1,2,2307050003,강주 해바라기 마을
f_f003563,1,3,2307050004,함안 연꽃테마파크
f_f003563,1,4,2307050005,함안 말이 산 고분군
f_f003563,1,5,2307050006,무진장
f_f003563,1,6,2307050002,상평동 일 스위트 아파트
f_f003569,1,1,2306250001,집
f_f003569,1,2,2306250003,대법륜사
f_f003569,1,3,2306250004,국립김해 박물관
f_f003569,1,4,2306250005,조박사 냉면
f_f003569,1,5,2306250006,선조 어서 각
f_f003569,1,6,2306250002,집
f_f003576,1,1,2306240001,사무실
f_f003576,1,2,2306240003,호림정 한식뷔페
f_f003576,1,3,2306240002,소노벨 경주 오션 플레이
f_f003576,1,4,2306240004,아덴
f_f003576,1,5,2306240005,대릉원
f_f003576,1,6,2306240006,동대구역
f_f003580,1,1,2306220001,집
f_f003580,1,2,2306220002,강릉역
f_f003580,1,3,2306220003,멜트인
f_f003580,1,4,2306220004,남대천 단오장
f_f003580,1,5,2306220005,강릉역
f_f003580,1,6,2306220006,집
f_f003581,1,1,2307010001,집
f_f003581,1,2,2307010003,청도 새마을 휴게소 하행
f_f003581,1,3,2307010004,죽성 드림세트장
f_f003581,1,4,2307010005,죽성 드림 커피
f_f003581,1,5,2307010006,기장 촌집 장어
f_f003581,1,6,2307010007,아난티 힐튼 부산
f_f003581,1,7,2307010008,코발트바이캐비네드쁘아쏭
f_f003581,1,8,2307010009,청도 새마을 휴게소 상행
f_f003581,1,9,2307010002,집
f_f003583,1,1,2306240001,집
f_f003583,1,2,2306240003,권오순수구레해장국
f_f003583,1,3,2306240004,미술관 자작나무 숲
f_f003583,1,4,2306240005,자매제과 서곡점
f_f003583,1,5,2306240002,집
f_f003585,1,1,2306240001,집
f_f003585,1,2,2306240003,설악 휴게소
f_f003585,1,3,2306240002,하늬 라벤더 팜
f_f003585,1,4,2306240004,간성시장
f_f003585,1,5,2306240005,송지호해수욕장
f_f003585,1,6,2306240006,백촌 막국수
f_f003585,1,7,2306240007,카페 긷
f_f003585,1,8,2306240008,집
f_f003590,1,1,2307080001,집
f_f003590,1,2,2307080002,덕평자연휴게소 강릉방향
f_f003590,1,3,2307080003,뮤지엄 산
f_f003590,1,4,2307080004,송암 막국수
f_f003590,1,5,2307080005,스톤 크릭
f_f003590,1,6,2307080006,집
f_f003594,1,1,2306250001,집
f_f003594,1,2,2306250003,선산휴게소 양평방향
f_f003594,1,3,2306250004,상주 보수상 레저센터
f_f003594,1,4,2306250005,상주 자전거 박물관
f_f003594,1,5,2306250006,예천참우마을본가
f_f003594,1,6,2306250007,경천서 공원
f_f003594,1,7,2306250008,상주국제승마장 실내승마장
f_f003594,1,8,2306250009,상주 자전거 박물관
f_f003594,1,9,2306250010,전사벌왕릉
f_f003594,1,10,2306250011,금문 양손 짜장
f_f003594,1,11,2306250012,친지 집
f_f003594,1,12,2306250002,친지 집
f_f003596,1,1,2306250001,사무실
f_f003596,1,2,2306250002,불국사 정문 주차장
f_f003596,1,3,2306250003,석굴암
f_f003596,1,4,2306250006,첨성대
f_f003596,1,5,2306250004,경주 성덕왕릉
f_f003596,1,6,2306250005,쑥부쟁이
f_f003596,1,7,2306250007,교동서 등 있는 집
f_f003596,1,8,2306250008,안정 북로 39
f_f003598,1,1,2306240001,집
f_f003598,1,2,2306240002,마곡나루역 9호선
f_f003598,1,3,2306240003,종합운동장 역 2호선
f_f003598,1,4,2306240004,강변역 2호선
f_f003598,1,5,2306240005,양평 휴게 주유소 원주 방향
f_f003598,1,6,2306240006,치악산국립공원 부곡 탐방지원센터
f_f003598,1,7,2306240007,치악산 곧은 재분 기점
f_f003598,1,8,2306240008,향로봉
f_f003598,1,9,2306240009,치악산 곧은재 분기점
f_f003598,1,10,2306240010,치악산국립공원 부곡 탐방지원센터
f_f003598,1,11,2306240011,경기 광주 휴게소 경기도 광주방향
f_f003598,1,12,2306240012,강변역 2호선
f_f003598,1,13,2306240013,마곡나루역 9호선
f_f003598,1,14,2306240014,굽네치킨 마곡 1호점
f_f003598,1,15,2306240015,피자스쿨 마곡역점
f_f003598,1,16,2306240016,집
f_f003599,1,1,2306240001,집
f_f003599,1,2,2306240002,관룡사
f_f003599,1,3,2306240003,창녕 영산만년교
f_f003599,1,4,2306240004,독대 반점
f_f003599,1,5,2306240005,부곡 로열 관광호텔
f_f003599,1,6,2306240006,카페 귀촌
f_f003599,1,7,2306240007,집
f_f003602,1,1,2306250001,집
f_f003602,1,2,2306250002,약목역
f_f003602,1,3,2306250003,김천역
f_f003602,1,4,2306250004,직지사
f_f003602,1,5,2306250005,직지문화공원
f_f003602,1,6,2306250006,직지문화공원 김천세계도자기 박물관
f_f003602,1,7,2306250007,김천시립 박물관
f_f003602,1,8,2306250008,농업회 사법인 체리 파파
f_f003602,1,9,2306250009,김천역
f_f003602,1,10,2306250010,왜관역
f_f003602,1,11,2306250011,다이소 칠곡 왜관점
f_f003602,1,12,2306250012,집
f_f003603,1,1,2306240001,집
f_f003603,1,2,2306240002,송대말 등대
f_f003603,1,3,2306240003,나정고운모래해변
f_f003603,1,4,2306240004,약천 한방 생오리
f_f003603,1,5,2306240006,월정교
f_f003603,1,6,2306240005,폴콘 경주점
f_f003603,1,7,2306240007,집
f_f003607,1,1,2307040001,집
f_f003607,1,2,2307040003,성당못
f_f003607,1,3,2307040002,집
f_f003609,1,1,2306240001,집
f_f003609,1,2,2306240002,와촌휴게소 포항방향
f_f003609,1,3,2306240003,헤리티지
f_f003609,1,4,2306240004,이마트 24 영덕남정점
f_f003609,1,5,2306240005,남호해수욕장
f_f003609,1,6,2306240006,댓끼리짬뽕 양덕점
f_f003609,1,7,2306240007,집
f_f003611,1,1,2306230001,집
f_f003611,1,2,2306230003,가평휴게소 춘천 방향
f_f003611,1,3,2306230004,해피 초원 목장
f_f003611,1,4,2306230005,김유정역 (폐역)
f_f003611,1,5,2306230006,이디야커피 춘천 김유정역점
f_f003611,1,6,2306230007,의암호 스카이워크
f_f003611,1,7,2306230008,유정 명물 닭갈비 막국수
f_f003611,1,8,2306230009,봄 봄 카페
f_f003611,1,9,2306230002,덕영 드림아파트
f_f003615,1,1,2307010001,집
f_f003615,1,2,2307010002,경산역
f_f003615,1,3,2307010003,밀양역
f_f003615,1,4,2307010004,영남루
f_f003615,1,5,2307010005,카페 다 담다
f_f003615,1,6,2307010006,부산밀면 본점
f_f003615,1,7,2307010011,청학 서점
f_f003615,1,8,2307010012,올리브영 밀양 삼문점
f_f003615,1,9,2307010013,밀양강
f_f003615,1,10,2307010014,밀양과 아지
f_f003615,1,11,2307010007,달빛 쌈지공원
f_f003615,1,12,2307010009,밀양역
f_f003615,1,13,2307010010,경산역
f_f003615,1,14,2307010008,집
f_f003617,1,1,2306240001,집
f_f003617,1,2,2306240003,청도 새마을 휴게소 하행
f_f003617,1,3,2306240004,명품 물회 송정 본점
f_f003617,1,4,2306240005,스타벅스 동부산 DT 점
f_f003617,1,5,2306240006,송정해수욕장 수상구조대
f_f003617,1,6,2306240008,황소
f_f003617,1,7,2306240010,스타벅스 광안리점
f_f003617,1,8,2306240009,하루 필름 부산 광안리점
f_f003617,1,9,2306240011,광안리해수욕장
f_f003617,1,10,2306240002,집
f_f003618,1,1,2306240001,집
f_f003618,1,2,2306240003,일등 공인중개사 사무소
f_f003618,1,3,2306240005,빌리어 랩 커피
f_f003618,1,4,2306240004,죽천항
f_f003618,1,5,2306240006,밀면 이야기
f_f003618,1,6,2306240007,영천 휴게소 대구방향
f_f003618,1,7,2306240008,신대구 부산고속도로 동대구 영업소
f_f003618,1,8,2306240002,집
f_f003622,1,1,2306260001,집
f_f003622,1,2,2306260002,서울역
f_f003622,1,3,2306260003,경산역
f_f003622,1,4,2306260004,고령 촌 돼지찌개
f_f003622,1,5,2306260006,영남대학교 경산캠퍼스
f_f003622,1,6,2306260005,드라이브
f_f003622,1,7,2306260007,CGV 대구 수성
f_f003622,1,8,2306260008,수성못
f_f003622,1,9,2306260009,아르떼 수성 랜드
f_f003622,1,10,2306260010,깡돼지깡막창 들안길 직영점
f_f003622,1,11,2306260011,동촌유원지
f_f003622,1,12,2306260012,동대구역
f_f003622,1,13,2306260013,집
f_f003623,1,1,2306250001,집
f_f003623,1,2,2306250003,영남루
f_f003623,1,3,2306250004,밀양 189
f_f003623,1,4,2306250005,트윈 터널
f_f003623,1,5,2306250006,이팝 상점
f_f003623,1,6,2306250007,위 양지만 실
f_f003623,1,7,2306250008,굴림당
f_f003623,1,8,2306250009,달빛 쌈지공원
f_f003623,1,9,2306250002,집
f_f003624,1,1,2306260001,친구 친지 집
f_f003624,1,2,2306260002,라이언 식당
f_f003624,1,3,2306260003,통도사
f_f003624,1,4,2306260004,아미드 포레
f_f003624,1,5,2306260005,삼굽살 본점
f_f003624,1,6,2306260006,심현공원 맨션
f_f003626,1,1,2306240001,집
f_f003626,1,2,2306240002,서 원주역
f_f003626,1,3,2306240003,오가 네 순두부 막국수
f_f003626,1,4,2306240005,소금 잔도
f_f003626,1,5,2306240004,소금산 출렁다리
f_f003626,1,6,2306240006,소금산 스카이타워
f_f003626,1,7,2306240007,소금 간 울렁다리
f_f003626,1,8,2306240008,투썸플레이스 원주 소금산 그랜드밸리점
f_f003626,1,9,2306240009,출렁다리 식당
f_f003626,1,10,2306240010,서 원주역
f_f003626,1,11,2306240011,집
f_f003628,1,1,2306230001,집
f_f003628,1,2,2306230002,금관 대로 82-16
f_f003628,1,3,2306230003,옥류향
f_f003628,1,4,2306230004,범에 당
f_f003628,1,5,2306230005,수로왕릉
f_f003628,1,6,2306230006,김해시분성로295
f_f003628,1,7,2306230007,집
f_f003636,1,1,2307010001,집
f_f003636,1,2,2307010003,양양 서핑학교
f_f003636,1,3,2307010004,낙산 해변
f_f003636,1,4,2307010005,프리 쏘울
f_f003636,1,5,2307010006,북촌 손 만두 반포터미널점
f_f003636,1,6,2307010002,집
f_f003639,1,1,2306250001,집
f_f003639,1,2,2306250003,서문시장
f_f003639,1,3,2306250002,집
f_f003640,1,1,2307020001,집
f_f003640,1,2,2307020003,부산 현대미술관
f_f003640,1,3,2307020004,을숙도 생태공원
f_f003640,1,4,2307020005,낙동강하구에코센터
f_f003640,1,5,2307020006,다대포해수욕장
f_f003640,1,6,2307020007,봄날
f_f003640,1,7,2307020002,집
f_f003643,1,1,2307080001,집
f_f003643,1,2,2307080002,롯데 워터파크
f_f003643,1,3,2307080003,롯데 프리미엄 아웃렛 김해점
f_f003643,1,4,2307080004,집
f_f003646,1,1,2307050001,집
f_f003646,1,2,2307050003,거송 갈비찜 황남점
f_f003646,1,3,2307050004,경주 꽃빵
f_f003646,1,4,2307050005,황련단길
f_f003646,1,5,2307050006,불국사
f_f003646,1,6,2307050007,경주 풍력발전 단지
f_f003646,1,7,2307050008,원조전통 떡갈비
f_f003646,1,8,2307050002,집
f_f003650,1,1,2307010001,집
f_f003650,1,2,2307010002,밀란 더 마켓
f_f003650,1,3,2307010003,민락수변공원
f_f003650,1,4,2307010004,한림
f_f003650,1,5,2307010005,달래해 장 광안리점
f_f003650,1,6,2307010007,광안리해수욕장
f_f003650,1,7,2307010008,집
f_f003651,1,1,2307080001,집
f_f003651,1,2,2307080002,먹음직 부산 온천천점
f_f003651,1,3,2307080003,온천천
f_f003651,1,4,2307080004,집
f_f003653,1,1,2306240001,친구 친지 집
f_f003653,1,2,2306240002,동명휴게소 춘천 방향
f_f003653,1,3,2306240003,경덕왕릉 의성 조문국사적 지
f_f003653,1,4,2306240004,사 명대사공원
f_f003653,1,5,2306240005,카페 밀
f_f003653,1,6,2306240006,집
f_f003660,1,1,2306240001,친구 친지 집
f_f003660,1,2,2306240002,밀양 삼문 푸르지오 아파트
f_f003660,1,3,2306240003,영남루
f_f003660,1,4,2306240004,퇴로 정한 옥 카페
f_f003660,1,5,2306240005,지인 집
f_f003660,1,6,2306240006,통발
f_f003660,1,7,2306240007,밀양 삼문 푸르지오 아파트
f_f003660,1,8,2306240008,삼문 강변로
f_f003660,1,9,2306240009,월성 센트로 파크 아파트
f_f003661,1,1,2306240001,집
f_f003661,1,2,2306240002,김천녹색미래 과학관
f_f003661,1,3,2306240003,고봉인 김밥인 김천혁신도시점
f_f003661,1,4,2306240004,직지사
f_f003661,1,5,2306240005,설빙 경북 김천 신음점
f_f003661,1,6,2306240006,집
f_f003665,1,1,2307020001,집
f_f003665,1,2,2307020002,베이글 베이 글러
f_f003665,1,3,2307020003,프롬 상록
f_f003665,1,4,2307020004,첨성대
f_f003665,1,5,2307020005,보문 콜로세움
f_f003665,1,6,2307020006,후생 식당
f_f003665,1,7,2307020007,월정교
f_f003665,1,8,2307020008,집
f_f003666,1,1,2306250001,집
f_f003666,1,2,2306250002,청량리역
f_f003666,1,3,2306250003,영주역
f_f003666,1,4,2306250004,제주 복집
f_f003666,1,5,2306250005,국립백두대간수목원
f_f003666,1,6,2306250006,영주랜떡
f_f003666,1,7,2306250007,소수서원
f_f003666,1,8,2306250008,부석사
f_f003666,1,9,2306250009,명동 감자탕
f_f003666,1,10,2306250010,카페하망주택
f_f003666,1,11,2306250011,포토 시그니처 영주중앙점
f_f003666,1,12,2306250012,영주역
f_f003666,1,13,2306250013,집
f_f003667,1,1,2307010001,집
f_f003667,1,2,2307010003,평택역
f_f003667,1,3,2307010004,서울역
f_f003667,1,4,2307010006,묵호역
f_f003667,1,5,2307010005,청량리역
f_f003667,1,6,2307010007,라운드어바웃 동해
f_f003667,1,7,2307010008,묵호 김밥
f_f003667,1,8,2307010009,논골담길
f_f003667,1,9,2307010010,묵호항 수변공원
f_f003667,1,10,2307010011,만강홍
f_f003667,1,11,2307010012,한 섬 해변
f_f003667,1,12,2307010013,논골 카페
f_f003667,1,13,2307010014,묘한 동해
f_f003667,1,14,2307010015,묵호역
f_f003667,1,15,2307010016,평택역
f_f003667,1,16,2307010002,집
f_f003672,1,1,2306240001,집
f_f003672,1,2,2306240002,피플웍스
f_f003672,1,3,2306240003,오브젝트 서면점
f_f003672,1,4,2306240004,NC백화점 서면점
f_f003672,1,5,2306240005,바이스벌사에스프레소
f_f003672,1,6,2306240006,롯데백화점 부산본점
f_f003672,1,7,2306240007,집
f_f003679,1,1,2306250001,집
f_f003679,1,2,2306250002,삼락생태공원
f_f003679,1,3,2306250003,르네에 떼
f_f003679,1,4,2306250004,이가 네 칼국수
f_f003679,1,5,2306250005,집
f_f003694,1,1,2306240001,집
f_f003694,1,2,2306240002,철원 한탄강 주상절리길
f_f003694,1,3,2306240003,바잘트38.1
f_f003694,1,4,2306240004,고석정 국민관광지
f_f003694,1,5,2306240005,평이 담백 뼈 칼국수 철원점
f_f003694,1,6,2306240006,고석정
f_f003694,1,7,2306240007,집
f_f003695,1,1,2306240001,집
f_f003695,1,2,2306240002,화왕산
f_f003695,1,3,2306240003,더 빈스
f_f003695,1,4,2306240004,요즘 것들
f_f003695,1,5,2306240005,창녕교동고분군
f_f003695,1,6,2306240006,집
f_f003703,1,1,2306270001,집
f_f003703,1,2,2306270003,선분
f_f003703,1,3,2306270004,대봉 1동 행정복지센터
f_f003703,1,4,2306270005,문원사 커피 로프터스
f_f003703,1,5,2306270006,스파크 랜드 대관람차
f_f003703,1,6,2306270007,하루 필름 대구 동성로 2호점
f_f003703,1,7,2306270008,인디브랜드 동성로 2호점
f_f003703,1,8,2306270009,ZARA 동성로점
f_f003703,1,9,2306270002,집
f_f003704,1,1,2307010001,집
f_f003704,1,2,2307010002,씨라 이르 부산아쿠아리움
f_f003704,1,3,2307010003,고메 밀면 해운대점
f_f003704,1,4,2307010011,노티스 부산 해운대
f_f003704,1,5,2307010005,메가 MGC 커피 해운대 해변점
f_f003704,1,6,2307010009,해운대해수욕장
f_f003704,1,7,2307010010,NC백화점 해운대점
f_f003704,1,8,2307010008,집
f_f003706,1,1,2306240001,집
f_f003706,1,2,2306240002,남광 식당
f_f003706,1,3,2306240003,수로왕릉
f_f003706,1,4,2306240004,미드 테이블
f_f003706,1,5,2306240005,국립김해 박물관
f_f003706,1,6,2306240006,집
f_f003715,1,1,2306250001,집
f_f003715,1,2,2306250003,청도 가마솥 국밥
f_f003715,1,3,2306250004,카이노스
f_f003715,1,4,2306250005,청도읍 선
f_f003715,1,5,2306250006,꽃밭에서 노닐다
f_f003715,1,6,2306250002,친구 집
f_f003719,1,1,2307080001,집
f_f003719,1,2,2307080003,동홍천 휴게소
f_f003719,1,3,2307080004,기린면 5일장
f_f003719,1,4,2307080005,방동약수
f_f003719,1,5,2307080006,진동 삼거리
f_f003719,1,6,2307080007,양수발전소 상부댐
f_f003719,1,7,2307080008,물치 활어회센터
f_f003719,1,8,2307080010,내고향 빈대떡 조개찜 탕
f_f003719,1,9,2307080009,백운봉 휴게소
f_f003719,1,10,2307080002,집
f_f003720,1,1,2307030001,집
f_f003720,1,2,2307030002,무거 면옥
f_f003720,1,3,2307030003,장생포 고래문화마을 수 국정원
f_f003720,1,4,2307030004,대왕암공원
f_f003720,1,5,2307030005,카페 서생 창고
f_f003720,1,6,2307030006,불막열삼
f_f003720,1,7,2307030007,오렉스 피시
f_f003720,1,8,2307030008,집
f_f003729,1,1,2307010001,집
f_f003729,1,2,2307010003,가야 밀면
f_f003729,1,3,2307010004,화명생태공원
f_f003729,1,4,2307010005,구포시장
f_f003729,1,5,2307010007,범어사
f_f003729,1,6,2307010002,집
f_f003730,1,1,2307020001,집
f_f003730,1,2,2307020002,임호공원
f_f003730,1,3,2307020003,갑오 삼계탕 본점
f_f003730,1,4,2307020004,신세계백화점 김해점
f_f003730,1,5,2307020005,집
f_f003731,1,1,2307010001,친구 친지 집
f_f003731,1,2,2307010003,블루 원 워터파크
f_f003731,1,3,2307010004,첨성대
f_f003731,1,4,2307010005,교리 김밥 경주 본점
f_f003731,1,5,2307010002,친구 집
f_f003732,1,1,2307050001,집
f_f003732,1,2,2307050002,곤륜산
f_f003732,1,3,2307050003,환여 횟집
f_f003732,1,4,2307050004,헤이안
f_f003732,1,5,2307050005,영일대해수욕장
f_f003732,1,6,2307050006,부모님 집
f_f003732,1,7,2307050007,마고 닭
f_f003732,1,8,2307050008,집
f_f003735,1,1,2306290001,집
f_f003735,1,2,2306290003,타타르 베이글 울산점
f_f003735,1,3,2306290004,업 스퀘어
f_f003735,1,4,2306290005,평화 김해 뒷고기 울산 삼산점
f_f003735,1,5,2306290002,집
f_f003737,1,1,2306280001,사무실
f_f003737,1,2,2306280002,신세계 프리미엄 아웃렛 부산
f_f003737,1,3,2306280003,막창 도둑 이 장정 관점
f_f003737,1,4,2306280004,하오 커피 정관용 구점
f_f003737,1,5,2306280005,복권 판매점
f_f003737,1,6,2306280006,늘 안에 아파트
f_f003739,1,1,2307040001,집
f_f003739,1,2,2307040002,단뽀뽀
f_f003739,1,3,2307040003,영남대학교 경산캠퍼스
f_f003739,1,4,2307040004,설빙 경북 경산 영남대점
f_f003739,1,5,2307040005,다이소 경산 영남대점
f_f003739,1,6,2307040006,미미관마라탕 하양점
f_f003739,1,7,2307040007,금락교
f_f003739,1,8,2307040008,집
f_f003742,1,1,2307010001,집
f_f003742,1,2,2307010002,단산 가든
f_f003742,1,3,2307010003,직지문화공원 김천세계도자기 박물관
f_f003742,1,4,2307010004,김천시립 박물관
f_f003742,1,5,2307010005,직지사
f_f003742,1,6,2307010006,카페 밀
f_f003742,1,7,2307010007,미주아파트
f_f003742,1,8,2307010008,집
f_f003744,1,1,2307080001,집
f_f003744,1,2,2307080003,신촌 양푼이
f_f003744,1,3,2307080004,콩 카페 부산 서면점
f_f003744,1,4,2307080005,서면 지하도 상가 중앙 몰
f_f003744,1,5,2307080006,교대역 동해선
f_f003744,1,6,2307080002,현대 문화 1차 아파트
f_f003749,1,1,2307070001,집
f_f003749,1,2,2307070004,장안 휴게소 부산방향
f_f003749,1,3,2307070003,키자니아 부산
f_f003749,1,4,2307070002,집
f_f003750,1,1,2307150001,집
f_f003750,1,2,2307150002,메밀 라운지
f_f003750,1,3,2307150003,인구 서프
f_f003750,1,4,2307150004,양양 막국수
f_f003750,1,5,2307150005,인구해변
f_f003750,1,6,2307150006,페이 보릿
f_f003750,1,7,2307150007,집
f_f003751,1,1,2306290001,사무실
f_f003751,1,2,2306290002,한국건강관리협회 경북 대구 북부지부
f_f003751,1,3,2306290003,레이어 헤어 칠성점
f_f003751,1,4,2306290004,우스터
f_f003751,1,5,2306290005,친지 집
f_f003761,1,1,2307090001,집
f_f003761,1,2,2307090003,개미집
f_f003761,1,3,2307090004,센텀시티 스파랜드
f_f003761,1,4,2307090005,밀란 더 마켓
f_f003761,1,5,2307090006,부모님댁
f_f003763,1,1,2307100001,집
f_f003763,1,2,2307100002,광안리해수욕장
f_f003763,1,3,2307100003,온 선데이
f_f003763,1,4,2307100004,심미안
f_f003763,1,5,2307100005,해운대 블루라인파크 청사포 정거장
f_f003763,1,6,2307100006,포토 웨이브 청사포점
f_f003763,1,7,2307100007,집
f_f003765,1,1,2307020001,집
f_f003765,1,2,2307020002,스타벅스 춘천 온의 점
f_f003765,1,3,2307020003,춘천 중도 물레길
f_f003765,1,4,2307020004,소 울림
f_f003765,1,5,2307020005,나무 향기 한증막
f_f003765,1,6,2307020006,의암공원
f_f003765,1,7,2307020007,큐브 트리 춘천 명동점
f_f003765,1,8,2307020008,온의 김밥나라
f_f003765,1,9,2307020009,컴 온 PC방
f_f003765,1,10,2307020010,집
f_f003768,1,1,2306300001,집
f_f003768,1,2,2306300002,창원종합버스터미널
f_f003768,1,3,2306300004,해운대 시외버스정류소
f_f003768,1,4,2306300005,충무김밥 김치 수제비
f_f003768,1,5,2306300006,옵스 해운대점
f_f003768,1,6,2306300007,해운대해수욕장
f_f003768,1,7,2306300008,아모레 부산
f_f003768,1,8,2306300009,벡스코
f_f003768,1,9,2306300010,딤딤섬 신세계백화점 센텀시티점
f_f003768,1,10,2306300011,해운대 시외버스정류소
f_f003768,1,11,2306300003,집
f_f003775,1,1,2307010001,집
f_f003775,1,2,2307010003,연주네 칼국수
f_f003775,1,3,2307010004,통도사
f_f003775,1,4,2307010005,트리 폰즈
f_f003775,1,5,2307010002,집
f_f003782,1,1,2307060001,집
f_f003782,1,2,2307060003,도리 집 동성로 광장점
f_f003782,1,3,2307060004,디저트 39 대구 동성로점
f_f003782,1,4,2307060005,블루문 앤코 동성로점
f_f003782,1,5,2307060006,홈스 앤 루팡 동성로 2호점
f_f003782,1,6,2307060007,스파크 랜드
f_f003782,1,7,2307060008,단
f_f003782,1,8,2307060002,집
f_f003788,1,1,2306300001,집
f_f003788,1,2,2306300002,국립대구 박물관
f_f003788,1,3,2306300003,더 현대 대구
f_f003788,1,4,2306300004,대구 중구 골목투어 근대문화골목(2코스)
f_f003788,1,5,2306300005,대구근대골목 단팥빵 동성로 본점
f_f003788,1,6,2306300006,집
f_f003789,1,1,2307010001,집
f_f003789,1,2,2307010003,설악산 국립공원
f_f003789,1,3,2307010004,외옹치 바다 향기로
f_f003789,1,4,2307010006,속초해수욕장
f_f003789,1,5,2307010005,평강 막국수
f_f003789,1,6,2307010007,BTS 버스정류장
f_f003789,1,7,2307010008,사근 긴 해변
f_f003789,1,8,2307010002,집
f_f003791,1,1,2307160001,집
f_f003791,1,2,2307160003,죽도 시장
f_f003791,1,3,2307160004,햅
f_f003791,1,4,2307160005,영일대해수욕장
f_f003791,1,5,2307160006,포항터미널
f_f003791,1,6,2307160002,집
f_f003796,1,1,2307180001,집
f_f003796,1,2,2307180003,소금산 막국수
f_f003796,1,3,2307180004,뮤지엄 산
f_f003796,1,4,2307180005,스톤 크릭
f_f003796,1,5,2307180002,집
f_f003798,1,1,2307010001,집
f_f003798,1,2,2307010003,송정해수욕장
f_f003798,1,3,2307010004,서프짐
f_f003798,1,4,2307010005,다솥맛집 송정점
f_f003798,1,5,2307010006,미노스서프 부산본점
f_f003798,1,6,2307010007,드래그 하우스
f_f003798,1,7,2307010008,서프짐
f_f003798,1,8,2307010002,집
f_f003799,1,1,2307020001,집
f_f003799,1,2,2307020002,친구 집
f_f003799,1,3,2307020004,동성 타워 주차장
f_f003799,1,4,2307020005,유이쯔
f_f003799,1,5,2307020003,글루미
f_f003799,1,6,2307020006,투썸플레이스 대구 동성로 광장점
f_f003799,1,7,2307020008,스파오 동성로 2호점
f_f003799,1,8,2307020007,동성 타워 주차장
f_f003799,1,9,2307020009,동명휴게소 춘천 방향
f_f003799,1,10,2307020010,오늘 샤브
f_f003799,1,11,2307020012,친구 집
f_f003799,1,12,2307020013,집
f_f003804,1,1,2307080001,집
f_f003804,1,2,2307080002,오사카
f_f003804,1,3,2307080003,부산 현대미술관
f_f003804,1,4,2307080004,스타필드 시티 명지
f_f003804,1,5,2307080005,집
f_f003806,1,1,2307010001,집
f_f003806,1,2,2307010002,동대구 버스터미널
f_f003806,1,3,2307010003,경주고속버스터미널
f_f003806,1,4,2307010004,세븐일레븐 경주터미널점
f_f003806,1,5,2307010005,수경사
f_f003806,1,6,2307010006,정글의 법칙
f_f003806,1,7,2307010007,아덴
f_f003806,1,8,2307010008,경주 대릉원 일원 경주 노동리 고분군
f_f003806,1,9,2307010009,황련단길 깡통 유부 전골 소품 숍
f_f003806,1,10,2307010010,소소한 딴짓
f_f003806,1,11,2307010011,소품
f_f003806,1,12,2307010012,노벰버
f_f003806,1,13,2307010013,6.6갈비찜
f_f003806,1,14,2307010014,오 홀리데이
f_f003806,1,15,2307010015,황금십원빵
f_f003806,1,16,2307010016,진수 미가 경주빵 찰보리빵 터미널 본점
f_f003806,1,17,2307010018,경주고속버스터미널
f_f003806,1,18,2307010019,동대구 터미널
f_f003806,1,19,2307010017,집
f_f003808,1,1,2307020001,집
f_f003808,1,2,2307020003,산청휴게소 통영방향
f_f003808,1,3,2307020004,부산동부 버스터미널
f_f003808,1,4,2307020005,부산대역 부산 1호선
f_f003808,1,5,2307020006,단동 코하루
f_f003808,1,6,2307020007,빈스 에스프레소 1호점
f_f003808,1,7,2307020008,VAMS 게임장
f_f003808,1,8,2307020009,허심청
f_f003808,1,9,2307020010,설빙 부산 온천장점
f_f003808,1,10,2307020011,호텔 유아인
f_f003808,1,11,2307020012,부산동부 버스터미널
f_f003808,1,12,2307020013,함양휴게소 대전방향
f_f003808,1,13,2307020014,세븐일레븐 익산인 화평동점
f_f003808,1,14,2307020002,집
f_f003811,1,1,2307090001,집
f_f003811,1,2,2307090002,양산 워터파크
f_f003811,1,3,2307090003,탑 마트 물금역점
f_f003811,1,4,2307090004,오딘 레스토랑
f_f003811,1,5,2307090005,집
f_f003815,1,1,2307080001,집
f_f003815,1,2,2307080003,아리 곰탕
f_f003815,1,3,2307080004,입곡 군립 공원
f_f003815,1,4,2307080005,무진장
f_f003815,1,5,2307080006,식목일
f_f003815,1,6,2307080007,강주 해바라기 마을
f_f003815,1,7,2307080002,집
f_f003820,1,1,2307150001,집
f_f003820,1,2,2307150002,구룡포 일본인 가옥거리
f_f003820,1,3,2307150003,브리즈 나인
f_f003820,1,4,2307150004,호미곶
f_f003820,1,5,2307150005,환호공원
f_f003820,1,6,2307150006,영일대 한티재
f_f003820,1,7,2307150007,집
f_f003827,1,1,2307020001,집
f_f003827,1,2,2307020002,오근장역
f_f003827,1,3,2307020003,제천역
f_f003827,1,4,2307020004,민둥산
f_f003827,1,5,2307020005,시골막국수
f_f003827,1,6,2307020006,민둥산역
f_f003827,1,7,2307020007,제천역
f_f003827,1,8,2307020008,오근장역
f_f003827,1,9,2307020009,삼환앙뜨빌
f_f003829,1,1,2307020001,집
f_f003829,1,2,2307020003,전원 휴게소
f_f003829,1,3,2307020004,의령 곤충생태학습관
f_f003829,1,4,2307020005,의령군 아열대식물원
f_f003829,1,5,2307020006,제일아파트
f_f003829,1,6,2307020002,집
f_f003832,1,1,2307030001,집
f_f003832,1,2,2307030002,랜디스 도넛 광안리점
f_f003832,1,3,2307030003,광안리 해변 테마거리
f_f003832,1,4,2307030004,나뭇잎 마을
f_f003832,1,5,2307030005,광안리해수욕장
f_f003832,1,6,2307030006,밀란 더 마켓
f_f003832,1,7,2307030007,민락수변공원
f_f003832,1,8,2307030008,집
f_f003836,1,1,2307080001,집
f_f003836,1,2,2307080002,동대구역
f_f003836,1,3,2307080003,부산역
f_f003836,1,4,2307080004,카페이네이티드
f_f003836,1,5,2307080005,부산영화체험 박물관
f_f003836,1,6,2307080006,일미 밀면
f_f003836,1,7,2307080007,유아리 광장
f_f003836,1,8,2307080008,생강나무
f_f003836,1,9,2307080009,쥬디스태화
f_f003836,1,10,2307080010,이 세계
f_f003836,1,11,2307080011,역전 할머니 맥주 부산 서면점
f_f003836,1,12,2307080012,부산역
f_f003836,1,13,2307080013,집
f_f003837,1,1,2307020001,집
f_f003837,1,2,2307020002,환호공원 스페이스 워크
f_f003837,1,3,2307020003,더신촌스덮죽
f_f003837,1,4,2307020004,포항 운하
f_f003837,1,5,2307020005,감태
f_f003837,1,6,2307020006,집
f_f003838,1,1,2307110001,친구 친지 집
f_f003838,1,2,2307110002,하남 드림 휴게소
f_f003838,1,3,2307110003,비발디파크 오션월드
f_f003838,1,4,2307110004,설악 막국수 춘천 닭갈비 강촌점
f_f003838,1,5,2307110005,가평휴게소 서울 방향
f_f003838,1,6,2307110006,광교마을 45단지 아파트
f_f003844,1,1,2307080001,집
f_f003844,1,2,2307080002,태화강 순두부
f_f003844,1,3,2307080003,태화강 국가 정원
f_f003844,1,4,2307080004,카페우딬
f_f003844,1,5,2307080005,넘버 25 울산 학산점
f_f003844,1,6,2307080006,구울계 구영리점
f_f003844,1,7,2307080007,집
f_f003848,1,1,2307150001,친구 친지 집
f_f003848,1,2,2307150002,맥도날드 양산 북정 DT 점
f_f003848,1,3,2307150003,망고키즈트라이랩 양산점
f_f003848,1,4,2307150004,통도 참숯가마
f_f003848,1,5,2307150005,경동 파크타워
f_f003849,1,1,2307290001,집
f_f003849,1,2,2307290002,천하장사
f_f003849,1,3,2307290003,장이 대청 계곡
f_f003849,1,4,2307290004,집
f_f003854,1,1,2307090001,집
f_f003854,1,2,2307090003,크레이지 서퍼스
f_f003854,1,3,2307090004,광안리해수욕장
f_f003854,1,4,2307090005,알로이 삥삥
f_f003854,1,5,2307090008,YES24 중고서점 수영 F1963점
f_f003854,1,6,2307090006,밀란 더 마켓
f_f003854,1,7,2307090007,F1963
f_f003854,1,8,2307090002,집
f_f003857,1,1,2307020001,집
f_f003857,1,2,2307020002,울산 아지매 집
f_f003857,1,3,2307020003,운문사
f_f003857,1,4,2307020004,밀턴
f_f003857,1,5,2307020005,와인터널
f_f003857,1,6,2307020006,집
f_f003863,1,1,2307090001,집
f_f003863,1,2,2307090003,비발디파크 오션월드
f_f003863,1,3,2307090004,한우플라자 직판장
f_f003863,1,4,2307090002,집
f_f003868,1,1,2307090001,집
f_f003868,1,2,2307090003,홍대 개미 삼정 타워점
f_f003868,1,3,2307090004,포어 모멘트
f_f003868,1,4,2307090006,용궁 해물칼국수
f_f003868,1,5,2307090005,스타벅스 서면중앙점
f_f003868,1,6,2307090007,동백 공영주차장
f_f003868,1,7,2307090008,롯데리아 밀양 삼문점
f_f003868,1,8,2307090002,집
f_f003871,1,1,2307230001,집
f_f003871,1,2,2307230003,송암 막국수
f_f003871,1,3,2307230004,뮤지엄 산
f_f003871,1,4,2307230002,집
f_f003872,1,1,2307060001,집
f_f003872,1,2,2307060002,경주 동궁원
f_f003872,1,3,2307060003,황화정
f_f003872,1,4,2307060004,경주엑스포 대공원
f_f003872,1,5,2307060005,모다 아웃렛 경주 포항점
f_f003872,1,6,2307060006,집
f_f003874,1,1,2307150001,집
f_f003874,1,2,2307150002,신세계백화점 센텀시티점
f_f003874,1,3,2307150003,광안리해수욕장
f_f003874,1,4,2307150004,집
f_f003880,1,1,2307150001,집
f_f003880,1,2,2307150002,산토리니
f_f003880,1,3,2307150003,어라운드 키친
f_f003880,1,4,2307150004,춘천 꿈 자람 어린이공원
f_f003880,1,5,2307150005,춘천역 던킨도너츠
f_f003880,1,6,2307150006,집
f_f003885,1,1,2307210001,집
f_f003885,1,2,2307210002,마산남부시외버스터미널
f_f003885,1,3,2307210003,동래역 부산 1호선
f_f003885,1,4,2307210004,부산역
f_f003885,1,5,2307210005,흰 여울 문화마을
f_f003885,1,6,2307210006,손목 서각
f_f003885,1,7,2307210007,게으른 고양이
f_f003885,1,8,2307210008,국립 해양 박물관
f_f003885,1,9,2307210009,부산역
f_f003885,1,10,2307210010,스타벅스 부산역 라마다 점
f_f003885,1,11,2307210011,부산 서부버스터미널
f_f003885,1,12,2307210012,마산남부시외버스터미널
f_f003885,1,13,2307210013,집
f_f003904,1,1,2307150001,집
f_f003904,1,2,2307150002,마산역
f_f003904,1,3,2307150003,함안 호국공원
f_f003904,1,4,2307150004,6.25격전 함안 문안비
f_f003904,1,5,2307150005,한스델리 함안점
f_f003904,1,6,2307150006,함안 연꽃테마파크
f_f003904,1,7,2307150007,카페 뜬
f_f003904,1,8,2307150008,충의공원
f_f003904,1,9,2307150009,집
f_f003906,1,1,2307150001,친구 친지 집
f_f003906,1,2,2307150002,안녕 반여동
f_f003906,1,3,2307150003,광안리 공영주차장
f_f003906,1,4,2307150004,켈틱 타이거 광안점
f_f003906,1,5,2307150005,삼익세라믹아파트
f_f003908,1,1,2307230001,집
f_f003908,1,2,2307230002,동대구 터미널
f_f003908,1,3,2307230003,경주 시외버스터미널
f_f003908,1,4,2307230004,송대말 등대 빛 체험 전시관
f_f003908,1,5,2307230005,감포 밀면
f_f003908,1,6,2307230006,오류고아라 해변
f_f003908,1,7,2307230007,황련단길
f_f003908,1,8,2307230008,경주 시외버스터미널
f_f003908,1,9,2307230009,집
f_f003913,1,1,2307270001,집
f_f003913,1,2,2307270002,남애 3리 해변
f_f003913,1,3,2307270003,별주부 횟집
f_f003913,1,4,2307270004,강릉 오죽 한옥마을
f_f003913,2,1,2307280001,아르떼 뮤지엄 강릉
f_f003913,2,2,2307280002,강릉 갈비찜
f_f003913,2,3,2307280003,홍천 휴게소 서울 방향
f_f003913,2,4,2307280004,집
f_f003916,1,1,2307150001,사무실
f_f003916,1,2,2307150003,캘리포니아비치
f_f003916,1,3,2307150004,경주 대릉원 일원(노동리 고분)
f_f003916,1,4,2307150005,갑오 구이
f_f003916,1,5,2307150006,엘제페쿠바노스
f_f003916,1,6,2307150002,경주 게스트하우스 프렌드
f_f003916,2,1,2307160001,오륙돈
f_f003916,2,2,2307160002,경주빵 찰보리빵 상점
f_f003916,2,3,2307160003,대성 타워맨션
f_f003926,1,1,2307240001,집
f_f003926,1,2,2307240008,남산 시외버스정류소
f_f003926,1,3,2307240002,엉클 밥
f_f003926,1,4,2307240003,포토 시그니처 행리단길점
f_f003926,1,5,2307240004,미닝풀
f_f003926,1,6,2307240005,왕과 탕후루
f_f003926,1,7,2307240009,동백 호텔 해운대점
f_f003926,1,8,2307240006,수영만 요트경기장
f_f003926,1,9,2307240007,동백 호텔 해운대점
f_f003926,2,1,2307250001,밀란 더 마켓
f_f003926,2,2,2307250002,설빙 부산 민락점
f_f003926,2,3,2307250003,민락수변공원
f_f003926,2,4,2307250005,해운대 시외버스정류소
f_f003926,2,5,2307250004,집
f_f003928,1,1,2307280001,집
f_f003928,1,2,2307280002,경주 원조 콩국
f_f003928,1,3,2307280003,초곡용굴촛대바위길
f_f003928,1,4,2307280004,맹방해수욕장
f_f003928,1,5,2307280005,대진 해변
f_f003928,1,6,2307280006,원흥 정육점 식당
f_f003928,1,7,2307280007,저문 강에 삽을 씻고
f_f003928,2,1,2307290001,발왕산 관광 케이블카
f_f003928,2,2,2307290002,스타벅스 원주 명륜 DT 점
f_f003928,2,3,2307290003,집
f_f003931,1,1,2307150001,집
f_f003931,1,2,2307150002,동서울 종합터미널
f_f003931,1,3,2307150004,솔 게스트하우스 양양 서핑점
f_f003931,1,4,2307150003,양양종합여객터미널
f_f003931,1,5,2307150005,캡슐호텔 양양
f_f003931,1,6,2307150006,플리즈 웨이스
f_f003931,1,7,2307150007,버거 월드
f_f003931,1,8,2307150008,인구해변
f_f003931,1,9,2307150009,양리 단기 라운지
f_f003931,1,10,2307150010,인구 시장
f_f003931,1,11,2307150011,캡슐호텔 양양
f_f003931,2,1,2307160001,서울식당
f_f003931,2,2,2307160002,페이 보릿
f_f003931,2,3,2307160003,템플 온 더 비치 클럽
f_f003931,2,4,2307160004,양양종합여객터미널
f_f003931,2,5,2307160005,동서울 종합터미널
f_f003931,2,6,2307160006,집
f_f003934,1,1,2307050001,집
f_f003934,1,2,2307050002,경산역
f_f003934,1,3,2307050003,부산역
f_f003934,1,4,2307050004,미분당 서면점
f_f003934,1,5,2307050005,서면 미술관
f_f003934,1,6,2307050012,퍼플
f_f003934,1,7,2307050006,KTG 상상마당 부산
f_f003934,1,8,2307050007,빽다방 부산 서면 롯데점
f_f003934,1,9,2307050008,현대모터 스튜디오 부산
f_f003934,1,10,2307050010,뮤지엄 원
f_f003934,1,11,2307050009,story A 부산
f_f003934,1,12,2307050011,델리나
f_f003934,1,13,2307050013,동대구역
f_f003934,1,14,2307050014,집
f_f003942,1,1,2307130001,집
f_f003942,1,2,2307130002,롯데 프리미엄 아웃렛 이천 점
f_f003942,1,3,2307130003,웰리힐리 파크
f_f003942,1,4,2307130004,산더미 숯불구이 전문점
f_f003942,1,5,2307130005,웰리힐리 파크
f_f003942,2,1,2307140001,웰리힐리 파크
f_f003942,2,2,2307140002,웰리힐리 파크 워터 플래닛
f_f003942,2,3,2307140003,집
f_f003949,1,1,2307150001,집
f_f003949,1,2,2307150002,태백 닭갈비 본점
f_f003949,1,3,2307150003,오로라 파크
f_f003949,1,4,2307150004,통리 탄탄 파크
f_f003949,1,5,2307150005,구문소
f_f003949,1,6,2307150006,태백관광호텔
f_f003949,1,7,2307150007,태백 실비식당
f_f003949,1,8,2307150008,황지공원 황지연못
f_f003949,1,9,2307150009,태백관광호텔
f_f003949,2,1,2307160001,태백 축산물 백화점
f_f003949,2,2,2307160002,중앙탑 막국수
f_f003949,2,3,2307160003,중앙탑공원 중원 탑평리 7층 석탑
f_f003949,2,4,2307160004,집
f_f003958,1,1,2307220001,집
f_f003958,1,2,2307220002,인천종합터미널
f_f003958,1,3,2307220003,원주휴게소 춘천 방향
f_f003958,1,4,2307220004,속초 고속버스터미널
f_f003958,1,5,2307220008,속초관광수산시장
f_f003958,1,6,2307220005,신토불이 감자옹심이
f_f003958,1,7,2307220006,무이 커피
f_f003958,1,8,2307220007,마카오 박
f_f003958,1,9,2307220009,월드스테이트 속초
f_f003958,1,10,2307220010,최태섭 대박 김밥 속초 본점
f_f003958,1,11,2307220011,영금정
f_f003958,1,12,2307220012,민우당 서림
f_f003958,1,13,2307220013,월드스테이트 속초
f_f003958,2,1,2307230001,속초해수욕장
f_f003958,2,2,2307230002,낙산사
f_f003958,2,3,2307230003,낙산 해변
f_f003958,2,4,2307230004,봉 브레드
f_f003958,2,5,2307230005,하이픈 커피
f_f003958,2,6,2307230006,속초 고속버스터미널
f_f003958,2,7,2307230007,가평휴게소 서울 방향
f_f003958,2,8,2307230008,인천종합터미널
f_f003958,2,9,2307230009,집
f_f003966,1,1,2307200001,집
f_f003966,1,2,2307200003,덕평자연휴게소 강릉방향
f_f003966,1,3,2307200004,횡성휴게소 강릉방향
f_f003966,1,4,2307200005,세인트존스 호텔
f_f003966,1,5,2307200006,강릉 빵 다방 본점
f_f003966,1,6,2307200007,강릉 중앙시장
f_f003966,1,7,2307200008,강릉 월화 거리
f_f003966,1,8,2307200009,벌집
f_f003966,1,9,2307200002,세인트존스 호텔
f_f003966,2,1,2307210002,강릉 동화 가든 본점
f_f003966,2,2,2307210003,강문해변
f_f003966,2,3,2307210004,세인트존스 호텔
f_f003966,2,4,2307210005,아르떼 뮤지엄 강릉
f_f003966,2,5,2307210006,민속 옹심이 막국수
f_f003966,2,6,2307210007,카페 툇마루
f_f003966,2,7,2307210008,평창 자연휴게소 인천방향
f_f003966,2,8,2307210001,집
f_f004010,1,1,2307220001,집
f_f004010,1,2,2307220002,우포늪 생태체험장
f_f004010,1,3,2307220003,우포랑 따오기랑
f_f004010,1,4,2307220004,우포늪
f_f004010,1,5,2307220005,엘리노
f_f004010,1,6,2307220006,집
f_f004020,1,1,2308050001,집
f_f004020,1,2,2308050003,메인스트림 셀프스튜디오
f_f004020,1,3,2308050004,덕이 아틀리에
f_f004020,1,4,2308050005,아이엠 부산
f_f004020,1,5,2308050006,AG45 호텔
f_f004020,1,6,2308050007,해운대 블루라인파크 미포 정거장
f_f004020,1,7,2308050008,해운대 블루라인파크 청사포 정거장
f_f004020,1,8,2308050009,갈맷길 돼지국밥
f_f004020,1,9,2308050010,밀란 더 마켓
f_f004020,1,10,2308050002,AG45 호텔
f_f004020,2,1,2308060001,녹아웃
f_f004020,2,2,2308060002,디핑 케이스 서면점
f_f004020,2,3,2308060003,아비 베르
f_f004020,2,4,2308060006,NC백화점 서면점
f_f004020,2,5,2308060005,부산역
f_f004020,2,6,2308060004,집
f_f004029,1,1,2307140001,집
f_f004029,1,2,2307140002,불국사
f_f004029,1,3,2307140003,송대말 등대 빛 체험 전시관
f_f004029,1,4,2307140004,닭만 공격
f_f004029,1,5,2307140005,CELL27 스파 풀빌라 펜션
f_f004029,2,1,2307150001,나 정고운 모래해변
f_f004029,2,2,2307150002,전촌항
f_f004029,2,3,2307150003,오륙돈
f_f004029,2,4,2307150005,레이저 아레나 경주 보문
f_f004029,2,5,2307150006,스타벅스 경주 대릉원점
f_f004029,2,6,2307150007,집
f_f004030,1,1,2307080001,집
f_f004030,1,2,2307080002,수원역
f_f004030,1,3,2307080003,부산역
f_f004030,1,4,2307080004,영동 밀면 영동 국밥
f_f004030,1,5,2307080006,광안리해수욕장
f_f004030,1,6,2307080005,스타벅스 광안 비치점
f_f004030,1,7,2307080008,마린 뷰 호텔
f_f004030,1,8,2307080007,광안리해수욕장 해바라기 축제
f_f004030,1,9,2307080009,광안리 막창집 2호점
f_f004030,1,10,2307080010,포레스트원
f_f004030,1,11,2307080011,마린 뷰 호텔
f_f004030,2,1,2307090001,장승진 스시
f_f004030,2,2,2307090002,KT&G 상상마당 부산 사푼사푼
f_f004030,2,3,2307090003,부산역
f_f004030,2,4,2307090004,북항재개발구역
f_f004030,2,5,2307090005,떡 공방 형제 부산 KTX 역점
f_f004030,2,6,2307090006,부산역
f_f004030,2,7,2307090007,집
f_f004045,1,1,2307130001,집
f_f004045,1,2,2307130002,원주혁신도시 8단지 부영아파트
f_f004045,1,3,2307130003,맥도날드 원주 단구 DT 점
f_f004045,1,4,2307130004,원주시립중앙도서관
f_f004045,1,5,2307130005,모 브랜드 원주 단구점
f_f004045,1,6,2307130006,까치둥지
f_f004045,1,7,2307130007,볼타 커피
f_f004045,1,8,2307130008,유니클로 원주점
f_f004045,1,9,2307130009,롯데시네마 원주 무실
f_f004045,1,10,2307130010,상지 식자재 할인마트
f_f004045,1,11,2307130011,스타벅스 원주 IC DT 점
f_f004045,1,12,2307130012,집
f_f004047,1,1,2307090001,집
f_f004047,1,2,2307090002,김호중 소리길 봉황대 연화지
f_f004047,1,3,2307090003,김천시립미술관
f_f004047,1,4,2307090004,둥지톳밥
f_f004047,1,5,2307090005,연화
f_f004047,1,6,2307090007,칸 호텔
f_f004047,2,1,2307100001,내담 해물탕 찜 덕곡 율곡점
f_f004047,2,2,2307100002,사 명대사공원
f_f004047,2,3,2307100003,직지사
f_f004047,2,4,2307100004,김천 부항댐 출렁다리
f_f004047,2,5,2307100005,조덕환 선생 공덕비
f_f004047,2,6,2307100006,일출 수산
f_f004047,2,7,2307100007,집
f_f004048,1,1,2307090001,집
f_f004048,1,2,2307090002,대구중앙교회
f_f004048,1,3,2307090003,소노벨 청송 솔샘 온천
f_f004048,1,4,2307090004,소노벨 청송 수달래
f_f004048,1,5,2307090005,문이든
f_f004048,1,6,2307090009,소노벨 청송
f_f004048,2,1,2307100001,소노벨 청송 수달래
f_f004048,2,2,2307100002,주산 저수지
f_f004048,2,3,2307100003,미혜 횟집
f_f004048,2,4,2307100004,집
f_f004050,1,1,2307280001,집
f_f004050,1,2,2307280003,소논문 델피노 주차장 4
f_f004050,1,3,2307280004,장사항
f_f004050,1,4,2307280005,속초 파워보트 클럽
f_f004050,1,5,2307280007,국립대관령자연휴양림
f_f004050,1,6,2307280006,양양전통시장
f_f004050,1,7,2307280002,국립대관령자연휴양림
f_f004050,2,1,2307290001,국립대관령자연휴양림 숯가마
f_f004050,2,2,2307290002,대관령 박물관
f_f004050,2,3,2307290003,회산 장칼국수
f_f004050,2,4,2307290004,소 돌아들 바위
f_f004050,2,5,2307290006,불타는 쌈밥
f_f004050,2,6,2307290005,집
f_f004051,1,1,2307080001,집
f_f004051,1,2,2307080002,원주 제일 장로교회
f_f004051,1,3,2307080003,오크밸리리조트 빌리지센터
f_f004051,1,4,2307080004,바운스 슈퍼 파크 원주 오크밸리센터
f_f004051,1,5,2307080005,오크밸리리조트 골프콘도 B동
f_f004051,1,6,2307080006,아무튼
f_f004051,1,7,2307080007,오크밸리리조트 골프콘도 B동
f_f004051,2,1,2307090001,오크밸리 스키빌리지 수영장
f_f004051,2,2,2307090002,문리버
f_f004051,2,3,2307090003,집
f_f004052,1,1,2307270001,친구 친지 집
f_f004052,1,2,2307270002,1997동굴 갈비
f_f004052,1,3,2307270003,피닉스 평창
f_f004052,1,4,2307270004,CU 피닉스 평창센터 플라자점
f_f004052,1,5,2307270005,아브토
f_f004052,1,6,2307270006,피닉스 평창
f_f004052,2,1,2307280001,시골편지
f_f004052,2,2,2307280002,서울숲 삼부아파트
f_f004069,1,1,2307270001,집
f_f004069,1,2,2307270002,치악산국립공원 구룡 지구
f_f004069,1,3,2307270003,베니키아 호텔 비조인
f_f004069,1,4,2307270004,송 돈
f_f004069,1,5,2307270005,AK플라자 원주
f_f004069,1,6,2307270006,설빙 강원 원주 단계 점
f_f004069,1,7,2307270012,베니키아 호텔 비조인
f_f004069,2,1,2307280001,보릿고개 본점
f_f004069,2,2,2307280002,스타벅스 원주혁신도시점
f_f004069,2,3,2307280003,뮤지엄 산
f_f004069,2,4,2307280004,신내 서울 해장국집 본점
f_f004069,2,5,2307280005,집
f_f004070,1,1,2307070001,집
f_f004070,1,2,2307070003,황련단길
f_f004070,1,3,2307070004,소옥
f_f004070,1,4,2307070002,시우와 당
f_f004070,2,1,2307080002,대릉원
f_f004070,2,2,2307080003,첨성대
f_f004070,2,3,2307080004,불국 빵
f_f004070,2,4,2307080005,봉길 대왕암 해변
f_f004070,2,5,2307080006,대구회 식당
f_f004070,2,6,2307080001,집
f_f004085,1,1,2307100001,집
f_f004085,1,2,2307100002,청량리역
f_f004085,1,3,2307100003,강릉역
f_f004085,1,4,2307100004,강릉 순두부 장칼국수
f_f004085,1,5,2307100005,배니 닭강정
f_f004085,1,6,2307100006,경포수 호텔
f_f004085,1,7,2307100007,강문해변
f_f004085,1,8,2307100008,마시와 본점
f_f004085,1,9,2307100010,경포호
f_f004085,1,10,2307100011,안목 해변
f_f004085,1,11,2307100009,톰스 비스트로 강릉점
f_f004085,1,12,2307100012,경포수 호텔
f_f004085,2,1,2307110001,폴 앤 메리 버거 강문점
f_f004085,2,2,2307110002,이디야커피 강릉강문해변점
f_f004085,2,3,2307110003,원흥 건어물
f_f004085,2,4,2307110004,강릉역
f_f004085,2,5,2307110005,집
f_f004089,1,1,2307080001,집
f_f004089,1,2,2307080005,원주역
f_f004089,1,3,2307080006,또 와 식당
f_f004089,1,4,2307080007,뮤지엄 산
f_f004089,1,5,2307080003,GS25 오크밸리 골프점
f_f004089,1,6,2307080004,용 가락국수 원주 오크밸리점
f_f004089,1,7,2307080002,오크밸리리조트
f_f004089,2,1,2307090001,오크밸리리조트 조각 공원
f_f004089,2,2,2307090002,보릿고개 본점
f_f004089,2,3,2307090003,투썸플레이스 원주혁신 H 타워점
f_f004089,2,4,2307090004,원주역
f_f004089,2,5,2307090005,집
f_f004092,1,1,2308030001,집
f_f004092,1,2,2308030002,와촌휴게소 포항방향
f_f004092,1,3,2308030003,신창 간이해수욕장
f_f004092,1,4,2308030004,신창 반점
f_f004092,1,5,2308030005,청통휴게소 대구방향
f_f004092,1,6,2308030006,홈플러스 대구 수성점
f_f004092,1,7,2308030007,동대구역 네거리
f_f004092,1,8,2308030008,집
f_f004106,1,1,2307080001,집
f_f004106,1,2,2307080003,춘천휴게소
f_f004106,1,3,2307080004,초당 애
f_f004106,1,4,2307080005,강릉항 요트마리나
f_f004106,1,5,2307080007,사천진 해변
f_f004106,1,6,2307080006,블랑 비치펜션
f_f004106,1,7,2307080008,솔향 대게
f_f004106,1,8,2307080009,커피 드로잉
f_f004106,1,9,2307080002,블랑 비치펜션
f_f004106,2,1,2307090006,주문진 수산시장
f_f004106,2,2,2307090001,라뤼슈
f_f004106,2,3,2307090002,장안 횟집
f_f004106,2,4,2307090003,곳
f_f004106,2,5,2307090004,내린천 휴게소 서울 방향
f_f004106,2,6,2307090005,집
f_f004107,1,1,2307080001,집
f_f004107,1,2,2307080002,오차드 베어
f_f004107,1,3,2307080003,덕유산 휴게소 통영방향
f_f004107,1,4,2307080004,진주역
f_f004107,1,5,2307080005,하동역
f_f004107,1,6,2307080006,풀 마트 하동점
f_f004107,1,7,2307080007,메가 MGC 커피 하동점
f_f004107,1,8,2307080008,바카스 하우스
f_f004107,1,9,2307080009,알뜰살뜰 마트
f_f004107,1,10,2307080016,바카스 하우스
f_f004107,2,1,2307090001,하동 버스터미널
f_f004107,2,2,2307090003,진주 시외버스터미널
f_f004107,2,3,2307090004,청주 고속버스터미널 정문
f_f004107,2,4,2307090005,올리브영 청주터미널 중앙점
f_f004107,2,5,2307090006,김밥천국 청주터미널점
f_f004107,2,6,2307090002,집
f_f004110,1,1,2307260002,집
f_f004110,1,2,2307260003,문막휴게소 강릉방향
f_f004110,1,3,2307260004,SL 호텔 강릉
f_f004110,1,4,2307260005,해송 횟집
f_f004110,1,5,2307260001,SL 호텔 강릉
f_f004110,2,1,2307270001,아들바위공원
f_f004110,2,2,2307270002,아르떼 뮤지엄 강릉
f_f004110,2,3,2307270003,스 시카 이토
f_f004110,2,4,2307270004,산토리니 강릉 안목 본점
f_f004110,2,5,2307270005,아주 1차 아파트
f_f004116,1,1,2307080001,집
f_f004116,1,2,2307080002,강릉 시외버스터미널
f_f004116,1,3,2307080003,강릉 중앙시장
f_f004116,1,4,2307080004,강릉에 컷 월화 거리점
f_f004116,1,5,2307080005,사근 긴 해변
f_f004116,1,6,2307080006,곳
f_f004116,1,7,2307080007,제주 해안 물회
f_f004116,1,8,2307080008,순두부 젤라또 2호점
f_f004116,1,9,2307080009,안목 해변
f_f004116,1,10,2307080010,연원마을
f_f004118,1,1,2307130001,집
f_f004118,1,2,2307130003,내린천 휴게소 양양 방향
f_f004118,1,3,2307130004,델피노 오션 플레이
f_f004118,1,4,2307130005,속초관광수산시장
f_f004118,1,5,2307130002,오션 투 유리조트 속초 설악비치 호텔 앤 콘도
f_f004118,2,1,2307140001,오션 투 유 다연
f_f004118,2,2,2307140002,수제비집
f_f004118,2,3,2307140003,홍천 휴게소 서울 방향
f_f004118,2,4,2307140004,집
f_f004122,1,1,2307090001,집
f_f004122,1,2,2307090002,여주 맛있는 휴게소 강릉방향
f_f004122,1,3,2307090003,서울 여관 식당
f_f004122,1,4,2307090004,소노벨 청송 솔샘 온천
f_f004122,1,5,2307090005,소노벨 청송
f_f004122,2,1,2307100002,소노벨 청송 수달래
f_f004122,2,2,2307100003,주왕산국립공원
f_f004122,2,3,2307100004,안동 구 시장
f_f004122,2,4,2307100005,집
f_f004123,1,1,2307290001,집
f_f004123,1,2,2307290005,신라스테이 해운대
f_f004123,1,3,2307290003,고 망고 해운대 비치점
f_f004123,1,4,2307290004,상국이네
f_f004123,1,5,2307290006,밀란 더 마켓
f_f004123,1,6,2307290007,포니 필름 밀란 더 마켓점
f_f004123,1,7,2307290008,민락 회 타운 시장
f_f004123,1,8,2307290009,덕성 수산
f_f004123,1,9,2307290010,수영만 요트경기장
f_f004123,1,10,2307290002,신라스테이 해운대
f_f004123,2,1,2307300001,맥도날드 해운대 DT 점
f_f004123,2,2,2307300002,부산국제영화제 부산사무국
f_f004123,2,3,2307300003,호우 섬 신세계백화점 센텀시티점
f_f004123,2,4,2307300004,대동 타운 아파트
f_f004134,1,1,2307090001,집
f_f004134,1,2,2307090003,대릉원
f_f004134,1,3,2307090004,황화정
f_f004134,1,4,2307090005,조르바
f_f004134,1,5,2307090006,경북 천년 숲 정원
f_f004134,1,6,2307090007,스타벅스 경주 보문로 DT 점
f_f004134,1,7,2307090009,KT 경주 수련관
f_f004134,1,8,2307090008,화수 브루어리 경주점
f_f004134,1,9,2307090002,KT 경주 수련관
f_f004134,2,1,2307100002,엘로우
f_f004134,2,2,2307100001,집
f_f004140,1,1,2307090001,집
f_f004140,1,2,2307090002,강릉 시외버스터미널
f_f004140,1,3,2307090005,드봉 마젤
f_f004140,1,4,2307090004,삽교리 동치미 막국수 본점
f_f004140,1,5,2307090006,테라로사 사천점
f_f004140,1,6,2307090007,하우스웨이 더블
f_f004140,1,7,2307090008,강릉 중앙시장
f_f004140,1,8,2307090003,하우스웨이 더블
f_f004140,2,1,2307100001,강냉이 소쿠리
f_f004140,2,2,2307100002,영진 횟집
f_f004140,2,3,2307100003,사근 긴 해변
f_f004140,2,4,2307100004,롱 블랙
f_f004140,2,5,2307100005,강릉역
f_f004140,2,6,2307100006,브라운스톤 아파트 상가
f_f004159,1,1,2308030001,집
f_f004159,1,2,2308030002,부산종합버스터미널
f_f004159,1,3,2308030003,소향몽
f_f004159,1,4,2308030004,대릉원
f_f004159,1,5,2308030005,녹아
f_f004159,1,6,2308030006,구황 스테이
f_f004159,1,7,2308030007,온 천집
f_f004159,1,8,2308030008,동궁과 월지
f_f004159,1,9,2308030009,구황 스테이
f_f004159,2,1,2308040002,프롬 상록
f_f004159,2,2,2308040003,경주고속버스터미널
f_f004159,2,3,2308040001,집
f_f004164,1,1,2307090001,집
f_f004164,1,2,2307090002,횡성휴게소 강릉방향
f_f004164,1,3,2307090003,대동 면옥 강릉점
f_f004164,1,4,2307090004,경포해수욕장
f_f004164,1,5,2307090005,르샵 트리 펜션
f_f004164,1,6,2307090008,강릉 중앙시장
f_f004164,1,7,2307090009,홈플러스 강릉점
f_f004164,1,8,2307090007,르샵 트리 펜션
f_f004164,2,1,2307100001,강릉 감자옹심이 강릉 본점
f_f004164,2,2,2307100002,강릉 중화 짬뽕 빵
f_f004164,2,3,2307100003,카페 툇마루
f_f004164,2,4,2307100004,평창 자연휴게소 인천방향
f_f004164,2,5,2307100005,집
f_f004166,1,1,2307100001,집
f_f004166,1,2,2307100003,해운대 시외버스정류소
f_f004166,1,3,2307100004,해운대해수욕장
f_f004166,1,4,2307100005,한화리조트 해운대
f_f004166,1,5,2307100006,블루 보틀 커피 트럭 부산
f_f004166,1,6,2307100007,해성 막창집 본점
f_f004166,1,7,2307100002,한화리조트 해운대
f_f004166,2,1,2307110001,집
f_f004169,1,1,2308020001,집
f_f004169,1,2,2308020002,강릉역
f_f004169,1,3,2308020003,노암 터널
f_f004169,1,4,2308020004,동해 일미
f_f004169,1,5,2308020005,강릉 중앙시장
f_f004169,1,6,2308020006,돌체 테리어
f_f004169,1,7,2308020007,사근 긴 해변
f_f004169,1,8,2308020008,BTS 버스정류장
f_f004169,1,9,2308020009,대게 한마당 주문진 본점
f_f004169,1,10,2308020010,강릉역
f_f004169,1,11,2308020011,집
f_f004171,1,1,2307150001,집
f_f004171,1,2,2307150002,팜파스 휴게 식당
f_f004171,1,3,2307150003,고향 막국수
f_f004171,1,4,2307150004,하늬 라벤더 팜
f_f004171,1,5,2307150005,가진 해변
f_f004171,1,6,2307150006,인제농협 하나로마트 원통점
f_f004171,1,7,2307150007,더 저울
f_f004171,1,8,2307150008,인제 스피디움
f_f004171,2,1,2307160001,인제 스피디움 서킷
f_f004171,2,2,2307160002,인제 스피디움 티켓박스
f_f004171,2,3,2307160003,홍천 휴게소 서울 방향
f_f004171,2,4,2307160004,집
f_f004173,1,1,2307090001,집
f_f004173,1,2,2307090002,써브웨이 서울고속 터미널점
f_f004173,1,3,2307090003,서울고속버스터미널(경부)
f_f004173,1,4,2307090004,횡성휴게소 강릉방향
f_f004173,1,5,2307090005,강릉 고속버스터미널
f_f004173,1,6,2307090006,두덩
f_f004173,1,7,2307090007,원조 강릉고 동반점 본점
f_f004173,1,8,2307090008,에어비앤비 숙소
f_f004173,1,9,2307090009,아르떼 뮤지엄 강릉
f_f004173,1,10,2307090010,피그 놀리라 커피
f_f004173,1,11,2307090011,강문해변
f_f004173,1,12,2307090012,강릉 중앙시장
f_f004173,1,13,2307090013,에어비앤비 숙소
f_f004173,2,1,2307100001,테라로사 경포호수점
f_f004173,2,2,2307100002,9남매 집
f_f004173,2,3,2307100003,안목 해변
f_f004173,2,4,2307100005,강릉 고속버스터미널
f_f004173,2,5,2307100004,우김 버거
f_f004173,2,6,2307100006,서울고속버스터미널(경부)
f_f004173,2,7,2307100007,집
f_f004174,1,1,2307150001,집
f_f004174,1,2,2307150002,을지 회관
f_f004174,1,3,2307150003,인제 스피디움
f_f004174,2,1,2307160001,인제 스피디움 서킷
f_f004174,2,2,2307160002,집
f_f004176,1,1,2307080001,집
f_f004176,1,2,2307080002,인구해변
f_f004176,1,3,2307080003,이스트 피자
f_f004176,1,4,2307080004,양리 단기 라운지
f_f004176,1,5,2307080005,템플 온 더 비치 클럽
f_f004176,2,1,2307090001,강릉역
f_f004176,2,2,2307090002,원주 종갓집 본점
f_f004176,2,3,2307090003,집
f_f004178,1,1,2307080001,집
f_f004178,1,2,2307080002,경기 광주 휴게소 원주 방향
f_f004178,1,3,2307080003,발심사
f_f004178,1,4,2307080004,가리왕산 마상치 사거리 분기점
f_f004178,1,5,2307080005,가리왕산
f_f004178,1,6,2307080006,발심사
f_f004178,1,7,2307080007,정선 레일바이크 주차장
f_f004178,1,8,2307080008,아우라지역
f_f004178,1,9,2307080009,갤러리 모텔
f_f004178,1,10,2307080010,정선농협 한우타운
f_f004178,1,11,2307080011,정선농협 하나로마트 아라리점
f_f004178,1,12,2307080019,갤러리 모텔
f_f004178,2,1,2307090001,정선아리랑 시장
f_f004178,2,2,2307090002,병방치 스카이워크
f_f004178,2,3,2307090003,몰운대 주차장
f_f004178,2,4,2307090004,소금강 전망대
f_f004178,2,5,2307090005,화암 동굴
f_f004178,2,6,2307090006,중앙식당
f_f004178,2,7,2307090007,집
f_f004187,1,1,2307130001,친구 친지 집
f_f004187,1,2,2307130002,인제 막국수
f_f004187,1,3,2307130005,갯골 산머루 민박
f_f004187,2,1,2307140001,비발디파크 오션월드
f_f004187,2,2,2307140002,대명로 손 짜장
f_f004187,2,3,2307140003,서울시 서초구 사평대로52길7
f_f004191,1,1,2307310001,집
f_f004191,1,2,2307310002,서대구역
f_f004191,1,3,2307310003,부산역
f_f004191,1,4,2307310004,광안역 부산 2호선
f_f004191,1,5,2307310005,코쿠이
f_f004191,1,6,2307310006,클러스터 라운드 2호점
f_f004191,1,7,2307310007,호텔 1
f_f004191,1,8,2307310008,나뭇잎 마을
f_f004191,1,9,2307310009,광안리해수욕장
f_f004191,1,10,2307310010,스타벅스 광안 비치점
f_f004191,1,11,2307310011,호텔 1
f_f004191,2,1,2308010001,광안리해수욕장
f_f004191,2,2,2308010002,호텔 1
f_f004191,2,3,2308010003,아따 아따
f_f004191,2,4,2308010004,테트
f_f004191,2,5,2308010005,부산역
f_f004191,2,6,2308010006,동대구역
f_f004191,2,7,2308010007,라일락 식탁 동대구점
f_f004191,2,8,2308010008,집
f_f004192,1,1,2307090001,집
f_f004192,1,2,2307090002,롯데백화점 부산본점 에비뉴엘 주차장
f_f004192,1,3,2307090003,송정 삼대 국밥
f_f004192,1,4,2307090004,롯데백화점 부산본점
f_f004192,1,5,2307090005,서희스타힐스 센텀프리모 오피스텔
f_f004192,1,6,2307090006,광안리 해변 테마거리
f_f004192,1,7,2307090007,홍미당 부산 광안리점
f_f004192,1,8,2307090008,개미집 광안리 본점
f_f004192,1,9,2307090009,서희스타힐스 센텀프리모 오피스텔
f_f004192,1,10,2307090010,집
f_f004193,1,1,2307100001,집
f_f004193,1,2,2307100002,서울역 KTX 대회의실
f_f004193,1,3,2307100003,평창역
f_f004193,1,4,2307100006,피닉스 평창 블루캐니언
f_f004193,1,5,2307100004,피닉스 평창 오렌지동
f_f004193,1,6,2307100005,평창 루지 랜드
f_f004193,1,7,2307100007,피닉스 평창 스키하우스 라운지
f_f004193,1,8,2307100008,피닉스 평창 오렌지동
f_f004193,2,1,2307110001,장평 막국수
f_f004193,2,2,2307110002,평창역
f_f004193,2,3,2307110003,서울역 KTX 대회의실
f_f004193,2,4,2307110004,롯데 아웃렛 서울역점
f_f004193,2,5,2307110005,롯데리아 서울 역사점
f_f004193,2,6,2307110006,집
f_f004199,1,1,2308050001,집
f_f004199,1,2,2308050002,가평휴게소 춘천 방향
f_f004199,1,3,2308050003,학곡리 막국수 닭갈비
f_f004199,1,4,2308050004,리버 레인 카페
f_f004199,1,5,2308050005,춘천 대교
f_f004199,1,6,2308050006,모던하우스 춘천 근화점
f_f004199,1,7,2308050007,메가 MGC 커피 춘천 온의 파크 점
f_f004199,1,8,2308050008,집
f_f004200,1,1,2307140001,집
f_f004200,1,2,2307140003,켄싱턴호텔 설악 더 퀸
f_f004200,1,3,2307140002,금호 설악리조트
f_f004200,2,1,2307150002,김영애 할머니순두부 본점
f_f004200,2,2,2307150003,척산 족욕공원
f_f004200,2,3,2307150004,카페 소리
f_f004200,2,4,2307150005,국립산악박물관
f_f004200,2,5,2307150006,속초 아이
f_f004200,2,6,2307150007,속초해수욕장
f_f004200,2,7,2307150008,백촌 막국수
f_f004200,2,8,2307150009,청초 호수공원
f_f004200,2,9,2307150001,집
f_f004209,1,1,2307110001,집
f_f004209,1,2,2307110002,인천종합터미널
f_f004209,1,3,2307110003,속초 고속버스터미널
f_f004209,1,4,2307110004,완도 회 식당
f_f004209,1,5,2307110005,GS25 속초 대우점
f_f004209,1,6,2307110006,아야진해수욕장
f_f004209,1,7,2307110007,청간정
f_f004209,1,8,2307110008,청간정 자료 전시관
f_f004209,1,9,2307110009,해파랑길 46코스(일부)
f_f004209,1,10,2307110010,번투드웍스
f_f004209,1,11,2307110011,완벽한 날들
f_f004209,1,12,2307110012,키친 온유
f_f004209,1,13,2307110013,하루 게스트하우스
f_f004209,2,1,2307120001,뚝배기 섭국
f_f004209,2,2,2307120002,하루 게스트하우스
f_f004209,2,3,2307120003,수향 회 국수
f_f004209,2,4,2307120004,속초 시외버스터미널
f_f004209,2,5,2307120005,강릉 시외버스터미널
f_f004209,2,6,2307120006,이스트 커피
f_f004209,2,7,2307120007,참소리축음기 박물관
f_f004209,2,8,2307120009,해파랑길 39코스
f_f004209,2,9,2307120008,ATC
f_f004209,2,10,2307120010,강릉역
f_f004209,2,11,2307120011,서울역
f_f004209,2,12,2307120012,집
f_f004213,1,1,2307140001,사무실
f_f004213,1,2,2307140002,양평 휴게 주유소 원주 방향
f_f004213,1,3,2307140003,라이니아 한우 무한리필
f_f004213,1,4,2307140008,웰리힐리 파크
f_f004213,1,5,2307140004,웰리힐리 파크
f_f004213,1,6,2307140005,CU 웰리힐리 파크 점
f_f004213,1,7,2307140006,웰팍치킨리조트
f_f004213,1,8,2307140007,성우 노래연습장
f_f004213,1,9,2307140009,웰리힐리 파크
f_f004213,2,1,2307150001,웰리힐리 파크 워터 플래닛
f_f004213,2,2,2307150002,동서울 종합터미널
f_f004213,2,3,2307150003,동성네스트빌
f_f004216,1,1,2307200001,집
f_f004216,1,2,2307200002,청량리역
f_f004216,1,3,2307200003,강릉역
f_f004216,1,4,2307200004,고씨네 동해 막국수 강문본점(구.메밀골동해막국수)
f_f004216,1,5,2307200005,사근 긴 해변
f_f004216,1,6,2307200006,베이스캠프
f_f004216,1,7,2307200008,자연산 수산물 직판장
f_f004216,1,8,2307200007,사천진 해변
f_f004216,1,9,2307200009,베이스캠프
f_f004216,2,1,2307210001,사천해변
f_f004216,2,2,2307210002,주문진 방사제
f_f004216,2,3,2307210003,메밀에 감자
f_f004216,2,4,2307210004,BTS 버스정류장
f_f004216,2,5,2307210005,런닝맨 강릉점
f_f004216,2,6,2307210006,스타벅스 강릉강문해변점
f_f004216,2,7,2307210007,더 프롤로그 필드
f_f004216,2,8,2307210008,월과 교
f_f004216,2,9,2307210009,강릉역
f_f004216,2,10,2307210010,집
f_f004217,1,1,2307130001,집
f_f004217,1,2,2307130003,대구 짬뽕 정
f_f004217,1,3,2307130005,장승포 고래 박물관
f_f004217,1,4,2307130008,해월당 울산 본점
f_f004217,1,5,2307130009,대한불교조계종 송운사
f_f004217,1,6,2307130002,집
f_f004222,1,1,2307080001,집
f_f004222,1,2,2307080002,가야산국립공원 백운동 지구 계곡
f_f004222,1,3,2307080004,가야산국립공원 백운동 야영장
f_f004222,1,4,2307080003,가야산국립공원 백운동 야영장
f_f004222,2,1,2307090001,대장경테마파크
f_f004222,2,2,2307090002,합천 댕김
f_f004222,2,3,2307090003,가야산 소리길
f_f004222,2,4,2307090004,집
f_f004244,1,1,2307090001,집
f_f004244,1,2,2307090002,관악산 휴먼시아 2단지 아파트
f_f004244,1,3,2307090003,가평휴게소 춘천 방향
f_f004244,1,4,2307090004,내린천 휴게소 양양 방향
f_f004244,1,5,2307090005,기사문해수욕장
f_f004244,1,6,2307090006,마린 서프
f_f004244,1,7,2307090007,SL 호텔 강릉
f_f004244,1,8,2307090008,최대가 본점
f_f004244,1,9,2307090009,주문진 좌판 풍물시장
f_f004244,1,10,2307090010,GS25 주문진항구점
f_f004244,1,11,2307090011,영진해변
f_f004244,1,12,2307090012,배스킨라빈스 강릉 주문진점
f_f004244,1,13,2307090013,SL 호텔 강릉
f_f004244,2,1,2307100001,초당 훈유 순두부 짬뽕
f_f004244,2,2,2307100002,씨엠디컴퍼니
f_f004244,2,3,2307100003,경포해수욕장
f_f004244,2,4,2307100004,경포대
f_f004244,2,5,2307100005,평창 자연휴게소 인천방향
f_f004244,2,6,2307100006,관악산 휴먼시아 2단지 아파트
f_f004244,2,7,2307100007,집
f_f004249,1,1,2307080001,집
f_f004249,1,2,2307080003,이모네 집
f_f004249,1,3,2307080004,비발디파크 오션월드
f_f004249,1,4,2307080005,원골
f_f004249,1,5,2307080006,스타벅스 춘천 구봉산 R
f_f004249,1,6,2307080007,1.5닭갈비
f_f004249,1,7,2307080008,원주휴게소 부산방향
f_f004249,1,8,2307080002,집
f_f004252,1,1,2307150001,집
f_f004252,1,2,2307150002,스터디엔 공간
f_f004252,1,3,2307150003,뜨던 동성로점
f_f004252,1,4,2307150004,대구 삼성 창조캠퍼스
f_f004252,1,5,2307150005,BBQ 동대구역점
f_f004252,1,6,2307150006,미드타운 호스텔
f_f004252,2,1,2307160001,세븐일레븐 대구동성로토요코인점
f_f004252,2,2,2307160002,빵 장수단팥빵 반월당역점
f_f004252,2,3,2307160003,노브랜드버거 경산정평역점
f_f004252,2,4,2307160004,집
f_f004253,1,1,2307170001,사무실
f_f004253,1,2,2307170002,머물곳 2호점
f_f004253,2,1,2307180001,히든 블루
f_f004253,2,2,2307180002,장생포 고래 박물관
f_f004253,2,3,2307180003,장생포 고래생태체험관
f_f004253,2,4,2307180004,대왕암공원
f_f004253,2,5,2307180005,인얼스커피 울산 동구점
f_f004253,2,6,2307180006,집
f_f004255,1,1,2307200001,집
f_f004255,1,2,2307200003,파라다이스호텔 부산
f_f004255,1,3,2307200004,해운대해수욕장
f_f004255,1,4,2307200005,파라다이스호텔 부산
f_f004255,1,5,2307200006,해운대 밀면
f_f004255,1,6,2307200007,파라다이스호텔 부산
f_f004255,1,7,2307200008,미파집
f_f004255,1,8,2307200002,파라다이스호텔 부산
f_f004255,2,1,2307210002,해운대해수욕장
f_f004255,2,2,2307210003,파라다이스호텔 부산
f_f004255,2,3,2307210001,집
f_f004258,1,1,2307250001,집
f_f004258,1,2,2307250003,정암해변
f_f004258,1,3,2307250004,옥이네 밥상
f_f004258,1,4,2307250005,낙산사
f_f004258,1,5,2307250006,속초관광수산시장
f_f004258,1,6,2307250007,속초 아이
f_f004258,1,7,2307250002,집
f_f004272,1,1,2307100001,집
f_f004272,1,2,2307100003,다이소 강릉 터미널점
f_f004272,1,3,2307100004,세인트존스 호텔
f_f004272,1,4,2307100005,강릉 짬뽕 순두부 강릉 본점
f_f004272,1,5,2307100006,라 클라우드 펜션
f_f004272,1,6,2307100007,강릉 중앙시장
f_f004272,1,7,2307100008,홈플러스 강릉점
f_f004272,1,8,2307100002,라 클라우드 펜션
f_f004272,2,1,2307110002,경포해수욕장
f_f004272,2,2,2307110003,월파정
f_f004272,2,3,2307110004,은화 식당
f_f004272,2,4,2307110005,강릉역
f_f004272,2,5,2307110006,강릉 시외버스터미널
f_f004272,2,6,2307110001,반포로 엘 아파트
f_f004276,1,1,2307210001,집
f_f004276,1,2,2307210002,불란서 그로서리
f_f004276,1,3,2307210006,웨이브 263
f_f004276,1,4,2307210003,넘버 25호텔 광안리점
f_f004276,1,5,2307210004,광안리해수욕장
f_f004276,1,6,2307210005,광연이 포차
f_f004276,1,7,2307210010,넘버 25호텔 광안리점
f_f004276,2,1,2307220001,넘버 25호텔 광안리점
f_f004276,2,2,2307220002,용이 초밥 광안리점
f_f004276,2,3,2307220003,듀플릿
f_f004276,2,4,2307220004,집
f_f004277,1,1,2308050001,집
f_f004277,1,2,2308050002,꽃 채운 김밥 경남대점
f_f004277,1,3,2308050003,지리산 청학 농협 청암지점
f_f004277,1,4,2308050004,묵계리 계곡
f_f004277,1,5,2308050005,양산박 막국수
f_f004277,1,6,2308050006,비바체리조트
f_f004277,1,7,2308050008,비바체리조트
f_f004277,1,8,2308050007,CU 하동 비바체리조트점
f_f004277,1,9,2308050009,비바체리조트
f_f004277,2,1,2308060001,스타에이하동
f_f004277,2,2,2308060002,뼈큰감자탕
f_f004277,2,3,2308060003,집
f_f004284,1,1,2307160001,집
f_f004284,1,2,2307160002,홍천 휴게소 양양 방향
f_f004284,1,3,2307160003,속초 모래 기호 배낚시체험
f_f004284,1,4,2307160004,왕 박고 식당
f_f004284,1,5,2307160005,온 더 버튼
f_f004284,1,6,2307160006,히츠 자야 속초점
f_f004284,1,7,2307160007,속초관광수산시장
f_f004284,1,8,2307160014,더클래스 3
f_f004284,2,1,2307170001,설악산 국립공원
f_f004284,2,2,2307170002,소노펠리체 델피노 더엠브로시아
f_f004284,2,3,2307170003,척산 족욕공원
f_f004284,2,4,2307170004,아버지 회 국수
f_f004284,2,5,2307170005,집
f_f004291,1,1,2307270001,집
f_f004291,1,2,2307270002,철원 한탄강 주상절리 길 순담 매표소
f_f004291,1,3,2307270003,드르니 국수 철원 본점
f_f004291,1,4,2307270004,바잘트38.1
f_f004291,1,5,2307270005,집
f_f004308,1,1,2307120001,집
f_f004308,1,2,2307120002,신경주역
f_f004308,1,3,2307120003,광명 기사식당
f_f004308,1,4,2307120004,데네브
f_f004308,1,5,2307120005,지지 호텔
f_f004308,1,6,2307120006,디스 모멘트
f_f004308,1,7,2307120007,대릉 갈비
f_f004308,1,8,2307120008,대릉원
f_f004308,1,9,2307120009,동궁과 월지
f_f004308,1,10,2307120010,지지 호텔
f_f004308,2,1,2307130001,장터 손칼국수
f_f004308,2,2,2307130002,불국사
f_f004308,2,3,2307130003,석굴암
f_f004308,2,4,2307130004,첨성대
f_f004308,2,5,2307130005,대화 만두 항리단점
f_f004308,2,6,2307130006,교동 경주빵
f_f004308,2,7,2307130007,집
f_f004311,1,1,2307100001,친구 친지 집
f_f004311,1,2,2307100003,홍천 휴게소 양양 방향
f_f004311,1,3,2307100004,9남매 집
f_f004311,1,4,2307100005,경포대
f_f004311,1,5,2307100006,강릉 선교장
f_f004311,1,6,2307100007,사근 긴 해변
f_f004311,1,7,2307100008,강릉 엄지네 꼬막 집 1호점
f_f004311,1,8,2307100002,피닉스 평창
f_f004311,2,1,2307110001,피닉스 평창
f_f004311,2,2,2307110002,피닉스 평창 블루캐니언
f_f004311,2,3,2307110003,삼성전자서비스 하남 휴대폰 센터
f_f004311,2,4,2307110004,엘크루 메트로시티 오피스텔
f_f004312,1,1,2307090001,집
f_f004312,1,2,2307090003,정동진 시골밥상
f_f004312,1,3,2307090004,하슬라아트월드
f_f004312,1,4,2307090005,탑스 테인 리스강 호텔
f_f004312,1,5,2307090006,크림 브리즈
f_f004312,1,6,2307090007,등명락가사
f_f004312,1,7,2307090008,하슬라아트월드
f_f004312,1,8,2307090009,큰 기와집
f_f004312,1,9,2307090010,탑스 테인 리스강 호텔 - 엔터테인먼트 편의시설
f_f004312,1,10,2307090002,탑스 테인 리스강 호텔
f_f004312,2,1,2307100001,탑스 테인 리스강 호텔 금진온천
f_f004312,2,2,2307100004,강릉 카페거리
f_f004312,2,3,2307100002,피터 콤마
f_f004312,2,4,2307100003,집
f_f004375,1,1,2307170001,집
f_f004375,1,2,2307170002,천안아산역
f_f004375,1,3,2307170003,신경주역
f_f004375,1,4,2307170004,신라 제면
f_f004375,1,5,2307170005,통보리
f_f004375,1,6,2307170006,포토 이즘 박스 황리단길점
f_f004375,1,7,2307170007,아나타 카페
f_f004375,1,8,2307170008,황련단길
f_f004375,1,9,2307170009,황남채
f_f004375,1,10,2307170010,황련단길
f_f004375,1,11,2307170011,어서어서
f_f004375,1,12,2307170012,황남채
f_f004375,2,1,2307180006,황금십원빵 2호점
f_f004375,2,2,2307180001,우량 미술관
f_f004375,2,3,2307180002,대릉원
f_f004375,2,4,2307180003,코타
f_f004375,2,5,2307180004,동양 백반
f_f004375,2,6,2307180005,스컹크 웍스
f_f004375,2,7,2307180007,신경주역
f_f004375,2,8,2307180008,천안아산역
f_f004375,2,9,2307180009,집
f_f004376,1,1,2307120001,집
f_f004376,1,2,2307120003,주문진 남매 식당
f_f004376,1,3,2307120004,주문진해변
f_f004376,1,4,2307120005,송정 콘도
f_f004376,1,5,2307120006,송정해변
f_f004376,1,6,2307120007,해물 파는 삼촌
f_f004376,1,7,2307120008,마시와 본점
f_f004376,1,8,2307120002,송정 콘도
f_f004376,2,1,2307130001,어부와 바다
f_f004376,2,2,2307130003,르노 코리아 자동차 서비스코너 춘천점
f_f004376,2,3,2307130002,집
f_f004380,1,1,2307160001,집
f_f004380,1,2,2307160004,김해 금관 가야 휴게소 양방향
f_f004380,1,3,2307160003,롯데 프리미엄 아웃렛 동부산점
f_f004380,1,4,2307160002,아난티 힐튼 부산
f_f004380,2,1,2307170002,해동용궁사
f_f004380,2,2,2307170003,이디야커피 부산 용궁사점
f_f004380,2,3,2307170004,제주항 생갈치 쌈 정식
f_f004380,2,4,2307170001,집
f_f004381,1,1,2307160001,집
f_f004381,1,2,2307160003,석굴암
f_f004381,1,3,2307160004,토암산솔밭가든
f_f004381,1,4,2307160005,토암산자연휴양림
f_f004381,2,1,2307170002,포항 학산천
f_f004381,2,2,2307170003,포항농협주유소
f_f004381,2,3,2307170001,집
f_f004383,1,1,2307300001,집
f_f004383,1,2,2307300002,경주 양동 마을
f_f004383,1,3,2307300003,동궁과 월지
f_f004383,1,4,2307300004,설빙 경주시내점
f_f004383,1,5,2307300005,집
f_f004385,1,1,2307150001,친구 친지 집
f_f004385,1,2,2307150002,버거 베이
f_f004385,1,3,2307150003,댄싱 컵 일광점
f_f004385,1,4,2307150004,에이치 애비뉴 기장 일광점
f_f004385,1,5,2307150005,일광이 전 생태공원
f_f004385,1,6,2307150006,에이치 애비뉴
f_f004385,2,1,2307160001,롯데 프리미엄 아웃렛 동부산점
f_f004385,2,2,2307160002,친구 집
f_f004389,1,1,2308050001,친구 친지 집
f_f004389,1,2,2308050002,문막휴게소 강릉방향
f_f004389,1,3,2308050003,합강정 휴게소
f_f004389,1,4,2308050004,계곡
f_f004389,1,5,2308050005,모나미 펜션
f_f004389,2,1,2308060002,리틀 코브
f_f004389,2,2,2308060003,고향 막국수
f_f004389,2,3,2308060001,서수원 레이크 푸르지오 1단지 아파트
f_f004393,1,1,2307280001,집
f_f004393,1,2,2307280002,서울역 1호선
f_f004393,1,3,2307280003,부산역
f_f004393,1,4,2307280004,카페 마리 솔
f_f004393,1,5,2307280005,해동용궁사
f_f004393,1,6,2307280006,타짜 정병윤 셰프의 막국수
f_f004393,1,7,2307280007,동암
f_f004393,1,8,2307280008,더 뮤즈 호텔
f_f004393,2,1,2307290002,더 뮤즈 호텔
f_f004393,2,2,2307290003,해운대 블루라인파크 송정 정거장
f_f004393,2,3,2307290004,에이치 어스
f_f004393,2,4,2307290005,덕이 생선구이
f_f004393,2,5,2307290006,부산역
f_f004393,2,6,2307290007,집
f_f004395,1,1,2307110001,집
f_f004395,1,2,2307110003,잠실역 2호선
f_f004395,1,3,2307110004,춘천 시외버스터미널
f_f004395,1,4,2307110005,강릉 집
f_f004395,1,5,2307110006,애즈 애즈
f_f004395,1,6,2307110007,약사천 수변공원
f_f004395,1,7,2307110008,호텔 올레
f_f004395,1,8,2307110009,롯데마트 춘천점
f_f004395,1,9,2307110010,호텔 올레
f_f004395,2,1,2307120001,공지천
f_f004395,2,2,2307120002,춘천 시외버스터미널
f_f004395,2,3,2307120003,잠실역 2호선
f_f004396,1,1,2307150001,집
f_f004396,1,2,2307150002,문 막아 휴게소
f_f004396,1,3,2307150006,시월 오일
f_f004396,1,4,2307150003,등대 수산
f_f004396,1,5,2307150004,소돌해변
f_f004396,1,6,2307150005,아들바위공원
f_f004396,1,7,2307150007,민자 수산
f_f004396,1,8,2307150008,시월 오일
f_f004396,2,1,2307160001,초당 훈유 순두부 짬뽕
f_f004396,2,2,2307160002,스타벅스 강릉강문해변점
f_f004396,2,3,2307160003,강문해변
f_f004396,2,4,2307160004,집
f_f004415,1,1,2307140001,집
f_f004415,1,2,2307140002,경포호
f_f004415,1,3,2307140003,주문진 수산시장
f_f004415,1,4,2307140005,라라 그릴 하우스
f_f004415,2,1,2307150001,카페 로그
f_f004415,2,2,2307150002,봄날은 간다
f_f004415,2,3,2307150003,하조대 전망대
f_f004415,2,4,2307150004,오죽헌
f_f004415,2,5,2307150005,집
f_f004420,1,1,2307130001,집
f_f004420,1,2,2307130003,멍텅구리
f_f004420,1,3,2307130006,구봉산 전망대 카페거리
f_f004420,1,4,2307130004,산토리니
f_f004420,1,5,2307130005,라운지 5
f_f004420,1,6,2307130002,이상인 미술관 스테이
f_f004420,2,1,2307140006,라운지 5
f_f004420,2,2,2307140001,이상인 미술관 도자공방
f_f004420,2,3,2307140002,이상원 미술관
f_f004420,2,4,2307140007,이상인 미술관 카페 1
f_f004420,2,5,2307140003,전통 순두부 닭갈비
f_f004420,2,6,2307140004,스타벅스 남이섬점
f_f004420,2,7,2307140005,집
f_f004421,1,1,2307150007,집
f_f004421,1,2,2307150001,동서울 종합터미널
f_f004421,1,3,2307150002,낙동강의 성 휴게소 환승정류소(하행)
f_f004421,1,4,2307150005,롯데 꿈동산 공중 관람차
f_f004421,1,5,2307150004,울산 시외버스터미널 주차장 쏘카
f_f004421,1,6,2307150003,울산 시외버스터미널
f_f004421,1,7,2307150006,부산 빨간 어묵 포차 이마트
f_f004421,1,8,2307150008,이마트 울산점
f_f004421,1,9,2307150009,청기와 민박
f_f004421,1,10,2307150010,주전몽돌해변
f_f004421,1,11,2307150011,청기와 민박
f_f004421,2,1,2307160001,친구 집
f_f004421,2,2,2307160002,고집 센 그 집 갈비탕 울산 본점
f_f004421,2,3,2307160003,이디야커피 울산남 몽점
f_f004421,2,4,2307160004,울산 시외버스터미널 주차장
f_f004421,2,5,2307160005,울산 시외버스터미널
f_f004421,2,6,2307160006,낙동강 구미 휴게소 상주방향
f_f004421,2,7,2307160007,동서울 종합터미널
f_f004421,2,8,2307160008,집
f_f004423,1,1,2307140001,집
f_f004423,1,2,2307140002,동해역
f_f004423,1,3,2307140003,쏠비치 삼척
f_f004423,1,4,2307140005,한올 오징어 보쌈 국수
f_f004423,1,5,2307140006,추암 촛대바위
f_f004423,1,6,2307140007,12월 22일
f_f004423,1,7,2307140008,이사 부상자 공원
f_f004423,1,8,2307140009,쏠비치 삼척
f_f004423,1,9,2307140010,일 미담
f_f004423,1,10,2307140004,쏠비치 삼척
f_f004423,2,1,2307150001,쏠비치 삼척 쉐프스키친
f_f004423,2,2,2307150002,쏠비치 삼척 오션 플레이
f_f004423,2,3,2307150003,황정숙 막국수
f_f004423,2,4,2307150004,동해역
f_f004423,2,5,2307150005,산본역 4호선
f_f004428,1,1,2307220001,집
f_f004428,1,2,2307220002,서울역
f_f004428,1,3,2307220003,강릉역
f_f004428,1,4,2307220004,강릉역옹막
f_f004428,1,5,2307220005,테레인바이더블류펜션
f_f004428,1,6,2307220006,경포호
f_f004428,1,7,2307220007,경포해수욕장
f_f004428,1,8,2307220008,테레인바이더블류펜션
f_f004428,1,9,2307220009,안목 해변
f_f004428,1,10,2307220010,미트 컬처
f_f004428,1,11,2307220011,강릉 남대천
f_f004428,1,12,2307220012,안목 해변
f_f004428,1,13,2307220013,라라의 안목
f_f004428,1,14,2307220014,안목 해변
f_f004428,1,15,2307220015,테레인바이더블류펜션
f_f004428,2,1,2307230001,차연희 순두부 청국장
f_f004428,2,2,2307230002,허스크밀
f_f004428,2,3,2307230003,런닝맨 강릉점
f_f004428,2,4,2307230004,강릉역
f_f004428,2,5,2307230005,집
f_f004430,1,1,2307160001,집
f_f004430,1,2,2307160002,하늘농장
f_f004430,1,3,2307160003,롯데 워터파크
f_f004430,1,4,2307160004,집
f_f004440,1,1,2308050001,집
f_f004440,1,2,2308050003,포항터미널
f_f004440,1,3,2308050007,아임 파인
f_f004440,1,4,2308050005,아쿠아 베이
f_f004440,1,5,2308050004,홈플러스 포항점
f_f004440,1,6,2308050006,송도 솔밭 도시숲
f_f004440,1,7,2308050009,아쿠아 베이
f_f004440,1,8,2308050008,GS25 포항 오션점
f_f004440,1,9,2308050010,포항 송도 해수욕장
f_f004440,1,10,2308050002,아쿠아 베이
f_f004440,2,1,2308060002,아쿠아 베이
f_f004440,2,2,2308060001,포항함체험관
f_f004440,2,3,2308060004,죽도 시장
f_f004440,2,4,2308060005,포항터미널
f_f004440,2,5,2308060006,스타벅스 동대구 터미널점
f_f004440,2,6,2308060003,집
f_f004441,1,1,2308010001,집
f_f004441,1,2,2308010004,군위 영천 휴게소 영천 방향
f_f004441,1,3,2308010003,캘리포니아비치
f_f004441,1,4,2308010006,호텔 라쿠르
f_f004441,1,5,2308010005,우마왕 본점
f_f004441,1,6,2308010007,첨성대
f_f004441,1,7,2308010008,동궁과 월지
f_f004441,1,8,2308010009,동천
f_f004441,1,9,2308010002,호텔 라쿠르
f_f004441,2,1,2308020002,경주 문무대왕릉
f_f004441,2,2,2308020003,감포해수욕장
f_f004441,2,3,2308020004,시즈닝
f_f004441,2,4,2308020005,동천
f_f004441,2,5,2308020001,집
f_f004448,1,1,2308110001,집
f_f004448,1,2,2308110002,성주 뷰 펜션
f_f004448,2,1,2308120002,금수문화 예술마을
f_f004448,2,2,2308120003,촌두부 집
f_f004448,2,3,2308120001,집
f_f004449,1,1,2307140001,집
f_f004449,1,2,2307140003,그린비 서생점
f_f004449,1,3,2307140004,나사리 쌀국수
f_f004449,1,4,2307140005,간절곶
f_f004449,1,5,2307140006,진하해수욕장
f_f004449,1,6,2307140002,집
f_f004453,1,1,2307230001,집
f_f004453,1,2,2307230002,착한 대게
f_f004453,1,3,2307230003,영덕 신재생에너지 전시관
f_f004453,1,4,2307230004,보움
f_f004453,1,5,2307230005,삼사해상공원
f_f004453,1,6,2307230006,집
f_f004461,1,1,2307140001,집
f_f004461,1,2,2307140003,올림픽공원 역 9호선
f_f004461,1,3,2307140004,GS칼텍스 (주) 황산 주유소
f_f004461,1,4,2307140005,남경 막국수
f_f004461,1,5,2307140006,모녀 가리비
f_f004461,1,6,2307140007,하조대해수욕장
f_f004461,1,7,2307140008,예쁘다 하조대
f_f004461,1,8,2307140009,탄비치 레이 버스 서핑
f_f004461,1,9,2307140002,소소한 이야기
f_f004461,2,1,2307150002,강릉유환식당
f_f004461,2,2,2307150003,오죽헌
f_f004461,2,3,2307150004,갤러리 밥스
f_f004461,2,4,2307150005,강릉 중앙시장
f_f004461,2,5,2307150006,왕십리 야채곱창
f_f004461,2,6,2307150001,집
f_f004462,1,1,2307290001,집
f_f004462,1,2,2307290003,둔내농협 하나로마트 본점
f_f004462,1,3,2307290004,봉평 전통시장
f_f004462,1,4,2307290002,흥정 스케치 펜션
f_f004462,2,1,2307300002,피닉스 찜질방
f_f004462,2,2,2307300003,언덕 위에 장독대
f_f004462,2,3,2307300004,카페 141
f_f004462,2,4,2307300005,둔내역
f_f004462,2,5,2307300006,맥주 아비 망우역점
f_f004462,2,6,2307300007,인천국제공항
f_f004462,2,7,2307300001,집
f_f004464,1,1,2307150001,집
f_f004464,1,2,2307150003,레고랜드 코리아리조트 시티 레스토랑
f_f004464,1,3,2307150004,레고랜드 코리아리조트 레고 시티
f_f004464,1,4,2307150002,레고랜드 코리아리조트 레고랜드호텔
f_f004464,2,1,2307160001,레고랜드 코리아리조트 수영장
f_f004464,2,2,2307160002,레고랜드 코리아리조트 레고랜드 전망대
f_f004464,2,3,2307160004,시골 순댓국
f_f004464,2,4,2307160005,레고랜드 코리아리조트 시티 레스토랑
f_f004464,2,5,2307160003,집
f_f004465,1,1,2307160001,집
f_f004465,1,2,2307160003,롯데 프리미엄 아웃렛 동부산점
f_f004465,1,3,2307160002,마티에오시리아호텔
f_f004465,2,1,2307170002,오버랩
f_f004465,2,2,2307170004,Mobydic market
f_f004465,2,3,2307170003,이 터널 저니
f_f004465,2,4,2307170001,창원 메트로시티 석전 아파트
f_f004466,1,1,2308050001,사무실
f_f004466,1,2,2308050002,사천 시외버스터미널
f_f004466,1,3,2308050003,부산 서부버스터미널
f_f004466,1,4,2308050005,세라젬 웹 카페 센텀 직영점
f_f004466,1,5,2308050004,오소리 순대
f_f004466,1,6,2308050006,신세계백화점 센텀시티점
f_f004466,1,7,2308050007,광안리해수욕장
f_f004466,1,8,2308050008,광안리 피시
f_f004466,1,9,2308050009,광안리해수욕장
f_f004466,1,10,2308050010,아르반시티호텔
f_f004466,2,1,2308060002,연일 전통시장
f_f004466,2,2,2308060003,고메 밀면
f_f004466,2,3,2308060004,우차 본점
f_f004466,2,4,2308060005,부산 서부버스터미널
f_f004466,2,5,2308060006,사천 시외버스터미널
f_f004466,2,6,2308060001,토성 아파트
f_f004471,1,1,2307150001,집
f_f004471,1,2,2307150002,서울역
f_f004471,1,3,2307150003,울산역
f_f004471,1,4,2307150004,태화강 국가 정원
f_f004471,1,5,2307150005,조민석의 청년 갈비 황금 면 옥 태화강 국가 정원점
f_f004471,1,6,2307150006,넘버 25 울산 번영로점
f_f004471,1,7,2307150007,태화강 국가 정원
f_f004471,1,8,2307150009,넘버 25 울산 번영로점
f_f004471,2,1,2307160001,가지 산 언양불고기
f_f004471,2,2,2307160002,울산역
f_f004471,2,3,2307160003,서울역
f_f004471,2,4,2307160004,집
f_f004484,1,1,2307170001,사무실
f_f004484,1,2,2307170002,브룩스 플럭스 호텔
f_f004484,1,3,2307170003,브룩스 플럭스 호텔 수영장
f_f004484,1,4,2307170004,브룩스 플럭스 호텔 루프탑
f_f004484,1,5,2307170005,브룩스 플럭스 호텔
f_f004484,2,1,2307180001,주상절리 조망 타워
f_f004484,2,2,2307180002,기와집 해물칼국수
f_f004484,2,3,2307180003,이화 한 라동 아파트
f_f004488,1,1,2307150001,집
f_f004488,1,2,2307150002,베스트일 타운
f_f004488,1,3,2307150003,사천진 해변
f_f004488,1,4,2307150004,히든 서프
f_f004488,1,5,2307150005,사천진 바위섬
f_f004488,1,6,2307150006,강릉역 주차장
f_f004488,1,7,2307150007,주문진 수산시장
f_f004488,1,8,2307150008,주문진해변
f_f004488,1,9,2307150009,나무집 2
f_f004488,2,1,2307160001,명가 네 손칼국수
f_f004488,2,2,2307160002,테라로사 경포호수점
f_f004488,2,3,2307160003,갤러리 밥스
f_f004488,2,4,2307160004,허스크밀
f_f004488,2,5,2307160005,집
f_f004489,1,1,2307150001,집
f_f004489,1,2,2307150002,서울역
f_f004489,1,3,2307150003,신경주역
f_f004489,1,4,2307150004,기와 메밀막국수
f_f004489,1,5,2307150005,언바운디 경주
f_f004489,1,6,2307150006,대산도예체험장
f_f004489,1,7,2307150007,첨성대
f_f004489,1,8,2307150008,고도리
f_f004489,1,9,2307150009,셔터
f_f004489,1,10,2307150010,언바운디 경주
f_f004489,2,1,2307160001,일품 곰탕
f_f004489,2,2,2307160002,황련단길
f_f004489,2,3,2307160003,교촌마을
f_f004489,2,4,2307160004,경주 동궁원
f_f004489,2,5,2307160005,기와 메밀막국수
f_f004489,2,6,2307160006,어마 무시
f_f004489,2,7,2307160007,신경주역
f_f004489,2,8,2307160008,서울역
f_f004489,2,9,2307160009,집
f_f004498,1,1,2307140001,집
f_f004498,1,2,2307140002,인천종합터미널
f_f004498,1,3,2307140003,영월 버스터미널
f_f004498,1,4,2307140004,영월역 주차장
f_f004498,1,5,2307140005,평창영월정선축협 하나로마트 영월점
f_f004498,1,6,2307140006,영월 드론 전용 비행시험장
f_f004498,1,7,2307140007,핑크문
f_f004498,2,1,2307150001,고씨동굴 주차장
f_f004498,2,2,2307150002,영월역 주차장
f_f004498,2,3,2307150003,동강 다슬기 영월 본점
f_f004498,2,4,2307150004,영월 소금빵
f_f004498,2,5,2307150005,영월 버스터미널
f_f004498,2,6,2307150007,인천종합터미널
f_f004498,2,7,2307150006,집
f_f004506,1,1,2307290001,집
f_f004506,1,2,2307290004,대구수목원
f_f004506,1,3,2307290005,서문시장
f_f004506,1,4,2307290006,더 현대 대구
f_f004506,1,5,2307290007,김광석 다시 그리기 길
f_f004506,1,6,2307290008,어쩌지막창 황금점
f_f004506,1,7,2307290009,스타벅스 대구 수성 호수 R 점
f_f004506,1,8,2307290002,아리아나호텔
f_f004506,2,1,2307300002,대구미술관
f_f004506,2,2,2307300003,낙영 찜 갈비 본점
f_f004506,2,3,2307300004,대봉정
f_f004506,2,4,2307300001,집
f_f004510,1,1,2307290001,집
f_f004510,1,2,2307290003,양평 휴게소 원주 방향
f_f004510,1,3,2307290004,평창영월정선축협 하나로마트 영월점
f_f004510,1,4,2307290002,선돌 흙집 펜션
f_f004510,2,1,2307300001,다슬기 한마당
f_f004510,2,2,2307300002,세심 다원
f_f004510,2,3,2307300003,한반도 뗏목마을
f_f004510,2,4,2307300004,카카오풋앤바디 화정점
f_f004510,2,5,2307300005,파파이스 화정역점
f_f004510,2,6,2307300006,집
f_f004513,1,1,2307280001,집
f_f004513,1,2,2307280002,월정교
f_f004513,1,3,2307280003,보문 프러포즈 펜션
f_f004513,1,4,2307280004,경주 꽃빵
f_f004513,1,5,2307280005,경주동
f_f004513,1,6,2307280006,카페와 하이 황리단길점
f_f004513,1,7,2307280007,동궁과 월지
f_f004513,1,8,2307280008,보노
f_f004513,1,9,2307280009,보문 프러포즈 펜션
f_f004513,2,1,2307290001,조가네 떡갈비 쌈밥
f_f004513,2,2,2307290002,씨네 Q 경주 보문
f_f004513,2,3,2307290004,동궁과 월지
f_f004513,2,4,2307290003,황남 갈비
f_f004513,2,5,2307290005,스쿠터
f_f004513,2,6,2307290006,국보 31호
f_f004513,2,7,2307290007,황남 샌드
f_f004513,2,8,2307290008,집
f_f004515,1,1,2307140001,집
f_f004515,1,2,2307140003,블루 원 워터파크
f_f004515,1,3,2307140004,두끼 떡볶이 울산 송정점
f_f004515,1,4,2307140002,집
f_f004516,1,1,2307150001,집
f_f004516,1,2,2307150002,가평휴게소 춘천 방향
f_f004516,1,3,2307150003,비발디파크 오션월드
f_f004516,1,4,2307150004,서호천 농협 하나로마트 두미 지점
f_f004516,1,5,2307150005,위드에 펜션
f_f004516,2,1,2307160001,팔봉산관광지
f_f004516,2,2,2307160002,느티나무
f_f004516,2,3,2307160003,집
f_f004518,1,1,2307150001,집
f_f004518,1,2,2307150003,장호항
f_f004518,1,3,2307150004,어달해변
f_f004518,1,4,2307150002,휘게 51
f_f004518,2,1,2307160002,동해 제빵소
f_f004518,2,2,2307160003,원조 전주 콩나물국밥
f_f004518,2,3,2307160004,망상 해변
f_f004518,2,4,2307160001,집
f_f004519,1,1,2307140001,집
f_f004519,1,2,2307140003,청도 새마을 휴게소 주유소 대구방향
f_f004519,1,3,2307140004,범어 쌍용예가 아파트
f_f004519,1,4,2307140005,스타벅스 대구 종로 고택점
f_f004519,1,5,2307140006,곱빼기 식당
f_f004519,1,6,2307140007,친구 방문
f_f004519,1,7,2307140008,퍼스트 헤어
f_f004519,1,8,2307140009,라봉봉제과점
f_f004519,1,9,2307140010,혜안 플레이스
f_f004519,1,10,2307140002,집
f_f004522,1,1,2307210001,사무실
f_f004522,1,2,2307210002,GS25 신금호역점
f_f004522,1,3,2307210003,e 편한 세상 금호 파크 힐스 아파트
f_f004522,1,4,2307210004,충주휴게소 주유소 창원방향
f_f004522,1,5,2307210005,GS25 경주백률점
f_f004522,1,6,2307210006,크림 호텔
f_f004522,2,1,2307220001,동천 떡집
f_f004522,2,2,2307220002,다솜 디자인
f_f004522,2,3,2307220003,국립경주박물관
f_f004522,2,4,2307220004,대릉원
f_f004522,2,5,2307220005,황남쫀드기 대릉원점
f_f004522,2,6,2307220006,물참 면옥
f_f004522,2,7,2307220007,더 숍 부평 센트럴시티 아파트
f_f004523,1,1,2307230001,집
f_f004523,1,2,2307230002,횡성휴게소 강릉방향
f_f004523,1,3,2307230003,대관령 양떼목장
f_f004523,1,4,2307230004,뮤지엄 산
f_f004523,1,5,2307230006,스톤 크릭
f_f004523,1,6,2307230007,Casa906
f_f004523,1,7,2307230008,잭 아저씨 족발보쌈 단구점
f_f004523,1,8,2307230005,구곡 청솔 2차 아파트
f_f004523,2,1,2307240002,Casa906
f_f004523,2,2,2307240003,원주 자유시장
f_f004523,2,3,2307240004,사운드 오브 사일런스
f_f004523,2,4,2307240005,경기 광주 휴게소 경기도 광주방향
f_f004523,2,5,2307240001,집
f_f004524,1,1,2307150001,집
f_f004524,1,2,2307150002,성진 횟집
f_f004524,1,3,2307150003,죽도 시장
f_f004524,1,4,2307150004,시크릿 파크 스파 펜션
f_f004524,2,1,2307160001,어레인지먼트
f_f004524,2,2,2307160002,청통휴게소 대구방향
f_f004524,2,3,2307160003,집
f_f004526,1,1,2308030001,집
f_f004526,1,2,2308030002,부모님 집 부모님 동생 픽업
f_f004526,1,3,2308030003,덕평자연휴게소 강릉방향
f_f004526,1,4,2308030005,임계 막국수
f_f004526,1,5,2308030006,백두대간 생태수목원
f_f004526,1,6,2308030007,백두대간 생태수목원
f_f004526,1,7,2308030004,백두대간 생태수목원
f_f004526,2,1,2308040002,소나무집 초당순두부
f_f004526,2,2,2308040003,안목 해변
f_f004526,2,3,2308040004,강릉 중앙시장
f_f004526,2,4,2308040005,강릉 대관령휴게소 인천방향
f_f004526,2,5,2308040006,용인휴게소 서창방향
f_f004526,2,6,2308040007,신선설렁탕 작전점
f_f004526,2,7,2308040008,부모님 드롭
f_f004526,2,8,2308040001,집
f_f004533,1,1,2308010001,집
f_f004533,1,2,2308010002,현대자동차 블루핸즈 문막점
f_f004533,1,3,2308010003,남애 3리 해변
f_f004533,1,4,2308010005,켄싱턴호텔 평창
f_f004533,2,1,2308020001,진고개 식당
f_f004533,2,2,2308020002,오대산국립공원
f_f004533,2,3,2308020003,집
f_f004534,1,1,2307250004,집
f_f004534,1,2,2307250001,동명휴게소 부산방향
f_f004534,1,3,2307250002,스파밸리
f_f004534,1,4,2307250003,홍 위원 가창점
f_f004534,1,5,2307250005,집
f_f004535,1,1,2307160001,집
f_f004535,1,2,2307160003,kk 중앙 2주유소
f_f004535,1,3,2307160004,이케아 동부산점
f_f004535,1,4,2307160005,마티에오시리아호텔
f_f004535,1,5,2307160006,기장시장
f_f004535,1,6,2307160002,마티에오시리아호텔
f_f004535,2,1,2307170001,해피 베이글 데이
f_f004535,2,2,2307170002,해동용궁사
f_f004535,2,3,2307170003,오직 전복죽 기장 끝 집
f_f004535,2,4,2307170004,오프 오
f_f004535,2,5,2307170005,죽성 드림세트장
f_f004535,2,6,2307170006,청도 새마을 휴게소 주유소 대구방향
f_f004535,2,7,2307170007,호랑이 장칼국수
f_f004535,2,8,2307170008,집
f_f004538,1,1,2307140001,집
f_f004538,1,2,2307140002,봄내
f_f004538,1,3,2307140003,율하 유적공원
f_f004538,1,4,2307140004,율하 유적전시관
f_f004538,1,5,2307140005,스타벅스 김해율하점
f_f004538,1,6,2307140006,집
f_f004556,1,1,2307290001,집
f_f004556,1,2,2307290003,고 망고 광안리점
f_f004556,1,3,2307290002,밀란 더 마켓
f_f004556,1,4,2307290004,톤쇼우 광안점
f_f004556,1,5,2307290005,플립사이드 마켓
f_f004556,1,6,2307290007,콩 카페 광안리점
f_f004556,1,7,2307290008,광안리해수욕장
f_f004556,1,8,2307290009,벡스코
f_f004556,1,9,2307290006,집
f_f004557,1,1,2307150001,집
f_f004557,1,2,2307150002,대전복합터미널
f_f004557,1,3,2307150003,강릉 시외버스터미널
f_f004557,1,4,2307150005,권인숙 고성 생선찜
f_f004557,1,5,2307150004,강릉역
f_f004557,1,6,2307150006,테라로사 커피공장 강릉 본점
f_f004557,1,7,2307150007,롤리서 프
f_f004557,1,8,2307150008,경포야 참숯 화로구이
f_f004557,1,9,2307150009,경포호
f_f004557,1,10,2307150011,컨 피네스 오션 스위트
f_f004557,2,1,2307160001,컨 피네스 오션 스위트
f_f004557,2,2,2307160003,제주 해안 물회
f_f004557,2,3,2307160004,바우 카페 본점
f_f004557,2,4,2307160005,순두부 젤라또 1호점
f_f004557,2,5,2307160006,강릉 시외버스터미널
f_f004557,2,6,2307160007,대전복합터미널
f_f004557,2,7,2307160002,집
f_f004558,1,1,2307260001,친구 친지 집
f_f004558,1,2,2307260002,역전 가락국수 41 평택역점
f_f004558,1,3,2307260003,던킨 평택 민자 역사점
f_f004558,1,4,2307260004,CU 평택 애경역사점
f_f004558,1,5,2307260005,신창 국밥 부산역점
f_f004558,1,6,2307260006,서면 미술관
f_f004558,1,7,2307260007,콩 카페 부산 서면점
f_f004558,1,8,2307260008,핑크 인 더 박스
f_f004558,1,9,2307260009,해링턴 하우스
f_f004558,1,10,2307260010,씨라 이르 부산아쿠아리움
f_f004558,1,11,2307260011,해운대해수욕장
f_f004558,1,12,2307260012,민락 회 타운 시장
f_f004558,1,13,2307260013,CU 광안 디오션점
f_f004558,1,14,2307260014,해링턴 타워 광안 디오션 오피스텔
f_f004558,1,15,2307260015,광안리해수욕장
f_f004558,1,16,2307260016,해링턴 타워 광안 디오션 오피스텔
f_f004558,2,1,2307270001,해운대 블루라인파크 미포 정거장
f_f004558,2,2,2307270002,카페 곰
f_f004558,2,3,2307270003,류센소 본점
f_f004558,2,4,2307270004,해운대역 부산 2호선
f_f004558,2,5,2307270005,부산역
f_f004558,2,6,2307270006,덮밥 좋은 날
f_f004558,2,7,2307270007,미양면 개정에 길 111-7
f_f004561,1,1,2307220001,집
f_f004561,1,2,2307220002,중앙 찜닭
f_f004561,1,3,2307220005,한옥스테이 마루
f_f004561,1,4,2307220003,안동문화의 거리
f_f004561,1,5,2307220004,안동 하회마을
f_f004561,1,6,2307220006,말콤 버거
f_f004561,1,7,2307220007,문보트
f_f004561,1,8,2307220008,한옥스테이 마루
f_f004561,2,1,2307230001,일직 식당
f_f004561,2,2,2307230002,만휴정
f_f004561,2,3,2307230003,묵계서원
f_f004561,2,4,2307230004,집
f_f004562,1,1,2307290001,사무실
f_f004562,1,2,2307290002,토요코인 대구 동성로점
f_f004562,1,3,2307290003,걸리버 막창 동성로 직영점
f_f004562,1,4,2307290004,코인노래방 동성로
f_f004562,1,5,2307290005,봉구 비어 대구 종로점
f_f004562,1,6,2307290006,토요코인 대구 동성로점
f_f004562,2,1,2307300001,토요코인 대구 동성로점
f_f004562,2,2,2307300002,대구 백화점 대백플라자점
f_f004562,2,3,2307300003,수성 삼성 정형외과의원
f_f004562,2,4,2307300004,서문시장
f_f004562,2,5,2307300005,청춘 다 꽈배기 팔공산점
f_f004562,2,6,2307300006,초이스엠
f_f004562,2,7,2307300007,칠곡중학교
f_f004562,2,8,2307300008,수성못
f_f004562,2,9,2307300009,연산 제이파크
f_f004569,1,1,2307150001,집
f_f004569,1,2,2307150003,동부 3주유소 세차 광택
f_f004569,1,3,2307150004,봄내
f_f004569,1,4,2307150005,헤이븐
f_f004569,1,5,2307150006,분성산 봉수대
f_f004569,1,6,2307150007,국수가
f_f004569,1,7,2307150002,집
f_f004572,1,1,2307150001,집
f_f004572,1,2,2307150002,K-water 합천댐 물 문화관
f_f004572,1,3,2307150003,황매산 오토캠핑장 제1캠핑장
f_f004572,1,4,2307150004,인얼스커피
f_f004572,1,5,2307150005,황매산 억새 군락지
f_f004572,1,6,2307150006,집
f_f004577,1,1,2307150001,집
f_f004577,1,2,2307150002,안동 중앙 신시장
f_f004577,1,3,2307150003,우즈 베이커리 안동점
f_f004577,1,4,2307150004,조광 실내 칼국숫집
f_f004577,1,5,2307150005,이마트 안동점
f_f004577,1,6,2307150006,집
f_f004578,1,1,2307150001,집
f_f004578,1,2,2307150002,오송역
f_f004578,1,3,2307150003,부산역
f_f004578,1,4,2307150004,토요코인 호텔 부산중앙역점
f_f004578,1,5,2307150005,옥 당분식
f_f004578,1,6,2307150006,디저트 39 부산 사직운동장점
f_f004578,1,7,2307150007,부산 사직종합운동장 사직야구장
f_f004578,1,8,2307150009,토요코인 호텔 부산중앙역점
f_f004578,2,1,2307160002,도라 볼
f_f004578,2,2,2307160003,CRR 3호점
f_f004578,2,3,2307160004,별꽃 상점 2호점
f_f004578,2,4,2307160005,유동 커피
f_f004578,2,5,2307160006,별 한 스푼
f_f004578,2,6,2307160007,포셋 전포점
f_f004578,2,7,2307160008,트윈에뚜왈
f_f004578,2,8,2307160009,마가린 상점
f_f004578,2,9,2307160011,광안리해수욕장
f_f004578,2,10,2307160010,스타벅스 남천점
f_f004578,2,11,2307160012,영진 돼지국밥 경성 부경점
f_f004578,2,12,2307160014,삼진 어묵 부산역 광장점
f_f004578,2,13,2307160013,부산역
f_f004578,2,14,2307160015,오송역
f_f004578,2,15,2307160001,집
f_f004582,1,1,2307160001,집
f_f004582,1,2,2307160003,가평휴게소 춘천 방향
f_f004582,1,3,2307160004,청초수물회
f_f004582,1,4,2307160007,메리 고 라운드
f_f004582,1,5,2307160005,청초호
f_f004582,1,6,2307160006,대포항 난전 활어시장
f_f004582,1,7,2307160002,한화리조트 설악 쏘라노
f_f004582,2,1,2307170002,설악워터피아
f_f004582,2,2,2307170003,홍천 휴게소 서울 방향
f_f004582,2,3,2307170001,집
f_f004585,1,1,2307200001,집
f_f004585,1,2,2307200003,이와 국수 1호점
f_f004585,1,3,2307200005,안목 해변
f_f004585,1,4,2307200004,주문진해변
f_f004585,1,5,2307200006,수긋해 변
f_f004585,1,6,2307200007,사근 긴 해변
f_f004585,1,7,2307200008,모자 호떡
f_f004585,1,8,2307200002,아카펠라 게스트하우스
f_f004585,2,1,2307210002,경포 생태 저류지
f_f004585,2,2,2307210003,경포가 지연 습지
f_f004585,2,3,2307210004,아르떼 뮤지엄 강릉
f_f004585,2,4,2307210006,강문해변
f_f004585,2,5,2307210005,카페에이
f_f004585,2,6,2307210007,강릉 월화 거리
f_f004585,2,7,2307210001,집
f_f004588,1,1,2307160001,집
f_f004588,1,2,2307160003,서피 비치
f_f004588,1,3,2307160004,쏠비치 양양
f_f004588,1,4,2307160005,장산리 막국수
f_f004588,1,5,2307160006,정암해변
f_f004588,1,6,2307160007,YOUTOO 카페
f_f004588,1,7,2307160008,속초 아이
f_f004588,1,8,2307160009,청호 활어회센터
f_f004588,1,9,2307160002,쏠비치 양양
f_f004588,2,1,2307170001,쏠비치 양양 셰프스키친
f_f004588,2,2,2307170002,낙산사
f_f004588,2,3,2307170004,솔티 캐빈
f_f004588,2,4,2307170005,신세계 프리미엄 아웃렛 여주
f_f004588,2,5,2307170003,집
f_f004590,1,1,2307220001,집
f_f004590,1,2,2307220002,양평 휴게 주유소 원주 방향
f_f004590,1,3,2307220003,봉바위돌집캥핑장
f_f004590,2,1,2307230001,카페 이야기 담
f_f004590,2,2,2307230002,섬강 막국수
f_f004590,2,3,2307230003,뮤지엄 산
f_f004590,2,4,2307230004,집
f_f004593,1,1,2307220001,집
f_f004593,1,2,2307220002,횡성 루지 체험장
f_f004593,1,3,2307220003,두부 마당
f_f004593,1,4,2307220004,국립 횡성 숲체원
f_f004593,2,1,2307230001,횡성문화 관광센터(횡성한우 체험관)
f_f004593,2,2,2307230002,한밭 식당
f_f004593,2,3,2307230003,집
f_f004607,1,1,2307300001,집
f_f004607,1,2,2307300002,신경주역
f_f004607,1,3,2307300003,다인 매운 등갈비찜
f_f004607,1,4,2307300004,첨성대
f_f004607,1,5,2307300005,녹아
f_f004607,1,6,2307300006,황련단길
f_f004607,1,7,2307300007,블루 보트 호스텔 경주
f_f004607,1,8,2307300008,경주 중앙시장
f_f004607,1,9,2307300009,블루 보트 호스텔 경주
f_f004607,2,1,2307310001,경주월드
f_f004607,2,2,2307310002,고향 밀면
f_f004607,2,3,2307310003,황련단길
f_f004607,2,4,2307310004,신경주역
f_f004607,2,5,2307310005,광명역
f_f004607,2,6,2307310006,집
f_f004608,1,1,2307160001,집
f_f004608,1,2,2307160002,강릉역
f_f004608,1,3,2307160003,까치 칼국수
f_f004608,1,4,2307160004,시만 차
f_f004608,1,5,2307160005,레드망치
f_f004608,1,6,2307160006,리도 커피
f_f004608,1,7,2307160007,강릉 월화 거리
f_f004608,1,8,2307160008,안목 해변
f_f004608,1,9,2307160009,강릉 중앙시장
f_f004608,1,10,2307160010,여고시절 카레 떡볶이
f_f004608,1,11,2307160011,관음 1리
f_f004608,2,1,2307170001,오월에 초당
f_f004608,2,2,2307170002,경포호
f_f004608,2,3,2307170003,강문해변
f_f004608,2,4,2307170004,롱 블랙
f_f004608,2,5,2307170005,원더 스카이
f_f004608,2,6,2307170006,강릉역
f_f004608,2,7,2307170007,집
f_f004621,1,1,2307220001,집
f_f004621,1,2,2307220003,진주성
f_f004621,1,3,2307220004,리베리 브라더스
f_f004621,1,4,2307220005,진주냉면 산홍 본점
f_f004621,1,5,2307220002,집
f_f004628,1,1,2307220001,집
f_f004628,1,2,2307220003,옥산서원
f_f004628,1,3,2307220004,독락당
f_f004628,1,4,2307220005,옥산 세심마을
f_f004628,1,5,2307220006,낭만 커피
f_f004628,1,6,2307220007,시골밥상
f_f004628,1,7,2307220002,집
f_f004633,1,1,2308030001,집
f_f004633,1,2,2308030002,영화 리틀 포레스트 촬영지
f_f004633,1,3,2308030003,의성 조문국 박물관
f_f004633,1,4,2308030004,고운사
f_f004633,1,5,2308030005,사촌 전통마을
f_f004633,1,6,2308030006,인사동
f_f004633,1,7,2308030007,원주 꼬꼬
f_f004633,1,8,2308030011,스위트호텔
f_f004633,2,1,2308040001,알통 떡 강정 경북 의성 점
f_f004633,2,2,2308040002,치산계곡
f_f004633,2,3,2308040003,집
f_f004642,1,1,2307230001,집
f_f004642,1,2,2307230002,횡성휴게소 강릉방향
f_f004642,1,3,2307230003,황태덕장
f_f004642,1,4,2307230004,용평리조트 용평 워터파크
f_f004642,1,5,2307230005,대관령 한우 실비식당
f_f004642,1,6,2307230007,미니스톱 용평 플라자점
f_f004642,1,7,2307230006,모나 용평리조트
f_f004642,2,1,2307240001,모나 용평리조트 하반
f_f004642,2,2,2307240002,발왕산 관광 케이블카
f_f004642,2,3,2307240003,안목 해변
f_f004642,2,4,2307240004,스타벅스 강릉 안목 항적
f_f004642,2,5,2307240005,집
f_f004645,1,1,2307240001,집
f_f004645,1,2,2307240002,집 다리 골 자연휴양림 지암계곡
f_f004645,1,3,2307240003,집 다리 골 자연휴양림
f_f004645,2,1,2307250001,레고랜드 코리아리조트
f_f004645,2,2,2307250002,춘천 산속에 닭갈비
f_f004645,2,3,2307250003,집
f_f004648,1,1,2307250001,집
f_f004648,1,2,2307250002,안동소주 전통음식 박물관
f_f004648,1,3,2307250003,산청 식당
f_f004648,1,4,2307250004,만휴정
f_f004648,1,5,2307250005,카페만 휴정
f_f004648,1,6,2307250006,보백당 종택 및 묵계서원
f_f004648,1,7,2307250007,유명 찜닭
f_f004648,1,8,2307250008,낙강 물길 공원
f_f004648,1,9,2307250009,월영교
f_f004648,1,10,2307250010,이마트 24 안동댐
f_f004648,1,11,2307250011,지산이고 택
f_f004648,2,1,2307260001,안동 하회마을
f_f004648,2,2,2307260002,병산서원
f_f004648,2,3,2307260003,병산 손 국수
f_f004648,2,4,2307260004,하회 세계 탈 박물관
f_f004648,2,5,2307260005,탈빙기
f_f004648,2,6,2307260006,집
f_f004649,1,1,2307290001,집
f_f004649,1,2,2307290002,통나무집 닭갈비
f_f004649,1,3,2307290003,카페 감자밭 본점
f_f004649,1,4,2307290004,집
f_f004650,1,1,2307200001,집
f_f004650,1,2,2307200002,삼 성현 역사 문화공원
f_f004650,1,3,2307200003,경산 동의한방촌 약선 웰빙 뷔페
f_f004650,1,4,2307200005,반곡리
f_f004650,1,5,2307200004,경산 동의한방촌 내 족욕체험장
f_f004650,1,6,2307200006,두 낫디 스타브 반곡 지점
f_f004650,1,7,2307200007,집
f_f004659,1,1,2307240001,집
f_f004659,1,2,2307240009,언니 집
f_f004659,1,3,2307240008,마산역
f_f004659,1,4,2307240003,동대구역
f_f004659,1,5,2307240004,신세계백화점 대구점
f_f004659,1,6,2307240005,스타벅스 대구 유통단지점
f_f004659,1,7,2307240006,인터불고 엑스코
f_f004659,1,8,2307240007,딱 좋아 막 창 본점
f_f004659,1,9,2307240002,인터불고 엑스코
f_f004659,2,1,2307250001,인터불고 엑스코호텔 내의 식당
f_f004659,2,2,2307250002,자라 Dongsungro
f_f004659,2,3,2307250003,리얼즈
f_f004659,2,4,2307250004,동대구역
f_f004659,2,5,2307250005,집
f_f004660,1,1,2308050001,집
f_f004660,1,2,2308050002,후정해수욕장
f_f004660,1,3,2308050003,대승 칼국수
f_f004660,1,4,2308050004,후정해수욕장 야영장
f_f004660,2,1,2308060001,흙 시루
f_f004660,2,2,2308060002,커피 루나
f_f004660,2,3,2308060003,성류굴
f_f004660,2,4,2308060004,파리 크루아상 천등산 주유소 평택 방향
f_f004660,2,5,2308060005,집
f_f004661,1,1,2307200002,집
f_f004661,1,2,2307200001,언양 기와집 불고기
f_f004661,1,3,2307200003,자수정 동굴나라
f_f004661,1,4,2307200004,신불산에 봄
f_f004661,1,5,2307200005,집
f_f004691,1,1,2307200001,집
f_f004691,1,2,2307200002,서울역
f_f004691,1,3,2307200003,포항역
f_f004691,1,4,2307200004,뚜르드퐝 속 호텔 게스트하우스
f_f004691,1,5,2307200005,해파랑솥밥
f_f004691,1,6,2307200006,호미곶
f_f004691,1,7,2307200007,구룡포 일본인 가옥거리
f_f004691,1,8,2307200008,까멜리아
f_f004691,1,9,2307200009,환여 횟집
f_f004691,1,10,2307200010,오브레멘
f_f004691,1,11,2307200011,영일대해수욕장
f_f004691,1,12,2307200012,뚜르드퐝 속 호텔 게스트하우스
f_f004691,2,1,2307210001,포항역
f_f004691,2,2,2307210002,환호공원 스페이스 워크
f_f004691,2,3,2307210003,로스터리 맨
f_f004691,2,4,2307210004,죽도 시장
f_f004691,2,5,2307210005,대화 식당
f_f004691,2,6,2307210006,시민제과
f_f004691,2,7,2307210007,포항 철길 숲
f_f004691,2,8,2307210008,포항역
f_f004691,2,9,2307210009,서울역
f_f004691,2,10,2307210010,집
f_f004694,1,1,2308050001,집
f_f004694,1,2,2308050002,경산역
f_f004694,1,3,2308050003,부산역
f_f004694,1,4,2308050004,광안리해수욕장
f_f004694,1,5,2308050005,디 에이블 광안점
f_f004694,1,6,2308050006,파스쿠찌 광안리점
f_f004694,1,7,2308050007,맥도날드 초읍 DT 점
f_f004694,1,8,2308050008,라라 호텔
f_f004694,1,9,2308050009,맛들이 포차
f_f004694,1,10,2308050010,포토 랩 플러스 서면점
f_f004694,1,11,2308050011,포차 끝판왕
f_f004694,1,12,2308050013,그루브
f_f004694,1,13,2308050012,제이 앤 제이슨
f_f004694,1,14,2308050014,제이 앤 제이슨
f_f004694,1,15,2308050015,제이 앤 제이슨
f_f004694,1,16,2308050016,라라 호텔
f_f004694,2,1,2308060001,더 리터 초읍점
f_f004694,2,2,2308060002,개미집 서면점
f_f004694,2,3,2308060003,동백 섬
f_f004694,2,4,2308060004,밀란 더 마켓
f_f004694,2,5,2308060005,코키 펍 광안리점
f_f004694,2,6,2308060006,포토 그레이 광안 해변점
f_f004694,2,7,2308060007,광안리해수욕장
f_f004694,2,8,2308060008,부산역
f_f004694,2,9,2308060009,경산역
f_f004694,2,10,2308060010,집
f_f004696,1,1,2307300001,집
f_f004696,1,2,2307300002,왕십리역 경의중앙선
f_f004696,1,3,2307300003,청량리역
f_f004696,1,4,2307300004,제천역
f_f004696,1,5,2307300005,주천 버스정류장
f_f004696,1,6,2307300006,영월 법흥사 적멸보궁
f_f004696,1,7,2307300007,주천 버스정류장
f_f004696,1,8,2307300008,마음의 약방
f_f004696,1,9,2307300009,젊은 달 와이 파크
f_f004696,1,10,2307300010,주천 버스정류장
f_f004696,1,11,2307300011,용천 막국수 본점
f_f004696,1,12,2307300012,제천역
f_f004696,1,13,2307300013,청량리역
f_f004696,1,14,2307300014,왕십리역 경의중앙선
f_f004696,1,15,2307300015,집
f_f004698,1,1,2308040001,집
f_f004698,1,2,2308040002,친지 집
f_f004698,1,3,2308040003,문막휴게소 강릉방향
f_f004698,1,4,2308040004,육백마지기
f_f004698,1,5,2308040005,운두령 횟집
f_f004698,1,6,2308040006,감자 창고
f_f004698,1,7,2308040007,알펜시아리조트
f_f004698,1,8,2308040008,알펜시아리조트
f_f004698,1,9,2308040009,BBQ 알펜시아리조트점
f_f004698,1,10,2308040010,알펜시아 노래연습장
f_f004698,1,11,2308040011,알펜시아리조트
f_f004698,2,1,2308050001,오대산 산채 1번가
f_f004698,2,2,2308050002,오대산 아침
f_f004698,2,3,2308050003,월정사
f_f004698,2,4,2308050004,카페 연월일
f_f004698,2,5,2308050005,덕평자연휴게소 인천방향
f_f004698,2,6,2308050006,동화마을 휴먼시아 3단지
f_f004698,2,7,2308050007,집
f_f004702,1,1,2307280001,집
f_f004702,1,2,2307280002,구미역
f_f004702,1,3,2307280003,도산 식육식당
f_f004702,1,4,2307280005,금오산 대혜폭포
f_f004702,1,5,2307280004,금오산 케이블카
f_f004702,1,6,2307280006,야은 역사체험관
f_f004702,1,7,2307280007,카페 메종
f_f004702,1,8,2307280008,금오산 올레길
f_f004702,1,9,2307280009,구미 성리학 역사관
f_f004702,1,10,2307280010,바로 그 집
f_f004702,1,11,2307280011,집
f_f004706,1,1,2307290001,집
f_f004706,1,2,2307290002,용문 휴게소
f_f004706,1,3,2307290003,홍천 찰옥수수축제
f_f004706,1,4,2307290004,홍천중앙시장
f_f004706,1,5,2307290005,집
f_f004709,1,1,2307270001,집
f_f004709,1,2,2307270002,배스킨라빈스 대구 옥포점
f_f004709,1,3,2307270005,구미역 후면 광장 지하주차장
f_f004709,1,4,2307270008,금리단길
f_f004709,1,5,2307270003,이지 피지
f_f004709,1,6,2307270004,러빙 룸
f_f004709,1,7,2307270006,책 봄
f_f004709,1,8,2307270007,배키우동
f_f004709,1,9,2307270009,어스 베이글
f_f004709,1,10,2307270011,꼬마또래 문구
f_f004709,1,11,2307270010,구미역
f_f004709,1,12,2307270013,구미역 후면 광장 지하주차장
f_f004709,1,13,2307270012,집
f_f004710,1,1,2307250001,집
f_f004710,1,2,2307250002,캠프 8
f_f004710,1,3,2307250003,집
f_f004715,1,1,2308020001,집
f_f004715,1,2,2308020002,수서역
f_f004715,1,3,2308020003,신경주역
f_f004715,1,4,2308020004,솔 솥 경주 황리 비단길점
f_f004715,1,5,2308020005,비화 커피
f_f004715,1,6,2308020008,경주월드
f_f004715,1,7,2308020010,동궁과 월지
f_f004715,1,8,2308020006,첨성대
f_f004715,1,9,2308020007,GS25 경주 첨 성대점
f_f004715,1,10,2308020009,풍뎅이 호스텔
f_f004715,2,1,2308030001,황남 비빔밥
f_f004715,2,2,2308030002,두 낫디 스타브 베이커스 경주
f_f004715,2,3,2308030003,그믐달 셀프스튜디오 황리단길점
f_f004715,2,4,2308030004,모노 맨션 황리단길점
f_f004715,2,5,2308030005,월정교
f_f004715,2,6,2308030006,베이글 베이 글러
f_f004715,2,7,2308030007,단서가 찰보리빵 경주 본점
f_f004715,2,8,2308030008,집
f_f004718,1,1,2307210001,집
f_f004718,1,2,2307210002,죽암휴게소 부산방향
f_f004718,1,3,2307210003,해운대 가야 밀면
f_f004718,1,4,2307210005,씨라 이르 부산아쿠아리움
f_f004718,1,5,2307210006,해운대해수욕장
f_f004718,1,6,2307210007,딤 타오
f_f004718,1,7,2307210008,센텀 프리미어 호텔
f_f004718,2,1,2307220001,동백 섬
f_f004718,2,2,2307220002,캥거루 포인트
f_f004718,2,3,2307220003,집
f_f004719,1,1,2307290001,집
f_f004719,1,2,2307290003,클럽 디 오아시스
f_f004719,1,3,2307290004,류센소 본점
f_f004719,1,4,2307290005,금송덕미 행리단길점
f_f004719,1,5,2307290006,해운대 영무 파라드 호텔
f_f004719,1,6,2307290007,수영만 요트경기장
f_f004719,1,7,2307290008,청우
f_f004719,1,8,2307290002,해운대 영무 파라드 호텔
f_f004719,2,1,2307300002,해운대 블루라인파크 미포 정거장
f_f004719,2,2,2307300003,오션 브리즈
f_f004719,2,3,2307300006,현대자동차 현대모터 스튜디오 부산
f_f004719,2,4,2307300004,해운대 블루라인파크 청사포 정거장
f_f004719,2,5,2307300005,수변 최고 돼지국밥 미포점
f_f004719,2,6,2307300007,송정동 핫도그 송정점
f_f004719,2,7,2307300001,집
f_f004729,1,1,2307220001,집
f_f004729,1,2,2307220002,이마트 24 대동초 정점
f_f004729,1,3,2307220003,대방 디엠 시티 오션 스퀘어
f_f004729,1,4,2307220004,롯데시네마 부산 명지
f_f004729,1,5,2307220005,마장동 김 씨 명지점
f_f004729,1,6,2307220006,트레이더스 홀세일 클럽 명지점
f_f004729,1,7,2307220007,집
f_f004732,1,1,2308030001,집
f_f004732,1,2,2308030002,동서울 종합터미널
f_f004732,1,3,2308030003,죽암휴게소 부산방향
f_f004732,1,4,2308030005,함양 시외버스터미널
f_f004732,1,5,2308030006,장충동 왕족발 함양점
f_f004732,1,6,2308030007,개평한옥마을
f_f004732,1,7,2308030008,솔송 주문 화관
f_f004732,1,8,2308030009,다모
f_f004732,1,9,2308030010,남계서원
f_f004732,1,10,2308030011,솥뚜껑 삼겹살
f_f004732,1,11,2308030004,별궁 모텔
f_f004732,2,1,2308040001,함양 대봉산 휴양밸리 대봉 스카이랜드
f_f004732,2,2,2308040002,함양 대봉산 휴양밸리 대봉 스카이랜드 대봉힐링관
f_f004732,2,3,2308040003,용추계곡
f_f004732,2,4,2308040004,거창박물관
f_f004732,2,5,2308040005,거창 버스터미널
f_f004732,2,6,2308040006,신탄진휴게소 서울 방향
f_f004732,2,7,2308040008,서울남부터미널
f_f004732,2,8,2308040007,집
f_f004742,1,1,2307290001,집
f_f004742,1,2,2307290003,여주 맛있는 휴게소 강릉방향
f_f004742,1,3,2307290004,강릉 대관령휴게소 강릉방향
f_f004742,1,4,2307290006,순두부 젤라또 4호점
f_f004742,1,5,2307290005,무릉 별유천지
f_f004742,1,6,2307290007,삼척해변
f_f004742,1,7,2307290008,뜰에 홍합밥
f_f004742,1,8,2307290009,용화 실크로드 펜션
f_f004742,1,9,2307290010,장호항
f_f004742,1,10,2307290011,삼척해변
f_f004742,1,11,2307290002,용화 실크로드 펜션
f_f004742,2,1,2307300002,새 천년해안 도로
f_f004742,2,2,2307300003,추암 촛대바위
f_f004742,2,3,2307300004,할리스 동해 촛대바위점
f_f004742,2,4,2307300005,삼척 보스 대게 본점
f_f004742,2,5,2307300006,삼척해변
f_f004742,2,6,2307300001,집
f_f004744,1,1,2307290001,친구 친지 집
f_f004744,1,2,2307290002,베스트 슬립 원주점
f_f004744,1,3,2307290003,마르코 제노 원주점
f_f004744,1,4,2307290004,원주 중앙시장
f_f004744,1,5,2307290005,원주 강원감영
f_f004744,1,6,2307290006,남자친구 집
f_f004746,1,1,2308010001,집
f_f004746,1,2,2308010002,회밀리떳다
f_f004746,1,3,2308010004,베스트웨스턴 플러스 경주
f_f004746,1,4,2308010005,알아 오삼불고기
f_f004746,1,5,2308010003,베스트웨스턴 플러스 경주
f_f004746,2,1,2308020001,감포 밀면
f_f004746,2,2,2308020002,송대말 등대 빛 체험 전시관
f_f004746,2,3,2308020003,키키리키
f_f004746,2,4,2308020005,동경주 농협 하나로마트
f_f004746,2,5,2308020004,집
f_f004747,1,1,2307220001,집
f_f004747,1,2,2307220006,청도 새마을 휴게소 하행
f_f004747,1,3,2307220003,홍철 책 빵 김해점
f_f004747,1,4,2307220004,롯데 워터파크
f_f004747,1,5,2307220005,삼겹 파티 지사점
f_f004747,1,6,2307220002,헤르몬 호텔
f_f004747,2,1,2307230002,수로왕릉
f_f004747,2,2,2307230003,아나타
f_f004747,2,3,2307230004,청도 새마을 휴게소 상행
f_f004747,2,4,2307230001,집
f_f004754,1,1,2307290001,집
f_f004754,1,2,2307290002,서울역
f_f004754,1,3,2307290003,신경주역
f_f004754,1,4,2307290004,경주 시외버스터미널
f_f004754,1,5,2307290005,포항터미널
f_f004754,1,6,2307290006,죽도 시장
f_f004754,1,7,2307290007,롯데백화점 포항점
f_f004754,1,8,2307290008,환호공원 스페이스 워크
f_f004754,1,9,2307290009,포토 시그니처 포항 두 호점
f_f004754,1,10,2307290010,영일고
f_f004754,1,11,2307290011,팜 테이블 영일대점
f_f004754,1,12,2307290012,포도 포항영일 대점
f_f004754,1,13,2307290014,GS25 포항 대잠점
f_f004754,1,14,2307290013,영일고
f_f004754,1,15,2307290016,호텔투겐하트
f_f004754,2,1,2307300001,철길 숲
f_f004754,2,2,2307300002,삐 갈레 브레드
f_f004754,2,3,2307300003,포항 운하 관
f_f004754,2,4,2307300004,옥희 커피
f_f004754,2,5,2307300005,신대구 횟집
f_f004754,2,6,2307300006,더 벤티 포항 효자시장점
f_f004754,2,7,2307300007,삐 갈레 브레드
f_f004754,2,8,2307300008,포항역
f_f004754,2,9,2307300009,천안아산역
f_f004754,2,10,2307300010,집
f_f004759,1,1,2308060001,집
f_f004759,1,2,2308060003,애니메이션박물관
f_f004759,1,3,2308060004,장호 닭갈비 명가
f_f004759,1,4,2308060005,국립춘천 숲체원
f_f004759,1,5,2308060006,강원 특별 자치도립화목원
f_f004759,1,6,2308060007,소양강 스카이워크
f_f004759,1,7,2308060008,춘천역 경춘선
f_f004759,1,8,2308060009,명동 입구
f_f004759,1,9,2308060002,집
f_f004766,1,1,2307260001,집
f_f004766,1,2,2307260003,서울역
f_f004766,1,3,2307260004,언양 임시 시외버스터미널
f_f004766,1,4,2307260011,그린 힐링
f_f004766,1,5,2307260005,경주 원조 콩국
f_f004766,1,6,2307260006,황련단길
f_f004766,1,7,2307260007,그린 힐링
f_f004766,1,8,2307260008,"교촌마을, 월정교"
f_f004766,1,9,2307260009,첨성대
f_f004766,1,10,2307260010,동궁과 월지
f_f004766,1,11,2307260002,그린 힐링
f_f004766,2,1,2307270002,경주 오릉
f_f004766,2,2,2307270003,카페 솔
f_f004766,2,3,2307270004,대릉원
f_f004766,2,4,2307270005,카페와 하이 황리단길점
f_f004766,2,5,2307270006,신경주역
f_f004766,2,6,2307270001,집
f_f004767,1,1,2307220001,집
f_f004767,1,2,2307220003,횡성호수길
f_f004767,1,3,2307220004,구리뜰막국수
f_f004767,1,4,2307220005,하누 카누 횡성점
f_f004767,1,5,2307220006,횡성한우 체험관
f_f004767,1,6,2307220007,풍수원 성당
f_f004767,1,7,2307220008,서원농협 하나로마트 유현점
f_f004767,1,8,2307220002,집
f_f004770,1,1,2307290001,집
f_f004770,1,2,2307290002,삼표 에너지 야탑 주유소
f_f004770,1,3,2307290003,충주휴게소 주유소 창원방향
f_f004770,1,4,2307290004,신현리 고분군
f_f004770,1,5,2307290005,고모산성
f_f004770,1,6,2307290006,문경 토끼비리
f_f004770,1,7,2307290007,문경오미자 테마 터널
f_f004770,1,8,2307290008,문경 식당
f_f004770,1,9,2307290009,집
f_f004778,1,1,2307220001,집
f_f004778,1,2,2307220002,금산 재어 칼국수
f_f004778,1,3,2307220003,첨성대
f_f004778,1,4,2307220004,마법의 성
f_f004778,2,1,2307230001,황련단길
f_f004778,2,2,2307230002,집
f_f004782,1,1,2307220001,집
f_f004782,1,2,2307220002,도구해수욕장
f_f004782,1,3,2307220003,케이프 라운지
f_f004782,1,4,2307220004,구룡포 일본인 가옥거리
f_f004782,1,5,2307220005,까멜리아인 구룡포
f_f004782,1,6,2307220006,아르빌
f_f004782,1,7,2307220007,연다라회대게식당
f_f004782,1,8,2307220008,아르빌
f_f004782,2,1,2307230001,규카츠정 포항점
f_f004782,2,2,2307230002,환호공원 포항시립미술관
f_f004782,2,3,2307230003,환호공원 스페이스 워크
f_f004782,2,4,2307230004,아딥크
f_f004782,2,5,2307230006,포항터미널
f_f004782,2,6,2307230005,집
f_f004790,1,1,2307220001,집
f_f004790,1,2,2307220002,솥골
f_f004790,1,3,2307220003,억지 춘양시장
f_f004790,1,4,2307220004,카페 대정 연가
f_f004790,1,5,2307220005,집
f_f004793,1,1,2307230001,집
f_f004793,1,2,2307230002,경기 광주 휴게소 주유소 원주 방향
f_f004793,1,3,2307230003,호텔 루이스
f_f004793,1,4,2307230005,강릉에 컷
f_f004793,1,5,2307230004,안목 해변
f_f004793,1,6,2307230006,옥천 포차
f_f004793,1,7,2307230007,세븐일레븐 강릉동부시장점
f_f004793,1,8,2307230008,호텔 루이스
f_f004793,2,1,2307240001,임당동 벽화마을
f_f004793,2,2,2307240002,스타벅스 강릉 중앙로점
f_f004793,2,3,2307240003,나니 랜드
f_f004793,2,4,2307240004,임당동 성당
f_f004793,2,5,2307240005,고래 책방
f_f004793,2,6,2307240006,감자 유원지
f_f004793,2,7,2307240007,경포 생태 저류지
f_f004793,2,8,2307240008,사근 긴 해변
f_f004793,2,9,2307240009,말차로
f_f004793,2,10,2307240011,강릉 개인택시 충전소
f_f004793,2,11,2307240010,강릉 중화 짬뽕 빵
f_f004793,2,12,2307240012,집
f_f004797,1,1,2307290001,집
f_f004797,1,2,2307290003,여기가 좋겠네
f_f004797,1,3,2307290002,문들
f_f004797,2,1,2307300002,내 고향 막국수
f_f004797,2,2,2307300001,집
f_f004800,1,1,2307300001,집
f_f004800,1,2,2307300002,맛있는 김밥 마을
f_f004800,1,3,2307300003,파리바게뜨 분당 야탑점
f_f004800,1,4,2307300005,성남 임시버스터미널
f_f004800,1,5,2307300006,강릉 시외버스터미널
f_f004800,1,6,2307300007,세븐일레븐 강릉 시외버스터미널점
f_f004800,1,7,2307300008,강릉 중앙시장
f_f004800,1,8,2307300009,레이 밸류
f_f004800,1,9,2307300010,안목 해변
f_f004800,1,10,2307300011,강릉항 회 센터
f_f004800,1,11,2307300012,안목 해변
f_f004800,1,12,2307300004,레이 밸류
f_f004800,2,1,2307310001,안목 해변
f_f004800,2,2,2307310002,흑돈 연가
f_f004800,2,3,2307310003,메가 MGC 커피 강릉 시외버스터미널점
f_f004800,2,4,2307310004,강릉 시외버스터미널
f_f004800,2,5,2307310005,성남 임시버스터미널
f_f004800,2,6,2307310006,집
f_f004801,1,1,2308050001,집
f_f004801,1,2,2308050002,먹거리해물생칼국수
f_f004801,1,3,2308050003,송대말 등대
f_f004801,1,4,2308050004,송대말 등대 빛 체험 전시관
f_f004801,1,5,2308050005,바라다
f_f004801,1,6,2308050010,석굴암 한옥펜션
f_f004801,2,1,2308060001,석굴암
f_f004801,2,2,2308060002,원조전통 떡갈비
f_f004801,2,3,2308060003,경주 IC 휴게소
f_f004801,2,4,2308060004,집
f_f004805,1,1,2308020001,집
f_f004805,1,2,2308020002,삼보아파트
f_f004805,1,3,2308020003,홍천 휴게소 양양 방향
f_f004805,1,4,2308020004,공가네 감자옹심이
f_f004805,1,5,2308020005,속초관광수산시장
f_f004805,1,6,2308020007,동호해변
f_f004805,1,7,2308020006,펠리치타
f_f004805,2,1,2308030003,낙산사
f_f004805,2,2,2308030004,가평휴게소 서울 방향
f_f004805,2,3,2308030002,삼보아파트
f_f004805,2,4,2308030001,집
f_f004808,1,1,2308010001,집
f_f004808,1,2,2308010002,엄지네 포장마차 본점
f_f004808,1,3,2308010003,커피 커피 안목 1호점
f_f004808,1,4,2308010004,안목 해변
f_f004808,1,5,2308010005,강릉 동화 가든 본점
f_f004808,1,6,2308010006,강문가
f_f004808,1,7,2308010007,나이아드 펜션 모텔
f_f004808,2,1,2308020001,보사노바 커피 로프터스 강릉점
f_f004808,2,2,2308020002,스피드 보트
f_f004808,2,3,2308020003,고씨네 동해 막국수 강문본점(구.메밀골동해막국수)
f_f004808,2,4,2308020004,순두부 젤라또 2호점
f_f004808,2,5,2308020005,평창 자연휴게소 인천방향
f_f004808,2,6,2308020006,집
f_f004809,1,1,2308010001,집
f_f004809,1,2,2308010003,경기 광주 휴게소 원주 방향
f_f004809,1,3,2308010004,오크밸리리조트 빌리지센터
f_f004809,1,4,2308010005,뮤지엄 산
f_f004809,1,5,2308010006,송암 막국수
f_f004809,1,6,2308010007,스톤 크릭
f_f004809,1,7,2308010002,집
f_f004813,1,1,2307290001,집
f_f004813,1,2,2307290002,곤륜산
f_f004813,1,3,2307290003,하오 쓰
f_f004813,1,4,2307290004,월포해수욕장
f_f004813,1,5,2307290005,환여 횟집
f_f004813,1,6,2307290006,헤이안
f_f004813,1,7,2307290007,집
f_f004815,1,1,2308050001,집
f_f004815,1,2,2308050003,천일식당
f_f004815,1,3,2308050004,송정해변
f_f004815,1,4,2308050007,비앤비 스테이
f_f004815,1,5,2308050005,사근 진해 중공원 전망대
f_f004815,1,6,2308050006,고깃집
f_f004815,1,7,2308050008,디저트 39 강릉 입암점
f_f004815,1,8,2308050009,사근 진해 중공원 전망대
f_f004815,1,9,2308050010,비앤비 스테이
f_f004815,2,1,2308060001,라티엔 다
f_f004815,2,2,2308060002,한 맹방해수욕장
f_f004815,2,3,2308060003,집
f_f004817,1,1,2307290001,집
f_f004817,1,2,2307290002,맷돌순두부
f_f004817,1,3,2307290003,추억의 달동네
f_f004817,1,4,2307290004,경주 루지 월드
f_f004817,1,5,2307290005,엘로우
f_f004817,1,6,2307290006,보문호
f_f004817,1,7,2307290007,경주 꿈의 궁전
f_f004817,1,8,2307290008,영양 숯불갈비
f_f004817,1,9,2307290009,월정교
f_f004817,1,10,2307290010,경주 중앙시장
f_f004817,1,11,2307290011,경주 꿈의 궁전
f_f004817,2,1,2307300001,황남 갈비
f_f004817,2,2,2307300002,첨성대
f_f004817,2,3,2307300003,대릉원
f_f004817,2,4,2307300004,동궁과 월지
f_f004817,2,5,2307300005,황남빵
f_f004817,2,6,2307300006,교리 김밥 경주 본점
f_f004817,2,7,2307300007,집
f_f004821,1,1,2307310001,집
f_f004821,1,2,2307310002,사명대사길
f_f004821,1,3,2307310005,일직 식당
f_f004821,1,4,2307310004,직지문화공원
f_f004821,1,5,2307310006,김천 부항댐 출렁다리
f_f004821,1,6,2307310003,집
f_f004826,1,1,2307280001,집
f_f004826,1,2,2307280004,청량리역
f_f004826,1,3,2307280005,원주역
f_f004826,1,4,2307280003,아웃백 스테이크하우스 원주점
f_f004826,1,5,2307280006,그리너리
f_f004826,1,6,2307280007,프롬 포토 원주점
f_f004826,1,7,2307280008,CGV 원주
f_f004826,1,8,2307280009,공지천 닭갈비 혁신점
f_f004826,1,9,2307280010,원주역
f_f004826,1,10,2307280002,집
f_f004829,1,1,2308050001,집
f_f004829,1,2,2308050003,광명역
f_f004829,1,3,2308050004,신경주역
f_f004829,1,4,2308050013,황련단길
f_f004829,1,5,2308050005,황화정
f_f004829,1,6,2308050014,쏘카 존 경주 시외버스터미널 뒤편
f_f004829,1,7,2308050006,황룡원
f_f004829,1,8,2308050007,보문정
f_f004829,1,9,2308050008,경주 루지 월드
f_f004829,1,10,2308050009,가든 하이로
f_f004829,1,11,2308050010,보문 콜로세움
f_f004829,1,12,2308050011,동궁과 월지
f_f004829,1,13,2308050012,월정교
f_f004829,1,14,2308050002,도토리 하우스
f_f004829,2,1,2308060001,알톤 자전거 경주 스쿠터
f_f004829,2,2,2308060002,대릉원
f_f004829,2,3,2308060003,천마총
f_f004829,2,4,2308060004,경주 십원빵
f_f004829,2,5,2308060005,교동 집밥
f_f004829,2,6,2308060006,첨성대
f_f004829,2,7,2308060007,베이글 베이 글러
f_f004829,2,8,2308060008,교촌마을
f_f004829,2,9,2308060009,최영화 빵
f_f004829,2,10,2308060010,황남빵
f_f004829,2,11,2308060011,경주 샌드
f_f004829,2,12,2308060012,황련단길
f_f004829,2,13,2308060013,신경주역
f_f004829,2,14,2308060014,롯데리아 신경주역사점
f_f004829,2,15,2308060015,집
f_f004831,1,1,2308050001,집
f_f004831,1,2,2308050004,메트로 빌
f_f004831,1,3,2308050005,그램그램 문경점
f_f004831,1,4,2308050006,쌍용계곡
f_f004831,1,5,2308050007,미성 호프 레스토랑
f_f004831,1,6,2308050008,영강체육공원
f_f004831,1,7,2308050009,GS 더 프레시 문경점
f_f004831,1,8,2308050002,메트로 빌
f_f004831,2,1,2308060002,문경새재도립공원
f_f004831,2,2,2308060003,문경새재 오픈세트장
f_f004831,2,3,2308060004,스타벅스 문경새재점
f_f004831,2,4,2308060005,파밀리아
f_f004831,2,5,2308060006,문경종합온천
f_f004831,2,6,2308060007,성주 휴게소 창원방향
f_f004831,2,7,2308060001,집
f_f004836,1,1,2308050001,집
f_f004836,1,2,2308050002,살몽 브라더스
f_f004836,1,3,2308050003,광안리해수욕장
f_f004836,1,4,2308050004,겟오프
f_f004836,1,5,2308050005,Flipside Market
f_f004836,1,6,2308050006,케이팝 코인 노래연습장
f_f004836,1,7,2308050007,태영 생막창
f_f004836,1,8,2308050008,대방 디엠 시티센터 오션
f_f004836,2,1,2308060002,스시로 서면점
f_f004836,2,2,2308060003,삼정 타워
f_f004836,2,3,2308060004,부산역
f_f004836,2,4,2308060001,집
f_f004840,1,1,2307270001,집
f_f004840,1,2,2307270002,문경새재 오픈세트장
f_f004840,1,3,2307270003,문경새재도립공원
f_f004840,1,4,2307270004,친구네
f_f004840,1,5,2307270005,산양정행소
f_f004840,1,6,2307270006,뉴욕제과
f_f004840,1,7,2307270007,예천군 제1공영주차장
f_f004843,1,1,2307280001,집
f_f004843,1,2,2307280002,신창 국밥 부산역점
f_f004843,1,3,2307280003,킹프레소 수영점
f_f004843,1,4,2307280011,브라운 도트 수영점
f_f004843,1,5,2307280004,이슈
f_f004843,1,6,2307280005,아키 수산 광안
f_f004843,1,7,2307280010,브라운 도트 수영점
f_f004843,2,1,2307290001,해운대 속씨원한 대구탕 해운대점
f_f004843,2,2,2307290002,해운대해수욕장
f_f004843,2,3,2307290003,잇지
f_f004843,2,4,2307290004,최가네 밀면
f_f004843,2,5,2307290005,집
f_f004846,1,1,2308050001,집
f_f004846,1,2,2308050002,대릉원
f_f004846,1,3,2308050003,첨성 면옥
f_f004846,1,4,2308050004,첨성대
f_f004846,1,5,2308050005,바실라
f_f004846,1,6,2308050006,갑오 구이
f_f004846,1,7,2308050007,왕과 탕후루 경주 황남점
f_f004846,1,8,2308050008,통도사 휴게소 부산방향
f_f004846,1,9,2308050009,집
f_f004853,1,1,2307310001,집
f_f004853,1,2,2307310006,황산공원
f_f004853,1,3,2307310004,무이
f_f004853,1,4,2307310005,가촌 솔밭 식당
f_f004853,1,5,2307310002,집
f_f004863,1,1,2307300001,집
f_f004863,1,2,2307300002,천안아산역
f_f004863,1,3,2307300004,본 우리 반상 울산 KTX 점
f_f004863,1,4,2307300003,울산역
f_f004863,1,5,2307300005,신경주역
f_f004863,1,6,2307300006,제로 스페이스 경주
f_f004863,1,7,2307300007,락희원
f_f004863,1,8,2307300008,쫀드기상회
f_f004863,1,9,2307300009,첨성대
f_f004863,1,10,2307300010,동궁과 월지
f_f004863,1,11,2307300011,락희원
f_f004863,2,1,2307310001,료코
f_f004863,2,2,2307310003,시카고 포스트
f_f004863,2,3,2307310002,스타벅스 경주 대릉원점
f_f004863,2,4,2307310004,바실라
f_f004863,2,5,2307310005,신경주역
f_f004863,2,6,2307310006,집
f_f004875,1,1,2308050001,집
f_f004875,1,2,2308050002,반곡리
f_f004875,1,3,2308050003,하얀 집
f_f004875,1,4,2308050004,용천사
f_f004875,1,5,2308050005,집
f_f004876,1,1,2308050001,집
f_f004876,1,2,2308050002,수원 버스터미널
f_f004876,1,3,2308050003,안동터미널
f_f004876,1,4,2308050004,옥야 식당
f_f004876,1,5,2308050005,만휴정
f_f004876,1,6,2308050006,카페만 휴정
f_f004876,1,7,2308050007,매머드 베이커리
f_f004876,1,8,2308050009,농암종택
f_f004876,2,1,2308060002,병산서원
f_f004876,2,2,2308060003,안동터미널
f_f004876,2,3,2308060004,일직 식당
f_f004876,2,4,2308060005,낙강 물길 공원
f_f004876,2,5,2308060006,아차가
f_f004876,2,6,2308060007,매머드 베이커리
f_f004876,2,7,2308060008,홈플러스 안동점
f_f004876,2,8,2308060009,거창 숯불갈비
f_f004876,2,9,2308060010,안동터미널
f_f004876,2,10,2308060011,수원 버스터미널
f_f004876,2,11,2308060001,집
f_f004878,1,1,2307270001,집
f_f004878,1,2,2307270002,논공 휴게소 광주방향
f_f004878,1,3,2307270003,황포 냉면
f_f004878,1,4,2307270004,홈플러스 진주점
f_f004878,1,5,2307270005,월아산 숲속의 진주
f_f004878,1,6,2307270006,월아산 자연휴양림
f_f004878,2,1,2307280001,라브리애
f_f004878,2,2,2307280002,삼다도 전복죽
f_f004878,2,3,2307280003,부잔교 갯벌탐방로
f_f004878,2,4,2307280004,집
f_f004879,1,1,2307290001,집
f_f004879,1,2,2307290002,서울고속버스터미널(경부)
f_f004879,1,3,2307290003,안동터미널
f_f004879,1,4,2307290004,홈플러스 안동점
f_f004879,1,5,2307290005,경 신헌
f_f004879,1,6,2307290006,안동 하회마을
f_f004879,1,7,2307290007,경 신헌
f_f004879,2,1,2307300001,동부 숯불갈비
f_f004879,2,2,2307300004,핸즈 커피 안동댐점
f_f004879,2,3,2307300002,매머드 베이커리
f_f004879,2,4,2307300003,월영당
f_f004879,2,5,2307300005,안동역
f_f004879,2,6,2307300006,집
f_f004888,1,1,2307270001,집
f_f004888,1,2,2307270002,부산역
f_f004888,1,3,2307270003,초량 밀면
f_f004888,1,4,2307270004,KTG 상상마당 부산
f_f004888,1,5,2307270005,프루토프루타
f_f004888,1,6,2307270006,광안리해수욕장
f_f004888,1,7,2307270007,집
f_f004890,1,1,2307290001,집
f_f004890,1,2,2307290002,추풍령 휴게소 부산방향
f_f004890,1,3,2307290003,친척 집
f_f004890,1,4,2307290004,진해중앙시장
f_f004890,1,5,2307290005,여좌천
f_f004890,1,6,2307290006,진해 내수면 환경생태공원
f_f004890,1,7,2307290007,친척 집
f_f004890,1,8,2307290008,경화역 벚꽃길
f_f004890,1,9,2307290009,더파티 김해점
f_f004890,1,10,2307290010,친척 집
f_f004890,2,1,2307300001,장복산
f_f004890,2,2,2307300002,진해루
f_f004890,2,3,2307300003,옛날 촌구 수집
f_f004890,2,4,2307300004,빽다방 진해 자은점
f_f004890,2,5,2307300005,집
f_f004892,1,1,2307300001,친구 친지 집
f_f004892,1,2,2307300010,구포역
f_f004892,1,3,2307300003,신세계백화점 센텀시티점
f_f004892,1,4,2307300004,수변 최고 돼지국밥 센텀 벡스코점
f_f004892,1,5,2307300005,부산 시립미술관
f_f004892,1,6,2307300006,영화의 전당
f_f004892,1,7,2307300007,신세계백화점 센텀시티점
f_f004892,1,8,2307300008,러브 액추얼리
f_f004892,1,9,2307300009,광안리해수욕장
f_f004892,1,10,2307300002,호텔 얌 연산점
f_f004892,2,1,2307310002,프리 윌 피자
f_f004892,2,2,2307310003,이케아 동부산점
f_f004892,2,3,2307310004,죽성 드림세트장
f_f004892,2,4,2307310005,일광해수욕장
f_f004892,2,5,2307310006,영국이네 분식
f_f004892,2,6,2307310007,구포역
f_f004892,2,7,2307310001,친구 집
f_f004894,1,1,2308050001,집
f_f004894,1,2,2308050002,가평휴게소 춘천 방향
f_f004894,1,3,2308050003,해피 초원 목장
f_f004894,1,4,2308050004,샘밭막국수 본점
f_f004894,1,5,2308050005,카페 감자밭 본점
f_f004894,1,6,2308050006,소양강 스카이워크
f_f004894,1,7,2308050007,휴 모텔
f_f004894,1,8,2308050009,춘천 낭만시장
f_f004894,1,9,2308050008,풍류 365
f_f004894,1,10,2308050010,휴 모텔
f_f004894,2,1,2308060001,원조 숯불 닭불 고깃집
f_f004894,2,2,2308060002,오한이 하우스
f_f004894,2,3,2308060003,남이섬
f_f004894,2,4,2308060004,상천리 봉녀 수제비
f_f004894,2,5,2308060005,집
f_f004895,1,1,2307300001,집
f_f004895,1,2,2307300002,천안 고속버스터미널
f_f004895,1,3,2307300003,서울고속버스터미널(경부)
f_f004895,1,4,2307300004,양양종합여객터미널
f_f004895,1,5,2307300005,범부 추어탕
f_f004895,1,6,2307300006,양양종합여객터미널
f_f004895,1,7,2307300007,설악산 국립공원 입구
f_f004895,1,8,2307300008,속초관광수산시장
f_f004895,1,9,2307300009,대성호
f_f004895,1,10,2307300010,해가 빛(에어비엔비)
f_f004895,2,1,2307310001,속초해수욕장
f_f004895,2,2,2307310002,원조 유달면 옥
f_f004895,2,3,2307310003,강현 하나로마트
f_f004895,2,4,2307310004,외옹치 바다 향기로
f_f004895,2,5,2307310005,보사노바 커피 로프터스 속초점
f_f004895,2,6,2307310006,웨일 라잇
f_f004895,2,7,2307310007,속초 고속버스터미널
f_f004895,2,8,2307310008,서울고속버스터미널(경부)
f_f004895,2,9,2307310009,집
f_f004903,1,1,2307300001,친구 친지 집
f_f004903,1,2,2307300002,설악산 국립공원
f_f004903,1,3,2307300003,설악산 흔들바위
f_f004903,1,4,2307300004,설악산 울산바위
f_f004903,1,5,2307300005,청산 본가 설렁탕
f_f004903,1,6,2307300006,행운 모텔
f_f004903,2,1,2307310001,하조대
f_f004903,2,2,2307310002,정동진 해변
f_f004903,2,3,2307310003,미인폭포
f_f004903,2,4,2307310004,경주 외동 사랑으로 부영 2단지 아파트
f_f004910,1,1,2308010001,집
f_f004910,1,2,2308010002,외동 휴게소 포항방향
f_f004910,1,3,2308010003,캘리포니아비치
f_f004910,1,4,2308010004,수정사우나 모텔
f_f004910,1,5,2308010005,이마트 24 경주 황오점
f_f004910,1,6,2308010006,수정사우나 모텔
f_f004910,2,1,2308020001,봉황대 공영주차장
f_f004910,2,2,2308020002,놋점 국수
f_f004910,2,3,2308020003,망고 홈
f_f004910,2,4,2308020004,프프프베이커리
f_f004910,2,5,2308020005,비키 포토 도쿄
f_f004910,2,6,2308020006,BUBA COFFEE
f_f004910,2,7,2308020007,집
f_f004911,1,1,2307270001,집
f_f004911,1,2,2307270002,아마
f_f004911,1,3,2307270003,광안리해수욕장
f_f004911,1,4,2307270004,비에 드라
f_f004911,1,5,2307270005,메르베유
f_f004911,1,6,2307270006,키 리츠
f_f004911,1,7,2307270007,집
f_f004919,1,1,2307270001,집
f_f004919,1,2,2307270002,캘리포니아비치
f_f004919,1,3,2307270003,롯데슈퍼 프레시 경주 보문점
f_f004919,1,4,2307270004,별과 달 이야기
f_f004919,2,1,2307280001,백년손님
f_f004919,2,2,2307280002,집
f_f004929,1,1,2307300001,집
f_f004929,1,2,2307300003,강릉 대관령휴게소 강릉방향
f_f004929,1,3,2307300004,도째비골해랑전망대
f_f004929,1,4,2307300005,도째비골스카이밸리
f_f004929,1,5,2307300006,나인 비치 37 surfpub
f_f004929,1,6,2307300008,망상 제빵소
f_f004929,1,7,2307300007,망상 해변
f_f004929,1,8,2307300009,어향
f_f004929,1,9,2307300002,DQ 모텔
f_f004929,2,1,2307310002,동막골 식당
f_f004929,2,2,2307310003,추암 촛대바위
f_f004929,2,3,2307310004,추암 촛대바위 출렁다리
f_f004929,2,4,2307310005,DAKOTA CAFE
f_f004929,2,5,2307310006,천곡 황금박쥐동굴
f_f004929,2,6,2307310007,정라 횟집
f_f004929,2,7,2307310008,순두부 젤라또 4호점
f_f004929,2,8,2307310009,홍천 휴게소 서울 방향
f_f004929,2,9,2307310001,집
f_f004934,1,1,2307290001,집
f_f004934,1,2,2307290002,강릉역
f_f004934,1,3,2307290003,평창 왕갈비
f_f004934,1,4,2307290004,이마트 강릉점
f_f004934,1,5,2307290005,강릉 고전 한옥펜션
f_f004934,1,6,2307290006,경포해수욕장
f_f004934,1,7,2307290008,강릉 고전 한옥펜션
f_f004934,2,1,2307300001,내린천 휴게소 서울 방향
f_f004934,2,2,2307300002,집
f_f004939,1,1,2308050001,집
f_f004939,1,2,2308050002,처갓집
f_f004939,1,3,2308050003,국립춘천 박물관
f_f004939,1,4,2308050004,이마트 춘천점
f_f004939,1,5,2308050005,수향 모텔
f_f004939,2,1,2308060001,이디야커피 춘천 코레일점
f_f004939,2,2,2308060002,레고랜드 코리아리조트
f_f004939,2,3,2308060003,소양강 스카이워크
f_f004939,2,4,2308060004,황토집 숯불닭갈비
f_f004939,2,5,2308060005,집
f_f004950,1,1,2307280001,집
f_f004950,1,2,2307280003,거목정
f_f004950,1,3,2307280004,썬 비치펜션
f_f004950,1,4,2307280005,하조대 전망대
f_f004950,1,5,2307280006,갈성 활어
f_f004950,1,6,2307280007,P.E.I 커피
f_f004950,1,7,2307280008,하조대해수욕장
f_f004950,1,8,2307280002,썬 비치펜션
f_f004950,2,1,2307290002,하조대 전망대
f_f004950,2,2,2307290003,횡성휴게소 인천방향
f_f004950,2,3,2307290001,집
f_f004955,1,1,2307290001,집
f_f004955,1,2,2307290009,동대구역
f_f004955,1,3,2307290010,부산역
f_f004955,1,4,2307290002,면옥 향천
f_f004955,1,5,2307290003,신세계백화점 센텀시티점
f_f004955,1,6,2307290004,히 얼이자 커피
f_f004955,1,7,2307290005,센텀 스위트호텔
f_f004955,1,8,2307290007,수변 최고 돼지국밥 센텀 벡스코점
f_f004955,1,9,2307290008,광안리해수욕장
f_f004955,1,10,2307290006,센텀 스위트호텔
f_f004955,2,1,2307300002,딤딤섬 신세계백화점 센텀시티점
f_f004955,2,2,2307300003,해운대해수욕장
f_f004955,2,3,2307300004,타이드
f_f004955,2,4,2307300005,해운대 블루라인파크 미포 정거장
f_f004955,2,5,2307300006,맥도날드 좌동 1점
f_f004955,2,6,2307300007,시 해운대역
f_f004955,2,7,2307300008,동대구역
f_f004955,2,8,2307300001,집
f_f004972,1,1,2308020001,집
f_f004972,1,2,2308020002,문경오미자 테마공원
f_f004972,1,3,2308020003,촌짬뽕
f_f004972,1,4,2308020004,문경도 자기 박물관
f_f004972,1,5,2308020006,주암정
f_f004972,1,6,2308020005,문경철로자전거 진남역
f_f004972,1,7,2308020007,집
f_f004987,1,1,2307280001,집
f_f004987,1,2,2307280002,경상북도 노서동 27-2(숙소)
f_f004987,1,3,2307280003,소옥
f_f004987,1,4,2307280004,비키 포토 도쿄
f_f004987,1,5,2307280005,스컹크 웍스
f_f004987,1,6,2307280006,황련단길
f_f004987,1,7,2307280007,아스테리아 피아티
f_f004987,1,8,2307280008,황남동 고분군
f_f004987,1,9,2307280009,첨성대
f_f004987,1,10,2307280010,셔터
f_f004987,1,11,2307280011,경상북도 경주시 노서동 27-2
f_f004987,2,1,2307290001,황남 만두
f_f004987,2,2,2307290002,집
f_f004996,1,1,2308020001,집
f_f004996,1,2,2308020003,영등포역
f_f004996,1,3,2308020004,부산역
f_f004996,1,4,2308020005,팔미분식
f_f004996,1,5,2308020006,롯데백화점 부산본점
f_f004996,1,6,2308020007,토요코인 호텔 부산 서면
f_f004996,1,7,2308020008,부산 아시아드 주경기장
f_f004996,1,8,2308020002,토요코인 호텔 부산 서면
f_f004996,2,1,2308030002,부산역
f_f004996,2,2,2308030003,금수복국 해운대본점
f_f004996,2,3,2308030004,해운대 이벤트광장
f_f004996,2,4,2308030005,스타벅스 그랜드 조선 부산점
f_f004996,2,5,2308030006,부산 아시아드 주경기장
f_f004996,2,6,2308030007,부산역
f_f004996,2,7,2308030008,서울역
f_f004996,2,8,2308030001,집
f_f005002,1,1,2307280001,집
f_f005002,1,2,2307280003,KFC 원주 단계 DT 점
f_f005002,1,3,2307280004,오대산 힐링타운 물빛도
f_f005002,1,4,2307280005,월정사
f_f005002,1,5,2307280006,상원사
f_f005002,1,6,2307280007,평창축협 하나로마트 진부점
f_f005002,1,7,2307280002,오대산 힐링타운 물빛도
f_f005002,2,1,2307290001,월정사
f_f005002,2,2,2307290002,오대산 힐링타운 물빛도
f_f005002,2,3,2307290003,유정 식당
f_f005002,2,4,2307290004,대관령 양떼목장
f_f005002,2,5,2307290005,218평창동계올림픽대회 및 동계패럴림픽 대회 기념관
f_f005002,2,6,2307290006,방림 메밀막국수 분점
f_f005002,2,7,2307290007,곳
f_f005002,2,8,2307290008,집
f_f005003,1,1,2307280001,집
f_f005003,1,2,2307280003,언양휴게소 서울 방향
f_f005003,1,3,2307280004,첨성대
f_f005003,1,4,2307280005,장군교
f_f005003,1,5,2307280002,친지 집
f_f005003,2,1,2307290002,트로피
f_f005003,2,2,2307290003,반월성 화덕피자
f_f005003,2,3,2307290004,경주 보문관광단지
f_f005003,2,4,2307290005,이어서(북 카페)
f_f005003,2,5,2307290001,집
f_f005005,1,1,2307310001,집
f_f005005,1,2,2307310003,뽀로로 아쿠아빌리지
f_f005005,1,3,2307310004,함양집 보불로점
f_f005005,1,4,2307310005,바실라 주차장
f_f005005,1,5,2307310002,한화리조트 경주
f_f005005,2,1,2308010001,스타벅스 경주 보문호수 DT 점
f_f005005,2,2,2308010002,보문호
f_f005005,2,3,2308010003,국립경주박물관 어린이 박물관
f_f005005,2,4,2308010004,조은 밥집
f_f005005,2,5,2308010005,소 소풍경 베이커리
f_f005005,2,6,2308010006,비단벌레차 매표소
f_f005005,2,7,2308010007,집
f_f005006,1,1,2307290001,집
f_f005006,1,2,2307290002,동대구 터미널
f_f005006,1,3,2307290003,주왕산 상의 탐방안내소
f_f005006,1,4,2307290004,대전사
f_f005006,1,5,2307290005,시루봉
f_f005006,1,6,2307290006,용추폭포
f_f005006,1,7,2307290007,용연폭포
f_f005006,1,8,2307290008,주왕산 청솔 식당
f_f005006,1,9,2307290009,이디야커피 주왕산국립공원점
f_f005006,1,10,2307290010,청송 버스터미널
f_f005006,1,11,2307290011,동대구 터미널
f_f005006,1,12,2307290012,집
f_f005013,1,1,2307300001,집
f_f005013,1,2,2307300002,참새미골
f_f005013,1,3,2307300003,서문시장
f_f005013,1,4,2307300004,집
f_f005016,1,1,2308020001,집
f_f005016,1,2,2308020002,부용
f_f005016,1,3,2308020003,녹아
f_f005016,1,4,2308020004,천마총 전동차 대여
f_f005016,1,5,2308020005,첨성대
f_f005016,1,6,2308020006,맥도날드 경주 황남 DT 점
f_f005016,1,7,2308020007,경주읍성
f_f005016,1,8,2308020008,황련단길
f_f005016,1,9,2308020009,천마 문구완구 백화점
f_f005016,1,10,2308020010,월정교
f_f005016,1,11,2308020011,교촌마을
f_f005016,1,12,2308020012,황금십원빵
f_f005016,1,13,2308020013,잎새달스므날
f_f005016,1,14,2308020014,지금 돼지
f_f005016,1,15,2308020015,맥도날드 경주 용강 DT 점
f_f005016,1,16,2308020016,경주역사유적지구
f_f005016,1,17,2308020017,하마 필름
f_f005016,1,18,2308020018,CU 경주 황리 비단길점
f_f005016,1,19,2308020019,잎새달스므날
f_f005016,2,1,2308030001,경주 단골 식당
f_f005016,2,2,2308030004,불국사
f_f005016,2,3,2308030005,유성 셀프주유소
f_f005016,2,4,2308030003,집
f_f005019,1,1,2308190001,집
f_f005019,1,2,2308190002,팔공산 하늘정원 1주차장
f_f005019,1,3,2308190003,포에 밀
f_f005019,1,4,2308190005,비슬산 참숯굴 찜질방
f_f005019,1,5,2308190004,도성암
f_f005019,1,6,2308190006,아르떼 뷔페
f_f005019,1,7,2308190007,대구 이월드
f_f005019,1,8,2308190008,성주 막창 대명점
f_f005019,1,9,2308190009,비너스 모텔
f_f005019,2,1,2308200001,공주다
f_f005019,2,2,2308200002,마마 다이닝 본점
f_f005019,2,3,2308200003,대박 양념 어묵
f_f005019,2,4,2308200004,스파크 랜드
f_f005019,2,5,2308200005,도깨비 제빵소
f_f005019,2,6,2308200006,금오산 제1주차장
f_f005019,2,7,2308200007,집
f_f005023,1,1,2308010001,집
f_f005023,1,2,2308010002,카페 감자밭 본점
f_f005023,1,3,2308010003,통나무집 닭갈비
f_f005023,1,4,2308010004,소양강댐 정상 주차장
f_f005023,1,5,2308010005,댄싱 카페인
f_f005023,1,6,2308010006,춘천 세계 주류 마켓
f_f005023,1,7,2308010007,집
f_f005035,1,1,2307300001,사무실
f_f005035,1,2,2307300002,뜨락 전통 손칼국수
f_f005035,1,3,2307300003,간절곶
f_f005035,1,4,2307300004,진하해수욕장
f_f005035,1,5,2307300005,센트레빌
f_f005035,1,6,2307300006,대성 타워맨션
f_f005048,1,1,2308280001,집
f_f005048,1,2,2308280002,양평역
f_f005048,1,3,2308280003,신경주역
f_f005048,1,4,2308280004,미드나이트인 경주
f_f005048,1,5,2308280005,대릉원
f_f005048,1,6,2308280006,천마총
f_f005048,1,7,2308280007,계림 규동
f_f005048,1,8,2308280008,첨성대
f_f005048,1,9,2308280009,한성 미인
f_f005048,1,10,2308280010,하루 필름 황리단길점
f_f005048,1,11,2308280011,미드나이트인 경주
f_f005048,1,12,2308280012,동궁과 월지
f_f005048,1,13,2308280013,첨성대
f_f005048,1,14,2308280014,월정교
f_f005048,1,15,2308280015,밀리언 피자 경주 본점
f_f005048,1,16,2308280016,미드나이트인 경주
f_f005048,2,1,2308290001,오륙돈
f_f005048,2,2,2308290002,분황사석탑
f_f005048,2,3,2308290003,동궁과 월지 연꽃 단지
f_f005048,2,4,2308290004,어마 무시 황리단길점
f_f005048,2,5,2308290005,신경주역
f_f005048,2,6,2308290006,양평역
f_f005048,2,7,2308290007,집
f_f005052,1,1,2308190001,집
f_f005052,1,2,2308190002,평창무이예술관
f_f005052,1,3,2308190004,월이 메밀 닭강정 봉평 본점
f_f005052,1,4,2308190003,더 화이트 호텔 앤 리조트
f_f005052,2,1,2308200002,피닉스 평창 루지 랜드
f_f005052,2,2,2308200003,흔들바위
f_f005052,2,3,2308200001,집
f_f005053,1,1,2308120001,집
f_f005053,1,2,2308120002,의신계곡
f_f005053,1,3,2308120003,두 번째 벚꽃
f_f005053,1,4,2308120004,화가 천
f_f005053,1,5,2308120005,더 로드 11
f_f005053,1,6,2308120006,두 번째 벚꽃
f_f005053,2,1,2308130001,쌍산재
f_f005053,2,2,2308130002,집
f_f005054,1,1,2308200001,사무실
f_f005054,1,2,2308200002,적사부
f_f005054,1,3,2308200003,정양 레포츠공원
f_f005054,1,4,2308200004,정양늪 생태공원
f_f005054,1,5,2308200010,준호텔
f_f005054,2,1,2308210001,가마솥 순두부
f_f005054,2,2,2308210002,에스리떼
f_f005054,2,3,2308210003,가야산국립공원
f_f005054,2,4,2308210004,해인사
f_f005054,2,5,2308210005,원대 역 대구 3호선 인근
f_f005058,1,1,2308150001,집
f_f005058,1,2,2308150002,장사해수욕장
f_f005058,1,3,2308150003,모 브랜드 포항 초곡점
f_f005058,1,4,2308150004,옥계 텐트촌
f_f005058,1,5,2308150005,신포항 농협 하나로마트 송라점
f_f005058,1,6,2308150006,힐링 턴 리조트
f_f005058,2,1,2308160001,장사해수욕장
f_f005058,2,2,2308160002,장사리 카페
f_f005058,2,3,2308160004,CU 백조 예미 지점
f_f005058,2,4,2308160003,집
f_f005060,1,1,2307290001,친구 친지 집
f_f005060,1,2,2307290002,삼정해수욕장
f_f005060,1,3,2307290004,영남제2주유소
f_f005060,1,4,2307290003,스타벅스 국립대구박물관DT점
f_f005060,1,5,2307290005,범물 하이츠 아파트
f_f005064,1,1,2308260001,집
f_f005064,1,2,2308260002,용바위 식당
f_f005064,1,3,2308260003,오베 르망 본점
f_f005064,1,4,2308260004,바다정원
f_f005064,1,5,2308260005,한화리조트 설악 쏘라노
f_f005064,1,6,2308260006,속초 항아리 물회
f_f005064,1,7,2308260007,속초관광수산시장
f_f005064,1,8,2308260008,한화리조트 설악 쏘라노
f_f005064,2,1,2308270001,포 코스 베이글
f_f005064,2,2,2308270002,백담계곡
f_f005064,2,3,2308270003,집
f_f005080,1,1,2308140001,집
f_f005080,1,2,2308140002,합천 일류 돼지국밥 사상점
f_f005080,1,3,2308140003,해운대 블루라인파크 청사포 정거장
f_f005080,1,4,2308140004,행리단길
f_f005080,1,5,2308140005,아워 리프
f_f005080,1,6,2308140006,한데 솥
f_f005080,1,7,2308140007,엑스더 스카이
f_f005080,1,8,2308140009,해운대푸르지오시티
f_f005080,2,1,2308150001,광안리해수욕장
f_f005080,2,2,2308150002,용이 초밥 광안리점
f_f005080,2,3,2308150003,포레스트원
f_f005080,2,4,2308150004,밀란 더 마켓
f_f005080,2,5,2308150005,스테이크어스 애플사상점
f_f005080,2,6,2308150006,집
f_f005085,1,1,2307290001,집
f_f005085,1,2,2307290002,영자네 추어탕
f_f005085,1,3,2307290003,사남농협 하나로마트
f_f005085,1,4,2307290004,Y1 펜션
f_f005085,1,5,2307290006,천 전 휴게실
f_f005085,1,6,2307290005,남일대해수욕장
f_f005085,1,7,2307290007,Y1 펜션
f_f005085,2,1,2307300001,목화휴게소
f_f005085,2,2,2307300002,삼게 대동아파트 관리사무소
f_f005085,2,3,2307300003,허심청 호텔농심
f_f005085,2,4,2307300004,집
f_f005090,1,1,2308260002,집
f_f005090,1,2,2308260003,동대구역
f_f005090,1,3,2308260001,오산역 1호선
f_f005090,1,4,2308260004,중앙로 역 대구 1호선
f_f005090,1,5,2308260005,대한 콩국 대구역점(대구 중구 중앙대로 464-8)
f_f005090,1,6,2308260006,마마 다이닝 본점
f_f005090,1,7,2308260007,꼬지 짱 동성로 직영점
f_f005090,1,8,2308260008,대구근대역사관
f_f005090,1,9,2308260009,맨션 5
f_f005090,1,10,2308260010,걸리버 막창 종로 직영점
f_f005090,1,11,2308260011,서문시장
f_f005090,1,12,2308260012,넘버 25호텔 대구역점
f_f005090,2,1,2308270001,국일 따로 국밥
f_f005090,2,2,2308270002,카페 찬스
f_f005090,2,3,2308270003,삼미 갈비찜
f_f005090,2,4,2308270004,동대구역
f_f005090,2,5,2308270005,집
f_f005092,1,1,2307290001,집
f_f005092,1,2,2307290003,물 베기 한정식
f_f005092,1,3,2307290004,MRNW
f_f005092,1,4,2307290005,더 현대 대구
f_f005092,1,5,2307290006,서문시장
f_f005092,1,6,2307290002,집
f_f005104,1,1,2307290001,집
f_f005104,1,2,2307290002,왕십리역 수인 분당선
f_f005104,1,3,2307290003,가평역 경춘선
f_f005104,1,4,2307290004,씨씨 할인마트
f_f005104,1,5,2307290005,달기 춘천 닭갈비
f_f005104,1,6,2307290007,아망떼펜션
f_f005104,2,1,2307300001,남이섬 가평 선착장
f_f005104,2,2,2307300002,남이섬
f_f005104,2,3,2307300003,스윙 카페 베이커리
f_f005104,2,4,2307300005,남이섬 안 반지 닭갈비 1호점
f_f005104,2,5,2307300004,남이섬 나미 콩쿠르 갤러리
f_f005104,2,6,2307300006,스타벅스 남이섬점
f_f005104,2,7,2307300008,죽전역 수인 분당선
f_f005104,2,8,2307300007,집
f_f005106,1,1,2307290001,집
f_f005106,1,2,2307290002,동대구역
f_f005106,1,3,2307290003,부산역
f_f005106,1,4,2307290004,락이 옥 베트남 쌀국수
f_f005106,1,5,2307290005,해운대해수욕장
f_f005106,1,6,2307290006,센텀시티 스파랜드
f_f005106,1,7,2307290007,금리 횟집
f_f005106,1,8,2307290008,광안리해수욕장
f_f005106,1,9,2307290009,더 하운드 호텔
f_f005106,2,1,2307300002,자갈치시장
f_f005106,2,2,2307300003,할미 집
f_f005106,2,3,2307300004,카페슬로
f_f005106,2,4,2307300005,부산역
f_f005106,2,5,2307300006,동대구역
f_f005106,2,6,2307300001,집
f_f005114,1,1,2308060001,집
f_f005114,1,2,2308060003,강릉역
f_f005114,1,3,2308060004,경포 생태 저류지
f_f005114,1,4,2308060005,솔향 초당순두부
f_f005114,1,5,2308060006,초당 11
f_f005114,1,6,2308060007,강문해변
f_f005114,1,7,2308060008,346커피스토리
f_f005114,1,8,2308060009,강릉 중앙시장
f_f005114,1,9,2308060010,강릉역
f_f005114,1,10,2308060002,집
f_f005129,1,1,2307310001,집
f_f005129,1,2,2307310002,용궁 단골 식당 본점
f_f005129,1,3,2307310003,부용대
f_f005129,1,4,2307310004,안동 하회마을
f_f005129,1,5,2307310005,윗집 2호
f_f005129,1,6,2307310006,밀레니엄 안동찜닭
f_f005129,1,7,2307310007,월영교
f_f005129,1,8,2307310008,윗집 2호
f_f005129,2,1,2308010001,일직 식당
f_f005129,2,2,2308010002,예끼 마을
f_f005129,2,3,2308010003,도산서원
f_f005129,2,4,2308010004,아차가
f_f005129,2,5,2308010005,무지개아파트
f_f005135,1,1,2308110001,친구 친지 집
f_f005135,1,2,2308110002,속초관광수산시장
f_f005135,1,3,2308110003,속초해수욕장
f_f005135,1,4,2308110004,영금정
f_f005135,1,5,2308110005,아야진해수욕장
f_f005135,1,6,2308110006,봉포 해변
f_f005135,1,7,2308110007,봉포감자탕뼈찜
f_f005135,1,8,2308110008,메이플 하우스
f_f005135,2,1,2308120002,브레드 팜 고성점
f_f005135,2,2,2308120003,천진해변
f_f005135,2,3,2308120004,소노펠리체 델피노
f_f005135,2,4,2308120005,미시령
f_f005135,2,5,2308120006,매바위 인공폭포
f_f005135,2,6,2308120007,동국대학교만 해마을
f_f005135,2,7,2308120001,솔라리움오피스텔
f_f005141,1,1,2308070001,집
f_f005141,1,2,2308070002,울산원예농협 하나로마트
f_f005141,1,3,2308070003,진영휴게소 순천방향
f_f005141,1,4,2308070004,스타에 이하 동
f_f005141,1,5,2308070005,비바체리조트
f_f005141,2,1,2308080001,비바체리조트 레스토랑
f_f005141,2,2,2308080002,열 로우 박스 365
f_f005141,2,3,2308080003,하동 알프스 레포츠
f_f005141,2,4,2308080004,진영 복합휴게소 부산방향
f_f005141,2,5,2308080005,집
f_f005156,1,1,2308200001,집
f_f005156,1,2,2308200002,펫 조이 애견카페
f_f005156,1,3,2308200003,김밥나라 청학점
f_f005156,1,4,2308200004,모 브랜드 남양주 별내점
f_f005156,1,5,2308200005,홍천 휴게소 양양 방향
f_f005156,1,6,2308200006,강릉 선교장
f_f005156,1,7,2308200007,레몽
f_f005156,1,8,2308200008,아카이 샌드파인
f_f005156,1,9,2308200009,아카이 샌드파인 수영장
f_f005156,1,10,2308200010,BBQ 강릉 라카 유리조트 실내 출점
f_f005156,1,11,2308200011,GS25 경포 라카 이점
f_f005156,1,12,2308200012,경포해수욕장
f_f005156,1,13,2308200013,아카이 샌드파인
f_f005156,2,1,2308210001,아카이 샌드파인 레스토랑
f_f005156,2,2,2308210002,경포해수욕장
f_f005156,2,3,2308210003,그대 나의 뮤즈 반 고흐 to 마티스
f_f005156,2,4,2308210004,런닝맨 강릉점
f_f005156,2,5,2308210005,다이닝 크랩
f_f005156,2,6,2308210006,아르떼 뮤지엄 강릉
f_f005156,2,7,2308210007,경포 아쿠아리움
f_f005156,2,8,2308210008,미트 컬처
f_f005156,2,9,2308210009,집
f_f005169,1,1,2308060001,집
f_f005169,1,2,2308060003,서울역
f_f005169,1,3,2308060005,강릉 솔향수목원
f_f005169,1,4,2308060006,테라로사 커피공장 강릉 본점
f_f005169,1,5,2308060007,감자적 1번지
f_f005169,1,6,2308060008,아미 카사 펜션
f_f005169,1,7,2308060009,사근 긴 해변
f_f005169,1,8,2308060004,아미 카사 펜션
f_f005169,2,1,2308070002,사근 진해 중공원 전망대
f_f005169,2,2,2308070003,강릉역
f_f005169,2,3,2308070004,경포호
f_f005169,2,4,2308070005,강릉 중앙시장
f_f005169,2,5,2308070006,강릉역
f_f005169,2,6,2308070001,집
f_f005171,1,1,2308220001,집
f_f005171,1,2,2308220005,부산대학교 부산캠퍼스
f_f005171,1,3,2308220003,전통 쑥 밀면 족발 국밥
f_f005171,1,4,2308220004,유흥용 과자점 부산대 직영점
f_f005171,1,5,2308220006,NC백화점 부산대점
f_f005171,1,6,2308220007,부산대학교 인문관
f_f005171,1,7,2308220008,로제 이브 커피 스페셜티 본점
f_f005171,1,8,2308220009,오션블루 가덕휴게소
f_f005171,1,9,2308220002,집
f_f005185,1,1,2308020001,집
f_f005185,1,2,2308020002,김밥 냠냠
f_f005185,1,3,2308020003,남이섬
f_f005185,1,4,2308020004,한옥 닭갈비 막국수
f_f005185,1,5,2308020005,불리비의 원 하남미사점
f_f005185,1,6,2308020006,킹콩 부대찌개 강동 둔촌점
f_f005185,1,7,2308020007,집
f_f005195,1,1,2308100001,집
f_f005195,1,2,2308100002,캠프 8
f_f005195,1,3,2308100004,슬로 벗 베럴
f_f005195,1,4,2308100003,집
f_f005197,1,1,2308010001,집
f_f005197,1,2,2308010003,동서울 종합터미널
f_f005197,1,3,2308010004,강릉 시외버스터미널
f_f005197,1,4,2308010005,감자 유원지
f_f005197,1,5,2308010006,커피 버스데이
f_f005197,1,6,2308010007,드봉 마젤
f_f005197,1,7,2308010008,농촌 순두부
f_f005197,1,8,2308010009,초당 11
f_f005197,1,9,2308010010,구옥
f_f005197,1,10,2308010011,강문해변
f_f005197,1,11,2308010012,강릉 시외버스터미널
f_f005197,1,12,2308010013,동서울 종합터미널
f_f005197,1,13,2308010002,집
f_f005199,1,1,2308080001,집
f_f005199,1,2,2308080002,펫 조이 애견카페
f_f005199,1,3,2308080003,김밥나라 청학점
f_f005199,1,4,2308080004,오산리 선사유적박물관
f_f005199,1,5,2308080005,인구해변
f_f005199,1,6,2308080010,더 앤리조트
f_f005199,1,7,2308080009,CU 양양 디앤리조트점
f_f005199,1,8,2308080007,더 앤리조트 스파 온
f_f005199,1,9,2308080008,더 앤리조트 더 나이트 포차
f_f005199,1,10,2308080006,더 앤리조트
f_f005199,2,1,2308090001,더 앤리조트 산책로
f_f005199,2,2,2308090002,더 앤리조트 레스토랑 파인
f_f005199,2,3,2308090004,남애 3리 해변
f_f005199,2,4,2308090005,하조대 전망대
f_f005199,2,5,2308090006,롯데리조트 속초 워터파크
f_f005199,2,6,2308090007,롯데리조트 속초 워터파크 푸드코트
f_f005199,2,7,2308090008,내린천 휴게소 서울 방향
f_f005199,2,8,2308090009,펫 조이 애견카페
f_f005199,2,9,2308090010,김밥나라 청학점
f_f005199,2,10,2308090003,집
f_f005204,1,1,2308050001,집
f_f005204,1,2,2308050013,부산역
f_f005204,1,3,2308050005,물금역
f_f005204,1,4,2308050002,임경대
f_f005204,1,5,2308050003,법기 수원지
f_f005204,1,6,2308050004,양산시립 박물관 아우름
f_f005204,1,7,2308050006,양산 돼지국밥
f_f005204,1,8,2308050008,이마트 양산점
f_f005204,1,9,2308050012,양이 내 안에 1차 아파트
f_f005204,2,1,2308060001,내원사계곡
f_f005204,2,2,2308060002,황산공원
f_f005204,2,3,2308060003,부림 해물 손 수제비 양산점
f_f005204,2,4,2308060004,물금역
f_f005204,2,5,2308060005,집
f_f005206,1,1,2307300001,친구 친지 집
f_f005206,1,2,2307300002,서호천 농협 하나로마트 본점
f_f005206,1,3,2307300003,홍천종합운동장
f_f005206,1,4,2307300004,수타사
f_f005206,1,5,2307300005,수타사 농촌테마공원
f_f005206,1,6,2307300006,홍천 미술관
f_f005206,1,7,2307300007,회영루
f_f005206,1,8,2307300008,춘천 벨라 시티
f_f005206,2,1,2307310001,그 다방
f_f005206,2,2,2307310002,대광로제비앙더퍼스트아파트
f_f005212,1,1,2308050001,집
f_f005212,1,2,2308050002,화도 졸음쉼터 양양 방향
f_f005212,1,3,2308050004,몰디브 모텔
f_f005212,1,4,2308050005,설악해변
f_f005212,1,5,2308050006,몰디브 모텔
f_f005212,1,6,2308050007,충청도 혜숙이네 횟집
f_f005212,1,7,2308050008,설악해변
f_f005212,1,8,2308050003,몰디브 모텔
f_f005212,2,1,2308060002,장산리 막국수
f_f005212,2,2,2308060003,낙산사
f_f005212,2,3,2308060004,P.E.I 커피
f_f005212,2,4,2308060005,열정 국밥집
f_f005212,2,5,2308060001,집
f_f005214,1,1,2308030001,집
f_f005214,1,2,2308030003,사천 게장 집
f_f005214,1,3,2308030004,쿠이
f_f005214,1,4,2308030005,TROUBADOUR 서면점
f_f005214,1,5,2308030006,코엔 클로
f_f005214,1,6,2308030007,이케아 동부산점
f_f005214,1,7,2308030008,롯데 프리미엄 아웃렛 동부산점
f_f005214,1,8,2308030002,집
f_f005220,1,1,2308050001,집
f_f005220,1,2,2308050002,하동 술상 맛 전어축제
f_f005220,1,3,2308050003,친구 집
f_f005220,1,4,2308050005,정각사
f_f005220,1,5,2308050004,덕천강
f_f005220,1,6,2308050006,후평제
f_f005220,2,1,2308060001,남사예담촌
f_f005220,2,2,2308060002,문익점 면화 시배지
f_f005220,2,3,2308060003,은빛마을 한 보 아파트
f_f005220,2,4,2308060004,뚱보 화로 불고기
f_f005220,2,5,2308060005,집
f_f005221,1,1,2308030001,집
f_f005221,1,2,2308030002,합천 가야 농협 하나로마트 본점
f_f005221,1,3,2308030003,각 사교
f_f005221,1,4,2308030004,합천 댕김
f_f005221,1,5,2308030005,적사부
f_f005221,1,6,2308030006,집
f_f005240,1,1,2308050001,집
f_f005240,1,2,2308050002,백담 황태구이
f_f005240,1,3,2308050003,백담사
f_f005240,1,4,2308050004,화진포 박포수가 든
f_f005240,1,5,2308050005,투썸플레이스 거진농협 현내점
f_f005240,1,6,2308050006,고성 금강산콘도
f_f005240,1,7,2308050007,마차진 해변
f_f005240,1,8,2308050008,고성 금강산콘도 바비큐장
f_f005240,1,9,2308050009,고성 금강산콘도
f_f005240,2,1,2308060001,통일전망대 출입 시고 소
f_f005240,2,2,2308060002,통일전망대
f_f005240,2,3,2308060003,커피 플랫폼 188
f_f005240,2,4,2308060004,뚜레 한우 홍천 본점
f_f005240,2,5,2308060005,집
f_f005241,1,1,2308030001,집
f_f005241,1,2,2308030003,서울역
f_f005241,1,3,2308030004,신경주역
f_f005241,1,4,2308030005,수경사
f_f005241,1,5,2308030006,카페 마르쉐
f_f005241,1,6,2308030007,시카고 포스트
f_f005241,1,7,2308030008,망고 홈
f_f005241,1,8,2308030009,오 홀리데이
f_f005241,1,9,2308030010,황남 비빔밥
f_f005241,1,10,2308030013,월정교
f_f005241,1,11,2308030011,대릉원
f_f005241,1,12,2308030012,첨성대
f_f005241,1,13,2308030014,동궁과 월지
f_f005241,1,14,2308030002,셔블
f_f005241,2,1,2308040002,대릉원
f_f005241,2,2,2308040003,마모트
f_f005241,2,3,2308040004,황남쫀드기
f_f005241,2,4,2308040005,황남 옥수수 황리단길점
f_f005241,2,5,2308040006,하루 필름 황리단길점
f_f005241,2,6,2308040007,불국사
f_f005241,2,7,2308040008,신경주역
f_f005241,2,8,2308040009,서울역
f_f005241,2,9,2308040001,집
f_f005243,1,1,2308190001,집
f_f005243,1,2,2308190002,치악휴게소 춘천 방향
f_f005243,1,3,2308190003,한반도 지형
f_f005243,1,4,2308190006,난고 김삿갓문학관
f_f005243,1,5,2308190005,영월 서부시장
f_f005243,1,6,2308190004,청령포
f_f005243,1,7,2308190007,별마로 천문대
f_f005243,1,8,2308190008,탑스 테인 리스강리조트 동강시스타
f_f005243,2,1,2308200001,선돌 관광지
f_f005243,2,2,2308200002,장릉
f_f005243,2,3,2308200003,집
f_f005244,1,1,2308260001,집
f_f005244,1,2,2308260002,동대구역
f_f005244,1,3,2308260003,초량 밀면
f_f005244,1,4,2308260004,스테이트
f_f005244,1,5,2308260005,슬로 뮤지엄
f_f005244,1,6,2308260006,그믐달 셀프스튜디오 점포 사잇길
f_f005244,1,7,2308260007,엘본 더 스테이
f_f005244,1,8,2308260008,해운대해수욕장
f_f005244,1,9,2308260009,빨간 떡볶이
f_f005244,1,10,2308260010,엘본 더 스테이
f_f005244,2,1,2308270001,락이 옥 베트남 쌀국수
f_f005244,2,2,2308270002,로우 앤스 웃
f_f005244,2,3,2308270003,금송덕미 행리단길점
f_f005244,2,4,2308270004,부산역
f_f005244,2,5,2308270005,집
f_f005248,1,1,2308050001,숙소
f_f005248,1,2,2308050002,서울고속버스터미널(경부)
f_f005248,1,3,2308050003,화양강휴게소
f_f005248,1,4,2308050004,속초 고속버스터미널
f_f005248,1,5,2308050005,속초와 짜니
f_f005248,1,6,2308050006,속초 항아리 물회
f_f005248,1,7,2308050007,어느 멋진 날 카퍼
f_f005248,1,8,2308050008,속초 아이
f_f005248,1,9,2308050009,속초해수욕장
f_f005248,1,10,2308050010,만석닭강정 엑스포 본점
f_f005248,1,11,2308050011,한화리조트 설악 쏘라노
f_f005248,1,12,2308050012,설악워터피아
f_f005248,1,13,2308050013,한화리조트 설악 쏘라노
f_f005248,2,1,2308060001,엔제리너스 속초 터미널 TO 점
f_f005248,2,2,2308060002,집
f_f005252,1,1,2308050001,집
f_f005252,1,2,2308050003,철원과 강다슬 기축 제
f_f005252,1,3,2308050002,화강 황토펜션
f_f005252,2,1,2308060002,화강 황토펜션
f_f005252,2,2,2308060001,집
f_f005255,1,1,2308300001,친구 친지 집
f_f005255,1,2,2308300006,(주) 서 온 유통 탑 마트 신촌점
f_f005255,1,3,2308300002,김밥 365
f_f005255,1,4,2308300003,(주) 경인 석유 고속도로 동명(뷰성) 주유소
f_f005255,1,5,2308300004,가야산 돼지국밥
f_f005255,1,6,2308300005,오드 커피나
f_f005255,1,7,2308300007,예진 스테이
f_f005255,2,1,2308310001,단골집 돼지국밥
f_f005255,2,2,2308310002,퇴로 정에 마실
f_f005255,2,3,2308310003,밀양 연꽃 단지
f_f005255,2,4,2308310004,트윈 터널
f_f005255,2,5,2308310005,미다고 B
f_f005261,1,1,2308040001,집
f_f005261,1,2,2308040002,헤이븐 강촌점
f_f005261,2,1,2308050002,금강 막국수
f_f005261,2,2,2308050003,제이드가든 수목원
f_f005261,2,3,2308050004,포포 팩토리
f_f005261,2,4,2308050001,집
f_f005268,1,1,2308270001,집
f_f005268,1,2,2308270002,문담 물회 국수
f_f005268,1,3,2308270003,외옹치 바다 향기로
f_f005268,1,4,2308270004,속초해수욕장
f_f005268,1,5,2308270005,카페 청호동
f_f005268,1,6,2308270006,속초관광수산시장
f_f005268,1,7,2308270007,영금정
f_f005268,1,8,2308270008,집
f_f005269,1,1,2308020001,집
f_f005269,1,2,2308020003,도마 29
f_f005269,1,3,2308020006,카페 오디너리 하우스
f_f005269,1,4,2308020004,스파크 랜드 대관람차
f_f005269,1,5,2308020005,샌디 레이크
f_f005269,1,6,2308020007,토요코인 대구 동성로점
f_f005269,1,7,2308020008,롤러 커피
f_f005269,1,8,2308020009,수성못
f_f005269,1,9,2308020010,재키 브라운
f_f005269,1,10,2308020002,토요코인 대구 동성로점
f_f005269,2,1,2308030002,대구 중구 골목투어 근대문화골목(2코스)
f_f005269,2,2,2308030003,더 현대 대구
f_f005269,2,3,2308030004,김광석 다시 그리기 길
f_f005269,2,4,2308030005,오가닉 모각
f_f005269,2,5,2308030006,구르메 쇼쿠도
f_f005269,2,6,2308030007,아양교역 대구 1호선
f_f005269,2,7,2308030008,동대구역
f_f005269,2,8,2308030001,집
f_f005274,1,1,2308040001,집
f_f005274,1,2,2308040003,개양 시외버스승강장
f_f005274,1,3,2308040004,부산 서부버스터미널
f_f005274,1,4,2308040005,부경대학교 대학극장
f_f005274,1,5,2308040006,연어바치
f_f005274,1,6,2308040007,부경대학교 대학극장
f_f005274,1,7,2308040008,해운대해수욕장
f_f005274,1,8,2308040009,오프
f_f005274,1,9,2308040002,친구 집
f_f005274,2,1,2308050002,광안리해수욕장
f_f005274,2,2,2308050003,포케 올 데이 광안점
f_f005274,2,3,2308050004,부산 서부버스터미널
f_f005274,2,4,2308050001,집
f_f005275,1,1,2308130001,집
f_f005275,1,2,2308130002,서울고속버스터미널(경부)
f_f005275,1,3,2308130003,양양종합여객터미널
f_f005275,1,4,2308130004,양양 렌터카
f_f005275,1,5,2308130005,일출 펜션
f_f005275,1,6,2308130006,하조 맛 식당
f_f005275,1,7,2308130007,일출 펜션
f_f005275,1,8,2308130008,광진 해변
f_f005275,1,9,2308130009,일출 펜션
f_f005275,1,10,2308130010,하조대해수욕장
f_f005275,1,11,2308130011,일출 펜션
f_f005275,2,1,2308140001,낙산사
f_f005275,2,2,2308140002,다래헌
f_f005275,2,3,2308140003,에센에 아
f_f005275,2,4,2308140004,낙산 해변
f_f005275,2,5,2308140005,백씨네
f_f005275,2,6,2308140006,양양 렌터카
f_f005275,2,7,2308140007,카페 양양
f_f005275,2,8,2308140008,양양종합여객터미널
f_f005275,2,9,2308140010,서울고속버스터미널(경부)
f_f005275,2,10,2308140009,집
f_f005279,1,1,2308010001,친구 친지 집
f_f005279,1,2,2308010002,팽 여사 돼지국밥
f_f005279,1,3,2308010003,동피랑 벽화마을
f_f005279,1,4,2308010004,네라 하 21카페
f_f005279,1,5,2308010005,해운정
f_f005279,1,6,2308010006,병선마당 충무김밥
f_f005279,1,7,2308010007,해인 그린빌아파트
f_f005280,1,1,2308030001,집
f_f005280,1,2,2308030002,벌열 메타세쿼이아 숲
f_f005280,1,3,2308030003,경정 횟집
f_f005280,1,4,2308030004,경정해수욕장
f_f005280,1,5,2308030005,바닷소리 카페
f_f005280,1,6,2308030006,영덕 해 파랑공원
f_f005280,1,7,2308030007,대게 궁
f_f005280,1,8,2308030008,스포트리조트
f_f005280,2,1,2308040001,은파 횟집
f_f005280,2,2,2308040004,단양팔경 휴게소
f_f005280,2,3,2308040002,고래불해수욕장
f_f005280,2,4,2308040003,그리가다
f_f005280,2,5,2308040005,집
f_f005281,1,1,2308050001,집
f_f005281,1,2,2308050003,광명역
f_f005281,1,3,2308050004,서대구 역
f_f005281,1,4,2308050005,장보고 식자재마트 감삼점
f_f005281,1,5,2308050006,와촌휴게소 포항방향
f_f005281,1,6,2308050007,영덕 바다펜션
f_f005281,1,7,2308050008,남호해수욕장
f_f005281,1,8,2308050002,영덕 바다펜션
f_f005281,2,1,2308060003,커피베이 영덕 장사해수욕장점
f_f005281,2,2,2308060001,보백관 본점
f_f005281,2,3,2308060002,서대구 역
f_f005281,2,4,2308060004,집
f_f005291,1,1,2308190001,집
f_f005291,1,2,2308190002,불국사
f_f005291,1,3,2308190003,카페 메이플
f_f005291,1,4,2308190004,석굴암
f_f005291,1,5,2308190005,황촌
f_f005291,1,6,2308190006,황남관
f_f005291,1,7,2308190007,국보 31호
f_f005291,1,8,2308190008,대릉원
f_f005291,1,9,2308190009,동궁과 월지
f_f005291,1,10,2308190010,황남관
f_f005291,2,1,2308200001,료미
f_f005291,2,2,2308200002,녹아
f_f005291,2,3,2308200003,월정교
f_f005291,2,4,2308200004,두 낫디 스타브
f_f005291,2,5,2308200005,신경주역
f_f005291,2,6,2308200006,집
f_f005296,1,1,2308150001,집
f_f005296,1,2,2308150002,서울역
f_f005296,1,3,2308150003,포항역
f_f005296,1,4,2308150004,죽도 시장
f_f005296,1,5,2308150005,이가리 닻 전망대
f_f005296,1,6,2308150006,두 낫디 스타브
f_f005296,1,7,2308150007,환호공원 스페이스 워크
f_f005296,1,8,2308150008,마라도 회 식당
f_f005296,1,9,2308150009,라한 호텔 포항
f_f005296,2,1,2308160001,영일 대전 망대
f_f005296,2,2,2308160002,구룡포 홍게 칼국수
f_f005296,2,3,2308160003,구룡포 일본인 가옥거리
f_f005296,2,4,2308160004,호미곶
f_f005296,2,5,2308160005,포항역
f_f005296,2,6,2308160006,집
f_f005300,1,1,2308010001,집
f_f005300,1,2,2308010003,불국사 농협 하나로마트
f_f005300,1,3,2308010004,오류고아라 해변
f_f005300,1,4,2308010005,솔밭 회 식당
f_f005300,1,5,2308010002,경주 오류 캠핑장
f_f005300,2,1,2308020003,송대말 등대 빛 체험 전시관
f_f005300,2,2,2308020002,송대말 등대
f_f005300,2,3,2308020001,집
f_f005301,1,1,2308050001,집
f_f005301,1,2,2308050002,한국고속도로 휴게시설 협회 오창
f_f005301,1,3,2308050003,경기도 이천시 모가면 신갈리 산 15-13
f_f005301,1,4,2308050004,횡성휴게소 강릉방향
f_f005301,1,5,2308050005,하슬라아트월드
f_f005301,1,6,2308050006,신 대게나라
f_f005301,1,7,2308050007,카페 리비에라
f_f005301,1,8,2308050008,예담 펜션
f_f005301,1,9,2308050009,강릉 짬뽕 순두부 성우 회관
f_f005301,1,10,2308050010,주문진 방사제
f_f005301,1,11,2308050011,순두부 젤라또 3호점
f_f005301,1,12,2308050012,영진해변
f_f005301,1,13,2308050013,예담 펜션
f_f005301,2,1,2308060001,강릉시 안현동 산 61-3
f_f005301,2,2,2308060002,아르떼 뮤지엄 강릉
f_f005301,2,3,2308060003,강릉 닭강정
f_f005301,2,4,2308060004,강릉 샌드 초당 직영점
f_f005301,2,5,2308060005,강릉 대관령휴게소 강릉방향
f_f005301,2,6,2308060006,횡성휴게소 인천방향
f_f005301,2,7,2308060007,여주휴게소 주유소 인천방향
f_f005301,2,8,2308060008,오창휴게소 주유소 통영방향
f_f005301,2,9,2308060009,대전역
f_f005301,2,10,2308060010,집
f_f005302,1,1,2308070001,집
f_f005302,1,2,2308070002,죽변 해안 스카이 레일
f_f005302,1,3,2308070003,성류굴
f_f005302,1,4,2308070004,후포리 백년식당
f_f005302,1,5,2308070005,고래불해수욕장
f_f005302,1,6,2308070006,집
f_f005316,1,1,2308060001,집
f_f005316,1,2,2308060003,가평휴게소 춘천 방향
f_f005316,1,3,2308060004,홍천 휴게소 양양 방향
f_f005316,1,4,2308060005,봉포 잠수부 집 본점
f_f005316,1,5,2308060006,바다정원
f_f005316,1,6,2308060007,등대해수욕장
f_f005316,1,7,2308060008,됐고 연탄한 우실 비
f_f005316,1,8,2308060002,서밋 베이 속초
f_f005316,2,1,2308070001,할리스 속초 영랑 해 변 DI 점
f_f005316,2,2,2308070002,영금정
f_f005316,2,3,2308070003,척산 족욕공원
f_f005316,2,4,2308070004,범바위 막국수
f_f005316,2,5,2308070005,집
f_f005320,1,1,2308010001,집
f_f005320,1,2,2308010005,버스
f_f005320,1,3,2308010003,동서울 종합터미널
f_f005320,1,4,2308010004,서클 circle6호
f_f005320,1,5,2308010006,동서울 종합터미널
f_f005320,1,6,2308010007,횡성휴게소 강릉방향
f_f005320,1,7,2308010008,동해시 종합버스터미널
f_f005320,1,8,2308010009,동해 호텔 미
f_f005320,1,9,2308010010,동해 닭갈비 천곡점
f_f005320,1,10,2308010011,동해 호텔 미
f_f005320,1,11,2308010012,CU 동해 천곡공원점
f_f005320,1,12,2308010013,한 섬 해변
f_f005320,1,13,2308010014,브라더 양 꼬치
f_f005320,1,14,2308010002,동해 호텔 미
f_f005320,2,1,2308020001,삽교리 동치미 막국수 동해점
f_f005320,2,2,2308020002,천곡 황금박쥐동굴
f_f005320,2,3,2308020003,연필 뮤지엄
f_f005320,2,4,2308020004,논골담길
f_f005320,2,5,2308020005,진 모래 횟집
f_f005320,2,6,2308020006,도째비골해랑전망대
f_f005320,2,7,2308020007,커피 빈
f_f005320,2,8,2308020008,동해시 종합버스터미널
f_f005320,2,9,2308020009,집
f_f005325,1,1,2308020001,집
f_f005325,1,2,2308020003,롯데 워터파크
f_f005325,1,3,2308020004,올 오버 키친
f_f005325,1,4,2308020002,집
f_f005333,1,1,2308020001,집
f_f005333,1,2,2308020002,하회 세계 탈 박물관
f_f005333,1,3,2308020004,안동 하회마을
f_f005333,1,4,2308020005,나드리김밥 경북도청점
f_f005333,1,5,2308020003,집
f_f005334,1,1,2308030001,집
f_f005334,1,2,2308030003,광명역
f_f005334,1,3,2308030004,부산역
f_f005334,1,4,2308030005,이재모 피자
f_f005334,1,5,2308030006,해운대해수욕장
f_f005334,1,6,2308030007,해운대 블루 스토리 호텔
f_f005334,1,7,2308030008,수영만 요트경기장
f_f005334,1,8,2308030009,해목
f_f005334,1,9,2308030010,고래가 어묵 해운대점
f_f005334,1,10,2308030011,아모레 부산
f_f005334,1,11,2308030012,해운대해수욕장
f_f005334,1,12,2308030002,해운대 블루 스토리 호텔
f_f005334,2,1,2308040002,듀플릿
f_f005334,2,2,2308040003,행리단길
f_f005334,2,3,2308040004,신세계백화점 센텀시티점
f_f005334,2,4,2308040005,부산역
f_f005334,2,5,2308040006,광명역
f_f005334,2,6,2308040001,집
f_f005337,1,1,2308210001,집
f_f005337,1,2,2308210003,소 돌아들 바위
f_f005337,1,3,2308210004,월성 식당
f_f005337,1,4,2308210005,아비오 호텔
f_f005337,1,5,2308210006,아르떼 뮤지엄 강릉
f_f005337,1,6,2308210008,차연희 순두부 청국장
f_f005337,1,7,2308210002,아비오 호텔
f_f005337,2,1,2308220001,카페 알베르 인근
f_f005337,2,2,2308220003,강릉 엄지네 꼬막 집 1호점
f_f005337,2,3,2308220002,집
f_f005341,1,1,2308070001,집
f_f005341,1,2,2308070002,서울역
f_f005341,1,3,2308070004,동대구역
f_f005341,1,4,2308070005,신세계백화점 대구점
f_f005341,1,5,2308070006,해피 치즈 스마일 명덕점
f_f005341,1,6,2308070007,뉴욕 통닭
f_f005341,1,7,2308070008,슬로 터틀 약전 골목점
f_f005341,1,8,2308070009,대구 약전골목
f_f005341,1,9,2308070010,바비치 중앙로점
f_f005341,1,10,2308070011,서문시장
f_f005341,1,11,2308070003,복현 푸르지오 아파트
f_f005341,2,1,2308080002,경북대학교 대구캠퍼스
f_f005341,2,2,2308080003,경북대학교 미술관 전관
f_f005341,2,3,2308080004,도토리원 돈가스
f_f005341,2,4,2308080005,스타벅스 경북대점
f_f005341,2,5,2308080006,삼송 빵집 동대구 역사점
f_f005341,2,6,2308080001,집
f_f005345,1,1,2308040001,집
f_f005345,1,2,2308040002,서울역
f_f005345,1,3,2308040003,부산역
f_f005345,1,4,2308040004,해목
f_f005345,1,5,2308040005,베니키아 프리미어 호텔 해운대
f_f005345,1,6,2308040006,부산 사직종합운동장 사직야구장
f_f005345,1,7,2308040007,해운대해수욕장
f_f005345,1,8,2308040008,베니키아 프리미어 호텔 해운대
f_f005345,2,1,2308050001,해운대해수욕장
f_f005345,2,2,2308050002,스타벅스 해운대점
f_f005345,2,3,2308050003,해운대 합천 돼지국밥
f_f005345,2,4,2308050004,행리단길
f_f005345,2,5,2308050005,고재
f_f005345,2,6,2308050006,고래서 이뻐
f_f005345,2,7,2308050007,딥 플로어 커피
f_f005345,2,8,2308050008,김해국제공항 국내선 청사
f_f005345,2,9,2308050009,집
f_f005348,1,1,2308020001,집
f_f005348,1,2,2308020003,홍천 휴게소 양양 방향
f_f005348,1,3,2308020004,거북이밀크바
f_f005348,1,4,2308020005,남애 3리 해변
f_f005348,1,5,2308020006,수빈이 네 찜
f_f005348,1,6,2308020007,속초 아이
f_f005348,1,7,2308020008,더 벤티 속초해변점
f_f005348,1,8,2308020009,집
f_f005350,1,1,2308020001,친구 친지 집
f_f005350,1,2,2308020003,서프 홀릭 빌리지
f_f005350,1,3,2308020007,송정해수욕장
f_f005350,1,4,2308020004,이비스 앰배서더호텔 부산시티센터점
f_f005350,1,5,2308020005,이 모산 곰장어
f_f005350,1,6,2308020006,야히야
f_f005350,1,7,2308020008,자갈치 1호 서면 본점
f_f005350,1,8,2308020002,이비스 앰배서더호텔 부산시티센터점
f_f005350,2,1,2308030001,가야포차선지국밥 서면 전포점
f_f005350,2,2,2308030002,KTG 상상마당 부산
f_f005350,2,3,2308030003,남천리 녹차 팥빙수
f_f005350,2,4,2308030004,하이디라오 부산역점
f_f005350,2,5,2308030005,쉽커피
f_f005350,2,6,2308030006,친구 집
f_f005351,1,1,2308110001,집
f_f005351,1,2,2308110002,마장휴게소 주차장
f_f005351,1,3,2308110003,충주휴게소 창원방향
f_f005351,1,4,2308110004,낙동강의 성 휴게소
f_f005351,1,5,2308110006,석굴암
f_f005351,1,6,2308110007,불국사
f_f005351,1,7,2308110008,경주 소반
f_f005351,1,8,2308110009,춘추관
f_f005351,1,9,2308110010,대릉원
f_f005351,1,10,2308110011,가봉 방과
f_f005351,1,11,2308110012,황련단길
f_f005351,1,12,2308110015,황박사경주쫀듸기
f_f005351,1,13,2308110016,오고 스튜디오
f_f005351,1,14,2308110017,황리단쫀듸기
f_f005351,1,15,2308110018,어서어서
f_f005351,1,16,2308110013,료미
f_f005351,1,17,2308110019,경주 황룡사 역사문화관 주차장
f_f005351,1,18,2308110014,동궁과 월지
f_f005351,1,19,2308110005,춘추관
f_f005351,2,1,2308120017,노상 공영주차장
f_f005351,2,2,2308120002,첨성대
f_f005351,2,3,2308120003,미묘한
f_f005351,2,4,2308120004,대릉원 예술창고
f_f005351,2,5,2308120006,써니 밥상
f_f005351,2,6,2308120005,꽈페 경주
f_f005351,2,7,2308120007,이상복 경주빵 카페
f_f005351,2,8,2308120008,칠곡휴게소 서울 방향
f_f005351,2,9,2308120009,추풍령 휴게소 서울 방향
f_f005351,2,10,2308120014,현대 유료주차장
f_f005351,2,11,2308120010,대전시 축제
f_f005351,2,12,2308120011,성심당 본점
f_f005351,2,13,2308120012,성심당 케이크 부티크
f_f005351,2,14,2308120013,타르타르 대전 대흥점
f_f005351,2,15,2308120015,성한 주유소
f_f005351,2,16,2308120016,부모님 집
f_f005351,2,17,2308120001,집
f_f005356,1,1,2308030001,친구 친지 집
f_f005356,1,2,2308030003,선류산장
f_f005356,1,3,2308030004,호박 고을
f_f005356,1,4,2308030005,동궁과 월지 연꽃 단지
f_f005356,1,5,2308030006,벤자마스
f_f005356,1,6,2308030007,황성공원
f_f005356,1,7,2308030002,집
f_f005365,1,1,2308190001,집
f_f005365,1,2,2308190002,조르바
f_f005365,1,3,2308190003,신라 제면
f_f005365,1,4,2308190004,첨성대
f_f005365,1,5,2308190005,동궁과 월지
f_f005365,1,6,2308190006,동취
f_f005365,1,7,2308190007,낭만 저택
f_f005365,2,1,2308200003,ego 카페
f_f005365,2,2,2308200002,집
f_f005368,1,1,2308070001,친구 친지 집
f_f005368,1,2,2308070003,벌집
f_f005368,1,3,2308070004,오프 더 월
f_f005368,1,4,2308070005,강릉 중앙시장
f_f005368,1,5,2308070006,순두부 젤라또 2호점
f_f005368,1,6,2308070007,휘게 앤 노빌레
f_f005368,1,7,2308070008,여수 횟집
f_f005368,1,8,2308070002,휘게 앤 노빌레
f_f005368,2,1,2308080002,두덩
f_f005368,2,2,2308080003,원조 강릉고 동반점 본점
f_f005368,2,3,2308080004,테라로사 커피공장 강릉 본점
f_f005368,2,4,2308080005,횡성휴게소 인천방향
f_f005368,2,5,2308080001,남부 순환로 1983
f_f005372,1,1,2308120001,집
f_f005372,1,2,2308120002,석굴암
f_f005372,1,3,2308120003,불국사
f_f005372,1,4,2308120004,남정 부일 기사식당
f_f005372,1,5,2308120005,스위트호텔 경주
f_f005372,1,6,2308120006,스위트호텔 경주
f_f005372,2,1,2308130001,한봉순할매순두부
f_f005372,2,2,2308130002,경주월드
f_f005372,2,3,2308130003,집
f_f005382,1,1,2308220001,집
f_f005382,1,2,2308220002,서울역
f_f005382,1,3,2308220004,강릉역
f_f005382,1,4,2308220003,숙소
f_f005382,1,5,2308220005,라라의 안목
f_f005382,1,6,2308220006,순두부 젤라또 2호점
f_f005382,1,7,2308220007,안목 해변
f_f005382,1,8,2308220008,강릉 엄지네 꼬막 집 1호점
f_f005382,1,9,2308220009,강릉 중앙시장
f_f005382,1,10,2308220010,숙소
f_f005382,2,1,2308230002,해미가
f_f005382,2,2,2308230003,오죽헌
f_f005382,2,3,2308230004,서원 커피 랩
f_f005382,2,4,2308230005,강릉 월화 거리
f_f005382,2,5,2308230006,강릉역
f_f005382,2,6,2308230007,서울역
f_f005382,2,7,2308230001,집
f_f005393,1,1,2308050001,집
f_f005393,1,2,2308050002,토담 막국수
f_f005393,1,3,2308050003,피닉스 평창 블루캐니언
f_f005393,1,4,2308050004,피닉스 평창 오렌지동
f_f005393,1,5,2308050005,피닉스 평창 곤돌라
f_f005393,1,6,2308050006,평창한우마을 면온점
f_f005393,1,7,2308050007,피닉스 평창 오렌지동
f_f005393,2,1,2308060001,느리고
f_f005393,2,2,2308060002,대관령 삼양목장
f_f005393,2,3,2308060004,양평 휴게소 광주방향
f_f005393,2,4,2308060003,집
f_f005394,1,1,2308210001,집
f_f005394,1,2,2308210002,척산 족욕공원
f_f005394,1,3,2308210003,맛이 부자 튀김 맛집
f_f005394,1,4,2308210005,앤 커 이 스토리
f_f005394,1,5,2308210004,청초 호수공원
f_f005394,1,6,2308210006,영금정
f_f005394,1,7,2308210007,제임스 블루 게스트하우스
f_f005394,2,1,2308220001,맥도날드 속초 DT 점
f_f005394,2,2,2308220002,속초해수욕장
f_f005394,2,3,2308220003,아바이마을 벽화골목
f_f005394,2,4,2308220004,가평휴게소 서울 방향
f_f005394,2,5,2308220005,집
f_f005395,1,1,2308060001,집
f_f005395,1,2,2308060002,우리 횟집
f_f005395,1,3,2308060003,구룡포 바다
f_f005395,1,4,2308060004,모리 커피 포항 구룡포점
f_f005395,1,5,2308060005,경북 영천시 사곡 길 88
f_f005395,1,6,2308060006,보현리 절골 풍경
f_f005395,1,7,2308060007,칠곡휴게소 서울 방향
f_f005395,1,8,2308060008,미소야 김천으로 제니 아점
f_f005395,1,9,2308060009,집
f_f005407,1,1,2308140001,집
f_f005407,1,2,2308140002,광명역
f_f005407,1,3,2308140003,울산역
f_f005407,1,4,2308140004,울산시티 호텔
f_f005407,1,5,2308140005,류센소 울산점
f_f005407,1,6,2308140006,울산시티 호텔
f_f005407,1,7,2308140007,오션 페어리
f_f005407,1,8,2308140008,강동 몽돌해변
f_f005407,1,9,2308140009,울산시티 호텔
f_f005407,1,10,2308140010,숙성도 마 울산 삼산점
f_f005407,1,11,2308140011,울산시티 호텔
f_f005407,2,1,2308150002,떡볶이가 좋다
f_f005407,2,2,2308150003,울산 중구 문화의 거리
f_f005407,2,3,2308150004,카페 머물다
f_f005407,2,4,2308150005,울산시티 호텔
f_f005407,2,5,2308150006,울산역
f_f005407,2,6,2308150007,친구(동행자 집)
f_f005407,2,7,2308150001,집
f_f005408,1,1,2308120001,집
f_f005408,1,2,2308120002,구포역
f_f005408,1,3,2308120003,동대구역
f_f005408,1,4,2308120004,수봉 반점
f_f005408,1,5,2308120005,대구 큰 사랑요양병원
f_f005408,1,6,2308120006,수봉 반점
f_f005408,1,7,2308120007,미드타운 호스텔
f_f005408,1,8,2308120008,대구 중구 골목투어 근대문화골목(2코스)
f_f005408,1,9,2308120009,뷔벽화
f_f005408,1,10,2308120010,오커피샵
f_f005408,1,11,2308120011,서문시장
f_f005408,1,12,2308120012,경상감영공원
f_f005408,1,13,2308120013,태산 만두 본점
f_f005408,1,14,2308120014,미드타운 호스텔
f_f005408,2,1,2308130001,윈드윈
f_f005408,2,2,2308130002,미드타운 호스텔
f_f005408,2,3,2308130003,풍요
f_f005408,2,4,2308130004,국립대구 박물관
f_f005408,2,5,2308130006,동촌유원지
f_f005408,2,6,2308130005,아양철교
f_f005408,2,7,2308130007,바비레드 대구점
f_f005408,2,8,2308130008,구포역
f_f005408,2,9,2308130009,집
f_f005410,1,1,2308110001,집
f_f005410,1,2,2308110002,남산 시외버스정류소
f_f005410,1,3,2308110003,해운대 시외버스정류소
f_f005410,1,4,2308110004,버거 숍 해운대점
f_f005410,1,5,2308110005,클럽 디 오아시스
f_f005410,1,6,2308110006,라이언 홀리데이 인 부산
f_f005410,1,7,2308110007,부암역 부산 2호선
f_f005410,1,8,2308110008,집
f_f005417,1,1,2308030001,집
f_f005417,1,2,2308030003,떼루아 드라마 세트장
f_f005417,1,3,2308030004,와인터널
f_f005417,1,4,2308030005,다르리 벽화마을
f_f005417,1,5,2308030006,티욤핑크
f_f005417,1,6,2308030007,군파 클루지
f_f005417,1,7,2308030002,집
f_f005424,1,1,2308050001,집
f_f005424,1,2,2308050003,창비 부산
f_f005424,1,3,2308050004,볼스
f_f005424,1,4,2308050005,오브젝트 서면점
f_f005424,1,5,2308050006,오월 상점 부산점
f_f005424,1,6,2308050007,나락 서점
f_f005424,1,7,2308050008,샵메이커즈
f_f005424,1,8,2308050009,러브 이즈 기방 1호점
f_f005424,1,9,2308050010,분홍이네
f_f005424,1,10,2308050011,러브 이즈 기방 하트 베어 3호점
f_f005424,1,11,2308050012,H 에비뉴 광안리 해변점
f_f005424,1,12,2308050013,온 밥
f_f005424,1,13,2308050014,책방 오월
f_f005424,1,14,2308050015,우연한 서점
f_f005424,1,15,2308050016,광안리해수욕장
f_f005424,1,16,2308050002,H 에비뉴 광안리 해변점
f_f005424,2,1,2308060002,H 에비뉴 광안리 해변점
f_f005424,2,2,2308060003,안목
f_f005424,2,3,2308060004,교보문고 부산점
f_f005424,2,4,2308060005,부산역
f_f005424,2,5,2308060006,동대구역
f_f005424,2,6,2308060001,집
f_f005431,1,1,2308120001,친구 친지 집
f_f005431,1,2,2308120003,김포국제공항 국내선
f_f005431,1,3,2308120004,해운대 블루라인파크 송정 정거장
f_f005431,1,4,2308120005,라이언 홀리데이 인 부산
f_f005431,1,5,2308120007,부평 깡통시장
f_f005431,1,6,2308120006,공 순대
f_f005431,1,7,2308120008,스테이웰호텔
f_f005431,1,8,2308120009,남포 양 곱창 센터
f_f005431,1,9,2308120010,부평 깡통시장 상인회
f_f005431,1,10,2308120011,남포동 포장마차 거리
f_f005431,1,11,2308120002,스테이웰호텔
f_f005431,2,1,2308130001,18번 완당집
f_f005431,2,2,2308130002,김해국제공항
f_f005431,2,3,2308130003,부개주공 5단지 아파트
f_f005442,1,1,2308160001,집
f_f005442,1,2,2308160002,연인 픽업 (연인 집)
f_f005442,1,3,2308160003,보현산댐 짚와이어
f_f005442,1,4,2308160004,보현산댐 전망대
f_f005442,1,5,2308160005,숲속 안골길
f_f005442,1,6,2308160006,삼송 꾼 만두 영천 본점
f_f005442,1,7,2308160007,편대장 영화식당 영천 본점
f_f005442,1,8,2308160008,더 베스트 호텔
f_f005442,1,9,2308160009,보현산 천문대 주차장
f_f005442,1,10,2308160010,더 베스트 호텔
f_f005442,2,1,2308170001,유생촌 영천점
f_f005442,2,2,2308170002,임고서원
f_f005442,2,3,2308170003,카페 린
f_f005442,2,4,2308170004,집
f_f005450,1,1,2308150001,집
f_f005450,1,2,2308150002,장안 휴게소 울산 방향
f_f005450,1,3,2308150003,이가리 닻 전망대
f_f005450,1,4,2308150004,월포 가락국수
f_f005450,1,5,2308150005,환호공원 스페이스 워크
f_f005450,1,6,2308150006,환호공원 포항시립미술관
f_f005450,1,7,2308150007,영일대해수욕장
f_f005450,1,8,2308150008,집
f_f005468,1,1,2308270001,집
f_f005468,1,2,2308270002,덕평자연휴게소 강릉방향
f_f005468,1,3,2308270003,군위 영천 휴게소 영천 방향
f_f005468,1,4,2308270004,석굴암
f_f005468,1,5,2308270005,불국사
f_f005468,1,6,2308270006,코오롱호텔 경주
f_f005468,1,7,2308270007,도솔 마을
f_f005468,1,8,2308270008,경주 십원빵
f_f005468,1,9,2308270009,국보 31호
f_f005468,1,10,2308270010,대릉원
f_f005468,1,11,2308270011,월정교
f_f005468,1,12,2308270012,교촌마을
f_f005468,1,13,2308270013,코오롱호텔 경주 사우나
f_f005468,1,14,2308270014,코오롱호텔 경주
f_f005468,2,1,2308280001,코오롱호텔 경주 조식
f_f005468,2,2,2308280002,경주엑스포 대공원
f_f005468,2,3,2308280003,고향 밀면
f_f005468,2,4,2308280004,스타벅스 경주 중앙점
f_f005468,2,5,2308280005,단서가 찰보리빵 황오점
f_f005468,2,6,2308280006,낙동강 구미 휴게소 상주방향
f_f005468,2,7,2308280007,충주휴게소 주유소 양평방향
f_f005468,2,8,2308280008,덕평자연휴게소 인천방향
f_f005468,2,9,2308280009,집
f_f005473,1,1,2308250001,집
f_f005473,1,2,2308250003,피닉스 평창
f_f005473,1,3,2308250004,피닉스 평창 블루캐니언
f_f005473,1,4,2308250006,봉평 전통시장
f_f005473,1,5,2308250005,CU 피닉스점
f_f005473,1,6,2308250007,와인 마리아주
f_f005473,1,7,2308250008,피닉스 평창 스토우 파크
f_f005473,1,8,2308250002,피닉스 평창
f_f005473,2,1,2308260001,피닉스 평창 베이커리 카페
f_f005473,2,2,2308260003,봉평 전통시장
f_f005473,2,3,2308260002,명륜 진사 갈비 원주 무실점
f_f005473,2,4,2308260004,코코 버블티
f_f005473,2,5,2308260005,집
f_f005482,1,1,2308030001,집
f_f005482,1,2,2308030002,이태원 왕갈비
f_f005482,1,3,2308030003,낙산 해변
f_f005482,1,4,2308030004,산토닌아 커피
f_f005482,1,5,2308030005,남대천
f_f005482,1,6,2308030006,집
f_f005485,1,1,2308140001,집
f_f005485,1,2,2308140002,오유 카페 마산 본점
f_f005485,1,3,2308140003,스파 더 스페이스
f_f005485,1,4,2308140004,신포 장어
f_f005485,1,5,2308140005,덴다 스타 마산 어시 장점
f_f005485,2,1,2308150001,맛있는 바다여행 수산
f_f005485,2,2,2308150002,아구 왕창 알곤이 찜 마산 본점
f_f005485,2,3,2308150003,시티 베이
f_f005485,2,4,2308150004,집
f_f005495,1,1,2308190001,집
f_f005495,1,2,2308190003,원조 남부 막국수
f_f005495,1,3,2308190005,애스턴 호텔 춘천
f_f005495,1,4,2308190004,소양강 스카이워크
f_f005495,1,5,2308190007,그 테이블
f_f005495,1,6,2308190006,춘천 삼악산 호수 케이블카
f_f005495,1,7,2308190008,강촌레일파크 김유정역
f_f005495,1,8,2308190010,애스턴 호텔 춘천
f_f005495,1,9,2308190009,낭만 춘천 숯불닭갈비
f_f005495,1,10,2308190011,네버 네버
f_f005495,1,11,2308190002,애스턴 호텔 춘천
f_f005495,2,1,2308200003,보문각
f_f005495,2,2,2308200004,카페 감자밭 본점
f_f005495,2,3,2308200005,스마일 카페
f_f005495,2,4,2308200006,집
f_f005496,1,1,2308030001,집
f_f005496,1,2,2308030002,군위 영천 휴게소 영천 방향
f_f005496,1,3,2308030004,황남 공영주차장
f_f005496,1,4,2308030005,료코
f_f005496,1,5,2308030006,카페 솔
f_f005496,1,6,2308030007,키와
f_f005496,1,7,2308030008,소소 밀밀 황남점
f_f005496,1,8,2308030009,황금십원빵
f_f005496,1,9,2308030010,가마솥 족발
f_f005496,1,10,2308030011,브라운 도트 보문점
f_f005496,1,11,2308030012,동궁과 월지
f_f005496,1,12,2308030013,브라운 도트 보문점
f_f005496,2,1,2308040001,블루 원 워터파크
f_f005496,2,2,2308040002,조돌 칼국수
f_f005496,2,3,2308040003,황남 옥수수 황리단길점
f_f005496,2,4,2308040004,집
f_f005498,1,1,2308280001,집
f_f005498,1,2,2308280003,황화정
f_f005498,1,3,2308280004,대릉원
f_f005498,1,4,2308280005,녹아
f_f005498,1,5,2308280006,첨성대
f_f005498,1,6,2308280007,천년 마트
f_f005498,1,7,2308280002,소노벨 경주
f_f005498,2,1,2308290001,황남 짬뽕
f_f005498,2,2,2308290003,황남 샌드 기념품 가게
f_f005498,2,3,2308290004,이디야커피 경주 시외터미널점
f_f005498,2,4,2308290002,집
f_f005506,1,1,2308160001,사무실
f_f005506,1,2,2308160002,온화가
f_f005506,1,3,2308160003,강릉 홍게 무한리필
f_f005506,1,4,2308160004,온화가
f_f005506,2,1,2308170001,아르떼 뮤지엄 강릉
f_f005506,2,2,2308170002,토박이 할머니순두부
f_f005506,2,3,2308170003,송정해변
f_f005506,2,4,2308170004,사근 긴 해변
f_f005506,2,5,2308170005,강문해변
f_f005506,2,6,2308170006,강릉 염전 조개구이
f_f005506,2,7,2308170007,우리집
f_f005508,1,1,2308280001,집
f_f005508,1,2,2308280002,회산 막국수 원주점
f_f005508,1,3,2308280003,치악산 둘레길 1코스
f_f005508,1,4,2308280004,구형사
f_f005508,1,5,2308280005,슬로 파크
f_f005508,1,6,2308280006,국립백운산자연휴양림
f_f005508,1,7,2308280007,원주 김치만두
f_f005508,1,8,2308280008,토지 옹심이
f_f005508,1,9,2308280009,국립백운산자연휴양림
f_f005508,2,1,2308290001,원주 김치만두
f_f005508,2,2,2308290002,자연을 담은 두부
f_f005508,2,3,2308290003,동화마을 수목원
f_f005508,2,4,2308290004,집
f_f005509,1,1,2308270001,집
f_f005509,1,2,2308270002,스파 더 스페이스
f_f005509,1,3,2308270003,동남 주차장
f_f005509,1,4,2308270004,외갓집
f_f005509,1,5,2308270005,진영 복합휴게소 부산방향
f_f005509,1,6,2308270006,집
f_f005512,1,1,2308030001,집
f_f005512,1,2,2308030002,수서역
f_f005512,1,3,2308030003,부산역
f_f005512,1,4,2308030004,서프 로드
f_f005512,1,5,2308030005,송정해수욕장
f_f005512,1,6,2308030006,해운대 31cm 해물칼국수 본점
f_f005512,1,7,2308030007,부산 아시아드 주경기장
f_f005512,1,8,2308030008,GS25 부산역점
f_f005512,1,9,2308030009,설빙 부산역점
f_f005512,1,10,2308030010,부산역
f_f005512,1,11,2308030012,수서역
f_f005512,1,12,2308030011,집
f_f005513,1,1,2308260001,집
f_f005513,1,2,2308260003,송정 숲
f_f005513,1,3,2308260004,땡초김밥 가좌 호탄점
f_f005513,1,4,2308260005,망경제과
f_f005513,1,5,2308260006,진주성
f_f005513,1,6,2308260002,집
f_f005519,1,1,2308050001,집
f_f005519,1,2,2308050003,진영 복합휴게소 부산방향
f_f005519,1,3,2308050004,벡스코 제2전시장
f_f005519,1,4,2308050005,부산 시립미술관
f_f005519,1,5,2308050006,투썸플레이스 부산 벡스코점
f_f005519,1,6,2308050007,오래된 할미 가야 밀면
f_f005519,1,7,2308050008,국제시장
f_f005519,1,8,2308050009,부평 깡통시장
f_f005519,1,9,2308050002,집
f_f005520,1,1,2308210001,집
f_f005520,1,2,2308210002,형제 칼국수
f_f005520,1,3,2308210003,강문해변
f_f005520,1,4,2308210004,순두부 젤라또 1호점
f_f005520,1,5,2308210005,유리알 유희
f_f005520,1,6,2308210006,강릉 김밥 용지 각 본점
f_f005520,1,7,2308210007,호텔 라나
f_f005520,2,1,2308220001,고래 책방
f_f005520,2,2,2308220002,월 화 역
f_f005520,2,3,2308220003,초당쌍포크
f_f005520,2,4,2308220004,강릉 시외버스터미널
f_f005520,2,5,2308220005,집
f_f005526,1,1,2308030001,집
f_f005526,1,2,2308030003,순두부 젤라또 1호점
f_f005526,1,3,2308030004,강릉 동화 가든 본점
f_f005526,1,4,2308030005,경포해수욕장
f_f005526,1,5,2308030006,메가 MGC 커피 경포해수욕장점
f_f005526,1,6,2308030007,순두부 젤라또 3호점
f_f005526,1,7,2308030008,페이 보릿
f_f005526,1,8,2308030009,속초관광수산시장
f_f005526,1,9,2308030010,속초해수욕장
f_f005526,1,10,2308030002,집
f_f005528,1,1,2308210001,집
f_f005528,1,2,2308210003,경주 시외버스터미널
f_f005528,1,3,2308210004,경주월드
f_f005528,1,4,2308210005,황련단길
f_f005528,1,5,2308210006,경주 시외버스터미널
f_f005528,1,6,2308210007,부산 서부버스터미널
f_f005528,1,7,2308210002,집
f_f005532,1,1,2308110001,집
f_f005532,1,2,2308110002,SK 렌터카 구로지점
f_f005532,1,3,2308110003,문프룻
f_f005532,1,4,2308110004,금강 막국수
f_f005532,1,5,2308110005,제이드가든 수목원
f_f005532,1,6,2308110006,살롱 제이드 바이 제이드가든 Salon Jade
f_f005532,1,7,2308110007,가평군 농협 하나로마트 본점
f_f005532,1,8,2308110008,남이섬 22스파 풀빌라
f_f005532,2,1,2308120001,자연 다슬기 해장국
f_f005532,2,2,2308120002,이탈리아 마을 피노키오와 다빈치
f_f005532,2,3,2308120003,쁘띠프랑스
f_f005532,2,4,2308120004,사트레봉 청평 호수점
f_f005532,2,5,2308120005,아침 고요수목원
f_f005532,2,6,2308120006,청평 호반 닭갈비 막국수 청평 본점
f_f005532,2,7,2308120007,SK 렌터카 구로지점
f_f005532,2,8,2308120008,집
f_f005533,1,1,2308050001,집
f_f005533,1,2,2308050002,내린천 휴게소
f_f005533,1,3,2308050003,서피 비치
f_f005533,1,4,2308050004,하조대 횟집
f_f005533,1,5,2308050005,매직 카펫 라이드 써 프
f_f005533,1,6,2308050006,만월도
f_f005533,1,7,2308050007,서울식당
f_f005533,1,8,2308050008,인구해변
f_f005533,1,9,2308050009,매직 카펫 라이드 써 프 게스트하우스
f_f005533,2,1,2308060001,천 선 식당
f_f005533,2,2,2308060002,배배 젤라또
f_f005533,2,3,2308060003,홍천 휴게소 서울 방향
f_f005533,2,4,2308060004,집
f_f005540,1,1,2308080001,집
f_f005540,1,2,2308080003,천등산 휴게소 제천 방향
f_f005540,1,3,2308080004,한화리조트 백암 온천
f_f005540,1,4,2308080005,등 계산 스카이워크
f_f005540,1,5,2308080006,후포 등이 산 공원
f_f005540,1,6,2308080007,후포리 백 년 식당
f_f005540,1,7,2308080008,한화리조트 백암 온천 온천사우나
f_f005540,1,8,2308080002,한화리조트 백암 온천
f_f005540,2,1,2308090001,한화리조트 백암 온천 족욕장
f_f005540,2,2,2308090002,성류굴
f_f005540,2,3,2308090003,바로 이 집
f_f005540,2,4,2308090004,집
f_f005543,1,1,2308190001,집
f_f005543,1,2,2308190009,횡성휴게소 강릉방향
f_f005543,1,3,2308190004,신잠
f_f005543,1,4,2308190006,오죽헌
f_f005543,1,5,2308190005,비사이드 그라운드
f_f005543,1,6,2308190007,세인트존스 호텔
f_f005543,1,7,2308190008,회 바라기
f_f005543,1,8,2308190002,세인트존스 호텔
f_f005543,2,1,2308200002,세인트존스 호텔 크랩
f_f005543,2,2,2308200003,카페 툇마루
f_f005543,2,3,2308200004,초당이고 부순 두부
f_f005543,2,4,2308200005,카모메
f_f005543,2,5,2308200006,이천 휴게소 하남방향
f_f005543,2,6,2308200007,꽃돼지 옛날 김치찌개
f_f005543,2,7,2308200001,집
f_f005549,1,1,2308050001,집
f_f005549,1,2,2308050003,맥도날드 울산 옥현점
f_f005549,1,3,2308050005,월영당
f_f005549,1,4,2308050004,중앙 찜닭
f_f005549,1,5,2308050006,안동민속촌
f_f005549,1,6,2308050007,안동대학교
f_f005549,1,7,2308050008,안동 중앙 신시장
f_f005549,1,8,2308050009,홈플러스 안동점
f_f005549,1,9,2308050010,월영교
f_f005549,1,10,2308050002,숙소
f_f005549,2,1,2308060002,문경 산악바이크
f_f005549,2,2,2308060003,진남교
f_f005549,2,3,2308060004,문경약돌돼지 참나무 장작구이
f_f005549,2,4,2308060001,집
f_f005551,1,1,2308060001,집
f_f005551,1,2,2308060002,코지 하우스
f_f005551,1,3,2308060003,거창 전통시장
f_f005551,1,4,2308060004,금원산자연휴양림
f_f005551,2,1,2308070001,거창 창포원
f_f005551,2,2,2308070002,프랭크 버거 경남 사천점
f_f005551,2,3,2308070004,항공 우주 박물관 항공 우주관
f_f005551,2,4,2308070003,집
f_f005556,1,1,2308050001,사무실
f_f005556,1,2,2308050003,음성휴게소 하남방향
f_f005556,1,3,2308050004,여주 맛있는 휴게소 강릉방향
f_f005556,1,4,2308050005,평창 마트
f_f005556,1,5,2308050002,히든 벨리펜션
f_f005556,2,1,2308060001,펜션 앞 산책 및 줍기
f_f005556,2,2,2308060002,무이리 계곡
f_f005556,2,3,2308060003,일송정
f_f005556,2,4,2308060004,피닉스 평창 스토우 파크
f_f005556,2,5,2308060005,평창무이예술관
f_f005556,2,6,2308060006,웰리힐리 파크
f_f005556,2,7,2308060007,라이더스
f_f005556,2,8,2308060008,이마트 원주점
f_f005556,2,9,2308060009,천년나무 1단지 아파트
f_f005559,1,1,2308270001,집
f_f005559,1,2,2308270002,불러 밥 드
f_f005559,1,3,2308270003,카페까지 노
f_f005559,1,4,2308270004,한웅 인터벌
f_f005559,1,5,2308270005,부산 아시아드 주경기장
f_f005559,1,6,2308270006,한웅 인터벌
f_f005559,2,1,2308280001,소문난 손칼국수 밀면
f_f005559,2,2,2308280002,유월 커피
f_f005559,2,3,2308280003,꿈꾸는 다락방
f_f005559,2,4,2308280004,김해국제공항 국내선 청사
f_f005559,2,5,2308280005,집
f_f005560,1,1,2308130001,집
f_f005560,1,2,2308130003,여주 맛있는 휴게소 강릉방향
f_f005560,1,3,2308130004,용화 해변
f_f005560,1,4,2308130006,용화 물회
f_f005560,1,5,2308130002,그 집 민박
f_f005560,2,1,2308140001,달인 짬뽕
f_f005560,2,2,2308140002,카페 용화
f_f005560,2,3,2308140003,맹방해수욕장
f_f005560,2,4,2308140004,심연
f_f005575,1,1,2308060001,집
f_f005575,1,2,2308060002,황산공원
f_f005575,1,3,2308060003,호포 나루
f_f005575,1,4,2308060004,블랙업커피 양산점
f_f005575,1,5,2308060005,집
f_f005577,1,1,2308140001,집
f_f005577,1,2,2308140002,미가 연
f_f005577,1,3,2308140004,오대산
f_f005577,1,4,2308140003,월정사
f_f005577,1,5,2308140005,카페 연월일
f_f005577,1,6,2308140006,대관령 양떼목장
f_f005577,1,7,2308140007,황태회관
f_f005577,1,8,2308140008,횡계 유명 통닭
f_f005577,1,9,2308140009,수미
f_f005577,1,10,2308140010,AM 호텔
f_f005577,2,1,2308150001,발왕산 관광 케이블카
f_f005577,2,2,2308150002,진부 국밥
f_f005577,2,3,2308150003,엘림 커피
f_f005577,2,4,2308150004,집
f_f005584,1,1,2308050001,친구 친지 집
f_f005584,1,2,2308050002,부석사
f_f005584,1,3,2308050003,부석사 가는 길에
f_f005584,1,4,2308050004,코어 세계 과학관
f_f005584,1,5,2308050005,랜드 컴포트
f_f005584,1,6,2308050006,경북 안동시 운안동 439-25
f_f005586,1,1,2308130001,집
f_f005586,1,2,2308130002,서울역
f_f005586,1,3,2308130003,신경주역
f_f005586,1,4,2308130004,외동 휴게소 울산 방향
f_f005586,1,5,2308130005,경주 양동 마을
f_f005586,1,6,2308130006,황련단길
f_f005586,1,7,2308130007,큰 기와
f_f005586,1,8,2308130008,로드풋
f_f005586,1,9,2308130009,금방 거래소
f_f005586,1,10,2308130010,동궁과 월지
f_f005586,1,11,2308130011,첨성대
f_f005586,1,12,2308130012,신경주역
f_f005586,1,13,2308130014,서울역
f_f005586,1,14,2308130013,그린빌
f_f005589,1,1,2308200001,집
f_f005589,1,2,2308200002,서울역
f_f005589,1,3,2308200003,포항역
f_f005589,1,4,2308200004,환호공원 스페이스 워크
f_f005589,1,5,2308200006,수향 회식당
f_f005589,1,6,2308200007,호리전 펜션
f_f005589,2,1,2308210001,호미곶
f_f005589,2,2,2308210002,어스 피스커피
f_f005589,2,3,2308210003,포항역
f_f005589,2,4,2308210004,서울역
f_f005589,2,5,2308210005,집
f_f005590,1,1,2308190001,집
f_f005590,1,2,2308190003,대전역
f_f005590,1,3,2308190010,부산역
f_f005590,1,4,2308190002,서면 개금밀면
f_f005590,1,5,2308190004,이마트 24 서면 비락점
f_f005590,1,6,2308190005,LUFT
f_f005590,1,7,2308190006,콩테 무아
f_f005590,1,8,2308190007,전포 카페거리
f_f005590,1,9,2308190008,롯데백화점 부산본점
f_f005590,1,10,2308190009,부산 비즈니스호텔
f_f005590,2,1,2308200001,까사 부사로
f_f005590,2,2,2308200002,진미 횟집
f_f005590,2,3,2308200003,광안리해수욕장
f_f005590,2,4,2308200005,부산역
f_f005590,2,5,2308200004,집
f_f005591,1,1,2309080001,친구 친지 집
f_f005591,1,2,2309080002,청량리역
f_f005591,1,3,2309080003,안동역
f_f005591,1,4,2309080004,안동찜닭 골목
f_f005591,1,5,2309080005,(주) 매머드
f_f005591,1,6,2309080006,송현 교회
f_f005591,1,7,2309080007,만휴정
f_f005591,1,8,2309080008,목계 서원
f_f005591,1,9,2309080009,낙강 물길 공원
f_f005591,1,10,2309080010,월영교
f_f005591,1,11,2309080011,월영당
f_f005591,1,12,2309080012,일직 식당
f_f005591,1,13,2309080013,백선당
f_f005591,2,1,2309090002,안동참굳한우
f_f005591,2,2,2309090003,안동 하회마을
f_f005591,2,3,2309090004,안동역
f_f005591,2,4,2309090005,청량리역
f_f005591,2,5,2309090001,신정마을
f_f005604,1,1,2308060001,집
f_f005604,1,2,2308060002,가평휴게소 춘천 방향
f_f005604,1,3,2308060003,등명 맛집
f_f005604,1,4,2308060004,스테이 인터뷰
f_f005604,1,5,2308060005,월 화 역
f_f005604,1,6,2308060006,안목 해변
f_f005604,1,7,2308060007,그랑블루 모텔
f_f005604,1,8,2308060008,교동 식당
f_f005604,1,9,2308060009,그랑블루 모텔
f_f005604,2,1,2308070001,절뚝 소머리 집
f_f005604,2,2,2308070002,데일리 오아시스 강릉점
f_f005604,2,3,2308070003,하슬라아트월드
f_f005604,2,4,2308070004,벌집
f_f005604,2,5,2308070005,경포해수욕장
f_f005604,2,6,2308070006,집
f_f005615,1,1,2308170001,집
f_f005615,1,2,2308170003,장터촌 두부
f_f005615,1,3,2308170006,다대포해수욕장
f_f005615,1,4,2308170004,다대포 해변공원 공영주차장
f_f005615,1,5,2308170009,정짓간
f_f005615,1,6,2308170005,서프 홀릭 다대포
f_f005615,1,7,2308170007,다대포 해변공원
f_f005615,1,8,2308170008,서프 홀릭 다대포
f_f005615,1,9,2308170010,서프 홀릭 다대포
f_f005615,1,10,2308170011,다대포 해변공원
f_f005615,1,11,2308170012,서프 홀릭 다대포
f_f005615,2,1,2308180001,와
f_f005615,2,2,2308180002,벡스코 제1전시장 (주류박람회)
f_f005615,2,3,2308180003,집
f_f005621,1,1,2308040002,친구 친지 집
f_f005621,1,2,2308040003,석수 김밥
f_f005621,1,3,2308040004,이디야커피 안양 석수역점
f_f005621,1,4,2308040005,경기 광주 휴게소 원주 방향
f_f005621,1,5,2308040006,평창한우마을 면온점
f_f005621,1,6,2308040001,쏠비치 삼척
f_f005621,2,1,2308050002,삼척항
f_f005621,2,2,2308050003,신화 횟집
f_f005621,2,3,2308050004,강릉 순두부 젤라또 4호점
f_f005621,2,4,2308050005,추암 촛대바위
f_f005621,2,5,2308050006,보틀리에 쏠비치 삼척점
f_f005621,2,6,2308050007,CU 태백 통리점
f_f005621,2,7,2308050008,태백 통리 5일장
f_f005621,2,8,2308050009,오리엔
f_f005621,2,9,2308050010,강원랜드
f_f005621,2,10,2308050001,그린캐슬
f_f005622,1,1,2308250001,사무실
f_f005622,1,2,2308250002,블랑 도도
f_f005622,1,3,2308250003,환호공원 스페이스 워크
f_f005622,1,4,2308250004,비뉴
f_f005622,1,5,2308250006,영일대해수욕장
f_f005622,1,6,2308250005,h avenue hotel
f_f005622,2,1,2308260001,환여 횟집
f_f005622,2,2,2308260002,호미곶 해맞이 광장
f_f005622,2,3,2308260003,어스 피스커피
f_f005622,2,4,2308260004,구룡포 일본인 가옥거리
f_f005622,2,5,2308260005,스기무라
f_f005622,2,6,2308260006,강창훼밀리아파트
f_f005635,1,1,2308050001,친구 친지 집
f_f005635,1,2,2308050002,고래불해수욕장
f_f005635,1,3,2308050003,고래불회대게
f_f005635,1,4,2308050004,고래불해수욕장
f_f005635,1,5,2308050005,그리가다
f_f005635,1,6,2308050006,친구 집
f_f005640,1,1,2308110001,집
f_f005640,1,2,2308110002,병천 토종 순대 국밥
f_f005640,1,3,2308110003,독락당
f_f005640,1,4,2308110004,뷰델카페
f_f005640,1,5,2308110005,오류고아라 해변
f_f005640,1,6,2308110006,국립경주박물관
f_f005640,1,7,2308110007,경주김씨븟
f_f005640,1,8,2308110008,동궁과 월지
f_f005640,1,9,2308110009,집
f_f005645,1,1,2308100001,집
f_f005645,1,2,2308100002,서울고속버스터미널(경부)
f_f005645,1,3,2308100003,강릉 고속버스터미널
f_f005645,1,4,2308100004,강릉관광호텔
f_f005645,1,5,2308100005,아르떼 뮤지엄 강릉
f_f005645,1,6,2308100006,초당 할머니순두부
f_f005645,1,7,2308100007,강릉 중앙시장
f_f005645,1,8,2308100008,강릉에 컷 월화 거리점
f_f005645,1,9,2308100009,월화 선물가게
f_f005645,1,10,2308100010,배니 닭강정
f_f005645,1,11,2308100011,GS25 강릉은 학점
f_f005645,1,12,2308100012,강릉관광호텔
f_f005645,2,1,2308110001,명주 예술마당
f_f005645,2,2,2308110002,강릉 대도호부 관아
f_f005645,2,3,2308110003,강릉 식당
f_f005645,2,4,2308110004,강릉 중앙시장
f_f005645,2,5,2308110005,모자 호떡
f_f005645,2,6,2308110006,월화역
f_f005645,2,7,2308110007,강릉 중화 짬뽕 빵
f_f005645,2,8,2308110008,곰돌이 왕만두
f_f005645,2,9,2308110009,예닮 곳간
f_f005645,2,10,2308110010,수제어묵 크로켓
f_f005645,2,11,2308110011,강릉관광호텔
f_f005645,2,12,2308110012,강릉 고속버스터미널
f_f005645,2,13,2308110013,서울고속버스터미널(경부)
f_f005645,2,14,2308110014,집
f_f005647,1,1,2308080001,집
f_f005647,1,2,2308080003,영해회 식당
f_f005647,1,3,2308080004,이가리 닻 전망대
f_f005647,1,4,2308080005,두 낫디 스타브
f_f005647,1,5,2308080006,무사엔
f_f005647,1,6,2308080007,탕화 쿵후 마라탕
f_f005647,1,7,2308080002,집
f_f005655,1,1,2308060001,집
f_f005655,1,2,2308060002,영월 관광센터
f_f005655,1,3,2308060003,진미 막국수
f_f005655,1,4,2308060004,연하 카페
f_f005655,1,5,2308060005,망경대산 자연휴양림
f_f005655,1,6,2308060006,망경대산 자연휴양림 계곡
f_f005655,1,7,2308060007,망경대산 자연휴양림
f_f005655,2,1,2308070001,망경대산 자연휴양림 치유의 숲
f_f005655,2,2,2308070002,망경대산 자연휴양림
f_f005655,2,3,2308070003,장릉
f_f005655,2,4,2308070004,선돌 관광지
f_f005655,2,5,2308070006,모란 칡 냉면 양평 해장국
f_f005655,2,6,2308070005,집
f_f005657,1,1,2308140001,집
f_f005657,1,2,2308140002,데이오프데이
f_f005657,1,3,2308140003,폴리파크 서면점
f_f005657,1,4,2308140004,돈가스 예찬
f_f005657,1,5,2308140005,비밀정원
f_f005657,1,6,2308140006,집
f_f005666,1,1,2308120001,집
f_f005666,1,2,2308120002,스타 유료주차장
f_f005666,1,3,2308120003,바르트
f_f005666,1,4,2308120005,Q9 풀빌라
f_f005666,1,5,2308120004,서피 비치
f_f005666,1,6,2308120006,인구 수산 회 포차
f_f005666,1,7,2308120007,인구해변
f_f005666,2,1,2308130001,Q9 풀빌라
f_f005666,2,2,2308130002,강릉 현대 장 칼국수 본점
f_f005666,2,3,2308130003,에이엔 브레드
f_f005666,2,4,2308130004,허니 홈피(강릉 본점)
f_f005666,2,5,2308130005,횡성휴게소 인천방향
f_f005666,2,6,2308130007,스타 유료주차장
f_f005666,2,7,2308130006,집
f_f005676,1,1,2308120001,집
f_f005676,1,2,2308120003,장모님 집(숙소)
f_f005676,1,3,2308120004,패밀리파크 물놀이장
f_f005676,1,4,2308120005,안동청과합자회사
f_f005676,1,5,2308120006,안동 구 시장
f_f005676,1,6,2308120007,안동신세계 찜닭
f_f005676,1,7,2308120002,장모님 집
f_f005676,2,1,2308130001,풍전 브런치 카페
f_f005676,2,2,2308130002,패밀리파크 물놀이장
f_f005676,2,3,2308130003,집
f_f005677,1,1,2308050001,집
f_f005677,1,2,2308050003,롯데시네마 서면
f_f005677,1,3,2308050004,두산 2차 아파트
f_f005677,1,4,2308050005,아난티 힐튼 부산
f_f005677,1,5,2308050006,롯데 프리미엄 아웃렛 동부산점
f_f005677,1,6,2308050002,아난티 힐튼 부산
f_f005677,2,1,2308060001,벨라 루니
f_f005677,2,2,2308060002,송정해수욕장
f_f005677,2,3,2308060003,303화덕 송정점
f_f005677,2,4,2308060004,집
f_f005678,1,1,2308290001,집
f_f005678,1,2,2308290002,순두부 짬뽕 동궁
f_f005678,1,3,2308290003,뽀로로 아쿠아빌리지
f_f005678,1,4,2308290004,최부가 83한옥펜션
f_f005678,1,5,2308290005,토야 고준 오호리 준본 점
f_f005678,1,6,2308290006,청수당 경주점
f_f005678,1,7,2308290013,최부가 83한옥펜션
f_f005678,2,1,2308300001,동천 부경 숯불갈비
f_f005678,2,2,2308300002,분황사
f_f005678,2,3,2308300003,베이글 베이 글러
f_f005678,2,4,2308300004,황련단길
f_f005678,2,5,2308300005,고기 마실
f_f005678,2,6,2308300006,집
f_f005679,1,1,2308050001,집
f_f005679,1,2,2308050006,늘 푸른 펜션
f_f005679,1,3,2308050003,궁촌 해변
f_f005679,1,4,2308050004,파로라
f_f005679,1,5,2308050005,마법사 횟집
f_f005679,1,6,2308050002,늘 푸른 펜션
f_f005679,2,1,2308060003,빵명장 삼척해변점
f_f005679,2,2,2308060004,일 미담
f_f005679,2,3,2308060005,피크닉 키키
f_f005679,2,4,2308060002,삼척해변
f_f005679,2,5,2308060006,삼척 고속버스터미널
f_f005679,2,6,2308060001,집
f_f005680,1,1,2308050001,집
f_f005680,1,2,2308050002,동대구역
f_f005680,1,3,2308050003,부산역
f_f005680,1,4,2308050004,센텀시티역 부산 2호선
f_f005680,1,5,2308050005,해운대 초량 밀면
f_f005680,1,6,2308050006,행리단길
f_f005680,1,7,2308050007,해운대해수욕장
f_f005680,1,8,2308050009,해운대 블루라인파크 청사포 정거장
f_f005680,1,9,2308050008,해운대 블루라인파크 미포 정거장
f_f005680,1,10,2308050010,청사포 다릿돌 전망대
f_f005680,1,11,2308050011,광안리해수욕장
f_f005680,1,12,2308050012,밀란 더 마켓
f_f005680,1,13,2308050013,밀레니엄 횟집
f_f005680,1,14,2308050014,광안리해수욕장
f_f005680,1,15,2308050015,센텀 빅토리아 호텔
f_f005680,2,1,2308060001,홍미당 부산 광안리점
f_f005680,2,2,2308060002,광안리해수욕장
f_f005680,2,3,2308060003,광복로 패션거리
f_f005680,2,4,2308060004,개미집 광복동 직영점
f_f005680,2,5,2308060005,국제시장
f_f005680,2,6,2308060006,감천문화마을
f_f005680,2,7,2308060007,국제시장
f_f005680,2,8,2308060008,용두산공원
f_f005680,2,9,2308060009,본전 돼지국밥
f_f005680,2,10,2308060010,집
f_f005694,1,1,2308050001,집
f_f005694,1,2,2308050002,구의역 2호선
f_f005694,1,3,2308050003,청량리역
f_f005694,1,4,2308050004,강릉역
f_f005694,1,5,2308050005,그리다 강릉
f_f005694,1,6,2308050006,강릉 김밥
f_f005694,1,7,2308050007,엄지네 포장마차 본점
f_f005694,1,8,2308050008,하이 오션 커피
f_f005694,1,9,2308050009,경포해수욕장
f_f005694,1,10,2308050010,경포해수욕장
f_f005694,1,11,2308050012,그리다 강릉
f_f005694,2,1,2308060001,원 조교 동장 칼국수
f_f005694,2,2,2308060002,교동 899
f_f005694,2,3,2308060003,강릉 월화 거리
f_f005694,2,4,2308060004,그리다 강릉
f_f005694,2,5,2308060005,강릉 고속버스터미널
f_f005694,2,6,2308060006,집
f_f005697,1,1,2309080001,친구 친지 집
f_f005697,1,2,2309080002,강원 특별자치도교육청 교직원 수련원 아라리 분원
f_f005697,2,1,2309090001,초원 가든
f_f005697,2,2,2309090002,젊은 달 와이 파크
f_f005697,2,3,2309090003,유목정 93
f_f005697,2,4,2309090004,오 원리 644
f_f005699,1,1,2308140001,집
f_f005699,1,2,2308140007,원 마트
f_f005699,1,3,2308140002,대가농협 하나로마트
f_f005699,1,4,2308140003,재동이 칼국수 보리밥
f_f005699,1,5,2308140004,무흘구곡 선바위
f_f005699,1,6,2308140006,곰바우 펜션
f_f005699,2,1,2308150001,리베볼
f_f005699,2,2,2308150002,뒷지지 공원
f_f005699,2,3,2308150003,성 밖 숲
f_f005699,2,4,2308150004,집
f_f005723,1,1,2308160001,집
f_f005723,1,2,2308160003,마라도 회 식당
f_f005723,1,3,2308160004,CU 포항영일 대점
f_f005723,1,4,2308160002,포에스카라반파크
f_f005723,2,1,2308170002,엄마의 밥상
f_f005723,2,2,2308170003,구룡포 일본인 가옥거리
f_f005723,2,3,2308170005,호미곶
f_f005723,2,4,2308170004,구룡포 생활문화센터 아라 예술촌
f_f005723,2,5,2308170006,CU 호미곶 광장점
f_f005723,2,6,2308170001,집
f_f005748,1,1,2308140001,집
f_f005748,1,2,2308140002,동대구역
f_f005748,1,3,2308140003,포항역
f_f005748,1,4,2308140004,죽도 시장
f_f005748,1,5,2308140005,홈플러스 죽도점
f_f005748,1,6,2308140006,포항역
f_f005748,1,7,2308140007,월포역
f_f005748,1,8,2308140008,어보브 블루 풀빌라
f_f005748,2,1,2308150001,카페 173
f_f005748,2,2,2308150002,월포 역
f_f005748,2,3,2308150003,포항역
f_f005748,2,4,2308150004,집
f_f005759,1,1,2308200001,집
f_f005759,1,2,2308200002,하남 드림 휴게소
f_f005759,1,3,2308200003,동원 막국수
f_f005759,1,4,2308200005,육백마지기 주차장
f_f005759,1,5,2308200004,백룡동굴 생태체험학습장
f_f005759,1,6,2308200006,낙원식당 평창한우마을 본점
f_f005759,1,7,2308200016,알펜시아 인터컨티넨탈호텔
f_f005759,2,1,2308210001,인터컨티넨탈호텔 플레이어스 레스토랑
f_f005759,2,2,2308210002,알펜시아 스키점프 센터 모노레일카 탑승 장
f_f005759,2,3,2308210003,스키점프대 라운지
f_f005759,2,4,2308210004,동대산 식당
f_f005759,2,5,2308210005,상원사
f_f005759,2,6,2308210006,월정사
f_f005759,2,7,2308210007,오대산 월정사 전나무 숲길
f_f005759,2,8,2308210008,하남 드림 휴게소
f_f005759,2,9,2308210009,집
f_f005769,1,1,2308050001,집
f_f005769,1,2,2308050002,호우 섬 신세계백화점 센텀시티점
f_f005769,1,3,2308050003,웨스틴조선 부산
f_f005769,1,4,2308050004,더베이 11
f_f005769,1,5,2308050007,웨스틴조선 부산
f_f005769,2,1,2308060001,해운대 블루라인
f_f005769,2,2,2308060002,밀란 더 마켓
f_f005769,2,3,2308060003,집
f_f005780,1,1,2308120001,집
f_f005780,1,2,2308120002,롯데 렌터카 대구 단기 지점
f_f005780,1,3,2308120003,경주성 동 시장
f_f005780,1,4,2308120004,동경주 농협 하나로마트 감포점
f_f005780,1,5,2308120005,루나힐풀빌라
f_f005780,1,6,2308120006,송대말 등대
f_f005780,1,7,2308120007,루나힐풀빌라
f_f005780,2,1,2308130001,ego 카페
f_f005780,2,2,2308130002,경주 문무대왕릉
f_f005780,2,3,2308130003,보불어탕명가
f_f005780,2,4,2308130004,불국사
f_f005780,2,5,2308130006,롯데 렌터카 대구 단기 지점
f_f005780,2,6,2308130005,집
f_f005787,1,1,2308210001,집
f_f005787,1,2,2308210002,블루 삭
f_f005787,1,3,2308210003,푸주옥
f_f005787,1,4,2308210004,양산휴게소 서울 방향
f_f005787,1,5,2308210005,외동 휴게소 포항방향
f_f005787,1,6,2308210006,송대말 등대
f_f005787,1,7,2308210007,등대 목욕탕
f_f005787,1,8,2308210008,한솔 국시
f_f005787,1,9,2308210009,동경주 농협 하나로마트 감포점
f_f005787,1,10,2308210010,부부 수산
f_f005787,1,11,2308210011,경주 엘마르펜션
f_f005787,2,1,2308220001,나 정고운 모래해변
f_f005787,2,2,2308220002,경주 문무대왕릉
f_f005787,2,3,2308220003,청파
f_f005787,2,4,2308220004,신세계 프리미엄 아웃렛 부산
f_f005787,2,5,2308220005,선유도원
f_f005787,2,6,2308220006,집
f_f005801,1,1,2308110001,집
f_f005801,1,2,2308110002,천안아산역
f_f005801,1,3,2308110003,우사기 커피
f_f005801,1,4,2308110004,더 베네치아 스위트
f_f005801,2,1,2308120001,카페드 22볼트
f_f005801,2,2,2308120002,제이 바비큐
f_f005801,2,3,2308120003,소양강
f_f005801,2,4,2308120004,K-water 소양강댐 물 문화관
f_f005801,2,5,2308120005,소양강 둘레길 하늘길(1코스)
f_f005801,2,6,2308120006,소양강 다목적댐 준공 기념탑
f_f005801,2,7,2308120007,카페 나스
f_f005801,2,8,2308120008,카툰 다락방
f_f005801,2,9,2308120009,집
f_f005803,1,1,2308120001,집
f_f005803,1,2,2308120002,광명역
f_f005803,1,3,2308120003,신경주역
f_f005803,1,4,2308120004,소옥
f_f005803,1,5,2308120005,녹아
f_f005803,1,6,2308120006,그날의 미술관
f_f005803,1,7,2308120007,경주 봉황 맨션
f_f005803,1,8,2308120009,대릉원
f_f005803,1,9,2308120010,천마총
f_f005803,1,10,2308120011,료코
f_f005803,1,11,2308120012,황련단길
f_f005803,1,12,2308120013,오 홀리데이
f_f005803,1,13,2308120014,첨성대
f_f005803,1,14,2308120015,동궁과 월지
f_f005803,1,15,2308120008,경주 봉황 맨션
f_f005803,2,1,2308130002,신라명가 경주 본점 경주빵 찰보리빵 서민갑부 찰보리빵
f_f005803,2,2,2308130003,경주월드
f_f005803,2,3,2308130004,스타벅스 경주 보문점
f_f005803,2,4,2308130005,신경주역
f_f005803,2,5,2308130001,집
f_f005804,1,1,2308150001,집
f_f005804,1,2,2308150003,대화 식당
f_f005804,1,3,2308150002,영일대해수욕장
f_f005804,1,4,2308150004,집
f_f005804,1,5,2308150005,환호공원 스페이스 워크
f_f005804,1,6,2308150006,역 일대 해상 누각
f_f005804,1,7,2308150008,친구 집
f_f005804,2,1,2308160001,상생의 손
f_f005804,2,2,2308160004,까멜리아
f_f005804,2,3,2308160002,구룡포 일본인 가옥거리
f_f005804,2,4,2308160003,여든여덟 밤
f_f005804,2,5,2308160005,서울 돈가스
f_f005804,2,6,2308160006,집
f_f005835,1,1,2308130001,집
f_f005835,1,2,2308130002,광주종합터미널
f_f005835,1,3,2308130003,강릉 시외버스터미널
f_f005835,1,4,2308130004,카페 동화
f_f005835,1,5,2308130005,아르떼 뮤지엄 강릉
f_f005835,1,6,2308130006,강릉 동화 가든 본점
f_f005835,1,7,2308130007,유리알 유희
f_f005835,1,8,2308130008,강문해변
f_f005835,1,9,2308130009,피그 놀리라 커피
f_f005835,1,10,2308130010,경포해수욕장
f_f005835,1,11,2308130011,불타는 토스트
f_f005835,1,12,2308130012,광주종합터미널
f_f005835,1,13,2308130013,집
f_f005836,1,1,2308190001,집
f_f005836,1,2,2308190002,보들이
f_f005836,1,3,2308190003,파파 스튜 천진해변점
f_f005836,1,4,2308190004,아야진해수욕장
f_f005836,1,5,2308190005,속초관광수산시장
f_f005836,1,6,2308190006,다 복송 게라면
f_f005836,1,7,2308190007,인생네컷 속초 중앙시장점
f_f005836,1,8,2308190008,월드스테이트 속초
f_f005836,2,1,2308200001,장터 순댓국 본점
f_f005836,2,2,2308200002,오베 르망 속초 중앙시장 직영점
f_f005836,2,3,2308200003,보들이
f_f005836,2,4,2308200004,집
f_f005840,1,1,2308120001,집
f_f005840,1,2,2308120002,벡스코
f_f005840,1,3,2308120006,신세계백화점 센텀시티점
f_f005840,1,4,2308120005,얌 차이나
f_f005840,1,5,2308120004,부산 시립미술관
f_f005840,1,6,2308120003,벡스코 카페 도피와 커피
f_f005840,1,7,2308120007,토요코인 호텔 부산중앙역점
f_f005840,2,1,2308130001,송도 해상 케이블카 송도 베이 스테이션
f_f005840,2,2,2308130002,올리브영 광복 타운 점
f_f005840,2,3,2308130003,국제시장
f_f005840,2,4,2308130004,남포역 지하상가
f_f005840,2,5,2308130005,롯데백화점 광복점
f_f005840,2,6,2308130006,집
f_f005845,1,1,2308260001,집
f_f005845,1,2,2308260003,부산 집
f_f005845,1,3,2308260006,1919봄
f_f005845,1,4,2308260004,영남알프스 얼음골 케이블카 하부 승강장
f_f005845,1,5,2308260005,시례 호박소
f_f005845,1,6,2308260007,월은 정
f_f005845,1,7,2308260008,밀양시립도서관
f_f005845,1,8,2308260009,GD21
f_f005845,1,9,2308260010,밀양아리랑 우주천문대
f_f005845,1,10,2308260011,임시정부
f_f005845,1,11,2308260002,GD21
f_f005845,2,1,2308270002,하마 돈가스
f_f005845,2,2,2308270003,트윈 터널
f_f005845,2,3,2308270001,집
f_f005847,1,1,2308160001,집
f_f005847,1,2,2308160002,월정교
f_f005847,1,3,2308160003,첨성대
f_f005847,1,4,2308160005,동궁과 월지
f_f005847,1,5,2308160004,내 남 네거리
f_f005847,1,6,2308160006,그리고 경주
f_f005847,2,1,2308170001,경주월드
f_f005847,2,2,2308170004,대릉원
f_f005847,2,3,2308170002,청온채
f_f005847,2,4,2308170003,집
f_f005862,1,1,2308150001,집
f_f005862,1,2,2308150002,귀양지
f_f005862,1,3,2308150003,삼문동면 돈
f_f005862,1,4,2308150004,영남루
f_f005862,1,5,2308150005,1919봄
f_f005862,1,6,2308150006,월은 정
f_f005862,1,7,2308150007,용평 터널
f_f005862,1,8,2308150008,종종 스테이
f_f005862,2,1,2308160001,밀양역
f_f005862,2,2,2308160002,구포역
f_f005862,2,3,2308160003,집
f_f005863,1,1,2308220001,집
f_f005863,1,2,2308220003,육백마지기
f_f005863,1,3,2308220004,월성 식당
f_f005863,1,4,2308220002,M9 펜션
f_f005863,2,1,2308230002,장안 횟집
f_f005863,2,2,2308230003,테라로사 경포호수점
f_f005863,2,3,2308230004,오죽헌
f_f005863,2,4,2308230005,대동 면옥
f_f005863,2,5,2308230001,집
f_f005876,1,1,2308270001,집
f_f005876,1,2,2308270002,친지 집
f_f005876,1,3,2308270003,광명역 A 환승주차장
f_f005876,1,4,2308270004,신경주역
f_f005876,1,5,2308270005,대릉원
f_f005876,1,6,2308270006,첨성대
f_f005876,1,7,2308270007,대릉 갈비
f_f005876,1,8,2308270008,한 셀렉트 경주
f_f005876,1,9,2308270009,더 플레이트
f_f005876,1,10,2308270010,한 셀렉트 경주
f_f005876,2,1,2308280001,아덴
f_f005876,2,2,2308280002,불국사
f_f005876,2,3,2308280003,석굴암
f_f005876,2,4,2308280004,산죽 한정식
f_f005876,2,5,2308280005,신경주역
f_f005876,2,6,2308280006,친지 집
f_f005876,2,7,2308280008,집
f_f005881,1,1,2308110001,집
f_f005881,1,2,2308110002,지리산 휴게소 대구방향
f_f005881,1,3,2308110003,큰 마루 팔봉
f_f005881,1,4,2308110004,소소래
f_f005881,1,5,2308110005,엘비스 리젠트 호텔
f_f005881,1,6,2308110006,계명대학교 동산병원
f_f005881,1,7,2308110007,더 현대 대구
f_f005881,1,8,2308110008,걸리버 막창 종로 직영점
f_f005881,1,9,2308110009,엘비스 리젠트 호텔
f_f005881,2,1,2308120001,상주식당
f_f005881,2,2,2308120002,삼송 빵집 본점
f_f005881,2,3,2308120003,서문시장
f_f005881,2,4,2308120004,집
f_f005882,1,1,2308240001,집
f_f005882,1,2,2308240002,성류굴
f_f005882,1,3,2308240003,죽변 해안 스카이 레일
f_f005882,1,4,2308240004,불영사
f_f005882,1,5,2308240005,돌고래 횟집
f_f005882,1,6,2308240006,LG 생활연수원
f_f005882,2,1,2308250001,LG 생활연수원 지하 일층 온천
f_f005882,2,2,2308250002,LG 생활연수원 한식당
f_f005882,2,3,2308250003,LG 생활연수원 일층 카페
f_f005882,2,4,2308250004,월송정
f_f005882,2,5,2308250005,봉화 본가
f_f005882,2,6,2308250006,집
f_f005883,1,1,2309010001,집
f_f005883,1,2,2309010003,경북 천년 숲 정원
f_f005883,1,3,2309010004,가마솥 족발
f_f005883,1,4,2309010005,황련단길
f_f005883,1,5,2309010006,플로리안
f_f005883,1,6,2309010007,동궁과 월지
f_f005883,1,7,2309010008,경주 중앙시장
f_f005883,1,8,2309010002,인 스타 펜션
f_f005883,2,1,2309020001,포레 이브
f_f005883,2,2,2309020002,경주월드
f_f005883,2,3,2309020003,신라 제면
f_f005883,2,4,2309020004,집
f_f005884,1,1,2308260001,집
f_f005884,1,2,2308260002,평사휴게소 부산방향
f_f005884,1,3,2308260003,교리 김밥 경주 본점
f_f005884,1,4,2308260004,국립경주박물관
f_f005884,1,5,2308260005,진평왕릉
f_f005884,1,6,2308260006,스 펑크 커피
f_f005884,1,7,2308260007,분황사
f_f005884,1,8,2308260008,시즈닝
f_f005884,1,9,2308260013,황남 샌드
f_f005884,1,10,2308260010,월정교
f_f005884,1,11,2308260011,동궁과 월지
f_f005884,1,12,2308260012,집
f_f005887,1,1,2308160001,집
f_f005887,1,2,2308160002,P.E.I 커피
f_f005887,1,3,2308160003,정암해변
f_f005887,1,4,2308160004,에이트 호텔
f_f005887,1,5,2308160005,양양 째보
f_f005887,1,6,2308160006,낙산 해변
f_f005887,1,7,2308160007,에이트 호텔
f_f005887,2,1,2308170001,범바우 막국수
f_f005887,2,2,2308170002,정암 148카페
f_f005887,2,3,2308170003,설악산 국립공원 용소 폭포 탐방지원센터
f_f005887,2,4,2308170004,집
f_f005896,1,1,2308160001,집
f_f005896,1,2,2308160003,구룡포 시장
f_f005896,1,3,2308160004,더 벤티 구룡포점
f_f005896,1,4,2308160005,스테이 포르
f_f005896,1,5,2308160006,구룡포해수욕장
f_f005896,1,6,2308160008,구룡포 근대역사관
f_f005896,1,7,2308160007,구룡포 일본인 가옥거리
f_f005896,1,8,2308160009,영일만 회 대게
f_f005896,1,9,2308160010,이마트 24 구룡포 동백꽃점
f_f005896,1,10,2308160011,스테이 포르
f_f005896,1,11,2308160012,구룡포해수욕장
f_f005896,1,12,2308160013,이마트 24 포항 구룡포점
f_f005896,1,13,2308160002,숙소(펜션)
f_f005896,2,1,2308170003,디폴트 커피나
f_f005896,2,2,2308170002,포항시립 구룡포 도서관
f_f005896,2,3,2308170004,유림 식당 모리국수
f_f005896,2,4,2308170005,카페 봄봄 포항 구룡포점
f_f005896,2,5,2308170006,구룡포해수욕장
f_f005896,2,6,2308170001,집
f_f005915,1,1,2308120001,집
f_f005915,1,2,2308120002,평창 자연휴게소 인천방향
f_f005915,1,3,2308120003,오프 더 월
f_f005915,1,4,2308120004,키 라쿠 라멘
f_f005915,1,5,2308120005,비사이드 그라운드
f_f005915,1,6,2308120006,안목 해변
f_f005915,1,7,2308120007,사근 긴 해변
f_f005915,1,8,2308120008,마운틴 모텔
f_f005915,1,9,2308120009,육영 탕수육
f_f005915,1,10,2308120010,세븐일레븐 강릉 내곡점
f_f005915,1,11,2308120011,강릉 김밥
f_f005915,1,12,2308120012,마운틴 모텔
f_f005915,2,1,2308130001,갤러리 밥스
f_f005915,2,2,2308130002,싱글핀에일웍스
f_f005915,2,3,2308130003,하조대해수욕장
f_f005915,2,4,2308130004,서피 비치
f_f005915,2,5,2308130005,홍천 휴게소 서울 방향
f_f005915,2,6,2308130006,집
f_f005925,1,1,2308120001,집
f_f005925,1,2,2308120003,브롱스브루잉컴퍼니 광안리 BP 점
f_f005925,1,3,2308120004,룩앳 더 바리스타 광안점
f_f005925,1,4,2308120005,짱구 포차
f_f005925,1,5,2308120006,광안리해수욕장
f_f005925,1,6,2308120007,라운지 18
f_f005925,1,7,2308120002,호텔 아쿠아펠리스
f_f005925,2,1,2308130002,선녀와 나무꾼
f_f005925,2,2,2308130003,노비 커피
f_f005925,2,3,2308130001,집
f_f005927,1,1,2308120001,집
f_f005927,1,2,2308120002,펠리체 412
f_f005927,1,3,2308120003,인필드
f_f005927,1,4,2308120004,춘천 풍물시장
f_f005927,1,5,2308120005,이마트 춘천점
f_f005927,1,6,2308120006,리버사이드 코지 호텔
f_f005927,1,7,2308120007,임가네
f_f005927,1,8,2308120008,밸브
f_f005927,1,9,2308120009,리버사이드 코지 호텔
f_f005927,2,1,2308130001,광판 팔뚝 김밥 퇴계점
f_f005927,2,2,2308130002,카페 옥산
f_f005927,2,3,2308130003,집
f_f005939,1,1,2308240001,집
f_f005939,1,2,2308240002,아웃 오브 파크
f_f005939,2,1,2308250001,유포리막국수
f_f005939,2,2,2308250002,해피 초원 목장
f_f005939,2,3,2308250003,길성 주유소
f_f005939,2,4,2308250004,김유정역 (폐역)
f_f005939,2,5,2308250005,그린보드
f_f005939,2,6,2308250006,손흥민 벽화
f_f005939,2,7,2308250008,명동 우미 닭갈비
f_f005939,2,8,2308250007,집
f_f005941,1,1,2308080001,집
f_f005941,1,2,2308080003,성철 스님 기념관
f_f005941,1,3,2308080004,성철 대종사 생가
f_f005941,1,4,2308080005,남사예담촌
f_f005941,1,5,2308080006,별장
f_f005941,1,6,2308080007,대원사
f_f005941,1,7,2308080008,서울 설렁탕
f_f005941,1,8,2308080002,집
f_f005943,1,1,2309010001,집
f_f005943,1,2,2309010002,서울역
f_f005943,1,3,2309010003,강릉역
f_f005943,1,4,2309010004,대동 면옥 강릉점
f_f005943,1,5,2309010005,강릉역
f_f005943,1,6,2309010006,이마트 강릉점
f_f005943,1,7,2309010007,다이소 강릉 포남점
f_f005943,1,8,2309010008,올래앤다올스파펜션
f_f005943,1,9,2309010009,드라마 도깨비 촬영지
f_f005943,1,10,2309010010,사근 긴 해변
f_f005943,1,11,2309010011,강릉원예농협 하나로마트 초당점
f_f005943,1,12,2309010012,올래앤다올스파펜션
f_f005943,1,13,2309010013,경포호
f_f005943,1,14,2309010015,경포해수욕장
f_f005943,1,15,2309010014,올래앤다올스파펜션
f_f005943,2,1,2309020001,강릉 동화 가든 본점
f_f005943,2,2,2309020002,안목 해변
f_f005943,2,3,2309020003,아르떼 뮤지엄 강릉
f_f005943,2,4,2309020004,오죽헌
f_f005943,2,5,2309020005,강릉역
f_f005943,2,6,2309020006,강릉역옹막
f_f005943,2,7,2309020007,강릉역
f_f005943,2,8,2309020008,서울역
f_f005943,2,9,2309020009,집
f_f005946,1,1,2308150001,집
f_f005946,1,2,2308150002,금수복국 해운대본점
f_f005946,1,3,2308150010,해운대 블루라인파크 미포 정거장
f_f005946,1,4,2308150009,한화리조트 해운대
f_f005946,2,1,2308160001,해운대 달맞이 길
f_f005946,2,2,2308160002,아난티 힐튼 부산
f_f005946,2,3,2308160003,Ej 카페
f_f005946,2,4,2308160004,이케아 동부산점
f_f005946,2,5,2308160005,풍운장 시골밥상 집
f_f005946,2,6,2308160006,집
f_f005947,1,1,2308220001,집
f_f005947,1,2,2308220002,초월 주유소
f_f005947,1,3,2308220003,탑 플레이스 PC방 태장점
f_f005947,1,4,2308220004,횡성휴게소 강릉방향
f_f005947,1,5,2308220006,세인트존스 호텔
f_f005947,1,6,2308220005,순두부 젤라또 1호점
f_f005947,1,7,2308220007,초당 본가 짬뽕 순두부
f_f005947,1,8,2308220008,강문해변
f_f005947,1,9,2308220009,세인트존스 호텔
f_f005947,1,10,2308220010,원더 스카이
f_f005947,1,11,2308220011,강릉 중앙시장
f_f005947,1,12,2308220012,세인트존스 호텔
f_f005947,1,13,2308220013,세인트존스 호텔
f_f005947,2,1,2308230001,강릉 치킨
f_f005947,2,2,2308230002,세븐일레븐 강릉경포그린점
f_f005947,2,3,2308230003,세인트존스 호텔
f_f005947,2,4,2308230004,풍년 갈비
f_f005947,2,5,2308230005,강릉 샌드 초당 직영점
f_f005947,2,6,2308230006,세인트존스 호텔
f_f005947,2,7,2308230007,곳
f_f005947,2,8,2308230008,대한민국 강원도 강릉시 사천면 사천진리 33-1
f_f005947,2,9,2308230009,사천농협 클린주유소
f_f005947,2,10,2308230010,안녕 고양이
f_f005947,2,11,2308230011,평창 자연휴게소 인천방향
f_f005947,2,12,2308230013,기흥휴게소 주차장
f_f005947,2,13,2308230012,집
f_f005948,1,1,2308180001,집
f_f005948,1,2,2308180003,우리 슈퍼 문산점 진주 부라더미싱
f_f005948,1,3,2308180004,안의농협 하나로마트
f_f005948,1,4,2308180005,금원산자연휴양림
f_f005948,1,5,2308180002,금원산자연휴양림
f_f005948,2,1,2308190001,덕천서원
f_f005948,2,2,2308190002,거창 Y자형 출렁다리
f_f005948,2,3,2308190003,백두산 천지온천
f_f005948,2,4,2308190004,창성 식당
f_f005948,2,5,2308190005,투썸플레이스 경남 거창점
f_f005948,2,6,2308190006,집
f_f005950,1,1,2308160001,집
f_f005950,1,2,2308160003,동양 군수 백과
f_f005950,1,3,2308160004,목련 양과
f_f005950,1,4,2308160005,나 그 놀 수성 레이크점
f_f005950,1,5,2308160006,수성못
f_f005950,1,6,2308160007,동대구유성푸르나임
f_f005950,1,7,2308160008,메가박스 대구 신세계
f_f005950,1,8,2308160009,동대구유성푸르나임
f_f005950,2,1,2308170001,이성당 본점
f_f005950,2,2,2308170002,중앙 떡볶이
f_f005950,2,3,2308170003,대구 이월드
f_f005950,2,4,2308170004,신성 가든 신성 샤브
f_f005950,2,5,2308170005,신세계백화점 대구점
f_f005950,2,6,2308170006,집
f_f005956,1,1,2308150001,친구 친지 집
f_f005956,1,2,2308150002,장보고 식자재마트 중 방범
f_f005956,1,3,2308150003,에 맨디
f_f005956,1,4,2308150004,용바위 민박
f_f005956,1,5,2308150005,경북 경산시 청운 2로 11길 42
f_f005976,1,1,2308170001,집
f_f005976,1,2,2308170002,CU E가 평 휴게소 춘천점
f_f005976,1,3,2308170003,씨크루즈호텔속초
f_f005976,1,4,2308170004,등대해수욕장
f_f005976,1,5,2308170005,씨크루즈호텔속초
f_f005976,1,6,2308170006,속초관광수산시장
f_f005976,1,7,2308170007,한스 키친
f_f005976,1,8,2308170008,이마트 24 씨크루즈호텔속초점
f_f005976,1,9,2308170009,씨크루즈호텔속초
f_f005976,2,1,2308180001,함흥냉면옥
f_f005976,2,2,2308180002,카페람
f_f005976,2,3,2308180003,장사항 바다숲공원
f_f005976,2,4,2308180004,집
f_f005983,1,1,2308130001,집
f_f005983,1,2,2308130002,부경양돈 MF 신관 안점
f_f005983,1,3,2308130003,다강
f_f005983,1,4,2308130004,숲속 자연캠핑장
f_f005983,1,5,2308130006,산 아래
f_f005983,2,1,2308140001,1919봄
f_f005983,2,2,2308140002,자금성
f_f005983,2,3,2308140003,집
f_f006021,1,1,2308240001,집
f_f006021,1,2,2308240002,오산리 선사유적박물관
f_f006021,1,3,2308240003,송이밸리 자연휴양림 백두대간 생태교육장
f_f006021,1,4,2308240004,박가 고기 국수
f_f006021,1,5,2308240005,코레일 낙산연수원
f_f006021,1,6,2308240006,물치해변
f_f006021,1,7,2308240007,코레일 낙산연수원
f_f006021,2,1,2308250001,낙산사
f_f006021,2,2,2308250002,낙산 해변
f_f006021,2,3,2308250003,집
f_f006029,1,1,2308160001,집
f_f006029,1,2,2308160003,경산 시외버스정류장
f_f006029,1,3,2308160004,계림 규동
f_f006029,1,4,2308160005,경주세계 자동차 박물관
f_f006029,1,5,2308160006,로제르 파리
f_f006029,1,6,2308160007,경주 시외버스터미널
f_f006029,1,7,2308160002,집
f_f006037,1,1,2308230001,집
f_f006037,1,2,2308230002,광명역
f_f006037,1,3,2308230003,신경주역
f_f006037,1,4,2308230004,황련단길
f_f006037,1,5,2308230005,황화정
f_f006037,1,6,2308230006,앨리 게스트하우스
f_f006037,1,7,2308230007,대릉원
f_f006037,1,8,2308230008,황련단길
f_f006037,1,9,2308230009,첨성대
f_f006037,1,10,2308230010,국립경주박물관
f_f006037,1,11,2308230011,앨리 게스트하우스
f_f006037,1,12,2308230012,황련단길
f_f006037,1,13,2308230013,두 낫디 스타브 베이커스 경주
f_f006037,1,14,2308230014,동궁과 월지
f_f006037,1,15,2308230015,월정교
f_f006037,1,16,2308230016,첨성대
f_f006037,1,17,2308230017,롯폰기
f_f006037,1,18,2308230018,앨리 게스트하우스
f_f006037,2,1,2308240001,대구 갈비
f_f006037,2,2,2308240002,불국사
f_f006037,2,3,2308240003,바니 베어뮤지엄
f_f006037,2,4,2308240004,보문호반길
f_f006037,2,5,2308240005,황룡원
f_f006037,2,6,2308240006,앨리 게스트하우스
f_f006037,2,7,2308240008,황련단길
f_f006037,2,8,2308240007,가봉 방과
f_f006037,2,9,2308240009,신경주역
f_f006037,2,10,2308240010,광명역
f_f006037,2,11,2308240011,집
f_f006041,1,1,2308230001,집
f_f006041,1,2,2308230002,횡성휴게소 강릉방향
f_f006041,1,3,2308230003,서프 팩토리
f_f006041,1,4,2308230004,대진 해변
f_f006041,1,5,2308230005,스테이 피어 471
f_f006041,1,6,2308230006,이마트 동해점
f_f006041,1,7,2308230007,묵호 전망대 활어회센터
f_f006041,1,8,2308230008,스테이 피어 471
f_f006041,1,9,2308230012,스테이 피어 471
f_f006041,2,1,2308240001,안목 해변
f_f006041,2,2,2308240003,강릉 동화 가든 본점
f_f006041,2,3,2308240002,강릉 중앙시장
f_f006041,2,4,2308240004,집
f_f006047,1,1,2308120001,집
f_f006047,1,2,2308120002,치악휴게소 춘천 방향
f_f006047,1,3,2308120003,피닉스 평창 스카이 콘도
f_f006047,1,4,2308120004,피닉스 평창 블루캐니언
f_f006047,1,5,2308120005,피닉스 평창 스카이 콘도
f_f006047,2,1,2308130001,피닉스 평창 베이커리 카페
f_f006047,2,2,2308130002,평창 루지 랜드
f_f006047,2,3,2308130003,메밀꽃 향기
f_f006047,2,4,2308130004,메밀 스케치
f_f006047,2,5,2308130005,봉평 전통시장
f_f006047,2,6,2308130006,국순당 주행로
f_f006047,2,7,2308130007,집
f_f006054,1,1,2308130001,집
f_f006054,1,2,2308130002,경주 시외버스터미널
f_f006054,1,3,2308130003,로드 1
f_f006054,1,4,2308130004,첨성대
f_f006054,1,5,2308130005,여미온
f_f006054,1,6,2308130006,황련단길
f_f006054,1,7,2308130007,덴다 스타 호텔 헤리티지 경주점
f_f006054,2,1,2308140001,천마총
f_f006054,2,2,2308140002,소향몽
f_f006054,2,3,2308140003,소하 염전 경주
f_f006054,2,4,2308140004,황련단길
f_f006054,2,5,2308140005,집
f_f006060,1,1,2308140001,집
f_f006060,1,2,2308140002,참치몽
f_f006060,1,3,2308140003,이마트 강릉점
f_f006060,1,4,2308140004,스타일링 작업실
f_f006060,1,5,2308140005,강릉 G7 펜션
f_f006060,2,1,2308150001,4년 집 초당순두부
f_f006060,2,2,2308150002,모나 용평리조트
f_f006060,2,3,2308150003,횡성휴게소 인천방향
f_f006060,2,4,2308150004,용인시 처인구 유방동 181성웅 아파트
f_f006065,1,1,2308080001,집
f_f006065,1,2,2308080003,완도 회 식당
f_f006065,1,3,2308080004,보사노바 커피 로프터스 속초점
f_f006065,1,4,2308080005,속초해수욕장
f_f006065,1,5,2308080006,배가 네 찜
f_f006065,1,6,2308080007,온 더 버튼
f_f006065,1,7,2308080002,집
f_f006070,1,1,2308130001,집
f_f006070,1,2,2308130003,고릴라 캠핑 대구점
f_f006070,1,3,2308130004,롯데 아웃렛 이시아폴리스점
f_f006070,1,4,2308130005,더 리터 이시아폴리스점
f_f006070,1,5,2308130006,메가박스 대구 이시아
f_f006070,1,6,2308130002,집
f_f006074,1,1,2308090001,집
f_f006074,1,2,2308090003,치즈 오
f_f006074,1,3,2308090004,시나 셀프 사진관
f_f006074,1,4,2308090007,로드풋
f_f006074,1,5,2308090005,신라 제면
f_f006074,1,6,2308090006,황남 샌드
f_f006074,1,7,2308090002,브라운 도트 보문점
f_f006074,2,1,2308100002,교리 김밥 경주 본점
f_f006074,2,2,2308100003,주렁주렁 경주 보문점
f_f006074,2,3,2308100004,경주 동궁원
f_f006074,2,4,2308100005,선화
f_f006074,2,5,2308100006,황남 경주 식당
f_f006074,2,6,2308100007,첨성대
f_f006074,2,7,2308100001,집
f_f006082,1,1,2308080001,집
f_f006082,1,2,2308080003,김포국제공항 국내선
f_f006082,1,3,2308080004,김해국제공항
f_f006082,1,4,2308080005,합천 일류 돼지국밥 사상점
f_f006082,1,5,2308080006,신세계백화점 센텀시티점
f_f006082,1,6,2308080007,제이엠 커피 로프터스 신세계백화점 센텀시티점
f_f006082,1,7,2308080008,센텀시티 스파랜드
f_f006082,1,8,2308080009,마마 게스트하우스 해운대점
f_f006082,1,9,2308080010,매드독스 해운대 직영점
f_f006082,1,10,2308080011,해운대해수욕장
f_f006082,1,11,2308080002,마마 게스트하우스 해운대점
f_f006082,2,1,2308090002,해운대해수욕장
f_f006082,2,2,2308090003,마마 게스트하우스 해운대점
f_f006082,2,3,2308090004,부산역
f_f006082,2,4,2308090005,대건 명가 돼지국밥
f_f006082,2,5,2308090006,부산역
f_f006082,2,6,2308090007,노량진역 1호선
f_f006082,2,7,2308090001,집
f_f006083,1,1,2308180001,집
f_f006083,1,2,2308180002,빽다방 의정부 발곡역점
f_f006083,1,3,2308180004,철원 한탄강 주상절리길
f_f006083,1,4,2308180005,신청원 시장
f_f006083,1,5,2308180006,동철원농협하나로마트 본점
f_f006083,1,6,2308180007,포항 식당
f_f006083,1,7,2308180003,노블레스 글램핑 카라반
f_f006083,2,1,2308190001,어메이징 래프팅
f_f006083,2,2,2308190002,평이 담백 뼈 칼국수 철원점
f_f006083,2,3,2308190004,DMZ 마켓
f_f006083,2,4,2308190003,카페 공간
f_f006083,2,5,2308190005,집
f_f006085,1,1,2308140001,집
f_f006085,1,2,2308140002,청도 새마을 휴게소 하행
f_f006085,1,3,2308140003,소소 옥
f_f006085,1,4,2308140004,더 뮤즈 호텔
f_f006085,2,1,2308150001,일광해수욕장
f_f006085,2,2,2308150002,기장시장
f_f006085,2,3,2308150004,롯데시네마 동부산 아웃렛
f_f006085,2,4,2308150003,해동용궁사
f_f006085,2,5,2308150005,대변리 바다
f_f006085,2,6,2308150006,죽성 드림세트장
f_f006085,2,7,2308150007,오직 전복죽 기장 끝 집
f_f006085,2,8,2308150008,울주 휴게소 함양 방향
f_f006085,2,9,2308150009,집
f_f006089,1,1,2308120001,집
f_f006089,1,2,2308120003,구룡포 시장
f_f006089,1,3,2308120004,구룡포 일본인 가옥거리
f_f006089,1,4,2308120007,구룡포 과메기 문화관
f_f006089,1,5,2308120005,카페 더 자리
f_f006089,1,6,2308120006,호미곶
f_f006089,1,7,2308120008,조림 명가 구룡포점
f_f006089,1,8,2308120009,대동 주유소
f_f006089,1,9,2308120010,씨클리프리조트
f_f006089,1,10,2308120011,가마치 통닭 포항 도구점
f_f006089,1,11,2308120002,씨클리프리조트
f_f006089,2,1,2308130001,도구해수욕장
f_f006089,2,2,2308130002,씨클리프리조트
f_f006089,2,3,2308130003,연오랑세오녀 테마공원
f_f006089,2,4,2308130004,김밥천국 동해점
f_f006089,2,5,2308130005,집
f_f006098,1,1,2308190001,집
f_f006098,1,2,2308190011,괘법르네시떼역 부산 김해 경전철
f_f006098,1,3,2308190002,봉황역 부산 김해 경전철
f_f006098,1,4,2308190003,봉황 대길
f_f006098,1,5,2308190004,메종 드 아베이
f_f006098,1,6,2308190005,호우 오우 샤브
f_f006098,1,7,2308190006,카츠 토다이
f_f006098,1,8,2308190007,클러스터 즐
f_f006098,1,9,2308190008,러브 에어
f_f006098,1,10,2308190010,봉황역 부산 김해 경전철
f_f006098,1,11,2308190012,괘법르네시떼역 부산 김해 경전철
f_f006098,1,12,2308190009,집
f_f006111,1,1,2308310001,집
f_f006111,1,2,2308310002,서울고속버스터미널(경부)
f_f006111,1,3,2308310003,강릉 고속버스터미널
f_f006111,1,4,2308310004,독도네 본점
f_f006111,1,5,2308310005,안목 역 선물 상점
f_f006111,1,6,2308310006,주문진 방파제
f_f006111,1,7,2308310007,순두부 젤라또 3호점
f_f006111,1,8,2308310008,사근 긴 해변
f_f006111,1,9,2308310009,강릉 중앙시장
f_f006111,1,10,2308310011,니나랑
f_f006111,2,1,2309010001,하슬라아트월드
f_f006111,2,2,2309010002,소문난 대게 칼국수 전문점
f_f006111,2,3,2309010003,정동진 해변
f_f006111,2,4,2309010004,카페 뤼미에르
f_f006111,2,5,2309010005,안목 해변
f_f006111,2,6,2309010006,강릉 고속버스터미널
f_f006111,2,7,2309010008,서울고속버스터미널(경부)
f_f006111,2,8,2309010007,집
f_f006123,1,1,2308160001,친구 친지 집
f_f006123,1,2,2308160002,오션블루가 덕 휴게소 푸드코트
f_f006123,1,3,2308160003,장목 농협 하나로마트 본점
f_f006123,1,4,2308160004,세븐 워터파크
f_f006123,1,5,2308160005,안녕 칠천도
f_f006123,2,1,2308170001,소향 다원
f_f006123,2,2,2308170002,픽처레스크
f_f006123,2,3,2308170003,풍림아파트
f_f006130,1,1,2309030001,집
f_f006130,1,2,2309030003,스시향
f_f006130,1,3,2309030004,대릉원
f_f006130,1,4,2309030005,첨성대
f_f006130,1,5,2309030006,스타벅스 경주 대릉원점
f_f006130,1,6,2309030007,불국사
f_f006130,1,7,2309030002,집
f_f006135,1,1,2309120001,집
f_f006135,1,2,2309120002,가평휴게소 춘천 방향
f_f006135,1,3,2309120003,소노펠리체 빌리지 델피노
f_f006135,1,4,2309120004,설악 케이블카
f_f006135,1,5,2309120005,속초관광수산시장
f_f006135,1,6,2309120006,소노펠리체 빌리지 델피노
f_f006135,2,1,2309130001,소노펠리체 델피노 더엠브로시아
f_f006135,2,2,2309130002,감나무집
f_f006135,2,3,2309130003,카페셜터
f_f006135,2,4,2309130004,집
f_f006136,1,1,2308190001,집
f_f006136,1,2,2308190003,사랑방 식당
f_f006136,1,3,2308190004,영월 소금빵
f_f006136,1,4,2308190005,영월역
f_f006136,1,5,2308190006,영월 서부시장
f_f006136,1,6,2308190007,영월농협 하나로마트 본점
f_f006136,1,7,2308190008,요선암돌개구멍
f_f006136,1,8,2308190009,무릉 가족펜션
f_f006136,1,9,2308190010,법 흥천
f_f006136,1,10,2308190011,무릉 가족펜션
f_f006136,1,11,2308190012,커피 갤러리
f_f006136,1,12,2308190002,무릉 가족펜션
f_f006136,2,1,2308200001,주천 묵집
f_f006136,2,2,2308200002,유목정 93
f_f006136,2,3,2308200003,젊은 달 와이 파크
f_f006136,2,4,2308200004,한반도 지형 전망대
f_f006136,2,5,2308200005,영월 한옥카페 팔괴리
f_f006136,2,6,2308200006,오드란 이 단팥빵
f_f006136,2,7,2308200007,강 언덕 숲속 이야기
f_f006136,2,8,2308200008,집
f_f006143,1,1,2308120001,집
f_f006143,1,2,2308120003,하남 만남의 광장 휴게소
f_f006143,1,3,2308120002,문익점 펜션
f_f006143,2,1,2308130001,월정사
f_f006143,2,2,2308130002,청류 다원
f_f006143,2,3,2308130003,오대산 월정사 전나무 숲길
f_f006143,2,4,2308130004,두 일 막 국수
f_f006143,2,5,2308130005,신선희 황기 찐빵
f_f006143,2,6,2308130006,집
f_f006157,1,1,2309020001,집
f_f006157,1,2,2309020003,함안휴게소 순천방향
f_f006157,1,3,2309020004,더 물
f_f006157,1,4,2309020005,하버 스퀘어
f_f006157,1,5,2309020006,다랭이마을
f_f006157,1,6,2309020007,동남해 농협 하나로마트 삼동점
f_f006157,1,7,2309020008,카페 유자
f_f006157,1,8,2309020002,이제 남해
f_f006157,2,1,2309030001,남해 독일마을
f_f006157,2,2,2309030002,돌창고
f_f006157,2,3,2309030003,스카이라인 루지 통영
f_f006157,2,4,2309030004,집
f_f006173,1,1,2308260001,집
f_f006173,1,2,2308260002,가평휴게소 춘천 방향
f_f006173,1,3,2308260003,코마린 속초점
f_f006173,1,4,2308260004,아바이마을 활어회센터
f_f006173,1,5,2308260005,파리시다드
f_f006173,1,6,2308260006,집
f_f006178,1,1,2308240001,집
f_f006178,1,2,2308240002,강릉역
f_f006178,1,3,2308240003,엄지네 포장마차 본점
f_f006178,1,4,2308240004,아르떼 뮤지엄 강릉
f_f006178,1,5,2308240005,강문 스테이
f_f006178,1,6,2308240006,강문해변
f_f006178,1,7,2308240007,서울 양계
f_f006178,1,8,2308240008,천둥회와 물회 천둥 수산
f_f006178,1,9,2308240009,강문 스테이
f_f006178,2,1,2308250001,최 씨 장칼국수
f_f006178,2,2,2308250002,강문해변
f_f006178,2,3,2308250003,갤러리 밥스
f_f006178,2,4,2308250005,강릉역
f_f006178,2,5,2308250004,여고시절 카레 떡볶이
f_f006178,2,6,2308250006,집
f_f006192,1,1,2308210001,집
f_f006192,1,2,2308210002,정동진역
f_f006192,1,3,2308210003,강릉역
f_f006192,1,4,2308210004,택지 골수제 생갈비
f_f006192,1,5,2308210005,경포수 호텔
f_f006192,1,6,2308210006,카페 툇마루
f_f006192,1,7,2308210007,서울 양계
f_f006192,1,8,2308210008,순부두짬뽕초당애
f_f006192,1,9,2308210009,경포수 호텔
f_f006192,1,10,2308210010,경포해수욕장
f_f006192,1,11,2308210011,강문솟대다리
f_f006192,1,12,2308210012,강문해변
f_f006192,1,13,2308210013,강릉역
f_f006192,1,14,2308210014,집
f_f006199,1,1,2308260001,집
f_f006199,1,2,2308260003,송전해수욕장
f_f006199,1,3,2308260004,삽교리 동치미 막국수 양양점
f_f006199,1,4,2308260005,서피 비치
f_f006199,1,5,2308260006,고스트 비치
f_f006199,1,6,2308260007,하조대 어촌계 회 센터
f_f006199,1,7,2308260002,집
f_f006237,1,1,2308120001,집
f_f006237,1,2,2308120002,에 이른 헤어
f_f006237,1,3,2308120003,중앙로 역 대구 1호선
f_f006237,1,4,2308120004,동대구역
f_f006237,1,5,2308120005,신세계백화점 대구점
f_f006237,1,6,2308120006,대구 이월드
f_f006237,1,7,2308120007,방천 가족 족발
f_f006237,1,8,2308120008,집
f_f006243,1,1,2308190001,집
f_f006243,1,2,2308190003,동대구 터미널
f_f006243,1,3,2308190004,경주 시외버스터미널
f_f006243,1,4,2308190005,베이글 베이 글러
f_f006243,1,5,2308190013,첨성대
f_f006243,1,6,2308190007,대릉원
f_f006243,1,7,2308190008,하루 필름 황리단길점
f_f006243,1,8,2308190009,써니 밥상
f_f006243,1,9,2308190010,대릉묘찌
f_f006243,1,10,2308190011,경주 시외버스터미널
f_f006243,1,11,2308190012,동대구 터미널
f_f006243,1,12,2308190002,집
f_f006333,1,1,2308090001,집
f_f006333,1,2,2308090002,피카 커피 인 더플레이스
f_f006333,1,3,2308090003,남다른 감자탕 경산 중산점
f_f006333,1,4,2308090004,모 브랜드 경산 정평점
f_f006333,1,5,2308090005,집
f_f006334,1,1,2308260001,집
f_f006334,1,2,2308260002,지평 주유소
f_f006334,1,3,2308260003,비발디파크 오션월드
f_f006334,1,4,2308260004,집
f_f006335,1,1,2308120002,집
f_f006335,1,2,2308120001,아홉 살 숲
f_f006335,1,3,2308120003,없게 나무집
f_f006335,1,4,2308120004,부산 화명수목원
f_f006335,1,5,2308120005,집
f_f006337,1,1,2308200001,집
f_f006337,1,2,2308200002,광안리해수욕장
f_f006337,1,3,2308200003,밀란 더 마켓
f_f006337,1,4,2308200004,신세계백화점 센텀시티점
f_f006337,1,5,2308200005,집
f_f006341,1,1,2308260001,집
f_f006341,1,2,2308260002,팬아시아 울산 삼산점
f_f006341,1,3,2308260003,와글아 이 울산 더 테라스 가든 점
f_f006341,1,4,2308260004,롯데몰 동부산점
f_f006341,1,5,2308260005,집
f_f006342,1,1,2308300001,집
f_f006342,1,2,2308300002,평창역
f_f006342,1,3,2308300003,허브나라농원
f_f006342,1,4,2308300005,이효석문학관
f_f006342,1,5,2308300004,이효석문학의 숲
f_f006342,1,6,2308300006,메밀꽃밭
f_f006342,1,7,2308300007,효석 달빛 언덕
f_f006342,1,8,2308300008,평창역
f_f006342,1,9,2308300009,집
f_f006346,1,1,2308090001,집
f_f006346,1,2,2308090002,울산 시외버스터미널
f_f006346,1,3,2308090003,김해여객터미널
f_f006346,1,4,2308090004,신세계백화점 김해점
f_f006346,1,5,2308090005,봉리단길
f_f006346,1,6,2308090006,김해 봉황동 유적
f_f006346,1,7,2308090007,김해여객터미널
f_f006346,1,8,2308090008,집
f_f006347,1,1,2308210001,집
f_f006347,1,2,2308210002,진영역 철도박물관
f_f006347,1,3,2308210003,하모니 숲길
f_f006347,1,4,2308210004,큰 집 게장정식 진영점
f_f006347,1,5,2308210005,요구르트 월드 진영점
f_f006347,1,6,2308210006,스타벅스 김해 진영 DT 점
f_f006347,1,7,2308210007,집
f_f006349,1,1,2308290001,집
f_f006349,1,2,2308290002,대구역
f_f006349,1,3,2308290003,만리장성
f_f006349,1,4,2308290004,공주다
f_f006349,1,5,2308290005,신세계백화점 대구점
f_f006349,1,6,2308290006,롯데리아 동대구 역사점
f_f006349,1,7,2308290007,김천역
f_f006349,1,8,2308290008,집
f_f006352,1,1,2308140001,집
f_f006352,1,2,2308140002,나인 비치 37 surfpub
f_f006352,1,3,2308140003,중앙 닭강정 엑스포 직영점
f_f006352,1,4,2308140004,속초해수욕장
f_f006352,1,5,2308140005,아바이마을
f_f006352,1,6,2308140006,청초호유원지
f_f006352,1,7,2308140007,속초관광수산시장
f_f006352,1,8,2308140008,집
f_f006353,1,1,2308120001,집
f_f006353,1,2,2308120002,신세계 프리미엄 아웃렛 부산
f_f006353,1,3,2308120003,멘무샤 부산 프리미엄 아웃렛점
f_f006353,1,4,2308120004,아띠몽
f_f006353,1,5,2308120005,모 브랜드 부산 아웃렛점
f_f006353,1,6,2308120006,스타벅스 부산 P. 아웃렛점
f_f006353,1,7,2308120007,집
f_f006355,1,1,2308240001,집
f_f006355,1,2,2308240003,호산 식당
f_f006355,1,3,2308240004,천년학 힐링타운
f_f006355,1,4,2308240005,아구스 또
f_f006355,1,5,2308240002,집
f_f006356,1,1,2308120001,집
f_f006356,1,2,2308120002,밀양아리랑 우주천문대
f_f006356,1,3,2308120003,코지 하우스 밀양점
f_f006356,1,4,2308120004,밀양아리랑 우주천문대
f_f006356,1,5,2308120005,국립 밀양 기상과학관
f_f006356,1,6,2308120006,밀양아리랑 우주천문대
f_f006356,1,7,2308120007,밀양시립 박물관
f_f006356,1,8,2308120008,남천 교잡
f_f006356,1,9,2308120009,집
f_f006359,1,1,2308170001,집
f_f006359,1,2,2308170002,국립부산과학관
f_f006359,1,3,2308170003,이케아 동부산점
f_f006359,1,4,2308170004,웨이브 온 커피
f_f006359,1,5,2308170005,집
f_f006360,1,1,2308120001,집
f_f006360,1,2,2308120003,미진 돌곱창
f_f006360,1,3,2308120004,태화강 국가정원 십리대숲
f_f006360,1,4,2308120005,롯데마트 울산점
f_f006360,1,5,2308120002,집
f_f006362,1,1,2308190001,집
f_f006362,1,2,2308190002,외동 휴게소
f_f006362,1,3,2308190003,석굴암
f_f006362,1,4,2308190004,백년손님
f_f006362,1,5,2308190005,소노벨 경주
f_f006362,1,6,2308190006,집
f_f006364,1,1,2308190001,집
f_f006364,1,2,2308190002,롯데몰 진주점
f_f006364,1,3,2308190003,진주성
f_f006364,1,4,2308190004,북경장
f_f006364,1,5,2308190005,집
f_f006365,1,1,2308260001,집
f_f006365,1,2,2308260003,금강산 화암사
f_f006365,1,3,2308260004,아야진해수욕장
f_f006365,1,4,2308260005,스위밍 터틀
f_f006365,1,5,2308260002,집
f_f006368,1,1,2308120001,집
f_f006368,1,2,2308120002,더 키 친일 포노 신세계백화점 센텀시티점
f_f006368,1,3,2308120003,뮤지엄 원
f_f006368,1,4,2308120004,부산 사직종합운동장 사직야구장
f_f006368,1,5,2308120006,해운대 시외버스정류소
f_f006368,1,6,2308120005,집
f_f006371,1,1,2308110001,집
f_f006371,1,2,2308110002,대가야박물관
f_f006371,1,3,2308110003,대가야박물관 어린이 체험학습관
f_f006371,1,4,2308110004,개진고 로게
f_f006371,1,5,2308110005,집
f_f006372,1,1,2308150001,집
f_f006372,1,2,2308150002,부산타워
f_f006372,1,3,2308150003,테라비 남포점
f_f006372,1,4,2308150005,BIFF 거리
f_f006372,1,5,2308150004,올리브영 광복타운점
f_f006372,1,6,2308150006,디원 베이커리 카페
f_f006372,1,7,2308150007,대변항
f_f006372,1,8,2308150008,집
f_f006373,1,1,2308120001,집
f_f006373,1,2,2308120003,남매지
f_f006373,1,3,2308120004,디포그
f_f006373,1,4,2308120006,빅코인플러스노래연습장
f_f006373,1,5,2308120005,고인돌
f_f006373,1,6,2308120007,대구혁신 LH1단지 아파트
f_f006373,1,7,2308120002,집
f_f006374,1,1,2308280001,집
f_f006374,1,2,2308280003,롯데백화점 부산본점
f_f006374,1,3,2308280004,서면 젊음의 거리
f_f006374,1,4,2308280005,롯데백화점 부산본점
f_f006374,1,5,2308280006,서면시장
f_f006374,1,6,2308280002,집
f_f006376,1,1,2308190001,집
f_f006376,1,2,2308190002,경상남도 안전체험관
f_f006376,1,3,2308190003,집
f_f006378,1,1,2308120001,집
f_f006378,1,2,2308120003,경상남도 안전체험관
f_f006378,1,3,2308120004,일해공원
f_f006378,1,4,2308120002,집
f_f006381,1,1,2308200001,집
f_f006381,1,2,2308200002,레인보 캠프 함양점
f_f006381,1,3,2308200003,집
f_f006382,1,1,2308260001,집
f_f006382,1,2,2308260003,영금 물회
f_f006382,1,3,2308260004,속초관광수산시장
f_f006382,1,4,2308260005,숲속의 빈터
f_f006382,1,5,2308260002,집
f_f006384,1,1,2308200001,집
f_f006384,1,2,2308200002,소코아 김해율하점
f_f006384,1,3,2308200003,멈무eat
f_f006384,1,4,2308200004,집
f_f006385,1,1,2308230001,친구 친지 집
f_f006385,1,2,2308230002,감나무집 식당
f_f006385,1,3,2308230003,영남대학교 민속촌 박물관
f_f006385,1,4,2308230004,마고 포레스트
f_f006385,1,5,2308230005,엔씨 백화점 경산점
f_f006385,1,6,2308230006,남산동 휴먼시아 1단지
f_f006387,1,1,2308120001,집
f_f006387,1,2,2308120002,맛깔 칼국수
f_f006387,1,3,2308120004,속초해수욕장
f_f006387,1,4,2308120003,버거킹 속초 DT 점
f_f006387,1,5,2308120008,만석닭강정 엑스포 본점
f_f006387,1,6,2308120006,이디야커피 속초 조양동점
f_f006387,1,7,2308120005,아바이마을
f_f006387,1,8,2308120007,제이 마트 속초점
f_f006387,1,9,2308120009,집
f_f006388,1,1,2308130001,집
f_f006388,1,2,2308130002,만옥 정경원 창녕신라진흥왕척경비
f_f006388,1,3,2308130003,산들에
f_f006388,1,4,2308130004,집
f_f006389,1,1,2308190001,집
f_f006389,1,2,2308190002,다대포해수욕장
f_f006389,1,3,2308190003,집
f_f006390,1,1,2308140001,집
f_f006390,1,2,2308140003,경주 양동 마을
f_f006390,1,3,2308140004,안강시장
f_f006390,1,4,2308140002,집
f_f006392,1,1,2308190001,집
f_f006392,1,2,2308190002,영남알프스 복합웰컴센터 산악 영상관
f_f006392,1,3,2308190003,금곡 사계절 국수
f_f006392,1,4,2308190004,산외 체육공원
f_f006392,1,5,2308190005,코스트코 김해점
f_f006392,1,6,2308190006,집
f_f006393,1,1,2308270001,친구 친지 집
f_f006393,1,2,2308270003,장수 암
f_f006393,1,3,2308270004,카페 섬섬
f_f006393,1,4,2308270005,가락국수 한 그릇
f_f006393,1,5,2308270002,친구 집
f_f006394,1,1,2308200001,집
f_f006394,1,2,2308200003,대동 대숲 아파트
f_f006394,1,3,2308200004,어부 횟집
f_f006394,1,4,2308200005,창호초등학교
f_f006394,1,5,2308200006,계도어촌체험마을
f_f006394,1,6,2308200007,몰리에르
f_f006394,1,7,2308200008,영공방
f_f006394,1,8,2308200002,집
f_f006396,1,1,2308120001,집
f_f006396,1,2,2308120003,멋진 하루 스튜디오
f_f006396,1,3,2308120004,옛진못식육식당
f_f006396,1,4,2308120005,파드마
f_f006396,1,5,2308120006,남매지
f_f006396,1,6,2308120007,경산공설시장
f_f006396,1,7,2308120002,집
f_f006398,1,1,2308100001,집
f_f006398,1,2,2308100002,아이토이
f_f006398,1,3,2308100003,반곡리
f_f006398,1,4,2308100005,남매지
f_f006398,1,5,2308100004,사동 갈비
f_f006398,1,6,2308100007,이마트 경산점
f_f006398,1,7,2308100006,집
f_f006399,1,1,2308120001,집
f_f006399,1,2,2308120002,봉포 잠수부 집 본점
f_f006399,1,3,2308120003,속초관광수산시장
f_f006399,1,4,2308120004,집
f_f006400,1,1,2308240001,집
f_f006400,1,2,2308240002,대바위공원
f_f006400,1,3,2308240003,솔개해수욕장
f_f006400,1,4,2308240004,진하해수욕장
f_f006400,1,5,2308240005,명선도
f_f006400,1,6,2308240006,빵의 나라
f_f006400,1,7,2308240007,집
f_f006401,1,1,2308290001,집
f_f006401,1,2,2308290002,쿠우쿠우 부산 화명점
f_f006401,1,3,2308290003,부산 화명수목원
f_f006401,1,4,2308290004,대천천 누리길
f_f006401,1,5,2308290005,스타벅스 화명강변 DT 점
f_f006401,1,6,2308290006,집
f_f006402,1,1,2308120001,집
f_f006402,1,2,2308120002,로빈 뮤지엄
f_f006402,1,3,2308120003,스타필드 시티 명지
f_f006402,1,4,2308120004,롯데 프리미엄 아웃렛 김해점
f_f006402,1,5,2308120006,청도 새마을 휴게소 하행
f_f006402,1,6,2308120005,집
f_f006403,1,1,2308270001,집
f_f006403,1,2,2308270003,소돌 막국수
f_f006403,1,3,2308270004,소돌해변
f_f006403,1,4,2308270002,집
f_f006405,1,1,2308090001,사무실
f_f006405,1,2,2308090002,대구역
f_f006405,1,3,2308090003,초량 밀면
f_f006405,1,4,2308090004,신세계백화점 센텀시티점
f_f006405,1,5,2308090005,스타벅스 센텀 KNN 점
f_f006405,1,6,2308090006,뮤지엄 원
f_f006405,1,7,2308090007,갤럭시 폴더블 팝업스토어 광안리
f_f006405,1,8,2308090008,광안리해수욕장
f_f006405,1,9,2308090009,투썸플레이스 부산 광안 비치점
f_f006405,1,10,2308090010,밀란 더 마켓
f_f006405,1,11,2308090012,부산역
f_f006405,1,12,2308090011,평리 푸르지오 아파트
f_f006406,1,1,2308190001,집
f_f006406,1,2,2308190002,블루 원 디아너스 CC
f_f006406,1,3,2308190004,감포 일출 복어
f_f006406,1,4,2308190003,집
f_f006483,1,1,2308160001,집
f_f006483,1,2,2308160002,모산공원
f_f006483,1,3,2308160003,홍철 책 빵 김해점
f_f006483,1,4,2308160004,김해 가야 테마파크 카라반 캠핑장
f_f006483,1,5,2308160005,김해 천문대
f_f006483,1,6,2308160006,김해 가야 테마파크 카라반 캠핑장
f_f006483,2,1,2308170001,서부 커피 로프터스 봉황점
f_f006483,2,2,2308170002,봉황대공원
f_f006483,2,3,2308170003,김해 칼국수
f_f006483,2,4,2308170004,집
f_f006484,1,1,2308170001,집
f_f006484,1,2,2308170003,룸증에 이 동성로 2호점
f_f006484,1,3,2308170004,전주행 둘
f_f006484,1,4,2308170005,웰 크레페 동성로점
f_f006484,1,5,2308170006,말랑캣
f_f006484,1,6,2308170007,펀이 락 볼링장
f_f006484,1,7,2308170008,블루 픽셀
f_f006484,1,8,2308170009,고구마 스튜디오
f_f006484,1,9,2308170002,옥서 1길
f_f006523,1,1,2308250001,집
f_f006523,1,2,2308250002,원주역
f_f006523,1,3,2308250003,토지 옹심이
f_f006523,1,4,2308250004,뮤지엄 산
f_f006523,1,5,2308250006,주꾸미가
f_f006523,1,6,2308250005,집
f_f006525,1,1,2308190001,집
f_f006525,1,2,2308190002,송대말 등대
f_f006525,1,3,2308190003,송대말 칼국수
f_f006525,1,4,2308190004,늘 시원 펜션
f_f006525,1,5,2308190005,동경주 농협 하나로마트 감포점
f_f006525,1,6,2308190006,늘 시원 펜션
f_f006525,1,7,2308190007,늘 시원 펜션
f_f006525,2,1,2308200001,키키리키
f_f006525,2,2,2308200002,정글의 법칙
f_f006525,2,3,2308200003,경상북도교육청 발명체험교육관
f_f006525,2,4,2308200004,집
f_f006533,1,1,2309090001,집
f_f006533,1,2,2309090002,고양종합터미널
f_f006533,1,3,2309090003,강릉 고속버스터미널
f_f006533,1,4,2309090005,폴 앤 메리 버거 강문점
f_f006533,1,5,2309090004,다이소 강릉 터미널점
f_f006533,1,6,2309090007,체로
f_f006533,1,7,2309090006,강문해변
f_f006533,1,8,2309090008,유리알 유희
f_f006533,1,9,2309090009,강문해피하우스
f_f006533,1,10,2309090010,강문해변
f_f006533,1,11,2309090011,강릉에 파랑 소갈빗살
f_f006533,1,12,2309090012,강문해변
f_f006533,1,13,2309090013,경포대
f_f006533,1,14,2309090014,강문해피하우스
f_f006533,2,1,2309100001,관동팔경 녹색경관길 강문 송정해변 솔숲 길
f_f006533,2,2,2309100002,안목 해변
f_f006533,2,3,2309100003,선호라면
f_f006533,2,4,2309100004,강문해피하우스
f_f006533,2,5,2309100005,346커피스토리
f_f006533,2,6,2309100006,강릉 고속버스터미널
f_f006533,2,7,2309100007,집
f_f006534,1,1,2308160001,집
f_f006534,1,2,2308160003,배키우동
f_f006534,1,3,2308160005,시리 베이커리
f_f006534,1,4,2308160004,멜빌 베이크 하우스 카페 금오산점
f_f006534,1,5,2308160002,더 휴식 노매드 아늑 호텔 구미지점
f_f006534,2,1,2308170002,모 에누 베이커리
f_f006534,2,2,2308170001,집
f_f006536,1,1,2308230001,집
f_f006536,1,2,2308230003,천안아산역
f_f006536,1,3,2308230004,진주역
f_f006536,1,4,2308230005,친지 집
f_f006536,1,5,2308230006,진주성
f_f006536,1,6,2308230007,국립진주 박물관
f_f006536,1,7,2308230008,하현옥 촉석루점
f_f006536,1,8,2308230009,진양호
f_f006536,1,9,2308230010,카페 진경 양지
f_f006536,1,10,2308230011,친지 집
f_f006536,1,11,2308230012,한정애 추어탕
f_f006536,1,12,2308230013,호도리점 빵
f_f006536,1,13,2308230014,꼴 목포 차 평거점
f_f006536,1,14,2308230015,한라 맥주 진주 평거점
f_f006536,1,15,2308230002,친지 집
f_f006536,2,1,2308240001,롯데몰 진주점
f_f006536,2,2,2308240002,윤은 당 롯데 아웃렛 진주점
f_f006536,2,3,2308240003,친지 집
f_f006536,2,4,2308240004,진주 시외버스터미널
f_f006536,2,5,2308240005,집
f_f006548,1,1,2308160001,집
f_f006548,1,2,2308160002,고양종합터미널
f_f006548,1,3,2308160003,속초 시외버스터미널
f_f006548,1,4,2308160005,친구 집
f_f006548,1,5,2308160004,쏘카 속초 더 하우스 호텔
f_f006548,1,6,2308160006,키친 온유
f_f006548,1,7,2308160007,영랑 호반 1길
f_f006548,1,8,2308160008,설악산 국립공원
f_f006548,1,9,2308160009,설향
f_f006548,1,10,2308160010,다온
f_f006548,1,11,2308160011,속초관광수산시장
f_f006548,1,12,2308160012,속 안고 기념품 가게
f_f006548,1,13,2308160013,설악항
f_f006548,1,14,2308160014,이마트 속초점
f_f006548,1,15,2308160015,장수로
f_f006548,1,16,2308160016,친구 집
f_f006548,2,1,2308170001,뮤지엄 엑스
f_f006548,2,2,2308170002,속초 751샌드위치
f_f006548,2,3,2308170003,안녕 속초 바다야
f_f006548,2,4,2308170004,외옹치해변
f_f006548,2,5,2308170005,테디베어팜
f_f006548,2,6,2308170006,친구 집
f_f006548,2,7,2308170007,쏘카 속초 더 하우스 호스텔
f_f006548,2,8,2308170008,속초 시외버스터미널
f_f006548,2,9,2308170010,세븐일레븐 속초 시외버스터미널점
f_f006548,2,10,2308170009,집
f_f006550,1,1,2308120001,집
f_f006550,1,2,2308120002,주암 산장
f_f006550,1,3,2308120003,주암 산장
f_f006550,1,4,2308120004,주암 산장
f_f006550,2,1,2308130001,주암 산장
f_f006550,2,2,2308130002,주암 산장 식당
f_f006550,2,3,2308130003,집
f_f006551,1,1,2308160001,집
f_f006551,1,2,2308160002,금강휴게소 주유소 부산방향
f_f006551,1,3,2308160004,호텔 아리나
f_f006551,1,4,2308160005,천하 왕소금 구이 밀양점
f_f006551,1,5,2308160003,호텔 아리나
f_f006551,2,1,2308170001,전주영 가옥 콩나물국밥 밀양점
f_f006551,2,2,2308170003,호텔 아리나
f_f006551,2,3,2308170002,영남루
f_f006551,2,4,2308170004,호텔 아리나
f_f006551,2,5,2308170005,채선당 자연한 가득 밀양점
f_f006551,2,6,2308170006,밀양역
f_f006551,2,7,2308170007,집
f_f006625,1,1,2308200001,친구 친지 집
f_f006625,1,2,2308200002,이마트 사상점
f_f006625,1,3,2308200003,옥계계곡
f_f006625,1,4,2308200004,고래불해수욕장
f_f006625,1,5,2308200005,삼사해상공원
f_f006625,1,6,2308200006,스타벅스 포항 장성 DT 점
f_f006625,1,7,2308200007,그린 코아 아파트
f_f006626,1,1,2308200001,친구 친지 집
f_f006626,1,2,2308200002,대승 하이 아트 아파트
f_f006626,1,3,2308200003,교리 김밥 경주 본점
f_f006626,1,4,2308200004,캘리포니아비치
f_f006626,1,5,2308200005,일신 프리빌리지 1단지 아파트
f_f006633,1,1,2308220001,집
f_f006633,1,2,2308220002,서울역
f_f006633,1,3,2308220003,부산역
f_f006633,1,4,2308220004,광안역 부산 2호선
f_f006633,1,5,2308220005,오비아 광안점
f_f006633,1,6,2308220006,꽃돼지국밥
f_f006633,1,7,2308220007,어도로
f_f006633,1,8,2308220008,러브 이즈 기방 1호점
f_f006633,1,9,2308220009,분홍이네
f_f006633,1,10,2308220010,프레젠띵 바이 어도로
f_f006633,1,11,2308220011,광안리해수욕장
f_f006633,1,12,2308220012,톤쇼우 광안점
f_f006633,1,13,2308220013,고 망고 광안리점
f_f006633,1,14,2308220014,클러스터 라운드
f_f006633,1,15,2308220015,러브 이즈 기방 핑크 19
f_f006633,1,16,2308220016,라비들 아틀란 호텔 2
f_f006633,1,17,2308220017,해운대해수욕장
f_f006633,1,18,2308220018,해운대 전통시장
f_f006633,1,19,2308220019,땅땅 치킨 부산 해운대점
f_f006633,1,20,2308220020,라비들 아틀란 호텔 2
f_f006633,2,1,2308230001,빨간 떡볶이
f_f006633,2,2,2308230002,포토 드링크 해운대 광장점
f_f006633,2,3,2308230003,아모레 부산
f_f006633,2,4,2308230005,해운대해수욕장
f_f006633,2,5,2308230006,해운대역 부산 2호선
f_f006633,2,6,2308230007,서면역 부산 1호선
f_f006633,2,7,2308230008,먼스 커피나
f_f006633,2,8,2308230009,점포 사잇길
f_f006633,2,9,2308230010,이재모 피자 서면점
f_f006633,2,10,2308230011,전포 카페거리
f_f006633,2,11,2308230012,롯데백화점 부산본점
f_f006633,2,12,2308230013,부산역
f_f006633,2,13,2308230014,서울역
f_f006633,2,14,2308230004,집
f_f006636,1,1,2308190001,집
f_f006636,1,2,2308190003,한화리조트 설악 쏘라노
f_f006636,1,3,2308190002,크루즈 펜션
f_f006636,2,1,2308200001,속초관광수산시장
f_f006636,2,2,2308200002,아야진해수욕장
f_f006636,2,3,2308200003,집
f_f006659,1,1,2308280001,집
f_f006659,1,2,2308280003,용궁 해물칼국수
f_f006659,1,3,2308280004,시랑이랑
f_f006659,1,4,2308280005,롯데월드 어드벤처 부산
f_f006659,1,5,2308280006,르컬렉티브 아시리아
f_f006659,1,6,2308280007,더 바비큐 51
f_f006659,1,7,2308280002,르컬렉티브 아시리아
f_f006659,2,1,2308290001,어느 멋진 날
f_f006659,2,2,2308290002,스누피 플레이스
f_f006659,2,3,2308290003,죽녹원 펜션
f_f006659,2,4,2308290004,집
f_f006660,1,1,2309020001,집
f_f006660,1,2,2309020002,묵호역
f_f006660,1,3,2309020003,오뚝이 칼국수
f_f006660,1,4,2309020004,논골담길
f_f006660,1,5,2309020005,도째비골스카이밸리
f_f006660,1,6,2309020006,동해 오션시티 레지던스 호텔
f_f006660,1,7,2309020007,한 섬 해변
f_f006660,1,8,2309020008,동해 오션시티 레지던스 호텔
f_f006660,1,9,2309020009,달빛 맥주 동해 천곡점
f_f006660,1,10,2309020010,뽀끼뽀끼오락실
f_f006660,1,11,2309020011,한 섬 해변
f_f006660,1,12,2309020012,동해 오션시티 레지던스 호텔
f_f006660,2,1,2309030001,24시 전주 명가 콩나물국밥 동해 대동점
f_f006660,2,2,2309030002,카페 두 다트 동해점
f_f006660,2,3,2309030003,천곡 황금박쥐동굴
f_f006660,2,4,2309030004,무릉 별유천지
f_f006660,2,5,2309030005,홍콩반점
f_f006660,2,6,2309030006,묵호역
f_f006660,2,7,2309030007,집
f_f006665,1,1,2308150001,집
f_f006665,1,2,2308150002,한탄리버스파호텔
f_f006665,1,3,2308150003,한솔 가든
f_f006665,1,4,2308150004,카페퍼르
f_f006665,1,5,2308150005,집
f_f006666,1,1,2308310001,집
f_f006666,1,2,2308310002,승진 식당
f_f006666,1,3,2308310003,소디프 커피 경주 안강점
f_f006666,1,4,2308310004,집
f_f006667,1,1,2308130001,집
f_f006667,1,2,2308130003,군위전통시장
f_f006667,1,3,2308130002,집
f_f006668,1,1,2308190002,집
f_f006668,1,2,2308190001,산청 예치 마을
f_f006668,1,3,2308190003,집
f_f006669,1,1,2308120001,집
f_f006669,1,2,2308120003,지리산 쌍계사 계곡
f_f006669,1,3,2308120002,집
f_f006677,1,1,2308150001,집
f_f006677,1,2,2308150002,춘천 삼악산 호수 케이블카
f_f006677,1,3,2308150003,삼악산 호수 케이블카 산책길
f_f006677,1,4,2308150004,솔 로스터리 커피
f_f006677,1,5,2308150005,우성 닭갈비 본점
f_f006677,1,6,2308150006,집
f_f006678,1,1,2308130001,집
f_f006678,1,2,2308130002,경주 시외버스터미널
f_f006678,1,3,2308130003,김해여객터미널
f_f006678,1,4,2308130004,호텔야자 김해 삼계점
f_f006678,1,5,2308130005,스타벅스 김해 삼계점
f_f006678,1,6,2308130006,큰놈 도매 횟집
f_f006678,1,7,2308130007,수리공원
f_f006678,1,8,2308130008,훈이네 뒷고기
f_f006678,1,9,2308130012,호텔야자 김해 삼계점
f_f006678,2,1,2308140001,호텔야자 김해 삼계점
f_f006678,2,2,2308140002,스타벅스 신세계 김해점
f_f006678,2,3,2308140003,김해여객터미널
f_f006678,2,4,2308140004,집
f_f006687,1,1,2308300001,집
f_f006687,1,2,2308300002,센텀시티 스파랜드
f_f006687,1,3,2308300003,봉자 막창 해운대 장산점
f_f006687,1,4,2308300004,UH suite the Haeundae
f_f006687,2,1,2308310001,오설록 해운대점
f_f006687,2,2,2308310002,아모레 부산
f_f006687,2,3,2308310003,매드독스 해운대 직영점
f_f006687,2,4,2308310004,KTG 상상마당 부산
f_f006687,2,5,2308310005,녹아웃
f_f006687,2,6,2308310006,집
f_f006697,1,1,2308190001,집
f_f006697,1,2,2308190003,이마트 김해점
f_f006697,1,3,2308190004,외동 휴게소 포항방향
f_f006697,1,4,2308190005,구룡포 일본인 가옥거리
f_f006697,1,5,2308190007,구룡포 주상절리
f_f006697,1,6,2308190006,구룡포해수욕장
f_f006697,1,7,2308190009,베스트웨스턴 플러스 경주
f_f006697,1,8,2308190008,신라의 달밤
f_f006697,1,9,2308190002,베스트웨스턴 플러스 경주
f_f006697,2,1,2308200001,나 정고운 모래해변
f_f006697,2,2,2308200002,황련단길
f_f006697,2,3,2308200003,경주계림
f_f006697,2,4,2308200004,월정교
f_f006697,2,5,2308200005,교촌마을
f_f006697,2,6,2308200006,통도사 휴게소 부산방향
f_f006697,2,7,2308200007,집
f_f006713,1,1,2308120001,집
f_f006713,1,2,2308120002,팔공산 케이블카
f_f006713,1,3,2308120003,산에 꽃이 피네
f_f006713,1,4,2308120004,동화사
f_f006713,1,5,2308120005,커들 포드
f_f006713,1,6,2308120006,집
f_f006714,1,1,2308160001,집
f_f006714,1,2,2308160002,웨일즈판타지움
f_f006714,1,3,2308160003,장생포 고래문화마을
f_f006714,1,4,2308160004,미소 지은
f_f006714,1,5,2308160009,울산대공원 장미원
f_f006714,1,6,2308160005,울산대공원 동물원
f_f006714,1,7,2308160006,스타즈 호텔 울산점
f_f006714,1,8,2308160007,연춘 참숯 석쇠구이
f_f006714,1,9,2308160008,스타즈 호텔 울산점
f_f006714,2,1,2308170001,태화강 국가정원 십리대숲
f_f006714,2,2,2308170002,빵가루
f_f006714,2,3,2308170003,간절곶
f_f006714,2,4,2308170004,간절곶 해방 간절곶점
f_f006714,2,5,2308170005,집
f_f006715,1,1,2308120001,집
f_f006715,1,2,2308120002,김천역
f_f006715,1,3,2308120003,동대구역
f_f006715,1,4,2308120004,매천 수산
f_f006715,1,5,2308120005,논공 휴게소 광주방향
f_f006715,1,6,2308120006,합천호 펜션
f_f006715,1,7,2308120007,합천군 골프연습장
f_f006715,1,8,2308120008,합천풀헤븐워터월드
f_f006715,1,9,2308120009,합천군 골프연습장
f_f006715,1,10,2308120010,합천호 펜션
f_f006715,2,1,2308130001,카페 플로라
f_f006715,2,2,2308130002,동대구역
f_f006715,2,3,2308130003,김천역
f_f006715,2,4,2308130004,집
f_f006716,1,1,2308180001,집
f_f006716,1,2,2308180003,서울역
f_f006716,1,3,2308180004,신경주역
f_f006716,1,4,2308180005,황련단길
f_f006716,1,5,2308180006,대릉원
f_f006716,1,6,2308180007,석굴암
f_f006716,1,7,2308180008,불국사
f_f006716,1,8,2308180009,힐튼호텔 경주
f_f006716,1,9,2308180010,충효 닭집
f_f006716,1,10,2308180011,첨성대
f_f006716,1,11,2308180012,동궁과 월지
f_f006716,1,12,2308180013,경주 중앙시장
f_f006716,1,13,2308180002,힐튼호텔 경주
f_f006716,2,1,2308190002,청년분식
f_f006716,2,2,2308190003,코타
f_f006716,2,3,2308190004,송대말 등대
f_f006716,2,4,2308190005,감포 밀면
f_f006716,2,5,2308190006,청수당 경주점
f_f006716,2,6,2308190007,신경주역
f_f006716,2,7,2308190001,집
f_f006717,1,1,2308120001,집
f_f006717,1,2,2308120002,부산역
f_f006717,1,3,2308120003,동대구역
f_f006717,1,4,2308120004,모모 상점
f_f006717,1,5,2308120005,홀리데이 비지터 숍
f_f006717,1,6,2308120006,코잔타
f_f006717,1,7,2308120007,라움아틀리에
f_f006717,1,8,2308120008,이티비티샵
f_f006717,1,9,2308120009,공감 게스트하우스 본점
f_f006717,1,10,2308120010,걸리버 막창 동성로 직영점
f_f006717,1,11,2308120011,스파크 랜드
f_f006717,1,12,2308120012,영남 소주방
f_f006717,1,13,2308120013,거비 슈퍼
f_f006717,1,14,2308120014,공감 게스트하우스 본점
f_f006717,2,1,2308130001,국일 따로 국밥
f_f006717,2,2,2308130002,라디오데이즈
f_f006717,2,3,2308130003,리얼즈
f_f006717,2,4,2308130004,대화의 장
f_f006717,2,5,2308130005,동대구역
f_f006717,2,6,2308130006,부산역
f_f006717,2,7,2308130007,집
f_f006718,1,1,2308140001,집
f_f006718,1,2,2308140003,찬이네 감자탕 본점
f_f006718,1,3,2308140002,풀빌라 펜션 드위트래 1
f_f006718,2,1,2308150002,병방치 스카이워크
f_f006718,2,2,2308150003,회동 집
f_f006718,2,3,2308150004,정선아리랑 시장
f_f006718,2,4,2308150005,하이원리조트 알파인코스터
f_f006718,2,5,2308150006,운암정 한옥 베이커리 카페 전통 주점
f_f006718,2,6,2308150001,집
f_f006730,1,1,2308120001,집
f_f006730,1,2,2308120002,화서지몽
f_f006730,2,1,2308130001,표충사
f_f006730,2,2,2308130002,밀양 표충사 계곡
f_f006730,2,3,2308130003,가지산 해오름
f_f006730,2,4,2308130004,집
f_f006731,1,1,2308180001,집
f_f006731,1,2,2308180002,강마루 매운탕
f_f006731,1,3,2308180003,메콩
f_f006731,1,4,2308180004,남이섬 가평 선착장
f_f006731,1,5,2308180005,남이섬
f_f006731,1,6,2308180006,호텔정관루
f_f006731,2,1,2308190001,제이드가든 수목원
f_f006731,2,2,2308190002,춘천 소담 막국수
f_f006731,2,3,2308190003,구름산 카페
f_f006731,2,4,2308190004,집
f_f006732,1,1,2308260001,집
f_f006732,1,2,2308260011,서울역
f_f006732,1,3,2308260003,부산역
f_f006732,1,4,2308260004,부산 사하 중흥 S 클래스 아파트
f_f006732,1,5,2308260005,꽃 피는 만석꾼
f_f006732,1,6,2308260006,부산 사하 중흥 S 클래스 아파트
f_f006732,1,7,2308260007,제주시 홈플러스 아시아드점
f_f006732,1,8,2308260008,부산 아시아드 보조경기장
f_f006732,1,9,2308260009,동방 축산 연산점
f_f006732,1,10,2308260012,온천 반도보라 스카이뷰 오피스텔
f_f006732,1,11,2308260010,부산 사하 중흥 S 클래스 아파트
f_f006732,2,1,2308270002,다대포해수욕장
f_f006732,2,2,2308270003,논두렁 감자탕 본점
f_f006732,2,3,2308270004,쀼베이크
f_f006732,2,4,2308270006,부산역
f_f006732,2,5,2308270005,서울역
f_f006732,2,6,2308270001,집
f_f006751,1,1,2308170001,집
f_f006751,1,2,2308170004,김천(구미) 역
f_f006751,1,3,2308170005,감포 항구 낚시
f_f006751,1,4,2308170006,송대말 등대
f_f006751,1,5,2308170003,오늘도 너와
f_f006751,2,1,2308180001,부을 국정 떡갈비
f_f006751,2,2,2308180003,경북 천년 숲 정원
f_f006751,2,3,2308180002,요 유 베이커리 카페
f_f006751,2,4,2308180004,집
f_f006760,1,1,2308190001,집
f_f006760,1,2,2308190002,아워홈 경주 서라벌광장점
f_f006760,1,3,2308190003,구룡포 일본인 가옥거리
f_f006760,1,4,2308190004,구룡포 식당
f_f006760,1,5,2308190005,카페 루치아
f_f006760,1,6,2308190006,에인절 펜션
f_f006760,2,1,2308200007,구룡포해수욕장
f_f006760,2,2,2308200001,맛있는 전복집
f_f006760,2,3,2308200006,국립경주박물관
f_f006760,2,4,2308200002,벤자마스
f_f006760,2,5,2308200003,선 스포츠 플라자 볼링장
f_f006760,2,6,2308200004,정은숙의 요즘 뒷고기
f_f006760,2,7,2308200005,집
f_f006769,1,1,2308150001,집
f_f006769,1,2,2308150002,토함
f_f006769,1,3,2308150003,황룡원
f_f006769,1,4,2308150004,아덴
f_f006769,1,5,2308150005,보문호반길
f_f006769,1,6,2308150006,집
f_f006775,1,1,2308190001,집
f_f006775,1,2,2308190002,낙동강의 성 휴게소 주유소 영천 방향
f_f006775,1,3,2308190004,첨성대
f_f006775,1,4,2308190005,황화정
f_f006775,1,5,2308190006,황련단길
f_f006775,1,6,2308190007,1894사랑채
f_f006775,1,7,2308190008,경주 문무대왕릉
f_f006775,1,8,2308190009,메종 미니 호텔
f_f006775,1,9,2308190010,청온채
f_f006775,1,10,2308190011,천마총
f_f006775,1,11,2308190012,동궁과 월지
f_f006775,1,12,2308190013,경주 중앙시장
f_f006775,1,13,2308190003,메종 미니 호텔
f_f006775,2,1,2308200002,경주김씨븟
f_f006775,2,2,2308200003,캔모아 경주점
f_f006775,2,3,2308200004,경주월드
f_f006775,2,4,2308200001,집
f_f006800,1,1,2308160001,집
f_f006800,1,2,2308160002,우주총 동원
f_f006800,1,3,2308160003,매암차 박물관
f_f006800,1,4,2308160004,최 참판 댁
f_f006800,1,5,2308160005,스타에 이하 동
f_f006800,1,6,2308160006,쉬어가기 좋은 날 식당
f_f006800,1,7,2308160007,참 좋은 궁
f_f006800,2,1,2308170001,쌍계사
f_f006800,2,2,2308170002,밤톨
f_f006800,2,3,2308170003,해룡 웰빙 한 정식 뷔페
f_f006800,2,4,2308170004,화개 장터
f_f006800,2,5,2308170005,하동 알프스 짚와이어
f_f006800,2,6,2308170007,김해 금관 가야 휴게소 주차장
f_f006800,2,7,2308170006,집
f_f006809,1,1,2308260001,집
f_f006809,1,2,2308260002,신촌막국수
f_f006809,1,3,2308260003,홈플러스 원주점
f_f006809,1,4,2308260004,채리 빌리지
f_f006809,2,1,2308270001,젊은 달 와이 파크
f_f006809,2,2,2308270002,카페 도즈 오프
f_f006809,2,3,2308270003,이천 휴게소 하남방향
f_f006809,2,4,2308270004,집
f_f006819,1,1,2308200001,집
f_f006819,1,2,2308200002,속초 해변 물회
f_f006819,1,3,2308200003,속초해수욕장
f_f006819,1,4,2308200004,속초 아이
f_f006819,1,5,2308200005,보사노바 커피 로프터스 속초점
f_f006819,1,6,2308200006,루센 오션파크 속초
f_f006819,1,7,2308200007,아쿠아 딜리버리 회 포장
f_f006819,1,8,2308200008,만석닭강정 엑스포 본점
f_f006819,1,9,2308200009,루센 오션파크 속초
f_f006819,2,1,2308210001,영금정
f_f006819,2,2,2308210002,팔팔 순댓국
f_f006819,2,3,2308210003,속초관광수산시장
f_f006819,2,4,2308210004,양주 휴게소 일산방향
f_f006819,2,5,2308210006,GS25 오일 캠프점
f_f006819,2,6,2308210005,집
f_f006830,1,1,2308120001,집
f_f006830,1,2,2308120002,구와우마을
f_f006830,1,3,2308120003,구와 카페
f_f006830,1,4,2308120004,김서방네 닭갈비
f_f006830,1,5,2308120005,황지공원 황지연못
f_f006830,1,6,2308120006,대덕산 태백시 용연 동굴
f_f006830,1,7,2308120007,황부자 며느리 공원
f_f006830,1,8,2308120008,오로라 파크
f_f006830,1,9,2308120009,태백무인텔
f_f006830,2,1,2308130001,몽토랑산양목장
f_f006830,2,2,2308130002,태백 순두부
f_f006830,2,3,2308130003,집
f_f006831,1,1,2308190001,집
f_f006831,1,2,2308190003,청송 휴게소 영덕 방향
f_f006831,1,3,2308190004,촛대바위
f_f006831,1,4,2308190006,CU 울진 근남점
f_f006831,1,5,2308190005,촛대바위
f_f006831,1,6,2308190007,더 좋은 모텔
f_f006831,1,7,2308190008,죽변 해안 스카이 레일
f_f006831,1,8,2308190009,죽변 생선구이 식당
f_f006831,1,9,2308190010,CU 울진 봉평점
f_f006831,1,10,2308190002,더 좋은 모텔
f_f006831,2,1,2308200004,망양 주유소
f_f006831,2,2,2308200002,울 산회 식당
f_f006831,2,3,2308200003,월송정
f_f006831,2,4,2308200005,등 계산 스카이워크
f_f006831,2,5,2308200006,물치 상회
f_f006831,2,6,2308200001,집
f_f006836,1,1,2308190001,집
f_f006836,1,2,2308190002,아야진해수욕장
f_f006836,1,3,2308190003,소노펠리체 델피노
f_f006836,1,4,2308190004,속초관광수산시장
f_f006836,1,5,2308190006,소노펠리체 델피노
f_f006836,2,1,2308200001,설악워터피아
f_f006836,2,2,2308200002,가평휴게소 서울 방향
f_f006836,2,3,2308200003,집
f_f006856,1,1,2308200001,집
f_f006856,1,2,2308200003,함안휴게소 부산방향
f_f006856,1,3,2308200004,롯데 워터파크
f_f006856,1,4,2308200002,집
f_f006858,1,1,2308180001,집
f_f006858,1,2,2308180010,서울역
f_f006858,1,3,2308180009,강릉역
f_f006858,1,4,2308180002,갯마을 식당 강릉점
f_f006858,1,5,2308180003,메종 고니
f_f006858,1,6,2308180004,초당 커피 정미소
f_f006858,1,7,2308180005,펜션벨라루나
f_f006858,1,8,2308180006,사근 긴 해변
f_f006858,1,9,2308180007,블랙 피시
f_f006858,1,10,2308180008,펜션벨라루나
f_f006858,2,1,2308190001,경포해수욕장
f_f006858,2,2,2308190002,펜션벨라루나
f_f006858,2,3,2308190003,사근 긴 해변
f_f006858,2,4,2308190004,카페 뤼미에르
f_f006858,2,5,2308190005,형제 매운 양푼 갈비 강릉 본점
f_f006858,2,6,2308190006,순두부 젤라또 2호점
f_f006858,2,7,2308190007,안목 해변
f_f006858,2,8,2308190008,나라나 비 강릉점
f_f006858,2,9,2308190009,강릉 중앙시장
f_f006858,2,10,2308190010,강릉 월화 거리
f_f006858,2,11,2308190011,강릉 월화 거리
f_f006858,2,12,2308190012,강릉역
f_f006858,2,13,2308190013,청량리역
f_f006858,2,14,2308190014,집
f_f006867,1,1,2308140001,집
f_f006867,1,2,2308140002,서닝 포인트 CC
f_f006867,1,3,2308140003,왕 터 리조트
f_f006867,1,4,2308140004,집
f_f006871,1,1,2308300001,집
f_f006871,1,2,2308300002,상봉역
f_f006871,1,3,2308300003,강릉역
f_f006871,1,4,2308300004,초당 훈유 순두부 짬뽕
f_f006871,1,5,2308300005,강문해변
f_f006871,1,6,2308300006,복사꽃 살롱
f_f006871,1,7,2308300007,주문진 좌판 풍물시장
f_f006871,1,8,2308300008,더 퍼스트 펜션
f_f006871,2,1,2308310001,사천해변
f_f006871,2,2,2308310002,강릉 아기동물농장
f_f006871,2,3,2308310003,정동진역
f_f006871,2,4,2308310004,정동진 레일바이크
f_f006871,2,5,2308310005,정동진 전복 해물뚝배기
f_f006871,2,6,2308310006,강릉 중앙시장
f_f006871,2,7,2308310007,CGV 강릉
f_f006871,2,8,2308310008,강릉역
f_f006871,2,9,2308310009,집
f_f006876,1,1,2309090001,집
f_f006876,1,2,2309090002,울산시립미술관
f_f006876,1,3,2309090003,울산동헌 및 내아
f_f006876,1,4,2309090004,요 신의 하루카 페
f_f006876,1,5,2309090005,스퀘어 11 울산점
f_f006876,1,6,2309090006,태화강 국가 정원
f_f006876,1,7,2309090007,브라운 도트 울산 학산점
f_f006876,2,1,2309100001,스시고
f_f006876,2,2,2309100002,대왕암공원
f_f006876,2,3,2309100003,집
f_f006879,1,1,2308210001,숙소
f_f006879,1,2,2308210002,아이파크몰 용산점
f_f006879,1,3,2308210003,온정 펜션
f_f006879,2,1,2308220001,홍천 휴게소 양양 방향
f_f006879,2,2,2308220002,제 제네 식탁
f_f006879,2,3,2308220003,속초해수욕장
f_f006879,2,4,2308220004,벌투 파리지앵 속초 본점
f_f006879,2,5,2308220005,용산 푸르지오 서밋 아파트
f_f006889,1,1,2308120001,친구 친지 집
f_f006889,1,2,2308120002,포항 해상 스카이워크
f_f006889,1,3,2308120003,영일대해수욕장
f_f006889,1,4,2308120004,지경 횟집
f_f006889,1,5,2308120005,카페 러블리
f_f006889,1,6,2308120006,대구광역시 군위군 군위읍 대북길 62-1
f_f006901,1,1,2308140001,사무실
f_f006901,1,2,2308140003,건천휴게소 주유소 부산방향
f_f006901,1,3,2308140006,히피 몬드 경주
f_f006901,1,4,2308140004,삼릉 참나무 장작 통닭구이
f_f006901,1,5,2308140005,대화 만두 항리 단점
f_f006901,1,6,2308140007,향미사
f_f006901,1,7,2308140008,대릉원
f_f006901,1,8,2308140009,월정교
f_f006901,1,9,2308140010,첨성대
f_f006901,1,10,2308140011,경주 보문관광단지
f_f006901,1,11,2308140002,남촌하이츠빌
f_f006910,1,1,2308140001,집
f_f006910,1,2,2308140003,전촌용 굴
f_f006910,1,3,2308140004,감포 밀면
f_f006910,1,4,2308140005,송대말 등대
f_f006910,1,5,2308140006,모카
f_f006910,1,6,2308140007,감포 통닭
f_f006910,1,7,2308140008,양 남해 수 온천랜드 24
f_f006910,1,8,2308140002,집
f_f006914,1,1,2308160001,집
f_f006914,1,2,2308160003,콩테 무아
f_f006914,1,3,2308160004,칸다 쇼바 부산 서면점
f_f006914,1,4,2308160005,stay here(에어비앤비)
f_f006914,1,5,2308160006,광안리해수욕장
f_f006914,1,6,2308160007,불필요
f_f006914,1,7,2308160008,텐텐 동전 노래연습장
f_f006914,1,8,2308160009,아이린 PC 광안 비치점
f_f006914,1,9,2308160002,stay here(에어비앤비)
f_f006914,2,1,2308170002,원당
f_f006914,2,2,2308170003,힌트 그룬트 부산대
f_f006914,2,3,2308170004,올리브영 부산대역점
f_f006914,2,4,2308170005,산청휴게소 대전방향
f_f006914,2,5,2308170001,집
f_f006921,1,1,2309090001,집
f_f006921,1,2,2309090002,홍천 휴게소 양양 방향
f_f006921,1,3,2309090003,서피 비치
f_f006921,1,4,2309090004,더 앤리조트
f_f006921,2,1,2309100001,어촌마을 물회 섭국
f_f006921,2,2,2309100002,코개러지
f_f006921,2,3,2309100003,홍천 휴게소 서울 방향
f_f006921,2,4,2309100004,집
f_f006924,1,1,2308180001,집
f_f006924,1,2,2308180003,바다마을 과자점
f_f006924,1,3,2308180004,나뭇잎 마을
f_f006924,1,4,2308180005,KTG 상상마당 부산
f_f006924,1,5,2308180006,환공어묵 부산역점
f_f006924,1,6,2308180002,집
f_f006925,1,1,2308150001,집
f_f006925,1,2,2308150002,청평 그린 휴게소
f_f006925,1,3,2308150004,북한강 포시즌 수상 레저
f_f006925,1,4,2308150005,남이섬 안 반지 닭갈비 1호점
f_f006925,1,5,2308150006,프롬 밀크
f_f006925,1,6,2308150003,집
f_f006933,1,1,2308170001,집
f_f006933,1,2,2308170003,태극당
f_f006933,1,3,2308170004,아테네
f_f006933,1,4,2308170005,부석사
f_f006933,1,5,2308170006,카페 317
f_f006933,1,6,2308170007,소수서원
f_f006933,1,7,2308170008,남선 프리미엄 스테이
f_f006933,1,8,2308170009,선비골 오백 빵집
f_f006933,1,9,2308170010,동방 식당
f_f006933,1,10,2308170011,나드리
f_f006933,1,11,2308170012,영주공설시장
f_f006933,1,12,2308170002,남선 프리미엄 스테이
f_f006933,2,1,2308180001,카페 남선
f_f006933,2,2,2308180002,유부김밥
f_f006933,2,3,2308180003,집
f_f006934,1,1,2308190001,집
f_f006934,1,2,2308190003,초당과 국수
f_f006934,1,3,2308190004,메종 고니
f_f006934,1,4,2308190005,롱 블랙
f_f006934,1,5,2308190006,허 씨 커피
f_f006934,1,6,2308190002,세인트존스 호텔
f_f006934,2,1,2308200002,한월당
f_f006934,2,2,2308200003,순두부 젤라또 2호점
f_f006934,2,3,2308200004,강문해변
f_f006934,2,4,2308200005,유리알 유희
f_f006934,2,5,2308200006,보헤미안로스터즈 박이 추 커 이 공장
f_f006934,2,6,2308200007,범포 어묵 강릉역점
f_f006934,2,7,2308200001,집
f_f006942,1,1,2309090001,집
f_f006942,1,2,2309090003,구포역
f_f006942,1,3,2309090004,육쌈냉면 동성로 1호점
f_f006942,1,4,2309090005,동성로
f_f006942,1,5,2309090007,대구근대역사관
f_f006942,1,6,2309090006,경상감영공원
f_f006942,1,7,2309090008,달성 공원 동물원
f_f006942,1,8,2309090009,계성중학교
f_f006942,1,9,2309090010,청라언덕
f_f006942,1,10,2309090011,롤러 커피
f_f006942,1,11,2309090012,유창 반점 남산 본점
f_f006942,1,12,2309090013,더 현대 대구
f_f006942,1,13,2309090014,빠다롤뺑프랑스
f_f006942,1,14,2309090015,스파크 랜드
f_f006942,1,15,2309090016,대구역
f_f006942,1,16,2309090002,동원로열듀크 1차 아파트
f_f006943,1,1,2308260001,집
f_f006943,1,2,2308260002,청도 박물관
f_f006943,1,3,2308260004,청도어린이 도서관
f_f006943,1,4,2308260003,다락원
f_f006943,1,5,2308260005,청도 신화랑 풍류마을
f_f006943,1,6,2308260006,집
f_f006957,1,1,2308200001,집
f_f006957,1,2,2308200002,안성휴게소 부산방향
f_f006957,1,3,2308200004,알통 떡 강정
f_f006957,1,4,2308200005,해피 치즈 스마일
f_f006957,1,5,2308200003,대구 삼성 라이온즈 파크
f_f006957,1,6,2308200006,삼성 라이온즈 몰
f_f006957,1,7,2308200008,안지랑 곱창골목
f_f006957,1,8,2308200007,그린 곱창 막 창
f_f006957,1,9,2308200009,그린빌 사우나 찜질방
f_f006957,2,1,2308210002,반월당역 대구 1호선
f_f006957,2,2,2308210001,아싸 통통 노래연습장
f_f006957,2,3,2308210003,그린빌 사우나 찜질방
f_f006957,2,4,2308210004,수성못
f_f006957,2,5,2308210006,윤선 갤러리
f_f006957,2,6,2308210007,아르떼 수성 랜드
f_f006957,2,7,2308210005,아트 플렉스
f_f006957,2,8,2308210008,선산휴게소 환승정류소(상행)
f_f006957,2,9,2308210009,성남 시청
f_f006957,2,10,2308210010,집
f_f006967,1,1,2308140001,집
f_f006967,1,2,2308140002,문막 휴게소
f_f006967,1,3,2308140003,해와 비
f_f006967,1,4,2308140004,보현사
f_f006967,1,5,2308140005,수미
f_f006967,1,6,2308140006,대관령 요 들러 이 펜션
f_f006967,1,7,2308140007,국민의 숲 산림 트레킹 코스
f_f006967,1,8,2308140009,대관령 요 들러 이 펜션
f_f006967,2,1,2308150001,타샤의 언덕
f_f006967,2,2,2308150002,수미
f_f006967,2,3,2308150003,문막휴게소 주유소 인천방향
f_f006967,2,4,2308150004,부모님 집
f_f006967,2,5,2308150005,집
f_f006971,1,1,2308150001,집
f_f006971,1,2,2308150003,가평휴게소 춘천 방향
f_f006971,1,3,2308150005,용오름계곡
f_f006971,1,4,2308150004,용오름 체험휴양마을 용오름 캠핑장
f_f006971,1,5,2308150006,검산 막국수
f_f006971,1,6,2308150002,집
f_f006976,1,1,2308130001,집
f_f006976,1,2,2308130002,환호공원 스페이스 워크
f_f006976,1,3,2308130003,포항시립미술관
f_f006976,1,4,2308130004,신대구 횟집
f_f006976,1,5,2308130005,포항 해상 스카이워크
f_f006976,1,6,2308130006,칠포해수욕장
f_f006976,1,7,2308130007,블랑 도도
f_f006976,1,8,2308130008,오도리 해변 주변
f_f006976,1,9,2308130009,집
f_f007010,1,1,2308150001,집
f_f007010,1,2,2308150002,경남 보리밥
f_f007010,1,3,2308150003,도째비골해랑전망대
f_f007010,1,4,2308150004,도째비골스카이밸리
f_f007010,1,5,2308150005,스타벅스 동해 IC DT 점
f_f007010,1,6,2308150006,집
f_f007020,1,1,2308150001,집
f_f007020,1,2,2308150002,하동 식당
f_f007020,1,3,2308150003,대왕암공원
f_f007020,1,4,2308150004,버프
f_f007020,1,5,2308150005,주전몽돌해변
f_f007020,1,6,2308150006,태화종합시장
f_f007020,1,7,2308150007,호텔 리버사이드 울산
f_f007020,1,8,2308150008,치치
f_f007020,1,9,2308150009,역전 할머니 맥주 울산 성남점
f_f007020,1,10,2308150010,또 또 동전 노래연습장
f_f007020,1,11,2308150011,호텔 리버사이드 울산
f_f007020,2,1,2308160001,미니룸
f_f007020,2,2,2308160002,태화강 국가정원
f_f007020,2,3,2308160003,경북 천년 숲 정원
f_f007020,2,4,2308160004,황련단길
f_f007020,2,5,2308160005,경주 원조 콩국
f_f007020,2,6,2308160006,집
f_f007047,1,1,2308140001,집
f_f007047,1,2,2308140003,솔향 초당순두부
f_f007047,1,3,2308140005,순두부 젤라또 1호점
f_f007047,1,4,2308140004,초당 찰떡
f_f007047,1,5,2308140006,강문해변
f_f007047,1,6,2308140007,유리알 유희
f_f007047,1,7,2308140008,카페 툇마루
f_f007047,1,8,2308140009,라꼬 시나 바이 이성용 스페인 음식
f_f007047,1,9,2308140002,컨 피네스 오션 스위트호텔
f_f007047,2,1,2308150001,사천진 해변
f_f007047,2,2,2308150002,오죽헌
f_f007047,2,3,2308150003,아르떼 뮤지엄 강릉
f_f007047,2,4,2308150004,감자바위
f_f007047,2,5,2308150005,강릉 중앙시장
f_f007047,2,6,2308150006,롯데리아 강릉 터미널점
f_f007047,2,7,2308150007,집
f_f007048,1,1,2308180001,집
f_f007048,1,2,2308180002,시지 W 동물의료센터
f_f007048,1,3,2308180003,맥도날드 대구시지DT점
f_f007048,1,4,2308180004,동명휴게소 춘천 방향
f_f007048,1,5,2308180005,의성 펫 월드
f_f007048,1,6,2308180006,펫 월드 카페
f_f007048,1,7,2308180007,파르크 우록
f_f007048,1,8,2308180008,매전 농협 하나로마트 본점
f_f007048,1,9,2308180009,오남 결집 친척 집
f_f007048,1,10,2308180010,오나 길 친지 집
f_f007048,2,1,2308190001,동창천
f_f007048,2,2,2308190002,하삼도 커피 사월점
f_f007048,2,3,2308190003,집
f_f007065,1,1,2308200001,집
f_f007065,1,2,2308200002,흰 여울 문화마을
f_f007065,1,3,2308200003,카페 피라
f_f007065,1,4,2308200004,이 송도 전망대
f_f007065,1,5,2308200005,해빙 모멘트
f_f007065,1,6,2308200006,비비큐 부산 아델라호텔점
f_f007065,1,7,2308200007,메트로팔레스 3단지 아파트
f_f007075,1,1,2308140001,집
f_f007075,1,2,2308140002,삼국유사 테마파크 역사돔펜션
f_f007075,1,3,2308140003,엄마 아빠 어렸을 적에
f_f007075,1,4,2308140004,신등 갈비 군위점
f_f007075,1,5,2308140005,카페 댐 댐
f_f007075,1,6,2308140006,화산 산성 하늘 전망대
f_f007075,1,7,2308140007,화산 산성 풍차 전망대
f_f007075,1,8,2308140008,이지 파크
f_f007075,1,9,2308140009,집
f_f007082,1,1,2308120001,사무실
f_f007082,1,2,2308120002,해양드라마 세트장
f_f007082,1,3,2308120003,스파 더 스페이스
f_f007082,1,4,2308120004,친구 집
f_f007082,1,5,2308120005,친구 집
f_f007082,2,1,2308130001,설야멱
f_f007082,2,2,2308130002,트리 폰즈
f_f007082,2,3,2308130003,친구 집
f_f007086,1,1,2308270001,집
f_f007086,1,2,2308270002,코지 하우스 울산 태화강 국가 정원점
f_f007086,1,3,2308270003,태화강 국가 정원
f_f007086,1,4,2308270004,솔레이 힐링 관광호텔
f_f007086,2,1,2308280001,해월당 블루마시티점
f_f007086,2,2,2308280002,강동 몽돌해변
f_f007086,2,3,2308280003,연암 정원
f_f007086,2,4,2308280004,지지 관서가 박상진 호수 공원점
f_f007086,2,5,2308280005,장안 휴게소 부산방향
f_f007086,2,6,2308280006,화신 아파트
f_f007088,1,1,2308220001,집
f_f007088,1,2,2308220002,블루 원 워터파크
f_f007088,1,3,2308220003,넘버 25 불국사점
f_f007088,1,4,2308220004,큰 막창 경주 불국사점
f_f007088,1,5,2308220007,넘버 25 불국사점
f_f007088,2,1,2308230001,청수당 경주점
f_f007088,2,2,2308230002,소옥
f_f007088,2,3,2308230003,집
f_f007093,1,1,2309080001,집
f_f007093,1,2,2309080003,우마 이미 세
f_f007093,1,3,2309080004,행리단길
f_f007093,1,4,2309080005,금송덕미 행리단길점
f_f007093,1,5,2309080007,해운대해수욕장
f_f007093,1,6,2309080008,뚜레쥬르 해운대 중동점
f_f007093,1,7,2309080002,집
f_f007094,1,1,2308130001,집
f_f007094,1,2,2308130002,화서휴게소 영덕 방향
f_f007094,1,3,2308130003,대왕암공원
f_f007094,1,4,2308130004,장생포 고래 박물관
f_f007094,1,5,2308130005,울산 한
f_f007094,1,6,2308130006,장생포 고래생태체험관
f_f007094,1,7,2308130007,장생포 고래문화마을
f_f007094,1,8,2308130008,호텔 리버사이드 울산
f_f007094,1,9,2308130009,가미 닭갈비 913
f_f007094,1,10,2308130011,태화강 국가정원 십리대숲
f_f007094,1,11,2308130010,호텔 리버사이드 울산
f_f007094,2,1,2308140002,불국사
f_f007094,2,2,2308140003,국립경주박물관
f_f007094,2,3,2308140004,화양연화
f_f007094,2,4,2308140005,스타벅스 경주 대릉원점
f_f007094,2,5,2308140006,첨성대
f_f007094,2,6,2308140007,왕과 탕후루 경주 황남점
f_f007094,2,7,2308140008,녹아
f_f007094,2,8,2308140009,제로 스페이스 경주
f_f007094,2,9,2308140010,대릉원
f_f007094,2,10,2308140011,황금십원빵 2호점
f_f007094,2,11,2308140012,이상복 경주빵 황리단길점
f_f007094,2,12,2308140013,삼국유사 권위 주유소(상주 방향)
f_f007094,2,13,2308140001,집
f_f007095,1,1,2308170001,집
f_f007095,1,2,2308170003,산청 백운동 계곡
f_f007095,1,3,2308170002,지리산 노을 펜션
f_f007095,2,1,2308180001,집
f_f007111,1,1,2308130001,집
f_f007111,1,2,2308130003,세븐일레븐 안양 IS 비즈타워 2호점
f_f007111,1,3,2308130002,횡성휴게소 강릉방향
f_f007111,1,4,2308130004,안반데기
f_f007111,2,1,2308140001,와우 안반데기
f_f007111,2,2,2308140003,정동진 해변
f_f007111,2,3,2308140002,강릉 현대 장 칼국수 본점
f_f007111,2,4,2308140004,강릉 중앙시장
f_f007111,2,5,2308140005,허균 허난설헌 기념관
f_f007111,2,6,2308140006,갤러리 밥스
f_f007111,2,7,2308140007,평창 자연휴게소 인천방향
f_f007111,2,8,2308140009,문막휴게소 주유소 인천방향
f_f007111,2,9,2308140008,집
f_f007123,1,1,2308210001,집
f_f007123,1,2,2308210002,비발디파크 오션월드
f_f007123,1,3,2308210003,집
f_f007124,1,1,2308150001,집
f_f007124,1,2,2308150003,섬강 막국수
f_f007124,1,3,2308150004,클라임 투게더
f_f007124,1,4,2308150005,착한소샤브샤브
f_f007124,1,5,2308150002,집
f_f007129,1,1,2308160001,집
f_f007129,1,2,2308160002,카페 더 헤이븐
f_f007129,1,3,2308160005,환호공원 스페이스 워크
f_f007129,1,4,2308160003,구룡포 일본인 가옥거리
f_f007129,1,5,2308160004,호미곶 해맞이 광장
f_f007129,1,6,2308160006,환여 횟집
f_f007129,1,7,2308160007,포항 운하
f_f007129,1,8,2308160013,베네시안 호텔
f_f007129,2,1,2308170001,영일대해수욕장
f_f007129,2,2,2308170002,영일고
f_f007129,2,3,2308170003,죽도 시장
f_f007129,2,4,2308170004,국시방
f_f007129,2,5,2308170005,집
f_f007131,1,1,2308260001,친구 친지 집
f_f007131,1,2,2308260002,여주 맛있는 휴게소 강릉방향
f_f007131,1,3,2308260003,민둥산
f_f007131,1,4,2308260004,메밀촌 막국수
f_f007131,1,5,2308260006,내평계곡
f_f007131,1,6,2308260005,삼척농협 본점
f_f007131,1,7,2308260007,근덕농협 하나로마트 본점
f_f007131,1,8,2308260009,삼척 들레 펜션
f_f007131,2,1,2308270001,장호 주유소
f_f007131,2,2,2308270002,용화 물회
f_f007131,2,3,2308270003,용화 해변
f_f007131,2,4,2308270004,카페 용화
f_f007131,2,5,2308270005,가양 4단지 아파트
f_f007133,1,1,2308210001,집
f_f007133,1,2,2308210002,속초관광수산시장
f_f007133,1,3,2308210003,하도 물 속초
f_f007133,1,4,2308210004,물치 활어회센터
f_f007133,1,5,2308210005,물치해변
f_f007133,1,6,2308210006,벨리타펜션
f_f007133,1,7,2308210007,집
f_f007144,1,1,2308200001,집
f_f007144,1,2,2308200003,강릉 시외버스터미널
f_f007144,1,3,2308200004,수정궁 횟집
f_f007144,1,4,2308200005,허균 허난설헌 기념관
f_f007144,1,5,2308200006,테라로사 경포호수점
f_f007144,1,6,2308200007,녹색도시 체험센터 입구 휴게실
f_f007144,1,7,2308200008,옹쓰리PC방
f_f007144,1,8,2308200009,강릉 중앙시장
f_f007144,1,9,2308200002,아스라 모텔
f_f007144,2,1,2308210002,최일선 짬뽕 순두부
f_f007144,2,2,2308210003,강문해변
f_f007144,2,3,2308210004,346커피스토리
f_f007144,2,4,2308210005,강릉 고속버스터미널
f_f007144,2,5,2308210006,춘천 시외버스터미널
f_f007144,2,6,2308210001,집
f_f007148,1,1,2309070001,집
f_f007148,1,2,2309070002,양산휴게소 서울 방향
f_f007148,1,3,2309070003,언양휴게소 서울 방향
f_f007148,1,4,2309070004,죽도 시장
f_f007148,1,5,2309070005,홈플러스 죽도점
f_f007148,1,6,2309070016,포항 글램핑 앤 카라반
f_f007148,2,1,2309080001,호미곶 해맞이 광장
f_f007148,2,2,2309080002,구룡포 일본인 가옥거리
f_f007148,2,3,2309080003,짬홍 본점
f_f007148,2,4,2309080004,부모님 집
f_f007148,2,5,2309080005,카카오T 해운대해수욕장 주차장
f_f007148,2,6,2309080006,어실 정원 시작
f_f007148,2,7,2309080007,딤 타오
f_f007148,2,8,2309080008,친구 집
f_f007148,2,9,2309080009,집
f_f007186,1,1,2308200001,집
f_f007186,1,2,2308200002,다이소 경주 불국사점
f_f007186,1,3,2308200003,바다의 꿈
f_f007186,1,4,2308200004,숙소(바다의 꿈) 앞 바다
f_f007186,1,5,2308200005,바다의 꿈
f_f007186,2,1,2308210001,송대말 칼국수
f_f007186,2,2,2308210002,키키리키
f_f007186,2,3,2308210003,경북대학교 대구캠퍼스
f_f007187,1,1,2308160001,집
f_f007187,1,2,2308160002,대구 중구 골목투어 근대문화골목(2코스)
f_f007187,1,3,2308160003,솔 솥 대구 동성로점
f_f007187,1,4,2308160004,더 현대 대구
f_f007187,1,5,2308160005,라우 스터프 대봉
f_f007187,1,6,2308160006,김광석 다시 그리기 길
f_f007187,1,7,2308160007,유타로 대구 동성로점
f_f007187,1,8,2308160008,대구 동성로 제로 게스트하우스
f_f007187,1,9,2308160009,브리즈 PC 카페 동성로점
f_f007187,1,10,2308160010,뉴 마왕 핫도그
f_f007187,1,11,2308160014,대구 동성로 제로 게스트하우스
f_f007187,2,1,2308170001,브리즈 PC 카페 동성로점
f_f007187,2,2,2308170002,수성못
f_f007187,2,3,2308170003,스타벅스 수성 레이크점
f_f007187,2,4,2308170004,집
f_f007193,1,1,2308140001,집
f_f007193,1,2,2308140002,홍천 휴게소 양양 방향
f_f007193,1,3,2308140003,강릉 선미 한과
f_f007193,1,4,2308140004,강릉 선교장
f_f007193,1,5,2308140005,김우정 초당 짬뽕 순두부 본점
f_f007193,1,6,2308140006,346커피스토리
f_f007193,1,7,2308140008,파인아트 라벨 호텔
f_f007193,2,1,2308150001,안목 해변
f_f007193,2,2,2308150002,체크 이스트
f_f007193,2,3,2308150003,감자바위
f_f007193,2,4,2308150004,하늘 목장
f_f007193,2,5,2308150005,경기 광주 휴게소 경기도 광주방향
f_f007193,2,6,2308150006,집
f_f007199,1,1,2308130001,집
f_f007199,1,2,2308130002,고성 생태학습관
f_f007199,1,3,2308130003,고성공룡 박물관
f_f007199,1,4,2308130004,피노 호텔
f_f007199,2,1,2308140001,복면 닭갈비
f_f007199,2,2,2308140002,롯데 프리미엄 아웃렛 김해점
f_f007199,2,3,2308140003,트윈 터널
f_f007199,2,4,2308140004,헬로 선샤인
f_f007199,2,5,2308140005,집
f_f007200,1,1,2308190001,집
f_f007200,1,2,2308190002,가평휴게소 춘천 방향
f_f007200,1,3,2308190003,비발디파크 비바 플렉 스몰
f_f007200,1,4,2308190004,비발디파크 비바 플렉 스몰
f_f007200,1,5,2308190005,소노벨 비발디파크
f_f007200,2,1,2308200001,비발디파크 루지 월드
f_f007200,2,2,2308200002,비발디파크 korean food
f_f007200,2,3,2308200003,한샘 디자인파크 논현점
f_f007200,2,4,2308200004,집
f_f007205,1,1,2308280001,집
f_f007205,1,2,2308280002,홍천 휴게소 양양 방향
f_f007205,1,3,2308280003,88생선 구이
f_f007205,1,4,2308280004,왕과 탕후루 속초 중앙점
f_f007205,1,5,2308280006,CU 고성 공현진 해변점
f_f007205,1,6,2308280005,라헨느 J 펜션
f_f007205,2,1,2308290002,금강산도 식후경
f_f007205,2,2,2308290001,공현진 2리 해변
f_f007205,2,3,2308290003,초당 커피 정미소 속초점
f_f007205,2,4,2308290004,동명항
f_f007205,2,5,2308290005,왕과 탕후루 속초 중앙점
f_f007205,2,6,2308290006,다논 55 광진 구의점
f_f007205,2,7,2308290007,스타벅스 올림픽대교 북단점
f_f007205,2,8,2308290008,집
f_f007206,1,1,2308270001,집
f_f007206,1,2,2308270002,동래 정소 고기 해장국
f_f007206,1,3,2308270003,노포역 부산 1호선
f_f007206,1,4,2308270004,안동터미널
f_f007206,1,5,2308270005,오월
f_f007206,1,6,2308270006,안동봉화축협 하나로마트 송하점
f_f007206,1,7,2308270007,홈플러스 안동점
f_f007206,1,8,2308270008,오월
f_f007206,1,9,2308270009,문보트
f_f007206,1,10,2308270010,월영교
f_f007206,1,11,2308270011,오월
f_f007206,2,1,2308280001,안동 구 시장
f_f007206,2,2,2308280002,(주) 매머드
f_f007206,2,3,2308280003,낙강 물길 공원
f_f007206,2,4,2308280004,월영당
f_f007206,2,5,2308280005,경북 안동시 호반으로 166
f_f007206,2,6,2308280006,도산서원
f_f007206,2,7,2308280007,안동터미널
f_f007206,2,8,2308280008,노포역 부산 1호선
f_f007206,2,9,2308280009,집
f_f007209,1,1,2308210001,집
f_f007209,1,2,2308210003,동서울 종합터미널
f_f007209,1,3,2308210004,양양종합여객터미널
f_f007209,1,4,2308210005,분수대 식당
f_f007209,1,5,2308210006,디그니 이 호텔
f_f007209,1,6,2308210007,아이서퍼
f_f007209,1,7,2308210011,설악해변
f_f007209,1,8,2308210008,후진 활어센터
f_f007209,1,9,2308210009,디그니 이 호텔
f_f007209,1,10,2308210010,디그니 이 호텔
f_f007209,2,1,2308220005,디그니 이 호텔
f_f007209,2,2,2308220001,양양종합여객터미널
f_f007209,2,3,2308220002,홍천 휴게소 서울 방향
f_f007209,2,4,2308220003,동서울 종합터미널
f_f007209,2,5,2308220004,집
f_f007210,1,1,2308190001,집
f_f007210,1,2,2308190002,중앙 제일 오피스텔
f_f007210,1,3,2308190003,홍천 휴게소 양양 방향
f_f007210,1,4,2308190004,드리프트
f_f007210,1,5,2308190005,브리드 호텔 양양
f_f007210,1,6,2308190006,리빙
f_f007210,1,7,2308190007,스케줄 양양
f_f007210,1,8,2308190008,죽지도 암
f_f007210,1,9,2308190009,네거티브 바이브
f_f007210,1,10,2308190010,인구 수산 회 포차
f_f007210,1,11,2308190011,브리드 호텔 양양
f_f007210,2,1,2308200001,서울식당
f_f007210,2,2,2308200002,서피 비치
f_f007210,2,3,2308200003,내린천 휴게소 주유소 서울 방향
f_f007210,2,4,2308200004,가평휴게소 서울 방향
f_f007210,2,5,2308200005,중앙 제일 오피스텔
f_f007210,2,6,2308200006,집
f_f007215,1,1,2308140001,집
f_f007215,1,2,2308140002,소나무 펜션
f_f007215,1,3,2308140003,나 정고운 모래해변
f_f007215,1,4,2308140004,소나무 펜션
f_f007215,2,1,2308150001,황련단길
f_f007215,2,2,2308150002,집
f_f007216,1,1,2308170001,집
f_f007216,1,2,2308170003,거동 탕수육
f_f007216,1,3,2308170004,논골 카페
f_f007216,1,4,2308170005,논골담길
f_f007216,1,5,2308170006,묵호등대 해양문화공간
f_f007216,1,6,2308170007,청원 모텔
f_f007216,1,7,2308170008,하평해변
f_f007216,1,8,2308170009,진가네 회포 차
f_f007216,1,9,2308170002,청원 모텔
f_f007216,2,1,2308180002,부곡장 칼국수
f_f007216,2,2,2308180003,스타벅스 동해 IC DT 점
f_f007216,2,3,2308180004,무릉 별유천지
f_f007216,2,4,2308180005,부흥횟집
f_f007216,2,5,2308180001,집
f_f007218,1,1,2308130001,집
f_f007218,1,2,2308130002,뮤지엄 산
f_f007218,1,3,2308130003,카페테라스
f_f007218,1,4,2308130004,메이 호텔
f_f007218,1,5,2308130005,귀한 족발 무실 단계 점
f_f007218,1,6,2308130006,메이 호텔
f_f007218,2,1,2308140001,맥도날드 원주 단계 DT 점
f_f007218,2,2,2308140002,병지방계곡
f_f007218,2,3,2308140003,집
f_f007225,1,1,2308260001,집
f_f007225,1,2,2308260003,양양종합여객터미널
f_f007225,1,3,2308260004,하지 스테이
f_f007225,1,4,2308260005,하조대 평양면옥
f_f007225,1,5,2308260006,하조대해수욕장
f_f007225,1,6,2308260007,서피 비치
f_f007225,1,7,2308260008,하지 스테이
f_f007225,1,8,2308260009,코포 차 하조대 낭만포차
f_f007225,1,9,2308260010,싱글핀에일웍스
f_f007225,1,10,2308260002,하지 스테이
f_f007225,2,1,2308270002,하조대해수욕장
f_f007225,2,2,2308270003,배부른 고양이
f_f007225,2,3,2308270004,비치 얼스 서프
f_f007225,2,4,2308270005,올라 카바스
f_f007225,2,5,2308270006,양양종합여객터미널
f_f007225,2,6,2308270001,집
f_f007226,1,1,2308190001,집
f_f007226,1,2,2308190003,서울역
f_f007226,1,3,2308190002,묵호역
f_f007226,1,4,2308190004,선샤인 호텔
f_f007226,1,5,2308190005,짬뽕 타운 묵호점
f_f007226,1,6,2308190006,어달해변
f_f007226,1,7,2308190007,선샤인 호텔
f_f007226,1,8,2308190008,복 많이 수산
f_f007226,1,9,2308190011,명한 수산
f_f007226,1,10,2308190009,이마트 24 동해 어달 해 변점
f_f007226,1,11,2308190010,선샤인 호텔
f_f007226,2,1,2308200002,무코어구미
f_f007226,2,2,2308200003,도째비골해랑전망대
f_f007226,2,3,2308200004,묵호역
f_f007226,2,4,2308200001,집
f_f007232,1,1,2308260001,집
f_f007232,1,2,2308260002,철구소 계곡
f_f007232,1,3,2308260003,배내로 132카페
f_f007232,1,4,2308260004,강동 몽돌해변
f_f007232,1,5,2308260005,호텔 여우비
f_f007232,1,6,2308260006,상구네 돼지구이 삼산점
f_f007232,1,7,2308260007,호텔 여우비
f_f007232,2,1,2308270001,서생포왜성
f_f007232,2,2,2308270002,진하해수욕장
f_f007232,2,3,2308270003,나사리 쌀국수
f_f007232,2,4,2308270004,Fe1 갤러리 카페
f_f007232,2,5,2308270005,집
f_f007233,1,1,2308260001,집
f_f007233,1,2,2308260003,롯데백화점 부산본점
f_f007233,1,3,2308260004,부산 아시아드 보조경기장
f_f007233,1,4,2308260002,투 헤븐 모텔
f_f007233,2,1,2308270002,센텀시티 스파랜드
f_f007233,2,2,2308270003,신세계백화점 센텀시티점
f_f007233,2,3,2308270001,집
f_f007244,1,1,2308150001,친구 친지 집
f_f007244,1,2,2308150002,인제 졸음쉼터 양양 방향
f_f007244,1,3,2308150003,양양 임시휴게소 속초방향
f_f007244,1,4,2308150004,버드나무 브루어리
f_f007244,1,5,2308150005,오죽헌
f_f007244,1,6,2308150006,사천진 해변
f_f007244,1,7,2308150007,곳
f_f007244,1,8,2308150008,사천진 바위섬
f_f007244,1,9,2308150009,주문진 방사제
f_f007244,1,10,2308150010,순두부 젤라또 3호점
f_f007244,1,11,2308150011,BTS 버스정류장
f_f007244,1,12,2308150012,내린천 휴게소 주유소 서울 방향
f_f007244,1,13,2308150013,석사 2아파트
f_f007245,1,1,2308170001,친구 친지 집
f_f007245,1,2,2308170003,서피 비치
f_f007245,1,3,2308170004,싱글핀에일웍스
f_f007245,1,4,2308170005,서피 비치
f_f007245,1,5,2308170006,하조대해수욕장
f_f007245,1,6,2308170002,골든베이 펜션
f_f007245,2,1,2308180002,BTS 버스정류장
f_f007245,2,2,2308180003,9남매 집
f_f007245,2,3,2308180004,아르떼 뮤지엄 강릉
f_f007245,2,4,2308180005,카페 툇마루
f_f007245,2,5,2308180006,감자바위
f_f007245,2,6,2308180007,나라나 비 강릉점
f_f007245,2,7,2308180008,오죽헌
f_f007245,2,8,2308180009,테라로사 커피공장 강릉 본점
f_f007245,2,9,2308180001,메종 드 세이 오피스텔
f_f007246,1,1,2308260001,친구 친지 집
f_f007246,1,2,2308260003,동대구역
f_f007246,1,3,2308260002,부산역
f_f007246,1,4,2308260004,남포동 먹자골목
f_f007246,1,5,2308260005,부산 아시아드 보조경기장
f_f007246,1,6,2308260006,이데아 호텔
f_f007246,1,7,2308260007,골목
f_f007246,1,8,2308260008,이데아 호텔
f_f007246,2,1,2308270001,이데아 호텔
f_f007246,2,2,2308270002,온천장 돼지국밥
f_f007246,2,3,2308270003,부산역
f_f007246,2,4,2308270004,차선책
f_f007246,2,5,2308270005,광안리해수욕장
f_f007246,2,6,2308270006,올더 어글리 쿠키
f_f007246,2,7,2308270007,남포동 먹자골목
f_f007246,2,8,2308270008,부산역
f_f007246,2,9,2308270009,동대구 파크뷰 오피스텔
f_f007254,1,1,2308150001,집
f_f007254,1,2,2308150002,대전복합터미널
f_f007254,1,3,2308150004,디 에이블 달맞이점
f_f007254,1,4,2308150005,미포항
f_f007254,1,5,2308150003,호텔 1
f_f007254,2,1,2308160002,호텔 1 별 침대
f_f007254,2,2,2308160003,광안리해수욕장
f_f007254,2,3,2308160004,광안 해변공원
f_f007254,2,4,2308160005,밀란 더 마켓
f_f007254,2,5,2308160006,김해국제공항
f_f007254,2,6,2308160001,집
f_f007306,1,1,2308170001,집
f_f007306,1,2,2308170002,서울역
f_f007306,1,3,2308170003,강릉역
f_f007306,1,4,2308170004,강릉 순두부 장칼국수
f_f007306,1,5,2308170005,펌킨 오울
f_f007306,1,6,2308170006,두덩
f_f007306,1,7,2308170007,유라 유라
f_f007306,1,8,2308170008,경포해수욕장
f_f007306,1,9,2308170009,강릉 시티 호텔
f_f007306,1,10,2308170010,강릉에 파랑 물회
f_f007306,1,11,2308170011,강문해변
f_f007306,1,12,2308170012,테츠
f_f007306,1,13,2308170019,강릉 시티 호텔
f_f007306,2,1,2308180001,강릉역
f_f007306,2,2,2308180002,감자바위
f_f007306,2,3,2308180003,강릉 샌드 본점
f_f007306,2,4,2308180004,경포 아쿠아리움
f_f007306,2,5,2308180005,초당밀
f_f007306,2,6,2308180006,장군시오야끼 체인 1호점
f_f007306,2,7,2308180007,강릉 월화 거리
f_f007306,2,8,2308180008,송정해변
f_f007306,2,9,2308180009,강릉역
f_f007306,2,10,2308180010,집
f_f007319,1,1,2308140001,친구 친지 집
f_f007319,1,2,2308140002,해와 비
f_f007319,1,3,2308140003,대관령 양떼목장
f_f007319,1,4,2308140004,뮤지엄 딥 다이브
f_f007319,1,5,2308140005,평창군 봉평면 태기로 569
f_f007319,2,1,2308150001,미가 연
f_f007319,2,2,2308150002,봉평 전통시장
f_f007319,2,3,2308150003,그리 심
f_f007319,2,4,2308150004,친구 집
f_f007332,1,1,2308270001,집
f_f007332,1,2,2308270002,가평휴게소 춘천 방향
f_f007332,1,3,2308270003,지경리해수욕장
f_f007332,1,4,2308270005,올라
f_f007332,1,5,2308270004,아르떼 뮤지엄 강릉
f_f007332,1,6,2308270006,강릉 중앙시장
f_f007332,1,7,2308270007,올라
f_f007332,2,1,2308280001,수긋해변
f_f007332,2,2,2308280002,팡파미유
f_f007332,2,3,2308280003,강릉 김밥 용지 각 본점
f_f007332,2,4,2308280004,강릉 중앙시장
f_f007332,2,5,2308280005,주문진 방사제
f_f007332,2,6,2308280006,순두부 젤라또 3호점
f_f007332,2,7,2308280007,집
f_f007335,1,1,2308230001,집
f_f007335,1,2,2308230005,대전역
f_f007335,1,3,2308230004,신경주역
f_f007335,1,4,2308230003,캘리포니아비치
f_f007335,1,5,2308230006,경주월드
f_f007335,1,6,2308230007,경주 중앙시장
f_f007335,1,7,2308230008,덴다 스타 호텔 헤리티지 경주점
f_f007335,1,8,2308230009,경주엑스포 대공원
f_f007335,1,9,2308230010,첨성대
f_f007335,1,10,2308230011,월정교
f_f007335,1,11,2308230002,경주 덴다 스타 호텔 헤리티지
f_f007335,2,1,2308240002,조르바
f_f007335,2,2,2308240003,황련단길
f_f007335,2,3,2308240004,신경주역
f_f007335,2,4,2308240001,집
f_f007353,1,1,2308250001,집
f_f007353,1,2,2308250002,횡성휴게소 강릉방향
f_f007353,1,3,2308250003,웰리힐리 파크 곤돌라
f_f007353,1,4,2308250004,웰리힐리 파크 워터 플래닛
f_f007353,1,5,2308250005,라이니아 한우 무한리필
f_f007353,1,6,2308250006,웰리힐리 파크
f_f007353,2,1,2308260001,웰리힐리 파크
f_f007353,2,2,2308260002,CU 웰리힐리 파크 점
f_f007353,2,3,2308260003,면사무소 앞 안흥찐빵
f_f007353,2,4,2308260004,횡성 전통시장
f_f007353,2,5,2308260005,집
f_f007354,1,1,2308140001,집
f_f007354,1,2,2308140002,수서역
f_f007354,1,3,2308140003,동대구역
f_f007354,1,4,2308140004,경주 시외버스터미널
f_f007354,1,5,2308140005,황련단길
f_f007354,1,6,2308140006,청년 감성 상점
f_f007354,1,7,2308140007,대릉원
f_f007354,1,8,2308140008,천마총
f_f007354,1,9,2308140009,금관총
f_f007354,1,10,2308140010,경주 시내
f_f007354,1,11,2308140011,솥 솥 경주 황리 비단길점
f_f007354,1,12,2308140012,황련단길
f_f007354,1,13,2308140013,로즈 모텔
f_f007354,2,1,2308150001,동궁과 월지
f_f007354,2,2,2308150002,이라고 보쌈
f_f007354,2,3,2308150003,첨성대
f_f007354,2,4,2308150004,불국사
f_f007354,2,5,2308150005,경주 문화관 1918
f_f007354,2,6,2308150006,스타벅스 경주 대릉원점
f_f007354,2,7,2308150008,수서역
f_f007354,2,8,2308150007,집
f_f007357,1,1,2308160001,집
f_f007357,1,2,2308160003,이천 터미널
f_f007357,1,3,2308160004,강릉 시외버스터미널
f_f007357,1,4,2308160005,고씨네 동해 막국수 강문본점(구.메밀골동해막국수)
f_f007357,1,5,2308160006,강문해변
f_f007357,1,6,2308160007,유리알 유희
f_f007357,1,7,2308160008,경포해수욕장
f_f007357,1,8,2308160009,강문솟대다리
f_f007357,1,9,2308160010,은파 횟집
f_f007357,1,10,2308160002,필그림 게스트하우스 펜션
f_f007357,2,1,2308170002,경포해수욕장
f_f007357,2,2,2308170003,스타벅스 강릉강문해변점
f_f007357,2,3,2308170006,초당 고래 로스팅 카페
f_f007357,2,4,2308170004,강문해변
f_f007357,2,5,2308170005,강릉 동화 가든 본점
f_f007357,2,6,2308170007,배니 닭강정
f_f007357,2,7,2308170008,만동 제과
f_f007357,2,8,2308170009,강릉 시외버스터미널
f_f007357,2,9,2308170010,이천 터미널
f_f007357,2,10,2308170001,집
f_f007375,1,1,2309020001,집
f_f007375,1,2,2309020002,문경휴게소 창원방향
f_f007375,1,3,2309020004,이재원의 과자 공방
f_f007375,1,4,2309020003,홍시 한정식
f_f007375,1,5,2309020005,이제 경주점
f_f007375,1,6,2309020006,시즈닝
f_f007375,1,7,2309020007,동궁과 월지
f_f007375,1,8,2309020008,이제 경주점
f_f007375,2,1,2309030001,불국사
f_f007375,2,2,2309030002,경춘재
f_f007375,2,3,2309030003,석굴암
f_f007375,2,4,2309030004,경주 루지 월드
f_f007375,2,5,2309030005,집
f_f007388,1,1,2308140001,집
f_f007388,1,2,2308140006,서울역
f_f007388,1,3,2308140007,파리 크루아상 서울역점
f_f007388,1,4,2308140003,강릉역
f_f007388,1,5,2308140004,강다방 이야기 공장
f_f007388,1,6,2308140005,레드망치
f_f007388,1,7,2308140008,샌마르피자
f_f007388,1,8,2308140009,드봉 마젤
f_f007388,1,9,2308140010,풀노리
f_f007388,1,10,2308140011,허 씨 커피
f_f007388,1,11,2308140012,강문해변
f_f007388,1,12,2308140013,유리알 유희
f_f007388,1,13,2308140014,독도수산
f_f007388,1,14,2308140015,강문해변
f_f007388,1,15,2308140016,강릉역
f_f007388,1,16,2308140002,집
f_f007402,1,1,2308150001,집
f_f007402,1,2,2308150002,가평휴게소 춘천 방향
f_f007402,1,3,2308150003,최옥란할머니순두부
f_f007402,1,4,2308150004,낙산 해변
f_f007402,1,5,2308150005,오산리 선사유적박물관
f_f007402,1,6,2308150006,낙산사
f_f007402,1,7,2308150007,민석이네 삼 형제
f_f007402,1,8,2308150008,팔도 닭강정
f_f007402,1,9,2308150009,고려대학교 낙산 수련관
f_f007402,1,10,2308150010,홍천 휴게소 서울 방향
f_f007402,1,11,2308150011,집
f_f007404,1,1,2308150001,집
f_f007404,1,2,2308150002,춘천국민체육센터
f_f007404,1,3,2308150004,춘천 지하상가 주차장
f_f007404,1,4,2308150003,닝교초식당 춘천 명동점
f_f007404,1,5,2308150008,엠백화점 춘천점
f_f007404,1,6,2308150009,춘천 중앙시장
f_f007404,1,7,2308150005,쉬러 와
f_f007404,1,8,2308150006,이마트 춘천점
f_f007404,1,9,2308150007,집
f_f007405,1,1,2308190001,집
f_f007405,1,2,2308190002,오미뇽 브런치 카페
f_f007405,1,3,2308190003,석굴암
f_f007405,1,4,2308190004,연목
f_f007405,1,5,2308190005,불국사
f_f007405,1,6,2308190006,전주 시골밥상
f_f007405,1,7,2308190007,경주 풍력발전 단지 주차장
f_f007405,1,8,2308190008,집
f_f007410,1,1,2308200001,집
f_f007410,1,2,2308200002,신경주역
f_f007410,1,3,2308200003,경주월드
f_f007410,1,4,2308200004,블루 원리조트
f_f007410,1,5,2308200005,함양집 경주 보문점
f_f007410,1,6,2308200006,동궁과 월지
f_f007410,1,7,2308200008,블루 원리조트
f_f007410,2,1,2308210001,경주 레저
f_f007410,2,2,2308210002,신경주역
f_f007410,2,3,2308210003,집
f_f007437,1,1,2308290001,집
f_f007437,1,2,2308290002,가평휴게소 춘천 방향
f_f007437,1,3,2308290003,낙산사
f_f007437,1,4,2308290004,롯데리조트 속초
f_f007437,1,5,2308290006,대복호 횟집
f_f007437,1,6,2308290005,속초관광수산시장
f_f007437,1,7,2308290007,롯데리조트 속초
f_f007437,2,1,2308300001,송정희 어머니 순두부
f_f007437,2,2,2308300002,설악 산책
f_f007437,2,3,2308300003,설악산
f_f007437,2,4,2308300004,집
f_f007460,1,1,2308190003,집
f_f007460,1,2,2308190002,서울역
f_f007460,1,3,2308190004,강릉역
f_f007460,1,4,2308190005,두덩
f_f007460,1,5,2308190006,감자 유원지
f_f007460,1,6,2308190007,엔드투앤드
f_f007460,1,7,2308190008,송정해변
f_f007460,1,8,2308190009,강릉 시티 호텔
f_f007460,1,9,2308190010,형제 매운 양푼 갈비 강릉 본점
f_f007460,1,10,2308190011,순두부 젤라또 2호점
f_f007460,1,11,2308190012,안목 해변
f_f007460,1,12,2308190013,강릉 중앙시장
f_f007460,1,13,2308190001,강릉 시티 호텔
f_f007460,2,1,2308200002,퍼베이드
f_f007460,2,2,2308200003,회산 장칼국수
f_f007460,2,3,2308200004,더 떠
f_f007460,2,4,2308200005,강릉 고속버스터미널
f_f007460,2,5,2308200006,고양종합터미널
f_f007460,2,6,2308200001,현대백화점 디큐브시티점
f_f007479,1,1,2309110001,집
f_f007479,1,2,2309110002,대구역
f_f007479,1,3,2309110003,투 헤븐 호텔
f_f007479,1,4,2309110004,더베이 베이커리
f_f007479,1,5,2309110005,서면 미술관
f_f007479,1,6,2309110006,프루토프루타
f_f007479,1,7,2309110007,갈맷길 2코스 2구간
f_f007479,1,8,2309110008,본가 제일 면 가
f_f007479,1,9,2309110009,투 헤븐 호텔
f_f007479,2,1,2309120001,금련산
f_f007479,2,2,2309120002,고명과 돼지국밥
f_f007479,2,3,2309120004,부산 시립미술관
f_f007479,2,4,2309120005,부산역
f_f007479,2,5,2309120006,대구역
f_f007479,2,6,2309120003,집
f_f007486,1,1,2309220001,집
f_f007486,1,2,2309220003,평산 책방
f_f007486,1,3,2309220004,김호정
f_f007486,1,4,2309220005,통도사
f_f007486,1,5,2309220006,영남알프스 얼음골 케이블카 하부 승강장
f_f007486,1,6,2309220007,올바른 횟집
f_f007486,1,7,2309220002,브라운 도트 호텔 양산 석산점
f_f007486,2,1,2309230002,종정에 헌
f_f007486,2,2,2309230003,할리스 양산 원동점
f_f007486,2,3,2309230004,봉하 마을
f_f007486,2,4,2309230005,청송 약수 삼계탕 혁신점
f_f007486,2,5,2309230001,집
f_f007494,1,1,2308200001,집
f_f007494,1,2,2308200002,맥도날드 부산 명지 DT 점
f_f007494,1,3,2308200003,밀양 테마 캠핑장
f_f007494,1,4,2308200004,영남루
f_f007494,1,5,2308200005,서울 삼계탕
f_f007494,1,6,2308200006,밀양강 둔치
f_f007494,1,7,2308200007,집
f_f007495,1,1,2308190001,친구 친지 집
f_f007495,1,2,2308190002,이마트 순천점
f_f007495,1,3,2308190003,좋은 세상 식당
f_f007495,1,4,2308190005,화가 천
f_f007495,1,5,2308190004,쌍계사
f_f007495,1,6,2308190006,3층 사진관 펜션
f_f007495,2,1,2308200001,화개 장터
f_f007495,2,2,2308200002,쌍계명차 본점
f_f007495,2,3,2308200003,목월 빵집
f_f007495,2,4,2308200004,만덕대로28번길 9
f_f007497,1,1,2308190001,집
f_f007497,1,2,2308190002,가락시장역
f_f007497,1,3,2308190003,안동 간고등어 숯불 가든 본점
f_f007497,1,4,2308190004,안동 거주 친구 집
f_f007497,1,5,2308190005,쉼농원펜션
f_f007497,1,6,2308190006,월영당
f_f007497,1,7,2308190007,월영교
f_f007497,1,8,2308190008,부산 막창
f_f007497,1,9,2308190012,쉼농원펜션
f_f007497,2,1,2308200001,안동 사대부 찜닭
f_f007497,2,2,2308200002,그녀의 홈 카페
f_f007497,2,3,2308200003,집
f_f007499,1,1,2309070001,집
f_f007499,1,2,2309070002,서울고속버스터미널(경부)
f_f007499,1,3,2309070003,양양종합여객터미널
f_f007499,1,4,2309070004,디그니 이 호텔
f_f007499,1,5,2309070005,낙산 해변
f_f007499,1,6,2309070006,이태원 왕갈비
f_f007499,1,7,2309070007,디그니 이 호텔
f_f007499,2,1,2309080002,낙산사
f_f007499,2,2,2309080003,바다 뷰 제빵소
f_f007499,2,3,2309080004,오색그린야드호텔
f_f007499,2,4,2309080005,양양종합여객터미널
f_f007499,2,5,2309080001,집
f_f007501,1,1,2308260001,집
f_f007501,1,2,2308260002,강릉김밥 용지각본점
f_f007501,1,3,2308260005,강릉 중앙시장
f_f007501,1,4,2308260003,강냉이 소쿠리
f_f007501,1,5,2308260004,BTS 버스정류장
f_f007501,1,6,2308260006,오션 그레이트 펜션
f_f007501,1,7,2308260012,오션 그레이트 펜션
f_f007501,2,1,2308270001,정동진 해변
f_f007501,2,2,2308270003,고씨네 동해 막국수 강문본점(구.메밀골동해막국수)
f_f007501,2,3,2308270006,강문해변
f_f007501,2,4,2308270004,순두부 젤라또 2호점
f_f007501,2,5,2308270002,하슬라아트월드
f_f007501,2,6,2308270005,집
f_f007502,1,1,2309090001,집
f_f007502,1,2,2309090002,부산역
f_f007502,1,3,2309090003,에르마나
f_f007502,1,4,2309090004,라발 그 호텔
f_f007502,1,5,2309090005,광안리해수욕장
f_f007502,1,6,2309090006,이타쇼
f_f007502,1,7,2309090007,클러스터 라운드
f_f007502,1,8,2309090008,영도대교 포장마차 거리
f_f007502,1,9,2309090015,광복로 패션거리
f_f007502,1,10,2309090014,라발 그 호텔
f_f007502,2,1,2309100001,흰 여울 문화마을
f_f007502,2,2,2309100002,담아 가다
f_f007502,2,3,2309100003,소소한 흰 여울
f_f007502,2,4,2309100004,더레이지캣 2호점
f_f007502,2,5,2309100005,어부
f_f007502,2,6,2309100006,남포 수제비
f_f007502,2,7,2309100007,광복로 패션거리
f_f007502,2,8,2309100008,롯데백화점 광복점
f_f007502,2,9,2309100009,집
f_f007506,1,1,2308240001,집
f_f007506,1,2,2308240003,강릉 시외버스터미널
f_f007506,1,3,2308240004,로스터 이안
f_f007506,1,4,2308240005,이모네 생선찜
f_f007506,1,5,2308240006,강릉 퀴스테
f_f007506,1,6,2308240007,유리알 유희
f_f007506,1,7,2308240008,강문해변
f_f007506,1,8,2308240009,다이닝 조개
f_f007506,1,9,2308240010,346커피스토리
f_f007506,1,10,2308240011,서울 양계
f_f007506,1,11,2308240017,퀴스테 펜션
f_f007506,2,1,2308250001,카페 동화
f_f007506,2,2,2308250002,강릉 동화 가든 본점
f_f007506,2,3,2308250003,카페 알베르
f_f007506,2,4,2308250004,강릉 시외버스터미널
f_f007506,2,5,2308250005,집
f_f007514,1,1,2308190001,집
f_f007514,1,2,2308190002,트레이더스 홀세일 클럽 수원점
f_f007514,1,3,2308190003,금왕 휴게소
f_f007514,1,4,2308190004,CU 상주 화북점
f_f007514,1,5,2308190005,쌍용계곡
f_f007514,1,6,2308190007,쌍용 계곡펜션 민 박
f_f007514,2,1,2308200001,세인트메리힐커피
f_f007514,2,2,2308200002,괴산휴게소 양평방향
f_f007514,2,3,2308200003,집
f_f007515,1,1,2308170001,집
f_f007515,1,2,2308170002,서울역
f_f007515,1,3,2308170003,묵호역
f_f007515,1,4,2308170004,묵호 김밥
f_f007515,1,5,2308170005,도째비골스카이밸리
f_f007515,1,6,2308170006,망상오토캠핑리조트
f_f007515,2,1,2308180001,망상 해변
f_f007515,2,2,2308180002,지구인 커피
f_f007515,2,3,2308180003,나인 비치 37 surfpub
f_f007515,2,4,2308180004,묵호역
f_f007515,2,5,2308180005,강릉역
f_f007515,2,6,2308180006,서울역
f_f007515,2,7,2308180007,집
f_f007520,1,1,2308190001,집
f_f007520,1,2,2308190002,원 컵의 데이
f_f007520,1,3,2308190003,히피 몬드
f_f007520,1,4,2308190004,팝콘 호스텔
f_f007520,1,5,2308190005,원에 학
f_f007520,1,6,2308190006,해운대해수욕장
f_f007520,1,7,2308190007,행복식당 2호점
f_f007520,1,8,2308190008,GS25 해운베키니아점
f_f007520,1,9,2308190009,팝콘 호스텔
f_f007520,2,1,2308200001,써브웨이 부산 해운대 비치점
f_f007520,2,2,2308200002,더베이 11 요트클럽
f_f007520,2,3,2308200003,개미집 서면점
f_f007520,2,4,2308200007,러브 액추얼리
f_f007520,2,5,2308200004,브룩스
f_f007520,2,6,2308200005,부산 서부버스터미널
f_f007520,2,7,2308200006,집
f_f007522,1,1,2308280001,집
f_f007522,1,2,2308280002,춘천 사색의 길 1번 탑 거리길
f_f007522,1,3,2308280003,모민
f_f007522,1,4,2308280006,청진동 감자탕
f_f007522,1,5,2308280004,춘천 사색의 길 2번 길 역사인 물길
f_f007522,1,6,2308280007,봄 봄 모텔
f_f007522,2,1,2308290001,김유정문학촌
f_f007522,2,2,2308290002,유정 명물 닭갈비 막국수
f_f007522,2,3,2308290003,강아지 숲
f_f007522,2,4,2308290004,구곡폭포
f_f007522,2,5,2308290005,춘천 송암스포츠타운
f_f007522,2,6,2308290006,춘천역 경춘선
f_f007522,2,7,2308290007,집
f_f007525,1,1,2308210001,집
f_f007525,1,2,2308210003,언양휴게소 서울 방향
f_f007525,1,3,2308210004,불국사 농협 하나로마트
f_f007525,1,4,2308210005,불국사
f_f007525,1,5,2308210002,페리로 애견 풀 빌라
f_f007525,2,1,2308220001,부을 국정 떡갈비
f_f007525,2,2,2308220002,블리스 커피
f_f007525,2,3,2308220003,집
f_f007528,1,1,2308180001,집
f_f007528,1,2,2308180002,댓잎 장어
f_f007528,1,3,2308180003,자수정 동굴나라
f_f007528,1,4,2308180004,브라운 도트 호텔 장생포점
f_f007528,1,5,2308180005,장생포 고래빵
f_f007528,1,6,2308180008,브라운 도트 호텔 장생포점
f_f007528,2,1,2308190001,장생포 고래빵
f_f007528,2,2,2308190002,대왕암공원 출렁다리
f_f007528,2,3,2308190003,불국사 토함산 밀면
f_f007528,2,4,2308190005,충주(상) 주유소
f_f007528,2,5,2308190004,집
f_f007529,1,1,2308190001,집
f_f007529,1,2,2308190003,장사해수욕장
f_f007529,1,3,2308190004,장사상륙작전 전승기념관
f_f007529,1,4,2308190006,남 울진농협 하나로마트 본점
f_f007529,1,5,2308190005,속초 할머니 감자탕 후포점
f_f007529,1,6,2308190002,국립칠보산자연휴양림
f_f007529,2,1,2308200002,칠보산 휴게소
f_f007529,2,2,2308200003,고래불해수욕장
f_f007529,2,3,2308200001,집
f_f007530,1,1,2308260001,집
f_f007530,1,2,2308260002,수서역
f_f007530,1,3,2308260003,부산역
f_f007530,1,4,2308260004,디어 마이 유스 해리단점
f_f007530,1,5,2308260005,딤 타오
f_f007530,1,6,2308260007,해운대 아틀리에 칙칙폭폭
f_f007530,1,7,2308260008,다대포해수욕장
f_f007530,1,8,2308260006,서프 홀릭 다대포
f_f007530,2,1,2308270003,서프 홀릭 다대포
f_f007530,2,2,2308270004,서프 홀릭 다대포
f_f007530,2,3,2308270005,블루샥 부산 다대포점
f_f007530,2,4,2308270002,부산역
f_f007530,2,5,2308270001,집
f_f007533,1,1,2308290001,집
f_f007533,1,2,2308290003,프라 한 명지점
f_f007533,1,3,2308290004,카페 진 목
f_f007533,1,4,2308290005,부산 현대미술관
f_f007533,1,5,2308290006,스타벅스 양산 증산역점
f_f007533,1,6,2308290007,하나로마트 양산점
f_f007533,1,7,2308290002,집
f_f007534,1,1,2308180001,집
f_f007534,1,2,2308180003,스타벅스 경산 임당역 DT 점
f_f007534,1,3,2308180004,롯데 워터파크
f_f007534,1,4,2308180005,삼발이
f_f007534,1,5,2308180002,헤르 온 호텔
f_f007534,2,1,2308190003,쿼크 커피나
f_f007534,2,2,2308190002,오지 테이블
f_f007534,2,3,2308190004,롯데 프리미엄 아웃렛 김해점
f_f007534,2,4,2308190005,복 터진 집 수성점
f_f007534,2,5,2308190001,집
f_f007535,1,1,2308190001,집
f_f007535,1,2,2308190002,동루골막국수
f_f007535,1,3,2308190003,호텔 파이오
f_f007535,1,4,2308190004,태시트 TACIT
f_f007535,1,5,2308190005,아야진해수욕장
f_f007535,1,6,2308190006,천진 오길
f_f007535,1,7,2308190007,글라스하우스
f_f007535,1,8,2308190008,호텔 파이오
f_f007535,2,1,2308200001,이솝 카페
f_f007535,2,2,2308200002,이스트사이드 바이브 클럽
f_f007535,2,3,2308200003,봉포 해변
f_f007535,2,4,2308200005,커피고
f_f007535,2,5,2308200004,집
f_f007538,1,1,2308150001,집
f_f007538,1,2,2308150002,가평휴게소 춘천 방향
f_f007538,1,3,2308150003,유포리막국수
f_f007538,1,4,2308150004,신북농협 하나로마트
f_f007538,1,5,2308150005,국립 용화산자연휴양림
f_f007538,1,6,2308150006,용화산
f_f007538,1,7,2308150016,국립 용화산자연휴양림
f_f007538,2,1,2308160001,솔 로스터리 커피
f_f007538,2,2,2308160002,카페 감자밭 본점
f_f007538,2,3,2308160003,소양강댐 정상 주차장
f_f007538,2,4,2308160004,소양호 유람선 매표소
f_f007538,2,5,2308160005,청평사
f_f007538,2,6,2308160006,청평사 고려선원
f_f007538,2,7,2308160007,청평사계곡
f_f007538,2,8,2308160008,청평사 선착장
f_f007538,2,9,2308160009,통나무집 닭갈비
f_f007538,2,10,2308160010,신북농협 로컬푸드 직매장
f_f007538,2,11,2308160011,스타벅스 춘천 구봉산 R
f_f007538,2,12,2308160012,집
f_f007542,1,1,2308180001,숙소
f_f007542,1,2,2308180003,신경주역
f_f007542,1,3,2308180004,경주월드
f_f007542,1,4,2308180005,별 채반 교동 쌈밥점
f_f007542,1,5,2308180006,월정교
f_f007542,1,6,2308180002,경주 봉황 맨션
f_f007542,2,1,2308190001,천마총
f_f007542,2,2,2308190002,첨성대
f_f007542,2,3,2308190003,동궁과 월지
f_f007542,2,4,2308190004,황남 숍
f_f007542,2,5,2308190005,국립경주박물관
f_f007542,2,6,2308190006,릭 버거
f_f007542,2,7,2308190007,신경주역
f_f007542,2,8,2308190008,집
f_f007548,1,1,2308190001,집
f_f007548,1,2,2308190002,여주 맛있는 휴게소 충전소 강릉방향
f_f007548,1,3,2308190003,소나무집 초당순두부
f_f007548,1,4,2308190004,순두부 젤라또 2호점
f_f007548,1,5,2308190005,강릉 달을 삼킨 바다
f_f007548,1,6,2308190006,하평해변
f_f007548,1,7,2308190007,영진 돼지
f_f007548,1,8,2308190008,강릉 달을 삼킨 바다
f_f007548,2,1,2308200001,바우 카페
f_f007548,2,2,2308200002,해동막국수
f_f007548,2,3,2308200003,집
f_f007550,1,1,2309010001,집
f_f007550,1,2,2309010002,서울역
f_f007550,1,3,2309010003,동백역 부산 2호선
f_f007550,1,4,2309010004,을크니 손칼국수 기장
f_f007550,1,5,2309010005,다이소 부산 기장 본점
f_f007550,1,6,2309010006,아홉 살 숲
f_f007550,1,7,2309010007,해동용궁사
f_f007550,1,8,2309010008,덕이
f_f007550,1,9,2309010009,부산요트투어
f_f007550,1,10,2309010010,광안 지웰에스테이트 오피스텔
f_f007550,2,1,2309020001,까사 부사로
f_f007550,2,2,2309020002,스카이라인 루지 부산
f_f007550,2,3,2309020003,KTG 상상마당 부산
f_f007550,2,4,2309020005,전포 카페거리
f_f007550,2,5,2309020004,이재모 피자 본점
f_f007550,2,6,2309020006,33게이트
f_f007550,2,7,2309020007,집
f_f007554,1,1,2308260001,집
f_f007554,1,2,2308260002,거송 갈비찜
f_f007554,1,3,2308260003,더 현대 대구
f_f007554,1,4,2308260004,김광석 다시 그리기 길
f_f007554,1,5,2308260005,퀸 벨 호텔
f_f007554,1,6,2308260006,서문시장
f_f007554,1,7,2308260007,퀸 벨 호텔
f_f007554,2,1,2308270001,옻골마을
f_f007554,2,2,2308270002,대구 도동 측백나무숲
f_f007554,2,3,2308270003,전주 소반 동성로점
f_f007554,2,4,2308270004,서문시장 2지구
f_f007554,2,5,2308270005,집
f_f007561,1,1,2308270001,집
f_f007561,1,2,2308270002,수서역
f_f007561,1,3,2308270003,동대구역
f_f007561,1,4,2308270006,걸리버 막창 동성로 직영점
f_f007561,1,5,2308270004,대구 삼성 라이온즈 파크
f_f007561,1,6,2308270005,토요코인 대구 동성로점
f_f007561,1,7,2308270007,세븐일레븐 대구동성로토요코인점
f_f007561,1,8,2308270008,토요코인 대구 동성로점
f_f007561,2,1,2308280001,최가네 케이크
f_f007561,2,2,2308280002,스타벅스 대구 종로 고택점
f_f007561,2,3,2308280003,더 현대 대구
f_f007561,2,4,2308280004,뉴욕 통닭
f_f007561,2,5,2308280005,더 현대 대구
f_f007561,2,6,2308280006,신세계백화점 대구점
f_f007561,2,7,2308280007,동대구역
f_f007561,2,8,2308280008,집
f_f007567,1,1,2308150001,집
f_f007567,1,2,2308150002,비밀의 화원 서면점
f_f007567,1,3,2308150003,칸다 쇼바 부산 서면점
f_f007567,1,4,2308150004,토캡
f_f007567,1,5,2308150005,집
f_f007568,1,1,2308260001,집
f_f007568,1,2,2308260002,광명역 D 주차장
f_f007568,1,3,2308260003,부산역
f_f007568,1,4,2308260004,초필살 돼 지구이 광안 직영점
f_f007568,1,5,2308260005,홍단
f_f007568,1,6,2308260006,해운대 하얀 오징어집
f_f007568,1,7,2308260007,기타로 해운대 2호점
f_f007568,1,8,2308260010,토요코인 호텔 부산 해운대 2호점
f_f007568,2,1,2308270001,딤 타오
f_f007568,2,2,2308270003,빈 커피
f_f007568,2,3,2308270002,집
f_f007593,1,1,2308260001,집
f_f007593,1,2,2308260002,315아트센터
f_f007593,1,3,2308260003,카츠
f_f007593,1,4,2308260004,경남 마산로봇랜드
f_f007593,1,5,2308260005,집
f_f007617,1,1,2309010001,집
f_f007617,1,2,2309010003,동양 백반
f_f007617,1,3,2309010004,경주월드
f_f007617,1,4,2309010002,코모도호텔 경주
f_f007617,2,1,2309020002,포도도 경주점
f_f007617,2,2,2309020003,황남 맨션
f_f007617,2,3,2309020004,1994다이닝
f_f007617,2,4,2309020005,망고 홈
f_f007617,2,5,2309020006,경주 약과 방
f_f007617,2,6,2309020007,첨성대
f_f007617,2,7,2309020008,신경주역
f_f007617,2,8,2309020001,집
f_f007631,1,1,2309030001,집
f_f007631,1,2,2309030002,윤가 이가
f_f007631,1,3,2309030004,소노캄 델피노
f_f007631,1,4,2309030003,소노펠리체 델피노 더엠브로시아
f_f007631,1,5,2309030005,청룡호 선장 네 집
f_f007631,1,6,2309030006,소노캄델피노 AB동
f_f007631,2,1,2309040001,소노캄델피노 셰프스키친
f_f007631,2,2,2309040002,속초관광수산시장
f_f007631,2,3,2309040003,바다정원
f_f007631,2,4,2309040004,옛날 공이 메밀국수
f_f007631,2,5,2309040005,목동 신시가지 11단지 아파트
f_f007631,2,6,2309040006,집
f_f007688,1,1,2308160005,집
f_f007688,1,2,2308160001,카페 아라미스
f_f007688,1,3,2308160002,로미지 안 가든
f_f007688,1,4,2308160003,정선에 코리조트
f_f007688,1,5,2308160004,로미지 안 가든
f_f007688,1,6,2308160006,로미지 안 가든
f_f007688,2,1,2308170001,카페 아라미스
f_f007688,2,2,2308170002,나 전역 카페
f_f007688,2,3,2308170003,아우라지
f_f007688,2,4,2308170004,회동 집
f_f007688,2,5,2308170005,정선 가리왕산 케이블카 숙암역
f_f007688,2,6,2308170006,이충 마을 미주 3차 아파트
f_f007690,1,1,2308260001,친구 친지 집
f_f007690,1,2,2308260002,거제 식물원 정글돔
f_f007690,1,3,2308260003,산도 달도
f_f007690,1,4,2308260004,거제도 현 시장
f_f007690,1,5,2308260005,사곡해수욕장
f_f007690,1,6,2308260006,부평 깡통시장
f_f007690,1,7,2308260007,지사과학 단지 삼정 그린 코아 아파트
f_f007700,1,1,2308150001,집
f_f007700,1,2,2308150002,덕평자연휴게소 강릉방향
f_f007700,1,3,2308150003,백석폭포
f_f007700,1,4,2308150004,정선 레일바이크
f_f007700,1,5,2308150005,정선아리랑 시장
f_f007700,1,6,2308150006,바다 내음 펜션
f_f007700,1,7,2308150007,흥정계곡
f_f007700,1,8,2308150008,바다 내음 펜션
f_f007700,2,1,2308160002,허브나라농원
f_f007700,2,2,2308160003,흔들바위
f_f007700,2,3,2308160004,스톤 크릭
f_f007700,2,4,2308160001,집
f_f007701,1,1,2308190001,집
f_f007701,1,2,2308190002,최고 횟집
f_f007701,1,3,2308190003,동호해변
f_f007701,1,4,2308190004,양양 웰컴센터 코코 양양
f_f007701,1,5,2308190005,양양전통시장
f_f007701,1,6,2308190006,하조대 전망대
f_f007701,1,7,2308190007,하조대 평양면옥
f_f007701,1,8,2308190008,하조대해수욕장
f_f007701,1,9,2308190009,집
f_f007719,1,1,2308190001,집
f_f007719,1,2,2308190003,여원 찜 갈비
f_f007719,1,3,2308190004,와인터널
f_f007719,1,4,2308190005,청도 프로방스
f_f007719,1,5,2308190006,롯데마트 광복점
f_f007719,1,6,2308190007,자갈치 곰장어 19번 고성 집 거제 집
f_f007719,1,7,2308190008,GS25 대잠 중앙점
f_f007719,1,8,2308190002,호텔 발라스
f_f007719,2,1,2308200002,영일대해수욕장
f_f007719,2,2,2308200003,삼호 식당
f_f007719,2,3,2308200004,환호공원 스페이스 워크
f_f007719,2,4,2308200005,팜 테이블 영일대점
f_f007719,2,5,2308200006,환여 횟집
f_f007719,2,6,2308200001,집
f_f007726,1,1,2308190001,집
f_f007726,1,2,2308190002,황지자유시장
f_f007726,1,3,2308190003,황지공원 황지연못
f_f007726,1,4,2308190004,황부자 며느리야 시장
f_f007726,1,5,2308190005,꿈 모텔
f_f007726,2,1,2308200001,구문소
f_f007726,2,2,2308200002,태백고생대자연사박물관
f_f007726,2,3,2308200003,불로 닭물 닭갈비
f_f007726,2,4,2308200004,철암 찹쌀 꽈배기
f_f007726,2,5,2308200005,철암 탄광 역사촌
f_f007726,2,6,2308200006,태백석탄 박물관
f_f007726,2,7,2308200007,집
f_f007731,1,1,2308220001,집
f_f007731,1,2,2308220002,태화강역 동해선
f_f007731,1,3,2308220003,일광역 동해선
f_f007731,1,4,2308220004,구디웨키
f_f007731,1,5,2308220005,일광해수욕장
f_f007731,1,6,2308220006,Havenue
f_f007731,1,7,2308220007,삼발이 부산 일광점
f_f007731,1,8,2308220008,H avenue
f_f007731,1,9,2308220009,H avenue
f_f007731,2,1,2308230001,H avenue
f_f007731,2,2,2308230002,일광역 동해선
f_f007731,2,3,2308230003,태화강역
f_f007731,2,4,2308230007,턱 편한 세민 치과 의원
f_f007731,2,5,2308230008,최승호 신경과 의원
f_f007731,2,6,2308230004,상무 초밥 울산 삼산점
f_f007731,2,7,2308230006,라 쁘띠
f_f007731,2,8,2308230005,집
f_f007733,1,1,2308190001,집
f_f007733,1,2,2308190002,서라벌 문화회관
f_f007733,1,3,2308190003,향미사
f_f007733,1,4,2308190004,부처 빵
f_f007733,1,5,2308190005,월하정인
f_f007733,1,6,2308190006,봄날
f_f007733,1,7,2308190007,첨성대
f_f007733,1,8,2308190009,SG 빌라 앤 호텔
f_f007733,2,1,2308200001,돌고래 횟집
f_f007733,2,2,2308200002,필모어 커피
f_f007733,2,3,2308200004,대전역
f_f007733,2,4,2308200003,집
f_f007736,1,1,2308270001,집
f_f007736,1,2,2308270003,서울역
f_f007736,1,3,2308270004,동해역
f_f007736,1,4,2308270005,동해 성지 해물순두부
f_f007736,1,5,2308270006,감추게 변
f_f007736,1,6,2308270007,일마레
f_f007736,1,7,2308270008,미스터쭈삼
f_f007736,1,8,2308270009,다이소 동해 천곡점
f_f007736,1,9,2308270002,동해무릉 건강숲
f_f007736,2,1,2308280002,동해시 종합버스터미널
f_f007736,2,2,2308280003,어향
f_f007736,2,3,2308280004,명릉공원
f_f007736,2,4,2308280005,한 섬 해변
f_f007736,2,5,2308280006,동해시 종합버스터미널
f_f007736,2,6,2308280007,서울고속버스터미널(경부)
f_f007736,2,7,2308280001,집
f_f007746,1,1,2308150001,집
f_f007746,1,2,2308150003,영일대해수욕장
f_f007746,1,3,2308150004,마라도 회 식당
f_f007746,1,4,2308150005,환호공원 스페이스 워크
f_f007746,1,5,2308150006,더뷰
f_f007746,1,6,2308150007,죽도 시장
f_f007746,1,7,2308150002,집
f_f007772,1,1,2308260001,집
f_f007772,1,2,2308260002,사무실
f_f007772,1,3,2308260003,동대구역
f_f007772,1,4,2308260004,해비치
f_f007772,1,5,2308260005,해야
f_f007772,1,6,2308260006,해비치
f_f007772,1,7,2308260007,세븐일레븐 울산 주전해변점
f_f007772,1,8,2308260008,주전몽돌해변
f_f007772,1,9,2308260009,세븐일레븐 울산 주전해변점
f_f007772,1,10,2308260010,해비치
f_f007772,1,11,2308260011,생생 주꾸미 울산 주전점
f_f007772,1,12,2308260012,이득 통닭
f_f007772,1,13,2308260013,GS25 울산 솔밭해변점
f_f007772,1,14,2308260014,주전몽돌해변
f_f007772,1,15,2308260016,해비치
f_f007772,2,1,2308270001,해비치
f_f007772,2,2,2308270002,손가
f_f007772,2,3,2308270003,올라
f_f007772,2,4,2308270005,동대구역
f_f007772,2,5,2308270004,북을 산역
f_f007772,2,6,2308270006,집
f_f007810,1,1,2308190001,집
f_f007810,1,2,2308190002,금오산 랜드 눈썰매장
f_f007810,1,3,2308190003,씨맨스카페
f_f007810,1,4,2308190004,동굴집
f_f007810,1,5,2308190005,집
f_f007856,1,1,2308150001,집
f_f007856,1,2,2308150003,영천 휴게소 포항방향
f_f007856,1,3,2308150004,메르 센트 펜션 카페
f_f007856,1,4,2308150005,메르 센트리조트
f_f007856,1,5,2308150006,메르 센트리조트
f_f007856,2,1,2308160001,메르 센트리조트
f_f007856,2,2,2308160002,장사상륙작전 전승기념관
f_f007856,2,3,2308160004,생생 횟집
f_f007856,2,4,2308160005,장사리 카페
f_f007856,2,5,2308160003,집
f_f007862,1,1,2308260001,집
f_f007862,1,2,2308260002,한올
f_f007862,1,3,2308260003,일광해수욕장
f_f007862,1,4,2308260004,명성 모집
f_f007862,1,5,2308260005,브라운 도트 호텔 일광해수욕장점
f_f007862,2,1,2308270001,원조 기장 손칼국수 기장시장 본점
f_f007862,2,2,2308270002,이 터널 저니
f_f007862,2,3,2308270003,해동용궁사
f_f007862,2,4,2308270004,롯데 프리미엄 아웃렛 동부산점
f_f007862,2,5,2308270005,집
f_f007864,1,1,2308200001,사무실
f_f007864,1,2,2308200002,청도 가마솥 국밥
f_f007864,1,3,2308200003,운문사
f_f007864,1,4,2308200005,로뎀나무
f_f007864,2,1,2308210001,군파 클루지
f_f007864,2,2,2308210002,청보리 보릿고개
f_f007864,2,3,2308210003,새마을운동 발상지기념공원
f_f007864,2,4,2308210004,사무실
f_f007869,1,1,2309060001,집
f_f007869,1,2,2309060002,운대리 자작나무 숲
f_f007869,1,3,2309060003,내린 천막 국수
f_f007869,1,4,2309060005,웰니스 클럽(파크 로쉬리조트 앤 웰니스)
f_f007869,1,5,2309060006,아쿠아 클럽 (피크 로쉬리조트 앤 웰니스)
f_f007869,1,6,2309060007,로쉬 카페
f_f007869,1,7,2309060008,파크 로쉬리조트 앤 웰니스 글라스하우스
f_f007869,1,8,2309060009,파크 로쉬리조트 앤 웰니스
f_f007869,2,1,2309070001,파크 키친
f_f007869,2,2,2309070002,웰니스 클럽 (파크 로쉬리조트 앤 웰니스)
f_f007869,2,3,2309070003,정선 가리왕산 케이블카 숙암역
f_f007869,2,4,2309070004,정선아리랑 시장
f_f007869,2,5,2309070005,집
f_f007876,1,1,2308150001,집
f_f007876,1,2,2308150002,금천 롯데캐슬골드파크 3차 아파트
f_f007876,1,3,2308150003,나루 수상 레저
f_f007876,1,4,2308150004,달기 춘천 닭갈비
f_f007876,1,5,2308150005,집
f_f007898,1,1,2308150001,집
f_f007898,1,2,2308150002,스타벅스 춘천 구봉산 R
f_f007898,1,3,2308150003,별장 안방 토종닭
f_f007898,1,4,2308150004,에티오피아 한국전 참전기념관
f_f007898,1,5,2308150005,집
f_f007899,1,1,2309100001,집
f_f007899,1,2,2309100002,경복 주유소
f_f007899,1,3,2309100003,이효석문학관
f_f007899,1,4,2309100004,봉평 전통시장
f_f007899,1,5,2309100005,메밀꽃 향기
f_f007899,1,6,2309100006,효석문화마을
f_f007899,1,7,2309100007,꿈꾸는 달 카페
f_f007899,1,8,2309100008,효석 달빛 언덕
f_f007899,1,9,2309100009,메밀꽃밭
f_f007899,1,10,2309100010,봉평 허생원 메밀국수
f_f007899,1,11,2309100011,메밀꽃밭
f_f007899,1,12,2309100012,이마트 24 횡성 둔내점
f_f007899,1,13,2309100013,집
f_f007916,1,1,2308160001,집
f_f007916,1,2,2308160002,GS25 경주월드점
f_f007916,1,3,2308160003,경주월드
f_f007916,1,4,2308160004,료미
f_f007916,1,5,2308160005,황련단길
f_f007916,1,6,2308160006,월정교
f_f007916,1,7,2308160007,베스트웨스턴 플러스 경주
f_f007916,2,1,2308170001,경주 문무대왕릉
f_f007916,2,2,2308170002,궁리 손칼국수
f_f007916,2,3,2308170006,석굴암
f_f007916,2,4,2308170003,신라역사과학관
f_f007916,2,5,2308170004,로드 1
f_f007916,2,6,2308170005,집
f_f007918,1,1,2308150001,집
f_f007918,1,2,2308150002,자수정 동굴나라
f_f007918,1,3,2308150003,대공원 밀면
f_f007918,1,4,2308150004,울산대공원 생태여행과
f_f007918,1,5,2308150005,집
f_f007919,1,1,2308150001,집
f_f007919,1,2,2308150005,낙동강의 성 휴게소 주유소 영천 방향
f_f007919,1,3,2308150003,이마트 포항점
f_f007919,1,4,2308150004,구룡포 시장
f_f007919,1,5,2308150006,장길리복합낚시공원
f_f007919,1,6,2308150002,레드하우스 오션 힐즈
f_f007919,2,1,2308160002,히든 씨
f_f007919,2,2,2308160003,캘리포니아비치
f_f007919,2,3,2308160005,황련단길
f_f007919,2,4,2308160004,1994다이닝
f_f007919,2,5,2308160006,월영교
f_f007919,2,6,2308160001,집
f_f007924,1,1,2308160001,집
f_f007924,1,2,2308160003,홍천 휴게소 양양 방향
f_f007924,1,3,2308160004,솔밭 가든 막국수
f_f007924,1,4,2308160005,선라이즈 호텔
f_f007924,1,5,2308160006,아바이마을 벽화골목
f_f007924,1,6,2308160007,호두 잡화점
f_f007924,1,7,2308160008,속초해수욕장
f_f007924,1,8,2308160009,녹쟌니
f_f007924,1,9,2308160010,청초수물회
f_f007924,1,10,2308160011,속초관광수산시장
f_f007924,1,11,2308160002,선라이즈 호텔
f_f007924,2,1,2308170002,옥란 푸딩
f_f007924,2,2,2308170003,금이야 옥이야
f_f007924,2,3,2308170004,보사노바 커피 로프터스 속초점
f_f007924,2,4,2308170005,크라제
f_f007924,2,5,2308170006,속초 고속버스터미널
f_f007924,2,6,2308170007,서울고속버스터미널(경부)
f_f007924,2,7,2308170001,집
f_f007929,1,1,2308150001,집
f_f007929,1,2,2308150003,신에 천 휴게소
f_f007929,1,3,2308150004,하이원 워터월드
f_f007929,1,4,2308150005,메밀촌 막국수
f_f007929,1,5,2308150006,운암정 한옥 베이커리 카페 전통 주점
f_f007929,1,6,2308150007,하이원 그랜드호텔
f_f007929,1,7,2308150002,하이캐슬리조트
f_f007929,2,1,2308160002,화암 동굴
f_f007929,2,2,2308160003,정선아리랑 시장
f_f007929,2,3,2308160001,집
f_f007931,1,1,2308150001,집
f_f007931,1,2,2308150003,한탄강 하늘다리
f_f007931,1,3,2308150004,비둘기낭폭포
f_f007931,1,4,2308150005,솔향기
f_f007931,1,5,2308150006,어메이징 래프팅
f_f007931,1,6,2308150002,집
f_f007934,1,1,2308200001,집
f_f007934,1,2,2308200002,아남아파트
f_f007934,1,3,2308200003,동막 막국수
f_f007934,1,4,2308200004,갈남항
f_f007934,1,5,2308200005,와우 펜션
f_f007934,1,6,2308200006,환선굴 매표소
f_f007934,1,7,2308200007,홈플러스 삼척점
f_f007934,1,8,2308200009,와우 펜션
f_f007934,2,1,2308210001,일 매어 담
f_f007934,2,2,2308210002,부영 닭강정
f_f007934,2,3,2308210004,어머니 직장
f_f007934,2,4,2308210003,동방불패
f_f007937,1,1,2308220001,집
f_f007937,1,2,2308220008,서울역 공항철도
f_f007937,1,3,2308220009,부산역
f_f007937,1,4,2308220003,파스쿠찌 광안리점
f_f007937,1,5,2308220004,아이엠 부산
f_f007937,1,6,2308220005,광안리해수욕장
f_f007937,1,7,2308220006,러브 이즈 기방 하트 베어 3호점
f_f007937,1,8,2308220007,신라스테이 해운대
f_f007937,1,9,2308220010,해운대해수욕장
f_f007937,1,10,2308220011,상국이네
f_f007937,1,11,2308220012,신라스테이 해운대
f_f007937,1,12,2308220013,해운대해수욕장
f_f007937,1,13,2308220002,신라스테이 해운대
f_f007937,2,1,2308230001,뚜벅스 광안점
f_f007937,2,2,2308230002,톤쇼우 광안점
f_f007937,2,3,2308230003,부산역
f_f007937,2,4,2308230004,집
f_f007941,1,1,2308190001,집
f_f007941,1,2,2308190002,장보고 식자재마트
f_f007941,1,3,2308190004,앵강 마켓
f_f007941,1,4,2308190003,때깔로 무역
f_f007941,1,5,2308190005,버몬트 더 레이크사이드
f_f007941,2,1,2308200001,다랑어 맛집
f_f007941,2,2,2308200002,카페톨
f_f007941,2,3,2308200003,로띠번 섬진강휴게소 순천방향점
f_f007941,2,4,2308200004,집
f_f007943,1,1,2308240001,집
f_f007943,1,2,2308240002,상주캠퍼스 정류장
f_f007943,1,3,2308240004,부산역
f_f007943,1,4,2308240003,구구 식탁
f_f007943,1,5,2308240005,템플 오브 템포
f_f007943,1,6,2308240006,불란사
f_f007943,1,7,2308240007,KTG 상상마당 부산
f_f007943,1,8,2308240008,겟오프
f_f007943,1,9,2308240009,광안리해수욕장
f_f007943,1,10,2308240010,초필살 돼 지구이 광안 직영점
f_f007943,1,11,2308240011,벙커
f_f007943,1,12,2308240012,파로스 오피스텔
f_f007943,2,1,2308250001,동백 섬
f_f007943,2,2,2308250002,무사비
f_f007943,2,3,2308250003,프루토프루타
f_f007943,2,4,2308250004,소요기
f_f007943,2,5,2308250005,비트로 볼링장
f_f007943,2,6,2308250006,시 해운대역
f_f007943,2,7,2308250007,신세계백화점 대구점
f_f007943,2,8,2308250008,집
f_f007946,1,1,2309090001,집
f_f007946,1,2,2309090003,양지바른 버거집
f_f007946,1,3,2309090004,영금정
f_f007946,1,4,2309090005,속초관광수산시장
f_f007946,1,5,2309090006,바다를 품은 펜션
f_f007946,1,6,2309090007,강냉이 소쿠리
f_f007946,1,7,2309090008,GS25 강릉 연곡 캠핑 장점
f_f007946,1,8,2309090002,바다를 품은 펜션
f_f007946,2,1,2309100001,하평해변
f_f007946,2,2,2309100002,오죽헌
f_f007946,2,3,2309100003,웰빙 홍게 무한리필
f_f007946,2,4,2309100004,집
f_f007948,1,1,2308180001,집
f_f007948,1,2,2308180002,가평휴게소 춘천 방향
f_f007948,1,3,2308180003,함경면옥
f_f007948,1,4,2308180004,양양 식자재마트
f_f007948,1,5,2308180005,발리별펜션
f_f007948,2,1,2308190001,여운 포리 빵집
f_f007948,2,2,2308190002,하조대해수욕장
f_f007948,2,3,2308190003,배배 젤라또
f_f007948,2,4,2308190004,평창 자연휴게소 인천방향
f_f007948,2,5,2308190005,집
f_f007952,1,1,2308240001,친구 친지 집
f_f007952,1,2,2308240003,횡성휴게소 강릉방향
f_f007952,1,3,2308240004,송정해변
f_f007952,1,4,2308240005,카페 알베르
f_f007952,1,5,2308240006,샌마르피자
f_f007952,1,6,2308240007,커피 버스데이
f_f007952,1,7,2308240002,라마다호텔 스위트 평창
f_f007952,2,1,2308250001,루지 코리아 용평 루지
f_f007952,2,2,2308250002,아파 너
f_f007952,2,3,2308250003,사천항 주문진 물회
f_f007952,2,4,2308250004,사천해변
f_f007952,2,5,2308250005,바우 카페 본점
f_f007952,2,6,2308250006,사천해변
f_f007952,2,7,2308250007,솔향 왕갈비
f_f007952,2,8,2308250008,경인지방식품의약품안전청 시험분석센터
f_f007953,1,1,2309020001,집
f_f007953,1,2,2309020002,통나무집 닭갈비 분점
f_f007953,1,3,2309020003,춘천 삼악산 호수 케이블카
f_f007953,1,4,2309020004,뮤지엄스테이
f_f007953,1,5,2309020005,라운지 5
f_f007953,1,6,2309020006,뮤지엄스테이
f_f007953,2,1,2309030001,이상 온 미술관 금속 공방
f_f007953,2,2,2309030002,카페 1
f_f007953,2,3,2309030003,이상인 미술관
f_f007953,2,4,2309030004,짜짜루
f_f007953,2,5,2309030005,집
f_f007956,1,1,2308160001,집
f_f007956,1,2,2308160002,천안호두 휴게소 부산방향
f_f007956,1,3,2308160003,화서휴게소 주유소 상주방향
f_f007956,1,4,2308160004,평산 책방
f_f007956,1,5,2308160005,와인터널
f_f007956,1,6,2308160006,우화 한 식당 황남정
f_f007956,1,7,2308160007,월암재
f_f007956,1,8,2308160008,동궁과 월지
f_f007956,1,9,2308160009,월암재
f_f007956,2,1,2308170001,첨성대
f_f007956,2,2,2308170002,진목정 성지
f_f007956,2,3,2308170003,삼국유사군위휴게소 상주방향
f_f007956,2,4,2308170004,집
f_f007957,1,1,2308260001,집
f_f007957,1,2,2308260002,강릉역
f_f007957,1,3,2308260003,강릉역옹막
f_f007957,1,4,2308260004,경포 비스타 호텔
f_f007957,1,5,2308260005,경포도립공원
f_f007957,1,6,2308260006,씨엠디컴퍼니
f_f007957,1,7,2308260007,경포 비스타 호텔
f_f007957,2,1,2308270001,경포해수욕장
f_f007957,2,2,2308270002,최일선 짬뽕 순두부
f_f007957,2,3,2308270003,경포대 그린바이크
f_f007957,2,4,2308270004,경포 호수광장
f_f007957,2,5,2308270005,순두부 젤라또 1호점
f_f007957,2,6,2308270006,강릉 월화 거리
f_f007957,2,7,2308270007,강릉 중앙시장
f_f007957,2,8,2308270008,옥천동 은행나무
f_f007957,2,9,2308270009,더 카페 강릉 중앙점
f_f007957,2,10,2308270010,감자바위
f_f007957,2,11,2308270011,강릉 샌드 본점
f_f007957,2,12,2308270014,만동 제과
f_f007957,2,13,2308270015,홈플러스 강릉점
f_f007957,2,14,2308270013,강릉 시외버스터미널
f_f007957,2,15,2308270012,집
f_f007958,1,1,2309020001,집
f_f007958,1,2,2309020002,홍천 휴게소 양양 방향
f_f007958,1,3,2309020003,부알라 카페 속초점
f_f007958,1,4,2309020004,속초해수욕장
f_f007958,1,5,2309020005,김정옥 할머니순두부 본점
f_f007958,1,6,2309020006,롯데리조트 속초 워터파크
f_f007958,1,7,2309020007,속초관광수산시장
f_f007958,1,8,2309020008,속초 아이파크스위트호텔 앤 레지던스
f_f007958,2,1,2309030001,롯데리조트 속초 카페 플레이트
f_f007958,2,2,2309030002,내린천 휴게소 서울 방향
f_f007958,2,3,2309030003,집
f_f007959,1,1,2309100001,집
f_f007959,1,2,2309100002,수서역
f_f007959,1,3,2309100003,대구 메리어트호텔
f_f007959,1,4,2309100004,어반 웰니스 클럽
f_f007959,1,5,2309100005,대구 메리어트호텔 레지던스 로비라운지
f_f007959,1,6,2309100006,대구 메리어트호텔
f_f007959,2,1,2309110001,대구 메리어트호텔 어반 키친
f_f007959,2,2,2309110002,대구 메리어트호텔 레지던스 로비라운지
f_f007959,2,3,2309110003,M 클럽 라운지
f_f007959,2,4,2309110004,투썸플레이스 동대구점
f_f007959,2,5,2309110005,대구 메리어트호텔
f_f007960,1,1,2309110001,집
f_f007960,1,2,2309110002,수서역
f_f007960,1,3,2309110003,청구 전원타운 아파트
f_f007960,1,4,2309110004,청구 전원타운 아파트
f_f007960,2,1,2309120001,도림사
f_f007960,2,2,2309120002,스타벅스 대구 팔공로 DT
f_f007960,2,3,2309120003,동대구역
f_f007960,2,4,2309120004,범포 어묵
f_f007960,2,5,2309120005,수서역
f_f007960,2,6,2309120006,집
f_f007961,1,1,2308170001,집
f_f007961,1,2,2308170002,KTG 상상마당 부산 요시다 사진전
f_f007961,1,3,2308170003,보니 따인 더 하우스
f_f007961,1,4,2308170005,Soutem
f_f007961,1,5,2308170004,브래킷 테이블
f_f007961,1,6,2308170006,페이퍼 가든
f_f007961,1,7,2308170007,샬로 커피
f_f007961,1,8,2308170008,광안리해수욕장
f_f007961,1,9,2308170009,아따 아따
f_f007961,1,10,2308170010,집
f_f007965,1,1,2308250001,집
f_f007965,1,2,2308250004,서면특화거리
f_f007965,1,3,2308250003,하루 가락국수 서면점
f_f007965,1,4,2308250005,차선책 2호점
f_f007965,1,5,2308250006,서면 미술관
f_f007965,1,6,2308250007,전포 카페거리
f_f007965,1,7,2308250008,어반 스테이 서면
f_f007965,1,8,2308250010,배스킨라빈스 부산 서면중앙점
f_f007965,1,9,2308250009,전 토공 구길
f_f007965,1,10,2308250011,취화 밤 23호
f_f007965,1,11,2308250002,어반 스테이 서면
f_f007965,2,1,2308260002,청담 일품 한 식
f_f007965,2,2,2308260003,전포 카페거리
f_f007965,2,3,2308260004,어나더미 네스 전포점
f_f007965,2,4,2308260005,전 토공 구길
f_f007965,2,5,2308260007,부산 시민공원 역사관
f_f007965,2,6,2308260006,부산 시민공원
f_f007965,2,7,2308260008,부산역
f_f007965,2,8,2308260009,동대구역
f_f007965,2,9,2308260001,집
f_f007997,1,1,2308190001,집
f_f007997,1,2,2308190002,밥 한 끼
f_f007997,1,3,2308190003,고래불해수욕장
f_f007997,1,4,2308190004,삼성인력개발원 영덕연수원
f_f007997,2,1,2308200001,주왕산
f_f007997,2,2,2308200002,집
f_f008015,1,1,2308240001,집
f_f008015,1,2,2308240002,귀양지
f_f008015,1,3,2308240003,위양 448
f_f008015,1,4,2308240004,용평 터널
f_f008015,1,5,2308240005,드림마트 금곡점
f_f008015,1,6,2308240006,밀양 로그 펜션
f_f008015,2,1,2308250001,연지
f_f008015,2,2,2308250002,청도읍 선
f_f008015,2,3,2308250003,엘파라이소365
f_f008015,2,4,2308250004,집
f_f008026,1,1,2308310001,집
f_f008026,1,2,2308310002,청량리역
f_f008026,1,3,2308310003,춘천역 경춘선
f_f008026,1,4,2308310005,명가 막국수
f_f008026,1,5,2308310006,감자밭
f_f008026,1,6,2308310007,신북 커피
f_f008026,1,7,2308310008,소양강 처녀상
f_f008026,1,8,2308310009,소양강 스카이워크
f_f008026,1,9,2308310010,혜정 닭갈비
f_f008026,1,10,2308310011,육림 닭강정
f_f008026,1,11,2308310012,춘천역 경춘선
f_f008026,1,12,2308310013,청량리역
f_f008026,1,13,2308310004,집
f_f008031,1,1,2308190001,집
f_f008031,1,2,2308190002,내린천 휴게소 양양 방향
f_f008031,1,3,2308190003,속초 아이
f_f008031,1,4,2308190004,속초항 생선구이찜 전문
f_f008031,1,5,2308190005,속초관광수산시장
f_f008031,1,6,2308190006,투썸플레이스 속초 외옹치점
f_f008031,1,7,2308190007,속초해수욕장
f_f008031,1,8,2308190008,하얀 집
f_f008031,2,1,2308200001,설악 케이블카
f_f008031,2,2,2308200002,신흥사
f_f008031,2,3,2308200003,대추 한 알거든 쌈 고기
f_f008031,2,4,2308200004,외옹치 바다 향기로
f_f008031,2,5,2308200005,보사노바 커피 로프터스 속초점
f_f008031,2,6,2308200006,한마당 휴게소
f_f008031,2,7,2308200007,집
f_f008053,1,1,2308200001,집
f_f008053,1,2,2308200003,송대말 등대
f_f008053,1,3,2308200004,등대 목욕탕
f_f008053,1,4,2308200005,정록 쌈밥
f_f008053,1,5,2308200006,천마총
f_f008053,1,6,2308200007,황련단길
f_f008053,1,7,2308200002,집
f_f008065,1,1,2309020001,집
f_f008065,1,2,2309020003,조부장 매운 순대가 명동점
f_f008065,1,3,2309020004,KTG 상상마당 춘천아트센터
f_f008065,1,4,2309020005,댄싱 카페인
f_f008065,1,5,2309020006,한림대학교
f_f008065,1,6,2309020007,메이서 199
f_f008065,1,7,2309020008,역전 할머니 맥주 남양주 별내 별 사람 역점
f_f008065,1,8,2309020002,집
f_f008072,1,1,2308170001,친구 친지 집
f_f008072,1,2,2308170003,황남 두꺼비
f_f008072,1,3,2308170004,오고 스튜디오
f_f008072,1,4,2308170005,황금십원빵 본점
f_f008072,1,5,2308170006,프롬 상록
f_f008072,1,6,2308170007,황남 떡집
f_f008072,1,7,2308170002,다올 펜션
f_f008072,2,1,2308180002,반듯이
f_f008072,2,2,2308180003,첨성대
f_f008072,2,3,2308180004,대릉원
f_f008072,2,4,2308180001,다시 친구 집으로 복귀!!
f_f008082,1,1,2308230001,집
f_f008082,1,2,2308230002,노원역 4호선
f_f008082,1,3,2308230003,서울역
f_f008082,1,4,2308230004,부산역
f_f008082,1,5,2308230005,해동용궁사
f_f008082,1,6,2308230006,송정해수욕장
f_f008082,1,7,2308230007,청사포 다릿돌 전망대
f_f008082,1,8,2308230008,장산역 부산 2호선
f_f008082,1,9,2308230009,세라젬 웹 카페 센텀 직영점
f_f008082,1,10,2308230010,신세계백화점 센텀시티점
f_f008082,1,11,2308230011,나가 하마만 게츠
f_f008082,1,12,2308230012,엑스더 스카이
f_f008082,1,13,2308230013,공차 부산 해운대구청점
f_f008082,1,14,2308230014,라마다 앙코르 해운대 호텔
f_f008082,2,1,2308240001,라마다 앙코르 해운대 호텔
f_f008082,2,2,2308240002,트릭아이 뮤지엄 부산점
f_f008082,2,3,2308240003,롯데백화점 부산본점
f_f008082,2,4,2308240004,초량 밀면
f_f008082,2,5,2308240005,비엔씨제과 부산역점
f_f008082,2,6,2308240006,부산역
f_f008082,2,7,2308240007,하계역 7호선
f_f008082,2,8,2308240008,집
f_f008089,1,1,2308200001,집
f_f008089,1,2,2308200002,횡성휴게소 강릉방향
f_f008089,1,3,2308200004,음악 시간 펜션
f_f008089,1,4,2308200003,대관령 양떼목장
f_f008089,1,5,2308200005,김우정 초당 짬뽕 순두부 본점
f_f008089,1,6,2308200006,강릉 중앙시장
f_f008089,1,7,2308200007,경포해수욕장
f_f008089,1,8,2308200008,음악 시간 펜션
f_f008089,2,1,2308210001,안목 해변
f_f008089,2,2,2308210002,엘빈
f_f008089,2,3,2308210003,아르떼 뮤지엄 강릉
f_f008089,2,4,2308210004,자연에 놀자
f_f008089,2,5,2308210005,대영 유통
f_f008089,2,6,2308210006,집
f_f008094,1,1,2308260001,집
f_f008094,1,2,2308260002,하이디라오 부산역점
f_f008094,1,3,2308260003,story A 부산
f_f008094,1,4,2308260004,해운대해수욕장
f_f008094,1,5,2308260006,노티스 부산 해운대
f_f008094,1,6,2308260005,라이언 홀리데이 인 부산
f_f008094,1,7,2308260007,세웅 빌딩
f_f008094,1,8,2308260008,밀란 더 마켓
f_f008094,1,9,2308260009,피플웍스 광안점
f_f008094,1,10,2308260010,광안리해수욕장
f_f008094,1,11,2308260011,세웅 빌딩
f_f008094,2,1,2308270001,쉐이크쉑 부산 서면점
f_f008094,2,2,2308270002,집
f_f008096,1,1,2308170001,집
f_f008096,1,2,2308170002,하양역
f_f008096,1,3,2308170003,포항역
f_f008096,1,4,2308170004,월포 역
f_f008096,1,5,2308170005,남들 가게 로터리 마트
f_f008096,1,6,2308170006,월포 동해 펜션
f_f008096,1,7,2308170007,월포해수욕장
f_f008096,1,8,2308170008,월포 동해 펜션
f_f008096,1,9,2308170009,남들 가게 로터리 마트
f_f008096,1,10,2308170010,월포 동해 펜션
f_f008096,2,1,2308180001,식목일
f_f008096,2,2,2308180002,월포역
f_f008096,2,3,2308180003,포항역
f_f008096,2,4,2308180004,하양역
f_f008096,2,5,2308180005,일당백 부대찌개
f_f008096,2,6,2308180006,집
f_f008099,1,1,2308260001,집
f_f008099,1,2,2308260003,명가 횟집
f_f008099,1,3,2308260004,해 뜨는 집 펜션
f_f008099,1,4,2308260005,PEL cafe
f_f008099,1,5,2308260006,양양 물치해수욕장
f_f008099,1,6,2308260008,켄싱턴호텔 설악
f_f008099,1,7,2308260007,속초 아바의 명가
f_f008099,1,8,2308260009,해 뜨는 집 펜션
f_f008099,2,1,2308270001,설악산 켄싱턴호텔
f_f008099,2,2,2308270002,설악산 국립공원
f_f008099,2,3,2308270003,설빙정막국수
f_f008099,2,4,2308270004,가평휴게소 서울 방향
f_f008099,2,5,2308270005,집
f_f008109,1,1,2308190001,집
f_f008109,1,2,2308190002,대구 서부정류장
f_f008109,1,3,2308190004,동피랑 전복만을
f_f008109,1,4,2308190006,통영시립 박물관
f_f008109,1,5,2308190007,해저터널
f_f008109,1,6,2308190008,영운 36카페
f_f008109,1,7,2308190009,수륙해수욕장
f_f008109,1,8,2308190010,중앙 활어시장
f_f008109,1,9,2308190011,에이스 호텔
f_f008109,1,10,2308190012,디피랑
f_f008109,1,11,2308190013,에이스 호텔
f_f008109,2,1,2308200001,동피랑 벽화마을
f_f008109,2,2,2308200002,동피랑 기와집
f_f008109,2,3,2308200003,중앙시장 광장
f_f008109,2,4,2308200004,이순신공원
f_f008109,2,5,2308200005,구르대에
f_f008109,2,6,2308200006,조이너스 서부점
f_f008141,1,1,2308200001,집
f_f008141,1,2,2308200003,경주휴게소 부산방향
f_f008141,1,3,2308200004,장생포 고래문화마을
f_f008141,1,4,2308200005,서생 횟집
f_f008141,1,5,2308200006,일산해수욕장
f_f008141,1,6,2308200007,호텔 컨시드
f_f008141,1,7,2308200008,셰프의 고깃간
f_f008141,1,8,2308200016,호텔 컨시드
f_f008141,2,1,2308210001,맥도날드 울산 일산 DT 점
f_f008141,2,2,2308210002,대왕암
f_f008141,2,3,2308210003,카페 코지
f_f008141,2,4,2308210004,청파
f_f008141,2,5,2308210005,간절곶
f_f008141,2,6,2308210006,언양휴게소 서울 방향
f_f008141,2,7,2308210007,집
f_f008145,1,1,2308180001,친구 친지 집
f_f008145,1,2,2308180003,안동대학교 역동서원
f_f008145,1,3,2308180004,뭉치 중앙점
f_f008145,1,4,2308180005,모디 684
f_f008145,1,5,2308180006,월영교
f_f008145,1,6,2308180002,관음 중앙로 25길 11
f_f008161,1,1,2308260001,친구 친지 집
f_f008161,1,2,2308260003,올스타 마트 위례점
f_f008161,1,3,2308260004,블레스 롤 서울 위례점
f_f008161,1,4,2308260005,트레이더스 홀세일 클럽 위례점
f_f008161,1,5,2308260006,가평휴게소 춘천 방향
f_f008161,1,6,2308260002,소나무 향기 민박
f_f008161,2,1,2308270002,커피 인
f_f008161,2,2,2308270003,함경도 찹쌀순대
f_f008161,2,3,2308270001,동탄 2 LH 행복주택 28단지 아파트
f_f008165,1,1,2308310001,집
f_f008165,1,2,2308310002,함안휴게소 순천방향
f_f008165,1,3,2308310003,동정호
f_f008165,1,4,2308310004,최 참판 댁
f_f008165,1,5,2308310005,화개 장터
f_f008165,1,6,2308310006,안동장터소고기국밥
f_f008165,1,7,2308310007,정금 차밭
f_f008165,1,8,2308310008,지리산국립공원 화개 탐방안내소
f_f008165,1,9,2308310009,스테이 화개
f_f008165,2,1,2309010001,도심다원
f_f008165,2,2,2309010002,오늘은 짬뽕 당기는 날
f_f008165,2,3,2309010003,스파 더 스페이스
f_f008165,2,4,2309010004,집
f_f008169,1,1,2308260001,집
f_f008169,1,2,2308260002,횡성휴게소 강릉방향
f_f008169,1,3,2308260003,안목 해변
f_f008169,1,4,2308260004,친척 집
f_f008169,1,5,2308260005,강경 불고기(강경 생고기)
f_f008169,1,6,2308260006,친척 집
f_f008169,1,7,2308260007,강릉 월화 거리
f_f008169,1,8,2308260012,친척 집
f_f008169,2,1,2308270001,세븐일레븐 강릉 곶감점
f_f008169,2,2,2308270002,친척 집
f_f008169,2,3,2308270003,양평 휴게소 광주방향
f_f008169,2,4,2308270004,집
f_f008174,1,1,2309090006,집
f_f008174,1,2,2309090002,경포해수욕장
f_f008174,1,3,2309090003,안녕 피크닉
f_f008174,1,4,2309090004,대관령 양 꼬치구이
f_f008174,1,5,2309090005,강문해변
f_f008174,1,6,2309090001,호텔 자작나무
f_f008174,2,1,2309100002,도깨비 방파제
f_f008174,2,2,2309100003,최 씨 장칼국수
f_f008174,2,3,2309100004,송정해변
f_f008174,2,4,2309100005,모자 호떡 초당점
f_f008174,2,5,2309100006,오버웨잇
f_f008174,2,6,2309100007,패밀리 바이크
f_f008174,2,7,2309100008,아르떼 뮤지엄 강릉
f_f008174,2,8,2309100009,강릉 중앙시장
f_f008174,2,9,2309100001,세진 브론즈 빌 오피스텔
f_f008177,1,1,2308250001,사무실
f_f008177,1,2,2308250002,후라 또 식당 서울역점
f_f008177,1,3,2308250003,서울역
f_f008177,1,4,2308250004,부산역
f_f008177,1,5,2308250005,이재모 피자
f_f008177,1,6,2308250007,알바니 센트럴 부산
f_f008177,2,1,2308260001,송정 3대 국밥
f_f008177,2,2,2308260002,뚜벅스 광안점
f_f008177,2,3,2308260003,광안리해수욕장
f_f008177,2,4,2308260004,스타벅스 BIFC 몰점
f_f008177,2,5,2308260005,BNK 부산은행 본점
f_f008177,2,6,2308260006,부산역
f_f008177,2,7,2308260007,집
f_f008178,1,1,2309020001,집
f_f008178,1,2,2309020010,수서역
f_f008178,1,3,2309020002,부산역
f_f008178,1,4,2309020003,초원 복국
f_f008178,1,5,2309020004,송도 해상 케이블카 송도 베이 스테이션
f_f008178,1,6,2309020005,펠릭스 바이 에스티 엑스
f_f008178,1,7,2309020006,수영만 요트경기장
f_f008178,1,8,2309020007,락 앤 웍
f_f008178,1,9,2309020009,펠릭스 바이 에스티 엑스
f_f008178,2,1,2309030001,바다마루 전복죽
f_f008178,2,2,2309030002,GS25 그랜드 엘시티점
f_f008178,2,3,2309030003,펠릭스 바이 에스티 엑스
f_f008178,2,4,2309030004,아홉 살 숲
f_f008178,2,5,2309030005,미동 아소정
f_f008178,2,6,2309030006,설빙 부산역점
f_f008178,2,7,2309030007,부산역
f_f008178,2,8,2309030009,수서역
f_f008178,2,9,2309030008,집
f_f008180,1,1,2308200001,집
f_f008180,1,2,2308200002,임랑해수욕장
f_f008180,1,3,2308200003,행복한 찹쌀 꽈배기
f_f008180,1,4,2308200005,종종 스테이
f_f008180,2,1,2308210001,단장면 커피 로프터스
f_f008180,2,2,2308210002,정복인 국수
f_f008180,2,3,2308210003,대동 장터국수
f_f008180,2,4,2308210004,집
f_f008187,1,1,2308170001,집
f_f008187,1,2,2308170002,동서울 종합터미널
f_f008187,1,3,2308170003,횡성휴게소 강릉방향
f_f008187,1,4,2308170004,강릉 고속버스터미널
f_f008187,1,5,2308170005,농촌 순두부
f_f008187,1,6,2308170006,카페 동화
f_f008187,1,7,2308170008,경포 마레 호텔
f_f008187,1,8,2308170007,강문솟대다리
f_f008187,1,9,2308170009,강릉 중앙시장
f_f008187,1,10,2308170010,경포 마레 호텔
f_f008187,2,1,2308180006,경포해수욕장
f_f008187,2,2,2308180001,초당 고래 로스팅 카페
f_f008187,2,3,2308180002,엄지네 포장마차 본점
f_f008187,2,4,2308180003,강릉 중앙시장
f_f008187,2,5,2308180004,강릉역
f_f008187,2,6,2308180005,집
f_f008188,1,1,2308200001,집
f_f008188,1,2,2308200002,설악 딸기 찹쌀떡
f_f008188,1,3,2308200003,미담 칼국수
f_f008188,1,4,2308200004,속초해수욕장
f_f008188,1,5,2308200006,선크림
f_f008188,1,6,2308200012,바다그리기 펜션
f_f008188,2,1,2308210001,88생선 구이
f_f008188,2,2,2308210002,브릭스 블록 482
f_f008188,2,3,2308210003,속초관광수산시장
f_f008188,2,4,2308210004,컴포즈커피 속초해수욕장점
f_f008188,2,5,2308210005,집
f_f008190,1,1,2308290001,친구 친지 집
f_f008190,1,2,2308290003,춘천휴게소
f_f008190,1,3,2308290004,엄지네 포장마차 본점
f_f008190,1,4,2308290005,정동진 레일바이크
f_f008190,1,5,2308290006,강릉 중앙시장
f_f008190,1,6,2308290009,강릉 월화 거리
f_f008190,1,7,2308290007,라미 상점
f_f008190,1,8,2308290008,강릉 중앙시장
f_f008190,1,9,2308290010,투데이 경포 오션뷰 펜션
f_f008190,1,10,2308290011,사근 긴 해변
f_f008190,1,11,2308290002,투데이 경포 오션뷰 펜션
f_f008190,2,1,2308300001,경포대
f_f008190,2,2,2308300002,아르떼 뮤지엄 강릉
f_f008190,2,3,2308300003,금천 칼국수
f_f008190,2,4,2308300004,강릉 중앙시장
f_f008190,2,5,2308300005,테라로사 사천 점
f_f008190,2,6,2308300006,내린천 휴게소 서울 방향
f_f008190,2,7,2308300007,춘천휴게소 주유소 부산방향
f_f008190,2,8,2308300008,산수 빌 아파트
f_f008192,1,1,2308190001,집
f_f008192,1,2,2308190002,삽교리 동치미 막국수 본점
f_f008192,1,3,2308190003,대관령 삼양 목장
f_f008192,1,4,2308190004,강릉 중앙시장
f_f008192,1,5,2308190005,피아노
f_f008192,1,6,2308190009,탑스 테인 리스강 호텔
f_f008192,2,1,2308200001,정동진 레일바이크
f_f008192,2,2,2308200002,초당 할머니순두부
f_f008192,2,3,2308200003,집
f_f008193,1,1,2308190001,집
f_f008193,1,2,2308190002,횡성휴게소 강릉방향
f_f008193,1,3,2308190003,대관령 양떼목장
f_f008193,1,4,2308190004,홈플러스 강릉점
f_f008193,1,5,2308190005,강릉 중앙시장
f_f008193,1,6,2308190006,장안 횟집
f_f008193,1,7,2308190007,즈므즈므 바다방
f_f008193,1,8,2308190008,사천해변
f_f008193,1,9,2308190009,즈므즈므 바다방
f_f008193,2,1,2308200001,곳
f_f008193,2,2,2308200002,대관령 아기동물 목장
f_f008193,2,3,2308200003,9남매 집
f_f008193,2,4,2308200004,홍천 휴게소 서울 방향
f_f008193,2,5,2308200005,집
f_f008194,1,1,2308200001,집
f_f008194,1,2,2308200006,텐 퍼센트 커피 김해 안동 푸르지오점
f_f008194,1,3,2308200005,오션블루 가덕휴게소
f_f008194,1,4,2308200003,지심도 횟집
f_f008194,1,5,2308200007,장승포 농협 하나로마트 옥수점
f_f008194,1,6,2308200004,학동 흑진주 몽돌해변
f_f008194,1,7,2308200002,머 그 학동 펜션
f_f008194,2,1,2308210002,오션블루 거제휴게소
f_f008194,2,2,2308210001,집
f_f008196,1,1,2308180001,집
f_f008196,1,2,2308180002,서울역
f_f008196,1,3,2308180003,동대구역
f_f008196,1,4,2308180004,대구 삼성 라이온즈 파크
f_f008196,1,5,2308180005,넘버 25호텔 대구역점
f_f008196,1,6,2308180006,미츠팡
f_f008196,1,7,2308180007,넘버 25호텔 대구역점
f_f008196,2,1,2308190001,도마 29
f_f008196,2,2,2308190002,카페 오디너리 하우스
f_f008196,2,3,2308190003,동성로
f_f008196,2,4,2308190004,스파크 랜드
f_f008196,2,5,2308190006,에이 바이트 키친
f_f008196,2,6,2308190005,레드 버튼 동성로 2호점
f_f008196,2,7,2308190007,동대구역
f_f008196,2,8,2308190008,서울역
f_f008196,2,9,2308190009,집
f_f008198,1,1,2308230001,집
f_f008198,1,2,2308230002,대구역
f_f008198,1,3,2308230003,부산역
f_f008198,1,4,2308230004,대 쿠이 부산점
f_f008198,1,5,2308230005,서면 미술관
f_f008198,1,6,2308230006,호텔 더엠
f_f008198,1,7,2308230007,광안리해수욕장
f_f008198,1,8,2308230008,지금 조개
f_f008198,1,9,2308230009,역전 할머니 맥주 부산 광안리점
f_f008198,1,10,2308230010,호텔 더엠
f_f008198,2,1,2308240001,개미집 광안리점
f_f008198,2,2,2308240002,이케아 동부산점
f_f008198,2,3,2308240006,해운대해수욕장
f_f008198,2,4,2308240003,금송덕미 행리단길점
f_f008198,2,5,2308240004,카가와 식당
f_f008198,2,6,2308240005,부산역
f_f008198,2,7,2308240007,집
f_f008200,1,1,2308190001,집
f_f008200,1,2,2308190002,해평농협 하나로마트 본점
f_f008200,1,3,2308190003,카페 65
f_f008200,1,4,2308190004,성주봉 자연휴양림 야영장 숲속 야영장
f_f008200,2,1,2308200002,상주한 박 일반산업단지
f_f008200,2,2,2308200001,상주 공간
f_f008200,2,3,2308200003,집
f_f008203,1,1,2308170001,집
f_f008203,1,2,2308170003,유어타입
f_f008203,1,3,2308170004,KTG 상상마당 부산
f_f008203,1,4,2308170005,서면 젊음의 거리
f_f008203,1,5,2308170006,오프 커스
f_f008203,1,6,2308170007,아비 베르
f_f008203,1,7,2308170008,포셋 전포점
f_f008203,1,8,2308170009,반판
f_f008203,1,9,2308170011,광안리해수욕장
f_f008203,1,10,2308170010,밀란 더 마켓
f_f008203,1,11,2308170002,우드하우스 호텔
f_f008203,2,1,2308180001,바다마루 전복죽
f_f008203,2,2,2308180002,해운대해수욕장
f_f008203,2,3,2308180003,스타벅스 그랜드 조선 부산점
f_f008203,2,4,2308180004,현대 모터 스튜디오 부산
f_f008203,2,5,2308180005,F1963
f_f008203,2,6,2308180006,폴트 버거 신세계 센텀시티점
f_f008203,2,7,2308180007,집
f_f008210,1,1,2308190001,집
f_f008210,1,2,2308190002,횡성 루지 체험장
f_f008210,1,3,2308190003,장이 산장
f_f008210,1,4,2308190004,횡성호수길
f_f008210,1,5,2308190005,태기산 전망대
f_f008210,1,6,2308190006,산일 리오
f_f008210,1,7,2308190007,금광포란재 아파트
f_f008210,2,1,2308200001,강원 쥐라기 랜드
f_f008210,2,2,2308200002,풍수원 성당
f_f008210,2,3,2308200003,횡성축협 한우플라자 본점
f_f008210,2,4,2308200004,횡성한우 체험관
f_f008210,2,5,2308200005,집
f_f008212,1,1,2308180001,집
f_f008212,1,2,2308180002,에란 델
f_f008212,1,3,2308180003,군위휴게소
f_f008212,1,4,2308180004,치악휴게소
f_f008212,1,5,2308180005,버거 월드
f_f008212,1,6,2308180006,서피 비치
f_f008212,1,7,2308180007,설화 모텔
f_f008212,1,8,2308180009,플리즈 웨이스
f_f008212,1,9,2308180008,인구해변
f_f008212,1,10,2308180010,써 머드
f_f008212,1,11,2308180011,설화 모텔
f_f008212,2,1,2308190001,동해 막국수
f_f008212,2,2,2308190002,낙산사
f_f008212,2,3,2308190003,단양휴게소
f_f008212,2,4,2308190004,집
f_f008213,1,1,2308210001,집
f_f008213,1,2,2308210003,감자바위
f_f008213,1,3,2308210004,음
f_f008213,1,4,2308210005,휘게 노빌레 스파 펜션
f_f008213,1,5,2308210006,고씨네 동해 막국수 강문본점(구.메밀골동해막국수)
f_f008213,1,6,2308210007,강릉커피 빵 본점
f_f008213,1,7,2308210008,경포해수욕장
f_f008213,1,8,2308210009,원 바이크
f_f008213,1,9,2308210002,휘게 노빌레 스파 펜션
f_f008213,2,1,2308220004,경포해수욕장
f_f008213,2,2,2308220005,휘게 노빌레 스파 펜션
f_f008213,2,3,2308220006,초당 본가
f_f008213,2,4,2308220007,초당 11
f_f008213,2,5,2308220008,강릉역
f_f008213,2,6,2308220002,정동진 레일바이크
f_f008213,2,7,2308220011,원더 스카이
f_f008213,2,8,2308220009,이정 태수 제 갈비
f_f008213,2,9,2308220010,세로
f_f008213,2,10,2308220003,강릉 고속버스터미널
f_f008213,2,11,2308220001,집
f_f008216,1,1,2308190001,집
f_f008216,1,2,2308190002,하이원 마운틴 곤돌라
f_f008216,1,3,2308190003,억새꽃 맛집
f_f008216,1,4,2308190004,강원랜드
f_f008216,1,5,2308190006,하이원리조트 마운틴콘도
f_f008216,2,1,2308200001,하이원 워터월드
f_f008216,2,2,2308200002,찬이네 감자탕 본점
f_f008216,2,3,2308200003,집
f_f008218,1,1,2308260001,집
f_f008218,1,2,2308260002,성류굴
f_f008218,1,3,2308260003,민물고기연구센터 민물고기생태체험관
f_f008218,1,4,2308260004,산수옥
f_f008218,1,5,2308260006,울진 바지게 시장
f_f008218,1,6,2308260007,늘봄 부티크 모텔
f_f008218,1,7,2308260005,울진 왕피천공원
f_f008218,1,8,2308260008,봉평해수욕장
f_f008218,1,9,2308260009,늘봄 부티크 모텔
f_f008218,2,1,2308270001,죽변 해안 스카이 레일
f_f008218,2,2,2308270002,방파제 1호 강원도 횟집
f_f008218,2,3,2308270003,폭풍 속으로 드라마 세트장
f_f008218,2,4,2308270004,용의 꿈길
f_f008218,2,5,2308270005,국립 해양과학관
f_f008218,2,6,2308270006,집
f_f008225,1,1,2308270001,집
f_f008225,1,2,2308270005,가평휴게소 춘천 방향
f_f008225,1,3,2308270003,비발디파크 오션월드
f_f008225,1,4,2308270004,투썸플레이스 오션월드점
f_f008225,1,5,2308270006,오션월드 내 좌판
f_f008225,1,6,2308270002,집
f_f008230,1,1,2308260001,집
f_f008230,1,2,2308260002,사랑채
f_f008230,1,3,2308260003,최 참판 댁
f_f008230,1,4,2308260004,박경리문학관
f_f008230,1,5,2308260005,동정호
f_f008230,1,6,2308260006,스타 웨이 스카이워크
f_f008230,1,7,2308260007,하동송림공원
f_f008230,1,8,2308260010,호텔 봄봄
f_f008230,1,9,2308260011,호텔 봄봄
f_f008230,2,1,2308270001,배달 성전 삼성궁
f_f008230,2,2,2308270002,자연 산장
f_f008230,2,3,2308270003,남사예담촌
f_f008230,2,4,2308270004,집
f_f008255,1,1,2308270001,집
f_f008255,1,2,2308270004,횡성휴게소 강릉방향
f_f008255,1,3,2308270003,용화 해변
f_f008255,1,4,2308270005,고기서 고기 동해점
f_f008255,1,5,2308270006,한 섬 해변
f_f008255,1,6,2308270002,동해 오션시티 레지던스 호텔
f_f008255,2,1,2308280002,환선굴
f_f008255,2,2,2308280004,의림지
f_f008255,2,3,2308280003,양평 휴게 주유소 서울 방향
f_f008255,2,4,2308280001,집
f_f008258,1,1,2308180001,집
f_f008258,1,2,2308180003,신세계백화점 센텀시티점
f_f008258,1,3,2308180004,호이 안
f_f008258,1,4,2308180005,티 비 에이
f_f008258,1,5,2308180006,송정해수욕장
f_f008258,1,6,2308180007,무브먼트 래 부산
f_f008258,1,7,2308180002,집
f_f008268,1,1,2308170001,집
f_f008268,1,2,2308170002,동탄역
f_f008268,1,3,2308170003,부산역
f_f008268,1,4,2308170004,영도해녀촌
f_f008268,1,5,2308170006,담아 가다
f_f008268,1,6,2308170005,흰 여울 문화마을
f_f008268,1,7,2308170007,소소한 흰 여울
f_f008268,1,8,2308170008,해운대 블루라인파크 송정 정거장
f_f008268,1,9,2308170009,해운대 블루라인파크 청사포 정거장
f_f008268,1,10,2308170010,심미안
f_f008268,1,11,2308170011,해운대 블루라인파크 미포 정거장
f_f008268,1,12,2308170012,행리단길
f_f008268,1,13,2308170013,도루 씨 행리단길점
f_f008268,1,14,2308170014,광안리해수욕장
f_f008268,1,15,2308170015,브롱스브루잉컴퍼니 광안리 BP 점
f_f008268,1,16,2308170016,오채
f_f008268,1,17,2308170017,부산역
f_f008268,1,18,2308170018,동탄역
f_f008268,1,19,2308170019,집
f_f008276,1,1,2308190001,친구 친지 집
f_f008276,1,2,2308190002,(주) 주암(순천방향) 주유소
f_f008276,1,3,2308190003,토요코인 호텔 부산 해운대 2호점
f_f008276,1,4,2308190004,거대 곰탕
f_f008276,1,5,2308190005,마벨 미뇽
f_f008276,1,6,2308190006,브래킷 테이블
f_f008276,1,7,2308190007,에떼오브제샵
f_f008276,1,8,2308190008,히데 로스터리
f_f008276,1,9,2308190009,페이퍼 가든
f_f008276,1,10,2308190010,오브젝트 서면점
f_f008276,1,11,2308190011,이재모 피자 서면점
f_f008276,1,12,2308190012,마가린 상점
f_f008276,1,13,2308190013,트윈에뚜왈
f_f008276,1,14,2308190014,토요코인 호텔 부산 해운대 2호점
f_f008276,1,15,2308190015,아모레 부산
f_f008276,1,16,2308190016,해운대해수욕장
f_f008276,1,17,2308190017,토요코인 호텔 부산 해운대 2호점
f_f008276,2,1,2308200001,오션 브리즈
f_f008276,2,2,2308200002,디저트 시네마
f_f008276,2,3,2308200003,나가 하마만 게츠
f_f008276,2,4,2308200004,신세계 센텀시티몰
f_f008276,2,5,2308200005,광안리해수욕장
f_f008276,2,6,2308200006,트레이더스 홀세일 클럽 연산점
f_f008276,2,7,2308200007,농성 유탑유블레스 아파트
f_f008289,1,1,2308190001,집
f_f008289,1,2,2308190002,하옥계곡
f_f008289,1,3,2308190003,계림 규동
f_f008289,1,4,2308190004,황련단길
f_f008289,1,5,2308190005,집
f_f008291,1,1,2308230001,집
f_f008291,1,2,2308230003,하이원 워터월드
f_f008291,1,3,2308230004,구공탄 구이
f_f008291,1,4,2308230002,하이원 팰리스 호텔
f_f008291,2,1,2308240002,메밀촌 막국수
f_f008291,2,2,2308240003,운암정 한옥 베이커리 카페 전통주점
f_f008291,2,3,2308240004,하이원리조트
f_f008291,2,4,2308240001,집
f_f008303,1,1,2309020001,집
f_f008303,1,2,2309020003,묵호항
f_f008303,1,3,2309020004,부흥횟집
f_f008303,1,4,2309020006,논골 카페
f_f008303,1,5,2309020005,논골담길
f_f008303,1,6,2309020007,망상 해변
f_f008303,1,7,2309020008,동해보양온천 컨벤션호텔 수영장
f_f008303,1,8,2309020009,냉면권 가
f_f008303,1,9,2309020002,집
f_f008308,1,1,2308190001,집
f_f008308,1,2,2308190002,KTG 상상마당 부산
f_f008308,1,3,2308190003,수영 본가 돼지국밥
f_f008308,1,4,2308190004,하운드시그니처호텔 해운대점
f_f008308,1,5,2308190005,무니 해운대점
f_f008308,1,6,2308190006,해운대해수욕장
f_f008308,1,7,2308190007,해운대 구남로 광장
f_f008308,1,8,2308190008,하운드시그니처호텔 해운대점
f_f008308,2,1,2308200001,씨라 이르 부산아쿠아리움
f_f008308,2,2,2308200002,해운대해수욕장
f_f008308,2,3,2308200003,톤쇼우 광안점
f_f008308,2,4,2308200004,광안리해수욕장
f_f008308,2,5,2308200005,콩 카페 광안리점
f_f008308,2,6,2308200006,흰 여울 문화마을
f_f008308,2,7,2308200007,흰 여울 비치
f_f008308,2,8,2308200008,금강휴게소 양방향
f_f008308,2,9,2308200009,집
f_f008333,1,1,2308210001,집
f_f008333,1,2,2308210002,대전역
f_f008333,1,3,2308210004,신경주역
f_f008333,1,4,2308210005,1974하우스
f_f008333,1,5,2308210006,황화정
f_f008333,1,6,2308210007,삼덕 마켓
f_f008333,1,7,2308210008,황금십원빵 본점
f_f008333,1,8,2308210009,대릉원
f_f008333,1,9,2308210010,두 낫디 스타브 베이커스 경주
f_f008333,1,10,2308210011,첨성대
f_f008333,1,11,2308210012,소바카게
f_f008333,1,12,2308210013,바넘 커피
f_f008333,1,13,2308210014,동궁과 월지
f_f008333,1,14,2308210015,첨성대
f_f008333,1,15,2308210003,1974하우스
f_f008333,2,1,2308220001,불국사
f_f008333,2,2,2308220002,불국사
f_f008333,2,3,2308220003,깐 부상점
f_f008333,2,4,2308220004,동네 점방
f_f008333,2,5,2308220005,설월
f_f008333,2,6,2308220006,신경주역
f_f008333,2,7,2308220007,롯데리아 신경주역사점
f_f008333,2,8,2308220008,집
f_f008336,1,1,2308210001,집
f_f008336,1,2,2308210002,우성 순대 본점
f_f008336,1,3,2308210003,이마트 제천점
f_f008336,1,4,2308210004,로즈
f_f008336,1,5,2308210005,소노벨 비발디파크 B동
f_f008336,1,6,2308210006,레전드 히어로즈 소노펠리체 비발디파크 홍천점
f_f008336,1,7,2308210007,소노벨 비발디파크 B동
f_f008336,2,1,2308220001,비발디파크 오션월드
f_f008336,2,2,2308220002,읍천리 382 제천점
f_f008336,2,3,2308220003,집
f_f008337,1,1,2308180001,집
f_f008337,1,2,2308180003,태종 물회
f_f008337,1,3,2308180004,여든여덟 밤
f_f008337,1,4,2308180005,동백꽃 필 무렵 촬영지
f_f008337,1,5,2308180006,호미곶
f_f008337,1,6,2308180002,집
f_f008352,1,1,2308200001,집
f_f008352,1,2,2308200003,오송역
f_f008352,1,3,2308200004,부산역
f_f008352,1,4,2308200005,개미집 부산역점
f_f008352,1,5,2308200006,샌더스
f_f008352,1,6,2308200007,쏘다 컬렉션 더 테라스
f_f008352,1,7,2308200008,광안리해수욕장
f_f008352,1,8,2308200009,톤쇼우 광안점
f_f008352,1,9,2308200010,카이 루 이자카야
f_f008352,1,10,2308200011,광안리 해변 테마거리
f_f008352,1,11,2308200002,쏘다 컬렉션 더 테라스
f_f008352,2,1,2308210002,안목
f_f008352,2,2,2308210003,밀란 더 마켓
f_f008352,2,3,2308210004,러브이즈기빙하트베어 서면점
f_f008352,2,4,2308210005,꾸온 이 아노
f_f008352,2,5,2308210006,이재모 피자 서면점
f_f008352,2,6,2308210007,부산역
f_f008352,2,7,2308210008,오송역
f_f008352,2,8,2308210001,집
f_f008353,1,1,2309090001,집
f_f008353,1,2,2309090003,배방 삼정 그린 코아 아파트
f_f008353,1,3,2309090004,대구 자동차 경매장
f_f008353,1,4,2309090005,크레이지팡팡
f_f008353,1,5,2309090006,대구 동성로 거리
f_f008353,1,6,2309090007,수성못
f_f008353,1,7,2309090002,호텔 갤러리
f_f008353,2,1,2309100002,막상 가
f_f008353,2,2,2309100003,바미
f_f008353,2,3,2309100004,호텔 갤러리
f_f008353,2,4,2309100005,산채식당
f_f008353,2,5,2309100006,팔공산 케이블카
f_f008353,2,6,2309100007,솔마루
f_f008353,2,7,2309100008,팔공산 케이블카
f_f008353,2,8,2309100009,티 안이 티에프
f_f008353,2,9,2309100010,낙동강 구미 휴게소 환승정류소(상행)
f_f008353,2,10,2309100011,배방 삼정 그린 코아 아파트
f_f008353,2,11,2309100001,송산 신도시 대방노블랜드 더 센트럴 3차 아파트
f_f008360,1,1,2308190001,집
f_f008360,1,2,2308190002,황성공원
f_f008360,1,3,2308190003,분황사
f_f008360,1,4,2308190004,기와 메밀막국수
f_f008360,1,5,2308190005,첨성대
f_f008360,1,6,2308190006,청수당 경주점
f_f008360,1,7,2308190007,현대 스타 원룸
f_f008367,1,1,2308190001,친구 친지 집
f_f008367,1,2,2308190002,화양 가랜드
f_f008367,1,3,2308190003,속초관광수산시장
f_f008367,1,4,2308190004,속초 진짜 순대
f_f008367,1,5,2308190005,고고비치 서브
f_f008367,1,6,2308190006,자작도해수욕장
f_f008367,1,7,2308190007,고고비치 서브
f_f008367,2,1,2308200001,자작도해수욕장
f_f008367,2,2,2308200002,엔트리 카페
f_f008367,2,3,2308200003,고성 문암리 유적
f_f008367,2,4,2308200004,고성방가
f_f008367,2,5,2308200005,문암항길
f_f008367,2,6,2308200006,속초항
f_f008367,2,7,2308200007,속초 시외버스터미널
f_f008367,2,8,2308200008,두촌 휴게소
f_f008367,2,9,2308200010,강변역 2호선
f_f008367,2,10,2308200009,수락리 버시리 3단지 아파트
f_f008373,1,1,2308180001,집
f_f008373,1,2,2308180002,소향몽
f_f008373,1,3,2308180003,대릉원 흑백사진관
f_f008373,1,4,2308180004,포도 경주 황리 비단길점
f_f008373,1,5,2308180005,오 홀리데이
f_f008373,1,6,2308180006,힐튼호텔 경주
f_f008373,1,7,2308180007,요석궁 1779
f_f008373,1,8,2308180008,경주계림
f_f008373,1,9,2308180009,첨성대
f_f008373,1,10,2308180010,경주 핑크 뮬리 군락지
f_f008373,1,11,2308180011,동궁과 월지
f_f008373,1,12,2308180012,스타벅스 경주 보문로 DT 점
f_f008373,1,13,2308180013,힐튼호텔 경주
f_f008373,2,1,2308190001,분황사
f_f008373,2,2,2308190002,대릉원
f_f008373,2,3,2308190003,동양 백반
f_f008373,2,4,2308190004,카페는
f_f008373,2,5,2308190005,집
f_f008381,1,1,2309020001,집
f_f008381,1,2,2309020002,MCY PARK
f_f008381,1,3,2309020003,애슐리 퀸즈 켄싱턴리조트 경주점
f_f008381,1,4,2309020004,소하 염전 경주
f_f008381,1,5,2309020005,대왕
f_f008381,1,6,2309020006,집
f_f008397,1,1,2308270001,집
f_f008397,1,2,2308270002,착한 정육점
f_f008397,1,3,2308270003,하나로마트 오룡점
f_f008397,1,4,2308270004,무모한 초밥 대 전문 화점
f_f008397,1,5,2308270005,빽다방 충남대병원점
f_f008397,1,6,2308270006,더비경프라이빗빌라
f_f008397,1,7,2308270007,상주 자전거 박물관
f_f008397,1,8,2308270010,더비경프라이빗빌라
f_f008397,2,1,2308280001,계룡산업죽암하휴계소
f_f008397,2,2,2308280002,집
f_f008400,1,1,2308190001,집
f_f008400,1,2,2308190002,대구 서부정류장
f_f008400,1,3,2308190003,포항터미널
f_f008400,1,4,2308190004,운하 회 대게 식당
f_f008400,1,5,2308190005,오딘 베이커리 카페
f_f008400,1,6,2308190006,친구 집
f_f008400,2,1,2308200001,영일대해수욕장
f_f008400,2,2,2308200002,오브레멘
f_f008400,2,3,2308200003,포항터미널
f_f008400,2,4,2308200004,집
f_f008402,1,1,2308200001,집
f_f008402,1,2,2308200002,서울역
f_f008402,1,3,2308200003,육전 밀면 부산역 본점
f_f008402,1,4,2308200004,브리지 호텔
f_f008402,1,5,2308200005,광안리해수욕장
f_f008402,1,6,2308200006,브리지 호텔
f_f008402,1,7,2308200007,개나리 술집 서면점
f_f008402,1,8,2308200008,브리지 호텔
f_f008402,2,1,2308210001,극동 돼지국밥 광안점
f_f008402,2,2,2308210002,서울역
f_f008402,2,3,2308210003,집
f_f008403,1,1,2308190001,집
f_f008403,1,2,2308190003,가평휴게소 춘천 방향
f_f008403,1,3,2308190004,양구 백자 박물관
f_f008403,1,4,2308190005,양구 중앙시장
f_f008403,1,5,2308190006,회 포차
f_f008403,1,6,2308190002,숙소
f_f008403,2,1,2308200002,두타연 금강산 가는 길 안내소
f_f008403,2,2,2308200003,두타연
f_f008403,2,3,2308200004,동면 식당
f_f008403,2,4,2308200005,국립 DMZ 자생식물원
f_f008403,2,5,2308200006,산양증식복원센터
f_f008403,2,6,2308200007,한반도섬
f_f008403,2,7,2308200008,양구선사 박물관
f_f008403,2,8,2308200009,뱃터막국수
f_f008403,2,9,2308200001,집
f_f008406,1,1,2308230001,집
f_f008406,1,2,2308230002,서울역 공항철도
f_f008406,1,3,2308230003,강릉역옹막
f_f008406,1,4,2308230005,스테이 구구
f_f008406,2,1,2308240001,홀리데이 빈티지
f_f008406,2,2,2308240002,강다방 이야기 공장
f_f008406,2,3,2308240003,중림장
f_f008406,2,4,2308240004,집
f_f008409,1,1,2308200001,집
f_f008409,1,2,2308200002,더도 이 종갓집 돼지국밥 본점 주차장
f_f008409,1,3,2308200003,부산광역시 체육회 부산실내빙상장
f_f008409,1,4,2308200004,화명생태공원
f_f008409,1,5,2308200005,집
f_f008413,1,1,2309110001,집
f_f008413,1,2,2309110002,스톤 크릭
f_f008413,1,3,2309110003,보릿고개 원주시청점
f_f008413,1,4,2309110004,원주 도레미 시장
f_f008413,1,5,2309110005,치악산 자연휴양림
f_f008413,2,1,2309120001,소금산 그랜드밸리
f_f008413,2,2,2309120002,어가 본가
f_f008413,2,3,2309120003,뮤지엄 산
f_f008413,2,4,2309120004,집
f_f008415,1,1,2308190001,집
f_f008415,1,2,2308190002,스타벅스 청주 분평 DT 점
f_f008415,1,3,2308190003,성주 휴게소 창원방향
f_f008415,1,4,2308190004,아라 월드
f_f008415,1,5,2308190005,산마루 식당
f_f008415,1,6,2308190006,GS25 합천 해인사점
f_f008415,1,7,2308190008,BHC치킨 합천 가야 점
f_f008415,1,8,2308190007,가야 호텔
f_f008415,2,1,2308200001,가야산야생화 식물원
f_f008415,2,2,2308200002,산마루 식당
f_f008415,2,3,2308200003,마운트 리비
f_f008415,2,4,2308200004,별 고을 시네마
f_f008415,2,5,2308200005,버섯 칼국수
f_f008415,2,6,2308200006,성주 휴게소 양평방향
f_f008415,2,7,2308200007,집
f_f008426,1,1,2308270001,집
f_f008426,1,2,2308270003,소노펫클럽앤리조트 비발디파크
f_f008426,1,3,2308270004,38마일
f_f008426,1,4,2308270005,로즈
f_f008426,1,5,2308270006,비발디파크 오션월드
f_f008426,1,6,2308270002,소노펫클럽앤리조트 비발디파크
f_f008426,2,1,2308280002,스타필드 하남
f_f008426,2,2,2308280001,집
f_f008429,1,1,2308190001,친구 친지 집
f_f008429,1,2,2308190003,논공 휴게소
f_f008429,1,3,2308190004,팔일
f_f008429,1,4,2308190005,대구스타디움
f_f008429,1,5,2308190002,오투 모텔
f_f008429,2,1,2308200001,최고신 면옥
f_f008429,2,2,2308200002,호반
f_f008429,2,3,2308200004,더 현대 대구
f_f008429,2,4,2308200003,서신 쌍용아파트
f_f008430,1,1,2309020001,집
f_f008430,1,2,2309020002,안심 역서 원 프레시 빌
f_f008430,1,3,2309020003,원 데이
f_f008430,1,4,2309020004,스타벅스 대구 각산역 DT 점
f_f008430,1,5,2309020005,등 계산 스카이워크
f_f008430,1,6,2309020006,후포리 벽화마을
f_f008430,1,7,2309020007,후포 어 시장 회도 매 셀타
f_f008430,1,8,2309020008,죽변 수산물 시장
f_f008430,1,9,2309020009,월송 솔 머리 펜션
f_f008430,2,1,2309030002,육 대장 포항 양덕점
f_f008430,2,2,2309030003,모 브랜드 포항 양덕점
f_f008430,2,3,2309030004,세라젬 웹 카페 포항 양덕 직영점
f_f008430,2,4,2309030005,죽도 시장
f_f008430,2,5,2309030006,포항 송도 해수욕장
f_f008430,2,6,2309030007,혼샤브
f_f008430,2,7,2309030008,안심 역서 원 프레시 빌
f_f008430,2,8,2309030001,집
f_f008436,1,1,2308260001,집
f_f008436,1,2,2308260002,양양 순두부 짬뽕 2호점
f_f008436,1,3,2308260003,하조대해수욕장
f_f008436,1,4,2308260004,플리즈 웨이스
f_f008436,1,5,2308260005,동산 해변
f_f008436,1,6,2308260006,힐비치서프리조트
f_f008436,1,7,2308260007,어촌마을 포차
f_f008436,1,8,2308260011,힐비치서프리조트
f_f008436,2,1,2308270002,양양 막국수
f_f008436,2,2,2308270003,메밀 라운지
f_f008436,2,3,2308270001,집
f_f008438,1,1,2308260001,집
f_f008438,1,2,2308260002,장수 암
f_f008438,1,3,2308260004,통영중앙전통시장
f_f008438,1,4,2308260005,동피랑 쭈글
f_f008438,1,5,2308260006,동피랑 폴리
f_f008438,1,6,2308260007,와플스튜디오
f_f008438,1,7,2308260008,오션 브리즈
f_f008438,1,8,2308260009,디피랑
f_f008438,1,9,2308260010,진영 복합휴게소 부산방향
f_f008438,1,10,2308260003,집
f_f008442,1,1,2308190001,집
f_f008442,1,2,2308190002,죽성 드림세트장
f_f008442,1,3,2308190003,사라 수변공원
f_f008442,1,4,2308190004,아웃백 스테이크하우스 동부산 롯데 아웃렛점
f_f008442,1,5,2308190005,덴다 스타 호텔
f_f008442,2,1,2308200001,일광이 전 생태공원
f_f008442,2,2,2308200002,일광해수욕장
f_f008442,2,3,2308200003,두 끼 떡볶이 홈플러스 센텀시티점
f_f008442,2,4,2308200004,집
f_f008443,1,1,2308200001,집
f_f008443,1,2,2308200002,안동역
f_f008443,1,3,2308200003,안동 하회마을
f_f008443,1,4,2308200006,병산서원
f_f008443,1,5,2308200004,우디 커피
f_f008443,1,6,2308200005,꿈의 궁전
f_f008443,1,7,2308200007,안동신세계 찜닭
f_f008443,1,8,2308200008,월영교
f_f008443,1,9,2308200010,꿈의 궁전
f_f008443,2,1,2308210001,성전 식당
f_f008443,2,2,2308210002,안동문화의 거리
f_f008443,2,3,2308210003,도산서원
f_f008443,2,4,2308210004,낙강 물길 공원
f_f008443,2,5,2308210005,투썸플레이스 안동 강변점
f_f008443,2,6,2308210006,집
f_f008445,1,1,2308230001,집
f_f008445,1,2,2308230002,비발디파크 오션월드
f_f008445,1,3,2308230003,홍천 휴게소 양양 방향
f_f008445,1,4,2308230005,호텔 아마란스
f_f008445,2,1,2308240002,카페 긷
f_f008445,2,2,2308240003,설악산
f_f008445,2,3,2308240004,속초관광수산시장
f_f008445,2,4,2308240005,속초 아이
f_f008445,2,5,2308240001,집
f_f008450,1,1,2308200001,집
f_f008450,1,2,2308200003,청량리역
f_f008450,1,3,2308200004,정동진역
f_f008450,1,4,2308200005,썬한식
f_f008450,1,5,2308200006,이디야커피 정동진역점
f_f008450,1,6,2308200007,오션 그레이트 펜션
f_f008450,1,7,2308200008,정동진 해변
f_f008450,1,8,2308200009,오션 그레이트 펜션
f_f008450,1,9,2308200010,해 돈다
f_f008450,1,10,2308200011,오션 그레이트 펜션
f_f008450,1,11,2308200012,모래시계공원
f_f008450,1,12,2308200002,오션 그레이트 펜션
f_f008450,2,1,2308210001,하슬라아트월드
f_f008450,2,2,2308210002,스테이 인터뷰
f_f008450,2,3,2308210003,등명 맛집
f_f008450,2,4,2308210004,정동진역
f_f008450,2,5,2308210005,집
f_f008453,1,1,2308210001,집
f_f008453,1,2,2308210004,통영종합버스터미널
f_f008453,1,3,2308210005,용이 초밥 서면점
f_f008453,1,4,2308210006,클럽 디 오아시스
f_f008453,1,5,2308210007,해운대 전통시장
f_f008453,1,6,2308210002,페어필드 바이 메리어트 부산
f_f008453,2,1,2308220001,신세계백화점 센텀시티점
f_f008453,2,2,2308220002,삼정 타워
f_f008453,2,3,2308220003,봉추찜닭 부산 서면점
f_f008453,2,4,2308220004,꼬숑드 이지
f_f008453,2,5,2308220005,화이트 캐슬 룸 카페 서면점
f_f008453,2,6,2308220006,집
f_f008473,1,1,2309020002,집
f_f008473,1,2,2309020001,청량리역
f_f008473,1,3,2309020003,동해역
f_f008473,1,4,2309020004,한 섬 해변
f_f008473,1,5,2309020009,파인 앤유 오션시티
f_f008473,1,6,2309020005,논골담길
f_f008473,1,7,2309020006,묵호항 수변공원
f_f008473,1,8,2309020007,이마트 동해점
f_f008473,1,9,2309020008,파인 앤유 오션시티
f_f008473,2,1,2309030001,추암 촛대바위
f_f008473,2,2,2309030002,마당
f_f008473,2,3,2309030003,무릉 별유천지
f_f008473,2,4,2309030004,무릉반석
f_f008473,2,5,2309030005,황정숙 막국수
f_f008473,2,6,2309030006,동해역
f_f008473,2,7,2309030007,집
f_f008489,1,1,2309020001,집
f_f008489,1,2,2309020003,한올 오징어 보쌈 국수
f_f008489,1,3,2309020004,서릿골 감성마을
f_f008489,1,4,2309020005,삼척항 공영주차장
f_f008489,1,5,2309020006,추암 촛대바위
f_f008489,1,6,2309020007,도째비골해랑전망대
f_f008489,1,7,2309020008,도째비골스카이밸리
f_f008489,1,8,2309020009,논골담길
f_f008489,1,9,2309020002,정동진 모텔
f_f008489,2,1,2309030001,모래시계공원
f_f008489,2,2,2309030002,스타벅스 강릉 안목 항적
f_f008489,2,3,2309030003,강릉항
f_f008489,2,4,2309030004,신재생에너지 전시관
f_f008489,2,5,2309030005,안반데기
f_f008489,2,6,2309030006,이가 설렁탕
f_f008489,2,7,2309030007,집
f_f008506,1,1,2308260001,집
f_f008506,1,2,2308260002,서울역
f_f008506,1,3,2308260003,부산역
f_f008506,1,4,2308260004,초량 차이나타운
f_f008506,1,5,2308260005,신발원
f_f008506,1,6,2308260006,숙소(에어비앤비)
f_f008506,1,7,2308260007,하루 필름 부산 광안대교점
f_f008506,1,8,2308260008,광안리해수욕장
f_f008506,1,9,2308260009,까사 부사로
f_f008506,1,10,2308260010,해성 막창집 광안리 본점
f_f008506,1,11,2308260011,광안리해수욕장
f_f008506,1,12,2308260012,생활 맥주 광안리점
f_f008506,1,13,2308260013,숙소(에어비앤비)
f_f008506,2,1,2308270001,명품 물회 송정 본점
f_f008506,2,2,2308270002,칠암 삼계
f_f008506,2,3,2308270003,남포지하쇼핑센터
f_f008506,2,4,2308270004,롯데백화점 광복점
f_f008506,2,5,2308270005,부산역
f_f008506,2,6,2308270006,집
f_f008510,1,1,2308260001,집
f_f008510,1,2,2308260002,코스트코 천안점
f_f008510,1,3,2308260003,옥산휴게소 부산방향
f_f008510,1,4,2308260005,풍물 토종 순대
f_f008510,1,5,2308260006,중앙시장
f_f008510,1,6,2308260007,지인 집
f_f008510,1,7,2308260008,천주교 신앙고백비
f_f008510,1,8,2308260009,경천서 공원
f_f008510,1,9,2308260010,무양 주택
f_f008510,1,10,2308260011,문의 청남대 휴게소 청주 방향
f_f008510,1,11,2308260004,집
f_f008518,1,1,2308190001,집
f_f008518,1,2,2308190003,양평 휴게소 원주 방향
f_f008518,1,3,2308190004,영월 서부시장
f_f008518,1,4,2308190002,김삿갓 계곡 캠핑장
f_f008518,2,1,2308200002,난고 김삿갓문학관
f_f008518,2,2,2308200003,무쇠뚝삼겹 성남본점
f_f008518,2,3,2308200004,롯데 프리미엄 아웃렛 타임 빌라스
f_f008518,2,4,2308200001,집
f_f008543,1,1,2308200001,집
f_f008543,1,2,2308200003,소소 떡볶이 수성 홈플러스점
f_f008543,1,3,2308200004,홈플러스 대구 수성점
f_f008543,1,4,2308200002,대구 신천 물놀이 장
f_f008543,1,5,2308200005,칠성시장
f_f008543,1,6,2308200006,우돈가
f_f008543,1,7,2308200007,집
f_f008544,1,1,2308200001,집
f_f008544,1,2,2308200003,코지 하우스
f_f008544,1,3,2308200004,산리 오러 버스 클럽
f_f008544,1,4,2308200005,딥 플로어 커피
f_f008544,1,5,2308200006,해운대해수욕장
f_f008544,1,6,2308200002,집
f_f008545,1,1,2308260001,집
f_f008545,1,2,2308260002,국군복지단 과훈단마트
f_f008545,1,3,2308260003,과일 담은 요구르트 맛집 요 맛 홍천점
f_f008545,1,4,2308260004,홍천 박물관
f_f008545,1,5,2308260005,무궁화공원
f_f008545,1,6,2308260007,다이소 홍천 2호점
f_f008545,1,7,2308260006,고기 고집
f_f008545,1,8,2308260008,손탁 커피 홍천
f_f008545,1,9,2308260009,집
f_f008547,1,1,2308190001,집
f_f008547,1,2,2308190002,리틀 비틀 키즈카페 아이 손 요리학교
f_f008547,1,3,2308190004,이태리 교동택지점
f_f008547,1,4,2308190003,경포해수욕장
f_f008547,1,5,2308190005,하이루 탕후루 강릉점
f_f008547,1,6,2308190006,허균 허난설헌 기념관
f_f008547,1,7,2308190007,세인트존스 호텔(강릉 런닝맨)
f_f008547,1,8,2308190008,강문 떡갈비
f_f008547,1,9,2308190009,집
f_f008548,1,1,2308260001,집
f_f008548,1,2,2308260003,동아백화점 수성점
f_f008548,1,3,2308260004,마이카츠 대구 아카데미점
f_f008548,1,4,2308260005,왕사탕 후르 대구 동성로점
f_f008548,1,5,2308260006,네이처 컬렉션 동성로점
f_f008548,1,6,2308260007,H&M 대구 동성로점
f_f008548,1,7,2308260008,2.28기념중앙공원
f_f008548,1,8,2308260009,스타벅스 대구중앙로 역점
f_f008548,1,9,2308260002,집
f_f008549,1,1,2308220001,집
f_f008549,1,2,2308220002,사랑해 베이글 김해율하점
f_f008549,1,3,2308220003,롯데 프리미엄 아웃렛 김해점
f_f008549,1,4,2308220004,김해 농산물 종합유통센터
f_f008549,1,5,2308220005,집
f_f008551,1,1,2308220001,집
f_f008551,1,2,2308220003,부산 서부버스터미널
f_f008551,1,3,2308220004,경주 시외버스터미널
f_f008551,1,4,2308220005,오륙돈
f_f008551,1,5,2308220006,국립경주박물관
f_f008551,1,6,2308220007,슬랩트 경주점
f_f008551,1,7,2308220008,경주 시외버스터미널
f_f008551,1,8,2308220009,부산 서부버스터미널
f_f008551,1,9,2308220002,집
f_f008553,1,1,2308200001,집
f_f008553,1,2,2308200002,투썸플레이스 마산 해운동점
f_f008553,1,3,2308200003,롯데 워터파크
f_f008553,1,4,2308200004,24시 종갓집 돼지국밥 해운점
f_f008553,1,5,2308200005,집
f_f008554,1,1,2308190001,집
f_f008554,1,2,2308190003,엔제리너스 해운대백병원점
f_f008554,1,3,2308190004,오도리 마을
f_f008554,1,4,2308190005,신명 방파제
f_f008554,1,5,2308190006,스매시 커피
f_f008554,1,6,2308190002,집
f_f008555,1,1,2308260001,집
f_f008555,1,2,2308260002,부산 아시아드 주경기장
f_f008555,1,3,2308260003,눈꽃을 나누다 사직점
f_f008555,1,4,2308260004,공차 부산 사직점
f_f008555,1,5,2308260005,부산 아시아드 보조경기장
f_f008555,1,6,2308260006,집
f_f008557,1,1,2308270001,집
f_f008557,1,2,2308270002,신세계백화점 김해점
f_f008557,1,3,2308270003,더도 이 종갓집 돼지국밥 김해점
f_f008557,1,4,2308270004,집
f_f008560,1,1,2308200001,집
f_f008560,1,2,2308200002,롯데 프리미엄 아웃렛 동부산점
f_f008560,1,3,2308200003,해동용궁사
f_f008560,1,4,2308200004,롯데 프리미엄 아웃렛 동부산점
f_f008560,1,5,2308200005,롯데 프리미엄 아웃렛 동부산점
f_f008560,1,6,2308200006,일광 아귀찜
f_f008560,1,7,2308200007,집
f_f008561,1,1,2308270001,집
f_f008561,1,2,2308270002,펫 힐링 달빛 동물원
f_f008561,1,3,2308270003,영월 서부시장
f_f008561,1,4,2308270004,집
f_f008563,1,1,2308270001,집
f_f008563,1,2,2308270003,월아산 자연휴양림
f_f008563,1,3,2308270004,장금이 수라간
f_f008563,1,4,2308270002,집
f_f008564,1,1,2308200001,집
f_f008564,1,2,2308200002,구룡사
f_f008564,1,3,2308200003,세렴 폭포
f_f008564,1,4,2308200004,회산 막국수 원주점
f_f008564,1,5,2308200005,원주한지테마파크
f_f008564,1,6,2308200006,원주국민체육센터 수영장
f_f008564,1,7,2308200007,원주원예농협 하나로클럽
f_f008564,1,8,2308200008,집
f_f008565,1,1,2308260001,집
f_f008565,1,2,2308260002,나사해수욕장
f_f008565,1,3,2308260003,호피 폴라
f_f008565,1,4,2308260004,간절곶
f_f008565,1,5,2308260005,피자 삼촌
f_f008565,1,6,2308260006,대바위공원
f_f008565,1,7,2308260007,울주 해양레포츠센터 캠핑장
f_f008565,1,8,2308260008,집
f_f008568,1,1,2308190001,집
f_f008568,1,2,2308190003,공대한 스시
f_f008568,1,3,2308190004,삼척 어린이 과학놀이 체험관
f_f008568,1,4,2308190005,가람 영화관
f_f008568,1,5,2308190002,집
f_f008569,1,1,2308200001,집
f_f008569,1,2,2308200002,두 낫디 스타브 8
f_f008569,1,3,2308200003,피제리아라르도 대구 본점
f_f008569,1,4,2308200004,칠곡 한 내 타운 2차 아파트
f_f008570,1,1,2308280001,집
f_f008570,1,2,2308280002,고신대학교 복음 병원
f_f008570,1,3,2308280003,양평 칼국수
f_f008570,1,4,2308280004,다대포해수욕장
f_f008570,1,5,2308280005,집
f_f008571,1,1,2308190001,집
f_f008571,1,2,2308190002,노지 스탠드
f_f008571,1,3,2308190003,필립스 가든
f_f008571,1,4,2308190004,스타벅스 김해 대로 DT 점
f_f008571,1,5,2308190005,광신 석유 백양 대로 주유소
f_f008571,1,6,2308190006,집
f_f008572,1,1,2308260001,집
f_f008572,1,2,2308260002,청도 계곡
f_f008572,1,3,2308260003,카페쿠시 물레 방아 집
f_f008572,1,4,2308260004,밀턴
f_f008572,1,5,2308260005,청도 신화랑 풍류마을
f_f008572,1,6,2308260006,집
f_f008575,1,1,2308240001,집
f_f008575,1,2,2308240002,통영 삼도수군통제영
f_f008575,1,3,2308240003,니지텐
f_f008575,1,4,2308240004,통영중앙전통시장
f_f008575,1,5,2308240005,동피랑 벽화마을
f_f008575,1,6,2308240006,하삼도 커피 중앙시장점
f_f008575,1,7,2308240007,집
f_f008577,1,1,2308190001,집
f_f008577,1,2,2308190002,버거킹 해운대 신도시 1점
f_f008577,1,3,2308190003,부흥공원
f_f008577,1,4,2308190004,게임맥스
f_f008577,1,5,2308190005,집
f_f008579,1,1,2308230001,집
f_f008579,1,2,2308230002,성주 성산동 고분군 전시관
f_f008579,1,3,2308230003,성주참외 체험형 테마공원
f_f008579,1,4,2308230004,파스쿠찌 성주 별 고을 체육공원점
f_f008579,1,5,2308230005,새 불고기 식당
f_f008579,1,6,2308230006,집
f_f008581,1,1,2308220001,집
f_f008581,1,2,2308220002,삼미 회관
f_f008581,1,3,2308220003,제이 블랑
f_f008581,1,4,2308220004,마고 플레인 대구대 삼거리점
f_f008581,1,5,2308220005,집
f_f008584,1,1,2308200001,집
f_f008584,1,2,2308200002,오죽헌시립 박물관
f_f008584,1,3,2308200003,오월에 초당
f_f008584,1,4,2308200004,곳
f_f008584,1,5,2308200005,사천진 해변
f_f008584,1,6,2308200006,경포호
f_f008584,1,7,2308200007,강릉 중앙시장
f_f008584,1,8,2308200008,집
f_f008585,1,1,2308270001,집
f_f008585,1,2,2308270002,불국사
f_f008585,1,3,2308270003,보문 호반 오리
f_f008585,1,4,2308270004,보문호
f_f008585,1,5,2308270005,스타벅스 경주 보문호수 DT 점
f_f008585,1,6,2308270006,황련단길
f_f008585,1,7,2308270007,집
f_f008588,1,1,2308200001,집
f_f008588,1,2,2308200002,롯데리아 울산대 학점
f_f008588,1,3,2308200003,울산대공원 아쿠아시스
f_f008588,1,4,2308200004,집
f_f008590,1,1,2308190001,집
f_f008590,1,2,2308190002,수승대 출렁다리
f_f008590,1,3,2308190003,수승대관광지
f_f008590,1,4,2308190004,민들레 수제돈가스
f_f008590,1,5,2308190005,해 플스 사이더 하우스
f_f008590,1,6,2308190006,집
f_f008592,1,1,2308260001,집
f_f008592,1,2,2308260002,한반도 지형 전망대
f_f008592,1,3,2308260003,한반도 뗏목마을
f_f008592,1,4,2308260004,강원 토속 분식
f_f008592,1,5,2308260005,강원 영월 LH 천년나무 아파트
f_f008592,1,6,2308260006,집
f_f008594,1,1,2308270001,집
f_f008594,1,2,2308270002,동대구역
f_f008594,1,3,2308270003,부산역
f_f008594,1,4,2308270004,영동 밀면 영동 국밥
f_f008594,1,5,2308270005,흰 여울 문화마을
f_f008594,1,6,2308270006,류이즈커피바
f_f008594,1,7,2308270007,용두산공원
f_f008594,1,8,2308270008,부평 깡통시장
f_f008594,1,9,2308270009,아웃 닭 남포점
f_f008594,1,10,2308270010,부산역
f_f008594,1,11,2308270011,동대구역
f_f008594,1,12,2308270012,집
f_f008600,1,1,2308260001,집
f_f008600,1,2,2308260002,장사 해돋이 휴게소
f_f008600,1,3,2308260003,울진 안전체험관
f_f008600,1,4,2308260004,김봉연 뚝배기
f_f008600,1,5,2308260005,국립 해양과학관
f_f008600,1,6,2308260006,울진 면장
f_f008600,1,7,2308260007,울진농협 하나로마트 본점
f_f008600,1,8,2308260008,집
f_f008601,1,1,2308220001,집
f_f008601,1,2,2308220003,천성산 숲 놀이터
f_f008601,1,3,2308220004,명동 근린공원
f_f008601,1,4,2308220005,어보 초밥
f_f008601,1,5,2308220006,우리 축산
f_f008601,1,6,2308220007,수 마트 정관점
f_f008601,1,7,2308220002,집
f_f008602,1,1,2308190001,집
f_f008602,1,2,2308190003,춘천 삼악산 호수 케이블카
f_f008602,1,3,2308190004,춘천 꿈 자람 어린이공원
f_f008602,1,4,2308190005,성우 닭갈비
f_f008602,1,5,2308190002,집
f_f008603,1,1,2308220001,집
f_f008603,1,2,2308220002,대구 북부시외버스터미널
f_f008603,1,3,2308220003,안동터미널
f_f008603,1,4,2308220004,안동 중앙 신시장
f_f008603,1,5,2308220005,옥적 밀
f_f008603,1,6,2308220006,얼렌드커피
f_f008603,1,7,2308220007,모디 684
f_f008603,1,8,2308220008,안동터미널
f_f008603,1,9,2308220009,대구 북부시외버스터미널
f_f008603,1,10,2308220010,집
f_f008604,1,1,2308260001,집
f_f008604,1,2,2308260003,경산시립 박물관
f_f008604,1,3,2308260004,대한 콩국 경산점
f_f008604,1,4,2308260005,삼 성현 역사 문화공원
f_f008604,1,5,2308260002,집
f_f008605,1,1,2308270001,집
f_f008605,1,2,2308270002,청량리역
f_f008605,1,3,2308270003,강릉역
f_f008605,1,4,2308270004,레드망치
f_f008605,1,5,2308270005,도어즈
f_f008605,1,6,2308270006,토담 순두부
f_f008605,1,7,2308270007,허균 허난설헌 기념관
f_f008605,1,8,2308270009,강문해변
f_f008605,1,9,2308270010,경포해수욕장
f_f008605,1,10,2308270011,제주 해안 물회
f_f008605,1,11,2308270012,라라의 안목
f_f008605,1,12,2308270013,안목 해변
f_f008605,1,13,2308270014,강릉역
f_f008605,1,14,2308270015,청량리역
f_f008605,1,15,2308270016,집
f_f008606,1,1,2308220001,집
f_f008606,1,2,2308220002,오양 아파트
f_f008606,1,3,2308220003,광안리해수욕장
f_f008606,1,4,2308220004,해운대해수욕장
f_f008606,1,5,2308220005,이디야커피 부산 거제 홈타운점
f_f008606,1,6,2308220006,부산 사직종합운동장
f_f008606,1,7,2308220007,코스트코 부산점
f_f008606,1,8,2308220008,오양 아파트
f_f008606,1,9,2308220009,밀양 코아루 아파트
f_f008607,1,1,2308260001,집
f_f008607,1,2,2308260003,라이언 식당
f_f008607,1,3,2308260004,신흥사
f_f008607,1,4,2308260005,가야 진사
f_f008607,1,5,2308260006,가마등
f_f008607,1,6,2308260002,집
f_f008610,1,1,2308210001,집
f_f008610,1,2,2308210002,롯데 워터파크
f_f008610,1,3,2308210003,집
f_f008611,1,1,2308180001,집
f_f008611,1,2,2308180002,포스코 포항제철소 정문
f_f008611,1,3,2308180003,오노 카츠
f_f008611,1,4,2308180004,영일대해수욕장
f_f008611,1,5,2308180005,환호공원 스페이스 워크
f_f008611,1,6,2308180006,집
f_f008612,1,1,2308210001,집
f_f008612,1,2,2308210002,경산역
f_f008612,1,3,2308210003,시 해운대역
f_f008612,1,4,2308210004,흑송
f_f008612,1,5,2308210005,롯데 프리미엄 아웃렛 동부산점
f_f008612,1,6,2308210006,투썸플레이스 부산 송정 힐스점
f_f008612,1,7,2308210008,미연 펜션
f_f008612,2,1,2308220002,송정해수욕장
f_f008612,2,2,2308220003,스타벅스 부산 송정 비치점
f_f008612,2,3,2308220004,부산역
f_f008612,2,4,2308220001,집
f_f008618,1,1,2308260001,집
f_f008618,1,2,2308260002,강릉역
f_f008618,1,3,2308260003,사근 긴 해변
f_f008618,1,4,2308260004,라임 비치펜션
f_f008618,2,1,2308270001,사근 긴 해변
f_f008618,2,2,2308270002,낭만 자전거
f_f008618,2,3,2308270003,경포 호수광장
f_f008618,2,4,2308270004,메가 MGC 커피 경포해수욕장점
f_f008618,2,5,2308270005,강릉에 파랑 물회
f_f008618,2,6,2308270006,강릉커피 빵 본점
f_f008618,2,7,2308270007,경포해수욕장
f_f008618,2,8,2308270008,유리알 유희
f_f008618,2,9,2308270009,옥토끼
f_f008618,2,10,2308270010,감자바위
f_f008618,2,11,2308270011,커피 쓰다
f_f008618,2,12,2308270012,집
f_f008623,1,1,2308270001,집
f_f008623,1,2,2308270002,동대구역
f_f008623,1,3,2308270003,부산역
f_f008623,1,4,2308270004,신발원
f_f008623,1,5,2308270007,호랑이 젤라 떡
f_f008623,1,6,2308270005,부산역 부산 1호선
f_f008623,1,7,2308270006,신라스테이 해운대
f_f008623,1,8,2308270008,라이언 홀리데이 인 부산
f_f008623,1,9,2308270010,해운대해수욕장
f_f008623,1,10,2308270011,승한 막창집
f_f008623,1,11,2308270012,해운대 전통시장
f_f008623,1,12,2308270013,신라스테이 해운대
f_f008623,2,1,2308280001,신라스테이 해운대
f_f008623,2,2,2308280002,신창 국밥 부산역점
f_f008623,2,3,2308280004,부산역
f_f008623,2,4,2308280003,폴리파크 학정점
f_f008625,1,1,2308200001,친구 친지 집
f_f008625,1,2,2308200002,키키리키
f_f008625,1,3,2308200004,송대말 등대
f_f008625,1,4,2308200003,오션뷰 펜션
f_f008625,1,5,2308200005,CU 감포 파도 소리점
f_f008625,1,6,2308200006,오션뷰 펜션
f_f008625,2,1,2308210001,송대말 등대
f_f008625,2,2,2308210002,황리화덕가
f_f008625,2,3,2308210003,황련단길
f_f008625,2,4,2308210004,스컹크 웍스
f_f008625,2,5,2308210005,첨성대
f_f008625,2,6,2308210006,풍년가 경주 빵 찰보리빵
f_f008625,2,7,2308210007,만덕 3단지 주공아파트
f_f008629,1,1,2308200001,집
f_f008629,1,2,2308200002,서울역 1호선
f_f008629,1,3,2308200003,신경주역
f_f008629,1,4,2308200004,황련단길
f_f008629,1,5,2308200005,대릉원
f_f008629,1,6,2308200006,가봉 방과
f_f008629,1,7,2308200007,첨성대
f_f008629,1,8,2308200008,동궁과 월지
f_f008629,1,9,2308200009,월정교
f_f008629,1,10,2308200010,경주 중앙시장
f_f008629,1,11,2308200012,에어비앤비 숙소
f_f008629,2,1,2308210001,국립경주박물관
f_f008629,2,2,2308210002,청온채
f_f008629,2,3,2308210003,황련단길
f_f008629,2,4,2308210004,신경주역
f_f008629,2,5,2308210005,서울역 1호선
f_f008629,2,6,2308210006,집
f_f008630,1,1,2308200001,집
f_f008630,1,2,2308200002,쌉버거
f_f008630,1,3,2308200003,호텔 아리나
f_f008630,1,4,2308200004,영남루
f_f008630,1,5,2308200005,굴림당
f_f008630,1,6,2308200010,강지네 옛날 팥빙수
f_f008630,1,7,2308200007,영남루
f_f008630,1,8,2308200008,숍 다코야키
f_f008630,1,9,2308200009,호텔 아리나
f_f008630,2,1,2308210001,밀성 돼지국밥
f_f008630,2,2,2308210002,귀양지
f_f008630,2,3,2308210003,미래가 든
f_f008630,2,4,2308210004,표충사
f_f008630,2,5,2308210005,청도 새마을 휴게소 주유소 대구방향
f_f008630,2,6,2308210006,집
f_f008632,1,1,2308270001,집
f_f008632,1,2,2308270002,수원역
f_f008632,1,3,2308270003,부산역
f_f008632,1,4,2308270004,크리스피 크림 도넛 부산 역사점
f_f008632,1,5,2308270005,부산타워
f_f008632,1,6,2308270006,옥천 횟집
f_f008632,1,7,2308270007,흰 여울 문화마을
f_f008632,1,8,2308270008,마린 뷰 호텔
f_f008632,1,9,2308270009,광안리해수욕장
f_f008632,1,10,2308270010,밀란 더 마켓
f_f008632,1,11,2308270011,민락 회 타운 시장
f_f008632,1,12,2308270012,마린 뷰 호텔
f_f008632,2,1,2308280001,광안리해수욕장
f_f008632,2,2,2308280002,타워 더 모스트 광안 오피스텔 주차장
f_f008632,2,3,2308280003,오복 돼지국밥
f_f008632,2,4,2308280004,해운대 블루라인파크 미포 정거장
f_f008632,2,5,2308280005,이재모 피자 본점
f_f008632,2,6,2308280006,부산역
f_f008632,2,7,2308280007,집
f_f008635,1,1,2308220001,집
f_f008635,1,2,2308220003,비발디파크 오션월드
f_f008635,1,3,2308220002,소노벨 비발디파크 B동
f_f008635,2,1,2308230002,롯데월드타워 롯데월드 몰
f_f008635,2,2,2308230001,집
f_f008652,1,1,2308210001,집
f_f008652,1,2,2308210002,성남 임시버스터미널
f_f008652,1,3,2308210003,강릉 시외버스터미널
f_f008652,1,4,2308210005,오프 더 월
f_f008652,1,5,2308210004,회산 장칼국수
f_f008652,1,6,2308210006,크리스털 모텔
f_f008652,1,7,2308210007,주문진해변
f_f008652,1,8,2308210008,주문진 방사제
f_f008652,1,9,2308210009,솔바람길 걷기 코스
f_f008652,1,10,2308210010,카페 동화
f_f008652,1,11,2308210011,초당순두부마을
f_f008652,1,12,2308210012,강문해변
f_f008652,1,13,2308210013,경포대
f_f008652,1,14,2308210014,경포 호수광장
f_f008652,1,15,2308210015,크리스털 모텔
f_f008652,2,1,2308220001,안목 해변
f_f008652,2,2,2308220002,크리스털 모텔
f_f008652,2,3,2308220006,나라나 비 강릉점
f_f008652,2,4,2308220003,송정해변
f_f008652,2,5,2308220004,번 패티 번 강릉
f_f008652,2,6,2308220005,안목 해변
f_f008652,2,7,2308220007,강릉 중앙시장
f_f008652,2,8,2308220008,강릉 고속버스터미널
f_f008652,2,9,2308220009,성남 임시버스터미널
f_f008652,2,10,2308220010,집
f_f008690,1,1,2308200001,집
f_f008690,1,2,2308200002,설악워터피아
f_f008690,1,3,2308200003,돈 삼이네 생고기 암사점
f_f008690,1,4,2308200004,집
f_f008699,1,1,2309010002,친구 친지 집
f_f008699,1,2,2309010009,강릉 시외버스터미널
f_f008699,1,3,2309010003,감자옹심이
f_f008699,1,4,2309010004,강릉 중앙시장
f_f008699,1,5,2309010005,강문해변
f_f008699,1,6,2309010007,경포호
f_f008699,1,7,2309010008,송정해변
f_f008699,1,8,2309010010,346커피스토리
f_f008699,1,9,2309010011,강문해변
f_f008699,1,10,2309010012,강릉역
f_f008699,1,11,2309010001,공릉 383-16
f_f008725,1,1,2308240001,집
f_f008725,1,2,2308240003,가정 초밥 영일대점
f_f008725,1,3,2308240004,프랭크 커핀 바 포항점
f_f008725,1,4,2308240005,조세호 포항점
f_f008725,1,5,2308240006,영일대해수욕장
f_f008725,1,6,2308240007,비 붐 스튜디오 포항영일 대점
f_f008725,1,7,2308240002,집
f_f008730,1,1,2308300001,친구 친지 집
f_f008730,1,2,2308300003,동대구역
f_f008730,1,3,2308300004,신경주역
f_f008730,1,4,2308300005,부곡농협 하나로마트 본점
f_f008730,1,5,2308300002,경북 경주시 외동읍 토함산으로 41-4
f_f008730,2,1,2308310002,소옥
f_f008730,2,2,2308310003,경북 경주시 포석으로 158-9 1층
f_f008730,2,3,2308310005,리틀 포레스트
f_f008730,2,4,2308310004,소품
f_f008730,2,5,2308310006,황련단길
f_f008730,2,6,2308310007,경주 시외버스터미널
f_f008730,2,7,2308310008,동대구 터미널
f_f008730,2,8,2308310001,수성구 수성로 52안길 3-22
f_f008741,1,1,2308290001,친구 친지 집
f_f008741,1,2,2308290002,장안 휴게소 울산 방향
f_f008741,1,3,2308290003,충무 물회
f_f008741,1,4,2308290004,홈플러스 죽도점
f_f008741,1,5,2308290005,죽도 시장
f_f008741,1,6,2308290006,웨이브 글램핑
f_f008741,2,1,2308300002,호미곶
f_f008741,2,2,2308300003,여미온
f_f008741,2,3,2308300004,황련단길
f_f008741,2,4,2308300005,청수당 경주점
f_f008741,2,5,2308300001,한양 코아 아파트
f_f008750,1,1,2309010001,집
f_f008750,1,2,2309010002,비스트로 테이스티 레스토랑
f_f008750,1,3,2309010004,인제 스마트 복합 쉼터
f_f008750,1,4,2309010005,합강정
f_f008750,1,5,2309010011,플로팅 웨일 설악 도적 폭포 스테이
f_f008750,2,1,2309020001,미시령 옛길
f_f008750,2,2,2309020002,소논문 델피노 East동
f_f008750,2,3,2309020003,십이 선녀탕 계곡
f_f008750,2,4,2309020004,창 바위 맛집
f_f008750,2,5,2309020005,집
f_f008752,1,1,2308200001,집
f_f008752,1,2,2308200002,GS25 강릉 대로 점
f_f008752,1,3,2308200003,홍천 휴게소 서울 방향
f_f008752,1,4,2308200004,홍천종합버스터미널
f_f008752,1,5,2308200007,롯데리아 비발디파크점
f_f008752,1,6,2308200005,세븐일레븐 홍천 청계점
f_f008752,1,7,2308200006,소노벨 비발디파크 B동
f_f008752,1,8,2308200008,비발디파크 오션월드
f_f008752,1,9,2308200009,비발디파크 어반 스 코트
f_f008752,1,10,2308200010,굿인 굿 마트
f_f008752,1,11,2308200011,소노벨 비발디파크 B동
f_f008752,2,1,2308210001,소노벨 비발디파크 B동
f_f008752,2,2,2308210002,중앙주유소
f_f008752,2,3,2308210003,홍천종합버스터미널
f_f008752,2,4,2308210004,홍천 휴게소 양양 방향
f_f008752,2,5,2308210005,동해 막국수
f_f008752,2,6,2308210007,집
f_f008758,1,1,2308200001,집
f_f008758,1,2,2308200002,내서 초등학교
f_f008758,1,3,2308200003,합천 제일 돼지국밥
f_f008758,1,4,2308200004,롯데백화점 대구점
f_f008758,1,5,2308200005,코오롱야외음악당
f_f008758,1,6,2308200006,캔버스
f_f008758,1,7,2308200007,이월드 정문
f_f008758,1,8,2308200008,지진 옥외 대피장소 황제공원
f_f008758,1,9,2308200009,홈플러스 경산점
f_f008758,1,10,2308200010,집
f_f008760,1,1,2308260001,집
f_f008760,1,2,2308260005,도원촌
f_f008760,1,3,2308260007,아야진해수욕장
f_f008760,1,4,2308260006,설악항 활어회센터
f_f008760,1,5,2308260004,보사노바 커피 로프터스 속초점
f_f008760,1,6,2308260003,미시령
f_f008760,1,7,2308260002,집
f_f008761,1,1,2308240001,집
f_f008761,1,2,2308240002,마산 어 시장 공영주차장
f_f008761,1,3,2308240003,스파 더 스페이스
f_f008761,1,4,2308240004,스파 더 스페이스 미스터 스시
f_f008761,1,5,2308240005,이마트 마산점
f_f008761,1,6,2308240006,집
f_f008768,1,1,2308200001,집
f_f008768,1,2,2308200002,해시
f_f008768,1,3,2308200003,어도로
f_f008768,1,4,2308200004,광안리해수욕장
f_f008768,1,5,2308200005,치지 폼
f_f008768,1,6,2308200006,온들랑샤브샤브
f_f008768,1,7,2308200007,집
f_f008775,1,1,2308230001,친구 친지 집
f_f008775,1,2,2308230002,롯데마트 사상점
f_f008775,1,3,2308230003,기와집 해물칼국수
f_f008775,1,4,2308230004,브리즈 펜션
f_f008775,2,1,2308240001,청온채
f_f008775,2,2,2308240002,청수당 경주점
f_f008775,2,3,2308240003,소옥
f_f008775,2,4,2308240005,대릉원
f_f008775,2,5,2308240006,월정교
f_f008775,2,6,2308240004,집
f_f008779,1,1,2308260001,집
f_f008779,1,2,2308260002,대전역 동광장
f_f008779,1,3,2308260003,포항역
f_f008779,1,4,2308260004,좋은 날 대게 회
f_f008779,1,5,2308260005,영일대해수욕장
f_f008779,1,6,2308260006,환호공원 스페이스 워크
f_f008779,1,7,2308260007,굿띵쿠키
f_f008779,1,8,2308260008,죽도 시장
f_f008779,1,9,2308260009,H avenue hotel
f_f008779,1,10,2308260010,영일대해수욕장
f_f008779,1,11,2308260011,H avenue hotel
f_f008779,2,1,2308270001,구룡포 일본인 가옥거리
f_f008779,2,2,2308270005,동백을 지나서
f_f008779,2,3,2308270002,부산 집
f_f008779,2,4,2308270003,상생의 손
f_f008779,2,5,2308270004,광장 휴게소
f_f008779,2,6,2308270006,포항역
f_f008779,2,7,2308270007,대전역
f_f008779,2,8,2308270008,집
f_f008781,1,1,2309080001,집
f_f008781,1,2,2309080002,구포역 광장
f_f008781,1,3,2309080003,아양 주꾸미
f_f008781,1,4,2309080004,동촌유원지
f_f008781,1,5,2309080005,스타벅스 대구 동촌 유원지점
f_f008781,1,6,2309080006,동촌해맞이다리
f_f008781,1,7,2309080007,친지 집
f_f008781,1,8,2309080008,신세계백화점 대구점
f_f008781,1,9,2309080009,친지 집
f_f008781,1,10,2309080010,동대구역
f_f008781,1,11,2309080011,집
f_f008794,1,1,2308230001,집
f_f008794,1,2,2308230003,동대구역
f_f008794,1,3,2308230004,부산역
f_f008794,1,4,2308230005,온 밥
f_f008794,1,5,2308230006,광안리해수욕장
f_f008794,1,6,2308230007,하루 필름 부산 광안대교점
f_f008794,1,7,2308230008,밀탑 광안점
f_f008794,1,8,2308230009,광안리해양레포츠센터
f_f008794,1,9,2308230010,남천해변공원
f_f008794,1,10,2308230011,스타벅스 광안 비치점
f_f008794,1,11,2308230012,러브 이즈 기방 1호점
f_f008794,1,12,2308230013,러브 액추얼리
f_f008794,1,13,2308230014,디 에이블 광안점
f_f008794,1,14,2308230015,떡 공방 형제 부산 KTX 역점
f_f008794,1,15,2308230016,부산역
f_f008794,1,16,2308230017,동대구역
f_f008794,1,17,2308230002,집
f_f008803,1,1,2309020001,집
f_f008803,1,2,2309020002,이 주일 식당
f_f008803,1,3,2309020003,대금굴
f_f008803,1,4,2309020004,삼척 명품 찹쌀 꽈배기
f_f008803,1,5,2309020005,삼척해변
f_f008803,1,6,2309020006,강릉 중앙시장
f_f008803,1,7,2309020007,인제 스피디움
f_f008803,2,1,2309030001,인제 스피디움 서킷
f_f008803,2,2,2309030002,운대리 자작나무 숲
f_f008803,2,3,2309030003,원주휴게소 부산방향
f_f008803,2,4,2309030004,집
f_f008805,1,1,2308200001,집
f_f008805,1,2,2308200002,신세계백화점 센텀시티점
f_f008805,1,3,2308200003,광안리해수욕장
f_f008805,1,4,2308200005,넘버 25호텔 광안리점
f_f008805,1,5,2308200004,광안리해수욕장
f_f008805,1,6,2308200006,밀란 더 마켓
f_f008805,1,7,2308200007,광안리해수욕장
f_f008805,1,8,2308200008,넘버 25호텔 광안리점
f_f008805,1,9,2308200009,하이방 광안점
f_f008805,1,10,2308200011,넘버 25호텔 광안리점
f_f008805,2,1,2308210001,부센동
f_f008805,2,2,2308210002,고메
f_f008805,2,3,2308210003,KTG 상상마당 부산
f_f008805,2,4,2308210004,짱 오락실 부산 서면점
f_f008805,2,5,2308210005,전포 카페거리
f_f008805,2,6,2308210006,이재모 피자 서면점
f_f008805,2,7,2308210007,알라딘 중고서점 부산 서면점
f_f008805,2,8,2308210008,집
f_f008807,1,1,2309010001,집
f_f008807,1,2,2309010003,서울고속버스터미널(경부)
f_f008807,1,3,2309010004,속초 고속버스터미널
f_f008807,1,4,2309010005,아버지 회 국수
f_f008807,1,5,2309010006,마카오 박
f_f008807,1,6,2309010007,속초관광수산시장
f_f008807,1,7,2309010008,속초 김밥
f_f008807,1,8,2309010009,영금정
f_f008807,1,9,2309010010,등대해수욕장
f_f008807,1,10,2309010011,어반 스테이 속초 등대점
f_f008807,1,11,2309010012,자담 치킨 속초 영랑점
f_f008807,1,12,2309010002,어반 스테이 속초 등대점
f_f008807,2,1,2309020001,오베 르망 본점
f_f008807,2,2,2309020002,속초관광수산시장
f_f008807,2,3,2309020003,청초수물회
f_f008807,2,4,2309020004,속초해수욕장
f_f008807,2,5,2309020005,보사노바 커피 로프터스 속초점
f_f008807,2,6,2309020006,속초 고속버스터미널
f_f008807,2,7,2309020007,집
f_f008810,1,1,2309010001,집
f_f008810,1,2,2309010003,메콩
f_f008810,1,3,2309010004,남이 가든
f_f008810,1,4,2309010005,남이섬 가평 선착장
f_f008810,1,5,2309010006,(주) 남문 소나타 카페
f_f008810,1,6,2309010007,스윙 카페 베이커리
f_f008810,1,7,2309010008,남이섬 가평 선착장
f_f008810,1,8,2309010009,가평군 농협 하나로마트 자라 점
f_f008810,1,9,2309010002,피그멜리 온 이펙트
f_f008810,2,1,2309020002,해피 초원 목장
f_f008810,2,2,2309020003,해피 초원 목장
f_f008810,2,3,2309020004,산토리니
f_f008810,2,4,2309020005,청평 돌 짜장
f_f008810,2,5,2309020006,리버 레인
f_f008810,2,6,2309020007,양주 휴게소 일산방향
f_f008810,2,7,2309020001,집
f_f008827,1,1,2309090001,집
f_f008827,1,2,2309090003,진주냉면 산홍 본점
f_f008827,1,3,2309090004,롯데몰 진주점
f_f008827,1,4,2309090005,대곡 상회
f_f008827,1,5,2309090006,진주남강유등 전시관
f_f008827,1,6,2309090007,진주성
f_f008827,1,7,2309090008,진주중앙시장
f_f008827,1,8,2309090002,스카이시티 프라디움 아파트
f_f008827,2,1,2309100001,월아산 숲속의 진주
f_f008827,2,2,2309100003,문산 성당
f_f008827,2,3,2309100004,이프 모텔
f_f008827,2,4,2309100005,마천 돼지국밥
f_f008827,2,5,2309100002,집
f_f008830,1,1,2308260001,집
f_f008830,1,2,2308260002,후 타츠 부산점
f_f008830,1,3,2308260003,리크 커피빌라
f_f008830,1,4,2308260004,별일 복합문화공간
f_f008830,1,5,2308260005,프루토프루타
f_f008830,1,6,2308260006,광안리해양레포츠센터
f_f008830,1,7,2308260007,순 쌀빵 남천점
f_f008830,1,8,2308260008,아이드 블루
f_f008830,1,9,2308260009,광안리 우당 떡 광안점
f_f008830,1,10,2308260010,토요코인 호텔 부산 서면
f_f008830,2,1,2308270001,춘하추동 밀면 서면 본점
f_f008830,2,2,2308270002,회와 제과
f_f008830,2,3,2308270003,롯데시네마 서면
f_f008830,2,4,2308270004,블랙업커피 서면점
f_f008830,2,5,2308270005,부산역
f_f008830,2,6,2308270006,집
f_f008831,1,1,2308200001,집
f_f008831,1,2,2308200002,왜관역
f_f008831,1,3,2308200003,포항역
f_f008831,1,4,2308200004,오대양 물회
f_f008831,1,5,2308200005,오이 아플 빌라
f_f008831,2,1,2308210001,동대구역
f_f008831,2,2,2308210002,집
f_f008836,1,1,2308230001,친구 친지 집
f_f008836,1,2,2308230002,부산역
f_f008836,1,3,2308230003,초량 차이 나 타운
f_f008836,1,4,2308230004,광 안목
f_f008836,1,5,2308230005,대단한 탕후루 부산 광안점
f_f008836,1,6,2308230009,GS25 광안 해변점
f_f008836,1,7,2308230006,광안리해수욕장
f_f008836,1,8,2308230008,호텔 아쿠아펠리스
f_f008836,2,1,2308240001,류센소
f_f008836,2,2,2308240002,광안리해양레포츠센터
f_f008836,2,3,2308240003,아이드 블루
f_f008836,2,4,2308240004,부산역
f_f008836,2,5,2308240005,대구 수성구 신매동
f_f008838,1,1,2308270001,집
f_f008838,1,2,2308270002,영남대 시외버스정류장
f_f008838,1,3,2308270003,울산 시외버스터미널
f_f008838,1,4,2308270004,미스카츠 롯데백화점 울산점
f_f008838,1,5,2308270005,씨앤 포레
f_f008838,1,6,2308270006,대왕암공원 출렁다리
f_f008838,1,7,2308270007,일산해수욕장
f_f008838,1,8,2308270008,울산 시외버스터미널
f_f008838,1,9,2308270009,집
f_f008844,1,1,2308300001,집
f_f008844,1,2,2308300002,부산대역삼정 그린 코아 마운틴
f_f008844,1,3,2308300003,충남 식당
f_f008844,1,4,2308300006,대동 마트
f_f008844,1,5,2308300004,고려수산
f_f008844,1,6,2308300005,짹짹 커피
f_f008844,1,7,2308300007,호텔 상상
f_f008844,1,8,2308300008,호텔 상상
f_f008844,2,1,2308310001,외도널서리
f_f008844,2,2,2308310002,형제 식당
f_f008844,2,3,2308310004,구조라해수욕장
f_f008844,2,4,2308310003,집
f_f008846,1,1,2308290001,집
f_f008846,1,2,2308290002,롤러 커피
f_f008846,1,3,2308290003,바스코
f_f008846,1,4,2308290004,스완네
f_f008846,1,5,2308290005,집
f_f008847,1,1,2308230001,집
f_f008847,1,2,2308230002,신경주역
f_f008847,1,3,2308230003,포석으로 소갈비찜
f_f008847,1,4,2308230004,녹아
f_f008847,1,5,2308230005,국립경주박물관
f_f008847,1,6,2308230006,바실라
f_f008847,1,7,2308230007,987피자
f_f008847,1,8,2308230008,동궁과 월지
f_f008847,1,9,2308230009,에이치 에비뉴 호텔
f_f008847,2,1,2308240001,초량 돼지국밥 보쌈
f_f008847,2,2,2308240002,대릉원
f_f008847,2,3,2308240003,노워즈 경주점
f_f008847,2,4,2308240004,신경주역
f_f008847,2,5,2308240005,집
f_f008852,1,1,2308200001,집
f_f008852,1,2,2308200002,SK 렌터카 역곡역지점
f_f008852,1,3,2308200004,오브 더 모멘트
f_f008852,1,4,2308200006,강릉원예농협 하나로마트 초당점
f_f008852,1,5,2308200007,펜션벨라루나
f_f008852,2,1,2308210001,강냉이 소쿠리
f_f008852,2,2,2308210002,강문해변
f_f008852,2,3,2308210003,강릉 동화 가든 본점
f_f008852,2,4,2308210004,집
f_f008856,1,1,2308210001,집
f_f008856,1,2,2308210002,뉴 금호 온천
f_f008856,1,3,2308210003,로도스
f_f008856,1,4,2308210004,창원 가로수길
f_f008856,1,5,2308210005,밀집
f_f008856,1,6,2308210009,원더플레이스 창원상남점
f_f008856,1,7,2308210006,포토이즘박스 창원상남점
f_f008856,1,8,2308210007,하루필름 창원광장점
f_f008856,1,9,2308210008,집
f_f008861,1,1,2308290001,집
f_f008861,1,2,2308290003,구미역
f_f008861,1,3,2308290004,부산역
f_f008861,1,4,2308290005,큐브 오피스텔
f_f008861,1,5,2308290007,스파오 NC 서면점
f_f008861,1,6,2308290006,도우 개러지
f_f008861,1,7,2308290008,스타벅스 서면서 전로점
f_f008861,1,8,2308290009,추억 보물섬
f_f008861,1,9,2308290010,타코로 유메
f_f008861,1,10,2308290011,광안리해수욕장
f_f008861,1,11,2308290002,큐브 오피스텔
f_f008861,2,1,2308300001,리포스트
f_f008861,2,2,2308300002,KTG 상상마당 부산
f_f008861,2,3,2308300003,롯데백화점 부산본점
f_f008861,2,4,2308300004,롯데백화점 부산본점
f_f008861,2,5,2308300006,부산역
f_f008861,2,6,2308300005,집
f_f008866,1,1,2308260001,친구 친지 집
f_f008866,1,2,2308260002,천안아산역
f_f008866,1,3,2308260003,부산역
f_f008866,1,4,2308260004,육전 밀면 부산역 본점
f_f008866,1,5,2308260005,은하수 유람선
f_f008866,1,6,2308260006,태종대 다 노비 열차
f_f008866,1,7,2308260007,Y 모텔
f_f008866,1,8,2308260008,부산 아시아드 보조경기장
f_f008866,1,9,2308260009,Y 모텔
f_f008866,2,1,2308270001,부단
f_f008866,2,2,2308270002,Y 모텔
f_f008866,2,3,2308270003,개미집 본점
f_f008866,2,4,2308270004,청춘 약국
f_f008866,2,5,2308270005,광안리해수욕장
f_f008866,2,6,2308270006,톤쇼우 광안점
f_f008866,2,7,2308270007,밀란 더 마켓
f_f008866,2,8,2308270008,광안리 선물가게
f_f008866,2,9,2308270009,부산역
f_f008866,2,10,2308270010,친구 집
f_f008870,1,1,2308280001,집
f_f008870,1,2,2308280003,전주 고속버스터미널
f_f008870,1,3,2308280004,산청휴게소 통영방향
f_f008870,1,4,2308280005,부산종합버스터미널
f_f008870,1,5,2308280006,서면 젊음의 거리
f_f008870,1,6,2308280007,롯데백화점 부산본점
f_f008870,1,7,2308280008,이재모 피자 서면점
f_f008870,1,8,2308280009,해운대 전통시장
f_f008870,1,9,2308280010,청사포 어항 북 방파제 등대
f_f008870,1,10,2308280011,민락 골목시장
f_f008870,1,11,2308280012,밀란 더 마켓
f_f008870,1,12,2308280013,광안리해수욕장
f_f008870,1,13,2308280014,부산종합버스터미널
f_f008870,1,14,2308280015,집
f_f008877,1,1,2308200001,집
f_f008877,1,2,2308200002,CU 포항 장흥점
f_f008877,1,3,2308200003,압량 주단
f_f008877,1,4,2308200004,덕산 졸음쉼터
f_f008877,1,5,2308200005,이케아 동부산점
f_f008877,1,6,2308200006,빵굽
f_f008877,1,7,2308200007,LOV COFFEE
f_f008877,1,8,2308200008,외동 휴게소 포항방향
f_f008877,1,9,2308200009,집
f_f008878,1,1,2308210001,집
f_f008878,1,2,2308210003,광안리해수욕장
f_f008878,1,3,2308210004,밀란 더 마켓
f_f008878,1,4,2308210005,씨일 알 광안점
f_f008878,1,5,2308210002,집
f_f008884,1,1,2308250001,숙소
f_f008884,1,2,2308250003,광암해수욕장
f_f008884,1,3,2308250004,마산남부시외버스터미널
f_f008884,1,4,2308250006,디네트
f_f008884,1,5,2308250007,밤 그 남포점
f_f008884,1,6,2308250005,자갈치 역 부산 1호선
f_f008884,1,7,2308250008,부평 깡통시장
f_f008884,1,8,2308250009,보수동 책방 골목
f_f008884,1,9,2308250010,국제시장
f_f008884,1,10,2308250011,BIFF 거리
f_f008884,1,11,2308250012,해운대푸르지오시티
f_f008884,1,12,2308250013,락 앤 웍
f_f008884,1,13,2308250014,요트야
f_f008884,1,14,2308250015,해운대푸르지오시티
f_f008884,1,15,2308250016,해운대해수욕장
f_f008884,1,16,2308250002,해운대푸르지오시티
f_f008884,2,1,2308260002,네일뮤티드
f_f008884,2,2,2308260003,신세계백화점 센텀시티점
f_f008884,2,3,2308260004,전포 카페거리
f_f008884,2,4,2308260005,시현하다 프레임 레드 화이트 점
f_f008884,2,5,2308260001,경동메르빌1차아파트
f_f008891,1,1,2308260001,집
f_f008891,1,2,2308260002,홈플러스 김해점
f_f008891,1,3,2308260003,수제돈가스 만월 연지공원점
f_f008891,1,4,2308260004,김해문화의 전당
f_f008891,1,5,2308260005,연지공원
f_f008891,1,6,2308260006,홈플러스 김해점
f_f008891,1,7,2308260007,일동미라주리버 아파트
f_f008891,1,8,2308260008,집
f_f008892,1,1,2308260001,집
f_f008892,1,2,2308260002,네코짱
f_f008892,1,3,2308260007,경주 봉황대
f_f008892,1,4,2308260003,커피 플레이스 노동점
f_f008892,1,5,2308260004,할타보카 경주점
f_f008892,1,6,2308260005,황련단길
f_f008892,1,7,2308260006,대릉원
f_f008892,1,8,2308260010,호텔 여기 어때 경주 보문점
f_f008892,2,1,2308270001,동원 국밥
f_f008892,2,2,2308270002,월정교
f_f008892,2,3,2308270003,국립경주박물관
f_f008892,2,4,2308270004,탁
f_f008892,2,5,2308270005,집
f_f008899,1,1,2308310001,집
f_f008899,1,2,2308310002,소트로
f_f008899,1,3,2308310003,장생포 고래생태체험관
f_f008899,1,4,2308310004,라메르 판지
f_f008899,1,5,2308310005,강동 몽돌해변
f_f008899,1,6,2308310006,더반 호텔 울산점
f_f008899,1,7,2308310007,갯바위 수산
f_f008899,1,8,2308310008,더반 호텔 울산점
f_f008899,2,1,2309010001,아비나 채 하 사정점 192
f_f008899,2,2,2309010002,태화강 국가 정원
f_f008899,2,3,2309010003,현대백화점 울산점
f_f008899,2,4,2309010004,포토 랩 플러스 울산 삼산점
f_f008899,2,5,2309010005,울산 시외버스터미널
f_f008899,2,6,2309010006,집
f_f008913,1,1,2308200001,집
f_f008913,1,2,2308200006,관음 휴게소
f_f008913,1,3,2308200003,팔공산 갓 바위
f_f008913,1,4,2308200004,공주식당
f_f008913,1,5,2308200005,대부 잠수교
f_f008913,1,6,2308200002,집
f_f008918,1,1,2308200001,집
f_f008918,1,2,2308200002,영일대해수욕장
f_f008918,1,3,2308200003,환여 횟집
f_f008918,1,4,2308200004,구룡포 일본인 가옥거리
f_f008918,1,5,2308200005,헤이안
f_f008918,1,6,2308200006,집
f_f008923,1,1,2308220001,집
f_f008923,1,2,2308220002,자갈치시장
f_f008923,1,3,2308220003,센텀시티 스파랜드
f_f008923,1,4,2308220004,부산요트투어 위드 요트
f_f008923,1,5,2308220005,임용 백돼지국밥 해운대점
f_f008923,1,6,2308220006,더베이 11
f_f008923,1,7,2308220007,집
f_f008962,1,1,2308260001,집
f_f008962,1,2,2308260002,신토불이 감자옹심이
f_f008962,1,3,2308260003,메가 MGC 커피 속초 중앙시장점
f_f008962,1,4,2308260004,등대해수욕장
f_f008962,1,5,2308260005,뮤지엄 엑스
f_f008962,1,6,2308260006,속초관광수산시장
f_f008962,1,7,2308260007,대포항
f_f008962,1,8,2308260008,집
f_f008979,1,1,2308280001,집
f_f008979,1,2,2308280003,동궁과 월지
f_f008979,1,3,2308280004,첨성대
f_f008979,1,4,2308280005,대릉원
f_f008979,1,5,2308280006,황련단길
f_f008979,1,6,2308280007,프롬 상록
f_f008979,1,7,2308280008,기와 메밀막국수
f_f008979,1,8,2308280009,신경주역
f_f008979,1,9,2308280002,집
f_f008997,1,1,2308210001,집
f_f008997,1,2,2308210002,알펜시아리조트 오션 7
f_f008997,1,3,2308210003,알펜시아 스포츠파크
f_f008997,1,4,2308210004,사계절 시골밥상 알펜시아 본점
f_f008997,1,5,2308210005,CU 알펜시아리조트 2호점
f_f008997,1,6,2308210006,알펜시아 홀리데이인 스위트콘도
f_f008997,2,1,2308220001,알펜시아 스포츠파크
f_f008997,2,2,2308220002,하레
f_f008997,2,3,2308220003,대관령 양떼목장
f_f008997,2,4,2308220004,덕평자연휴게소 인천방향
f_f008997,2,5,2308220005,집
f_f009003,1,1,2308270001,집
f_f009003,1,2,2308270002,솔 솥 경주 황리 비단길점
f_f009003,1,3,2308270003,경주 루지 월드
f_f009003,1,4,2308270004,청수당 경주점
f_f009003,1,5,2308270005,집
f_f009030,1,1,2308200001,집
f_f009030,1,2,2308200003,캘리포니아비치
f_f009030,1,3,2308200004,경주월드
f_f009030,1,4,2308200008,황련단길
f_f009030,1,5,2308200005,대릉 갈비
f_f009030,1,6,2308200007,동궁과 월지
f_f009030,1,7,2308200006,첨성대
f_f009030,1,8,2308200002,집
f_f009064,1,1,2308210001,집
f_f009064,1,2,2308210002,김유정역
f_f009064,1,3,2308210003,카페 감자밭 본점
f_f009064,1,4,2308210004,레고랜드 코리아리조트
f_f009064,1,5,2308210005,강원 춘천시 중앙로 51-2
f_f009064,1,6,2308210006,닝교초식당 춘천 명동점
f_f009064,1,7,2308210007,집
f_f009074,1,1,2308200001,집
f_f009074,1,2,2308200003,온 더 버튼
f_f009074,1,3,2308200004,백도해변
f_f009074,1,4,2308200005,고 식당
f_f009074,1,5,2308200006,고성 금강산콘도
f_f009074,1,6,2308200007,마차진 해변
f_f009074,1,7,2308200008,대진항 수산시장
f_f009074,1,8,2308200002,고성 금강산콘도
f_f009074,2,1,2308210001,매바위 인공폭포
f_f009074,2,2,2308210002,옛날 원대 막국수
f_f009074,2,3,2308210003,등 아실 계곡
f_f009074,2,4,2308210004,손탁 커피 홍천
f_f009074,2,5,2308210005,세마역 트루엘 더 퍼스트 아파트
f_f009074,2,6,2308210006,집
f_f009078,1,1,2308220001,집
f_f009078,1,2,2308220006,하마 필름 경주 2호점
f_f009078,1,3,2308220002,조가네 떡갈비 쌈밥
f_f009078,1,4,2308220003,캘리포니아비치
f_f009078,1,5,2308220004,망고 홈
f_f009078,1,6,2308220005,카츠라 운지
f_f009078,1,7,2308220007,월정교
f_f009078,1,8,2308220008,집
f_f009091,1,1,2308240001,집
f_f009091,1,2,2308240002,할미집
f_f009091,1,3,2308240003,랑데자뷰 해운대점
f_f009091,1,4,2308240004,라이언 홀리데이 인 부산
f_f009091,1,5,2308240005,해운대 전통시장
f_f009091,1,6,2308240006,루프트 맨션
f_f009091,1,7,2308240007,요트야
f_f009091,1,8,2308240008,자갈치 횟집
f_f009091,1,9,2308240009,집
f_f009097,1,1,2308210001,집
f_f009097,1,2,2308210002,정선 레일바이크
f_f009097,1,3,2308210003,아르떼 뮤지엄 강릉
f_f009097,1,4,2308210006,경포 항미 횟집
f_f009097,1,5,2308210004,아카이 샌드파인
f_f009097,1,6,2308210007,경포해수욕장
f_f009097,1,7,2308210005,오죽헌시립 박물관
f_f009097,1,8,2308210008,안목 역 선물 상점
f_f009097,1,9,2308210009,엘빈
f_f009097,1,10,2308210010,아카이 샌드파인
f_f009097,2,1,2308220001,강릉 동화 가든 본점
f_f009097,2,2,2308220002,참 순찰 떡방
f_f009097,2,3,2308220003,테라로사 커피공장 강릉 본점
f_f009097,2,4,2308220004,집
f_f009102,1,1,2308260001,집
f_f009102,1,2,2308260002,친구 집
f_f009102,1,3,2308260003,웅상문화 체육센터 수영장
f_f009102,1,4,2308260004,석천 명동점
f_f009102,1,5,2308260005,웅상 아덴 플러스 카페
f_f009102,1,6,2308260006,집
f_f009115,1,1,2308200002,집
f_f009115,1,2,2308200001,창원 성산아트홀
f_f009115,1,3,2308200003,보태 분식
f_f009115,1,4,2308200004,오핸즈하우스
f_f009115,1,5,2308200005,집
f_f009141,1,1,2308290001,집
f_f009141,1,2,2308290003,가평휴게소 춘천 방향
f_f009141,1,3,2308290004,아르떼 뮤지엄 강릉
f_f009141,1,4,2308290005,갯배가을동화생선구이
f_f009141,1,5,2308290006,씨크루즈호텔속초
f_f009141,1,6,2308290007,속초해수욕장
f_f009141,1,7,2308290008,아바이마을 벽화골목
f_f009141,1,8,2308290009,영랑 호수공원
f_f009141,1,9,2308290010,대포항
f_f009141,1,10,2308290014,씨크루즈호텔속초
f_f009141,1,11,2308290011,피노 디아 엑스포타워
f_f009141,1,12,2308290012,속초관광수산시장
f_f009141,1,13,2308290013,씨크루즈호텔속초
f_f009141,2,1,2308300001,영금정
f_f009141,2,2,2308300002,드라마 가을동화 촬영지
f_f009141,2,3,2308300003,씨크루즈호텔속초
f_f009141,2,4,2308300004,설악산 자생식물원
f_f009141,2,5,2308300006,가평휴게소 서울 방향
f_f009141,2,6,2308300005,집
f_f009153,1,1,2308200001,집
f_f009153,1,2,2308200002,부산동부 버스터미널
f_f009153,1,3,2308200003,경주어보
f_f009153,1,4,2308200004,녹아
f_f009153,1,5,2308200005,키와
f_f009153,1,6,2308200006,포토 이즘 박스 황리단길점
f_f009153,1,7,2308200007,어서어서
f_f009153,1,8,2308200008,카페 솔
f_f009153,1,9,2308200009,987피자
f_f009153,1,10,2308200010,황남쫀드기 대릉원점
f_f009153,1,11,2308200011,월정교
f_f009153,1,12,2308200012,경주 시외버스터미널
f_f009153,1,13,2308200013,집
f_f009155,1,1,2309040001,집
f_f009155,1,2,2309040002,해운대 시외버스정류소
f_f009155,1,3,2309040003,경주 시외버스터미널
f_f009155,1,4,2309040004,촘촘 경주 황리 비단길점
f_f009155,1,5,2309040005,대릉원
f_f009155,1,6,2309040006,첨성대
f_f009155,1,7,2309040008,월성 해자
f_f009155,1,8,2309040009,플로리안
f_f009155,1,9,2309040007,경주석빙고
f_f009155,1,10,2309040010,경주 시외버스터미널
f_f009155,1,11,2309040011,해운대 시외버스정류소
f_f009155,1,12,2309040012,집
f_f009162,1,1,2308200001,집
f_f009162,1,2,2308200003,외동 휴게소
f_f009162,1,3,2308200004,죽성 드림세트장
f_f009162,1,4,2308200005,황학대
f_f009162,1,5,2308200006,대보름 카페 앤 그라운드
f_f009162,1,6,2308200007,이케아 동부산점
f_f009162,1,7,2308200008,롯데 프리미엄 아웃렛 동부산점
f_f009162,1,8,2308200009,장안 휴게소
f_f009162,1,9,2308200002,집
f_f009164,1,1,2308200001,집
f_f009164,1,2,2308200002,오스트리아 보노
f_f009164,1,3,2308200003,봉황동 유적 패총전시관
f_f009164,1,4,2308200004,해이다 커피
f_f009164,1,5,2308200005,김해민속박물관
f_f009164,1,6,2308200006,경상남도교육청 김해도서관
f_f009164,1,7,2308200007,시오리 막국수 봉황점
f_f009164,1,8,2308200008,부암동 리젠트 힐 아파트
f_f009165,1,1,2308200001,집
f_f009165,1,2,2308200002,매암차 박물관
f_f009165,1,3,2308200003,목촌돼지국밥 하동 악양점
f_f009165,1,4,2308200004,하동송림공원
f_f009165,1,5,2308200005,셀렉트 커피 경남 하동점
f_f009165,1,6,2308200006,집
f_f009168,1,1,2308200001,집
f_f009168,1,2,2308200002,고령 대가야 시장
f_f009168,1,3,2308200003,대가야역사 테마관광지
f_f009168,1,4,2308200005,세븐일레븐 고령 스타점
f_f009168,1,5,2308200004,어북실
f_f009168,1,6,2308200006,집
f_f009169,1,1,2308200001,집
f_f009169,1,2,2308200002,황포 냉면
f_f009169,1,3,2308200003,로스팅 웨어
f_f009169,1,4,2308200004,진주성
f_f009169,1,5,2308200005,진주중앙시장
f_f009169,1,6,2308200006,집
f_f009170,1,1,2308190001,집
f_f009170,1,2,2308190002,저문 강에 삽을 씻고
f_f009170,1,3,2308190003,횡성 전통시장
f_f009170,1,4,2308190004,노랑 공장
f_f009170,1,5,2308190005,안흥찐빵 모락모락 마을
f_f009170,1,6,2308190006,면사무소 앞 안흥찐빵
f_f009170,1,7,2308190007,집
f_f009173,1,1,2308230001,집
f_f009173,1,2,2308230002,불국사
f_f009173,1,3,2308230003,스타벅스 경주 대릉원점
f_f009173,1,4,2308230004,첨성대
f_f009173,1,5,2308230005,큰 기와
f_f009173,1,6,2308230006,이상복 경주빵 경주 IC 점
f_f009173,1,7,2308230007,집
f_f009174,1,1,2308270001,집
f_f009174,1,2,2308270003,진영 역사공원
f_f009174,1,3,2308270004,봉하 마을
f_f009174,1,4,2308270005,장이 대청 계곡
f_f009174,1,5,2308270006,형제 뒷고기
f_f009174,1,6,2308270007,마린 애시앙 부영아파트 (동행자 하차)
f_f009174,1,7,2308270002,집
f_f009175,1,1,2308230001,집
f_f009175,1,2,2308230002,롯데 프리미엄 아웃렛 동부산점
f_f009175,1,3,2308230003,겐트 베이커리 동부산점
f_f009175,1,4,2308230004,송 정물 총칼 국수
f_f009175,1,5,2308230005,집
f_f009177,1,1,2308220001,집
f_f009177,1,2,2308220002,스테이 클래시
f_f009177,1,3,2308220003,편대장 영화식당 영천 본점
f_f009177,1,4,2308220004,1994커피 영천점
f_f009177,1,5,2308220005,집
f_f009178,1,1,2308200001,집
f_f009178,1,2,2308200002,청도 소싸움경기장
f_f009178,1,3,2308200003,청보리 보릿고개
f_f009178,1,4,2308200004,와인터널
f_f009178,1,5,2308200005,소우모우
f_f009178,1,6,2308200006,집
f_f009180,1,1,2308200001,집
f_f009180,1,2,2308200002,합천영상테마파크
f_f009180,1,3,2308200003,경상남도 안전체험관
f_f009180,1,4,2308200004,대식 한우명가
f_f009180,1,5,2308200005,집
f_f009181,1,1,2308190001,집
f_f009181,1,2,2308190002,횡성휴게소 충전소 강릉방향
f_f009181,1,3,2308190004,송어야 놀자
f_f009181,1,4,2308190005,오대산 월정사 전나무 숲길
f_f009181,1,5,2308190006,월정사
f_f009181,1,6,2308190007,신선희 황기 찐빵
f_f009181,1,7,2308190008,켄싱턴호텔 평창 글램핑 빌리지
f_f009181,1,8,2308190009,집
f_f009183,1,1,2308260001,집
f_f009183,1,2,2308260002,임경대
f_f009183,1,3,2308260003,원동역
f_f009183,1,4,2308260004,할리스 양산 원동점
f_f009183,1,5,2308260005,양산시립 중앙도서관
f_f009183,1,6,2308260006,집
f_f009184,1,1,2308200001,집
f_f009184,1,2,2308200003,둘리 식당
f_f009184,1,3,2308200004,영산 정기시장
f_f009184,1,4,2308200005,오시 우연
f_f009184,1,5,2308200002,집
f_f009185,1,1,2308200001,집
f_f009185,1,2,2308200002,국립김해 박물관
f_f009185,1,3,2308200003,수로왕릉
f_f009185,1,4,2308200004,비스트로 봉리 단
f_f009185,1,5,2308200005,라인 25
f_f009185,1,6,2308200006,집
f_f009186,1,1,2308270001,집
f_f009186,1,2,2308270003,삼성현역사문화공원
f_f009186,1,3,2308270004,동해 횟집
f_f009186,1,4,2308270005,카페 폰드
f_f009186,1,5,2308270006,남매지
f_f009186,1,6,2308270002,집
f_f009189,1,1,2308200001,집
f_f009189,1,2,2308200003,진주혁신도시 정류소
f_f009189,1,3,2308200004,"사상역, 광안리"
f_f009189,1,4,2308200005,스타벅스 광안 비치점
f_f009189,1,5,2308200006,광안리 플립사이드 마켓
f_f009189,1,6,2308200007,팥 익다
f_f009189,1,7,2308200008,세븐스타코인 노래연습장 서면점
f_f009189,1,8,2308200009,도연정
f_f009189,1,9,2308200010,부전역
f_f009189,1,10,2308200011,영남루
f_f009189,1,11,2308200012,"밀양역, 진주역"
f_f009189,1,12,2308200002,집
f_f009192,1,1,2308180001,집
f_f009192,1,2,2308180002,황금들밥 미음 나루점
f_f009192,1,3,2308180003,명성 래프팅
f_f009192,1,4,2308180004,인제농협 하나로마트 본점
f_f009192,1,5,2308180005,도원 펜션
f_f009192,2,1,2308190001,38커피
f_f009192,2,2,2308190002,초원 닭갈비 막국수
f_f009192,2,3,2308190003,집
f_f009203,1,1,2309090001,집
f_f009203,1,2,2309090005,태화강역
f_f009203,1,3,2309090003,부산 시립미술관
f_f009203,1,4,2309090004,벡스코 제2전시장
f_f009203,1,5,2309090006,벡스코 역 동해선
f_f009203,1,6,2309090007,류센소
f_f009203,1,7,2309090008,랜디스 도넛 광안리점
f_f009203,1,8,2309090009,광안리해수욕장
f_f009203,1,9,2309090002,집
f_f009231,1,1,2308250001,집
f_f009231,1,2,2308250002,서울고속버스터미널(경부)
f_f009231,1,3,2308250004,대흥 한우 정육식당
f_f009231,1,4,2308250005,빅 웨이브
f_f009231,1,5,2308250006,기사문해수욕장
f_f009231,1,6,2308250007,빅 웨이브
f_f009231,1,7,2308250008,코로나 선셋바
f_f009231,1,8,2308250009,빅 웨이브
f_f009231,2,1,2308260001,뚱이 분식
f_f009231,2,2,2308260002,속초관광수산시장
f_f009231,2,3,2308260003,보사노바 커피 로프터스 속초점
f_f009231,2,4,2308260004,속초해수욕장
f_f009231,2,5,2308260005,속초 아이
f_f009231,2,6,2308260006,속초 항아리 물회
f_f009231,2,7,2308260007,집
f_f009238,1,1,2309100001,친구 친지 집
f_f009238,1,2,2309100002,올바릇식당
f_f009238,1,3,2309100003,경주예술의전당 알천 미술관
f_f009238,1,4,2309100004,어마 무시
f_f009238,1,5,2309100005,동궁과 월지
f_f009238,1,6,2309100006,경주 월성(경북 경주시 인왕동 438-2)
f_f009238,1,7,2309100007,황련단길
f_f009238,1,8,2309100008,서재 1차 보성 타운 아파트
f_f009248,1,1,2308260001,집
f_f009248,1,2,2308260003,서울고속버스터미널(경부)
f_f009248,1,3,2308260004,속초 고속버스터미널
f_f009248,1,4,2308260005,속초해수욕장
f_f009248,1,5,2308260007,속초해수욕장
f_f009248,1,6,2308260006,속초 항아리 물회
f_f009248,1,7,2308260008,속초관광수산시장
f_f009248,1,8,2308260009,속초 쉼 게스트하우스
f_f009248,1,9,2308260002,속초 쉼 게스트하우스
f_f009248,2,1,2308270002,민우당 서림
f_f009248,2,2,2308270003,감자바위
f_f009248,2,3,2308270005,속초관광수산시장
f_f009248,2,4,2308270004,칠성 조선소
f_f009248,2,5,2308270006,등대해수욕장
f_f009248,2,6,2308270001,집
f_f009376,1,1,2308260001,집
f_f009376,1,2,2308260002,가평휴게소 춘천 방향
f_f009376,1,3,2308260003,9남매 집
f_f009376,1,4,2308260004,순두부 젤라또 1호점
f_f009376,1,5,2308260005,사근 긴 해변
f_f009376,1,6,2308260006,테라로사 사천 점
f_f009376,1,7,2308260007,이 맛에 온다 주문진 본점
f_f009376,1,8,2308260008,집
f_f009396,1,1,2308270001,집
f_f009396,1,2,2308270003,서울역
f_f009396,1,3,2308270004,강릉역
f_f009396,1,4,2308270005,오월
f_f009396,1,5,2308270006,여고시절 카레 떡볶이
f_f009396,1,6,2308270007,오프 더 월
f_f009396,1,7,2308270008,풀노리
f_f009396,1,8,2308270009,산 서울
f_f009396,1,9,2308270010,도어즈
f_f009396,1,10,2308270011,시만 차시만 향
f_f009396,1,11,2308270012,강릉 빵 다방 본점
f_f009396,1,12,2308270013,유리알 유희
f_f009396,1,13,2308270014,강문해변
f_f009396,1,14,2308270015,스타벅스 강릉강문해변점
f_f009396,1,15,2308270016,강릉 옥수수빵
f_f009396,1,16,2308270017,강릉역
f_f009396,1,17,2308270018,서울역
f_f009396,1,18,2308270002,집
f_f009430,1,1,2308240001,집
f_f009430,1,2,2308240014,송내역 남광장
f_f009430,1,3,2308240002,서울역
f_f009430,1,4,2308240003,강릉역
f_f009430,1,5,2308240004,강릉 엄지네 꼬막 집 1호점
f_f009430,1,6,2308240005,아르떼 뮤지엄 강릉
f_f009430,1,7,2308240006,카페에이
f_f009430,1,8,2308240007,강문해변
f_f009430,1,9,2308240008,346커피스토리
f_f009430,1,10,2308240009,남애 수산횟집
f_f009430,1,11,2308240010,강릉역
f_f009430,1,12,2308240012,서울역
f_f009430,1,13,2308240011,송내역 1호선
f_f009430,1,14,2308240013,집
f_f009445,1,1,2308280001,친구 친지 집
f_f009445,1,2,2308280002,경주동
f_f009445,1,3,2308280003,1894사랑채
f_f009445,1,4,2308280004,국립경주박물관
f_f009445,1,5,2308280006,교리 김밥 경주 본점
f_f009445,1,6,2308280005,무학 울산지점
f_f009448,1,1,2309020001,집
f_f009448,1,2,2309020003,청도읍 등 연지
f_f009448,1,3,2309020004,버던트
f_f009448,1,4,2309020005,청도 재래시장
f_f009448,1,5,2309020006,와인터널
f_f009448,1,6,2309020002,집
f_f009454,1,1,2308280001,집
f_f009454,1,2,2308280002,음성휴게소 하남방향
f_f009454,1,3,2308280003,속초관광수산시장
f_f009454,1,4,2308280004,보사노바 커피 로프터스 속초점
f_f009454,1,5,2308280005,서피 비치
f_f009454,1,6,2308280006,강릉 브라운 도트 강릉역점
f_f009454,1,7,2308280007,독도네 본점
f_f009454,1,8,2308280008,강릉 브라운 도트 호텔 강릉역점
f_f009454,2,1,2308290001,9남매 집
f_f009454,2,2,2308290002,순두부 젤라또 2호점
f_f009454,2,3,2308290003,안목 해변
f_f009454,2,4,2308290004,원흥 수산건어물
f_f009454,2,5,2308290006,횡성휴게소 인천방향
f_f009454,2,6,2308290005,집
f_f009461,1,1,2309070001,집
f_f009461,1,2,2309070003,밝은 눈 안과병원 부산점
f_f009461,1,3,2309070005,세븐일레븐 온 병원점
f_f009461,1,4,2309070006,롯데백화점 부산본점
f_f009461,1,5,2309070007,YES24 중고서점 부산 서면점
f_f009461,1,6,2309070008,벡스코
f_f009461,1,7,2309070009,광안리해수욕장
f_f009461,1,8,2309070010,부산 치폴레
f_f009461,1,9,2309070011,애플 아웃렛
f_f009461,1,10,2309070002,집
f_f009465,1,1,2308240001,친구 친지 집
f_f009465,1,2,2308240006,울산 시외버스터미널
f_f009465,1,3,2308240007,경주 시외버스터미널
f_f009465,1,4,2308240003,캘리포니아비치
f_f009465,1,5,2308240005,경주 김밥 국수
f_f009465,1,6,2308240008,경주 시외버스터미널
f_f009465,1,7,2308240004,본가
f_f009472,1,1,2308220001,친구 친지 집
f_f009472,1,2,2308220002,대구역
f_f009472,1,3,2308220003,시 해운대역
f_f009472,1,4,2308220005,미포 문탠로드
f_f009472,1,5,2308220006,해운대 초량 밀면
f_f009472,1,6,2308220008,해운대 블루라인파크 청사포 정거장
f_f009472,1,7,2308220007,해운대 블루라인파크 미포 정거장
f_f009472,1,8,2308220004,동해선 시 해운대역 버스정류장
f_f009472,1,9,2308220009,해운대 블루라인파크 미포 정거장
f_f009472,1,10,2308220010,해운대해수욕장
f_f009472,1,11,2308220011,해운대역 부산 2호선
f_f009472,1,12,2308220012,서면역 부산 1호선
f_f009472,1,13,2308220013,부산역 부산 1호선
f_f009472,1,14,2308220014,용궁횟집
f_f009472,1,15,2308220015,부산역
f_f009472,1,16,2308220016,대구역
f_f009472,1,17,2308220017,집
f_f009480,1,1,2308310001,집
f_f009480,1,2,2308310002,송대말 등대
f_f009480,1,3,2308310003,불국사 대 원천 불가마 헬스
f_f009480,1,4,2308310004,세인 도예연구소
f_f009480,1,5,2308310005,집
f_f009495,1,1,2308220001,집
f_f009495,1,2,2308220002,쉬리 영양 해물칼국수
f_f009495,1,3,2308220003,카페 카테고리
f_f009495,1,4,2308220004,동송농협 하나로마트
f_f009495,1,5,2308220009,노블레스 글램핑 카라반
f_f009495,2,1,2308230001,김대감 닭발집
f_f009495,2,2,2308230002,철원역사 문화공원
f_f009495,2,3,2308230003,한탄강 은하 수교
f_f009495,2,4,2308230004,카페 프로방스
f_f009495,2,5,2308230005,집
f_f009505,1,1,2308280001,집
f_f009505,1,2,2308280002,대전역
f_f009505,1,3,2308280003,부산역
f_f009505,1,4,2308280004,개성 궁
f_f009505,1,5,2308280005,밀란 더 마켓
f_f009505,1,6,2308280006,광안리해수욕장
f_f009505,1,7,2308280007,포레스트 온그린
f_f009505,1,8,2308280008,대단한 탕 후루
f_f009505,1,9,2308280009,수영만 요트경기장
f_f009505,1,10,2308280010,민락 타운 함양 상회
f_f009505,1,11,2308280011,CU 민락 해 변점
f_f009505,1,12,2308280012,파로스 오피스텔
f_f009505,1,13,2308280013,광안리해수욕장
f_f009505,1,14,2308280014,파로스 오피스텔
f_f009505,2,1,2308290001,포토 시그니처 부산 광안리점
f_f009505,2,2,2308290002,부산역
f_f009505,2,3,2308290003,부평 깡통시장
f_f009505,2,4,2308290004,부산영화체험 박물관
f_f009505,2,5,2308290005,부산역
f_f009505,2,6,2308290006,대전역
f_f009505,2,7,2308290007,집
f_f009516,1,1,2308270001,집
f_f009516,1,2,2308270002,앨도 라뷰티
f_f009516,1,3,2308270003,남정 부일 기사식당
f_f009516,1,4,2308270004,금성 유료주차장
f_f009516,1,5,2308270005,청수당 경주점
f_f009516,1,6,2308270006,월성 교
f_f009516,1,7,2308270007,교촌마을
f_f009516,1,8,2308270008,집
f_f009535,1,1,2308260001,집
f_f009535,1,2,2308260002,포항터미널
f_f009535,1,3,2308260003,경주 시외버스터미널
f_f009535,1,4,2308260004,시즈닝
f_f009535,1,5,2308260005,첨성대
f_f009535,1,6,2308260006,대릉원
f_f009535,1,7,2308260007,노워즈 경주점
f_f009535,1,8,2308260008,황련단길
f_f009535,1,9,2308260009,경주 시외버스터미널
f_f009535,1,10,2308260010,포항터미널
f_f009535,1,11,2308260011,집
f_f009556,1,1,2308250001,집
f_f009556,1,2,2308250002,강릉 고속버스터미널
f_f009556,1,3,2308250003,두덩
f_f009556,1,4,2308250004,감자 유원지
f_f009556,1,5,2308250005,31건어물 중앙시장점
f_f009556,1,6,2308250006,강릉 샌드
f_f009556,1,7,2308250007,강릉 중앙시장
f_f009556,1,8,2308250008,시만 차
f_f009556,1,9,2308250009,그랑블루 모텔
f_f009556,1,10,2308250010,갤러리 밥스
f_f009556,1,11,2308250011,강릉 동화 가든 본점
f_f009556,1,12,2308250012,카페 동화
f_f009556,1,13,2308250013,순두부 젤라또 1호점
f_f009556,1,14,2308250014,그랑블루 모텔
f_f009556,1,15,2308250015,안목 해변
f_f009556,1,16,2308250016,그랑블루 모텔
f_f009556,2,1,2308260001,강문 칼국수
f_f009556,2,2,2308260002,카페 툇마루
f_f009556,2,3,2308260003,경포해수욕장
f_f009556,2,4,2308260004,그랑블루 모텔
f_f009556,2,5,2308260005,돌체 테리어
f_f009556,2,6,2308260006,저팔계 콧구멍
f_f009556,2,7,2308260007,집
f_f009569,1,1,2308260001,집
f_f009569,1,2,2308260002,부용대
f_f009569,1,3,2308260004,화천서원
f_f009569,1,4,2308260003,하회 세계 탈 박물관
f_f009569,1,5,2308260005,추임새 맛집 식당
f_f009569,1,6,2308260006,안동 하회마을
f_f009569,1,7,2308260007,집
f_f009596,1,1,2308220001,집
f_f009596,1,2,2308220002,바람꽃 해녀마을 낙산점
f_f009596,1,3,2308220003,서프원
f_f009596,1,4,2308220005,서피 비치
f_f009596,1,5,2308220009,예쁘다 하조대
f_f009596,1,6,2308220006,수라상
f_f009596,1,7,2308220007,서피 비치
f_f009596,1,8,2308220008,집
f_f009605,1,1,2309020001,집
f_f009605,1,2,2309020003,합정역 6호선
f_f009605,1,3,2309020004,버드나무 아래서
f_f009605,1,4,2309020005,고석정
f_f009605,1,5,2309020006,어울림 뜨란채 카페
f_f009605,1,6,2309020007,고석정 잔디광장
f_f009605,1,7,2309020008,평이 담백 뼈 칼국수 철원점
f_f009605,1,8,2309020009,고석정 잔디광장
f_f009605,1,9,2309020002,집
f_f009619,1,1,2308220001,집
f_f009619,1,2,2308220002,더 현대 대구
f_f009619,1,3,2308220003,ZARA 동성로점
f_f009619,1,4,2308220004,마들렌
f_f009619,1,5,2308220005,원더플레이스 대구 동성로 FSS 점
f_f009619,1,6,2308220006,반월당 닭강정 반월당점
f_f009619,1,7,2308220008,호텔 지금
f_f009619,2,1,2308230001,스타벅스 동대구 터미널점
f_f009619,2,2,2308230002,집
f_f009637,1,1,2309010001,친구 친지 집
f_f009637,1,2,2309010003,BIFF 거리
f_f009637,1,3,2309010002,스탠퍼드호텔 부산
f_f009637,2,1,2309020001,해양 푸드코트
f_f009637,2,2,2309020002,국립 해양 박물관
f_f009637,2,3,2309020004,부산항 대교
f_f009637,2,4,2309020003,일와 그린빌라
f_f009640,1,1,2308250001,집
f_f009640,1,2,2308250002,동대구역
f_f009640,1,3,2308250003,신경주역
f_f009640,1,4,2308250004,제일 고속철 주차장
f_f009640,1,5,2308250005,신라 쌈밥
f_f009640,1,6,2308250006,불국사
f_f009640,1,7,2308250007,기림사
f_f009640,1,8,2308250008,신경주 빵
f_f009640,1,9,2308250011,제일 고속철 주차장
f_f009640,1,10,2308250009,신경주역
f_f009640,1,11,2308250010,집
f_f009660,1,1,2308260002,사무실
f_f009660,1,2,2308260001,파머스 키친
f_f009660,1,3,2308260003,솔 게스트하우스 양양 서핑점
f_f009660,1,4,2308260004,인구해변
f_f009660,1,5,2308260005,양리 단기 라운지
f_f009660,1,6,2308260006,템플 온 더 비치 클럽
f_f009660,1,7,2308260007,솔 게스트하우스 양양 서핑점
f_f009660,2,1,2308270001,인구해변
f_f009660,2,2,2308270002,솔 게스트하우스 양양 서핑점
f_f009660,2,3,2308270003,하이 타이드
f_f009660,2,4,2308270004,강남역 2호선
f_f009675,1,1,2308300001,집
f_f009675,1,2,2308300002,별들의 기침
f_f009675,1,3,2308300003,별들의 기침
f_f009675,2,1,2308310002,옛날 원대 막국수
f_f009675,2,2,2308310003,운대리 자작나무 숲
f_f009675,2,3,2308310004,내린천 래프팅 협동조합
f_f009675,2,4,2308310001,집
f_f009676,1,1,2308270001,집
f_f009676,1,2,2308270002,우성 닭갈비 본점
f_f009676,1,3,2308270003,산토리니
f_f009676,1,4,2308270004,해피 초원 목장
f_f009676,1,5,2308270005,춘천 중도 물레길
f_f009676,1,6,2308270006,봄 담은 산 채
f_f009676,1,7,2308270008,스타벅스 춘천 퇴계 DT 점
f_f009676,1,8,2308270007,집
f_f009681,1,1,2308220001,집
f_f009681,1,2,2308220013,서울역
f_f009681,1,3,2308220014,신경주역
f_f009681,1,4,2308220003,황화정
f_f009681,1,5,2308220005,대릉원
f_f009681,1,6,2308220006,어마 무시 황남점
f_f009681,1,7,2308220007,앨리 게스트하우스
f_f009681,1,8,2308220008,대화 만두
f_f009681,1,9,2308220009,대릉원
f_f009681,1,10,2308220010,첨성대
f_f009681,1,11,2308220011,동궁과 월지
f_f009681,1,12,2308220012,첨성대
f_f009681,1,13,2308220002,앨리 게스트하우스
f_f009681,2,1,2308230001,국립경주박물관
f_f009681,2,2,2308230002,월정교
f_f009681,2,3,2308230003,소바카게
f_f009681,2,4,2308230004,두 낫디 스타브 베이커스 경주
f_f009681,2,5,2308230005,에라토 경주
f_f009681,2,6,2308230006,신경주역
f_f009681,2,7,2308230008,서울역
f_f009681,2,8,2308230007,집
f_f009685,1,1,2309140001,집
f_f009685,1,2,2309140002,깡 돼 후
f_f009685,1,3,2309140003,부평 깡통시장
f_f009685,1,4,2309140004,CU 부산 G7점
f_f009685,1,5,2309140005,르컬렉티브 부산역
f_f009685,2,1,2309150001,일 고향만두
f_f009685,2,2,2309150002,영도 하늘 전망대
f_f009685,2,3,2309150003,부산항 대교
f_f009685,2,4,2309150004,집
f_f009694,1,1,2308220001,집
f_f009694,1,2,2308220008,부산 서부버스터미널
f_f009694,1,3,2308220003,그날의 미술관
f_f009694,1,4,2308220004,라온 타운 플라워 마켓
f_f009694,1,5,2308220005,대릉원
f_f009694,1,6,2308220006,베이글 베이 글러
f_f009694,1,7,2308220007,아나타 카페
f_f009694,1,8,2308220010,황련단길
f_f009694,1,9,2308220009,경주 시외버스터미널
f_f009694,1,10,2308220002,집
f_f009704,1,1,2308230001,집
f_f009704,1,2,2308230002,커스터드
f_f009704,1,3,2308230004,바이올독
f_f009704,1,4,2308230003,블루문 앤코
f_f009704,1,5,2308230007,페이퍼 드레스
f_f009704,1,6,2308230008,올리브영
f_f009704,1,7,2308230005,콩 카페
f_f009704,1,8,2308230006,라이크 디스 위드 교동점
f_f009704,1,9,2308230010,라피에르 카페
f_f009704,1,10,2308230009,교보문구
f_f009704,1,11,2308230011,디저트 39
f_f009704,1,12,2308230012,집
f_f009713,1,1,2308220001,집
f_f009713,1,2,2308220002,홍천 휴게소 양양 방향
f_f009713,1,3,2308220003,용주골 미궁 순대 낙산점
f_f009713,1,4,2308220004,낙산 해변
f_f009713,1,5,2308220005,속초관광수산시장
f_f009713,1,6,2308220006,한화리조트 설악 쏘라노
f_f009713,2,1,2308230001,설악워터피아
f_f009713,2,2,2308230002,집
f_f009724,1,1,2309090001,집
f_f009724,1,2,2309090002,하이원 그랜드호텔 컨벤션타워
f_f009724,1,3,2309090003,버치 우드 펜션 앤카페
f_f009724,1,4,2309090004,멍냥의민족
f_f009724,1,5,2309090005,집
f_f009733,1,1,2308290001,집
f_f009733,1,2,2308290002,영덕휴게소
f_f009733,1,3,2308290003,강릉 짬뽕 순두부
f_f009733,1,4,2308290004,지브 펜션
f_f009733,1,5,2308290005,벌떼 횟집
f_f009733,1,6,2308290007,지브 펜션
f_f009733,2,1,2308300001,카페 툇마루
f_f009733,2,2,2308300002,벌집
f_f009733,2,3,2308300003,강릉 중앙시장
f_f009733,2,4,2308300004,카페 알베르
f_f009733,2,5,2308300005,안동휴게소 부산방향
f_f009733,2,6,2308300006,집
f_f009744,1,1,2308270001,집
f_f009744,1,2,2308270004,거창 휴게소 광주방향
f_f009744,1,3,2308270003,산청 동의보감촌
f_f009744,1,4,2308270005,동의 보쌈
f_f009744,1,5,2308270006,방목리 카페
f_f009744,1,6,2308270007,수선사
f_f009744,1,7,2308270008,남사예담촌
f_f009744,1,8,2308270002,집
f_f009746,1,1,2308270001,집
f_f009746,1,2,2308270002,이아 뷰
f_f009746,2,1,2308280001,거제 파노라마 케이블카
f_f009746,2,2,2308280002,서피 버거
f_f009746,2,3,2308280003,매미성
f_f009746,2,4,2308280004,집
f_f009752,1,1,2308270001,친구 친지 집
f_f009752,1,2,2308270002,아르떼 뮤지엄 강릉
f_f009752,1,3,2308270003,초당 명가 짬뽕 순두부
f_f009752,1,4,2308270004,강문해변
f_f009752,1,5,2308270005,런닝맨 강릉점
f_f009752,1,6,2308270006,월 화 역
f_f009752,1,7,2308270007,미륭아파트
f_f009758,1,1,2308260001,집
f_f009758,1,2,2308260003,국립경주박물관 어린이 박물관
f_f009758,1,3,2308260004,우량 미술관
f_f009758,1,4,2308260002,나을 스테이 펜션
f_f009758,2,1,2308270001,경주 버드파크
f_f009758,2,2,2308270002,진수 밥상
f_f009758,2,3,2308270003,집
f_f009763,1,1,2308260001,집
f_f009763,1,2,2308260002,미스터 닭갈비
f_f009763,1,3,2308260003,스카이라인 짚와이어
f_f009763,1,4,2308260004,남이섬
f_f009763,1,5,2308260005,카페 감자밭 본점
f_f009763,1,6,2308260006,더 베네치아 스위트
f_f009763,2,1,2308270002,소양강 처녀상
f_f009763,2,2,2308270003,춘천 제일 닭갈비
f_f009763,2,3,2308270001,집
f_f009765,1,1,2308250001,친구 친지 집
f_f009765,1,2,2308250002,끼룩 상점
f_f009765,1,3,2308250003,거동 탕수육
f_f009765,1,4,2308250004,한결
f_f009765,1,5,2308250005,황해 횟집
f_f009765,1,6,2308250006,어달해변
f_f009765,1,7,2308250007,동해를 그리다 펜션
f_f009765,2,1,2308260001,어달해변
f_f009765,2,2,2308260002,오뚝이 칼국수
f_f009765,2,3,2308260003,카페 묵호
f_f009765,2,4,2308260004,친구 집
f_f009779,1,1,2308250001,집
f_f009779,1,2,2308250010,태화강역
f_f009779,1,3,2308250011,영천역
f_f009779,1,4,2308250004,e 편한 세상 센텀스타시티 영천 2단지 아파트
f_f009779,1,5,2308250003,빨간 지붕
f_f009779,1,6,2308250005,골프존파크 중앙 오닉스 골프점
f_f009779,1,7,2308250006,도이치 PC
f_f009779,1,8,2308250007,영천 강변공원
f_f009779,1,9,2308250008,으로 지 자연 생태공원
f_f009779,1,10,2308250009,e 편한 세상 센텀스타시티 영천 2단지 아파트
f_f009779,1,11,2308250002,e 편한 세상 센텀스타시티 영천 2단지 아파트
f_f009779,2,1,2308260002,영천역
f_f009779,2,2,2308260003,태화강역
f_f009779,2,3,2308260001,집
f_f009787,1,1,2308290001,집
f_f009787,1,2,2308290002,서울역
f_f009787,1,3,2308290003,강릉역
f_f009787,1,4,2308290005,도깨비 촬영지
f_f009787,1,5,2308290004,강문해변
f_f009787,1,6,2308290006,영진해변
f_f009787,1,7,2308290007,강릉독립예술 극장 신영
f_f009787,1,8,2308290008,라미 상점
f_f009787,1,9,2308290009,강릉역
f_f009787,1,10,2308290010,서울역
f_f009787,1,11,2308290011,서울 동작구 서달로 123 101동
f_f009791,1,1,2308270001,집
f_f009791,1,2,2308270002,금수강산 막국수
f_f009791,1,3,2308270003,소노벨 비발디파크 B동
f_f009791,1,4,2308270004,비발디파크 하늘 양떼목장
f_f009791,1,5,2308270005,비발디파크 루지 월드
f_f009791,1,6,2308270006,토종닭 숯불구이 계륵
f_f009791,1,7,2308270007,소노벨 비발디파크 B동
f_f009791,2,1,2308280001,비발디파크 오션월드
f_f009791,2,2,2308280002,소노벨 비발디파크 B동
f_f009827,1,1,2308280001,집
f_f009827,1,2,2308280002,서프 홀릭 다대포
f_f009827,1,3,2308280003,다대포해수욕장
f_f009827,1,4,2308280006,아키 수산
f_f009827,1,5,2308280004,서핑 카페 서프 홀릭 다대포 카페
f_f009827,1,6,2308280005,KTG 상상마당 부산
f_f009827,1,7,2308280007,연의 양과
f_f009827,1,8,2308280008,집
f_f009846,1,1,2308220001,사무실
f_f009846,1,2,2308220003,광안리해수욕장
f_f009846,1,3,2308220004,춘하추동 밀면 해운대 직영점
f_f009846,1,4,2308220005,아모레 부산
f_f009846,1,5,2308220006,노티스 부산 해운대
f_f009846,1,6,2308220007,블루 터틀
f_f009846,1,7,2308220009,유가네닭갈비 서면 본점
f_f009846,1,8,2308220008,런닝맨 부산점
f_f009846,1,9,2308220010,올리브영 서면 부전 중앙점
f_f009846,1,10,2308220002,계명대학교 성서캠퍼스
f_f009858,1,1,2308240001,집
f_f009858,1,2,2308240002,다대포 돌 짜장
f_f009858,1,3,2308240003,서프 홀릭 다대포
f_f009858,1,4,2308240004,더 벤티 다대포점
f_f009858,1,5,2308240005,다대포해수욕장
f_f009858,1,6,2308240006,다대포 해변공원
f_f009858,1,7,2308240007,다대포 해변공원 중앙공영주차장
f_f009858,1,8,2308240008,굿윌스토어 부산 다대점
f_f009858,1,9,2308240009,집
f_f009859,1,1,2308220001,집
f_f009859,1,2,2308220003,제주 국제공항
f_f009859,1,3,2308220004,대구국제공항
f_f009859,1,4,2308220005,김광석 다시 그리기 길
f_f009859,1,5,2308220006,오이
f_f009859,1,6,2308220007,프로젝트백 숍
f_f009859,1,7,2308220008,여름 다방
f_f009859,1,8,2308220009,피플스 커피
f_f009859,1,9,2308220010,인아워베이크
f_f009859,1,10,2308220011,픽 댓 동성로점
f_f009859,1,11,2308220012,블루문 앤코 동성로점
f_f009859,1,12,2308220013,더 현대 대구
f_f009859,1,13,2308220014,수성못
f_f009859,1,14,2308220015,와리바시
f_f009859,1,15,2308220002,인터불고 엑스코
f_f009859,2,1,2308230002,더 현대 대구
f_f009859,2,2,2308230003,이이 알 티 대구점
f_f009859,2,3,2308230004,고스트 북스
f_f009859,2,4,2308230005,오일리 버거
f_f009859,2,5,2308230006,리리 썬
f_f009859,2,6,2308230007,리버티
f_f009859,2,7,2308230008,대구국제공항
f_f009859,2,8,2308230009,제주 국제공항
f_f009859,2,9,2308230001,집
f_f009866,1,1,2308260001,집
f_f009866,1,2,2308260006,금천 칼국수
f_f009866,1,3,2308260007,강문해변
f_f009866,1,4,2308260008,메가 MGC 커피 경포해수욕장점
f_f009866,1,5,2308260009,강릉 중앙시장
f_f009866,1,6,2308260010,강릉역
f_f009866,1,7,2308260011,토성 빌라
f_f009875,1,1,2308250001,친구 친지 집
f_f009875,1,2,2308250002,라스페란자
f_f009875,1,3,2308250003,창원 북부리 팽나무
f_f009875,1,4,2308250004,주남저수지 생태학습관
f_f009875,1,5,2308250005,스타벅스 창원 마창대교점
f_f009875,1,6,2308250006,강복궁 본점
f_f009875,1,7,2308250007,청구성 도타운 아파트
f_f009882,1,1,2308220001,집
f_f009882,1,2,2308220002,광안리해양레포츠센터
f_f009882,1,3,2308220003,개미집 광안리점
f_f009882,1,4,2308220004,티 앤 북스 광안점
f_f009882,1,5,2308220005,집
f_f009886,1,1,2308230001,집
f_f009886,1,2,2308230003,환호공원 포항시립미술관
f_f009886,1,3,2308230004,토마틸로 포항점
f_f009886,1,4,2308230005,환호공원 스페이스 워크
f_f009886,1,5,2308230006,프랭크 커핀 바 포항점
f_f009886,1,6,2308230007,영일대해수욕장
f_f009886,1,7,2308230008,포항역
f_f009886,1,8,2308230009,동대구역
f_f009886,1,9,2308230002,집
f_f009920,1,1,2308310001,집
f_f009920,1,2,2308310003,김해국립박물관
f_f009920,1,3,2308310004,김해 수로왕릉
f_f009920,1,4,2308310005,몽비
f_f009920,1,5,2308310006,연지공원
f_f009920,1,6,2308310007,아나타 카페
f_f009920,1,7,2308310008,마이페이버릿띵스
f_f009920,1,8,2308310009,덕구 뒷고기
f_f009920,1,9,2308310002,집
f_f009933,1,1,2308220001,집
f_f009933,1,2,2308220002,고양종합터미널
f_f009933,1,3,2308220003,횡성휴게소 강릉방향
f_f009933,1,4,2308220004,강릉 고속버스터미널
f_f009933,1,5,2308220005,9남매 집
f_f009933,1,6,2308220006,아르떼 뮤지엄 강릉
f_f009933,1,7,2308220007,강문해변
f_f009933,1,8,2308220009,강릉에 파랑 물회
f_f009933,1,9,2308220010,강문해변
f_f009933,1,10,2308220011,강릉역
f_f009933,1,11,2308220012,서울역
f_f009933,1,12,2308220013,집
f_f009966,1,1,2308260001,집
f_f009966,1,2,2308260002,월영교
f_f009966,1,3,2308260003,메가 MGC 커피 안동문화의 거리점
f_f009966,1,4,2308260004,웅부공원
f_f009966,1,5,2308260005,전통문화콘텐츠 박물관
f_f009966,1,6,2308260006,스타벅스 안동 시청점
f_f009966,1,7,2308260007,태화동 192-24
f_f009966,1,8,2308260008,만복이 주꾸미 낙지볶음
f_f009966,1,9,2308260009,라클 하세빈
f_f009966,1,10,2308260010,탑텐 안동점
f_f009966,1,11,2308260011,유니클로 안동점
f_f009966,1,12,2308260012,롯데리아 안동문화의 거리점
f_f009966,1,13,2308260013,집
f_f010006,1,1,2308230001,집
f_f010006,1,2,2308230004,스타벅스 해운대 R 점
f_f010006,1,3,2308230005,오복이 역
f_f010006,1,4,2308230006,신세계백화점 센텀시티점
f_f010006,1,5,2308230007,롯데월드 어드벤처 부산
f_f010006,1,6,2308230008,부산역
f_f010006,1,7,2308230009,집
f_f010028,1,1,2308290001,친구 친지 집
f_f010028,1,2,2308290002,신경주역
f_f010028,1,3,2308290003,여미온
f_f010028,1,4,2308290004,올리브
f_f010028,1,5,2308290005,첨성대
f_f010028,1,6,2308290006,국립경주박물관
f_f010028,1,7,2308290007,황련단길
f_f010028,1,8,2308290008,빼돌린 뒷고기
f_f010028,1,9,2308290009,설월
f_f010028,1,10,2308290010,청사초롱 민 박
f_f010028,2,1,2308300001,대릉원
f_f010028,2,2,2308300002,어서어서
f_f010028,2,3,2308300003,병천 토종 순대 국밥
f_f010028,2,4,2308300004,리플레이스 먼트
f_f010028,2,5,2308300005,친구 집
f_f010035,1,1,2308220001,친구 친지 집
f_f010035,1,2,2308220003,소유템 광안리점
f_f010035,1,3,2308220004,광안리해수욕장
f_f010035,1,4,2308220005,밀란 더 마켓
f_f010035,1,5,2308220006,빈티지 뮤지엄 그로서리
f_f010035,1,6,2308220007,호텔 1 별 침대
f_f010035,1,7,2308220008,삼발이 광안점
f_f010035,1,8,2308220009,OCT4
f_f010035,1,9,2308220010,광안리해수욕장
f_f010035,1,10,2308220002,집
f_f010085,1,1,2308260001,집
f_f010085,1,2,2308260002,이삭 렌터카 천호점
f_f010085,1,3,2308260003,동광식당
f_f010085,1,4,2308260004,병방치 짚와이어
f_f010085,1,5,2308260005,병방치 스카이워크
f_f010085,1,6,2308260006,평창영월정선축협 하나로마트 정선점
f_f010085,1,7,2308260007,정선에 코리조트
f_f010085,1,8,2308260008,안반데기
f_f010085,1,9,2308260009,정선에 코리조트
f_f010085,2,1,2308270001,정선아리랑 시장
f_f010085,2,2,2308270002,회동 집 2관
f_f010085,2,3,2308270003,나 전역 카페
f_f010085,2,4,2308270004,이삭 렌터카 천호점
f_f010085,2,5,2308270005,집
f_f010097,1,1,2308230001,집
f_f010097,1,2,2308230002,창원시 마산합포구 소재 거라고 계곡
f_f010097,1,3,2308230003,3.15 해양누리공원
f_f010097,1,4,2308230004,마산 어 시장
f_f010097,1,5,2308230005,집
f_f010136,1,1,2309010001,집
f_f010136,1,2,2309010002,동대구역
f_f010136,1,3,2309010003,부산역
f_f010136,1,4,2309010004,회와 제과
f_f010136,1,5,2309010005,테넌츠커피바
f_f010136,1,6,2309010006,도라 볼
f_f010136,1,7,2309010007,KTG 상상마당 부산
f_f010136,1,8,2309010008,신세계백화점 센텀시티점
f_f010136,1,9,2309010010,하루 필름 부산 광안리점
f_f010136,1,10,2309010009,광안리해수욕장
f_f010136,1,11,2309010011,밀란 더 마켓
f_f010136,1,12,2309010012,광안리 신라 횟집
f_f010136,1,13,2309010014,부산역
f_f010136,1,14,2309010015,동대구역
f_f010136,1,15,2309010013,집
f_f010143,1,1,2309090001,집
f_f010143,1,2,2309090003,벡스코 제2전시장
f_f010143,1,3,2309090004,신세계백화점 센텀시티점
f_f010143,1,4,2309090005,롯데백화점 센텀시티점
f_f010143,1,5,2309090006,스타벅스 센텀시티역점
f_f010143,1,6,2309090007,벡스코 제2전시장
f_f010143,1,7,2309090008,해운대해수욕장
f_f010143,1,8,2309090002,집
f_f010164,1,1,2308270001,집
f_f010164,1,2,2308270003,신경주역
f_f010164,1,3,2308270004,다이소 경주 본점
f_f010164,1,4,2308270005,복길
f_f010164,1,5,2308270006,대릉원
f_f010164,1,6,2308270007,카페 솔
f_f010164,1,7,2308270008,첨성대
f_f010164,1,8,2308270009,컴포즈커피 경주터미널점
f_f010164,1,9,2308270010,이상복 경주빵 경주터미널점
f_f010164,1,10,2308270011,시즈닝
f_f010164,1,11,2308270012,월정교
f_f010164,1,12,2308270013,첨성대
f_f010164,1,13,2308270014,신경주역
f_f010164,1,14,2308270002,집
f_f010193,1,1,2308220001,집
f_f010193,1,2,2308220002,정우 헤리티지 오피스텔
f_f010193,1,3,2308220003,내원사
f_f010193,1,4,2308220004,내원사계곡
f_f010193,1,5,2308220005,자연 숯불갈비
f_f010193,1,6,2308220006,트리 폰즈
f_f010193,1,7,2308220007,집
f_f010197,1,1,2308270001,집
f_f010197,1,2,2308270003,구미역
f_f010197,1,3,2308270004,동대구역
f_f010197,1,4,2308270005,써브웨이 대구 동대구점
f_f010197,1,5,2308270006,신경주역
f_f010197,1,6,2308270007,캘리포니아비치
f_f010197,1,7,2308270008,황련단길
f_f010197,1,8,2308270009,부처 빵
f_f010197,1,9,2308270010,신경주역
f_f010197,1,10,2308270011,동대구역
f_f010197,1,11,2308270012,구미역
f_f010197,1,12,2308270002,집
f_f010208,1,1,2308260001,집
f_f010208,1,2,2308260002,마운트 선데이
f_f010208,1,3,2308260003,댕댕댕
f_f010208,1,4,2308260004,펫 마트 양산 물금점
f_f010208,1,5,2308260005,디자인공원
f_f010208,1,6,2308260006,집
f_f010239,1,1,2308260001,집
f_f010239,1,2,2308260003,좌천역 동해선
f_f010239,1,3,2308260005,라자냐 5F
f_f010239,1,4,2308260006,태화강 국가 정원
f_f010239,1,5,2308260007,롯데백화점 울산점
f_f010239,1,6,2308260008,울산 그랜드 휠
f_f010239,1,7,2308260009,무인양품 롯데백화점 울산점
f_f010239,1,8,2308260010,메이즈도 스
f_f010239,1,9,2308260011,남도 막창 곱창
f_f010239,1,10,2308260012,제우스 모텔
f_f010239,1,11,2308260013,태화강역
f_f010239,1,12,2308260002,집
f_f010249,1,1,2309020001,집
f_f010249,1,2,2309020003,강릉역
f_f010249,1,3,2309020004,감자바위
f_f010249,1,4,2309020005,346커피스토리
f_f010249,1,5,2309020006,가톨릭관동대학교 강릉캠퍼스
f_f010249,1,6,2309020007,강릉역
f_f010249,1,7,2309020002,집
f_f010254,1,1,2308290001,집
f_f010254,1,2,2308290002,부산종합버스터미널
f_f010254,1,3,2308290005,롯데백화점 부산본점
f_f010254,1,4,2308290003,쉐이크쉑 부산 서면점
f_f010254,1,5,2308290004,KTG 상상마당 부산
f_f010254,1,6,2308290006,스타벅스 서면중앙점
f_f010254,1,7,2308290007,부전시장
f_f010254,1,8,2308290008,이비스 앰배서더호텔 부산시티센터점
f_f010254,2,1,2308300001,NC백화점 서면점
f_f010254,2,2,2308300004,교보문고 부산점
f_f010254,2,3,2308300005,녹아들다 록 카페
f_f010254,2,4,2308300002,부산커피 박물관
f_f010254,2,5,2308300003,부산 시민공원
f_f010254,2,6,2308300006,해피 몽크
f_f010254,2,7,2308300008,광안리해수욕장
f_f010254,2,8,2308300009,농축산 마트 광안 쌍용점
f_f010254,2,9,2308300007,집
f_f010276,1,1,2308280001,친구 친지 집
f_f010276,1,2,2308280003,비발디파크 오션월드
f_f010276,1,3,2308280004,소노벨 비발디파크 C동
f_f010276,1,4,2308280002,친구 집
f_f010285,1,1,2308280001,집
f_f010285,1,2,2308280002,동대구역
f_f010285,1,3,2308280003,부산역
f_f010285,1,4,2308280004,해운대 블루 스토리 호텔
f_f010285,1,5,2308280005,해운대해수욕장
f_f010285,1,6,2308280006,상국이네
f_f010285,1,7,2308280007,올리브영 해운대점
f_f010285,1,8,2308280008,1964백 미당 신라스테이 부산점
f_f010285,1,9,2308280009,행리단길
f_f010285,1,10,2308280010,해성 막창집 본점
f_f010285,1,11,2308280011,왕과 탕후루
f_f010285,1,12,2308280012,이마트 24 해운대 이비스점
f_f010285,1,13,2308280013,해운대 블루 스토리 호텔
f_f010285,2,1,2308290001,호박 가게
f_f010285,2,2,2308290002,수변 최고 돼지국밥 센텀 벡스코점
f_f010285,2,3,2308290003,신세계백화점 센텀시티점
f_f010285,2,4,2308290004,카페 레이어드 부산 센텀점
f_f010285,2,5,2308290005,에투알
f_f010285,2,6,2308290006,분홍이네
f_f010285,2,7,2308290007,광안리 해변 테마거리
f_f010285,2,8,2308290008,해운대 블루 스토리 호텔
f_f010285,2,9,2308290009,부산역
f_f010285,2,10,2308290010,집
f_f010291,1,1,2308220001,집
f_f010291,1,2,2308220002,경기공항 리무진버스
f_f010291,1,3,2308220006,공항역 부산 김해 경전철
f_f010291,1,4,2308220003,김포국제공항 국내선
f_f010291,1,5,2308220004,김해국제공항
f_f010291,1,6,2308220007,중동역 부산 2호선
f_f010291,1,7,2308220005,해운대 가야 밀면
f_f010291,1,8,2308220011,랑데자뷰 해운대점
f_f010291,1,9,2308220008,해운대 블루라인파크 미포 정거장
f_f010291,1,10,2308220009,해운대 블루라인파크 청사포 정거장
f_f010291,1,11,2308220010,카페 곰
f_f010291,1,12,2308220012,부산요트투어
f_f010291,1,13,2308220013,광안리 신라 횟집
f_f010291,1,14,2308220014,광안리해수욕장
f_f010291,1,15,2308220015,픽닷 광안리점
f_f010291,1,16,2308220016,광안역 부산 2호선
f_f010291,1,17,2308220017,사상역 부산 김해 경전철
f_f010291,1,18,2308220024,구슬 속 구슬 아이스크림 광안리 본점
f_f010291,1,19,2308220018,김해국제공항
f_f010291,1,20,2308220019,김포국제공항 국내선
f_f010291,1,21,2308220020,김포공항 역 5호선
f_f010291,1,22,2308220021,신길역 1호선
f_f010291,1,23,2308220023,당정역 1호선
f_f010291,1,24,2308220022,집
f_f010305,1,1,2308230001,집
f_f010305,1,2,2308230002,웅진 횟집
f_f010305,1,3,2308230003,팔레트 커피
f_f010305,1,4,2308230005,영일대해수욕장
f_f010305,1,5,2308230006,에어비앤비
f_f010305,1,6,2308230008,죽도 시장
f_f010305,1,7,2308230007,환호공원 스페이스 워크
f_f010305,1,8,2308230009,영일 대전 망대
f_f010305,1,9,2308230004,에어비앤비
f_f010305,2,1,2308240002,포항역
f_f010305,2,2,2308240003,바를 정 국수 포항 본점
f_f010305,2,3,2308240004,구룡포 일본인 가옥거리
f_f010305,2,4,2308240005,구룡포 과메기 문화관
f_f010305,2,5,2308240006,어스 피스커피
f_f010305,2,6,2308240007,맥도날드 포항북부 DT 점
f_f010305,2,7,2308240008,포항역
f_f010305,2,8,2308240001,집
f_f010307,1,1,2308230001,집
f_f010307,1,2,2308230002,카페 감자밭 본점
f_f010307,1,3,2308230003,통나무집 닭갈비
f_f010307,1,4,2308230004,스타벅스 춘천 구봉산 R
f_f010307,1,5,2308230005,남이섬 유원지 콘도 별장
f_f010307,1,6,2308230006,남이섬 유원지 겨울연가 촬영지
f_f010307,1,7,2308230007,남이섬 유원지 핀란드 똔뚜 마을
f_f010307,1,8,2308230008,고목
f_f010307,1,9,2308230009,남이섬 유원지 콘도 별장
f_f010307,2,1,2308240002,호텔정관루커피숍 아일래 나
f_f010307,2,2,2308240003,남이섬 유원지 콘도 별장
f_f010307,2,3,2308240004,남이섬 나미 스토어
f_f010307,2,4,2308240005,남이섬 나미 콩쿠르 갤러리
f_f010307,2,5,2308240006,남이섬 유원지 평화랑
f_f010307,2,6,2308240007,남이섬 주차장
f_f010307,2,7,2308240008,스타벅스 남이섬점
f_f010307,2,8,2308240009,이화 주유소
f_f010307,2,9,2308240001,집
f_f010327,1,1,2308260001,집
f_f010327,1,2,2308260003,청도 새마을 휴게소 상행
f_f010327,1,3,2308260004,불로동 고분군
f_f010327,1,4,2308260005,해맞이공원
f_f010327,1,5,2308260006,MRNW
f_f010327,1,6,2308260007,홈플러스 칠곡점
f_f010327,1,7,2308260002,코티 지향
f_f010327,2,1,2308270002,밀양 콩나물 해장국
f_f010327,2,2,2308270003,해와 강
f_f010327,2,3,2308270001,집
f_f010329,1,1,2308220001,집
f_f010329,1,2,2308220002,양산역 부산 2호선
f_f010329,1,3,2308220003,전포역 부산 2호선
f_f010329,1,4,2308220004,시현하다 프레임 레드 화이트 점
f_f010329,1,5,2308220005,뒤 코비 다이너
f_f010329,1,6,2308220006,서면 미술관
f_f010329,1,7,2308220007,전포 카페거리
f_f010329,1,8,2308220008,FM 커피하우스 1호점
f_f010329,1,9,2308220009,서면역 부산 2호선
f_f010329,1,10,2308220010,양산역 부산 2호선
f_f010329,1,11,2308220011,집
f_f010333,1,1,2308280001,집
f_f010333,1,2,2308280002,김포국제공항 국내선
f_f010333,1,3,2308280003,포항 경주공항
f_f010333,1,4,2308280004,구룡포 일본인 가옥거리
f_f010333,1,5,2308280005,로터리 냉면
f_f010333,1,6,2308280006,라한 호텔 포항
f_f010333,1,7,2308280007,영일고
f_f010333,1,8,2308280009,영일대해수욕장
f_f010333,1,9,2308280008,동대구 횟집
f_f010333,1,10,2308280010,라한 호텔 포항
f_f010333,2,1,2308290001,가정 초밥 영일대점
f_f010333,2,2,2308290005,호미곶 해맞이 광장 광장 매점
f_f010333,2,3,2308290002,호미곶 왕발통 바이크
f_f010333,2,4,2308290003,호미곶 여행자 센터
f_f010333,2,5,2308290004,상생의 손
f_f010333,2,6,2308290006,집
f_f010338,1,1,2309090001,집
f_f010338,1,2,2309090003,포항터미널
f_f010338,1,3,2309090004,포항 송도 해수욕장
f_f010338,1,4,2309090005,카페로 캄보 포항 송도비치점
f_f010338,1,5,2309090006,더신촌스덮죽
f_f010338,1,6,2309090007,영일대해수욕장
f_f010338,1,7,2309090008,놀이터 보드카페 영일대점
f_f010338,1,8,2309090009,은정이네 조개구이
f_f010338,1,9,2309090010,포닭집
f_f010338,1,10,2309090011,영일대해수욕장
f_f010338,1,11,2309090002,집
f_f010340,1,1,2308230001,집
f_f010340,1,2,2308230002,청도 새마을 휴게소 하행
f_f010340,1,3,2308230004,산본 마츠
f_f010340,1,4,2308230005,에 쏘
f_f010340,1,5,2308230006,요트 미르
f_f010340,1,6,2308230007,호텔에 델라
f_f010340,1,7,2308230008,부평 양 곱창 본점
f_f010340,1,8,2308230009,영도대교 포장마차 거리
f_f010340,1,9,2308230003,호텔에 델라
f_f010340,2,1,2308240001,흰 여울 문화마을
f_f010340,2,2,2308240002,올바릇식당 영도점
f_f010340,2,3,2308240003,오구 카페
f_f010340,2,4,2308240004,집
f_f010342,1,1,2308230001,집
f_f010342,1,2,2308230003,가평휴게소 춘천 방향
f_f010342,1,3,2308230004,춘천 풍물시장
f_f010342,1,4,2308230005,춘천 명물 닭갈비
f_f010342,1,5,2308230006,인필드
f_f010342,1,6,2308230002,집
f_f010348,1,1,2308230001,집
f_f010348,1,2,2308230003,블루 원 워터파크
f_f010348,1,3,2308230004,라한 호텔 포항
f_f010348,1,4,2308230005,국민 낙곱새
f_f010348,1,5,2308230006,두낫디스터브베이커스 영일대점
f_f010348,1,6,2308230002,라한 호텔 포항
f_f010348,2,1,2308240002,역 일대 해상 누각
f_f010348,2,2,2308240003,포항 바다 원해
f_f010348,2,3,2308240004,오딘 베이커리 카페
f_f010348,2,4,2308240005,이가리 닻 전망대
f_f010348,2,5,2308240006,해운대 31cm 해물칼국수
f_f010348,2,6,2308240001,집
f_f010391,1,1,2308270001,집
f_f010391,1,2,2308270003,동해휴게소 삼척 방향
f_f010391,1,3,2308270004,이사 부상자 공원
f_f010391,1,4,2308270005,너울가지
f_f010391,1,5,2308270006,강원종합 박물관
f_f010391,1,6,2308270002,집
f_f010397,1,1,2308230001,사무실
f_f010397,1,2,2308230002,동대구역
f_f010397,1,3,2308230003,태화강역
f_f010397,1,4,2308230004,태화강 둔치
f_f010397,1,5,2308230006,셔셔
f_f010397,1,6,2308230005,울산 도서관
f_f010397,1,7,2308230007,울산문화예술회관
f_f010397,1,8,2308230008,신세계타운 아파트
f_f010426,1,1,2308260001,집
f_f010426,1,2,2308260003,칠곡휴게소 서울 방향
f_f010426,1,3,2308260004,허니 포도농장
f_f010426,1,4,2308260005,김천녹색미래 과학관
f_f010426,1,5,2308260006,금문
f_f010426,1,6,2308260007,설빙 김천혁신점
f_f010426,1,7,2308260002,집
f_f010454,1,1,2308240001,집
f_f010454,1,2,2308240003,국립경주박물관 어린이 박물관
f_f010454,1,3,2308240004,국립경주박물관
f_f010454,1,4,2308240005,산해
f_f010454,1,5,2308240007,대릉원
f_f010454,1,6,2308240006,첨성대
f_f010454,1,7,2308240008,경주 십원빵
f_f010454,1,8,2308240009,황남빵
f_f010454,1,9,2308240002,집
f_f010463,1,1,2308300001,집
f_f010463,1,2,2308300002,국립부산과학관
f_f010463,1,3,2308300003,해동용궁사
f_f010463,1,4,2308300004,오직 전복죽 기장 끝 집
f_f010463,1,5,2308300005,집
f_f010511,1,1,2308250001,집
f_f010511,1,2,2308250003,조경철 천문대
f_f010511,1,3,2308250002,카누 사계절 글램핑 펜션
f_f010511,2,1,2308260001,하이 대이리
f_f010511,2,2,2308260002,파로호 유원지 선착장
f_f010511,2,3,2308260003,집
f_f010537,1,1,2308250001,친구 친지 집
f_f010537,1,2,2308250003,밀란 더 마켓
f_f010537,1,3,2308250004,후미 후미
f_f010537,1,4,2308250005,KTG 상상마당 부산
f_f010537,1,5,2308250006,쉐이크쉑 부산 서면점
f_f010537,1,6,2308250002,약사 래미안 1단지 아파트
f_f010597,1,1,2308230001,숙소
f_f010597,1,2,2308230002,김포국제공항 국내선
f_f010597,1,3,2308230003,김해국제공항
f_f010597,1,4,2308230004,수변 최고 돼지국밥 민락 본점
f_f010597,1,5,2308230005,민락수변공원
f_f010597,1,6,2308230006,밀란 더 마켓
f_f010597,1,7,2308230008,씨라 이르 부산아쿠아리움
f_f010597,1,8,2308230009,아이 코인 노래연습장
f_f010597,1,9,2308230010,해운대 블루라인파크 미포 정거장
f_f010597,1,10,2308230011,롯데월드 어드벤처 부산
f_f010597,1,11,2308230012,숙성이고 동아대점
f_f010597,1,12,2308230013,부산역
f_f010597,1,13,2308230014,수서역
f_f010597,1,14,2308230007,노블 빌리지 l 오피스텔
f_f010608,1,1,2308260001,집
f_f010608,1,2,2308260003,황련단길 황화정
f_f010608,1,3,2308260005,경주 식혜
f_f010608,1,4,2308260004,대릉원
f_f010608,1,5,2308260006,경주농협 하나로마트 본점
f_f010608,1,6,2308260002,별자리 캠핑 랜드
f_f010608,2,1,2308270001,꽃바위가야밀면
f_f010608,2,2,2308270002,언양휴게소 서울 방향
f_f010608,2,3,2308270003,데이 앤 라이프 신촌점
f_f010622,1,1,2308260011,집
f_f010622,1,2,2308260001,동행 스테이 게스트하우스
f_f010622,1,3,2308260002,경주동
f_f010622,1,4,2308260003,대릉묘찌
f_f010622,1,5,2308260004,대릉원
f_f010622,1,6,2308260005,첨성대
f_f010622,1,7,2308260006,스타벅스 경주 대릉원점
f_f010622,1,8,2308260007,우마와 한우 샌드
f_f010622,1,9,2308260008,크라운 호프 경주터미널점
f_f010622,1,10,2308260009,경주농협 하나로마트 본점
f_f010622,1,11,2308260010,동행 스테이 게스트하우스
f_f010622,2,1,2308270001,캘리포니아비치
f_f010622,2,2,2308270002,집
f_f010631,1,1,2308230001,집
f_f010631,1,2,2308230002,개성 순대
f_f010631,1,3,2308230003,라파원 로스터리 카페
f_f010631,1,4,2308230005,카페 마실
f_f010631,1,5,2308230004,해양드라마 세트장
f_f010631,1,6,2308230006,집
f_f010643,1,1,2308230001,집
f_f010643,1,2,2308230003,부산동부 버스터미널
f_f010643,1,3,2308230004,블루 원 워터파크
f_f010643,1,4,2308230005,첨성대
f_f010643,1,5,2308230006,스타벅스 경주 대릉원점
f_f010643,1,6,2308230008,경주 시외버스터미널
f_f010643,1,7,2308230007,황남 두꺼비
f_f010643,1,8,2308230009,파리바게뜨 부산종합터미널점
f_f010643,1,9,2308230002,집
f_f010645,1,1,2308280001,집
f_f010645,1,2,2308280003,해 밥 구미인 동점
f_f010645,1,3,2308280004,요거프레소 구미인 동점
f_f010645,1,4,2308280005,포토 시그니처 구미 진평점
f_f010645,1,5,2308280006,라라랜드 룸 카페
f_f010645,1,6,2308280007,더 리터 구미 선산점
f_f010645,1,7,2308280002,집
f_f010650,1,1,2308260001,집
f_f010650,1,2,2308260003,덕평자연휴게소 강릉방향
f_f010650,1,3,2308260004,비발디파크 오션월드
f_f010650,1,4,2308260002,집
f_f010660,1,1,2308270001,집
f_f010660,1,2,2308270002,서면 지하상가
f_f010660,1,3,2308270003,서면 개금밀면
f_f010660,1,4,2308270004,롯데백화점 부산본점
f_f010660,1,5,2308270005,카페 51 광안역점
f_f010660,1,6,2308270006,광안리해수욕장
f_f010660,1,7,2308270007,집
f_f010662,1,1,2308280001,집
f_f010662,1,2,2308280002,스타벅스 포항 양덕점
f_f010662,1,3,2308280003,마라도 회 식당
f_f010662,1,4,2308280005,영일대해수욕장
f_f010662,1,5,2308280004,헤이안
f_f010662,1,6,2308280006,집
f_f010664,1,1,2308260001,집
f_f010664,1,2,2308260005,경주고속버스터미널
f_f010664,1,3,2308260003,캘리포니아비치
f_f010664,1,4,2308260004,경주월드
f_f010664,1,5,2308260006,진가에 대구 갈비
f_f010664,1,6,2308260007,최영화 빵
f_f010664,1,7,2308260008,신라 대종
f_f010664,1,8,2308260009,황련단길
f_f010664,1,9,2308260010,플레이인더박스 경주황리비단길점
f_f010664,1,10,2308260011,스컹크 웍스
f_f010664,1,11,2308260002,칠곡 미래타운 아파트
f_f010679,1,1,2308260001,집
f_f010679,1,2,2308260002,마시 그레이 수성 롯데캐슬점
f_f010679,1,3,2308260003,보현산댐 전망대
f_f010679,1,4,2308260004,보현산 천문대
f_f010679,1,5,2308260005,보현산천문과학관
f_f010679,1,6,2308260006,백양지 카페
f_f010679,1,7,2308260007,삼 성현 역사 문화공원
f_f010679,1,8,2308260008,그린 주유소
f_f010679,1,9,2308260009,집
f_f010698,1,1,2308230001,집
f_f010698,1,2,2308230003,비발디파크 오션월드
f_f010698,1,3,2308230004,온정손만두 여주점
f_f010698,1,4,2308230002,집
f_f010726,1,1,2308300001,집
f_f010726,1,2,2308300003,경상남도교육청 김해도서관
f_f010726,1,3,2308300004,봉황대공원
f_f010726,1,4,2308300005,수로왕릉
f_f010726,1,5,2308300006,수릉원
f_f010726,1,6,2308300007,대성동 고분 박물관
f_f010726,1,7,2308300002,집
f_f010740,1,1,2309020001,집
f_f010740,1,2,2309020002,서울역
f_f010740,1,3,2309020003,부산역
f_f010740,1,4,2309020004,칸다 쇼바 해운대점
f_f010740,1,5,2309020006,아모레 부산
f_f010740,1,6,2309020007,해운대해수욕장
f_f010740,1,7,2309020008,행리단길
f_f010740,1,8,2309020009,인 더 스트리트 부산 해운대점
f_f010740,1,9,2309020010,프루토프루타
f_f010740,1,10,2309020011,이비스 앰배서더 부산 해운대
f_f010740,1,11,2309020012,해운대 블루라인파크 미포 정거장
f_f010740,1,12,2309020013,해운대 블루라인파크 청사포 정거장
f_f010740,1,13,2309020014,해운대해수욕장
f_f010740,1,14,2309020015,1세 낙지
f_f010740,1,15,2309020005,이비스 앰배서더 부산 해운대
f_f010740,2,1,2309030001,행리단길
f_f010740,2,2,2309030002,딤타오
f_f010740,2,3,2309030003,원에 학
f_f010740,2,4,2309030004,해운대해수욕장
f_f010740,2,5,2309030005,영화의 전당 라이브러리
f_f010740,2,6,2309030006,샤브 진 신세계백화점 센텀시티점
f_f010740,2,7,2309030007,부산역
f_f010740,2,8,2309030008,서울역
f_f010740,2,9,2309030009,집
f_f010742,1,1,2308250001,집
f_f010742,1,2,2308250002,상봉역
f_f010742,1,3,2308250003,강릉역
f_f010742,1,4,2308250004,강릉 월화 거리
f_f010742,1,5,2308250005,CU 강릉시내점
f_f010742,1,6,2308250006,아르떼 뮤지엄 강릉
f_f010742,1,7,2308250007,유리알 유희
f_f010742,1,8,2308250008,고씨네 동해 막국수 강문본점(구.메밀골동해막국수)
f_f010742,1,9,2308250009,스타벅스 강릉강문해변점
f_f010742,1,10,2308250010,이마트 24 강문해변점
f_f010742,1,11,2308250011,강문해변
f_f010742,1,12,2308250012,강릉역
f_f010742,1,13,2308250013,집
f_f010749,1,1,2308260001,집
f_f010749,1,2,2308260002,청량리역
f_f010749,1,3,2308260003,민둥산역
f_f010749,1,4,2308260004,민둥산
f_f010749,1,5,2308260005,청주슈퍼
f_f010749,1,6,2308260006,진 식당
f_f010749,1,7,2308260007,주리스커피
f_f010749,1,8,2308260008,민둥산역
f_f010749,1,9,2308260009,청량리역
f_f010749,1,10,2308260010,집
f_f010766,1,1,2308310005,집
f_f010766,1,2,2308310001,김포국제공항 국내선
f_f010766,1,3,2308310002,부산 미도 어묵 김해공항점
f_f010766,1,4,2308310003,송암 돼지국밥
f_f010766,1,5,2308310012,감천문화마을
f_f010766,1,6,2308310004,커피있집
f_f010766,1,7,2308310006,왕 밀면 냉면 본점
f_f010766,1,8,2308310007,브라운 도트 호텔 해운대점
f_f010766,1,9,2308310013,송도해수욕장
f_f010766,1,10,2308310008,송도 1913
f_f010766,1,11,2308310009,송도 구름 산책로
f_f010766,1,12,2308310010,파리바게뜨
f_f010766,1,13,2308310011,브라운 도트 호텔 해운대점
f_f010766,2,1,2309010001,스타벅스 부산 송도 해수욕장점
f_f010766,2,2,2309010002,초량 밀면
f_f010766,2,3,2309010003,부산역
f_f010766,2,4,2309010004,집
f_f010783,1,1,2309020001,집
f_f010783,1,2,2309020003,오브젝트 서면점
f_f010783,1,3,2309020004,데판킹 스테이크하우스
f_f010783,1,4,2309020005,베이커스 전포점
f_f010783,1,5,2309020006,KTG 상상마당 부산
f_f010783,1,6,2309020007,버터럽
f_f010783,1,7,2309020008,부산 e스포츠 상설 경기장
f_f010783,1,8,2309020002,집
f_f010802,1,1,2308230001,집
f_f010802,1,2,2308230003,김광석 길 공영주차장
f_f010802,1,3,2308230004,대구 백화점 대백플라자점
f_f010802,1,4,2308230005,대백플라자 갤러리
f_f010802,1,5,2308230006,김광석 다시 그리기 길
f_f010802,1,6,2308230007,김광석 거리 관광안내소
f_f010802,1,7,2308230008,김광석 길 콘서트홀
f_f010802,1,8,2308230009,김광석 다시 그리기 길
f_f010802,1,9,2308230010,스파크 랜드
f_f010802,1,10,2308230002,집
f_f010805,1,1,2308230001,집
f_f010805,1,2,2308230003,국립경주박물관
f_f010805,1,3,2308230004,연꽃 식당
f_f010805,1,4,2308230005,첨성대
f_f010805,1,5,2308230006,블루 보트 호스텔 경주
f_f010805,1,6,2308230007,홈플러스 경주점
f_f010805,1,7,2308230008,월정교
f_f010805,1,8,2308230002,블루 보트 호스텔 경주
f_f010805,2,1,2308240001,경주월드
f_f010805,2,2,2308240004,대선각
f_f010805,2,3,2308240002,모다 아웃렛 경주 포항점
f_f010805,2,4,2308240003,홈플러스 포항점
f_f010805,2,5,2308240005,집
f_f010814,1,1,2308270001,친구 친지 집
f_f010814,1,2,2308270002,사릉역 경춘선
f_f010814,1,3,2308270003,가평역 경춘선
f_f010814,1,4,2308270004,GS25 가평역점
f_f010814,1,5,2308270005,나루 수상 레저
f_f010814,1,6,2308270006,나루 살롱
f_f010814,1,7,2308270007,강가에 닭갈비
f_f010814,1,8,2308270008,초원 닭갈비 막국수
f_f010814,1,9,2308270012,GS25 가평역점
f_f010814,1,10,2308270009,가평역 경춘선
f_f010814,1,11,2308270010,용산역 1호선
f_f010814,1,12,2308270011,집
f_f010820,1,1,2308260001,집
f_f010820,1,2,2308260002,목촌돼지국밥 신문점
f_f010820,1,3,2308260004,롯데 워터파크
f_f010820,1,4,2308260003,집
f_f010822,1,1,2308250001,집
f_f010822,1,2,2308250002,세계유산 경주역사유적지구
f_f010822,1,3,2308250004,첨성대
f_f010822,1,4,2308250005,대릉원
f_f010822,1,5,2308250006,경주 and 찰보리빵
f_f010822,1,6,2308250007,경주 십원빵
f_f010822,1,7,2308250003,용천수유황사우나
f_f010822,2,1,2308260001,호미곷생아구물회
f_f010822,2,2,2308260002,포항 운하
f_f010822,2,3,2308260004,죽도 시장
f_f010822,2,4,2308260005,큰 동해시장
f_f010822,2,5,2308260003,집
f_f010862,1,1,2308250001,사무실
f_f010862,1,2,2308250002,최 뼈다귀 해장국 사상점
f_f010862,1,3,2308250003,서 부산 휴게소
f_f010862,1,4,2308250004,가야산 소리길
f_f010862,1,5,2308250005,달의 정원
f_f010862,1,6,2308250006,향토 산채 본가 식당
f_f010862,1,7,2308250007,달의 정원
f_f010862,2,1,2308260001,달의 정원
f_f010862,2,2,2308260002,해인사
f_f010862,2,3,2308260003,적사부
f_f010862,2,4,2308260004,호암 이병철 생가
f_f010862,2,5,2308260005,경상남도교육청 김해 지혜의 바다 도서관
f_f010867,1,1,2308220001,친구 친지 집
f_f010867,1,2,2308220002,언양 닭칼국수 장생포점
f_f010867,1,3,2308220003,장생포 고래 박물관
f_f010867,1,4,2308220005,대왕암공원
f_f010867,1,5,2308220004,장생포 고래문화마을
f_f010867,1,6,2308220006,주전몽돌해변
f_f010867,1,7,2308220007,울산 언양불고기
f_f010867,1,8,2308220008,태화강 국가정원 십리대숲 산책로
f_f010867,1,9,2308220009,호텔 얌 울산 삼산점
f_f010867,2,1,2308230001,태화강 동굴 피아
f_f010867,2,2,2308230002,어느 멋진 날 울산점
f_f010867,2,3,2308230003,공차 울산 간절곶점
f_f010867,2,4,2308230004,러키 무지개 타운 아파트
f_f010869,1,1,2309020001,집
f_f010869,1,2,2309020002,포항역
f_f010869,1,3,2309020003,영일대해수욕장
f_f010869,1,4,2309020004,라메르 웨딩컨벤션
f_f010869,1,5,2309020005,환호공원 스페이스 워크
f_f010869,1,6,2309020006,청정회 물회
f_f010869,1,7,2309020007,헤이안
f_f010869,1,8,2309020008,죽도 시장
f_f010869,1,9,2309020009,포항역
f_f010869,1,10,2309020010,집
f_f010870,1,1,2308230001,집
f_f010870,1,2,2308230003,부산역
f_f010870,1,3,2308230004,해운대 초량 밀면
f_f010870,1,4,2308230005,벌집 아이스크림
f_f010870,1,5,2308230006,해운대 블루라인파크 미포 정거장
f_f010870,1,6,2308230007,해운대 블루라인파크 청사포 정거장
f_f010870,1,7,2308230008,해운대 블루라인파크 송정 정거장
f_f010870,1,8,2308230009,어밤부
f_f010870,1,9,2308230014,송정해수욕장
f_f010870,1,10,2308230010,올드 머그
f_f010870,1,11,2308230011,해운대 블루라인파크 송정 정거장
f_f010870,1,12,2308230013,해운대 블루라인파크 미포 정거장
f_f010870,1,13,2308230012,어부
f_f010870,1,14,2308230002,베스트웨스턴 해운대 호텔
f_f010870,2,1,2308240002,임용 백돼지국밥 해운대점
f_f010870,2,2,2308240003,라이언 홀리데이 인 부산
f_f010870,2,3,2308240010,해운대해수욕장
f_f010870,2,4,2308240004,미스공구슬떡볶이 해운대본점
f_f010870,2,5,2308240005,다이소 부산 해운대점
f_f010870,2,6,2308240006,고래가 어묵 해운대점
f_f010870,2,7,2308240007,이태리 상점
f_f010870,2,8,2308240008,부산역
f_f010870,2,9,2308240009,구미역
f_f010870,2,10,2308240001,집
f_f010886,1,1,2308280001,집
f_f010886,1,2,2308280002,부산종합버스터미널
f_f010886,1,3,2308280003,동대구 터미널
f_f010886,1,4,2308280004,공주다
f_f010886,1,5,2308280005,나 그 놀
f_f010886,1,6,2308280006,중앙 떡볶이
f_f010886,1,7,2308280007,마마 다이닝 본점
f_f010886,1,8,2308280008,스파크 랜드
f_f010886,1,9,2308280009,덕일 생고기
f_f010886,1,10,2308280010,대구 아쿠아리움
f_f010886,1,11,2308280011,따끈따끈 드로잉
f_f010886,1,12,2308280012,동대구 터미널
f_f010886,1,13,2308280013,집
f_f010898,1,1,2308260001,집
f_f010898,1,2,2308260002,테디 헤이데이
f_f010898,1,3,2308260003,어더 아사
f_f010898,1,4,2308260004,원진네 김밥
f_f010898,1,5,2308260005,농협 하나로마트
f_f010898,1,6,2308260006,안동 하회마을
f_f010898,1,7,2308260007,월영교
f_f010898,1,8,2308260008,집
f_f010909,1,1,2308230001,집
f_f010909,1,2,2308230002,손 자장을 아시나요
f_f010909,1,3,2308230003,카페 다락
f_f010909,1,4,2308230004,경천서 공원
f_f010909,1,5,2308230005,왕산역사 공원
f_f010909,1,6,2308230006,집
f_f010912,1,1,2308240001,집
f_f010912,1,2,2308240003,서울고속버스터미널(경부)
f_f010912,1,3,2308240004,강릉 동화 가든 본점
f_f010912,1,4,2308240005,초당 11
f_f010912,1,5,2308240006,강문해변
f_f010912,1,6,2308240007,강릉커피 빵 본점
f_f010912,1,7,2308240008,엔드투앤드
f_f010912,1,8,2308240009,강릉 현대 장 칼국수 본점
f_f010912,1,9,2308240010,강릉 시외버스터미널
f_f010912,1,10,2308240002,집
f_f010929,1,1,2308280001,집
f_f010929,1,2,2308280002,강릉역
f_f010929,1,3,2308280003,강릉 동화 가든 본점
f_f010929,1,4,2308280004,그리우니
f_f010929,1,5,2308280005,강원옥
f_f010929,1,6,2308280006,유리알 유희
f_f010929,1,7,2308280007,강문해변
f_f010929,1,8,2308280008,안목 해변
f_f010929,1,9,2308280009,강릉에 컷
f_f010929,1,10,2308280010,순두부 젤라또 2호점
f_f010929,1,11,2308280011,라라의 안목
f_f010929,1,12,2308280012,안목 역 선물 상점
f_f010929,1,13,2308280013,강릉 홍게 무한리필
f_f010929,1,14,2308280014,강릉역
f_f010929,1,15,2308280015,집
f_f010933,1,1,2308260001,집
f_f010933,1,2,2308260003,유명 식당
f_f010933,1,3,2308260004,용평 공룡 해양 랜드
f_f010933,1,4,2308260005,바람마을 양떼목장
f_f010933,1,5,2308260002,피닉스 평창
f_f010933,2,1,2308270001,마추픽추
f_f010933,2,2,2308270002,집
f_f010938,1,1,2308260001,집
f_f010938,1,2,2308260002,칼라디움 웨딩홀
f_f010938,1,3,2308260003,해빙 모멘트
f_f010938,1,4,2308260006,흰 여울 문화마을
f_f010938,1,5,2308260007,하이디라오 부산역점
f_f010938,1,6,2308260005,집
f_f010939,1,1,2308220001,집
f_f010939,1,2,2308220002,동서울 종합터미널
f_f010939,1,3,2308220003,양양종합여객터미널
f_f010939,1,4,2308220004,낙산사
f_f010939,1,5,2308220005,다래헌
f_f010939,1,6,2308220006,낙산 해변
f_f010939,1,7,2308220007,낙산 쌀밥집
f_f010939,1,8,2308220008,낙산 해변
f_f010939,1,9,2308220009,양양전통시장
f_f010939,1,10,2308220010,컴포즈커피 강원 양양점
f_f010939,1,11,2308220011,에스비에스 코인 노래연습장
f_f010939,1,12,2308220013,양양종합여객터미널
f_f010939,1,13,2308220014,동서울 종합터미널
f_f010939,1,14,2308220012,집
f_f010945,1,1,2308290001,집
f_f010945,1,2,2308290003,세컨드 디포리스트 황리단길점
f_f010945,1,3,2308290004,황련단길
f_f010945,1,4,2308290005,경주농협 하나로마트 본점
f_f010945,1,5,2308290002,용장 글램핑
f_f010945,2,1,2308300001,메카다
f_f010945,2,2,2308300002,스컹크 웍스
f_f010945,2,3,2308300003,집
f_f010955,1,1,2308240001,집
f_f010955,1,2,2308240003,강릉 동화 가든 본점
f_f010955,1,3,2308240004,강문해변
f_f010955,1,4,2308240005,카페 툇마루
f_f010955,1,5,2308240002,라 온 펜션
f_f010955,2,1,2308250002,허균 허난설헌 기념공원
f_f010955,2,2,2308250003,스타벅스 강릉강문해변점
f_f010955,2,3,2308250004,초당 버거
f_f010955,2,4,2308250005,아르떼 뮤지엄 강릉
f_f010955,2,5,2308250006,강릉 고속버스터미널
f_f010955,2,6,2308250007,평지 해장국
f_f010955,2,7,2308250001,집
f_f010961,1,1,2308240001,집
f_f010961,1,2,2308240002,롯데 워터파크
f_f010961,1,3,2308240003,봉리단길
f_f010961,1,4,2308240004,호우 오우 샤브
f_f010961,1,5,2308240005,밤이 공기
f_f010961,1,6,2308240006,집
f_f010964,1,1,2308240001,집
f_f010964,1,2,2308240002,미로 예술 원주 중앙시장
f_f010964,1,3,2308240003,신혼부부
f_f010964,1,4,2308240004,배스킨라빈스 원주 중앙점
f_f010964,1,5,2308240005,하이원 그랜드호텔
f_f010964,2,1,2308250001,대박집
f_f010964,2,2,2308250002,하이원리조트
f_f010964,2,3,2308250003,하이원 워터월드
f_f010964,2,4,2308250004,롯데마트 원주점
f_f010964,2,5,2308250006,배스킨라빈스 원주 중앙점
f_f010964,2,6,2308250007,롯데마트 원주점
f_f010964,2,7,2308250005,집
f_f010981,1,1,2308310011,집
f_f010981,1,2,2308310002,대릉원 공영주차장
f_f010981,1,3,2308310003,황화정
f_f010981,1,4,2308310004,대릉원
f_f010981,1,5,2308310005,노워즈 경주점
f_f010981,1,6,2308310006,황남쫀드기 대릉원점
f_f010981,1,7,2308310007,대릉원 공영주차장
f_f010981,1,8,2308310008,가야 미니 호텔
f_f010981,1,9,2308310009,황남 비빔밥
f_f010981,1,10,2308310010,동궁과 월지
f_f010981,1,11,2308310012,붉은 호랑이
f_f010981,1,12,2308310001,가야 미니 호텔
f_f010981,2,1,2309010001,대 호당
f_f010981,2,2,2309010002,카페 도우
f_f010981,2,3,2309010003,EnS 학원
f_f010988,1,1,2308240001,집
f_f010988,1,2,2308240003,영덕대게 타운 거리
f_f010988,1,3,2308240004,대게 세일
f_f010988,1,4,2308240006,벌열 메타세쿼이아 숲
f_f010988,1,5,2308240005,영남 수산 초 장 집
f_f010988,1,6,2308240007,고래불해수욕장
f_f010988,1,7,2308240008,후계자 식육점
f_f010988,1,8,2308240009,그리가다
f_f010988,1,9,2308240002,오라 또 바다마을
f_f010988,2,1,2308250001,집
f_f010989,1,1,2309030001,집
f_f010989,1,2,2309030003,가평휴게소 춘천 방향
f_f010989,1,3,2309030004,분덕스
f_f010989,1,4,2309030005,강촌레일파크 김유정 레일바이크
f_f010989,1,5,2309030006,명동 우미 닭갈비
f_f010989,1,6,2309030007,나무 향기 한증막
f_f010989,1,7,2309030002,집
f_f010995,1,1,2308250001,집
f_f010995,1,2,2308250003,행복한 식탁
f_f010995,1,3,2308250004,지지 관서가 울산시립 미술 관점
f_f010995,1,4,2308250005,울산시립미술관
f_f010995,1,5,2308250006,태화강 국가 정원
f_f010995,1,6,2308250002,집
f_f011000,1,1,2308260001,집
f_f011000,1,2,2308260002,동서울 종합터미널
f_f011000,1,3,2308260003,속초 쉼 게스트하우스
f_f011000,1,4,2308260006,비 오네 칼국수
f_f011000,1,5,2308260005,GOFREE 속초점
f_f011000,1,6,2308260007,속초해수욕장
f_f011000,1,7,2308260008,속초관광수산시장
f_f011000,1,8,2308260009,도토리 캐리커처 속초점
f_f011000,1,9,2308260004,속초 쉼 게스트하우스
f_f011000,2,1,2308270002,은희네 순댓국
f_f011000,2,2,2308270003,청초 호수공원
f_f011000,2,3,2308270004,아바이마을
f_f011000,2,4,2308270005,미경이네
f_f011000,2,5,2308270006,완벽한 날들
f_f011000,2,6,2308270001,집
f_f011010,1,1,2308260001,집
f_f011010,1,2,2308260002,부산역
f_f011010,1,3,2308260003,롯데리아 부산역점
f_f011010,1,4,2308260005,밀란 더 마켓
f_f011010,1,5,2308260004,이재모 피자
f_f011010,1,6,2308260006,광안리해수욕장
f_f011010,1,7,2308260007,상국이네
f_f011010,1,8,2308260009,호텔 준
f_f011010,2,1,2308270001,해운대해수욕장
f_f011010,2,2,2308270002,수변 최고 돼지국밥 미포점
f_f011010,2,3,2308270003,카페 이경아
f_f011010,2,4,2308270005,행리단길
f_f011010,2,5,2308270006,금송덕미 행리단길점
f_f011010,2,6,2308270007,부산역
f_f011010,2,7,2308270009,대전역
f_f011010,2,8,2308270008,집
f_f011016,1,1,2308230001,집
f_f011016,1,2,2308230002,에이치 애비뉴 호텔 서면역점
f_f011016,1,3,2308230003,요트야 놀자
f_f011016,1,4,2308230004,미 소집 조개 마당
f_f011016,1,5,2308230005,빈티지 뮤지엄 그로서리
f_f011016,1,6,2308230006,에이치 애비뉴 호텔 서면역점
f_f011016,2,1,2308240001,개미집 서면점
f_f011016,2,2,2308240002,KTG 상상마당 부산
f_f011016,2,3,2308240003,녹아웃
f_f011016,2,4,2308240004,더파티 시청점
f_f011016,2,5,2308240005,노포역 부산 1호선
f_f011016,2,6,2308240006,집
f_f011017,1,1,2308260001,집
f_f011017,1,2,2308260003,건천휴게소 서울 방향
f_f011017,1,3,2308260004,군위휴게소
f_f011017,1,4,2308260005,안동문화의 거리
f_f011017,1,5,2308260006,밀레니엄 안동찜닭
f_f011017,1,6,2308260007,안동문화의 거리
f_f011017,1,7,2308260008,하회 마을 나룻배
f_f011017,1,8,2308260009,영산 휴게소 창원방향
f_f011017,1,9,2308260002,집
f_f011055,1,1,2308230001,집
f_f011055,1,2,2308230003,시나 셀프 사진관
f_f011055,1,3,2308230002,도미
f_f011055,1,4,2308230004,대릉원
f_f011055,1,5,2308230005,카페 미실
f_f011055,1,6,2308230007,셀틱스 황리단길점
f_f011055,1,7,2308230006,집
f_f011065,1,1,2308230001,친구 친지 집
f_f011065,1,2,2308230003,까오 동성로점
f_f011065,1,3,2308230004,동아백화점 쇼핑점
f_f011065,1,4,2308230005,맴맴
f_f011065,1,5,2308230002,집
f_f011139,1,1,2309090001,집
f_f011139,1,2,2309090002,김가네 강변점
f_f011139,1,3,2309090004,강변 고속버스터미널 주차장
f_f011139,1,4,2309090003,강릉 시외버스터미널
f_f011139,1,5,2309090005,감자바위
f_f011139,1,6,2309090006,사천진 해변
f_f011139,1,7,2309090007,삼다도 횟집
f_f011139,1,8,2309090008,순두부 젤라또 1호점
f_f011139,1,9,2309090009,집
f_f011146,1,1,2308230001,사무실
f_f011146,1,2,2308230002,첨성대
f_f011146,1,3,2308230003,월성 과자점
f_f011146,1,4,2308230004,국립경주박물관
f_f011146,1,5,2308230005,황남 옥수수 황리단길점
f_f011146,1,6,2308230006,청온채
f_f011146,1,7,2308230007,대릉원
f_f011146,1,8,2308230008,동궁과 월지
f_f011146,1,9,2308230009,하양 금락 우방타운 아파트
f_f011174,1,1,2308230001,집
f_f011174,1,2,2308230003,꼬끼오 닭갈비
f_f011174,1,3,2308230004,소노펠리체 델피노 더엠브로시아
f_f011174,1,4,2308230005,송전해수욕장
f_f011174,1,5,2308230006,송전 비치
f_f011174,1,6,2308230007,양양 전집
f_f011174,1,7,2308230002,집
f_f011230,1,1,2308290001,집
f_f011230,1,2,2308290003,부산 서부버스터미널
f_f011230,1,3,2308290004,온 천집
f_f011230,1,4,2308290012,황련단길
f_f011230,1,5,2308290006,1894사랑채
f_f011230,1,6,2308290007,대릉원
f_f011230,1,7,2308290008,기와 메밀막국수
f_f011230,1,8,2308290009,분황사
f_f011230,1,9,2308290010,동궁과 월지
f_f011230,1,10,2308290011,경주 시외버스터미널
f_f011230,1,11,2308290002,집
f_f011231,1,1,2308260001,집
f_f011231,1,2,2308260002,김포국제공항 국내선
f_f011231,1,3,2308260003,김해국제공항 국내선 청사
f_f011231,1,4,2308260004,부산에 뜬 고등어
f_f011231,1,5,2308260005,홈플러스 서부산점
f_f011231,1,6,2308260006,부평 깡통시장
f_f011231,1,7,2308260007,보수동 책방 골목
f_f011231,1,8,2308260008,쏘리 낫 쏘리 베이크 숍
f_f011231,1,9,2308260009,브라운 도트 호텔 해운대점
f_f011231,1,10,2308260010,해운대해수욕장
f_f011231,1,11,2308260011,해운대 블루라인파크 미포 정거장
f_f011231,1,12,2308260012,청사포항
f_f011231,1,13,2308260015,해운대해수욕장
f_f011231,1,14,2308260013,해운대 플리마켓
f_f011231,1,15,2308260014,행복식당 2호점
f_f011231,1,16,2308260016,브라운 도트 호텔 해운대점
f_f011231,2,1,2308270001,해운대 초량 밀면
f_f011231,2,2,2308270002,까사 부사로
f_f011231,2,3,2308270003,해운대해수욕장
f_f011231,2,4,2308270004,해동용궁사
f_f011231,2,5,2308270005,이케아 동부산점
f_f011231,2,6,2308270006,부산역
f_f011231,2,7,2308270007,집
f_f011240,1,1,2308260001,집
f_f011240,1,2,2308260002,마라도 회 식당
f_f011240,1,3,2308260003,오브레멘
f_f011240,1,4,2308260004,환호공원 스페이스 워크
f_f011240,1,5,2308260005,개미 국시방
f_f011240,1,6,2308260006,집
f_f011248,1,1,2309090001,집
f_f011248,1,2,2309090002,서울역
f_f011248,1,3,2309090003,강릉역
f_f011248,1,4,2309090005,강릉시립미술관
f_f011248,1,5,2309090006,강릉 월화 거리
f_f011248,1,6,2309090004,테라로사 커피공장 강릉 본점
f_f011248,1,7,2309090007,차연희 젤라또 앤 커피
f_f011248,1,8,2309090008,차연희 순두부 청국장
f_f011248,1,9,2309090009,초당 철떡과 초당 커피
f_f011248,1,10,2309090010,강문해변
f_f011248,1,11,2309090011,카페 캐트시
f_f011248,1,12,2309090012,강릉 월화 거리
f_f011248,1,13,2309090014,강릉역
f_f011248,1,14,2309090015,서울역
f_f011248,1,15,2309090013,집
f_f011273,1,1,2308240001,집
f_f011273,1,2,2308240002,상봉역 경춘선
f_f011273,1,3,2308240003,강릉역
f_f011273,1,4,2308240004,강릉 중앙시장
f_f011273,1,5,2308240005,강릉 중화 짬뽕 빵
f_f011273,1,6,2308240006,1938슬로
f_f011273,1,7,2308240007,경포해수욕장
f_f011273,1,8,2308240009,초당순두부마을
f_f011273,1,9,2308240008,바이크 스토리
f_f011273,1,10,2308240010,경포수 호텔
f_f011273,1,11,2308240011,다이닝 조개
f_f011273,1,12,2308240012,새 천년 할인마트
f_f011273,1,13,2308240013,경포수 호텔
f_f011273,2,1,2308250001,경포 생태습지원
f_f011273,2,2,2308250002,짬뽕 1번지
f_f011273,2,3,2308250003,매월당김시습기념관
f_f011273,2,4,2308250004,강릉 선교장
f_f011273,2,5,2308250005,홈플러스 강릉점
f_f011273,2,6,2308250006,강릉 샌드 본점
f_f011273,2,7,2308250007,설빙 강릉 대학로점
f_f011273,2,8,2308250008,포토 그레이 강릉 대학로점
f_f011273,2,9,2308250009,집
f_f011280,1,1,2308230001,집
f_f011280,1,2,2308230002,두 낫디 스타브 반곡 지점
f_f011280,1,3,2308230003,반곡리
f_f011280,1,4,2308230004,청도 돼지국밥 경산점
f_f011280,1,5,2308230005,NC백화점 경산점
f_f011280,1,6,2308230006,라스칼라
f_f011280,1,7,2308230007,집
f_f011281,1,1,2309090001,집
f_f011281,1,2,2309090003,산청휴게소 대전방향
f_f011281,1,3,2309090002,감악산 풍력발전 단지
f_f011281,1,4,2309090004,명품 가마솥 갈비탕
f_f011281,1,5,2309090005,거창 창포원
f_f011281,1,6,2309090006,수승대관광지
f_f011281,1,7,2309090007,허브팜 민들레울
f_f011281,1,8,2309090008,집
f_f011316,1,1,2308250001,집
f_f011316,1,2,2308250003,캘리포니아비치
f_f011316,1,3,2308250004,동궁과 월지
f_f011316,1,4,2308250005,월정교
f_f011316,1,5,2308250002,한 셀렉트 경주
f_f011316,2,1,2308260001,경주 루지 월드
f_f011316,2,2,2308260002,소옥
f_f011316,2,3,2308260003,집
f_f011329,1,1,2308240001,집
f_f011329,1,2,2308240004,서울고속버스터미널(경부)
f_f011329,1,3,2308240003,모녀 가리비
f_f011329,1,4,2308240005,체스터 톤스 속초
f_f011329,1,5,2308240006,만석닭강정 시장 1호점
f_f011329,1,6,2308240002,체스터 톤스 속초
f_f011329,2,1,2308250005,청초수물회
f_f011329,2,2,2308250004,속초해수욕장
f_f011329,2,3,2308250006,속초 아이
f_f011329,2,4,2308250003,속초 고속버스터미널
f_f011329,2,5,2308250002,서울고속버스터미널(경부)
f_f011329,2,6,2308250001,집
f_f011335,1,1,2308270001,집
f_f011335,1,2,2308270002,홍천중앙시장
f_f011335,1,3,2308270003,홍천 미술관
f_f011335,1,4,2308270005,홍천종합버스터미널
f_f011335,1,5,2308270004,홍천강
f_f011335,1,6,2308270006,집
f_f011398,1,1,2309020001,집
f_f011398,1,2,2309020003,장생포 고래문화마을
f_f011398,1,3,2309020004,미소 지은
f_f011398,1,4,2309020002,집
f_f011405,1,1,2308260001,집
f_f011405,1,2,2308260002,민둥산
f_f011405,1,3,2308260003,민둥산 손칼국수
f_f011405,1,4,2308260004,카페 마루
f_f011405,1,5,2308260005,집
f_f011416,1,1,2309090001,집
f_f011416,1,2,2309090002,섬들
f_f011416,1,3,2309090003,대왕암공원
f_f011416,1,4,2309090005,대왕암공원 출렁다리
f_f011416,1,5,2309090006,카페 코지
f_f011416,1,6,2309090007,송림 생오리 참 숯불구이
f_f011416,1,7,2309090008,집
f_f011427,1,1,2308260001,집
f_f011427,1,2,2308260003,동명휴게소 춘천 방향
f_f011427,1,3,2308260004,권정생어린이 문화 재단
f_f011427,1,4,2308260006,김대감 안동찜닭
f_f011427,1,5,2308260007,(주) 매머드
f_f011427,1,6,2308260008,안동 하회마을 만송정 숲
f_f011427,1,7,2308260002,집
f_f011443,1,1,2308270001,집
f_f011443,1,2,2308270003,김유정역 (폐역)
f_f011443,1,3,2308270004,리버 레인 카페
f_f011443,1,4,2308270005,봄내길 4코스(의암호 노들길)
f_f011443,1,5,2308270006,소양강 스카이워크
f_f011443,1,6,2308270002,집
f_f011464,1,1,2308240001,집
f_f011464,1,2,2308240003,희자매
f_f011464,1,3,2308240004,포토 이즘 박스 광안리점
f_f011464,1,4,2308240005,광안리해수욕장
f_f011464,1,5,2308240006,치지 폼
f_f011464,1,6,2308240007,광안리해수욕장
f_f011464,1,7,2308240008,부산역
f_f011464,1,8,2308240002,자취방
f_f011469,1,1,2309090001,친구 친지 집
f_f011469,1,2,2309090003,울산대공원 동물원
f_f011469,1,3,2309090005,롯데 영 플라자 울산점
f_f011469,1,4,2309090006,롯데백화점 울산점
f_f011469,1,5,2309090004,오이시라멘 본점
f_f011469,1,6,2309090007,호텔현대 바이라 한 울산
f_f011469,1,7,2309090010,스타벅스 울산대학교병원점
f_f011469,1,8,2309090008,귀빈식당
f_f011469,1,9,2309090009,울산대교 전망대
f_f011469,1,10,2309090002,호텔현대 바이라 한 울산
f_f011469,2,1,2309100001,대왕암공원
f_f011469,2,2,2309100002,서면 아이파크 2단지 아파트
f_f011470,1,1,2308230001,집
f_f011470,1,2,2308230002,롯데리아 대구 칠곡 구암점
f_f011470,1,3,2308230003,내대계곡
f_f011470,1,4,2308230004,카페실
f_f011470,1,5,2308230005,집
f_f011472,1,1,2308260001,집
f_f011472,1,2,2308260002,땅땅 치킨 랜드
f_f011472,1,3,2308260003,대구 섬유 박물관
f_f011472,1,4,2308260004,이 안동 대구 아파트
f_f011472,1,5,2308260005,집
f_f011475,1,1,2308280001,집
f_f011475,1,2,2308280002,흥구석유 장기 주유소
f_f011475,1,3,2308280003,CU E 울주 휴게소 울산점
f_f011475,1,4,2308280004,간절곶
f_f011475,1,5,2308280005,울산대공원 동문
f_f011475,1,6,2308280006,대왕암공원 출렁다리
f_f011475,1,7,2308280007,대왕암
f_f011475,1,8,2308280008,울기 등대
f_f011475,1,9,2308280009,보리 꽃
f_f011475,1,10,2308280010,라메르 판지
f_f011475,1,11,2308280012,건천휴게소 서울 방향
f_f011475,1,12,2308280011,집
f_f011476,1,1,2308270001,친구 친지 집
f_f011476,1,2,2308270003,다이소 부산종합운동장점
f_f011476,1,3,2308270004,부산 아시아드 보조경기장
f_f011476,1,4,2308270002,선셋 비즈니스호텔
f_f011476,2,1,2308280001,해운대해수욕장
f_f011476,2,2,2308280002,서면 지하상가
f_f011476,2,3,2308280003,아는 언니 집
f_f011485,1,1,2308290001,집
f_f011485,1,2,2308290002,건천휴게소 부산방향
f_f011485,1,3,2308290003,대릉원
f_f011485,1,4,2308290004,황련단길
f_f011485,1,5,2308290005,월정교
f_f011485,1,6,2308290006,불국사
f_f011485,1,7,2308290007,건천휴게소 서울 방향
f_f011485,1,8,2308290008,집
f_f011487,1,1,2308260001,집
f_f011487,1,2,2308260003,관문시장
f_f011487,1,3,2308260004,중화 명감
f_f011487,1,4,2308260005,대구 이월드
f_f011487,1,5,2308260006,생활 맥주 대구 현풍 테크노점
f_f011487,1,6,2308260002,대구테크노폴리스 LH 천년나무 1단지 아파트
f_f011487,2,1,2308270002,이미 당 대구 달성점
f_f011487,2,2,2308270003,비슬산
f_f011487,2,3,2308270004,국립대구과학관
f_f011487,2,4,2308270001,집
f_f011492,1,1,2308250001,집
f_f011492,1,2,2308250002,유스퀘어 광주종합버스터미널
f_f011492,1,3,2308250003,지리산 휴게소
f_f011492,1,4,2308250004,경주고속버스터미널
f_f011492,1,5,2308250005,반듯이
f_f011492,1,6,2308250006,하마 필름
f_f011492,1,7,2308250007,플레이인 더 박스 경주 황리 비단길점
f_f011492,1,8,2308250008,카페는
f_f011492,1,9,2308250009,히피 몬드
f_f011492,1,10,2308250010,경주 깡통골목 할 미 유부 전골
f_f011492,1,11,2308250011,천마총
f_f011492,1,12,2308250012,대릉원
f_f011492,1,13,2308250013,하루 필름 황리단길점
f_f011492,1,14,2308250014,과일 한입
f_f011492,1,15,2308250015,메종 미니 호텔
f_f011492,1,16,2308250016,치즈 몽땅 황금십원빵
f_f011492,1,17,2308250017,황남쫀드기
f_f011492,1,18,2308250018,황남 옥수수 황리단길점
f_f011492,1,19,2308250019,첨성대
f_f011492,1,20,2308250020,동궁과 월지
f_f011492,1,21,2308250021,메종 미니 호텔
f_f011492,2,1,2308260001,월남 면옥
f_f011492,2,2,2308260002,타깃 헌터
f_f011492,2,3,2308260004,오고 스튜디오
f_f011492,2,4,2308260003,왕과 탕후루 경주 황남점
f_f011492,2,5,2308260005,포토 시그니처 경주 황리 비단길점
f_f011492,2,6,2308260006,황남동 298
f_f011492,2,7,2308260007,카페 계단
f_f011492,2,8,2308260008,배리 삼릉공원
f_f011492,2,9,2308260009,하루 필름 황리단길점
f_f011492,2,10,2308260010,단서가 찰보리빵 경주 본점
f_f011492,2,11,2308260011,스타벅스 경주터미널 DT 점
f_f011492,2,12,2308260012,경주고속버스터미널
f_f011492,2,13,2308260013,거창 휴게소 광주방향
f_f011492,2,14,2308260015,유스퀘어 광주종합버스터미널
f_f011492,2,15,2308260014,집
f_f011494,1,1,2308270001,친구 친지 집
f_f011494,1,2,2308270003,예지현
f_f011494,1,3,2308270004,볼타 커피
f_f011494,1,4,2308270005,뮤지엄 산
f_f011494,1,5,2308270006,오크밸리리조트 빌리지센터
f_f011494,1,6,2308270007,스톤 크릭
f_f011494,1,7,2308270002,정원 드림 스페이스
f_f011498,1,1,2309020001,친구 친지 집
f_f011498,1,2,2309020003,레고랜드 코리아리조트
f_f011498,1,3,2309020004,레고랜드 코리아리조트
f_f011498,1,4,2309020002,부모님 집
f_f011502,1,1,2308230001,집
f_f011502,1,2,2308230002,서울고속버스터미널(경부)
f_f011502,1,3,2308230003,홍천 휴게소 양양 방향
f_f011502,1,4,2308230004,속초 고속버스터미널
f_f011502,1,5,2308230005,속초해수욕장
f_f011502,1,6,2308230006,체스터 톤스 속초
f_f011502,1,7,2308230007,속초관광수산시장
f_f011502,1,8,2308230008,체스터 톤스 속초
f_f011502,2,1,2308240001,공가네 감자옹심이
f_f011502,2,2,2308240002,속초 고속버스터미널
f_f011502,2,3,2308240005,속초해수욕장
f_f011502,2,4,2308240003,카페 긷
f_f011502,2,5,2308240004,바우 지움 미술관
f_f011502,2,6,2308240006,속초 고속버스터미널
f_f011502,2,7,2308240007,서울고속버스터미널(경부)
f_f011502,2,8,2308240008,집
f_f011503,1,1,2308280001,집
f_f011503,1,2,2308280002,빽다방 순천 연향점
f_f011503,1,3,2308280003,섬진강휴게소 부산방향
f_f011503,1,4,2308280004,진영 복합휴게소 부산방향
f_f011503,1,5,2308280005,남포 커넥트 오션호텔
f_f011503,1,6,2308280006,아나 브린
f_f011503,1,7,2308280009,부평 깡통시장
f_f011503,1,8,2308280007,젠틀러커피
f_f011503,1,9,2308280010,남포 커넥트 오션호텔
f_f011503,2,1,2308290001,해운대 초량 밀면
f_f011503,2,2,2308290002,셉
f_f011503,2,3,2308290003,집
f_f011516,1,1,2308230001,집
f_f011516,1,2,2308230002,뼈대 있는 짬뽕 본점
f_f011516,1,3,2308230003,뮤지엄 산
f_f011516,1,4,2308230004,라마다호텔 스위트 평창
f_f011516,1,5,2308230005,평창한우마을 대관령점
f_f011516,1,6,2308230006,라마다호텔 스위트 평창
f_f011516,2,1,2308240001,라마다호텔 스위트 평창
f_f011516,2,2,2308240002,발왕산 관광 케이블카
f_f011516,2,3,2308240003,강릉 중앙시장
f_f011516,2,4,2308240004,원조 강릉고 동반점 본점
f_f011516,2,5,2308240005,안목 해변
f_f011516,2,6,2308240006,집
f_f011529,1,1,2308260001,집
f_f011529,1,2,2308260003,증산역 부산 2호선
f_f011529,1,3,2308260004,해운대역 부산 2호선
f_f011529,1,4,2308260005,해운대해수욕장
f_f011529,1,5,2308260006,클럽 디 오아시스
f_f011529,1,6,2308260007,해성 막창집 본점
f_f011529,1,7,2308260002,집
f_f011530,1,1,2308280001,집
f_f011530,1,2,2308280002,횡성휴게소 강릉방향
f_f011530,1,3,2308280003,강릉 고속버스터미널
f_f011530,1,4,2308280004,감자바위
f_f011530,1,5,2308280005,강릉 중앙시장
f_f011530,1,6,2308280006,경포 아쿠아리움
f_f011530,1,7,2308280007,허균 허난설헌 기념관
f_f011530,1,8,2308280008,포시즌 호텔 펜션
f_f011530,1,9,2308280009,블랙 피시
f_f011530,1,10,2308280011,사근 긴 해변
f_f011530,1,11,2308280010,포시즌 호텔 펜션
f_f011530,2,1,2308290001,사근 긴 해변
f_f011530,2,2,2308290002,강릉 시외버스터미널
f_f011530,2,3,2308290003,속초 시외버스터미널
f_f011530,2,4,2308290004,아바이마을
f_f011530,2,5,2308290005,호텔 청초
f_f011530,2,6,2308290006,외옹치해변
f_f011530,2,7,2308290007,속초해수욕장
f_f011530,2,8,2308290008,만석닭강정 엑스포 본점
f_f011530,2,9,2308290009,속초 고속버스터미널
f_f011530,2,10,2308290011,서울고속버스터미널(경부)
f_f011530,2,11,2308290010,집
f_f011531,1,1,2308240001,친구 친지 집
f_f011531,1,2,2308240003,오송역
f_f011531,1,3,2308240004,부산역
f_f011531,1,4,2308240005,해녀 수산물 판매장
f_f011531,1,5,2308240006,브레드 밋 가리
f_f011531,1,6,2308240007,보나 트리 호텔
f_f011531,1,7,2308240008,광안리해수욕장
f_f011531,1,8,2308240009,보나 트리 호텔
f_f011531,1,9,2308240010,광안리끄티집 직영점
f_f011531,1,10,2308240011,포구 객잔
f_f011531,1,11,2308240002,보나 트리 호텔
f_f011531,2,1,2308250001,바로 해장
f_f011531,2,2,2308250002,밀탑 광안점
f_f011531,2,3,2308250003,KTG 상상마당 부산
f_f011531,2,4,2308250004,카이만
f_f011531,2,5,2308250005,아 맛나 분식
f_f011531,2,6,2308250006,부산역
f_f011531,2,7,2308250008,오송역
f_f011531,2,8,2308250007,주공 3단지 아파트
f_f011544,1,1,2308260001,집
f_f011544,1,2,2308260002,함안휴게소 순천방향
f_f011544,1,3,2308260003,산청군 농협 하나로마트 신안점
f_f011544,1,4,2308260004,송기원 진주냉면 산청 원지점
f_f011544,1,5,2308260006,지리산 황토 휴 펜션
f_f011544,1,6,2308260005,경호강 래프팅의 신화 사람과 바다
f_f011544,1,7,2308260007,지리산 황토 휴 펜션
f_f011544,2,1,2308270001,산청요
f_f011544,2,2,2308270002,집
f_f011554,1,1,2308240001,집
f_f011554,1,2,2308240002,서문시장
f_f011554,1,3,2308240003,더 현대 대구
f_f011554,1,4,2308240004,안지 곱창
f_f011554,1,5,2308240005,아눅앞산
f_f011554,1,6,2308240006,집
f_f011559,1,1,2308230001,집
f_f011559,1,2,2308230002,동서울 종합터미널
f_f011559,1,3,2308230003,강릉 고속버스터미널
f_f011559,1,4,2308230005,강릉 중앙시장
f_f011559,1,5,2308230004,벌집
f_f011559,1,6,2308230006,CGV 강릉
f_f011559,1,7,2308230007,강문해변
f_f011559,1,8,2308230008,스타벅스 강릉강문해변점
f_f011559,1,9,2308230009,유리알 유희
f_f011559,1,10,2308230010,농촌 순두부
f_f011559,1,11,2308230011,순두부 젤라또 2호점
f_f011559,1,12,2308230012,안목 해변
f_f011559,1,13,2308230013,강릉역
f_f011559,1,14,2308230014,집
f_f011565,1,1,2308230001,집
f_f011565,1,2,2308230003,서울역
f_f011565,1,3,2308230004,부산역
f_f011565,1,4,2308230005,본전 돼지국밥
f_f011565,1,5,2308230006,스타벅스 부산역점
f_f011565,1,6,2308230007,흰 여울 문화마을
f_f011565,1,7,2308230008,부산역
f_f011565,1,8,2308230009,본가 밀면 전문점
f_f011565,1,9,2308230010,솔라리아니시테츠호텔 부산점
f_f011565,1,10,2308230011,교보 핫트랙스 부산점
f_f011565,1,11,2308230012,광안리해수욕장
f_f011565,1,12,2308230013,퇴근길 자연산 횟집
f_f011565,1,13,2308230002,솔라리아니시테츠호텔 부산점
f_f011565,2,1,2308240002,수프 올 샐러드
f_f011565,2,2,2308240003,전리단길
f_f011565,2,3,2308240004,유동 커피
f_f011565,2,4,2308240005,솔라리아니시테츠호텔 부산점
f_f011565,2,5,2308240006,부산역
f_f011565,2,6,2308240001,집
f_f011568,1,1,2308270001,집
f_f011568,1,2,2308270002,함안휴게소 순천방향
f_f011568,1,3,2308270003,삼천포 용궁 수산시장
f_f011568,1,4,2308270004,섬의 정원
f_f011568,1,5,2308270005,카미노 펜션
f_f011568,2,1,2308280001,일식면예찬
f_f011568,2,2,2308280003,행복 베이커리
f_f011568,2,3,2308280002,보통날
f_f011568,2,4,2308280004,옻채 아트
f_f011568,2,5,2308280005,갈화 새우 체험장
f_f011568,2,6,2308280006,집
f_f011576,1,1,2308260001,집
f_f011576,1,2,2308260002,의령 구름다리
f_f011576,1,3,2308260003,화정 소바
f_f011576,1,4,2308260004,의병 박물관
f_f011576,1,5,2308260005,집
f_f011577,1,1,2308280001,집
f_f011577,1,2,2308280002,속초 항아리 물회
f_f011577,1,3,2308280003,속초해수욕장
f_f011577,1,4,2308280004,속초관광수산시장
f_f011577,1,5,2308280005,집
f_f011579,1,1,2308260001,집
f_f011579,1,2,2308260002,종가 돼지국밥
f_f011579,1,3,2308260003,간절곶
f_f011579,1,4,2308260004,해월당
f_f011579,1,5,2308260005,집
f_f011582,1,1,2308270001,집
f_f011582,1,2,2308270002,석쇠불고기
f_f011582,1,3,2308270003,대가야박물관
f_f011582,1,4,2308270004,대가야박물관 왕릉전시관
f_f011582,1,5,2308270005,비올댓
f_f011582,1,6,2308270006,중화 저수지
f_f011582,1,7,2308270007,소문난 할미국밥
f_f011582,1,8,2308270008,집
f_f011583,1,1,2308220001,집
f_f011583,1,2,2308220002,경북도서관
f_f011583,1,3,2308220003,카몬 안동점
f_f011583,1,4,2308220004,경북도서관
f_f011583,1,5,2308220005,용궁역
f_f011583,1,6,2308220006,뿅뿅 다리
f_f011583,1,7,2308220007,집
f_f011588,1,1,2308260001,집
f_f011588,1,2,2308260003,한울 에너지팜
f_f011588,1,3,2308260004,흥부 시장
f_f011588,1,4,2308260005,국립 해양과학관
f_f011588,1,5,2308260006,울진 왕피천공원
f_f011588,1,6,2308260007,신시장
f_f011588,1,7,2308260002,집
f_f011589,1,1,2308260001,집
f_f011589,1,2,2308260002,맥도날드 울산 옥동 DT 점
f_f011589,1,3,2308260003,텐 퍼센트 커피 울산 문수 노점
f_f011589,1,4,2308260004,CGV 정관
f_f011589,1,5,2308260005,신세계백화점 센텀시티점
f_f011589,1,6,2308260006,집
f_f011598,1,1,2308260001,집
f_f011598,1,2,2308260002,법기 수원지
f_f011598,1,3,2308260003,키친 인디아
f_f011598,1,4,2308260004,양산타워
f_f011598,1,5,2308260005,트레이더스 홀세일 클럽 양산점
f_f011598,1,6,2308260006,집
f_f011599,1,1,2308260001,집
f_f011599,1,2,2308260002,우성 닭갈비 본점
f_f011599,1,3,2308260003,애니메이션박물관
f_f011599,1,4,2308260004,삼봉 푸줏간
f_f011599,1,5,2308260005,집
f_f011601,1,1,2308260001,집
f_f011601,1,2,2308260002,부산역
f_f011601,1,3,2308260003,영커피 초량점
f_f011601,1,4,2308260004,신발원 신관
f_f011601,1,5,2308260005,해동용궁사
f_f011601,1,6,2308260006,해운대 블루라인파크 송정 정거장
f_f011601,1,7,2308260007,수변 최고 돼지국밥 민락 본점
f_f011601,1,8,2308260008,콩 카페 광안리점
f_f011601,1,9,2308260009,라마다 앙코르 부산역 호텔
f_f011601,2,1,2308270001,다 캐다야
f_f011601,2,2,2308270002,광안리해수욕장
f_f011601,2,3,2308270003,민락 더 마켓
f_f011601,2,4,2308270004,요트다
f_f011601,2,5,2308270005,영화의 전당
f_f011601,2,6,2308270006,신세계 센텀시티몰
f_f011601,2,7,2308270007,집
f_f011601,2,8,2308270008,집
f_f011615,1,1,2308260001,사무실
f_f011615,1,2,2308260003,물 철철 평상
f_f011615,1,3,2308260004,서생농협 진하 지점
f_f011615,1,4,2308260005,애플망고 펜션 카라반
f_f011615,2,1,2308270001,뜨락 전통 손칼국수
f_f011615,2,2,2308270004,간절곶 해방 간절곶점
f_f011615,2,3,2308270002,간절곶
f_f011615,2,4,2308270003,나사해수욕장
f_f011615,2,5,2308270005,부산 신호 사랑으로 부영 2차 아파트
f_f011630,1,1,2309090001,집
f_f011630,1,2,2309090003,대전역
f_f011630,1,3,2309090004,신경주역
f_f011630,1,4,2309090006,여미온
f_f011630,1,5,2309090008,심상
f_f011630,1,6,2309090005,대릉원
f_f011630,1,7,2309090007,오 홀리데이
f_f011630,1,8,2309090009,세븐일레븐 경주 황남 스타점
f_f011630,1,9,2309090010,어서어서
f_f011630,1,10,2309090011,97퍼센트 스튜디오
f_f011630,1,11,2309090012,월정교
f_f011630,1,12,2309090013,녹아
f_f011630,1,13,2309090014,첨성대
f_f011630,1,14,2309090015,반월성
f_f011630,1,15,2309090016,동궁과 월지
f_f011630,1,16,2309090017,릭 버거
f_f011630,1,17,2309090018,신경주역
f_f011630,1,18,2309090019,대전역
f_f011630,1,19,2309090002,집
f_f011631,1,1,2308270001,집
f_f011631,1,2,2308270003,통나무집 닭갈비
f_f011631,1,3,2308270004,레고랜드 코리아리조트
f_f011631,1,4,2308270002,집
f_f011643,1,1,2308260001,집
f_f011643,1,2,2308260002,등대해수욕장
f_f011643,1,3,2308260008,어반 스테이 속초 등대점
f_f011643,1,4,2308260004,카페 우디
f_f011643,1,5,2308260005,조개 상회 본점
f_f011643,1,6,2308260006,영금정
f_f011643,1,7,2308260007,어반 스테이 속초 등대점
f_f011643,2,1,2308270001,라헬의 부엌 속초점
f_f011643,2,2,2308270002,속초관광수산시장
f_f011643,2,3,2308270003,집
f_f011645,1,1,2309010001,집
f_f011645,1,2,2309010002,내린천 휴게소 양양 방향
f_f011645,1,3,2309010003,나상명이 초당 순두부
f_f011645,1,4,2309010004,오죽헌
f_f011645,1,5,2309010005,안목 해변
f_f011645,1,6,2309010006,강릉 중앙시장
f_f011645,1,7,2309010008,강릉 시티 호텔
f_f011645,2,1,2309020001,경포해수욕장
f_f011645,2,2,2309020002,가평휴게소 서울 방향
f_f011645,2,3,2309020003,집
f_f011668,1,1,2308280001,집
f_f011668,1,2,2308280003,바자라
f_f011668,1,3,2308280004,장군 차산 들 농원 농업회 사법인
f_f011668,1,4,2308280005,니드 잇 프로젝트
f_f011668,1,5,2308280006,카츠 토다이
f_f011668,1,6,2308280007,금강 유료주차장
f_f011668,1,7,2308280008,김덕규 과자점 본점
f_f011668,1,8,2308280009,수릉원
f_f011668,1,9,2308280010,수로왕릉
f_f011668,1,10,2308280011,해이다 커피
f_f011668,1,11,2308280002,집
f_f011671,1,1,2309070001,집
f_f011671,1,2,2309070003,신발원 신관
f_f011671,1,3,2309070004,소소한 흰 여울
f_f011671,1,4,2309070005,담아 가다
f_f011671,1,5,2309070006,손목 서각
f_f011671,1,6,2309070007,흰 여울 문화마을
f_f011671,1,7,2309070008,벡스코 제2전시장
f_f011671,1,8,2309070009,부엌 가락국숫집
f_f011671,1,9,2309070002,집
f_f011680,1,1,2308280001,집
f_f011680,1,2,2308280002,황련단길
f_f011680,1,3,2308280003,소향몽
f_f011680,1,4,2308280004,대릉원
f_f011680,1,5,2308280005,경주 봉황대
f_f011680,1,6,2308280006,스타벅스 경주터미널 DT 점
f_f011680,1,7,2308280007,이상복 경주빵 경주터미널점
f_f011680,1,8,2308280008,경주 시외버스터미널
f_f011680,1,9,2308280009,집
f_f011686,1,1,2308260001,집
f_f011686,1,2,2308260003,서울역
f_f011686,1,3,2308260004,강릉역
f_f011686,1,4,2308260005,광덕 식당 중앙시장점
f_f011686,1,5,2308260006,도깨비 젤라또
f_f011686,1,6,2308260007,엘빈
f_f011686,1,7,2308260008,스타벅스 강릉 안목 항적
f_f011686,1,8,2308260009,피앤비코
f_f011686,1,9,2308260010,강릉 중앙시장
f_f011686,1,10,2308260011,강릉역
f_f011686,1,11,2308260012,서울역
f_f011686,1,12,2308260002,집
f_f011708,1,1,2308260001,집
f_f011708,1,2,2308260012,속초 고속버스터미널
f_f011708,1,3,2308260003,비키 베이크 숍
f_f011708,1,4,2308260004,외옹치 바다 향기로
f_f011708,1,5,2308260005,카페 청호동
f_f011708,1,6,2308260006,영금정
f_f011708,1,7,2308260007,찐빵 땟거리
f_f011708,1,8,2308260008,민우당 서림
f_f011708,1,9,2308260009,감자바위
f_f011708,1,10,2308260010,속초관광수산시장
f_f011708,1,11,2308260011,속초 시외버스터미널
f_f011708,1,12,2308260002,집
f_f011733,1,1,2309090001,집
f_f011733,1,2,2309090007,부산종합버스터미널
f_f011733,1,3,2309090003,온 셈 경주점
f_f011733,1,4,2309090004,대릉원
f_f011733,1,5,2309090005,대릉원 황남대총
f_f011733,1,6,2309090006,천마총
f_f011733,1,7,2309090008,경주 노서동 거리 산책
f_f011733,1,8,2309090011,셀틱스 황리단길점
f_f011733,1,9,2309090009,황남 옥수수 황리단길점
f_f011733,1,10,2309090010,녹아
f_f011733,1,11,2309090012,숭혜전
f_f011733,1,12,2309090013,첨성대
f_f011733,1,13,2309090014,경주계림
f_f011733,1,14,2309090015,황남 갈비
f_f011733,1,15,2309090016,황련단길
f_f011733,1,16,2309090017,경주 시외버스터미널
f_f011733,1,17,2309090002,집
f_f011735,1,1,2308310001,집
f_f011735,1,2,2308310002,송대말 등대
f_f011735,1,3,2308310003,오류고아라 해변
f_f011735,1,4,2308310004,황련단길
f_f011735,1,5,2308310005,집
f_f011738,1,1,2309040001,집
f_f011738,1,2,2309040003,남매지
f_f011738,1,3,2309040004,오던
f_f011738,1,4,2309040002,집
f_f011739,1,1,2308260001,집
f_f011739,1,2,2308260002,이모네 생선찜
f_f011739,1,3,2308260003,세라비
f_f011739,1,4,2308260004,경포해수욕장
f_f011739,1,5,2308260007,강릉 중앙시장
f_f011739,1,6,2308260005,빨간 삼겹살
f_f011739,1,7,2308260006,경포해수욕장
f_f011739,1,8,2308260008,경포 YG 비즈니스호텔 펜션
f_f011739,2,1,2308270002,강릉 동화 가든 본점
f_f011739,2,2,2308270003,갤러리 밥스
f_f011739,2,3,2308270004,여주휴게소 주유소 인천방향
f_f011739,2,4,2308270001,집
f_f011748,1,1,2309080001,집
f_f011748,1,2,2309080003,수원 버스터미널
f_f011748,1,3,2309080004,강릉 시외버스터미널
f_f011748,1,4,2309080005,토박이 할머니순두부
f_f011748,1,5,2309080006,갤러리 초당
f_f011748,1,6,2309080007,초당순두부마을
f_f011748,1,7,2309080008,허균 허난설헌 기념관
f_f011748,1,8,2309080009,허균 허난설헌 기념공원
f_f011748,1,9,2309080010,강릉커피 빵 본점
f_f011748,1,10,2309080011,강문해변
f_f011748,1,11,2309080012,강릉 옥수수빵
f_f011748,1,12,2309080013,유리알 유희
f_f011748,1,13,2309080014,강릉 시외버스터미널
f_f011748,1,14,2309080002,집
f_f011754,1,1,2308260001,집
f_f011754,1,2,2308260002,춘천교육대학교
f_f011754,1,3,2308260003,학곡리 막국수 닭갈비
f_f011754,1,4,2308260004,대엔 당
f_f011754,1,5,2308260005,스타벅스 춘천 구봉산 R
f_f011754,1,6,2308260006,집
f_f011755,1,1,2308260001,집
f_f011755,1,2,2308260003,추풍령 휴게소 부산방향
f_f011755,1,3,2308260004,1972포포징
f_f011755,1,4,2308260005,구공탄 막창 2호점
f_f011755,1,5,2308260006,투썸플레이스 대구 영대병원역점
f_f011755,1,6,2308260002,ACT 관광호텔
f_f011755,2,1,2308270001,버터비
f_f011755,2,2,2308270003,주교좌 계산 대성당
f_f011755,2,3,2308270002,카페 오디너리 하우스
f_f011755,2,4,2308270004,서문시장
f_f011755,2,5,2308270005,이성당 본점
f_f011755,2,6,2308270006,집
f_f011771,1,1,2309120001,집
f_f011771,1,2,2309120002,동대구 터미널
f_f011771,1,3,2309120003,해운대 시외버스정류소
f_f011771,1,4,2309120004,춘하추동 밀면 해운대 직영점
f_f011771,1,5,2309120005,씨라 이르 부산아쿠아리움
f_f011771,1,6,2309120006,해운대해수욕장
f_f011771,1,7,2309120007,행리단길
f_f011771,1,8,2309120008,고래서 이뻐
f_f011771,1,9,2309120009,히피 몬드
f_f011771,1,10,2309120010,해운대역 부산 2호선
f_f011771,1,11,2309120011,부산역 부산 1호선
f_f011771,1,12,2309120012,이조 설렁탕
f_f011771,1,13,2309120013,부산역
f_f011771,1,14,2309120014,대구역
f_f011771,1,15,2309120015,집
f_f011795,1,1,2308270001,집
f_f011795,1,2,2308270002,카네다독고
f_f011795,1,3,2308270003,샬롯
f_f011795,1,4,2308270004,전포 카페거리
f_f011795,1,5,2308270007,바게트 양 부산본점
f_f011795,1,6,2308270005,흰 여울 문화마을
f_f011795,1,7,2308270006,토요코인 호텔 부산 서면
f_f011795,2,1,2308280001,해운대 블루라인파크 미포 정거장
f_f011795,2,2,2308280002,해운대 블루라인파크 송정 정거장
f_f011795,2,3,2308280003,서프 홀릭 카페 홀릭
f_f011795,2,4,2308280004,해동용궁사
f_f011795,2,5,2308280005,해운대 블루라인파크 송정 정거장
f_f011795,2,6,2308280006,부산역
f_f011795,2,7,2308280007,집
f_f011799,1,1,2309020001,집
f_f011799,1,2,2309020002,양산휴게소
f_f011799,1,3,2309020003,금산 재어 칼국수
f_f011799,1,4,2309020004,김유신 장군묘
f_f011799,1,5,2309020005,국립경주박물관
f_f011799,1,6,2309020006,불국사
f_f011799,1,7,2309020007,석굴암
f_f011799,1,8,2309020008,황남 옥수수 황리단길점
f_f011799,1,9,2309020009,집
f_f011809,1,1,2308240001,집
f_f011809,1,2,2308240003,청주국제공항
f_f011809,1,3,2308240004,양양국제공항
f_f011809,1,4,2308240005,양양종합여객터미널
f_f011809,1,5,2308240006,남경 막국수
f_f011809,1,6,2308240007,소연이네 조개구이
f_f011809,1,7,2308240008,대포항
f_f011809,1,8,2308240009,속초 항아리 물회
f_f011809,1,9,2308240010,속초 교동 우체국
f_f011809,1,10,2308240011,스포츠 넥스트 레벨
f_f011809,1,11,2308240012,속초해수욕장
f_f011809,1,12,2308240002,속초 교동 우체국
f_f011809,2,1,2308250001,설악 케이블카
f_f011809,2,2,2308250002,신흥사
f_f011809,2,3,2308250003,봉 브레드
f_f011809,2,4,2308250004,속초관광수산시장
f_f011809,2,5,2308250005,속초 아이
f_f011809,2,6,2308250006,속초해수욕장
f_f011809,2,7,2308250007,양양종합여객터미널
f_f011809,2,8,2308250008,양양국제공항
f_f011809,2,9,2308250009,청주국제공항
f_f011809,2,10,2308250010,집
f_f011810,1,1,2308300001,집
f_f011810,1,2,2308300003,아스테리아 심플
f_f011810,1,3,2308300005,백금 당 종로점
f_f011810,1,4,2308300004,대구근대역사관
f_f011810,1,5,2308300006,서문시장
f_f011810,1,6,2308300002,집
f_f011816,1,1,2308250001,집
f_f011816,1,2,2308250003,마이카츠 범어역점
f_f011816,1,3,2308250004,국립대구 박물관
f_f011816,1,4,2308250005,이디야커피 국립대구 박물관 점
f_f011816,1,5,2308250006,범어공원
f_f011816,1,6,2308250007,맥도날드 대구 황금 DT 점
f_f011816,1,7,2308250002,집
f_f011818,1,1,2308280001,집
f_f011818,1,2,2308280004,부산 서부버스터미널
f_f011818,1,3,2308280005,옥포시와 정류소
f_f011818,1,4,2308280003,장승포 농협 하나로마트 본점
f_f011818,1,5,2308280002,거제아일랜드 풀빌라 펜션 B
f_f011818,2,1,2308290001,머 그 학동 카페
f_f011818,2,2,2308290002,카페 부엌
f_f011818,2,3,2308290003,학동 흑진주 몽돌해변
f_f011818,2,4,2308290004,구조라성
f_f011818,2,5,2308290005,외도널서리
f_f011818,2,6,2308290006,옥포시와 정류소
f_f011818,2,7,2308290008,부산 서부버스터미널
f_f011818,2,8,2308290007,집
f_f011819,1,1,2308260001,집
f_f011819,1,2,2308260003,애리스커피스탠드
f_f011819,1,3,2308260004,윤옥연할매떡볶이 본점
f_f011819,1,4,2308260005,국채보상운동 기념공원
f_f011819,1,5,2308260006,대구오페라하우스
f_f011819,1,6,2308260007,대구예술 발전소
f_f011819,1,7,2308260008,참숯 삼인조
f_f011819,1,8,2308260009,더 현대 대구
f_f011819,1,9,2308260010,김광석 다시 그리기 길
f_f011819,1,10,2308260002,집
f_f011857,1,1,2309020001,집
f_f011857,1,2,2309020003,메인 스트리트 77
f_f011857,1,3,2309020004,예천곤충생태공원
f_f011857,1,4,2309020002,학가산 자연휴양림
f_f011857,2,1,2309030001,안동 하회마을
f_f011857,2,2,2309030002,집
f_f011861,1,1,2308250001,집
f_f011861,1,2,2308250003,하이 오션 경포
f_f011861,1,3,2308250004,경포해수욕장
f_f011861,1,4,2308250005,하이 오션 경포
f_f011861,1,5,2308250006,마들 식당
f_f011861,1,6,2308250007,하이 오션 경포
f_f011861,1,7,2308250002,하이 오션 경포
f_f011861,2,1,2308260001,태백산맥
f_f011861,2,2,2308260002,소나무집 초당순두부
f_f011861,2,3,2308260003,아르떼 뮤지엄 강릉
f_f011861,2,4,2308260004,카페에이
f_f011861,2,5,2308260005,강릉역
f_f011861,2,6,2308260006,강릉 중앙시장
f_f011861,2,7,2308260007,함지네 먹거리
f_f011861,2,8,2308260008,강릉 월화 거리
f_f011861,2,9,2308260009,강릉역
f_f011861,2,10,2308260010,상봉역
f_f011861,2,11,2308260011,집
f_f011864,1,1,2308310001,집
f_f011864,1,2,2308310002,전주 시외버스 공용터미널
f_f011864,1,3,2308310003,대구 서부정류장
f_f011864,1,4,2308310004,반월당역 대구 1호선
f_f011864,1,5,2308310005,사파 키친 동성로점
f_f011864,1,6,2308310007,스타벅스 동성로 로데오점
f_f011864,1,7,2308310008,빈티지 원 대구점
f_f011864,1,8,2308310009,유즈드 박스
f_f011864,1,9,2308310010,페퍼 스토어
f_f011864,1,10,2308310011,원더플레이스 대구 동성로 FSS 점
f_f011864,1,11,2308310012,맥도날드 동성로 교보점
f_f011864,1,12,2308310013,교보문고 대구점
f_f011864,1,13,2308310014,스파크 랜드
f_f011864,1,14,2308310015,핀투대박양념오뎅 본점
f_f011864,1,15,2308310016,동대구역
f_f011864,1,16,2308310006,집
f_f011866,1,1,2308250001,집
f_f011866,1,2,2308250002,소옥
f_f011866,1,3,2308250003,베이글 베이 글러
f_f011866,1,4,2308250004,대릉원
f_f011866,1,5,2308250005,황성공원
f_f011866,1,6,2308250006,포워드
f_f011866,1,7,2308250007,집
f_f011883,1,1,2308300001,집
f_f011883,1,2,2308300003,경기 광주 휴게소 원주 방향
f_f011883,1,3,2308300004,뮤지엄 산
f_f011883,1,4,2308300006,뮤지엄 산 플라워 가든
f_f011883,1,5,2308300007,카페테라스
f_f011883,1,6,2308300008,뮤지엄 산 청주 갤러리
f_f011883,1,7,2308300009,뮤지엄 산 명상과
f_f011883,1,8,2308300010,뮤지엄 산 스톤 가든
f_f011883,1,9,2308300011,뮤지엄 산 제임스 터렐과
f_f011883,1,10,2308300012,뮤지엄 산 종이 박물관
f_f011883,1,11,2308300002,집
f_f011890,1,1,2309020001,집
f_f011890,1,2,2309020002,이마트 창원점
f_f011890,1,3,2309020003,오션블루 가덕휴게소
f_f011890,1,4,2309020004,바람의 언덕
f_f011890,1,5,2309020005,거제 해금강 농협 하나로마트
f_f011890,1,6,2309020006,오라 펜션
f_f011890,1,7,2309020007,학동 흑진주 몽돌해변
f_f011890,1,8,2309020008,오라 펜션
f_f011890,2,1,2309030001,엄선장짬뽕
f_f011890,2,2,2309030002,근포 땅굴
f_f011890,2,3,2309030003,카페 매 오로 시
f_f011890,2,4,2309030004,창원시 의창구 봉곡로 8번 길 27-1
f_f011907,1,1,2308280001,집
f_f011907,1,2,2308280003,경주 시외버스터미널
f_f011907,1,3,2308280004,경주월드
f_f011907,1,4,2308280005,여미온
f_f011907,1,5,2308280006,망고 홈
f_f011907,1,6,2308280007,녹아
f_f011907,1,7,2308280008,첨성대
f_f011907,1,8,2308280009,대릉원 선물가게
f_f011907,1,9,2308280010,경주 시외버스터미널
f_f011907,1,10,2308280011,부산 서부버스터미널
f_f011907,1,11,2308280012,앤썸 스튜디오 코인 노래연습장
f_f011907,1,12,2308280002,집
f_f011915,1,1,2308270001,집
f_f011915,1,2,2308270003,얼음골
f_f011915,1,3,2308270004,시례 정가든
f_f011915,1,4,2308270002,집
f_f011916,1,1,2308250001,집
f_f011916,1,2,2308250003,신세계백화점 센텀시티점
f_f011916,1,3,2308250004,신세계 센텀시티몰
f_f011916,1,4,2308250005,쉐이크쉑 부산 센텀점
f_f011916,1,5,2308250006,행리단길
f_f011916,1,6,2308250007,로우 앤스 웃
f_f011916,1,7,2308250002,집
f_f011918,1,1,2308260001,친구 친지 집
f_f011918,1,2,2308260002,동대구역
f_f011918,1,3,2308260003,부산역
f_f011918,1,4,2308260004,서면 유림 노르웨이 아침 아파트
f_f011918,1,5,2308260006,블루샥 부산 벡스코점
f_f011918,1,6,2308260005,수변 최고 돼지국밥 센텀 벡스코점
f_f011918,1,7,2308260007,뮤지엄 원
f_f011918,1,8,2308260008,영화의 전당 하늘연극장
f_f011918,1,9,2308260009,신세계백화점 센텀시티점
f_f011918,1,10,2308260010,광안리해수욕장
f_f011918,1,11,2308260011,차선책
f_f011918,1,12,2308260012,부산역
f_f011918,1,13,2308260013,집
f_f011919,1,1,2308260001,집
f_f011919,1,2,2308260002,배내 식당
f_f011919,1,3,2308260003,밀양댐 바위
f_f011919,1,4,2308260004,용암지
f_f011919,1,5,2308260005,어서 이곳
f_f011919,1,6,2308260006,귀양지
f_f011919,1,7,2308260007,용평 터널
f_f011919,1,8,2308260008,집
f_f011932,1,1,2308240001,집
f_f011932,1,2,2308240003,신세계백화점 센텀시티점
f_f011932,1,3,2308240004,산리 오러 버스 클럽
f_f011932,1,4,2308240005,난파선
f_f011932,1,5,2308240007,광안리해수욕장
f_f011932,1,6,2308240006,카페 오뜨 광안 비치점
f_f011932,1,7,2308240008,스타벅스 부산 안락 DT 점
f_f011932,1,8,2308240002,집
f_f011933,1,1,2308260001,친구 친지 집
f_f011933,1,2,2308260002,민속식당
f_f011933,1,3,2308260004,예끼 마을
f_f011933,1,4,2308260007,월영교
f_f011933,1,5,2308260005,안동 명성 한우갈비
f_f011933,1,6,2308260006,안동 하회마을
f_f011933,1,7,2308260008,월영교
f_f011933,1,8,2308260009,수졸당
f_f011933,2,1,2308270001,이육사문학관
f_f011933,2,2,2308270002,도산서원
f_f011933,2,3,2308270003,안동 우정 찜닭
f_f011933,2,4,2308270004,안동 하회마을
f_f011933,2,5,2308270005,여주휴게소 주유소 인천방향
f_f011933,2,6,2308270006,간석 빌라
f_f011944,1,1,2308240001,친구 친지 집
f_f011944,1,2,2308240002,곡성기차마을 휴게소 주유소 순천방향
f_f011944,1,3,2308240003,라라 북천
f_f011944,1,4,2308240004,비바체리조트
f_f011944,2,1,2308250001,하동솔잎한우플라자
f_f011944,2,2,2308250002,하동솔잎한우플라자 로컬 마트
f_f011944,2,3,2308250003,남해대교 유람선
f_f011944,2,4,2308250004,하동 케이블카
f_f011944,2,5,2308250005,섬진강휴게소 순천방향
f_f011944,2,6,2308250006,곡성기차마을 휴게소 논산방향
f_f011944,2,7,2308250007,부모님댁
f_f011950,1,1,2308260001,집
f_f011950,1,2,2308260004,단양팔경 휴게소 춘천 방향
f_f011950,1,3,2308260003,영월 정종 대왕 태실 및 태실비
f_f011950,1,4,2308260005,계족산
f_f011950,1,5,2308260006,GS25 영월발전소점
f_f011950,1,6,2308260007,도담 찜닭 영월점
f_f011950,1,7,2308260008,관풍헌
f_f011950,1,8,2308260009,커 맥
f_f011950,1,9,2308260002,영 하우스
f_f011950,2,1,2308270002,CU 평창대로점
f_f011950,2,2,2308270001,청태산
f_f011950,2,3,2308270003,송 원해 장국 막국수
f_f011950,2,4,2308270004,피닉스 평창
f_f011950,2,5,2308270005,집
f_f011953,1,1,2308310001,집
f_f011953,1,2,2308310004,윤 스토리
f_f011953,1,3,2308310003,묵은봉
f_f011953,1,4,2308310005,어레인지먼트
f_f011953,1,5,2308310006,곤륜산 활공장
f_f011953,1,6,2308310007,영일 대전 망대
f_f011953,1,7,2308310008,환호공원 스페이스 워크
f_f011953,1,8,2308310002,푸른 고래 카라반
f_f011953,2,1,2309010002,혜원 모리국수
f_f011953,2,2,2309010003,구룡포 일본인 가옥거리
f_f011953,2,3,2309010004,구릉
f_f011953,2,4,2309010001,집
f_f011963,1,1,2309010001,집
f_f011963,1,2,2309010002,속초 항아리 물회
f_f011963,1,3,2309010003,속초 아이
f_f011963,1,4,2309010004,웨일 라잇
f_f011963,1,5,2309010005,속초해수욕장
f_f011963,1,6,2309010006,해피쿠키데이
f_f011963,1,7,2309010007,속초관광수산시장
f_f011963,1,8,2309010008,아이스크림 할인마트 빙고 푸드 수복 타점
f_f011963,1,9,2309010009,세븐일레븐 속초써밋베이점
f_f011963,1,10,2309010010,어반 스테이 속초 등대점
f_f011963,2,1,2309020001,GS25 등대해변점
f_f011963,2,2,2309020002,속초 등대
f_f011963,2,3,2309020003,영금정
f_f011963,2,4,2309020004,신다 신 본관
f_f011963,2,5,2309020005,오버웨잇
f_f011963,2,6,2309020006,청호해수욕장
f_f011963,2,7,2309020007,속초네 컷
f_f011963,2,8,2309020008,올리브영 속초점
f_f011963,2,9,2309020009,카페 시선
f_f011963,2,10,2309020010,집
f_f011978,1,1,2308240001,집
f_f011978,1,2,2308240002,가평휴게소 춘천 방향
f_f011978,1,3,2308240003,그린 막국수
f_f011978,1,4,2308240004,달콤커피 속초 천진해수욕장점
f_f011978,1,5,2308240005,천진해변
f_f011978,1,6,2308240006,원조 춘천 닭갈비
f_f011978,1,7,2308240007,집
f_f011979,1,1,2308260001,집
f_f011979,1,2,2308260002,KTG 상상마당 부산
f_f011979,1,3,2308260003,카츠키친
f_f011979,1,4,2308260004,베이시스 옵
f_f011979,1,5,2308260007,삼정 타워
f_f011979,1,6,2308260006,롯데백화점 부산본점
f_f011979,1,7,2308260005,집
f_f011989,1,1,2308250001,집
f_f011989,1,2,2308250003,김천 부항댐 출렁다리
f_f011989,1,3,2308250004,수륜 우리 밀 칼국수
f_f011989,1,4,2308250006,론다
f_f011989,1,5,2308250005,직지사
f_f011989,1,6,2308250007,김천 황금시장
f_f011989,1,7,2308250002,집
f_f012010,1,1,2308250001,집
f_f012010,1,2,2308250002,부전역
f_f012010,1,3,2308250003,신경주역
f_f012010,1,4,2308250004,이재원의 과자 공방
f_f012010,1,5,2308250005,황련단길
f_f012010,1,6,2308250006,첨성대
f_f012010,1,7,2308250007,대릉원
f_f012010,1,8,2308250008,형산강
f_f012010,1,9,2308250009,월정교
f_f012010,1,10,2308250010,황화정
f_f012010,1,11,2308250011,신경주역
f_f012010,1,12,2308250012,부산역
f_f012010,1,13,2308250013,집
f_f012011,1,1,2308240001,집
f_f012011,1,2,2308240002,서울역
f_f012011,1,3,2308240003,강릉역
f_f012011,1,4,2308240004,강릉시립미술관
f_f012011,1,5,2308240005,독도네 본점
f_f012011,1,6,2308240006,도어즈
f_f012011,1,7,2308240007,풀노리
f_f012011,1,8,2308240008,초당 찰떡
f_f012011,1,9,2308240009,강문해변
f_f012011,1,10,2308240010,346커피스토리
f_f012011,1,11,2308240011,런닝맨 강릉점
f_f012011,1,12,2308240012,소나무집 초당순두부
f_f012011,1,13,2308240013,강문해변
f_f012011,1,14,2308240014,강릉역
f_f012011,1,15,2308240015,서울역
f_f012011,1,16,2308240016,집
f_f012072,1,1,2309080001,집
f_f012072,1,2,2309080002,릭 버거
f_f012072,1,3,2309080003,스컹크 웍스
f_f012072,1,4,2309080004,첨성대
f_f012072,1,5,2309080005,경주 핑크 뮬리 군락지
f_f012072,1,6,2309080006,경주 봉황대
f_f012072,1,7,2309080008,행운 주유소
f_f012072,1,8,2309080007,집
f_f012109,1,1,2308270001,집
f_f012109,1,2,2308270002,클레이아크김해미술관
f_f012109,1,3,2308270003,롯데 프리미엄 아웃렛 김해점
f_f012109,1,4,2308270004,분산성
f_f012109,1,5,2308270006,해운사
f_f012109,1,6,2308270005,집
f_f012111,1,1,2308240001,집
f_f012111,1,2,2308240003,동서울 종합터미널
f_f012111,1,3,2308240004,죽서루
f_f012111,1,4,2308240005,부명 손칼국수
f_f012111,1,5,2308240006,삼척 장밋공원
f_f012111,1,6,2308240007,소풍 커피
f_f012111,1,7,2308240008,삼척항
f_f012111,1,8,2308240009,이사부 광장(Isabu plasa)
f_f012111,1,9,2308240010,서릿골 감성마을
f_f012111,1,10,2308240011,삼척 넘버 25 삼척 시청점
f_f012111,2,1,2308250001,삼척해변
f_f012111,2,2,2308250002,추암해변
f_f012111,2,3,2308250003,추암 촛대바위 출렁다리
f_f012111,2,4,2308250004,도째비골해랑전망대
f_f012111,2,5,2308250005,논골마을
f_f012111,2,6,2308250006,어향
f_f012111,2,7,2308250007,동쪽 바다 중앙시장
f_f012111,2,8,2308250008,여행 책방 잔잔하게
f_f012111,2,9,2308250009,한 섬 해변
f_f012111,2,10,2308250010,건강한다
f_f012111,2,11,2308250012,동해시 종합버스터미널
f_f012111,2,12,2308250011,집
f_f012114,1,1,2308260001,집
f_f012114,1,2,2308260002,서울역
f_f012114,1,3,2308260009,포항역
f_f012114,1,4,2308260003,브리즈 나인 장성점
f_f012114,1,5,2308260004,아라비카 커피 로프터스
f_f012114,1,6,2308260005,영일대해수욕장
f_f012114,1,7,2308260006,규카츠정 포항점
f_f012114,1,8,2308260007,포항역
f_f012114,1,9,2308260008,서울역
f_f012114,1,10,2308260010,집
f_f012115,1,1,2309100001,집
f_f012115,1,2,2309100002,김해여객터미널
f_f012115,1,3,2309100005,대릉원
f_f012115,1,4,2309100003,소바카게
f_f012115,1,5,2309100004,양지 다방
f_f012115,1,6,2309100006,대릉원
f_f012115,1,7,2309100007,첨성대
f_f012115,1,8,2309100008,스타벅스 경주 대릉원점
f_f012115,1,9,2309100009,교촌마을
f_f012115,1,10,2309100010,월정교
f_f012115,1,11,2309100011,신라 제면
f_f012115,1,12,2309100012,경주석빙고
f_f012115,1,13,2309100013,국립경주박물관
f_f012115,1,14,2309100014,동궁과 월지
f_f012115,1,15,2309100015,집
f_f012122,1,1,2308300001,집
f_f012122,1,2,2308300002,온 더 플레이트
f_f012122,1,3,2308300003,뮤지엄 원
f_f012122,1,4,2308300004,아이엠 부산
f_f012122,1,5,2308300006,트레이더스 홀세일 클럽 연산점
f_f012122,1,6,2308300005,집
f_f012126,1,1,2308280001,집
f_f012126,1,2,2308280002,동대구역
f_f012126,1,3,2308280005,한샘 디자인파크 부산 센텀점
f_f012126,1,4,2308280003,신세계백화점 센텀시티점
f_f012126,1,5,2308280006,부산역
f_f012126,1,6,2308280004,집
f_f012128,1,1,2308260001,집
f_f012128,1,2,2308260002,부산역
f_f012128,1,3,2308260003,흰 여울 문화마을
f_f012128,1,4,2308260004,광안리해수욕장
f_f012128,1,5,2308260005,수영만 요트경기장
f_f012128,1,6,2308260006,타워 더 모스트 광안 오피스텔
f_f012128,2,1,2308270001,미드타운 볼
f_f012128,2,2,2308270002,밀란 더 마켓
f_f012128,2,3,2308270003,비담
f_f012128,2,4,2308270004,광안리해수욕장
f_f012128,2,5,2308270005,부산역
f_f012128,2,6,2308270006,집
f_f012130,1,1,2308290001,집
f_f012130,1,2,2308290002,창원중앙역
f_f012130,1,3,2308290003,노트르담
f_f012130,1,4,2308290004,윤 마드레 디저트 카페 2호점
f_f012130,1,5,2308290005,경남도립미술관
f_f012130,1,6,2308290006,용지공원 용지호수 공원
f_f012130,1,7,2308290007,선댄스
f_f012130,1,8,2308290008,상남동
f_f012130,1,9,2308290009,안주 일체 상남점
f_f012130,1,10,2308290010,집
f_f012131,1,1,2308240001,집
f_f012131,1,2,2308240002,써브웨이 부산대역점
f_f012131,1,3,2308240004,구룡포해수욕장
f_f012131,1,4,2308240005,구룡포 시장 구룡포 시장 옆 참 마트
f_f012131,1,5,2308240003,포항 파라다이스 풀빌라 B동
f_f012131,2,1,2308250002,카페 파도
f_f012131,2,2,2308250004,환호공원 스페이스 워크
f_f012131,2,3,2308250003,영일대해수욕장
f_f012131,2,4,2308250001,집
f_f012136,1,1,2308270001,집
f_f012136,1,2,2308270002,호텔 수성
f_f012136,1,3,2308270003,청도 돼지국밥
f_f012136,1,4,2308270004,대구 이월드
f_f012136,1,5,2308270005,83타워 아이스링크
f_f012136,1,6,2308270006,고굽남 동대구역점
f_f012136,1,7,2308270007,집
f_f012142,1,1,2308240001,집
f_f012142,1,2,2308240002,남애 제일 식당
f_f012142,1,3,2308240003,페이 보릿
f_f012142,1,4,2308240004,하조대 커피
f_f012142,1,5,2308240005,싱글핀에일웍스
f_f012142,1,6,2308240006,속초관광수산시장
f_f012142,1,7,2308240007,동명항
f_f012142,1,8,2308240008,물치 활어회센터
f_f012142,1,9,2308240009,강현농협 하나로마트
f_f012142,1,10,2308240010,메리트 펜션
f_f012142,2,1,2308250001,장산리 막국수
f_f012142,2,2,2308250002,요아오
f_f012142,2,3,2308250003,속초 해변길 제5길
f_f012142,2,4,2308250004,복골 순두부
f_f012142,2,5,2308250005,크레피 스타
f_f012142,2,6,2308250006,서피 비치
f_f012142,2,7,2308250007,강릉 대관령휴게소 인천방향
f_f012142,2,8,2308250008,집
f_f012144,1,1,2309050001,집
f_f012144,1,2,2309050003,유포리막국수
f_f012144,1,3,2309050004,춘천 중도 물레길
f_f012144,1,4,2309050005,댄싱 카페인
f_f012144,1,5,2309050006,KTG 상상마당 춘천아트센터
f_f012144,1,6,2309050007,소양강 스카이워크
f_f012144,1,7,2309050002,집
f_f012145,1,1,2308300001,집
f_f012145,1,2,2308300002,강릉역
f_f012145,1,3,2308300003,정은숙 초당순두부
f_f012145,1,4,2308300004,구옥
f_f012145,1,5,2308300006,송정해변
f_f012145,1,6,2308300005,강릉 옥수수빵
f_f012145,1,7,2308300007,강릉 중앙시장
f_f012145,1,8,2308300008,월 화상점
f_f012145,1,9,2308300009,홈플러스 강릉점
f_f012145,1,10,2308300010,강릉역
f_f012145,1,11,2308300011,묵호역
f_f012145,1,12,2308300012,가마솥 옛 강정
f_f012145,1,13,2308300013,가미 수산
f_f012145,1,14,2308300015,어달을 담다
f_f012145,2,1,2308310002,도째비골해랑전망대
f_f012145,2,2,2308310001,해파랑길 33코스
f_f012145,2,3,2308310003,동해 장칼국수
f_f012145,2,4,2308310004,라운드어바웃 동해
f_f012145,2,5,2308310005,묘한 동해
f_f012145,2,6,2308310006,한 섬 해변
f_f012145,2,7,2308310007,고 불개 해 변
f_f012145,2,8,2308310008,끼룩 상점
f_f012145,2,9,2308310009,묵호 김밥
f_f012145,2,10,2308310010,웰빙 쌀 찐빵
f_f012145,2,11,2308310011,묵호역
f_f012145,2,12,2308310012,집
f_f012146,1,1,2308300001,집
f_f012146,1,2,2308300002,광운대 역 1호선
f_f012146,1,3,2308300003,청량리역
f_f012146,1,4,2308300004,강릉역
f_f012146,1,5,2308300005,라꼬 시나 바이 이성용 스페인 음식
f_f012146,1,6,2308300006,초당 별곡
f_f012146,1,7,2308300007,카페 맷돌 젤라또
f_f012146,1,8,2308300008,유리알 유희
f_f012146,1,9,2308300009,강문해변
f_f012146,1,10,2308300010,강릉 옥수수빵
f_f012146,1,11,2308300011,새 차라 펜션
f_f012146,1,12,2308300012,사근 긴 해변
f_f012146,1,13,2308300013,블랙 피시
f_f012146,1,14,2308300015,새 차라 펜션
f_f012146,2,1,2308310001,사근 긴 해변
f_f012146,2,2,2308310002,초당 본가
f_f012146,2,3,2308310003,구옥
f_f012146,2,4,2308310004,강문해변
f_f012146,2,5,2308310005,경포해수욕장
f_f012146,2,6,2308310006,경포호
f_f012146,2,7,2308310007,경포호 시비 조각 산책로(홍길동전 캐릭터)
f_f012146,2,8,2308310009,경포가 지연 습지
f_f012146,2,9,2308310010,강릉 3.1독립만세운동 기념탑
f_f012146,2,10,2308310011,강릉역
f_f012146,2,11,2308310012,레드망치
f_f012146,2,12,2308310013,마크 모예 베이글바
f_f012146,2,13,2308310014,시만 차
f_f012146,2,14,2308310015,산 서울
f_f012146,2,15,2308310016,사유의 공간
f_f012146,2,16,2308310017,도어즈
f_f012146,2,17,2308310018,드봉 마젤
f_f012146,2,18,2308310019,명가 네 손칼국수
f_f012146,2,19,2308310020,강릉 중앙시장
f_f012146,2,20,2308310021,강릉 중화 짬뽕 빵
f_f012146,2,21,2308310022,옥천동 은행나무
f_f012146,2,22,2308310028,벤치
f_f012146,2,23,2308310024,앙카라 바바 케밥 강릉점
f_f012146,2,24,2308310025,강릉역
f_f012146,2,25,2308310027,청량리역
f_f012146,2,26,2308310026,집
f_f012150,1,1,2308250001,집
f_f012150,1,2,2308250002,왕거미 식당
f_f012150,1,3,2308250003,대구 메디 스퀘어 오피스텔
f_f012150,1,4,2308250004,별별 상상 칠성 야시장
f_f012150,1,5,2308250005,대구 앞산 공원 전망대
f_f012150,1,6,2308250006,하츠
f_f012150,1,7,2308250008,대구 메디 스퀘어 오피스텔
f_f012150,2,1,2308260001,크레이지팡팡
f_f012150,2,2,2308260002,벙글벙글 찜 갈비
f_f012150,2,3,2308260003,투썸플레이스 동대구점
f_f012150,2,4,2308260004,집
f_f012156,1,1,2308240001,집
f_f012156,1,2,2308240003,신경주역
f_f012156,1,3,2308240004,불국사
f_f012156,1,4,2308240005,대릉원
f_f012156,1,5,2308240014,황금십원빵 2호점
f_f012156,1,6,2308240006,1974하우스
f_f012156,1,7,2308240007,첨성대
f_f012156,1,8,2308240008,청수당 경주점
f_f012156,1,9,2308240009,시카고 포스트
f_f012156,1,10,2308240010,경주 중앙시장
f_f012156,1,11,2308240011,동궁과 월지
f_f012156,1,12,2308240012,첨성대
f_f012156,1,13,2308240013,월정교
f_f012156,1,14,2308240002,1974하우스
f_f012156,2,1,2308250002,료미
f_f012156,2,2,2308250003,국립경주박물관
f_f012156,2,3,2308250004,이스트 1779
f_f012156,2,4,2308250005,교촌마을
f_f012156,2,5,2308250006,황련단길
f_f012156,2,6,2308250007,경주 문화관 1918
f_f012156,2,7,2308250008,신경주역
f_f012156,2,8,2308250001,집
f_f012158,1,1,2308240001,집
f_f012158,1,2,2308240002,진주 시외버스터미널
f_f012158,1,3,2308240003,부산 서부버스터미널
f_f012158,1,4,2308240004,쉽커피 사상점
f_f012158,1,5,2308240005,부산진 성공원
f_f012158,1,6,2308240006,친구 집
f_f012158,2,1,2308250001,영 패션
f_f012158,2,2,2308250002,부산진시장
f_f012158,2,3,2308250003,고봉인 김밥인 부산 범일점
f_f012158,2,4,2308250004,부산 서부버스터미널
f_f012158,2,5,2308250005,희망 상사
f_f012158,2,6,2308250006,집
f_f012160,1,1,2308240001,집
f_f012160,1,2,2308240002,서울역
f_f012160,1,3,2308240003,제주 해안 물회
f_f012160,1,4,2308240004,사천해변
f_f012160,1,5,2308240005,더 강릉 오션 스테이
f_f012160,1,6,2308240006,쉘리스
f_f012160,1,7,2308240007,사천해변
f_f012160,1,8,2308240008,강릉 중앙시장
f_f012160,1,9,2308240010,더 강릉 오션 스테이
f_f012160,2,1,2308250001,김우정 초당 짬뽕 순두부 본점
f_f012160,2,2,2308250002,강문해변
f_f012160,2,3,2308250003,초당밀
f_f012160,2,4,2308250004,집
f_f012181,1,1,2308260001,사무실
f_f012181,1,2,2308260002,만휴정
f_f012181,1,3,2308260003,낙강 물길 공원
f_f012181,1,4,2308260004,달 마루 숍
f_f012181,1,5,2308260006,도산서원
f_f012181,1,6,2308260005,중앙 찜닭
f_f012181,1,7,2308260007,봉정사
f_f012181,1,8,2308260008,안동 하회마을
f_f012181,1,9,2308260009,곱깨비 경북도청점
f_f012181,1,10,2308260010,신정 현대홈타운 2단지 아파트
f_f012185,1,1,2309090001,집
f_f012185,1,2,2309090002,국립 해양 박물관
f_f012185,1,3,2309090003,영도 면옥
f_f012185,1,4,2309090004,버거킹 부산 영도 DT 점
f_f012185,1,5,2309090005,집
f_f012199,1,1,2308260001,집
f_f012199,1,2,2308260002,피아노 레스토랑
f_f012199,1,3,2308260004,진양호 동물원
f_f012199,1,4,2308260005,용호 정원
f_f012199,1,5,2308260006,진주성
f_f012199,1,6,2308260007,진주 논개 시장
f_f012199,1,7,2308260008,진영 복합휴게소 부산방향
f_f012199,1,8,2308260003,집
f_f012205,1,1,2308260001,집
f_f012205,1,2,2308260003,문막휴게소 강릉방향
f_f012205,1,3,2308260004,진희 횟집
f_f012205,1,4,2308260005,낙산 해변
f_f012205,1,5,2308260006,속초관광수산시장
f_f012205,1,6,2308260002,집
f_f012224,1,1,2308240001,친구 친지 집
f_f012224,1,2,2308240002,부산종합버스터미널
f_f012224,1,3,2308240008,경주 시외버스터미널
f_f012224,1,4,2308240003,별 채반 교동 쌈밥점
f_f012224,1,5,2308240004,첨성대
f_f012224,1,6,2308240005,대릉원
f_f012224,1,7,2308240006,경주농협 하나로마트 본점
f_f012224,1,8,2308240007,보문 프러포즈 펜션
f_f012224,2,1,2308250001,캘리포니아비치
f_f012224,2,2,2308250002,병천 토종 순대 국밥
f_f012224,2,3,2308250003,경주고속버스터미널
f_f012224,2,4,2308250006,부산종합버스터미널
f_f012224,2,5,2308250005,노포역 부산 1호선
f_f012224,2,6,2308250004,금정산 태진 팰리스 2차 아파트
f_f012235,1,1,2308260001,집
f_f012235,1,2,2308260002,샛별마을한양 6단지 아파트
f_f012235,1,3,2308260003,경기 광주 휴게소 원주 방향
f_f012235,1,4,2308260005,횡성 루지 체험장
f_f012235,1,5,2308260004,하 대리 막국수
f_f012235,1,6,2308260006,범산목장 횡성 루지점
f_f012235,1,7,2308260007,안흥농협하나로마트 본점
f_f012235,1,8,2308260008,CU 횡성 안흥점
f_f012235,1,9,2308260009,면사무소 앞 안흥찐빵
f_f012235,1,10,2308260011,휠리언스 레저
f_f012235,2,1,2308270001,평창한우마을 면온점
f_f012235,2,2,2308270002,마카 커피숍
f_f012235,2,3,2308270003,양평 휴게소 광주방향
f_f012235,2,4,2308270005,초원 5단지 LG 아파트
f_f012235,2,5,2308270006,초원마을 8단지 세경아파트
f_f012235,2,6,2308270007,범계역 4호선
f_f012235,2,7,2308270008,샛별마을한양 6단지 아파트
f_f012235,2,8,2308270004,집
f_f012238,1,1,2308260001,집
f_f012238,1,2,2308260002,앞들 식당 2호점
f_f012238,1,3,2308260003,모다 아웃렛 진주점
f_f012238,1,4,2308260004,집
f_f012240,1,1,2308290001,집
f_f012240,1,2,2308290004,선생 조그매
f_f012240,1,3,2308290005,봉래산
f_f012240,1,4,2308290003,태종대 자갈치 즉석 생선구이
f_f012240,1,5,2308290006,영도구
f_f012240,1,6,2308290002,집
f_f012248,1,1,2308250001,집
f_f012248,1,2,2308250003,더신촌스덮죽
f_f012248,1,3,2308250004,죽도 시장
f_f012248,1,4,2308250005,포항 운하
f_f012248,1,5,2308250007,통 큰 회수산
f_f012248,1,6,2308250006,호미반도 해안 둘레길
f_f012248,1,7,2308250008,환호공원 스페이스 워크
f_f012248,1,8,2308250002,집
f_f012276,1,1,2308260001,집
f_f012276,1,2,2308260002,함안박물관
f_f012276,1,3,2308260003,함안 말이 산 고분군 및 아라공원
f_f012276,1,4,2308260004,가야 전통시장
f_f012276,1,5,2308260005,원조 삼대 충무 할미 김밥
f_f012276,1,6,2308260006,함안 연꽃테마파크
f_f012276,1,7,2308260007,아라 카페
f_f012276,1,8,2308260008,함안역
f_f012276,1,9,2308260009,집
f_f012289,1,1,2308250001,집
f_f012289,1,2,2308250003,윤명숙 춘천 닭갈비
f_f012289,1,3,2308250004,남이섬
f_f012289,1,4,2308250005,남이섬 공예원
f_f012289,1,5,2308250006,나미 스토어 남이 나루점
f_f012289,1,6,2308250002,집
f_f012293,1,1,2308250001,집
f_f012293,1,2,2308250003,레고랜드 코리아리조트
f_f012293,1,3,2308250002,집
f_f012298,1,1,2308250001,집
f_f012298,1,2,2308250002,경주 시외버스터미널
f_f012298,1,3,2308250003,동대구 터미널
f_f012298,1,4,2308250004,대구미술관
f_f012298,1,5,2308250005,핸즈 커피 대구 미술관점
f_f012298,1,6,2308250006,갤러리 여울
f_f012298,1,7,2308250007,더 현대 대구
f_f012298,1,8,2308250008,슬로 터틀 약전 골목점
f_f012298,1,9,2308250009,신세계백화점 대구점
f_f012298,1,10,2308250010,투썸플레이스 동대구 환승터미널점
f_f012298,1,11,2308250011,동대구 터미널
f_f012298,1,12,2308250012,경주 시외버스터미널
f_f012298,1,13,2308250013,집
f_f012303,1,1,2309110001,집
f_f012303,1,2,2309110003,클럽 디 오아시스
f_f012303,1,3,2309110002,집
f_f012305,1,1,2308260001,집
f_f012305,1,2,2308260003,불국사
f_f012305,1,3,2308260004,불리단길 오미뇽
f_f012305,1,4,2308260008,불리단길 맞은편 마을
f_f012305,1,5,2308260007,황련단길 카페
f_f012305,1,6,2308260002,집
f_f012321,1,1,2309020001,집
f_f012321,1,2,2309020003,수서역
f_f012321,1,3,2309020004,조세호
f_f012321,1,4,2309020005,차선책
f_f012321,1,5,2309020006,마이 페이 보릿 쿠키
f_f012321,1,6,2309020007,BNK 부산은행 본점
f_f012321,1,7,2309020008,본전 돼지국밥
f_f012321,1,8,2309020009,부산역
f_f012321,1,9,2309020002,집
f_f012329,1,1,2308290001,사무실
f_f012329,1,2,2308290003,반계리 은행나무
f_f012329,1,3,2308290004,소금산 출렁다리
f_f012329,1,4,2308290005,록산 전주 밥상
f_f012329,1,5,2308290006,마이 부티크
f_f012329,1,6,2308290007,코스트코 의정부점
f_f012329,1,7,2308290002,사무실
f_f012333,1,1,2308300001,집
f_f012333,1,2,2308300003,승진 식당
f_f012333,1,3,2308300004,경주 버드파크
f_f012333,1,4,2308300005,경주 루지 월드
f_f012333,1,5,2308300006,치즈 오
f_f012333,1,6,2308300007,두낫디스타브 베이커스 경주
f_f012333,1,7,2308300008,황련단길
f_f012333,1,8,2308300009,첨성대
f_f012333,1,9,2308300010,경주동
f_f012333,1,10,2308300002,집
f_f012339,1,1,2308260001,집
f_f012339,1,2,2308260002,치악산국립공원
f_f012339,1,3,2308260004,비룡 상회
f_f012339,1,4,2308260005,치악산 건감 마을
f_f012339,1,5,2308260003,집
f_f012353,1,1,2308250001,집
f_f012353,1,2,2308250011,수원역
f_f012353,1,3,2308250002,청량리역
f_f012353,1,4,2308250003,청춘 김밥
f_f012353,1,5,2308250004,강릉역
f_f012353,1,6,2308250005,컨피네스 오션 스위트 호텔
f_f012353,1,7,2308250006,제주 해안 물회
f_f012353,1,8,2308250007,사천진 해변
f_f012353,1,9,2308250008,불티 조개구이
f_f012353,1,10,2308250010,사천진 해변
f_f012353,1,11,2308250009,컨피넨스오션스위트호텔
f_f012353,2,1,2308260001,강릉 해 짬뽕
f_f012353,2,2,2308260002,테라로사 사천점
f_f012353,2,3,2308260003,사천해변
f_f012353,2,4,2308260004,강릉역
f_f012353,2,5,2308260005,피크로 하우스
f_f012353,2,6,2308260006,범포 어묵 강릉역점
f_f012353,2,7,2308260007,청량리역
f_f012353,2,8,2308260008,집
f_f012364,1,1,2308260001,집
f_f012364,1,2,2308260002,옥계휴게소 속초방향
f_f012364,1,3,2308260003,속초 고속버스터미널
f_f012364,1,4,2308260004,중앙시장 입구 삼거리
f_f012364,1,5,2308260005,레스토 커피
f_f012364,1,6,2308260006,이마트 24 씨크루즈호텔속초점
f_f012364,1,7,2308260007,월드스테이트 속초
f_f012364,2,1,2308270001,중앙시장 입구 삼거리
f_f012364,2,2,2308270002,월드스테이트 속초
f_f012364,2,3,2308270003,터미널 오락실 코인 노래연습장
f_f012364,2,4,2308270004,동해휴게소 삼척 방향
f_f012364,2,5,2308270005,집
f_f012367,1,1,2308270001,집
f_f012367,1,2,2308270003,함양집 경주 보문점
f_f012367,1,3,2308270004,두 낫디 스타브
f_f012367,1,4,2308270005,황련단길
f_f012367,1,5,2308270006,대릉원
f_f012367,1,6,2308270007,모범 돼지
f_f012367,1,7,2308270008,어마 무시
f_f012367,1,8,2308270002,집
f_f012370,1,1,2308260001,집
f_f012370,1,2,2308260003,료코
f_f012370,1,3,2308260005,경주 대릉원
f_f012370,1,4,2308260004,녹아
f_f012370,1,5,2308260006,경주 첨성대
f_f012370,1,6,2308260007,동궁과 월지
f_f012370,1,7,2308260008,하나로마트 경주농협 본점
f_f012370,1,8,2308260002,예다인
f_f012370,2,1,2308270001,향미사
f_f012370,2,2,2308270002,커들리 하우스
f_f012370,2,3,2308270004,경주 시외버스터미널
f_f012370,2,4,2308270003,집
f_f012376,1,1,2308250001,친구 친지 집
f_f012376,1,2,2308250003,더 벤티 안산 한대앞 점
f_f012376,1,3,2308250004,홍천 휴게소 양양 방향
f_f012376,1,4,2308250005,설악 케이블카
f_f012376,1,5,2308250006,권금성
f_f012376,1,6,2308250007,인제 스피디움
f_f012376,1,7,2308250008,진미 숯불갈비
f_f012376,1,8,2308250009,에이 마트
f_f012376,1,9,2308250010,세븐일레븐 인제 기린점
f_f012376,1,10,2308250002,인제 스피디움
f_f012376,2,1,2308260001,백담사 주차장
f_f012376,2,2,2308260002,백담사
f_f012376,2,3,2308260003,황태랑
f_f012376,2,4,2308260004,38커피
f_f012376,2,5,2308260005,그람시 티자 이 2차 아파트
f_f012377,1,1,2308280001,집
f_f012377,1,2,2308280003,수경사
f_f012377,1,3,2308280004,프로즌 브라이드 경주 황리 비단길점
f_f012377,1,4,2308280005,대릉원
f_f012377,1,5,2308280006,황련단길
f_f012377,1,6,2308280002,단비고 집
f_f012377,2,1,2308290001,거송 갈비찜
f_f012377,2,2,2308290002,샬로 커피 황리단길점
f_f012377,2,3,2308290003,집
f_f012379,1,1,2308250001,집
f_f012379,1,2,2308250002,거창농협 하나로마트
f_f012379,1,3,2308250005,수승대관광지 주차장 1
f_f012379,1,4,2308250003,수승대관광지
f_f012379,1,5,2308250004,월성계곡 산장
f_f012379,1,6,2308250006,거창 창포원
f_f012379,1,7,2308250007,집
f_f012380,1,1,2309020001,집
f_f012380,1,2,2309020002,진해공설운동장
f_f012380,1,3,2309020003,버거킹 진해 충무 DT 점
f_f012380,1,4,2309020004,동부 2주유소
f_f012380,1,5,2309020007,하나로마트 포항점
f_f012380,1,6,2309020005,YDC
f_f012380,1,7,2309020006,영일대해수욕장
f_f012380,1,8,2309020008,네이처 풀빌라
f_f012380,1,9,2309020009,이가리 닻 전망대
f_f012380,1,10,2309020010,이 가리 간이해변
f_f012380,1,11,2309020017,네이처 풀빌라
f_f012380,2,1,2309030001,오또상스테끼
f_f012380,2,2,2309030002,환호공원 스페이스 워크
f_f012380,2,3,2309030004,Eastsea
f_f012380,2,4,2309030003,호미곶
f_f012380,2,5,2309030005,구룡포 일본인 가옥거리
f_f012380,2,6,2309030006,진해 시외버스터미널
f_f012380,2,7,2309030007,집
f_f012381,1,1,2309030001,집
f_f012381,1,2,2309030003,피오브프레즐
f_f012381,1,3,2309030004,광안리해수욕장
f_f012381,1,4,2309030005,개미집 광안리 본점
f_f012381,1,5,2309030006,소유템 광안리점
f_f012381,1,6,2309030007,MY FIORA
f_f012381,1,7,2309030008,하이방
f_f012381,1,8,2309030002,집
f_f012385,1,1,2308280001,친구 친지 집
f_f012385,1,2,2308280002,다인 매운 등갈비찜
f_f012385,1,3,2308280003,황련단길
f_f012385,1,4,2308280004,국립경주박물관
f_f012385,1,5,2308280006,경주휴게소 부산방향
f_f012385,1,6,2308280005,부산진구 동성로 5 서면 아이파크 1단지
f_f012386,1,1,2308250001,집
f_f012386,1,2,2308250002,홍천 휴게소 양양 방향
f_f012386,1,3,2308250003,어민 수산시장
f_f012386,1,4,2308250004,북청 해장국
f_f012386,1,5,2308250005,주문진 좌판 풍물시장
f_f012386,1,6,2308250006,썬크루즈호텔&리조트
f_f012386,1,7,2308250007,썬크루즈 해돋이 광장
f_f012386,1,8,2308250008,숙소 내부 수영장
f_f012386,1,9,2308250009,인어의 축복
f_f012386,1,10,2308250011,썬크루즈호텔&리조트
f_f012386,1,11,2308250010,정동진 조각 공원
f_f012386,1,12,2308250012,숙소 주변 산책로
f_f012386,1,13,2308250013,썬크루즈호텔&리조트
f_f012386,2,1,2308260001,해돋이 광장
f_f012386,2,2,2308260002,썬크루즈호텔&리조트
f_f012386,2,3,2308260003,스카이라운지
f_f012386,2,4,2308260004,정동진 해변
f_f012386,2,5,2308260005,동해 막국수
f_f012386,2,6,2308260006,홍천 휴게소 서울 방향
f_f012386,2,7,2308260007,집
f_f012389,1,1,2308260001,집
f_f012389,1,2,2308260003,이마트 김해점
f_f012389,1,3,2308260006,신세계백화점 김해점
f_f012389,1,4,2308260008,신세계백화점 김해점
f_f012389,1,5,2308260004,교동 짬뽕 이마트 김해점
f_f012389,1,6,2308260005,배스킨라빈스 김해 이마트 점
f_f012389,1,7,2308260007,신세계백화점 김해점
f_f012389,1,8,2308260009,신세계백화점 김해점
f_f012389,1,9,2308260010,거북이 동네 외동 직영점
f_f012389,1,10,2308260011,크로플덕오리아가씨 김해점
f_f012389,1,11,2308260002,집
f_f012398,1,1,2308270001,집
f_f012398,1,2,2308270002,동해휴게소 삼척 방향
f_f012398,1,3,2308270003,삼척 장호어촌체험마을
f_f012398,1,4,2308270004,정원 가든 애견 동반 펜션
f_f012398,2,1,2308280001,장호 용화 관광랜드 식당
f_f012398,2,2,2308280002,미인폭포
f_f012398,2,3,2308280003,집
f_f012415,1,1,2309020001,집
f_f012415,1,2,2309020002,가평휴게소 춘천 방향
f_f012415,1,3,2309020003,웨이브 온
f_f012415,1,4,2309020004,여운 포리 빵집
f_f012415,1,5,2309020005,낙산 해변
f_f012415,1,6,2309020006,기사문해수욕장
f_f012415,1,7,2309020012,달팽이 펜션
f_f012415,2,1,2309030001,샌드 스케치
f_f012415,2,2,2309030002,송지호해수욕장
f_f012415,2,3,2309030003,김화정 막국수
f_f012415,2,4,2309030004,내린천 휴게소 서울 방향
f_f012415,2,5,2309030005,집
f_f012420,1,1,2308260001,집
f_f012420,1,2,2308260003,소리단길
f_f012420,1,3,2308260004,시오리
f_f012420,1,4,2308260002,집
f_f012427,1,1,2309090001,집
f_f012427,1,2,2309090003,북 영덕농협 로컬푸드 직매장
f_f012427,1,3,2309090002,영덕 울진 축산농협 하나로마트 울진 점
f_f012427,1,4,2309090012,죽변 비취 모텔
f_f012427,2,1,2309100001,유정 식당
f_f012427,2,2,2309100002,죽변 해안 스카이 레일
f_f012427,2,3,2309100003,성류굴
f_f012427,2,4,2309100004,금강소나무 숲
f_f012427,2,5,2309100005,영덕휴게소
f_f012427,2,6,2309100006,북 영덕농협 로컬푸드 직매장
f_f012427,2,7,2309100007,집
f_f012442,1,1,2308260001,집
f_f012442,1,2,2308260004,유스퀘어 광주종합버스터미널
f_f012442,1,3,2308260005,부산 서부버스터미널
f_f012442,1,4,2308260006,사상역 부산 2호선
f_f012442,1,5,2308260003,수영로교회
f_f012442,1,6,2308260007,벡스코
f_f012442,1,7,2308260008,수영로교회
f_f012442,1,8,2308260009,광안리해수욕장
f_f012442,1,9,2308260002,부산도시공사 아르피나
f_f012442,2,1,2308270001,수영로교회
f_f012442,2,2,2308270004,행리단길
f_f012442,2,3,2308270002,해운대해수욕장
f_f012442,2,4,2308270003,프루토프루타
f_f012442,2,5,2308270005,왕매미 오락실
f_f012442,2,6,2308270006,해운대해수욕장
f_f012442,2,7,2308270007,부산역
f_f012442,2,8,2308270008,오송역
f_f012442,2,9,2308270009,정읍역 주차장
f_f012442,2,10,2308270010,집
f_f012445,1,1,2308260001,집
f_f012445,1,2,2308260002,디오 헤어
f_f012445,1,3,2308260003,영천전투 호국기념관
f_f012445,1,4,2308260004,화산 식육식당 영천점
f_f012445,1,5,2308260005,시네마 맥주
f_f012445,1,6,2308260006,영천 강변공원
f_f012445,1,7,2308260007,부모님 집
f_f012445,2,1,2308270001,동의참누리원 영천하나의 마을
f_f012445,2,2,2308270002,다트 나인
f_f012445,2,3,2308270003,지진 옥외 대피장소 곰들덤공원
f_f012445,2,4,2308270004,경주 꽃게장
f_f012445,2,5,2308270005,인터폴 커피
f_f012445,2,6,2308270006,집
f_f012450,1,1,2308260001,집
f_f012450,1,2,2308260003,천안아산역
f_f012450,1,3,2308260004,부산역
f_f012450,1,4,2308260005,하단역 부산 1호선
f_f012450,1,5,2308260006,해 밥
f_f012450,1,6,2308260007,이 프리오
f_f012450,1,7,2308260008,맥도 생태공원
f_f012450,1,8,2308260009,그날 이후 불타는 삼겹살
f_f012450,1,9,2308260002,마틴 모텔
f_f012450,2,1,2308270001,가온 밀면 명지 직영점
f_f012450,2,2,2308270002,다대포해수욕장
f_f012450,2,3,2308270003,부산역
f_f012450,2,4,2308270004,천안아산역
f_f012450,2,5,2308270005,집
f_f012459,1,1,2308260001,집
f_f012459,1,2,2308260002,강릉역
f_f012459,1,3,2308260003,경포해수욕장
f_f012459,1,4,2308260005,강릉꼬막집 독도네 본점
f_f012459,1,5,2308260004,바이크 스토리
f_f012459,1,6,2308260006,횡성휴게소 인천방향
f_f012459,1,7,2308260007,집
f_f012473,1,1,2308260001,집
f_f012473,1,2,2308260002,재기 돼지국밥
f_f012473,1,3,2308260003,흰 여울 문화마을
f_f012473,1,4,2308260005,하얀 달
f_f012473,1,5,2308260006,고미
f_f012473,1,6,2308260004,카페 변호인
f_f012473,1,7,2308260007,영도 해녀문화전시관
f_f012473,1,8,2308260008,헤르 온 호텔
f_f012473,1,9,2308260009,해운대
f_f012473,1,10,2308260010,우리 마트 지사점
f_f012473,1,11,2308260011,헤르 온 호텔
f_f012473,2,1,2308270001,광안리해수욕장
f_f012473,2,2,2308270002,롯데 프리미엄 아웃렛 동부산점
f_f012473,2,3,2308270003,마포 면옥
f_f012473,2,4,2308270004,이바돔감자탕 가양점
f_f012473,2,5,2308270005,집
f_f012477,1,1,2309090001,사무실
f_f012477,1,2,2309090002,간절곶 돌문어
f_f012477,1,3,2309090003,자수정 동굴나라
f_f012477,1,4,2309090004,시선 31 간절곶점
f_f012477,1,5,2309090005,진하해수욕장
f_f012477,1,6,2309090006,명선도
f_f012477,1,7,2309090007,더 블루 원 2차 아파트
f_f012478,1,1,2309030001,집
f_f012478,1,2,2309030003,타의 빈
f_f012478,1,3,2309030004,해운대 블루라인파크 청사포 정거장
f_f012478,1,4,2309030005,신세계백화점 센텀시티점
f_f012478,1,5,2309030006,임용 백돼지국밥
f_f012478,1,6,2309030002,집
f_f012520,1,1,2309090001,집
f_f012520,1,2,2309090011,해태아파트
f_f012520,1,3,2309090002,기와 메밀막국수
f_f012520,1,4,2309090003,오류고아라 해변
f_f012520,1,5,2309090004,석굴암
f_f012520,1,6,2309090005,불국사
f_f012520,1,7,2309090006,황련단길
f_f012520,1,8,2309090007,경주어보
f_f012520,1,9,2309090008,카페 마르쉐
f_f012520,1,10,2309090009,동궁과 월지
f_f012520,1,11,2309090010,경주 IC 휴게소
f_f012520,1,12,2309090012,월산마을 5단지 두산위브 아파트
f_f012521,1,1,2308310001,집
f_f012521,1,2,2308310003,대전역
f_f012521,1,3,2308310004,부산역
f_f012521,1,4,2308310005,신발원
f_f012521,1,5,2308310006,부산 근현대 역사관 별관
f_f012521,1,6,2308310007,흰 여울 문화마을
f_f012521,1,7,2308310008,흰 여울 해안 터널
f_f012521,1,8,2308310009,롯데백화점 부산본점
f_f012521,1,9,2308310010,어반 스테이 서면
f_f012521,1,10,2308310011,서면역 부산 1호선
f_f012521,1,11,2308310012,범천동 호천 마을
f_f012521,1,12,2308310002,어반 스테이 서면
f_f012521,2,1,2309010002,회와 제과
f_f012521,2,2,2309010003,더베이 베이커리
f_f012521,2,3,2309010004,밀란 더 마켓
f_f012521,2,4,2309010005,자갈치시장
f_f012521,2,5,2309010006,부산역
f_f012521,2,6,2309010001,집
f_f012540,1,1,2309090001,집
f_f012540,1,2,2309090002,바스코
f_f012540,1,3,2309090003,콩 카페 대구 동성로 로데오점
f_f012540,1,4,2309090005,김진수 로스터리 카페
f_f012540,1,5,2309090004,김광석 다시 그리기 길
f_f012540,1,6,2309090006,유쾌한 뭉치기
f_f012540,1,7,2309090007,빌리언 웨스턴 호텔
f_f012540,2,1,2309100001,숨은 집
f_f012540,2,2,2309100002,딥 커피 로스터리
f_f012540,2,3,2309100003,동성로 스위트 앤드 카페
f_f012540,2,4,2309100004,집
f_f012543,1,1,2308270001,집
f_f012543,1,2,2308270002,부산역
f_f012543,1,3,2308270003,1984이바구 밀면
f_f012543,1,4,2308270004,벡스코
f_f012543,1,5,2308270005,광안리해수욕장
f_f012543,1,6,2308270006,삼진 어묵 부산역 광장점
f_f012543,1,7,2308270007,부산역
f_f012543,1,8,2308270008,광명역
f_f012543,1,9,2308270009,집
f_f012570,1,1,2309020001,집
f_f012570,1,2,2309020002,강릉역
f_f012570,1,3,2309020003,강릉 바우길
f_f012570,1,4,2309020004,황정숙 막국수
f_f012570,1,5,2309020005,애당초
f_f012570,1,6,2309020006,강릉 닭강정
f_f012570,1,7,2309020007,안목 해변
f_f012570,1,8,2309020008,사르륵 구슬 아이스크림
f_f012570,1,9,2309020009,모예 게스트하우스
f_f012570,1,10,2309020010,이 추모 라멘 강릉점
f_f012570,1,11,2309020011,모예 게스트하우스
f_f012570,2,1,2309030001,고래 책방
f_f012570,2,2,2309030002,차연희 순두부 청국장
f_f012570,2,3,2309030003,말차로
f_f012570,2,4,2309030004,아르떼 뮤지엄 강릉
f_f012570,2,5,2309030005,집
f_f012585,1,1,2308250001,집
f_f012585,1,2,2308250003,246팬 스테이크 나주혁신점
f_f012585,1,3,2308250004,통영 죽림 수산시장
f_f012585,1,4,2308250002,아스트로 펜션
f_f012585,2,1,2308260001,통영 케이블카
f_f012585,2,2,2308260002,케네디홀레스토랑
f_f012585,2,3,2308260003,집
f_f012594,1,1,2308250001,집
f_f012594,1,2,2308250003,남이섬 풍경 닭갈비
f_f012594,1,3,2308250004,남이섬 유원지 겨울연가 촬영지
f_f012594,1,4,2308250005,남이섬 달오름 및 도깨비 동산
f_f012594,1,5,2308250006,남이섬 유원지 평화랑
f_f012594,1,6,2308250007,남이섬 유원지 메타세쿼이아 길
f_f012594,1,7,2308250008,차담
f_f012594,1,8,2308250009,남이섬 나미 콩쿠르 갤러리
f_f012594,1,9,2308250010,남이섬 강릉 경포점 및 헛다리
f_f012594,1,10,2308250011,남이섬 하늘폭포
f_f012594,1,11,2308250012,스윙 카페 베이커리
f_f012594,1,12,2308250013,가평역 경춘선
f_f012594,1,13,2308250002,집
f_f012607,1,1,2308260001,집
f_f012607,1,2,2308260002,대릉원 돌담길
f_f012607,1,3,2308260003,대릉원 공영주차장
f_f012607,1,4,2308260004,대릉원
f_f012607,1,5,2308260005,첨성대
f_f012607,1,6,2308260006,황남 비빔밥
f_f012607,1,7,2308260007,청수당 경주점
f_f012607,1,8,2308260008,황련단길
f_f012607,1,9,2308260009,월정교
f_f012607,1,10,2308260010,교촌마을
f_f012607,1,11,2308260011,최고집 사랑하면
f_f012607,1,12,2308260012,바실라
f_f012607,1,13,2308260013,코자 호텔
f_f012607,2,1,2308270002,진현동 커피
f_f012607,2,2,2308270003,불국사
f_f012607,2,3,2308270004,유수정 쌈밥
f_f012607,2,4,2308270005,경북 천년 숲 정원
f_f012607,2,5,2308270001,집
f_f012618,1,1,2308310001,친구 친지 집
f_f012618,1,2,2308310008,강릉역
f_f012618,1,3,2308310003,이모네 생선찜
f_f012618,1,4,2308310004,경포해수욕장
f_f012618,1,5,2308310005,달빛 491커피
f_f012618,1,6,2308310006,스카이베이 호텔 경포
f_f012618,1,7,2308310007,강릉 중앙시장
f_f012618,1,8,2308310002,스카이베이 호텔 경포
f_f012618,2,1,2309010002,강릉 동화 가든 본점
f_f012618,2,2,2309010003,소나무집 초당순두부
f_f012618,2,3,2309010004,카페 툇마루
f_f012618,2,4,2309010005,허균 허난설헌 기념관
f_f012618,2,5,2309010006,아르떼 뮤지엄 강릉
f_f012618,2,6,2309010007,동산항 물회
f_f012618,2,7,2309010008,강릉역
f_f012618,2,8,2309010001,서울숲 삼부아파트
f_f012622,1,1,2308250001,집
f_f012622,1,2,2308250002,여주 맛있는 휴게소 강릉방향
f_f012622,1,3,2308250003,김우정 초당 짬뽕 순두부 본점
f_f012622,1,4,2308250004,순두부 젤라또 2호점
f_f012622,1,5,2308250005,카페 툇마루
f_f012622,1,6,2308250006,경포해수욕장
f_f012622,1,7,2308250007,CU 경포 스카이베이점
f_f012622,1,8,2308250008,바이크 스토리
f_f012622,1,9,2308250010,왕과 탕후루 강릉대 학점
f_f012622,1,10,2308250009,엄지네 포장마차 본점
f_f012622,1,11,2308250011,집
f_f012625,1,1,2308270001,친구 친지 집
f_f012625,1,2,2308270003,가평휴게소 춘천 방향
f_f012625,1,3,2308270004,춘천 삼악산 호수 케이블카
f_f012625,1,4,2308270005,삼한 골계곡
f_f012625,1,5,2308270006,통나무집 숯불닭갈비
f_f012625,1,6,2308270007,스타벅스 춘천후평DT점
f_f012625,1,7,2308270008,춘천휴게소
f_f012625,1,8,2308270002,집
f_f012629,1,1,2308260001,집
f_f012629,1,2,2308260003,동행 집 앞에서 픽업
f_f012629,1,3,2308260004,안흥 숯불고기
f_f012629,1,4,2308260005,카페 르뱅
f_f012629,1,5,2308260006,카페 정지 길
f_f012629,1,6,2308260007,원주시 일산동 산책
f_f012629,1,7,2308260008,행구 수변공원
f_f012629,1,8,2308260009,호텔 델리나
f_f012629,1,9,2308260010,노다지 집
f_f012629,1,10,2308260002,호텔 델리나
f_f012629,2,1,2308270001,구룡사
f_f012629,2,2,2308270002,구룡사계곡
f_f012629,2,3,2308270003,원주 자유시장 해달 스낵
f_f012629,2,4,2308270004,미로 예술 원주 중앙시장
f_f012629,2,5,2308270005,동행자 집 (데려다줌)
f_f012629,2,6,2308270006,하남 드림 휴게소
f_f012629,2,7,2308270007,집
f_f012636,1,1,2308280001,집
f_f012636,1,2,2308280006,동대구역
f_f012636,1,3,2308280002,정선 순두부
f_f012636,1,4,2308280003,스파 더 스페이스
f_f012636,1,5,2308280004,스카이뷰 관광호텔
f_f012636,1,6,2308280007,마산 어 시장
f_f012636,1,7,2308280005,시골
f_f012636,1,8,2308280008,합포 수변공원
f_f012636,1,9,2308280009,폴 바셋 마산 해안대로 DT 점
f_f012636,1,10,2308280010,스카이뷰 관광호텔
f_f012636,2,1,2308290001,엠에 엠비
f_f012636,2,2,2308290002,키치네트
f_f012636,2,3,2308290003,해피 모어 해피
f_f012636,2,4,2308290004,맥도날드 마산 석전 DT 점
f_f012636,2,5,2308290005,마산역
f_f012636,2,6,2308290006,서대구 역
f_f012636,2,7,2308290007,집
f_f012637,1,1,2308260001,집
f_f012637,1,2,2308260002,안동 구 시장
f_f012637,1,3,2308260003,(주) 매머드
f_f012637,1,4,2308260004,안동 구 시장
f_f012637,1,5,2308260005,병산서원
f_f012637,1,6,2308260006,꼬꼬 안동찜닭
f_f012637,1,7,2308260007,안동 하회마을
f_f012637,1,8,2308260008,안동 하회마을 만송정 숲
f_f012637,1,9,2308260009,월영교
f_f012637,1,10,2308260010,힐링 모텔
f_f012637,2,1,2308270001,주로 피움
f_f012637,2,2,2308270002,미니미니
f_f012637,2,3,2308270004,군위휴게소 춘천 방향
f_f012637,2,4,2308270005,강천산 휴게소 광주방향
f_f012637,2,5,2308270003,집
f_f012641,1,1,2308260001,집
f_f012641,1,2,2308260002,울산역
f_f012641,1,3,2308260003,언양 기와집 불고기
f_f012641,1,4,2308260004,신라스테이 울산
f_f012641,1,5,2308260005,일산해수욕장
f_f012641,1,6,2308260006,고래바다여행선
f_f012641,1,7,2308260007,쉘
f_f012641,1,8,2308260008,신라스테이 울산
f_f012641,2,1,2308270001,장생포 고래 박물관
f_f012641,2,2,2308270002,섬들
f_f012641,2,3,2308270004,슬도
f_f012641,2,4,2308270005,태화강역
f_f012641,2,5,2308270003,봄여름가을
f_f012641,2,6,2308270006,수원역
f_f012641,2,7,2308270007,집
f_f012653,1,1,2309150001,사무실
f_f012653,1,2,2309150002,고투몰
f_f012653,1,3,2309150003,노 브랜드 버거 고속 터미널점
f_f012653,1,4,2309150004,서울고속버스터미널(경부)
f_f012653,1,5,2309150005,속초 고속버스터미널
f_f012653,1,6,2309150006,속초 해풍 2호점
f_f012653,1,7,2309150007,루센 오션파크 속초 A동
f_f012653,2,1,2309160001,보사노바 커피 로프터스 속초점
f_f012653,2,2,2309160002,속초해수욕장
f_f012653,2,3,2309160003,속초종합 중앙시장 주차장
f_f012653,2,4,2309160004,포인텟
f_f012653,2,5,2309160005,속초 항아리 물회
f_f012653,2,6,2309160006,속초 고속버스터미널
f_f012653,2,7,2309160007,서울고속버스터미널(경부)
f_f012653,2,8,2309160008,현대아파트
f_f012660,1,1,2309160001,집
f_f012660,1,2,2309160002,오송역
f_f012660,1,3,2309160003,신경주역
f_f012660,1,4,2309160004,블루 보트 호스텔 경주
f_f012660,1,5,2309160005,장수 두부마을
f_f012660,1,6,2309160006,커피 플레이스
f_f012660,1,7,2309160007,제로 스페이스 경주
f_f012660,1,8,2309160008,밭매기
f_f012660,1,9,2309160009,망고 홈
f_f012660,1,10,2309160010,화 목 토
f_f012660,1,11,2309160011,스타벅스 경주 대릉원점
f_f012660,1,12,2309160012,블루 보트 호스텔 경주
f_f012660,1,13,2309160013,프렙
f_f012660,1,14,2309160014,흐흐흐
f_f012660,1,15,2309160015,블루 보트 호스텔 경주
f_f012660,2,1,2309170001,너드
f_f012660,2,2,2309170002,커피 플레이스
f_f012660,2,3,2309170003,대릉원
f_f012660,2,4,2309170004,첨성대
f_f012660,2,5,2309170005,국립경주박물관
f_f012660,2,6,2309170007,도미
f_f012660,2,7,2309170006,향미사
f_f012660,2,8,2309170008,커피 플레이스
f_f012660,2,9,2309170009,최영화 빵
f_f012660,2,10,2309170010,블루 보트 호스텔 경주
f_f012660,2,11,2309170011,누군가의 책방
f_f012660,2,12,2309170012,신경주역
f_f012660,2,13,2309170013,오송역
f_f012660,2,14,2309170014,집
f_f012662,1,1,2308260001,집
f_f012662,1,2,2308260002,황남 공영주차장
f_f012662,1,3,2308260003,우마와 한우 샌드
f_f012662,1,4,2308260004,대릉원 미추왕릉
f_f012662,1,5,2308260005,대릉 갈비
f_f012662,1,6,2308260006,카페 마르쉐
f_f012662,1,7,2308260007,황남 공영주차장
f_f012662,1,8,2308260008,집
f_f012663,1,1,2308260001,집
f_f012663,1,2,2308260002,소문난 주문진 막국수
f_f012663,1,3,2308260003,신세계 프리미엄 아웃렛 부산
f_f012663,1,4,2308260004,간절곶
f_f012663,1,5,2308260005,헤이든
f_f012663,1,6,2308260006,동백 방파제
f_f012663,1,7,2308260007,NC백화점 부산대점
f_f012663,1,8,2308260008,부산대학교 부산캠퍼스 정문
f_f012663,1,9,2308260019,동원로열듀크 1차 아파트
f_f012663,2,1,2308270001,롯데백화점 광복점
f_f012663,2,2,2308270002,올리버 다이너
f_f012663,2,3,2308270003,오구 카페
f_f012663,2,4,2308270004,흰 여울 문화마을
f_f012663,2,5,2308270005,BIFF 광장
f_f012663,2,6,2308270006,다대포해수욕장
f_f012663,2,7,2308270007,동아대학교 승학캠퍼스
f_f012663,2,8,2308270008,이모 식당
f_f012663,2,9,2308270009,일 점 오 커피 동아대점
f_f012663,2,10,2308270010,집
f_f012670,1,1,2308260001,집
f_f012670,1,2,2308260002,서울고속버스터미널(경부)
f_f012670,1,3,2308260003,홍천강 휴게소 춘천 방향
f_f012670,1,4,2308260004,속초 고속버스터미널
f_f012670,1,5,2308260011,수협 수산물 산지거점유통센터
f_f012670,1,6,2308260006,속초해수욕장
f_f012670,1,7,2308260007,카페 청호동
f_f012670,1,8,2308260008,속초 고속버스터미널
f_f012670,1,9,2308260009,서울고속버스터미널(경부)
f_f012670,1,10,2308260010,집
f_f012678,1,1,2308260001,집
f_f012678,1,2,2308260002,국립 복주산자연휴양림
f_f012678,2,1,2308270001,철원역사 문화공원
f_f012678,2,2,2308270002,연사랑
f_f012678,2,3,2308270003,전곡선사 박물관
f_f012678,2,4,2308270004,집
f_f012698,1,1,2308300001,집
f_f012698,1,2,2308300002,언양 기와집 불고기
f_f012698,1,3,2308300003,묵리 459 울산점
f_f012698,1,4,2308300004,대왕암공원
f_f012698,1,5,2308300005,태화강 국가정원 십리대숲
f_f012698,1,6,2308300007,1월 호텔
f_f012698,2,1,2308310001,간절곶
f_f012698,2,2,2308310002,그린비 서생점
f_f012698,2,3,2308310003,커피명가 슬도
f_f012698,2,4,2308310004,집
f_f012703,1,1,2308250001,집
f_f012703,1,2,2308250003,매머드제과 송현점
f_f012703,1,3,2308250004,안동신세계 찜닭
f_f012703,1,4,2308250006,낙강 물길 공원
f_f012703,1,5,2308250007,구공 스테이 태화
f_f012703,1,6,2308250005,안동소주 전통음식 박물관
f_f012703,1,7,2308250008,이마트 안동점
f_f012703,1,8,2308250009,올 때 족발사와
f_f012703,1,9,2308250002,구공 스테이 태화
f_f012703,2,1,2308260001,그녀의 홈 카페
f_f012703,2,2,2308260002,말콤 버거
f_f012703,2,3,2308260003,체화정
f_f012703,2,4,2308260004,병산서원
f_f012703,2,5,2308260005,안동 하회마을
f_f012703,2,6,2308260007,충주휴게소 주유소 양평방향
f_f012703,2,7,2308260006,정자역
f_f012707,1,1,2308260001,집
f_f012707,1,2,2308260002,대구역
f_f012707,1,3,2308260003,대구읍성 상징 조형물
f_f012707,1,4,2308260004,빽다방 대구 교동시장점
f_f012707,1,5,2308260005,서문시장
f_f012707,1,6,2308260006,낙영 찜 갈비 본점
f_f012707,1,7,2308260007,주교좌 계산 대성당
f_f012707,1,8,2308260008,집
f_f012718,1,1,2309050001,집
f_f012718,1,2,2309050002,고메 밀면
f_f012718,1,3,2309050003,해운대 블루라인파크 미포 정거장
f_f012718,1,4,2309050004,에이치 어스
f_f012718,1,5,2309050005,방갈로 끝 집
f_f012718,1,6,2309050006,집
f_f012721,1,1,2309020001,집
f_f012721,1,2,2309020003,마산 시외버스터미널
f_f012721,1,3,2309020004,동래역 부산 1호선
f_f012721,1,4,2309020006,홍대 개미 삼정 타워점
f_f012721,1,5,2309020007,차선책 2호점
f_f012721,1,6,2309020005,삼정 타워
f_f012721,1,7,2309020008,이재모 피자 서면점
f_f012721,1,8,2309020009,서면 시내
f_f012721,1,9,2309020010,부산 서부버스터미널
f_f012721,1,10,2309020011,친구 집 방문
f_f012721,1,11,2309020002,집
f_f012724,1,1,2308260001,집
f_f012724,1,2,2308260002,경주 시외버스터미널
f_f012724,1,3,2308260003,스위퍼
f_f012724,1,4,2308260005,1894사랑채
f_f012724,1,5,2308260006,동궁과 월지
f_f012724,1,6,2308260004,소옥
f_f012724,1,7,2308260007,통보리
f_f012724,1,8,2308260008,모텔 리베
f_f012724,2,1,2308270001,장터국밥
f_f012724,2,2,2308270002,스테이 55 경주점
f_f012724,2,3,2308270003,오데르 향수 공방
f_f012724,2,4,2308270005,교촌마을
f_f012724,2,5,2308270004,첨성대
f_f012724,2,6,2308270006,베이글 베이 글러
f_f012724,2,7,2308270007,집
f_f012727,1,1,2308250001,집
f_f012727,1,2,2308250005,FM 커피하우스 1호점
f_f012727,1,3,2308250003,서대구 역
f_f012727,1,4,2308250004,부산역
f_f012727,1,5,2308250006,이재모 피자 서면점
f_f012727,1,6,2308250007,칠수
f_f012727,1,7,2308250008,기승점골 서면점
f_f012727,1,8,2308250009,광안리해수욕장
f_f012727,1,9,2308250010,금련
f_f012727,1,10,2308250011,락휴 노래타운 부산 광안 비치점
f_f012727,1,11,2308250012,넘버 25호텔 서면역점
f_f012727,2,1,2308260001,수영 본가 돼지국밥
f_f012727,2,2,2308260002,KTG 상상마당 부산
f_f012727,2,3,2308260003,요리
f_f012727,2,4,2308260004,부산역
f_f012727,2,5,2308260005,동대구역
f_f012727,2,6,2308260006,집
f_f012736,1,1,2308270001,집
f_f012736,1,2,2308270002,횡성문화 예술 회관
f_f012736,1,3,2308270003,셰프 우전
f_f012736,1,4,2308270004,양평 휴게 주유소 서울 방향
f_f012736,1,5,2308270005,하남 만남 주유소
f_f012736,1,6,2308270006,집
f_f012740,1,1,2308260001,집
f_f012740,1,2,2308260002,내린천 휴게소 양양 방향
f_f012740,1,3,2308260003,바루 서프
f_f012740,1,4,2308260004,금진 해변
f_f012740,1,5,2308260005,바루 서프
f_f012740,1,6,2308260006,내린천 휴게소 서울 방향
f_f012740,1,7,2308260007,집
f_f012745,1,1,2308260001,집
f_f012745,1,2,2308260002,상봉역 7호선
f_f012745,1,3,2308260003,강릉역
f_f012745,1,4,2308260004,오월에 초당
f_f012745,1,5,2308260007,쏠비치 양양
f_f012745,1,6,2308260006,초당 젤라또
f_f012745,1,7,2308260005,설온
f_f012745,1,8,2308260008,양양전통시장
f_f012745,1,9,2308260009,쏠비치 양양
f_f012745,2,1,2308270001,쏠비치 양양
f_f012745,2,2,2308270002,피카
f_f012745,2,3,2308270003,죽지도 암
f_f012745,2,4,2308270004,허스크밀
f_f012745,2,5,2308270005,안 뜨
f_f012745,2,6,2308270006,강릉역
f_f012745,2,7,2308270007,집
f_f012757,1,1,2309090001,집
f_f012757,1,2,2309090002,강릉 시외버스터미널
f_f012757,1,3,2309090003,속초 시외버스터미널
f_f012757,1,4,2309090004,경수네 맛집
f_f012757,1,5,2309090006,장홍 김밥
f_f012757,1,6,2309090005,속초관광수산시장
f_f012757,1,7,2309090007,스테이 오롯이
f_f012757,1,8,2309090008,설악산
f_f012757,1,9,2309090009,속초 아이
f_f012757,1,10,2309090010,속초 시외버스터미널
f_f012757,1,11,2309090011,집
f_f012768,1,1,2308260001,집
f_f012768,1,2,2308260002,성남 임시버스터미널
f_f012768,1,3,2308260003,춘천 시외버스터미널
f_f012768,1,4,2308260005,평창송어
f_f012768,1,5,2308260007,포토 이즘 박스 춘천 명동점
f_f012768,1,6,2308260006,인커밍 (춘천 지하 쇼핑몰)
f_f012768,1,7,2308260008,오아 케이크 (숙소)
f_f012768,1,8,2308260009,레이아웃
f_f012768,1,9,2308260010,육림 닭강정
f_f012768,1,10,2308260011,033다이닝
f_f012768,1,11,2308260012,인생네컷 춘천 명동점
f_f012768,1,12,2308260004,오아 케이크 (숙소)
f_f012768,2,1,2308270001,소양강 스카이워크
f_f012768,2,2,2308270002,궁
f_f012768,2,3,2308270006,e 편한 세상 춘천 아파트
f_f012768,2,4,2308270003,춘천 삼악산 호수 케이블카
f_f012768,2,5,2308270004,이디야커피 춘천 삼악산 호수 케이블카 점
f_f012768,2,6,2308270007,e 편한 세상 춘천 아파트
f_f012768,2,7,2308270005,포토 그레이 춘천 명동점
f_f012768,2,8,2308270008,춘천 시외버스터미널
f_f012768,2,9,2308270009,성남 임시버스터미널
f_f012768,2,10,2308270010,집
f_f012770,1,1,2308280001,집
f_f012770,1,2,2308280003,SK에너지 문덕 셀프주유소
f_f012770,1,3,2308280004,장안 휴게소 부산방향
f_f012770,1,4,2308280005,희영이네
f_f012770,1,5,2308280006,하이디라오 부산역점
f_f012770,1,6,2308280007,아이엠 부산
f_f012770,1,7,2308280002,집
f_f012773,1,1,2308260001,집
f_f012773,1,2,2308260002,동대구역
f_f012773,1,3,2308260003,부산역
f_f012773,1,4,2308260004,온 선데이
f_f012773,1,5,2308260005,스타벅스 광안리점
f_f012773,1,6,2308260006,스테이 히어
f_f012773,1,7,2308260007,광안리해수욕장
f_f012773,1,8,2308260008,첨벙
f_f012773,1,9,2308260009,광안리해수욕장
f_f012773,1,10,2308260010,스테이 히어
f_f012773,2,1,2308270001,E 커피
f_f012773,2,2,2308270002,수변 최고 돼지국밥 센텀 벡스코점
f_f012773,2,3,2308270003,광안리해수욕장
f_f012773,2,4,2308270004,부산역
f_f012773,2,5,2308270005,동대구역
f_f012773,2,6,2308270006,집
f_f012776,1,1,2308290001,집
f_f012776,1,2,2308290003,홍천 휴게소 양양 방향
f_f012776,1,3,2308290004,동일 장칼국수
f_f012776,1,4,2308290005,강릉 중앙시장
f_f012776,1,5,2308290006,세인트존스 호텔
f_f012776,1,6,2308290007,미우
f_f012776,1,7,2308290002,세인트존스 호텔
f_f012776,2,1,2308300002,강문해변
f_f012776,2,2,2308300003,9남매 집
f_f012776,2,3,2308300004,아르떼 뮤지엄 강릉
f_f012776,2,4,2308300005,경포호
f_f012776,2,5,2308300006,홍천 휴게소 서울 방향
f_f012776,2,6,2308300001,집
f_f012788,1,1,2308270001,친구 친지 집
f_f012788,1,2,2308270002,행신역
f_f012788,1,3,2308270003,강릉역
f_f012788,1,4,2308270004,강릉역옹막
f_f012788,1,5,2308270005,사근 긴 해변
f_f012788,1,6,2308270006,아르떼 뮤지엄 강릉
f_f012788,1,7,2308270007,당신의 안목 주문진점
f_f012788,1,8,2308270008,파도 식당 본점
f_f012788,1,9,2308270009,강문해변
f_f012788,1,10,2308270010,버드나무 브루어리
f_f012788,1,11,2308270011,당신의 안목 주문진점
f_f012788,2,1,2308280001,강릉 동화 가든 본점
f_f012788,2,2,2308280003,강릉역
f_f012788,2,3,2308280004,서울역
f_f012788,2,4,2308280005,행신역
f_f012788,2,5,2308280002,기숙사
f_f012791,1,1,2309060001,집
f_f012791,1,2,2309060003,국립경주박물관
f_f012791,1,3,2309060004,거송 갈비찜
f_f012791,1,4,2309060005,스컹크 웍스
f_f012791,1,5,2309060006,동궁과 월지
f_f012791,1,6,2309060002,집
f_f012803,1,1,2308260001,집
f_f012803,1,2,2308260007,마산 시외버스터미널
f_f012803,1,3,2308260005,함안 버스터미널
f_f012803,1,4,2308260002,함안박물관
f_f012803,1,5,2308260003,함안 말이 산 고분군
f_f012803,1,6,2308260004,쾌지나 칭칭
f_f012803,1,7,2308260008,함안 버스터미널
f_f012803,1,8,2308260009,마산 시외버스터미널
f_f012803,1,9,2308260006,집
f_f012811,1,1,2308260001,집
f_f012811,1,2,2308260002,로제르 파리
f_f012811,1,3,2308260003,수경사
f_f012811,1,4,2308260004,대릉원
f_f012811,1,5,2308260005,황남 옥수수 황리단길점
f_f012811,1,6,2308260006,전촌용 굴
f_f012811,1,7,2308260007,집
f_f012842,1,1,2308270001,집
f_f012842,1,2,2308270002,수타사
f_f012842,1,3,2308270003,홍천 동키 마을
f_f012842,1,4,2308270004,원 할머니보쌈족발 홍천점
f_f012842,1,5,2308270005,집
f_f012843,1,1,2308310001,친구 친지 집
f_f012843,1,2,2308310002,오봉 해물칼국수
f_f012843,1,3,2308310003,카페와 순
f_f012843,1,4,2308310004,코인 질러 동전 노래연습장
f_f012843,1,5,2308310005,황산공원
f_f012843,1,6,2308310006,화명동 롯데낙천대아파트
f_f012890,1,1,2308260001,집
f_f012890,1,2,2308260003,벤자마스
f_f012890,1,3,2308260004,황련단길
f_f012890,1,4,2308260005,대릉원
f_f012890,1,5,2308260006,첨성대
f_f012890,1,6,2308260007,동궁과 월지
f_f012890,1,7,2308260008,트레 비어 경주점
f_f012890,1,8,2308260009,경주 황성 KCC 스위첸 아파트
f_f012890,1,9,2308260002,집
f_f012892,1,1,2308260001,집
f_f012892,1,2,2308260002,대치 1단지 아파트
f_f012892,1,3,2308260003,일원 주유소
f_f012892,1,4,2308260004,산속의 친구
f_f012892,1,5,2308260005,세심 다원
f_f012892,1,6,2308260006,동강사진 박물관
f_f012892,1,7,2308260007,영월 서부시장
f_f012892,1,8,2308260009,CU 영월
f_f012892,1,9,2308260008,마이 영월 홈
f_f012892,2,1,2308270001,감자바위 옹심이 칼국수
f_f012892,2,2,2308270002,한반도 지형 전망대
f_f012892,2,3,2308270003,플레이스영
f_f012892,2,4,2308270004,젊은 달 와이 파크
f_f012892,2,5,2308270005,대치 1단지 아파트
f_f012892,2,6,2308270006,집
f_f012915,1,1,2308260001,집
f_f012915,1,2,2308260002,몽글몽글 구름 순두부
f_f012915,1,3,2308260003,동화사
f_f012915,1,4,2308260004,티 안이 티에프
f_f012915,1,5,2308260005,대구혁신도시 서한이 다음 2차 아파트
f_f012915,2,1,2308270001,경주 현곡 우렁이 쌈 대구 만촌점
f_f012915,2,2,2308270002,대구혁신도시 서한이 다음 2차 아파트
f_f012915,2,3,2308270003,신지
f_f012915,2,4,2308270004,대구혁신도시 서한이 다음 2차 아파트 배드민턴장
f_f012915,2,5,2308270005,대구혁신도시 서한이 다음 2차 아파트
f_f012915,2,6,2308270006,집
f_f012924,1,1,2308260001,집
f_f012924,1,2,2308260002,국민 안전체험 테마파크 365세이프타운
f_f012924,1,3,2308260004,황지공원 황지연못
f_f012924,1,4,2308260003,맛나 분식
f_f012924,1,5,2308260005,황지자유시장
f_f012924,1,6,2308260006,라마다 강원 태백 호텔
f_f012924,1,7,2308260007,매봉산 바람의 언덕
f_f012924,1,8,2308260008,구공탄 92
f_f012924,1,9,2308260009,라마다 강원 태백 호텔
f_f012924,2,1,2308270001,세븐일레븐 태백산 광장점
f_f012924,2,2,2308270002,태백석탄 박물관
f_f012924,2,3,2308270003,황지자유시장
f_f012924,2,4,2308270004,미인폭포
f_f012924,2,5,2308270005,덕풍계곡
f_f012924,2,6,2308270006,망양휴게소
f_f012924,2,7,2308270007,집
f_f012934,1,1,2308260001,집
f_f012934,1,2,2308260002,함안휴게소 순천방향
f_f012934,1,3,2308260003,진주종합 경기장
f_f012934,1,4,2308260004,안의 광풍루
f_f012934,1,5,2308260006,구로 정
f_f012934,1,6,2308260005,농월정
f_f012934,1,7,2308260007,숙소
f_f012934,2,1,2308270001,안의 버스터미널
f_f012934,2,2,2308270002,용추폭포
f_f012934,2,3,2308270003,용추사
f_f012934,2,4,2308270004,경남 창원시 성산구 정도로 162번 길 7 44호
f_f012942,1,1,2308260001,집
f_f012942,1,2,2308260007,용산역
f_f012942,1,3,2308260002,춘천역 경춘선
f_f012942,1,4,2308260003,소양강 스카이워크
f_f012942,1,5,2308260004,춘천막국수
f_f012942,1,6,2308260005,육림 고개
f_f012942,1,7,2308260006,카페 감자밭 본점
f_f012942,1,8,2308260008,춘천역 경춘선
f_f012942,1,9,2308260009,집
f_f012947,1,1,2308260001,집
f_f012947,1,2,2308260006,부산역
f_f012947,1,3,2308260005,개미집 송도점
f_f012947,1,4,2308260007,숨 게스트하우스 송도점
f_f012947,1,5,2308260008,송도해수욕장
f_f012947,1,6,2308260004,백화 양 곱창 2호
f_f012947,1,7,2308260003,시이오니
f_f012947,1,8,2308260002,숨 게스트하우스 송도점
f_f012947,2,1,2308270002,광안리해수욕장
f_f012947,2,2,2308270003,마이 페이 보릿 쿠키
f_f012947,2,3,2308270004,민락수변공원
f_f012947,2,4,2308270005,수변 최고 돼지국밥 민락 본점
f_f012947,2,5,2308270006,밀란 더 마켓
f_f012947,2,6,2308270007,광안리해수욕장
f_f012947,2,7,2308270008,콩 카페 광안리점
f_f012947,2,8,2308270009,부산역
f_f012947,2,9,2308270010,국제시장
f_f012947,2,10,2308270011,육전 밀면 남포점
f_f012947,2,11,2308270012,용두산공원
f_f012947,2,12,2308270013,부산역
f_f012947,2,13,2308270001,집
f_f012953,1,1,2308310001,집
f_f012953,1,2,2308310002,동대구 터미널
f_f012953,1,3,2308310003,대 쿠이 본점
f_f012953,1,4,2308310004,루시드
f_f012953,1,5,2308310005,코잔타
f_f012953,1,6,2308310006,지이 포토 동성로
f_f012953,1,7,2308310007,구공탄 막창 형님 본점
f_f012953,1,8,2308310008,두류 공원
f_f012953,1,9,2308310009,동대구역 in the hotel
f_f012953,2,1,2309010001,서문시장
f_f012953,2,2,2309010002,대구 중구 골목투어 근대문화골목(2코스)
f_f012953,2,3,2309010003,대구근대골목 단팥빵 동성로 본점
f_f012953,2,4,2309010004,연화
f_f012953,2,5,2309010005,주비 두루 향기롭다
f_f012953,2,6,2309010006,고니 식탁
f_f012953,2,7,2309010007,동대구 터미널
f_f012953,2,8,2309010008,집
f_f012966,1,1,2308260001,집
f_f012966,1,2,2308260004,빌라쥬 드 아난티
f_f012966,1,3,2308260003,아난티 힐튼 부산 아난티 타운
f_f012966,1,4,2308260006,국립부산과학관
f_f012966,1,5,2308260007,코랄 라느니
f_f012966,1,6,2308260005,효성 노블 시티 아파트
f_f012970,1,1,2308300001,집
f_f012970,1,2,2308300002,본전 돼지국밥
f_f012970,1,3,2308300003,흰 여울 문화마을
f_f012970,1,4,2308300004,롯데마트 광복점
f_f012970,1,5,2308300005,진미 횟집
f_f012970,1,6,2308300006,광안리해수욕장
f_f012970,1,7,2308300008,차선책
f_f012970,1,8,2308300009,광안리해수욕장
f_f012970,1,9,2308300010,언플 랜드 88
f_f012970,1,10,2308300011,광안리해수욕장
f_f012970,1,11,2308300012,언플 랜드 88
f_f012970,1,12,2308300025,언플 랜드 88
f_f012970,2,1,2308310001,광안리해수욕장
f_f012970,2,2,2308310002,언플 랜드 88
f_f012970,2,3,2308310003,광안리해수욕장
f_f012970,2,4,2308310004,유어타입
f_f012970,2,5,2308310005,해운대 블루라인파크 미포 정거장
f_f012970,2,6,2308310006,해동용궁사
f_f012970,2,7,2308310007,송정면가
f_f012970,2,8,2308310008,해운대 블루라인파크 송정 정거장
f_f012970,2,9,2308310009,해운대해수욕장
f_f012970,2,10,2308310010,동백섬
f_f012970,2,11,2308310011,굿올데이저카페
f_f012970,2,12,2308310012,집
f_f012980,1,1,2308260001,집
f_f012980,1,2,2308260002,산청휴게소 통영방향
f_f012980,1,3,2308260003,스카이라인 루지 통영
f_f012980,1,4,2308260005,해지음 풀빌라 펜션
f_f012980,2,1,2308270001,에이앤비더카트인 통영
f_f012980,2,2,2308270002,시장 식당
f_f012980,2,3,2308270003,집
f_f012988,1,1,2309020001,집
f_f012988,1,2,2309020002,마라도 회 식당
f_f012988,1,3,2309020003,환호공원
f_f012988,1,4,2309020004,환호공원 포항시립미술관
f_f012988,1,5,2309020005,영일대해수욕장
f_f012988,1,6,2309020006,에어비앤비 숙소
f_f012988,1,7,2309020007,해물 직판장
f_f012988,1,8,2309020008,에어비앤비 숙소
f_f012988,2,1,2309030001,차 밭고 감자탕
f_f012988,2,2,2309030002,이디야커피 포항 대잠점
f_f012988,2,3,2309030003,포항터미널
f_f012988,2,4,2309030004,집
f_f012992,1,1,2308270001,집
f_f012992,1,2,2308270003,블루 원 워터파크
f_f012992,1,3,2308270004,황련단길
f_f012992,1,4,2308270005,대릉원
f_f012992,1,5,2308270006,경주 시외버스터미널
f_f012992,1,6,2308270002,집
f_f012993,1,1,2308280001,집
f_f012993,1,2,2308280002,이영우 팽나무
f_f012993,1,3,2308280003,청도읍 선
f_f012993,1,4,2308280004,버던트
f_f012993,1,5,2308280005,랜드 로드 커피
f_f012993,1,6,2308280006,신전 떡볶이 창원 팔용점
f_f012993,1,7,2308280007,집
f_f013001,1,1,2308290001,집
f_f013001,1,2,2308290003,남산 시외버스정류소
f_f013001,1,3,2308290004,태종대유원지
f_f013001,1,4,2308290005,호텔에 델라
f_f013001,1,5,2308290002,호텔에 델라
f_f013001,2,1,2308300002,태종대 다 노비 열차
f_f013001,2,2,2308300003,밀란 더 마켓
f_f013001,2,3,2308300001,집
f_f013006,1,1,2308260001,집
f_f013006,1,2,2308260002,홍천 휴게소 양양 방향
f_f013006,1,3,2308260003,등대해수욕장
f_f013006,1,4,2308260004,속초관광수산시장
f_f013006,1,5,2308260005,속초 설악 2 유원지
f_f013006,1,6,2308260006,집
f_f013011,1,1,2308280001,집
f_f013011,1,2,2308280002,부산 서부버스터미널
f_f013011,1,3,2308280003,경주 시외버스터미널
f_f013011,1,4,2308280004,노워즈 경주점
f_f013011,1,5,2308280005,지지 호텔
f_f013011,1,6,2308280014,경주농협 하나로마트 본점
f_f013011,1,7,2308280006,불국사
f_f013011,1,8,2308280007,경주 밀면 본점
f_f013011,1,9,2308280008,플레이스 씨
f_f013011,1,10,2308280009,동궁과 월지
f_f013011,1,11,2308280010,충효 닭집
f_f013011,1,12,2308280011,경주농협 하나로마트 본점
f_f013011,1,13,2308280012,지지 호텔
f_f013011,1,14,2308280013,경북 경주시 태조로 685번 길 2(에이치 애비뉴 호텔)
f_f013011,2,1,2308290001,경성 주차장
f_f013011,2,2,2308290002,국립경주박물관
f_f013011,2,3,2308290003,낙지 마실
f_f013011,2,4,2308290004,경주엑스포 대공원
f_f013011,2,5,2308290006,경주 양남 주상절리
f_f013011,2,6,2308290005,아덴
f_f013011,2,7,2308290007,경성 주차장
f_f013011,2,8,2308290008,쇠전 뭉치기
f_f013011,2,9,2308290009,경주 시외버스터미널
f_f013011,2,10,2308290011,부산 서부버스터미널
f_f013011,2,11,2308290010,집
f_f013013,1,1,2308270001,집
f_f013013,1,2,2308270003,공가네 감자옹심이
f_f013013,1,3,2308270004,송이 닭강정 본점
f_f013013,1,4,2308270005,서피 비치
f_f013013,1,5,2308270006,페이 보릿
f_f013013,1,6,2308270008,리빙
f_f013013,1,7,2308270002,코랄로나 이 조선
f_f013013,2,1,2308280001,풍미
f_f013013,2,2,2308280002,빽다방 강원 양양점
f_f013013,2,3,2308280003,집
f_f013015,1,1,2309020001,집
f_f013015,1,2,2309020002,횡성휴게소 강릉방향
f_f013015,1,3,2309020003,안목 해변
f_f013015,1,4,2309020004,센트럴 모텔
f_f013015,1,5,2309020005,강릉 중앙시장
f_f013015,1,6,2309020006,ever pc방
f_f013015,1,7,2309020007,센트럴 모텔
f_f013015,2,1,2309030001,강릉 중앙시장
f_f013015,2,2,2309030002,정동진 레일바이크
f_f013015,2,3,2309030003,양평 휴게소 광주방향
f_f013015,2,4,2309030004,집
f_f013016,1,1,2308280001,집
f_f013016,1,2,2308280003,부산광역시 부산진구 부전동 521-1 KT&G 상상마당
f_f013016,1,3,2308280006,노티스 부산 해운대
f_f013016,1,4,2308280004,타이가텐푸라
f_f013016,1,5,2308280005,청사포 역
f_f013016,1,6,2308280007,해운대해수욕장
f_f013016,1,7,2308280008,광안리해수욕장
f_f013016,1,8,2308280002,집
f_f013019,1,1,2308260001,사무실
f_f013019,1,2,2308260003,둔내농협 문화 지점
f_f013019,1,3,2308260004,베니스 펜션
f_f013019,1,4,2308260002,피닉스 평창
f_f013019,2,1,2308270001,원주 서곡 전원마을
f_f013019,2,2,2308270002,철 다리 정육 식당
f_f013019,2,3,2308270003,뜨란채 아파트
f_f013038,1,1,2308280001,집
f_f013038,1,2,2308280002,경기 광주 휴게소 원주 방향
f_f013038,1,3,2308280003,강릉 감자옹심이 강릉 본점
f_f013038,1,4,2308280004,강릉 중앙시장
f_f013038,1,5,2308280005,이마트 강릉점
f_f013038,1,6,2308280007,강문해변
f_f013038,1,7,2308280009,경포의 휴일 펜션
f_f013038,2,1,2308290001,초당 맷돌순두부
f_f013038,2,2,2308290002,에이엔 브레드
f_f013038,2,3,2308290003,집
f_f013039,1,1,2308290001,집
f_f013039,1,2,2308290003,춘천역 경춘선
f_f013039,1,3,2308290002,청량리역
f_f013039,1,4,2308290005,롯데마트 춘천점
f_f013039,1,5,2308290004,호남 식당 닭갈비 막국수
f_f013039,1,6,2308290006,하얀 허브 펜션
f_f013039,2,1,2308300002,강촌레일파크 김유정 레일바이크
f_f013039,2,2,2308300003,소양강 스카이워크
f_f013039,2,3,2308300004,토담 숯불닭갈비
f_f013039,2,4,2308300005,카페 감자밭 본점
f_f013039,2,5,2308300006,춘천역 경춘선
f_f013039,2,6,2308300001,집
f_f013052,1,1,2308270001,집
f_f013052,1,2,2308270003,강릉역
f_f013052,1,3,2308270004,강다방 이야기 공장
f_f013052,1,4,2308270005,포남 사골 옹심이
f_f013052,1,5,2308270006,안목 해변
f_f013052,1,6,2308270007,미르 마르 본점
f_f013052,1,7,2308270008,사르륵 구슬 아이스크림
f_f013052,1,8,2308270009,강문해변
f_f013052,1,9,2308270010,아르떼 뮤지엄 강릉
f_f013052,1,10,2308270011,테라로사 경포호수점
f_f013052,1,11,2308270012,초당 미소
f_f013052,1,12,2308270013,초당 성당
f_f013052,1,13,2308270014,강릉역
f_f013052,1,14,2308270002,집
f_f013061,1,1,2309010001,사무실
f_f013061,1,2,2309010003,전포 놀이터 골목시장
f_f013061,1,3,2309010004,언더우드
f_f013061,1,4,2309010005,파동
f_f013061,1,5,2309010006,이너 엘리
f_f013061,1,6,2309010002,양산 유림 노르웨이 아침 아파트
f_f013064,1,1,2308290001,집
f_f013064,1,2,2308290002,서울역
f_f013064,1,3,2308290003,부산역
f_f013064,1,4,2308290004,도시 크랩 광안
f_f013064,1,5,2308290005,광안리해수욕장
f_f013064,1,6,2308290006,사우스반데모 호텔
f_f013064,2,1,2308300001,롯데백화점 부산본점
f_f013064,2,2,2308300002,사우스반데모 호텔
f_f013064,2,3,2308300003,삼아 정
f_f013064,2,4,2308300004,커피 빈 부산 서면점
f_f013064,2,5,2308300005,집
f_f013073,1,1,2309030001,집
f_f013073,1,2,2309030002,대포 생선조림 밥상
f_f013073,1,3,2309030003,속초해수욕장
f_f013073,1,4,2309030004,속초 아이
f_f013073,1,5,2309030005,속초 항아리 물회
f_f013073,1,6,2309030006,안젤루스 소원테마파크
f_f013073,1,7,2309030007,웨일 라잇
f_f013073,1,8,2309030008,가평휴게소 서울 방향
f_f013073,1,9,2309030009,집
f_f013084,1,1,2308260001,집
f_f013084,1,2,2308260002,경산역
f_f013084,1,3,2308260003,부산역
f_f013084,1,4,2308260005,168계단 모노레일
f_f013084,1,5,2308260006,망양로산복도로전시관
f_f013084,1,6,2308260007,스시 부엌
f_f013084,1,7,2308260008,부산청년센터
f_f013084,1,8,2308260009,영도대교
f_f013084,1,9,2308260010,미터 선원
f_f013084,1,10,2308260011,부산 용두산
f_f013084,1,11,2308260012,북항 문화공원 1차 개발 구역
f_f013084,1,12,2308260013,부산역
f_f013084,1,13,2308260014,대구역
f_f013084,1,14,2308260015,DGB 대구은행 파크
f_f013084,1,15,2308260004,집
f_f013098,1,1,2309090001,집
f_f013098,1,2,2309090003,국립경주박물관
f_f013098,1,3,2309090004,무궁무진
f_f013098,1,4,2309090005,소하 염전 경주
f_f013098,1,5,2309090006,촘촘 경주 황리 비단길점
f_f013098,1,6,2309090002,집
f_f013101,1,1,2309100001,집
f_f013101,1,2,2309100002,베이커리 시어터
f_f013101,1,3,2309100003,남이섬
f_f013101,1,4,2309100004,통나무집
f_f013101,1,5,2309100005,집
f_f013110,1,1,2308300001,집
f_f013110,1,2,2308300003,숨은 집
f_f013110,1,3,2308300004,키치 키치 동성로점
f_f013110,1,4,2308300005,크레이지팡팡
f_f013110,1,5,2308300006,삼송 빵집 본점
f_f013110,1,6,2308300008,페이지 2
f_f013110,1,7,2308300007,앞산 큰 골 집 동성로점
f_f013110,1,8,2308300009,에스닷 대구점
f_f013110,1,9,2308300010,스파크 랜드
f_f013110,1,10,2308300002,집
f_f013113,1,1,2308260001,집
f_f013113,1,2,2308260011,군위 영천 휴게소 영천 방향
f_f013113,1,3,2308260003,간절곶
f_f013113,1,4,2308260004,그린비 서생점
f_f013113,1,5,2308260005,간절곶 돌문어
f_f013113,1,6,2308260007,남창 옹기종기 시장
f_f013113,1,7,2308260006,진하해수욕장
f_f013113,1,8,2308260008,철구소 계곡
f_f013113,1,9,2308260009,그레 이문 호텔
f_f013113,1,10,2308260010,나루터
f_f013113,1,11,2308260012,그레 이문 호텔
f_f013113,2,1,2308270001,간월 자연휴양림 주차장
f_f013113,2,2,2308270002,언양 원조 불고기
f_f013113,2,3,2308270003,황남빵 주차장
f_f013113,2,4,2308270004,삼국유사 권위 주유소(상주 방향)
f_f013113,2,5,2308270005,집
f_f013125,1,1,2308260001,집
f_f013125,1,2,2308260003,가평휴게소 춘천 방향
f_f013125,1,3,2308260006,피자 정비소
f_f013125,1,4,2308260004,낙산사
f_f013125,1,5,2308260005,양양전통시장
f_f013125,1,6,2308260007,페이 보릿
f_f013125,1,7,2308260008,하조대
f_f013125,1,8,2308260009,스테이 다로
f_f013125,1,9,2308260010,인구 수산 포차
f_f013125,1,10,2308260011,플리즈 웨이스
f_f013125,1,11,2308260012,스테이 다로
f_f013125,2,1,2308270001,삽교리 동치미 막국수 양양점
f_f013125,2,2,2308270003,빽다방 강원 양양점
f_f013125,2,3,2308270002,집
f_f013135,1,1,2308260001,숙소
f_f013135,1,2,2308260003,동서울 종합터미널
f_f013135,1,3,2308260004,양양종합여객터미널
f_f013135,1,4,2308260005,물치 손칼국수
f_f013135,1,5,2308260006,서피 비치
f_f013135,1,6,2308260007,코로나 선셋바
f_f013135,1,7,2308260008,마할 모 호텔
f_f013135,1,8,2308260009,서주다
f_f013135,1,9,2308260010,양리단길
f_f013135,1,10,2308260011,가미
f_f013135,1,11,2308260012,마할 모 호텔
f_f013135,1,12,2308260013,죽도해변
f_f013135,1,13,2308260014,마할 모 호텔
f_f013135,2,1,2308270001,죽도해변
f_f013135,2,2,2308270002,냐멘
f_f013135,2,3,2308270003,페이 보릿
f_f013135,2,4,2308270004,낙산사
f_f013135,2,5,2308270005,롯데리아 양양점
f_f013135,2,6,2308270006,양양종합여객터미널
f_f013135,2,7,2308270007,집
f_f013141,1,1,2309020001,집
f_f013141,1,2,2309020003,장안 휴게소 울산 방향
f_f013141,1,3,2309020004,외고산 옹기마을
f_f013141,1,4,2309020005,자수정 동굴나라
f_f013141,1,5,2309020006,언양 원조 불고기
f_f013141,1,6,2309020007,태화강 참숯가마
f_f013141,1,7,2309020002,집
f_f013146,1,1,2309030001,집
f_f013146,1,2,2309030003,부산종합버스터미널
f_f013146,1,3,2309030004,경주 시외버스터미널
f_f013146,1,4,2309030005,낙지 마실
f_f013146,1,5,2309030006,국립경주박물관
f_f013146,1,6,2309030007,석굴암
f_f013146,1,7,2309030008,첨성대
f_f013146,1,8,2309030009,경주 내물왕릉
f_f013146,1,9,2309030010,대릉원
f_f013146,1,10,2309030011,대화 만두
f_f013146,1,11,2309030012,제로 스페이스 경주
f_f013146,1,12,2309030013,황금십원빵
f_f013146,1,13,2309030014,경주 시외버스터미널
f_f013146,1,14,2309030015,부산종합버스터미널
f_f013146,1,15,2309030002,집
f_f013154,1,1,2308260001,집
f_f013154,1,2,2308260002,군위 영천 휴게소 영천 방향
f_f013154,1,3,2308260003,구룡포 일본인 가옥거리
f_f013154,1,4,2308260004,호미곶
f_f013154,1,5,2308260005,짬홍 본점
f_f013154,1,6,2308260006,곤륜산 활공장
f_f013154,1,7,2308260007,밸런타인 호텔
f_f013154,1,8,2308260009,환호공원 스페이스 워크
f_f013154,1,9,2308260008,포항 생막창
f_f013154,1,10,2308260010,밸런타인 호텔
f_f013154,2,1,2308270001,장기 식당
f_f013154,2,2,2308270002,죽도 시장
f_f013154,2,3,2308270003,집
f_f013169,1,1,2308260001,집
f_f013169,1,2,2308260003,신세계백화점 대구점
f_f013169,1,3,2308260002,집
f_f013171,1,1,2309080001,집
f_f013171,1,2,2309080002,청량리역
f_f013171,1,3,2309080003,강릉역
f_f013171,1,4,2309080004,강릉 김밥 용지 각 본점
f_f013171,1,5,2309080005,강다방 이야기 공장
f_f013171,1,6,2309080006,삼척해변역
f_f013171,1,7,2309080007,힘력 풍천 장어
f_f013171,1,8,2309080008,삼척해변
f_f013171,1,9,2309080009,카페 얼
f_f013171,1,10,2309080010,삼척해변
f_f013171,1,11,2309080011,순두부 젤라또 4호점
f_f013171,1,12,2309080012,강릉역
f_f013171,1,13,2309080013,강릉 중앙시장
f_f013171,1,14,2309080014,카페 캐트시
f_f013171,1,15,2309080015,강릉 월화 거리
f_f013171,1,16,2309080016,강릉역
f_f013171,1,17,2309080017,청량리역
f_f013171,1,18,2309080018,집
f_f013177,1,1,2309090001,집
f_f013177,1,2,2309090002,양평 휴게소 원주 방향
f_f013177,1,3,2309090003,삽교리 동치미 막국수 본점
f_f013177,1,4,2309090004,중앙시장 제1공영주차장
f_f013177,1,5,2309090005,강릉 중앙시장
f_f013177,1,6,2309090006,사근 긴 해변
f_f013177,1,7,2309090007,차 리프
f_f013177,1,8,2309090008,경포 비스타 호텔
f_f013177,1,9,2309090009,중앙 형제 횟집
f_f013177,1,10,2309090010,CGV 강릉
f_f013177,1,11,2309090011,경포 비스타 호텔
f_f013177,2,1,2309100001,경포해수욕장
f_f013177,2,2,2309100002,강릉 바우길
f_f013177,2,3,2309100003,루이 식당
f_f013177,2,4,2309100004,테라로사 경포호수점
f_f013177,2,5,2309100005,아델리움 B동
f_f013183,1,1,2308290001,집
f_f013183,1,2,2308290003,서울역
f_f013183,1,3,2308290004,신경주역
f_f013183,1,4,2308290005,롯데리아 신경주역사점
f_f013183,1,5,2308290006,불국사
f_f013183,1,6,2308290007,동양 백반
f_f013183,1,7,2308290008,황련단길
f_f013183,1,8,2308290009,라소 커피 스튜디오
f_f013183,1,9,2308290010,황련단길
f_f013183,1,10,2308290011,동궁과 월지
f_f013183,1,11,2308290012,내안애
f_f013183,1,12,2308290002,141미니 호텔
f_f013183,2,1,2308300002,캔모아 경주점
f_f013183,2,2,2308300003,141미니 호텔
f_f013183,2,3,2308300004,신경주역
f_f013183,2,4,2308300005,대전역
f_f013183,2,5,2308300006,트래블 라운지
f_f013183,2,6,2308300007,공주 얼큰이 칼국수 주꾸미
f_f013183,2,7,2308300008,테라스 키친
f_f013183,2,8,2308300009,성심당 본점
f_f013183,2,9,2308300010,중앙로 지하상가
f_f013183,2,10,2308300011,대전역
f_f013183,2,11,2308300001,집
f_f013184,1,1,2309030001,집
f_f013184,1,2,2309030003,까치 식당
f_f013184,1,3,2309030004,경주엑스포 대공원
f_f013184,1,4,2309030005,원화루
f_f013184,1,5,2309030006,카페 계단
f_f013184,1,6,2309030007,진가에 대구 갈비
f_f013184,1,7,2309030008,셔터
f_f013184,1,8,2309030009,땡큐 치킨 황남점
f_f013184,1,9,2309030002,원화루
f_f013184,2,1,2309040002,맷돌순두부
f_f013184,2,2,2309040003,대릉원
f_f013184,2,3,2309040004,카페는
f_f013184,2,4,2309040001,집
f_f013198,1,1,2309020001,집
f_f013198,1,2,2309020002,양양농협 하나로마트 본점
f_f013198,1,3,2309020003,양양전통시장
f_f013198,1,4,2309020004,양양 회포장
f_f013198,1,5,2309020005,양양 죽도 오토캠핑장
f_f013198,2,1,2309030002,오색약수 산채음식촌
f_f013198,2,2,2309030003,한계령 휴게소
f_f013198,2,3,2309030001,집
f_f013199,1,1,2309160001,집
f_f013199,1,2,2309160002,국립경주박물관
f_f013199,1,3,2309160003,황련단길
f_f013199,1,4,2309160004,연희옥
f_f013199,1,5,2309160005,황리 단 십원빵 2호점
f_f013199,1,6,2309160006,불국사 농협 하나로마트
f_f013199,1,7,2309160007,리포소풀빌라
f_f013199,1,8,2309160008,토함한우채
f_f013199,1,9,2309160009,리포소풀빌라
f_f013199,2,1,2309170001,경주엑스포 대공원
f_f013199,2,2,2309170002,경주 보문 실탄사격장
f_f013199,2,3,2309170003,바니 베어뮤지엄
f_f013199,2,4,2309170004,풀잎 채 보문점
f_f013199,2,5,2309170005,집
f_f013201,1,1,2308260001,사무실
f_f013201,1,2,2308260002,수원역
f_f013201,1,3,2308260005,하루 필름 대구 동성로 2호점
f_f013201,1,4,2308260004,동대구역
f_f013201,1,5,2308260006,걸리버 막창 동성로 직영점
f_f013201,1,6,2308260007,오오에 스튜디오
f_f013201,1,7,2308260008,핸즈 커피 동성 로데오점
f_f013201,1,8,2308260009,트리플에스
f_f013201,1,9,2308260003,호텔 맥심
f_f013201,2,1,2308270004,최가네 케이크
f_f013201,2,2,2308270002,낙영 찜 갈비 본점
f_f013201,2,3,2308270003,대구예술 발전소
f_f013201,2,4,2308270005,미스터 힐링 대구 동성로점
f_f013201,2,5,2308270006,신세계백화점 대구점
f_f013201,2,6,2308270007,동대구역
f_f013201,2,7,2308270008,수원역
f_f013201,2,8,2308270001,우리집
f_f013219,1,1,2308270001,사무실
f_f013219,1,2,2308270005,호우총
f_f013219,1,3,2308270002,부산역
f_f013219,1,4,2308270003,신경주역
f_f013219,1,5,2308270004,조르바
f_f013219,1,6,2308270006,소옥
f_f013219,1,7,2308270007,첨성대
f_f013219,1,8,2308270008,소품
f_f013219,1,9,2308270009,삼덕 마켓
f_f013219,1,10,2308270010,신경주역
f_f013219,1,11,2308270011,부산역
f_f013219,1,12,2308270012,화성 빌라
f_f013220,1,1,2309220001,집
f_f013220,1,2,2309220003,동대구역
f_f013220,1,3,2309220004,벡스코 제2전시장
f_f013220,1,4,2309220006,미분당 서면점
f_f013220,1,5,2309220005,코랄 라느니
f_f013220,1,6,2309220007,부산역
f_f013220,1,7,2309220002,집
f_f013244,1,1,2308260001,집
f_f013244,1,2,2308260009,친구 집
f_f013244,1,3,2308260002,맥도날드 창원 사파 DT 점
f_f013244,1,4,2308260003,통영항 여객선 터미널
f_f013244,1,5,2308260004,비진 노을 섬 민박
f_f013244,1,6,2308260005,비진도해수욕장
f_f013244,1,7,2308260007,비진도 외항에서 내항으로 트래킹 하며 도보 이동
f_f013244,1,8,2308260008,내항한
f_f013244,1,9,2308260006,비진 노을 섬 민박
f_f013244,2,1,2308270002,내항한
f_f013244,2,2,2308270003,비진 노을 섬 민박
f_f013244,2,3,2308270004,통영항 여객선 터미널
f_f013244,2,4,2308270007,친구 집
f_f013244,2,5,2308270005,스카이라인 루지 통영
f_f013244,2,6,2308270006,용궁 식당
f_f013244,2,7,2308270001,집
f_f013251,1,1,2309070001,집
f_f013251,1,2,2309070003,청학동 식당
f_f013251,1,3,2309070004,일해공원
f_f013251,1,4,2309070005,합천영상테마파크
f_f013251,1,5,2309070006,합천 정원 테마파크
f_f013251,1,6,2309070002,집
f_f013263,1,1,2308260001,집
f_f013263,1,2,2308260002,이목리 막국수
f_f013263,1,3,2308260003,봉포 해변
f_f013263,1,4,2308260004,낙산사
f_f013263,1,5,2308260005,속초 아버지 명가
f_f013263,1,6,2308260006,집
f_f013267,1,1,2308280001,집
f_f013267,1,2,2308280008,태화강역
f_f013267,1,3,2308280003,대왕암공원 출렁다리
f_f013267,1,4,2308280004,진영 숯불갈비
f_f013267,1,5,2308280005,태화강 국가 정원
f_f013267,1,6,2308280006,태화루공원
f_f013267,1,7,2308280007,태화강역
f_f013267,1,8,2308280002,집
f_f013283,1,1,2309090001,집
f_f013283,1,2,2309090003,광안역 부산 2호선
f_f013283,1,3,2309090004,수 영역 부산 2호선
f_f013283,1,4,2309090005,구포역
f_f013283,1,5,2309090006,동대구역
f_f013283,1,6,2309090007,동대구역 대구 1호선
f_f013283,1,7,2309090008,반월당역 대구 1호선
f_f013283,1,8,2309090009,도마 29
f_f013283,1,9,2309090010,동성로
f_f013283,1,10,2309090011,스파크 랜드
f_f013283,1,11,2309090012,더 그래 사운드
f_f013283,1,12,2309090013,더 현대 대구
f_f013283,1,13,2309090014,대구약령시 문화거리
f_f013283,1,14,2309090015,주교좌 계산 대성당
f_f013283,1,15,2309090016,서문시장
f_f013283,1,16,2309090017,청라언덕 역 대구 3호선
f_f013283,1,17,2309090018,동대구역
f_f013283,1,18,2309090019,구포역
f_f013283,1,19,2309090020,구포역 부산 3호선
f_f013283,1,20,2309090002,집
f_f013285,1,1,2308270001,집
f_f013285,1,2,2308270002,오송역
f_f013285,1,3,2308270003,부산역
f_f013285,1,4,2308270004,하루 가락국수 서면점
f_f013285,1,5,2308270005,사직단 바스타 시그니처 호텔
f_f013285,1,6,2308270006,부산 아시아드 주경기장
f_f013285,1,7,2308270013,사직단 바스타 시그니처 호텔
f_f013285,2,1,2308280001,영진 돼지국밥
f_f013285,2,2,2308280002,서핑역
f_f013285,2,3,2308280003,해운대해수욕장
f_f013285,2,4,2308280004,개미집 부산역점
f_f013285,2,5,2308280005,부산역
f_f013285,2,6,2308280006,조치원역
f_f013285,2,7,2308280007,집
f_f013317,1,1,2308300001,집
f_f013317,1,2,2308300002,하조대 전망대
f_f013317,1,3,2308300003,낙산사
f_f013317,1,4,2308300004,GS25 낙산 해변점
f_f013317,1,5,2308300005,낙산해수욕장
f_f013317,1,6,2308300006,오산리 선사유적박물관
f_f013317,1,7,2308300007,양양전통시장
f_f013317,1,8,2308300008,신정 닭발 성대시장점
f_f013317,1,9,2308300009,집
f_f013359,1,1,2308260001,집
f_f013359,1,2,2308260003,천주교 우곡 성지
f_f013359,1,3,2308260004,용두식당
f_f013359,1,4,2308260005,봉화목재문화체험장
f_f013359,1,5,2308260006,농은홍유한선생유적지
f_f013359,1,6,2308260007,소수서원
f_f013359,1,7,2308260008,월영교
f_f013359,1,8,2308260009,부용대
f_f013359,1,9,2308260010,안동휴게소 부산방향
f_f013359,1,10,2308260002,집
f_f013387,1,1,2308270001,집
f_f013387,1,2,2308270002,구미역 12출발-대구역 123도착
f_f013387,1,3,2308270003,라움아 틀 리에
f_f013387,1,4,2308270004,오이시카츠
f_f013387,1,5,2308270005,아트플러스 시어터
f_f013387,1,6,2308270006,폴 바셋 롯데백화점 대구점
f_f013387,1,7,2308270007,영풍문고 대구역 롯데점
f_f013387,1,8,2308270008,빵 장수 셰프
f_f013387,1,9,2308270009,대구역 1824출발-구미역 196도착
f_f013387,1,10,2308270010,집
f_f013394,1,1,2308270001,집
f_f013394,1,2,2308270002,대니얼 더 카페
f_f013394,1,3,2308270003,장모님
f_f013394,1,4,2308270004,황산공원
f_f013394,1,5,2308270005,집
f_f013396,1,1,2309100001,집
f_f013396,1,2,2309100003,수성못
f_f013396,1,3,2309100002,호텔 수성
f_f013396,1,4,2309100004,콩 카페 대구 수성못 점
f_f013396,1,5,2309100005,인생네컷 수성못점
f_f013396,1,6,2309100006,신세계백화점 대구점
f_f013396,1,7,2309100007,동대구역
f_f013396,1,8,2309100009,서울역
f_f013396,1,9,2309100008,집
f_f013399,1,1,2309020001,집
f_f013399,1,2,2309020002,울주 휴게소 함양 방향
f_f013399,1,3,2309020003,신세계백화점 대구점
f_f013399,1,4,2309020004,더 현대 대구
f_f013399,1,5,2309020005,청도 새마을 휴게소 하행
f_f013399,1,6,2309020006,집
f_f013407,1,1,2309080001,집
f_f013407,1,2,2309080002,서울고속버스터미널(경부)
f_f013407,1,3,2309080003,홍천 휴게소 양양 방향
f_f013407,1,4,2309080004,속초 대게나라 홍게 마을
f_f013407,1,5,2309080005,속초 아이
f_f013407,1,6,2309080006,속초해수욕장
f_f013407,1,7,2309080007,소유 모텔
f_f013407,1,8,2309080008,메리 고 라운드
f_f013407,1,9,2309080009,속초관광수산시장
f_f013407,1,10,2309080010,속초 시외버스터미널
f_f013407,1,11,2309080011,집
f_f013410,1,1,2309030001,집
f_f013410,1,2,2309030003,3.3국밥
f_f013410,1,3,2309030004,천불 천탑
f_f013410,1,4,2309030005,해인사
f_f013410,1,5,2309030006,합천 가야 농협 하나로마트 본점
f_f013410,1,6,2309030007,쉼표
f_f013410,1,7,2309030002,집
f_f013410,2,1,2309040001,복흥 반점
f_f013410,2,2,2309040002,연꽃 인연
f_f013410,2,3,2309040003,집
f_f013420,1,1,2309020001,집
f_f013420,1,2,2309020002,김포공항터미널
f_f013420,1,3,2309020003,자라섬 캠핑장 모험놀이공원
f_f013420,1,4,2309020004,집
f_f013421,1,1,2309030001,집
f_f013421,1,2,2309030003,송대말 등대
f_f013421,1,3,2309030002,노벰버 스파 리조트
f_f013421,2,1,2309040002,산갈래닭갈비 본점
f_f013421,2,2,2309040003,월정교
f_f013421,2,3,2309040004,이스트 1779
f_f013421,2,4,2309040001,집
f_f013425,1,1,2309090001,집
f_f013425,1,2,2309090002,신세계백화점 센텀시티점
f_f013425,1,3,2309090003,그랜드 조선 부산
f_f013425,1,4,2309090004,해운대해수욕장
f_f013425,1,5,2309090005,행리단길
f_f013425,1,6,2309090006,승한 막창집
f_f013425,1,7,2309090007,왕과 탕후루
f_f013425,1,8,2309090008,그랜드 조선 부산
f_f013425,2,1,2309100001,톤쇼우 광안점
f_f013425,2,2,2309100002,신세계백화점 센텀시티점
f_f013425,2,3,2309100003,장안 휴게소 울산 방향
f_f013425,2,4,2309100004,집
f_f013431,1,1,2309020001,집
f_f013431,1,2,2309020003,덕구온천리조트
f_f013431,1,3,2309020004,대게 골한 우
f_f013431,1,4,2309020005,유나이 아
f_f013431,1,5,2309020002,덕구온천리조트
f_f013431,2,1,2309030002,망양정 횟집 해물칼국수
f_f013431,2,2,2309030003,르카페 말리
f_f013431,2,3,2309030001,집
f_f013437,1,1,2309010001,집
f_f013437,1,2,2309010002,서울역
f_f013437,1,3,2309010003,본 참치
f_f013437,1,4,2309010004,부산영화체험 박물관
f_f013437,1,5,2309010005,에테르
f_f013437,1,6,2309010007,송정 삼대 국밥
f_f013437,1,7,2309010006,롯데호텔 부산
f_f013437,2,1,2309020001,광안리해수욕장
f_f013437,2,2,2309020002,밀란 더 마켓
f_f013437,2,3,2309020003,롯데백화점 센텀시티점
f_f013437,2,4,2309020004,부산역
f_f013437,2,5,2309020005,집
f_f013442,1,1,2308290001,집
f_f013442,1,2,2308290002,포항터미널
f_f013442,1,3,2308290003,해운대 시외버스정류소
f_f013442,1,4,2308290004,유루유루
f_f013442,1,5,2308290005,산리 오러 버스 클럽
f_f013442,1,6,2308290006,원에 학
f_f013442,1,7,2308290007,블루 터틀
f_f013442,1,8,2308290008,노티스 부산 해운대
f_f013442,1,9,2308290009,로열 경양식 스테이크 광안점
f_f013442,1,10,2308290010,광안리해수욕장
f_f013442,1,11,2308290011,해피 몽크
f_f013442,1,12,2308290012,해운대 시외버스정류소
f_f013442,1,13,2308290013,포항터미널
f_f013442,1,14,2308290014,집
f_f013455,1,1,2309010001,집
f_f013455,1,2,2309010002,비발디파크 오션월드
f_f013455,1,3,2309010003,하남돼지집 정릉점
f_f013455,1,4,2309010004,집
f_f013463,1,1,2308300001,집
f_f013463,1,2,2308300002,대전역
f_f013463,1,3,2308300003,부산역
f_f013463,1,4,2308300004,개미집 본점
f_f013463,1,5,2308300005,엘리 그레이
f_f013463,1,6,2308300006,비밀
f_f013463,1,7,2308300007,해운대역 부산 2호선
f_f013463,1,8,2308300008,해운대해수욕장
f_f013463,1,9,2308300009,랑데자뷰 해운대점
f_f013463,1,10,2308300010,해운 회관
f_f013463,1,11,2308300011,수영만 요트경기장
f_f013463,1,12,2308300012,빌리 부광 안에 이라크 오션
f_f013463,1,13,2308300013,서즈데이 파티
f_f013463,1,14,2308300017,빌리 부광 안에 이라크 오션
f_f013463,2,1,2308310001,괴정 집
f_f013463,2,2,2308310002,부산역
f_f013463,2,3,2308310003,집
f_f013478,1,1,2308290001,집
f_f013478,1,2,2308290002,대전역
f_f013478,1,3,2308290003,신경주역
f_f013478,1,4,2308290004,스컹크 웍스
f_f013478,1,5,2308290005,6.6갈비찜
f_f013478,1,6,2308290006,아베 센트
f_f013478,1,7,2308290007,동궁과 월지
f_f013478,1,8,2308290008,첨성대
f_f013478,1,9,2308290009,천마 경주빵 찰보리빵 경주 본점
f_f013478,1,10,2308290010,BHC치킨 경주 황리 비단길점
f_f013478,1,11,2308290011,아베 센트
f_f013478,2,1,2308300001,경주 마당 불손 칼국수
f_f013478,2,2,2308300002,카도 카도
f_f013478,2,3,2308300003,황남 옥수수 황리단길점
f_f013478,2,4,2308300004,대릉원
f_f013478,2,5,2308300005,천마총
f_f013478,2,6,2308300006,신경주역
f_f013478,2,7,2308300007,대전역
f_f013478,2,8,2308300008,집
f_f013484,1,1,2308310001,집
f_f013484,1,2,2308310002,함이 멍 애견카페
f_f013484,1,3,2308310003,올리브 24 명지점
f_f013484,1,4,2308310004,암 파스타 레 명지점
f_f013484,1,5,2308310005,집
f_f013495,1,1,2308280001,집
f_f013495,1,2,2308280002,부싯돌 양푼이 비빔밥 밀양 본점
f_f013495,1,3,2308280003,동궁과 월지
f_f013495,1,4,2308280004,황성공원
f_f013495,1,5,2308280005,월정교
f_f013495,1,6,2308280006,경주 중앙시장
f_f013495,1,7,2308280007,친구 집
f_f013495,2,1,2308290001,영남루
f_f013495,2,2,2308290002,예림서원
f_f013495,2,3,2308290003,김종직 선생 생가
f_f013495,2,4,2308290004,장터 소 국밥
f_f013495,2,5,2308290005,집
f_f013505,1,1,2308310001,집
f_f013505,1,2,2308310002,서울역
f_f013505,1,3,2308310003,강릉역
f_f013505,1,4,2308310005,강문해변
f_f013505,1,5,2308310004,형제 칼국수
f_f013505,1,6,2308310006,유리알 유희
f_f013505,1,7,2308310007,카페 툇마루
f_f013505,1,8,2308310008,카페 동화
f_f013505,1,9,2308310009,경포해수욕장
f_f013505,1,10,2308310010,해 동막 국수
f_f013505,1,11,2308310011,포스트카드 오피스
f_f013505,1,12,2308310012,레드망치
f_f013505,1,13,2308310013,강릉역
f_f013505,1,14,2308310014,서울역
f_f013505,1,15,2308310015,경남 1차 아파트
f_f013507,1,1,2308290001,집
f_f013507,1,2,2308290002,부산역
f_f013507,1,3,2308290004,헤이 플롯
f_f013507,1,4,2308290003,융캉찌에
f_f013507,1,5,2308290005,관 안촌
f_f013507,1,6,2308290006,광안리해양레포츠센터
f_f013507,1,7,2308290007,수변 최고 돼지국밥 민락 본점
f_f013507,1,8,2308290008,코인워시 24빨래터 광안 수영점
f_f013507,1,9,2308290009,광안리해수욕장
f_f013507,1,10,2308290010,짱 오락실 부산 광안리점
f_f013507,1,11,2308290011,관 안촌
f_f013507,2,1,2308300001,허심청 호텔농심
f_f013507,2,2,2308300002,밀란 더 마켓
f_f013507,2,3,2308300003,초필살 돼 지구이 광안 직영점
f_f013507,2,4,2308300004,KTG 상상마당 부산
f_f013507,2,5,2308300005,조월생
f_f013507,2,6,2308300006,야 그 마루
f_f013507,2,7,2308300007,집
f_f013512,1,1,2309090001,집
f_f013512,1,2,2309090002,횡성축협 한우플라자 본점
f_f013512,1,3,2309090003,묵호항 수변공원
f_f013512,1,4,2309090004,논골담길
f_f013512,1,5,2309090005,논골 카페
f_f013512,1,6,2309090006,어달해변
f_f013512,1,7,2309090007,호텔 어라연
f_f013512,1,8,2309090008,별마로 천문대
f_f013512,1,9,2309090009,6계 강원 영월점
f_f013512,1,10,2309090010,호텔 어라연
f_f013512,2,1,2309100001,영월 서부시장
f_f013512,2,2,2309100002,영월 관광센터
f_f013512,2,3,2309100003,영월 동강 한우
f_f013512,2,4,2309100004,한반도 지형 전망대
f_f013512,2,5,2309100005,판은 섶다리
f_f013512,2,6,2309100006,여주휴게소 주유소 인천방향
f_f013512,2,7,2309100007,집
f_f013514,1,1,2308270001,집
f_f013514,1,2,2308270003,양산휴게소 충전소 서울 방향
f_f013514,1,3,2308270004,황화정
f_f013514,1,4,2308270005,황련단길
f_f013514,1,5,2308270006,대릉원
f_f013514,1,6,2308270007,황련단길
f_f013514,1,7,2308270008,경주 루지 월드
f_f013514,1,8,2308270009,맷돌순두부
f_f013514,1,9,2308270010,동궁과 월지
f_f013514,1,10,2308270011,황남빵
f_f013514,1,11,2308270002,집
f_f013520,1,1,2308270001,집
f_f013520,1,2,2308270003,마산 시외버스터미널
f_f013520,1,3,2308270004,부산 서부버스터미널
f_f013520,1,4,2308270005,올리브영 경성대부경대점
f_f013520,1,5,2308270006,유일한 식탁
f_f013520,1,6,2308270008,지니어스나 인
f_f013520,1,7,2308270007,큐브로 볼링장 대연점
f_f013520,1,8,2308270009,배스킨라빈스 경성대점
f_f013520,1,9,2308270010,부산문화회관
f_f013520,1,10,2308270011,유엔 평화기념관
f_f013520,1,11,2308270012,귀감
f_f013520,1,12,2308270015,광안리해수욕장
f_f013520,1,13,2308270014,락휴 코인 노래연습장 부산 광안 1호점
f_f013520,1,14,2308270016,민락수변공원
f_f013520,1,15,2308270013,유케야 민락 직영점
f_f013520,1,16,2308270002,루이스 호텔
f_f013520,2,1,2308280001,EL16.52
f_f013520,2,2,2308280002,암남 공원 해안산책로
f_f013520,2,3,2308280003,뉴질랜드한국전참전기념석
f_f013520,2,4,2308280004,버거스 올마이티
f_f013520,2,5,2308280005,부산 서부버스터미널
f_f013520,2,6,2308280006,마산 시외버스터미널
f_f013520,2,7,2308280007,집
f_f013525,1,1,2308270001,집
f_f013525,1,2,2308270003,밀양아리랑 우주천문대
f_f013525,1,3,2308270004,국립 밀양 기상과학관
f_f013525,1,4,2308270005,밀양아리랑 대공원 놀이터
f_f013525,1,5,2308270006,다 담들 한식뷔페 밀양점
f_f013525,1,6,2308270002,집
f_f013529,1,1,2308310001,집
f_f013529,1,2,2308310003,하이원 워터월드
f_f013529,1,3,2308310004,사북역
f_f013529,1,4,2308310002,집
f_f013539,1,1,2308270001,집
f_f013539,1,2,2308270002,준섭이네 닭갈비
f_f013539,1,3,2308270003,커피베이 춘천 김유정역점
f_f013539,1,4,2308270004,강촌레일파크 김유정역
f_f013539,1,5,2308270005,강촌 출렁다리
f_f013539,1,6,2308270006,김유정역 경춘선
f_f013539,1,7,2308270007,김유정문학촌
f_f013539,1,8,2308270008,광판 팔뚝 김밥 김유정역점
f_f013539,1,9,2308270009,집
f_f013565,1,1,2309040001,집
f_f013565,1,2,2309040002,금화 식당
f_f013565,1,3,2309040003,황룡사
f_f013565,1,4,2309040004,트리 폰즈
f_f013565,1,5,2309040005,통도사
f_f013565,1,6,2309040006,BHC치킨 통도사점
f_f013565,1,7,2309040007,양산 파스타
f_f013565,2,1,2309050001,나드리 보리밥
f_f013565,2,2,2309050002,임경대
f_f013565,2,3,2309050003,황산공원
f_f013565,2,4,2309050004,집
f_f013566,1,1,2309120001,집
f_f013566,1,2,2309120002,오송역
f_f013566,1,3,2309120003,부산역
f_f013566,1,4,2309120004,쏘다 컬렉션 더 테라스
f_f013566,1,5,2309120005,샌더스
f_f013566,1,6,2309120006,핑키 펑키 광안점
f_f013566,1,7,2309120007,부산댁
f_f013566,1,8,2309120008,광안리해수욕장
f_f013566,1,9,2309120009,왕과 탕후루 광안리점
f_f013566,1,10,2309120010,인 칵테일 온 더 비치
f_f013566,1,11,2309120011,인생네컷 부산 광안 오션점
f_f013566,1,12,2309120012,세븐일레븐 부산 광안 오션점
f_f013566,1,13,2309120013,쏘다 컬렉션 더 테라스
f_f013566,2,1,2309130001,마이 페이 보릿 쿠키
f_f013566,2,2,2309130002,해운대 원조할 미국 밥
f_f013566,2,3,2309130003,행리단길
f_f013566,2,4,2309130004,헤이트 먼데이 행리단길
f_f013566,2,5,2309130005,행리단길
f_f013566,2,6,2309130006,부산역
f_f013566,2,7,2309130007,오송역
f_f013566,2,8,2309130008,집
f_f013576,1,1,2308270001,집
f_f013576,1,2,2308270002,오송역
f_f013576,1,3,2308270003,그린존 신경주역 KTX(경주를 그린 존)
f_f013576,1,4,2308270004,함양집 경주 보문점
f_f013576,1,5,2308270006,황룡원
f_f013576,1,6,2308270005,불국사
f_f013576,1,7,2308270007,금성 유료주차장
f_f013576,1,8,2308270009,황금십원빵 본점
f_f013576,1,9,2308270010,황남쫀디기
f_f013576,1,10,2308270008,포석으로 소갈비찜
f_f013576,1,11,2308270011,국립경주박물관
f_f013576,1,12,2308270012,동궁과 월지
f_f013576,1,13,2308270013,GS25 경주 북천점
f_f013576,1,14,2308270015,황룡원
f_f013576,2,1,2308280002,대릉원
f_f013576,2,2,2308280003,신라 제면
f_f013576,2,3,2308280004,조르바
f_f013576,2,4,2308280005,천마총
f_f013576,2,5,2308280006,황남 옥수수 황리단길점
f_f013576,2,6,2308280007,화남 우엉 김밥
f_f013576,2,7,2308280008,신경주역
f_f013576,2,8,2308280009,오송역
f_f013576,2,9,2308280001,집
f_f013592,1,1,2308290001,집
f_f013592,1,2,2308290003,서울역
f_f013592,1,3,2308290004,강릉역
f_f013592,1,4,2308290005,호텔스 완
f_f013592,1,5,2308290006,경포해수욕장
f_f013592,1,6,2308290007,강문 떡갈비
f_f013592,1,7,2308290008,강문해변
f_f013592,1,8,2308290009,마시와 본점
f_f013592,1,9,2308290010,순두부 젤라또 1호점
f_f013592,1,10,2308290011,금란정
f_f013592,1,11,2308290012,홍장암
f_f013592,1,12,2308290002,호텔스완
f_f013592,2,1,2308300001,월파정
f_f013592,2,2,2308300002,강릉 선교장 활래정
f_f013592,2,3,2308300003,오죽헌
f_f013592,2,4,2308300004,강릉 순두부 장칼국수
f_f013592,2,5,2308300005,커피콩 빵
f_f013592,2,6,2308300006,강릉역
f_f013592,2,7,2308300007,집
f_f013609,1,1,2309160001,집
f_f013609,1,2,2309160002,가산 수피아
f_f013609,1,3,2309160003,동명시 수변공원
f_f013609,1,4,2309160004,집
f_f013616,1,1,2308270001,집
f_f013616,1,2,2308270002,오륙도 아이시 스낵
f_f013616,1,3,2308270003,텐 퍼센트 커피 오륙도 sk 뷰점
f_f013616,1,4,2308270004,세일 부산항 주유소
f_f013616,1,5,2308270005,임경대
f_f013616,1,6,2308270006,라이언 식당
f_f013616,1,7,2308270007,무이
f_f013616,1,8,2308270008,양산 물금 대방노블랜드 6차 더클래스 아파트
f_f013616,1,9,2308270009,집
f_f013622,1,1,2309030001,집
f_f013622,1,2,2309030002,만물 낚시 할인마트 사천 1호점
f_f013622,1,3,2309030003,부자 손 짜장 본점
f_f013622,1,4,2309030004,삼천포대교공원
f_f013622,1,5,2309030005,청널 광원 맞은편 등대
f_f013622,1,6,2309030006,집
f_f013627,1,1,2308270001,집
f_f013627,1,2,2308270002,태화강역
f_f013627,1,3,2308270003,신경주역
f_f013627,1,4,2308270004,대릉원
f_f013627,1,5,2308270005,첨성대
f_f013627,1,6,2308270006,이어서 카페
f_f013627,1,7,2308270007,어제 아래
f_f013627,1,8,2308270008,집
f_f013628,1,1,2309200001,집
f_f013628,1,2,2309200002,신녕 버스터미널
f_f013628,1,3,2309200003,경주월드
f_f013628,1,4,2309200004,주차장
f_f013628,1,5,2309200005,황련단길
f_f013628,1,6,2309200006,대릉 갈비
f_f013628,1,7,2309200007,집
f_f013635,1,1,2308270001,집
f_f013635,1,2,2308270002,강촌레일파크 김유정역
f_f013635,1,3,2308270003,김유정역 (폐역)
f_f013635,1,4,2308270004,김유정문학촌
f_f013635,1,5,2308270005,농가 닭갈비
f_f013635,1,6,2308270006,지내리 기름집
f_f013635,1,7,2308270007,해피 초원 목장
f_f013635,1,8,2308270008,집
f_f013638,1,1,2309140001,집
f_f013638,1,2,2309140002,부산 서부버스터미널
f_f013638,1,3,2309140003,포항터미널
f_f013638,1,4,2309140004,호텔 뷰
f_f013638,1,5,2309140005,포가 집
f_f013638,1,6,2309140006,영일대해수욕장
f_f013638,1,7,2309140007,영일고
f_f013638,1,8,2309140008,오브레멘
f_f013638,1,9,2309140010,호텔 뷰
f_f013638,2,1,2309150001,죽도 시장
f_f013638,2,2,2309150003,환호공원 스페이스 워크
f_f013638,2,3,2309150004,환호공원 스페이스 카페
f_f013638,2,4,2309150005,환호공원 포항시립미술관
f_f013638,2,5,2309150002,환호공원
f_f013638,2,6,2309150006,동남수산
f_f013638,2,7,2309150007,서정 빌라
f_f013638,2,8,2309150008,영일대 장 미원
f_f013638,2,9,2309150009,박 선장 요트투어
f_f013638,2,10,2309150010,헤이안
f_f013638,2,11,2309150011,포항터미널
f_f013638,2,12,2309150012,해운대 시외버스정류소
f_f013638,2,13,2309150013,집
f_f013644,1,1,2308310001,집
f_f013644,1,2,2308310002,이너 리트
f_f013644,1,3,2308310003,도깨비도로
f_f013644,1,4,2308310004,밸런타인 온천
f_f013644,1,5,2308310005,시래 담
f_f013644,1,6,2308310006,집
f_f013677,1,1,2308290001,집
f_f013677,1,2,2308290002,문경새재도립공원
f_f013677,1,3,2308290003,광성 식당
f_f013677,1,4,2308290004,스타벅스 문경새재점
f_f013677,1,5,2308290005,신복천
f_f013677,1,6,2308290008,아리랑호텔
f_f013677,1,7,2308290006,문경종합온천
f_f013677,1,8,2308290007,문경 선경이네
f_f013677,1,9,2308290009,아리랑호텔
f_f013677,2,1,2308300001,문경 에코월드
f_f013677,2,2,2308300002,광부의 행복밥상
f_f013677,2,3,2308300003,카페 가은역
f_f013677,2,4,2308300004,집
f_f013681,1,1,2309090001,집
f_f013681,1,2,2309090003,부산 서부버스터미널
f_f013681,1,3,2309090004,함안 버스터미널
f_f013681,1,4,2309090005,하마스 빅버거
f_f013681,1,5,2309090006,무진장
f_f013681,1,6,2309090008,무진
f_f013681,1,7,2309090007,농산정
f_f013681,1,8,2309090009,모티 쿠키
f_f013681,1,9,2309090010,함안 말이산 고분군
f_f013681,1,10,2309090011,함안역
f_f013681,1,11,2309090012,구포역
f_f013681,1,12,2309090013,돈꿀돼지국밥 본점
f_f013681,1,13,2309090002,집
f_f013682,1,1,2309160001,사무실
f_f013682,1,2,2309160002,오디너리 레시피 기장점
f_f013682,1,3,2309160003,해피 베이글 데이
f_f013682,1,4,2309160004,테디 보틀
f_f013682,1,5,2309160005,수월 경화
f_f013682,1,6,2309160006,이케아 동부산점
f_f013682,1,7,2309160007,고향 연화
f_f013682,1,8,2309160008,요기 요리 퍼브 마켓
f_f013682,1,9,2309160009,앨리스 도넛 청사포 본점
f_f013682,1,10,2309160010,심미안
f_f013682,1,11,2309160011,청사포 방파제
f_f013682,1,12,2309160012,BBQ 구산점
f_f013685,1,1,2308300001,집
f_f013685,1,2,2308300002,카페 감자밭 본점
f_f013685,1,3,2308300003,춘천 세계 주류 마켓
f_f013685,1,4,2308300004,이마트 춘천점
f_f013685,1,5,2308300005,함과 네 닭갈비
f_f013685,1,6,2308300006,블라블라 펜션
f_f013685,2,1,2308310001,생곡 막국수 춘천점
f_f013685,2,2,2308310002,육림랜드
f_f013685,2,3,2308310003,김유정역 (폐역)
f_f013685,2,4,2308310004,감자니
f_f013685,2,5,2308310005,춘천 중도 물레길
f_f013685,2,6,2308310006,춘천 삼악산 호수 케이블카
f_f013685,2,7,2308310007,스타벅스 리버사이드대성리DT점
f_f013685,2,8,2308310008,집
f_f013692,1,1,2308280001,집
f_f013692,1,2,2308280002,광안리해수욕장
f_f013692,1,3,2308280003,시바 소바
f_f013692,1,4,2308280004,밀란 더 마켓
f_f013692,1,5,2308280005,호텔 아쿠아펠리스
f_f013692,2,1,2308290002,전포 카페거리
f_f013692,2,2,2308290003,부산 서부버스터미널
f_f013692,2,3,2308290001,집
f_f013698,1,1,2308280001,친구 친지 집
f_f013698,1,2,2308280003,청주 시외버스터미널
f_f013698,1,3,2308280004,강릉 시외버스터미널
f_f013698,1,4,2308280005,강릉 김밥 용지 각 본점
f_f013698,1,5,2308280006,경포 아쿠아리움
f_f013698,1,6,2308280007,그리우니
f_f013698,1,7,2308280008,그대 나의 뮤즈 반 고흐 to 마티스
f_f013698,1,8,2308280009,이모네 생선찜
f_f013698,1,9,2308280002,힐링은 펜션
f_f013698,2,1,2308290002,파도 식당
f_f013698,2,2,2308290003,도깨비 촬영지
f_f013698,2,3,2308290004,강릉 시외버스터미널
f_f013698,2,4,2308290005,다 봄
f_f013698,2,5,2308290007,두덩
f_f013698,2,6,2308290006,감자바위
f_f013698,2,7,2308290008,미요 랜드
f_f013698,2,8,2308290009,강릉 시외버스터미널
f_f013698,2,9,2308290010,청주 시외버스터미널
f_f013698,2,10,2308290001,남자친구 집
f_f013705,1,1,2309030004,집
f_f013705,1,2,2309030001,부전시장
f_f013705,1,3,2309030002,전포 카페거리
f_f013705,1,4,2309030003,국제시장
f_f013705,1,5,2309030005,집
f_f013718,1,1,2308290001,집
f_f013718,1,2,2308290003,삼사해상공원
f_f013718,1,3,2308290004,영덕 어촌민속전시관
f_f013718,1,4,2308290005,영덕 해 파랑공원
f_f013718,1,5,2308290006,카페 봄
f_f013718,1,6,2308290007,동광 어시장
f_f013718,1,7,2308290008,영덕해맞이공원
f_f013718,1,8,2308290002,비프 리비 펜션
f_f013718,2,1,2308300001,그리가다
f_f013718,2,2,2308300002,벌열 메타세쿼이아 숲
f_f013718,2,3,2308300003,집
f_f013809,1,1,2309070001,집
f_f013809,1,2,2309070002,경기도 광주종합터미널
f_f013809,1,3,2309070003,강릉 시외버스터미널
f_f013809,1,4,2309070004,번 패티 번
f_f013809,1,5,2309070005,안목 해변
f_f013809,1,6,2309070006,에이엠브레드앤커피
f_f013809,1,7,2309070007,강문해변
f_f013809,1,8,2309070008,테라로사 경포호수점
f_f013809,1,9,2309070009,월 화 역
f_f013809,1,10,2309070010,안드로메다
f_f013809,1,11,2309070011,강릉 시외버스터미널
f_f013809,1,12,2309070012,경기도 광주종합터미널
f_f013809,1,13,2309070013,집
f_f013839,1,1,2309090001,집
f_f013839,1,2,2309090002,대구식당
f_f013839,1,3,2309090003,무진장
f_f013839,1,4,2309090004,카페 날
f_f013839,1,5,2309090005,고려동 유적지
f_f013839,1,6,2309090006,입곡 군립 공원
f_f013839,1,7,2309090007,집
f_f013850,1,1,2309060001,집
f_f013850,1,2,2309060002,경기 광주 휴게소 원주 방향
f_f013850,1,3,2309060003,해미가
f_f013850,1,4,2309060004,순두부 젤라또 1호점
f_f013850,1,5,2309060005,경포해수욕장
f_f013850,1,6,2309060006,무지 개운 하우스
f_f013850,1,7,2309060007,장비치
f_f013850,1,8,2309060008,집
f_f013855,1,1,2308300001,집
f_f013855,1,2,2308300002,황산공원
f_f013855,1,3,2308300003,홍익 돈가스 양산점
f_f013855,1,4,2308300004,농협 하나로마트 양산점
f_f013855,1,5,2308300005,해월당 호포점
f_f013855,1,6,2308300006,집
f_f013861,1,1,2308290001,집
f_f013861,1,2,2308290002,춘추관
f_f013861,1,3,2308290003,경주 신라 한옥호텔
f_f013861,1,4,2308290004,백년손님
f_f013861,1,5,2308290006,경주 보문관광단지
f_f013861,1,6,2308290005,황련단길
f_f013861,1,7,2308290007,단서가 찰보리빵 경주 본점
f_f013861,1,8,2308290008,리만마
f_f013861,1,9,2308290009,집
f_f013874,1,1,2308310001,집
f_f013874,1,2,2308310002,서울역
f_f013874,1,3,2308310003,강릉역
f_f013874,1,4,2308310004,벌집
f_f013874,1,5,2308310005,강릉에 컷
f_f013874,1,6,2308310006,강릉 중앙시장
f_f013874,1,7,2308310007,아르떼 뮤지엄 강릉
f_f013874,1,8,2308310008,강릉 땅콩 펜션
f_f013874,1,9,2308310009,곳
f_f013874,1,10,2308310010,강릉 사천농협 하나로마트 본점
f_f013874,1,11,2308310011,강릉 땅콩 펜션
f_f013874,2,1,2309010001,초당 할머니순두부
f_f013874,2,2,2309010002,순두부 젤라또 1호점
f_f013874,2,3,2309010003,강문해변
f_f013874,2,4,2309010004,강릉역
f_f013874,2,5,2309010005,서울역
f_f013874,2,6,2309010006,유즈 라멘 만리동점
f_f013874,2,7,2309010007,집
f_f013900,1,1,2309080001,집
f_f013900,1,2,2309080003,동대구역
f_f013900,1,3,2309080004,부산역
f_f013900,1,4,2309080005,모모스 커피 영도 로스터리 앤 커피나
f_f013900,1,5,2309080006,KTG 상상마당 부산
f_f013900,1,6,2309080007,전포 카페거리
f_f013900,1,7,2309080008,구프
f_f013900,1,8,2309080009,광안리해수욕장
f_f013900,1,9,2309080010,광안리 막창집
f_f013900,1,10,2309080011,밀란 더 마켓
f_f013900,1,11,2309080012,광안리해수욕장
f_f013900,1,12,2309080002,도아 하우스
f_f013900,2,1,2309090002,코 스피어
f_f013900,2,2,2309090003,부산 시립미술관
f_f013900,2,3,2309090004,행리단길
f_f013900,2,4,2309090005,상록수
f_f013900,2,5,2309090006,해운대해수욕장
f_f013900,2,6,2309090007,호랑이 젤라 떡
f_f013900,2,7,2309090008,해운대 블루라인파크 미포 정거장
f_f013900,2,8,2309090009,해운대 블루라인파크 청사포 정거장
f_f013900,2,9,2309090010,김밥천국 장산점
f_f013900,2,10,2309090011,도아 하우스
f_f013900,2,11,2309090001,집
f_f013913,1,1,2309090001,집
f_f013913,1,2,2309090003,호미곶 해맞이 광장
f_f013913,1,3,2309090004,구룡포해수욕장
f_f013913,1,4,2309090005,구룡포 일본인 가옥거리
f_f013913,1,5,2309090006,포항 곱창전골 효자동곱 닭
f_f013913,1,6,2309090007,포항 철길 숲
f_f013913,1,7,2309090002,집
f_f013927,1,1,2309010001,친구 친지 집
f_f013927,1,2,2309010002,이정희 차돌박이 김치두루치기
f_f013927,1,3,2309010003,정동진 레일바이크
f_f013927,1,4,2309010004,금진 해변
f_f013927,1,5,2309010005,썬크루즈호텔&리조트
f_f013927,1,6,2309010007,평창 자연휴게소 인천방향
f_f013927,1,7,2309010006,지인 집
f_f013960,1,1,2309060001,집
f_f013960,1,2,2309060002,시 해운대역
f_f013960,1,3,2309060003,신경주역
f_f013960,1,4,2309060004,석굴암
f_f013960,1,5,2309060005,동리 목월문학관
f_f013960,1,6,2309060006,불국사
f_f013960,1,7,2309060007,전주 시골밥상
f_f013960,1,8,2309060008,통일전
f_f013960,1,9,2309060009,서출지
f_f013960,1,10,2309060010,도토리 하우스
f_f013960,1,11,2309060011,황련단길
f_f013960,1,12,2309060012,교촌마을
f_f013960,1,13,2309060013,월정교
f_f013960,1,14,2309060014,첨성대
f_f013960,1,15,2309060015,동궁과 월지
f_f013960,1,16,2309060016,경주 중앙 야시장
f_f013960,1,17,2309060017,경주농협 하나로마트 본점
f_f013960,1,18,2309060018,도토리 하우스
f_f013960,2,1,2309070001,금관총
f_f013960,2,2,2309070002,경주 봉황대
f_f013960,2,3,2309070003,신라 대종
f_f013960,2,4,2309070004,삼천리자전거 사정점
f_f013960,2,5,2309070005,쪽샘 유적 발굴 관
f_f013960,2,6,2309070006,분황사
f_f013960,2,7,2309070007,경주 황룡사지
f_f013960,2,8,2309070008,국립경주박물관
f_f013960,2,9,2309070009,녹아
f_f013960,2,10,2309070010,황련단길
f_f013960,2,11,2309070011,천마총
f_f013960,2,12,2309070012,최영화 빵
f_f013960,2,13,2309070013,삼천리자전거 사정점
f_f013960,2,14,2309070014,신경주역
f_f013960,2,15,2309070016,시 해운대역
f_f013960,2,16,2309070015,집
f_f013969,1,1,2309020001,사무실
f_f013969,1,2,2309020003,신경주역
f_f013969,1,3,2309020004,시즈닝
f_f013969,1,4,2309020006,황련단길
f_f013969,1,5,2309020005,우마와 한우 샌드
f_f013969,1,6,2309020007,더 테라스 호텔
f_f013969,1,7,2309020008,황련단길
f_f013969,1,8,2309020009,동궁과 월지
f_f013969,1,9,2309020010,더 테라스 호텔
f_f013969,2,1,2309030002,피에스타 pc방 경주 용황점
f_f013969,2,2,2309030003,엑스칼리버 도끼 던지기
f_f013969,2,3,2309030004,황련단길
f_f013969,2,4,2309030005,더 좋아진다
f_f013969,2,5,2309030006,월가
f_f013969,2,6,2309030007,신경주역
f_f013969,2,7,2309030001,세븐일레븐 리갈 펠리스점
f_f013989,1,1,2308310001,집
f_f013989,1,2,2308310002,황련단길
f_f013989,1,3,2308310003,소품 숍
f_f013989,1,4,2308310004,대릉원
f_f013989,1,5,2308310005,셀프 하우스
f_f013989,1,6,2308310006,경주동
f_f013989,1,7,2308310007,경주 봉황대
f_f013989,1,8,2308310008,올리브영 경주점
f_f013989,1,9,2308310009,올리브영 경주 성건점
f_f013989,1,10,2308310010,임페리아푸드
f_f013989,1,11,2308310011,정글의 법칙
f_f013989,1,12,2308310012,백년손님
f_f013989,1,13,2308310013,설월
f_f013989,1,14,2308310014,동궁과 월지
f_f013989,1,15,2308310015,쫀드기상회
f_f013989,1,16,2308310016,경산휴게소 서울 방향
f_f013989,1,17,2308310017,가창 체육공원
f_f013989,1,18,2308310018,파동 사랑약국
f_f013989,1,19,2308310019,집
f_f014019,1,1,2309090001,집
f_f014019,1,2,2309090003,청도 새마을 휴게소 하행
f_f014019,1,3,2309090004,용지공원 용지호수 공원
f_f014019,1,4,2309090005,경남도립미술관
f_f014019,1,5,2309090006,벨그레이브
f_f014019,1,6,2309090007,롯데백화점 창원점
f_f014019,1,7,2309090008,창원대학교
f_f014019,1,8,2309090009,목구멍 창원 대방점
f_f014019,1,9,2309090010,역전 할머니 맥주 창원대점
f_f014019,1,10,2309090011,청도 새마을 휴게소 상행
f_f014019,1,11,2309090002,집
f_f014026,1,1,2308300001,집
f_f014026,1,2,2308300002,하남 드림 휴게소
f_f014026,1,3,2308300003,오션월드
f_f014026,1,4,2308300004,의왕(청계) 휴게소
f_f014026,1,5,2308300005,집
f_f014050,1,1,2309010001,집
f_f014050,1,2,2309010002,설악산 국립공원 미시령 탐방지원센터
f_f014050,1,3,2309010003,영금 물회
f_f014050,1,4,2309010004,영금정
f_f014050,1,5,2309010005,플로팅 웨일 설악 도적 폭포 스테이
f_f014050,2,1,2309020002,김영애 할머니순두부 본점
f_f014050,2,2,2309020003,카페 긷
f_f014050,2,3,2309020004,설악산 국립공원
f_f014050,2,4,2309020005,신흥사
f_f014050,2,5,2309020006,토왕성폭포
f_f014050,2,6,2309020007,홍천 휴게소 서울 방향
f_f014050,2,7,2309020001,집
f_f014062,1,1,2309020001,집
f_f014062,1,2,2309020003,마이카츠 경산 영대점
f_f014062,1,3,2309020004,삼성현역사문화공원
f_f014062,1,4,2309020005,스타벅스 경산 임당역 DT 점
f_f014062,1,5,2309020002,서대구 센트럴자이 아파트
f_f014070,1,1,2308290001,집
f_f014070,1,2,2308290003,부천터미널 소풍
f_f014070,1,3,2308290004,강릉 시외버스터미널
f_f014070,1,4,2308290005,원조 강릉고 동반점 본점
f_f014070,1,5,2308290006,가매향옥
f_f014070,1,6,2308290007,강릉 월화 거리
f_f014070,1,7,2308290008,안목 해변
f_f014070,1,8,2308290009,강릉 중앙시장
f_f014070,1,9,2308290002,위크 엔더스
f_f014070,2,1,2308300002,마크모예 베이글바
f_f014070,2,2,2308300003,고래 책방
f_f014070,2,3,2308300004,감자바위
f_f014070,2,4,2308300005,살림 그릇장
f_f014070,2,5,2308300006,카페 살림
f_f014070,2,6,2308300007,강릉 시외버스터미널
f_f014070,2,7,2308300001,집
f_f014075,1,1,2309010001,숙소
f_f014075,1,2,2309010002,진양호 동물원
f_f014075,1,3,2309010003,국립진주 박물관
f_f014075,1,4,2309010004,진주중앙시장
f_f014075,1,5,2309010005,음악분수대
f_f014075,1,6,2309010006,물빛 나루쉼터
f_f014075,1,7,2309010007,장백 하이츠 아파트
f_f014076,1,1,2309150001,집
f_f014076,1,2,2309150002,복길
f_f014076,1,3,2309150003,두 낫디 스타브 베이커스 경주
f_f014076,1,4,2309150004,대릉묘찌
f_f014076,1,5,2309150005,경주역사유적지구 대릉원 지구
f_f014076,1,6,2309150006,선화
f_f014076,1,7,2309150007,그 집 마카롱
f_f014076,1,8,2309150008,황련단길
f_f014076,1,9,2309150009,첨성대
f_f014076,1,10,2309150010,천마 경주빵 찰보리빵 경주 본점
f_f014076,1,11,2309150011,이스트 1779
f_f014076,1,12,2309150012,월정교
f_f014076,1,13,2309150013,집
f_f014080,1,1,2308290001,집
f_f014080,1,2,2308290002,해운대 밀면
f_f014080,1,3,2308290003,해운대해수욕장
f_f014080,1,4,2308290005,투썸플레이스 해운대 팔레드시즈점
f_f014080,1,5,2308290004,수영만 요트경기장
f_f014080,1,6,2308290006,호텔 더 마크 해운대
f_f014080,2,1,2308300001,키친 테라스
f_f014080,2,2,2308300002,광안리해수욕장
f_f014080,2,3,2308300003,설빙 남천점
f_f014080,2,4,2308300004,아웃 오브 라인
f_f014080,2,5,2308300005,집
f_f014088,1,1,2308300001,집
f_f014088,1,2,2308300003,청량리역
f_f014088,1,3,2308300004,영월역
f_f014088,1,4,2308300005,진미 순대
f_f014088,1,5,2308300006,동강사진 박물관
f_f014088,1,6,2308300007,영월 버스터미널
f_f014088,1,7,2308300008,고 한. 사북 공영버스터미널
f_f014088,1,8,2308300009,정선 버스터미널
f_f014088,1,9,2308300010,화암 동굴
f_f014088,1,10,2308300002,알음장 모텔
f_f014088,2,1,2308310002,강원랜드
f_f014088,2,2,2308310003,사북역
f_f014088,2,3,2308310001,집
f_f014095,1,1,2309090001,집
f_f014095,1,2,2309090003,김천휴게소 부산방향
f_f014095,1,3,2309090004,보문호
f_f014095,1,4,2309090005,들안길 참숯 화로 숯불갈비
f_f014095,1,5,2309090002,힐튼호텔 경주
f_f014095,2,1,2309100002,불국사
f_f014095,2,2,2309100003,경춘재
f_f014095,2,3,2309100001,집
f_f014100,1,1,2309030001,집
f_f014100,1,2,2309030003,김밥천국
f_f014100,1,3,2309030004,동구문화 플랫폼
f_f014100,1,4,2309030006,반판
f_f014100,1,5,2309030005,롯데호텔 부산
f_f014100,1,6,2309030002,집
f_f014120,1,1,2308300001,집
f_f014120,1,2,2308300002,안동터미널
f_f014120,1,3,2308300003,경주 시외버스터미널
f_f014120,1,4,2308300004,신라 제면
f_f014120,1,5,2308300005,녹아
f_f014120,1,6,2308300006,동네 점방
f_f014120,1,7,2308300007,하루 필름 황리단길점
f_f014120,1,8,2308300008,대릉원
f_f014120,1,9,2308300009,경주 십원빵
f_f014120,1,10,2308300010,첨성대
f_f014120,1,11,2308300011,로즈 모텔
f_f014120,1,12,2308300012,데헷
f_f014120,1,13,2308300013,로즈 모텔
f_f014120,2,1,2308310001,황화정
f_f014120,2,2,2308310002,타로 명당
f_f014120,2,3,2308310003,조르바
f_f014120,2,4,2308310004,부처 빵
f_f014120,2,5,2308310005,신경주역
f_f014120,2,6,2308310006,안동역
f_f014120,2,7,2308310007,집
f_f014123,1,1,2309090001,집
f_f014123,1,2,2309090003,강릉역
f_f014123,1,3,2309090004,강릉역옹막
f_f014123,1,4,2309090005,테라로사 경포호수점
f_f014123,1,5,2309090006,오프 더 월
f_f014123,1,6,2309090007,두덩
f_f014123,1,7,2309090008,사근 긴 해변
f_f014123,1,8,2309090009,스카이베이 호텔 경포
f_f014123,1,9,2309090010,톰스 비스트로 강릉점
f_f014123,1,10,2309090011,경포해수욕장
f_f014123,1,11,2309090002,스카이베이 호텔 경포
f_f014123,2,1,2309100002,감자 유원지
f_f014123,2,2,2309100003,강릉역
f_f014123,2,3,2309100001,집
f_f014128,1,1,2309090001,집
f_f014128,1,2,2309090003,해운대 블루라인파크 송정 정거장
f_f014128,1,3,2309090004,롯데 프리미엄 아웃렛 동부산점
f_f014128,1,4,2309090005,대변항
f_f014128,1,5,2309090006,죽성 드림세트장
f_f014128,1,6,2309090007,칠암 만장
f_f014128,1,7,2309090008,칠암 삼계
f_f014128,1,8,2309090002,브라운 도트 호텔 정관점
f_f014128,2,1,2309100002,아홉 살 숲
f_f014128,2,2,2309100003,철마 연밥
f_f014128,2,3,2309100004,청도 새마을 휴게소 상행
f_f014128,2,4,2309100001,월배삼정그린코아포레스트아파트
f_f014129,1,1,2308290001,집
f_f014129,1,2,2308290002,대왕암공원
f_f014129,1,3,2308290003,대왕암공원 출렁다리
f_f014129,1,4,2308290006,태화강 동굴 피아
f_f014129,1,5,2308290004,태화강 국가 정원
f_f014129,1,6,2308290005,덕 클
f_f014129,1,7,2308290007,홈플러스 울산점
f_f014129,1,8,2308290008,이미 제 펜션
f_f014129,1,9,2308290009,주전몽돌해변
f_f014129,1,10,2308290010,이미 제 펜션
f_f014129,2,1,2308300001,버프
f_f014129,2,2,2308300002,집
f_f014132,1,1,2309090001,집
f_f014132,1,2,2309090002,평택복합휴게소
f_f014132,1,3,2309090003,모멘트
f_f014132,1,4,2309090004,김천시립 박물관
f_f014132,1,5,2309090005,사 명대사공원
f_f014132,1,6,2309090006,카페 자산
f_f014132,1,7,2309090007,남편 본가
f_f014132,1,8,2309090008,일우일돈
f_f014132,1,9,2309090009,짱 노래연습장
f_f014132,1,10,2309090010,남편 본가
f_f014132,2,1,2309100001,금강휴게소 양방향
f_f014132,2,2,2309100002,집
f_f014137,1,1,2309020001,집
f_f014137,1,2,2309020008,선비 꼬마김밥 달서시장점
f_f014137,1,3,2309020007,동대구역
f_f014137,1,4,2309020002,점포 사잇길
f_f014137,1,5,2309020003,덕 클
f_f014137,1,6,2309020004,서면 미술관
f_f014137,1,7,2309020005,KTG 상상마당 부산
f_f014137,1,8,2309020006,포포루
f_f014137,1,9,2309020009,톤쇼우 광안점
f_f014137,1,10,2309020010,스타벅스 부산역 라마다 점
f_f014137,1,11,2309020011,부산역
f_f014137,1,12,2309020012,집
f_f014144,1,1,2309090001,집
f_f014144,1,2,2309090002,뮤지엄 산
f_f014144,1,3,2309090003,카페테라스
f_f014144,1,4,2309090004,쏭바 벤큐 양평 본점
f_f014144,1,5,2309090005,집
f_f014174,1,1,2309210001,친구 친지 집
f_f014174,1,2,2309210003,창원중앙역
f_f014174,1,3,2309210004,벨그레이브
f_f014174,1,4,2309210005,도돌 커피 로프터스
f_f014174,1,5,2309210006,경남도립미술관
f_f014174,1,6,2309210007,정직 유부 창원중앙역점
f_f014174,1,7,2309210008,창원중앙역
f_f014174,1,8,2309210002,한국기술교육대학교 제2캠퍼스
f_f014183,1,1,2308300001,집
f_f014183,1,2,2308300002,가평휴게소 춘천 방향
f_f014183,1,3,2308300003,콩새야
f_f014183,1,4,2308300004,안목 해변
f_f014183,1,5,2308300005,에이엔 브레드
f_f014183,1,6,2308300006,강릉 중앙시장
f_f014183,1,7,2308300007,경포해수욕장
f_f014183,1,8,2308300008,집
f_f014187,1,1,2309010001,집
f_f014187,1,2,2309010002,진영역
f_f014187,1,3,2309010003,동대구역
f_f014187,1,4,2309010004,경북대학교 박물관
f_f014187,1,5,2309010005,경북대학교 대구캠퍼스
f_f014187,1,6,2309010006,두류 젊음의 거리
f_f014187,1,7,2309010007,달고 떡볶이
f_f014187,1,8,2309010008,강정보 디아크 광장
f_f014187,1,9,2309010009,동성로 오오에 스튜디오
f_f014187,1,10,2309010010,2.28기념중앙공원
f_f014187,1,11,2309010011,대구 동성로 제로 게스트하우스
f_f014187,1,12,2309010012,두류 공원 시민광장
f_f014187,1,13,2309010013,써브웨이 대구 동성로점
f_f014187,1,14,2309010014,대구 동성로 제로 게스트하우스
f_f014187,2,1,2309020001,스타벅스 대구 종로 고택점
f_f014187,2,2,2309020002,삼송 빵집 본점
f_f014187,2,3,2309020003,동대구역
f_f014187,2,4,2309020004,진영역
f_f014187,2,5,2309020005,버거킹 김해 진영 FS 점
f_f014187,2,6,2309020006,집
f_f014246,1,1,2309080001,집
f_f014246,1,2,2309080002,포항역
f_f014246,1,3,2309080004,환호공원 스페이스 워크
f_f014246,1,4,2309080003,죽도 시장
f_f014246,1,5,2309080005,환호공원 포항시립미술관
f_f014246,1,6,2309080006,오브레멘
f_f014246,1,7,2309080007,베네시안 호텔
f_f014246,1,8,2309080008,규카츠정 포항점
f_f014246,1,9,2309080009,영일대해수욕장
f_f014246,1,10,2309080010,세븐스타코인 노래연습장 영일대점
f_f014246,1,11,2309080012,베네시안 호텔
f_f014246,2,1,2309090001,전주 소반
f_f014246,2,2,2309090002,선바우길
f_f014246,2,3,2309090004,구룡포 일본인 가옥거리
f_f014246,2,4,2309090005,여든여덟 밤
f_f014246,2,5,2309090006,이미 당 포항 철길 숲점
f_f014246,2,6,2309090007,포항 철길 숲
f_f014246,2,7,2309090008,포항역
f_f014246,2,8,2309090009,집
f_f014252,1,1,2308300001,집
f_f014252,1,2,2308300002,상봉역
f_f014252,1,3,2308300003,묵호역
f_f014252,1,4,2308300006,가마솥 옛 강정
f_f014252,1,5,2308300005,고향의 맛 칼국수
f_f014252,1,6,2308300007,울진대게 빵 동해 묵호점
f_f014252,1,7,2308300008,논골담길
f_f014252,1,8,2308300011,바람의 언덕 동해 타파스 와인 비어
f_f014252,1,9,2308300009,논골 카페
f_f014252,1,10,2308300010,거동 탕수육
f_f014252,1,11,2308300004,어 다르 오션 펜션
f_f014252,2,1,2308310002,어달해변
f_f014252,2,2,2308310003,고향의 맛 칼국수
f_f014252,2,3,2308310005,끼룩 상점
f_f014252,2,4,2308310006,도째비골스카이밸리
f_f014252,2,5,2308310007,묵호등대
f_f014252,2,6,2308310008,내게 와 묵호
f_f014252,2,7,2308310009,오뚝이 칼국수
f_f014252,2,8,2308310010,한 섬 해변
f_f014252,2,9,2308310011,묵호역
f_f014252,2,10,2308310012,상봉역
f_f014252,2,11,2308310013,싸다 김밥 상봉역점
f_f014252,2,12,2308310001,집
f_f014270,1,1,2309030001,사무실
f_f014270,1,2,2309030002,문막휴게소 강릉방향
f_f014270,1,3,2309030003,뮤지엄 딥 다이브
f_f014270,1,4,2309030004,발왕산 관광 케이블카
f_f014270,1,5,2309030005,인터컨티넨탈호텔 옥시 라운지
f_f014270,1,6,2309030010,알펜시아 인터컨티넨탈호텔
f_f014270,2,1,2309040001,알펜시아리조트 알파인코스터
f_f014270,2,2,2309040002,더덕 향
f_f014270,2,3,2309040003,효석문화마을
f_f014270,2,4,2309040004,느리고
f_f014270,2,5,2309040005,배다리 마을 5단지 아파트
f_f014285,1,1,2308300001,집
f_f014285,1,2,2308300003,포항 경주공항
f_f014285,1,3,2308300004,교리 김밥 봉황대점
f_f014285,1,4,2308300005,청사초롱 민 박
f_f014285,1,5,2308300006,대릉원
f_f014285,1,6,2308300007,동궁과 월지
f_f014285,1,7,2308300008,첨성대
f_f014285,1,8,2308300009,황련단길
f_f014285,1,9,2308300010,소옥
f_f014285,1,10,2308300011,녹아
f_f014285,1,11,2308300012,대릉원 자전거 대여
f_f014285,1,12,2308300013,월정교
f_f014285,1,13,2308300014,경주 중앙시장
f_f014285,1,14,2308300002,청사초롱 민 박
f_f014285,2,1,2308310002,분황사
f_f014285,2,2,2308310003,대릉원
f_f014285,2,3,2308310004,천마총
f_f014285,2,4,2308310005,신라 제면
f_f014285,2,5,2308310006,황남 옥수수 황리단길점
f_f014285,2,6,2308310007,제로 스페이스 경주
f_f014285,2,7,2308310008,포항 경주공항
f_f014285,2,8,2308310001,집
f_f014286,1,1,2309130001,집
f_f014286,1,2,2309130002,도마 29
f_f014286,1,3,2309130003,나이스 키친
f_f014286,1,4,2309130004,환상문학
f_f014286,1,5,2309130005,미확인
f_f014286,1,6,2309130006,대백플라자 갤러리
f_f014286,1,7,2309130007,집
f_f014287,1,1,2308310001,집
f_f014287,1,2,2308310004,소양강
f_f014287,1,3,2308310005,춘천 옹심이
f_f014287,1,4,2308310006,소양강 스카이워크
f_f014287,1,5,2308310007,해피 초원 목장
f_f014287,1,6,2308310008,산토리니
f_f014287,1,7,2308310009,카페 감자밭 본점
f_f014287,1,8,2308310010,토담 숯불닭갈비
f_f014287,1,9,2308310012,개롱역 5호선
f_f014287,1,10,2308310011,집
f_f014354,1,1,2309090001,집
f_f014354,1,2,2309090002,어띠프
f_f014354,1,3,2309090003,진미불고기
f_f014354,1,4,2309090004,통도사
f_f014354,1,5,2309090005,자코모 직영 플래그십 양산점
f_f014354,1,6,2309090006,다대포해수욕장
f_f014354,1,7,2309090007,집
f_f014380,1,1,2309020001,집
f_f014380,1,2,2309020002,경포해수욕장
f_f014380,1,3,2309020003,영진해변
f_f014380,1,4,2309020004,대관령
f_f014380,1,5,2309020005,집
f_f014410,1,1,2309090001,집
f_f014410,1,2,2309090002,학곡리 막국수 닭갈비
f_f014410,1,3,2309090003,크리스피 크림 도넛 춘천 석사점
f_f014410,1,4,2309090004,소양강 스카이워크
f_f014410,1,5,2309090005,집
f_f014411,1,1,2308310001,집
f_f014411,1,2,2308310002,서울역
f_f014411,1,3,2308310003,부산역
f_f014411,1,4,2308310004,부산항 국제 전시 컨벤션 센터
f_f014411,1,5,2308310006,피아트
f_f014411,1,6,2308310007,부산역
f_f014411,1,7,2308310008,서울역
f_f014411,1,8,2308310005,집
f_f014444,1,1,2309090001,집
f_f014444,1,2,2309090003,경주월드
f_f014444,1,3,2309090004,황남 옥수수 황리단길점
f_f014444,1,4,2309090006,두 낫디 스타브 베이커스 경주
f_f014444,1,5,2309090005,경주황금십원빵
f_f014444,1,6,2309090002,집
f_f014495,1,1,2308310001,집
f_f014495,1,2,2308310002,청량리역
f_f014495,1,3,2308310003,정동진역
f_f014495,1,4,2308310004,정동진 해변
f_f014495,1,5,2308310006,정동 심곡 바다부채길
f_f014495,1,6,2308310005,모래시계공원
f_f014495,1,7,2308310007,정동진 조각 공원
f_f014495,1,8,2308310008,썬크루즈 전망대 역사박물관
f_f014495,1,9,2308310009,썬크루즈 스카이라운지
f_f014495,1,10,2308310010,해 돈다
f_f014495,1,11,2308310011,정동진역
f_f014495,1,12,2308310013,청량리역
f_f014495,1,13,2308310012,집
f_f014506,1,1,2309030001,집
f_f014506,1,2,2309030002,울산암각화 박물관
f_f014506,1,3,2309030003,울산 대곡리 반구대 암각화
f_f014506,1,4,2309030004,천전리 각석
f_f014506,1,5,2309030007,간절곶
f_f014506,1,6,2309030005,정자항
f_f014506,1,7,2309030006,대왕암공원
f_f014506,1,8,2309030008,집
f_f014507,1,1,2309100001,집
f_f014507,1,2,2309100002,친구 집
f_f014507,1,3,2309100003,동생말
f_f014507,1,4,2309100004,이 기대 해안산책로
f_f014507,1,5,2309100005,오륙도 스카이워크
f_f014507,1,6,2309100006,내호냉면
f_f014507,1,7,2309100007,우암동 도시숲
f_f014507,1,8,2309100008,그 숲 동래점
f_f014507,1,9,2309100009,집
f_f014522,1,1,2309150001,집
f_f014522,1,2,2309150002,횡성휴게소 강릉방향
f_f014522,1,3,2309150003,고향 막국수
f_f014522,1,4,2309150004,평창효석문화제
f_f014522,1,5,2309150005,호텔 피닉스
f_f014522,1,6,2309150006,아브토
f_f014522,1,7,2309150007,호텔 피닉스
f_f014522,2,1,2309160001,웰니스 숲길
f_f014522,2,2,2309160002,호텔 피닉스 온도
f_f014522,2,3,2309160003,시남이 계곡 산책로
f_f014522,2,4,2309160004,피닉스 평창 블루캐니언
f_f014522,2,5,2309160005,경기 광주 휴게소 경기도 광주방향
f_f014522,2,6,2309160006,집
f_f014523,1,1,2309030001,친구 친지 집
f_f014523,1,2,2309030002,KTG 상상마당 부산 (오시고 사진전 전시관)
f_f014523,1,3,2309030003,또 시아
f_f014523,1,4,2309030004,꼬쇼네
f_f014523,1,5,2309030005,알시비
f_f014523,1,6,2309030006,청학 배수지 전망대
f_f014523,1,7,2309030007,유니언 빌리지 아파트
f_f014533,1,1,2309020001,집
f_f014533,1,2,2309020002,고향산천 초당순두부
f_f014533,1,3,2309020003,강문해변
f_f014533,1,4,2309020004,경포 호수광장
f_f014533,1,5,2309020005,카페덕덕
f_f014533,1,6,2309020006,강릉 월화 거리
f_f014533,1,7,2309020007,강릉 중앙시장
f_f014533,1,8,2309020008,감자 유원지
f_f014533,1,9,2309020009,집
f_f014568,1,1,2309100001,집
f_f014568,1,2,2309100002,추억의 달동네
f_f014568,1,3,2309100003,한봉순할매순두부
f_f014568,1,4,2309100004,경주 동궁원
f_f014568,1,5,2309100005,첨성대
f_f014568,1,6,2309100006,동궁과 월지
f_f014568,1,7,2309100007,집
f_f014574,1,1,2309020001,집
f_f014574,1,2,2309020002,철원 한탄강 주상절리길
f_f014574,1,3,2309020003,고석정
f_f014574,1,4,2309020004,철원 DMZ 생태평화공원
f_f014574,1,5,2309020005,집
f_f014575,1,1,2308310001,집
f_f014575,1,2,2308310008,홍천 휴게소 양양 방향
f_f014575,1,3,2308310002,카페 백촌리
f_f014575,1,4,2308310003,백촌 막국수
f_f014575,1,5,2308310004,뮤지엄 엑스
f_f014575,1,6,2308310005,해녀횟집
f_f014575,1,7,2308310006,청간해변
f_f014575,1,8,2308310007,속초관광수산시장
f_f014575,1,9,2308310009,집
f_f014589,1,1,2309090001,집
f_f014589,1,2,2309090002,롯데 영 플라자 울산점
f_f014589,1,3,2309090003,딥 센스
f_f014589,1,4,2309090004,업 스퀘어
f_f014589,1,5,2309090005,BCD 커피
f_f014589,1,6,2309090006,태화강 국가정원 십리대숲
f_f014589,1,7,2309090007,집
f_f014600,1,1,2308310001,집
f_f014600,1,2,2308310002,흰 여울 문화마을
f_f014600,1,3,2308310003,흰 여울점 빵
f_f014600,1,4,2308310004,하이까눌레
f_f014600,1,5,2308310005,카페 변호인
f_f014600,1,6,2308310006,흰 여울 해안 터널
f_f014600,1,7,2308310007,레트로 덕천
f_f014600,1,8,2308310008,솔뫼 생태공원
f_f014600,1,9,2308310009,몰 틀 리
f_f014600,1,10,2308310010,집
f_f014622,1,1,2309090001,집
f_f014622,1,2,2309090002,세인즈 가든
f_f014622,1,3,2309090004,자유대 천계곡 휴양림
f_f014622,1,4,2309090005,롯데 프리미엄 아웃렛 김해점
f_f014622,1,5,2309090003,집
f_f014641,1,1,2309030001,집
f_f014641,1,2,2309030002,기와집
f_f014641,1,3,2309030003,카페 은하수
f_f014641,1,4,2309030004,한국레저개발 2캠프
f_f014641,1,5,2309030005,한탄강 빵 명작
f_f014641,1,6,2309030006,집
f_f014662,1,1,2309020001,집
f_f014662,1,2,2309020004,육 대장 장생포점
f_f014662,1,3,2309020002,장생포 고래생태체험관
f_f014662,1,4,2309020003,장생포 고래 박물관
f_f014662,1,5,2309020005,웰리 키즈랜드
f_f014662,1,6,2309020006,울산 한
f_f014662,1,7,2309020007,장생포 고래문화마을
f_f014662,1,8,2309020008,집
f_f014698,1,1,2309070001,집
f_f014698,1,2,2309070003,김유정역 (폐역)
f_f014698,1,3,2309070004,김유정문학촌
f_f014698,1,4,2309070005,춘천 풍물시장
f_f014698,1,5,2309070006,소양강 스카이워크
f_f014698,1,6,2309070007,생그레
f_f014698,1,7,2309070008,다락 숯불닭갈비
f_f014698,1,8,2309070002,집
f_f014710,1,1,2309150001,집
f_f014710,1,2,2309150002,동서울 종합터미널
f_f014710,1,3,2309150003,강릉 고속버스터미널
f_f014710,1,4,2309150004,해먹
f_f014710,1,5,2309150005,강릉 선교장
f_f014710,1,6,2309150006,하슬라아트월드
f_f014710,1,7,2309150013,쏠비치 양양
f_f014710,2,1,2309160006,쏠비치 양양 셰프스키친
f_f014710,2,2,2309160007,쏠비치 양양 해변 산책로
f_f014710,2,3,2309160001,하조대
f_f014710,2,4,2309160002,하조대해수욕장
f_f014710,2,5,2309160003,남애항
f_f014710,2,6,2309160004,휴휴암
f_f014710,2,7,2309160005,신성 기사식당
f_f014710,2,8,2309160008,집
f_f014724,1,1,2309020001,친구 친지 집
f_f014724,1,2,2309020002,나라나 비 강릉점
f_f014724,1,3,2309020003,고 선생 화덕 생선구이
f_f014724,1,4,2309020004,아르떼 뮤지엄 강릉
f_f014724,1,5,2309020005,주문진 수산시장
f_f014724,1,6,2309020006,정동진역
f_f014724,1,7,2309020007,썬크루즈 테마공원
f_f014724,1,8,2309020008,휴먼시아 원주개운 1단지 아파트
f_f014737,1,1,2308310001,집
f_f014737,1,2,2308310002,맥도날드 수원 화성 DT 점
f_f014737,1,3,2308310003,비발디파크 오션월드
f_f014737,1,4,2308310004,평창송어
f_f014737,1,5,2308310005,집
f_f014824,1,1,2309030001,집
f_f014824,1,2,2309030004,춘천역 경춘선
f_f014824,1,3,2309030002,명동 닭갈비 골목
f_f014824,1,4,2309030006,춘천 중앙시장
f_f014824,1,5,2309030003,육림 고개
f_f014824,1,6,2309030005,아주르 봄
f_f014824,1,7,2309030007,의암호
f_f014824,1,8,2309030008,육림 닭강정
f_f014824,1,9,2309030009,집
f_f014859,1,1,2309090001,집
f_f014859,1,2,2309090002,가평휴게소 춘천 방향
f_f014859,1,3,2309090003,참 사랑해 참치 숯불구이 강원 고성 1호점
f_f014859,1,4,2309090004,커피고
f_f014859,1,5,2309090005,백성 해상 전망대
f_f014859,1,6,2309090006,거진항
f_f014859,1,7,2309090007,화진포해변
f_f014859,1,8,2309090009,내린천 휴게소 서울 방향
f_f014859,1,9,2309090008,집
f_f014875,1,1,2309100001,집
f_f014875,1,2,2309100002,부산역
f_f014875,1,3,2309100003,동대구역
f_f014875,1,4,2309100004,동성로 로데오거리
f_f014875,1,5,2309100005,개정 본점
f_f014875,1,6,2309100006,비 붐 스튜디오 대구 삼덕점
f_f014875,1,7,2309100007,짱 오락실 대구 동성로 3호점
f_f014875,1,8,2309100008,No Brand Case
f_f014875,1,9,2309100009,루시드
f_f014875,1,10,2309100010,덕일 생고기
f_f014875,1,11,2309100011,스파크 랜드
f_f014875,1,12,2309100012,집
f_f014892,1,1,2309160001,집
f_f014892,1,2,2309160002,영일대해수욕장
f_f014892,1,3,2309160003,뚝배기 이탈리아
f_f014892,1,4,2309160004,영일대해수욕장
f_f014892,1,5,2309160005,오브레멘
f_f014892,1,6,2309160006,환여 횟집
f_f014892,1,7,2309160008,알 이티
f_f014892,1,8,2309160007,집
f_f014911,1,1,2309020001,집
f_f014911,1,2,2309020003,더 현대 대구
f_f014911,1,3,2309020004,대봉동 능소화폭포
f_f014911,1,4,2309020005,벽돌집
f_f014911,1,5,2309020006,대구 삼성 라이온즈 파크
f_f014911,1,6,2309020002,집
f_f014915,1,1,2309200001,집
f_f014915,1,2,2309200002,부산종합버스터미널
f_f014915,1,3,2309200004,경주 시외버스터미널
f_f014915,1,4,2309200005,신라 제면
f_f014915,1,5,2309200006,경주역사유적지구
f_f014915,1,6,2309200007,대릉원
f_f014915,1,7,2309200008,올리브
f_f014915,1,8,2309200009,라움
f_f014915,1,9,2309200010,오 홀리데이
f_f014915,1,10,2309200011,심상
f_f014915,1,11,2309200012,황련단길 생활문화센터
f_f014915,1,12,2309200013,월정교
f_f014915,1,13,2309200014,동궁과 월지
f_f014915,1,14,2309200015,황련단길
f_f014915,1,15,2309200016,경주 시외버스터미널
f_f014915,1,16,2309200017,부산종합버스터미널
f_f014915,1,17,2309200003,집
f_f014943,1,1,2309160001,집
f_f014943,1,2,2309160002,부산역
f_f014943,1,3,2309160003,동대구역
f_f014943,1,4,2309160004,신라 식당
f_f014943,1,5,2309160005,동성로 로데오거리
f_f014943,1,6,2309160006,나이스 키친
f_f014943,1,7,2309160007,카페 오디너리 하우스
f_f014943,1,8,2309160008,모남희
f_f014943,1,9,2309160009,고스트 북스
f_f014943,1,10,2309160010,중앙 떡볶이
f_f014943,1,11,2309160011,탑텐 동성로 중앙점
f_f014943,1,12,2309160012,랜디스 도넛 대구 동성로점
f_f014943,1,13,2309160013,신세계백화점 대구점
f_f014943,1,14,2309160014,동대구역
f_f014943,1,15,2309160015,집
f_f014967,1,1,2309070001,집
f_f014967,1,2,2309070002,한서 남궁억 기념관
f_f014967,1,3,2309070003,홍천 재래식 손두부
f_f014967,1,4,2309070004,모곡 밤벌유원지
f_f014967,1,5,2309070005,산음 유원지
f_f014967,1,6,2309070006,국립 산음자연휴양림
f_f014967,1,7,2309070007,집
f_f014998,1,1,2309030001,집
f_f014998,1,2,2309030002,국토 정중앙 천문대
f_f014998,1,3,2309030003,배꼽축제 주차장
f_f014998,1,4,2309030004,한반도섬
f_f014998,1,5,2309030005,양구 근현대사 박물관
f_f014998,1,6,2309030006,대월 숯불 오골계 구이
f_f014998,1,7,2309030007,집
f_f015017,1,1,2309030001,집
f_f015017,1,2,2309030002,장수 암
f_f015017,1,3,2309030003,백령 카페
f_f015017,1,4,2309030004,집
f_f015019,1,1,2309160001,집
f_f015019,1,2,2309160002,배달 성전 삼성궁
f_f015019,1,3,2309160003,섬진강 재첩 국 수
f_f015019,1,4,2309160004,화개 장터
f_f015019,1,5,2309160005,밤톨
f_f015019,1,6,2309160006,동정호
f_f015019,1,7,2309160007,집
f_f015022,1,1,2309150001,집
f_f015022,1,2,2309150003,한국고속도로 휴게시설 협회 오창
f_f015022,1,3,2309150004,오크밸리 스키빌리지 C동
f_f015022,1,4,2309150005,섬강 한우촌
f_f015022,1,5,2309150007,오크밸리 스키빌리지 C동
f_f015022,2,1,2309160001,오크밸리 스키빌리지 C동
f_f015022,2,2,2309160002,뮤지엄 산
f_f015022,2,3,2309160003,미로 예술 원주 중앙시장
f_f015022,2,4,2309160004,오창휴게소 남이 방향
f_f015022,2,5,2309160005,집
f_f015032,1,1,2309180001,집
f_f015032,1,2,2309180002,남창역 동해선
f_f015032,1,3,2309180003,남창 옹기종기 시장
f_f015032,1,4,2309180004,오늘은 보리밥
f_f015032,1,5,2309180005,울산 수목원
f_f015032,1,6,2309180008,국립 대운산 치유의 숲
f_f015032,1,7,2309180009,허씨 떡집
f_f015032,1,8,2309180007,집
f_f015073,1,1,2309110001,집
f_f015073,1,2,2309110003,아틀란티스 부산점
f_f015073,1,3,2309110004,수변 최고 돼지국밥 민락 본점
f_f015073,1,4,2309110005,씨라 이르 부산아쿠아리움
f_f015073,1,5,2309110006,롯데 프리미엄 아웃렛 동부산점
f_f015073,1,6,2309110002,집
f_f015078,1,1,2309030001,집
f_f015078,1,2,2309030002,이천 터미널
f_f015078,1,3,2309030003,춘천 시외버스터미널
f_f015078,1,4,2309030004,남춘천역
f_f015078,1,5,2309030005,김유정역 경춘선
f_f015078,1,6,2309030006,김유정문학촌
f_f015078,1,7,2309030007,책과 인쇄 박물관
f_f015078,1,8,2309030008,한 가족 숯불닭갈비 본점
f_f015078,1,9,2309030009,춘천 중도 물레길
f_f015078,1,10,2309030010,춘천 중도 물레길 카누
f_f015078,1,11,2309030011,댄싱 카페인
f_f015078,1,12,2309030012,춘천 시외버스터미널
f_f015078,1,13,2309030013,이천 터미널
f_f015078,1,14,2309030014,집
f_f015079,1,1,2309070001,집
f_f015079,1,2,2309070002,태화강역 동해선
f_f015079,1,3,2309070003,신세계백화점 센텀시티점
f_f015079,1,4,2309070004,벡스코 제2전시장
f_f015079,1,5,2309070005,랜디스 도넛 광안리점
f_f015079,1,6,2309070006,부산역
f_f015079,1,7,2309070007,집
f_f015092,1,1,2309020001,집
f_f015092,1,2,2309020003,홍천 휴게소 양양 방향
f_f015092,1,3,2309020004,중앙시장 입구 삼거리
f_f015092,1,4,2309020005,등대해수욕장
f_f015092,1,5,2309020006,할리스 속초 영랑 해 변 DI 점
f_f015092,1,6,2309020007,어자가
f_f015092,1,7,2309020002,집
f_f015107,1,1,2309070001,집
f_f015107,1,2,2309070002,대성동 고분군
f_f015107,1,3,2309070003,티발돈까스의집 김해점
f_f015107,1,4,2309070004,수로왕릉
f_f015107,1,5,2309070005,해이다 커피
f_f015107,1,6,2309070006,국립김해 박물관
f_f015107,1,7,2309070007,신세계백화점 김해점
f_f015107,1,8,2309070008,집
f_f015154,1,1,2309020001,집
f_f015154,1,2,2309020002,경주 화랑마을
f_f015154,1,3,2309020003,분황사
f_f015154,1,4,2309020004,황련단길
f_f015154,1,5,2309020005,첨성대
f_f015154,1,6,2309020006,월영교
f_f015154,1,7,2309020007,집
f_f015159,1,1,2309020001,집
f_f015159,1,2,2309020002,국립경주박물관
f_f015159,1,3,2309020003,분황사석탑
f_f015159,1,4,2309020005,교촌마을
f_f015159,1,5,2309020004,버거킹 경주터미널 FS 점
f_f015159,1,6,2309020006,모다 아웃렛
f_f015159,1,7,2309020007,형산강 역사 문화 관광공원
f_f015159,1,8,2309020008,집
f_f015177,1,1,2309030001,친구 친지 집
f_f015177,1,2,2309030003,소금 간 울렁다리
f_f015177,1,3,2309030004,뮤지엄 산
f_f015177,1,4,2309030005,나에 소
f_f015177,1,5,2309030006,저문 강에 삽을 씻고
f_f015177,1,6,2309030002,서울 관악구 남부 순환로 181
f_f015193,1,1,2309010001,사무실
f_f015193,1,2,2309010002,더 현대 대구
f_f015193,1,3,2309010003,스타벅스 대구 계산
f_f015193,1,4,2309010004,롯데시네마 프리미엄만 경
f_f015193,1,5,2309010005,대구 반야월 막창 대구 종로점
f_f015193,1,6,2309010006,포도도
f_f015193,1,7,2309010007,정평역 하늘채 리버파크 아파트
f_f015197,1,1,2309100001,집
f_f015197,1,2,2309100003,중도 석유 옥산 주유소
f_f015197,1,3,2309100004,선산휴게소 환승정류소(하행)
f_f015197,1,4,2309100005,성 베네딕도회 왜관수도원
f_f015197,1,5,2309100006,칠곡 실버타운
f_f015197,1,6,2309100007,천연에 왜관점
f_f015197,1,7,2309100008,왜관 전통시장 공영주차장
f_f015197,1,8,2309100009,왜관시장
f_f015197,1,9,2309100010,칠곡 실버타운
f_f015197,1,10,2309100011,칠곡휴게소 서울 방향
f_f015197,1,11,2309100012,속리산 휴게소 청주 방향
f_f015197,1,12,2309100002,집
f_f015235,1,1,2309060001,집
f_f015235,1,2,2309060002,황룡사
f_f015235,1,3,2309060003,대석 288
f_f015235,1,4,2309060004,아덴 원동점
f_f015235,1,5,2309060005,황산공원
f_f015235,1,6,2309060006,집
f_f015254,1,1,2309120001,집
f_f015254,1,2,2309120002,경주 시외버스터미널
f_f015254,1,3,2309120003,포항터미널
f_f015254,1,4,2309120004,홈플러스 포항점
f_f015254,1,5,2309120005,아돌첸도
f_f015254,1,6,2309120006,환호공원 스페이스 워크
f_f015254,1,7,2309120007,박 선장 요트투어
f_f015254,1,8,2309120008,가정 초밥 영일대점
f_f015254,1,9,2309120009,시민제과
f_f015254,1,10,2309120010,포항터미널
f_f015254,1,11,2309120011,충효 대우 2차 아파트
f_f015258,1,1,2309020001,집
f_f015258,1,2,2309020002,카페 라미
f_f015258,1,3,2309020003,상산공원
f_f015258,1,4,2309020004,북천시민공원
f_f015258,1,5,2309020005,집
f_f015266,1,1,2309160001,집
f_f015266,1,2,2309160002,신라 식당
f_f015266,1,3,2309160003,코잔타
f_f015266,1,4,2309160004,에잇 세컨즈 대구 동성로 본점
f_f015266,1,5,2309160005,합스
f_f015266,1,6,2309160006,수성유원지
f_f015266,1,7,2309160007,수성못
f_f015266,1,8,2309160008,종로구 집
f_f015266,1,9,2309160009,더 현대 대구
f_f015266,1,10,2309160010,대구역
f_f015266,1,11,2309160011,집
f_f015267,1,1,2309230001,집
f_f015267,1,2,2309230002,울산 시외버스터미널
f_f015267,1,3,2309230003,해운대 시외버스정류소
f_f015267,1,4,2309230004,해운대 원조할 미국 밥
f_f015267,1,5,2309230005,카펫 레일
f_f015267,1,6,2309230006,부산 시립미술관
f_f015267,1,7,2309230007,해운대해수욕장
f_f015267,1,8,2309230008,상국이네
f_f015267,1,9,2309230009,해운대해수욕장
f_f015267,1,10,2309230010,포니 필름
f_f015267,1,11,2309230011,고래서 이뻐
f_f015267,1,12,2309230012,해운대 시외버스정류소
f_f015267,1,13,2309230014,울산 시외버스터미널
f_f015267,1,14,2309230013,집
f_f015274,1,1,2309020001,집
f_f015274,1,2,2309020003,더 현대 대구
f_f015274,1,3,2309020004,김광석 다시 그리기 길
f_f015274,1,4,2309020005,수성못
f_f015274,1,5,2309020006,동대구 터미널
f_f015274,1,6,2309020007,동대구역
f_f015274,1,7,2309020002,집
f_f015276,1,1,2309090001,집
f_f015276,1,2,2309090002,친구 픽업
f_f015276,1,3,2309090003,유노추보 광복점
f_f015276,1,4,2309090004,롯데갤러리 광복점
f_f015276,1,5,2309090005,롯데백화점 광복점 스카이파크 전망대
f_f015276,1,6,2309090006,절영해안산책로
f_f015276,1,7,2309090007,흰 여울 문화마을
f_f015276,1,8,2309090008,카페 피라
f_f015276,1,9,2309090009,집
f_f015277,1,1,2309160001,집
f_f015277,1,2,2309160002,가평역 경춘선
f_f015277,1,3,2309160003,춘천역 경춘선
f_f015277,1,4,2309160004,소양강 스카이워크
f_f015277,1,5,2309160005,맘 인 더 가든 스카이워크점
f_f015277,1,6,2309160006,춘천역 경춘선
f_f015277,1,7,2309160007,조개 창고
f_f015277,1,8,2309160008,맛있는 술집 여기 미술관 가평점
f_f015277,1,9,2309160009,집
f_f015281,1,1,2309090001,집
f_f015281,1,2,2309090002,남산 시외버스정류소
f_f015281,1,3,2309090003,경주 시외버스터미널
f_f015281,1,4,2309090004,료코
f_f015281,1,5,2309090005,대릉원
f_f015281,1,6,2309090006,하루 필름 황리단길점
f_f015281,1,7,2309090007,어마 무시 황리단길점
f_f015281,1,8,2309090008,황련단길
f_f015281,1,9,2309090009,치즈 오
f_f015281,1,10,2309090010,국립경주박물관
f_f015281,1,11,2309090011,동궁과 월지
f_f015281,1,12,2309090012,경주 시외버스터미널
f_f015281,1,13,2309090013,남산 시외버스정류소
f_f015281,1,14,2309090014,집
f_f015282,1,1,2309020001,집
f_f015282,1,2,2309020003,철원 한탄강 주상절리 길 드르니 매표소
f_f015282,1,3,2309020004,드르니 국수 철원 본점
f_f015282,1,4,2309020005,바잘트38.1
f_f015282,1,5,2309020006,고석정
f_f015282,1,6,2309020007,한탄강 은하 수교
f_f015282,1,7,2309020008,승포아트빌마트
f_f015282,1,8,2309020002,집
f_f015284,1,1,2309220001,집
f_f015284,1,2,2309220003,서울역
f_f015284,1,3,2309220004,스타벅스 서울 역사점
f_f015284,1,4,2309220005,강릉역
f_f015284,1,5,2309220006,강릉역 자율주행차 정류장
f_f015284,1,6,2309220007,경포호
f_f015284,1,7,2309220008,사근 긴 해변
f_f015284,1,8,2309220009,경포해수욕장
f_f015284,1,9,2309220010,강문해변
f_f015284,1,10,2309220011,송정해변
f_f015284,1,11,2309220012,안목항 물회
f_f015284,1,12,2309220013,키프러스 커피
f_f015284,1,13,2309220014,강릉 선교장
f_f015284,1,14,2309220015,한낮의 바다
f_f015284,1,15,2309220016,강다방 이야기 공장
f_f015284,1,16,2309220017,강릉 중앙시장
f_f015284,1,17,2309220018,강릉역
f_f015284,1,18,2309220019,서울역
f_f015284,1,19,2309220020,GS25 관악 녹두점
f_f015284,1,20,2309220002,집
f_f015299,1,1,2309070001,집
f_f015299,1,2,2309070002,부산 서부버스터미널
f_f015299,1,3,2309070003,우직
f_f015299,1,4,2309070004,청수당 경주점
f_f015299,1,5,2309070005,대릉원
f_f015299,1,6,2309070006,천마총
f_f015299,1,7,2309070007,월정교
f_f015299,1,8,2309070008,계림 주막
f_f015299,1,9,2309070010,경주 시외버스터미널
f_f015299,1,10,2309070009,집
f_f015303,1,1,2309030001,집
f_f015303,1,2,2309030004,가락국수 한 그릇
f_f015303,1,3,2309030005,콰이강의 다리 저도 스카이워크
f_f015303,1,4,2309030006,할리스 마산 저도 점
f_f015303,1,5,2309030003,스파 더 스페이스
f_f015303,1,6,2309030007,대방 대동 황토 방 아파트
f_f015303,1,7,2309030002,집
f_f015309,1,1,2309030001,친구 친지 집
f_f015309,1,2,2309030002,김채옥 창원 상남점
f_f015309,1,3,2309030003,장수 암
f_f015309,1,4,2309030004,언엔드
f_f015309,1,5,2309030005,롯데 프리미엄 아웃렛 김해점
f_f015309,1,6,2309030006,덕명인 스타 오피스텔 67호
f_f015335,1,1,2309160001,집
f_f015335,1,2,2309160002,서울고속버스터미널(경부)
f_f015335,1,3,2309160003,울산 고속버스터미널
f_f015335,1,4,2309160004,섬섬옥수
f_f015335,1,5,2309160005,누아르
f_f015335,1,6,2309160006,스타벅스 울산대점
f_f015335,1,7,2309160007,울산 문수축구 경기장
f_f015335,1,8,2309160008,울산역
f_f015335,1,9,2309160009,SRT 수서역 주차장
f_f015336,1,1,2309080001,집
f_f015336,1,2,2309080002,애플 아웃렛
f_f015336,1,3,2309080003,카츠와 라 부산 시청점
f_f015336,1,4,2309080004,지청 철학원
f_f015336,1,5,2309080005,노아스 로스팅 롯데백화점 부산본점
f_f015336,1,6,2309080006,시시 호시 롯데백화점 부산본점
f_f015336,1,7,2309080007,기장 손칼국수
f_f015336,1,8,2309080008,스타벅스 서면으로 R 점
f_f015336,1,9,2309080009,집
f_f015340,1,1,2309220001,친구 친지 집
f_f015340,1,2,2309220002,강릉 현대 장 칼국수 본점
f_f015340,1,3,2309220003,갤러리 밥스
f_f015340,1,4,2309220004,강문해변
f_f015340,1,5,2309220005,권인숙 고성 생선찜
f_f015340,1,6,2309220006,수락 한신아파트
f_f015344,1,1,2309070001,집
f_f015344,1,2,2309070003,태기산
f_f015344,1,3,2309070004,테라스
f_f015344,1,4,2309070005,크루즈 커피
f_f015344,1,5,2309070002,집
f_f015345,1,1,2309120001,집
f_f015345,1,2,2309120002,연지
f_f015345,1,3,2309120003,청도읍 선
f_f015345,1,4,2309120004,모리 커피 청도점
f_f015345,1,5,2309120005,원할매김밥
f_f015345,1,6,2309120006,모리 커피 청도점
f_f015345,1,7,2309120007,네이처 컬렉션 청도점
f_f015345,1,8,2309120008,삼송 빵집 청도 이서점
f_f015345,1,9,2309120009,집
f_f015353,1,1,2309160001,집
f_f015353,1,2,2309160004,헤이 그린
f_f015353,1,3,2309160003,코스트코 김해점
f_f015353,1,4,2309160002,집
f_f015358,1,1,2309060001,집
f_f015358,1,2,2309060003,건강한 새우
f_f015358,1,3,2309060004,투썸플레이스 마산 저도 점
f_f015358,1,4,2309060005,경남 창원시 마산합포구 구산면 해양관광로 1736
f_f015358,1,5,2309060006,장구 방파제
f_f015358,1,6,2309060002,집
f_f015383,1,1,2309020001,집
f_f015383,1,2,2309020003,효자동 성당
f_f015383,1,3,2309020005,전주식당
f_f015383,1,4,2309020004,소양강 처녀상
f_f015383,1,5,2309020006,이디야커피 춘천 김유정역점
f_f015383,1,6,2309020007,김유정문학촌
f_f015383,1,7,2309020002,집
f_f015384,1,1,2309230001,집
f_f015384,1,2,2309230002,고속 주유소
f_f015384,1,3,2309230003,통도사 및 통도사 성보 박물관
f_f015384,1,4,2309230004,이순남 순두부 정식
f_f015384,1,5,2309230005,법기 수원지
f_f015384,1,6,2309230006,리즈 푸드
f_f015384,1,7,2309230007,집
f_f015388,1,1,2309090001,집
f_f015388,1,2,2309090002,국립 해양 박물관
f_f015388,1,3,2309090003,도널드
f_f015388,1,4,2309090004,삼진 어묵 영도 본점
f_f015388,1,5,2309090005,국립 일제 강제 동원 역사관
f_f015388,1,6,2309090006,집
f_f015395,1,1,2309090001,집
f_f015395,1,2,2309090003,동대구역
f_f015395,1,3,2309090004,부산고등어
f_f015395,1,4,2309090007,커피 브레드 남포 본점
f_f015395,1,5,2309090005,영도대교
f_f015395,1,6,2309090006,자갈치시장
f_f015395,1,7,2309090008,부평 깡통시장
f_f015395,1,8,2309090009,용두산공원
f_f015395,1,9,2309090010,돌쇠 장작구이
f_f015395,1,10,2309090011,비엔씨
f_f015395,1,11,2309090013,부산역
f_f015395,1,12,2309090014,동대구역
f_f015395,1,13,2309090015,집
f_f015395,1,14,2309090002,집
f_f015406,1,1,2309020001,집
f_f015406,1,2,2309020009,하바나
f_f015406,1,3,2309020002,자 성당
f_f015406,1,4,2309020003,태화강 국가 정원
f_f015406,1,5,2309020010,친구 집
f_f015406,1,6,2309020004,휴 아트 삼산점
f_f015406,1,7,2309020005,포토 시그니처 울산삼점
f_f015406,1,8,2309020006,롯데백화점 울산점
f_f015406,1,9,2309020007,부탄쵸
f_f015406,1,10,2309020011,집
f_f015423,1,1,2309060001,집
f_f015423,1,2,2309060003,신세계백화점 센텀시티점
f_f015423,1,3,2309060004,전포 카페거리
f_f015423,1,4,2309060005,흰 여울 문화마을
f_f015423,1,5,2309060006,다대포해수욕장
f_f015423,1,6,2309060002,CGV 대구 월성
f_f015427,1,1,2309090001,집
f_f015427,1,2,2309090002,함안 입곡 군립 공원 아라 힐링카페 무빙 보트
f_f015427,1,3,2309090003,함안박물관
f_f015427,1,4,2309090004,제주 세호 해장국 함안점
f_f015427,1,5,2309090005,투썸플레이스 마산 상계점
f_f015427,1,6,2309090006,집
f_f015430,1,1,2309020001,친구 친지 집
f_f015430,1,2,2309020002,김천역
f_f015430,1,3,2309020003,리당
f_f015430,1,4,2309020004,김호중 소리길
f_f015430,1,5,2309020006,맛있는 커피 못 앞에
f_f015430,1,6,2309020005,연화지
f_f015430,1,7,2309020007,김산 향교
f_f015430,1,8,2309020008,오늘 참 예쁘다
f_f015430,1,9,2309020009,다모아 분식
f_f015430,1,10,2309020010,자살골
f_f015430,1,11,2309020011,카페 자산
f_f015430,1,12,2309020012,화란
f_f015430,1,13,2309020013,친구 친지 집
f_f015431,1,1,2309020001,집
f_f015431,1,2,2309020002,오미뇽 브런치 카페
f_f015431,1,3,2309020004,진현동 마을 정자
f_f015431,1,4,2309020005,투썸플레이스 경주 보문호수점
f_f015431,1,5,2309020006,집
f_f015438,1,1,2309230001,집
f_f015438,1,2,2309230003,대관령 양떼목장
f_f015438,1,3,2309230004,황태회관
f_f015438,1,4,2309230005,뮤지엄 딥 다이브
f_f015438,1,5,2309230002,집
f_f015441,1,1,2309090001,집
f_f015441,1,2,2309090002,백운 1주유소
f_f015441,1,3,2309090003,외고산 옹기마을
f_f015441,1,4,2309090004,보리밥
f_f015441,1,5,2309090005,청량 248
f_f015441,1,6,2309090006,집
f_f015446,1,1,2309020001,사무실
f_f015446,1,2,2309020002,샘도 참숯 닭갈비 큰 아들네
f_f015446,1,3,2309020003,소양강댐 정상 주차장
f_f015446,1,4,2309020004,산토리니
f_f015446,1,5,2309020005,춘천 세종호텔
f_f015446,1,6,2309020006,아이스 플라워 한림점
f_f015446,1,7,2309020007,한림대학교
f_f015446,1,8,2309020008,자택
f_f015449,1,1,2309110001,집
f_f015449,1,2,2309110002,서울역
f_f015449,1,3,2309110003,강릉역
f_f015449,1,4,2309110004,엄지네 포장마차 본점
f_f015449,1,5,2309110005,애당초
f_f015449,1,6,2309110006,순두부 젤라또 1호점
f_f015449,1,7,2309110007,유리알 유희
f_f015449,1,8,2309110008,강문해변
f_f015449,1,9,2309110009,강원옥
f_f015449,1,10,2309110010,강릉 중앙시장
f_f015449,1,11,2309110011,강다방 이야기 공장
f_f015449,1,12,2309110014,강릉역
f_f015449,1,13,2309110012,범포 어묵 강릉역점
f_f015449,1,14,2309110015,서울역
f_f015449,1,15,2309110013,집
f_f015453,1,1,2309240001,집
f_f015453,1,2,2309240003,동대구역
f_f015453,1,3,2309240004,피아트
f_f015453,1,4,2309240005,올바릇식당 영도점
f_f015453,1,5,2309240006,태종대유원지
f_f015453,1,6,2309240007,블루빈
f_f015453,1,7,2309240008,부산역
f_f015453,1,8,2309240002,집
f_f015457,1,1,2309230001,친구 친지 집
f_f015457,1,2,2309230003,장전역 부산 1호선
f_f015457,1,3,2309230004,노포역 부산 1호선
f_f015457,1,4,2309230005,부산종합버스터미널
f_f015457,1,5,2309230006,동대구역 복합환승센터 주차장
f_f015457,1,6,2309230007,동대구역 대구 1호선
f_f015457,1,7,2309230008,서문시장 역 대구 3호선
f_f015457,1,8,2309230009,엄마 칼국수
f_f015457,1,9,2309230010,경산 분식
f_f015457,1,10,2309230011,부부 찹쌀호떡
f_f015457,1,11,2309230012,이마트 24 대구 대신 점
f_f015457,1,12,2309230013,계명대학교 대구 동산병원 앞 2
f_f015457,1,13,2309230014,현대백화점 동아쇼핑 정류장
f_f015457,1,14,2309230015,더 현대 대구
f_f015457,1,15,2309230016,대구약령시 한방의료체험타운
f_f015457,1,16,2309230017,최가네 케이크
f_f015457,1,17,2309230018,반월당 백화점 약국
f_f015457,1,18,2309230019,스시라서 또
f_f015457,1,19,2309230020,중앙로 역 대구 1호선
f_f015457,1,20,2309230021,동대구역 대구 1호선
f_f015457,1,21,2309230022,토스트 카페 이순신
f_f015457,1,22,2309230023,삼송 빵집 동대구 역사점
f_f015457,1,23,2309230025,노포역 부산 1호선
f_f015457,1,24,2309230024,동대구역 복합환승센터 주차장
f_f015457,1,25,2309230026,부산 고속버스터미널 차고지
f_f015457,1,26,2309230027,장전역 부산 1호선
f_f015457,1,27,2309230028,카페 봄봄 장전점
f_f015457,1,28,2309230002,CU 장전리 치타 원점
f_f015459,1,1,2309220001,집
f_f015459,1,2,2309220002,태화강역 동해선
f_f015459,1,3,2309220003,임금님 보리밥
f_f015459,1,4,2309220004,태화강 국가 정원
f_f015459,1,5,2309220005,태화강 국가정원 십리대숲
f_f015459,1,6,2309220006,태화강 국가 정원 나비 생태원
f_f015459,1,7,2309220007,태화강 국가 정원 향기정원
f_f015459,1,8,2309220008,태화강 국가 정원 십 리 대밭교
f_f015459,1,9,2309220009,비브레드
f_f015459,1,10,2309220010,집
f_f015464,1,1,2309060001,집
f_f015464,1,2,2309060002,소옥
f_f015464,1,3,2309060003,망고 홈
f_f015464,1,4,2309060004,오 홀리데이
f_f015464,1,5,2309060005,테를 지
f_f015464,1,6,2309060006,부처빵
f_f015464,1,7,2309060007,스타벅스 경주터미널 DT 점
f_f015464,1,8,2309060011,인생네컷 황리단길점
f_f015464,1,9,2309060013,인생네컷 황리단길점 물품보관소
f_f015464,1,10,2309060008,황금십원빵
f_f015464,1,11,2309060009,고도리
f_f015464,1,12,2309060010,전 밤
f_f015464,1,13,2309060012,집
f_f015467,1,1,2309080001,집
f_f015467,1,2,2309080002,동정호
f_f015467,1,3,2309080003,쌍계사
f_f015467,1,4,2309080004,부산식당
f_f015467,1,5,2309080005,정금 다원
f_f015467,1,6,2309080006,플래닛 12
f_f015467,1,7,2309080007,구지봉 활공장
f_f015467,1,8,2309080008,진주휴게소 부산방향
f_f015467,1,9,2309080009,집
f_f015468,1,1,2309090001,집
f_f015468,1,2,2309090003,통도사
f_f015468,1,3,2309090004,브릭스
f_f015468,1,4,2309090005,빌리 커피나
f_f015468,1,5,2309090002,집
f_f015471,1,1,2309030001,집
f_f015471,1,2,2309030002,낙동강의 성 휴게소 영천 방향
f_f015471,1,3,2309030003,강동 몽돌해변
f_f015471,1,4,2309030004,롯데리아 울산 정자해변점
f_f015471,1,5,2309030005,강동 중앙공원
f_f015471,1,6,2309030006,집
f_f015474,1,1,2309040001,집
f_f015474,1,2,2309040002,달성 공원 동물원
f_f015474,1,3,2309040003,서문시장
f_f015474,1,4,2309040004,대구 동성로
f_f015474,1,5,2309040005,대구약령 시장
f_f015474,1,6,2309040006,집
f_f015480,1,1,2309060001,집
f_f015480,1,2,2309060002,노량대교 홍보관
f_f015480,1,3,2309060003,최 참판 댁
f_f015480,1,4,2309060004,동정호
f_f015480,1,5,2309060005,하동송림공원
f_f015480,1,6,2309060006,명종 식당
f_f015480,1,7,2309060007,집
f_f015495,1,1,2309230001,집
f_f015495,1,2,2309230003,봉황대공원
f_f015495,1,3,2309230004,시오리 막국수 봉황점
f_f015495,1,4,2309230005,봉리단길
f_f015495,1,5,2309230006,수로왕릉
f_f015495,1,6,2309230007,해반천
f_f015495,1,7,2309230008,그랑 바
f_f015495,1,8,2309230009,김해문화의 전당 윤슬미술관
f_f015495,1,9,2309230010,연지공원
f_f015495,1,10,2309230011,국립김해 박물관
f_f015495,1,11,2309230002,집
f_f015496,1,1,2309160001,집
f_f015496,1,2,2309160002,혁이네
f_f015496,1,3,2309160003,장생포 지지 관서가
f_f015496,1,4,2309160004,장생포 문화창고
f_f015496,1,5,2309160005,장생포 고래 박물관
f_f015496,1,6,2309160006,부산광역시 사하구 다대동
f_f015498,1,1,2309100001,집
f_f015498,1,2,2309100002,당리역 부산 1호선
f_f015498,1,3,2309100003,서면역 부산 1호선
f_f015498,1,4,2309100004,안녕 파스타
f_f015498,1,5,2309100005,스테이트
f_f015498,1,6,2309100006,올리브영 서면 타운 점
f_f015498,1,7,2309100007,서면역 부산 1호선
f_f015498,1,8,2309100008,당리역 부산 1호선
f_f015498,1,9,2309100009,샤이니 에스테틱
f_f015498,1,10,2309100010,집
f_f015504,1,1,2309090001,집
f_f015504,1,2,2309090002,문경새재도립공원
f_f015504,1,3,2309090003,문경철로자전거 진남역
f_f015504,1,4,2309090004,쌍용예가
f_f015505,1,1,2309170001,집
f_f015505,1,2,2309170002,월아산 숲속의 진주
f_f015505,1,3,2309170004,경상남도교육청 과학교육원
f_f015505,1,4,2309170003,산청 돼 지국 밥
f_f015505,1,5,2309170005,집
f_f015512,1,1,2309100001,집
f_f015512,1,2,2309100002,불국사
f_f015512,1,3,2309100003,콩이랑
f_f015512,1,4,2309100004,월정교
f_f015512,1,5,2309100005,교촌마을
f_f015512,1,6,2309100006,집
f_f015513,1,1,2309160001,집
f_f015513,1,2,2309160002,가평휴게소 춘천 방향
f_f015513,1,3,2309160003,학곡사거리 닭갈비 막국수
f_f015513,1,4,2309160004,강아지 숲
f_f015513,1,5,2309160005,집
f_f015516,1,1,2309090001,집
f_f015516,1,2,2309090002,함안휴게소 부산방향
f_f015516,1,3,2309090003,창원 NC 파크
f_f015516,1,4,2309090004,초반 식당 마산 산호점
f_f015516,1,5,2309090005,집
f_f015519,1,1,2309100001,집
f_f015519,1,2,2309100002,더 카페 천호점
f_f015519,1,3,2309100003,호원 가든
f_f015519,1,4,2309100004,제이드가든 수목원
f_f015519,1,5,2309100005,인필드
f_f015519,1,6,2309100006,강원대학교 춘천캠퍼스
f_f015519,1,7,2309100007,집
f_f015520,1,1,2309160001,집
f_f015520,1,2,2309160002,브뤼트피자
f_f015520,1,3,2309160003,오르디
f_f015520,1,4,2309160004,애플 아웃렛
f_f015520,1,5,2309160005,모노 맨션 부산 사상점
f_f015520,1,6,2309160006,플라워 마켓 수화 사상점
f_f015520,1,7,2309160007,집
f_f015522,1,1,2309100004,집
f_f015522,1,2,2309100001,칠곡 호국평화기념관
f_f015522,1,3,2309100002,꿀벌 나라 테마공원
f_f015522,1,4,2309100003,리에 또 커피
f_f015522,1,5,2309100005,집
f_f015523,1,1,2309070001,집
f_f015523,1,2,2309070002,청도 박물관
f_f015523,1,3,2309070003,한국 코미디타운 청도
f_f015523,1,4,2309070004,청도 가마솥 국밥
f_f015523,1,5,2309070005,카페 1996
f_f015523,1,6,2309070006,집
f_f015524,1,1,2309130001,집
f_f015524,1,2,2309130002,두들마을
f_f015524,1,3,2309130003,북경
f_f015524,1,4,2309130004,선바위관광지
f_f015524,1,5,2309130005,영양 서석재
f_f015524,1,6,2309130006,카페 이 밤 헤스티아
f_f015524,1,7,2309130007,대구연경대광로제비앙더퍼스트아파트
f_f015525,1,1,2309120001,집
f_f015525,1,2,2309120002,정선아리랑 시장
f_f015525,1,3,2309120003,아리랑 센터
f_f015525,1,4,2309120004,나전역카페
f_f015525,1,5,2309120005,집
f_f015526,1,1,2309090001,집
f_f015526,1,2,2309090003,미식가의 가락국수 센텀점
f_f015526,1,3,2309090004,영화의 전당 비프힐
f_f015526,1,4,2309090002,집
f_f015527,1,1,2309110001,집
f_f015527,1,2,2309110002,몰운대
f_f015527,1,3,2309110003,본죽 부산 다대점
f_f015527,1,4,2309110004,자갈치시장
f_f015527,1,5,2309110005,스타벅스 부산 송도 해수욕장점
f_f015527,1,6,2309110006,송도해수욕장
f_f015527,1,7,2309110007,집
f_f015528,1,1,2309160001,집
f_f015528,1,2,2309160002,동탄역
f_f015528,1,3,2309160003,부산역 광장
f_f015528,1,4,2309160004,대건 명가 돼지국밥
f_f015528,1,5,2309160005,신세계백화점 센텀시티점
f_f015528,1,6,2309160006,해운대 블루라인
f_f015528,1,7,2309160007,부산역
f_f015528,1,8,2309160008,집
f_f015531,1,1,2309020001,집
f_f015531,1,2,2309020002,아이스퀘어 몰
f_f015531,1,3,2309020003,신세계백화점 김해점
f_f015531,1,4,2309020004,연지공원
f_f015531,1,5,2309020005,제타 커피
f_f015531,1,6,2309020006,집
f_f015535,1,1,2309150001,집
f_f015535,1,2,2309150002,신 전 뮤지엄
f_f015535,1,3,2309150003,샤브향 대구 태전점
f_f015535,1,4,2309150004,홈플러스 칠곡점
f_f015535,1,5,2309150005,투썸플레이스 대구 매천시장역점
f_f015535,1,6,2309150006,집
f_f015536,1,1,2309020001,집
f_f015536,1,2,2309020002,스타벅스 춘천 구봉산 R
f_f015536,1,3,2309020003,춘천 풍물시장
f_f015536,1,4,2309020004,유포리막국수
f_f015536,1,5,2309020006,투썸플레이스 춘천 동면점
f_f015536,1,6,2309020005,신북농협 로컬푸드 직매장
f_f015536,1,7,2309020007,집
f_f015539,1,1,2309030001,집
f_f015539,1,2,2309030003,송탄 터미널
f_f015539,1,3,2309030004,강릉 시외버스터미널
f_f015539,1,4,2309030005,형제 칼국수
f_f015539,1,5,2309030006,카페 툇마루
f_f015539,1,6,2309030007,강문해변
f_f015539,1,7,2309030008,강릉 중앙시장
f_f015539,1,8,2309030009,강릉 시외버스터미널
f_f015539,1,9,2309030002,집
f_f015540,1,1,2309090001,집
f_f015540,1,2,2309090002,상봉역 경춘선
f_f015540,1,3,2309090003,춘천역 경춘선
f_f015540,1,4,2309090004,카페 감자밭 본점
f_f015540,1,5,2309090005,황토집 숯불닭갈비
f_f015540,1,6,2309090006,춘천 중도 물레길
f_f015540,1,7,2309090007,나무 향기 한증막
f_f015540,1,8,2309090008,KTG 상상마당 춘천
f_f015540,1,9,2309090009,강촌역 경춘선
f_f015540,1,10,2309090010,상봉역 경춘선
f_f015540,1,11,2309090011,집
f_f015542,1,1,2309170001,집
f_f015542,1,2,2309170002,알파카 월드
f_f015542,1,3,2309170003,육설모 홍천점
f_f015542,1,4,2309170004,홍천 미술관
f_f015542,1,5,2309170005,홍천중앙시장
f_f015542,1,6,2309170006,러스티 라이프
f_f015542,1,7,2309170007,집
f_f015551,1,1,2309160001,집
f_f015551,1,2,2309160002,한탄강 주상절리 길 순담 매표소 주차장
f_f015551,1,3,2309160003,한탄강 국밥
f_f015551,1,4,2309160004,집
f_f015553,1,1,2309100001,집
f_f015553,1,2,2309100002,포레스트 키친
f_f015553,1,3,2309100003,카페 화담
f_f015553,1,4,2309100004,집
f_f015557,1,1,2309100001,집
f_f015557,1,2,2309100002,소양호 유람선 매표소
f_f015557,1,3,2309100003,부용 가든
f_f015557,1,4,2309100004,청평사
f_f015557,1,5,2309100005,토담 숯불닭갈비
f_f015557,1,6,2309100006,카페 감자밭 본점
f_f015557,1,7,2309100007,집
f_f015559,1,1,2309110001,집
f_f015559,1,2,2309110002,동서울 종합터미널
f_f015559,1,3,2309110003,대진 시외버스종합터미널
f_f015559,1,4,2309110004,저도 맛집
f_f015559,1,5,2309110005,대진항 해상공원
f_f015559,1,6,2309110007,화진포
f_f015559,1,7,2309110006,초도 해변
f_f015559,1,8,2309110008,화진포해변
f_f015559,1,9,2309110009,화진포의 성 김일성 별장
f_f015559,1,10,2309110010,응봉
f_f015559,1,11,2309110011,거진종합버스터미널
f_f015559,1,12,2309110012,동서울 종합터미널
f_f015559,1,13,2309110013,집
f_f015561,1,1,2309070001,집
f_f015561,1,2,2309070002,만종역
f_f015561,1,3,2309070003,뮤지엄 산
f_f015561,1,4,2309070004,카페테라스
f_f015561,1,5,2309070005,뮤지엄 산
f_f015561,1,6,2309070006,고속터미널역 3호선
f_f015563,1,1,2309080001,집
f_f015563,1,2,2309080002,장수 암
f_f015563,1,3,2309080003,콰이강의 다리 저도 스카이워크
f_f015563,1,4,2309080004,황금 명태 본가 진해 석동점
f_f015563,1,5,2309080005,아토 커피 창원 진해점
f_f015563,1,6,2309080006,집
f_f015565,1,1,2309050001,집
f_f015565,1,2,2309050002,대구역
f_f015565,1,3,2309050003,대구 동성로
f_f015565,1,4,2309050005,스타벅스 대구 종로 고택점
f_f015565,1,5,2309050004,대구약령시 한방의료체험타운
f_f015565,1,6,2309050012,대구약령시 한의약 박물관
f_f015565,1,7,2309050006,주교좌 계산 대성당
f_f015565,1,8,2309050007,청라언덕
f_f015565,1,9,2309050008,서문시장
f_f015565,1,10,2309050009,스파크 랜드
f_f015565,1,11,2309050010,투썸플레이스 대구 동성로 스파크점
f_f015565,1,12,2309050011,2.28기념중앙공원
f_f015565,1,13,2309050013,대구 동성로
f_f015565,1,14,2309050014,대구역
f_f015565,1,15,2309050015,구미역
f_f015565,1,16,2309050016,집
f_f015566,1,1,2309050001,집
f_f015566,1,2,2309050002,송대말 등대 빛 체험 전시관
f_f015566,1,3,2309050003,감포해국길
f_f015566,1,4,2309050005,전촌용굴
f_f015566,1,5,2309050004,황포 식당
f_f015566,1,6,2309050006,1925감포
f_f015566,1,7,2309050007,집
f_f015568,1,1,2309090001,집
f_f015568,1,2,2309090002,더 리터 각산점
f_f015568,1,3,2309090003,군파 클루지
f_f015568,1,4,2309090004,청도 소싸움 미디어 체험관
f_f015568,1,5,2309090005,와인터널
f_f015568,1,6,2309090006,봉장 막창
f_f015568,1,7,2309090007,집
f_f015569,1,1,2309160001,사무실
f_f015569,1,2,2309160003,강촌역 경춘선
f_f015569,1,3,2309160004,최가네 진 순두부
f_f015569,1,4,2309160005,강촌 바일 마을
f_f015569,1,5,2309160006,강촌유원지
f_f015569,1,6,2309160007,GS25 강촌 중앙점
f_f015569,1,7,2309160008,강촌역 경춘선
f_f015569,1,8,2309160002,집
f_f015570,1,1,2309030001,집
f_f015570,1,2,2309030003,태태태
f_f015570,1,3,2309030004,KTG 상상마당 부산
f_f015570,1,4,2309030008,휴앤락몰
f_f015570,1,5,2309030005,삼정 타워
f_f015570,1,6,2309030006,히스피 서면점
f_f015570,1,7,2309030007,부산 서부버스터미널
f_f015570,1,8,2309030002,집
f_f015573,1,1,2309170001,집
f_f015573,1,2,2309170003,이천 미란다호텔 스파플러스
f_f015573,1,3,2309170004,원주 민속풍물시장
f_f015573,1,4,2309170005,까치둥지
f_f015573,1,5,2309170006,박경리문학의 집
f_f015573,1,6,2309170007,베이커리 카페 궁
f_f015573,1,7,2309170008,문막휴게소
f_f015573,1,8,2309170002,집
f_f015574,1,1,2309090001,집
f_f015574,1,2,2309090002,스타벅스 신용산역점
f_f015574,1,3,2309090003,용산역
f_f015574,1,4,2309090004,자전거 카페 오후
f_f015574,1,5,2309090005,공지천 조각 공원
f_f015574,1,6,2309090006,KTG 상상마당 춘천
f_f015574,1,7,2309090007,춘천 삼악산 호수 케이블카
f_f015574,1,8,2309090008,현암 막국수
f_f015574,1,9,2309090009,소양강 처녀상
f_f015574,1,10,2309090010,리버 레인 카페
f_f015574,1,11,2309090011,카페 카빈
f_f015574,1,12,2309090012,남춘천역
f_f015574,1,13,2309090013,집
f_f015576,1,1,2309020001,집
f_f015576,1,2,2309020003,물금역
f_f015576,1,3,2309020004,하바나
f_f015576,1,4,2309020005,신세계 프리미엄 아웃렛 부산
f_f015576,1,5,2309020002,집
f_f015577,1,1,2309100001,집
f_f015577,1,2,2309100002,직지사
f_f015577,1,3,2309100003,카페 밀
f_f015577,1,4,2309100004,한성 식당
f_f015577,1,5,2309100005,연화지
f_f015577,1,6,2309100006,어때
f_f015577,1,7,2309100007,집
f_f015580,1,1,2309090001,집
f_f015580,1,2,2309090002,이케아 동부산점 레스토랑
f_f015580,1,3,2309090003,이케아 동부산점
f_f015580,1,4,2309090004,죽성 드림세트장
f_f015580,1,5,2309090005,웨이브 온 커피
f_f015580,1,6,2309090006,아홉 살 숲
f_f015580,1,7,2309090007,다인 산업 장유 충전소 주유소
f_f015580,1,8,2309090008,집
f_f015581,1,1,2309100001,집
f_f015581,1,2,2309100002,거창 항노화 힐링랜드
f_f015581,1,3,2309100003,둥우리 식당
f_f015581,1,4,2309100004,거창 창포원
f_f015581,1,5,2309100005,수승대관광지
f_f015581,1,6,2309100006,집
f_f015582,1,1,2309110001,집
f_f015582,1,2,2309110003,동대구역
f_f015582,1,3,2309110004,동성로 스타 비앤비
f_f015582,1,4,2309110005,피에스
f_f015582,1,5,2309110006,2.28기념중앙공원
f_f015582,1,6,2309110007,국채보상운동 기념공원
f_f015582,1,7,2309110008,삼송 1957
f_f015582,1,8,2309110009,수성못
f_f015582,1,9,2309110010,센도리
f_f015582,1,10,2309110011,동대구역
f_f015582,1,11,2309110002,집
f_f015584,1,1,2309090001,집
f_f015584,1,2,2309090003,국립부산과학관
f_f015584,1,3,2309090004,카페 마리 솔
f_f015584,1,4,2309090002,집
f_f015585,1,1,2309090001,집
f_f015585,1,2,2309090003,상봉역
f_f015585,1,3,2309090004,사천진 해변
f_f015585,1,4,2309090005,솔 바로 횟집
f_f015585,1,5,2309090006,사천진 해변
f_f015585,1,6,2309090007,곳
f_f015585,1,7,2309090008,박가 네 숯불 껍데기
f_f015585,1,8,2309090009,사천진 해변
f_f015585,1,9,2309090010,강릉역
f_f015585,1,10,2309090002,집
f_f015588,1,1,2309110001,집
f_f015588,1,2,2309110002,삼 성현 역사 문화공원
f_f015588,1,3,2309110003,경산 동의한방촌
f_f015588,1,4,2309110004,집
f_f015589,1,1,2309050001,집
f_f015589,1,2,2309050002,이효석문학관
f_f015589,1,3,2309050003,효석 달빛 언덕
f_f015589,1,4,2309050004,청춘 보리밥 봉평점
f_f015589,1,5,2309050005,봉평 전통시장
f_f015589,1,6,2309050006,마카 커피숍
f_f015589,1,7,2309050007,횡성휴게소 충전소 인천방향
f_f015589,1,8,2309050008,우리 홈 마켓
f_f015589,1,9,2309050009,집
f_f015590,1,1,2309170001,집
f_f015590,1,2,2309170002,국립경주박물관
f_f015590,1,3,2309170003,교동 최 씨 고택
f_f015590,1,4,2309170004,천마총
f_f015590,1,5,2309170005,삼영 복지당
f_f015590,1,6,2309170006,엘로우
f_f015590,1,7,2309170007,황남빵
f_f015590,1,8,2309170008,집
f_f015592,1,1,2309080001,집
f_f015592,1,2,2309080003,태종대 전망대
f_f015592,1,3,2309080004,부평 깡통시장
f_f015592,1,4,2309080005,아테네학당
f_f015592,1,5,2309080006,보수동 책방 골목
f_f015592,1,6,2309080007,거인 통닭
f_f015592,1,7,2309080002,집
f_f015593,1,1,2309160001,집
f_f015593,1,2,2309160002,범어사
f_f015593,1,3,2309160003,진땡이 코다리찜
f_f015593,1,4,2309160004,회동수원지
f_f015593,1,5,2309160005,콜 갈비 부산지사 직영점
f_f015593,1,6,2309160006,집
f_f015594,1,1,2309090001,집
f_f015594,1,2,2309090002,트레이더스 홀세일 클럽 서면점
f_f015594,1,3,2309090003,부산 시민공원
f_f015594,1,4,2309090004,트레이더스 홀세일 클럽 서면점
f_f015594,1,5,2309090005,자연 별곡 NC 서면점
f_f015594,1,6,2309090006,집
f_f015595,1,1,2309020001,집
f_f015595,1,2,2309020003,뮤지엄 산
f_f015595,1,3,2309020004,섬강 막국수
f_f015595,1,4,2309020005,카페치
f_f015595,1,5,2309020006,미로 예술 원주 중앙시장
f_f015595,1,6,2309020002,집
f_f015598,1,1,2309180001,친구 친지 집
f_f015598,1,2,2309180002,쇠목재
f_f015598,1,3,2309180003,오페라하우스
f_f015598,1,4,2309180004,의령전통시장
f_f015598,1,5,2309180005,의령 구름다리
f_f015598,1,6,2309180006,나루마을 둑길
f_f015598,1,7,2309180007,정암 철교
f_f015598,1,8,2309180008,용호 골목시장 공영주차장
f_f015601,1,1,2309090001,집
f_f015601,1,2,2309090002,숑숑돈까스
f_f015601,1,3,2309090003,탑 마트
f_f015601,1,4,2309090004,NC다이노스 본사
f_f015601,1,5,2309090005,집
f_f015605,1,1,2309090006,집
f_f015605,1,2,2309090001,춘천 명물 닭갈비
f_f015605,1,3,2309090002,소양강 스카이워크
f_f015605,1,4,2309090004,김유정역 경춘선
f_f015605,1,5,2309090003,솔 로스터리 커피
f_f015605,1,6,2309090005,가평 레일파크
f_f015605,1,7,2309090007,집
f_f015606,1,1,2309160001,집
f_f015606,1,2,2309160003,첨성대
f_f015606,1,3,2309160004,국립경주박물관
f_f015606,1,4,2309160005,야드
f_f015606,1,5,2309160006,경북 천년 숲 정원
f_f015606,1,6,2309160007,집
f_f015621,1,1,2309090001,집
f_f015621,1,2,2309090002,경주 문무대왕릉
f_f015621,1,3,2309090003,감은사지삼층석탑
f_f015621,1,4,2309090004,맥도날드 경주 황남 DT 점
f_f015621,1,5,2309090005,전촌용 굴
f_f015621,1,6,2309090006,대릉원
f_f015621,1,7,2309090007,황련단길
f_f015621,1,8,2309090008,경주역사유적지구
f_f015621,1,9,2309090009,집
f_f015624,1,1,2309090001,집
f_f015624,1,2,2309090003,뱃말 칼국수 김밥
f_f015624,1,3,2309090004,더 브리지
f_f015624,1,4,2309090005,사천 아이
f_f015624,1,5,2309090002,집
f_f015628,1,1,2309110001,집
f_f015628,1,2,2309110002,가평휴게소 춘천 방향
f_f015628,1,3,2309110003,김유정역 (폐역)
f_f015628,1,4,2309110004,한림대학교
f_f015628,1,5,2309110005,1.5닭갈비
f_f015628,1,6,2309110006,집
f_f015630,1,1,2309090001,집
f_f015630,1,2,2309090002,동봉
f_f015630,1,3,2309090003,시크릿가든
f_f015630,1,4,2309090004,동명 저수지
f_f015630,1,5,2309090005,집
f_f015639,1,1,2309050001,집
f_f015639,1,2,2309050002,서울역 4호선
f_f015639,1,3,2309050003,김포국제공항 국내선
f_f015639,1,4,2309050004,김해국제공항
f_f015639,1,5,2309050005,요거프레소 김해국제공항점
f_f015639,1,6,2309050006,서면역 부산 2호선
f_f015639,1,7,2309050007,롯데백화점 부산본점
f_f015639,1,8,2309050008,스타벅스 서면중앙점
f_f015639,1,9,2309050009,개미집 서면점
f_f015639,1,10,2309050010,노포역 부산 1호선
f_f015639,1,11,2309050011,동서울 종합터미널
f_f015639,1,12,2309050012,집
f_f015640,1,1,2309060001,집
f_f015640,1,2,2309060003,진주중앙시장
f_f015640,1,3,2309060004,승산
f_f015640,1,4,2309060005,화정 소바
f_f015640,1,5,2309060006,호암 이병철 생가
f_f015640,1,6,2309060007,봉황대
f_f015640,1,7,2309060008,솥바위
f_f015640,1,8,2309060009,의령 구름다리
f_f015640,1,9,2309060010,종로 식당
f_f015640,1,10,2309060011,집
f_f015643,1,1,2309050001,집
f_f015643,1,2,2309050002,뮤지엄 산
f_f015643,1,3,2309050003,강원도 막국수
f_f015643,1,4,2309050004,육백마지기
f_f015643,1,5,2309050006,양평 휴게소 광주방향
f_f015643,1,6,2309050005,집
f_f015646,1,1,2309090001,집
f_f015646,1,2,2309090003,함안휴게소 순천방향
f_f015646,1,3,2309090004,사천 바다 케이블카
f_f015646,1,4,2309090005,아래 마루 아쿠아리움 본관
f_f015646,1,5,2309090006,해밀
f_f015646,1,6,2309090002,집
f_f015652,1,1,2309090001,집
f_f015652,1,2,2309090002,김유정역 (폐역)
f_f015652,1,3,2309090003,김유정문학촌
f_f015652,1,4,2309090004,장호 더 그릴
f_f015652,1,5,2309090005,어스 17카페
f_f015652,1,6,2309090006,고양 시청 주차장
f_f015652,1,7,2309090007,집
f_f015655,1,1,2309090002,집
f_f015655,1,2,2309090001,불국사
f_f015655,1,3,2309090003,동리 목월문학관
f_f015655,1,4,2309090004,석굴암
f_f015655,1,5,2309090005,황련단길
f_f015655,1,6,2309090006,신라 제면
f_f015655,1,7,2309090007,경주 십원빵
f_f015655,1,8,2309090008,집
f_f015662,1,1,2309220001,집
f_f015662,1,2,2309220003,이 모드
f_f015662,1,3,2309220004,블루 키친
f_f015662,1,4,2309220005,강문해변
f_f015662,1,5,2309220006,롱 블랙
f_f015662,1,6,2309220007,강릉 대관령휴게소 인천방향
f_f015662,1,7,2309220002,집
f_f015664,1,1,2309040001,집
f_f015664,1,2,2309040002,서울 해장국
f_f015664,1,3,2309040003,경상북도수목원
f_f015664,1,4,2309040004,월포해수욕장
f_f015664,1,5,2309040005,이가리 닻 전망대
f_f015664,1,6,2309040006,사방기념공원
f_f015664,1,7,2309040007,환호공원 스페이스 워크
f_f015664,1,8,2309040008,제주 해물탕 전복뚝배기
f_f015664,1,9,2309040009,집
f_f015667,1,1,2309230004,집
f_f015667,1,2,2309230001,장호 닭갈비 명가
f_f015667,1,3,2309230002,GC 아틀리에 곤트란 쉐리에 춘천점
f_f015667,1,4,2309230005,탑 플레이스 다이닝
f_f015667,1,5,2309230003,집
f_f015674,1,1,2309070001,사무실
f_f015674,1,2,2309070002,마산남부시외버스터미널
f_f015674,1,3,2309070003,롯데백화점 부산본점
f_f015674,1,4,2309070004,카렌 부산 서면점
f_f015674,1,5,2309070005,리뉴미피부과의원 부산 서면점
f_f015674,1,6,2309070006,서면 지하상가
f_f015674,1,7,2309070007,전리단 사잇길 cu
f_f015674,1,8,2309070008,스고 식탁 서면
f_f015674,1,9,2309070009,콩테 무아
f_f015674,1,10,2309070010,부산 서부버스터미널
f_f015674,1,11,2309070011,창원 삼계 블루힐스 아파트
f_f015677,1,1,2309080001,친구 친지 집
f_f015677,1,2,2309080003,보현산댐 짚와이어
f_f015677,1,3,2309080004,보현산 천문 전시체험관
f_f015677,1,4,2309080005,보현산댐 출렁다리
f_f015677,1,5,2309080006,포항 할미 집
f_f015677,1,6,2309080007,동의참누리원 영천하나의 마을
f_f015677,1,7,2309080008,삼송 꾼 만두 영천 본점
f_f015677,1,8,2309080009,고도리 와이너리
f_f015677,1,9,2309080002,친구 집
f_f015680,1,1,2309170001,집
f_f015680,1,2,2309170002,명봉 닭갈비 막국수
f_f015680,1,3,2309170003,강원 특별자치도 춘천시 동면 건 알 길 236 1층 GC 아틀리에 카페
f_f015680,1,4,2309170004,빙수의 신 강대점
f_f015680,1,5,2309170005,공지천
f_f015680,1,6,2309170006,보영이네 해물칼국수 별관
f_f015680,1,7,2309170007,집
f_f015681,1,1,2309030001,집
f_f015681,1,2,2309030003,해운대 블루라인파크 미포 정거장
f_f015681,1,3,2309030004,송정해수욕장
f_f015681,1,4,2309030005,해동용궁사
f_f015681,1,5,2309030007,아난티 힐튼 부산 이터널 저니
f_f015681,1,6,2309030006,국립 수산과학관
f_f015681,1,7,2309030008,광어골 왕칼국수
f_f015681,1,8,2309030009,해운대 블루라인파크 구덕포 정거장
f_f015681,1,9,2309030010,청사포다릿골 전망대
f_f015681,1,10,2309030011,해운대해수욕장
f_f015681,1,11,2309030012,자갈치시장
f_f015681,1,12,2309030002,집
f_f015685,1,1,2309100001,집
f_f015685,1,2,2309100002,하남 시청역 5호선
f_f015685,1,3,2309100003,북방뫼막국수
f_f015685,1,4,2309100004,홍천 무궁화 수목원
f_f015685,1,5,2309100005,수타사
f_f015685,1,6,2309100006,양지말 화로구이
f_f015685,1,7,2309100007,집
f_f015686,1,1,2309160001,집
f_f015686,1,2,2309160002,구덕포끝집고기 송정점
f_f015686,1,3,2309160003,올드 머그
f_f015686,1,4,2309160004,보광당탕제원
f_f015686,1,5,2309160005,춘향전
f_f015686,1,6,2309160006,집
f_f015687,1,1,2309080001,집
f_f015687,1,2,2309080002,태화강 국가 정원
f_f015687,1,3,2309080003,무거 면 옥
f_f015687,1,4,2309080004,장생포 고래 박물관
f_f015687,1,5,2309080005,장생포 고래생태체험관
f_f015687,1,6,2309080006,장생포 고래문화마을
f_f015687,1,7,2309080007,집
f_f015709,1,1,2309160001,집
f_f015709,1,2,2309160003,남춘천 닭갈비 막국수
f_f015709,1,3,2309160004,샌더 소니아
f_f015709,1,4,2309160005,강촌레일파크 김유정 레일바이크
f_f015709,1,5,2309160006,광판 팔뚝 김밥 김유정역점
f_f015709,1,6,2309160002,할머니 댁
f_f015716,1,1,2309050001,친구 친지 집
f_f015716,1,2,2309050002,친구 친지 집
f_f015716,1,3,2309050003,헬멧
f_f015716,1,4,2309050004,스튜디오 잉크
f_f015716,1,5,2309050005,광안리해수욕장
f_f015716,1,6,2309050006,움비어스오피스텔
f_f015720,1,1,2309230001,집
f_f015720,1,2,2309230002,경주 동궁원
f_f015720,1,3,2309230003,수경사
f_f015720,1,4,2309230004,대릉원
f_f015720,1,5,2309230005,설월
f_f015720,1,6,2309230006,첨성대
f_f015720,1,7,2309230007,우직
f_f015720,1,8,2309230008,이디야커피 경주 시외터미널점
f_f015720,1,9,2309230009,집
f_f015727,1,1,2309130001,집
f_f015727,1,2,2309130002,거창 항노화 힐링랜드
f_f015727,1,3,2309130003,다우리 밥상
f_f015727,1,4,2309130004,수승대 출렁다리
f_f015727,1,5,2309130005,수승대관광지
f_f015727,1,6,2309130006,금원산자연휴양림
f_f015727,1,7,2309130007,더 무그
f_f015727,1,8,2309130008,집
f_f015734,1,1,2309120001,집
f_f015734,1,2,2309120002,창신 고기 마트 식육식당
f_f015734,1,3,2309120003,태극당
f_f015734,1,4,2309120004,부석사
f_f015734,1,5,2309120005,국립산림치유원
f_f015734,1,6,2309120006,순흥 전통 묵집
f_f015734,1,7,2309120007,집
f_f015738,1,1,2309190001,집
f_f015738,1,2,2309190002,동대구 터미널
f_f015738,1,3,2309190003,경주 시외버스터미널
f_f015738,1,4,2309190004,탁
f_f015738,1,5,2309190005,이어서
f_f015738,1,6,2309190006,대릉원
f_f015738,1,7,2309190007,플레이인 더 박스 경주 황리 비단길점
f_f015738,1,8,2309190008,범 외 양간
f_f015738,1,9,2309190009,베어 58
f_f015738,1,10,2309190010,놋점들
f_f015738,1,11,2309190011,월정교
f_f015738,1,12,2309190012,국립경주박물관
f_f015738,1,13,2309190013,첨성대
f_f015738,1,14,2309190014,젤라쏘
f_f015738,1,15,2309190015,경주 시외버스터미널
f_f015738,1,16,2309190016,동대구 터미널
f_f015738,1,17,2309190017,집
f_f015745,1,1,2309240001,집
f_f015745,1,2,2309240003,밥 무시 더
f_f015745,1,3,2309240004,호미곶
f_f015745,1,4,2309240005,케이프 라운지
f_f015745,1,5,2309240006,구룡포 일본인 가옥거리
f_f015745,1,6,2309240007,죽도 시장
f_f015745,1,7,2309240002,집
f_f015753,1,1,2309090001,집
f_f015753,1,2,2309090003,경주 남부 교회
f_f015753,1,3,2309090004,쿠우동
f_f015753,1,4,2309090005,가배향주
f_f015753,1,5,2309090006,소소한 딴짓
f_f015753,1,6,2309090007,황남동 고분군
f_f015753,1,7,2309090008,교촌마을
f_f015753,1,8,2309090009,경주 남부 교회
f_f015753,1,9,2309090010,소 소풍경 베이커리
f_f015753,1,10,2309090002,집
f_f015754,1,1,2309080001,집
f_f015754,1,2,2309080002,해피 초원 목장
f_f015754,1,3,2309080003,솔 로스터리 커피
f_f015754,1,4,2309080004,퇴골 오리 본점(큰딸점)
f_f015754,1,5,2309080005,집
f_f015755,1,1,2309040001,집
f_f015755,1,2,2309040002,맥도날드 창원역 DT 점
f_f015755,1,3,2309040003,롯데 워터파크
f_f015755,1,4,2309040004,보름달
f_f015755,1,5,2309040005,카페 오닉스
f_f015755,1,6,2309040006,집
f_f015762,1,1,2309160001,집
f_f015762,1,2,2309160002,뮤지엄 산
f_f015762,1,3,2309160003,들꽃 가든
f_f015762,1,4,2309160004,월송 커피
f_f015762,1,5,2309160005,원주한지테마파크
f_f015762,1,6,2309160006,원주 강원감영
f_f015762,1,7,2309160008,신혼부부
f_f015762,1,8,2309160007,미로 예술 원주 중앙시장
f_f015762,1,9,2309160009,집
f_f015776,1,1,2309230001,집
f_f015776,1,2,2309230002,서울고속버스터미널(경부)
f_f015776,1,3,2309230003,춘천 시외버스터미널
f_f015776,1,4,2309230004,남춘천 닭갈비 막국수
f_f015776,1,5,2309230005,아울러
f_f015776,1,6,2309230006,소양강 스카이워크
f_f015776,1,7,2309230007,집
f_f015778,1,1,2309100001,집
f_f015778,1,2,2309100003,통도사
f_f015778,1,3,2309100004,통도의 온도
f_f015778,1,4,2309100005,코지 하우스 양산점
f_f015778,1,5,2309100006,은 대장간
f_f015778,1,6,2309100002,집
f_f015784,1,1,2309200001,집
f_f015784,1,2,2309200003,춘천역 경춘선
f_f015784,1,3,2309200004,근화동 당간 지주
f_f015784,1,4,2309200005,춘천막국수
f_f015784,1,5,2309200006,커피 통
f_f015784,1,6,2309200007,춘천 삼악산 호수 케이블카
f_f015784,1,7,2309200008,춘천역 경춘선
f_f015784,1,8,2309200002,집
f_f015791,1,1,2309160001,집
f_f015791,1,2,2309160002,메르메르
f_f015791,1,3,2309160003,남애 3리 해변
f_f015791,1,4,2309160005,거북에서 프바
f_f015791,1,5,2309160004,서프랩
f_f015791,1,6,2309160006,남애 1리 해변
f_f015791,1,7,2309160008,엉클 스톤
f_f015791,1,8,2309160007,라니카이서프
f_f015791,1,9,2309160009,기사문해수욕장
f_f015791,1,10,2309160010,행복식당
f_f015791,1,11,2309160012,군자역 5호선
f_f015791,1,12,2309160011,집
f_f015798,1,1,2309090001,집
f_f015798,1,2,2309090003,김유정역 경춘선
f_f015798,1,3,2309090004,광판 팔뚝 김밥 김유정역점
f_f015798,1,4,2309090005,김유정역 (폐역)
f_f015798,1,5,2309090006,유정 북 카페
f_f015798,1,6,2309090007,김유정문학촌
f_f015798,1,7,2309090008,김유정 생가 터
f_f015798,1,8,2309090009,리버 레인 카페
f_f015798,1,9,2309090010,소양강 스카이워크
f_f015798,1,10,2309090011,실비 막국수
f_f015798,1,11,2309090012,춘천역 경춘선
f_f015798,1,12,2309090002,집
f_f015804,1,1,2309160001,집
f_f015804,1,2,2309160003,봉천시 개미취 축제
f_f015804,1,3,2309160004,미성 레스토랑
f_f015804,1,4,2309160005,문경 중앙시장
f_f015804,1,5,2309160006,고모산성
f_f015804,1,6,2309160007,문경새재도립공원
f_f015804,1,7,2309160008,양 그 김밥
f_f015804,1,8,2309160002,집
f_f015805,1,1,2309160001,집
f_f015805,1,2,2309160003,시골 쌈밥
f_f015805,1,3,2309160004,뮤지엄 산
f_f015805,1,4,2309160005,모우 커피 랩
f_f015805,1,5,2309160006,소금산 출렁다리
f_f015805,1,6,2309160007,반계리 은행나무
f_f015805,1,7,2309160002,집
f_f015818,1,1,2309060001,집
f_f015818,1,2,2309060002,창원종합버스터미널
f_f015818,1,3,2309060004,경주 시외버스터미널
f_f015818,1,4,2309060005,소하 염전 경주
f_f015818,1,5,2309060006,황화정
f_f015818,1,6,2309060007,경주월드
f_f015818,1,7,2309060008,가마솥 족발
f_f015818,1,8,2309060009,오행 족발
f_f015818,1,9,2309060010,경주 시외버스터미널
f_f015818,1,10,2309060011,창원종합버스터미널
f_f015818,1,11,2309060003,집
f_f015823,1,1,2309150001,집
f_f015823,1,2,2309150002,허밍 면옥
f_f015823,1,3,2309150003,국립춘천 박물관
f_f015823,1,4,2309150004,대엔 당
f_f015823,1,5,2309150005,인필드
f_f015823,1,6,2309150006,춘천 메이플 가든 닭갈비
f_f015823,1,7,2309150008,덕풍 주유소
f_f015823,1,8,2309150007,집
f_f015839,1,1,2309090001,집
f_f015839,1,2,2309090002,대릉원
f_f015839,1,3,2309090004,비키 포토 도쿄
f_f015839,1,4,2309090005,황련단길
f_f015839,1,5,2309090006,베이글 베이 글러
f_f015839,1,6,2309090007,어마 무시
f_f015839,1,7,2309090008,경상북도 산림환경연구원
f_f015839,1,8,2309090003,집
f_f015840,1,1,2309090001,집
f_f015840,1,2,2309090012,남산 시외버스정류소
f_f015840,1,3,2309090013,부산 서부버스터미널
f_f015840,1,4,2309090014,화명중학교
f_f015840,1,5,2309090002,난파선
f_f015840,1,6,2309090003,오우야 에스프레소 바 행리단길점
f_f015840,1,7,2309090004,올리언스 스토어
f_f015840,1,8,2309090005,오리지널리티 사치 에디션 부산
f_f015840,1,9,2309090006,노클레임
f_f015840,1,10,2309090007,홀드
f_f015840,1,11,2309090008,포레스트 놀노
f_f015840,1,12,2309090009,래그 스토어
f_f015840,1,13,2309090010,오티 코티
f_f015840,1,14,2309090016,부산 서부버스터미널
f_f015840,1,15,2309090015,집
f_f015844,1,1,2309160001,집
f_f015844,1,2,2309160003,불국사
f_f015844,1,3,2309160004,소바카게
f_f015844,1,4,2309160005,경주역사유적지구 대릉원 지구
f_f015844,1,5,2309160006,스타벅스 경주 대릉원점
f_f015844,1,6,2309160002,집
f_f015848,1,1,2309170001,집
f_f015848,1,2,2309170002,인천종합터미널
f_f015848,1,3,2309170003,원주종합버스터미널
f_f015848,1,4,2309170004,하코스시
f_f015848,1,5,2309170006,소요 커피
f_f015848,1,6,2309170007,AK플라자 원주
f_f015848,1,7,2309170008,팡이 라미 단계점
f_f015848,1,8,2309170009,역전 가락국수 41 원주 단계 점
f_f015848,1,9,2309170010,원주종합버스터미널
f_f015848,1,10,2309170011,인천종합터미널
f_f015848,1,11,2309170005,집
f_f015868,1,1,2309110001,집
f_f015868,1,2,2309110003,대구 만두 범어점
f_f015868,1,3,2309110004,청라언덕
f_f015868,1,4,2309110005,주교좌 계산 대성당
f_f015868,1,5,2309110006,롤러 커피
f_f015868,1,6,2309110007,서문시장
f_f015868,1,7,2309110008,영산 휴게소 창원방향
f_f015868,1,8,2309110002,집
f_f015871,1,1,2309160001,집
f_f015871,1,2,2309160006,부산 시립미술관
f_f015871,1,3,2309160002,부산역
f_f015871,1,4,2309160003,이재모 피자 서면점
f_f015871,1,5,2309160004,무화
f_f015871,1,6,2309160007,홈플러스 센텀시티점
f_f015871,1,7,2309160005,부산 시립미술관 이우환 공간
f_f015871,1,8,2309160008,은해 갈치구이
f_f015871,1,9,2309160009,광안리해수욕장
f_f015871,1,10,2309160010,부산역
f_f015871,1,11,2309160012,동대구역
f_f015871,1,12,2309160011,집
f_f015873,1,1,2309160001,집
f_f015873,1,2,2309160003,거가대교
f_f015873,1,3,2309160004,스타벅스 거제 옥포 DT 점
f_f015873,1,4,2309160005,그레이스 K 거제점
f_f015873,1,5,2309160006,한화 오션 옥포조선소
f_f015873,1,6,2309160008,바삭 꽈배기
f_f015873,1,7,2309160007,조선해양문화관
f_f015873,1,8,2309160009,거제도 현 시장
f_f015873,1,9,2309160010,원조 거제 버섯매운탕
f_f015873,1,10,2309160002,집
f_f015875,1,1,2309200001,집
f_f015875,1,2,2309200002,청도 새마을 휴게소 주유소 대구방향
f_f015875,1,3,2309200003,EXCO
f_f015875,1,4,2309200004,크리스털 제이드 대구점
f_f015875,1,5,2309200005,대구 아쿠아리움
f_f015875,1,6,2309200006,달성습지
f_f015875,1,7,2309200008,미성 온천
f_f015875,1,8,2309200007,사문직 주막촌
f_f015875,1,9,2309200009,스테이블모먼트 월배점
f_f015875,1,10,2309200010,집
f_f015877,1,1,2309230001,집
f_f015877,1,2,2309230003,서울고속버스터미널(경부)
f_f015877,1,3,2309230004,선산휴게소
f_f015877,1,4,2309230005,아제 돼지국밥
f_f015877,1,5,2309230006,창원 습지공원
f_f015877,1,6,2309230007,관 클라이밍
f_f015877,1,7,2309230008,창원중앙역
f_f015877,1,8,2309230009,서울역
f_f015877,1,9,2309230002,집
f_f015883,1,1,2309220001,집
f_f015883,1,2,2309220003,서울역
f_f015883,1,3,2309220004,신경주역
f_f015883,1,4,2309220005,대릉원
f_f015883,1,5,2309220006,황화정
f_f015883,1,6,2309220007,하마 필름 경주점
f_f015883,1,7,2309220008,히피 몬드 황리단길점
f_f015883,1,8,2309220009,우리 쌀 십원빵
f_f015883,1,9,2309220010,스타벅스 경주 대릉원점
f_f015883,1,10,2309220011,황남쫀드기 대릉원점
f_f015883,1,11,2309220012,리도야 본점
f_f015883,1,12,2309220013,교동 최씨 고택
f_f015883,1,13,2309220014,월정교
f_f015883,1,14,2309220015,첨성대
f_f015883,1,15,2309220016,경주 핑크뮬리 군락지
f_f015883,1,16,2309220017,경주석빙고
f_f015883,1,17,2309220018,동궁과 월지
f_f015883,1,18,2309220019,신경주역
f_f015883,1,19,2309220002,집
f_f015891,1,1,2309030001,집
f_f015891,1,2,2309030003,장생포 고래 박물관
f_f015891,1,3,2309030004,장생포 고래생태체험관
f_f015891,1,4,2309030005,장생포 고래빵
f_f015891,1,5,2309030006,커피에 광
f_f015891,1,6,2309030007,수플랑
f_f015891,1,7,2309030008,섬섬옥수
f_f015891,1,8,2309030009,태화강 동굴 피아
f_f015891,1,9,2309030010,태화강 국가 정원
f_f015891,1,10,2309030011,태화강 국가정원 십리대숲
f_f015891,1,11,2309030002,집
f_f015893,1,1,2309070001,집
f_f015893,1,2,2309070003,뚜레 한우 홍천 본점
f_f015893,1,3,2309070004,홍천 휴게소 양양 방향
f_f015893,1,4,2309070005,주문진 좌판 풍물시장
f_f015893,1,5,2309070006,북청 해장국
f_f015893,1,6,2309070007,해옥
f_f015893,1,7,2309070008,사근 긴 해변
f_f015893,1,8,2309070009,테라로사 사천 점
f_f015893,1,9,2309070010,엄지네 포장마차 본점
f_f015893,1,10,2309070002,집
f_f015902,1,1,2309030001,집
f_f015902,1,2,2309030003,부산역
f_f015902,1,3,2309030004,NC백화점 부산대점
f_f015902,1,4,2309030005,톤쇼우
f_f015902,1,5,2309030006,허심청브로이 (휴업 중)
f_f015902,1,6,2309030007,버거킹 해운대 비치점
f_f015902,1,7,2309030008,해운대해수욕장
f_f015902,1,8,2309030002,집
f_f015904,1,1,2309070001,집
f_f015904,1,2,2309070002,통나무집 닭갈비
f_f015904,1,3,2309070003,스타벅스 춘천 구봉산 R
f_f015904,1,4,2309070004,집
f_f015907,1,1,2309150001,집
f_f015907,1,2,2309150002,오직 전복죽 기장 끝 집
f_f015907,1,3,2309150003,이케아 동부산점
f_f015907,1,4,2309150004,스타벅스 그랜드 조선 부산점
f_f015907,1,5,2309150005,상국이네
f_f015907,1,6,2309150006,행리단길
f_f015907,1,7,2309150007,집
f_f015908,1,1,2309140001,집
f_f015908,1,2,2309140003,청도 새마을 휴게소 충전소 부산방향
f_f015908,1,3,2309140004,더베이 베이커리
f_f015908,1,4,2309140006,해운대 블루라인파크 미포 정거장
f_f015908,1,5,2309140005,서희와 제과 광안점
f_f015908,1,6,2309140007,해운대 블루라인파크 청사포 정거장
f_f015908,1,7,2309140008,엑스더 스카이
f_f015908,1,8,2309140009,오키도키찜닭 본점
f_f015908,1,9,2309140010,1972포포징
f_f015908,1,10,2309140002,집
f_f015909,1,1,2309090001,집
f_f015909,1,2,2309090002,친구 수산
f_f015909,1,3,2309090003,해맞이공원
f_f015909,1,4,2309090004,작은 구학파 공룡화석지
f_f015909,1,5,2309090005,르 클레
f_f015909,1,6,2309090006,집
f_f015910,1,1,2309090001,집
f_f015910,1,2,2309090002,태화강역 동해선
f_f015910,1,3,2309090003,울산 박물관
f_f015910,1,4,2309090005,간절곶
f_f015910,1,5,2309090004,진하해수욕장
f_f015910,1,6,2309090006,나사해수욕장
f_f015910,1,7,2309090007,집
f_f015911,1,1,2309170001,집
f_f015911,1,2,2309170009,부산종합버스터미널
f_f015911,1,3,2309170002,경주고속버스터미널
f_f015911,1,4,2309170003,고봉인 김밥 경주 보문점
f_f015911,1,5,2309170004,경주월드
f_f015911,1,6,2309170005,경주 동궁원
f_f015911,1,7,2309170006,경주 중앙 야시장
f_f015911,1,8,2309170007,경주고속버스터미널
f_f015911,1,9,2309170008,부산종합버스터미널
f_f015911,1,10,2309170010,집
f_f015912,1,1,2309140001,집
f_f015912,1,2,2309140003,울산 도서관
f_f015912,1,3,2309140004,이중 생업
f_f015912,1,4,2309140005,울산시립미술관
f_f015912,1,5,2309140006,BCD 커피
f_f015912,1,6,2309140007,태화강 국가 정원
f_f015912,1,7,2309140008,태화강 동굴 피아
f_f015912,1,8,2309140009,원조 남산 민물 추어탕
f_f015912,1,9,2309140002,집
f_f015914,1,1,2309160001,집
f_f015914,1,2,2309160002,수로왕릉
f_f015914,1,3,2309160003,남광 식당
f_f015914,1,4,2309160004,연지공원
f_f015914,1,5,2309160005,집
f_f015915,1,1,2309110001,집
f_f015915,1,2,2309110002,오지 테이블
f_f015915,1,3,2309110003,홍철 책 빵 김해점
f_f015915,1,4,2309110004,롯데 프리미엄 아웃렛 김해점
f_f015915,1,5,2309110005,코스트코 김해점
f_f015915,1,6,2309110006,집
f_f015921,1,1,2309160001,집
f_f015921,1,2,2309160002,한천 테마파크
f_f015921,1,3,2309160003,집
f_f015924,1,1,2309080001,집
f_f015924,1,2,2309080002,심지
f_f015924,1,3,2309080003,청솔로 9
f_f015924,1,4,2309080004,수성못
f_f015924,1,5,2309080005,집
f_f015925,1,1,2309190001,집
f_f015925,1,2,2309190003,양평만 남의 광장
f_f015925,1,3,2309190004,수타사
f_f015925,1,4,2309190005,뚜레 한우 홍천 본점
f_f015925,1,5,2309190006,빵명장
f_f015925,1,6,2309190007,양평 스포츠클럽
f_f015925,1,7,2309190002,집
f_f015928,1,1,2309180001,집
f_f015928,1,2,2309180002,순천종합버스터미널
f_f015928,1,3,2309180003,사천휴게소
f_f015928,1,4,2309180004,부산 서부버스터미널
f_f015928,1,5,2309180005,사상역
f_f015928,1,6,2309180006,해운대역 부산 2호선
f_f015928,1,7,2309180008,해운대해수욕장
f_f015928,1,8,2309180007,타이가텐푸라
f_f015928,1,9,2309180011,그랜드 조선 부산
f_f015928,1,10,2309180009,센텀시티역 부산 2호선
f_f015928,1,11,2309180010,신세계백화점 센텀시티점
f_f015928,1,12,2309180012,금련산역 부산 2호선
f_f015928,1,13,2309180013,광안리해수욕장
f_f015928,1,14,2309180014,서면역 부산 2호선
f_f015928,1,15,2309180015,롯데백화점 부산본점
f_f015928,1,16,2309180016,부산대역 부산 1호선
f_f015928,1,17,2309180017,톤쇼우
f_f015928,1,18,2309180018,부산 서부버스터미널
f_f015928,1,19,2309180019,순천종합버스터미널
f_f015928,1,20,2309180020,집
f_f015930,1,1,2309160001,친구 친지 집
f_f015930,1,2,2309160002,남정 부일 기사식당
f_f015930,1,3,2309160003,바넘 커피
f_f015930,1,4,2309160004,경주 동궁원
f_f015930,1,5,2309160005,황련단길
f_f015930,1,6,2309160006,대릉원
f_f015930,1,7,2309160007,첨성대
f_f015930,1,8,2309160008,경주 단골 식당
f_f015930,1,9,2309160009,동궁과 월지
f_f015930,1,10,2309160010,월정교
f_f015930,1,11,2309160011,친구 집
f_f015934,1,1,2309100001,집
f_f015934,1,2,2309100003,청도 가마솥 국밥
f_f015934,1,3,2309100004,청도 운강고택과 만화적
f_f015934,1,4,2309100005,연지
f_f015934,1,5,2309100006,해거름
f_f015934,1,6,2309100007,청도읍 선
f_f015934,1,7,2309100002,집
f_f015936,1,1,2309160001,집
f_f015936,1,2,2309160003,전 재경 스시
f_f015936,1,3,2309160004,신세계백화점 마산점
f_f015936,1,4,2309160005,창원 NC 파크
f_f015936,1,5,2309160006,스타벅스 창원 NC 파크 R
f_f015936,1,6,2309160002,노변 다 숲이 아파트
f_f015938,1,1,2309090001,집
f_f015938,1,2,2309090002,부산역
f_f015938,1,3,2309090003,초량 밀면
f_f015938,1,4,2309090004,부산해양자연사박물관
f_f015938,1,5,2309090005,KTG 상상마당 부산
f_f015938,1,6,2309090006,삼정 타워
f_f015938,1,7,2309090007,동백 섬
f_f015938,1,8,2309090008,해운대해수욕장
f_f015938,1,9,2309090009,바다 위 구름 상점
f_f015938,1,10,2309090010,집
f_f015939,1,1,2309100001,집
f_f015939,1,2,2309100002,라온 웨딩홀
f_f015939,1,3,2309100004,서면 1번가
f_f015939,1,4,2309100003,쉐이크쉑 부산 서면점
f_f015939,1,5,2309100005,인생네컷 부산 서면 1번가 점
f_f015939,1,6,2309100006,부곡 대동 대숲 아파트
f_f015939,1,7,2309100007,삼환 맛 축산
f_f015939,1,8,2309100008,집
f_f015941,1,1,2309170001,집
f_f015941,1,2,2309170003,온 셈 경주점
f_f015941,1,3,2309170004,왕과 탕후루 경주 황남점
f_f015941,1,4,2309170005,스컹크 웍스
f_f015941,1,5,2309170006,엘로우
f_f015941,1,6,2309170007,경주 보문관광단지
f_f015941,1,7,2309170008,산해
f_f015941,1,8,2309170002,집
f_f015944,1,1,2309090001,집
f_f015944,1,2,2309090004,삼각지공원
f_f015944,1,3,2309090002,감계 3호 근린공원 물놀이장
f_f015944,1,4,2309090003,홍콩반점 41 창원 감계점
f_f015944,1,5,2309090005,홈플러스 마산점
f_f015944,1,6,2309090006,창원 NC 파크
f_f015944,1,7,2309090007,집
f_f015951,1,1,2309090001,집
f_f015951,1,2,2309090002,호미곶
f_f015951,1,3,2309090003,등대지기
f_f015951,1,4,2309090005,어스 피스커피
f_f015951,1,5,2309090004,호미곶 메밀꽃밭
f_f015951,1,6,2309090006,환호공원 스페이스 워크
f_f015951,1,7,2309090007,동대구 해모로 스퀘어 웨스트 아파트
f_f015952,1,1,2309100001,집
f_f015952,1,2,2309100002,화란
f_f015952,1,3,2309100003,이이로
f_f015952,1,4,2309100004,대릉원
f_f015952,1,5,2309100005,황련단길
f_f015952,1,6,2309100006,집
f_f015956,1,1,2309150001,집
f_f015956,1,2,2309150003,울산 시외버스터미널
f_f015956,1,3,2309150004,경주 시외버스터미널
f_f015956,1,4,2309150005,호랑이카츠
f_f015956,1,5,2309150006,이브 이숍
f_f015956,1,6,2309150008,하루 필름 황리단길점
f_f015956,1,7,2309150007,경주 황금십원빵 앗 싸 삼덕마켓 황남옥수수
f_f015956,1,8,2309150009,소하 염전 경주
f_f015956,1,9,2309150010,에인절 모텔
f_f015956,1,10,2309150011,솔 솥 경주 황리 비단길점
f_f015956,1,11,2309150012,경주 시외버스터미널
f_f015956,1,12,2309150002,집
f_f015957,1,1,2309170001,집
f_f015957,1,2,2309170003,태화강역 동해선
f_f015957,1,3,2309170004,부전역 동해선
f_f015957,1,4,2309170005,서면역 서면 지하상가 버스정류장
f_f015957,1,5,2309170006,송정 3대 국밥
f_f015957,1,6,2309170014,포토 시그니처 부산 서면점
f_f015957,1,7,2309170013,러브 액추얼리
f_f015957,1,8,2309170012,데이 오브 위크
f_f015957,1,9,2309170011,런닝맨 부산점
f_f015957,1,10,2309170010,해성 막창 서면점
f_f015957,1,11,2309170009,GS25 서면 문화정
f_f015957,1,12,2309170008,부전역 동해선
f_f015957,1,13,2309170007,태화강역 동해선
f_f015957,1,14,2309170002,집
f_f015959,1,1,2309070001,집
f_f015959,1,2,2309070002,수변 최고 돼지국밥 센텀 벡스코점
f_f015959,1,3,2309070003,벡스코 제2전시장
f_f015959,1,4,2309070004,에그머니나
f_f015959,1,5,2309070005,집
f_f015969,1,1,2309100001,집
f_f015969,1,2,2309100004,김유정역 (폐역)
f_f015969,1,3,2309100003,유정 명물 닭갈비 막국수
f_f015969,1,4,2309100005,김유정문학촌
f_f015969,1,5,2309100006,강촌레일파크 김유정 레일바이크
f_f015969,1,6,2309100007,사발이 스쿠터 자전거
f_f015969,1,7,2309100008,백 소장 별내점
f_f015969,1,8,2309100002,집
f_f015971,1,1,2309170001,집
f_f015971,1,2,2309170002,장생포 고래 박물관
f_f015971,1,3,2309170003,김 찌면 가
f_f015971,1,4,2309170004,그린비 서생점
f_f015971,1,5,2309170005,간절곶
f_f015971,1,6,2309170006,집
f_f015972,1,1,2309090001,집
f_f015972,1,2,2309090002,동대구역
f_f015972,1,3,2309090003,부산역
f_f015972,1,4,2309090005,더도 이 종갓집 돼지국밥 부산역점
f_f015972,1,5,2309090004,벡스코 제2전시장
f_f015972,1,6,2309090006,육전 밀면 부산역 본점
f_f015972,1,7,2309090007,집
f_f015974,1,1,2309060001,집
f_f015974,1,2,2309060002,구미역
f_f015974,1,3,2309060003,김천역
f_f015974,1,4,2309060004,GS25 직지사점
f_f015974,1,5,2309060005,직지문화공원 김천세계도자기 박물관
f_f015974,1,6,2309060006,백수 문화관
f_f015974,1,7,2309060007,사 명대사공원
f_f015974,1,8,2309060008,김천 친환경 생태공원
f_f015974,1,9,2309060009,김천시립 박물관
f_f015974,1,10,2309060010,직지사
f_f015974,1,11,2309060011,평화시장
f_f015974,1,12,2309060013,김천역
f_f015974,1,13,2309060012,포도로
f_f015974,1,14,2309060014,구미역
f_f015974,1,15,2309060015,집
f_f015991,1,1,2309090001,집
f_f015991,1,2,2309090003,인천종합터미널
f_f015991,1,3,2309090004,속초 고속버스터미널
f_f015991,1,4,2309090005,속초 항아리 물회
f_f015991,1,5,2309090007,속초관광수산시장
f_f015991,1,6,2309090006,뮤지엄 엑스
f_f015991,1,7,2309090008,속초해수욕장
f_f015991,1,8,2309090009,보사노바 커피 로프터스 속초점
f_f015991,1,9,2309090002,집
f_f016005,1,1,2309090001,집
f_f016005,1,2,2309090003,언양휴게소 서울 방향
f_f016005,1,3,2309090004,청하 시장
f_f016005,1,4,2309090005,윤 스토리
f_f016005,1,5,2309090006,환호공원 스페이스 워크
f_f016005,1,6,2309090011,구룡포 일본인 가옥거리
f_f016005,1,7,2309090007,까멜리아
f_f016005,1,8,2309090008,포항 크루즈
f_f016005,1,9,2309090009,오브레멘
f_f016005,1,10,2309090010,외동 휴게소 울산 방향
f_f016005,1,11,2309090002,집
f_f016007,1,1,2309100001,집
f_f016007,1,2,2309100002,동대구역
f_f016007,1,3,2309100003,시 해운대역
f_f016007,1,4,2309100004,해운대해수욕장
f_f016007,1,5,2309100005,마산게낙찜 해 마치 간장게장
f_f016007,1,6,2309100006,아슬란 626
f_f016007,1,7,2309100007,일조 집 본점
f_f016007,1,8,2309100008,부산역
f_f016007,1,9,2309100010,동대구역
f_f016007,1,10,2309100009,집
f_f016009,1,1,2309100001,집
f_f016009,1,2,2309100003,알파카 월드
f_f016009,1,3,2309100004,삽교리 동치미 막국수 춘천점
f_f016009,1,4,2309100005,이디야커피 춘천 구봉산 전망대점
f_f016009,1,5,2309100002,집
f_f016021,1,1,2309070001,집
f_f016021,1,2,2309070003,한강공원 광나루지구
f_f016021,1,3,2309070004,소양강 스카이워크
f_f016021,1,4,2309070005,통나무집 닭갈비
f_f016021,1,5,2309070006,춘천 삼악산 호수 케이블카
f_f016021,1,6,2309070007,암사역 8호선
f_f016021,1,7,2309070002,집
f_f016024,1,1,2309180001,친구 친지 집
f_f016024,1,2,2309180002,둥지 터
f_f016024,1,3,2309180003,대왕암
f_f016024,1,4,2309180004,카페 벼리
f_f016024,1,5,2309180005,부곡 경남 한신아파트
f_f016027,1,1,2309100001,집
f_f016027,1,2,2309100002,가평역 경춘선
f_f016027,1,3,2309100003,남이 가든
f_f016027,1,4,2309100004,남이섬
f_f016027,1,5,2309100005,남이 아일랜드 북 카페
f_f016027,1,6,2309100007,이디야커피 가평역점
f_f016027,1,7,2309100006,집
f_f016032,1,1,2309100001,집
f_f016032,1,2,2309100002,화산 산성
f_f016032,1,3,2309100003,시골밥상
f_f016032,1,4,2309100004,동산계곡
f_f016032,1,5,2309100005,집
f_f016035,1,1,2309060001,집
f_f016035,1,2,2309060003,가평휴게소 춘천 방향
f_f016035,1,3,2309060004,춘천 삼악산 호수 케이블카
f_f016035,1,4,2309060005,의암 닭갈비
f_f016035,1,5,2309060006,강촌레일파크 김유정 레일바이크
f_f016035,1,6,2309060007,김유정문학촌
f_f016035,1,7,2309060002,집
f_f016038,1,1,2309090001,집
f_f016038,1,2,2309090002,사천 바다 케이블카
f_f016038,1,3,2309090003,아래 마루 아쿠아리움 본관
f_f016038,1,4,2309090004,해밀
f_f016038,1,5,2309090005,집
f_f016039,1,1,2309090001,집
f_f016039,1,2,2309090002,보현산 녹색체험 터
f_f016039,1,3,2309090003,원조 부전성
f_f016039,1,4,2309090006,GS25 북 영천 IC 점
f_f016039,1,5,2309090004,보현산천문과학관
f_f016039,1,6,2309090005,보현산댐 출렁다리
f_f016039,1,7,2309090007,집
f_f016040,1,1,2309200001,집
f_f016040,1,2,2309200002,망우역 경의중앙선
f_f016040,1,3,2309200003,금이야 옥이야
f_f016040,1,4,2309200004,낙산사
f_f016040,1,5,2309200005,데이 오브 투 컬러스
f_f016040,1,6,2309200006,망우역 경의중앙선
f_f016040,1,7,2309200007,집
f_f016041,1,1,2309110001,집
f_f016041,1,2,2309110002,여자친구 집
f_f016041,1,3,2309110003,성환 식당
f_f016041,1,4,2309110004,고석정 국민관광지
f_f016041,1,5,2309110005,철원 관광정보 센터
f_f016041,1,6,2309110006,고석정 꽃밭
f_f016041,1,7,2309110007,고석정 국민관광단지 내 철원 로컬푸드마켓
f_f016041,1,8,2309110008,집
f_f016053,1,1,2309100001,집
f_f016053,1,2,2309100005,청량리역 경의중앙선
f_f016053,1,3,2309100002,청춘 김밥 토스트
f_f016053,1,4,2309100007,댄싱 카페인
f_f016053,1,5,2309100003,자전거 카페 오후
f_f016053,1,6,2309100006,호수별빛 나라
f_f016053,1,7,2309100008,의암 스카이워크
f_f016053,1,8,2309100009,닥터 빈스
f_f016053,1,9,2309100010,자전거 카페 오후
f_f016053,1,10,2309100011,남춘천 호반 닭갈비
f_f016053,1,11,2309100012,커피니 남춘천역점
f_f016053,1,12,2309100013,남춘천역
f_f016053,1,13,2309100014,청량리역 경의중앙선
f_f016053,1,14,2309100004,집
f_f016062,1,1,2309140001,집
f_f016062,1,2,2309140003,오소 육전 &밀면
f_f016062,1,3,2309140004,어마 무시 황남점
f_f016062,1,4,2309140005,경주 동궁원
f_f016062,1,5,2309140006,정글의 법칙
f_f016062,1,6,2309140007,세인 도예연구소
f_f016062,1,7,2309140008,맛자랑
f_f016062,1,8,2309140002,집
f_f016069,1,1,2309170001,집
f_f016069,1,2,2309170002,죽도 시장 내 할미회 식당
f_f016069,1,3,2309170003,강구 가자미
f_f016069,1,4,2309170004,환호공원 스페이스 워크
f_f016069,1,5,2309170005,카페 어레인지먼트
f_f016069,1,6,2309170006,이가리 닻 전망대
f_f016069,1,7,2309170007,집
f_f016092,1,1,2309120001,친구 친지 집
f_f016092,1,2,2309120002,이상인 미술관
f_f016092,1,3,2309120003,가평 별빛정원
f_f016092,1,4,2309120004,위례 롯데캐슬 아파트
f_f016095,1,1,2309160001,집
f_f016095,1,2,2309160003,스톤 스트리트 광안 비치점
f_f016095,1,3,2309160004,광안리해수욕장
f_f016095,1,4,2309160005,콩 카페 광안리점
f_f016095,1,5,2309160006,민락 더 마켓
f_f016095,1,6,2309160007,초힛사츠
f_f016095,1,7,2309160002,집
f_f016097,1,1,2309090001,집
f_f016097,1,2,2309090003,동행자 집
f_f016097,1,3,2309090004,장수 암
f_f016097,1,4,2309090005,장어촌
f_f016097,1,5,2309090006,브라운 핸즈 라키 비움 창원점
f_f016097,1,6,2309090007,동남 아트센터
f_f016097,1,7,2309090008,대원 레포츠공원
f_f016097,1,8,2309090009,알고 세
f_f016097,1,9,2309090002,집
f_f016099,1,1,2309160001,집
f_f016099,1,2,2309160002,동대구 터미널
f_f016099,1,3,2309160003,해운대 시외버스정류소
f_f016099,1,4,2309160004,해운대해수욕장
f_f016099,1,5,2309160005,밀양 순대 돼지국밥 해운대점
f_f016099,1,6,2309160006,롯데 프리미엄 아웃렛 동부산점
f_f016099,1,7,2309160007,이케아 동부산점
f_f016099,1,8,2309160008,롯데 프리미엄 아웃렛 동부산점
f_f016099,1,9,2309160009,해동용궁사
f_f016099,1,10,2309160010,롯데 프리미엄 아웃렛 동부산점
f_f016099,1,11,2309160011,꼬막 한상
f_f016099,1,12,2309160012,해운대 시외버스정류소
f_f016099,1,13,2309160013,동대구 터미널
f_f016099,1,14,2309160014,집
f_f016103,1,1,2309120001,집
f_f016103,1,2,2309120002,강릉 동화 가든 본점
f_f016103,1,3,2309120004,엔드투앤드
f_f016103,1,4,2309120005,경포해수욕장
f_f016103,1,5,2309120006,휴휴암
f_f016103,1,6,2309120003,집
f_f016106,1,1,2309100001,집
f_f016106,1,2,2309100002,CU 설악해수욕장점
f_f016106,1,3,2309100003,오션 서프
f_f016106,1,4,2309100004,바람꽃 해녀마을 낙산점
f_f016106,1,5,2309100005,집
f_f016112,1,1,2309090001,집
f_f016112,1,2,2309090003,조령 휴게소
f_f016112,1,3,2309090004,문경철로자전거 구랑리 역
f_f016112,1,4,2309090005,문경새재도립공원
f_f016112,1,5,2309090007,문경시 농특산품 직매장(진흥 공단)
f_f016112,1,6,2309090006,스타벅스 문경새재점
f_f016112,1,7,2309090008,봄베이 스낵바
f_f016112,1,8,2309090002,집
f_f016115,1,1,2309090001,집
f_f016115,1,2,2309090002,문산휴게소 순천방향
f_f016115,1,3,2309090003,삼성궁
f_f016115,1,4,2309090005,방목리 카페
f_f016115,1,5,2309090006,송기원 진주냉면 본점
f_f016115,1,6,2309090007,모다 아웃렛 진주점
f_f016115,1,7,2309090004,집
f_f016120,1,1,2309120001,집
f_f016120,1,2,2309120002,깃발 집 미주구리 물회
f_f016120,1,3,2309120003,브라이트 몰 부산
f_f016120,1,4,2309120004,올 어바웃 커피나
f_f016120,1,5,2309120006,더베이 11
f_f016120,1,6,2309120005,동백 섬
f_f016120,1,7,2309120007,부산요트투어 G
f_f016120,1,8,2309120008,해동용궁사
f_f016120,1,9,2309120009,해녀 천지 할미 집
f_f016120,1,10,2309120010,집
f_f016323,1,1,2309150001,집
f_f016323,1,2,2309150002,제이드가든 수목원
f_f016323,1,3,2309150003,명동 닭갈비 골목
f_f016323,1,4,2309150004,소양강 스카이워크
f_f016323,1,5,2309150005,이디야커피 춘천 의암호점
f_f016323,1,6,2309150006,집
f_f016331,1,1,2309160001,집
f_f016331,1,2,2309160002,태화강 국가 정원
f_f016331,1,3,2309160003,간절곶
f_f016331,1,4,2309160004,간절 바당
f_f016331,1,5,2309160005,집
f_f016334,1,1,2309150001,사무실
f_f016334,1,2,2309150002,브런치 앤디 너 테라비 가덕점
f_f016334,1,3,2309150003,거가대교 홍보전시관
f_f016334,1,4,2309150004,바람의 언덕
f_f016334,1,5,2309150005,수 영역 부산 3호선
f_f016335,1,1,2309090001,집
f_f016335,1,2,2309090003,신세계백화점 센텀시티점
f_f016335,1,3,2309090004,해운대해수욕장
f_f016335,1,4,2309090005,까사 부사로
f_f016335,1,5,2309090006,노티스 부산 해운대
f_f016335,1,6,2309090002,집
f_f016336,1,1,2309100001,집
f_f016336,1,2,2309100002,불국사
f_f016336,1,3,2309100003,로드 1
f_f016336,1,4,2309100004,맷돌순두부
f_f016336,1,5,2309100005,페이지나 인
f_f016336,1,6,2309100006,집
f_f016337,1,1,2309090001,집
f_f016337,1,2,2309090002,동서울 종합터미널
f_f016337,1,3,2309090003,강릉 고속버스터미널
f_f016337,1,4,2309090004,교동 빵집
f_f016337,1,5,2309090005,형제 칼국수
f_f016337,1,6,2309090006,두덩
f_f016337,1,7,2309090007,강릉커피 사탕
f_f016337,1,8,2309090008,강릉 월화 거리
f_f016337,1,9,2309090009,드봉 마젤
f_f016337,1,10,2309090010,강릉 김밥
f_f016337,1,11,2309090011,강릉 빵 다방 본점
f_f016337,1,12,2309090012,보사노바 커피 로프터스 강릉점
f_f016337,1,13,2309090013,안목 해변
f_f016337,1,14,2309090014,배니 닭강정
f_f016337,1,15,2309090015,곰돌이 왕만두
f_f016337,1,16,2309090016,강릉 월화 거리
f_f016337,1,17,2309090017,강릉 고속버스터미널
f_f016337,1,18,2309090018,동서울 종합터미널
f_f016337,1,19,2309090019,집
f_f016338,1,1,2309110001,집
f_f016338,1,2,2309110003,울산 대곡리 반구대 암각화
f_f016338,1,3,2309110004,언양 닭칼국수 장생포점
f_f016338,1,4,2309110005,장생포 고래 박물관
f_f016338,1,5,2309110002,집
f_f016339,1,1,2309120001,집
f_f016339,1,2,2309120002,대구역
f_f016339,1,3,2309120003,와촌휴게소 포항방향
f_f016339,1,4,2309120005,효자시장
f_f016339,1,5,2309120006,환호공원
f_f016339,1,6,2309120007,블랑 도도
f_f016339,1,7,2309120008,이가리 닻 전망대
f_f016339,1,8,2309120004,집
f_f016340,1,1,2309090001,집
f_f016340,1,2,2309090002,태화강 국가 정원
f_f016340,1,3,2309090003,울산중앙전통시장
f_f016340,1,4,2309090004,갑오 갈비탕
f_f016340,1,5,2309090005,장생포 고래생태체험관
f_f016340,1,6,2309090006,울산 한
f_f016340,1,7,2309090007,장생포 고래 박물관
f_f016340,1,8,2309090008,장생포 고래문화마을
f_f016340,1,9,2309090009,대왕암공원
f_f016340,1,10,2309090010,진하해수욕장
f_f016340,1,11,2309090011,집
f_f016341,1,1,2309070001,집
f_f016341,1,2,2309070002,안동터미널
f_f016341,1,3,2309070003,동대구 터미널
f_f016341,1,4,2309070004,갓파스시 대구점
f_f016341,1,5,2309070005,구트 리젠
f_f016341,1,6,2309070006,리웨이브
f_f016341,1,7,2309070007,오렌즈 대구점
f_f016341,1,8,2309070008,원더플레이스 대구 동성로 FSS 점
f_f016341,1,9,2309070009,ZARA 동성로점
f_f016341,1,10,2309070010,카페 오디너리 하우스
f_f016341,1,11,2309070011,텐 퍼센트 커피 대구 228공원점
f_f016341,1,12,2309070012,에잇 세컨즈 동성로 스파크 몰
f_f016341,1,13,2309070013,히든 토이
f_f016341,1,14,2309070014,동대구역
f_f016341,1,15,2309070015,안동역
f_f016341,1,16,2309070016,집
f_f016342,1,1,2309060001,집
f_f016342,1,2,2309060002,양평 휴게 주유소 원주 방향
f_f016342,1,3,2309060003,산 너머 남촌
f_f016342,1,4,2309060004,빵공장라뜰리에김가 원주점
f_f016342,1,5,2309060005,치악산
f_f016342,1,6,2309060006,신촌막국수
f_f016342,1,7,2309060007,집
f_f016343,1,1,2309100001,집
f_f016343,1,2,2309100002,서울역
f_f016343,1,3,2309100003,포항역
f_f016343,1,4,2309100004,오도 1리 간이해수욕장
f_f016343,1,5,2309100005,Cu 오도해수욕장점
f_f016343,1,6,2309100006,오도 1리 간이해수욕장
f_f016343,1,7,2309100007,흥해 물회
f_f016343,1,8,2309100008,영일대해수욕장
f_f016343,1,9,2309100009,오브레멘
f_f016343,1,10,2309100010,포항역
f_f016343,1,11,2309100011,서울역
f_f016343,1,12,2309100012,집
f_f016344,1,1,2309090001,집
f_f016344,1,2,2309090002,용궁순대
f_f016344,1,3,2309090003,산양정행소
f_f016344,1,4,2309090004,불정역 (폐역)
f_f016344,1,5,2309090005,문경약돌돼지
f_f016344,1,6,2309090006,홈플러스 칠곡점
f_f016344,1,7,2309090007,집
f_f016346,1,1,2309160001,집
f_f016346,1,2,2309160002,황련단길
f_f016346,1,3,2309160003,르시엘
f_f016346,1,4,2309160004,경주 중앙시장
f_f016346,1,5,2309160005,집
f_f016347,1,1,2309100001,집
f_f016347,1,2,2309100002,또 오이소
f_f016347,1,3,2309100003,대가야박물관
f_f016347,1,4,2309100004,이소 카페
f_f016347,1,5,2309100005,집
f_f016348,1,1,2309160001,집
f_f016348,1,2,2309160002,계명대학교 대명캠퍼스
f_f016348,1,3,2309160003,신송 자신 마산 식당
f_f016348,1,4,2309160004,서문시장
f_f016348,1,5,2309160005,타이 왓포 풀 스파
f_f016348,1,6,2309160006,신세계백화점 대구점
f_f016348,1,7,2309160007,노 브랜드 버거 경산 하양점
f_f016348,1,8,2309160008,집
f_f016355,1,1,2309090001,집
f_f016355,1,2,2309090003,후라 또 식당 원주점
f_f016355,1,3,2309090004,로이드 밤 헤어 무실로 시점
f_f016355,1,4,2309090005,착한 구두 원주 중앙점
f_f016355,1,5,2309090002,집
f_f016376,1,1,2309160001,집
f_f016376,1,2,2309160002,최무선 과학관
f_f016376,1,3,2309160003,영천한우영농조합법인
f_f016376,1,4,2309160004,완산 청구 하이츠 아파트
f_f016376,1,5,2309160005,집
f_f016381,1,1,2309090001,집
f_f016381,1,2,2309090002,청도 가마솥 국밥
f_f016381,1,3,2309090003,낙태폭포
f_f016381,1,4,2309090004,홍차 리예
f_f016381,1,5,2309090005,군자정
f_f016381,1,6,2309090006,청도 소싸움경기장
f_f016381,1,7,2309090007,와인터널
f_f016381,1,8,2309090008,한옥카페
f_f016381,1,9,2309090009,친구 집
f_f016381,1,10,2309090010,집
f_f016389,1,1,2309100001,집
f_f016389,1,2,2309100003,서울고속버스터미널(경부)
f_f016389,1,3,2309100004,속초 고속버스터미널
f_f016389,1,4,2309100005,초당 커피 정미소 속초점
f_f016389,1,5,2309100006,등대해수욕장
f_f016389,1,6,2309100007,도문 집
f_f016389,1,7,2309100008,중앙시장 입구 삼거리
f_f016389,1,8,2309100009,나따오비까 속초점
f_f016389,1,9,2309100011,속초해수욕장
f_f016389,1,10,2309100010,설악 젤라또
f_f016389,1,11,2309100012,속초 고속버스터미널
f_f016389,1,12,2309100002,집
f_f016390,1,1,2309160001,집
f_f016390,1,2,2309160004,손수 미담
f_f016390,1,3,2309160002,동래 시외버스정류소
f_f016390,1,4,2309160003,진주 시외버스터미널
f_f016390,1,5,2309160006,진주성
f_f016390,1,6,2309160007,송정 숯불장어구이
f_f016390,1,7,2309160005,여우비 호텔
f_f016390,1,8,2309160008,진주 시외버스터미널
f_f016390,1,9,2309160009,집
f_f016393,1,1,2309090001,사무실
f_f016393,1,2,2309090002,신라불교도 전지
f_f016393,1,3,2309090004,고이 담아 커피숍
f_f016393,1,4,2309090005,피크닉 팜
f_f016393,1,5,2309090003,소보면 사무소
f_f016398,1,1,2309100001,집
f_f016398,1,2,2309100002,내원사
f_f016398,1,3,2309100003,천성산 가는 길
f_f016398,1,4,2309100004,아미드 포레
f_f016398,1,5,2309100005,집
f_f016399,1,1,2309160001,집
f_f016399,1,2,2309160002,루시드
f_f016399,1,3,2309160003,길촌쭈꾸미
f_f016399,1,4,2309160005,폴트 버거 더 현대 대구점
f_f016399,1,5,2309160004,베즐리 더 현대 대구점
f_f016399,1,6,2309160006,집
f_f016402,1,1,2309070001,집
f_f016402,1,2,2309070002,안동터미널
f_f016402,1,3,2309070003,동대구 터미널
f_f016402,1,4,2309070004,갓파스시 대구점
f_f016402,1,5,2309070005,구트 리젠
f_f016402,1,6,2309070006,리웨이브
f_f016402,1,7,2309070007,원더플레이스 대구 동성로 FSS 점
f_f016402,1,8,2309070008,ZARA 동성로점
f_f016402,1,9,2309070009,카페 오디너리 하우스
f_f016402,1,10,2309070010,더 현대 대구
f_f016402,1,11,2309070011,신세계백화점 대구점
f_f016402,1,12,2309070012,동대구역
f_f016402,1,13,2309070013,안동역
f_f016402,1,14,2309070014,집
f_f016407,1,1,2309080001,집
f_f016407,1,2,2309080002,성요셉 치유마을
f_f016407,1,3,2309080003,채미락
f_f016407,1,4,2309080004,카페 가은역
f_f016407,1,5,2309080005,문경새재도립공원
f_f016407,1,6,2309080006,연풍 순교성지
f_f016407,1,7,2309080007,문경약돌돼지
f_f016407,1,8,2309080008,집
f_f016412,1,1,2309150001,집
f_f016412,1,2,2309150009,서울역
f_f016412,1,3,2309150004,묵호역
f_f016412,1,4,2309150002,도째비골스카이밸리
f_f016412,1,5,2309150003,논골담길
f_f016412,1,6,2309150005,청해 수산
f_f016412,1,7,2309150006,피어 52
f_f016412,1,8,2309150007,무릉 계곡
f_f016412,1,9,2309150008,추암해변
f_f016412,1,10,2309150010,경남 보리밥
f_f016412,1,11,2309150011,묵호역
f_f016412,1,12,2309150012,서울역
f_f016412,1,13,2309150013,집
f_f016414,1,1,2309090001,집
f_f016414,1,2,2309090003,부산 서부버스터미널
f_f016414,1,3,2309090004,마산 시외버스터미널
f_f016414,1,4,2309090005,창원 NC 파크
f_f016414,1,5,2309090006,롯데리아 마산 터미널점
f_f016414,1,6,2309090007,마산 시외버스터미널
f_f016414,1,7,2309090008,부산 서부버스터미널
f_f016414,1,8,2309090002,집
f_f016415,1,1,2309090001,집
f_f016415,1,2,2309090002,금남 주유소
f_f016415,1,3,2309090003,에티오피아 한국전 참전기념관
f_f016415,1,4,2309090004,에티오피아 보트장
f_f016415,1,5,2309090005,춘천 서부 시장
f_f016415,1,6,2309090006,소양강 스카이워크
f_f016415,1,7,2309090007,강원 특별 자치도립화목원
f_f016415,1,8,2309090008,이디야커피 춘천 의암호점
f_f016415,1,9,2309090009,집
f_f016417,1,1,2309130001,집
f_f016417,1,2,2309130002,서문시장
f_f016417,1,3,2309130003,신세계백화점 대구점
f_f016417,1,4,2309130004,동대구역
f_f016417,1,5,2309130005,집
f_f016420,1,1,2309090001,집
f_f016420,1,2,2309090003,두산위브 아파트
f_f016420,1,3,2309090004,매미성
f_f016420,1,4,2309090005,와현모래숲해수욕장
f_f016420,1,5,2309090006,거제 해안가님 길
f_f016420,1,6,2309090007,여기로 가 조
f_f016420,1,7,2309090008,덕포해수욕장
f_f016420,1,8,2309090009,W181
f_f016420,1,9,2309090010,두산위브 아파트
f_f016420,1,10,2309090002,집
f_f016422,1,1,2309100001,집
f_f016422,1,2,2309100002,신경주역
f_f016422,1,3,2309100003,부산역
f_f016422,1,4,2309100004,광안리해수욕장
f_f016422,1,5,2309100005,덕이 아틀리에
f_f016422,1,6,2309100006,하루 필름 부산 광안리점
f_f016422,1,7,2309100007,파스쿠찌 광안리점
f_f016422,1,8,2309100008,다이치
f_f016422,1,9,2309100009,부산역
f_f016422,1,10,2309100010,신경주역
f_f016422,1,11,2309100011,집
f_f016424,1,1,2309090001,집
f_f016424,1,2,2309090008,서대구 역
f_f016424,1,3,2309090009,부산역
f_f016424,1,4,2309090003,오픈 브런치 카페
f_f016424,1,5,2309090004,피아트 카페 엔 베이커리
f_f016424,1,6,2309090005,시소
f_f016424,1,7,2309090006,까사 부사로
f_f016424,1,8,2309090010,해운대 시외버스정류소
f_f016424,1,9,2309090011,동대구역
f_f016424,1,10,2309090007,집
f_f016428,1,1,2309150001,집
f_f016428,1,2,2309150002,더 현대 대구
f_f016428,1,3,2309150003,팡팡팡
f_f016428,1,4,2309150004,집
f_f016429,1,1,2309140001,집
f_f016429,1,2,2309140002,동북 횟집
f_f016429,1,3,2309140003,도째비골해랑전망대
f_f016429,1,4,2309140004,도째비골스카이밸리
f_f016429,1,5,2309140005,한결
f_f016429,1,6,2309140006,어달해변
f_f016429,1,7,2309140007,동쪽 바다 중앙시장
f_f016429,1,8,2309140008,여행 책방 잔잔하게
f_f016429,1,9,2309140009,묘한 동해
f_f016429,1,10,2309140010,횡성휴게소 인천방향
f_f016429,1,11,2309140011,집
f_f016432,1,1,2309160001,집
f_f016432,1,2,2309160002,등선 폭포
f_f016432,1,3,2309160003,소양강댐 정상 주차장
f_f016432,1,4,2309160004,카페 감자밭 본점
f_f016432,1,5,2309160005,우미 닭갈비 본점
f_f016432,1,6,2309160006,판다 하우스
f_f016432,1,7,2309160007,소양강 스카이워크
f_f016432,1,8,2309160008,공지천 유원지
f_f016432,1,9,2309160009,스타벅스 춘천 구봉산 R
f_f016432,1,10,2309160010,만천만두국 신관
f_f016432,1,11,2309160011,롯데마트 석사점
f_f016432,1,12,2309160012,춘천 세계 주류 마켓
f_f016432,1,13,2309160013,집
f_f016443,1,1,2309090001,집
f_f016443,1,2,2309090002,동궁과 월지
f_f016443,1,3,2309090003,경주 황룡사 역사문화관
f_f016443,1,4,2309090004,분황사
f_f016443,1,5,2309090005,경주 원조 콩국
f_f016443,1,6,2309090010,어서어서
f_f016443,1,7,2309090006,황남 공영주차장
f_f016443,1,8,2309090007,불국사
f_f016443,1,9,2309090008,장안 휴게소 부산방향
f_f016443,1,10,2309090009,집
f_f016444,1,1,2309100001,집
f_f016444,1,2,2309100003,법기 수원지
f_f016444,1,3,2309100004,리즈 푸드
f_f016444,1,4,2309100005,카페 도라지
f_f016444,1,5,2309100002,집
f_f016446,1,1,2309090001,집
f_f016446,1,2,2309090003,석촌고분 역 9호선
f_f016446,1,3,2309090004,고속터미널역 9호선
f_f016446,1,4,2309090018,서울고속버스터미널(경부)
f_f016446,1,5,2309090005,속초 고속버스터미널
f_f016446,1,6,2309090006,속초해수욕장
f_f016446,1,7,2309090007,속초 항아리 물회
f_f016446,1,8,2309090008,속초관광수산시장
f_f016446,1,9,2309090009,영금정
f_f016446,1,10,2309090010,에이 플레이스
f_f016446,1,11,2309090011,속초 조양동 유적
f_f016446,1,12,2309090012,롯데리아 속초 터미널점
f_f016446,1,13,2309090013,속초 고속버스터미널
f_f016446,1,14,2309090014,가평휴게소 서울 방향
f_f016446,1,15,2309090015,서울고속버스터미널(경부)
f_f016446,1,16,2309090016,고속터미널역 9호선
f_f016446,1,17,2309090017,석촌고분 역 9호선
f_f016446,1,18,2309090002,집
f_f016448,1,1,2309080001,집
f_f016448,1,2,2309080002,바다 친구 본점
f_f016448,1,3,2309080003,구조라성
f_f016448,1,4,2309080006,한화 오션 두 모사원 기숙사
f_f016448,1,5,2309080004,와현모래숲해수욕장
f_f016448,1,6,2309080005,스타벅스 거제 옥포 DT 점
f_f016448,1,7,2309080007,왕고참 숯불갈비
f_f016448,1,8,2309080008,집
f_f016454,1,1,2309090001,집
f_f016454,1,2,2309090002,가든 하이로
f_f016454,1,3,2309090003,경주엑스포 대공원
f_f016454,1,4,2309090004,에코토
f_f016454,1,5,2309090005,대릉원
f_f016454,1,6,2309090006,땡큐 치킨 황남점
f_f016454,1,7,2309090007,보성 오페라 오피스텔
f_f016462,1,1,2309170001,집
f_f016462,1,2,2309170002,의암호 스카이워크
f_f016462,1,3,2309170003,애니메이션박물관
f_f016462,1,4,2309170004,춘천막국수 체험 박물관
f_f016462,1,5,2309170005,카페 감자밭 본점
f_f016462,1,6,2309170006,통나무집 닭갈비
f_f016462,1,7,2309170007,집
f_f016472,1,1,2309090001,집
f_f016472,1,2,2309090002,홍연 트자 명품 김밥
f_f016472,1,3,2309090003,삼 성현 역사 문화공원
f_f016472,1,4,2309090004,한마음 정육 식당 경산 삼성현 호점
f_f016472,1,5,2309090005,집
f_f016478,1,1,2309090001,집
f_f016478,1,2,2309090003,동행자 집
f_f016478,1,3,2309090010,서문시장
f_f016478,1,4,2309090005,동아백화점 쇼핑점
f_f016478,1,5,2309090006,동성로 로데오거리
f_f016478,1,6,2309090007,주교좌 계산 대성당
f_f016478,1,7,2309090008,동인
f_f016478,1,8,2309090009,코오롱야외음악당
f_f016478,1,9,2309090002,집
f_f016482,1,1,2309160001,친구 친지 집
f_f016482,1,2,2309160002,시민스포츠센터 빙상장
f_f016482,1,3,2309160003,봉리단길
f_f016482,1,4,2309160004,단조
f_f016482,1,5,2309160005,분산성
f_f016482,1,6,2309160006,김해 천문대
f_f016482,1,7,2309160007,동행자 거주지
f_f016483,1,1,2309170001,집
f_f016483,1,2,2309170002,요부코
f_f016483,1,3,2309170003,스웻츠
f_f016483,1,4,2309170004,현대백화점 울산점
f_f016483,1,5,2309170005,태화강 국가 정원
f_f016483,1,6,2309170006,집
f_f016488,1,1,2309090001,집
f_f016488,1,2,2309090003,파인 에이플러스
f_f016488,1,3,2309090004,미묘
f_f016488,1,4,2309090005,자매 잡화
f_f016488,1,5,2309090007,영웅 포도농원
f_f016488,1,6,2309090008,거제 둔덕 포도축제 현장
f_f016488,1,7,2309090006,날라리 달빛 목공방
f_f016488,1,8,2309090009,월남 면 반 거제점
f_f016488,1,9,2309090010,고현성
f_f016488,1,10,2309090011,멍 아일랜드
f_f016488,1,11,2309090002,집
f_f016490,1,1,2309080001,친구 친지 집
f_f016490,1,2,2309080003,이재모 피자 본점
f_f016490,1,3,2309080004,국제시장 먹자골목
f_f016490,1,4,2309080005,부평 깡통시장
f_f016490,1,5,2309080006,F1963
f_f016490,1,6,2309080007,테라로사 수영점
f_f016490,1,7,2309080002,친구 집
f_f016494,1,1,2309090001,집
f_f016494,1,2,2309090002,새 고성농협 하나로마트 본점
f_f016494,1,3,2309090003,용소 그리 뫼
f_f016494,1,4,2309090004,해주 옥 진주냉면
f_f016494,1,5,2309090005,더 웨이링 커피 사천 하현 옥점
f_f016494,1,6,2309090006,고성 당항만 둘레길
f_f016494,1,7,2309090007,집
f_f016499,1,1,2309100001,집
f_f016499,1,2,2309100008,남안동농협주유소
f_f016499,1,3,2309100003,의성군 로컬푸드 직매장
f_f016499,1,4,2309100004,경덕왕릉 의성 조문국사적 지
f_f016499,1,5,2309100005,원조 닭발
f_f016499,1,6,2309100006,고운사
f_f016499,1,7,2309100007,안동농협 파머스마켓
f_f016499,1,8,2309100002,집
f_f016500,1,1,2309090001,집
f_f016500,1,2,2309090002,광명역
f_f016500,1,3,2309090003,신경주역
f_f016500,1,4,2309090004,예전 집 방문
f_f016500,1,5,2309090005,국시 집
f_f016500,1,6,2309090006,커피 소리 쿠키 향기
f_f016500,1,7,2309090007,신경주역
f_f016500,1,8,2309090008,광명역
f_f016500,1,9,2309090009,집
f_f016502,1,1,2309140001,집
f_f016502,1,2,2309140003,양구 백자 박물관
f_f016502,1,3,2309140004,백토 미가
f_f016502,1,4,2309140005,양구 백자 박물관
f_f016502,1,5,2309140006,박수근미술관
f_f016502,1,6,2309140007,한반도섬
f_f016502,1,7,2309140008,도촌막국수
f_f016502,1,8,2309140009,배꼽 제빵소
f_f016502,1,9,2309140010,국토 정중앙 천문대
f_f016502,1,10,2309140002,집
f_f016504,1,1,2309100001,집
f_f016504,1,2,2309100003,울산 전시 컨벤션 센터
f_f016504,1,3,2309100004,울산 언양불고기
f_f016504,1,4,2309100002,집
f_f016507,1,1,2309130001,집
f_f016507,1,2,2309130003,육군사관학교 육사 아파트
f_f016507,1,3,2309130004,해피 초원 목장
f_f016507,1,4,2309130005,통나무집 닭갈비
f_f016507,1,5,2309130006,인필드
f_f016507,1,6,2309130007,육군사관학교 육사 아파트
f_f016507,1,7,2309130002,집
f_f016510,1,1,2309160001,집
f_f016510,1,2,2309160003,신경주역
f_f016510,1,3,2309160004,스타벅스 경주터미널 DT 점
f_f016510,1,4,2309160005,포석으로 소갈비찜
f_f016510,1,5,2309160006,황련단길
f_f016510,1,6,2309160007,노워즈 경주점
f_f016510,1,7,2309160008,경주 동궁원
f_f016510,1,8,2309160009,다온
f_f016510,1,9,2309160010,구릉
f_f016510,1,10,2309160011,황련단길
f_f016510,1,11,2309160012,경주읍성
f_f016510,1,12,2309160002,집
f_f016512,1,1,2309170001,집
f_f016512,1,2,2309170002,수타사
f_f016512,1,3,2309170003,수타사 농촌테마공원
f_f016512,1,4,2309170004,샤브 마니 강원 홍천점
f_f016512,1,5,2309170005,부모님 집
f_f016512,1,6,2309170006,집
f_f016518,1,1,2309160001,집
f_f016518,1,2,2309160002,봉천시
f_f016518,1,3,2309160003,문경철로자전거 진남역
f_f016518,1,4,2309160004,오스테 리비아도 노
f_f016518,1,5,2309160005,고모산성
f_f016518,1,6,2309160006,문경오미자 테마 터널
f_f016518,1,7,2309160007,집
f_f016519,1,1,2309170001,집
f_f016519,1,2,2309170002,동화사
f_f016519,1,3,2309170003,팔공은 가비
f_f016519,1,4,2309170004,멜빌 베이크하우스 팔공점
f_f016519,1,5,2309170006,추풍령 휴게소 서울 방향
f_f016519,1,6,2309170005,집
f_f016521,1,1,2309090001,집
f_f016521,1,2,2309090002,신라명가 경주 본점 경주빵 찰보리빵 서민갑부 찰보리빵
f_f016521,1,3,2309090003,황련단길
f_f016521,1,4,2309090004,승정원 순두부
f_f016521,1,5,2309090005,어마 무시
f_f016521,1,6,2309090006,동궁과 월지
f_f016521,1,7,2309090007,VVT 버거
f_f016521,1,8,2309090008,이지 더원 그랜드파크 아파트
f_f016524,1,1,2309100001,친구 친지 집
f_f016524,1,2,2309100003,간월재
f_f016524,1,3,2309100004,카페 지산
f_f016524,1,4,2309100005,통도 판타지아 (휴장 중)
f_f016524,1,5,2309100002,맥도날드 주례점
f_f016529,1,1,2309090001,집
f_f016529,1,2,2309090002,비발디파크 오션월드
f_f016529,1,3,2309090003,약이 되는 밥상
f_f016529,1,4,2309090004,집
f_f016530,1,1,2309090001,집
f_f016530,1,2,2309090002,전 통한 우수 구레 국밥
f_f016530,1,3,2309090003,신불산에 봄
f_f016530,1,4,2309090004,큰 나무 놀이터
f_f016530,1,5,2309090005,작천정계곡
f_f016530,1,6,2309090006,집
f_f016531,1,1,2309090001,집
f_f016531,1,2,2309090002,저수지 휴게실
f_f016531,1,3,2309090003,이디야커피 울산 문수산점
f_f016531,1,4,2309090004,인근 산책로
f_f016531,1,5,2309090005,현대백화점 울산점
f_f016531,1,6,2309090006,선농 설렁탕
f_f016531,1,7,2309090007,롯데 프리미엄 아웃렛 동부산점
f_f016531,1,8,2309090008,집
f_f016533,1,1,2309090002,집
f_f016533,1,2,2309090003,경주 루지 월드
f_f016533,1,3,2309090004,경주엑스포 대공원
f_f016533,1,4,2309090005,신라명과 경주방 오름 점
f_f016533,1,5,2309090001,부산 다대 푸르지오 아파트
f_f016548,1,1,2309110001,집
f_f016548,1,2,2309110002,고석정 꽃밭
f_f016548,1,3,2309110003,기와집
f_f016548,1,4,2309110005,인경 화이트하우스
f_f016548,1,5,2309110004,집
f_f016549,1,1,2309090001,집
f_f016549,1,2,2309090002,우리 송어횟집
f_f016549,1,3,2309090003,청평사
f_f016549,1,4,2309090004,숲
f_f016549,1,5,2309090005,연산골막국수
f_f016549,1,6,2309090006,집
f_f016555,1,1,2309090001,집
f_f016555,1,2,2309090009,상봉역 경의중앙선
f_f016555,1,3,2309090010,강릉역
f_f016555,1,4,2309090003,고래 책방
f_f016555,1,5,2309090004,경포해수욕장
f_f016555,1,6,2309090005,고씨네 동해 막국수 강문본점(구.메밀골동해막국수)
f_f016555,1,7,2309090006,스타벅스 강릉강문해변점
f_f016555,1,8,2309090007,경포 생태 저류지
f_f016555,1,9,2309090008,강릉 중앙시장
f_f016555,1,10,2309090011,강릉역
f_f016555,1,11,2309090002,집
f_f016559,1,1,2309130001,사무실
f_f016559,1,2,2309130002,환호공원 스페이스 워크
f_f016559,1,3,2309130003,율리 나폴리
f_f016559,1,4,2309130004,엘리트빌
f_f016560,1,1,2309170001,친구 친지 집
f_f016560,1,2,2309170002,으로 지 자연 생태공원
f_f016560,1,3,2309170003,으로 지
f_f016560,1,4,2309170004,GS25 북 영천 IC 점
f_f016560,1,5,2309170005,동의참누리원 영천하나의 마을
f_f016560,1,6,2309170006,화랑설화마을
f_f016560,1,7,2309170007,이동 경성 골드 아파트
f_f016562,1,1,2309100001,집
f_f016562,1,2,2309100002,대운장
f_f016562,1,3,2309100003,돼지문화원
f_f016562,1,4,2309100004,원주한지테마파크
f_f016562,1,5,2309100005,헤이
f_f016562,1,6,2309100006,집
f_f016564,1,1,2309130001,집
f_f016564,1,2,2309130002,강아지 숲
f_f016564,1,3,2309130003,양지촌
f_f016564,1,4,2309130004,집
f_f016567,1,1,2309100001,친구 친지 집
f_f016567,1,2,2309100002,청도 새마을 휴게소 하행
f_f016567,1,3,2309100003,게임 오브 마인드 서면점
f_f016567,1,4,2309100004,피아트
f_f016567,1,5,2309100005,한끼 맛있다
f_f016567,1,6,2309100006,머더가 커 부산점
f_f016567,1,7,2309100007,해운대해수욕장
f_f016567,1,8,2309100008,장기 누림 타운 아파트
f_f016568,1,1,2309100001,집
f_f016568,1,2,2309100002,대릉원
f_f016568,1,3,2309100003,아덴 2호점
f_f016568,1,4,2309100004,시즈닝
f_f016568,1,5,2309100005,집
f_f016572,1,1,2309160001,집
f_f016572,1,2,2309160003,함안휴게소 순천방향
f_f016572,1,3,2309160004,합천영상테마파크
f_f016572,1,4,2309160005,순 할머니 손칼국수
f_f016572,1,5,2309160006,황가 오신 소양 체육공원
f_f016572,1,6,2309160007,로 풀
f_f016572,1,7,2309160008,적사부
f_f016572,1,8,2309160009,집
f_f016576,1,1,2309090001,집
f_f016576,1,2,2309090002,양양송이조각 공원
f_f016576,1,3,2309090003,남대천 수상레포츠센터
f_f016576,1,4,2309090004,양양전통시장
f_f016576,1,5,2309090005,킹쿡
f_f016576,1,6,2309090006,벙커 38.1
f_f016576,1,7,2309090007,집
f_f016577,1,1,2309110001,집
f_f016577,1,2,2309110002,경주월드
f_f016577,1,3,2309110003,987피자
f_f016577,1,4,2309110004,동궁과 월지
f_f016577,1,5,2309110005,집
f_f016578,1,1,2309160001,집
f_f016578,1,2,2309160003,빌스 4339
f_f016578,1,3,2309160004,구룡포항
f_f016578,1,4,2309160005,호미곶 해맞이 광장
f_f016578,1,5,2309160006,영일대해수욕장
f_f016578,1,6,2309160007,두 낫디 스타브
f_f016578,1,7,2309160002,대신센트럴타운 아파트
f_f016583,1,1,2309100001,집
f_f016583,1,2,2309100009,경주 시외버스터미널
f_f016583,1,3,2309100003,소문난 주문진 막국수
f_f016583,1,4,2309100004,송도거북섬테미휴양공간
f_f016583,1,5,2309100005,송도 해상 케이블카 송도 베이 스테이션
f_f016583,1,6,2309100006,빨간 등대
f_f016583,1,7,2309100007,구름 고개 카페
f_f016583,1,8,2309100008,부산종합버스터미널
f_f016583,1,9,2309100002,집
f_f016586,1,1,2309170001,집
f_f016586,1,2,2309170002,의성 만취당
f_f016586,1,3,2309170003,사촌 가로숲
f_f016586,1,4,2309170004,주영아 마늘닭
f_f016586,1,5,2309170005,의성전통시장
f_f016586,1,6,2309170006,11번 할미 닭발
f_f016586,1,7,2309170007,경덕왕릉 의성 조문국사적 지
f_f016586,1,8,2309170008,영화 리틀 포레스트 촬영지
f_f016586,1,9,2309170009,화본역
f_f016586,1,10,2309170010,집
f_f016590,1,1,2309150001,집
f_f016590,1,2,2309150002,포항터미널
f_f016590,1,3,2309150003,소바카게
f_f016590,1,4,2309150004,대릉원
f_f016590,1,5,2309150005,젤라쏘
f_f016590,1,6,2309150006,어서어서
f_f016590,1,7,2309150007,샬로 커피 황리단길점
f_f016590,1,8,2309150008,경주 시외버스터미널
f_f016590,1,9,2309150009,집
f_f016595,1,1,2309140001,집
f_f016595,1,2,2309140003,광명역
f_f016595,1,3,2309140004,부산역
f_f016595,1,4,2309140005,마가 만두
f_f016595,1,5,2309140011,태종대 주차장
f_f016595,1,6,2309140008,보수동 책방 골목
f_f016595,1,7,2309140010,국제시장 먹자골목
f_f016595,1,8,2309140009,두통
f_f016595,1,9,2309140007,18번 완당집
f_f016595,1,10,2309140006,부산역
f_f016595,1,11,2309140012,광명역
f_f016595,1,12,2309140002,집
f_f016596,1,1,2309150001,집
f_f016596,1,2,2309150003,부산 서부버스터미널
f_f016596,1,3,2309150004,합천 일류 돼지국밥 사상점
f_f016596,1,4,2309150005,베이크 백
f_f016596,1,5,2309150006,메가 MGC 커피 초량점
f_f016596,1,6,2309150007,초량 온당
f_f016596,1,7,2309150008,허대빵
f_f016596,1,8,2309150009,크리미
f_f016596,1,9,2309150010,톤쇼우 광안점
f_f016596,1,10,2309150011,광안리해수욕장
f_f016596,1,11,2309150012,랜디스 도넛 광안리점
f_f016596,1,12,2309150013,신세계백화점 센텀시티점
f_f016596,1,13,2309150014,부산 서부버스터미널
f_f016596,1,14,2309150002,집
f_f016598,1,1,2309100001,집
f_f016598,1,2,2309100003,호암 이병철 생가
f_f016598,1,3,2309100004,의령 농가 밥상
f_f016598,1,4,2309100005,의령 백암장
f_f016598,1,5,2309100006,헬리오
f_f016598,1,6,2309100002,집
f_f016601,1,1,2309160001,집
f_f016601,1,2,2309160002,태화강역 동해선
f_f016601,1,3,2309160003,터미널 식당
f_f016601,1,4,2309160004,태화강 동굴 피아
f_f016601,1,5,2309160005,태화강 국가 정원 태화강 전망대
f_f016601,1,6,2309160006,태화강 국가 정원
f_f016601,1,7,2309160007,덕 클
f_f016601,1,8,2309160008,태화강역 동해선
f_f016601,1,9,2309160009,집
f_f016607,1,1,2309130001,집
f_f016607,1,2,2309130002,포항터미널
f_f016607,1,3,2309130003,하오 돼지국밥
f_f016607,1,4,2309130004,해운대 전통시장
f_f016607,1,5,2309130005,해운대해수욕장
f_f016607,1,6,2309130006,송림공원
f_f016607,1,7,2309130007,동백공원
f_f016607,1,8,2309130008,F1963
f_f016607,1,9,2309130009,모노 맨션 부산 전포점
f_f016607,1,10,2309130010,전포 카페거리
f_f016607,1,11,2309130011,커피로만
f_f016607,1,12,2309130012,락휴 코인 노래연습장 부산 서면점
f_f016607,1,13,2309130013,ZARA 서면점
f_f016607,1,14,2309130014,에이치디
f_f016607,1,15,2309130015,코엔 클루
f_f016607,1,16,2309130016,서면 남녀공학
f_f016607,1,17,2309130017,원트
f_f016607,1,18,2309130018,올리브영 서면 타운점
f_f016607,1,19,2309130019,다대포해수욕장
f_f016607,1,20,2309130020,롯데리아 부산 다대포점
f_f016607,1,21,2309130023,해운대 시외버스정류소
f_f016607,1,22,2309130021,광안리해수욕장
f_f016607,1,23,2309130022,집
f_f016611,1,1,2309140001,집
f_f016611,1,2,2309140002,하조대해수욕장
f_f016611,1,3,2309140003,싱글핀에일웍스
f_f016611,1,4,2309140004,7드라이브인
f_f016611,1,5,2309140005,집
f_f016612,1,1,2309180001,집
f_f016612,1,2,2309180002,삼정 타워
f_f016612,1,3,2309180003,NC백화점 서면점
f_f016612,1,4,2309180004,퍼프 베이커리
f_f016612,1,5,2309180005,고메
f_f016612,1,6,2309180006,빕스 부산 W 스퀘어점
f_f016612,1,7,2309180007,국제시장
f_f016612,1,8,2309180009,부평 깡통시장
f_f016612,1,9,2309180008,집
f_f016622,1,1,2309130001,집
f_f016622,1,2,2309130002,롯데 프리미엄 아웃렛 동부산점
f_f016622,1,3,2309130003,이케아 동부산점
f_f016622,1,4,2309130004,롯데월드 어드벤처 부산
f_f016622,1,5,2309130005,집
f_f016624,1,1,2309140001,집
f_f016624,1,2,2309140002,지인 사무실
f_f016624,1,3,2309140003,김복희 왕 대구뽈 찜 강동점
f_f016624,1,4,2309140004,모다 아웃렛 경주 포항점
f_f016624,1,5,2309140005,형산강
f_f016624,1,6,2309140006,첨성대
f_f016624,1,7,2309140007,집
f_f016628,1,1,2309170001,집
f_f016628,1,2,2309170002,김유정역 (폐역)
f_f016628,1,3,2309170003,김유정문학촌
f_f016628,1,4,2309170004,진보 닭갈비
f_f016628,1,5,2309170005,춘천 삼악산 호수 케이블카
f_f016628,1,6,2309170006,카페 카빈
f_f016628,1,7,2309170007,소양강 스카이워크
f_f016628,1,8,2309170008,소양강 처녀상
f_f016628,1,9,2309170009,남촌 막국수
f_f016628,1,10,2309170010,집
f_f016632,1,1,2309180001,집
f_f016632,1,2,2309180002,경주 시외버스터미널
f_f016632,1,3,2309180003,녹수 식당
f_f016632,1,4,2309180006,어서어서
f_f016632,1,5,2309180004,향미사
f_f016632,1,6,2309180005,대릉원
f_f016632,1,7,2309180007,커피 플레이스
f_f016632,1,8,2309180008,불국사
f_f016632,1,9,2309180009,월정교
f_f016632,1,10,2309180010,료코
f_f016632,1,11,2309180011,황남빵
f_f016632,1,12,2309180012,집
f_f016635,1,1,2309180001,집
f_f016635,1,2,2309180002,태백산
f_f016635,1,3,2309180003,태백산 보석사우나
f_f016635,1,4,2309180004,김서방네 닭갈비
f_f016635,1,5,2309180005,황지공원 황지연못
f_f016635,1,6,2309180006,구문소
f_f016635,1,7,2309180007,몽토랑산양목장
f_f016635,1,8,2309180008,집
f_f016639,1,1,2309130001,집
f_f016639,1,2,2309130003,진주역
f_f016639,1,3,2309130004,창원중앙역
f_f016639,1,4,2309130005,경남도립미술관
f_f016639,1,5,2309130006,다이소 창원 반송시장점
f_f016639,1,6,2309130007,컴포즈커피 창원 용지점
f_f016639,1,7,2309130008,창원 가로수 길
f_f016639,1,8,2309130009,회류 떡방
f_f016639,1,9,2309130010,용지공원 용지호수 공원
f_f016639,1,10,2309130011,블루샥 창원 시청점
f_f016639,1,11,2309130012,창원중앙역
f_f016639,1,12,2309130013,진주역
f_f016639,1,13,2309130002,집
f_f016650,1,1,2309180001,집
f_f016650,1,2,2309180002,삼악산
f_f016650,1,3,2309180003,명가 막국수
f_f016650,1,4,2309180004,댄싱 카페인
f_f016650,1,5,2309180005,서울 방배 경찰서
f_f016654,1,1,2309160001,친구 친지 집
f_f016654,1,2,2309160002,남정 부일 기사식당
f_f016654,1,3,2309160003,대릉원
f_f016654,1,4,2309160004,소하 염전 경주
f_f016654,1,5,2309160005,황련단길
f_f016654,1,6,2309160006,첨성대
f_f016654,1,7,2309160007,은가람빌
f_f016655,1,1,2309130001,집
f_f016655,1,2,2309130002,무진장
f_f016655,1,3,2309130003,고려동 유적지
f_f016655,1,4,2309130004,함안 연꽃테마파크
f_f016655,1,5,2309130005,함안 입곡 군립 공원 아라 힐링카페 무빙 보트
f_f016655,1,6,2309130006,무진 전돌 짜장
f_f016655,1,7,2309130007,함안박물관
f_f016655,1,8,2309130008,악양 독방
f_f016655,1,9,2309130009,함안 풀빵 마틴
f_f016655,1,10,2309130010,집
f_f016656,1,1,2309150001,집
f_f016656,1,2,2309150006,봉곡 주유소
f_f016656,1,3,2309150002,단성 시장
f_f016656,1,4,2309150003,단성 갈비 한우플라자
f_f016656,1,5,2309150004,목화 시 배 유지
f_f016656,1,6,2309150005,남사예담촌
f_f016656,1,7,2309150007,단성묵곡생태숲
f_f016656,1,8,2309150008,집
f_f016659,1,1,2309180001,집
f_f016659,1,2,2309180002,서울고속버스터미널(경부)
f_f016659,1,3,2309180003,속초 고속버스터미널
f_f016659,1,4,2309180004,속초 항아리 물회
f_f016659,1,5,2309180005,신흥사
f_f016659,1,6,2309180006,속초해수욕장
f_f016659,1,7,2309180007,속초관광수산시장
f_f016659,1,8,2309180008,집
f_f016664,1,1,2309170001,집
f_f016664,1,2,2309170003,파리바게뜨 대구 수천 점
f_f016664,1,3,2309170004,보현산댐 짚와이어
f_f016664,1,4,2309170005,보현산댐 출렁다리
f_f016664,1,5,2309170006,더 브리지
f_f016664,1,6,2309170007,보현산천문과학관
f_f016664,1,7,2309170008,명륜 진사 갈비 경북 영천점
f_f016664,1,8,2309170002,집
f_f016665,1,1,2309130001,집
f_f016665,1,2,2309130002,대구역
f_f016665,1,3,2309130003,부산역
f_f016665,1,4,2309130004,국제시장
f_f016665,1,5,2309130005,부평 깡통시장
f_f016665,1,6,2309130006,BIFF 거리
f_f016665,1,7,2309130007,부일 카 서비스
f_f016665,1,8,2309130008,런닝맨 부산점
f_f016665,1,9,2309130009,송정 삼대 국밥
f_f016665,1,10,2309130010,광안리해수욕장
f_f016665,1,11,2309130011,부산역
f_f016665,1,12,2309130012,집
f_f016671,1,1,2309160001,집
f_f016671,1,2,2309160003,국시 집
f_f016671,1,3,2309160004,이웃집 수달
f_f016671,1,4,2309160005,커피명가 본
f_f016671,1,5,2309160006,선 스포츠 플라자 볼링장
f_f016671,1,6,2309160007,소문난 옛날 손 오색쌀 찐만두
f_f016671,1,7,2309160002,집
f_f016676,1,1,2309180001,사무실
f_f016676,1,2,2309180003,신비 숲 X 가든
f_f016676,1,3,2309180004,오슬로 파크 양산점
f_f016676,1,4,2309180005,디자인공원
f_f016676,1,5,2309180006,친구 집
f_f016676,1,6,2309180002,집
f_f016679,1,1,2309160001,집
f_f016679,1,2,2309160002,대구 서부정류장
f_f016679,1,3,2309160003,경주 시외버스터미널
f_f016679,1,4,2309160004,아스테리아 밀즈 경주점
f_f016679,1,5,2309160005,대릉원
f_f016679,1,6,2309160006,첨성대
f_f016679,1,7,2309160007,대릉원
f_f016679,1,8,2309160008,아덴
f_f016679,1,9,2309160009,황련단길
f_f016679,1,10,2309160010,본전막포 본점
f_f016679,1,11,2309160011,경주 시외버스터미널
f_f016679,1,12,2309160012,집
f_f016683,1,1,2309170001,집
f_f016683,1,2,2309170003,우렁각시 쌈밥
f_f016683,1,3,2309170004,국립경주박물관
f_f016683,1,4,2309170005,어마 무시
f_f016683,1,5,2309170006,대화 만두 항리 단점
f_f016683,1,6,2309170007,황남 공영주차장
f_f016683,1,7,2309170002,집
f_f016684,1,1,2309180001,집
f_f016684,1,2,2309180003,스파 더 스페이스
f_f016684,1,3,2309180004,백중기와야순두부 유산 본점
f_f016684,1,4,2309180005,브라운 핸즈 마산점
f_f016684,1,5,2309180006,장롱 수산 본점
f_f016684,1,6,2309180002,해운대 해변로 115
f_f016686,1,1,2309160001,집
f_f016686,1,2,2309160002,국립춘천 박물관
f_f016686,1,3,2309160003,리버 레인 카페
f_f016686,1,4,2309160004,방콕 66
f_f016686,1,5,2309160005,집
f_f016689,1,1,2309140001,집
f_f016689,1,2,2309140002,친척 어르신 댁
f_f016689,1,3,2309140003,해병대 군부대 앞
f_f016689,1,4,2309140004,더신촌스덮죽
f_f016689,1,5,2309140005,환호공원 스페이스 워크
f_f016689,1,6,2309140006,스페이스 카페
f_f016689,1,7,2309140007,오어사
f_f016689,1,8,2309140008,기림사
f_f016689,1,9,2309140009,집
f_f016691,1,1,2309160001,집
f_f016691,1,2,2309160002,서부 시장
f_f016691,1,3,2309160003,베이글 베이 글러
f_f016691,1,4,2309160004,놋점들
f_f016691,1,5,2309160005,국립경주박물관
f_f016691,1,6,2309160006,수협 활어직판장
f_f016691,1,7,2309160007,경주 문무대왕릉
f_f016691,1,8,2309160008,교리 김밥 봉황대점
f_f016691,1,9,2309160009,집
f_f016700,1,1,2309150001,집
f_f016700,1,2,2309150002,부산 현대미술관
f_f016700,1,3,2309150003,낙동강문화관
f_f016700,1,4,2309150004,낙동강 하굿둑 전망대
f_f016700,1,5,2309150005,스타필드 시티 명지
f_f016700,1,6,2309150006,아이스크림 할인점 구산점
f_f016700,1,7,2309150007,집
f_f016703,1,1,2309170001,집
f_f016703,1,2,2309170003,소양강 스카이워크
f_f016703,1,3,2309170004,레고랜드 코리아리조트
f_f016703,1,4,2309170005,명동 1번지 닭갈비
f_f016703,1,5,2309170002,집
f_f016705,1,1,2309180001,집
f_f016705,1,2,2309180004,마라도 회 식당
f_f016705,1,3,2309180003,영일대해수욕장
f_f016705,1,4,2309180005,영천 휴게소 대구방향
f_f016705,1,5,2309180006,탐 앤탐스 영천 휴게소점
f_f016705,1,6,2309180002,집
f_f016718,1,1,2309160001,집
f_f016718,1,2,2309160002,감자바위 옹심이 칼국수
f_f016718,1,3,2309160003,영월 한옥카페 팔괴리
f_f016718,1,4,2309160004,영월 서부시장
f_f016718,1,5,2309160005,집
f_f016722,1,1,2309160001,집
f_f016722,1,2,2309160003,소양강댐 정상 주차장
f_f016722,1,3,2309160004,큰 지붕 닭갈비
f_f016722,1,4,2309160005,국립춘천 박물관
f_f016722,1,5,2309160006,카페 감자밭 본점
f_f016722,1,6,2309160002,집
f_f016724,1,1,2309140001,친구 친지 집
f_f016724,1,2,2309140013,섬강길
f_f016724,1,3,2309140002,횡성한우 체험관
f_f016724,1,4,2309140004,횡성 시네마
f_f016724,1,5,2309140005,횡성문화 예술 회관
f_f016724,1,6,2309140006,횡성 군립 도서관
f_f016724,1,7,2309140007,횡성문화 체육공원
f_f016724,1,8,2309140008,용둔 막국수
f_f016724,1,9,2309140009,주천강
f_f016724,1,10,2309140010,면사무소 앞 안흥찐빵
f_f016724,1,11,2309140011,예쁜 카페
f_f016724,1,12,2309140012,CU 횡성 안흥점
f_f016724,1,13,2309140014,횡성전통시장 주차장 근처 길가
f_f016724,1,14,2309140003,친구 집
f_f016725,1,1,2309160001,집
f_f016725,1,2,2309160002,가나안덕 대구 칠곡점
f_f016725,1,3,2309160003,유타 커피 라운지
f_f016725,1,4,2309160004,대현 뜨란채 아파트
f_f016727,1,1,2309160001,집
f_f016727,1,2,2309160002,용한 1리 해수욕장
f_f016727,1,3,2309160003,싱싱 생선구이
f_f016727,1,4,2309160004,카페 빈 땅
f_f016727,1,5,2309160006,미 노스 서프 부산본점
f_f016727,1,6,2309160007,문수산 더 숍 아파트
f_f016727,1,7,2309160005,집
f_f016728,1,1,2309170001,집
f_f016728,1,2,2309170002,김해 낙동강 레일파크 와인동굴
f_f016728,1,3,2309170003,우화 한 식당
f_f016728,1,4,2309170004,신세계백화점 김해점
f_f016728,1,5,2309170005,집
f_f016733,1,1,2309150001,집
f_f016733,1,2,2309150003,대구미술관
f_f016733,1,3,2309150004,도마 29
f_f016733,1,4,2309150005,롤러 커피
f_f016733,1,5,2309150007,레브 슈프레
f_f016733,1,6,2309150002,집
f_f016740,1,1,2309160001,집
f_f016740,1,2,2309160002,김용 별천지
f_f016740,1,3,2309160003,문경오미자 테마 터널
f_f016740,1,4,2309160004,채가 네 들깨 국수
f_f016740,1,5,2309160005,집
f_f016741,1,1,2309170001,집
f_f016741,1,2,2309170003,별내역
f_f016741,1,3,2309170004,춘천 스카이워크
f_f016741,1,4,2309170005,스카이워크 닭갈비 막국수
f_f016741,1,5,2309170006,맘 인 더 가든 스카이워크점
f_f016741,1,6,2309170007,김유정문학촌
f_f016741,1,7,2309170002,집
f_f016762,1,1,2309180001,집
f_f016762,1,2,2309180003,삼부연폭포
f_f016762,1,3,2309180004,철원 막국수
f_f016762,1,4,2309180005,단풍 도넛
f_f016762,1,5,2309180006,철원 한탄강 주상절리길
f_f016762,1,6,2309180007,고석정 꽃밭
f_f016762,1,7,2309180008,고석정 국민관광지
f_f016762,1,8,2309180009,성환 식당
f_f016762,1,9,2309180002,집
f_f016765,1,1,2309150001,집
f_f016765,1,2,2309150002,구미역
f_f016765,1,3,2309150003,대구역
f_f016765,1,4,2309150004,대구읍성 상징 조형물
f_f016765,1,5,2309150005,북 성공 후 골목
f_f016765,1,6,2309150006,경상감영공원
f_f016765,1,7,2309150007,오드 피시
f_f016765,1,8,2309150008,대구 동성로 관광안내소
f_f016765,1,9,2309150009,홈스 앤 루팡 동성로점
f_f016765,1,10,2309150010,토이도
f_f016765,1,11,2309150011,탑텐 동성로 중앙점
f_f016765,1,12,2309150012,대구 프리마켓
f_f016765,1,13,2309150013,코닥 어패럴 동성로 직영점
f_f016765,1,14,2309150014,멘트야 산다 이 메 동성로점
f_f016765,1,15,2309150015,왕과 탕후루 대구 동성로점
f_f016765,1,16,2309150016,대현프리몰 대구점
f_f016765,1,17,2309150018,2.28기념중앙공원
f_f016765,1,18,2309150019,대구역
f_f016765,1,19,2309150020,구미역
f_f016765,1,20,2309150017,집
f_f016766,1,1,2309190001,집
f_f016766,1,2,2309190002,동서울 종합터미널
f_f016766,1,3,2309190003,속초 시외버스터미널
f_f016766,1,4,2309190004,뚝배기 섭국
f_f016766,1,5,2309190005,고성 왕곡마을
f_f016766,1,6,2309190006,송지호해수욕장
f_f016766,1,7,2309190007,WARUNGANAHA
f_f016766,1,8,2309190008,송지호해수욕장
f_f016766,1,9,2309190009,피움 아트센터
f_f016766,1,10,2309190010,능파대
f_f016766,1,11,2309190011,완벽한 날들
f_f016766,1,12,2309190012,속초 시외버스터미널
f_f016766,1,13,2309190013,동서울 종합터미널
f_f016766,1,14,2309190014,집
f_f016767,1,1,2309160001,집
f_f016767,1,2,2309160002,산마루 식당
f_f016767,1,3,2309160003,가야산 역사신화공원
f_f016767,1,4,2309160004,가야 블루밍 카페
f_f016767,1,5,2309160005,판도라의상자
f_f016767,1,6,2309160006,정견 고시원(정경대 주차장)
f_f016767,1,7,2309160007,집
f_f016772,1,1,2309180001,친구 친지 집
f_f016772,1,2,2309180002,울산역
f_f016772,1,3,2309180003,나해 돌솥밥
f_f016772,1,4,2309180004,태화강 국가 정원 3공영주차장
f_f016772,1,5,2309180005,젊음의 거리
f_f016772,1,6,2309180007,태화강
f_f016772,1,7,2309180006,뉴코아백화점
f_f016772,1,8,2309180008,울산역
f_f016772,1,9,2309180009,동보 하이빌아파트
f_f016773,1,1,2309160001,집
f_f016773,1,2,2309160003,다이소 부산 애플 아웃렛점
f_f016773,1,3,2309160004,합천 일류 돼지국밥 사상점
f_f016773,1,4,2309160005,차선책
f_f016773,1,5,2309160006,황소
f_f016773,1,6,2309160007,광안리해수욕장
f_f016773,1,7,2309160008,여가 거가 광안리
f_f016773,1,8,2309160002,집
f_f016775,1,1,2309170001,집
f_f016775,1,2,2309170002,칠곡 호국평화기념관
f_f016775,1,3,2309170003,언덕 위에 봄날
f_f016775,1,4,2309170005,약목 중학교
f_f016775,1,5,2309170004,박기환 베이커리
f_f016775,1,6,2309170006,집
f_f016776,1,1,2309160001,집
f_f016776,1,2,2309160002,주앙
f_f016776,1,3,2309160003,트와엣모아
f_f016776,1,4,2309160004,집
f_f016784,1,1,2309160001,집
f_f016784,1,2,2309160003,보릿돌교
f_f016784,1,3,2309160004,마라도 회 식당
f_f016784,1,4,2309160005,환호공원 스페이스 워크
f_f016784,1,5,2309160006,포항스틸야드 E 구역
f_f016784,1,6,2309160002,집
f_f016785,1,1,2309160001,집
f_f016785,1,2,2309160002,양지 식당
f_f016785,1,3,2309160004,놋점들
f_f016785,1,4,2309160003,스컹크 웍스
f_f016785,1,5,2309160005,어서어서
f_f016785,1,6,2309160006,탁
f_f016785,1,7,2309160007,빼돌린 뒷고기
f_f016785,1,8,2309160008,집
f_f016787,1,1,2309170001,친구 친지 집
f_f016787,1,2,2309170003,양산 주유소
f_f016787,1,3,2309170004,맛 길면 옥
f_f016787,1,4,2309170005,레마 프레소 본점
f_f016787,1,5,2309170007,야돈부리
f_f016787,1,6,2309170006,가산 수변공원
f_f016787,1,7,2309170002,개금주공 2단지 아파트
f_f016789,1,1,2309160001,집
f_f016789,1,2,2309160002,클라임 투게더
f_f016789,1,3,2309160003,착한소샤브샤브
f_f016789,1,4,2309160004,스톤 크릭
f_f016789,1,5,2309160005,해성 인테리어
f_f016792,1,1,2309180001,집
f_f016792,1,2,2309180003,춘천대첩기념 평화공원
f_f016792,1,3,2309180004,소양강 스카이워크
f_f016792,1,4,2309180005,춘천 중앙시장
f_f016792,1,5,2309180006,춘천사랑 닭갈비 막국수
f_f016792,1,6,2309180007,빵이 가득한 집 춘천 명동점
f_f016792,1,7,2309180008,스토리웨이 남춘천맞이방편의점
f_f016792,1,8,2309180002,집
f_f016795,1,1,2309160001,집
f_f016795,1,2,2309160003,동대구역
f_f016795,1,3,2309160004,구미역
f_f016795,1,4,2309160005,터미널 약국
f_f016795,1,5,2309160006,쌀
f_f016795,1,6,2309160007,최권수베이커리
f_f016795,1,7,2309160008,금오산 케이블카
f_f016795,1,8,2309160009,해운사
f_f016795,1,9,2309160010,투썸플레이스 구미 안 가고 택점
f_f016795,1,10,2309160011,떴다 저팔계
f_f016795,1,11,2309160012,배원 에너지 주유소
f_f016795,1,12,2309160002,집
f_f016805,1,1,2309160001,집
f_f016805,1,2,2309160003,청도 가마솥 국밥
f_f016805,1,3,2309160004,와인터널
f_f016805,1,4,2309160005,오브제로
f_f016805,1,5,2309160006,청도읍 선
f_f016805,1,6,2309160007,청도향교
f_f016805,1,7,2309160008,시골집
f_f016805,1,8,2309160009,포토 시그니처 동대구 카페거리점
f_f016805,1,9,2309160002,집
f_f016807,1,1,2309170001,집
f_f016807,1,2,2309170003,애니메이션박물관
f_f016807,1,3,2309170004,토담 숯불닭갈비
f_f016807,1,4,2309170005,카페 감자밭 본점
f_f016807,1,5,2309170006,강원 특별 자치도립화목원
f_f016807,1,6,2309170002,집
f_f016808,1,1,2309160001,집
f_f016808,1,2,2309160002,남산 시외버스정류소
f_f016808,1,3,2309160003,부산 서부버스터미널
f_f016808,1,4,2309160004,원조 바다 집
f_f016808,1,5,2309160005,용두산공원
f_f016808,1,6,2309160006,BIFF 광장
f_f016808,1,7,2309160007,스타벅스 BIFF 광장점
f_f016808,1,8,2309160008,꽃분이네
f_f016808,1,9,2309160009,남포지하쇼핑센터
f_f016808,1,10,2309160010,부산 서부버스터미널
f_f016808,1,11,2309160011,대방 2차 덕산 타운 아파트
f_f016809,1,1,2309180001,사무실
f_f016809,1,2,2309180003,홍천 무궁화 수목원
f_f016809,1,3,2309180004,농가맛집
f_f016809,1,4,2309180005,팔봉산관광지
f_f016809,1,5,2309180006,가평휴게소 서울 방향
f_f016809,1,6,2309180002,현대 클러스터 한강 미사 3차
f_f016814,1,1,2309160001,집
f_f016814,1,2,2309160003,석거돈
f_f016814,1,3,2309160004,경주특산 병과의 집 본점
f_f016814,1,4,2309160005,경주 핑크 뮬리 군락지
f_f016814,1,5,2309160006,카페 원더
f_f016814,1,6,2309160007,추억의 달동네
f_f016814,1,7,2309160002,집
f_f016816,1,1,2309180001,집
f_f016816,1,2,2309180002,옛길 박물관
f_f016816,1,3,2309180003,문경새재도립공원
f_f016816,1,4,2309180004,스타벅스 문경새재점
f_f016816,1,5,2309180005,집
f_f016819,1,1,2309170001,집
f_f016819,1,2,2309170003,문경새재도립공원
f_f016819,1,3,2309170004,문경새재 오픈세트장
f_f016819,1,4,2309170002,집
f_f016822,1,1,2309170001,집
f_f016822,1,2,2309170002,진주성
f_f016822,1,3,2309170003,국립진주 박물관
f_f016822,1,4,2309170004,진주중앙시장
f_f016822,1,5,2309170005,로스팅 웨어
f_f016822,1,6,2309170006,집
g_g001687,1,1,2306040001,집
g_g001687,1,2,2306040002,할리스 오창휴게소 통영방향점
g_g001687,1,3,2306040003,금산인삼랜드 휴게소 통영방향
g_g001687,1,4,2306040004,수승대관광지
g_g001687,1,5,2306040005,다우리 밥상
g_g001687,1,6,2306040006,거창 근대 의료 박물관
g_g001687,1,7,2306040007,거창 전통시장
g_g001687,1,8,2306040008,거창 푸드종합센터 1호점
g_g001687,1,9,2306040009,거창 창포원
g_g001687,1,10,2306040010,친지 집(가정집)
g_g001687,2,1,2306050001,채연면옥한우정육식당
g_g001687,2,2,2306050002,코너 커피
g_g001687,2,3,2306050003,거창 허브빌리지
g_g001687,2,4,2306050004,송계사
g_g001687,2,5,2306050005,무주 산골 영화제
g_g001687,2,6,2306050006,집
g_g001917,1,1,2306030001,사무실
g_g001917,1,2,2306030002,동화 면옥 문덕점
g_g001917,1,3,2306030006,꾸르 풀빌라
g_g001917,2,1,2306040001,빌스 4339
g_g001917,2,2,2306040002,까멜리아
g_g001917,2,3,2306040003,하양 금락 우방타운 아파트
g_g007350,1,1,2308300001,집
g_g007350,1,2,2308300002,청량리역
g_g007350,1,3,2308300003,영월역
g_g007350,1,4,2308300005,영월 강변저류지 수변공원
g_g007350,1,5,2308300004,젊은 달 와이 파크
g_g007350,1,6,2308300006,영월 관광센터
g_g007350,1,7,2308300007,태백산 보덕사
g_g007350,1,8,2308300008,영월문화 재단
g_g007350,1,9,2308300009,만선 식당
g_g007350,1,10,2308300010,영월역
g_g007350,1,11,2308300011,청량리역
g_g007350,1,12,2308300012,집
g_g007968,1,1,2309120001,집
g_g007968,1,2,2309120003,클레이아크 김해미술관
g_g007968,1,3,2309120004,하루 담
g_g007968,1,4,2309120005,카츠 토다이
g_g007968,1,5,2309120006,카페 탱자
g_g007968,1,6,2309120007,국립김해 박물관
g_g007968,1,7,2309120008,수로왕릉
g_g007968,1,8,2309120009,레안 타이
g_g007968,1,9,2309120002,집
g_g009803,1,1,2309090001,집
g_g009803,1,2,2309090002,계림 규동
g_g009803,1,3,2309090003,동네 점방
g_g009803,1,4,2309090004,어마무시 황리단길점
g_g009803,1,5,2309090005,황박사 경주쫀듸기
g_g009803,1,6,2309090008,오홀리데이
g_g009803,1,7,2309090010,국보 31호
g_g009803,1,8,2309090011,첨성대
g_g009803,1,9,2309090012,경주월드
g_g009803,1,10,2309090013,조가네 떡갈비 쌈밥
g_g009803,1,11,2309090014,집
