area,status,error,keyword,title,contentid,contenttypeid,addr1,addr2,mapx,mapy
부산,ok,,4242 샌드위치,,,,,,,
부산,ok,,BIFF 거리,,,,,,,
부산,ok,,BIFF 광장,BIFF 광장,127488,12,부산광역시 중구 구덕로 지하44 (남포동5가),,129.032004281096,35.0980089584166
부산,ok,,BNK 부산은행 아트시네마,BNK부산은행아트시네마 모퉁이극장,3345026,14,부산광역시 중구 광복중앙로 13 (신창동1가),3층,129.030797,35.100515
부산,ok,,CU 당리 반도보라점,,,,,,,
부산,ok,,F1963,F1963,2456767,12,부산광역시 수영구 구락로123번길 20,,129.1154850253,35.1767449923
부산,ok,,KBS 부산홀,,,,,,,
부산,ok,,KTG 상상마당 부산,KT&G 상상마당 부산,4011128,38,부산광역시 부산진구 서면로 39 (부전동),,129.057302821914,35.1542714950768
부산,ok,,KTG 상상마당 부산 (오시고 사진전 전시관),KT&G 상상마당 부산,4011128,38,부산광역시 부산진구 서면로 39 (부전동),,129.057302821914,35.1542714950768
부산,ok,,LUFT MANSION (루프트 맨션),루프트 & 루프트맨션,4011143,38,부산광역시 부산진구 서전로46번길 56 (전포동),1층,129.064734346644,35.1551542387402
부산,ok,,NC백화점 부산대점,NC백화점 부산대점,2931065,38,부산광역시 금정구 부산대학로63번길 2 (장전동),,129.08382445362,35.2322427971605
부산,ok,,NC백화점 서면점,,,,,,,
부산,ok,,NC백화점 해운대점,,,,,,,
부산,ok,,OCT4,,,,,,,
부산,ok,,TROUBADOUR 서면점,TROUBADOUR 서면점,2931381,38,부산광역시 부산진구 중앙대로692번길 31 (부전동),1층,129.060918578681,35.1547226915831
부산,ok,,W 스퀘어,,,,,,,
부산,ok,,YES24 중고서점 부산 서면점,,,,,,,
부산,ok,,YES24 중고서점 수영 F1963점,,,,,,,
부산,ok,,ZARA 롯데 센텀시티점,,,,,,,
부산,ok,,가야 밀면,,,,,,,
부산,ok,,개미집,개미집 본점,2609623,39,부산광역시 중구 중구로30번길 21-1 (신창동2가),,129.0301203552,35.1007609882
부산,ok,,개미집 광안리 본점,,,,,,,
부산,ok,,개미집 광안리점,,,,,,,
부산,ok,,개미집 송도점,,,,,,,"   "
부산,ok,,거인 통닭,,,,,,,
부산,ok,,겐트 베이커리 동부산점,,,,,,,
부산,ok,,겪이,,,,,,,
부산,ok,,고메,고메돈까스,2765466,39,인천광역시 계양구 서부간선로 257,(박촌동),126.7478646372,37.5537738354
부산,ok,,고메,제2회 고메 잇 강남,3524418,15,서울특별시 강남구 영동대로 513 (삼성동),,127.0592179950,37.5119175967
부산,ok,,고메 밀면,,,,,,,
부산,ok,,고메 밀면 해운대점,,,,,,,
부산,ok,,고신대학교 복음 병원,,,,,,,
부산,ok,,고향 연화,고향연화,2785272,39,부산광역시 기장군 기장읍 연화길 33-8,,129.2245979306,35.2172384782
부산,ok,,공원 집,공원집,2869241,39,부산광역시 부산진구 가야공원로 83-12 (가야동),,129.0290835698,35.1457178671
부산,ok,,공차 부산 사직점,,,,,,,
부산,ok,,광안리 해변 테마거리,광안리해변 테마거리,127925,12,부산광역시 수영구 민락동,(민락동),129.1221363273,35.155165750
부산,ok,,광안리해수욕장,광안리해수욕장,126078,12,부산광역시 수영구 광안해변로 219 (광안동),,129.1189760936,35.1531932737
부산,ok,,광안리해양레포츠센터,광안리 해양레포츠센터,2991028,28,부산광역시 수영구 광안해변로54번길 222 광안리 해양레포츠센터,,129.1153538300,35.1461832972
부산,ok,,광어골 왕칼국수,,,,,,,
부산,ok,,교대역 동해선,,,,,,,
부산,ok,,교보문고 부산점,,,,,,,
부산,ok,,구덕포끝집고기 송정점,구덕포끝집고기,2859073,39,부산광역시 해운대구 송정구덕포길 178,,129.1968878084,35.1680045876
부산,ok,,구포시장,구포시장,1250885,38,부산광역시 북구 구포시장2길 7 (구포동),,129.0037896031,35.2087575605
부산,ok,,국립 수산과학관,국립수산과학관,130606,14,부산광역시 기장군 기장읍 기장해안로 216,,129.222283006461,35.1911175293689
부산,ok,,국립 일제 강제 동원 역사관,국립일제강제동원역사관,2551424,14,부산광역시 남구 홍곡로320번길 100,,129.0918442401,35.1242840580
부산,ok,,국립 해양 박물관,국립해양박물관,1825843,14,부산광역시 영도구 해양로301번길 45,,129.080291027424,35.0785003395095
부산,ok,,국립부산과학관,국립부산과학관,2385666,14,부산광역시 기장군 기장읍 동부산관광6로 59,,129.212686302171,35.2045740978071
부산,ok,,국제시장,국제시장,132191,38,부산광역시 중구 신창로4가 일원,,129.0285792599,35.1016422372
부산,ok,,국제시장 먹자골목,국제시장 먹자골목,1018702,12,부산광역시 중구 중구로 36,,129.0280793175,35.1011311741
부산,ok,,굿올데이저카페,굿올데이즈카페,3334005,39,부산광역시 중구 중앙대로41번길 5 (중앙동1가),,129.03588642585257,35.10111766810905
부산,ok,,굿윌스토어 부산 다대점,,,,,,,
부산,ok,,그 숲 동래점,,,,,,,
부산,ok,,금강공원,금강공원,127445,12,부산광역시 동래구 우장춘로 155,,129.0761907705,35.2199956286
부산,ok,,금강공원 금강 케이블카,,,,,,,
부산,ok,,금송덕미 행리단길점,,,,,,,
부산,ok,,금수복국 해운대본점,금수복국 해운대본점,2778487,39,부산광역시 해운대구 중동1로43번길 23,,129.1645185529,35.1624573857
부산,ok,,기사야 동부산 미식일 상점,,,,,,,
부산,ok,,기장 손칼국수,기장손칼국수,2933698,39,부산광역시 부산진구 서면로 56,,129.0583,35.155499
부산,ok,,김밥천국,,,,,,,
부산,ok,,깃발 집 미주구리 물회,깃발집 국수전골,2789451,39,부산광역시 동래구 온천장로107번길 10,(온천동) 2층,129.0838684194,35.2204771709
부산,ok,,까사 부사로,,,,,,,
부산,ok,,꼬쇼네,,,,,,,
부산,ok,,나뭇잎 마을,,,,,,,
부산,ok,,낙동강하구에코센터,낙동강하구에코센터,630874,12,부산광역시 사하구 낙동남로 1240,,128.945866728608,35.1043892335363
부산,ok,,난파선,,,,,,,
부산,ok,,남포지하쇼핑센터,,,,,,,
부산,ok,,내호냉면,부산 내호냉면,2791482,39,부산광역시 남구 우암번영로26번길 17,,129.070837803253,35.1264778515291
부산,ok,,너도,,,,,,,
부산,ok,,노아스 로스팅 롯데백화점 부산본점,,,,,,,
부산,ok,,노티스 부산 해운대,,,,,,,
부산,ok,,노포역 부산 1호선,,,,,,,
부산,ok,,녹아들다 록 카페,,,,,,,
부산,ok,,녹아웃,,,,,,,
부산,ok,,농축산 마트 광안 쌍용점,,,,,,,
부산,ok,,다대포 돌 짜장,,,,,,,
부산,ok,,다대포 해변공원,,,,,,,
부산,ok,,다대포해수욕장,다대포해수욕장,126079,12,부산광역시 사하구 몰운대1길 14,,128.963151,35.046247
부산,ok,,다솥맛집 송정점,다솥맛집,2785275,39,부산광역시 해운대구 송정광어골로 29 (송정동),,129.1979263154,35.1786034198
부산,ok,,다이소 부산 애플 아웃렛점,,,,,,,
부산,ok,,달래해 장 광안리점,,,,,,,
부산,ok,,담아 가다,,,,,,,
부산,ok,,당리역 부산 1호선,,,,,,,
부산,ok,,대건 명가,,,,,,,
부산,ok,,대변항,,,,,,,
부산,ok,,대연 성당,,,,,,,
부산,ok,,대천천 누리길,,,,,,,
부산,ok,,더 벤티 다대포점,,,,,,,
부산,ok,,더 소가 카페 달맞이점,,,,,,,
부산,ok,,더 하운드 호텔,,,,,,,
부산,ok,,더도 이 종갓집 돼지국밥 본점 주차장,,,,,,,
부산,ok,,더베이 11,더베이101,2350092,12,부산광역시 해운대구 동백로 52 (우동),,129.1520693211,35.1565836936
부산,ok,,더파티 시청점,,,,,,,
부산,ok,,데이오프데이,,,,,,,
부산,ok,,데판킹 스테이크하우스,,,,,,,
부산,ok,,도널드,,,,,,,
부산,ok,,돈가스 예찬,,,,,,,
부산,ok,,동구문화 플랫폼,,,,,,,
부산,ok,,동백 섬,해운대 동백섬,987810,12,부산광역시 해운대구 동백로 67,(우동) 일대,129.1521809693,35.1539914380
부산,ok,,동백섬,해운대 동백섬,987810,12,부산광역시 해운대구 동백로 67,(우동) 일대,129.1521809693,35.1539914380
부산,ok,,동생말,이기대공원 동생말전망대,3008128,12,부산광역시 남구 용호동 산1,,129.121151,35.13191
부산,ok,,드래그 하우스,,,,,,,
부산,ok,,드림시어터,,,,,,,
부산,ok,,디아나,,,,,,,
부산,ok,,디원 베이커리 카페,,,,,,,
부산,ok,,딥 플로어 커피,,,,,,,
부산,ok,,땅뫼산,땅뫼산,2675011,12,부산광역시 금정구 오륜대로 260-1,,129.1174425369,35.2472747896
부산,ok,,또 시아,또시아,2858292,39,부산광역시 영도구 절영로 6,,129.040330441764,35.0936672539924
부산,ok,,뚜레쥬르 해운대 중동점,,,,,,,
부산,ok,,라 발스 스카이카페 바,,,,,,,
부산,ok,,라발 그 호텔,,,,,,,
부산,ok,,라온 웨딩홀,,,,,,,
부산,ok,,라이언 홀리데이 인 부산,,,,,,,
부산,ok,,랑데자뷰 해운대점,,,,,,,
부산,ok,,랜디스 도넛 광안리점,,,,,,,
부산,ok,,런닝맨 부산점,,,,,,,
부산,ok,,로열 경양식 스테이크 광안점,,,,,,,
부산,ok,,로우 앤스 웃,,,,,,,
부산,ok,,로제 이브 커피 스페셜티 본점,,,,,,,
부산,ok,,롯데 프리미엄 아웃렛 동부산점,,,,,,,
부산,ok,,롯데마트 광복점,,,,,,,
부산,ok,,롯데마트 동부산점,토이저러스 롯데마트 동부산점,4008037,38,부산광역시 기장군 기장읍 기장해안로 147,3층,129.212495349946,35.1923229796397
부산,ok,,롯데몰 메종 동부산,포트메리온 롯데몰 메종 동부산점,2911916,38,부산광역시 기장군 기장읍 동부산관광로 8,,129.214956053184,35.1928254119026
부산,ok,,롯데백화점 광복점,갤럭시 롯데백화점 광복점,2917484,38,부산광역시 중구 중앙대로 2 (중앙동7가),6층,129.036632251021,35.0979848964696
부산,ok,,롯데백화점 광복점,갤럭시라이프스타일 롯데백화점 광복점,2922433,38,부산광역시 중구 중앙대로 2 (중앙동7가),6층,129.036632251021,35.0979848964696
부산,ok,,롯데백화점 광복점,골든듀 롯데백화점 광복점,2906050,38,부산광역시 중구 중앙대로 2 (중앙동7가),1층,129.036632251021,35.0979848964696
부산,ok,,롯데백화점 광복점,골프존마켓 롯데백화점 광복점,4011275,38,부산광역시 중구 중앙대로 2 (중앙동7가),4층,129.036632251021,35.0979848964696
부산,ok,,롯데백화점 광복점,까르띠에 롯데백화점 광복점,4011270,38,부산광역시 중구 중앙대로 2 (중앙동7가),1층,129.036632251021,35.0979848964696
부산,ok,,롯데백화점 광복점,나이키 라이즈 롯데백화점 광복점,2922536,38,부산광역시 중구 중앙대로 2 (중앙동7가),5층,129.036632251021,35.0979848964696
부산,ok,,롯데백화점 광복점,난닝구 롯데백화점 광복점,2899905,38,부산광역시 중구 중앙대로 2 (중앙동7가),1층,129.036632251021,35.0979848964696
부산,ok,,롯데백화점 광복점,룩옵티컬 롯데백화점 광복점,2902263,38,부산광역시 중구 중앙대로 2 (중앙동7가),3층,129.036632251021,35.0979848964696
부산,ok,,롯데백화점 광복점,마에스트로 롯데백화점 광복점,2909881,38,부산광역시 중구 중앙대로 2 (중앙동7가),6층,129.036632251021,35.0979848964696
부산,ok,,롯데백화점 광복점,망고 롯데백화점 광복점,2915228,38,부산광역시 중구 중앙대로 2 (중앙동7가),3층,129.036632251021,35.0979848964696
부산,ok,,롯데백화점 광복점,미쏘 롯데백화점 광복점,2913150,38,부산광역시 중구 중앙대로 2 (중앙동7가),4층,129.036632251021,35.0979848964696
부산,ok,,롯데백화점 광복점,미우미우 롯데백화점 광복점,2911438,38,부산광역시 중구 중앙대로 2 (중앙동7가),1층,129.036632251021,35.0979848964696
부산,ok,,롯데백화점 광복점,반에이크 롯데백화점 광복점,4026595,38,부산광역시 중구 중앙대로 2 (중앙동7가),3층,129.036632251021,35.0979848964696
부산,ok,,롯데백화점 광복점,버버리 롯데백화점 광복점,2911446,38,부산광역시 중구 중앙대로 2 (중앙동7가),1층,129.036632251021,35.0979848964696
부산,ok,,롯데백화점 광복점,삼성스토어 롯데백화점 광복점,2923050,38,부산광역시 중구 중앙대로 2 (중앙동7가),8층,129.036632251021,35.0979848964696
부산,ok,,롯데백화점 광복점,스케쳐스 롯데백화점 광복점,2911227,38,부산광역시 중구 중앙대로 2 (중앙동7가),5층,129.036632251021,35.0979848964696
부산,ok,,롯데백화점 광복점,스톤헨지 롯데백화점 광복점,4026594,38,부산광역시 중구 중앙대로 2 (중앙동7가),1층,129.036632251021,35.0979848964696
부산,ok,,롯데백화점 광복점,아디다스 롯데백화점 광복점,4011271,38,부산광역시 중구 중앙대로 2 (중앙동7가),5층,129.036632251021,35.0979848964696
부산,ok,,롯데백화점 광복점,에고이스트 롯데백화점 광복점,2928937,38,부산광역시 중구 중앙대로 2 (중앙동7가),3층,129.036632251021,35.0979848964696
부산,ok,,롯데백화점 광복점,에스티로더 롯데백화점 광복점,4011272,38,부산광역시 중구 중앙대로 2 (중앙동7가),1층,129.036632251021,35.0979848964696
부산,ok,,롯데백화점 부산본점,롯데백화점 부산본점,2908259,38,부산광역시 부산진구 가야대로 772 (부전동),,129.056416218143,35.156789983664
부산,ok,,롯데백화점 부산본점 에비뉴엘 주차장,,,,,,,
부산,ok,,롯데백화점 센텀시티점,롯데백화점 센텀시티점,2917200,38,부산광역시 해운대구 센텀남대로 59 (우동),,129.131069686974,35.1698533549006
부산,ok,,롯데월드 어드벤처 부산,롯데월드 어드벤처 부산,2815627,12,부산광역시 기장군 동부산관광로 42,,129.2129995240,35.1960684107
부산,ok,,롯데호텔 부산,롯데호텔 부산,2894475,38,부산광역시 부산진구 가야대로 772 (부전동),,129.056416218143,35.156789983664
부산,ok,,르네에 떼,,,,,,,
부산,ok,,르컬렉티브 아시리아,,,,,,,
부산,ok,,마이 페이 보릿 쿠키,,,,,,,
부산,ok,,마티에오시리아호텔,,,,,,,
부산,ok,,막창 도둑 이 장정 관점,,,,,,,
부산,ok,,매드독스 해운대 직영점,,,,,,,
부산,ok,,맥도날드 부산 송정 DT 점,,,,,,,
부산,ok,,먹음직 부산 온천천점,,,,,,,
부산,ok,,메가 MGC 커피 부산 경성대점,,,,,,,
부산,ok,,메가 MGC 커피 초량점,,,,,,,
부산,ok,,메가 MGC 커피 해운대 해변점,,,,,,,
부산,ok,,멘무샤 부산 프리미엄 아웃렛점,,,,,,,
부산,ok,,명성 모집,,,,,,,
부산,ok,,모 브랜드 부산 아웃렛점,,,,,,,
부산,ok,,모노 맨션 부산 사상점,,,,,,,
부산,ok,,몰운대,몰운대(부산),2614721,12,부산광역시 사하구 다대동,,128.9701,35.0405
부산,ok,,무브먼트 래 부산,,,,,,,
부산,ok,,물레방아 즉석구이,,,,,,,
부산,ok,,뮤지엄 원,뮤지엄 원,2650801,14,부산광역시 해운대구 센텀서로 20,(우동),129.129031134497,35.1713708789985
부산,ok,,미 소집 조개 마당,,,,,,,
부산,ok,,미노스서프 부산본점,,,,,,,
부산,ok,,미식가의 가락국수 센텀점,,,,,,,
부산,ok,,민락 더 마켓,밀락더마켓,2862152,12,부산광역시 수영구 민락수변로17번길 56,,129.1270373527,35.1542200827
부산,ok,,민락수변공원,민락수변공원,126799,12,부산광역시 수영구 민락동,110-19,129.133,35.1545
부산,ok,,밀란 더 마켓,밀락더마켓,2862152,12,부산광역시 수영구 민락수변로17번길 56,,129.1270373527,35.1542200827
부산,ok,,바게트 양 부산본점,,,,,,,
부산,ok,,바다 위 구름 상점,,,,,,,
부산,ok,,바다마을 과자점,,,,,,,
부산,ok,,바우 노바 커피,,,,,,,
부산,ok,,바이스벌사에스프레소,,,,,,,
부산,ok,,반판,,,,,,,
부산,ok,,밝은 눈 안과병원 부산점,,,,,,,
부산,ok,,방갈로 끝 집,,,,,,,
부산,ok,,백 소장 경성대부경대점,,,,,,,
부산,ok,,뱅가,,,,,,,
부산,ok,,버거 숍 해운대점,,,,,,,
부산,ok,,버거킹 부산 영도 DT 점,,,,,,,
부산,ok,,버거킹 해운대 비치점,,,,,,,
부산,ok,,버릇 식당,올바릇식당 기장본점,2776991,39,부산광역시 기장군 일광면 문오성길 61,,129.259251991223,35.28279909663
부산,ok,,버터럽,,,,,,,
부산,ok,,범어사,범어사(부산),126148,12,부산광역시 금정구 범어사로 250 (청룡동),,129.0702465946,35.2838302944
부산,ok,,베이시스 옵,,,,,,,
부산,ok,,베이크 백,,,,,,,
부산,ok,,베이크 유,,,,,,,
부산,ok,,벡스코,벡스코(BEXCO),130668,14,부산광역시 해운대구 APEC로 55,,129.1363347095,35.1691116738
부산,ok,,벡스코 제2전시장,,,,,,,
부산,ok,,보수동 책방 골목,보수동 책방골목,1608633,12,부산광역시 중구 대청로 67-1,,129.0272841727,35.1031742254
부산,ok,,본전 돼지국밥,,,,,,,
부산,ok,,본죽 부산 다대점,,,,,,,
부산,ok,,봄날,벚꽃 잔치의 최고봉 봄날의 낭만에 취한다.,2044476,25,,,128.6596235763,35.1650783803
부산,ok,,봄날,봄날,2014033,39,충청남도 서산시 부석면 지산철장길 37-7,,126.4073023593,36.6925453845
부산,ok,,봄날,봄날,3080165,39,제주특별자치도 제주시 애월읍 애월로1길 25,,126.30967407544345,33.46245269568173
부산,ok,,봄날,봄날,3469842,32,경상북도 안동시 태화길 91 (태화동),,128.7124966204,36.5602437107
부산,ok,,봄날,봄날 칼국수 보리밥,2891615,39,인천광역시 강화군 길상면 강화동로 113,,126.4922547714,37.6495553888
부산,ok,,봄날,봄날아트홀,3080741,14,서울특별시 종로구 동숭길 39 (동숭동),지하 1층~2층,127.00426530119238,37.57999067069077
부산,ok,,봄날,봄날의 정원 한식당,2891616,39,인천광역시 강화군 선원면 선원사지로 67,,126.5070291097,37.7243497076
부산,ok,,봄날,봄날의 책방,2987044,14,경상남도 통영시 봉수1길 6-1,,128.4154399858,34.8263702490
부산,ok,,봄날,봄날처럼,2730792,28,경상북도 경주시 안강읍 호국로 2522-12,,129.1857995693,35.9971520497
부산,ok,,봄날,엄마의봄날,2870075,39,경기도 김포시 모담공원로 178 (운양동),,126.69774648019279,37.647232176480195
부산,ok,,봄날,한옥스테이 봄날,3102102,32,경상북도 칠곡군 기산면 각산3길 61,,128.3255020889,36.0087909582
부산,ok,,봉래산,봉래산(부산),252563,12,부산광역시 영도구 청학동,,129.0553,35.0822
부산,ok,,부곡 대동 대숲 아파트,,,,,,,
부산,ok,,부산 3층 시래 마을,,,,,,,
부산,ok,,부산 e스포츠 상설 경기장,,,,,,,
부산,ok,,부산 근현대 역사관 별관,,,,,,,
부산,ok,,부산 사직종합운동장,,,,,,,
부산,ok,,부산 사직종합운동장 사직야구장,,,,,,,
부산,ok,,부산 서부버스터미널,,,,,,,
부산,ok,,부산 시민공원,부산시민공원,2663341,12,부산광역시 부산진구 시민공원로 73,(범전동),129.0574000000,35.1681000000
부산,ok,,부산 아시아드 보조경기장,,,,,,,
부산,ok,,부산 아시아드 주경기장,,,,,,,
부산,ok,,부산 현대미술관,부산현대미술관,2605688,14,부산광역시 사하구 낙동남로 1191 부산현대미술관,,128.942691888704,35.1093302595485
부산,ok,,부산 화명수목원,화명수목원,2756696,12,부산광역시 북구 산성로 299,(화명동),129.0426767218,35.2510535364
부산,ok,,부산광역시 체육회 부산실내빙상장,,,,,,,
부산,ok,,부산대학교 부산캠퍼스,,,,,,,
부산,ok,,부산대학교 인문관,,,,,,,
부산,ok,,부산역,라마다 앙코르 바이윈덤 부산역 호텔,2832276,32,부산광역시 동구 중앙대로196번길 10 부산역라마다앙코르호텔,,129.040324318478,35.1142426105222
부산,ok,,부산역,부산역 풍물거리,3016808,12,부산광역시 동구 중앙대로196번길 16-8 (초량동),,129.04066520849508,35.113557930470236
부산,ok,,부산역,올리브영 부산역사점,2923582,38,부산광역시 동구 중앙대로 206 (초량동),,129.045060216345,35.117605126596
부산,ok,,부산역,올리브영 부산역점,2917400,38,부산광역시 동구 중앙대로 197 (초량동),1층,129.039214831857,35.1151169220309
부산,ok,,부산역,정관장 부산역점,2909409,38,부산광역시 동구 중앙대로 223-1 (초량동),,129.040540488294,35.1172288487845
부산,ok,,부산역,토요코인호텔 부산역1점,861118,32,부산광역시 동구 중앙대로196번길 12 (초량동),,129.040767366836,35.1141320276983
부산,ok,,부산역,토요코인호텔 부산역2점,583031,32,부산광역시 중구 중앙대로 125,(대창동1가),129.036602587272,35.1090237108161
부산,ok,,부산역,하운드호텔 부산역점,2804372,32,부산광역시 동구 중앙대로236번길 9 하운드호텔,(초량동),129.0427025928,35.1177518053
부산,ok,,부산요트투어 G,,,,,,,
부산,ok,,부산요트투어 요트가 이,,,,,,,
부산,ok,,부산요트투어 위드 요트,,,,,,,
부산,ok,,부산종합버스터미널,,,,,,,
부산,ok,,부산커피 박물관,,,,,,,
부산,ok,,부산타워,부산타워,1303714,38,부산광역시 중구 용두산길 37-30 (광복동2가),,129.032334998525,35.1011540109639
부산,ok,,부산항 대교,,,,,,,
부산,ok,,부산해양자연사박물관,부산해양자연사박물관,130252,14,부산광역시 동래구 우장춘로 175,,129.0759652316,35.2219278188
부산,ok,,부엌 가락국숫집,,,,,,,
부산,ok,,부전 소머리곰탕 육회비빔밥,,,,,,,
부산,ok,,부전시장,,,,,,,
부산,ok,,부평깡통시장,1878218,38,부산광역시 중구 부평1길 48,,129.0260517037,35.1015921962
부산,ok,,브라이트 몰 부산,,,,,,,
부산,ok,,브래킷 테이블,,,,,,,
부산,ok,,브뤼트피자,,,,,,,
부산,ok,,블루 보틀 커피 트럭 부산,,,,,,,
부산,ok,,블루 터틀,,,,,,,
부산,ok,,비담,,,,,,,
부산,ok,,비밀의 화원 서면점,,,,,,,
부산,ok,,비밀정원,비밀정원 대구동성로점,4008758,38,대구광역시 중구 동성로3길 64 (공평동),1층,128.598292225157,35.8681770088525
부산,ok,,비트 포비아 서면 던전점,,,,,,,
부산,ok,,빈티지 뮤지엄 그로서리,,,,,,,
부산,ok,,빌라쥬 드 아난티,,,,,,,
부산,ok,,빕스 부산 W 스퀘어점,,,,,,,
부산,ok,,사천 게장 집,,,,,,,
부산,ok,,산리 오러 버스 클럽,,,,,,,
부산,ok,,삼락생태공원,삼락생태공원,1338947,12,부산 사상구 삼락동 29-46,,128.973176285884,35.1691043434193
부산,ok,,삼발이 광안점,,,,,,,
부산,ok,,삼삼 횟집,,,,,,,
부산,ok,,삼정 타워,,,,,,,
부산,ok,,삼진 어묵 영도 본점,,,,,,,
부산,ok,,삼환 맛 축산,,,,,,,
부산,ok,,상국이네,상국이네,851286,39,부산광역시 해운대구 구남로41번길 40-1,,129.1629548127,35.1620074073
부산,ok,,샤이니 에스테틱,,,,,,,
부산,ok,,샬로 커피,,,,,,,
부산,ok,,샬롯,,,,,,,
부산,ok,,서면 1번가,,,,,,,
부산,ok,,서면 개금밀면,개금밀면,2784321,39,부산광역시 부산진구 가야대로482번길 9-4,(개금동),129.0251059496,35.1525864700
부산,ok,,서면 젊음의 거리,국제시장 젊음의거리,1013716,38,부산광역시 중구 국제시장2길 25,(신창동4가),129.028295235222,35.1015216609245
부산,ok,,서면 지하도 상가 중앙 몰,,,,,,,
부산,ok,,서면 지하상가,,,,,,,
부산,ok,,서면시장,서면시장,2763900,38,부산광역시 부산진구 서면로 56 (부전동),,129.0579343124225,35.155708286296026
부산,ok,,서면역 부산 1호선,,,,,,,
부산,ok,,서진섭돼지국밥,,,,,,,
부산,ok,,서프 홀릭 다대포,,,,,,,
부산,ok,,서프 홀릭 카페 홀릭,,,,,,,
부산,ok,,서프짐,,,,,,,
부산,ok,,서희스타힐스 센텀프리모 오피스텔,,,,,,,
부산,ok,,선 유도원,,,,,,,
부산,ok,,선생 조그매,선생조고매,3423011,39,부산광역시 영도구 벚꽃길 75 (청학동),영도 조내기  고구마 역사기념관 2층,129.05832742221446,35.08529258954757
부산,ok,,선창 횟집,선창횟집,403961,39,부산광역시 해운대구 달맞이길62번길 67,,129.1738428948,35.1568915149
부산,ok,,세븐일레븐 온 병원점,,,,,,,
부산,ok,,센텀시티 스파랜드,센텀시티 스파랜드,702551,12,부산광역시 해운대구 센텀남대로 35 (우동),,129.12952414849948,35.16881749492334
부산,ok,,소소한 흰 여울,,,,,,,
부산,ok,,소유템 광안리점,,,,,,,
부산,ok,,손목 서각,,,,,,,
부산,ok,,송 정물 총칼 국수,송정물총칼국수,2860833,39,부산광역시 해운대구 송정중앙로6번길 184 명신횟집,,129.1966570430,35.1763758683
부산,ok,,송도해수욕장,부산 송도해수욕장,126122,12,부산광역시 서구 송도해변로 100,,129.0164588470,35.0739256715
부산,ok,,송림공원,송림공원,3027780,12,부산광역시 해운대구 우동,702,129.154126,35.157116
부산,ok,,송림공원,하동송림공원,126233,12,경상남도 하동군 하동읍 광평리,440-5,127.7445000000,35.0627000000
부산,ok,,송정 블루 캐슬,,,,,,,
부산,ok,,송정 삼대 국밥,송정3대국밥,3432951,39,부산광역시 부산진구 서면로68번길 33 (부전동),,129.05854086799016,35.15556704329011
부산,ok,,송정면가,,,,,,,
부산,ok,,송정해수욕장,송정해수욕장,126080,12,부산광역시 해운대구 송정동 712-2,,129.199722,35.178728
부산,ok,,수림 식당,,,,,,,
부산,ok,,수백 진국 본점,,,,,,,
부산,ok,,수변 최고 돼지국밥 민락 본점,수변최고돼지국밥 민락본점,2668102,39,부산광역시 수영구 광안해변로370번길 9-32,,129.1343130018,35.1567852389
부산,ok,,수변 최고 돼지국밥 센텀 벡스코점,,,,,,,
부산,ok,,수영만 요트경기장,,,,,,,
부산,ok,,수월 경화,수월경화,2785269,39,부산광역시 해운대구 송정중앙로6번길 188,(송정동) 4층,129.1966014983,35.1761508920
부산,ok,,수프 올 샐러드,,,,,,,
부산,ok,,숨 게스트하우스 송도점,,,,,,,
부산,ok,,쉐이크쉑 부산 서면점,,,,,,,
부산,ok,,쉐이크쉑 부산 센텀점,,,,,,,
부산,ok,,스타벅스 그랜드 조선 부산점,,,,,,,
부산,ok,,스타벅스 부산 P. 아웃렛점,,,,,,,
부산,ok,,스타벅스 부산 송도 해수욕장점,,,,,,,
부산,ok,,스타벅스 부산 송정 비치점,,,,,,,
부산,ok,,스타벅스 부산 안락 DT 점,,,,,,,
부산,ok,,스타벅스 서면으로 R 점,,,,,,,
부산,ok,,스타벅스 서면중앙점,,,,,,,
부산,ok,,스타벅스 센텀시티역점,,,,,,,
부산,ok,,스타벅스 영도 청학 DT점,,,,,,,
부산,ok,,스타벅스 해운대 R 점,,,,,,,
부산,ok,,스타벅스 화명강변 DT 점,,,,,,,
부산,ok,,스타필드 시티 명지,올리브영 스타필드 시티 명지점,3307446,38,부산광역시 강서구 명지국제6로 168 (명지동),2층,128.918143592831,35.0931119772294
부산,ok,,스타필드 시티 명지,크록스 스타필드 시티 명지점,4027002,38,부산광역시 강서구 명지국제6로 168 (명지동),1층,128.918143592831,35.0931119772294
부산,ok,,스탠퍼드호텔 부산,,,,,,,
부산,ok,,스테이트,,,,,,,
부산,ok,,스톤 스트리트 광안 비치점,,,,,,,
부산,ok,,스파오 경성대몰렛점,,,,,,,
부산,ok,,스포 원 파크 금정체육공원,,,,,,,
부산,ok,,승학산,승학산,2674974,12,부산광역시 사하구 하단동,,128.9851266839,35.1310381466
부산,ok,,시스 디자인 부산 센텀,,,,,,,
부산,ok,,시시 호시 롯데백화점 부산본점,,,,,,,
부산,ok,,시이오니,,,,,,,
부산,ok,,시현하다 프레임 레드화이트점,,,,,,,
부산,ok,,신기 숲,신기숲,2836405,39,부산광역시 영도구 와치로 65 산새소리유치원,,129.0603019046,35.0868889171
부산,ok,,신기산업,,,,,,,
부산,ok,,신발원 신관,신발원,2832671,39,부산광역시 동구 대영로243번길 62 (초량동),,129.0387363501,35.1148492791
부산,ok,,신세계 센텀시티몰,나이키 신세계 센텀시티몰,2914151,38,부산광역시 해운대구 센텀4로 15 (우동),2층,129.12829006113,35.1698614224623
부산,ok,,신세계 센텀시티몰,몰리스펫샵 신세계 센텀시티몰,2928950,38,부산광역시 해운대구 센텀4로 15 (우동),B2층,129.12829006113,35.1698614224623
부산,ok,,신세계 센텀시티몰,아디다스 신세계 센텀시티몰점,4026598,38,부산광역시 해운대구 센텀4로 15 (우동),2층,129.12829006113,35.1698614224623
부산,ok,,신세계 센텀시티몰,MUJI 신세계 센텀시티몰점,2916550,38,부산광역시 해운대구 센텀4로 15 (우동),,129.12829006113,35.1698614224623
부산,ok,,신세계 프리미엄 아웃렛 부산,,,,,,,
부산,ok,,신세계백화점 센텀시티점,갤럭시 신세계백화점 센텀시티점,2917367,38,부산광역시 해운대구 센텀남대로 35 (우동),5층,129.129523260187,35.1688178394069
부산,ok,,신세계백화점 센텀시티점,갤럭시라이프스타일 신세계백화점 센텀시티점,2914261,38,부산광역시 해운대구 센텀남대로 35 (우동),5층,129.129523260187,35.1688178394069
부산,ok,,신세계백화점 센텀시티점,끌로에 신세계백화점 센텀시티점,4011298,38,부산광역시 해운대구 센텀남대로 35 (우동),2층,129.129523260187,35.1688178394069
부산,ok,,신세계백화점 센텀시티점,노매뉴얼 신세계백화점 센텀시티점,4011303,38,부산광역시 해운대구 센텀남대로 35 (우동),B2층,129.129523260187,35.1688178394069
부산,ok,,신세계백화점 센텀시티점,다이아미 신세계백화점 센텀시티점,4008790,38,부산광역시 해운대구 센텀남대로 35 (우동),1층,129.129523260187,35.1688178394069
부산,ok,,신세계백화점 센텀시티점,닥스남성 신세계백화점 센텀시티점,2914111,38,부산광역시 해운대구 센텀남대로 35 (우동),5층,129.129523260187,35.1688178394069
부산,ok,,신세계백화점 센텀시티점,델보 신세계백화점 센텀시티점,4026599,38,부산광역시 해운대구 센텀남대로 35 (우동),1층,129.129523260187,35.1688178394069
부산,ok,,신세계백화점 센텀시티점,듀퐁셔츠타이 신세계백화점 센텀시티점,4011293,38,부산광역시 해운대구 센텀남대로 35 (우동),5층,129.129523260187,35.1688178394069
부산,ok,,신세계백화점 센텀시티점,드로어써클 신세계백화점 센텀시티점,2928786,38,부산광역시 해운대구 센텀남대로 35 (우동),,129.129523260187,35.1688178394069
부산,ok,,신세계백화점 센텀시티점,디올 신세계백화점 센텀시티점,2930311,38,부산광역시 해운대구 센텀남대로 35 (우동),1층,129.129523260187,35.1688178394069
부산,ok,,신세계백화점 센텀시티점,디올남성 신세계백화점 센텀시티점,4011300,38,부산광역시 해운대구 센텀남대로 35 (우동),5층,129.129523260187,35.1688178394069
부산,ok,,신세계백화점 센텀시티점,로에베 신세계백화점 센텀시티점,4011291,38,부산광역시 해운대구 센텀남대로 35 (우동),2층,129.129523260187,35.1688178394069
부산,ok,,신세계백화점 센텀시티점,로저비비에 신세계백화점 센텀시티점,2903149,38,부산광역시 해운대구 센텀남대로 35 (우동),1층,129.129523260187,35.1688178394069
부산,ok,,신세계백화점 센텀시티점,롤렉스 신세계백화점 센텀시티점,2918699,38,부산광역시 해운대구 센텀남대로 35 (우동),1층,129.129523260187,35.1688178394069
부산,ok,,신세계백화점 센텀시티점,리모와 신세계백화점 센텀시티점,4011294,38,부산광역시 해운대구 센텀남대로 35 (우동),2층,129.129523260187,35.1688178394069
부산,ok,,신세계백화점 센텀시티점,메종마르지엘라 신세계백화점 센텀시티점,4026600,38,부산광역시 해운대구 센텀남대로 35 (우동),2층,129.129523260187,35.1688178394069
부산,ok,,신세계백화점 센텀시티점,미우미우 신세계백화점 센텀시티점,2910323,38,부산광역시 해운대구 센텀남대로 35 (우동),1층,129.129523260187,35.1688178394069
부산,ok,,신세계백화점 센텀시티점,발렌시아가 여성 신세계백화점 센텀시티점,4011296,38,부산광역시 해운대구 센텀남대로 35 (우동),2층,129.129523260187,35.1688178394069
부산,ok,,신세계백화점 센텀시티점,발렌티노 신세계백화점 센텀시티점,2928371,38,부산광역시 해운대구 센텀남대로 35 (우동),2층,129.129523260187,35.1688178394069
부산,ok,,신세계백화점 센텀시티점,버버리여성 신세계백화점 센텀시티점,2910398,38,부산광역시 해운대구 센텀남대로 35 (우동),1층,129.129523260187,35.1688178394069
부산,ok,,신해림주차장,,,,,,,
부산,ok,,심미안,,,,,,,
부산,ok,,쏘리 낫 쏘리 베이크 숍,,,,,,,
부산,ok,,씨라 이르 부산아쿠아리움,,,,,,,
부산,ok,,아난티 힐튼 부산,,,,,,,
부산,ok,,아난티 힐튼 부산 아난티 타운,,,,,,,
부산,ok,,아니 바,,,,,,,
부산,ok,,아따 아따,,,,,,,
부산,ok,,아모레 부산,,,,,,,
부산,ok,,아세안 문화원,,,,,,,
부산,ok,,아이엠 부산,,,,,,,
부산,ok,,아키 수산,,,,,,,
부산,ok,,아테네학당,,,,,,,
부산,ok,,아틀란티스 부산점,아틀란티스 송도점,3401581,12,인천광역시 연수구 컨벤시아대로230번길 42 (송도동),아라플라자 5층,126.63491468798487,37.388085638662716
부산,ok,,아홉 살 숲,아홉산숲,2385686,12,부산광역시 기장군 철마면 미동길 37-1,,129.1715589466,35.2871407693
부산,ok,,안녕 반여동,,,,,,,
부산,ok,,안녕 파스타,,,,,,,
부산,ok,,알로이 삥삥,,,,,,,
부산,ok,,알시비,,,,,,,
부산,ok,,애플 아웃렛,,,,,,,
부산,ok,,앨리스 도넛 청사포 본점,,,,,,,
부산,ok,,어도로,,,,,,,
부산,ok,,언더우드,서울 연세대학교 언더우드관,252533,12,서울특별시 서대문구 연세로 50,,126.9389,37.5664
부산,ok,,언플 랜드 88,,,,,,,
부산,ok,,에그 카페24,,,,,,,
부산,ok,,에그머니나,,,,,,,
부산,ok,,에이치 애비뉴 호텔 서면역점,,,,,,,
부산,ok,,에이치 어스,,,,,,,
부산,ok,,여가 거가 광안리,,,,,,,
부산,ok,,여기 제주도 구서점,,,,,,,
부산,ok,,연운당 전포 카페거리적,,,,,,,
부산,ok,,연의 양과,,,,,,,
부산,ok,,영도 김가네 쑥 밀면,,,,,,,
부산,ok,,영도 면옥,영도면옥,2869491,39,부산광역시 영도구 해양로 211 (동삼동),,129.073054722595,35.0877096352439
부산,ok,,영도구,,,,,,,
부산,ok,,영도다리 횟집,,,,,,,
부산,ok,,영도대교,영도대교,129197,12,부산광역시 영도구 대교동1가,,129.0365,35.0956
부산,ok,,영우 에너지 부전 주유소,,,,,,,
부산,ok,,영월 목장,,,,,,,
부산,ok,,영화의 전당 비프힐,영화의전당 라이브러리 자료실,3454074,12,부산광역시 해운대구 수영강변대로 120 (우동),,129.1270687971,35.1710029572
부산,ok,,오디너리 레시피 기장점,,,,,,,
부산,ok,,오륙도 스카이워크,오륙도 스카이워크,1940208,12,부산광역시 남구 오륙도로 137,,129.1244,35.1006
부산,ok,,오르디,오르디,2838922,39,부산광역시 사상구 대동로107번길 17 오르디,,128.9791265417,35.1397412458
부산,ok,,오복이 역,,,,,,,
부산,ok,,오브젝트 서면점,오브젝트 서면점,4011153,38,부산광역시 부산진구 전포대로209번길 11 (전포동),,129.064454215898,35.1553105896289
부산,ok,,오사카,오사카,850847,39,부산광역시 사하구 낙동대로324번길 2,,128.9820222326,35.1004109631
부산,ok,,오션블루 가덕휴게소,,,,,,,
부산,ok,,오양 아파트,,,,,,,
부산,ok,,오유미당 부산 영도점,,,,,,,
부산,ok,,오직 전복죽 기장 끝 집,기장끝집 죽성본점,2872474,39,부산광역시 기장군 기장읍 기장해안로 895,,129.2435319086,35.2348590788
부산,ok,,옥미 아귀찜 본점,[백년가게]옥미아구찜,2563357,39,부산광역시 수영구 망미번영로55번길 35,,129.1088369750,35.1737300923
부산,ok,,온 더 플레이트,,,,,,,
부산,ok,,온 선데이,,,,,,,
부산,ok,,온천천,온천천시민공원,2789280,12,부산광역시 연제구 온천천남로 39 (연산동),,129.092543,35.193006
부산,ok,,온천천 카페거리,동래온천길(온천천 카페거리),2822334,12,부산광역시 동래구 온천천로 451,"도시철도 온천장역(부산광역시 동래구 중앙대로 1520), 도시철도 동래역(부산광역시 동래구 중앙대로 1324), 온천천 카페거리(부산광역시 동래구 온천천로 451)",129.1024592605,35.1916279693
부산,ok,,올 어바웃 커피나,,,,,,,
부산,ok,,올더 어글리 쿠키,,,,,,,
부산,ok,,올드 머그,,,,,,,
부산,ok,,올리브 24 명지점,,,,,,,
부산,ok,,올리브영 광복타운점,,,,,,,
부산,ok,,올리브영 서면 부전 중앙점,,,,,,,
부산,ok,,올리브영 서면 타운 점,,,,,,,
부산,ok,,옵스 남천 본점,W 옵스 드마히니,3444429,39,"부산광역시 남구 분포로 145 (용호동, 더블유)",스퀘어동 2층 2022호,129.1125583077,35.1342110824
부산,ok,,옵스 롯데백화점 광복점,W 옵스 드마히니,3444429,39,"부산광역시 남구 분포로 145 (용호동, 더블유)",스퀘어동 2층 2022호,129.1125583077,35.1342110824
부산,ok,,왕매미 오락실,,,,,,,
부산,ok,,요기 요리 퍼브 마켓,,,,,,,
부산,ok,,요트야,부산 요트투어 요트야,3065360,28,부산광역시 해운대구 해운대해변로 84 (우동),,129.1415539265,35.1608543617
부산,ok,,요트야 놀자,,,,,,," "
부산,ok,,용두산공원,용두산공원,126121,12,부산광역시 중구 용두산길 37-55,,129.032664302294,35.1004440914145
부산,ok,,용호 별빛공원,용호별빛공원,2822240,12,부산광역시 남구 분포로 66-40,,129.1201732372,35.1322571676
부산,ok,,우마 이미 세,,,,,,,
부산,ok,,우암동 도시숲,우암동 도시숲,2675047,12,부산광역시 남구 우암동 127-142,,129.072607055839,35.1274527698591
부산,ok,,웨이브 온 커피,웨이브온 커피,2770124,39,부산광역시 기장군 장안읍 해맞이로 286,,129.269741,35.322274
부산,ok,,유가네닭갈비 서면 본점,,,,,,,
부산,ok,,유동 커피 광안점,,,,,,,
부산,ok,,유어타입,,,,,,,
부산,ok,,유흥용 과자점 부산대 직영점,,,,,,,
부산,ok,,육전 밀면 남포점,,,,,,,
부산,ok,,을숙도 생태공원,,,,,,,
부산,ok,,이 기대 해안산책로,이기대해안산책로,3008212,28,부산광역시 남구 용호동,산 25,129.1278,35.1182
부산,ok,,이 기대어 구 야,,,,,,,
부산,ok,,이 송도 전망대,이송도전망대,3017319,12,부산광역시 영도구 절영로 246-36 (영선동4가),,129.0479560000,35.0755190000
부산,ok,,이 터널 저니,,,,,,,
부산,ok,,이가 네 칼국수,,,,,,,
부산,ok,,이기대 섶다리,,,,,,,
부산,ok,,이너 엘리,,,,,,,
부산,ok,,이디야커피 부산 거제 홈타운점,,,,,,,
부산,ok,,이비스 앰배서더호텔 부산시티센터점,,,,,,,
부산,ok,,이재모 피자 본점,이재모피자 본점,2836450,39,"부산광역시 중구 광복중앙로 31 (신창동1가, 중앙아파트)",,129.0306068486,35.1021394414
부산,ok,,이재모 피자 서면점,,,,,,,
부산,ok,,이케아 동부산점,,,,,,,
부산,ok,,인생네컷 부산 서면 1번가 점,,,,,,,
부산,ok,,일광 아귀찜,,,,,,,
부산,ok,,일광해수욕장,일광해수욕장,126098,12,부산광역시 기장군 일광읍 삼성리,143-10,129.2340000000,35.2598000000
부산,ok,,임용 백돼지국밥,엄용백 돼지국밥,2838432,39,부산광역시 수영구 수영로680번길 39,,129.1172781118,35.1662727497
부산,ok,,임용 백돼지국밥 해운대점,,,,,,,
부산,ok,,자갈치 횟집,,,,,,,
부산,ok,,자갈치시장,부산 자갈치시장,132190,38,부산광역시 중구 자갈치해안로 52,(남포동4가),129.0306042201,35.0966511661
부산,ok,,자연 별곡 NC 서면점,,,,,,,
부산,ok,,장안 캠프,,,,,,,
부산,ok,,장안 휴게소 부산방향,,,,,,,
부산,ok,,장안휴게소 부산방향,,,,,,,
부산,ok,,전통 쑥 밀면 족발 국밥,,,,,,,
부산,ok,,전포 놀이터 골목시장,,,,,,,
부산,ok,,전포 카페거리,전포카페거리,1805965,12,부산광역시 부산진구 동천로 92 (전포동),,129.067338,35.15542
부산,ok,,점포 사잇길,,,,,,,
부산,ok,,주앙,,,,,,,
부산,ok,,죽성 드림세트장,,,,,,,
부산,ok,,지청 철학원,,,,,,,
부산,ok,,직구나 담양 석갈비촌,,,,,,,
부산,ok,,진미 횟집,,,,,,,
부산,ok,,차선책,,,,,,,
부산,ok,,청사포 방파제,,,,,,,
부산,ok,,청사포 역,,,,,,,
부산,ok,,청학 배수지 전망대,,,,,,,
부산,ok,,초량 밀면,,,,,,,
부산,ok,,초량 온당,초량온당,2870703,39,부산광역시 동구 초량중로 135 (수정동),,129.0415747569,35.1234594789
부산,ok,,초힛사츠,,,,,,,
부산,ok,,춘하추동 밀면 해운대 직영점,,,,,,,
부산,ok,,춘향전,,,,,,,
부산,ok,,치지 폼,,,,,,,
부산,ok,,카네다독고,,,,,,,
부산,ok,,카츠와 라 부산 시청점,,,,,,,
부산,ok,,카츠키친,,,,,,,
부산,ok,,카페 51 광안역점,,,,,,,
부산,ok,,카페 마리 솔,,,,,,,
부산,ok,,카페 바이버,카페 바이버,2911203,39,부산광역시 사상구 학감대로191번길 16,,128.9880532476,35.1484098358
부산,ok,,카페 오뜨 광안 비치점,,,,,,,
부산,ok,,카페 오후의 홍차,,,,,,,
부산,ok,,카페 초량 온당,초량온당,2870703,39,부산광역시 동구 초량중로 135 (수정동),,129.0415747569,35.1234594789
부산,ok,,카페 피라,,,,,,,
부산,ok,,칸다 쇼바 부산 서면점,,,,,,,
부산,ok,,컬러가 산다 부산센터,,,,,,,
부산,ok,,켈틱 타이거 광안점,,,,,,,
부산,ok,,코랄 라느니,코랄라니,2832636,39,부산광역시 기장군 기장읍 기장해안로 32,,129.2089308044,35.1825920662
부산,ok,,코스트코 부산점,,,,,,,
부산,ok,,코엔 클로,코앤클로 서면점,4008091,38,부산광역시 부산진구 중앙대로702번길 50 (부전동),1층,129.061858298175,35.1552366702268
부산,ok,,코지 하우스,,,,,,,
부산,ok,,콜 갈비 부산지사 직영점,,,,,,,
부산,ok,,콩 카페 광안리점,,,,,,,
부산,ok,,콩 카페 부산 서면점,,,,,,,
부산,ok,,쿠우쿠우 부산 화명점,,,,,,,
부산,ok,,쿠이,대쿠이 본점,2845772,39,대구광역시 남구 중앙대로51길 38-2 (대명동),,128.5885164406,35.8563908424
부산,ok,,크레이지 서퍼스,,,,,,,
부산,ok,,크리미,,,,,,,
부산,ok,,클럽 디 오아시스,클럽디 오아시스,2994680,12,부산광역시 해운대구 달맞이길 30 엘시티,,129.168483,35.160042
부산,ok,,키자니아 부산,키자니아 부산,2496023,12,부산광역시 해운대구 센텀4로 15 센텀시티 몰,,129.1283187187,35.1699003261
부산,ok,,타의 빈,타이빈,2869532,39,부산광역시 동래구 금강로73번길 12 (온천동),,129.0773274366,35.2162997405
부산,ok,,타이가텐푸라,타이가텐푸라,2858974,39,부산광역시 해운대구 우동1로38번가길 15 (우동),,129.1584217967,35.1648042324
부산,ok,,태종대 자갈치 즉석 생선구이,,,,,,,
부산,ok,,태종대 전망대,태종대,126658,12,부산광역시 영도구 전망로 24 (동삼동),,129.07980569117214,35.05969491904282
부산,ok,,태종대유원지,태종대,126658,12,부산광역시 영도구 전망로 24 (동삼동),,129.07980569117214,35.05969491904282
부산,ok,,테디 보틀,,,,,,,
부산,ok,,테라로사 수영점,,,,,,,
부산,ok,,테라비 남포점,브런치 앤 디너 테라비 명지 본점,2869302,39,부산광역시 강서구 명지국제8로10번길 16,,128.9027599751,35.0920982135
부산,ok,,토캡,,,,,,,
부산,ok,,톤쇼우,톤쇼우,2841442,39,부산광역시 금정구 금강로 247-10 (장전동),,129.0842986624,35.2304871678
부산,ok,,톤쇼우 광안점,,,,,,,
부산,ok,,트레이더스 홀세일 클럽 서면점,트레이더스 홀세일 클럽 서면점,2924421,38,부산광역시 부산진구 시민공원로 31 (부암동),,129.05255094433,35.1639044537017
부산,ok,,트레이더스 홀세일 클럽 연산점,,,,,,,
부산,ok,,트와엣모아,,,,,,,
부산,ok,,티 비 에이,,,,,,,
부산,ok,,티 앤 북스 광안점,,,,,,,
부산,ok,,파동,홍파동 홍난파 가옥,945987,12,서울특별시 종로구 송월1길 38 (홍파동),,126.9650998768,37.5716006396
부산,ok,,퍼프 베이커리,퍼프베이커리,2827847,39,부산광역시 부산진구 동천로 56,,129.06272114219,35.1535856200546
부산,ok,,페이퍼 가든,,,,,,,
부산,ok,,포니 필름,,,,,,,
부산,ok,,포토 웨이브 청사포점,,,,,,,
부산,ok,,폴리파크 서면점,,,,,,,
부산,ok,,풍미랑 막창,,,,,,,
부산,ok,,풍운장 마린시티점,,,,,,,
부산,ok,,풍운장 시골밥상 집,,,,,,,
부산,ok,,프리젠트 카페,,,,,,,
부산,ok,,플라워 마켓 수화 사상점,,,,,,,
부산,ok,,피아트,피아크,2720650,14,부산광역시 영도구 해양로195번길 180,,129.076763361805,35.086329908245
부산,ok,,피오브프레즐,,,,,,,
부산,ok,,피플웍스,,,,,,,
부산,ok,,필 소굿 커피,,,,,,,
부산,ok,,필소굿커피,,,,,,,
부산,ok,,하오 커피 정관용 구점,,,,,,,
부산,ok,,하이크 커피,,,,,,,
부산,ok,,한국해양대학교 아치 캠퍼스,,,,,,,
부산,ok,,한데 솥,,,,,,,
부산,ok,,한림,쌍용굴(한림공원),129620,12,제주특별자치도 제주시 한림읍 한림로 300,,126.241825331312,33.3878715738572
부산,ok,,한림,켄싱턴리조트 제주한림,137368,32,제주특별자치도 제주시 한림읍 한림해안로 530,,126.274482325683,33.4357887313025
부산,ok,,한림,한림공원,126455,12,제주특별자치도 제주시 한림읍 한림로 300,,126.2415557152,33.3886659647
부산,ok,,한림,한림대학교박물관,129819,14,강원특별자치도 춘천시 한림대학길 1,(옥천동),127.7382147441,37.8872030845
부산,ok,,한림,한림매일시장,2765334,38,제주특별자치도 제주시 한림읍 한림로 687,,126.2649364013,33.4161382914
부산,ok,,한림,한림민속오일시장,993224,38,제주특별자치도 제주시 한림읍 한수풀로4길 10,,126.2745604816,33.4198102588
부산,ok,,한림,한림술뫼파크골프장,2747700,28,경상남도 김해시 한림면 한림로 738,,128.7750254558,35.3386221121
부산,ok,,한림,한림안성CC,2750428,28,경기도 안성시 양성면 양성로 349-61,,127.2008115900,37.0853889744
부산,ok,,한림,한림용인 컨트리클럽,131568,28,경기도 용인시 처인구 남사읍 경기동로 628,,127.1910025661,37.1418350550
부산,ok,,한림,한림칼국수 제주본점,2792539,39,제주특별자치도 제주시 한림읍 한림해안로 141,,126.2615172662,33.4155966307
부산,ok,,한림,한림항,2792599,12,제주특별자치도 제주시 한림읍 한림해안로 192,,126.2625726517,33.4190907055
부산,ok,,한림,[제주올레 14코스] 저지-한림 올레,1839801,28,제주특별자치도 제주시 한경면 저지리 1851-5,(한경면),126.2558862752,33.3325196218
부산,ok,,한림,[제주올레 15코스] 한림-고내 올레 (A),1839833,28,제주특별자치도 제주시 한림읍 한림해안로 196,,126.2625365394,33.4193184574
부산,ok,,한림,[제주올레 15코스] 한림-고내 올레 (B),2710165,28,제주특별자치도 제주시 한림읍 한림해안로 196,,126.2625365394,33.4193184574
부산,ok,,한올,카페 한올,3353867,39,전북특별자치도 전주시 덕진구 창포길 49-10 (덕진동1가),국제컨벤션센터 옥상,127.1224603274,35.8507458120
부산,ok,,한올,한올채,801664,39,충청남도 홍성군 금마면 광금북로 419,,126.7331196587,36.6069053134
부산,ok,,한올,한올코리아,4012488,38,"서울특별시 동대문구 왕산로19마길 3 (제기동, 태종빌하우스)",,127.032593510463,37.5794300661655
부산,ok,,한화리조트 해운대,한화리조트 해운대,137706,32,부산광역시 해운대구 마린시티3로 52,(우동),129.145071777153,35.1544481718507
부산,ok,,할리스 부산 송정 DI 점,,,,,,,
부산,ok,,함이 멍 애견카페,,,,,,,
부산,ok,,합천 일류 돼지국밥 사상점,합천일류돼지국밥,2911217,39,부산광역시 사상구 광장로 34,,128.9802313714,35.1622969434
부산,ok,,해녀 천지 할미 집,해녀천지할매집,2872271,39,부산광역시 기장군 기장읍 연화1길 210,,129.2273615202,35.2193827342
부산,ok,,해동용궁사,해동용궁사,126848,12,부산광역시 기장군 기장읍 용궁길 86,,129.2235301928,35.1882428912
부산,ok,,해빙 모멘트,,,,,,,
부산,ok,,해성 막창집 본점,해성막창집본점,2778403,39,부산광역시 해운대구 중동1로19번길 29,(중동),129.163278151468,35.1638946239595
부산,ok,,해시,남해시장회센터,2891551,39,경상남도 남해군 남해읍 화전로96번가길 11-1,,127.8947794891,34.8409427541
부산,ok,,해시,양구 해시계,2569471,12,강원특별자치도 양구군 양구읍 중앙길 53,,127.989284660479,38.1049777757901
부산,ok,,해시,포항큰동해시장,1339125,38,경상북도 포항시 남구 중앙로134번길 27 (해도동),,129.370950062628,36.025807353589
부산,ok,,해시,해시호텔,2849962,32,경기도 수원시 팔달구 갓매산로 72-1 (고등동),,127.0030326814,37.2701279625
부산,ok,,해운대 블루라인파크 미포 정거장,,,,,,,
부산,ok,,해운대 블루라인파크 송정 정거장,,,,,,,
부산,ok,,해운대 블루라인파크 청사포 정거장,,,,,,,
부산,ok,,해운대 시외버스정류소,,,,,,,
부산,ok,,해운대 전통시장,,,,,,,
부산,ok,,해운대해수욕장,해운대해수욕장,126081,12,부산광역시 해운대구 해운대해변로 264,(우동),129.160278564827,35.1590840227225
부산,ok,,해피 몽크,,,,,,,
부산,ok,,해피 베이글 데이,,,,,,,
부산,ok,,행리단길,해리단길,2783306,12,부산 해운대구 우동 510-7,,129.1576008763,35.1648388507
부산,ok,,허대빵,,,,,,,
부산,ok,,허심청브로이 (휴업 중),허심청,127419,12,부산광역시 동래구 온천장로107번길 32 (온천동),,129.0826866234,35.2211550982
부산,ok,,호이 안,,,,,,,
부산,ok,,호텔 1 별 침대,,,,,,,
부산,ok,,홈플러스 아시아드점 푸트코트,,,,,,,
부산,ok,,홍미당 부산 광안리점,,,,,,,
부산,ok,,홍법사,홍법사(부산),128886,12,부산광역시 금정구 두구로33번길 202 (두구동),,129.1110109760,35.3040405268
부산,ok,,화명생태공원,화명생태공원,2487931,12,부산광역시 북구 생태공원길 125 (화명동),,129.00454069619033,35.226662731912064
부산,ok,,환공어묵 부산역점,,,,,,,
부산,ok,,황소,경주황소곱창 황리단길본점,2907299,39,경상북도 경주시 금성로182번길 13,,129.2087236917,35.8339021752
부산,ok,,황소,다동 황소막창,2824948,39,서울특별시 중구 남대문로 60-5 (명동2가),,126.9822235678,37.5627130907
부산,ok,,황소,여수게장 황소게장,2777868,39,전남광주통합특별시 여수시 봉산남3길 2 (봉산동),,127.72010254112,34.7341505888393
부산,ok,,황소,황소걸음식당,1763660,39,경상북도 영주시 조암로 11,,128.631561918378,36.8003509867184
부산,ok,,황소,황소고집 1호점,2835765,39,경기도 용인시 처인구 오포로 55-1,,127.1737124271,37.3408894917
부산,ok,,황소,황소고집 본점,2835043,39,경기도 용인시 처인구 모현읍 능원로 74,,127.1722738909,37.3330348199
부산,ok,,황소,황소곳간,719218,39,경상북도 안동시 풍산읍 풍산태사로 1029,,128.5708447787,36.5789166960
부산,ok,,황소,황소식당,1602359,39,전북특별자치도 고창군 아산면 중촌길 15,,126.585581447401,35.5032583856131
부산,ok,,황소,황소식육실비식당,2781487,39,강원특별자치도 정선군 사북읍 사북중앙로 40-1,,128.819256173299,37.2270948669154
부산,ok,,회동수원지,회동수원지,2661475,12,부산광역시 금정구 개좌로 147,,129.1166487680,35.2252550204
부산,ok,,회와 제과,희와제과,2865236,39,"부산광역시 부산진구 전포대로246번길 6 (전포동, 동양팰리스)",,129.0658105816,35.1584310105
부산,ok,,효원 면옥,,,,,,,
부산,ok,,후미 후미,,,,,,,
부산,ok,,훈이네 김밥 가락국수,,,,,,,
부산,ok,,희자매,,,,,,,
부산,ok,,흰 여울 문화마을,흰여울문화마을,2684712,12,부산광역시 영도구 영선동4가,605-3,129.0453,35.0783
창원,ok,,3.15 해양누리공원,3.15해양누리공원,2864150,12,경상남도 창원시 마산합포구 문화동3길 23 (월남동1가),,128.5640000000,35.1867000000
창원,ok,,315아트센터,,,,,,,
창원,ok,,NC다이노스 본사,,,,,,,
창원,ok,,가락국수 한 그릇,,,,,,,
창원,ok,,감계 3호 근린공원 물놀이장,,,,,,,
창원,ok,,강복궁 본점,,,,,,,
창원,ok,,개성 순대,개성순대,2575790,39,경상남도 창원시 마산합포구 가포로 686,,128.5757954427,35.1405490557
창원,ok,,건강한 새우,,,,,,,
창원,ok,,경남 마산로봇랜드,마산로봇랜드,2627175,12,경상남도 창원시 마산합포구 구산면 로봇랜드로 250,,128.587048198522,35.0768497498122
창원,ok,,경남도립미술관,경남도립미술관,1622590,14,경상남도 창원시 의창구 용지로 296 (퇴촌동),,128.6908827248,35.2395039295
창원,ok,,노트르담,,,,,,,
창원,ok,,뉴 금호 온천,,,,,,,
창원,ok,,대방 대동 황토 방 아파트,,,,,,,
창원,ok,,도돌 커피 로프터스,,,,,,,
창원,ok,,라스페란자,,,,,,,
창원,ok,,라온하제,라온하제,2844199,39,경상남도 창원시 성산구 삼귀로 361,2층,128.6077281683,35.1627943608
창원,ok,,라파원 로스터리 카페,,,,,,,
창원,ok,,로도스,토도스,2838789,39,경상남도 창원시 성산구 용호로 116 부일빌딩,,128.6838417127,35.2380595189
창원,ok,,롯데백화점,가네시 롯데백화점 본점,2928947,38,서울특별시 중구 남대문로 81 (소공동),B1층,126.981730421825,37.5647299033135
창원,ok,,롯데백화점,가치서울 롯데백화점 본점,2909061,38,서울특별시 중구 남대문로 81 (소공동),B1층,126.981730421825,37.5647299033135
창원,ok,,롯데백화점,갤럭시 라이프스타일 롯데백화점 중동점,2918620,38,경기도 부천시 원미구 길주로 300 (중동),5층,126.775275476115,37.5025627553952
창원,ok,,롯데백화점,갤럭시 롯데백화점 강남점,2925676,38,서울특별시 강남구 도곡로 401 (대치동),5층,127.053254695846,37.496979324799
창원,ok,,롯데백화점,갤럭시 롯데백화점 건대스타시티점,2918406,38,서울특별시 광진구 능동로 92 (자양동),6층,127.071432147214,37.5390373908314
창원,ok,,롯데백화점,갤럭시 롯데백화점 관악점,2926574,38,서울특별시 관악구 봉천로 209 (봉천동),4층,126.924981674031,37.4904954867064
창원,ok,,롯데백화점,갤럭시 롯데백화점 광복점,2917484,38,부산광역시 중구 중앙대로 2 (중앙동7가),6층,129.036632251021,35.0979848964696
창원,ok,,롯데백화점,갤럭시 롯데백화점 구리점,4011059,38,경기도 구리시 경춘로 261 (인창동),4층,127.143796142875,37.6027360022071
창원,ok,,롯데백화점,갤럭시 롯데백화점 김포공항점,2922404,38,서울특별시 강서구 하늘길 지하77 (방화동),4층,126.801278424065,37.562313207852
창원,ok,,롯데백화점,갤럭시 롯데백화점 노원점,2917614,38,서울특별시 노원구 동일로 1414 (상계동),5층,127.061391730931,37.6552787315469
창원,ok,,롯데백화점,갤럭시 롯데백화점 미아점,2926576,38,서울특별시 강북구 도봉로 62 (미아동),6층,127.030517678336,37.6145929759749
창원,ok,,롯데백화점,갤럭시 롯데백화점 본점,2922431,38,서울특별시 중구 남대문로 81 (소공동),6층,126.981730421825,37.5647299033135
창원,ok,,롯데백화점,갤럭시 롯데백화점 분당점,2918630,38,경기도 성남시 분당구 성남대로 지하491 (수내동),4층,127.114295370128,37.3784524525527
창원,ok,,롯데백화점,갤럭시 롯데백화점 센텀시티점,2917370,38,부산광역시 해운대구 센텀남대로 59 (우동),6층,129.131069686974,35.1698533549006
창원,ok,,롯데백화점,갤럭시 롯데백화점 안산점,2903218,38,경기도 안산시 단원구 고잔1길 12 (고잔동),본관 4층,126.834500352801,37.3180026223813
창원,ok,,롯데백화점,갤럭시 롯데백화점 인천점,2922966,38,인천광역시 미추홀구 연남로 35 (관교동),4층,126.701518656221,37.4425062298688
창원,ok,,롯데백화점,갤럭시 롯데백화점 일산점,4025285,38,경기도 고양시 일산동구 중앙로 1283 (장항동),6층,126.77212625922,37.6604717553584
창원,ok,,롯데백화점,갤럭시 롯데백화점 잠실점,2917595,38,서울특별시 송파구 올림픽로 240 (잠실동),5층,127.098141751177,37.5113096112036
창원,ok,,롯데백화점,갤럭시 롯데백화점 청량리점,2918407,38,서울특별시 동대문구 왕산로 214 (전농동),5층,127.05114503929,37.584197400389
창원,ok,,롯데백화점,갤럭시 롯데백화점 평촌점,2918608,38,경기도 안양시 동안구 시민대로 180 (호계동),4층,126.950178643649,37.390002179095
창원,ok,,마산 어 시장,,,,,,,
창원,ok,,밀집,메밀집,2858780,39,충청남도 아산시 선문로254번길 159,,127.0957175610,36.8108437607
창원,ok,,밀집,서안메밀집,2843276,39,경기도 부천시 신흥로 103 영제빌딩,,126.7778931081,37.4929078498
창원,ok,,밀집,원삼메밀집,2756785,39,경기도 용인시 처인구 원삼면 죽양대로 1631,,127.3321358412,37.1838410741
창원,ok,,백령 카페,백령카페,2864877,39,경상남도 창원시 마산합포구 구산면 안녕로 425-16,,128.6011109278,35.1022204792
창원,ok,,벨그레이브,,,,,,,
창원,ok,,삼각지공원,양덕삼각지공원,3456409,12,경상남도 창원시 마산회원구 양덕동18길 13 (양덕동),,128.5901583509,35.2336444219
창원,ok,,새벽촌,,,,,,,
창원,ok,,선댄스,,,,,,,
창원,ok,,스시 타로,,,,,,,
창원,ok,,스타벅스 창원 NC 파크 R,,,,,,,
창원,ok,,스타벅스 창원 마창대교점,,,,,,,
창원,ok,,스파 더 스페이스,스파더스페이스,3397899,12,경상남도 창원시 마산합포구 구산면 유산군령로 250,,128.56141110873676,35.13084867673456
창원,ok,,스파 더 스페이스 미스터 스시,스파더스페이스,3397899,12,경상남도 창원시 마산합포구 구산면 유산군령로 250,,128.56141110873676,35.13084867673456
창원,ok,,시티세븐 몰,,,,,,,
창원,ok,,신세계백화점 마산점,골든듀 신세계백화점 마산점,4012158,38,경상남도 창원시 마산합포구 합포로 251 (산호동),1층,128.586590721846,35.2195839321275
창원,ok,,신세계백화점 마산점,노벨라 신세계백화점 마산점,4012157,38,경상남도 창원시 마산합포구 합포로 251 (산호동),1층,128.586590721846,35.2195839321275
창원,ok,,신세계백화점 마산점,데상트 신세계백화점 마산점,2925790,38,경상남도 창원시 마산합포구 합포로 251 (산호동),6층,128.586590721846,35.2195839321275
창원,ok,,신세계백화점 마산점,먼싱웨어 신세계백화점 마산점,2925737,38,경상남도 창원시 마산합포구 합포로 251 (산호동),5층,128.586590721846,35.2195839321275
창원,ok,,신세계백화점 마산점,바쏘 신세계백화점 마산점,2925751,38,경상남도 창원시 마산합포구 합포로 251 (산호동),,128.586590721846,35.2195839321275
창원,ok,,신세계백화점 마산점,빈폴 신세계백화점 마산점,2925793,38,경상남도 창원시 마산합포구 합포로 251 (산호동),1층,128.586590721846,35.2195839321275
창원,ok,,신세계백화점 마산점,신세계백화점 마산점,2905887,38,경상남도 창원시 마산합포구 합포로 251 (산호동),,128.586590721846,35.2195839321275
창원,ok,,신세계백화점 마산점,아디다스 신세계백화점 마산점,2925780,38,경상남도 창원시 마산합포구 합포로 251 (산호동),6층,128.586590721846,35.2195839321275
창원,ok,,신세계백화점 마산점,올젠 신세계백화점 마산점,2925766,38,경상남도 창원시 마산합포구 합포로 251 (산호동),5층,128.586590721846,35.2195839321275
창원,ok,,신세계백화점 마산점,왁 신세계백화점 마산점,2925788,38,경상남도 창원시 마산합포구 합포로 251 (산호동),5층,128.586590721846,35.2195839321275
창원,ok,,신세계백화점 마산점,제이린드버그 신세계백화점 마산점,2925733,38,경상남도 창원시 마산합포구 합포로 251 (산호동),5층,128.586590721846,35.2195839321275
창원,ok,,신세계백화점 마산점,타미힐피거 신세계백화점 마산점,2925770,38,경상남도 창원시 마산합포구 합포로 251 (산호동),5층,128.586590721846,35.2195839321275
창원,ok,,신세계백화점 마산점,헤지스남성 신세계백화점 마산점,2925774,38,경상남도 창원시 마산합포구 합포로 251 (산호동),5층,128.586590721846,35.2195839321275
창원,ok,,신세계백화점 마산점,헨리코튼 신세계백화점 마산점,2925758,38,경상남도 창원시 마산합포구 합포로 251 (산호동),5층,128.586590721846,35.2195839321275
창원,ok,,아토 커피 창원 진해점,,,,,,,
창원,ok,,안주 일체 상남점,,,,,,,
창원,ok,,오핸즈하우스,,,,,,,
창원,ok,,용지공원 용지호수 공원,용지공원(용지문화공원),2863958,12,경상남도 창원시 성산구 중앙대로186번길 13,,128.6871083300,35.2293466680
창원,ok,,원더플레이스 창원상남점,,,,,,,
창원,ok,,이마트 마산점,,,,,,,
창원,ok,,장수 암,장수암,3386455,12,경상남도 창원시 마산합포구 구산면 원전1길 141,,128.62707468589144,35.07226278464404
창원,ok,,전 재경 스시,,,,,,,
창원,ok,,정직 유부 창원중앙역점,,,,,,,
창원,ok,,주남저수지 생태학습관,주남저수지 생태학습관,662127,14,경상남도 창원시 의창구 동읍 주남로101번길 32,,128.677897290122,35.3077436228417
창원,ok,,창원 NC 파크,,,,,,,
창원,ok,,창원 가로수길,창원 가로수길,3304841,12,경상남도 창원시 성산구 용호동,일원,128.6832580000,35.2368790000
창원,ok,,창원 북부리 팽나무,,,,,,,
창원,ok,,창원중앙역,,,,,,,
창원,ok,,카츠,고운 돈카츠,2901391,39,서울특별시 성동구 아차산로 92 (성수동2가),,127.05424255528814,37.54475238988022
창원,ok,,카츠,나마미 돈카츠,2866716,39,대전광역시 유성구 관평1로 52 (관평동),,127.3904294300,36.4240850691
창원,ok,,카츠,당포로나인 돈카츠,2861372,39,제주특별자치도 서귀포시 표선면 표선당포로 9,,126.8435882289,33.3257880323
창원,ok,,카츠,도톰카츠 청라점,2841871,39,인천광역시 서해구 청라커낼로223번길 5 (청라동),,126.6440970414,37.5283527319
창원,ok,,카츠,돈카츠 서황,2765218,39,제주특별자치도 제주시 애월읍 장소로 205-2,,126.3796037976,33.4343908561
창원,ok,,카츠,돈카츠인정,2847571,39,서울특별시 강서구 마곡중앙4로 22 파인스퀘어,a동 106호,126.829289022108,37.558278576237
창원,ok,,카츠,명월카츠,2906224,39,인천광역시 연수구 해돋이로 160-6 (송도동),꿈에계단 103호,126.6463966330,37.3948699118
창원,ok,,카츠,사야카츠,2844231,39,경상남도 창원시 성산구 귀산로 19,,128.6127971519,35.1634721540
창원,ok,,카츠,스시카츠,2838724,39,"인천광역시 서해구 청라커낼로233번길 15  ",,126.6431943209,37.5292553887
창원,ok,,카츠,시키카츠,2816100,39,서울특별시 동대문구 회기로 110,,127.048669445025,37.5913979409926
창원,ok,,카츠,오레노카츠 성수본점,2894841,39,서울특별시 성동구 성수일로 47 (성수동1가),,127.0496540439,37.5448052718
창원,ok,,카츠,카와카츠 본점,2932753,39,서울특별시 마포구 동교로 126 광남벨라스아파트,102호,126.9161889732,37.5547277946
창원,ok,,카츠,크레이지카츠,2853824,39,서울특별시 마포구 포은로2나길 44 (합정동),,126.9097249652,37.5505048774
창원,ok,,카츠,토라카츠,2869851,39,서울특별시 성북구 장월로1길 90,,127.0437778666,37.6050870499
창원,ok,,카츠,호랑이카츠,2902470,39,경상북도 경주시 사정로57번길 14,1층,129.2093964090,35.8377297647
창원,ok,,카츠,훈카츠,2808930,39,서울특별시 영등포구 선유로9길 10 문래 SK V1 center,,126.887151186264,37.5178650997687
창원,ok,,카페 마실,,,,,,,
창원,ok,,카페 섬섬,카페 섬섬,2844532,39,경상남도 창원시 마산합포구 장구해안길 7,,128.5666755858,35.0819776811
창원,ok,,콰이강의 다리 저도 스카이워크,,,,,,,
창원,ok,,투썸플레이스 마산 저도 점,,,,,,,
창원,ok,,포토이즘박스 창원상남점,,,,,,,
창원,ok,,하루필름 창원광장점,,,,,,,
창원,ok,,할리스 마산 저도 점,,,,,,,
창원,ok,,해양드라마 세트장,,,,,,,
창원,ok,,홈플러스 마산점,홈플러스 마산점,2930991,38,경상남도 창원시 마산회원구 삼호로 56 (양덕동),,128.585716314466,35.2226662559025
창원,ok,,홍콩반점 41 창원 감계점,,,,,,,
대구,ok,,2.28기념중앙공원,,,,,,,
대구,ok,,ABC마트 GS 대구 동성로 중앙점,,,,,,,
대구,ok,,DGB 대구은행 파크,,,,,,,
대구,ok,,H&M 대구 동성로점,,,,,,,
대구,ok,,MRNW,MRNW,2864490,14,대구광역시 북구 호국로 300-22 (서변동),,128.6007474339852,35.92997866645254
대구,ok,,NC백화점 해운대점,,,,,,,
대구,ok,,ZARA 동성로점,,,,,,,
대구,ok,,가온 밀면 김광석 거리점,,,,,,,
대구,ok,,고구마 스튜디오,,,,,,,
대구,ok,,고기 9단 침산직영점,,,,,,,
대구,ok,,고기9단 침산직영점,,,,,,,
대구,ok,,고릴라 캠핑 대구점,,,,,,,
대구,ok,,고메 밀면 해운대점,,,,,,,
대구,ok,,고인돌,강화 고인돌 유적 [유네스코 세계유산],125565,12,인천광역시 강화군 하점면 부근리,,126.437460207413,37.7733786355697
대구,ok,,고인돌,강화 오상리 고인돌군,2765210,12,인천광역시 강화군 내가면 오상리,,126.4022107557,37.7309554253
대구,ok,,고인돌,강화고인돌캠핑장,2733991,28,인천광역시 강화군 하점면 강화대로 994-40,,126.4358508522,37.7762285120
대구,ok,,고인돌,고창 고인돌 유적 [유네스코 세계유산],126547,12,전북특별자치도 고창군 고창읍 고인돌공원길 74,,126.6515349390,35.4415120412
대구,ok,,고인돌,고창 세계유산 고인돌박물관,799358,14,전북특별자치도 고창군 고창읍 고인돌공원길 74,,126.6515349390,35.4415120412
대구,ok,,고인돌,고척동 고인돌,2591799,12,서울특별시 구로구 고척동,산 8,126.8473068338,37.5086169645
대구,ok,,고인돌,교하동 고인돌 산림욕장,2569510,12,경기도 파주시 교하로1290번길 91-1 (당하동),,126.7405682153,37.7464151663
대구,ok,,고인돌,금산 천내리 용화리 고인돌,126885,12,충청남도 금산군 제원면 용화리,,127.5834793438,36.0991311786
대구,ok,,고인돌,삼거동 고인돌,129199,12,전남광주통합특별시 광산구 삼거동,산50,126.6725736251,35.1522951414
대구,ok,,고인돌,세계 최대 고인돌 왕국,2037718,25,,,126.7044055224,35.4303280891
대구,ok,,고인돌,순천 고인돌 공원,126317,12,전남광주통합특별시 순천시 송광면 고인돌길 543,(송광면),127.2249119423,34.9788399268
대구,ok,,고인돌,오산 고인돌공원,2733043,12,경기도 오산시 수목원로 449 (금암동),,127.0473,37.1729
대구,ok,,고인돌,옥천 석탄리 고인돌,125955,12,충청북도 옥천군 동이면 안터1길 36,,127.6186618954,36.3191011500
대구,ok,,고인돌,올리브영 창원고인돌사거리점,2909782,38,경상남도 창원시 성산구 마디미로73번길 25 (상남동),,128.683143704299,35.2197342133694
대구,ok,,고인돌,홍천고인돌오토캠핑장,2755563,28,강원특별자치도 홍천군 화촌면 구룡령로 578-10,,128.0008481496,37.7522628136
대구,ok,,고인돌,화순 고인돌 가을꽃 축제,3380662,15,전남광주통합특별시 화순군 도곡면 고인돌1로 180,,126.9169377939,34.9866366704
대구,ok,,고인돌,화순 고인돌 장동응회암 (무등산권 국가지질공원),2614884,12,전남광주통합특별시 화순군 도곡면 고인돌1로 180,,126.9169533590,34.9866762658
대구,ok,,고인돌,화순 고인돌군 유적 [유네스코 세계유산],127190,12,전남광주통합특별시 화순군 도곡면 효산리 64,일대,126.9178560502,34.9869568050
대구,ok,,고인돌,화순 고인돌선사체험장,3081792,12,전남광주통합특별시 화순군 도곡면 효산리,156,126.9164,34.9871
대구,ok,,고인돌,화순 고인돌유적을 따라 걷다,1886076,25,,,126.9536332936,34.9932344781
대구,ok,,곳간,달빛곳간,3354268,12,전북특별자치도 임실군 삼계면 세심길 26,,127.2500360869,35.4927858852
대구,ok,,곳간,대풍삼대육곳간,2576049,39,경상남도 창원시 성산구 마디미서로 46,,128.6814507032,35.2214891135
대구,ok,,곳간,보리곳간,2857930,39,충청북도 단양군 사평3길 6-1 단양보리곳간,,128.3848845068,37.0261953030
대구,ok,,곳간,호랭이곳간 본점,2905193,39,인천광역시 연수구 송도과학로16번길 33-3 송도 트리플스트리트,C동 지하2층,126.661249322269,37.3798167766132
대구,ok,,곳간,황소곳간,719218,39,경상북도 안동시 풍산읍 풍산태사로 1029,,128.5708447787,36.5789166960
대구,ok,,교동 귀금속 거리,,,,,,,
대구,ok,,국립대구 박물관,국립대구박물관,130132,14,대구광역시 수성구 청호로 321,,128.6383484648,35.8455790962
대구,ok,,국립대구과학관,국립대구과학관,1956986,14,대구광역시 달성군 테크노대로6길 20 국립대구과학관,,128.4664205954,35.6862004488
대구,ok,,국채보상운동 기념공원,국채보상운동기념공원,651687,12,대구광역시 중구 국채보상로 670 (동인동2가),,128.6016,35.8686
대구,ok,,군위전통시장,,,,,,,
대구,ok,,금송덕미 행리단길점,,,,,,,
대구,ok,,길촌쭈꾸미,,,,,,,
대구,ok,,김광석 거리 관광안내소,,,,,,,
대구,ok,,김광석 길 콘서트홀,,,,,,,
대구,ok,,김광석 다시 그리기 길,김광석다시그리기길,1871383,12,대구광역시 중구 달구벌대로 2238,,128.6074607301,35.8614155786
대구,ok,,까사 부사로,,,,,,,
대구,ok,,까오 동성로점,,,,,,,
대구,ok,,나그놀,나그놀 스트릿점,2930650,38,대구광역시 중구 동성로2길 50-14 (삼덕동1가),,128.597399259359,35.8678533929112
대구,ok,,나이스 키친,,,,,,,
대구,ok,,낙영 찜 갈비 본점,낙영찜갈비,637751,39,대구광역시 중구 동덕로36길 9-17,,128.6026952500,35.8742668582
대구,ok,,남평 문씨 인흥 세거지,남평문씨본리세거지,1611891,12,대구광역시 달성군 화원읍 인흥3길 16,,128.5183355112,35.7922579204
대구,ok,,네이처 컬렉션 동성로점,,,,,,,
대구,ok,,네이처파크,네이처파크,2756646,12,대구광역시 달성군 가창면 가창로 891,,128.6366446802,35.7881505155
대구,ok,,노티스 부산 해운대,,,,,,,
대구,ok,,다솥맛집 송정점,다솥맛집,2785275,39,부산광역시 해운대구 송정광어골로 29 (송정동),,129.1979263154,35.1786034198
대구,ok,,다이소 대구 동성로 본점,,,,,,,
대구,ok,,단,가시리국산화풍력발전단지,3026711,12,제주특별자치도 서귀포시 표선면 녹산로 464-78,,126.7341100468,33.3939370848
대구,ok,,단,강릉단오제,531391,15,강원특별자치도 강릉시 단오장길 1,강릉단오제전수교육관,128.8949883724,37.7481582843
대구,ok,,단,강릉단오제전수교육관,1722228,14,강원특별자치도 강릉시 단오장길 1,(노암동),128.8950253200,37.7481857234
대구,ok,,단,강화 참성단,127802,12,인천광역시 강화군 화도면 흥왕리,산 42-1번지,126.429876,37.615596
대구,ok,,단,거창 거기리 성황단,1578694,12,경상남도 거창군 주상면 거기리,,127.9391237212,35.7559265332
대구,ok,,단,검단산,750824,12,경기도 하남시 신장동,,127.2494005353,37.5175620426
대구,ok,,단,검단수로,2768226,28,인천광역시 검단구 오류동 1460,(오류동),126.5926277920,37.5904168234
대구,ok,,단,검단집,1214384,39,경기도 가평군 청평면 호반로 1226,,127.5021218350,37.7156353239
대구,ok,,단,검단태백산 본점,2843922,39,인천광역시 검단구 완정로 151 (왕길동),,126.6592519591,37.6011584172
대구,ok,,단,경기문화재단 아트홀(구 다산홀),3084989,14,경기도 수원시 팔달구 인계로 178 (인계동),,127.03691120096265,37.265935736171386
대구,ok,,단,경리단길,2930839,12,서울특별시 용산구 이태원동,210-65,126.9875154390,37.5384521160
대구,ok,,단,경산 하양경관농업단지,2780006,12,경상북도 경산시 하양읍 부호리,,128.8024,35.9
대구,ok,,단,경주 금리단길,2992067,12,경상북도 경주시 원효로 127,,129.2148312586,35.8420235954
대구,ok,,단,경주 보문관광단지,126230,12,경상북도 경주시 보문로 446 (신평동),,129.2869679882431,35.84369802390392
대구,ok,,단,경주 비단벌레 전동차,3417731,12,경상북도 경주시 첨성로 149 (황남동),,129.21736653474522,35.83562045848707
대구,ok,,단,경주 황리단길,2658227,12,경상북도 경주시 포석로 1080 (황남동),,129.20995370588062,35.83740829748873
대구,ok,,단,경주 황리단길 한옥 독채 풀빌라 무와,3102068,32,경상북도 경주시 첨성로49번길 32-2 (사정동),,129.2079903635,35.8359852596
대구,ok,,단,경주단골식당 본점,2907183,39,경상북도 경주시 충효녹지길 30,,129.1875816827,35.8414955676
대구,ok,,단,경주황리단길숙소 한옥스테이 목화,3532956,32,경상북도 경주시 포석로1068번길 15-11 (황남동),,129.2111956188,35.8366713533
대구,ok,,단,경주황소곱창 황리단길본점,2907299,39,경상북도 경주시 금성로182번길 13,,129.2087236917,35.8339021752
대구,ok,,달성 공원 동물원,달성공원,126130,12,대구광역시 중구 달성공원로 35 (달성동),,128.5794806492,35.8735109601
대구,ok,,대구 반야월 막창 대구 종로점,,,,,,,
대구,ok,,대구 백화점 대백플라자점,,,,,,,
대구,ok,,대구 삼성 라이온즈 파크,,,,,,,
대구,ok,,대구 섬유 박물관,대구섬유박물관,2470055,12,대구광역시 동구 팔공로 227 (봉무동),,128.6403212387,35.9191430272
대구,ok,,대구 이월드,이월드,128627,12,대구광역시 달서구 두류공원로 200,(두류동),128.5648324581,35.8548822436
대구,ok,,대구 중구 골목투어 근대문화골목(2코스),대구 근대골목(근대로의 여행),2042995,12,대구광역시 중구 국채보상로102길 66,,128.5867579454,35.8677811868
대구,ok,,대구근대골목 단팥빵 동성로 본점,,,,,,,
대구,ok,,대구근대역사관,대구근대역사관,1251806,14,대구광역시 중구 경상감영길 67 (포정동),,128.5911879980,35.8718391430
대구,ok,,대구근대화 골목,대구 근대골목(근대로의 여행),2042995,12,대구광역시 중구 국채보상로102길 66,,128.5867579454,35.8677811868
대구,ok,,대구미술관,대구미술관,1856967,14,대구광역시 수성구 미술관로 40 대구미술관,,128.6743652541,35.8270707445
대구,ok,,대구약령 시장,,,,,,,
대구,ok,,대구역,동대구역광장,2742496,12,대구광역시 동구 동대구로 550 (신암동),,128.6288011378,35.8794806389
대구,ok,,대구역,올리브영 동대구역사점,2915487,38,대구광역시 동구 동대구로 550 (신암동),,128.628775532684,35.8794361440597
대구,ok,,대구역,핸드메이드 숙소 호텔제나 서대구역점,3474193,32,대구광역시 서구 서대구로25길 5 (평리동),,128.5536885908,35.8694470557
대구,ok,,대구역,호텔여기어때 대구역점,2570452,32,대구광역시 중구 서성로 102-6,,128.588273256546,35.8754552173436
대구,ok,,대구예술 발전소,대구예술발전소,1935424,14,대구광역시 중구 달성로22길 31-12,,128.5845523698,35.8754886074
대구,ok,,대구오페라하우스,대구오페라하우스,130665,14,대구광역시 북구 호암로 15,,128.5922514697,35.8834739558
대구,ok,,대구읍성 상징 조형물,,,,,,,
대구,ok,,대구혁신도시 서한이 다음 2차 아파트,,,,,,,
대구,ok,,대구혁신도시 서한이 다음 2차 아파트 배드민턴장,,,,,,,
대구,ok,,대백플라자 갤러리,,,,,,,
대구,ok,,대봉 1동 행정복지센터,,,,,,,
대구,ok,,대봉동 능소화폭포,,,,,,,
대구,ok,,더 리터 이시아폴리스점,,,,,,,
대구,ok,,더 현대 대구,,,,,,,
대구,ok,,도리 집 동성로 광장점,,,,,,,
대구,ok,,도마 29,,,,,,,
대구,ok,,동대구 터미널,,,,,,,
대구,ok,,동대구역,동대구역광장,2742496,12,대구광역시 동구 동대구로 550 (신암동),,128.6288011378,35.8794806389
대구,ok,,동대구역,올리브영 동대구역사점,2915487,38,대구광역시 동구 동대구로 550 (신암동),,128.628775532684,35.8794361440597
대구,ok,,동산계곡,동산계곡,126816,12,대구광역시 군위군 부계면 원효길,,128.669158121132,36.0420146798742
대구,ok,,동서시장,,,,,,,
대구,ok,,동성로 로데오거리,대구 동성로거리,2599899,12,대구광역시 중구 동성로2길 27,,128.5940850103,35.8702143803
대구,ok,,동성로 스타 비앤비,,,,,,,
대구,ok,,동아백화점 쇼핑점,토니모리 동아백화점 쇼핑점,2930746,38,대구광역시 중구 달구벌대로 2085 (덕산동),,128.591841588613,35.8663335069594
대구,ok,,동아백화점 수성점,,,,,,,
대구,ok,,동인,동인동 찜갈비 골목,1960611,12,대구광역시 중구 동인동1가,,128.6051506807,35.8709867192
대구,ok,,동인,동인비 명동지사,4027282,38,서울특별시 중구 퇴계로18길 10 (남산동1가),호경빌딩,126.985029677959,37.5604213517731
대구,ok,,동인,동인천 낭만축제,2560781,15,인천광역시 제물포구 화도진로 53 (송현동),,126.6319170649,37.4764716332
대구,ok,,동인,동인천 삼치거리,735753,12,인천광역시 제물포구 우현로67번길 57,,126.628658161985,37.4756684039808
대구,ok,,동인,동인천역 북광장,2768117,12,인천광역시 제물포구 화도진로 53 (송현동),,126.63191706489833,37.47647163319748
대구,ok,,동인,문동인간미,2899850,39,경상남도 거제시 문동4길 32,,128.6509824368,34.8619343878
대구,ok,,동인,스파이더 동인천점,4026157,38,인천광역시 제물포구 개항로 39-2 (내동),,126.627148634126,37.472058459339
대구,ok,,동인,씨채널안경 동인천점,4026158,38,인천광역시 제물포구 개항로 56 (내동),,126.628631645804,37.4722514397094
대구,ok,,동인,정관장&동인비 LOUNGE1899 금호본점,4012233,38,전남광주통합특별시 서구 풍금로 165 (금호동),,126.859264608879,35.1306911002314
대구,ok,,동인,정관장&동인비 LOUNGE1899 배곧본점,2925814,38,경기도 시흥시 배곧3로 96 (배곧동),,126.730011406139,37.3698180111966
대구,ok,,동인,정관장&동인비 LOUNGE1899 은평뉴타운본점,4012682,38,서울특별시 은평구 진관2로 15-46 (진관동),1층,126.919081540985,37.6386515578411
대구,ok,,동인,정관장&동인비 죽전본점,4025485,38,경기도 용인시 수지구 현암로 160 (죽전동),,127.126946586659,37.3314077954437
대구,ok,,동인,추동인공생태습지,1125505,12,대전광역시 동구 추동,331,127.4691182418,36.3724451577
대구,ok,,동화사,동화사(대구),126160,12,대구광역시 동구 동화사1길 1 (도학동),,128.6985587221,35.9843506081
대구,ok,,동화사,동화사(충북),127364,12,충청북도 청주시 서원구 남이면 척산화당로 444,(남이면),127.4852592789,36.5455978409
대구,ok,,동화사,팔공산국립공원(동화사지구),127659,12,대구광역시 동구 동화사1길 1,,128.6961615543,35.9899388189
대구,ok,,드래그 하우스,,,,,,,
대구,ok,,디저트 39 대구 동성로점,,,,,,,
대구,ok,,딥 플로어 커피,,,,,,,
대구,ok,,땅땅 치킨 랜드,치킨체험 테마파크 땅땅치킨랜드,2581263,12,대구광역시 동구 팔공로 220-2,,128.641664253103,35.9174817703966
대구,ok,,뚜레쥬르 해운대 중동점,,,,,,,
대구,ok,,라움아 틀 리에,라움아틀리에,3008745,38,대구광역시 중구 중앙대로 394-8 (동성로3가),,128.59413505240897,35.86804161824374
대구,ok,,랑데자뷰 대구 동성로점,,,,,,,
대구,ok,,레브 슈프레,,,,,,,
대구,ok,,레이어 헤어 칠성점,,,,,,,
대구,ok,,로우 앤스 웃,,,,,,,
대구,ok,,롤러 커피,롤러커피,2840714,39,대구광역시 중구 달구벌대로414길 36 (남산동),,128.5892939232,35.8645538214
대구,ok,,롤링핀 덕천 418점,,,,,,,
대구,ok,,롯데 아웃렛 이시아폴리스점,,,,,,,
대구,ok,,롯데시네마 프리미엄만 경,,,,,,,
대구,ok,,루시드,루시드,1939809,39,대구광역시 중구 동성로4길 94,,128.599625150828,35.8687840004572
대구,ok,,룰리 커피 가창점,,,,,,,
대구,ok,,룸증에 이 동성로 2호점,,,,,,,
대구,ok,,마이카츠 범어역점,,,,,,,
대구,ok,,말랑캣,,,,,,,
대구,ok,,맥도날드 대구 황금 DT 점,,,,,,,
대구,ok,,맴맴,,,,,,,
대구,ok,,메가 MGC 커피 해운대 해변점,,,,,,,
대구,ok,,메가박스 대구 이시아,,,,,,,
대구,ok,,몽글몽글 구름 순두부,,,,,,,
대구,ok,,무브먼트 래 부산,,,,,,,
대구,ok,,물 베기 한정식,물베기한정식,858791,39,대구광역시 남구 중앙대로51길 23,,128.5891052839,35.8561742112
대구,ok,,미노스서프 부산본점,,,,,,,
대구,ok,,미식가의 가락국수 센텀점,,,,,,,
대구,ok,,미파집,,,,,,,
대구,ok,,바스코,,,,,,,
대구,ok,,밥 먹고 갑시다,,,,,,,
대구,ok,,배스킨라빈스 대구 신암점,,,,,,,
대구,ok,,범어공원,,,,,,,
대구,ok,,베즐리 더 현대 대구점,,,,,,,
대구,ok,,벡스코 제2전시장,벡스코(BEXCO),130668,14,부산광역시 해운대구 APEC로 55,,129.1363347095,35.1691116738
대구,ok,,벽돌집,,,,,,,
대구,ok,,블루 보틀 커피 트럭 부산,,,,,,,
대구,ok,,블루문 앤코 동성로점,,,,,,,
대구,ok,,빽다방 대구 교동시장점,,,,,,,
대구,ok,,산리 오러 버스 클럽,,,,,,,
대구,ok,,산에 꽃이 피네,,,,,,,
대구,ok,,삼송 1957,,,,,,,
대구,ok,,삼송 빵집 본점,,,,,,,
대구,ok,,생수정식당,생수정(생수정식당),2756560,39,대구광역시 달성군 가창면 우록3길 58,,128.6371493280,35.7182018092
대구,ok,,샤브향 대구 태전점,,,,,,,
대구,ok,,서문시장,대구 서문시장 & 서문시장 야시장,132532,38,대구광역시 중구 큰장로26길 45,,128.5807862176,35.8689226144
대구,ok,,서프짐,,,,,,,
대구,ok,,선분,,,,,,,
대구,ok,,성당못,성당못,2751543,12,대구광역시 달서구 공원순환로 216 (성당동),,128.5620913067,35.8450388632
대구,ok,,센도리,,,,,,,
대구,ok,,수성못,수성못 유원지,1115613,12,대구광역시 수성구 두산동,512,128.6177257792,35.8276418564
대구,ok,,수성못유원지,수성못 유원지,1115613,12,대구광역시 수성구 두산동,512,128.6177257792,35.8276418564
대구,ok,,숨은 집,,,,,,,
대구,ok,,쉐이크쉑 부산 센텀점,,,,,,,
대구,ok,,스완네,,,,,,,
대구,ok,,스타벅스 대구 계산,,,,,,,
대구,ok,,스타벅스 대구 종로 고택점,,,,,,,
대구,ok,,스타벅스 대구중앙로 역점,,,,,,,
대구,ok,,스타벅스 센텀시티역점,,,,,,,
대구,ok,,스파크 랜드,스파크랜드,2704112,12,대구광역시 중구 동성로6길 61,(공평동),128.5987391255,35.8687062154
대구,ok,,스파크 랜드 대관람차,스파크랜드,2704112,12,대구광역시 중구 동성로6길 61,(공평동),128.5987391255,35.8687062154
대구,ok,,시골밥상,가림시골밥상,2832447,39,경기도 파주시 탄현면 새오리로 68,,126.6858608619,37.7906479225
대구,ok,,시골밥상,고향집시골밥상,2853652,39,경기도 파주시 새오리로 30,,126.6885134672,37.7881677035
대구,ok,,시골밥상,돌솥밥시골밥상,2763833,39,경기도 이천시 호법면 이섭대천로96번길 66,,127.3967040703,37.2167884341
대구,ok,,시골밥상,밀양시골밥상,2903881,39,울산광역시 중구 태화강국가정원길 163 (태화동),,129.2927590854,35.5498461653
대구,ok,,시골밥상,소리소 시골밥상,2836844,39,경기도 남양주시 진건읍 진건우회로 95-1,,127.1815334596,37.6505536981
대구,ok,,시골밥상,시골밥상,135585,39,강원특별자치도 정선군 사북읍 사북중앙로 67,,128.822086449883,37.2273448917619
대구,ok,,시골밥상,시골밥상,2782374,39,강원특별자치도 평창군 봉평면 기풍5길 18,,128.3766483061,37.6162521113
대구,ok,,시골밥상,시골밥상닭갈비,1210481,39,경기도 가평군 가평읍 경춘로 1793,,127.482332215175,37.7990472425799
대구,ok,,시골밥상,어머니가 차려주시는 시골밥상,2828095,39,대전광역시 서구 구봉산북로280번길 10-24,,127.34532969402,36.298182001974
대구,ok,,시골밥상,옛날시골밥상,856028,39,경기도 파주시 탄현면 새오리로 110,,126.6860996317,37.7940919694
대구,ok,,시골밥상,우리집시골밥상,2893575,39,경기도 여주시 점동면 장여로 1315-5,,127.6663074810,37.2170460950
대구,ok,,시골밥상,풍원장시골밥상집,2832642,39,부산광역시 기장군 기장읍 기장해안로 250,,129.2232402619,35.1974490024
대구,ok,,신 전 뮤지엄,신전뮤지엄,2751525,14,대구광역시 북구 관음로 43 (관음동),,128.5401046371,35.9347894045
대구,ok,,신라 식당,,,,,,,
대구,ok,,신세계백화점 대구점,갤럭시라이프스타일 신세계백화점 대구점,2929314,38,대구광역시 동구 동부로 149 (신천동),2층,128.629190024219,35.8779406718693
대구,ok,,신세계백화점 대구점,골든듀 신세계백화점 대구점,2928871,38,대구광역시 동구 동부로 149 (신천동),1층,128.629190024219,35.8779406718693
대구,ok,,신세계백화점 대구점,다이아미 신세계백화점 대구점,2929308,38,대구광역시 동구 동부로 149 (신천동),1층,128.629190024219,35.8779406718693
대구,ok,,신세계백화점 대구점,델보 신세계백화점 대구점,4012242,38,대구광역시 동구 동부로 149 (신천동),5층,128.629190024219,35.8779406718693
대구,ok,,신세계백화점 대구점,듀퐁 신세계백화점 대구점,4012240,38,대구광역시 동구 동부로 149 (신천동),5층,128.629190024219,35.8779406718693
대구,ok,,신세계백화점 대구점,디올 신세계백화점 대구점,2930096,38,대구광역시 동구 동부로 149 (신천동),,128.629190024219,35.8779406718693
대구,ok,,신세계백화점 대구점,로저비비에 신세계백화점 대구점,2929309,38,대구광역시 동구 동부로 149 (신천동),,128.629190024219,35.8779406718693
대구,ok,,신세계백화점 대구점,롤렉스 신세계백화점 대구점,4026505,38,대구광역시 동구 동부로 149 (신천동),1층,128.629190024219,35.8779406718693
대구,ok,,신세계백화점 대구점,루첸리 신세계백화점 대구점,4012243,38,대구광역시 동구 동부로 149 (신천동),,128.629190024219,35.8779406718693
대구,ok,,신세계백화점 대구점,미꼬 신세계백화점 대구점,2905707,38,대구광역시 동구 동부로 149 (신천동),1층,128.629190024219,35.8779406718693
대구,ok,,신세계백화점 대구점,발렌티노 신세계백화점 대구점,2929298,38,대구광역시 동구 동부로 149 (신천동),5층,128.629190024219,35.8779406718693
대구,ok,,신세계백화점 대구점,버버리칠드런 신세계백화점 대구점,4026510,38,대구광역시 동구 동부로 149 (신천동),7층,128.629190024219,35.8779406718693
대구,ok,,신세계백화점 대구점,보테가베네타 신세계백화점 대구점,2929640,38,대구광역시 동구 동부로 149 (신천동),,128.629190024219,35.8779406718693
대구,ok,,신세계백화점 대구점,불가리 신세계백화점 대구점,2930035,38,대구광역시 동구 동부로 149 (신천동),5층,128.629190024219,35.8779406718693
대구,ok,,신세계백화점 대구점,빈폴레이디스 신세계백화점 대구점,2929313,38,대구광역시 동구 동부로 149 (신천동),3층,128.629190024219,35.8779406718693
대구,ok,,신세계백화점 대구점,예거르쿨트르 신세계백화점 대구점,4026506,38,대구광역시 동구 동부로 149 (신천동),1층,128.629190024219,35.8779406718693
대구,ok,,신세계백화점 대구점,오메가 신세계백화점 대구점,2929284,38,대구광역시 동구 동부로 149 (신천동),1층,128.629190024219,35.8779406718693
대구,ok,,신세계백화점 대구점,유니클로 신세계백화점 대구점,2924373,38,대구광역시 동구 동부로 149 (신천동),,128.629190024219,35.8779406718693
대구,ok,,신세계백화점 대구점,입생로랑뷰티 신세계백화점 대구점,4026507,38,대구광역시 동구 동부로 149 (신천동),1층,128.629190024219,35.8779406718693
대구,ok,,신세계백화점 대구점,카카오프렌즈 신세계백화점 대구점,4026511,38,대구광역시 동구 동부로 149 (신천동),8층,128.629190024219,35.8779406718693
대구,ok,,신전 뮤지엄,신전뮤지엄,2751525,14,대구광역시 북구 관음로 43 (관음동),,128.5401046371,35.9347894045
대구,ok,,신지,신지도.고금도.약산도(바다낚시),131099,28,전남광주통합특별시 완도군 신지면,(신지면),126.827154169428,34.3346897212502
대구,ok,,신지,신지명사십리해수욕장,147317,12,"전남광주통합특별시 완도군 신지면 ",,126.8122400000,34.3271450000
대구,ok,,신지,신지천 생태 습지,3066678,12,전북특별자치도 진안군 안천면 신괴리,425-10,127.5410693032,35.8893737476
대구,ok,,신지,신지횟집,2907061,39,전남광주통합특별시 완도군 완도읍 해변공원로 117,,126.7478930304948,34.32393827196255
대구,ok,,심지,경상도의 중심지였던 상주를 만나다,1871068,25,,,128.1056625959,36.4311443978
대구,ok,,심지,서울의 역사 중심지를 걷다,1952958,25,,,126.9595313048,37.5779368574
대구,ok,,씨라 이르 부산아쿠아리움,씨라이프부산아쿠아리움,229912,12,부산광역시 해운대구 해운대해변로 266,(중동),129.1610328343,35.1591965750
대구,ok,,아눅앞산,아눅 앞산,2766495,39,대구광역시 남구 앞산순환로 459 (대명동),,128.5752071716,35.8322822149
대구,ok,,아트플러스 시어터,,,,,,,
대구,ok,,안지 곱창,안지랑 곱창골목,998882,12,대구광역시 남구 안지랑로16길 67,,128.5751903786,35.8369094686
대구,ok,,앞산 큰 골 집 동성로점,,,,,,,
대구,ok,,애리스커피스탠드,,,,,,,
대구,ok,,에스닷 대구점,,,,,,,
대구,ok,,에잇 세컨즈 대구 동성로 본점,,,,,,,
대구,ok,,영풍문고 대구역 롯데점,,,,,,,
대구,ok,,영화의 전당 비프힐,부산 영화의 거리,2946508,12,"부산광역시 해운대구 마린시티1로 91 (우동, 마린시티두산위브포세이돈)",,129.1444371716,35.1549495207
대구,ok,,오이시카츠,,,,,,,
대구,ok,,오퐁드부아 티 하우스,오퐁드부아,2856259,39,대구광역시 달성군 가창면 주리2길 104,,128.6184944645,35.7524614839
대구,ok,,우마 이미 세,,,,,,,
대구,ok,,우스터,,,,,,,
대구,ok,,웰 크레페 동성로점,,,,,,,
대구,ok,,윈드윈,,,,,,,
대구,ok,,윤옥연할매떡볶이 본점,윤옥연할매떡볶이 본점,1894526,39,대구광역시 수성구 들안로77길 11 (수성동4가),,128.6170525892,35.8645487783
대구,ok,,이 안동 대구 아파트,,,,,,,
대구,ok,,이디야커피 국립대구 박물관 점,,,,,,,
대구,ok,,이디야커피 동대구 환승센터점,,,,,,,
대구,ok,,인디브랜드 동성로 2호점,,,,,,,
대구,ok,,인투,그랜드 인투라온 호텔 정선,2913870,32,강원특별자치도 정선군 사북읍 사북리 354-32,,128.8123847368,37.2267414821
대구,ok,,전주행 둘,,,,,,,
대구,ok,,종로구 집,,,,,,,
대구,ok,,주교좌 계산 대성당,,,,,,,
대구,ok,,중화반점,중화반점,638187,39,대구광역시 중구 중앙대로 406-12,(남일동),128.594400630113,35.8692727337341
대구,ok,,참숯 삼인조,,,,,,,
대구,ok,,청라언덕,동산청라언덕,2611140,12,대구광역시 중구 달구벌대로 2029 (동산동),,128.5849554948,35.8666074145
대구,ok,,커들 포드,커들포드,2856228,39,대구광역시 동구 팔공로 1334,,128.7232600252,35.9593650086
대구,ok,,코오롱야외음악당,대구 코오롱 야외음악당,130411,14,대구광역시 달서구 야외음악당로 180,(두류동),128.5561555513,35.8510547396
대구,ok,,코잔타,,,,,,,
대구,ok,,코지 하우스,,,,,,,
대구,ok,,크레이지팡팡,크레이지팡팡,2994353,28,대구광역시 중구 진골목길 32,,128.5930545836,35.8688561820
대구,ok,,클럽 디 오아시스,클럽디 오아시스,2994680,12,부산광역시 해운대구 달맞이길 30 엘시티,,129.168483,35.160042
대구,ok,,투썸플레이스 대구 매천시장역점,,,,,,,
대구,ok,,티 비 에이,,,,,,,
대구,ok,,티 안이 티에프,티아이티에프,2855996,39,대구광역시 동구 팔공산로 1169 (용수동),,128.6927119045,35.9882833871
대구,ok,,파라다이스호텔 부산,,,,,,,
대구,ok,,팔공산 케이블카,팔공산 케이블카,1626349,12,대구광역시 동구 팔공산로185길 51,,128.6948699756,35.9908470255
대구,ok,,팡팡팡,,,,,,,
대구,ok,,펀이 락 볼링장,,,,,,,
대구,ok,,페이지 2,,,,,,,
대구,ok,,포도도,경포도도애견펜션,2913606,32,강원특별자치도 강릉시 하남길 197-15,,128.8856798604,37.8081785994
대구,ok,,폴 바셋 롯데백화점 대구점,,,,,,,
대구,ok,,폴트 버거 더 현대 대구점,,,,,,,
대구,ok,,푸른 회 식당,푸른회식당,2738031,39,대구광역시 서구 달구벌대로375길 14-1 (내당동),,128.5701651148,35.8623203882
대구,ok,,피에스,에스피에스타,3532569,32,경상북도 포항시 북구 여남포길21번길 15-8 (환호동),3층,129.4066661148,36.0734233130
대구,ok,,피에스,올리브영 인천라피에스타점,2918704,38,인천광역시 남동구 논고개로 61 (논현동),,126.727520375664,37.3975373516636
대구,ok,,피에스,피에스타 안경 위드렌즈 연희점,4025578,38,서울특별시 서대문구 연희로 38 (연희동),1-2층,126.927648434353,37.5620731027628
대구,ok,,하루 필름 대구 동성로 2호점,,,,,,,
대구,ok,,한국건강관리협회 경북 대구 북부지부,,,,,,,
대구,ok,,합스,,,,,,,
대구,ok,,해성 막창집 본점,해성막창집본점,2778403,39,부산광역시 해운대구 중동1로19번길 29,ㅌ,129.163278151468,35.1638946239595
대구,ok,,해운대 밀면,해운대밀면,2903812,39,부산광역시 해운대구 중동2로10번길 21,,129.16570016174,35.1634030606309
대구,ok,,해운대 시외버스정류소,,,,,,,
대구,ok,,해운대해수욕장,해운대해수욕장,126081,12,부산광역시 해운대구 해운대해변로 264,(우동),129.160278564827,35.1590840227225
대구,ok,,행리단길,행리단길,3033047,12,경기도 수원시 팔달구 화서문로 43 (장안동),,127.0127633314099,37.28534203779344
대구,ok,,호이 안,,,,,,,
대구,ok,,홈플러스 칠곡점,홈플러스 칠곡점,2915309,38,대구광역시 북구 동암로12길 8 (동천동),,128.555859679587,35.9449268172911
대구,ok,,화산 산성,,,,,,,
대구,ok,,환상문학,,,,,,,
대전,ok,,BMK 컨벤션,,,,,,,
대전,ok,,CGV 대전,,,,,,,
대전,ok,,GS25 도룡 코아루 점,,,,,,,
대전,ok,,GS칼텍스 구봉산 셀프주유소,,,,,,,
대전,ok,,HM 대전 둔산점,,,,,,,
대전,ok,,NC백화점 중앙로역점,,,,,,,
대전,ok,,PC 토랑,,,,,,,
대전,ok,,갈마봉 근린공원,,,,,,,
대전,ok,,갈마역 대전 1호선,,,,,,,
대전,ok,,개천 식당,개천식당,2580239,39,대전광역시 동구 대전로779번길 41-1 (원동),,127.4315394615,36.3285633966
대전,ok,,갤러리아백화점 타임월드점,갤러리아백화점 타임월드점,132672,38,대전광역시 서구 대덕대로 211,,127.378238967345,36.3518372569145
대전,ok,,갤러리아백화점 타임월드점,갤러리아백화점 타임월드점,2911526,38,대전광역시 서구 대덕대로 211 (둔산동),,127.378167047167,36.3519543043064
대전,ok,,갤러리아백화점 타임월드점,갤럭시라이프스타일 갤러리아백화점 타임월드점,2926580,38,대전광역시 서구 대덕대로 211 (둔산동),6층,127.378167047167,36.3519543043064
대전,ok,,갤러리아백화점 타임월드점,구찌 갤러리아백화점 타임월드점,4012286,38,대전광역시 서구 대덕대로 211 (둔산동),1층,127.378167047167,36.3519543043064
대전,ok,,갤러리아백화점 타임월드점,구찌뷰티 갤러리아백화점 타임월드점,2909833,38,대전광역시 서구 대덕대로 211 (둔산동),1층,127.378167047167,36.3519543043064
대전,ok,,갤러리아백화점 타임월드점,끌로에 갤러리아백화점 타임월드점,4026957,38,대전광역시 서구 대덕대로 211 (둔산동),2층,127.378167047167,36.3519543043064
대전,ok,,갤러리아백화점 타임월드점,랄프로렌칠드런 갤러리아백화점 타임월드점,4026962,38,대전광역시 서구 대덕대로 211 (둔산동),5층,127.378167047167,36.3519543043064
대전,ok,,갤러리아백화점 타임월드점,메종마르지엘라 갤러리아백화점 타임월드점,4026958,38,대전광역시 서구 대덕대로 211 (둔산동),2층,127.378167047167,36.3519543043064
대전,ok,,갤러리아백화점 타임월드점,발렌티노 갤러리아백화점 타임월드점,4012284,38,대전광역시 서구 대덕대로 211 (둔산동),2층,127.378167047167,36.3519543043064
대전,ok,,갤러리아백화점 타임월드점,보테가베네타 갤러리아백화점 타임월드점,4012285,38,대전광역시 서구 대덕대로 211 (둔산동),2층,127.378167047167,36.3519543043064
대전,ok,,갤러리아백화점 타임월드점,빈폴골프 갤러리아백화점 타임월드점,2926578,38,대전광역시 서구 대덕대로 211 (둔산동),7층,127.378167047167,36.3519543043064
대전,ok,,갤러리아백화점 타임월드점,빈폴멘 갤러리아백화점 타임월드점,2926579,38,대전광역시 서구 대덕대로 211 (둔산동),6층,127.378167047167,36.3519543043064
대전,ok,,갤러리아백화점 타임월드점,스톤헨지 갤러리아백화점 타임월드점,4026961,38,대전광역시 서구 대덕대로 211 (둔산동),4층,127.378167047167,36.3519543043064
대전,ok,,갤러리아백화점 타임월드점,올세인츠 갤러리아백화점 타임월드점,4026960,38,대전광역시 서구 대덕대로 211 (둔산동),3층,127.378167047167,36.3519543043064
대전,ok,,갤러리아백화점 타임월드점,입생로랑 갤러리아백화점 타임월드점,4026956,38,대전광역시 서구 대덕대로 211 (둔산동),,127.378167047167,36.3519543043064
대전,ok,,갤러리아백화점 타임월드점,젠틀몬스터 갤러리아백화점 타임월드점,2926012,38,대전광역시 서구 대덕대로 211 (둔산동),1층,127.378167047167,36.3519543043064
대전,ok,,갤러리아백화점 타임월드점,코오롱스포츠 갤러리아백화점 타임월드점,4026963,38,대전광역시 서구 대덕대로 211 (둔산동),7층,127.378167047167,36.3519543043064
대전,ok,,갤러리아백화점 타임월드점,토즈 갤러리아백화점 타임월드점,4026959,38,대전광역시 서구 대덕대로 211 (둔산동),2층,127.378167047167,36.3519543043064
대전,ok,,갤러리아백화점 타임월드점,튜더 갤러리아백화점 타임월드점,4012283,38,대전광역시 서구 대덕대로 211 (둔산동),1층,127.378167047167,36.3519543043064
대전,ok,,갤러리아백화점 타임월드점,프라다 갤러리아백화점 타임월드점,2911577,38,대전광역시 서구 대덕대로 211 (둔산동),1층,127.378167047167,36.3519543043064
대전,ok,,계룡스파텔,,,,,,,
대전,ok,,계족산 황톳길,계족산 황톳길,1720749,28,대전광역시 대덕구 장동,,127.4538486,36.3947042
대전,ok,,고베규카츠 대전은행점,,,,,,,
대전,ok,,고소한 식물원,,,,,,,
대전,ok,,고속버스 둔산(청사) 정류장,,,,,,,
대전,ok,,고운대,,,,,,,
대전,ok,,고촉사,,,,,,,
대전,ok,,공간 태리,공간태리,2900942,39,대전광역시 유성구 수통골로 9 (계산동),,127.2936269159,36.3455355190
대전,ok,,공주 얼큰이 칼국수 주꾸미,,,,,,,
대전,ok,,광천 식당,광천식당,1807489,39,대전광역시 중구 대종로505번길 29,,127.4235762841,36.3285799202
대전,ok,,국립 중앙과학관,국립중앙과학관,129785,14,대전광역시 유성구 대덕대로 481 (구성동),,127.3790545587592,36.37595413197782
대전,ok,,국립 중앙과학관 과학기술관,국립중앙과학관,129785,14,대전광역시 유성구 대덕대로 481 (구성동),,127.3790545587592,36.37595413197782
대전,ok,,국립대전 숲체원,국립대전숲체원,2662681,12,대전광역시 유성구 숲체원로 124 (성북동),,127.2910049426,36.3235448131
대전,ok,,굿 베이글,,,,,,,
대전,ok,,궁동 로데오거리,,,,,,,
대전,ok,,그믐달 셀프스튜디오 은행동점,,,,,,,
대전,ok,,극단 오즈,,,,,,,
대전,ok,,김화 칼국수,,,,,,,
대전,ok,,까몽,,,,,,,
대전,ok,,꾸드뱅,꾸드뱅,2899345,39,대전광역시 유성구 지족동로 146 (지족동),,127.3087655308,36.3868073321
대전,ok,,꿀 잼 도시 대전 홍보관 대전 신세계 아트앤사이언스점,꿀잼도시 대전홍보관,3454325,12,대전광역시 유성구 엑스포로 1 (도룡동),,127.3821981620,36.3752377361
대전,ok,,낙조,구봉도 낙조전망대,2615560,12,경기도 안산시 단원구 구봉타운길 43,,126.5345192221,37.2882592514
대전,ok,,낙조,궁평낙조횟집,2865319,39,경기도 화성시 서신면 수문개길 81-29,,126.6850295108,37.1227255141
대전,ok,,낙조,낙조대,595016,39,인천광역시 영종구 을왕로 80,,126.369350898408,37.4495031328037
대전,ok,,낙조,낙조정,3027444,12,부산광역시 사하구 낙동남로 1169 (하단동),,128.9394840158,35.1096647018
대전,ok,,낙조,다대포 꿈의 낙조분수,769761,12,부산광역시 사하구 몰운대1길 14 (다대동),,128.9680471374,35.0463945293
대전,ok,,낙조,만경낙조전망대,3079580,12,전북특별자치도 김제시 만경읍 토정길 216,,126.8049041851,35.8939159758
대전,ok,,낙조,선운산 낙조대,1596119,12,전북특별자치도 고창군 아산면 선운사로 158-6,,126.5865614040,35.5026151249
대전,ok,,낙조,세방낙조 전망대,128224,12,전남광주통합특별시 진도군 지산면 가학리 산27-3,,126.1022216978,34.4404159812
대전,ok,,낙조,실안낙조,2782734,12,경상남도 사천시 실안동,1254,128.0421,34.9395
대전,ok,,낙조,"안면도해안도로, 환상의 바다 낙조길 활짝 열리다!",2716812,25,,,0,0
대전,ok,,낙조,적석사 낙조대,2765235,12,인천광역시 강화군 내가면 연촌길 181,,126.41096381692,37.7374492314406
대전,ok,,낙조,[강화 나들길 제7코스] 낙조보러 가는 길,1028888,28,인천광역시 강화군 강화읍 청하동길 24,,126.4822613345,37.7458245442
대전,ok,,너구리와 친구들 2호점,,,,,,,
대전,ok,,너티 차일드 대전점,,,,,,,
대전,ok,,노브랜드 버거 대전시청점,,,,,,,
대전,ok,,늘봄 빈티지 숍 중동점,,,,,,,
대전,ok,,다구로잉,,,,,,,
대전,ok,,다다르다,다다르다,2721465,38,대전광역시 중구 중교로73번길 6,(은행동),127.427676580679,36.3270050141165
대전,ok,,다이소 대전 둔산 타임월드점,,,,,,,
대전,ok,,달 토끼의 떡볶이 흡입 구역 대전 장대점,,,,,,,
대전,ok,,대동 벽화마을,대동벽화마을,2752861,12,대전광역시 동구 백룡로48번길 일대,,127.4507848261,36.3336214935
대전,ok,,대동 집 대 전관 평점,,,,,,,
대전,ok,,대선 칼국수,대선칼국수 본점,2580604,39,대전광역시 서구 둔산중로40번길 28,오성빌딩 2층,127.388285279024,36.3499543296589
대전,ok,,대전 곤충생태관,대전곤충생태관,2738011,12,대전광역시 서구 둔산대로 191,,127.389656904621,36.3669495345965
대전,ok,,대전 도산서원,도산서원(대전),1955818,12,대전광역시 서구 남선로 8,(탄방동),127.3961838684,36.3440748834
대전,ok,,대전 반려동물공원,대전반려동물공원,2930677,12,대전광역시 유성구 금고길 7,,127.384460411507,36.4597299541423
대전,ok,,대전 신세계,,,,,,,
대전,ok,,대전 신세계 아트앤사이언스,,,,,,,
대전,ok,,대전 아쿠아리움,대전아쿠아리움,2758629,14,대전광역시 중구 보문산공원로 469 (대사동),,127.4209972261,36.3100574037
대전,ok,,대전 어린이 회관,대전어린이회관,1125312,14,대전광역시 유성구 월드컵대로 32 대전월드컵경기장,,127.3266089995,36.3638797168
대전,ok,,대전 오월드,대전오월드,127641,12,대전광역시 중구 사정공원로 70,(사정동),127.4001108604,36.2872648473
대전,ok,,대전 오월드 버드랜드,,,,,,,
대전,ok,,대전 월드컵 경기장,대전월드컵경기장,131720,28,대전광역시 유성구 월드컵대로 32,,127.325096471955,36.3651485960269
대전,ok,,대전 회덕 동춘당,대전 회덕 동춘당,231937,12,대전광역시 대덕구 동춘당로 80 (송촌동),,127.44128023729962,36.364835765620334
대전,ok,,대전과학기술대학교,,,,,,,
대전,ok,,대전교통 문화연수원,대전교통문화연수원,1089992,12,대전광역시 유성구 대덕대로 480,,127.3863644022,36.3772070293
대전,ok,,대전근현대사전시관,대전근현대사전시관,1964617,14,대전광역시 중구 중앙로 85 (선화동),,127.420294275893,36.3259454983819
대전,ok,,대전복합터미널,올리브영 대전복합터미널점,4008765,38,대전광역시 동구 동서대로 1689 (용전동),1층,127.436711042049,36.3503349793975
대전,ok,,대전복합터미널 유니클로,,,,,,,
대전,ok,,대전시 축제,,,,,,,
대전,ok,,대전시립미술관,대전시립미술관,130551,14,대전광역시 서구 둔산대로 155,,127.385704504338,36.366988348016
대전,ok,,대전시립미술관 DMA 아트센터,,,,,,,
대전,ok,,대전시립미술관 및 이응노미술관,,,,,,,
대전,ok,,대전시립미술관 열린 수장고,,,,,,,
대전,ok,,대전시립미술관 창작센터,,,,,,,
대전,ok,,대전엑스포 아쿠아리움,,,,,,,
대전,ok,,대전역,대전역 동광장,2775503,12,대전광역시 동구 새둑길 143 (소제동),,127.4362194451,36.3342294989
대전,ok,,대전역,올리브영 대전역점,4008007,38,대전광역시 동구 대전로 822 (정동),,127.432194896335,36.3327612825429
대전,ok,,대전역,올리브영 서대전역점,4009733,38,대전광역시 중구 오류로 19 (오류동),1층,127.404677730713,36.3221775842272
대전,ok,,대전역 동광장,대전역 동광장,2775503,12,대전광역시 동구 새둑길 143 (소제동),,127.4362194451,36.3342294989
대전,ok,,대전중앙시장,,,,,,,
대전,ok,,대전지방법원 주차장,,,,,,,
대전,ok,,대전천,,,,,,,
대전,ok,,대전청사 시외버스 둔산 정류소,,,,,,,
대전,ok,,대전컨벤션 센터,대전컨벤션센터(DCC),644085,14,대전광역시 유성구 엑스포로 107 대전컨벤션센터,,127.3916759359,36.3749736066
대전,ok,,대전컨벤션 센터 제2전시장,,,,,,,
대전,ok,,대전테크노파크 디스테이션,,,,,,,
대전,ok,,대청호,대청호,126846,12,대전광역시 동구,,127.5101665667,36.4011148323
대전,ok,,더 벙커 게임존,,,,,,,
대전,ok,,더 센 pc방,,,,,,,
대전,ok,,더 홀릭 보드게임카페 충남대점,,,,,,,
대전,ok,,더 휴식 아늑 호텔 대전 용전 2호점,,,,,,,
대전,ok,,더반 베를린 갤러리아 타임월드점,,,,,,,
대전,ok,,도산,감탄 도산공원 스토어,4011574,38,서울특별시 강남구 언주로151길 8 (신사동),1층,127.032562845938,37.5222385760073
대전,ok,,도산,갓포아키 도산공원점,2869782,39,서울특별시 강남구 도산대로45길 8-3 쿠키빌딩,,127.0362419924,37.5230742215
대전,ok,,도산,강원특별자치도산림박물관,130728,14,강원특별자치도 춘천시 화목원길 24 (사농동),,127.7242510239,37.9242985075
대전,ok,,도산,강화도산들애캠핑수영장,2734000,28,인천광역시 강화군 강화읍 고비고개로 171,,126.4602690362,37.7411608117
대전,ok,,도산,김천의 산천 수도산과 청암사에 여름여행을 떠나다,1943383,25,,,128.0266874645,35.8855467398
대전,ok,,도산,노블코코 도산점,4011579,38,서울특별시 강남구 언주로168길 37 (신사동),1층,127.03671506991,37.52600940474
대전,ok,,도산,도산공원,126486,12,서울특별시 강남구 도산대로45길 20 (신사동),,127.0354,37.5245
대전,ok,,도산,도산서당,1624554,12,전북특별자치도 고창군 고창읍 도산1길 4,(고창읍),126.6609147089,35.4396068597
대전,ok,,도산,도산서원 [유네스코 세계유산],126200,12,경상북도 안동시 도산면 도산서원길 154,,128.8403536468,36.7278936598
대전,ok,,도산,도산서원(고성),1959561,12,경상남도 고성군 구만면 화림3길 88,,128.334551662991,35.1033531396
대전,ok,,도산,도산서원(대전),1955818,12,대전광역시 서구 남선로 8,(탄방동),127.3961838684,36.3440748834
대전,ok,,도산,도산서원(무주),1581236,12,전북특별자치도 무주군 안성면 사전1길 24-13,,127.6684640178,35.8718891031
대전,ok,,도산,도산안창호기념관,130926,14,서울특별시 강남구 도산대로45길 20 (신사동),,127.03560316667232,37.523950845152434
대전,ok,,도산,도산원탕,127983,12,경상북도 안동시 도산면 온천로 570,(도산면),128.8201648427,36.7505017932
대전,ok,,도산,드레익스 도산,4026737,38,서울특별시 강남구 언주로164길 32 (신사동),,127.036119947537,37.5254062772078
대전,ok,,도산,디젤 도산점,4026740,38,서울특별시 강남구 언주로168길 23 (신사동),,127.035504927554,37.5262420530741
대전,ok,,도산,락피쉬웨더웨어 도산점,4011422,38,서울특별시 강남구 도산대로49길 27 (신사동),,127.036951746199,37.5246549444157
대전,ok,,도산,말본6451 도산플래그쉽스토어,4011578,38,서울특별시 강남구 언주로168길 16 (신사동),1층,127.03493335748,37.5261535649144
대전,ok,,도산,맨메이드 도산,2912584,38,서울특별시 강남구 선릉로153길 35 (신사동),,127.036542397917,37.5245412751864
대전,ok,,도산,메디큐브 스페이스 도산,4011562,38,서울특별시 강남구 압구정로46길 38 (신사동),,127.035877533936,37.5261558947739
대전,ok,,도쿄 빙수 은행동점,,,,,,,
대전,ok,,돈가스 정석,,,,,,,
대전,ok,,동궁 찜닭 관평 송 강점,,,,,,,
대전,ok,,동원 칼국수,,,,,,,
대전,ok,,동춘당 역사공원,,,,,,,
대전,ok,,둔산대공원,둔산대공원,3074307,12,대전광역시 서구 둔산대로 181 (만년동),,127.3893828886063,36.36634127163829
대전,ok,,때 화장,태화장,1807586,39,대전광역시 동구 중앙로203번길 78,,127.4293534026,36.3338349770
대전,ok,,때화장,태화장,1807586,39,대전광역시 동구 중앙로203번길 78,,127.4293534026,36.3338349770
대전,ok,,떡만집 관저점,,,,,,,
대전,ok,,떡만집 본점,떡반집 본점,2899566,39,대전광역시 서구 둔산로 8 (둔산동),,127.3749051755,36.3523195822
대전,ok,,떡만집 은행점,,,,,,,
대전,ok,,또또 찹쌀도나스,,,,,,,
대전,ok,,라드커피 본점,밀라드커피로스터즈,2866943,39,대전광역시 유성구 유성대로1184번길 11-16 (신성동),,127.3528780457,36.3943100328
대전,ok,,라멘 오타,,,,,,,
대전,ok,,라이크 마인 디드,,,,,,,
대전,ok,,롤라,프롤라,2899175,39,서울특별시 성동구 연무장17길 5,,127.0609531148,37.5413058815
대전,ok,,롯데리아 대전역사점,,,,,,,
대전,ok,,롯데백화점 대전점,나이키메가샵 롯데백화점 대전점,2928376,38,대전광역시 서구 계룡로 598 (괴정동),,127.389548388967,36.3406861255513
대전,ok,,롯데백화점 대전점,디올 롯데백화점 대전점,2915247,38,대전광역시 서구 계룡로 598 (괴정동),,127.389548388967,36.3406861255513
대전,ok,,롯데백화점 대전점,론진 롯데백화점 대전점,4026951,38,대전광역시 서구 계룡로 598 (괴정동),1층,127.389548388967,36.3406861255513
대전,ok,,롯데백화점 대전점,롯데백화점 대전점,4012281,38,대전광역시 서구 계룡로 598 (괴정동),1층,127.389548388967,36.3406861255513
대전,ok,,롯데백화점 대전점,르꼬끄스포르티브 롯데백화점 대전점,2915251,38,대전광역시 서구 계룡로 598 (괴정동),7층,127.389548388967,36.3406861255513
대전,ok,,롯데백화점 대전점,마이클코어스 롯데백화점 대전점,2927933,38,대전광역시 서구 계룡로 598 (괴정동),,127.389548388967,36.3406861255513
대전,ok,,롯데백화점 대전점,메이크업포에버 롯데백화점 대전점,2915244,38,대전광역시 서구 계룡로 598 (괴정동),1층,127.389548388967,36.3406861255513
대전,ok,,롯데백화점 대전점,샤넬 화장품 롯데백화점 대전점,2916165,38,대전광역시 서구 계룡로 598 (괴정동),,127.389548388967,36.3406861255513
대전,ok,,롯데백화점 대전점,엘리자베스아덴 롯데백화점 대전점,2916166,38,대전광역시 서구 계룡로 598 (괴정동),,127.389548388967,36.3406861255513
대전,ok,,롯데백화점 대전점,코오롱스포츠 롯데백화점 대전점,4026953,38,대전광역시 서구 계룡로 598 (괴정동),6층,127.389548388967,36.3406861255513
대전,ok,,롯데백화점 대전점,코치 롯데백화점 대전점,4026952,38,대전광역시 서구 계룡로 598 (괴정동),1층,127.389548388967,36.3406861255513
대전,ok,,롯데시티 호텔 대전,,,,,,,
대전,ok,,리버스,리버스,3446579,39,경상북도 성주군 성주읍 참별로 2503,1층 리버스,128.2555136424,35.9150808699
대전,ok,,리버스,리버스모텔,649024,32,전남광주통합특별시 장흥군 장흥읍 장흥대로 3528,,126.905780061369,34.6785671994334
대전,ok,,리버스,코오롱스포츠 솟솟리버스제주점,3424281,38,제주특별자치도 제주시 탑동로 13 (삼도이동),1~3층,126.52330687653745,33.51696147392741
대전,ok,,리버스,태곳적 한반도를 만나 오늘의 나를 새롭게하는 리버스(re-birth) 코스,2987549,25,경기도 연천군 평화로443번길 2 전곡선사박물관,,127.0637782388,38.0116483757
대전,ok,,리버스,한탄리버스파호텔,602420,32,강원특별자치도 철원군 동송읍 태봉로 1799-22,,127.289759015903,38.1860879823714
대전,ok,,리치 빌딩,,,,,,,
대전,ok,,마성소국밥 대전역점,,,,,,,
대전,ok,,마스터키 은행점,,,,,,,
대전,ok,,만년 건강 보리밥,,,,,,,
대전,ok,,만청,,,,,,,
대전,ok,,맛이차이나 대전 신세계 아트앤사이언스점,,,,,,,
대전,ok,,매봉 식당,매봉식당 계족산본점,2866245,39,대전광역시 대덕구 계족로664번길 113 (법동),,127.4352268877,36.3702531383
대전,ok,,맥도날드 대전터미널점,,,,,,,
대전,ok,,메가 MGC 커피 대전 스마트시티점,,,,,,,
대전,ok,,메밀 고개 시골막국수 본점,,,,,,,
대전,ok,,모노맨션 대전은행점,,,,,,,
대전,ok,,모다 아웃렛 대전점,,,,,,,
대전,ok,,모락당,,,,,,,
대전,ok,,목수 중,,,,,,,
대전,ok,,목척교,,,,,,,
대전,ok,,무나,도계유리나라&나무나라,2666750,14,강원특별자치도 삼척시 도계읍 강원남부로 893-36,,129.0322021888,37.1937633978
대전,ok,,무라텐,무라텐,2914327,39,대전광역시 유성구 반석동로40번길 90 (반석동),1,127.315580219394,36.38977236228676
대전,ok,,무라텐,호무라텐동,2865676,39,경기도 화성시 동탄공원로3길 23 (반송동),,127.06122323753617,37.20839536793784
대전,ok,,무인양품 롯데백화점 대 전점,,,,,,,
대전,ok,,미소본가 스마일 칼국수,미소본가스마일칼국수,2580935,39,대전광역시 중구 보문로230번길 82,,127.427123927501,36.3243858742749
대전,ok,,바로 그 집 대전중앙로 지하상가 점,,,,,,,
대전,ok,,바로 그 집 대전중앙로 지하상가점,,,,,,,
대전,ok,,바로 그 집 둔산점,,,,,,,
대전,ok,,바로 그 집 태평점,,,,,,,
대전,ok,,반석역 대전 1호선,,,,,,,
대전,ok,,반석천,,,,,,,
대전,ok,,방동 호수 묵집,,,,,,,
대전,ok,,백정화,,,,,,,
대전,ok,,베니키아 호텔 대림,,,,,,,
대전,ok,,베스타 뷔페,,,,,,,
대전,ok,,별난 집,,,,,,,
대전,ok,,보라매공원,보라매공원,127940,12,서울특별시 동작구 여의대방로20길 33 (신대방동),,126.919491108563,37.494892120669
대전,ok,,보라매공원,보라매공원(대전),2758666,12,대전광역시 서구 둔산동,1544,127.3849000000,36.3536000000
대전,ok,,보문산,보문산,3080289,12,대전광역시 중구 사정공원로 160 (사정동),,127.421545,36.301723
대전,ok,,보문산,보문산 행복 숲 둘레길,127542,12,대전광역시 중구 대사동,192-7,127.4222602576,36.3093154326
대전,ok,,보문산,보문산마애여래좌상,1623937,12,대전광역시 중구 석교동,산 17-1,127.4338565068,36.3069770168
대전,ok,,보문산,보문산큰나무전망대,2775492,12,대전광역시 중구 보문산공원로530번길 86,(대사동),127.424938360672,36.3121400832581
대전,ok,,보문산,보문산호랭이,2914662,39,대전광역시 중구 중교로 84-1 (대흥동),,127.42876963709207,36.32690330213539
대전,ok,,복사꽃 피는 집 대전점,,,,,,,
대전,ok,,봉달이 명품 김밥 둔산점,,,,,,,
대전,ok,,봉이 호떡,,,,,,,
대전,ok,,블루 부코,,,,,,,
대전,ok,,비래옥,,,,,,,
대전,ok,,비머스트,비머스트,2912106,39,대전광역시 서구 용소로46번길 34 (도안동),,127.353336999364,36.307845685533
대전,ok,,비범,,,,,,,
대전,ok,,비오리 봉명점,,,,,,,
대전,ok,,빨간 집닭강정,,,,,,,
대전,ok,,빽다방 대전 스마트시티점,,,,,,,
대전,ok,,뿌리공원,뿌리공원,126838,12,대전광역시 중구 뿌리공원로 79 뿌리공원,,127.3864280203,36.2845065219
대전,ok,,상무 초밥 둔산 직영점,,,,,,,
대전,ok,,상소동 산림욕장,상소동 산림욕장,1125480,12,대전광역시 동구 상소동 산 1-1,,127.4710996743,36.2313640959
대전,ok,,샘머리공원,,,,,,,
대전,ok,,샤브쌈주머니 대전가오점,,,,,,,
대전,ok,,서 소외,,,,,,,
대전,ok,,서대전역,올리브영 서대전역점,4009733,38,대전광역시 중구 오류로 19 (오류동),1층,127.404677730713,36.3221775842272
대전,ok,,서원골 유황오리,서원골 유황오리(구 산에산 유황오리),1923953,39,대전광역시 유성구 엑스포로269번길 8,,127.4062542000,36.3805070054
대전,ok,,서즈데이 파티,,,,,,,
대전,ok,,선화동 소머리 해장국 본점,선화동소머리해장국,2913376,39,대전광역시 중구 선화로 128 (선화동),,127.42136590423364,36.33043049280836
대전,ok,,성심당 DCC점,,,,,,,
대전,ok,,성심당 대전역점,,,,,,,
대전,ok,,성심당 롯데백화점 대전점,,,,,,,
대전,ok,,성심당 문화원,,,,,,,
대전,ok,,성심당 본점,성심당,1796079,39,대전광역시 중구 대종로480번길 15,(은행동),127.4272426462,36.3277328597
대전,ok,,성심당 옛 맛 솜씨,,,,,,,
대전,ok,,성심당 케이크 부티크,,,,,,,
대전,ok,,성심당 케이크 부티크 롯데백화점 대전점,,,,,,,
대전,ok,,세븐스타코인 노래연습장 대전 둔산점,,,,,,,
대전,ok,,소문난떡볶이순대집,,,,,,,
대전,ok,,소수로 와,,,,,,,
대전,ok,,소제 솔루나,,,,,,,
대전,ok,,소제동 철도관사촌,,,,,,,
대전,ok,,숍 BP,,,,,,,
대전,ok,,수목 칼국수,,,,,,,
대전,ok,,수연 분식,,,,,,,
대전,ok,,수통골,계룡산 수통골,2407314,28,대전광역시 유성구 수통골로 47-3,,127.2885962357,36.3453478312
대전,ok,,수통골,수통골 감나무집 본점,2738668,39,대전광역시 유성구 수통골로 69 (덕명동),,127.29193755747312,36.346222722935366
대전,ok,,수통골,수통골장수오리,2914373,39,대전광역시 유성구 수통골로 89 (덕명동),,127.2941901567,36.3461867231
대전,ok,,숯불 돈가스,,,,,,,
대전,ok,,스타벅스 대전 목동 DT점 주차장,,,,,,,
대전,ok,,스타벅스 대전 조이마루점,,,,,,,
대전,ok,,스타벅스 대전엑스포 스카이점,,,,,,,
대전,ok,,스타벅스 대전중앙로 R점,,,,,,,
대전,ok,,스타벅스 대전지족점,,,,,,,
대전,ok,,스타벅스 은행동점,,,,,,,
대전,ok,,스튜디오 큐브,,,,,,,
대전,ok,,스포츠 몬스터 대전 신세계 아트앤사이언스점,,,,,,,
대전,ok,,시골밥상,가림시골밥상,2832447,39,경기도 파주시 탄현면 새오리로 68,,126.6858608619,37.7906479225
대전,ok,,시골밥상,고향집시골밥상,2853652,39,경기도 파주시 새오리로 30,,126.6885134672,37.7881677035
대전,ok,,시골밥상,돌솥밥시골밥상,2763833,39,경기도 이천시 호법면 이섭대천로96번길 66,,127.3967040703,37.2167884341
대전,ok,,시골밥상,밀양시골밥상,2903881,39,울산광역시 중구 태화강국가정원길 163 (태화동),,129.2927590854,35.5498461653
대전,ok,,시골밥상,소리소 시골밥상,2836844,39,경기도 남양주시 진건읍 진건우회로 95-1,,127.1815334596,37.6505536981
대전,ok,,시골밥상,시골밥상,135585,39,강원특별자치도 정선군 사북읍 사북중앙로 67,,128.822086449883,37.2273448917619
대전,ok,,시골밥상,시골밥상,2782374,39,강원특별자치도 평창군 봉평면 기풍5길 18,,128.3766483061,37.6162521113
대전,ok,,시골밥상,시골밥상닭갈비,1210481,39,경기도 가평군 가평읍 경춘로 1793,,127.482332215175,37.7990472425799
대전,ok,,시골밥상,어머니가 차려주시는 시골밥상,2828095,39,대전광역시 서구 구봉산북로280번길 10-24,,127.34532969402,36.298182001974
대전,ok,,시골밥상,옛날시골밥상,856028,39,경기도 파주시 탄현면 새오리로 110,,126.6860996317,37.7940919694
대전,ok,,시골밥상,우리집시골밥상,2893575,39,경기도 여주시 점동면 장여로 1315-5,,127.6663074810,37.2170460950
대전,ok,,시골밥상,풍원장시골밥상집,2832642,39,부산광역시 기장군 기장읍 기장해안로 250,,129.2232402619,35.1974490024
대전,ok,,시민 칼국수,시민칼국수,2581513,39,대전광역시 중구 대흥로10번길 5,(1층 문화동),127.415669558472,36.3210860652211
대전,ok,,시민 칼국수 낭월점,,,,,,,
대전,ok,,시장을 여는 사람들 둔산점,,,,,,,
대전,ok,,시티에스 버거,,,,,,,
대전,ok,,신가네 매운 떡볶이 한남대점,,,,,,,
대전,ok,,신당동자갈구이,,,,,,,
대전,ok,,싶빵공장 둔산월평점,,,,,,,
대전,ok,,싸지,,,,,,,
대전,ok,,써브웨이 대전복합터미널점,,,,,,,
대전,ok,,아뜨뜨 대전은행점,,,,,,,
대전,ok,,아이리스,아이리스 스테이,3532274,32,강원특별자치도 강릉시 창해로 255 (강문동),,128.9252408105,37.7879900415
대전,ok,,아이리스,아이리스안경,2913915,38,서울특별시 광진구 아차산로 220 (자양동),성수송천빌딩 1층,127.067657144585,37.5406341134418
대전,ok,,아이리스,아이리스펜션,1623639,32,경상남도 통영시 용남면 장평신촌1길 251-11,,128.467120230488,34.8804567987421
대전,ok,,아이리스,아이리스피부과의원 성수,4013086,38,서울특별시 성동구 상원길 26 (성수동1가),MILK 2층,127.049082630153,37.546339142457
대전,ok,,아이리스,젠틀몬스터 아이리스안경 건대(위탁),2925693,38,서울특별시 광진구 아차산로 220,105,127.067655158412,37.5406322517571
대전,ok,,아이리스,클럽아이리스,2754444,28,경상북도 칠곡군 왜관읍 봉계로 348,,128.4532577780,35.9975084718
대전,ok,,아이리스,펜션아이리스,2911291,32,강원특별자치도 홍천군 서면 굴업솔골길 60-9,,127.6751560804,37.6216216555
대전,ok,,아이리스,홍천펜션아이리스,4079527,32,강원특별자치도 홍천군 서면 굴업솔골길 60-23,,127.6748057904,37.6209715242
대전,ok,,아저씨 돈가스,아저씨돈까스,4077519,39,대전광역시 중구 중앙로164번길 22-7 (은행동),,127.4279532542,36.3281543219
대전,ok,,아줌마 돈가스 본점,,,,,,,
대전,ok,,아크테릭스 신세계 백화점 대전 신세계 Art,,,,,,,
대전,ok,,알라딘 중고서점 대전은행점,,,,,,,
대전,ok,,애니 사카이,,,,,,,
대전,ok,,양우 명가화로 구이,,,,,,,
대전,ok,,어썸 8 더 대청,어썸80더대청,2899246,39,대전광역시 동구 회남로79번길 107 (신상동),,127.4926860804,36.3540699018
대전,ok,,어썸 유닛,,,,,,,
대전,ok,,에스닷 대전점,,,,,,,
대전,ok,,에이스 분식,,,,,,,
대전,ok,,에이트,에이트,2869702,39,세종특별자치시  한누리대로 288 갤러리밸류시티,2층 204호,127.2571118052,36.4899779312
대전,ok,,에이트,에이트약국,4025600,38,서울특별시 서초구 강남대로 423 (서초동),1층,127.025815300449,37.5003097069231
대전,ok,,엑스트라 커피,,,,,,,
대전,ok,,엑스포과학공원,대전엑스포과학공원,125994,12,대전광역시 유성구 대덕대로 480 (도룡동),,127.3802705364,36.3759931713
대전,ok,,엑스포과학공원 물빛광장 음악 분수,,,,,,,
대전,ok,,엑스포과학공원 한빛탑,한빛탑,2779504,12,대전광역시 유성구 대덕대로 480,(도룡동),127.3882,36.3766
대전,ok,,엑스포다리,엑스포다리,2738026,12,대전광역시 유성구 도룡동,,127.387998572644,36.3726988140599
대전,ok,,엑스포시민광장,대전엑스포시민광장,2738037,12,대전광역시 서구 둔산대로 169,,127.3880005938,36.3688691234
대전,ok,,엑스포시민광장,대전엑스포시민광장스케이트장,3008960,28,대전광역시 서구 둔산대로 169 한밭수목원,,127.38796728018818,36.3658791939538
대전,ok,,여기 소제,여기소제,3494052,39,대전광역시 동구 대동천좌안5길 25 (소제동),,127.43804440338816,36.33446978928774
대전,ok,,연돈볼카츠 대전은행점,,,,,,,
대전,ok,,연산 순대 돼지국밥,,,,,,,
대전,ok,,영무예다음에코타운아파트,,,,,,,
대전,ok,,옛 터 민속박물관,옛터민속박물관,130890,14,대전광역시 동구 산내로 321-35,,127.4404700802,36.2151075603
대전,ok,,오늘 샤브 앤 오늘 어묵,,,,,,,
대전,ok,,오늘 유성 뒷고기 본점,,,,,,,
대전,ok,,오렌지 블루 그린,,,,,,,
대전,ok,,오브 떼르,,,,,,,
대전,ok,,오사카 오코노미야키,,,,,,,
대전,ok,,오시우 커피,,,,,,,
대전,ok,,오씨칼국수,오씨칼국수,2581759,39,대전광역시 동구 옛신탄진로 13,(삼성동),127.4250757853,36.3419895241
대전,ok,,오씨칼국수 도룡점,,,,,,,
대전,ok,,오한순 손수제비,,,,,,,
대전,ok,,온유네 닭매운탕,,,,,,,
대전,ok,,온천손칼국수 주꾸미,,,,,,,
대전,ok,,와그와그 도룡점,,,,,,,
대전,ok,,와타요업,와타요업,2667003,39,대전광역시 서구 갈마역로25번길 9-8,1층,127.3734523362,36.3526235022
대전,ok,,왕궁 중화요리,,,,,,,
대전,ok,,우동야,,,,,,,
대전,ok,,우리들 공원,우리들공원,2732202,12,대전광역시 중구 중앙로138번길 30,(대흥동),127.4254733664,36.3274661918
대전,ok,,우암사적공원,우암사적공원,945477,12,대전광역시 동구 충정로 53,,127.4589725875,36.3481671989
대전,ok,,워커 숍,,,,,,,
대전,ok,,원이 투,,,,,,,
대전,ok,,원조태평소국밥,원조태평소국밥,2775516,39,대전광역시 중구 태평로 116,,127.395490779218,36.3267572449803
대전,ok,,원조태평소국밥 둔산점,,,,,,,
대전,ok,,원조태평소국밥 별관,,,,,,,
대전,ok,,원조태평소국밥 본점,,,,,,,
대전,ok,,원조태평소국밥 유성점,,,,,,,
대전,ok,,월평 도서관,,,,,,,
대전,ok,,유니클로 대전 둔산점,,,,,,,
대전,ok,,유림공원,유림공원,2674960,12,대전광역시 유성구 어은로 27,,127.3577063021,36.3607306283
대전,ok,,유성 닭발 둔산점,,,,,,,
대전,ok,,유성온천 불가마 사우나,유성온천지구,125858,12,대전광역시 유성구 봉명동 574,일대,127.3448131576,36.3553449050
대전,ok,,유성온천공원 족욕체험장,유성온천공원,2760707,12,대전광역시 유성구 계룡로123번길 52 (봉명동),,127.3437,36.3553
대전,ok,,유성온천역 대전 1호선,,,,,,,
대전,ok,,유성욱 도룡점,,,,,,,
대전,ok,,유성호텔,,,,,,,
대전,ok,,유성호텔 대온천 탕,,,,,,,
대전,ok,,유성호텔 대온천탕,,,,,,,
대전,ok,,으능정이 문화의 거리,으능정이문화의거리,132505,38,대전광역시 중구 중앙로 164,,127.4276592379,36.3291243747
대전,ok,,으능정이 스카이로드,,,,,,,
대전,ok,,은행교,,,,,,,
대전,ok,,이 이디 에스프레소 바,,,,,,,
대전,ok,,이응노미술관,이응노 미술관,590097,14,대전광역시 서구 둔산대로 157,(만년동),127.3870118474,36.3668637804
대전,ok,,이태리국시 본점,이태리국시 본점,2899479,39,대전광역시 서구 둔산로31번길 31 (둔산동),,127.3772742008,36.3531873941
대전,ok,,이화원,이화원,821963,39,대전광역시 유성구 월드컵대로 32,,127.3251063221,36.3651406573
대전,ok,,이화원,이화원,2891332,39,"전남광주통합특별시 나주시 상야1길 20  ",,126.7870945009,35.0220673171
대전,ok,,이화원,이화원 프라이빗,2857264,39,충청남도 천안시 서북구 불당23로 73-27,골프존파크힐빌딩 1F,127.1097049252,36.8204651229
대전,ok,,이화원,자라섬 이화원,1060192,12,경기도 가평군 가평읍 자라섬로 60,(자라섬로 64),127.519088,37.818065
대전,ok,,인생네컷 대전은행점,,,,,,,
대전,ok,,인이 얼,,,,,,,
대전,ok,,장동산림욕장,장동산림욕장,705678,12,대전광역시 대덕구 산디로 79-70,,127.4425308280,36.4055714493
대전,ok,,장태산,삽살개가 마중하고 제주마가 배웅하는 천연기념물센터에서 장태산자연휴양림까지,1927292,25,,,127.3924057841,36.3677943249
대전,ok,,장태산,장태산 자연휴양림 캠핑장,2762000,28,대전광역시 서구 장안로 461 (장안동),,127.3385728973,36.2209879333
대전,ok,,장태산,장태산자연휴양림,129438,12,대전광역시 서구 장안로 461,,127.3412573201,36.2159112482
대전,ok,,장태산자연휴양림,삽살개가 마중하고 제주마가 배웅하는 천연기념물센터에서 장태산자연휴양림까지,1927292,25,,,127.3924057841,36.3677943249
대전,ok,,장태산자연휴양림,장태산자연휴양림,129438,12,대전광역시 서구 장안로 461,,127.3412573201,36.2159112482
대전,ok,,정동문화사,,,,,,,
대전,ok,,정직한 하누,,,,,,,
대전,ok,,제니텐소품샵 2호점,,,,,,,
대전,ok,,제주 오목 돈,,,,,,,
대전,ok,,젬스톤 대전점,,,,,,,
대전,ok,,주교좌 대흥동 성당,,,,,,,
대전,ok,,중앙로 지하상가,,,,,,,
대전,ok,,중앙로역 대전 1호선,,,,,,,
대전,ok,,진로 집,진로집,2582117,39,대전광역시 중구 중교로 45-5 (대흥동),,127.4247095876,36.3259246880
대전,ok,,진짜 무쇠 삼겹 대전 봉명점,,,,,,,
대전,ok,,짙은 공방,,,,,,,
대전,ok,,챠보빈티지,,,,,,,
대전,ok,,처비 칙스,,,,,,,
대전,ok,,천리 집,천리집,2582134,39,대전광역시 유성구 신성남로 127,,127.351151580887,36.39176252978
대전,ok,,천연기념물 센터,천연기념물센터,1906578,14,대전광역시 서구 유등로 927 (만년동),,127.3925224386,36.3678804286
대전,ok,,청양 칼국수,,,,,,,
대전,ok,,충남대학교 대덕캠퍼스,,,,,,,
대전,ok,,치앙마이 방콕,치앙마이방콕,2865825,39,대전광역시 동구 철갑3길 8 (소제동),,127.4377470863,36.3342295261
대전,ok,,카리 코,,,,,,,
대전,ok,,카오스 게임장,,,,,,,
대전,ok,,카이스트 본원,,,,,,,
대전,ok,,카이스트 본원 세종과,,,,,,,
대전,ok,,카페 713,,,,,,,
대전,ok,,카페 리플리,,,,,,,
대전,ok,,카페 코지 대전중앙로점,,,,,,,
대전,ok,,카페사 나고,,,,,,,
대전,ok,,카페프레생제르베,,,,,,,
대전,ok,,커닝,,,,,,,
대전,ok,,커플 브리지,,,,,,,
대전,ok,,커피 맨션 문장,,,,,,,
대전,ok,,커피 인터뷰 궁동점,,,,,,,
대전,ok,,코우 숍,,,,,,,
대전,ok,,코페 부시,,,,,,,
대전,ok,,키이네 유부,,,,,,,
대전,ok,,키치 키치,,,,,,,
대전,ok,,탑클라우드 호텔 대전점,,,,,,,
대전,ok,,태양 커피 신세계 아트앤사이언스점,,,,,,,
대전,ok,,테라스 키친,,,,,,,
대전,ok,,테마 오래,테미오래,2663239,14,대전광역시 중구 보문로205번길 13,,127.423268842677,36.3206668073047
대전,ok,,토미야,토미야,2866029,39,대전광역시 서구 청사서로 14 (월평동),,127.3769046272,36.3591894788
대전,ok,,토스트,문토스트,2891868,39,부산광역시 해운대구 송정해변로 16 (송정동),,129.2043979105,35.1809477221
대전,ok,,투썸플레이스 대전 둔산중앙점,,,,,,,
대전,ok,,트래블 라운지,대전트래블라운지,2722927,12,대전광역시 동구 중앙로 187-1,,127.4300006577,36.3305103683
대전,ok,,트레이더스 홀세일 클럽 월평점,,,,,,,
대전,ok,,팀 쿡 가오점,,,,,,,
대전,ok,,파스쿠찌 대전 카이스트점,,,,,,,
대전,ok,,편백 연가,,,,,,,
대전,ok,,포토 그레이 은행점,,,,,,,
대전,ok,,포토 랩 플러스 대전은행점,,,,,,,
대전,ok,,폴 바셋 대전엑스포 스카이점,,,,,,,
대전,ok,,풍유가,,,,,,,
대전,ok,,프랭크 커핀 바,,,,,,,
대전,ok,,프레시 하츠 클럽,,,,,,,
대전,ok,,프렐류드,프렐류드,3046936,38,대전광역시 중구 중앙로129번길 30 (선화동),,127.423544728017,36.329349935872
대전,ok,,플라밍고 733,,,,,,,
대전,ok,,플라잉팬,더플라잉팬 부강탕,3570371,39,서울특별시 동작구 상도로34길 7 (상도동),,126.94604709129248,37.50435162648425
대전,ok,,하늘정원 게스트하우스,,,,,,,
대전,ok,,하레 하레,,,,,,,
대전,ok,,하레 하레 갤러리아 타임월드점,,,,,,,
대전,ok,,하레 하레 도안점,하레하레 도안점,3574256,39,대전광역시 서구 원도안로26번길 13 (도안동),,127.3490908547596,36.30684740853091
대전,ok,,하레하레 갤러리아 타임월드점,,,,,,,
대전,ok,,하와이 코나 사자 커피,,,,,,,
대전,ok,,하쿠쯔무,,,,,,,
대전,ok,,한국지질자원연구원 지질박물관,지질박물관,130550,14,대전광역시 유성구 과학로 124,,127.3605065653,36.3798807920
대전,ok,,한밭 카페,,,,,,,
대전,ok,,한밭수목원,한밭수목원,741658,12,대전광역시 서구 둔산대로 169,,127.3862516305,36.3685826107
대전,ok,,한밭수목원 수생식물원,,,,,,,
대전,ok,,한밭수목원 열대식물원,,,,,,,
대전,ok,,한빛탑 광장,,,,,,,
대전,ok,,한화생명 이글스 파크,,,,,,,
대전,ok,,해마의 방,,,,,,,
대전,ok,,해피 치즈 스마일 갈리단 길점,,,,,,,
대전,ok,,헤레디움,헤레디움,3085034,14,대전광역시 동구 대전로 735 (인동),,127.43545474797318,36.32557925667235
대전,ok,,현대 프리미엄 아웃렛 대전점,,,,,,,
대전,ok,,현대식당,,,,,,,
대전,ok,,현암뚝방구이,현암뚝방구이,2914963,39,대전광역시 동구 대전천북로 114 (삼성동),,127.41685676620091,36.33987282574438
대전,ok,,호텔 그레이튼 둔산,,,,,,,
대전,ok,,호텔 얌 대전 유성온천점,,,,,,,
대전,ok,,호텔오노마대전오토그래프컬렉션,,,,,,,
대전,ok,,홀리데이 세븐 펍,,,,,,,
대전,ok,,홈스 앤 루팡 보드게임카페 대전은행점,,,,,,,
대전,ok,,홈플러스 메가 푸드마켓 유성점,,,,,,,
대전,ok,,홍어 한 마리,,,,,,,
대전,ok,,화양연화,,,,,,,
광주,ok,,1913 송정역시장,1913송정역시장,2488192,38,전남광주통합특별시 광산구 송정로8번길 13,,126.7917183609,35.1353001059
광주,ok,,1년 후 그라운드,10년후그라운드,4065124,14,전남광주통합특별시 남구 양촌길 1 (양림동),,126.914548739098,35.1388503578446
광주,ok,,5.18민주광장,5·18 민주광장,1621360,12,전남광주통합특별시 동구 문화전당로 38,,126.920269793727,35.1467287099828
광주,ok,,5.18민주화운동 기록관,5·18민주화운동 기록관,2755010,14,전남광주통합특별시 동구 금남로 221 (금남로3가),,126.9167687536,35.1496023298
광주,ok,,CGV 광주 상무,,,,,,,
광주,ok,,JD 스포츠 광주 충장로 점,,,,,,,
광주,ok,,NC 웨이브 충장점,,,,,,,
광주,ok,,ZARA 충장로점,,,,,,,
광주,ok,,갤러리 24카페,,,,,,,
광주,ok,,경암 근린공원,경암근린공원,2783851,12,전남광주통합특별시 광산구 하남대로54번안길 133 (하남동),,126.8000977994,35.1783221177
광주,ok,,공차 광주 운암 벽산점,,,,,,,
광주,ok,,광주 기아 챔피언 스피드,,,,,,,
광주,ok,,광주 패밀리랜드,광주패밀리랜드,127539,12,전남광주통합특별시 북구 우치로 677,(생용동),126.8935926217,35.2226914592
광주,ok,,광주김치박물관,,,,,,,
광주,ok,,광주비엔날레,광주비엔날레전시관,2779116,14,전남광주통합특별시 북구 비엔날레로 111,(용봉동),126.8902591590,35.1826203741
광주,ok,,광주솔로몬로파크,,,,,,,
광주,ok,,광주송정역,올리브영 광주송정역점,2924447,38,전남광주통합특별시 광산구 상무대로 207 (송정동),,126.791559452407,35.1380808187937
광주,ok,,광주시립 사진 전시관,,,,,,,
광주,ok,,광주시립미술관,광주시립미술관,129761,14,전남광주통합특별시 북구 하서로 52,,126.8858428681,35.1832174547
광주,ok,,광주시민회관,,,,,,,
광주,ok,,광주역사민속박물관,,,,,,,
광주,ok,,국립광주 박물관,국립광주박물관,129782,14,전남광주통합특별시 북구 하서로 110,(매곡동),126.8830500275,35.1890008363
광주,ok,,국립광주과학관,국립광주과학관,2033294,14,전남광주통합특별시 북구 첨단과기로 235,(오룡동),126.849863250475,35.229856530092
광주,ok,,국립아시아문화전당,국립아시아문화전당,2009775,14,전남광주통합특별시 동구 문화전당로 38 (광산동),,126.9192936186,35.1460861028
광주,ok,,국립아시아문화전당 문화 창조원,,,,,,,
광주,ok,,국립아시아문화전당 어린이 문화원,,,,,,,
광주,ok,,국립아시아문화전당 옛 전남도청 별관,,,,,,,
광주,ok,,궁전제과 충장점,,,,,,,
광주,ok,,금호 시영 1단지 아파트,,,,,,,
광주,ok,,꽃게야,,,,,,,
광주,ok,,다스 이치 숍,,,,,,,
광주,ok,,동곡 미술관,동곡미술관,3442492,14,전남광주통합특별시 광산구 어등대로529번길 37 (운수동),,126.7778447849501,35.15509623176847
광주,ok,,동명 더 밥,,,,,,,
광주,ok,,뒹굴 동구리,뒹굴동굴,3006641,12,전남광주통합특별시 남구 천변좌로 410 (사동),,126.9154,35.1428
광주,ok,,롯데 아웃렛 광주 월드컵점,,,,,,,
광주,ok,,맷돌 콩물 국수,,,,,,,
광주,ok,,메가 MGC 커피 광주 양림 접,,,,,,,
광주,ok,,모노 바스,,,,,,,
광주,ok,,민속촌 도청점,,,,,,,
광주,ok,,바운스 트램펄린파크 광주상무센터,,,,,,,
광주,ok,,밸런타인 비즈니스호텔,,,,,,,
광주,ok,,보이저 첨단,,,,,,,
광주,ok,,볼레시피 용봉점,,,,,,,
광주,ok,,부지런한 사람들 행암점,,,,,,,
광주,ok,,브레드 진,,,,,,,
광주,ok,,빕스 프리미어 광주 광천점,,,,,,,
광주,ok,,빛고을 낙지,,,,,,,
광주,ok,,빵과 장미,,,,,,,
광주,ok,,산수 쌈밥,산수쌈밥 동명점,2859166,39,전남광주통합특별시 동구 동계로 11  ,,126.9242763393,35.1529604109
광주,ok,,샤와 바오 충장로점,,,,,,,
광주,ok,,세정 아웃렛,,,,,,,
광주,ok,,소요유,,,,,,,
광주,ok,,송정 떡갈비 1호점,송정떡갈비 1호점,134997,39,전남광주통합특별시 광산구 광산로29번길 1,,126.7948298032,35.1389542543
광주,ok,,스쿱,,,,,,,
광주,ok,,스튜디오 88 광주 구 시청점,,,,,,,
광주,ok,,신세계백화점 광주신세계점,,,,,,,
광주,ok,,알라딘 중고서점 광주충장로점,,,,,,,
광주,ok,,양림동 펭귄 마을 공예거리 운영사무소,양림동 펭귄마을공예거리,2603494,12,전남광주통합특별시 남구 백서로 92-8 (양림동),,126.9162912532,35.1402200475
광주,ok,,업라이트,,,,,,,
광주,ok,,엔드밀 동명점,,,,,,,
광주,ok,,엔제리너스 광주 호남대점,,,,,,,
광주,ok,,영풍문고 광주터미널점,,,,,,,
광주,ok,,온 클라우드나인 충장점,,,,,,,
광주,ok,,우지 커피 호남대점,,,,,,,
광주,ok,,원효사,원효사(광주),126350,12,전남광주통합특별시 북구 무등로 1514-35,,126.9857793462,35.1486258304
광주,ok,,원효사,원효사(의정부),347038,12,경기도 의정부시 원효사길 86 (호원동),,127.028533986685,37.7093317474426
광주,ok,,원효사,[무등산 옛길 1구간] 산수동-원효사,1051763,28,전남광주통합특별시 동구 무등로,산수동무등파크~원효사,126.9401009921,35.1569611670
광주,ok,,원효사,[무등산 옛길 2구간] 원효사-서석대,1051809,28,전남광주통합특별시 북구 무등로 1514-35,원효사~서석대,126.9857774372,35.1486296018
광주,ok,,유스퀘어 광주종합버스터미널,,,,,,,
광주,ok,,유일선 선교사 사택,,,,,,,
광주,ok,,윤회며 문화관,,,,,,,
광주,ok,,이마트 광주점,,,,,,,
광주,ok,,이바돔감자탕 상무점,,,,,,,
광주,ok,,이이남 갤러리 카페,,,,,,,
광주,ok,,이장우가옥,이장우가옥,127060,12,전남광주통합특별시 남구 양촌길 21,,126.9141331006,35.1406171882
광주,ok,,장터국밥,봉평장터국밥,2777942,39,강원특별자치도 평창군 봉평면 기풍3길 28,,128.3773954883,37.6153300101
광주,ok,,장터국밥,안성장터국밥,2741570,39,경기도 안성시 미양면 구례골길 170-17,,127.2514126266,36.9838571530
광주,ok,,장터국밥,육일한 우거지장터국밥,2845379,39,경기도 여주시 강천면 강문로 222,,127.6818262106,37.2898851884
광주,ok,,장터국밥,60년전통예산장터국밥,2900145,39,충청남도 예산군 관양산길 12-1,,126.8485629474,36.6762104628
광주,ok,,전일빌딩 245,전일빌딩245,2666987,12,전남광주통합특별시 동구 금남로 245,(금남로1가),126.918717121719,35.1483590456295
광주,ok,,주디 마리 동명점,,,,,,,
광주,ok,,중외공원,중외공원,126324,12,전남광주통합특별시 북구 하서로 50 (운암동),,126.8828,35.1799
광주,ok,,중외공원 용봉초록습지,,,,,,,
광주,ok,,진주 황포 냉면,황포냉면,2843635,39,경상남도 진주시 호탄길34번길 10,,128.1173182527,35.1643103826
광주,ok,,착한 명인 국수와 숯불 냉면 비엔날레점,,,,,,,
광주,ok,,창고 1974 선운점,,,,,,,
광주,ok,,충장사,충장사,126383,12,전남광주통합특별시 북구 송강로 13,,126.9793,35.1627
광주,ok,,치읓의 자리,,,,,,,
광주,ok,,카페 올 모,,,,,,,
광주,ok,,칸세이스시 상무 본점,,,,,,,
광주,ok,,캔모아 충장로 2호점,,,,,,,
광주,ok,,컬러드 쟁리,,,,,,,
광주,ok,,코끼리 아구 찜통,,,,,,,
광주,ok,,코코로 9,,,,,,,
광주,ok,,쿠로시오,,,,,,,
광주,ok,,파리바게뜨 광주효천점,,,,,,,
광주,ok,,파세 아르,,,,,,,
광주,ok,,퍼니 싱어 동전 노래연습장 호남대점,,,,,,,
광주,ok,,펭귄 마을,양림동 펭귄마을공예거리,2603494,12,전남광주통합특별시 남구 백서로 92-8 (양림동),,126.9162912532,35.140220047
광주,ok,,펭귄 마을 거점 예술여행센터,,,,,,,
광주,ok,,푸른길 두산위브 아파트,,,,,,,
광주,ok,,플루크,,,,,,,
광주,ok,,피장,,,,,,,
광주,ok,,필링 돈가스 첨단,,,,,,,
광주,ok,,한해물하네 광주첨단점,,,,,,,
광주,ok,,할멈 탕수육 김밥 일곡점,,,,,,,
광주,ok,,행복한 담벼락,,,,,,,
광주,ok,,형님 육회,,,,,,,
광주,ok,,호시 마츠 라멘,,,,,,,
광주,ok,,호텔야자,호텔야자 대구성서점,3469798,32,대구광역시 달서구 성서공단로15길 61 (호산동),,128.4901088809,35.8406935873
광주,ok,,호텔야자,호텔야자 사상터미널점,2487757,32,부산광역시 사상구 광장로81번길 72,(괘법동),128.984061478801,35.1655827388741
광주,ok,,호텔야자,호텔야자 포항여객터미널점,3044675,32,경상북도 포항시 북구 삼호로 162 (항구동),,129.3753611204,36.0530277996
광주,ok,,효천 문화복합 커뮤니티센터,,,,,,,
인천,ok,,BMW 드라이빙 센터,BMW 드라이빙센터,2458348,12,인천광역시 영종구 공항동로 136 (운서동),,126.4849384009,37.4624631493
인천,ok,,C27 다운타운,,,,,,,
인천,ok,,G 타워 전망대,G타워 전망대,2994418,12,인천광역시 연수구 아트센터대로 175 G-Tower,33층 홍보관,126.6335544435,37.3964178789
인천,ok,,GS 더 프레시 송도캠퍼스점,,,,,,,
인천,ok,,GS25 인천대공원점,,,,,,,
인천,ok,,K 스타 PC 카페 북성동점,,,,,,,
인천,ok,,UH FLAT 더 송도,,,,,,,
인천,ok,,e99,,,,,,,
인천,ok,,ㅊa 차이나타운점,,,,,,,
인천,ok,,강남시장,강남시장(부천),2781673,38,경기도 부천시 원미구 옥산로154번길 20 (도당동),,126.7813212204,37.5072742799
인천,ok,,강남시장,으뜸50안경 인천강남시장점,4012894,38,인천광역시 서해구 가정로 308 (석남동),,126.672853557357,37.5123641770807
인천,ok,,강남시장,인천 강남시장,1030642,38,인천광역시 서해구 강남로 26-3 (석남동),,126.6721366795,37.5120023298
인천,ok,,강화 루지,,,,,,,
인천,ok,,강화 씨사이드 리조트,,,,,,,
인천,ok,,강화 캠핑파크,강화캠핑파크,2734015,28,인천광역시 강화군 길상면 신촌로146번길 14-11,,126.51664259443889,37.62666087715175
인천,ok,,개항장 문화마당,,,,,,,
인천,ok,,게 좋아 연평도 간장게장 무한리필 검단 본점,,,,,,,
인천,ok,,경복궁 삼계탕 인천 송도점,,,,,,,
인천,ok,,경인아라뱃길,경인아라뱃길 검암공원,2767580,12,인천광역시 검단구 시천동 162-134,,126.6753791266,37.5702678536
인천,ok,,경인아라뱃길,경인아라뱃길 귤현나루,2767445,12,인천광역시 계양구 정서진로 1247,(귤현동),126.7474747000,37.5727649000
인천,ok,,경인아라뱃길,경인아라뱃길 다남공원,2767474,12,인천광역시 계양구 장기서로 29 (장기동),,126.7339850000,37.5742490000
인천,ok,,경인아라뱃길,경인아라뱃길 매화동산,3061213,12,인천광역시 검단구 시천동,59-1,126.687854,37.570517
인천,ok,,경인아라뱃길,경인아라뱃길 시천공원,3061214,12,인천광역시 검단구 시천동,170-7,126.675455,37.572848
인천,ok,,경인아라뱃길,경인아라뱃길 아라타워 전망대,2767585,12,인천광역시 검단구 정서진1로 41,(오류동),126.6073967784,37.5584374728
인천,ok,,경인아라뱃길,경인아라뱃길 아라파크웨이마당,2767588,28,인천광역시 계양구 정서진로 1559,(평동),126.7720088464,37.5826264639
인천,ok,,경주 십원빵 영종점,,,,,,,
인천,ok,,계란 집 딸들,,,,,,,
인천,ok,,계양산,계양산,1113230,12,인천광역시 계양구 목상동,산 57-1,126.7234086347,37.5502377020
인천,ok,,계양산,계양산 둘레길,2661787,28,인천광역시 계양구 계양산로 101 (계산동),,126.7270444752,37.5480713510
인천,ok,,계양산,계양산 산림욕장,1114802,12,인천광역시 계양구 임학동,산10번지 일원,126.7305135554,37.5497517735
인천,ok,,계양산,계양산성박물관,2718558,14,인천광역시 계양구 계양산로 101,(계산동),126.727018745496,37.5480224405238
인천,ok,,계양산,계양산장미원,2767503,12,인천광역시 계양구 경명대로955번길 18,,126.7127513617,37.5471017664
인천,ok,,계양산,계양산전통시장,2766211,38,인천광역시 계양구 계양산로215번길 10 (병방동),,126.7407392337982,37.54817469799974
인천,ok,,고양이 역 카페,고양이역 카페,2834112,39,인천광역시 옹진군 영흥면 영흥로251번길 25-75,,126.4857190193,37.2550455856
인천,ok,,공가네,공가네 한우국밥 본점,2859696,39,경기도 하남시 미사대로 572 (덕풍동),,127.2084003984,37.5556041055
인천,ok,,공가네,공가네감자옹심이,2837935,39,강원특별자치도 양양군 남문5길 5-17,,128.6232286255,38.0754119409
인천,ok,,구월 로데오광장,,,,,,,
인천,ok,,구월동 로데오거리,,,,,,,
인천,ok,,구읍뱃터,,,,,,,
인천,ok,,구읍뱃터 선착장,,,,,,,
인천,ok,,국립 세계문자 박물관,국립세계문자박물관,3097744,14,인천광역시 연수구 센트럴로 217,,126.6379452558,37.3947110226
인천,ok,,국립생물자원관,국립생물자원관,852304,14,인천광역시 서해구 환경로28번길 42 (경서동),,128.254792,36.444261
인천,ok,,김종수 멸치국수,,,,,,,
인천,ok,,꽃춘삼,,,,,,,
인천,ok,,꾸어 부평점,,,,,,,
인천,ok,,꿈꾸는 공원,,,,,,,
인천,ok,,나이키 팩토리 스토어 송도점,,,,,,,
인천,ok,,남동공단 떡볶이,남동공단떡볶이,2837034,39,인천광역시 남동구 남동서로 226 (논현동),,126.6936930399,37.4096840655
인천,ok,,누들 플랫폼,누들플랫폼,2787144,14,인천광역시 제물포구 신포로27번길 36 (관동2가),,126.6235252450046,37.472517487043476
인천,ok,,뉴코아 아울렛 인천점,,,,,,,
인천,ok,,다원 코리아,,,,,,,
인천,ok,,다이어 메이커,,,,,,,
인천,ok,,닥터에 버스의 원 인천점,,,,,,,
인천,ok,,대룡시장,교동도 대룡시장,2492108,38,인천광역시 강화군 교동면 교동남로 35,,126.2809281709,37.7802111474
인천,ok,,대불호텔 전시관,대불호텔전시관,2994530,14,인천광역시 제물포구 신포로23번길 101  ,,126.6199896528,37.4736114488
인천,ok,,대성 수산,대성수산,2577618,39,경상남도 거제시 서문로 15,,128.617894855025,34.8879975409632
인천,ok,,더 선셋 카페,,,,,,,
인천,ok,,더더,더더 수육튀김_송도타임스페이스본점,3449616,39,인천광역시 연수구 하모니로138번길 11 (송도동),102동 142호 더,126.6431538830,37.3850360364
인천,ok,,더더,더더간장게장,2736422,39,경기도 고양시 덕양구 원당로 357-1 (원당동),,126.849619975781,37.6800494066693
인천,ok,,도깨비 조개구이,,,,,,,
인천,ok,,도목정,,,,,,,
인천,ok,,돈돈정 송도점,,,,,,,
인천,ok,,동백 섬 국밥,,,,,,,
인천,ok,,동양 염전 베이커리 카페,동양염전베이커리카페,3335782,39,인천광역시 영종구 용유서로 32 (남북동),,126.40315305305776,37.444399975772676
인천,ok,,동인천 공영주차장,,,,,,,
인천,ok,,동해 막국수,동해막국수,2768101,39,인천광역시 영종구 용유서로479번길 16,,126.370444902146,37.4616016755457
인천,ok,,동해 회 조개구이,,,,,,,
인천,ok,,두끼떡볶이 인천 구월점,,,,,,,
인천,ok,,드림파크 야생화 단지,,,,,,,
인천,ok,,디저트 39 송도 트리플 스트리트점,,,,,,,
인천,ok,,디저트 39 인천 구월점,,,,,,,
인천,ok,,디저트 39 인천 월미도 점,,,,,,,
인천,ok,,디저트 39 인천 월미도점,,,,,,,
인천,ok,,디츠겐,,,,,,,
인천,ok,,라헬의 부엌 인천 검단점,,,,,,,
인천,ok,,랑데자뷰 영종구읍뱃터,,,,,,,
인천,ok,,러키 차이나,,,,,,,
인천,ok,,롯데리아 인천 월미 마이랜드점,,,,,,,
인천,ok,,롯데백화점 인천점,갤럭시 롯데백화점 인천점,2922966,38,인천광역시 미추홀구 연남로 35 (관교동),4층,126.701518656221,37.4425062298688
인천,ok,,롯데백화점 인천점,갤럭시라이프스타일 롯데백화점 인천점,2922969,38,인천광역시 미추홀구 연남로 35 (관교동),4층,126.701518656221,37.4425062298688
인천,ok,,롯데백화점 인천점,골든듀 롯데백화점 인천점,2910706,38,인천광역시 미추홀구 연남로 35 (관교동),1층,126.701518656221,37.4425062298688
인천,ok,,롯데백화점 인천점,골프존마켓 롯데백화점 인천점,4027329,38,인천광역시 미추홀구 연남로 35 (관교동),4층,126.701518656221,37.4425062298688
인천,ok,,롯데백화점 인천점,금강 롯데백화점 인천점,4012879,38,인천광역시 미추홀구 연남로 35 (관교동),3층,126.701518656221,37.4425062298688
인천,ok,,롯데백화점 인천점,다이아미 롯데백화점 인천점,4012870,38,인천광역시 미추홀구 연남로 35 (관교동),1층,126.701518656221,37.4425062298688
인천,ok,,롯데백화점 인천점,닥스 롯데백화점 인천점,4012877,38,인천광역시 미추홀구 연남로 35 (관교동),3층,126.701518656221,37.4425062298688
인천,ok,,롯데백화점 인천점,롯데백화점 인천점,132659,38,"인천광역시 미추홀구 연남로 35 인천종합터미널,롯데백화점",,126.7023441253,37.4422082182
인천,ok,,롯데백화점 인천점,루이비통 롯데백화점 인천점,4027327,38,인천광역시 미추홀구 연남로 35 (관교동),1층,126.701518656221,37.4425062298688
인천,ok,,롯데백화점 인천점,몽블랑 롯데백화점 인천점,2922918,38,인천광역시 미추홀구 연남로 35 (관교동),1층,126.701518656221,37.4425062298688
인천,ok,,롯데백화점 인천점,미우미우 롯데백화점 인천점,4012873,38,인천광역시 미추홀구 연남로 35 (관교동),1층,126.701518656221,37.4425062298688
인천,ok,,롯데백화점 인천점,버버리 롯데백화점 인천점,4012880,38,인천광역시 미추홀구 연남로 35 (관교동),1층,126.701518656221,37.4425062298688
인천,ok,,롯데백화점 인천점,베르사체 롯데백화점 인천점,4012876,38,인천광역시 미추홀구 연남로 35 (관교동),1층,126.701518656221,37.4425062298688
인천,ok,,롯데백화점 인천점,보테가베네타 롯데백화점 인천점,4012874,38,인천광역시 미추홀구 연남로 35 (관교동),1층,126.701518656221,37.4425062298688
인천,ok,,롯데백화점 인천점,빈폴멘 롯데백화점 인천점,2922972,38,인천광역시 미추홀구 연남로 35 (관교동),4층,126.701518656221,37.4425062298688
인천,ok,,롯데백화점 인천점,아디다스 롯데백화점 인천점,2913806,38,인천광역시 미추홀구 연남로 35 (관교동),4층,126.701518656221,37.4425062298688
인천,ok,,롯데백화점 인천점,예거르쿨트르 롯데백화점 인천점,4012881,38,인천광역시 미추홀구 연남로 35 (관교동),1층,126.701518656221,37.4425062298688
인천,ok,,롯데백화점 인천점,오메가 롯데백화점 인천점,4027328,38,인천광역시 미추홀구 연남로 35 (관교동),1층,126.701518656221,37.4425062298688
인천,ok,,롯데백화점 인천점,유니클로 롯데백화점 인천점,2925776,38,인천광역시 미추홀구 연남로 35 (관교동),,126.701518656221,37.4425062298688
인천,ok,,롯데백화점 인천점,입생로랑뷰티 롯데백화점 인천점,4027330,38,인천광역시 미추홀구 연남로 35 (관교동),B1층,126.701518656221,37.4425062298688
인천,ok,,롯데시네마 부평역사,,,,,,,
인천,ok,,루나 마레,,,,,,,
인천,ok,,루틴,,,,,,,
인천,ok,,마니산 도토리,,,,,,,
인천,ok,,마라 공방 인천 도화점,,,,,,,
인천,ok,,마리앤쥬,마리앤쥬,2782697,12,인천광역시 연수구 신송로125번길 13 (송도동),302호,126.6511945522,37.3946183987
인천,ok,,마왕 족발 영종도 하늘도시점,,,,,,,
인천,ok,,마이랜드,마이랜드,2783003,12,인천광역시 제물포구 월미로 252 (북성동1가),,126.5986499300,37.4737527231
인천,ok,,만두 딤섬 전문 철판,,,,,,,
인천,ok,,만향 마라탕,,,,,,,
인천,ok,,말이 우물,,,,,,,
인천,ok,,맘스터치 영종넙디점,,,,,,,
인천,ok,,맥 썸 송도점,,,,,,,
인천,ok,,맥도날드 문학 DT점,,,,,,,
인천,ok,,메가박스 송도,,,,,,,
인천,ok,,메이 드림,메이드림,3334028,39,인천광역시 영종구 용유서로479번길 42 (을왕동),,126.36965104133338,37.46370480723963
인천,ok,,모다 아울렛 인천점,게스 모다 아울렛 인천점,3306078,38,인천광역시 서해구 북항로32번안길 50 (원창동),3층,126.64772504066,37.5099191232844
인천,ok,,모던하우스 송도 트리플 스트리트점,,,,,,,
인천,ok,,모래내시장,모래내시장 먹자골목,2773278,38,서울특별시 서대문구 수색로2길 11 (남가좌동),,126.91595515819978,37.569359967621985
인천,ok,,모래내시장,인천 모래내시장,1025593,38,인천광역시 남동구 호구포로810번길 42-8,,126.7214753815,37.4541793884
인천,ok,,모래내시장,전주 모래내시장,1187336,38,전북특별자치도 전주시 덕진구 모래내4길 8-8 (인후동2가),,127.1438866461,35.8336092448
인천,ok,,모래내시장,정관장 모래내시장점,4027319,38,인천광역시 남동구 구월로 268 (구월동),대성빌딩,126.720296676055,37.4556110532236
인천,ok,,문학산,문학산,2767529,12,인천광역시 미추홀구 문학길70번길 70,(문학동),126.6850124,37.4376974
인천,ok,,문학산,문학산역사관,2718767,12,인천광역시 연수구 연수동 산59-2,,126.677756,37.430487
인천,ok,,미애네 칼국수 2호점,미애네칼국수,2780280,39,인천광역시 영종구 마시란로 39,(덕교동),126.4209813437,37.4264301094
인천,ok,,미진 상회,,,,,,,
인천,ok,,미추홀공원,미추홀공원,2765400,12,인천광역시 연수구 해송로 59,(송도동),126.6494968,37.3823575
인천,ok,,미투,호텔미투,1965379,32,인천광역시 연수구 능허대로191번길 12,,126.650771487177,37.4185396502648
인천,ok,,민머루해수욕장,민머루해변,128818,12,인천광역시 강화군 삼산면 어류정길212번길,(삼산면) 일대,126.3328054311,37.6515995762
인천,ok,,민속 수제비,,,,,,,
인천,ok,,바다 앞 농장,,,,,,,
인천,ok,,바다 앞 테라스,바다앞테라스,2780309,39,인천광역시 영종구 은하수로 10 (중산동),,126.5812704513,37.4921280587
인천,ok,,바다 앞 테이블,,,,,,,
인천,ok,,박물관 역,,,,,,,
인천,ok,,버거킹 인천 송도 DT점,,,,,,,
인천,ok,,벌투 파리지앵 송도 타임스페이스점,,,,,,,
인천,ok,,보니당 신포 직영점,,,,,,,
인천,ok,,보문사,보문사 가는 바람길 위에 스트레스를 모두 내려놓자,1909290,25,,,126.3228884255,37.6967080309
인천,ok,,보문사,보문사(강화),125533,12,인천광역시 강화군 삼산남로828번길 44 보문사,,126.320957357326,37.6882869942662
인천,ok,,보문사,보문사(서울),316104,12,서울특별시 성북구 보문사길 20 (보문동3가),,127.0166614803,37.5844334073
인천,ok,,보문사,보문사(예천),316103,12,경상북도 예천군 보문면 보문사길 243,,128.5599685620,36.6546356184
인천,ok,,보문사,보문사(원주),252556,12,강원특별자치도 원주시 고문골길 270,(행구동),128.0268160352,37.3333643288
인천,ok,,봄이 보리밥,봄이보리밥,2907379,39,인천광역시 영종구 자연대로 47 (중산동),,126.558998073671,37.4887341298546
인천,ok,,봄이 보리밥 영종점,봄이보리밥,2907379,39,인천광역시 영종구 자연대로 47 (중산동),,126.558998073671,37.4887341298546
인천,ok,,부원 농원,,,,,,,
인천,ok,,부평구청 역 7호선,,,,,,,
인천,ok,,부평문화의 거리,,,,,,,
인천,ok,,부평역 1호선,,,,,,,
인천,ok,,부평역 지하상가,,,,,,,
인천,ok,,부평역사박물관,부평역사박물관,130911,14,인천광역시 부평구 굴포로 151,(삼산동),126.737846478137,37.5120659090618
인천,ok,,부평평리단길,,,,,,,
인천,ok,,브라운 핸즈 개항으로,브라운핸즈 개항로,2805968,39,인천광역시 제물포구 개항로 73-1 (경동),,126.6308053773,37.4720257127
인천,ok,,블랙 이슈 카페,,,,,,,
인천,ok,,블루 체어 커피,,,,,,,
인천,ok,,블루샥 부평 산곡점,,,,,,,
인천,ok,,빽다방 빵 연구소 송도 트리플 타워 점,,,,,,,
인천,ok,,산동 주방,,,,,,,
인천,ok,,삼국지 벽화거리,삼국지 벽화거리,2781336,12,인천광역시 제물포구 제물량로 262-15 (선린동),,126.6182285102,37.4745126950
인천,ok,,삼목선착장,삼목선착장,2709524,12,인천광역시 영종구 영종해안북로847번길 55,(운서동),126.4532403015,37.4985639507
인천,ok,,석남 녹지도시숲,,,,,,,
인천,ok,,선녀바위,선녀바위,129605,12,인천광역시 영종구 용유로380번길 21,,126.3789681524,37.4396528391
인천,ok,,선녀바위,선녀바위해변,129255,12,인천광역시 영종구 을왕동,,126.3779000000,37.4396000000
인천,ok,,설빙 인천문화의 거리점,,,,,,,
인천,ok,,셀렉트 커피 송도센트럴파크점,,,,,,,
인천,ok,,소찬공원,솔찬공원,3061216,12,인천광역시 연수구 컨벤시아대로391번길 20 (송도동),,126.62789903242374,37.372536875089324
인천,ok,,속초 횟집,,,,,,,
인천,ok,,손 커피연구소 영종하늘도시점,,,,,,,
인천,ok,,송도 누리공원,,,,,,,
인천,ok,,송도 달빛축제공원,달빛축제공원,2767888,12,인천광역시 연수구 송도동 1,(송도동),126.6597659732,37.3953434658
인천,ok,,송도 더프라우 3단지 아파트,,,,,,,
인천,ok,,송도 맥주축제,,,,,,,
인천,ok,,송도 타임스페이스,,,,,,,
인천,ok,,송도교 집,,,,,,,
인천,ok,,송도센트럴파크,올리브영 송도센트럴파크점,2906334,38,"인천광역시 연수구 해돋이로171번길 11 (송도동, 송도 센트럴파크 리버리치)",,126.64462119093,37.3937611252816
인천,ok,,송도컨벤시아,가회동샤브칼국수 송도컨벤시아점,2853680,39,인천광역시 연수구 센트럴로 123 (송도동),,126.6466173186,37.3900244069
인천,ok,,송도컨벤시아,경성한우불고기 송도컨벤시아 본점,2913091,39,인천광역시 연수구 센트럴로 123 송도컨벤시아,남문 1층,126.6466173186,37.3900244069
인천,ok,,송도컨벤시아,송도컨벤시아,742171,14,인천광역시 연수구 센트럴로 123,(송도동),126.6461951621,37.3890356252
인천,ok,,송도풍림아이원 6단지 아파트,,,,,,,
인천,ok,,송도해모로 월드뷰 아파트,,,,,,,
인천,ok,,송월동 동화마을,송월동 동화마을,1938168,12,인천광역시 제물포구 송월동3가,17-1,126.6206000000,37.4776000000
인천,ok,,송쭈집 본점,송쭈집 본점,2768179,39,"인천광역시 연수구 센트럴로 160 (송도동, 송도센트럴파크푸르지오)",,126.6437369606,37.3923824156
인천,ok,,송해 온,,,,,,,
인천,ok,,송해온,,,,,,,
인천,ok,,수기 해변,수기해변,264616,12,인천광역시 옹진군 북도면 시도로86번길 291-49,,126.4311771590,37.5446026512
인천,ok,,쉐라톤 그랜드 인천 호텔,쉐라톤 그랜드 인천 호텔,787644,32,인천광역시 연수구 컨벤시아대로 153,,126.645389467893,37.3902346705693
인천,ok,,슈퍼키즈 스카이 방방 하늘도시점,,,,,,,
인천,ok,,스시로 송도점,,,,,,,
인천,ok,,스위트 머드 송도점,,,,,,,
인천,ok,,스퀘어 원,,,,,,,
인천,ok,,스타벅스 영종도 운서역점,,,,,,,
인천,ok,,스테이 인 호텔,,,,,,,
인천,ok,,스폰 타니티,,,,,,,
인천,ok,,슬로스,,,,,,,
인천,ok,,신거북시장,신거북시장,2765404,38,인천광역시 서해구 거북로 117 (석남동),,126.6749199224,37.5034339518
인천,ok,,신기시장,인천 신기시장,2465126,38,인천광역시 미추홀구 신기길58번길 6 (주안동),,126.6764047285,37.4456240301
인천,ok,,신도항(옹진),,,,,,,
인천,ok,,신소당,신송당,2838923,39,인천광역시 강화군 삼산면 어류정길212번길 7-4,,126.3342663804,37.6526050397
인천,ok,,신승 반점 본점,신승반점,2845110,39,인천광역시 제물포구 차이나타운로44번길 31-3,,126.6177481212,37.4755015640
인천,ok,,신신 분식,신신분식,2845309,39,인천광역시 제물포구 자유공원로27번길 1  ,,126.6278722229,37.4752086246
인천,ok,,신포 닭강정 본점,신포닭강정,2781332,39,인천광역시 제물포구 우현로49번길 3,(신포동),126.6282389545,37.4716590435
인천,ok,,신포국제시장,신포국제시장,132381,38,인천광역시 제물포구 관동3가,,126.627163,37.471371
인천,ok,,신포지하상가,,,,,,,
인천,ok,,쏠마레,,,,,,,
인천,ok,,씨사이드 파크,씨사이드파크,2993378,12,인천광역시 영종구 하늘달빛로2번길 6 씨사이드파크 관리사무실 ,,126.568160681001,37.4833018704679
인천,ok,,아라 마루 전망대,아라마루 전망대,2675429,12,인천광역시 계양구 아라로 228 (둑실동),,126.7013906018,37.5726393040
인천,ok,,아시안 갯벌 체험장,마시안갯벌체험장,3074715,12,인천광역시 영종구 마시란로 107-8  ,,126.4169825135,37.4316203464
인천,ok,,아시안 해변,영종도 마시안해변,264517,12,인천광역시 영종구 마시란로 118 (덕교동),,126.4163,37.4317
인천,ok,,아오리의 행방불명 송도점,,,,,,,
인천,ok,,안스 베이커리 송도점,,,,,,,
인천,ok,,역전 할머니 맥주 송도 트리플 스트리트점,,,,,,,
인천,ok,,연경 차이나타운 본점,,,,,,,
인천,ok,,연세대학교 국제캠퍼스,,,,,,,
인천,ok,,영농조합법인 영인 팜,,,,,,,
인천,ok,,영종 씨사이드 레일바이크,영종씨사이드 레일바이크,2606233,28,인천광역시 영종구 구읍로 75,,126.576840645103,37.4884520368651
인천,ok,,영종역 공항철도,,,,,,,
인천,ok,,영종진공원,,,,,,,
인천,ok,,영종하늘 도서관,,,,,,,
인천,ok,,영종하늘공원,,,,,,,
인천,ok,,예단포둘레길,예단포둘레길,3407606,28,인천광역시 영종구 예단포1로 2-10 (운북동),,126.50218431496599,37.53118478935061
인천,ok,,옛날 송도 떡볶이,,,,,,,
인천,ok,,오버케,,,,,,,
인천,ok,,옥자네 애견카페,,,,,,,
인천,ok,,온 셈 현대 프리미엄 아울렛 송도점,,,,,,,
인천,ok,,올리버 브라운 달빛공원점,,,,,,,
인천,ok,,올리브영 인천 신포점,,,,,,,
인천,ok,,왕산해수욕장,왕산해수욕장,129256,12,인천광역시 영종구 을왕동,,126.369306265996,37.4564772809585
인천,ok,,용궁사,용궁사(인천),126676,12,인천광역시 영종구 운남로 199-1,(운남동),126.5279807341,37.4971570919
인천,ok,,용궁사,해동용궁사,126848,12,부산광역시 기장군 기장읍 용궁길 86,,129.2235301928,35.1882428912
인천,ok,,용화선원,용화선원(광주),2751219,12,경기도 광주시 봉골길 228 (문형동),,127.1949849047,37.3618402262
인천,ok,,용화선원,용화선원(인천),1617959,12,인천광역시 미추홀구 주염로 43,(주안동),126.6822979649,37.4697518861
인천,ok,,우물 옆 그 집,,,,,,,
인천,ok,,원인재역 수인 분당선,,,,,,,
인천,ok,,원적산,원적산공원 은행나무숲,2675029,12,인천광역시 부평구 산곡1동 80-22,,126.694256260827,37.5131316680955
인천,ok,,원적산,원적산체육공원,2767556,12,인천광역시 부평구 원적로269번길 72 (산곡동),,126.6933320244,37.5072754974
인천,ok,,월미 바다역,,,,,,,
인천,ok,,월미공원,월미공원,879086,12,인천광역시 제물포구 월미로 131-31 (북성동1가),,126.6041549279,37.4757498100
인천,ok,,월미공원,월미공원 월미전망대,3003184,12,인천 제물포구 북성동1가 125,,126.5959787270,37.4701885046
인천,ok,,월미도,베니키아 월미도 더블리스 호텔,1937524,32,인천광역시 제물포구 월미로 266,(북성동1가),126.597308531073,37.472634884506
인천,ok,,월미도,월미도,127585,12,인천광역시 제물포구 월미문화로 36 (북성동1가),,126.6001,37.4722
인천,ok,,월미도,월미도 다이아몬드호텔,2534394,32,인천광역시 제물포구 월미로 229,,126.599816544458,37.4753207124933
인천,ok,,월미도,월미도 해월관광호텔,2655586,32,인천광역시 제물포구 월미로260번길 8,,126.5980444343,37.4735860650
인천,ok,,월미도,월미도등대길,2753119,12,인천광역시 제물포구 북성동1가 120,,126.5951337062,37.4693615054
인천,ok,,월미도,월미도해양관광  (월미도유람선),2781334,12,인천광역시 제물포구 월미문화로 21,(북성동1가),126.598491641176,37.4764927682716
인천,ok,,월미도,월미도회집,135441,39,인천광역시 제물포구 월미문화로 49,(북성동1가),126.597341827907,37.4738264064365
인천,ok,,월미도 갈매기 홀,,,,,,,
인천,ok,,월미도 선착장,월미도해양관광  (월미도유람선),2781334,12,인천광역시 제물포구 월미문화로 21,(북성동1가),126.598491641176,37.4764927682716
인천,ok,,월미문화로,,,,,,,
인천,ok,,월미문화의 거리,,,,,,,
인천,ok,,월미문화의 거리 역,,,,,,,
인천,ok,,월미문화의 거리역,,,,,,,
인천,ok,,월미테마파크,,,,,,,
인천,ok,,월미테마파크 바이킹,,,,,,,
인천,ok,,위크인 마카롱,,,,,,,
인천,ok,,을왕리 3도씨 해물갈비,300도씨해물갈비 본점,2875695,39,인천광역시 영종구 마시란로 410 (을왕동),,126.3924000290,37.4480298771
인천,ok,,을왕리 해수욕장,을왕리해수욕장,128767,12,인천광역시 영종구 용유서로302번길 16-15 (을왕동),,126.372722,37.445948
인천,ok,,이디야커피 인천 차이나타운점,,,,,,,
인천,ok,,이소리라 식당,,,,,,,
인천,ok,,이차돌 인천 운서역점,,,,,,,
인천,ok,,이춘명숙승회 검단 직영점,,,,,,,
인천,ok,,인천 생활문화센터 칠 통 마당,,,,,,,
인천,ok,,인천 원조 바이킹,,,,,,,
인천,ok,,인천 차이나타운,인천 차이나타운,264512,12,인천광역시 제물포구 차이나타운로59번길 20,,126.619148032048,37.4737962412948
인천,ok,,인천 차이나타운 삼국지 벽화거리,,,,,,,
인천,ok,,인천개항 누리길,,,,,,,
인천,ok,,인천개항 박물관,인천개항박물관,2601710,14,인천광역시 제물포구 신포로23번길 89,,126.61848970134,37.4760042936512
인천,ok,,인천개항장 근대건축전시관,인천개항장 근대건축전시관,2779442,14,인천광역시 제물포구 신포로23번길 77,(중앙동2가),126.6211978573,37.4728852777
인천,ok,,인천국제공항,인천국제공항,2711042,12,인천광역시 영종구 공항로 271 (운서동),,126.452346738588,37.4476109663729
인천,ok,,인천국제공항,인천국제공항 제2여객터미널,2535506,12,인천광역시 영종구 제2터미널대로 446,,126.4250156573,37.4784546859
인천,ok,,인천국제공항,X:PORT 엑스포트 인천국제공항 디지털전시체험관,4064519,14,인천광역시 영종구 공항로 271 (운서동),인천국제공항 제1터미널 제1교통센터 지하1층,126.452346738588,37.4476109663729
인천,ok,,인천내항제8부두 주차장,,,,,,,
인천,ok,,인천대공원,인천대공원,128027,12,인천광역시 남동구 무네미로 236,,126.7492580058,37.4576199732
인천,ok,,인천대공원,인천대공원 목재문화체험장,2648385,14,인천광역시 남동구 무네미로 236,,126.7493033010,37.4577461335
인천,ok,,인천대공원,인천대공원 반려견놀이터,3112159,12,인천광역시 남동구 무네미로 236,,126.7493033010,37.4577461335
인천,ok,,인천대공원,인천대공원 반려동물 놀이터,2603489,12,인천광역시 남동구 무네미로 236,인천대공원 내(제 1주차장 축구장 뒤편),126.7493033010,37.4577461335
인천,ok,,인천대공원,인천대공원 어린이동물원,3015077,12,인천광역시 남동구 무네미로 236 인천대공원사업소,,126.7492908782,37.4576936278
인천,ok,,인천대공원,인천대공원 치유숲길,3422770,12,인천광역시 남동구 무네미로 236 (장수동),,126.7493033010,37.4577461335
인천,ok,,인천대공원,인천대공원 캠핑장,3015052,28,인천 남동구 장수동 456,,126.7506387518,37.4594378077
인천,ok,,인천대학교 송도캠퍼스,,,,,,,
인천,ok,,인천도시 역사관,인천도시역사관,1851364,14,인천광역시 연수구 인천타워대로 238,,126.6358893469,37.3928128195
인천,ok,,인천상륙작전기념관,인천상륙작전기념관,130060,14,인천광역시 연수구 청량로 138 (옥련동),,126.65349067986656,37.41947303933855
인천,ok,,인천시민에 집,,,,,,,
인천,ok,,인천아트플랫폼,,,,,,,
인천,ok,,인천역 1호선,,,,,,,
인천,ok,,인천역 수인 분당선,,,,,,,
인천,ok,,인천종합관광안내소,,,,,,,
인천,ok,,인천종합어시장,,,,,,,
인천,ok,,인천항 연안 부두,,,,,,,
인천,ok,,인하대학교 용현 캠퍼스,,,,,,,
인천,ok,,일본풍 거리,인천일본풍거리,3003517,12,인천광역시 제물포구 관동1가,,126.6208610000,37.4736190000
인천,ok,,일이삼 간장게장,일오삼간장게장,2836893,39,인천광역시 강화군 양도면 중앙로1052번길 16,,126.4064862079,37.7006034857
인천,ok,,잉글랜드 왕돈가스,,,,,,,
인천,ok,,자연도 소금빵,,,,,,,
인천,ok,,자연도 소금빵 자연도 차,,,,,,,
인천,ok,,자유 공원,자유공원(인천),125519,12,인천광역시 제물포구 제물량로232번길 46,,126.6222615765,37.4752405648
인천,ok,,자유 공원 맥아더 장군 동상,,,,,,,
인천,ok,,장모한상,,,,,,,
인천,ok,,전남 회 조개구이,,,,,,,
인천,ok,,전라도 대왕조개구이랑 칼국수,,,,,,,
인천,ok,,전망 좋은 집,,,,,,,
인천,ok,,정석루,,,,,,,
인천,ok,,정씨 함박,,,,,,,
인천,ok,,정자각 구월점,,,,,,,
인천,ok,,제물포구락부,제물포구락부,945052,12,인천광역시 제물포구 자유공원남로 25,,126.622500461047,37.4745600965158
인천,ok,,주교좌답동 성 바오로 성당,,,,,,,
인천,ok,,준 식당,,,,,,,
인천,ok,,중 하루,중화루,2769482,39,인천광역시 제물포구 홍예문로 12,(중앙동4가),126.624058719854,37.4717799076772
인천,ok,,진복호,진복호 신관,2758144,39,인천광역시 강화군 길상면 해안남로 488,,126.509627502263,37.5976736238251
인천,ok,,짜장면 박물관,,,,,,,
인천,ok,,차 덕분,차덕분 영종도본점,2812241,39,인천광역시 영종구 은하수로 12,,126.5810067958,37.4923516349
인천,ok,,차이나타운점,,,,,,,
인천,ok,,채널 트웰브,,,,,,,
인천,ok,,채영신의 명품 생고기 무한리필 영종점,,,,,,,
인천,ok,,천에향 샤부샤부 훠궈 뷔페 송도점,,,,,,,
인천,ok,,청년 백범 김구 역 사거리,,,,,,,
인천,ok,,청라 호수 공원,청라호수공원,2465152,12,인천광역시 서해구 크리스탈로 59,(경서동),126.636266993779,37.530542400508
인천,ok,,청실홍실 신포 본점,,,,,,,
인천,ok,,청춘 조개 월미도 직영점,,,,,,,
인천,ok,,카페 건,,,,,,,
인천,ok,,카페 아키라,아키라커피 본점,2848938,39,인천광역시 제물포구 차이나타운로44번길 16-24  ,,126.6188424605,37.4763166699
인천,ok,,카페 오라,베이커리 카페 오라힐스,2865746,39,경기도 양주시 청담로243번길 163 (고암동),,127.0643976713,37.8179570917
인천,ok,,카페 월트,,,,,,,
인천,ok,,카페 휴양,,,,,,,
인천,ok,,카페꼼마&얀쿠브레 송도점,,,,,,,
인천,ok,,카페라 봉,,,,,,,
인천,ok,,캠프마켓,,,,,,,
인천,ok,,캣츠 게임랜드,,,,,,,
인천,ok,,커리어,,,,,,,
인천,ok,,컵이,,,,,,,
인천,ok,,케이 131,,,,,,,
인천,ok,,코마린 이스트보트하우스 송도지점,,,,,,,
인천,ok,,코스트코 송도점,,,,,,,
인천,ok,,타르트야 신포시장 본점,,,,,,,
인천,ok,,타키,세르지오타키니 롯데월드몰점,4013170,38,서울특별시 송파구 올림픽로 300 (신천동),3층,127.104301829165,37.5137129859207
인천,ok,,타키,세르지오타키니 롯데프리미엄아울렛 기흥점,4011805,38,경기도 용인시 기흥구 신고매로 124 (고매동),B1층,127.121283960956,37.2255419641124
인천,ok,,타키,세르지오타키니 스타필드 수원점,4011475,38,경기도 수원시 장안구 수성로 175 (정자동),6층,126.991574559571,37.2874453391147
인천,ok,,타키,세르지오타키니 한남플래그십스토어,4009415,38,서울특별시 용산구 이태원로49길 8 (한남동),1층,127.000140413944,37.5372191526027
인천,ok,,타타르 베이글 송도점,,,,,,,
인천,ok,,테크노파크역 인천 1호선,,,,,,,
인천,ok,,트레플,,,,,,,
인천,ok,,트리플 스트리트,,,,,,,
인천,ok,,파라곤 센트럴파크 아파트,,,,,,,
인천,ok,,파라다이스 시티,파라다이스 시티 씨메르(인천),2650745,12,인천광역시 영종구 영종해안남로321번길 186,,126.455731679562,37.4372922505989
인천,ok,,파라다이스 시티 씨메르,파라다이스 시티 씨메르(인천),2650745,12,인천광역시 영종구 영종해안남로321번길 186,,126.455731679562,37.4372922505989
인천,ok,,파라다이스 시티 플라자,,,,,,,
인천,ok,,파라다이스 시티 호텔 더 스파 앳 파라다이스,,,,,,,
인천,ok,,파크 마린 호텔,,,,,,,
인천,ok,,팔미도,인천 팔미도 등대,129128,12,인천광역시 영종구 팔미로 28 (무의동),,126.51082526934515,37.35831988618524
인천,ok,,팔미도,팔미도유람선,744952,12,인천광역시 제물포구 연안부두로 36 (항동7가),(항동7가),126.601825124801,37.4554968906649
인천,ok,,팟알,팟알 (Cafe POT R),1890389,39,인천광역시 제물포구 신포로27번길 96-2,,126.620547893845,37.4738490374738
인천,ok,,포디엄 126,르인천구락부 포디움126,3525625,12,인천광역시 제물포구 신포로 19-8 (중앙동4가),,126.62419345222648,37.471067103611105
인천,ok,,포레스트아웃팅스 송도점,,,,,,,
인천,ok,,포크,이포크,2871390,39,"서울특별시 동대문구 전농로37길 13-4 (전농동, 유일주택)",1층,127.05189727818,37.584561163383
인천,ok,,포크,장사도대포크루즈,2783944,12,경상남도 거제시 남부면 대포길 77,,128.5860836217,34.7151107272
인천,ok,,포크,포크,2853718,39,인천광역시 연수구 송도과학로16번길 13-18 송도건원테크노큐브,109호,126.660813220188,37.3810194001523
인천,ok,,포크,포크너,2848358,39,경기도 안산시 단원구 예술대학로 11 (고잔동),,126.8365603545,37.3181666572
인천,ok,,포크,2025 파주포크페스티벌,1693879,15,경기도 파주시 문산읍 임진각로 164,,126.7417751478,37.8897734643
인천,ok,,풍미,풍미,724081,39,인천광역시 제물포구 차이나타운로 56 (선린동),,126.61846737123348,37.47472248935005
인천,ok,,풍미,풍미당,1857885,39,충청북도 옥천군 옥천읍 중앙로 23-1,,127.567711160078,36.2996691465477
인천,ok,,풍미,풍미연,2834821,39,서울특별시 노원구 노해로85길 7 큰집돌솥설렁탕,,127.0648356150,37.6557232085
인천,ok,,풍미,풍미정,2846784,39,경기도 용인시 처인구 모현읍 능원로 72,,127.17209562365434,37.33340741378085
인천,ok,,풍미,[백년가게]풍미통닭,2607362,39,전남광주통합특별시 순천시 팔마1길 2 (연향동),,127.5141410539,34.9325008712
인천,ok,,하늘문화센터,,,,,,,
인천,ok,,하늘정원 주차장,,,,,,,
인천,ok,,하루 필름 인천 송도점,,,,,,,
인천,ok,,한국이민사 박물관,한국이민사박물관,2465140,14,인천광역시 제물포구 월미로 329,(북성동1가),126.600238871989,37.4700685827796
인천,ok,,한중문화관,한중문화관,652305,14,인천광역시 제물포구 제물량로 238,,126.6187591887,37.4735240454
인천,ok,,할리스 인천 한옥마을 점,,,,,,,
인천,ok,,해돋이공원,해돋이공원,2766397,12,인천광역시 연수구 해돋이로 51,(송도동),126.654827483815,37.3885239352756
인천,ok,,해상 궁,해상궁,2847004,39,인천광역시 영종구 마시란로 411 (을왕동),,126.3919639620,37.4478743316
인천,ok,,행복한 시골밥상,,,,,,,
인천,ok,,현대 프리미엄 아울렛 송도점,내셔널지오그래픽 현대 프리미엄 아울렛 송도점,4027353,38,인천광역시 연수구 송도국제대로 123 (송도동),B1층,126.657917047216,37.3816291013573
인천,ok,,호랑이 곳간,호랭이곳간 본점,2905193,39,인천광역시 연수구 송도과학로16번길 33-3 송도 트리플스트리트,C동 지하2층,126.661249322269,37.3798167766132
인천,ok,,호텔 이쁘다 검단,,,,,,,
인천,ok,,홍두병 차이나타운점,,,,,,,
인천,ok,,화개 정원,화개정원,3011747,12,인천광역시 강화군 교동면 교동동로471번길 6-58,,126.2892608897,37.7837935024
인천,ok,,황해 해물칼국수 1호점,,,,,,,
인천,ok,,휠 프렌즈,,,,,,,
서울,ok,,21아울렛 구로점,,,,,,,
서울,ok,,24시 용산 원조 감자탕,,,,,,,
서울,ok,,29CM SEONGSU,,,,,,,
서울,ok,,3.1운동기념터 보신각 앞,,,,,,,
서울,ok,,316커피바,,,,,,,
서울,ok,,37 그릴 바,,,,,,,
서울,ok,,566라멘,566라멘,2815426,39,서울특별시 마포구 연남로3길 33,,126.9209069932,37.5606400109
서울,ok,,57th카페,,,,,,,
서울,ok,,5TO7,,,,,,,
서울,ok,,63스퀘어,,,,,,,
서울,ok,,63아트,,,,,,,
서울,ok,,63아트 카페,,,,,,,
서울,ok,,ABC마트 GS 명동중앙점,ABC마트 GS 명동중앙점,4026020,38,서울특별시 중구 명동8길 12 (명동2가),,126.98446580569,37.5631716613511
서울,ok,,AC 호텔 바이 메리어트 서울 강남,AC 호텔 바이 메리어트 서울 강남,4078819,32,서울특별시 강남구 테헤란로25길 10 (역삼동),,127.0354244397,37.5012416495
서울,ok,,AK플라자 홍대,디자인스킨 AK플라자 홍대점,2931711,38,서울특별시 마포구 양화로 188 (동교동),2층,126.926498328277,37.5577458058734
서울,ok,,AK플라자 홍대,버터 AK플라자 홍대,4012539,38,서울특별시 마포구 양화로 188 (동교동),2층,126.926498328277,37.5577458058734
서울,ok,,AK플라자 홍대,스파오 AK플라자 홍대점,2924347,38,서울특별시 마포구 와우산로37길 35 (동교동),,126.929035860751,37.5564381192339
서울,ok,,AK플라자 홍대,시코르 AK플라자 홍대점,4027410,38,서울특별시 마포구 양화로 188 (동교동),1층,126.926498328277,37.5577458058734
서울,ok,,AK플라자 홍대,아트박스 AK플라자 홍대점,4027411,38,서울특별시 마포구 양화로 188 (동교동),1층,126.926498328277,37.5577458058734
서울,ok,,AK플라자 홍대,프래프 AK플라자 홍대,4012538,38,서울특별시 마포구 양화로 188 (동교동),3층,126.926498328277,37.5577458058734
서울,ok,,AK플라자 홍대,MUJI AK플라자 홍대,2911585,38,서울특별시 마포구 양화로 188 (동교동),3층,126.926498328277,37.5577458058734
서울,ok,,Apple 가로수길,Apple 가로수길,2930410,38,서울특별시 강남구 가로수길 43 (신사동),,127.022609971999,37.5208795755362
서울,ok,,BMW 한독모터스 서초전시장,,,,,,,
서울,ok,,CGV 강변,,,,,,,
서울,ok,,CGV 상봉,,,,,,,
서울,ok,,CGV 신촌 아트레온,,,,,,,
서울,ok,,CGV 연남,,,,,,,
서울,ok,,CGV 영등포,,,,,,,
서울,ok,,CGV 왕십리,,,,,,,
서울,ok,,CGV 용산 아이파크몰,,,,,,,
서울,ok,,CGV 피카디리 1958,,,,,,,
서울,ok,,COS 퀼티드 백 팝업스토어,,,,,,,
서울,ok,,CU 부암 러키점,,,,,,,
서울,ok,,GLGK,,,,,,,
서울,ok,,GS25 성수공원점,,,,,,,
서울,ok,,H&M 홍대점,,,,,,,
서울,ok,,IFC 몰,,,,,,,
서울,ok,,JTN 아트홀,,,,,,,
서울,ok,,K 현대미술관,K현대미술관,2773265,14,서울특별시 강남구 선릉로 807 (신사동),,127.0391861299,37.5244324498
서울,ok,,KBS 아레나,KBS아레나,3076141,14,서울특별시 강서구 공항대로 376 (화곡동),,126.84719333703646,37.55684829730053
서울,ok,,KFC 광화문점,,,,,,,
서울,ok,,KFC 코엑스몰점,,,,,,,
서울,ok,,KSPO 돔,올림픽체조경기장(KSPO DOME),2758179,28,서울특별시 송파구 올림픽로 424 (방이동),,127.1150682209,37.5206092598
서울,ok,,KTA 장 충장로 테니스장,,,,,,,
서울,ok,,KTG 상상마당 홍대,,,,,,,
서울,ok,,LCDC 서울,엘씨디씨 서울(LCDC SEOUL),3060919,38,서울특별시 성동구 연무장17길 10 (성수동2가),,127.06132346070548,37.54154752347406s
서울,ok,,LG아트센터 서울,LG아트센터 서울,130289,14,서울특별시 강서구 마곡중앙로 136 (마곡동),,126.8294429794,37.5653406087
서울,ok,,LG유플러스 본사,,,,,,,
서울,ok,,LG전자 베스트숍 구로 본점,,,,,,,
서울,ok,,LX 지인스퀘어 신세계 타임스퀘어점,,,,,,,
서울,ok,,Ofr 서울,,,,,,,
서울,ok,,PVCS,,,,,,,
서울,ok,,SBA 서울 애니메이션 센터,,,,,,,
서울,ok,,SETEC,서울무역전시컨벤션센터(SETEC),250469,14,서울특별시 강남구 남부순환로 3104,,127.0715423291,37.4958252427
서울,ok,,T 팩토리,,,,,,,
서울,ok,,T1 베이스캠프,,,,,,,
서울,ok,,TROUBADOUR 홍대점,TROUBADOUR 홍대점,2930884,38,서울특별시 마포구 어울마당로 137 (동교동),"1층,2층",126.925151115991,37.5564567137259
서울,ok,,ZARA 강남역점,,,,,,,
서울,ok,,ZARA 눈스퀘어점,,,,,,,
서울,ok,,bd 버거 성수,,,,,,,
서울,ok,,dooop,,,,,,,
서울,ok,,가나아트센터,가나아트센터,129854,14,서울특별시 종로구 평창30길 28 (평창동),,126.97512913242,37.6122904729365
서울,ok,,가배도 명동점,,,,,,,
서울,ok,,가회동 백인제 가옥,,,,,,,
서울,ok,,감성 타코 홍대점,,,,,,,
서울,ok,,갓덴스시 강남점,,,,,,,
서울,ok,,강남 메밀 무이,,,,,,,
서울,ok,,강남 터미널 경부선 지하상가,,,,,,,
서울,ok,,강남곱,,,,,,,
서울,ok,,강남명전,,,,,,,
서울,ok,,강남역 사거리 강남역 지하상가,,,,,,,
서울,ok,,강남역 신분당선,,,,,,,
서울,ok,,강남역 지하상가,,,,,,,
서울,ok,,강동아트센터,강동아트센터,1750737,14,서울특별시 강동구 동남로 870 (상일동),,127.1574079432,37.5511370351
서울,ok,,강동아트센터 대극 장한 강,,,,,,,
서울,ok,,강변 테크노마트,,,,,,,
서울,ok,,강서 둘레길 1코스(개화산 숲길),,,,,,,
서울,ok,,강서 운전면허시험장,,,,,,,
서울,ok,,강서습지생태공원,강서습지생태공원,809490,12,서울특별시 강서구 양천로27길 279-23,(방화동),126.8171490732,37.5860879769
서울,ok,,개봉 퓨전포차,,,,,,,
서울,ok,,개울장,,,,,,,
서울,ok,,갤러리 B,,,,,,,
서울,ok,,갤러리 이즈,,,,,,,
서울,ok,,갱커피,,,,,,,
서울,ok,,갸우뚱,,,,,,,
서울,ok,,건국대학교병원,,,,,,,
서울,ok,,건대입구역 2호선,,,,,,,
서울,ok,,건대입구역 7호선,,,,,,,
서울,ok,,경리단길,경리단길,2930839,12,서울특별시 용산구 이태원동,210-65,126.9875154390,37.5384521160
서울,ok,,경리단길,로코스 비비큐 경리단길본점,2855483,39,서울특별시 용산구 회나무로 83 (이태원동),,126.9955535221,37.5410380710
서울,ok,,경복궁,경복궁,126508,12,서울특별시 종로구 사직로 161 (세종로),,126.97672186606306,37.576030700049394
서울,ok,,경복궁,경복궁,3577022,39,울산광역시 남구 산업로 595 (삼산동),,129.35033033262354,35.534767770330944
서울,ok,,경복궁,경복궁 별빛야행,2648460,15,서울특별시 종로구 사직로 161 (세종로),경복궁,126.9767375783,37.5760836609
서울,ok,,경복궁,경복궁 북쪽마을 북촌 즐기기,1952962,25,,,126.9768042386,37.5760725520
서울,ok,,경복궁,경복궁 생과방,2615461,15,서울특별시 종로구 사직로 161 (세종로),,126.97672186606306,37.576030700049394
서울,ok,,경복궁,경복궁에 맛있는 부엌,2820889,39,서울특별시 종로구 사직로 103,,126.970246974024,37.5762455906668
서울,ok,,경복궁,다이소 경복궁역점,4025882,38,서울특별시 종로구 자하문로2길 4 (적선동),,126.972859321085,37.576377886406
서울,ok,,경복궁,앤더슨벨 경복궁 플래그쉽 스토어,4012713,38,서울특별시 종로구 윤보선길 42 (안국동),,126.983821068557,37.5779865507226
서울,ok,,경복궁,올리브영 경복궁역점,4009449,38,서울특별시 종로구 자하문로 9 (체부동),"1,2층",126.972141061212,37.5769157929272
서울,ok,,경복궁,청계천을 돌아 경복궁에서 인사동까지,1914505,25,,,126.9786237129,37.5691567219
서울,ok,,경복궁,한복남 경복궁점,2390314,12,서울특별시 종로구 사직로 133-5,,126.9733212169,37.5762891312
서울,ok,,경복궁,[백년가게]경복궁식당,2629723,39,경상북도 김천시 대항면 황학동길 11-8,,128.0164320969,36.1148427197
서울,ok,,경복궁역 3호선,,,,,,,
서울,ok,,경성 시장 가산점,,,,,,,
서울,ok,,경의선 숲길,경의선숲길,2553819,28,서울특별시 마포구 연남동,,126.923056,37.561696
서울,ok,,경의선 숲길공원,,,,,,,
서울,ok,,경춘선 숲길,경춘선숲길,2704696,28,서울특별시 노원구 하계동 107-2,,127.0694164404,37.6316233163
서울,ok,,고기 온,,,,,,,
서울,ok,,고래네,,,,,,,
서울,ok,,고려 가든,,,,,,,
서울,ok,,고메이 494 갤러리아백화점 WEST 점,,,,,,,
서울,ok,,고메즈 릿지 잠실 롯데점,,,,,,,
서울,ok,,고봉인 김밥인 서울 노원구청점,,,,,,,
서울,ok,,고삼이 신촌점,,,,,,,
서울,ok,,고속 터미널 지하철역 상가,,,,,,,
서울,ok,,고속버스터미널 꽃 도매상가,,,,,,,
서울,ok,,고씨네 대학로점,,,,,,,
서울,ok,,고우가,,,,,,,
서울,ok,,고척스카이돔,,,,,,,
서울,ok,,고척스카이돔 전면 광장,,,,,,,
서울,ok,,고투몰,고투몰(강남터미널 지하쇼핑몰),132492,38,서울특별시 서초구 신반포로 지하200 (잠원동),,127.00505172282101,37.506220282885394
서울,ok,,고투몰,똥싼바지 고투몰점,4025709,38,서울특별시 서초구 신반포로 지하200 (잠원동),,127.005051680109,37.5062203134857
서울,ok,,고향역,,,,,,,
서울,ok,,공간 와디즈,,,,,,,
서울,ok,,공리 훠궈 x 짬뽕 청담점,,,,,,,
서울,ok,,공복 식당,,,,,,,
서울,ok,,공차 고속 터미널점,,,,,,,
서울,ok,,공차 서울역점,,,,,,,
서울,ok,,공차 홍대 서교점,,,,,,,
서울,ok,,공평 도시 유적전시관,공평도시유적전시관,2606224,14,서울특별시 종로구 우정국로 26,,126.9835704148,37.5716231906
서울,ok,,공휴,,,,,,,
서울,ok,,관악산,관악산,126480,12,서울특별시 관악구 관악로,대학동 일대,126.9540987991,37.4484036407
서울,ok,,관악산,관악산 낙성대공원,126513,12,서울특별시 관악구 낙성대로 77,,126.960231498477,37.4710776727382
서울,ok,,관악산,관악산 무장애숲길,2406545,28,서울특별시 관악구 관악산나들길 149 (신림동),,126.94575118388592,37.455599704270384
서울,ok,,관악산,관악산 선우공원,756580,12,서울특별시 관악구 문성로16다길 133-17 (신림동),,126.91257296199649,37.46924309667954
서울,ok,,관악산,관악산 호수공원,756594,12,서울특별시 관악구 신림동,203,126.9473,37.4585
서울,ok,,관악산,관악산자연공원,3081140,12,서울특별시 관악구 신림동,산27-1,126.9455546273,37.4663402951
서울,ok,,관악산,[서울둘레길 11코스] 관악산코스,3526339,12,서울특별시 동작구 동작대로 지하3 (사당동),(사당역 갈림길~관악산공원 입구),126.98159544793629,37.476861236458646
서울,ok,,광나루안전체험관,광나루안전체험관,130938,12,서울특별시 광진구 능동로 238,,127.0771624650,37.5513105664
서울,ok,,광나루역 5호선,,,,,,,
서울,ok,,광야,광야 서울,2988778,38,"서울특별시 성동구 왕십리로 83-21 (성수동1가, 아크로 서울포레스트)",,127.043357753557,37.5441547484979
서울,ok,,광야,광야아트센터,3080599,14,서울특별시 강남구 선릉로 806 (청담동),킹콩빌딩 3층,127.0396499902,37.5239491810
서울,ok,,광야 서울,광야 서울,2988778,38,"서울특별시 성동구 왕십리로 83-21 (성수동1가, 아크로 서울포레스트)",,127.043357753557,37.5441547484979
서울,ok,,광장시장,광장시장,132183,38,서울특별시 종로구 창경궁로 88,,126.9997217621,37.5701653166
서울,ok,,광장시장,광장시장 365일장,3354975,38,서울특별시 종로구 종로32길 21 (종로5가),1층,127.0013129368677,37.57009182099947
서울,ok,,광장시장,광장시장 한복매장,1013527,38,서울특별시 종로구 창경궁로 88 (예지동),,126.9980663554,37.5702347233
서울,ok,,광장시장,로우로우 광장시장점,2916516,38,서울특별시 종로구 창경궁로 88 (예지동),,126.999798964693,37.5701196320637
서울,ok,,광장시장,플리츠마마 이웃 광장시장점,4012736,38,서울특별시 종로구 종로32길 24-1 (예지동),,127.001206547125,37.5698527512258
서울,ok,,광장시장 전 골목,,,,,,,
서울,ok,,광화문,고디바 광화문점,2893631,38,서울특별시 종로구 세종대로 159 (세종로),,126.976341183145,37.5706048802754
서울,ok,,광화문,광화문,126512,12,서울특별시 종로구 사직로 161,,126.9768042386,37.5760725520
서울,ok,,광화문,광화문 마켓,3035607,15,서울특별시 종로구 세종대로 지하172 (세종로),,126.9767821434,37.5716786179
서울,ok,,광화문,광화문 세종클럽,2543919,39,서울특별시 종로구 새문안로5가길 7 (내수동),,126.9740518037,37.5728256579
서울,ok,,광화문,광화문갈비 원주점,3356037,39,강원특별자치도 원주시 능라동길 48 (무실동),"6층 601, 602호",127.9299691841,37.3344151829
서울,ok,,광화문,광화문광장,775394,12,서울특별시 종로구 세종대로 172,,126.9769547555,37.5726489283
서울,ok,,광화문,광화문국밥,2914214,39,서울특별시 중구 세종대로21길 53 (정동),,126.9754462294,37.5690039051
서울,ok,,광화문,광화문미진,2767404,39,세종특별자치시 한누리대로 194 (나성동),,127.2613782945,36.4824288727
서울,ok,,광화문,광화문이층약국,4012711,38,서울특별시 종로구 새문안로 89 (신문로1가),정우빌딩 2층,126.974513333988,37.5704743059958
서울,ok,,광화문,광화문한옥집,2544573,39,"서울특별시 종로구 새문안로5가길 7, 지하1층",,126.973999486365,37.5727155334329
서울,ok,,광화문,교보문고 광화문점,4025892,38,서울특별시 종로구 종로 1 (종로1가),교보생명빌딩 B1층,126.977928770123,37.5709578373114
서울,ok,,광화문,동해도 광화문,2788820,39,서울특별시 중구 무교로 28 (무교동),,126.9795986426,37.5685207019
서울,ok,,광화문,디라이프스타일키친 광화문점,2853910,39,서울특별시 중구 세종대로 136 파이낸스빌딩,파이낸스빌딩SFC몰 지하1층 101A호,126.9782987614,37.5685067916
서울,ok,,광화문,디타워 광화문,2505619,38,서울특별시 종로구 종로3길 17 (청진동),,126.9789291877,37.5710481741
서울,ok,,광화문,모던샤브하우스 광화문D타워점,3570165,39,서울특별시 종로구 종로3길 17 (청진동),D타워 리플레이스 광화문 5층,126.97891450886014,37.570995897039204
서울,ok,,광화문,붓처스컷 광화문점,2853988,39,서울특별시 중구 세종대로 136 (태평로1가),,126.9782987614,37.5685067916
서울,ok,,광화문,서울라이트 광화문,3073454,15,서울특별시 종로구 세종로 1-68 5호선 광화문역,광화문광장 일대,126.9767821434,37.5716786179
서울,ok,,광화문,오렌즈 광화문점,2923617,38,서울특별시 종로구 삼봉로 82 (청진동),,126.981709615148,37.5720555353472
서울,ok,,광화문,일품진진수라 광화문점,3094421,39,서울특별시 종로구 종로5길 7 (청진동),타워8빌딩 지하 2층,126.9805598970563,37.570616080420535
서울,ok,,광화문,파피루스 광화문점,2910043,38,서울특별시 중구 세종대로 136 (태평로1가),B1층,126.97825653257,37.5684232177354
서울,ok,,광화문 미진 본점,,,,,,,
서울,ok,,광화문광장,광화문광장,775394,12,서울특별시 종로구 세종대로 172,,126.9769547555,37.5726489283
서울,ok,,광화문광장,CU 광화문광장점,4025834,38,서울특별시 종로구 새문안로 103-1 (신문로1가),,126.976179012331,37.5704809608086
서울,ok,,광희동 중앙아시아촌,,,,,,,
서울,ok,,교보문고 건대 스타시티 바로 드림센터,,,,,,,
서울,ok,,교보문고 광화문점,교보문고 광화문점,4025892,38,서울특별시 종로구 종로 1 (종로1가),교보생명빌딩 B1층,126.977928770123,37.5709578373114
서울,ok,,교보문고 신논현역 스토어,,,,,,,
서울,ok,,교보문고 잠실점,,,,,,,
서울,ok,,교보문고 합정점,,,,,,,
서울,ok,,교촌치킨 동양미래대학점,,,,,,,
서울,ok,,구로구청,올리브영 구로구청점,4008833,38,"서울특별시 구로구 구로중앙로 68 (구로동, 신안타워)",신안타워 1층,126.888807280468,37.495860314768
서울,ok,,구로역 1호선,,,,,,,
서울,ok,,구복 만두,,,,,,,
서울,ok,,구스따레일 젤라또,,,,,,,
서울,ok,,구일역 1호선,,,,,,,
서울,ok,,구캔 갤러리,,,,,,,
서울,ok,,구포국수,성북동 구포국수,2000790,39,서울특별시 성북구 성북로12길 2,,127.0026875180,37.5927405238
서울,ok,,국립 한글 박물관,,,,,,,
서울,ok,,국립고궁박물관,국립고궁박물관,129811,14,서울특별시 종로구 효자로 12 (세종로),,126.97497486352258,37.57659156422034
서울,ok,,국립극단 명동예술 극장,국립극단 명동예술극장,748186,14,서울특별시 중구 명동길 35 (명동1가),,126.9842020141,37.5640414483
서울,ok,,국립민속박물관,국립민속박물관 파주,2738515,14,경기도 파주시 탄현면 헤이리로 30,,126.693915226513,37.7866676908821
서울,ok,,국립민속박물관,국립민속박물관과 국립민속박물관 어린이박물관,2608977,12,서울특별시 종로구 삼청로 37 (세종로),,126.978889955558,37.5816745310255
서울,ok,,국립어린이과학관,국립어린이과학관,2545920,14,서울특별시 종로구 창경궁로 215 (와룡동),,126.9967994757,37.5818277974
서울,ok,,국립중앙도서관,국립중앙도서관,130303,14,서울특별시 서초구 반포대로 201,,127.002821029464,37.4979251706395
서울,ok,,국립중앙도서관 기록 매체 박물관,,,,,,,
서울,ok,,국립중앙도서관 디지털도서관,,,,,,,
서울,ok,,국립중앙박물관,국립중앙박물관,129703,14,서울특별시 용산구 서빙고로 137 (용산동6가),,126.97911242871115,37.521116788705534
서울,ok,,국립중앙박물관,국립중앙박물관 어린이박물관,1177980,14,서울특별시 용산구 서빙고로 137,,126.980344700031,37.5240132521997
서울,ok,,국립중앙박물관,국립중앙박물관 전통염료식물원,1604580,12,서울특별시 용산구 서빙고로 137 (용산동6가),,126.9791278024,37.5211706397
서울,ok,,국립중앙박물관 거울 못,,,,,,,
서울,ok,,국립중앙박물관 극장 용,,,,,,,
서울,ok,,국립중앙박물관 기획전시실,,,,,,,
서울,ok,,국립중앙박물관 어린이 박물관,국립중앙박물관 어린이박물관,1177980,14,서울특별시 용산구 서빙고로 137,,126.980344700031,37.5240132521997
서울,ok,,국립항공 박물관,국립항공박물관,2706762,14,서울특별시 강서구 하늘길 177 (공항동),,126.8088867586,37.5569217768
서울,ok,,국립현대미술관 서울,국립현대미술관 서울,1934593,14,서울특별시 종로구 삼청로 30,(소격동),126.9800038741,37.5786500878
서울,ok,,국립현대미술관 서울관,국립현대미술관 서울,1934593,14,서울특별시 종로구 삼청로 30,(소격동),126.9800038741,37.5786500878
서울,ok,,국수 명가,,,,,,,
서울,ok,,국수야 본점,,,,,,,
서울,ok,,국회의사당 국회 박물관,,,,,,,
서울,ok,,국회의사당역 9호선,,,,,,,
서울,ok,,굽네 플레이타운,굽네 플레이타운,3390048,14,서울특별시 마포구 잔다리로2길 23 (서교동),,126.9211979385375,37.55170823394939
서울,ok,,그라운드 시 소 서촌,,,,,,,
서울,ok,,그라운드 시 소 성수,,,,,,,
서울,ok,,그라운드 시소 서촌,,,,,,,
서울,ok,,그랑 핸드 남산,,,,,,,
서울,ok,,그랑 핸드 북촌,그랑핸드 가회점,2997938,38,서울특별시 종로구 북촌로11길 61 (가회동),,126.9832562196,37.583446810
서울,ok,,그랑 핸드 서촌,,,,,,,
서울,ok,,그랜마캐비넷,,,,,,,
서울,ok,,그레인 바운더리,,,,,,,
서울,ok,,그로브,그레이그로브,2861390,39,제주특별자치도 서귀포시 안덕면 형제해안로 70,,126.2998264940,33.2258737598
서울,ok,,그로브,그로브스토어,4011576,38,서울특별시 강남구 언주로164길 39 (신사동),,127.036746588867,37.5254584321276
서울,ok,,그로브,그로브스토어 가로수점,4011564,38,서울특별시 강남구 압구정로4길 13-19 (신사동),1층,127.021545085379,37.5225771737378
서울,ok,,그로브,그로브스토어 한남점,4012675,38,서울특별시 용산구 한남대로27길 66 (한남동),2층,127.003015997774,37.539611179738
서울,ok,,그로브,맹그로브 동대문,3379704,32,서울특별시 중구 퇴계로 334 (광희동2가),,127.0087223766,37.5641228222
서울,ok,,그로브,맹그로브 신설,3379735,32,서울특별시 동대문구 왕산로 22 (신설동),,127.0260729716,37.5761751330
서울,ok,,그로브,올리브영 원그로브점,4008804,38,서울특별시 강서구 공항대로 165 (마곡동),B1층,126.824695969186,37.5608751008131
서울,ok,,그로브,카페 그로브,2837585,39,경상남도 밀양시 퇴로로 326-13,,128.708199042046,35.5433552045743
서울,ok,,그로브,파인그로브,2809102,39,충청남도 예산군 덕산향교길 88-9,,126.658201624185,36.6980661290745
서울,ok,,그로브,MUJI 원그로브점,4008167,38,서울특별시 강서구 공항대로 165 (마곡동),원그로브 B1층,126.824695969186,37.5608751008131
서울,ok,,그루터기,그루터기,2736700,39,경기도 안성시 공도읍 덕봉서원로 265,,127.1771153669,37.0266953259
서울,ok,,그루터기,그루터기캠핑장,2754446,28,강원특별자치도 양양군 서면 구룡령로 1694,,128.5090149157,37.9551625876
서울,ok,,그릭 데이 이 대본 점,,,,,,,
서울,ok,,그린마일 커피 북촌점,,,,,,,
서울,ok,,금성당,금성당,3585820,12,전북특별자치도 전주시 완산구 전라감영4길 13-7 (중앙동2가),,127.14434133848337,35.816265495285805
서울,ok,,기생 가락국수,,,,,,,
서울,ok,,기차 순댓국 II,,,,,,,
서울,ok,,긱스나 PC,,,,,,,
서울,ok,,긴자 료코 성신여대점,,,,,,,
서울,ok,,길상사,길상사(서울),128866,12,서울특별시 성북구 선잠로5길 68 (성북동),,126.9939575925,37.5985980194
서울,ok,,길상사,진천 길상사,125950,12,충청북도 진천군 진천읍 문진로 1411-38,,127.4231841125,36.8533474931
서울,ok,,길음 시장,길음시장,2779456,38,서울특별시 성북구 동소문로 227 (길음동),,127.0216180364,37.6028299114
서울,ok,,김근태 기념 도서관,,,,,,,
서울,ok,,김복남 맥주 수서점,,,,,,,
서울,ok,,김포공항역 공항철도,,,,,,,
서울,ok,,김포국제공항 국내선,,,,,,,
서울,ok,,까본 본점,,,,,,,
서울,ok,,까치 어린이공원,,,,,,,
서울,ok,,깔린,,,,,,,
서울,ok,,꼬꼬 아찌 숯불치킨 강남역점,,,,,,,
서울,ok,,꽁비엔,,,,,,,
서울,ok,,꽃밥에 피다,,,,,,,
서울,ok,,꿀꿀 진 순댓국,,,,,,,
서울,ok,,나노하나,,,,,,,
서울,ok,,나무 사이로,,,,,,,
서울,ok,,나올,,,,,,,
서울,ok,,나인 트리 프리미어 로카우스 호텔 서울 용산,,,,,,,
서울,ok,,나인 피스 그릴,,,,,,,
서울,ok,,나주 소 나주곰탕 경복궁점,,,,,,,
서울,ok,,낙산공원,낙산공원,129501,12,서울특별시 종로구 낙산길 41,(동숭동),127.006496092905,37.5805179476871
서울,ok,,낙원 타코 용산 아이파크몰점,,,,,,,
서울,ok,,낙원악기상가,낙원 악기상가,132226,38,서울특별시 종로구 삼일대로 428 (낙원동),,126.9880310857,37.5728259087
서울,ok,,낙원테산도 용산 아이파크몰점,,,,,,,
서울,ok,,난지캠핑장,난지캠핑장,2750941,28,서울특별시 마포구 한강난지로 28 (상암동),,126.8726055709,37.5702380314
서울,ok,,난포,난포,2843520,39,서울특별시 성동구 서울숲4길 18-8 (성수동1가),,127.0426907243,37.5471076572
서울,ok,,난포,난포정(蘭浦亭),2715385,12,강원특별자치도 정선군 임계면 봉산리 185,,128.8496264433,37.4824766400
서울,ok,,날짜 국수,,,,,,,
서울,ok,,남궁야,,,,,,,
서울,ok,,남대문시장,남대문시장,132180,38,서울특별시 중구 남대문시장4길 21,,126.9776796357,37.5592467455
서울,ok,,남도식객,,,,,,,
서울,ok,,남매 다과점,,,,,,,
서울,ok,,남산 둘레길,평창 남산 둘레길,2798329,12,강원특별자치도 평창군 평창읍 문화예술길 19,,128.3925794015,37.3644176191
서울,ok,,남산 산채 집,남산산채집,135679,39,서울특별시 중구 소파로 95 (예장동),1층,126.9853479701,37.5568128981
서울,ok,,남산 서울타워,남산서울타워,126535,12,서울특별시 용산구 남산공원길 105,,126.987882083295,37.5510545366352
서울,ok,,남산골 한옥마을,남산골한옥마을,126747,12,서울특별시 중구 퇴계로34길 28 (필동2가),,126.9932865315,37.5597775194
서울,ok,,남산골공원,남산골공원서울천년타임캡슐광장,229910,14,서울특별시 중구 퇴계로34길 28 (필동2가),,126.9932865315,37.5597775194
서울,ok,,남산공원 N서울타워,남산서울타워,126535,12,서울특별시 용산구 남산공원길 105,,126.987882083295,37.5510545366352
서울,ok,,남산케이블카,남산케이블카,128776,12,서울특별시 중구 소파로 83,,126.9841041137,37.5569971220
서울,ok,,남영동 양문 을지로점,,,,,,,
서울,ok,,남포 면옥,남포면옥,134754,39,서울특별시 중구 을지로3길 24,,126.98158779132,37.5672330058385
서울,ok,,낫저스트북스,,,,,,,
서울,ok,,넘버 25 방이점,,,,,,,
서울,ok,,넘버 25 사당역점,,,,,,,
서울,ok,,네이처 랩스 AK플라자 홍대,,,,,,,
서울,ok,,노들섬 다목적홀 숲,노들섬,2638475,12,서울특별시 용산구 양녕로 445 (이촌동),,126.9580364655,37.5176638138
서울,ok,,노브랜드 버거 코엑스점,,,,,,,
서울,ok,,노브랜드 버거 홍대점,,,,,,,
서울,ok,,노블레스 관광호텔,,,,,,,
서울,ok,,노티스 강남 카카오,,,,,,,
서울,ok,,노티스 명동 라인 프렌즈,,,,,,,
서울,ok,,노티스 삼성,,,,,,,
서울,ok,,노티스 월드 (잠실 롯데월드몰),,,,,,,
서울,ok,,노티스 종각 하이커,,,,,,,
서울,ok,,노티스 청담,,,,,,,
서울,ok,,놀부부대찌개 건대 스타시티점,,,,,,,
서울,ok,,놀숲 둔촌역점,,,,,,,
서울,ok,,농담,맥주학교 농담,3417639,12,강원특별자치도 홍천군 서면 한서로 287-15,,127.57214872033721,37.665874033366556
서울,ok,,누데이크 하우스 도산,,,,,,,
서울,ok,,뉴 오리진 동부 이촌점,,,,,,,
서울,ok,,뉴 코인 싱어 노래연습장,,,,,,,
서울,ok,,뉴 피어싱,,,,,,,
서울,ok,,뉴발란스 홍대점,뉴발란스 홍대점,2905436,38,서울특별시 마포구 홍익로 20 (서교동),,126.922818684189,37.5543825575863
서울,ok,,뉴스프링 프로젝트,,,,,,,
서울,ok,,늘 푸른 맛집,,,,,,,
서울,ok,,능동 미나리,,,,,,,
서울,ok,,능이네 송이네 본점,,,,,,,
서울,ok,,니르바나,,,,,,,
서울,ok,,니뽕내뽕 코엑스점,,,,,,,
서울,ok,,니커보커 베이글,,,,,,,
서울,ok,,다운 다우너 안국,,,,,,,
서울,ok,,다운 다우너 잠실,,,,,,,
서울,ok,,다운 다우너 한남,,,,,,,
서울,ok,,다이내믹 메이즈 서울 인사동점,,,,,,,
서울,ok,,다이소 경복궁역점,다이소 경복궁역점,4025882,38,서울특별시 종로구 자하문로2길 4 (적선동),,126.972859321085,37.576377886406
서울,ok,,다이소 남영역점,,,,,,,
서울,ok,,다이소 명동역점,다이소 명동역점,2901518,38,서울특별시 중구 퇴계로 134-1 (남산동3가),,126.986743744821,37.5607463660316
서울,ok,,다이소 상암 월드컵점,,,,,,,
서울,ok,,다이소 성신여대역점,다이소 성신여대역점,4025814,38,서울특별시 성북구 동소문로20나길 2 (동선동1가),,127.016824265035,37.5917961624181
서울,ok,,다이소 신논현역점,,,,,,,
서울,ok,,다이소 홍대 2호점,,,,,,,
서울,ok,,다이소 화곡역점,,,,,,,
서울,ok,,단일 서울,단일서울,2894747,39,서울특별시 성동구 왕십리로 66-33 (성수동1가),,127.0455155806,37.5430859525
서울,ok,,달강,달강,1365261,32,경상남도 진주시 대평면 호반로 405,,127.9912127660,35.1596670017
서울,ok,,달마티안,,,,,,,
서울,ok,,달밤엔 시어터,,,,,,,
서울,ok,,담장 옆에 국화꽃 안녕 인사동점,,,,,,,
서울,ok,,당김 성형외과의원,,,,,,,
서울,ok,,당산 김밥 떡볶이,,,,,,,
서울,ok,,대림 국수 신용산점,,,,,,,
서울,ok,,대방 디엠 시티 부동산 공인중개사 사무소,,,,,,,
서울,ok,,대방 코인 노래연습장,,,,,,,
서울,ok,,대원 뮤지엄,대원뮤지엄,3012809,14,서울특별시 용산구 한강대로23길 55 (한강로3가),,126.96474146803835,37.529771841165385
서울,ok,,대장장이 화덕피자,,,,,,,
서울,ok,,대학로 자유극장,대학로자유극장,3012777,14,서울특별시 종로구 대학로12길 31 (동숭동),,127.0036238260,37.5828028072
서울,ok,,대한 성공회 서울주교좌성당,,,,,,,
서울,ok,,대한민국역사박물관,대한민국역사박물관,1849416,14,서울특별시 종로구 세종대로 198 (세종로),,126.9775736680,37.5741339024
서울,ok,,대한민국역사박물관,K-컬처 스크린(대한민국역사박물관),2992823,12,서울특별시 종로구 세종대로 198 (세종로),,126.9775736680,37.5741339024
서울,ok,,대한불교조계종 봉은사,봉은사(서울),126504,12,서울특별시 강남구 봉은사로 531 (삼성동),,127.057317,37.514861
서울,ok,,더 베이커스 테이블,,,,,,,
서울,ok,,더 벤티 마곡수명산점,,,,,,,
서울,ok,,더 벤티 홍대점,,,,,,,
서울,ok,,더 숲 초소 책방,인왕산 더숲 초소책방,2783334,39,서울특별시 종로구 인왕산로 172,(옥인동),126.9642912092,37.5860072833
서울,ok,,더 스키 앤 커피,,,,,,,
서울,ok,,더 착한 커피 양평점,,,,,,,
서울,ok,,더 쿠,,,,,,,
서울,ok,,더 키친 아시아,,,,,,,
서울,ok,,더 타코 부스,,,,,,,
서울,ok,,더 플라자,더 플라자 호텔 서울,142725,32,서울특별시 중구 소공로 119,(태평로2가),126.9780822232,37.5646794550
서울,ok,,더 현대 서울,,,,,,,
서울,ok,,더블 해피니스,,,,,,,
서울,ok,,더블유더블유더블유 스페이스,,,,,,,
서울,ok,,더풋샵 왕십리 민자 역사점,,,,,,,
서울,ok,,덕수궁,국립현대미술관 덕수궁,130173,14,서울특별시 중구 세종대로 99,,126.9747884975,37.5657330658
서울,ok,,덕수궁,덕수궁,126509,12,서울특별시 중구 세종대로 99 (정동),,126.97657463444833,37.565054919430565
서울,ok,,덕수궁,덕수궁 대한문,1605981,12,서울특별시 중구 세종대로 99 (정동),,126.9765906796,37.5651071556
서울,ok,,덕수궁,덕수궁 돌담길,129186,12,서울특별시 중구 세종대로 지하 101,,126.9748935853,37.5660820124
서울,ok,,덕수궁,덕수궁 밤의 석조전,2756396,15,서울특별시 중구 세종대로 99 (정동),덕수궁,126.9765746344,37.5650549194
서울,ok,,덕수궁,덕수궁돈덕전,3023349,12,서울특별시 중구 세종대로 99 (정동),,126.97657463444833,37.565054919430565
서울,ok,,덕수궁,덕수궁해물칼국수,801502,39,충청남도 서천군 마서면 장산로855번길 5,,126.736764872367,36.0184382284752
서울,ok,,덕수궁,전주 한옥마을 덕수궁,2736325,32,전북특별자치도 전주시 완산구 간납로 10,,127.1557499224,35.8166641567
서울,ok,,덕수궁,전주 한옥마을 덕수궁 별관,3438691,32,전북특별자치도 전주시 완산구 기린대로 72 (풍남동3가),,127.1549639058,35.8157253606
서울,ok,,덕수궁,전주한옥마을 독채덕수궁,3438736,32,전북특별자치도 전주시 완산구 최명희길 26-40 (풍남동3가),,127.1516475064,35.8167918485
서울,ok,,덕수궁 돌담길,덕수궁 돌담길,129186,12,서울특별시 중구 세종대로 지하 101,,126.9748935853,37.5660820124
서울,ok,,던킨 시청역점,,,,,,,
서울,ok,,데이 로우,,,,,,,
서울,ok,,데케이드,,,,,,,
서울,ok,,델픽 안국 플래그십 스토어,,,,,,,
서울,ok,,도곡 햇살 소공원,,,,,,,
서울,ok,,도곡시장,도곡시장,2782194,38,서울특별시 강남구 역삼동,805-36,127.0518163002,37.4974524760
서울,ok,,도넛 정수,도넛정수,2811673,39,서울특별시 종로구 창신12길 40,,127.010862397194,37.5782932980321
서울,ok,,도봉산,노스페이스 도봉산 챌린지점,2929161,38,서울특별시 도봉구 도봉산길 77 (도봉동),,127.037201189876,37.6863374200705
서울,ok,,도봉산,도봉산,126481,12,서울특별시 도봉구 도봉동,,127.015784,37.699451
서울,ok,,도봉산,도봉산양고기,2832791,39,서울특별시 도봉구 도봉로191길 99-6 (도봉동),,127.0417561863,37.6899771406
서울,ok,,도봉산,아크테릭스 도봉산점,4027405,38,서울특별시 도봉구 도봉산길 57 (도봉동),,127.039293955529,37.6868297562459
서울,ok,,도산 근린공원,도산공원,126486,12,서울특별시 강남구 도산대로45길 20 (신사동),,127.0354,37.5245
서울,ok,,도스타코스 시청 배달점,,,,,,,
서울,ok,,도약,,,,,,,
서울,ok,,도어 이스케이프 홍대점,,,,,,,
서울,ok,,도어투성수,,,,,,,
서울,ok,,도채비도 반한 찻집,,,,,,,
서울,ok,,도쿄 등 심 선릉점,,,,,,,
서울,ok,,도쿄 커틀릿,,,,,,,
서울,ok,,도토리 베이커리 카페 신용산점,,,,,,,
서울,ok,,도화서길 카페,,,,,,,
서울,ok,,독도체험관,원주교육문화관 독도체험관,3453166,12,강원특별자치도 원주시 북원로 2312 (단계동),,127.9349487863,37.3517077217
서울,ok,,돈 사돈 강동 직영점,,,,,,,
서울,ok,,돈가스 잔치 동빙고점,돈까스잔치 동빙고점,2837902,39,서울특별시 용산구 서빙고로 297,,126.9964290009,37.5213070453
서울,ok,,돈룩업 한남,,,,,,,
서울,ok,,돈룩업 홍대,,,,,,,
서울,ok,,돈의문 박물관 마을,,,,,,,
서울,ok,,돕,,,,,,,
서울,ok,,동경 야시장 송파구청점,,,,,,,
서울,ok,,동군,경남 하동군 으뜸상품홍보관,1343990,38,경상남도 하동군 하동읍 군청로 36,,127.752460062701,35.0653638859789
서울,ok,,동군,영동군 숲에너지육감 활성화센터,3424446,12,충청북도 영동군 영동읍 영동힐링로 110,영동읍,127.7858792423,36.1556228044
서울,ok,,동대문 역사 문화공원 동대문운동장 기념관,,,,,,,
서울,ok,,동대문디자인플라자,동대문디자인플라자(DDP),2470006,12,서울특별시 중구 을지로 281 (을지로7가),,127.0095709797,37.5661076320
서울,ok,,동대문디자인플라자 디자인 전시관,,,,,,,
서울,ok,,동대문디자인플라자(DDP) 동대문 역사 문화공원,동대문역사문화공원,1906334,12,서울특별시 중구 을지로 281 (을지로7가),,127.0095709797,37.5661076320
서울,ok,,동대문종합시장,동대문종합시장,132200,38,서울특별시 종로구 종로 266 (종로6가),,127.0073349346,37.5709736927
서울,ok,,동대문종합시장,동대문종합시장 액세서리상가,1013559,38,서울특별시 종로구 종로 266 (종로6가),,127.0073349346,37.5709736927
서울,ok,,동대문종합시장,동대문종합시장 한복상가,1013584,38,서울특별시 종로구 종로 266 (종로6가),,127.0073349346,37.5709736927
서울,ok,,동대문종합시장 D동 상가,,,,,,,
서울,ok,,동래별장,,,,,,,
서울,ok,,동묘공원,,,,,,,
서울,ok,,동묘벼룩시장,동묘벼룩시장,2765213,38,서울특별시 종로구 숭인동,102-8,127.0177144794,37.5732541699
서울,ok,,동묘시장,,,,,,,
서울,ok,,동방명주 충무로점,동방명주,1985729,39,서울특별시 중구 퇴계로 186,,126.992375812391,37.5607645451883
서울,ok,,동서울 종합터미널,,,,,,,
서울,ok,,동화 식당,,,,,,,
서울,ok,,두끼떡볶이 명동점,,,,,,,
서울,ok,,두끼떡볶이 현대 시티 아울렛 동대문점,,,,,,,
서울,ok,,두산아트센터,두산아트센터,129734,14,서울특별시 종로구 종로33길 15,,127.000963549731,37.5717550271816
서울,ok,,두타몰,나이키 두타몰점,2930973,38,서울특별시 중구 장충단로 275 (을지로6가),1층,127.008775114213,37.5688849422849
서울,ok,,두타몰,내셔널지오그래픽 두타몰점,2904771,38,서울특별시 중구 장충단로 275 (을지로6가),B1층,127.008775114213,37.5688849422849
서울,ok,,두타몰,노브랜드 두타몰점,2905445,38,서울특별시 중구 장충단로 275 (을지로6가),4층,127.008775114213,37.5688849422849
서울,ok,,두타몰,뉴에라 두타몰점,2911635,38,서울특별시 중구 장충단로 275 (을지로6가),,127.008775114213,37.5688849422849
서울,ok,,두타몰,닥터마틴 두타몰점,3305300,38,서울특별시 중구 장충단로 275 (을지로6가),B1층,127.008775114213,37.5688849422849
서울,ok,,두타몰,데상트 두타몰점,2931874,38,서울특별시 중구 장충단로 275 (을지로6가),B1층,127.008775114213,37.5688849422849
서울,ok,,두타몰,두타몰,273756,38,서울특별시 중구 장충단로 275 (을지로6가),,127.00881294901477,37.56885810245761
서울,ok,,두타몰,두타몰,4012810,38,서울특별시 중구 장충단로 275 (을지로6가),1층,127.008775114213,37.5688849422849
서울,ok,,두타몰,메르시브라운 두타몰점,4012811,38,서울특별시 마포구 독막로9길 14 (서교동),1층,126.9199142764,37.5489594085
서울,ok,,두타몰,미미 두타몰점,4012806,38,서울특별시 중구 장충단로 275 (을지로6가),,127.008775114213,37.5688849422849
서울,ok,,두타몰,반스 두타몰점,2918428,38,서울특별시 중구 장충단로 275 (을지로6가),B1층,127.008775114213,37.5688849422849
서울,ok,,두타몰,서전안경 두타몰점,2925585,38,서울특별시 중구 장충단로 275 (을지로6가),3층,127.008775114213,37.5688849422849
서울,ok,,두타몰,슈젤 두타몰점,4012804,38,서울특별시 중구 장충단로 275 (을지로6가),B1층,127.008775114213,37.5688849422849
서울,ok,,두타몰,스케쳐스 두타몰점,2930604,38,서울특별시 중구 장충단로 275 (을지로6가),B1층,127.008775114213,37.5688849422849
서울,ok,,두타몰,스타일핏 두타몰점,2924508,38,서울특별시 중구 장충단로 275 (을지로6가),2층,127.008775114213,37.5688849422849
서울,ok,,두타몰,스토리 두타몰점,4012807,38,서울특별시 중구 장충단로 275 (을지로6가),,127.008775114213,37.5688849422849
서울,ok,,두타몰,써클안경원 두타몰점,4027263,38,서울특별시 중구 장충단로 275 (을지로6가),4층,127.008775114213,37.5688849422849
서울,ok,,두타몰,아리랑 두타몰점,2904651,38,서울특별시 중구 장충단로 275 (을지로6가),,127.008775114213,37.5688849422849
서울,ok,,두타몰,아식스 두타몰점,2906506,38,서울특별시 중구 장충단로 275 (을지로6가),B1층,127.008775114213,37.5688849422849
서울,ok,,두타몰,아프리카안경 두타몰점,2924139,38,서울특별시 중구 장충단로 275 (을지로6가),4층,127.008775114213,37.5688849422849
서울,ok,,둔촌동역 5호선,,,,,,,
서울,ok,,뒤 해방,,,,,,,
서울,ok,,드림하우스,드림하우스,1269533,32,충청남도 태안군 남면 몽산포길 168,,126.279288898527,36.6752151141713
서울,ok,,드림하우스,드림하우스,3470588,32,인천광역시 옹진군 영흥면 영흥남로9번길 133,2층,126.4813640463,37.2482240792
서울,ok,,드웰러스,,,,,,,
서울,ok,,등촌 샤브칼국수 홍대점,,,,,,,
서울,ok,,디오르 성수,디올 성수,3080929,38,서울특별시 성동구 연무장5길 7 (성수동2가),,127.052480330262,37.5440374305268
서울,ok,,디저트 39 삼성점,,,,,,,
서울,ok,,디저트 플래닛 파르나스몰점,,,,,,,
서울,ok,,딥티크 가로수길 플래그십스토어,,,,,,,
서울,ok,,땡스북스,,,,,,,
서울,ok,,떡볶이 농장 홍대점,,,,,,,
서울,ok,,또 보겠지 떡볶이집 호호 피크닉점,,,,,,,
서울,ok,,뚜레쥬르 제일 제당센터점,,,,,,,
서울,ok,,뚝섬 미술관,뚝섬미술관,3084400,14,서울특별시 성동구 아차산로 33 (성수동1가),지하 1층,127.04833425466795,37.5472062753573
서울,ok,,뚝섬역 2호선,,,,,,,
서울,ok,,뚝섬한강공원,뚝섬한강공원,1030763,12,서울특별시 광진구 강변북로 2273 (자양동),,127.0739939307,37.5294186076
서울,ok,,뚝섬한강공원,뚝섬한강공원 벽천마당,2756578,12,서울특별시 광진구 자양동,,127.0713164044,37.5291519240
서울,ok,,뜰과 다원,뜰과다원,1986171,39,서울특별시 종로구 인사동길 34 (관훈동),,126.98571735999991,37.57359314971091
서울,ok,,띠아트,,,,,,,
서울,ok,,띵크 프루트,,,,,,,
서울,ok,,라이또 PC 마포 성산점,,,,,,,
서울,ok,,라인 프렌즈 플래그십스토어 강남점,,,,,,,
서울,ok,,라인 프렌즈 플래그십스토어 홍대점,,,,,,,
서울,ok,,락휴 노래연습장 성신여대점,,,,,,,
서울,ok,,락휴 코인 노래연습장 홍대 본점,,,,,,,
서울,ok,,란저우 우육면,,,,,,,
서울,ok,,랜디스 도넛 신사 가로수 길 점,,,,,,,
서울,ok,,랜디스 도넛 안국점,,,,,,,
서울,ok,,러키 팩토리,,,,,,,
서울,ok,,런던 베이글 뮤지엄 도산점,,,,,,,
서울,ok,,런던 베이글 뮤지엄 안국점,,,,,,,
서울,ok,,레더라 SFC 점,,,,,,,
서울,ok,,레이더,레이더,2900554,39,서울특별시 성동구 연무장길 39-29,,127.0540397880,37.5436693715
서울,ok,,레이더,보드트레이더,506532,28,강원특별자치도 평창군 봉평면 태기로 439,,128.3479273594,37.5675877493
서울,ok,,레이더,연산트레이더스약국,4011237,38,부산광역시 연제구 좌수영로 241 (연산동),1층,129.111950912034,35.1850939786146
서울,ok,,레이더,올리브영 트레이더스구월점,4009484,38,인천광역시 남동구 매소홀로 749 (구월동),1층,126.705644111401,37.4391713886416
서울,ok,,레이더,트레이더스 홀세일 클럽 구성점,2912510,38,경기도 용인시 기흥구 용구대로 2457 (보정동),,127.104650221848,37.3039753941182
서울,ok,,레이더,트레이더스 홀세일 클럽 군포점,2925216,38,경기도 군포시 삼성로 74 (부곡동),,126.934649447895,37.3401223445686
서울,ok,,레이더,트레이더스 홀세일 클럽 김포점,2901767,38,경기도 김포시 김포대로 715 (풍무동),,126.730900361826,37.6125377744644
서울,ok,,레이더,트레이더스 홀세일 클럽 서면점,2924421,38,부산광역시 부산진구 시민공원로 31 (부암동),,129.05255094433,35.1639044537017
서울,ok,,레이더,트레이더스 홀세일 클럽 스타필드 시티 부천점,2908575,38,경기도 부천시 소사구 옥길로 1 (옥길동),B1층,126.813940279533,37.4615202479021
서울,ok,,레이더,트레이더스 홀세일 클럽 스타필드 시티 위례점,2915271,38,경기도 하남시 위례대로 200 (학암동),B3층,127.148404124838,37.4801356884837
서울,ok,,레이더,트레이더스 홀세일 클럽 안산점,2931595,38,경기도 안산시 단원구 중앙대로 397 (신길동),,126.785003511853,37.3311794671705
서울,ok,,레이더,트레이더스 홀세일 클럽 양산점,2915420,38,경상남도 양산시 평산로 16 (평산동),,129.152744992682,35.3822360798756
서울,ok,,레이더,트레이더스 홀세일 클럽 월계점,2912627,38,서울특별시 노원구 마들로3길 17 (월계동),,127.061352796451,37.6279218042794
서울,ok,,레이더,트레이더스 홀세일 클럽 천안아산점,2918639,38,충청남도 아산시 배방읍 고속철대로 133,,127.105703258161,36.7964996788723
서울,ok,,레이더,트레이더스 홀세일클럽 스타필드 수원점,4011481,38,경기도 수원시 장안구 수성로 175 (정자동),B2층,126.991574559571,37.2874453391147
서울,ok,,레이더,트레이더스 홀세일클럽 스타필드 하남점,2910014,38,경기도 하남시 미사대로 750 (신장동),B2층,127.223940331575,37.5454041231797
서울,ok,,레이더,트레이더스 홀세일클럽 월평점,2930861,38,대전광역시 서구 한밭대로 580 (월평동),,127.362920657362,36.3577019635918
서울,ok,,레이더,JAJU 트레이더스 홀세일 클럽 김포점,2916120,38,경기도 김포시 김포대로 715 (풍무동),,126.730900361826,37.6125377744644
서울,ok,,레코즈,,,,,,,
서울,ok,,로네펠트 티하우스 코엑스점,,,,,,,
서울,ok,,로맨티카,,,,,,,
서울,ok,,로우 루프,,,,,,,
서울,ok,,로우키,로우키,2900494,39,서울특별시 성동구 연무장3길 6 (성수동2가),,127.0515927719,37.5442525932
서울,ok,,로이터 커피 셸터,로이터 커피 셸터,2914179,39,서울특별시 중구 필동로 53 (필동3가),,126.9959308190,37.5568140223
서울,ok,,로컬 스티치 회현,,,,,,,
서울,ok,,로파 서울,,,,,,,
서울,ok,,록맨,,,,,,,
서울,ok,,롤링홀,롤링홀,1022243,14,서울특별시 마포구 어울마당로 35 (서교동),,126.92011886986354,37.548497883332466
서울,ok,,롯데 영 플라자 본점,,,,,,,
서울,ok,,롯데리아 서대문역점,,,,,,,
서울,ok,,롯데리아 홍대점,,,,,,,
서울,ok,,롯데마트 제타 플렉스,,,,,,,
서울,ok,,롯데면세점 명동 본점,,,,,,,
서울,ok,,롯데면세점 월드타워점,,,,,,,
서울,ok,,롯데몰 김포공항점,롯데몰 김포공항점,1535690,38,서울특별시 강서구 하늘길 지하77 (방화동),,126.8015844987,37.5621960337
서울,ok,,롯데몰 김포공항점,롯데몰 김포공항점스카이파크,3090533,12,서울특별시 강서구 하늘길 38 (방화동),김포공항 롯데몰 스카이시티,126.802991808588,37.5650596091039
서울,ok,,롯데몰 김포공항점,미니골드 롯데몰 김포공항점,2908824,38,서울특별시 강서구 하늘길 38 (방화동),,126.802960133589,37.5713695798026
서울,ok,,롯데몰 김포공항점,올리브영 롯데몰 김포공항점,3306021,38,서울특별시 강서구 하늘길 38 (방화동),B2층,126.802960133589,37.5713695798026
서울,ok,,롯데몰 김포공항점,코데즈컴바인이너웨어 롯데몰 김포공항점,4026779,38,서울특별시 강서구 하늘길 38 (방화동),,126.802960133589,37.5713695798026
서울,ok,,롯데몰 김포공항점,파슨스 롯데몰 김포공항점,4026780,38,서울특별시 강서구 하늘길 38 (방화동),,126.802960133589,37.5713695798026
서울,ok,,롯데몰 은평점,교보문고 롯데몰 은평점,4012688,38,서울특별시 은평구 통일로 1050 (진관동),3층,126.917900261732,37.6375366740938
서울,ok,,롯데몰 은평점,나이키 롯데몰 은평점,2912516,38,서울특별시 은평구 통일로 1050 (진관동),2층,126.917900261732,37.6375366740938
서울,ok,,롯데몰 은평점,네파 롯데몰 은평점,4012684,38,서울특별시 은평구 통일로 1050 (진관동),2층,126.917900261732,37.6375366740938
서울,ok,,롯데몰 은평점,노스페이스 롯데몰 은평점,2923870,38,서울특별시 은평구 통일로 1050 (진관동),,126.917900261732,37.6375366740938
서울,ok,,롯데몰 은평점,디스커버리 롯데몰 은평점,4012683,38,서울특별시 은평구 통일로 1050 (진관동),2층,126.917900261732,37.6375366740938
서울,ok,,롯데몰 은평점,롯데마트 롯데몰 은평점,2905041,38,서울특별시 은평구 통일로 1050 (진관동),,126.917900261732,37.6375366740938
서울,ok,,롯데몰 은평점,롯데몰 은평점,3447174,38,서울특별시 은평구 통일로 1050 (진관동),,126.9179162000,37.6375893423
서울,ok,,롯데몰 은평점,롯데하이마트 롯데몰 은평점,2929297,38,서울특별시 은평구 통일로 1050 (진관동),2층,126.917900261732,37.6375366740938
서울,ok,,롯데몰 은평점,리스트 롯데몰 은평점,4027233,38,서울특별시 은평구 통일로 1050 (진관동),B1층,126.917900261732,37.6375366740938
서울,ok,,롯데몰 은평점,볼베어파크 롯데몰 은평점,3076259,12,서울특별시 은평구 통일로 1050 (진관동),롯데몰은평점 3층,126.91790031164193,37.63753663816599
서울,ok,,롯데몰 은평점,블랙야크 롯데몰 은평점,4012690,38,서울특별시 은평구 통일로 1050 (진관동),2층,126.917900261732,37.6375366740938
서울,ok,,롯데몰 은평점,스케쳐스 롯데몰 은평점,4012687,38,서울특별시 은평구 통일로 1050 (진관동),3층,126.917900261732,37.6375366740938
서울,ok,,롯데몰 은평점,스파오 롯데몰 은평점,4027230,38,서울특별시 은평구 통일로 1050 (진관동),2층,126.917900261732,37.6375366740938
서울,ok,,롯데몰 은평점,쌤소나이트 롯데몰 은평점,4027229,38,서울특별시 은평구 통일로 1050 (진관동),1층,126.917900261732,37.6375366740938
서울,ok,,롯데몰 은평점,아디다스 퍼포먼스 롯데몰 은평점,4012691,38,서울특별시 은평구 통일로 1050 (진관동),2층,126.917900261732,37.6375366740938
서울,ok,,롯데몰 은평점,아이피아 롯데몰 은평점,4012689,38,서울특별시 은평구 통일로 1050 (진관동),1층,126.917900261732,37.6375366740938
서울,ok,,롯데몰 은평점,아프리카안경 롯데몰 은평점,4012686,38,서울특별시 은평구 통일로 1050 (진관동),3층,126.917900261732,37.6375366740938
서울,ok,,롯데몰 은평점,에잇세컨즈 롯데몰 은평점,2929280,38,서울특별시 은평구 통일로 1050 (진관동),1층,126.917900261732,37.6375366740938
서울,ok,,롯데몰 은평점,오렌즈 롯데몰 은평점,4012692,38,서울특별시 은평구 통일로 1050 (진관동),B1층,126.917900261732,37.6375366740938
서울,ok,,롯데몰 은평점,올리브영 롯데몰 은평점,4009447,38,서울특별시 은평구 통일로 1050 (진관동),B1층,126.917900261732,37.6375366740938
서울,ok,,롯데백화점 강남점,갤럭시 롯데백화점 강남점,2925676,38,서울특별시 강남구 도곡로 401 (대치동),5층,127.053254695846,37.496979324799
서울,ok,,롯데백화점 강남점,갤럭시라이프스타일 롯데백화점 강남점,2927063,38,서울특별시 강남구 도곡로 401 (대치동),5층,127.053254695846,37.496979324799
서울,ok,,롯데백화점 강남점,골든듀 롯데백화점 강남점,4026648,38,서울특별시 강남구 도곡로 401 (대치동),1층,127.053254695846,37.496979324799
서울,ok,,롯데백화점 강남점,나이키 롯데백화점 강남점,2910381,38,서울특별시 강남구 도곡로 401 (대치동),7층,127.053254695846,37.496979324799
서울,ok,,롯데백화점 강남점,노벨라 롯데백화점 강남점,4026649,38,서울특별시 강남구 도곡로 401 (대치동),1층,127.053254695846,37.496979324799
서울,ok,,롯데백화점 강남점,다이나핏 롯데백화점 강남점,2907023,38,서울특별시 강남구 도곡로 401 (대치동),7층,127.053254695846,37.496979324799
서울,ok,,롯데백화점 강남점,롯데백화점 강남점,2908572,38,서울특별시 강남구 도곡로 401 (대치동),,127.053254695846,37.496979324799
서울,ok,,롯데백화점 강남점,빈폴 롯데백화점 강남점,4011401,38,서울특별시 강남구 도곡로 401 (대치동),5층,127.053254695846,37.496979324799
서울,ok,,롯데백화점 강남점,빈폴멘 롯데백화점 강남점,2930438,38,서울특별시 강남구 도곡로 401 (대치동),5층,127.053254695846,37.496979324799
서울,ok,,롯데백화점 강남점,삼성스토어 롯데백화점 강남점,4026651,38,서울특별시 강남구 도곡로 401 (대치동),8층,127.053254695846,37.496979324799
서울,ok,,롯데백화점 강남점,아디다스 롯데백화점 강남점,2923641,38,서울특별시 강남구 도곡로 401 (대치동),7층,127.053254695846,37.496979324799
서울,ok,,롯데백화점 강남점,유니클로 롯데백화점 강남점,2918408,38,서울특별시 강남구 도곡로 401 (대치동),7층,127.053254695846,37.496979324799
서울,ok,,롯데백화점 강남점,코오롱스포츠 롯데백화점 강남점,2925587,38,서울특별시 강남구 도곡로 401 (대치동),6층,127.053254695846,37.496979324799
서울,ok,,롯데백화점 강남점,코치 롯데백화점 강남점,2914082,38,서울특별시 강남구 도곡로 401 (대치동),1층,127.053254695846,37.496979324799
서울,ok,,롯데백화점 강남점,프린세스 롯데백화점 강남점,2915533,38,서울특별시 강남구 도곡로 401 (대치동),1층,127.053254695846,37.496979324799
서울,ok,,롯데백화점 강남점,휴고보스 롯데백화점 강남점,4026650,38,서울특별시 강남구 도곡로 401 (대치동),5층,127.053254695846,37.496979324799
서울,ok,,롯데백화점 건대 스타시티점,,,,,,,
서울,ok,,롯데시네마 월드타워,,,,,,,
서울,ok,,롯데시네마 은평,,,,,,,
서울,ok,,롯데시네마 합정,,,,,,,
서울,ok,,롯데월드,나이키 롯데월드몰점,2902411,38,서울특별시 송파구 올림픽로 300 (신천동),3층,127.104301829165,37.5137129859207
서울,ok,,롯데월드,나이키 롯데월드타워점,4013188,38,서울특별시 송파구 올림픽로 300 (신천동),B1층,127.104301829165,37.5137129859207
서울,ok,,롯데월드,나인 롯데월드몰점,4027127,38,서울특별시 송파구 올림픽로 300 (신천동),2층,127.104301829165,37.5137129859207
서울,ok,,롯데월드,난닝구 롯데월드몰점,2894648,38,서울특별시 송파구 올림픽로 300 (신천동),5층,127.104301829165,37.5137129859207
서울,ok,,롯데월드,내셔널지오그래픽 롯데월드몰점,4013186,38,서울특별시 송파구 올림픽로 300 (신천동),3층,127.104301829165,37.5137129859207
서울,ok,,롯데월드,논픽션 롯데월드몰점,4013181,38,서울특별시 송파구 올림픽로 300 (신천동),1층,127.104301829165,37.5137129859207
서울,ok,,롯데월드,닥터마틴 롯데월드몰점,2926587,38,서울특별시 송파구 올림픽로 300 (신천동),3층,127.104301829165,37.5137129859207
서울,ok,,롯데월드,대원미디어 롯데월드몰점,4013169,38,서울특별시 송파구 올림픽로 300 (신천동),,127.104301829165,37.5137129859207
서울,ok,,롯데월드,데상트 롯데월드몰점,2931560,38,서울특별시 송파구 올림픽로 300 (신천동),3층,127.104301829165,37.5137129859207
서울,ok,,롯데월드,디아도라 롯데월드몰점,4027131,38,서울특별시 송파구 올림픽로 300 (신천동),3층,127.104301829165,37.5137129859207
서울,ok,,롯데월드,디올 롯데월드몰점,2903714,38,서울특별시 송파구 올림픽로 300 (신천동),B1층,127.104301829165,37.5137129859207
서울,ok,,롯데월드,디자인스킨 롯데월드몰점,2903451,38,서울특별시 송파구 올림픽로 300 (신천동),5층,127.104301829165,37.5137129859207
서울,ok,,롯데월드,랄프로렌칠드런 롯데월드몰점,2904572,38,서울특별시 송파구 올림픽로 300 (신천동),4층,127.104301829165,37.5137129859207
서울,ok,,롯데월드,러쉬 롯데월드몰점,2931501,38,서울특별시 송파구 올림픽로 300 (신천동),B1층,127.104301829165,37.5137129859207
서울,ok,,롯데월드,레고 롯데월드몰점,2924138,38,서울특별시 송파구 올림픽로 300 (신천동),B1층,127.104301829165,37.5137129859207
서울,ok,,롯데월드,레이브 롯데월드몰점,4013182,38,서울특별시 송파구 올림픽로 300 (신천동),1층,127.104301829165,37.5137129859207
서울,ok,,롯데월드,레전드히어로즈 잠실롯데월드몰점,2946635,28,서울특별시 송파구 올림픽로 300 (신천동),3층,127.1040749597,37.5141653654
서울,ok,,롯데월드,롯데월드 민속박물관,130070,14,서울특별시 송파구 올림픽로 240 (잠실동),3층,127.09761658111144,37.51232891779544
서울,ok,,롯데월드,롯데월드 쇼핑몰,132248,38,서울특별시 송파구 올림픽로 300 (신천동),,127.1040749597,37.5141653654
서울,ok,,롯데월드,롯데월드 아이스링크,131297,28,서울특별시 송파구 올림픽로 240 (잠실동),,127.0976311526,37.5123821225
서울,ok,,롯데월드 민속박물관,롯데월드 민속박물관,130070,14,서울특별시 송파구 올림픽로 240 (잠실동),3층,127.09761658111144,37.51232891779544
서울,ok,,롯데월드 샤롯데씨어터,,,,,,,
서울,ok,,롯데월드 쇼핑몰,롯데월드 쇼핑몰,132248,38,서울특별시 송파구 올림픽로 300 (신천동),,127.1040749597,37.5141653654
서울,ok,,롯데월드 아쿠아리움,롯데월드 아쿠아리움,2476731,12,서울특별시 송파구 올림픽로 300 (신천동),지하 1층,127.1040749597,37.5141653654
서울,ok,,롯데월드 아쿠아리움,롯데월드 아쿠아리움,2900061,38,서울특별시 송파구 올림픽로 300 (신천동),B1층,127.104301829165,37.5137129859207
서울,ok,,롯데월드 어드벤처,롯데월드 어드벤처,126498,12,서울특별시 송파구 올림픽로 240,,127.0978836077,37.5112974856
서울,ok,,롯데월드 어드벤처,롯데월드 어드벤처,2893996,38,서울특별시 송파구 올림픽로 240 (잠실동),,127.098141751177,37.5113096112036
서울,ok,,롯데월드 어드벤처,롯데월드 어드벤처 부산,2815627,12,부산광역시 기장군 동부산관광로 42,,129.2129995240,35.1960684107
서울,ok,,롯데월드타워,나이키 롯데월드타워점,4013188,38,서울특별시 송파구 올림픽로 300 (신천동),B1층,127.104301829165,37.5137129859207
서울,ok,,롯데월드타워,롯데월드타워 서울스카이,2492348,12,서울특별시 송파구 올림픽로 300 (신천동),117~123층,127.102322,37.512525
서울,ok,,롯데월드타워,롯데월드타워&롯데월드몰,2003909,12,서울특별시 송파구 올림픽로 300 (신천동),,127.1040749597,37.5141653654
서울,ok,,롯데월드타워 롯데월드몰,,,,,,,
서울,ok,,롯데콘서트홀,롯데콘서트홀,3085149,14,서울특별시 송파구 올림픽로 300 (신천동),롯데월드몰 8층 롯데콘서트홀,127.1040305171,37.5142459111
서울,ok,,롸카두들 내슈빌 핫치킨 성수점,,,,,,,
서울,ok,,루에 브르,,,,,,,
서울,ok,,룸증에 이,,,,,,,
서울,ok,,뤼미에르 퍼퓸 성수점,,,,,,,
서울,ok,,르뱅 아세르,,,,,,,
서울,ok,,르에 이치의 원,,,,,,,
서울,ok,,르콘토엘,,,,,,,
서울,ok,,리바이스 가로수길 플래그십스토어,,,,,,,
서울,ok,,리버시티 수상스키장,리버시티수상스키장,767780,28,서울특별시 강남구 압구정로11길 37-53 (압구정동),"한강시민공원 내 잠원1지구, 리버시티수상스키장",127.0191571926,37.5290589376
서울,ok,,리브인 오후,,,,,,,
서울,ok,,리샤르 명동점,,,,,,,
서울,ok,,리얼 샷 실전 사격 양궁장,,,,,,,
서울,ok,,리움미술관,리움미술관,130525,14,서울특별시 용산구 이태원로55길 60-16 (한남동),,126.9984927659692,37.53854914108885
서울,ok,,리코스타코인노래연습장,,,,,,,
서울,ok,,리틀 버틀러,,,,,,,
서울,ok,,리틀 포레스트,리틀포레스트,2900388,39,서울특별시 성동구 성수일로12길 23 (성수동2가),,127.0537230167,37.5483604874
서울,ok,,리플레,,,,,,,
서울,ok,,림 호텔,,,,,,,
서울,ok,,마곡 문화관,,,,,,,
서울,ok,,마네킹 네코 강남점,,,,,,,
서울,ok,,마녀 주방 대학로점,,,,,,,
서울,ok,,마당 공간,,,,,,,
서울,ok,,마뗑킴,마뗑킴 성수 플래그십 스토어,4013101,38,서울특별시 성동구 아차산로5길 24-33 (성수동2가),1층,127.054017932141,37.5473817861639
서울,ok,,마뗑킴,마뗑킴 신세계사이먼프리미엄아울렛 부산점,4012404,38,부산광역시 기장군 장안읍 정관로 1133,2층,129.236072800234,35.3249413082094
서울,ok,,마뗑킴,마뗑킴 하고하우스 제주점,4026865,38,제주특별자치도 제주시 중앙로 27-5 (일도일동),1-2층,126.525269480507,33.51566251305
서울,ok,,마로니 빌딩,,,,,,,
서울,ok,,마로니에공원,마로니에공원,126487,12,서울특별시 종로구 대학로 104,,127.0027239807,37.5802419773
서울,ok,,마르틴 베이커리 아이파크몰점,,,,,,,
서울,ok,,마리 떼 프랑수아 저번 한남점,,,,,,,
서울,ok,,마리 왕 신사역점,,,,,,,
서울,ok,,마리오아울렛 3관,나이키 마리오아울렛 3관점,3306172,38,서울특별시 금천구 디지털로 185 (가산동),B1층,126.887154240101,37.4781875545515
서울,ok,,마리오아울렛 3관,난닝구 마리오아울렛 3관점,3307328,38,서울특별시 금천구 디지털로 185 (가산동),,126.887154240101,37.4781875545515
서울,ok,,마리오아울렛 3관,뉴발란스키즈 마리오아울렛 3관점,3305824,38,서울특별시 금천구 디지털로 185 (가산동),3관 5층,126.887154240101,37.4781875545515
서울,ok,,마리오아울렛 3관,뉴에라 마리오아울렛 3관점,3307265,38,서울특별시 금천구 디지털로 185 (가산동),B1층,126.887154240101,37.4781875545515
서울,ok,,마리오아울렛 3관,더블제이디 마리오아울렛 3관점,3307595,38,서울특별시 금천구 디지털로 185 (가산동),3층,126.887154240101,37.4781875545515
서울,ok,,마리오아울렛 3관,데상트 마리오아울렛 3관점,3306145,38,서울특별시 금천구 디지털로 185 (가산동),,126.887154240101,37.4781875545515
서울,ok,,마리오아울렛 3관,라이프워크 마리오아울렛 3관점,3306917,38,서울특별시 금천구 디지털로 185 (가산동),4층,126.887154240101,37.4781875545515
서울,ok,,마리오아울렛 3관,랩 마리오아울렛 3관점,3306703,38,서울특별시 금천구 디지털로 185 (가산동),,126.887154240101,37.4781875545515
서울,ok,,마리오아울렛 3관,레노마골프 마리오아울렛 3관점,3307570,38,서울특별시 금천구 디지털로 185 (가산동),2관 2층,126.887154240101,37.4781875545515
서울,ok,,마리오아울렛 3관,레노마스윔 마리오아울렛 3관점,3307577,38,서울특별시 금천구 디지털로 185 (가산동),,126.887154240101,37.4781875545515
서울,ok,,마리오아울렛 3관,르꼬끄스포르티브 마리오아울렛 3관점,3305981,38,서울특별시 금천구 디지털로 185 (가산동),,126.887154240101,37.4781875545515
서울,ok,,마리오아울렛 3관,리바이스 마리오아울렛 3관점,3305921,38,서울특별시 금천구 디지털로 185 (가산동),4층,126.887154240101,37.4781875545515
서울,ok,,마리오아울렛 3관,마인드브릿지 마리오아울렛 3관점,3307636,38,서울특별시 금천구 디지털로 185 (가산동),3층,126.887154240101,37.4781875545515
서울,ok,,마리오아울렛 3관,배럴 마리오아울렛 3관점,3305693,38,서울특별시 금천구 디지털로 185 (가산동),B1층,126.887154240101,37.4781875545515
서울,ok,,마리오아울렛 3관,버커루 마리오아울렛 3관점,3305645,38,서울특별시 금천구 디지털로 185 (가산동),4층,126.887154240101,37.4781875545515
서울,ok,,마리오아울렛 3관,비아델루쏘 마리오아울렛 3관점,3306380,38,서울특별시 금천구 디지털로 185 (가산동),1층,126.887154240101,37.4781875545515
서울,ok,,마리오아울렛 3관,슈펜 마리오아울렛 3관점,3306678,38,서울특별시 금천구 디지털로 185 (가산동),2층,126.887154240101,37.4781875545515
서울,ok,,마리오아울렛 3관,스케쳐스 마리오아울렛 3관점,3305415,38,서울특별시 금천구 디지털로 185 (가산동),B1층,126.887154240101,37.4781875545515
서울,ok,,마리오아울렛 3관,시코르 마리오아울렛 3관점,3307655,38,서울특별시 금천구 디지털로 185 (가산동),,126.887154240101,37.4781875545515
서울,ok,,마리오아울렛 3관,아디다스 마리오아울렛 3관점,3307245,38,서울특별시 금천구 디지털로 185 (가산동),B1층,126.887154240101,37.4781875545515
서울,ok,,마복림 떡볶이,마복림할머니집,398352,39,서울특별시 중구 다산로35길 5,,127.015098527397,37.5631674412311
서울,ok,,마샹스,,,,,,,
서울,ok,,마운틴 누크,,,,,,,
서울,ok,,마이아트 뮤지엄,마이아트뮤지엄,3074742,14,서울특별시 강남구 테헤란로 518 (대치동),,127.06057938031194,37.50759111766119
서울,ok,,마인 띵크,,,,,,,
서울,ok,,마일스톤 커피 한남,마일스톤 커피,2867252,39,서울특별시 강남구 논현로159길 49 (신사동),,127.0243514413,37.5218963670
서울,ok,,마초 갈비,,,,,,,
서울,ok,,마티에르,,,,,,,
서울,ok,,만해 한용운 심우장,만해 한용운 심우장,1395466,12,서울특별시 성북구 성북로29길 24 (성북동),,126.99181565330248,37.59359923851268
서울,ok,,맛짱 조개,맛짱조개,2869902,39,서울특별시 강남구 언주로134길 18 (논현동),,127.0370282141,37.5166388719
서울,ok,,망우역사 문화공원,망우역사문화공원,2650756,12,서울특별시 중랑구 망우로91길 2 (망우동),(망우동),127.114382844197,37.5989775278216
서울,ok,,망원 수제 크로켓 망원점,,,,,,,
서울,ok,,망원시장,망원시장,2499807,38,서울특별시 마포구 포은로6길 27 (망원동),,126.906451891223,37.5560222529246
서울,ok,,망원시장,망원시장약국,4012583,38,서울특별시 마포구 월드컵로13길 56 (망원동),,126.90705059272,37.5553763502947
서울,ok,,망원역 6호선,,,,,,,
서울,ok,,매드포갈릭 발산점,,,,,,,
서울,ok,,매스 씨앤디,,,,,,,
서울,ok,,매헌 시민의 숲,,,,,,,
서울,ok,,맥도날드 삼성역,,,,,,,
서울,ok,,맥도날드 서울 둔촌 DT점,,,,,,,
서울,ok,,맥도날드 서울역점,,,,,,,
서울,ok,,맥도날드 석촌역점,,,,,,,
서울,ok,,맥심 플랜트,맥심플랜트,2733960,39,서울특별시 용산구 이태원로 250,(한남동),127.000972873706,37.5370148181292
서울,ok,,머시룸 페이퍼 팜,,,,,,,
서울,ok,,머치 커피,,,,,,,
서울,ok,,먼셀 커피 서래 마을점,,,,,,,
서울,ok,,메가 MGC 커피 건대입구역점,,,,,,,
서울,ok,,메가 MGC 커피 경복궁역점,,,,,,,
서울,ok,,메가 MGC 커피 명동중앙점,,,,,,,
서울,ok,,메가 MGC 커피 서울역점,,,,,,,
서울,ok,,메가박스 코엑스,,,,,,,
서울,ok,,메세나 폴리스몰,,,,,,,
서울,ok,,메시,메시56,2775525,39,강원특별자치도 강릉시 초당순두부길 56 (초당동),,128.9146278670,37.7883259065
서울,ok,,메시,미메시스 아트 뮤지엄,2354323,14,경기도 파주시 문발로 253 (문발동),,126.68887457877427,37.716515598027144
서울,ok,,메일 룸,,,,,,,
서울,ok,,메종키츠네 플래그십스토어,,,,,,,
서울,ok,,멘야산다이메 홍대점,,,,,,,
서울,ok,,면키 시청역점,,,,,,,
서울,ok,,명동 대성당 파밀리아 채플,,,,,,,
서울,ok,,명동 문고 명동성당 본점,,,,,,,
서울,ok,,명동거리,올리브영 명동거리점,4009452,38,서울특별시 중구 명동8나길 9 (충무로1가),,126.984430769236,37.5612953313197
서울,ok,,명동거리,춘천명동거리,264434,12,강원특별자치도 춘천시 중앙로 55,(중앙로2가),127.727528121532,37.8799919516675
서울,ok,,명동교자 본점,명동교자,403053,39,서울특별시 중구 명동10길 29 (명동2가),,126.9855954862,37.5625964986
서울,ok,,명동교자 분점,명동교자,403053,39,서울특별시 중구 명동10길 29 (명동2가),,126.9855954862,37.5625964986
서울,ok,,명동교자 이태원점,,,,,,,
서울,ok,,명동난타극장,명동난타극장,650997,14,서울특별시 중구 명동길 26 (명동2가),3층,126.9837514213,37.5634505526
서울,ok,,명란 식당,,,,,,,
서울,ok,,명륜 진사갈비 서울 강동역점,,,,,,,
서울,ok,,명물거리 교차로,,,,,,,
서울,ok,,명인만두 도곡 1호점,,,,,,,
서울,ok,,모나미 스토어 성수점,,,,,,,
서울,ok,,모노 맨션 연남 2호점,,,,,,,
서울,ok,,모레노 유메 가로수길점,,,,,,,
서울,ok,,모스버거 센트럴시티점,,,,,,,
서울,ok,,모스코 서울,,,,,,,
서울,ok,,모어 쥬드,,,,,,,
서울,ok,,모이소 한 마리 정육 식당 종로점,,,,,,,
서울,ok,,모크,나목 스모크밸리,2835753,39,경기도 동두천시 탑신로 222 (탑동동),,127.1153879864,37.8957767239
서울,ok,,모크,스모크하우스인구억,2843921,39,제주특별자치도 서귀포시 대정읍 보성구억로 223,,126.2783968021,33.2708184610
서울,ok,,모크,우모크,3551159,39,서울특별시 강남구 언주로170길 22 (신사동),지하 2층,127.03542198409549,37.5266090791381
서울,ok,,모크,유제이스모크하우스 본점,2915079,39,경상남도 거제시 옥포성안로 28,,128.6939738524,34.8888682724
서울,ok,,목인박물관 목석원,목인박물관 목석원,231976,14,서울특별시 종로구 창의문로5길 46-1 (부암동),,126.9633051014,37.5890707988
서울,ok,,몰토 베네,,,,,,,
서울,ok,,몰토 이탈리안 에스프레소 바 앤 테라스,,,,,,,
서울,ok,,몽마르트르 공원,몽마르뜨공원,753981,12,서울특별시 서초구 반포대로 201 (반포동),,127.0045483736,37.4976821568
서울,ok,,몽중헌 방이점,,,,,,,
서울,ok,,몽탄,몽탄,2815118,39,서울특별시 용산구 백범로99길 50,,126.972242371179,37.5359949787481
서울,ok,,묘한 빵집,,,,,,,
서울,ok,,무겐 스위치,,,,,,,
서울,ok,,무궁화동산,무궁화동산,1603543,12,서울특별시 종로구 궁정동 55-5,,126.9721572068,37.5843076223
서울,ok,,무궁화동산,무궁화동산,2739425,12,경기 수원시 권선구 호매실동,1299-37,126.945547147378,37.2624527946662
서울,ok,,무궁화동산,안산호수공원 무궁화동산,2762692,12,경기도 안산시 상록구 해안로 615,(사동),126.8259063423,37.2974883099
서울,ok,,무대륙,무대륙,2900390,14,서울특별시 마포구 토정로5길 12 (합정동),,126.9183697598,37.5459670676
서울,ok,,무신사 스탠더드 홍대,,,,,,,
서울,ok,,무신사 테라스,,,,,,,
서울,ok,,무얼 식탁 파르나스점,,,,,,,
서울,ok,,문화 예술공원,서초문화예술공원,3351700,12,서울특별시 서초구 바우뫼로12길 40 (양재동),,127.03208667403636,37.47013562094086
서울,ok,,뮤지엄 29,,,,,,,
서울,ok,,뮤지엄 김치 간,,,,,,,
서울,ok,,미가 꼬끼오,,,,,,,
서울,ok,,미뉴트 빠삐용,,,,,,,
서울,ok,,미도리,"미도리파티 (구, 풍납동 미도리)",2817111,39,서울특별시 송파구 천호대로152길 13 성신빌라,,127.121791633322,37.5377030364381
서울,ok,,미도인 종로점,,,,,,,
서울,ok,,미면 소 동대문점,,,,,,,
서울,ok,,미스 랄라,,,,,,,
서울,ok,,미스터 힐링 교대역점,,,,,,,
서울,ok,,미어캣 프렌즈,,,,,,,
서울,ok,,미정국수 41 대학로점,,,,,,,
서울,ok,,믿을 신,,,,,,,
서울,ok,,밀도넛,,,,,,,
서울,ok,,밀리언 아카이브,밀리언아카이브,3085309,38,서울특별시 성동구 아차산로5길 24-18 (성수동2가),,127.053317856843,37.5472969599629
서울,ok,,밀파니 베이커리 카페,밀파니,2758057,39,서울특별시 송파구 위례서로 273,(거여동),127.142460456794,37.4891232183488
서울,ok,,바나 프레소 삼성점,,,,,,,
서울,ok,,바나 프레소 신논현역점,,,,,,,
서울,ok,,바나나 롤러 연습장,,,,,,,
서울,ok,,바나프레소 강남점,,,,,,,
서울,ok,,바다 땅,,,,,,,
서울,ok,,바다회 사랑 2호점,바다회사랑,2847752,39,서울특별시 마포구 동교로27길 60 (연남동),,126.9210764267,37.5604678115
서울,ok,,바르게 울로 나,,,,,,,
서울,ok,,바르다 김 선생 논현 아크로 힐스점,,,,,,,
서울,ok,,바른 치킨 종로 3가점,,,,,,,
서울,ok,,바보,바보 카페,2851159,39,충청남도 태안군 해안관광로 247-3,,126.3310053478,36.5242106895
서울,ok,,바보,바보글램핑,2747739,28,경상남도 산청군 생비량면 상능로150번길 178,,128.0670168170,35.3852318365
서울,ok,,바보,바보낙지,2845099,39,부산광역시 기장군 기장읍 동암해안길 6,,129.2218930329,35.1949130176
서울,ok,,바운스 트램펄린 파크 삼성센터,,,,,,,
서울,ok,,바이킹스 워프 롯데월드몰점,바이킹스워프 롯데월드몰점,2839397,39,서울특별시 송파구 올림픽로 300 롯데월드타워앤드롯데월드몰,4F,127.1040305171,37.5142459111
서울,ok,,바탕골 소극장,바탕골소극장,3013185,14,서울특별시 종로구 대학로10길 5 (동숭동),,127.00257322315429,37.5818585598955
서울,ok,,박물관은 살아있다 인사동점,,,,,,,
서울,ok,,박정희 대통령 기념 도서관,,,,,,,
서울,ok,,반포 치킨,,,,,,,
서울,ok,,반포 한강공원,반포한강공원,970138,12,서울특별시 서초구 신반포로11길 40 (반포동),,126.9927514401,37.5076862314
서울,ok,,반포 한강공원 달빛광장,반포한강공원,970138,12,서울특별시 서초구 신반포로11길 40 (반포동),,126.9927514401,37.5076862314
서울,ok,,밥줄 천호역점,,,,,,,
서울,ok,,방콕 익스프레스 신촌 본점,,,,,,,
서울,ok,,배스킨라빈스 강남 신논현점,,,,,,,
서울,ok,,배스킨라빈스 개봉역 사점,,,,,,,
서울,ok,,배스킨라빈스 광화문점,,,,,,,
서울,ok,,배스킨라빈스 파르나스 몰 점,,,,,,,
서울,ok,,배재란 커피 클래스,,,,,,,
서울,ok,,배재학당 역사박물관,배재학당역사박물관,1198901,14,서울특별시 중구 서소문로11길 19 (정동),,126.9728160596,37.5638516791
서울,ok,,배키욘방,,,,,,,
서울,ok,,배터리 88,,,,,,,
서울,ok,,백제 정육점,,,,,,,
서울,ok,,뱅뱅 막국수 역삼 본점,뱅뱅막국수,2871687,39,서울특별시 강남구 도곡로 112 (도곡동),,127.0328543559,37.4897058130
서울,ok,,버거 타운 잠실점,,,,,,,
서울,ok,,버거스 올마이티 서울 광화문점,,,,,,,
서울,ok,,버거킹 몽촌 토성점,,,,,,,
서울,ok,,버거킹 시청역점,,,,,,,
서울,ok,,버거킹 종로구청점,,,,,,,
서울,ok,,버거킹 청담점,,,,,,,
서울,ok,,버거킹 혜화역점,,,,,,,
서울,ok,,버드,경주 버드파크,2002492,12,경상북도 경주시 보문로 74-14,,129.2627490602,35.8498125109
서울,ok,,버드,버드나무 브루어리,2628967,12,강원특별자치도 강릉시 경강로 1961,,128.88444494346,37.7482219574443
서울,ok,,버드,버드나무백숙,1014890,39,경상북도 구미시 공원로 26,,128.3161139596,36.1113180289
서울,ok,,버드,버드나무집,799187,39,경기도 남양주시 강변북로632번길 60 (수석동),,127.1756552589,37.5869970888
서울,ok,,버드,버드나무집,2792533,39,제주특별자치도 제주시 조천읍 신북로 540,,126.6673958034,33.5413197163
서울,ok,,버드,버드나무집,2854247,39,경상남도 김해시 동남로41번길 25-24,,128.9932925957,35.2342933936
서울,ok,,버드,버드나무집 본점,232261,39,서울특별시 서초구 효령로 434,(서초동),127.0311795260,37.4890947428
서울,ok,,버드,버드리,2738654,39,경기도 평택시 비전5로 20-44,"레이크타워 3층 301,302호",127.1155772184,37.0002028409
서울,ok,,버드,버드하우스캠핑장,2734278,28,경상남도 남해군 창선면 서부로 1455-10,,128.0211636502,34.9187140320
서울,ok,,버드,산청 실매리 왕버드나무군,2787155,12,경상남도 산청군 차황면 실매리,881-49,127.9306,35.4888
서울,ok,,버드,서산버드랜드,2037280,12,충청남도 서산시 부석면 천수만로 655-73,,126.3777622567,36.6292271754
서울,ok,,버드,썬더버드 청담점,2623187,39,서울특별시 강남구 압구정로60길 18 SG DINEHILL빌딩,,127.0417164040,37.5262406187
서울,ok,,버드,오금버드나무집,2836682,39,서울특별시 송파구 동남로 309 (오금동),,127.1374861232,37.5031172502
서울,ok,,버드,오산버드파크,3057781,12,경기도 오산시 성호대로 141 (오산동),,127.0772832705142,37.14887886524183
서울,ok,,버드,올리브영 대전버드내점,4008012,38,대전광역시 중구 태평로 26 (유천동),2층,127.392470069634,36.3190650643779
서울,ok,,버드,왕버드나무군락지,2610587,12,대전광역시 대덕구 미호동,711,127.4669297000,36.4686007791
서울,ok,,버드,트리밍버드 성수플래그십스토어,4013080,38,서울특별시 성동구 광나루로4길 8 (성수동2가),1층,127.053872587557,37.5496768761988
서울,ok,,버드,하버드안경원 보정점,4011795,38,경기도 용인시 기흥구 보정로 109 (보정동),,127.115196906167,37.319487898168
서울,ok,,버드,횡성 버드나무집,2685838,39,강원특별자치도 횡성군 공근면 공근남로 25,,127.965670853651,37.5345551692872
서울,ok,,버터 홍대점,버터 홍대점,2901890,38,서울특별시 마포구 양화로 153 (동교동),B2층,126.922631917858,37.5564943733388
서울,ok,,버프 스토어 명동역점,,,,,,,
서울,ok,,번트 오렌지,,,,,,,
서울,ok,,벌스데이,,,,,,,
서울,ok,,법은 정사,,,,,,,
서울,ok,,베르시(BERCI),,,,,,,
서울,ok,,베비 아모 에스프레소 바,,,,,,,
서울,ok,,베시더스콘,,,,,,,
서울,ok,,베이글 리스트,,,,,,,
서울,ok,,벤저민 포케엔 샐러드,,,,,,,
서울,ok,,별마다 도서관,별마당도서관,2507822,14,서울특별시 강남구 영동대로 513,,127.0591318945,37.5118092746
서울,ok,,보물찾기 홍대점,,,,,,,
서울,ok,,보배 반점 하월곡점,,,,,,,
서울,ok,,보안여관,,,,,,,
서울,ok,,보안책방,,,,,,,
서울,ok,,봄날 아트홀,봄날아트홀,3080741,14,서울특별시 종로구 동숭길 39 (동숭동),지하 1층~2층,127.00426530119238,37.57999067069077
서울,ok,,봉산옥 서초동 본점,,,,,,,
서울,ok,,봉화 묵집,,,,,,,
서울,ok,,부베트,부베트 본점,3570323,39,서울특별시 강남구 논현로 854 (신사동),안다즈 서울 강남 상업시설 건물 1층,127.02886508625117,37.52532163054886
서울,ok,,부빙 북촌점,부빙,1922730,39,서울특별시 종로구 창의문로 136,,126.965344205516,37.5926851636603
서울,ok,,부자 피자 1호점,,,,,,,
서울,ok,,북악산 한양도성,,,,,,,
서울,ok,,북악스카이웨이,,,,,,,
서울,ok,,북악팔각정,[북악하늘길 1산책로] 북악팔각정~말바위쉼터,1036894,28,서울특별시 종로구 북악산로 267,(평창동),126.980550789268,37.6019731946347
서울,ok,,북촌 전통공예체험관,북촌전통공예체험관,2993183,12,서울특별시 종로구 북촌로12길 24-5 (가회동),,126.9861254303,37.5824719752
서울,ok,,북촌 한옥마을,북촌한옥마을,126537,12,서울특별시 종로구 계동길 37 (계동),,126.9867060298,37.5790529392
서울,ok,,북파크라운지,북파크라운지,3339374,14,서울특별시 용산구 이태원로 294 (한남동),블루스퀘어 3층,127.0024852556,37.5408694386
서울,ok,,북한산 더 숍 아파트,,,,,,,
서울,ok,,북한산 둘레 캠프,,,,,,,
서울,ok,,북한산 둘레길 9구간 마실 길,,,,,,,
서울,ok,,북한산성 입구,,,,,,,
서울,ok,,분카샤 을지로점,,,,,,,
서울,ok,,불이아 교대점,,,,,,,
서울,ok,,불타는 꼬꼬 발 숭실대점,,,,,,,
서울,ok,,뷰클런즈,,,,,,,
서울,ok,,브라운시티 카페 상수점,,,,,,,
서울,ok,,브래디 포스트 성수,,,,,,,
서울,ok,,브랜드 마켓,,,,,,,
서울,ok,,브루클린 더 버거 조인트 가로수길점,,,,,,,
서울,ok,,브루클린 더 버거 조인트 롯데월드몰점,,,,,,,
서울,ok,,브리즈 PC 카페,,,,,,,
서울,ok,,블랙랩,,,,,,,
서울,ok,,블루 보틀 삼청 카페,,,,,,,
서울,ok,,블루 보틀 압구정 카페,,,,,,,
서울,ok,,블루스퀘어,블루스퀘어,1439094,14,서울특별시 용산구 이태원로 294 (한남동),,127.00248709929903,37.54087170944522
서울,ok,,비비드크로넛 파리에 스테이션 점,,,,,,,
서울,ok,,비스타 워커힐 서울,비스타 워커힐 서울,143107,32,서울특별시 광진구 워커힐로 177,(광장동),127.110772761736,37.5551673746427
서울,ok,,비스타 워커힐 서울,비스타 워커힐 서울 피자힐,2832942,39,서울특별시 광진구 워커힐로 177 워커힐호텔,,127.1069125182,37.5518832586
서울,ok,,비스타 워커힐 서울 피자힐,비스타 워커힐 서울 피자힐,2832942,39,서울특별시 광진구 워커힐로 177 워커힐호텔,,127.1069125182,37.5518832586
서울,ok,,비커 성수 플래그십스토어,비이커 성수점,4013116,38,서울특별시 성동구 연무장길 7-1 (성수동2가),,127.050493965449,37.5440037883449
서울,ok,,비트 포비아 던전,,,,,,,
서울,ok,,빅토리아 베이커리,빅토리아 베이커리 가든,3438936,39,부산광역시 서구 엄광산로 33 (서대신동3가),빅토리아 베이커리 가든,129.0086329245068,35.12871845152394
서울,ok,,빈티지 숍 페이지 원,,,,,,,
서울,ok,,빈티지 코인 노래연습장,,,,,,,
서울,ok,,빕스 합정역점,,,,,,,
서울,ok,,빛의 시어터,빛의 시어터,3085292,14,서울특별시 광진구 워커힐로 177 (광장동),,127.1069125182,37.5518832586
서울,ok,,빠레뜨한남,,,,,,,
서울,ok,,빽다방 신논현역점,,,,,,,
서울,ok,,사랑의 불고기,,,,,,,
서울,ok,,사무엘스몰즈,,,,,,,
서울,ok,,사운드웨이브 카페,,,,,,,
서울,ok,,사운즈 한 남,사운즈한남,3060939,38,서울특별시 용산구 대사관로 35 (한남동),,127.00214819989,37.5337501903567
서울,ok,,사이드 쇼,,,,,,,
서울,ok,,사직단,노변동 사직단,3384951,12,대구광역시 수성구 노변동,407-4,128.7019359,35.830192
서울,ok,,사직단,달성(현풍)사직단,1614360,12,대구광역시 달성군 현풍면 상리,,128.4513134543,35.6979145842
서울,ok,,사직단,사직단,127072,12,전남광주통합특별시 남구 사직길 49 (사동),,126.9118501789,35.1418871029
서울,ok,,사직단,사직단,2992891,12,서울특별시 종로구 사직로 89,,126.967263789945,37.575936511748
서울,ok,,산동 만두,,,,,,,
서울,ok,,산리 오러 버스 클럽,,,,,,,
서울,ok,,산모퉁이,산모퉁이,2836148,39,서울특별시 종로구 백석동길 153,,126.9679822710,37.5954756933
서울,ok,,삼성서울병원,,,,,,,
서울,ok,,삼성역 2호선,,,,,,,
서울,ok,,삼송 빵집 아이파크몰 용산점,,,,,,,
서울,ok,,삼식이 감자탕 뼈해장국 교대점,,,,,,,
서울,ok,,삼원색,,,,,,,
서울,ok,,삼청 빙수,,,,,,,
서울,ok,,삼청동 거리,삼청동거리,250147,12,서울특별시 종로구 삼청로 156 (삼청동),,126.98280518277133,37.58887435662737
서울,ok,,삼청동 수제비,삼청동수제비,402994,39,서울특별시 종로구 삼청로 101-1,,126.9819035323,37.5846049848
서울,ok,,삼층 로비,,,,,,,
서울,ok,,삿포로 팝업스토어,,,,,,,
서울,ok,,새들러 하우스,새들러하우스(SADDLER HAUS),3075321,39,서울특별시 강남구 도산대로17길 10 (신사동),B1,127.02492102238905,37.51938252820271
서울,ok,,새문안교회,,,,,,,
서울,ok,,샐러드 홍대입구역점,,,,,,,
서울,ok,,샤넬 코드 컬러 팝업,,,,,,,
서울,ok,,샤로수길,샤로수길,3056985,12,서울특별시 관악구 봉천동,,126.955617,37.478541
서울,ok,,샤브향 구로점,,,,,,,
서울,ok,,샤의 바나 광화문점,,,,,,,
서울,ok,,서관면옥 은평 한옥마을점,서관면옥,2745572,39,서울특별시 서초구 서초대로56길 11,(서초동),127.0172973157,37.4940466965
서울,ok,,서교동 교회,,,,,,,
서울,ok,,서대문형무소 역사관,서대문형무소역사관,130152,14,서울특별시 서대문구 통일로 251,,126.955534576211,37.5743038949563
서울,ok,,서래 마을 이야기,,,,,,,
서울,ok,,서서울농협 하나로마트 사직점,,,,,,,
서울,ok,,서소문 성지 역사박물관,서소문성지역사박물관,2765202,14,서울특별시 중구 칠패로 5 (의주로2가),,126.9693637143,37.5596854342
서울,ok,,서울 도서관,서울도서관,130183,14,서울특별시 중구 세종대로 110,(태평로1가),126.9783710306,37.5665986816
서울,ok,,서울 둘레길 8코스 북한산-도봉산 코스,[서울둘레길 8코스] 장지·탄천코스,1964937,28,서울특별시 송파구 방이동,(오금1교(올림픽공원역)~수서역),127.1351,37.513
서울,ok,,서울 명예도로 감고 당길,북촌한옥마을 감고당길,2946075,12,서울특별시 종로구 송현동,34-2,126.9824147854,37.5779529898
서울,ok,,서울 브루어리 성수점,,,,,,,
서울,ok,,서울 선릉과 정릉,서울 선릉과 정릉 [유네스코 세계유산],126525,12,서울특별시 강남구 선릉로100길 1,,127.0471803291,37.5074206801
서울,ok,,서울 시립 북서울 미술관,서울시립 북서울미술관,1866427,14,서울특별시 노원구 동일로 1238 (중계동),,127.0668719687,37.6407111019
서울,ok,,서울 시티투어버스,,,,,,,
서울,ok,,서울 식물원,서울식물원,2589349,12,서울특별시 강서구 마곡동로 161 (마곡동),,126.8360015625,37.5691701546
서울,ok,,서울 식물원 식물 문화센터,,,,,,,
서울,ok,,서울 앵무새,,,,,,,
서울,ok,,서울 테마산책길 진경산수화길,,,,,,,
서울,ok,,서울고속버스터미널(경부),,,,,,,
서울,ok,,서울공예 박물관,서울공예박물관,2738571,14,서울특별시 종로구 율곡로3길 4,(안국동),126.9835480508,37.5767003779
서울,ok,,서울공예 박물관 어린이 박물관,,,,,,,
서울,ok,,서울광장,문화가 흐르는 서울광장,2598331,15,서울특별시 중구 을지로 지하12 (을지로1가),,126.97878183534239,37.56544835496842
서울,ok,,서울광장,서울광장,128968,12,서울특별시 중구 을지로 지하12 (을지로1가),,126.97878183534239,37.56544835496842
서울,ok,,서울광장,서울광장 스케이트장,663785,28,서울특별시 중구 을지로 12 시청광장지하쇼핑센터,,126.9787797829,37.5654470617
서울,ok,,서울낙업,,,,,,,
서울,ok,,서울남부터미널,,,,,,,
서울,ok,,서울대학교병원,서울대학교병원 의학박물관,130275,14,서울특별시 종로구 대학로 101 (연건동),,126.997196437908,37.5804523853297
서울,ok,,서울도 본 관광코스 북촌 한옥마을,북촌한옥마을,126537,12,서울특별시 종로구 계동길 37 (계동),,126.9867060298,37.5790529392d
서울,ok,,서울로 717,서울로 7017,2495561,12,서울특별시 중구 한강대로 405,,126.9706609645,37.5545193912
서울,ok,,서울미술관 본관,서울시립미술관 서소문본관,130071,14,서울특별시 중구 덕수궁길 61,,126.97367754109,37.5641082438607
서울,ok,,서울숲,서울숲,128611,12,서울특별시 성동구 뚝섬로 273,,127.0417984460,37.5430715815
서울,ok,,서울숲,서울숲 곤충식물원,3442142,12,서울특별시 성동구 뚝섬로 273 (성수동1가),,127.0418131384,37.5431247707
서울,ok,,서울숲,서울숲팜프라자약국,4013124,38,서울특별시 성동구 왕십리로 50 (성수동1가),B1층,127.044975552245,37.5419000229184
서울,ok,,서울숲,성수서울숲약국,4013122,38,서울특별시 성동구 왕십리로 114 (성수동1가),1층,127.044746028256,37.5476854260016
서울,ok,,서울숲,세터하우스 서울숲,4013084,38,서울특별시 성동구 상원1길 7 (성수동1가),,127.049078026083,37.5446671603768
서울,ok,,서울숲,아방베이커리 서울숲점,2899312,39,서울특별시 성동구 왕십리로 83-21 아크로 서울포레스트,지하 1층 B117~120호,127.0432879644,37.5445357444
서울,ok,,서울숲,아비에무아 서울숲 스토어,4025728,38,서울특별시 성동구 서울숲2길 18-1 (성수동1가),1-2층,127.040666428954,37.5470422368092
서울,ok,,서울숲,올리브영 서울숲역점,3305770,38,서울특별시 성동구 왕십리로 50 (성수동1가),,127.044975552245,37.5419000229184
서울,ok,,서울숲,차이나플레인 서울숲점,2893900,39,서울특별시 성동구 뚝섬로1길 25 (성수동1가),,127.0464182590,37.5436914541
서울,ok,,서울숲,코사이어티 서울숲,3060918,39,서울특별시 성동구 왕십리로 82-20 (성수동1가),,127.04563921825778,37.54476915236139
서울,ok,,서울숲,퀴버 서울숲,2894997,39,서울특별시 성동구 왕십리로5길 3 (성수동1가),,127.0443655899,37.5464549847
서울,ok,,서울숲,크림라벨 서울숲 본점,2895010,39,서울특별시 성동구 서울숲2길 34,1층,127.0423241043,37.5466049308
서울,ok,,서울숲,페이퍼돌메이트 아틀리에 서울숲점,2805901,38,서울특별시 성동구 서울숲2길 45-1 (성수동1가),,127.0438461937,37.5464327563
서울,ok,,서울숲,포레스트 서울숲,2991392,39,서울특별시 성동구 서울숲2길 20-12,,127.04073117160479,37.54679915283829
서울,ok,,서울숲,플래드카페 서울숲,3444690,39,서울특별시 성동구 서울숲2길 12-7 (성수동1가),,127.0398882001,37.5471437129
서울,ok,,서울숲 복합문화 체육센터,,,,,,,
서울,ok,,서울숲 포도 피자,,,,,,,
서울,ok,,서울스카이,롯데월드타워 서울스카이,2492348,12,서울특별시 송파구 올림픽로 300 (신천동),117~123층,127.102322,37.512525
서울,ok,,서울스카이,서울스카이 롯데백화점 잠실 에비뉴엘점,2900115,38,서울특별시 송파구 올림픽로 300 (신천동),,127.104301829165,37.5137129859207
서울,ok,,서울시립미술관 서소문 본관,서울시립미술관 서소문본관,130071,14,서울특별시 중구 덕수궁길 61,,126.97367754109,37.5641082438607
서울,ok,,서울아산병원,,,,,,,
서울,ok,,서울아트 책 보고,서울아트책보고,3060967,14,서울특별시 구로구 경인로 430 (고척동),,126.86688305641583,37.4991591989848
서울,ok,,서울어린이대공원,서울어린이대공원,126490,12,서울특별시 광진구 능동로 216 (능동),,127.0762792676,37.5493552228
서울,ok,,서울어린이대공원 놀이동산,서울어린이대공원,126490,12,서울특별시 광진구 능동로 216 (능동),,127.0762792676,37.5493552228
서울,ok,,서울어린이대공원 동물원,서울어린이대공원,126490,12,서울특별시 광진구 능동로 216 (능동),,127.0762792676,37.5493552228
서울,ok,,서울어린이대공원 서울 상상나라,서울어린이대공원,126490,12,서울특별시 광진구 능동로 216 (능동),,127.0762792676,37.5493552228
서울,ok,,서울어린이대공원 식물원,서울어린이대공원,126490,12,서울특별시 광진구 능동로 216 (능동),,127.0762792676,37.5493552228
서울,ok,,서울어린이대공원 정문 주차장,,,,,,,
서울,ok,,서울역,게스 롯데아울렛 서울역점,3305814,38,서울특별시 용산구 한강대로 405 (동자동),3층,126.971732581232,37.5548375992165
서울,ok,,서울역,골프존마켓 롯데아울렛 서울역점,3305472,38,서울특별시 중구 한강대로 405 (봉래동2가),4층,126.969526329341,37.5547278494914
서울,ok,,서울역,나이스클랍 롯데아울렛 서울역점,2894099,38,서울특별시 용산구 한강대로 405 (동자동),3층,126.971732581232,37.5548375992165
서울,ok,,서울역,나이키 롯데아울렛 서울역점,2906408,38,서울특별시 용산구 한강대로 405 (동자동),2층,126.971732581232,37.5548375992165
서울,ok,,서울역,네파 롯데아울렛 서울역점,2918577,38,서울특별시 용산구 한강대로 405 (동자동),4층,126.971732581232,37.5548375992165
서울,ok,,서울역,노스페이스 롯데아울렛 서울역점,2916212,38,서울특별시 용산구 한강대로 405 (동자동),4층,126.971732581232,37.5548375992165
서울,ok,,서울역,뉴발란스 롯데아울렛 서울역점,2909834,38,서울특별시 용산구 한강대로 405 (동자동),2층,126.971732581232,37.5548375992165
서울,ok,,서울역,다이소 서울역점,4027213,38,서울특별시 용산구 한강대로 405 (동자동),1층,126.971732581232,37.5548375992165
서울,ok,,서울역,닥스구두 롯데아울렛 서울역점,2906472,38,서울특별시 용산구 한강대로 405 (동자동),3층,126.971732581232,37.5548375992165
서울,ok,,서울역,듀엘 롯데아울렛 서울역점,2925811,38,서울특별시 용산구 한강대로 405 (동자동),,126.971732581232,37.5548375992165
서울,ok,,서울역,라이프워크 롯데아울렛 서울역점,3305573,38,서울특별시 용산구 한강대로 405 (동자동),4층,126.971732581232,37.5548375992165
서울,ok,,서울역,럭셔리에비뉴 롯데아울렛 서울역점,3305751,38,서울특별시 용산구 한강대로 405 (동자동),3층,126.971732581232,37.5548375992165
서울,ok,,서울역,레노마정장 롯데아울렛 서울역점,2925726,38,서울특별시 중구 한강대로 405 (봉래동2가),3층,126.969526329341,37.5547278494914
서울,ok,,서울역,로이드 롯데아울렛 서울역점,2930853,38,서울특별시 용산구 한강대로 405 (동자동),2층,126.971732581232,37.5548375992165
서울,ok,,서울역,롯데마트 제타플렉스 롯데아울렛 서울역점,2904949,38,서울특별시 중구 한강대로 405 (봉래동2가),,126.969526329341,37.5547278494914
서울,ok,,서울역,롯데쇼핑 롯데아울렛 서울역점,1336178,38,서울특별시 용산구 한강대로 405,,126.971700222375,37.5547732352305
서울,ok,,서울역,롯데아울렛 서울역점,2916113,38,서울특별시 용산구 한강대로 405 (동자동),,126.97173241326743,37.554837739161556
서울,ok,,서울역,롯데아울렛 서울역점[면세점(TAX REFUND SHOP)],4054298,38,서울특별시 용산구 한강대로 405 (동자동),,126.971732581232,37.5548375992165
서울,ok,,서울역,롯데하이마트 롯데마트 서울역점,4012837,38,서울특별시 중구 한강대로 405 (봉래동2가),3층,126.969526329341,37.5547278494914
서울,ok,,서울역,리버클래시 롯데아울렛 서울역점,2909803,38,서울특별시 용산구 한강대로 405 (동자동),3층,126.971732581232,37.5548375992165
서울,ok,,서울역 광장,서울광장,128968,12,서울특별시 중구 을지로 지하12 (을지로1가),,126.97878183534239,37.56544835496842
서울,ok,,서울역 도심공항터미널,,,,,,,
서울,ok,,서울역사박물관,서울역사박물관,130361,14,서울특별시 종로구 새문안로 55 (신문로2가),,126.9707771853,37.5698981615
서울,ok,,서울월드컵경기장,서울월드컵경기장,131712,28,서울특별시 마포구 월드컵로 240 (성산동),,126.8972867075,37.5683414708
서울,ok,,서울커피 익선점,,,,,,,
서울,ok,,서울특별시 교육청 과학전시관 남부분관,,,,,,,
서울,ok,,서울특별시청,,,,,,,
서울,ok,,서점 리스본 포르투,,,,,,,
서울,ok,,서정적 살롱,,,,,,,
서울,ok,,서초 면옥 본점,,,,,,,
서울,ok,,석촌역 8호선,,,,,,,
서울,ok,,석촌호수 동호,,,,,,,
서울,ok,,석촌호수 산책길,,,,,,,
서울,ok,,석촌호수 서호,,,,,,,
서울,ok,,석촌호수동호,,,,,,,
서울,ok,,석파정,대원군별장(석파정),1605948,12,서울특별시 종로구 창의문로11길 4-1 (부암동),,126.9627744300,37.5948701151
서울,ok,,석파정,석파정,3449598,12,서울특별시 종로구 창의문로11길 4-1 (부암동),,126.9627744300,37.5948701151
서울,ok,,석파정,석파정 서울미술관,2783512,14,서울특별시 종로구 창의문로11길 4-1 (부암동),,126.9627744300,37.5948701151
서울,ok,,선데이 버거 클럽,,,,,,,
서울,ok,,선릉 대림아크로텔 오피스텔,,,,,,,
서울,ok,,선비 꼬마김밥 서울 천왕점,,,,,,,
서울,ok,,선유도공원,선유도공원,2661405,12,서울특별시 영등포구 선유로 343 (당산동),,126.90242756770019,37.54223754535507
서울,ok,,설빙 대학로점,,,,,,,
서울,ok,,설빙 서울 석촌호수 동호점,,,,,,,
서울,ok,,섬마을 초밥,,,,,,,
서울,ok,,성북 꿈빛극장,,,,,,,
서울,ok,,성북동 빵 공장,성북동빵공장,2834536,39,서울특별시 성북구 대사관로 40,B동,126.9886470404,37.5959482318
서울,ok,,성북동 칼국수,,,,,,,
서울,ok,,성수 옥상,,,,,,,
서울,ok,,성수기,,,,,,,
서울,ok,,성수역 2호선,,,,,,,
서울,ok,,성신여자대학교 돈암 수정캠퍼스,성신여자대학교 운정그린캠퍼스,3448840,14,서울특별시 강북구 도봉로76가길 55 (미아동),,127.0274174771,37.6321225012
서울,ok,,성암아트센터,성암아트홀,3080570,14,서울특별시 강남구 선릉로111길 6 (논현동),3층,127.0430209685,37.5110534569
서울,ok,,성우 육회,,,,,,,
서울,ok,,세검정 돈가스,,,,,,,
서울,ok,,세광 양대창 성수점,,,,,,,
서울,ok,,세라젬 웹 카페 서울 잠실직영점,,,,,,,
서울,ok,,세븐일레븐 경복궁점,,,,,,,
서울,ok,,세븐일레븐 한성백제 역점,,,,,,,
서울,ok,,세우아트센터,,,,,,,
서울,ok,,세운 스퀘어,,,,,,,
서울,ok,,세운 전자상가,세운전자상가,132231,38,서울특별시 종로구 청계천로 159 (장사동),,126.9952555258,37.5693347773
서울,ok,,세이머 온도 플래그십스토어,세이모온도 플래그십스토어 성수,4013088,38,서울특별시 성동구 서울숲2길 47 (성수동1가),,127.044017271466,37.5463451036977
서울,ok,,세종 충무공이야기,세종이야기 충무공이야기,815197,14,서울특별시 종로구 세종대로 지하175 (세종로),,126.9768376784,37.5722341099
서울,ok,,세종문화회관,세종문화회관,129735,14,서울특별시 종로구 세종대로 175 (세종로),,126.9763210635,37.5720618985
서울,ok,,세종문화회관 M 시어터,세종문화회관,129735,14,서울특별시 종로구 세종대로 175 (세종로),,126.9763210635,37.5720618985
서울,ok,,세종문화회관 대극장,세종문화회관,129735,14,서울특별시 종로구 세종대로 175 (세종로),,126.9763210635,37.5720618985
서울,ok,,세컨드 디포리스트 송리단길점,,,,,,,
서울,ok,,센슈얼링,,,,,,,
서울,ok,,센트럴시티 지하상가,센트럴시티,1221790,38,서울특별시 서초구 신반포로 176 (반포동),,127.0035815712,37.5056062193
서울,ok,,센트럴시티터미널(호남),,,,,,,
서울,ok,,셀프 사진관 피움,,,,,,,
서울,ok,,셋이서 문학관,,,,,,,
서울,ok,,소 카크,,,,,,,
서울,ok,,소담 상회,,,,,,,
서울,ok,,소마 커피,,,,,,,
서울,ok,,소마미술관,소마미술관,130823,14,서울특별시 송파구 올림픽로 424 (방이동),,127.11505157122546,37.520555375396896
서울,ok,,소바 식당 성수점,소바식당,2899573,39,서울특별시 성동구 연무장7가길 6 (성수동2가),,127.05499446429141,37.54301681125989
서울,ok,,소바 연구소,소바연구소,2828401,39,서울특별시 서대문구 명물길 50-9,,126.939453254545,37.5587749428272
서울,ok,,소바의 온도,,,,,,,
서울,ok,,소설 한 남,소설한남,2851166,39,서울특별시 용산구 한남대로20길 21-18 (한남동),B동 지하1층,127.00913047709787,37.53520602645281
서울,ok,,소프트나,,,,,,,
서울,ok,,소하 염전,,,,,,,
서울,ok,,소하 염전 연남,,,,,,,
서울,ok,,손기정문화 도서관,손기정문화도서관,2904906,14,서울특별시 중구 손기정로 101-3 손기정공원,,126.9645531466,37.5559746682
서울,ok,,솔 솥 교대역점,,,,,,,
서울,ok,,솔 솥 성수점,,,,,,,
서울,ok,,솔비 2호점,,,,,,,
서울,ok,,솔트 24,,,,,,,
서울,ok,,송리단길,송리단길,2994877,12,서울특별시 송파구 백제고분로43길 23,,127.1082358354,37.5091382462
서울,ok,,송리단길,올리브영 송리단길점,4009138,38,서울특별시 송파구 백제고분로 425 (송파동),1층,127.111100581967,37.5091577980639
서울,ok,,송은,송은,2782156,14,서울특별시 강남구 도산대로 441 (청담동),,127.0441206423,37.5241627892
서울,ok,,솥뚜껑 오겹살,,,,,,,
서울,ok,,수 노래연습장 럭셔리 홍대점,,,,,,,
서울,ok,,수나 코 2호점,,,,,,,
서울,ok,,수나 코 3호점,,,,,,,
서울,ok,,수림 식당 홍대점,,,,,,,
서울,ok,,수서역,올리브영 수서역점,4008148,38,서울특별시 강남구 밤고개로1길 10 (수서동),,127.101844450006,37.4880244867416
서울,ok,,수정 어린이 공원,,,,,,,
서울,ok,,수티 더 현대 서울점,,,,,,,
서울,ok,,순금이 떡볶이,,,,,,,
서울,ok,,순라 길이 비,,,,,,,
서울,ok,,순라길,서순라길,3019162,12,서울특별시 종로구 종로 150-3 (종로3가),,126.9942167014,37.5704207437
서울,ok,,순라길,순라길 예 & 비비,1968826,39,서울특별시 종로구 서순라길 55,,126.9929917413,37.5729509832
서울,ok,,술생 술사,,,,,,,
서울,ok,,숨 쉬는 순두부 타임스퀘어점,,,,,,,
서울,ok,,숨은 꼬치,,,,,,,
서울,ok,,숭례문,서울의 대문 숭례문과 그 주변의 사람들을 찾아,1951225,25,,,126.9752992762,37.5599855058
서울,ok,,숭례문,숭례문,128162,12,서울특별시 중구 세종대로 40,,126.9752992762,37.5599855058
서울,ok,,숭례문,숭례문(남대문) 수입상가,1013079,38,서울특별시 중구 남대문시장4길 21 (남창동),,126.9776685255,37.5592411902
서울,ok,,숭례문,2026 숭례문 파수의식,3107059,15,서울특별시 중구 세종대로 40 (남대문로4가),,126.97536090852309,37.55992837962214
서울,ok,,숯불 돼지갈비 마포집,,,,,,,
서울,ok,,숲속 한방 랜드 본점,,,,,,,
서울,ok,,쉐이크쉑 강남점,,,,,,,
서울,ok,,쉐이크쉑 두타점,,,,,,,
서울,ok,,쉐이크쉑 홍대점,,,,,,,
서울,ok,,슈퍼 방귀 홍대점,,,,,,,
서울,ok,,슈퍼 후퍼 버거 강남점,,,,,,,
서울,ok,,슈퍼도 퍼 강남점,,,,,,,
서울,ok,,스시 라온,,,,,,,
서울,ok,,스시 오오 모토,스시오오모토,2899461,39,서울특별시 성동구 상원1길 39-1 (성수동1가),,127.0468597907,37.5470327407
서울,ok,,스시 이소,,,,,,,
서울,ok,,스즈란 테이 이촌점,스즈란테이,2856474,39,"서울특별시 용산구 이촌로 245 (이촌동, 로얄상가)",,126.9744421514,37.5200012472
서울,ok,,스카프,,,,,,,
서울,ok,,스쿨푸드 롯데월드점,,,,,,,
서울,ok,,스퀘어 성수,,,,,,,
서울,ok,,스타벅스 강남 2점,,,,,,,
서울,ok,,스타벅스 광화문 D타워점,,,,,,,
서울,ok,,스타벅스 광화문점,,,,,,,
서울,ok,,스타벅스 더 북한산점,,,,,,,
서울,ok,,스타벅스 동대문디자인플라자점,,,,,,,
서울,ok,,스타벅스 뚝섬역,,,,,,,
서울,ok,,스타벅스 마로니에공원점,,,,,,,
서울,ok,,스타벅스 명동 입구점,,,,,,,
서울,ok,,스타벅스 몽촌토성역점,,,,,,,
서울,ok,,스타벅스 반포자이점,,,,,,,
서울,ok,,스타벅스 북촌로점,,,,,,,
서울,ok,,스타벅스 삼성역 섬유센터 R 점,,,,,,,
서울,ok,,스타벅스 새문안로점,,,,,,,
서울,ok,,스타벅스 서소문로점,,,,,,,
서울,ok,,스타벅스 서울타워점,,,,,,,
서울,ok,,스타벅스 석촌호수점,,,,,,,
서울,ok,,스타벅스 성대 입구점,,,,,,,
서울,ok,,스타벅스 성수역점,,,,,,,
서울,ok,,스타벅스 수서역 사거리점,,,,,,,
서울,ok,,스타벅스 신사역 성일빌딩점,,,,,,,
서울,ok,,스타벅스 신세계 타임스퀘어 1F 점,,,,,,,
서울,ok,,스타벅스 아크로 힐스 논현점,,,,,,,
서울,ok,,스타벅스 안국점,,,,,,,
서울,ok,,스타벅스 올림픽 아파트 점,,,,,,,
서울,ok,,스타벅스 올림픽 평화 의문점,,,,,,,
서울,ok,,스타벅스 용산 해링턴 스퀘어점,,,,,,,
서울,ok,,스타벅스 잠실 시그마타워 점,,,,,,,
서울,ok,,스타벅스 종각점,,,,,,,
서울,ok,,스타벅스 종로 3가 점,,,,,,,
서울,ok,,스타벅스 종로 R 점,,,,,,,
서울,ok,,스타벅스 종로구청점,,,,,,,
서울,ok,,스타벅스 합정 폴리스 R점,,,,,,,
서울,ok,,스타벅스 홍대 삼거리점,,,,,,,
서울,ok,,스타벅스 홍대입구역 사거리 R 점,,,,,,,
서울,ok,,스타벅스 환구단점,,,,,,,
서울,ok,,스타필드 코엑스몰,골드젬 스타필드 코엑스몰점,2924668,38,서울특별시 강남구 영동대로 513 (삼성동),B1층,127.059159043842,37.5118239121138
서울,ok,,스타필드 코엑스몰,나이키 스타필드 코엑스몰점,4011443,38,서울특별시 강남구 영동대로 513 (삼성동),B1층,127.059159043842,37.5118239121138
서울,ok,,스타필드 코엑스몰,내셔널지오그래픽 스타필드 코엑스몰점,2929487,38,서울특별시 강남구 영동대로 513 (삼성동),B1층,127.059159043842,37.5118239121138
서울,ok,,스타필드 코엑스몰,노스페이스 스타필드 코엑스몰점,4011597,38,서울특별시 강남구 영동대로 513 (삼성동),B1층,127.059159043842,37.5118239121138
서울,ok,,스타필드 코엑스몰,뉴에라 스타필드 코엑스몰점,2915202,38,서울특별시 강남구 영동대로 513 (삼성동),B1층,127.059159043842,37.5118239121138
서울,ok,,스타필드 코엑스몰,닥터마틴 스타필드 코엑스몰점,2924674,38,서울특별시 강남구 영동대로 513 (삼성동),B1층,127.059159043842,37.5118239121138
서울,ok,,스타필드 코엑스몰,디자인스킨 스타필드 코엑스몰점,2902579,38,서울특별시 강남구 영동대로 513 (삼성동),,127.059159043842,37.5118239121138
서울,ok,,스타필드 코엑스몰,라미 스타필드 코엑스몰점,4011611,38,서울특별시 강남구 영동대로 513 (삼성동),B1층,127.059159043842,37.5118239121138
서울,ok,,스타필드 코엑스몰,러쉬 스타필드 코엑스몰점,2915158,38,서울특별시 강남구 영동대로 513 (삼성동),B1층,127.059159043842,37.5118239121138
서울,ok,,스타필드 코엑스몰,럭키슈에뜨 스타필드 코엑스몰점,2924678,38,서울특별시 강남구 영동대로 513 (삼성동),B1층,127.059159043842,37.5118239121138
서울,ok,,스타필드 코엑스몰,리바이스 스타필드 코엑스몰점,3306580,38,서울특별시 강남구 영동대로 513 (삼성동),B1층,127.059159043842,37.5118239121138
서울,ok,,스타필드 코엑스몰,리베 스타필드 코엑스몰점,2895217,38,서울특별시 강남구 영동대로 513 (삼성동),B1층,127.059159043842,37.5118239121138
서울,ok,,스타필드 코엑스몰,리복 스타필드 코엑스몰점,2927114,38,서울특별시 강남구 영동대로 513 (삼성동),B1층,127.059159043842,37.5118239121138
서울,ok,,스타필드 코엑스몰,링코 스타필드 코엑스몰점,2900859,38,서울특별시 강남구 영동대로 513 (삼성동),1층,127.059159043842,37.5118239121138
서울,ok,,스타필드 코엑스몰,마시모두띠 스타필드 코엑스몰점,2903061,38,서울특별시 강남구 봉은사로 524 (삼성동),B1층,127.057115600619,37.5129534255276
서울,ok,,스타필드 코엑스몰,만다리나덕 스타필드 코엑스몰점,4011612,38,서울특별시 강남구 영동대로 513 (삼성동),B1층,127.059159043842,37.5118239121138
서울,ok,,스타필드 코엑스몰,미니골드 스타필드 코엑스몰점,4011631,38,서울특별시 강남구 영동대로 513 (삼성동),B1층,127.059159043842,37.5118239121138
서울,ok,,스타필드 코엑스몰,미샤플러스 스타필드 코엑스몰점,2915275,38,서울특별시 강남구 영동대로 513 (삼성동),B1층,127.059159043842,37.5118239121138
서울,ok,,스타필드 코엑스몰,버터 스타필드 코엑스몰점,2901420,38,서울특별시 강남구 영동대로 513 (삼성동),B1층,127.059159043842,37.5118239121138
서울,ok,,스타필드 코엑스몰,비비안 스타필드 코엑스몰점,2905522,38,서울특별시 강남구 영동대로 513 (삼성동),,127.059159043842,37.5118239121138
서울,ok,,스탐티쉬,,,,,,,
서울,ok,,스탠드 오일 성수 플래그십 스토어,,,,,,,
서울,ok,,스토리웨이 용산 전철역점,,,,,,,
서울,ok,,스투시 서울,,,,,,,
서울,ok,,스튜디오 25,,,,,,,
서울,ok,,스튜디오 더 슈트,,,,,,,
서울,ok,,스틸 북스 회현점,,,,,,,
서울,ok,,스페이스 원,스페이스 원지(onez),3559064,39,부산광역시 영도구 봉래나루로 214 (봉래동2가),,129.04470405374198,35.09637903707987
서울,ok,,스페이스 윌리 앤 딜링,,,,,,,
서울,ok,,스포츠 36플레이,,,,,,,
서울,ok,,승부 라멘 수서역점,,,,,,,
서울,ok,,승진 완구,,,,,,,
서울,ok,,시가 노이에,,,,,,,
서울,ok,,시골막국수,시골막국수,134089,39,강원특별자치도 춘천시 신북읍 율문길 100,,127.748646945043,37.9246257903067
서울,ok,,시티 극동아파트,,,,,,,
서울,ok,,시현하다 프레임 대학로점,,,,,,,
서울,ok,,식물,가야산 야생화식물원,129212,12,경상북도 성주군 수륜면 가야산식물원길 49,,128.141834124058,35.8030833654114
서울,ok,,식물,거제식물원,2648073,12,경상남도 거제시 거제면 거제남서로 3595,,128.578124399041,34.8567865965515
서울,ok,,식물,고운식물원,127852,12,충청남도 청양군 청양읍 식물원길 398-23,,126.7618432875,36.4362623958
서울,ok,,식물,광명의 종합문화공간과 식물원에서 꽃구경하기,2514016,25,,,126.8452970759,37.4668801110
서울,ok,,식물,구례군 농업기술센터 식물표본전시관,3014532,14,전남광주통합특별시 구례군 구례읍 동산1길 29,,127.46056967602259,35.19704583466789
서울,ok,,식물,국립DMZ자생식물원,3547593,12,강원특별자치도 양구군 해안면 펀치볼로 916-70,,128.11281623115318,38.25340773681371
서울,ok,,식물,국립중앙박물관 전통염료식물원,1604580,12,서울특별시 용산구 서빙고로 137 (용산동6가),,126.9791278024,37.5211706397
서울,ok,,식물,국립한국자생식물원,127901,12,강원특별자치도 평창군 대관령면 비안길 150-3,,128.6149990499,37.7069461800
서울,ok,,식물,금강로하스 대청공원 (암석식물원),2790930,12,대전광역시 대덕구 미호동,57,127.4726180019,36.4714477773
서울,ok,,식물,금강식물원,128830,12,부산광역시 금정구 장전동 산 43-1,,129.0770632920,35.2264763727
서울,ok,,식물,기청산식물원,2001706,12,경상북도 포항시 북구 청하면 청하로175번길 50,,129.33087782146808,36.19555355326099
서울,ok,,식물,남산 야외식물원,1603482,12,서울특별시 용산구 이태원동,259-16,126.9949,37.5426
서울,ok,,식물,다화림식물원&치유정원,3018956,12,전남광주통합특별시 담양군 대전면 추성1로 419-150,,126.89780289472253,35.29620453221779
서울,ok,,식물,동천자연식물원,2732160,12,경기도 용인시 수지구 동천로 233,(동천동),127.0794516354,37.3374493082
서울,ok,,식물,레인보우식물원,3075146,12,충청북도 영동군 영동읍 영동힐링로 241-42,,127.7898216044046,36.1623712379346
서울,ok,,식물,민병갈 식물도서관,3056730,14,충청남도 태안군 소원면 천리포1길 234-5,,126.1519170331,36.8028227426
서울,ok,,식물,바오밥식물원,2740965,39,경기도 화성시 매송면 매송고색로395번길 11,,126.9485938857,37.2447410436
서울,ok,,식물,부천식물원,407030,12,경기도 부천시 원미구 길주로 660 (춘의동),,126.8156736899,37.5056250825
서울,ok,,식물,부천호수식물원 수피아,3075271,12,경기도 부천시 조마루로 15 (상동),,126.746512,37.505557
서울,ok,,식물,서울숲 곤충식물원,3442142,12,서울특별시 성동구 뚝섬로 273 (성수동1가),,127.0418131384,37.5431247707
서울,ok,,신논현역 9호선,,,,,,,
서울,ok,,신논현역 신분당선,,,,,,,
서울,ok,,신도림역 2호선,,,,,,,
서울,ok,,신동방 주유소,,,,,,,
서울,ok,,신라스테이 광화문,,,,,,,
서울,ok,,신문 플래그십스토어 도산,,,,,,,
서울,ok,,신사도 소리,,,,,,,
서울,ok,,신세계 면세점 명동점,,,,,,,
서울,ok,,신세계 센트럴시티,,,,,,,
서울,ok,,신세계백화점 강남점,갤럭시 신세계백화점 강남점,2922392,38,서울특별시 서초구 신반포로 176 (반포동),7층,127.002413006799,37.5039351769908
서울,ok,,신세계백화점 강남점,겐조키즈 신세계백화점 강남점,2928856,38,서울특별시 서초구 신반포로 176 (반포동),,127.002413006799,37.5039351769908
서울,ok,,신세계백화점 강남점,고야드 신세계백화점 강남점,2906689,38,서울특별시 서초구 신반포로 176 (반포동),2층,127.002413006799,37.5039351769908
서울,ok,,신세계백화점 강남점,골든듀 신세계백화점 강남점,4025684,38,서울특별시 서초구 신반포로 176 (반포동),3층,127.002413006799,37.5039351769908
서울,ok,,신세계백화점 강남점,구찌 남성 신세계백화점 강남점,2911911,38,서울특별시 서초구 신반포로 176 (반포동),,127.002413006799,37.5039351769908
서울,ok,,신세계백화점 강남점,구찌 여성 신세계백화점 강남점,2907617,38,서울특별시 서초구 신반포로 176 (반포동),2층,127.002413006799,37.5039351769908
서울,ok,,신세계백화점 강남점,그라프 신세계백화점 강남점,4025672,38,서울특별시 서초구 신반포로 176 (반포동),2층,127.002413006799,37.5039351769908
서울,ok,,신세계백화점 강남점,금강 신세계백화점 강남점,2905998,38,서울특별시 서초구 신반포로 176 (반포동),4층,127.002413006799,37.5039351769908
서울,ok,,신세계백화점 강남점,까르띠에 신세계백화점 강남점,2908498,38,서울특별시 서초구 신반포로 176 (반포동),2층,127.002413006799,37.5039351769908
서울,ok,,신세계백화점 강남점,끌로에 신세계백화점 강남점,4025685,38,서울특별시 서초구 신반포로 176 (반포동),3층,127.002413006799,37.5039351769908
서울,ok,,신세계백화점 강남점,나인 엔터식스 신세계백화점 강남점,2910586,38,서울특별시 서초구 신반포로 176 (반포동),,127.002413006799,37.5039351769908
서울,ok,,신세계백화점 강남점,다미아니 신세계백화점 강남점,2902971,38,서울특별시 서초구 신반포로 176 (반포동),3층,127.002413006799,37.5039351769908
서울,ok,,신세계백화점 강남점,다이아미 신세계백화점 강남점,4013055,38,서울특별시 서초구 신반포로 176 (반포동),3층,127.002413006799,37.5039351769908
서울,ok,,신세계백화점 강남점,닥스남성 신세계백화점 강남점,2930692,38,서울특별시 서초구 신반포로 176 (반포동),7층,127.002413006799,37.5039351769908
서울,ok,,신세계백화점 강남점,디올 신세계백화점 강남점,2930093,38,서울특별시 서초구 신반포로 176 (반포동),2층,127.002413006799,37.5039351769908
서울,ok,,신세계백화점 강남점,디올 여성 신세계백화점 강남점,4013073,38,서울특별시 서초구 신반포로 176 (반포동),2층,127.002413006799,37.5039351769908
서울,ok,,신세계백화점 강남점,라르디니 신세계백화점 강남점,4013057,38,서울특별시 서초구 신반포로 176 (반포동),6층,127.002413006799,37.5039351769908
서울,ok,,신세계백화점 강남점,라이카 스토어 신세계백화점 강남점,4013059,38,서울특별시 서초구 신반포로 176 (반포동),6층,127.002413006799,37.5039351769908
서울,ok,,신세계백화점 강남점,랑에운트죄네 신세계백화점 강남점,4013064,38,서울특별시 서초구 신반포로 176 (반포동),3층,127.002413006799,37.5039351769908
서울,ok,,신세계백화점 강남점,레쿠 신세계백화점 강남점,2931783,38,서울특별시 서초구 신반포로 176 (반포동),1층,127.002413006799,37.5039351769908
서울,ok,,신세계백화점 본점,갤럭시 신세계백화점 본점,2918461,38,서울특별시 중구 소공로 63 (충무로1가),5층,126.980979034083,37.560919019936
서울,ok,,신세계백화점 본점,골든듀 신세계백화점 본점,2931431,38,서울특별시 중구 소공로 63 (충무로1가),,126.980979034083,37.560919019936
서울,ok,,신세계백화점 본점,구찌 남성 신세계백화점 본점,2900743,38,서울특별시 중구 퇴계로 77 (충무로1가),,126.980823104019,37.5603438884295
서울,ok,,신세계백화점 본점,구찌 신세계백화점 본점,2907426,38,서울특별시 중구 퇴계로 77 (충무로1가),1층,126.980823104019,37.5603438884295
서울,ok,,신세계백화점 본점,금강제화 신세계백화점 본점,2906156,38,서울특별시 중구 소공로 63 (충무로1가),6층,126.980979034083,37.560919019936
서울,ok,,신세계백화점 본점,다미아니 신세계백화점 본점,2914102,38,서울특별시 중구 소공로 63 (충무로1가),2층,126.980979034083,37.560919019936
서울,ok,,신세계백화점 본점,델보 신세계백화점 본점,4012834,38,서울특별시 중구 퇴계로 77 (충무로1가),1층,126.980823104019,37.5603438884295
서울,ok,,신세계백화점 본점,듀퐁슈즈 신세계백화점 본점,2894278,38,서울특별시 중구 소공로 63 (충무로1가),6층,126.980979034083,37.560919019936
서울,ok,,신세계백화점 본점,디올 남성 신세계백화점 본점,4012788,38,서울특별시 중구 소공로 63 (충무로1가),6층,126.980979034083,37.560919019936
서울,ok,,신세계백화점 본점,디올핸드백 신세계백화점 본점,2901532,38,서울특별시 중구 소공로 63 (충무로1가),1층,126.980979034083,37.560919019936
서울,ok,,신세계백화점 본점,라이카 스토어 신세계백화점 본점,2925735,38,서울특별시 중구 소공로 63 (충무로1가),6층,126.980979034083,37.560919019936
서울,ok,,신세계백화점 본점,로저비비에 신세계백화점 본점,4012785,38,서울특별시 중구 소공로 63 (충무로1가),2층,126.980979034083,37.560919019936
서울,ok,,신세계백화점 본점,롤렉스 신세계백화점 본점,2911467,38,서울특별시 중구 소공로 63 (충무로1가),1층,126.980979034083,37.560919019936
서울,ok,,신세계백화점 본점,루이비통 신세계백화점 본점,2907525,38,서울특별시 중구 소공로 63 (충무로1가),,126.980979034083,37.560919019936
서울,ok,,신세계백화점 본점,반클리프아펠 신세계백화점 본점,2908405,38,서울특별시 중구 소공로 63 (충무로1가),1층,126.980979034083,37.560919019936
서울,ok,,신세계백화점 본점,발렌시아가 신세계백화점 본점,2916058,38,서울특별시 중구 소공로 63 (충무로1가),9층,126.980979034083,37.560919019936
서울,ok,,신세계백화점 본점,발렌티노 남성 신세계백화점 본점,2924529,38,서울특별시 중구 퇴계로 77 (충무로1가),6층,126.980823104019,37.5603438884295
서울,ok,,신세계백화점 본점,발렌티노 신세계백화점 본점,2924476,38,서울특별시 중구 소공로 63 (충무로1가),2층,126.980979034083,37.560919019936
서울,ok,,신세계백화점 본점,버버리 신세계백화점 본점,2909120,38,서울특별시 중구 퇴계로 77 (충무로1가),2층,126.980823104019,37.5603438884295
서울,ok,,신세계백화점 본점,버버리맨즈 신세계백화점 본점,4012833,38,서울특별시 중구 퇴계로 77 (충무로1가),6층,126.980823104019,37.5603438884295
서울,ok,,신세계백화점 타임스퀘어점,골든듀 신세계백화점 타임스퀘어점,2910574,38,서울특별시 영등포구 영중로 9 (영등포동4가),1층,126.905567071705,37.5171899712591
서울,ok,,신세계백화점 타임스퀘어점,구찌 신세계백화점 타임스퀘어점,2910708,38,서울특별시 영등포구 영중로 9 (영등포동4가),1층,126.905567071705,37.5171899712591
서울,ok,,신세계백화점 타임스퀘어점,구호 신세계백화점 타임스퀘어점,3306224,38,서울특별시 영등포구 영중로 9 (영등포동4가),3층,126.905567071705,37.5171899712591
서울,ok,,신세계백화점 타임스퀘어점,까르띠에 신세계백화점 타임스퀘어점,2910646,38,서울특별시 영등포구 영중로 9 (영등포동4가),1층,126.905567071705,37.5171899712591
서울,ok,,신세계백화점 타임스퀘어점,나이키 신세계백화점 타임스퀘어점,3307169,38,서울특별시 영등포구 영중로 9 (영등포동4가),6층,126.905567071705,37.5171899712591
서울,ok,,신세계백화점 타임스퀘어점,나이키스윔 신세계백화점 타임스퀘어점,3306280,38,서울특별시 영등포구 영중로 9 (영등포동4가),6층,126.905567071705,37.5171899712591
서울,ok,,신세계백화점 타임스퀘어점,내셔널지오그래픽 신세계백화점 타임스퀘어점,2926692,38,서울특별시 영등포구 영중로 9 (영등포동4가),7층,126.905567071705,37.5171899712591
서울,ok,,신세계백화점 타임스퀘어점,노스페이스 신세계백화점 타임스퀘어점,3305388,38,서울특별시 영등포구 영중로 9 (영등포동4가),7층,126.905567071705,37.5171899712591
서울,ok,,신세계백화점 타임스퀘어점,다미아니 신세계백화점 타임스퀘어점,4012622,38,서울특별시 영등포구 영중로 15 (영등포동4가),1층,126.903715993779,37.5172332566615
서울,ok,,신세계백화점 타임스퀘어점,데상트 신세계백화점 타임스퀘어점,3306734,38,서울특별시 영등포구 영중로 9 (영등포동4가),,126.905567071705,37.5171899712591
서울,ok,,신세계백화점 타임스퀘어점,디스커버리키즈 신세계백화점 타임스퀘어점,3306456,38,서울특별시 영등포구 영중로 9 (영등포동4가),8층,126.905567071705,37.5171899712591
서울,ok,,신세계백화점 타임스퀘어점,디올코스메틱 신세계백화점 타임스퀘어점,2926676,38,서울특별시 영등포구 영중로 9 (영등포동4가),1층,126.905567071705,37.5171899712591
서울,ok,,신세계백화점 타임스퀘어점,랄프로렌칠드런 신세계백화점 타임스퀘어점,3305549,38,서울특별시 영등포구 영중로 9 (영등포동4가),8층,126.905567071705,37.5171899712591
서울,ok,,신세계백화점 타임스퀘어점,랑콤 신세계백화점 타임스퀘어점,3306724,38,서울특별시 영등포구 영중로 9 (영등포동4가),1층,126.905567071705,37.5171899712591
서울,ok,,신세계백화점 타임스퀘어점,로에베 신세계백화점 타임스퀘어점,4027178,38,서울특별시 영등포구 영중로 9 (영등포동4가),1층,126.905567071705,37.5171899712591
서울,ok,,신세계백화점 타임스퀘어점,루이비통 신세계백화점 타임스퀘어점,2906166,38,서울특별시 영등포구 영중로 9 (영등포동4가),1층,126.905567071705,37.5171899712591
서울,ok,,신세계백화점 타임스퀘어점,르베이지 신세계백화점 타임스퀘어점,3307520,38,서울특별시 영등포구 영중로 9 (영등포동4가),3층,126.905567071705,37.5171899712591
서울,ok,,신세계백화점 타임스퀘어점,리틀그라운드 신세계백화점 타임스퀘어점,3306001,38,서울특별시 영등포구 영중로 9 (영등포동4가),8층,126.905567071705,37.5171899712591
서울,ok,,신세계백화점 타임스퀘어점,말본골프 신세계백화점 타임스퀘어점,3305382,38,서울특별시 영등포구 영중로 9 (영등포동4가),7층,126.905567071705,37.5171899712591
서울,ok,,신세계백화점 타임스퀘어점,몽블랑 신세계백화점 타임스퀘어점,4012630,38,서울특별시 영등포구 영중로 9 (영등포동4가),1층,126.905567071705,37.5171899712591
서울,ok,,신용산역 4호선,,,,,,,
서울,ok,,신촌역 2호선,,,,,,,
서울,ok,,심재,남원몽심재,250460,12,전북특별자치도 남원시 수지면 내호곡2길 19,,127.3747457211,35.3379944423
서울,ok,,쌈지길,쌈지길,128553,12,서울특별시 종로구 인사동길 44 (관훈동),,126.9848674428,37.5743062352
서울,ok,,쌈지길,쌈지길[면세점(TAX REFUND SHOP)],4054309,38,서울특별시 종로구 인사동길 44 (관훈동),,126.984876575201,37.5742647725946
서울,ok,,쌈지길,하이드앤시크 쌈지길점,3413162,12,서울특별시 종로구 인사동길 44 (관훈동),,126.98485145131795,37.57425198901539
서울,ok,,쌍룡 갈비,,,,,,,
서울,ok,,쌥이리,,,,,,,
서울,ok,,써브웨이 종로점,,,,,,,
서울,ok,,쎈느,,,,,,,
서울,ok,,씨스루 홍대연 난점,,,,,,,
서울,ok,,아그라 잠실 에비뉴엘 점,,,,,,,
서울,ok,,아담 집 별관,,,,,,,
서울,ok,,아라아트센터,,,,,,,
서울,ok,,아루또 소극장,,,,,,,
서울,ok,,아르코미술관,아르코미술관,130403,14,서울특별시 종로구 동숭길 3 아르코 미술관,,127.0025212349,37.5797531420
서울,ok,,아모레퍼시픽그룹 본사,,,,,,,
서울,ok,,아미당 용산점,,,,,,,
서울,ok,,아베베 베이커리 서울점,,,,,,,
서울,ok,,아비코 타임스퀘어점,,,,,,,
서울,ok,,아스카 헤어 홍대점,,,,,,,
서울,ok,,아오바,아오바바,3369976,39,충청북도 제천시 덕산면 약초로3안길 9,아오바바,128.1674467590374,36.90844670812125
서울,ok,,아우라,아우라 비즈니스 호텔,2701047,32,전남광주통합특별시 광산구 송정로1번길 28,,126.7928792870,35.1382942146
서울,ok,,아우라,아우라 호텔,2861318,32,경기도 안산시 상록구 양지편로 10 (이동),,126.8489076625,37.3078991857
서울,ok,,아우라,아우라지,125777,12,강원특별자치도 정선군 여량면 아우라지길 69,,128.7239605150,37.4757768388
서울,ok,,아우라,아우라지,2768176,39,인천광역시 부평구 장제로 346,(삼산동),126.732577426305,37.5163986198666
서울,ok,,아우라,아우라지 글램핑,2743792,28,강원특별자치도 정선군 여량면 노추산로 520,,128.7126046110,37.5091181445
서울,ok,,아우라,아우라지선착장,3036538,12,강원특별자치도 정선군 여량면 아우라지길 78,,128.7258877667,37.4755861584
서울,ok,,아우라,카페 아우라,2852946,39,경기도 가평군 유명로 2312 리버랜드모텔,,127.4497184971,37.7078324900
서울,ok,,아우라,포천 아우라지 베개용암 (한탄강 유네스코 세계지질공원),2569473,12,경기도 포천시 창수면 신흥리,산209-1,127.1175224375,38.0417791684
서울,ok,,아우어 베이커리 롯데 잠실점,,,,,,,
서울,ok,,아우어 베이커리 용산 아이파크몰점,,,,,,,
서울,ok,,아웃백 스테이크하우스 공항점,,,,,,,
서울,ok,,아웃백 스테이크하우스 광화문 D 타워 점,,,,,,,
서울,ok,,아웃백 스테이크하우스 광화문 D 타워점,,,,,,,
서울,ok,,아이엠 베이글 여의도점,,,,,,,
서울,ok,,아이파크몰 용산점,나이키 아이파크몰 용산점,4027221,38,서울특별시 용산구 한강대로23길 55 (한강로3가),6층,126.964741503485,37.5297718014452
서울,ok,,아이파크몰 용산점,나이키골프 아이파크몰 용산점,2902648,38,서울특별시 용산구 한강대로23길 55 (한강로3가),5층,126.964741503485,37.5297718014452
서울,ok,,아이파크몰 용산점,니콘샵 디지털청풍 아이파크몰 용산점,4027216,38,서울특별시 용산구 한강대로23길 55 (한강로3가),3층,126.964741503485,37.5297718014452
서울,ok,,아이파크몰 용산점,다이소 아이파크몰 용산점,4027223,38,서울특별시 용산구 한강대로23길 55 (한강로3가),B1층,126.964741503485,37.5297718014452
서울,ok,,아이파크몰 용산점,닥스종합관 아이파크몰 용산점,4027220,38,서울특별시 용산구 한강대로23길 55 (한강로3가),5층,126.964741503485,37.5297718014452
서울,ok,,아이파크몰 용산점,닥터마틴 아이파크몰 용산점,4027222,38,서울특별시 용산구 한강대로23길 55 (한강로3가),6층,126.964741503485,37.5297718014452
서울,ok,,아이파크몰 용산점,롯데하이마트 아이파크몰 용산점,4027218,38,서울특별시 용산구 한강대로23길 55 (한강로3가),4층,126.964741503485,37.5297718014452
서울,ok,,아이파크몰 용산점,마시모두띠 아이파크몰 용산점,4027217,38,서울특별시 용산구 한강대로23길 55 (한강로3가),3층,126.964741503485,37.5297718014452
서울,ok,,아이파크몰 용산점,시코르 아이파크몰 용산점,3306348,38,서울특별시 용산구 한강대로23길 55 (한강로3가),3층,126.964741503485,37.5297718014452
서울,ok,,아이파크몰 용산점,아르켓 아이파크몰 용산점,4012670,38,서울특별시 용산구 한강대로23길 55 (한강로3가),3층,126.964741503485,37.5297718014452
서울,ok,,아이파크몰 용산점,아이파크몰 용산점,688998,38,서울특별시 용산구 한강대로23길 55,,126.9648349367,37.5297983781
서울,ok,,아이파크몰 용산점,아이파크몰 용산점,2929516,38,서울특별시 용산구 한강대로23길 55 (한강로3가),,126.964741503485,37.5297718014452
서울,ok,,아이파크몰 용산점,올리브영 아이파크몰 용산점,3306656,38,서울특별시 용산구 한강대로23길 55 (한강로3가),4층,126.964741503485,37.5297718014452
서울,ok,,아이파크몰 용산점,유니클로 용산 아이파크몰 용산점,2930902,38,서울특별시 용산구 한강대로23길 55 (한강로3가),2층,126.964741503485,37.5297718014452
서울,ok,,아이파크몰 용산점,챔피언1250X 아이파크몰 용산점,2545035,12,서울특별시 용산구 한강대로23길 55 (한강로3가),아이파크몰 리빙파크 6층,126.9647566449,37.5298249324
서울,ok,,아이파크몰 용산점,한국금거래소 아이파크몰 용산점,4009434,38,서울특별시 용산구 한강대로23길 55 (한강로3가),5층,126.964741503485,37.5297718014452
서울,ok,,아이파크몰 용산점,ABC마트 GS 아이파크몰 용산점,4027219,38,서울특별시 용산구 한강대로23길 55 (한강로3가),5층,126.964741503485,37.5297718014452
서울,ok,,아이파크몰 용산점,LAP 아이파크몰 용산점,2927355,38,서울특별시 용산구 한강대로23길 55 (한강로3가),,126.964741503485,37.5297718014452
서울,ok,,아이파크몰 용산점,MUJI 아이파크몰 용산점,2930831,38,서울특별시 용산구 한강대로23길 55 (한강로3가),6층,126.964741503485,37.5297718014452
서울,ok,,아이파크몰 용산점,ZARA 아이파크몰 용산점,2910618,38,서울특별시 용산구 한강대로23길 55 (한강로3가),,126.964741503485,37.5297718014452
서울,ok,,아크엔 북 신촌점,,,,,,,
서울,ok,,아키비스트,아키비스트 서촌,2848050,39,서울특별시 종로구 효자로13길 52 (효자동),,126.9726933268,37.5822717581
서울,ok,,아트 몬,,,,,,,
서울,ok,,아트 원 시어터 1관,,,,,,,
서울,ok,,아트박스 가로수길점,아트박스 가로수길점,2905448,38,서울특별시 강남구 도산대로 139 (신사동),제이타워 B1층,127.02371365338,37.5182465379004
서울,ok,,아트박스 이대점,,,,,,,
서울,ok,,아트팰리스,,,,,,,
서울,ok,,아티제 서초역점,,,,,,,
서울,ok,,아펜즈커피 서초교대역점,,,,,,,
서울,ok,,악쓰는 하마 코인노래방 가로수길점,,,,,,,
서울,ok,,악어 떡볶이,,,,,,,
서울,ok,,안국역 3호선,,,,,,,
서울,ok,,안녕 인사동,,,,,,,
서울,ok,,안산 자락길,,,,,,,
서울,ok,,알라고 석촌호수점,,,,,,,
서울,ok,,알라딘 중고서점 서울대입구역점,,,,,,,
서울,ok,,알라딘 중고서점 신촌점,,,,,,,
서울,ok,,알라딘 중고서점 종로점,,,,,,,
서울,ok,,알로이 막막,,,,,,,
서울,ok,,알베르,,,,,,,
서울,ok,,알지 비버 거(rgbburger),,,,,,,
서울,ok,,알피,,,,,,,
서울,ok,,암사동 선사유적박물관,암사동 선사유적박물관,130178,14,서울특별시 강동구 올림픽로 875 (암사동),,127.13060065465167,37.55906143476573
서울,ok,,애니 오케이션 카페,,,,,,,
서울,ok,,애니메이트 홍대점,,,,,,,
서울,ok,,애니팝 보드게임 만화카페,,,,,,,
서울,ok,,애슐리 퀸즈 잠실 롯데캐슬점,,,,,,,
서울,ok,,애정마라샹궈 본점,,,,,,,
서울,ok,,앤드 테라스 롯데백화점 김포공항점,,,,,,,
서울,ok,,앤에 커피 코엑스점,,,,,,,
서울,ok,,앤유 PC,,,,,,,
서울,ok,,앤트로 사이트 한남점,,,,,,,
서울,ok,,앤트로 사이트 합정점,,,,,,,
서울,ok,,앤티크 커피 연남점,,,,,,,
서울,ok,,앨리 스토리 커피 볶는 집,,,,,,,
서울,ok,,앰배서더 서울 풀만호텔,,,,,,,
서울,ok,,야드 서울,,,,,,,
서울,ok,,야무진,,,,,,,
서울,ok,,야보쿠시,,,,,,,
서울,ok,,야키토리 토리 키치 압구정 로데오 2호점,,,,,,,
서울,ok,,양식 구옥,,,,,,,
서울,ok,,양재 꽃 시장,,,,,,,
서울,ok,,양재역 민영 주차장,,,,,,,
서울,ok,,양평 유수지 생태공원,,,,,,,
서울,ok,,양화한강공원,양화한강공원,1059877,12,서울특별시 영등포구 노들로 221 (당산동),,126.9023658810,37.5382819489
서울,ok,,어글리 베이커리,,,,,,,
서울,ok,,어글리 퍼핏,,,,,,,
서울,ok,,어깨동무 스타리움,,,,,,,
서울,ok,,어니언 4호점,,,,,,,
서울,ok,,어니언 안국점,,,,,,,
서울,ok,,어둠 속의 대화,,,,,,,
서울,ok,,어로장,,,,,,,
서울,ok,,어린이대공원 팔각당,,,,,,,
서울,ok,,어미야,,,,,,,
서울,ok,,어반 스커트 롯데월드몰점,,,,,,,
서울,ok,,어반 플랜트 명동,,,,,,,
서울,ok,,어스 어스 서촌점,,,,,,,
서울,ok,,어썸 마운틴,,,,,,,
서울,ok,,어프로치 커피,,,,,,,
서울,ok,,언더스탠드 에비뉴,,,,,,,
서울,ok,,얼짱 사진 숍 홍대점,,,,,,,
서울,ok,,에딧 에디션,,,,,,,
서울,ok,,에머리 대학로점,,,,,,,
서울,ok,,에머리 이태원점,,,,,,,
서울,ok,,에스쁘아 연남점,,,,,,,
서울,ok,,에스알이 커피룸,,,,,,,
서울,ok,,에스프레소 바 투또톤토,,,,,,,
서울,ok,,에잇 세컨즈 가로수길점,,,,,,,
서울,ok,,에잇 세컨즈 강남대로점,,,,,,,
서울,ok,,에잇 세컨즈 스타필드 코엑스몰점,,,,,,,
서울,ok,,엔 버거,,,,,,,
서울,ok,,엔다이브 한남,,,,,,,
서울,ok,,엔드밀 성수점,,,,,,,
서울,ok,,엔터식스 상봉점,엔터식스 상봉점,2907469,38,"서울특별시 중랑구 망우로 353 (상봉동, 상봉 프레미어스 엠코)",,127.091624142481,37.5983328190955
서울,ok,,엘리스 파이,,,,,,,
서울,ok,,엠티 플레이트,,,,,,,
서울,ok,,여기 서울 149쪽,,,,,,,
서울,ok,,여의도 한강공원,,,,,,,
서울,ok,,여의도공원,여의도공원,127955,12,서울특별시 영등포구 여의공원로 68 (여의도동),,126.9222939310,37.5268578503
서울,ok,,여의도공원,여의도공원 문화의마당,2774305,12,서울특별시 영등포구 여의도동,17,126.9202136244,37.5247525022
서울,ok,,역삼 문화공원,,,,,,,
서울,ok,,역전 할머니 맥주 서울 숭실대점,,,,,,,
서울,ok,,역전 할머니 맥주 서울 신사 가로수 길 점,,,,,,,
서울,ok,,연교,새연교,879234,12,제주특별자치도 서귀포시 서홍동,,126.5596120340,33.2378293118
서울,ok,,연교,새연교 주말 문화공연 '금토금토 새연쇼',2434545,15,제주특별자치도 서귀포시 남성중로 40 (서홍동),,126.5584238742126,33.239201142544914
서울,ok,,연남 토마 강남점,,,,,,,
서울,ok,,연남 토마 김포공항 롯데점,,,,,,,
서울,ok,,연남 토마 본점,,,,,,,
서울,ok,,연세대학교 신촌캠퍼스,,,,,,,
서울,ok,,열린 송현 녹지 광장,,,,,,,
서울,ok,,열불 날개 건대 본점,,,,,,,
서울,ok,,영동 골방,,,,,,,
서울,ok,,영동교집 장안직영점,,,,,,,
서울,ok,,영등포역 지하쇼핑센터,,,,,,,
서울,ok,,영천시장,독립문영천시장,2789102,38,서울특별시 서대문구 통일로 189-1 (영천동),,126.9618613174,37.5703868337
서울,ok,,영풍문고 용산 아이파크몰점,,,,,,,
서울,ok,,영풍문고 종각 종로본점,,,,,,,
서울,ok,,영화로,부산의 가을은 영화로 들썩인다,2610457,25,,,129.0281738287,35.0983842612
서울,ok,,예그린 시어터,,,,,,,
서울,ok,,예쁨주의쁨의원 신논현점,,,,,,,
서울,ok,,예술의전당,경주예술의전당,1257271,14,경상북도 경주시 알천북로 1 (황성동),,129.2058037111,35.8617128689
서울,ok,,예술의전당,계룡문화예술의전당,1754902,14,충청남도 계룡시 문화1로 13 계룡 문화예술의 전당,,127.2341641660,36.2729690399
서울,ok,,예술의전당,골든듀 갤러리 예술의전당점,4013044,38,서울특별시 서초구 남부순환로 2406 (서초동),,127.014215239186,37.4802401962069
서울,ok,,예술의전당,광주시문화재단 광주시문화예술의전당,1732075,14,경기도 광주시 회안대로 891 (송정동),,127.2547220811,37.4269198735
서울,ok,,예술의전당,광주예술의전당,130058,14,전남광주통합특별시 북구 북문대로 60,,126.88137268887,35.1778965706209
서울,ok,,예술의전당,대전예술의전당,130553,14,대전광역시 서구 둔산대로 135,,127.383749147933,36.3665550317236
서울,ok,,예술의전당,서귀포예술의전당,3030351,14,제주특별자치도 서귀포시 태평로 270 (서홍동),,126.55079114238754,33.24633337911781
서울,ok,,예술의전당,세종예술의전당,3028068,14,세종특별자치시  국립박물관로 21 세종 예술의 전당,,127.2673831951,36.4867173758
서울,ok,,예술의전당,안동문화예술의전당,1754420,14,경상북도 안동시 축제장길 66 (안흥동),,128.7250955247,36.5594579266
서울,ok,,예술의전당,안산문화예술의전당,130556,14,경기도 안산시 단원구 화랑로 312 (고잔동),,126.8222782333,37.3212799318
서울,ok,,예술의전당,예술의전당,129747,14,서울특별시 서초구 남부순환로 2406 (서초동),,127.0134702692,37.4804843130
서울,ok,,예술의전당,완도문화예술의전당,1752704,14,전남광주통합특별시 완도군 완도읍 개포로159번길 55,,126.7416988086,34.3236644374
서울,ok,,예술의전당,의정부예술의전당,130409,14,경기도 의정부시 의정로 1 (의정부동),,127.0345167201,37.7332858581
서울,ok,,예술의전당,이발레샵 예술의전당점,4025616,38,서울특별시 서초구 반포대로 10 (서초동),신원빌딩 2층,127.012984826868,37.4816501466664
서울,ok,,예술의전당,제천예술의전당,3543603,14,충청북도 제천시 동명로 77 (명동),,128.20829986871013,37.13568720799955
서울,ok,,예술의전당,청주예술의전당,129758,14,충청북도 청주시 서원구 흥덕로 69 (사직동),,127.4720355958,36.6416199239
서울,ok,,예술의전당,화성예술의전당,4067787,14,경기도 화성시 동탄구 노작로 11-1,,127.0863793213,37.1926216062
서울,ok,,예술의전당 오페라하우스,,,,,,,
서울,ok,,예술의전당 한가람미술관,,,,,,,
서울,ok,,예스24 스테이지,,,,,,,
서울,ok,,예향,섬진강 예향천리마실길,2712761,28,전북특별자치도 순창군 적성면 강경길 76-165,,127.2011856927,35.4604248175
서울,ok,,예향,예향,2371879,39,전남광주통합특별시 강진군 강진읍 보은로3길 11-1,,126.7721191147,34.6384685621
서울,ok,,예향,예향,2683032,32,강원특별자치도 홍천군 화촌면 도광터길 208,,128.062936883016,37.7047113261218
서울,ok,,예향,예향가,4025872,38,서울특별시 종로구 인사동길 45 (관훈동),,126.984430460968,37.5741966894963
서울,ok,,예향,예향막국수,2685281,39,강원특별자치도 강릉시 공항길 12 (병산동),,128.9373405137,37.7623849064
서울,ok,,예향,예향재,2830378,39,경기도 의정부시 동일로 860-22 (녹양동),,127.0467536583,37.7623660267
서울,ok,,예향,예향펜션,2578242,32,경상남도 통영시 산양읍 논아랫개길 134-48,,128.430448486411,34.7821593578022
서울,ok,,예향,예향한정식,134277,39,전남광주통합특별시 나주시 나주천1길 79,,126.7147729170,35.0300290981
서울,ok,,오 쁘띠 베르,,,,,,,
서울,ok,,오 파트,,,,,,,
서울,ok,,오드 성수 2호점,,,,,,,
서울,ok,,오랑에뜨 22 연남점,,,,,,,
서울,ok,,오레노카츠 성수 본점,,,,,,,
서울,ok,,오레오 팝업스토어,,,,,,,
서울,ok,,오름,가마오름,1884191,12,제주특별자치도 제주시 한경면 청수리,1205,126.2466098987,33.3057279944
서울,ok,,오름,가문이오름(감은이오름),1884505,12,제주특별자치도 서귀포시 표선면 가시리,,126.6876111209,33.4018299117
서울,ok,,오름,가새기오름,1884521,12,제주특별자치도 제주시 오라삼동,2848,126.5038611983,33.4893700755
서울,ok,,오름,가세오름,1885746,12,제주특별자치도 서귀포시 표선면 녹산로 554,,126.7231832338,33.3931758821
서울,ok,,오름,가시오름,1885754,12,제주특별자치도 서귀포시 대정읍 하모이삼로21번길 1,,126.2500169782,33.2236315617
서울,ok,,오름,각시바위오름,1887368,12,제주특별자치도 서귀포시 호근동,2124,126.5259918298,33.2777271543
서울,ok,,오름,감낭오름,1887493,12,제주특별자치도 서귀포시 안덕면 동광리,산41,126.3497088457,33.3250274801
서울,ok,,오름,갑선이오름,1887866,12,제주특별자치도 서귀포시 표선면 가시리,,126.7818122232,33.3608276172
서울,ok,,오름,개오름,1887873,12,제주특별자치도 서귀포시 표선면 성읍이리로57번길 162,,126.7682286281,33.4238621040
서울,ok,,오름,개오리오름,1889809,12,제주특별자치도 제주시 봉개동,,126.6125115262,33.4262287923
서울,ok,,오름,갯거리오름,1889833,12,제주특별자치도 서귀포시 대포동,,126.4578470138,33.3101086116
서울,ok,,오름,거문오름,636266,12,제주특별자치도 제주시 조천읍 선교로 569-36,,126.7179000000,33.4547000000
서울,ok,,오름,거슨새미오름,1918646,12,제주특별자치도 제주시 구좌읍 송당리,산145,126.7610119406,33.4521283086
서울,ok,,오름,걸서악(걸세오름),1918965,12,제주특별자치도 서귀포시 남원읍 하례리 산 127-2,,126.619945,33.282155
서울,ok,,오름,골체오름 벚꽃축제,3482354,15,제주특별자치도 제주시 조천읍 선흘리 1914,골체오름,126.703677,33.450301
서울,ok,,오름,골체오름캠핑,2739395,28,제주특별자치도 제주시 조천읍 번영로 1648-41,,126.7043529744,33.4518024351
서울,ok,,오름,광릉 해오름글램핑카라반,2726680,28,경기도 포천시 소흘읍 광릉수목원로874번길 5,,127.1460913703,37.7776854861
서울,ok,,오름,괴오름,1918950,12,제주특별자치도 제주시 애월읍 봉성리 산41,,126.3754586925,33.3560883410
서울,ok,,오름,구두리오름,1918984,12,제주특별자치도 서귀포시 표선면 가시리,산 158-2,126.6885413552,33.4124065362
서울,ok,,오름,군산오름,1945768,12,제주특별자치도 서귀포시 안덕면 창천리,564,126.3707,33.2532
서울,ok,,오마카세 오산이 초밥 대학로점,,,,,,,
서울,ok,,오벨리아 베이커리 카페,,,,,,,
서울,ok,,오브 뉴,,,,,,,
서울,ok,,오브젝트 삼청점,오브젝트 삼청점,4027252,38,서울특별시 종로구 북촌로5길 6 (재동),1층,126.984583314654,37.5795355516357
서울,ok,,오브젝트 성수점,,,,,,,
서울,ok,,오스테리에 소띠,,,,,,,
서울,ok,,오월의 종 한남점,,,,,,,
서울,ok,,오제도 카페,,,,,,,
서울,ok,,오지오 커피,,,,,,,
서울,ok,,옥류한,,,,,,,
서울,ok,,온 더 모멘트,,,,,,,
서울,ok,,온 더 플랜 커피 랩,,,,,,,
서울,ok,,온 더 홀,,,,,,,
서울,ok,,온 따뜻한 솥밥,,,,,,,
서울,ok,,온 사이트 클라이밍,,,,,,,
서울,ok,,온 유어 사이드,,,,,,,
서울,ok,,온 천집 익선,,,,,,,
서울,ok,,온기정,온기정,2856360,39,대구광역시 수성구 수성못6길 9 (두산동),,128.6233141757,35.8276558471
서울,ok,,온더보더 광화문 D타워점,,,,,,,
서울,ok,,올덴 브라운 동묘점,,,,,,,
서울,ok,,올드 페리 도넛,,,,,,,
서울,ok,,올딧세,,,,,,,
서울,ok,,올리브영 강남타운,,,,,,,
서울,ok,,올리브영 신사점,올리브영 신사점,2911307,38,서울특별시 강남구 도산대로 116 (논현동),논현빌딩 1층,127.021516108092,37.5166065016895
서울,ok,,올리브영 양재 스타클래스점,,,,,,,
서울,ok,,올리브영 정릉점,올리브영 정릉점,2906629,38,서울특별시 성북구 보국문로 33 (정릉동),jr메디컬빌딩,127.010124841427,37.6073770418433
서울,ok,,올리브영 홍대 중앙점,,,,,,,
서울,ok,,올림픽공원,수원올림픽공원,2739473,12,경기도 수원시 권선구 효원로256번길 16 (권선동),,127.028578465894,37.2614742905974
서울,ok,,올림픽공원,올림픽공원,126532,12,서울특별시 송파구 올림픽로 424 (방이동),,127.11505157122546,37.520555375396896
서울,ok,,올림픽공원,올림픽공원 들꽃마루,2758192,12,서울특별시 송파구 올림픽로 424 (방이동),,127.11505157122546,37.520555375396896
서울,ok,,올림픽공원,올림픽공원 올림픽홀,3085174,14,서울특별시 송파구 올림픽로 424 (방이동),,127.1275,37.5147
서울,ok,,올림픽공원,올림픽공원(창원),2784141,12,경상남도 창원시 성산구 두대로 198,,128.6617717868,35.2244439788
서울,ok,,올림픽공원,올림픽공원피크닉장,2761797,12,서울특별시 송파구 올림픽로 424 (방이동),,127.1150682209,37.5206092598
서울,ok,,올림픽공원 88잔디마당,,,,,,,
서울,ok,,올에 무스,,,,,,,
서울,ok,,옴니 피플 갤러리,,,,,,,
서울,ok,,옷 맛집,,,,,,,
서울,ok,,옹근 달,,,,,,,
서울,ok,,와이 낫 떡볶이 둔촌 본점,,,,,,,
서울,ok,,왕과 탕후루,,,,,,,
서울,ok,,왕생가 칼국수,,,,,,,
서울,ok,,외계인 친구 폴,,,,,,,
서울,ok,,외양간,외양간,1932502,39,서울특별시 마포구 성미산로 13,,126.9096108626,37.5584511741
서울,ok,,외양간,외양간구시,2837566,39,경상남도 거창군 상동2길 70,,127.9077199756,35.6885169420
서울,ok,,외양간,외양간한우,2830439,39,경기도 의정부시 고산로 177 (고산동),,127.1087682277,37.7349620053
서울,ok,,요쇼쿠 성수,,,,,,,
서울,ok,,용리단길,,,,,,,
서울,ok,,용산 마루,,,,,,,
서울,ok,,용산 어린이 정원(용산공원 반환부지),,,,,,,
서울,ok,,용산가족공원,용산가족공원,126499,12,서울특별시 용산구 서빙고로 185 (용산동6가),,126.9832663463,37.5200458446
서울,ok,,용산가족공원 산책길,,,,,,,
서울,ok,,용산역,올리브영 신용산역점,2911353,38,"서울특별시 용산구 한강대로 95 (한강로2가, 래미안용산 더 센트럴)",,126.966653789116,37.5288173852679
서울,ok,,용산역,용산역광장,2758150,12,서울특별시 용산구 한강대로23길 55 (한강로3가),,126.9647566449,37.5298249324
서울,ok,,용산역,용산역사박물관,3075429,14,서울특별시 용산구 한강대로14길 35-29 (한강로3가),,126.96576935748953,37.52566806921638
서울,ok,,우드 앤 브릭 재동점,,,,,,,
서울,ok,,우래옥 본점,,,,,,,
서울,ok,,우리 게임장,,,,,,,
서울,ok,,우리 마키 성수점,,,,,,,
서울,ok,,우선,고하송진우선생동상,1827189,12,서울특별시 광진구 능동로 216 (능동),(어린이대공원 내),127.0762792676,37.5493552228
서울,ok,,우선,구 일본우선주식회사 인천지점,945420,12,인천광역시 제물포구 제물량로218번길 3 (해안동1가),,126.6204590814,37.4726449029
서울,ok,,우선,진리도우선착장,2782186,12,인천광역시 옹진군 덕적면 덕적북로 31,,126.154939018891,37.2275264668415
서울,ok,,우정 양꼬치,,,,,,,
서울,ok,,우지 커피 대학로점,,,,,,,
서울,ok,,운현궁,서울 운현궁,127454,12,서울특별시 종로구 삼일대로 464,,126.9871421746,37.5764588036
서울,ok,,워커힐호텔,,,,,,,
서울,ok,,워터 킹덤 스파 찜질방,,,,,,,
서울,ok,,원모어 백,,,,,,,
서울,ok,,원조 부대고기,,,,,,,
서울,ok,,원조 이모네 연탄불 곱창,,,,,,,
서울,ok,,원할머니 국수 보쌈 제2 롯데월드몰 직영점,,,,,,,
서울,ok,,월 호텔,2월 호텔 더시그니처 동성로점,3075768,32,대구광역시 중구 중앙대로81길 13 (동일동),,128.592847208853,35.8695990759651
서울,ok,,월드컵 경기장 역 6호선,,,,,,,
서울,ok,,웨스틴조선 서울 라운지 앤 바,,,,,,,
서울,ok,,위 크레페,,,,,,,
서울,ok,,위글위글 도산 플래그십스토어,,,,,,,
서울,ok,,위자드 플래그십스토어 청담점,,,,,,,
서울,ok,,유가네닭갈비 명동역점,,,,,,,
서울,ok,,유니클로 신사점,유니클로 신사점,2900731,38,서울특별시 강남구 도산대로 145 (신사동),인우빌딩 B1-2층,127.024405454586,37.5185223742893
서울,ok,,유니클로 합정 메세나폴리스점,,,,,,,
서울,ok,,유니플렉스,유니플렉스,3080775,14,서울특별시 종로구 대학로12길 64 (동숭동),,127.0036322023,37.5812502100
서울,ok,,유어 네이키드 치즈,,,,,,,
서울,ok,,유어 마인드,,,,,,,
서울,ok,,유즈 라멘 만리동점,,,,,,,
서울,ok,,유키 찹쌀떡 연남점,,,,,,,
서울,ok,,육쌈냉면 목동점,,,,,,,
서울,ok,,육회 자매 집 2호점,,,,,,,
서울,ok,,육회한 달밤,,,,,,,
서울,ok,,윤동주 시인의 언덕,,,,,,,
서울,ok,,윤동주문학관,윤동주문학관,2739477,14,서울특별시 종로구 창의문로 119,(청운동),126.9671657723,37.5921816175
서울,ok,,은평 한옥마을,,,,,,,
서울,ok,,은평역사한옥 박물관,,,,,,,
서울,ok,,은행골 강남역점,,,,,,,
서울,ok,,을지 다락 여의도,,,,,,,
서울,ok,,을지로 골목집,,,,,,,
서울,ok,,을지로 문덕 커피,,,,,,,
서울,ok,,이디야커피 북촌마을점,,,,,,,
서울,ok,,이디야커피 종로 3가 점,,,,,,,
서울,ok,,이디야커피 퇴계로 2길점,,,,,,,
서울,ok,,이로,군위이로운한우,1104457,39,대구광역시 군위군 효령면 간동유원지길 14,,128.584362254557,36.1783995984635
서울,ok,,이로,나무사이로,2911071,39,경기도 성남시 분당구 석운로 194 (석운동),,127.0460372070,37.3797473609
서울,ok,,이로,돌담사이로,1600603,39,경상남도 거창군 위천면 황산1길 81,,127.837200197459,35.7620882764779
서울,ok,,이로,사이로248 출렁다리,3485635,12,강원특별자치도 춘천시 수변공원길 18 (삼천동),,127.70724013231616,37.873198472543514
서울,ok,,이로,산수유길사이로,1910479,39,경상북도 봉화군 봉성면 산수유길 202-64,,128.808441145388,36.930877574949
서울,ok,,이로,스카이로드,1964622,12,대전광역시 중구 은행동,,127.4278175564,36.3291465966
서울,ok,,이로,스테이로이,4065036,32,충청남도 금산군 금산읍 아인길 48,,127.4865861783,36.1027761645
서울,ok,,이로,춘천 애니메이션박물관·토이로봇관,130472,14,강원특별자치도 춘천시 서면 박사로 854,,127.69186731892,37.8930313558032
서울,ok,,이로,카이로스,2405466,32,제주특별자치도 제주시 애월읍 장유길 49-43,,126.400311977936,33.4491308411055
서울,ok,,이로,카이로스,2858654,39,경기도 안성시 원곡면 반제호수길 40,,127.1634611317,37.0235843299
서울,ok,,이로,카이로스 캠핑장,2907762,28,충청북도 충주시 미라실로 603,,128.0405929749,37.0091368809
서울,ok,,이로,킨이로텐,2856818,39,충청남도 천안시 서북구 불당21로 40 천안불당 호반써밋플레이스,,127.1045028129,36.8133075213
서울,ok,,이마트 24 스타필드 코엑스몰 1호점,,,,,,,
서울,ok,,이마트 24 한강 여의도 4호점,,,,,,,
서울,ok,,이마트 신촌점,안경진정성 이마트 신촌점,3305576,38,서울특별시 마포구 신촌로 94 (노고산동),B2층,126.936001762116,37.5549939272318
서울,ok,,이마트 양재점,이마트 양재점,2902361,38,서울특별시 서초구 매헌로 16 (양재동),,127.036947909974,37.462467348157
서울,ok,,이미 그 성수 쇼룸,,,,,,,
서울,ok,,이미 그 한남점,,,,,,,
서울,ok,,이삭토스트 동양 미래대점,,,,,,,
서울,ok,,이상의 집,,,,,,,
서울,ok,,이수역 7호선,,,,,,,
서울,ok,,이슬 향기 플라워 이수역점,,,,,,,
서울,ok,,이엠지 개판 포차,,,,,,,
서울,ok,,이오로 비스트로 송파점,,,,,,,
서울,ok,,이응,고암이응노생가기념관,2483785,14,충청남도 홍성군 홍북면 이응노로 61-7,,126.6317283904,36.6223823313
서울,ok,,이응,금강보행교(이응다리),2714817,12,세종특별자치시 세종동 29-111,,127.28727,36.481657
서울,ok,,이응,이응노 미술관,590097,14,대전광역시 서구 둔산대로 157,(만년동),127.3870118474,36.3668637804
서울,ok,,이응,이응노의 집 고암이응노생가기념관,3454383,12,충청남도 홍성군 홍북읍 이응노로 61-7,,126.6321616672,36.6230405964
서울,ok,,이응,이응로선생사적지(수덕여관),1936591,12,충청남도 예산군 덕산면 사천리,,126.6222559993,36.6608277420
서울,ok,,이응,카페 시옷이응지읒,3443411,39,경상남도 창원시 마산회원구 구암남3길 25 (구암동),,128.5922717291,35.2457319917
서울,ok,,이이네,,,,,,,
서울,ok,,이제 제 신용산점,,,,,,,
서울,ok,,이촌한강공원,이촌한강공원,970636,12,서울특별시 용산구 이촌로72길 62 (이촌동),,126.97085116144625,37.51782055627669
서울,ok,,이태원 농담,,,,,,,
서울,ok,,이태원 앤티크 가구거리,,,,,,,
서울,ok,,이화동 벽화마을,,,,,,,
서울,ok,,이화여자대학교 음악연구소,,,,,,,
서울,ok,,익선 잡방,,,,,,,
서울,ok,,익선동 카페거리,,,,,,,
서울,ok,,익선동 한옥거리,익선동 한옥거리,2650046,12,서울특별시 종로구 익선동,,126.989775703463,37.5734657272497
서울,ok,,익선동 한옥거리,익선동 한옥거리,2946228,12,,서울시 종로구 익선동,126.9901419773,37.5737675037
서울,ok,,인덱스 숍,,,,,,,
서울,ok,,인사 센트럴 뮤지엄,,,,,,,
서울,ok,,인사동 문화의 거리,인사동 문화의 거리,132219,38,서울특별시 종로구 인사동,,126.9850146618,37.5739535014
서울,ok,,인사아트센터,,,,,,,
서울,ok,,인생 네 컷 서울 코엑스점,,,,,,,
서울,ok,,인생 맥주 대학로점,,,,,,,
서울,ok,,인왕산,인왕산,126479,12,서울특별시 종로구 옥인동,,126.9593,37.585
서울,ok,,인왕산,인왕산 국사당,2764331,12,서울특별시 종로구 통일로18가길 20 (무악동),,126.95952450959696,37.57886524391775
서울,ok,,인왕산,인왕산 대충유원지,2848032,39,서울특별시 종로구 필운대로 46 (누하동),,126.96882183217639,37.58009297492628
서울,ok,,인왕산,인왕산 더숲 초소책방,2783334,39,서울특별시 종로구 인왕산로 172,(옥인동),126.9642912092,37.5860072833
서울,ok,,인왕산,인왕산 무무대 전망대,4061713,12,서울 종로구 옥인동 산3-1,,126.963973,37.584011
서울,ok,,인왕산,인왕산 숲속쉼터,3354488,14,서울특별시 종로구 청운동,산4-36,126.962104,37.586793
서울,ok,,인왕산 둘레길,,,,,,,
서울,ok,,일루지앵,,,,,,,
서울,ok,,일상 비일상의 틈,일상비일상의틈,2994661,12,서울특별시 강남구 강남대로 426 (역삼동),,127.0267851551,37.5006405461
서울,ok,,일상 정원 센트럴시티점,,,,,,,
서울,ok,,입문식 가정집,,,,,,,
서울,ok,,자갈치 식당 고속 터미널점,,,,,,,
서울,ok,,자코비 버거,자코비버거,2804988,39,서울특별시 용산구 용산동2가 신흥로 (38),,126.987421280842,37.5418056558006
서울,ok,,잘 빠진 메밀 서촌 본점,,,,,,,
서울,ok,,잘 빠진 메밀 익선동점,,,,,,,
서울,ok,,잠수교 지하보도,,,,,,,
서울,ok,,잠실 광역환승센터,,,,,,,
서울,ok,,잠실역 2호선,,,,,,,
서울,ok,,잠실역 8호선,,,,,,,
서울,ok,,잠실역 지하상가,,,,,,,
서울,ok,,잠실종합운동장 올림픽 주경기장,,,,,,,
서울,ok,,잠실종합운동장 잠실야구장,,,,,,,
서울,ok,,잠실한강공원,잠실한강공원,970460,12,서울특별시 송파구 한가람로 65 (잠실동),,127.08673654260474,37.51762767968084
서울,ok,,잠실한강공원,잠실한강공원 잠실물놀이장,131318,28,서울특별시 송파구 한가람로 65 (잠실동),,127.0867514361,37.5176813118
서울,ok,,잠원한강공원,잠원한강공원,970342,12,서울특별시 서초구 잠원로 221-124 (잠원동),,127.01227464007395,37.52075383481676
서울,ok,,장교숙소 5단지(용산공원 반환부지),,,,,,,
서울,ok,,장원 닭 한 마리,,,,,,,
서울,ok,,장인 닭갈비 강남점,,,,,,,
서울,ok,,장충단공원,장충단공원,126491,12,서울특별시 중구 동호로 261 (장충동2가),,127.0048160637,37.5588195041
서울,ok,,장충체육관,장충체육관,990140,28,서울특별시 중구 동호로 241,,127.0068047884,37.5582390522
서울,ok,,장칼 앤 만두,,,,,,,
서울,ok,,잭슨 피자 이촌점,,,,,,,
서울,ok,,저스트 단동 익선점,,,,,,,
서울,ok,,저스트 스테이 호텔 왕십리역점,,,,,,,
서울,ok,,전쟁기념관,박진전쟁기념관,2785601,14,경상남도 창녕군 남지읍 월상길 27,,128.3862176485,35.4480082741
서울,ok,,전쟁기념관,양구전쟁기념관,731520,14,강원특별자치도 양구군 해안면 해안서화로 35,,128.1455432111,38.2899471887
서울,ok,,전쟁기념관,전쟁기념관,130431,14,서울특별시 용산구 이태원로 29,,126.9784385198,37.5373270838
서울,ok,,점 보 시푸드 IFC 몰점,,,,,,,
서울,ok,,정돈,온정돈까스,2756571,39,서울특별시 관악구 남부순환로 1509 (신림동),,126.91831,37.482818
서울,ok,,정돈,정돈 대학로본점,2847996,39,서울특별시 종로구 대학로9길 12 (명륜4가),,127.0011129703,37.5818667590
서울,ok,,정릉,다이소 정릉시장점,4025815,38,서울특별시 성북구 보국문로 9 (정릉동),,127.011158203587,37.6054438749583
서울,ok,,정릉,서울 선릉과 정릉 [유네스코 세계유산],126525,12,서울특별시 강남구 선릉로100길 1,,127.0471803291,37.5074206801
서울,ok,,정릉,서울 정릉(신덕황후) [유네스코 세계유산],127616,12,서울특별시 성북구 아리랑로19길 116 (정릉동),,127.00759445141614,37.60122309230123
서울,ok,,정릉,올리브영 정릉점,2906629,38,서울특별시 성북구 보국문로 33 (정릉동),jr메디컬빌딩,127.010124841427,37.6073770418433
서울,ok,,정릉,정릉시장,2758180,38,서울특별시 성북구 보국문로11길 23 (정릉동),,127.009052,37.608649
서울,ok,,정릉,정릉아리랑시장,2758176,38,서울특별시 성북구 아리랑로19길 10 (정릉동),,127.0128390879,37.6027034367
서울,ok,,정릉시장,다이소 정릉시장점,4025815,38,서울특별시 성북구 보국문로 9 (정릉동),,127.011158203587,37.6054438749583
서울,ok,,정릉시장,정릉시장,2758180,38,서울특별시 성북구 보국문로11길 23 (정릉동),,127.009052,37.608649
서울,ok,,정샘물 플롭스,정샘물 플롭스,4026611,38,서울특별시 강남구 가로수길 51-1 (신사동),,127.02248422225,37.5213929909802
서울,ok,,제1보급소,,,,,,,
서울,ok,,제스티 살룬 성수,제스티살룬 성수,2893977,39,서울특별시 성동구 서울숲4길 13 (성수동1가),,127.0424657298,37.5476214819
서울,ok,,제시,거제시농업개발원,2414648,12,경상남도 거제시 거제면 거제남서로 3577,,128.579532608767,34.8565005446736
서울,ok,,제시,거제시장,1608608,38,부산광역시 연제구 거제시장로14번길 28 (거제동),,129.07266111374,35.1818888566624
서울,ok,,제시,국제시장,132191,38,부산광역시 중구 신창로4가 일원,,129.0285792599,35.1016422372
서울,ok,,제시,국제시장 먹자골목,1018702,12,부산광역시 중구 중구로 36,,129.0280793175,35.1011311741
서울,ok,,제시,국제시장 젊음의거리,1013716,38,부산광역시 중구 국제시장2길 25,(신창동4가),129.028295235222,35.1015216609245
서울,ok,,제시,국제시장을 기웃거리다,1942576,25,,,129.0281460570,35.0982648295
서울,ok,,제시,다이소 부산국제시장점,2930639,38,부산광역시 중구 중구로 13 (부평동1가),,129.027448338094,35.0989802164928
서울,ok,,제시,신포국제시장,132381,38,인천광역시 제물포구 관동3가,,126.627163,37.471371
서울,ok,,제시,옥포국제시장,2758174,38,경상남도 거제시 옥포로19길 14 (옥포동),,128.689436489989,34.8941737734659
서울,ok,,제시,제시뉴욕 NC 신구로점,3307241,38,서울특별시 구로구 구로중앙로 152 (구로동),,126.882773011925,37.5011601442131
서울,ok,,제시,제시뉴욕 마리오아울렛 1관점,3305934,38,서울특별시 금천구 디지털로 185 (가산동),1관 3층,126.887154240101,37.4781875545515
서울,ok,,제일 제면소 서울 역사점,,,,,,,
서울,ok,,제주삼다 돈,,,,,,,
서울,ok,,젠틀몬스터 하우스 도산,,,,,,,
서울,ok,,젤라띠젤라띠 센트럴시티점,,,,,,,
서울,ok,,젤라띠젤라띠 송파구청점,,,,,,,
서울,ok,,조계사,조계사(서울),128144,12,서울특별시 종로구 우정국로 55 (견지동),,126.9827509785,37.5739784579
서울,ok,,조선 김밥,조선김밥,1912553,39,서울특별시 종로구 율곡로3길 68 (안국동),,126.9821834371108,37.578600049276886
서울,ok,,조죠,,,,,,,
서울,ok,,종각역 1호선,,,,,,,
서울,ok,,종로 신진시장,,,,,,,
서울,ok,,종로 음악사,,,,,,,
서울,ok,,종로3가역 1호선,,,,,,,
서울,ok,,종로3가역 3호선,,,,,,,
서울,ok,,종로곱육개장,,,,,,,
서울,ok,,종로구립 박노수 미술관,박노수미술관,2739454,14,서울특별시 종로구 옥인1길 34 (옥인동),,126.96681854989494,37.58131920855933
서울,ok,,종묘,종묘 [유네스코 세계유산],126510,12,서울특별시 종로구 종로 157 (훈정동),,126.9951311023,37.5709802173
서울,ok,,종묘,종묘 묘현례,2818837,15,서울특별시 종로구 종로 157 (훈정동),,126.99513110232297,37.57098021727393
서울,ok,,종묘,종묘광장공원,126492,12,서울특별시 종로구 종로 157,(훈정동),126.9944166605,37.5711956572
서울,ok,,종묘,종묘대제,141759,15,서울특별시 종로구 종로 157,종묘,126.994430782881,37.5742351620923
서울,ok,,종묘,"태조 이성계, 조선을 건국하고 종묘와 사직을 세우다",2383723,25,,,126.9673551116,37.5756752063
서울,ok,,종삼육,,,,,,,
서울,ok,,죔죔,,,,,,,
서울,ok,,주꾸미도 사 천호점,,,,,,,
서울,ok,,준수방 키친,준수방키친,2824887,39,서울특별시 종로구 자하문로11길 8 (통인동),,126.9707991267,37.5797442395
서울,ok,,중극장,,,,,,,
서울,ok,,중랑 아트센터,중랑아트센터,3066000,14,"서울특별시 중랑구 망우로 353 (상봉동, 상봉 프레미어스 엠코)",이노시티C동,127.0913233468,37.5980867468
서울,ok,,중림동 약현성당,서울 약현성당,250330,12,서울특별시 중구 청파로 447-1,(중림동),126.9674194623,37.5591437954
서울,ok,,중앙빌딩,,,,,,,
서울,ok,,중화복춘 골드 동교점,,,,,,,
서울,ok,,지로 라멘,,,,,,,
서울,ok,,지우,르지우,2856652,39,서울특별시 서초구 사평대로26길 40 (반포동),,126.9989349762,37.4983736430
서울,ok,,지우,세이지우드 홍천,3465127,32,강원특별자치도 홍천군 두촌면 광석로 898-87,,128.1102282201,37.8848409101
서울,ok,,지우,지우당,2575841,32,전북특별자치도 전주시 완산구 오목대길 45-9,(교동),127.1540585062,35.8128617814
서울,ok,,지우,W지우리조트,2500186,32,경기도 가평군 가평읍 북한강변로 970-9,,127.523283754709,37.7998034678852
서울,ok,,진관사,진관사(서울),127558,12,서울특별시 은평구 진관길 73 (진관동),,126.9463091508,37.6383670663
서울,ok,,진관사 은지원,,,,,,,
서울,ok,,진관사계곡,,,,,,,
서울,ok,,진대감 종로점,,,,,,,
서울,ok,,진로 식자재 할인마트,,,,,,,
서울,ok,,진미 평양냉면,진미평양냉면,2782140,39,서울특별시 강남구 학동로 305-3 (논현동),,127.0360588705,37.5161972390
서울,ok,,진선,진선,3434586,39,전남광주통합특별시 광양시 진월면 선소중앙길 43,,127.75855606073542,34.978011873680025
서울,ok,,진선,진선미가,3456270,39,경기도 양평군 양평읍 중앙로 369,1층,127.5294091792,37.4920173322
서울,ok,,진주집,진주집,403995,39,서울특별시 영등포구 국제금융로6길 33 (여의도동),지하 1층,126.9269214566,37.5208447429
서울,ok,,진주회관,진주회관,578330,39,서울특별시 중구 세종대로11길 26 (서소문동),,126.9745048377,37.5623268862
서울,ok,,진주회관,[백년가게]진주회관본관,2605882,39,충청남도 천안시 서북구 성환읍 성환11길 15,,127.1296254723,36.9169710238
서울,ok,,진지아,진지아,2845976,39,서울특별시 송파구 백제고분로41길 12-9 (송파동),,127.1082580978,37.5076328657
서울,ok,,진화로 신림본점,,,,,,,
서울,ok,,질러 노래방,,,,,,,
서울,ok,,집사의 하루 홍대점,,,,,,,
서울,ok,,짱 오락실 강남 2호점,,,,,,,
서울,ok,,짱 오락실 종로점,,,,,,,
서울,ok,,짱꼬집,,,,,,,
서울,ok,,쯔루하시후게츠 명동점,,,,,,,
서울,ok,,참새방앗간,,,,,,,
서울,ok,,창경궁,창경궁,126511,12,서울특별시 종로구 창경궁로 185 (와룡동),,126.9964634775,37.5789336838
서울,ok,,창경궁,창경궁 대온실,1605036,12,서울특별시 종로구 창경궁로 185 (와룡동),,126.99644883554714,37.57888092158742
서울,ok,,창경궁,창경궁 명정전,2606158,12,서울특별시 종로구 창경궁로 185 (와룡동),,126.99644883554714,37.57888092158742
서울,ok,,창경궁,창경궁 야연,2818138,15,서울특별시 종로구 창경궁로 185 (와룡동),,126.99644883554714,37.57888092158742
서울,ok,,창경궁,창경궁 홍화문,1605009,12,서울특별시 종로구 창경궁로 185 (와룡동),,126.9964634775,37.5789336838
서울,ok,,창경궁 초밥,,,,,,,
서울,ok,,창덕궁,국가유산진흥원 창덕궁상품관,2923488,38,서울특별시 종로구 율곡로 99 (와룡동),,126.989710338876,37.5788697347103
서울,ok,,창덕궁,이새 창덕궁점,2910025,38,서울특별시 종로구 창덕궁1길 12 (원서동),1층,126.988574312089,37.5794566278205
서울,ok,,창덕궁,창덕궁 낙선재,1604941,12,서울특별시 종로구 율곡로 99 (와룡동),,126.9902446339,37.5777031595
서울,ok,,창덕궁,창덕궁 다래나무,1605920,12,서울특별시 종로구 율곡로 99,,126.989225386201,37.5864530223838
서울,ok,,창덕궁,창덕궁 달빛기행,1291408,15,서울특별시 종로구 율곡로 99 (와룡동),창덕궁,126.99023063100555,37.57765074254216
서울,ok,,창덕궁,창덕궁 소극장,1112029,14,서울특별시 종로구 창경궁로 227 (명륜4가),,126.9977743679,37.5824805174
서울,ok,,창덕궁,창덕궁 약다방,3489468,15,서울특별시 종로구 율곡로 99 (와룡동),,126.9902446339,37.5777031595
서울,ok,,창덕궁,창덕궁 인정문,1604953,12,서울특별시 종로구 율곡로 99,,126.9911806294,37.5787974932
서울,ok,,창덕궁,창덕궁 향나무,1605908,12,서울특별시 종로구 율곡로 99,(와룡동),126.989447793014,37.5792316848544
서울,ok,,창덕궁,창덕궁과 후원 [유네스코 세계유산],127642,12,서울특별시 종로구 율곡로 99 (와룡동),,126.9902306310,37.5776507425
서울,ok,,창덕궁,한복남 창덕궁점,3582643,12,서울특별시 종로구 돈화문로 86-1 (와룡동),1층,126.99067066604162,37.576182980736355
서울,ok,,창덕궁 후원,창덕궁과 후원 [유네스코 세계유산],127642,12,서울특별시 종로구 율곡로 99 (와룡동),,126.9902306310,37.5776507425
서울,ok,,창성동 실험실,,,,,,,
서울,ok,,창신골목시장,,,,,,,
서울,ok,,채그러,채그로,2741499,38,서울특별시 마포구 마포대로4다길 31 (마포동),,126.9442833439,37.5357044387
서울,ok,,책 읽다,,,,,,,
서울,ok,,챔프 커피 2작업실,챔프커피 이태원,2782572,39,서울특별시 용산구 녹사평대로26가길 24,(이태원동),126.99280435452,37.5324985542425
서울,ok,,천리향,,,,,,,
서울,ok,,천주교 서울 대교구 주교좌 명동 대성당,,,,,,,
서울,ok,,천하 보쌈,,,,,,,
서울,ok,,천호동 자전거 거리,천호자전거거리,2741610,12,서울특별시 강동구 천호동,,127.1221585024,37.5466313659
서울,ok,,철구 PC,,,,,,,
서울,ok,,철길 떡볶이,,,,,,,
서울,ok,,청계광장,청계광장,2765510,12,서울특별시 중구 태평로1가,1,126.9775154812,37.5691539240
서울,ok,,청계산 원터골 산책길,,,,,,,
서울,ok,,청계산입구역 신분당선,,,,,,,
서울,ok,,청계천,"겨울, 청계천의 빛",2785797,15,서울특별시 중구 태평로1가 1,,126.9776154729,37.5691317067
서울,ok,,청계천,청계천,129507,12,서울특별시 종로구 창신동,,127.0050743200,37.5696470253
서울,ok,,청계천,청계천 자전거도로,2783315,28,서울특별시 성동구 마장동 294,,127.0391848676,37.5689439457
서울,ok,,청계천,청계천박물관,130658,14,서울특별시 성동구 청계천로 530 (마장동),,127.03504321042874,37.57126614487816
서울,ok,,청계천,청계천을 돌아 경복궁에서 인사동까지,1914505,25,,,126.9786237129,37.5691567219
서울,ok,,청년극장,,,,,,,
서울,ok,,청담근린공원,청담근린공원,127269,12,서울특별시 강남구 청담동,66,127.0526155502,37.5213524935
서울,ok,,청담동 명품거리,,,,,,,
서울,ok,,청송 옥,청송옥,403068,39,서울특별시 중구 서소문로11길 14,,126.9730910418,37.5635933807
서울,ok,,청수랑 갤러리,청수당 베이커리,2902634,39,서울특별시 종로구 돈화문로11나길 31-9,,126.9897701345,37.5739545564
서울,ok,,청수정,청수정,513517,39,서울특별시 종로구 삼청로 91,,126.981653986595,37.5835199097866
서울,ok,,청와대 본관,청와대 앞길,126533,12,서울특별시 종로구 궁정동,,126.973751980892,37.5834864376289
서울,ok,,청와대 사랑채,청와대 사랑채,690984,14,서울특별시 종로구 효자로13길 45,,126.972566016596,37.5823976600844
서울,ok,,청와대 정문,청와대 앞길,126533,12,서울특별시 종로구 궁정동,,126.973751980892,37.5834864376289
서울,ok,,청와옥 본점,청와옥 본점,2758163,39,서울특별시 송파구 위례성대로 48,(방이동) 반도빌딩 1층 402호,127.1175625872,37.5153738011
서울,ok,,청운 문학도서관,청운문학도서관,2692866,14,서울특별시 종로구 자하문로36길 40 (청운동),,126.9659326010,37.5904317988
서울,ok,,청진옥,청진옥,2778428,39,서울특별시 종로구 종로3길 32 (청진동),,126.9794791167,37.5717814321
서울,ok,,청춘 클로버,,,,,,,
서울,ok,,체 디앤올리,체다앤올리,2845610,39,"서울특별시 성동구 서울숲2길 32-14 (성수동1가, 갤러리아 포레)",,127.0432601616,37.5455245178
서울,ok,,체부동 잔칫집,체부동잔치집,1922914,39,서울특별시 종로구 자하문로1길 16,,126.971477402143,37.5765039147384
서울,ok,,체크크로플 롯데월드몰점,,,,,,,
서울,ok,,촙촙,,,,,,,
서울,ok,,최순우 옛집,최순우 옛집,1395270,12,서울특별시 성북구 성북로15길 9 (성북동),,127.0003599434,37.5930654442
서울,ok,,최인아 책방,최인아책방,3335691,14,서울특별시 강남구 선릉로 521 (역삼동),4층,127.04790906737594,37.506051518462115
서울,ok,,츄로 11 삼청점,,,,,,,
서울,ok,,치르 치르 뉴욕 야시장 명동 본점,,,,,,,
서울,ok,,치즈 룸 테이스팅 룸 롯데월드몰점,,,,,,,
서울,ok,,칠 프로 칠백 식당 석촌 직영점,,,,,,,
서울,ok,,카멜 커피 도산공원점,,,,,,,
서울,ok,,카모메 동부 이촌점,,,,,,,
서울,ok,,카시나 성수점,카시나 성수점,4009116,38,서울특별시 성동구 성수이로7길 41 (성수동2가),,127.05307667347,37.542615837437
서울,ok,,카카오 프렌즈 강남 플래그십스토어,,,,,,,
서울,ok,,카카오 프렌즈 홍대 플래그십스토어,,,,,,,
서울,ok,,카페 345,,,,,,,
서울,ok,,카페 공명 연남 1호점,,,,,,,
서울,ok,,카페 그리너티,,,,,,,
서울,ok,,카페 나우어 데이즈,,,,,,,
서울,ok,,카페 다오,,,,,,,
서울,ok,,카페 데 코믹스 홍대점,,,,,,,
서울,ok,,카페 레이어드 안국점,,,,,,,
서울,ok,,카페 바우,,,,,,,
서울,ok,,카페 볼가심,,,,,,,
서울,ok,,카페 소고 망우점,,,,,,,
서울,ok,,카페 식스,,,,,,,
서울,ok,,카페 아무,,,,,,,
서울,ok,,카페 온,카페 온당,2841497,39,경상북도 영천시 포은로 452,,128.9746168195,36.0169242955
서울,ok,,카페 윙클,,,,,,,
서울,ok,,카페 이마,,,,,,,
서울,ok,,카페 진선,,,,,,,
서울,ok,,카페 첫 만남,,,,,,,
서울,ok,,카페 코너 574,,,,,,,
서울,ok,,카페 코레 우리 서울 식물 원점,,,,,,,
서울,ok,,카페 페라 유니크점,,,,,,,
서울,ok,,카페 페퍼,,,,,,,
서울,ok,,카페 피크닉,,,,,,,
서울,ok,,카페 하모니,,,,,,,
서울,ok,,카페 후암동,,,,,,,
서울,ok,,카페도영,,,,,,,
서울,ok,,카페드람브르,,,,,,,
서울,ok,,카페랑 솜,,,,,,,
서울,ok,,칸다 쇼바 경복궁점,,,,,,,
서울,ok,,칸다 쇼바 홍대점,,,,,,,
서울,ok,,칼리프 하우스,,,,,,,
서울,ok,,커스텀 샐러드,,,,,,,
서울,ok,,커티스 니퍼,,,,,,,
서울,ok,,커피 앤시 가렛,,,,,,,
서울,ok,,커피 팩토리 글로 보,,,,,,,
서울,ok,,커피 한 잔,,,,,,,
서울,ok,,커피빈 명동거리점,,,,,,,
서울,ok,,커피빈 소공동 삼화 빌딩점,,,,,,,
서울,ok,,컴포즈커피 강동 고덕역점,,,,,,,
서울,ok,,컴포즈커피 홍대 연남동점,,,,,,,
서울,ok,,케르만 레스토랑,케르반 레스토랑,1887839,39,서울특별시 용산구 이태원로 192,,126.995387382863,37.5343622626667
서울,ok,,케이블카 매점,,,,,,,
서울,ok,,케이탑건,,,,,,,
서울,ok,,코끼리 베이글,코끼리베이글,2836272,39,서울특별시 영등포구 선유로 176 (양평동3가),,126.8927437773,37.5293098155
서울,ok,,코미코 카페,,,,,,,
서울,ok,,코발트 무드,,,,,,,
서울,ok,,코비 브라이트 광화문점,,,,,,,
서울,ok,,코스트코 양재점,,,,,,,
서울,ok,,코엑스,골드젬 스타필드 코엑스몰점,2924668,38,서울특별시 강남구 영동대로 513 (삼성동),B1층,127.059159043842,37.5118239121138
서울,ok,,코엑스,글래드 강남 코엑스센터,3514681,32,서울특별시 강남구 테헤란로 610 (대치동),,127.06454184728733,37.50882289924342
서울,ok,,코엑스,나이키 스타필드 코엑스몰점,4011443,38,서울특별시 강남구 영동대로 513 (삼성동),B1층,127.059159043842,37.5118239121138
서울,ok,,코엑스,내셔널지오그래픽 스타필드 코엑스몰점,2929487,38,서울특별시 강남구 영동대로 513 (삼성동),B1층,127.059159043842,37.5118239121138
서울,ok,,코엑스,노스페이스 스타필드 코엑스몰점,4011597,38,서울특별시 강남구 영동대로 513 (삼성동),B1층,127.059159043842,37.5118239121138
서울,ok,,코엑스,뉴에라 스타필드 코엑스몰점,2915202,38,서울특별시 강남구 영동대로 513 (삼성동),B1층,127.059159043842,37.5118239121138
서울,ok,,코엑스,닥터마틴 스타필드 코엑스몰점,2924674,38,서울특별시 강남구 영동대로 513 (삼성동),B1층,127.059159043842,37.5118239121138
서울,ok,,코엑스,더샘 코엑스몰점,2922521,38,서울특별시 강남구 테헤란로87길 22 (삼성동),,127.059443354483,37.5096322564759
서울,ok,,코엑스,디자인스킨 스타필드 코엑스몰점,2902579,38,서울특별시 강남구 영동대로 513 (삼성동),,127.059159043842,37.5118239121138
서울,ok,,코엑스,라미 스타필드 코엑스몰점,4011611,38,서울특별시 강남구 영동대로 513 (삼성동),B1층,127.059159043842,37.5118239121138
서울,ok,,코엑스,러쉬 스타필드 코엑스몰점,2915158,38,서울특별시 강남구 영동대로 513 (삼성동),B1층,127.059159043842,37.5118239121138
서울,ok,,코엑스,럭키슈에뜨 스타필드 코엑스몰점,2924678,38,서울특별시 강남구 영동대로 513 (삼성동),B1층,127.059159043842,37.5118239121138
서울,ok,,코엑스,리바이스 스타필드 코엑스몰점,3306580,38,서울특별시 강남구 영동대로 513 (삼성동),B1층,127.059159043842,37.5118239121138
서울,ok,,코엑스,리베 스타필드 코엑스몰점,2895217,38,서울특별시 강남구 영동대로 513 (삼성동),B1층,127.059159043842,37.5118239121138
서울,ok,,코엑스,리복 스타필드 코엑스몰점,2927114,38,서울특별시 강남구 영동대로 513 (삼성동),B1층,127.059159043842,37.5118239121138
서울,ok,,코엑스,링코 스타필드 코엑스몰점,2900859,38,서울특별시 강남구 영동대로 513 (삼성동),1층,127.059159043842,37.5118239121138
서울,ok,,코엑스,마시모두띠 스타필드 코엑스몰점,2903061,38,서울특별시 강남구 봉은사로 524 (삼성동),B1층,127.057115600619,37.5129534255276
서울,ok,,코엑스,만다리나덕 스타필드 코엑스몰점,4011612,38,서울특별시 강남구 영동대로 513 (삼성동),B1층,127.059159043842,37.5118239121138
서울,ok,,코엑스,미니골드 스타필드 코엑스몰점,4011631,38,서울특별시 강남구 영동대로 513 (삼성동),B1층,127.059159043842,37.5118239121138
서울,ok,,코엑스,미샤플러스 스타필드 코엑스몰점,2915275,38,서울특별시 강남구 영동대로 513 (삼성동),B1층,127.059159043842,37.5118239121138
서울,ok,,코엑스 A 홀,,,,,,,
서울,ok,,코엑스 B 홀,,,,,,,
서울,ok,,코엑스 아쿠아리움,코엑스 아쿠아리움,130284,12,서울특별시 강남구 영동대로 513,(삼성동),127.0591318945,37.5118092746
서울,ok,,코오롱인더스트리 FnC 부문,,,,,,,
서울,ok,,코의 루,,,,,,,
서울,ok,,코코너즘랩,,,,,,,
서울,ok,,코피티암커피 경복궁점,,,,,,,
서울,ok,,콘 부 더 현대 서울,,,,,,,
서울,ok,,콘 타이,,,,,,,
서울,ok,,콘 타이 종로점,,,,,,,
서울,ok,,콘래드 서울,콘래드 서울,1853800,32,서울특별시 영등포구 국제금융로 10 (여의도동),,126.9266241202,37.5258580443
서울,ok,,콜린,콜린 제주,2892326,39,제주특별자치도 제주시 애월로1길 24-8,,126.3104425058,33.4629116076
서울,ok,,콤포타블 남산,,,,,,,
서울,ok,,쿠우쿠우 골드 상봉점,,,,,,,
서울,ok,,퀸 타로 사주,,,,,,,
서울,ok,,큐브의 스케이프 홍대점,,,,,,,
서울,ok,,크레도 종로 프리미엄점,,,,,,,
서울,ok,,크리 에잇 쿠키 롯데월드몰점,,,,,,,
서울,ok,,크리스피 프레시 상암 MBC 점,,,,,,,
서울,ok,,크자요,,,,,,,
서울,ok,,키자니아 서울,키자니아 서울,992130,12,서울특별시 송파구 올림픽로 240 (잠실동),,127.098141751177,37.5113096112036
서울,ok,,킬 리 뱅뱅,,,,,,,
서울,ok,,타이드워터,,,,,,,
서울,ok,,타임스퀘어,게스진 타임스퀘어점,3306540,38,서울특별시 영등포구 영중로 15 (영등포동4가),,126.903715993779,37.5172332566615
서울,ok,,타임스퀘어,겐조 타임스퀘어점,3307010,38,서울특별시 영등포구 영중로 15 (영등포동4가),,126.903715993779,37.5172332566615
서울,ok,,타임스퀘어,골든듀 신세계백화점 타임스퀘어점,2910574,38,서울특별시 영등포구 영중로 9 (영등포동4가),1층,126.905567071705,37.5171899712591
서울,ok,,타임스퀘어,구찌 신세계백화점 타임스퀘어점,2910708,38,서울특별시 영등포구 영중로 9 (영등포동4가),1층,126.905567071705,37.5171899712591
서울,ok,,타임스퀘어,구호 신세계백화점 타임스퀘어점,3306224,38,서울특별시 영등포구 영중로 9 (영등포동4가),3층,126.905567071705,37.5171899712591
서울,ok,,타임스퀘어,금강 타임스퀘어점,3306469,38,서울특별시 영등포구 영중로 15 (영등포동4가),,126.903715993779,37.5172332566615
서울,ok,,타임스퀘어,까르띠에 신세계백화점 타임스퀘어점,2910646,38,서울특별시 영등포구 영중로 9 (영등포동4가),1층,126.905567071705,37.5171899712591
서울,ok,,타임스퀘어,나무그림 타임스퀘어점,3305974,38,서울특별시 영등포구 영중로 15 (영등포동4가),B2층,126.903715993779,37.5172332566615
서울,ok,,타임스퀘어,나이키 신세계백화점 타임스퀘어점,3307169,38,서울특별시 영등포구 영중로 9 (영등포동4가),6층,126.905567071705,37.5171899712591
서울,ok,,타임스퀘어,나이키 타임스퀘어점,2906470,38,서울특별시 영등포구 영중로 15 (영등포동4가),3층,126.903715993779,37.5172332566615
서울,ok,,타임스퀘어,나이키스윔 신세계백화점 타임스퀘어점,3306280,38,서울특별시 영등포구 영중로 9 (영등포동4가),6층,126.905567071705,37.5171899712591
서울,ok,,타임스퀘어,난닝구 타임스퀘어점,2904658,38,서울특별시 영등포구 영중로 15 (영등포동4가),,126.903715993779,37.5172332566615
서울,ok,,타임스퀘어,내셔널지오그래픽 신세계백화점 타임스퀘어점,2926692,38,서울특별시 영등포구 영중로 9 (영등포동4가),7층,126.905567071705,37.5171899712591
서울,ok,,타임스퀘어,노스페이스 신세계백화점 타임스퀘어점,3305388,38,서울특별시 영등포구 영중로 9 (영등포동4가),7층,126.905567071705,37.5171899712591
서울,ok,,타임스퀘어,노스페이스 타임스퀘어점,2931430,38,서울특별시 영등포구 영중로 15 (영등포동4가),1층,126.903715993779,37.5172332566615
서울,ok,,타임스퀘어,노스페이스화이트라벨 타임스퀘어점,3306672,38,서울특별시 영등포구 영중로 15 (영등포동4가),6층,126.903715993779,37.5172332566615
서울,ok,,타임스퀘어,뉴발란스 타임스퀘어점,2907798,38,서울특별시 영등포구 영중로 15 (영등포동4가),,126.903715993779,37.5172332566615
서울,ok,,타임스퀘어,뉴에라 타임스퀘어점,2894279,38,서울특별시 영등포구 영중로 15 (영등포동4가),B2층,126.903715993779,37.5172332566615
서울,ok,,타임스퀘어,다미아니 신세계백화점 타임스퀘어점,4012622,38,서울특별시 영등포구 영중로 15 (영등포동4가),1층,126.903715993779,37.5172332566615
서울,ok,,타임스퀘어,닥스남성 타임스퀘어점,2926683,38,서울특별시 영등포구 영중로 15 (영등포동4가),5층,126.903715993779,37.5172332566615
서울,ok,,타코튜스데이 성수점,,,,,,,
서울,ok,,타코튜즈데이 성수점,,,,,,,
서울,ok,,탄탄면 공방 파르나스몰점,,,,,,,
서울,ok,,탐앤탐스 더 클래식 압구정 로데오점,,,,,,,
서울,ok,,탐앤탐스 사당역점,,,,,,,
서울,ok,,탑골공원,탑골공원,129534,12,서울특별시 종로구 종로 99 (종로2가),,126.98860813395662,37.570500754785236
서울,ok,,탑골공원,탑골공원 팔각정,1605933,12,서울특별시 종로구 종로 99 (종로2가),,126.9886227626,37.5705539611
서울,ok,,태극당,태극당,2721659,39,서울특별시 중구 동호로24길 7 (장충동2가),,127.005087759017,37.5595217348788
서울,ok,,태극당,태극당,2832268,39,경상북도 영주시 번영로 154 태극당,,128.6251244736,36.8250173501
서울,ok,,태화빌딩,,,,,,,
서울,ok,,탬버린즈 플래그십스토어 신사점,,,,,,,
서울,ok,,텅 성수 스페이스,,,,,,,
서울,ok,,테니,김천실내테니스장&김천오토캠핑장,2909565,28,경상북도 김천시 초곡길 287-97,,128.1781435168,36.1409798387
서울,ok,,테니,비트로 조테니스,4012791,38,서울특별시 중구 을지로 252 (을지로6가),1층,127.00595501351,37.5661268997772
서울,ok,,테니,송산 테니스장,2736372,28,경기도 의정부시 부용로214번길 51 (신곡동),,127.0765819147,37.7475599563
서울,ok,,테니,테니 Tenne,2871025,39,서울특별시 성동구 뚝섬로17가길 55,,127.05918930376,37.5410931531432
서울,ok,,테니스 오븐,,,,,,,
서울,ok,,테디 뵈르 하우스,,,,,,,
서울,ok,,테라로사 국립현대미술관 서울점,,,,,,,
서울,ok,,테라로사 포스코센터점,,,,,,,
서울,ok,,테이스티 버거,테이스티버거,2946704,39,서울특별시 마포구 독막로 67-11 (상수동),행운빌딩 1층,126.9207018537,37.5482502235
서울,ok,,토도로기,,,,,,,
서울,ok,,토요코인 호텔 서울 강남점,,,,,,,
서울,ok,,토요코인 호텔 서울 동대문 2,,,,,,,
서울,ok,,토이저러스 롯데마트 제타 플렉스점,,,,,,,
서울,ok,,통인시장,통인시장,1590323,38,서울특별시 종로구 자하문로15길 18 (통인동),,126.969947621917,37.5807670044059
서울,ok,,툇마루 집 된장 예술,,,,,,,
서울,ok,,투썸플레이스 강남역 중앙점,,,,,,,
서울,ok,,투썸플레이스 길음역점,,,,,,,
서울,ok,,투썸플레이스 롯데월드점,,,,,,,
서울,ok,,투썸플레이스 매경미디어 센터점,,,,,,,
서울,ok,,투썸플레이스 성수 SKV 타워 점,,,,,,,
서울,ok,,투썸플레이스 송파구청 사거리점,,,,,,,
서울,ok,,투썸플레이스 송파나루역점,,,,,,,
서울,ok,,투썸플레이스 용산 아이파크몰점,,,,,,,
서울,ok,,투썸플레이스 종로 5가역점,,,,,,,
서울,ok,,트래고그,,,,,,,
서울,ok,,트리지움 아파트,,,,,,,
서울,ok,,티엔 미미 서촌점,,,,,,,
서울,ok,,티와 이 피디,,,,,,,
서울,ok,,팀호완 용산점,,,,,,,
서울,ok,,파라스파라 서울,,,,,,,
서울,ok,,파르나스 몰,,,,,,,
서울,ok,,파리 크루아상 예술의 전당점,,,,,,,
서울,ok,,파리공원,올리브영 목동파리공원점,4009307,38,"서울특별시 양천구 목동서로 65 (목동, 목동가든스위트)",목동가든스위트,126.878730311055,37.5361251512716
서울,ok,,파리공원,파리공원,1114020,12,서울특별시 양천구 목동동로 363 (목동),,126.87715148482228,37.53447774096851
서울,ok,,파리바게뜨 고속 터미널점,,,,,,,
서울,ok,,파리에 스테이션,,,,,,,
서울,ok,,파스쿠찌 소마미술 관점,,,,,,,
서울,ok,,파시 914(넷플릭스 드라마 더 글로리 속 촬영지),파시0914,2870076,39,서울특별시 강남구 도산대로45길 15 (신사동),지하 1층,127.0351337538,37.5232825107
서울,ok,,파이 인 더 숍,,,,,,,
서울,ok,,파이브 가이즈 강남,,,,,,,
서울,ok,,파티스리 카이에,,,,,,,
서울,ok,,파티장 베이커스 한남동점,,,,,,,
서울,ok,,팔공 떡볶이,,,,,,,
서울,ok,,팝 마트 롯데 영 플라자 본점,,,,,,,
서울,ok,,팝 마트 플래그십 스토어,,,,,,,
서울,ok,,팝 퍼블 용산 아이파크몰점,,,,,,,
서울,ok,,팝콘 D 스퀘어,팝콘D스퀘어,3081190,14,서울특별시 용산구 한강대로23길 55 (한강로3가),아이파크몰 테마파크6층 1-1호,126.963177,37.528861
서울,ok,,펀시티 건대점,,,,,,,
서울,ok,,페이퍼 마세,,,,,,,
서울,ok,,페이퍼돌메이트아틀리에,페이퍼돌메이트 아틀리에 서울숲점,2805901,38,서울특별시 성동구 서울숲2길 45-1 (성수동1가),,127.0438299867,37.5463801324
서울,ok,,페페 그라노,페페그라노,2823092,39,서울특별시 노원구 공릉로32길 5,1층,127.079604436162,37.6220530977434
서울,ok,,페페 신사,,,,,,,
서울,ok,,펠러 커피 용산점,,,,,,,
서울,ok,,펠트 커피 청계천점,,,,,,,
서울,ok,,포 시즌스 호텔 유 유안,,,,,,,
서울,ok,,포가 레,,,,,,,
서울,ok,,포도 연남점,,,,,,,
서울,ok,,포동 푸딩,,,,,,,
서울,ok,,포비 용산점,,,,,,,
서울,ok,,포비 파리에 스테이션점,,,,,,,
서울,ok,,포셋,포셋 연희,2899951,38,서울특별시 서대문구 증가로 18 (연희동),305호,126.93126237817238,37.570003878338305
서울,ok,,포시즌 버거,,,,,,,
서울,ok,,포옹 싸,,,,,,,
서울,ok,,포인트오브뷰,,,,,,,
서울,ok,,포켓몬 카드 숍 아이파크몰 용산점,,,,,,,
서울,ok,,포털,,,,,,,
서울,ok,,포토 그레이 서울 연남점,,,,,,,
서울,ok,,포토 슬레이트,,,,,,,
서울,ok,,포토 시그니처 서촌점,,,,,,,
서울,ok,,포토 이즘 박스 마로니에점,,,,,,,
서울,ok,,포토 이즘 박스 발산역점,,,,,,,
서울,ok,,폴 바셋 강남 연 삼성화재점,,,,,,,
서울,ok,,폴라 스튜디오 송리단길점,,,,,,,
서울,ok,,푸디스트 고메이 플레이스 국립중앙박물관점,,,,,,,
서울,ok,,푸르너스가든 서울숲점,,,,,,,
서울,ok,,풀 바셋 한남 커피 스테이션 로스트 웍스,,,,,,,
서울,ok,,풍납토성 경당지구,,,,,,,
서울,ok,,풍년 쌀 농산,,,,,,,
서울,ok,,프랭크 버거 교대역점,,,,,,,
서울,ok,,프레임,에이프레임,2807083,39,강원특별자치도 고성군 죽왕면 가향길 20-1,,128.5049494401,38.3756413491
서울,ok,,프레임,프레임몬타나 본점,4011454,38,서울특별시 강남구 봉은사로38길 4 (역삼동),MEW빌딩 4층,127.037176805999,37.5078835028906
서울,ok,,플레이 인 더 박스 건대점,,,,,,,
서울,ok,,플리퍼스 신세계 센트럴시티점,,,,,,,
서울,ok,,플리퍼스 익선점,,,,,,,
서울,ok,,피그 인 더 가든 광화문점,,,,,,,
서울,ok,,피넛버터 바나나,,,,,,,
서울,ok,,피카소 소극장,,,,,,,
서울,ok,,피크닉,고양 피크닉시민공원,2736410,12,경기도 고양시 일산서구 대화로 355 (대화동),,126.74862201877139,37.6853611332434
서울,ok,,피크닉,과천재즈피크닉,4061420,15,경기도 과천시 관문로 64 (중앙동),과천시민광장,126.989303817953,37.4273687531597
서울,ok,,피크닉,구로피크닉가든,3576903,12,서울특별시 구로구 안양천동자전거길 667 (구로동),,126.872849282893,37.5031414615644
서울,ok,,피크닉,문수힐링피크닉장,3076278,28,울산광역시 남구 옥동,852,129.26976,35.533174
서울,ok,,피크닉,브라운피크닉,2752996,39,부산광역시 기장군 철마면 개좌로 763-25,,129.1487058779,35.2691645819
서울,ok,,피크닉,사문진피크닉장,3023208,12,대구광역시 달성군 화원읍 성산리,,128.477,35.8089
서울,ok,,피크닉,시드니모텔(구 피크닉모텔),3535269,32,강원특별자치도 강릉시 강릉대로 84 (홍제동),,128.8810875106,37.7538736825
서울,ok,,피크닉,올림픽공원피크닉장,2761797,12,서울특별시 송파구 올림픽로 424 (방이동),,127.1150682209,37.5206092598
서울,ok,,피크닉,정서진 피크닉 클래식,2553977,15,인천광역시 서해구 청라대로 88 (청라동),청라국제도시 야외음악당,126.6344177821,37.5283389245
서울,ok,,피크닉,탄금호 피크닉공원,3535008,12,충청북도 충주시 중앙탑면 중앙탑길 150,,127.86270505137412,37.021485579173714
서울,ok,,피크닉,피크닉,2762842,14,서울특별시 중구 퇴계로6가길 30 (남창동),,126.9780630156,37.5563776413
서울,ok,,피크닉,피크닉댕댕,2705419,12,경기도 동두천시 천보산로 344 (탑동동),,127.1085200023,37.8669910664
서울,ok,,피크닉,피크닉모텔,3540179,32,강원특별자치도 강릉시 홍제로85번길 24 (홍제동),,128.8814124790,37.7539486802
서울,ok,,피크닉,피크닉타이거,2893125,39,"경기도 수원시 영통구 센트럴타운로 107 (이의동, 광교푸르지오 월드마크, 월드스퀘어)",,127.0490751089,37.2921429017
서울,ok,,피크닉,한강 서래섬 피크닉 콘서트,4060158,15,서울특별시 서초구 신반포로11길 40 (반포동),,126.992730984132,37.5076939718271
서울,ok,,피크닉,행복&피크닉,2993377,12,강원특별자치도 원주시 복거리길 40,,127.9009945067,37.3177165742
서울,ok,,픽닷,,,,,,,
서울,ok,,핀벨,,,,,,,
서울,ok,,핀치,,,,,,,
서울,ok,,필동면옥,필동면옥,403081,39,서울특별시 중구 서애로 26,,126.9970195064,37.5604469530
서울,ok,,필살기,,,,,,,
서울,ok,,핏에 리아오,,,,,,,
서울,ok,,하나로마트 성산점,,,,,,,
서울,ok,,"하노이 ",,,,,,,
서울,ok,,하늘공원,대동하늘공원,2612261,12,대전광역시 동구 동대전로110번길 182 (대동),,127.451566217741,36.3317158535251
서울,ok,,하늘공원,별똥별 하늘공원,3056855,12,충청남도 태안군 남면 곰섬로 37-18,,126.31086285541792,36.60887648592933
서울,ok,,하늘공원,하늘공원,2654607,12,서울특별시 마포구 하늘공원로 95,,126.8863442556,37.5690977267
서울,ok,,하늘공원,하늘공원 메타세쿼이아 숲길,2720179,12,서울특별시 마포구 상암동,,126.8834,37.5653
서울,ok,,하늘공원,[서울둘레길 15코스] 노을·하늘공원코스,3526353,12,서울특별시 강서구 가양동,1459-11 (가양대교 남단~증산역),126.8565,37.5637
서울,ok,,하땅사 극장,,,,,,,
서울,ok,,하루 필름 홍대 직영 2호점,,,,,,,
서울,ok,,하루에버 연남,,,,,,,
서울,ok,,하모니마트 홍대 입구점,,,,,,,
서울,ok,,하와이 조개 영등포점,,,,,,,
서울,ok,,하이디라오 명동점,,,,,,,
서울,ok,,하이디라오 영등포점,,,,,,,
서울,ok,,하이엔드 코리아,,,,,,,
서울,ok,,하이커 그라운드,하이커 그라운드,2834048,14,서울특별시 중구 청계천로 40 한국관광공사 서울센터,,126.9816266395,37.5685272932
서울,ok,,하이파킹 구로원메디타운 주차장,,,,,,,
서울,ok,,한강,강서한강공원,2733968,12,서울특별시 강서구 양천로27길 279-23 (방화동),,126.81714524346386,37.58604150556127
서울,ok,,한강,고운골 남한강 갈대숲,2736659,12,충청북도 단양군 가곡면 사평리 673,,128.3820043976,37.0197515446
서울,ok,,한강,광나루한강공원,250252,12,서울특별시 강동구 선사로 83-106 (암사동),83-106,127.1222639517,37.5500198634
서울,ok,,한강,광나루한강공원 암사생태공원,814195,12,서울특별시 강동구 선사로 83-106 (암사동),,127.1228,37.5554
서울,ok,,한강,구리한강시민공원(코스모스공원),228874,12,경기도 구리시 코스모스길14번길 249 (토평동),,127.1328627799,37.5744784637
서울,ok,,한강,김포한강야생조류생태공원,2653096,12,경기도 김포시 김포한강11로 455 (운양동),,126.69935100537751,37.65478253960214
서울,ok,,한강,김포한강오토캠핑장,2734831,28,경기도 김포시 하성면 월하로912번길 64,,126.6549772606,37.7033936573
서울,ok,,한강,난지한강공원,127859,12,서울특별시 마포구 한강난지로 162 (상암동),,126.8851546298,37.5630252055
서울,ok,,한강,난지한강공원 익스트림장,1029885,28,서울특별시 마포구 한강난지로 162 (상암동),,126.8851546298,37.5630252055
서울,ok,,한강,난지한강공원물놀이장,3057076,28,서울특별시 마포구 마포나루길 216 (상암동),,126.87901825097974,37.56483060789235
서울,ok,,한강,남양주한강공원(삼패지구),2733839,12,경기도 남양주시 강변북로632번길 14 (수석동),,127.17092906201816,37.58597509731076
서울,ok,,한강,남한강,131293,28,충청북도 충주시 엄정면 목계리,,127.8836197407,37.0753497633
서울,ok,,한강,남한강 래프팅(단양),131787,28,충청북도 단양군 영춘면 강변로 704,,128.4866152711,37.0872735337
서울,ok,,한강,남한강 승마 클럽,3075194,28,충청북도 충주시 중앙탑면 북부로 2140,,127.8554,37.0704
서울,ok,,한강,남한강 자전거길,2605334,28,경기도 남양주시 와부읍 경강로926번길 80,,127.238746566691,37.5495870547883
서울,ok,,한강,남한강민물매운탕,2840211,39,서울특별시 광진구 동일로 150 (화양동),,127.0662247324,37.5456776907
서울,ok,,한강,남한강수상스키장,2758033,28,경기도 양평군 옥천면 남한강변길 274-1,,127.4400334310,37.5101858123
서울,ok,,한강,남한강을 따라 만나는 역사의 향기,1887382,25,,,127.8409747200,37.1323229682
서울,ok,,한강,남한강을 따라 흩어진 역사의 향기,1887698,25,,,127.6038994562,37.3060263378
서울,ok,,한강,남한강출렁다리,3537123,12,경기도 여주시 강문로 8-578 (천송동),,127.6559,37.2949
서울,ok,,한강 치킨 본점,,,,,,,
서울,ok,,한강대교,,,,,,,
서울,ok,,한강진 역 6호선,,,,,,,
서울,ok,,한국 금융사 박물관,한국금융사박물관,130157,14,서울특별시 중구 세종대로 135-5 (태평로1가),,126.9764433706,37.5686567411
서울,ok,,한국 집 롯데월드몰점,,,,,,,
서울,ok,,한국 통닭,,,,,,,
서울,ok,,한국외국어대학교 서울캠퍼스,,,,,,,
서울,ok,,한국은행 본부,,,,,,,
서울,ok,,한국은행 화폐박물관,한국은행 화폐박물관,2762802,14,서울특별시 중구 남대문로 39 (남대문로3가),,126.979991760891,37.5621506093431
서울,ok,,한남동 카페거리,,,,,,,
서울,ok,,한복남 경복궁점,한복남 경복궁점,2390314,12,서울특별시 종로구 사직로 133-5,,126.9733212169,37.5762891312
서울,ok,,한섬 팩토리아울렛 가산점,,,,,,,
서울,ok,,한성백제 박물관,한성백제박물관,1916296,14,서울특별시 송파구 위례성대로 71 (방이동),,127.1206650789,37.5154988428
서울,ok,,한식당,묘한식당,2809900,39,제주특별자치도 제주시 녹차분재로 601,,126.262127681162,33.3226211550477
서울,ok,,한식당,봄날의 정원 한식당,2891616,39,인천광역시 강화군 선원면 선원사지로 67,,126.5070291097,37.7243497076
서울,ok,,한식당,사비성 (동학산장호텔 한식당),133943,39,충청남도 공주시 반포면 동학사1로 266-4,,127.2381753654,36.3595814233
서울,ok,,한식당,지강한식당 압구정 본점,4016987,39,서울특별시 강남구 압구정로30길 17 (신사동),,127.029553686621,37.5263301884169
서울,ok,,한식당,찐한식당,2859368,39,충청북도 옥천군 지전길 14 음식점,,127.7952398950,36.3443403319
서울,ok,,한식당,청룡 장모님 한식당,2807685,39,경상북도 경주시 진현로2길 55 (진현동),,129.326966004407,35.7863080273941
서울,ok,,한식당,한식당 남문,2558137,39,강원특별자치도 춘천시 남산면 남이섬길 1,,127.5261035858,37.7901159965
서울,ok,,한식당,[백년가게]대한식당,2616101,39,전남광주통합특별시 광양시 광양읍 매일시장길 12-15,,127.5856058874,34.9762277488
서울,ok,,한신포차 송파 방이점,,,,,,,
서울,ok,,한양도성 유적전시관,한양도성유적전시관,3045072,14,서울특별시 중구 소월로 99 (회현동1가),,126.9817995542117,37.55418467509315
서울,ok,,한우리 센트럴시티점,,,,,,,
서울,ok,,한전아트센터,한전아트센터 공연장,130315,14,서울특별시 서초구 효령로72길 60 (서초동),,127.0280882379,37.4856423108
서울,ok,,한지문화산업센터,한지가헌,3368708,14,서울특별시 종로구 북촌로 31-9 (재동),,126.9844043563999,37.57953759430051
서울,ok,,할리스 강남역점,,,,,,,
서울,ok,,할리스 선릉 샹젤리제점,,,,,,,
서울,ok,,할리스 연트럴파크점,,,,,,,
서울,ok,,할리스 홍대 거리점,,,,,,,
서울,ok,,할머니의 레시피,할머니의 레시피,2895145,39,서울특별시 성동구 서울숲2길 44-12,,127.0431018227,37.5462299888
서울,ok,,할아버지 공장,,,,,,,
서울,ok,,함박웃음 식당,,,,,,,
서울,ok,,함흥 본가면옥 건대점,,,,,,,
서울,ok,,합정식,,,,,,,
서울,ok,,핫 브레드 가락시장역점,,,,,,,
서울,ok,,핫 브레드 성신여대입구역점,,,,,,,
서울,ok,,핫떡 암사점,,,,,,,
서울,ok,,핫쵸 성수점,,,,,,,
서울,ok,,항동 철길,,,,,,,
서울,ok,,해머스미스 커피 교대 정문점,,,,,,,
서울,ok,,해바라기 소극장,,,,,,,
서울,ok,,해밥 대학로점,,,,,,,
서울,ok,,해방,부흥국수 해방촌국수,2795304,39,경기도 의정부시 장곡로 458 (신곡동),,127.0558227975,37.7441210927
서울,ok,,해방,사해방흑돼지,2481642,39,제주특별자치도 서귀포시 천제연로 263,,126.432727313043,33.2514987875865
서울,ok,,해방,서울 해방촌의 이국적인 맛집을 찾아서,2385683,25,,,126.9831045523,37.5447207531
서울,ok,,해방,옵틱리브레 해방안경 대구대곡역점,3305308,38,대구광역시 달서구 비슬로 2708 (대곡동),,128.511646367735,35.8086214146441
서울,ok,,해방,해방촌 혼고,2740116,39,서울특별시 용산구 신흥로 89,,126.9854654198,37.5457317890
서울,ok,,해방,해방촌마을,2761544,12,서울특별시 용산구 신흥로3가길 66 (용산동2가),,126.9840128576,37.5427821054
서울,ok,,행복한 백화점 목동점,,,,,,,
서울,ok,,허니 크랙,,,,,,,
서울,ok,,허밍 버드,,,,,,,
서울,ok,,허브족발,,,,,,,
서울,ok,,헤르니아,,,,,,,
서울,ok,,헤르츠 모텔,,,,,,,
서울,ok,,헤리티지 플로스,,,,,,,
서울,ok,,헤이,뮤지엄헤이,3369652,14,경기도 파주시 탄현면 평화로 885-43,,126.690283218336,37.7828471165328
서울,ok,,헤이,앤헤이븐,2869276,39,서울특별시 강남구 영동대로129길 22,,127.0556653566,37.5184028905
서울,ok,,헤이,카페 헤이브,2875269,39,경상남도 김해시 내외로77번길 12 (내동),,128.8661258674,35.2356492348
서울,ok,,헤이,카페더헤이븐,2842560,39,경상북도 포항시 남구 장기면 동해안로 3952-44,,129.5178633945,35.9268308943
서울,ok,,헤이,커피공장103 헤이리점,2841885,39,경기도 파주시 탄현면 헤이리마을길 93-119,,126.6976930811,37.7917257856
서울,ok,,헤이,코나헤이븐,2836585,39,경기도 용인시 수지구 신봉1로 436 (신봉동),,127.0413440668,37.3345128550
서울,ok,,헤이,헤이 썬 브런치카페,2844977,39,경기도 용인시 수지구 성복2로 400 (성복동),,127.0462273040,37.3221560407
서울,ok,,헤이,"헤이, 서귀포",2918548,32,제주특별자치도 서귀포시 태평로 363 (서귀동),,126.5600780016,33.2461172827
서울,ok,,헤이,헤이그라운드,2782927,39,전북특별자치도 김제시 금산면 모악로 460-20,,127.0415765757,35.7165152364
서울,ok,,헤이,헤이다이닝,2844809,39,울산광역시 남구 돋질로312번길 7 (삼산동),,129.3389816591,35.5428457506
서울,ok,,헤이,헤이더그린,2832899,39,서울특별시 강서구 대장로 58,,126.7942384993,37.5425037478
서울,ok,,헤이,헤이든,2832655,39,부산광역시 기장군 일광읍 문오성길 22,,129.2567155544,35.2824206625
서울,ok,,헤이,헤이리 예술마을,128168,12,경기도 파주시 탄현면 헤이리마을길 70-21,,126.69929799395,37.7880092899503
서울,ok,,헤이,헤이리 트릭아트,3012679,14,경기도 파주시 탄현면 헤이리마을길 93-53,,126.6967030167441,37.79003960619057
서울,ok,,헤이,헤이리농원,3021180,12,경기도 파주시 탄현면 방촌로649번길 152-41,,126.707854721245,37.8003105850017
서울,ok,,헤이,헤이리무장애노을숲길,3032506,12,경기도 파주시 탄현면 법흥리,1652-585,126.7024,37.7902
서울,ok,,헤이,헤이리스,2782872,14,경기도 파주시 탄현면 헤이리마을길 7,,126.694717879502,37.7882869516154
서울,ok,,헤이,헤이리시네마,2654543,14,경기도 파주시 탄현면 헤이리마을길 93-119 커피공장 103 카페 3층,,126.697678604018,37.7916699241586
서울,ok,,헤이,헤이리예술마을뮤지엄카페 타임캡슐,736105,14,경기도 파주시 탄현면 헤이리마을길 59-63,,126.695820495643,37.7901672968951
서울,ok,,헤이,헤이리풀빌라 워라벨 호스텔,2671726,32,경기도 파주시 탄현면 샘철길 38-12,,126.6887356312,37.7894981080
서울,ok,,헤이 더 그린,헤이더그린,2832899,39,서울특별시 강서구 대장로 58,,126.7942384993,37.5425037478
서울,ok,,헤이데이,,,,,,,
서울,ok,,현대 시티 아울렛 가산점,,,,,,,
서울,ok,,현대 시티 아울렛 동대문점,,,,,,,
서울,ok,,현대모터 스튜디오 서울,,,,,,,
서울,ok,,현대백화점 무역센터점,갤럭시 현대백화점 무역센터점,2922388,38,서울특별시 강남구 테헤란로 517 (삼성동),7층,127.059765116537,37.5086151302204
서울,ok,,현대백화점 무역센터점,게스 현대백화점 무역센터점,2917627,38,서울특별시 강남구 테헤란로 517 (삼성동),6층,127.059765116537,37.5086151302204
서울,ok,,현대백화점 무역센터점,고야드 현대백화점 무역센터점,2925786,38,서울특별시 강남구 테헤란로 517 (삼성동),1층,127.059765116537,37.5086151302204
서울,ok,,현대백화점 무역센터점,골든구스 현대백화점 무역센터점,2918628,38,서울특별시 강남구 테헤란로 517 (삼성동),2층,127.059765116537,37.5086151302204
서울,ok,,현대백화점 무역센터점,골든듀 현대백화점 무역센터점,2915643,38,서울특별시 강남구 테헤란로 517 (삼성동),3층,127.059765116537,37.5086151302204
서울,ok,,현대백화점 무역센터점,구찌 현대백화점 무역센터점,2907553,38,서울특별시 강남구 테헤란로 517 (삼성동),1층,127.059765116537,37.5086151302204
서울,ok,,현대백화점 무역센터점,금강안경 현대백화점 무역센터점,2914059,38,서울특별시 강남구 테헤란로 517 (삼성동),4층,127.059765116537,37.5086151302204
서울,ok,,현대백화점 무역센터점,까르띠에 현대백화점 무역센터점,2907778,38,서울특별시 강남구 테헤란로 517 (삼성동),1층,127.059765116537,37.5086151302204
서울,ok,,현대백화점 무역센터점,꼼데가르송 여성 컬렉션 현대백화점 무역센터점,2918284,38,서울특별시 강남구 테헤란로 517 (삼성동),3층,127.059765116537,37.5086151302204
서울,ok,,현대백화점 무역센터점,네스프레소 부티크 현대백화점 무역센터점,2923879,38,서울특별시 강남구 테헤란로 517 (삼성동),3층,127.059765116537,37.5086151302204
서울,ok,,현대백화점 무역센터점,노스페이스 현대백화점 무역센터점,2918331,38,서울특별시 강남구 테헤란로 517 (삼성동),6층,127.059765116537,37.5086151302204
서울,ok,,현대백화점 무역센터점,데상트 현대백화점 무역센터점,2918057,38,서울특별시 강남구 테헤란로 517 (삼성동),6층,127.059765116537,37.5086151302204
서울,ok,,현대백화점 무역센터점,디디에두보 현대백화점 무역센터점,2918448,38,서울특별시 강남구 테헤란로 517 (삼성동),,127.059765116537,37.5086151302204
서울,ok,,현대백화점 무역센터점,라이카 스토어 현대백화점 무역센터점,2925732,38,서울특별시 강남구 테헤란로 517 (삼성동),7층,127.059765116537,37.5086151302204
서울,ok,,현대백화점 무역센터점,랑방컬렉션 현대백화점 무역센터점,2918404,38,서울특별시 강남구 테헤란로 517 (삼성동),5층,127.059765116537,37.5086151302204
서울,ok,,현대백화점 무역센터점,레오나드 현대백화점 무역센터점,2918173,38,서울특별시 강남구 테헤란로 517 (삼성동),3층,127.059765116537,37.5086151302204
서울,ok,,현대백화점 무역센터점,로에베 현대백화점 무역센터점,2918575,38,서울특별시 강남구 테헤란로 517 (삼성동),2층,127.059765116537,37.5086151302204
서울,ok,,현대백화점 무역센터점,로저비비에 현대백화점 무역센터점,4026752,38,서울특별시 강남구 테헤란로 517 (삼성동),2층,127.059765116537,37.5086151302204
서울,ok,,현대백화점 무역센터점,록시땅 현대백화점 무역센터점,2924608,38,서울특별시 강남구 테헤란로 517 (삼성동),2층,127.059765116537,37.5086151302204
서울,ok,,현대백화점 무역센터점,롤렉스 현대백화점 무역센터점,2905645,38,서울특별시 강남구 테헤란로 517 (삼성동),2층,127.059765116537,37.5086151302204
서울,ok,,현대백화점 신촌점,골든듀 현대백화점 신촌점,2915272,38,서울특별시 서대문구 신촌로 83 (창천동),,126.935844876509,37.5560830579515
서울,ok,,현대백화점 신촌점,그랜드세이코 세이코 현대백화점 신촌점,4025562,38,서울특별시 서대문구 신촌로 83 (창천동),2층,126.935844876509,37.5560830579515
서울,ok,,현대백화점 신촌점,금강제화 현대백화점 신촌점,2910285,38,서울특별시 서대문구 신촌로 83 (창천동),,126.935844876509,37.5560830579515
서울,ok,,현대백화점 신촌점,내셔널지오그래픽 현대백화점 신촌점,2927067,38,서울특별시 서대문구 신촌로 83 (창천동),8층,126.935844876509,37.5560830579515
서울,ok,,현대백화점 신촌점,네파 현대백화점 신촌점,2927074,38,서울특별시 서대문구 신촌로 83 (창천동),8층,126.935844876509,37.5560830579515
서울,ok,,현대백화점 신촌점,닥스 셔츠 현대백화점 신촌점,4013028,38,서울특별시 서대문구 신촌로 83 (창천동),6층,126.935844876509,37.5560830579515
서울,ok,,현대백화점 신촌점,디스커버리 현대백화점 신촌점,2927071,38,서울특별시 서대문구 신촌로 83 (창천동),8층,126.935844876509,37.5560830579515
서울,ok,,현대백화점 신촌점,르베이지 현대백화점 신촌점,2927077,38,서울특별시 서대문구 신촌로 83 (창천동),5층,126.935844876509,37.5560830579515
서울,ok,,현대백화점 신촌점,마인드브릿지 현대백화점 신촌점,2924530,38,서울특별시 서대문구 신촌로 83 (창천동),,126.935844876509,37.5560830579515
서울,ok,,현대백화점 신촌점,미니골드 현대백화점 신촌점,2922822,38,서울특별시 서대문구 신촌로 83 (창천동),B2층,126.935844876509,37.5560830579515
서울,ok,,현대백화점 신촌점,부루앤쥬디 현대백화점 신촌점,2924528,38,서울특별시 서대문구 신촌로 83 (창천동),,126.935844876509,37.5560830579515
서울,ok,,현대백화점 신촌점,비체 현대백화점 신촌점,2908621,38,서울특별시 서대문구 신촌로 83 (창천동),,126.935844876509,37.5560830579515
서울,ok,,현대백화점 신촌점,빈폴멘 현대백화점 신촌점,2922403,38,서울특별시 서대문구 신촌로 83 (창천동),7층,126.935844876509,37.5560830579515
서울,ok,,현대백화점 신촌점,스톤헨지 현대백화점 신촌점,2924041,38,서울특별시 서대문구 신촌로 83 (창천동),,126.935844876509,37.5560830579515
서울,ok,,현대백화점 신촌점,쌤소나이트 레드 현대백화점 신촌점 유플렉스,2924525,38,서울특별시 서대문구 연세로 13 (창천동),B1층,126.936559696179,37.5567378385686
서울,ok,,현대백화점 신촌점,에잇세컨즈 현대백화점 신촌점 유플렉스,4013031,38,서울특별시 서대문구 연세로 13 (창천동),1층,126.936559696179,37.5567378385686
서울,ok,,현대백화점 신촌점,오렌즈 현대백화점 신촌점,4013027,38,서울특별시 서대문구 신촌로 83 (창천동),B2층,126.935844876509,37.5560830579515
서울,ok,,현대백화점 신촌점,올젠 현대백화점 신촌점,2927075,38,서울특별시 서대문구 신촌로 83 (창천동),,126.935844876509,37.5560830579515
서울,ok,,현대백화점 신촌점,원더플레이스 현대백화점 신촌점 유플렉스,3306578,38,서울특별시 서대문구 연세로 13 (창천동),,126.936559696179,37.5567378385686
서울,ok,,현대백화점 신촌점,웨이브안경 현대백화점 신촌점,2912342,38,서울특별시 서대문구 신촌로 83 (창천동),11층,126.935844876509,37.5560830579515
서울,ok,,현대백화점 유플렉스 신촌점,,,,,,,
서울,ok,,현대백화점 천호점,갤럭시 현대백화점 천호점,2903096,38,서울특별시 강동구 천호대로 1005 (천호동),6층,127.124440988259,37.5389750482546
서울,ok,,현대백화점 천호점,골든듀 현대백화점 천호점,2900988,38,서울특별시 강동구 천호대로 1005 (천호동),,127.124440988259,37.5389750482546
서울,ok,,현대백화점 천호점,금강안경 현대백화점 천호점,4011678,38,서울특별시 강동구 천호대로 1005 (천호동),4층,127.124440988259,37.5389750482546
서울,ok,,현대백화점 천호점,마에스트로 현대백화점 천호점,2910270,38,서울특별시 강동구 천호대로 1005 (천호동),,127.124440988259,37.5389750482546
서울,ok,,현대백화점 천호점,비체 현대백화점 천호점,4011680,38,서울특별시 강동구 천호대로 1005 (천호동),1층,127.124440988259,37.5389750482546
서울,ok,,현대백화점 천호점,스톤헨지 현대백화점 천호점,4026766,38,서울특별시 강동구 천호대로 1005 (천호동),1층,127.124440988259,37.5389750482546
서울,ok,,현대백화점 천호점,에잇세컨즈 현대백화점 천호점,2900321,38,서울특별시 강동구 천호대로 1005 (천호동),,127.124440988259,37.5389750482546
서울,ok,,현대백화점 천호점,올젠 현대백화점 천호점,2917677,38,서울특별시 강동구 천호대로 1005 (천호동),,127.124440988259,37.5389750482546
서울,ok,,현대백화점 천호점,캠브리지 현대백화점 천호점,2925028,38,서울특별시 강동구 천호대로 1005 (천호동),,127.124440988259,37.5389750482546
서울,ok,,현대백화점 천호점,코오롱스포츠 현대백화점 천호점,4011679,38,서울특별시 강동구 천호대로 1005 (천호동),7층,127.124440988259,37.5389750482546
서울,ok,,현대백화점 천호점,토즈 현대백화점 천호점,2900763,38,서울특별시 강동구 천호대로 1005 (천호동),1층,127.124440988259,37.5389750482546
서울,ok,,현대백화점 천호점,현대백화점 천호점,2906228,38,서울특별시 강동구 천호대로 1005 (천호동),,127.124440988259,37.5389750482546
서울,ok,,현대백화점 천호점,ABC마트 GS 현대백화점 천호점,2924505,38,서울특별시 강동구 천호대로 1005 (천호동),,127.124440988259,37.5389750482546
서울,ok,,현대카드 디자인 라이브러리,,,,,,,
서울,ok,,현대카드 뮤직 라이브러리,현대카드 뮤직 라이브러리,3428325,14,서울특별시 용산구 이태원로 246 (한남동),,127.0007170640,37.5366886688
서울,ok,,현대카드 쿠킹 라이브러리,,,,,,,
서울,ok,,현선이네 용산 본점,,,,,,,
서울,ok,,형제 네 생소금 구이,,,,,,,
서울,ok,,혜화동 성당,,,,,,,
서울,ok,,혜화문,,,,,,,
서울,ok,,호랑이 카 레 북촌 본점,,,,,,,
서울,ok,,호미 호식,,,,,,,
서울,ok,,호족반 청담,호족반 청담,2855422,39,서울특별시 강남구 언주로164길 39 (신사동),,127.0367640978,37.5255100592
서울,ok,,호텔 데저트,,,,,,,
서울,ok,,호텔 캠퍼스,,,,,,,
서울,ok,,호텔 팝 리즈 프리미어,,,,,,,
서울,ok,,호텔리베라,호텔리베라 거제,2578995,32,경상남도 거제시 일운면 거제대로 2190,,128.704088887676,34.8112109128651
서울,ok,,호텔리베라,호텔리베라 청담,142764,32,서울특별시 강남구 영동대로 737,,127.0543430983,37.5239188930
서울,ok,,호호 식당 파미 스테이션 점,,,,,,,
서울,ok,,홈 보이 서울,,,,,,,
서울,ok,,홈 오브 하이,,,,,,,
서울,ok,,홈플러스 월드컵점,다이소 홈플러스 월드컵점,4027406,38,서울특별시 마포구 월드컵로 240 (성산동),,126.897273034482,37.5682884450841
서울,ok,,홍대 반지 카페 본점,,,,,,,
서울,ok,,홍대 수제버거 풀리너마이트,,,,,,,
서울,ok,,홍대 앞 걷고 싶은 거리,홍대걷고싶은거리,3082405,12,서울특별시 마포구 서교동,,126.924307,37.555999
서울,ok,,홍대 예술의 거리,,,,,,,
서울,ok,,홍대 패션거리,,,,,,,
서울,ok,,홍대네 컷 홍대 2호점,,,,,,,
서울,ok,,홍대엔 파스타,,,,,,,
서울,ok,,홍대입구역 2호선,,,,,,,
서울,ok,,홍대입구역 공항철도 4번 출구,,,,,,,
서울,ok,,홍익대학교 서울캠퍼스,,,,,,,
서울,ok,,홍제천 인공폭포,홍제천인공폭포,3452906,12,서울특별시 서대문구 연희로 248 (연희동),,126.9362995081,37.5792603445
서울,ok,,홍콩반점 41 강남역점,,,,,,,
서울,ok,,홍콩반점 41 망원시장점,,,,,,,
서울,ok,,홍콩반점 41 영등포역점,,,,,,,
서울,ok,,홍콩반점 41 홍대입구역점,,,,,,,
서울,ok,,화단 과자점,,,,,,,
서울,ok,,화양연화,,,,,,,
서울,ok,,화원,가평문화원,129877,14,경기도 가평군 가평읍 문화로 121,,127.5086764052,37.8239061890
서울,ok,,화원,강남문화원,130373,14,서울특별시 강남구 논현로131길 40 (논현동),,127.02710608967487,37.513847089614906
서울,ok,,화원,강동문화원,130376,14,서울특별시 강동구 상암로 168 (천호동),,127.1412345681,37.5457706995
서울,ok,,화원,강릉문화원,129942,14,강원특별자치도 강릉시 하슬라로 96 (교동),,128.87381940149692,37.75872442633942
서울,ok,,화원,강북문화원,130217,14,서울특별시 강북구 삼각산로 85,(수유동),127.013293703712,37.6407884967305
서울,ok,,화원,강화문화원,129867,14,인천광역시 강화군 강화읍 남문로 52,,126.4879775686,37.7425639138
서울,ok,,화원,강화원조칼국수,2877991,39,인천광역시 강화군 화도면 해안남로 1367,,126.4622367757,37.5962916217
서울,ok,,화원,거제문화원,129947,14,경상남도 거제시 능포로 7,(장승포동),128.7230565080,34.8701125536
서울,ok,,화원,경산문화원,130502,14,경상북도 경산시 서상길 75 (서상동),,128.7341380141,35.8184589358
서울,ok,,화원,경주문화원,130030,14,경상북도 경주시 중앙로 67-12 (동부동),,129.2103948710745,35.84603137409364
서울,ok,,화원,고성문화원,129889,14,강원특별자치도 고성군 간성읍 간성로 71-7,,128.4669111436,38.3786985861
서울,ok,,화원,고성문화원(경남),129943,14,경상남도 고성군 고성읍 성내로 54,,128.3149337201,34.9754351028
서울,ok,,화원,고양문화원,129874,14,경기도 고양시 일산서구 한류월드로 280 (대화동),,126.7562912956,37.6650638123
서울,ok,,화원,고창문화원,130051,14,전북특별자치도 고창군 고창읍 천변북로 119,,126.7053525574,35.4344220857
서울,ok,,화원,고흥문화원,129996,14,전남광주통합특별시 고흥군 고흥읍 고흥로 1892-67,,127.2975208647,34.6124080728
서울,ok,,화원,곡성문화원,129991,14,전남광주통합특별시 곡성군 곡성읍 곡성로 855,,127.2974151402,35.2804829367
서울,ok,,화원,과천문화원,129866,14,경기도 과천시 문원로 40-1 (문원동),,127.0018061326,37.4283929277
서울,ok,,화원,과학관과 문화원에서 대구에 대해 알아보기,1978180,25,,,128.4655208035,35.6882159398
서울,ok,,화원,관악문화원,130212,14,서울특별시 관악구 신림로3길 35 (신림동),,126.9448852069,37.4676512424
서울,ok,,화원,광명문화원,130093,14,경기도 광명시 철망산로 42 (하안동),,126.87319170902937,37.467539777737784
서울,ok,,환기미술관,환기미술관,129760,14,서울특별시 종로구 자하문로40길 63,(부암동),126.9661269237,37.5940980426
서울,ok,,회화나무,서산 해미읍성 회화나무,917225,12,충청남도 서산시 해미면 동문1길 36-1,(해미면),126.5488417988,36.7129010308
서울,ok,,회화나무,인천 신현동 회화나무,1619744,12,인천광역시 서해구 신현동 131-7,,126.667397680149,37.5164557841985
서울,ok,,회화나무,함안 영동리 회화나무,702511,12,경상남도 함안군 칠북면 영동2길 18-31,,128.5314191715,35.3318350969
서울,ok,,효도 치킨 광화문점,,,,,,,
서울,ok,,효뜨,효뜨,2807589,39,서울특별시 용산구 한강대로40가길 6,,126.9713226968,37.5304055382
서울,ok,,효뜨,효뜨꽌,2827032,39,경기도 성남시 분당구 정자일로 140 (정자동),정자역엠코헤리츠 2단지 1층 122호,127.106555413744,37.3625100862929
서울,ok,,효자동 초밥,,,,,,,
서울,ok,,효자손 왕만두,,,,,,,
서울,ok,,훈카츠,훈카츠,2808930,39,서울특별시 영등포구 선유로9길 10 문래 SK V1 center,,126.887151186264,37.5178650997687
서울,ok,,훈훈 호떡,,,,,,,
서울,ok,,훠궈 나라 강남점,,,,,,,
서울,ok,,훠궈 나라 홍대점,,,,,,,
서울,ok,,흥인지문,흥인지문,126514,12,서울특별시 종로구 종로 288 (종로6가),,127.0097180432,37.5712209291
서울,ok,,흥인지문,흥인지문공원,3056442,12,서울특별시 종로구 종로6가,70,127.009077,37.571926
서울,ok,,히노야 마,히노야마,2852774,39,서울특별시 양천구 목동서로 349 (신정동),,126.8653216097,37.5174607031
서울,ok,,힐사이드 테이블,,,,,,,
수원,ok,,1059-3 Coffee House,,,,,,,
수원,ok,,143베이커리 커피숍,,,,,,,
수원,ok,,AK 푸드홀,,,,,,,
수원,ok,,AK플라자 수원,갤럭시 AK플라자 수원점,4011490,38,경기도 수원시 팔달구 덕영대로 924 (매산로1가),4층,127.000179930083,37.2655920786365
수원,ok,,AK플라자 수원,게스 AK플라자 수원점,2918717,38,경기도 수원시 팔달구 덕영대로 924 (매산로1가),4층,127.000179930083,37.2655920786365
수원,ok,,AK플라자 수원,골든듀 AK플라자 수원점,2909892,38,경기도 수원시 팔달구 덕영대로 924 (매산로1가),2층,127.000179930083,37.2655920786365
수원,ok,,AK플라자 수원,금강제화 AK플라자 수원점,2912754,38,경기도 수원시 팔달구 덕영대로 924 (매산로1가),2층,127.000179930083,37.2655920786365
수원,ok,,AK플라자 수원,네파 AK플라자 수원점,2918606,38,경기도 수원시 팔달구 덕영대로 924 (매산로1가),4층,127.000179930083,37.2655920786365
수원,ok,,AK플라자 수원,닥스남성 AK플라자 수원점,2911614,38,경기도 수원시 팔달구 덕영대로 924 (매산로1가),4층,127.000179930083,37.2655920786365
수원,ok,,AK플라자 수원,디스커버리 AK플라자 수원점,2918497,38,경기도 수원시 팔달구 덕영대로 924 (매산로1가),4층,127.000179930083,37.2655920786365
수원,ok,,AK플라자 수원,론진 AK플라자 수원점,4025438,38,경기도 수원시 팔달구 덕영대로 924 (매산로1가),1층,127.000179930083,37.2655920786365
수원,ok,,AK플라자 수원,마에스트로 AK플라자 수원점,2931868,38,경기도 수원시 팔달구 덕영대로 924 (매산로1가),4층,127.000179930083,37.2655920786365
수원,ok,,AK플라자 수원,바쏘옴므 AK플라자 수원점,2900592,38,경기도 수원시 팔달구 덕영대로 924 (매산로1가),4층,127.000179930083,37.2655920786365
수원,ok,,AK플라자 수원,버커루진 AK플라자 수원점,2918712,38,경기도 수원시 팔달구 덕영대로 924 (매산로1가),4층,127.000179930083,37.2655920786365
수원,ok,,AK플라자 수원,블랙야크 AK플라자 수원점,2918648,38,경기도 수원시 팔달구 덕영대로 924 (매산로1가),4층,127.000179930083,37.2655920786365
수원,ok,,AK플라자 수원,빈폴 AK플라자 수원점,2924767,38,경기도 수원시 팔달구 덕영대로 924 (매산로1가),4층,127.000179930083,37.2655920786365
수원,ok,,AK플라자 수원,삼성스토어 AK플라자 수원점,4025439,38,경기도 수원시 팔달구 덕영대로 924 (매산로1가),5층,127.000179930083,37.2655920786365
수원,ok,,AK플라자 수원,스타몽뜨레 AK플라자 수원점,2910679,38,경기도 수원시 팔달구 덕영대로 924 (매산로1가),2층,127.000179930083,37.2655920786365
수원,ok,,AK플라자 수원,스톤헨지 AK플라자 수원점,2924006,38,경기도 수원시 팔달구 덕영대로 924 (매산로1가),2층,127.000179930083,37.2655920786365
수원,ok,,AK플라자 수원,스파오 AK플라자 수원점,4025440,38,경기도 수원시 팔달구 덕영대로 924 (매산로1가),5층,127.000179930083,37.2655920786365
수원,ok,,AK플라자 수원,아이더 AK플라자 수원점,2918643,38,경기도 수원시 팔달구 덕영대로 924 (매산로1가),4층,127.000179930083,37.2655920786365
수원,ok,,AK플라자 수원,아이잗바바 AK플라자 수원점,2926872,38,경기도 수원시 팔달구 덕영대로 924 (매산로1가),3층,127.000179930083,37.2655920786365
수원,ok,,AK플라자 수원,챰스 AK플라자 수원점,2922540,38,경기도 수원시 팔달구 덕영대로 924 (매산로1가),2층,127.000179930083,37.2655920786365
수원,ok,,AK플라자 수원 AK 갤러리,,,,,,,
수원,ok,,ARE COFFEE,,,,,,,
수원,ok,,GS 더 프레시 수원 팔달점,,,,,,,
수원,ok,,GS25 금곡 센트럴점,,,,,,,
수원,ok,,GS25 수원 행리단길점,,,,,,,
수원,ok,,LG전자 베스트숍 남수원 본점,,,,,,,
수원,ok,,NC백화점 수원터미널점,,,,,,,
수원,ok,,NoSmokeWithoutFire,,,,,,,
수원,ok,,PPK 키친 광교,,,,,,,
수원,ok,,ZARA 자라 롯데몰 수원점,,,,,,,
수원,ok,,가락국수 일 번가,,,,,,,
수원,ok,,개울,개울가식당,2840696,39,경상북도 경산시 와촌면 갓바위로81길 7-5,,128.7611701103,35.9758471797
수원,ok,,개울,개울가오토캠핑장,2740124,28,경기도 가평군 설악면 유명로 654-58,,127.4949674269,37.6030288256
수원,ok,,개울,개울테라스,2846378,39,경기도 광주시 남한산성면 남한산성로 212-5,,127.22939088283,37.4560781127967
수원,ok,,개울,개울한옥민박,2574326,32,전남광주통합특별시 해남군 옥천면 도림길 81,,126.6616456733,34.5159721453
수원,ok,,개울,닿다 개울가애,3102077,32,경상북도 안동시 평화5길 62-8 (평화동),닿다 개울가애,128.7173459914,36.5670985760
수원,ok,,개울,맑은개울캠핑장,2747992,28,경상북도 상주시 화서면 하송3길 178-5,,127.9588602538,36.4860604386
수원,ok,,개울,밤개울캠핑장,2762801,28,강원특별자치도 철원군 근남면 하문수동1길 62-1,,127.4712183913,38.2103409869
수원,ok,,개울,소개울제빵소,2782700,39,경기도 고양시 일산동구 소개울길 26 (중산동),,126.7889989153,37.6828595452
수원,ok,,개울,열두개울,128044,12,경기도 연천군 청산면 초성리,,127.0853157997,37.9894541362
수원,ok,,갤러리아백화점 광교점,골든듀 갤러리아백화점 광교점,4011325,38,경기도 수원시 영통구 광교중앙로 124 (하동),1층,127.057454909262,37.2852510012341
수원,ok,,갤러리아백화점 광교점,로저비비에 갤러리아백화점 광교점,4011345,38,경기도 수원시 영통구 광교중앙로 124 (하동),2층,127.057454909262,37.2852510012341
수원,ok,,갤러리아백화점 광교점,론진 갤러리아백화점 광교점,4011331,38,경기도 수원시 영통구 광교중앙로 124 (하동),1층,127.057454909262,37.2852510012341
수원,ok,,갤러리아백화점 광교점,미우미우 갤러리아백화점 광교점,4011327,38,경기도 수원시 영통구 광교중앙로 124 (하동),2층,127.057454909262,37.2852510012341
수원,ok,,갤러리아백화점 광교점,밀레 갤러리아백화점 광교점,4011347,38,경기도 수원시 영통구 광교중앙로 124 (하동),8층,127.057454909262,37.2852510012341
수원,ok,,갤러리아백화점 광교점,벨루티 갤러리아백화점 광교점,4025400,38,경기도 수원시 영통구 광교중앙로 124 (하동),2층,127.057454909262,37.2852510012341
수원,ok,,갤러리아백화점 광교점,불가리 갤러리아백화점 광교점,4011349,38,경기도 수원시 영통구 광교중앙로 124 (하동),2층,127.057454909262,37.2852510012341
수원,ok,,갤러리아백화점 광교점,쇼메 갤러리아백화점 광교점,4025399,38,경기도 수원시 영통구 광교중앙로 124 (하동),,127.057454909262,37.2852510012341
수원,ok,,갤러리아백화점 광교점,알렉산더 맥퀸 갤러리아백화점 광교점,4011337,38,경기도 수원시 영통구 광교중앙로 124 (하동),2층,127.057454909262,37.2852510012341
수원,ok,,갤러리아백화점 광교점,오메가 갤러리아백화점 광교점,4011335,38,경기도 수원시 영통구 광교중앙로 124 (하동),1층,127.057454909262,37.2852510012341
수원,ok,,갤러리아백화점 광교점,펜디 갤러리아백화점 광교점,4011329,38,경기도 수원시 영통구 광교중앙로 124 (하동),,127.057454909262,37.2852510012341
수원,ok,,갤러리아백화점 광교점,COS 갤러리아백화점 광교점,4011333,38,경기도 수원시 영통구 광교중앙로 124 (하동),3층,127.057454909262,37.2852510012341
수원,ok,,건담베이스 ak플라자 수원점,,,,,,,
수원,ok,,건민 빌딩,,,,,,,
수원,ok,,경기 상상 캠퍼스,경기상상캠퍼스,2747132,12,경기도 수원시 권선구 서둔로 166 (서둔동),,126.9811903187,37.2665807612
수원,ok,,경기 아트센터 주차장,,,,,,,
수원,ok,,경기도 융합과학교육원,,,,,,,
수원,ok,,경안당,경안당,2892936,39,경기도 수원시 팔달구 화서문로31번길 8-15 (장안동),,127.0120064346,37.2856096631
수원,ok,,계미굴,,,,,,,
수원,ok,,고등동성당,,,,,,,
수원,ok,,고인돌 무한 통 삼 수원점,,,,,,,
수원,ok,,골 디스,골디스,3355253,39,경기도 수원시 팔달구 신풍로63번길 20 (장안동),,127.0127174500,37.2867012158
수원,ok,,광교 레이크 아트홀,,,,,,,
수원,ok,,광교 카페거리,,,,,,,
수원,ok,,광교 푸른 숲 도서관,광교푸른숲도서관,4076762,14,경기도 수원시 영통구 광교호수로 131 (하동),,127.0668182528,37.2809558786
수원,ok,,광교호수공원,광교호수공원,2662855,12,경기도 수원시 영통구 광교호수로 165 (하동),,127.0700567363,37.2832676649
수원,ok,,광교호수공원,광교호수공원 가족캠핑장,2753042,28,경기도 수원시 영통구 광교호수로 57 (하동),,127.0652991182,37.2749562936
수원,ok,,광교호수공원,광교호수공원 반려견 놀이터,2930334,12,경기도 수원시 영통구 광교호수로 214 광교호수공원시설 주차관리소,광교호수공원 반려견 놀이터,127.0772644577,37.2835610668
수원,ok,,교보문고 광교점,,,,,,,
수원,ok,,구디 버디,,,,,,,
수원,ok,,국립 농업박물관,국립농업박물관,2944481,14,경기도 수원시 권선구 수인로 154 (서둔동),,126.98267163461706,37.274644181383024
수원,ok,,굿윌스토어 밀알 수원 북문점,,,,,,,
수원,ok,,궁전,궁전,854883,39,전북특별자치도 군산시 구영6길 71,,126.709779384659,35.9871304072153
수원,ok,,궁전,궁전구내식당,3534172,39,강원특별자치도 강릉시 남구길23번길 9 (포남동),,128.9046517285,37.7644229216
수원,ok,,궁전,궁전꽃게장,2568526,39,전북특별자치도 군산시 궁포1로 24-5,,126.7405966792,35.9766387714
수원,ok,,궁전,궁전해물칼국수 원성본점,2858461,39,충청남도 천안시 동남구 원성2교길 21-1,,127.1550985145,36.8037650737
수원,ok,,궁전,궁전회관,1373338,39,전남광주통합특별시 곡성군 곡성읍 중앙로 54,,127.2895047838,35.2782747162
수원,ok,,궁전,궁전횟집,587322,39,경상남도 통영시 운하1길 46,,128.412204394947,34.8330030527507
수원,ok,,궁전,궁전횟집,2931230,39,전남광주통합특별시 여수시 남산로 16 (남산동),,127.7316370976,34.7321587769
수원,ok,,궁전,꿈의궁전모텔,626319,32,강원특별자치도 철원군 서면 와수1로 7,,127.4365929699,38.2376954791
수원,ok,,궁전,상궁전 구 소쇄원간장게장,134815,39,경기도 김포시 하성면 금포로1915번길 53,,126.660926497118,37.6992055739588
수원,ok,,궁전,시흥행궁전시관,4080444,14,서울특별시 금천구 금하로24길 6 (시흥동),6층,126.9083423362,37.4507566728
수원,ok,,궁전,이동궁전갈비,699549,39,경기도 포천시 이동면 화동로 2362,,127.384504205261,38.0528084716614
수원,ok,,궁전,천마의 궁전,2997651,14,경상북도 경주시 경감로 614,,129.2895443842,35.8340564631
수원,ok,,궁전,페르시안궁전,402988,39,서울특별시 종로구 성균관로6길 9 (명륜2가),,126.9975798705,37.5849635583
수원,ok,,그래비 테이트,,,,,,,
수원,ok,,그리드인 그릭,,,,,,,
수원,ok,,기글드제니,,,,,,,
수원,ok,,김성민 커피 신별관,김성민커피,2829013,39,경기도 수원시 영통구 권선로882번길 80 (신동),,127.0412354136,37.2471257521ㄴ
수원,ok,,깡 가락국수 아주대점,,,,,,,
수원,ok,,꾸어 수원 광교점,,,,,,,
수원,ok,,남문 통닭 수원 본점,,,,,,,
수원,ok,,남문로데오 청소년문화공연장,,,,,,,
수원,ok,,남문로데오시장,남문로데오시장,2753679,38,경기도 수원시 팔달구 행궁로 88 (교동),,127.0155897457,37.2747526512
수원,ok,,남창동 열린 문화공간,,,,,,,
수원,ok,,낯설 여관 24호,,,,,,,
수원,ok,,네 어스,,,,,,,
수원,ok,,노보텔 앰배서더 수원 더 스퀘어,,,,,,,
수원,ok,,노워크 행궁,,,,,,,
수원,ok,,노체부어,,,,,,,
수원,ok,,다쓰미 수원역사점,,,,,,,
수원,ok,,다이소 롯데몰 수원점,,,,,,,
수원,ok,,다이소 수원 구운점,,,,,,,
수원,ok,,다이소 수원 남문점,,,,,,,
수원,ok,,다이소 영통 판타지 우점,,,,,,,
수원,ok,,단오,강릉단오제,531391,15,강원특별자치도 강릉시 단오장길 1,강릉단오제전수교육관,128.8949883724,37.7481582843
수원,ok,,단오,강릉단오제전수교육관,1722228,14,강원특별자치도 강릉시 단오장길 1,(노암동),128.8950253200,37.7481857234
수원,ok,,단오,단오길설렁탕,3535713,39,강원특별자치도 강릉시 남산초교길11번길 11 (내곡동),1층,128.8912812521,37.7469191299
수원,ok,,단오,단오타운전시관,3532282,14,강원특별자치도 강릉시 단오장길 1 (노암동),,128.8950697583,37.7482551607
수원,ok,,단오,세종단오제,3305155,15,세종특별자치시 다솜로 216 (세종동),세종호수공원 푸른들판,127.2701840594,36.4989534530
수원,ok,,달빛 행궁 2호점,,,,,,,
수원,ok,,더 카페 라운지앤페르케노 수원성 대 역점,,,,,,,
수원,ok,,도너츠윤 광교점,,,,,,,
수원,ok,,도미닉 커피 랩,,,,,,,
수원,ok,,동북 교자관,,,,,,,
수원,ok,,동북각루,방화수류정(동북각루),2613658,12,경기도 수원시 팔달구 수원천로392번길 44-6 (매향동),,127.0180998887,37.2875373376
수원,ok,,동장대,연무대(동장대),1064469,12,경기도 수원시 팔달구 창룡대로103번길 20,(매향동),127.0229636943,37.2884234215
수원,ok,,두메산골,두메산골,133781,39,강원특별자치도 속초시 관광로 457-11 (노학동),,128.5332551123,38.2007789450
수원,ok,,두메산골,두메산골집,135007,39,경기도 광주시 남한산성면 불당길37번길 66-11,,127.2099531644,37.4536437432
수원,ok,,등촌동 샤브칼국수 수원 화서점,,,,,,,
수원,ok,,디 멀리에,,,,,,,
수원,ok,,디너이즈낫오버,,,,,,,
수원,ok,,딥,딥밀,2854608,39,경상남도 김해시 장유로149번길 12,,128.8040153013,35.2105647992
수원,ok,,딥,딥버거,2782445,39,강원특별자치도 평창군 봉평면 태기로 137,마노빈치타운 108호,128.3256538231,37.5857963317
수원,ok,,딥,딥스테이션,3433028,28,경기도 용인시 처인구 포곡읍 성산로 523,,127.19970884888274,37.280612218490795
수원,ok,,딥,딥커피,2907163,39,서울특별시 마포구 동교로 209 (동교동),,126.9233596001,37.5587736048
수원,ok,,딥,모어딥 성수,2899392,39,서울특별시 성동구 성수일로 95-1,1층,127.0512260047,37.5489770378
수원,ok,,딥,카페딥포레,2866938,39,경기도 광주시 퇴촌면 천진암로 610,,127.3322919303,37.4580037878
수원,ok,,뜸,경남 하동군 으뜸상품홍보관,1343990,38,경상남도 하동군 하동읍 군청로 36,,127.752460062701,35.0653638859789
수원,ok,,뜸,렌즈타운 으뜸1안경,4008068,38,부산광역시 부산진구 서전로10번길 60 (부전동),B1층,129.05975677925,35.1552310666232
수원,ok,,뜸,우뜸해장국 오창본점,2860108,39,충청북도 청주시 청원구 중심상업로 63,,127.4289429476,36.7165855436
수원,ok,,뜸,으뜸50안경 강남1호점,4025606,38,서울특별시 서초구 강남대로61길 10 (서초동),센타프라자 2층,127.025484268881,37.4992617284625
수원,ok,,뜸,으뜸50안경 강남구청역점,4026763,38,서울특별시 강남구 학동로 342 (논현동),,127.040841265738,37.5167560126387
수원,ok,,뜸,으뜸50안경 고속터미널점반포,3306476,38,서울특별시 서초구 신반포로 205 (잠원동),,127.006460397501,37.5070244820045
수원,ok,,뜸,으뜸50안경 과천점,4025293,38,경기도 과천시 새술막길 38 (중앙동),중앙빌딩 3층,126.991456585805,37.4289911195351
수원,ok,,뜸,으뜸50안경 동성로점,4008763,38,대구광역시 중구 중앙대로 392 (동성로3가),2층,128.593849577562,35.8680441924809
수원,ok,,뜸,으뜸50안경 문정역점,4013145,38,서울특별시 송파구 법원로 128 (문정동),1층,127.120453991896,37.4868314347245
수원,ok,,뜸,으뜸50안경 발산점,4008163,38,서울특별시 강서구 강서로 385 (마곡동),3층,126.838304106686,37.5600926354663
수원,ok,,뜸,으뜸50안경 부산진역점,4008771,38,부산광역시 동구 진성로9번길 16 (수정동),2층,129.047684967443,35.1292438219801
수원,ok,,뜸,으뜸50안경 분당수내점,4012080,38,경기도 성남시 분당구 백현로101번길 16 (수내동),대덕프라자 2층,127.112729564852,37.3770099737962
수원,ok,,뜸,으뜸50안경 서울대2호점,4011733,38,서울특별시 관악구 관악로 199 (봉천동),,126.953587750655,37.4830752493665
수원,ok,,뜸,으뜸50안경 서울대점,4011730,38,"서울특별시 관악구 관악로 164 (봉천동, 대우디오슈페리움1단지)",2층,126.952875619698,37.4797395226756
수원,ok,,뜸,으뜸50안경 신림1호점,4011760,38,서울특별시 관악구 신림로 344 (신림동),3층,126.929977240424,37.4851501707989
수원,ok,,뜸,으뜸50안경 신림3호점,4011735,38,서울특별시 관악구 남부순환로 1594 (신림동),2층,126.927749485867,37.483732174107
수원,ok,,뜸,으뜸50안경 안산중앙점,4008179,38,경기도 안산시 단원구 예술대학로 17 (고잔동),,126.836516628745,37.3187208452493
수원,ok,,뜸,으뜸50안경 압구정역점,4026633,38,서울특별시 강남구 논현로 841 (신사동),2층,127.027758806248,37.5239684663137
수원,ok,,뜸,으뜸50안경 야탑점,4025294,38,경기도 성남시 분당구 성남대로 934 (야탑동),궁전프라자 5층,127.129286556179,37.4131599482855
수원,ok,,뜸,으뜸50안경 양재역점,4025615,38,"서울특별시 서초구 남부순환로 2614 (양재동, 한솔로이젠트)",2층,127.036674496114,37.4844741553292
수원,ok,,라프터 커피나,,,,,,,
수원,ok,,라피에나,,,,,,,
수원,ok,,런던 플레인,,,,,,,
수원,ok,,레드브릭 커피하우스,레드브릭커피하우스,2893073,39,경기도 수원시 팔달구 화서문로31번길 9-8 (장안동),,127.0107621033,37.2855679786
수원,ok,,로스 하우스,,,,,,,
수원,ok,,롯데 아울렛 광교점,,,,,,,
수원,ok,,롯데마트 수원점,,,,,,,
수원,ok,,롯데몰 수원점,,,,,,,
수원,ok,,롯데백화점 수원점,,,,,,,
수원,ok,,롯데시네마 광교 아울렛,,,,,,,
수원,ok,,롯데시네마 수원,,,,,,,
수원,ok,,루파즈 블랑제리,,,,,,,
수원,ok,,류 옹,,,,,,,
수원,ok,,르빵드파리&브런치하우스 행궁점,,,,,,,
수원,ok,,마담 마담,,,,,,,
수원,ok,,매 향교,수원향교,264400,12,경기도 수원시 팔달구 향교로 107-9 (교동),,127.0121984561,37.2722778770
수원,ok,,메가 MGC 커피 화성행궁점,,,,,,,
수원,ok,,메가박스 수원 AK플라자점,,,,,,,
수원,ok,,메가박스 수원 남문,,,,,,,
수원,ok,,멕시카나치킨 우만점,,,,,,,
수원,ok,,명성 돼지갈비,,,,,,,
수원,ok,,모 브랜드 수원 호매실점,,,,,,,
수원,ok,,모티프,,,,,,,
수원,ok,,못골종합시장,못골종합시장 (못골시장),1177952,38,경기도 수원시 팔달구 수원천로258번길 10-12 (지동),,127.0207364625,37.2761275835
수원,ok,,몽석,,,,,,,
수원,ok,,무니 버스,,,,,,,
수원,ok,,무니 버스 2호점,,,,,,,
수원,ok,,무얼 수원 행궁점,,,,,,,
수원,ok,,뮤직 드로잉,,,,,,,
수원,ok,,뮤직큐브,,,,,,,
수원,ok,,미미 상점,,,,,,,
수원,ok,,미카사,,,,,,,
수원,ok,,바론 빵집,,,,,,,
수원,ok,,바비레드 수원점,,,,,,,
수원,ok,,바운스 슈퍼 파크 수원 영통 센터,,,,,,,
수원,ok,,방화 류수정,방화수류정(동북각루),2613658,12,경기도 수원시 팔달구 수원천로392번길 44-6 (매향동),,127.0180998887,37.2875373376
수원,ok,,방화수류정,방화수류정(동북각루),2613658,12,경기도 수원시 팔달구 수원천로392번길 44-6 (매향동),,127.0180998887,37.2875373376
수원,ok,,배스킨라빈스 동수원 홈플러스점,,,,,,,
수원,ok,,배스킨라빈스 북수원 홈플러스점,,,,,,,
수원,ok,,배스킨라빈스 수원 남문점,,,,,,,
수원,ok,,배스킨라빈스 아주대점,,,,,,,
수원,ok,,백 소장 수원역점,,,,,,,
수원,ok,,백 청우 칼국수 본점 인계동,백청우칼국수,2765531,39,경기도 수원시 팔달구 장다리로 253 (인계동),,127.0267221340,37.2724336740
수원,ok,,버드 커피 브루어스,,,,,,,
수원,ok,,버터 맨션,,,,,,,
수원,ok,,벚꽃 스시 수원 인계점,,,,,,,
수원,ok,,보성 양대 창구이 전문점,,,,,,,
수원,ok,,보영 만두 북문 본점,,,,,,,
수원,ok,,보영 만두 성대 직영점,,,,,,,
수원,ok,,본 수원갈비 본점,본수원갈비,602854,39,경기도 수원시 팔달구 중부대로223번길 41 (우만동),,127.04053711471741,37.27785605676851
수원,ok,,봉녕사,봉녕사(수원),316296,12,경기도 수원시 팔달구 창룡대로 236-54,,127.0374068538,37.2912787196
수원,ok,,북수원 시장,북수원시장,2753658,38,경기도 수원시 장안구 파장로82번길 9 (파장동),,126.9921829594,37.3070468122
수원,ok,,북수원 온천,북수원온천,2745737,12,경기도 수원시 장안구 서부로 2139 (율전동),"8, 9층",126.97167420170977,37.299453192472605
수원,ok,,북스리브로 수원점,,,,,,,
수원,ok,,브로콜리 숲,,,,,,,
수원,ok,,비브라사비,,,,,,,
수원,ok,,사계 빙수,,,,,,,
수원,ok,,사심 행리단길 직영점,,,,,,,
수원,ok,,살림 가게,,,,,,,
수원,ok,,삼성 이노베이션 뮤지엄,삼성이노베이션뮤지엄,2462893,12,경기도 수원시 영통구 삼성로 129 (매탄동),,127.05407180084612,37.25555740763
수원,ok,,삼성스토어 권선점,,,,,,,
수원,ok,,샐러드 수원 망포역점,,,,,,,
수원,ok,,서동진의 커피 랩 본점,,,,,,,
수원,ok,,세븐스타코인 노래연습장 아주대점,,,,,,,
수원,ok,,셰프 스위트,,,,,,,
수원,ok,,소코아 수원점,,,,,,,
수원,ok,,솔 솥 행궁점,,,,,,,
수원,ok,,송죽 약방,송죽약방,2916318,39,경기도 수원시 장안구 경수대로994번길 49 (송죽동),,127.0044429950,37.3075267884
수원,ok,,수에 부 수원점,,,,,,,
수원,ok,,수원 KT 소닉붐 아레나,,,,,,,
수원,ok,,수원 KT위즈 파크,,,,,,,
수원,ok,,수원 공방거리,수원 공방거리,2667588,12,경기도 수원시 팔달구 남창동,(남창동),127.015089922375,37.2790603584123
수원,ok,,수원 광교 박물관,,,,,,,
수원,ok,,수원 구 부국원,수원 구 부국원,3033796,12,경기도 수원시 팔달구 향교로 130 (교동),,127.01461097819495,37.27239195383265
수원,ok,,수원 센트럴 아이파크자이 아파트,,,,,,,
수원,ok,,수원 시청,,,,,,,
수원,ok,,수원 영 동 시장,수원 영동시장,132352,38,경기도 수원시 팔달구 수원천로255번길 6,,127.018681303471,37.2768106964485
수원,ok,,수원 월드컵 경기장,수원월드컵경기장,131719,28,경기도 수원시 팔달구 월드컵로 310,,127.0369291446,37.2865822176
수원,ok,,수원 월드컵 경기장 스포츠센터 스킨스쿠버,수원월드컵경기장,131719,28,경기도 수원시 팔달구 월드컵로 310,,127.0369291446,37.2865822176
수원,ok,,수원 전통문화관 예절교육관,수원전통문화관,3080477,12,경기도 수원시 팔달구 정조로 893 (장안동),,127.0146332187,37.2874698032
수원,ok,,수원 전통문화관 전통식생활 체험관,수원전통문화관,3080477,12,경기도 수원시 팔달구 정조로 893 (장안동),,127.0146332187,37.2874698032
수원,ok,,수원 정자 금강 에스쁘아 아파트,,,,,,,
수원,ok,,수원 탑동 시민농장,,,,,,,
수원,ok,,수원 탑동 시민농장 후문,,,,,,,
수원,ok,,수원 통닭거리,수원통닭거리,2613664,12,경기도 수원시 팔달구 정조로800번길 16 (팔달로1가),,127.0176533149,37.2794882505
수원,ok,,수원 화로구이,,,,,,,
수원,ok,,수원 화성,수원 화성 [유네스코 세계유산],125555,12,경기도 수원시 장안구 영화동,320-2,127.0120983143,37.2872981922
수원,ok,,수원 화성 국궁체험장,,,,,,,
수원,ok,,수원 화성 남수문,,,,,,,
수원,ok,,수원 화성 동남각루,,,,,,,
수원,ok,,수원 화성 박물관,수원화성박물관,1921150,14,경기도 수원시 팔달구 창룡대로 21 (매향동),,127.0190947768,37.2821351915
수원,ok,,수원 화성 박물관 주차장,,,,,,,
수원,ok,,수원 화성 북동적대,,,,,,,
수원,ok,,수원 화성 북동포루,,,,,,,
수원,ok,,수원 화성 북서적대,,,,,,,
수원,ok,,수원 화성 북암문,,,,,,,
수원,ok,,수원 화성 서북공심돈,,,,,,,
수원,ok,,수원 화성 서장대,,,,,,,
수원,ok,,수원 화성 연무대 관광안내소,연무대(동장대),1064469,12,경기도 수원시 팔달구 창룡대로103번길 20,(매향동),127.0229636943,37.2884234215
수원,ok,,수원 화성 팔달문,팔달문,264386,12,경기도 수원시 팔달구 정조로 780,(팔달로2가),127.0167173433,37.2775356819
수원,ok,,수원 화성 화서문,화서문(華西門),264388,12,경기도 수원시 팔달구 장안동 334,,127.009662487401,37.2856122421966
수원,ok,,수원 화성 화홍문,화홍문(華虹門),264394,12,경기도 수원시 팔달구 수원천로 377,,127.017220046548,37.2870233177741
수원,ok,,수원 화성 화홍문 안내소,,,,,,,
수원,ok,,수원과 성당 카페,,,,,,,
수원,ok,,수원시립미술관,수원시립미술관,2033483,14,경기도 수원시 팔달구 정조로 833 (신풍동),,127.0158394993,37.2827572840
수원,ok,,수원역,수원역전시장,2753666,38,경기도 수원시 팔달구 매산로 10-6 (매산로1가),,127.0027083673,37.2668461766
수원,ok,,수원역,아트박스 수원역점,2907527,38,경기도 수원시 팔달구 덕영대로 909 (매산로1가),,127.000720642202,37.2676872690065
수원,ok,,수원역,올리브영 수원역점,4008157,38,경기도 수원시 팔달구 매산로 7-1 (매산로1가),,127.002307689882,37.2673207049708
수원,ok,,수원역,원트 수원역점,4025442,38,경기도 수원시 팔달구 향교로 2 (매산로1가),B1층,127.001584347069,37.2674005491516
수원,ok,,수원역 1호선,,,,,,,
수원,ok,,수원역 로데오거리,,,,,,,
수원,ok,,수원종합운동장 보조구장,,,,,,,
수원,ok,,수원향교,수원향교,264400,12,경기도 수원시 팔달구 향교로 107-9 (교동),,127.0121984561,37.2722778770
수원,ok,,숯튜디오,,,,,,,
수원,ok,,스타벅스 광교 SK 뷰 레이크 41F 점,,,,,,,
수원,ok,,스타벅스 수원 광교점,,,,,,,
수원,ok,,스타벅스 수원 화성행궁점,,,,,,,
수원,ok,,스타벅스 수원역 AK R 점,,,,,,,
수원,ok,,스타벅스 수원종합운동장점,,,,,,,
수원,ok,,스탠더드 오브 스터프,,,,,,,
수원,ok,,슬로 써니사이드,슬로우써니사이드,2893530,39,경기도 수원시 팔달구 신풍로45번길 13 (신풍동),,127.0135646490,37.2847736761
수원,ok,,슬리퍼 수원 쇼룸,,,,,,,
수원,ok,,시몬스 수원 권선점,,,,,,,
수원,ok,,신대 호수,,,,,,,
수원,ok,,신미사,,,,,,,
수원,ok,,신선설렁탕 수원 영통점,,,,,,,
수원,ok,,신풍과,,,,,,,
수원,ok,,쏠 스트리트,,,,,,,
수원,ok,,아대 닭발,,,,,,,
수원,ok,,아우어 베이커리 광교 앨리 웨이점,,,,,,,
수원,ok,,아웃백 스테이크하우스 갤러리아 광교점,,,,,,,
수원,ok,,아이팟 PC 수원역점,,,,,,,
수원,ok,,아쿠아 플라넷 광교,,,,,,,
수원,ok,,아토스 캠핑 수원점,,,,,,,
수원,ok,,알라딘 중고서점 수원점,,,,,,,
수원,ok,,알촌 성균관대점,,,,,,,
수원,ok,,애브뉴 프랑 광교,,,,,,,
수원,ok,,앨리 웹이 광교 주차장,,,,,,,
수원,ok,,앨리웨이 광교,티크닉 앨리웨이 광교점,3443259,39,"경기도 수원시 영통구 광교호수공원로 80 (원천동, 광교아이파크)",광교아이파크 판매지동 2층 242호,127.0603134717,37.2745173664
수원,ok,,얼 오브 샌드위치,,,,,,,
수원,ok,,에버닌,,,,,,,
수원,ok,,에이프런,에이프런,2893534,39,경기도 수원시 영통구 센트럴파크로127번길 138 (이의동),,127.0549828566,37.2939039146
수원,ok,,엔제리너스 수원 인계점,,,,,,,
수원,ok,,여민 각,,,,,,,
수원,ok,,여민각,,,,,,,
수원,ok,,연무동 공영주차장,,,,,,,
수원,ok,,연밀,연밀,2867885,39,경기도 수원시 팔달구 창룡대로8번길 10 (팔달로1가),,127.0174116166,37.2814046913
수원,ok,,열두 알우 똥집,열두알우동집,3355366,39,경기도 수원시 팔달구 정조로801번길 31 (남창동),,127.0150229807,37.2801103541
수원,ok,,영심이 떡볶이 김밥 광교 2호점,,,,,,,
수원,ok,,영흥 수목원,영흥수목원,2998800,12,경기도 수원시 영통구 영통로 435 (영통동),,127.0731043946,37.2596332074
수원,ok,,옛날 손칼국수,,,,,,,
수원,ok,,오늘,가을여행주간 맞이 '오늘은 예천에서!',2619120,25,경상북도 예천군 예천읍 양궁장길 38,,128.4684133992,36.6346778526
수원,ok,,오늘,성안 마을 혜화동의 어제와 오늘,1953121,25,,,127.0022962231,37.5808974491
수원,ok,,오늘,어제를 추억하고 오늘을 기록하는 남원 여행,2660111,25,전북특별자치도 남원시 사매면 서도길 32,구서도역영상촬영장,127.3306263,35.48985706
수원,ok,,오늘,"오늘, 지금, 여기! 가장 핫한 DMZ 스팟으로 떠나보자!",2987541,25,경기도 파주시 기산로 31,,126.9023221079,37.7730205159
수원,ok,,오늘,오늘도바다해,2987079,39,경상남도 통영시 항남1길 37,,128.4242554801,34.8417714617
수원,ok,,오늘,오늘도웃자두루치기 본점,2872295,39,경기도 하남시 검단산로 349-37 (창우동),,127.2353844480,37.5418756329
수원,ok,,오늘,오늘손두부,2910437,39,경기도 용인시 처인구 포곡읍 성산로 682,1층,127.2142205445,37.2881698596
수원,ok,,오늘,오늘손만두,2834086,39,경상북도 의성군 용기9길 11,,128.4343958226,36.3834336800
수원,ok,,오늘,오늘손칼국수&찜 강동본점,2838314,39,서울특별시 강동구 풍성로 206,,127.1346023120,37.5291391774
수원,ok,,오늘,오늘스테이,3104366,32,서울특별시 영등포구 신풍로 72-5 (신길동),,126.9142454258,37.4998275134
수원,ok,,오늘,오늘스테이 동대문점,3105217,32,서울특별시 동대문구 왕산로26가길 14 (용두동),,127.0372681437,37.5771124064
수원,ok,,오늘,오늘식탁,3444476,39,서울특별시 강서구 공항대로 247 (마곡동),,126.8352537286,37.5593664069
수원,ok,,오늘,오늘여기,2783362,39,전북특별자치도 김제시 금구면 상사길 50,,126.9895537159,35.8125339743
수원,ok,,오늘,오늘은 카트레이싱,2774821,28,제주특별자치도 서귀포시 표선면 중산간동로 4776,,126.7905188680,33.3815694039
수원,ok,,오늘,오늘은 회,1984276,39,제주특별자치도 서귀포시 예래로 468,,126.368411424677,33.2353163155223
수원,ok,,오늘,오늘은녹차한잔,2791213,39,제주특별자치도 서귀포시 표선면 중산간동로 4772,,126.7912859405,33.3810894210
수원,ok,,오늘,오늘의 딸기,4006258,12,전북특별자치도 익산시 용동면 용동로 348,,126.990252336991,36.1138723711406
수원,ok,,오늘,오늘의초밥,2754009,39,경기도 수원시 영통구 센트럴파크로127번길 18 (이의동),,127.0552494577,37.2953870815
수원,ok,,오늘,오늘잡은소 대구칠곡점,2840640,39,대구광역시 북구 구리로 183-8 (국우동),,128.5747261887,35.9489551044
수원,ok,,오늘,오늘전통축제,3535150,15,서울특별시 성동구 연무장15길 11 (성수동2가),,127.0594809973,37.5423085165
수원,ok,,오오 키친,,,,,,,
수원,ok,,오초,오늘의초밥,2754009,39,경기도 수원시 영통구 센트럴파크로127번길 18 (이의동),,127.0552494577,37.2953870815
수원,ok,,온도,그 날의 온도,2929928,39,전북특별자치도 전주시 덕진구 원동로 45,,127.0340824211,35.8543741438
수원,ok,,온도,따뜻한섬온도,2839859,39,"전남광주통합특별시 장성군 행복1길 2  ",,126.7697920208,35.2945223547
수원,ok,,온도,밀의온도,2961182,39,전북특별자치도 완주군 월암길 20,,127.2022560381,35.7794858634
수원,ok,,온도,세이모온도 플래그십스토어 성수,4013088,38,서울특별시 성동구 서울숲2길 47 (성수동1가),,127.044017271466,37.5463451036977
수원,ok,,온도,온도호텔,2552570,32,대구광역시 달서구 야외음악당로 213-1,,128.557818383713,35.8546182394024
수원,ok,,온도,적정온도(순향가),2819644,12,"전남광주통합특별시 순천시 해룡로 579 참좋은시골집 ",,127.5280635695,34.8728328128
수원,ok,,올라올래,,,,,,,
수원,ok,,올리브영 홈플러스 동수원점,,,,,,,
수원,ok,,올리브영 홈플러스 북수원점,,,,,,,
수원,ok,,요구르트 판다 광교호수공원점,,,,,,,
수원,ok,,요미우돈 교자,,,,,,,
수원,ok,,용성통닭 본점,,,,,,,
수원,ok,,용연,용연,127745,12,제주특별자치도 제주시 흥운길 73 (용담이동),,126.5139125156,33.5152118184
수원,ok,,용연,용연구름다리,2738692,12,제주특별자치도 제주시 용담이동,2581,126.5143124879,33.5149285237
수원,ok,,용연,용연동굴 (강원고생대 국가지질공원),126732,12,강원특별자치도 태백시 태백로 283-29,,128.9418875782,37.2089321328
수원,ok,,용연,용연사(강릉),128726,12,강원특별자치도 강릉시 사천면 중앙서로 961,,128.780114825674,37.7899537250072
수원,ok,,용연,용연사(대구),129673,12,대구광역시 달성군 옥포읍 용연사길 260,,128.5209476069,35.7482796084
수원,ok,,용연,용연서원,129481,12,경기도 포천시 신북면 신평로72번길 1-5,,127.2290343491,37.9500835744
수원,ok,,용연,용연서원,1955825,12,울산광역시 남구 이휴정길 20,(신정동),129.3045095305,35.5476723367
수원,ok,,용연,용연저수지,131067,28,경상북도 포항시 북구 신광면 신흥로 417,,129.29525222268,36.1241501653316
수원,ok,,용연,용연정,1624282,12,전북특별자치도 장수군 계북면 양악길 156-12,,127.6423431542,35.8038380350
수원,ok,,용연,용연폭포,2932015,12,경상북도 청송군 주왕산면 상의리,,129.1296564629,36.3841327858
수원,ok,,용연,파평용연,127682,12,경기도 파주시 파평면 눌노리,385-1,126.8463144554,37.9285541444
수원,ok,,우아수헤어 망포역점,,,,,,,
수원,ok,,우화,우화정(내장산),649968,12,전북특별자치도 정읍시 내장동 598-7,,126.9102037694,35.4864353677
수원,ok,,우화,화암사 우화루,1614305,12,전북특별자치도 완주군 경천면 화암사길 271,,127.2871177417,36.0662991279
수원,ok,,운 멜로 4호점,운멜로 1호점,2867501,39,경기도 수원시 팔달구 화서문로32번길 4 (신풍동),,127.0114981690,37.2848180784
수원,ok,,운 멜로 키친 3호점,운멜로 1호점,2867501,39,경기도 수원시 팔달구 화서문로32번길 4 (신풍동),,127.0114981690,37.2848180784
수원,ok,,원조 사탕 후루 수원역점,,,,,,,
수원,ok,,원천호수,,,,,,,
수원,ok,,위 해브 투데이,,,,,,,
수원,ok,,유치 회관,유치회관,2753972,39,경기도 수원시 팔달구 효원로292번길 67 (인계동),,127.0321331336,37.2588464550
수원,ok,,이 가공,,,,,,,
수원,ok,,이 가네 삼대째 손두부 본점,,,,,,,
수원,ok,,이디야 수원 화홍문점,,,,,,,
수원,ok,,이디야커피 수원 화성 갈비 점,,,,,,,
수원,ok,,이디야커피 수원 화홍문점,,,,,,,
수원,ok,,이마트 24 광교 월드스퀘어점,,,,,,,
수원,ok,,이요이,이요이요스시 공덕1호점,2900376,39,"서울특별시 마포구 마포대로 167 (공덕동, 래미안 공덕5차)",,126.9537348706,37.5495113367
수원,ok,,익스 큐브,,,,,,,
수원,ok,,일랑,일랑더치,2574408,39,경상남도 통영시 광도면 죽림해안로 130,,128.42223607331826,34.87938168369116
수원,ok,,일월 수목원,일월수목원,3076051,12,경기도 수원시 장안구 일월로 61 (천천동),,126.9770202264,37.2880997515
수원,ok,,일월 수목원 카페 데이 지원,일월수목원 카페 데이지원,3354946,39,경기도 수원시 장안구 일월로 61 (천천동),방문자센터 1층,126.9773956180,37.2881059785
수원,ok,,장안문,장안문(長安門),264390,12,경기도 수원시 팔달구 정조로 910 (장안동),,127.01429959191722,37.288914019755836
수원,ok,,장안문,장안문거북시장,2752967,38,경기도 수원시 장안구 수성로382번길 24 (영화동),,127.0139656055,37.2931485691
수원,ok,,정돈 갤러리아 광교점,,,,,,,
수원,ok,,정지영커피로스터즈 장안문점,정지영커피로스터즈 행궁본점,4054880,39,경기도 수원시 팔달구 신풍로 42 (신풍동),,127.014416125317,37.2848962630143
수원,ok,,정지영커피로스터즈 행궁 본점,정지영커피로스터즈 행궁본점,4054880,39,경기도 수원시 팔달구 신풍로 42 (신풍동),,127.014416125317,37.2848962630143
수원,ok,,존앤진피자펍 행궁 본점,,,,,,,
수원,ok,,지구인의 놀이터,,,,,,,
수원,ok,,지동 슈퍼,,,,,,,
수원,ok,,지동시장,지동시장,2752971,38,경기도 수원시 팔달구 팔달문로 19 (지동),,127.0193805801,37.2777671902
수원,ok,,지진 실내 구호소 서수원 칠보 체육관,,,,,,,
수원,ok,,진미 통닭,진미통닭,2873447,39,경기도 수원시 팔달구 정조로800번길 21 (남수동),,127.0181199331,37.2797104551
수원,ok,,창룡문,창룡문,264392,12,경기도 수원시 팔달구 남수동,152,127.0251162922,37.2878513040
수원,ok,,책 발전소 광교점,,,,,,,
수원,ok,,처갓집 양념치킨 우만점,,,,,,,
수원,ok,,초이 다이닝 수원 행궁점,,,,,,,
수원,ok,,츄플러스,,,,,,,
수원,ok,,카몬 광교 앨리 웨이점,,,,,,,
수원,ok,,카몬 행궁 본점,,,,,,,
수원,ok,,카자 구루메,,,,,,,
수원,ok,,카츠 이산,,,,,,,
수원,ok,,카페 도화,,,,,,,
수원,ok,,카페 루 카,,,,,,,
수원,ok,,카페 모종,,,,,,,
수원,ok,,카페 스퀘어드,,,,,,,
수원,ok,,카페 이음,,,,,,,
수원,ok,,카페 일월,,,,,,,
수원,ok,,카페 치즈,,,,,,,
수원,ok,,카페 한섬,,,,,,,
수원,ok,,캐비닛 베이글,,,,,,,
수원,ok,,커닝 시티,,,,,,,
수원,ok,,코끼리 만두,,,,,,,
수원,ok,,코우도 광교앨리웨이호수공원점,,,,,,,
수원,ok,,코지 프로젝트,,,,,,,
수원,ok,,코코 이마,,,,,,,
수원,ok,,콜마 키친,,,,,,,
수원,ok,,쿠키 폴리스,,,,,,,
수원,ok,,킵댓 본점,킵댓 본점,2892820,39,경기도 수원시 팔달구 화서문로31번길 14-34,,127.0113814776,37.2861012618
수원,ok,,탑텐 홈플동수원점,,,,,,,
수원,ok,,탭,,,,,,,
수원,ok,,테네스,,,,,,,
수원,ok,,토이즈,,,,,,,
수원,ok,,틈새라면 수원역점,,,,,,,
수원,ok,,파닥파닥 클럽,,,,,,,
수원,ok,,파스퇴르밀크바 AK 수원점,,,,,,,
수원,ok,,팔달공원,팔달공원,125512,12,경기도 수원시 팔달구 팔달산로 108,,127.0104762469,37.2773966977
수원,ok,,팔달문시장,팔달문시장,2752650,38,경기도 수원시 팔달구 정조로 776-2 (팔달로3가),,127.0172339661,37.2774245930
수원,ok,,팔달산,팔달산,2714556,12,경기도 수원시 팔달구 팔달산로 131 (화서동),,127.0081319361,37.2802435489
수원,ok,,팔레 센트,,,,,,,
수원,ok,,팜투하녹,팜투하녹,2892874,39,경기도 수원시 팔달구 신풍로23번길 63-18 (신풍동),,127.0114065453,37.2835598895
수원,ok,,패터슨 커피,,,,,,,
수원,ok,,포커스온 나우,포커스온나우,2828475,39,경기도 수원시 권선구 칠보로88번길 108 (호매실동),,126.9444242811,37.2640692871
수원,ok,,프랭크 커핀바 수원점,,,,,,,
수원,ok,,프랭크커빈바 수원점,,,,,,,
수원,ok,,프레임,에이프레임,2807083,39,강원특별자치도 고성군 죽왕면 가향길 20-1,,128.5049494401,38.3756413491
수원,ok,,프레임,프레임몬타나 본점,4011454,38,서울특별시 강남구 봉은사로38길 4 (역삼동),MEW빌딩 4층,127.037176805999,37.5078835028906
수원,ok,,플라잉 수원,플라잉 수원,2714220,28,경기도 수원시 팔달구 경수대로 697 (지동),,127.0257690235,37.2874180326
수원,ok,,플레이 인 더 박스 메가박스 수원 AK 점,,,,,,,
수원,ok,,피멘토,,,,,,,
수원,ok,,필루미네이트 AK플라자 수원점,,,,,,,
수원,ok,,하얀 풍차제과 곡반점,,,,,,,
수원,ok,,하우스 플랜비,,,,,,,
수원,ok,,하이 시리얼,,,,,,,
수원,ok,,하쿠,하쿠나마타타,2913284,39,강원특별자치도 삼척시 근덕면 삼척로 2246,,129.2990893732,37.2882855167
수원,ok,,한옥기술 전시관,,,,,,,
수원,ok,,한창희 천하 일면 수원 성대점,,,,,,,
수원,ok,,합,가락농수산물종합도매시장,132215,38,서울특별시 송파구 양재대로 932 (가락동),,127.1107693087,37.4960786971
수원,ok,,합,가야산국립공원(합천),126022,12,경상남도 합천군 가야산로 1200 가야산국립공원관리사무소,,128.132202679667,35.7675207559747
수원,ok,,합,강경수상레져종합타운,3036539,28,충청남도 논산시 강경읍 황산리,27-8,127.008704,36.158271
수원,ok,,합,강경역사문화안내소(구 강경노동조합),946712,12,충청남도 논산시 강경읍 옥녀봉로27번길 30-5,,127.0146367865,36.1610252177
수원,ok,,합,강릉 주문진종합시장,132775,38,강원특별자치도 강릉시 주문진읍 구시장길 11-3,,128.82686910405513,37.891462596149495
수원,ok,,합,강릉종합사회복지관,3544376,12,"강원특별자치도 강릉시 강변로 510 (입암동, 입암3주공아파트)",,128.9161479051,37.7647425538
수원,ok,,합,강원인삼협동조합,4010384,38,강원특별자치도 홍천군 홍천읍 설악로 987,,127.823407747111,37.6556331936752
수원,ok,,합,강원종합박물관,130670,14,강원특별자치도 삼척시 신기면 강원남부로 3016,,129.0864128683,37.3511767836
수원,ok,,합,고모역복합문화공간,2665293,14,대구광역시 수성구 고모로 208,,128.678615218322,35.8582561730747
수원,ok,,합,광명의 종합문화공간과 식물원에서 꽃구경하기,2514016,25,,,126.8452970759,37.4668801110
수원,ok,,합,광주 염주종합체육관,3441610,28,전남광주통합특별시 서구 금화로 278 (풍암동),,126.8781549427,35.1365406619
수원,ok,,합,교동도선착장대합실,2765276,12,인천광역시 강화군 교동면 교동남로 466,,126.317060879076,37.7749124322769
수원,ok,,합,구례역대합실,2906086,39,전남광주통합특별시 구례군 구례읍 섬진강로 23,,127.453659,35.166688
수원,ok,,합,군산로컬푸드복합센터,4057233,38,전북특별자치도 군산시 구암3.1로 103 (경암동),,126.730187603801,35.9817259904477
수원,ok,,합,군산수산물종합센터,920406,38,전북특별자치도 군산시 내항2길 216,,126.7047549900,35.9940306175
수원,ok,,합,권선종합시장,2753389,38,경기도 수원시 권선구 세권로 185 (권선동),,127.0248623910,37.2560564372
수원,ok,,합,금강역 레일카페(반야월연꽃마을협동조합),2633901,39,대구광역시 동구 금강로 153,,128.737162352754,35.8626123080129
수원,ok,,합,금성산(합천),1905410,12,경상남도 합천군 대병면 성리,,128.0367215303,35.5167414532
수원,ok,,합,기억저장소뜨듯 협동조합,2996327,12,경상남도 김해시 한림로401번길 11-1,,128.8024929498,35.3221550219
수원,ok,,합,나무키움(전의양묘영농조합법인),2775014,12,세종특별자치시 전의면 근성길 14,,127.1978759312,36.6764471443
수원,ok,,해우재,해우재,1925403,14,경기도 수원시 장안구 장안로458번길 9 (이목동),,126.97817228831086,37.319133665121406
수원,ok,,행궁 81.2,,,,,,,
수원,ok,,행궁 그리다,,,,,,,
수원,ok,,행궁 빙수,,,,,,,
수원,ok,,행궁 손칼국수,,,,,,,
수원,ok,,행궁 식탁,,,,,,,
수원,ok,,행궁 애월,,,,,,,
수원,ok,,행궁 이야기,,,,,,,
수원,ok,,행궁동 벽화마을,행궁동 벽화마을,2745995,12,경기도 수원시 팔달구 화서문로72번길 9-7 (북수동),,127.0165476856,37.2857125098
수원,ok,,행궁에뜨왈,,,,,,,
수원,ok,,행루즈 버거 수원점,,,,,,,
수원,ok,,행리단길,행리단길,3033047,12,경기도 수원시 팔달구 화서문로 43 (장안동),,127.0127633314099,37.28534203779344
수원,ok,,허스트 커피,,,,,,,
수원,ok,,헤올커피로스터즈,,,,,,,
수원,ok,,호텔 달 살롱,,,,,,,
수원,ok,,호텔도노,,,,,,,
수원,ok,,홀서 치킨 광교점,,,,,,,
수원,ok,,홈플러스 동수원점,,,,,,,
수원,ok,,홈플러스 북수원점 주차장,,,,,,,
수원,ok,,화성 관광열차 안내소 연무대 매표소,,,,,,,
수원,ok,,화성행궁,넘버25 수원화성행궁점,2849981,32,경기도 수원시 팔달구 정조로810번길 20 (남수동),,127.0179388693,37.2802416880
수원,ok,,화성행궁,화성행궁,129437,12,경기도 수원시 팔달구 정조로 825 (남창동),,127.0163732353,37.2818163237
수원,ok,,화성행궁,2026 화성행궁 야간개장,2657619,15,경기도 수원시 팔달구 정조로 825 (남창동),,127.0163732353,37.2818163237
수원,ok,,화성행궁 광장,,,,,,,
수원,ok,,화성행궁 신풍루,,,,,,,
수원,ok,,화성행궁(드라마 그해 우리는 촬영지),,,,,,,
수원,ok,,화홍문 공영주차장,,,,,,,
수원,ok,,효원공원 월화원,효원공원 월화원,750947,12,경기도 수원시 팔달구 동수원로 399 (인계동),,127.03944577486966,37.264913083342385
수원,ok,,효자 막창 수원 행궁점,,,,,,,
수원,ok,,효자동 솥뚜껑 수원 망포점,,,,,,,
수원,ok,,후 클라비,,,,,,,
수원,ok,,힐스테이트푸르지오 수 원 아파트,,,,,,,
