trip_id,area_code,trip_days,theme,has_child,has_elderly,has_disabled,companion_count,p0_age,p0_gender,p0_style,p0_home,p0_preferred,p1_age,p1_gender,p1_style,p1_home,p1_preferred
e_e000004,central,2,3,0,0,0,2,40,남,5;3;5;4;5;4;2;5,41,50110;42210;42170,,,,,
e_e000006,central,3,21,0,0,0,1,30,남,3;3;2;4;5;4;3;2,11,26350;26710;50110,,,,,
e_e000009,central,3,2,0,0,0,1,30,여,3;2;3;3;2;6;4;7,28,42150;11440;41650,,,,,
e_e000010,central,3,3,0,0,0,0,30,여,5;4;3;2;5;4;5;3,48,11710;11440;26350,,,,,
e_e000013,central,3,1,0,0,0,3,20,여,6;1;1;2;6;2;1;2,45,11110;30200;46820,,,,,
e_e000014,central,2,2,0,0,0,2,60,남,3;3;2;2;2;4;2;6,28,50130;42720;41820,,,,,
e_e000016,central,2,1,0,0,0,0,30,남,2;6;2;4;5;6;6;1,11,11500;41280;45110,,,,,
e_e000018,central,2,2,0,0,0,2,40,여,2;1;2;7;4;1;2;2,41,41360;42790;11410,,,,,
e_e000020,central,3,28,0,0,0,0,40,여,5;2;2;3;5;3;4;2,11,42230;48310;46130,,,,,
e_e000021,central,3,24,0,0,0,1,20,남,6;2;6;2;2;2;6;2,11,42820;50110;11680,,,,,
e_e000022,central,2,22,0,0,0,1,40,남,1;1;4;3;1;6;6;6,11,42210;44825;41280,,,,,
e_e000023,central,2,4,0,0,0,2,60,남,4;1;2;1;1;4;5;1,28,46710;26350;50130,,,,,
e_e000025,central,2,22,0,0,0,2,40,여,2;6;6;2;2;6;6;1,11,41480;44800;42150,,,,,
e_e000030,central,2,21,0,0,0,0,50,남,2;7;1;5;2;6;5;3,11,41830;41480;42780,,,,,
e_e000037,central,2,22,0,0,0,0,30,여,4;3;1;1;4;4;4;4,11,41460;41820;41830,,,,,
e_e000038,central,3,21,0,0,0,1,30,남,3;2;3;2;2;4;5;3,11,50110;42830;28110,,,,,
e_e000039,central,2,2,0,0,0,1,40,남,1;6;2;3;3;3;3;2,11,41480;42210;28710,,,,,
e_e000040,central,3,3,0,0,0,1,30,남,2;2;4;5;6;4;2;3,41,50110;50130;11440,,,,,
e_e000042,central,2,12,0,0,0,1,20,여,1;1;1;3;2;1;6;5,11,50110;42150;41830,,,,,
e_e000045,central,3,25,0,0,0,1,60,여,3;3;5;4;2;6;2;6,41,42210;43130;41570,,,,,
e_e000046,central,2,5,0,0,0,3,60,남,1;4;3;4;6;5;1;4,41,41820;42150;43130,,,,,
e_e000293,central,2,1,0,0,0,0,30,여,3;1;2;4;2;4;1;4,44,11110;50130;50110,,,,,
e_e000299,central,3,3,0,0,0,0,50,여,4;2;2;5;3;2;2;6,50,50110;11140;46130,,,,,
e_e000301,central,3,22,0,0,0,1,20,남,2;2;1;3;5;3;3;6,28,50130;50110;42150,,,,,
e_e000307,central,2,3,0,0,0,0,30,남,1;4;4;4;1;4;2;6,28,42150;50110;26350,,,,,
e_e000311,central,2,2,0,0,0,2,30,남,2;3;3;2;3;2;2;6,11,41270;28177;42110,,,,,
e_e000323,central,3,22,0,0,0,1,20,여,4;2;2;4;3;6;6;7,11,46110;26350;44130,,,,,
e_e000332,central,3,1,0,0,0,1,20,남,4;1;1;4;7;1;7;1,28,26500;50130;42210,,,,,
e_e000334,central,3,1,0,0,0,1,20,여,3;3;3;6;3;2;6;7,28,41280;11440;47130,,,,,
e_e000338,central,2,21,0,0,0,0,40,여,4;3;4;5;3;3;1;7,41,42210;42830;50130,,,,,
e_e000344,central,3,1,0,0,0,2,30,남,7;1;1;2;1;7;1;7,36,11710;41460;30200,,,,,
e_e000345,central,3,22,0,0,0,2,30,남,6;2;1;6;4;6;6;5,29,11440;50130;26350,,,,,
e_e000346,central,2,21,0,0,0,2,60,남,3;5;4;6;3;5;4;5,11,26200;28710;11440,,,,,
e_e000350,central,2,1,0,0,0,2,30,여,5;2;2;3;6;4;6;5,28,28200;41190;41390,,,,,
e_e000352,central,3,22,0,0,0,1,30,여,6;2;1;2;3;3;4;6,36,50130;26350;42210,,,,,
e_e000353,central,2,1,0,0,0,0,40,여,4;4;5;1;2;3;6;1,41,26350;50130;42150,,,,,
e_e000355,central,2,1,0,0,0,2,40,여,3;3;1;3;4;1;2;6,11,42150;41290;41480,,,,,
e_e000357,central,2,1,0,0,0,0,30,여,1;1;1;3;2;6;3;2,41,41250;50130;11680,,,,,
e_e000360,central,2,21,0,0,0,1,30,남,2;1;1;5;4;2;1;7,41,50130;50110;41610,,,,,
e_e000362,central,3,1,0,0,0,1,40,여,2;2;1;6;3;2;1;6,41,50130;11440;42210,,,,,
e_e000366,central,3,2,0,0,0,2,40,여,2;1;1;2;2;3;2;2,11,50110;41570;26710,,,,,
e_e000369,central,3,1,0,0,0,0,30,여,3;3;5;2;3;4;3;5,41,42150;46130;50130,,,,,
e_e000373,central,2,21,0,0,0,3,60,여,1;1;1;4;1;4;1;4,11,42210;41480;50130,,,,,
e_e000375,central,3,26,0,0,0,3,40,여,1;1;3;5;1;4;2;5,11,41360;41820;45140,,,,,
e_e000376,central,2,3,0,0,0,2,50,여,1;1;4;6;7;1;1;4,11,42210;42760;41110,,,,,
e_e000377,central,2,1,0,0,0,3,30,여,2;3;2;5;3;4;3;6,41,42210;43800;50110,,,,,
e_e000379,central,2,11,0,0,0,2,40,남,4;1;4;1;4;4;1;3,11,50130;26380;31140,,,,,
e_e000385,central,3,8,0,0,0,1,30,남,1;2;5;2;2;3;3;5,41,42150;28710;42230,,,,,
e_e000395,central,3,1,0,0,0,2,40,여,2;3;2;4;4;4;6;5,41,41390;42760;50110,,,,,
e_e000396,central,3,23,0,0,0,1,30,여,3;1;2;5;6;6;1;6,41,50110;42150;44825,,,,,
e_e000397,central,3,21,0,0,0,2,50,여,2;1;4;2;3;2;4;3,11,42820;41820;26410,,,,,
e_e000400,central,2,21,0,0,0,3,50,남,4;5;2;2;5;5;5;5,11,50130;42210;26350,,,,,
e_e000403,central,3,10,0,0,0,2,40,여,2;1;1;3;6;2;6;5,41,42210;47940;26350,,,,,
e_e000406,central,3,11,0,0,0,2,60,여,1;1;1;7;7;4;3;5,11,50130;44825;42230,,,,,
e_e000407,central,2,2,0,0,0,4,50,여,1;7;1;2;7;4;2;6,41,42150;41590;47280,,,,,
e_e000409,central,2,2,0,0,0,2,60,여,4;4;4;6;4;4;4;4,41,50130;46150;42150,,,,,
e_e000412,central,3,1,0,0,0,0,20,여,4;3;3;3;4;5;3;6,41,50110;26500;42210,,,,,
e_e000418,central,3,8,0,0,0,2,40,여,4;4;3;2;4;3;6;5,11,43150;41650;50130,,,,,
e_e000425,central,2,22,0,0,0,3,30,여,1;1;2;4;2;5;2;6,41,50130;50110;42210,,,,,
e_e000429,central,2,1,0,0,0,2,40,여,2;2;6;2;2;6;6;6,28,50130;42210;42810,,,,,
e_e000432,central,3,1,0,0,0,1,20,여,4;3;2;2;5;4;5;5,41,41110;45110;50110,,,,,
e_e000433,central,2,2,0,0,0,1,20,여,2;4;1;4;3;4;2;4,41,45110;47110;41480,,,,,
e_e000435,central,2,11,0,0,0,3,40,여,1;7;4;4;4;4;1;1,11,41450;42210;41610,,,,,
e_e000445,central,3,21,0,0,0,1,30,남,6;2;1;2;1;2;6;6,11,42210;26350;50130,,,,,
e_e000447,central,2,1,0,0,0,3,30,여,1;7;1;1;1;1;7;1,11,41280;41630;41480,,,,,
e_e000448,central,3,22,0,0,0,2,30,남,3;3;3;4;3;3;6;2,41,50130;26380;41570,,,,,
e_e000450,central,2,1,0,0,0,0,20,여,1;7;1;7;1;7;1;7,41,11710;11560;41220,,,,,
e_e000454,central,2,21,0,0,0,3,30,여,4;4;4;3;6;4;2;6,11,41820;42830;41830,,,,,
e_e000460,central,3,1,0,0,0,2,40,여,4;2;3;1;3;4;4;7,41,26350;26500;42150,,,,,
e_e000466,central,3,2,0,0,0,3,30,여,5;3;2;3;2;2;1;3,11,41280;42150;47250,,,,,
e_e000469,central,3,1,0,0,0,20,20,여,5;6;6;6;6;5;5;3,11,42150;47110;50110,,,,,
e_e000473,central,3,1,0,0,0,2,30,남,2;4;7;2;1;4;7;2,27,26350;47210;47130,,,,,
e_e000479,central,3,4,0,0,0,2,50,남,3;3;3;3;5;5;3;5,44,50110;42150;47770,,,,,
e_e000480,central,2,22,0,0,0,3,50,여,2;1;6;1;1;4;1;6,41,41650;48170;28177,,,,,
e_e000481,central,2,1,0,0,0,0,20,여,6;6;6;2;6;6;1;6,41,11710;11680;11440,,,,,
e_e000486,central,2,1,0,0,0,0,20,남,5;3;3;2;3;5;4;4,41,26350;42150;41110,,,,,
e_e000490,central,3,22,0,0,0,0,30,여,3;2;5;2;2;6;6;5,41,50110;42150;11680,,,,,
e_e000491,central,3,12,0,0,0,2,40,남,1;1;1;1;1;1;1;7,41,41650;42210;42110,,,,,
e_e000492,central,2,1,0,0,0,2,50,남,2;5;6;2;2;6;6;6,28,42210;42810;50130,,,,,
e_e000496,central,3,1,0,0,0,1,20,남,4;4;5;3;4;5;2;7,41,42150;50110;50130,,,,,
e_e000504,central,2,21,0,0,0,0,30,여,3;3;3;3;3;3;6;5,41,26350;42210;11710,,,,,
e_e000505,central,2,22,0,0,0,0,40,남,4;6;6;6;4;5;2;6,11,42780;41570;41290,,,,,
e_e000507,central,2,1,0,0,0,3,40,남,4;2;1;4;4;4;4;5,41,28110;42730;44825,,,,,
e_e000510,central,2,13,0,0,0,1,60,여,1;1;2;5;3;4;5;5,11,50130;48220;46130,,,,,
e_e000514,central,2,11,0,0,0,4,60,남,1;1;1;1;1;7;3;5,41,44825;41290;42170,,,,,
e_e000521,central,2,1,0,0,0,0,40,남,5;5;5;6;6;4;5;5,41,42210;42830;50110,,,,,
e_e000523,central,2,11,0,0,0,3,40,남,2;1;2;3;2;3;2;6,11,42150;43150;41830,,,,,
e_e000524,central,2,2,0,0,0,1,40,여,4;7;4;5;7;4;3;7,41,41460;41590;28185,,,,,
e_e000525,central,2,10,0,0,0,2,40,남,2;4;2;3;6;7;2;7,41,42820;46130;41460,,,,,
e_e000526,central,3,1,0,0,0,0,20,여,3;1;2;3;3;2;7;3,44,44180;26350;42150,,,,,
e_e000531,central,3,25,0,0,0,1,20,여,3;1;1;2;6;6;6;6,11,41820;42150;42830,,,,,
e_e000533,central,2,21,0,0,0,2,60,남,2;2;3;2;4;4;3;4,11,50130;42830;48220,,,,,
e_e000540,central,3,2,0,0,0,2,40,여,1;1;1;1;7;6;1;7,41,50130;42230;29140,,,,,
e_e000541,central,2,11,0,0,0,2,40,여,4;3;5;2;3;6;5;6,11,42150;42820;50130,,,,,
e_e000544,central,2,11,0,0,0,1,40,여,4;6;2;6;6;2;6;4,41,11110;11170;42150,,,,,
e_e000547,central,3,2,0,0,0,3,30,남,2;4;3;3;3;5;3;6,41,50130;42150;41280,,,,,
e_e000548,central,3,5,0,0,0,2,40,남,6;2;2;2;5;6;5;4,43,11110;45110;50110,,,,,
e_e000550,central,2,1,0,0,0,0,30,여,1;6;3;2;1;4;6;2,41,41110;43800;50130,,,,,
e_e000552,central,2,22,0,0,0,1,40,여,2;4;5;2;2;6;5;6,11,41830;42150;48220,,,,,
e_e000556,central,2,21,0,0,0,2,30,남,3;2;2;2;2;3;5;6,11,50130;42150;26350,,,,,
e_e000557,central,2,2,0,0,0,2,50,남,3;2;5;3;5;3;5;4,41,42150;26350;28710,,,,,
e_e000560,central,3,8,0,0,0,1,30,여,1;1;3;5;2;6;2;2,11,41820;41650;42720,,,,,
e_e000563,central,3,1,0,0,0,1,20,여,5;3;4;2;5;6;6;7,30,50130;11680;27230,,,,,
e_e000564,central,2,10,0,0,0,0,40,남,1;1;1;2;7;2;2;2,41,42150;41820;42750,,,,,
e_e000566,central,2,1,0,0,0,0,50,여,6;4;2;3;3;6;3;6,11,50110;26350;41280,,,,,
e_e000567,central,3,11,0,0,0,3,30,여,1;1;4;5;4;2;2;6,11,44825;42110;42150,,,,,
e_e000569,central,2,2,0,0,0,2,30,남,1;2;2;2;5;2;6;6,28,28200;41190;41390,,,,,
e_e000579,central,2,12,0,0,0,1,30,남,2;2;2;4;5;5;5;6,28,42210;50130;44825,,,,,
e_e000584,central,2,1,0,0,0,1,30,여,4;3;6;3;6;6;2;6,26,11680;26710;50130,,,,,
e_e000590,central,3,2,0,0,0,1,30,여,5;2;2;2;6;2;2;7,41,50130;26350;11710,,,,,
e_e000591,central,2,1,0,0,0,1,30,남,1;3;2;1;1;1;1;5,41,41820;50110;42830,,,,,
e_e000594,central,3,1,0,0,0,1,30,여,6;2;2;3;5;5;1;3,11,41110;41460;26350,,,,,
e_e000595,central,3,2,0,0,0,1,20,여,2;2;6;2;2;2;2;6,41,42150;50130;50110,,,,,
e_e000597,central,2,2,0,0,0,1,40,남,1;7;1;1;7;7;7;1,11,11440;42210;26350,,,,,
e_e000599,central,3,2,0,0,0,1,40,여,4;4;4;4;4;4;4;4,41,11230;50130;26350,,,,,
e_e000607,central,3,2,0,0,0,3,30,여,1;3;2;4;2;4;6;2,41,48840;45110;42110,,,,,
e_e000608,central,3,1,0,0,0,0,20,여,4;2;4;4;5;4;6;6,47,11440;26350;47110,,,,,
e_e000609,central,2,2,0,0,0,2,30,남,4;4;4;3;4;6;6;6,11,41190;41280;41820,,,,,
e_e000615,central,3,22,0,0,0,1,30,여,3;2;3;3;3;4;5;6,11,42150;50110;28110,,,,,
e_e000620,central,2,1,0,0,0,2,30,남,6;2;3;2;5;4;2;6,11,50130;50110;26350,,,,,
e_e000622,central,2,21,0,0,0,1,20,여,7;1;1;1;1;1;1;7,41,42150;42170;42130,,,,,
e_e000625,central,2,1,0,0,0,2,30,여,2;1;2;3;2;5;3;5,41,42830;28185;45190,,,,,
e_e000627,central,3,1,0,0,0,0,40,남,6;4;3;2;3;5;2;5,41,41110;28185;42150,,,,,
e_e000637,central,2,2,0,0,0,1,20,여,2;2;3;4;6;3;3;5,41,41270;41460;47250,,,,,
e_e000639,central,2,21,0,0,0,0,40,여,2;6;4;2;2;6;6;5,11,42830;26350;50130,,,,,
e_e000640,central,2,5,0,0,0,2,60,여,4;7;4;4;7;4;7;4,11,41800;42210;43730,,,,,
e_e000641,central,2,11,0,0,0,3,30,여,2;2;3;4;4;3;3;3,41,42820;48820;48220,,,,,
e_e000644,central,3,1,0,0,0,3,40,남,1;1;1;4;6;4;2;6,11,42150;48840;45130,,,,,
e_e000645,central,2,22,0,0,0,1,20,여,2;6;4;4;2;2;5;5,11,42130;46130;41310,,,,,
e_e000646,central,2,1,0,0,0,0,20,여,2;2;2;2;4;4;2;4,11,50110;42210;26410,,,,,
e_e000648,central,2,8,0,0,0,3,40,여,5;4;3;2;2;4;5;4,11,42150;11680;41460,,,,,
e_e000651,central,3,21,0,0,0,3,60,여,1;3;1;1;3;3;4;3,11,50130;42210;41820,,,,,
e_e000662,central,2,1,0,0,0,0,30,남,6;3;2;3;3;3;5;3,41,50110;26350;46130,,,,,
e_e000664,central,2,11,0,0,0,2,30,남,2;4;1;2;2;2;2;1,41,41360;41150;11260,,,,,
e_e000672,central,2,24,0,0,0,9,60,남,1;1;1;1;1;1;2;2,11,44180;42210;47280,,,,,
e_e000673,central,3,1,0,0,0,0,30,남,2;1;1;7;6;1;7;1,11,48840;42210;41360,,,,,
e_e000682,central,3,1,0,0,0,1,20,남,4;1;2;3;5;6;6;7,11,46130;48220;42150,,,,,
e_e000686,central,2,2,0,0,0,1,30,남,3;2;1;2;2;6;3;3,41,50110;26350;45110,,,,,
e_e000691,central,2,26,0,0,0,1,30,여,2;1;1;3;6;1;7;7,41,42170;42230;26350,,,,,
e_e000693,central,2,12,0,0,0,2,40,남,1;4;1;3;6;1;1;6,11,42150;50110;28110,,,,,
e_e000695,central,3,6,0,0,0,1,30,여,5;4;5;4;5;5;4;3,11,41820;28710;42150,,,,,
e_e000704,central,2,6,0,0,0,0,30,여,1;1;1;3;3;1;2;7,11,42750;28710;50110,,,,,
e_e000706,central,2,2,0,0,0,5,20,여,3;2;2;4;3;3;1;6,11,48120;50130;42210,,,,,
e_e000709,central,2,11,0,0,0,2,60,남,1;2;3;2;4;4;5;4,11,41820;42210;42150,,,,,
e_e000710,central,3,22,0,0,0,1,30,남,1;1;6;4;1;3;6;2,41,41650;41830;42750,,,,,
e_e000715,central,3,24,0,0,0,1,30,여,3;3;3;3;4;3;5;4,11,11110;46130;50110,,,,,
e_e000717,central,2,2,0,0,0,3,30,여,5;4;3;1;4;4;2;7,41,26710;46130;50130,,,,,
e_e000718,central,3,22,0,0,0,0,20,여,4;2;2;4;3;5;4;7,11,50110;26710;48840,,,,,
e_e000733,central,3,24,0,0,0,3,30,남,1;1;4;1;7;4;2;7,11,50130;42110;42150,,,,,
e_e000737,central,3,1,0,0,0,0,30,남,2;1;1;3;4;1;4;2,41,41820;42210;50130,,,,,
e_e000743,central,2,1,0,0,0,1,30,남,1;1;1;3;6;5;6;6,28,42170;41820;26350,,,,,
e_e000745,central,2,24,0,0,0,2,40,여,2;4;2;2;6;3;1;5,11,41130;46130;11680,,,,,
e_e000746,central,2,2,0,0,0,1,30,남,6;2;4;6;6;4;7;4,41,47930;42150;50130,,,,,
e_e000747,central,3,24,0,0,0,6,40,여,4;1;1;1;7;4;7;1,11,50110;48220;42770,,,,,
e_e000748,central,2,1,0,0,0,1,30,여,3;5;2;2;4;3;2;5,28,28110;28185;48240,,,,,
e_e000760,central,2,5,0,0,0,3,30,남,3;3;2;1;3;3;5;6,42,42110;42150;41670,,,,,
e_e000761,central,2,2,0,0,0,2,50,남,1;4;2;3;2;3;2;4,41,42210;41450;41830,,,,,
e_e000765,central,3,1,0,0,0,2,30,남,1;1;2;6;7;1;1;6,11,48740;47150;45730,,,,,
e_e000767,central,3,1,0,0,0,0,40,여,1;5;2;3;7;3;6;6,41,11290;42210;50110,,,,,
e_e000768,central,2,21,0,0,0,0,40,여,4;4;7;1;7;7;6;7,41,42210;42810;42110,,,,,
e_e000771,central,3,10,0,0,0,2,40,여,1;1;4;2;2;4;6;3,11,50130;28710;42150,,,,,
e_e000774,central,3,22,0,0,0,6,30,여,1;1;3;5;5;5;1;4,11,50130;42230;46130,,,,,
e_e000782,central,2,22,0,0,0,2,50,남,4;7;7;2;5;7;1;2,41,42150;41450;11710,,,,,
e_e000785,central,3,10,0,0,0,4,20,여,4;2;2;5;4;4;7;5,41,41800;41110;41590,,,,,
e_e000787,central,2,22,0,0,0,4,20,여,4;2;1;1;2;3;2;7,11,50110;48840;26350,,,,,
e_e000789,central,3,1,0,0,0,3,40,여,1;1;4;4;5;6;2;4,11,42820;41280;28710,,,,,
e_e000791,central,3,2,0,0,0,1,20,남,1;2;2;3;3;4;6;4,41,42150;47130;50110,,,,,
e_e000793,central,2,1,0,0,0,1,60,남,2;4;6;4;3;5;5;4,41,44270;28710;41830,,,,,
e_e000794,central,3,1,0,0,0,0,20,여,4;6;2;4;3;2;5;2,46,11680;41830;11710,,,,,
e_e000801,central,2,1,0,0,0,0,30,남,4;1;4;1;2;4;1;6,11,26350;42150;50110,,,,,
e_e000802,central,2,1,0,0,0,0,40,남,2;6;6;2;2;6;2;6,41,50130;29155;41820,,,,,
e_e000803,central,2,6,0,0,0,3,30,남,3;4;3;2;7;3;6;3,11,41280;42730;41590,,,,,
e_e000805,central,3,11,0,0,0,2,40,여,3;3;3;3;6;6;2;6,11,42210;50110;11260,,,,,
e_e000807,central,3,22,0,0,0,2,30,남,4;2;3;4;5;6;3;6,31,26230;47130;50130,,,,,
e_e000810,central,3,1,0,0,0,0,30,여,4;1;1;2;1;6;1;7,27,50130;50110;26500,,,,,
e_e000811,central,3,1,0,0,0,4,40,여,2;4;4;3;3;4;6;5,11,42150;41830;11140,,,,,
e_e000812,central,3,11,0,0,0,3,30,남,3;5;5;5;6;5;5;4,41,41460;42150;50130,,,,,
e_e000817,central,3,8,0,0,0,2,30,남,1;1;1;1;1;4;4;1,11,42210;41820;42810,,,,,
e_e000818,central,3,25,0,0,0,1,30,여,2;1;2;2;2;2;2;7,41,50110;42830;42230,,,,,
e_e000830,central,2,2,0,0,0,2,30,남,3;7;1;1;4;5;1;4,41,41360;11740;41820,,,,,
e_e000831,central,2,1,0,0,0,3,40,남,2;2;2;3;2;5;6;6,28,42210;41270;42770,,,,,
e_e000838,central,2,1,0,0,0,3,30,남,2;6;2;7;6;6;2;6,28,41360;11440;28110,,,,,
e_e000840,central,3,1,0,0,0,3,30,여,5;2;2;1;2;2;6;7,11,42210;41820;50110,,,,,
e_e000841,central,3,3,0,0,0,2,20,여,5;2;2;3;4;4;3;7,11,50110;26110;41360,,,,,
e_e000844,central,3,1,0,0,0,2,30,여,6;2;4;2;4;4;2;3,27,26710;26350;11680,,,,,
e_e000849,central,2,1,0,0,0,1,20,여,3;2;1;2;4;4;1;7,41,46150;26710;11440,,,,,
e_e000850,central,2,3,0,0,0,0,30,여,1;3;2;5;5;4;1;6,11,50130;42150;47130,,,,,
e_e000852,central,2,22,0,0,0,1,30,여,4;2;1;4;5;6;6;6,41,50110;46130;47130,,,,,
e_e000854,central,2,1,0,0,0,4,40,여,7;7;1;7;7;7;6;7,41,11170;28177;41650,,,,,
e_e000865,central,3,21,0,0,0,0,20,여,4;2;6;5;1;4;6;2,11,28140;42150;41460,,,,,
e_e000872,central,3,11,0,0,0,4,50,여,1;4;6;4;2;7;1;7,41,42210;42170;28710,,,,,
e_e000875,central,2,6,0,0,0,0,50,남,3;2;6;6;7;6;2;4,26,11620;31140;48250,,,,,
e_e000882,central,2,21,0,0,0,0,20,여,4;1;1;1;6;6;7;7,41,41590;50130;11680,,,,,
e_e000883,central,3,1,0,0,0,0,30,여,3;6;3;5;3;4;6;1,26,48250;48310;42230,,,,,
e_e000886,central,2,2,0,0,0,0,60,여,1;1;1;1;1;7;1;7,41,42150;41360;28185,,,,,
e_e000889,central,2,3,0,0,0,1,30,남,4;1;5;4;6;2;7;5,41,50130;26200;42830,,,,,
e_e000906,central,3,21,0,0,0,0,20,여,2;4;1;2;2;4;6;7,11,41360;50110;42110,,,,,
e_e000910,central,3,21,0,0,0,0,30,남,3;4;2;6;4;2;6;6,11,11110;26350;42170,,,,,
e_e000914,central,2,1,0,0,0,0,20,여,3;6;2;3;2;2;4;1,30,45110;26230;11650,,,,,
e_e000917,central,3,22,0,0,0,3,30,여,3;6;6;1;7;6;2;4,43,47770;44180;42150,,,,,
e_e000919,central,3,27,0,0,0,3,40,남,2;2;6;6;6;2;2;2,11,41830;41500;41480,,,,,
e_e000930,central,3,23,0,0,0,1,20,여,4;6;2;5;4;2;1;6,41,26290;26230;43130,,,,,
e_e000932,central,2,12,0,0,0,2,20,여,1;4;1;2;4;4;1;7,41,42830;50110;42820,,,,,
e_e000936,central,3,1,0,0,0,1,30,남,3;1;6;3;1;6;1;7,11,50130;26350;41650,,,,,
e_e000938,central,2,2,0,0,0,3,40,여,3;5;6;4;2;2;1;3,11,44825;42730;41550,,,,,
e_e000942,central,3,22,0,0,0,1,30,남,4;1;2;4;2;2;3;2,41,41830;50130;42150,,,,,
e_e000947,central,3,2,0,0,0,1,30,남,2;1;2;2;1;2;4;4,41,42150;50130;41830,,,,,
e_e000949,central,2,1,0,0,0,2,30,남,2;1;4;4;4;3;4;4,41,50130;42760;26710,,,,,
e_e000950,central,3,8,0,0,0,9,60,여,2;6;1;2;3;3;5;6,11,50130;42150;41820,,,,,
e_e000955,central,2,21,0,0,0,3,40,여,1;1;1;1;7;1;1;7,41,41170;41460;41110,,,,,
e_e000956,central,2,22,0,0,0,0,50,여,3;3;4;3;4;4;5;5,28,42150;41830;28110,,,,,
e_e000962,central,2,1,0,0,0,2,30,여,1;1;1;1;7;4;4;4,28,42150;42230;41650,,,,,
e_e000966,central,2,1,0,0,0,4,60,남,6;6;5;7;6;5;7;1,11,42230;28710;44825,,,,,
e_e000969,central,2,1,0,0,0,0,40,여,2;3;1;1;3;5;1;3,11,42210;42230;26350,,,,,
e_e000973,central,3,8,0,0,0,3,60,여,2;2;4;2;2;2;1;5,28,42830;42210;42150,,,,,
e_e000976,central,2,1,0,0,0,0,40,남,1;4;4;4;1;4;4;4,41,48220;42150;50110,,,,,
e_e000983,central,2,2,0,0,0,0,50,남,1;3;1;2;1;1;7;5,11,50130;41820;42210,,,,,
e_e000984,central,2,1,0,0,0,1,30,여,2;2;4;2;3;4;1;2,41,42210;42150;50110,,,,,
e_e000986,central,2,1,0,0,0,0,30,여,4;2;3;3;5;5;3;7,41,42210;50130;42150,,,,,
e_e000987,central,2,1,0,0,0,1,20,여,6;6;2;2;6;6;4;2,41,50110;41110;43110,,,,,
e_e000992,central,2,11,0,0,0,1,40,여,6;4;2;2;6;7;2;3,28,41570;11560;42150,,,,,
e_e000994,central,3,2,0,0,0,2,20,여,3;1;4;5;6;2;7;6,28,41820;26440;50130,,,,,
e_e000996,central,2,1,0,0,0,0,30,여,1;1;1;1;1;1;1;7,11,42210;42830;50130,,,,,
e_e000997,central,3,1,0,0,0,2,40,남,1;7;1;1;7;7;4;5,41,50110;42150;41670,,,,,
e_e000998,central,3,1,0,0,0,2,30,여,4;2;4;2;2;6;6;6,41,41820;42210;29170,,,,,
e_e001009,central,3,22,0,0,0,1,20,여,4;1;1;1;6;2;1;6,29,11140;11170;42150,,,,,
e_e001012,central,2,1,0,0,0,1,20,여,6;3;3;1;3;5;2;5,11,50110;45110;42150,,,,,
e_e001013,central,2,21,0,0,0,0,40,여,3;4;4;2;4;4;5;4,41,42210;50110;26350,,,,,
e_e001014,central,3,8,0,0,0,1,20,여,3;1;3;3;6;3;6;6,11,50130;26350;42150,,,,,
e_e001019,central,2,1,0,0,0,0,30,남,2;4;3;6;6;3;7;6,41,42150;41360;41830,,,,,
e_e001023,central,2,1,0,0,0,2,30,남,4;1;1;2;4;4;7;4,11,42210;26350;50110,,,,,
e_e001025,central,3,22,0,0,0,1,30,남,4;2;3;4;4;6;2;7,41,42150;46170;26260,,,,,
e_e001026,central,3,2,0,0,0,1,30,남,2;2;3;3;2;4;2;6,41,50130;42210;11560,,,,,
e_e001030,central,3,23,0,0,0,5,50,남,4;4;5;4;4;3;4;4,11,42210;41820;26350,,,,,
e_e001031,central,3,22,0,0,0,1,20,여,2;3;2;4;5;4;3;7,28,46150;41480;50130,,,,,
e_e001040,central,2,1,0,0,0,1,30,남,5;2;5;3;5;5;3;5,11,41360;41190;47130,,,,,
e_e001041,central,3,2,0,0,0,3,40,여,6;6;6;5;5;5;5;5,11,41610;46170;42210,,,,,
e_e001052,central,2,22,0,0,0,0,30,여,2;2;1;1;2;3;3;7,28,46730;46170;47170,,,,,
e_e001057,central,2,22,0,0,0,3,60,남,7;7;7;4;7;4;4;4,41,50130;42210;28110,,,,,
e_e001059,central,3,1,0,0,0,1,30,남,1;1;1;4;4;1;4;7,41,44210;50130;26350,,,,,
e_e001061,central,2,4,0,0,0,0,30,여,4;3;3;6;6;2;1;4,41,42170;28710;41480,,,,,
e_e001063,central,2,1,0,0,0,1,30,남,4;2;3;3;4;4;5;3,41,50110;26350;27230,,,,,
e_e001068,central,3,21,0,0,0,4,40,남,1;3;1;4;5;2;6;3,11,42170;50130;26350,,,,,
e_e001069,central,2,24,0,0,0,1,30,남,1;1;1;1;6;2;1;7,41,42150;41820;48310,,,,,
e_e001070,central,2,2,0,0,0,1,20,여,7;2;2;2;2;2;1;7,11,42150;50110;26500,,,,,
e_e001071,central,2,1,0,0,0,0,30,여,4;3;3;4;2;6;6;5,11,50110;42110;42150,,,,,
e_e001079,central,2,1,0,0,0,1,30,여,4;6;3;3;4;4;3;6,41,11560;28237;28185,,,,,
e_e001081,central,2,3,0,0,0,1,30,남,2;4;1;5;2;2;3;3,11,42830;41110;46150,,,,,
e_e001084,central,3,21,0,0,0,8,60,남,2;4;6;6;3;5;6;6,41,42210;50110;41480,,,,,
e_e001093,central,2,22,0,0,0,1,30,여,2;4;2;4;3;4;3;7,41,11110;41270;28245,,,,,
e_e001097,central,2,6,0,0,0,1,40,여,2;2;2;2;4;4;2;7,41,42170;50130;26350,,,,,
e_e001098,central,2,12,0,0,0,1,30,여,6;2;3;4;5;2;5;4,11,42210;41480;26500,,,,,
e_e001103,central,3,23,0,0,0,2,40,여,1;1;4;4;2;2;3;6,41,50110;50130;42210,,,,,
e_e001104,central,2,1,0,0,0,1,20,여,6;2;2;2;5;4;3;5,43,11440;47130;50110,,,,,
e_e001108,central,2,21,0,0,0,0,20,여,4;1;2;2;4;3;6;5,11,26350;47130;27110,,,,,
e_e001110,central,2,2,0,0,0,10,60,여,2;4;3;3;2;5;2;5,11,42150;30200;41360,,,,,
e_e001114,central,2,1,0,0,0,1,20,여,2;1;2;3;3;6;5;6,41,50130;50110;42150,,,,,
e_e001117,central,3,2,0,0,0,1,20,여,2;1;1;1;2;3;2;5,41,42150;47130;50130,,,,,
e_e001118,central,3,24,0,0,0,2,40,남,2;1;2;4;3;2;6;7,41,42210;41820;47130,,,,,
e_e001124,central,3,2,0,0,0,1,30,여,1;1;2;5;6;2;1;6,41,50110;26350;42760,,,,,
e_e001126,central,2,22,0,0,0,1,40,여,4;4;4;4;4;4;4;4,41,42150;42820;50130,,,,,
e_e001127,central,2,11,0,0,0,2,40,여,1;4;1;3;3;3;4;7,41,41270;42110;44810,,,,,
e_e001130,central,3,22,0,0,0,3,30,남,2;6;6;3;2;2;6;6,41,42150;50130;44825,,,,,
e_e001131,central,3,22,0,0,0,1,20,여,5;5;3;2;3;3;6;5,41,11710;11170;44150,,,,,
e_e001134,central,2,21,0,0,0,2,20,여,6;7;1;3;2;1;7;1,41,50130;26710;11680,,,,,
e_e001137,central,3,22,0,0,0,1,20,여,4;4;4;6;5;2;6;4,45,11110;45190;50110,,,,,
e_e001140,central,2,11,0,0,0,0,40,남,4;4;4;4;4;4;4;4,41,42150;42820;42170,,,,,
e_e001146,central,2,21,0,0,0,0,20,남,4;4;4;3;3;4;3;4,11,50110;42150;41820,,,,,
e_e001147,central,2,1,0,0,0,1,20,남,5;1;1;3;1;6;3;2,28,11710;42210;42230,,,,,
e_e001159,central,3,1,0,0,0,1,30,여,2;1;1;2;1;1;1;1,45,42230;26350;45110,,,,,
e_e001171,central,2,21,0,0,0,1,30,남,4;4;6;4;6;3;5;5,30,11110;26350;50130,,,,,
e_e001172,central,2,3,0,0,0,0,30,여,2;7;7;3;2;5;7;6,41,42150;11110;41820,,,,,
e_e001176,central,2,22,0,0,0,2,40,남,6;2;2;2;2;6;2;6,11,42210;50130;41820,,,,,
e_e001178,central,2,22,0,0,0,1,40,여,2;4;3;2;4;4;2;6,41,50130;42150;44825,,,,,
e_e001182,central,3,21,0,0,0,3,40,여,3;3;5;4;4;3;3;4,11,42150;42830;41650,,,,,
e_e001183,central,2,11,0,0,0,3,40,여,5;6;3;3;6;6;6;6,28,50130;42110;41480,,,,,
e_e001188,central,2,2,0,0,0,2,40,남,1;1;4;2;4;4;4;4,41,26350;47130;50130,,,,,
e_e001194,central,2,2,0,0,0,2,30,여,2;2;1;1;1;2;6;1,41,41590;41110;42150,,,,,
e_e001200,central,3,21,0,0,0,1,20,남,2;2;6;3;1;6;2;7,11,50110;42150;27140,,,,,
e_e001201,central,3,22,0,0,0,1,40,남,1;1;7;4;1;1;1;7,41,41460;43150;44825,,,,,
e_e001207,central,3,1,0,0,0,0,30,여,2;4;2;4;3;4;2;4,29,46730;46710;11680,,,,,
e_e001211,central,2,3,0,0,0,0,30,남,7;4;2;6;6;4;7;3,11,41570;42830;28140,,,,,
e_e001215,central,2,2,0,0,0,2,30,남,2;1;1;2;1;1;1;6,11,42210;50130;28185,,,,,
e_e001220,central,2,21,0,0,0,0,30,여,4;4;5;2;4;2;2;6,41,26500;50130;11740,,,,,
e_e001230,central,3,8,0,0,0,2,50,여,2;2;4;6;3;2;1;5,41,42150;41480;11680,,,,,
e_e001233,central,3,1,0,0,0,3,30,여,6;2;2;4;5;1;1;4,11,42150;41820;28110,,,,,
e_e001238,central,2,1,0,0,0,2,50,남,6;7;5;1;2;6;2;2,41,11440;11140;28200,,,,,
e_e001244,central,2,1,0,0,0,1,60,여,4;2;5;1;1;3;3;6,41,11110;11680;50130,,,,,
e_e001246,central,2,1,0,0,0,1,20,남,4;1;1;4;4;4;5;3,41,41830;11740;42150,,,,,
e_e001251,central,3,21,0,0,0,3,30,여,6;1;3;1;4;6;4;2,41,50130;47930;42830,,,,,
e_e001252,central,2,1,0,0,0,6,60,여,3;3;2;4;2;4;4;2,42,42150;46130;50130,,,,,
e_e001257,central,2,2,0,0,0,1,60,여,2;2;4;2;2;4;6;2,11,50130;42210;48220,,,,,
e_e001261,central,2,8,0,0,0,7,50,여,1;7;5;1;2;2;7;7,41,11680;47930;47110,,,,,
e_e001262,central,2,13,0,0,0,1,30,여,2;2;2;1;6;6;7;7,11,42210;50110;42750,,,,,
e_e001264,central,2,1,0,0,0,1,20,남,2;1;1;6;6;2;2;7,28,50110;45110;42830,,,,,
e_e001265,central,3,2,0,0,0,3,40,남,2;1;1;4;6;6;2;7,41,42170;41820;50130,,,,,
e_e001267,central,2,2,0,0,0,1,40,남,4;3;2;3;2;5;2;6,41,11110;50110;46130,,,,,
e_e001276,central,3,22,0,0,0,1,30,여,4;4;3;5;6;6;6;4,41,11110;50110;28200,,,,,
e_e001279,central,3,1,0,0,0,0,50,남,2;2;2;4;5;3;2;2,30,44150;43110;50110,,,,,
e_e001280,central,3,26,0,0,0,1,30,남,4;4;1;3;2;4;2;6,44,11710;44130;41190,,,,,
e_e001287,central,2,2,0,0,0,3,40,남,1;1;1;5;7;7;1;7,41,48310;42210;46130,,,,,
e_e001291,central,2,11,0,0,0,2,30,남,2;4;2;4;4;6;3;6,41,42150;26350;44760,,,,,
e_e001295,central,2,22,0,0,0,1,60,여,2;4;4;5;3;3;3;2,41,45110;47130;42210,,,,,
e_e001296,central,2,13,0,0,0,3,40,남,7;1;1;1;1;7;1;7,41,31170;42210;46860,,,,,
e_e001301,central,3,6,0,0,0,1,20,남,6;1;2;4;5;5;6;6,28,50110;42150;26500,,,,,
e_e001308,central,2,2,0,0,0,2,30,남,4;1;4;4;6;4;1;7,41,41110;28185;41460,,,,,
e_e001314,central,2,13,0,0,0,2,50,남,2;1;3;3;3;3;3;6,41,42210;41820;44825,,,,,
e_e001316,central,2,1,0,0,0,4,60,여,1;4;4;2;2;4;2;3,28,50130;41820;42830,,,,,
e_e001321,central,2,3,0,0,0,0,30,여,2;6;2;5;2;6;2;6,41,41820;42150;11710,,,,,
e_e001325,central,2,1,0,0,0,1,30,여,1;1;2;1;1;2;1;1,41,42210;50110;11170,,,,,
e_e001326,central,3,21,0,0,0,1,30,남,7;7;7;7;7;7;1;7,29,46130;26350;50110,,,,,
e_e001330,central,2,2,0,0,0,3,40,여,1;1;3;1;1;5;3;5,41,41670;42210;50110,,,,,
e_e001331,central,2,2,0,0,0,2,60,남,2;4;4;3;1;4;1;7,11,50130;41480;41220,,,,,
e_e001344,central,2,21,0,0,0,1,30,남,1;3;3;4;3;1;4;7,41,41610;28110;41110,,,,,
e_e001346,central,2,1,0,0,0,1,20,남,4;1;1;1;1;5;7;7,41,50110;26350;41820,,,,,
e_e001351,central,3,22,0,0,0,1,30,남,4;2;3;2;3;5;5;6,11,26530;48310;42210,,,,,
e_e001356,central,3,3,0,0,0,1,30,여,2;6;2;3;3;2;6;5,26,11680;47130;48250,,,,,
e_e001360,central,2,22,0,0,0,3,40,남,2;4;2;5;6;3;6;7,11,41820;42830;46130,,,,,
e_e001372,central,3,1,0,0,0,1,30,여,7;5;5;1;1;5;1;4,41,11110;30200;28185,,,,,
e_e001377,central,2,3,0,0,0,0,30,여,6;4;5;1;1;3;7;5,41,50130;47130;45110,,,,,
e_e001380,central,2,1,0,0,0,2,30,남,4;6;2;1;4;2;4;6,41,41480;41570;11440,,,,,
e_e001382,central,3,6,0,0,0,1,30,여,1;1;1;2;2;7;2;7,11,50110;41820;26350,,,,,
e_e001384,central,2,2,0,0,0,1,20,남,2;1;2;4;6;6;3;6,11,46130;42150;47130,,,,,
e_e001386,central,3,12,0,0,0,0,30,여,5;3;4;3;4;4;4;4,11,42150;41820;41650,,,,,
e_e001392,central,2,2,0,0,0,2,30,여,6;6;7;3;5;6;2;3,41,41480;42210;50110,,,,,
e_e001396,central,2,1,0,0,0,0,30,남,2;2;3;2;6;6;2;6,11,41800;42210;41360,,,,,
e_e001400,central,2,2,0,0,0,0,30,남,1;4;7;4;7;1;1;7,11,41190;41210;28260,,,,,
e_e001408,central,3,2,0,0,0,1,30,남,2;1;1;4;6;1;1;7,11,41480;44825;47170,,,,,
e_e001409,central,3,21,0,0,0,4,30,여,3;3;2;4;3;3;3;6,11,41820;42210;42150,,,,,
e_e001411,central,2,7,0,0,0,3,20,여,4;5;2;3;6;6;3;6,41,11200;11560;48120,,,,,
e_e001412,central,3,1,0,0,0,1,20,남,4;2;2;3;3;5;5;2,41,11680;50130;42150,,,,,
e_e001413,central,2,22,0,0,0,0,20,여,4;4;4;7;5;3;1;7,11,28260;41480;42150,,,,,
e_e001414,central,2,1,0,0,0,2,40,남,3;2;1;6;6;2;1;5,41,50130;50110;26350,,,,,
e_e001415,central,2,21,0,0,0,3,20,남,3;3;3;3;3;3;2;4,11,26350;42210;46130,,,,,
e_e001416,central,2,21,0,0,0,1,30,여,2;3;5;3;2;3;6;3,41,41150;47170;42770,,,,,
e_e001421,central,2,12,0,0,0,0,30,여,2;4;6;4;5;2;6;4,41,42150;26350;46130,,,,,
e_e001424,central,2,12,0,0,0,4,40,남,2;5;1;1;2;1;1;6,28,50130;42210;41110,,,,,
e_e001426,central,2,1,0,0,0,0,30,여,1;1;7;1;1;7;7;7,41,42210;42150;50130,,,,,
e_e001427,central,3,1,0,0,0,2,30,여,4;1;4;4;6;4;2;7,42,50130;41480;28140,,,,,
e_e001428,central,3,1,0,0,0,1,30,여,2;4;2;4;4;2;1;6,27,47190;48840;26170,,,,,
e_e001429,central,2,11,0,0,0,3,40,여,2;2;4;2;4;4;1;3,11,50130;41820;42830,,,,,
e_e001430,central,2,1,0,0,0,1,20,여,4;4;2;4;6;4;4;6,11,42150;46150;50110,,,,,
e_e001432,central,2,1,0,0,0,1,20,남,5;2;1;3;4;2;6;2,41,26170;42210;50110,,,,,
e_e001434,central,2,11,0,0,0,1,40,남,1;3;2;4;6;5;5;6,41,50130;42760;48310,,,,,
e_e001436,central,3,8,0,0,0,3,40,남,2;3;3;2;2;5;5;6,41,44825;42210;41830,,,,,
e_e001440,central,2,11,0,0,0,1,20,남,4;2;2;5;6;5;7;6,41,50110;42150;26350,,,,,
e_e001448,central,3,2,0,0,0,1,20,여,2;2;1;1;2;1;1;7,11,41650;41280;41310,,,,,
e_e001449,central,2,21,0,0,0,2,30,여,7;7;7;4;4;7;6;2,41,42210;28200;11140,,,,,
e_e001452,central,2,2,0,0,0,1,30,남,2;3;1;3;2;2;2;2,11,50130;26350;41820,,,,,
e_e001458,central,2,1,0,0,0,1,60,여,2;3;3;2;2;2;2;2,11,50130;26350;46150,,,,,
e_e001459,central,2,21,0,0,0,1,30,남,3;5;2;4;2;5;6;7,11,42820;42210;41290,,,,,
e_e001464,central,2,22,0,0,0,0,20,여,5;6;7;3;6;6;7;3,41,50130;26500;11680,,,,,
e_e001467,central,3,12,0,0,0,0,30,여,3;3;3;4;5;5;3;7,11,50130;42150;26350,,,,,
e_e001468,central,2,2,0,0,0,1,30,여,2;2;4;6;2;2;3;6,28,42210;50110;48240,,,,,
e_e001471,central,2,1,0,0,0,0,30,남,1;1;2;4;1;1;1;1,11,50130;26440;42210,,,,,
e_e001480,central,2,22,0,0,0,1,20,여,7;6;1;7;1;7;1;7,41,47130;41110;30170,,,,,
e_e001482,central,3,22,0,0,0,1,20,남,2;2;2;1;2;6;2;4,31,11680;27110;50130,,,,,
e_e001485,central,2,22,0,0,0,3,40,여,5;4;4;1;4;5;6;6,41,44270;42210;44130,,,,,
e_e001489,central,2,1,0,0,0,1,20,여,4;3;2;5;5;6;6;6,11,41150;41110;42820,,,,,
e_e001499,central,3,1,0,0,0,1,20,남,3;1;1;3;4;2;4;4,31,48840;11680;26500,,,,,
e_e001503,central,3,10,0,0,0,2,40,남,3;2;2;5;3;6;2;7,11,41820;29200;28710,,,,,
e_e001510,central,2,1,0,0,0,1,20,여,3;1;2;3;4;6;1;6,41,11680;42830;27110,,,,,
e_e001519,central,3,22,0,0,0,1,40,여,4;2;3;5;3;4;2;7,11,41360;28110;41450,,,,,
e_e001521,central,2,2,0,0,0,0,20,여,7;1;7;1;1;7;1;7,11,50130;42210;42830,,,,,
e_e001523,central,2,21,0,0,0,1,60,남,4;4;4;4;4;4;4;4,11,42150;41820;50130,,,,,
e_e001525,central,2,21,0,0,0,3,50,여,3;2;5;3;2;5;3;4,41,42210;50130;50110,,,,,
e_e001526,central,3,23,0,0,0,3,40,여,2;1;6;6;6;6;3;2,26,48220;47130;50110,,,,,
e_e001529,central,3,1,0,0,0,2,20,여,4;3;3;2;2;2;2;7,11,42210;11110;50130,,,,,
e_e001530,central,2,11,0,0,0,1,20,남,4;2;4;4;6;5;2;7,11,50130;41480;26110,,,,,
e_e001532,central,2,2,0,0,0,0,20,여,4;2;2;3;3;3;4;3,11,11590;50130;26500,,,,,
e_e001534,central,2,21,0,0,0,1,20,남,3;3;2;4;2;3;2;4,11,45110;42150;50110,,,,,
e_e001538,central,3,22,0,0,0,5,40,남,2;1;1;4;1;1;1;7,41,31110;26500;42170,,,,,
e_e001542,central,3,1,0,0,0,2,40,남,1;1;4;2;3;3;3;6,11,42770;50130;42150,,,,,
e_e001544,central,2,12,0,0,0,1,30,여,4;2;1;1;1;7;1;7,11,47130;45110;46130,,,,,
e_e001553,central,2,26,0,0,0,1,30,여,6;1;1;1;1;7;1;1,11,41820;42150;45110,,,,,
e_e001557,central,2,22,0,0,0,0,30,여,4;2;2;1;5;5;2;6,11,50130;42110;42210,,,,,
e_e001559,central,2,6,0,0,0,1,50,남,2;6;3;4;4;4;5;3,11,50130;26350;41650,,,,,
e_e001563,central,2,1,0,0,0,3,30,여,4;5;6;2;2;3;7;2,42,42820;11680;26350,,,,,
e_e001564,central,2,1,0,0,0,1,40,남,2;4;3;2;2;5;3;4,41,42820;41460;50130,,,,,
e_e001565,central,2,2,0,0,0,1,30,남,1;4;1;2;2;3;3;7,11,42150;26500;46730,,,,,
e_e001568,central,2,1,0,0,0,0,20,여,2;6;6;2;1;2;5;7,41,27230;50110;41590,,,,,
e_e001569,central,2,21,0,0,0,0,40,여,2;1;1;1;3;2;3;2,28,26350;42830;50130,,,,,
e_e001576,central,2,1,0,0,0,2,40,여,2;6;1;4;3;4;2;4,43,42830;47110;30230,,,,,
e_e001577,central,2,2,0,0,0,0,20,여,1;7;4;1;7;2;7;5,41,41460;46720;43770,,,,,
e_e001578,central,2,1,0,0,0,0,40,남,2;2;3;3;2;4;3;6,11,42210;50130;26350,,,,,
e_e001888,central,2,10,0,0,0,3,30,남,1;1;4;4;1;5;1;6,11,41280;30200;26350,,,,,
e_e001890,central,2,22,0,0,0,1,20,남,6;3;2;3;6;3;5;6,11,42210;26320;50110,,,,,
e_e001891,central,2,5,0,0,0,2,30,여,1;1;1;1;1;1;7;7,11,42150;31170;50130,,,,,
e_e001892,central,2,6,0,0,0,2,30,남,1;1;1;1;1;1;1;1,11,42150;41280;46150,,,,,
e_e001897,central,2,24,0,0,0,0,30,여,1;4;7;2;1;2;1;7,41,50130;42210;41630,,,,,
e_e001899,central,3,6,0,0,0,1,20,여,2;2;2;6;6;5;2;5,41,42150;50130;42210,,,,,
e_e001900,central,2,13,0,0,0,2,60,남,2;3;6;5;3;5;4;6,11,42210;41830;28710,,,,,
e_e001905,central,2,1,0,0,0,2,50,여,2;5;5;3;3;5;3;5,11,28260;50110;41630,,,,,
e_e001909,central,2,3,0,0,0,0,30,남,4;3;2;6;4;4;6;3,41,42760;26710;50110,,,,,
e_e001911,central,3,11,0,0,0,3,40,남,4;4;4;6;4;3;3;4,11,50110;50130;44210,,,,,
e_e001913,central,3,22,0,0,0,1,20,남,4;4;4;4;3;4;3;5,41,41650;28185;50130,,,,,
e_e001914,central,3,2,0,0,0,1,20,여,2;1;1;3;6;5;6;7,41,50130;42150;46780,,,,,
e_e001916,central,3,1,0,0,0,2,40,여,3;5;2;3;4;5;3;5,27,31170;42130;50130,,,,,
e_e001923,central,2,22,0,0,0,0,20,여,1;1;1;2;7;2;6;6,41,42150;26350;50130,,,,,
e_e001924,central,2,1,0,0,0,0,20,남,3;6;4;2;7;2;6;6,28,11410;44150;11110,,,,,
e_e001926,central,3,1,0,0,0,1,20,여,4;4;1;1;4;3;3;7,30,11680;11170;11215,,,,,
e_e001935,central,3,1,0,0,0,1,20,남,1;1;1;4;7;1;7;7,41,42760;11710;47930,,,,,
e_e001936,central,3,9,0,0,0,1,20,남,1;1;1;1;4;1;2;7,28,11110;27110;26350,,,,,
e_e001937,central,2,2,0,0,0,2,30,여,2;1;4;2;1;2;1;6,44,44760;41830;26350,,,,,
e_e001940,central,3,22,0,0,0,1,20,여,1;1;4;1;1;1;6;7,26,50110;42150;48250,,,,,
e_e001944,central,2,3,0,0,0,1,60,남,4;1;2;4;2;3;2;6,41,50130;45720;41830,,,,,
e_e001949,central,2,1,0,0,0,1,20,여,2;2;2;4;4;2;6;4,41,11680;42150;48220,,,,,
e_e001950,central,3,12,0,0,0,2,20,남,4;4;2;3;4;5;3;6,26,50110;11230;26500,,,,,
e_e001955,central,2,2,0,0,0,3,50,여,4;4;4;2;4;4;4;6,41,41460;41110;11680,,,,,
e_e001968,central,3,21,0,0,0,0,30,여,1;1;2;7;7;6;3;6,41,47130;50130;43150,,,,,
e_e001972,central,2,1,0,0,0,1,20,남,5;3;2;4;3;5;5;4,41,50110;42150;42210,,,,,
e_e001982,central,2,22,0,0,0,2,40,여,2;5;3;3;1;3;3;6,11,41820;41280;42150,,,,,
e_e001987,central,3,12,0,0,0,4,20,여,4;3;2;2;4;3;6;5,41,50130;50110;42230,,,,,
e_e001989,central,3,1,0,0,0,1,20,여,7;1;7;3;7;3;3;7,41,46130;50130;45140,,,,,
e_e001990,central,2,1,0,0,0,0,20,여,3;6;1;3;4;3;7;6,11,46810;42150;11110,,,,,
e_e001993,central,2,1,0,0,0,0,30,여,6;4;2;2;6;2;2;5,11,41210;47170;42150,,,,,
e_e001996,central,3,1,0,0,0,4,50,남,4;1;1;4;1;4;4;5,11,30170;45110;29170,,,,,
e_e001997,central,3,22,0,0,0,20,20,여,4;4;3;3;2;5;6;6,41,11440;50110;50130,,,,,
e_e002011,central,3,1,0,0,0,0,30,여,6;1;1;1;1;2;1;6,45,11680;46130;30110,,,,,
e_e002013,central,3,24,0,0,0,0,30,여,2;4;4;4;2;5;4;3,27,26710;50110;42170,,,,,
e_e002014,central,2,1,0,0,0,1,30,여,7;2;6;5;3;6;6;3,11,26350;50130;41450,,,,,
e_e002018,central,2,21,0,0,0,1,30,여,2;1;1;1;1;1;6;4,41,42210;42150;42830,,,,,
e_e002024,central,2,6,0,0,0,0,40,남,3;3;2;4;6;4;3;6,11,42210;50130;45130,,,,,
e_e002025,central,2,27,0,0,0,2,60,남,3;2;2;2;2;2;2;6,11,41610;42830;47820,,,,,
e_e002030,central,2,21,0,0,0,0,30,남,1;1;1;4;2;4;4;4,28,50130;26350;42210,,,,,
e_e002033,central,2,1,0,0,0,0,20,여,6;5;4;3;2;6;7;7,41,41590;42150;50110,,,,,
e_e002034,central,2,3,0,0,0,0,30,여,1;1;4;4;4;4;4;7,27,50110;48840;46150,,,,,
e_e002035,central,2,3,0,0,0,2,60,남,1;7;1;7;1;4;7;5,11,41570;45800;42150,,,,,
e_e002036,central,2,10,0,0,0,2,40,여,3;1;1;6;6;1;2;4,11,42190;45800;41830,,,,,
e_e002038,central,2,2,0,0,0,0,50,여,5;7;1;3;1;7;4;7,41,41460;41590;44270,,,,,
e_e002045,central,3,1,0,0,0,1,30,남,2;1;4;3;2;2;2;5,28,42210;26350;44825,,,,,
e_e002049,central,3,1,0,0,0,1,20,남,5;1;4;5;2;5;2;6,43,11680;50110;26350,,,,,
e_e002051,central,2,1,0,0,0,0,20,남,7;7;7;7;1;7;1;1,41,11560;30200;41110,,,,,
e_e002053,central,3,1,0,0,0,0,20,여,5;2;2;2;2;6;6;2,41,50110;50130;11110,,,,,
e_e002056,central,2,12,0,0,0,0,30,여,3;5;5;5;3;5;3;5,11,42150;42720;41570,,,,,
e_e002058,central,3,22,0,0,0,5,60,남,1;7;1;1;1;7;7;7,41,50110;26350;42150,,,,,
e_e002059,central,3,3,0,0,0,3,40,남,2;1;2;3;2;2;1;3,11,50110;50130;46810,,,,,
e_e002064,central,2,1,0,0,0,1,20,남,6;1;1;1;7;2;1;7,41,50110;26350;11680,,,,,
e_e002066,central,2,10,0,0,0,1,30,여,2;2;2;4;4;2;3;7,11,50130;50110;42210,,,,,
e_e002069,central,2,1,0,0,0,1,30,여,2;1;6;7;4;6;2;1,41,42150;42210;50130,,,,,
e_e002070,central,2,1,0,0,0,0,20,여,3;6;2;2;5;7;6;2,41,11200;50110;42150,,,,,
e_e002071,central,2,25,0,0,0,0,20,여,1;2;3;6;5;6;6;7,11,42210;42150;42830,,,,,
e_e002074,central,3,1,0,0,0,0,40,여,2;2;2;5;2;2;2;5,41,11230;42150;50130,,,,,
e_e002076,central,2,22,0,0,0,0,40,남,6;7;4;4;7;2;6;1,41,42150;28110;44150,,,,,
e_e002077,central,2,1,0,0,0,3,60,남,2;3;2;2;5;3;5;3,11,50110;50130;42150,,,,,
e_e002079,central,2,2,0,0,0,1,20,남,1;1;1;1;4;6;1;7,41,41110;50130;42150,,,,,
e_e002081,central,2,22,0,0,0,1,30,남,2;2;3;4;3;3;6;6,41,44825;26200;46130,,,,,
e_e002082,central,3,1,0,0,0,1,20,여,6;1;4;1;7;6;6;6,11,50110;42150;28110,,,,,
e_e002084,central,2,21,0,0,0,1,20,남,3;4;2;3;4;3;6;5,11,41360;42150;41830,,,,,
e_e002089,central,2,3,0,0,0,2,40,여,4;2;2;3;7;4;2;6,11,50110;50130;26350,,,,,
e_e002092,central,2,1,0,0,0,1,20,여,2;2;4;2;2;2;2;4,41,42830;42760;26500,,,,,
e_e002093,central,2,1,0,0,0,0,20,여,5;3;3;4;4;2;5;5,41,42150;50110;26350,,,,,
e_e002097,central,3,22,0,0,0,1,20,남,4;1;2;3;4;4;2;6,41,50130;42210;26350,,,,,
e_e002099,central,2,22,0,0,0,1,20,남,2;1;1;3;7;3;6;7,41,42150;50110;48850,,,,,
e_e002106,central,2,1,0,0,0,1,30,남,3;5;2;5;4;3;3;2,11,47130;42150;41110,,,,,
e_e002108,central,2,1,0,0,0,1,30,남,2;2;2;2;2;2;5;2,11,28185;50130;26350,,,,,
e_e002110,central,2,1,0,0,0,1,30,남,2;2;2;2;4;4;2;3,11,50130;42210;46130,,,,,
e_e002121,central,2,1,0,0,0,0,30,남,2;4;2;2;2;2;2;3,41,11710;11530;41430,,,,,
e_e002126,central,3,1,0,0,0,2,40,남,4;3;2;4;4;3;4;4,47,11680;11440;26350,,,,,
e_e002130,central,2,22,0,0,0,1,20,남,4;3;4;3;2;4;2;7,28,11200;26350;50110,,,,,
e_e002131,central,3,5,0,0,0,7,60,남,3;3;3;4;5;3;3;4,28,41650;41630;28710,,,,,
e_e002132,central,2,2,0,0,0,1,30,여,1;1;1;1;1;4;3;5,41,42820;42210;46710,,,,,
e_e002135,central,3,22,0,0,0,3,40,여,5;2;4;2;6;6;4;6,41,41820;26260;42150,,,,,
e_e002136,central,2,1,0,0,0,1,30,여,6;6;2;2;6;2;1;4,29,50130;26350;27110,,,,,
e_e002141,central,3,1,0,0,0,2,40,남,6;2;3;4;6;2;5;4,41,45710;26110;50110,,,,,
e_e002143,central,3,1,0,0,0,0,30,여,2;2;2;1;2;2;2;7,41,42210;42150;50110,,,,,
e_e002145,central,2,6,0,0,0,2,30,남,4;1;2;5;3;5;7;1,44,50130;50110;30170,,,,,
e_e002148,central,3,22,0,0,0,3,40,여,2;4;1;3;7;6;1;7,11,42150;41820;42110,,,,,
e_e002152,central,2,1,0,0,0,1,20,여,3;2;4;2;6;6;3;6,41,50130;50110;11680,,,,,
e_e002154,central,2,22,0,0,0,1,20,여,2;4;3;2;2;3;2;7,11,42210;50110;28260,,,,,
e_e002157,central,3,1,0,0,0,1,30,여,2;2;2;2;3;3;4;6,41,42830;41220;11650,,,,,
e_e002158,central,2,21,0,0,0,1,20,여,1;1;1;4;7;1;7;7,41,42150;41820;26500,,,,,
e_e002159,central,3,22,0,0,0,0,30,여,1;4;4;1;4;4;4;4,41,42830;41110;44270,,,,,
e_e002160,central,2,22,0,0,0,1,30,남,3;5;3;4;6;2;2;7,41,41110;42830;45190,,,,,
e_e002161,central,3,1,0,0,0,0,30,남,4;3;2;4;1;3;3;6,41,28200;41590;50110,,,,,
e_e002163,central,2,2,0,0,0,3,60,여,1;3;2;2;1;4;2;5,41,42150;46900;41480,,,,,
e_e002168,central,3,1,0,0,0,2,30,남,7;1;1;1;1;1;7;6,41,42150;41480;48170,,,,,
e_e002169,central,2,22,0,0,0,1,30,남,2;4;4;4;4;5;6;6,41,11170;50130;41830,,,,,
e_e002171,central,3,22,0,0,0,1,30,남,1;4;1;1;7;4;7;7,41,50110;43130;26710,,,,,
e_e002176,central,3,22,0,0,0,0,40,여,1;1;1;1;1;4;6;2,41,41630;50130;42150,,,,,
e_e002178,central,2,11,0,0,0,0,30,남,2;2;1;2;1;1;6;3,28,50130;11680;42230,,,,,
e_e002182,central,3,10,0,0,0,4,30,여,4;4;4;2;1;4;2;4,11,42210;41480;46710,,,,,
e_e002183,central,2,4,0,0,0,1,30,여,3;2;2;1;3;3;2;6,41,50110;42210;26350,,,,,
e_e002184,central,3,22,0,0,0,1,30,남,3;5;3;2;2;2;6;5,41,42150;26350;50130,,,,,
e_e002186,central,3,21,0,0,0,1,40,여,4;3;4;4;4;4;3;2,11,50110;42210;44130,,,,,
e_e002187,central,2,2,0,0,0,0,20,여,2;4;1;7;6;2;6;7,44,11410;26350;50130,,,,,
e_e002189,central,2,1,0,0,0,1,60,여,2;4;4;2;2;4;4;4,41,50110;42210;28710,,,,,
e_e002197,central,2,1,0,0,0,1,20,여,1;1;7;1;1;1;1;7,41,50130;47130;48310,,,,,
e_e002198,central,2,2,0,0,0,1,20,여,2;1;2;4;7;3;6;7,41,42170;26350;41820,,,,,
e_e002202,central,3,1,0,0,0,1,30,남,2;2;1;5;3;1;6;5,11,50110;42210;26260,,,,,
e_e002204,central,3,22,0,0,0,3,30,여,2;2;2;2;4;1;6;6,41,42150;50130;11110,,,,,
e_e002206,central,2,6,0,0,0,0,30,여,3;6;4;6;6;4;3;4,41,11710;11680;11110,,,,,
e_e002209,central,3,21,0,0,0,1,30,여,4;3;2;5;6;4;4;5,42,11680;42150;41820,,,,,
e_e002212,central,3,1,0,0,0,0,20,여,2;2;2;4;5;2;6;3,27,45800;26350;11230,,,,,
e_e002213,central,2,1,0,0,0,0,20,여,2;6;2;4;7;3;3;3,41,28177;50130;50110,,,,,
e_e002214,central,3,2,0,0,0,1,20,여,3;1;2;2;4;3;3;5,11,42150;26350;50110,,,,,
e_e002215,central,3,2,0,0,0,2,40,남,4;4;2;2;2;4;2;6,30,50130;41670;42760,,,,,
e_e002220,central,3,23,0,0,0,2,30,여,4;4;4;2;4;4;4;5,30,50130;42170;26350,,,,,
e_e002222,central,3,1,0,0,0,3,40,남,4;3;2;3;4;2;2;5,45,41550;50130;11710,,,,,
e_e002231,central,2,22,0,0,0,0,20,남,7;5;3;6;2;5;1;6,11,48120;26440;41190,,,,,
e_e002233,central,2,1,0,0,0,1,20,남,1;1;1;2;6;4;2;6,11,41670;50130;50110,,,,,
e_e002234,central,3,1,0,0,0,2,40,여,3;2;2;5;4;4;2;5,41,41130;42210;50130,,,,,
e_e002235,central,2,21,0,0,0,1,30,남,2;5;6;5;2;5;5;3,45,46130;46150;45800,,,,,
e_e002236,central,3,1,0,0,0,1,20,남,4;1;3;5;6;3;5;4,43,11680;27110;26110,,,,,
e_e002243,central,2,26,0,0,0,0,30,여,6;2;3;4;4;3;5;2,11,50130;30200;26350,,,,,
e_e002246,central,2,2,0,0,0,3,30,남,2;2;2;2;2;6;2;6,11,50110;42210;41480,,,,,
e_e002248,central,3,21,0,0,0,0,30,여,4;1;1;1;4;7;4;7,42,26350;11650;41130,,,,,
e_e002250,central,2,11,0,0,0,1,20,여,2;1;1;2;3;1;1;7,41,50130;42210;48850,,,,,
e_e002251,central,3,24,0,0,0,1,20,남,1;7;1;1;1;7;7;7,41,41820;41360;42110,,,,,
e_e002253,central,2,1,0,0,0,3,40,여,3;3;3;5;4;4;4;4,11,42150;28245;43110,,,,,
e_e002254,central,3,4,0,0,0,1,30,여,2;2;1;2;4;3;3;4,41,42150;41110;11680,,,,,
e_e002255,central,3,3,0,0,0,2,40,여,2;3;3;3;2;5;4;3,11,41650;44760;42150,,,,,
e_e002259,central,2,1,0,0,0,1,60,남,1;4;6;1;3;1;4;7,41,41590;46230;50130,,,,,
e_e002260,central,3,1,0,0,0,0,20,여,2;6;1;6;7;2;5;6,11,11110;11170;41110,,,,,
e_e002263,central,2,2,0,0,0,1,60,여,2;2;4;4;4;4;4;4,11,42150;26350;28710,,,,,
e_e002264,central,2,21,0,0,0,2,30,여,1;7;5;1;1;6;2;2,11,11440;28185;11290,,,,,
e_e002266,central,3,25,0,0,0,1,30,여,2;2;1;3;2;1;3;5,41,42210;26350;42150,,,,,
e_e002272,central,3,21,0,0,0,5,30,여,2;2;4;3;4;2;2;3,41,41830;50130;50110,,,,,
e_e002279,central,2,1,0,0,0,1,30,여,2;1;2;2;6;2;2;7,41,41460;42150;50130,,,,,
e_e002283,central,3,6,0,0,0,0,20,남,4;1;1;1;1;7;1;5,43,11500;42210;50110,,,,,
e_e002284,central,2,1,0,0,0,1,20,남,2;2;1;3;4;2;6;7,41,50110;41590;26350,,,,,
e_e002288,central,2,22,0,0,0,1,20,여,1;3;2;1;1;2;3;3,41,50130;42150;11410,,,,,
e_e002289,central,2,2,0,0,0,1,20,여,2;6;2;2;3;3;2;7,41,50130;41820;41110,,,,,
e_e002291,central,2,1,0,0,0,1,20,여,4;5;5;6;7;4;5;7,41,11170;11440;41110,,,,,
e_e002304,central,3,2,0,0,0,5,40,여,2;2;4;4;3;3;5;5,11,42210;41830;42150,,,,,
e_e002306,central,3,1,0,0,0,2,40,여,1;1;1;4;1;2;6;6,11,50110;26350;41820,,,,,
e_e002308,central,3,4,0,0,0,1,20,여,5;2;1;4;5;4;5;7,41,31710;50130;26350,,,,,
e_e002310,central,2,21,0,0,0,3,60,여,2;2;2;4;6;5;5;2,11,41820;28710;28110,,,,,
e_e002313,central,2,1,0,0,0,0,30,여,6;2;2;2;3;3;3;3,11,50130;26350;42210,,,,,
e_e002314,central,2,22,0,0,0,1,30,남,3;6;1;3;4;1;2;2,11,50130;42210;26350,,,,,
e_e002316,central,2,5,0,0,0,1,30,여,3;2;4;1;4;6;1;6,11,26350;42210;28185,,,,,
e_e002318,central,3,22,0,0,0,1,30,남,2;1;1;5;6;2;7;1,41,41820;41480;42150,,,,,
e_e002323,central,3,1,0,0,0,1,20,여,2;6;2;5;5;2;7;6,11,26350;50130;41820,,,,,
e_e002330,central,2,1,0,0,0,3,30,남,2;1;3;3;4;5;4;5,41,28185;42150;26350,,,,,
e_e002332,central,2,22,0,0,0,2,30,여,1;1;1;1;1;1;1;7,11,41480;28710;42190,,,,,
e_e002336,central,2,27,0,0,0,0,30,여,1;2;2;2;3;1;2;5,11,42150;46130;50130,,,,,
e_e002340,central,2,1,0,0,0,1,20,여,2;1;2;2;3;2;5;3,41,41410;30230;26260,,,,,
e_e002342,central,3,22,0,0,0,2,50,여,1;4;2;2;7;5;1;6,11,42150;41460;44130,,,,,
e_e002351,central,3,22,0,0,0,1,20,남,1;2;2;5;1;2;5;6,41,28710;46730;46150,,,,,
e_e002364,central,3,12,0,0,0,1,40,남,2;5;3;5;3;4;2;3,11,42150;26410;43150,,,,,
e_e002375,central,2,3,0,0,0,1,30,남,4;4;2;3;3;6;6;4,11,42150;50130;45110,,,,,
e_e002376,central,3,1,0,0,0,0,20,남,5;1;2;6;2;6;1;5,27,26350;11110;11680,,,,,
e_e002389,central,2,1,0,0,0,1,60,여,5;4;5;4;2;4;5;3,11,42170;41280;41570,,,,,
e_e002391,central,2,1,0,0,0,0,30,여,4;4;3;3;3;3;3;4,41,11440;42210;28185,,,,,
e_e002392,central,2,24,0,0,0,0,20,여,3;3;2;4;3;3;3;3,41,50130;42150;41820,,,,,
e_e002394,central,3,22,0,0,0,7,40,여,2;2;2;1;2;3;3;6,41,42150;11200;44825,,,,,
e_e002396,central,3,8,0,0,0,3,40,남,4;2;3;2;3;5;2;6,11,41820;42210;28710,,,,,
e_e002399,central,2,2,0,0,0,3,60,남,2;3;4;4;3;3;5;5,41,42150;41460;27290,,,,,
e_e002401,central,2,1,0,0,0,1,60,여,3;3;3;3;3;3;3;3,28,50110;47280;30140,,,,,
e_e002402,central,2,1,0,0,0,1,30,남,4;4;4;4;4;4;4;4,28,11170;41190;28260,,,,,
e_e002405,central,2,13,0,0,0,3,50,남,4;6;5;6;5;3;6;3,11,26710;42150;41130,,,,,
e_e002409,central,2,12,0,0,0,3,50,여,4;2;4;2;2;2;4;5,11,42110;47210;26350,,,,,
e_e002410,central,3,11,0,0,0,6,60,남,2;2;2;3;4;2;2;6,11,41820;42150;42110,,,,,
e_e002411,central,2,1,0,0,0,1,30,남,2;3;1;6;2;4;5;6,41,50130;26350;42150,,,,,
e_e002412,central,2,1,0,0,0,0,30,여,3;2;3;2;2;4;5;6,11,50110;26350;41190,,,,,
e_e002414,central,3,1,0,0,0,0,20,남,5;3;3;5;3;3;6;5,43,11500;47110;50110,,,,,
e_e002415,central,3,2,0,0,0,1,20,남,4;3;3;6;5;2;6;2,41,41110;50110;11560,,,,,
e_e002421,central,2,22,0,0,0,0,30,남,4;1;1;7;7;1;6;7,41,50110;26350;41360,,,,,
e_e002422,central,3,1,0,0,0,0,20,여,6;4;4;4;5;4;3;5,47,26110;27110;11200,,,,,
e_e002423,central,3,1,0,0,0,1,20,남,2;2;2;2;6;4;2;6,41,50110;26350;42150,,,,,
e_e002425,central,2,27,0,0,0,1,30,여,2;4;6;6;6;6;4;4,28,28200;42210;45130,,,,,
e_e002433,central,2,22,0,0,0,1,30,남,2;4;2;5;5;4;3;4,11,42150;41360;50110,,,,,
e_e002437,central,2,21,0,0,0,3,30,남,3;4;5;4;2;5;2;4,11,11110;41480;41360,,,,,
e_e002451,central,2,1,0,0,0,0,50,여,1;7;1;1;1;1;7;1,41,42210;30200;45790,,,,,
e_e002456,central,3,12,0,0,0,0,20,여,4;4;4;4;4;4;4;4,41,41110;50110;30200,,,,,
e_e002462,central,3,11,0,0,0,2,30,남,4;4;4;4;4;4;4;4,28,50130;50110;42150,,,,,
e_e002465,central,2,1,0,0,0,0,30,남,1;2;2;2;2;3;2;6,41,11380;42790;28177,,,,,
e_e002467,central,3,1,0,0,0,1,30,여,5;2;4;1;2;4;6;6,11,11710;28185;41360,,,,,
e_e002470,central,2,6,0,0,0,1,20,여,3;4;1;5;5;7;2;5,41,41110;11110;42210,,,,,
e_e002471,central,3,12,0,0,0,2,30,여,4;4;5;1;4;5;6;7,41,41280;41110;41630,,,,,
e_e002476,central,2,24,0,0,0,1,40,남,2;1;2;2;2;3;3;6,11,50110;50130;42210,,,,,
e_e002477,central,2,21,0,0,0,1,40,여,4;4;4;2;2;2;2;6,11,42830;42210;41830,,,,,
e_e002479,central,3,23,0,0,0,3,30,여,4;1;1;1;1;1;3;7,41,42150;26290;31170,,,,,
e_e002481,central,3,22,0,0,0,1,30,남,4;2;4;2;3;3;4;6,11,50130;50110;30170,,,,,
e_e002483,central,3,1,0,0,0,1,30,여,3;6;3;3;1;5;3;5,11,42210;42150;50130,,,,,
e_e002491,central,3,22,0,0,0,1,20,남,5;5;5;6;6;6;6;6,41,50110;41830;42150,,,,,
e_e002495,central,3,5,0,0,0,18,40,남,4;1;1;4;5;1;2;6,30,50130;11215;41110,,,,,
e_e002506,central,3,22,0,0,0,1,30,남,1;2;6;5;1;2;6;2,41,28710;41390;44210,,,,,
e_e002507,central,3,1,0,0,0,3,40,여,4;1;4;4;2;5;2;6,11,41820;42110;42210,,,,,
e_e002508,central,3,1,0,0,0,0,20,여,2;1;3;1;3;2;3;6,11,42150;50130;26710,,,,,
e_e002511,central,2,24,0,0,0,1,30,여,4;5;3;4;4;4;6;4,11,42150;42210;50130,,,,,
e_e002513,central,3,27,0,0,0,0,40,여,5;5;3;3;2;5;3;4,11,41360;46150;42150,,,,,
e_e002514,central,3,2,0,0,0,5,20,남,7;1;1;6;6;2;1;7,11,50130;42210;41820,,,,,
e_e002527,central,2,1,0,0,0,0,30,여,7;7;7;5;5;7;3;3,28,41280;31200;41480,,,,,
e_e002536,central,3,21,0,0,0,0,20,여,3;2;3;5;4;3;6;5,43,11440;50130;26410,,,,,
e_e002541,central,3,22,0,0,0,1,30,남,3;3;5;5;5;5;6;5,11,26350;28710;42210,,,,,
e_e002548,central,3,4,0,0,0,1,30,여,4;2;4;5;4;6;2;2,26,50110;48850;30200,,,,,
e_e002550,central,3,12,0,0,0,0,20,여,3;2;2;2;4;3;6;5,41,50130;26350;11170,,,,,
e_e002551,central,3,1,0,0,0,1,20,여,5;2;2;3;3;5;2;5,43,26350;50130;11680,,,,,
e_e002555,central,3,12,0,0,0,1,20,여,4;2;5;4;2;4;3;6,41,41360;41820;42150,,,,,
e_e002556,central,3,1,0,0,0,1,30,남,2;2;3;3;5;5;6;5,30,50110;50130;11680,,,,,
e_e002557,central,3,1,0,0,0,1,60,남,4;4;4;4;5;4;3;4,30,44150;48870;41670,,,,,
e_e002558,central,3,7,0,0,0,4,40,여,4;4;4;3;4;4;5;3,11,50130;50110;44180,,,,,
e_e002565,central,2,6,0,0,0,1,30,여,4;4;4;2;2;5;3;5,41,42830;41450;41830,,,,,
e_e002566,central,3,4,0,0,0,0,20,남,3;1;1;2;2;2;2;5,45,11680;50130;30200,,,,,
e_e002569,central,3,1,0,0,0,1,20,여,4;4;2;4;6;2;7;7,43,50130;11680;26350,,,,,
e_e002570,central,3,21,0,0,0,3,50,남,2;3;4;4;2;3;3;6,11,41830;41820;41460,,,,,
e_e002572,central,2,1,0,0,0,0,40,여,4;6;7;1;1;1;4;4,41,50130;42150;41190,,,,,
e_e002574,central,2,1,0,0,0,1,20,여,1;1;1;1;1;2;2;4,41,42210;26350;50110,,,,,
e_e002576,central,3,1,0,0,0,3,60,여,2;2;4;2;2;5;3;7,41,42210;41130;42150,,,,,
e_e002577,central,3,2,0,0,0,1,30,남,4;2;1;2;2;4;2;6,41,41820;26260;42830,,,,,
e_e002579,central,2,13,0,0,0,0,30,남,2;6;2;1;2;6;2;6,48,11680;27260;42170,,,,,
e_e002582,central,3,3,0,0,0,1,60,여,4;4;6;2;4;4;4;4,41,11110;41110;41590,,,,,
e_e002583,central,3,22,0,0,0,1,30,남,3;2;3;5;4;4;3;4,11,46770;50130;44180,,,,,
e_e002584,central,3,2,0,0,0,3,30,남,1;1;1;4;6;7;1;7,41,42210;50110;41830,,,,,
e_e002589,central,3,12,0,0,0,1,60,여,4;4;4;4;4;4;4;4,28,50110;42150;26260,,,,,
e_e002590,central,2,22,0,0,0,1,30,남,4;4;1;2;6;4;7;7,41,41590;41170;11590,,,,,
e_e002593,central,2,28,0,0,0,3,50,여,2;1;1;1;1;4;5;4,11,50110;26350;42150,,,,,
e_e002597,central,3,5,0,0,0,3,30,여,1;1;1;1;5;1;7;7,41,50110;26350;42150,,,,,
e_e002599,central,2,25,0,0,0,1,30,남,2;4;4;3;2;3;5;4,28,42170;41480;28200,,,,,
e_e002600,central,2,1,0,0,0,1,20,남,2;4;2;2;6;3;2;5,41,50130;48170;41130,,,,,
e_e002605,central,2,12,0,0,0,1,30,여,5;3;4;3;4;5;2;5,41,42130;50110;42210,,,,,
e_e002606,central,2,11,0,0,0,0,30,여,2;2;2;2;2;2;2;6,28,26710;50130;42720,,,,,
e_e002607,central,3,22,0,0,0,1,20,여,3;1;3;2;5;6;3;4,41,41820;43130;41360,,,,,
e_e002610,central,3,2,0,0,0,3,30,남,1;2;1;2;7;4;7;2,41,42820;48840;41820,,,,,
e_e002622,central,3,2,0,0,0,3,30,남,5;2;2;5;3;4;3;5,41,28110;42210;26350,,,,,
e_e002625,central,3,1,0,0,0,1,30,여,3;1;4;3;3;5;6;6,43,42150;47770;26350,,,,,
e_e002627,central,3,1,0,0,0,3,40,남,2;2;2;4;4;2;6;3,41,50110;46130;44825,,,,,
e_e002633,central,3,10,0,0,0,5,30,남,1;1;7;2;2;7;1;1,11,42210;41500;47930,,,,,
e_e002634,central,2,4,0,0,0,0,30,여,7;4;7;1;1;4;4;4,28,50110;11530;11170,,,,,
e_e002635,central,2,21,0,0,0,3,30,여,4;3;3;2;3;3;4;3,11,41820;45800;28710,,,,,
e_e002638,central,3,1,0,0,0,1,20,남,3;3;4;3;3;4;2;6,42,50130;31710;11440,,,,,
e_e002641,central,3,1,0,0,0,1,20,남,7;4;4;4;5;7;1;7,44,50110;50130;26350,,,,,
e_e002650,central,2,1,0,0,0,3,60,남,2;4;2;4;2;2;2;4,44,42130;47170;26500,,,,,
e_e002662,central,2,1,0,0,0,1,20,남,4;2;2;1;3;3;7;7,41,48310;50110;42830,,,,,
e_e002673,central,2,10,0,0,0,2,40,여,2;6;2;2;2;6;6;6,28,41280;41290;41570,,,,,
e_e002677,central,3,1,0,0,0,1,30,남,3;3;1;4;4;3;5;6,28,28710;42210;46870,,,,,
e_e002681,central,3,1,0,0,0,0,20,남,4;2;2;4;4;4;1;7,26,11680;26230;50130,,,,,
e_e002683,central,3,21,0,0,0,2,30,여,2;1;3;3;6;3;6;5,11,42150;50130;46150,,,,,
e_e002684,central,2,1,0,0,0,3,60,여,5;5;5;6;1;1;7;1,11,42210;11110;11290,,,,,
e_e002697,central,3,1,0,0,0,2,40,여,3;1;3;4;6;3;6;6,36,44150;50110;29170,,,,,
e_e002699,central,2,2,0,0,0,1,30,남,1;7;4;5;1;3;5;3,41,42210;42150;26710,,,,,
e_e002705,central,2,21,0,0,0,1,30,남,2;2;3;2;2;2;2;5,41,50130;26350;42150,,,,,
e_e002719,central,2,10,0,0,0,3,30,남,4;5;3;3;6;4;6;6,41,41290;28185;41570,,,,,
e_e002721,central,2,1,0,0,0,2,50,남,3;3;3;3;3;3;3;4,41,42150;31170;26350,,,,,
e_e002728,central,3,2,0,0,0,1,30,여,4;2;1;1;4;3;6;4,26,42720;41820;42760,,,,,
e_e002736,central,2,1,0,0,0,0,50,여,2;3;1;2;2;3;1;4,30,44250;26320;46130,,,,,
e_e002737,central,2,13,0,0,0,2,50,남,5;3;5;4;5;5;3;4,41,41360;41280;42150,,,,,
e_e002739,central,2,1,0,0,0,2,20,여,4;4;4;3;2;4;5;4,41,50110;47130;26110,,,,,
e_e002740,central,3,1,0,0,0,3,30,여,4;2;2;5;4;2;4;5,41,42170;41500;26350,,,,,
e_e002742,central,2,21,0,0,0,1,30,여,2;3;2;5;5;2;1;5,28,42210;45140;41280,,,,,
e_e002745,central,3,1,0,0,0,3,30,여,5;2;2;3;2;2;2;7,26,50130;50110;26500,,,,,
e_e002746,central,3,1,0,0,0,0,20,여,4;2;2;2;1;3;4;1,29,46110;46130;11230,,,,,
e_e002747,central,3,3,0,0,0,1,30,여,2;1;6;2;2;3;6;4,11,50110;26350;42150,,,,,
e_e002753,central,3,11,0,0,0,1,20,여,5;1;2;6;4;3;4;1,43,42210;43760;11680,,,,,
e_e002754,central,3,22,0,0,0,1,20,남,3;2;2;3;4;2;7;5,44,11170;42150;50110,,,,,
e_e002755,central,2,1,0,0,0,0,50,남,6;5;6;4;5;7;6;2,41,50110;42150;28237,,,,,
e_e002756,central,3,10,0,0,0,1,20,남,4;3;3;3;3;2;1;7,11,41820;41360;44800,,,,,
e_e002759,central,2,1,0,0,0,0,50,여,3;3;5;3;3;5;5;3,11,50110;43110;41190,,,,,
e_e002760,central,2,11,0,0,0,1,30,남,7;1;2;2;2;7;1;6,11,42830;50130;26710,,,,,
e_e002763,central,3,23,0,0,0,1,20,남,4;5;3;3;5;6;2;7,41,41110;26350;42210,,,,,
e_e002764,central,2,2,0,0,0,1,30,남,3;4;1;2;3;6;5;5,11,41450;41820;42150,,,,,
e_e002767,central,3,1,0,0,0,12,20,여,2;2;2;1;3;4;3;6,28,41830;42150;11680,,,,,
e_e002770,central,3,1,0,0,0,1,30,여,2;1;2;1;2;4;2;4,41,11560;50130;26230,,,,,
e_e002773,central,2,1,0,0,0,1,60,여,4;4;6;6;2;6;6;6,11,42210;50130;42830,,,,,
e_e002775,central,2,2,0,0,0,2,40,여,1;4;4;6;6;3;2;2,11,42760;45110;41480,,,,,
e_e002782,central,3,21,0,0,0,3,30,여,1;3;3;4;3;3;4;5,11,41820;42210;50130,,,,,
e_e002784,central,3,1,0,0,0,0,20,여,6;3;2;3;4;6;2;5,27,11200;26170;47110,,,,,
e_e002786,central,2,2,0,0,0,3,30,여,1;1;1;7;7;7;1;7,11,42150;41820;11215,,,,,
e_e002793,central,2,10,0,0,0,0,40,남,1;3;3;3;4;2;4;3,11,50130;42170;47750,,,,,
e_e002800,central,3,2,0,0,0,3,60,여,4;4;1;5;6;4;6;7,43,43110;50130;42150,,,,,
e_e002812,central,3,1,0,0,0,1,30,남,3;3;4;3;2;4;3;6,29,50130;11680;26350,,,,,
e_e002915,central,3,25,0,0,0,1,20,여,3;2;3;3;2;3;4;3,11,42150;46150;26350,,,,,
e_e002916,central,3,22,0,0,0,0,30,여,4;1;1;1;1;1;1;4,45,11440;45110;29110,,,,,
e_e002922,central,2,1,0,0,0,1,30,남,2;5;3;3;3;5;3;6,11,41460;44270;41450,,,,,
e_e002923,central,3,22,0,0,0,5,40,여,4;1;7;1;3;4;1;7,41,42210;42760;26350,,,,,
e_e002925,central,2,2,0,0,0,4,60,남,1;5;1;4;3;3;4;3,11,42820;42130;27290,,,,,
e_e002928,central,3,12,0,0,0,0,30,여,4;1;1;1;4;2;3;7,11,50130;41630;43110,,,,,
e_e002931,central,2,25,0,0,0,3,50,남,1;1;1;1;4;6;1;7,41,42830;26350;50130,,,,,
e_e002932,central,2,1,0,0,0,1,60,여,1;4;5;2;1;6;6;5,41,41820;42150;47940,,,,,
e_e002935,central,3,23,0,0,0,5,30,여,1;2;2;4;4;2;2;7,11,41110;41590;41820,,,,,
e_e002937,central,3,21,0,0,0,1,20,여,3;3;3;3;3;2;4;3,11,42150;50110;41360,,,,,
e_e002938,central,2,1,0,0,0,1,20,여,3;3;4;4;3;3;3;3,44,26500;27230;42130,,,,,
e_e002939,central,3,22,0,0,0,0,30,여,3;2;2;4;3;2;2;6,41,50130;42150;26500,,,,,
e_e002940,central,3,2,0,0,0,9,30,여,4;1;2;5;4;4;3;4,41,50130;47110;42150,,,,,
e_e002949,central,2,5,0,0,0,1,40,여,3;3;6;1;2;2;6;2,41,42150;50110;42210,,,,,
e_e002957,central,3,1,0,0,0,2,40,남,4;7;6;1;1;3;5;4,41,11110;42150;50110,,,,,
e_e002958,central,3,22,0,0,0,2,30,여,3;1;1;2;6;1;7;6,11,26710;50110;50130,,,,,
e_e002965,central,3,1,0,0,0,1,30,남,2;1;3;2;3;1;6;4,41,42230;41360;11290,,,,,
e_e002972,central,2,1,0,0,0,0,30,여,4;5;6;3;1;4;5;1,26,11710;46130;46150,,,,,
e_e002973,central,3,22,0,0,0,4,60,여,4;2;4;3;2;4;5;2,11,42210;41820;26350,,,,,
e_e002976,central,3,1,0,0,0,0,30,여,1;2;4;2;2;4;6;1,26,11260;30140;47820,,,,,
e_e002980,central,3,27,0,0,0,2,20,남,5;3;5;3;2;3;4;2,41,41590;30170;26290,,,,,
e_e002981,central,2,21,0,0,0,1,60,여,2;2;2;3;3;3;2;6,41,42150;50130;26350,,,,,
e_e002984,central,2,5,0,0,0,1,20,여,1;1;1;4;5;3;3;6,11,47130;42820;48310,,,,,
e_e002985,central,2,1,0,0,0,2,40,남,4;3;3;4;4;4;6;2,41,11140;41590;41110,,,,,
e_e002986,central,3,1,0,0,0,1,20,남,4;4;3;3;4;3;3;6,11,50110;42150;11140,,,,,
e_e002987,central,2,1,0,0,0,1,30,여,1;3;1;2;2;3;1;6,41,48840;50130;26350,,,,,
e_e002991,central,3,22,0,0,0,3,40,여,2;2;4;5;6;4;2;6,41,41110;26440;50130,,,,,
e_e003000,central,2,4,0,0,0,0,20,여,7;4;3;4;1;5;3;4,11,26350;42150;42210,,,,,
e_e003001,central,3,1,0,0,0,1,30,여,2;2;2;4;4;6;2;5,29,50110;50130;11110,,,,,
e_e003002,central,3,11,0,0,0,1,30,남,6;6;2;2;4;5;6;7,41,41630;41570;28710,,,,,
e_e003003,central,2,1,0,0,0,1,60,남,4;3;2;3;1;1;1;7,11,11680;42830;27290,,,,,
e_e003004,central,3,22,0,0,0,1,30,남,4;2;2;4;3;4;2;7,41,42150;42210;50130,,,,,
e_e003006,central,2,12,0,0,0,1,30,남,6;1;1;6;1;6;2;1,41,26350;41130;29110,,,,,
e_e003017,central,3,1,0,0,0,1,30,남,5;3;4;4;4;5;5;5,44,46900;41460;47130,,,,,
e_e003019,central,2,1,0,0,0,0,30,남,1;1;1;5;2;2;3;2,28,48840;42770;42820,,,,,
e_e003020,central,3,2,0,0,0,1,20,남,1;4;1;5;6;2;6;6,29,50130;42150;26350,,,,,
e_e003022,central,3,23,0,0,0,2,30,여,2;2;4;2;2;6;6;6,11,42210;47130;26350,,,,,
e_e003023,central,3,8,0,0,0,3,40,남,1;1;1;1;1;4;6;4,11,42150;41650;47130,,,,,
e_e003025,central,2,2,0,0,0,1,60,남,2;6;5;2;2;5;3;2,41,41830;41500;42810,,,,,
e_e003033,central,3,2,0,0,0,1,30,남,3;2;2;5;3;2;3;6,43,11620;43800;42800,,,,,
e_e003034,central,3,2,0,0,0,1,20,남,2;2;2;2;2;2;2;7,11,26350;42150;41110,,,,,
e_e003039,central,3,1,0,0,0,0,30,여,2;1;7;2;2;7;4;5,41,41820;42830;42150,,,,,
e_e003040,central,2,1,0,0,0,1,40,남,4;4;3;2;6;5;6;2,41,42210;42820;50130,,,,,
e_e003045,central,2,1,0,0,0,0,30,여,4;6;4;3;1;4;3;2,41,42210;11110;11215,,,,,
e_e003051,central,3,22,0,0,0,1,60,남,7;6;5;7;4;5;6;1,41,11170;41220;44230,,,,,
e_e003056,central,2,22,0,0,0,1,20,여,4;1;1;2;3;4;1;7,41,50130;50110;26350,,,,,
e_e003062,central,3,1,0,0,0,1,30,남,1;1;4;3;1;2;7;1,28,26350;42210;41820,,,,,
e_e003065,central,2,1,0,0,0,2,50,여,3;6;6;2;2;5;3;3,11,42110;41280;41480,,,,,
e_e003068,central,2,1,0,0,0,1,40,남,4;6;2;7;4;2;6;4,41,11500;26230;50130,,,,,
e_e003071,central,3,2,0,0,0,1,20,남,2;1;3;4;3;5;6;7,46,47130;42150;46130,,,,,
e_e003073,central,3,1,0,0,0,7,20,여,6;4;4;2;3;4;7;5,11,50130;42720;42230,,,,,
e_e003079,central,3,12,0,0,0,1,30,여,1;1;1;2;1;3;1;7,27,27140;50110;42150,,,,,
e_e003080,central,3,8,0,0,0,0,30,남,1;1;7;1;1;1;1;7,11,50110;42820;41830,,,,,
e_e003083,central,2,1,0,0,0,1,40,여,4;5;1;2;4;1;1;7,41,11110;50130;26140,,,,,
e_e003086,central,3,1,0,0,0,0,20,여,3;1;2;3;2;2;7;5,11,28185;26350;50130,,,,,
e_e003095,central,2,2,0,0,0,3,30,남,1;1;2;4;3;4;3;6,41,42750;41590;41480,,,,,
e_e003097,central,2,28,0,0,0,1,20,남,2;2;4;3;1;2;7;2,41,42150;11110;26350,,,,,
e_e003102,central,3,1,0,0,0,1,30,남,5;3;6;3;2;3;6;2,11,30140;50130;26110,,,,,
e_e003103,central,2,2,0,0,0,3,30,여,7;7;1;1;6;2;1;7,41,41820;42720;48870,,,,,
e_e003107,central,3,2,0,0,0,3,50,남,4;7;7;7;7;7;4;7,11,50130;26350;48220,,,,,
e_e003109,central,3,24,0,0,0,3,40,남,1;1;1;1;1;1;7;7,11,50110;26350;42150,,,,,
e_e003115,central,3,2,0,0,0,3,30,여,2;1;4;3;4;2;2;6,41,41820;42110;46790,,,,,
e_e003116,central,2,1,0,0,0,0,20,여,4;2;3;2;1;2;2;5,28,50130;42150;26500,,,,,
e_e003120,central,3,22,0,0,0,1,30,여,5;1;1;3;5;3;6;6,11,50130;42150;26350,,,,,
e_e003126,central,3,1,0,0,0,2,20,여,1;6;1;4;4;6;6;5,41,42150;50130;42210,,,,,
e_e003133,central,2,21,0,0,0,0,40,남,4;4;2;6;6;2;6;6,28,44825;42150;42210,,,,,
e_e003137,central,2,5,0,0,0,1,20,여,2;2;5;2;1;2;6;7,11,50130;42150;41360,,,,,
e_e003138,central,2,2,0,0,0,2,40,남,1;1;1;7;1;1;7;7,11,50110;48840;45110,,,,,
e_e003143,central,3,1,0,0,0,0,20,여,6;7;1;3;1;6;2;7,26,42150;47770;11680,,,,,
e_e003150,central,3,8,0,0,0,1,30,여,1;4;4;3;1;7;1;1,41,42210;28710;41830,,,,,
e_e003156,central,3,1,0,0,0,0,40,여,4;1;2;4;3;4;2;6,41,42210;41480;28710,,,,,
e_e003158,central,2,21,0,0,0,1,20,여,3;4;2;2;1;2;2;4,11,42150;46150;41820,,,,,
e_e003159,central,3,21,0,0,0,4,40,남,4;4;4;4;4;4;4;4,41,50130;50110;42210,,,,,
e_e003162,central,3,1,0,0,0,0,30,여,4;6;2;1;1;6;6;5,26,50130;50110;47130,,,,,
e_e003172,central,3,1,0,0,0,0,30,여,1;1;3;2;2;2;7;3,41,50130;42830;11680,,,,,
e_e003175,central,3,11,0,0,0,3,30,여,2;1;2;1;2;2;6;6,41,42210;42760;50130,,,,,
e_e003180,central,2,1,0,0,0,1,30,남,4;2;1;2;4;2;3;4,28,41190;11110;45110,,,,,
e_e003184,central,3,8,0,0,0,1,20,여,1;2;2;1;5;5;5;7,28,41820;42110;50110,,,,,
e_e003190,central,3,2,0,0,0,1,20,남,5;1;2;2;2;3;4;4,11,42210;41820;26110,,,,,
e_e003194,central,3,3,0,0,0,3,40,여,2;2;2;5;6;5;6;2,41,50130;11110;41360,,,,,
e_e003196,central,3,1,0,0,0,1,20,여,5;2;2;1;2;4;3;5,41,50130;42150;11140,,,,,
e_e003198,central,3,1,0,0,0,2,20,남,6;2;4;1;7;6;1;7,11,41460;41210;26290,,,,,
e_e003199,central,2,1,0,0,0,2,30,여,7;2;2;1;1;4;2;6,41,11440;50130;30140,,,,,
e_e003202,central,3,22,0,0,0,1,20,남,4;1;1;1;1;1;3;5,41,11170;26350;28245,,,,,
e_e003204,central,2,21,0,0,0,1,20,남,2;1;1;3;2;1;3;7,41,11110;11560;41110,,,,,
e_e003205,central,3,1,0,0,0,0,20,여,6;6;2;3;3;3;6;7,41,50110;26290;42150,,,,,
e_e003206,central,2,21,0,0,0,0,30,여,4;2;1;2;5;2;5;6,11,50130;44150;48840,,,,,
e_e003210,central,3,21,0,0,0,1,20,여,2;2;1;2;4;2;5;6,11,50130;28260;41820,,,,,
e_e003212,central,3,21,0,0,0,0,30,여,2;2;6;2;1;2;2;3,41,42230;44825;28185,,,,,
e_e003222,central,3,24,0,0,0,1,20,여,2;1;1;2;2;6;1;7,11,41480;26350;50130,,,,,
e_e003223,central,3,1,0,0,0,3,30,여,6;2;2;2;3;5;5;6,30,50110;26350;11200,,,,,
e_e003227,central,3,2,0,0,0,5,30,남,2;7;2;3;1;6;6;7,41,41820;28710;50130,,,,,
e_e003230,central,3,6,0,0,0,0,30,여,4;4;3;1;4;4;1;4,29,11440;46820;30200,,,,,
e_e003231,central,2,1,0,0,0,1,30,여,3;1;2;3;4;2;7;6,11,50130;26500;50110,,,,,
e_e003235,central,3,2,0,0,0,4,30,여,1;3;3;1;4;4;1;7,28,42230;48730;44825,,,,,
e_e003237,central,3,21,0,0,0,1,30,여,1;1;4;2;1;2;3;6,28,50130;42210;26350,,,,,
e_e003241,central,3,2,0,0,0,1,30,남,6;4;1;2;2;3;6;2,41,50130;26350;42150,,,,,
e_e003245,central,3,1,0,0,0,1,20,남,1;1;1;1;1;1;2;6,27,47130;47110;42830,,,,,
e_e003251,central,3,21,0,0,0,0,20,남,3;3;2;4;5;2;3;6,41,11440;42170;44270,,,,,
e_e003258,central,2,2,0,0,0,0,30,남,6;2;2;2;3;1;1;2,11,42210;41290;41360,,,,,
e_e003259,central,2,1,0,0,0,0,20,여,5;5;3;5;3;3;3;6,28,11410;11710;44130,,,,,
e_e003262,central,2,26,0,0,0,0,20,여,3;2;2;4;2;3;1;6,41,50110;42150;11170,,,,,
e_e003267,central,3,2,0,0,0,1,40,남,2;1;2;4;1;2;7;2,41,41630;41650;41800,,,,,
e_e003269,central,2,5,0,0,0,8,40,여,2;6;4;4;4;6;2;4,11,42820;42760;41460,,,,,
e_e003271,central,2,2,0,0,0,1,40,여,4;6;1;2;4;6;2;4,11,42150;26350;46130,,,,,
e_e003272,central,3,1,0,0,0,5,30,남,1;1;1;4;1;4;4;7,42,28177;11680;28200,,,,,
e_e003275,central,2,22,0,0,0,2,60,남,2;6;4;2;2;4;4;3,11,41650;46780;48270,,,,,
e_e003276,central,2,21,0,0,0,1,60,여,1;6;2;3;6;3;6;4,41,41460;42110;50130,,,,,
e_e003278,central,3,3,0,0,0,2,40,여,1;1;1;1;1;1;1;7,11,41280;26290;42830,,,,,
e_e003279,central,2,2,0,0,0,1,20,남,1;1;1;4;4;4;4;4,11,11710;41360;27110,,,,,
e_e003280,central,3,1,0,0,0,1,20,여,2;1;1;1;4;5;1;6,28,41820;50110;26350,,,,,
e_e003282,central,2,1,0,0,0,1,20,여,2;1;2;3;4;4;5;6,11,26500;50110;45110,,,,,
e_e003283,central,2,1,0,0,0,1,20,남,2;6;4;1;1;4;1;6,44,42170;46150;48220,,,,,
e_e003285,central,3,22,0,0,0,1,20,여,2;2;2;3;2;3;2;2,44,50130;50110;42820,,,,,
e_e003288,central,2,2,0,0,0,1,20,여,7;1;1;3;7;2;1;5,41,42150;28110;26350,,,,,
e_e003289,central,3,1,0,0,0,1,20,남,2;3;2;5;5;4;6;6,28,42210;47130;47110,,,,,
e_e003291,central,3,8,0,0,0,1,20,여,2;2;2;3;5;3;5;7,41,50110;26350;41820,,,,,
e_e003293,central,3,1,0,0,0,6,40,남,3;5;2;2;1;6;3;7,41,41110;11680;41450,,,,,
e_e003294,central,3,22,0,0,0,0,20,남,1;1;1;6;2;2;1;7,41,41150;47900;47170,,,,,
e_e003296,central,3,1,0,0,0,1,30,여,1;1;1;3;4;3;3;6,11,41820;42150;42110,,,,,
e_e003297,central,2,1,0,0,0,0,20,남,1;1;1;1;2;1;1;7,41,42210;41820;42110,,,,,
e_e003298,central,2,11,0,0,0,3,30,여,5;6;1;2;6;1;2;5,41,42720;41270;11710,,,,,
e_e003300,central,3,6,0,0,0,1,20,여,2;3;2;3;4;4;3;3,27,26710;47110;47820,,,,,
e_e003303,central,2,22,0,0,0,1,20,여,2;2;2;6;6;2;6;7,11,42170;50110;26350,,,,,
e_e003307,central,2,21,0,0,0,2,50,남,6;1;1;3;5;4;3;2,41,11110;50130;42820,,,,,
e_e003308,central,2,1,0,0,0,3,30,여,2;2;1;1;1;1;4;2,11,42210;50130;26710,,,,,
e_e003311,central,3,11,0,0,0,1,30,남,2;3;1;3;2;1;1;6,28,41820;42110;50130,,,,,
e_e003314,central,2,28,0,0,0,1,30,남,1;5;5;1;1;6;2;2,41,11440;42150;41450,,,,,
e_e003323,central,2,22,0,0,0,0,20,남,4;4;2;3;5;4;3;7,42,11230;50110;11110,,,,,
e_e003324,central,3,2,0,0,0,3,40,여,3;1;5;5;5;4;5;5,28,50130;50110;42210,,,,,
e_e003326,central,3,22,0,0,0,3,30,여,1;1;5;1;4;2;5;3,11,48840;50130;42210,,,,,
e_e003328,central,3,28,0,0,0,0,30,여,2;2;6;5;6;2;2;2,41,42210;41820;41250,,,,,
e_e003329,central,3,23,0,0,0,6,60,남,6;2;1;2;2;1;4;6,41,41460;42760;11110,,,,,
e_e003330,central,2,6,0,0,0,1,30,여,2;2;1;3;2;2;7;7,30,11680;27260;50130,,,,,
e_e003331,central,3,8,0,0,0,4,60,여,1;1;1;1;1;4;1;7,11,42150;41820;50110,,,,,
e_e003332,central,3,2,0,0,0,1,30,남,1;4;4;4;4;4;6;1,41,41820;42210;26350,,,,,
e_e003334,central,2,2,0,0,0,0,30,남,6;2;6;2;2;4;7;4,11,42210;26350;42150,,,,,
e_e003335,central,3,1,0,0,0,1,20,여,6;1;2;2;5;5;6;7,26,50130;50110;11680,,,,,
e_e003336,central,3,1,0,0,0,1,20,여,2;2;1;2;4;4;2;5,43,50130;26500;46150,,,,,
e_e003337,central,2,1,0,0,0,2,30,여,1;1;2;1;3;1;1;7,11,42210;42170;48310,,,,,
e_e003341,central,3,22,0,0,0,1,20,여,2;3;1;1;4;4;3;6,41,50130;44180;41360,,,,,
e_e003342,central,3,22,0,0,0,1,20,여,6;2;2;2;4;2;6;7,28,11140;28110;50130,,,,,
e_e003348,central,2,22,0,0,0,1,30,남,1;2;1;5;5;2;4;2,11,47940;42820;50110,,,,,
e_e003349,central,3,2,0,0,0,1,20,여,4;2;4;5;2;4;6;1,30,30140;41360;11200,,,,,
e_e003356,central,3,13,0,0,0,1,30,남,4;2;4;2;2;4;2;6,11,42150;41820;48220,,,,,
e_e003357,central,3,1,0,0,0,1,20,남,4;2;1;4;4;2;5;4,41,50130;42150;26710,,,,,
e_e003360,central,3,22,0,0,0,3,20,남,6;2;1;1;5;5;2;3,11,42170;47130;42150,,,,,
e_e003364,central,2,1,0,0,0,0,20,여,6;2;4;5;2;5;5;5,11,50110;26500;28260,,,,,
e_e003369,central,3,1,0,0,0,1,40,남,5;5;1;4;7;4;2;4,43,41110;11650;42130,,,,,
e_e003371,central,3,1,0,0,0,1,30,남,7;1;6;3;2;6;6;3,47,50130;11680;46170,,,,,
e_e003378,central,3,1,0,0,0,0,60,여,2;1;6;1;1;3;6;6,41,42150;26260;41280,,,,,
e_e003380,central,3,6,0,0,0,1,20,남,5;3;5;4;5;4;5;5,45,45110;42150;11110,,,,,
e_e003381,central,2,2,0,0,0,1,30,여,3;4;2;4;4;2;3;6,41,41170;41820;27140,,,,,
e_e003383,central,2,1,0,0,0,1,20,여,5;3;3;2;2;4;4;2,41,42150;48310;26110,,,,,
e_e003386,central,3,10,0,0,0,1,20,여,4;1;2;2;1;6;4;6,11,50130;42150;26500,,,,,
e_e003388,central,3,10,0,0,0,1,20,남,4;4;4;4;4;4;4;4,41,46130;27260;46170,,,,,
e_e003394,central,2,2,0,0,0,2,30,여,2;4;4;3;4;4;5;5,11,41280;42210;41820,,,,,
e_e003400,central,3,4,0,0,0,1,20,여,1;3;2;4;7;4;6;7,11,42820;50130;43800,,,,,
e_e003402,central,3,1,0,0,0,1,20,여,1;1;6;5;2;3;7;7,43,50110;48840;42150,,,,,
e_e003407,central,2,1,0,0,0,1,30,남,5;3;6;3;1;7;1;6,41,42150;28185;50110,,,,,
e_e003408,central,2,1,0,0,0,2,20,남,4;3;3;3;3;6;3;3,41,50130;41820;42210,,,,,
e_e003409,central,3,22,0,0,0,1,30,여,1;1;1;4;4;4;7;7,43,50130;48310;46150,,,,,
e_e003411,central,3,2,0,0,0,2,30,여,1;1;1;4;1;1;7;7,30,50130;26350;42170,,,,,
e_e003412,central,2,1,0,0,0,1,60,남,1;1;1;3;6;1;6;5,41,42150;41820;26350,,,,,
e_e003413,central,2,1,0,0,0,0,30,여,6;4;6;6;5;6;5;6,27,26350;11620;30110,,,,,
e_e003415,central,2,21,0,0,0,1,40,남,2;4;3;3;2;2;2;6,41,42210;26350;42110,,,,,
e_e003416,central,2,1,0,0,0,0,20,여,5;6;5;4;5;3;3;5,41,26500;11680;31110,,,,,
e_e003417,central,3,6,0,0,0,0,20,남,5;1;1;1;7;7;7;1,41,42150;50130;26350,,,,,
e_e003419,central,2,12,0,0,0,1,20,여,1;2;1;5;5;5;5;6,28,28710;42150;50110,,,,,
e_e003431,central,3,12,0,0,0,1,20,여,4;2;2;2;6;5;2;5,48,26500;47130;11215,,,,,
e_e003433,central,2,5,0,0,0,2,30,남,4;1;2;2;5;6;5;7,41,42150;42760;26350,,,,,
e_e003434,central,2,2,0,0,0,3,40,여,5;6;6;3;6;6;2;4,41,42760;41460;41130,,,,,
e_e003435,central,2,1,0,0,0,1,30,여,5;5;5;2;5;4;2;5,41,41210;41610;11680,,,,,
e_e003438,central,2,24,0,0,0,1,20,여,3;4;2;2;6;2;2;7,41,26350;11710;41460,,,,,
e_e003439,central,3,1,0,0,0,1,20,여,2;5;2;2;2;2;2;6,43,11680;30170;26320,,,,,
e_e003440,central,3,13,0,0,0,2,60,여,2;2;4;1;2;5;5;1,46,42150;43800;11110,,,,,
e_e003442,central,3,1,0,0,0,1,40,여,2;2;2;3;3;3;2;7,11,50130;42210;48840,,,,,
e_e003449,central,2,13,0,0,0,1,60,여,1;5;4;2;2;3;4;4,11,41360;41650;42780,,,,,
e_e003463,central,3,2,0,0,0,1,30,남,2;2;2;4;6;2;7;6,41,42210;42150;42110,,,,,
e_e003465,central,3,1,0,0,0,1,20,여,6;2;2;3;2;6;7;7,29,11680;26230;45110,,,,,
e_e003467,central,2,3,0,0,0,1,60,여,2;6;7;2;2;6;3;3,41,42830;41480;46130,,,,,
e_e003468,central,2,2,0,0,0,1,20,남,4;2;2;3;1;4;2;4,11,50110;42210;47170,,,,,
e_e003469,central,2,1,0,0,0,1,20,여,2;2;2;3;4;3;4;5,11,42150;26350;42210,,,,,
e_e003470,central,3,1,0,0,0,1,20,여,2;3;6;5;6;6;7;2,30,45110;11680;27140,,,,,
e_e003471,central,3,1,0,0,0,1,20,남,2;2;2;4;4;3;2;5,41,50130;50110;41820,,,,,
e_e003472,central,3,1,0,0,0,1,20,여,4;1;1;4;1;1;2;7,11,41820;41590;28177,,,,,
e_e003475,central,3,1,0,0,0,2,30,남,4;1;4;2;4;4;2;6,41,42150;50130;26350,,,,,
e_e003477,central,2,1,0,0,0,1,30,여,2;6;2;1;2;6;2;5,41,11680;50130;50110,,,,,
e_e003482,central,3,1,0,0,0,1,20,남,3;2;2;2;1;1;6;7,28,50130;50110;42150,,,,,
e_e003483,central,2,1,0,0,0,1,20,여,3;2;2;5;3;5;6;2,41,42830;26350;46900,,,,,
e_e003485,central,2,11,0,0,0,3,30,여,2;1;4;5;6;2;2;6,11,44825;42210;41830,,,,,
e_e003486,central,2,21,0,0,0,2,30,여,3;2;2;2;5;3;2;2,11,50130;42150;26350,,,,,
e_e003495,central,2,12,0,0,0,0,60,여,4;6;3;3;6;3;3;6,11,41830;41820;42830,,,,,
e_e003497,central,2,1,0,0,0,2,40,여,2;4;2;2;6;2;2;4,41,42210;27290;11620,,,,,
e_e003502,central,3,2,0,0,0,2,30,여,4;1;2;6;4;5;5;5,11,41820;41290;42210,,,,,
e_e003506,central,3,5,0,0,0,4,30,남,4;2;2;6;6;4;6;7,48,41110;30140;26260,,,,,
e_e003514,central,3,4,0,0,0,1,20,여,2;1;6;2;1;1;6;1,41,26410;42210;50110,,,,,
e_e003515,central,3,22,0,0,0,0,30,남,6;2;2;5;2;3;6;6,11,42830;50110;26350,,,,,
e_e003518,central,3,1,0,0,0,0,20,남,1;1;4;3;5;7;3;5,41,11110;41110;29140,,,,,
e_e003520,central,3,2,0,0,0,2,30,남,3;2;2;4;6;6;6;5,41,41110;47170;50130,,,,,
e_e003521,central,2,22,0,0,0,1,20,남,1;6;1;4;6;2;2;6,11,41360;42150;26200,,,,,
e_e003527,central,2,11,0,0,0,0,20,여,4;2;1;4;4;4;6;7,28,26350;42150;47130,,,,,
e_e003530,central,2,5,0,0,0,2,30,여,4;2;4;2;4;4;4;4,41,50110;41820;44180,,,,,
e_e003535,central,2,1,0,0,0,1,20,남,5;2;6;5;5;2;6;5,41,27140;11500;11350,,,,,
e_e003540,central,2,1,0,0,0,1,40,여,2;6;6;2;2;6;2;6,41,41480;42210;44825,,,,,
e_e003547,central,3,1,0,0,0,0,20,여,6;5;4;2;4;6;5;2,41,11680;42210;50110,,,,,
e_e003549,central,2,1,0,0,0,2,50,여,3;4;2;4;5;6;6;4,11,42210;41290;50130,,,,,
e_e003555,central,2,22,0,0,0,3,20,여,2;2;2;1;1;1;7;7,11,50110;42150;42830,,,,,
e_e003561,central,3,22,0,0,0,1,20,여,3;3;2;5;5;5;3;7,41,50110;26350;42210,,,,,
e_e003564,central,2,11,0,0,0,3,30,여,1;1;1;3;2;1;1;7,41,42210;48840;41480,,,,,
e_e003569,central,3,6,0,0,0,2,50,여,2;4;2;3;6;2;6;5,41,41590;44130;30110,,,,,
e_e003570,central,3,21,0,0,0,0,20,여,6;1;2;2;6;4;2;7,29,50130;50110;11140,,,,,
e_e003572,central,3,1,0,0,0,1,20,남,4;2;2;3;2;2;3;6,29,11440;50130;26710,,,,,
e_e003574,central,2,6,0,0,0,0,30,여,6;2;1;6;6;7;6;2,41,42150;11440;26500,,,,,
e_e003576,central,3,12,0,0,0,1,20,여,2;1;1;1;1;1;5;7,41,50130;26500;42230,,,,,
e_e003580,central,2,21,0,0,0,2,40,여,2;2;1;2;4;2;6;6,11,42830;41360;26350,,,,,
e_e003582,central,2,1,0,0,0,3,50,여,7;7;5;2;4;5;6;7,41,41430;41460;41390,,,,,
e_e003589,central,3,21,0,0,0,5,40,여,1;1;3;6;2;5;6;4,11,41360;42150;42830,,,,,
e_e003591,central,3,23,0,0,0,1,20,여,4;2;3;2;4;3;6;6,41,50130;26350;42830,,,,,
e_e003593,central,2,22,0,0,0,1,20,여,4;3;2;3;3;5;1;7,41,50110;42150;26350,,,,,
e_e003596,central,2,2,0,0,0,2,40,남,1;1;1;6;7;1;7;7,11,41820;28710;41110,,,,,
e_e003602,central,2,1,0,0,0,1,30,여,4;5;3;4;5;5;4;5,41,42210;47130;28710,,,,,
e_e003603,central,3,1,0,0,0,3,20,남,4;1;1;4;6;7;4;6,11,42150;50110;50130,,,,,
e_e003609,central,2,22,0,0,0,1,20,남,4;2;2;2;2;2;2;2,41,11680;50110;26320,,,,,
e_e003611,central,3,22,0,0,0,0,20,여,1;1;4;6;7;1;7;7,29,11440;50130;42150,,,,,
e_e003614,central,3,1,0,0,0,0,30,남,2;2;2;2;2;6;2;6,41,42210;44210;41360,,,,,
e_e003615,central,2,11,0,0,0,1,30,여,4;2;2;5;6;4;1;7,41,46130;42150;50110,,,,,
e_e003617,central,3,1,0,0,0,1,30,여,6;1;3;2;2;5;5;3,41,50130;50110;27110,,,,,
e_e003618,central,3,1,0,0,0,1,30,여,1;3;4;4;3;2;3;7,11,50130;42830;26350,,,,,
e_e003620,central,2,6,0,0,0,1,40,여,4;2;1;3;6;1;7;6,11,42150;41110;41450,,,,,
e_e003627,central,2,1,0,0,0,2,40,남,1;1;1;4;4;3;1;4,11,41570;41480;41670,,,,,
e_e003628,central,2,1,0,0,0,1,20,여,4;1;4;4;6;4;2;4,11,11170;50110;48120,,,,,
e_e003630,central,2,22,0,0,0,1,20,남,6;6;6;2;2;7;2;6,41,11110;11440;26110,,,,,
e_e003632,central,3,1,0,0,0,1,20,남,4;1;1;1;1;7;7;7,30,50110;50130;42150,,,,,
e_e003638,central,2,13,0,0,0,1,20,여,5;4;4;4;5;3;5;7,41,42230;41630;42110,,,,,
e_e003640,central,3,1,0,0,0,1,20,여,6;1;1;3;7;1;7;6,27,26500;46130;50130,,,,,
e_e003643,central,3,1,0,0,0,0,20,여,5;4;2;5;5;4;3;4,45,43110;45110;50130,,,,,
e_e003646,central,2,2,0,0,0,1,20,여,4;3;3;5;6;2;2;7,41,42150;50130;44130,,,,,
e_e003648,central,2,1,0,0,0,0,30,남,1;3;1;3;4;1;2;6,30,50130;26200;42230,,,,,
e_e003657,central,3,22,0,0,0,0,20,여,5;3;3;2;7;2;3;2,11,28245;41190;26710,,,,,
e_e003663,central,3,1,0,0,0,2,60,여,1;4;2;4;1;2;4;6,30,44770;44825;44180,,,,,
e_e003664,central,2,1,0,0,0,1,20,남,6;2;3;3;2;4;2;5,41,26350;42210;45110,,,,,
e_e003669,central,3,1,0,0,0,0,20,여,7;4;3;2;6;4;4;2,27,11110;42210;27110,,,,,
e_e003673,central,3,1,0,0,0,1,20,남,4;4;5;5;3;5;5;5,41,41820;48250;26440,,,,,
e_e003675,central,2,1,0,0,0,1,30,남,1;1;3;3;6;4;6;6,41,42150;50130;45110,,,,,
e_e003677,central,2,22,0,0,0,1,60,남,4;4;1;1;1;7;1;7,41,42150;44825;26350,,,,,
e_e003678,central,2,21,0,0,0,1,60,여,2;2;5;2;2;2;1;6,11,42820;50130;46130,,,,,
e_e003679,central,3,1,0,0,0,2,30,남,2;1;1;7;3;2;7;3,41,26230;46150;47130,,,,,
e_e003682,central,2,1,0,0,0,1,20,여,4;2;5;2;2;6;6;6,28,26500;50130;50110,,,,,
e_e003684,central,2,3,0,0,0,1,20,여,4;4;2;6;6;4;6;4,11,45130;48220;28710,,,,,
e_e003686,central,2,1,0,0,0,0,40,여,3;5;4;1;5;4;4;7,11,41290;41170;41500,,,,,
e_e003693,central,2,1,0,0,0,1,20,여,2;2;4;2;4;3;3;7,41,42150;50110;26350,,,,,
e_e003698,central,2,25,0,0,0,0,40,여,4;4;4;4;4;4;4;4,41,41820;42820;41360,,,,,
e_e003699,central,2,21,0,0,0,1,20,여,2;3;2;4;4;2;3;2,11,41360;42210;41830,,,,,
e_e003700,central,3,24,0,0,0,0,20,남,5;6;3;2;3;6;6;5,27,26350;26200;11230,,,,,
e_e003701,central,2,22,0,0,0,1,20,남,2;3;1;3;2;1;1;7,28,11200;11440;11560,,,,,
e_e003702,central,2,13,0,0,0,1,30,남,4;5;3;6;2;3;2;3,41,41450;42150;11680,,,,,
e_e003707,central,2,1,0,0,0,1,20,남,5;5;3;6;2;5;2;6,47,11440;45130;50110,,,,,
e_e003716,central,3,22,0,0,0,1,20,여,2;2;5;5;4;6;6;7,41,44200;42150;41820,,,,,
e_e003717,central,3,8,0,0,0,3,30,여,4;6;7;4;6;7;7;4,28,41110;11710;44270,,,,,
e_e003721,central,3,2,0,0,0,5,30,여,3;2;3;4;3;4;2;7,11,41820;42210;50130,,,,,
e_e003724,central,3,1,0,0,0,1,20,여,5;3;2;4;3;3;3;4,41,50130;42210;26350,,,,,
e_e003725,central,2,27,0,0,0,0,20,여,3;4;2;2;6;3;3;4,11,11680;50110;42150,,,,,
e_e003726,central,3,5,0,0,0,3,40,남,4;4;6;2;4;4;7;5,42,42150;42210;11470,,,,,
e_e003727,central,3,1,0,0,0,0,30,여,2;5;2;2;4;2;3;4,11,42150;11170;41550,,,,,
e_e003729,central,2,1,0,0,0,0,20,여,6;4;3;2;2;5;6;6,41,11440;26350;50130,,,,,
e_e003737,central,3,2,0,0,0,1,20,남,6;1;4;2;2;6;1;7,11,41460;11350;41360,,,,,
e_e003741,central,2,1,0,0,0,1,20,여,2;1;3;2;3;2;1;6,41,42150;26350;42210,,,,,
e_e003744,central,3,1,0,0,0,0,20,여,4;2;2;2;4;2;2;6,11,41590;50110;26350,,,,,
e_e003749,central,3,2,0,0,0,1,40,남,2;2;2;4;3;4;2;6,11,50130;42210;48310,,,,,
e_e003753,central,2,1,0,0,0,2,30,여,2;4;2;1;4;4;6;6,11,41820;41360;41830,,,,,
e_e003758,central,3,1,0,0,0,2,20,여,5;1;2;1;2;2;1;3,41,42150;11440;26170,,,,,
e_e003761,central,3,1,0,0,0,1,20,남,2;2;3;6;5;3;3;3,41,41500;41110;42110,,,,,
e_e003765,central,3,2,0,0,0,1,20,남,4;1;1;1;4;1;3;7,44,11650;44760;44825,,,,,
e_e003767,central,2,1,0,0,0,1,30,남,7;1;1;1;1;4;7;7,11,41280;11680;42210,,,,,
e_e003773,central,3,26,0,0,0,1,30,남,1;1;5;2;1;4;7;7,41,42210;50130;28710,,,,,
e_e003775,central,2,1,0,0,0,1,30,여,2;2;1;2;2;3;3;6,41,26350;26710;50130,,,,,
e_e003777,central,3,22,0,0,0,1,30,여,5;3;2;4;3;5;3;6,47,47290;48120;26500,,,,,
e_e003779,central,2,21,0,0,0,1,20,여,3;3;2;4;3;3;5;4,41,42760;42150;42210,,,,,
e_e003781,central,3,1,0,0,0,1,20,남,6;1;1;6;4;2;6;4,11,26200;27200;28237,,,,,
e_e003783,central,3,23,0,0,0,1,30,여,2;2;2;6;3;2;2;2,41,11680;41550;26500,,,,,
e_e003791,central,2,1,0,0,0,1,20,여,3;3;1;2;2;2;6;5,11,42210;50110;26710,,,,,
e_e003792,central,3,2,0,0,0,5,50,남,2;3;5;5;6;4;4;4,41,42750;11290;43150,,,,,
e_e003795,central,2,1,0,0,0,1,20,여,4;2;2;2;2;2;1;4,41,26260;28710;41360,,,,,
e_e003797,central,3,6,0,0,0,1,20,여,5;3;5;2;4;6;2;3,11,41480;50130;42130,,,,,
e_e003799,central,2,28,0,0,0,0,30,남,3;4;3;4;3;3;3;4,28,47210;42150;41190,,,,,
e_e003803,central,2,21,0,0,0,8,60,남,1;7;4;6;1;4;6;6,41,42830;41590;41550,,,,,
e_e003807,central,2,21,0,0,0,1,30,남,2;1;3;2;3;3;5;3,11,26350;42830;42150,,,,,
e_e003808,central,3,1,0,0,0,1,30,남,6;1;6;2;2;6;2;6,26,50130;47130;11110,,,,,
e_e003809,central,2,22,0,0,0,1,30,여,6;2;6;1;5;2;2;5,41,42150;26530;50110,,,,,
e_e003810,central,2,26,0,0,0,1,30,여,1;1;1;1;1;1;1;6,28,50130;42150;47130,,,,,
e_e003817,central,3,21,0,0,0,0,60,여,1;1;1;1;1;1;1;7,28,41570;50130;28110,,,,,
e_e003819,central,3,2,0,0,0,1,20,여,3;1;1;2;5;2;6;7,47,11440;11560;28237,,,,,
e_e003821,central,2,1,0,0,0,1,30,여,4;4;3;1;6;4;1;6,27,11110;26350;50130,,,,,
e_e003826,central,3,1,0,0,0,3,40,남,2;2;3;4;3;3;2;2,41,42150;42210;42830,,,,,
e_e003830,central,2,21,0,0,0,1,30,남,3;4;3;2;2;4;3;5,41,41450;42150;27140,,,,,
e_e003833,central,2,1,0,0,0,1,30,여,4;4;1;4;4;1;1;7,41,11110;11680;41110,,,,,
e_e003834,central,2,1,0,0,0,0,30,남,2;2;2;3;4;3;5;5,41,47130;26350;11170,,,,,
e_e003840,central,3,1,0,0,0,0,20,여,1;1;2;6;1;1;3;5,11,50130;26200;42210,,,,,
e_e003842,central,2,1,0,0,0,1,60,남,3;6;4;4;3;5;3;3,28,28710;44825;41390,,,,,
e_e003843,central,2,1,0,0,0,4,40,여,4;2;6;2;2;6;1;6,28,42150;26350;27290,,,,,
e_e003844,central,2,1,0,0,0,7,60,여,4;4;4;3;3;4;3;3,11,42150;42210;41360,,,,,
e_e003845,central,3,2,0,0,0,1,20,남,1;1;1;1;1;1;1;7,41,42150;50110;28720,,,,,
e_e003848,central,2,1,0,0,0,1,20,여,2;2;2;6;2;3;2;4,41,41570;26500;42150,,,,,
e_e003850,central,3,1,0,0,0,1,30,남,4;1;1;1;1;7;1;5,41,42150;26350;46130,,,,,
e_e003853,central,2,3,0,0,0,2,20,여,7;7;4;7;4;7;2;7,41,11680;41460;11290,,,,,
e_e003855,central,3,1,0,0,0,0,20,여,3;1;2;6;6;6;6;7,28,50130;50110;41110,,,,,
e_e003856,central,3,6,0,0,0,1,30,여,4;4;4;3;5;4;3;4,41,50130;50110;42210,,,,,
e_e003857,central,3,27,0,0,0,2,30,남,1;4;1;7;4;1;7;7,41,41110;28185;47110,,,,,
e_e003858,central,3,1,0,0,0,0,20,여,7;1;1;1;1;7;1;7,41,50130;41110;41360,,,,,
e_e003867,central,3,1,0,0,0,1,20,여,3;1;3;2;5;6;2;4,28,42210;26350;50130,,,,,
e_e003868,central,2,22,0,0,0,3,40,남,2;6;6;2;2;6;2;7,41,41110;42150;43760,,,,,
e_e003870,central,3,2,0,0,0,5,60,남,3;3;4;4;3;4;5;5,11,41360;28710;41460,,,,,
e_e003882,central,2,2,0,0,0,0,20,여,4;3;1;4;7;3;1;6,41,11710;41110;41460,,,,,
e_e003885,central,3,1,0,0,0,1,20,여,1;2;2;6;6;3;5;7,11,42150;41820;28110,,,,,
e_e003886,central,3,2,0,0,0,3,40,여,2;2;2;2;2;5;2;6,41,46130;42150;50130,,,,,
e_e003887,central,2,10,0,0,0,1,30,남,2;3;1;6;6;2;2;1,41,11680;41590;30200,,,,,
e_e003891,central,3,2,0,0,0,3,30,여,4;1;1;3;5;5;2;6,11,42720;28260;26350,,,,,
e_e003892,central,3,21,0,0,0,1,20,남,1;1;1;5;6;2;5;6,41,26500;47130;11110,,,,,
e_e003894,central,2,1,0,0,0,0,20,여,1;4;1;1;1;2;7;1,28,11440;30200;26350,,,,,
e_e003896,central,3,1,0,0,0,2,40,여,1;1;1;2;1;3;6;7,44,42170;48240;26350,,,,,
e_e003898,central,3,22,0,0,0,1,30,여,1;1;4;2;4;6;2;6,41,50110;42210;41820,,,,,
e_e003900,central,2,1,0,0,0,1,20,여,3;2;1;2;4;4;6;6,28,26350;50110;47110,,,,,
e_e003906,central,2,6,0,0,0,1,20,여,3;2;3;4;4;3;5;5,28,50110;26350;11410,,,,,
e_e003909,central,2,2,0,0,0,2,30,남,2;2;3;2;3;2;2;6,11,11170;42130;26350,,,,,
e_e003915,central,2,8,0,0,0,1,20,남,1;2;2;5;2;2;4;5,11,50130;42230;42150,,,,,
e_e003928,central,3,1,0,0,0,1,20,여,1;1;2;3;2;3;5;2,41,47130;42830;50130,,,,,
e_e003929,central,2,6,0,0,0,0,40,여,5;5;5;4;5;5;4;6,41,42170;11230;48330,,,,,
e_e003933,central,2,4,0,0,0,1,30,남,1;4;2;2;1;4;6;4,28,50130;42820;11110,,,,,
e_e003935,central,2,1,0,0,0,3,30,남,4;1;3;5;3;3;5;5,44,11680;26350;42210,,,,,
e_e003937,central,2,1,0,0,0,3,40,여,1;7;1;3;7;6;2;7,41,42720;47290;41460,,,,,
e_e003945,central,3,1,0,0,0,1,20,여,1;2;1;6;2;1;6;7,11,26350;42830;50130,,,,,
e_e003949,central,2,22,0,0,0,0,40,여,2;2;2;4;4;4;3;3,41,42150;46130;50130,,,,,
e_e003958,central,3,1,0,0,0,1,20,남,4;4;4;4;6;5;5;5,41,42170;27230;47250,,,,,
e_e003963,central,3,1,0,0,0,1,60,여,4;4;4;4;4;3;4;3,41,41110;41370;26350,,,,,
e_e003965,central,2,1,0,0,0,0,20,남,3;2;2;5;5;6;7;5,41,50110;42110;28710,,,,,
e_e003967,central,3,1,0,0,0,0,20,남,3;2;5;2;6;2;1;5,41,41820;50130;48310,,,,,
e_e003968,central,3,1,0,0,0,1,20,여,3;2;5;3;1;6;2;2,11,50110;41360;11560,,,,,
e_e003971,central,2,11,0,0,0,1,60,남,2;4;3;4;5;4;5;3,11,11140;26200;42170,,,,,
e_e003975,central,3,2,0,0,0,8,60,남,2;1;2;3;6;1;2;6,11,50110;41820;42150,,,,,
e_e003976,central,2,2,0,0,0,0,40,여,1;3;2;2;4;4;4;2,11,50130;42150;44825,,,,,
e_e003978,central,2,8,0,0,0,2,50,남,2;3;2;3;4;6;1;7,11,44800;41360;42830,,,,,
e_e003980,central,3,1,0,0,0,1,20,여,2;2;2;3;2;2;5;2,41,41830;43800;43760,,,,,
e_e003992,central,2,2,0,0,0,0,30,여,3;3;2;2;2;3;2;3,11,42150;44200;41360,,,,,
e_e003996,central,3,6,0,0,0,1,30,남,7;1;5;7;1;7;6;4,41,11740;42170;43130,,,,,
e_e003997,central,2,1,0,0,0,1,30,여,5;3;4;4;3;5;5;4,28,11440;50110;11170,,,,,
e_e003998,central,2,1,0,0,0,3,40,여,3;4;2;4;6;2;2;6,41,42150;41110;11650,,,,,
e_e003999,central,2,1,0,0,0,1,30,남,4;4;4;4;4;4;4;4,11,50130;42210;46130,,,,,
e_e004005,central,3,3,0,0,0,1,20,여,2;1;2;2;3;5;2;6,30,42150;50130;48220,,,,,
e_e004010,central,3,21,0,0,0,1,30,남,4;3;3;5;5;2;6;3,11,42210;41570;28710,,,,,
e_e004013,central,2,2,0,0,0,1,20,남,2;2;2;6;2;2;2;6,41,50110;42150;46130,,,,,
e_e004017,central,3,1,0,0,0,1,20,여,1;1;1;4;1;1;1;4,11,42150;41650;41480,,,,,
e_e004020,central,3,2,0,0,0,2,30,여,7;1;1;1;1;1;1;7,36,11710;41460;30200,,,,,
e_e004027,central,2,21,0,0,0,2,50,남,1;1;1;3;6;2;2;6,11,50110;42150;42770,,,,,
e_e004033,central,2,1,0,0,0,0,20,여,2;3;2;2;4;4;2;7,41,50110;45110;26350,,,,,
e_e004037,central,3,1,0,0,0,0,20,여,5;1;5;2;1;4;6;4,47,11440;26350;47110,,,,,
e_e004042,central,3,2,0,0,0,0,30,남,3;2;2;4;4;4;6;4,11,50110;26350;46150,,,,,
e_e004044,central,3,1,0,0,0,0,20,남,5;2;2;4;6;3;2;6,41,11230;26260;41110,,,,,
e_e004048,central,3,2,0,0,0,3,60,남,1;7;1;5;1;6;7;6,41,42150;26350;46130,,,,,
e_e004050,central,2,1,0,0,0,3,30,여,4;3;2;1;6;5;2;7,11,41830;42150;46730,,,,,
e_e004051,central,2,1,0,0,0,2,60,남,2;2;2;6;1;2;5;6,41,43760;41830;43150,,,,,
e_e004053,central,2,1,0,0,0,0,30,여,1;2;3;4;4;2;2;3,11,46130;50130;42210,,,,,
e_e004057,central,2,2,0,0,0,3,40,여,2;2;2;5;6;3;5;7,41,41270;41390;42150,,,,,
e_e004058,central,2,3,0,0,0,0,30,여,4;4;4;4;3;4;6;5,11,50110;26200;47130,,,,,
e_e004062,central,3,22,0,0,0,0,20,남,4;4;5;2;3;4;1;7,41,50130;50110;11170,,,,,
e_e004066,central,2,1,0,0,0,0,20,여,4;4;1;4;6;4;3;4,27,26170;11440;27110,,,,,
e_e004071,central,3,23,0,0,0,1,20,여,2;4;6;4;2;4;3;4,41,45110;41170;42150,,,,,
e_e004072,central,2,1,0,0,0,1,20,남,5;2;2;3;2;3;2;3,41,42150;47130;26350,,,,,
e_e004073,central,3,8,0,0,0,1,20,남,4;2;1;3;5;3;3;6,41,26350;30200;50130,,,,,
e_e004074,central,3,1,0,0,0,0,20,여,6;2;1;6;2;6;7;1,41,11710;30140;41310,,,,,
e_e004076,central,3,10,0,0,0,4,60,여,2;3;1;6;7;1;4;6,41,41550;42150;41460,,,,,
e_e004084,central,2,21,0,0,0,1,20,여,2;2;7;5;5;5;5;2,41,11305;42230;48880,,,,,
e_e004087,central,3,1,0,0,0,1,60,여,1;1;1;3;6;4;3;5,41,50130;42150;26500,,,,,
e_e004100,central,3,12,0,0,0,1,30,남,1;1;1;1;1;1;1;1,11,50130;42150;41820,,,,,
e_e004101,central,2,1,0,0,0,1,40,남,3;5;3;3;5;5;3;5,42,42820;42210;11110,,,,,
e_e004105,central,2,22,0,0,0,1,20,남,4;4;3;3;4;4;5;4,11,42210;26350;50110,,,,,
e_e004107,central,2,24,0,0,0,0,40,남,2;2;1;1;1;4;5;4,28,42830;41800;50130,,,,,
e_e004114,central,2,1,0,0,0,1,60,남,3;3;3;2;2;1;3;2,11,42820;44825;46130,,,,,
e_e004116,central,2,2,0,0,0,0,30,여,3;4;2;1;4;2;5;6,41,48170;46720;50110,,,,,
e_e004122,central,3,1,0,0,0,3,30,여,7;4;1;4;6;4;2;7,11,41220;41590;11110,,,,,
e_e004132,central,2,21,0,0,0,1,60,여,6;6;6;6;6;5;6;6,11,41430;42150;50130,,,,,
e_e004135,central,2,22,0,0,0,0,30,남,1;1;1;6;6;6;2;6,41,42150;50130;41590,,,,,
e_e004141,central,3,23,0,0,0,1,20,남,2;1;1;1;2;2;6;7,30,43730;11560;46110,,,,,
e_e004142,central,3,21,0,0,0,2,30,남,4;4;5;4;4;5;3;5,41,41480;28710;28260,,,,,
e_e004146,central,3,2,0,0,0,1,20,여,1;3;1;2;6;1;1;6,11,42150;41460;41110,,,,,
e_e004148,central,3,11,0,0,0,0,20,남,2;2;1;5;2;3;2;5,11,11110;41110;42210,,,,,
e_e004149,central,3,1,0,0,0,1,20,여,7;2;2;2;1;5;1;7,41,42150;46870;46130,,,,,
e_e004151,central,2,22,0,0,0,0,20,여,3;5;4;4;5;4;3;3,41,11350;41150;42210,,,,,
e_e004154,central,2,22,0,0,0,1,20,여,2;1;2;2;1;7;7;7,41,42150;26500;45110,,,,,
e_e004162,central,3,23,0,0,0,0,20,남,4;2;1;3;5;4;3;5,43,11140;26350;50130,,,,,
e_e004165,central,2,1,0,0,0,2,20,여,4;2;1;4;5;5;1;5,11,46130;47130;26350,,,,,
e_e004166,central,2,2,0,0,0,0,20,남,2;4;1;7;5;2;4;7,11,41170;41110;11410,,,,,
e_e004168,central,2,12,0,0,0,1,20,여,4;2;3;3;2;5;2;6,41,42150;11110;48120,,,,,
e_e004172,central,3,21,0,0,0,3,30,여,1;1;2;3;3;2;2;5,44,11110;42130;46820,,,,,
e_e004173,central,3,22,0,0,0,1,20,남,6;3;3;3;2;6;2;5,44,41830;42830;48310,,,,,
e_e004174,central,3,23,0,0,0,1,20,남,1;1;1;4;4;1;2;7,11,41820;50130;42150,,,,,
e_e004187,central,2,1,0,0,0,1,30,여,2;6;2;3;6;6;1;6,11,50130;50110;42110,,,,,
e_e004190,central,3,21,0,0,0,2,40,여,1;1;2;3;5;6;2;6,11,41820;42110;28710,,,,,
e_e004194,central,2,2,0,0,0,0,20,남,2;3;2;6;7;3;6;1,41,41130;42130;11680,,,,,
e_e004195,central,2,5,0,0,0,2,50,여,1;1;4;2;2;2;1;7,11,28710;41670;44200,,,,,
e_e004205,central,2,1,0,0,0,0,20,여,4;4;2;3;3;4;2;5,11,50130;48310;47130,,,,,
e_e004207,central,3,8,0,0,0,2,40,여,1;2;3;1;1;4;2;5,41,50130;42150;28710,,,,,
e_e004214,central,2,21,0,0,0,3,50,남,2;4;2;4;4;2;2;4,41,42150;42210;50130,,,,,
e_e004219,central,3,1,0,0,0,0,30,여,3;1;3;1;1;4;6;1,45,50130;46130;42830,,,,,
e_e004222,central,2,1,0,0,0,1,30,여,3;6;1;2;6;1;7;6,41,26710;42210;50130,,,,,
e_e004225,central,2,1,0,0,0,6,40,남,5;4;4;6;3;6;4;5,11,41460;11215;46150,,,,,
e_e004228,central,2,2,0,0,0,1,30,남,4;4;2;1;4;5;2;7,11,41450;41310;41820,,,,,
e_e004230,central,2,22,0,0,0,4,30,여,6;2;2;2;2;2;5;6,11,11440;44130;27260,,,,,
e_e004234,central,3,22,0,0,0,1,40,남,4;2;2;6;7;5;2;6,41,42150;26710;45110,,,,,
e_e004237,central,2,21,0,0,0,2,40,남,2;2;6;5;2;6;5;6,41,41430;42210;50110,,,,,
e_e004238,central,3,1,0,0,0,2,30,여,5;1;3;3;1;5;5;5,41,41360;42210;41480,,,,,
e_e004240,central,3,1,0,0,0,1,20,여,4;1;4;1;1;4;1;7,11,50110;50130;26350,,,,,
e_e004241,central,3,1,0,0,0,0,50,여,1;4;3;2;1;2;4;2,41,42110;11590;41270,,,,,
e_e004243,central,3,1,0,0,0,2,30,남,3;2;1;2;2;4;6;6,29,50110;11680;26500,,,,,
e_e004245,central,2,24,0,0,0,1,30,남,3;5;4;2;2;2;1;5,28,11260;11170;11545,,,,,
e_e004247,central,3,1,0,0,0,1,20,여,3;5;2;1;2;5;6;7,41,26500;50130;50110,,,,,
e_e004251,central,3,21,0,0,0,7,20,여,1;1;1;6;2;4;3;7,41,41830;30110;28185,,,,,
e_e004254,central,3,1,0,0,0,1,20,남,4;5;3;3;5;5;4;5,41,42150;11680;26170,,,,,
e_e004256,central,3,3,0,0,0,3,60,여,2;2;2;3;2;2;2;2,47,42150;31200;50130,,,,,
e_e004268,central,3,1,0,0,0,1,30,남,2;2;4;3;2;4;5;5,41,42150;41460;48220,,,,,
e_e004281,central,3,9,0,0,0,1,20,여,3;2;3;3;2;5;6;5,41,26350;42150;41110,,,,,
e_e004288,central,3,22,0,0,0,0,50,여,2;1;2;4;5;3;4;2,41,46110;11110;42760,,,,,
e_e004291,central,3,1,0,0,0,1,20,남,3;1;1;2;1;6;4;7,11,50130;41590;42150,,,,,
e_e004294,central,2,5,0,0,0,4,30,남,4;5;3;4;5;5;5;7,11,42110;41110;48120,,,,,
e_e004295,central,2,1,0,0,0,0,20,여,6;2;4;1;3;4;6;2,41,11440;47930;46880,,,,,
e_e004300,central,3,22,0,0,0,1,20,남,2;4;2;5;3;2;6;2,41,11740;42130;26350,,,,,
e_e004304,central,2,1,0,0,0,1,20,남,5;5;5;4;3;3;5;5,41,44825;30170;11740,,,,,
e_e004309,central,3,27,0,0,0,2,60,여,2;2;2;3;1;1;2;2,41,42210;42830;42230,,,,,
e_e004310,central,2,1,0,0,0,2,40,남,5;2;2;2;4;4;3;4,11,41820;42210;41360,,,,,
e_e004313,central,3,21,0,0,0,0,20,여,2;3;1;7;4;3;2;6,41,46150;29110;47110,,,,,
e_e004315,central,2,1,0,0,0,1,20,남,4;2;3;5;4;5;5;5,44,50110;26350;11230,,,,,
e_e004317,central,2,1,0,0,0,1,30,남,2;2;2;2;3;3;4;3,28,28710;11230;43150,,,,,
e_e004324,central,3,1,0,0,0,1,30,남,1;1;2;2;2;2;4;2,11,42110;41360;26350,,,,,
e_e004326,central,3,21,0,0,0,2,20,남,5;4;5;5;5;5;4;6,11,41290;42150;41210,,,,,
e_e004333,central,2,21,0,0,0,1,60,남,2;1;1;1;1;2;1;7,11,50130;42210;46890,,,,,
e_e004334,central,3,4,0,0,0,0,40,남,2;2;6;1;2;6;2;6,44,50130;26350;42210,,,,,
e_e004336,central,2,5,0,0,0,0,30,남,4;6;2;7;2;1;1;6,11,50110;42150;28710,,,,,
e_e004338,central,2,1,0,0,0,1,30,여,4;4;5;4;4;4;3;5,41,11500;11560;47760,,,,,
e_e004340,central,2,1,0,0,0,1,20,여,2;3;4;2;3;3;4;6,41,50110;42230;26500,,,,,
e_e004341,central,3,1,0,0,0,1,20,남,4;4;3;5;5;5;3;3,41,47930;41130;50110,,,,,
e_e004342,central,3,1,0,0,0,0,20,남,6;2;2;2;6;2;2;2,11,45110;45130;41210,,,,,
e_e004344,central,3,12,0,0,0,0,30,여,3;1;2;2;2;6;4;2,28,42210;50110;42150,,,,,
e_e004349,central,3,1,0,0,0,1,20,여,1;1;1;2;1;5;6;6,28,50110;50130;26350,,,,,
e_e004354,central,2,2,0,0,0,1,30,여,1;4;2;4;5;2;4;6,11,42150;30110;41190,,,,,
e_e004357,central,3,1,0,0,0,1,30,남,2;2;2;3;1;4;3;6,11,42150;41820;26350,,,,,
e_e004360,central,2,5,0,0,0,0,30,남,4;1;3;1;4;5;7;5,11,28185;42210;26290,,,,,
e_e004369,central,3,1,0,0,0,1,20,여,1;1;1;4;2;3;6;7,11,50110;11215;48250,,,,,
e_e004371,central,2,1,0,0,0,1,40,남,1;1;4;2;2;3;7;1,11,42150;41820;48310,,,,,
e_e004372,central,3,1,0,0,0,1,20,남,4;1;1;4;4;2;6;6,42,50130;46130;44180,,,,,
e_e004373,central,3,28,0,0,0,0,20,여,4;3;2;4;4;3;7;7,41,41820;26350;46130,,,,,
e_e004380,central,2,4,0,0,0,3,30,여,3;4;2;4;4;4;4;5,11,42820;50110;42210,,,,,
e_e004381,central,2,1,0,0,0,0,20,여,1;1;3;1;5;6;2;7,42,42150;29170;11170,,,,,
e_e004384,central,2,1,0,0,0,2,40,여,4;3;2;4;6;2;1;5,41,41820;26350;47280,,,,,
e_e004391,central,2,22,0,0,0,1,40,남,2;4;2;4;6;2;2;7,41,42210;50130;26350,,,,,
e_e004392,central,3,1,0,0,0,1,20,남,4;4;4;4;4;4;4;4,41,26350;50130;11590,,,,,
e_e004393,central,3,22,0,0,0,1,20,여,2;1;1;6;5;3;7;3,42,42150;50110;26350,,,,,
e_e004395,central,2,1,0,0,0,1,30,여,1;1;4;1;2;1;1;4,41,26290;28185;27260,,,,,
e_e004396,central,3,22,0,0,0,3,40,남,4;4;4;1;4;7;1;7,11,42210;41820;41650,,,,,
e_e004398,central,2,1,0,0,0,1,20,남,6;2;6;4;5;4;7;5,42,11740;11710;11680,,,,,
e_e004402,central,2,22,0,0,0,0,40,여,3;3;4;5;5;6;2;2,11,50110;42820;26710,,,,,
e_e004409,central,2,1,0,0,0,0,20,남,7;1;1;1;1;1;1;1,41,11680;41220;41310,,,,,
e_e004415,central,3,21,0,0,0,1,20,남,2;2;5;3;3;4;3;5,11,42150;41820;43130,,,,,
e_e004416,central,3,22,0,0,0,2,20,남,6;1;2;6;6;2;2;4,11,41820;42150;42210,,,,,
e_e004417,central,3,2,0,0,0,0,20,여,1;1;2;2;6;2;6;2,11,44150;26350;42210,,,,,
e_e004421,central,3,23,0,0,0,2,30,남,1;2;1;1;1;1;4;6,11,41830;28260;44800,,,,,
e_e004422,central,3,21,0,0,0,7,60,여,2;4;6;1;2;4;2;2,11,41820;50130;26350,,,,,
e_e004423,central,2,1,0,0,0,1,60,남,1;1;2;1;1;4;2;5,11,42770;41830;42230,,,,,
e_e004432,central,2,5,0,0,0,1,40,여,4;1;2;1;2;3;1;3,11,50130;42210;26350,,,,,
e_e004434,central,3,22,0,0,0,1,20,여,3;6;2;6;7;5;6;6,30,44180;26350;45110,,,,,
e_e004443,central,2,12,0,0,0,1,20,여,4;3;1;3;6;5;2;7,11,50110;50130;42210,,,,,
e_e004447,central,2,1,0,0,0,1,60,여,4;2;2;3;2;6;7;2,28,31110;48170;44800,,,,,
e_e004449,central,3,2,0,0,0,4,60,여,2;2;2;2;3;3;2;6,41,42150;41820;50130,,,,,
e_e004451,central,2,21,0,0,0,0,40,여,2;6;2;3;2;6;2;6,41,42230;41360;50130,,,,,
e_e004455,central,3,22,0,0,0,5,20,남,3;2;5;3;1;3;5;6,11,50110;47130;42150,,,,,
e_e004457,central,2,1,0,0,0,0,20,여,2;3;7;3;3;3;6;7,41,48310;44130;46730,,,,,
e_e004459,central,2,11,0,0,0,0,20,여,3;3;3;3;3;6;3;3,41,41290;48740;47770,,,,,
e_e004463,central,3,1,0,0,0,0,20,여,3;2;3;3;4;4;3;5,11,50130;42150;26350,,,,,
e_e004464,central,3,1,0,0,0,0,30,여,4;4;2;3;2;3;1;3,45,26350;48120;11680,,,,,
e_e004466,central,3,22,0,0,0,0,20,여,4;2;2;2;1;2;7;3,44,44130;44200;11170,,,,,
e_e004468,central,2,2,0,0,0,1,30,여,6;4;2;3;4;6;5;5,41,42170;42210;41280,,,,,
e_e004472,central,2,6,0,0,0,0,30,여,3;4;2;4;3;2;5;4,41,45110;47130;26350,,,,,
e_e004473,central,3,1,0,0,0,1,20,여,6;1;2;2;2;3;2;7,11,11170;11440;11710,,,,,
e_e004479,central,2,22,0,0,0,0,20,여,1;1;7;1;1;2;1;7,11,42210;42830;50130,,,,,
e_e004482,central,2,2,0,0,0,3,40,여,1;1;5;4;2;3;3;7,11,41650;28710;50110,,,,,
e_e004485,central,3,22,0,0,0,4,60,여,2;4;3;5;3;4;3;6,42,42150;42820;11650,,,,,
e_e004486,central,2,11,0,0,0,5,40,남,4;4;4;4;4;4;1;7,11,41610;41280;41630,,,,,
e_e004488,central,2,1,0,0,0,1,20,남,6;3;2;2;4;3;4;5,42,50110;11170;31140,,,,,
e_e004489,central,3,21,0,0,0,1,20,여,4;3;5;6;5;3;2;6,11,41820;41280;11680,,,,,
e_e004499,central,2,24,0,0,0,2,40,여,5;3;2;3;4;6;6;3,11,50110;50130;42150,,,,,
e_e004503,central,2,22,0,0,0,2,60,여,4;4;4;3;3;4;3;4,11,42150;50110;48240,,,,,
e_e004505,central,2,1,0,0,0,1,30,여,4;1;1;4;4;2;5;6,41,42210;26710;46130,,,,,
e_e004506,central,3,22,0,0,0,3,20,여,4;1;1;1;1;1;7;7,11,42150;26230;50130,,,,,
e_e004510,central,3,6,0,0,0,1,30,여,1;1;1;4;4;1;3;1,46,26710;42820;29200,,,,,
e_e004511,central,2,2,0,0,0,1,20,여,3;5;2;6;3;2;2;7,11,41110;41360;50110,,,,,
e_e004515,central,2,1,0,0,0,1,20,남,2;6;2;5;3;2;3;5,11,50110;45110;43800,,,,,
e_e004520,central,2,27,0,0,0,3,40,여,1;4;1;2;1;2;4;5,41,50110;26350;41290,,,,,
e_e004525,central,2,12,0,0,0,1,40,남,1;4;2;3;2;2;2;6,41,41650;42150;44790,,,,,
e_e004547,central,2,3,0,0,0,3,30,남,2;2;1;1;4;3;6;5,11,42210;48250;48120,,,,,
e_e004548,central,3,6,0,0,0,0,30,남,2;2;2;7;6;6;6;5,27,50110;11440;47110,,,,,
e_e004549,central,3,10,0,0,0,3,40,여,4;2;1;3;1;2;1;6,28,41360;42830;50110,,,,,
e_e004551,central,3,1,0,0,0,1,30,여,7;1;5;4;4;4;2;6,26,47130;11680;11230,,,,,
e_e004552,central,3,1,0,0,0,3,20,여,3;3;3;4;4;3;4;6,28,28110;41820;47130,,,,,
e_e004557,central,2,6,0,0,0,1,20,남,4;2;2;2;2;2;6;5,41,11680;42150;46130,,,,,
e_e004561,central,2,1,0,0,0,0,30,여,3;6;3;3;3;2;6;5,41,41460;11110;50130,,,,,
e_e004563,central,3,12,0,0,0,1,20,남,4;2;1;5;6;6;2;7,11,42150;28710;26350,,,,,
e_e004565,central,2,21,0,0,0,2,40,남,1;2;6;2;2;1;1;7,11,41570;28710;42210,,,,,
e_e004567,central,2,1,0,0,0,0,60,남,2;4;4;4;3;4;3;4,41,46110;50130;42210,,,,,
e_e004573,central,3,1,0,0,0,1,20,남,3;3;2;4;3;2;3;6,28,42210;50130;26350,,,,,
e_e004575,central,2,11,0,0,0,1,20,여,7;2;2;2;1;1;3;4,41,50130;50110;11680,,,,,
e_e004587,central,2,11,0,0,0,0,30,여,1;7;1;1;1;1;7;1,28,42150;26350;50130,,,,,
e_e004588,central,2,2,0,0,0,1,30,남,1;4;2;1;2;1;2;4,41,42830;47110;41130,,,,,
e_e004589,central,2,1,0,0,0,1,20,남,5;4;2;3;6;7;2;5,41,41150;41270;28237,,,,,
e_e004592,central,2,6,0,0,0,1,20,여,4;2;2;2;6;4;2;6,41,50130;26710;41820,,,,,
e_e004596,central,3,22,0,0,0,1,20,남,6;1;1;2;6;6;7;6,41,11110;26350;41820,,,,,
e_e004602,central,2,2,0,0,0,1,20,남,1;1;1;1;7;1;7;7,41,42150;26500;41820,,,,,
e_e004606,central,2,22,0,0,0,1,60,남,6;4;3;3;2;4;5;5,11,41210;42230;47130,,,,,
e_e004612,central,2,2,0,0,0,1,20,여,2;3;1;5;5;2;5;5,44,30110;41820;41110,,,,,
e_e004614,central,2,22,0,0,0,1,20,여,2;6;2;2;4;4;2;6,11,11710;50110;26350,,,,,
e_e004617,central,3,26,0,0,0,2,50,남,2;1;2;3;6;2;2;4,41,42150;41220;44825,,,,,
e_e004623,central,2,10,0,0,0,1,20,남,2;3;4;5;4;2;6;3,41,26350;47130;42150,,,,,
e_e004627,central,2,9,0,0,0,1,30,남,1;7;7;2;7;7;1;1,41,42210;41480;41650,,,,,
e_e004629,central,2,13,0,0,0,0,40,여,2;5;4;4;4;4;4;4,11,50130;47290;26440,,,,,
e_e004634,central,2,1,0,0,0,1,30,남,6;3;2;5;5;2;6;6,41,11170;41110;11680,,,,,
e_e004640,central,2,1,0,0,0,0,20,남,4;2;3;2;3;4;2;1,41,26530;46840;11680,,,,,
e_e004644,central,2,2,0,0,0,1,20,여,4;2;1;4;5;3;2;7,41,50110;26200;47170,,,,,
e_e004645,central,2,22,0,0,0,1,20,여,2;3;2;3;4;4;6;6,41,50110;42830;11680,,,,,
e_e004651,central,2,1,0,0,0,1,20,남,2;2;2;6;5;6;3;7,41,42210;26350;11710,,,,,
e_e004653,central,2,21,0,0,0,3,60,남,4;4;3;4;2;4;3;7,11,41360;41830;42150,,,,,
e_e004655,central,2,1,0,0,0,1,30,여,4;4;4;4;4;4;4;4,41,11710;41360;42830,,,,,
e_e004657,central,3,1,0,0,0,1,20,여,1;1;1;7;7;7;7;7,31,26350;47130;50130,,,,,
e_e004658,central,2,23,0,0,0,1,20,여,6;2;2;6;4;3;2;7,45,26350;11110;30110,,,,,
e_e004668,central,3,1,0,0,0,3,30,남,4;3;3;3;2;4;4;6,29,46710;11680;41110,,,,,
e_e004678,central,3,10,0,0,0,1,20,남,4;2;3;2;2;6;1;2,11,41820;42210;28710,,,,,
e_e004681,central,3,1,0,0,0,1,20,남,1;4;4;4;4;4;5;4,41,42150;41190;11500,,,,,
e_e004685,central,2,1,0,0,0,2,30,남,2;2;3;5;4;4;2;3,41,50130;42150;26350,,,,,
e_e004687,central,3,11,0,0,0,6,40,남,2;2;4;4;4;2;3;6,28,41570;48120;42130,,,,,
e_e004688,central,2,1,0,0,0,1,20,여,5;1;2;6;7;1;7;3,42,26350;42210;11680,,,,,
e_e004695,central,3,5,0,0,0,1,20,여,2;1;1;2;5;2;6;7,11,42210;41480;50110,,,,,
e_e004709,central,3,1,0,0,0,5,20,여,2;2;3;4;4;4;2;6,41,42210;48840;41820,,,,,
e_e004712,central,2,1,0,0,0,1,40,여,3;6;3;3;2;4;4;3,11,50110;41280;45130,,,,,
e_e004717,central,2,22,0,0,0,2,30,남,3;4;2;3;2;2;6;3,36,30170;11200;48170,,,,,
e_e004719,central,2,11,0,0,0,6,30,여,2;6;2;2;2;2;6;6,11,41570;28110;42820,,,,,
e_e004720,central,2,1,0,0,0,1,60,여,2;4;4;4;4;4;5;5,41,11500;47760;41390,,,,,
e_e004724,central,2,6,0,0,0,2,30,남,2;3;6;5;5;4;7;4,45,46150;46130;11230,,,,,
e_e004729,central,2,1,0,0,0,1,20,남,2;1;1;6;6;2;5;6,41,42150;50130;26350,,,,,
e_e004733,central,3,22,0,0,0,3,40,여,2;2;1;4;6;5;1;6,30,50130;11140;46130,,,,,
e_e004772,central,2,1,0,0,0,3,50,남,3;2;4;2;2;4;4;4,41,50110;42210;43130,,,,,
e_e004773,central,3,21,0,0,0,0,30,남,1;1;1;5;7;2;1;5,41,50130;50110;43110,,,,,
e_e004784,central,3,1,0,0,0,1,20,여,3;3;3;5;5;3;6;5,45,50110;11170;28140,,,,,
e_e004799,central,3,8,0,0,0,1,20,여,1;1;1;4;6;5;3;5,41,50110;50130;26350,,,,,
e_e004815,central,3,2,0,0,0,2,30,남,2;3;1;4;6;4;6;2,11,42150;41820;26350,,,,,
e_e004818,central,2,21,0,0,0,3,60,남,2;4;2;3;2;4;4;6,11,41830;41170;45110,,,,,
e_e004819,central,2,28,0,0,0,3,40,남,4;4;4;4;4;4;4;3,11,42150;11110;45110,,,,,
e_e004821,central,3,12,0,0,0,1,20,여,4;2;2;3;4;4;1;7,11,42150;26350;50110,,,,,
e_e004830,central,3,1,0,0,0,0,20,여,3;2;2;2;3;2;1;7,45,26500;11230;30200,,,,,
e_e004845,central,2,1,0,0,0,0,30,남,4;7;4;2;6;4;1;4,28,11140;26200;41280,,,,,
e_e004859,central,3,2,0,0,0,3,20,여,3;2;4;2;2;3;5;3,41,42210;50130;26710,,,,,
e_e004861,central,3,1,0,0,0,1,30,남,2;3;6;3;2;3;3;6,41,26290;47720;42170,,,,,
e_e004864,central,3,26,0,0,0,1,20,여,5;4;5;5;3;5;5;4,47,11740;28237;26230,,,,,
e_e004877,central,3,22,0,0,0,1,20,여,1;4;6;5;2;4;2;3,11,42150;11440;50110,,,,,
e_e004878,central,2,1,0,0,0,0,30,여,2;6;3;7;3;3;2;7,41,42150;26500;41280,,,,,
e_e004881,central,2,1,0,0,0,3,30,남,5;3;2;2;1;3;3;7,43,11290;30170;50110,,,,,
e_e004885,central,2,22,0,0,0,3,20,남,2;1;1;7;6;4;1;7,11,41360;42150;50110,,,,,
e_e004899,central,3,22,0,0,0,1,30,남,2;1;1;4;1;7;4;7,11,26710;50130;31710,,,,,
e_e004914,central,3,1,0,0,0,1,30,남,4;1;1;1;1;6;1;6,41,41820;45110;42760,,,,,
e_e004915,central,2,22,0,0,0,2,60,여,4;4;1;1;7;4;4;7,41,42210;47130;46130,,,,,
e_e004917,central,3,22,0,0,0,1,20,여,2;2;2;4;4;5;2;4,41,42230;42110;26350,,,,,
e_e004925,central,2,21,0,0,0,1,60,여,1;2;3;2;2;2;3;2,11,50130;42210;29170,,,,,
e_e004927,central,3,21,0,0,0,4,40,남,2;1;7;1;1;5;7;6,11,50130;50110;42150,,,,,
e_e004931,central,2,6,0,0,0,2,40,남,1;1;2;3;4;3;6;3,41,50130;48220;26350,,,,,
e_e004941,central,2,22,0,0,0,1,30,남,2;3;2;1;1;6;2;6,11,26500;42210;28185,,,,,
e_e004945,central,3,2,0,0,0,1,20,여,2;1;1;5;6;4;3;6,41,42150;42830;47110,,,,,
e_e004948,central,3,1,0,0,0,1,30,여,2;2;3;3;3;3;2;6,11,42210;50110;45110,,,,,
e_e004952,central,2,1,0,0,0,2,40,여,4;4;2;5;5;4;4;3,36,44230;11710;47130,,,,,
e_e004961,central,3,2,0,0,0,2,30,여,3;2;3;2;3;5;6;3,28,50130;42230;44270,,,,,
e_e004970,central,2,22,0,0,0,1,30,남,2;2;5;5;4;2;3;3,41,41130;26350;11680,,,,,
e_e004975,central,2,1,0,0,0,1,20,남,6;2;2;4;4;3;2;6,44,50130;50110;11680,,,,,
e_e004976,central,2,1,0,0,0,2,40,여,4;7;7;4;7;4;1;7,41,26110;30140;41650,,,,,
e_e004977,central,3,1,0,0,0,1,30,남,2;1;4;1;1;4;4;7,41,11560;41280;26350,,,,,
e_e004983,central,2,1,0,0,0,1,40,여,4;2;4;1;1;1;7;1,28,50130;50110;42760,,,,,
e_e004984,central,3,10,0,0,0,1,30,여,5;1;2;1;3;6;2;6,28,50130;42210;11140,,,,,
e_e004987,central,3,2,0,0,0,1,20,남,6;1;4;3;6;6;2;7,28,11680;41820;42110,,,,,
e_e004989,central,2,11,0,0,0,1,20,남,4;2;3;2;6;3;1;6,41,50130;42150;45110,,,,,
e_e005011,central,2,1,0,0,0,0,40,여,5;4;3;6;5;6;3;5,11,42150;42170;41650,,,,,
e_e005015,central,2,21,0,0,0,3,40,남,1;2;6;3;6;1;6;4,11,41820;42210;47920,,,,,
e_e005025,central,3,11,0,0,0,3,30,여,2;2;1;2;2;1;3;2,11,26350;42830;46130,,,,,
e_e005026,central,3,2,0,0,0,1,20,남,2;1;1;1;1;1;1;2,41,50110;42130;11710,,,,,
e_e005028,central,3,1,0,0,0,0,30,여,1;1;1;3;2;4;2;6,41,42230;42150;41130,,,,,
e_e005102,central,2,2,0,0,0,1,30,남,2;2;5;2;6;5;3;2,41,50130;26140;42150,,,,,
e_e005106,central,2,1,0,0,0,1,20,여,6;2;2;3;6;6;5;7,41,48220;50130;47130,,,,,
e_e005110,central,3,1,0,0,0,3,30,남,2;2;2;2;2;1;1;7,41,42150;50110;47110,,,,,
e_e005111,central,2,1,0,0,0,1,30,남,1;1;1;7;1;1;1;1,41,50110;42150;28710,,,,,
e_e005116,central,3,12,0,0,0,3,40,여,2;2;1;5;7;4;2;5,41,42760;42720;28710,,,,,
e_e005156,central,2,1,0,0,0,1,30,남,3;3;2;5;5;5;3;5,41,41360;41410;42830,,,,,
e_e005157,central,2,22,0,0,0,2,60,남,3;5;5;5;3;5;5;4,30,48310;42150;26710,,,,,
e_e005160,central,3,1,0,0,0,2,30,여,4;7;7;1;1;7;1;7,11,41820;11470;28710,,,,,
e_e005166,central,2,1,0,0,0,1,20,남,2;2;2;2;6;6;6;6,41,26350;42150;50110,,,,,
e_e005170,central,2,2,0,0,0,3,40,여,2;4;4;4;2;5;1;6,41,50130;42230;43800,,,,,
e_e005175,central,2,3,0,0,0,2,30,남,2;4;2;6;3;2;2;6,41,42720;46730;48220,,,,,
e_e005185,central,2,1,0,0,0,2,20,남,4;1;3;2;5;3;7;5,11,11440;41270;28710,,,,,
e_e005187,central,2,2,0,0,0,2,50,여,4;2;2;2;6;7;1;7,41,42210;46110;43800,,,,,
e_e005189,central,2,2,0,0,0,3,30,남,1;4;2;2;1;3;5;7,41,26350;50130;44200,,,,,
e_e005194,central,2,1,0,0,0,2,40,남,2;2;1;2;7;1;7;7,41,42210;50110;11680,,,,,
e_e005197,central,3,5,0,0,0,4,40,여,1;1;4;2;2;6;2;2,11,28710;41820;41480,,,,,
e_e005201,central,3,21,0,0,0,1,20,여,3;1;1;1;4;2;7;7,41,50110;26500;42820,,,,,
e_e005206,central,3,22,0,0,0,2,20,여,5;5;5;4;6;5;4;6,43,11680;11710;41270,,,,,
e_e005207,central,2,1,0,0,0,1,60,여,1;1;5;1;1;5;6;5,11,41110;41460;42150,,,,,
e_e005219,central,2,1,0,0,0,3,30,여,4;4;1;1;1;7;1;4,44,44210;11710;41360,,,,,
e_e005220,central,3,21,0,0,0,6,60,남,2;1;3;4;2;4;6;4,11,41820;42210;41270,,,,,
e_e005221,central,3,5,0,0,0,1,20,남,3;2;2;2;6;4;2;6,46,29110;45110;11650,,,,,
e_e005223,central,2,2,0,0,0,2,30,남,4;4;4;1;4;4;4;4,41,47250;42110;44130,,,,,
e_e005234,central,3,1,0,0,0,1,20,남,4;4;3;3;3;3;1;6,26,48330;48250;31140,,,,,
e_e005238,central,2,2,0,0,0,1,20,여,3;3;3;3;4;4;3;6,41,50130;26350;41360,,,,,
e_e005239,central,3,5,0,0,0,6,50,남,1;1;4;4;3;5;1;2,28,28710;41820;41360,,,,,
e_e005240,central,2,10,0,0,0,0,30,여,1;1;2;3;1;6;1;3,41,50130;50110;42150,,,,,
e_e005242,central,3,1,0,0,0,1,20,남,4;1;1;5;3;2;1;7,42,45110;26350;50130,,,,,
e_e005247,central,3,1,0,0,0,1,20,여,7;1;1;3;7;2;7;6,41,50110;11560;42150,,,,,
e_e005257,central,3,1,0,0,0,1,20,남,5;2;2;4;3;3;7;5,43,47130;26350;11680,,,,,
e_e005264,central,2,1,0,0,0,0,30,남,2;4;2;3;5;3;4;2,41,28710;41570;11440,,,,,
e_e005271,central,3,22,0,0,0,3,30,여,2;1;1;6;4;5;2;5,11,42750;41650;41590,,,,,
e_e005278,central,3,22,0,0,0,0,20,여,6;1;4;3;3;6;3;6,27,26530;50110;11680,,,,,
e_e005290,central,2,1,0,0,0,3,30,남,1;4;3;5;3;5;3;5,11,42230;42830;41460,,,,,
e_e005294,central,3,2,0,0,0,3,40,남,4;1;2;4;6;4;7;4,11,50110;50130;42210,,,,,
e_e005311,central,2,11,0,0,0,2,30,여,2;5;1;4;4;1;4;7,11,26500;48270;42170,,,,,
e_e005314,central,3,1,0,0,0,1,20,남,6;2;2;4;6;6;5;7,48,11680;50110;27230,,,,,
e_e005317,central,3,2,0,0,0,1,20,여,5;2;2;3;3;6;1;4,11,11110;44180;26440,,,,,
e_e005318,central,2,21,0,0,0,0,50,남,1;4;1;4;2;3;6;4,41,42210;50130;41830,,,,,
e_e005321,central,3,1,0,0,0,1,60,여,1;1;1;1;1;1;1;7,44,42170;41110;48310,,,,,
e_e005327,central,2,22,0,0,0,0,20,여,4;1;1;4;1;4;1;7,11,42210;26290;50130,,,,,
e_e005335,central,2,22,0,0,0,1,20,남,4;1;3;4;3;6;2;7,28,26260;42150;41570,,,,,
e_e005340,central,3,1,0,0,0,1,20,남,4;3;4;5;4;4;5;5,11,42110;45110;41820,,,,,
e_e005341,central,3,1,0,0,0,1,20,남,3;2;2;2;2;3;6;6,11,41110;48220;26260,,,,,
e_e005344,central,2,1,0,0,0,0,30,남,6;4;2;2;2;6;6;7,43,11440;42130;43110,,,,,
e_e005351,central,3,21,0,0,0,4,20,여,3;2;2;3;4;4;3;6,42,50130;50110;47130,,,,,
e_e005368,central,3,10,0,0,0,1,20,여,2;1;2;2;5;4;2;6,28,50130;42760;41820,,,,,
e_e005370,central,2,22,0,0,0,1,40,여,4;1;1;1;1;1;2;3,43,50110;42150;11680,,,,,
e_e005391,central,2,1,0,0,0,1,60,여,5;6;6;3;2;6;3;4,41,11140;41820;41270,,,,,
e_e005395,central,2,1,0,0,0,0,50,여,2;2;6;2;2;6;2;2,11,50130;41830;42210,,,,,
e_e005408,central,3,12,0,0,0,2,20,여,2;1;1;3;4;4;3;4,41,42210;50110;44150,,,,,
e_e005421,central,3,1,0,0,0,1,30,남,6;1;6;2;4;6;7;7,41,46710;26350;11110,,,,,
e_e005423,central,2,1,0,0,0,0,30,여,4;6;6;3;3;3;5;2,41,11110;41130;41460,,,,,
e_e005438,central,3,2,0,0,0,1,30,남,2;2;6;1;1;1;1;3,11,42760;42210;44810,,,,,
e_e005440,central,3,11,0,0,0,1,30,여,3;2;3;3;3;2;2;4,11,50130;42210;42150,,,,,
e_e005442,central,3,22,0,0,0,2,50,여,1;1;7;1;1;1;7;2,11,41360;42210;46130,,,,,
e_e005443,central,3,12,0,0,0,4,40,남,2;2;2;5;2;5;2;5,11,43150;41830;44770,,,,,
e_e005446,central,2,1,0,0,0,0,30,남,1;3;2;5;5;2;6;3,11,50130;50110;42150,,,,,
e_e005472,central,2,1,0,0,0,1,20,남,5;3;3;5;5;5;3;5,47,26500;11110;11440,,,,,
e_e005483,central,2,22,0,0,0,1,30,여,3;5;2;4;3;6;3;7,28,43130;41110;11170,,,,,
e_e005484,central,2,1,0,0,0,1,30,남,5;3;3;4;2;4;2;5,42,50110;11680;42210,,,,,
e_e005485,central,3,22,0,0,0,0,20,남,4;4;2;6;4;3;1;7,31,50130;50110;11170,,,,,
e_e005488,central,3,21,0,0,0,0,20,여,3;3;2;2;4;4;2;7,28,11110;50110;48310,,,,,
e_e005495,central,2,1,0,0,0,0,30,여,1;4;4;2;2;2;5;6,41,42230;43150;50130,,,,,
e_e005497,central,2,10,0,0,0,2,30,여,4;1;1;1;1;1;7;7,41,41820;42110;28710,,,,,
e_e005504,central,3,1,0,0,0,0,20,여,5;5;4;5;5;4;4;4,43,26350;46130;50130,,,,,
e_e005510,central,2,1,0,0,0,3,40,남,2;2;2;6;4;2;1;6,41,41280;44180;42760,,,,,
e_e005517,central,2,1,0,0,0,1,20,남,6;5;6;4;2;3;5;3,41,11680;26170;29170,,,,,
e_e005518,central,2,6,0,0,0,1,30,여,7;7;5;5;6;6;7;7,11,41460;29170;50130,,,,,
e_e005527,central,2,22,0,0,0,1,30,남,2;4;2;1;6;4;2;3,41,42150;50110;11170,,,,,
e_e005528,central,3,1,0,0,0,1,30,남,5;2;2;2;3;4;5;5,41,42210;42830;26350,,,,,
e_e005532,central,3,2,0,0,0,3,50,남,4;4;4;4;7;4;1;7,11,50110;41830;42210,,,,,
e_e005551,central,2,2,0,0,0,1,20,여,3;3;3;3;3;3;3;3,41,42230;50110;41210,,,,,
e_e005553,central,2,11,0,0,0,1,40,남,2;4;1;2;7;2;2;2,41,46110;26260;41500,,,,,
e_e005555,central,2,12,0,0,0,0,20,여,2;3;1;2;7;2;2;7,41,11110;42210;46110,,,,,
e_e005562,central,3,8,0,0,0,3,40,여,2;1;3;2;6;4;1;7,11,42170;41820;26350,,,,,
e_e005570,central,2,4,0,0,0,1,60,여,4;7;3;1;1;7;1;2,11,41830;28110;42130,,,,,
e_e005573,central,2,2,0,0,0,2,40,여,7;1;1;1;1;3;1;7,44,42150;41460;47170,,,,,
e_e005575,central,2,22,0,0,0,1,30,여,4;3;2;4;2;2;4;4,41,46130;48840;42820,,,,,
e_e005577,central,3,2,0,0,0,1,20,여,2;1;4;4;5;2;1;5,41,42830;42110;50130,,,,,
e_e005579,central,3,1,0,0,0,1,20,남,2;2;2;4;4;2;6;5,44,42150;26350;11680,,,,,
e_e005585,central,2,1,0,0,0,0,30,여,1;1;1;1;1;7;1;7,11,26710;30170;11440,,,,,
e_e005590,central,3,1,0,0,0,1,20,여,5;3;3;3;3;4;3;4,48,50130;50110;42150,,,,,
e_e005598,central,2,11,0,0,0,0,20,여,2;6;1;3;6;2;1;5,11,42150;42210;42820,,,,,
e_e005599,central,2,2,0,0,0,1,20,여,4;2;2;1;4;7;7;7,26,11710;47130;48310,,,,,
e_e005602,central,2,22,0,0,0,1,20,여,2;1;1;3;4;3;5;7,11,50110;11110;42150,,,,,
e_e005605,central,2,1,0,0,0,1,40,여,5;3;3;3;2;2;5;5,11,50130;45110;26350,,,,,
e_e005617,central,3,1,0,0,0,1,30,남,2;2;2;1;1;4;5;3,41,42150;26500;28185,,,,,
e_e005627,central,2,10,0,0,0,2,40,여,4;7;6;5;3;4;3;2,41,41500;41290;41150,,,,,
e_e005642,central,3,1,0,0,0,1,20,여,5;1;1;5;4;6;6;6,41,50130;46130;26350,,,,,
e_e005662,central,3,1,0,0,0,1,20,남,4;1;1;4;6;6;3;5,43,11710;26350;42170,,,,,
e_e005665,central,2,12,0,0,0,0,50,여,1;1;1;3;1;1;1;3,41,45110;48170;50110,,,,,
e_e005676,central,2,2,0,0,0,2,30,여,6;6;2;3;5;6;3;6,41,11440;11680;11170,,,,,
e_e005679,central,3,6,0,0,0,1,30,남,3;4;4;5;5;5;4;5,48,50110;26350;46130,,,,,
e_e005682,central,2,1,0,0,0,2,20,여,2;6;2;3;5;2;6;7,41,11440;42150;11110,,,,,
e_e005706,central,2,12,0,0,0,1,20,여,2;4;1;1;1;2;2;6,41,42150;50110;26350,,,,,
e_e005711,central,2,22,0,0,0,1,60,여,4;3;6;4;4;7;5;5,41,41280;42150;26350,,,,,
e_e005713,central,2,1,0,0,0,0,30,여,4;3;4;1;1;6;1;6,45,50110;47130;48840,,,,,
e_e005716,central,2,1,0,0,0,2,30,여,5;4;4;2;4;4;2;7,28,41570;50110;42150,,,,,
e_e005745,central,2,4,0,0,0,1,30,남,2;4;2;5;4;1;2;6,41,11500;41280;41480,,,,,
e_e005752,central,2,1,0,0,0,1,30,남,4;7;1;1;1;1;1;7,41,42210;41830;41110,,,,,
e_e005763,central,3,1,0,0,0,2,30,남,4;3;3;3;2;2;5;5,41,42830;50130;26350,,,,,
e_e005765,central,2,4,0,0,0,1,40,남,4;2;3;2;3;5;4;2,41,11110;11215;50110,,,,,
e_e005775,central,2,1,0,0,0,0,50,여,4;7;1;4;1;1;1;4,11,28710;41570;46170,,,,,
e_e005790,central,3,8,0,0,0,2,30,남,4;7;4;2;3;4;5;6,41,42210;42820;44825,,,,,
e_e005793,central,3,1,0,0,0,1,40,여,3;3;5;2;2;4;3;4,41,11110;11140;50110,,,,,
e_e005803,central,2,1,0,0,0,0,20,남,6;4;3;3;2;6;3;3,41,50110;41270;26350,,,,,
e_e005804,central,2,1,0,0,0,0,30,여,1;1;2;4;1;1;1;1,42,48220;48310;29200,,,,,
e_e005807,central,2,4,0,0,0,0,30,여,3;4;4;2;3;4;5;6,48,26350;26500;47130,,,,,
e_e005810,central,2,22,0,0,0,1,20,여,4;3;4;2;4;3;3;7,11,11560;44150;47130,,,,,
e_e005822,central,2,1,0,0,0,2,40,남,4;4;1;7;7;1;1;7,28,41150;30200;42230,,,,,
e_e005826,central,2,22,0,0,0,3,60,여,2;2;5;2;2;5;2;5,11,42210;41820;42830,,,,,
e_e005831,central,2,1,0,0,0,1,20,남,1;1;6;1;3;2;6;6,41,42150;26170;11650,,,,,
e_e005833,central,3,23,0,0,0,1,20,남,1;1;1;1;1;7;7;4,11,26350;41110;46770,,,,,
e_e005840,central,2,4,0,0,0,1,20,남,4;4;4;4;4;4;4;4,41,42170;42150;41110,,,,,
e_e005853,central,2,1,0,0,0,1,20,여,2;2;4;3;2;3;4;7,28,42210;50110;42150,,,,,
e_e005860,central,3,12,0,0,0,4,60,여,4;3;2;5;6;6;5;7,27,47110;42210;26350,,,,,
e_e005862,central,2,1,0,0,0,1,30,여,3;6;3;2;5;2;1;6,41,11680;50110;42170,,,,,
e_e005863,central,3,1,0,0,0,6,40,여,5;4;3;2;6;3;3;5,41,42150;11110;26350,,,,,
e_e005876,central,3,23,0,0,0,0,30,여,1;1;4;2;4;6;6;7,41,42210;46150;47110,,,,,
e_e005885,central,2,1,0,0,0,1,20,여,4;4;2;2;2;6;6;7,41,41110;42150;27290,,,,,
e_e005886,central,3,1,0,0,0,3,30,남,5;2;2;5;3;5;5;6,30,50110;42150;26500,,,,,
e_e005891,central,3,21,0,0,0,1,40,남,1;1;1;2;3;6;6;7,41,41270;50110;46130,,,,,
e_e005899,central,2,2,0,0,0,2,40,남,6;4;5;2;2;2;6;3,46,46110;46130;50130,,,,,
e_e005910,central,2,1,0,0,0,1,30,여,5;6;3;4;4;5;3;5,41,11710;11110;30110,,,,,
e_e005915,central,2,1,0,0,0,0,30,여,4;5;3;3;5;3;7;5,41,11440;45130;44210,,,,,
e_e005926,central,3,1,0,0,0,1,60,여,4;6;6;6;6;3;5;4,11,42150;50130;41480,,,,,
e_e005930,central,3,2,0,0,0,0,20,여,4;1;1;4;6;4;2;6,11,50110;42210;30140,,,,,
e_e005935,central,2,22,0,0,0,1,30,여,7;7;7;1;4;4;6;5,28,26500;50130;41280,,,,,
e_e005940,central,3,10,0,0,0,3,50,남,4;3;2;1;4;3;1;7,11,42210;26350;50130,,,,,
e_e005947,central,3,5,0,0,0,4,40,여,5;1;3;1;3;6;2;6,11,41130;41450;41830,,,,,
e_e005961,central,2,1,0,0,0,1,30,여,4;4;3;3;3;5;5;3,11,50130;42150;50110,,,,,
e_e005965,central,2,1,0,0,0,1,30,남,7;7;7;4;2;6;2;6,28,11440;41570;28185,,,,,
e_e005970,central,2,22,0,0,0,4,40,여,2;6;2;5;5;5;2;6,41,41280;41480;41570,,,,,
e_e005973,central,2,2,0,0,0,1,20,남,5;2;4;5;2;1;5;3,41,46130;42150;50130,,,,,
e_e005978,central,3,1,0,0,0,1,20,여,3;1;1;5;6;7;5;3,11,26350;11440;50130,,,,,
e_e005999,central,2,1,0,0,0,1,20,여,2;1;1;6;5;2;3;7,41,41360;41480;26350,,,,,
e_e006003,central,2,1,0,0,0,1,20,남,3;1;2;2;5;1;6;5,41,26350;50130;42150,,,,,
e_e006005,central,2,1,0,0,0,1,20,여,4;3;4;5;3;4;5;5,41,42210;26350;50110,,,,,
e_e006014,central,3,1,0,0,0,1,30,여,2;2;2;5;6;3;2;6,11,48220;50110;42150,,,,,
e_e006016,central,3,21,0,0,0,1,60,여,5;3;1;2;4;4;4;4,41,50110;42150;41820,,,,,
e_e006022,central,3,3,0,0,0,3,40,여,4;2;4;4;2;7;1;4,41,50130;28110;11680,,,,,
e_e006025,central,2,1,0,0,0,1,20,여,4;5;2;5;3;5;2;7,28,50130;26350;28185,,,,,
e_e006028,central,2,4,0,0,0,1,20,여,7;4;4;4;6;3;5;4,41,11500;50130;26440,,,,,
e_e006029,central,2,22,0,0,0,9,40,여,4;4;4;4;4;4;4;4,41,41830;41820;42170,,,,,
e_e006030,central,3,23,0,0,0,1,30,여,1;1;1;4;4;3;4;4,11,50130;42230;26350,,,,,
e_e006032,central,2,5,0,0,0,1,30,남,1;1;2;4;4;2;4;6,11,42830;26350;50110,,,,,
e_e006033,central,2,1,0,0,0,1,20,남,7;4;2;2;6;6;7;5,44,11680;30110;41110,,,,,
e_e006041,central,3,22,0,0,0,1,20,남,4;1;4;3;4;5;5;7,41,11110;26500;43150,,,,,
e_e006042,central,3,2,0,0,0,2,60,남,1;1;1;6;5;1;1;7,41,41110;28710;42760,,,,,
e_e006050,central,3,21,0,0,0,4,40,남,6;1;6;3;5;6;2;5,41,42210;26350;50130,,,,,
e_e006052,central,2,28,0,0,0,3,40,남,4;4;4;5;4;2;2;6,41,42170;11620;30140,,,,,
e_e006057,central,2,1,0,0,0,1,60,여,2;7;3;4;3;4;4;5,41,42230;41820;28710,,,,,
e_e006059,central,3,22,0,0,0,1,30,여,2;2;3;4;3;4;3;4,50,50130;42150;28185,,,,,
e_e006069,central,3,12,0,0,0,3,20,여,2;2;2;2;2;2;2;7,41,46130;26140;31140,,,,,
e_e006073,central,2,8,0,0,0,4,60,여,3;1;2;2;3;3;6;6,41,50130;50110;42150,,,,,
e_e006081,central,3,2,0,0,0,1,20,여,2;1;1;1;1;3;1;4,11,50130;27260;41820,,,,,
e_e006086,central,3,1,0,0,0,1,20,여,2;2;2;4;3;4;2;6,42,42150;11680;26260,,,,,
e_e006090,central,2,1,0,0,0,1,30,여,4;4;4;3;4;6;3;6,41,41460;41630;41110,,,,,
e_e006098,central,2,6,0,0,0,2,30,여,2;6;3;2;3;3;2;2,30,46150;50110;11290,,,,,
e_e006128,central,2,1,0,0,0,1,20,여,4;3;5;2;2;4;3;5,11,46710;30140;47190,,,,,
e_e006133,central,2,2,0,0,0,1,20,남,4;5;3;2;5;6;2;3,11,11710;42110;31170,,,,,
e_e006145,central,2,2,0,0,0,1,40,여,7;4;3;2;4;3;3;3,28,50130;42760;41390,,,,,
e_e006151,central,3,23,0,0,0,1,20,남,2;1;1;1;6;4;1;1,41,26350;50130;42150,,,,,
e_e006153,central,3,10,0,0,0,2,30,남,1;1;4;1;3;4;6;7,11,42210;50130;41820,,,,,
e_e006157,central,3,1,0,0,0,2,30,여,3;2;5;3;4;3;2;6,41,42210;42830;42230,,,,,
e_e006177,central,2,2,0,0,0,1,60,남,2;6;2;2;2;5;4;7,41,42150;42210;41670,,,,,
e_e006198,central,2,1,0,0,0,1,40,여,6;4;3;1;6;3;2;6,41,11110;45130;11230,,,,,
e_e006203,central,2,1,0,0,0,2,20,여,2;6;2;5;2;2;6;5,41,50110;26350;11710,,,,,
e_e006208,central,2,11,0,0,0,1,20,남,2;2;1;2;4;5;5;7,41,50110;50130;26500,,,,,
e_e006213,central,3,1,0,0,0,1,40,남,4;4;2;2;4;6;6;4,47,47130;50110;11110,,,,,
e_e006214,central,2,26,0,0,0,1,20,여,6;4;2;5;4;4;6;5,28,11440;26350;28260,,,,,
e_e006218,central,2,21,0,0,0,1,30,남,1;1;1;1;7;4;1;7,28,42110;41650;42720,,,,,
e_e006221,central,3,2,0,0,0,3,30,남,1;5;1;5;6;2;4;5,43,43110;42150;42210,,,,,
e_e006224,central,2,8,0,0,0,1,20,여,3;2;3;1;2;3;1;7,41,42150;11680;41110,,,,,
e_e006225,central,2,21,0,0,0,1,20,여,1;1;1;3;5;2;3;7,11,50110;50130;26350,,,,,
e_e006226,central,2,1,0,0,0,4,40,여,2;2;4;3;6;4;6;4,41,43760;42150;44770,,,,,
e_e006251,central,2,1,0,0,0,1,20,여,7;7;2;1;1;4;4;1,41,42190;41360;50130,,,,,
e_e006255,central,2,6,0,0,0,2,40,남,4;2;4;2;3;3;4;4,28,50130;42210;41820,,,,,
e_e006261,central,2,22,0,0,0,1,20,남,3;5;3;1;3;6;6;6,28,42210;11680;41110,,,,,
e_e006272,central,2,22,0,0,0,1,30,여,3;4;4;4;2;3;2;1,41,42150;41360;50130,,,,,
e_e006291,central,2,21,0,0,0,2,60,여,3;4;3;4;2;4;3;5,11,42830;41290;41360,,,,,
e_e006314,central,2,1,0,0,0,1,20,여,2;1;3;5;6;5;1;5,11,42150;26350;46130,,,,,
e_e006315,central,2,1,0,0,0,3,40,여,1;1;4;6;4;5;6;2,11,41820;41830;42210,,,,,
e_e006321,central,2,22,0,0,0,1,20,남,6;3;4;1;4;6;2;7,41,47130;41110;11680,,,,,
e_e006324,central,2,22,0,0,0,1,20,여,3;5;3;2;5;2;6;6,41,42150;47130;45110,,,,,
e_e006333,central,2,22,0,0,0,6,60,남,2;4;1;4;6;5;1;6,41,50110;41270;42210,,,,,
e_e006341,central,2,6,0,0,0,0,20,여,5;5;5;5;5;4;4;4,28,11110;11200;11650,,,,,
e_e006348,central,2,21,0,0,0,2,40,여,4;1;3;3;3;5;5;5,41,42150;50110;26350,,,,,
e_e006351,central,2,1,0,0,0,9,60,남,5;1;4;1;7;7;3;7,11,50130;41820;41830,,,,,
e_e006352,central,2,1,0,0,0,1,40,여,1;4;1;3;7;6;2;2,41,42210;50110;42750,,,,,
e_e006355,central,2,1,0,0,0,2,20,여,4;2;2;5;4;4;6;3,41,42150;42790;45790,,,,,
e_e006359,central,2,21,0,0,0,2,40,여,5;3;1;3;6;1;2;2,11,11110;50130;30200,,,,,
e_e006371,central,2,22,0,0,0,1,20,여,3;2;3;3;5;4;6;6,43,50130;11200;26350,,,,,
e_e006406,central,2,21,0,0,0,1,30,남,2;1;2;4;6;2;1;6,11,46110;47170;48310,,,,,
e_e006407,central,2,1,0,0,0,1,20,남,6;4;5;3;3;5;2;4,43,11680;50110;30110,,,,,
e_e006414,central,2,1,0,0,0,2,40,남,6;1;1;2;2;6;3;7,41,42150;26500;50130,,,,,
e_e006416,central,2,1,0,0,0,0,20,여,1;1;1;3;1;1;6;6,41,29110;46150;11680,,,,,
e_e006422,central,2,1,0,0,0,1,30,여,4;2;2;4;4;2;4;7,41,42230;48220;41110,,,,,
e_e006423,central,2,1,0,0,0,0,30,남,7;6;6;6;6;6;4;5,28,11680;41570;41110,,,,,
e_e006424,central,2,1,0,0,0,1,20,여,6;4;2;1;4;2;1;7,31,26350;27290;47110,,,,,
e_e006432,central,2,2,0,0,0,2,50,여,3;5;4;2;2;3;5;3,28,50130;42150;41390,,,,,
e_e006439,central,2,24,0,0,0,5,30,여,4;4;3;2;4;3;3;4,41,42110;50130;42150,,,,,
e_e006446,central,2,1,0,0,0,1,20,여,7;4;3;3;4;4;6;7,11,42150;26350;27110,,,,,
e_e006447,central,2,10,0,0,0,1,20,남,4;2;1;6;6;5;3;7,41,11500;26500;26230,,,,,
e_e006448,central,2,22,0,0,0,10,60,남,2;1;4;3;2;4;7;2,11,42150;41290;42110,,,,,
e_e006452,central,2,2,0,0,0,1,20,여,2;2;2;1;7;4;7;5,11,50110;26350;43800,,,,,
e_e006458,central,2,22,0,0,0,1,30,여,4;3;3;3;4;5;5;5,41,42150;50130;48820,,,,,
e_e006460,central,2,21,0,0,0,1,40,여,4;5;4;4;5;4;4;2,41,11680;11170;50110,,,,,
e_e006463,central,2,4,0,0,0,1,30,여,2;1;1;4;6;4;1;7,41,11680;50110;47130,,,,,
e_e006474,central,2,2,0,0,0,2,60,여,4;6;5;2;2;6;2;4,11,50110;41830;42110,,,,,
e_e006483,central,2,1,0,0,0,0,20,여,2;5;3;3;3;2;5;6,11,50130;50110;26350,,,,,
e_e006486,central,2,1,0,0,0,2,60,남,4;3;3;3;3;3;2;6,44,46130;48170;11680,,,,,
e_e006489,central,2,12,0,0,0,0,40,남,3;2;4;6;2;3;4;5,42,50130;11110;42210,,,,,
e_e006491,central,2,2,0,0,0,2,60,남,4;2;2;1;4;2;2;3,41,50110;42150;46890,,,,,
e_e006492,central,2,27,0,0,0,1,60,여,2;4;2;4;3;3;2;4,41,42210;50130;46130,,,,,
e_e006495,central,2,1,0,0,0,0,20,여,4;2;2;2;4;4;5;6,41,11680;41110;11110,,,,,
e_e006497,central,3,1,0,0,0,2,40,남,1;2;2;1;1;2;1;3,41,42210;26350;11200,,,,,
e_e006505,central,2,22,0,0,0,1,20,여,1;3;2;1;6;2;6;7,28,11110;11440;11560,,,,,
e_e006506,central,2,1,0,0,0,2,30,남,2;3;2;6;7;2;7;3,41,50110;41830;42150,,,,,
e_e006507,central,2,22,0,0,0,1,20,남,1;2;2;2;2;2;6;6,41,50110;26350;41480,,,,,
e_e006510,central,2,22,0,0,0,1,20,남,2;2;2;1;2;3;2;7,11,50130;11680;30230,,,,,
e_e006513,central,2,22,0,0,0,1,20,여,6;1;1;2;4;2;6;7,41,50110;41480;26350,,,,,
e_e006517,central,2,1,0,0,0,1,60,남,3;5;2;6;6;6;4;5,41,28710;30200;42210,,,,,
e_e006528,central,2,1,0,0,0,0,20,여,2;2;2;3;3;3;2;6,41,26350;42150;46130,,,,,
e_e006529,central,2,2,0,0,0,3,40,여,4;4;3;5;4;5;2;6,11,50110;42720;41360,,,,,
e_e006531,central,2,10,0,0,0,1,30,여,2;2;2;3;2;2;2;6,41,50130;42210;28177,,,,,
e_e006534,central,2,1,0,0,0,1,30,남,7;7;1;1;1;4;1;7,41,11200;50130;28185,,,,,
e_e006537,central,2,22,0,0,0,1,30,여,1;4;2;2;6;2;6;5,41,41480;11380;41280,,,,,
e_e006544,central,2,6,0,0,0,1,20,여,1;7;1;4;5;4;1;7,44,41820;46130;44130,,,,,
e_e006546,central,2,6,0,0,0,2,60,남,3;5;2;2;3;3;3;6,41,41480;41800;28710,,,,,
e_e006550,central,2,2,0,0,0,3,60,여,4;4;6;6;6;2;6;5,11,42170;26230;41360,,,,,
e_e006552,central,2,1,0,0,0,1,20,여,7;4;1;2;4;2;3;6,11,50130;46130;28185,,,,,
e_e006554,central,3,1,0,0,0,3,50,남,7;3;3;2;3;4;3;5,11,50110;41830;42150,,,,,
e_e006555,central,2,1,0,0,0,0,30,남,1;2;2;2;2;6;2;2,41,11680;11230;11410,,,,,
e_e006557,central,2,2,0,0,0,2,30,여,2;7;3;2;3;6;2;6,41,41270;41460;41390,,,,,
e_e006572,central,2,1,0,0,0,1,20,여,2;1;1;1;4;2;5;3,11,41360;28260;42210,,,,,
e_e006575,central,2,1,0,0,0,1,20,여,2;1;6;2;2;2;2;3,11,50110;42830;46710,,,,,
e_e006577,central,2,4,0,0,0,0,40,여,4;1;1;3;4;2;3;5,28,42770;50130;28710,,,,,
e_e006585,central,2,1,0,0,0,1,20,여,3;3;3;3;6;3;2;6,11,42210;41210;50110,,,,,
e_e006587,central,2,10,0,0,0,1,30,남,6;6;3;3;3;5;2;4,11,41190;41280;42150,,,,,
e_e006588,central,2,1,0,0,0,1,60,남,2;3;1;4;2;1;1;6,41,41110;41590;50110,,,,,
e_e006591,central,2,11,0,0,0,1,30,남,3;3;2;3;5;5;3;5,41,42230;30140;41610,,,,,
e_e006592,central,2,2,0,0,0,0,30,남,3;4;4;2;4;5;6;5,41,42210;46130;28710,,,,,
e_e006593,central,2,1,0,0,0,1,20,여,2;2;2;2;2;2;2;6,11,50110;42150;26500,,,,,
e_e006600,central,2,13,0,0,0,0,50,여,5;4;5;4;3;5;5;4,11,42110;42130;41830,,,,,
e_e006602,central,2,1,0,0,0,1,40,여,4;1;2;4;3;6;1;6,41,42170;44210;41170,,,,,
e_e006783,central,2,1,0,0,0,0,30,여,2;1;3;4;2;4;1;4,44,11110;50130;50110,,,,,
e_e006785,central,2,2,0,0,0,2,40,여,4;1;1;1;3;3;1;7,41,50110;42210;42820,,,,,
e_e006786,central,2,2,0,0,0,1,30,남,1;2;1;1;1;1;1;4,11,42110;48850;26260,,,,,
e_e006788,central,2,2,0,0,0,3,30,여,1;2;2;4;4;3;6;6,41,42150;46820;11410,,,,,
e_e006789,central,2,1,0,0,0,0,30,여,4;4;1;3;2;6;7;7,45,11110;47130;46150,,,,,
e_e006791,central,2,10,0,0,0,1,20,남,2;2;1;2;5;5;2;6,28,11110;46130;45730,,,,,
e_e006793,central,2,2,0,0,0,0,50,여,3;7;6;4;6;4;5;7,41,42230;50130;43800,,,,,
e_e006794,central,2,1,0,0,0,0,40,남,1;3;2;4;3;2;5;6,41,42150;41820;47130,,,,,
e_e006795,central,2,6,0,0,0,3,30,남,1;1;1;5;7;7;7;7,11,41670;44270;44810,,,,,
e_e006796,central,2,1,0,0,0,0,40,남,4;1;2;1;2;2;6;4,11,26230;26350;50110,,,,,
e_e006800,central,2,2,0,0,0,1,30,여,3;2;2;5;5;3;6;6,11,50110;42150;42780,,,,,
e_e006801,central,2,2,0,0,0,3,30,남,4;2;3;2;2;4;2;1,41,42150;42820;27200,,,,,
e_e006802,central,2,2,0,0,0,1,30,남,2;2;3;3;3;4;2;5,41,42750;47110;50130,,,,,
e_e006804,central,2,1,0,0,0,0,20,여,7;1;5;7;6;6;6;5,11,11110;30200;26350,,,,,
e_e006805,central,2,2,0,0,0,2,30,남,7;2;2;2;6;6;2;2,11,41480;42720;41210,,,,,
e_e006808,central,2,22,0,0,0,1,60,여,2;4;2;2;2;3;2;5,41,42820;42780;41650,,,,,
e_e006810,central,2,2,0,0,0,1,30,여,4;4;4;4;4;4;4;4,41,31170;48120;41130,,,,,
e_e006813,central,2,2,0,0,0,2,30,여,3;5;2;2;5;3;5;4,28,28200;41390;28110,,,,,
e_e006815,central,2,1,0,0,0,0,20,여,3;1;2;3;3;5;5;5,11,50130;43730;11170,,,,,
e_e006816,central,2,2,0,0,0,1,30,남,3;1;1;1;1;2;1;6,11,42150;42820;47130,,,,,
e_e006818,central,2,22,0,0,0,2,40,여,1;4;4;5;4;4;6;5,11,41480;50110;42150,,,,,
e_e006820,central,2,1,0,0,0,0,30,여,4;2;4;3;3;4;2;3,11,47130;42150;50130,,,,,
e_e006823,central,2,10,0,0,0,1,30,여,6;2;1;6;7;6;1;7,11,41360;48310;50110,,,,,
e_e006826,central,2,2,0,0,0,3,30,여,4;4;2;1;4;6;6;6,41,41460;28110;41110,,,,,
e_e006828,central,2,1,0,0,0,0,30,여,2;5;2;6;6;4;2;2,41,41480;41570;11380,,,,,
e_e006830,central,2,10,0,0,0,1,40,여,1;1;2;7;6;4;1;3,41,42760;42150;41500,,,,,
e_e006831,central,2,11,0,0,0,3,30,여,4;3;3;3;5;5;3;6,41,42210;43800;11710,,,,,
e_e006833,central,2,11,0,0,0,3,30,남,2;4;2;4;5;3;3;5,11,42150;41830;43150,,,,,
e_e006834,central,2,21,0,0,0,2,60,여,1;5;1;1;2;7;1;7,11,50130;42150;26350,,,,,
e_e006837,central,2,22,0,0,0,1,60,여,5;4;5;2;4;5;2;7,41,50130;42210;26230,,,,,
e_e006840,central,2,2,0,0,0,1,40,여,4;3;2;4;5;4;5;5,41,41820;42150;43150,,,,,
e_e006844,central,2,1,0,0,0,1,40,남,4;3;1;4;4;2;4;5,41,47130;26710;41390,,,,,
e_e006846,central,2,1,0,0,0,1,30,여,7;1;1;1;7;1;1;7,28,50130;42150;26350,,,,,
e_e006849,central,2,21,0,0,0,1,60,남,6;2;4;2;2;2;2;6,11,42210;26350;50130,,,,,
e_e006851,central,2,22,0,0,0,3,40,남,2;3;4;6;3;6;3;5,41,41480;11380;41630,,,,,
e_e006852,central,2,12,0,0,0,2,60,남,2;2;2;3;2;6;2;6,11,42230;41360;50130,,,,,
e_e006853,central,2,1,0,0,0,1,60,여,2;3;2;2;2;2;2;6,11,50130;46730;42150,,,,,
e_e006854,central,2,12,0,0,0,2,60,여,1;6;1;2;1;6;1;7,41,48840;11110;42110,,,,,
e_e006855,central,2,21,0,0,0,5,40,여,1;1;3;5;3;2;5;3,11,42210;41800;44825,,,,,
e_e006856,central,2,26,0,0,0,3,40,여,3;1;2;4;5;5;2;6,11,42210;41820;43800,,,,,
e_e006861,central,2,4,0,0,0,1,30,여,1;1;1;2;4;2;1;2,41,42210;26350;43760,,,,,
e_e006862,central,2,1,0,0,0,0,20,여,2;2;2;1;6;5;2;5,28,50110;30200;47130,,,,,
e_e006863,central,2,4,0,0,0,3,30,남,3;2;6;5;6;2;1;5,41,42190;41460;11680,,,,,
e_e006865,central,2,1,0,0,0,0,30,여,3;2;2;3;2;3;6;4,41,42150;42750;47920,,,,,
e_e006867,central,2,10,0,0,0,2,40,여,3;4;4;3;3;3;2;6,41,42210;41820;41360,,,,,
e_e006869,central,2,22,0,0,0,1,20,여,2;3;2;4;4;6;2;5,41,42770;11110;41110,,,,,
e_e006871,central,2,11,0,0,0,3,30,여,1;7;4;5;2;4;1;2,11,41450;41460;41280,,,,,
e_e006874,central,2,21,0,0,0,0,50,여,3;4;3;1;2;4;5;1,41,50130;47280;43130,,,,,
e_e006875,central,2,2,0,0,0,1,30,여,1;1;1;4;6;1;6;7,41,41190;42150;11680,,,,,
e_e006876,central,2,2,0,0,0,1,20,여,2;1;6;1;2;1;1;6,41,11200;42820;26710,,,,,
e_e006877,central,2,2,0,0,0,1,30,남,7;1;1;3;2;4;2;2,11,11140;50130;42210,,,,,
e_e006879,central,2,22,0,0,0,2,30,남,3;4;5;4;2;3;5;2,41,28710;26380;41570,,,,,
e_e006880,central,2,11,0,0,0,2,50,남,2;1;1;6;6;1;2;6,11,41590;43750;44810,,,,,
e_e006882,central,2,1,0,0,0,0,30,여,1;2;2;2;1;3;3;6,11,50130;42760;26350,,,,,
e_e006883,central,2,10,0,0,0,1,60,남,2;3;3;3;4;4;2;3,11,42830;44210;50110,,,,,
e_e006884,central,2,25,0,0,0,1,30,남,1;1;1;3;1;1;2;5,11,42130;42750;42770,,,,,
e_e006886,central,2,1,0,0,0,1,20,남,4;3;3;4;2;3;4;5,43,11680;50110;26350,,,,,
e_e006887,central,2,1,0,0,0,0,20,여,1;1;1;7;4;4;7;7,41,42150;41500;47130,,,,,
e_e006890,central,2,11,0,0,0,1,40,남,6;1;1;3;7;1;6;6,11,28110;42760;28185,,,,,
e_e006892,central,2,2,0,0,0,1,20,남,1;1;1;6;7;4;7;7,11,42760;47930;50110,,,,,
e_e006893,central,2,1,0,0,0,0,30,여,4;5;5;4;6;4;5;4,28,47850;50130;41130,,,,,
e_e006894,central,2,3,0,0,0,3,30,여,1;3;2;4;3;2;5;4,11,42110;41820;48120,,,,,
e_e006895,central,2,22,0,0,0,1,60,남,2;4;3;2;3;3;3;5,41,41590;41830;42230,,,,,
e_e006896,central,2,2,0,0,0,1,40,여,1;1;7;1;1;7;1;3,41,41820;41650;28710,,,,,
e_e006897,central,2,2,0,0,0,1,30,여,4;3;2;4;6;2;2;7,41,50130;26350;42150,,,,,
e_e006899,central,2,2,0,0,0,1,20,남,2;2;1;3;3;3;6;5,41,42150;50110;26350,,,,,
e_e006900,central,2,1,0,0,0,0,20,여,3;2;1;6;7;4;2;5,28,42170;11440;50110,,,,,
e_e006901,central,2,4,0,0,0,3,30,남,2;2;2;1;3;4;4;4,41,42150;46110;26350,,,,,
e_e006902,central,2,6,0,0,0,0,20,여,6;6;7;2;4;5;2;5,41,11380;11710;11170,,,,,
e_e006905,central,2,2,0,0,0,0,30,여,2;2;3;5;3;5;2;3,41,42210;42150;26350,,,,,
e_e006906,central,2,1,0,0,0,0,20,여,5;7;2;5;5;6;6;7,41,11650;11110;41110,,,,,
e_e006907,central,2,2,0,0,0,1,30,남,1;1;1;2;1;1;1;1,41,41650;42150;41830,,,,,
e_e006908,central,2,22,0,0,0,2,40,남,1;1;7;1;1;7;7;7,28,50130;50110;42210,,,,,
e_e006909,central,2,3,0,0,0,3,30,여,4;1;4;1;6;4;2;4,11,42210;42150;50130,,,,,
e_e006911,central,2,11,0,0,0,1,40,여,2;2;3;3;2;2;2;7,11,41830;42720;42210,,,,,
e_e006912,central,2,2,0,0,0,1,20,여,2;2;2;5;3;3;6;6,11,42820;50130;45790,,,,,
e_e006913,central,2,2,0,0,0,1,30,여,5;2;2;6;7;6;7;7,11,42150;41820;42830,,,,,
e_e006914,central,2,2,0,0,0,2,30,남,2;4;2;3;5;2;2;6,41,44810;46900;41570,,,,,
e_e006915,central,2,22,0,0,0,2,40,여,6;4;6;6;6;5;6;5,11,41280;47920;41570,,,,,
e_e006918,central,2,2,0,0,0,3,40,남,2;5;3;4;6;3;2;6,11,42150;41820;45110,,,,,
e_e006919,central,2,2,0,0,0,2,40,남,4;2;3;2;4;5;2;5,11,42210;42820;26710,,,,,
e_e006920,central,2,4,0,0,0,1,30,남,1;4;4;1;1;3;4;6,41,42780;41800;47840,,,,,
e_e006921,central,2,13,0,0,0,3,60,남,2;2;1;3;3;3;3;5,11,50130;42830;46130,,,,,
e_e006922,central,2,2,0,0,0,3,40,남,5;6;4;3;6;1;5;1,41,41290;44825;41500,,,,,
e_e006924,central,2,2,0,0,0,0,40,남,2;2;3;2;2;3;4;5,41,41830;41170;50110,,,,,
e_e006926,central,2,24,0,0,0,2,20,여,4;3;1;1;7;1;7;7,11,26350;50130;50110,,,,,
e_e006927,central,2,22,0,0,0,3,40,남,1;1;1;4;2;4;2;7,11,42170;44825;50110,,,,,
e_e006929,central,2,11,0,0,0,2,40,남,2;5;2;2;2;2;2;1,11,42210;41280;11560,,,,,
e_e006930,central,2,2,0,0,0,2,60,여,4;1;1;1;7;4;2;7,41,42150;26350;28710,,,,,
e_e006932,central,2,21,0,0,0,2,60,남,3;2;2;2;6;5;5;3,11,50110;42720;26350,,,,,
e_e006933,central,2,21,0,0,0,1,20,남,3;4;3;2;2;5;4;4,41,42210;42150;41480,,,,,
e_e006934,central,2,22,0,0,0,1,30,남,1;3;3;5;7;4;3;4,41,50110;42230;45130,,,,,
e_e006935,central,2,10,0,0,0,2,40,남,2;4;3;2;3;3;4;5,41,41500;42110;44200,,,,,
e_e006936,central,2,11,0,0,0,1,40,여,4;2;3;6;6;2;6;6,41,11140;11410;43800,,,,,
e_e006937,central,2,21,0,0,0,1,60,남,1;1;4;2;1;1;2;6,41,41830;42820;47130,,,,,
e_e006939,central,2,2,0,0,0,0,20,여,4;2;2;2;4;4;6;6,41,50130;50110;26170,,,,,
e_e006941,central,2,2,0,0,0,2,40,남,4;3;6;4;3;5;4;3,41,42150;26350;42210,,,,,
e_e006944,central,2,22,0,0,0,3,60,여,5;4;6;6;5;6;5;5,11,42820;42210;41830,,,,,
e_e006946,central,2,6,0,0,0,1,60,여,6;4;5;4;3;4;2;3,11,26350;44130;42110,,,,,
e_e006947,central,2,2,0,0,0,1,20,여,6;3;4;3;6;6;6;7,30,50110;27230;11680,,,,,
e_e006949,central,2,4,0,0,0,2,40,남,6;1;2;6;7;2;2;6,41,42210;41820;47130,,,,,
e_e006950,central,2,11,0,0,0,1,30,여,5;6;4;1;5;4;2;3,41,41130;41590;41110,,,,,
e_e006951,central,2,24,0,0,0,1,60,남,1;2;2;3;4;2;4;6,11,46130;28185;26110,,,,,
e_e006952,central,2,4,0,0,0,3,30,여,1;1;1;4;7;2;6;4,11,44825;42110;42150,,,,,
e_e006953,central,2,2,0,0,0,0,40,여,1;4;2;4;4;2;2;3,41,47130;50110;42150,,,,,
e_e006954,central,2,2,0,0,0,1,30,남,4;2;2;4;6;2;6;7,28,41820;28710;41480,,,,,
e_e006955,central,2,11,0,0,0,2,30,남,2;6;4;2;2;4;6;2,28,28200;28177;28185,,,,,
e_e007132,central,2,1,0,0,0,3,30,여,4;2;3;1;3;6;7;6,41,41460;30200;11680,,,,,
e_e007137,central,2,11,0,0,0,1,40,남,4;1;1;4;3;1;5;5,41,26350;50130;28185,,,,,
e_e007139,central,2,2,0,0,0,8,50,여,4;7;1;6;6;7;6;7,11,44180;45130;50130,,,,,
e_e007145,central,2,4,0,0,0,0,30,남,1;4;2;3;4;5;3;4,41,50130;42210;42190,,,,,
e_e007155,central,2,2,0,0,0,1,20,여,3;3;2;2;3;2;4;6,41,50130;50110;42810,,,,,
e_e007166,central,2,22,0,0,0,1,30,여,2;2;1;4;2;1;2;7,11,42830;48840;46150,,,,,
e_e007169,central,2,11,0,0,0,1,40,여,2;2;1;6;6;5;4;6,41,42830;47930;41830,,,,,
e_e007170,central,2,3,0,0,0,2,60,남,3;4;2;3;3;2;2;3,41,50110;42150;44825,,,,,
e_e007172,central,2,2,0,0,0,1,60,여,2;1;3;4;5;3;6;6,41,42210;42820;41460,,,,,
e_e007174,central,2,1,0,0,0,0,20,여,3;4;3;5;4;3;4;5,11,50130;50110;26200,,,,,
e_e007175,central,2,8,0,0,0,1,20,여,2;2;2;4;2;2;2;3,11,41480;50130;42820,,,,,
e_e007192,central,2,22,0,0,0,0,30,여,2;2;1;4;3;2;1;6,11,48220;46710;28200,,,,,
e_e007193,central,2,21,0,0,0,1,20,여,4;2;1;5;3;5;1;7,41,26500;50110;29155,,,,,
e_e007196,central,2,22,0,0,0,0,30,여,4;4;4;4;2;4;5;4,27,26530;11140;11110,,,,,
e_e007198,central,2,22,0,0,0,2,40,여,2;4;5;4;2;5;2;4,28,42720;41650;11110,,,,,
e_e007200,central,2,2,0,0,0,1,20,남,1;1;3;3;2;1;1;7,11,50110;26500;11440,,,,,
e_e007202,central,2,1,0,0,0,2,30,여,4;5;2;1;1;6;2;2,41,41450;41830;11710,,,,,
e_e007203,central,2,2,0,0,0,1,20,남,4;2;2;3;6;4;2;6,41,41110;11680;44130,,,,,
e_e007205,central,2,1,0,0,0,1,20,여,5;2;3;4;6;2;6;4,11,42210;50110;26350,,,,,
e_e007207,central,2,22,0,0,0,1,20,남,4;5;3;4;3;5;4;5,44,11650;50110;26110,,,,,
e_e007213,central,2,1,0,0,0,0,30,여,2;6;2;6;2;3;2;5,41,50130;42150;30170,,,,,
e_e007214,central,2,22,0,0,0,0,30,남,3;5;1;1;1;6;6;6,41,41280;42150;41360,,,,,
e_e007216,central,2,9,0,0,0,0,30,여,3;4;4;3;5;2;2;6,27,11680;47720;47110,,,,,
e_e007217,central,2,1,0,0,0,2,60,남,1;4;1;2;2;4;1;2,41,41650;42760;41500,,,,,
e_e007218,central,2,6,0,0,0,1,20,여,3;1;1;3;2;6;6;3,41,11560;28200;50110,,,,,
e_e007219,central,2,2,0,0,0,2,30,여,2;1;6;2;5;4;1;6,41,42150;42210;43130,,,,,
e_e007221,central,2,1,0,0,0,1,30,남,3;5;6;2;2;3;6;6,11,50110;42210;42820,,,,,
e_e007227,central,2,1,0,0,0,1,20,여,2;2;1;4;6;4;6;5,41,41480;11710;41360,,,,,
e_e007228,central,2,5,0,0,0,1,30,여,4;7;1;1;1;7;1;7,11,41610;42150;28245,,,,,
e_e007231,central,2,11,0,0,0,1,60,여,2;3;4;5;5;4;3;5,41,42150;50130;47130,,,,,
e_e007236,central,2,27,0,0,0,1,30,남,3;1;2;5;3;3;3;7,44,50110;42150;48850,,,,,
e_e007239,central,2,22,0,0,0,2,40,남,2;1;2;3;5;2;5;6,41,50110;42210;26110,,,,,
e_e007242,central,2,2,0,0,0,1,20,여,3;2;1;2;3;3;6;5,41,50130;42720;11680,,,,,
e_e007243,central,2,11,0,0,0,1,40,여,3;3;4;3;4;5;3;4,11,50130;42150;41820,,,,,
e_e007245,central,2,1,0,0,0,0,30,여,3;3;2;3;4;3;5;6,41,50110;43800;42150,,,,,
e_e007249,central,2,2,0,0,0,2,30,여,1;1;1;1;1;1;1;7,41,28110;41460;42210,,,,,
e_e007255,central,2,1,0,0,0,0,20,남,4;2;2;2;4;2;3;6,30,50110;50130;11170,,,,,
e_e007269,central,2,22,0,0,0,3,50,남,2;4;6;3;6;6;1;1,11,41610;28260;44180,,,,,
e_e007270,central,2,1,0,0,0,1,40,남,4;4;4;4;6;6;3;5,41,42150;41430;27260,,,,,
e_e007272,central,2,6,0,0,0,5,40,여,4;4;4;4;4;4;4;4,42,42210;42230;11440,,,,,
e_e007277,central,2,21,0,0,0,9,60,남,1;4;4;4;1;4;4;4,41,42210;50110;41820,,,,,
e_e007289,central,2,12,0,0,0,2,30,여,2;6;2;2;4;2;2;7,36,44180;42230;50110,,,,,
e_e007294,central,2,2,0,0,0,0,30,여,2;2;2;2;5;5;2;6,41,42830;42150;41820,,,,,
e_e007296,central,2,1,0,0,0,1,20,여,6;2;1;3;6;2;2;6,41,11110;11650;26230,,,,,
e_e007301,central,2,21,0,0,0,1,30,남,2;2;4;2;2;2;6;4,28,42210;41570;28710,,,,,
e_e007304,central,2,24,0,0,0,0,30,남,3;2;2;3;2;3;2;5,41,50130;42210;11440,,,,,
e_e007306,central,2,2,0,0,0,1,20,남,4;1;1;5;4;4;2;7,28,11440;41280;42810,,,,,
e_e007310,central,2,11,0,0,0,1,40,남,3;3;2;5;3;3;2;5,41,42820;41820;41290,,,,,
e_e007311,central,2,1,0,0,0,0,30,남,7;7;5;3;6;4;3;5,11,42170;50130;26350,,,,,
e_e007312,central,2,11,0,0,0,2,30,남,5;4;6;2;5;7;1;7,41,42820;41280;46130,,,,,
e_e007315,central,2,10,0,0,0,1,20,남,4;3;2;3;6;5;3;6,41,50110;26290;28260,,,,,
e_e007316,central,2,1,0,0,0,1,20,여,4;2;3;6;3;6;2;6,41,42150;26500;50110,,,,,
e_e007328,central,2,2,0,0,0,4,50,여,4;6;4;1;1;3;4;4,11,41820;42150;28710,,,,,
e_e007332,central,2,13,0,0,0,0,20,여,6;5;4;6;2;3;2;4,41,26110;11110;11440,,,,,
e_e007334,central,2,1,0,0,0,2,40,남,5;3;4;5;3;5;3;4,41,41290;41430;41410,,,,,
e_e007338,central,2,21,0,0,0,0,20,남,2;5;2;3;2;2;5;5,11,41360;42210;28710,,,,,
e_e007339,central,2,1,0,0,0,3,40,남,2;2;6;1;5;5;3;6,43,42150;50130;26350,,,,,
e_e007341,central,2,1,0,0,0,0,30,여,4;7;7;4;2;7;1;7,26,26710;48250;48220,,,,,
e_e007342,central,2,12,0,0,0,1,20,여,2;3;5;3;2;2;6;6,11,50110;41480;28710,,,,,
e_e007354,central,2,1,0,0,0,0,20,남,4;6;5;4;4;4;4;4,41,41830;42150;47130,,,,,
e_e007357,central,2,11,0,0,0,3,50,남,4;2;3;2;2;2;3;7,11,50110;42210;44150,,,,,
e_e007362,central,2,4,0,0,0,1,30,남,2;6;2;3;4;5;2;6,11,11200;41280;48120,,,,,
e_e007379,central,2,1,0,0,0,0,20,여,4;2;4;3;6;2;6;5,11,50110;50130;42150,,,,,
e_e007385,central,2,1,0,0,0,1,30,여,1;2;2;2;2;4;3;5,28,31200;11230;46150,,,,,
e_e007388,central,2,27,0,0,0,2,20,여,6;5;1;7;6;6;7;7,11,42210;26110;42720,,,,,
e_e007391,central,2,22,0,0,0,0,20,남,5;7;4;2;1;4;4;5,41,11140;11650;11170,,,,,
e_e007394,central,2,1,0,0,0,1,20,남,3;2;3;3;2;5;1;6,41,50130;26110;42150,,,,,
e_e007399,central,2,7,0,0,0,1,40,남,1;1;7;4;7;7;7;1,41,42760;42150;26350,,,,,
e_e007402,central,2,28,0,0,0,0,30,여,4;3;5;5;2;6;2;5,41,42210;26350;28110,,,,,
e_e007403,central,2,1,0,0,0,3,20,여,6;6;4;3;4;5;2;6,41,11140;11215;11350,,,,,
e_e007409,central,2,21,0,0,0,1,40,여,1;2;1;3;5;1;2;2,41,26350;42170;43800,,,,,
e_e007421,central,2,1,0,0,0,1,30,여,1;7;1;1;7;1;1;7,11,41110;11680;41360,,,,,
e_e007425,central,2,21,0,0,0,1,20,여,3;3;3;3;2;5;2;5,41,50130;50110;47130,,,,,
e_e007430,central,2,21,0,0,0,0,30,여,7;1;1;6;7;1;7;1,41,11215;50130;48840,,,,,
e_e007431,central,2,5,0,0,0,0,20,여,7;6;6;6;6;4;3;7,31,11680;30230;26200,,,,,
e_e007437,central,2,1,0,0,0,0,20,여,5;2;3;6;1;5;5;4,41,50130;50110;30140,,,,,
e_e007441,central,2,21,0,0,0,1,30,남,2;2;5;5;2;2;1;6,11,46130;45110;29200,,,,,
e_e007450,central,2,1,0,0,0,0,20,여,6;2;3;1;7;7;7;7,41,50110;29170;42150,,,,,
e_e007452,central,2,1,0,0,0,1,20,여,2;2;3;3;4;4;7;5,36,26710;50130;42150,,,,,
e_e007453,central,2,6,0,0,0,2,20,여,6;2;1;3;7;6;2;6,41,50110;47130;47110,,,,,
e_e007460,central,2,2,0,0,0,1,20,남,5;1;1;1;1;3;5;7,41,46130;30140;42210,,,,,
e_e007474,central,2,2,0,0,0,2,40,여,1;1;1;3;3;3;5;5,11,42150;26350;44180,,,,,
e_e007480,central,2,1,0,0,0,0,20,남,7;6;6;7;7;7;7;1,41,26140;11680;41290,,,,,
e_e007482,central,2,1,0,0,0,1,20,여,7;1;1;6;1;4;2;7,11,50130;42150;26110,,,,,
e_e007484,central,2,28,0,0,0,3,30,여,3;3;3;2;2;1;6;5,41,11440;42830;26500,,,,,
e_e007488,central,2,3,0,0,0,0,20,여,3;3;1;5;6;6;5;6,11,50110;42150;41110,,,,,
e_e007491,central,2,28,0,0,0,1,60,여,6;4;6;6;6;7;6;2,11,42210;41830;46810,,,,,
e_e007497,central,2,22,0,0,0,1,30,남,1;4;3;3;4;5;3;3,11,41280;28710;48310,,,,,
e_e007504,central,2,1,0,0,0,1,20,여,7;7;7;1;2;7;5;7,42,11710;42130;11200,,,,,
e_e007509,central,2,2,0,0,0,3,30,여,7;4;4;1;4;4;4;7,11,50110;50130;41460,,,,,
e_e007512,central,2,10,0,0,0,1,20,남,3;2;2;4;6;3;6;7,41,11680;50110;45110,,,,,
e_e007515,central,2,6,0,0,0,1,20,남,2;1;1;4;2;2;4;4,41,11440;42210;50110,,,,,
e_e007518,central,2,22,0,0,0,1,20,남,7;1;1;1;7;7;7;7,30,11680;26350;50110,,,,,
e_e007527,central,2,11,0,0,0,0,30,남,6;7;2;1;7;4;1;5,28,11140;42210;26290,,,,,
e_e007533,central,2,1,0,0,0,2,60,여,5;5;4;6;3;6;5;4,41,41820;47840;41290,,,,,
e_e007534,central,2,1,0,0,0,1,30,여,5;5;2;1;4;4;3;5,45,42150;11170;50110,,,,,
e_e007538,central,2,1,0,0,0,0,20,여,4;1;1;5;7;6;5;6,43,11200;30230;42150,,,,,
e_e007540,central,2,2,0,0,0,3,40,남,4;4;6;3;4;5;3;2,11,11170;28110;41280,,,,,
e_e007546,central,2,6,0,0,0,4,60,여,1;1;2;1;1;2;1;3,41,42150;50130;41820,,,,,
e_e007548,central,2,1,0,0,0,1,40,여,4;4;2;2;4;4;4;7,42,42150;50130;43130,,,,,
e_e007552,central,2,1,0,0,0,0,40,여,2;2;2;4;6;2;2;6,11,50130;42190;26500,,,,,
e_e007557,central,2,1,0,0,0,2,40,남,2;5;6;1;1;5;7;2,11,41450;41830;11680,,,,,
e_e007562,central,2,2,0,0,0,1,20,여,2;1;1;6;1;7;7;7,41,50130;26500;42150,,,,,
e_e007567,central,2,23,0,0,0,0,50,여,6;2;1;1;7;4;1;6,41,50130;42150;26350,,,,,
e_e007572,central,2,3,0,0,0,0,30,여,1;1;1;4;7;1;1;6,11,50110;50130;42150,,,,,
e_e007573,central,2,1,0,0,0,1,30,여,2;2;2;3;6;6;3;7,41,26350;50110;41390,,,,,
e_e007574,central,2,21,0,0,0,1,60,남,4;4;4;4;5;3;4;4,11,42210;41480;50130,,,,,
e_e007575,central,2,28,0,0,0,1,30,남,2;1;4;4;6;3;5;3,11,41360;41450;42150,,,,,
e_e007581,central,2,2,0,0,0,1,30,여,2;1;2;2;2;1;5;4,41,50130;26200;48220,,,,,
e_e007583,central,2,1,0,0,0,1,20,남,6;2;4;2;3;6;5;5,41,48170;11680;26500,,,,,
e_e007584,central,2,1,0,0,0,0,30,여,3;3;1;3;3;1;4;2,41,43800;28710;42210,,,,,
e_e007585,central,2,22,0,0,0,0,30,여,4;5;1;1;4;3;4;4,42,28185;43150;42210,,,,,
e_e007586,central,2,2,0,0,0,2,60,여,4;4;4;4;4;4;4;5,41,41190;28237;43800,,,,,
e_e007590,central,2,1,0,0,0,0,30,여,1;2;1;7;4;1;7;1,11,47130;31710;41170,,,,,
e_e007591,central,2,22,0,0,0,2,30,여,1;2;1;4;5;2;4;6,28,42760;41630;50130,,,,,
e_e007593,central,2,1,0,0,0,0,20,여,4;2;2;4;3;5;7;4,30,26350;11440;46130,,,,,
e_e007597,central,2,3,0,0,0,2,30,여,4;7;7;4;1;7;1;7,41,42150;41590;11500,,,,,
e_e007598,central,2,6,0,0,0,1,20,여,1;2;2;4;6;5;7;5,42,42210;11710;50110,,,,,
e_e007603,central,2,22,0,0,0,2,30,남,4;4;4;4;4;4;5;4,28,50110;47110;11110,,,,,
e_e007606,central,2,1,0,0,0,2,40,여,4;4;4;4;4;4;4;7,11,42150;42210;42830,,,,,
e_e007607,central,2,22,0,0,0,1,20,여,7;5;1;5;5;2;7;5,27,11230;11680;50130,,,,,
e_e007610,central,2,1,0,0,0,1,20,여,7;1;1;1;5;6;1;7,44,50110;50130;26350,,,,,
e_e007615,central,2,12,0,0,0,3,30,남,2;2;1;1;1;2;2;4,11,42210;30230;48310,,,,,
e_e007621,central,2,6,0,0,0,0,60,여,4;4;4;4;4;4;4;4,44,42230;41310;30140,,,,,
e_e007625,central,2,1,0,0,0,3,30,여,3;3;4;4;5;4;1;7,11,50110;42150;26350,,,,,
e_e007631,central,2,2,0,0,0,1,20,남,6;2;3;2;6;3;5;7,11,50130;42150;26710,,,,,
e_e007634,central,2,26,0,0,0,1,20,여,1;7;4;5;7;2;5;7,41,45130;11680;42230,,,,,
e_e007637,central,2,11,0,0,0,3,30,남,2;1;4;2;4;4;4;6,11,50130;42150;46130,,,,,
e_e007643,central,2,1,0,0,0,1,20,여,2;4;2;4;5;5;6;6,41,42210;42150;42170,,,,,
e_e007647,central,2,1,0,0,0,1,20,남,4;3;4;4;5;3;4;4,11,42150;26350;45110,,,,,
e_e007653,central,2,1,0,0,0,0,20,여,7;1;1;1;4;2;6;4,41,50130;42150;26350,,,,,
e_e007656,central,2,12,0,0,0,1,30,여,3;3;2;4;2;3;5;2,11,50130;42150;48220,,,,,
e_e007660,central,2,1,0,0,0,0,20,여,4;4;4;4;5;5;5;5,11,42170;42820;26410,,,,,
e_e007673,central,2,22,0,0,0,0,40,여,1;1;1;4;1;1;1;1,11,42210;50110;41650,,,,,
e_e007674,central,2,6,0,0,0,2,40,여,3;4;2;2;4;3;3;5,41,42170;48220;41110,,,,,
e_e007677,central,2,2,0,0,0,2,30,여,1;5;2;3;2;5;2;7,41,42760;45110;11410,,,,,
e_e007678,central,2,1,0,0,0,3,40,여,3;5;3;4;3;5;5;4,11,41570;41450;47170,,,,,
e_e007679,central,2,1,0,0,0,1,20,여,4;2;2;1;7;5;7;7,41,50130;26350;50110,,,,,
e_e007682,central,2,1,0,0,0,1,30,남,1;1;1;7;7;1;7;1,11,41170;29155;41280,,,,,
e_e007684,central,2,26,0,0,0,1,30,남,3;2;4;3;2;5;5;4,11,11680;41460;42150,,,,,
e_e007689,central,2,1,0,0,0,0,20,여,1;1;5;2;3;3;3;5,11,50130;42150;50110,,,,,
e_e007690,central,2,2,0,0,0,3,30,남,3;5;3;6;6;2;6;6,41,11170;11110;41110,,,,,
e_e007693,central,2,22,0,0,0,1,60,남,2;6;3;4;2;6;6;5,28,42210;28710;42150,,,,,
e_e007704,central,2,1,0,0,0,0,20,여,4;2;2;5;4;5;3;6,11,42150;50130;26200,,,,,
e_e007705,central,2,1,0,0,0,1,30,여,2;2;2;4;4;2;2;6,11,50110;50130;42830,,,,,
e_e007708,central,2,1,0,0,0,0,30,여,2;2;2;5;6;5;5;7,41,42230;42150;43800,,,,,
e_e007743,central,2,22,0,0,0,3,20,여,3;2;1;4;5;5;2;6,41,11680;50110;42150,,,,,
e_e007745,central,2,2,0,0,0,1,20,여,1;1;1;1;1;7;2;7,11,42150;42210;50130,,,,,
e_e007746,central,2,1,0,0,0,1,20,여,4;2;2;4;5;5;6;7,42,30140;26380;11140,,,,,
e_e007748,central,2,2,0,0,0,1,30,남,2;1;3;5;5;4;2;6,41,42150;41280;43150,,,,,
e_e007749,central,2,21,0,0,0,1,30,여,2;1;3;4;2;6;6;6,41,42730;41650;46110,,,,,
e_e007752,central,2,2,0,0,0,2,40,여,2;2;2;2;6;2;2;6,41,11710;11215;50130,,,,,
e_e007753,central,2,2,0,0,0,0,40,여,1;1;4;4;4;4;4;7,11,11440;42820;26350,,,,,
e_e007756,central,2,21,0,0,0,1,60,남,2;2;1;2;6;3;2;4,11,42110;41570;41280,,,,,
e_e007757,central,2,1,0,0,0,0,20,여,3;2;4;1;1;1;4;7,41,42230;42150;26350,,,,,
e_e007758,central,2,4,0,0,0,3,40,여,2;3;2;4;5;3;6;5,11,42230;26350;50110,,,,,
e_e007759,central,2,2,0,0,0,1,40,남,2;3;2;2;2;3;2;6,11,42760;28110;41820,,,,,
e_e007760,central,2,1,0,0,0,0,20,여,3;5;6;6;5;5;5;5,41,42210;11560;50130,,,,,
e_e007761,central,2,2,0,0,0,1,30,남,1;1;1;1;1;1;2;6,11,50130;50110;26710,,,,,
e_e007764,central,2,22,0,0,0,3,60,남,1;1;7;4;4;4;5;2,43,44180;50110;42150,,,,,
e_e007765,central,2,21,0,0,0,1,60,여,4;4;4;4;4;4;4;4,11,42210;44825;41390,,,,,
e_e007766,central,2,22,0,0,0,3,40,남,4;4;4;4;7;4;6;1,11,41570;41480;41280,,,,,
e_e007767,central,2,12,0,0,0,1,30,여,3;2;3;2;4;6;5;5,41,42830;42110;28710,,,,,
e_e007768,central,2,5,0,0,0,2,50,남,1;1;7;4;6;4;4;4,28,42130;42720;41170,,,,,
e_e007770,central,2,1,0,0,0,0,20,여,3;4;3;2;6;5;2;1,41,42210;11110;47250,,,,,
e_e007772,central,2,24,0,0,0,3,60,여,1;6;2;2;2;2;6;1,11,42150;43730;47750,,,,,
e_e007773,central,2,21,0,0,0,3,40,여,4;3;3;3;2;3;6;5,41,41270;11680;42150,,,,,
e_e007775,central,2,4,0,0,0,0,30,여,2;2;2;4;4;3;6;5,45,42150;46110;50130,,,,,
e_e007778,central,2,2,0,0,0,1,30,남,6;5;3;5;5;5;3;2,41,26350;48840;46130,,,,,
e_e007779,central,2,1,0,0,0,0,20,여,1;1;1;4;4;4;6;6,41,42150;48310;47720,,,,,
e_e007781,central,2,2,0,0,0,2,30,여,6;4;2;2;6;3;2;5,41,28185;28110;41110,,,,,
e_e007783,central,2,2,0,0,0,1,30,남,6;1;2;1;4;5;5;7,11,42150;41210;46800,,,,,
e_e007788,central,2,10,0,0,0,2,40,남,4;4;1;1;6;4;3;3,11,42820;50130;48840,,,,,
e_e007789,central,2,2,0,0,0,3,30,여,1;3;5;1;1;3;4;3,28,42210;28110;42830,,,,,
e_e007791,central,2,24,0,0,0,1,30,여,1;1;4;3;1;3;1;2,41,41650;42750;28720,,,,,
e_e007792,central,2,3,0,0,0,1,60,여,3;3;3;2;3;3;3;4,11,42210;41830;44180,,,,,
e_e007793,central,2,2,0,0,0,1,20,남,1;2;2;4;4;1;1;7,11,41270;41390;28110,,,,,
e_e007794,central,2,22,0,0,0,3,40,여,1;7;1;7;7;4;1;7,11,41280;11350;42760,,,,,
e_e007796,central,2,11,0,0,0,3,40,여,2;2;2;2;2;6;2;6,11,41650;42210;28710,,,,,
e_e007797,central,2,2,0,0,0,0,30,남,2;1;2;2;1;1;4;6,41,26290;50110;50130,,,,,
e_e007800,central,2,2,0,0,0,2,30,남,4;4;3;4;4;3;2;5,28,41290;41110;42110,,,,,
e_e007802,central,2,2,0,0,0,0,30,여,6;2;1;4;4;5;6;7,11,42820;28185;50130,,,,,
e_e007803,central,2,21,0,0,0,0,40,여,1;2;2;3;6;4;5;6,41,11320;41290;42210,,,,,
e_e007804,central,2,2,0,0,0,2,30,여,4;2;2;2;2;4;5;6,41,41820;41590;41110,,,,,
e_e007806,central,2,2,0,0,0,1,30,여,1;5;4;5;5;5;1;5,11,42230;41800;50110,,,,,
e_e007807,central,2,22,0,0,0,1,40,여,3;3;3;3;5;2;2;6,41,50130;42210;26350,,,,,
e_e007809,central,2,11,0,0,0,1,40,남,1;6;1;4;7;7;1;3,41,42150;41820;11140,,,,,
e_e007812,central,2,21,0,0,0,3,60,여,3;3;5;4;4;4;5;5,41,41190;28200;44270,,,,,
e_e007815,central,2,2,0,0,0,1,30,남,1;1;1;1;7;7;1;1,41,41130;11680;46130,,,,,
e_e007816,central,2,11,0,0,0,0,30,남,4;1;6;2;2;4;1;3,11,41570;26350;42210,,,,,
e_e007817,central,2,2,0,0,0,2,50,남,3;3;2;5;2;6;5;3,41,28185;41390;42150,,,,,
e_e007818,central,2,4,0,0,0,3,30,남,6;5;4;2;2;6;2;6,41,41820;42110;41430,,,,,
e_e007819,central,2,4,0,0,0,0,30,남,7;7;7;7;1;7;1;7,41,41150;11680;41830,,,,,
e_e007821,central,2,21,0,0,0,4,40,여,2;3;4;3;4;3;3;5,11,42150;44825;28710,,,,,
e_e007822,central,2,11,0,0,0,3,30,남,3;6;3;5;5;5;5;3,41,41460;41130;41820,,,,,
e_e007825,central,2,2,0,0,0,1,30,남,4;4;2;2;4;3;2;6,41,42150;28710;50110,,,,,
e_e007826,central,2,2,0,0,0,2,40,여,4;2;2;2;2;3;1;2,41,41800;41820;41650,,,,,
e_e007829,central,2,1,0,0,0,0,30,여,2;1;4;6;6;5;2;5,11,50110;48220;27110,,,,,
e_e007831,central,2,4,0,0,0,2,30,남,2;4;2;1;3;5;4;6,41,42170;42130;41460,,,,,
e_e007832,central,2,2,0,0,0,3,30,남,1;7;2;6;6;5;2;6,28,41290;11560;28185,,,,,
e_e007833,central,2,11,0,0,0,5,30,남,3;4;4;5;6;4;4;4,11,42770;42750;41280,,,,,
e_e007834,central,2,3,0,0,0,1,40,남,1;3;4;5;4;4;1;4,11,42830;41820;44825,,,,,
e_e007835,central,2,21,0,0,0,0,30,여,1;2;1;4;4;3;1;5,11,42210;46130;47130,,,,,
e_e007836,central,2,4,0,0,0,2,40,여,2;2;2;4;2;2;6;5,43,42750;43150;45730,,,,,
e_e007837,central,2,11,0,0,0,3,40,남,2;3;3;5;5;4;2;6,41,41820;42750;42760,,,,,
e_e007838,central,2,1,0,0,0,0,30,여,7;6;7;7;7;6;2;6,30,11170;11440;11110,,,,,
e_e007839,central,2,4,0,0,0,0,20,남,5;2;5;2;5;2;7;6,27,50110;11680;47110,,,,,
e_e007845,central,2,1,0,0,0,0,60,여,1;4;1;1;1;4;3;7,41,42150;46810;41820,,,,,
e_e007847,central,2,2,0,0,0,2,40,남,5;3;1;3;6;7;1;6,41,42780;41800;41650,,,,,
e_e007848,central,2,12,0,0,0,1,30,남,5;4;5;3;4;5;4;5,11,41280;28260;11110,,,,,
e_e007850,central,2,2,0,0,0,1,30,여,2;2;2;4;4;3;3;7,11,44810;44270;42230,,,,,
e_e007851,central,2,12,0,0,0,1,30,남,1;1;6;2;1;6;6;7,11,41310;41360;41830,,,,,
e_e007852,central,2,2,0,0,0,0,40,여,3;2;3;3;4;3;3;6,45,42150;45110;26350,,,,,
e_e007853,central,2,6,0,0,0,3,40,남,4;1;3;3;4;4;4;6,41,42190;45210;11110,,,,,
e_e007856,central,2,9,0,0,0,1,30,남,2;3;1;3;5;2;2;6,41,26350;42210;41480,,,,,
e_e007858,central,2,24,0,0,0,2,40,남,7;4;3;2;6;5;3;6,11,41670;41550;41480,,,,,
e_e007860,central,2,21,0,0,0,1,60,여,1;1;1;1;1;1;1;1,41,42750;41830;28710,,,,,
e_e007861,central,2,11,0,0,0,3,30,여,2;4;5;5;4;5;2;2,11,42730;41220;44270,,,,,
e_e007862,central,2,2,0,0,0,1,40,여,4;3;3;3;4;4;6;6,41,42150;46130;47110,,,,,
e_e007863,central,2,1,0,0,0,0,40,여,4;4;3;3;3;5;3;5,11,42210;26500;50130,,,,,
e_e007866,central,2,1,0,0,0,0,30,남,1;1;7;1;4;4;1;7,28,41570;42760;11500,,,,,
e_e007867,central,2,21,0,0,0,1,60,남,2;2;3;2;2;3;2;4,41,50130;42210;41820,,,,,
e_e007868,central,2,1,0,0,0,0,30,여,2;1;4;4;4;4;4;5,11,50130;41290;41270,,,,,
e_e007869,central,2,2,0,0,0,1,40,여,3;3;3;2;3;4;2;7,11,42210;41290;28710,,,,,
e_e007870,central,2,22,0,0,0,4,60,남,3;5;2;1;6;7;2;7,11,28710;42210;44825,,,,,
e_e007871,central,2,3,0,0,0,2,40,여,3;2;2;1;3;4;1;6,41,47130;28710;42110,,,,,
e_e007872,central,2,11,0,0,0,1,40,남,4;4;2;5;6;3;6;6,41,11110;11710;41110,,,,,
e_e007875,central,2,4,0,0,0,1,60,남,4;2;1;4;6;4;6;6,41,41830;42730;42210,,,,,
e_e007876,central,2,21,0,0,0,3,60,여,6;6;1;2;5;6;2;3,28,41570;11110;28710,,,,,
e_e007878,central,2,2,0,0,0,3,30,남,5;6;3;5;4;6;4;5,41,41460;42820;41110,,,,,
e_e007879,central,2,4,0,0,0,2,40,여,4;2;2;3;5;5;4;5,41,50110;42210;26350,,,,,
e_e007882,central,2,5,0,0,0,1,30,남,5;4;5;5;4;6;6;6,11,26260;42150;11680,,,,,
e_e007883,central,2,2,0,0,0,1,20,남,4;4;1;4;4;1;3;4,11,41280;28710;26320,,,,,
e_e007885,central,2,2,0,0,0,2,50,여,6;6;6;2;2;6;2;6,11,42170;41820;41280,,,,,
e_e007886,central,2,25,0,0,0,0,40,여,2;4;5;2;3;4;5;5,41,42210;50130;41830,,,,,
e_e007890,central,2,22,0,0,0,3,40,남,3;2;1;4;2;2;5;4,41,26350;42150;50130,,,,,
e_e007895,central,2,22,0,0,0,1,20,남,6;2;2;5;5;6;5;7,11,28185;42820;48850,,,,,
e_e007914,central,2,11,0,0,0,1,20,여,4;5;3;4;6;3;6;7,11,50130;42210;42110,,,,,
e_e007925,central,2,13,0,0,0,0,30,남,3;1;1;1;1;1;2;7,41,42210;26350;46130,,,,,
e_e007937,central,2,2,0,0,0,0,20,여,4;5;3;4;3;5;3;6,41,42210;47130;41460,,,,,
e_e007971,central,2,5,0,0,0,1,20,여,2;6;2;5;7;1;7;7,11,26350;42230;48240,,,,,
e_e007976,central,2,1,0,0,0,1,40,남,2;4;1;3;3;5;6;3,11,42170;41480;50130,,,,,
e_e007977,central,2,21,0,0,0,0,30,여,5;5;3;3;3;3;3;4,28,42150;26350;50110,,,,,
e_e007979,central,2,1,0,0,0,1,30,여,5;7;1;1;5;3;5;7,43,42230;46130;41110,,,,,
e_e007981,central,2,1,0,0,0,3,40,여,2;1;4;4;1;4;7;4,41,42150;41460;46130,,,,,
e_e007995,central,2,4,0,0,0,0,30,남,2;4;2;2;2;4;3;5,11,26350;50110;45140,,,,,
e_e008006,central,2,22,0,0,0,0,20,여,1;1;3;7;7;4;7;7,11,42170;26440;29140,,,,,
e_e008007,central,2,12,0,0,0,1,20,여,2;2;1;3;2;1;6;7,11,44825;41590;41110,,,,,
e_e008027,central,2,1,0,0,0,2,30,여,5;2;4;3;4;4;3;3,11,42150;42720;44130,,,,,
e_e008030,central,2,1,0,0,0,1,20,남,3;6;2;6;4;2;2;7,41,42170;50130;11170,,,,,
e_e008053,central,2,1,0,0,0,1,20,여,2;4;1;4;3;2;7;3,41,50110;42150;26350,,,,,
e_e008056,central,2,1,0,0,0,0,30,남,5;6;4;2;2;4;3;6,41,26350;41820;41360,,,,,
e_e008057,central,2,1,0,0,0,1,20,여,4;5;1;1;1;4;7;1,41,42150;42820;30140,,,,,
e_e008069,central,2,5,0,0,0,2,20,남,3;2;2;3;6;2;6;3,41,42830;47130;50130,,,,,
e_e008076,central,2,1,0,0,0,1,20,여,3;1;4;3;5;6;6;6,11,41820;28185;41450,,,,,
e_e008079,central,2,2,0,0,0,1,40,남,1;1;1;2;2;7;2;7,41,42150;42830;11680,,,,,
e_e008089,central,2,3,0,0,0,1,40,남,4;5;2;3;3;2;2;3,11,42830;50130;41360,,,,,
e_e008098,central,2,1,0,0,0,1,20,남,3;3;3;4;2;2;3;4,41,42830;42170;42150,,,,,
e_e008113,central,2,1,0,0,0,1,40,남,1;4;4;5;2;2;2;4,41,42820;47130;41480,,,,,
e_e008119,central,2,1,0,0,0,1,20,여,1;7;1;4;4;4;7;7,11,50110;50130;42150,,,,,
e_e008124,central,2,1,0,0,0,1,20,남,3;5;5;4;6;2;5;2,11,41110;50110;50130,,,,,
e_e008129,central,2,10,0,0,0,4,40,여,2;1;1;1;6;2;1;2,28,28710;50110;26350,,,,,
e_e008133,central,2,1,0,0,0,1,40,여,4;2;5;1;4;3;6;4,28,26710;42210;42230,,,,,
e_e008165,central,2,1,0,0,0,1,20,남,3;5;3;3;5;5;5;6,30,50130;26350;11650,,,,,
e_e008170,central,2,1,0,0,0,1,30,남,6;2;5;1;1;3;2;2,43,50110;11680;44130,,,,,
e_e008174,central,2,22,0,0,0,0,40,남,5;3;3;5;5;3;3;5,11,42150;43150;26350,,,,,
e_e008178,central,2,1,0,0,0,0,30,여,2;2;5;3;2;3;7;4,11,50130;27290;26350,,,,,
e_e008181,central,2,1,0,0,0,1,20,남,4;3;4;2;4;4;6;5,41,11710;11560;41110,,,,,
e_e008195,central,2,2,0,0,0,1,30,여,1;4;1;2;7;3;6;5,11,42110;50130;26500,,,,,
e_e008201,central,2,1,0,0,0,1,20,여,4;2;3;4;4;4;2;7,41,11440;42150;30200,,,,,
e_e008211,central,2,22,0,0,0,2,30,여,4;1;4;5;4;4;3;4,41,42150;26350;11440,,,,,
e_e008214,central,2,2,0,0,0,1,20,여,3;3;2;4;5;2;6;7,11,42150;42830;41450,,,,,
e_e008218,central,2,1,0,0,0,0,30,여,1;1;1;4;4;4;1;7,28,42150;42830;50130,,,,,
e_e008231,central,2,1,0,0,0,1,20,여,5;5;4;2;5;2;1;5,41,50110;11560;28185,,,,,
e_e008243,central,2,1,0,0,0,1,20,여,4;6;2;3;4;6;6;4,41,11230;42110;41310,,,,,
e_e008245,central,2,1,0,0,0,1,20,남,3;1;1;1;6;6;2;2,41,42150;50110;11440,,,,,
e_e008247,central,2,22,0,0,0,1,20,남,4;2;1;2;1;5;6;5,41,50130;42150;11680,,,,,
e_e008250,central,2,21,0,0,0,0,40,남,7;1;1;1;1;1;5;6,41,42150;26350;46130,,,,,
e_e008258,central,2,1,0,0,0,2,40,여,1;1;1;1;1;1;1;7,41,42210;26350;11440,,,,,
e_e008283,central,2,1,0,0,0,1,40,남,3;2;4;3;3;3;4;3,11,48220;42210;46130,,,,,
e_e008286,central,2,22,0,0,0,4,30,여,5;4;2;2;5;3;2;4,41,42190;26350;42210,,,,,
e_e008290,central,2,6,0,0,0,0,50,남,2;2;2;4;2;2;3;7,41,50130;42820;45110,,,,,
e_e008291,central,2,10,0,0,0,1,30,여,3;4;3;4;5;3;6;6,11,42210;50130;46730,,,,,
e_e008292,central,2,5,0,0,0,2,40,남,2;2;2;2;2;3;2;3,41,42150;41820;28110,,,,,
e_e008293,central,2,2,0,0,0,1,30,여,2;5;3;4;6;4;2;5,11,42830;42230;41430,,,,,
e_e008294,central,2,2,0,0,0,1,20,여,5;1;1;7;7;7;1;7,28,26170;30170;50130,,,,,
e_e008295,central,2,1,0,0,0,0,30,여,2;2;2;2;2;2;2;1,41,50110;50130;42230,,,,,
e_e008296,central,2,6,0,0,0,1,20,여,1;2;1;6;6;5;5;6,41,41460;41650;46130,,,,,
e_e008297,central,2,1,0,0,0,0,30,여,3;3;2;3;4;5;3;5,41,41110;41460;11110,,,,,
e_e008298,central,2,1,0,0,0,0,40,여,4;4;4;4;4;4;4;4,41,41290;26710;11680,,,,,
e_e008299,central,2,11,0,0,0,3,40,여,2;1;1;3;6;2;1;2,11,47130;43130;45130,,,,,
e_e008300,central,2,2,0,0,0,1,30,남,3;2;4;2;4;4;6;2,41,48840;50110;42830,,,,,
e_e008301,central,2,21,0,0,0,3,30,남,2;4;2;1;4;7;3;1,28,27170;47110;41480,,,,,
e_e008302,central,2,4,0,0,0,0,30,여,4;3;4;2;3;4;4;5,11,42150;50110;41820,,,,,
e_e008303,central,2,6,0,0,0,1,40,남,5;3;2;2;4;3;2;5,41,41590;11680;42750,,,,,
e_e008304,central,2,4,0,0,0,2,30,여,4;6;2;1;6;6;2;2,41,44210;42760;41460,,,,,
e_e008305,central,2,1,0,0,0,0,50,남,6;2;2;3;5;5;3;3,11,26110;48120;11500,,,,,
e_e008307,central,2,3,0,0,0,7,50,여,1;1;3;3;2;3;2;3,41,42150;50130;42210,,,,,
e_e008309,central,2,3,0,0,0,3,60,남,1;1;2;2;1;4;3;4,11,50130;42230;44180,,,,,
e_e008310,central,2,12,0,0,0,0,30,남,2;2;1;6;4;2;2;6,11,42150;48330;45110,,,,,
e_e008311,central,2,2,0,0,0,3,40,여,2;1;2;4;4;5;2;6,11,41460;42170;44825,,,,,
e_e008312,central,2,21,0,0,0,2,30,여,2;2;1;3;6;2;2;6,11,42830;42130;41830,,,,,
e_e008313,central,2,21,0,0,0,1,60,남,1;2;2;6;1;6;7;6,41,42820;42830;28720,,,,,
e_e008319,central,2,11,0,0,0,3,30,여,7;1;4;1;4;7;1;4,11,41280;42760;11170,,,,,
e_e008320,central,2,6,0,0,0,0,30,여,4;2;1;3;2;6;2;3,11,50130;50110;42230,,,,,
e_e008321,central,2,27,0,0,0,3,30,여,2;3;1;2;2;1;3;6,41,41820;41460;43150,,,,,
e_e008322,central,2,11,0,0,0,3,30,남,2;6;2;3;2;6;1;6,41,41130;11680;46130,,,,,
e_e008323,central,2,2,0,0,0,3,40,여,3;1;1;3;3;3;3;7,11,30170;42720;41650,,,,,
e_e008324,central,2,2,0,0,0,1,20,여,2;2;4;2;2;4;3;4,41,41110;28185;42150,,,,,
e_e008326,central,2,21,0,0,0,1,40,여,4;7;7;2;5;6;6;7,41,41820;50130;42830,,,,,
e_e008328,central,2,2,0,0,0,3,30,남,3;3;4;2;4;3;4;3,11,41280;42760;41480,,,,,
e_e008329,central,2,22,0,0,0,1,40,남,6;4;6;4;5;5;4;4,41,42210;48220;47770,,,,,
e_e008330,central,2,22,0,0,0,1,60,여,2;2;2;2;3;5;3;4,30,50110;50130;42150,,,,,
e_e008332,central,2,2,0,0,0,4,30,여,2;2;1;3;7;1;6;7,43,41460;47930;47770,,,,,
e_e008333,central,2,11,0,0,0,3,30,여,1;6;1;6;7;5;6;2,11,11110;42150;50130,,,,,
e_e008334,central,2,3,0,0,0,0,40,여,2;4;4;3;2;4;6;7,41,26350;42150;11680,,,,,
e_e008338,central,2,24,0,0,0,4,50,여,2;2;2;2;4;4;3;5,11,42210;47280;43760,,,,,
e_e008341,central,2,2,0,0,0,1,20,여,3;3;3;4;5;5;5;6,41,50130;42150;26350,,,,,
e_e008342,central,2,2,0,0,0,1,20,여,3;2;1;5;6;5;2;6,41,26500;42150;11170,,,,,
e_e008344,central,2,2,0,0,0,2,50,여,2;4;1;1;3;4;2;6,11,42830;42230;50130,,,,,
e_e008346,central,2,2,0,0,0,1,20,남,3;5;3;4;3;3;3;6,28,11305;48880;42830,,,,,
e_e008347,central,2,2,0,0,0,1,40,여,2;4;1;2;4;5;3;5,41,50130;42150;11110,,,,,
e_e008348,central,2,21,0,0,0,2,40,남,4;1;1;1;7;7;4;7,41,11710;41480;29170,,,,,
e_e008354,central,2,2,0,0,0,0,30,여,1;1;1;3;1;1;2;7,41,50130;42830;26200,,,,,
e_e008355,central,2,22,0,0,0,1,20,여,6;2;2;1;3;4;6;5,11,50130;26350;41820,,,,,
e_e008364,central,2,1,0,0,0,0,30,남,4;4;4;4;4;4;5;5,41,42150;41610;41450,,,,,
e_e008369,central,2,1,0,0,0,1,20,여,4;2;1;2;6;2;4;7,11,42210;41480;50130,,,,,
e_e008390,central,2,1,0,0,0,1,20,남,5;2;2;5;2;6;6;7,11,42150;41110;44710,,,,,
e_e008404,central,2,6,0,0,0,1,20,남,7;1;1;1;1;3;1;7,41,11710;26350;50130,,,,,
e_e008407,central,2,1,0,0,0,3,30,여,1;2;4;5;2;6;1;7,44,50130;47130;46150,,,,,
e_e008414,central,2,1,0,0,0,2,30,여,4;1;4;3;2;6;1;6,44,26350;50110;11680,,,,,
e_e008478,central,2,1,0,0,0,1,20,여,2;2;2;2;4;4;6;3,11,46790;11110;50110,,,,,
e_e008483,central,2,2,0,0,0,1,20,여,4;4;3;4;4;4;4;4,41,41170;50110;11170,,,,,
e_e008489,central,2,2,0,0,0,0,30,여,6;5;4;3;3;4;6;5,11,11680;42150;41500,,,,,
e_e008506,central,2,1,0,0,0,1,30,남,4;6;4;2;2;6;2;1,28,11680;46130;28185,,,,,
e_e008508,central,2,22,0,0,0,1,20,남,7;7;1;1;7;1;1;7,41,26350;11410;46170,,,,,
e_e008510,central,2,6,0,0,0,1,30,남,2;1;1;1;7;1;1;4,41,42170;26710;50110,,,,,
e_e008514,central,2,1,0,0,0,0,20,남,5;2;2;4;4;3;2;6,11,50130;45110;42150,,,,,
e_e008520,central,2,1,0,0,0,1,60,남,7;7;4;7;7;4;1;7,41,44200;41210;28185,,,,,
e_e008528,central,2,22,0,0,0,1,20,남,2;2;1;2;4;2;6;6,28,50110;26350;46130,,,,,
e_e008530,central,2,12,0,0,0,1,20,여,2;1;1;2;1;6;7;6,11,42150;50110;26350,,,,,
e_e008534,central,2,2,0,0,0,0,50,여,3;7;3;4;4;7;6;4,41,26350;46130;28710,,,,,
e_e008545,central,2,1,0,0,0,0,20,여,6;1;1;1;6;5;7;5,41,48840;26350;42210,,,,,
e_e008547,central,2,21,0,0,0,0,30,여,4;2;2;2;4;4;6;6,41,48170;42150;11140,,,,,
e_e008560,central,2,1,0,0,0,1,30,여,5;6;4;3;6;3;7;5,41,11710;41110;43110,,,,,
e_e008562,central,2,4,0,0,0,1,30,남,2;1;1;7;6;1;7;1,41,42210;28710;11230,,,,,
e_e008565,central,2,21,0,0,0,1,20,여,1;1;6;1;4;3;3;7,28,42210;42150;41820,,,,,
e_e008577,central,2,2,0,0,0,1,20,여,5;2;3;3;4;5;3;3,36,46130;42210;26350,,,,,
e_e008583,central,2,22,0,0,0,3,40,남,3;4;1;2;6;4;5;5,11,41800;41460;42210,,,,,
e_e008606,central,2,1,0,0,0,1,20,여,4;2;1;1;3;4;1;7,41,42150;41480;11440,,,,,
e_e008648,central,2,1,0,0,0,1,30,여,3;4;3;2;2;3;6;4,41,41280;41130;44130,,,,,
e_e008650,central,2,1,0,0,0,1,20,남,3;4;4;4;6;3;6;6,41,50130;50110;11680,,,,,
e_e008656,central,2,1,0,0,0,0,20,여,6;4;5;3;3;5;5;5,41,11710;26110;41110,,,,,
e_e008658,central,2,1,0,0,0,0,40,여,2;4;3;3;2;4;2;3,11,11110;29140;26710,,,,,
e_e008664,central,2,1,0,0,0,0,20,여,2;2;1;3;5;5;5;6,11,41460;27200;30230,,,,,
e_e008666,central,2,1,0,0,0,0,40,남,1;1;6;2;6;6;6;5,27,26350;11680;47770,,,,,
e_e008672,central,2,21,0,0,0,1,20,여,3;7;4;3;5;5;6;6,41,41820;41310;11215,,,,,
e_e008677,central,2,22,0,0,0,1,20,남,1;1;4;7;1;1;7;7,11,42210;42830;46130,,,,,
e_e008686,central,2,22,0,0,0,1,20,여,2;2;2;6;4;2;6;6,11,26500;42150;50130,,,,,
e_e008695,central,2,2,0,0,0,1,30,남,4;6;2;4;6;2;6;6,42,26350;46130;42150,,,,,
e_e008711,central,2,1,0,0,0,0,20,여,4;3;2;6;3;5;4;6,41,50130;26350;42760,,,,,
e_e008722,central,2,1,0,0,0,1,20,남,2;2;2;2;2;1;1;7,41,50130;50110;42210,,,,,
e_e008723,central,2,21,0,0,0,3,20,여,1;3;4;2;1;1;2;7,11,41820;41360;42720,,,,,
e_e008735,central,2,1,0,0,0,2,30,남,4;1;1;4;4;6;1;5,41,11170;11440;26500,,,,,
e_e008736,central,2,22,0,0,0,1,20,남,4;4;2;2;4;5;3;5,41,42150;26350;28710,,,,,
e_e008740,central,2,10,0,0,0,1,20,여,2;4;1;4;4;4;5;6,41,41650;41480;41630,,,,,
e_e008746,central,2,1,0,0,0,1,20,여,4;2;1;4;1;2;7;7,41,50110;42830;11680,,,,,
e_e008771,central,2,1,0,0,0,0,20,남,3;2;2;6;2;2;6;2,28,42150;50110;47130,,,,,
e_e008785,central,2,1,0,0,0,0,20,여,2;1;2;1;2;6;7;2,41,42150;28110;11560,,,,,
e_e008790,central,2,1,0,0,0,1,20,여,4;4;2;2;4;3;6;4,41,11200;42150;26500,,,,,
e_e008798,central,2,1,0,0,0,1,20,남,1;6;3;3;6;3;3;3,41,50130;42110;11110,,,,,
e_e008803,central,2,21,0,0,0,1,20,여,2;2;2;2;6;6;2;6,41,28185;46150;50110,,,,,
e_e008809,central,2,26,0,0,0,1,20,여,1;4;1;1;4;4;1;7,41,28140;42150;41390,,,,,
e_e008810,central,2,12,0,0,0,1,20,여,4;2;4;2;4;4;7;7,41,50130;42150;26350,,,,,
e_e008881,central,2,1,0,0,0,3,30,남,4;1;1;1;6;7;2;7,41,50130;41460;42730,,,,,
e_e008897,central,2,24,0,0,0,0,30,여,1;1;1;1;1;1;1;6,11,42830;42150;46130,,,,,
e_e008908,central,2,22,0,0,0,2,20,여,2;4;2;4;6;4;6;6,41,50130;46150;26110,,,,,
e_e008911,central,2,1,0,0,0,1,20,여,4;6;2;6;2;6;1;7,41,11680;50130;26350,,,,,
e_e008918,central,2,1,0,0,0,0,20,여,4;3;3;5;2;2;7;3,41,41820;42150;28237,,,,,
e_e008954,central,2,22,0,0,0,0,20,여,1;3;2;4;3;2;3;5,41,28710;42750;26200,,,,,
e_e008957,central,2,1,0,0,0,1,20,남,2;7;1;4;6;4;2;7,28,41280;41210;11560,,,,,
e_e008970,central,2,2,0,0,0,1,20,남,1;4;1;1;1;1;3;7,11,50130;46130;42170,,,,,
e_e008982,central,2,10,0,0,0,3,20,여,2;4;1;2;6;3;4;1,11,50110;42230;47130,,,,,
e_e008999,central,2,21,0,0,0,0,20,여,3;2;2;5;4;3;6;4,41,42150;50130;31140,,,,,
e_e009006,central,2,1,0,0,0,1,20,여,6;4;5;3;5;6;1;5,11,42150;41460;26350,,,,,
e_e009043,central,2,1,0,0,0,1,20,남,2;2;2;1;4;5;2;5,30,26500;50110;26170,,,,,
e_e009055,central,2,1,0,0,0,0,20,여,4;4;3;3;3;4;6;4,11,26290;11170;11590,,,,,
e_e009056,central,2,2,0,0,0,1,20,남,4;1;2;1;5;2;7;7,28,50130;11440;11710,,,,,
e_e009078,central,2,1,0,0,0,0,20,남,6;6;6;6;6;6;6;6,41,11230;41270;41110,,,,,
e_e009081,central,2,4,0,0,0,1,20,여,7;1;3;4;6;7;7;5,43,50130;50110;11440,,,,,
e_e009102,central,2,1,0,0,0,1,20,여,1;4;3;4;5;4;5;4,11,42150;26350;28710,,,,,
e_e009106,central,2,1,0,0,0,0,40,남,2;1;1;2;6;2;1;6,28,42210;28720;41820,,,,,
e_e009112,central,2,1,0,0,0,1,20,여,2;6;1;2;2;2;6;7,41,11710;11680;41820,,,,,
e_e009122,central,2,12,0,0,0,2,40,여,2;5;5;5;3;6;6;6,11,42820;42130;41450,,,,,
e_e009147,central,2,1,0,0,0,1,20,여,3;2;1;4;6;3;2;5,41,50110;48240;11140,,,,,
e_e009156,central,2,1,0,0,0,1,30,여,6;4;6;1;6;2;2;5,11,41480;41570;28245,,,,,
e_e009168,central,2,10,0,0,0,3,30,남,5;3;2;4;4;5;2;3,41,41110;11680;44130,,,,,
e_e009180,central,2,1,0,0,0,1,20,남,5;5;3;5;5;5;5;5,11,11440;42150;27710,,,,,
e_e009181,central,2,22,0,0,0,1,20,여,7;3;1;2;5;6;3;4,11,28710;47170;41480,,,,,
e_e009186,central,2,1,0,0,0,1,30,여,4;4;3;4;5;6;5;3,41,46110;28200;50130,,,,,
e_e009194,central,2,4,0,0,0,1,30,남,4;1;4;3;3;6;2;4,11,41480;11530;28110,,,,,
e_e009224,central,2,21,0,0,0,0,30,여,7;6;5;2;3;1;2;3,41,50130;26350;46730,,,,,
e_e009260,central,2,11,0,0,0,1,20,여,1;3;6;2;5;2;7;2,41,42150;47940;47930,,,,,
e_e009279,central,2,1,0,0,0,0,20,여,2;5;6;1;3;4;2;5,11,42820;42830;41480,,,,,
e_e009305,central,2,1,0,0,0,1,20,여,3;3;3;6;3;2;6;5,41,41110;30200;42830,,,,,
e_e009339,central,2,13,0,0,0,1,60,남,2;5;2;5;5;3;3;5,41,11140;41390;42210,,,,,
e_e009343,central,2,1,0,0,0,1,20,여,4;7;1;1;5;1;7;7,41,42150;50110;11170,,,,,
e_e009361,central,2,1,0,0,0,0,30,여,4;4;4;2;4;4;4;6,41,50130;26350;48220,,,,,
e_e009366,central,2,2,0,0,0,1,30,여,3;2;4;3;3;3;2;3,44,42150;42210;44130,,,,,
e_e009374,central,2,6,0,0,0,0,20,여,7;3;4;4;5;3;5;3,41,42150;26350;28110,,,,,
e_e009380,central,2,1,0,0,0,1,20,여,1;7;1;7;7;1;1;7,11,11170;42150;41480,,,,,
e_e009382,central,2,3,0,0,0,5,40,남,6;4;1;3;5;6;2;5,44,42210;26350;30200,,,,,
e_e009397,central,2,21,0,0,0,0,30,여,3;6;2;2;5;1;6;6,11,50130;11170;41480,,,,,
e_e009412,central,2,1,0,0,0,1,20,여,5;5;5;3;3;5;5;5,28,11440;42150;27230,,,,,
e_e009419,central,2,3,0,0,0,1,30,남,3;6;2;5;7;2;2;6,11,44210;43150;45800,,,,,
e_e009457,central,2,26,0,0,0,0,20,여,3;2;1;2;2;3;6;7,41,41110;26350;42150,,,,,
e_e009465,central,2,6,0,0,0,3,30,여,4;4;1;3;5;5;2;3,41,41460;42150;42230,,,,,
e_e009496,central,2,1,0,0,0,0,30,여,7;1;1;1;4;7;7;4,41,11440;41280;46150,,,,,
e_e009504,central,2,1,0,0,0,1,20,남,7;1;7;5;7;3;1;7,41,42150;26350;28177,,,,,
e_e009505,central,2,10,0,0,0,1,30,남,1;1;1;6;1;1;7;2,41,42210;48220;31710,,,,,
e_e009513,central,2,1,0,0,0,3,40,여,4;4;7;4;3;5;7;7,41,41460;41220;41550,,,,,
e_e009517,central,2,1,0,0,0,0,30,여,1;1;1;3;2;2;4;2,41,42150;50110;26350,,,,,
e_e009536,central,2,1,0,0,0,2,40,남,1;5;6;3;2;7;2;2,41,42150;11410;26350,,,,,
e_e009539,central,2,2,0,0,0,2,30,남,3;6;4;3;4;4;5;7,41,41480;41280;11140,,,,,
e_e009550,central,2,2,0,0,0,3,30,여,4;2;1;1;4;2;3;6,11,50130;26350;27290,,,,,
e_e009556,central,2,1,0,0,0,1,30,남,3;2;2;5;3;5;2;6,11,11590;41110;30140,,,,,
e_e009566,central,2,1,0,0,0,1,20,여,2;7;4;3;2;2;3;5,41,50130;41360;41460,,,,,
e_e009567,central,2,1,0,0,0,0,20,여,3;5;4;1;2;3;3;6,41,42150;46130;26350,,,,,
e_e009572,central,2,1,0,0,0,1,20,여,6;2;2;2;2;6;6;6,41,50130;42210;11110,,,,,
e_e009575,central,2,1,0,0,0,1,20,남,6;2;4;5;4;4;4;6,41,26350;50130;11440,,,,,
e_e009590,central,2,1,0,0,0,1,40,남,4;1;1;4;4;4;1;6,41,46130;42150;50110,,,,,
e_e009592,central,2,1,0,0,0,1,20,여,2;3;2;3;4;2;2;5,11,41360;42110;41820,,,,,
e_e009593,central,2,1,0,0,0,1,20,남,2;4;4;1;4;2;6;2,11,41480;42210;26350,,,,,
e_e009601,central,2,1,0,0,0,1,30,여,4;2;3;3;2;5;1;7,11,50130;42150;26710,,,,,
e_e009622,central,2,2,0,0,0,1,20,여,3;2;2;4;4;5;2;6,11,42150;26350;42830,,,,,
e_e009627,central,2,1,0,0,0,0,20,남,3;4;3;6;5;4;4;5,41,47130;42150;50110,,,,,
e_e009629,central,2,1,0,0,0,1,60,여,1;4;4;4;4;4;4;4,41,11110;42210;50130,,,,,
e_e009632,central,2,1,0,0,0,0,20,남,4;4;4;4;4;4;4;4,41,42150;11560;28185,,,,,
e_e009634,central,2,2,0,0,0,1,20,여,2;2;1;6;1;6;2;6,11,50110;26350;45110,,,,,
e_e009636,central,2,2,0,0,0,3,30,여,3;4;3;4;2;2;2;6,43,42150;26200;45110,,,,,
e_e009655,central,2,6,0,0,0,1,60,남,4;4;2;4;4;4;2;4,11,42210;26350;46150,,,,,
e_e009660,central,2,22,0,0,0,5,50,여,1;4;1;4;7;1;7;1,11,42210;41830;50110,,,,,
e_e009675,central,2,1,0,0,0,1,20,남,4;4;4;4;4;4;4;4,11,11545;11350;31110,,,,,
e_e009684,central,2,22,0,0,0,2,40,여,4;2;2;2;2;2;2;7,28,50110;26260;28720,,,,,
e_e009686,central,2,1,0,0,0,1,20,여,2;1;1;4;6;1;1;5,28,42210;11680;28185,,,,,
e_e009694,central,2,22,0,0,0,1,20,여,2;5;5;2;5;3;2;6,41,42170;50110;11440,,,,,
e_e009695,central,2,22,0,0,0,1,40,여,1;7;3;2;2;3;6;4,41,26350;47130;50130,,,,,
e_e009700,central,2,1,0,0,0,1,20,여,6;1;4;3;3;5;2;7,11,42210;42150;26500,,,,,
e_e009702,central,2,1,0,0,0,1,20,여,4;4;4;2;2;5;2;2,11,42210;50130;41110,,,,,
e_e009738,central,2,1,0,0,0,0,20,여,6;4;5;5;6;4;5;7,28,11440;11170;11680,,,,,
e_e009740,central,2,1,0,0,0,1,20,여,4;6;2;4;4;4;5;2,28,50130;26350;41820,,,,,
e_e009752,central,2,2,0,0,0,1,30,남,4;1;1;2;6;6;1;4,41,50110;42150;41820,,,,,
e_e009757,central,2,13,0,0,0,0,20,남,2;3;2;4;5;2;3;5,28,42820;42830;42750,,,,,
e_e009762,central,2,1,0,0,0,1,20,여,2;6;5;2;2;2;6;6,42,42150;42170;41460,,,,,
e_e009770,central,2,1,0,0,0,1,30,여,1;4;1;2;7;6;7;5,11,50110;46130;42210,,,,,
e_e009771,central,2,3,0,0,0,1,20,남,4;1;2;4;5;2;7;3,28,50130;42150;26230,,,,,
e_e009772,central,2,1,0,0,0,1,30,여,3;6;1;3;5;2;5;6,41,11710;41610;11170,,,,,
e_e009800,central,2,1,0,0,0,1,20,남,3;2;1;4;6;2;3;6,41,42150;41820;50130,,,,,
e_e009806,central,2,21,0,0,0,1,20,여,6;1;1;1;1;1;1;1,11,42170;50110;50130,,,,,
e_e009814,central,2,1,0,0,0,1,20,남,2;2;2;2;6;2;2;7,41,42170;41670;11680,,,,,
e_e009836,central,2,1,0,0,0,1,20,여,1;1;1;4;5;1;7;1,44,11710;50130;42170,,,,,
e_e009841,central,2,22,0,0,0,1,20,여,5;1;1;2;4;2;1;7,41,26500;42150;50130,,,,,
e_e009845,central,2,22,0,0,0,2,20,여,6;3;2;3;4;4;6;3,41,50110;11740;26350,,,,,
e_e009857,central,2,1,0,0,0,0,20,여,6;5;2;5;4;3;2;5,41,50110;26350;11710,,,,,
e_e009858,central,2,21,0,0,0,1,40,남,1;3;1;4;7;7;6;4,11,50130;28200;42150,,,,,
e_e009876,central,2,27,0,0,0,1,20,남,2;1;4;5;2;6;6;4,41,50130;26350;44760,,,,,
e_e009895,central,2,2,0,0,0,0,30,남,4;2;4;4;2;2;2;4,41,41110;42210;26350,,,,,
e_e009909,central,2,1,0,0,0,1,30,여,3;3;2;4;3;2;6;4,41,11110;41110;42210,,,,,
e_e009910,central,2,21,0,0,0,1,60,남,1;4;1;3;3;1;2;7,11,41360;42210;41830,,,,,
e_e009925,central,2,1,0,0,0,0,20,여,4;5;3;6;2;3;6;6,41,26350;50110;46130,,,,,
e_e009940,central,2,27,0,0,0,1,20,남,1;1;1;5;4;1;1;7,41,50130;42170;26500,,,,,
e_e009943,central,2,2,0,0,0,2,20,여,2;2;2;2;6;6;6;4,11,26350;50130;42210,,,,,
e_e009951,central,2,1,0,0,0,0,40,여,3;7;4;4;5;5;6;5,41,41270;28710;42210,,,,,
e_e009957,central,2,2,0,0,0,1,20,남,4;5;1;5;4;4;4;4,44,11680;30200;26320,,,,,
e_e009968,central,2,1,0,0,0,1,20,여,2;1;2;3;5;5;7;6,41,42150;50130;42830,,,,,
e_e010014,central,2,1,0,0,0,1,30,남,4;6;6;2;2;2;3;6,28,50110;42830;26500,,,,,
e_e010017,central,2,1,0,0,0,1,20,여,3;2;2;2;2;5;3;2,44,44130;43110;11170,,,,,
e_e010028,central,2,1,0,0,0,1,20,남,5;4;1;5;6;3;6;7,41,42150;50130;26500,,,,,
e_e010037,central,2,2,0,0,0,2,20,남,4;4;4;4;4;4;4;4,11,48120;26170;11680,,,,,
e_e010043,central,2,10,0,0,0,1,20,여,1;1;1;4;4;4;7;7,11,43750;44180;41820,,,,,
e_e010049,central,2,24,0,0,0,1,20,남,2;1;1;4;7;1;7;7,11,41110;41590;42110,,,,,
e_e010055,central,2,1,0,0,0,4,30,여,2;4;4;3;2;2;4;3,30,42770;28200;44270,,,,,
e_e010064,central,2,1,0,0,0,1,20,여,3;5;3;3;3;6;6;2,30,27110;41110;46130,,,,,
e_e010076,central,2,2,0,0,0,1,40,남,5;5;1;3;2;6;2;6,11,50130;41480;26350,,,,,
e_e010097,central,2,12,0,0,0,1,30,여,2;2;2;2;2;2;6;6,41,42210;50110;41650,,,,,
e_e010106,central,2,1,0,0,0,1,30,여,2;2;2;2;4;2;2;6,41,42150;50110;28710,,,,,
e_e010125,central,2,11,0,0,0,1,20,남,2;1;1;6;4;6;6;7,41,26500;47130;42210,,,,,
e_e010129,central,2,22,0,0,0,1,20,여,6;5;5;2;2;5;5;5,11,11680;11230;11440,,,,,
e_e010150,central,2,1,0,0,0,1,20,남,2;4;4;4;2;3;4;2,28,50130;42210;11110,,,,,
e_e010160,central,2,4,0,0,0,1,20,여,1;1;1;1;1;1;1;1,28,50130;50110;42150,,,,,
e_e010164,central,2,1,0,0,0,1,40,여,2;4;2;2;1;2;1;5,28,41270;26500;42150,,,,,
e_e010174,central,2,1,0,0,0,1,20,여,2;3;1;4;3;5;3;7,41,48120;11260;41360,,,,,
e_e010198,central,2,1,0,0,0,1,20,남,4;6;1;6;1;6;5;7,44,30200;11230;45130,,,,,
e_e010199,central,2,13,0,0,0,0,40,여,2;6;2;2;2;2;2;5,11,41830;42210;48220,,,,,
e_e010200,central,2,1,0,0,0,2,40,남,2;4;3;3;2;3;4;4,44,44825;41820;43150,,,,,
e_e010205,central,2,22,0,0,0,1,30,여,4;1;1;1;4;2;4;7,41,42150;26710;50130,,,,,
e_e010220,central,2,1,0,0,0,0,20,여,1;1;1;4;7;7;7;4,41,50130;26350;48250,,,,,
e_e010221,central,2,10,0,0,0,1,60,여,1;7;6;2;2;6;2;1,11,41460;42210;43730,,,,,
e_e010222,central,2,22,0,0,0,1,20,여,3;2;2;5;4;4;2;6,41,11680;42150;50110,,,,,
e_e010230,central,2,1,0,0,0,0,20,여,5;6;2;5;6;5;6;6,28,11440;11170;26350,,,,,
e_e010231,central,2,2,0,0,0,1,60,여,2;2;2;3;2;1;6;3,11,42150;45110;50130,,,,,
e_e010233,central,2,11,0,0,0,2,20,여,2;2;7;3;2;7;2;2,11,50130;50110;26500,,,,,
e_e010237,central,2,5,0,0,0,1,40,남,1;1;4;3;3;3;2;3,11,50130;42150;41820,,,,,
e_e010238,central,2,22,0,0,0,3,30,여,7;1;1;1;1;1;1;7,41,42150;42210;41820,,,,,
e_e010240,central,2,4,0,0,0,0,30,남,4;1;3;2;2;4;3;3,11,50110;26350;26500,,,,,
e_e010243,central,2,13,0,0,0,2,40,남,2;2;5;2;4;5;2;6,41,42830;41670;50130,,,,,
e_e010247,central,2,11,0,0,0,1,40,남,3;2;2;5;5;4;2;2,41,47110;30200;41820,,,,,
e_e010248,central,2,6,0,0,0,0,20,여,6;6;3;2;5;5;6;3,30,11440;50110;42210,,,,,
e_e010249,central,2,2,0,0,0,1,20,남,6;2;2;5;6;6;2;7,41,11440;28237;50110,,,,,
e_e010252,central,2,1,0,0,0,0,50,여,3;3;5;4;3;5;2;2,41,42170;50130;41480,,,,,
e_e010254,central,2,6,0,0,0,1,20,여,2;1;1;3;6;6;2;6,41,26350;50110;28710,,,,,
e_e010255,central,2,22,0,0,0,2,30,여,2;4;5;3;2;5;6;3,11,41360;28710;42150,,,,,
e_e010256,central,2,21,0,0,0,1,60,여,2;1;1;2;2;2;5;3,41,48220;48850;42150,,,,,
e_e010259,central,2,10,0,0,0,2,20,여,4;4;2;3;4;5;2;6,11,26110;41360;50110,,,,,
e_e010261,central,2,2,0,0,0,2,30,남,1;7;1;2;6;2;7;1,41,41460;41270;28185,,,,,
e_e010263,central,2,2,0,0,0,2,30,여,1;3;1;4;5;4;6;6,11,41360;41650;42210,,,,,
e_e010268,central,2,3,0,0,0,3,60,남,4;4;4;4;4;4;4;4,11,42230;42170;50110,,,,,
e_e010270,central,2,1,0,0,0,0,20,여,2;2;2;4;2;2;6;6,41,41590;42760;42150,,,,,
e_e010271,central,2,2,0,0,0,1,30,여,5;4;3;3;5;6;2;7,41,42150;11305;30200,,,,,
e_e010272,central,2,11,0,0,0,2,40,여,2;6;4;5;6;6;5;6,41,41110;41460;42150,,,,,
e_e010274,central,2,2,0,0,0,1,20,여,6;2;1;2;5;2;1;5,11,42170;42150;45110,,,,,
e_e010277,central,2,5,0,0,0,1,20,남,7;1;1;3;7;1;7;7,11,50130;42150;41820,,,,,
e_e010281,central,2,4,0,0,0,1,20,여,1;5;2;1;6;3;7;7,41,11440;28260;26140,,,,,
e_e010302,central,2,22,0,0,0,1,20,여,4;3;3;5;3;3;2;6,41,31140;26350;28710,,,,,
e_e010313,central,2,11,0,0,0,1,20,남,2;2;2;6;2;2;2;4,11,42150;50130;26140,,,,,
e_e010316,central,2,4,0,0,0,2,30,여,4;1;1;1;4;4;7;4,41,11710;11290;26500,,,,,
e_e010322,central,2,10,0,0,0,1,30,여,2;2;3;2;2;4;5;4,28,41820;42210;50110,,,,,
e_e010325,central,2,1,0,0,0,0,20,여,2;2;2;2;1;2;6;2,30,50110;26350;42150,,,,,
e_e010336,central,2,10,0,0,0,1,20,남,4;3;5;2;5;2;6;4,11,42210;26530;47110,,,,,
e_e010343,central,2,12,0,0,0,0,40,여,1;4;1;1;7;1;7;1,11,41650;41830;41360,,,,,
e_e010355,central,2,5,0,0,0,3,40,여,1;1;1;1;4;4;4;6,11,50110;50130;42830,,,,,
e_e010365,central,2,2,0,0,0,0,20,여,4;4;3;2;4;4;4;4,11,42150;26140;30230,,,,,
e_e010366,central,2,1,0,0,0,4,30,여,1;3;4;3;5;2;6;6,11,41570;41480;41820,,,,,
e_e010370,central,2,2,0,0,0,1,20,남,4;1;1;3;7;3;1;4,41,50110;11710;28185,,,,,
e_e010371,central,2,3,0,0,0,1,30,여,4;4;4;4;4;4;4;4,43,50110;26350;42150,,,,,
e_e010372,central,2,10,0,0,0,1,20,남,4;1;1;4;6;5;6;5,11,42210;28260;11680,,,,,
e_e010375,central,2,1,0,0,0,1,20,남,6;2;2;6;5;2;6;5,11,11110;46880;41110,,,,,
e_e010377,central,2,2,0,0,0,3,40,남,3;1;4;4;1;4;2;5,11,42210;26230;41190,,,,,
e_e010386,central,2,22,0,0,0,1,40,남,3;5;4;3;2;2;5;2,44,50110;46130;42150,,,,,
e_e010387,central,2,1,0,0,0,3,40,여,4;3;4;2;4;3;2;2,27,11110;26500;50130,,,,,
e_e010390,central,2,22,0,0,0,1,20,남,6;2;1;1;3;6;2;6,11,42150;47130;50110,,,,,
e_e010404,central,2,21,0,0,0,2,30,여,1;2;3;3;3;4;3;7,41,42150;50110;28110,,,,,
e_e010415,central,2,11,0,0,0,3,40,남,4;4;1;4;4;4;1;7,11,42210;44760;11110,,,,,
e_e010434,central,2,12,0,0,0,1,40,여,5;4;5;4;5;5;4;6,11,42830;42210;41360,,,,,
e_e010442,central,2,1,0,0,0,1,20,남,6;6;2;2;5;6;3;5,11,41460;50130;42150,,,,,
e_e010462,central,2,1,0,0,0,0,20,여,6;1;1;1;7;7;7;1,41,41110;41460;11215,,,,,
e_e010492,central,2,9,0,0,0,3,20,여,3;4;2;3;2;2;3;5,41,42150;48310;45110,,,,,
e_e010517,central,2,1,0,0,0,0,20,여,2;2;2;3;6;3;6;5,11,42210;42110;41820,,,,,
e_e010522,central,2,1,0,0,0,1,60,여,3;2;5;4;2;2;1;6,11,41150;11140;11110,,,,,
e_e010531,central,2,11,0,0,0,0,50,여,2;6;2;6;2;3;5;1,41,42210;50130;41360,,,,,
e_e010539,central,2,22,0,0,0,1,20,남,6;3;6;4;4;4;4;3,11,42170;41820;41110,,,,,
e_e010553,central,2,1,0,0,0,3,30,남,7;7;7;5;5;6;1;3,11,50110;26350;45110,,,,,
e_e010560,central,2,4,0,0,0,1,40,여,2;3;2;1;1;1;6;4,28,50130;42210;43150,,,,,
e_e010578,central,2,2,0,0,0,3,40,여,4;3;3;2;3;6;6;6,44,44200;47190;29200,,,,,
e_e010598,central,2,1,0,0,0,1,20,여,3;2;2;2;2;6;6;7,30,11110;42820;27110,,,,,
e_e010608,central,2,1,0,0,0,1,20,남,7;5;2;2;2;3;6;2,11,41280;43150;41570,,,,,
e_e010636,central,2,21,0,0,0,2,40,남,1;1;1;4;1;1;1;4,11,50130;42210;28710,,,,,
e_e010659,central,2,1,0,0,0,1,60,남,2;6;4;2;6;4;4;4,41,41390;41360;42110,,,,,
e_e010660,central,2,1,0,0,0,1,20,남,2;2;3;6;5;2;7;7,11,50130;47130;26530,,,,,
e_e010673,central,2,1,0,0,0,3,30,여,2;4;4;4;3;4;4;4,41,41480;42210;11410,,,,,
e_e010678,central,2,2,0,0,0,1,20,여,2;4;2;1;1;3;3;6,11,42150;42820;42170,,,,,
e_e010683,central,2,1,0,0,0,1,20,남,5;3;2;4;3;5;5;3,11,11440;28260;50110,,,,,
e_e010689,central,2,1,0,0,0,1,20,여,2;2;2;2;2;6;5;6,41,50110;42150;26350,,,,,
e_e010700,central,2,1,0,0,0,1,20,여,6;5;3;5;2;6;6;5,11,47130;42150;50110,,,,,
e_e010712,central,2,1,0,0,0,1,40,여,3;4;6;4;5;6;6;5,41,42210;50130;42170,,,,,
e_e010713,central,2,1,0,0,0,1,20,여,5;2;2;3;4;4;2;5,41,42210;42150;50110,,,,,
e_e010715,central,2,2,0,0,0,1,20,남,1;1;2;4;2;3;2;7,11,50110;42210;26710,,,,,
e_e010716,central,2,24,0,0,0,3,30,여,3;4;3;2;4;4;4;6,11,41460;11440;42150,,,,,
e_e010720,central,2,3,0,0,0,0,20,여,2;2;1;2;6;1;1;5,11,42820;50110;45790,,,,,
e_e010722,central,2,1,0,0,0,3,20,여,4;3;1;6;6;6;5;7,28,11110;11440;11680,,,,,
e_e010724,central,2,1,0,0,0,1,20,여,3;3;2;4;5;3;5;4,41,11680;26110;50110,,,,,
e_e010729,central,2,1,0,0,0,2,20,여,6;2;2;2;2;6;2;5,41,11440;26350;41110,,,,,
e_e010734,central,2,1,0,0,0,0,20,남,4;4;3;3;5;3;3;3,11,42210;41110;50110,,,,,
e_e010735,central,2,1,0,0,0,1,20,여,1;5;1;3;5;1;7;7,41,11710;41360;42150,,,,,
e_e010736,central,2,27,0,0,0,1,60,남,2;7;2;4;3;6;4;5,41,26710;43800;48310,,,,,
e_e010740,central,2,1,0,0,0,0,20,여,4;2;2;2;2;2;2;6,41,50130;26350;11110,,,,,
e_e010741,central,2,22,0,0,0,0,20,남,6;7;7;7;4;4;7;7,41,11500;11290;41270,,,,,
e_e010744,central,2,2,0,0,0,1,40,여,1;4;2;5;2;4;2;4,11,42210;42230;43750,,,,,
e_e010747,central,2,22,0,0,0,0,20,여,2;2;4;3;1;2;6;5,41,50110;50130;42170,,,,,
e_e010753,central,2,24,0,0,0,5,20,여,1;4;2;4;4;3;7;4,11,42150;41820;50110,,,,,
e_e010755,central,2,1,0,0,0,4,60,여,3;6;6;3;2;6;3;4,28,48220;42170;28710,,,,,
e_e010759,central,2,22,0,0,0,1,20,여,7;1;1;1;7;1;1;7,11,28710;26350;50110,,,,,
e_e010763,central,2,2,0,0,0,1,30,남,1;2;6;5;2;5;4;4,11,42170;50130;42830,,,,,
e_e010765,central,2,3,0,0,0,1,60,여,4;2;4;6;5;6;6;4,41,11230;42150;47210,,,,,
e_e010766,central,2,2,0,0,0,3,40,남,3;5;3;6;6;3;2;5,41,41210;41110;11650,,,,,
e_e010769,central,2,11,0,0,0,1,20,남,7;5;2;4;2;3;2;5,41,11440;41110;41390,,,,,
e_e010773,central,2,22,0,0,0,0,30,여,3;6;3;6;7;5;6;7,11,42150;42110;28710,,,,,
e_e010775,central,2,1,0,0,0,1,20,남,3;5;5;3;5;6;5;5,28,50110;11110;26350,,,,,
e_e010779,central,2,1,0,0,0,0,20,여,4;4;3;2;3;5;6;3,11,42170;26350;48120,,,,,
e_e010782,central,2,1,0,0,0,1,20,남,3;3;3;4;4;4;3;5,11,50130;42150;26350,,,,,
e_e010798,central,2,22,0,0,0,1,20,여,1;1;1;2;2;1;4;7,41,41110;28710;11110,,,,,
e_e010803,central,2,1,0,0,0,2,30,남,6;5;1;2;3;2;4;7,28,42760;41280;41270,,,,,
e_e010812,central,2,1,0,0,0,1,30,남,2;6;4;2;1;4;6;6,11,42820;41480;26110,,,,,
e_e010814,central,2,1,0,0,0,1,30,남,4;2;2;4;6;6;5;3,11,42210;41820;48220,,,,,
e_e010838,central,2,1,0,0,0,1,20,남,1;1;1;7;7;1;1;1,41,44200;43130;41820,,,,,
e_e010843,central,2,1,0,0,0,1,20,여,5;2;2;2;3;5;1;7,28,50130;42150;26350,,,,,
e_e010850,central,2,2,0,0,0,1,20,남,5;3;2;2;6;5;1;6,11,42150;26350;42210,,,,,
e_e010852,central,2,22,0,0,0,2,40,여,1;1;4;4;7;4;6;7,11,41820;42150;42210,,,,,
e_e010863,central,2,9,0,0,0,1,20,여,7;1;1;2;1;3;7;6,41,50130;26350;28177,,,,,
e_e010868,central,2,13,0,0,0,2,40,여,6;5;5;2;2;6;2;6,41,27260;26350;11170,,,,,
e_e010884,central,2,22,0,0,0,1,30,여,4;6;5;3;3;4;5;4,28,42210;28110;45180,,,,,
e_e010893,central,2,1,0,0,0,3,30,여,7;7;1;4;4;1;1;7,11,41480;41290;41570,,,,,
e_e010900,central,2,1,0,0,0,1,20,남,3;1;5;3;3;4;5;3,11,41150;41820;26350,,,,,
e_e010915,central,2,1,0,0,0,2,30,남,4;3;2;2;4;2;6;6,41,41110;26140;50130,,,,,
e_e010921,central,2,1,0,0,0,1,20,여,4;2;2;2;4;3;6;6,28,11440;41280;28185,,,,,
e_e010926,central,2,13,0,0,0,2,30,여,3;4;2;5;6;2;3;3,11,26350;42780;50110,,,,,
e_e010935,central,2,2,0,0,0,1,20,여,3;2;2;1;1;6;7;5,41,50130;50110;11680,,,,,
e_e010937,central,2,11,0,0,0,0,20,여,2;4;1;4;5;2;7;7,11,50130;42210;46130,,,,,
e_e010939,central,2,2,0,0,0,1,20,여,2;1;2;2;1;4;1;7,11,42110;46130;42210,,,,,
e_e010948,central,2,2,0,0,0,1,20,여,2;2;6;3;3;2;1;2,11,50110;41280;41210,,,,,
e_e010955,central,2,22,0,0,0,1,20,남,3;2;2;2;2;3;2;6,11,50110;26350;28710,,,,,
e_e010969,central,2,1,0,0,0,2,20,여,7;7;3;1;1;5;6;1,41,50130;26350;11680,,,,,
e_e010978,central,2,1,0,0,0,1,60,남,3;5;4;2;2;4;4;5,11,50130;42210;42150,,,,,
e_e010979,central,2,27,0,0,0,7,40,여,6;4;2;2;2;6;6;3,41,11440;11740;42230,,,,,
e_e010984,central,2,1,0,0,0,2,20,남,6;3;4;4;3;6;2;3,41,26350;27110;42130,,,,,
e_e010990,central,2,3,0,0,0,3,30,여,1;1;7;7;4;4;5;4,11,48220;47830;41480,,,,,
e_e010991,central,2,4,0,0,0,1,30,남,2;2;1;4;1;2;1;7,11,42820;42830;42750,,,,,
e_e011007,central,2,22,0,0,0,3,30,여,1;6;4;5;6;6;3;5,41,41250;41820;41630,,,,,
e_e011029,central,2,1,0,0,0,2,30,남,1;4;4;3;2;6;1;7,41,41110;42210;46770,,,,,
e_e011037,central,2,1,0,0,0,0,30,여,5;4;6;3;1;5;7;2,11,30200;41110;42150,,,,,
e_e011039,central,2,2,0,0,0,2,20,여,1;1;1;5;1;1;1;7,28,11440;41820;11410,,,,,
e_e011046,central,2,4,0,0,0,1,30,남,3;4;3;3;1;3;3;1,41,44180;41590;42210,,,,,
e_e011054,central,2,2,0,0,0,2,40,여,2;4;2;6;4;4;6;6,28,50130;42150;46150,,,,,
e_e011058,central,2,2,0,0,0,0,20,여,1;1;1;4;1;1;7;7,28,41460;42720;42210,,,,,
e_e011062,central,2,6,0,0,0,1,30,남,1;1;4;7;4;1;2;7,41,42210;42110;41650,,,,,
e_e011070,central,2,1,0,0,0,1,20,여,4;3;2;3;5;6;3;4,11,41280;50130;50110,,,,,
e_e011095,central,2,1,0,0,0,1,20,여,6;6;2;2;6;5;2;6,44,11440;41110;30200,,,,,
e_e011100,central,2,11,0,0,0,6,50,여,2;2;1;3;2;1;6;3,28,50130;42830;47280,,,,,
e_e011125,central,2,1,0,0,0,0,20,여,7;4;1;1;1;1;7;5,11,42210;26350;45110,,,,,
e_e011128,central,2,22,0,0,0,0,20,여,5;3;3;5;5;2;6;5,11,11440;27260;50130,,,,,
e_e011130,central,2,1,0,0,0,1,20,여,5;5;5;6;3;5;1;7,41,41110;41820;42210,,,,,
e_e011132,central,2,1,0,0,0,1,20,남,4;2;1;1;1;7;7;7,41,11680;41460;11215,,,,,
e_e011150,central,2,2,0,0,0,1,20,남,7;3;2;1;4;6;2;6,11,11680;50110;26350,,,,,
e_e011151,central,2,1,0,0,0,1,30,남,3;7;4;6;4;2;6;4,11,11380;11110;11740,,,,,
e_e011167,central,2,22,0,0,0,1,20,여,5;2;4;3;1;2;2;4,28,50110;42150;26350,,,,,
e_e011186,central,2,2,0,0,0,3,40,남,7;1;5;4;1;4;4;5,11,42150;27260;11680,,,,,
e_e011187,central,2,1,0,0,0,0,20,여,5;3;2;1;1;4;6;5,41,50130;26350;42830,,,,,
e_e011208,central,2,1,0,0,0,2,30,남,3;6;2;2;1;1;2;6,41,41110;11680;11110,,,,,
e_e011215,central,2,1,0,0,0,0,20,남,4;4;4;4;4;4;4;4,28,41830;42150;42210,,,,,
e_e011218,central,2,1,0,0,0,0,20,여,5;3;1;5;4;4;3;6,11,11170;42150;42210,,,,,
e_e011239,central,2,1,0,0,0,1,20,여,5;4;1;1;7;7;7;5,41,28185;41590;26350,,,,,
e_e011246,central,2,1,0,0,0,1,30,남,4;6;5;5;3;4;5;3,41,11110;45110;50130,,,,,
e_e011247,central,2,1,0,0,0,1,20,여,4;1;4;2;1;2;2;3,41,26350;27140;42210,,,,,
e_e011252,central,2,6,0,0,0,1,20,남,4;5;4;2;4;5;5;2,30,50110;50130;11680,,,,,
e_e011254,central,2,13,0,0,0,1,30,남,7;2;2;4;2;1;2;3,11,42210;42150;42760,,,,,
e_e011360,central,2,1,0,0,0,1,20,남,5;2;2;5;4;2;1;7,11,11170;26350;41460,,,,,
e_e011377,central,2,1,0,0,0,1,20,여,4;4;3;4;5;3;2;7,41,50110;42150;11440,,,,,
e_e011379,central,2,22,0,0,0,1,30,남,3;2;1;6;3;2;6;6,11,50130;50110;42800,,,,,
e_e011389,central,2,8,0,0,0,3,30,여,4;4;5;3;4;4;5;4,41,50130;42150;50110,,,,,
e_e011393,central,2,6,0,0,0,0,20,여,2;6;1;1;1;2;1;1,28,11440;50110;26350,,,,,
e_e011396,central,2,1,0,0,0,0,20,여,2;2;1;2;6;6;2;7,11,50130;50110;29200,,,,,
e_e011399,central,2,6,0,0,0,0,40,여,2;1;2;4;3;2;5;2,11,50130;26350;11110,,,,,
e_e011405,central,2,1,0,0,0,3,30,남,2;7;2;6;3;2;2;6,42,50130;41480;42130,,,,,
e_e011406,central,2,4,0,0,0,1,20,여,3;2;3;2;4;4;5;2,11,50110;47130;42150,,,,,
e_e011407,central,2,1,0,0,0,1,20,남,4;7;3;2;3;4;5;6,28,41460;41820;42110,,,,,
e_e011408,central,2,10,0,0,0,2,40,여,2;1;2;1;1;1;1;6,41,41500;46110;45730,,,,,
e_e011413,central,2,10,0,0,0,3,30,여,2;6;2;4;4;6;6;6,41,50130;11170;41390,,,,,
e_e011417,central,2,22,0,0,0,1,20,여,4;3;6;2;2;2;2;6,41,42210;48250;26710,,,,,
e_e011421,central,2,22,0,0,0,1,30,여,1;1;4;4;1;1;4;6,41,50130;42150;11110,,,,,
e_e011422,central,2,22,0,0,0,1,40,남,4;1;1;4;7;1;1;7,11,42720;41280;44210,,,,,
e_e011429,central,2,22,0,0,0,0,30,여,1;1;3;3;2;3;5;6,41,11620;26350;43800,,,,,
e_e011430,central,2,22,0,0,0,1,20,여,3;1;4;5;5;5;3;7,41,42210;47130;50130,,,,,
e_e011431,central,2,2,0,0,0,1,30,여,6;1;2;3;1;4;6;6,41,50110;42210;11440,,,,,
e_e011432,central,2,2,0,0,0,1,20,여,2;1;2;2;3;5;6;6,41,50110;42150;26350,,,,,
e_e011433,central,2,6,0,0,0,0,20,여,4;1;1;1;4;4;7;1,11,42230;11110;50130,,,,,
e_e011435,central,2,1,0,0,0,1,30,여,1;1;1;4;1;2;6;1,28,41480;28110;46150,,,,,
e_e011438,central,2,1,0,0,0,1,20,여,6;2;1;3;5;5;7;6,44,11440;27260;47110,,,,,
e_e011446,central,2,6,0,0,0,1,30,남,1;4;4;4;1;4;7;7,41,42230;26350;45110,,,,,
e_e011462,central,2,1,0,0,0,1,20,여,3;2;5;1;3;3;6;5,41,50130;26200;11440,,,,,
e_e011466,central,2,2,0,0,0,0,30,여,2;4;4;3;3;6;5;7,28,42110;46770;43130,,,,,
e_e011473,central,2,2,0,0,0,2,30,남,5;1;7;2;5;5;2;1,41,41460;42130;43150,,,,,
e_e011482,central,2,22,0,0,0,0,20,여,1;1;1;1;1;1;7;7,41,41290;41650;42150,,,,,
e_e011483,central,2,1,0,0,0,1,20,여,5;3;1;1;7;5;2;7,41,11230;41820;41390,,,,,
e_e011486,central,2,11,0,0,0,0,30,남,4;1;1;4;3;1;1;7,41,41270;26710;46130,,,,,
e_e011488,central,2,1,0,0,0,1,20,남,2;1;2;4;6;2;2;6,41,50110;42150;41460,,,,,
e_e011489,central,2,28,0,0,0,1,20,여,5;3;2;2;6;2;2;7,41,41460;11440;47110,,,,,
e_e011490,central,2,6,0,0,0,0,50,여,3;3;5;3;1;1;5;5,41,42150;50130;50110,,,,,
e_e011498,central,2,1,0,0,0,3,40,여,1;5;4;1;4;4;1;7,41,42820;41820;42110,,,,,
e_e011505,central,2,22,0,0,0,0,20,남,7;4;5;6;6;5;7;1,11,50130;41170;11680,,,,,
e_e011538,central,2,24,0,0,0,1,20,남,2;6;1;6;2;2;2;5,11,50130;26350;41190,,,,,
e_e011552,central,2,23,0,0,0,1,20,남,6;4;2;3;2;5;2;6,41,11110;26350;50110,,,,,
e_e011567,central,2,1,0,0,0,1,20,여,4;3;2;1;2;4;2;3,11,26350;50130;41820,,,,,
e_e011570,central,2,1,0,0,0,0,30,여,2;6;1;1;5;5;3;7,11,44180;42210;41570,,,,,
e_e011572,central,2,1,0,0,0,1,20,여,4;4;5;5;6;5;5;6,44,11140;11440;27260,,,,,
e_e011574,central,2,11,0,0,0,1,30,남,6;3;2;2;2;4;1;6,44,11680;42830;29155,,,,,
e_e011575,central,2,21,0,0,0,1,20,남,1;1;1;4;5;3;2;6,41,50130;26710;42150,,,,,
e_e011576,central,2,1,0,0,0,1,20,여,4;5;2;3;4;3;5;4,41,41110;28177;48120,,,,,
e_e011580,central,2,2,0,0,0,1,20,여,5;3;5;5;5;5;5;3,11,41110;28185;50110,,,,,
e_e011581,central,2,1,0,0,0,0,20,여,3;1;1;1;7;3;2;7,28,50130;42150;26350,,,,,
e_e011582,central,2,1,0,0,0,2,40,여,4;4;6;3;5;5;3;3,41,42830;45790;41820,,,,,
e_e011583,central,2,24,0,0,0,1,60,여,2;2;2;2;2;1;6;4,11,50130;46130;41280,,,,,
e_e011588,central,2,5,0,0,0,2,40,남,6;2;2;2;2;4;2;3,11,42150;41570;44130,,,,,
e_e011592,central,2,12,0,0,0,1,20,남,4;1;2;4;5;2;1;5,11,50110;42170;28260,,,,,
e_e011596,central,2,2,0,0,0,0,20,남,4;5;2;6;4;3;2;6,11,11110;28140;46110,,,,,
e_e011627,central,2,13,0,0,0,1,30,여,2;2;3;6;3;3;3;4,11,42210;42830;28237,,,,,
e_e011630,central,2,2,0,0,0,1,20,남,7;7;7;7;1;1;7;7,11,11110;26200;42130,,,,,
e_e011631,central,2,4,0,0,0,0,30,여,1;1;1;1;2;1;1;4,11,42150;28710;41480,,,,,
e_e011632,central,2,2,0,0,0,0,20,여,6;2;3;5;6;5;7;5,41,11110;42170;42150,,,,,
e_e011637,central,2,1,0,0,0,2,30,남,7;1;1;4;3;1;1;1,41,42150;42210;41480,,,,,
e_e011641,central,2,25,0,0,0,1,30,남,3;2;2;2;2;2;3;6,11,50110;26260;11590,,,,,
e_e011643,central,2,25,0,0,0,1,30,여,3;3;2;2;2;3;6;4,11,42750;45770;44150,,,,,
e_e011715,central,2,10,0,0,0,1,30,여,2;3;2;3;2;3;2;4,41,42210;26710;46130,,,,,
e_e011737,central,2,1,0,0,0,0,20,여,3;3;4;4;4;3;2;5,41,50130;42210;47170,,,,,
e_e011742,central,2,2,0,0,0,1,30,남,5;2;2;2;4;6;3;5,41,42150;50130;41820,,,,,
e_e011752,central,2,21,0,0,0,1,20,남,5;2;2;3;3;3;1;6,41,26350;50130;42150,,,,,
e_e011756,central,2,11,0,0,0,1,20,여,5;2;3;3;3;4;3;7,41,26350;42210;42150,,,,,
e_e011758,central,2,2,0,0,0,1,20,여,1;1;1;6;6;6;6;6,11,11170;41190;28177,,,,,
e_e011779,central,2,1,0,0,0,0,20,여,2;3;2;5;6;3;2;4,11,46150;46130;50130,,,,,
e_e011783,central,2,1,0,0,0,0,20,여,7;1;1;7;7;1;6;7,28,50110;42150;11440,,,,,
e_e011787,central,2,2,0,0,0,2,20,남,1;4;1;4;7;6;1;6,28,42210;44825;41390,,,,,
e_e011803,central,2,2,0,0,0,0,30,여,2;3;2;4;3;5;6;3,11,50110;50130;42830,,,,,
e_e011858,central,2,1,0,0,0,0,20,여,4;2;3;1;4;2;6;6,11,50130;41820;42110,,,,,
e_e011866,central,2,12,0,0,0,3,20,남,5;2;2;3;4;2;3;6,11,50110;28110;44150,,,,,
e_e011868,central,2,11,0,0,0,1,30,여,4;5;3;2;2;2;7;5,41,41360;11170;42110,,,,,
e_e011869,central,2,1,0,0,0,2,20,여,3;1;3;6;3;1;6;2,11,50110;42150;41110,,,,,
e_e011873,central,2,1,0,0,0,1,20,남,2;2;2;4;2;2;2;6,41,50130;11500;42170,,,,,
e_e011885,central,2,10,0,0,0,3,30,남,4;2;2;5;3;4;3;7,41,42830;42210;26140,,,,,
e_e011903,central,2,25,0,0,0,0,30,남,1;1;1;3;1;7;1;6,11,26350;42830;45110,,,,,
e_e011941,central,2,1,0,0,0,1,40,여,6;1;1;1;1;7;1;1,41,11680;42210;50130,,,,,
e_e011956,central,2,1,0,0,0,0,20,남,5;1;2;4;2;5;7;7,11,50130;50110;42210,,,,,
e_e012026,central,2,22,0,0,0,2,30,여,4;4;3;1;3;3;3;7,41,41110;28185;43110,,,,,
e_e012047,central,2,12,0,0,0,1,20,남,2;1;2;2;2;4;6;2,11,42150;28110;26350,,,,,
e_e012049,central,2,1,0,0,0,2,30,남,3;2;2;3;3;5;6;5,41,26350;41110;11440,,,,,
e_e012063,central,2,1,0,0,0,1,20,여,4;4;4;4;4;4;4;4,44,26260;28245;11230,,,,,
e_e012070,central,2,3,0,0,0,0,20,여,2;3;2;4;2;2;2;4,41,11380;50130;42820,,,,,
e_e012074,central,2,2,0,0,0,1,20,남,4;1;4;2;1;1;7;1,11,42150;26170;50130,,,,,
e_e012107,central,2,21,0,0,0,1,20,남,6;2;1;6;6;2;6;2,11,50130;46130;26710,,,,,
e_e012132,central,2,1,0,0,0,1,20,여,2;7;4;6;7;4;7;5,41,42150;42210;30140,,,,,
e_e012137,central,2,1,0,0,0,0,20,여,2;3;4;4;4;6;5;4,41,42150;50110;42210,,,,,
e_e012144,central,2,1,0,0,0,1,20,여,5;1;3;5;2;3;1;7,44,50130;11710;26350,,,,,
e_e012180,central,2,22,0,0,0,0,40,여,1;7;5;4;2;4;2;4,41,11110;42170;46840,,,,,
e_e012192,central,2,2,0,0,0,1,30,남,3;1;1;5;7;4;1;6,11,50130;46130;42150,,,,,
e_e012194,central,2,1,0,0,0,1,30,여,2;2;4;3;4;3;4;6,36,42210;48310;50110,,,,,
e_e012221,central,2,1,0,0,0,2,20,남,5;2;2;6;6;2;6;6,11,28710;46130;47130,,,,,
e_e012232,central,2,22,0,0,0,1,30,여,2;2;2;2;4;5;5;3,11,26350;42210;50130,,,,,
e_e012240,central,2,1,0,0,0,4,40,여,4;2;1;2;1;2;7;5,41,50110;44800;46130,,,,,
e_e012242,central,2,1,0,0,0,0,30,여,1;7;4;1;4;4;4;7,11,50110;42150;26350,,,,,
e_e012246,central,2,2,0,0,0,1,20,여,7;3;6;5;6;6;6;1,11,11680;28185;48120,,,,,
e_e012264,central,2,1,0,0,0,2,20,여,3;1;1;5;5;4;1;7,41,50110;41110;42150,,,,,
e_e012268,central,2,1,0,0,0,1,30,여,1;2;2;6;2;1;6;2,11,42760;46130;45130,,,,,
e_e012305,central,2,1,0,0,0,2,40,남,4;4;4;4;4;4;5;5,48,29110;42150;48310,,,,,
e_e012344,central,2,1,0,0,0,1,30,남,1;2;3;2;2;2;3;2,41,41170;41650;42210,,,,,
e_e012346,central,2,1,0,0,0,1,20,여,7;1;7;1;2;5;1;7,31,11680;26230;27110,,,,,
e_e012349,central,2,1,0,0,0,1,20,여,4;3;2;2;6;5;6;5,41,50110;46840;48120,,,,,
e_e012357,central,2,6,0,0,0,0,30,여,1;1;1;1;4;4;1;4,11,41830;42150;47110,,,,,
e_e012389,central,2,1,0,0,0,1,20,여,2;2;1;3;4;1;1;7,11,11440;47130;44825,,,,,
e_e012429,central,2,8,0,0,0,1,30,남,1;6;2;1;4;2;2;6,11,41390;28177;42110,,,,,
e_e012487,central,2,1,0,0,0,0,20,여,3;2;2;1;6;6;1;7,11,41360;41480;42150,,,,,
e_e012488,central,2,1,0,0,0,0,20,여,6;3;4;2;6;6;2;6,41,50110;42210;26110,,,,,
e_e012514,central,2,1,0,0,0,5,60,여,4;3;5;3;2;5;2;6,41,41830;42210;28110,,,,,
e_e012554,central,2,1,0,0,0,1,20,남,4;2;2;4;2;3;2;6,45,50130;11680;26500,,,,,
e_e012583,central,2,12,0,0,0,1,30,여,2;6;2;3;3;6;6;6,41,41830;42150;50130,,,,,
e_e012622,central,2,22,0,0,0,1,20,여,2;3;3;3;3;4;1;7,28,50110;42210;26350,,,,,
e_e012636,central,2,1,0,0,0,1,30,여,4;1;1;1;1;6;1;7,41,50130;47130;46130,,,,,
e_e012682,central,2,27,0,0,0,0,40,여,2;1;1;1;1;1;7;7,11,42150;43750;41480,,,,,
e_e012694,central,2,2,0,0,0,5,20,남,1;3;6;4;4;6;2;5,11,42150;42720;28710,,,,,
e_e012748,central,2,2,0,0,0,0,30,남,2;4;4;2;2;4;4;2,11,48880;50110;41110,,,,,
e_e012760,central,2,5,0,0,0,1,20,여,2;5;5;5;1;6;2;5,36,26350;11650;30200,,,,,
e_e012761,central,2,11,0,0,0,3,30,남,5;6;6;3;5;4;5;5,11,11260;41360;42210,,,,,
e_e012805,central,2,2,0,0,0,1,20,여,4;4;5;7;7;6;2;7,11,11710;26350;27260,,,,,
e_e012976,central,2,22,0,0,0,1,20,여,7;7;7;4;5;6;7;6,11,41150;30170;30140,,,,,
e_e013029,central,2,26,0,0,0,3,60,여,2;4;3;3;3;5;2;6,11,42150;46130;50110,,,,,
e_e013030,central,2,22,0,0,0,3,40,남,4;4;2;2;4;4;2;2,44,41110;44825;43760,,,,,
e_e013055,central,2,6,0,0,0,2,40,여,1;1;3;2;2;7;2;6,41,41820;28710;42830,,,,,
e_e013062,central,2,2,0,0,0,1,20,남,2;2;2;2;2;5;2;3,41,42150;47130;28245,,,,,
e_e013063,central,2,2,0,0,0,1,20,여,2;2;1;2;2;2;2;6,41,42150;50110;11110,,,,,
e_e013094,central,2,4,0,0,0,0,30,남,1;3;1;7;5;7;3;2,28,42150;50110;47130,,,,,
e_e013131,central,2,2,0,0,0,3,30,남,4;5;3;4;3;3;5;4,44,41460;41290;42760,,,,,
f_f000041,central,3,2,0,0,0,1,40,남,7;1;4;6;1;4;2;1,11,42150;11740;50110,,,,,
f_f000458,central,3,2,0,0,0,2,40,여,2;2;2;2;4;4;4;6,11,41570;28710;48850,,,,,
f_f003663,central,2,2,0,0,0,1,20,여,3;3;2;5;6;3;5;2,11,42830;45110;50130,,,,,
f_f006366,central,2,2,0,0,0,1,40,남,2;2;2;2;1;4;2;7,11,42150;46730;26440,,,,,
f_f006622,central,3,11,0,0,0,3,40,남,6;5;5;5;5;6;5;5,11,43800;41650;42210,,,,,
g_g000018,central,2,4,0,0,0,3,40,남,2;2;2;4;4;3;4;1,41,42150;50130;42170,,,,,
g_g003294,central,3,12,0,0,0,1,30,여,5;3;5;4;5;4;5;3,11,42150;26350;11140,,,,,
g_g005600,central,2,4,0,0,0,1,30,여,4;2;2;6;7;5;3;7,41,42150;29170;46170,,,,,
g_g007343,central,2,1,0,0,0,0,30,남,5;5;5;3;5;3;4;6,43,42150;47770;11710,,,,,
g_g010556,central,2,22,0,0,0,1,30,여,2;2;4;5;6;4;2;7,11,42820;42210;50110,,,,,
h_h003275,central,2,10,0,0,0,3,40,남,2;1;3;2;3;4;4;3,41,42760;42770;41460,,,,,
e_e000297,central,3,22,0,0,0,0,30,여,7;1;1;4;1;6;7;7,45,11110;44180;46130,,,,,
e_e000327,central,2,1,0,0,0,0,20,여,4;2;2;3;4;1;5;5,28,41110;50110;26350,,,,,
e_e000391,central,2,11,0,0,0,3,40,여,4;4;3;3;5;5;5;5,11,50130;42830;11110,,,,,
e_e000394,central,2,22,0,0,0,2,40,여,2;2;1;6;6;4;4;7,41,42830;48850;43130,,,,,
e_e000471,central,3,21,0,0,0,1,40,남,5;1;1;3;6;1;7;6,11,50130;46150;28110,,,,,
e_e000528,central,2,1,0,0,0,0,30,여,1;1;1;2;3;1;1;7,44,50130;11680;26710,,,,,
e_e000537,central,3,10,0,0,0,1,30,남,1;2;4;6;7;4;5;4,41,50110;42150;45130,,,,,
e_e000538,central,3,2,0,0,0,3,40,여,2;2;2;2;3;3;2;6,11,50130;42210;47130,,,,,
e_e000568,central,2,1,0,0,0,1,20,여,6;2;2;3;6;2;1;6,41,26350;50110;27110,,,,,
e_e000573,central,2,3,0,0,0,1,60,남,4;2;6;2;4;2;3;4,41,42830;50130;46780,,,,,
e_e000589,central,2,2,0,0,0,1,20,여,5;1;1;5;7;6;1;6,28,26350;50110;30170,,,,,
e_e000592,central,2,1,0,0,0,1,20,여,1;2;1;6;6;2;1;6,41,46150;46710;41650,,,,,
e_e000652,central,2,2,0,0,0,2,40,남,5;2;4;2;5;5;3;6,41,50130;42210;42760,,,,,
e_e000665,central,3,22,0,0,0,1,20,여,3;5;2;2;2;3;6;6,41,41360;42150;11680,,,,,
e_e000712,central,2,13,0,0,0,0,60,여,1;1;2;2;1;3;2;7,11,44180;42830;46730,,,,,
e_e000749,central,2,22,0,0,0,1,20,남,1;1;2;1;4;4;1;7,11,42820;50110;28710,,,,,
e_e000753,central,3,2,0,0,0,4,40,남,3;2;6;2;2;7;1;5,11,41820;41650;41450,,,,,
e_e000769,central,2,2,0,0,0,2,30,여,2;1;1;4;4;2;5;6,41,41110;42830;50130,,,,,
e_e000776,central,2,22,0,0,0,1,30,여,4;6;1;4;3;3;3;4,41,42210;26350;45110,,,,,
e_e000779,central,2,13,0,0,0,0,40,여,3;3;2;4;2;2;1;6,41,42210;50130;26710,,,,,
e_e000843,central,2,21,0,0,0,3,40,남,1;4;2;3;2;5;3;4,11,11260;42150;44825,,,,,
e_e000853,central,2,2,0,0,0,2,30,남,4;7;4;1;4;7;1;7,11,41460;41410;42210,,,,,
e_e000880,central,3,10,0,0,0,1,30,여,1;1;4;4;1;4;4;7,41,50110;42820;26710,,,,,
e_e000944,central,3,2,0,0,0,2,30,남,2;2;1;4;4;2;2;6,11,11740;27260;50110,,,,,
e_e000963,central,3,22,0,0,0,9,50,남,3;2;4;3;2;4;3;4,28,41270;42230;44710,,,,,
e_e000978,central,2,1,0,0,0,0,20,여,1;1;1;4;4;3;6;6,41,42760;41550;46150,,,,,
e_e001038,central,2,9,0,0,0,1,20,남,2;5;5;4;4;5;6;4,41,42150;41820;41450,,,,,
e_e001055,central,2,1,0,0,0,1,20,남,2;2;5;1;2;2;5;5,11,41110;50130;41460,,,,,
e_e001056,central,2,1,0,0,0,0,20,여,4;5;2;1;4;4;7;2,11,41280;42150;50130,,,,,
e_e001077,central,2,21,0,0,0,1,60,여,4;6;4;4;5;3;5;6,41,42150;42230;50130,,,,,
e_e001153,central,3,1,0,0,0,2,30,여,2;1;2;4;6;2;6;6,30,26710;42150;50110,,,,,
e_e001187,central,2,22,0,0,0,2,40,남,2;2;2;5;6;4;2;6,41,41460;41820;45770,,,,,
e_e001208,central,2,3,0,0,0,1,20,여,5;5;4;5;4;5;3;6,41,41550;41110;41480,,,,,
e_e001258,central,3,6,0,0,0,3,40,남,7;1;1;7;1;7;7;1,48,11110;42230;47130,,,,,
e_e001294,central,2,6,0,0,0,1,20,여,4;4;3;3;3;2;1;5,41,50110;44130;42150,,,,,
e_e001361,central,2,22,0,0,0,0,30,여,7;5;4;3;7;4;2;5,28,26260;11110;27290,,,,,
e_e001379,central,3,10,0,0,0,8,40,남,4;1;4;3;2;5;2;6,41,41480;11110;41130,,,,,
e_e001399,central,2,2,0,0,0,2,30,남,3;4;3;3;2;4;2;5,41,41110;31110;47190,,,,,
e_e001486,central,2,22,0,0,0,6,40,여,1;6;1;2;4;3;3;7,41,41360;42150;43800,,,,,
e_e001575,central,3,23,0,0,0,1,30,여,2;2;1;4;5;2;6;4,41,42170;50130;11620,,,,,
e_e001925,central,3,1,0,0,0,1,30,남,6;1;3;5;2;5;6;3,11,50110;26350;42150,,,,,
e_e001960,central,2,1,0,0,0,0,30,남,2;6;6;6;2;6;6;6,28,41570;41190;50110,,,,,
e_e001985,central,2,1,0,0,0,1,30,여,2;2;2;2;2;3;2;2,11,41820;42210;42760,,,,,
e_e002010,central,3,1,0,0,0,1,20,남,2;2;2;5;6;2;5;5,11,50110;42830;42150,,,,,
e_e002028,central,2,1,0,0,0,1,30,남,2;2;4;2;2;2;6;3,41,42150;41480;26350,,,,,
e_e002039,central,2,6,0,0,0,1,30,남,2;4;3;3;2;3;6;2,11,26200;42150;41460,,,,,
e_e002078,central,3,21,0,0,0,1,30,남,1;1;1;1;1;1;1;1,41,48840;50130;43740,,,,,
e_e002083,central,3,1,0,0,0,1,20,남,5;2;2;1;3;6;3;6,28,11140;50130;26350,,,,,
e_e002100,central,2,1,0,0,0,1,60,남,5;4;5;2;5;5;5;5,41,41830;11650;47130,,,,,
e_e002112,central,2,2,0,0,0,1,30,남,4;5;2;4;5;3;5;6,11,50130;42830;41210,,,,,
e_e002114,central,2,1,0,0,0,1,40,여,2;4;4;4;4;4;2;6,11,42150;28710;50130,,,,,
e_e002146,central,2,1,0,0,0,1,30,여,2;3;6;3;4;4;5;6,11,50110;50130;42150,,,,,
e_e002180,central,2,2,0,0,0,2,40,남,2;6;2;3;2;3;5;4,41,41480;41570;11500,,,,,
e_e002190,central,3,10,0,0,0,1,40,여,1;2;1;4;6;7;6;7,41,42210;41820;48870,,,,,
e_e002191,central,2,11,0,0,0,1,30,여,1;7;1;4;6;1;7;2,41,42150;42210;26350,,,,,
e_e002335,central,2,13,0,0,0,2,60,여,1;7;3;2;2;4;2;4,41,50130;42230;43800,,,,,
e_e002337,central,3,1,0,0,0,4,60,남,5;2;5;2;3;2;2;5,11,50110;42150;41480,,,,,
e_e002343,central,2,1,0,0,0,1,30,여,1;2;2;2;6;3;2;5,41,41360;29200;42210,,,,,
e_e002353,central,3,1,0,0,0,1,20,여,2;2;3;1;1;3;2;6,28,44180;11110;42830,,,,,
e_e002360,central,2,6,0,0,0,5,30,여,6;4;1;4;4;3;2;4,28,11560;26350;46230,,,,,
e_e002362,central,2,13,0,0,0,1,60,남,1;4;4;7;2;2;6;5,11,41480;42110;41650,,,,,
e_e002370,central,3,21,0,0,0,1,30,남,2;4;3;3;3;4;4;4,41,42150;44150;50110,,,,,
e_e002379,central,2,3,0,0,0,0,20,여,4;3;4;2;3;4;3;5,41,50110;50130;42830,,,,,
e_e002388,central,2,1,0,0,0,3,40,남,5;4;3;4;5;4;5;3,11,41450;41360;41310,,,,,
e_e002390,central,2,1,0,0,0,1,30,여,2;2;1;3;6;2;6;2,41,50130;41670;26710,,,,,
e_e002403,central,3,1,0,0,0,1,30,여,6;1;1;5;3;2;2;6,11,46110;26530;48220,,,,,
e_e002443,central,2,3,0,0,0,1,20,남,3;3;2;2;3;2;5;5,11,50130;42190;47940,,,,,
e_e002485,central,3,10,0,0,0,3,30,여,1;1;6;4;6;3;7;7,11,42820;42150;44825,,,,,
e_e002500,central,3,5,0,0,0,0,30,여,3;3;2;1;4;5;3;6,11,42150;26350;28710,,,,,
e_e002510,central,2,2,0,0,0,1,30,여,3;2;2;2;2;5;5;7,11,50130;42150;41820,,,,,
e_e002515,central,3,23,0,0,0,0,30,남,4;1;4;3;4;4;4;6,43,50110;42150;42110,,,,,
e_e002613,central,2,1,0,0,0,0,20,여,2;1;2;2;4;3;2;2,41,50110;11110;42210,,,,,
e_e002664,central,3,21,0,0,0,2,40,남,4;2;3;4;3;3;6;4,41,30200;41590;42150,,,,,
e_e002783,central,3,23,0,0,0,1,20,남,3;1;2;3;3;1;3;6,43,11110;50130;50110,,,,,
e_e002790,central,3,1,0,0,0,1,20,남,4;2;2;3;5;5;1;3,41,41820;42150;41480,,,,,
e_e002924,central,3,1,0,0,0,0,20,여,3;2;2;2;3;2;1;6,41,42150;50110;11110,,,,,
e_e002936,central,3,1,0,0,0,0,30,여,4;2;6;5;3;4;6;3,29,11170;45790;48310,,,,,
e_e003119,central,3,1,0,0,0,3,20,여,3;5;5;4;6;4;5;2,41,42210;26350;46130,,,,,
e_e003135,central,3,22,0,0,0,0,60,남,2;2;4;2;2;4;4;4,11,50130;42150;42210,,,,,
e_e003142,central,2,2,0,0,0,0,40,남,5;5;5;4;5;5;4;5,41,42150;46130;41820,,,,,
e_e003171,central,2,1,0,0,0,3,30,남,2;3;4;6;4;5;2;4,41,31200;43110;45110,,,,,
e_e003177,central,3,21,0,0,0,1,20,여,1;1;1;1;1;5;2;7,11,50130;42170;26500,,,,,
e_e003182,central,3,22,0,0,0,2,30,여,4;1;4;1;4;4;4;7,41,11140;41460;42760,,,,,
e_e003250,central,2,12,0,0,0,0,20,남,7;3;3;6;3;4;2;7,27,11170;50110;26350,,,,,
e_e003255,central,2,4,0,0,0,3,30,남,2;6;6;7;1;1;1;1,41,41110;11680;11440,,,,,
e_e003306,central,3,2,0,0,0,1,20,여,2;1;2;6;1;3;7;7,11,42150;26500;41460,,,,,
e_e003315,central,3,1,0,0,0,1,20,남,3;1;1;1;2;4;6;1,41,42170;41820;42830,,,,,
e_e003320,central,2,22,0,0,0,1,20,남,3;4;4;4;6;6;3;6,41,11740;26350;11110,,,,,
e_e003340,central,2,1,0,0,0,1,20,여,7;1;1;1;1;7;7;7,45,11215;45110;30170,,,,,
e_e003345,central,2,2,0,0,0,1,20,여,1;1;1;1;1;1;1;7,11,41830;50130;42150,,,,,
e_e003358,central,3,1,0,0,0,1,20,여,1;1;1;2;1;2;1;7,11,11140;50130;27110,,,,,
e_e003359,central,2,1,0,0,0,1,20,남,3;4;3;3;2;6;3;2,41,42150;47130;11680,,,,,
e_e003367,central,3,1,0,0,0,2,20,남,5;2;2;6;6;3;5;6,30,50130;26350;46130,,,,,
e_e003437,central,2,13,0,0,0,1,40,여,1;7;1;1;4;3;3;6,11,42210;41820;41590,,,,,
e_e003464,central,2,2,0,0,0,1,60,남,1;6;1;1;1;6;1;2,11,42210;50130;26350,,,,,
e_e003503,central,3,22,0,0,0,1,20,남,1;1;1;1;1;1;7;7,41,50110;42210;26170,,,,,
e_e003511,central,3,21,0,0,0,0,30,여,4;7;6;4;1;6;4;4,28,28720;11680;41820,,,,,
e_e003513,central,3,1,0,0,0,5,30,남,1;1;4;3;5;3;7;5,11,42210;42830;41820,,,,,
e_e003537,central,2,10,0,0,0,3,40,남,2;2;4;3;2;5;6;2,41,26350;41670;42150,,,,,
e_e003543,central,2,11,0,0,0,2,40,여,1;4;2;4;5;4;4;6,41,44270;28710;46130,,,,,
e_e003544,central,2,1,0,0,0,1,30,남,4;6;2;1;6;2;2;3,41,11680;28185;41270,,,,,
e_e003551,central,3,10,0,0,0,1,20,남,3;1;1;5;2;6;1;7,11,42150;50110;41830,,,,,
e_e003592,central,3,2,0,0,0,1,30,남,5;6;5;4;5;4;6;4,11,42210;42820;41820,,,,,
e_e003601,central,3,8,0,0,0,1,20,남,1;2;1;6;4;1;4;7,11,42210;41820;41670,,,,,
e_e003623,central,3,4,0,0,0,1,20,남,4;1;2;4;4;5;5;4,45,42150;26440;11680,,,,,
e_e003644,central,3,5,0,0,0,2,30,여,3;3;3;4;4;4;5;4,11,41450;42210;41830,,,,,
e_e003645,central,3,1,0,0,0,1,20,남,4;1;2;1;3;7;3;7,11,42150;42110;50130,,,,,
e_e003651,central,3,2,0,0,0,1,20,남,2;2;2;4;2;5;5;5,11,41360;42210;41390,,,,,
e_e003662,central,2,21,0,0,0,1,20,여,5;3;2;2;4;4;3;5,36,50130;42150;26350,,,,,
e_e003692,central,3,1,0,0,0,1,20,남,6;2;1;4;3;6;2;7,41,41110;27110;42170,,,,,
e_e003695,central,2,22,0,0,0,2,50,여,4;4;4;2;3;4;4;3,41,50130;42820;11110,,,,,
e_e003713,central,2,21,0,0,0,0,30,여,6;4;2;6;6;4;1;3,28,42150;50130;26260,,,,,
e_e003714,central,2,22,0,0,0,2,50,남,2;1;1;2;6;6;2;5,44,44270;11680;50130,,,,,
e_e003738,central,2,1,0,0,0,0,20,여,3;3;1;3;3;3;1;4,11,26350;42210;41830,,,,,
e_e003750,central,2,1,0,0,0,7,40,남,2;4;2;1;4;7;1;3,29,50130;46130;11170,,,,,
e_e003869,central,2,2,0,0,0,2,60,남,1;1;7;3;1;1;1;5,41,46810;42150;50130,,,,,
e_e003872,central,2,3,0,0,0,1,60,남,1;3;3;5;2;4;2;4,41,42210;47920;46770,,,,,
e_e003875,central,2,10,0,0,0,1,60,여,3;3;1;3;4;3;5;6,11,50130;50110;42210,,,,,
e_e003876,central,2,1,0,0,0,1,60,남,2;2;1;6;6;4;2;2,41,50130;46130;42210,,,,,
e_e003884,central,2,10,0,0,0,1,20,여,2;3;3;3;2;5;5;6,11,41360;42150;26500,,,,,
e_e003910,central,2,1,0,0,0,1,30,남,4;1;1;1;1;2;3;6,28,50130;42820;26350,,,,,
e_e003921,central,2,1,0,0,0,3,40,남,2;2;2;3;2;3;2;4,11,41820;42210;46720,,,,,
e_e003938,central,3,21,0,0,0,1,20,남,4;1;1;1;1;1;1;7,41,11680;42150;41820,,,,,
e_e003948,central,2,1,0,0,0,1,30,남,4;2;1;2;2;4;6;4,11,41450;26290;50130,,,,,
e_e003952,central,2,12,0,0,0,2,30,여,6;1;3;1;2;5;2;7,28,50130;42150;43750,,,,,
e_e003953,central,2,6,0,0,0,1,30,남,4;2;2;4;2;6;4;5,28,26500;42210;42150,,,,,
e_e003957,central,2,22,0,0,0,2,40,여,3;3;4;2;3;6;2;6,36,50110;42150;30200,,,,,
e_e004018,central,2,2,0,0,0,1,30,남,2;2;2;6;4;2;5;1,11,42830;26350;28177,,,,,
e_e004021,central,3,1,0,0,0,0,30,여,4;7;1;6;7;1;6;3,27,46110;11140;11110,,,,,
e_e004023,central,3,22,0,0,0,9,60,여,1;1;4;2;1;4;3;6,11,42760;41820;41830,,,,,
e_e004118,central,3,1,0,0,0,1,20,남,3;2;4;4;3;5;2;7,41,42150;50110;28710,,,,,
e_e004127,central,2,11,0,0,0,0,30,남,2;4;2;2;2;2;2;4,41,42210;26350;50110,,,,,
e_e004128,central,2,22,0,0,0,0,30,여,2;1;3;4;1;5;6;6,28,11680;50130;50110,,,,,
e_e004136,central,2,1,0,0,0,0,20,여,5;6;6;4;3;6;6;3,11,50130;47130;26500,,,,,
e_e004140,central,3,21,0,0,0,6,60,남,2;1;2;2;2;2;3;5,11,50130;42150;41820,,,,,
e_e004215,central,3,1,0,0,0,1,30,여,6;3;3;5;5;6;3;6,41,47130;11110;30140,,,,,
e_e004233,central,2,1,0,0,0,1,40,여,1;6;3;2;2;6;2;6,41,42210;46130;41480,,,,,
e_e004320,central,3,1,0,0,0,1,30,남,7;5;7;2;2;3;4;5,30,11530;11680;50110,,,,,
e_e004379,central,3,2,0,0,0,1,20,남,2;2;2;4;5;2;2;6,41,50110;50130;42110,,,,,
e_e004387,central,3,21,0,0,0,1,30,여,4;2;1;1;1;1;1;6,11,47130;42170;41820,,,,,
e_e004481,central,3,1,0,0,0,1,20,남,4;1;2;4;5;3;4;6,11,26500;42230;26230,,,,,
e_e004500,central,3,3,0,0,0,1,40,남,4;1;6;1;2;5;5;2,11,11710;42150;50110,,,,,
e_e004603,central,2,21,0,0,0,2,50,여,2;2;2;2;1;4;5;2,11,42210;50130;45110,,,,,
e_e004637,central,3,10,0,0,0,2,30,여,3;2;2;2;2;6;3;7,41,42230;46820;41650,,,,,
e_e004649,central,3,6,0,0,0,1,20,남,3;2;2;4;2;3;2;6,41,50110;42150;26350,,,,,
e_e004777,central,3,22,0,0,0,1,20,남,2;1;1;3;4;5;4;6,11,41820;42210;42150,,,,,
e_e004820,central,2,21,0,0,0,3,50,남,1;5;5;5;4;4;4;4,11,50130;42210;41820,,,,,
e_e004926,central,3,2,0,0,0,2,30,남,2;1;2;1;1;6;7;2,41,42210;26350;41830,,,,,
e_e004932,central,3,2,0,0,0,1,20,여,4;7;4;7;4;7;4;4,11,28710;41210;41550,,,,,
e_e005289,central,3,1,0,0,0,1,20,여,5;2;4;3;2;2;5;4,41,46130;26350;11110,,,,,
e_e005336,central,2,3,0,0,0,2,40,남,6;3;2;6;7;3;1;2,11,42820;11110;26500,,,,,
e_e005387,central,2,2,0,0,0,3,40,여,4;4;1;4;5;1;6;1,41,44825;43800;45800,,,,,
e_e005451,central,3,1,0,0,0,1,20,남,2;3;2;2;1;3;2;2,41,42210;42830;42130,,,,,
e_e005463,central,3,2,0,0,0,6,40,남,1;1;7;1;1;4;1;4,41,42210;41820;44270,,,,,
e_e005467,central,2,1,0,0,0,1,20,여,4;6;2;3;4;5;3;7,41,41110;11710;11170,,,,,
e_e005525,central,2,12,0,0,0,1,30,여,3;3;3;3;5;5;2;6,41,11110;42210;50130,,,,,
e_e005549,central,3,2,0,0,0,1,30,여,3;3;2;4;2;5;2;4,11,50130;50110;26500,,,,,
e_e005550,central,3,1,0,0,0,0,30,여,5;6;1;3;5;2;1;6,36,11680;50130;48310,,,,,
e_e005756,central,3,2,0,0,0,1,30,여,4;2;2;2;2;1;7;4,26,46130;42110;42150,,,,,
e_e005777,central,2,1,0,0,0,1,30,남,6;2;2;1;2;5;3;5,11,50110;26350;30200,,,,,
e_e005841,central,3,21,0,0,0,1,20,여,2;1;6;2;1;5;6;2,41,42210;50110;27710,,,,,
e_e005887,central,3,10,0,0,0,4,20,남,3;2;2;3;3;3;3;5,41,50130;41270;26500,,,,,
e_e005905,central,2,6,0,0,0,3,60,남,5;6;2;7;7;6;6;2,41,11110;11680;11215,,,,,
e_e006146,central,2,1,0,0,0,1,30,남,3;4;2;5;3;2;5;3,11,50130;27200;41110,,,,,
e_e006149,central,3,1,0,0,0,1,30,남,1;1;1;4;1;6;1;7,11,26350;42210;46820,,,,,
e_e006418,central,2,2,0,0,0,2,30,여,2;1;1;4;2;1;1;6,41,42150;50130;43150,,,,,
e_e006441,central,2,1,0,0,0,1,60,여,1;3;2;2;2;3;3;2,41,48840;46130;42170,,,,,
e_e006485,central,2,1,0,0,0,2,50,여,4;4;2;5;5;4;2;4,41,50130;42150;26350,,,,,
e_e006538,central,2,2,0,0,0,1,20,여,2;3;1;2;2;1;7;2,41,41280;11680;50130,,,,,
e_e006568,central,2,21,0,0,0,1,20,남,3;2;2;5;6;2;3;5,41,42150;50130;26350,,,,,
e_e006597,central,2,1,0,0,0,0,30,여,2;2;2;2;3;3;2;2,11,48120;42150;26350,,,,,
e_e006784,central,2,10,0,0,0,2,40,여,4;1;2;1;1;1;1;7,11,50130;42210;28720,,,,,
e_e006797,central,2,21,0,0,0,0,50,여,3;3;5;3;4;2;4;3,28,31710;27260;47920,,,,,
e_e006832,central,2,11,0,0,0,1,30,남,4;4;2;4;4;3;3;6,41,42150;50130;11170,,,,,
e_e006838,central,2,21,0,0,0,1,30,여,1;2;2;2;2;2;3;7,41,41390;41820;42750,,,,,
e_e006878,central,2,24,0,0,0,3,30,여,3;3;3;3;3;3;3;3,11,41280;41630;41480,,,,,
e_e007157,central,2,25,0,0,0,2,30,여,1;1;1;1;4;4;4;7,41,50130;42820;26500,,,,,
e_e007171,central,2,2,0,0,0,1,20,여,7;7;1;1;7;7;1;7,41,11680;41130;11710,,,,,
e_e007177,central,2,2,0,0,0,3,30,여,4;2;4;2;3;5;2;5,11,50130;26350;42150,,,,,
e_e007250,central,2,11,0,0,0,1,20,여,6;2;3;3;6;1;2;7,41,11680;50110;31140,,,,,
e_e007264,central,2,4,0,0,0,1,20,남,3;4;3;3;4;4;4;5,41,47110;42730;42810,,,,,
e_e007276,central,2,22,0,0,0,1,20,여,6;2;3;1;2;7;1;7,11,50110;26500;41820,,,,,
e_e007308,central,2,2,0,0,0,1,20,남,1;1;1;1;1;2;6;7,41,42150;50130;26350,,,,,
e_e007330,central,2,1,0,0,0,2,30,남,4;6;6;4;6;6;2;6,28,41480;28110;50130,,,,,
e_e007333,central,2,1,0,0,0,1,20,여,2;1;1;5;4;6;2;6,28,50110;42150;11680,,,,,
e_e007363,central,2,1,0,0,0,1,20,여,2;2;1;6;6;4;1;7,28,28237;41190;28260,,,,,
e_e007411,central,2,26,0,0,0,1,20,남,7;7;7;4;5;7;2;1,44,11440;44130;45140,,,,,
e_e007423,central,2,22,0,0,0,1,30,여,5;1;1;1;4;4;1;1,41,42150;45110;46130,,,,,
e_e007472,central,2,6,0,0,0,0,20,여,7;7;1;5;1;1;7;1,47,11440;11170;11140,,,,,
e_e007476,central,2,22,0,0,0,1,20,여,2;2;3;4;3;4;5;5,11,41360;42150;50130,,,,,
e_e007514,central,2,27,0,0,0,2,50,여,4;6;4;2;3;5;1;6,11,41480;42110;43760,,,,,
e_e007520,central,2,2,0,0,0,1,40,남,7;1;1;2;3;7;1;3,28,50130;50110;46130,,,,,
e_e007553,central,2,11,0,0,0,1,30,여,2;1;1;1;1;1;1;3,41,41460;50130;11110,,,,,
e_e007587,central,2,13,0,0,0,1,40,여,3;6;6;3;3;6;6;6,41,41110;50110;26350,,,,,
e_e007588,central,2,1,0,0,0,0,30,여,1;5;5;3;1;4;6;4,41,50130;43800;48850,,,,,
e_e007608,central,2,1,0,0,0,1,30,여,5;3;5;2;4;5;2;6,41,42150;50110;26350,,,,,
e_e007654,central,2,23,0,0,0,2,30,여,3;3;2;2;3;6;6;6,11,26350;50130;42150,,,,,
e_e007655,central,2,1,0,0,0,1,20,남,4;6;7;1;3;7;2;7,11,26500;11680;11710,,,,,
e_e007664,central,2,22,0,0,0,2,30,남,2;4;4;3;2;3;5;6,11,41360;48310;42150,,,,,
e_e007665,central,2,1,0,0,0,0,30,남,6;3;2;2;3;5;2;6,27,30200;48840;11440,,,,,
e_e007675,central,2,22,0,0,0,1,20,여,1;1;1;4;4;3;5;5,41,41110;11680;42150,,,,,
e_e007722,central,2,21,0,0,0,1,30,남,6;2;2;2;2;5;5;6,11,46130;50130;42150,,,,,
e_e007734,central,2,1,0,0,0,2,20,남,7;5;3;1;1;6;7;1,28,11680;26110;41190,,,,,
e_e007747,central,2,6,0,0,0,1,20,여,1;1;3;2;4;4;5;6,41,41480;42150;50130,,,,,
e_e007751,central,2,2,0,0,0,1,30,여,7;6;5;6;2;2;2;3,11,42150;26200;27260,,,,,
e_e007755,central,2,3,0,0,0,0,20,여,1;5;2;7;1;1;2;6,41,41110;41390;41280,,,,,
e_e007776,central,2,2,0,0,0,1,30,남,2;3;1;4;2;2;4;2,41,48250;11140;28110,,,,,
e_e007795,central,2,21,0,0,0,3,30,남,1;7;4;7;7;4;1;1,11,41820;42760;41800,,,,,
e_e007813,central,2,2,0,0,0,2,30,여,4;6;2;2;4;2;1;7,41,11140;41480;41570,,,,,
e_e007840,central,2,27,0,0,0,3,30,여,2;4;7;1;3;7;7;1,28,50110;41430;42210,,,,,
e_e007843,central,2,10,0,0,0,14,40,여,2;1;1;3;6;6;2;7,11,41650;41460;42150,,,,,
e_e007846,central,2,22,0,0,0,3,50,남,1;1;1;5;1;5;1;3,30,42810;46130;50130,,,,,
e_e007854,central,2,13,0,0,0,2,60,남,1;4;1;4;7;1;1;7,11,41480;42210;43150,,,,,
e_e007865,central,2,27,0,0,0,2,40,여,3;4;3;3;3;4;3;5,41,42110;50130;28710,,,,,
e_e007873,central,2,2,0,0,0,1,20,남,5;5;6;6;6;5;5;3,41,41110;42150;43110,,,,,
e_e007884,central,2,1,0,0,0,0,20,여,2;3;1;5;3;3;4;7,30,41500;27260;31110,,,,,
e_e007887,central,2,2,0,0,0,4,30,여,3;2;2;4;5;5;6;6,11,50130;26350;42150,,,,,
e_e007888,central,2,4,0,0,0,1,30,남,6;4;2;4;2;4;2;5,28,44180;42150;50130,,,,,
e_e007918,central,2,21,0,0,0,1,20,남,1;1;1;1;4;4;4;5,41,42210;42170;44825,,,,,
e_e007984,central,2,5,0,0,0,1,30,여,1;7;3;1;4;4;5;7,41,47930;26350;46130,,,,,
e_e007993,central,2,1,0,0,0,0,20,여,2;2;4;3;2;2;3;2,41,46710;42150;26350,,,,,
e_e008013,central,2,1,0,0,0,2,30,여,7;2;3;4;4;3;3;6,46,50110;50130;11170,,,,,
e_e008034,central,2,22,0,0,0,1,20,여,5;7;7;6;7;5;7;6,41,42150;11440;50110,,,,,
e_e008050,central,2,1,0,0,0,0,20,여,6;1;1;1;7;4;2;7,11,42150;26500;42230,,,,,
e_e008086,central,2,4,0,0,0,1,20,여,4;2;2;4;6;4;2;5,28,50110;42230;11170,,,,,
e_e008106,central,2,5,0,0,0,3,40,여,6;1;6;1;1;1;6;4,11,50130;42210;45110,,,,,
e_e008116,central,2,4,0,0,0,0,30,여,2;2;6;6;6;6;6;5,11,42130;41800;41290,,,,,
e_e008123,central,2,1,0,0,0,1,30,여,3;5;2;5;6;5;5;3,11,42830;42110;41820,,,,,
e_e008306,central,2,4,0,0,0,2,30,여,2;2;1;6;6;2;7;1,41,41280;42820;50130,,,,,
e_e008315,central,2,12,0,0,0,0,20,여,2;5;3;6;5;7;2;7,11,42210;42150;26350,,,,,
e_e008460,central,2,22,0,0,0,1,20,남,4;5;5;6;6;4;6;6,28,42210;50130;26350,,,,,
e_e008623,central,2,22,0,0,0,1,30,여,7;5;5;1;3;6;2;4,11,41280;41480;28185,,,,,
e_e008652,central,2,22,0,0,0,0,30,여,3;3;3;3;3;2;4;6,27,50130;11680;26260,,,,,
e_e008679,central,2,4,0,0,0,1,20,남,2;1;2;1;2;1;1;6,41,42150;11170;26500,,,,,
e_e008743,central,2,21,0,0,0,1,30,여,6;3;3;3;3;3;2;2,11,50130;28110;41820,,,,,
e_e008754,central,2,21,0,0,0,1,20,남,3;2;4;2;2;5;2;5,41,41820;42150;28237,,,,,
e_e008775,central,2,1,0,0,0,0,20,남,6;2;6;3;2;4;3;4,28,11110;26350;26230,,,,,
e_e008788,central,2,22,0,0,0,1,30,여,1;1;4;1;1;4;1;7,28,42810;46810;41280,,,,,
e_e008879,central,2,1,0,0,0,1,20,여,6;6;2;5;4;6;1;7,11,41820;41280;42150,,,,,
e_e009153,central,2,6,0,0,0,1,20,남,6;6;3;4;4;5;5;5,41,41310;11170;41360,,,,,
e_e009302,central,2,1,0,0,0,0,40,남,2;2;2;6;6;4;2;2,28,50130;26290;42230,,,,,
e_e009313,central,2,2,0,0,0,2,30,여,6;3;3;2;6;5;5;6,11,42150;42230;41820,,,,,
e_e009334,central,2,4,0,0,0,0,30,남,2;2;6;4;2;2;6;6,41,42150;42820;26350,,,,,
e_e009599,central,2,1,0,0,0,2,30,여,3;3;3;4;4;5;3;3,41,46130;26350;11680,,,,,
e_e009606,central,2,1,0,0,0,2,30,남,2;2;2;2;3;3;3;5,11,42150;26260;50110,,,,,
e_e009635,central,2,2,0,0,0,2,30,여,3;3;4;3;5;6;6;6,41,44210;41480;41460,,,,,
e_e009657,central,2,1,0,0,0,1,60,여,5;3;2;2;2;2;2;7,41,50130;50110;11140,,,,,
e_e009658,central,2,2,0,0,0,1,30,남,1;1;1;1;1;7;1;1,41,42210;28110;50130,,,,,
e_e009742,central,2,13,0,0,0,0,40,남,5;6;6;4;6;6;3;4,41,31110;27260;26260,,,,,
e_e010071,central,2,4,0,0,0,0,20,여,5;1;1;5;6;2;2;3,42,42210;11680;26350,,,,,
e_e010112,central,2,2,0,0,0,1,20,여,5;2;1;2;6;5;2;6,11,50130;42150;26350,,,,,
e_e010116,central,2,1,0,0,0,1,20,남,7;1;2;4;6;4;6;2,11,42720;47130;26710,,,,,
e_e010209,central,2,1,0,0,0,1,20,남,5;2;3;3;6;5;5;6,41,42150;47130;26350,,,,,
e_e010214,central,2,3,0,0,0,0,20,여,2;7;1;1;1;3;7;2,11,11680;11170;31710,,,,,
e_e010224,central,2,1,0,0,0,1,20,여,4;2;5;5;2;4;1;5,41,42210;48310;46130,,,,,
e_e010234,central,2,22,0,0,0,3,30,여,3;1;5;3;6;3;2;6,44,26500;30200;27230,,,,,
e_e010292,central,2,1,0,0,0,1,20,여,4;4;3;3;4;4;4;4,41,50130;26350;42150,,,,,
e_e010344,central,2,23,0,0,0,2,30,여,4;3;3;4;4;4;5;4,11,41450;47170;27260,,,,,
e_e010362,central,2,21,0,0,0,1,30,남,2;1;6;3;2;4;5;6,28,42830;48840;48860,,,,,
e_e010388,central,2,1,0,0,0,1,20,남,2;5;1;4;5;6;2;5,11,42150;41280;50110,,,,,
e_e010463,central,2,6,0,0,0,0,30,여,4;4;7;4;3;3;7;7,41,26500;11110;42210,,,,,
e_e010470,central,2,1,0,0,0,1,20,남,4;1;1;4;4;1;1;4,41,11110;42830;11680,,,,,
e_e010518,central,2,1,0,0,0,1,20,여,4;4;4;4;4;4;4;4,41,41820;41460;41280,,,,,
e_e010563,central,2,1,0,0,0,0,30,여,4;2;4;1;3;4;3;6,11,11230;26170;50130,,,,,
e_e010573,central,2,1,0,0,0,0,30,여,1;7;1;4;1;7;7;7,11,42210;47930;41460,,,,,
e_e010606,central,2,1,0,0,0,1,20,남,7;7;4;4;1;4;7;7,28,41110;48310;42150,,,,,
e_e010651,central,2,27,0,0,0,0,50,여,1;6;4;2;6;6;3;6,11,41830;47900;42720,,,,,
e_e010711,central,2,22,0,0,0,1,30,남,4;3;3;2;2;2;5;2,41,41110;47110;26500,,,,,
e_e010748,central,2,1,0,0,0,1,20,남,5;1;1;2;2;6;2;7,41,28110;26350;50110,,,,,
e_e010750,central,2,22,0,0,0,1,20,여,7;1;1;3;2;7;1;6,41,50130;42150;42210,,,,,
e_e010982,central,2,1,0,0,0,1,20,여,6;1;1;6;7;5;7;2,11,41650;41450;42210,,,,,
e_e011158,central,2,1,0,0,0,1,30,여,4;3;3;2;4;5;2;6,11,44270;41820;28185,,,,,
e_e011189,central,2,1,0,0,0,1,20,여,4;5;5;3;2;4;3;6,28,11440;11560;11500,,,,,
e_e011206,central,2,22,0,0,0,1,20,여,3;6;1;7;6;2;6;2,11,11110;41280;41210,,,,,
e_e011233,central,2,1,0,0,0,1,20,여,6;4;4;5;4;6;3;2,41,11440;11680;42830,,,,,
e_e011277,central,2,1,0,0,0,0,30,남,1;1;1;4;5;1;1;5,41,42210;44825;11710,,,,,
e_e011310,central,2,1,0,0,0,1,20,여,6;2;1;1;1;2;6;6,11,50110;26350;41360,,,,,
e_e011358,central,2,21,0,0,0,1,20,여,2;2;1;4;5;4;6;5,11,42150;50130;43110,,,,,
e_e011461,central,2,11,0,0,0,2,30,여,1;1;1;1;1;3;6;6,41,50130;42150;48220,,,,,
e_e011738,central,2,22,0,0,0,1,20,남,3;3;2;2;4;4;5;6,11,46130;50130;45110,,,,,
e_e011750,central,2,1,0,0,0,0,30,남,7;2;6;2;2;6;4;5,41,50110;42820;26350,,,,,
e_e011904,central,2,1,0,0,0,0,30,여,3;4;4;3;3;4;5;4,41,42150;11110;50130,,,,,
e_e011939,central,2,24,0,0,0,0,20,남,7;1;1;4;4;4;5;3,41,11140;50110;26350,,,,,
e_e011953,central,2,26,0,0,0,0,20,남,4;7;1;7;7;7;1;7,41,11170;11680;30170,,,,,
e_e012031,central,2,1,0,0,0,1,20,여,3;4;3;5;4;6;6;3,41,42210;41460;41820,,,,,
e_e012072,central,2,1,0,0,0,1,20,남,7;1;1;3;7;5;7;7,36,11170;26350;41460,,,,,
e_e012372,central,2,2,0,0,0,1,20,남,2;2;2;5;7;2;7;7,41,50110;42150;26350,,,,,
e_e012444,central,2,4,0,0,0,1,20,여,4;4;4;4;4;4;4;4,11,48120;41480;48250,,,,,
e_e012445,central,2,4,0,0,0,0,20,남,5;2;2;3;6;3;4;6,28,50110;42210;26350,,,,,
f_f006339,central,2,2,0,0,0,1,20,남,4;1;2;3;3;2;3;3,41,48120;27230;11440,,,,,
e_e000003,east,2,5,0,0,0,3,40,남,3;2;2;6;3;1;2;2,41,41570;46230;47920,,,,,
e_e000654,east,2,2,0,0,0,1,30,여,1;1;1;3;7;1;1;7,11,50130;42150;50110,,,,,
e_e006945,east,2,13,0,0,0,1,50,여,2;2;1;1;1;1;7;1,42,48220;50130;41480,,,,,
e_e008914,east,2,1,0,0,0,3,20,여,4;1;2;4;5;6;2;6,41,41820;42150;26350,,,,,
f_f000014,east,2,3,0,0,0,1,30,남,1;3;3;5;4;3;6;1,41,50130;42760;43110,,,,,
f_f000015,east,3,28,0,0,0,3,20,남,4;2;2;5;4;2;5;5,41,50110;42210;47280,,,,,
f_f000019,east,3,1,0,0,0,0,40,여,4;3;5;1;3;2;6;2,48,50130;11110;26350,,,,,
f_f000022,east,3,21,0,0,0,3,50,남,1;1;1;4;4;4;2;4,48,50130;42210;46150,,,,,
f_f000023,east,2,28,0,0,0,4,50,남,1;2;3;3;6;3;3;5,48,50130;50110;31710,,,,,
f_f000034,east,2,1,0,0,0,1,40,여,4;4;4;4;4;4;2;6,11,42110;26350;46130,,,,,
f_f000044,east,3,22,0,0,0,0,40,남,2;7;1;5;1;6;6;2,41,42150;50130;43130,,,,,
f_f000264,east,3,22,0,0,0,1,20,남,6;1;1;1;2;1;1;7,47,27110;30200;11680,,,,,
f_f000265,east,2,3,0,0,0,5,50,남,2;4;2;3;4;3;2;7,26,26260;48250;48730,,,,,
f_f000268,east,3,24,0,0,0,6,40,여,4;1;4;1;5;3;1;7,41,50110;42820;42720,,,,,
f_f000273,east,3,22,0,0,0,3,40,여,4;3;3;4;4;6;2;6,27,47190;47150;26350,,,,,
f_f000274,east,3,22,0,0,0,1,40,남,6;1;2;2;2;3;2;7,11,50110;48840;42830,,,,,
f_f000278,east,2,1,0,0,0,1,40,남,3;4;2;4;3;5;5;4,11,42150;26350;50110,,,,,
f_f000279,east,2,21,0,0,0,1,20,남,4;2;1;3;4;4;3;6,26,26350;27110;50110,,,,,
f_f000311,east,3,1,0,0,0,3,40,여,4;1;4;1;4;2;2;7,41,42150;50130;26350,,,,,
f_f000317,east,2,12,0,0,0,0,40,여,5;4;1;4;4;1;1;7,47,11680;42830;26350,,,,,
f_f000319,east,3,10,0,0,0,1,20,남,7;1;1;3;6;6;7;3,41,50110;48310;26500,,,,,
f_f000323,east,3,3,0,0,0,0,20,여,6;3;2;3;3;6;7;6,11,41110;45110;30200,,,,,
f_f000326,east,3,21,0,0,0,2,50,남,2;1;2;5;7;6;2;2,11,41570;42730;41280,,,,,
f_f000332,east,3,10,0,0,0,3,50,여,2;4;3;1;3;4;3;4,41,42830;41650;46830,,,,,
f_f000337,east,3,21,0,0,0,1,30,남,6;2;2;3;3;5;6;6,28,42150;41110;28110,,,,,
f_f000341,east,3,11,0,0,0,2,30,여,3;3;2;2;5;4;3;4,26,48270;48840;26350,,,,,
f_f000348,east,3,10,0,0,0,3,50,남,3;3;3;3;4;4;2;7,42,42150;28245;47130,,,,,
f_f000354,east,3,3,0,0,0,0,20,여,2;2;5;3;3;3;3;6,27,26500;47110;47130,,,,,
f_f000355,east,3,25,0,0,0,0,30,여,4;3;2;2;2;4;1;7,27,50110;50130;26200,,,,,
f_f000357,east,3,1,0,0,0,0,20,여,3;1;2;1;5;2;3;7,11,50130;26350;43730,,,,,
f_f000362,east,2,10,0,0,0,1,20,남,4;1;2;1;4;4;6;4,41,42210;42780;42110,,,,,
f_f000366,east,3,2,0,0,0,3,30,여,4;2;4;4;3;5;2;7,27,47130;47110;48270,,,,,
f_f000371,east,3,23,0,0,0,1,40,남,4;3;3;2;3;5;4;4,43,50110;42210;26350,,,,,
f_f000373,east,3,8,0,0,0,1,40,여,3;3;4;4;4;4;1;7,11,42210;42830;42750,,,,,
f_f000374,east,2,5,0,0,0,2,40,여,2;4;4;4;6;6;4;3,41,42730;44825;41830,,,,,
f_f000379,east,3,10,0,0,0,3,40,여,1;1;1;2;2;4;3;5,48,48220;48310;50130,,,,,
f_f000380,east,3,22,0,0,0,1,20,남,3;3;3;3;2;2;3;3,27,50110;42150;26710,,,,,
f_f000381,east,3,4,0,0,0,0,40,여,4;4;2;3;4;3;4;3,11,26350;50110;11680,,,,,
f_f000387,east,3,10,0,0,0,1,30,여,5;1;1;5;7;6;1;7,11,48310;26530;42150,,,,,
f_f000390,east,2,21,0,0,0,0,20,여,3;4;5;2;2;3;1;5,48,26350;48270;27290,,,,,
f_f000394,east,3,11,0,0,0,1,40,여,1;3;2;4;2;6;4;5,47,42150;48220;43150,,,,,
f_f000398,east,3,1,0,0,0,1,40,여,2;2;3;2;1;3;4;4,48,26710;46710;42230,,,,,
f_f000400,east,3,8,0,0,0,0,50,여,3;3;3;3;4;3;3;6,11,42150;50110;26140,,,,,
f_f000405,east,3,22,0,0,0,1,30,여,2;1;1;6;4;2;5;2,26,48220;50130;50110,,,,,
f_f000409,east,3,12,0,0,0,0,30,남,1;2;2;1;2;2;1;1,42,42210;42170;42820,,,,,
f_f000411,east,3,10,0,0,0,1,40,여,4;2;2;1;4;3;2;5,11,42820;42210;41820,,,,,
f_f000412,east,3,1,0,0,0,1,20,남,5;2;2;5;5;2;6;5,28,50130;27140;26350,,,,,
f_f000416,east,2,4,0,0,0,0,30,여,4;1;7;4;4;1;1;7,27,26710;26350;47130,,,,,
f_f000417,east,3,23,0,0,0,7,30,남,4;4;2;4;4;4;2;6,11,42210;41820;26710,,,,,
f_f000419,east,3,1,0,0,0,0,30,여,4;1;4;1;1;6;2;7,28,42210;42150;50130,,,,,
f_f000431,east,2,1,0,0,0,1,20,남,2;2;1;1;4;5;2;6,11,47110;50130;42150,,,,,
f_f000435,east,2,2,0,0,0,4,30,여,4;5;2;6;6;2;2;6,26,50110;46130;47130,,,,,
f_f000440,east,3,2,0,0,0,2,40,여,3;4;2;5;6;5;5;7,27,47130;48880;48890,,,,,
f_f000441,east,2,11,0,0,0,3,50,남,4;6;5;4;4;4;1;7,27,47130;50130;11200,,,,,
f_f000444,east,3,21,0,0,0,3,40,여,4;4;5;2;3;5;5;4,11,42150;41570;43130,,,,,
f_f000452,east,3,1,0,0,0,2,40,여,2;2;1;1;7;6;6;7,11,41480;30140;44180,,,,,
f_f000456,east,3,1,0,0,0,3,20,남,6;2;1;1;1;2;7;5,42,26500;11200;45110,,,,,
f_f000463,east,3,21,0,0,0,4,50,여,1;4;4;2;1;4;3;6,11,42210;41820;28710,,,,,
f_f000472,east,3,1,0,0,0,2,40,여,2;1;2;4;4;5;6;5,48,50110;48310;47130,,,,,
f_f000479,east,3,22,0,0,0,3,30,여,3;4;2;4;6;3;3;6,44,44230;44180;44710,,,,,
f_f000481,east,3,2,0,0,0,1,40,남,1;7;1;2;2;1;7;1,41,42830;26350;50130,,,,,
f_f000488,east,2,27,0,0,0,1,40,여,2;5;4;2;3;3;6;4,11,42210;41670;30200,,,,,
f_f000495,east,3,4,0,0,0,1,30,남,6;2;2;4;4;4;6;4,30,31200;31170;31710,,,,,
f_f000499,east,3,22,0,0,0,1,40,여,1;1;3;4;4;6;2;5,11,42210;41650;30140,,,,,
f_f000504,east,2,22,0,0,0,1,40,여,2;7;2;2;2;2;6;6,26,31140;47130;48270,,,,,
f_f000505,east,3,22,0,0,0,0,30,여,1;1;2;4;2;2;5;6,11,26500;47730;27110,,,,,
f_f000507,east,2,22,0,0,0,2,40,남,1;7;4;2;3;2;2;5,27,47830;48740;48330,,,,,
f_f000515,east,2,1,0,0,0,0,30,여,1;4;1;4;1;1;1;5,48,48740;47130;42830,,,,,
f_f000517,east,2,11,0,0,0,2,40,남,1;1;1;4;1;1;1;7,41,41590;42150;50110,,,,,
f_f000519,east,2,2,0,0,0,0,40,남,1;4;4;2;2;6;2;1,27,48270;26470;47290,,,,,
f_f000523,east,3,3,0,0,0,0,40,여,3;4;2;2;2;5;2;5,11,41170;45110;50130,,,,,
f_f000526,east,2,11,0,0,0,3,50,남,3;6;2;6;5;5;3;3,48,48730;48850;48220,,,,,
f_f000545,east,3,11,0,0,0,3,40,여,4;4;6;6;6;4;7;7,48,48310;26710;11680,,,,,
f_f000557,east,3,3,0,0,0,3,40,남,3;3;3;4;5;6;2;5,47,47130;47170;47770,,,,,
f_f000560,east,2,24,0,0,0,0,30,여,1;5;3;5;2;4;3;6,48,48270;26440;42230,,,,,
f_f000566,east,2,3,0,0,0,3,50,남,2;2;2;5;3;6;2;2,47,47130;47770;47210,,,,,
f_f000576,east,3,2,0,0,0,4,40,여,4;4;2;2;2;4;6;6,11,42150;28185;26350,,,,,
f_f000581,east,2,2,0,0,0,3,50,여,1;1;3;2;4;4;2;5,11,50130;26350;42150,,,,,
f_f000587,east,3,21,0,0,0,0,20,여,2;2;2;5;2;6;7;3,41,50110;42170;26350,,,,,
f_f000592,east,3,1,0,0,0,2,60,여,1;2;1;1;2;2;1;3,41,42210;41820;41830,,,,,
f_f000601,east,3,3,0,0,0,1,20,여,2;3;4;6;3;5;6;6,45,11680;26530;50110,,,,,
f_f000604,east,3,22,0,0,0,0,20,여,4;5;3;5;7;7;5;7,41,11110;11170;11650,,,,,
f_f000606,east,3,23,0,0,0,3,30,여,6;2;1;4;2;2;2;4,11,26710;46130;47130,,,,,
f_f000613,east,3,2,0,0,0,0,30,여,3;2;2;2;2;1;4;7,11,42210;50130;26110,,,,,
f_f000616,east,3,2,0,0,0,0,20,여,3;4;5;6;5;4;5;2,26,26500;27110;46150,,,,,
f_f000618,east,3,23,0,0,0,1,40,여,4;1;4;1;1;4;2;4,26,50130;47130;48310,,,,,
f_f000623,east,3,1,0,0,0,0,20,여,2;1;2;1;3;1;6;4,11,42150;50110;42210,,,,,
f_f000624,east,3,8,0,0,0,1,30,남,2;2;6;3;2;6;6;2,41,41590;42150;42760,,,,,
f_f000626,east,3,24,0,0,0,1,40,남,1;1;7;4;4;4;7;4,11,44130;48170;42830,,,,,
f_f000633,east,3,1,0,0,0,1,30,남,1;2;2;4;3;6;2;6,11,42150;50110;41820,,,,,
f_f000635,east,3,25,0,0,0,1,40,남,1;2;2;5;6;2;2;2,41,42720;41820;42830,,,,,
f_f000643,east,3,1,0,0,0,2,40,여,4;4;4;4;4;4;3;6,48,50130;50110;26710,,,,,
f_f000645,east,3,22,0,0,0,3,30,남,4;2;3;2;2;4;5;6,41,26500;45110;42150,,,,,
f_f000646,east,3,1,0,0,0,3,50,남,1;1;1;5;7;7;1;7,27,50130;48220;11680,,,,,
f_f000659,east,3,10,0,0,0,7,40,남,7;1;4;1;1;7;4;7,28,48170;26470;28185,,,,,
f_f000667,east,3,12,0,0,0,0,20,여,1;1;1;3;3;2;3;7,28,26500;42210;46780,,,,,
f_f000668,east,3,21,0,0,0,3,30,남,1;1;1;1;7;7;7;7,27,50110;50130;11680,,,,,
f_f000675,east,3,22,0,0,0,1,20,여,3;5;1;2;6;2;6;2,11,41360;41460;42210,,,,,
f_f000677,east,3,10,0,0,0,3,50,여,1;2;4;2;3;4;5;4,11,50130;42150;41820,,,,,
f_f000679,east,3,1,0,0,0,0,30,여,4;3;2;6;6;2;6;7,45,11110;46710;45800,,,,,
f_f000684,east,3,10,0,0,0,1,20,여,1;2;2;4;3;6;6;6,41,42150;50130;47130,,,,,
f_f000685,east,2,2,0,0,0,2,30,여,6;2;3;5;5;6;2;6,27,47130;26710;30200,,,,,
f_f000686,east,2,5,0,0,0,1,40,남,3;7;5;1;3;4;6;2,11,50110;42150;41280,,,,,
f_f000692,east,3,1,0,0,0,2,50,여,1;3;3;4;3;3;3;4,41,26350;50130;45190,,,,,
f_f000693,east,3,1,0,0,0,1,40,여,2;2;1;4;4;4;2;5,48,48220;46130;50130,,,,,
f_f000696,east,3,6,0,0,0,2,30,여,2;1;2;1;3;4;4;6,41,42150;45110;50110,,,,,
f_f000697,east,3,21,0,0,0,2,40,여,4;6;1;4;5;4;1;7,27,47130;47770;11110,,,,,
f_f000699,east,2,12,0,0,0,7,40,남,3;4;4;3;3;5;3;5,42,42150;42210;50130,,,,,
f_f000701,east,3,2,0,0,0,0,20,여,1;1;1;3;3;1;7;1,11,42110;45110;50130,,,,,
f_f000705,east,2,1,0,0,0,0,20,여,2;5;2;2;6;4;1;7,48,50130;50110;11680,,,,,
f_f000709,east,3,5,0,0,0,2,20,여,2;4;5;3;6;6;2;7,11,50130;26500;42150,,,,,
f_f000711,east,2,21,0,0,0,0,30,남,4;2;2;5;4;4;5;6,27,26350;11110;11230,,,,,
f_f000721,east,3,5,0,0,0,2,40,여,2;1;3;6;6;6;1;7,41,42820;26530;11680,,,,,
f_f000723,east,2,4,0,0,0,1,20,여,1;3;3;2;2;2;5;4,46,26710;30140;29140,,,,,
f_f000726,east,3,21,0,0,0,1,40,여,2;3;2;4;4;5;2;6,29,46710;46790;46880,,,,,
f_f000728,east,3,1,0,0,0,0,40,여,1;7;1;4;1;1;4;4,43,50110;26350;42150,,,,,
f_f000731,east,3,23,0,0,0,3,50,여,1;2;2;2;2;3;3;3,26,46150;48310;31710,,,,,
f_f000733,east,2,22,0,0,0,0,30,여,2;7;5;2;6;3;5;7,30,11110;47130;46150,,,,,
f_f000734,east,3,11,0,0,0,1,40,여,1;4;2;3;4;2;5;2,41,50110;50130;47130,,,,,
f_f000735,east,3,3,0,0,0,3,20,남,1;1;1;5;1;1;1;7,30,42210;26710;42150,,,,,
f_f000736,east,3,21,0,0,0,1,30,여,3;3;2;3;3;4;6;5,11,50130;26350;41460,,,,,
f_f000739,east,3,10,0,0,0,3,50,여,4;4;6;6;5;4;4;5,48,48840;48240;48860,,,,,
f_f000741,east,2,1,0,0,0,3,50,남,2;4;4;2;4;2;2;6,48,48840;48120;46150,,,,,
f_f000744,east,2,22,0,0,0,0,40,여,1;3;2;4;2;2;3;3,11,50130;50110;42150,,,,,
f_f000746,east,2,9,0,0,0,4,40,남,2;3;2;2;7;4;1;4,31,50130;46130;26350,,,,,
f_f000751,east,3,1,0,0,0,3,40,여,2;1;4;2;2;4;2;4,11,42210;41830;50110,,,,,
f_f000754,east,3,1,0,0,0,1,30,남,2;6;3;4;5;4;3;5,11,42230;42830;41460,,,,,
f_f000760,east,3,22,0,0,0,1,40,남,2;1;1;3;2;2;2;3,11,26350;41110;50110,,,,,
f_f000762,east,3,1,0,0,0,3,50,여,1;3;2;6;1;3;2;6,43,42150;30200;50130,,,,,
f_f000770,east,3,1,0,0,0,1,40,남,2;3;4;3;2;2;5;3,48,26380;31140;45110,,,,,
f_f000773,east,2,25,0,0,0,0,40,여,4;2;2;2;3;5;2;3,47,47130;50130;27260,,,,,
f_f000776,east,3,2,0,0,0,1,20,남,4;2;1;4;4;3;6;5,41,26350;42150;30140,,,,,
f_f000779,east,2,3,0,0,0,1,30,여,4;4;4;2;4;4;6;6,26,50130;47130;11110,,,,,
f_f000783,east,3,2,0,0,0,1,40,여,1;4;1;4;3;1;2;7,11,48840;26710;42830,,,,,
f_f000785,east,3,12,0,0,0,0,30,여,2;2;3;2;3;5;5;6,11,42150;42210;48220,,,,,
f_f000787,east,3,21,0,0,0,1,20,남,5;3;2;5;6;2;1;5,41,50130;42150;42210,,,,,
f_f000788,east,3,13,0,0,0,0,50,남,4;5;2;2;6;4;2;6,41,47130;42760;42230,,,,,
f_f000797,east,3,1,0,0,0,2,30,여,4;2;4;5;6;4;1;7,47,47130;27260;26350,,,,,
f_f000799,east,3,1,0,0,0,2,40,남,6;4;4;3;3;4;3;3,11,28185;30200;41480,,,,,
f_f000801,east,2,4,0,0,0,1,40,여,4;4;5;2;2;3;6;6,28,42150;42210;50130,,,,,
f_f000806,east,3,2,0,0,0,1,30,남,2;1;2;4;2;1;6;7,11,50110;48220;42150,,,,,
f_f000813,east,3,2,0,0,0,5,40,여,2;1;3;1;1;5;5;6,41,50130;26350;42210,,,,,
f_f000816,east,3,1,0,0,0,3,20,여,4;1;1;3;4;5;1;7,47,27110;30200;11440,,,,,
f_f000818,east,3,5,0,0,0,1,30,남,3;1;4;6;4;3;5;7,11,42150;48220;46150,,,,,
f_f000827,east,3,3,0,0,0,2,50,여,1;1;4;1;1;4;2;7,11,26350;41830;42210,,,,,
f_f000828,east,3,21,0,0,0,4,40,여,3;1;1;3;3;4;2;5,26,47110;45730;48310,,,,,
f_f000834,east,3,1,0,0,0,2,40,남,4;1;2;4;2;6;5;6,11,26710;50130;42210,,,,,
f_f000839,east,3,22,0,0,0,2,50,여,2;1;1;2;4;4;1;7,41,50130;48220;47130,,,,,
f_f000842,east,2,2,0,0,0,3,40,여,2;2;1;4;2;3;3;7,26,50130;42230;47930,,,,,
f_f000843,east,3,27,0,0,0,3,60,남,3;1;3;3;2;3;3;4,11,42830;45790;47920,,,,,
f_f000848,east,2,11,0,0,0,2,50,남,4;5;4;2;4;4;4;5,48,27260;48720;26350,,,,,
f_f000849,east,2,22,0,0,0,0,20,여,2;3;4;2;1;4;5;3,11,50110;46130;42150,,,,,
f_f000855,east,3,22,0,0,0,3,60,여,5;6;6;1;1;6;6;2,11,42150;41480;41280,,,,,
f_f000859,east,2,22,0,0,0,1,40,남,4;4;2;1;4;6;7;7,47,26350;42150;50110,,,,,
f_f000873,east,3,22,0,0,0,1,30,여,3;2;3;3;6;3;3;2,11,50130;30200;41360,,,,,
f_f000874,east,3,8,0,0,0,1,20,여,3;3;4;3;5;5;3;6,11,42150;42170;45130,,,,,
f_f000875,east,3,12,0,0,0,3,50,남,5;3;3;3;4;4;2;5,30,26350;11440;46130,,,,,
f_f000876,east,3,27,0,0,0,2,50,여,1;2;2;5;2;2;2;6,11,50130;42170;46910,,,,,
f_f000881,east,3,22,0,0,0,1,30,여,2;2;1;4;4;4;5;6,41,42150;47130;46710,,,,,
f_f000885,east,3,1,0,0,0,1,40,여,6;2;7;1;6;6;3;7,41,46150;11440;50110,,,,,
f_f000893,east,3,1,0,0,0,1,30,남,4;3;3;4;4;5;3;6,11,42150;50130;41830,,,,,
f_f000894,east,3,1,0,0,0,1,20,남,4;3;2;6;6;6;4;6,29,26350;11680;42150,,,,,
f_f000900,east,3,21,0,0,0,2,40,남,1;4;4;1;1;1;3;5,41,42150;41830;50130,,,,,
f_f000904,east,3,25,0,0,0,3,20,여,2;1;3;2;1;2;1;7,30,11680;42170;44825,,,,,
f_f000905,east,3,1,0,0,0,0,20,여,6;2;2;1;2;3;1;4,41,42210;50110;48850,,,,,
f_f000908,east,2,9,0,0,0,1,30,남,6;4;2;6;6;2;2;5,27,47110;47130;27710,,,,,
f_f000913,east,3,1,0,0,0,1,30,남,4;2;2;2;2;3;6;7,41,50130;50110;48220,,,,,
f_f000914,east,3,3,0,0,0,1,40,여,1;3;2;1;2;3;7;4,48,50130;46150;26500,,,,,
f_f000916,east,2,9,0,0,0,1,30,남,2;7;2;4;2;2;4;4,27,47190;47150;47110,,,,,
f_f000918,east,3,21,0,0,0,3,20,여,4;2;5;2;3;3;1;7,11,11440;41360;42110,,,,,
f_f000927,east,3,23,0,0,0,3,40,여,3;4;3;4;5;5;4;4,26,48270;47130;48220,,,,,
f_f000932,east,3,5,0,0,0,3,20,여,1;1;2;6;1;5;7;6,11,26350;42170;42230,,,,,
f_f000936,east,3,21,0,0,0,1,20,여,1;1;4;3;2;2;6;6,27,26350;47130;47110,,,,,
f_f000942,east,3,6,0,0,0,0,20,여,3;3;3;4;4;5;3;5,48,11140;26500;50110,,,,,
f_f000944,east,3,1,0,0,0,1,30,여,4;2;6;2;1;4;2;6,48,27110;26710;50130,,,,,
f_f000945,east,3,10,0,0,0,2,50,남,2;3;5;3;2;2;2;3,11,50130;41830;42720,,,,,
f_f000947,east,3,1,0,0,0,3,50,남,4;4;4;4;4;6;3;3,42,42130;41450;42150,,,,,
f_f000951,east,3,1,0,0,0,1,20,여,3;1;1;6;1;7;7;6,27,50110;11680;26350,,,,,
f_f000953,east,2,22,0,0,0,0,20,남,4;4;4;3;4;4;3;4,31,11590;47820;44200,,,,,
f_f000954,east,2,1,0,0,0,1,20,남,3;3;3;3;3;3;3;3,48,50110;46130;27200,,,,,
f_f000958,east,2,2,0,0,0,2,30,여,4;4;3;2;5;3;4;5,27,26710;47130;27710,,,,,
f_f000960,east,3,21,0,0,0,3,30,남,4;2;2;2;4;6;1;5,41,50110;50130;42150,,,,,
f_f000972,east,3,1,0,0,0,3,40,여,3;2;1;4;5;5;5;7,11,42210;50130;26350,,,,,
f_f000976,east,3,26,0,0,0,3,40,여,3;2;1;2;1;5;4;3,48,50130;47110;48310,,,,,
f_f000995,east,3,1,0,0,0,3,50,남,1;1;1;1;1;1;1;7,45,50110;45750;46130,,,,,
f_f001000,east,3,3,0,0,0,0,30,여,3;1;3;1;5;4;2;5,41,42210;43150;50130,,,,,
f_f001012,east,2,3,0,0,0,1,40,남,4;7;4;1;4;4;5;6,26,48250;48330;47130,,,,,
f_f001013,east,3,8,0,0,0,3,30,여,6;7;6;2;3;6;6;6,48,26530;46150;46130,,,,,
f_f001014,east,3,22,0,0,0,1,40,여,1;1;4;2;1;1;1;7,48,26350;48850;50130,,,,,
f_f001019,east,2,2,0,0,0,3,40,남,6;3;2;4;3;3;2;4,11,26350;27260;31710,,,,,
f_f001024,east,3,12,0,0,0,1,40,여,1;4;1;3;6;4;6;6,11,42150;42210;50110,,,,,
f_f001027,east,2,12,0,0,0,2,60,여,2;4;1;2;2;4;2;6,11,42210;50130;41830,,,,,
f_f001028,east,3,5,0,0,0,2,50,여,4;3;1;2;6;6;1;5,41,41110;26350;50130,,,,,
f_f001043,east,3,1,0,0,0,0,30,여,5;2;2;5;6;4;2;3,41,42150;45110;50110,,,,,
f_f001058,east,3,1,0,0,0,0,30,여,5;2;4;4;6;2;5;5,41,41820;42150;26320,,,,,
f_f001061,east,3,11,0,0,0,3,40,남,4;4;4;4;4;4;4;4,47,50110;42150;46130,,,,,
f_f001062,east,3,1,0,0,0,1,20,남,2;2;3;3;2;5;3;6,27,27260;47110;47130,,,,,
f_f001070,east,3,24,0,0,0,3,60,남,1;4;4;5;4;2;6;2,11,48250;47130;26710,,,,,
f_f001071,east,2,2,0,0,0,3,40,여,3;5;2;5;5;1;6;4,48,50130;46130;48840,,,,,
f_f001073,east,2,22,0,0,0,0,40,남,4;3;5;3;3;5;3;6,27,47130;26710;11230,,,,,
f_f001077,east,2,24,0,0,0,3,40,남,4;6;6;6;6;7;6;1,42,42770;42830;41270,,,,,
f_f001078,east,3,9,0,0,0,0,20,여,4;5;3;5;3;2;6;6,41,42750;26440;11710,,,,,
f_f001093,east,3,2,0,0,0,2,60,여,2;2;1;2;3;2;2;4,27,50130;26350;42150,,,,,
f_f001098,east,3,21,0,0,0,1,50,남,1;6;2;2;3;2;2;4,11,50130;50110;42150,,,,,
f_f001100,east,3,2,0,0,0,1,30,여,1;1;2;4;6;6;2;7,27,47930;50130;48310,,,,,
f_f001104,east,3,5,0,0,0,1,40,여,2;4;2;3;6;6;2;7,28,42210;47130;46820,,,,,
f_f001108,east,3,22,0,0,0,3,40,여,4;4;4;4;5;4;5;4,28,42150;41110;50130,,,,,
f_f001109,east,3,13,0,0,0,3,50,남,2;4;1;4;6;4;4;4,31,47130;48310;48270,,,,,
f_f001114,east,2,9,0,0,0,1,20,남,1;3;2;3;6;2;3;6,26,47130;48120;48310,,,,,
f_f001120,east,3,25,0,0,0,1,40,여,2;4;5;4;3;5;4;4,48,26710;48330;31170,,,,,
f_f001125,east,2,22,0,0,0,1,30,여,2;2;2;2;4;4;2;3,47,50110;42170;46150,,,,,
f_f001129,east,3,24,0,0,0,0,30,여,2;3;2;2;2;2;7;2,41,26500;42110;41110,,,,,
f_f001130,east,2,1,0,0,0,1,40,여,3;3;6;4;3;4;2;3,31,46110;42210;50130,,,,,
f_f001133,east,3,4,0,0,0,1,40,남,4;2;2;1;3;4;2;6,11,42130;50130;44760,,,,,
f_f001136,east,3,1,0,0,0,3,50,남,2;3;4;3;2;6;3;3,47,50130;42210;48310,,,,,
f_f001146,east,3,1,0,0,0,0,20,여,2;1;7;6;1;7;7;7,42,42210;42830;42150,,,,,
f_f001148,east,3,21,0,0,0,2,50,여,1;3;3;2;4;6;4;6,41,42130;42150;30200,,,,,
f_f001154,east,3,8,0,0,0,1,30,남,3;2;2;4;3;4;2;1,31,26710;47130;50110,,,,,
f_f001162,east,3,3,0,0,0,2,40,남,3;4;5;3;5;5;5;2,47,26350;47820;50130,,,,,
f_f001165,east,3,10,0,0,0,8,40,여,2;1;2;3;6;6;2;7,48,48860;50110;30200,,,,,
f_f001182,east,3,10,0,0,0,1,40,여,1;4;3;1;7;4;7;7,42,42150;42170;42210,,,,,
f_f001188,east,3,10,0,0,0,1,30,남,2;2;2;1;4;2;2;4,11,50130;26350;47130,,,,,
f_f001196,east,3,28,0,0,0,1,30,남,1;1;1;6;6;4;5;7,11,42110;41360;11110,,,,,
f_f001202,east,3,22,0,0,0,1,30,남,2;2;2;3;2;2;2;2,11,42210;50130;46130,,,,,
f_f001205,east,3,1,0,0,0,1,30,여,3;2;2;3;4;2;4;4,11,42130;50110;47110,,,,,
f_f001208,east,3,2,0,0,0,2,30,남,6;1;1;3;3;7;7;7,27,26350;50130;50110,,,,,
f_f001212,east,3,11,0,0,0,3,50,여,2;4;7;1;1;7;7;5,28,50110;50130;42210,,,,,
f_f001216,east,3,3,0,0,0,1,20,남,1;1;1;5;1;1;6;1,26,48220;26710;48170,,,,,
f_f001217,east,3,1,0,0,0,1,30,여,2;2;2;2;4;4;5;6,27,11650;31140;47290,,,,,
f_f001219,east,2,3,0,0,0,1,40,여,2;4;3;4;2;3;6;4,26,50110;42150;46130,,,,,
f_f001232,east,2,22,0,0,0,1,20,여,2;4;3;3;3;5;1;7,26,47130;48310;42150,,,,,
f_f001235,east,3,12,0,0,0,2,20,여,4;4;2;2;4;3;3;6,43,11680;26500;50130,,,,,
f_f001238,east,3,21,0,0,0,3,50,여,4;4;4;4;4;5;3;4,27,50130;48840;46130,,,,,
f_f001240,east,2,21,0,0,0,1,50,남,2;3;2;5;2;2;3;7,31,50110;26350;27140,,,,,
f_f001244,east,3,1,0,0,0,1,40,남,1;6;2;4;2;6;1;6,36,43760;44790;43730,,,,,
f_f001251,east,2,22,0,0,0,2,40,남,3;4;2;3;6;3;7;2,48,42210;11410;50130,,,,,
f_f001257,east,3,26,0,0,0,1,20,여,5;1;1;2;1;1;1;6,48,11680;42820;26530,,,,,
f_f001258,east,2,2,0,0,0,1,30,여,4;2;1;4;4;4;5;6,26,48310;47130;31710,,,,,
f_f001259,east,2,2,0,0,0,1,30,남,2;4;1;6;6;4;2;7,47,47130;47170;27260,,,,,
f_f001264,east,3,1,0,0,0,1,50,남,1;1;1;4;5;1;1;1,41,42760;42770;46110,,,,,
f_f001271,east,3,4,0,0,0,2,20,여,1;1;1;4;4;5;7;6,28,26500;29170;50110,,,,,
f_f001272,east,2,22,0,0,0,0,30,남,4;3;4;3;3;4;4;4,48,48850;11680;50130,,,,,
f_f001276,east,3,1,0,0,0,4,30,남,1;1;4;6;1;4;5;6,26,11680;47130;48310,,,,,
f_f001281,east,3,21,0,0,0,0,40,여,2;3;2;1;4;3;4;2,26,50130;46130;42150,,,,,
f_f001287,east,2,13,0,0,0,2,60,여,3;6;4;3;4;3;2;6,27,47850;48840;42110,,,,,
f_f001292,east,3,11,0,0,0,2,20,남,3;1;1;5;6;6;2;5,11,50130;42210;31170,,,,,
f_f001299,east,3,2,0,0,0,3,50,남,2;5;6;6;2;6;6;5,48,48730;48840;47130,,,,,
f_f001312,east,3,27,0,0,0,3,40,여,3;3;3;3;3;3;3;3,30,44825;42150;26710,,,,,
f_f001315,east,2,21,0,0,0,2,30,남,2;6;2;3;2;6;1;6,27,47130;26230;11650,,,,,
f_f001319,east,3,11,0,0,0,3,50,여,2;2;1;5;6;5;2;5,27,47850;26350;42760,,,,,
f_f001331,east,3,4,0,0,0,1,30,여,2;2;2;2;6;4;1;6,41,42210;26110;50110,,,,,
f_f001333,east,3,12,0,0,0,1,20,여,1;2;2;3;6;2;2;6,11,48310;26350;42150,,,,,
f_f001350,east,3,1,0,0,0,5,50,여,2;2;4;3;4;4;2;4,11,42150;42210;11230,,,,,
f_f001355,east,3,12,0,0,0,1,20,여,2;2;2;2;5;4;3;3,27,26200;50130;42150,,,,,
f_f001357,east,3,21,0,0,0,0,30,여,5;2;6;3;1;6;1;7,11,26230;11440;42150,,,,,
f_f001358,east,3,21,0,0,0,3,30,남,1;1;2;5;5;3;3;7,48,48310;48250;26320,,,,,
f_f001359,east,3,21,0,0,0,2,20,남,4;5;1;4;5;6;2;2,30,26350;27110;11110,,,,,
f_f001369,east,2,4,0,0,0,2,40,남,2;3;1;1;3;5;5;2,26,48250;45800;50110,,,,,
f_f001370,east,3,27,0,0,0,2,20,남,2;2;1;4;4;1;3;4,41,28710;41460;26290,,,,,
f_f001372,east,3,23,0,0,0,1,40,남,5;4;2;2;3;6;6;4,29,50130;11140;26110,,,,,
f_f001373,east,3,1,0,0,0,3,30,남,2;2;3;1;1;5;4;5,48,26350;48310;48840,,,,,
f_f001374,east,3,22,0,0,0,1,50,여,1;1;1;1;1;4;7;4,41,42210;26350;41830,,,,,
f_f001381,east,3,12,0,0,0,1,50,여,1;1;4;4;4;4;6;6,27,48840;42230;26710,,,,,
f_f001393,east,2,5,0,0,0,1,20,여,2;2;4;2;6;4;6;4,41,42150;47130;50110,,,,,
f_f001405,east,3,23,0,0,0,9,50,남,4;1;7;4;3;5;6;2,41,42210;42150;41820,,,,,
f_f001418,east,3,23,0,0,0,1,30,여,2;2;1;2;1;1;1;7,48,47110;47130;48840,,,,,
f_f001419,east,3,4,0,0,0,3,60,남,1;2;2;4;3;5;3;4,11,50130;42210;26350,,,,,
f_f001423,east,2,22,0,0,0,0,30,여,1;7;2;2;6;6;6;2,43,11140;41280;41190,,,,,
f_f001427,east,2,2,0,0,0,3,50,남,1;5;4;2;7;2;1;4,27,48890;47850;44825,,,,,
f_f001433,east,3,4,0,0,0,5,40,여,1;1;2;3;2;4;2;1,41,42150;50110;26350,,,,,
f_f001444,east,3,10,0,0,0,4,50,여,2;6;4;6;6;6;1;7,41,28710;42110;41460,,,,,
f_f001461,east,3,4,0,0,0,3,30,남,6;6;2;5;3;6;3;4,11,41610;30230;27200,,,,,
f_f001462,east,2,1,0,0,0,2,50,여,1;7;3;3;2;3;4;6,43,48220;48310;50130,,,,,
f_f001464,east,3,12,0,0,0,0,30,여,6;2;4;2;5;2;2;7,41,42150;26500;50130,,,,,
f_f001469,east,3,1,0,0,0,0,20,여,2;2;1;3;4;4;4;6,26,50110;42230;28237,,,,,
f_f001474,east,3,1,0,0,0,3,30,여,6;2;6;3;6;6;5;6,41,42150;42210;41130,,,,,
f_f001480,east,3,6,0,0,0,3,30,여,1;7;4;5;5;1;7;4,11,48170;47210;41570,,,,,
f_f001486,east,3,1,0,0,0,1,40,여,1;4;1;4;4;5;7;7,45,42210;48220;44825,,,,,
f_f001490,east,3,22,0,0,0,1,40,여,2;2;3;4;5;5;5;4,11,42210;26350;42830,,,,,
f_f001491,east,2,9,0,0,0,1,30,남,2;2;2;3;5;3;5;6,29,42150;50130;48840,,,,,
f_f001497,east,2,10,0,0,0,1,50,여,2;5;3;3;5;2;5;4,43,42150;43150;41830,,,,,
f_f001501,east,3,10,0,0,0,3,40,남,2;3;5;4;2;4;4;7,41,42830;28110;46710,,,,,
f_f001503,east,3,13,0,0,0,2,50,남,1;1;4;1;4;4;4;4,11,42830;31170;48850,,,,,
f_f001505,east,2,21,0,0,0,3,50,남,2;5;3;5;4;4;4;5,27,50110;47110;11110,,,,,
f_f001509,east,3,22,0,0,0,1,20,남,4;2;3;4;6;5;2;6,11,50110;46130;41650,,,,,
f_f001512,east,3,10,0,0,0,1,50,남,2;3;2;4;4;2;3;4,27,50130;45800;47110,,,,,
f_f001513,east,3,10,0,0,0,1,30,남,4;1;1;3;6;4;6;6,48,50130;26350;42150,,,,,
f_f001520,east,3,10,0,0,0,1,20,남,4;1;1;3;2;4;5;5,27,50130;26350;45110,,,,,
f_f001525,east,3,1,0,0,0,3,40,여,2;4;2;4;4;3;4;4,26,48310;48270;47130,,,,,
f_f001534,east,3,21,0,0,0,1,20,여,2;2;2;4;4;5;3;6,11,50110;42150;26710,,,,,
f_f001538,east,3,1,0,0,0,0,40,여,5;4;3;6;2;2;7;2,41,50110;11110;42210,,,,,
f_f001540,east,3,1,0,0,0,2,60,남,2;2;1;2;7;4;6;7,11,41830;41360;42210,,,,,
f_f001557,east,3,8,0,0,0,3,40,여,4;6;6;6;2;6;2;6,47,47130;27110;47820,,,,,
f_f001559,east,3,21,0,0,0,2,30,여,1;1;1;1;6;1;1;7,45,50130;50110;46710,,,,,
f_f001560,east,3,28,0,0,0,1,40,남,2;5;2;3;6;2;2;5,44,42760;50130;46820,,,,,
f_f001563,east,2,2,0,0,0,1,50,남,1;7;1;3;1;7;1;7,11,50130;50110;42150,,,,,
f_f001564,east,2,22,0,0,0,1,30,여,4;2;3;1;3;2;2;5,11,42150;46110;50130,,,,,
f_f001565,east,3,21,0,0,0,0,20,남,4;4;5;4;4;4;4;4,41,42150;26710;27260,,,,,
f_f001566,east,2,4,0,0,0,1,40,남,4;3;3;5;3;3;3;5,48,45110;50130;42170,,,,,
f_f001567,east,3,2,0,0,0,1,60,남,2;2;2;3;2;2;3;4,47,31710;26350;46130,,,,,
f_f001570,east,2,1,0,0,0,1,40,여,3;3;2;2;2;2;4;3,11,42150;50130;45180,,,,,
f_f001582,east,3,21,0,0,0,1,50,남,4;2;6;2;2;6;6;4,41,42210;26350;50130,,,,,
f_f001586,east,2,6,0,0,0,4,40,남,1;4;2;2;4;4;6;4,26,48840;47130;50130,,,,,
f_f001590,east,3,2,0,0,0,1,40,남,2;4;3;5;4;4;2;5,42,42210;50130;42150,,,,,
f_f001595,east,2,2,0,0,0,3,50,남,4;6;4;2;2;6;6;1,27,48880;50110;26350,,,,,
f_f001596,east,2,2,0,0,0,3,30,여,7;4;6;3;6;4;6;6,27,27290;47840;47130,,,,,
f_f001597,east,2,6,0,0,0,1,40,여,3;3;2;1;1;2;4;4,48,48840;50130;42170,,,,,
f_f001598,east,2,8,0,0,0,6,30,남,2;3;2;2;3;2;3;4,27,50130;26350;47170,,,,,
f_f001600,east,2,4,0,0,0,1,40,여,2;3;6;6;6;4;5;2,11,42110;42150;41110,,,,,
f_f001601,east,2,22,0,0,0,1,30,여,5;6;6;4;5;5;5;2,31,26710;27200;11680,,,,,
f_f001604,east,3,1,0,0,0,3,40,남,4;2;3;3;3;2;5;3,11,42210;44825;42150,,,,,
f_f001626,east,3,2,0,0,0,1,20,여,2;2;1;6;7;2;7;6,11,46110;26350;46130,,,,,
f_f001627,east,2,21,0,0,0,1,40,여,4;7;6;2;4;2;1;1,31,26350;48330;47130,,,,,
f_f001636,east,3,3,0,0,0,1,30,남,1;1;1;5;7;2;7;6,41,50110;26170;47130,,,,,
f_f001638,east,2,12,0,0,0,7,50,여,4;2;2;2;4;4;4;3,26,46130;42760;47130,,,,,
f_f001645,east,3,1,0,0,0,1,30,남,6;1;3;5;4;3;1;7,46,46130;26350;29110,,,,,
f_f001655,east,2,11,0,0,0,2,40,남,2;2;4;4;6;6;2;1,27,47130;11440;50110,,,,,
f_f001661,east,2,24,0,0,0,0,40,여,4;4;3;3;3;2;2;7,41,42150;26350;11140,,,,,
f_f001662,east,3,10,0,0,0,1,20,여,1;1;2;2;4;4;6;6,47,11440;26350;27110,,,,,
f_f001666,east,3,21,0,0,0,2,30,남,6;3;1;2;3;4;2;6,27,50130;26110;48310,,,,,
f_f001667,east,3,1,0,0,0,1,20,여,3;3;4;5;4;4;6;7,29,50110;26350;46130,,,,,
f_f001670,east,2,22,0,0,0,1,40,여,5;2;2;2;2;4;5;5,48,26200;26230;11710,,,,,
f_f001671,east,2,22,0,0,0,1,40,남,1;4;4;2;2;2;6;4,47,50130;46130;42210,,,,,
f_f001672,east,3,8,0,0,0,1,20,남,1;3;2;3;2;1;4;5,27,42830;50130;26350,,,,,
f_f001676,east,2,5,0,0,0,3,50,여,1;6;2;4;1;4;2;7,41,41830;41280;42720,,,,,
f_f001677,east,2,1,0,0,0,1,30,여,1;1;1;4;1;5;7;7,27,50110;26350;30200,,,,,
f_f001685,east,2,22,0,0,0,2,40,여,3;2;1;1;1;1;4;7,42,42830;42110;11680,,,,,
f_f001686,east,3,1,0,0,0,1,20,남,6;1;3;5;5;6;1;4,48,26350;48240;26110,,,,,
f_f001687,east,2,1,0,0,0,3,40,남,1;1;4;6;1;1;1;4,48,48330;47820;46780,,,,,
f_f001692,east,3,1,0,0,0,1,50,여,1;1;1;3;1;5;6;6,48,48840;27170;26530,,,,,
f_f001694,east,3,9,0,0,0,0,30,여,4;4;4;4;4;4;4;4,29,29140;26530;42130,,,,,
f_f001696,east,3,13,0,0,0,2,60,여,2;4;2;3;4;6;3;2,31,50130;48840;46130,,,,,
f_f001700,east,3,12,0,0,0,1,30,여,4;3;3;4;4;4;3;7,31,26710;27230;26350,,,,,
f_f001704,east,3,2,0,0,0,3,40,여,2;4;1;3;3;6;1;7,42,42830;41360;42820,,,,,
f_f001705,east,2,5,0,0,0,3,40,여,2;6;5;6;5;4;6;2,26,50110;48860;43150,,,,,
f_f001711,east,3,21,0,0,0,1,30,남,3;3;3;5;4;5;3;5,48,27710;26710;31140,,,,,
f_f001713,east,3,1,0,0,0,6,40,남,4;1;1;6;6;6;2;2,41,41820;42210;44200,,,,,
f_f001719,east,2,1,0,0,0,0,50,여,1;1;2;2;2;1;2;5,48,48840;26710;50130,,,,,
f_f001731,east,3,21,0,0,0,1,30,남,2;2;1;2;4;4;6;5,48,47110;47130;48120,,,,,
f_f001732,east,2,2,0,0,0,2,20,여,3;4;2;4;2;2;6;6,26,47130;26710;31140,,,,,
f_f001734,east,3,22,0,0,0,3,30,여,5;1;2;2;2;2;6;3,11,42150;26350;41830,,,,,
f_f001735,east,3,21,0,0,0,3,40,여,1;5;1;2;4;2;3;5,30,45730;26200;45110,,,,,
f_f001738,east,2,9,0,0,0,1,30,여,6;6;2;1;2;3;3;7,31,26350;47130;26710,,,,,
f_f001739,east,3,21,0,0,0,1,30,남,2;1;1;2;3;2;7;5,28,11410;11110;50110,,,,,
f_f001746,east,3,1,0,0,0,1,20,여,3;2;4;2;3;3;4;1,31,47130;26710;46130,,,,,
f_f001748,east,3,22,0,0,0,4,20,여,2;3;2;3;2;2;6;4,41,26350;42150;50110,,,,,
f_f001750,east,3,23,0,0,0,0,20,여,5;5;2;6;5;7;2;5,28,47130;50110;42150,,,,,
f_f001754,east,3,21,0,0,0,3,50,남,6;2;5;7;6;5;6;2,26,48170;47110;46770,,,,,
f_f001759,east,2,2,0,0,0,5,40,남,2;4;2;3;5;5;5;1,11,41610;42210;45110,,,,,
f_f001763,east,3,1,0,0,0,3,40,여,1;1;2;6;2;2;5;7,31,50130;44825;48840,,,,,
f_f001766,east,2,10,0,0,0,2,50,남,3;4;4;1;4;4;1;6,31,26350;50110;11170,,,,,
f_f001767,east,2,3,0,0,0,0,60,남,2;6;3;4;1;4;3;5,26,47170;50130;46150,,,,,
f_f001768,east,3,2,0,0,0,3,50,남,1;7;1;7;2;4;5;4,48,48270;48240;26170,,,,,
f_f001771,east,3,2,0,0,0,0,40,남,4;7;1;3;6;4;2;7,41,41450;41250;42150,,,,,
f_f001782,east,2,22,0,0,0,1,20,남,3;2;2;4;6;6;3;7,27,26350;47130;42150,,,,,
f_f001785,east,3,6,0,0,0,3,40,여,3;3;2;4;4;5;5;4,42,42210;28200;44180,,,,,
f_f001794,east,2,2,0,0,0,2,40,여,1;1;2;4;6;1;2;3,26,50110;11680;46130,,,,,
f_f001797,east,3,4,0,0,0,1,30,여,3;6;1;4;4;7;6;5,28,27230;45130;47110,,,,,
f_f001798,east,3,1,0,0,0,0,30,여,2;1;1;2;6;1;2;6,11,50110;42210;26230,,,,,
f_f001817,east,3,2,0,0,0,3,40,여,2;2;2;7;7;4;6;5,11,48120;48270;42760,,,,,
f_f001821,east,3,23,0,0,0,1,30,남,3;1;3;4;3;4;1;6,26,48740;48120;26230,,,,,
f_f001823,east,3,24,0,0,0,1,40,남,5;3;2;7;1;1;6;1,46,11680;26350;27260,,,,,
f_f001827,east,3,2,0,0,0,3,50,남,2;5;5;3;4;3;5;5,11,42150;41820;42170,,,,,
f_f001831,east,3,6,0,0,0,2,40,남,5;3;2;6;4;4;1;2,46,42130;46790;41670,,,,,
f_f001832,east,3,10,0,0,0,3,40,여,4;2;1;3;4;4;4;5,41,42210;41360;11110,,,,,
f_f001839,east,3,1,0,0,0,1,30,여,4;4;4;4;4;4;4;4,26,50110;26350;41630,,,,,
f_f001840,east,3,1,0,0,0,8,50,여,1;2;2;4;3;1;1;6,41,42210;41670;41500,,,,,
f_f001844,east,3,23,0,0,0,1,20,여,4;4;4;4;2;6;7;7,48,26350;26500;47130,,,,,
f_f001846,east,3,21,0,0,0,1,20,남,2;5;2;6;2;2;6;6,47,26350;26500;47130,,,,,
f_f001850,east,3,1,0,0,0,3,50,여,1;2;1;2;3;1;2;4,41,48840;42820;46800,,,,,
f_f001854,east,3,1,0,0,0,1,30,여,3;1;2;2;4;3;3;5,41,42110;50130;42150,,,,,
f_f001856,east,3,23,0,0,0,1,60,남,1;3;3;5;2;5;2;6,43,42150;28710;41650,,,,,
f_f001865,east,3,21,0,0,0,3,50,여,1;1;7;3;1;2;5;1,11,46110;42760;48840,,,,,
f_f001878,east,3,2,0,0,0,4,40,여,2;4;1;4;4;1;4;7,27,48840;50130;48240,,,,,
f_f001879,east,3,1,0,0,0,2,50,여,1;1;3;2;6;4;6;7,28,42230;42760;50130,,,,,
f_f001880,east,3,22,0,0,0,1,30,여,2;3;3;6;4;3;3;3,11,41650;42780;41480,,,,,
f_f001881,east,2,2,0,0,0,3,30,여,4;6;2;3;2;2;6;5,26,48310;48120;48330,,,,,
f_f001892,east,3,4,0,0,0,1,20,남,5;1;4;1;3;4;3;5,11,42150;50110;50130,,,,,
f_f001895,east,3,21,0,0,0,3,40,여,2;2;3;4;2;1;3;5,41,48850;43800;41650,,,,,
f_f001898,east,3,5,0,0,0,1,40,여,6;2;2;1;2;6;2;5,11,42150;50130;41480,,,,,
f_f001905,east,3,23,0,0,0,11,50,여,2;7;4;5;3;5;5;4,30,50110;26350;28710,,,,,
f_f001911,east,3,21,0,0,0,3,20,남,2;5;1;4;4;2;7;4,11,46130;50110;26350,,,,,
f_f001917,east,3,22,0,0,0,3,30,여,4;1;7;7;1;7;2;2,41,42150;41460;11710,,,,,
f_f001921,east,3,21,0,0,0,0,30,남,1;1;7;7;1;1;7;1,11,42210;27110;46130,,,,,
f_f001926,east,2,1,0,0,0,1,30,남,3;2;3;3;6;3;5;6,26,50110;31710;48170,,,,,
f_f001932,east,3,3,0,0,0,3,50,여,4;1;4;1;1;2;7;7,41,42150;50130;28720,,,,,
f_f001933,east,3,22,0,0,0,1,60,여,2;2;1;5;5;3;2;6,41,42210;48840;44200,,,,,
f_f001949,east,3,21,0,0,0,1,40,남,3;2;2;3;3;3;2;5,41,42210;50130;11110,,,,,
f_f001951,east,3,2,0,0,0,1,20,여,7;1;1;3;6;3;2;6,26,50130;45110;47130,,,,,
f_f001955,east,3,5,0,0,0,1,30,남,1;2;5;5;7;5;7;7,11,42830;42150;28110,,,,,
f_f001956,east,3,11,0,0,0,3,50,남,4;6;2;2;4;3;5;1,11,50130;42210;26350,,,,,
f_f001959,east,3,13,0,0,0,1,40,여,2;1;3;3;3;3;3;3,11,42170;50110;46130,,,,,
f_f001960,east,2,23,0,0,0,1,30,여,1;3;2;2;2;2;1;3,11,48310;47130;27140,,,,,
f_f001963,east,3,2,0,0,0,1,20,여,2;2;5;3;2;4;5;3,27,27230;26350;47130,,,,,
f_f001969,east,3,5,0,0,0,2,40,여,3;2;6;3;3;3;5;5,41,42830;42110;41820,,,,,
f_f001972,east,2,1,0,0,0,1,30,남,4;1;1;2;1;4;1;7,48,48120;26230;26440,,,,,
f_f001973,east,3,5,0,0,0,1,20,남,6;1;1;1;1;1;7;7,27,47130;48840;47110,,,,,
f_f001974,east,3,21,0,0,0,1,30,남,4;1;4;2;4;2;2;7,47,26500;47110;48220,,,,,
f_f001982,east,3,28,0,0,0,1,20,여,4;3;6;4;2;2;1;6,41,42210;44825;27290,,,,,
f_f001985,east,3,12,0,0,0,1,50,남,1;4;2;4;3;2;6;6,26,48220;46130;48270,,,,,
f_f001987,east,3,3,0,0,0,0,30,남,1;1;1;7;4;1;7;7,42,42820;50110;11230,,,,,
f_f001988,east,3,1,0,0,0,7,30,여,1;1;1;1;7;4;1;4,41,11170;42730;44180,,,,,
f_f001989,east,2,2,0,0,0,2,40,여,4;4;4;4;3;3;2;2,27,47820;47170;50130,,,,,
f_f001990,east,3,6,0,0,0,1,30,남,1;2;1;3;6;3;6;6,31,47130;26350;48310,,,,,
f_f001999,east,3,2,0,0,0,3,40,남,3;4;7;7;7;5;1;4,41,42760;28237;47230,,,,,
f_f002000,east,3,22,0,0,0,1,20,남,2;4;3;5;6;2;3;6,11,42210;43800;42150,,,,,
f_f002004,east,2,21,0,0,0,3,40,남,2;4;2;4;1;3;3;4,26,50130;42230;47930,,,,,
f_f002007,east,3,1,0,0,0,11,30,여,4;4;4;4;4;4;4;4,26,30110;27290;11545,,,,,
f_f002010,east,3,12,0,0,0,3,20,여,1;1;6;3;4;3;5;4,28,42150;42210;44825,,,,,
f_f002017,east,2,1,0,0,0,1,30,남,1;1;1;2;1;1;1;7,11,50110;42170;43150,,,,,
f_f002020,east,3,21,0,0,0,1,20,여,2;2;2;2;2;2;6;7,11,42150;48840;44150,,,,,
f_f002030,east,2,25,0,0,0,0,20,여,2;1;1;1;3;4;4;7,28,42150;44150;46130,,,,,
f_f002032,east,2,24,0,0,0,1,50,여,4;4;4;4;4;4;4;4,31,47130;27710;26290,,,,,
f_f002037,east,3,22,0,0,0,3,30,남,3;2;4;3;5;6;5;3,41,42150;50130;28710,,,,,
f_f002039,east,3,1,0,0,0,1,20,남,4;2;3;4;4;5;3;6,31,50110;26350;47130,,,,,
f_f002040,east,3,2,0,0,0,1,20,여,3;2;3;3;3;3;3;6,28,46150;45110;42170,,,,,
f_f002042,east,3,8,0,0,0,7,40,여,1;1;1;1;1;2;6;2,26,48310;47130;50110,,,,,
f_f002044,east,3,1,0,0,0,3,30,남,2;1;2;2;4;2;6;6,11,50130;28110;44200,,,,,
f_f002045,east,3,22,0,0,0,2,50,남,4;3;2;4;6;6;2;7,26,46730;48310;31710,,,,,
f_f002046,east,3,10,0,0,0,1,30,남,1;1;3;3;3;3;6;3,11,42210;42830;46130,,,,,
f_f002049,east,3,22,0,0,0,0,20,남,4;3;1;6;4;6;7;7,26,11110;41610;31140,,,,,
f_f002053,east,3,5,0,0,0,1,30,남,1;2;1;4;4;3;1;6,47,48310;26710;50130,,,,,
f_f002054,east,2,21,0,0,0,1,30,남,4;2;2;3;5;4;5;5,48,42150;41650;48310,,,,,
f_f002056,east,3,5,0,0,0,2,50,남,2;2;2;1;1;6;2;2,11,42210;27200;42720,,,,,
f_f002058,east,3,12,0,0,0,3,40,남,3;3;2;3;3;2;6;4,48,11560;26380;48840,,,,,
f_f002059,east,2,21,0,0,0,6,30,남,2;2;2;3;6;2;2;6,11,42150;42210;46110,,,,,
f_f002062,east,3,21,0,0,0,0,30,여,2;6;6;7;7;2;7;7,27,47130;47280;11530,,,,,
f_f002063,east,2,22,0,0,0,2,20,남,4;1;3;2;4;5;5;6,27,50110;50130;26710,,,,,
f_f002071,east,2,1,0,0,0,3,30,여,3;2;6;2;2;7;3;1,47,27110;26350;47130,,,,,
f_f002072,east,3,12,0,0,0,1,30,여,2;2;1;7;4;4;3;4,11,50130;50110;42150,,,,,
f_f002073,east,2,12,0,0,0,2,30,여,2;1;4;1;4;6;3;7,11,42210;41250;42150,,,,,
f_f002082,east,2,22,0,0,0,1,30,여,2;7;3;6;5;3;7;6,27,47110;47290;47130,,,,,
f_f002083,east,3,1,0,0,0,6,20,남,3;2;1;3;4;4;6;5,11,50130;41290;26350,,,,,
f_f002087,east,2,4,0,0,0,1,60,여,2;3;4;3;3;5;4;2,31,26710;26350;47130,,,,,
f_f002088,east,3,27,0,0,0,1,40,여,1;1;1;3;1;4;6;4,26,46110;42210;50110,,,,,
f_f002094,east,3,1,0,0,0,1,30,여,2;1;1;2;5;2;7;5,41,50130;42210;42170,,,,,
f_f002097,east,3,2,0,0,0,1,30,여,4;3;3;4;3;4;4;4,41,26350;42150;30200,,,,,
f_f002101,east,2,21,0,0,0,3,40,여,4;1;1;1;4;4;7;7,48,48730;47130;11410,,,,,
f_f002102,east,3,12,0,0,0,1,30,여,2;1;2;6;6;6;2;7,41,50130;26170;42830,,,,,
f_f002103,east,2,22,0,0,0,1,30,남,6;6;6;3;3;6;2;6,47,47130;30110;50130,,,,,
f_f002114,east,2,21,0,0,0,1,30,남,3;6;5;2;4;3;4;3,26,26710;47130;11140,,,,,
f_f002116,east,3,2,0,0,0,2,40,남,2;3;3;4;5;4;3;5,48,48310;48220;48840,,,,,
f_f002117,east,3,12,0,0,0,8,40,여,5;3;4;5;3;3;6;5,47,48220;47110;42150,,,,,
f_f002119,east,2,2,0,0,0,1,40,남,2;4;1;2;2;2;5;4,26,48220;50130;31110,,,,,
f_f002123,east,3,2,0,0,0,3,30,남,2;2;5;2;1;2;2;6,47,27110;26350;50110,,,,,
f_f002428,east,2,13,0,0,0,1,30,여,1;2;1;2;4;1;1;5,26,26350;28140;31140,,,,,
f_f002438,east,3,22,0,0,0,4,30,여,2;1;1;2;5;5;2;6,11,42150;26200;42110,,,,,
f_f002445,east,3,2,0,0,0,1,40,남,2;2;2;3;4;6;2;6,36,42210;45110;46130,,,,,
f_f002449,east,3,22,0,0,0,1,30,여,4;4;4;4;5;4;6;6,27,47840;26350;48880,,,,,
f_f002451,east,3,1,0,0,0,1,60,여,1;1;7;7;1;7;7;1,48,27290;47930;47770,,,,,
f_f002452,east,2,13,0,0,0,1,60,남,2;4;2;2;2;4;4;3,27,47130;48220;26350,,,,,
f_f002457,east,3,24,0,0,0,2,40,남,1;5;4;6;5;4;5;7,11,43800;26470;50110,,,,,
f_f002459,east,2,1,0,0,0,0,50,여,2;2;6;1;2;2;6;2,47,27290;47130;47250,,,,,
f_f002462,east,3,1,0,0,0,1,20,여,4;2;1;2;6;2;2;6,11,42150;50110;41280,,,,,
f_f002464,east,3,1,0,0,0,1,30,여,5;2;2;3;4;6;3;7,41,50130;42150;46130,,,,,
f_f002465,east,3,22,0,0,0,2,20,여,5;2;2;4;2;6;6;3,41,42150;43800;46130,,,,,
f_f002466,east,2,22,0,0,0,1,30,여,1;2;1;3;5;2;2;5,41,28720;42150;26500,,,,,
f_f002468,east,3,21,0,0,0,1,30,남,2;2;4;3;2;3;2;5,26,50130;48310;47130,,,,,
f_f002473,east,2,22,0,0,0,1,40,여,1;1;1;1;7;1;1;7,47,42210;50110;47940,,,,,
f_f002475,east,3,2,0,0,0,3,50,남,1;6;6;2;2;6;2;1,42,41820;42150;42210,,,,,
f_f002480,east,3,22,0,0,0,1,30,여,2;6;7;2;3;3;2;7,11,42230;48880;44825,,,,,
f_f002485,east,3,1,0,0,0,3,60,남,1;3;1;4;4;3;2;6,26,46130;42230;44825,,,,,
f_f002492,east,3,1,0,0,0,4,50,남,6;6;3;4;6;6;5;3,47,47730;27260;47130,,,,,
f_f002494,east,2,25,0,0,0,1,30,남,3;1;1;1;1;6;7;6,31,50110;47130;26350,,,,,
f_f002495,east,3,7,0,0,0,1,30,남,2;2;1;3;4;4;2;3,31,26230;47130;48840,,,,,
f_f002498,east,3,22,0,0,0,0,20,여,4;4;6;6;5;6;5;4,26,48310;48220;26350,,,,,
f_f002500,east,3,21,0,0,0,1,30,남,4;2;6;1;1;6;7;4,46,48310;48220;48820,,,,,
f_f002501,east,3,26,0,0,0,3,50,여,3;4;2;3;4;3;5;6,27,50130;46890;26350,,,,,
f_f002502,east,2,2,0,0,0,1,40,남,2;3;2;4;2;4;3;5,31,50130;42150;48220,,,,,
f_f002503,east,3,11,0,0,0,1,50,여,4;1;3;4;7;4;1;7,48,48310;47130;50110,,,,,
f_f002505,east,3,12,0,0,0,0,20,여,4;1;1;6;7;3;7;5,11,42210;42150;11440,,,,,
f_f002506,east,3,2,0,0,0,0,50,남,1;2;1;6;1;1;2;7,11,42210;42150;28710,,,,,
f_f002507,east,3,5,0,0,0,0,20,여,4;2;2;1;2;4;2;6,31,26350;26710;31200,,,,,
f_f002510,east,3,26,0,0,0,0,20,여,2;1;1;3;1;6;1;7,11,50130;42150;26350,,,,,
f_f002511,east,3,13,0,0,0,1,30,여,3;2;3;2;3;4;6;6,41,42150;42210;47130,,,,,
f_f002512,east,3,2,0,0,0,1,60,남,1;1;1;3;6;5;2;7,41,42770;42230;26350,,,,,
f_f002513,east,3,22,0,0,0,1,30,여,2;1;1;5;6;2;6;6,29,50110;48310;26350,,,,,
f_f002514,east,2,1,0,0,0,0,30,여,6;5;5;6;6;4;7;3,27,26500;50110;50130,,,,,
f_f002516,east,3,22,0,0,0,3,50,여,7;2;1;3;2;2;2;7,41,42170;42830;43110,,,,,
f_f002518,east,3,1,0,0,0,4,40,여,3;4;2;5;5;4;2;6,27,48840;50110;46130,,,,,
f_f002523,east,2,28,0,0,0,3,40,남,5;4;4;5;3;5;4;4,27,50110;46110;42830,,,,,
f_f002527,east,2,3,0,0,0,1,60,남,3;3;1;2;2;2;2;6,48,50130;42210;11110,,,,,
f_f002530,east,3,5,0,0,0,1,30,여,1;6;4;7;7;4;6;2,11,42830;42210;50130,,,,,
f_f002531,east,2,3,0,0,0,1,50,남,5;5;2;2;1;2;2;6,48,50130;11680;42150,,,,,
f_f002538,east,3,10,0,0,0,2,50,남,2;3;5;6;3;3;6;5,41,42820;45770;42210,,,,,
f_f002539,east,3,6,0,0,0,3,50,남,2;4;3;3;2;2;5;3,48,48870;42150;11260,,,,,
f_f002541,east,3,21,0,0,0,1,60,남,2;3;2;2;2;3;2;4,11,42210;42830;41800,,,,,
f_f002542,east,3,25,0,0,0,0,20,여,1;3;1;1;1;1;1;4,41,42760;41460;48170,,,,,
f_f002544,east,3,1,0,0,0,1,20,여,1;4;2;6;7;6;6;6,41,42150;50130;42130,,,,,
f_f002545,east,2,11,0,0,0,3,50,남,2;6;2;2;6;2;6;2,26,26350;48330;48840,,,,,
f_f002549,east,2,26,0,0,0,3,40,남,4;6;5;5;6;6;6;7,27,47130;26350;50110,,,,,
f_f002551,east,3,1,0,0,0,0,20,여,3;2;3;6;6;4;6;7,41,47130;26350;46130,,,,,
f_f002554,east,3,1,0,0,0,1,20,남,6;2;3;3;2;6;5;6,31,50110;26350;11110,,,,,
f_f002556,east,3,2,0,0,0,0,20,여,2;2;1;6;6;5;7;5,11,50110;42210;42150,,,,,
f_f002557,east,2,1,0,0,0,1,20,남,4;6;1;3;7;2;1;6,48,26230;48250;26350,,,,,
f_f002565,east,3,21,0,0,0,1,40,여,1;1;4;3;2;5;4;2,42,42150;42210;41820,,,,,
f_f002568,east,3,1,0,0,0,1,30,남,2;4;2;3;1;2;6;4,27,42150;50130;47130,,,,,
f_f002575,east,3,1,0,0,0,1,40,남,1;1;1;1;2;4;4;3,43,48840;42820;50110,,,,,
f_f002579,east,3,1,0,0,0,2,40,여,2;4;2;2;4;1;2;5,47,50130;48840;42760,,,,,
f_f002581,east,2,3,0,0,0,1,30,남,4;4;4;4;4;4;4;4,27,50130;46150;48270,,,,,
f_f002582,east,2,1,0,0,0,1,20,남,6;4;2;2;4;4;4;7,27,47820;47130;47290,,,,,
f_f002583,east,3,1,0,0,0,1,30,남,1;2;2;1;1;1;1;7,26,42830;50130;47830,,,,,
f_f002584,east,3,22,0,0,0,1,40,여,1;2;7;7;7;1;7;4,27,47770;47110;48120,,,,,
f_f002586,east,2,22,0,0,0,3,20,남,1;3;2;5;6;1;6;4,11,50130;42150;50110,,,,,
f_f002589,east,3,27,0,0,0,3,60,여,3;5;1;2;4;2;2;6,11,42210;42820;41800,,,,,
f_f002593,east,3,2,0,0,0,1,40,남,2;1;1;5;7;2;1;7,26,41570;28710;26350,,,,,
f_f002595,east,3,2,0,0,0,1,30,남,7;5;2;2;3;6;2;6,11,30140;27260;26350,,,,,
f_f002596,east,3,1,0,0,0,0,30,여,1;1;1;7;1;1;1;7,48,50110;42150;47130,,,,,
f_f002597,east,3,3,0,0,0,0,50,남,2;4;2;4;4;2;6;6,11,48310;46130;50130,,,,,
f_f002602,east,2,22,0,0,0,1,30,여,2;6;1;1;4;5;6;7,26,50130;50110;47130,,,,,
f_f002604,east,3,1,0,0,0,1,20,여,3;2;2;4;3;5;2;7,11,42150;47130;41480,,,,,
f_f002609,east,3,1,0,0,0,1,40,남,1;1;1;4;4;4;4;6,26,26710;46770;50130,,,,,
f_f002610,east,3,22,0,0,0,1,20,여,2;1;2;3;4;4;5;7,11,48840;42230;50130,,,,,
f_f002612,east,3,12,0,0,0,0,20,여,2;2;1;5;2;2;3;7,30,50130;46130;26350,,,,,
f_f002614,east,3,1,0,0,0,0,20,여,2;2;2;5;1;4;2;6,26,50110;11680;27290,,,,,
f_f002619,east,3,1,0,0,0,1,30,여,1;1;1;2;1;6;7;7,48,50110;50130;45210,,,,,
f_f002620,east,2,12,0,0,0,1,60,여,4;6;5;2;3;4;5;6,31,26350;47130;41220,,,,,
f_f002621,east,3,2,0,0,0,3,40,남,4;5;2;2;2;7;1;7,26,31110;42170;11560,,,,,
f_f002624,east,3,12,0,0,0,4,50,남,2;2;3;4;4;3;2;5,11,42170;45800;43800,,,,,
f_f002630,east,3,21,0,0,0,1,40,남,4;3;3;3;5;6;2;7,43,43110;30200;11680,,,,,
f_f002632,east,3,21,0,0,0,1,30,남,2;4;2;3;1;5;3;6,44,50110;42150;46130,,,,,
f_f002633,east,3,21,0,0,0,1,20,남,4;1;1;4;6;5;2;6,26,46130;11110;50130,,,,,
f_f002634,east,3,22,0,0,0,1,30,남,2;6;2;2;2;2;5;6,27,47190;42230;47110,,,,,
f_f002637,east,2,12,0,0,0,1,30,여,2;6;2;2;2;7;1;7,26,11110;50130;46150,,,,,
f_f002638,east,3,22,0,0,0,0,20,여,6;2;6;3;5;1;5;4,26,50130;50110;11230,,,,,
f_f002641,east,2,2,0,0,0,4,40,남,2;4;1;3;4;3;2;6,11,42230;42210;47130,,,,,
f_f002644,east,3,22,0,0,0,0,50,남,1;3;3;2;3;2;3;4,11,42150;46150;26410,,,,,
f_f002647,east,3,21,0,0,0,1,20,남,1;2;3;4;5;2;2;4,28,50110;26350;42210,,,,,
f_f002648,east,3,2,0,0,0,1,30,남,2;1;2;3;2;5;5;3,27,50130;48220;42150,,,,,
f_f002652,east,3,1,0,0,0,3,40,남,2;4;3;3;3;3;2;5,41,42210;50130;43130,,,,,
f_f002653,east,3,1,0,0,0,1,30,남,2;1;3;5;4;3;2;6,26,47130;31140;26710,,,,,
f_f002655,east,3,1,0,0,0,2,60,여,1;1;2;1;3;4;2;7,28,26350;47130;42150,,,,,
f_f002656,east,3,9,0,0,0,0,40,여,2;2;2;2;6;6;6;2,42,42150;43150;11110,,,,,
f_f002659,east,3,4,0,0,0,0,30,남,6;5;5;3;5;6;6;4,41,26500;27110;11110,,,,,
f_f002660,east,2,21,0,0,0,1,60,남,2;4;2;3;5;3;6;7,27,47820;47770;26500,,,,,
f_f002662,east,2,5,0,0,0,3,40,여,4;6;4;4;4;4;7;4,48,48120;26200;26260,,,,,
f_f002663,east,3,5,0,0,0,0,20,여,1;1;3;2;3;2;5;6,28,50110;42150;44825,,,,,
f_f002665,east,2,1,0,0,0,1,30,남,4;1;6;3;3;5;3;7,27,50130;26500;48240,,,,,
f_f002669,east,3,1,0,0,0,1,20,남,3;3;2;3;2;5;5;3,11,26350;42150;41360,,,,,
f_f002670,east,2,1,0,0,0,4,50,여,2;2;2;6;4;5;6;5,27,50130;47110;11410,,,,,
f_f002674,east,2,1,0,0,0,1,30,여,4;3;3;1;4;5;2;6,26,50110;11710;27260,,,,,
f_f002676,east,3,1,0,0,0,1,30,여,4;1;1;1;7;1;4;6,26,48840;26350;48730,,,,,
f_f002677,east,2,6,0,0,0,0,20,여,6;4;2;1;3;3;6;6,31,26350;42150;50110,,,,,
f_f002683,east,3,1,0,0,0,1,20,남,2;2;5;2;4;5;6;6,11,42150;41460;28110,,,,,
f_f002691,east,3,22,0,0,0,1,30,여,4;4;2;4;2;5;1;6,41,48220;26350;50110,,,,,
f_f002695,east,3,22,0,0,0,1,20,여,5;2;2;2;3;5;3;6,42,42150;26350;50130,,,,,
f_f002697,east,3,1,0,0,0,5,20,여,2;1;2;1;2;4;6;6,11,42210;50110;47130,,,,,
f_f002699,east,3,1,0,0,0,0,20,남,1;1;1;3;5;3;2;1,41,50130;47110;42150,,,,,
f_f002701,east,2,3,0,0,0,1,20,남,6;4;5;3;6;4;4;4,26,26200;47130;27260,,,,,
f_f002704,east,3,2,0,0,0,1,30,남,4;3;2;3;3;5;3;2,26,50110;11230;42110,,,,,
f_f002708,east,2,13,0,0,0,1,60,여,1;4;1;4;3;1;1;6,26,46130;42170;50130,,,,,
f_f002711,east,3,1,0,0,0,0,20,남,2;2;2;4;6;2;2;6,43,50130;50110;42150,,,,,
f_f002715,east,3,11,0,0,0,2,50,남,1;2;1;2;2;2;2;5,43,42750;50110;43800,,,,,
f_f002720,east,3,2,0,0,0,1,20,여,4;3;3;4;5;2;5;5,26,11305;48250;47130,,,,,
f_f002721,east,3,22,0,0,0,2,50,여,1;1;1;1;7;7;7;7,41,45130;42210;42760,,,,,
f_f002728,east,3,6,0,0,0,2,30,여,1;1;1;3;4;3;3;7,41,41110;30200;42210,,,,,
f_f002729,east,3,21,0,0,0,1,30,여,2;2;2;2;6;5;3;6,28,50130;42210;42150,,,,,
f_f002739,east,2,11,0,0,0,3,40,여,2;1;6;4;6;6;1;4,27,44825;46710;47130,,,,,
f_f002742,east,3,2,0,0,0,3,50,여,1;6;6;1;1;1;2;2,41,42210;42730;41830,,,,,
f_f002743,east,2,1,0,0,0,3,50,여,3;3;3;4;5;4;4;4,11,50110;42820;42150,,,,,
f_f002744,east,3,21,0,0,0,1,20,여,1;2;2;2;2;1;4;6,26,47130;11110;31710,,,,,
f_f002756,east,3,1,0,0,0,0,60,남,1;6;6;6;4;4;3;2,27,47830;26350;48310,,,,,
f_f002764,east,3,1,0,0,0,1,20,여,7;1;4;3;2;2;7;6,47,31170;47130;26230,,,,,
f_f002773,east,2,21,0,0,0,1,30,남,5;2;2;6;2;6;5;3,31,47130;44200;26350,,,,,
f_f002783,east,3,22,0,0,0,1,20,여,4;3;3;3;2;3;6;7,28,43800;26350;50110,,,,,
f_f002785,east,3,1,0,0,0,1,30,남,3;1;4;4;4;3;6;7,11,50110;42210;48840,,,,,
f_f002788,east,3,1,0,0,0,1,20,남,2;2;6;2;2;6;7;2,31,50110;26350;30140,,,,,
f_f002790,east,2,22,0,0,0,1,30,여,4;1;6;4;1;4;1;4,27,46130;50130;47830,,,,,
f_f002793,east,3,21,0,0,0,1,20,여,1;1;3;6;4;3;3;7,41,50110;26500;42150,,,,,
f_f002817,east,3,2,0,0,0,3,50,여,4;4;4;4;4;4;4;2,45,11110;41220;44200,,,,,
f_f002818,east,3,13,0,0,0,0,30,여,4;1;1;1;3;4;1;7,41,42150;42210;42830,,,,,
f_f002819,east,2,8,0,0,0,3,50,남,4;6;4;2;4;4;4;4,41,42830;41270;42110,,,,,
f_f002821,east,2,22,0,0,0,1,20,여,5;3;2;2;6;6;6;6,48,26230;11680;50130,,,,,
f_f002827,east,2,13,0,0,0,1,40,여,2;2;2;1;2;6;2;7,27,47130;47230;48890,,,,,
f_f002833,east,3,1,0,0,0,2,20,남,4;1;2;2;3;4;2;4,41,42170;26350;45110,,,,,
f_f002840,east,3,2,0,0,0,1,40,여,4;2;6;4;2;5;3;7,48,26350;26500;46130,,,,,
f_f002843,east,2,3,0,0,0,0,30,여,1;2;3;3;2;3;6;7,47,50110;42150;26350,,,,,
f_f002846,east,2,22,0,0,0,0,20,여,6;4;1;3;6;6;1;7,27,26200;50130;11200,,,,,
f_f002850,east,2,22,0,0,0,1,30,남,1;6;6;6;5;6;7;6,36,26350;47940;42150,,,,,
f_f002855,east,3,12,0,0,0,2,40,여,3;1;4;5;3;6;7;6,31,26710;47130;47170,,,,,
f_f002858,east,2,2,0,0,0,2,30,여,3;4;5;3;2;6;1;5,48,50130;46130;48310,,,,,
f_f002863,east,3,13,0,0,0,1,30,여,2;6;1;4;2;6;2;6,11,42150;26170;50110,,,,,
f_f002865,east,2,12,0,0,0,1,30,남,2;2;2;2;2;2;3;4,26,50110;26710;46130,,,,,
f_f002867,east,3,1,0,0,0,1,40,남,4;7;1;2;1;4;7;2,41,50130;42830;11680,,,,,
f_f002869,east,2,2,0,0,0,3,30,여,3;4;2;4;3;3;4;7,31,50130;46130;31170,,,,,
f_f002872,east,2,11,0,0,0,2,50,여,4;3;2;4;4;4;5;4,26,50130;11440;46150,,,,,
f_f002882,east,2,1,0,0,0,1,20,여,2;2;3;4;3;3;2;6,41,50130;50110;28110,,,,,
f_f002884,east,2,2,0,0,0,0,40,남,1;1;1;1;1;1;1;1,27,42170;27710;26260,,,,,
f_f002885,east,3,22,0,0,0,5,40,여,2;2;2;4;3;3;4;6,30,11680;48310;44150,,,,,
f_f002888,east,2,22,0,0,0,2,40,남,4;5;1;4;2;2;3;6,48,48310;46130;48250,,,,,
f_f002893,east,3,2,0,0,0,2,20,여,7;4;1;3;3;4;5;6,48,50110;11200;42150,,,,,
f_f002899,east,3,12,0,0,0,1,20,남,5;2;5;2;2;6;3;7,48,48250;48840;11680,,,,,
f_f002909,east,3,1,0,0,0,0,30,남,5;1;4;4;5;5;3;6,11,26230;41110;50110,,,,,
f_f002914,east,2,1,0,0,0,3,20,여,2;6;2;3;6;1;6;5,27,50130;47130;11440,,,,,
f_f002920,east,2,1,0,0,0,2,30,여,6;5;6;2;1;6;6;7,27,26350;31170;47720,,,,,
f_f002921,east,2,21,0,0,0,2,60,남,4;5;5;4;6;6;6;4,48,50130;50110;42210,,,,,
f_f002925,east,2,1,0,0,0,1,20,여,3;5;6;5;3;3;5;6,27,42150;26500;47130,,,,,
f_f002933,east,2,1,0,0,0,0,30,여,7;7;5;3;3;4;1;6,27,11440;26500;47130,,,,,
f_f002934,east,2,27,0,0,0,0,40,남,2;2;2;4;2;6;2;3,26,50130;47130;46130,,,,,
f_f002941,east,2,11,0,0,0,0,30,여,2;2;2;3;2;2;5;7,47,47130;27110;48120,,,,,
f_f002946,east,2,24,0,0,0,0,20,여,3;3;3;2;3;3;6;6,27,47130;50110;26500,,,,,
f_f002980,east,3,10,0,0,0,5,50,남,2;5;2;6;3;6;2;5,11,42210;50130;48310,,,,,
f_f003014,east,2,2,0,0,0,3,30,남,2;6;2;6;2;2;6;2,48,48170;48730;48740,,,,,
f_f003086,east,2,1,0,0,0,1,30,여,6;6;2;2;2;4;6;4,48,50130;46150;27110,,,,,
f_f003097,east,2,1,0,0,0,0,30,여,4;4;4;4;4;4;4;4,26,26410;48330;11680,,,,,
f_f003164,east,2,1,0,0,0,3,20,여,4;4;1;4;7;1;1;4,47,47130;27230;11440,,,,,
f_f003168,east,2,21,0,0,0,1,40,여,1;1;1;1;1;1;1;7,27,42720;50130;47130,,,,,
f_f003217,east,2,1,0,0,0,1,40,여,2;6;6;2;2;6;6;6,31,26710;48120;47130,,,,,
f_f003234,east,2,2,0,0,0,3,60,남,2;4;2;6;2;4;4;7,48,48270;48240;48740,,,,,
f_f003237,east,2,22,0,0,0,1,40,남,3;2;2;4;4;3;4;7,42,50110;47130;42210,,,,,
f_f003246,east,2,2,0,0,0,1,50,여,1;7;1;5;2;2;6;2,27,48270;47280;50130,,,,,
f_f003247,east,3,28,0,0,0,0,30,여,2;2;2;2;2;5;2;6,26,48840;46130;48850,,,,,
f_f003252,east,2,1,0,0,0,0,40,여,6;7;6;2;2;6;6;2,47,27140;26710;42150,,,,,
f_f003254,east,2,22,0,0,0,1,40,여,2;2;2;5;6;6;2;5,41,42150;42210;42130,,,,,
f_f003257,east,2,3,0,0,0,1,20,여,2;2;2;3;5;3;3;6,41,50130;42210;48220,,,,,
f_f003258,east,2,22,0,0,0,3,30,남,6;4;6;4;3;6;1;4,26,47130;46130;31170,,,,,
f_f003263,east,2,11,0,0,0,0,30,여,5;2;2;4;5;6;3;6,26,47130;48310;11110,,,,,
f_f003265,east,2,2,0,0,0,0,40,여,5;5;5;3;3;5;5;4,42,50110;11710;42150,,,,,
f_f003310,east,2,2,0,0,0,1,50,여,3;5;3;5;5;5;5;5,11,50130;42170;41290,,,,,
f_f003311,east,2,2,0,0,0,3,40,여,1;1;1;4;4;4;6;2,26,50130;42210;46130,,,,,
f_f003313,east,2,26,0,0,0,3,50,여,1;4;1;5;6;6;3;5,41,42750;43800;43720,,,,,
f_f003330,east,2,12,0,0,0,1,30,여,4;3;3;3;1;6;5;5,28,26350;44200;45130,,,,,
f_f003333,east,2,1,0,0,0,1,30,남,6;2;5;2;3;4;4;5,26,27260;26500;30230,,,,,
f_f003349,east,2,6,0,0,0,1,30,여,4;4;2;1;4;4;5;6,11,42210;50130;41820,,,,,
f_f003354,east,2,22,0,0,0,1,30,여,1;1;7;1;1;5;1;6,27,50110;47110;26110,,,,,
f_f003363,east,2,1,0,0,0,2,30,남,2;2;6;3;2;6;4;7,31,47130;48310;50130,,,,,
f_f003373,east,2,22,0,0,0,1,30,여,1;3;1;3;2;1;1;7,26,48310;48250;48330,,,,,
f_f003385,east,2,1,0,0,0,1,20,남,6;2;2;1;2;2;5;4,48,11470;46130;26500,,,,,
f_f003389,east,2,2,0,0,0,0,40,여,2;2;2;4;2;2;6;6,44,42150;26440;30170,,,,,
f_f003400,east,2,1,0,0,0,1,40,남,6;1;4;1;2;4;7;5,26,48120;27260;50130,,,,,
f_f003410,east,2,1,0,0,0,2,40,여,3;2;1;5;7;4;5;4,27,47130;45110;48220,,,,,
f_f003412,east,2,1,0,0,0,3,50,남,1;1;4;2;1;4;2;4,11,42720;50130;47150,,,,,
f_f003416,east,2,22,0,0,0,1,20,여,2;6;6;6;2;2;5;5,48,27290;26350;50130,,,,,
f_f003418,east,2,10,0,0,0,1,20,여,4;4;4;4;4;4;7;1,26,42210;11110;50110,,,,,
f_f003422,east,2,2,0,0,0,3,20,여,3;2;2;4;4;5;5;7,11,50130;42830;42150,,,,,
f_f003438,east,2,1,0,0,0,1,30,여,2;2;2;1;6;1;1;5,47,41110;11680;27260,,,,,
f_f003442,east,2,2,0,0,0,0,20,남,7;7;1;1;1;1;1;5,41,50130;42150;26440,,,,,
f_f003443,east,2,21,0,0,0,1,20,여,4;4;1;3;5;1;5;4,48,48120;27110;26230,,,,,
f_f003444,east,2,22,0,0,0,0,20,여,4;4;3;2;6;3;6;5,27,26350;30140;42150,,,,,
f_f003447,east,2,12,0,0,0,1,30,여,3;3;2;2;2;3;3;3,47,42150;50130;26350,,,,,
f_f003448,east,2,22,0,0,0,1,40,남,4;1;1;4;5;6;1;7,47,26350;47130;11170,,,,,
f_f003453,east,2,11,0,0,0,3,30,여,3;1;4;2;4;4;7;3,41,50130;50110;26410,,,,,
f_f003454,east,2,27,0,0,0,1,50,여,3;4;2;2;6;2;2;4,11,50130;42210;26350,,,,,
f_f003456,east,2,1,0,0,0,1,20,여,3;2;2;2;2;2;2;3,41,42150;42210;26500,,,,,
f_f003459,east,2,1,0,0,0,1,60,여,4;6;4;6;2;6;5;2,11,50130;42110;41820,,,,,
f_f003460,east,2,22,0,0,0,0,20,여,2;4;2;3;1;3;6;7,27,47110;26350;42210,,,,,
f_f003464,east,2,1,0,0,0,1,60,여,1;1;2;1;4;6;4;6,48,48840;47110;42150,,,,,
f_f003467,east,2,2,0,0,0,1,20,여,2;3;2;3;3;3;3;7,27,27140;11440;41110,,,,,
f_f003471,east,2,1,0,0,0,2,20,남,6;4;2;4;3;4;1;7,47,11680;26500;27110,,,,,
f_f003474,east,2,1,0,0,0,1,20,여,7;5;6;2;1;4;5;2,47,27110;26350;50110,,,,,
f_f003482,east,2,21,0,0,0,0,20,여,2;1;5;2;1;6;1;7,27,42150;50110;26500,,,,,
f_f003486,east,2,21,0,0,0,2,40,남,1;1;1;6;6;1;1;7,26,47130;42210;50110,,,,,
f_f003488,east,2,3,0,0,0,0,20,여,5;7;6;2;4;4;2;7,11,26230;42210;28140,,,,,
f_f003494,east,2,1,0,0,0,2,20,남,6;6;3;4;6;5;3;4,44,11440;30170;44130,,,,,
f_f003495,east,2,2,0,0,0,3,40,여,1;7;7;1;1;7;7;1,30,47190;44710;43110,,,,,
f_f003501,east,2,21,0,0,0,3,40,여,1;4;3;3;1;2;2;7,27,26350;47230;47110,,,,,
f_f003506,east,2,21,0,0,0,1,30,여,2;1;2;2;4;5;1;7,41,42150;50130;11110,,,,,
f_f003512,east,2,1,0,0,0,1,20,여,5;3;5;3;3;5;5;6,27,26500;11560;47130,,,,,
f_f003523,east,2,1,0,0,0,1,30,남,4;4;4;4;4;4;4;4,43,11710;42110;50130,,,,,
f_f003527,east,2,24,0,0,0,1,30,여,6;5;4;2;2;4;2;5,27,47820;26710;47110,,,,,
f_f003529,east,2,27,0,0,0,0,20,남,4;6;3;5;4;4;5;3,26,50110;50130;11680,,,,,
f_f003530,east,2,2,0,0,0,2,30,남,3;2;2;4;1;6;7;5,44,50110;46130;42230,,,,,
f_f003537,east,2,1,0,0,0,1,20,여,6;2;2;4;7;2;3;2,26,26290;31170;11680,,,,,
f_f003547,east,2,1,0,0,0,1,20,남,4;3;3;4;5;4;5;6,27,27110;47290;26350,,,,,
f_f003552,east,2,11,0,0,0,2,40,여,2;6;3;4;6;4;3;5,26,50110;48310;48270,,,,,
f_f003553,east,3,21,0,0,0,1,30,여,1;3;3;4;4;4;2;5,28,50130;42150;26350,,,,,
f_f003557,east,2,1,0,0,0,0,40,여,3;3;4;5;3;5;3;4,41,42150;26350;26710,,,,,
f_f003559,east,2,6,0,0,0,1,30,남,2;1;1;1;1;3;6;1,41,42170;42830;41610,,,,,
f_f003562,east,2,1,0,0,0,1,20,여,3;2;2;4;5;5;6;5,26,50110;26350;48310,,,,,
f_f003563,east,2,12,0,0,0,3,20,여,2;4;2;4;4;4;5;6,48,48730;46710;27710,,,,,
f_f003569,east,2,21,0,0,0,1,40,남,1;2;4;4;4;4;4;4,48,48310;48840;48820,,,,,
f_f003576,east,2,1,0,0,0,1,20,여,6;6;6;3;3;5;5;5,27,27230;26230;47110,,,,,
f_f003581,east,2,1,0,0,0,1,40,여,1;5;1;4;1;1;3;7,27,26350;11530;28110,,,,,
f_f003585,east,2,2,0,0,0,3,40,남,4;4;4;3;2;6;2;6,11,50130;42210;41820,,,,,
f_f003590,east,2,2,0,0,0,2,30,여,2;2;2;1;2;5;6;6,41,41590;42150;26350,,,,,
f_f003594,east,2,12,0,0,0,2,40,남,2;5;6;5;5;6;6;2,27,47130;26350;48250,,,,,
f_f003598,east,2,21,0,0,0,1,50,남,2;6;2;1;6;2;6;6,11,11290;50130;50110,,,,,
f_f003599,east,2,10,0,0,0,1,40,남,4;2;2;3;5;3;2;6,27,47130;26710;42170,,,,,
f_f003603,east,2,22,0,0,0,1,30,남,2;1;3;5;5;5;5;5,31,47130;47110;50110,,,,,
f_f003607,east,2,1,0,0,0,1,40,여,4;4;7;4;4;4;4;1,48,42230;42170;29170,,,,,
f_f003609,east,2,22,0,0,0,0,30,남,3;5;5;3;6;5;3;7,27,27110;47110;47130,,,,,
f_f003611,east,2,12,0,0,0,1,40,남,7;1;7;4;1;7;7;4,11,41360;42170;50110,,,,,
f_f003617,east,2,22,0,0,0,5,30,남,2;5;5;4;4;6;2;5,27,47290;47130;26710,,,,,
f_f003622,east,2,4,0,0,0,0,20,여,3;3;2;4;2;5;7;6,11,26200;42830;50130,,,,,
f_f003623,east,2,1,0,0,0,1,20,남,6;3;6;5;2;5;1;7,27,26710;11230;41820,,,,,
f_f003624,east,2,22,0,0,0,1,30,여,4;5;6;3;3;5;3;6,26,26440;48310;48330,,,,,
f_f003626,east,2,2,0,0,0,0,40,남,2;4;3;3;2;5;3;4,11,41820;42110;43150,,,,,
f_f003628,east,2,1,0,0,0,0,30,여,1;1;1;2;1;1;1;1,48,48310;42150;46130,,,,,
f_f003636,east,2,5,0,0,0,0,20,여,1;1;1;1;4;2;6;1,11,42170;26350;50110,,,,,
f_f003639,east,2,24,0,0,0,0,30,남,4;6;2;5;4;5;6;4,41,11110;41110;41130,,,,,
f_f003640,east,2,1,0,0,0,1,30,남,4;2;1;2;5;6;1;7,48,50110;26350;45110,,,,,
f_f003643,east,2,1,0,0,0,1,30,남,3;3;2;3;2;2;3;2,26,44760;42150;48250,,,,,
f_f003650,east,2,22,0,0,0,1,30,여,2;2;1;1;4;4;4;4,48,48310;26500;46130,,,,,
f_f003651,east,2,10,0,0,0,1,40,남,4;4;5;1;4;5;2;7,48,50110;11680;26350,,,,,
f_f003653,east,2,22,0,0,0,1,30,여,2;6;2;2;2;4;6;7,27,42830;42150;42760,,,,,
f_f003660,east,2,4,0,0,0,1,20,여,5;5;4;5;4;3;4;5,41,27260;47150;41410,,,,,
f_f003665,east,2,22,0,0,0,1,40,남,1;1;1;7;1;1;1;7,26,50130;42150;45110,,,,,
f_f003666,east,2,1,0,0,0,1,20,여,4;3;2;4;6;6;2;6,11,42150;42110;11110,,,,,
f_f003667,east,2,22,0,0,0,1,30,여,1;1;4;4;3;4;1;6,41,42170;42150;42110,,,,,
f_f003672,east,2,1,0,0,0,0,20,여,1;4;1;4;4;1;3;1,48,26350;11680;48330,,,,,
f_f003679,east,2,27,0,0,0,1,40,남,4;1;1;3;2;4;2;5,48,26530;48310;47130,,,,,
f_f003694,east,2,21,0,0,0,0,40,여,1;2;1;3;3;2;3;4,11,50130;42170;42150,,,,,
f_f003695,east,2,28,0,0,0,0,30,남,3;5;4;4;3;4;3;5,47,26500;48270;27710,,,,,
f_f003704,east,2,1,0,0,0,2,40,여,4;6;1;6;6;6;1;5,31,48310;41820;50130,,,,,
f_f003706,east,2,22,0,0,0,1,30,남,3;3;3;2;4;5;3;5,26,46770;46130;48310,,,,,
f_f003715,east,2,3,0,0,0,1,20,여,1;1;1;3;1;3;2;7,11,42830;46130;45140,,,,,
f_f003719,east,2,24,0,0,0,1,60,여,2;2;5;2;1;6;2;4,11,42210;43150;26260,,,,,
f_f003720,east,2,6,0,0,0,1,30,여,2;1;2;4;4;2;2;6,26,47110;47130;11320,,,,,
f_f003729,east,2,1,0,0,0,2,20,남,6;2;1;7;7;2;7;1,48,41170;26410;48330,,,,,
f_f003730,east,2,2,0,0,0,2,50,남,4;1;1;4;7;4;1;1,26,48330;42770;50130,,,,,
f_f003731,east,2,2,0,0,0,5,30,여,2;4;3;2;4;3;3;6,47,47130;42170;50130,,,,,
f_f003732,east,2,12,0,0,0,1,20,여,3;1;2;3;4;4;2;7,27,50130;11680;26350,,,,,
f_f003735,east,2,1,0,0,0,2,30,여,4;5;2;3;6;5;2;5,26,11200;26500;50110,,,,,
f_f003739,east,2,24,0,0,0,1,20,남,6;2;6;4;6;6;1;7,27,27110;26350;47290,,,,,
f_f003742,east,2,21,0,0,0,1,30,남,4;4;4;2;5;4;1;7,44,26230;11200;30200,,,,,
f_f003744,east,2,1,0,0,0,1,30,남,5;5;6;4;5;6;6;5,31,26350;47130;27260,,,,,
f_f003749,east,2,2,0,0,0,2,40,남,2;2;1;6;2;6;1;6,47,26500;46130;42230,,,,,
f_f003750,east,2,11,0,0,0,1,30,남,2;3;5;2;2;6;1;7,41,42150;41270;28710,,,,,
f_f003761,east,2,1,0,0,0,1,30,여,3;5;3;3;5;4;5;5,27,47130;47110;50130,,,,,
f_f003763,east,2,22,0,0,0,3,50,여,1;6;4;1;1;1;6;7,47,27110;26350;47130,,,,,
f_f003765,east,2,2,0,0,0,1,20,여,2;1;1;4;5;2;3;7,11,42110;50110;42150,,,,,
f_f003768,east,2,4,0,0,0,1,30,여,2;4;1;4;5;4;4;1,48,50130;42210;48880,,,,,
f_f003775,east,2,22,0,0,0,1,30,남,3;2;2;4;5;2;2;4,26,42730;48220;48270,,,,,
f_f003788,east,2,6,0,0,0,0,60,남,3;7;5;3;3;5;3;3,48,26500;26350;26200,,,,,
f_f003789,east,2,23,0,0,0,1,20,여,4;1;1;2;4;2;1;7,42,26200;47110;47130,,,,,
f_f003791,east,2,22,0,0,0,1,30,여,5;3;6;4;1;4;2;6,27,11440;47170;26350,,,,,
f_f003796,east,2,6,0,0,0,1,20,남,2;1;4;4;3;4;1;5,11,42150;30200;50110,,,,,
f_f003798,east,2,1,0,0,0,0,30,여,1;2;2;3;6;4;2;3,41,42150;26440;50130,,,,,
f_f003799,east,2,1,0,0,0,1,20,여,4;2;3;5;2;3;5;6,42,42150;42210;41280,,,,,
f_f003804,east,2,4,0,0,0,2,60,여,1;4;1;4;1;1;4;4,48,26260;48250;48850,,,,,
f_f003806,east,2,2,0,0,0,1,30,남,4;4;4;3;5;5;4;2,27,47130;50130;50110,,,,,
f_f003808,east,2,1,0,0,0,1,20,남,6;1;2;3;2;6;2;7,45,11680;26350;28260,,,,,
f_f003811,east,2,1,0,0,0,1,30,남,3;3;3;3;4;3;2;4,26,48310;48250;48270,,,,,
f_f003815,east,2,22,0,0,0,0,30,남,2;4;2;3;2;2;3;2,48,48730;26200;47770,,,,,
f_f003820,east,2,12,0,0,0,3,40,남,2;2;2;6;1;2;2;2,31,31710;26350;47840,,,,,
f_f003827,east,2,28,0,0,0,0,20,여,2;3;2;5;6;2;3;6,43,47280;42210;48890,,,,,
f_f003829,east,2,2,0,0,0,3,30,남,3;3;3;3;3;3;3;3,27,48720;48170;47210,,,,,
f_f003836,east,2,1,0,0,0,1,40,여,4;2;6;3;2;4;1;3,27,47130;30200;50130,,,,,
f_f003837,east,2,1,0,0,0,2,30,여,5;2;2;4;7;6;6;7,31,47130;26350;48330,,,,,
f_f003838,east,2,2,0,0,0,1,30,남,1;2;1;3;1;1;3;4,28,50110;11680;42170,,,,,
f_f003844,east,2,2,0,0,0,1,20,남,1;4;2;3;4;2;6;3,26,48330;31710;48250,,,,,
f_f003848,east,2,10,0,0,0,1,30,여,4;4;3;2;4;3;4;4,26,26710;48310;50110,,,,,
f_f003849,east,2,5,0,0,0,4,50,남,4;4;1;4;7;1;1;7,48,48120;48250;26350,,,,,
f_f003854,east,2,10,0,0,0,2,30,여,1;1;1;2;4;3;1;2,48,48270;48310;26710,,,,,
f_f003857,east,2,12,0,0,0,1,30,남,4;2;4;2;4;6;5;5,27,26350;47110;47130,,,,,
f_f003863,east,2,1,0,0,0,1,40,남,4;4;1;1;1;4;3;7,11,42150;50130;50110,,,,,
f_f003868,east,2,22,0,0,0,1,40,여,3;7;7;5;1;7;5;3,48,27290;26710;29170,,,,,
f_f003872,east,2,1,0,0,0,1,60,여,2;2;2;4;4;3;2;4,47,47130;26710;50130,,,,,
f_f003880,east,2,2,0,0,0,1,50,남,2;4;4;3;3;3;3;5,11,42150;41290;50110,,,,,
f_f003885,east,2,11,0,0,0,1,50,여,1;1;1;4;4;1;3;7,48,46130;48220;26350,,,,,
f_f003904,east,2,2,0,0,0,2,60,남,1;5;4;6;2;4;2;3,48,46130;26350;41110,,,,,
f_f003906,east,2,4,0,0,0,1,30,남,6;5;4;4;5;4;3;4,31,26350;47130;48330,,,,,
f_f003913,east,3,2,0,0,0,3,40,남,4;1;3;2;5;3;5;7,41,42110;41820;42760,,,,,
f_f003916,east,3,1,0,0,0,2,30,남,4;1;3;4;4;4;6;4,26,50110;50130;48310,,,,,
f_f003926,east,3,21,0,0,0,1,20,여,6;2;4;2;1;4;6;5,48,11680;27260;26350,,,,,
f_f003928,east,3,1,0,0,0,2,40,여,2;7;5;2;2;5;5;6,48,48310;42170;50130,,,,,
f_f003931,east,3,22,0,0,0,1,20,여,2;2;2;5;6;3;2;6,11,42830;41270;26140,,,,,
f_f003942,east,3,1,0,0,0,3,40,남,5;2;6;3;3;5;5;5,28,41480;42210;50130,,,,,
f_f003949,east,3,12,0,0,0,2,60,남,2;5;2;4;6;3;3;4,41,42820;50130;44810,,,,,
f_f003958,east,3,1,0,0,0,0,20,여,4;1;2;2;3;4;6;7,28,26350;50110;42150,,,,,
f_f003966,east,3,1,0,0,0,1,20,여,4;1;6;3;5;5;2;6,41,50110;42150;28110,,,,,
f_f004010,east,2,11,0,0,0,3,40,여,2;5;4;4;6;3;3;6,48,48270;26350;48250,,,,,
f_f004020,east,3,1,0,0,0,1,30,여,6;2;3;3;3;2;3;6,11,42110;50130;26350,,,,,
f_f004029,east,3,10,0,0,0,1,40,여,2;2;2;2;4;2;3;3,30,41280;26350;46130,,,,,
f_f004030,east,3,1,0,0,0,1,30,남,4;4;3;2;6;2;6;7,41,42150;50130;11140,,,,,
f_f004045,east,2,1,0,0,0,1,40,남,4;4;4;4;4;4;4;4,42,50110;27170;26500,,,,,
f_f004047,east,3,24,0,0,0,1,50,남,1;7;6;7;2;6;3;6,47,47110;47130;26350,,,,,
f_f004048,east,3,10,0,0,0,4,50,남,2;6;3;2;2;4;7;2,27,47730;26290;48740,,,,,
f_f004050,east,3,11,0,0,0,3,40,여,1;3;4;3;5;6;6;4,11,42150;41820;28710,,,,,
f_f004051,east,3,5,0,0,0,2,40,남,6;2;6;1;2;6;6;6,11,42830;50110;42820,,,,,
f_f004052,east,3,21,0,0,0,1,20,여,3;1;2;2;2;3;2;7,11,42150;42820;41360,,,,,
f_f004069,east,3,28,0,0,0,2,40,여,1;1;2;1;1;1;1;4,11,50130;42760;46130,,,,,
f_f004070,east,3,1,0,0,0,2,40,여,3;2;3;3;4;6;3;6,48,26350;47130;11680,,,,,
f_f004085,east,3,1,0,0,0,2,50,여,2;1;2;5;6;2;1;7,41,50130;42150;31110,,,,,
f_f004089,east,3,2,0,0,0,3,30,여,1;1;2;6;4;3;5;6,11,48220;42820;48840,,,,,
f_f004092,east,2,25,0,0,0,2,60,남,2;4;4;3;2;3;3;5,27,50130;50110;41830,,,,,
f_f004106,east,3,22,0,0,0,4,30,여,4;3;2;4;3;5;3;7,41,41650;41820;42760,,,,,
f_f004107,east,3,21,0,0,0,3,20,여,4;2;1;5;6;2;3;2,43,11110;26350;30140,,,,,
f_f004110,east,3,22,0,0,0,1,20,여,5;6;2;2;4;4;3;5,41,26170;30140;50110,,,,,
f_f004116,east,2,1,0,0,0,1,20,여,2;2;3;3;6;5;1;7,41,50110;42150;26350,,,,,
f_f004118,east,3,1,0,0,0,3,40,남,4;5;5;3;4;5;5;5,41,42760;44180;41480,,,,,
f_f004122,east,3,1,0,0,0,2,40,여,4;3;2;2;3;3;3;4,41,42210;46130;43760,,,,,
f_f004123,east,3,1,0,0,0,1,20,여,4;1;6;1;1;4;3;6,11,27200;47190;26350,,,,,
f_f004134,east,3,1,0,0,0,1,50,남,4;2;3;2;2;2;2;4,41,50110;50130;42210,,,,,
f_f004140,east,3,1,0,0,0,2,20,여,2;3;2;1;2;1;7;6,11,11740;41450;50110,,,,,
f_f004159,east,3,1,0,0,0,1,30,여,6;1;1;6;4;1;1;5,26,47130;30110;11110,,,,,
f_f004166,east,3,1,0,0,0,1,30,여,2;2;2;2;2;2;3;3,27,26350;50110;26530,,,,,
f_f004171,east,3,2,0,0,0,1,60,남,2;2;3;3;4;4;3;6,11,50130;42820;47940,,,,,
f_f004173,east,3,22,0,0,0,1,20,여,2;2;2;4;6;3;2;7,11,26710;44180;48740,,,,,
f_f004176,east,3,22,0,0,0,1,20,여,4;1;1;1;4;4;6;7,11,50130;42150;26350,,,,,
f_f004178,east,3,1,0,0,0,1,60,남,1;3;3;4;5;2;2;7,41,42210;42820;42770,,,,,
f_f004187,east,3,22,0,0,0,3,40,여,2;1;1;3;2;2;3;5,11,26230;42150;11110,,,,,
f_f004191,east,3,1,0,0,0,0,20,여,4;1;6;2;2;3;3;7,27,27110;26500;47130,,,,,
f_f004192,east,2,1,0,0,0,1,30,여,4;3;7;3;4;4;5;5,27,47130;42210;26230,,,,,
f_f004193,east,3,1,0,0,0,1,60,여,2;2;2;2;2;3;6;6,11,48250;48310;41650,,,,,
f_f004199,east,2,1,0,0,0,1,20,여,2;6;2;2;6;2;1;7,41,42150;41110;11215,,,,,
f_f004200,east,3,2,0,0,0,5,40,남,4;1;4;1;4;7;1;7,11,42210;42150;11290,,,,,
f_f004209,east,3,22,0,0,0,0,20,남,2;3;1;3;2;1;5;5,28,48220;26350;42210,,,,,
f_f004213,east,3,2,0,0,0,4,60,여,2;2;1;3;4;6;2;7,11,42150;41820;46770,,,,,
f_f004216,east,3,2,0,0,0,1,20,남,2;2;6;6;7;2;7;2,11,26350;48310;48120,,,,,
f_f004222,east,3,22,0,0,0,1,30,여,1;5;2;3;3;3;6;7,27,42750;50130;11305,,,,,
f_f004244,east,3,21,0,0,0,1,40,남,1;1;2;4;7;4;6;1,41,42210;41390;45790,,,,,
f_f004249,east,2,2,0,0,0,1,30,남,7;2;6;7;7;7;2;1,44,42150;42720;42110,,,,,
f_f004252,east,3,21,0,0,0,0,40,남,5;4;5;2;4;5;4;6,41,41670;26350;27110,,,,,
f_f004253,east,3,12,0,0,0,1,40,여,4;4;4;4;6;3;6;6,27,26500;11440;47130,,,,,
f_f004255,east,3,21,0,0,0,2,60,남,3;4;4;3;3;4;4;5,27,50130;26350;46130,,,,,
f_f004258,east,2,24,0,0,0,1,40,남,1;2;3;4;2;1;1;7,41,42210;26350;41670,,,,,
f_f004272,east,3,1,0,0,0,1,30,남,7;1;1;2;1;6;5;2,11,26320;41820;42150,,,,,
f_f004276,east,3,1,0,0,0,1,20,여,3;3;1;3;6;4;5;7,47,26350;42830;50110,,,,,
f_f004277,east,3,10,0,0,0,2,40,여,1;7;4;3;4;5;4;5,48,42770;48310;26710,,,,,
f_f004291,east,2,21,0,0,0,2,60,남,3;6;3;3;2;3;1;1,11,41360;46730;41570,,,,,
f_f004308,east,3,1,0,0,0,1,20,여,3;1;1;2;3;5;2;7,11,50130;26110;42210,,,,,
f_f004311,east,3,22,0,0,0,1,40,여,6;2;6;2;2;4;2;2,11,42150;50110;45110,,,,,
f_f004312,east,3,22,0,0,0,2,20,여,1;2;2;3;1;2;6;7,43,43770;41130;46130,,,,,
f_f004375,east,3,2,0,0,0,1,20,남,3;1;2;2;7;6;2;7,44,50130;26500;11680,,,,,
f_f004376,east,3,21,0,0,0,1,40,남,1;4;7;5;6;3;6;1,28,44825;44270;42820,,,,,
f_f004380,east,3,1,0,0,0,2,50,남,4;4;4;4;4;4;4;4,48,11680;50110;42150,,,,,
f_f004381,east,3,11,0,0,0,1,40,남,1;1;1;1;1;1;1;7,47,42150;11290;50130,,,,,
f_f004383,east,2,1,0,0,0,1,40,여,1;1;1;2;2;2;3;5,47,42150;48720;41110,,,,,
f_f004385,east,3,1,0,0,0,1,30,여,4;1;4;3;4;4;2;6,47,26500;50130;11440,,,,,
f_f004389,east,3,22,0,0,0,7,30,여,4;1;1;4;6;5;2;6,41,42150;26350;45140,,,,,
f_f004393,east,3,4,0,0,0,1,30,여,2;6;2;3;6;4;6;3,11,41130;42820;11560,,,,,
f_f004395,east,3,1,0,0,0,1,20,남,2;4;1;4;2;2;7;4,11,42150;26350;11710,,,,,
f_f004396,east,3,22,0,0,0,1,30,여,2;2;4;5;2;3;6;2,41,42150;44180;41270,,,,,
f_f004415,east,3,21,0,0,0,0,20,남,3;4;2;3;3;2;3;3,47,42210;47110;48310,,,,,
f_f004420,east,3,11,0,0,0,1,20,여,3;1;4;4;2;4;4;5,11,50130;42150;41360,,,,,
f_f004423,east,3,23,0,0,0,1,40,여,4;1;1;1;4;4;4;7,41,26500;50110;46900,,,,,
f_f004428,east,3,21,0,0,0,0,20,남,1;1;1;1;1;1;7;2,11,11140;26290;46820,,,,,
f_f004440,east,3,1,0,0,0,1,20,여,5;6;3;2;5;6;2;3,27,26110;27110;47110,,,,,
f_f004441,east,3,2,0,0,0,1,20,남,4;1;5;4;6;4;5;2,43,47130;50110;50130,,,,,
f_f004448,east,3,22,0,0,0,2,50,남,3;3;5;4;4;4;4;3,47,26350;42760;50110,,,,,
f_f004449,east,2,12,0,0,0,1,60,여,1;1;1;2;6;5;1;5,26,48330;31710;48730,,,,,
f_f004461,east,3,22,0,0,0,1,20,여,6;1;1;1;6;1;1;3,11,42150;47130;26350,,,,,
f_f004462,east,3,10,0,0,0,2,40,남,4;2;4;4;3;6;1;2,28,50110;50130;42210,,,,,
f_f004464,east,3,11,0,0,0,3,40,여,1;6;6;4;6;4;1;7,41,41290;42830;41270,,,,,
f_f004465,east,3,2,0,0,0,3,30,남,2;2;1;3;2;2;6;6,48,26710;48310;47130,,,,,
f_f004466,east,3,1,0,0,0,1,20,남,4;1;2;3;5;2;2;5,48,46150;26350;50110,,,,,
f_f004471,east,3,2,0,0,0,0,20,남,7;2;4;2;4;5;1;7,11,50110;42150;29170,,,,,
f_f004484,east,3,10,0,0,0,1,40,남,5;3;5;3;3;3;5;4,31,27230;47130;26350,,,,,
f_f004488,east,3,22,0,0,0,2,20,여,1;1;1;4;4;4;1;7,41,50130;26500;47190,,,,,
f_f004489,east,3,11,0,0,0,1,30,여,6;2;3;2;4;2;4;6,11,50130;26350;47130,,,,,
f_f004498,east,3,21,0,0,0,2,30,여,2;2;1;1;1;1;1;3,28,50130;42150;42750,,,,,
f_f004506,east,3,1,0,0,0,2,50,남,2;2;2;2;2;2;3;3,46,42150;42110;50130,,,,,
f_f004510,east,3,27,0,0,0,1,30,남,1;1;1;1;4;1;2;7,41,42170;46810;41820,,,,,
f_f004513,east,3,1,0,0,0,1,30,남,5;5;4;6;6;6;5;3,31,42210;47130;41830,,,,,
f_f004515,east,2,22,0,0,0,2,50,여,3;3;3;6;4;4;3;6,31,47130;26710;47110,,,,,
f_f004516,east,3,10,0,0,0,3,30,남,1;1;1;3;6;2;6;5,41,41650;41480;42230,,,,,
f_f004518,east,3,21,0,0,0,1,20,여,2;1;2;4;4;2;6;6,41,42170;46130;48240,,,,,
f_f004519,east,2,10,0,0,0,0,30,여,3;2;6;3;2;6;5;3,31,26710;27260;47130,,,,,
f_f004522,east,3,22,0,0,0,2,60,남,2;2;2;4;3;3;3;4,28,31110;28237;50130,,,,,
f_f004523,east,3,2,0,0,0,1,30,남,4;2;1;3;4;2;6;5,11,26200;50110;42210,,,,,
f_f004524,east,3,1,0,0,0,5,20,여,3;1;1;2;1;2;3;6,27,50130;26350;47110,,,,,
f_f004526,east,3,21,0,0,0,3,40,여,4;3;5;2;3;5;6;7,28,50130;42150;26350,,,,,
f_f004533,east,3,2,0,0,0,3,30,남,2;2;3;2;2;6;3;2,41,42830;47250;11680,,,,,
f_f004534,east,2,10,0,0,0,4,40,여,4;4;3;3;3;3;3;3,47,48220;11680;27260,,,,,
f_f004535,east,3,1,0,0,0,1,40,여,2;6;2;2;4;4;2;7,27,47130;26710;47720,,,,,
f_f004556,east,2,1,0,0,0,1,30,남,3;2;4;5;5;4;6;2,48,50130;26290;26230,,,,,
f_f004557,east,3,23,0,0,0,3,40,여,3;2;2;1;2;5;2;4,30,26350;45110;42110,,,,,
f_f004558,east,3,2,0,0,0,1,20,여,4;1;1;5;6;6;7;7,41,26350;27260;47110,,,,,
f_f004561,east,3,22,0,0,0,1,20,여,1;1;4;2;2;4;5;6,26,47130;42830;48310,,,,,
f_f004562,east,3,1,0,0,0,0,30,남,5;3;2;2;1;1;1;1,26,50110;31140;30110,,,,,
f_f004569,east,2,21,0,0,0,1,40,남,1;1;1;1;7;7;7;7,48,48330;47130;26350,,,,,
f_f004572,east,2,21,0,0,0,1,30,남,2;3;6;3;2;1;6;7,27,48890;42750;26710,,,,,
f_f004577,east,2,1,0,0,0,2,50,남,3;5;5;5;3;5;5;5,47,50110;42170;47170,,,,,
f_f004578,east,3,1,0,0,0,1,20,여,5;5;3;1;6;5;6;6,36,11650;43110;30140,,,,,
f_f004582,east,3,1,0,0,0,5,20,남,2;2;2;3;2;6;2;5,11,50130;42210;26350,,,,,
f_f004585,east,3,22,0,0,0,0,20,여,2;3;2;5;2;1;6;6,28,28200;42150;50130,,,,,
f_f004588,east,3,2,0,0,0,2,60,여,4;2;1;2;4;2;2;3,43,50130;42150;48310,,,,,
f_f004590,east,3,22,0,0,0,1,20,여,2;1;3;4;5;4;4;7,41,42170;42150;42210,,,,,
f_f004608,east,3,22,0,0,0,1,20,여,2;2;3;4;3;4;3;4,11,42150;50110;26350,,,,,
f_f004621,east,2,24,0,0,0,1,20,남,4;4;1;2;2;1;7;3,29,11680;50130;26350,,,,,
f_f004628,east,2,12,0,0,0,0,60,여,2;7;2;2;2;3;5;6,47,26230;48220;45110,,,,,
f_f004633,east,3,1,0,0,0,1,20,여,4;1;3;3;4;4;6;3,47,50130;50110;11110,,,,,
f_f004642,east,3,2,0,0,0,2,30,남,2;2;1;3;3;6;6;6,41,42760;28110;44210,,,,,
f_f004645,east,3,2,0,0,0,3,50,남,2;2;2;5;3;6;2;2,11,42210;45130;28710,,,,,
f_f004648,east,3,12,0,0,0,1,40,남,2;2;2;4;2;2;4;6,41,46130;41190;45140,,,,,
f_f004649,east,2,1,0,0,0,1,20,남,2;6;2;2;2;2;2;6,11,42210;48850;26260,,,,,
f_f004650,east,2,1,0,0,0,0,60,여,3;2;2;1;2;2;2;7,27,48250;47290;47130,,,,,
f_f004659,east,3,26,0,0,0,2,20,여,5;3;3;3;2;2;3;6,48,50110;42210;11680,,,,,
f_f004660,east,3,22,0,0,0,2,30,남,3;3;3;5;3;5;4;5,44,44130;42230;44825,,,,,
f_f004661,east,2,3,0,0,0,1,50,여,1;7;4;5;1;6;1;7,47,26350;47130;47110,,,,,
f_f004691,east,3,12,0,0,0,0,20,여,4;2;2;4;4;4;5;5,11,50110;42750;47130,,,,,
f_f004694,east,3,22,0,0,0,1,20,여,4;1;1;5;7;5;1;6,47,26500;46130;11440,,,,,
f_f004696,east,2,2,0,0,0,1,40,여,4;6;4;4;6;4;3;6,11,46130;26350;42830,,,,,
f_f004698,east,3,22,0,0,0,2,20,여,6;2;4;2;1;4;7;2,41,42210;11680;42830,,,,,
f_f004702,east,2,2,0,0,0,1,20,남,4;4;2;6;6;4;2;5,27,27110;26350;47290,,,,,
f_f004706,east,2,1,0,0,0,1,20,여,3;4;3;6;4;5;6;7,41,42150;11710;26350,,,,,
f_f004709,east,2,22,0,0,0,1,30,여,6;1;1;4;7;5;5;6,27,47130;30140;26350,,,,,
f_f004710,east,2,5,0,0,0,2,40,여,2;4;2;3;6;4;6;4,27,47130;46130;42230,,,,,
f_f004715,east,3,21,0,0,0,2,30,여,3;3;2;6;6;2;3;7,41,42150;42830;50130,,,,,
f_f004718,east,3,4,0,0,0,3,40,여,4;4;2;4;4;4;4;4,11,41130;50130;42170,,,,,
f_f004729,east,2,1,0,0,0,0,20,여,4;4;1;1;7;1;7;7,48,46110;11650;26140,,,,,
f_f004732,east,3,1,0,0,0,0,20,남,1;1;1;6;1;1;7;6,11,50110;50130;42150,,,,,
f_f004742,east,3,2,0,0,0,3,20,여,4;2;4;2;4;4;2;6,44,50130;42150;26350,,,,,
f_f004744,east,2,1,0,0,0,1,30,여,1;1;4;1;4;7;4;5,42,50110;42720;26140,,,,,
f_f004747,east,3,2,0,0,0,1,30,여,2;5;2;3;6;6;6;5,27,47130;45110;26500,,,,,
f_f004754,east,3,1,0,0,0,1,20,여,6;4;3;3;2;3;1;7,11,42150;47110;45110,,,,,
f_f004759,east,2,11,0,0,0,2,40,남,5;6;6;2;2;6;5;2,11,41820;50110;42110,,,,,
f_f004766,east,3,6,0,0,0,0,20,여,4;3;3;2;6;5;2;7,41,26380;50130;42150,,,,,
f_f004767,east,2,13,0,0,0,2,40,남,1;3;2;6;4;7;1;2,42,42150;42210;41280,,,,,
f_f004770,east,2,26,0,0,0,0,50,여,2;6;3;1;2;1;2;3,41,44760;45800;42210,,,,,
f_f004778,east,3,21,0,0,0,2,20,여,6;2;2;5;5;3;6;4,48,26230;41110;31140,,,,,
f_f004782,east,3,12,0,0,0,1,30,남,3;2;2;4;1;2;6;6,26,50110;11440;46890,,,,,
f_f004790,east,2,13,0,0,0,3,20,여,3;2;3;4;2;3;5;2,47,42150;31170;47850,,,,,
f_f004793,east,3,21,0,0,0,1,20,여,4;3;4;3;2;4;1;4,11,26350;41830;41270,,,,,
f_f004797,east,3,1,0,0,0,6,60,남,1;2;5;6;6;2;2;3,41,42720;42210;43130,,,,,
f_f004800,east,3,1,0,0,0,1,20,여,1;1;2;2;2;5;2;7,41,26350;46130;46150,,,,,
f_f004801,east,3,13,0,0,0,1,40,남,4;4;4;4;4;4;4;4,27,26170;11680;29155,,,,,
f_f004805,east,3,21,0,0,0,1,30,남,4;1;2;4;6;3;7;7,11,47130;45110;47930,,,,,
f_f004809,east,2,12,0,0,0,2,60,여,2;2;2;3;2;4;2;2,11,41360;42210;50130,,,,,
f_f004813,east,2,12,0,0,0,3,20,남,6;2;1;3;2;2;6;6,27,47820;50130;50110,,,,,
f_f004815,east,3,1,0,0,0,1,40,남,1;1;1;1;6;4;6;6,41,42830;42150;28110,,,,,
f_f004817,east,3,22,0,0,0,1,20,남,4;1;1;2;7;1;7;7,41,42210;26140;50130,,,,,
f_f004821,east,2,6,0,0,0,3,60,남,4;4;4;4;5;3;3;6,47,47110;47280;47770,,,,,
f_f004826,east,2,4,0,0,0,1,20,남,3;2;4;3;3;2;4;4,11,42150;42130;41190,,,,,
f_f004829,east,3,3,0,0,0,1,20,여,3;1;1;7;7;1;1;7,41,26290;50130;27290,,,,,
f_f004831,east,3,1,0,0,0,1,20,여,3;2;2;5;3;3;2;4,27,47280;42760;47130,,,,,
f_f004836,east,3,1,0,0,0,3,20,여,2;1;1;5;2;3;6;4,11,11680;42150;44230,,,,,
f_f004840,east,2,12,0,0,0,1,20,남,4;3;4;2;3;4;3;4,47,50110;30170;26350,,,,,
f_f004853,east,2,22,0,0,0,1,20,여,4;1;1;1;1;7;1;5,26,50130;47130;11680,,,,,
f_f004863,east,3,1,0,0,0,0,20,여,2;1;2;3;2;4;1;7,44,50110;50130;26110,,,,,
f_f004875,east,2,1,0,0,0,1,50,여,2;6;2;3;3;3;3;4,27,47290;47110;26260,,,,,
f_f004876,east,3,12,0,0,0,1,20,여,2;4;1;4;5;3;2;6,41,11110;41360;42150,,,,,
f_f004878,east,3,11,0,0,0,2,60,남,2;4;4;3;2;4;3;3,47,47820;48870;48840,,,,,
f_f004879,east,3,9,0,0,0,9,30,여,4;2;2;1;3;2;2;6,11,50130;50110;26350,,,,,
f_f004888,east,2,1,0,0,0,1,20,남,7;1;5;1;1;7;7;7,27,11680;50110;26350,,,,,
f_f004890,east,3,1,0,0,0,4,40,여,2;2;4;4;6;5;2;5,36,45110;42760;44180,,,,,
f_f004892,east,3,1,0,0,0,1,20,여,2;1;5;3;4;5;2;6,47,26350;11560;50130,,,,,
f_f004894,east,3,21,0,0,0,1,20,남,3;3;3;5;3;3;6;3,11,41460;42720;42150,,,,,
f_f004895,east,3,2,0,0,0,1,30,남,3;2;3;2;4;4;3;5,44,42150;45130;11170,,,,,
f_f004903,east,3,1,0,0,0,1,60,남,1;2;1;4;2;7;3;6,47,50110;42130;46730,,,,,
f_f004911,east,2,1,0,0,0,1,20,여,2;1;5;2;2;2;6;6,48,42150;42820;42170,,,,,
f_f004919,east,3,1,0,0,0,5,30,남,2;3;4;2;5;5;6;4,26,11680;50130;47130,,,,,
f_f004929,east,3,24,0,0,0,1,50,남,4;3;4;7;1;7;2;6,11,42110;42150;41360,,,,,
f_f004934,east,3,1,0,0,0,8,30,남,3;2;2;4;3;4;3;5,11,42720;42150;41820,,,,,
f_f004939,east,3,2,0,0,0,2,40,남,6;5;5;5;3;6;5;2,11,42170;42110;26350,,,,,
f_f004972,east,2,11,0,0,0,1,20,여,6;1;1;1;4;6;1;3,47,42150;50130;27110,,,,,
f_f005002,east,3,13,0,0,0,1,30,남,2;2;1;4;7;5;2;3,42,11680;42150;42210,,,,,
f_f005003,east,3,22,0,0,0,1,20,여,1;7;4;5;1;4;6;7,31,47130;26710;11230,,,,,
f_f005005,east,3,1,0,0,0,3,50,남,2;4;6;3;3;2;6;3,27,47130;26350;48270,,,,,
f_f005006,east,2,13,0,0,0,1,30,여,1;4;1;5;5;2;2;6,27,46730;47940;42190,,,,,
f_f005013,east,2,10,0,0,0,1,50,여,3;1;1;4;5;3;3;4,31,42210;42150;47130,,,,,
f_f005016,east,3,21,0,0,0,1,30,남,2;2;1;4;3;2;5;6,31,42150;11710;50110,,,,,
f_f005019,east,3,2,0,0,0,1,30,여,4;1;4;4;5;2;6;6,41,50130;28177;46130,,,,,
f_f005035,east,2,1,0,0,0,2,60,여,1;2;4;4;4;4;2;4,26,48840;48860;47130,,,,,
f_f005048,east,3,1,0,0,0,0,20,여,4;3;3;5;3;4;5;5,41,42150;42830;26350,,,,,
f_f005052,east,3,1,0,0,0,3,20,남,7;1;1;7;5;1;7;1,11,41360;41820;42210,,,,,
f_f005053,east,3,22,0,0,0,1,30,남,2;3;2;2;5;3;5;5,26,50110;48850;50130,,,,,
f_f005054,east,3,2,0,0,0,1,20,남,2;1;1;6;5;1;1;7,27,26380;47130;11440,,,,,
f_f005058,east,3,22,0,0,0,5,40,여,4;4;1;5;5;3;5;4,27,47130;26350;42150,,,,,
f_f005064,east,3,10,0,0,0,2,40,여,2;2;3;2;2;3;2;3,41,42210;42130;41570,,,,,
f_f005080,east,3,1,0,0,0,1,30,여,1;1;2;2;7;7;1;7,46,11230;26350;50110,,,,,
f_f005085,east,3,1,0,0,0,4,20,남,3;3;2;4;4;3;7;6,48,48250;26260;27170,,,,,
f_f005090,east,3,22,0,0,0,1,20,여,2;2;1;1;1;3;2;4,41,26500;50110;11440,,,,,
f_f005092,east,2,1,0,0,0,0,40,여,4;4;4;4;4;4;4;4,26,47130;11560;48310,,,,,
f_f005104,east,3,2,0,0,0,3,30,여,3;1;1;3;4;6;6;7,41,50110;42150;26440,,,,,
f_f005106,east,3,26,0,0,0,1,30,남,4;1;1;5;3;1;7;1,27,26500;11680;11440,,,,,
f_f005114,east,2,22,0,0,0,3,20,여,3;5;3;2;5;5;2;6,11,41820;45110;26350,,,,,
f_f005129,east,3,2,0,0,0,1,20,남,1;1;1;4;2;3;7;2,30,50110;47940;48220,,,,,
f_f005135,east,3,10,0,0,0,1,50,남,2;4;2;4;3;2;4;2,41,44210;42210;41590,,,,,
f_f005141,east,3,21,0,0,0,3,40,남,1;1;1;6;3;4;1;2,11,41460;48840;50130,,,,,
f_f005156,east,3,2,0,0,0,3,50,여,1;1;5;6;2;5;2;5,11,42210;42750;41820,,,,,
f_f005169,east,3,21,0,0,0,1,20,여,5;2;4;3;2;3;7;1,11,42830;50130;26350,,,,,
f_f005185,east,2,12,0,0,0,1,30,남,2;1;4;3;3;3;7;5,28,42110;50130;26500,,,,,
f_f005195,east,2,2,0,0,0,2,30,여,1;1;6;2;2;3;2;2,27,47130;48310;47230,,,,,
f_f005197,east,2,1,0,0,0,2,20,여,2;2;2;2;2;3;3;6,11,50110;42210;42150,,,,,
f_f005206,east,3,2,0,0,0,1,30,여,1;1;1;3;1;1;1;1,41,47110;50130;26500,,,,,
f_f005212,east,3,3,0,0,0,1,20,남,4;2;4;3;2;6;1;3,41,42830;50130;28720,,,,,
f_f005214,east,2,1,0,0,0,1,20,여,3;2;2;2;5;5;7;4,48,26230;11230;27140,,,,,
f_f005220,east,3,1,0,0,0,0,50,남,3;3;2;3;5;4;2;4,26,47130;48840;48310,,,,,
f_f005221,east,2,24,0,0,0,1,30,남,2;5;3;3;3;3;3;5,27,26350;47110;27290,,,,,
f_f005240,east,3,3,0,0,0,10,40,여,1;4;7;7;7;1;7;1,41,42210;43720;44200,,,,,
f_f005244,east,3,1,0,0,0,1,20,여,2;3;2;2;2;3;4;4,27,26710;42150;47130,,,,,
f_f005248,east,3,23,0,0,0,1,20,남,4;3;3;2;1;5;4;5,11,42150;41170;50130,,,,,
f_f005252,east,3,11,0,0,0,12,40,남,5;2;6;6;1;5;6;2,11,48840;41650;42830,,,,,
f_f005255,east,3,10,0,0,0,1,20,여,2;2;2;1;2;2;2;7,47,26500;50130;47820,,,,,
f_f005261,east,3,21,0,0,0,3,20,남,4;4;4;4;4;4;4;4,41,50110;26290;41110,,,,,
f_f005268,east,2,2,0,0,0,1,30,여,2;7;1;2;1;7;1;7,11,50130;42150;26350,,,,,
f_f005269,east,3,1,0,0,0,0,20,여,4;1;5;3;4;3;7;4,26,27110;47130;48220,,,,,
f_f005274,east,3,1,0,0,0,0,20,여,5;1;1;5;7;7;1;7,48,26290;26500;11230,,,,,
f_f005275,east,3,13,0,0,0,2,30,남,2;2;2;6;6;7;7;7,41,50130;41820;42830,,,,,
f_f005279,east,2,1,0,0,0,2,20,남,6;2;4;3;2;3;7;3,48,11440;48220;31140,,,,,
f_f005280,east,3,22,0,0,0,1,30,여,1;3;2;2;2;4;3;6,41,42150;42230;42210,,,,,
f_f005281,east,3,22,0,0,0,7,30,남,4;2;5;4;3;5;6;5,11,27290;42150;47130,,,,,
f_f005291,east,3,3,0,0,0,1,30,남,3;2;2;1;4;5;5;6,41,50130;26200;42210,,,,,
f_f005296,east,3,12,0,0,0,1,20,남,5;2;2;3;3;4;2;6,41,50130;43800;42150,,,,,
f_f005301,east,3,1,0,0,0,1,20,남,4;5;4;4;5;5;3;6,30,42150;26290;41820,,,,,
f_f005302,east,2,1,0,0,0,6,30,여,3;3;2;5;4;5;4;6,47,48840;47930;46710,,,,,
f_f005316,east,3,21,0,0,0,3,60,여,2;4;4;3;2;4;2;2,11,50130;42210;28710,,,,,
f_f005320,east,3,22,0,0,0,1,40,여,1;3;1;3;3;4;3;6,11,50130;42210;26710,,,,,
f_f005325,east,2,2,0,0,0,3,40,여,2;4;2;6;2;6;6;6,48,41460;42230;48820,,,,,
f_f005333,east,2,2,0,0,0,3,20,여,7;1;7;1;1;1;7;7,47,47130;47110;47280,,,,,
f_f005334,east,3,23,0,0,0,1,20,남,6;1;6;1;6;7;2;7,28,42150;11440;26350,,,,,
f_f005337,east,3,2,0,0,0,5,60,남,2;2;3;1;2;6;2;6,11,42170;43740;41650,,,,,
f_f005341,east,3,1,0,0,0,0,30,여,4;2;1;2;2;2;5;4,11,27230;50110;26500,,,,,
f_f005348,east,2,24,0,0,0,2,50,남,2;6;1;4;5;2;2;5,11,41630;42150;41360,,,,,
f_f005350,east,3,21,0,0,0,1,20,남,2;2;5;5;5;5;2;7,27,26500;50130;11170,,,,,
f_f005351,east,3,21,0,0,0,1,30,여,2;3;1;2;1;2;1;6,41,42110;50130;26350,,,,,
f_f005365,east,3,3,0,0,0,2,30,여,3;4;1;4;1;1;6;5,30,50130;26500;42150,,,,,
f_f005368,east,3,1,0,0,0,2,20,여,4;2;4;6;4;6;6;6,11,26350;50130;42150,,,,,
f_f005372,east,3,1,0,0,0,3,40,남,2;2;5;2;2;6;5;2,26,50110;47130;28110,,,,,
f_f005382,east,3,12,0,0,0,3,30,여,1;1;1;7;4;5;6;6,11,48310;48870;46130,,,,,
f_f005393,east,3,10,0,0,0,2,20,여,2;2;3;1;4;4;5;6,11,42150;26350;50110,,,,,
f_f005394,east,3,3,0,0,0,0,40,여,4;1;1;5;2;3;2;7,28,26200;42820;50130,,,,,
f_f005395,east,2,1,0,0,0,1,30,여,2;1;2;2;4;2;1;6,47,26710;11680;46130,,,,,
f_f005407,east,3,4,0,0,0,0,20,남,6;2;4;3;3;4;2;5,41,11110;11200;41270,,,,,
f_f005408,east,3,1,0,0,0,0,30,여,4;6;6;6;2;6;7;6,26,27110;31170;47730,,,,,
f_f005410,east,2,10,0,0,0,1,40,남,4;3;2;4;5;4;2;4,48,26500;26230;11170,,,,,
f_f005417,east,2,12,0,0,0,1,30,여,2;2;1;3;7;2;1;6,27,26350;11680;47130,,,,,
f_f005424,east,3,1,0,0,0,0,20,여,4;3;2;3;4;4;6;4,47,26500;11170;11650,,,,,
f_f005431,east,3,1,0,0,0,1,40,남,3;2;2;5;2;7;1;6,28,50110;26200;42150,,,,,
f_f005442,east,3,22,0,0,0,1,30,남,2;2;2;3;3;3;2;5,26,42170;42230;45110,,,,,
f_f005450,east,2,22,0,0,0,1,40,남,2;4;2;2;2;2;6;4,26,31710;47110;42760,,,,,
f_f005468,east,3,2,0,0,0,3,20,여,4;1;5;2;1;4;2;6,11,42210;42760;47130,,,,,
f_f005482,east,2,1,0,0,0,1,30,남,1;1;7;1;1;1;7;3,42,42820;42210;50130,,,,,
f_f005485,east,3,10,0,0,0,3,50,여,2;6;6;2;1;6;6;6,27,26350;47130;26200,,,,,
f_f005495,east,3,21,0,0,0,2,30,여,4;2;2;5;3;2;6;6,44,41110;50110;42150,,,,,
f_f005496,east,3,1,0,0,0,1,30,여,6;2;1;1;4;5;2;7,47,50130;26350;11680,,,,,
f_f005498,east,3,1,0,0,0,1,20,남,2;1;2;1;2;6;1;5,26,47130;50110;11110,,,,,
f_f005506,east,3,1,0,0,0,1,30,여,2;1;2;3;5;6;5;6,11,42150;26350;50110,,,,,
f_f005509,east,2,10,0,0,0,1,50,남,4;7;7;4;1;7;6;2,26,48220;48310;47130,,,,,
f_f005512,east,2,22,0,0,0,3,20,여,2;2;1;2;4;5;3;6,11,50110;26350;41820,,,,,
f_f005513,east,2,21,0,0,0,2,30,여,2;2;2;3;4;2;6;4,26,47280;11710;48840,,,,,
f_f005519,east,2,1,0,0,0,2,50,남,3;1;1;3;5;2;7;7,48,27110;48840;26350,,,,,
f_f005520,east,3,1,0,0,0,0,20,여,2;2;1;3;3;2;6;5,41,42210;50110;50130,,,,,
f_f005526,east,2,1,0,0,0,1,30,여,2;4;2;4;3;3;6;4,41,42830;46130;41830,,,,,
f_f005528,east,2,1,0,0,0,1,30,여,4;2;2;5;4;4;6;4,26,47130;50130;48840,,,,,
f_f005532,east,3,10,0,0,0,1,20,여,6;5;6;4;6;4;6;2,11,42150;42210;26350,,,,,
f_f005533,east,3,5,0,0,0,1,30,남,2;2;1;2;1;1;7;1,11,41820;50130;42820,,,,,
f_f005540,east,3,10,0,0,0,1,30,여,3;3;1;3;6;2;1;6,11,45110;26140;47130,,,,,
f_f005543,east,3,21,0,0,0,1,20,여,6;3;6;4;4;2;5;1,11,42150;48840;46130,,,,,
f_f005549,east,3,1,0,0,0,3,20,남,3;1;1;5;5;5;3;5,31,26140;11680;46130,,,,,
f_f005551,east,3,2,0,0,0,4,40,여,2;2;2;3;2;4;3;2,48,48860;48310;26500,,,,,
f_f005556,east,3,1,0,0,0,10,40,여,1;1;1;3;3;3;7;7,43,42150;42760;50110,,,,,
f_f005575,east,2,10,0,0,0,3,50,여,2;1;7;3;2;7;1;7,26,50130;28110;47130,,,,,
f_f005577,east,3,1,0,0,0,3,30,여,2;2;4;3;4;6;5;2,41,42210;42230;50110,,,,,
f_f005584,east,2,13,0,0,0,1,30,여,4;2;4;1;1;4;4;1,47,47170;47930;47920,,,,,
f_f005590,east,3,1,0,0,0,1,30,여,4;1;1;1;4;4;4;7,30,50130;42150;11680,,,,,
f_f005591,east,3,22,0,0,0,1,30,여,4;1;1;4;5;2;6;6,11,42210;50110;27710,,,,,
f_f005604,east,3,10,0,0,0,1,20,남,2;1;3;5;2;5;7;5,41,42150;26500;50130,,,,,
f_f005615,east,3,5,0,0,0,1,20,남,2;2;3;6;7;5;2;6,48,26140;50130;41820,,,,,
f_f005621,east,3,1,0,0,0,1,40,남,4;4;4;4;4;4;4;4,28,42150;42820;27710,,,,,
f_f005622,east,3,1,0,0,0,1,30,여,5;2;2;2;4;5;3;6,27,46130;50130;50110,,,,,
f_f005635,east,2,22,0,0,0,1,30,여,4;4;1;1;4;4;1;7,47,47170;26500;42830,,,,,
f_f005640,east,2,23,0,0,0,1,30,여,3;2;1;3;4;1;2;2,47,26350;46130;47130,,,,,
f_f005645,east,3,11,0,0,0,1,20,여,4;1;1;1;7;2;1;7,11,26350;50130;42830,,,,,
f_f005647,east,2,22,0,0,0,1,30,여,3;1;1;4;1;5;5;6,47,26320;50130;11350,,,,,
f_f005655,east,3,21,0,0,0,3,60,여,1;1;1;4;4;4;3;3,28,43800;42760;41830,,,,,
f_f005676,east,3,2,0,0,0,3,30,남,2;2;2;1;3;7;2;7,27,47170;26350;41460,,,,,
f_f005677,east,3,1,0,0,0,1,30,남,5;2;4;3;3;4;5;2,27,26350;11110;50130,,,,,
f_f005678,east,3,11,0,0,0,2,30,여,2;4;2;7;7;2;2;6,27,47130;48310;47110,,,,,
f_f005679,east,3,21,0,0,0,1,20,여,5;1;1;1;1;4;1;5,11,26350;28720;30200,,,,,
f_f005680,east,3,1,0,0,0,1,20,여,6;2;4;3;5;4;3;6,27,11140;26500;47130,,,,,
f_f005694,east,3,1,0,0,0,1,20,여,6;6;5;6;7;5;6;6,11,42150;48310;28110,,,,,
f_f005759,east,3,11,0,0,0,0,40,여,4;1;2;1;1;4;2;5,11,50130;26350;42210,,,,,
f_f005769,east,3,1,0,0,0,1,30,여,3;3;2;2;2;4;3;5,29,50130;26350;42150,,,,,
f_f005780,east,3,22,0,0,0,1,30,남,1;1;2;2;2;2;2;2,27,11680;50110;47110,,,,,
f_f005787,east,3,22,0,0,0,2,50,여,1;4;3;4;2;2;2;4,48,42210;50130;48310,,,,,
f_f005801,east,3,21,0,0,0,1,20,남,4;1;2;2;5;4;3;5,44,42110;44130;11680,,,,,
f_f005803,east,3,1,0,0,0,2,20,여,6;1;1;3;3;6;5;7,28,26350;50130;42210,,,,,
f_f005804,east,3,1,0,0,0,3,20,여,4;3;1;4;5;4;2;6,11,11440;26350;47110,,,,,
f_f005840,east,3,1,0,0,0,0,30,여,4;2;3;1;4;2;4;5,48,42230;50130;11680,,,,,
f_f005845,east,3,11,0,0,0,1,20,여,2;1;2;5;4;2;2;3,47,47110;27290;27110,,,,,
f_f005847,east,3,12,0,0,0,1,20,여,5;3;2;4;3;2;2;6,11,50130;26350;47130,,,,,
f_f005862,east,3,10,0,0,0,1,20,남,1;2;2;2;5;2;6;6,26,50130;26230;26350,,,,,
f_f005863,east,3,2,0,0,0,1,30,남,1;1;4;5;1;4;6;4,11,50110;42150;26350,,,,,
f_f005876,east,3,1,0,0,0,1,30,남,1;4;1;4;6;2;4;2,41,42770;50130;29140,,,,,
f_f005881,east,3,1,0,0,0,1,40,남,4;2;2;3;4;2;2;5,45,11440;47130;30140,,,,,
f_f005883,east,3,2,0,0,0,3,30,여,5;3;3;3;3;5;5;5,44,26350;50130;11110,,,,,
f_f005884,east,2,2,0,0,0,1,20,여,5;6;3;6;2;5;2;7,27,47130;47820;47770,,,,,
f_f005887,east,3,12,0,0,0,1,30,여,4;1;1;4;1;4;1;6,42,50130;42820;42230,,,,,
f_f005896,east,3,1,0,0,0,1,20,여,3;1;1;6;2;1;2;7,27,48840;11110;50130,,,,,
f_f005915,east,3,22,0,0,0,1,30,여,4;2;4;4;5;4;2;7,30,50130;11215;26500,,,,,
f_f005925,east,3,22,0,0,0,1,30,남,2;2;2;3;2;1;4;6,28,50130;28710;48870,,,,,
f_f005927,east,3,2,0,0,0,1,30,여,6;2;5;5;6;6;2;6,42,11680;41190;42110,,,,,
f_f005939,east,3,21,0,0,0,1,30,여,1;1;1;1;1;4;1;7,28,42110;28710;41480,,,,,
f_f005941,east,2,21,0,0,0,2,60,여,5;5;4;3;2;2;6;6,48,48840;48310;46130,,,,,
f_f005943,east,3,1,0,0,0,1,30,남,3;1;1;3;3;1;3;7,41,42150;26350;42130,,,,,
f_f005946,east,3,1,0,0,0,2,60,남,1;1;1;1;1;4;1;1,27,11140;26350;43800,,,,,
f_f005947,east,3,2,0,0,0,3,20,남,4;2;5;2;2;6;2;6,41,42150;42230;26200,,,,,
f_f005948,east,3,22,0,0,0,2,30,남,1;7;5;7;1;7;1;5,48,48860;27260;26350,,,,,
f_f005950,east,3,2,0,0,0,1,20,여,3;1;3;3;4;3;1;6,11,42150;50110;44760,,,,,
f_f005956,east,2,27,0,0,0,4,20,여,2;2;2;2;2;2;6;2,47,48220;47130;27260,,,,,
f_f005976,east,3,2,0,0,0,1,30,여,5;2;2;2;4;3;6;6,11,42150;30200;26350,,,,,
f_f005983,east,3,5,0,0,0,0,20,남,4;1;1;4;4;4;4;4,26,26500;27710;41110,,,,,
f_f006029,east,2,6,0,0,0,0,20,여,6;2;2;4;1;5;6;7,47,26230;11140;50110,,,,,
f_f006037,east,3,1,0,0,0,0,20,여,3;2;2;5;4;4;5;5,41,50110;47130;26350,,,,,
f_f006041,east,3,1,0,0,0,1,30,남,2;2;4;4;5;3;5;5,41,42150;50130;41820,,,,,
f_f006047,east,3,2,0,0,0,1,20,여,4;1;2;1;4;1;1;4,47,50110;26350;11230,,,,,
f_f006054,east,3,1,0,0,0,0,20,여,3;2;2;1;6;3;6;7,26,48310;47130;50110,,,,,
f_f006060,east,3,1,0,0,0,1,20,여,4;1;2;2;4;6;6;6,41,42150;42230;50130,,,,,
f_f006065,east,2,21,0,0,0,2,20,여,2;2;2;2;2;2;3;5,11,42210;42830;41820,,,,,
f_f006070,east,2,1,0,0,0,1,30,여,6;3;3;1;1;5;5;7,47,27110;48220;50110,,,,,
f_f006074,east,3,9,0,0,0,1,20,여,2;6;2;5;6;5;6;6,31,47110;47130;26380,,,,,
f_f006082,east,3,1,0,0,0,1,20,남,2;2;1;3;2;2;2;2,11,50130;26350;42150,,,,,
f_f006083,east,3,2,0,0,0,2,20,남,1;1;3;2;6;2;6;6,41,42820;45190;28185,,,,,
f_f006085,east,3,1,0,0,0,1,40,여,5;1;2;2;2;4;1;7,27,26710;47210;47110,,,,,
f_f006089,east,3,1,0,0,0,2,40,여,2;6;1;7;7;4;1;7,27,47110;27230;47130,,,,,
f_f006098,east,2,1,0,0,0,1,20,여,6;2;1;6;7;6;1;7,26,48310;48250;47130,,,,,
f_f006111,east,3,21,0,0,0,1,30,남,4;2;2;3;3;5;2;6,11,50110;26350;42830,,,,,
f_f006123,east,3,22,0,0,0,4,20,여,2;1;2;3;1;4;2;7,48,26200;48310;48840,,,,,
f_f006135,east,3,21,0,0,0,3,30,여,6;3;4;2;2;6;6;6,41,41280;42210;50130,,,,,
f_f006143,east,3,1,0,0,0,1,30,남,3;3;3;3;2;4;4;6,11,42110;43800;42170,,,,,
f_f006157,east,3,10,0,0,0,1,20,여,4;3;2;2;3;2;2;6,26,11680;26350;50110,,,,,
f_f006173,east,2,22,0,0,0,8,40,여,1;1;1;1;6;5;1;7,41,50130;42210;41310,,,,,
f_f006178,east,3,1,0,0,0,1,30,여,3;2;2;2;2;3;3;4,41,50130;42230;26350,,,,,
f_f006192,east,2,1,0,0,0,3,40,여,5;5;4;5;6;5;5;3,11,42150;50110;30170,,,,,
f_f006199,east,2,22,0,0,0,1,20,남,6;6;2;2;5;5;2;7,41,50130;42830;26350,,,,,
f_f006237,east,2,2,0,0,0,1,20,여,6;2;2;4;3;2;2;6,47,26500;42150;11560,,,,,
f_f006243,east,2,22,0,0,0,1,20,여,3;2;7;6;7;6;1;7,27,26500;47130;30170,,,,,
f_f006333,east,2,1,0,0,0,0,40,여,4;5;3;4;5;6;2;6,27,47130;47150;26350,,,,,
f_f006334,east,2,10,0,0,0,1,40,여,2;4;2;3;6;6;7;4,43,42720;11110;43760,,,,,
f_f006335,east,2,12,0,0,0,2,40,남,2;3;2;2;2;4;3;5,48,47130;50130;48310,,,,,
f_f006337,east,2,24,0,0,0,2,50,남,6;4;1;3;2;1;3;5,47,27200;11560;26200,,,,,
f_f006341,east,2,2,0,0,0,1,40,여,4;4;2;3;4;4;2;4,26,26710;48270;31140,,,,,
f_f006346,east,2,3,0,0,0,0,40,남,4;4;4;3;5;3;5;4,31,26710;48250;47130,,,,,
f_f006347,east,2,21,0,0,0,1,20,여,3;5;2;4;2;3;1;2,48,26350;11680;31170,,,,,
f_f006349,east,2,22,0,0,0,1,40,남,4;2;4;4;3;5;6;6,47,50110;26350;46110,,,,,
f_f006352,east,2,4,0,0,0,1,40,남,3;2;5;5;3;6;6;6,42,42210;42150;50130,,,,,
f_f006353,east,2,1,0,0,0,1,30,남,6;7;4;6;2;3;2;1,48,26710;26230;26350,,,,,
f_f006355,east,2,1,0,0,0,0,20,남,1;1;2;3;3;3;5;3,47,27110;47930;30140,,,,,
f_f006356,east,2,11,0,0,0,5,40,여,2;5;2;5;6;2;2;6,26,48330;26350;48840,,,,,
f_f006359,east,2,11,0,0,0,1,50,여,3;1;2;4;4;5;6;6,48,50110;26350;48310,,,,,
f_f006360,east,2,2,0,0,0,1,30,남,2;3;3;2;3;5;3;2,26,26350;48890;31170,,,,,
f_f006362,east,2,2,0,0,0,2,40,여,2;4;2;3;6;6;3;7,26,48330;11110;50130,,,,,
f_f006368,east,2,3,0,0,0,1,30,남,6;3;3;3;6;4;2;6,48,26710;48840;48740,,,,,
f_f006371,east,2,4,0,0,0,1,50,남,1;4;3;3;2;3;3;5,27,48740;47830;26410,,,,,
f_f006372,east,2,4,0,0,0,3,50,남,4;4;4;2;1;4;4;4,48,26350;27290;27140,,,,,
f_f006376,east,2,2,0,0,0,2,50,남,4;6;6;2;2;5;3;3,27,47130;48270;48820,,,,,
f_f006378,east,2,2,0,0,0,3,40,남,2;5;4;5;3;5;2;4,48,48730;48860;48850,,,,,
f_f006381,east,2,2,0,0,0,3,50,여,2;4;4;3;3;3;1;7,48,48240;47130;11530,,,,,
f_f006384,east,2,1,0,0,0,0,30,여,4;3;5;5;3;4;5;6,48,50130;50110;11500,,,,,
f_f006388,east,2,3,0,0,0,2,50,여,4;1;6;4;1;5;6;7,27,48740;27110;47110,,,,,
f_f006389,east,2,22,0,0,0,1,40,남,5;4;6;4;3;4;3;6,48,46130;42150;50130,,,,,
f_f006390,east,2,1,0,0,0,0,40,남,2;3;2;4;6;3;3;4,47,11710;42150;47130,,,,,
f_f006392,east,2,27,0,0,0,4,50,여,2;6;1;5;4;4;6;7,48,48730;48820;26710,,,,,
f_f006393,east,2,21,0,0,0,1,40,여,1;3;2;3;2;1;3;6,26,46730;48850;42150,,,,,
f_f006394,east,2,4,0,0,0,3,40,여,1;6;2;3;6;2;6;6,48,48840;48860;48890,,,,,
f_f006396,east,2,21,0,0,0,1,30,남,1;1;1;1;1;1;7;7,27,50110;50130;42150,,,,,
f_f006398,east,2,2,0,0,0,1,30,여,2;2;2;5;3;3;2;6,27,46130;47280;50130,,,,,
f_f006399,east,2,4,0,0,0,1,40,여,5;7;5;2;6;3;6;6,11,42110;50110;41290,,,,,
f_f006400,east,2,1,0,0,0,0,60,여,2;4;2;1;1;7;6;7,48,48310;48270;42820,,,,,
f_f006401,east,2,2,0,0,0,1,40,여,3;4;3;4;4;5;2;5,48,46130;42210;26350,,,,,
f_f006403,east,2,21,0,0,0,7,50,남,3;3;4;3;5;5;3;6,42,42150;50110;42210,,,,,
f_f006406,east,2,3,0,0,0,3,50,여,6;2;4;6;6;5;5;5,26,48310;46150;47130,,,,,
f_f006483,east,3,12,0,0,0,1,20,남,6;2;2;2;2;6;2;6,26,11110;11680;50110,,,,,
f_f006484,east,2,22,0,0,0,1,20,여,7;1;4;1;4;7;7;1,47,50110;11680;27230,,,,,
f_f006523,east,2,2,0,0,0,1,30,남,6;5;3;3;5;3;5;3,11,50110;26350;42150,,,,,
f_f006525,east,3,2,0,0,0,3,30,여,7;7;7;5;7;5;7;1,48,48120;48730;48310,,,,,
f_f006533,east,3,21,0,0,0,1,20,남,4;4;4;4;4;4;4;7,41,42150;50110;28710,,,,,
f_f006534,east,3,22,0,0,0,0,30,남,7;1;4;2;4;4;6;5,26,50130;11440;26710,,,,,
f_f006536,east,3,24,0,0,0,0,20,여,5;2;1;5;6;3;1;5,44,42150;11440;30200,,,,,
f_f006548,east,3,22,0,0,0,1,30,여,3;4;2;4;2;2;2;7,11,50130;41110;42210,,,,,
f_f006550,east,3,26,0,0,0,8,20,여,3;2;4;3;3;5;6;7,26,47130;48310;46130,,,,,
f_f006551,east,3,10,0,0,0,2,30,여,2;4;1;5;4;4;7;5,41,50130;42130;11710,,,,,
f_f006625,east,2,24,0,0,0,1,30,남,2;2;1;2;4;2;4;6,26,50130;47130;47770,,,,,
f_f006626,east,2,2,0,0,0,3,20,여,4;1;1;3;4;2;7;4,26,46130;50110;47130,,,,,
f_f006659,east,3,1,0,0,0,1,20,여,2;2;3;3;1;7;7;2,29,46130;26350;11680,,,,,
f_f006660,east,3,2,0,0,0,1,20,여,2;1;1;7;6;4;3;7,11,42150;42170;42210,,,,,
f_f006665,east,2,1,0,0,0,0,50,여,4;5;2;2;4;1;2;3,41,42830;41500;42150,,,,,
f_f006666,east,2,22,0,0,0,1,40,여,4;4;3;4;6;6;4;6,27,26350;47130;11710,,,,,
f_f006667,east,2,1,0,0,0,0,30,남,1;1;1;1;1;1;1;7,47,42170;29200;26260,,,,,
f_f006668,east,2,21,0,0,0,3,50,남,1;4;1;4;1;4;4;7,48,48240;48270;48860,,,,,
f_f006678,east,3,22,0,0,0,1,20,남,2;2;2;3;3;3;5;5,47,50130;45130;43800,,,,,
f_f006687,east,3,1,0,0,0,1,20,남,4;2;4;2;2;6;6;7,48,26350;47130;46130,,,,,
f_f006697,east,3,1,0,0,0,1,30,남,6;1;4;5;6;4;6;1,48,26710;47130;47110,,,,,
f_f006714,east,3,2,0,0,0,1,30,여,4;2;5;2;4;4;2;6,26,50130;31140;27290,,,,,
f_f006716,east,3,3,0,0,0,1,20,남,5;2;5;3;3;6;1;5,11,11215;50110;42150,,,,,
f_f006717,east,3,21,0,0,0,1,30,여,4;2;4;1;4;2;4;6,26,50110;48840;42150,,,,,
f_f006718,east,3,21,0,0,0,4,20,여,4;1;3;1;1;7;1;7,47,50130;42150;26350,,,,,
f_f006732,east,3,1,0,0,0,0,20,여,4;1;1;4;7;5;1;7,11,50110;42830;26710,,,,,
f_f006751,east,3,22,0,0,0,1,20,여,4;1;1;1;4;3;2;7,41,11110;50130;47130,,,,,
f_f006760,east,3,22,0,0,0,1,40,여,2;2;2;4;6;6;6;6,27,47130;26350;50110,,,,,
f_f006769,east,2,22,0,0,0,1,50,남,2;6;1;1;2;1;5;4,47,47130;26350;50130,,,,,
f_f006775,east,3,2,0,0,0,3,20,여,2;1;4;3;2;6;2;3,41,42210;42150;41820,,,,,
f_f006800,east,3,12,0,0,0,1,20,여,1;2;2;3;3;5;2;5,31,26710;31170;11110,,,,,
f_f006819,east,3,4,0,0,0,0,30,여,2;2;6;4;3;6;5;6,28,42150;42210;50110,,,,,
f_f006830,east,3,2,0,0,0,1,40,남,1;1;1;1;4;1;1;5,28,42760;41820;43150,,,,,
f_f006831,east,3,2,0,0,0,1,40,남,2;2;2;3;6;2;2;6,36,50110;26350;44180,,,,,
f_f006836,east,3,10,0,0,0,5,60,여,2;4;4;4;2;4;3;5,41,41630;50110;42720,,,,,
f_f006856,east,2,2,0,0,0,1,20,남,2;2;1;1;4;4;2;4,48,42150;50110;42170,,,,,
f_f006858,east,3,1,0,0,0,2,20,남,4;3;2;5;3;5;5;4,11,42830;47130;26200,,,,,
f_f006867,east,2,2,0,0,0,1,20,남,1;1;1;5;1;1;2;7,11,41360;41820;50130,,,,,
f_f006871,east,3,12,0,0,0,1,20,여,1;1;1;1;4;4;2;5,11,50130;50110;42150,,,,,
f_f006876,east,3,6,0,0,0,0,20,여,3;2;5;3;5;6;6;5,26,11440;46130;47130,,,,,
f_f006879,east,3,1,0,0,0,1,30,여,5;1;4;2;2;6;6;3,11,42150;50110;26350,,,,,
f_f006901,east,2,1,0,0,0,0,40,여,4;7;7;2;6;6;6;6,27,26410;50130;48880,,,,,
f_f006910,east,2,21,0,0,0,1,20,여,2;1;3;3;6;1;6;6,31,42150;47130;31170,,,,,
f_f006914,east,3,1,0,0,0,1,20,남,6;2;5;3;3;5;7;4,45,11680;26500;42150,,,,,
f_f006921,east,3,10,0,0,0,3,50,남,2;2;2;1;1;1;2;7,41,41480;42210;11110,,,,,
f_f006924,east,2,1,0,0,0,1,20,여,4;5;2;7;1;7;7;1,47,26350;27110;50110,,,,,
f_f006925,east,2,22,0,0,0,4,20,여,3;3;3;4;3;3;7;7,41,42150;42830;28710,,,,,
f_f006933,east,3,21,0,0,0,1,40,남,2;2;2;4;4;6;2;5,43,50130;47130;11140,,,,,
f_f006934,east,3,1,0,0,0,1,30,여,6;1;4;1;2;1;1;6,41,42150;47130;42210,,,,,
f_f006942,east,2,1,0,0,0,0,20,여,4;6;2;5;4;6;5;6,26,27110;50110;46130,,,,,
f_f006943,east,2,2,0,0,0,3,30,남,4;4;4;1;4;1;7;7,27,47820;47730;42150,,,,,
f_f006957,east,3,2,0,0,0,3,20,여,3;3;3;3;4;2;6;4,41,26350;27260;11560,,,,,
f_f006967,east,3,28,0,0,0,1,30,여,1;1;4;3;4;1;6;1,41,50130;42150;26350,,,,,
f_f006971,east,2,5,0,0,0,2,30,여,6;1;1;6;7;1;1;7,11,50130;26230;11110,,,,,
f_f006976,east,2,21,0,0,0,3,40,여,4;1;4;4;3;5;3;2,27,47110;47770;26350,,,,,
f_f007010,east,2,22,0,0,0,1,50,남,3;4;2;4;2;6;6;6,42,42230;31140;42760,,,,,
f_f007020,east,3,2,0,0,0,1,20,남,2;3;6;6;7;5;2;7,43,50130;42210;47130,,,,,
f_f007047,east,3,23,0,0,0,2,30,여,5;2;2;4;6;2;7;5,41,28245;45790;42170,,,,,
f_f007065,east,2,4,0,0,0,1,20,여,2;2;2;2;1;2;2;4,27,47290;47230;26200,,,,,
f_f007075,east,2,21,0,0,0,1,20,여,3;6;2;2;2;2;3;7,31,11620;27290;26710,,,,,
f_f007082,east,3,10,0,0,0,1,40,여,4;1;1;1;4;6;1;6,26,26500;48310;42830,,,,,
f_f007088,east,3,2,0,0,0,1,20,남,1;1;1;1;1;1;1;7,27,47130;29200;11680,,,,,
f_f007093,east,2,22,0,0,0,1,30,여,1;4;2;5;4;5;4;6,48,50130;27170;26350,,,,,
f_f007094,east,3,1,0,0,0,1,30,남,1;4;1;4;4;2;1;6,43,43720;47130;27710,,,,,
f_f007095,east,3,22,0,0,0,3,30,여,2;5;6;6;2;3;4;3,48,48120;26530;48820,,,,,
f_f007111,east,3,21,0,0,0,1,40,남,4;5;5;2;5;4;2;5,41,42150;11650;31140,,,,,
f_f007124,east,2,1,0,0,0,0,30,여,2;2;4;2;3;2;6;4,41,42150;50110;26500,,,,,
f_f007129,east,3,12,0,0,0,1,20,여,5;2;2;6;3;5;3;7,26,11680;47130;47110,,,,,
f_f007131,east,3,2,0,0,0,5,30,남,1;7;7;7;1;1;7;7,11,41820;26350;27290,,,,,
f_f007133,east,2,22,0,0,0,2,30,여,4;1;1;3;4;3;2;7,41,42150;26350;28710,,,,,
f_f007144,east,3,1,0,0,0,1,20,남,6;3;3;2;4;5;3;5,42,11680;42150;42210,,,,,
f_f007148,east,3,2,0,0,0,1,30,여,4;2;2;2;2;4;6;7,26,50130;26710;47130,,,,,
f_f007186,east,3,1,0,0,0,8,20,여,1;2;6;2;1;1;7;5,27,46150;47130;26350,,,,,
f_f007187,east,3,22,0,0,0,0,20,남,4;1;4;7;1;7;7;4,47,27110;26350;47130,,,,,
f_f007193,east,3,22,0,0,0,2,20,남,3;3;2;4;3;2;4;6,11,26710;50110;42150,,,,,
f_f007199,east,3,10,0,0,0,2,40,남,2;2;2;3;5;3;6;5,27,47770;48310;42170,,,,,
f_f007200,east,3,1,0,0,0,6,50,여,1;1;1;2;2;3;3;5,11,50130;41820;42210,,,,,
f_f007205,east,3,1,0,0,0,1,30,남,3;1;2;2;1;3;3;7,11,50110;26500;27290,,,,,
f_f007206,east,3,1,0,0,0,1,30,여,4;1;2;2;2;7;6;7,26,47170;50110;42210,,,,,
f_f007209,east,3,21,0,0,0,4,20,여,4;1;1;2;4;4;1;7,11,11440;45130;50110,,,,,
f_f007210,east,3,5,0,0,0,7,20,여,3;5;3;2;6;5;7;2,11,41360;41450;42830,,,,,
f_f007216,east,3,2,0,0,0,1,30,남,4;1;1;4;2;1;4;7,28,50130;42210;42170,,,,,
f_f007218,east,3,21,0,0,0,0,30,남,2;2;3;5;6;6;2;7,11,26350;42150;48220,,,,,
f_f007225,east,3,11,0,0,0,5,20,여,4;3;2;2;2;2;3;6,11,11110;26500;50130,,,,,
f_f007226,east,3,1,0,0,0,1,20,여,4;2;3;2;6;5;7;5,28,26350;42210;11710,,,,,
f_f007232,east,3,5,0,0,0,2,30,남,1;4;2;2;2;6;6;7,11,47130;46230;31170,,,,,
f_f007233,east,3,10,0,0,0,1,30,여,4;1;2;1;4;2;4;7,48,26500;26350;48310,,,,,
f_f007244,east,2,12,0,0,0,1,20,여,4;6;3;6;5;6;3;3,42,41820;43110;11410,,,,,
f_f007245,east,3,2,0,0,0,1,20,여,4;2;5;4;4;5;4;7,30,42150;50130;11110,,,,,
f_f007246,east,3,21,0,0,0,1,20,여,2;2;4;3;2;2;6;4,27,47110;26350;42150,,,,,
f_f007254,east,3,1,0,0,0,0,50,여,2;1;4;3;2;5;3;4,11,26350;50130;42150,,,,,
f_f007306,east,3,1,0,0,0,2,20,여,6;2;2;5;2;6;2;6,11,42210;42150;26350,,,,,
f_f007335,east,3,1,0,0,0,1,20,여,2;1;1;1;5;3;2;6,30,50130;26350;44180,,,,,
f_f007353,east,3,1,0,0,0,3,30,여,2;4;5;4;6;6;7;7,11,42150;42110;31200,,,,,
f_f007354,east,3,4,0,0,0,1,30,남,4;2;2;3;3;4;3;5,41,46130;50130;26200,,,,,
f_f007357,east,3,21,0,0,0,0,50,여,2;5;2;5;3;5;5;5,41,42110;46130;50130,,,,,
f_f007375,east,3,1,0,0,0,1,20,여,6;1;1;2;7;1;7;7,41,42150;41110;44825,,,,,
f_f007388,east,2,21,0,0,0,1,20,남,2;1;3;2;1;2;6;2,41,42150;26350;29200,,,,,
f_f007402,east,2,21,0,0,0,3,30,남,2;2;1;6;6;1;7;4,11,42830;11350;50110,,,,,
f_f007404,east,2,1,0,0,0,2,30,여,3;3;3;6;4;5;6;5,42,42110;11110;50110,,,,,
f_f007437,east,3,21,0,0,0,3,20,남,1;1;1;1;1;1;3;4,11,41480;42150;50110,,,,,
f_f007460,east,3,1,0,0,0,2,20,여,3;3;3;5;5;4;2;6,11,42150;41110;26350,,,,,
f_f007479,east,3,6,0,0,0,0,30,여,4;4;4;6;4;4;2;4,27,11500;11560;11620,,,,,
f_f007494,east,2,2,0,0,0,1,20,여,2;2;2;2;6;1;7;7,26,50130;47130;26710,,,,,
f_f007497,east,3,22,0,0,0,6,20,여,6;3;1;7;7;7;5;5,11,50130;41480;41820,,,,,
f_f007499,east,3,4,0,0,0,1,20,남,4;1;2;1;1;6;6;5,41,42830;26350;42760,,,,,
f_f007501,east,3,1,0,0,0,1,20,남,6;3;1;5;6;6;5;6,41,11680;11440;11650,,,,,
f_f007502,east,3,1,0,0,0,1,30,여,3;3;2;2;4;3;2;5,30,50110;48310;47130,,,,,
f_f007506,east,3,1,0,0,0,1,30,남,4;3;2;3;3;3;6;6,42,11170;26500;11380,,,,,
f_f007514,east,3,11,0,0,0,5,20,여,1;1;1;7;6;1;1;7,41,42150;30200;50110,,,,,
f_f007515,east,3,22,0,0,0,1,20,여,4;2;5;4;5;6;6;2,28,42150;30140;42210,,,,,
f_f007520,east,3,1,0,0,0,4,30,여,4;2;1;5;4;6;1;6,48,50110;26350;50130,,,,,
f_f007522,east,3,22,0,0,0,0,50,남,1;2;6;4;1;3;6;5,11,42210;47130;28710,,,,,
f_f007525,east,3,25,0,0,0,1,20,여,4;2;2;2;2;6;3;6,26,50110;11680;47130,,,,,
f_f007528,east,3,23,0,0,0,1,40,여,4;2;3;3;4;4;3;4,41,42210;44825;50130,,,,,
f_f007529,east,3,5,0,0,0,3,20,여,5;3;5;2;6;2;2;5,31,47110;26350;50110,,,,,
f_f007530,east,3,21,0,0,0,1,40,여,4;4;3;3;4;2;2;6,11,26350;41450;50130,,,,,
f_f007533,east,2,22,0,0,0,0,20,여,4;7;1;1;4;6;1;7,48,50130;26350;11170,,,,,
f_f007535,east,3,22,0,0,0,3,40,여,1;1;1;3;1;4;1;5,11,42150;26350;48310,,,,,
f_f007538,east,3,28,0,0,0,2,30,남,2;2;2;2;2;2;6;6,41,42130;47130;41820,,,,,
f_f007548,east,3,1,0,0,0,4,40,여,2;1;3;3;7;4;2;7,11,42150;50110;44825,,,,,
f_f007550,east,3,2,0,0,0,1,30,여,7;4;1;7;7;7;1;7,11,11110;42210;50130,,,,,
f_f007554,east,3,22,0,0,0,0,30,여,3;4;2;7;3;3;5;3,11,48730;26260;29170,,,,,
f_f007561,east,3,22,0,0,0,1,20,여,6;2;6;2;6;2;6;2,11,50110;50130;42110,,,,,
f_f007567,east,2,22,0,0,0,1,30,여,6;2;1;1;4;2;4;5,48,26350;48250;47130,,,,,
f_f007568,east,3,21,0,0,0,1,30,여,4;2;2;1;1;1;7;6,11,42210;26350;42150,,,,,
f_f007617,east,3,2,0,0,0,0,30,여,3;1;1;1;2;5;1;6,28,30140;11440;26350,,,,,
f_f007631,east,3,1,0,0,0,3,50,여,2;2;2;3;1;3;2;4,11,44210;42210;28710,,,,,
f_f007688,east,3,21,0,0,0,2,40,남,2;2;2;2;2;2;1;7,41,42770;50130;43800,,,,,
f_f007690,east,2,2,0,0,0,1,30,남,2;4;2;3;2;6;3;6,26,48330;48840;42150,,,,,
f_f007700,east,3,1,0,0,0,2,30,여,3;1;3;5;2;4;3;1,11,42150;50130;47130,,,,,
f_f007701,east,2,1,0,0,0,3,40,여,2;2;2;4;7;1;3;3,42,42230;47930;11140,,,,,
f_f007719,east,3,1,0,0,0,2,20,남,2;2;1;4;5;4;2;5,41,26140;42150;50110,,,,,
f_f007731,east,3,26,0,0,0,1,20,여,4;4;2;4;4;5;2;5,41,26500;26350;11680,,,,,
f_f007733,east,3,10,0,0,0,6,30,남,5;6;7;6;6;6;6;1,11,50130;47130;26200,,,,,
f_f007736,east,3,21,0,0,0,1,30,남,4;1;1;5;7;2;7;3,11,50130;26350;44825,,,,,
f_f007746,east,2,1,0,0,0,1,40,남,5;3;5;4;5;3;5;4,27,47130;41190;42150,,,,,
f_f007772,east,3,22,0,0,0,4,30,여,4;4;2;4;2;2;4;3,27,26350;47110;47130,,,,,
f_f007810,east,2,2,0,0,0,1,30,여,2;4;1;2;6;6;2;7,26,47130;48220;48310,,,,,
f_f007862,east,3,1,0,0,0,1,30,여,1;1;1;2;4;3;1;7,27,50130;26710;31140,,,,,
f_f007864,east,3,2,0,0,0,9,50,여,5;2;1;3;5;3;3;6,27,26710;42210;11170,,,,,
f_f007869,east,3,10,0,0,0,1,40,남,3;6;3;3;4;3;6;3,41,50130;42760;45790,,,,,
f_f007876,east,2,2,0,0,0,2,30,여,3;3;1;4;6;1;4;7,11,26350;42830;28710,,,,,
f_f007898,east,2,21,0,0,0,1,20,여,1;1;1;4;4;1;6;4,11,42150;42210;50130,,,,,
f_f007899,east,2,1,0,0,0,1,40,남,2;5;2;3;3;3;3;6,43,42830;41500;26320,,,,,
f_f007916,east,3,2,0,0,0,1,30,여,6;7;4;3;3;3;2;4,45,47130;26710;42150,,,,,
f_f007918,east,2,2,0,0,0,3,20,여,4;2;2;4;4;5;2;5,47,26350;47130;11140,,,,,
f_f007919,east,3,2,0,0,0,1,20,여,4;1;1;1;6;4;6;6,47,50130;26500;47130,,,,,
f_f007924,east,3,22,0,0,0,2,20,여,2;1;2;3;2;2;1;7,41,50110;42210;26350,,,,,
f_f007929,east,3,10,0,0,0,1,20,남,3;2;1;2;2;5;2;6,30,50110;26500;42150,,,,,
f_f007937,east,3,1,0,0,0,2,20,여,4;1;1;1;7;7;1;7,11,11680;26350;27260,,,,,
f_f007941,east,3,21,0,0,0,1,20,남,4;1;3;3;6;4;1;7,29,50110;45130;26230,,,,,
f_f007948,east,3,1,0,0,0,2,50,여,2;3;5;3;2;7;6;7,41,50130;50110;11110,,,,,
f_f007952,east,3,2,0,0,0,1,20,남,2;1;1;2;6;1;7;7,28,46130;26710;42150,,,,,
f_f007953,east,3,11,0,0,0,1,30,여,3;1;2;3;4;2;3;5,11,42150;50110;44150,,,,,
f_f007956,east,3,13,0,0,0,2,30,남,2;2;2;2;2;3;3;5,41,50110;50130;42210,,,,,
f_f007957,east,3,1,0,0,0,1,20,남,4;2;2;4;5;2;6;6,41,50110;26110;28110,,,,,
f_f007958,east,3,23,0,0,0,2,40,남,1;1;4;4;4;4;2;5,11,50110;26110;42210,,,,,
f_f007959,east,3,21,0,0,0,2,30,남,7;7;7;1;1;4;4;3,41,41130;41460;11140,,,,,
f_f007960,east,3,1,0,0,0,2,50,남,4;1;4;1;4;4;4;7,41,41130;11140;41460,,,,,
f_f007961,east,2,1,0,0,0,1,20,남,4;3;3;3;3;5;4;6,48,26500;11440;31170,,,,,
f_f007965,east,3,1,0,0,0,1,30,여,5;1;3;5;6;6;7;6,27,26500;26350;47130,,,,,
f_f007997,east,3,11,0,0,0,2,60,남,3;3;1;3;3;2;1;7,11,42230;41820;30200,,,,,
f_f008015,east,3,12,0,0,0,1,30,남,4;1;1;1;1;7;4;7,27,26710;50110;42830,,,,,
f_f008031,east,3,4,0,0,0,2,20,여,3;1;2;5;1;6;1;5,42,42150;11710;26350,,,,,
f_f008053,east,2,1,0,0,0,1,30,여,3;1;3;3;4;5;6;6,31,50110;26350;11170,,,,,
f_f008072,east,3,22,0,0,0,1,20,남,2;1;2;7;1;1;6;4,27,47290;50110;11305,,,,,
f_f008082,east,3,1,0,0,0,1,50,남,4;2;2;2;3;3;2;5,11,26350;41820;50110,,,,,
f_f008089,east,3,2,0,0,0,1,20,여,3;4;2;4;4;4;6;7,41,42150;50130;26350,,,,,
f_f008094,east,3,1,0,0,0,1,20,남,4;3;2;5;3;2;6;5,29,11440;46130;46880,,,,,
f_f008096,east,3,1,0,0,0,2,30,여,4;4;5;3;7;3;4;3,47,48840;26320;47290,,,,,
f_f008099,east,3,21,0,0,0,2,50,여,4;1;2;4;4;2;1;7,41,47110;50130;42210,,,,,
f_f008109,east,3,1,0,0,0,2,20,남,2;2;3;3;2;5;5;3,27,26200;31140;11620,,,,,
f_f008141,east,3,2,0,0,0,1,30,여,2;1;1;5;7;2;1;3,43,47110;42150;50110,,,,,
f_f008145,east,2,22,0,0,0,1,50,남,1;4;6;6;2;6;2;6,27,47110;47770;48220,,,,,
f_f008161,east,3,22,0,0,0,3,40,남,4;2;1;3;4;4;4;7,41,42150;50110;41820,,,,,
f_f008165,east,3,1,0,0,0,1,20,여,4;2;2;2;2;2;2;6,48,50110;46130;48850,,,,,
f_f008169,east,3,22,0,0,0,3,30,여,4;4;6;2;2;4;6;4,11,42150;42210;42760,,,,,
f_f008174,east,3,1,0,0,0,1,30,남,2;2;2;6;2;2;2;7,41,26320;42230;42150,,,,,
f_f008177,east,3,1,0,0,0,1,40,여,2;2;2;2;5;3;3;3,11,46150;26350;50110,,,,,
f_f008178,east,3,12,0,0,0,5,50,여,4;3;3;4;6;3;4;7,11,50130;50110;26350,,,,,
f_f008180,east,3,21,0,0,0,1,20,여,2;2;1;1;4;2;7;5,48,26500;48730;47130,,,,,
f_f008187,east,3,22,0,0,0,1,30,남,2;2;1;3;5;1;1;5,11,44180;44150;42150,,,,,
f_f008188,east,3,22,0,0,0,1,30,여,4;1;4;2;2;6;2;6,11,44180;26350;50130,,,,,
f_f008190,east,3,1,0,0,0,1,30,남,5;2;2;3;7;7;2;7,42,50110;41110;42110,,,,,
f_f008193,east,3,1,0,0,0,1,20,여,2;1;1;1;2;2;1;7,41,50130;26350;42150,,,,,
f_f008194,east,3,22,0,0,0,1,30,여,4;1;3;1;1;2;7;4,48,50130;47130;27200,,,,,
f_f008198,east,3,1,0,0,0,1,30,남,4;1;3;6;4;6;5;5,27,26500;11680;11215,,,,,
f_f008200,east,3,21,0,0,0,3,40,남,2;2;5;2;6;6;1;1,27,48220;45800;30230,,,,,
f_f008203,east,3,1,0,0,0,1,30,여,4;3;2;2;6;4;4;5,48,42150;26500;47130,,,,,
f_f008210,east,3,1,0,0,0,1,60,여,3;4;2;4;3;2;2;7,42,42210;26350;11110,,,,,
f_f008212,east,3,7,0,0,0,1,20,여,3;1;6;4;6;4;7;6,27,26500;47110;50130,,,,,
f_f008213,east,3,1,0,0,0,3,20,여,1;1;1;1;2;4;6;7,11,50130;26350;41390,,,,,
f_f008216,east,3,2,0,0,0,2,40,여,2;1;2;3;1;4;3;4,27,50130;26260;11740,,,,,
f_f008218,east,3,12,0,0,0,1,30,남,3;2;1;5;6;2;3;6,27,47130;26350;47110,,,,,
f_f008225,east,2,11,0,0,0,4,50,여,2;4;1;6;4;1;1;7,41,42820;41820;43720,,,,,
f_f008230,east,3,12,0,0,0,0,30,여,3;4;2;4;4;4;4;7,48,47170;48840;46150,,,,,
f_f008255,east,3,2,0,0,0,1,20,여,3;4;2;4;4;2;5;6,11,47130;26350;11110,,,,,
f_f008258,east,2,1,0,0,0,0,20,남,6;4;2;3;6;2;6;7,48,50130;11440;26710,,,,,
f_f008268,east,2,22,0,0,0,1,20,여,4;2;2;4;2;4;6;6,41,50130;26350;28260,,,,,
f_f008276,east,3,1,0,0,0,1,30,남,6;2;2;3;2;3;6;6,29,26350;11440;50130,,,,,
f_f008291,east,3,1,0,0,0,1,20,남,4;1;2;2;4;4;2;5,30,50130;26350;46130,,,,,
f_f008303,east,2,10,0,0,0,1,40,남,2;2;3;3;4;3;2;2,42,42150;42170;50130,,,,,
f_f008308,east,3,22,0,0,0,0,20,남,2;2;2;3;2;3;2;6,30,50130;42150;46130,,,,,
f_f008333,east,3,1,0,0,0,0,20,남,4;6;6;6;6;5;4;6,41,11440;41110;44180,,,,,
f_f008336,east,3,2,0,0,0,1,20,여,2;2;2;3;6;7;2;7,43,42150;26350;11680,,,,,
f_f008352,east,3,1,0,0,0,1,20,여,1;1;1;4;1;2;2;3,43,11305;42150;26500,,,,,
f_f008353,east,3,2,0,0,0,1,30,남,6;2;3;1;7;4;6;7,41,41220;42150;50130,,,,,
f_f008360,east,2,3,0,0,0,1,20,여,2;2;1;2;3;5;6;6,27,50130;47130;26350,,,,,
f_f008367,east,3,1,0,0,0,1,30,여,3;2;2;3;5;3;6;4,11,42170;30140;50110,,,,,
f_f008373,east,3,12,0,0,0,1,20,남,4;3;3;1;5;3;5;7,48,50110;26200;26500,,,,,
f_f008381,east,2,2,0,0,0,0,30,여,1;4;4;5;4;4;6;6,27,26710;42230;50110,,,,,
f_f008397,east,3,22,0,0,0,1,30,여,7;1;1;1;4;4;1;7,30,11440;50110;26200,,,,,
f_f008400,east,3,1,0,0,0,3,20,여,4;4;2;3;6;5;6;5,27,47110;47130;26350,,,,,
f_f008402,east,3,21,0,0,0,1,30,남,2;1;1;3;5;1;6;6,11,42150;50130;28710,,,,,
f_f008403,east,3,11,0,0,0,1,40,여,1;3;1;6;6;1;7;7,11,50130;42820;26350,,,,,
f_f008406,east,3,1,0,0,0,1,20,여,3;1;1;5;2;3;6;2,28,29110;11440;42150,,,,,
f_f008409,east,2,1,0,0,0,0,30,여,2;2;2;3;3;2;3;3,48,42170;50110;41830,,,,,
f_f008413,east,3,21,0,0,0,1,60,남,1;1;1;2;2;1;1;1,11,50130;26170;30230,,,,,
f_f008429,east,3,1,0,0,0,1,30,여,1;2;1;6;7;5;4;7,45,26710;30200;41210,,,,,
f_f008430,east,3,1,0,0,0,1,20,남,4;7;4;2;6;4;4;7,27,27110;26440;26500,,,,,
f_f008436,east,3,1,0,0,0,3,30,여,2;1;2;2;4;6;2;6,11,48840;26350;50130,,,,,
f_f008438,east,2,21,0,0,0,1,40,여,1;4;2;4;6;3;7;5,48,48120;48220;47130,,,,,
f_f008442,east,3,1,0,0,0,1,20,남,2;3;4;5;3;5;6;6,48,42150;46130;26710,,,,,
f_f008443,east,3,12,0,0,0,1,30,남,3;1;1;4;5;5;1;4,41,42210;11110;44825,,,,,
f_f008445,east,3,2,0,0,0,1,20,여,3;3;1;3;3;3;6;6,11,50110;41820;50130,,,,,
f_f008450,east,3,10,0,0,0,1,30,여,2;3;2;5;6;4;5;6,11,42150;50130;26350,,,,,
f_f008453,east,3,10,0,0,0,1,30,여,5;1;4;2;3;1;1;5,48,26290;41110;11170,,,,,
f_f008473,east,3,22,0,0,0,1,20,여,1;1;1;4;1;3;3;6,11,42170;11110;50110,,,,,
f_f008489,east,3,2,0,0,0,1,40,여,2;4;2;6;5;2;1;5,11,42210;41270;44180,,,,,
f_f008506,east,3,22,0,0,0,3,30,남,3;2;2;1;2;6;1;5,11,50110;42150;26500,,,,,
f_f008518,east,3,21,0,0,0,2,30,여,1;1;2;7;6;1;2;7,11,42820;42150;41820,,,,,
f_f008543,east,2,22,0,0,0,3,50,남,6;6;7;6;6;7;6;7,47,47730;47720;47250,,,,,
f_f008544,east,2,2,0,0,0,3,40,남,3;2;4;3;3;4;5;5,48,50110;42230;45110,,,,,
f_f008547,east,2,11,0,0,0,1,40,남,2;6;3;3;6;6;6;3,42,42150;11680;27710,,,,,
f_f008549,east,2,4,0,0,0,1,30,남,2;2;2;4;2;5;2;6,48,48310;11440;50130,,,,,
f_f008551,east,2,1,0,0,0,0,30,여,4;2;2;1;3;4;2;6,26,29170;11230;46130,,,,,
f_f008553,east,2,2,0,0,0,2,40,남,5;5;4;3;4;5;3;5,48,26350;27260;11680,,,,,
f_f008554,east,2,1,0,0,0,0,30,남,6;3;5;2;7;6;3;4,26,29155;50130;42750,,,,,
f_f008555,east,2,2,0,0,0,1,20,남,6;2;5;3;6;5;3;3,48,26230;27110;47170,,,,,
f_f008560,east,2,13,0,0,0,1,60,남,4;5;5;3;2;6;5;4,31,48120;26230;47130,,,,,
f_f008561,east,2,2,0,0,0,2,40,남,3;2;6;4;4;4;4;4,43,42230;42760;42150,,,,,
f_f008563,east,2,11,0,0,0,1,40,여,2;1;2;5;4;3;5;1,48,26350;48310;11110,,,,,
f_f008564,east,2,28,0,0,0,2,50,여,2;2;1;5;5;2;6;2,41,42150;46150;50130,,,,,
f_f008568,east,2,24,0,0,0,3,40,여,1;1;1;4;5;1;7;5,42,42150;41270;42110,,,,,
f_f008569,east,2,1,0,0,0,0,20,남,2;2;3;3;3;5;2;6,27,47130;47110;26710,,,,,
f_f008570,east,2,4,0,0,0,3,60,남,4;4;4;6;2;4;6;4,48,50130;26380;47110,,,,,
f_f008571,east,2,1,0,0,0,0,30,여,4;3;2;3;5;6;2;7,26,48250;27260;50130,,,,,
f_f008572,east,2,22,0,0,0,2,30,남,1;1;1;2;2;6;1;1,27,26710;26500;50130,,,,,
f_f008575,east,2,3,0,0,0,1,30,남,6;4;5;1;5;6;2;6,48,26350;45110;48250,,,,,
f_f008577,east,2,1,0,0,0,0,20,남,1;1;1;1;1;1;1;1,48,26440;26410;26710,,,,,
f_f008579,east,2,22,0,0,0,2,50,남,6;2;1;2;2;2;6;7,27,26350;48310;47130,,,,,
f_f008581,east,2,22,0,0,0,1,20,남,2;1;2;1;2;2;1;7,26,48220;47110;42150,,,,,
f_f008584,east,2,11,0,0,0,3,50,남,3;4;4;2;4;4;5;4,42,42150;26350;48250,,,,,
f_f008585,east,2,21,0,0,0,2,30,여,6;6;6;3;3;5;6;4,31,26230;48120;47130,,,,,
f_f008588,east,2,2,0,0,0,3,50,남,3;1;2;4;5;3;2;3,26,48310;47130;46150,,,,,
f_f008590,east,2,22,0,0,0,2,40,여,4;6;1;4;6;4;2;7,27,50130;26710;47110,,,,,
f_f008592,east,2,21,0,0,0,3,30,여,2;2;4;2;4;6;1;6,27,42150;50130;41290,,,,,
f_f008594,east,2,12,0,0,0,1,30,여,2;3;2;2;4;3;2;3,27,50130;26470;42150,,,,,
f_f008600,east,2,11,0,0,0,3,40,남,6;7;1;5;6;5;6;4,48,29200;46150;46770,,,,,
f_f008601,east,2,22,0,0,0,1,30,여,5;5;3;2;2;2;2;7,26,48330;47130;48310,,,,,
f_f008602,east,2,2,0,0,0,5,50,여,2;3;3;6;6;6;6;4,41,42170;11350;48250,,,,,
f_f008603,east,2,24,0,0,0,1,40,여,1;1;1;5;7;5;1;7,27,26110;47130;42150,,,,,
f_f008604,east,2,2,0,0,0,3,50,여,4;3;2;3;3;3;3;5,27,50110;48310;41820,,,,,
f_f008605,east,2,21,0,0,0,0,30,남,3;2;3;2;4;4;6;6,11,50130;42170;29140,,,,,
f_f008607,east,2,13,0,0,0,2,40,여,3;6;5;4;1;2;5;4,26,43130;46150;26350,,,,,
f_f008610,east,2,10,0,0,0,1,20,여,1;1;2;1;4;4;3;6,26,50110;47110;42110,,,,,
f_f008611,east,2,2,0,0,0,1,30,여,4;4;4;4;4;4;4;4,26,47280;29200;11680,,,,,
f_f008612,east,3,1,0,0,0,3,20,남,2;2;3;6;6;6;7;5,47,26350;47130;47820,,,,,
f_f008618,east,3,1,0,0,0,7,30,남,6;2;1;6;6;7;7;2,11,50130;11380;46130,,,,,
f_f008623,east,3,23,0,0,0,1,20,여,3;1;2;4;5;5;3;4,27,11200;50110;26350,,,,,
f_f008625,east,3,22,0,0,0,1,20,여,1;1;1;4;4;1;5;6,26,48170;29140;47130,,,,,
f_f008629,east,3,1,0,0,0,1,20,여,4;1;5;3;6;5;3;5,11,26500;26200;47110,,,,,
f_f008630,east,3,10,0,0,0,1,30,여,4;3;3;2;5;5;7;6,27,50130;48270;11710,,,,,
f_f008635,east,3,1,0,0,0,0,20,여,2;1;1;3;2;2;2;6,28,11680;41460;28177,,,,,
f_f008652,east,3,23,0,0,0,1,30,여,5;2;3;3;6;5;5;5,41,50110;42150;42210,,,,,
f_f008690,east,2,1,0,0,0,3,20,남,4;1;1;1;4;1;4;3,11,50110;30110;26350,,,,,
f_f008699,east,2,10,0,0,0,1,20,여,4;4;3;3;3;3;3;5,11,42150;50110;41820,,,,,
f_f008725,east,2,1,0,0,0,2,20,여,3;3;2;4;2;3;5;6,27,26290;41130;27110,,,,,
f_f008730,east,3,23,0,0,0,1,20,남,4;1;1;4;1;4;4;4,27,11680;26350;30140,,,,,
f_f008741,east,3,1,0,0,0,1,20,남,1;1;1;4;7;1;1;2,26,50110;47130;11110,,,,,
f_f008750,east,3,1,0,0,0,1,20,여,2;1;1;6;2;2;2;2,42,42210;50130;11590,,,,,
f_f008752,east,3,1,0,0,0,3,40,여,4;3;4;3;3;4;3;6,42,42130;11170;50130,,,,,
f_f008758,east,2,1,0,0,0,1,20,남,4;7;4;7;4;4;7;4,47,47130;27110;26500,,,,,
f_f008760,east,2,21,0,0,0,0,30,남,4;3;2;2;4;2;2;5,11,42820;42210;26170,,,,,
f_f008761,east,2,1,0,0,0,1,30,남,4;2;4;1;7;4;7;4,27,26710;26410;47110,,,,,
f_f008775,east,3,2,0,0,0,1,20,여,4;4;4;3;4;5;6;5,26,26500;47130;47110,,,,,
f_f008779,east,3,12,0,0,0,1,30,남,1;1;1;7;2;4;7;6,30,42150;46710;44150,,,,,
f_f008781,east,2,1,0,0,0,0,30,여,6;2;6;3;6;6;3;6,26,26350;26500;27140,,,,,
f_f008794,east,2,1,0,0,0,1,30,여,5;5;3;1;2;6;1;4,27,26500;26350;31110,,,,,
f_f008803,east,3,1,0,0,0,1,30,남,6;5;2;2;6;2;2;4,41,42210;46130;50130,,,,,
f_f008805,east,3,1,0,0,0,1,20,여,4;2;6;5;1;6;3;5,48,26350;26500;47130,,,,,
f_f008807,east,3,1,0,0,0,1,20,여,4;1;2;4;4;6;3;5,11,42210;26350;50130,,,,,
f_f008810,east,3,1,0,0,0,1,40,여,6;2;2;6;1;6;2;6,41,42820;26350;42210,,,,,
f_f008827,east,3,1,0,0,0,1,20,남,4;3;3;3;5;5;6;7,41,50110;48170;26290,,,,,
f_f008830,east,3,5,0,0,0,1,20,남,6;1;5;4;1;2;3;5,31,31140;11680;41390,,,,,
f_f008831,east,3,23,0,0,0,7,30,남,2;2;1;4;2;1;3;6,47,27230;26350;11530,,,,,
f_f008836,east,3,21,0,0,0,2,30,여,3;4;2;4;4;5;6;4,27,26350;11680;47110,,,,,
f_f008838,east,2,1,0,0,0,1,20,여,4;1;1;4;5;7;1;6,47,50110;26350;47130,,,,,
f_f008844,east,3,1,0,0,0,1,30,남,7;1;1;3;3;6;1;1,31,27290;26410;41110,,,,,
f_f008846,east,2,1,0,0,0,1,20,남,3;3;2;2;4;4;1;7,47,50110;26500;27110,,,,,
f_f008847,east,3,22,0,0,0,0,20,남,5;5;6;4;5;6;6;6,41,42110;47130;46130,,,,,
f_f008852,east,3,22,0,0,0,1,30,남,4;1;1;2;6;7;1;5,41,50110;50130;26350,,,,,
f_f008856,east,2,1,0,0,0,1,20,여,5;4;3;4;4;2;5;6,48,48250;48120;26230,,,,,
f_f008861,east,3,1,0,0,0,1,20,여,6;1;2;2;2;6;7;7,47,50130;26500;47130,,,,,
f_f008866,east,3,1,0,0,0,3,20,남,3;1;3;7;4;5;3;4,44,42210;42150;29140,,,,,
f_f008870,east,2,1,0,0,0,1,30,남,2;3;1;3;4;3;1;7,45,26350;29110;46130,,,,,
f_f008877,east,2,1,0,0,0,1,40,여,1;1;1;3;1;1;4;5,47,26350;47290;50130,,,,,
f_f008878,east,2,1,0,0,0,0,20,여,3;3;4;4;3;3;2;3,48,50110;26500;11440,,,,,
f_f008884,east,3,1,0,0,0,3,20,여,4;2;3;1;2;3;6;7,48,26500;11440;11710,,,,,
f_f008891,east,2,6,0,0,0,1,20,남,3;3;2;5;4;4;3;7,26,50130;47130;26500,,,,,
f_f008892,east,3,22,0,0,0,1,20,여,4;1;7;6;6;1;7;7,31,47130;26500;47110,,,,,
f_f008899,east,3,22,0,0,0,1,20,여,4;1;1;3;5;3;1;6,47,50130;11500;26350,,,,,
f_f008918,east,2,12,0,0,0,1,30,여,4;5;2;5;2;5;6;7,27,47110;26350;11680,,,,,
f_f008923,east,2,1,0,0,0,2,20,남,5;2;1;3;4;4;2;6,27,26350;11440;11710,,,,,
f_f008962,east,2,1,0,0,0,1,20,여,4;4;7;5;7;7;7;5,11,11560;41820;11305,,,,,
f_f008979,east,2,2,0,0,0,1,20,여,2;2;4;4;2;5;6;3,11,42150;50110;26350,,,,,
f_f008997,east,3,2,0,0,0,2,30,남,1;1;4;4;7;7;7;7,41,42150;42750;43110,,,,,
f_f009003,east,2,22,0,0,0,1,40,여,2;1;4;3;2;4;7;7,26,47130;50110;45110,,,,,
f_f009030,east,2,2,0,0,0,1,20,여,4;4;4;1;1;4;4;1,46,42210;27260;26710,,,,,
f_f009064,east,2,2,0,0,0,0,20,여,5;2;1;6;2;2;7;5,11,42150;26350;11230,,,,,
f_f009074,east,3,22,0,0,0,1,40,남,1;3;1;6;1;4;4;3,41,42760;42210;42810,,,,,
f_f009078,east,2,2,0,0,0,1,20,여,2;1;3;3;5;4;6;5,27,26350;47130;11440,,,,,
f_f009091,east,2,1,0,0,0,3,20,남,1;1;1;1;4;1;1;7,27,26350;50110;46130,,,,,
f_f009097,east,3,2,0,0,0,3,20,남,6;2;2;2;6;6;6;6,48,46130;11440;26230,,,,,
f_f009102,east,2,1,0,0,0,0,30,여,6;4;3;2;6;2;1;4,26,47130;42210;42830,,,,,
f_f009115,east,2,1,0,0,0,0,50,남,4;5;4;3;2;4;5;4,26,47130;48250;48120,,,,,
f_f009141,east,3,12,0,0,0,1,50,남,4;2;2;2;4;5;2;2,41,26350;50130;42210,,,,,
f_f009153,east,2,22,0,0,0,2,20,여,4;1;5;5;7;7;6;7,26,47130;50110;26410,,,,,
f_f009155,east,2,1,0,0,0,1,20,여,6;2;2;2;2;4;3;4,26,50110;11680;48270,,,,,
f_f009162,east,2,1,0,0,0,1,20,남,5;5;2;6;6;5;1;6,47,27110;47130;26140,,,,,
f_f009164,east,2,2,0,0,0,1,40,남,1;1;1;3;2;4;1;7,26,48860;47110;48310,,,,,
f_f009165,east,2,11,0,0,0,3,50,여,4;4;6;3;6;5;5;3,48,26350;47130;45110,,,,,
f_f009168,east,2,1,0,0,0,0,40,여,2;2;4;3;3;4;3;3,27,47770;48310;43800,,,,,
f_f009169,east,2,2,0,0,0,1,30,여,4;4;5;6;6;4;6;4,48,27110;26230;11110,,,,,
f_f009170,east,2,4,0,0,0,3,50,남,5;2;4;5;5;5;2;3,42,45110;41450;42210,,,,,
f_f009173,east,2,22,0,0,0,2,30,남,6;2;2;1;6;6;1;7,26,26440;48170;11710,,,,,
f_f009175,east,2,1,0,0,0,0,40,여,4;5;5;4;4;4;5;5,48,26710;26230;31170,,,,,
f_f009177,east,2,21,0,0,0,1,30,남,3;5;4;2;4;6;5;2,47,27260;47820;26200,,,,,
f_f009178,east,2,26,0,0,0,2,50,남,4;4;4;4;4;4;6;2,47,26350;27290;47820,,,,,
f_f009180,east,2,2,0,0,0,2,50,남,4;1;3;3;6;5;1;7,27,26260;11230;47820,,,,,
f_f009181,east,2,13,0,0,0,1,40,남,2;1;3;2;1;5;2;6,42,42150;50130;11680,,,,,
f_f009184,east,2,11,0,0,0,1,40,남,1;2;1;3;6;7;1;2,48,50110;26350;45190,,,,,
f_f009185,east,2,1,0,0,0,0,40,여,2;2;3;2;4;3;5;2,26,42150;46130;50130,,,,,
f_f009186,east,2,21,0,0,0,3,60,남,2;7;4;2;4;3;4;6,27,47820;47290;47130,,,,,
f_f009189,east,2,11,0,0,0,0,20,여,6;2;2;6;6;2;6;7,48,26260;48240;27290,,,,,
f_f009192,east,3,21,0,0,0,5,40,여,1;4;1;3;4;7;1;7,11,50130;41480;44825,,,,,
f_f009203,east,2,22,0,0,0,3,30,남,7;4;1;7;7;7;4;7,31,11170;26500;31140,,,,,
f_f009231,east,3,11,0,0,0,1,30,남,2;2;1;4;5;5;3;7,11,27290;26500;42150,,,,,
f_f009238,east,2,12,0,0,0,1,20,남,2;4;3;3;3;3;6;4,27,47130;26350;46130,,,,,
f_f009248,east,3,1,0,0,0,0,20,여,5;3;3;3;3;3;3;5,11,26500;50130;42150,,,,,
f_f009376,east,2,21,0,0,0,1,40,남,1;1;2;2;1;6;2;7,11,50110;26350;42150,,,,,
f_f009396,east,2,22,0,0,0,0,20,여,6;2;3;4;4;4;2;5,11,42150;26530;50110,,,,,
f_f009430,east,2,22,0,0,0,3,30,여,6;5;2;4;6;6;7;7,28,26350;42130;41570,,,,,
f_f009445,east,2,22,0,0,0,2,20,남,2;2;4;2;6;6;2;6,31,50130;26200;47130,,,,,
f_f009448,east,2,2,0,0,0,1,40,남,4;4;4;5;5;5;5;5,27,47170;31140;11680,,,,,
f_f009454,east,3,22,0,0,0,1,20,남,1;1;7;1;1;7;7;7,30,26500;42150;50130,,,,,
f_f009461,east,2,22,0,0,0,0,20,여,4;5;2;3;2;3;3;6,48,11680;26530;48240,,,,,
f_f009465,east,2,10,0,0,0,4,20,여,6;6;7;2;1;1;1;6,26,31140;47130;27260,,,,,
f_f009472,east,2,1,0,0,0,1,30,여,2;4;2;3;3;6;7;4,27,26350;47130;47110,,,,,
f_f009480,east,2,2,0,0,0,1,20,여,2;2;1;6;6;2;1;6,26,26350;47170;47130,,,,,
f_f009495,east,3,1,0,0,0,1,20,남,2;2;3;4;5;5;5;6,42,42150;41110;26320,,,,,
f_f009505,east,3,1,0,0,0,1,20,여,4;4;5;5;2;4;5;4,30,50130;50110;46130,,,,,
f_f009516,east,2,1,0,0,0,3,30,남,6;2;4;2;4;5;3;7,27,26710;26500;47110,,,,,
f_f009535,east,2,1,0,0,0,0,30,여,2;4;7;1;1;5;1;1,47,47130;50110;45110,,,,,
f_f009556,east,3,1,0,0,0,1,30,여,4;3;3;5;5;4;6;5,43,42150;26350;50110,,,,,
f_f009569,east,2,2,0,0,0,3,50,여,3;7;1;4;1;1;1;1,27,47130;47110;44270,,,,,
f_f009596,east,2,22,0,0,0,1,20,여,2;2;2;1;1;2;6;6,11,46130;42150;27200,,,,,
f_f009605,east,2,6,0,0,0,0,30,여,2;3;2;3;3;4;6;5,11,50110;42150;48310,,,,,
f_f009619,east,3,1,0,0,0,0,30,남,4;4;3;4;2;2;6;4,31,27140;29110;42830,,,,,
f_f009637,east,3,22,0,0,0,1,50,여,3;3;5;3;2;6;5;6,31,26710;44210;26320,,,,,
f_f009640,east,2,1,0,0,0,1,20,남,2;2;4;2;4;4;1;4,27,26350;48310;47110,,,,,
f_f009660,east,3,22,0,0,0,3,20,남,4;1;4;2;4;4;2;7,11,11650;42110;41210,,,,,
f_f009675,east,3,21,0,0,0,1,30,남,6;1;4;1;4;5;1;5,11,42210;50130;26350,,,,,
f_f009676,east,2,22,0,0,0,5,30,여,4;2;1;3;2;3;6;7,41,42150;47130;30110,,,,,
f_f009685,east,3,1,0,0,0,1,30,여,6;1;1;3;6;4;2;7,31,26230;26350;48120,,,,,
f_f009704,east,2,1,0,0,0,0,20,여,4;4;4;4;3;3;5;3,47,27140;26350;47130,,,,,
f_f009713,east,3,10,0,0,0,3,50,남,4;4;4;5;2;4;3;4,41,42210;48220;50130,,,,,
f_f009724,east,2,2,0,0,0,1,30,여,2;7;7;4;7;1;7;4,28,42150;42130;50110,,,,,
f_f009733,east,3,1,0,0,0,1,20,남,4;1;3;2;4;4;4;6,27,50110;50130;26500,,,,,
f_f009744,east,2,21,0,0,0,1,50,남,1;6;1;5;2;2;2;5,11,42150;46110;43800,,,,,
f_f009746,east,3,22,0,0,0,1,30,여,2;1;2;2;1;1;5;7,26,50130;50110;46130,,,,,
f_f009758,east,3,5,0,0,0,3,50,남,2;6;2;2;6;4;6;3,26,26350;48250;48330,,,,,
f_f009763,east,3,22,0,0,0,2,40,여,1;1;7;4;7;7;4;7,41,42210;42110;11740,,,,,
f_f009765,east,3,1,0,0,0,1,30,여,2;2;2;4;2;3;4;6,11,47130;42170;26500,,,,,
f_f009779,east,3,4,0,0,0,0,20,남,7;2;2;5;6;4;2;6,31,11350;27110;47130,,,,,
f_f009787,east,2,1,0,0,0,0,20,여,4;1;1;3;4;7;7;7,11,26500;42150;41820,,,,,
f_f009791,east,3,10,0,0,0,0,30,여,1;1;4;1;1;2;4;4,41,42150;46130;50130,,,,,
f_f009827,east,2,1,0,0,0,1,20,여,1;7;1;2;1;5;7;6,47,27110;47820;47110,,,,,
f_f009846,east,2,1,0,0,0,16,20,여,5;1;1;3;3;3;6;3,27,26500;11230;11710,,,,,
f_f009858,east,2,1,0,0,0,2,30,남,2;2;2;7;6;6;7;6,48,26530;26380;48270,,,,,
f_f009859,east,3,1,0,0,0,2,30,남,2;2;2;3;5;5;2;6,50,26230;11440;50110,,,,,
f_f009866,east,2,22,0,0,0,0,20,여,3;1;1;3;5;1;1;7,11,26200;42820;50110,,,,,
f_f009875,east,2,1,0,0,0,1,20,남,6;6;7;4;5;6;6;5,27,26350;27290;30230,,,,,
f_f009886,east,2,1,0,0,0,1,20,여,3;6;2;2;5;2;6;5,27,26350;47110;47850,,,,,
f_f009933,east,2,6,0,0,0,1,20,여,1;1;1;1;1;1;7;1,41,26500;41820;42210,,,,,
f_f009966,east,2,1,0,0,0,0,20,여,4;6;5;6;1;6;6;6,47,47170;47770;47760,,,,,
f_f010006,east,2,2,0,0,0,1,20,여,3;2;2;3;1;3;6;2,27,50110;50130;26350,,,,,
f_f010028,east,3,22,0,0,0,1,20,여,2;4;2;3;4;5;5;5,48,47130;27200;50130,,,,,
f_f010035,east,2,1,0,0,0,1,20,남,4;1;1;3;4;3;2;7,31,50130;26500;45790,,,,,
f_f010085,east,3,21,0,0,0,1,20,남,1;1;1;4;4;2;4;7,11,50110;42150;28177,,,,,
f_f010136,east,2,1,0,0,0,0,20,여,2;1;1;3;1;3;7;2,27,26500;50130;11440,,,,,
f_f010164,east,2,22,0,0,0,1,30,여,2;6;1;1;6;6;5;7,30,50130;26500;11680,,,,,
f_f010193,east,2,13,0,0,0,3,20,남,2;1;1;5;4;4;4;5,26,26710;50110;42170,,,,,
f_f010197,east,2,1,0,0,0,1,20,여,6;1;2;1;5;6;1;7,47,26350;30140;45110,,,,,
f_f010208,east,2,25,0,0,0,0,20,여,3;2;5;3;2;2;2;5,31,50110;47110;47130,,,,,
f_f010239,east,2,1,0,0,0,1,20,남,5;6;2;1;1;6;7;7,26,26710;11650;48220,,,,,
f_f010249,east,2,1,0,0,0,0,20,여,4;1;1;3;6;4;6;7,41,42150;42110;42130,,,,,
f_f010254,east,3,1,0,0,0,0,20,여,6;2;2;2;2;4;2;6,31,26380;11680;31140,,,,,
f_f010276,east,2,2,0,0,0,1,20,여,6;6;3;1;4;4;6;6,47,26350;27260;11710,,,,,
f_f010285,east,3,1,0,0,0,1,20,남,3;2;2;5;4;6;2;7,27,47250;27290;26350,,,,,
f_f010291,east,2,21,0,0,0,1,20,여,1;3;5;2;2;2;6;4,41,50130;42150;26350,,,,,
f_f010307,east,3,1,0,0,0,3,20,여,2;2;3;4;2;5;2;5,11,42110;42210;28710,,,,,
f_f010327,east,3,1,0,0,0,1,40,남,2;2;6;6;4;2;6;2,26,48270;48250;48220,,,,,
f_f010329,east,2,1,0,0,0,0,20,여,4;3;4;3;3;4;2;6,48,50130;26230;42150,,,,,
f_f010333,east,3,5,0,0,0,1,20,여,2;1;1;3;6;2;7;5,41,50130;42150;28710,,,,,
f_f010338,east,2,6,0,0,0,3,20,남,2;2;2;3;4;4;6;6,27,47110;26350;47130,,,,,
f_f010340,east,3,22,0,0,0,2,20,남,2;1;2;3;5;4;2;5,27,50130;26200;42150,,,,,
f_f010342,east,2,22,0,0,0,4,20,여,3;1;2;3;5;5;2;5,41,26350;42150;50130,,,,,
f_f010348,east,3,1,0,0,0,3,20,남,5;1;5;2;4;2;5;7,27,47130;41270;26500,,,,,
f_f010391,east,2,26,0,0,0,3,40,남,1;4;1;1;1;1;4;6,42,42820;47130;50130,,,,,
f_f010397,east,2,22,0,0,0,0,20,여,7;3;6;7;5;3;7;6,27,11110;30140;26500,,,,,
f_f010426,east,2,22,0,0,0,1,50,여,1;4;4;4;4;1;7;4,27,47110;47150;47930,,,,,
f_f010454,east,2,11,0,0,0,2,40,남,1;7;1;1;1;7;1;7,27,47130;26710;50130,,,,,
f_f010463,east,2,11,0,0,0,2,40,여,4;3;1;4;4;1;1;6,31,50130;11410;26710,,,,,
f_f010537,east,2,1,0,0,0,1,30,여,5;5;5;5;6;3;6;7,31,11650;26350;48220,,,,,
f_f010597,east,2,2,0,0,0,3,20,남,2;1;1;5;5;1;1;6,41,26350;50130;11710,,,,,
f_f010608,east,3,3,0,0,0,3,20,남,2;2;2;4;4;4;3;6,11,42150;47290;50110,,,,,
f_f010631,east,2,12,0,0,0,2,40,남,2;6;2;2;2;7;7;1,26,42150;46110;48120,,,,,
f_f010643,east,2,1,0,0,0,1,20,남,2;2;1;1;1;2;2;7,26,50130;26350;47130,,,,,
f_f010645,east,2,1,0,0,0,1,30,여,6;2;2;6;1;6;1;7,47,27110;47190;26350,,,,,
f_f010650,east,2,2,0,0,0,9,30,여,2;4;3;3;5;3;3;6,41,26500;50130;11110,,,,,
f_f010660,east,2,1,0,0,0,0,30,여,4;1;1;3;1;5;7;4,48,26710;47130;48250,,,,,
f_f010662,east,2,1,0,0,0,0,30,여,2;1;1;2;2;1;1;7,27,11680;50130;30200,,,,,
f_f010664,east,2,1,0,0,0,1,30,여,4;2;2;5;3;4;3;3,27,11680;47130;26500,,,,,
f_f010679,east,2,21,0,0,0,2,30,남,2;6;4;4;1;6;6;2,27,47290;47110;27140,,,,,
f_f010698,east,2,10,0,0,0,1,20,여,4;2;5;4;2;5;1;5,41,11680;41130;42210,,,,,
f_f010726,east,2,1,0,0,0,0,20,남,1;6;1;7;4;1;6;1,48,50130;47110;26350,,,,,
f_f010740,east,3,1,0,0,0,1,20,남,3;1;2;5;3;2;5;6,41,50110;26350;26710,,,,,
f_f010742,east,2,1,0,0,0,1,20,남,7;4;4;1;3;6;6;7,11,42150;42730;41310,,,,,
f_f010749,east,2,22,0,0,0,1,20,남,2;2;2;4;6;2;6;7,11,42150;26710;41110,,,,,
f_f010766,east,3,10,0,0,0,1,30,여,1;1;2;2;1;2;6;6,28,42210;26350;28110,,,,,
f_f010783,east,2,1,0,0,0,1,30,남,6;6;6;6;6;7;7;3,48,26230;26530;26350,,,,,
f_f010802,east,2,1,0,0,0,1,40,남,3;2;5;4;4;3;2;5,47,26350;42150;27260,,,,,
f_f010805,east,3,1,0,0,0,0,30,남,4;3;4;5;2;6;5;5,47,47130;31110;27260,,,,,
f_f010814,east,2,5,0,0,0,2,20,여,4;1;4;6;4;4;3;5,11,26230;47130;50110,,,,,
f_f010820,east,2,2,0,0,0,1,30,남,1;1;7;4;7;7;1;7,26,47130;48310;48840,,,,,
f_f010822,east,3,10,0,0,0,0,20,남,2;2;2;6;3;2;6;6,31,26230;26710;47110,,,,,
f_f010867,east,3,11,0,0,0,1,30,여,7;1;7;1;7;7;7;7,26,47130;48120;11440,,,,,
f_f010869,east,2,22,0,0,0,0,20,여,1;1;1;3;4;2;3;5,41,50130;42830;26500,,,,,
f_f010870,east,3,1,0,0,0,1,20,여,2;2;1;2;5;3;3;6,47,27110;26350;30170,,,,,
f_f010886,east,2,1,0,0,0,2,20,여,7;6;5;6;6;3;1;7,26,11110;29110;27110,,,,,
f_f010909,east,2,22,0,0,0,0,40,여,5;2;3;4;2;2;6;6,47,27260;47130;30200,,,,,
f_f010912,east,2,22,0,0,0,1,30,여,6;4;2;2;4;4;7;7,11,26350;42150;28237,,,,,
f_f010933,east,3,2,0,0,0,2,40,남,1;1;5;4;6;4;5;7,11,42830;43800;41820,,,,,
f_f010938,east,2,22,0,0,0,2,20,남,2;5;5;2;5;2;5;6,27,11440;11680;26500,,,,,
f_f010939,east,2,22,0,0,0,1,20,남,4;1;1;6;7;6;7;7,11,42150;42210;42110,,,,,
f_f010945,east,3,1,0,0,0,1,30,여,6;2;6;2;2;3;2;6,26,11680;50110;50130,,,,,
f_f010955,east,3,6,0,0,0,1,20,여,4;2;3;3;4;4;3;5,11,26500;42150;47130,,,,,
f_f010961,east,2,2,0,0,0,4,20,여,6;2;4;2;2;6;6;7,29,50110;26500;11170,,,,,
f_f010981,east,3,1,0,0,0,1,30,여,3;2;2;4;4;3;6;4,46,11440;26500;29155,,,,,
f_f010988,east,3,10,0,0,0,1,20,남,4;1;2;1;4;4;2;2,27,26350;50110;50130,,,,,
f_f010989,east,2,10,0,0,0,1,30,여,3;2;4;1;3;5;7;6,11,50110;42820;41820,,,,,
f_f010995,east,2,26,0,0,0,1,50,여,6;7;7;7;1;7;7;1,26,48310;48250;31140,,,,,
f_f011000,east,3,1,0,0,0,0,20,여,3;1;4;3;4;2;3;5,11,42150;26350;28710,,,,,
f_f011010,east,3,1,0,0,0,1,20,여,6;6;6;6;6;6;6;6,30,26290;50110;11170,,,,,
f_f011017,east,2,6,0,0,0,3,20,여,6;6;2;4;2;6;7;6,26,27110;47130;50110,,,,,
f_f011055,east,2,22,0,0,0,1,20,남,4;4;4;4;4;4;4;4,48,50130;47130;42150,,,,,
f_f011139,east,2,1,0,0,0,1,20,남,3;3;1;4;4;3;3;7,41,47130;42210;28245,,,,,
f_f011146,east,2,1,0,0,0,0,20,남,2;2;3;5;5;5;5;6,47,50130;11680;42830,,,,,
f_f011174,east,2,22,0,0,0,1,30,남,1;4;1;4;1;1;4;7,11,42730;45770;42800,,,,,
f_f011230,east,2,1,0,0,0,1,20,여,2;3;2;2;2;5;2;6,26,50130;48840;41110,,,,,
f_f011231,east,3,1,0,0,0,1,20,여,3;1;5;4;2;5;7;5,11,50130;42150;26350,,,,,
f_f011240,east,2,22,0,0,0,1,30,여,1;1;4;3;1;2;2;5,26,47930;47130;48840,,,,,
f_f011248,east,2,9,0,0,0,1,20,여,2;4;6;1;2;2;6;7,11,43110;42150;50130,,,,,
f_f011280,east,2,1,0,0,0,0,20,남,5;1;2;4;3;5;2;4,27,11440;26350;27110,,,,,
f_f011281,east,2,2,0,0,0,2,50,여,2;4;1;4;3;1;1;7,26,48250;47130;31140,,,,,
f_f011316,east,3,3,0,0,0,3,20,여,1;1;1;5;6;5;5;5,11,50130;41360;47130,,,,,
f_f011329,east,3,10,0,0,0,1,20,남,3;1;2;2;2;3;5;5,41,42150;50110;50130,,,,,
f_f011335,east,2,1,0,0,0,2,50,남,4;3;5;3;5;6;2;2,41,42150;46150;29200,,,,,
f_f011398,east,2,2,0,0,0,0,30,여,4;4;2;7;7;4;7;4,48,48120;26470;27290,,,,,
f_f011405,east,2,21,0,0,0,0,20,여,1;6;1;1;4;4;3;7,41,50130;42150;26350,,,,,
f_f011416,east,2,22,0,0,0,1,30,여,5;6;2;5;5;4;2;5,26,26230;27260;30170,,,,,
f_f011427,east,2,6,0,0,0,3,40,여,4;7;4;6;7;4;4;4,26,48120;48310;48730,,,,,
f_f011443,east,2,1,0,0,0,0,20,여,5;2;2;5;2;5;2;6,11,42150;28710;50130,,,,,
f_f011464,east,2,22,0,0,0,1,20,남,6;3;2;3;2;6;6;3,27,26350;27110;26110,,,,,
f_f011469,east,3,2,0,0,0,0,20,여,4;2;4;1;4;4;3;3,26,31200;50130;48220,,,,,
f_f011470,east,2,22,0,0,0,1,20,여,4;2;3;2;2;4;3;6,27,27110;47130;47110,,,,,
f_f011472,east,2,11,0,0,0,3,50,여,4;7;2;3;6;4;6;4,26,48310;26710;31710,,,,,
f_f011475,east,2,22,0,0,0,1,60,남,3;7;3;4;2;5;2;7,27,47110;47130;27710,,,,,
f_f011476,east,3,1,0,0,0,1,30,여,4;2;4;3;5;5;3;4,48,26350;26110;50130,,,,,
f_f011485,east,2,3,0,0,0,0,20,여,4;4;1;1;4;4;7;4,27,47130;47110;47720,,,,,
f_f011487,east,3,1,0,0,0,1,30,남,6;1;1;7;7;7;7;6,41,42210;42820;48120,,,,,
f_f011492,east,3,1,0,0,0,1,20,남,1;1;1;2;1;1;6;7,29,42150;50130;46110,,,,,
f_f011494,east,2,2,0,0,0,1,40,남,5;2;2;2;5;4;4;3,11,26350;41650;47930,,,,,
f_f011498,east,2,2,0,0,0,1,20,남,2;2;2;2;2;2;6;6,11,11710;50130;50110,,,,,
f_f011502,east,3,1,0,0,0,1,20,남,1;1;1;3;3;6;5;6,11,42210;42150;50130,,,,,
f_f011503,east,3,1,0,0,0,2,20,여,6;2;1;2;4;7;6;7,46,26350;29170;46130,,,,,
f_f011516,east,3,1,0,0,0,3,40,여,4;4;3;3;3;5;5;5,11,42210;41820;46130,,,,,
f_f011529,east,2,10,0,0,0,0,20,여,6;4;3;4;3;6;2;6,48,26350;30140;11440,,,,,
f_f011530,east,3,2,0,0,0,1,20,남,6;1;3;6;6;7;2;7,11,42150;30170;41460,,,,,
f_f011531,east,3,22,0,0,0,2,20,여,6;1;6;6;4;2;1;7,43,42150;26500;41220,,,,,
f_f011544,east,3,5,0,0,0,7,30,남,3;1;1;2;4;6;2;6,26,50110;48880;11140,,,,,
f_f011554,east,2,1,0,0,0,1,30,남,4;4;4;2;6;4;2;6,48,50110;50130;26710,,,,,
f_f011559,east,2,1,0,0,0,1,20,여,4;2;2;3;3;5;7;7,11,42150;26500;47130,,,,,
f_f011565,east,3,1,0,0,0,2,30,여,4;1;5;1;3;4;6;7,11,26710;50130;48310,,,,,
f_f011568,east,3,1,0,0,0,1,40,남,1;7;1;3;1;1;1;7,31,48840;42150;50130,,,,,
f_f011576,east,2,2,0,0,0,3,40,여,4;4;4;2;2;2;2;6,48,48820;46130;48840,,,,,
f_f011577,east,2,2,0,0,0,2,30,여,2;1;3;4;4;6;6;5,11,50130;50110;42150,,,,,
f_f011579,east,2,22,0,0,0,3,50,여,2;2;2;5;1;3;4;7,26,50130;50110;42230,,,,,
f_f011582,east,2,21,0,0,0,1,30,여,2;3;2;5;4;4;3;3,27,50130;47130;42210,,,,,
f_f011583,east,2,1,0,0,0,0,40,여,1;4;1;4;4;1;6;4,47,47770;47170;47130,,,,,
f_f011588,east,2,22,0,0,0,3,50,남,1;2;1;2;3;4;5;5,47,42170;47130;46110,,,,,
f_f011589,east,2,2,0,0,0,1,30,남,2;2;4;2;2;4;3;3,31,26710;47130;41130,,,,,
f_f011598,east,2,21,0,0,0,1,30,남,3;3;3;1;4;3;4;5,31,26350;30170;11710,,,,,
f_f011599,east,2,2,0,0,0,3,50,남,2;2;4;4;3;5;3;3,41,42830;42210;28110,,,,,
f_f011601,east,3,4,0,0,0,2,20,여,1;1;1;3;4;6;2;5,28,42170;50110;42820,,,,,
f_f011615,east,3,23,0,0,0,4,20,여,5;2;2;4;6;5;1;2,26,11680;50110;41110,,,,,
f_f011630,east,2,1,0,0,0,1,20,여,2;4;5;4;2;4;2;5,30,50110;26350;11230,,,,,
f_f011631,east,2,2,0,0,0,2,20,여,4;6;2;6;6;7;6;5,41,50130;42210;26350,,,,,
f_f011643,east,3,22,0,0,0,1,30,여,3;2;1;5;4;6;6;7,41,42150;50110;42210,,,,,
f_f011645,east,3,1,0,0,0,2,20,남,4;4;4;3;2;4;3;3,41,50110;42210;46130,,,,,
f_f011668,east,2,1,0,0,0,1,30,여,1;1;1;1;1;1;7;3,26,50130;26350;48250,,,,,
f_f011671,east,2,1,0,0,0,0,20,여,6;2;2;2;5;3;2;6,48,26230;11680;42110,,,,,
f_f011680,east,2,3,0,0,0,1,30,여,3;3;2;2;2;5;5;5,48,50110;26410;26230,,,,,
f_f011686,east,2,12,0,0,0,1,30,남,1;4;1;1;7;1;7;7,11,42820;42170;28260,,,,,
f_f011708,east,2,21,0,0,0,0,20,여,3;4;2;4;3;5;6;3,11,50110;42830;42210,,,,,
f_f011733,east,2,1,0,0,0,1,20,여,7;3;6;2;1;7;7;7,26,11680;47130;27110,,,,,
f_f011735,east,2,22,0,0,0,1,20,남,2;2;2;4;2;4;3;5,26,42830;50130;47130,,,,,
f_f011738,east,2,25,0,0,0,0,20,여,3;5;3;1;1;6;1;7,27,26350;47110;47290,,,,,
f_f011748,east,2,1,0,0,0,0,20,여,2;2;2;2;2;6;5;6,41,50110;26110;47250,,,,,
f_f011754,east,2,4,0,0,0,2,60,여,1;2;2;1;1;2;1;1,11,42210;26350;50130,,,,,
f_f011755,east,3,1,0,0,0,1,20,여,1;2;2;3;2;6;6;6,11,42150;47110;26350,,,,,
f_f011771,east,2,2,0,0,0,1,20,여,5;5;7;6;7;6;3;1,27,50110;50130;11170,,,,,
f_f011795,east,3,1,0,0,0,0,30,여,5;5;3;2;1;3;7;5,41,41110;42210;26350,,,,,
f_f011809,east,3,1,0,0,0,1,30,여,4;1;1;3;4;4;6;5,36,50110;50130;26350,,,,,
f_f011810,east,2,1,0,0,0,1,30,남,6;6;7;7;5;6;6;3,47,26350;47110;27260,,,,,
f_f011816,east,2,1,0,0,0,0,30,여,2;4;2;4;1;5;3;2,47,11170;27260;47290,,,,,
f_f011818,east,3,10,0,0,0,1,20,여,6;2;1;1;6;2;7;7,26,48310;11680;50110,,,,,
f_f011819,east,2,22,0,0,0,1,40,여,5;4;5;2;3;3;2;7,26,11680;11710;50110,,,,,
f_f011857,east,3,13,0,0,0,3,40,남,2;2;6;4;2;4;2;2,26,48840;48240;47820,,,,,
f_f011861,east,3,2,0,0,0,1,20,남,4;2;2;5;3;5;6;5,11,41820;50130;26110,,,,,
f_f011864,east,2,1,0,0,0,1,20,여,5;5;5;6;6;6;6;6,45,26350;50110;27140,,,,,
f_f011866,east,2,22,0,0,0,1,20,남,5;3;3;2;3;2;3;7,47,11170;42150;50130,,,,,
f_f011883,east,2,21,0,0,0,1,20,여,3;2;2;4;3;3;5;2,11,41290;26500;50110,,,,,
f_f011890,east,3,21,0,0,0,1,20,여,2;2;4;2;1;7;2;6,48,26500;48270;48310,,,,,
f_f011907,east,2,2,0,0,0,1,30,남,6;5;2;5;4;6;6;5,26,47130;27110;50110,,,,,
f_f011915,east,2,28,0,0,0,3,40,여,3;3;5;3;5;6;2;3,48,47130;48310;47820,,,,,
f_f011916,east,2,26,0,0,0,1,30,여,5;2;2;2;2;6;6;7,31,26350;26500;11170,,,,,
f_f011918,east,2,1,0,0,0,1,20,여,5;2;2;7;7;2;3;5,27,26350;47130;11230,,,,,
f_f011932,east,2,1,0,0,0,1,30,여,6;1;2;1;2;3;3;7,48,11230;26500;26230,,,,,
f_f011933,east,3,11,0,0,0,2,60,남,2;2;2;3;4;2;2;3,28,42150;43110;28720,,,,,
f_f011944,east,3,23,0,0,0,3,30,여,4;1;2;3;4;4;2;3,29,26500;26350;46130,,,,,
f_f011950,east,3,26,0,0,0,0,30,남,2;4;1;4;4;4;7;1,31,42190;11440;26710,,,,,
f_f011953,east,3,1,0,0,0,1,20,여,1;1;2;3;1;4;1;7,26,50130;31710;48270,,,,,
f_f011963,east,3,22,0,0,0,1,20,남,4;3;3;2;2;6;5;6,41,11440;44230;11215,,,,,
f_f011978,east,2,22,0,0,0,1,40,남,2;1;2;2;4;3;6;6,41,42820;50110;41220,,,,,
f_f011979,east,2,1,0,0,0,1,40,여,5;2;2;3;5;5;6;6,48,11440;27110;26230,,,,,
f_f011989,east,2,21,0,0,0,3,50,여,2;4;1;4;4;1;3;7,27,47130;47110;48840,,,,,
f_f012010,east,2,22,0,0,0,0,20,여,2;2;2;4;5;6;2;5,26,50130;26200;47130,,,,,
f_f012011,east,2,2,0,0,0,1,30,남,4;3;5;2;4;5;3;6,11,50110;42150;42210,,,,,
f_f012111,east,3,21,0,0,0,0,20,여,3;4;2;3;4;3;3;7,41,50130;42150;26350,,,,,
f_f012114,east,2,21,0,0,0,0,30,여,1;7;4;7;3;3;3;6,11,30200;44150;26260,,,,,
f_f012115,east,2,26,0,0,0,1,40,남,4;7;4;6;6;4;2;7,26,47130;47170;29155,,,,,
f_f012122,east,2,1,0,0,0,1,20,여,2;2;2;4;2;6;1;7,31,11680;26350;50130,,,,,
f_f012126,east,2,1,0,0,0,1,40,여,4;1;2;2;1;6;6;2,27,11170;26350;50130,,,,,
f_f012128,east,3,1,0,0,0,1,30,남,2;1;4;2;4;6;4;6,41,50130;26110;42830,,,,,
f_f012131,east,3,21,0,0,0,1,30,남,2;2;1;6;2;3;2;7,26,50130;48220;47110,,,,,
f_f012136,east,2,11,0,0,0,1,40,남,2;2;1;3;6;6;2;7,26,27140;26350;26500,,,,,
f_f012142,east,3,22,0,0,0,3,20,여,4;2;6;5;4;2;2;6,44,11680;42150;42210,,,,,
f_f012144,east,2,1,0,0,0,1,20,여,3;3;3;3;3;3;4;5,11,50130;50110;42210,,,,,
f_f012145,east,3,12,0,0,0,1,30,남,1;1;1;3;6;4;4;5,11,50110;42150;26350,,,,,
f_f012146,east,3,12,0,0,0,1,20,남,2;2;2;5;2;4;3;4,11,50110;42150;47130,,,,,
f_f012150,east,3,1,0,0,0,3,20,여,6;2;2;3;4;5;6;2,45,11410;30110;50130,,,,,
f_f012156,east,3,3,0,0,0,0,20,여,2;2;5;4;5;5;6;6,11,41820;50110;45110,,,,,
f_f012158,east,3,1,0,0,0,0,30,남,4;1;1;3;3;3;4;4,48,26170;11110;45110,,,,,
f_f012160,east,3,22,0,0,0,1,30,여,1;1;1;3;4;4;6;5,11,50110;42150;42210,,,,,
f_f012181,east,2,3,0,0,0,2,40,여,1;2;2;4;6;2;2;6,11,50130;42190;11230,,,,,
f_f012185,east,2,11,0,0,0,4,40,여,4;3;4;2;2;4;4;5,48,27140;27710;48220,,,,,
f_f012205,east,2,1,0,0,0,3,60,여,5;6;4;6;5;3;6;6,41,42150;41830;11680,,,,,
f_f012224,east,3,2,0,0,0,1,30,여,3;3;3;6;3;5;3;6,26,11170;26350;47130,,,,,
f_f012235,east,3,21,0,0,0,4,30,남,3;1;1;4;5;4;2;6,41,42210;44825;41270,,,,,
f_f012238,east,2,21,0,0,0,3,50,남,2;6;4;6;2;4;6;6,48,48240;48860;48850,,,,,
f_f012240,east,2,22,0,0,0,1,30,남,2;2;4;4;3;4;3;6,48,26350;50130;11110,,,,,
f_f012248,east,2,1,0,0,0,1,40,남,2;2;1;2;7;2;2;7,26,41820;48840;48170,,,,,
f_f012289,east,2,22,0,0,0,5,30,남,4;4;6;3;4;5;6;6,41,42210;50130;11680,,,,,
f_f012298,east,2,1,0,0,0,0,30,여,2;4;2;4;6;2;7;7,47,27110;26350;50110,,,,,
f_f012303,east,2,10,0,0,0,5,50,여,6;6;2;5;6;2;2;3,48,48840;48850;26350,,,,,
f_f012305,east,2,2,0,0,0,1,30,여,1;5;7;2;1;2;7;5,41,47130;42150;31110,,,,,
f_f012321,east,2,1,0,0,0,1,40,남,1;1;1;1;5;4;2;1,11,50110;50130;42210,,,,,
f_f012329,east,2,24,0,0,0,0,40,남,1;2;1;4;2;1;3;7,41,41800;42720;42770,,,,,
f_f012333,east,2,1,0,0,0,1,30,여,7;1;1;2;4;4;6;5,27,47130;26140;11140,,,,,
f_f012364,east,3,22,0,0,0,1,20,남,4;2;4;2;4;4;4;4,47,11680;27110;47170,,,,,
f_f012367,east,2,1,0,0,0,1,20,남,4;1;1;1;1;1;1;7,26,26350;48330;11230,,,,,
f_f012376,east,3,3,0,0,0,2,30,남,3;2;3;5;2;5;6;2,41,42210;42150;26350,,,,,
f_f012377,east,3,21,0,0,0,1,20,여,1;1;1;1;7;4;5;7,41,50130;42820;26200,,,,,
f_f012380,east,3,10,0,0,0,1,30,남,5;2;2;3;3;5;6;4,26,11680;48120;26710,,,,,
f_f012381,east,2,22,0,0,0,1,20,여,4;1;1;5;1;1;1;7,27,26500;47130;27110,,,,,
f_f012385,east,2,1,0,0,0,1,40,여,3;2;2;4;4;5;6;5,26,47130;50110;11305,,,,,
f_f012386,east,3,2,0,0,0,3,20,여,6;2;5;1;4;6;7;5,11,42210;42150;42830,,,,,
f_f012389,east,2,1,0,0,0,2,30,여,4;3;1;1;4;4;4;7,26,48270;47130;47770,,,,,
f_f012398,east,3,22,0,0,0,1,30,남,2;1;1;3;6;3;5;6,41,42150;42760;50130,,,,,
f_f012415,east,3,11,0,0,0,1,30,여,6;1;4;4;6;5;6;6,41,42820;26350;41820,,,,,
f_f012420,east,2,1,0,0,0,4,50,여,1;1;1;2;1;1;2;4,26,50110;46770;43800,,,,,
f_f012427,east,3,1,0,0,0,1,60,남,4;4;4;3;5;4;3;4,26,48270;27140;48330,,,,,
f_f012442,east,3,1,0,0,0,1,20,여,1;1;1;1;1;1;7;1,29,43130;45790;29155,,,,,
f_f012445,east,3,22,0,0,0,0,20,남,2;3;2;3;2;2;6;5,27,27290;42210;11680,,,,,
f_f012450,east,3,2,0,0,0,1,30,남,3;3;4;2;3;3;7;1,43,44200;26230;11350,,,,,
f_f012459,east,2,1,0,0,0,1,20,남,5;2;3;1;4;4;2;7,41,41830;42150;26350,,,,,
f_f012473,east,3,22,0,0,0,3,30,남,1;7;1;1;1;4;7;7,30,44180;48310;47110,,,,,
f_f012477,east,2,2,0,0,0,1,40,여,1;1;2;6;6;2;7;7,26,50130;50110;11680,,,,,
f_f012478,east,2,1,0,0,0,1,40,여,1;2;1;2;1;4;1;7,48,26290;48820;41410,,,,,
f_f012520,east,2,12,0,0,0,1,20,남,4;3;3;2;4;5;4;5,48,26710;47110;27290,,,,,
f_f012521,east,3,1,0,0,0,1,60,여,7;6;5;5;4;6;7;5,44,11110;30140;45110,,,,,
f_f012540,east,3,1,0,0,0,1,20,여,2;1;1;2;4;6;6;6,45,46150;50110;50130,,,,,
f_f012543,east,2,1,0,0,0,1,30,여,3;3;6;1;1;2;5;7,41,42210;26350;27260,,,,,
f_f012570,east,3,21,0,0,0,1,20,여,4;5;2;3;1;5;3;6,41,42150;11680;28710,,,,,
f_f012585,east,3,1,0,0,0,3,40,남,1;1;2;4;6;5;1;7,46,48310;44825;45800,,,,,
f_f012594,east,2,12,0,0,0,0,20,여,2;3;2;2;2;2;6;2,11,42150;42110;26350,,,,,
f_f012607,east,3,12,0,0,0,1,20,남,2;2;1;3;5;1;1;7,26,26710;11440;50110,,,,,
f_f012618,east,3,22,0,0,0,1,20,남,2;4;2;2;3;5;2;5,11,42720;50130;42210,,,,,
f_f012625,east,2,5,0,0,0,1,20,여,2;1;2;3;4;4;4;7,11,50110;42210;42110,,,,,
f_f012629,east,3,21,0,0,0,1,20,여,2;2;2;5;5;1;6;2,11,26350;42150;42210,,,,,
f_f012637,east,3,1,0,0,0,1,20,남,4;2;4;2;2;5;1;3,46,50110;29110;26410,,,,,
f_f012641,east,3,22,0,0,0,0,20,여,5;6;6;2;5;1;5;2,41,11710;26260;50110,,,,,
f_f012653,east,3,11,0,0,0,2,30,여,1;1;1;5;2;6;3;7,11,42820;42210;50130,,,,,
f_f012660,east,3,1,0,0,0,0,20,여,2;2;6;4;6;1;2;2,43,47130;50110;11410,,,,,
f_f012662,east,2,1,0,0,0,1,40,남,4;4;4;4;4;4;4;4,26,48330;27290;46230,,,,,
f_f012663,east,3,1,0,0,0,1,30,남,1;1;4;1;1;1;1;3,46,26710;26410;46870,,,,,
f_f012670,east,2,22,0,0,0,1,20,남,1;4;1;4;1;2;1;4,11,42210;50110;46820,,,,,
f_f012678,east,3,11,0,0,0,3,40,남,2;1;2;3;4;3;1;2,41,42780;42210;47840,,,,,
f_f012698,east,3,21,0,0,0,0,20,여,2;1;2;4;5;5;5;5,27,50130;42150;44825,,,,,
f_f012703,east,3,21,0,0,0,2,20,남,6;4;2;3;5;3;4;6,41,50110;11110;27260,,,,,
f_f012707,east,2,4,0,0,0,7,30,남,1;1;1;4;2;1;3;2,11,42210;50130;48310,,,,,
f_f012718,east,2,21,0,0,0,4,30,여,4;2;4;1;4;6;4;6,27,50110;26500;47130,,,,,
f_f012721,east,2,1,0,0,0,1,20,남,4;5;4;3;5;4;6;5,48,48120;26350;48720,,,,,
f_f012724,east,3,1,0,0,0,1,20,남,6;1;2;5;2;6;7;5,26,11680;47130;50130,,,,,
f_f012727,east,3,22,0,0,0,1,20,여,2;1;4;4;3;4;4;6,27,47130;26350;42770,,,,,
f_f012736,east,2,6,0,0,0,0,40,여,5;4;4;1;3;5;6;2,11,42730;41130;46170,,,,,
f_f012740,east,2,22,0,0,0,2,20,여,3;2;4;1;3;5;3;1,11,26500;42150;42210,,,,,
f_f012745,east,3,10,0,0,0,3,30,남,2;4;3;4;4;3;7;5,41,11215;42150;27110,,,,,
f_f012757,east,2,1,0,0,0,0,20,여,3;1;1;1;4;1;2;7,42,42210;26110;47130,,,,,
f_f012770,east,2,1,0,0,0,2,20,여,3;1;4;1;2;5;2;3,47,26200;26710;26350,,,,,
f_f012773,east,3,1,0,0,0,3,20,여,4;2;3;5;3;3;5;5,27,26500;47130;11650,,,,,
f_f012776,east,3,1,0,0,0,1,30,남,2;3;3;4;1;2;7;6,11,50130;26350;45110,,,,,
f_f012788,east,3,6,0,0,0,1,20,남,1;1;1;4;5;3;5;6,41,46150;42150;29110,,,,,
f_f012803,east,2,24,0,0,0,1,20,여,6;2;2;2;2;2;7;6,48,26230;48170;48330,,,,,
f_f012811,east,2,22,0,0,0,1,30,여,2;1;4;2;2;4;7;7,26,47130;50130;48840,,,,,
f_f012842,east,2,2,0,0,0,1,20,여,5;1;2;3;6;6;2;6,42,41820;42150;42210,,,,,
f_f012843,east,2,1,0,0,0,0,20,여,6;5;6;4;6;3;5;3,26,47210;47130;27290,,,,,
f_f012890,east,2,1,0,0,0,1,30,남,2;1;1;3;3;6;6;6,47,50130;50110;47130,,,,,
f_f012892,east,3,11,0,0,0,2,40,여,6;2;4;3;3;4;6;5,11,50130;42150;26350,,,,,
f_f012915,east,3,21,0,0,0,1,30,여,4;4;4;4;4;4;4;4,47,27140;11680;27200,,,,,
f_f012924,east,3,22,0,0,0,3,40,남,1;4;3;4;2;2;4;7,31,50130;11110;47930,,,,,
f_f012934,east,3,13,0,0,0,2,40,남,6;4;7;2;7;7;6;7,48,48310;47110;46130,,,,,
f_f012942,east,2,12,0,0,0,0,20,여,5;6;2;1;6;7;7;1,11,42150;42830;42110,,,,,
f_f012953,east,3,1,0,0,0,1,20,여,5;1;1;7;6;5;7;2,46,26350;11680;50110,,,,,
f_f012970,east,3,1,0,0,0,0,20,여,4;2;2;4;4;6;3;6,41,50130;26500;41110,,,,,
f_f012980,east,3,1,0,0,0,3,50,남,6;6;2;2;7;6;4;6,45,26380;47110;46230,,,,,
f_f012988,east,3,27,0,0,0,1,20,남,2;2;4;4;3;3;3;4,26,50110;47130;48330,,,,,
f_f012992,east,2,1,0,0,0,1,30,여,4;3;4;2;3;3;5;3,47,47130;26350;27110,,,,,
f_f012993,east,2,1,0,0,0,0,30,여,6;1;1;4;1;1;7;7,48,11440;27230;47820,,,,,
f_f013001,east,3,1,0,0,0,1,40,여,4;2;4;2;2;6;7;6,48,50110;26200;26350,,,,,
f_f013006,east,2,1,0,0,0,1,30,남,4;4;4;4;4;4;4;4,41,42210;42830;41650,,,,,
f_f013016,east,2,1,0,0,0,0,20,남,6;1;3;3;6;6;3;7,27,11680;26350;50130,,,,,
f_f013019,east,3,8,0,0,0,10,40,여,2;2;4;1;3;4;2;6,42,44770;42150;26350,,,,,
f_f013038,east,3,22,0,0,0,3,20,남,1;1;4;6;1;4;7;6,41,50130;42210;46130,,,,,
f_f013039,east,3,22,0,0,0,1,30,남,7;1;3;2;4;5;3;6,41,26350;42150;45110,,,,,
f_f013052,east,2,13,0,0,0,0,20,여,6;5;2;1;2;6;6;6,11,50110;42150;27290,,,,,
f_f013061,east,2,1,0,0,0,1,20,남,4;2;2;3;3;3;3;5,48,50130;50110;26230,,,,,
f_f013064,east,3,22,0,0,0,1,30,남,1;1;3;3;1;3;6;4,11,26110;48170;28710,,,,,
f_f013073,east,2,2,0,0,0,2,40,여,4;7;3;2;1;3;1;7,41,42210;50130;11680,,,,,
f_f013084,east,2,12,0,0,0,0,20,남,6;3;3;3;6;3;3;6,27,26710;26500;11680,,,,,
f_f013098,east,2,21,0,0,0,1,30,여,4;5;3;4;5;3;5;5,26,46130;47130;26350,,,,,
f_f013101,east,2,2,0,0,0,1,20,여,1;3;1;2;3;1;6;3,41,42150;26110;50130,,,,,
f_f013110,east,2,2,0,0,0,1,30,여,4;2;2;3;3;3;5;3,26,50110;26350;42150,,,,,
f_f013113,east,3,1,0,0,0,1,50,여,1;1;1;4;4;3;2;7,11,42230;50130;45110,,,,,
f_f013125,east,3,1,0,0,0,3,30,여,5;1;2;2;2;2;1;7,41,42150;41820;50110,,,,,
f_f013135,east,3,1,0,0,0,1,30,남,5;3;3;4;4;4;5;4,11,50130;26350;42150,,,,,
f_f013141,east,2,11,0,0,0,1,30,여,1;1;4;5;5;4;3;7,26,48330;31710;26200,,,,,
f_f013146,east,2,3,0,0,0,0,20,여,1;7;7;1;4;7;7;4,26,26350;47130;27290,,,,,
f_f013169,east,2,1,0,0,0,0,30,여,5;4;6;3;2;5;7;5,47,26500;27110;31140,,,,,
f_f013171,east,2,22,0,0,0,0,20,여,1;2;2;2;2;2;6;5,11,27260;47110;42170,,,,,
f_f013177,east,3,21,0,0,0,1,30,남,1;1;3;4;1;1;1;7,41,50130;46170;47130,,,,,
f_f013183,east,3,1,0,0,0,1,20,여,3;2;2;2;2;5;7;5,11,47130;30140;45110,,,,,
f_f013184,east,3,22,0,0,0,1,20,남,3;2;4;2;4;4;3;5,26,46130;50130;48220,,,,,
f_f013198,east,3,22,0,0,0,1,30,여,4;1;6;3;3;5;5;5,28,42150;26350;42210,,,,,
f_f013199,east,3,21,0,0,0,1,30,여,2;1;2;1;4;2;6;6,26,50130;50110;42150,,,,,
f_f013201,east,3,1,0,0,0,1,30,여,6;1;1;4;7;6;5;6,41,50110;27260;11500,,,,,
f_f013219,east,2,1,0,0,0,1,30,여,3;3;5;2;2;3;3;5,26,50110;11440;47130,,,,,
f_f013220,east,2,1,0,0,0,1,20,여,2;2;1;6;6;2;6;7,27,27710;26710;30110,,,,,
f_f013251,east,2,1,0,0,0,0,50,남,4;2;2;6;2;6;6;3,48,50110;11680;28110,,,,,
f_f013263,east,2,4,0,0,0,3,30,남,2;4;4;4;3;2;3;3,41,41460;42210;11350,,,,,
f_f013267,east,2,1,0,0,0,2,50,여,4;4;2;2;4;6;2;3,11,41190;42210;48220,,,,,
f_f013359,east,2,1,0,0,0,1,30,남,1;3;1;1;1;1;7;6,47,47130;47110;48270,,,,,
f_f013387,east,2,1,0,0,0,0,30,여,2;4;6;2;1;3;2;5,47,26500;48220;27110,,,,,
f_f013394,east,2,1,0,0,0,1,20,여,4;6;2;2;1;1;3;6,26,48330;31140;11110,,,,,
f_f013396,east,2,4,0,0,0,1,40,남,6;3;1;4;5;3;2;7,11,27110;26350;50130,,,,,
f_f013399,east,2,1,0,0,0,1,30,여,6;7;2;3;2;6;2;7,31,47130;26710;31140,,,,,
f_f013407,east,2,6,0,0,0,1,20,여,3;2;3;3;4;6;1;7,41,50130;42150;26110,,,,,
f_f013410,east,3,12,0,0,0,1,40,여,2;2;2;2;2;2;3;6,48,46130;50130;26710,,,,,
f_f013421,east,3,21,0,0,0,1,20,여,2;2;6;2;6;6;6;6,27,26350;26500;47110,,,,,
f_f013425,east,3,1,0,0,0,1,20,남,4;1;5;1;2;7;2;7,31,26350;47130;11680,,,,,
f_f013431,east,3,10,0,0,0,4,40,여,2;2;1;3;3;3;5;3,42,42170;50130;11680,,,,,
f_f013437,east,3,2,0,0,0,1,30,여,2;6;2;2;2;2;2;7,11,42170;42830;26350,,,,,
f_f013442,east,2,1,0,0,0,2,30,남,4;1;4;2;5;3;6;7,47,50130;41270;30200,,,,,
f_f013455,east,2,10,0,0,0,1,40,남,2;2;4;6;2;3;2;5,11,42150;48310;29155,,,,,
f_f013463,east,3,11,0,0,0,1,20,여,5;2;2;4;4;5;2;6,30,42150;26500;50130,,,,,
f_f013478,east,3,1,0,0,0,3,20,여,4;3;3;3;4;4;3;5,30,11680;42150;42830,,,,,
f_f013484,east,2,2,0,0,0,0,20,여,4;2;2;2;2;2;2;6,48,31140;48120;26320,,,,,
f_f013495,east,3,13,0,0,0,1,40,남,4;4;4;4;4;4;4;4,26,48310;48270;50110,,,,,
f_f013505,east,2,1,0,0,0,1,20,여,2;4;2;2;2;4;6;5,28,26500;50110;42820,,,,,
f_f013507,east,3,27,0,0,0,1,30,여,6;6;3;6;2;2;7;5,30,26500;11680;31170,,,,,
f_f013512,east,3,12,0,0,0,1,40,여,4;3;1;5;6;6;1;4,11,50130;42830;28110,,,,,
f_f013514,east,2,12,0,0,0,1,20,남,3;2;2;3;5;5;6;4,26,26500;45110;47130,,,,,
f_f013520,east,3,1,0,0,0,0,20,여,5;2;2;5;6;6;2;7,48,26500;26230;48120,,,,,
f_f013525,east,2,2,0,0,0,3,40,여,1;4;1;5;5;1;2;7,26,48250;26320;48330,,,,,
f_f013529,east,2,2,0,0,0,1,20,남,6;1;2;3;3;6;5;6,11,46130;28245;26350,,,,,
f_f013565,east,3,13,0,0,0,1,50,여,1;6;2;2;3;5;5;7,26,48120;48220;46130,,,,,
f_f013576,east,3,21,0,0,0,1,20,여,3;2;4;2;3;5;6;4,43,47130;50130;26350,,,,,
f_f013592,east,3,22,0,0,0,1,20,여,4;1;3;3;2;1;6;7,28,50130;26350;42150,,,,,
f_f013609,east,2,21,0,0,0,2,60,남,2;6;6;1;1;2;1;7,27,47130;47110;30230,,,,,
f_f013616,east,2,22,0,0,0,1,40,남,5;3;2;2;2;2;3;6,26,48310;47130;48330,,,,,
f_f013622,east,2,22,0,0,0,2,20,남,5;2;2;3;2;6;6;6,48,50130;50110;26230,,,,,
f_f013627,east,2,22,0,0,0,0,20,여,1;1;1;5;3;2;6;6,31,26230;27140;47130,,,,,
f_f013628,east,2,1,0,0,0,1,30,여,4;2;3;4;6;6;6;4,27,26500;30200;45110,,,,,
f_f013635,east,2,1,0,0,0,2,20,남,3;4;2;1;2;3;6;6,41,50110;50130;42150,,,,,
f_f013638,east,3,21,0,0,0,1,20,남,3;2;2;4;4;4;3;6,26,48840;41820;27200,,,,,
f_f013644,east,2,10,0,0,0,1,40,여,4;4;5;5;3;5;2;5,26,47130;31710;48330,,,,,
f_f013677,east,3,12,0,0,0,1,30,여,1;1;1;2;4;3;1;7,28,50110;42150;45110,,,,,
f_f013681,east,2,22,0,0,0,1,20,여,3;3;3;5;4;5;4;5,48,11410;42150;26230,,,,,
f_f013682,east,2,1,0,0,0,2,20,여,7;1;1;1;1;5;1;7,48,47130;50110;11680,,,,,
f_f013692,east,3,21,0,0,0,0,20,남,2;2;1;6;4;2;2;6,45,42820;42210;48220,,,,,
f_f013718,east,3,2,0,0,0,0,30,남,1;1;1;1;1;1;1;1,27,47770;47110;47130,,,,,
f_f013809,east,2,1,0,0,0,0,20,남,1;1;1;5;7;4;6;7,41,50110;42150;42170,,,,,
f_f013850,east,2,22,0,0,0,3,50,남,2;2;4;5;1;4;7;4,11,42720;26500;46830,,,,,
f_f013855,east,2,1,0,0,0,0,30,남,7;7;7;4;4;4;5;4,26,48330;48170;48120,,,,,
f_f013861,east,2,1,0,0,0,3,40,남,1;4;2;3;5;1;6;7,26,11230;50130;48740,,,,,
f_f013874,east,3,22,0,0,0,7,20,남,2;1;1;6;2;1;6;7,11,50110;42150;26350,,,,,
f_f013900,east,3,1,0,0,0,0,20,남,2;1;2;7;4;2;1;6,27,50110;26500;11170,,,,,
f_f013913,east,2,22,0,0,0,1,20,여,3;5;3;5;3;6;6;3,26,26500;46130;47130,,,,,
f_f013927,east,2,26,0,0,0,1,20,남,3;2;3;3;3;4;2;6,28,42170;44210;44825,,,,,
f_f013960,east,3,22,0,0,0,0,20,여,3;4;2;4;4;3;2;5,26,41110;11110;50130,,,,,
f_f013969,east,3,1,0,0,0,1,30,여,4;3;4;4;4;3;3;5,11,50130;50110;30170,,,,,
f_f013989,east,2,1,0,0,0,1,20,남,6;4;3;2;2;5;3;6,27,47170;26410;47110,,,,,
f_f014019,east,2,1,0,0,0,1,20,여,4;1;2;4;4;4;2;5,47,42210;50130;46150,,,,,
f_f014026,east,2,2,0,0,0,1,40,남,2;2;2;6;4;4;2;7,28,42150;41570;28710,,,,,
f_f014050,east,3,13,0,0,0,1,20,남,2;1;1;2;6;4;5;7,11,42150;42830;41590,,,,,
f_f014062,east,2,4,0,0,0,2,30,여,2;5;6;1;1;5;6;2,27,26350;47130;26710,,,,,
f_f014070,east,3,1,0,0,0,0,20,여,1;1;5;1;6;1;1;7,41,26350;42150;42210,,,,,
f_f014075,east,2,1,0,0,0,1,20,남,6;2;2;6;2;6;2;1,48,26350;48120;27140,,,,,
f_f014076,east,2,1,0,0,0,1,30,남,1;2;4;4;6;7;6;6,27,50110;50130;11680,,,,,
f_f014080,east,3,1,0,0,0,1,20,여,4;1;1;4;1;1;6;4,45,11110;42210;26350,,,,,
f_f014088,east,3,1,0,0,0,0,20,남,3;3;1;3;2;1;6;7,41,50110;42150;26350,,,,,
f_f014095,east,3,10,0,0,0,3,60,여,6;3;4;3;6;3;5;3,30,44180;42150;48840,,,,,
f_f014100,east,2,1,0,0,0,1,50,남,2;5;3;4;4;6;3;2,31,47130;11110;50130,,,,,
f_f014120,east,3,1,0,0,0,1,30,여,4;2;3;3;2;6;3;7,47,42170;42150;26500,,,,,
f_f014128,east,3,1,0,0,0,1,50,여,1;3;1;4;6;5;1;6,27,26350;43800;41130,,,,,
f_f014129,east,3,10,0,0,0,1,30,여,1;1;1;1;1;1;1;1,26,11230;50130;48840,,,,,
f_f014132,east,3,21,0,0,0,1,40,여,4;1;4;2;4;4;2;6,41,42150;42210;26350,,,,,
f_f014144,east,2,11,0,0,0,1,20,여,5;1;1;1;1;1;1;7,11,42150;42210;42830,,,,,
f_f014174,east,2,6,0,0,0,0,20,여,2;3;2;3;2;1;5;4,44,42150;11170;30140,,,,,
f_f014183,east,2,21,0,0,0,1,30,여,3;2;2;2;3;6;2;6,11,50130;42210;42150,,,,,
f_f014187,east,3,6,0,0,0,0,20,남,1;4;5;7;7;3;6;3,48,26350;27230;48270,,,,,
f_f014246,east,3,1,0,0,0,1,20,여,3;1;4;4;5;5;3;5,27,26500;50110;47110,,,,,
f_f014252,east,3,2,0,0,0,1,20,여,3;2;2;3;5;4;2;5,41,42150;50110;42110,,,,,
f_f014270,east,3,2,0,0,0,1,30,여,2;3;3;2;2;2;3;4,41,42150;43110;26290,,,,,
f_f014285,east,3,1,0,0,0,0,20,여,1;2;4;5;2;4;4;7,50,46710;26350;47130,,,,,
f_f014286,east,2,1,0,0,0,0,20,여,2;5;6;3;2;2;6;6,26,27110;30140;11440,,,,,
f_f014287,east,2,2,0,0,0,1,20,남,6;2;3;2;3;5;2;5,41,50110;26350;42150,,,,,
f_f014354,east,2,1,0,0,0,1,40,여,2;7;1;2;2;2;2;5,47,26380;47820;47110,,,,,
f_f014380,east,2,1,0,0,0,3,20,여,5;2;2;1;2;5;6;6,41,26110;28110;42210,,,,,
f_f014410,east,2,1,0,0,0,3,40,여,4;2;3;4;2;6;2;5,11,50110;42210;46130,,,,,
f_f014411,east,2,1,0,0,0,0,30,남,1;7;2;6;3;6;2;6,11,48170;27290;26230,,,,,
f_f014444,east,2,2,0,0,0,2,40,여,4;4;3;3;4;3;4;7,31,26350;11680;42830,,,,,
f_f014495,east,2,12,0,0,0,0,30,여,3;3;3;2;2;5;3;6,11,26500;27290;11410,,,,,
f_f014507,east,2,21,0,0,0,1,40,남,2;4;1;4;4;2;3;2,48,26500;26710;48310,,,,,
f_f014522,east,3,10,0,0,0,1,40,여,1;3;6;2;4;6;1;6,41,42210;42760;28710,,,,,
f_f014523,east,2,1,0,0,0,2,20,여,4;4;5;3;4;2;6;5,48,50110;11230;26350,,,,,
f_f014533,east,2,12,0,0,0,1,20,여,5;4;1;5;5;5;2;5,11,42150;42210;26230,,,,,
f_f014574,east,2,12,0,0,0,1,30,여,2;6;2;4;4;5;5;2,11,11140;42150;47130,,,,,
f_f014575,east,2,2,0,0,0,1,30,여,4;5;1;4;4;7;4;5,43,50130;41550;11680,,,,,
f_f014589,east,2,2,0,0,0,1,30,여,4;2;6;4;2;2;6;6,26,26230;27110;31140,,,,,
f_f014600,east,2,1,0,0,0,0,20,남,2;4;1;4;4;2;4;4,48,48860;26200;46150,,,,,
f_f014622,east,2,1,0,0,0,1,30,여,5;2;2;1;4;4;3;6,26,50130;11110;47130,,,,,
f_f014641,east,2,22,0,0,0,3,30,남,2;1;2;3;3;3;3;4,41,41820;42760;44800,,,,,
f_f014662,east,2,2,0,0,0,3,50,여,4;6;2;3;3;4;4;1,26,26350;48840;47130,,,,,
f_f014698,east,2,21,0,0,0,1,20,남,4;1;1;1;1;7;4;4,11,48240;50110;46130,,,,,
f_f014710,east,3,21,0,0,0,3,50,여,2;1;1;4;5;4;3;4,11,42230;45110;50130,,,,,
f_f014724,east,2,1,0,0,0,1,20,남,1;4;2;5;6;4;5;5,42,42150;41830;42130,,,,,
f_f014737,east,2,2,0,0,0,1,20,여,1;1;1;1;1;1;1;6,41,26500;44825;50130,,,,,
f_f014824,east,2,1,0,0,0,1,40,남,2;2;3;3;5;3;4;4,11,42150;41820;50130,,,,,
f_f014859,east,2,21,0,0,0,1,30,남,1;1;1;1;1;1;1;7,41,46900;46130;42820,,,,,
f_f014875,east,2,1,0,0,0,1,30,여,3;3;2;4;4;3;1;7,48,50130;47130;27290,,,,,
f_f014892,east,2,2,0,0,0,1,20,여,3;2;6;2;2;2;1;6,27,26500;11110;47110,,,,,
f_f014911,east,2,1,0,0,0,0,30,여,4;4;3;2;4;5;4;3,43,30140;27110;30110,,,,,
f_f014915,east,2,4,0,0,0,1,20,남,1;7;7;7;3;1;7;5,26,26350;48250;48310,,,,,
f_f014943,east,2,1,0,0,0,0,20,여,7;7;4;3;4;6;1;3,26,27110;47130;30140,,,,,
f_f014967,east,2,3,0,0,0,2,60,여,2;4;3;1;1;5;3;7,11,41830;42210;44770,,,,,
f_f014998,east,2,11,0,0,0,2,40,여,2;6;2;6;6;6;2;4,42,42150;48220;50130,,,,,
f_f015017,east,2,13,0,0,0,2,50,남,3;3;3;2;4;2;6;6,26,48120;50130;11170,,,,,
f_f015019,east,2,3,0,0,0,3,40,여,6;6;5;6;6;6;7;5,27,47150;47170;47750,,,,,
f_f015022,east,3,22,0,0,0,1,30,여,1;1;2;3;2;3;4;3,36,45740;50130;50110,,,,,
f_f015032,east,2,1,0,0,0,1,60,남,1;1;1;1;1;1;1;7,26,30140;42150;31710,,,,,
f_f015073,east,2,2,0,0,0,1,30,여,2;6;2;2;7;7;7;4,48,48220;26350;31170,,,,,
f_f015078,east,2,22,0,0,0,1,30,여,2;5;1;3;3;4;5;4,41,42170;41830;50110,,,,,
f_f015079,east,2,1,0,0,0,1,20,남,4;4;2;2;3;2;2;6,31,26500;47130;48840,,,,,
f_f015092,east,2,21,0,0,0,1,20,여,6;3;6;2;1;2;6;5,11,42150;42210;26500,,,,,
f_f015107,east,2,21,0,0,0,0,30,여,2;1;1;5;5;3;2;7,26,11170;47940;42830,,,,,
f_f015154,east,2,21,0,0,0,0,40,여,2;6;1;2;4;4;4;7,27,47130;50130;26350,,,,,
f_f015159,east,2,13,0,0,0,2,50,여,5;4;5;3;3;5;6;4,47,47130;48740;47230,,,,,
f_f015193,east,2,1,0,0,0,1,20,여,2;2;1;4;2;2;6;7,47,26710;27110;26500,,,,,
f_f015197,east,2,1,0,0,0,3,20,여,3;7;2;4;4;4;4;4,41,41110;41830;50130,,,,,
f_f015235,east,2,22,0,0,0,2,30,여,3;3;2;6;2;6;2;7,26,47130;48330;11440,,,,,
f_f015254,east,2,2,0,0,0,0,20,여,6;2;2;5;6;6;2;3,47,50110;26500;26350,,,,,
f_f015258,east,2,21,0,0,0,1,50,여,1;7;7;5;1;4;5;4,30,44150;43730;45730,,,,,
f_f015266,east,2,1,0,0,0,1,20,여,5;1;1;4;2;1;7;7,30,27140;26170;11170,,,,,
f_f015267,east,2,1,0,0,0,3,20,남,3;3;3;5;5;5;5;6,31,26350;11560;46130,,,,,
f_f015274,east,2,1,0,0,0,0,20,여,4;3;2;3;4;3;6;7,26,11680;50110;41460,,,,,
f_f015276,east,2,1,0,0,0,0,20,여,1;1;4;3;1;1;7;7,48,48850;50110;45730,,,,,
f_f015277,east,2,22,0,0,0,1,20,남,6;2;1;3;3;6;5;5,41,41820;42110;41360,,,,,
f_f015281,east,2,1,0,0,0,2,30,여,6;2;6;4;3;6;4;6,48,26530;26350;11440,,,,,
f_f015282,east,2,3,0,0,0,1,30,남,3;3;1;2;6;7;4;2,11,50130;50110;42170,,,,,
f_f015284,east,2,1,0,0,0,0,20,여,4;4;2;6;2;1;7;1,11,42150;42210;50130,,,,,
f_f015299,east,2,22,0,0,0,1,30,여,1;1;4;2;4;4;4;7,26,50110;11680;47130,,,,,
f_f015303,east,2,10,0,0,0,2,40,여,4;3;1;1;4;4;1;7,26,26500;11680;42210,,,,,
f_f015309,east,2,1,0,0,0,1,40,남,4;1;1;1;4;5;1;7,31,26350;11680;42770,,,,,
f_f015335,east,2,1,0,0,0,0,20,남,1;1;1;1;7;7;1;7,11,42150;30110;45110,,,,,
f_f015336,east,2,1,0,0,0,1,40,여,4;4;5;4;3;4;6;7,46,26350;48220;48250,,,,,
f_f015340,east,2,13,0,0,0,1,20,여,2;2;4;1;2;1;2;5,11,42150;42230;42760,,,,,
f_f015344,east,2,21,0,0,0,0,30,남,1;1;6;3;2;3;6;3,42,42150;47130;50110,,,,,
f_f015345,east,2,1,0,0,0,0,40,여,1;4;1;4;4;7;3;7,27,26710;47930;47820,,,,,
f_f015353,east,2,1,0,0,0,3,30,남,1;7;7;1;1;1;1;1,26,42230;47290;27260,,,,,
f_f015358,east,2,24,0,0,0,0,20,남,5;2;2;4;3;2;3;3,27,47110;26350;50130,,,,,
f_f015383,east,2,2,0,0,0,1,40,여,3;4;2;2;4;2;2;6,41,42110;42210;41830,,,,,
f_f015384,east,2,13,0,0,0,2,30,여,4;4;1;3;5;3;2;5,48,50130;48120;26710,,,,,
f_f015388,east,2,22,0,0,0,1,50,남,4;5;2;4;5;5;5;4,48,26710;26230;31170,,,,,
f_f015395,east,2,1,0,0,0,1,20,남,4;2;4;3;3;4;3;7,27,26200;26500;47130,,,,,
f_f015406,east,2,1,0,0,0,2,20,여,1;1;1;4;3;1;7;5,48,26500;26350;48270,,,,,
f_f015423,east,2,1,0,0,0,1,20,남,1;4;5;5;2;2;6;2,27,47130;26230;11440,,,,,
f_f015427,east,2,22,0,0,0,1,50,여,1;4;2;2;2;2;5;3,48,48820;48310;48860,,,,,
f_f015430,east,2,22,0,0,0,1,40,남,2;2;2;5;5;2;2;7,27,47150;50130;26350,,,,,
f_f015431,east,2,22,0,0,0,2,60,여,1;1;1;1;1;1;3;6,41,47130;42150;50110,,,,,
f_f015438,east,2,2,0,0,0,1,40,여,4;5;2;4;6;2;6;6,42,47130;26350;11710,,,,,
f_f015441,east,2,1,0,0,0,2,30,여,6;2;1;3;1;1;2;4,26,11650;44130;50130,,,,,
f_f015446,east,2,12,0,0,0,1,30,여,3;3;6;2;1;4;2;3,11,42150;50110;42210,,,,,
f_f015449,east,2,26,0,0,0,0,20,여,3;2;3;6;6;2;2;4,11,28110;41110;42150,,,,,
f_f015453,east,2,1,0,0,0,1,40,여,1;6;2;2;3;2;4;7,27,47820;43150;45110,,,,,
f_f015457,east,2,1,0,0,0,1,30,남,5;1;2;1;2;3;5;5,26,11680;50130;26350,,,,,
f_f015459,east,2,1,0,0,0,1,40,남,1;1;1;3;1;3;1;7,26,11710;42150;30140,,,,,
f_f015464,east,2,1,0,0,0,1,20,여,5;2;1;3;7;6;2;7,27,50130;46130;26110,,,,,
f_f015467,east,2,3,0,0,0,2,60,여,1;2;2;7;7;1;6;7,48,42760;46730;48890,,,,,
f_f015468,east,2,21,0,0,0,1,40,여,1;4;1;4;1;1;5;5,26,50110;26110;11440,,,,,
f_f015471,east,2,22,0,0,0,9,20,여,3;1;2;3;6;6;2;3,41,26500;42150;50130,,,,,
f_f015474,east,2,1,0,0,0,1,40,남,2;6;1;2;2;1;2;7,47,42210;50130;11140,,,,,
f_f015480,east,2,1,0,0,0,0,30,남,4;4;6;4;4;5;5;5,48,42150;27290;46110,,,,,
f_f015495,east,2,3,0,0,0,1,40,남,1;7;2;4;2;6;1;3,26,48250;48310;48330,,,,,
f_f015496,east,2,2,0,0,0,1,20,남,2;1;1;2;6;4;6;7,26,31140;47130;50110,,,,,
f_f015498,east,2,2,0,0,0,0,20,여,4;6;1;7;7;1;7;7,48,47130;26170;11500,,,,,
f_f015504,east,2,2,0,0,0,1,30,남,2;2;3;4;4;6;5;4,27,26710;11440;26500,,,,,
f_f015505,east,2,11,0,0,0,3,50,남,2;6;1;3;5;4;2;3,48,48120;48310;26350,,,,,
f_f015512,east,2,10,0,0,0,3,60,남,1;1;1;4;2;2;1;5,31,48330;42770;47130,,,,,
f_f015513,east,2,4,0,0,0,1,30,남,7;6;7;1;4;6;6;6,41,26350;50110;42210,,,,,
f_f015519,east,2,2,0,0,0,1,20,남,2;1;3;2;3;6;2;4,11,42230;41110;45110,,,,,
f_f015520,east,2,22,0,0,0,1,20,여,3;3;2;3;2;6;5;7,48,26230;48220;48310,,,,,
f_f015523,east,2,2,0,0,0,1,20,남,3;4;2;6;6;2;4;2,27,47110;47130;26350,,,,,
f_f015524,east,2,21,0,0,0,4,50,여,2;3;4;5;4;3;5;2,27,42760;47760;47920,,,,,
f_f015525,east,2,6,0,0,0,1,50,남,2;2;1;6;2;1;3;2,42,42150;42210;46910,,,,,
f_f015526,east,2,2,0,0,0,1,60,남,2;4;4;4;4;3;6;4,48,46130;26350;42110,,,,,
f_f015527,east,2,4,0,0,0,1,30,남,6;4;5;2;2;4;2;5,48,26110;48120;27290,,,,,
f_f015528,east,2,2,0,0,0,3,40,남,2;2;4;3;5;5;4;5,41,42150;42210;48310,,,,,
f_f015531,east,2,22,0,0,0,2,50,남,3;6;4;3;2;4;6;3,26,48310;47130;46130,,,,,
f_f015535,east,2,2,0,0,0,1,30,여,4;1;4;5;7;4;4;7,47,30200;44180;47130,,,,,
f_f015536,east,2,4,0,0,0,0,50,남,5;3;4;3;5;5;3;3,41,45130;44130;48240,,,,,
f_f015539,east,2,1,0,0,0,0,30,여,4;2;1;7;5;2;5;4,41,42820;29170;27140,,,,,
f_f015540,east,2,21,0,0,0,1,30,여,2;3;3;3;3;3;2;5,11,42110;41830;41820,,,,,
f_f015542,east,2,13,0,0,0,1,20,남,3;2;1;4;6;1;2;2,11,50130;42210;26350,,,,,
f_f015551,east,2,21,0,0,0,1,50,남,1;6;6;4;1;4;5;3,41,42110;41270;42150,,,,,
f_f015557,east,2,1,0,0,0,0,40,남,4;4;6;6;4;5;5;5,11,50110;42210;41820,,,,,
f_f015559,east,2,1,0,0,0,0,30,여,2;5;2;5;5;2;5;6,11,42170;50110;48850,,,,,
f_f015561,east,2,1,0,0,0,0,20,여,4;2;1;1;6;5;2;6,11,42130;26350;26380,,,,,
f_f015565,east,2,1,0,0,0,0,40,남,6;7;6;4;5;6;6;7,47,47150;48220;30200,,,,,
f_f015566,east,2,21,0,0,0,1,60,여,2;2;1;2;4;4;2;4,47,50130;50110;26350,,,,,
f_f015568,east,2,5,0,0,0,3,50,여,4;4;4;4;4;4;4;4,27,47130;47110;47290,,,,,
f_f015569,east,2,21,0,0,0,1,40,남,7;1;4;7;1;4;4;4,11,46130;26350;41820,,,,,
f_f015570,east,2,2,0,0,0,1,20,남,6;2;3;4;6;6;3;6,48,26350;11215;48120,,,,,
f_f015573,east,2,22,0,0,0,1,40,남,1;4;2;2;1;5;2;6,41,42150;48310;26710,,,,,
f_f015574,east,2,2,0,0,0,1,40,여,1;3;3;3;5;3;3;6,41,42150;47130;42110,,,,,
f_f015576,east,2,22,0,0,0,2,20,남,4;4;4;3;4;6;2;7,48,26350;30140;26710,,,,,
f_f015577,east,2,13,0,0,0,2,50,남,2;2;1;3;2;1;4;4,47,47110;48120;47210,,,,,
f_f015581,east,2,2,0,0,0,3,50,남,1;4;1;4;4;7;4;4,27,47190;47850;48890,,,,,
f_f015582,east,2,1,0,0,0,0,50,여,2;1;3;5;6;4;2;7,48,50130;26500;48220,,,,,
f_f015584,east,2,11,0,0,0,1,30,여,4;3;4;3;4;5;4;5,47,26350;11680;42150,,,,,
f_f015585,east,2,22,0,0,0,2,30,여,2;2;1;5;6;2;6;5,11,48250;26350;42830,,,,,
f_f015588,east,2,1,0,0,0,0,50,남,2;3;5;3;5;3;5;3,27,48120;26230;47290,,,,,
f_f015589,east,2,4,0,0,0,1,50,여,1;1;1;1;7;1;1;7,42,28237;42150;44180,,,,,
f_f015590,east,2,1,0,0,0,0,40,여,1;2;2;3;2;2;2;5,27,42730;50130;46130,,,,,
f_f015593,east,2,4,0,0,0,1,50,남,4;1;2;6;6;4;6;5,48,46150;42150;47930,,,,,
f_f015594,east,2,2,0,0,0,2,40,남,5;5;2;2;2;4;2;6,31,26500;27230;31710,,,,,
f_f015595,east,2,22,0,0,0,1,20,남,6;7;3;4;4;4;4;4,41,42210;42170;42130,,,,,
f_f015598,east,2,24,0,0,0,0,30,여,2;4;3;4;2;3;3;5,26,48330;31710;26710,,,,,
f_f015601,east,2,5,0,0,0,3,40,여,6;5;5;5;5;5;3;6,48,48120;48170;48860,,,,,
f_f015605,east,2,26,0,0,0,1,40,남,3;2;2;3;2;4;5;2,11,42830;26350;41170,,,,,
f_f015606,east,2,22,0,0,0,1,30,남,4;4;4;4;4;4;4;4,27,26350;31140;45140,,,,,
f_f015621,east,2,2,0,0,0,0,20,남,4;6;3;3;3;6;3;6,31,42130;31110;50110,,,,,
f_f015624,east,2,2,0,0,0,1,20,여,2;2;2;5;2;4;3;6,48,11110;26200;48240,,,,,
f_f015628,east,2,22,0,0,0,1,40,여,3;4;6;4;3;3;3;6,41,42770;42150;42110,,,,,
f_f015630,east,2,13,0,0,0,2,50,남,2;1;6;2;1;4;2;6,47,26710;27230;47130,,,,,
f_f015639,east,2,1,0,0,0,0,60,여,6;7;5;2;1;6;6;7,11,46150;26230;41360,,,,,
f_f015640,east,2,27,0,0,0,1,50,남,2;2;1;5;2;2;1;6,48,47170;48220;46110,,,,,
f_f015643,east,2,21,0,0,0,1,40,남,1;2;4;3;4;2;3;3,41,42150;46730;48220,,,,,
f_f015646,east,2,2,0,0,0,1,50,여,6;6;2;4;6;3;6;7,48,26710;42170;48240,,,,,
f_f015652,east,2,21,0,0,0,1,40,여,3;2;3;2;2;4;3;4,28,50130;28260;26500,,,,,
f_f015655,east,2,22,0,0,0,3,40,여,6;5;2;2;6;4;2;5,47,47130;26710;26350,,,,,
f_f015662,east,2,2,0,0,0,3,50,여,1;7;1;3;6;3;1;7,42,50110;42150;41460,,,,,
f_f015664,east,2,1,0,0,0,2,30,남,2;2;1;1;2;1;6;1,27,42210;47110;41820,,,,,
f_f015667,east,2,12,0,0,0,1,40,여,1;1;1;4;1;4;1;4,11,50110;26350;41360,,,,,
f_f015674,east,2,1,0,0,0,0,20,여,5;6;5;5;6;6;4;6,48,47130;27290;26500,,,,,
f_f015680,east,2,26,0,0,0,1,30,남,2;2;2;6;2;2;2;6,11,11170;42110;26500,,,,,
f_f015681,east,2,13,0,0,0,1,40,남,1;4;2;3;4;3;3;4,27,11560;26350;47110,,,,,
f_f015685,east,2,21,0,0,0,1,40,여,5;5;2;3;6;5;5;6,11,42720;42130;42110,,,,,
f_f015686,east,2,21,0,0,0,1,40,여,3;3;3;3;3;3;3;7,48,26500;47110;47130,,,,,
f_f015687,east,2,1,0,0,0,1,30,남,4;3;2;4;4;2;2;3,26,50110;11680;42150,,,,,
f_f015709,east,2,2,0,0,0,0,20,여,2;1;1;6;6;4;6;7,41,50130;41820;47130,,,,,
f_f015716,east,2,22,0,0,0,1,20,남,5;2;4;3;3;4;6;6,27,50130;26350;47130,,,,,
f_f015727,east,2,1,0,0,0,2,60,여,1;1;1;1;1;2;3;5,27,42210;41820;47130,,,,,
f_f015734,east,2,13,0,0,0,1,60,남,4;4;7;7;7;7;7;1,27,47210;48820;45130,,,,,
f_f015738,east,2,22,0,0,0,0,30,여,4;4;2;2;6;4;1;7,27,42150;47130;50110,,,,,
f_f015745,east,2,1,0,0,0,1,30,남,4;4;1;3;5;3;4;5,26,50130;50110;47130,,,,,
f_f015753,east,2,1,0,0,0,1,30,남,2;4;1;5;6;1;6;5,26,48220;50110;47130,,,,,
f_f015754,east,2,2,0,0,0,1,30,여,2;2;2;2;2;4;2;3,11,42150;42110;41360,,,,,
f_f015755,east,2,1,0,0,0,1,30,남,4;2;2;3;4;4;2;6,48,42150;26710;50110,,,,,
f_f015762,east,2,1,0,0,0,1,60,여,2;2;2;4;4;4;3;4,42,42210;46780;26350,,,,,
f_f015776,east,2,2,0,0,0,2,30,남,2;2;4;2;4;4;4;6,11,42210;26710;11110,,,,,
f_f015784,east,2,2,0,0,0,0,40,여,4;2;3;4;3;3;5;4,11,50110;42770;43150,,,,,
f_f015791,east,2,11,0,0,0,0,40,여,1;4;2;4;7;1;4;7,11,42830;41390;50130,,,,,
f_f015798,east,2,22,0,0,0,1,30,여,4;5;2;3;3;5;3;5,11,48310;42210;50130,,,,,
f_f015805,east,2,12,0,0,0,1,50,여,1;4;1;2;1;1;2;1,41,50130;42150;48220,,,,,
f_f015818,east,2,2,0,0,0,1,30,남,4;2;1;6;2;1;6;7,48,26500;11440;50130,,,,,
f_f015823,east,2,2,0,0,0,1,30,남,2;4;4;3;2;5;4;5,41,42110;41820;11680,,,,,
f_f015839,east,2,22,0,0,0,1,40,남,2;4;2;6;7;4;3;7,47,42150;50110;27110,,,,,
f_f015840,east,2,1,0,0,0,1,30,남,6;4;4;4;6;3;2;6,48,50130;26350;27230,,,,,
f_f015844,east,2,13,0,0,0,1,20,남,7;7;1;6;7;3;2;7,31,26710;50130;28720,,,,,
f_f015848,east,2,4,0,0,0,1,20,남,5;6;5;5;6;6;5;6,28,11110;28200;30230,,,,,
f_f015868,east,2,1,0,0,0,1,40,여,3;2;2;4;4;3;1;6,48,50130;26500;42770,,,,,
f_f015871,east,2,21,0,0,0,0,20,여,2;4;2;2;2;2;6;5,47,50110;11170;47130,,,,,
f_f015873,east,2,21,0,0,0,0,20,여,2;1;2;1;7;2;4;7,48,26350;48860;47130,,,,,
f_f015877,east,2,11,0,0,0,0,20,여,4;6;2;2;3;2;6;6,11,26290;50110;41830,,,,,
f_f015883,east,2,3,0,0,0,1,20,남,3;5;2;5;5;3;3;6,11,26350;42150;48220,,,,,
f_f015891,east,2,2,0,0,0,1,30,남,6;2;2;6;6;2;5;6,47,27170;26350;47130,,,,,
f_f015902,east,2,1,0,0,0,0,20,남,3;1;6;3;2;3;6;5,27,26500;11620;47840,,,,,
f_f015904,east,2,22,0,0,0,1,50,남,3;1;3;4;3;5;2;4,11,48310;50130;42150,,,,,
f_f015907,east,2,2,0,0,0,1,50,남,4;6;3;4;2;6;2;4,47,26350;42150;50110,,,,,
f_f015908,east,2,4,0,0,0,1,30,여,4;2;1;3;5;4;2;6,27,50130;31710;42210,,,,,
f_f015909,east,2,24,0,0,0,0,20,여,2;6;2;5;5;3;3;3,48,48120;26320;48330,,,,,
f_f015910,east,2,24,0,0,0,0,50,남,4;5;3;5;3;3;6;2,26,50130;11110;27110,,,,,
f_f015911,east,2,2,0,0,0,1,30,남,6;5;4;5;6;5;6;1,26,47130;50110;11440,,,,,
f_f015912,east,2,1,0,0,0,0,40,여,3;5;2;3;7;6;1;7,26,47130;48310;27710,,,,,
f_f015914,east,2,3,0,0,0,1,60,여,1;4;1;5;4;2;3;1,26,48310;47130;46150,,,,,
f_f015915,east,2,22,0,0,0,1,40,여,2;2;2;2;2;6;2;5,48,48250;26500;48880,,,,,
f_f015921,east,2,11,0,0,0,2,50,남,2;3;2;3;5;2;5;2,47,48310;47720;31140,,,,,
f_f015924,east,2,1,0,0,0,0,20,여,7;7;7;4;1;7;2;4,47,26350;26230;27110,,,,,
f_f015925,east,2,13,0,0,0,0,20,남,4;2;2;6;3;2;6;4,11,42210;42150;45110,,,,,
f_f015928,east,2,1,0,0,0,0,30,여,7;2;5;3;5;2;1;5,46,11140;26500;29170,,,,,
f_f015930,east,2,3,0,0,0,1,20,여,4;3;3;4;3;5;5;5,26,47130;27110;47110,,,,,
f_f015934,east,2,3,0,0,0,1,20,여,1;1;1;5;3;4;1;5,48,26530;50130;11440,,,,,
f_f015936,east,2,2,0,0,0,1,30,남,2;2;3;3;4;4;4;6,27,26350;50110;42150,,,,,
f_f015938,east,2,1,0,0,0,0,20,남,7;1;5;2;2;4;2;4,27,26110;26350;47130,,,,,
f_f015939,east,2,2,0,0,0,1,30,여,2;3;3;4;3;3;3;3,48,26710;28110;48250,,,,,
f_f015941,east,2,1,0,0,0,1,20,여,1;1;1;4;1;1;4;6,26,48310;47130;31170,,,,,
f_f015944,east,2,1,0,0,0,4,40,여,6;6;6;3;3;6;4;3,48,48120;27290;48250,,,,,
f_f015951,east,2,22,0,0,0,0,20,남,6;4;6;2;6;2;1;6,27,11170;47190;47110,,,,,
f_f015952,east,2,1,0,0,0,2,20,여,3;1;1;4;3;3;1;6,31,42150;26350;47130,,,,,
f_f015956,east,2,1,0,0,0,1,30,남,4;5;4;3;3;4;2;6,31,26230;50130;11680,,,,,
f_f015957,east,2,1,0,0,0,1,20,남,4;2;3;5;5;4;6;3,31,26500;26710;26350,,,,,
f_f015971,east,2,1,0,0,0,3,50,남,4;4;4;3;4;4;4;4,48,26710;26350;26230,,,,,
f_f015972,east,2,11,0,0,0,0,30,여,2;1;2;4;1;1;2;2,27,26200;11680;50130,,,,,
f_f015974,east,2,1,0,0,0,0,40,여,2;5;6;2;2;5;2;6,47,47250;47190;47280,,,,,
f_f015991,east,2,1,0,0,0,1,30,여,7;1;1;1;1;4;1;7,28,50130;50110;26350,,,,,
f_f016005,east,2,12,0,0,0,3,20,여,2;1;3;2;2;2;2;7,26,47130;50110;45110,,,,,
f_f016007,east,2,1,0,0,0,3,30,여,1;4;2;7;4;7;4;7,27,50130;46130;47940,,,,,
f_f016009,east,2,2,0,0,0,1,40,남,7;7;7;4;4;6;6;2,41,42150;47110;50110,,,,,
f_f016021,east,2,2,0,0,0,9,20,여,3;3;3;4;3;2;3;6,11,50130;26710;42170,,,,,
f_f016024,east,2,21,0,0,0,1,30,남,2;2;3;2;2;4;3;3,26,50110;50130;46130,,,,,
f_f016027,east,2,1,0,0,0,1,40,여,4;4;4;4;4;4;4;4,41,11110;41820;42110,,,,,
f_f016032,east,2,21,0,0,0,1,30,남,5;3;3;3;2;3;3;5,27,11440;26230;50130,,,,,
f_f016035,east,2,5,0,0,0,5,40,남,1;7;4;5;4;3;5;7,28,28720;28110;41480,,,,,
f_f016038,east,2,1,0,0,0,3,30,여,4;1;6;2;2;4;1;6,48,47130;48310;26350,,,,,
f_f016039,east,2,3,0,0,0,3,50,남,3;5;5;4;6;5;2;4,47,47130;47230;31170,,,,,
f_f016040,east,2,4,0,0,0,1,20,여,1;4;5;3;3;4;1;7,28,26500;42210;42150,,,,,
f_f016041,east,2,24,0,0,0,1,30,남,1;3;1;6;7;2;7;3,11,42830;47130;50110,,,,,
f_f016053,east,2,1,0,0,0,1,40,여,1;1;1;1;1;2;5;2,41,50130;42170;48840,,,,,
f_f016062,east,2,2,0,0,0,1,30,여,5;5;5;7;6;6;1;5,47,47130;47110;26500,,,,,
f_f016092,east,2,22,0,0,0,1,40,남,2;5;2;1;2;4;2;6,41,41830;42210;26500,,,,,
f_f016097,east,2,13,0,0,0,1,20,여,1;4;1;3;1;2;3;7,26,26350;48250;48330,,,,,
f_f016099,east,2,1,0,0,0,1,20,여,3;3;5;3;3;3;5;5,47,27110;26350;47110,,,,,
f_f016106,east,2,22,0,0,0,1,20,여,1;1;1;1;1;7;7;7,41,42150;11710;50110,,,,,
f_f016115,east,2,2,0,0,0,1,30,여,5;4;3;2;4;3;5;6,48,26500;26710;50130,,,,,
f_f016120,east,2,1,0,0,0,2,30,여,4;2;3;1;1;6;2;7,27,26350;47130;50110,,,,,
f_f016323,east,2,2,0,0,0,1,30,여,3;3;4;2;2;4;3;4,41,50110;26350;41820,,,,,
f_f016331,east,2,2,0,0,0,2,60,남,5;7;4;4;3;4;3;6,47,48250;26110;47130,,,,,
f_f016334,east,2,12,0,0,0,1,20,남,4;2;2;2;2;5;5;5,26,50130;26710;48250,,,,,
f_f016335,east,2,1,0,0,0,1,20,여,3;5;2;5;5;2;7;6,48,50130;26350;48840,,,,,
f_f016336,east,2,12,0,0,0,2,50,여,3;4;2;4;6;2;2;5,31,47130;26350;26710,,,,,
f_f016337,east,2,1,0,0,0,0,30,여,3;2;3;3;5;5;3;3,11,11710;42210;26350,,,,,
f_f016338,east,2,2,0,0,0,3,40,여,4;4;3;4;6;7;7;7,26,48840;31140;47230,,,,,
f_f016339,east,2,2,0,0,0,0,30,남,2;1;1;5;4;2;3;6,48,50110;11680;42150,,,,,
f_f016340,east,2,2,0,0,0,1,20,여,2;2;2;6;2;2;3;6,26,47130;26350;26500,,,,,
f_f016341,east,2,1,0,0,0,0,20,여,2;2;6;4;2;6;3;7,47,42150;42170;27710,,,,,
f_f016342,east,2,27,0,0,0,1,20,남,4;4;2;4;4;3;3;5,41,42110;46130;47130,,,,,
f_f016343,east,2,5,0,0,0,2,20,여,2;1;1;6;6;6;2;7,11,26710;42830;28710,,,,,
f_f016344,east,2,2,0,0,0,1,30,남,5;3;5;4;2;2;2;3,27,27140;47110;47130,,,,,
f_f016347,east,2,1,0,0,0,0,40,여,2;3;1;4;6;1;7;1,27,47130;47830;47720,,,,,
f_f016348,east,2,1,0,0,0,0,30,남,6;5;6;6;5;7;7;4,47,26500;27260;27140,,,,,
f_f016355,east,2,1,0,0,0,0,20,여,6;3;6;6;3;6;3;4,11,42130;42150;42110,,,,,
f_f016376,east,2,22,0,0,0,3,40,남,1;1;1;1;1;7;7;1,27,27260;47290;47230,,,,,
f_f016381,east,2,22,0,0,0,1,20,여,2;1;2;1;1;1;3;6,27,42150;50130;11440,,,,,
f_f016389,east,2,22,0,0,0,0,20,남,5;3;2;4;6;2;6;6,11,42150;26110;11440,,,,,
f_f016390,east,2,2,0,0,0,1,20,여,2;4;6;5;3;6;6;3,26,50130;42210;11680,,,,,
f_f016393,east,2,22,0,0,0,1,40,여,1;1;1;5;5;6;4;6,27,48840;48240;30200,,,,,
f_f016398,east,2,22,0,0,0,3,40,남,1;4;3;3;5;4;3;6,26,48330;48270;47130,,,,,
f_f016399,east,2,1,0,0,0,1,30,여,4;6;6;2;2;6;2;7,26,26230;11440;11170,,,,,
f_f016412,east,2,1,0,0,0,0,30,여,2;2;2;2;3;2;6;5,41,42170;45110;50130,,,,,
f_f016414,east,2,5,0,0,0,1,20,여,5;2;3;3;2;4;2;5,26,50130;26500;27260,,,,,
f_f016415,east,2,3,0,0,0,2,40,남,1;4;7;3;4;1;7;5,11,42210;42760;41450,,,,,
f_f016417,east,2,1,0,0,0,1,60,여,2;6;4;3;2;4;4;2,31,48270;47130;27140,,,,,
f_f016420,east,2,22,0,0,0,1,30,여,2;6;2;4;3;3;5;4,26,50110;48310;26710,,,,,
f_f016422,east,2,22,0,0,0,5,30,남,4;2;4;5;5;4;2;5,47,50110;11680;26230,,,,,
f_f016424,east,2,22,0,0,0,0,30,여,5;2;2;1;4;2;6;6,27,11170;26350;47130,,,,,
f_f016428,east,2,1,0,0,0,0,20,여,5;3;3;3;5;5;3;5,47,26350;11680;27290,,,,,
f_f016429,east,2,2,0,0,0,1,20,여,2;2;3;2;4;6;2;7,11,50130;50110;42150,,,,,
f_f016432,east,2,1,0,0,0,1,40,남,4;2;3;6;6;2;1;7,11,42210;42110;50130,,,,,
f_f016444,east,2,22,0,0,0,2,40,여,3;1;1;2;1;6;1;6,26,11680;50130;42170,,,,,
f_f016446,east,2,2,0,0,0,0,30,여,6;2;4;4;2;3;2;6,11,42210;11170;41290,,,,,
f_f016448,east,2,3,0,0,0,0,40,여,4;4;4;5;3;4;5;3,26,48310;31170;48330,,,,,
f_f016454,east,2,1,0,0,0,1,30,남,4;1;1;1;4;1;1;1,26,50110;42830;26710,,,,,
f_f016462,east,2,11,0,0,0,3,40,여,4;4;3;3;4;3;4;5,11,26410;41820;42210,,,,,
f_f016472,east,2,22,0,0,0,3,40,남,2;4;3;3;5;5;6;6,27,50130;26350;47110,,,,,
f_f016478,east,2,1,0,0,0,1,60,여,1;1;3;4;2;5;7;7,36,41820;41830;27110,,,,,
f_f016482,east,2,21,0,0,0,1,20,여,2;2;2;2;2;4;5;6,26,27290;48840;46130,,,,,
f_f016483,east,2,1,0,0,0,1,20,여,4;1;1;1;1;7;3;7,26,50130;27260;11440,,,,,
f_f016488,east,2,1,0,0,0,1,20,여,4;3;4;2;2;4;5;6,48,26500;26230;47130,,,,,
f_f016490,east,2,1,0,0,0,1,30,여,1;1;7;2;1;6;6;7,31,42210;42150;50130,,,,,
f_f016499,east,2,1,0,0,0,1,20,남,2;2;3;3;4;3;1;4,47,50110;42170;11110,,,,,
f_f016500,east,2,27,0,0,0,3,40,남,2;1;4;5;5;3;6;5,11,42760;42150;50110,,,,,
f_f016502,east,2,11,0,0,0,1,40,남,2;5;1;1;1;1;4;1,41,42820;41820;48120,,,,,
f_f016504,east,2,1,0,0,0,0,20,여,6;2;4;1;4;6;6;5,26,26350;11650;11710,,,,,
f_f016507,east,2,2,0,0,0,1,30,여,4;4;1;3;3;4;6;6,41,42210;26350;50130,,,,,
f_f016510,east,2,1,0,0,0,1,20,여,6;2;2;4;7;6;2;7,26,50110;47130;26350,,,,,
f_f016512,east,2,28,0,0,0,3,40,남,7;4;4;4;4;4;4;4,11,42150;42720;41650,,,,,
f_f016518,east,2,21,0,0,0,1,40,여,2;6;1;3;6;6;1;6,47,47130;27260;31140,,,,,
f_f016519,east,2,21,0,0,0,0,40,여,3;1;1;3;2;3;5;6,30,48840;42210;45730,,,,,
f_f016521,east,2,1,0,0,0,2,30,여,3;2;2;1;1;6;2;7,48,48310;50130;26710,,,,,
f_f016524,east,2,1,0,0,0,1,20,남,4;5;4;3;4;5;4;5,26,26500;31200;26530,,,,,
f_f016529,east,2,1,0,0,0,4,50,여,4;2;2;6;5;6;3;6,11,42210;26350;50130,,,,,
f_f016530,east,2,11,0,0,0,3,50,여,2;1;2;2;4;4;3;6,48,50130;42230;42110,,,,,
f_f016531,east,2,28,0,0,0,1,20,여,4;1;1;4;2;6;1;7,26,50110;47110;48840,,,,,
f_f016533,east,2,2,0,0,0,2,50,남,2;2;4;1;1;5;3;4,26,47130;48310;11680,,,,,
f_f016548,east,2,3,0,0,0,1,20,여,3;2;4;4;3;4;5;7,41,50110;42150;42210,,,,,
f_f016549,east,2,25,0,0,0,3,30,남,2;4;1;4;4;2;4;5,11,11305;26200;47110,,,,,
f_f016559,east,2,2,0,0,0,1,40,남,2;5;6;7;4;4;2;4,26,26710;50130;31710,,,,,
f_f016560,east,2,4,0,0,0,1,60,여,4;4;4;5;5;3;3;3,47,47110;47230;27290,,,,,
f_f016562,east,2,2,0,0,0,1,30,남,7;1;1;1;7;7;6;2,41,41830;42210;26350,,,,,
f_f016567,east,2,1,0,0,0,3,20,남,4;4;1;2;2;6;2;7,27,26530;47110;11110,,,,,
f_f016568,east,2,1,0,0,0,1,30,남,3;4;3;2;3;4;4;2,47,47230;47130;47820,,,,,
f_f016572,east,2,1,0,0,0,1,20,남,4;4;4;4;4;4;5;3,48,48120;26470;11680,,,,,
f_f016576,east,2,2,0,0,0,2,50,남,2;1;2;2;3;3;2;7,42,42110;42210;50110,,,,,
f_f016583,east,2,1,0,0,0,1,30,여,4;1;1;1;7;1;1;7,47,50130;11110;42150,,,,,
f_f016586,east,2,3,0,0,0,1,40,여,1;7;1;7;1;1;1;1,27,47730;48270;46110,,,,,
f_f016590,east,2,1,0,0,0,0,20,여,7;1;1;3;4;4;1;4,47,11140;26350;11680,,,,,
f_f016596,east,2,1,0,0,0,0,20,여,4;1;5;1;5;3;5;3,29,11170;26350;50110,,,,,
f_f016598,east,2,3,0,0,0,1,40,여,1;4;4;2;2;4;3;7,11,48890;48720;47230,,,,,
f_f016601,east,2,2,0,0,0,1,30,여,3;6;4;2;5;5;5;7,26,48250;48330;46130,,,,,
f_f016607,east,2,1,0,0,0,0,20,여,4;2;3;6;3;4;6;6,47,11170;26500;27110,,,,,
f_f016611,east,2,25,0,0,0,1,20,남,2;6;2;2;1;2;2;7,41,42150;41670;41450,,,,,
f_f016612,east,2,1,0,0,0,1,40,여,5;5;2;2;6;7;1;7,31,26230;50110;47130,,,,,
f_f016622,east,2,1,0,0,0,1,20,남,6;6;5;3;5;6;5;5,31,26350;50110;31140,,,,,
f_f016624,east,2,1,0,0,0,0,40,남,3;6;2;4;6;2;7;1,26,47130;50130;48310,,,,,
f_f016628,east,2,4,0,0,0,0,30,여,1;4;1;4;4;2;2;7,11,43800;50110;47110,,,,,
f_f016632,east,2,3,0,0,0,0,20,여,2;3;6;2;5;2;6;2,48,50110;47110;48310,,,,,
f_f016635,east,2,12,0,0,0,0,20,남,4;1;1;3;4;4;2;5,42,50130;47940;26500,,,,,
f_f016639,east,2,22,0,0,0,1,20,여,6;2;2;4;3;6;2;6,48,11680;26350;50110,,,,,
f_f016650,east,2,21,0,0,0,3,60,남,1;1;4;3;1;2;1;5,11,48220;44180;50130,,,,,
f_f016654,east,2,1,0,0,0,1,20,여,2;1;1;4;5;6;2;7,48,50130;47130;45110,,,,,
f_f016655,east,2,11,0,0,0,0,50,여,7;4;7;4;4;5;4;4,26,47110;48310;46130,,,,,
f_f016656,east,2,1,0,0,0,1,20,여,4;2;2;5;5;5;2;6,48,48240;26230;48860,,,,,
f_f016664,east,2,27,0,0,0,3,40,남,1;4;2;3;2;6;2;3,27,47110;31140;11230,,,,,
f_f016665,east,2,1,0,0,0,0,40,여,4;3;3;4;4;5;5;4,27,47130;47820;11215,,,,,
f_f016671,east,2,2,0,0,0,0,40,남,2;3;1;3;6;4;4;3,27,47130;47110;46230,,,,,
f_f016676,east,2,1,0,0,0,1,20,남,1;7;1;1;7;1;1;7,26,48250;26320;48330,,,,,
f_f016679,east,2,3,0,0,0,1,20,여,1;1;1;1;1;1;6;6,27,26350;11230;45130,,,,,
f_f016683,east,2,21,0,0,0,0,20,여,2;2;2;2;2;2;7;7,27,50110;48860;47130,,,,,
f_f016684,east,2,10,0,0,0,0,40,여,1;4;2;2;1;4;4;4,26,42150;50110;47130,,,,,
f_f016686,east,2,22,0,0,0,1,30,남,5;6;2;3;3;6;5;6,42,41670;43150;42110,,,,,
f_f016689,east,2,21,0,0,0,2,30,여,4;6;5;2;3;6;6;7,26,47110;47130;48310,,,,,
f_f016700,east,2,6,0,0,0,1,60,남,3;5;5;3;3;5;3;3,48,26500;26350;48220,,,,,
f_f016703,east,2,2,0,0,0,3,40,여,2;3;2;2;6;5;2;6,41,42210;28110;50110,,,,,
f_f016705,east,2,1,0,0,0,2,20,여,5;3;3;3;5;5;6;6,27,47720;47110;48220,,,,,
f_f016718,east,2,1,0,0,0,2,20,여,4;4;5;2;2;2;2;6,43,42130;42750;42210,,,,,
f_f016722,east,2,6,0,0,0,3,50,남,4;4;3;2;4;4;4;5,41,41830;42210;43110,,,,,
f_f016724,east,2,11,0,0,0,1,20,여,3;1;1;5;6;6;3;7,41,41360;46110;50110,,,,,
f_f016725,east,2,1,0,0,0,1,20,여,2;2;2;3;6;1;2;7,27,50130;42150;44760,,,,,
f_f016727,east,2,22,0,0,0,0,20,남,1;1;4;7;7;4;7;5,26,26710;47130;26380,,,,,
f_f016733,east,2,1,0,0,0,0,20,여,6;5;2;3;5;5;1;7,47,27110;30140;26350,,,,,
f_f016740,east,2,11,0,0,0,2,20,남,7;7;6;3;4;6;2;3,41,42150;42830;42130,,,,,
f_f016741,east,2,21,0,0,0,1,60,여,2;3;3;2;2;4;2;4,41,42210;41270;44210,,,,,
f_f016765,east,2,1,0,0,0,0,20,여,5;6;5;3;6;3;2;6,47,27110;11560;26350,,,,,
f_f016766,east,2,3,0,0,0,0,30,여,2;2;2;3;2;3;3;4,11,50110;50130;26350,,,,,
f_f016772,east,2,22,0,0,0,4,40,여,2;2;1;3;6;4;2;6,48,11230;26350;48740,,,,,
f_f016773,east,2,1,0,0,0,1,20,여,5;3;4;5;5;5;5;3,48,26500;27200;11110,,,,,
f_f016775,east,2,2,0,0,0,2,30,여,5;5;5;5;3;6;2;6,47,26350;47130;47850,,,,,
f_f016784,east,2,22,0,0,0,3,40,여,2;4;5;5;6;2;1;3,31,42210;50130;48220,,,,,
f_f016785,east,2,21,0,0,0,1,20,남,5;2;1;4;5;2;3;5,26,11170;27260;50110,,,,,
f_f016787,east,2,1,0,0,0,0,40,남,3;4;7;2;2;3;5;5,26,47130;26350;48310,,,,,
f_f016789,east,2,22,0,0,0,1,20,여,1;1;1;7;7;1;3;3,11,42830;26290;42130,,,,,
f_f016792,east,2,3,0,0,0,0,40,남,2;3;3;3;3;4;3;4,11,42830;42760;42820,,,,,
f_f016795,east,2,1,0,0,0,1,20,여,3;2;3;4;5;6;7;4,47,46130;47130;26350,,,,,
f_f016805,east,2,12,0,0,0,1,20,남,3;2;3;2;5;3;2;4,27,26500;47130;47110,,,,,
f_f016807,east,2,1,0,0,0,1,40,남,1;4;4;4;4;4;4;4,41,41650;42720;44825,,,,,
f_f016808,east,2,1,0,0,0,2,40,남,2;2;1;6;2;5;3;7,48,50130;42150;26710,,,,,
f_f016809,east,2,1,0,0,0,1,30,남,4;4;4;3;3;5;4;4,41,42720;41820;44180,,,,,
f_f016814,east,2,22,0,0,0,1,40,남,6;6;2;1;6;6;6;6,31,41460;48840;11230,,,,,
f_f016816,east,2,12,0,0,0,0,40,여,1;2;2;2;2;4;2;7,43,42770;42170;50130,,,,,
f_f016819,east,2,3,0,0,0,2,20,여,3;4;2;2;4;5;6;6,26,48330;26410;47130,,,,,
g_g001687,east,3,6,0,0,0,0,20,여,6;2;1;2;6;2;6;5,41,42210;26530;50110,,,,,
g_g001917,east,3,22,0,0,0,8,20,여,2;2;1;3;4;3;7;7,47,26350;47110;11230,,,,,
g_g007350,east,2,2,0,0,0,1,50,여,1;1;1;5;2;2;2;7,11,42170;45110;41270,,,,,
g_g007968,east,2,1,0,0,0,0,20,여,4;4;1;3;7;1;5;6,26,11440;48250;27290,,,,,
g_g009803,east,2,1,0,0,0,0,20,여,7;1;1;1;1;1;1;1,31,26350;11410;30110,,,,,
e_e000929,east,3,1,0,0,0,2,30,여,2;6;2;3;7;2;2;6,11,11710;27260;41360,,,,,
f_f000308,east,3,21,0,0,0,4,40,남,1;1;1;1;1;1;7;5,41,42820;44180;28710,,,,,
f_f000552,east,2,1,0,0,0,3,40,남,4;2;5;2;5;2;2;6,46,50130;42770;45110,,,,,
f_f000564,east,3,1,0,0,0,1,40,남,4;4;4;4;4;4;4;4,41,42150;41460;50110,,,,,
f_f000632,east,3,1,0,0,0,11,40,여,2;5;2;3;6;3;6;4,11,11140;41280;42820,,,,,
f_f000637,east,3,1,0,0,0,1,20,남,1;2;2;5;3;2;6;6,11,50110;42150;45130,,,,,
f_f000666,east,2,21,0,0,0,0,20,여,2;4;4;4;3;3;4;5,28,42150;42170;47210,,,,,
f_f000718,east,3,22,0,0,0,3,50,여,1;1;2;4;1;7;2;6,11,42820;41570;41360,,,,,
f_f000752,east,3,1,0,0,0,11,50,남,4;2;3;3;3;5;5;2,48,50110;47130;45110,,,,,
f_f000765,east,3,2,0,0,0,4,50,여,4;3;2;4;1;2;4;5,11,42210;50130;41820,,,,,
f_f000891,east,3,2,0,0,0,1,20,남,6;2;6;3;4;6;2;3,48,26230;27110;48250,,,,,
f_f000899,east,3,12,0,0,0,0,30,여,2;3;1;5;5;4;2;2,27,42150;47130;50110,,,,,
f_f000901,east,3,9,0,0,0,1,30,여,2;4;2;4;2;2;4;3,41,50130;42770;50110,,,,,
f_f001001,east,3,6,0,0,0,4,50,여,2;2;6;6;6;6;6;4,41,42150;28720;47210,,,,,
f_f001066,east,3,6,0,0,0,2,40,여,1;2;1;4;6;5;1;6,11,41800;28720;42210,,,,,
f_f001068,east,3,10,0,0,0,3,50,여,5;4;2;5;4;3;5;5,11,42830;11110;42210,,,,,
f_f001080,east,2,1,0,0,0,3,30,남,7;7;4;4;3;5;3;4,48,48120;26350;48310,,,,,
f_f001150,east,3,22,0,0,0,1,30,남,4;5;2;5;4;2;1;6,29,46130;46710;45110,,,,,
f_f001153,east,3,22,0,0,0,1,20,남,2;1;3;3;3;2;7;4,27,47130;46130;11215,,,,,
f_f001262,east,2,1,0,0,0,0,30,남,2;4;2;3;6;4;5;5,48,50130;42170;48170,,,,,
f_f001368,east,3,22,0,0,0,1,20,남,2;1;2;6;6;3;6;5,11,26500;50130;42150,,,,,
f_f001399,east,3,2,0,0,0,3,30,남,5;3;2;2;5;5;2;4,26,47130;48310;31170,,,,,
f_f001457,east,3,23,0,0,0,2,40,여,5;5;4;3;3;6;2;5,11,42760;26350;41570,,,,,
f_f001500,east,2,1,0,0,0,1,40,남,2;2;2;2;4;3;3;4,31,31140;26350;47130,,,,,
f_f001541,east,2,2,0,0,0,1,30,여,5;4;3;6;6;5;5;4,26,26350;46150;42150,,,,,
f_f001554,east,3,12,0,0,0,1,40,남,1;1;1;4;1;6;7;7,41,42210;26500;30200,,,,,
f_f001555,east,3,2,0,0,0,0,30,여,4;4;3;3;3;5;3;4,41,41110;26350;50110,,,,,
f_f001572,east,2,22,0,0,0,4,40,남,1;7;7;4;7;1;7;5,41,42760;41500;41360,,,,,
f_f001580,east,3,10,0,0,0,1,30,여,2;1;1;3;4;2;1;7,28,50110;42110;26350,,,,,
f_f001587,east,3,22,0,0,0,1,40,남,2;2;2;3;4;4;4;5,31,26230;47760;47130,,,,,
f_f001607,east,3,1,0,0,0,1,40,남,7;1;4;1;1;1;7;1,41,42210;42230;50130,,,,,
f_f001611,east,3,1,0,0,0,1,30,남,1;1;1;4;2;2;7;5,11,46130;42150;26350,,,,,
f_f001699,east,3,3,0,0,0,0,40,여,1;1;1;4;1;2;5;4,44,50110;46130;48840,,,,,
f_f001717,east,2,1,0,0,0,0,40,여,4;4;4;1;1;4;3;6,31,26710;48330;47130,,,,,
f_f001743,east,3,21,0,0,0,2,30,남,5;1;2;2;6;4;7;5,42,50130;50110;11620,,,,,
f_f001777,east,2,1,0,0,0,1,40,남,4;6;2;3;1;6;2;6,48,26710;48310;27110,,,,,
f_f001793,east,2,22,0,0,0,1,20,여,4;6;6;3;2;5;7;5,48,26710;47130;26500,,,,,
f_f001845,east,3,2,0,0,0,3,40,남,7;2;2;6;7;4;2;5,36,48740;45730;45110,,,,,
f_f001857,east,2,21,0,0,0,1,60,여,2;4;3;3;2;4;5;5,41,50130;47210;42210,,,,,
f_f001877,east,2,3,0,0,0,0,50,여,2;1;2;3;2;2;6;2,41,44210;46730;50130,,,,,
f_f001934,east,2,1,0,0,0,1,60,남,4;3;5;3;4;5;6;4,47,47920;47130;27230,,,,,
f_f001965,east,3,12,0,0,0,1,40,남,2;2;2;6;4;2;4;6,45,47130;45140;46130,,,,,
f_f001978,east,3,11,0,0,0,2,30,여,3;3;3;3;5;3;5;7,27,48310;47110;26350,,,,,
f_f002064,east,2,10,0,0,0,0,40,여,1;3;3;3;5;2;5;2,27,42150;48310;44180,,,,,
f_f002065,east,3,1,0,0,0,5,20,여,1;1;1;1;1;1;1;7,41,50130;26500;27260,,,,,
f_f002433,east,2,21,0,0,0,1,50,여,1;7;3;4;2;6;1;6,11,42210;41360;28710,,,,,
f_f002460,east,2,21,0,0,0,1,20,여,1;1;1;5;6;7;1;6,41,50130;26350;42170,,,,,
f_f002471,east,3,22,0,0,0,3,30,여,1;1;1;4;4;5;6;6,44,46730;42230;50130,,,,,
f_f002477,east,3,4,0,0,0,0,30,여,2;2;2;4;4;4;4;4,11,50110;42150;26230,,,,,
f_f002524,east,2,1,0,0,0,0,20,여,5;5;4;3;3;5;2;5,48,26350;26530;11680,,,,,
f_f002528,east,3,23,0,0,0,1,20,남,2;6;3;5;3;2;6;5,41,41480;42760;50110,,,,,
f_f002533,east,3,22,0,0,0,2,20,여,3;4;3;3;5;2;3;6,27,50110;47130;26350,,,,,
f_f002555,east,2,10,0,0,0,1,40,남,1;7;1;4;1;1;7;7,31,26260;48890;47130,,,,,
f_f002572,east,3,22,0,0,0,1,30,남,4;2;2;2;5;4;6;6,41,50130;50110;26350,,,,,
f_f002594,east,3,21,0,0,0,0,20,여,6;2;4;2;3;4;5;3,41,46130;47130;45110,,,,,
f_f002608,east,3,22,0,0,0,3,20,여,2;1;2;5;6;3;7;5,48,50130;42210;26710,,,,,
f_f002631,east,3,1,0,0,0,3,60,남,1;5;4;2;1;1;6;5,41,41460;41370;41220,,,,,
f_f002657,east,2,22,0,0,0,1,20,여,1;1;1;2;6;5;2;7,27,27110;47130;47110,,,,,
f_f002689,east,3,1,0,0,0,1,60,남,1;3;6;6;5;4;5;5,43,26350;48250;48330,,,,,
f_f002694,east,3,21,0,0,0,0,20,여,4;1;1;2;5;3;3;6,26,48310;50110;50130,,,,,
f_f002707,east,2,3,0,0,0,1,60,여,1;1;4;4;1;6;3;5,11,50130;26710;47130,,,,,
f_f002760,east,3,2,0,0,0,1,20,남,1;2;1;4;4;4;7;7,11,42820;50130;42830,,,,,
f_f002849,east,3,25,0,0,0,2,40,남,1;1;4;2;4;4;3;6,28,42210;42830;41820,,,,,
f_f002856,east,2,21,0,0,0,1,40,여,1;6;1;1;1;1;6;1,11,42150;41460;43130,,,,,
f_f002972,east,2,3,0,0,0,1,40,남,1;4;6;5;4;5;5;5,27,47280;47110;50130,,,,,
f_f003357,east,2,1,0,0,0,1,40,남,6;5;2;4;5;4;5;6,27,47290;47850;26140,,,,,
f_f003426,east,2,4,0,0,0,0,20,여,4;1;1;1;4;1;2;7,47,11680;26230;42150,,,,,
f_f003470,east,2,22,0,0,0,1,30,남,1;6;1;4;4;3;4;4,11,42150;41800;44180,,,,,
f_f003549,east,2,1,0,0,0,0,40,여,2;4;6;5;2;3;6;1,11,50110;11410;42110,,,,,
f_f003580,east,2,22,0,0,0,0,30,여,2;4;2;5;3;6;3;7,42,42150;41450;42110,,,,,
f_f003583,east,2,21,0,0,0,0,30,여,2;5;2;4;2;3;2;2,42,26350;11140;42150,,,,,
f_f003596,east,2,11,0,0,0,4,60,여,2;3;4;3;4;4;4;5,26,47130;47170;31710,,,,,
f_f003602,east,2,1,0,0,0,1,20,여,4;6;2;6;6;2;6;6,47,50110;11140;42150,,,,,
f_f003615,east,2,22,0,0,0,0,20,여,2;6;2;2;3;5;5;5,27,26350;47130;47110,,,,,
f_f003618,east,2,22,0,0,0,1,40,여,1;4;1;3;7;4;4;7,27,26710;48220;26350,,,,,
f_f003646,east,2,2,0,0,0,1,30,여,2;4;3;3;3;3;3;4,26,26350;47130;11440,,,,,
f_f003661,east,2,2,0,0,0,3,50,남,2;6;6;2;6;6;2;6,27,47820;41590;47730,,,,,
f_f003703,east,2,1,0,0,0,0,20,여,5;3;3;2;2;2;2;7,47,11110;27110;26350,,,,,
f_f003737,east,2,1,0,0,0,1,40,여,4;2;2;3;3;2;5;5,31,27260;30200;46170,,,,,
f_f003751,east,2,1,0,0,0,0,30,남,5;3;5;4;4;5;2;4,47,27230;11680;47130,,,,,
f_f003782,east,2,1,0,0,0,1,20,여,7;3;7;5;1;5;7;1,47,26350;47130;47110,,,,,
f_f003832,east,2,1,0,0,0,0,20,여,7;7;1;4;6;4;5;7,48,50110;11680;42150,,,,,
f_f003871,east,2,21,0,0,0,1,20,여,1;2;1;3;1;1;5;5,11,50130;50110;26350,,,,,
f_f003874,east,2,21,0,0,0,1,40,여,4;4;2;2;4;6;3;6,48,26350;50110;27110,,,,,
f_f003908,east,2,1,0,0,0,1,30,남,2;6;3;5;5;4;6;5,27,50110;26350;47110,,,,,
f_f003934,east,2,1,0,0,0,1,30,남,6;2;6;1;5;3;2;4,47,11200;26710;47130,,,,,
f_f004164,east,3,1,0,0,0,1,20,남,3;3;2;1;4;5;5;3,41,41820;11680;42150,,,,,
f_f004169,east,2,2,0,0,0,1,20,여,3;6;3;3;4;5;2;5,41,42150;26140;50130,,,,,
f_f004174,east,3,11,0,0,0,1,30,남,2;5;2;1;1;2;7;2,41,42810;47130;26350,,,,,
f_f004217,east,2,2,0,0,0,1,20,여,4;4;2;6;5;4;2;7,26,47130;26710;26350,,,,,
f_f004284,east,3,2,0,0,0,3,30,여,4;6;1;4;2;1;7;7,41,42210;50130;28185,,,,,
f_f004421,east,3,21,0,0,0,1,40,여,4;4;4;4;4;4;4;4,11,42150;26500;46130,,,,,
f_f004430,east,2,2,0,0,0,3,50,남,4;1;1;4;4;1;4;7,26,47110;47130;50110,,,,,
f_f004453,east,2,1,0,0,0,1,20,여,2;2;2;4;3;3;1;6,27,50130;46130;42830,,,,,
f_f004538,east,2,21,0,0,0,1,60,여,7;1;1;7;7;6;7;7,48,11680;42760;41110,,,,,
f_f004593,east,3,21,0,0,0,2,40,여,2;4;2;4;6;4;2;6,11,42760;28710;41830,,,,,
f_f004607,east,3,2,0,0,0,1,20,여,7;1;1;6;7;7;7;6,11,50110;26350;41820,,,,,
f_f004719,east,3,2,0,0,0,1,30,여,3;2;3;2;5;5;5;6,31,50130;47130;42150,,,,,
f_f004746,east,3,22,0,0,0,1,30,남,4;2;4;4;4;6;4;5,47,47130;48220;27230,,,,,
f_f004808,east,3,22,0,0,0,2,20,남,2;2;3;5;5;5;6;6,41,42150;11680;28710,,,,,
f_f004843,east,3,1,0,0,0,2,40,남,7;1;1;1;7;4;7;7,28,50110;26500;42830,,,,,
f_f004846,east,2,2,0,0,0,1,20,남,6;5;5;4;2;6;2;5,26,48310;46130;26350,,,,,
f_f004910,east,3,2,0,0,0,1,20,여,3;2;2;4;4;4;2;7,31,47130;26350;27260,,,,,
f_f004950,east,3,1,0,0,0,1,40,남,2;2;2;4;6;5;1;6,41,42830;26710;46150,,,,,
f_f004955,east,3,23,0,0,0,1,20,여,2;2;4;1;2;6;2;6,27,26500;50110;48310,,,,,
f_f004987,east,3,1,0,0,0,2,30,남,6;2;4;3;2;2;6;3,47,26500;27110;11500,,,,,
f_f004996,east,3,4,0,0,0,0,30,여,6;2;3;3;3;5;3;5,41,11560;26350;50130,,,,,
f_f005023,east,2,21,0,0,0,3,40,여,3;2;5;2;2;5;5;5,11,42210;50130;26200,,,,,
f_f005060,east,2,22,0,0,0,2,20,여,4;4;4;4;4;4;4;4,27,11230;26710;27290,,,,,
f_f005171,east,2,21,0,0,0,0,30,남,6;7;2;1;2;3;1;3,48,11230;26350;48170,,,,,
f_f005199,east,3,10,0,0,0,3,50,남,1;2;3;6;5;3;2;2,11,42110;50130;42210,,,,,
f_f005204,east,3,1,0,0,0,4,60,여,1;4;5;4;2;4;3;4,26,50130;48840;48330,,,,,
f_f005241,east,3,22,0,0,0,1,20,여,3;1;1;2;6;7;1;7,41,42150;26350;46130,,,,,
f_f005243,east,3,1,0,0,0,4,40,여,2;1;1;4;4;4;2;4,11,41480;42210;43760,,,,,
f_f005300,east,3,22,0,0,0,2,30,여,4;2;5;3;4;4;2;2,27,26350;47130;47110,,,,,
f_f005345,east,3,1,0,0,0,1,30,여,4;1;2;2;3;3;2;6,11,42150;26350;50110,,,,,
f_f005356,east,2,22,0,0,0,2,30,여,3;4;2;4;6;1;1;7,27,50130;48240;47840,,,,,
f_f005473,east,3,2,0,0,0,1,20,남,2;4;3;4;4;2;4;5,42,50110;42150;26290,,,,,
f_f005508,east,3,2,0,0,0,3,20,여,5;3;2;5;3;5;1;6,41,42210;26350;47130,,,,,
f_f005559,east,3,1,0,0,0,3,20,여,2;3;2;3;4;4;3;6,41,41820;42150;28710,,,,,
f_f005560,east,3,5,0,0,0,1,30,여,2;2;2;6;6;2;2;2,41,42830;50110;11110,,,,,
f_f005586,east,2,3,0,0,0,1,40,남,1;4;3;3;3;5;4;6,11,41820;42230;47280,,,,,
f_f005589,east,3,21,0,0,0,1,20,남,1;1;7;1;7;1;1;7,41,42820;47130;50110,,,,,
f_f005657,east,2,1,0,0,0,1,20,남,6;5;4;3;3;4;3;6,48,26500;27110;11680,,,,,
f_f005666,east,3,22,0,0,0,3,30,남,2;1;1;3;6;1;7;7,41,50110;42150;48310,,,,,
f_f005697,east,3,22,0,0,0,3,50,여,4;4;2;7;7;7;7;7,42,42150;11680;50130,,,,,
f_f005699,east,3,21,0,0,0,3,30,여,1;1;1;2;4;6;1;7,27,50130;26350;42230,,,,,
f_f005723,east,3,22,0,0,0,3,50,남,1;1;1;1;2;2;1;7,31,26350;47130;11110,,,,,
f_f005748,east,3,1,0,0,0,1,30,여,7;1;1;1;7;1;7;7,27,47290;47130;26710,,,,,
f_f005835,east,2,1,0,0,0,1,30,여,4;2;4;5;3;6;3;7,41,42150;26500;42210,,,,,
f_f005836,east,3,1,0,0,0,1,20,남,1;1;2;2;4;4;3;6,42,42170;42150;50130,,,,,
f_f005882,east,3,10,0,0,0,3,20,여,3;2;4;2;5;3;4;7,41,42150;42210;41820,,,,,
f_f006021,east,3,22,0,0,0,3,40,여,1;1;4;7;4;4;5;5,11,41650;42750;41800,,,,,
f_f006130,east,2,1,0,0,0,0,20,여,7;1;1;1;7;7;6;6,27,28110;26350;47130,,,,,
f_f006136,east,3,21,0,0,0,1,20,남,4;2;1;2;4;2;6;6,41,41360;42150;42760,,,,,
f_f006342,east,2,21,0,0,0,0,40,남,4;4;2;4;4;4;2;7,41,41360;48220;47170,,,,,
f_f006364,east,2,12,0,0,0,1,60,여,1;6;1;1;1;2;2;7,48,48850;46230;46150,,,,,
f_f006365,east,2,12,0,0,0,0,20,여,1;1;1;2;4;3;5;7,11,42230;42150;46110,,,,,
f_f006373,east,2,1,0,0,0,0,20,남,6;6;1;4;6;3;2;4,27,26350;26500;11680,,,,,
f_f006374,east,2,1,0,0,0,0,30,여,1;4;3;3;3;1;1;7,48,47130;42820;42210,,,,,
f_f006382,east,2,4,0,0,0,0,30,여,3;1;3;2;4;4;3;5,42,42210;47170;11680,,,,,
f_f006385,east,2,22,0,0,0,1,40,여,3;3;4;4;2;4;5;5,27,47130;26350;46130,,,,,
f_f006387,east,2,12,0,0,0,1,50,여,3;1;4;1;2;3;3;2,42,42210;41360;28110,,,,,
f_f006402,east,2,22,0,0,0,2,30,여,2;6;1;1;6;1;1;7,27,42170;26710;47770,,,,,
f_f006405,east,2,1,0,0,0,0,30,남,5;2;4;4;2;3;3;6,27,26350;11230;47130,,,,,
f_f006633,east,3,1,0,0,0,1,20,여,6;2;3;4;3;3;6;6,11,26350;42210;42830,,,,,
f_f006636,east,3,2,0,0,0,1,20,남,3;3;4;3;5;5;3;5,41,11560;44810;45180,,,,,
f_f006669,east,2,21,0,0,0,7,50,여,2;2;4;2;2;2;2;4,29,50110;50130;46710,,,,,
f_f006677,east,2,22,0,0,0,3,40,남,3;4;3;2;4;2;4;3,41,42110;50130;11350,,,,,
f_f006713,east,2,21,0,0,0,1,40,남,3;6;6;6;6;3;6;1,47,47130;50130;11110,,,,,
f_f006715,east,3,2,0,0,0,8,30,남,1;4;1;6;7;6;2;7,47,27110;47190;47150,,,,,
f_f006730,east,3,27,0,0,0,4,20,여,1;2;1;1;1;6;7;7,48,26350;50130;42210,,,,,
f_f006731,east,3,12,0,0,0,3,30,남,4;1;3;3;3;3;3;6,41,42150;11110;26500,,,,,
f_f006809,east,3,22,0,0,0,3,30,여,4;1;4;4;6;4;2;7,28,42150;43110;30110,,,,,
f_f006889,east,2,27,0,0,0,3,20,여,1;1;7;4;1;2;3;3,27,41110;42210;50110,,,,,
f_f007048,east,3,2,0,0,0,1,30,남,1;1;4;5;7;1;4;1,27,47110;47130;50110,,,,,
f_f007086,east,3,2,0,0,0,1,50,여,2;2;1;2;1;6;1;7,26,47130;48310;27260,,,,,
f_f007123,east,2,2,0,0,0,4,50,남,5;2;1;1;6;6;1;7,11,43130;46820;41280,,,,,
f_f007215,east,3,22,0,0,0,1,20,여,4;5;4;2;2;2;6;7,48,47130;48250;31170,,,,,
f_f007319,east,3,6,0,0,0,1,30,여,1;4;1;3;2;2;5;7,27,50130;48840;47820,,,,,
f_f007332,east,3,12,0,0,0,1,30,여,4;2;4;2;5;4;6;5,41,42150;46130;50110,,,,,
f_f007405,east,2,1,0,0,0,1,40,남,4;3;4;5;6;5;2;6,31,26500;31110;11140,,,,,
f_f007410,east,3,2,0,0,0,4,30,여,6;6;5;2;5;6;1;1,11,45110;30200;11110,,,,,
f_f007486,east,3,2,0,0,0,1,30,여,3;2;1;4;5;2;7;4,27,48850;45190;11110,,,,,
f_f007495,east,3,12,0,0,0,3,40,남,1;2;2;2;3;3;5;5,26,11110;50110;45110,,,,,
f_f007534,east,3,2,0,0,0,1,20,여,6;2;1;2;6;4;5;2,47,47110;47820;47130,,,,,
f_f007542,east,3,1,0,0,0,1,20,남,3;2;3;6;2;3;7;7,41,50130;26140;42150,,,,,
f_f007593,east,2,2,0,0,0,3,30,여,2;7;1;1;7;7;1;7,27,47820;47290;47230,,,,,
f_f007726,east,3,3,0,0,0,1,30,남,3;2;2;5;4;4;3;3,41,42230;41590;28710,,,,,
f_f007856,east,3,22,0,0,0,5,40,여,5;4;2;3;1;4;3;4,27,47130;50130;26350,,,,,
f_f007931,east,2,22,0,0,0,2,60,여,2;4;6;5;2;3;2;4,11,42830;42770;45110,,,,,
f_f007934,east,3,4,0,0,0,1,20,남,3;2;2;2;4;5;2;5,28,42230;42210;47130,,,,,
f_f007943,east,3,4,0,0,0,3,20,여,2;1;4;2;3;2;1;6,47,50130;26230;42830,,,,,
f_f007946,east,3,24,0,0,0,1,30,여,2;4;3;2;4;5;4;5,11,50130;42150;41110,,,,,
f_f008026,east,2,22,0,0,0,1,30,남,2;1;1;1;7;1;1;7,11,11110;26350;50130,,,,,
f_f008065,east,2,22,0,0,0,1,30,남,3;3;2;2;3;4;1;6,41,41450;42830;50130,,,,,
f_f008192,east,3,1,0,0,0,3,30,남,1;1;2;1;1;1;2;6,26,42170;47930;48840,,,,,
f_f008196,east,3,1,0,0,0,1,20,여,6;3;2;5;5;6;6;2,11,42150;50110;29110,,,,,
f_f008289,east,2,1,0,0,0,1,30,남,1;1;1;3;2;2;3;5,26,42150;42760;50130,,,,,
f_f008337,east,2,12,0,0,0,2,50,여,3;6;3;5;3;5;5;2,26,48310;45730;26380,,,,,
f_f008415,east,3,2,0,0,0,1,40,여,2;3;2;2;4;3;6;3,43,26200;50130;11680,,,,,
f_f008426,east,3,10,0,0,0,4,50,여,1;4;2;4;1;4;1;7,11,42830;41820;50130,,,,,
f_f008510,east,2,12,0,0,0,0,30,남,4;4;2;4;2;1;2;6,44,50110;42150;47250,,,,,
f_f008545,east,2,12,0,0,0,1,30,남,1;1;2;3;3;5;6;7,42,50130;47130;42210,,,,,
f_f008548,east,2,1,0,0,0,0,40,여,2;4;2;2;2;2;2;3,47,11680;50110;47130,,,,,
f_f008557,east,2,1,0,0,0,0,60,여,1;1;1;2;1;2;3;3,26,31140;48250;46730,,,,,
f_f008565,east,2,21,0,0,0,2,30,여,1;6;1;7;2;3;1;7,26,47130;48840;50130,,,,,
f_f008606,east,2,2,0,0,0,1,40,남,4;4;3;4;6;3;3;2,48,11110;48250;26500,,,,,
f_f008632,east,3,23,0,0,0,3,20,여,2;1;1;1;1;5;4;6,41,50130;26500;42150,,,,,
f_f008768,east,2,1,0,0,0,0,20,여,4;4;4;4;4;4;4;4,31,26350;11680;11110,,,,,
f_f008913,east,2,13,0,0,0,2,20,여,2;4;2;4;3;6;7;4,27,26260;47170;50110,,,,,
f_f009174,east,2,3,0,0,0,2,40,여,2;1;3;4;4;2;4;7,48,26500;50130;50110,,,,,
f_f009183,east,2,21,0,0,0,2,30,여,4;6;5;5;3;5;6;1,26,26710;48250;48310,,,,,
f_f009681,east,3,1,0,0,0,0,20,여,4;2;2;5;1;4;6;6,11,50130;42150;26350,,,,,
f_f009694,east,2,22,0,0,0,1,20,남,5;3;3;2;2;3;2;6,26,47130;42150;50130,,,,,
f_f009752,east,2,1,0,0,0,1,20,여,4;2;2;3;4;6;1;6,41,26350;45110;26500,,,,,
f_f009882,east,2,22,0,0,0,3,20,여,4;4;2;3;4;4;3;5,48,26500;26350;48250,,,,,
f_f009920,east,2,1,0,0,0,2,20,여,2;2;2;4;4;3;3;5,26,50110;31110;11110,,,,,
f_f010097,east,2,21,0,0,0,1,30,남,4;4;1;2;1;1;2;5,27,50130;50110;42150,,,,,
f_f010143,east,2,6,0,0,0,0,20,여,4;5;2;4;6;3;1;6,31,11680;26350;26230,,,,,
f_f010305,east,3,2,0,0,0,1,20,여,4;2;2;3;4;5;5;5,27,47130;26710;11440,,,,,
f_f010511,east,3,1,0,0,0,1,30,여,1;1;1;2;2;2;3;6,42,42210;42150;50130,,,,,
f_f010622,east,3,1,0,0,0,1,20,남,4;5;4;5;3;4;4;5,27,26350;27140;47770,,,,,
f_f010862,east,3,12,0,0,0,1,30,여,4;1;1;1;1;1;1;7,48,11110;11200;26710,,,,,
f_f010898,east,2,3,0,0,0,1,30,여,1;4;1;3;6;3;3;3,43,30170;11110;30200,,,,,
f_f010929,east,2,1,0,0,0,1,30,여,5;5;1;5;2;5;2;5,41,50110;50130;47130,,,,,
f_f010964,east,3,2,0,0,0,1,20,여,2;2;2;4;1;3;7;4,28,42770;30200;44150,,,,,
f_f011016,east,3,1,0,0,0,1,20,여,7;1;4;4;4;6;2;3,31,26350;31140;27290,,,,,
f_f011065,east,2,1,0,0,0,1,20,여,2;1;2;4;4;1;4;7,47,50110;47290;42150,,,,,
f_f011273,east,3,1,0,0,0,2,20,여,5;4;3;6;4;4;2;5,41,42210;42110;11680,,,,,
f_f011739,east,3,22,0,0,0,1,20,여,1;1;4;1;1;2;1;7,41,26500;42150;50110,,,,,
f_f011799,east,2,22,0,0,0,1,30,여,4;4;4;6;4;4;6;6,26,26710;48250;47130,,,,,
f_f011919,east,2,3,0,0,0,1,40,남,2;2;1;2;4;1;6;7,11,26350;48250;47130,,,,,
f_f012072,east,2,1,0,0,0,1,30,여,1;7;6;2;2;7;2;7,27,26500;47130;11200,,,,,
f_f012109,east,2,24,0,0,0,0,30,여,1;7;3;6;7;1;6;3,48,26380;31140;42230,,,,,
f_f012130,east,2,1,0,0,0,1,30,여,1;1;4;1;5;1;1;4,26,11170;11440;27110,,,,,
f_f012199,east,2,26,0,0,0,1,20,여,4;3;2;3;4;3;5;3,26,45110;41820;29200,,,,,
f_f012276,east,2,2,0,0,0,3,20,남,2;3;2;3;3;2;3;7,26,47130;45110;42150,,,,,
f_f012293,east,2,1,0,0,0,2,50,여,7;7;6;1;4;7;7;7,41,41830;42150;42210,,,,,
f_f012339,east,2,1,0,0,0,7,20,여,1;2;1;6;7;1;7;6,41,11410;26110;43800,,,,,
f_f012353,east,3,23,0,0,0,1,40,여,1;1;6;2;1;5;1;7,41,50130;42150;44180,,,,,
f_f012370,east,3,1,0,0,0,3,30,여,4;1;3;2;2;3;7;7,27,26500;11740;50110,,,,,
f_f012379,east,2,1,0,0,0,2,30,여,2;4;2;4;3;1;3;6,27,47130;48310;26710,,,,,
f_f012622,east,2,4,0,0,0,2,20,여,3;3;2;3;4;5;2;5,43,42150;44130;44210,,,,,
f_f012636,east,3,10,0,0,0,1,20,여,4;1;2;1;4;4;1;7,27,50130;26500;47130,,,,,
f_f012768,east,3,1,0,0,0,1,20,여,2;1;4;3;2;5;1;5,41,11710;42150;42110,,,,,
f_f012791,east,2,12,0,0,0,0,20,여,6;4;1;2;4;4;7;4,31,26230;47130;27110,,,,,
f_f012947,east,3,1,0,0,0,5,30,여,6;2;1;4;5;2;2;6,11,11680;26350;50110,,,,,
f_f012966,east,2,1,0,0,0,2,50,여,2;4;4;1;2;6;2;6,27,47290;26710;42110,,,,,
f_f013011,east,3,3,0,0,0,1,40,여,4;1;3;2;6;3;2;4,26,48840;47130;11110,,,,,
f_f013013,east,3,1,0,0,0,0,20,여,5;3;3;2;3;4;3;6,28,50110;42150;26350,,,,,
f_f013015,east,3,1,0,0,0,0,20,남,2;2;4;6;3;4;5;3,41,26140;42150;50110,,,,,
f_f013154,east,3,12,0,0,0,1,20,여,1;7;1;4;4;6;7;7,43,42150;50130;42210,,,,,
f_f013244,east,3,21,0,0,0,4,30,여,2;2;3;5;4;3;3;5,26,42150;50110;48270,,,,,
f_f013283,east,2,1,0,0,0,1,30,여,5;2;3;5;6;7;5;6,26,11110;50130;50110,,,,,
f_f013285,east,3,22,0,0,0,1,20,남,4;3;5;2;6;5;2;6,36,31170;11680;26710,,,,,
f_f013317,east,2,21,0,0,0,2,40,여,4;4;1;4;4;4;3;3,28,50130;26290;46880,,,,,
f_f013420,east,2,22,0,0,0,1,30,여,4;4;4;2;3;4;6;5,11,50130;50110;42830,,,,,
f_f013539,east,2,2,0,0,0,1,40,여,4;1;1;2;4;1;1;7,11,50130;42210;41270,,,,,
f_f013566,east,3,1,0,0,0,1,20,여,3;2;3;2;2;5;3;5,43,42150;50130;26500,,,,,
f_f013685,east,3,12,0,0,0,1,20,남,2;1;3;4;6;6;2;6,41,11230;41460;42150,,,,,
f_f013698,east,3,10,0,0,0,1,20,여,3;1;1;5;5;5;5;5,43,27110;47130;11410,,,,,
f_f013705,east,2,1,0,0,0,3,50,여,4;2;3;1;3;3;1;5,31,26350;47130;42210,,,,,
f_f013839,east,2,24,0,0,0,0,30,여,3;2;3;4;2;4;6;4,48,26500;26350;42150,,,,,
f_f014123,east,3,4,0,0,0,1,30,남,7;1;1;4;1;4;1;4,11,42170;42150;26350,,,,,
f_f014137,east,2,1,0,0,0,1,20,남,4;6;2;1;4;3;1;6,27,26500;11170;47130,,,,,
f_f014506,east,2,12,0,0,0,1,40,여,4;7;1;7;4;4;7;5,26,26290;50130;48220,,,,,
f_f014568,east,2,11,0,0,0,4,50,남,2;2;1;5;6;4;6;6,26,47130;48310;48250,,,,,
f_f015177,east,2,22,0,0,0,1,40,남,1;1;1;4;5;2;6;7,11,42150;45110;50130,,,,,
f_f015516,east,2,22,0,0,0,2,50,여,4;5;5;2;4;6;3;6,48,48240;48120;27710,,,,,
f_f015522,east,2,4,0,0,0,1,60,남,6;4;5;5;6;4;4;2,27,47130;47840;47110,,,,,
f_f015553,east,2,12,0,0,0,1,20,남,6;1;2;2;1;6;1;6,27,26350;11680;50110,,,,,
f_f015563,east,2,2,0,0,0,1,40,남,4;4;2;4;6;2;1;7,26,48120;47130;27140,,,,,
f_f015580,east,2,2,0,0,0,2,30,남,2;3;5;5;5;4;5;4,48,42210;50130;43740,,,,,
f_f015592,east,2,2,0,0,0,1,50,여,1;1;1;1;1;1;7;7,48,48120;11440;27260,,,,,
f_f015677,east,2,1,0,0,0,1,40,남,2;2;1;3;5;5;5;3,31,26350;48860;42150,,,,,
f_f015720,east,2,1,0,0,0,1,20,남,7;7;4;5;6;6;2;7,26,11200;27110;50110,,,,,
f_f015778,east,2,11,0,0,0,0,30,여,4;4;2;6;6;2;2;6,26,47130;26710;27290,,,,,
f_f015804,east,2,12,0,0,0,1,40,남,2;1;1;3;7;1;7;3,27,48310;42110;47130,,,,,
f_f015875,east,2,1,0,0,0,1,20,여,5;6;1;1;1;2;6;2,26,27260;11680;26710,,,,,
f_f015893,east,2,22,0,0,0,5,40,남,6;2;7;1;2;6;1;6,41,42150;46130;26350,,,,,
f_f015959,east,2,22,0,0,0,1,30,여,3;4;3;1;1;3;2;5,48,50110;26110;11110,,,,,
f_f015969,east,2,11,0,0,0,1,30,남,3;1;1;3;5;4;2;6,41,26350;46130;42830,,,,,
f_f016069,east,2,21,0,0,0,2,40,남,3;3;2;3;5;5;2;5,31,26350;47130;42210,,,,,
f_f016095,east,2,22,0,0,0,1,20,남,6;5;2;3;2;6;2;5,48,26500;26230;48120,,,,,
f_f016103,east,2,1,0,0,0,1,40,남,3;6;4;2;2;2;6;5,11,42820;42150;11170,,,,,
f_f016112,east,2,12,0,0,0,0,40,여,1;5;1;3;3;1;6;7,43,47170;31170;47130,,,,,
f_f016346,east,2,2,0,0,0,0,20,여,2;2;4;2;4;4;6;3,47,42150;42760;47130,,,,,
f_f016402,east,2,1,0,0,0,0,20,여,4;1;1;4;4;4;4;4,47,11680;26350;50130,,,,,
f_f016407,east,2,1,0,0,0,3,30,여,4;3;4;2;2;5;2;4,43,11680;42150;42130,,,,,
f_f016443,east,2,13,0,0,0,1,20,남,1;1;6;6;1;6;2;6,26,47130;48250;30170,,,,,
f_f016494,east,2,12,0,0,0,0,30,여,4;2;6;5;1;7;7;7,48,48310;26230;43110,,,,,
f_f016555,east,2,1,0,0,0,0,20,여,2;1;4;5;3;5;2;6,11,42150;41820;42830,,,,,
f_f016564,east,2,25,0,0,0,1,20,여,6;2;2;3;1;2;2;6,11,42150;47930;41820,,,,,
f_f016577,east,2,11,0,0,0,4,50,여,2;4;2;4;6;2;6;6,31,31170;26710;47130,,,,,
f_f016578,east,2,1,0,0,0,1,20,여,3;5;3;5;3;4;3;5,26,48270;30170;43800,,,,,
f_f016595,east,2,12,0,0,0,1,30,남,2;4;2;4;5;2;6;2,41,46130;28720;41460,,,,,
f_f016659,east,2,21,0,0,0,1,20,남,4;3;3;5;5;4;3;4,11,42210;50110;46130,,,,,
f_f016691,east,2,1,0,0,0,1,20,남,2;1;1;4;5;5;2;5,27,26110;47130;11305,,,,,
f_f016728,east,2,1,0,0,0,1,30,남,2;1;2;4;6;4;1;6,26,48250;48330;48120,,,,,
f_f016762,east,2,21,0,0,0,2,60,남,2;4;2;4;5;4;4;4,28,50110;46710;43150,,,,,
f_f016767,east,2,2,0,0,0,2,40,남,2;3;2;2;3;3;3;3,48,50130;50110;41310,,,,,
f_f016776,east,2,1,0,0,0,1,20,남,4;3;6;3;2;4;6;4,48,42150;47130;50110,,,,,
f_f016822,east,2,22,0,0,0,4,50,남,4;4;4;5;5;5;4;4,48,48240;26350;47110,,,,,
e_e000668,west,2,2,0,0,0,5,30,여,2;1;6;3;4;5;2;6,43,42150;45800;42210,,,,,
e_e001033,west,2,21,0,0,0,0,30,여,2;2;2;1;5;3;5;7,11,50110;42150;50130,,,,,
e_e001240,west,2,1,0,0,0,0,30,여,4;4;4;1;1;6;6;2,41,42150;11140;50130,,,,,
e_e001423,west,2,21,0,0,0,0,50,여,4;6;3;2;3;3;6;5,44,45110;46150;42150,,,,,
e_e002195,west,2,1,0,0,0,1,20,여,7;7;3;2;6;7;2;7,11,26710;50130;28710,,,,,
e_e003226,west,3,1,0,0,0,1,60,여,1;1;1;4;1;4;5;7,41,50130;47940;48310,,,,,
e_e004944,west,2,1,0,0,0,1,40,남,2;3;2;4;2;2;2;5,43,26350;43745;11500,,,,,
e_e007408,west,2,2,0,0,0,1,30,여,4;6;2;1;7;7;7;7,41,42210;41460;43130,,,,,
e_e011214,west,2,1,0,0,0,1,20,여,3;3;3;6;6;5;6;5,11,41820;26350;41110,,,,,
e_e013132,west,2,2,0,0,0,3,20,여,4;2;2;5;6;3;7;5,11,50130;46130;44270,,,,,
e_e013143,west,2,22,0,0,0,3,30,여,2;2;2;2;1;7;1;7,28,41820;42210;45730,,,,,
e_e013144,west,2,2,0,0,0,1,50,남,4;4;3;5;4;5;5;6,41,47130;42210;11440,,,,,
e_e013149,west,2,21,0,0,0,1,30,여,2;2;3;3;4;4;3;4,41,50130;11110;45110,,,,,
e_e013179,west,2,1,0,0,0,1,20,여,2;6;6;1;1;7;1;2,44,50110;42210;44210,,,,,
e_e013184,west,2,22,0,0,0,1,50,남,6;2;5;7;2;7;7;7,11,42150;41820;45110,,,,,
e_e013188,west,2,2,0,0,0,1,30,여,2;6;7;1;1;4;6;2,28,41480;41460;28720,,,,,
e_e013282,west,2,2,0,0,0,1,20,여,3;2;1;3;7;5;6;5,41,44200;41550;11680,,,,,
f_f001718,west,3,2,0,0,0,0,30,남,1;1;1;4;6;2;7;6,41,41460;42150;44150,,,,,
f_f002508,west,3,22,0,0,0,1,30,남,4;1;2;3;4;3;4;2,27,46900;41390;48310,,,,,
f_f008573,west,2,1,0,0,0,0,60,남,2;4;3;3;3;4;3;3,41,42820;41820;29200,,,,,
f_f009789,west,3,22,0,0,0,1,30,남,1;1;1;1;1;2;4;6,26,48840;48240;48310,,,,,
f_f015537,west,2,1,0,0,0,0,50,여,1;1;1;1;1;7;7;7,41,42150;41610;41570,,,,,
f_f015541,west,2,21,0,0,0,1,20,여,4;1;1;3;5;2;6;5,45,50130;50110;26170,,,,,
f_f016471,west,2,12,0,0,0,3,40,남,2;1;1;1;1;3;6;6,47,27290;48880;26710,,,,,
f_f016830,west,2,1,0,0,0,0,30,여,1;6;4;3;2;4;3;3,27,26710;42760;11230,,,,,
g_g000003,west,3,4,0,0,0,3,30,남,2;3;4;3;5;2;6;5,41,42150;50110;28720,,,,,
g_g000004,west,3,21,0,0,0,6,40,여,6;7;2;3;3;5;6;2,11,41130;42210;30110,,,,,
g_g000009,west,3,8,0,0,0,1,30,남,2;4;2;1;2;2;6;6,41,42720;43130;31170,,,,,
g_g000010,west,3,5,0,0,0,0,20,여,6;2;1;1;4;2;6;2,26,45110;31140;11440,,,,,
g_g000014,west,2,21,0,0,0,3,50,여,1;3;2;3;3;2;3;1,11,50130;42820;26350,,,,,
g_g000017,west,2,2,0,0,0,0,50,여,2;2;2;2;5;6;2;6,44,44180;50130;45800,,,,,
g_g000023,west,3,4,0,0,0,1,40,여,4;3;3;3;4;4;5;5,11,42150;45110;47130,,,,,
g_g000025,west,3,1,0,0,0,1,50,여,6;4;5;4;2;6;3;5,11,50110;29170;44200,,,,,
g_g000191,west,3,3,0,0,0,2,30,여,5;2;5;2;2;5;5;6,11,46130;45110;50110,,,,,
g_g000195,west,2,11,0,0,0,1,20,남,2;1;3;7;4;1;7;6,30,50110;43110;11680,,,,,
g_g000198,west,3,23,0,0,0,1,40,여,4;4;1;2;1;1;1;7,11,46710;50110;30110,,,,,
g_g000208,west,2,1,0,0,0,1,30,여,4;2;1;2;4;4;5;6,29,26710;50130;42150,,,,,
g_g000215,west,3,2,0,0,0,1,30,여,2;2;2;5;2;2;2;7,11,50130;42830;48840,,,,,
g_g000225,west,3,2,0,0,0,4,30,남,2;2;2;3;3;4;4;3,46,50110;42150;26200,,,,,
g_g000226,west,3,2,0,0,0,1,20,남,4;2;2;4;6;3;2;2,30,42210;50110;45110,,,,,
g_g000229,west,3,8,0,0,0,0,20,여,4;4;3;5;4;3;4;5,41,42150;42210;42830,,,,,
g_g000231,west,3,1,0,0,0,1,30,남,4;6;2;2;5;2;6;6,42,11140;41670;43150,,,,,
g_g000233,west,3,1,0,0,0,1,40,남,4;4;4;4;4;6;3;5,46,29155;50130;50110,,,,,
g_g000236,west,2,21,0,0,0,1,50,남,2;4;1;2;4;2;4;4,41,42110;42210;42150,,,,,
g_g000240,west,3,1,0,0,0,1,50,남,1;1;4;1;1;7;7;1,11,42210;42830;48220,,,,,
g_g000248,west,2,1,0,0,0,3,50,남,4;2;2;5;4;5;7;5,36,50110;44180;45110,,,,,
g_g000250,west,2,1,0,0,0,3,50,여,6;2;3;5;3;6;3;4,36,46130;50110;11110,,,,,
g_g000251,west,3,22,0,0,0,2,30,여,1;4;2;4;4;3;5;6,46,46130;26350;42150,,,,,
g_g000252,west,2,10,0,0,0,2,40,남,5;3;5;4;4;5;3;5,44,30200;44230;45140,,,,,
g_g000256,west,3,11,0,0,0,1,30,여,1;1;2;3;4;6;6;3,30,42150;46130;45130,,,,,
g_g000259,west,3,1,0,0,0,3,40,남,2;2;3;3;5;5;2;5,41,42210;45130;28710,,,,,
g_g000280,west,2,24,0,0,0,3,40,남,4;4;2;2;4;2;1;7,29,46710;46110;46790,,,,,
g_g000284,west,2,11,0,0,0,3,60,여,1;7;4;1;4;4;1;7,29,46110;46170;45770,,,,,
g_g000285,west,3,1,0,0,0,5,20,남,6;2;2;2;2;4;1;3,41,42150;30140;50110,,,,,
g_g000286,west,2,1,0,0,0,0,40,남,3;7;3;5;5;6;3;3,43,11440;50130;50110,,,,,
g_g000287,west,3,2,0,0,0,3,30,여,1;1;4;4;4;3;6;5,11,42210;48310;30200,,,,,
g_g000290,west,3,1,0,0,0,1,40,남,2;1;3;3;3;7;3;5,41,42720;41110;41590,,,,,
g_g000306,west,3,11,0,0,0,4,20,여,2;2;2;1;4;4;2;5,11,44210;48850;41280,,,,,
g_g000308,west,3,2,0,0,0,4,20,여,3;3;3;4;5;3;3;5,45,45110;50130;26500,,,,,
g_g000312,west,3,1,0,0,0,2,50,남,4;2;2;2;7;2;1;2,44,11680;44150;30200,,,,,
g_g000314,west,3,1,0,0,0,3,40,여,1;1;4;1;1;4;2;4,41,42210;50130;26350,,,,,
g_g000316,west,3,1,0,0,0,1,30,여,5;6;3;5;6;6;6;5,30,45800;45110;44200,,,,,
g_g000319,west,3,1,0,0,0,1,20,여,2;4;4;4;4;4;4;7,28,42210;11680;26530,,,,,
g_g000334,west,3,1,0,0,0,3,40,남,5;3;3;4;3;3;5;6,41,41820;48310;46230,,,,,
g_g000345,west,3,1,0,0,0,1,30,여,1;4;4;1;1;1;7;1,11,42800;42110;42210,,,,,
g_g000346,west,2,2,0,0,0,1,50,남,2;2;1;6;6;2;2;6,11,48220;44810;43800,,,,,
g_g000348,west,3,1,0,0,0,5,20,여,3;2;3;3;3;3;6;6,41,47130;48840;50110,,,,,
g_g000354,west,3,23,0,0,0,2,40,여,1;4;3;4;2;4;3;4,41,42230;50130;26350,,,,,
g_g000361,west,2,1,0,0,0,3,40,여,4;2;3;4;2;5;5;5,30,42150;50110;26350,,,,,
g_g000365,west,2,1,0,0,0,1,30,여,2;2;4;2;4;2;2;6,41,42150;30140;26350,,,,,
g_g000367,west,3,24,0,0,0,0,20,여,1;2;1;6;4;2;7;7,41,42150;41500;26710,,,,,
g_g000379,west,2,24,0,0,0,2,50,남,1;7;4;4;1;7;4;4,44,44210;46170;45110,,,,,
g_g000387,west,2,21,0,0,0,1,50,남,2;2;6;2;2;5;2;4,41,42150;41670;26350,,,,,
g_g000392,west,3,1,0,0,0,1,40,여,3;1;3;3;6;5;3;5,29,46150;46130;31710,,,,,
g_g000393,west,3,28,0,0,0,1,40,남,1;1;1;2;6;2;1;4,28,42210;41820;50110,,,,,
g_g000396,west,3,22,0,0,0,3,40,남,4;3;4;6;5;5;2;5,48,41460;46130;41110,,,,,
g_g000397,west,3,12,0,0,0,3,30,여,1;1;6;1;1;1;1;7,41,47930;26320;50130,,,,,
g_g000399,west,2,2,0,0,0,4,40,여,3;3;5;4;2;5;3;6,41,42150;42210;26350,,,,,
g_g000402,west,2,21,0,0,0,0,30,여,4;1;1;1;1;4;1;1,41,50110;42150;26350,,,,,
g_g000410,west,3,2,0,0,0,3,30,남,4;7;1;1;1;1;7;1,11,41480;42150;50130,,,,,
g_g000420,west,2,11,0,0,0,2,30,여,2;3;1;5;3;3;2;5,41,28200;44810;46900,,,,,
g_g000423,west,3,2,0,0,0,3,50,여,1;3;1;2;5;4;6;5,11,42750;41280;42170,,,,,
g_g000425,west,3,2,0,0,0,0,40,남,3;5;2;6;7;2;2;5,11,41290;42150;50130,,,,,
g_g000427,west,3,10,0,0,0,3,50,여,2;3;2;2;3;3;4;6,11,48730;48250;48240,,,,,
g_g000429,west,3,3,0,0,0,0,20,여,3;2;2;2;6;6;1;6,30,41280;42150;42210,,,,,
g_g000430,west,3,22,0,0,0,1,20,남,4;4;2;2;4;4;1;6,29,50130;11680;44270,,,,,
g_g000437,west,3,2,0,0,0,2,50,남,1;1;2;4;6;5;2;7,11,42210;46110;43800,,,,,
g_g000441,west,3,2,0,0,0,1,40,남,3;5;3;4;4;4;5;4,29,50110;11560;26350,,,,,
g_g000443,west,3,11,0,0,0,3,50,여,1;1;1;5;3;2;4;5,41,43150;42150;42750,,,,,
g_g000447,west,3,5,0,0,0,3,40,여,4;4;3;2;2;3;5;2,46,11110;26350;41290,,,,,
g_g000454,west,3,21,0,0,0,3,50,여,2;7;2;6;1;2;6;2,45,50110;41110;44825,,,,,
g_g000460,west,3,1,0,0,0,3,30,남,4;4;3;6;4;4;4;4,44,44180;30200;45110,,,,,
g_g000466,west,3,11,0,0,0,2,50,남,2;2;3;2;2;3;3;3,41,50130;42150;44200,,,,,
g_g000469,west,3,1,0,0,0,1,30,여,1;2;2;5;2;2;4;5,41,46130;42150;46890,,,,,
g_g000474,west,3,4,0,0,0,0,50,여,5;4;4;7;6;6;3;3,11,42150;41360;41820,,,,,
g_g000477,west,2,24,0,0,0,1,40,여,4;2;4;2;2;4;1;6,44,50110;26350;42150,,,,,
g_g000480,west,3,8,0,0,0,1,40,남,2;1;1;1;7;1;2;7,48,50110;48170;29155,,,,,
g_g000483,west,2,22,0,0,0,0,40,여,4;4;2;3;2;2;2;6,41,46130;26350;42150,,,,,
g_g000486,west,2,3,0,0,0,19,50,여,4;4;1;1;4;2;6;1,42,42210;48220;48250,,,,,
g_g000488,west,3,1,0,0,0,3,40,여,1;4;5;3;1;5;3;6,43,43760;41280;47280,,,,,
g_g000490,west,3,1,0,0,0,1,50,남,4;3;4;4;3;5;2;3,11,26350;42110;44130,,,,,
g_g000492,west,3,21,0,0,0,2,40,여,4;3;3;1;5;5;6;3,41,42760;41460;41110,,,,,
g_g000499,west,3,2,0,0,0,2,30,여,2;1;1;1;1;1;1;7,43,50110;42760;43130,,,,,
g_g000503,west,3,10,0,0,0,2,40,남,3;2;3;2;5;5;5;6,11,50130;42210;42760,,,,,
g_g000510,west,3,11,0,0,0,2,40,남,2;2;6;2;6;2;2;4,29,45800;45730;46710,,,,,
g_g000515,west,3,5,0,0,0,1,40,남,1;1;1;3;3;5;3;6,44,42210;46130;48840,,,,,
g_g000516,west,2,1,0,0,0,0,20,여,2;6;2;3;5;5;6;7,28,50130;11440;28177,,,,,
g_g000519,west,3,2,0,0,0,3,30,남,4;1;2;2;4;4;2;7,47,50130;26350;43150,,,,,
g_g000520,west,2,13,0,0,0,2,60,여,1;2;3;3;3;3;3;3,11,42150;41820;42820,,,,,
g_g000522,west,3,2,0,0,0,1,20,여,2;2;1;4;5;5;4;6,44,50110;11170;26350,,,,,
g_g000532,west,3,21,0,0,0,1,30,남,2;2;4;3;1;3;5;2,30,50110;42150;26350,,,,,
g_g000540,west,3,23,0,0,0,3,50,남,7;1;1;1;1;7;1;4,29,50130;42150;26290,,,,,
g_g000545,west,3,1,0,0,0,0,30,여,5;1;2;4;5;5;2;3,46,50130;26500;42150,,,,,
g_g000552,west,3,1,0,0,0,0,30,여,5;3;5;4;6;6;4;5,29,46170;46710;46110,,,,,
g_g000570,west,3,10,0,0,0,3,50,남,7;7;7;1;4;7;4;5,11,41570;41290;41480,,,,,
g_g000571,west,3,23,0,0,0,8,40,남,2;4;3;4;3;3;4;5,41,50130;42210;26350,,,,,
g_g000572,west,2,22,0,0,0,1,50,여,1;4;1;1;1;4;4;4,41,50130;42210;46890,,,,,
g_g000581,west,3,2,0,0,0,5,40,여,1;1;4;4;4;4;1;4,11,42210;50130;28710,,,,,
g_g000582,west,2,11,0,0,0,3,30,남,5;6;4;3;7;4;6;2,36,30200;43720;44230,,,,,
g_g000585,west,2,11,0,0,0,2,30,여,4;6;3;2;7;6;1;2,41,41460;42210;44825,,,,,
g_g000602,west,3,22,0,0,0,2,30,남,6;2;1;5;6;4;6;5,41,41280;42820;50130,,,,,
g_g000604,west,3,21,0,0,0,1,30,남,2;1;2;1;6;6;7;1,11,30200;46770;46130,,,,,
g_g000606,west,2,2,0,0,0,2,40,남,7;7;1;6;3;3;1;4,45,45110;29200;30170,,,,,
g_g000610,west,2,22,0,0,0,7,40,남,6;4;6;6;6;6;4;7,43,50130;42150;44180,,,,,
g_g000613,west,2,1,0,0,0,0,30,남,4;5;3;3;3;4;6;6,44,44150;30200;45130,,,,,
g_g000614,west,2,13,0,0,0,1,40,여,4;5;3;4;3;4;3;4,44,50130;42210;26350,,,,,
g_g000619,west,3,4,0,0,0,3,50,여,1;2;2;2;5;5;3;5,41,43730;42230;43800,,,,,
g_g000624,west,2,1,0,0,0,0,20,여,4;6;5;3;5;2;2;5,30,11710;26500;11170,,,,,
g_g000636,west,2,12,0,0,0,3,30,남,1;4;1;1;7;1;1;7,43,50110;26500;47130,,,,,
g_g000637,west,3,3,0,0,0,3,30,여,3;3;2;3;3;3;4;2,46,46710;45190;46130,,,,,
g_g000642,west,3,5,0,0,0,3,30,남,6;6;4;6;5;2;1;2,11,44825;42210;47280,,,,,
g_g000651,west,3,2,0,0,0,1,30,남,2;6;7;7;5;2;6;7,43,44150;44130;11170,,,,,
g_g000657,west,3,2,0,0,0,3,40,여,3;3;1;4;6;6;2;6,29,50110;48310;46130,,,,,
g_g000670,west,3,2,0,0,0,3,40,남,3;3;2;6;3;2;1;3,44,42810;44825;28177,,,,,
g_g000675,west,2,11,0,0,0,3,30,남,2;2;2;4;4;4;3;3,43,11680;42190;44760,,,,,
g_g000680,west,3,10,0,0,0,3,40,남,2;2;2;6;6;6;2;4,41,43720;42130;41190,,,,,
g_g000681,west,3,1,0,0,0,3,30,여,1;7;7;1;1;7;7;1,30,47190;44760;11680,,,,,
g_g000685,west,2,1,0,0,0,1,40,남,1;1;2;4;6;1;2;6,29,46710;46790;46150,,,,,
g_g000687,west,3,12,0,0,0,2,40,여,2;1;6;2;2;6;2;6,36,44150;30200;50110,,,,,
g_g000688,west,3,2,0,0,0,2,50,여,1;6;4;5;2;5;2;7,29,46870;46170;46880,,,,,
g_g000695,west,3,23,0,0,0,3,30,여,2;2;1;4;2;2;3;7,41,41820;42820;41830,,,,,
g_g000696,west,3,1,0,0,0,0,20,여,7;2;1;6;7;7;1;7,41,50130;46130;42150,,,,,
g_g000698,west,2,2,0,0,0,3,40,여,4;1;1;6;2;6;7;7,29,26710;42210;47110,,,,,
g_g000699,west,3,1,0,0,0,0,30,여,4;1;1;3;1;4;7;5,11,50130;30200;42760,,,,,
g_g000701,west,3,22,0,0,0,1,30,남,2;2;2;2;5;3;6;6,29,46710;44200;44130,,,,,
g_g000703,west,3,2,0,0,0,0,20,여,2;3;1;6;7;1;2;1,11,46150;42150;42760,,,,,
g_g000712,west,3,21,0,0,0,0,30,여,3;2;2;5;5;2;6;6,11,50110;26200;42210,,,,,
g_g000714,west,3,8,0,0,0,1,30,여,4;1;2;1;4;5;6;6,11,42150;43800;26350,,,,,
g_g000716,west,3,21,0,0,0,1,30,여,5;4;3;1;2;2;2;5,28,42210;41500;50130,,,,,
g_g000717,west,2,1,0,0,0,3,30,여,6;2;1;3;6;5;7;2,46,50110;11680;26350,,,,,
g_g000722,west,3,8,0,0,0,3,50,여,2;6;6;6;2;6;2;2,30,50130;48310;42820,,,,,
g_g000727,west,3,11,0,0,0,2,40,남,2;1;4;7;6;3;5;2,27,47250;42750;43800,,,,,
g_g000729,west,3,21,0,0,0,0,30,남,2;4;4;5;3;4;6;6,42,46730;46820;42210,,,,,
g_g000730,west,3,10,0,0,0,3,40,여,2;2;2;4;6;5;6;5,45,44180;45730;50130,,,,,
g_g000734,west,3,2,0,0,0,4,40,여,2;1;2;3;2;4;2;5,45,50130;48840;42150,,,,,
g_g000736,west,3,21,0,0,0,3,40,남,1;1;4;1;1;4;1;1,44,44130;30140;11710,,,,,
g_g000742,west,3,22,0,0,0,3,20,여,6;1;2;2;3;3;3;3,11,50130;26320;45180,,,,,
g_g000743,west,3,10,0,0,0,3,30,남,6;6;2;2;2;5;2;6,41,41130;11680;46130,,,,,
g_g000747,west,3,2,0,0,0,2,40,여,4;1;2;3;2;6;6;1,47,26350;45800;42150,,,,,
g_g000751,west,3,21,0,0,0,1,20,여,3;2;4;2;3;5;5;6,36,50130;42150;26200,,,,,
g_g000756,west,3,27,0,0,0,3,60,남,2;1;2;3;2;2;2;1,41,42150;41670;43110,,,,,
g_g000769,west,3,1,0,0,0,2,30,여,5;3;1;2;2;2;1;6,41,44210;28177;42150,,,,,
g_g000770,west,3,21,0,0,0,1,40,남,4;4;4;4;4;7;1;4,43,44150;42170;43130,,,,,
g_g000773,west,3,11,0,0,0,1,40,남,2;1;4;6;5;4;4;4,11,50110;42210;48220,,,,,
g_g000776,west,3,21,0,0,0,2,20,남,3;3;6;3;2;3;6;5,29,46710;46170;46150,,,,,
g_g000777,west,2,21,0,0,0,0,30,남,4;4;4;4;4;4;4;4,29,29200;29140;46710,,,,,
g_g000779,west,3,21,0,0,0,2,40,여,4;4;4;4;4;4;4;4,29,43110;46110;46130,,,,,
g_g000782,west,2,13,0,0,0,2,30,여,4;7;6;1;5;1;1;1,30,30140;45110;44810,,,,,
g_g000784,west,2,22,0,0,0,0,30,남,1;1;1;1;1;5;3;7,29,46130;26710;41570,,,,,
g_g000785,west,2,1,0,0,0,1,30,여,4;4;1;3;4;5;4;1,29,11680;45130;30200,,,,,
g_g000786,west,3,10,0,0,0,3,50,남,5;2;3;4;2;4;6;2,41,41820;50110;42210,,,,,
g_g000789,west,3,12,0,0,0,1,20,남,1;1;1;1;1;1;2;3,11,50110;42770;42800,,,,,
g_g000794,west,3,2,0,0,0,20,50,여,2;3;6;6;2;5;6;4,43,42150;45730;48220,,,,,
g_g000796,west,2,2,0,0,0,1,30,남,3;6;4;3;3;3;6;4,29,50110;11680;46710,,,,,
g_g000809,west,3,13,0,0,0,1,50,남,3;3;3;3;3;3;3;4,11,42830;41830;44200,,,,,
g_g000812,west,2,25,0,0,0,2,20,남,2;2;2;2;2;2;2;6,43,50110;26710;11110,,,,,
g_g000818,west,3,11,0,0,0,3,30,여,2;2;6;6;6;6;7;6,44,30200;11560;47110,,,,,
g_g000820,west,3,21,0,0,0,3,40,여,6;6;5;4;6;4;5;5,41,42170;42210;42150,,,,,
g_g000826,west,3,11,0,0,0,3,30,여,6;7;1;6;7;2;6;1,36,27290;30200;47130,,,,,
g_g000836,west,3,1,0,0,0,0,20,여,1;1;7;1;1;7;1;7,30,42150;11680;29140,,,,,
g_g000848,west,2,21,0,0,0,0,40,여,1;6;1;4;2;6;1;6,36,43720;43760;43745,,,,,
g_g000861,west,3,2,0,0,0,4,50,남,4;6;5;2;3;5;3;6,11,42150;26350;45110,,,,,
g_g000869,west,3,3,0,0,0,1,20,여,6;2;2;2;2;5;2;6,36,50130;42150;26350,,,,,
g_g000892,west,3,21,0,0,0,2,40,남,5;6;5;3;6;2;2;3,29,46150;48840;46130,,,,,
g_g000902,west,3,21,0,0,0,0,20,여,4;5;6;4;3;5;5;6,11,41390;11110;26350,,,,,
g_g000906,west,3,11,0,0,0,3,50,여,2;2;1;2;3;4;3;6,44,50110;11110;30200,,,,,
g_g000907,west,3,2,0,0,0,1,20,남,2;2;2;2;2;2;2;2,11,42150;50130;46130,,,,,
g_g000910,west,3,12,0,0,0,3,40,남,3;4;2;5;3;3;3;6,41,42150;26350;42230,,,,,
g_g000913,west,3,2,0,0,0,2,40,남,3;3;2;4;4;3;2;6,36,47770;45130;46130,,,,,
g_g000916,west,2,22,0,0,0,0,20,여,4;1;3;4;4;4;6;6,48,50130;42210;42150,,,,,
g_g000917,west,2,22,0,0,0,0,30,여,6;7;3;1;2;1;3;6,48,26530;50110;47130,,,,,
g_g000931,west,3,3,0,0,0,3,40,여,2;3;2;4;4;4;2;6,30,11110;50130;26350,,,,,
g_g000938,west,2,2,0,0,0,9,50,여,6;2;2;4;6;6;3;6,47,11680;41460;50110,,,,,
g_g000939,west,3,22,0,0,0,3,30,남,1;1;1;6;5;4;2;5,45,50130;45800;48310,,,,,
g_g000940,west,3,28,0,0,0,2,40,남,2;2;2;1;5;5;3;6,26,26350;47130;50130,,,,,
g_g000945,west,2,22,0,0,0,0,30,남,4;6;2;3;6;6;3;6,29,50130;26350;46130,,,,,
g_g000946,west,2,24,0,0,0,1,60,남,6;3;6;4;5;3;5;4,45,45790;45180;45710,,,,,
g_g000947,west,2,21,0,0,0,1,40,여,1;7;1;2;6;6;6;5,29,50130;26350;11680,,,,,
g_g000950,west,3,1,0,0,0,3,50,여,1;4;4;2;2;4;4;2,26,45110;46730;47130,,,,,
g_g000952,west,3,2,0,0,0,1,30,여,2;4;1;4;6;4;3;6,48,26710;42210;42170,,,,,
g_g000957,west,2,22,0,0,0,1,20,여,6;2;4;2;2;3;2;3,30,11680;46130;45110,,,,,
g_g000958,west,2,13,0,0,0,1,30,남,2;1;4;2;2;4;7;1,11,42210;41650;30200,,,,,
g_g000965,west,3,23,0,0,0,1,40,여,6;1;2;2;2;3;6;6,11,26350;46150;27290,,,,,
g_g000967,west,3,3,0,0,0,3,20,여,2;2;6;2;1;6;2;2,11,42150;26350;42210,,,,,
g_g000974,west,3,10,0,0,0,1,50,여,2;2;3;1;2;2;2;2,28,50130;28710;47110,,,,,
g_g000983,west,3,9,0,0,0,3,60,남,1;1;1;4;1;6;6;4,43,42150;50110;26350,,,,,
g_g000986,west,3,22,0,0,0,1,30,남,7;1;1;3;4;4;6;1,30,26230;11680;11110,,,,,
g_g000987,west,3,22,0,0,0,1,20,남,4;3;6;6;3;5;2;5,45,45800;46130;11710,,,,,
g_g000988,west,2,22,0,0,0,1,40,남,7;2;1;1;6;6;6;2,29,11680;45110;46110,,,,,
g_g000989,west,3,22,0,0,0,0,30,여,3;3;1;2;4;1;2;4,45,45130;46110;45800,,,,,
g_g000991,west,3,21,0,0,0,2,40,남,2;4;1;4;6;3;5;4,29,26200;30200;45130,,,,,
g_g000996,west,2,1,0,0,0,0,30,여,5;2;2;2;1;2;6;6,11,26350;46130;41820,,,,,
g_g001000,west,3,2,0,0,0,0,20,여,2;2;2;4;4;3;5;4,11,42820;26350;42210,,,,,
g_g001002,west,3,22,0,0,0,1,20,남,7;4;7;1;1;4;1;7,30,11230;44180;44150,,,,,
g_g001006,west,3,2,0,0,0,1,40,남,1;1;1;4;3;3;3;5,11,50130;42150;28710,,,,,
g_g001008,west,3,2,0,0,0,3,40,남,2;4;2;4;2;2;6;6,11,50110;26350;48840,,,,,
g_g001016,west,2,1,0,0,0,2,20,여,4;4;3;2;4;3;5;5,27,26710;47130;47110,,,,,
g_g001019,west,3,2,0,0,0,2,30,여,6;3;3;2;4;6;3;5,46,11710;26350;50130,,,,,
g_g001022,west,3,1,0,0,0,1,50,남,1;1;1;1;4;6;3;5,44,50130;46130;48840,,,,,
g_g001026,west,2,2,0,0,0,3,30,여,1;7;1;4;6;7;5;1,44,44150;44180;30200,,,,,
g_g001030,west,2,2,0,0,0,3,30,남,4;5;3;2;2;5;2;4,29,46110;46900;46790,,,,,
g_g001034,west,2,2,0,0,0,3,50,여,2;6;4;4;4;6;2;2,46,46840;46860;29170,,,,,
g_g001035,west,2,1,0,0,0,0,60,여,3;4;6;3;2;6;5;5,43,43110;47770;42150,,,,,
g_g001040,west,3,22,0,0,0,1,40,여,2;1;5;2;2;6;6;7,30,50110;42150;48220,,,,,
g_g001041,west,3,2,0,0,0,2,30,남,7;4;1;1;7;7;7;7,30,48120;45110;44800,,,,,
g_g001046,west,2,4,0,0,0,2,50,여,6;3;2;1;2;2;3;2,11,11680;48220;26710,,,,,
g_g001047,west,3,1,0,0,0,2,30,여,2;2;1;3;6;2;5;5,43,50110;26350;42150,,,,,
g_g001048,west,3,1,0,0,0,0,20,남,3;3;2;3;4;2;2;6,11,42210;41630;44825,,,,,
g_g001050,west,2,2,0,0,0,2,50,여,3;5;2;2;2;3;5;3,30,50110;42170;26230,,,,,
g_g001052,west,2,1,0,0,0,1,40,남,4;6;2;5;6;4;6;4,30,47130;11110;50130,,,,,
g_g001053,west,3,9,0,0,0,0,30,여,4;2;1;3;7;5;3;4,11,26710;48330;26350,,,,,
g_g001056,west,3,10,0,0,0,4,40,여,4;4;4;2;4;4;2;6,11,41830;42150;44825,,,,,
g_g001063,west,3,11,0,0,0,3,30,여,5;2;2;1;6;6;2;6,41,41480;28260;41280,,,,,
g_g001068,west,2,28,0,0,0,1,40,남,2;4;3;2;2;4;3;6,28,42210;26350;46150,,,,,
g_g001070,west,2,21,0,0,0,4,40,남,3;2;2;1;4;3;2;5,11,50130;42210;41250,,,,,
g_g001077,west,3,22,0,0,0,3,20,여,1;1;4;5;2;1;6;6,41,42150;50130;41110,,,,,
g_g001086,west,3,21,0,0,0,1,30,남,2;4;1;4;7;5;2;5,11,26350;50110;44150,,,,,
g_g001100,west,3,2,0,0,0,2,50,여,3;1;2;2;2;3;6;6,44,50130;26350;30200,,,,,
g_g001103,west,3,1,0,0,0,1,30,남,2;1;1;3;2;2;2;5,11,30200;41170;50130,,,,,
g_g001104,west,3,7,0,0,0,2,30,남,2;1;2;2;4;3;4;6,43,42230;47130;46820,,,,,
g_g001106,west,3,24,0,0,0,1,30,여,2;2;1;3;2;1;5;3,11,42210;41830;30230,,,,,
g_g001107,west,2,21,0,0,0,1,40,남,4;1;1;1;4;1;1;3,46,46110;46790;46880,,,,,
g_g001109,west,3,10,0,0,0,3,40,여,2;2;2;2;2;6;6;4,30,50130;42150;26350,,,,,
g_g001111,west,3,10,0,0,0,4,40,남,6;3;3;2;4;6;6;2,45,45110;50130;11680,,,,,
g_g001112,west,3,22,0,0,0,1,30,여,2;1;4;3;4;2;1;7,45,11560;42150;30140,,,,,
g_g001113,west,3,5,0,0,0,0,30,남,5;7;6;3;5;2;5;2,36,50110;30170;11680,,,,,
g_g001114,west,3,1,0,0,0,1,20,남,6;1;2;1;2;6;1;6,41,48220;27260;42150,,,,,
g_g001118,west,3,1,0,0,0,0,20,남,7;1;4;2;2;6;7;1,46,11680;26350;29200,,,,,
g_g001124,west,3,3,0,0,0,0,30,남,7;1;1;7;1;7;7;1,11,42150;50110;46130,,,,,
g_g001129,west,2,21,0,0,0,2,20,여,2;3;3;2;2;2;2;5,30,50110;44230;44150,,,,,
g_g001132,west,3,2,0,0,0,1,20,남,6;1;1;7;6;6;1;7,11,47130;42150;50110,,,,,
g_g001133,west,3,3,0,0,0,1,50,여,4;4;4;4;4;4;4;4,11,26350;42150;46130,,,,,
g_g001135,west,2,2,0,0,0,1,20,여,1;3;2;3;4;5;5;7,29,46150;47130;47770,,,,,
g_g001136,west,2,13,0,0,0,2,40,남,2;2;2;5;6;2;2;2,43,50130;42150;26350,,,,,
g_g001138,west,3,22,0,0,0,2,40,여,6;2;2;3;6;6;6;6,44,50130;11110;42730,,,,,
g_g001144,west,3,25,0,0,0,1,40,여,3;1;1;1;3;3;3;7,28,41280;42110;42150,,,,,
g_g001147,west,3,24,0,0,0,0,30,남,7;1;1;1;1;7;7;7,41,42210;42720;45110,,,,,
g_g001148,west,3,2,0,0,0,3,20,여,6;2;5;6;2;6;6;2,11,11440;50110;43150,,,,,
g_g001151,west,2,22,0,0,0,3,50,여,2;2;1;2;2;3;2;7,30,50130;26710;45110,,,,,
g_g001154,west,3,11,0,0,0,3,30,여,2;3;1;1;4;1;1;7,47,50130;45190;46710,,,,,
g_g001156,west,3,8,0,0,0,2,30,남,4;2;3;2;2;2;2;4,41,42210;42230;42830,,,,,
g_g001164,west,3,12,0,0,0,1,20,여,2;2;4;2;6;2;6;4,43,42150;45110;50130,,,,,
g_g001166,west,2,2,0,0,0,1,40,여,2;1;2;4;5;6;2;7,43,50130;42210;46130,,,,,
g_g001169,west,3,13,0,0,0,1,50,남,1;1;1;4;7;3;2;7,41,42150;41800;44825,,,,,
g_g001171,west,2,2,0,0,0,3,30,남,2;4;2;2;1;4;4;5,29,46710;46890;50130,,,,,
g_g001173,west,3,22,0,0,0,0,30,여,3;1;1;1;6;2;5;2,11,50110;11680;44270,,,,,
g_g001178,west,3,8,0,0,0,2,40,남,4;3;3;3;3;4;1;3,44,50110;50130;11710,,,,,
g_g001187,west,3,21,0,0,0,0,30,여,5;3;3;3;3;3;3;5,29,46790;46880;26200,,,,,
g_g001189,west,3,22,0,0,0,3,50,남,2;1;2;4;2;1;1;6,41,50130;42210;46910,,,,,
g_g001191,west,2,21,0,0,0,1,50,남,1;6;2;6;2;2;2;6,11,42170;50110;43730,,,,,
g_g001194,west,3,12,0,0,0,0,20,여,4;2;1;2;6;6;6;6,45,45110;11680;50110,,,,,
g_g001196,west,3,3,0,0,0,0,30,여,4;2;3;2;3;4;4;2,11,42210;50130;41800,,,,,
g_g001197,west,3,6,0,0,0,1,40,여,4;4;4;4;4;4;4;4,11,50130;50110;42830,,,,,
g_g001199,west,2,22,0,0,0,1,40,여,2;2;6;2;2;7;1;7,46,46770;46130;29170,,,,,
g_g001200,west,3,10,0,0,0,1,20,남,4;4;5;6;3;5;6;4,41,42150;42210;42800,,,,,
g_g001203,west,3,1,0,0,0,2,50,남,1;5;5;6;1;5;7;2,47,47190;47770;47130,,,,,
g_g001204,west,2,2,0,0,0,2,50,남,2;2;6;2;6;6;2;2,30,45730;44710;43740,,,,,
g_g001206,west,3,2,0,0,0,1,40,여,2;3;3;2;4;3;3;5,41,26350;42150;11710,,,,,
g_g001208,west,3,1,0,0,0,2,50,남,4;1;1;1;4;4;2;7,44,44200;42150;50130,,,,,
g_g001209,west,2,21,0,0,0,1,30,여,2;2;2;2;2;2;2;7,41,42150;41820;46130,,,,,
g_g001219,west,3,21,0,0,0,2,30,남,1;1;4;1;1;1;4;1,11,43800;29140;41480,,,,,
g_g001221,west,3,2,0,0,0,3,40,남,1;1;1;6;4;4;6;7,48,42210;50130;48840,,,,,
g_g001222,west,3,21,0,0,0,1,20,남,2;1;1;4;1;2;7;2,41,41590;28710;42110,,,,,
g_g001223,west,3,10,0,0,0,3,50,여,4;3;2;2;2;6;2;6,26,48310;47130;42170,,,,,
g_g001224,west,3,22,0,0,0,1,20,여,3;6;5;4;2;3;5;3,11,44130;41270;41150,,,,,
g_g001225,west,3,22,0,0,0,0,20,여,2;2;2;2;2;2;6;6,43,26710;42150;11110,,,,,
g_g001227,west,3,21,0,0,0,2,50,여,2;2;1;5;4;2;4;2,29,46710;48220;45800,,,,,
g_g001230,west,3,8,0,0,0,3,20,여,1;1;4;4;3;5;3;2,11,41360;41450;50110,,,,,
g_g001231,west,3,1,0,0,0,1,20,남,4;1;4;3;6;2;4;5,46,46110;45800;26500,,,,,
g_g001233,west,3,1,0,0,0,3,50,남,1;1;1;3;4;2;2;7,41,42820;46130;48840,,,,,
g_g001235,west,3,1,0,0,0,0,30,남,3;6;2;5;3;3;2;3,44,11230;44180;30200,,,,,
g_g001237,west,2,2,0,0,0,1,40,남,2;4;2;4;6;2;1;6,29,26200;26350;48840,,,,,
g_g001243,west,3,1,0,0,0,1,40,남,1;1;1;3;4;7;2;6,46,29110;42150;26350,,,,,
g_g001250,west,3,10,0,0,0,1,20,여,2;1;2;2;6;6;7;7,11,42760;42110;42150,,,,,
g_g001256,west,3,22,0,0,0,2,20,여,1;1;1;4;4;4;5;6,29,46130;42150;50110,,,,,
g_g001257,west,2,22,0,0,0,2,30,남,3;4;4;4;2;2;5;5,30,11680;44230;44130,,,,,
g_g001258,west,3,22,0,0,0,5,30,여,4;1;1;4;4;7;1;7,41,46820;42820;26710,,,,,
g_g001261,west,2,11,0,0,0,2,30,여,1;1;1;1;7;1;4;7,27,47110;48890;50130,,,,,
g_g001272,west,3,12,0,0,0,0,30,여,1;1;3;6;4;2;2;7,41,42210;41830;50110,,,,,
g_g001273,west,2,1,0,0,0,2,50,남,2;4;2;2;2;2;2;2,44,30170;44150;42150,,,,,
g_g001276,west,3,26,0,0,0,2,40,여,1;2;1;4;6;4;3;7,11,42150;48840;41270,,,,,
g_g001280,west,3,22,0,0,0,1,20,남,1;2;2;2;2;2;2;7,45,45190;48310;44180,,,,,
g_g001288,west,2,5,0,0,0,1,30,여,2;2;5;3;5;3;5;3,29,46730;46130;46770,,,,,
g_g001289,west,2,24,0,0,0,4,50,남,1;2;5;4;2;4;3;5,30,42820;47130;44180,,,,,
g_g001290,west,3,13,0,0,0,4,50,여,2;2;3;4;2;3;3;4,30,42210;43740;44180,,,,,
g_g001291,west,2,9,0,0,0,1,30,여,4;4;4;4;4;4;4;7,29,46170;50110;50130,,,,,
g_g001293,west,2,3,0,0,0,1,20,여,6;3;2;3;3;6;6;2,41,44150;42150;50130,,,,,
g_g001296,west,3,6,0,0,0,2,40,남,1;1;1;2;7;2;4;7,46,46130;28245;26140,,,,,
g_g001297,west,3,1,0,0,0,0,60,여,3;5;5;2;2;4;2;1,46,46710;46880;50110,,,,,
g_g001299,west,3,21,0,0,0,4,30,여,1;1;6;2;3;2;3;3,41,41830;42210;26350,,,,,
g_g001300,west,3,22,0,0,0,3,20,여,3;2;2;4;5;5;2;7,11,41570;41210;41110,,,,,
g_g001301,west,3,1,0,0,0,1,30,남,4;1;1;4;1;5;2;6,28,50110;11110;27110,,,,,
g_g001305,west,3,1,0,0,0,1,20,여,6;2;2;6;2;2;4;6,11,50130;42210;26350,,,,,
g_g001309,west,3,1,0,0,0,1,20,남,4;2;1;6;6;5;6;7,45,26350;50110;11680,,,,,
g_g001313,west,3,2,0,0,0,1,20,남,4;4;2;5;5;4;6;5,41,11170;26350;47130,,,,,
g_g001315,west,3,2,0,0,0,3,30,남,2;1;2;5;6;5;6;7,41,50130;42210;48840,,,,,
g_g001319,west,3,24,0,0,0,3,50,여,1;3;3;3;1;3;4;3,11,42150;50130;26350,,,,,
g_g001320,west,3,9,0,0,0,1,20,여,3;1;1;4;5;1;4;7,30,50110;42150;26350,,,,,
g_g001322,west,2,12,0,0,0,1,30,남,2;1;5;2;6;6;7;3,41,42170;50130;26350,,,,,
g_g001323,west,2,13,0,0,0,1,50,남,2;4;4;3;2;4;3;4,30,42210;11680;44150,,,,,
g_g001329,west,2,22,0,0,0,1,40,남,1;4;3;3;5;6;1;7,30,30140;44150;43110,,,,,
g_g001337,west,3,22,0,0,0,1,20,남,2;2;2;2;3;3;5;5,28,50130;50110;26350,,,,,
g_g001338,west,3,21,0,0,0,0,20,여,1;2;2;3;1;3;2;7,42,42210;50130;26350,,,,,
g_g001343,west,3,21,0,0,0,4,30,남,1;1;6;1;1;3;2;6,46,46130;50130;45110,,,,,
g_g001344,west,3,2,0,0,0,1,60,여,1;1;1;1;1;1;1;7,45,46710;48860;46150,,,,,
g_g001346,west,3,21,0,0,0,3,50,남,1;1;1;5;7;3;1;7,11,42210;41820;44130,,,,,
g_g001350,west,3,11,0,0,0,2,30,여,5;7;3;5;7;4;4;7,11,11110;41280;42210,,,,,
g_g001352,west,3,2,0,0,0,3,20,여,2;1;1;4;2;1;6;5,45,42830;50130;42210,,,,,
g_g001353,west,3,1,0,0,0,1,30,여,6;1;2;1;6;2;1;6,41,11680;42150;50110,,,,,
g_g001356,west,2,22,0,0,0,0,20,여,3;2;1;2;2;3;3;5,30,44825;44800;50110,,,,,
g_g001362,west,3,2,0,0,0,3,20,남,1;1;1;3;6;2;1;6,28,42150;41460;46770,,,,,
g_g001364,west,3,12,0,0,0,1,20,여,1;1;4;4;1;4;1;1,41,50110;26500;42150,,,,,
g_g001371,west,2,1,0,0,0,2,40,여,5;6;6;6;6;6;6;6,47,47130;47730;27260,,,,,
g_g001374,west,3,2,0,0,0,7,30,남,1;2;1;5;5;2;6;6,29,42210;46130;47920,,,,,
g_g001381,west,3,22,0,0,0,1,20,여,2;1;1;4;5;4;6;1,44,44130;41820;50110,,,,,
g_g001383,west,3,22,0,0,0,3,30,여,2;2;2;2;2;3;6;7,45,26710;26350;29140,,,,,
g_g001386,west,3,10,0,0,0,3,40,남,2;1;2;3;5;4;3;6,48,45790;42210;50110,,,,,
g_g001388,west,3,2,0,0,0,3,40,여,2;1;1;3;6;6;6;7,44,41460;50110;42820,,,,,
g_g001390,west,3,1,0,0,0,0,30,여,3;1;2;4;4;3;6;2,45,11215;45110;50110,,,,,
g_g001556,west,2,21,0,0,0,1,50,남,1;7;7;1;1;5;1;5,11,42150;11650;42750,,,,,
g_g001563,west,2,1,0,0,0,2,40,남,5;6;6;6;6;6;6;6,43,42210;44210;30200,,,,,
g_g001564,west,3,2,0,0,0,2,30,남,3;3;2;6;4;6;4;5,41,42150;43800;45110,,,,,
g_g001565,west,3,12,0,0,0,1,50,남,1;1;4;5;6;5;2;4,30,44760;45750;48120,,,,,
g_g001566,west,2,22,0,0,0,1,40,남,2;4;2;2;3;3;3;3,41,44150;45130;41110,,,,,
g_g001567,west,2,2,0,0,0,2,30,여,6;4;6;6;6;6;6;6,42,11710;45110;43150,,,,,
g_g001575,west,3,2,0,0,0,5,30,남,2;1;3;5;3;3;1;2,42,50130;42210;42150,,,,,
g_g001576,west,3,1,0,0,0,1,30,남,3;4;2;4;6;2;3;3,27,48880;48120;50130,,,,,
g_g001580,west,2,11,0,0,0,0,50,여,4;1;3;2;2;3;2;3,41,50110;50130;26710,,,,,
g_g001584,west,3,10,0,0,0,1,30,남,1;1;1;4;4;4;2;6,11,50130;50110;42230,,,,,
g_g001587,west,3,1,0,0,0,1,30,여,4;4;2;4;6;6;6;7,43,50110;42150;26290,,,,,
g_g001590,west,3,2,0,0,0,0,30,여,2;6;5;2;6;1;6;6,28,42150;46770;26170,,,,,
g_g001598,west,3,11,0,0,0,6,40,남,4;1;6;4;1;7;1;1,41,43130;42210;44770,,,,,
g_g001599,west,3,2,0,0,0,1,30,여,1;1;2;6;2;6;2;6,11,41610;41110;11110,,,,,
g_g001603,west,3,1,0,0,0,1,50,남,5;3;3;3;3;3;4;3,11,42150;41830;41390,,,,,
g_g001606,west,2,22,0,0,0,1,30,여,3;3;3;2;3;4;3;1,30,31140;46130;44790,,,,,
g_g001611,west,3,1,0,0,0,1,30,남,1;1;1;1;1;4;1;7,30,44150;11680;50110,,,,,
g_g001612,west,3,10,0,0,0,2,40,남,1;6;3;6;4;4;6;3,46,46710;29200;45110,,,,,
g_g001614,west,2,21,0,0,0,1,30,여,1;2;3;4;5;2;2;6,36,50130;48840;26350,,,,,
g_g001615,west,2,2,0,0,0,3,40,남,1;2;1;3;2;3;2;6,30,42210;11680;48220,,,,,
g_g001619,west,3,1,0,0,0,1,60,여,1;2;3;4;6;4;2;7,41,42770;31710;28710,,,,,
g_g001620,west,3,1,0,0,0,0,30,남,3;3;2;5;2;5;4;5,30,11680;42150;50110,,,,,
g_g001621,west,2,13,0,0,0,0,40,남,2;4;2;2;2;4;4;6,30,50130;26350;42210,,,,,
g_g001623,west,2,22,0,0,0,3,50,여,2;1;1;1;4;4;2;4,29,29110;46860;46720,,,,,
g_g001625,west,2,1,0,0,0,1,50,여,2;2;5;4;4;6;2;5,41,42150;50130;50110,,,,,
g_g001627,west,2,2,0,0,0,3,40,남,3;5;1;3;5;4;7;4,30,46890;42210;26200,,,,,
g_g001630,west,3,2,0,0,0,1,20,여,2;2;2;5;4;3;5;6,28,42150;50110;46130,,,,,
g_g001640,west,3,22,0,0,0,3,50,여,2;4;2;6;4;4;4;3,11,42150;41820;28710,,,,,
g_g001644,west,3,2,0,0,0,1,30,여,4;2;2;4;2;1;1;5,11,26350;11440;11200,,,,,
g_g001645,west,3,10,0,0,0,4,50,남,2;1;3;3;4;6;6;5,30,46130;26440;42210,,,,,
g_g001646,west,3,3,0,0,0,3,30,여,3;1;1;6;7;2;1;6,41,42230;42210;11680,,,,,
g_g001648,west,2,22,0,0,0,1,40,여,2;2;4;2;2;3;3;5,46,50130;46130;42150,,,,,
g_g001650,west,2,11,0,0,0,3,50,여,4;7;1;2;6;3;2;1,46,29155;46840;26710,,,,,
g_g001651,west,3,12,0,0,0,1,30,남,3;3;2;4;6;3;5;4,43,42150;47770;46150,,,,,
g_g001652,west,2,6,0,0,0,0,40,여,4;6;2;2;2;2;6;2,45,11680;11650;11170,,,,,
g_g001656,west,3,26,0,0,0,0,30,여,4;1;4;4;1;4;4;7,41,50110;45110;42150,,,,,
g_g001662,west,3,8,0,0,0,2,50,남,2;2;2;2;4;2;6;6,11,42150;42800;41830,,,,,
g_g001665,west,2,21,0,0,0,2,60,여,2;5;3;3;3;3;4;5,29,46790;46170;46710,,,,,
g_g001668,west,3,22,0,0,0,1,30,남,4;2;2;2;6;5;2;7,48,50130;11500;46130,,,,,
g_g001669,west,2,21,0,0,0,0,20,여,1;6;1;4;2;2;6;7,30,50130;48840;46150,,,,,
g_g001673,west,2,22,0,0,0,1,30,남,2;4;2;4;5;4;5;4,29,50110;48840;26500,,,,,
g_g001674,west,3,1,0,0,0,2,40,남,2;2;1;2;3;3;3;7,11,42230;42150;44825,,,,,
g_g001677,west,2,22,0,0,0,3,50,남,1;2;1;3;4;2;2;3,44,42150;44150;50130,,,,,
g_g001678,west,3,3,0,0,0,2,30,남,3;4;5;3;4;6;5;5,11,50130;42210;26200,,,,,
g_g001679,west,2,22,0,0,0,1,30,여,1;3;1;3;1;3;7;7,45,42150;48310;45710,,,,,
g_g001681,west,3,10,0,0,0,1,20,남,1;1;2;2;2;5;1;7,43,50110;26350;42150,,,,,
g_g001682,west,3,8,0,0,0,2,30,남,7;5;7;3;4;6;5;4,30,30110;43110;43770,,,,,
g_g001684,west,2,22,0,0,0,0,30,여,4;6;2;3;2;2;4;3,44,26230;30200;44810,,,,,
g_g001686,west,3,1,0,0,0,1,30,여,3;2;1;3;6;6;2;7,43,44150;41290;42150,,,,,
g_g001689,west,3,2,0,0,0,1,30,여,3;2;2;3;2;3;5;4,45,50110;45710;29110,,,,,
g_g001690,west,3,22,0,0,0,2,20,남,4;2;2;3;4;3;2;6,43,45130;50130;26500,,,,,
g_g001692,west,3,5,0,0,0,2,50,남,1;3;4;3;5;4;2;7,36,50110;45790;44710,,,,,
g_g001693,west,2,22,0,0,0,1,30,여,4;4;3;3;5;3;2;5,45,11230;30140;50110,,,,,
g_g001694,west,2,4,0,0,0,1,20,남,2;1;5;2;1;5;2;6,44,45110;50130;44180,,,,,
g_g001695,west,2,22,0,0,0,0,30,여,1;5;4;4;4;1;5;7,11,50130;42170;43110,,,,,
g_g001697,west,3,4,0,0,0,3,40,남,1;4;4;6;6;6;2;4,29,50130;46870;46710,,,,,
g_g001698,west,3,12,0,0,0,0,20,남,4;2;2;6;2;2;2;2,46,46130;46110;29155,,,,,
g_g001700,west,3,2,0,0,0,2,30,남,4;4;4;4;4;4;4;4,30,11680;26350;50110,,,,,
g_g001701,west,3,6,0,0,0,2,40,남,2;4;3;5;5;3;3;6,41,42150;42830;44825,,,,,
g_g001702,west,3,2,0,0,0,1,20,남,1;1;1;5;3;5;4;7,28,50130;47130;26350,,,,,
g_g001703,west,3,1,0,0,0,1,20,남,4;2;6;6;5;2;6;2,47,26500;27140;47210,,,,,
g_g001704,west,3,24,0,0,0,0,20,여,1;1;2;7;7;1;3;6,11,50130;42820;42830,,,,,
g_g001708,west,2,1,0,0,0,1,40,여,6;1;2;1;1;2;1;7,45,26500;11710;46710,,,,,
g_g001710,west,3,5,0,0,0,0,20,남,4;1;3;5;3;3;1;5,45,50110;29140;11680,,,,,
g_g001715,west,2,1,0,0,0,3,40,여,4;3;3;1;1;4;3;5,30,50110;11170;44150,,,,,
g_g001716,west,3,21,0,0,0,0,30,여,5;2;3;4;4;4;5;4,41,50110;26350;42210,,,,,
g_g001718,west,3,2,0,0,0,1,40,남,6;6;3;2;2;6;6;5,29,46130;11170;50110,,,,,
g_g001721,west,2,22,0,0,0,2,30,여,1;7;1;4;7;4;2;7,26,31710;47130;50110,,,,,
g_g001722,west,3,1,0,0,0,1,20,여,4;3;4;4;3;3;5;4,28,50130;11680;30200,,,,,
g_g001724,west,2,21,0,0,0,1,40,여,1;3;1;3;3;5;3;5,29,50130;50110;46710,,,,,
g_g001733,west,3,1,0,0,0,1,20,여,1;1;2;2;1;2;2;7,43,50110;42150;26350,,,,,
g_g001734,west,3,2,0,0,0,0,20,여,2;6;3;3;6;6;2;7,11,42150;41830;41480,,,,,
g_g001740,west,3,22,0,0,0,1,30,남,4;2;6;2;2;2;6;6,45,46130;11710;30200,,,,,
g_g001741,west,3,2,0,0,0,0,30,남,1;1;4;2;2;5;3;7,11,42150;42170;50110,,,,,
g_g001743,west,2,22,0,0,0,0,40,남,2;3;2;2;3;3;3;6,30,50130;26350;42150,,,,,
g_g001753,west,3,21,0,0,0,1,30,여,1;1;1;1;1;5;1;1,41,50110;44825;42210,,,,,
g_g001755,west,3,11,0,0,0,3,40,남,4;4;2;7;7;6;4;7,11,42210;28710;41210,,,,,
g_g001761,west,3,12,0,0,0,2,50,남,1;4;2;4;2;2;4;4,41,42820;42720;43800,,,,,
g_g001763,west,3,11,0,0,0,3,50,여,2;2;2;2;2;6;2;7,41,42210;42820;44825,,,,,
g_g001764,west,3,13,0,0,0,2,50,남,2;4;2;4;7;7;6;4,41,42230;44825;45110,,,,,
g_g001765,west,3,11,0,0,0,1,30,남,3;1;1;2;2;3;1;7,45,50110;42150;11680,,,,,
g_g001768,west,3,2,0,0,0,4,30,여,4;5;5;4;2;4;4;6,47,47280;27260;11710,,,,,
g_g001779,west,3,4,0,0,0,1,40,여,4;4;1;4;5;1;5;4,41,48840;48220;26350,,,,,
g_g001780,west,2,13,0,0,0,4,40,여,4;5;4;4;6;4;2;4,29,46710;29200;45130,,,,,
g_g001786,west,3,1,0,0,0,3,50,남,4;4;1;2;4;4;3;6,41,50130;46710;42230,,,,,
g_g001789,west,3,1,0,0,0,1,20,여,3;2;2;3;3;5;3;6,41,41190;11110;42150,,,,,
g_g001791,west,3,8,0,0,0,2,30,남,2;4;1;2;2;2;3;7,41,42830;11110;41590,,,,,
g_g001794,west,2,22,0,0,0,1,20,여,1;4;4;3;3;4;3;4,41,41550;44270;43130,,,,,
g_g001795,west,3,22,0,0,0,3,40,남,1;4;4;6;7;7;6;4,41,42780;41800;48840,,,,,
g_g001796,west,3,1,0,0,0,0,20,여,2;2;2;3;2;4;3;5,41,11680;41110;44200,,,,,
g_g001797,west,3,3,0,0,0,4,50,남,2;2;2;4;5;5;3;4,41,42760;42130;26350,,,,,
g_g001798,west,3,10,0,0,0,2,30,남,2;2;1;2;1;5;2;6,45,45800;45730;30200,,,,,
g_g001799,west,2,8,0,0,0,1,20,여,1;7;1;7;1;1;7;7,46,50110;11170;30140,,,,,
g_g001803,west,2,13,0,0,0,3,40,여,4;5;3;3;6;6;2;7,29,50130;11110;46130,,,,,
g_g001806,west,3,22,0,0,0,1,40,여,2;5;2;4;3;3;6;7,11,41830;41590;44150,,,,,
g_g001810,west,2,2,0,0,0,3,30,남,3;3;3;3;3;5;5;5,44,50130;26350;42150,,,,,
g_g001812,west,2,1,0,0,0,3,40,남,2;6;2;2;4;2;6;3,11,11560;41480;44130,,,,,
g_g001818,west,3,12,0,0,0,3,20,여,6;6;3;5;6;2;3;1,26,11110;47130;46230,,,,,
g_g001819,west,3,21,0,0,0,1,20,남,2;1;1;4;5;3;3;5,11,41820;42150;41590,,,,,
g_g001826,west,3,12,0,0,0,4,40,여,2;2;2;2;2;2;4;2,30,48220;42150;50130,,,,,
g_g001829,west,3,2,0,0,0,0,20,여,4;2;5;3;3;2;6;6,28,50110;42210;29155,,,,,
g_g001830,west,3,22,0,0,0,0,30,남,4;3;4;5;4;5;2;7,41,31140;26350;45110,,,,,
g_g001832,west,3,13,0,0,0,2,40,여,1;1;1;1;1;1;6;7,44,44825;44270;46130,,,,,
g_g001833,west,3,22,0,0,0,3,30,여,4;6;5;4;4;4;4;4,45,45110;50130;30200,,,,,
g_g001834,west,2,2,0,0,0,3,20,여,1;5;2;2;4;2;6;6,45,44770;11260;45110,,,,,
g_g001835,west,2,24,0,0,0,0,30,여,1;4;4;2;2;2;2;4,29,26500;26350;26710,,,,,
g_g001836,west,3,22,0,0,0,2,30,여,3;3;7;2;1;7;1;3,29,46130;45800;46710,,,,,
g_g001837,west,2,12,0,0,0,1,20,여,4;3;4;6;4;4;6;6,30,26350;50110;31140,,,,,
g_g001846,west,2,10,0,0,0,1,30,남,5;6;3;6;6;5;6;7,44,44200;30200;42150,,,,,
g_g001850,west,2,2,0,0,0,2,30,여,2;7;1;1;3;2;7;1,45,46710;47130;45110,,,,,
g_g001856,west,3,21,0,0,0,1,40,여,1;4;2;4;2;2;3;5,41,42210;41650;26350,,,,,
g_g001857,west,2,10,0,0,0,1,50,남,2;5;5;4;2;5;4;3,29,50130;26710;46730,,,,,
g_g001859,west,3,21,0,0,0,3,50,남,2;3;2;4;4;5;5;7,43,42170;43800;42750,,,,,
g_g001866,west,2,1,0,0,0,0,20,여,4;7;1;1;1;6;7;7,30,50130;26350;47130,,,,,
g_g001868,west,3,1,0,0,0,2,40,남,4;4;2;3;6;2;2;6,27,48120;31710;50110,,,,,
g_g001875,west,3,1,0,0,0,3,40,남,6;1;1;7;6;6;6;6,46,29200;11410;26350,,,,,
g_g001876,west,2,5,0,0,0,3,40,남,2;3;2;5;2;2;2;1,29,26710;50130;44150,,,,,
g_g001877,west,2,2,0,0,0,2,30,여,3;3;3;5;3;3;3;5,45,11410;45130;46130,,,,,
g_g001879,west,2,12,0,0,0,1,30,여,1;1;1;1;7;7;7;7,46,11110;26350;29155,,,,,
g_g001880,west,2,3,0,0,0,5,30,여,5;1;2;6;2;2;2;2,41,46130;31170;48820,,,,,
g_g001881,west,2,1,0,0,0,1,20,남,5;2;4;4;3;6;2;4,45,45110;30200;11680,,,,,
g_g001882,west,2,2,0,0,0,2,20,여,4;7;6;7;7;6;4;3,46,46130;26350;11230,,,,,
g_g001884,west,2,27,0,0,0,1,50,여,1;7;1;1;1;4;4;1,11,50130;42210;48220,,,,,
g_g001888,west,3,1,0,0,0,2,50,남,3;3;5;4;5;4;2;4,41,42820;42170;44810,,,,,
g_g001890,west,2,12,0,0,0,1,40,여,1;6;3;2;6;6;1;7,30,30110;44150;42820,,,,,
g_g001891,west,2,1,0,0,0,0,20,여,3;3;3;2;2;3;6;2,45,30200;29200;50110,,,,,
g_g001895,west,3,3,0,0,0,1,20,여,4;4;4;4;3;4;5;4,46,50130;46130;46150,,,,,
g_g001900,west,3,1,0,0,0,1,30,남,1;1;1;7;4;4;7;7,41,44810;43150;42130,,,,,
g_g001913,west,3,1,0,0,0,2,30,여,4;1;4;1;4;5;7;1,46,26350;50130;11680,,,,,
g_g001914,west,2,1,0,0,0,1,30,여,3;1;2;3;3;5;6;3,47,50110;47190;47210,,,,,
g_g001916,west,2,1,0,0,0,1,20,여,3;2;1;5;5;2;6;7,43,50110;27260;45110,,,,,
g_g001920,west,2,2,0,0,0,3,30,여,1;4;2;2;2;2;5;7,45,50130;50110;42150,,,,,
g_g001928,west,2,1,0,0,0,0,40,여,1;1;1;4;1;4;7;1,45,50110;26350;47130,,,,,
g_g001929,west,3,5,0,0,0,1,30,여,1;1;1;5;2;1;3;7,28,46150;47170;48850,,,,,
g_g001932,west,3,22,0,0,0,1,20,여,5;6;7;5;2;6;7;1,30,50130;26350;46130,,,,,
g_g001947,west,3,1,0,0,0,3,30,남,4;1;4;4;1;1;7;4,30,50110;45110;11680,,,,,
g_g001954,west,2,2,0,0,0,1,20,남,2;3;2;2;2;4;4;4,29,29200;45190;46710,,,,,
g_g001963,west,2,13,0,0,0,1,50,남,4;6;4;4;5;4;4;5,44,42210;44825;48310,,,,,
g_g001964,west,3,22,0,0,0,0,40,여,7;4;3;4;5;3;5;5,11,46130;30200;41150,,,,,
g_g001965,west,3,23,0,0,0,3,20,여,4;4;6;4;4;5;6;5,43,41480;41280;11110,,,,,
g_g001977,west,3,2,0,0,0,4,60,여,3;3;4;3;3;2;3;2,41,50130;42210;26350,,,,,
g_g001981,west,3,12,0,0,0,1,20,남,2;2;2;4;2;1;6;6,41,50130;50110;42170,,,,,
g_g001984,west,3,26,0,0,0,1,20,여,1;1;1;1;4;5;1;7,11,26710;42210;50130,,,,,
g_g001993,west,2,2,0,0,0,1,20,여,1;1;1;4;6;1;4;7,41,41820;42720;43730,,,,,
g_g002014,west,3,1,0,0,0,2,30,남,2;6;2;7;7;2;7;1,42,42150;42830;42110,,,,,
g_g002017,west,2,26,0,0,0,1,40,남,2;3;3;3;1;1;1;7,30,50110;50130;42150,,,,,
g_g002019,west,3,12,0,0,0,1,20,여,2;2;4;5;5;6;1;6,11,41430;42210;41460,,,,,
g_g002028,west,3,2,0,0,0,3,40,남,6;2;2;2;2;6;3;7,30,47130;43730;50110,,,,,
g_g002032,west,3,3,0,0,0,6,40,남,4;2;2;2;2;4;2;6,41,42760;42210;50130,,,,,
g_g002035,west,3,22,0,0,0,1,40,여,1;1;1;1;1;7;1;7,28,42150;50130;26350,,,,,
g_g002037,west,2,1,0,0,0,1,30,남,2;2;4;2;4;3;6;6,11,42210;41820;41360,,,,,
g_g002041,west,3,1,0,0,0,1,50,여,4;4;4;1;1;4;2;3,41,50110;42150;48310,,,,,
g_g002046,west,3,2,0,0,0,1,40,여,4;2;1;5;1;7;1;7,44,50130;26350;11110,,,,,
g_g002048,west,3,21,0,0,0,0,30,남,4;2;4;1;1;7;1;4,43,43770;43760;42150,,,,,
g_g002056,west,2,2,0,0,0,3,50,여,1;1;1;3;7;7;1;7,28,50110;26350;47110,,,,,
g_g002059,west,3,12,0,0,0,2,50,남,2;2;1;3;2;2;2;5,11,42820;46110;44150,,,,,
g_g002073,west,2,1,0,0,0,1,30,여,6;7;7;3;6;7;2;7,27,47290;48170;47130,,,,,
g_g002075,west,3,22,0,0,0,2,20,여,6;6;2;6;6;2;5;5,11,41670;11680;42210,,,,,
g_g002078,west,3,1,0,0,0,3,20,여,3;3;3;3;5;5;7;7,45,11680;30140;45130,,,,,
g_g002088,west,3,1,0,0,0,2,20,여,3;2;1;4;2;2;1;7,41,42210;30140;50130,,,,,
g_g002089,west,3,22,0,0,0,1,20,여,1;1;1;3;7;2;2;7,41,50130;48840;11440,,,,,
g_g002094,west,3,2,0,0,0,1,20,여,3;2;1;4;7;2;1;5,41,42150;46130;26290,,,,,
g_g002096,west,2,13,0,0,0,0,50,여,7;2;2;3;6;2;2;6,41,42210;46730;50130,,,,,
g_g002098,west,3,1,0,0,0,2,60,남,1;1;1;6;2;4;1;6,41,42810;44180;43760,,,,,
g_g002104,west,3,1,0,0,0,1,20,남,4;3;2;2;3;3;6;5,29,11560;26500;50130,,,,,
g_g002109,west,3,1,0,0,0,2,60,여,2;4;4;6;4;4;3;4,29,46710;45770;11680,,,,,
g_g002110,west,3,10,0,0,0,3,30,여,3;2;2;2;2;4;3;3,30,50130;42150;46130,,,,,
g_g002120,west,2,13,0,0,0,1,50,남,7;7;4;4;7;7;7;4,30,42210;42720;42730,,,,,
g_g002122,west,3,24,0,0,0,1,60,남,2;2;6;2;1;6;1;1,29,50130;50110;46790,,,,,
g_g002127,west,3,3,0,0,0,1,20,여,2;2;2;3;3;6;6;5,43,43110;43130;43760,,,,,
g_g002130,west,3,1,0,0,0,7,40,여,4;1;1;2;4;2;2;7,11,41820;26350;44825,,,,,
g_g002134,west,3,8,0,0,0,1,30,여,5;2;2;3;6;4;6;5,47,27110;47150;30140,,,,,
g_g002144,west,3,1,0,0,0,1,20,여,4;2;1;4;4;1;6;3,11,46130;26350;42150,,,,,
g_g002148,west,2,2,0,0,0,0,40,여,5;5;3;3;3;6;2;6,36,50130;42830;26710,,,,,
g_g002151,west,3,10,0,0,0,1,30,남,5;2;2;3;6;4;3;5,11,50110;42150;28140,,,,,
g_g002152,west,3,27,0,0,0,2,20,여,1;5;2;5;5;6;7;6,41,42210;50110;43800,,,,,
g_g002154,west,3,8,0,0,0,1,50,남,2;4;3;4;2;3;2;6,30,44230;44210;30170,,,,,
g_g002156,west,3,2,0,0,0,1,20,여,1;1;4;3;1;6;2;7,29,46130;48220;11680,,,,,
g_g002159,west,3,12,0,0,0,1,40,남,1;1;1;5;3;2;6;3,11,50130;42210;41830,,,,,
g_g002164,west,3,1,0,0,0,1,20,남,3;2;2;2;5;3;2;3,41,50130;11680;26350,,,,,
g_g002169,west,3,1,0,0,0,0,30,남,2;5;6;6;2;6;2;3,27,47130;47110;48890,,,,,
g_g002176,west,3,12,0,0,0,2,20,여,3;3;4;3;3;2;2;6,11,42150;41270;26440,,,,,
g_g002177,west,3,8,0,0,0,0,40,여,2;3;3;4;3;4;4;4,41,42150;48220;41800,,,,,
g_g002178,west,3,1,0,0,0,1,20,여,1;1;1;3;3;2;6;6,29,50130;50110;26500,,,,,
g_g002189,west,3,1,0,0,0,1,20,여,5;2;4;2;4;4;3;5,45,26350;46130;48220,,,,,
g_g002190,west,3,7,0,0,0,1,20,여,3;3;2;4;6;3;7;2,11,50130;50110;26350,,,,,
g_g002195,west,3,22,0,0,0,1,30,여,2;6;4;6;2;2;6;4,29,46710;50130;46790,,,,,
g_g002202,west,3,26,0,0,0,1,20,여,4;1;4;4;4;7;2;7,27,47190;41110;27110,,,,,
g_g002207,west,3,2,0,0,0,3,50,남,1;1;1;2;2;2;2;6,30,30200;11680;50110,,,,,
g_g002212,west,2,2,0,0,0,1,30,남,1;2;1;3;3;4;5;2,29,50130;50110;46710,,,,,
g_g002214,west,3,24,0,0,0,4,40,남,7;2;2;5;6;2;7;6,43,41820;30200;44150,,,,,
g_g002219,west,3,11,0,0,0,2,40,남,2;2;6;2;4;4;3;4,41,42210;50130;42150,,,,,
g_g002220,west,3,21,0,0,0,1,50,남,3;2;2;4;2;3;4;4,41,50130;46130;26350,,,,,
g_g002222,west,3,23,0,0,0,2,40,여,4;5;5;3;3;6;4;5,47,27710;47820;47130,,,,,
g_g002223,west,3,21,0,0,0,1,30,남,6;3;7;2;5;5;2;6,41,42150;45190;11680,,,,,
g_g002224,west,3,21,0,0,0,0,30,남,1;1;1;1;1;1;1;7,11,44270;44150;50110,,,,,
g_g002230,west,3,1,0,0,0,2,20,여,3;1;2;3;1;2;3;5,45,29110;45110;29170,,,,,
g_g002232,west,3,22,0,0,0,1,20,남,7;1;7;1;1;4;7;7,27,26350;11140;47110,,,,,
g_g002233,west,3,22,0,0,0,1,40,남,1;4;4;3;4;3;4;6,44,47920;44825;47110,,,,,
g_g002235,west,3,13,0,0,0,1,30,남,7;4;1;4;7;7;2;2,30,45110;44180;50110,,,,,
g_g002238,west,3,2,0,0,0,1,20,여,2;2;1;3;6;4;3;3,41,50130;26170;42150,,,,,
g_g002241,west,3,1,0,0,0,4,30,여,1;1;1;1;1;2;7;6,44,42770;50130;48840,,,,,
g_g002242,west,2,21,0,0,0,0,50,여,1;7;1;4;2;2;7;5,11,46810;45140;46710,,,,,
g_g002244,west,2,1,0,0,0,1,50,남,2;7;2;1;4;2;6;3,11,43110;42820;26350,,,,,
g_g002245,west,3,10,0,0,0,9,30,여,4;4;2;1;4;4;2;1,28,46710;41820;26710,,,,,
g_g002247,west,3,22,0,0,0,2,40,여,4;2;5;5;5;6;6;5,43,42150;46150;26350,,,,,
g_g002255,west,3,1,0,0,0,1,40,남,1;1;1;5;2;7;1;2,45,11110;46800;47930,,,,,
g_g002256,west,3,1,0,0,0,3,30,여,4;2;6;2;2;6;7;7,42,11140;44130;29110,,,,,
g_g002258,west,2,21,0,0,0,8,40,남,4;1;7;1;1;4;1;4,30,44180;46130;45730,,,,,
g_g002262,west,2,2,0,0,0,2,30,남,5;3;3;1;1;2;6;5,46,50130;26350;11680,,,,,
g_g002264,west,3,1,0,0,0,1,30,여,3;4;3;2;2;4;6;2,26,26500;47130;45110,,,,,
g_g002271,west,3,2,0,0,0,1,30,남,2;2;1;3;2;4;2;6,41,50130;42830;45110,,,,,
g_g002273,west,3,1,0,0,0,3,50,여,4;1;2;4;4;6;3;2,45,50110;46110;11710,,,,,
g_g002275,west,2,2,0,0,0,1,20,남,4;2;6;1;2;3;2;6,44,41280;41820;47130,,,,,
g_g002412,west,3,1,0,0,0,2,30,여,1;2;4;2;2;5;3;5,29,46710;28260;50130,,,,,
g_g002416,west,2,22,0,0,0,3,30,남,2;3;2;3;2;2;6;7,41,43800;42210;47130,,,,,
g_g002417,west,3,13,0,0,0,0,20,여,4;1;3;2;3;5;7;7,27,26350;11170;50130,,,,,
g_g002421,west,3,2,0,0,0,1,30,남,4;2;3;5;3;3;3;5,48,50110;42150;26350,,,,,
g_g002429,west,3,12,0,0,0,1,50,여,1;1;3;2;2;3;2;6,43,50130;44180;45800,,,,,
g_g002431,west,2,21,0,0,0,0,50,여,5;4;6;3;4;6;6;1,41,42210;50130;26350,,,,,
g_g002436,west,3,12,0,0,0,0,20,여,3;2;2;3;3;2;5;5,41,50130;45110;26350,,,,,
g_g002438,west,3,1,0,0,0,4,50,여,1;3;1;4;4;6;4;6,41,46890;44270;48170,,,,,
g_g002440,west,3,10,0,0,0,1,20,남,6;2;2;2;1;4;2;6,30,11680;27230;50110,,,,,
g_g002441,west,3,11,0,0,0,3,40,남,1;1;5;1;1;7;1;7,41,42210;45800;44825,,,,,
g_g002445,west,2,22,0,0,0,2,30,여,2;1;2;2;3;4;7;6,46,50130;50110;46130,,,,,
g_g002446,west,3,2,0,0,0,1,20,남,2;1;1;7;6;3;2;6,11,50130;42150;26350,,,,,
g_g002460,west,3,2,0,0,0,1,50,여,2;6;4;4;4;2;4;7,27,47110;31140;45110,,,,,
g_g002465,west,3,2,0,0,0,1,50,여,2;4;2;4;5;5;3;5,11,47150;50130;42210,,,,,
g_g002466,west,3,11,0,0,0,2,40,여,4;2;2;4;6;3;6;6,30,44150;43730;43110,,,,,
g_g002472,west,3,1,0,0,0,3,60,여,2;2;2;1;1;5;4;4,30,46150;50130;42150,,,,,
g_g002473,west,3,2,0,0,0,1,30,남,6;1;1;1;6;3;7;5,41,42150;47130;28720,,,,,
g_g002475,west,2,27,0,0,0,3,50,여,1;7;1;1;1;7;1;7,45,50130;46130;42150,,,,,
g_g002478,west,3,1,0,0,0,1,20,남,7;2;2;4;5;4;2;6,29,50110;11680;29200,,,,,
g_g002483,west,3,8,0,0,0,0,20,남,2;6;1;2;6;2;2;6,27,47130;11680;46770,,,,,
g_g002492,west,3,1,0,0,0,2,40,남,3;5;5;4;2;3;5;3,43,41110;41130;30230,,,,,
g_g002496,west,3,11,0,0,0,5,60,여,3;3;2;3;5;3;3;5,36,44800;30170;43130,,,,,
g_g002497,west,2,22,0,0,0,0,40,남,5;3;2;3;5;2;2;3,11,42150;42210;30140,,,,,
g_g002500,west,3,5,0,0,0,1,40,여,2;5;6;3;2;6;1;4,45,50130;44180;46130,,,,,
g_g002512,west,3,1,0,0,0,1,50,여,1;1;4;1;1;4;3;5,43,43110;11410;42130,,,,,
g_g002513,west,2,1,0,0,0,2,20,여,3;5;2;2;2;5;6;6,41,50110;26350;42150,,,,,
g_g002516,west,3,2,0,0,0,1,50,남,1;1;1;2;1;1;6;1,26,50110;50130;45190,,,,,
g_g002519,west,3,1,0,0,0,3,50,남,5;4;5;3;6;5;5;6,29,45110;48120;50130,,,,,
g_g002521,west,3,2,0,0,0,2,30,여,1;1;1;1;1;3;2;3,11,42830;50130;28710,,,,,
g_g002533,west,3,21,0,0,0,2,30,여,4;4;4;7;7;1;7;5,44,11110;45180;44825,,,,,
g_g002538,west,3,21,0,0,0,1,30,남,5;5;5;2;3;5;6;3,11,50110;42150;26710,,,,,
g_g002542,west,3,1,0,0,0,1,30,남,2;6;2;5;2;2;6;6,11,46710;29200;26350,,,,,
g_g002543,west,2,6,0,0,0,1,30,남,2;2;6;2;2;5;5;3,46,50130;46130;26350,,,,,
g_g002545,west,3,22,0,0,0,3,20,남,1;1;1;7;7;1;1;7,41,42210;46150;46900,,,,,
g_g002546,west,3,11,0,0,0,4,30,남,6;6;6;3;3;2;5;7,36,50110;44150;30230,,,,,
g_g002552,west,3,2,0,0,0,3,20,여,6;1;1;1;6;2;7;7,28,42150;26350;46130,,,,,
g_g002554,west,2,12,0,0,0,0,30,여,4;2;2;4;4;4;2;6,29,26500;50110;46130,,,,,
g_g002560,west,3,21,0,0,0,1,20,남,6;3;2;7;7;6;2;7,45,42150;46710;45110,,,,,
g_g002564,west,3,3,0,0,0,0,20,남,2;1;1;7;6;2;2;4,11,50130;26350;11680,,,,,
g_g002565,west,3,2,0,0,0,2,30,남,2;3;2;2;5;5;3;6,41,28200;44210;42760,,,,,
g_g002570,west,3,1,0,0,0,1,30,여,3;3;3;2;4;5;3;3,30,50130;11680;42830,,,,,
g_g002583,west,3,21,0,0,0,0,20,여,3;1;1;3;6;1;1;7,41,47130;26350;42170,,,,,
g_g002585,west,2,2,0,0,0,2,40,남,2;2;2;1;7;7;1;3,45,44760;11170;29170,,,,,
g_g002588,west,3,2,0,0,0,2,40,남,1;1;1;4;6;4;2;2,45,47930;42230;44825,,,,,
g_g002593,west,3,1,0,0,0,3,50,남,2;2;2;4;6;5;4;7,41,42110;41820;43730,,,,,
g_g002601,west,3,1,0,0,0,0,20,남,4;4;4;4;2;2;3;4,11,42760;29140;46820,,,,,
g_g002603,west,3,12,0,0,0,1,30,여,3;1;1;5;7;7;4;7,41,27140;30200;30230,,,,,
g_g002606,west,2,1,0,0,0,1,50,남,1;4;4;4;3;5;5;3,29,46870;46900;46130,,,,,
g_g002607,west,2,21,0,0,0,3,30,남,2;2;2;4;5;3;2;3,36,45190;48240;42210,,,,,
g_g002612,west,3,1,0,0,0,1,30,남,1;1;3;4;2;2;1;5,43,50130;42150;48240,,,,,
g_g002616,west,2,24,0,0,0,1,60,남,1;2;2;3;6;6;6;2,41,42210;43800;44180,,,,,
g_g002620,west,3,1,0,0,0,0,30,남,4;4;4;1;4;2;1;6,44,26530;42210;42150,,,,,
g_g002622,west,3,1,0,0,0,3,30,여,6;2;2;1;6;6;6;2,44,50130;26170;46110,,,,,
g_g002624,west,3,1,0,0,0,2,40,남,2;2;5;4;3;6;6;2,41,42150;44180;42760,,,,,
g_g002626,west,3,2,0,0,0,1,30,여,6;5;4;2;5;2;5;4,28,11680;26350;42150,,,,,
g_g002627,west,3,2,0,0,0,3,30,남,4;1;1;1;6;3;1;6,41,41820;42720;50130,,,,,
g_g002631,west,2,1,0,0,0,1,30,여,5;2;1;4;5;3;3;2,45,26710;42150;29140,,,,,
g_g002632,west,3,2,0,0,0,0,20,여,2;2;2;5;6;2;2;4,11,11305;11680;41450,,,,,
g_g002633,west,2,21,0,0,0,1,30,남,2;2;4;4;2;4;2;7,36,44150;43110;50130,,,,,
g_g002634,west,2,12,0,0,0,1,30,남,1;1;1;4;3;5;6;7,29,50130;42150;46710,,,,,
g_g002636,west,2,12,0,0,0,1,30,여,4;5;4;2;2;5;6;3,47,47130;26350;27110,,,,,
g_g002637,west,3,4,0,0,0,0,40,여,4;2;4;1;4;2;4;3,44,42150;41820;30230,,,,,
g_g002638,west,3,21,0,0,0,1,20,여,3;1;2;4;4;4;1;7,36,50110;46130;42830,,,,,
g_g002647,west,3,1,0,0,0,2,40,여,4;5;3;4;4;5;2;5,29,46720;45110;11710,,,,,
g_g002648,west,3,10,0,0,0,3,40,여,5;1;3;5;5;5;6;5,29,46710;45790;46150,,,,,
g_g002657,west,3,2,0,0,0,0,30,여,3;3;5;6;3;3;5;2,11,27260;30230;43800,,,,,
g_g002658,west,3,22,0,0,0,3,30,여,1;1;2;3;1;4;6;4,11,42170;26350;43150,,,,,
g_g002668,west,3,3,0,0,0,1,30,여,1;1;2;2;2;3;2;3,27,50130;47110;42150,,,,,
g_g002671,west,3,2,0,0,0,1,20,여,4;1;1;3;5;6;7;6,46,46130;50110;50130,,,,,
g_g002679,west,2,2,0,0,0,2,30,여,3;4;2;4;5;3;3;3,43,50110;26350;48310,,,,,
g_g002680,west,3,2,0,0,0,1,20,여,1;1;3;4;3;4;1;6,41,42830;50110;46130,,,,,
g_g002683,west,3,27,0,0,0,3,40,남,2;2;2;2;2;2;2;6,36,50110;45800;26350,,,,,
g_g002688,west,3,2,0,0,0,4,30,남,4;2;1;6;2;4;6;2,41,50110;46130;48220,,,,,
g_g002690,west,2,1,0,0,0,1,20,여,2;4;3;1;3;3;6;4,30,42150;50110;26350,,,,,
g_g002691,west,3,10,0,0,0,2,50,남,1;1;6;2;1;2;6;2,41,50130;42830;43800,,,,,
g_g002693,west,3,13,0,0,0,1,20,여,1;1;4;5;2;5;7;7,11,50110;42150;42210,,,,,
g_g002698,west,3,22,0,0,0,0,20,여,5;2;2;2;6;5;6;6,41,11440;42150;50110,,,,,
g_g002701,west,3,22,0,0,0,0,20,여,3;1;1;4;3;4;3;6,41,50110;26350;43150,,,,,
g_g002702,west,3,2,0,0,0,2,40,남,1;1;1;4;7;7;1;5,46,46130;46150;46170,,,,,
g_g002703,west,3,11,0,0,0,1,50,여,2;2;2;2;2;6;2;4,29,50110;46790;43730,,,,,
g_g002704,west,3,13,0,0,0,3,30,남,6;2;4;2;2;6;6;2,29,46870;11260;41190,,,,,
g_g002705,west,3,22,0,0,0,2,20,여,2;3;1;2;2;4;7;6,29,50130;26350;11680,,,,,
g_g002711,west,3,1,0,0,0,3,30,여,1;1;4;3;1;3;2;5,41,44825;42820;26350,,,,,
g_g002718,west,3,1,0,0,0,4,30,남,3;2;2;5;3;4;6;4,41,42150;28245;11680,,,,,
g_g002719,west,3,1,0,0,0,1,30,남,2;1;3;4;3;3;5;5,44,50110;44270;44180,,,,,
g_g002727,west,3,12,0,0,0,0,50,여,1;3;3;4;2;6;4;7,30,48220;43800;31170,,,,,
g_g002729,west,2,13,0,0,0,0,30,여,5;5;2;1;5;2;2;5,11,26500;42150;41360,,,,,
g_g002731,west,3,22,0,0,0,1,20,여,4;1;1;1;1;1;1;7,11,45140;50110;50130,,,,,
g_g002732,west,3,1,0,0,0,1,20,여,2;2;2;4;4;5;6;5,45,11200;26350;50110,,,,,
g_g002735,west,3,1,0,0,0,1,30,남,2;1;2;6;4;2;1;5,11,42210;26350;44200,,,,,
g_g002738,west,3,12,0,0,0,1,50,남,1;6;2;4;3;2;5;3,44,50130;42210;46730,,,,,
g_g002744,west,3,12,0,0,0,0,40,남,2;2;1;2;4;1;4;4,11,42150;42210;45110,,,,,
g_g002745,west,2,21,0,0,0,1,50,남,2;2;2;2;2;6;3;7,11,26350;42830;42190,,,,,
g_g002750,west,3,6,0,0,0,0,20,여,6;1;2;6;6;6;6;7,30,50110;11230;26230,,,,,
g_g002752,west,3,8,0,0,0,1,20,남,1;1;3;3;1;3;1;7,41,42150;42170;50110,,,,,
g_g002753,west,3,10,0,0,0,1,20,여,6;1;1;2;2;6;7;3,43,26500;42150;50110,,,,,
g_g002759,west,3,2,0,0,0,3,40,여,2;2;3;1;3;5;2;3,11,42770;46130;28710,,,,,
g_g002760,west,3,11,0,0,0,3,50,여,7;1;4;1;4;4;7;4,11,42210;50110;41820,,,,,
g_g002762,west,3,11,0,0,0,3,40,여,4;4;4;4;4;4;4;4,46,46720;42150;29155,,,,,
g_g002764,west,3,1,0,0,0,3,50,남,3;4;2;2;5;3;6;2,29,50130;45730;46900,,,,,
g_g002765,west,2,9,0,0,0,0,20,남,5;4;5;6;4;5;4;5,44,44200;46150;11350,,,,,
g_g002766,west,3,22,0,0,0,7,30,여,1;1;6;4;3;6;7;3,11,42150;46130;45800,,,,,
g_g002767,west,3,11,0,0,0,1,40,여,4;2;2;3;5;3;6;2,41,26710;28710;42720,,,,,
g_g002770,west,3,11,0,0,0,1,20,여,4;4;4;4;4;4;4;4,44,50110;26350;11710,,,,,
g_g002776,west,3,8,0,0,0,2,30,여,7;1;1;1;7;7;1;7,30,50130;26350;45110,,,,,
g_g002784,west,3,2,0,0,0,1,30,남,2;2;6;6;2;6;6;4,45,26710;45110;48120,,,,,
g_g002793,west,2,4,0,0,0,1,20,남,2;4;4;3;6;5;2;6,11,50130;11110;45110,,,,,
g_g002795,west,3,3,0,0,0,1,60,남,4;1;4;2;2;5;6;3,11,50110;45710;42830,,,,,
g_g002798,west,3,12,0,0,0,3,20,여,5;3;3;2;2;3;2;6,45,50130;50110;11680,,,,,
g_g002802,west,3,2,0,0,0,1,40,여,4;2;3;2;4;3;2;6,43,50110;47130;45130,,,,,
g_g002804,west,3,1,0,0,0,1,30,여,3;3;2;2;2;6;6;6,31,26410;30230;27110,,,,,
g_g002806,west,3,3,0,0,0,0,20,여,4;2;2;6;6;3;4;3,11,42150;42210;50130,,,,,
g_g002809,west,3,22,0,0,0,1,20,남,2;1;2;5;4;2;6;4,28,50110;50130;42170,,,,,
g_g002811,west,3,22,0,0,0,1,20,남,2;1;1;3;4;5;5;5,26,50110;11110;47130,,,,,
g_g002819,west,3,1,0,0,0,1,20,여,4;4;2;5;2;5;6;6,29,26350;46130;46710,,,,,
g_g002820,west,2,10,0,0,0,3,30,여,1;4;3;6;2;4;2;4,11,11740;42230;27230,,,,,
g_g002825,west,3,23,0,0,0,2,20,여,1;1;1;6;1;7;1;7,47,43800;50130;47130,,,,,
g_g002827,west,3,2,0,0,0,1,20,남,2;2;2;4;2;2;5;6,29,50110;46130;46110,,,,,
g_g002828,west,3,23,0,0,0,1,50,남,5;2;3;1;6;6;2;2,26,50110;47130;46130,,,,,
g_g002829,west,3,23,0,0,0,4,40,남,2;2;2;1;2;3;3;2,41,50110;50130;42150,,,,,
g_g002832,west,2,6,0,0,0,1,20,여,2;1;5;3;3;4;6;3,45,50110;26380;42150,,,,,
g_g002833,west,3,2,0,0,0,4,40,여,4;6;6;2;6;3;5;2,46,46790;29110;29170,,,,,
g_g002837,west,3,1,0,0,0,1,30,여,1;1;1;2;1;1;1;1,11,11680;42210;41830,,,,,
g_g002838,west,3,22,0,0,0,7,20,여,4;2;3;4;2;2;6;4,30,50130;11410;26350,,,,,
g_g002841,west,3,21,0,0,0,1,30,여,1;1;1;3;1;1;4;6,41,42150;41280;11440,,,,,
g_g002842,west,2,10,0,0,0,3,40,남,4;1;1;4;6;1;7;4,11,50130;42830;44760,,,,,
g_g002851,west,3,1,0,0,0,1,30,남,7;4;6;1;1;4;7;4,11,50110;26350;11710,,,,,
g_g002854,west,3,1,0,0,0,3,30,남,1;7;1;1;1;1;1;7,28,42150;42820;42760,,,,,
g_g002856,west,2,3,0,0,0,0,20,여,4;3;2;3;5;3;5;6,30,50130;45110;11170,,,,,
g_g002857,west,1,27,0,0,0,0,30,남,2;4;4;3;7;1;6;5,28,42150;42210;42820,,,,,
g_g002865,west,3,1,0,0,0,0,20,여,4;2;1;1;2;4;6;7,30,45110;11290;26350,,,,,
g_g002867,west,3,12,0,0,0,1,20,여,4;1;1;2;6;2;2;7,44,50110;41820;42150,,,,,
g_g002872,west,3,2,0,0,0,5,30,여,4;4;2;4;5;6;3;3,44,47130;47110;44825,,,,,
g_g002874,west,3,11,0,0,0,4,40,남,4;4;3;3;6;6;6;6,43,42150;50130;26350,,,,,
g_g002875,west,3,6,0,0,0,1,40,여,4;2;4;4;2;4;6;2,43,42150;26350;48240,,,,,
g_g002880,west,3,2,0,0,0,1,30,남,6;1;1;3;5;6;1;7,28,50130;26500;42210,,,,,
g_g002886,west,3,1,0,0,0,1,20,여,1;1;3;3;1;6;6;7,46,26350;11110;46130,,,,,
g_g002887,west,3,1,0,0,0,1,30,여,2;2;3;2;3;5;2;6,28,42150;42210;28710,,,,,
g_g002890,west,3,10,0,0,0,2,50,남,1;4;1;1;7;1;7;7,30,42770;48310;50130,,,,,
g_g002891,west,3,1,0,0,0,11,20,남,3;3;2;3;5;4;3;3,42,50130;42150;11140,,,,,
g_g002896,west,3,1,0,0,0,1,20,남,2;6;6;3;1;6;2;3,27,47110;30140;47230,,,,,
g_g002897,west,3,10,0,0,0,1,20,남,1;1;3;2;2;5;2;6,11,42150;50110;43150,,,,,
g_g002900,west,3,1,0,0,0,1,30,남,2;2;1;4;4;3;5;4,45,42210;26710;45800,,,,,
g_g002903,west,3,2,0,0,0,3,30,여,4;1;1;1;1;7;7;7,28,42210;48310;50130,,,,,
g_g002906,west,2,13,0,0,0,1,20,여,3;1;2;5;7;3;1;7,29,46130;29110;50130,,,,,
g_g002907,west,2,21,0,0,0,1,30,남,6;2;2;1;4;6;1;3,29,46110;26470;50130,,,,,
g_g002908,west,3,12,0,0,0,4,60,여,1;2;1;5;5;2;2;5,41,50130;45800;41570,,,,,
g_g002912,west,3,6,0,0,0,1,20,남,1;1;1;5;3;1;7;3,11,42150;44270;46150,,,,,
g_g002916,west,3,1,0,0,0,4,50,남,1;1;1;4;1;1;1;3,41,50110;26260;42210,,,,,
g_g002918,west,3,6,0,0,0,2,40,여,2;2;2;4;3;2;6;6,28,50130;42820;48840,,,,,
g_g002928,west,3,11,0,0,0,0,20,여,3;4;2;5;4;2;7;6,11,50110;27140;41650,,,,,
g_g002933,west,2,12,0,0,0,1,20,남,4;2;3;5;3;5;5;5,29,11440;42150;47110,,,,,
g_g002943,west,2,11,0,0,0,1,40,남,1;1;1;3;3;3;1;4,11,42820;26710;50130,,,,,
g_g002944,west,2,1,0,0,0,4,20,여,2;1;1;1;6;6;5;6,30,50110;11680;26710,,,,,
g_g002946,west,3,22,0,0,0,0,20,여,2;2;2;1;2;2;6;1,44,44270;26500;48310,,,,,
g_g002949,west,3,10,0,0,0,3,50,남,2;1;4;2;4;3;2;5,30,42210;42760;48840,,,,,
g_g002952,west,3,1,0,0,0,1,20,남,5;1;2;2;6;6;2;7,11,47130;42150;50110,,,,,
g_g002953,west,3,2,0,0,0,3,50,남,2;3;3;3;3;3;2;6,44,28710;29170;28260,,,,,
g_g002955,west,3,1,0,0,0,0,20,여,2;4;3;6;6;3;3;4,41,50110;50130;42150,,,,,
g_g002963,west,3,6,0,0,0,1,20,여,2;3;1;2;6;6;2;6,41,50130;50110;42150,,,,,
g_g002967,west,2,1,0,0,0,1,50,남,3;4;2;5;4;4;5;5,41,47130;42210;41830,,,,,
g_g002974,west,3,22,0,0,0,4,40,남,1;4;2;5;4;2;6;2,41,42760;44825;41500,,,,,
g_g002975,west,2,5,0,0,0,1,30,남,3;3;1;4;4;3;1;7,41,50130;48840;11110,,,,,
g_g002983,west,3,22,0,0,0,0,50,남,2;4;1;4;2;5;1;7,41,42210;50130;46130,,,,,
g_g002985,west,3,3,0,0,0,0,20,여,2;6;6;4;6;3;6;6,29,45110;11680;26350,,,,,
g_g002986,west,2,12,0,0,0,4,30,남,4;2;6;2;2;4;6;7,46,50130;26350;29110,,,,,
g_g002987,west,2,21,0,0,0,0,20,여,4;2;3;1;3;5;2;3,46,26350;46130;11170,,,,,
g_g002988,west,3,1,0,0,0,1,20,남,1;1;1;2;1;1;2;5,45,45710;42830;50130,,,,,
g_g002989,west,3,6,0,0,0,1,20,여,7;1;7;1;1;1;1;7,27,45110;31200;48880,,,,,
g_g002991,west,3,1,0,0,0,1,20,여,1;1;1;6;1;1;1;7,44,26530;50130;44270,,,,,
g_g002993,west,3,5,0,0,0,8,20,여,7;1;2;1;1;5;7;1,45,27140;45110;11710,,,,,
g_g002995,west,3,1,0,0,0,0,20,여,1;1;2;5;1;2;1;7,41,41190;41830;42150,,,,,
g_g002999,west,3,1,0,0,0,0,20,여,3;4;1;5;6;2;2;6,44,11440;26350;41190,,,,,
g_g003001,west,3,24,0,0,0,0,40,남,1;2;2;1;1;6;6;3,41,42150;41480;44270,,,,,
g_g003004,west,3,21,0,0,0,1,20,여,3;2;1;1;1;1;3;7,45,50130;46130;26350,,,,,
g_g003019,west,2,8,0,0,0,9,50,남,4;4;4;3;5;4;3;4,30,46820;26290;44710,,,,,
g_g003026,west,3,6,0,0,0,1,50,남,3;2;3;4;3;2;3;2,36,11110;50130;47750,,,,,
g_g003028,west,3,1,0,0,0,1,30,남,3;4;4;1;3;4;4;5,41,50130;50110;42150,,,,,
g_g003029,west,2,2,0,0,0,6,60,여,1;3;4;2;1;4;3;6,46,46730;50130;42830,,,,,
g_g003034,west,2,1,0,0,0,1,30,남,1;7;1;1;5;2;1;7,11,41360;42150;11350,,,,,
g_g003035,west,3,1,0,0,0,0,20,여,4;1;1;1;1;1;1;7,48,47130;42830;26350,,,,,
g_g003039,west,2,11,0,0,0,4,50,남,1;4;2;6;2;3;2;7,30,50110;44150;45110,,,,,
g_g003042,west,3,22,0,0,0,3,20,여,3;1;3;3;4;4;1;5,45,50110;26350;11140,,,,,
g_g003043,west,3,2,0,0,0,1,30,남,2;2;1;4;6;3;1;7,41,50110;28245;43800,,,,,
g_g003047,west,3,10,0,0,0,2,20,여,4;1;2;1;4;5;1;7,11,50130;43800;42830,,,,,
g_g003050,west,3,1,0,0,0,1,20,여,4;2;2;3;3;4;6;3,30,50110;50130;26500,,,,,
g_g003051,west,3,2,0,0,0,2,40,남,4;2;4;2;4;6;2;4,11,41650;41360;41450,,,,,
g_g003053,west,3,1,0,0,0,1,50,여,4;3;1;1;1;6;2;4,30,50130;42150;45110,,,,,
g_g003058,west,3,6,0,0,0,0,20,남,7;1;5;4;1;6;4;1,46,11680;46820;11710,,,,,
g_g003059,west,3,10,0,0,0,1,50,남,1;1;7;4;3;1;1;1,41,42830;50130;43150,,,,,
g_g003061,west,3,2,0,0,0,1,20,여,2;2;2;3;3;5;1;6,43,50130;42150;27290,,,,,
g_g003062,west,3,1,0,0,0,1,20,여,2;2;2;1;1;6;1;3,41,50110;42150;30200,,,,,
g_g003064,west,3,1,0,0,0,1,20,남,7;7;7;1;1;7;7;7,41,42150;48250;48860,,,,,
g_g003065,west,3,3,0,0,0,1,20,여,2;4;3;6;3;3;6;6,11,26350;29110;46130,,,,,
g_g003067,west,3,1,0,0,0,0,40,남,1;2;4;5;4;3;2;6,27,47210;47110;50130,,,,,
g_g003068,west,3,1,0,0,0,1,30,여,6;6;2;2;6;2;6;2,11,41280;30140;26350,,,,,
g_g003071,west,3,1,0,0,0,1,40,여,1;5;2;5;4;5;3;5,11,50110;42150;28260,,,,,
g_g003077,west,3,1,0,0,0,1,30,남,4;4;3;4;4;5;3;6,11,42170;41570;11440,,,,,
g_g003079,west,3,10,0,0,0,1,20,여,4;1;2;4;4;6;5;4,43,50110;50130;42170,,,,,
g_g003086,west,3,1,0,0,0,1,20,여,1;1;1;1;1;1;1;7,30,50110;48840;11215,,,,,
g_g003090,west,2,21,0,0,0,1,50,남,2;2;2;5;2;2;3;4,43,50130;46130;44825,,,,,
g_g003092,west,3,1,0,0,0,0,30,남,2;2;2;4;4;2;3;5,30,48860;48840;42210,,,,,
g_g003096,west,2,2,0,0,0,1,20,남,4;4;3;2;4;3;5;6,29,11710;50110;26350,,,,,
g_g003097,west,3,1,0,0,0,1,30,여,2;1;6;3;2;6;5;7,11,42150;42210;50110,,,,,
g_g003098,west,3,1,0,0,0,1,20,남,2;4;2;6;3;7;7;6,48,50130;26350;11740,,,,,
g_g003101,west,2,1,0,0,0,0,20,남,4;5;2;2;2;2;3;5,44,45110;11110;43110,,,,,
g_g003104,west,3,2,0,0,0,4,50,남,1;1;4;1;7;1;1;1,45,41280;41670;44760,,,,,
g_g003108,west,3,21,0,0,0,3,30,여,1;4;1;4;6;6;1;6,11,42150;43730;41610,,,,,
g_g003115,west,2,1,0,0,0,0,20,여,7;7;5;2;6;4;1;5,36,11440;11110;30200,,,,,
g_g003118,west,3,2,0,0,0,3,30,여,3;2;1;2;6;4;5;6,41,41630;41830;45130,,,,,
g_g003119,west,3,2,0,0,0,0,20,여,3;1;5;2;1;2;1;6,26,26230;42210;48310,,,,,
g_g003120,west,3,1,0,0,0,1,30,여,7;1;4;7;4;7;7;7,47,26500;27110;50110,,,,,
g_g003121,west,3,12,0,0,0,0,30,남,1;1;2;1;6;5;2;6,11,27110;11110;41820,,,,,
g_g003130,west,3,27,0,0,0,9,40,여,1;1;1;3;1;1;1;7,41,42210;42830;41820,,,,,
g_g003135,west,3,8,0,0,0,3,50,여,3;4;2;4;2;3;4;4,44,47930;44150;45110,,,,,
g_g003137,west,2,1,0,0,0,1,20,여,4;6;2;3;4;6;2;6,41,30140;26350;50110,,,,,
g_g003140,west,3,3,0,0,0,0,20,여,3;3;2;3;6;2;5;5,11,50130;50110;26350,,,,,
g_g003143,west,3,12,0,0,0,1,40,여,3;2;3;2;3;4;2;5,11,50110;26500;42150,,,,,
g_g003144,west,3,3,0,0,0,0,20,남,2;5;2;3;4;3;2;5,41,11680;50110;41110,,,,,
g_g003145,west,3,21,0,0,0,3,30,남,2;2;2;3;3;2;4;3,11,42130;41820;41360,,,,,
g_g003150,west,2,1,0,0,0,1,30,남,6;3;6;1;4;4;4;4,41,26200;42210;50130,,,,,
g_g003151,west,3,1,0,0,0,2,20,여,5;6;2;4;2;2;3;3,29,11680;50110;26530,,,,,
g_g003153,west,2,12,0,0,0,0,20,여,5;2;2;2;3;2;5;6,11,42830;29110;26230,,,,,
g_g003154,west,2,10,0,0,0,4,50,남,1;7;4;4;1;4;6;2,41,41220;30200;47150,,,,,
g_g003159,west,2,22,0,0,0,0,30,여,2;4;3;5;6;4;6;6,30,50110;26230;42210,,,,,
g_g003162,west,3,2,0,0,0,3,30,남,1;1;1;1;1;1;7;1,43,50110;43740;30110,,,,,
g_g003165,west,3,22,0,0,0,1,20,여,6;2;1;3;6;4;3;5,11,47130;26350;29110,,,,,
g_g003168,west,3,11,0,0,0,8,40,여,5;4;4;5;3;4;5;5,27,47110;47130;26350,,,,,
g_g003169,west,2,24,0,0,0,1,40,여,1;4;6;4;2;2;3;6,29,46710;46170;50110,,,,,
g_g003173,west,3,12,0,0,0,0,30,여,1;4;1;3;1;4;6;4,27,26350;11680;47110,,,,,
g_g003174,west,2,6,0,0,0,4,40,여,3;2;2;4;6;2;5;6,41,42150;28710;50110,,,,,
g_g003177,west,3,2,0,0,0,7,50,남,1;1;2;4;2;6;1;6,29,48310;50130;46130,,,,,
g_g003179,west,3,3,0,0,0,1,20,여,1;1;1;1;1;1;6;7,41,50110;42150;26500,,,,,
g_g003182,west,3,22,0,0,0,5,30,남,4;3;6;6;4;3;1;1,11,42110;28110;41360,,,,,
g_g003189,west,3,2,0,0,0,1,30,남,3;2;1;4;3;3;5;4,48,26350;47830;46130,,,,,
g_g003192,west,2,21,0,0,0,3,50,남,2;4;6;6;6;1;2;4,30,45800;43730;44770,,,,,
g_g003193,west,3,3,0,0,0,1,30,여,3;3;6;3;3;3;6;5,11,42150;47130;42210,,,,,
g_g003194,west,2,1,0,0,0,2,20,여,2;1;4;3;3;4;4;4,29,50110;50130;45190,,,,,
g_g003195,west,2,7,0,0,0,2,50,남,5;5;4;6;5;6;7;1,44,50110;42820;48220,,,,,
g_g003196,west,3,9,0,0,0,1,30,남,2;1;1;1;1;3;7;1,11,42210;50130;26350,,,,,
g_g003199,west,2,21,0,0,0,1,20,남,2;2;2;2;1;3;1;4,46,29110;46110;26350,,,,,
g_g003200,west,2,27,0,0,0,3,20,여,2;6;6;2;2;5;2;6,45,45130;45800;45710,,,,,
g_g003202,west,3,5,0,0,0,4,30,남,4;1;1;1;4;4;1;7,11,41820;50130;26350,,,,,
g_g003208,west,3,1,0,0,0,1,30,여,2;5;1;3;3;4;5;7,27,47130;26350;48840,,,,,
g_g003210,west,3,1,0,0,0,1,20,여,2;1;1;4;6;5;2;3,46,50130;47130;46170,,,,,
g_g003212,west,2,2,0,0,0,2,40,남,4;4;2;2;2;6;4;6,43,30200;11740;43110,,,,,
g_g003217,west,3,1,0,0,0,4,20,여,6;6;2;2;2;2;6;6,11,11110;11290;41110,,,,,
g_g003221,west,3,1,0,0,0,1,20,여,3;3;3;4;3;3;3;3,28,42210;26230;50110,,,,,
g_g003224,west,3,21,0,0,0,1,30,여,4;1;2;2;3;2;4;6,29,11680;47130;42150,,,,,
g_g003227,west,3,21,0,0,0,2,40,남,4;2;2;4;6;4;3;6,28,50130;42150;26350,,,,,
g_g003235,west,2,1,0,0,0,2,30,여,2;2;2;2;1;7;1;2,43,44130;50110;42150,,,,,
g_g003238,west,3,12,0,0,0,1,40,남,4;4;4;4;2;4;5;6,41,42150;26290;45110,,,,,
g_g003243,west,2,3,0,0,0,1,30,남,2;2;2;4;2;6;6;6,45,46130;45800;50110,,,,,
g_g003246,west,2,1,0,0,0,1,30,여,3;6;3;3;5;5;3;3,36,47110;50130;26350,,,,,
g_g003251,west,3,5,0,0,0,1,30,남,6;4;2;2;4;4;5;5,11,50130;42150;44230,,,,,
g_g003252,west,3,22,0,0,0,0,40,남,1;1;1;7;1;1;1;5,45,50130;47170;26350,,,,,
g_g003255,west,2,2,0,0,0,1,20,남,4;2;2;2;2;6;6;6,29,11110;26530;47130,,,,,
g_g003266,west,2,22,0,0,0,1,20,여,1;1;1;3;3;4;2;6,29,50130;26350;42150,,,,,
g_g003267,west,3,2,0,0,0,1,30,여,1;1;1;6;6;6;3;6,11,50110;42830;41360,,,,,
g_g003273,west,3,2,0,0,0,2,30,여,6;1;7;1;1;7;2;6,46,46130;26710;30230,,,,,
g_g003278,west,3,1,0,0,0,1,20,남,5;2;2;5;2;6;6;6,30,26350;50110;11110,,,,,
g_g003281,west,3,21,0,0,0,1,20,남,3;2;1;1;1;2;3;1,11,50130;47110;42110,,,,,
g_g003284,west,3,22,0,0,0,0,20,남,2;2;1;6;3;3;3;5,11,50130;47130;42150,,,,,
g_g003290,west,2,2,0,0,0,3,40,남,2;2;6;1;1;7;1;2,43,42150;46130;44210,,,,,
g_g003296,west,2,23,0,0,0,1,30,여,4;4;4;3;3;4;1;6,11,50130;26350;47130,,,,,
g_g003301,west,2,2,0,0,0,1,20,여,1;1;1;3;1;2;7;7,11,50110;42230;28710,,,,,
g_g003307,west,3,21,0,0,0,1,20,여,3;2;6;2;5;5;2;6,11,26140;11680;41460,,,,,
g_g003308,west,3,2,0,0,0,2,50,여,2;2;1;2;2;2;2;2,41,50130;50110;42150,,,,,
g_g003314,west,3,2,0,0,0,1,30,남,3;3;3;3;3;4;3;3,30,42150;50130;45110,,,,,
g_g003320,west,2,3,0,0,0,1,50,여,3;2;1;4;5;2;1;5,11,46910;47130;42210,,,,,
g_g003323,west,3,12,0,0,0,1,40,남,4;4;4;1;4;4;4;1,29,45110;48310;46130,,,,,
g_g003326,west,3,1,0,0,0,2,20,여,2;4;2;6;3;1;2;7,41,43110;11680;50130,,,,,
g_g003329,west,3,22,0,0,0,3,30,여,5;2;2;5;2;6;2;5,11,43110;50130;42210,,,,,
g_g003334,west,2,1,0,0,0,2,40,여,4;4;1;3;6;3;2;6,30,45110;26350;11110,,,,,
g_g003335,west,3,1,0,0,0,1,20,남,5;1;2;3;4;5;3;4,11,26140;50130;41820,,,,,
g_g003337,west,3,1,0,0,0,2,50,여,2;2;2;4;2;2;2;6,28,50110;42150;43150,,,,,
g_g003340,west,3,6,0,0,0,2,50,여,3;5;5;3;5;3;2;6,30,47110;26350;44770,,,,,
g_g003352,west,2,10,0,0,0,1,20,여,6;6;2;6;6;6;6;6,11,26350;31110;50110,,,,,
g_g003353,west,3,10,0,0,0,1,30,여,1;1;1;4;2;1;7;7,11,50110;26350;47130,,,,,
g_g003355,west,2,10,0,0,0,3,50,남,1;1;1;4;1;1;1;7,30,48850;48860;44180,,,,,
g_g003359,west,3,22,0,0,0,1,30,여,3;6;3;2;3;3;4;6,44,11680;26350;30110,,,,,
g_g003368,west,2,11,0,0,0,0,40,여,5;4;5;4;6;6;2;6,30,26290;44180;42760,,,,,
g_g003369,west,3,1,0,0,0,1,20,여,5;2;2;5;6;4;2;5,11,50130;26350;42150,,,,,
g_g003370,west,3,1,0,0,0,1,20,남,3;2;2;4;2;2;1;6,44,44825;41820;42150,,,,,
g_g003372,west,3,1,0,0,0,0,20,남,5;3;3;5;6;6;5;4,11,45130;50110;26500,,,,,
g_g003376,west,2,3,0,0,0,1,60,남,2;4;2;2;3;3;1;2,11,46770;48310;47130,,,,,
g_g003380,west,2,21,0,0,0,1,40,남,1;6;1;4;6;6;2;6,36,44150;47290;50130,,,,,
g_g003382,west,3,23,0,0,0,7,40,남,3;2;2;3;3;4;4;4,41,42830;47110;50110,,,,,
g_g003388,west,3,1,0,0,0,1,30,여,5;6;1;5;6;6;6;7,41,42150;46130;26350,,,,,
g_g003391,west,3,23,0,0,0,1,20,남,4;2;5;6;1;6;6;1,11,44760;45110;50110,,,,,
g_g003394,west,3,2,0,0,0,1,20,여,4;2;2;3;2;5;7;6,45,11710;50130;46130,,,,,
g_g003398,west,3,21,0,0,0,5,20,여,2;2;6;3;2;5;7;6,41,42150;42210;26500,,,,,
g_g003399,west,3,11,0,0,0,2,20,남,6;2;6;3;2;6;6;2,46,47130;50110;11680,,,,,
g_g003403,west,3,1,0,0,0,1,40,남,1;3;1;4;6;4;3;7,27,42230;48220;31710,,,,,
g_g003408,west,3,24,0,0,0,1,20,여,7;1;4;5;1;2;7;7,44,50110;42210;29155,,,,,
g_g003418,west,3,6,0,0,0,1,30,여,2;2;4;3;3;3;4;4,29,50130;26500;46150,,,,,
g_g003420,west,2,11,0,0,0,2,20,여,1;1;1;1;1;1;1;7,11,26200;50130;42110,,,,,
g_g003422,west,3,10,0,0,0,6,30,여,3;2;2;2;4;4;2;6,11,42150;42130;50130,,,,,
g_g003429,west,2,12,0,0,0,0,30,남,7;4;7;7;1;7;1;7,48,29200;46110;48170,,,,,
g_g003438,west,2,1,0,0,0,0,30,남,4;4;4;4;3;4;4;5,43,42170;26170;50110,,,,,
g_g003444,west,3,22,0,0,0,3,50,여,2;5;6;2;5;2;2;2,29,45790;46130;48310,,,,,
g_g003453,west,3,12,0,0,0,0,20,여,5;2;2;2;2;4;7;5,11,50130;50110;26350,,,,,
g_g003455,west,2,1,0,0,0,2,40,여,2;6;2;4;6;6;2;6,44,44825;44210;41460,,,,,
g_g003459,west,3,21,0,0,0,1,40,남,4;2;1;3;4;2;6;6,11,42210;50130;26260,,,,,
g_g003463,west,3,1,0,0,0,5,30,남,3;4;4;2;5;3;3;5,46,46150;31710;46230,,,,,
g_g003464,west,3,22,0,0,0,2,20,여,2;4;1;5;6;7;1;7,41,41110;41820;28710,,,,,
g_g003467,west,2,2,0,0,0,1,50,남,2;6;2;2;2;6;3;4,30,43730;44710;50110,,,,,
g_g003468,west,3,23,0,0,0,1,30,남,4;2;1;3;1;6;4;3,30,42210;50110;45130,,,,,
g_g003474,west,3,2,0,0,0,1,20,남,1;1;1;4;7;4;6;6,11,42150;11110;28260,,,,,
g_g003480,west,3,11,0,0,0,0,20,여,5;1;1;1;5;1;7;5,41,50110;46130;43800,,,,,
g_g003485,west,3,22,0,0,0,5,30,여,4;4;2;2;2;5;2;6,11,50110;27290;42150,,,,,
g_g003491,west,3,11,0,0,0,0,20,여,1;1;2;6;6;1;2;7,11,42150;29155;28245,,,,,
g_g003492,west,3,2,0,0,0,1,40,남,2;2;3;2;2;3;5;5,11,42150;50110;41830,,,,,
g_g003495,west,3,28,0,0,0,0,20,남,2;6;1;1;6;2;7;5,28,50110;26350;42150,,,,,
g_g003497,west,3,12,0,0,0,0,30,남,1;1;1;4;2;2;5;4,43,50130;42790;26350,,,,,
g_g003499,west,3,1,0,0,0,1,30,여,6;2;1;6;1;4;7;3,11,42150;26350;45110,,,,,
g_g003511,west,3,23,0,0,0,1,40,여,5;3;3;5;5;5;6;6,26,26500;50110;11680,,,,,
g_g003512,west,3,21,0,0,0,1,20,여,1;2;1;3;6;4;2;7,11,42150;50130;41480,,,,,
g_g003515,west,3,21,0,0,0,1,20,여,3;2;3;3;3;3;4;7,28,11680;41820;46230,,,,,
g_g003516,west,2,22,0,0,0,1,20,남,4;7;4;5;4;5;3;6,30,46130;30140;44150,,,,,
g_g003525,west,3,1,0,0,0,1,30,여,3;5;2;2;3;2;6;6,27,42150;26350;31710,,,,,
g_g003526,west,2,11,0,0,0,1,30,여,3;3;2;3;6;2;2;7,45,11140;30140;50110,,,,,
g_g003535,west,3,1,0,0,0,1,40,남,4;1;1;4;4;3;3;3,41,50130;42150;26350,,,,,
g_g003541,west,3,21,0,0,0,1,30,남,3;3;2;3;4;3;3;5,41,50130;47770;46150,,,,,
g_g003544,west,3,1,0,0,0,1,20,여,4;2;3;5;2;4;3;5,41,30230;11680;42150,,,,,
g_g003554,west,3,2,0,0,0,2,30,여,4;1;1;1;4;4;6;7,28,41820;42150;50110,,,,,
g_g003555,west,3,21,0,0,0,1,40,여,1;1;7;6;1;1;7;1,41,42170;50130;26350,,,,,
g_g003556,west,3,10,0,0,0,2,60,남,2;2;2;2;2;6;2;4,26,11680;50110;48330,,,,,
g_g003559,west,3,12,0,0,0,3,20,남,6;1;3;4;3;5;5;5,41,26350;50130;42150,,,,,
g_g003561,west,3,3,0,0,0,3,30,여,4;3;2;2;4;4;3;6,41,41410;50130;45110,,,,,
g_g003563,west,2,24,0,0,0,2,40,남,4;4;4;4;4;4;5;5,45,50130;42150;46150,,,,,
g_g003565,west,3,1,0,0,0,1,20,여,7;4;3;4;4;4;3;4,30,41460;11440;26380,,,,,
g_g003570,west,3,5,0,0,0,1,20,여,2;1;2;3;5;2;6;6,41,42150;42230;50110,,,,,
g_g003572,west,3,5,0,0,0,1,30,남,2;2;2;1;4;2;3;2,41,50130;26350;42760,,,,,
g_g003573,west,3,22,0,0,0,1,20,남,2;3;5;4;3;4;2;6,43,50130;26350;30200,,,,,
g_g003576,west,3,1,0,0,0,1,20,여,6;2;6;2;2;6;6;2,29,26350;11305;46710,,,,,
g_g003577,west,3,12,0,0,0,0,20,남,3;2;2;5;3;2;2;4,11,42150;28720;26350,,,,,
g_g003583,west,3,9,0,0,0,1,20,남,6;2;2;5;6;2;3;3,41,42150;50130;50110,,,,,
g_g003586,west,2,1,0,0,0,3,50,여,2;4;3;2;3;3;5;4,29,50110;46910;11230,,,,,
g_g003589,west,3,22,0,0,0,1,30,여,1;6;1;4;1;6;1;7,48,26350;50110;42150,,,,,
g_g003599,west,3,21,0,0,0,1,30,남,3;2;1;4;4;5;6;3,29,42720;50110;26350,,,,,
g_g003600,west,3,2,0,0,0,1,30,남,3;4;2;5;6;3;2;7,31,26320;31710;27170,,,,,
g_g003608,west,3,22,0,0,0,3,40,여,7;4;3;3;2;4;2;3,48,42150;46130;26350,,,,,
g_g003610,west,3,2,0,0,0,1,20,여,4;3;2;2;3;4;5;6,11,50110;42150;26350,,,,,
g_g003613,west,3,21,0,0,0,1,30,남,5;5;5;4;5;5;5;5,46,11440;30170;50110,,,,,
g_g003615,west,3,22,0,0,0,2,50,여,4;2;4;5;2;5;6;4,11,26350;42210;46130,,,,,
g_g003623,west,3,21,0,0,0,4,40,남,2;1;1;2;4;4;1;4,28,50130;47130;46130,,,,,
g_g003624,west,3,21,0,0,0,3,50,여,2;2;4;2;2;2;4;4,11,42150;50130;26710,,,,,
g_g003629,west,3,22,0,0,0,2,20,남,2;2;1;2;7;6;6;7,41,45110;50130;26350,,,,,
g_g003636,west,2,1,0,0,0,1,20,남,4;2;6;2;3;6;1;6,41,26500;42210;42150,,,,,
g_g003645,west,3,22,0,0,0,1,20,남,3;3;3;5;5;5;3;3,29,11440;26350;11215,,,,,
g_g003646,west,3,11,0,0,0,3,50,여,7;1;2;1;4;2;2;7,41,42830;43800;50110,,,,,
g_g003648,west,3,2,0,0,0,2,20,남,2;1;4;5;3;4;6;6,11,42210;42150;42830,,,,,
g_g003652,west,3,22,0,0,0,3,30,여,4;2;1;3;5;1;6;6,11,50130;26350;47130,,,,,
g_g003655,west,3,1,0,0,0,2,20,남,2;4;3;4;4;4;3;6,27,26710;50110;47110,,,,,
g_g003658,west,3,26,0,0,0,1,40,여,2;1;1;4;6;2;5;7,29,47130;50130;42210,,,,,
g_g003661,west,3,1,0,0,0,0,20,여,4;2;3;4;4;4;1;7,27,42150;11680;26500,,,,,
g_g003664,west,3,22,0,0,0,1,20,여,4;2;1;6;6;2;2;6,45,11440;50110;26110,,,,,
g_g003665,west,3,10,0,0,0,7,50,여,1;1;3;4;6;3;4;6,11,42820;42210;43150,,,,,
g_g003681,west,2,22,0,0,0,0,30,여,4;2;1;3;4;5;2;7,36,50130;44760;11680,,,,,
g_g003687,west,3,1,0,0,0,3,40,남,6;3;2;6;6;7;6;1,45,11110;30140;26110,,,,,
g_g003688,west,3,1,0,0,0,0,40,여,7;1;7;1;1;7;6;2,41,50130;50110;42150,,,,,
g_g003700,west,3,21,0,0,0,1,20,여,3;3;2;5;6;3;2;6,30,50110;45110;44200,,,,,
g_g003701,west,3,1,0,0,0,3,40,남,1;1;5;3;2;6;5;6,29,46130;45800;46910,,,,,
g_g003712,west,3,2,0,0,0,1,20,남,5;1;1;3;3;5;3;3,30,46150;30140;50110,,,,,
g_g003714,west,2,21,0,0,0,1,30,여,4;2;2;6;7;2;1;4,30,44760;46130;45110,,,,,
g_g003717,west,3,12,0,0,0,1,20,남,1;1;1;4;7;7;1;7,27,50110;47250;47130,,,,,
g_g003718,west,2,13,0,0,0,2,40,남,2;4;2;2;2;2;4;4,47,42150;50110;26350,,,,,
g_g003722,west,2,22,0,0,0,1,20,남,5;3;2;2;3;2;3;6,27,26500;11680;47130,,,,,
g_g003728,west,2,1,0,0,0,1,50,여,2;2;2;4;5;4;4;5,36,50130;44825;47290,,,,,
g_g003729,west,2,3,0,0,0,3,20,여,3;4;1;5;6;6;1;2,44,41210;44270;42210,,,,,
g_g003733,west,3,1,0,0,0,3,40,여,1;4;3;2;2;3;2;5,11,42210;42770;41820,,,,,
g_g003736,west,2,2,0,0,0,1,30,남,2;2;2;1;3;4;5;6,30,30170;45130;50110,,,,,
g_g003738,west,3,2,0,0,0,1,30,여,3;2;1;6;7;3;5;6,45,42780;47130;50130,,,,,
g_g003746,west,2,1,0,0,0,1,20,여,6;6;3;3;6;5;5;2,36,44180;26350;30200,,,,,
g_g003758,west,2,1,0,0,0,1,50,남,1;4;2;5;5;5;6;6,44,30230;44180;43730,,,,,
g_g003770,west,3,2,0,0,0,1,40,여,4;2;1;4;4;4;2;7,48,26350;50130;42210,,,,,
g_g003771,west,3,3,0,0,0,1,20,여,4;1;2;4;5;4;6;7,45,50110;26500;42150,,,,,
g_g003779,west,3,3,0,0,0,3,50,여,3;4;2;2;4;5;6;7,29,11590;48840;46710,,,,,
g_g003805,west,2,1,0,0,0,3,50,여,3;3;3;4;3;3;3;4,44,42130;27230;26500,,,,,
g_g003807,west,2,1,0,0,0,2,40,여,2;3;1;4;2;3;5;7,46,50110;48310;46130,,,,,
g_g003810,west,2,22,0,0,0,1,20,남,4;4;4;4;3;4;6;3,29,50110;50130;11680,,,,,
g_g003821,west,3,10,0,0,0,2,30,여,1;1;2;4;6;2;7;1,41,42210;42150;41150,,,,,
g_g003824,west,3,1,0,0,0,0,20,여,4;3;2;4;4;3;6;4,46,50110;11170;30200,,,,,
g_g003839,west,2,1,0,0,0,0,20,여,2;2;3;5;3;5;3;2,11,50130;50110;42830,,,,,
g_g003845,west,3,22,0,0,0,1,40,남,3;6;4;4;2;4;6;2,45,45800;50110;45790,,,,,
g_g003846,west,3,4,0,0,0,1,30,여,7;1;1;1;7;1;1;4,41,11680;48310;27710,,,,,
g_g003847,west,3,10,0,0,0,3,40,여,1;1;7;4;3;4;3;3,11,44825;42150;46130,,,,,
g_g003852,west,3,24,0,0,0,5,30,남,4;1;6;6;1;6;3;3,11,50110;42830;27260,,,,,
g_g003860,west,2,22,0,0,0,4,30,여,1;2;4;4;2;7;2;5,41,42150;41290;11680,,,,,
g_g003867,west,3,21,0,0,0,2,20,여,3;3;2;3;4;4;6;7,45,26350;50110;30230,,,,,
g_g003869,west,3,24,0,0,0,1,30,여,2;1;2;5;6;5;2;6,11,42150;42110;46730,,,,,
g_g003871,west,3,22,0,0,0,3,30,여,2;1;1;3;2;6;3;5,30,50130;42150;46130,,,,,
g_g003874,west,2,22,0,0,0,0,40,남,7;1;4;1;7;7;1;7,11,11680;26350;50110,,,,,
g_g003875,west,2,2,0,0,0,1,30,여,2;5;6;2;2;2;6;6,43,42150;50110;43130,,,,,
g_g003899,west,2,1,0,0,0,1,20,남,2;1;1;7;2;1;7;7,26,50130;42150;47130,,,,,
g_g003902,west,3,1,0,0,0,1,20,여,6;2;3;2;6;6;5;3,48,11440;26500;50110,,,,,
g_g003906,west,3,21,0,0,0,1,30,여,3;1;1;5;4;3;2;3,44,50130;42150;41820,,,,,
g_g003917,west,2,1,0,0,0,0,20,여,5;4;3;4;4;5;3;6,41,11560;50130;42190,,,,,
g_g003921,west,3,11,0,0,0,1,20,남,2;2;1;6;7;2;7;6,41,41110;41480;42150,,,,,
g_g003929,west,3,11,0,0,0,3,50,남,6;5;3;2;2;6;2;7,29,11710;26350;30140,,,,,
g_g003940,west,2,1,0,0,0,0,20,여,2;1;1;5;1;3;6;6,43,11110;27290;11500,,,,,
g_g003944,west,3,11,0,0,0,3,30,여,2;2;2;4;6;2;2;7,11,43150;42720;41800,,,,,
g_g003950,west,3,1,0,0,0,2,30,여,3;1;1;2;4;1;4;3,41,26710;43110;11230,,,,,
g_g003956,west,3,9,0,0,0,3,40,남,1;1;1;1;7;1;1;7,28,42760;43720;43760,,,,,
g_g003957,west,3,22,0,0,0,2,30,남,6;1;6;3;2;6;2;6,11,30140;26350;43110,,,,,
g_g003959,west,2,22,0,0,0,1,30,여,6;4;3;3;6;5;2;7,41,41110;42720;11110,,,,,
g_g003960,west,3,11,0,0,0,3,50,여,2;2;2;4;2;2;3;4,26,50130;11110;47110,,,,,
g_g003961,west,3,12,0,0,0,1,20,남,4;1;2;5;2;3;2;6,41,50110;42150;26290,,,,,
g_g003962,west,3,12,0,0,0,0,50,여,1;4;4;4;3;4;5;5,29,45190;46730;46720,,,,,
g_g003965,west,3,1,0,0,0,1,40,남,1;2;2;2;3;2;2;2,11,42150;47110;26710,,,,,
g_g003980,west,3,2,0,0,0,6,30,남,4;4;4;1;1;7;4;7,30,27230;44760;26710,,,,,
g_g003984,west,2,1,0,0,0,0,20,여,2;2;1;1;1;1;4;3,41,11200;44150;50130,,,,,
g_g003986,west,3,21,0,0,0,0,20,여,4;2;2;6;4;3;5;6,11,42210;45800;11110,,,,,
g_g003990,west,3,1,0,0,0,1,50,여,3;3;3;3;3;5;5;2,11,50110;41190;41280,,,,,
g_g004004,west,3,21,0,0,0,1,20,여,2;1;1;3;5;3;1;7,48,46130;27170;30110,,,,,
g_g004025,west,3,1,0,0,0,2,50,남,1;4;1;4;4;3;3;6,41,50130;42210;26350,,,,,
g_g004036,west,3,1,0,0,0,0,20,여,1;1;2;5;1;1;6;6,29,50110;11230;46710,,,,,
g_g004047,west,3,2,0,0,0,3,50,남,7;2;1;3;2;2;2;2,46,30110;29170;45110,,,,,
g_g004064,west,2,1,0,0,0,1,20,여,5;2;2;3;5;5;6;2,46,50110;46130;45110,,,,,
g_g004065,west,2,1,0,0,0,0,20,여,6;1;3;4;5;3;2;5,11,26200;41110;26230,,,,,
g_g004066,west,3,3,0,0,0,2,40,여,4;7;4;1;7;4;1;4,45,45750;44770;45210,,,,,
g_g004101,west,3,1,0,0,0,3,50,남,1;1;2;1;2;2;2;3,11,50110;48220;46110,,,,,
g_g004103,west,3,2,0,0,0,3,40,남,5;1;1;1;5;2;7;7,28,42760;43760;44180,,,,,
g_g004104,west,3,22,0,0,0,5,20,남,1;2;2;6;6;2;2;1,29,26350;30200;11590,,,,,
g_g004109,west,3,2,0,0,0,3,40,남,6;4;5;7;3;7;2;3,41,30170;41110;42210,,,,,
g_g004124,west,3,22,0,0,0,0,30,여,3;5;1;6;7;1;7;6,46,50130;29110;45110,,,,,
g_g004138,west,2,2,0,0,0,2,60,여,2;3;2;3;2;2;6;6,11,42150;50130;48310,,,,,
g_g004139,west,3,10,0,0,0,7,40,여,4;1;2;1;1;1;2;7,41,42150;45130;47110,,,,,
g_g004152,west,3,21,0,0,0,3,50,남,3;2;4;3;1;3;5;3,41,42210;41460;45770,,,,,
g_g004154,west,2,2,0,0,0,1,20,여,2;2;2;2;1;6;6;6,30,26350;11560;44180,,,,,
g_g004155,west,3,2,0,0,0,1,30,남,1;1;1;3;2;1;3;3,41,47190;48820;11710,,,,,
g_g004170,west,3,21,0,0,0,1,30,남,2;1;3;4;3;4;2;6,41,50110;47110;27290,,,,,
g_g004174,west,3,2,0,0,0,0,30,남,4;2;4;5;3;4;6;5,45,11140;29170;30170,,,,,
g_g004180,west,3,2,0,0,0,2,20,여,4;2;3;3;3;4;5;3,26,26350;50130;50110,,,,,
g_g004187,west,3,1,0,0,0,1,30,여,4;2;3;2;4;5;4;5,11,42150;47130;50110,,,,,
g_g004189,west,3,22,0,0,0,1,20,남,2;1;2;4;6;5;6;5,41,42150;50110;26350,,,,,
g_g004205,west,3,2,0,0,0,1,20,남,2;1;1;6;6;1;1;7,30,27710;26350;45110,,,,,
g_g004229,west,2,2,0,0,0,3,40,남,3;1;7;1;1;4;1;1,43,42210;42150;43130,,,,,
g_g004231,west,3,10,0,0,0,0,40,남,2;1;2;4;6;2;2;2,44,44825;42170;11680,,,,,
g_g004234,west,2,1,0,0,0,0,30,남,2;1;6;6;2;6;6;3,11,41820;42110;42210,,,,,
g_g004239,west,2,1,0,0,0,1,20,여,2;2;1;2;1;2;2;6,26,50130;48310;27200,,,,,
g_g004255,west,3,21,0,0,0,3,40,남,3;2;3;5;4;5;5;4,11,44180;42210;42820,,,,,
g_g004259,west,2,1,0,0,0,2,40,여,1;1;1;4;4;1;1;6,36,42210;43800;50130,,,,,
g_g004265,west,2,1,0,0,0,1,20,남,6;3;5;6;3;6;6;2,11,41450;42210;42190,,,,,
g_g004276,west,3,1,0,0,0,1,20,남,4;2;2;4;5;2;5;6,46,46130;46110;45110,,,,,
g_g004279,west,3,12,0,0,0,0,20,남,2;2;1;3;6;4;2;7,28,50130;26350;41820,,,,,
g_g004282,west,3,10,0,0,0,3,50,남,1;2;6;6;1;7;3;2,29,45800;46130;44825,,,,,
g_g004288,west,2,1,0,0,0,1,20,여,1;1;1;1;1;1;5;7,46,50110;50130;11680,,,,,
g_g004289,west,2,12,0,0,0,2,20,남,1;1;1;4;4;1;4;7,41,42210;11710;42150,,,,,
g_g004294,west,3,13,0,0,0,2,30,남,2;2;1;2;4;6;1;5,45,50130;42150;26500,,,,,
g_g004297,west,2,1,0,0,0,1,20,남,4;5;5;3;3;4;3;5,11,45110;50110;46730,,,,,
g_g004309,west,3,1,0,0,0,1,30,남,4;3;3;2;3;3;5;7,41,41360;42110;41630,,,,,
g_g004310,west,3,12,0,0,0,0,20,여,3;2;1;2;6;4;2;7,27,50130;27260;11680,,,,,
g_g004317,west,3,1,0,0,0,1,20,남,4;1;1;1;1;1;1;6,42,11440;42110;26350,,,,,
g_g004318,west,3,10,0,0,0,1,20,여,6;1;1;4;7;1;7;4,41,42150;26350;50130,,,,,
g_g004324,west,3,9,0,0,0,2,30,여,5;2;2;3;5;6;6;6,11,50110;46130;26350,,,,,
g_g004327,west,2,21,0,0,0,1,30,여,4;5;1;1;1;1;1;6,45,45110;11170;46710,,,,,
g_g004329,west,2,1,0,0,0,1,30,여,4;2;2;1;4;6;2;5,29,26350;50130;11710,,,,,
g_g004340,west,3,22,0,0,0,2,20,남,2;1;2;6;4;1;6;7,41,44150;41110;50110,,,,,
g_g004350,west,3,2,0,0,0,1,30,여,1;7;1;1;1;1;7;1,29,26710;30200;50130,,,,,
g_g004354,west,3,1,0,0,0,1,20,여,4;2;2;4;4;3;7;7,41,47110;47130;26380,,,,,
g_g004355,west,3,10,0,0,0,1,50,남,1;1;1;4;1;1;4;4,48,42150;48310;41820,,,,,
g_g004359,west,3,23,0,0,0,7,20,남,5;2;4;3;4;5;2;5,29,50130;11650;11680,,,,,
g_g004366,west,3,12,0,0,0,2,20,여,3;1;2;3;2;6;7;2,11,50130;50110;48310,,,,,
g_g004375,west,3,21,0,0,0,2,30,여,2;2;2;4;2;3;2;6,30,42150;42210;44825,,,,,
g_g004380,west,2,12,0,0,0,0,30,여,1;1;1;3;1;1;1;1,41,42150;42210;42820,,,,,
g_g004383,west,3,21,0,0,0,0,20,여,2;1;4;3;4;2;6;5,48,50130;47130;30140,,,,,
g_g004392,west,3,1,0,0,0,1,30,남,3;3;3;2;2;3;1;6,11,30110;27230;41500,,,,,
g_g004393,west,2,11,0,0,0,3,40,여,7;2;1;6;4;7;1;3,42,42210;42150;41190,,,,,
g_g004397,west,2,9,0,0,0,1,20,남,5;6;5;2;7;4;6;3,41,42170;30200;11350,,,,,
g_g004398,west,3,1,0,0,0,3,50,여,3;4;5;6;4;5;4;5,30,45730;44770;48220,,,,,
g_g004399,west,2,2,0,0,0,1,30,남,1;1;3;1;1;4;1;7,29,46710;45800;42150,,,,,
g_g004401,west,2,1,0,0,0,2,30,여,1;2;2;5;5;2;2;5,41,42760;46130;26200,,,,,
g_g004406,west,2,2,0,0,0,1,20,남,6;3;2;6;6;2;2;6,30,44180;43110;26350,,,,,
g_g004412,west,2,1,0,0,0,1,20,여,1;3;2;2;4;6;5;7,29,50110;46110;26350,,,,,
g_g004416,west,3,2,0,0,0,2,30,남,4;4;1;1;4;7;7;1,48,42150;31140;26410,,,,,
g_g004420,west,2,1,0,0,0,1,20,여,6;4;4;6;4;4;6;5,41,42150;26350;50110,,,,,
g_g004435,west,2,21,0,0,0,1,20,여,3;3;3;4;4;3;3;7,44,50130;26350;11680,,,,,
g_g004436,west,3,3,0,0,0,1,30,남,4;5;2;5;4;6;5;2,45,11680;50110;45110,,,,,
g_g004438,west,3,1,0,0,0,0,20,여,7;3;5;3;3;5;6;3,36,30200;11560;26140,,,,,
g_g004446,west,2,11,0,0,0,1,50,여,1;4;1;1;4;1;1;7,41,42820;50130;41820,,,,,
g_g004453,west,2,1,0,0,0,1,20,남,3;5;2;4;4;5;3;6,27,26350;47130;47110,,,,,
g_g004454,west,3,2,0,0,0,1,30,여,6;2;2;3;1;3;5;2,41,50110;42830;26350,,,,,
g_g004458,west,2,1,0,0,0,0,30,남,4;5;2;6;3;3;2;5,44,11710;44825;42150,,,,,
g_g004467,west,3,1,0,0,0,0,20,여,5;3;3;4;6;6;3;5,44,11440;50110;50130,,,,,
g_g004472,west,2,1,0,0,0,1,20,남,5;4;3;5;2;2;3;5,45,46130;48240;30110,,,,,
g_g004476,west,3,1,0,0,0,1,20,여,4;1;3;3;4;3;3;5,29,50130;50110;11680,,,,,
g_g004485,west,3,1,0,0,0,1,40,남,1;1;3;6;4;2;7;7,30,48840;48220;26500,,,,,
g_g004489,west,3,1,0,0,0,1,30,여,5;2;2;3;6;5;1;5,45,45110;50130;26350,,,,,
g_g004492,west,3,12,0,0,0,1,30,남,3;2;2;5;3;4;5;2,44,50110;26350;42150,,,,,
g_g004494,west,2,12,0,0,0,2,50,여,3;5;3;3;4;3;3;5,27,26200;47130;50130,,,,,
g_g004498,west,2,12,0,0,0,1,20,남,6;2;2;6;6;6;2;2,11,41820;26710;11170,,,,,
g_g004510,west,2,1,0,0,0,1,30,남,1;4;1;6;7;7;5;6,46,46710;50110;46110,,,,,
g_g004511,west,2,2,0,0,0,1,20,남,2;5;2;2;3;6;2;5,43,26500;42150;44270,,,,,
g_g004516,west,2,3,0,0,0,1,30,여,5;6;1;6;6;6;2;6,45,44150;46130;42770,,,,,
g_g004519,west,3,2,0,0,0,2,30,남,4;3;3;2;6;5;2;4,11,42210;11440;50130,,,,,
g_g004521,west,3,22,0,0,0,1,30,남,2;1;2;4;4;6;6;6,11,11230;42210;41820,,,,,
g_g004524,west,3,13,0,0,0,3,20,남,4;2;2;4;2;5;3;5,11,42150;28710;47130,,,,,
g_g004538,west,2,24,0,0,0,3,40,남,6;3;2;1;2;3;6;2,48,26200;11710;29110,,,,,
g_g004551,west,3,2,0,0,0,2,20,여,4;2;1;5;5;5;3;6,43,50130;26500;42150,,,,,
g_g004552,west,3,22,0,0,0,1,30,남,6;2;4;5;4;5;5;4,41,43150;42150;30170,,,,,
g_g004554,west,2,2,0,0,0,1,30,남,2;3;2;4;4;3;1;6,43,42230;30200;11620,,,,,
g_g004556,west,3,2,0,0,0,2,20,남,4;2;2;3;2;3;3;6,29,50130;42150;46710,,,,,
g_g004573,west,3,2,0,0,0,1,20,여,7;1;1;3;1;7;2;7,29,48240;30230;11530,,,,,
g_g004578,west,3,22,0,0,0,5,50,남,6;7;7;7;2;7;7;3,29,46130;46860;46810,,,,,
g_g004593,west,3,2,0,0,0,1,20,여,4;1;1;6;2;6;1;7,45,50110;11440;42150,,,,,
g_g004594,west,3,2,0,0,0,1,30,남,4;4;4;4;4;4;4;4,41,42150;41820;11215,,,,,
g_g004606,west,2,10,0,0,0,3,30,남,3;2;4;1;1;4;3;6,41,48310;42150;42130,,,,,
g_g004621,west,3,2,0,0,0,7,50,남,1;1;1;6;7;5;4;4,44,44150;47130;41550,,,,,
g_g004622,west,2,1,0,0,0,2,50,여,1;1;1;2;1;2;2;3,46,42210;46130;42820,,,,,
g_g004626,west,2,13,0,0,0,1,40,남,3;5;1;1;5;2;7;2,45,50130;26530;46130,,,,,
g_g004629,west,2,1,0,0,0,1,20,여,5;2;4;2;2;6;5;6,43,11440;42150;50110,,,,,
g_g004630,west,3,1,0,0,0,1,20,여,2;2;2;2;2;6;2;6,41,50130;26350;42150,,,,,
g_g004631,west,3,2,0,0,0,5,40,여,2;2;2;2;4;2;5;3,11,50110;42760;44760,,,,,
g_g004636,west,3,4,0,0,0,2,30,여,2;1;1;3;5;1;3;2,41,42210;41820;26350,,,,,
g_g004637,west,3,3,0,0,0,1,20,여,3;2;5;1;7;3;6;3,11,42150;26350;50130,,,,,
g_g004656,west,2,1,0,0,0,0,30,여,4;7;1;1;1;4;1;7,31,48220;48310;42150,,,,,
g_g004669,west,3,1,0,0,0,1,40,여,5;1;6;2;2;3;2;4,29,45110;26350;11305,,,,,
g_g004671,west,3,1,0,0,0,1,30,남,7;2;1;7;5;4;6;7,41,11680;50110;26350,,,,,
g_g004678,west,2,2,0,0,0,1,20,여,7;2;3;3;3;6;1;6,11,42150;26350;50130,,,,,
g_g004681,west,2,21,0,0,0,1,20,남,4;4;4;4;4;4;4;4,29,11680;11740;11305,,,,,
g_g004688,west,3,22,0,0,0,0,20,여,1;4;3;2;4;4;4;7,11,42210;26350;50110,,,,,
g_g004701,west,3,1,0,0,0,5,40,남,1;1;1;4;4;4;3;4,11,41480;44210;42130,,,,,
g_g004707,west,3,22,0,0,0,1,20,여,2;2;2;2;2;4;6;7,46,29200;46130;46710,,,,,
g_g004714,west,2,21,0,0,0,1,50,여,5;6;7;6;7;6;4;4,29,46130;45790;44130,,,,,
g_g004719,west,2,1,0,0,0,1,30,여,2;2;2;4;5;2;2;7,11,41650;47130;46130,,,,,
g_g004722,west,3,1,0,0,0,3,20,남,4;5;5;3;3;5;5;4,41,50130;50110;11680,,,,,
g_g004723,west,2,22,0,0,0,1,20,여,2;2;2;5;2;6;6;6,11,42150;50110;26110,,,,,
g_g004731,west,2,2,0,0,0,1,30,남,1;3;1;7;6;1;7;3,46,46910;46840;45110,,,,,
g_g004740,west,3,10,0,0,0,1,30,여,3;2;3;3;3;4;3;5,36,26350;42830;30200,,,,,
g_g004754,west,3,12,0,0,0,1,20,남,1;1;1;7;7;7;1;1,42,42130;11680;11620,,,,,
g_g004762,west,3,1,0,0,0,1,20,남,6;2;2;3;3;5;5;5,41,46130;26350;42210,,,,,
g_g004766,west,3,1,0,0,0,1,30,여,1;1;1;1;1;5;1;5,11,11140;29170;42150,,,,,
g_g004772,west,3,2,0,0,0,1,20,여,1;1;1;4;1;1;2;7,41,48840;42820;46730,,,,,
g_g004776,west,2,22,0,0,0,1,30,남,4;2;2;2;3;5;6;5,41,42150;50130;27260,,,,,
g_g004781,west,3,11,0,0,0,4,50,여,1;1;5;1;1;4;1;7,11,50130;41220;42830,,,,,
g_g004810,west,3,21,0,0,0,1,30,남,1;1;1;1;1;7;1;7,28,26710;28110;44130,,,,,
g_g004815,west,3,2,0,0,0,0,20,여,3;1;2;2;2;4;2;5,41,41460;42150;50110,,,,,
g_g004816,west,2,10,0,0,0,2,30,여,4;7;7;1;1;1;1;7,43,42150;43760;11680,,,,,
g_g004822,west,3,11,0,0,0,2,50,남,2;2;2;5;5;2;6;2,42,42210;44770;50110,,,,,
g_g004826,west,2,1,0,0,0,1,30,여,6;1;2;4;6;7;2;7,11,50130;42830;26350,,,,,
g_g004828,west,3,21,0,0,0,3,50,여,3;4;5;3;2;3;4;4,41,50130;50110;42210,,,,,
g_g004831,west,2,22,0,0,0,1,20,여,1;1;1;5;7;1;1;5,44,50130;47770;26710,,,,,
g_g004839,west,3,21,0,0,0,0,40,남,4;5;2;4;4;3;2;6,41,42170;46110;48330,,,,,
g_g004849,west,3,10,0,0,0,1,40,남,7;7;7;1;1;7;6;3,30,11680;26260;43110,,,,,
g_g004852,west,3,1,0,0,0,1,60,여,4;6;6;4;3;3;3;3,27,47130;47830;48880,,,,,
g_g004853,west,3,21,0,0,0,2,20,여,6;1;6;1;1;4;2;4,45,42210;30140;26200,,,,,
g_g004865,west,3,1,0,0,0,1,30,남,2;2;3;2;1;3;1;7,43,26710;42150;46130,,,,,
g_g004869,west,3,21,0,0,0,1,40,남,3;4;3;4;3;5;3;5,28,41360;42150;11110,,,,,
g_g004879,west,3,21,0,0,0,1,30,여,4;4;3;3;4;4;3;4,29,50110;50130;11140,,,,,
g_g004886,west,3,1,0,0,0,1,30,남,4;2;2;5;3;5;5;5,45,50130;11230;42830,,,,,
g_g004905,west,3,21,0,0,0,2,30,여,5;1;3;2;3;4;6;6,30,50130;26350;42150,,,,,
g_g004906,west,3,4,0,0,0,2,40,여,4;4;2;3;4;3;3;5,41,41590;42210;50110,,,,,
g_g004920,west,2,1,0,0,0,2,50,남,6;2;2;2;1;2;2;6,41,42170;44825;45800,,,,,
g_g004971,west,3,22,0,0,0,1,20,남,1;1;3;4;7;3;1;7,45,41820;46130;44210,,,,,
g_g004976,west,3,1,0,0,0,1,50,남,5;3;3;3;5;5;3;5,47,47250;47150;50110,,,,,
g_g004977,west,3,22,0,0,0,1,30,남,2;2;4;4;3;5;6;7,11,42150;50130;41480,,,,,
g_g004993,west,2,27,0,0,0,2,50,여,4;4;4;4;4;4;4;4,29,46710;50130;46800,,,,,
g_g004994,west,3,5,0,0,0,2,20,남,3;3;5;5;2;3;6;2,11,50130;41110;47110,,,,,
g_g005012,west,2,2,0,0,0,2,20,여,2;1;1;3;6;4;7;6,45,50130;11305;45710,,,,,
g_g005034,west,2,22,0,0,0,1,40,남,4;4;5;3;4;4;4;6,43,43110;44230;11680,,,,,
g_g005060,west,3,12,0,0,0,0,30,여,2;1;2;4;3;2;1;7,44,45110;11680;26350,,,,,
g_g005081,west,3,7,0,0,0,1,20,여,6;1;1;6;7;1;1;5,28,42210;50130;11170,,,,,
g_g005083,west,2,22,0,0,0,1,20,여,1;6;1;2;3;2;3;7,29,46710;46720;45110,,,,,
g_g005114,west,3,1,0,0,0,1,20,여,3;5;3;5;4;2;7;7,11,41820;42210;28710,,,,,
g_g005127,west,3,1,0,0,0,1,30,남,3;2;1;2;2;1;2;2,29,46130;11680;46820,,,,,
g_g005160,west,3,22,0,0,0,1,20,여,2;2;1;4;2;2;2;7,11,50110;42150;47130,,,,,
g_g005165,west,3,25,0,0,0,0,20,여,1;1;1;3;2;4;3;7,43,50110;42830;46130,,,,,
g_g005170,west,3,2,0,0,0,1,20,여,4;2;4;2;5;3;5;7,41,42830;42150;50110,,,,,
g_g005173,west,3,21,0,0,0,3,40,여,6;3;2;3;2;3;3;3,47,47720;47250;45720,,,,,
g_g005175,west,3,1,0,0,0,1,20,남,4;1;7;1;1;7;7;4,46,50110;11680;29110,,,,,
g_g005218,west,3,10,0,0,0,1,20,남,4;2;2;2;2;2;6;2,44,11680;42150;30200,,,,,
g_g005219,west,3,2,0,0,0,1,40,남,3;2;4;3;4;4;5;6,30,48310;42150;46130,,,,,
g_g005250,west,3,12,0,0,0,1,30,여,4;5;4;4;5;3;2;4,41,50130;26710;42830,,,,,
g_g005254,west,3,2,0,0,0,5,40,남,3;2;2;4;6;2;1;7,30,50130;26230;45730,,,,,
g_g005259,west,3,6,0,0,0,1,30,여,2;1;1;1;1;6;6;6,44,30200;11230;26710,,,,,
g_g005273,west,3,5,0,0,0,1,30,여,2;2;3;3;6;5;6;4,41,42150;42210;50110,,,,,
g_g005299,west,3,1,0,0,0,0,20,남,4;1;2;4;4;4;2;4,47,50110;26710;11680,,,,,
g_g005300,west,3,1,0,0,0,1,40,남,2;6;2;2;4;4;2;6,28,41280;41190;28185,,,,,
g_g005302,west,3,1,0,0,0,0,20,남,7;4;4;4;2;6;4;7,27,50110;11140;26260,,,,,
g_g005330,west,3,22,0,0,0,1,20,남,2;2;3;1;1;7;1;6,11,42210;41820;47130,,,,,
g_g005358,west,2,1,0,0,0,0,20,여,3;2;1;3;2;1;6;2,11,50110;42150;46130,,,,,
g_g005377,west,3,21,0,0,0,1,20,여,6;3;3;3;3;4;3;4,29,46170;11680;42210,,,,,
g_g005387,west,2,12,0,0,0,3,60,여,3;3;7;4;3;5;4;5,46,46110;29170;41820,,,,,
g_g005392,west,3,11,0,0,0,1,20,여,1;3;4;4;2;3;5;6,30,45790;26350;41190,,,,,
g_g005395,west,3,2,0,0,0,1,20,여,2;1;2;2;6;5;7;6,28,50130;42150;28710,,,,,
g_g005398,west,3,3,0,0,0,1,20,남,2;2;1;1;6;6;2;6,11,41190;26350;47130,,,,,
g_g005402,west,3,11,0,0,0,1,20,남,6;2;2;2;4;3;5;3,46,26350;27110;46130,,,,,
g_g005419,west,3,2,0,0,0,1,20,여,4;2;1;4;4;4;4;7,41,50130;26170;46130,,,,,
g_g005454,west,3,1,0,0,0,1,20,남,2;2;1;5;6;2;2;5,45,11140;45110;41110,,,,,
g_g005455,west,2,1,0,0,0,1,20,여,6;2;4;4;3;5;5;6,27,26500;42150;47130,,,,,
g_g005465,west,3,1,0,0,0,0,20,남,5;1;2;5;2;2;3;7,48,41110;48170;31710,,,,,
g_g005537,west,2,21,0,0,0,2,30,남,6;1;1;2;6;1;1;7,47,47190;27110;30200,,,,,
g_g005541,west,2,13,0,0,0,1,40,남,1;4;1;1;1;4;1;7,29,50110;46710;45110,,,,,
g_g005542,west,2,12,0,0,0,1,30,여,6;1;4;2;3;4;4;7,29,50110;26350;48840,,,,,
g_g005544,west,2,1,0,0,0,0,20,남,6;2;3;4;4;3;4;4,29,46130;48240;26230,,,,,
g_g005548,west,2,22,0,0,0,0,30,남,4;6;6;6;7;6;5;6,41,26320;50110;50130,,,,,
g_g005549,west,2,2,0,0,0,1,50,여,2;2;1;2;1;2;2;7,29,26500;50130;45110,,,,,
g_g005552,west,2,1,0,0,0,0,40,여,1;3;1;6;7;1;7;7,44,50110;42760;44800,,,,,
g_g005554,west,2,4,0,0,0,2,40,여,7;7;4;4;4;7;7;6,44,46150;41150;11305,,,,,
g_g005555,west,2,10,0,0,0,0,30,남,4;4;4;4;4;4;4;4,46,50130;50110;29155,,,,,
g_g005559,west,2,2,0,0,0,2,30,남,2;2;2;2;4;4;4;6,30,26350;45110;50110,,,,,
g_g005562,west,2,11,0,0,0,3,40,남,5;1;3;5;4;4;3;7,36,50110;11110;42770,,,,,
g_g005564,west,2,2,0,0,0,1,30,여,1;1;2;2;1;3;6;3,30,44770;46130;50130,,,,,
g_g005565,west,2,1,0,0,0,0,40,여,1;3;2;3;2;3;2;5,47,42150;47130;41110,,,,,
g_g005567,west,2,1,0,0,0,1,30,남,2;4;2;7;2;2;1;7,48,48740;48310;46890,,,,,
g_g005568,west,2,12,0,0,0,1,40,여,2;2;1;6;7;1;1;6,41,47170;46730;50130,,,,,
g_g005569,west,2,10,0,0,0,1,40,여,1;1;1;1;1;1;5;1,45,42820;42190;47930,,,,,
g_g005572,west,2,22,0,0,0,2,20,남,2;1;2;2;4;5;4;7,44,50110;42230;42150,,,,,
g_g005573,west,2,4,0,0,0,2,40,남,4;4;1;3;7;7;1;7,30,45110;50130;30110,,,,,
g_g005574,west,2,2,0,0,0,3,30,여,4;3;2;6;4;6;5;5,29,46710;48850;45110,,,,,
g_g005576,west,2,1,0,0,0,0,30,여,2;3;2;6;3;4;6;5,11,42210;26350;46890,,,,,
g_g005578,west,2,2,0,0,0,1,20,남,2;1;2;5;2;2;7;3,30,30140;43110;50110,,,,,
g_g005579,west,2,5,0,0,0,1,30,남,6;4;4;4;2;4;6;6,30,43110;50130;27710,,,,,
g_g005580,west,2,1,0,0,0,0,30,남,2;4;2;4;4;3;5;5,29,46150;46130;29110,,,,,
g_g005581,west,2,22,0,0,0,3,50,남,5;2;3;2;2;3;6;2,46,50110;42770;46890,,,,,
g_g005583,west,2,4,0,0,0,1,30,남,2;1;2;2;6;2;1;6,29,46150;46130;41110,,,,,
g_g005589,west,2,4,0,0,0,2,40,남,7;4;6;6;2;4;6;2,30,50130;26350;45140,,,,,
g_g005590,west,2,22,0,0,0,1,30,남,3;4;3;4;4;5;5;4,29,11560;50110;46130,,,,,
g_g005591,west,2,2,0,0,0,1,40,여,4;3;1;1;4;4;2;2,46,11110;41130;48840,,,,,
g_g005593,west,2,22,0,0,0,0,20,여,5;6;1;6;4;2;4;7,29,50130;50110;11740,,,,,
g_g005594,west,2,4,0,0,0,0,30,여,2;1;3;5;1;1;1;7,30,50130;42150;11110,,,,,
g_g005597,west,2,4,0,0,0,3,30,남,4;4;1;1;4;4;4;5,44,30200;44825;45800,,,,,
g_g005599,west,2,2,0,0,0,1,40,여,2;1;1;1;6;2;4;4,46,50130;26350;42830,,,,,
g_g005601,west,2,1,0,0,0,0,30,여,5;6;2;2;4;6;6;1,42,42830;50110;26350,,,,,
g_g005602,west,2,11,0,0,0,3,40,남,2;6;2;2;6;6;2;6,36,30170;44130;44150,,,,,
g_g005683,west,2,1,0,0,0,2,30,남,2;2;1;4;4;1;2;7,46,50130;47130;43760,,,,,
g_g005692,west,3,10,0,0,0,2,30,남,3;2;1;3;6;6;2;6,41,41460;26350;50130,,,,,
g_g005694,west,2,1,0,0,0,1,30,여,4;1;1;4;6;6;1;7,41,26110;50130;11140,,,,,
g_g005701,west,3,22,0,0,0,1,20,여,3;1;1;3;4;6;3;5,27,26350;28200;50130,,,,,
g_g005704,west,3,1,0,0,0,1,20,여,4;2;1;1;4;2;6;6,46,50110;42150;42210,,,,,
g_g005708,west,3,1,0,0,0,1,30,남,4;4;4;4;4;4;4;4,29,50130;26710;11680,,,,,
g_g005716,west,3,1,0,0,0,4,20,여,6;2;1;5;6;6;5;4,45,45800;50130;11440,,,,,
g_g005725,west,3,1,0,0,0,1,20,여,7;3;2;3;3;6;6;5,47,26500;11200;47820,,,,,
g_g005742,west,3,22,0,0,0,1,20,여,1;1;2;5;7;4;5;5,11,50130;42150;26710,,,,,
g_g005750,west,2,22,0,0,0,2,60,남,2;3;1;3;2;1;2;6,30,47750;45710;42770,,,,,
g_g005754,west,3,21,0,0,0,1,50,여,2;4;2;6;7;5;6;2,48,48840;48220;50110,,,,,
g_g005762,west,2,1,0,0,0,1,20,여,5;5;1;3;3;5;2;4,41,42210;26350;50130,,,,,
g_g005783,west,3,1,0,0,0,3,20,여,3;2;2;2;4;3;5;3,29,50110;46710;45110,,,,,
g_g005791,west,3,23,0,0,0,1,20,여,4;2;1;5;5;5;1;6,11,47130;42150;11110,,,,,
g_g005794,west,2,21,0,0,0,3,40,남,3;3;1;2;6;1;1;7,29,46710;46790;46880,,,,,
g_g005795,west,2,21,0,0,0,1,30,여,1;4;1;3;4;3;2;7,29,46130;46710;45110,,,,,
g_g005798,west,2,4,0,0,0,1,20,남,6;1;3;3;3;6;2;4,29,11545;50130;26320,,,,,
g_g005806,west,2,21,0,0,0,1,40,여,2;6;3;4;4;4;5;5,41,44825;42170;50130,,,,,
g_g005807,west,3,22,0,0,0,1,20,남,1;1;1;1;7;3;6;2,11,26500;28110;42150,,,,,
g_g005815,west,3,1,0,0,0,1,20,남,1;1;1;4;4;4;4;7,41,42230;44130;50110,,,,,
g_g005838,west,3,22,0,0,0,2,30,여,3;1;2;5;3;3;5;2,11,50130;42830;41650,,,,,
g_g005841,west,3,2,0,0,0,1,30,남,1;4;1;3;4;1;2;5,28,28710;42150;46130,,,,,
g_g005844,west,3,1,0,0,0,9,20,남,3;2;2;4;5;6;2;6,46,26290;42210;42150,,,,,
g_g005855,west,3,21,0,0,0,1,20,여,1;1;1;5;2;1;2;4,26,47130;26710;50130,,,,,
g_g005868,west,3,2,0,0,0,1,20,남,6;2;4;2;4;4;2;6,30,26350;42210;11680,,,,,
g_g005889,west,3,2,0,0,0,2,40,남,3;4;3;3;3;3;4;4,36,46130;50110;50130,,,,,
g_g005895,west,2,22,0,0,0,7,50,여,2;4;3;1;2;3;6;7,11,42150;46130;48220,,,,,
g_g005920,west,3,1,0,0,0,0,20,남,2;2;4;4;2;3;5;6,41,45110;41390;11560,,,,,
g_g005952,west,3,2,0,0,0,1,20,여,4;1;2;2;7;4;3;7,41,11440;42720;45110,,,,,
g_g005959,west,3,1,0,0,0,3,20,여,4;4;3;2;2;4;6;4,27,26350;11230;50110,,,,,
g_g005960,west,3,22,0,0,0,1,20,여,5;2;3;3;6;4;6;5,29,42210;11200;26200,,,,,
g_g005965,west,2,2,0,0,0,2,40,여,3;7;4;5;7;5;3;7,41,41460;41590;28185,,,,,
g_g005972,west,2,22,0,0,0,1,40,여,2;3;4;4;4;3;4;6,48,46730;46130;50130,,,,,
g_g005974,west,3,22,0,0,0,1,20,여,3;1;2;3;2;2;6;5,45,46130;26500;47750,,,,,
g_g005992,west,3,11,0,0,0,1,30,남,4;1;2;1;4;6;3;5,41,11680;26260;50110,,,,,
g_g006023,west,3,2,0,0,0,1,30,여,4;3;2;5;5;3;6;6,11,11110;26350;29170,,,,,
g_g006027,west,2,10,0,0,0,1,20,남,4;2;5;5;6;4;4;4,29,11680;26710;50130,,,,,
g_g006029,west,3,1,0,0,0,4,30,여,4;5;5;5;7;4;6;2,44,44825;42210;44270,,,,,
g_g006061,west,3,1,0,0,0,2,50,여,3;3;2;2;2;6;6;6,28,42210;44760;50130,,,,,
g_g006065,west,3,2,0,0,0,1,20,여,2;2;4;2;2;3;3;5,46,50110;46840;26500,,,,,
g_g006076,west,3,1,0,0,0,3,20,여,4;1;3;3;1;4;1;2,11,29200;27260;26350,,,,,
g_g006092,west,3,10,0,0,0,1,40,여,4;2;4;2;6;6;2;6,41,41820;42210;50110,,,,,
g_g006096,west,2,22,0,0,0,1,30,여,1;7;1;7;1;7;1;1,30,43150;50130;31710,,,,,
g_g006102,west,3,21,0,0,0,2,30,여,2;4;3;5;2;4;3;2,36,47130;46150;50130,,,,,
g_g006114,west,2,2,0,0,0,3,40,여,2;5;3;4;4;5;2;5,43,50130;45130;46130,,,,,
g_g006132,west,3,1,0,0,0,1,20,여,6;2;2;3;7;7;2;6,45,50110;26350;11680,,,,,
g_g006137,west,3,22,0,0,0,1,40,여,2;2;2;3;2;3;3;5,11,50130;50110;42150,,,,,
g_g006151,west,3,12,0,0,0,5,30,남,3;3;5;2;3;3;3;6,11,42210;50130;26350,,,,,
g_g006152,west,3,2,0,0,0,4,20,여,5;3;2;5;6;3;6;5,45,26200;46130;42210,,,,,
g_g006161,west,3,1,0,0,0,2,20,남,7;1;1;1;4;4;1;7,11,50110;26350;42150,,,,,
g_g006163,west,3,8,0,0,0,3,40,남,1;1;1;4;6;4;1;7,44,42150;43150;50130,,,,,
g_g006175,west,3,2,0,0,0,1,20,여,2;3;5;3;6;5;2;5,45,30200;47110;47130,,,,,
g_g006179,west,3,1,0,0,0,2,50,여,1;1;1;1;1;7;4;4,26,11305;50110;41820,,,,,
g_g006181,west,2,1,0,0,0,1,30,여,1;7;1;1;1;1;7;7,41,44180;41830;11680,,,,,
g_g006189,west,2,22,0,0,0,1,30,여,1;1;2;1;2;2;6;2,41,11590;29110;50130,,,,,
g_g006190,west,3,2,0,0,0,3,40,남,4;5;5;5;6;5;3;1,11,42150;41280;45770,,,,,
g_g006196,west,3,21,0,0,0,3,20,남,2;1;1;4;2;1;7;6,45,50130;50110;42150,,,,,
g_g006197,west,3,10,0,0,0,3,40,남,2;1;3;2;2;3;3;4,41,44180;28710;43110,,,,,
g_g006212,west,3,5,0,0,0,1,30,남,2;1;2;5;2;4;2;3,28,46130;50130;26350,,,,,
g_g006213,west,3,6,0,0,0,3,20,여,4;4;4;4;4;4;4;4,41,42210;50110;41590,,,,,
g_g006214,west,3,22,0,0,0,1,20,여,6;2;3;2;6;6;5;7,36,26500;47130;11170,,,,,
g_g006231,west,2,1,0,0,0,1,20,남,5;3;5;3;3;5;5;4,41,50110;42150;26350,,,,,
g_g006260,west,2,1,0,0,0,1,30,남,1;1;1;1;1;1;7;7,41,11410;50110;50130,,,,,
g_g006265,west,2,1,0,0,0,1,20,여,7;3;5;3;5;7;2;6,29,11680;26350;46130,,,,,
g_g006280,west,3,1,0,0,0,1,40,남,2;1;1;1;1;2;7;7,43,30200;31170;44150,,,,,
g_g006322,west,2,1,0,0,0,1,30,여,5;2;3;4;4;5;5;5,11,50110;42170;41110,,,,,
g_g006323,west,2,12,0,0,0,1,40,남,1;7;4;6;1;6;2;4,29,46150;46790;46870,,,,,
g_g006331,west,3,2,0,0,0,1,30,남,4;2;1;4;1;2;6;3,11,42210;43150;50110,,,,,
g_g006376,west,3,13,0,0,0,3,20,여,5;2;2;4;3;5;3;5,11,50130;42150;26350,,,,,
g_g006378,west,2,2,0,0,0,2,30,여,2;1;1;6;2;6;1;6,11,42830;42210;41820,,,,,
g_g006393,west,3,2,0,0,0,1,30,여,4;6;5;3;2;4;2;2,29,46710;50110;45110,,,,,
g_g006402,west,2,1,0,0,0,1,20,여,5;3;2;4;2;6;6;2,30,26500;11110;50130,,,,,
g_g006442,west,2,1,0,0,0,1,20,남,2;1;1;1;1;4;5;6,28,50130;26350;30140,,,,,
g_g006459,west,2,22,0,0,0,1,20,여,3;3;2;3;4;3;6;5,30,50130;26350;45730,,,,,
g_g006460,west,2,1,0,0,0,0,30,여,3;6;2;6;6;5;1;5,41,42150;50110;26350,,,,,
g_g006468,west,2,2,0,0,0,1,30,여,3;2;3;2;5;6;7;4,41,42150;50110;11440,,,,,
g_g006469,west,3,3,0,0,0,1,30,여,1;1;6;3;2;2;2;6,41,44825;50110;26710,,,,,
g_g006470,west,3,1,0,0,0,0,30,여,4;1;1;7;4;1;7;7,11,11680;50110;50130,,,,,
g_g006475,west,2,22,0,0,0,2,20,여,3;1;1;5;6;5;2;6,30,26500;11440;50130,,,,,
g_g006477,west,3,1,0,0,0,0,20,여,6;3;4;3;2;7;2;4,11,50110;26350;30170,,,,,
g_g006482,west,3,12,0,0,0,1,30,여,2;1;4;3;7;4;1;7,29,45110;45130;46890,,,,,
g_g006489,west,3,1,0,0,0,1,30,남,6;1;7;1;1;1;7;3,26,50130;26500;30140,,,,,
g_g006510,west,3,10,0,0,0,1,20,여,4;2;2;5;6;3;6;4,43,11440;47110;47130,,,,,
g_g006516,west,3,5,0,0,0,1,20,남,2;1;1;1;2;7;7;1,41,42150;26350;50130,,,,,
g_g006523,west,3,11,0,0,0,2,20,남,1;1;1;1;7;2;3;4,30,44825;44770;50130,,,,,
g_g006524,west,3,22,0,0,0,2,30,남,4;2;2;2;4;3;2;6,41,50130;26350;42150,,,,,
g_g006529,west,2,1,0,0,0,1,20,여,6;2;3;3;3;5;6;3,41,26350;50110;50130,,,,,
g_g006548,west,3,10,0,0,0,3,30,여,4;6;4;3;5;5;3;3,45,45140;46130;30140,,,,,
g_g006588,west,3,5,0,0,0,1,30,여,2;4;1;3;6;2;5;6,11,42210;50130;41820,,,,,
g_g006601,west,2,22,0,0,0,1,30,남,2;1;5;5;4;2;1;6,44,41480;44270;30200,,,,,
g_g006606,west,2,27,0,0,0,2,40,여,2;4;2;3;4;4;4;6,11,41450;45110;11710,,,,,
g_g006668,west,3,1,0,0,0,2,30,남,3;3;1;3;3;3;5;3,11,26170;42820;46110,,,,,
g_g006677,west,2,1,0,0,0,1,50,여,6;6;3;3;5;6;6;6,11,42210;50130;26350,,,,,
g_g006698,west,2,4,0,0,0,0,20,여,1;4;2;3;2;4;4;4,11,26350;50110;11680,,,,,
g_g006718,west,2,12,0,0,0,0,20,여,1;3;3;3;4;4;1;6,44,50130;46130;45110,,,,,
g_g006725,west,3,3,0,0,0,1,20,여,6;3;2;1;1;7;7;7,11,41110;42150;42170,,,,,
g_g006730,west,3,22,0,0,0,1,20,여,5;4;3;5;5;5;3;5,41,47130;45110;41110,,,,,
g_g006739,west,2,1,0,0,0,0,30,여,4;3;5;5;5;6;7;7,41,30140;42110;50110,,,,,
g_g006764,west,2,21,0,0,0,0,20,여,1;1;1;3;5;3;3;7,11,26350;50130;45110,,,,,
g_g006775,west,3,2,0,0,0,1,30,남,5;1;1;4;7;4;6;5,41,42150;47130;47930,,,,,
g_g006803,west,3,22,0,0,0,1,30,여,5;3;3;2;3;5;1;7,11,41410;11470;42150,,,,,
g_g006807,west,3,1,0,0,0,2,20,여,1;1;2;4;3;3;6;4,11,26260;27170;45110,,,,,
g_g006812,west,2,28,0,0,0,2,20,여,3;5;3;3;3;4;5;5,36,30200;44150;44180,,,,,
g_g006828,west,3,12,0,0,0,0,50,남,2;5;1;5;5;1;1;5,30,42150;46130;48310,,,,,
g_g006842,west,3,6,0,0,0,6,50,여,4;3;3;4;3;4;2;3,11,46150;42210;48220,,,,,
g_g006843,west,3,1,0,0,0,1,40,여,7;6;6;3;2;4;4;2,11,42210;41820;11230,,,,,
g_g006844,west,3,11,0,0,0,1,60,여,2;3;3;6;2;2;2;1,43,43720;43760;30230,,,,,
g_g006859,west,3,2,0,0,0,2,20,남,1;4;2;4;2;2;4;2,44,46110;43150;43800,,,,,
g_g006860,west,2,2,0,0,0,1,20,남,3;1;2;3;6;6;7;5,29,50130;26350;11170,,,,,
g_g006877,west,3,1,0,0,0,1,60,여,5;7;5;1;5;5;3;4,44,28710;44150;30200,,,,,
g_g006893,west,2,1,0,0,0,1,40,남,4;5;6;3;3;3;5;3,27,26170;47110;26350,,,,,
g_g006910,west,2,22,0,0,0,2,20,여,3;3;3;6;5;3;2;6,30,42150;11650;50130,,,,,
g_g006913,west,2,1,0,0,0,2,40,여,6;7;3;2;2;7;3;6,46,44825;11110;30200,,,,,
g_g006945,west,3,1,0,0,0,1,20,남,3;6;1;2;2;7;1;1,44,42210;50110;44210,,,,,
g_g006954,west,2,2,0,0,0,1,30,여,1;7;1;1;1;7;1;7,46,46130;26710;45110,,,,,
g_g006962,west,2,24,0,0,0,1,30,여,2;1;1;4;4;1;6;4,41,46730;26350;42830,,,,,
g_g006974,west,3,13,0,0,0,3,40,남,2;2;2;3;6;3;3;6,41,50130;42210;43800,,,,,
g_g006983,west,3,1,0,0,0,1,20,여,4;3;2;4;2;4;3;5,45,47110;11110;26350,,,,,
g_g006986,west,3,22,0,0,0,2,30,남,1;1;1;1;1;1;1;7,11,42210;26350;50130,,,,,
g_g006989,west,3,1,0,0,0,1,20,여,6;5;2;4;1;5;6;5,29,41820;26350;50110,,,,,
g_g007007,west,2,21,0,0,0,0,30,남,2;4;1;4;1;3;3;6,11,42830;50110;41170,,,,,
g_g007008,west,3,2,0,0,0,1,20,남,6;2;1;3;4;6;6;7,26,11440;42720;46130,,,,,
g_g007012,west,3,1,0,0,0,1,20,여,2;2;1;7;4;4;7;6,41,42150;47130;41280,,,,,
g_g007022,west,3,22,0,0,0,3,20,여,2;1;6;1;1;6;7;7,41,42150;48220;11680,,,,,
g_g007033,west,3,12,0,0,0,1,20,여,6;1;1;3;2;1;6;6,26,50130;27110;11440,,,,,
g_g007035,west,3,10,0,0,0,1,20,여,6;2;1;3;5;6;2;2,26,26350;26500;26260,,,,,
g_g007037,west,3,1,0,0,0,1,20,여,1;1;1;1;4;1;1;7,30,50130;11680;27230,,,,,
g_g007038,west,3,1,0,0,0,2,20,여,4;2;2;2;3;3;4;5,31,11170;50130;26500,,,,,
g_g007052,west,2,22,0,0,0,1,20,남,2;2;2;4;2;5;6;6,29,50110;26500;46130,,,,,
g_g007054,west,3,22,0,0,0,1,30,여,4;4;3;3;3;3;3;6,26,47110;48310;27710,,,,,
g_g007056,west,3,22,0,0,0,3,20,여,1;7;7;3;2;3;7;2,45,45740;46130;11110,,,,,
g_g007074,west,3,22,0,0,0,1,20,여,2;1;1;4;4;6;7;6,41,50110;42150;26350,,,,,
g_g007086,west,3,12,0,0,0,1,40,남,5;3;1;3;6;6;6;2,43,50110;11680;46130,,,,,
g_g007099,west,3,21,0,0,0,1,30,여,2;3;3;2;4;5;3;7,11,42210;50110;42150,,,,,
g_g007120,west,3,1,0,0,0,1,30,남,2;2;2;2;2;3;3;6,41,42150;50110;26500,,,,,
g_g007122,west,3,1,0,0,0,1,40,남,2;4;1;4;1;1;6;7,41,42210;28710;44270,,,,,
g_g007152,west,2,5,0,0,0,0,20,여,5;3;2;2;4;5;7;4,26,26350;27260;50130,,,,,
g_g007157,west,3,22,0,0,0,1,30,여,4;1;4;1;4;1;1;7,41,50130;41110;11710,,,,,
g_g007163,west,2,13,0,0,0,0,30,여,4;5;3;1;4;2;6;4,41,50130;26290;41480,,,,,
g_g007175,west,3,1,0,0,0,3,60,여,4;3;3;4;4;4;4;6,31,11110;46130;47130,,,,,
g_g007180,west,2,2,0,0,0,1,30,남,3;7;4;2;2;4;4;4,29,29200;46770;46170,,,,,
g_g007196,west,3,2,0,0,0,1,30,여,4;4;5;5;4;3;2;5,41,50110;42150;30200,,,,,
g_g007199,west,3,21,0,0,0,7,30,여,1;1;4;4;4;3;3;4,11,50130;26350;46730,,,,,
g_g007209,west,3,1,0,0,0,1,20,여,4;2;2;2;6;2;2;5,30,11680;47130;43110,,,,,
g_g007213,west,2,10,0,0,0,3,40,여,4;1;1;4;1;1;7;7,44,41820;42760;44825,,,,,
g_g007215,west,2,1,0,0,0,3,30,여,6;1;2;4;6;6;6;7,29,26500;42150;46820,,,,,
g_g007223,west,3,12,0,0,0,1,30,여,3;3;2;4;2;4;6;6,26,48250;46150;27260,,,,,
g_g007225,west,3,22,0,0,0,3,30,여,2;3;3;3;2;6;3;5,41,50130;26350;46130,,,,,
g_g007231,west,3,1,0,0,0,1,20,남,6;1;1;1;1;6;6;2,41,50130;42150;48220,,,,,
g_g007232,west,3,1,0,0,0,1,40,남,2;2;1;4;4;3;6;7,26,50130;48840;46780,,,,,
g_g007236,west,3,21,0,0,0,1,60,남,1;4;1;6;1;2;1;6,41,42210;46110;47280,,,,,
g_g007244,west,2,28,0,0,0,1,50,남,4;3;3;3;3;3;3;4,36,50110;26710;11230,,,,,
g_g007248,west,3,21,0,0,0,1,40,남,5;3;3;3;3;3;3;5,29,46720;45110;46710,,,,,
g_g007308,west,3,22,0,0,0,3,50,남,2;6;1;6;4;1;2;7,41,28710;41480;42150,,,,,
g_g007309,west,2,1,0,0,0,1,30,여,3;3;2;1;2;3;3;5,41,41110;30200;43800,,,,,
g_g007312,west,3,22,0,0,0,1,20,여,1;1;1;5;7;1;7;1,11,50130;42150;41220,,,,,
g_g007330,west,2,2,0,0,0,1,40,남,4;4;4;4;4;4;5;4,47,48220;26350;27290,,,,,
g_g007336,west,2,12,0,0,0,1,50,남,4;3;3;3;3;4;5;5,41,42830;41590;47280,,,,,
g_g007337,west,2,2,0,0,0,1,30,남,2;2;1;1;2;1;1;2,30,50130;50110;42150,,,,,
g_g007338,west,2,22,0,0,0,1,40,여,3;2;3;4;5;5;3;6,47,50110;26350;11440,,,,,
g_g007339,west,2,22,0,0,0,2,40,여,2;2;6;2;5;2;3;6,29,45800;46710;46790,,,,,
g_g007340,west,2,2,0,0,0,2,50,남,4;3;3;3;3;6;6;6,29,46710;46130;46110,,,,,
g_g007342,west,2,21,0,0,0,2,40,남,7;7;7;1;1;3;5;4,29,42150;48310;29155,,,,,
g_g007346,west,2,1,0,0,0,0,20,여,5;4;5;1;4;7;5;7,11,30140;26500;50110,,,,,
g_g007347,west,2,1,0,0,0,0,40,남,6;6;2;6;6;6;2;6,45,46710;46130;11110,,,,,
g_g007348,west,2,1,0,0,0,0,20,여,6;2;2;1;2;7;6;6,11,26350;50110;46130,,,,,
g_g007351,west,2,2,0,0,0,2,50,남,4;5;3;5;3;3;6;5,45,45720;44180;45790,,,,,
g_g007352,west,2,4,0,0,0,3,30,여,3;3;6;5;3;5;1;6,43,42150;42210;45800,,,,,
g_g007353,west,2,21,0,0,0,2,50,남,4;2;2;2;2;4;3;6,43,42150;50130;42210,,,,,
g_g007354,west,2,21,0,0,0,1,40,남,1;4;3;3;3;3;2;6,44,44150;30200;44790,,,,,
g_g007355,west,2,2,0,0,0,1,50,남,1;1;1;1;1;1;1;1,44,42150;50110;11560,,,,,
g_g007360,west,2,2,0,0,0,3,40,남,1;2;5;1;2;2;5;7,45,26260;11170;47130,,,,,
g_g007363,west,2,21,0,0,0,3,50,남,1;3;3;5;5;5;3;4,41,43720;47250;42210,,,,,
g_g007364,west,2,10,0,0,0,0,40,여,2;4;5;2;2;6;6;2,11,42830;41280;44150,,,,,
g_g007366,west,2,1,0,0,0,0,20,여,1;1;2;1;2;1;3;4,41,42150;30170;46130,,,,,
g_g007368,west,2,26,0,0,0,2,40,여,3;2;1;3;4;3;1;6,41,26350;50130;42170,,,,,
g_g007369,west,2,10,0,0,0,2,20,남,1;4;1;6;6;6;6;6,36,44250;43110;30200,,,,,
g_g007371,west,2,2,0,0,0,1,20,여,6;2;2;2;2;6;6;5,11,26350;50110;42210,,,,,
g_g007373,west,2,2,0,0,0,3,30,여,2;5;1;3;3;3;6;6,29,46900;46170;46790,,,,,
g_g007374,west,2,10,0,0,0,3,40,여,4;4;1;5;5;1;4;4,41,42210;41830;43130,,,,,
g_g007376,west,2,22,0,0,0,0,20,여,4;2;5;3;2;5;6;6,36,50130;26200;11170,,,,,
g_g007377,west,2,22,0,0,0,1,20,여,2;2;2;2;3;3;2;4,30,50130;26350;11560,,,,,
g_g007378,west,2,1,0,0,0,0,20,남,6;4;4;3;3;5;6;2,46,45710;11710;46890,,,,,
g_g007380,west,2,13,0,0,0,1,30,남,4;4;6;6;4;7;3;4,43,44150;42150;42170,,,,,
g_g007381,west,2,1,0,0,0,0,30,남,2;2;2;5;5;2;2;3,29,42150;42830;11680,,,,,
g_g007383,west,2,27,0,0,0,2,40,여,1;1;2;1;1;2;1;1,30,44810;45110;11710,,,,,
g_g007386,west,2,10,0,0,0,1,20,여,2;3;4;4;3;5;6;4,29,46710;11110;50130,,,,,
g_g007389,west,2,4,0,0,0,3,50,남,2;1;4;2;4;3;5;3,46,46910;45790;46130,,,,,
g_g007393,west,2,2,0,0,0,1,20,여,2;1;7;1;1;7;1;7,30,11680;42150;26710,,,,,
g_g007395,west,2,2,0,0,0,1,20,여,1;4;3;3;3;1;2;5,30,47130;42150;46150,,,,,
g_g007396,west,2,21,0,0,0,1,30,남,7;7;1;4;1;1;7;4,29,41430;41130;46710,,,,,
g_g007401,west,2,22,0,0,0,1,30,남,4;4;4;3;3;4;5;3,29,29200;46710;45110,,,,,
g_g007404,west,2,1,0,0,0,0,30,남,3;4;2;5;6;3;3;5,41,26350;42150;45110,,,,,
g_g007405,west,2,2,0,0,0,2,40,여,4;5;3;4;5;4;3;4,36,46130;42150;30200,,,,,
g_g007407,west,2,21,0,0,0,4,50,남,1;4;3;3;3;4;3;6,11,41650;42210;50130,,,,,
g_g007410,west,2,2,0,0,0,1,30,남,5;6;2;3;6;5;5;3,29,46710;46130;26350,,,,,
g_g007411,west,2,2,0,0,0,1,40,여,4;7;2;2;4;6;2;7,29,11680;46110;45130,,,,,
g_g007412,west,2,11,0,0,0,2,30,여,3;2;2;3;5;6;3;4,30,45110;26350;11170,,,,,
g_g007413,west,2,22,0,0,0,1,40,여,1;4;1;5;7;2;2;7,44,44150;44230;30170,,,,,
g_g007414,west,2,1,0,0,0,0,30,여,1;1;1;4;4;5;5;5,11,50130;26710;11680,,,,,
g_g007416,west,2,4,0,0,0,1,40,남,2;3;2;3;5;2;5;3,29,46710;26200;27260,,,,,
g_g007420,west,3,22,0,0,0,1,20,남,6;6;6;4;4;6;2;6,29,11710;26350;46710,,,,,
g_g007432,west,3,2,0,0,0,1,20,여,2;4;4;4;4;4;4;7,11,42150;50130;26320,,,,,
g_g007433,west,3,1,0,0,0,1,20,남,1;1;1;1;7;5;1;6,41,42150;29110;47130,,,,,
g_g007435,west,3,12,0,0,0,1,40,여,7;1;6;7;1;6;7;2,11,42150;50110;45110,,,,,
g_g007454,west,3,4,0,0,0,0,20,여,2;2;2;2;6;5;5;6,11,29155;50110;26500,,,,,
g_g007514,west,2,3,0,0,0,1,20,남,4;2;1;7;6;4;1;5,44,44210;50110;44180,,,,,
g_g007515,west,3,27,0,0,0,0,40,여,4;1;4;1;4;4;5;4,28,28177;46110;50130,,,,,
g_g007523,west,2,1,0,0,0,0,30,여,3;5;4;6;3;5;5;5,11,50130;28237;30140,,,,,
g_g007524,west,2,10,0,0,0,1,20,여,4;1;1;4;1;1;6;6,44,50130;50110;11680,,,,,
g_g007528,west,2,11,0,0,0,2,30,남,5;3;4;5;3;4;5;3,29,11110;46710;46170,,,,,
g_g007535,west,3,24,0,0,0,3,30,여,1;2;4;5;6;7;7;7,30,50110;42150;46110,,,,,
g_g007536,west,2,22,0,0,0,1,20,여,3;1;4;6;4;3;1;7,43,11680;50130;45110,,,,,
g_g007537,west,3,1,0,0,0,3,20,여,4;2;2;2;2;6;6;6,45,45130;44180;50130,,,,,
g_g007538,west,3,7,0,0,0,1,20,여,5;1;2;3;6;2;3;5,45,26350;46710;29200,,,,,
g_g007539,west,2,9,0,0,0,1,30,남,4;5;4;3;3;3;4;4,45,44760;46150;50130,,,,,
g_g007540,west,3,2,0,0,0,1,30,남,4;2;2;4;5;3;3;4,29,28185;42810;46110,,,,,
g_g007546,west,2,22,0,0,0,1,20,남,2;5;5;4;2;5;5;5,29,46710;46130;46170,,,,,
g_g007576,west,2,1,0,0,0,2,20,여,4;2;2;3;4;5;5;7,30,50130;42150;26350,,,,,
g_g007596,west,2,1,0,0,0,1,20,남,4;4;4;2;6;4;7;5,27,26410;47130;47170,,,,,
g_g007614,west,2,5,0,0,0,0,20,여,1;1;1;1;3;2;1;7,11,26230;50110;50130,,,,,
g_g007622,west,2,22,0,0,0,1,20,남,4;1;7;1;4;7;1;4,11,41280;50110;26350,,,,,
g_g007628,west,2,1,0,0,0,1,20,남,3;7;3;5;2;5;6;1,29,29200;46170;46710,,,,,
g_g007671,west,2,1,0,0,0,1,30,여,1;1;4;4;1;4;7;5,11,41820;42150;26500,,,,,
g_g007675,west,2,2,0,0,0,1,40,남,2;2;3;3;2;3;6;6,36,48220;44150;45130,,,,,
g_g007679,west,2,1,0,0,0,1,30,남,6;4;2;5;5;7;7;7,45,45710;45180;50110,,,,,
g_g007681,west,2,13,0,0,0,2,30,남,1;6;2;4;2;2;3;6,41,43110;41590;44270,,,,,
g_g007684,west,2,1,0,0,0,2,20,남,2;1;1;1;5;4;3;3,44,11680;50130;26350,,,,,
g_g007690,west,2,1,0,0,0,0,40,여,4;4;4;4;4;4;4;4,36,30170;30200;11410,,,,,
g_g007694,west,2,4,0,0,0,0,20,남,2;2;2;2;3;3;2;2,41,41820;48220;26350,,,,,
g_g007704,west,2,22,0,0,0,3,20,여,5;5;2;5;6;2;2;6,30,28710;45750;29200,,,,,
g_g007718,west,2,11,0,0,0,2,20,남,2;4;2;6;3;4;3;2,29,26350;46710;46130,,,,,
g_g007727,west,2,1,0,0,0,1,20,여,5;1;2;1;4;3;4;4,41,11680;30170;26350,,,,,
g_g007729,west,2,1,0,0,0,1,20,여,4;5;3;2;4;4;5;6,11,50110;26350;30140,,,,,
g_g007748,west,2,2,0,0,0,2,20,여,2;2;2;3;5;2;5;2,29,46710;46790;50110,,,,,
g_g007757,west,2,22,0,0,0,1,40,여,3;2;2;4;5;3;6;7,41,50130;42820;31200,,,,,
g_g007762,west,2,22,0,0,0,1,20,여,2;7;2;3;4;2;1;7,36,50130;26350;11680,,,,,
g_g007765,west,2,1,0,0,0,0,20,여,4;2;3;3;6;3;5;3,29,11680;46130;50110,,,,,
g_g007773,west,2,1,0,0,0,0,20,여,7;1;2;1;4;6;5;2,30,27290;43110;31710,,,,,
g_g007774,west,2,4,0,0,0,7,40,여,1;1;1;4;3;5;3;5,44,48840;42750;30200,,,,,
g_g007776,west,2,2,0,0,0,2,30,여,6;5;3;6;5;3;5;5,43,50130;30200;26230,,,,,
g_g007779,west,2,2,0,0,0,1,30,여,2;6;3;6;4;6;2;6,27,47190;47110;47130,,,,,
g_g007780,west,2,11,0,0,0,1,20,여,3;2;2;2;2;2;1;6,46,50110;42150;26200,,,,,
g_g007785,west,2,21,0,0,0,1,30,여,7;2;3;3;4;3;6;6,45,11680;26710;29200,,,,,
g_g007786,west,2,1,0,0,0,0,30,여,2;2;2;7;7;5;1;2,11,42150;46130;46150,,,,,
g_g007787,west,2,2,0,0,0,3,30,여,3;7;2;1;1;5;6;4,45,41220;46710;44770,,,,,
g_g007789,west,2,2,0,0,0,1,20,남,7;2;2;4;2;2;6;6,46,50130;26170;11680,,,,,
g_g007792,west,2,24,0,0,0,2,30,남,2;2;2;2;4;2;6;7,29,42150;50130;11680,,,,,
g_g007793,west,2,2,0,0,0,1,40,남,4;1;1;2;2;6;7;2,29,45190;46110;11110,,,,,
g_g007807,west,2,3,0,0,0,1,20,남,7;3;3;5;1;6;6;3,30,42210;44825;26500,,,,,
g_g007810,west,2,21,0,0,0,1,30,남,2;6;1;3;1;7;7;5,11,50130;48250;42150,,,,,
g_g007884,west,2,1,0,0,0,1,20,남,4;1;1;4;4;4;5;4,48,26500;11590;46130,,,,,
g_g007895,west,2,12,0,0,0,1,40,남,1;7;4;7;1;4;4;4,29,29200;46170;46110,,,,,
g_g007932,west,2,1,0,0,0,1,20,남,4;1;1;1;7;1;1;7,36,50130;26290;30140,,,,,
g_g007936,west,2,10,0,0,0,0,30,남,1;1;1;3;6;1;5;4,29,29200;48220;42820,,,,,
g_g007947,west,2,22,0,0,0,1,20,남,3;1;1;3;6;4;1;5,30,42830;26350;50130,,,,,
g_g007984,west,2,1,0,0,0,0,20,여,3;1;1;2;6;1;6;6,36,50110;11710;26350,,,,,
g_g007992,west,2,1,0,0,0,1,20,남,6;2;1;5;3;1;7;3,11,50110;26350;30200,,,,,
g_g007993,west,2,1,0,0,0,2,30,여,3;2;1;3;3;5;5;5,11,42820;44150;26530,,,,,
g_g008035,west,3,1,0,0,0,0,20,여,7;4;6;7;5;7;7;4,11,30170;11650;30200,,,,,
g_g008048,west,2,3,0,0,0,1,30,여,3;2;3;3;4;2;2;6,11,45190;46820;46150,,,,,
g_g008051,west,2,1,0,0,0,0,20,남,3;2;1;5;5;3;6;5,11,50110;47730;42210,,,,,
g_g008055,west,3,2,0,0,0,1,20,남,7;2;2;7;1;5;2;3,29,46130;11230;46710,,,,,
g_g008090,west,2,1,0,0,0,1,20,여,7;2;3;6;7;6;6;7,46,11110;29110;26140,,,,,
g_g008098,west,2,1,0,0,0,1,20,여,7;6;6;5;3;5;6;5,11,27260;27110;47170,,,,,
g_g008104,west,2,2,0,0,0,1,20,여,4;4;2;4;5;5;5;6,45,45140;45800;45130,,,,,
g_g008106,west,2,22,0,0,0,1,20,남,6;1;5;2;1;3;5;7,45,46130;42150;50110,,,,,
g_g008141,west,2,1,0,0,0,1,30,여,1;3;4;3;4;2;1;7,41,42150;42210;50130,,,,,
g_g008176,west,2,1,0,0,0,1,20,여,4;3;1;1;4;5;1;7,44,50130;42150;46130,,,,,
g_g008219,west,2,11,0,0,0,0,20,여,4;4;4;4;4;4;4;4,30,50130;42150;11680,,,,,
g_g008224,west,2,1,0,0,0,1,40,여,4;4;5;4;2;6;2;4,11,30140;27170;44210,,,,,
g_g008283,west,2,3,0,0,0,0,20,여,3;1;1;3;6;4;2;6,44,50130;26350;11440,,,,,
g_g008284,west,2,2,0,0,0,1,20,남,7;1;1;1;4;1;1;7,29,26350;26530;46130,,,,,
g_g008304,west,3,1,0,0,0,1,20,여,3;3;2;1;3;3;2;3,26,26350;50110;50130,,,,,
g_g008330,west,2,26,0,0,0,2,20,여,1;1;1;1;7;7;1;7,48,48120;26410;48270,,,,,
g_g008332,west,2,21,0,0,0,1,20,남,4;3;2;3;3;5;2;6,41,50110;42150;26350,,,,,
g_g008338,west,2,2,0,0,0,1,20,여,4;2;5;2;1;4;7;3,41,45190;42150;50110,,,,,
g_g008368,west,2,1,0,0,0,1,20,여,4;3;2;6;2;6;6;7,43,50130;44130;44180,,,,,
g_g008382,west,2,2,0,0,0,3,40,남,4;4;3;3;3;3;7;1,41,41590;11710;41460,,,,,
g_g008383,west,2,1,0,0,0,1,30,남,4;4;1;4;7;1;6;4,11,50110;30140;42150,,,,,
g_g008402,west,2,3,0,0,0,2,50,여,6;6;6;6;6;6;6;4,43,42150;26350;45110,,,,,
g_g008405,west,2,1,0,0,0,1,20,여,5;2;1;4;6;5;2;7,30,11440;26230;27140,,,,,
g_g008421,west,2,1,0,0,0,0,40,남,6;5;6;3;5;6;5;6,27,26710;46130;46110,,,,,
g_g008429,west,2,1,0,0,0,1,20,여,2;4;4;3;4;4;6;7,29,46710;46790;46130,,,,,
g_g008435,west,3,1,0,0,0,1,20,여,6;1;1;2;1;2;1;7,11,42150;46130;50110,,,,,
g_g008471,west,2,2,0,0,0,1,20,여,5;4;3;3;5;4;5;3,28,50130;26500;42720,,,,,
g_g008514,west,2,1,0,0,0,1,20,여,6;5;5;2;4;4;5;6,47,11440;29170;43130,,,,,
g_g008528,west,3,23,0,0,0,0,50,남,4;5;3;5;3;3;5;4,29,46710;46730;46130,,,,,
g_g008531,west,2,1,0,0,0,1,20,여,2;6;5;6;6;5;2;6,29,26350;46110;46130,,,,,
g_g008603,west,2,1,0,0,0,0,30,여,2;5;5;1;2;2;5;5,28,50110;42830;42150,,,,,
g_g008626,west,2,12,0,0,0,7,50,남,1;1;1;1;1;1;1;7,41,50130;26350;42150,,,,,
g_g008644,west,2,22,0,0,0,0,20,여,4;4;5;2;4;6;1;6,41,26500;26350;41290,,,,,
g_g008659,west,2,25,0,0,0,3,20,여,6;6;6;5;3;6;2;2,45,46710;46110;45130,,,,,
g_g008664,west,2,1,0,0,0,2,40,여,3;2;2;4;3;3;3;5,30,45130;26350;42150,,,,,
g_g008681,west,2,3,0,0,0,0,40,여,1;1;5;1;1;5;3;5,11,42210;29140;47190,,,,,
g_g008701,west,2,21,0,0,0,5,50,여,3;1;1;3;4;4;2;6,29,50130;46710;26200,,,,,
g_g008733,west,2,3,0,0,0,1,20,남,6;6;5;3;3;5;2;6,45,50130;11110;26350,,,,,
g_g008737,west,2,1,0,0,0,2,20,여,6;7;4;2;7;7;7;1,36,30170;44180;50110,,,,,
g_g008763,west,2,1,0,0,0,0,20,여,5;2;2;4;5;5;6;4,30,42150;26500;11200,,,,,
g_g008781,west,2,1,0,0,0,0,20,여,5;2;2;5;3;3;3;3,29,26350;11230;46110,,,,,
g_g008789,west,2,22,0,0,0,1,20,남,2;2;5;3;3;5;7;6,28,46130;42150;50110,,,,,
g_g008798,west,2,21,0,0,0,1,20,여,4;6;3;3;5;6;2;7,29,46170;26500;11680,,,,,
g_g008830,west,3,21,0,0,0,1,40,남,4;3;3;5;3;5;2;3,28,50130;42150;26350,,,,,
g_g008859,west,2,1,0,0,0,1,30,여,3;1;1;2;5;4;2;5,30,50130;46130;44150,,,,,
g_g008863,west,2,6,0,0,0,3,40,남,1;4;1;3;2;3;5;3,29,46730;46900;42150,,,,,
g_g008866,west,3,1,0,0,0,3,20,여,3;2;1;6;2;3;6;7,45,50130;30200;45110,,,,,
g_g008873,west,2,11,0,0,0,1,40,남,4;3;2;2;4;5;2;6,44,42150;48840;43730,,,,,
g_g008878,west,2,22,0,0,0,2,20,여,2;6;4;5;5;3;7;2,44,44130;43130;42150,,,,,
g_g008895,west,2,1,0,0,0,2,20,여,1;1;1;3;2;6;6;2,11,26710;42110;42830,,,,,
g_g008902,west,2,1,0,0,0,1,20,여,4;4;2;3;3;5;5;5,41,41590;27140;11680,,,,,
g_g008906,west,2,1,0,0,0,0,20,여,4;4;3;3;4;5;6;7,11,42210;42150;26350,,,,,
g_g008925,west,3,21,0,0,0,1,20,여,2;2;2;2;2;4;4;6,45,26350;42210;11680,,,,,
g_g008928,west,2,21,0,0,0,2,30,여,1;1;3;4;1;2;1;6,11,45140;45180;45130,,,,,
g_g008932,west,2,1,0,0,0,1,30,여,3;2;4;4;2;2;2;5,41,42150;28710;26350,,,,,
g_g008968,west,2,2,0,0,0,1,20,여,2;6;2;3;5;4;4;4,45,46130;50130;11110,,,,,
g_g009026,west,3,1,0,0,0,1,20,여,3;4;3;5;5;5;5;6,27,26350;26260;48120,,,,,
g_g009034,west,2,22,0,0,0,0,30,여,4;3;2;3;6;3;3;6,27,11110;50130;50110,,,,,
g_g009114,west,2,1,0,0,0,7,20,남,4;1;2;1;2;4;4;5,43,42150;11680;26710,,,,,
g_g009161,west,2,9,0,0,0,2,30,남,7;4;1;3;7;7;3;5,26,26350;26710;11680,,,,,
g_g009194,west,2,3,0,0,0,0,40,남,2;6;4;3;2;3;3;5,29,46710;46150;46110,,,,,
g_g009210,west,2,1,0,0,0,1,20,남,6;3;2;1;3;3;6;6,11,50110;42110;31710,,,,,
g_g009219,west,2,21,0,0,0,1,30,여,4;1;4;2;5;2;5;5,29,45110;26350;47130,,,,,
g_g009232,west,2,1,0,0,0,0,20,여,2;2;2;5;4;4;6;5,28,41820;26350;42210,,,,,
g_g009266,west,2,12,0,0,0,1,20,남,3;1;2;3;4;1;7;6,45,46130;45800;50110,,,,,
g_g009267,west,2,13,0,0,0,0,40,남,4;2;6;4;3;4;3;3,45,45720;30140;45140,,,,,
g_g009273,west,2,1,0,0,0,1,20,여,4;4;4;4;4;4;4;4,41,26350;50130;11710,,,,,
g_g009283,west,2,6,0,0,0,1,20,여,2;1;1;4;5;2;1;5,29,46130;26500;50110,,,,,
g_g009291,west,2,1,0,0,0,1,30,여,6;7;2;6;7;2;1;6,29,50110;11680;46820,,,,,
g_g009320,west,2,1,0,0,0,1,20,여,1;7;7;1;1;4;7;5,11,50110;26260;30140,,,,,
g_g009325,west,2,22,0,0,0,1,20,남,4;3;3;4;3;4;5;6,29,50110;46790;45110,,,,,
g_g009329,west,2,2,0,0,0,0,20,여,4;2;4;3;4;4;1;6,43,11440;26260;42150,,,,,
g_g009332,west,2,13,0,0,0,1,30,남,1;7;1;1;1;1;1;7,41,42210;27260;26350,,,,,
g_g009335,west,2,1,0,0,0,2,20,여,4;7;1;1;3;2;7;7,11,50130;26350;45110,,,,,
g_g009348,west,2,22,0,0,0,7,30,남,1;1;2;2;4;2;7;1,41,42210;43800;50130,,,,,
g_g009355,west,2,4,0,0,0,3,50,여,2;4;2;5;4;4;3;6,48,50130;11650;42760,,,,,
g_g009360,west,2,1,0,0,0,0,20,여,3;2;2;6;6;6;3;5,29,11680;26350;42150,,,,,
g_g009362,west,2,22,0,0,0,2,30,여,4;4;6;6;4;3;6;1,45,26200;46130;42150,,,,,
g_g009365,west,2,2,0,0,0,1,30,여,2;4;1;2;1;7;1;1,29,50130;11680;45130,,,,,
g_g009367,west,2,4,0,0,0,3,40,여,3;6;5;2;7;6;3;6,43,30200;44180;47770,,,,,
g_g009368,west,2,10,0,0,0,1,20,남,4;4;4;4;4;4;4;4,43,26200;44180;11710,,,,,
g_g009370,west,2,2,0,0,0,1,30,남,7;4;1;1;4;1;7;1,30,26350;26230;30170,,,,,
g_g009372,west,2,1,0,0,0,0,20,여,5;1;3;5;4;6;6;5,41,50130;26350;42150,,,,,
g_g009401,west,2,22,0,0,0,1,30,여,4;1;1;5;2;3;2;6,45,50110;50130;26350,,,,,
g_g009414,west,2,22,0,0,0,0,20,여,2;4;3;1;1;2;7;7,43,11440;43110;11650,,,,,
g_g009442,west,2,22,0,0,0,3,50,남,6;4;4;4;4;4;4;5,11,41570;41360;41280,,,,,
g_g009465,west,2,11,0,0,0,1,20,여,1;4;1;5;4;1;7;5,45,45110;46230;11170,,,,,
g_g009482,west,2,22,0,0,0,1,20,남,3;3;2;3;2;6;2;6,46,50110;46150;46130,,,,,
g_g009503,west,2,2,0,0,0,1,40,여,3;3;2;3;4;6;2;5,11,41460;41480;42150,,,,,
g_g009526,west,2,1,0,0,0,1,40,남,4;4;5;4;3;4;2;2,46,26140;48870;29140,,,,,
g_g009533,west,2,1,0,0,0,1,20,여,6;7;6;2;3;6;1;5,11,41280;41250;48330,,,,,
g_g009557,west,2,22,0,0,0,1,20,여,4;3;4;3;4;3;3;6,29,26500;46130;45110,,,,,
g_g009573,west,2,13,0,0,0,0,30,여,2;2;4;2;4;5;3;6,11,44180;41820;42150,,,,,
g_g009577,west,3,1,0,0,0,0,20,남,1;2;1;2;2;2;2;3,11,50130;42150;26260,,,,,
g_g009630,west,2,12,0,0,0,1,20,남,2;1;1;4;4;3;3;7,41,50130;42150;47130,,,,,
g_g009639,west,2,1,0,0,0,1,20,여,6;1;2;1;2;5;3;2,11,50130;26350;11680,,,,,
g_g009661,west,2,22,0,0,0,1,20,남,7;3;7;3;7;7;7;7,29,50130;46130;46710,,,,,
g_g009732,west,2,1,0,0,0,1,20,여,5;5;2;6;5;5;5;5,29,45110;46710;46130,,,,,
g_g009738,west,2,1,0,0,0,0,20,여,3;3;2;3;3;3;7;5,41,42170;42210;50130,,,,,
g_g009745,west,2,9,0,0,0,1,30,여,1;4;6;1;1;4;1;7,44,42150;11215;26260,,,,,
g_g009768,west,2,22,0,0,0,1,20,여,2;4;1;6;4;2;1;2,43,50110;26710;46130,,,,,
g_g009771,west,2,10,0,0,0,1,30,남,1;1;1;1;1;1;7;3,44,30170;45130;42750,,,,,
g_g009783,west,2,1,0,0,0,2,20,여,5;2;3;3;2;5;5;4,11,27260;11710;26350,,,,,
g_g009798,west,2,12,0,0,0,4,40,여,1;6;2;6;5;2;2;7,41,48840;42230;41110,,,,,
g_g009802,west,2,1,0,0,0,0,20,여,3;2;3;4;3;4;1;7,26,50130;42190;47130,,,,,
g_g009815,west,2,4,0,0,0,0,20,여,5;5;2;2;4;6;6;7,41,50130;26350;42150,,,,,
g_g009819,west,2,1,0,0,0,0,30,여,4;4;4;4;4;4;4;4,43,31140;47280;43800,,,,,
g_g009821,west,2,21,0,0,0,2,30,남,4;2;2;6;1;7;2;7,45,11590;45790;50130,,,,,
g_g009858,west,2,1,0,0,0,1,20,여,7;1;1;4;7;7;7;7,29,50110;30140;47130,,,,,
g_g009864,west,2,3,0,0,0,1,50,여,3;4;4;4;3;6;4;4,41,42830;50130;41360,,,,,
g_g009879,west,2,1,0,0,0,2,20,여,6;7;2;1;6;6;7;5,41,41130;50130;48330,,,,,
g_g009898,west,2,24,0,0,0,2,40,남,2;1;4;5;7;4;3;7,41,42210;50130;46130,,,,,
g_g009913,west,2,22,0,0,0,0,30,여,4;2;6;3;4;6;5;7,41,46110;42150;28260,,,,,
g_g009929,west,2,1,0,0,0,2,40,여,4;1;5;3;6;7;3;7,43,47110;30200;43750,,,,,
g_g009931,west,2,1,0,0,0,1,20,여,3;2;2;1;5;6;3;7,11,42150;50130;41110,,,,,
g_g009962,west,2,1,0,0,0,0,20,여,4;1;1;7;7;3;1;7,45,50110;50130;11680,,,,,
g_g009973,west,2,1,0,0,0,0,20,여,4;2;2;2;2;2;3;5,11,46110;50110;29140,,,,,
g_g010002,west,2,1,0,0,0,0,20,여,6;6;3;4;6;4;6;2,48,50110;46130;26350,,,,,
g_g010037,west,2,1,0,0,0,1,20,여,2;1;5;2;1;6;2;7,45,50130;26350;11110,,,,,
g_g010043,west,2,1,0,0,0,1,20,남,1;2;2;4;3;2;1;5,45,50110;26350;11680,,,,,
g_g010044,west,2,1,0,0,0,1,30,여,4;3;4;5;5;6;5;6,45,41280;29140;41310,,,,,
g_g010107,west,2,28,0,0,0,9,20,여,3;4;3;3;2;4;2;3,11,28710;50130;47130,,,,,
g_g010119,west,2,22,0,0,0,1,40,남,4;3;3;3;3;3;2;6,29,26380;42110;43800,,,,,
g_g010153,west,2,1,0,0,0,0,40,남,2;3;3;4;3;2;2;6,41,41610;30140;42210,,,,,
g_g010164,west,2,21,0,0,0,1,20,여,2;2;2;4;6;5;4;5,30,44825;11110;50110,,,,,
g_g010200,west,2,2,0,0,0,1,20,여,2;2;2;5;6;6;6;6,29,50130;26350;11680,,,,,
g_g010210,west,2,1,0,0,0,1,20,남,4;4;1;4;4;5;5;5,41,28185;30200;42150,,,,,
g_g010218,west,2,1,0,0,0,3,20,남,3;2;6;1;4;4;6;7,41,50110;11215;26350,,,,,
g_g010222,west,2,1,0,0,0,2,50,남,4;7;1;4;1;7;4;6,36,43130;43110;30200,,,,,
g_g010224,west,2,10,0,0,0,2,40,남,4;2;2;6;7;2;1;7,41,42150;41670;44130,,,,,
g_g010248,west,2,2,0,0,0,2,30,남,7;1;4;1;4;7;1;7,43,11230;26350;27170,,,,,
g_g010256,west,2,2,0,0,0,1,20,여,6;4;6;6;7;3;6;2,29,46710;48310;26710,,,,,
g_g010282,west,2,4,0,0,0,0,30,여,2;2;3;4;5;4;5;5,11,42150;42210;41670,,,,,
g_g010342,west,2,3,0,0,0,1,20,남,4;2;1;4;3;4;5;4,29,50110;26350;46130,,,,,
g_g010348,west,2,1,0,0,0,1,20,남,4;2;3;2;4;4;3;6,11,50110;26350;46150,,,,,
g_g010357,west,2,13,0,0,0,1,30,남,2;1;1;1;6;1;1;7,11,41220;44130;41360,,,,,
g_g010391,west,2,2,0,0,0,1,40,여,7;4;7;4;4;7;4;4,27,50130;26710;48170,,,,,
g_g010401,west,2,1,0,0,0,1,20,여,5;4;6;6;7;3;6;2,29,42150;11170;46130,,,,,
g_g010407,west,2,1,0,0,0,0,20,남,7;2;5;6;7;2;6;2,11,26500;11110;11200,,,,,
g_g010412,west,2,2,0,0,0,3,40,여,1;4;2;1;1;7;4;7,46,46130;26710;45110,,,,,
g_g010413,west,2,5,0,0,0,1,40,여,2;2;3;2;4;1;2;6,46,46130;42210;50130,,,,,
g_g010415,west,2,11,0,0,0,3,40,남,4;1;1;1;4;7;7;4,44,50130;42210;26350,,,,,
g_g010423,west,2,10,0,0,0,2,20,남,4;6;4;4;4;6;6;3,27,27260;47720;47170,,,,,
g_g010430,west,2,2,0,0,0,2,50,남,2;6;2;2;6;6;2;4,29,46150;46130;46790,,,,,
g_g010439,west,2,12,0,0,0,1,20,남,4;3;3;4;4;4;4;5,30,50110;50130;26350,,,,,
g_g010441,west,2,21,0,0,0,2,20,여,4;4;4;4;4;4;6;3,41,42150;50130;26260,,,,,
g_g010442,west,2,1,0,0,0,0,20,여,4;2;2;2;4;6;7;7,26,11170;27110;50130,,,,,
g_g010444,west,2,1,0,0,0,1,20,여,2;2;2;1;3;5;6;3,46,30200;46130;45110,,,,,
g_g010456,west,2,1,0,0,0,2,50,여,1;1;1;6;2;4;2;6,30,42150;42210;44825,,,,,
g_g010458,west,2,1,0,0,0,1,30,남,2;3;3;3;3;5;6;5,36,42210;41820;50110,,,,,
g_g010461,west,2,1,0,0,0,2,30,남,1;1;3;4;1;1;1;5,30,30110;42830;46130,,,,,
g_g010464,west,2,22,0,0,0,2,30,여,2;1;2;4;6;2;4;7,41,26350;48330;11410,,,,,
g_g010476,west,2,1,0,0,0,2,30,여,2;1;2;1;3;3;4;7,41,42210;42830;41820,,,,,
g_g010477,west,2,1,0,0,0,0,50,여,6;2;3;3;3;3;2;3,11,41830;42150;26350,,,,,
g_g010483,west,2,2,0,0,0,1,30,남,6;6;6;3;4;6;1;5,46,46130;41110;11620,,,,,
g_g010492,west,2,1,0,0,0,0,20,여,3;2;1;4;4;3;6;5,43,43760;44180;44130,,,,,
g_g010506,west,2,1,0,0,0,1,30,여,3;3;1;3;4;6;3;6,41,42150;43770;44210,,,,,
g_g010508,west,2,22,0,0,0,0,30,남,2;2;2;3;6;4;2;5,43,42150;46130;26350,,,,,
g_g010510,west,2,11,0,0,0,2,20,남,2;2;2;3;1;4;3;4,30,50130;42830;26140,,,,,
g_g010515,west,2,22,0,0,0,0,20,여,2;6;2;6;6;4;5;3,29,50110;46710;46170,,,,,
g_g010521,west,2,2,0,0,0,2,20,남,1;4;1;6;6;7;7;1,30,50130;42210;44230,,,,,
g_g010526,west,2,1,0,0,0,1,30,남,2;2;4;2;2;3;6;6,36,50110;42150;26710,,,,,
g_g010545,west,2,4,0,0,0,4,20,남,2;2;2;4;3;3;3;3,45,46820;46130;50130,,,,,
g_g010552,west,2,1,0,0,0,0,30,여,4;4;4;4;4;4;4;4,11,42150;50110;44825,,,,,
g_g010557,west,2,3,0,0,0,3,40,여,6;2;1;1;5;5;1;7,45,29170;11110;41110,,,,,
g_g010569,west,2,1,0,0,0,2,20,여,2;2;2;3;2;3;6;6,29,46110;46170;45110,,,,,
g_g010573,west,2,1,0,0,0,0,30,여,4;4;4;3;3;4;3;6,29,11560;26500;50110,,,,,
g_g010594,west,2,1,0,0,0,1,30,여,4;6;2;2;3;7;3;7,30,46130;44210;44150,,,,,
g_g010599,west,2,1,0,0,0,0,20,여,2;6;3;6;5;3;6;3,41,11110;30170;42760,,,,,
g_g010601,west,2,11,0,0,0,1,40,남,2;3;2;1;1;1;7;1,26,50130;11680;48840,,,,,
g_g010617,west,2,4,0,0,0,4,20,여,3;2;5;3;2;5;5;2,43,50110;30230;50130,,,,,
g_g010624,west,2,1,0,0,0,1,30,여,7;2;1;2;7;2;1;1,11,30140;28185;46150,,,,,
g_g010633,west,2,1,0,0,0,1,20,여,4;2;1;5;6;5;3;5,41,42150;47130;26350,,,,,
g_g010635,west,2,1,0,0,0,0,20,여,4;4;3;3;4;6;2;5,27,50130;26350;30170,,,,,
g_g010656,west,2,2,0,0,0,1,30,남,6;2;2;2;2;6;2;5,11,50110;26350;11680,,,,,
g_g010657,west,2,21,0,0,0,1,30,여,2;4;2;4;6;4;3;6,11,11590;48240;44210,,,,,
g_g010673,west,2,1,0,0,0,1,30,남,2;2;1;3;6;5;2;6,11,50110;42150;44180,,,,,
g_g010674,west,2,13,0,0,0,1,20,남,6;2;2;4;2;5;6;4,44,50110;11680;45140,,,,,
g_g010703,west,2,3,0,0,0,0,30,여,3;6;1;1;1;6;7;6,11,26350;50110;42170,,,,,
g_g010705,west,2,4,0,0,0,1,30,여,2;2;6;2;2;6;3;3,46,42150;50110;26410,,,,,
g_g010717,west,2,12,0,0,0,1,20,남,4;6;2;6;7;6;6;6,45,45800;30200;11710,,,,,
g_g010733,west,2,4,0,0,0,0,40,여,1;7;7;4;1;4;5;3,11,41650;45110;41830,,,,,
g_g010735,west,2,1,0,0,0,2,40,여,1;4;4;2;3;5;4;5,46,29200;26230;48840,,,,,
g_g010743,west,2,1,0,0,0,0,20,여,2;2;1;5;2;1;6;3,11,42750;50110;45130,,,,,
g_g010747,west,2,1,0,0,0,1,20,여,5;4;4;5;4;5;5;5,11,26350;27110;30140,,,,,
g_g010752,west,2,22,0,0,0,0,30,여,3;2;4;4;4;4;6;4,11,50110;43150;42210,,,,,
g_g010757,west,2,12,0,0,0,3,50,여,6;4;7;3;5;7;6;7,27,26500;43760;47280,,,,,
g_g010759,west,2,12,0,0,0,0,20,여,3;3;3;3;4;4;6;7,29,26350;29200;42150,,,,,
g_g010773,west,2,1,0,0,0,0,20,남,5;3;3;2;2;5;1;3,29,50130;26350;46710,,,,,
g_g010776,west,2,1,0,0,0,3,20,남,1;7;1;1;1;1;1;1,48,48840;42190;48120,,,,,
g_g010780,west,2,22,0,0,0,1,50,여,1;5;2;4;5;5;2;5,41,42150;41590;50130,,,,,
g_g010781,west,2,2,0,0,0,1,30,여,4;3;3;3;3;4;4;4,44,42150;44200;50110,,,,,
g_g010785,west,2,1,0,0,0,1,30,여,2;6;1;2;2;1;1;5,11,42130;42150;44150,,,,,
g_g010799,west,2,22,0,0,0,4,30,남,4;1;3;3;6;2;6;5,30,50110;42110;46710,,,,,
g_g010805,west,2,2,0,0,0,3,30,남,5;1;1;4;7;7;1;6,44,44130;41290;41110,,,,,
g_g010807,west,2,1,0,0,0,0,30,여,3;3;1;1;1;1;7;5,45,50130;26350;11680,,,,,
g_g010811,west,2,1,0,0,0,0,40,여,3;5;1;6;7;2;4;5,29,46130;50130;42810,,,,,
g_g010816,west,2,22,0,0,0,1,20,남,4;2;3;1;2;2;6;7,30,50110;11560;27140,,,,,
g_g010824,west,2,28,0,0,0,0,60,남,1;4;1;3;2;2;2;7,11,28710;27140;42760,,,,,
g_g010835,west,2,2,0,0,0,1,20,남,3;1;4;3;1;4;4;7,43,26710;11170;46130,,,,,
g_g010836,west,2,22,0,0,0,1,20,남,3;6;2;5;5;6;2;5,11,26350;48310;42830,,,,,
g_g010838,west,2,1,0,0,0,0,30,여,3;2;2;6;2;6;2;6,11,50110;42820;42150,,,,,
g_g010840,west,2,1,0,0,0,1,20,남,7;1;1;1;7;6;2;6,45,50110;11110;26350,,,,,
g_g010847,west,2,1,0,0,0,1,30,여,4;2;1;2;4;6;6;4,36,11440;28185;41460,,,,,
g_g010850,west,2,3,0,0,0,1,30,여,2;2;2;4;2;2;6;2,30,50110;26350;42170,,,,,
g_g010859,west,2,2,0,0,0,0,20,남,7;1;1;6;6;5;7;2,11,30200;44130;43110,,,,,
g_g010860,west,2,1,0,0,0,2,30,여,7;4;2;5;5;6;1;6,41,26350;41110;11710,,,,,
g_g010864,west,2,1,0,0,0,0,20,여,3;6;2;3;3;3;7;6,11,11710;43110;41110,,,,,
g_g010870,west,2,1,0,0,0,1,30,여,2;2;1;1;1;4;3;5,44,50130;44825;42720,,,,,
g_g010878,west,2,21,0,0,0,1,20,남,5;2;2;5;6;2;5;3,11,42110;41460;26350,,,,,
g_g010908,west,2,12,0,0,0,1,40,여,4;4;3;3;3;3;4;5,43,44150;45110;30200,,,,,
g_g010910,west,2,9,0,0,0,2,40,여,1;4;5;1;4;5;2;7,44,50130;42230;11170,,,,,
g_g010930,west,2,1,0,0,0,2,50,여,4;4;2;6;6;2;2;6,27,50110;26710;42210,,,,,
g_g010931,west,2,21,0,0,0,1,20,남,2;7;2;3;4;3;6;6,29,46130;50110;11680,,,,,
g_g010932,west,2,21,0,0,0,1,30,여,2;2;2;6;5;5;3;4,30,11440;50130;42150,,,,,
g_g010939,west,2,2,0,0,0,2,40,남,6;2;2;1;6;2;7;6,45,30200;11710;50110,,,,,
g_g010944,west,2,1,0,0,0,1,30,여,3;4;1;2;5;3;5;5,43,48840;42230;50130,,,,,
g_g010945,west,2,1,0,0,0,1,20,여,5;2;3;2;2;7;3;4,11,42150;50110;26350,,,,,
g_g010950,west,2,1,0,0,0,1,20,남,1;1;1;2;6;3;6;4,11,50110;42150;26140,,,,,
g_g010954,west,2,2,0,0,0,2,30,남,3;4;2;3;2;5;2;6,41,42820;46150;50130,,,,,
g_g010972,west,2,1,0,0,0,1,20,여,5;2;3;3;3;4;6;5,11,42150;50110;47130,,,,,
g_g010976,west,2,2,0,0,0,1,20,여,2;4;1;4;5;3;6;5,11,50130;42830;26200,,,,,
g_g010979,west,2,21,0,0,0,1,20,남,4;4;2;6;7;3;4;5,43,11215;11110;11170,,,,,
g_g010982,west,2,1,0,0,0,0,30,여,1;2;4;4;1;3;7;2,44,42150;50110;42210,,,,,
g_g011009,west,2,4,0,0,0,2,20,여,4;2;3;3;3;3;5;3,46,50130;26500;11440,,,,,
g_g011018,west,2,1,0,0,0,1,50,여,7;2;1;2;7;2;2;7,29,42150;26350;46130,,,,,
g_g011038,west,2,22,0,0,0,0,20,남,1;1;1;7;5;1;1;7,46,42820;46730;50130,,,,,
g_g011045,west,2,3,0,0,0,1,40,남,3;2;2;2;6;2;2;6,41,50130;42150;43130,,,,,
g_g011053,west,2,1,0,0,0,2,20,남,4;4;2;3;4;3;6;2,41,50130;50110;42150,,,,,
g_g011054,west,2,2,0,0,0,3,30,여,2;1;1;5;5;3;6;4,11,42150;26710;45130,,,,,
g_g011060,west,2,6,0,0,0,0,20,여,4;4;2;2;4;4;3;5,30,44130;11290;44230,,,,,
g_g011076,west,2,1,0,0,0,0,20,여,2;1;2;1;2;5;7;2,11,26200;50130;42150,,,,,
g_g011077,west,2,2,0,0,0,2,30,여,2;1;1;1;1;1;1;7,43,43110;44130;43130,,,,,
g_g011078,west,2,2,0,0,0,1,30,여,4;2;7;3;1;4;1;2,29,46130;11710;41460,,,,,
g_g011086,west,2,1,0,0,0,2,20,여,3;6;6;5;6;4;7;6,47,11110;47130;47820,,,,,
g_g011091,west,2,13,0,0,0,2,20,여,2;2;4;3;3;5;5;7,29,42150;46710;46130,,,,,
g_g011096,west,2,1,0,0,0,0,30,여,1;4;3;3;2;4;3;4,43,42210;42150;11215,,,,,
g_g011097,west,2,21,0,0,0,1,20,여,4;4;3;2;4;5;1;6,29,26350;11680;46710,,,,,
g_g011098,west,2,1,0,0,0,1,20,남,4;3;2;2;2;1;3;5,30,45110;31170;50130,,,,,
g_g011101,west,2,22,0,0,0,1,30,여,1;4;1;4;4;7;3;7,11,50110;42210;26350,,,,,
g_g011102,west,2,3,0,0,0,1,20,남,2;3;3;1;1;3;6;5,45,50110;42210;46710,,,,,
g_g011105,west,2,2,0,0,0,1,20,남,2;6;1;2;2;6;4;6,11,26500;46130;27260,,,,,
g_g011106,west,2,4,0,0,0,1,30,남,3;5;2;6;5;4;6;5,11,26110;29155;30140,,,,,
g_g011120,west,2,1,0,0,0,1,20,여,2;1;2;2;1;5;7;1,41,26350;47130;27110,,,,,
g_g011123,west,2,22,0,0,0,0,20,여,5;1;4;2;7;4;7;4,46,29200;47110;41280,,,,,
g_g011127,west,2,12,0,0,0,1,30,여,6;4;1;2;4;3;1;6,11,42150;26500;43150,,,,,
g_g011129,west,2,1,0,0,0,0,20,여,5;3;1;5;6;2;7;3,11,26350;50110;42150,,,,,
g_g011131,west,2,2,0,0,0,0,20,여,5;2;6;7;6;6;7;5,41,42150;26500;30200,,,,,
g_g011137,west,2,21,0,0,0,3,40,남,2;2;1;3;2;4;1;1,41,44825;42820;48220,,,,,
g_g011146,west,2,3,0,0,0,2,30,여,2;6;4;1;1;1;4;4,41,50110;26350;42150,,,,,
g_g011148,west,2,12,0,0,0,1,30,여,2;4;1;4;6;2;4;4,29,50110;42820;46110,,,,,
g_g011161,west,2,1,0,0,0,2,20,남,6;2;3;2;4;3;2;3,11,50110;41360;42150,,,,,
g_g011162,west,2,10,0,0,0,0,30,남,6;2;2;2;3;2;4;6,11,42150;41820;29110,,,,,
g_g011163,west,2,21,0,0,0,1,20,여,2;2;2;4;2;2;4;4,44,28710;11215;41110,,,,,
g_g011164,west,2,1,0,0,0,0,20,여,2;2;3;3;1;4;6;5,27,47840;47110;47130,,,,,
g_g011166,west,2,21,0,0,0,1,30,여,5;2;1;7;5;5;2;7,29,50130;26350;41460,,,,,
g_g011171,west,2,3,0,0,0,1,40,남,3;2;2;4;4;3;2;5,45,45110;46130;26350,,,,,
g_g011173,west,2,1,0,0,0,0,20,여,3;3;2;5;6;2;6;4,45,45110;11110;46110,,,,,
g_g011188,west,2,1,0,0,0,1,20,남,3;2;2;4;2;5;6;4,36,50130;42830;26170,,,,,
g_g011189,west,2,22,0,0,0,1,40,남,3;4;3;3;5;4;5;5,29,46130;46110;46810,,,,,
g_g011192,west,2,1,0,0,0,0,20,여,6;2;2;2;6;6;6;6,46,11230;30110;45190,,,,,
g_g011194,west,2,12,0,0,0,1,30,여,6;3;4;3;4;5;4;4,45,50110;11110;28185,,,,,
g_g011197,west,2,21,0,0,0,1,50,여,1;1;1;4;4;5;3;7,29,46710;46900;11110,,,,,
g_g011200,west,2,22,0,0,0,1,50,남,1;2;5;3;4;4;6;2,41,26500;46130;50130,,,,,
g_g011207,west,2,1,0,0,0,1,30,여,2;4;2;2;4;2;6;7,41,41110;11680;28710,,,,,
g_g011212,west,2,3,0,0,0,0,50,남,1;2;1;2;6;2;2;2,41,50130;46150;46840,,,,,
g_g011228,west,2,1,0,0,0,1,30,남,2;6;1;2;2;2;2;6,41,44200;42150;41550,,,,,
g_g011229,west,2,2,0,0,0,1,20,남,4;5;2;4;6;6;6;5,43,50130;26350;11110,,,,,
g_g011232,west,2,22,0,0,0,1,20,남,4;4;2;4;4;4;4;4,11,50130;42830;30140,,,,,
g_g011233,west,2,1,0,0,0,3,40,남,4;4;4;4;4;4;4;4,11,11680;41110;50110,,,,,
g_g011239,west,2,12,0,0,0,0,30,여,2;5;5;5;3;2;2;4,42,43800;42150;11305,,,,,
g_g011242,west,2,22,0,0,0,3,20,여,7;7;3;1;1;7;7;7,11,42230;50110;26350,,,,,
g_g011254,west,2,2,0,0,0,3,40,여,3;3;4;4;6;6;6;5,29,50130;48310;26710,,,,,
g_g011255,west,2,9,0,0,0,3,50,남,1;3;2;2;3;1;3;4,11,42150;44210;47130,,,,,
g_g011268,west,2,1,0,0,0,0,30,남,7;4;3;2;1;4;7;7,44,30200;44180;44760,,,,,
g_g011274,west,2,1,0,0,0,0,20,여,2;1;4;6;5;5;5;5,46,50130;46110;48220,,,,,
g_g011276,west,2,2,0,0,0,0,20,남,4;6;2;5;2;5;2;1,41,11170;11110;11140,,,,,
g_g011286,west,2,13,0,0,0,1,40,남,4;1;5;5;3;5;3;6,11,26350;42150;50130,,,,,
g_g011291,west,2,1,0,0,0,1,20,여,3;4;3;2;2;3;4;4,29,46780;46720;11230,,,,,
g_g011292,west,2,1,0,0,0,1,20,남,2;3;2;3;6;4;2;3,29,46130;31170;42150,,,,,
g_g011295,west,2,10,0,0,0,2,50,남,4;5;5;4;4;5;5;5,41,41190;42150;45790,,,,,
g_g011297,west,2,1,0,0,0,1,30,남,2;1;1;6;7;1;6;1,30,26440;42110;11680,,,,,
g_g011299,west,2,12,0,0,0,1,30,남,6;7;1;1;6;2;7;7,29,46130;26200;50130,,,,,
g_g011300,west,2,1,0,0,0,1,40,남,3;2;1;3;2;3;1;4,48,42830;50110;26710,,,,,
g_g011305,west,2,1,0,0,0,1,20,여,2;1;2;1;1;3;2;4,36,50130;26500;46110,,,,,
g_g011318,west,2,11,0,0,0,1,30,여,2;3;2;4;4;3;2;4,45,48860;45720;29170,,,,,
g_g011323,west,2,4,0,0,0,1,40,여,1;1;3;4;2;3;4;2,41,50130;43150;42110,,,,,
g_g011344,west,2,21,0,0,0,1,30,여,3;2;1;4;3;2;1;7,44,26410;43150;30170,,,,,
g_g011354,west,2,22,0,0,0,1,30,남,4;3;3;2;2;2;6;4,30,50130;26350;42830,,,,,
g_g011365,west,2,22,0,0,0,1,20,남,1;1;6;2;1;6;6;7,28,26500;42150;50130,,,,,
g_g011370,west,2,22,0,0,0,1,30,여,4;2;1;4;4;6;5;4,29,26500;47130;11200,,,,,
g_g011374,west,2,3,0,0,0,1,50,남,2;5;2;1;3;2;1;2,11,42830;26350;48220,,,,,
g_g011376,west,2,1,0,0,0,1,30,여,4;2;1;3;3;4;2;6,30,42150;26350;45130,,,,,
g_g011393,west,2,1,0,0,0,1,20,남,7;7;1;7;4;3;7;6,30,30170;11230;26350,,,,,
g_g011396,west,2,22,0,0,0,2,50,남,1;2;6;5;6;3;6;6,41,42210;50130;26350,,,,,
g_g011398,west,2,1,0,0,0,1,50,여,2;4;1;2;2;6;2;6,41,41110;11680;41270,,,,,
g_g011399,west,2,28,0,0,0,0,20,여,1;7;1;7;7;1;7;7,29,46810;50130;47130,,,,,
g_g011408,west,2,6,0,0,0,0,20,여,6;4;4;3;4;5;5;3,28,26350;30140;11440,,,,,
g_g011409,west,2,1,0,0,0,0,30,여,2;1;1;4;6;3;2;6,11,42150;42820;46130,,,,,
g_g011411,west,2,10,0,0,0,1,20,남,2;4;2;3;5;2;2;6,30,30140;44150;46150,,,,,
g_g011412,west,2,22,0,0,0,1,30,남,2;3;1;2;2;4;2;2,11,42210;26350;41360,,,,,
g_g011422,west,2,24,0,0,0,1,20,남,2;4;1;3;4;5;2;6,41,42150;26440;30110,,,,,
g_g011430,west,2,1,0,0,0,0,20,여,4;4;4;4;4;4;4;4,30,45130;47250;11680,,,,,
g_g011432,west,2,21,0,0,0,1,30,남,2;2;2;2;3;4;6;4,44,26230;50130;47110,,,,,
g_g011435,west,2,1,0,0,0,1,40,여,3;2;4;4;4;4;5;4,11,50110;50130;42210,,,,,
g_g011441,west,2,4,0,0,0,0,40,남,2;3;2;3;3;2;6;2,43,48220;26200;46130,,,,,
g_g011444,west,2,1,0,0,0,0,20,남,1;6;2;3;1;2;7;6,28,42150;28710;44180,,,,,
g_g011448,west,2,12,0,0,0,1,50,여,6;4;6;2;4;5;1;4,41,45130;48240;42110,,,,,
g_g011449,west,2,22,0,0,0,1,60,여,1;1;1;4;4;4;1;4,41,42750;47110;50130,,,,,
g_g011450,west,2,21,0,0,0,1,50,여,4;5;3;3;3;3;5;6,11,42210;26710;45730,,,,,
g_g011454,west,2,2,0,0,0,1,20,남,2;1;5;4;6;2;1;7,11,41360;42830;41830,,,,,
g_g011459,west,2,2,0,0,0,2,40,남,1;1;1;4;1;7;7;7,29,46710;29170;46170,,,,,
g_g011461,west,2,1,0,0,0,0,20,여,4;6;5;2;3;3;3;5,36,30200;50110;11710,,,,,
g_g011464,west,2,1,0,0,0,0,20,남,4;5;4;3;5;5;6;5,43,42210;41170;11680,,,,,
g_g011470,west,2,1,0,0,0,0,60,남,2;3;2;1;2;6;6;5,43,47130;29170;30230,,,,,
g_g011472,west,2,1,0,0,0,0,20,남,7;1;7;1;1;7;3;6,41,42150;50110;50130,,,,,
g_g011473,west,2,11,0,0,0,2,40,남,2;2;3;6;6;3;1;2,30,44825;42150;26350,,,,,
g_g011476,west,2,4,0,0,0,3,60,남,5;2;4;5;7;6;2;2,36,46130;42150;26380,,,,,
g_g011477,west,2,1,0,0,0,0,30,여,4;1;1;3;4;1;1;4,11,46130;26350;50110,,,,,
g_g011478,west,2,9,0,0,0,1,40,남,1;1;1;4;2;2;3;6,41,46770;42820;47750,,,,,
g_g011479,west,2,21,0,0,0,1,60,여,4;2;1;2;4;3;6;7,29,26500;50130;42150,,,,,
g_g011481,west,2,10,0,0,0,1,30,남,6;1;1;3;6;4;1;7,42,43130;11110;42760,,,,,
g_g011482,west,2,21,0,0,0,2,40,여,1;1;6;1;1;1;1;5,41,42150;50130;44825,,,,,
g_g011486,west,2,11,0,0,0,2,40,여,2;2;1;1;2;1;1;4,41,50110;42210;45800,,,,,
g_g011487,west,2,2,0,0,0,1,50,여,1;2;2;4;3;4;2;5,44,50130;42210;26350,,,,,
g_g011489,west,2,2,0,0,0,1,30,남,1;1;1;5;3;3;4;5,29,46170;46710;46830,,,,,
g_g011490,west,2,22,0,0,0,0,20,여,4;1;3;4;6;4;1;7,29,11110;48310;46710,,,,,
g_g011491,west,2,2,0,0,0,1,20,여,1;1;4;2;2;1;4;6,41,50110;26350;48220,,,,,
g_g011496,west,2,3,0,0,0,1,50,여,1;1;1;2;2;2;2;7,45,42150;46720;50110,,,,,
g_g011500,west,2,1,0,0,0,0,20,여,6;2;3;4;4;2;3;6,29,45110;46130;50130,,,,,
g_g011502,west,2,22,0,0,0,2,30,여,2;2;1;1;6;2;1;7,41,42150;44770;28710,,,,,
g_g011508,west,2,2,0,0,0,1,20,남,4;4;3;4;3;4;5;6,46,50130;29155;26350,,,,,
g_g011509,west,2,2,0,0,0,1,20,여,2;2;6;2;1;1;7;7,11,42150;46130;41110,,,,,
g_g011510,west,2,2,0,0,0,1,20,여,2;6;2;7;2;4;7;5,27,47130;26710;50130,,,,,
g_g011511,west,2,2,0,0,0,1,40,여,5;3;4;4;3;4;3;5,30,44150;43110;41110,,,,,
g_g011514,west,2,2,0,0,0,1,40,여,7;2;2;3;3;6;2;6,43,43110;45110;11530,,,,,
g_g011515,west,2,2,0,0,0,0,30,남,3;3;1;4;3;3;2;4,41,42830;46110;26350,,,,,
g_g011517,west,2,4,0,0,0,1,30,여,7;7;6;4;6;5;5;2,45,47130;26170;45140,,,,,
g_g011519,west,2,2,0,0,0,1,50,여,7;4;6;4;4;5;7;2,47,42150;44825;41820,,,,,
g_g011522,west,2,1,0,0,0,0,40,남,3;4;5;5;4;5;5;5,11,42210;41820;28710,,,,,
g_g011524,west,2,11,0,0,0,1,20,여,6;1;1;1;4;5;2;7,28,26350;42210;27260,,,,,
g_g011526,west,2,2,0,0,0,1,20,여,3;2;2;2;3;4;2;2,30,45110;11110;31140,,,,,
g_g011528,west,2,1,0,0,0,0,30,남,2;6;2;7;4;3;2;5,42,11170;11110;43130,,,,,
g_g011529,west,2,2,0,0,0,1,20,여,2;2;1;5;6;1;2;7,29,50110;11680;48840,,,,,
g_g011530,west,2,21,0,0,0,2,60,남,1;4;3;4;3;3;3;4,11,42830;50130;41480,,,,,
g_g011531,west,2,2,0,0,0,2,40,남,6;2;2;1;4;5;6;6,43,50130;42210;44150,,,,,
g_g011533,west,2,12,0,0,0,1,40,남,7;1;4;1;4;7;1;7,45,41450;11710;50110,,,,,
g_g011534,west,2,1,0,0,0,0,20,여,6;4;6;4;6;7;6;1,11,43110;45110;47130,,,,,
g_g011537,west,2,1,0,0,0,0,30,여,2;4;1;4;2;1;7;3,41,43130;41550;43770,,,,,
g_g011541,west,2,12,0,0,0,3,30,남,2;3;2;6;6;4;3;3,45,42230;47770;11680,,,,,
g_g011551,west,2,4,0,0,0,2,40,남,2;4;2;6;2;5;5;4,41,41590;48310;47190,,,,,
g_g011555,west,2,1,0,0,0,0,40,여,7;7;7;5;7;7;4;3,44,45130;46840;44760,,,,,
g_g011558,west,2,3,0,0,0,0,40,여,2;4;2;2;3;2;2;7,46,46710;50110;45180,,,,,
g_g011562,west,2,9,0,0,0,1,30,여,1;1;1;4;4;4;1;5,36,44150;11545;30200,,,,,
g_g011566,west,2,3,0,0,0,5,50,여,1;1;2;4;6;2;2;3,41,42210;42720;44825,,,,,
g_g011567,west,2,3,0,0,0,2,40,여,5;4;1;1;2;4;3;6,44,11530;41590;44150,,,,,
g_g011571,west,2,10,0,0,0,1,20,여,2;1;2;4;5;2;6;3,41,42150;47130;29110,,,,,
g_g011574,west,2,6,0,0,0,1,40,남,4;6;4;6;2;4;1;4,30,44150;43730;43110,,,,,
g_g011577,west,2,12,0,0,0,1,50,남,2;6;2;2;2;2;5;5,30,50110;26350;44180,,,,,
g_g011578,west,2,22,0,0,0,2,20,남,2;2;1;6;6;2;6;3,45,26350;50130;11680,,,,,
g_g011580,west,2,2,0,0,0,1,30,남,4;1;2;3;7;4;5;7,41,44230;47770;47130,,,,,
g_g011581,west,2,1,0,0,0,0,60,여,6;3;4;4;6;3;4;2,11,29200;26350;46130,,,,,
g_g011582,west,2,1,0,0,0,0,60,남,1;7;1;7;7;1;7;7,28,41590;47170;30230,,,,,
g_g011586,west,2,6,0,0,0,0,30,남,1;1;1;7;7;4;7;4,11,41110;45110;26350,,,,,
g_g011590,west,2,22,0,0,0,1,40,여,4;4;3;5;4;4;4;5,11,42150;41360;45110,,,,,
g_g011591,west,2,11,0,0,0,2,60,남,4;6;1;7;2;6;4;6,44,50130;11140;44790,,,,,
g_g011593,west,2,1,0,0,0,0,30,남,1;4;6;4;2;6;4;1,30,50130;42150;45130,,,,,
g_g011597,west,2,26,0,0,0,3,40,여,4;4;4;2;3;4;6;2,30,44770;46130;43750,,,,,
g_g011598,west,2,12,0,0,0,1,50,여,1;4;1;4;1;1;7;7,46,46110;50130;42170,,,,,
g_g011600,west,2,1,0,0,0,0,20,여,4;1;1;5;4;2;7;5,43,26350;11440;42150,,,,,
g_g011607,west,2,1,0,0,0,0,40,여,2;4;3;3;3;5;4;5,42,42170;50110;26350,,,,,
g_g011612,west,2,10,0,0,0,1,40,여,4;1;5;1;1;5;1;6,41,26500;42150;50130,,,,,
g_g011613,west,2,1,0,0,0,0,30,여,3;3;3;1;4;2;1;2,36,26350;11170;42150,,,,,
g_g011614,west,2,21,0,0,0,3,20,남,6;2;6;3;3;4;2;6,41,47940;50110;41590,,,,,
g_g011619,west,2,10,0,0,0,4,50,남,4;4;2;1;4;4;2;6,30,50130;46110;26350,,,,,
g_g011620,west,2,3,0,0,0,2,30,남,2;2;1;3;1;4;7;3,43,26200;42210;42150,,,,,
g_g011622,west,2,2,0,0,0,3,30,여,2;6;6;5;2;3;5;3,42,42150;47170;50130,,,,,
g_g011628,west,2,1,0,0,0,1,20,여,3;2;1;3;6;4;6;4,44,26500;47130;50110,,,,,
g_g011629,west,2,21,0,0,0,1,40,남,2;6;2;2;6;6;2;6,29,46710;46870;46790,,,,,
g_g011630,west,2,21,0,0,0,1,30,남,4;3;1;4;5;4;5;4,45,44760;45110;30200,,,,,
g_g011631,west,2,1,0,0,0,1,20,여,2;1;1;2;5;3;2;5,41,50110;42150;46130,,,,,
g_g011636,west,2,1,0,0,0,0,30,여,5;6;1;3;6;1;3;6,11,41270;28110;42210,,,,,
g_g011637,west,2,1,0,0,0,0,20,여,4;1;4;3;3;6;6;6,11,42150;26710;26350,,,,,
g_g011644,west,2,1,0,0,0,1,30,남,4;6;3;4;3;5;6;3,45,11200;11680;30200,,,,,
g_g011645,west,2,28,0,0,0,0,30,여,4;4;1;1;2;1;7;6,29,46110;26350;50130,,,,,
g_g011657,west,2,1,0,0,0,0,30,여,1;4;4;4;4;4;4;4,30,46110;44760;48850,,,,,
g_g011669,west,2,2,0,0,0,1,40,여,2;3;2;4;4;4;5;5,30,50130;50110;26200,,,,,
g_g011673,west,2,6,0,0,0,1,40,여,1;4;1;3;7;1;7;7,30,44180;50110;42810,,,,,
g_g011674,west,2,21,0,0,0,2,30,여,7;6;2;2;4;1;4;2,41,26350;50110;41210,,,,,
g_g011677,west,2,1,0,0,0,0,20,여,4;5;2;2;3;3;5;5,11,30140;50130;46150,,,,,
g_g011679,west,2,1,0,0,0,1,30,남,4;4;4;3;4;4;6;4,43,50130;11680;42830,,,,,
g_g011680,west,2,21,0,0,0,1,30,남,4;6;5;2;2;2;4;5,45,29140;45110;27230,,,,,
g_g011683,west,2,1,0,0,0,2,40,남,3;6;2;2;1;4;3;3,29,46710;46790;45180,,,,,
g_g011685,west,2,2,0,0,0,3,50,여,4;4;2;4;3;6;6;7,27,47130;47110;26350,,,,,
g_g011687,west,2,1,0,0,0,1,20,남,6;1;1;3;6;6;1;2,29,48840;46150;46110,,,,,
g_g011691,west,2,13,0,0,0,1,20,여,1;1;2;4;4;5;3;6,30,50130;50110;42150,,,,,
g_g011692,west,2,4,0,0,0,1,20,남,2;2;1;2;4;3;5;2,41,50130;42150;26710,,,,,
g_g011697,west,2,24,0,0,0,3,40,남,4;1;1;1;7;4;1;7,41,42150;41670;41450,,,,,
g_g011704,west,2,2,0,0,0,1,30,여,2;2;2;4;5;5;5;3,30,50110;42230;26500,,,,,
g_g011708,west,2,21,0,0,0,1,20,여,1;1;1;4;7;4;1;7,29,50130;11230;26440,,,,,
g_g011709,west,2,1,0,0,0,1,30,여,2;1;2;4;3;4;3;5,41,44825;47130;48310,,,,,
g_g011714,west,2,3,0,0,0,0,20,여,4;6;1;1;6;5;3;7,27,50110;11230;47170,,,,,
g_g011717,west,2,21,0,0,0,0,30,여,2;6;4;5;2;3;5;3,11,41830;41360;41450,,,,,
g_g011721,west,2,2,0,0,0,0,20,여,2;2;1;4;3;4;2;3,11,47130;46130;48310,,,,,
g_g011722,west,2,1,0,0,0,1,50,여,4;6;6;3;2;6;2;4,29,46710;45110;11170,,,,,
g_g011724,west,2,1,0,0,0,0,20,여,7;3;2;6;1;6;2;6,28,26500;11440;28720,,,,,
g_g011726,west,2,1,0,0,0,1,20,여,2;1;1;2;6;3;5;4,11,11440;26350;28710,,,,,
g_g011734,west,2,22,0,0,0,1,20,남,4;4;1;3;3;6;2;6,29,29200;45140;46130,,,,,
g_g011746,west,2,21,0,0,0,3,50,여,1;4;1;4;1;3;5;4,44,46150;46130;50130,,,,,
g_g011753,west,2,6,0,0,0,1,30,여,2;3;4;4;2;6;6;6,30,50130;42150;44180,,,,,
g_g011754,west,2,1,0,0,0,4,50,여,2;2;2;4;4;6;5;6,41,42760;41670;43800,,,,,
g_g011764,west,2,22,0,0,0,1,50,여,1;4;3;4;3;5;3;3,28,42210;47130;46710,,,,,
g_g011786,west,2,1,0,0,0,1,40,여,1;1;1;1;5;1;1;7,44,50130;42150;11680,,,,,
g_g011787,west,2,11,0,0,0,3,20,여,5;2;3;3;6;5;5;4,44,26500;26200;44825,,,,,
g_g011789,west,2,21,0,0,0,0,20,남,2;3;1;5;5;4;3;3,28,41820;45800;27290,,,,,
g_g011791,west,2,11,0,0,0,1,40,여,4;1;4;3;4;3;5;3,28,26350;42210;42230,,,,,
g_g011805,west,2,11,0,0,0,3,40,남,6;4;5;7;7;7;6;7,44,44130;44770;44150,,,,,
g_g011813,west,2,1,0,0,0,4,40,여,4;1;1;1;5;7;1;7,30,42210;11680;46130,,,,,
g_g011816,west,2,1,0,0,0,1,20,남,4;4;4;4;4;4;4;4,41,42820;43110;30230,,,,,
g_g011818,west,2,1,0,0,0,0,20,여,2;1;4;4;3;3;6;2,11,50130;50110;47130,,,,,
g_g011819,west,2,2,0,0,0,1,30,남,1;1;1;3;4;1;4;2,11,42150;42830;41830,,,,,
g_g011821,west,2,3,0,0,0,3,30,남,4;4;5;5;5;6;2;5,30,44150;43110;44250,,,,,
g_g011822,west,2,28,0,0,0,1,30,남,3;4;2;3;4;3;3;4,29,46130;48310;45130,,,,,
g_g011824,west,2,2,0,0,0,5,40,여,1;1;1;2;2;4;5;7,43,50130;30170;11680,,,,,
g_g011825,west,2,21,0,0,0,1,40,남,7;3;7;3;6;7;5;3,30,44180;44150;44760,,,,,
g_g011826,west,2,22,0,0,0,1,40,남,2;7;7;6;7;4;5;5,36,11680;50130;46130,,,,,
g_g011827,west,2,21,0,0,0,1,60,남,2;2;2;2;2;2;2;1,11,42210;50130;44825,,,,,
g_g011829,west,2,22,0,0,0,2,60,여,2;2;1;2;4;4;1;6,43,42210;43800;48840,,,,,
g_g011830,west,2,1,0,0,0,0,30,여,7;4;7;5;5;7;7;2,45,46130;29200;11230,,,,,
g_g011832,west,2,21,0,0,0,4,50,남,4;4;4;5;5;3;3;3,29,48840;11230;44210,,,,,
g_g011833,west,2,2,0,0,0,1,20,남,1;1;1;4;7;1;1;7,30,42210;26710;44180,,,,,
g_g011835,west,2,22,0,0,0,2,50,여,1;1;1;3;3;2;5;6,29,50130;46130;26710,,,,,
g_g011836,west,2,2,0,0,0,1,20,여,5;6;5;5;5;6;6;6,29,46150;46110;46130,,,,,
g_g011837,west,2,1,0,0,0,0,40,남,7;1;1;1;1;6;7;5,28,26350;50130;28110,,,,,
g_g011838,west,2,21,0,0,0,1,30,여,4;2;2;1;2;2;3;6,11,50130;50110;11680,,,,,
g_g011840,west,2,2,0,0,0,1,20,여,3;1;1;1;1;4;1;7,11,45110;44180;50110,,,,,
g_g011841,west,2,2,0,0,0,1,30,남,1;1;2;5;3;2;2;6,11,41800;42830;30140,,,,,
g_g011843,west,2,1,0,0,0,0,40,여,6;5;5;4;3;6;3;5,11,50130;42830;45770,,,,,
g_g011847,west,2,1,0,0,0,0,20,남,2;2;2;4;3;3;1;2,41,42820;42210;41270,,,,,
g_g011849,west,2,2,0,0,0,3,40,남,6;2;6;6;7;7;2;2,44,44130;44770;44150,,,,,
g_g011850,west,2,2,0,0,0,1,30,여,2;2;6;3;3;3;1;1,41,50110;47130;42150,,,,,
g_g011851,west,2,2,0,0,0,0,20,여,6;5;2;6;6;5;3;6,26,26230;11440;29140,,,,,
g_g011854,west,2,10,0,0,0,1,20,남,4;4;1;5;6;4;4;4,29,26500;50110;11680,,,,,
g_g011857,west,2,22,0,0,0,3,30,여,4;2;2;2;4;4;4;6,29,48220;46130;42170,,,,,
g_g011858,west,2,4,0,0,0,3,50,여,1;2;1;5;5;6;1;5,41,42210;43720;43150,,,,,
g_g011859,west,2,28,0,0,0,1,50,여,1;4;3;1;2;2;1;3,44,45710;42210;26260,,,,,
g_g011860,west,2,6,0,0,0,1,60,여,3;7;2;5;6;4;6;1,30,11680;26500;44770,,,,,
g_g011872,west,2,10,0,0,0,1,30,여,1;1;1;4;6;1;2;7,41,42830;26500;46110,,,,,
g_g011873,west,2,12,0,0,0,1,30,여,4;1;1;7;7;1;1;1,41,42210;26710;41820,,,,,
g_g011876,west,2,6,0,0,0,1,30,여,6;4;3;3;4;4;5;3,29,50110;11140;26350,,,,,
g_g011881,west,2,22,0,0,0,1,20,여,2;1;1;4;6;4;3;6,41,42210;50130;26350,,,,,
g_g011882,west,2,2,0,0,0,1,40,여,3;5;1;1;1;1;1;6,41,42830;26140;41290,,,,,
g_g011899,west,2,21,0,0,0,0,30,여,4;4;4;4;4;4;4;4,41,41110;29200;46110,,,,,
g_g011903,west,2,11,0,0,0,0,30,여,3;1;1;4;4;4;6;7,29,46890;50110;26350,,,,,
g_g011905,west,2,3,0,0,0,0,30,여,2;4;2;5;6;5;7;2,28,42150;26260;43800,,,,,
g_g011908,west,2,1,0,0,0,0,30,여,3;5;3;3;3;4;3;3,11,50130;50110;42210,,,,,
g_g011914,west,2,22,0,0,0,0,20,여,1;2;1;6;6;1;6;6,28,42150;50130;11440,,,,,
g_g011918,west,2,21,0,0,0,1,30,남,4;1;1;1;1;2;1;3,45,44760;44230;29170,,,,,
g_g011922,west,2,1,0,0,0,0,20,여,4;4;3;3;4;5;3;5,41,42150;30140;26350,,,,,
g_g011924,west,2,9,0,0,0,1,30,여,6;3;6;2;2;4;3;3,45,11170;45110;45140,,,,,
g_g011925,west,2,2,0,0,0,1,40,여,1;4;2;4;4;3;3;7,29,50130;42150;47110,,,,,
g_g011926,west,2,1,0,0,0,0,20,여,4;4;3;3;3;3;5;5,29,50110;30110;11170,,,,,
g_g011927,west,2,2,0,0,0,0,30,여,4;1;1;4;1;1;7;1,41,48120;42150;43110,,,,,
g_g011928,west,2,25,0,0,0,0,30,여,1;1;3;2;4;2;2;6,45,42150;26500;46130,,,,,
g_g011929,west,2,22,0,0,0,1,30,여,2;2;4;3;4;3;5;5,11,50130;41820;42110,,,,,
g_g011930,west,2,2,0,0,0,1,40,여,4;4;4;4;5;4;4;4,44,44230;41460;47130,,,,,
g_g011931,west,2,11,0,0,0,3,50,여,4;4;4;4;4;4;4;4,45,45790;46130;30110,,,,,
g_g011934,west,2,13,0,0,0,1,50,남,1;1;1;1;3;1;1;1,11,50130;26350;42190,,,,,
g_g011940,west,2,12,0,0,0,3,30,남,6;3;5;2;2;5;6;3,46,46130;11140;50130,,,,,
g_g011942,west,2,22,0,0,0,0,20,여,2;2;1;4;4;5;7;4,29,50110;48850;42210,,,,,
g_g011943,west,2,21,0,0,0,1,20,여,2;4;3;2;4;4;5;3,29,42150;46130;46710,,,,,
g_g011944,west,2,1,0,0,0,1,20,남,4;5;5;5;2;5;3;3,30,41110;26230;42150,,,,,
g_g011949,west,2,1,0,0,0,2,50,여,4;2;1;2;4;4;3;5,45,46150;46130;42110,,,,,
g_g011950,west,2,1,0,0,0,0,30,여,6;2;1;4;3;3;6;6,11,28710;26350;50110,,,,,
g_g011952,west,2,21,0,0,0,0,20,여,3;5;3;6;5;6;1;6,29,46130;26500;11680,,,,,
g_g011966,west,2,6,0,0,0,1,30,여,2;2;2;4;5;4;4;6,44,48840;50130;42150,,,,,
g_g011970,west,2,1,0,0,0,1,20,남,5;5;6;5;5;5;6;6,30,42170;50110;27290,,,,,
g_g011971,west,2,1,0,0,0,1,50,남,4;4;4;2;4;4;2;2,36,50110;50130;30200,,,,,
g_g011972,west,2,1,0,0,0,0,20,여,2;1;1;6;2;3;7;1,41,41820;11440;26350,,,,,
g_g011983,west,2,12,0,0,0,1,30,남,2;4;2;2;2;2;4;2,30,50130;50110;42830,,,,,
g_g011990,west,2,1,0,0,0,3,30,남,2;2;3;5;4;3;3;5,11,50130;42210;47130,,,,,
g_g011996,west,2,2,0,0,0,1,20,여,4;2;2;4;6;4;2;6,29,50110;46710;46170,,,,,
g_g011999,west,2,2,0,0,0,0,20,여,1;4;5;6;6;2;3;6,45,50130;47130;26350,,,,,
g_g012152,west,2,2,0,0,0,3,40,남,4;4;4;4;4;4;4;4,30,44825;47770;44710,,,,,
g_g012153,west,2,2,0,0,0,2,40,남,5;2;2;2;6;6;1;3,30,50130;45110;11710,,,,,
g_g012155,west,2,2,0,0,0,1,20,여,5;2;3;3;2;3;1;6,27,26260;27290;11290,,,,,
g_g012157,west,2,1,0,0,0,0,30,여,6;3;3;5;5;5;6;5,29,11440;26500;50110,,,,,
g_g012159,west,2,13,0,0,0,1,50,남,2;1;1;4;2;4;2;6,11,42230;48310;44825,,,,,
g_g012160,west,2,21,0,0,0,2,50,남,1;1;2;2;1;3;2;6,29,26350;48220;44130,,,,,
g_g012161,west,2,22,0,0,0,3,30,남,6;5;5;5;5;5;5;6,44,42150;50130;47130,,,,,
g_g012162,west,2,26,0,0,0,2,60,남,4;1;4;2;3;4;2;4,41,42820;41460;28720,,,,,
g_g012164,west,2,22,0,0,0,1,20,남,4;1;4;4;3;7;7;2,45,50110;47130;26350,,,,,
g_g012171,west,2,4,0,0,0,3,30,남,2;4;2;3;4;4;4;4,36,50130;42150;43800,,,,,
g_g012173,west,2,21,0,0,0,1,50,남,2;4;2;4;2;3;3;4,30,42150;46130;48220,,,,,
g_g012174,west,2,28,0,0,0,2,50,남,1;2;1;1;1;2;3;7,45,50130;46130;26350,,,,,
g_g012175,west,2,2,0,0,0,1,50,남,2;3;2;4;5;5;3;3,11,26350;42150;50130,,,,,
g_g012176,west,2,2,0,0,0,1,30,여,2;2;2;6;6;2;2;5,41,42210;46150;50130,,,,,
g_g012177,west,2,6,0,0,0,2,20,여,4;2;2;3;4;4;5;5,41,50110;26500;46130,,,,,
g_g012179,west,2,12,0,0,0,0,40,남,3;3;5;3;5;5;5;5,45,30230;41550;11680,,,,,
g_g012181,west,2,3,0,0,0,3,30,남,2;4;2;4;6;6;6;3,45,45140;30200;45800,,,,,
g_g012182,west,2,2,0,0,0,1,20,여,2;2;1;4;2;3;6;2,29,26350;42830;50130,,,,,
g_g012183,west,2,1,0,0,0,0,20,여,1;2;2;5;2;6;3;6,11,50110;46150;29170,,,,,
g_g012185,west,2,3,0,0,0,1,60,남,2;2;2;3;3;6;6;2,11,11650;42150;41360,,,,,
g_g012186,west,2,10,0,0,0,1,30,여,2;1;1;4;1;1;6;4,41,42150;50110;46130,,,,,
g_g012188,west,2,2,0,0,0,1,50,남,3;5;4;2;2;4;1;6,46,50110;30170;43800,,,,,
g_g012189,west,2,2,0,0,0,1,30,여,4;1;7;1;1;4;7;7,36,11110;26710;27110,,,,,
g_g012190,west,2,2,0,0,0,3,30,남,4;4;4;4;4;4;4;4,30,44710;44825;43730,,,,,
g_g012192,west,2,2,0,0,0,1,20,남,4;2;2;2;5;3;6;6,29,50110;46710;45110,,,,,
g_g012194,west,2,13,0,0,0,1,60,남,2;3;1;2;2;2;2;7,30,45710;47820;42150,,,,,
g_g012196,west,2,11,0,0,0,3,40,여,3;3;2;4;3;3;3;4,41,41360;42130;41670,,,,,
g_g012197,west,2,3,0,0,0,1,20,여,5;2;2;1;1;1;1;1,28,28110;11110;41220,,,,,
g_g012199,west,2,11,0,0,0,4,40,남,2;1;1;6;7;6;2;6,44,50110;42170;46130,,,,,
g_g012200,west,2,6,0,0,0,0,30,여,1;3;3;2;2;2;4;4,29,46710;46880;46730,,,,,
g_g012201,west,2,2,0,0,0,2,20,남,1;3;2;6;7;6;3;7,41,26140;48220;46130,,,,,
g_g012203,west,2,11,0,0,0,2,20,여,2;1;1;4;6;2;7;2,28,26350;47130;42110,,,,,
g_g012205,west,2,2,0,0,0,1,30,남,1;4;2;3;6;2;6;4,41,42150;43760;28200,,,,,
g_g012207,west,2,11,0,0,0,3,30,남,2;2;1;2;2;2;1;4,45,45800;44770;11680,,,,,
g_g012209,west,2,21,0,0,0,1,20,여,1;3;2;1;1;2;7;2,41,50110;42150;42190,,,,,
g_g012212,west,2,1,0,0,0,1,20,남,3;3;2;4;2;5;5;6,45,50130;42720;47130,,,,,
g_g012220,west,2,2,0,0,0,2,40,남,4;1;3;3;2;2;1;5,11,42150;50110;26350,,,,,
g_g012226,west,2,6,0,0,0,0,20,여,4;2;2;6;6;6;6;7,46,11290;26350;50130,,,,,
g_g012227,west,2,12,0,0,0,5,30,여,3;6;4;3;4;4;3;6,44,41590;11110;30200,,,,,
g_g012228,west,2,1,0,0,0,0,30,여,3;3;1;5;3;2;3;3,50,26530;42210;11650,,,,,
g_g012235,west,2,11,0,0,0,1,40,남,1;1;1;4;6;1;2;7,41,44150;42150;11200,,,,,
g_g012236,west,2,21,0,0,0,0,30,여,1;3;3;5;2;1;3;6,47,50110;11140;27710,,,,,
g_g012238,west,2,2,0,0,0,1,30,남,1;6;2;4;5;2;5;5,43,11440;43800;42150,,,,,
g_g012239,west,2,1,0,0,0,1,20,남,4;3;3;2;4;4;3;5,45,47130;11680;42210,,,,,
g_g012240,west,2,1,0,0,0,0,30,여,6;2;4;2;2;4;6;7,41,50130;26350;42170,,,,,
g_g012246,west,2,21,0,0,0,1,40,여,3;4;3;3;4;3;5;3,29,42170;46820;48220,,,,,
g_g012251,west,2,2,0,0,0,0,20,여,5;2;4;2;2;4;2;5,45,26350;11440;30200,,,,,
g_g012254,west,2,1,0,0,0,3,30,여,2;2;6;3;4;6;3;4,36,50110;26350;11620,,,,,
g_g012255,west,2,5,0,0,0,1,30,여,4;1;1;1;4;5;3;6,45,50130;46130;42210,,,,,
g_g012256,west,2,1,0,0,0,0,60,남,3;3;4;4;4;4;4;4,48,30140;26350;46230,,,,,
g_g012257,west,2,1,0,0,0,1,20,여,4;4;4;4;4;4;4;4,11,42150;48220;26350,,,,,
g_g012258,west,2,1,0,0,0,3,40,남,2;6;2;6;6;2;5;2,36,47280;50110;48310,,,,,
g_g012260,west,2,1,0,0,0,3,40,여,4;3;4;2;2;7;6;3,43,44180;50110;42150,,,,,
g_g012261,west,2,1,0,0,0,0,20,여,2;2;4;2;2;5;2;3,11,50130;30200;41450,,,,,
g_g012267,west,2,1,0,0,0,1,30,남,6;2;3;1;1;7;2;4,36,30170;44180;44760,,,,,
g_g012269,west,2,1,0,0,0,1,20,여,5;3;1;1;3;3;5;6,11,42150;26350;45110,,,,,
g_g012270,west,2,1,0,0,0,1,40,여,7;4;4;2;4;4;1;6,41,50110;41830;11170,,,,,
g_g012276,west,2,22,0,0,0,1,20,남,4;4;4;3;4;3;2;5,30,44150;26350;27290,,,,,
g_g012277,west,2,1,0,0,0,3,30,남,3;2;6;6;4;3;3;6,41,43800;42210;41110,,,,,
g_g012278,west,2,2,0,0,0,1,20,남,2;4;3;2;2;3;7;4,44,44825;47130;43150,,,,,
g_g012280,west,2,4,0,0,0,0,20,여,2;2;2;2;2;6;6;6,30,42150;26500;47130,,,,,
g_g012282,west,2,4,0,0,0,1,40,여,3;4;3;3;5;4;2;3,30,50130;46900;44150,,,,,
g_g012283,west,2,2,0,0,0,1,30,남,6;1;4;3;2;4;6;3,29,11230;46130;46150,,,,,
g_g012289,west,2,12,0,0,0,1,30,여,4;4;3;3;3;6;5;6,45,11440;42150;50110,,,,,
g_g012300,west,2,21,0,0,0,0,30,남,7;7;7;4;4;1;7;1,29,11710;46110;46710,,,,,
g_g012304,west,2,12,0,0,0,1,30,남,2;3;1;5;3;2;5;3,44,26350;50130;50110,,,,,
g_g012307,west,2,1,0,0,0,0,30,남,4;1;1;7;4;2;6;3,43,11170;30200;50130,,,,,
g_g012308,west,2,21,0,0,0,0,30,여,1;1;5;1;1;2;2;6,44,26500;50110;31710,,,,,
g_g012311,west,2,3,0,0,0,0,60,여,4;4;4;4;6;4;4;3,11,42210;42150;42170,,,,,
g_g012314,west,2,1,0,0,0,2,30,여,5;2;6;3;3;5;1;2,46,11170;11110;46710,,,,,
g_g012316,west,2,2,0,0,0,2,20,여,4;5;3;2;5;5;2;4,30,50110;26350;28237,,,,,
g_g012318,west,2,2,0,0,0,1,20,남,3;4;3;2;3;3;3;2,11,50130;42150;41820,,,,,
g_g012323,west,2,2,0,0,0,2,40,여,2;3;5;2;1;4;1;3,30,45110;43760;44810,,,,,
g_g012325,west,2,2,0,0,0,1,30,여,2;4;2;3;4;3;5;7,44,50130;46130;42170,,,,,
g_g012326,west,2,12,0,0,0,1,30,남,5;3;2;2;2;6;6;5,11,11440;41280;41570,,,,,
g_g012333,west,2,12,0,0,0,1,20,남,1;7;1;1;1;1;1;6,29,46710;46880;45110,,,,,
g_g012337,west,2,10,0,0,0,1,30,여,3;5;3;1;5;5;5;5,47,27140;11170;26350,,,,,
g_g012338,west,2,2,0,0,0,0,40,남,4;1;4;5;1;4;6;7,46,46150;50110;26350,,,,,
g_g012339,west,2,11,0,0,0,3,60,남,1;1;4;4;4;4;3;3,43,50110;44180;43720,,,,,
g_g012347,west,2,1,0,0,0,1,20,여,2;2;6;1;2;1;6;6,30,11680;42150;26170,,,,,
g_g012348,west,2,24,0,0,0,1,30,남,2;4;2;2;2;2;1;6,44,46130;11110;26500,,,,,
g_g012350,west,2,1,0,0,0,1,20,여,1;1;1;4;7;1;4;4,41,41820;42830;26350,,,,,
g_g012351,west,2,11,0,0,0,2,40,남,2;4;1;6;5;4;2;5,44,44825;45110;42130,,,,,
g_g012353,west,2,10,0,0,0,0,20,여,3;6;3;3;6;3;3;4,11,50130;26260;42210,,,,,
g_g012371,west,2,11,0,0,0,0,20,여,4;2;3;6;6;3;3;2,11,42210;45110;26350,,,,,
g_g012372,west,2,2,0,0,0,1,30,남,3;3;2;1;1;3;2;3,41,42150;47110;44200,,,,,
g_g012377,west,2,12,0,0,0,1,30,남,5;2;2;2;4;5;1;2,45,45130;28245;11110,,,,,
g_g012379,west,2,11,0,0,0,1,60,여,1;5;2;2;1;3;6;2,36,30170;44180;44710,,,,,
g_g012382,west,2,13,0,0,0,0,30,여,4;3;4;4;3;4;5;5,28,50110;46130;48220,,,,,
g_g012383,west,2,26,0,0,0,0,30,남,5;4;4;4;4;4;4;4,30,42150;43110;11650,,,,,
g_g012386,west,2,21,0,0,0,0,20,여,5;5;3;4;2;5;6;4,29,45110;46710;26410,,,,,
g_g012388,west,2,3,0,0,0,1,60,여,3;4;3;4;4;3;5;3,41,50130;44825;42760,,,,,
g_g012389,west,2,2,0,0,0,5,50,여,3;4;2;2;5;1;6;5,46,46730;48170;47150,,,,,
g_g012391,west,2,21,0,0,0,1,40,남,2;3;2;3;3;3;5;4,29,46710;46840;11620,,,,,
g_g012392,west,2,21,0,0,0,0,30,남,4;2;2;1;2;4;2;7,44,42720;44130;26710,,,,,
g_g012396,west,2,1,0,0,0,1,50,여,5;2;3;2;1;7;3;5,29,46710;50130;46880,,,,,
g_g012400,west,2,2,0,0,0,1,40,여,2;2;1;5;3;1;6;4,28,43150;50110;46150,,,,,
g_g012402,west,2,2,0,0,0,3,30,여,2;4;2;4;6;6;6;4,44,28200;47110;27140,,,,,
g_g012406,west,2,4,0,0,0,1,30,남,4;4;2;3;5;4;2;7,29,46130;26200;11440,,,,,
g_g012410,west,2,1,0,0,0,0,60,여,1;1;7;7;1;1;6;4,43,42150;50130;50110,,,,,
g_g012420,west,2,22,0,0,0,1,20,여,6;2;2;1;1;2;1;7,30,50130;45110;30170,,,,,
g_g012422,west,2,1,0,0,0,1,30,여,3;2;1;3;4;4;6;4,44,44130;11440;42760,,,,,
g_g012430,west,2,21,0,0,0,3,30,남,6;2;2;2;6;2;6;6,29,46130;46710;46170,,,,,
g_g012431,west,2,1,0,0,0,1,30,여,4;3;3;3;3;2;3;3,46,11680;50130;46800,,,,,
g_g012433,west,2,1,0,0,0,1,20,여,7;1;1;2;1;6;1;6,29,50130;26350;11680,,,,,
g_g012435,west,2,1,0,0,0,1,50,여,6;6;2;2;2;6;2;2,45,44770;30200;50130,,,,,
g_g012436,west,2,22,0,0,0,1,40,남,3;2;1;1;6;5;3;5,41,42820;42110;41590,,,,,
g_g012439,west,2,22,0,0,0,0,30,여,2;2;2;1;6;2;6;7,11,48840;47130;50130,,,,,
g_g012447,west,2,2,0,0,0,1,20,여,3;2;4;4;3;3;2;4,46,46130;48310;26350,,,,,
g_g012455,west,2,1,0,0,0,2,60,남,1;2;2;4;4;4;3;1,41,42210;47770;50130,,,,,
g_g012457,west,2,1,0,0,0,1,20,여,7;7;4;7;3;7;2;5,27,26500;11680;30140,,,,,
g_g012458,west,2,3,0,0,0,0,20,남,4;7;1;2;1;4;6;7,27,11680;47110;30230,,,,,
g_g012463,west,2,1,0,0,0,3,50,남,4;1;1;2;2;2;2;3,11,50130;26110;26140,,,,,
g_g012466,west,2,27,0,0,0,0,50,여,1;7;1;1;3;6;6;4,30,50130;26350;11110,,,,,
g_g012472,west,2,13,0,0,0,2,20,여,6;4;6;2;6;6;1;7,45,42150;45110;11440,,,,,
g_g012473,west,2,1,0,0,0,1,20,여,5;3;3;5;4;4;2;6,46,46150;45110;46130,,,,,
g_g012475,west,2,21,0,0,0,1,20,남,6;2;1;2;1;2;6;5,30,11170;26440;42150,,,,,
g_g012478,west,2,2,0,0,0,3,40,여,2;1;3;6;4;6;6;6,11,42830;42760;41820,,,,,
g_g012484,west,2,2,0,0,0,3,20,남,4;6;3;5;4;4;4;6,27,47110;46130;48220,,,,,
g_g012487,west,2,26,0,0,0,2,20,여,2;1;1;1;1;1;1;7,41,50130;42150;26110,,,,,
g_g012494,west,2,1,0,0,0,1,20,남,4;1;1;4;5;5;3;3,30,42210;11200;46130,,,,,
g_g012497,west,2,2,0,0,0,0,30,여,1;1;1;7;4;1;7;4,11,28710;26110;42150,,,,,
g_g012498,west,2,11,0,0,0,1,60,남,2;2;3;2;2;4;3;3,43,47170;29170;43800,,,,,
g_g012502,west,2,21,0,0,0,1,40,여,2;4;4;6;4;4;4;3,41,41820;42110;42130,,,,,
g_g012504,west,2,2,0,0,0,0,30,여,2;2;1;4;6;2;6;2,11,50130;42150;46900,,,,,
g_g012505,west,2,1,0,0,0,0,50,여,3;3;4;3;2;3;2;2,43,48250;29110;47720,,,,,
g_g012515,west,2,1,0,0,0,0,30,여,1;1;7;2;4;3;6;1,46,46810;46890;46780,,,,,
g_g012516,west,2,1,0,0,0,0,20,여,6;2;3;6;3;6;5;5,11,11230;26170;50130,,,,,
g_g012518,west,2,10,0,0,0,0,50,여,4;4;1;4;7;1;3;7,41,42150;41480;11110,,,,,
g_g012520,west,2,22,0,0,0,0,30,여,4;6;1;3;4;6;7;7,28,26200;11110;30200,,,,,
g_g012523,west,2,1,0,0,0,1,20,여,6;4;5;2;3;6;6;3,45,11680;41460;30200,,,,,
g_g012528,west,2,10,0,0,0,3,50,남,1;1;1;1;1;1;1;7,41,50130;42210;41460,,,,,
g_g012530,west,2,21,0,0,0,2,40,남,4;3;2;4;6;3;2;6,45,46130;30200;48840,,,,,
g_g012531,west,2,1,0,0,0,1,20,여,4;1;1;1;1;1;7;1,11,11170;43110;50110,,,,,
g_g012532,west,2,11,0,0,0,3,30,여,3;4;4;4;5;5;3;4,43,43110;44825;44130,,,,,
g_g012541,west,2,1,0,0,0,1,20,남,4;1;1;3;1;4;4;1,42,42150;50110;26350,,,,,
g_g012542,west,2,1,0,0,0,1,30,남,4;4;1;4;4;3;7;6,27,50110;26350;11710,,,,,
g_g012544,west,2,10,0,0,0,2,20,여,5;3;4;4;5;3;4;5,44,11440;41280;50130,,,,,
g_g012546,west,2,10,0,0,0,3,40,여,4;3;4;2;3;4;3;5,11,42760;42830;41570,,,,,
g_g012557,west,2,5,0,0,0,1,40,남,2;7;2;1;4;6;2;5,41,42820;43740;44825,,,,,
g_g012571,west,2,1,0,0,0,1,30,남,4;1;3;2;4;4;2;6,11,46130;42150;11215,,,,,
g_g012572,west,2,10,0,0,0,1,30,여,1;1;2;1;4;4;4;7,28,50130;48220;42210,,,,,
g_g012580,west,2,1,0,0,0,1,30,여,6;2;4;2;6;3;6;2,11,26170;42830;11110,,,,,
g_g012582,west,2,2,0,0,0,2,30,남,1;2;1;3;6;3;7;7,30,46130;47770;42210,,,,,
g_g012583,west,2,1,0,0,0,2,20,남,5;4;4;2;3;5;5;1,41,42150;41270;45110,,,,,
g_g012586,west,2,9,0,0,0,2,40,여,1;1;1;1;6;6;7;7,30,50130;50110;47770,,,,,
g_g012591,west,2,1,0,0,0,2,40,남,3;6;2;2;3;3;4;3,29,46710;45730;46170,,,,,
g_g012596,west,2,1,0,0,0,0,20,여,1;3;2;4;4;2;5;2,44,11410;48120;46130,,,,,
g_g012604,west,2,1,0,0,0,1,20,남,5;2;2;4;6;4;2;6,11,50130;47130;26500,,,,,
g_g012617,west,2,1,0,0,0,1,20,남,6;3;1;6;5;7;5;6,29,11650;26350;50110,,,,,
g_g012620,west,2,1,0,0,0,1,30,여,4;1;2;3;4;1;1;4,30,26260;11290;47130,,,,,
g_g012624,west,2,10,0,0,0,0,40,여,2;6;2;3;2;3;2;4,41,50110;41290;11215,,,,,
g_g012628,west,2,21,0,0,0,1,20,남,4;4;1;4;4;4;4;7,46,26500;26200;50130,,,,,
g_g012634,west,2,1,0,0,0,2,40,여,1;4;4;3;1;3;4;3,11,30170;50130;42170,,,,,
g_g012639,west,2,2,0,0,0,1,20,남,3;1;1;1;1;1;4;7,43,50130;26350;43130,,,,,
g_g012643,west,2,6,0,0,0,3,30,남,5;6;2;4;4;5;3;6,29,46710;46870;46860,,,,,
g_g012650,west,2,2,0,0,0,3,30,남,2;6;2;4;3;7;5;4,30,44150;43110;11170,,,,,
g_g012653,west,2,2,0,0,0,1,30,남,1;2;1;3;2;2;2;6,46,11170;26350;42150,,,,,
g_g012655,west,2,2,0,0,0,3,30,남,2;2;2;4;6;4;2;4,36,44180;44825;44150,,,,,
g_g012656,west,2,6,0,0,0,2,50,여,3;3;2;4;4;3;5;4,29,46150;46720;46770,,,,,
g_g012658,west,2,27,0,0,0,3,30,남,1;1;1;4;1;1;4;6,48,42150;46150;26350,,,,,
g_g012659,west,2,3,0,0,0,3,40,여,1;4;4;2;7;2;6;4,45,46110;30110;11305,,,,,
g_g012660,west,2,1,0,0,0,0,50,여,1;5;2;5;1;2;6;6,30,44150;43800;47130,,,,,
g_g012662,west,2,2,0,0,0,1,20,여,3;2;2;3;2;3;1;6,45,11680;30170;45710,,,,,
g_g012665,west,2,11,0,0,0,4,30,여,4;5;5;3;6;6;6;3,46,29155;29200;46790,,,,,
g_g012674,west,2,21,0,0,0,1,20,여,1;1;1;3;1;1;3;2,45,11680;30110;26350,,,,,
g_g012675,west,2,2,0,0,0,1,20,남,1;1;1;1;2;6;2;7,44,26710;41220;11740,,,,,
g_g012676,west,2,1,0,0,0,0,20,여,4;1;2;6;7;3;5;5,44,11410;11440;11140,,,,,
g_g012677,west,2,4,0,0,0,3,40,남,4;5;3;3;5;5;3;4,30,44710;46820;26290,,,,,
g_g012679,west,2,4,0,0,0,1,50,남,1;2;2;2;2;2;2;2,45,48220;50130;46130,,,,,
g_g012680,west,2,2,0,0,0,1,20,남,4;1;3;4;3;6;6;4,43,50110;50130;28185,,,,,
g_g012682,west,2,1,0,0,0,0,20,남,4;3;4;4;4;5;5;5,44,26440;11680;30170,,,,,
g_g012686,west,2,4,0,0,0,1,50,남,2;1;4;4;1;6;1;5,29,50130;48310;48220,,,,,
g_g012687,west,2,2,0,0,0,2,20,여,3;5;5;3;3;4;4;4,29,50110;50130;45190,,,,,
g_g012688,west,2,22,0,0,0,1,20,남,2;2;3;4;4;2;3;6,46,46170;50130;45190,,,,,
g_g012689,west,2,22,0,0,0,1,30,남,3;1;3;5;6;5;2;6,45,26500;30200;46130,,,,,
g_g012690,west,2,2,0,0,0,1,30,여,5;3;5;5;3;3;5;5,36,47130;43110;44150,,,,,
g_g012696,west,2,1,0,0,0,0,30,여,2;2;3;2;2;6;6;6,29,46710;48220;50130,,,,,
g_g012697,west,2,13,0,0,0,0,60,남,2;4;6;4;4;6;4;4,29,46110;48840;30200,,,,,
g_g012698,west,2,2,0,0,0,1,30,남,1;1;1;2;2;2;6;7,27,42150;11680;26350,,,,,
g_g012699,west,2,22,0,0,0,0,30,여,2;4;1;2;2;3;7;6,30,44150;50130;26200,,,,,
g_g012702,west,2,12,0,0,0,1,40,여,4;5;2;4;2;2;5;7,36,50130;50110;30200,,,,,
g_g012704,west,2,2,0,0,0,3,50,남,1;1;7;4;1;6;2;6,29,46150;45800;47130,,,,,
g_g012705,west,2,22,0,0,0,4,40,여,1;3;1;5;6;2;5;7,45,46730;47720;42820,,,,,
g_g012711,west,2,21,0,0,0,1,30,남,2;4;3;4;3;2;4;3,43,26350;42170;30110,,,,,
g_g012713,west,2,4,0,0,0,3,30,남,4;4;4;3;4;4;4;4,41,41110;30230;11620,,,,,
g_g012716,west,2,24,0,0,0,2,30,여,2;2;3;3;4;3;2;5,30,42150;42210;44825,,,,,
g_g012718,west,2,1,0,0,0,0,30,남,4;5;1;5;5;4;3;6,44,42150;46780;44825,,,,,
g_g012721,west,2,21,0,0,0,0,20,여,1;2;2;5;1;3;3;3,41,42150;45730;26110,,,,,
g_g012723,west,2,2,0,0,0,1,20,남,6;1;1;7;7;1;1;7,42,11170;30140;43150,,,,,
g_g012724,west,2,2,0,0,0,2,50,남,2;3;2;4;2;2;6;4,42,42210;44770;50130,,,,,
g_g012726,west,2,22,0,0,0,2,30,여,1;4;1;4;7;4;1;6,45,46150;41220;45800,,,,,
g_g012727,west,2,22,0,0,0,3,30,여,2;2;2;3;3;3;2;5,29,46110;26350;46130,,,,,
g_g012728,west,2,22,0,0,0,1,50,여,6;5;4;6;6;4;5;4,43,42150;26350;44180,,,,,
g_g012731,west,2,6,0,0,0,0,30,여,6;2;2;5;2;5;2;6,11,29200;30170;31170,,,,,
g_g012732,west,2,12,0,0,0,1,60,남,3;2;2;3;4;3;2;4,30,45710;47820;42770,,,,,
g_g012742,west,2,1,0,0,0,1,40,여,5;2;2;2;4;3;7;1,41,42210;41590;42130,,,,,
g_g012745,west,2,21,0,0,0,1,30,남,5;5;3;4;3;5;3;3,44,50130;42150;26350,,,,,
g_g012749,west,2,13,0,0,0,0,60,여,4;3;3;2;2;1;1;3,44,30170;28710;44150,,,,,
g_g012750,west,2,2,0,0,0,1,20,여,4;2;2;7;6;3;3;7,30,42150;41820;46130,,,,,
g_g012751,west,2,1,0,0,0,0,30,여,6;2;6;1;2;6;2;5,46,11110;44825;30200,,,,,
g_g012752,west,2,12,0,0,0,1,20,남,5;1;1;3;2;5;7;4,26,50130;42150;11230,,,,,
g_g012753,west,2,2,0,0,0,1,40,남,1;1;1;4;6;2;1;2,30,44180;46130;11590,,,,,
g_g012755,west,2,13,0,0,0,10,50,남,4;7;4;4;1;1;1;3,36,44150;45130;46840,,,,,
g_g012757,west,2,13,0,0,0,1,20,남,4;5;2;6;6;5;2;6,44,44825;44210;44810,,,,,
g_g012761,west,2,21,0,0,0,3,50,남,1;1;1;3;5;1;1;2,11,42210;42130;44770,,,,,
g_g012764,west,2,2,0,0,0,1,30,여,1;1;1;3;6;6;2;6,36,50130;30230;26350,,,,,
g_g012767,west,2,21,0,0,0,1,20,여,4;3;3;4;2;3;2;6,41,50110;50130;42150,,,,,
g_g012770,west,2,2,0,0,0,2,40,남,3;2;2;4;3;2;2;5,30,45130;26350;42820,,,,,
g_g012772,west,2,2,0,0,0,1,30,여,4;2;3;3;5;5;5;5,30,11710;26500;42150,,,,,
g_g012774,west,2,2,0,0,0,1,30,여,4;2;1;5;6;1;6;6,41,26350;41110;11560,,,,,
g_g012775,west,2,1,0,0,0,0,40,남,5;3;4;5;4;5;3;4,45,45720;45130;30140,,,,,
g_g012776,west,2,26,0,0,0,2,20,여,2;6;3;2;2;2;5;6,29,11680;26350;50110,,,,,
g_g012780,west,2,21,0,0,0,0,20,여,4;1;1;7;7;4;2;7,45,50130;50110;26350,,,,,
g_g012781,west,2,22,0,0,0,1,50,남,4;3;3;3;3;3;2;5,29,11230;26530;43800,,,,,
g_g012783,west,2,1,0,0,0,0,40,남,1;2;2;2;2;1;2;2,29,46710;45790;29155,,,,,
g_g012791,west,2,11,0,0,0,3,30,남,2;6;2;2;6;3;2;6,11,41280;41360;41450,,,,,
g_g012796,west,2,21,0,0,0,1,20,여,3;2;2;3;4;5;5;6,45,45110;11440;27110,,,,,
g_g012803,west,2,2,0,0,0,3,40,남,1;1;3;2;2;3;3;6,36,50110;44150;42170,,,,,
g_g012805,west,2,2,0,0,0,1,30,여,3;5;3;2;3;4;3;5,30,50110;44150;11680,,,,,
g_g012807,west,2,2,0,0,0,1,40,남,4;3;5;4;3;5;6;4,44,11410;42150;27260,,,,,
g_g012812,west,2,2,0,0,0,1,20,여,6;2;2;3;6;6;6;7,41,50110;42110;11440,,,,,
g_g012814,west,2,10,0,0,0,1,50,여,1;7;6;1;2;7;7;2,44,44210;44800;28185,,,,,
g_g012831,west,2,4,0,0,0,0,40,남,1;2;1;3;6;2;1;7,44,44200;44130;28710,,,,,
g_g012857,west,2,2,0,0,0,1,30,여,4;4;4;3;3;3;5;5,44,50130;26200;11680,,,,,
g_g012858,west,2,3,0,0,0,2,40,여,4;7;4;3;6;4;2;6,30,44180;26290;50130,,,,,
g_g012864,west,2,21,0,0,0,1,60,여,5;5;3;3;5;2;2;6,46,46150;48170;45110,,,,,
g_g012873,west,2,21,0,0,0,2,40,남,2;4;1;2;2;3;2;2,47,42150;50130;44825,,,,,
g_g012874,west,2,21,0,0,0,1,50,여,2;4;2;4;4;2;2;2,36,29155;47290;11680,,,,,
g_g012880,west,2,2,0,0,0,1,20,여,2;2;4;3;5;5;6;6,45,50110;26350;46130,,,,,
g_g012883,west,2,21,0,0,0,1,30,여,2;3;1;6;3;2;6;6,11,42830;44760;41830,,,,,
g_g012884,west,2,12,0,0,0,3,20,여,2;6;2;5;6;5;3;1,29,29200;46170;29140,,,,,
g_g012891,west,2,3,0,0,0,1,40,남,3;4;3;3;4;6;3;3,30,50130;42150;44150,,,,,
g_g012902,west,2,1,0,0,0,0,20,여,2;1;2;1;2;5;6;6,29,50130;26110;46130,,,,,
g_g012905,west,2,2,0,0,0,1,20,여,3;1;1;6;7;1;1;7,44,50110;47770;48220,,,,,
g_g012917,west,2,2,0,0,0,1,20,남,7;1;2;1;6;6;1;4,46,27260;26260;11620,,,,,
g_g012919,west,2,11,0,0,0,2,40,여,2;4;1;3;7;1;7;7,46,46130;29155;48840,,,,,
g_g012927,west,2,2,0,0,0,1,30,남,3;6;5;5;5;4;4;5,41,41460;44130;44200,,,,,
g_g012933,west,2,2,0,0,0,3,50,남,5;1;1;4;6;4;2;4,29,45110;46110;30230,,,,,
g_g012936,west,2,1,0,0,0,0,30,여,3;5;2;6;6;6;2;5,41,42150;50110;26350,,,,,
g_g012943,west,2,10,0,0,0,2,60,여,6;5;5;4;4;4;5;4,43,50130;43760;44180,,,,,
g_g012963,west,2,2,0,0,0,1,20,남,4;4;2;4;4;5;5;5,45,45110;45140;45800,,,,,
g_g012989,west,2,3,0,0,0,1,60,여,2;4;1;4;4;2;2;4,36,42150;50130;46730,,,,,
g_g012990,west,2,12,0,0,0,1,50,남,4;4;1;2;6;4;2;3,41,26350;42210;28710,,,,,
g_g012999,west,2,11,0,0,0,3,50,여,1;1;1;4;5;4;2;7,45,45110;11680;50130,,,,,
g_g013010,west,2,2,0,0,0,0,20,여,3;1;1;1;3;2;5;5,41,26350;46130;30200,,,,,
g_g013012,west,2,2,0,0,0,0,20,여,2;6;1;4;5;6;2;3,44,44130;44810;42830,,,,,
g_g013022,west,2,22,0,0,0,1,20,여,3;2;3;4;4;3;2;2,43,11680;26350;50130,,,,,
g_g013023,west,2,2,0,0,0,1,30,여,4;2;3;2;4;4;7;5,29,50110;26500;11140,,,,,
g_g013024,west,2,28,0,0,0,0,30,여,1;1;1;1;1;4;7;7,29,42150;26350;50110,,,,,
g_g013027,west,2,2,0,0,0,1,30,여,2;1;7;6;2;6;7;2,29,26350;50110;46130,,,,,
g_g013029,west,2,22,0,0,0,3,40,여,6;2;6;2;2;5;6;5,29,50130;26350;46130,,,,,
g_g013037,west,2,12,0,0,0,4,30,남,2;2;2;4;3;4;2;6,46,46130;46150;46110,,,,,
g_g013038,west,2,12,0,0,0,2,20,남,1;7;3;2;2;1;3;7,29,46710;46720;46150,,,,,
g_g013041,west,2,1,0,0,0,0,20,남,2;2;1;2;6;6;6;6,29,26500;31140;46130,,,,,
g_g013042,west,2,1,0,0,0,0,20,여,5;3;6;4;2;5;5;5,27,50110;26500;42150,,,,,
g_g013044,west,2,1,0,0,0,0,20,여,5;2;1;3;6;3;2;6,44,11440;30200;50130,,,,,
g_g013045,west,2,21,0,0,0,3,40,남,4;2;3;2;5;3;4;4,29,29155;46790;30200,,,,,
g_g013046,west,2,2,0,0,0,5,30,여,7;1;2;4;6;4;7;7,44,11680;42150;26440,,,,,
g_g013048,west,2,22,0,0,0,1,30,여,6;3;3;4;2;2;2;6,30,26500;50110;50130,,,,,
g_g013050,west,2,21,0,0,0,1,30,남,1;7;4;6;4;6;3;7,44,42150;26350;44825,,,,,
g_g013059,west,2,22,0,0,0,1,40,여,4;6;2;2;2;4;1;5,45,42150;11680;45110,,,,,
g_g013061,west,2,1,0,0,0,0,30,여,3;1;6;6;2;2;6;7,29,50130;26350;11680,,,,,
g_g013062,west,2,12,0,0,0,2,60,여,4;4;4;4;4;4;4;4,44,29155;27140;30200,,,,,
g_g013063,west,2,4,0,0,0,0,20,여,2;4;4;6;2;2;6;2,46,50110;50130;42150,,,,,
g_g013065,west,2,2,0,0,0,1,20,남,5;3;3;5;3;5;5;7,26,42830;11170;27110,,,,,
g_g013066,west,2,22,0,0,0,3,40,남,7;2;6;2;2;4;3;3,43,26350;11680;50110,,,,,
g_g013070,west,2,11,0,0,0,1,20,남,4;6;3;4;5;4;3;4,46,29110;46710;29170,,,,,
g_g013074,west,2,2,0,0,0,1,20,여,4;3;3;2;5;5;3;4,29,50130;50110;46110,,,,,
g_g013080,west,2,9,0,0,0,1,20,남,2;1;2;5;3;3;6;5,36,50110;42210;26350,,,,,
g_g013084,west,2,2,0,0,0,2,20,여,4;4;4;4;4;4;4;4,43,50130;50110;44210,,,,,
g_g013087,west,2,21,0,0,0,3,20,여,2;3;3;3;5;3;3;3,45,46130;46820;30140,,,,,
g_g013088,west,2,1,0,0,0,0,20,여,5;2;6;3;5;3;5;3,43,50110;11680;30140,,,,,
g_g013090,west,2,1,0,0,0,0,40,남,2;6;1;7;6;2;5;6,44,11680;41550;44200,,,,,
g_g013093,west,2,1,0,0,0,0,60,남,7;4;6;4;6;5;6;6,11,27140;42210;50130,,,,,
g_g013095,west,2,3,0,0,0,0,30,여,6;2;1;1;4;1;6;1,43,11110;26500;42150,,,,,
g_g013096,west,2,12,0,0,0,1,20,여,6;3;4;3;3;4;4;3,45,11110;50110;28185,,,,,
g_g013097,west,2,2,0,0,0,1,40,남,2;2;2;4;5;4;1;7,29,46710;28185;11650,,,,,
g_g013102,west,2,3,0,0,0,1,50,남,2;5;3;3;3;3;2;6,36,42170;48840;43720,,,,,
g_g013105,west,2,2,0,0,0,1,20,남,6;5;5;5;5;6;2;6,29,29155;46170;46880,,,,,
g_g013111,west,2,12,0,0,0,0,30,여,3;4;2;5;6;1;3;1,45,48840;46130;43150,,,,,
g_g013113,west,2,1,0,0,0,0,30,남,2;1;4;3;4;3;5;3,43,50130;26410;11140,,,,,
g_g013114,west,2,3,0,0,0,1,40,여,4;4;3;5;5;2;3;5,44,44150;44770;11110,,,,,
g_g013125,west,2,2,0,0,0,1,30,남,2;2;2;3;2;2;2;6,29,11680;26350;50110,,,,,
g_g013127,west,2,1,0,0,0,0,30,여,2;2;1;4;2;4;3;3,43,42210;11680;44270,,,,,
g_g013128,west,2,21,0,0,0,0,20,여,4;6;5;3;4;3;7;5,29,50110;11680;30170,,,,,
g_g013131,west,2,2,0,0,0,1,20,남,6;3;2;3;3;6;6;6,29,11440;26500;50130,,,,,
h_h001459,west,3,22,0,0,0,1,30,남,4;2;2;3;2;5;1;7,11,50130;26350;11680,,,,,
h_h003280,west,2,2,0,0,0,0,40,여,1;4;4;4;4;4;4;4,43,50130;31710;26500,,,,,
e_e000821,west,3,1,0,0,0,6,40,남,2;3;2;2;3;2;2;6,41,42150;50110;44180,,,,,
e_e013141,west,2,4,0,0,0,1,40,남,2;2;3;4;6;2;5;3,41,43800;44130;42750,,,,,
e_e013180,west,2,2,0,0,0,4,40,남,3;1;3;1;2;6;2;7,41,42130;42170;42210,,,,,
e_e013191,west,2,2,0,0,0,1,40,남,1;1;1;1;1;1;1;7,11,44130;28177;42150,,,,,
f_f005447,west,3,10,0,0,0,0,30,여,4;4;3;5;4;3;3;6,30,26350;46730;45110,,,,,
g_g000011,west,3,2,0,0,0,3,40,남,3;3;5;5;3;3;3;5,41,50130;26350;42760,,,,,
g_g000013,west,3,7,0,0,0,3,20,남,4;2;3;5;4;4;6;5,45,46130;45130;42750,,,,,
g_g000024,west,3,2,0,0,0,1,40,여,4;1;1;1;1;7;2;6,48,11110;42150;48310,,,,,
g_g000027,west,3,21,0,0,0,1,60,여,1;4;4;4;1;4;1;1,11,42830;46810;50130,,,,,
g_g000194,west,3,1,0,0,0,0,30,여,3;2;3;4;3;3;3;5,11,50110;50130;42210,,,,,
g_g000196,west,3,21,0,0,0,5,40,여,4;2;5;2;2;6;2;5,50,41110;50130;46150,,,,,
g_g000199,west,3,10,0,0,0,6,30,여,7;1;1;1;1;2;2;7,46,26710;48840;46130,,,,,
g_g000212,west,3,1,0,0,0,1,20,남,2;2;2;4;2;2;4;6,29,46710;46130;46110,,,,,
g_g000214,west,2,22,0,0,0,1,40,남,4;2;1;2;1;3;2;7,29,26710;50130;46130,,,,,
g_g000272,west,2,10,0,0,0,3,60,남,4;2;2;2;3;4;4;6,11,50130;42830;26350,,,,,
g_g000375,west,3,13,0,0,0,2,40,남,1;1;1;3;4;5;2;6,11,42210;50130;46130,,,,,
g_g000417,west,3,10,0,0,0,6,30,여,4;1;1;7;6;7;7;7,11,11710;42150;41250,,,,,
g_g000438,west,3,27,0,0,0,3,40,여,1;1;1;3;7;3;2;6,36,44200;45800;43760,,,,,
g_g000444,west,3,1,0,0,0,1,30,남,2;1;4;1;1;4;1;6,48,50130;42170;26500,,,,,
g_g000452,west,3,11,0,0,0,2,50,여,2;6;2;6;6;2;2;1,11,41280;42210;30200,,,,,
g_g000457,west,3,2,0,0,0,0,20,남,7;1;4;7;7;1;2;7,45,11680;41110;45110,,,,,
g_g000465,west,3,3,0,0,0,1,30,여,2;4;2;3;2;2;2;4,46,50130;26350;42830,,,,,
g_g000514,west,3,22,0,0,0,1,20,남,5;2;2;2;5;5;1;5,27,50130;46130;50110,,,,,
g_g000617,west,3,8,0,0,0,1,30,남,4;4;4;4;4;4;4;4,28,47920;48220;46130,,,,,
g_g000632,west,3,1,0,0,0,3,50,여,1;2;3;3;3;3;2;4,27,47770;43800;48310,,,,,
g_g000669,west,3,21,0,0,0,7,40,여,1;5;2;5;2;2;1;7,41,41480;28710;41280,,,,,
g_g000700,west,3,23,0,0,0,3,20,여,4;4;5;4;4;5;5;4,29,46710;45110;44180,,,,,
g_g000847,west,3,1,0,0,0,3,30,여,1;1;1;1;4;1;6;6,47,50130;26710;48220,,,,,
g_g000927,west,3,2,0,0,0,3,40,남,6;3;5;2;2;3;6;2,43,47770;41820;50110,,,,,
g_g000951,west,3,1,0,0,0,1,20,남,4;4;4;4;4;4;4;4,43,26200;44130;42150,,,,,
g_g000980,west,2,2,0,0,0,3,50,남,5;4;2;6;6;6;6;3,44,42830;50130;11230,,,,,
g_g001010,west,2,22,0,0,0,0,30,여,1;4;4;4;4;4;4;4,11,50130;41290;30200,,,,,
g_g001025,west,3,8,0,0,0,2,50,여,1;2;4;1;2;2;3;4,30,44710;46130;50130,,,,,
g_g001032,west,2,22,0,0,0,0,40,여,1;4;4;4;4;4;5;5,45,45800;45130;45710,,,,,
g_g001161,west,3,1,0,0,0,1,20,여,1;1;2;5;4;2;4;6,11,42150;50130;47130,,,,,
g_g001195,west,2,2,0,0,0,0,20,여,4;3;2;4;6;4;5;4,30,50130;50110;43730,,,,,
g_g001260,west,3,21,0,0,0,1,20,남,3;2;2;4;5;6;3;2,30,50130;47130;26710,,,,,
g_g001286,west,3,24,0,0,0,1,30,남,3;2;1;4;2;3;6;2,11,50130;42820;11170,,,,,
g_g001317,west,3,1,0,0,0,0,20,여,1;1;1;4;2;3;2;3,11,46110;50130;42150,,,,,
g_g001334,west,3,10,0,0,0,1,50,여,4;4;4;3;5;3;4;3,41,30170;42150;31140,,,,,
g_g001341,west,2,1,0,0,0,0,20,여,2;2;2;3;5;4;2;4,46,46130;50130;48220,,,,,
g_g001370,west,2,2,0,0,0,3,40,남,4;3;2;3;6;6;4;5,29,50130;46110;46720,,,,,
g_g001375,west,3,10,0,0,0,5,50,남,2;3;2;1;2;6;2;7,41,50130;42210;41830,,,,,
g_g001377,west,3,11,0,0,0,4,40,여,1;3;2;6;1;3;2;3,41,44810;42150;41820,,,,,
g_g001589,west,2,1,0,0,0,2,30,여,1;4;4;4;2;4;2;6,45,48840;50130;42210,,,,,
g_g001594,west,3,21,0,0,0,1,30,남,3;5;1;5;6;1;1;7,29,46150;46130;46730,,,,,
g_g001600,west,3,1,0,0,0,3,30,여,1;1;1;4;4;4;3;4,41,41820;43110;42170,,,,,
g_g001613,west,3,1,0,0,0,0,30,여,4;6;2;6;2;2;2;7,46,50110;26200;41110,,,,,
g_g001622,west,3,21,0,0,0,1,60,여,6;7;2;1;6;6;5;7,29,46730;46130;46170,,,,,
g_g001641,west,3,2,0,0,0,0,20,여,6;6;1;5;7;5;1;6,41,30140;26710;46150,,,,,
g_g001647,west,3,22,0,0,0,3,20,여,2;2;2;2;6;6;5;6,11,42150;41360;26440,,,,,
g_g001676,west,3,22,0,0,0,0,20,남,1;1;1;3;4;2;4;4,11,42150;30200;31710,,,,,
g_g001706,west,2,1,0,0,0,1,40,남,3;4;2;5;1;7;6;7,29,42210;26350;50110,,,,,
g_g001713,west,3,21,0,0,0,1,40,여,6;4;2;6;5;5;6;2,41,46130;42210;41820,,,,,
g_g001727,west,3,22,0,0,0,0,20,남,4;2;6;6;7;7;6;5,44,11545;45110;44180,,,,,
g_g001762,west,3,22,0,0,0,3,50,남,3;5;2;4;6;6;6;4,30,45730;44230;45800,,,,,
g_g001767,west,3,1,0,0,0,0,40,남,5;1;1;3;2;4;1;7,28,30110;46130;26410,,,,,
g_g001781,west,3,2,0,0,0,2,40,남,2;1;2;5;4;6;2;6,26,50110;47170;43800,,,,,
g_g001785,west,2,1,0,0,0,1,20,남,4;4;4;4;4;4;4;4,29,29140;29200;29110,,,,,
g_g001788,west,3,22,0,0,0,1,50,여,3;1;5;2;4;2;4;5,11,50110;41280;42150,,,,,
g_g001821,west,3,2,0,0,0,1,50,남,1;6;2;4;2;4;2;7,48,50110;48270;46790,,,,,
g_g001849,west,2,2,0,0,0,2,40,남,4;4;5;4;4;4;4;4,30,42150;11680;26350,,,,,
g_g001878,west,3,21,0,0,0,1,30,여,4;3;1;2;3;1;4;3,11,50130;41480;42150,,,,,
g_g001908,west,3,4,0,0,0,3,20,남,1;1;2;3;3;2;6;5,41,41130;11740;29140,,,,,
g_g001927,west,2,27,0,0,0,0,30,여,2;4;3;3;2;1;1;5,30,11290;42170;44150,,,,,
g_g001995,west,3,1,0,0,0,1,20,남,2;1;1;3;7;1;6;6,41,50130;42150;30200,,,,,
g_g001999,west,3,2,0,0,0,2,50,남,2;4;3;4;5;4;3;4,27,27290;47720;41670,,,,,
g_g002031,west,2,1,0,0,0,0,20,여,4;5;3;4;4;3;2;6,30,11170;45110;26350,,,,,
g_g002150,west,3,2,0,0,0,1,30,여,2;3;2;4;3;5;2;6,41,44825;50110;42170,,,,,
g_g002161,west,2,1,0,0,0,1,20,여,2;2;1;2;2;5;2;7,29,50130;11680;42830,,,,,
g_g002197,west,2,22,0,0,0,0,30,여,1;4;4;3;1;2;1;7,30,47130;44150;45140,,,,,
g_g002198,west,3,1,0,0,0,1,30,여,1;3;2;5;6;3;7;1,11,42150;50110;26350,,,,,
g_g002204,west,3,12,0,0,0,1,30,여,2;1;1;1;4;1;4;7,11,50110;50130;26350,,,,,
g_g002439,west,3,1,0,0,0,2,40,남,3;1;4;1;2;4;3;5,11,50130;42150;42760,,,,,
g_g002617,west,2,21,0,0,0,1,40,여,6;7;2;2;2;2;6;2,48,48220;26710;27710,,,,,
g_g002646,west,3,28,0,0,0,1,50,남,2;3;1;4;5;3;6;4,41,42830;44130;42750,,,,,
g_g002674,west,3,27,0,0,0,1,40,남,1;7;1;7;1;1;1;6,48,42210;46710;43800,,,,,
g_g002708,west,3,1,0,0,0,1,20,여,6;2;6;6;4;6;6;7,41,27140;11680;11170,,,,,
g_g002712,west,3,22,0,0,0,1,20,남,1;1;7;1;1;7;7;1,42,42150;42210;26350,,,,,
g_g002713,west,2,21,0,0,0,1,30,여,4;5;2;4;4;6;5;4,44,42210;31110;50130,,,,,
g_g002715,west,2,1,0,0,0,1,40,여,6;3;5;6;6;3;3;4,44,44210;44810;44825,,,,,
g_g002763,west,3,1,0,0,0,3,40,여,5;4;2;2;3;4;5;5,29,46170;46130;46710,,,,,
g_g002781,west,3,21,0,0,0,1,60,남,1;3;3;2;1;4;5;7,41,42730;45180;48220,,,,,
g_g002800,west,3,1,0,0,0,1,20,여,6;6;4;6;4;5;4;2,44,11170;45110;44130,,,,,
g_g002805,west,2,22,0,0,0,2,50,남,3;3;3;5;5;5;5;5,27,50110;47920;26350,,,,,
g_g002818,west,3,1,0,0,0,0,20,남,4;2;2;2;4;2;6;7,27,30200;26350;11410,,,,,
g_g002835,west,2,11,0,0,0,0,20,여,6;3;2;7;5;1;3;7,26,50130;26500;28185,,,,,
g_g002876,west,2,2,0,0,0,1,20,남,7;4;1;4;4;4;4;4,46,46830;11545;31200,,,,,
g_g002945,west,3,1,0,0,0,1,20,여,2;2;1;3;3;2;3;7,11,42150;50130;27230,,,,,
g_g002971,west,2,25,0,0,0,0,30,여,1;1;3;1;1;1;2;2,29,46710;46150;46790,,,,,
g_g003022,west,3,3,0,0,0,1,50,여,1;4;6;4;2;6;4;6,11,26350;42210;50110,,,,,
g_g003089,west,2,4,0,0,0,1,20,여,3;1;4;1;5;3;1;3,11,42210;26350;28110,,,,,
g_g003112,west,2,12,0,0,0,1,20,여,2;2;2;5;5;3;2;3,11,26500;11170;42230,,,,,
g_g003218,west,3,2,0,0,0,1,30,남,2;2;3;6;7;6;2;6,45,46150;26710;42150,,,,,
g_g003237,west,3,1,0,0,0,1,40,남,5;3;3;3;2;5;4;4,30,42150;47110;50110,,,,,
g_g003249,west,3,1,0,0,0,4,30,남,4;1;2;2;5;4;2;5,30,42210;45800;50110,,,,,
g_g003259,west,3,1,0,0,0,1,20,여,4;2;2;6;5;2;6;7,41,41110;42150;30140,,,,,
g_g003276,west,3,1,0,0,0,1,20,여,6;1;3;2;6;2;6;1,11,50110;50130;30200,,,,,
g_g003338,west,2,2,0,0,0,3,60,남,1;4;2;4;3;4;3;5,44,42150;50110;45130,,,,,
g_g003343,west,3,21,0,0,0,1,20,남,1;1;3;5;2;1;3;3,11,42210;41830;44760,,,,,
g_g003476,west,3,1,0,0,0,1,20,남,2;2;3;2;4;6;5;7,36,50110;11170;26290,,,,,
g_g003478,west,3,1,0,0,0,1,20,남,2;1;1;2;3;5;3;6,41,28185;46130;45110,,,,,
g_g003490,west,3,2,0,0,0,1,20,남,3;1;4;5;2;3;7;5,11,42150;42210;42170,,,,,
g_g003568,west,3,10,0,0,0,3,60,남,2;3;3;3;3;5;1;6,43,48240;46110;47130,,,,,
g_g003598,west,3,10,0,0,0,4,20,남,4;1;1;2;2;2;7;2,11,42820;41820;45130,,,,,
g_g003625,west,3,24,0,0,0,1,20,여,3;3;2;4;2;5;2;7,11,42150;26500;50130,,,,,
g_g003637,west,2,1,0,0,0,1,60,남,3;5;5;2;2;5;2;5,46,46150;48170;45110,,,,,
g_g003638,west,2,22,0,0,0,1,30,여,2;3;1;3;4;1;6;5,30,50130;26710;42230,,,,,
g_g003643,west,3,21,0,0,0,1,20,남,3;3;3;3;2;1;6;2,30,47130;44150;43110,,,,,
g_g003709,west,2,1,0,0,0,2,30,여,4;5;3;2;5;3;5;6,28,42810;26710;46130,,,,,
g_g003756,west,3,1,0,0,0,1,50,여,2;5;3;6;6;5;5;4,44,44150;30230;44710,,,,,
g_g003774,west,3,1,0,0,0,3,40,남,5;2;3;4;6;5;2;6,41,50130;45110;26350,,,,,
g_g003781,west,3,1,0,0,0,6,50,남,2;2;4;4;5;4;2;4,41,41830;44200;30200,,,,,
g_g003784,west,3,1,0,0,0,1,20,여,4;2;2;3;6;5;6;6,11,50110;11170;26710,,,,,
g_g003811,west,3,1,0,0,0,1,40,여,2;5;3;6;3;4;6;5,41,45110;50130;42110,,,,,
g_g003935,west,2,2,0,0,0,0,30,여,4;4;4;4;4;4;4;4,48,46130;50110;42830,,,,,
g_g003948,west,2,1,0,0,0,1,20,여,4;7;3;6;6;5;4;1,29,29200;29140;46170,,,,,
g_g003949,west,2,4,0,0,0,1,20,남,5;6;6;5;6;6;2;4,45,11560;50130;26440,,,,,
g_g003974,west,3,22,0,0,0,3,20,여,4;1;1;3;4;6;3;7,41,50130;42150;26350,,,,,
g_g004027,west,2,1,0,0,0,1,20,여,4;4;5;5;4;5;2;6,43,43745;11680;30200,,,,,
g_g004031,west,3,1,0,0,0,3,30,여,4;2;3;3;3;5;2;4,46,11440;11680;29170,,,,,
g_g004142,west,3,1,0,0,0,1,20,남,2;2;2;5;5;3;5;6,45,45190;44210;45180,,,,,
g_g004217,west,2,11,0,0,0,1,60,남,6;4;6;6;7;5;5;3,11,50130;42210;48840,,,,,
g_g004238,west,3,2,0,0,0,2,30,여,1;1;1;4;4;3;6;7,11,45770;41270;50130,,,,,
g_g004283,west,3,10,0,0,0,2,30,여,1;1;1;1;1;7;7;7,41,42210;44760;44825,,,,,
g_g004286,west,3,21,0,0,0,2,30,여,2;2;2;2;2;2;6;6,11,42830;41820;48310,,,,,
g_g004341,west,3,2,0,0,0,3,30,여,2;4;4;2;5;3;3;3,30,50110;42210;44150,,,,,
g_g004381,west,3,1,0,0,0,2,20,남,1;1;2;2;4;3;3;6,11,47130;42820;43800,,,,,
g_g004404,west,3,2,0,0,0,1,60,남,2;2;1;5;2;6;2;6,29,46910;46150;42820,,,,,
g_g004501,west,3,22,0,0,0,1,20,남,2;2;2;3;2;2;3;6,11,27290;47770;42150,,,,,
g_g004603,west,3,21,0,0,0,1,20,남,6;2;2;1;2;2;1;6,41,28185;44150;41110,,,,,
g_g004664,west,3,21,0,0,0,0,20,여,1;6;1;5;5;7;1;5,29,46170;46110;45730,,,,,
g_g004693,west,3,2,0,0,0,1,20,남,4;2;4;5;7;5;2;7,11,42150;50130;26350,,,,,
g_g004711,west,3,1,0,0,0,1,20,남,4;3;2;4;2;3;3;4,11,28185;42150;50110,,,,,
g_g004729,west,2,1,0,0,0,0,20,여,6;1;5;2;3;6;7;6,29,11710;26110;46710,,,,,
g_g004732,west,2,2,0,0,0,1,20,남,1;1;1;2;1;1;1;2,43,41820;11320;42170,,,,,
g_g004757,west,3,1,0,0,0,1,20,여,2;1;4;6;1;1;7;2,26,50130;50110;45110,,,,,
g_g004813,west,3,21,0,0,0,1,40,남,2;5;2;3;5;4;3;5,11,42760;46710;48220,,,,,
g_g004847,west,2,2,0,0,0,1,40,남,4;4;1;4;4;4;4;4,41,50110;26350;42150,,,,,
g_g004848,west,2,2,0,0,0,3,50,남,1;1;6;5;3;5;5;6,43,42170;44180;50130,,,,,
g_g005141,west,3,22,0,0,0,3,50,여,1;2;4;3;2;4;4;2,43,42170;44180;47280,,,,,
g_g005316,west,2,2,0,0,0,3,50,여,1;7;7;4;1;1;1;1,41,41550;44130;42210,,,,,
g_g005326,west,3,2,0,0,0,1,20,남,3;1;2;4;4;5;5;5,41,50130;26350;44130,,,,,
g_g005456,west,2,2,0,0,0,3,40,여,3;4;3;3;3;6;4;3,29,46130;46150;50130,,,,,
g_g005545,west,2,22,0,0,0,0,30,여,3;4;3;3;3;4;3;4,28,28245;46770;31200,,,,,
g_g005556,west,2,11,0,0,0,1,20,남,2;3;1;4;6;1;3;4,30,42210;11350;11290,,,,,
g_g005557,west,2,5,0,0,0,3,50,여,1;1;2;4;4;1;5;1,41,41270;42210;41650,,,,,
g_g005558,west,2,13,0,0,0,0,40,남,2;2;4;3;5;4;4;6,30,47130;48220;44150,,,,,
g_g005566,west,2,4,0,0,0,0,20,여,1;1;4;6;7;5;7;4,41,42210;42150;50130,,,,,
g_g005586,west,2,27,0,0,0,5,30,여,2;5;3;5;2;5;6;5,46,46150;29170;50130,,,,,
g_g005603,west,2,2,0,0,0,1,50,남,3;1;2;2;6;2;2;7,11,46910;43740;41570,,,,,
g_g005810,west,3,23,0,0,0,3,30,여,1;1;4;1;1;4;1;7,46,46890;50130;50110,,,,,
g_g005848,west,3,21,0,0,0,0,20,남,1;1;1;4;6;2;1;7,44,45800;47930;50110,,,,,
g_g005849,west,3,2,0,0,0,1,30,남,7;1;4;4;2;4;5;7,11,50130;26500;42210,,,,,
g_g005898,west,3,2,0,0,0,8,40,남,4;2;3;3;4;4;6;5,41,42150;41820;42110,,,,,
g_g005989,west,3,1,0,0,0,1,20,여,2;2;2;3;6;2;2;6,28,50130;50110;26710,,,,,
g_g005998,west,3,22,0,0,0,3,30,여,3;5;4;4;2;5;5;6,44,44180;26350;42150,,,,,
g_g006033,west,2,3,0,0,0,2,50,남,1;7;4;1;1;4;7;4,41,42150;47250;11110,,,,,
g_g006048,west,3,12,0,0,0,3,20,남,7;1;1;7;7;2;1;7,29,50130;42150;26350,,,,,
g_g006177,west,2,10,0,0,0,1,60,남,1;6;1;2;2;7;7;1,41,42150;46130;11140,,,,,
g_g006192,west,3,2,0,0,0,1,30,여,3;2;1;3;4;3;3;6,11,42210;42150;26350,,,,,
g_g006234,west,2,7,0,0,0,1,20,여,3;1;4;1;2;2;5;6,46,47130;48310;47110,,,,,
g_g006327,west,3,1,0,0,0,3,20,남,2;1;1;4;6;6;2;6,48,50130;26500;47130,,,,,
g_g006354,west,3,22,0,0,0,0,20,여,2;2;2;5;6;3;6;3,11,50110;42150;45110,,,,,
g_g006366,west,3,1,0,0,0,3,50,여,6;2;1;4;7;7;7;4,29,29200;46170;45110,,,,,
g_g006419,west,3,1,0,0,0,1,30,남,5;1;5;4;5;3;2;4,41,50110;42210;47130,,,,,
g_g006636,west,3,1,0,0,0,1,20,남,6;6;3;3;2;6;3;2,43,30140;11680;43130,,,,,
g_g006696,west,2,11,0,0,0,1,30,여,6;3;3;3;3;6;3;3,44,50130;42150;26350,,,,,
g_g006825,west,2,1,0,0,0,1,30,남,2;1;1;7;7;1;1;5,36,42150;50110;11110,,,,,
g_g006848,west,3,2,0,0,0,1,30,여,2;2;3;3;3;4;5;4,41,50130;42150;26350,,,,,
g_g006852,west,3,1,0,0,0,2,20,여,4;3;3;4;2;2;6;5,41,50130;11230;11170,,,,,
g_g007025,west,2,22,0,0,0,1,30,여,4;2;2;4;3;4;1;3,29,50130;50110;26350,,,,,
g_g007047,west,2,2,0,0,0,1,20,여,4;6;3;5;2;6;5;5,46,46780;50130;29110,,,,,
g_g007144,west,2,1,0,0,0,1,20,남,2;6;3;3;4;3;5;7,11,26500;42150;41820,,,,,
g_g007158,west,3,1,0,0,0,2,20,여,3;1;1;4;6;5;4;7,11,50110;48220;46130,,,,,
g_g007188,west,3,21,0,0,0,1,20,여,3;2;2;3;3;1;4;6,41,42150;26500;28710,,,,,
g_g007203,west,3,2,0,0,0,4,20,남,5;2;3;2;2;4;3;5,41,44150;50110;26470,,,,,
g_g007295,west,3,12,0,0,0,1,30,남,6;2;2;6;2;2;6;6,26,42150;50110;46110,,,,,
g_g007365,west,2,2,0,0,0,3,30,남,1;7;2;2;2;2;2;6,45,45750;44770;26260,,,,,
g_g007372,west,2,1,0,0,0,0,40,여,3;3;3;3;3;3;3;5,11,42150;42210;42110,,,,,
g_g007384,west,2,2,0,0,0,0,30,남,1;1;1;1;1;5;6;7,29,46130;26710;11440,,,,,
g_g007387,west,2,4,0,0,0,1,20,여,5;2;6;5;2;5;3;4,45,45130;45140;29170,,,,,
g_g007394,west,2,2,0,0,0,1,40,남,1;1;1;4;1;1;1;7,36,44150;43730;42230,,,,,
g_g007402,west,2,4,0,0,0,2,50,여,2;2;2;6;2;6;6;6,46,50110;26230;46150,,,,,
g_g007409,west,2,3,0,0,0,1,50,여,4;4;2;2;3;2;5;7,30,48860;11170;45140,,,,,
g_g007664,west,3,11,0,0,0,3,40,여,4;1;3;2;4;4;2;6,29,50110;26350;11110,,,,,
g_g007736,west,2,1,0,0,0,3,30,여,4;2;1;4;5;1;2;6,29,46710;50130;26350,,,,,
g_g007783,west,2,21,0,0,0,0,20,여,2;5;2;2;1;2;7;7,29,50110;46710;46110,,,,,
g_g007858,west,2,13,0,0,0,1,20,여,3;2;2;4;6;6;7;6,41,45110;46130;41820,,,,,
g_g007909,west,2,1,0,0,0,2,30,남,6;1;1;2;7;6;7;6,11,42150;26350;50130,,,,,
g_g007955,west,2,2,0,0,0,0,20,여,2;2;5;5;5;2;1;7,29,46130;26500;45800,,,,,
g_g007978,west,2,24,0,0,0,5,20,여,4;2;6;4;6;4;6;7,41,41820;41210;41270,,,,,
g_g008054,west,2,2,0,0,0,1,20,여,1;1;1;4;6;1;3;6,29,42830;11110;50110,,,,,
g_g008145,west,2,21,0,0,0,0,60,여,4;1;3;2;3;5;5;6,29,46710;50130;46130,,,,,
g_g008353,west,2,2,0,0,0,1,20,여,1;1;1;7;7;7;5;5,30,45800;50130;27260,,,,,
g_g008452,west,2,1,0,0,0,1,30,여,2;5;2;4;5;4;2;5,46,29110;46710;42760,,,,,
g_g008582,west,2,10,0,0,0,1,40,여,3;4;2;3;5;5;3;5,29,46710;46110;45130,,,,,
g_g008723,west,2,1,0,0,0,1,20,남,4;4;2;3;7;1;2;6,11,50130;30140;26350,,,,,
g_g008824,west,2,1,0,0,0,1,20,여,4;4;5;5;3;4;6;5,45,50130;50110;11110,,,,,
g_g008940,west,2,24,0,0,0,1,40,남,3;6;5;4;5;5;3;4,11,45180;41390;28110,,,,,
g_g008967,west,2,1,0,0,0,0,20,여,4;5;1;3;2;4;5;6,29,50110;26350;11680,,,,,
g_g009001,west,2,2,0,0,0,3,20,여,6;3;4;2;7;5;4;4,45,46130;11680;41460,,,,,
g_g009036,west,2,1,0,0,0,1,20,남,4;6;1;5;4;2;1;6,41,28110;26710;41110,,,,,
g_g009284,west,2,22,0,0,0,1,20,여,2;1;4;2;6;3;2;5,27,50130;11680;11200,,,,,
g_g009326,west,2,12,0,0,0,2,20,여,3;3;2;2;1;5;3;7,29,50130;26350;46130,,,,,
g_g009328,west,2,1,0,0,0,1,30,남,6;2;3;2;3;3;2;7,29,46710;50110;26350,,,,,
g_g009358,west,2,2,0,0,0,0,30,남,3;3;5;4;2;3;5;5,30,44710;48220;46130,,,,,
g_g009361,west,2,2,0,0,0,1,20,남,4;1;1;3;6;2;2;7,29,26230;11680;42210,,,,,
g_g009518,west,2,22,0,0,0,1,40,여,6;6;5;4;3;5;1;3,29,50130;46710;46130,,,,,
g_g009685,west,2,11,0,0,0,3,40,여,2;4;4;1;7;4;7;4,44,45130;47210;42760,,,,,
g_g009791,west,2,2,0,0,0,1,30,남,4;2;2;2;1;5;2;4,11,42830;46710;48850,,,,,
g_g009818,west,2,22,0,0,0,1,30,남,2;2;5;6;4;3;6;6,41,50130;47130;45110,,,,,
g_g009841,west,3,1,0,0,0,1,20,여,6;1;1;1;3;1;6;2,43,48310;11440;43110,,,,,
g_g009849,west,2,1,0,0,0,1,20,여,4;4;1;1;6;4;6;6,41,50130;50110;26350,,,,,
g_g010052,west,2,1,0,0,0,0,20,여,6;4;5;2;4;4;6;2,11,11170;50110;42230,,,,,
g_g010205,west,2,1,0,0,0,1,50,남,2;7;5;3;2;4;3;5,44,44760;30200;45140,,,,,
g_g010344,west,3,11,0,0,0,2,40,여,2;2;3;2;3;2;2;6,28,28710;41820;42210,,,,,
g_g010513,west,2,2,0,0,0,2,20,남,6;2;4;5;3;5;2;1,11,42150;42210;50110,,,,,
g_g010522,west,2,2,0,0,0,1,30,남,3;4;4;3;5;3;3;4,29,46710;11680;45110,,,,,
g_g010548,west,2,1,0,0,0,1,20,여,4;2;1;4;4;3;3;6,11,29170;46150;46900,,,,,
g_g010562,west,2,22,0,0,0,2,30,여,4;3;1;1;5;2;5;2,29,50110;46710;11230,,,,,
g_g010572,west,2,1,0,0,0,1,30,남,5;6;7;4;4;5;5;6,26,26350;11170;41110,,,,,
g_g010575,west,2,1,0,0,0,1,20,남,1;1;2;5;1;2;7;3,30,50110;50130;29140,,,,,
g_g010754,west,2,1,0,0,0,1,40,여,6;5;5;1;3;6;5;5,45,11440;30200;28185,,,,,
g_g010832,west,2,1,0,0,0,1,30,여,6;2;4;5;3;6;3;4,11,50110;27170;26350,,,,,
g_g010867,west,2,1,0,0,0,1,20,남,3;5;3;4;6;5;1;6,44,47130;41110;44210,,,,,
g_g010868,west,2,1,0,0,0,1,20,여,1;1;1;7;1;1;6;1,11,41170;26170;45740,,,,,
g_g011167,west,2,12,0,0,0,1,20,여,1;1;1;3;7;1;7;1,43,42150;50110;26350,,,,,
g_g011230,west,2,2,0,0,0,2,20,남,2;2;2;6;2;6;7;7,43,42150;42830;28185,,,,,
g_g011248,west,2,1,0,0,0,1,40,여,2;5;3;2;6;2;6;2,11,50130;42210;41820,,,,,
g_g011288,west,2,7,0,0,0,2,40,남,3;5;5;5;6;5;6;7,28,11680;41830;50110,,,,,
g_g011345,west,2,22,0,0,0,1,20,여,2;2;2;3;2;6;1;6,11,26350;28185;42150,,,,,
g_g011371,west,2,1,0,0,0,1,20,여,4;4;4;3;4;5;4;4,30,26350;50130;42210,,,,,
g_g011387,west,2,1,0,0,0,1,20,여,3;6;6;2;2;5;6;5,44,50130;26350;30140,,,,,
g_g011426,west,2,24,0,0,0,1,50,여,2;2;2;2;1;2;2;2,11,42210;48220;47170,,,,,
g_g011434,west,2,2,0,0,0,1,30,남,5;2;3;2;2;3;6;5,46,29170;46710;46810,,,,,
g_g011437,west,2,22,0,0,0,1,50,여,4;3;2;3;2;4;5;5,11,41630;45110;42150,,,,,
g_g011438,west,2,4,0,0,0,1,50,남,2;3;2;2;4;2;6;3,43,50110;26200;30170,,,,,
g_g011442,west,2,11,0,0,0,1,30,남,4;4;1;7;4;6;3;6,44,11140;30170;46150,,,,,
g_g011455,west,2,13,0,0,0,2,50,남,2;2;2;6;3;6;2;6,30,44150;45110;44180,,,,,
g_g011457,west,2,22,0,0,0,1,50,남,3;3;6;5;3;6;3;5,30,48310;47130;44150,,,,,
g_g011498,west,2,1,0,0,0,0,60,여,3;3;2;3;3;3;2;5,47,11680;44770;44760,,,,,
g_g011513,west,2,11,0,0,0,1,50,남,4;5;2;3;3;3;4;6,41,50110;42210;26350,,,,,
g_g011527,west,2,1,0,0,0,0,30,남,2;2;1;3;6;1;2;5,11,26290;42830;47130,,,,,
g_g011538,west,2,3,0,0,0,1,50,남,1;4;1;1;6;1;1;7,41,42210;41360;11110,,,,,
g_g011589,west,2,2,0,0,0,1,20,여,1;1;3;2;2;5;1;3,41,42150;28177;43760,,,,,
g_g011599,west,2,22,0,0,0,0,30,남,7;2;1;7;1;7;7;7,30,11680;50130;44710,,,,,
g_g011608,west,2,2,0,0,0,3,50,여,3;6;4;5;5;5;5;2,44,44130;44200;42770,,,,,
g_g011639,west,2,2,0,0,0,1,20,남,4;3;3;3;2;4;5;6,45,50110;26350;11650,,,,,
g_g011642,west,2,2,0,0,0,1,60,여,3;4;3;5;6;5;5;4,30,30110;42150;48270,,,,,
g_g011678,west,2,24,0,0,0,1,30,남,5;2;4;4;4;3;5;6,41,50130;42150;26110,,,,,
g_g011744,west,2,2,0,0,0,1,20,여,3;2;2;3;5;2;2;6,46,50130;50110;26530,,,,,
g_g011776,west,2,2,0,0,0,1,30,여,2;7;1;6;7;7;1;2,11,44150;26410;44760,,,,,
g_g011803,west,2,6,0,0,0,1,20,여,6;2;3;6;6;6;2;4,29,11110;11140;26200,,,,,
g_g011852,west,2,2,0,0,0,1,50,여,3;1;1;2;4;3;7;6,11,45110;42830;47130,,,,,
g_g011890,west,2,10,0,0,0,3,40,여,4;3;2;2;2;4;2;2,45,45110;11680;26290,,,,,
g_g011900,west,2,1,0,0,0,1,20,여,3;4;3;5;5;3;2;6,47,30170;50110;50130,,,,,
g_g011904,west,2,1,0,0,0,1,30,여,7;7;7;2;1;7;5;3,11,41480;11110;26350,,,,,
g_g011917,west,2,2,0,0,0,1,30,남,2;2;2;3;4;3;3;5,11,50130;46130;46150,,,,,
g_g012166,west,2,2,0,0,0,4,40,남,5;5;6;3;6;6;3;1,36,45190;30200;48170,,,,,
g_g012193,west,2,6,0,0,0,2,30,여,2;2;2;6;6;2;2;2,41,42210;42760;50130,,,,,
g_g012202,west,2,22,0,0,0,1,30,남,2;1;1;4;4;4;2;6,27,42150;46130;47130,,,,,
g_g012221,west,2,22,0,0,0,1,20,여,2;1;1;1;5;6;2;5,41,42110;11260;41820,,,,,
g_g012241,west,2,21,0,0,0,1,30,남,1;1;1;5;1;1;7;3,41,41800;42820;44710,,,,,
g_g012253,west,2,12,0,0,0,1,30,여,2;1;1;1;3;4;6;4,36,44130;42150;11680,,,,,
g_g012272,west,2,12,0,0,0,1,30,여,1;4;2;1;1;2;1;7,41,42210;46710;43800,,,,,
g_g012362,west,2,1,0,0,0,0,20,여,5;2;2;2;2;3;2;5,30,50130;30140;46110,,,,,
g_g012365,west,2,1,0,0,0,2,40,여,1;4;6;5;5;6;6;2,41,41270;44200;42830,,,,,
g_g012500,west,2,13,0,0,0,0,20,여,3;6;2;3;6;5;7;7,43,11680;44130;50130,,,,,
g_g012512,west,2,2,0,0,0,1,30,남,4;4;4;4;4;4;4;4,46,46110;42150;41820,,,,,
g_g012549,west,2,9,0,0,0,1,30,남,3;2;1;3;6;4;5;6,41,42210;11560;44130,,,,,
g_g012615,west,2,21,0,0,0,1,40,여,2;4;6;4;1;2;4;4,43,44180;26350;30200,,,,,
g_g012625,west,2,1,0,0,0,2,40,여,1;3;4;5;5;3;2;7,29,46710;46130;45110,,,,,
g_g012629,west,2,2,0,0,0,2,50,여,4;5;1;4;7;6;1;5,11,42830;46130;50110,,,,,
g_g012661,west,2,2,0,0,0,1,20,여,2;2;2;3;4;5;6;6,45,50130;26350;42830,,,,,
g_g012664,west,2,2,0,0,0,1,20,남,2;2;1;5;3;1;6;4,29,50110;50130;46130,,,,,
g_g012683,west,2,1,0,0,0,0,20,여,6;6;2;3;5;4;1;7,36,30140;11440;43110,,,,,
g_g012701,west,2,2,0,0,0,0,20,여,4;3;2;4;5;4;2;7,27,26350;11710;50110,,,,,
g_g012708,west,2,6,0,0,0,1,40,남,2;4;4;5;1;4;7;2,45,45800;45720;45790,,,,,
g_g012733,west,2,1,0,0,0,0,40,여,2;4;3;5;6;6;5;2,48,48220;47130;46130,,,,,
g_g012746,west,2,3,0,0,0,1,40,여,3;3;4;4;2;4;4;6,29,46710;46130;26350,,,,,
g_g012762,west,2,2,0,0,0,2,40,남,1;4;1;5;3;2;2;6,41,44270;44130;41590,,,,,
g_g012786,west,2,4,0,0,0,1,20,여,5;6;2;3;2;2;7;5,29,46710;46130;50130,,,,,
g_g012863,west,2,2,0,0,0,1,30,여,4;5;2;4;4;3;6;2,29,46130;26530;42150,,,,,
g_g012870,west,2,1,0,0,0,0,40,여,4;2;3;4;4;4;4;6,41,11140;42150;44760,,,,,
g_g012889,west,2,11,0,0,0,0,40,남,5;6;2;4;5;5;3;5,44,50130;42150;26350,,,,,
g_g013064,west,2,22,0,0,0,1,50,여,2;6;2;3;3;5;5;5,29,46710;46170;46870,,,,,
g_g013104,west,2,12,0,0,0,0,30,남,2;6;2;2;1;3;1;2,29,46710;45110;50110,,,,,
