trip_id,area_code,trip_days,theme,has_child,has_elderly,has_disabled,companion_count,p0_age,p0_gender,p0_style,p0_home,p0_preferred,p1_age,p1_gender,p1_style,p1_home,p1_preferred
e_e000668,west,2,2,0,0,0,0,30,여,2;1;6;3;4;5;2;6,43,42150;45800;42210,,,,,
e_e001033,west,2,21,0,0,0,0,30,여,2;2;2;1;5;3;5;7,11,50110;42150;50130,,,,,
e_e001240,west,2,1,0,0,0,0,30,여,4;4;4;1;1;6;6;2,41,42150;11140;50130,,,,,
e_e001423,west,2,21,0,0,0,0,50,여,4;6;3;2;3;3;6;5,44,45110;46150;42150,,,,,
e_e002195,west,2,1,0,0,0,0,20,여,7;7;3;2;6;7;2;7,11,26710;50130;28710,,,,,
e_e003226,west,3,1,0,0,0,0,60,여,1;1;1;4;1;4;5;7,41,50130;47940;48310,,,,,
e_e004944,west,2,1,0,0,0,0,40,남,2;3;2;4;2;2;2;5,43,26350;43745;11500,,,,,
e_e007408,west,2,2,0,0,0,0,30,여,4;6;2;1;7;7;7;7,41,42210;41460;43130,,,,,
e_e011214,west,2,1,0,0,0,0,20,여,3;3;3;6;6;5;6;5,11,41820;26350;41110,,,,,
e_e013132,west,2,2,0,0,0,0,20,여,4;2;2;5;6;3;7;5,11,50130;46130;44270,,,,,
e_e013143,west,2,22,0,0,0,0,30,여,2;2;2;2;1;7;1;7,28,41820;42210;45730,,,,,
e_e013144,west,2,2,0,0,0,0,50,남,4;4;3;5;4;5;5;6,41,47130;42210;11440,,,,,
e_e013149,west,2,21,0,0,0,0,30,여,2;2;3;3;4;4;3;4,41,50130;11110;45110,,,,,
e_e013179,west,2,1,0,0,0,0,20,여,2;6;6;1;1;7;1;2,44,50110;42210;44210,,,,,
e_e013184,west,2,22,0,0,0,0,50,남,6;2;5;7;2;7;7;7,11,42150;41820;45110,,,,,
e_e013188,west,2,2,0,0,0,0,30,여,2;6;7;1;1;4;6;2,28,41480;41460;28720,,,,,
e_e013282,west,2,2,0,0,0,0,20,여,3;2;1;3;7;5;6;5,41,44200;41550;11680,,,,,
f_f001718,west,3,2,0,0,0,0,30,남,1;1;1;4;6;2;7;6,41,41460;42150;44150,,,,,
f_f002508,west,3,22,0,0,0,0,30,남,4;1;2;3;4;3;4;2,27,46900;41390;48310,,,,,
f_f008573,west,2,1,0,0,0,0,60,남,2;4;3;3;3;4;3;3,41,42820;41820;29200,,,,,
f_f009789,west,3,22,0,0,0,0,30,남,1;1;1;1;1;2;4;6,26,48840;48240;48310,,,,,
f_f015537,west,2,1,0,0,0,0,50,여,1;1;1;1;1;7;7;7,41,42150;41610;41570,,,,,
f_f015541,west,2,21,0,0,0,0,20,여,4;1;1;3;5;2;6;5,45,50130;50110;26170,,,,,
f_f016471,west,2,12,0,0,0,0,40,남,2;1;1;1;1;3;6;6,47,27290;48880;26710,,,,,
f_f016830,west,2,1,0,0,0,0,30,여,1;6;4;3;2;4;3;3,27,26710;42760;11230,,,,,
g_g000003,west,3,4,0,0,0,0,30,남,2;3;4;3;5;2;6;5,41,42150;50110;28720,,,,,
g_g000004,west,3,21,0,0,0,0,40,여,6;7;2;3;3;5;6;2,11,41130;42210;30110,,,,,
g_g000009,west,3,8,0,0,0,0,30,남,2;4;2;1;2;2;6;6,41,42720;43130;31170,,,,,
g_g000010,west,3,5,0,0,0,0,20,여,6;2;1;1;4;2;6;2,26,45110;31140;11440,,,,,
g_g000014,west,2,21,0,0,0,0,50,여,1;3;2;3;3;2;3;1,11,50130;42820;26350,,,,,
g_g000017,west,2,2,0,0,0,0,50,여,2;2;2;2;5;6;2;6,44,44180;50130;45800,,,,,
g_g000023,west,3,4,0,0,0,0,40,여,4;3;3;3;4;4;5;5,11,42150;45110;47130,,,,,
g_g000025,west,3,1,0,0,0,0,50,여,6;4;5;4;2;6;3;5,11,50110;29170;44200,,,,,
g_g000191,west,3,3,0,0,0,0,30,여,5;2;5;2;2;5;5;6,11,46130;45110;50110,,,,,
g_g000195,west,2,11,0,0,0,0,20,남,2;1;3;7;4;1;7;6,30,50110;43110;11680,,,,,
g_g000198,west,3,23,0,0,0,0,40,여,4;4;1;2;1;1;1;7,11,46710;50110;30110,,,,,
g_g000208,west,2,1,0,0,0,0,30,여,4;2;1;2;4;4;5;6,29,26710;50130;42150,,,,,
g_g000215,west,3,2,0,0,0,0,30,여,2;2;2;5;2;2;2;7,11,50130;42830;48840,,,,,
g_g000225,west,3,2,0,0,0,0,30,남,2;2;2;3;3;4;4;3,46,50110;42150;26200,,,,,
g_g000226,west,3,2,0,0,0,0,20,남,4;2;2;4;6;3;2;2,30,42210;50110;45110,,,,,
g_g000229,west,3,8,0,0,0,0,20,여,4;4;3;5;4;3;4;5,41,42150;42210;42830,,,,,
g_g000231,west,3,1,0,0,0,0,30,남,4;6;2;2;5;2;6;6,42,11140;41670;43150,,,,,
g_g000233,west,3,1,0,0,0,0,40,남,4;4;4;4;4;6;3;5,46,29155;50130;50110,,,,,
g_g000236,west,2,21,0,0,0,0,50,남,2;4;1;2;4;2;4;4,41,42110;42210;42150,,,,,
g_g000240,west,3,1,0,0,0,0,50,남,1;1;4;1;1;7;7;1,11,42210;42830;48220,,,,,
g_g000248,west,2,1,0,0,0,0,50,남,4;2;2;5;4;5;7;5,36,50110;44180;45110,,,,,
g_g000250,west,2,1,0,0,0,0,50,여,6;2;3;5;3;6;3;4,36,46130;50110;11110,,,,,
g_g000251,west,3,22,0,0,0,0,30,여,1;4;2;4;4;3;5;6,46,46130;26350;42150,,,,,
g_g000252,west,2,10,0,0,0,0,40,남,5;3;5;4;4;5;3;5,44,30200;44230;45140,,,,,
g_g000256,west,3,11,0,0,0,0,30,여,1;1;2;3;4;6;6;3,30,42150;46130;45130,,,,,
g_g000259,west,3,1,0,0,0,0,40,남,2;2;3;3;5;5;2;5,41,42210;45130;28710,,,,,
g_g000280,west,2,24,0,0,0,0,40,남,4;4;2;2;4;2;1;7,29,46710;46110;46790,,,,,
g_g000284,west,2,11,0,0,0,0,60,여,1;7;4;1;4;4;1;7,29,46110;46170;45770,,,,,
g_g000285,west,3,1,0,0,0,0,20,남,6;2;2;2;2;4;1;3,41,42150;30140;50110,,,,,
g_g000286,west,2,1,0,0,0,0,40,남,3;7;3;5;5;6;3;3,43,11440;50130;50110,,,,,
g_g000287,west,3,2,0,0,0,0,30,여,1;1;4;4;4;3;6;5,11,42210;48310;30200,,,,,
g_g000290,west,3,1,0,0,0,0,40,남,2;1;3;3;3;7;3;5,41,42720;41110;41590,,,,,
g_g000306,west,3,11,0,0,0,0,20,여,2;2;2;1;4;4;2;5,11,44210;48850;41280,,,,,
g_g000308,west,3,2,0,0,0,0,20,여,3;3;3;4;5;3;3;5,45,45110;50130;26500,,,,,
g_g000312,west,3,1,0,0,0,0,50,남,4;2;2;2;7;2;1;2,44,11680;44150;30200,,,,,
g_g000314,west,3,1,0,0,0,0,40,여,1;1;4;1;1;4;2;4,41,42210;50130;26350,,,,,
g_g000316,west,3,1,0,0,0,0,30,여,5;6;3;5;6;6;6;5,30,45800;45110;44200,,,,,
g_g000319,west,3,1,0,0,0,0,20,여,2;4;4;4;4;4;4;7,28,42210;11680;26530,,,,,
g_g000334,west,3,1,0,0,0,0,40,남,5;3;3;4;3;3;5;6,41,41820;48310;46230,,,,,
g_g000345,west,3,1,0,0,0,0,30,여,1;4;4;1;1;1;7;1,11,42800;42110;42210,,,,,
g_g000346,west,2,2,0,0,0,0,50,남,2;2;1;6;6;2;2;6,11,48220;44810;43800,,,,,
g_g000348,west,3,1,0,0,0,0,20,여,3;2;3;3;3;3;6;6,41,47130;48840;50110,,,,,
g_g000354,west,3,23,0,0,0,0,40,여,1;4;3;4;2;4;3;4,41,42230;50130;26350,,,,,
g_g000361,west,2,1,0,0,0,0,40,여,4;2;3;4;2;5;5;5,30,42150;50110;26350,,,,,
g_g000365,west,2,1,0,0,0,0,30,여,2;2;4;2;4;2;2;6,41,42150;30140;26350,,,,,
g_g000367,west,3,24,0,0,0,0,20,여,1;2;1;6;4;2;7;7,41,42150;41500;26710,,,,,
g_g000379,west,2,24,0,0,0,0,50,남,1;7;4;4;1;7;4;4,44,44210;46170;45110,,,,,
g_g000387,west,2,21,0,0,0,0,50,남,2;2;6;2;2;5;2;4,41,42150;41670;26350,,,,,
g_g000392,west,3,1,0,0,0,0,40,여,3;1;3;3;6;5;3;5,29,46150;46130;31710,,,,,
g_g000393,west,3,28,0,0,0,0,40,남,1;1;1;2;6;2;1;4,28,42210;41820;50110,,,,,
g_g000396,west,3,22,0,0,0,0,40,남,4;3;4;6;5;5;2;5,48,41460;46130;41110,,,,,
g_g000397,west,3,12,0,0,0,0,30,여,1;1;6;1;1;1;1;7,41,47930;26320;50130,,,,,
g_g000399,west,2,2,0,0,0,0,40,여,3;3;5;4;2;5;3;6,41,42150;42210;26350,,,,,
g_g000402,west,2,21,0,0,0,0,30,여,4;1;1;1;1;4;1;1,41,50110;42150;26350,,,,,
g_g000410,west,3,2,0,0,0,0,30,남,4;7;1;1;1;1;7;1,11,41480;42150;50130,,,,,
g_g000420,west,2,11,0,0,0,0,30,여,2;3;1;5;3;3;2;5,41,28200;44810;46900,,,,,
g_g000423,west,3,2,0,0,0,0,50,여,1;3;1;2;5;4;6;5,11,42750;41280;42170,,,,,
g_g000425,west,3,2,0,0,0,0,40,남,3;5;2;6;7;2;2;5,11,41290;42150;50130,,,,,
g_g000427,west,3,10,0,0,0,0,50,여,2;3;2;2;3;3;4;6,11,48730;48250;48240,,,,,
g_g000429,west,3,3,0,0,0,0,20,여,3;2;2;2;6;6;1;6,30,41280;42150;42210,,,,,
g_g000430,west,3,22,0,0,0,0,20,남,4;4;2;2;4;4;1;6,29,50130;11680;44270,,,,,
g_g000437,west,3,2,0,0,0,0,50,남,1;1;2;4;6;5;2;7,11,42210;46110;43800,,,,,
g_g000441,west,3,2,0,0,0,0,40,남,3;5;3;4;4;4;5;4,29,50110;11560;26350,,,,,
g_g000443,west,3,11,0,0,0,0,50,여,1;1;1;5;3;2;4;5,41,43150;42150;42750,,,,,
g_g000447,west,3,5,0,0,0,0,40,여,4;4;3;2;2;3;5;2,46,11110;26350;41290,,,,,
g_g000454,west,3,21,0,0,0,0,50,여,2;7;2;6;1;2;6;2,45,50110;41110;44825,,,,,
g_g000460,west,3,1,0,0,0,0,30,남,4;4;3;6;4;4;4;4,44,44180;30200;45110,,,,,
g_g000466,west,3,11,0,0,0,0,50,남,2;2;3;2;2;3;3;3,41,50130;42150;44200,,,,,
g_g000469,west,3,1,0,0,0,0,30,여,1;2;2;5;2;2;4;5,41,46130;42150;46890,,,,,
g_g000474,west,3,4,0,0,0,0,50,여,5;4;4;7;6;6;3;3,11,42150;41360;41820,,,,,
g_g000477,west,2,24,0,0,0,0,40,여,4;2;4;2;2;4;1;6,44,50110;26350;42150,,,,,
g_g000480,west,3,8,0,0,0,0,40,남,2;1;1;1;7;1;2;7,48,50110;48170;29155,,,,,
g_g000483,west,2,22,0,0,0,0,40,여,4;4;2;3;2;2;2;6,41,46130;26350;42150,,,,,
g_g000486,west,2,3,0,0,0,0,50,여,4;4;1;1;4;2;6;1,42,42210;48220;48250,,,,,
g_g000488,west,3,1,0,0,0,0,40,여,1;4;5;3;1;5;3;6,43,43760;41280;47280,,,,,
g_g000490,west,3,1,0,0,0,0,50,남,4;3;4;4;3;5;2;3,11,26350;42110;44130,,,,,
g_g000492,west,3,21,0,0,0,0,40,여,4;3;3;1;5;5;6;3,41,42760;41460;41110,,,,,
g_g000499,west,3,2,0,0,0,0,30,여,2;1;1;1;1;1;1;7,43,50110;42760;43130,,,,,
g_g000503,west,3,10,0,0,0,0,40,남,3;2;3;2;5;5;5;6,11,50130;42210;42760,,,,,
g_g000510,west,3,11,0,0,0,0,40,남,2;2;6;2;6;2;2;4,29,45800;45730;46710,,,,,
g_g000515,west,3,5,0,0,0,0,40,남,1;1;1;3;3;5;3;6,44,42210;46130;48840,,,,,
g_g000516,west,2,1,0,0,0,0,20,여,2;6;2;3;5;5;6;7,28,50130;11440;28177,,,,,
g_g000519,west,3,2,0,0,0,0,30,남,4;1;2;2;4;4;2;7,47,50130;26350;43150,,,,,
g_g000520,west,2,13,0,0,0,0,60,여,1;2;3;3;3;3;3;3,11,42150;41820;42820,,,,,
g_g000522,west,3,2,0,0,0,0,20,여,2;2;1;4;5;5;4;6,44,50110;11170;26350,,,,,
g_g000532,west,3,21,0,0,0,0,30,남,2;2;4;3;1;3;5;2,30,50110;42150;26350,,,,,
g_g000540,west,3,23,0,0,0,0,50,남,7;1;1;1;1;7;1;4,29,50130;42150;26290,,,,,
g_g000545,west,3,1,0,0,0,0,30,여,5;1;2;4;5;5;2;3,46,50130;26500;42150,,,,,
g_g000552,west,3,1,0,0,0,0,30,여,5;3;5;4;6;6;4;5,29,46170;46710;46110,,,,,
g_g000570,west,3,10,0,0,0,0,50,남,7;7;7;1;4;7;4;5,11,41570;41290;41480,,,,,
g_g000571,west,3,23,0,0,0,0,40,남,2;4;3;4;3;3;4;5,41,50130;42210;26350,,,,,
g_g000572,west,2,22,0,0,0,0,50,여,1;4;1;1;1;4;4;4,41,50130;42210;46890,,,,,
g_g000581,west,3,2,0,0,0,0,40,여,1;1;4;4;4;4;1;4,11,42210;50130;28710,,,,,
g_g000582,west,2,11,0,0,0,0,30,남,5;6;4;3;7;4;6;2,36,30200;43720;44230,,,,,
g_g000585,west,2,11,0,0,0,0,30,여,4;6;3;2;7;6;1;2,41,41460;42210;44825,,,,,
g_g000602,west,3,22,0,0,0,0,30,남,6;2;1;5;6;4;6;5,41,41280;42820;50130,,,,,
g_g000604,west,3,21,0,0,0,0,30,남,2;1;2;1;6;6;7;1,11,30200;46770;46130,,,,,
g_g000606,west,2,2,0,0,0,0,40,남,7;7;1;6;3;3;1;4,45,45110;29200;30170,,,,,
g_g000610,west,2,22,0,0,0,0,40,남,6;4;6;6;6;6;4;7,43,50130;42150;44180,,,,,
g_g000613,west,2,1,0,0,0,0,30,남,4;5;3;3;3;4;6;6,44,44150;30200;45130,,,,,
g_g000614,west,2,13,0,0,0,0,40,여,4;5;3;4;3;4;3;4,44,50130;42210;26350,,,,,
g_g000619,west,3,4,0,0,0,0,50,여,1;2;2;2;5;5;3;5,41,43730;42230;43800,,,,,
g_g000624,west,2,1,0,0,0,0,20,여,4;6;5;3;5;2;2;5,30,11710;26500;11170,,,,,
g_g000636,west,2,12,0,0,0,0,30,남,1;4;1;1;7;1;1;7,43,50110;26500;47130,,,,,
g_g000637,west,3,3,0,0,0,0,30,여,3;3;2;3;3;3;4;2,46,46710;45190;46130,,,,,
g_g000642,west,3,5,0,0,0,0,30,남,6;6;4;6;5;2;1;2,11,44825;42210;47280,,,,,
g_g000651,west,3,2,0,0,0,0,30,남,2;6;7;7;5;2;6;7,43,44150;44130;11170,,,,,
g_g000657,west,3,2,0,0,0,0,40,여,3;3;1;4;6;6;2;6,29,50110;48310;46130,,,,,
g_g000670,west,3,2,0,0,0,0,40,남,3;3;2;6;3;2;1;3,44,42810;44825;28177,,,,,
g_g000675,west,2,11,0,0,0,0,30,남,2;2;2;4;4;4;3;3,43,11680;42190;44760,,,,,
g_g000680,west,3,10,0,0,0,0,40,남,2;2;2;6;6;6;2;4,41,43720;42130;41190,,,,,
g_g000681,west,3,1,0,0,0,0,30,여,1;7;7;1;1;7;7;1,30,47190;44760;11680,,,,,
g_g000685,west,2,1,0,0,0,0,40,남,1;1;2;4;6;1;2;6,29,46710;46790;46150,,,,,
g_g000687,west,3,12,0,0,0,0,40,여,2;1;6;2;2;6;2;6,36,44150;30200;50110,,,,,
g_g000688,west,3,2,0,0,0,0,50,여,1;6;4;5;2;5;2;7,29,46870;46170;46880,,,,,
g_g000695,west,3,23,0,0,0,0,30,여,2;2;1;4;2;2;3;7,41,41820;42820;41830,,,,,
g_g000696,west,3,1,0,0,0,0,20,여,7;2;1;6;7;7;1;7,41,50130;46130;42150,,,,,
g_g000698,west,2,2,0,0,0,0,40,여,4;1;1;6;2;6;7;7,29,26710;42210;47110,,,,,
g_g000699,west,3,1,0,0,0,0,30,여,4;1;1;3;1;4;7;5,11,50130;30200;42760,,,,,
g_g000701,west,3,22,0,0,0,0,30,남,2;2;2;2;5;3;6;6,29,46710;44200;44130,,,,,
g_g000703,west,3,2,0,0,0,0,20,여,2;3;1;6;7;1;2;1,11,46150;42150;42760,,,,,
g_g000712,west,3,21,0,0,0,0,30,여,3;2;2;5;5;2;6;6,11,50110;26200;42210,,,,,
g_g000714,west,3,8,0,0,0,0,30,여,4;1;2;1;4;5;6;6,11,42150;43800;26350,,,,,
g_g000716,west,3,21,0,0,0,0,30,여,5;4;3;1;2;2;2;5,28,42210;41500;50130,,,,,
g_g000717,west,2,1,0,0,0,0,30,여,6;2;1;3;6;5;7;2,46,50110;11680;26350,,,,,
g_g000722,west,3,8,0,0,0,0,50,여,2;6;6;6;2;6;2;2,30,50130;48310;42820,,,,,
g_g000727,west,3,11,0,0,0,0,40,남,2;1;4;7;6;3;5;2,27,47250;42750;43800,,,,,
g_g000729,west,3,21,0,0,0,0,30,남,2;4;4;5;3;4;6;6,42,46730;46820;42210,,,,,
g_g000730,west,3,10,0,0,0,0,40,여,2;2;2;4;6;5;6;5,45,44180;45730;50130,,,,,
g_g000734,west,3,2,0,0,0,0,40,여,2;1;2;3;2;4;2;5,45,50130;48840;42150,,,,,
g_g000736,west,3,21,0,0,0,0,40,남,1;1;4;1;1;4;1;1,44,44130;30140;11710,,,,,
g_g000742,west,3,22,0,0,0,0,20,여,6;1;2;2;3;3;3;3,11,50130;26320;45180,,,,,
g_g000743,west,3,10,0,0,0,0,30,남,6;6;2;2;2;5;2;6,41,41130;11680;46130,,,,,
g_g000747,west,3,2,0,0,0,0,40,여,4;1;2;3;2;6;6;1,47,26350;45800;42150,,,,,
g_g000751,west,3,21,0,0,0,0,20,여,3;2;4;2;3;5;5;6,36,50130;42150;26200,,,,,
g_g000756,west,3,27,0,0,0,0,60,남,2;1;2;3;2;2;2;1,41,42150;41670;43110,,,,,
g_g000769,west,3,1,0,0,0,0,30,여,5;3;1;2;2;2;1;6,41,44210;28177;42150,,,,,
g_g000770,west,3,21,0,0,0,0,40,남,4;4;4;4;4;7;1;4,43,44150;42170;43130,,,,,
g_g000773,west,3,11,0,0,0,0,40,남,2;1;4;6;5;4;4;4,11,50110;42210;48220,,,,,
g_g000776,west,3,21,0,0,0,0,20,남,3;3;6;3;2;3;6;5,29,46710;46170;46150,,,,,
g_g000777,west,2,21,0,0,0,0,30,남,4;4;4;4;4;4;4;4,29,29200;29140;46710,,,,,
g_g000779,west,3,21,0,0,0,0,40,여,4;4;4;4;4;4;4;4,29,43110;46110;46130,,,,,
g_g000782,west,2,13,0,0,0,0,30,여,4;7;6;1;5;1;1;1,30,30140;45110;44810,,,,,
g_g000784,west,2,22,0,0,0,0,30,남,1;1;1;1;1;5;3;7,29,46130;26710;41570,,,,,
g_g000785,west,2,1,0,0,0,0,30,여,4;4;1;3;4;5;4;1,29,11680;45130;30200,,,,,
g_g000786,west,3,10,0,0,0,0,50,남,5;2;3;4;2;4;6;2,41,41820;50110;42210,,,,,
g_g000789,west,3,12,0,0,0,0,20,남,1;1;1;1;1;1;2;3,11,50110;42770;42800,,,,,
g_g000794,west,3,2,0,0,0,0,50,여,2;3;6;6;2;5;6;4,43,42150;45730;48220,,,,,
g_g000796,west,2,2,0,0,0,0,30,남,3;6;4;3;3;3;6;4,29,50110;11680;46710,,,,,
g_g000809,west,3,13,0,0,0,0,50,남,3;3;3;3;3;3;3;4,11,42830;41830;44200,,,,,
g_g000812,west,2,25,0,0,0,0,20,남,2;2;2;2;2;2;2;6,43,50110;26710;11110,,,,,
g_g000818,west,3,11,0,0,0,0,30,여,2;2;6;6;6;6;7;6,44,30200;11560;47110,,,,,
g_g000820,west,3,21,0,0,0,0,40,여,6;6;5;4;6;4;5;5,41,42170;42210;42150,,,,,
g_g000826,west,3,11,0,0,0,0,30,여,6;7;1;6;7;2;6;1,36,27290;30200;47130,,,,,
g_g000836,west,3,1,0,0,0,0,20,여,1;1;7;1;1;7;1;7,30,42150;11680;29140,,,,,
g_g000848,west,2,21,0,0,0,0,40,여,1;6;1;4;2;6;1;6,36,43720;43760;43745,,,,,
g_g000861,west,3,2,0,0,0,0,50,남,4;6;5;2;3;5;3;6,11,42150;26350;45110,,,,,
g_g000869,west,3,3,0,0,0,0,20,여,6;2;2;2;2;5;2;6,36,50130;42150;26350,,,,,
g_g000892,west,3,21,0,0,0,0,40,남,5;6;5;3;6;2;2;3,29,46150;48840;46130,,,,,
g_g000902,west,3,21,0,0,0,0,20,여,4;5;6;4;3;5;5;6,11,41390;11110;26350,,,,,
g_g000906,west,3,11,0,0,0,0,50,여,2;2;1;2;3;4;3;6,44,50110;11110;30200,,,,,
g_g000907,west,3,2,0,0,0,0,20,남,2;2;2;2;2;2;2;2,11,42150;50130;46130,,,,,
g_g000910,west,3,12,0,0,0,0,40,남,3;4;2;5;3;3;3;6,41,42150;26350;42230,,,,,
g_g000913,west,3,2,0,0,0,0,40,남,3;3;2;4;4;3;2;6,36,47770;45130;46130,,,,,
g_g000916,west,2,22,0,0,0,0,20,여,4;1;3;4;4;4;6;6,48,50130;42210;42150,,,,,
g_g000917,west,2,22,0,0,0,0,30,여,6;7;3;1;2;1;3;6,48,26530;50110;47130,,,,,
g_g000931,west,3,3,0,0,0,0,40,여,2;3;2;4;4;4;2;6,30,11110;50130;26350,,,,,
g_g000938,west,2,2,0,0,0,0,50,여,6;2;2;4;6;6;3;6,47,11680;41460;50110,,,,,
g_g000939,west,3,22,0,0,0,0,30,남,1;1;1;6;5;4;2;5,45,50130;45800;48310,,,,,
g_g000940,west,3,28,0,0,0,0,40,남,2;2;2;1;5;5;3;6,26,26350;47130;50130,,,,,
g_g000945,west,2,22,0,0,0,0,30,남,4;6;2;3;6;6;3;6,29,50130;26350;46130,,,,,
g_g000946,west,2,24,0,0,0,0,60,남,6;3;6;4;5;3;5;4,45,45790;45180;45710,,,,,
g_g000947,west,2,21,0,0,0,0,40,여,1;7;1;2;6;6;6;5,29,50130;26350;11680,,,,,
g_g000950,west,3,1,0,0,0,0,50,여,1;4;4;2;2;4;4;2,26,45110;46730;47130,,,,,
g_g000952,west,3,2,0,0,0,0,30,여,2;4;1;4;6;4;3;6,48,26710;42210;42170,,,,,
g_g000957,west,2,22,0,0,0,0,20,여,6;2;4;2;2;3;2;3,30,11680;46130;45110,,,,,
g_g000958,west,2,13,0,0,0,0,30,남,2;1;4;2;2;4;7;1,11,42210;41650;30200,,,,,
g_g000965,west,3,23,0,0,0,0,40,여,6;1;2;2;2;3;6;6,11,26350;46150;27290,,,,,
g_g000967,west,3,3,0,0,0,0,20,여,2;2;6;2;1;6;2;2,11,42150;26350;42210,,,,,
g_g000974,west,3,10,0,0,0,0,50,여,2;2;3;1;2;2;2;2,28,50130;28710;47110,,,,,
g_g000983,west,3,9,0,0,0,0,60,남,1;1;1;4;1;6;6;4,43,42150;50110;26350,,,,,
g_g000986,west,3,22,0,0,0,0,30,남,7;1;1;3;4;4;6;1,30,26230;11680;11110,,,,,
g_g000987,west,3,22,0,0,0,0,20,남,4;3;6;6;3;5;2;5,45,45800;46130;11710,,,,,
g_g000988,west,2,22,0,0,0,0,40,남,7;2;1;1;6;6;6;2,29,11680;45110;46110,,,,,
g_g000989,west,3,22,0,0,0,0,30,여,3;3;1;2;4;1;2;4,45,45130;46110;45800,,,,,
g_g000991,west,3,21,0,0,0,0,40,남,2;4;1;4;6;3;5;4,29,26200;30200;45130,,,,,
g_g000996,west,2,1,0,0,0,0,30,여,5;2;2;2;1;2;6;6,11,26350;46130;41820,,,,,
g_g001000,west,3,2,0,0,0,0,20,여,2;2;2;4;4;3;5;4,11,42820;26350;42210,,,,,
g_g001002,west,3,22,0,0,0,0,20,남,7;4;7;1;1;4;1;7,30,11230;44180;44150,,,,,
g_g001006,west,3,2,0,0,0,0,40,남,1;1;1;4;3;3;3;5,11,50130;42150;28710,,,,,
g_g001008,west,3,2,0,0,0,0,40,남,2;4;2;4;2;2;6;6,11,50110;26350;48840,,,,,
g_g001016,west,2,1,0,0,0,0,20,여,4;4;3;2;4;3;5;5,27,26710;47130;47110,,,,,
g_g001019,west,3,2,0,0,0,0,30,여,6;3;3;2;4;6;3;5,46,11710;26350;50130,,,,,
g_g001022,west,3,1,0,0,0,0,50,남,1;1;1;1;4;6;3;5,44,50130;46130;48840,,,,,
g_g001026,west,2,2,0,0,0,0,30,여,1;7;1;4;6;7;5;1,44,44150;44180;30200,,,,,
g_g001030,west,2,2,0,0,0,0,30,남,4;5;3;2;2;5;2;4,29,46110;46900;46790,,,,,
g_g001034,west,2,2,0,0,0,0,50,여,2;6;4;4;4;6;2;2,46,46840;46860;29170,,,,,
g_g001035,west,2,1,0,0,0,0,60,여,3;4;6;3;2;6;5;5,43,43110;47770;42150,,,,,
g_g001040,west,3,22,0,0,0,0,40,여,2;1;5;2;2;6;6;7,30,50110;42150;48220,,,,,
g_g001041,west,3,2,0,0,0,0,30,남,7;4;1;1;7;7;7;7,30,48120;45110;44800,,,,,
g_g001046,west,2,4,0,0,0,0,50,여,6;3;2;1;2;2;3;2,11,11680;48220;26710,,,,,
g_g001047,west,3,1,0,0,0,0,30,여,2;2;1;3;6;2;5;5,43,50110;26350;42150,,,,,
g_g001048,west,3,1,0,0,0,0,20,남,3;3;2;3;4;2;2;6,11,42210;41630;44825,,,,,
g_g001050,west,2,2,0,0,0,0,50,여,3;5;2;2;2;3;5;3,30,50110;42170;26230,,,,,
g_g001052,west,2,1,0,0,0,0,40,남,4;6;2;5;6;4;6;4,30,47130;11110;50130,,,,,
g_g001053,west,3,9,0,0,0,0,30,여,4;2;1;3;7;5;3;4,11,26710;48330;26350,,,,,
g_g001056,west,3,10,0,0,0,0,40,여,4;4;4;2;4;4;2;6,11,41830;42150;44825,,,,,
g_g001063,west,3,11,0,0,0,0,30,여,5;2;2;1;6;6;2;6,41,41480;28260;41280,,,,,
g_g001068,west,2,28,0,0,0,0,40,남,2;4;3;2;2;4;3;6,28,42210;26350;46150,,,,,
g_g001070,west,2,21,0,0,0,0,40,남,3;2;2;1;4;3;2;5,11,50130;42210;41250,,,,,
g_g001077,west,3,22,0,0,0,0,20,여,1;1;4;5;2;1;6;6,41,42150;50130;41110,,,,,
g_g001086,west,3,21,0,0,0,0,30,남,2;4;1;4;7;5;2;5,11,26350;50110;44150,,,,,
g_g001100,west,3,2,0,0,0,0,50,여,3;1;2;2;2;3;6;6,44,50130;26350;30200,,,,,
g_g001103,west,3,1,0,0,0,0,30,남,2;1;1;3;2;2;2;5,11,30200;41170;50130,,,,,
g_g001104,west,3,7,0,0,0,0,30,남,2;1;2;2;4;3;4;6,43,42230;47130;46820,,,,,
g_g001106,west,3,24,0,0,0,0,30,여,2;2;1;3;2;1;5;3,11,42210;41830;30230,,,,,
g_g001107,west,2,21,0,0,0,0,40,남,4;1;1;1;4;1;1;3,46,46110;46790;46880,,,,,
g_g001109,west,3,10,0,0,0,0,40,여,2;2;2;2;2;6;6;4,30,50130;42150;26350,,,,,
g_g001111,west,3,10,0,0,0,0,40,남,6;3;3;2;4;6;6;2,45,45110;50130;11680,,,,,
g_g001112,west,3,22,0,0,0,0,30,여,2;1;4;3;4;2;1;7,45,11560;42150;30140,,,,,
g_g001113,west,3,5,0,0,0,0,30,남,5;7;6;3;5;2;5;2,36,50110;30170;11680,,,,,
g_g001114,west,3,1,0,0,0,0,20,남,6;1;2;1;2;6;1;6,41,48220;27260;42150,,,,,
g_g001118,west,3,1,0,0,0,0,20,남,7;1;4;2;2;6;7;1,46,11680;26350;29200,,,,,
g_g001124,west,3,3,0,0,0,0,30,남,7;1;1;7;1;7;7;1,11,42150;50110;46130,,,,,
g_g001129,west,2,21,0,0,0,0,20,여,2;3;3;2;2;2;2;5,30,50110;44230;44150,,,,,
g_g001132,west,3,2,0,0,0,0,20,남,6;1;1;7;6;6;1;7,11,47130;42150;50110,,,,,
g_g001133,west,3,3,0,0,0,0,50,여,4;4;4;4;4;4;4;4,11,26350;42150;46130,,,,,
g_g001135,west,2,2,0,0,0,0,20,여,1;3;2;3;4;5;5;7,29,46150;47130;47770,,,,,
g_g001136,west,2,13,0,0,0,0,40,남,2;2;2;5;6;2;2;2,43,50130;42150;26350,,,,,
g_g001138,west,3,22,0,0,0,0,40,여,6;2;2;3;6;6;6;6,44,50130;11110;42730,,,,,
g_g001144,west,3,25,0,0,0,0,40,여,3;1;1;1;3;3;3;7,28,41280;42110;42150,,,,,
g_g001147,west,3,24,0,0,0,0,30,남,7;1;1;1;1;7;7;7,41,42210;42720;45110,,,,,
g_g001148,west,3,2,0,0,0,0,20,여,6;2;5;6;2;6;6;2,11,11440;50110;43150,,,,,
g_g001151,west,2,22,0,0,0,0,50,여,2;2;1;2;2;3;2;7,30,50130;26710;45110,,,,,
g_g001154,west,3,11,0,0,0,0,30,여,2;3;1;1;4;1;1;7,47,50130;45190;46710,,,,,
g_g001156,west,3,8,0,0,0,0,30,남,4;2;3;2;2;2;2;4,41,42210;42230;42830,,,,,
g_g001164,west,3,12,0,0,0,0,20,여,2;2;4;2;6;2;6;4,43,42150;45110;50130,,,,,
g_g001166,west,2,2,0,0,0,0,40,여,2;1;2;4;5;6;2;7,43,50130;42210;46130,,,,,
g_g001169,west,3,13,0,0,0,0,50,남,1;1;1;4;7;3;2;7,41,42150;41800;44825,,,,,
g_g001171,west,2,2,0,0,0,0,30,남,2;4;2;2;1;4;4;5,29,46710;46890;50130,,,,,
g_g001173,west,3,22,0,0,0,0,30,여,3;1;1;1;6;2;5;2,11,50110;11680;44270,,,,,
g_g001178,west,3,8,0,0,0,0,40,남,4;3;3;3;3;4;1;3,44,50110;50130;11710,,,,,
g_g001187,west,3,21,0,0,0,0,30,여,5;3;3;3;3;3;3;5,29,46790;46880;26200,,,,,
g_g001189,west,3,22,0,0,0,0,50,남,2;1;2;4;2;1;1;6,41,50130;42210;46910,,,,,
g_g001191,west,2,21,0,0,0,0,50,남,1;6;2;6;2;2;2;6,11,42170;50110;43730,,,,,
g_g001194,west,3,12,0,0,0,0,20,여,4;2;1;2;6;6;6;6,45,45110;11680;50110,,,,,
g_g001196,west,3,3,0,0,0,0,30,여,4;2;3;2;3;4;4;2,11,42210;50130;41800,,,,,
g_g001197,west,3,6,0,0,0,0,40,여,4;4;4;4;4;4;4;4,11,50130;50110;42830,,,,,
g_g001199,west,2,22,0,0,0,0,40,여,2;2;6;2;2;7;1;7,46,46770;46130;29170,,,,,
g_g001200,west,3,10,0,0,0,0,20,남,4;4;5;6;3;5;6;4,41,42150;42210;42800,,,,,
g_g001203,west,3,1,0,0,0,0,50,남,1;5;5;6;1;5;7;2,47,47190;47770;47130,,,,,
g_g001204,west,2,2,0,0,0,0,50,남,2;2;6;2;6;6;2;2,30,45730;44710;43740,,,,,
g_g001206,west,3,2,0,0,0,0,40,여,2;3;3;2;4;3;3;5,41,26350;42150;11710,,,,,
g_g001208,west,3,1,0,0,0,0,50,남,4;1;1;1;4;4;2;7,44,44200;42150;50130,,,,,
g_g001209,west,2,21,0,0,0,0,30,여,2;2;2;2;2;2;2;7,41,42150;41820;46130,,,,,
g_g001219,west,3,21,0,0,0,0,30,남,1;1;4;1;1;1;4;1,11,43800;29140;41480,,,,,
g_g001221,west,3,2,0,0,0,0,40,남,1;1;1;6;4;4;6;7,48,42210;50130;48840,,,,,
g_g001222,west,3,21,0,0,0,0,20,남,2;1;1;4;1;2;7;2,41,41590;28710;42110,,,,,
g_g001223,west,3,10,0,0,0,0,50,여,4;3;2;2;2;6;2;6,26,48310;47130;42170,,,,,
g_g001224,west,3,22,0,0,0,0,20,여,3;6;5;4;2;3;5;3,11,44130;41270;41150,,,,,
g_g001225,west,3,22,0,0,0,0,20,여,2;2;2;2;2;2;6;6,43,26710;42150;11110,,,,,
g_g001227,west,3,21,0,0,0,0,50,여,2;2;1;5;4;2;4;2,29,46710;48220;45800,,,,,
g_g001230,west,3,8,0,0,0,0,20,여,1;1;4;4;3;5;3;2,11,41360;41450;50110,,,,,
g_g001231,west,3,1,0,0,0,0,20,남,4;1;4;3;6;2;4;5,46,46110;45800;26500,,,,,
g_g001233,west,3,1,0,0,0,0,50,남,1;1;1;3;4;2;2;7,41,42820;46130;48840,,,,,
g_g001235,west,3,1,0,0,0,0,30,남,3;6;2;5;3;3;2;3,44,11230;44180;30200,,,,,
g_g001237,west,2,2,0,0,0,0,40,남,2;4;2;4;6;2;1;6,29,26200;26350;48840,,,,,
g_g001243,west,3,1,0,0,0,0,40,남,1;1;1;3;4;7;2;6,46,29110;42150;26350,,,,,
g_g001250,west,3,10,0,0,0,0,20,여,2;1;2;2;6;6;7;7,11,42760;42110;42150,,,,,
g_g001256,west,3,22,0,0,0,0,20,여,1;1;1;4;4;4;5;6,29,46130;42150;50110,,,,,
g_g001257,west,2,22,0,0,0,0,30,남,3;4;4;4;2;2;5;5,30,11680;44230;44130,,,,,
g_g001258,west,3,22,0,0,0,0,30,여,4;1;1;4;4;7;1;7,41,46820;42820;26710,,,,,
g_g001261,west,2,11,0,0,0,0,30,여,1;1;1;1;7;1;4;7,27,47110;48890;50130,,,,,
g_g001272,west,3,12,0,0,0,0,30,여,1;1;3;6;4;2;2;7,41,42210;41830;50110,,,,,
g_g001273,west,2,1,0,0,0,0,50,남,2;4;2;2;2;2;2;2,44,30170;44150;42150,,,,,
g_g001276,west,3,26,0,0,0,0,40,여,1;2;1;4;6;4;3;7,11,42150;48840;41270,,,,,
g_g001280,west,3,22,0,0,0,0,20,남,1;2;2;2;2;2;2;7,45,45190;48310;44180,,,,,
g_g001288,west,2,5,0,0,0,0,30,여,2;2;5;3;5;3;5;3,29,46730;46130;46770,,,,,
g_g001289,west,2,24,0,0,0,0,50,남,1;2;5;4;2;4;3;5,30,42820;47130;44180,,,,,
g_g001290,west,3,13,0,0,0,0,50,여,2;2;3;4;2;3;3;4,30,42210;43740;44180,,,,,
g_g001291,west,2,9,0,0,0,0,30,여,4;4;4;4;4;4;4;7,29,46170;50110;50130,,,,,
g_g001293,west,2,3,0,0,0,0,20,여,6;3;2;3;3;6;6;2,41,44150;42150;50130,,,,,
g_g001296,west,3,6,0,0,0,0,40,남,1;1;1;2;7;2;4;7,46,46130;28245;26140,,,,,
g_g001297,west,3,1,0,0,0,0,60,여,3;5;5;2;2;4;2;1,46,46710;46880;50110,,,,,
g_g001299,west,3,21,0,0,0,0,30,여,1;1;6;2;3;2;3;3,41,41830;42210;26350,,,,,
g_g001300,west,3,22,0,0,0,0,20,여,3;2;2;4;5;5;2;7,11,41570;41210;41110,,,,,
g_g001301,west,3,1,0,0,0,0,30,남,4;1;1;4;1;5;2;6,28,50110;11110;27110,,,,,
g_g001305,west,3,1,0,0,0,0,20,여,6;2;2;6;2;2;4;6,11,50130;42210;26350,,,,,
g_g001309,west,3,1,0,0,0,0,20,남,4;2;1;6;6;5;6;7,45,26350;50110;11680,,,,,
g_g001313,west,3,2,0,0,0,0,20,남,4;4;2;5;5;4;6;5,41,11170;26350;47130,,,,,
g_g001315,west,3,2,0,0,0,0,30,남,2;1;2;5;6;5;6;7,41,50130;42210;48840,,,,,
g_g001319,west,3,24,0,0,0,0,50,여,1;3;3;3;1;3;4;3,11,42150;50130;26350,,,,,
g_g001320,west,3,9,0,0,0,0,20,여,3;1;1;4;5;1;4;7,30,50110;42150;26350,,,,,
g_g001322,west,2,12,0,0,0,0,30,남,2;1;5;2;6;6;7;3,41,42170;50130;26350,,,,,
g_g001323,west,2,13,0,0,0,0,50,남,2;4;4;3;2;4;3;4,30,42210;11680;44150,,,,,
g_g001329,west,2,22,0,0,0,0,40,남,1;4;3;3;5;6;1;7,30,30140;44150;43110,,,,,
g_g001337,west,3,22,0,0,0,0,20,남,2;2;2;2;3;3;5;5,28,50130;50110;26350,,,,,
g_g001338,west,3,21,0,0,0,0,20,여,1;2;2;3;1;3;2;7,42,42210;50130;26350,,,,,
g_g001343,west,3,21,0,0,0,0,30,남,1;1;6;1;1;3;2;6,46,46130;50130;45110,,,,,
g_g001344,west,3,2,0,0,0,0,60,여,1;1;1;1;1;1;1;7,45,46710;48860;46150,,,,,
g_g001346,west,3,21,0,0,0,0,50,남,1;1;1;5;7;3;1;7,11,42210;41820;44130,,,,,
g_g001350,west,3,11,0,0,0,0,30,여,5;7;3;5;7;4;4;7,11,11110;41280;42210,,,,,
g_g001352,west,3,2,0,0,0,0,20,여,2;1;1;4;2;1;6;5,45,42830;50130;42210,,,,,
g_g001353,west,3,1,0,0,0,0,30,여,6;1;2;1;6;2;1;6,41,11680;42150;50110,,,,,
g_g001356,west,2,22,0,0,0,0,20,여,3;2;1;2;2;3;3;5,30,44825;44800;50110,,,,,
g_g001362,west,3,2,0,0,0,0,20,남,1;1;1;3;6;2;1;6,28,42150;41460;46770,,,,,
g_g001364,west,3,12,0,0,0,0,20,여,1;1;4;4;1;4;1;1,41,50110;26500;42150,,,,,
g_g001371,west,2,1,0,0,0,0,40,여,5;6;6;6;6;6;6;6,47,47130;47730;27260,,,,,
g_g001374,west,3,2,0,0,0,0,30,남,1;2;1;5;5;2;6;6,29,42210;46130;47920,,,,,
g_g001381,west,3,22,0,0,0,0,20,여,2;1;1;4;5;4;6;1,44,44130;41820;50110,,,,,
g_g001383,west,3,22,0,0,0,0,30,여,2;2;2;2;2;3;6;7,45,26710;26350;29140,,,,,
g_g001386,west,3,10,0,0,0,0,40,남,2;1;2;3;5;4;3;6,48,45790;42210;50110,,,,,
g_g001388,west,3,2,0,0,0,0,40,여,2;1;1;3;6;6;6;7,44,41460;50110;42820,,,,,
g_g001390,west,3,1,0,0,0,0,30,여,3;1;2;4;4;3;6;2,45,11215;45110;50110,,,,,
g_g001556,west,2,21,0,0,0,0,50,남,1;7;7;1;1;5;1;5,11,42150;11650;42750,,,,,
g_g001563,west,2,1,0,0,0,0,40,남,5;6;6;6;6;6;6;6,43,42210;44210;30200,,,,,
g_g001564,west,3,2,0,0,0,0,30,남,3;3;2;6;4;6;4;5,41,42150;43800;45110,,,,,
g_g001565,west,3,12,0,0,0,0,50,남,1;1;4;5;6;5;2;4,30,44760;45750;48120,,,,,
g_g001566,west,2,22,0,0,0,0,40,남,2;4;2;2;3;3;3;3,41,44150;45130;41110,,,,,
g_g001567,west,2,2,0,0,0,0,30,여,6;4;6;6;6;6;6;6,42,11710;45110;43150,,,,,
g_g001575,west,3,2,0,0,0,0,30,남,2;1;3;5;3;3;1;2,42,50130;42210;42150,,,,,
g_g001576,west,3,1,0,0,0,0,30,남,3;4;2;4;6;2;3;3,27,48880;48120;50130,,,,,
g_g001580,west,2,11,0,0,0,0,50,여,4;1;3;2;2;3;2;3,41,50110;50130;26710,,,,,
g_g001584,west,3,10,0,0,0,0,30,남,1;1;1;4;4;4;2;6,11,50130;50110;42230,,,,,
g_g001587,west,3,1,0,0,0,0,30,여,4;4;2;4;6;6;6;7,43,50110;42150;26290,,,,,
g_g001590,west,3,2,0,0,0,0,30,여,2;6;5;2;6;1;6;6,28,42150;46770;26170,,,,,
g_g001598,west,3,11,0,0,0,0,40,남,4;1;6;4;1;7;1;1,41,43130;42210;44770,,,,,
g_g001599,west,3,2,0,0,0,0,30,여,1;1;2;6;2;6;2;6,11,41610;41110;11110,,,,,
g_g001603,west,3,1,0,0,0,0,50,남,5;3;3;3;3;3;4;3,11,42150;41830;41390,,,,,
g_g001606,west,2,22,0,0,0,0,30,여,3;3;3;2;3;4;3;1,30,31140;46130;44790,,,,,
g_g001611,west,3,1,0,0,0,0,30,남,1;1;1;1;1;4;1;7,30,44150;11680;50110,,,,,
g_g001612,west,3,10,0,0,0,0,40,남,1;6;3;6;4;4;6;3,46,46710;29200;45110,,,,,
g_g001614,west,2,21,0,0,0,0,30,여,1;2;3;4;5;2;2;6,36,50130;48840;26350,,,,,
g_g001615,west,2,2,0,0,0,0,40,남,1;2;1;3;2;3;2;6,30,42210;11680;48220,,,,,
g_g001619,west,3,1,0,0,0,0,60,여,1;2;3;4;6;4;2;7,41,42770;31710;28710,,,,,
g_g001620,west,3,1,0,0,0,0,30,남,3;3;2;5;2;5;4;5,30,11680;42150;50110,,,,,
g_g001621,west,2,13,0,0,0,0,40,남,2;4;2;2;2;4;4;6,30,50130;26350;42210,,,,,
g_g001623,west,2,22,0,0,0,0,50,여,2;1;1;1;4;4;2;4,29,29110;46860;46720,,,,,
g_g001625,west,2,1,0,0,0,0,50,여,2;2;5;4;4;6;2;5,41,42150;50130;50110,,,,,
g_g001627,west,2,2,0,0,0,0,40,남,3;5;1;3;5;4;7;4,30,46890;42210;26200,,,,,
g_g001630,west,3,2,0,0,0,0,20,여,2;2;2;5;4;3;5;6,28,42150;50110;46130,,,,,
g_g001640,west,3,22,0,0,0,0,50,여,2;4;2;6;4;4;4;3,11,42150;41820;28710,,,,,
g_g001644,west,3,2,0,0,0,0,30,여,4;2;2;4;2;1;1;5,11,26350;11440;11200,,,,,
g_g001645,west,3,10,0,0,0,0,50,남,2;1;3;3;4;6;6;5,30,46130;26440;42210,,,,,
g_g001646,west,3,3,0,0,0,0,30,여,3;1;1;6;7;2;1;6,41,42230;42210;11680,,,,,
g_g001648,west,2,22,0,0,0,0,40,여,2;2;4;2;2;3;3;5,46,50130;46130;42150,,,,,
g_g001650,west,2,11,0,0,0,0,50,여,4;7;1;2;6;3;2;1,46,29155;46840;26710,,,,,
g_g001651,west,3,12,0,0,0,0,30,남,3;3;2;4;6;3;5;4,43,42150;47770;46150,,,,,
g_g001652,west,2,6,0,0,0,0,40,여,4;6;2;2;2;2;6;2,45,11680;11650;11170,,,,,
g_g001656,west,3,26,0,0,0,0,30,여,4;1;4;4;1;4;4;7,41,50110;45110;42150,,,,,
g_g001662,west,3,8,0,0,0,0,50,남,2;2;2;2;4;2;6;6,11,42150;42800;41830,,,,,
g_g001665,west,2,21,0,0,0,0,60,여,2;5;3;3;3;3;4;5,29,46790;46170;46710,,,,,
g_g001668,west,3,22,0,0,0,0,30,남,4;2;2;2;6;5;2;7,48,50130;11500;46130,,,,,
g_g001669,west,2,21,0,0,0,0,20,여,1;6;1;4;2;2;6;7,30,50130;48840;46150,,,,,
g_g001673,west,2,22,0,0,0,0,30,남,2;4;2;4;5;4;5;4,29,50110;48840;26500,,,,,
g_g001674,west,3,1,0,0,0,0,40,남,2;2;1;2;3;3;3;7,11,42230;42150;44825,,,,,
g_g001677,west,2,22,0,0,0,0,50,남,1;2;1;3;4;2;2;3,44,42150;44150;50130,,,,,
g_g001678,west,3,3,0,0,0,0,30,남,3;4;5;3;4;6;5;5,11,50130;42210;26200,,,,,
g_g001679,west,2,22,0,0,0,0,30,여,1;3;1;3;1;3;7;7,45,42150;48310;45710,,,,,
g_g001681,west,3,10,0,0,0,0,20,남,1;1;2;2;2;5;1;7,43,50110;26350;42150,,,,,
g_g001682,west,3,8,0,0,0,0,30,남,7;5;7;3;4;6;5;4,30,30110;43110;43770,,,,,
g_g001684,west,2,22,0,0,0,0,30,여,4;6;2;3;2;2;4;3,44,26230;30200;44810,,,,,
g_g001686,west,3,1,0,0,0,0,30,여,3;2;1;3;6;6;2;7,43,44150;41290;42150,,,,,
g_g001689,west,3,2,0,0,0,0,30,여,3;2;2;3;2;3;5;4,45,50110;45710;29110,,,,,
g_g001690,west,3,22,0,0,0,0,20,남,4;2;2;3;4;3;2;6,43,45130;50130;26500,,,,,
g_g001692,west,3,5,0,0,0,0,50,남,1;3;4;3;5;4;2;7,36,50110;45790;44710,,,,,
g_g001693,west,2,22,0,0,0,0,30,여,4;4;3;3;5;3;2;5,45,11230;30140;50110,,,,,
g_g001694,west,2,4,0,0,0,0,20,남,2;1;5;2;1;5;2;6,44,45110;50130;44180,,,,,
g_g001695,west,2,22,0,0,0,0,30,여,1;5;4;4;4;1;5;7,11,50130;42170;43110,,,,,
g_g001697,west,3,4,0,0,0,0,40,남,1;4;4;6;6;6;2;4,29,50130;46870;46710,,,,,
g_g001698,west,3,12,0,0,0,0,20,남,4;2;2;6;2;2;2;2,46,46130;46110;29155,,,,,
g_g001700,west,3,2,0,0,0,0,30,남,4;4;4;4;4;4;4;4,30,11680;26350;50110,,,,,
g_g001701,west,3,6,0,0,0,0,40,남,2;4;3;5;5;3;3;6,41,42150;42830;44825,,,,,
g_g001702,west,3,2,0,0,0,0,20,남,1;1;1;5;3;5;4;7,28,50130;47130;26350,,,,,
g_g001703,west,3,1,0,0,0,0,20,남,4;2;6;6;5;2;6;2,47,26500;27140;47210,,,,,
g_g001704,west,3,24,0,0,0,0,20,여,1;1;2;7;7;1;3;6,11,50130;42820;42830,,,,,
g_g001708,west,2,1,0,0,0,0,40,여,6;1;2;1;1;2;1;7,45,26500;11710;46710,,,,,
g_g001710,west,3,5,0,0,0,0,20,남,4;1;3;5;3;3;1;5,45,50110;29140;11680,,,,,
g_g001715,west,2,1,0,0,0,0,40,여,4;3;3;1;1;4;3;5,30,50110;11170;44150,,,,,
g_g001716,west,3,21,0,0,0,0,30,여,5;2;3;4;4;4;5;4,41,50110;26350;42210,,,,,
g_g001718,west,3,2,0,0,0,0,40,남,6;6;3;2;2;6;6;5,29,46130;11170;50110,,,,,
g_g001721,west,2,22,0,0,0,0,30,여,1;7;1;4;7;4;2;7,26,31710;47130;50110,,,,,
g_g001722,west,3,1,0,0,0,0,20,여,4;3;4;4;3;3;5;4,28,50130;11680;30200,,,,,
g_g001724,west,2,21,0,0,0,0,40,여,1;3;1;3;3;5;3;5,29,50130;50110;46710,,,,,
g_g001733,west,3,1,0,0,0,0,20,여,1;1;2;2;1;2;2;7,43,50110;42150;26350,,,,,
g_g001734,west,3,2,0,0,0,0,20,여,2;6;3;3;6;6;2;7,11,42150;41830;41480,,,,,
g_g001740,west,3,22,0,0,0,0,30,남,4;2;6;2;2;2;6;6,45,46130;11710;30200,,,,,
g_g001741,west,3,2,0,0,0,0,30,남,1;1;4;2;2;5;3;7,11,42150;42170;50110,,,,,
g_g001743,west,2,22,0,0,0,0,40,남,2;3;2;2;3;3;3;6,30,50130;26350;42150,,,,,
g_g001753,west,3,21,0,0,0,0,30,여,1;1;1;1;1;5;1;1,41,50110;44825;42210,,,,,
g_g001755,west,3,11,0,0,0,0,40,남,4;4;2;7;7;6;4;7,11,42210;28710;41210,,,,,
g_g001761,west,3,12,0,0,0,0,50,남,1;4;2;4;2;2;4;4,41,42820;42720;43800,,,,,
g_g001763,west,3,11,0,0,0,0,50,여,2;2;2;2;2;6;2;7,41,42210;42820;44825,,,,,
g_g001764,west,3,13,0,0,0,0,50,남,2;4;2;4;7;7;6;4,41,42230;44825;45110,,,,,
g_g001765,west,3,11,0,0,0,0,30,남,3;1;1;2;2;3;1;7,45,50110;42150;11680,,,,,
g_g001768,west,3,2,0,0,0,0,30,여,4;5;5;4;2;4;4;6,47,47280;27260;11710,,,,,
g_g001779,west,3,4,0,0,0,0,40,여,4;4;1;4;5;1;5;4,41,48840;48220;26350,,,,,
g_g001780,west,2,13,0,0,0,0,40,여,4;5;4;4;6;4;2;4,29,46710;29200;45130,,,,,
g_g001786,west,3,1,0,0,0,0,50,남,4;4;1;2;4;4;3;6,41,50130;46710;42230,,,,,
g_g001789,west,3,1,0,0,0,0,20,여,3;2;2;3;3;5;3;6,41,41190;11110;42150,,,,,
g_g001791,west,3,8,0,0,0,0,30,남,2;4;1;2;2;2;3;7,41,42830;11110;41590,,,,,
g_g001794,west,2,22,0,0,0,0,20,여,1;4;4;3;3;4;3;4,41,41550;44270;43130,,,,,
g_g001795,west,3,22,0,0,0,0,40,남,1;4;4;6;7;7;6;4,41,42780;41800;48840,,,,,
g_g001796,west,3,1,0,0,0,0,20,여,2;2;2;3;2;4;3;5,41,11680;41110;44200,,,,,
g_g001797,west,3,3,0,0,0,0,50,남,2;2;2;4;5;5;3;4,41,42760;42130;26350,,,,,
g_g001798,west,3,10,0,0,0,0,30,남,2;2;1;2;1;5;2;6,45,45800;45730;30200,,,,,
g_g001799,west,2,8,0,0,0,0,20,여,1;7;1;7;1;1;7;7,46,50110;11170;30140,,,,,
g_g001803,west,2,13,0,0,0,0,40,여,4;5;3;3;6;6;2;7,29,50130;11110;46130,,,,,
g_g001806,west,3,22,0,0,0,0,40,여,2;5;2;4;3;3;6;7,11,41830;41590;44150,,,,,
g_g001810,west,2,2,0,0,0,0,30,남,3;3;3;3;3;5;5;5,44,50130;26350;42150,,,,,
g_g001812,west,2,1,0,0,0,0,40,남,2;6;2;2;4;2;6;3,11,11560;41480;44130,,,,,
g_g001818,west,3,12,0,0,0,0,20,여,6;6;3;5;6;2;3;1,26,11110;47130;46230,,,,,
g_g001819,west,3,21,0,0,0,0,20,남,2;1;1;4;5;3;3;5,11,41820;42150;41590,,,,,
g_g001826,west,3,12,0,0,0,0,40,여,2;2;2;2;2;2;4;2,30,48220;42150;50130,,,,,
g_g001829,west,3,2,0,0,0,0,20,여,4;2;5;3;3;2;6;6,28,50110;42210;29155,,,,,
g_g001830,west,3,22,0,0,0,0,30,남,4;3;4;5;4;5;2;7,41,31140;26350;45110,,,,,
g_g001832,west,3,13,0,0,0,0,40,여,1;1;1;1;1;1;6;7,44,44825;44270;46130,,,,,
g_g001833,west,3,22,0,0,0,0,30,여,4;6;5;4;4;4;4;4,45,45110;50130;30200,,,,,
g_g001834,west,2,2,0,0,0,0,20,여,1;5;2;2;4;2;6;6,45,44770;11260;45110,,,,,
g_g001835,west,2,24,0,0,0,0,30,여,1;4;4;2;2;2;2;4,29,26500;26350;26710,,,,,
g_g001836,west,3,22,0,0,0,0,30,여,3;3;7;2;1;7;1;3,29,46130;45800;46710,,,,,
g_g001837,west,2,12,0,0,0,0,20,여,4;3;4;6;4;4;6;6,30,26350;50110;31140,,,,,
g_g001846,west,2,10,0,0,0,0,30,남,5;6;3;6;6;5;6;7,44,44200;30200;42150,,,,,
g_g001850,west,2,2,0,0,0,0,30,여,2;7;1;1;3;2;7;1,45,46710;47130;45110,,,,,
g_g001856,west,3,21,0,0,0,0,40,여,1;4;2;4;2;2;3;5,41,42210;41650;26350,,,,,
g_g001857,west,2,10,0,0,0,0,50,남,2;5;5;4;2;5;4;3,29,50130;26710;46730,,,,,
g_g001859,west,3,21,0,0,0,0,50,남,2;3;2;4;4;5;5;7,43,42170;43800;42750,,,,,
g_g001866,west,2,1,0,0,0,0,20,여,4;7;1;1;1;6;7;7,30,50130;26350;47130,,,,,
g_g001868,west,3,1,0,0,0,0,40,남,4;4;2;3;6;2;2;6,27,48120;31710;50110,,,,,
g_g001875,west,3,1,0,0,0,0,40,남,6;1;1;7;6;6;6;6,46,29200;11410;26350,,,,,
g_g001876,west,2,5,0,0,0,0,40,남,2;3;2;5;2;2;2;1,29,26710;50130;44150,,,,,
g_g001877,west,2,2,0,0,0,0,30,여,3;3;3;5;3;3;3;5,45,11410;45130;46130,,,,,
g_g001879,west,2,12,0,0,0,0,30,여,1;1;1;1;7;7;7;7,46,11110;26350;29155,,,,,
g_g001880,west,2,3,0,0,0,0,30,여,5;1;2;6;2;2;2;2,41,46130;31170;48820,,,,,
g_g001881,west,2,1,0,0,0,0,20,남,5;2;4;4;3;6;2;4,45,45110;30200;11680,,,,,
g_g001882,west,2,2,0,0,0,0,20,여,4;7;6;7;7;6;4;3,46,46130;26350;11230,,,,,
g_g001884,west,2,27,0,0,0,0,50,여,1;7;1;1;1;4;4;1,11,50130;42210;48220,,,,,
g_g001888,west,3,1,0,0,0,0,50,남,3;3;5;4;5;4;2;4,41,42820;42170;44810,,,,,
g_g001890,west,2,12,0,0,0,0,40,여,1;6;3;2;6;6;1;7,30,30110;44150;42820,,,,,
g_g001891,west,2,1,0,0,0,0,20,여,3;3;3;2;2;3;6;2,45,30200;29200;50110,,,,,
g_g001895,west,3,3,0,0,0,0,20,여,4;4;4;4;3;4;5;4,46,50130;46130;46150,,,,,
g_g001900,west,3,1,0,0,0,0,30,남,1;1;1;7;4;4;7;7,41,44810;43150;42130,,,,,
g_g001913,west,3,1,0,0,0,0,30,여,4;1;4;1;4;5;7;1,46,26350;50130;11680,,,,,
g_g001914,west,2,1,0,0,0,0,30,여,3;1;2;3;3;5;6;3,47,50110;47190;47210,,,,,
g_g001916,west,2,1,0,0,0,0,20,여,3;2;1;5;5;2;6;7,43,50110;27260;45110,,,,,
g_g001920,west,2,2,0,0,0,0,30,여,1;4;2;2;2;2;5;7,45,50130;50110;42150,,,,,
g_g001928,west,2,1,0,0,0,0,40,여,1;1;1;4;1;4;7;1,45,50110;26350;47130,,,,,
g_g001929,west,3,5,0,0,0,0,30,여,1;1;1;5;2;1;3;7,28,46150;47170;48850,,,,,
g_g001932,west,3,22,0,0,0,0,20,여,5;6;7;5;2;6;7;1,30,50130;26350;46130,,,,,
g_g001947,west,3,1,0,0,0,0,30,남,4;1;4;4;1;1;7;4,30,50110;45110;11680,,,,,
g_g001954,west,2,2,0,0,0,0,20,남,2;3;2;2;2;4;4;4,29,29200;45190;46710,,,,,
g_g001963,west,2,13,0,0,0,0,50,남,4;6;4;4;5;4;4;5,44,42210;44825;48310,,,,,
g_g001964,west,3,22,0,0,0,0,40,여,7;4;3;4;5;3;5;5,11,46130;30200;41150,,,,,
g_g001965,west,3,23,0,0,0,0,20,여,4;4;6;4;4;5;6;5,43,41480;41280;11110,,,,,
g_g001977,west,3,2,0,0,0,0,60,여,3;3;4;3;3;2;3;2,41,50130;42210;26350,,,,,
g_g001981,west,3,12,0,0,0,0,20,남,2;2;2;4;2;1;6;6,41,50130;50110;42170,,,,,
g_g001984,west,3,26,0,0,0,0,20,여,1;1;1;1;4;5;1;7,11,26710;42210;50130,,,,,
g_g001993,west,2,2,0,0,0,0,20,여,1;1;1;4;6;1;4;7,41,41820;42720;43730,,,,,
g_g002014,west,3,1,0,0,0,0,30,남,2;6;2;7;7;2;7;1,42,42150;42830;42110,,,,,
g_g002017,west,2,26,0,0,0,0,40,남,2;3;3;3;1;1;1;7,30,50110;50130;42150,,,,,
g_g002019,west,3,12,0,0,0,0,20,여,2;2;4;5;5;6;1;6,11,41430;42210;41460,,,,,
g_g002028,west,3,2,0,0,0,0,40,남,6;2;2;2;2;6;3;7,30,47130;43730;50110,,,,,
g_g002032,west,3,3,0,0,0,0,40,남,4;2;2;2;2;4;2;6,41,42760;42210;50130,,,,,
g_g002035,west,3,22,0,0,0,0,40,여,1;1;1;1;1;7;1;7,28,42150;50130;26350,,,,,
g_g002037,west,2,1,0,0,0,0,30,남,2;2;4;2;4;3;6;6,11,42210;41820;41360,,,,,
g_g002041,west,3,1,0,0,0,0,50,여,4;4;4;1;1;4;2;3,41,50110;42150;48310,,,,,
g_g002046,west,3,2,0,0,0,0,40,여,4;2;1;5;1;7;1;7,44,50130;26350;11110,,,,,
g_g002048,west,3,21,0,0,0,0,30,남,4;2;4;1;1;7;1;4,43,43770;43760;42150,,,,,
g_g002056,west,2,2,0,0,0,0,50,여,1;1;1;3;7;7;1;7,28,50110;26350;47110,,,,,
g_g002059,west,3,12,0,0,0,0,50,남,2;2;1;3;2;2;2;5,11,42820;46110;44150,,,,,
g_g002073,west,2,1,0,0,0,0,30,여,6;7;7;3;6;7;2;7,27,47290;48170;47130,,,,,
g_g002075,west,3,22,0,0,0,0,20,여,6;6;2;6;6;2;5;5,11,41670;11680;42210,,,,,
g_g002078,west,3,1,0,0,0,0,20,여,3;3;3;3;5;5;7;7,45,11680;30140;45130,,,,,
g_g002088,west,3,1,0,0,0,0,20,여,3;2;1;4;2;2;1;7,41,42210;30140;50130,,,,,
g_g002089,west,3,22,0,0,0,0,20,여,1;1;1;3;7;2;2;7,41,50130;48840;11440,,,,,
g_g002094,west,3,2,0,0,0,0,20,여,3;2;1;4;7;2;1;5,41,42150;46130;26290,,,,,
g_g002096,west,2,13,0,0,0,0,50,여,7;2;2;3;6;2;2;6,41,42210;46730;50130,,,,,
g_g002098,west,3,1,0,0,0,0,60,남,1;1;1;6;2;4;1;6,41,42810;44180;43760,,,,,
g_g002104,west,3,1,0,0,0,0,20,남,4;3;2;2;3;3;6;5,29,11560;26500;50130,,,,,
g_g002109,west,3,1,0,0,0,0,60,여,2;4;4;6;4;4;3;4,29,46710;45770;11680,,,,,
g_g002110,west,3,10,0,0,0,0,30,여,3;2;2;2;2;4;3;3,30,50130;42150;46130,,,,,
g_g002120,west,2,13,0,0,0,0,50,남,7;7;4;4;7;7;7;4,30,42210;42720;42730,,,,,
g_g002122,west,3,24,0,0,0,0,60,남,2;2;6;2;1;6;1;1,29,50130;50110;46790,,,,,
g_g002127,west,3,3,0,0,0,0,20,여,2;2;2;3;3;6;6;5,43,43110;43130;43760,,,,,
g_g002130,west,3,1,0,0,0,0,40,여,4;1;1;2;4;2;2;7,11,41820;26350;44825,,,,,
g_g002134,west,3,8,0,0,0,0,30,여,5;2;2;3;6;4;6;5,47,27110;47150;30140,,,,,
g_g002144,west,3,1,0,0,0,0,20,여,4;2;1;4;4;1;6;3,11,46130;26350;42150,,,,,
g_g002148,west,2,2,0,0,0,0,40,여,5;5;3;3;3;6;2;6,36,50130;42830;26710,,,,,
g_g002151,west,3,10,0,0,0,0,30,남,5;2;2;3;6;4;3;5,11,50110;42150;28140,,,,,
g_g002152,west,3,27,0,0,0,0,20,여,1;5;2;5;5;6;7;6,41,42210;50110;43800,,,,,
g_g002154,west,3,8,0,0,0,0,50,남,2;4;3;4;2;3;2;6,30,44230;44210;30170,,,,,
g_g002156,west,3,2,0,0,0,0,20,여,1;1;4;3;1;6;2;7,29,46130;48220;11680,,,,,
g_g002159,west,3,12,0,0,0,0,40,남,1;1;1;5;3;2;6;3,11,50130;42210;41830,,,,,
g_g002164,west,3,1,0,0,0,0,20,남,3;2;2;2;5;3;2;3,41,50130;11680;26350,,,,,
g_g002169,west,3,1,0,0,0,0,30,남,2;5;6;6;2;6;2;3,27,47130;47110;48890,,,,,
g_g002176,west,3,12,0,0,0,0,20,여,3;3;4;3;3;2;2;6,11,42150;41270;26440,,,,,
g_g002177,west,3,8,0,0,0,0,40,여,2;3;3;4;3;4;4;4,41,42150;48220;41800,,,,,
g_g002178,west,3,1,0,0,0,0,20,여,1;1;1;3;3;2;6;6,29,50130;50110;26500,,,,,
g_g002189,west,3,1,0,0,0,0,20,여,5;2;4;2;4;4;3;5,45,26350;46130;48220,,,,,
g_g002190,west,3,7,0,0,0,0,20,여,3;3;2;4;6;3;7;2,11,50130;50110;26350,,,,,
g_g002195,west,3,22,0,0,0,0,30,여,2;6;4;6;2;2;6;4,29,46710;50130;46790,,,,,
g_g002202,west,3,26,0,0,0,0,20,여,4;1;4;4;4;7;2;7,27,47190;41110;27110,,,,,
g_g002207,west,3,2,0,0,0,0,50,남,1;1;1;2;2;2;2;6,30,30200;11680;50110,,,,,
g_g002212,west,2,2,0,0,0,0,30,남,1;2;1;3;3;4;5;2,29,50130;50110;46710,,,,,
g_g002214,west,3,24,0,0,0,0,40,남,7;2;2;5;6;2;7;6,43,41820;30200;44150,,,,,
g_g002219,west,3,11,0,0,0,0,40,남,2;2;6;2;4;4;3;4,41,42210;50130;42150,,,,,
g_g002220,west,3,21,0,0,0,0,50,남,3;2;2;4;2;3;4;4,41,50130;46130;26350,,,,,
g_g002222,west,3,23,0,0,0,0,40,여,4;5;5;3;3;6;4;5,47,27710;47820;47130,,,,,
g_g002223,west,3,21,0,0,0,0,30,남,6;3;7;2;5;5;2;6,41,42150;45190;11680,,,,,
g_g002224,west,3,21,0,0,0,0,30,남,1;1;1;1;1;1;1;7,11,44270;44150;50110,,,,,
g_g002230,west,3,1,0,0,0,0,20,여,3;1;2;3;1;2;3;5,45,29110;45110;29170,,,,,
g_g002232,west,3,22,0,0,0,0,20,남,7;1;7;1;1;4;7;7,27,26350;11140;47110,,,,,
g_g002233,west,3,22,0,0,0,0,40,남,1;4;4;3;4;3;4;6,44,47920;44825;47110,,,,,
g_g002235,west,3,13,0,0,0,0,30,남,7;4;1;4;7;7;2;2,30,45110;44180;50110,,,,,
g_g002238,west,3,2,0,0,0,0,20,여,2;2;1;3;6;4;3;3,41,50130;26170;42150,,,,,
g_g002241,west,3,1,0,0,0,0,30,여,1;1;1;1;1;2;7;6,44,42770;50130;48840,,,,,
g_g002242,west,2,21,0,0,0,0,50,여,1;7;1;4;2;2;7;5,11,46810;45140;46710,,,,,
g_g002244,west,2,1,0,0,0,0,50,남,2;7;2;1;4;2;6;3,11,43110;42820;26350,,,,,
g_g002245,west,3,10,0,0,0,0,30,여,4;4;2;1;4;4;2;1,28,46710;41820;26710,,,,,
g_g002247,west,3,22,0,0,0,0,40,여,4;2;5;5;5;6;6;5,43,42150;46150;26350,,,,,
g_g002255,west,3,1,0,0,0,0,40,남,1;1;1;5;2;7;1;2,45,11110;46800;47930,,,,,
g_g002256,west,3,1,0,0,0,0,30,여,4;2;6;2;2;6;7;7,42,11140;44130;29110,,,,,
g_g002258,west,2,21,0,0,0,0,40,남,4;1;7;1;1;4;1;4,30,44180;46130;45730,,,,,
g_g002262,west,2,2,0,0,0,0,30,남,5;3;3;1;1;2;6;5,46,50130;26350;11680,,,,,
g_g002264,west,3,1,0,0,0,0,30,여,3;4;3;2;2;4;6;2,26,26500;47130;45110,,,,,
g_g002271,west,3,2,0,0,0,0,30,남,2;2;1;3;2;4;2;6,41,50130;42830;45110,,,,,
g_g002273,west,3,1,0,0,0,0,50,여,4;1;2;4;4;6;3;2,45,50110;46110;11710,,,,,
g_g002275,west,2,2,0,0,0,0,20,남,4;2;6;1;2;3;2;6,44,41280;41820;47130,,,,,
g_g002412,west,3,1,0,0,0,0,30,여,1;2;4;2;2;5;3;5,29,46710;28260;50130,,,,,
g_g002416,west,2,22,0,0,0,0,30,남,2;3;2;3;2;2;6;7,41,43800;42210;47130,,,,,
g_g002417,west,3,13,0,0,0,0,20,여,4;1;3;2;3;5;7;7,27,26350;11170;50130,,,,,
g_g002421,west,3,2,0,0,0,0,30,남,4;2;3;5;3;3;3;5,48,50110;42150;26350,,,,,
g_g002429,west,3,12,0,0,0,0,50,여,1;1;3;2;2;3;2;6,43,50130;44180;45800,,,,,
g_g002431,west,2,21,0,0,0,0,50,여,5;4;6;3;4;6;6;1,41,42210;50130;26350,,,,,
g_g002436,west,3,12,0,0,0,0,20,여,3;2;2;3;3;2;5;5,41,50130;45110;26350,,,,,
g_g002438,west,3,1,0,0,0,0,50,여,1;3;1;4;4;6;4;6,41,46890;44270;48170,,,,,
g_g002440,west,3,10,0,0,0,0,20,남,6;2;2;2;1;4;2;6,30,11680;27230;50110,,,,,
g_g002441,west,3,11,0,0,0,0,40,남,1;1;5;1;1;7;1;7,41,42210;45800;44825,,,,,
g_g002445,west,2,22,0,0,0,0,30,여,2;1;2;2;3;4;7;6,46,50130;50110;46130,,,,,
g_g002446,west,3,2,0,0,0,0,20,남,2;1;1;7;6;3;2;6,11,50130;42150;26350,,,,,
g_g002460,west,3,2,0,0,0,0,50,여,2;6;4;4;4;2;4;7,27,47110;31140;45110,,,,,
g_g002465,west,3,2,0,0,0,0,50,여,2;4;2;4;5;5;3;5,11,47150;50130;42210,,,,,
g_g002466,west,3,11,0,0,0,0,40,여,4;2;2;4;6;3;6;6,30,44150;43730;43110,,,,,
g_g002472,west,3,1,0,0,0,0,60,여,2;2;2;1;1;5;4;4,30,46150;50130;42150,,,,,
g_g002473,west,3,2,0,0,0,0,30,남,6;1;1;1;6;3;7;5,41,42150;47130;28720,,,,,
g_g002475,west,2,27,0,0,0,0,50,여,1;7;1;1;1;7;1;7,45,50130;46130;42150,,,,,
g_g002478,west,3,1,0,0,0,0,20,남,7;2;2;4;5;4;2;6,29,50110;11680;29200,,,,,
g_g002483,west,3,8,0,0,0,0,20,남,2;6;1;2;6;2;2;6,27,47130;11680;46770,,,,,
g_g002492,west,3,1,0,0,0,0,40,남,3;5;5;4;2;3;5;3,43,41110;41130;30230,,,,,
g_g002496,west,3,11,0,0,0,0,60,여,3;3;2;3;5;3;3;5,36,44800;30170;43130,,,,,
g_g002497,west,2,22,0,0,0,0,40,남,5;3;2;3;5;2;2;3,11,42150;42210;30140,,,,,
g_g002500,west,3,5,0,0,0,0,40,여,2;5;6;3;2;6;1;4,45,50130;44180;46130,,,,,
g_g002512,west,3,1,0,0,0,0,50,여,1;1;4;1;1;4;3;5,43,43110;11410;42130,,,,,
g_g002513,west,2,1,0,0,0,0,20,여,3;5;2;2;2;5;6;6,41,50110;26350;42150,,,,,
g_g002516,west,3,2,0,0,0,0,50,남,1;1;1;2;1;1;6;1,26,50110;50130;45190,,,,,
g_g002519,west,3,1,0,0,0,0,50,남,5;4;5;3;6;5;5;6,29,45110;48120;50130,,,,,
g_g002521,west,3,2,0,0,0,0,30,여,1;1;1;1;1;3;2;3,11,42830;50130;28710,,,,,
g_g002533,west,3,21,0,0,0,0,30,여,4;4;4;7;7;1;7;5,44,11110;45180;44825,,,,,
g_g002538,west,3,21,0,0,0,0,30,남,5;5;5;2;3;5;6;3,11,50110;42150;26710,,,,,
g_g002542,west,3,1,0,0,0,0,30,남,2;6;2;5;2;2;6;6,11,46710;29200;26350,,,,,
g_g002543,west,2,6,0,0,0,0,30,남,2;2;6;2;2;5;5;3,46,50130;46130;26350,,,,,
g_g002545,west,3,22,0,0,0,0,20,남,1;1;1;7;7;1;1;7,41,42210;46150;46900,,,,,
g_g002546,west,3,11,0,0,0,0,30,남,6;6;6;3;3;2;5;7,36,50110;44150;30230,,,,,
g_g002552,west,3,2,0,0,0,0,20,여,6;1;1;1;6;2;7;7,28,42150;26350;46130,,,,,
g_g002554,west,2,12,0,0,0,0,30,여,4;2;2;4;4;4;2;6,29,26500;50110;46130,,,,,
g_g002560,west,3,21,0,0,0,0,20,남,6;3;2;7;7;6;2;7,45,42150;46710;45110,,,,,
g_g002564,west,3,3,0,0,0,0,20,남,2;1;1;7;6;2;2;4,11,50130;26350;11680,,,,,
g_g002565,west,3,2,0,0,0,0,30,남,2;3;2;2;5;5;3;6,41,28200;44210;42760,,,,,
g_g002570,west,3,1,0,0,0,0,30,여,3;3;3;2;4;5;3;3,30,50130;11680;42830,,,,,
g_g002583,west,3,21,0,0,0,0,20,여,3;1;1;3;6;1;1;7,41,47130;26350;42170,,,,,
g_g002585,west,2,2,0,0,0,0,40,남,2;2;2;1;7;7;1;3,45,44760;11170;29170,,,,,
g_g002588,west,3,2,0,0,0,0,40,남,1;1;1;4;6;4;2;2,45,47930;42230;44825,,,,,
g_g002593,west,3,1,0,0,0,0,50,남,2;2;2;4;6;5;4;7,41,42110;41820;43730,,,,,
g_g002601,west,3,1,0,0,0,0,20,남,4;4;4;4;2;2;3;4,11,42760;29140;46820,,,,,
g_g002603,west,3,12,0,0,0,0,30,여,3;1;1;5;7;7;4;7,41,27140;30200;30230,,,,,
g_g002606,west,2,1,0,0,0,0,50,남,1;4;4;4;3;5;5;3,29,46870;46900;46130,,,,,
g_g002607,west,2,21,0,0,0,0,30,남,2;2;2;4;5;3;2;3,36,45190;48240;42210,,,,,
g_g002612,west,3,1,0,0,0,0,30,남,1;1;3;4;2;2;1;5,43,50130;42150;48240,,,,,
g_g002616,west,2,24,0,0,0,0,60,남,1;2;2;3;6;6;6;2,41,42210;43800;44180,,,,,
g_g002620,west,3,1,0,0,0,0,30,남,4;4;4;1;4;2;1;6,44,26530;42210;42150,,,,,
g_g002622,west,3,1,0,0,0,0,30,여,6;2;2;1;6;6;6;2,44,50130;26170;46110,,,,,
g_g002624,west,3,1,0,0,0,0,40,남,2;2;5;4;3;6;6;2,41,42150;44180;42760,,,,,
g_g002626,west,3,2,0,0,0,0,30,여,6;5;4;2;5;2;5;4,28,11680;26350;42150,,,,,
g_g002627,west,3,2,0,0,0,0,30,남,4;1;1;1;6;3;1;6,41,41820;42720;50130,,,,,
g_g002631,west,2,1,0,0,0,0,30,여,5;2;1;4;5;3;3;2,45,26710;42150;29140,,,,,
g_g002632,west,3,2,0,0,0,0,20,여,2;2;2;5;6;2;2;4,11,11305;11680;41450,,,,,
g_g002633,west,2,21,0,0,0,0,30,남,2;2;4;4;2;4;2;7,36,44150;43110;50130,,,,,
g_g002634,west,2,12,0,0,0,0,30,남,1;1;1;4;3;5;6;7,29,50130;42150;46710,,,,,
g_g002636,west,2,12,0,0,0,0,30,여,4;5;4;2;2;5;6;3,47,47130;26350;27110,,,,,
g_g002637,west,3,4,0,0,0,0,40,여,4;2;4;1;4;2;4;3,44,42150;41820;30230,,,,,
g_g002638,west,3,21,0,0,0,0,20,여,3;1;2;4;4;4;1;7,36,50110;46130;42830,,,,,
g_g002647,west,3,1,0,0,0,0,40,여,4;5;3;4;4;5;2;5,29,46720;45110;11710,,,,,
g_g002648,west,3,10,0,0,0,0,40,여,5;1;3;5;5;5;6;5,29,46710;45790;46150,,,,,
g_g002657,west,3,2,0,0,0,0,30,여,3;3;5;6;3;3;5;2,11,27260;30230;43800,,,,,
g_g002658,west,3,22,0,0,0,0,30,여,1;1;2;3;1;4;6;4,11,42170;26350;43150,,,,,
g_g002668,west,3,3,0,0,0,0,30,여,1;1;2;2;2;3;2;3,27,50130;47110;42150,,,,,
g_g002671,west,3,2,0,0,0,0,20,여,4;1;1;3;5;6;7;6,46,46130;50110;50130,,,,,
g_g002679,west,2,2,0,0,0,0,30,여,3;4;2;4;5;3;3;3,43,50110;26350;48310,,,,,
g_g002680,west,3,2,0,0,0,0,20,여,1;1;3;4;3;4;1;6,41,42830;50110;46130,,,,,
g_g002683,west,3,27,0,0,0,0,40,남,2;2;2;2;2;2;2;6,36,50110;45800;26350,,,,,
g_g002688,west,3,2,0,0,0,0,30,남,4;2;1;6;2;4;6;2,41,50110;46130;48220,,,,,
g_g002690,west,2,1,0,0,0,0,20,여,2;4;3;1;3;3;6;4,30,42150;50110;26350,,,,,
g_g002691,west,3,10,0,0,0,0,50,남,1;1;6;2;1;2;6;2,41,50130;42830;43800,,,,,
g_g002693,west,3,13,0,0,0,0,20,여,1;1;4;5;2;5;7;7,11,50110;42150;42210,,,,,
g_g002698,west,3,22,0,0,0,0,20,여,5;2;2;2;6;5;6;6,41,11440;42150;50110,,,,,
g_g002701,west,3,22,0,0,0,0,20,여,3;1;1;4;3;4;3;6,41,50110;26350;43150,,,,,
g_g002702,west,3,2,0,0,0,0,40,남,1;1;1;4;7;7;1;5,46,46130;46150;46170,,,,,
g_g002703,west,3,11,0,0,0,0,50,여,2;2;2;2;2;6;2;4,29,50110;46790;43730,,,,,
g_g002704,west,3,13,0,0,0,0,30,남,6;2;4;2;2;6;6;2,29,46870;11260;41190,,,,,
g_g002705,west,3,22,0,0,0,0,20,여,2;3;1;2;2;4;7;6,29,50130;26350;11680,,,,,
g_g002711,west,3,1,0,0,0,0,30,여,1;1;4;3;1;3;2;5,41,44825;42820;26350,,,,,
g_g002718,west,3,1,0,0,0,0,30,남,3;2;2;5;3;4;6;4,41,42150;28245;11680,,,,,
g_g002719,west,3,1,0,0,0,0,30,남,2;1;3;4;3;3;5;5,44,50110;44270;44180,,,,,
g_g002727,west,3,12,0,0,0,0,50,여,1;3;3;4;2;6;4;7,30,48220;43800;31170,,,,,
g_g002729,west,2,13,0,0,0,0,30,여,5;5;2;1;5;2;2;5,11,26500;42150;41360,,,,,
g_g002731,west,3,22,0,0,0,0,20,여,4;1;1;1;1;1;1;7,11,45140;50110;50130,,,,,
g_g002732,west,3,1,0,0,0,0,20,여,2;2;2;4;4;5;6;5,45,11200;26350;50110,,,,,
g_g002735,west,3,1,0,0,0,0,30,남,2;1;2;6;4;2;1;5,11,42210;26350;44200,,,,,
g_g002738,west,3,12,0,0,0,0,50,남,1;6;2;4;3;2;5;3,44,50130;42210;46730,,,,,
g_g002744,west,3,12,0,0,0,0,40,남,2;2;1;2;4;1;4;4,11,42150;42210;45110,,,,,
g_g002745,west,2,21,0,0,0,0,50,남,2;2;2;2;2;6;3;7,11,26350;42830;42190,,,,,
g_g002750,west,3,6,0,0,0,0,20,여,6;1;2;6;6;6;6;7,30,50110;11230;26230,,,,,
g_g002752,west,3,8,0,0,0,0,20,남,1;1;3;3;1;3;1;7,41,42150;42170;50110,,,,,
g_g002753,west,3,10,0,0,0,0,20,여,6;1;1;2;2;6;7;3,43,26500;42150;50110,,,,,
g_g002759,west,3,2,0,0,0,0,40,여,2;2;3;1;3;5;2;3,11,42770;46130;28710,,,,,
g_g002760,west,3,11,0,0,0,0,50,여,7;1;4;1;4;4;7;4,11,42210;50110;41820,,,,,
g_g002762,west,3,11,0,0,0,0,40,여,4;4;4;4;4;4;4;4,46,46720;42150;29155,,,,,
g_g002764,west,3,1,0,0,0,0,50,남,3;4;2;2;5;3;6;2,29,50130;45730;46900,,,,,
g_g002765,west,2,9,0,0,0,0,20,남,5;4;5;6;4;5;4;5,44,44200;46150;11350,,,,,
g_g002766,west,3,22,0,0,0,0,30,여,1;1;6;4;3;6;7;3,11,42150;46130;45800,,,,,
g_g002767,west,3,11,0,0,0,0,40,여,4;2;2;3;5;3;6;2,41,26710;28710;42720,,,,,
g_g002770,west,3,11,0,0,0,0,20,여,4;4;4;4;4;4;4;4,44,50110;26350;11710,,,,,
g_g002776,west,3,8,0,0,0,0,30,여,7;1;1;1;7;7;1;7,30,50130;26350;45110,,,,,
g_g002784,west,3,2,0,0,0,0,30,남,2;2;6;6;2;6;6;4,45,26710;45110;48120,,,,,
g_g002793,west,2,4,0,0,0,0,20,남,2;4;4;3;6;5;2;6,11,50130;11110;45110,,,,,
g_g002795,west,3,3,0,0,0,0,60,남,4;1;4;2;2;5;6;3,11,50110;45710;42830,,,,,
g_g002798,west,3,12,0,0,0,0,20,여,5;3;3;2;2;3;2;6,45,50130;50110;11680,,,,,
g_g002802,west,3,2,0,0,0,0,40,여,4;2;3;2;4;3;2;6,43,50110;47130;45130,,,,,
g_g002804,west,3,1,0,0,0,0,30,여,3;3;2;2;2;6;6;6,31,26410;30230;27110,,,,,
g_g002806,west,3,3,0,0,0,0,20,여,4;2;2;6;6;3;4;3,11,42150;42210;50130,,,,,
g_g002809,west,3,22,0,0,0,0,20,남,2;1;2;5;4;2;6;4,28,50110;50130;42170,,,,,
g_g002811,west,3,22,0,0,0,0,20,남,2;1;1;3;4;5;5;5,26,50110;11110;47130,,,,,
g_g002819,west,3,1,0,0,0,0,20,여,4;4;2;5;2;5;6;6,29,26350;46130;46710,,,,,
g_g002820,west,2,10,0,0,0,0,30,여,1;4;3;6;2;4;2;4,11,11740;42230;27230,,,,,
g_g002825,west,3,23,0,0,0,0,20,여,1;1;1;6;1;7;1;7,47,43800;50130;47130,,,,,
g_g002827,west,3,2,0,0,0,0,20,남,2;2;2;4;2;2;5;6,29,50110;46130;46110,,,,,
g_g002828,west,3,23,0,0,0,0,50,남,5;2;3;1;6;6;2;2,26,50110;47130;46130,,,,,
g_g002829,west,3,23,0,0,0,0,40,남,2;2;2;1;2;3;3;2,41,50110;50130;42150,,,,,
g_g002832,west,2,6,0,0,0,0,20,여,2;1;5;3;3;4;6;3,45,50110;26380;42150,,,,,
g_g002833,west,3,2,0,0,0,0,40,여,4;6;6;2;6;3;5;2,46,46790;29110;29170,,,,,
g_g002837,west,3,1,0,0,0,0,30,여,1;1;1;2;1;1;1;1,11,11680;42210;41830,,,,,
g_g002838,west,3,22,0,0,0,0,20,여,4;2;3;4;2;2;6;4,30,50130;11410;26350,,,,,
g_g002841,west,3,21,0,0,0,0,30,여,1;1;1;3;1;1;4;6,41,42150;41280;11440,,,,,
g_g002842,west,2,10,0,0,0,0,40,남,4;1;1;4;6;1;7;4,11,50130;42830;44760,,,,,
g_g002851,west,3,1,0,0,0,0,30,남,7;4;6;1;1;4;7;4,11,50110;26350;11710,,,,,
g_g002854,west,3,1,0,0,0,0,30,남,1;7;1;1;1;1;1;7,28,42150;42820;42760,,,,,
g_g002856,west,2,3,0,0,0,0,20,여,4;3;2;3;5;3;5;6,30,50130;45110;11170,,,,,
g_g002857,west,1,27,0,0,0,0,30,남,2;4;4;3;7;1;6;5,28,42150;42210;42820,,,,,
g_g002865,west,3,1,0,0,0,0,20,여,4;2;1;1;2;4;6;7,30,45110;11290;26350,,,,,
g_g002867,west,3,12,0,0,0,0,20,여,4;1;1;2;6;2;2;7,44,50110;41820;42150,,,,,
g_g002872,west,3,2,0,0,0,0,30,여,4;4;2;4;5;6;3;3,44,47130;47110;44825,,,,,
g_g002874,west,3,11,0,0,0,0,40,남,4;4;3;3;6;6;6;6,43,42150;50130;26350,,,,,
g_g002875,west,3,6,0,0,0,0,40,여,4;2;4;4;2;4;6;2,43,42150;26350;48240,,,,,
g_g002880,west,3,2,0,0,0,0,30,남,6;1;1;3;5;6;1;7,28,50130;26500;42210,,,,,
g_g002886,west,3,1,0,0,0,0,20,여,1;1;3;3;1;6;6;7,46,26350;11110;46130,,,,,
g_g002887,west,3,1,0,0,0,0,30,여,2;2;3;2;3;5;2;6,28,42150;42210;28710,,,,,
g_g002890,west,3,10,0,0,0,0,50,남,1;4;1;1;7;1;7;7,30,42770;48310;50130,,,,,
g_g002891,west,3,1,0,0,0,0,20,남,3;3;2;3;5;4;3;3,42,50130;42150;11140,,,,,
g_g002896,west,3,1,0,0,0,0,20,남,2;6;6;3;1;6;2;3,27,47110;30140;47230,,,,,
g_g002897,west,3,10,0,0,0,0,20,남,1;1;3;2;2;5;2;6,11,42150;50110;43150,,,,,
g_g002900,west,3,1,0,0,0,0,30,남,2;2;1;4;4;3;5;4,45,42210;26710;45800,,,,,
g_g002903,west,3,2,0,0,0,0,30,여,4;1;1;1;1;7;7;7,28,42210;48310;50130,,,,,
g_g002906,west,2,13,0,0,0,0,20,여,3;1;2;5;7;3;1;7,29,46130;29110;50130,,,,,
g_g002907,west,2,21,0,0,0,0,30,남,6;2;2;1;4;6;1;3,29,46110;26470;50130,,,,,
g_g002908,west,3,12,0,0,0,0,60,여,1;2;1;5;5;2;2;5,41,50130;45800;41570,,,,,
g_g002912,west,3,6,0,0,0,0,20,남,1;1;1;5;3;1;7;3,11,42150;44270;46150,,,,,
g_g002916,west,3,1,0,0,0,0,50,남,1;1;1;4;1;1;1;3,41,50110;26260;42210,,,,,
g_g002918,west,3,6,0,0,0,0,40,여,2;2;2;4;3;2;6;6,28,50130;42820;48840,,,,,
g_g002928,west,3,11,0,0,0,0,20,여,3;4;2;5;4;2;7;6,11,50110;27140;41650,,,,,
g_g002933,west,2,12,0,0,0,0,20,남,4;2;3;5;3;5;5;5,29,11440;42150;47110,,,,,
g_g002943,west,2,11,0,0,0,0,40,남,1;1;1;3;3;3;1;4,11,42820;26710;50130,,,,,
g_g002944,west,2,1,0,0,0,0,20,여,2;1;1;1;6;6;5;6,30,50110;11680;26710,,,,,
g_g002946,west,3,22,0,0,0,0,20,여,2;2;2;1;2;2;6;1,44,44270;26500;48310,,,,,
g_g002949,west,3,10,0,0,0,0,50,남,2;1;4;2;4;3;2;5,30,42210;42760;48840,,,,,
g_g002952,west,3,1,0,0,0,0,20,남,5;1;2;2;6;6;2;7,11,47130;42150;50110,,,,,
g_g002953,west,3,2,0,0,0,0,50,남,2;3;3;3;3;3;2;6,44,28710;29170;28260,,,,,
g_g002955,west,3,1,0,0,0,0,20,여,2;4;3;6;6;3;3;4,41,50110;50130;42150,,,,,
g_g002963,west,3,6,0,0,0,0,20,여,2;3;1;2;6;6;2;6,41,50130;50110;42150,,,,,
g_g002967,west,2,1,0,0,0,0,50,남,3;4;2;5;4;4;5;5,41,47130;42210;41830,,,,,
g_g002974,west,3,22,0,0,0,0,40,남,1;4;2;5;4;2;6;2,41,42760;44825;41500,,,,,
g_g002975,west,2,5,0,0,0,0,30,남,3;3;1;4;4;3;1;7,41,50130;48840;11110,,,,,
g_g002983,west,3,22,0,0,0,0,50,남,2;4;1;4;2;5;1;7,41,42210;50130;46130,,,,,
g_g002985,west,3,3,0,0,0,0,20,여,2;6;6;4;6;3;6;6,29,45110;11680;26350,,,,,
g_g002986,west,2,12,0,0,0,0,30,남,4;2;6;2;2;4;6;7,46,50130;26350;29110,,,,,
g_g002987,west,2,21,0,0,0,0,20,여,4;2;3;1;3;5;2;3,46,26350;46130;11170,,,,,
g_g002988,west,3,1,0,0,0,0,20,남,1;1;1;2;1;1;2;5,45,45710;42830;50130,,,,,
g_g002989,west,3,6,0,0,0,0,20,여,7;1;7;1;1;1;1;7,27,45110;31200;48880,,,,,
g_g002991,west,3,1,0,0,0,0,20,여,1;1;1;6;1;1;1;7,44,26530;50130;44270,,,,,
g_g002993,west,3,5,0,0,0,0,20,여,7;1;2;1;1;5;7;1,45,27140;45110;11710,,,,,
g_g002995,west,3,1,0,0,0,0,20,여,1;1;2;5;1;2;1;7,41,41190;41830;42150,,,,,
g_g002999,west,3,1,0,0,0,0,20,여,3;4;1;5;6;2;2;6,44,11440;26350;41190,,,,,
g_g003001,west,3,24,0,0,0,0,40,남,1;2;2;1;1;6;6;3,41,42150;41480;44270,,,,,
g_g003004,west,3,21,0,0,0,0,20,여,3;2;1;1;1;1;3;7,45,50130;46130;26350,,,,,
g_g003019,west,2,8,0,0,0,0,50,남,4;4;4;3;5;4;3;4,30,46820;26290;44710,,,,,
g_g003026,west,3,6,0,0,0,0,50,남,3;2;3;4;3;2;3;2,36,11110;50130;47750,,,,,
g_g003028,west,3,1,0,0,0,0,30,남,3;4;4;1;3;4;4;5,41,50130;50110;42150,,,,,
g_g003029,west,2,2,0,0,0,0,60,여,1;3;4;2;1;4;3;6,46,46730;50130;42830,,,,,
g_g003034,west,2,1,0,0,0,0,30,남,1;7;1;1;5;2;1;7,11,41360;42150;11350,,,,,
g_g003035,west,3,1,0,0,0,0,20,여,4;1;1;1;1;1;1;7,48,47130;42830;26350,,,,,
g_g003039,west,2,11,0,0,0,0,50,남,1;4;2;6;2;3;2;7,30,50110;44150;45110,,,,,
g_g003042,west,3,22,0,0,0,0,20,여,3;1;3;3;4;4;1;5,45,50110;26350;11140,,,,,
g_g003043,west,3,2,0,0,0,0,30,남,2;2;1;4;6;3;1;7,41,50110;28245;43800,,,,,
g_g003047,west,3,10,0,0,0,0,20,여,4;1;2;1;4;5;1;7,11,50130;43800;42830,,,,,
g_g003050,west,3,1,0,0,0,0,20,여,4;2;2;3;3;4;6;3,30,50110;50130;26500,,,,,
g_g003051,west,3,2,0,0,0,0,40,남,4;2;4;2;4;6;2;4,11,41650;41360;41450,,,,,
g_g003053,west,3,1,0,0,0,0,50,여,4;3;1;1;1;6;2;4,30,50130;42150;45110,,,,,
g_g003058,west,3,6,0,0,0,0,20,남,7;1;5;4;1;6;4;1,46,11680;46820;11710,,,,,
g_g003059,west,3,10,0,0,0,0,50,남,1;1;7;4;3;1;1;1,41,42830;50130;43150,,,,,
g_g003061,west,3,2,0,0,0,0,20,여,2;2;2;3;3;5;1;6,43,50130;42150;27290,,,,,
g_g003062,west,3,1,0,0,0,0,20,여,2;2;2;1;1;6;1;3,41,50110;42150;30200,,,,,
g_g003064,west,3,1,0,0,0,0,20,남,7;7;7;1;1;7;7;7,41,42150;48250;48860,,,,,
g_g003065,west,3,3,0,0,0,0,20,여,2;4;3;6;3;3;6;6,11,26350;29110;46130,,,,,
g_g003067,west,3,1,0,0,0,0,40,남,1;2;4;5;4;3;2;6,27,47210;47110;50130,,,,,
g_g003068,west,3,1,0,0,0,0,30,여,6;6;2;2;6;2;6;2,11,41280;30140;26350,,,,,
g_g003071,west,3,1,0,0,0,0,40,여,1;5;2;5;4;5;3;5,11,50110;42150;28260,,,,,
g_g003077,west,3,1,0,0,0,0,30,남,4;4;3;4;4;5;3;6,11,42170;41570;11440,,,,,
g_g003079,west,3,10,0,0,0,0,20,여,4;1;2;4;4;6;5;4,43,50110;50130;42170,,,,,
g_g003086,west,3,1,0,0,0,0,20,여,1;1;1;1;1;1;1;7,30,50110;48840;11215,,,,,
g_g003090,west,2,21,0,0,0,0,50,남,2;2;2;5;2;2;3;4,43,50130;46130;44825,,,,,
g_g003092,west,3,1,0,0,0,0,30,남,2;2;2;4;4;2;3;5,30,48860;48840;42210,,,,,
g_g003096,west,2,2,0,0,0,0,20,남,4;4;3;2;4;3;5;6,29,11710;50110;26350,,,,,
g_g003097,west,3,1,0,0,0,0,30,여,2;1;6;3;2;6;5;7,11,42150;42210;50110,,,,,
g_g003098,west,3,1,0,0,0,0,20,남,2;4;2;6;3;7;7;6,48,50130;26350;11740,,,,,
g_g003101,west,2,1,0,0,0,0,20,남,4;5;2;2;2;2;3;5,44,45110;11110;43110,,,,,
g_g003104,west,3,2,0,0,0,0,50,남,1;1;4;1;7;1;1;1,45,41280;41670;44760,,,,,
g_g003108,west,3,21,0,0,0,0,30,여,1;4;1;4;6;6;1;6,11,42150;43730;41610,,,,,
g_g003115,west,2,1,0,0,0,0,20,여,7;7;5;2;6;4;1;5,36,11440;11110;30200,,,,,
g_g003118,west,3,2,0,0,0,0,30,여,3;2;1;2;6;4;5;6,41,41630;41830;45130,,,,,
g_g003119,west,3,2,0,0,0,0,20,여,3;1;5;2;1;2;1;6,26,26230;42210;48310,,,,,
g_g003120,west,3,1,0,0,0,0,30,여,7;1;4;7;4;7;7;7,47,26500;27110;50110,,,,,
g_g003121,west,3,12,0,0,0,0,30,남,1;1;2;1;6;5;2;6,11,27110;11110;41820,,,,,
g_g003130,west,3,27,0,0,0,0,40,여,1;1;1;3;1;1;1;7,41,42210;42830;41820,,,,,
g_g003135,west,3,8,0,0,0,0,50,여,3;4;2;4;2;3;4;4,44,47930;44150;45110,,,,,
g_g003137,west,2,1,0,0,0,0,20,여,4;6;2;3;4;6;2;6,41,30140;26350;50110,,,,,
g_g003140,west,3,3,0,0,0,0,20,여,3;3;2;3;6;2;5;5,11,50130;50110;26350,,,,,
g_g003143,west,3,12,0,0,0,0,40,여,3;2;3;2;3;4;2;5,11,50110;26500;42150,,,,,
g_g003144,west,3,3,0,0,0,0,20,남,2;5;2;3;4;3;2;5,41,11680;50110;41110,,,,,
g_g003145,west,3,21,0,0,0,0,30,남,2;2;2;3;3;2;4;3,11,42130;41820;41360,,,,,
g_g003150,west,2,1,0,0,0,0,30,남,6;3;6;1;4;4;4;4,41,26200;42210;50130,,,,,
g_g003151,west,3,1,0,0,0,0,20,여,5;6;2;4;2;2;3;3,29,11680;50110;26530,,,,,
g_g003153,west,2,12,0,0,0,0,20,여,5;2;2;2;3;2;5;6,11,42830;29110;26230,,,,,
g_g003154,west,2,10,0,0,0,0,50,남,1;7;4;4;1;4;6;2,41,41220;30200;47150,,,,,
g_g003159,west,2,22,0,0,0,0,30,여,2;4;3;5;6;4;6;6,30,50110;26230;42210,,,,,
g_g003162,west,3,2,0,0,0,0,30,남,1;1;1;1;1;1;7;1,43,50110;43740;30110,,,,,
g_g003165,west,3,22,0,0,0,0,20,여,6;2;1;3;6;4;3;5,11,47130;26350;29110,,,,,
g_g003168,west,3,11,0,0,0,0,40,여,5;4;4;5;3;4;5;5,27,47110;47130;26350,,,,,
g_g003169,west,2,24,0,0,0,0,40,여,1;4;6;4;2;2;3;6,29,46710;46170;50110,,,,,
g_g003173,west,3,12,0,0,0,0,30,여,1;4;1;3;1;4;6;4,27,26350;11680;47110,,,,,
g_g003174,west,2,6,0,0,0,0,40,여,3;2;2;4;6;2;5;6,41,42150;28710;50110,,,,,
g_g003177,west,3,2,0,0,0,0,50,남,1;1;2;4;2;6;1;6,29,48310;50130;46130,,,,,
g_g003179,west,3,3,0,0,0,0,20,여,1;1;1;1;1;1;6;7,41,50110;42150;26500,,,,,
g_g003182,west,3,22,0,0,0,0,30,남,4;3;6;6;4;3;1;1,11,42110;28110;41360,,,,,
g_g003189,west,3,2,0,0,0,0,30,남,3;2;1;4;3;3;5;4,48,26350;47830;46130,,,,,
g_g003192,west,2,21,0,0,0,0,50,남,2;4;6;6;6;1;2;4,30,45800;43730;44770,,,,,
g_g003193,west,3,3,0,0,0,0,30,여,3;3;6;3;3;3;6;5,11,42150;47130;42210,,,,,
g_g003194,west,2,1,0,0,0,0,20,여,2;1;4;3;3;4;4;4,29,50110;50130;45190,,,,,
g_g003195,west,2,7,0,0,0,0,50,남,5;5;4;6;5;6;7;1,44,50110;42820;48220,,,,,
g_g003196,west,3,9,0,0,0,0,30,남,2;1;1;1;1;3;7;1,11,42210;50130;26350,,,,,
g_g003199,west,2,21,0,0,0,0,20,남,2;2;2;2;1;3;1;4,46,29110;46110;26350,,,,,
g_g003200,west,2,27,0,0,0,0,20,여,2;6;6;2;2;5;2;6,45,45130;45800;45710,,,,,
g_g003202,west,3,5,0,0,0,0,30,남,4;1;1;1;4;4;1;7,11,41820;50130;26350,,,,,
g_g003208,west,3,1,0,0,0,0,30,여,2;5;1;3;3;4;5;7,27,47130;26350;48840,,,,,
g_g003210,west,3,1,0,0,0,0,20,여,2;1;1;4;6;5;2;3,46,50130;47130;46170,,,,,
g_g003212,west,2,2,0,0,0,0,40,남,4;4;2;2;2;6;4;6,43,30200;11740;43110,,,,,
g_g003217,west,3,1,0,0,0,0,20,여,6;6;2;2;2;2;6;6,11,11110;11290;41110,,,,,
g_g003221,west,3,1,0,0,0,0,20,여,3;3;3;4;3;3;3;3,28,42210;26230;50110,,,,,
g_g003224,west,3,21,0,0,0,0,30,여,4;1;2;2;3;2;4;6,29,11680;47130;42150,,,,,
g_g003227,west,3,21,0,0,0,0,40,남,4;2;2;4;6;4;3;6,28,50130;42150;26350,,,,,
g_g003235,west,2,1,0,0,0,0,30,여,2;2;2;2;1;7;1;2,43,44130;50110;42150,,,,,
g_g003238,west,3,12,0,0,0,0,40,남,4;4;4;4;2;4;5;6,41,42150;26290;45110,,,,,
g_g003243,west,2,3,0,0,0,0,30,남,2;2;2;4;2;6;6;6,45,46130;45800;50110,,,,,
g_g003246,west,2,1,0,0,0,0,30,여,3;6;3;3;5;5;3;3,36,47110;50130;26350,,,,,
g_g003251,west,3,5,0,0,0,0,30,남,6;4;2;2;4;4;5;5,11,50130;42150;44230,,,,,
g_g003252,west,3,22,0,0,0,0,40,남,1;1;1;7;1;1;1;5,45,50130;47170;26350,,,,,
g_g003255,west,2,2,0,0,0,0,20,남,4;2;2;2;2;6;6;6,29,11110;26530;47130,,,,,
g_g003266,west,2,22,0,0,0,0,20,여,1;1;1;3;3;4;2;6,29,50130;26350;42150,,,,,
g_g003267,west,3,2,0,0,0,0,30,여,1;1;1;6;6;6;3;6,11,50110;42830;41360,,,,,
g_g003273,west,3,2,0,0,0,0,30,여,6;1;7;1;1;7;2;6,46,46130;26710;30230,,,,,
g_g003278,west,3,1,0,0,0,0,20,남,5;2;2;5;2;6;6;6,30,26350;50110;11110,,,,,
g_g003281,west,3,21,0,0,0,0,20,남,3;2;1;1;1;2;3;1,11,50130;47110;42110,,,,,
g_g003284,west,3,22,0,0,0,0,20,남,2;2;1;6;3;3;3;5,11,50130;47130;42150,,,,,
g_g003290,west,2,2,0,0,0,0,40,남,2;2;6;1;1;7;1;2,43,42150;46130;44210,,,,,
g_g003296,west,2,23,0,0,0,0,30,여,4;4;4;3;3;4;1;6,11,50130;26350;47130,,,,,
g_g003301,west,2,2,0,0,0,0,20,여,1;1;1;3;1;2;7;7,11,50110;42230;28710,,,,,
g_g003307,west,3,21,0,0,0,0,20,여,3;2;6;2;5;5;2;6,11,26140;11680;41460,,,,,
g_g003308,west,3,2,0,0,0,0,50,여,2;2;1;2;2;2;2;2,41,50130;50110;42150,,,,,
g_g003314,west,3,2,0,0,0,0,30,남,3;3;3;3;3;4;3;3,30,42150;50130;45110,,,,,
g_g003320,west,2,3,0,0,0,0,50,여,3;2;1;4;5;2;1;5,11,46910;47130;42210,,,,,
g_g003323,west,3,12,0,0,0,0,40,남,4;4;4;1;4;4;4;1,29,45110;48310;46130,,,,,
g_g003326,west,3,1,0,0,0,0,20,여,2;4;2;6;3;1;2;7,41,43110;11680;50130,,,,,
g_g003329,west,3,22,0,0,0,0,30,여,5;2;2;5;2;6;2;5,11,43110;50130;42210,,,,,
g_g003334,west,2,1,0,0,0,0,40,여,4;4;1;3;6;3;2;6,30,45110;26350;11110,,,,,
g_g003335,west,3,1,0,0,0,0,20,남,5;1;2;3;4;5;3;4,11,26140;50130;41820,,,,,
g_g003337,west,3,1,0,0,0,0,50,여,2;2;2;4;2;2;2;6,28,50110;42150;43150,,,,,
g_g003340,west,3,6,0,0,0,0,50,여,3;5;5;3;5;3;2;6,30,47110;26350;44770,,,,,
g_g003352,west,2,10,0,0,0,0,20,여,6;6;2;6;6;6;6;6,11,26350;31110;50110,,,,,
g_g003353,west,3,10,0,0,0,0,30,여,1;1;1;4;2;1;7;7,11,50110;26350;47130,,,,,
g_g003355,west,2,10,0,0,0,0,50,남,1;1;1;4;1;1;1;7,30,48850;48860;44180,,,,,
g_g003359,west,3,22,0,0,0,0,30,여,3;6;3;2;3;3;4;6,44,11680;26350;30110,,,,,
g_g003368,west,2,11,0,0,0,0,40,여,5;4;5;4;6;6;2;6,30,26290;44180;42760,,,,,
g_g003369,west,3,1,0,0,0,0,20,여,5;2;2;5;6;4;2;5,11,50130;26350;42150,,,,,
g_g003370,west,3,1,0,0,0,0,20,남,3;2;2;4;2;2;1;6,44,44825;41820;42150,,,,,
g_g003372,west,3,1,0,0,0,0,20,남,5;3;3;5;6;6;5;4,11,45130;50110;26500,,,,,
g_g003376,west,2,3,0,0,0,0,60,남,2;4;2;2;3;3;1;2,11,46770;48310;47130,,,,,
g_g003380,west,2,21,0,0,0,0,40,남,1;6;1;4;6;6;2;6,36,44150;47290;50130,,,,,
g_g003382,west,3,23,0,0,0,0,40,남,3;2;2;3;3;4;4;4,41,42830;47110;50110,,,,,
g_g003388,west,3,1,0,0,0,0,30,여,5;6;1;5;6;6;6;7,41,42150;46130;26350,,,,,
g_g003391,west,3,23,0,0,0,0,20,남,4;2;5;6;1;6;6;1,11,44760;45110;50110,,,,,
g_g003394,west,3,2,0,0,0,0,20,여,4;2;2;3;2;5;7;6,45,11710;50130;46130,,,,,
g_g003398,west,3,21,0,0,0,0,20,여,2;2;6;3;2;5;7;6,41,42150;42210;26500,,,,,
g_g003399,west,3,11,0,0,0,0,20,남,6;2;6;3;2;6;6;2,46,47130;50110;11680,,,,,
g_g003403,west,3,1,0,0,0,0,40,남,1;3;1;4;6;4;3;7,27,42230;48220;31710,,,,,
g_g003408,west,3,24,0,0,0,0,20,여,7;1;4;5;1;2;7;7,44,50110;42210;29155,,,,,
g_g003418,west,3,6,0,0,0,0,30,여,2;2;4;3;3;3;4;4,29,50130;26500;46150,,,,,
g_g003420,west,2,11,0,0,0,0,20,여,1;1;1;1;1;1;1;7,11,26200;50130;42110,,,,,
g_g003422,west,3,10,0,0,0,0,30,여,3;2;2;2;4;4;2;6,11,42150;42130;50130,,,,,
g_g003429,west,2,12,0,0,0,0,30,남,7;4;7;7;1;7;1;7,48,29200;46110;48170,,,,,
g_g003438,west,2,1,0,0,0,0,30,남,4;4;4;4;3;4;4;5,43,42170;26170;50110,,,,,
g_g003444,west,3,22,0,0,0,0,50,여,2;5;6;2;5;2;2;2,29,45790;46130;48310,,,,,
g_g003453,west,3,12,0,0,0,0,20,여,5;2;2;2;2;4;7;5,11,50130;50110;26350,,,,,
g_g003455,west,2,1,0,0,0,0,40,여,2;6;2;4;6;6;2;6,44,44825;44210;41460,,,,,
g_g003459,west,3,21,0,0,0,0,40,남,4;2;1;3;4;2;6;6,11,42210;50130;26260,,,,,
g_g003463,west,3,1,0,0,0,0,30,남,3;4;4;2;5;3;3;5,46,46150;31710;46230,,,,,
g_g003464,west,3,22,0,0,0,0,20,여,2;4;1;5;6;7;1;7,41,41110;41820;28710,,,,,
g_g003467,west,2,2,0,0,0,0,50,남,2;6;2;2;2;6;3;4,30,43730;44710;50110,,,,,
g_g003468,west,3,23,0,0,0,0,30,남,4;2;1;3;1;6;4;3,30,42210;50110;45130,,,,,
g_g003474,west,3,2,0,0,0,0,20,남,1;1;1;4;7;4;6;6,11,42150;11110;28260,,,,,
g_g003480,west,3,11,0,0,0,0,20,여,5;1;1;1;5;1;7;5,41,50110;46130;43800,,,,,
g_g003485,west,3,22,0,0,0,0,30,여,4;4;2;2;2;5;2;6,11,50110;27290;42150,,,,,
g_g003491,west,3,11,0,0,0,0,20,여,1;1;2;6;6;1;2;7,11,42150;29155;28245,,,,,
g_g003492,west,3,2,0,0,0,0,40,남,2;2;3;2;2;3;5;5,11,42150;50110;41830,,,,,
g_g003495,west,3,28,0,0,0,0,20,남,2;6;1;1;6;2;7;5,28,50110;26350;42150,,,,,
g_g003497,west,3,12,0,0,0,0,30,남,1;1;1;4;2;2;5;4,43,50130;42790;26350,,,,,
g_g003499,west,3,1,0,0,0,0,30,여,6;2;1;6;1;4;7;3,11,42150;26350;45110,,,,,
g_g003511,west,3,23,0,0,0,0,40,여,5;3;3;5;5;5;6;6,26,26500;50110;11680,,,,,
g_g003512,west,3,21,0,0,0,0,20,여,1;2;1;3;6;4;2;7,11,42150;50130;41480,,,,,
g_g003515,west,3,21,0,0,0,0,20,여,3;2;3;3;3;3;4;7,28,11680;41820;46230,,,,,
g_g003516,west,2,22,0,0,0,0,20,남,4;7;4;5;4;5;3;6,30,46130;30140;44150,,,,,
g_g003525,west,3,1,0,0,0,0,30,여,3;5;2;2;3;2;6;6,27,42150;26350;31710,,,,,
g_g003526,west,2,11,0,0,0,0,30,여,3;3;2;3;6;2;2;7,45,11140;30140;50110,,,,,
g_g003535,west,3,1,0,0,0,0,40,남,4;1;1;4;4;3;3;3,41,50130;42150;26350,,,,,
g_g003541,west,3,21,0,0,0,0,30,남,3;3;2;3;4;3;3;5,41,50130;47770;46150,,,,,
g_g003544,west,3,1,0,0,0,0,20,여,4;2;3;5;2;4;3;5,41,30230;11680;42150,,,,,
g_g003554,west,3,2,0,0,0,0,30,여,4;1;1;1;4;4;6;7,28,41820;42150;50110,,,,,
g_g003555,west,3,21,0,0,0,0,40,여,1;1;7;6;1;1;7;1,41,42170;50130;26350,,,,,
g_g003556,west,3,10,0,0,0,0,60,남,2;2;2;2;2;6;2;4,26,11680;50110;48330,,,,,
g_g003559,west,3,12,0,0,0,0,20,남,6;1;3;4;3;5;5;5,41,26350;50130;42150,,,,,
g_g003561,west,3,3,0,0,0,0,30,여,4;3;2;2;4;4;3;6,41,41410;50130;45110,,,,,
g_g003563,west,2,24,0,0,0,0,40,남,4;4;4;4;4;4;5;5,45,50130;42150;46150,,,,,
g_g003565,west,3,1,0,0,0,0,20,여,7;4;3;4;4;4;3;4,30,41460;11440;26380,,,,,
g_g003570,west,3,5,0,0,0,0,20,여,2;1;2;3;5;2;6;6,41,42150;42230;50110,,,,,
g_g003572,west,3,5,0,0,0,0,30,남,2;2;2;1;4;2;3;2,41,50130;26350;42760,,,,,
g_g003573,west,3,22,0,0,0,0,20,남,2;3;5;4;3;4;2;6,43,50130;26350;30200,,,,,
g_g003576,west,3,1,0,0,0,0,20,여,6;2;6;2;2;6;6;2,29,26350;11305;46710,,,,,
g_g003577,west,3,12,0,0,0,0,20,남,3;2;2;5;3;2;2;4,11,42150;28720;26350,,,,,
g_g003583,west,3,9,0,0,0,0,20,남,6;2;2;5;6;2;3;3,41,42150;50130;50110,,,,,
g_g003586,west,2,1,0,0,0,0,50,여,2;4;3;2;3;3;5;4,29,50110;46910;11230,,,,,
g_g003589,west,3,22,0,0,0,0,30,여,1;6;1;4;1;6;1;7,48,26350;50110;42150,,,,,
g_g003599,west,3,21,0,0,0,0,30,남,3;2;1;4;4;5;6;3,29,42720;50110;26350,,,,,
g_g003600,west,3,2,0,0,0,0,30,남,3;4;2;5;6;3;2;7,31,26320;31710;27170,,,,,
g_g003608,west,3,22,0,0,0,0,40,여,7;4;3;3;2;4;2;3,48,42150;46130;26350,,,,,
g_g003610,west,3,2,0,0,0,0,20,여,4;3;2;2;3;4;5;6,11,50110;42150;26350,,,,,
g_g003613,west,3,21,0,0,0,0,30,남,5;5;5;4;5;5;5;5,46,11440;30170;50110,,,,,
g_g003615,west,3,22,0,0,0,0,50,여,4;2;4;5;2;5;6;4,11,26350;42210;46130,,,,,
g_g003623,west,3,21,0,0,0,0,40,남,2;1;1;2;4;4;1;4,28,50130;47130;46130,,,,,
g_g003624,west,3,21,0,0,0,0,50,여,2;2;4;2;2;2;4;4,11,42150;50130;26710,,,,,
g_g003629,west,3,22,0,0,0,0,20,남,2;2;1;2;7;6;6;7,41,45110;50130;26350,,,,,
g_g003636,west,2,1,0,0,0,0,20,남,4;2;6;2;3;6;1;6,41,26500;42210;42150,,,,,
g_g003645,west,3,22,0,0,0,0,20,남,3;3;3;5;5;5;3;3,29,11440;26350;11215,,,,,
g_g003646,west,3,11,0,0,0,0,50,여,7;1;2;1;4;2;2;7,41,42830;43800;50110,,,,,
g_g003648,west,3,2,0,0,0,0,20,남,2;1;4;5;3;4;6;6,11,42210;42150;42830,,,,,
g_g003652,west,3,22,0,0,0,0,30,여,4;2;1;3;5;1;6;6,11,50130;26350;47130,,,,,
g_g003655,west,3,1,0,0,0,0,20,남,2;4;3;4;4;4;3;6,27,26710;50110;47110,,,,,
g_g003658,west,3,26,0,0,0,0,40,여,2;1;1;4;6;2;5;7,29,47130;50130;42210,,,,,
g_g003661,west,3,1,0,0,0,0,20,여,4;2;3;4;4;4;1;7,27,42150;11680;26500,,,,,
g_g003664,west,3,22,0,0,0,0,20,여,4;2;1;6;6;2;2;6,45,11440;50110;26110,,,,,
g_g003665,west,3,10,0,0,0,0,50,여,1;1;3;4;6;3;4;6,11,42820;42210;43150,,,,,
g_g003681,west,2,22,0,0,0,0,30,여,4;2;1;3;4;5;2;7,36,50130;44760;11680,,,,,
g_g003687,west,3,1,0,0,0,0,40,남,6;3;2;6;6;7;6;1,45,11110;30140;26110,,,,,
g_g003688,west,3,1,0,0,0,0,40,여,7;1;7;1;1;7;6;2,41,50130;50110;42150,,,,,
g_g003700,west,3,21,0,0,0,0,20,여,3;3;2;5;6;3;2;6,30,50110;45110;44200,,,,,
g_g003701,west,3,1,0,0,0,0,40,남,1;1;5;3;2;6;5;6,29,46130;45800;46910,,,,,
g_g003712,west,3,2,0,0,0,0,20,남,5;1;1;3;3;5;3;3,30,46150;30140;50110,,,,,
g_g003714,west,2,21,0,0,0,0,30,여,4;2;2;6;7;2;1;4,30,44760;46130;45110,,,,,
g_g003717,west,3,12,0,0,0,0,20,남,1;1;1;4;7;7;1;7,27,50110;47250;47130,,,,,
g_g003718,west,2,13,0,0,0,0,40,남,2;4;2;2;2;2;4;4,47,42150;50110;26350,,,,,
g_g003722,west,2,22,0,0,0,0,20,남,5;3;2;2;3;2;3;6,27,26500;11680;47130,,,,,
g_g003728,west,2,1,0,0,0,0,50,여,2;2;2;4;5;4;4;5,36,50130;44825;47290,,,,,
g_g003729,west,2,3,0,0,0,0,20,여,3;4;1;5;6;6;1;2,44,41210;44270;42210,,,,,
g_g003733,west,3,1,0,0,0,0,40,여,1;4;3;2;2;3;2;5,11,42210;42770;41820,,,,,
g_g003736,west,2,2,0,0,0,0,30,남,2;2;2;1;3;4;5;6,30,30170;45130;50110,,,,,
g_g003738,west,3,2,0,0,0,0,30,여,3;2;1;6;7;3;5;6,45,42780;47130;50130,,,,,
g_g003746,west,2,1,0,0,0,0,20,여,6;6;3;3;6;5;5;2,36,44180;26350;30200,,,,,
g_g003758,west,2,1,0,0,0,0,50,남,1;4;2;5;5;5;6;6,44,30230;44180;43730,,,,,
g_g003770,west,3,2,0,0,0,0,40,여,4;2;1;4;4;4;2;7,48,26350;50130;42210,,,,,
g_g003771,west,3,3,0,0,0,0,20,여,4;1;2;4;5;4;6;7,45,50110;26500;42150,,,,,
g_g003779,west,3,3,0,0,0,0,50,여,3;4;2;2;4;5;6;7,29,11590;48840;46710,,,,,
g_g003805,west,2,1,0,0,0,0,50,여,3;3;3;4;3;3;3;4,44,42130;27230;26500,,,,,
g_g003807,west,2,1,0,0,0,0,40,여,2;3;1;4;2;3;5;7,46,50110;48310;46130,,,,,
g_g003810,west,2,22,0,0,0,0,20,남,4;4;4;4;3;4;6;3,29,50110;50130;11680,,,,,
g_g003821,west,3,10,0,0,0,0,30,여,1;1;2;4;6;2;7;1,41,42210;42150;41150,,,,,
g_g003824,west,3,1,0,0,0,0,20,여,4;3;2;4;4;3;6;4,46,50110;11170;30200,,,,,
g_g003839,west,2,1,0,0,0,0,20,여,2;2;3;5;3;5;3;2,11,50130;50110;42830,,,,,
g_g003845,west,3,22,0,0,0,0,40,남,3;6;4;4;2;4;6;2,45,45800;50110;45790,,,,,
g_g003846,west,3,4,0,0,0,0,30,여,7;1;1;1;7;1;1;4,41,11680;48310;27710,,,,,
g_g003847,west,3,10,0,0,0,0,40,여,1;1;7;4;3;4;3;3,11,44825;42150;46130,,,,,
g_g003852,west,3,24,0,0,0,0,30,남,4;1;6;6;1;6;3;3,11,50110;42830;27260,,,,,
g_g003860,west,2,22,0,0,0,0,30,여,1;2;4;4;2;7;2;5,41,42150;41290;11680,,,,,
g_g003867,west,3,21,0,0,0,0,20,여,3;3;2;3;4;4;6;7,45,26350;50110;30230,,,,,
g_g003869,west,3,24,0,0,0,0,30,여,2;1;2;5;6;5;2;6,11,42150;42110;46730,,,,,
g_g003871,west,3,22,0,0,0,0,30,여,2;1;1;3;2;6;3;5,30,50130;42150;46130,,,,,
g_g003874,west,2,22,0,0,0,0,40,남,7;1;4;1;7;7;1;7,11,11680;26350;50110,,,,,
g_g003875,west,2,2,0,0,0,0,30,여,2;5;6;2;2;2;6;6,43,42150;50110;43130,,,,,
g_g003899,west,2,1,0,0,0,0,20,남,2;1;1;7;2;1;7;7,26,50130;42150;47130,,,,,
g_g003902,west,3,1,0,0,0,0,20,여,6;2;3;2;6;6;5;3,48,11440;26500;50110,,,,,
g_g003906,west,3,21,0,0,0,0,30,여,3;1;1;5;4;3;2;3,44,50130;42150;41820,,,,,
g_g003917,west,2,1,0,0,0,0,20,여,5;4;3;4;4;5;3;6,41,11560;50130;42190,,,,,
g_g003921,west,3,11,0,0,0,0,20,남,2;2;1;6;7;2;7;6,41,41110;41480;42150,,,,,
g_g003929,west,3,11,0,0,0,0,50,남,6;5;3;2;2;6;2;7,29,11710;26350;30140,,,,,
g_g003940,west,2,1,0,0,0,0,20,여,2;1;1;5;1;3;6;6,43,11110;27290;11500,,,,,
g_g003944,west,3,11,0,0,0,0,30,여,2;2;2;4;6;2;2;7,11,43150;42720;41800,,,,,
g_g003950,west,3,1,0,0,0,0,30,여,3;1;1;2;4;1;4;3,41,26710;43110;11230,,,,,
g_g003956,west,3,9,0,0,0,0,40,남,1;1;1;1;7;1;1;7,28,42760;43720;43760,,,,,
g_g003957,west,3,22,0,0,0,0,30,남,6;1;6;3;2;6;2;6,11,30140;26350;43110,,,,,
g_g003959,west,2,22,0,0,0,0,30,여,6;4;3;3;6;5;2;7,41,41110;42720;11110,,,,,
g_g003960,west,3,11,0,0,0,0,50,여,2;2;2;4;2;2;3;4,26,50130;11110;47110,,,,,
g_g003961,west,3,12,0,0,0,0,20,남,4;1;2;5;2;3;2;6,41,50110;42150;26290,,,,,
g_g003962,west,3,12,0,0,0,0,50,여,1;4;4;4;3;4;5;5,29,45190;46730;46720,,,,,
g_g003965,west,3,1,0,0,0,0,40,남,1;2;2;2;3;2;2;2,11,42150;47110;26710,,,,,
g_g003980,west,3,2,0,0,0,0,30,남,4;4;4;1;1;7;4;7,30,27230;44760;26710,,,,,
g_g003984,west,2,1,0,0,0,0,20,여,2;2;1;1;1;1;4;3,41,11200;44150;50130,,,,,
g_g003986,west,3,21,0,0,0,0,20,여,4;2;2;6;4;3;5;6,11,42210;45800;11110,,,,,
g_g003990,west,3,1,0,0,0,0,50,여,3;3;3;3;3;5;5;2,11,50110;41190;41280,,,,,
g_g004004,west,3,21,0,0,0,0,20,여,2;1;1;3;5;3;1;7,48,46130;27170;30110,,,,,
g_g004025,west,3,1,0,0,0,0,50,남,1;4;1;4;4;3;3;6,41,50130;42210;26350,,,,,
g_g004036,west,3,1,0,0,0,0,20,여,1;1;2;5;1;1;6;6,29,50110;11230;46710,,,,,
g_g004047,west,3,2,0,0,0,0,50,남,7;2;1;3;2;2;2;2,46,30110;29170;45110,,,,,
g_g004064,west,2,1,0,0,0,0,20,여,5;2;2;3;5;5;6;2,46,50110;46130;45110,,,,,
g_g004065,west,2,1,0,0,0,0,20,여,6;1;3;4;5;3;2;5,11,26200;41110;26230,,,,,
g_g004066,west,3,3,0,0,0,0,40,여,4;7;4;1;7;4;1;4,45,45750;44770;45210,,,,,
g_g004101,west,3,1,0,0,0,0,50,남,1;1;2;1;2;2;2;3,11,50110;48220;46110,,,,,
g_g004103,west,3,2,0,0,0,0,40,남,5;1;1;1;5;2;7;7,28,42760;43760;44180,,,,,
g_g004104,west,3,22,0,0,0,0,20,남,1;2;2;6;6;2;2;1,29,26350;30200;11590,,,,,
g_g004109,west,3,2,0,0,0,0,40,남,6;4;5;7;3;7;2;3,41,30170;41110;42210,,,,,
g_g004124,west,3,22,0,0,0,0,30,여,3;5;1;6;7;1;7;6,46,50130;29110;45110,,,,,
g_g004138,west,2,2,0,0,0,0,60,여,2;3;2;3;2;2;6;6,11,42150;50130;48310,,,,,
g_g004139,west,3,10,0,0,0,0,40,여,4;1;2;1;1;1;2;7,41,42150;45130;47110,,,,,
g_g004152,west,3,21,0,0,0,0,50,남,3;2;4;3;1;3;5;3,41,42210;41460;45770,,,,,
g_g004154,west,2,2,0,0,0,0,20,여,2;2;2;2;1;6;6;6,30,26350;11560;44180,,,,,
g_g004155,west,3,2,0,0,0,0,30,남,1;1;1;3;2;1;3;3,41,47190;48820;11710,,,,,
g_g004170,west,3,21,0,0,0,0,30,남,2;1;3;4;3;4;2;6,41,50110;47110;27290,,,,,
g_g004174,west,3,2,0,0,0,0,30,남,4;2;4;5;3;4;6;5,45,11140;29170;30170,,,,,
g_g004180,west,3,2,0,0,0,0,20,여,4;2;3;3;3;4;5;3,26,26350;50130;50110,,,,,
g_g004187,west,3,1,0,0,0,0,30,여,4;2;3;2;4;5;4;5,11,42150;47130;50110,,,,,
g_g004189,west,3,22,0,0,0,0,20,남,2;1;2;4;6;5;6;5,41,42150;50110;26350,,,,,
g_g004205,west,3,2,0,0,0,0,20,남,2;1;1;6;6;1;1;7,30,27710;26350;45110,,,,,
g_g004229,west,2,2,0,0,0,0,40,남,3;1;7;1;1;4;1;1,43,42210;42150;43130,,,,,
g_g004231,west,3,10,0,0,0,0,40,남,2;1;2;4;6;2;2;2,44,44825;42170;11680,,,,,
g_g004234,west,2,1,0,0,0,0,30,남,2;1;6;6;2;6;6;3,11,41820;42110;42210,,,,,
g_g004239,west,2,1,0,0,0,0,20,여,2;2;1;2;1;2;2;6,26,50130;48310;27200,,,,,
g_g004255,west,3,21,0,0,0,0,40,남,3;2;3;5;4;5;5;4,11,44180;42210;42820,,,,,
g_g004259,west,2,1,0,0,0,0,40,여,1;1;1;4;4;1;1;6,36,42210;43800;50130,,,,,
g_g004265,west,2,1,0,0,0,0,20,남,6;3;5;6;3;6;6;2,11,41450;42210;42190,,,,,
g_g004276,west,3,1,0,0,0,0,20,남,4;2;2;4;5;2;5;6,46,46130;46110;45110,,,,,
g_g004279,west,3,12,0,0,0,0,20,남,2;2;1;3;6;4;2;7,28,50130;26350;41820,,,,,
g_g004282,west,3,10,0,0,0,0,50,남,1;2;6;6;1;7;3;2,29,45800;46130;44825,,,,,
g_g004288,west,2,1,0,0,0,0,20,여,1;1;1;1;1;1;5;7,46,50110;50130;11680,,,,,
g_g004289,west,2,12,0,0,0,0,20,남,1;1;1;4;4;1;4;7,41,42210;11710;42150,,,,,
g_g004294,west,3,13,0,0,0,0,30,남,2;2;1;2;4;6;1;5,45,50130;42150;26500,,,,,
g_g004297,west,2,1,0,0,0,0,20,남,4;5;5;3;3;4;3;5,11,45110;50110;46730,,,,,
g_g004309,west,3,1,0,0,0,0,30,남,4;3;3;2;3;3;5;7,41,41360;42110;41630,,,,,
g_g004310,west,3,12,0,0,0,0,20,여,3;2;1;2;6;4;2;7,27,50130;27260;11680,,,,,
g_g004317,west,3,1,0,0,0,0,20,남,4;1;1;1;1;1;1;6,42,11440;42110;26350,,,,,
g_g004318,west,3,10,0,0,0,0,20,여,6;1;1;4;7;1;7;4,41,42150;26350;50130,,,,,
g_g004324,west,3,9,0,0,0,0,30,여,5;2;2;3;5;6;6;6,11,50110;46130;26350,,,,,
g_g004327,west,2,21,0,0,0,0,30,여,4;5;1;1;1;1;1;6,45,45110;11170;46710,,,,,
g_g004329,west,2,1,0,0,0,0,30,여,4;2;2;1;4;6;2;5,29,26350;50130;11710,,,,,
g_g004340,west,3,22,0,0,0,0,20,남,2;1;2;6;4;1;6;7,41,44150;41110;50110,,,,,
g_g004350,west,3,2,0,0,0,0,30,여,1;7;1;1;1;1;7;1,29,26710;30200;50130,,,,,
g_g004354,west,3,1,0,0,0,0,20,여,4;2;2;4;4;3;7;7,41,47110;47130;26380,,,,,
g_g004355,west,3,10,0,0,0,0,50,남,1;1;1;4;1;1;4;4,48,42150;48310;41820,,,,,
g_g004359,west,3,23,0,0,0,0,20,남,5;2;4;3;4;5;2;5,29,50130;11650;11680,,,,,
g_g004366,west,3,12,0,0,0,0,20,여,3;1;2;3;2;6;7;2,11,50130;50110;48310,,,,,
g_g004375,west,3,21,0,0,0,0,30,여,2;2;2;4;2;3;2;6,30,42150;42210;44825,,,,,
g_g004380,west,2,12,0,0,0,0,30,여,1;1;1;3;1;1;1;1,41,42150;42210;42820,,,,,
g_g004383,west,3,21,0,0,0,0,20,여,2;1;4;3;4;2;6;5,48,50130;47130;30140,,,,,
g_g004392,west,3,1,0,0,0,0,30,남,3;3;3;2;2;3;1;6,11,30110;27230;41500,,,,,
g_g004393,west,2,11,0,0,0,0,40,여,7;2;1;6;4;7;1;3,42,42210;42150;41190,,,,,
g_g004397,west,2,9,0,0,0,0,20,남,5;6;5;2;7;4;6;3,41,42170;30200;11350,,,,,
g_g004398,west,3,1,0,0,0,0,50,여,3;4;5;6;4;5;4;5,30,45730;44770;48220,,,,,
g_g004399,west,2,2,0,0,0,0,30,남,1;1;3;1;1;4;1;7,29,46710;45800;42150,,,,,
g_g004401,west,2,1,0,0,0,0,30,여,1;2;2;5;5;2;2;5,41,42760;46130;26200,,,,,
g_g004406,west,2,2,0,0,0,0,20,남,6;3;2;6;6;2;2;6,30,44180;43110;26350,,,,,
g_g004412,west,2,1,0,0,0,0,20,여,1;3;2;2;4;6;5;7,29,50110;46110;26350,,,,,
g_g004416,west,3,2,0,0,0,0,30,남,4;4;1;1;4;7;7;1,48,42150;31140;26410,,,,,
g_g004420,west,2,1,0,0,0,0,20,여,6;4;4;6;4;4;6;5,41,42150;26350;50110,,,,,
g_g004435,west,2,21,0,0,0,0,20,여,3;3;3;4;4;3;3;7,44,50130;26350;11680,,,,,
g_g004436,west,3,3,0,0,0,0,30,남,4;5;2;5;4;6;5;2,45,11680;50110;45110,,,,,
g_g004438,west,3,1,0,0,0,0,20,여,7;3;5;3;3;5;6;3,36,30200;11560;26140,,,,,
g_g004446,west,2,11,0,0,0,0,50,여,1;4;1;1;4;1;1;7,41,42820;50130;41820,,,,,
g_g004453,west,2,1,0,0,0,0,20,남,3;5;2;4;4;5;3;6,27,26350;47130;47110,,,,,
g_g004454,west,3,2,0,0,0,0,30,여,6;2;2;3;1;3;5;2,41,50110;42830;26350,,,,,
g_g004458,west,2,1,0,0,0,0,30,남,4;5;2;6;3;3;2;5,44,11710;44825;42150,,,,,
g_g004467,west,3,1,0,0,0,0,20,여,5;3;3;4;6;6;3;5,44,11440;50110;50130,,,,,
g_g004472,west,2,1,0,0,0,0,20,남,5;4;3;5;2;2;3;5,45,46130;48240;30110,,,,,
g_g004476,west,3,1,0,0,0,0,20,여,4;1;3;3;4;3;3;5,29,50130;50110;11680,,,,,
g_g004485,west,3,1,0,0,0,0,40,남,1;1;3;6;4;2;7;7,30,48840;48220;26500,,,,,
g_g004489,west,3,1,0,0,0,0,30,여,5;2;2;3;6;5;1;5,45,45110;50130;26350,,,,,
g_g004492,west,3,12,0,0,0,0,30,남,3;2;2;5;3;4;5;2,44,50110;26350;42150,,,,,
g_g004494,west,2,12,0,0,0,0,50,여,3;5;3;3;4;3;3;5,27,26200;47130;50130,,,,,
g_g004498,west,2,12,0,0,0,0,20,남,6;2;2;6;6;6;2;2,11,41820;26710;11170,,,,,
g_g004510,west,2,1,0,0,0,0,30,남,1;4;1;6;7;7;5;6,46,46710;50110;46110,,,,,
g_g004511,west,2,2,0,0,0,0,20,남,2;5;2;2;3;6;2;5,43,26500;42150;44270,,,,,
g_g004516,west,2,3,0,0,0,0,30,여,5;6;1;6;6;6;2;6,45,44150;46130;42770,,,,,
g_g004519,west,3,2,0,0,0,0,30,남,4;3;3;2;6;5;2;4,11,42210;11440;50130,,,,,
g_g004521,west,3,22,0,0,0,0,30,남,2;1;2;4;4;6;6;6,11,11230;42210;41820,,,,,
g_g004524,west,3,13,0,0,0,0,20,남,4;2;2;4;2;5;3;5,11,42150;28710;47130,,,,,
g_g004538,west,2,24,0,0,0,0,40,남,6;3;2;1;2;3;6;2,48,26200;11710;29110,,,,,
g_g004551,west,3,2,0,0,0,0,20,여,4;2;1;5;5;5;3;6,43,50130;26500;42150,,,,,
g_g004552,west,3,22,0,0,0,0,30,남,6;2;4;5;4;5;5;4,41,43150;42150;30170,,,,,
g_g004554,west,2,2,0,0,0,0,30,남,2;3;2;4;4;3;1;6,43,42230;30200;11620,,,,,
g_g004556,west,3,2,0,0,0,0,20,남,4;2;2;3;2;3;3;6,29,50130;42150;46710,,,,,
g_g004573,west,3,2,0,0,0,0,20,여,7;1;1;3;1;7;2;7,29,48240;30230;11530,,,,,
g_g004578,west,3,22,0,0,0,0,50,남,6;7;7;7;2;7;7;3,29,46130;46860;46810,,,,,
g_g004593,west,3,2,0,0,0,0,20,여,4;1;1;6;2;6;1;7,45,50110;11440;42150,,,,,
g_g004594,west,3,2,0,0,0,0,30,남,4;4;4;4;4;4;4;4,41,42150;41820;11215,,,,,
g_g004606,west,2,10,0,0,0,0,30,남,3;2;4;1;1;4;3;6,41,48310;42150;42130,,,,,
g_g004621,west,3,2,0,0,0,0,50,남,1;1;1;6;7;5;4;4,44,44150;47130;41550,,,,,
g_g004622,west,2,1,0,0,0,0,50,여,1;1;1;2;1;2;2;3,46,42210;46130;42820,,,,,
g_g004626,west,2,13,0,0,0,0,40,남,3;5;1;1;5;2;7;2,45,50130;26530;46130,,,,,
g_g004629,west,2,1,0,0,0,0,20,여,5;2;4;2;2;6;5;6,43,11440;42150;50110,,,,,
g_g004630,west,3,1,0,0,0,0,20,여,2;2;2;2;2;6;2;6,41,50130;26350;42150,,,,,
g_g004631,west,3,2,0,0,0,0,40,여,2;2;2;2;4;2;5;3,11,50110;42760;44760,,,,,
g_g004636,west,3,4,0,0,0,0,30,여,2;1;1;3;5;1;3;2,41,42210;41820;26350,,,,,
g_g004637,west,3,3,0,0,0,0,20,여,3;2;5;1;7;3;6;3,11,42150;26350;50130,,,,,
g_g004656,west,2,1,0,0,0,0,30,여,4;7;1;1;1;4;1;7,31,48220;48310;42150,,,,,
g_g004669,west,3,1,0,0,0,0,40,여,5;1;6;2;2;3;2;4,29,45110;26350;11305,,,,,
g_g004671,west,3,1,0,0,0,0,30,남,7;2;1;7;5;4;6;7,41,11680;50110;26350,,,,,
g_g004678,west,2,2,0,0,0,0,20,여,7;2;3;3;3;6;1;6,11,42150;26350;50130,,,,,
g_g004681,west,2,21,0,0,0,0,20,남,4;4;4;4;4;4;4;4,29,11680;11740;11305,,,,,
g_g004688,west,3,22,0,0,0,0,20,여,1;4;3;2;4;4;4;7,11,42210;26350;50110,,,,,
g_g004701,west,3,1,0,0,0,0,40,남,1;1;1;4;4;4;3;4,11,41480;44210;42130,,,,,
g_g004707,west,3,22,0,0,0,0,20,여,2;2;2;2;2;4;6;7,46,29200;46130;46710,,,,,
g_g004714,west,2,21,0,0,0,0,50,여,5;6;7;6;7;6;4;4,29,46130;45790;44130,,,,,
g_g004719,west,2,1,0,0,0,0,30,여,2;2;2;4;5;2;2;7,11,41650;47130;46130,,,,,
g_g004722,west,3,1,0,0,0,0,20,남,4;5;5;3;3;5;5;4,41,50130;50110;11680,,,,,
g_g004723,west,2,22,0,0,0,0,20,여,2;2;2;5;2;6;6;6,11,42150;50110;26110,,,,,
g_g004731,west,2,2,0,0,0,0,30,남,1;3;1;7;6;1;7;3,46,46910;46840;45110,,,,,
g_g004740,west,3,10,0,0,0,0,30,여,3;2;3;3;3;4;3;5,36,26350;42830;30200,,,,,
g_g004754,west,3,12,0,0,0,0,20,남,1;1;1;7;7;7;1;1,42,42130;11680;11620,,,,,
g_g004762,west,3,1,0,0,0,0,20,남,6;2;2;3;3;5;5;5,41,46130;26350;42210,,,,,
g_g004766,west,3,1,0,0,0,0,30,여,1;1;1;1;1;5;1;5,11,11140;29170;42150,,,,,
g_g004772,west,3,2,0,0,0,0,20,여,1;1;1;4;1;1;2;7,41,48840;42820;46730,,,,,
g_g004776,west,2,22,0,0,0,0,30,남,4;2;2;2;3;5;6;5,41,42150;50130;27260,,,,,
g_g004781,west,3,11,0,0,0,0,50,여,1;1;5;1;1;4;1;7,11,50130;41220;42830,,,,,
g_g004810,west,3,21,0,0,0,0,30,남,1;1;1;1;1;7;1;7,28,26710;28110;44130,,,,,
g_g004815,west,3,2,0,0,0,0,20,여,3;1;2;2;2;4;2;5,41,41460;42150;50110,,,,,
g_g004816,west,2,10,0,0,0,0,30,여,4;7;7;1;1;1;1;7,43,42150;43760;11680,,,,,
g_g004822,west,3,11,0,0,0,0,50,남,2;2;2;5;5;2;6;2,42,42210;44770;50110,,,,,
g_g004826,west,2,1,0,0,0,0,30,여,6;1;2;4;6;7;2;7,11,50130;42830;26350,,,,,
g_g004828,west,3,21,0,0,0,0,50,여,3;4;5;3;2;3;4;4,41,50130;50110;42210,,,,,
g_g004831,west,2,22,0,0,0,0,20,여,1;1;1;5;7;1;1;5,44,50130;47770;26710,,,,,
g_g004839,west,3,21,0,0,0,0,40,남,4;5;2;4;4;3;2;6,41,42170;46110;48330,,,,,
g_g004849,west,3,10,0,0,0,0,40,남,7;7;7;1;1;7;6;3,30,11680;26260;43110,,,,,
g_g004852,west,3,1,0,0,0,0,60,여,4;6;6;4;3;3;3;3,27,47130;47830;48880,,,,,
g_g004853,west,3,21,0,0,0,0,20,여,6;1;6;1;1;4;2;4,45,42210;30140;26200,,,,,
g_g004865,west,3,1,0,0,0,0,30,남,2;2;3;2;1;3;1;7,43,26710;42150;46130,,,,,
g_g004869,west,3,21,0,0,0,0,40,남,3;4;3;4;3;5;3;5,28,41360;42150;11110,,,,,
g_g004879,west,3,21,0,0,0,0,30,여,4;4;3;3;4;4;3;4,29,50110;50130;11140,,,,,
g_g004886,west,3,1,0,0,0,0,30,남,4;2;2;5;3;5;5;5,45,50130;11230;42830,,,,,
g_g004905,west,3,21,0,0,0,0,30,여,5;1;3;2;3;4;6;6,30,50130;26350;42150,,,,,
g_g004906,west,3,4,0,0,0,0,40,여,4;4;2;3;4;3;3;5,41,41590;42210;50110,,,,,
g_g004920,west,2,1,0,0,0,0,50,남,6;2;2;2;1;2;2;6,41,42170;44825;45800,,,,,
g_g004971,west,3,22,0,0,0,0,20,남,1;1;3;4;7;3;1;7,45,41820;46130;44210,,,,,
g_g004976,west,3,1,0,0,0,0,50,남,5;3;3;3;5;5;3;5,47,47250;47150;50110,,,,,
g_g004977,west,3,22,0,0,0,0,30,남,2;2;4;4;3;5;6;7,11,42150;50130;41480,,,,,
g_g004993,west,2,27,0,0,0,0,50,여,4;4;4;4;4;4;4;4,29,46710;50130;46800,,,,,
g_g004994,west,3,5,0,0,0,0,20,남,3;3;5;5;2;3;6;2,11,50130;41110;47110,,,,,
g_g005012,west,2,2,0,0,0,0,20,여,2;1;1;3;6;4;7;6,45,50130;11305;45710,,,,,
g_g005034,west,2,22,0,0,0,0,40,남,4;4;5;3;4;4;4;6,43,43110;44230;11680,,,,,
g_g005060,west,3,12,0,0,0,0,30,여,2;1;2;4;3;2;1;7,44,45110;11680;26350,,,,,
g_g005081,west,3,7,0,0,0,0,20,여,6;1;1;6;7;1;1;5,28,42210;50130;11170,,,,,
g_g005083,west,2,22,0,0,0,0,20,여,1;6;1;2;3;2;3;7,29,46710;46720;45110,,,,,
g_g005114,west,3,1,0,0,0,0,20,여,3;5;3;5;4;2;7;7,11,41820;42210;28710,,,,,
g_g005127,west,3,1,0,0,0,0,30,남,3;2;1;2;2;1;2;2,29,46130;11680;46820,,,,,
g_g005160,west,3,22,0,0,0,0,20,여,2;2;1;4;2;2;2;7,11,50110;42150;47130,,,,,
g_g005165,west,3,25,0,0,0,0,20,여,1;1;1;3;2;4;3;7,43,50110;42830;46130,,,,,
g_g005170,west,3,2,0,0,0,0,20,여,4;2;4;2;5;3;5;7,41,42830;42150;50110,,,,,
g_g005173,west,3,21,0,0,0,0,40,여,6;3;2;3;2;3;3;3,47,47720;47250;45720,,,,,
g_g005175,west,3,1,0,0,0,0,20,남,4;1;7;1;1;7;7;4,46,50110;11680;29110,,,,,
g_g005218,west,3,10,0,0,0,0,20,남,4;2;2;2;2;2;6;2,44,11680;42150;30200,,,,,
g_g005219,west,3,2,0,0,0,0,40,남,3;2;4;3;4;4;5;6,30,48310;42150;46130,,,,,
g_g005250,west,3,12,0,0,0,0,30,여,4;5;4;4;5;3;2;4,41,50130;26710;42830,,,,,
g_g005254,west,3,2,0,0,0,0,40,남,3;2;2;4;6;2;1;7,30,50130;26230;45730,,,,,
g_g005259,west,3,6,0,0,0,0,30,여,2;1;1;1;1;6;6;6,44,30200;11230;26710,,,,,
g_g005273,west,3,5,0,0,0,0,30,여,2;2;3;3;6;5;6;4,41,42150;42210;50110,,,,,
g_g005299,west,3,1,0,0,0,0,20,남,4;1;2;4;4;4;2;4,47,50110;26710;11680,,,,,
g_g005300,west,3,1,0,0,0,0,40,남,2;6;2;2;4;4;2;6,28,41280;41190;28185,,,,,
g_g005302,west,3,1,0,0,0,0,20,남,7;4;4;4;2;6;4;7,27,50110;11140;26260,,,,,
g_g005330,west,3,22,0,0,0,0,20,남,2;2;3;1;1;7;1;6,11,42210;41820;47130,,,,,
g_g005358,west,2,1,0,0,0,0,20,여,3;2;1;3;2;1;6;2,11,50110;42150;46130,,,,,
g_g005377,west,3,21,0,0,0,0,20,여,6;3;3;3;3;4;3;4,29,46170;11680;42210,,,,,
g_g005387,west,2,12,0,0,0,0,60,여,3;3;7;4;3;5;4;5,46,46110;29170;41820,,,,,
g_g005392,west,3,11,0,0,0,0,20,여,1;3;4;4;2;3;5;6,30,45790;26350;41190,,,,,
g_g005395,west,3,2,0,0,0,0,20,여,2;1;2;2;6;5;7;6,28,50130;42150;28710,,,,,
g_g005398,west,3,3,0,0,0,0,20,남,2;2;1;1;6;6;2;6,11,41190;26350;47130,,,,,
g_g005402,west,3,11,0,0,0,0,20,남,6;2;2;2;4;3;5;3,46,26350;27110;46130,,,,,
g_g005419,west,3,2,0,0,0,0,20,여,4;2;1;4;4;4;4;7,41,50130;26170;46130,,,,,
g_g005454,west,3,1,0,0,0,0,20,남,2;2;1;5;6;2;2;5,45,11140;45110;41110,,,,,
g_g005455,west,2,1,0,0,0,0,20,여,6;2;4;4;3;5;5;6,27,26500;42150;47130,,,,,
g_g005465,west,3,1,0,0,0,0,20,남,5;1;2;5;2;2;3;7,48,41110;48170;31710,,,,,
g_g005537,west,2,21,0,0,0,0,30,남,6;1;1;2;6;1;1;7,47,47190;27110;30200,,,,,
g_g005541,west,2,13,0,0,0,0,40,남,1;4;1;1;1;4;1;7,29,50110;46710;45110,,,,,
g_g005542,west,2,12,0,0,0,0,30,여,6;1;4;2;3;4;4;7,29,50110;26350;48840,,,,,
g_g005544,west,2,1,0,0,0,0,20,남,6;2;3;4;4;3;4;4,29,46130;48240;26230,,,,,
g_g005548,west,2,22,0,0,0,0,30,남,4;6;6;6;7;6;5;6,41,26320;50110;50130,,,,,
g_g005549,west,2,2,0,0,0,0,50,여,2;2;1;2;1;2;2;7,29,26500;50130;45110,,,,,
g_g005552,west,2,1,0,0,0,0,40,여,1;3;1;6;7;1;7;7,44,50110;42760;44800,,,,,
g_g005554,west,2,4,0,0,0,0,40,여,7;7;4;4;4;7;7;6,44,46150;41150;11305,,,,,
g_g005555,west,2,10,0,0,0,0,30,남,4;4;4;4;4;4;4;4,46,50130;50110;29155,,,,,
g_g005559,west,2,2,0,0,0,0,30,남,2;2;2;2;4;4;4;6,30,26350;45110;50110,,,,,
g_g005562,west,2,11,0,0,0,0,40,남,5;1;3;5;4;4;3;7,36,50110;11110;42770,,,,,
g_g005564,west,2,2,0,0,0,0,30,여,1;1;2;2;1;3;6;3,30,44770;46130;50130,,,,,
g_g005565,west,2,1,0,0,0,0,40,여,1;3;2;3;2;3;2;5,47,42150;47130;41110,,,,,
g_g005567,west,2,1,0,0,0,0,30,남,2;4;2;7;2;2;1;7,48,48740;48310;46890,,,,,
g_g005568,west,2,12,0,0,0,0,40,여,2;2;1;6;7;1;1;6,41,47170;46730;50130,,,,,
g_g005569,west,2,10,0,0,0,0,40,여,1;1;1;1;1;1;5;1,45,42820;42190;47930,,,,,
g_g005572,west,2,22,0,0,0,0,20,남,2;1;2;2;4;5;4;7,44,50110;42230;42150,,,,,
g_g005573,west,2,4,0,0,0,0,40,남,4;4;1;3;7;7;1;7,30,45110;50130;30110,,,,,
g_g005574,west,2,2,0,0,0,0,30,여,4;3;2;6;4;6;5;5,29,46710;48850;45110,,,,,
g_g005576,west,2,1,0,0,0,0,30,여,2;3;2;6;3;4;6;5,11,42210;26350;46890,,,,,
g_g005578,west,2,2,0,0,0,0,20,남,2;1;2;5;2;2;7;3,30,30140;43110;50110,,,,,
g_g005579,west,2,5,0,0,0,0,30,남,6;4;4;4;2;4;6;6,30,43110;50130;27710,,,,,
g_g005580,west,2,1,0,0,0,0,30,남,2;4;2;4;4;3;5;5,29,46150;46130;29110,,,,,
g_g005581,west,2,22,0,0,0,0,50,남,5;2;3;2;2;3;6;2,46,50110;42770;46890,,,,,
g_g005583,west,2,4,0,0,0,0,30,남,2;1;2;2;6;2;1;6,29,46150;46130;41110,,,,,
g_g005589,west,2,4,0,0,0,0,40,남,7;4;6;6;2;4;6;2,30,50130;26350;45140,,,,,
g_g005590,west,2,22,0,0,0,0,30,남,3;4;3;4;4;5;5;4,29,11560;50110;46130,,,,,
g_g005591,west,2,2,0,0,0,0,40,여,4;3;1;1;4;4;2;2,46,11110;41130;48840,,,,,
g_g005593,west,2,22,0,0,0,0,20,여,5;6;1;6;4;2;4;7,29,50130;50110;11740,,,,,
g_g005594,west,2,4,0,0,0,0,30,여,2;1;3;5;1;1;1;7,30,50130;42150;11110,,,,,
g_g005597,west,2,4,0,0,0,0,30,남,4;4;1;1;4;4;4;5,44,30200;44825;45800,,,,,
g_g005599,west,2,2,0,0,0,0,40,여,2;1;1;1;6;2;4;4,46,50130;26350;42830,,,,,
g_g005601,west,2,1,0,0,0,0,30,여,5;6;2;2;4;6;6;1,42,42830;50110;26350,,,,,
g_g005602,west,2,11,0,0,0,0,40,남,2;6;2;2;6;6;2;6,36,30170;44130;44150,,,,,
g_g005683,west,2,1,0,0,0,0,30,남,2;2;1;4;4;1;2;7,46,50130;47130;43760,,,,,
g_g005692,west,3,10,0,0,0,0,30,남,3;2;1;3;6;6;2;6,41,41460;26350;50130,,,,,
g_g005694,west,2,1,0,0,0,0,30,여,4;1;1;4;6;6;1;7,41,26110;50130;11140,,,,,
g_g005701,west,3,22,0,0,0,0,20,여,3;1;1;3;4;6;3;5,27,26350;28200;50130,,,,,
g_g005704,west,3,1,0,0,0,0,20,여,4;2;1;1;4;2;6;6,46,50110;42150;42210,,,,,
g_g005708,west,3,1,0,0,0,0,30,남,4;4;4;4;4;4;4;4,29,50130;26710;11680,,,,,
g_g005716,west,3,1,0,0,0,0,20,여,6;2;1;5;6;6;5;4,45,45800;50130;11440,,,,,
g_g005725,west,3,1,0,0,0,0,20,여,7;3;2;3;3;6;6;5,47,26500;11200;47820,,,,,
g_g005742,west,3,22,0,0,0,0,20,여,1;1;2;5;7;4;5;5,11,50130;42150;26710,,,,,
g_g005750,west,2,22,0,0,0,0,60,남,2;3;1;3;2;1;2;6,30,47750;45710;42770,,,,,
g_g005754,west,3,21,0,0,0,0,50,여,2;4;2;6;7;5;6;2,48,48840;48220;50110,,,,,
g_g005762,west,2,1,0,0,0,0,20,여,5;5;1;3;3;5;2;4,41,42210;26350;50130,,,,,
g_g005783,west,3,1,0,0,0,0,20,여,3;2;2;2;4;3;5;3,29,50110;46710;45110,,,,,
g_g005791,west,3,23,0,0,0,0,20,여,4;2;1;5;5;5;1;6,11,47130;42150;11110,,,,,
g_g005794,west,2,21,0,0,0,0,40,남,3;3;1;2;6;1;1;7,29,46710;46790;46880,,,,,
g_g005795,west,2,21,0,0,0,0,30,여,1;4;1;3;4;3;2;7,29,46130;46710;45110,,,,,
g_g005798,west,2,4,0,0,0,0,20,남,6;1;3;3;3;6;2;4,29,11545;50130;26320,,,,,
g_g005806,west,2,21,0,0,0,0,40,여,2;6;3;4;4;4;5;5,41,44825;42170;50130,,,,,
g_g005807,west,3,22,0,0,0,0,20,남,1;1;1;1;7;3;6;2,11,26500;28110;42150,,,,,
g_g005815,west,3,1,0,0,0,0,20,남,1;1;1;4;4;4;4;7,41,42230;44130;50110,,,,,
g_g005838,west,3,22,0,0,0,0,30,여,3;1;2;5;3;3;5;2,11,50130;42830;41650,,,,,
g_g005841,west,3,2,0,0,0,0,30,남,1;4;1;3;4;1;2;5,28,28710;42150;46130,,,,,
g_g005844,west,3,1,0,0,0,0,20,남,3;2;2;4;5;6;2;6,46,26290;42210;42150,,,,,
g_g005855,west,3,21,0,0,0,0,20,여,1;1;1;5;2;1;2;4,26,47130;26710;50130,,,,,
g_g005868,west,3,2,0,0,0,0,20,남,6;2;4;2;4;4;2;6,30,26350;42210;11680,,,,,
g_g005889,west,3,2,0,0,0,0,40,남,3;4;3;3;3;3;4;4,36,46130;50110;50130,,,,,
g_g005895,west,2,22,0,0,0,0,50,여,2;4;3;1;2;3;6;7,11,42150;46130;48220,,,,,
g_g005920,west,3,1,0,0,0,0,20,남,2;2;4;4;2;3;5;6,41,45110;41390;11560,,,,,
g_g005952,west,3,2,0,0,0,0,20,여,4;1;2;2;7;4;3;7,41,11440;42720;45110,,,,,
g_g005959,west,3,1,0,0,0,0,20,여,4;4;3;2;2;4;6;4,27,26350;11230;50110,,,,,
g_g005960,west,3,22,0,0,0,0,20,여,5;2;3;3;6;4;6;5,29,42210;11200;26200,,,,,
g_g005965,west,2,2,0,0,0,0,40,여,3;7;4;5;7;5;3;7,41,41460;41590;28185,,,,,
g_g005972,west,2,22,0,0,0,0,40,여,2;3;4;4;4;3;4;6,48,46730;46130;50130,,,,,
g_g005974,west,3,22,0,0,0,0,20,여,3;1;2;3;2;2;6;5,45,46130;26500;47750,,,,,
g_g005992,west,3,11,0,0,0,0,30,남,4;1;2;1;4;6;3;5,41,11680;26260;50110,,,,,
g_g006023,west,3,2,0,0,0,0,30,여,4;3;2;5;5;3;6;6,11,11110;26350;29170,,,,,
g_g006027,west,2,10,0,0,0,0,20,남,4;2;5;5;6;4;4;4,29,11680;26710;50130,,,,,
g_g006029,west,3,1,0,0,0,0,30,여,4;5;5;5;7;4;6;2,44,44825;42210;44270,,,,,
g_g006061,west,3,1,0,0,0,0,50,여,3;3;2;2;2;6;6;6,28,42210;44760;50130,,,,,
g_g006065,west,3,2,0,0,0,0,20,여,2;2;4;2;2;3;3;5,46,50110;46840;26500,,,,,
g_g006076,west,3,1,0,0,0,0,20,여,4;1;3;3;1;4;1;2,11,29200;27260;26350,,,,,
g_g006092,west,3,10,0,0,0,0,40,여,4;2;4;2;6;6;2;6,41,41820;42210;50110,,,,,
g_g006096,west,2,22,0,0,0,0,30,여,1;7;1;7;1;7;1;1,30,43150;50130;31710,,,,,
g_g006102,west,3,21,0,0,0,0,30,여,2;4;3;5;2;4;3;2,36,47130;46150;50130,,,,,
g_g006114,west,2,2,0,0,0,0,40,여,2;5;3;4;4;5;2;5,43,50130;45130;46130,,,,,
g_g006132,west,3,1,0,0,0,0,20,여,6;2;2;3;7;7;2;6,45,50110;26350;11680,,,,,
g_g006137,west,3,22,0,0,0,0,40,여,2;2;2;3;2;3;3;5,11,50130;50110;42150,,,,,
g_g006151,west,3,12,0,0,0,0,30,남,3;3;5;2;3;3;3;6,11,42210;50130;26350,,,,,
g_g006152,west,3,2,0,0,0,0,20,여,5;3;2;5;6;3;6;5,45,26200;46130;42210,,,,,
g_g006161,west,3,1,0,0,0,0,20,남,7;1;1;1;4;4;1;7,11,50110;26350;42150,,,,,
g_g006163,west,3,8,0,0,0,0,40,남,1;1;1;4;6;4;1;7,44,42150;43150;50130,,,,,
g_g006175,west,3,2,0,0,0,0,20,여,2;3;5;3;6;5;2;5,45,30200;47110;47130,,,,,
g_g006179,west,3,1,0,0,0,0,50,여,1;1;1;1;1;7;4;4,26,11305;50110;41820,,,,,
g_g006181,west,2,1,0,0,0,0,30,여,1;7;1;1;1;1;7;7,41,44180;41830;11680,,,,,
g_g006189,west,2,22,0,0,0,0,30,여,1;1;2;1;2;2;6;2,41,11590;29110;50130,,,,,
g_g006190,west,3,2,0,0,0,0,40,남,4;5;5;5;6;5;3;1,11,42150;41280;45770,,,,,
g_g006196,west,3,21,0,0,0,0,20,남,2;1;1;4;2;1;7;6,45,50130;50110;42150,,,,,
g_g006197,west,3,10,0,0,0,0,40,남,2;1;3;2;2;3;3;4,41,44180;28710;43110,,,,,
g_g006212,west,3,5,0,0,0,0,30,남,2;1;2;5;2;4;2;3,28,46130;50130;26350,,,,,
g_g006213,west,3,6,0,0,0,0,20,여,4;4;4;4;4;4;4;4,41,42210;50110;41590,,,,,
g_g006214,west,3,22,0,0,0,0,20,여,6;2;3;2;6;6;5;7,36,26500;47130;11170,,,,,
g_g006231,west,2,1,0,0,0,0,20,남,5;3;5;3;3;5;5;4,41,50110;42150;26350,,,,,
g_g006260,west,2,1,0,0,0,0,30,남,1;1;1;1;1;1;7;7,41,11410;50110;50130,,,,,
g_g006265,west,2,1,0,0,0,0,20,여,7;3;5;3;5;7;2;6,29,11680;26350;46130,,,,,
g_g006280,west,3,1,0,0,0,0,40,남,2;1;1;1;1;2;7;7,43,30200;31170;44150,,,,,
g_g006322,west,2,1,0,0,0,0,30,여,5;2;3;4;4;5;5;5,11,50110;42170;41110,,,,,
g_g006323,west,2,12,0,0,0,0,40,남,1;7;4;6;1;6;2;4,29,46150;46790;46870,,,,,
g_g006331,west,3,2,0,0,0,0,30,남,4;2;1;4;1;2;6;3,11,42210;43150;50110,,,,,
g_g006376,west,3,13,0,0,0,0,20,여,5;2;2;4;3;5;3;5,11,50130;42150;26350,,,,,
g_g006378,west,2,2,0,0,0,0,30,여,2;1;1;6;2;6;1;6,11,42830;42210;41820,,,,,
g_g006393,west,3,2,0,0,0,0,30,여,4;6;5;3;2;4;2;2,29,46710;50110;45110,,,,,
g_g006402,west,2,1,0,0,0,0,20,여,5;3;2;4;2;6;6;2,30,26500;11110;50130,,,,,
g_g006442,west,2,1,0,0,0,0,20,남,2;1;1;1;1;4;5;6,28,50130;26350;30140,,,,,
g_g006459,west,2,22,0,0,0,0,20,여,3;3;2;3;4;3;6;5,30,50130;26350;45730,,,,,
g_g006460,west,2,1,0,0,0,0,30,여,3;6;2;6;6;5;1;5,41,42150;50110;26350,,,,,
g_g006468,west,2,2,0,0,0,0,30,여,3;2;3;2;5;6;7;4,41,42150;50110;11440,,,,,
g_g006469,west,3,3,0,0,0,0,30,여,1;1;6;3;2;2;2;6,41,44825;50110;26710,,,,,
g_g006470,west,3,1,0,0,0,0,30,여,4;1;1;7;4;1;7;7,11,11680;50110;50130,,,,,
g_g006475,west,2,22,0,0,0,0,20,여,3;1;1;5;6;5;2;6,30,26500;11440;50130,,,,,
g_g006477,west,3,1,0,0,0,0,20,여,6;3;4;3;2;7;2;4,11,50110;26350;30170,,,,,
g_g006482,west,3,12,0,0,0,0,30,여,2;1;4;3;7;4;1;7,29,45110;45130;46890,,,,,
g_g006489,west,3,1,0,0,0,0,30,남,6;1;7;1;1;1;7;3,26,50130;26500;30140,,,,,
g_g006510,west,3,10,0,0,0,0,20,여,4;2;2;5;6;3;6;4,43,11440;47110;47130,,,,,
g_g006516,west,3,5,0,0,0,0,20,남,2;1;1;1;2;7;7;1,41,42150;26350;50130,,,,,
g_g006523,west,3,11,0,0,0,0,20,남,1;1;1;1;7;2;3;4,30,44825;44770;50130,,,,,
g_g006524,west,3,22,0,0,0,0,30,남,4;2;2;2;4;3;2;6,41,50130;26350;42150,,,,,
g_g006529,west,2,1,0,0,0,0,20,여,6;2;3;3;3;5;6;3,41,26350;50110;50130,,,,,
g_g006548,west,3,10,0,0,0,0,30,여,4;6;4;3;5;5;3;3,45,45140;46130;30140,,,,,
g_g006588,west,3,5,0,0,0,0,30,여,2;4;1;3;6;2;5;6,11,42210;50130;41820,,,,,
g_g006601,west,2,22,0,0,0,0,30,남,2;1;5;5;4;2;1;6,44,41480;44270;30200,,,,,
g_g006606,west,2,27,0,0,0,0,40,여,2;4;2;3;4;4;4;6,11,41450;45110;11710,,,,,
g_g006668,west,3,1,0,0,0,0,30,남,3;3;1;3;3;3;5;3,11,26170;42820;46110,,,,,
g_g006677,west,2,1,0,0,0,0,50,여,6;6;3;3;5;6;6;6,11,42210;50130;26350,,,,,
g_g006698,west,2,4,0,0,0,0,20,여,1;4;2;3;2;4;4;4,11,26350;50110;11680,,,,,
g_g006718,west,2,12,0,0,0,0,20,여,1;3;3;3;4;4;1;6,44,50130;46130;45110,,,,,
g_g006725,west,3,3,0,0,0,0,20,여,6;3;2;1;1;7;7;7,11,41110;42150;42170,,,,,
g_g006730,west,3,22,0,0,0,0,20,여,5;4;3;5;5;5;3;5,41,47130;45110;41110,,,,,
g_g006739,west,2,1,0,0,0,0,30,여,4;3;5;5;5;6;7;7,41,30140;42110;50110,,,,,
g_g006764,west,2,21,0,0,0,0,20,여,1;1;1;3;5;3;3;7,11,26350;50130;45110,,,,,
g_g006775,west,3,2,0,0,0,0,30,남,5;1;1;4;7;4;6;5,41,42150;47130;47930,,,,,
g_g006803,west,3,22,0,0,0,0,30,여,5;3;3;2;3;5;1;7,11,41410;11470;42150,,,,,
g_g006807,west,3,1,0,0,0,0,20,여,1;1;2;4;3;3;6;4,11,26260;27170;45110,,,,,
g_g006812,west,2,28,0,0,0,0,20,여,3;5;3;3;3;4;5;5,36,30200;44150;44180,,,,,
g_g006828,west,3,12,0,0,0,0,50,남,2;5;1;5;5;1;1;5,30,42150;46130;48310,,,,,
g_g006842,west,3,6,0,0,0,0,50,여,4;3;3;4;3;4;2;3,11,46150;42210;48220,,,,,
g_g006843,west,3,1,0,0,0,0,40,여,7;6;6;3;2;4;4;2,11,42210;41820;11230,,,,,
g_g006844,west,3,11,0,0,0,0,60,여,2;3;3;6;2;2;2;1,43,43720;43760;30230,,,,,
g_g006859,west,3,2,0,0,0,0,20,남,1;4;2;4;2;2;4;2,44,46110;43150;43800,,,,,
g_g006860,west,2,2,0,0,0,0,20,남,3;1;2;3;6;6;7;5,29,50130;26350;11170,,,,,
g_g006877,west,3,1,0,0,0,0,60,여,5;7;5;1;5;5;3;4,44,28710;44150;30200,,,,,
g_g006893,west,2,1,0,0,0,0,40,남,4;5;6;3;3;3;5;3,27,26170;47110;26350,,,,,
g_g006910,west,2,22,0,0,0,0,20,여,3;3;3;6;5;3;2;6,30,42150;11650;50130,,,,,
g_g006913,west,2,1,0,0,0,0,40,여,6;7;3;2;2;7;3;6,46,44825;11110;30200,,,,,
g_g006945,west,3,1,0,0,0,0,20,남,3;6;1;2;2;7;1;1,44,42210;50110;44210,,,,,
g_g006954,west,2,2,0,0,0,0,30,여,1;7;1;1;1;7;1;7,46,46130;26710;45110,,,,,
g_g006962,west,2,24,0,0,0,0,30,여,2;1;1;4;4;1;6;4,41,46730;26350;42830,,,,,
g_g006974,west,3,13,0,0,0,0,40,남,2;2;2;3;6;3;3;6,41,50130;42210;43800,,,,,
g_g006983,west,3,1,0,0,0,0,20,여,4;3;2;4;2;4;3;5,45,47110;11110;26350,,,,,
g_g006986,west,3,22,0,0,0,0,30,남,1;1;1;1;1;1;1;7,11,42210;26350;50130,,,,,
g_g006989,west,3,1,0,0,0,0,20,여,6;5;2;4;1;5;6;5,29,41820;26350;50110,,,,,
g_g007007,west,2,21,0,0,0,0,30,남,2;4;1;4;1;3;3;6,11,42830;50110;41170,,,,,
g_g007008,west,3,2,0,0,0,0,20,남,6;2;1;3;4;6;6;7,26,11440;42720;46130,,,,,
g_g007012,west,3,1,0,0,0,0,20,여,2;2;1;7;4;4;7;6,41,42150;47130;41280,,,,,
g_g007022,west,3,22,0,0,0,0,20,여,2;1;6;1;1;6;7;7,41,42150;48220;11680,,,,,
g_g007033,west,3,12,0,0,0,0,20,여,6;1;1;3;2;1;6;6,26,50130;27110;11440,,,,,
g_g007035,west,3,10,0,0,0,0,20,여,6;2;1;3;5;6;2;2,26,26350;26500;26260,,,,,
g_g007037,west,3,1,0,0,0,0,20,여,1;1;1;1;4;1;1;7,30,50130;11680;27230,,,,,
g_g007038,west,3,1,0,0,0,0,20,여,4;2;2;2;3;3;4;5,31,11170;50130;26500,,,,,
g_g007052,west,2,22,0,0,0,0,20,남,2;2;2;4;2;5;6;6,29,50110;26500;46130,,,,,
g_g007054,west,3,22,0,0,0,0,30,여,4;4;3;3;3;3;3;6,26,47110;48310;27710,,,,,
g_g007056,west,3,22,0,0,0,0,20,여,1;7;7;3;2;3;7;2,45,45740;46130;11110,,,,,
g_g007074,west,3,22,0,0,0,0,20,여,2;1;1;4;4;6;7;6,41,50110;42150;26350,,,,,
g_g007086,west,3,12,0,0,0,0,40,남,5;3;1;3;6;6;6;2,43,50110;11680;46130,,,,,
g_g007099,west,3,21,0,0,0,0,30,여,2;3;3;2;4;5;3;7,11,42210;50110;42150,,,,,
g_g007120,west,3,1,0,0,0,0,30,남,2;2;2;2;2;3;3;6,41,42150;50110;26500,,,,,
g_g007122,west,3,1,0,0,0,0,40,남,2;4;1;4;1;1;6;7,41,42210;28710;44270,,,,,
g_g007152,west,2,5,0,0,0,0,20,여,5;3;2;2;4;5;7;4,26,26350;27260;50130,,,,,
g_g007157,west,3,22,0,0,0,0,30,여,4;1;4;1;4;1;1;7,41,50130;41110;11710,,,,,
g_g007163,west,2,13,0,0,0,0,30,여,4;5;3;1;4;2;6;4,41,50130;26290;41480,,,,,
g_g007175,west,3,1,0,0,0,0,60,여,4;3;3;4;4;4;4;6,31,11110;46130;47130,,,,,
g_g007180,west,2,2,0,0,0,0,30,남,3;7;4;2;2;4;4;4,29,29200;46770;46170,,,,,
g_g007196,west,3,2,0,0,0,0,30,여,4;4;5;5;4;3;2;5,41,50110;42150;30200,,,,,
g_g007199,west,3,21,0,0,0,0,30,여,1;1;4;4;4;3;3;4,11,50130;26350;46730,,,,,
g_g007209,west,3,1,0,0,0,0,20,여,4;2;2;2;6;2;2;5,30,11680;47130;43110,,,,,
g_g007213,west,2,10,0,0,0,0,40,여,4;1;1;4;1;1;7;7,44,41820;42760;44825,,,,,
g_g007215,west,2,1,0,0,0,0,30,여,6;1;2;4;6;6;6;7,29,26500;42150;46820,,,,,
g_g007223,west,3,12,0,0,0,0,30,여,3;3;2;4;2;4;6;6,26,48250;46150;27260,,,,,
g_g007225,west,3,22,0,0,0,0,30,여,2;3;3;3;2;6;3;5,41,50130;26350;46130,,,,,
g_g007231,west,3,1,0,0,0,0,20,남,6;1;1;1;1;6;6;2,41,50130;42150;48220,,,,,
g_g007232,west,3,1,0,0,0,0,40,남,2;2;1;4;4;3;6;7,26,50130;48840;46780,,,,,
g_g007236,west,3,21,0,0,0,0,60,남,1;4;1;6;1;2;1;6,41,42210;46110;47280,,,,,
g_g007244,west,2,28,0,0,0,0,50,남,4;3;3;3;3;3;3;4,36,50110;26710;11230,,,,,
g_g007248,west,3,21,0,0,0,0,40,남,5;3;3;3;3;3;3;5,29,46720;45110;46710,,,,,
g_g007308,west,3,22,0,0,0,0,50,남,2;6;1;6;4;1;2;7,41,28710;41480;42150,,,,,
g_g007309,west,2,1,0,0,0,0,30,여,3;3;2;1;2;3;3;5,41,41110;30200;43800,,,,,
g_g007312,west,3,22,0,0,0,0,20,여,1;1;1;5;7;1;7;1,11,50130;42150;41220,,,,,
g_g007330,west,2,2,0,0,0,0,40,남,4;4;4;4;4;4;5;4,47,48220;26350;27290,,,,,
g_g007336,west,2,12,0,0,0,0,50,남,4;3;3;3;3;4;5;5,41,42830;41590;47280,,,,,
g_g007337,west,2,2,0,0,0,0,30,남,2;2;1;1;2;1;1;2,30,50130;50110;42150,,,,,
g_g007338,west,2,22,0,0,0,0,40,여,3;2;3;4;5;5;3;6,47,50110;26350;11440,,,,,
g_g007339,west,2,22,0,0,0,0,40,여,2;2;6;2;5;2;3;6,29,45800;46710;46790,,,,,
g_g007340,west,2,2,0,0,0,0,50,남,4;3;3;3;3;6;6;6,29,46710;46130;46110,,,,,
g_g007342,west,2,21,0,0,0,0,40,남,7;7;7;1;1;3;5;4,29,42150;48310;29155,,,,,
g_g007346,west,2,1,0,0,0,0,20,여,5;4;5;1;4;7;5;7,11,30140;26500;50110,,,,,
g_g007347,west,2,1,0,0,0,0,40,남,6;6;2;6;6;6;2;6,45,46710;46130;11110,,,,,
g_g007348,west,2,1,0,0,0,0,20,여,6;2;2;1;2;7;6;6,11,26350;50110;46130,,,,,
g_g007351,west,2,2,0,0,0,0,50,남,4;5;3;5;3;3;6;5,45,45720;44180;45790,,,,,
g_g007352,west,2,4,0,0,0,0,30,여,3;3;6;5;3;5;1;6,43,42150;42210;45800,,,,,
g_g007353,west,2,21,0,0,0,0,50,남,4;2;2;2;2;4;3;6,43,42150;50130;42210,,,,,
g_g007354,west,2,21,0,0,0,0,40,남,1;4;3;3;3;3;2;6,44,44150;30200;44790,,,,,
g_g007355,west,2,2,0,0,0,0,50,남,1;1;1;1;1;1;1;1,44,42150;50110;11560,,,,,
g_g007360,west,2,2,0,0,0,0,40,남,1;2;5;1;2;2;5;7,45,26260;11170;47130,,,,,
g_g007363,west,2,21,0,0,0,0,50,남,1;3;3;5;5;5;3;4,41,43720;47250;42210,,,,,
g_g007364,west,2,10,0,0,0,0,40,여,2;4;5;2;2;6;6;2,11,42830;41280;44150,,,,,
g_g007366,west,2,1,0,0,0,0,20,여,1;1;2;1;2;1;3;4,41,42150;30170;46130,,,,,
g_g007368,west,2,26,0,0,0,0,40,여,3;2;1;3;4;3;1;6,41,26350;50130;42170,,,,,
g_g007369,west,2,10,0,0,0,0,20,남,1;4;1;6;6;6;6;6,36,44250;43110;30200,,,,,
g_g007371,west,2,2,0,0,0,0,20,여,6;2;2;2;2;6;6;5,11,26350;50110;42210,,,,,
g_g007373,west,2,2,0,0,0,0,30,여,2;5;1;3;3;3;6;6,29,46900;46170;46790,,,,,
g_g007374,west,2,10,0,0,0,0,40,여,4;4;1;5;5;1;4;4,41,42210;41830;43130,,,,,
g_g007376,west,2,22,0,0,0,0,20,여,4;2;5;3;2;5;6;6,36,50130;26200;11170,,,,,
g_g007377,west,2,22,0,0,0,0,20,여,2;2;2;2;3;3;2;4,30,50130;26350;11560,,,,,
g_g007378,west,2,1,0,0,0,0,20,남,6;4;4;3;3;5;6;2,46,45710;11710;46890,,,,,
g_g007380,west,2,13,0,0,0,0,30,남,4;4;6;6;4;7;3;4,43,44150;42150;42170,,,,,
g_g007381,west,2,1,0,0,0,0,30,남,2;2;2;5;5;2;2;3,29,42150;42830;11680,,,,,
g_g007383,west,2,27,0,0,0,0,40,여,1;1;2;1;1;2;1;1,30,44810;45110;11710,,,,,
g_g007386,west,2,10,0,0,0,0,20,여,2;3;4;4;3;5;6;4,29,46710;11110;50130,,,,,
g_g007389,west,2,4,0,0,0,0,50,남,2;1;4;2;4;3;5;3,46,46910;45790;46130,,,,,
g_g007393,west,2,2,0,0,0,0,20,여,2;1;7;1;1;7;1;7,30,11680;42150;26710,,,,,
g_g007395,west,2,2,0,0,0,0,20,여,1;4;3;3;3;1;2;5,30,47130;42150;46150,,,,,
g_g007396,west,2,21,0,0,0,0,30,남,7;7;1;4;1;1;7;4,29,41430;41130;46710,,,,,
g_g007401,west,2,22,0,0,0,0,30,남,4;4;4;3;3;4;5;3,29,29200;46710;45110,,,,,
g_g007404,west,2,1,0,0,0,0,30,남,3;4;2;5;6;3;3;5,41,26350;42150;45110,,,,,
g_g007405,west,2,2,0,0,0,0,40,여,4;5;3;4;5;4;3;4,36,46130;42150;30200,,,,,
g_g007407,west,2,21,0,0,0,0,50,남,1;4;3;3;3;4;3;6,11,41650;42210;50130,,,,,
g_g007410,west,2,2,0,0,0,0,30,남,5;6;2;3;6;5;5;3,29,46710;46130;26350,,,,,
g_g007411,west,2,2,0,0,0,0,40,여,4;7;2;2;4;6;2;7,29,11680;46110;45130,,,,,
g_g007412,west,2,11,0,0,0,0,30,여,3;2;2;3;5;6;3;4,30,45110;26350;11170,,,,,
g_g007413,west,2,22,0,0,0,0,40,여,1;4;1;5;7;2;2;7,44,44150;44230;30170,,,,,
g_g007414,west,2,1,0,0,0,0,30,여,1;1;1;4;4;5;5;5,11,50130;26710;11680,,,,,
g_g007416,west,2,4,0,0,0,0,40,남,2;3;2;3;5;2;5;3,29,46710;26200;27260,,,,,
g_g007420,west,3,22,0,0,0,0,20,남,6;6;6;4;4;6;2;6,29,11710;26350;46710,,,,,
g_g007432,west,3,2,0,0,0,0,20,여,2;4;4;4;4;4;4;7,11,42150;50130;26320,,,,,
g_g007433,west,3,1,0,0,0,0,20,남,1;1;1;1;7;5;1;6,41,42150;29110;47130,,,,,
g_g007435,west,3,12,0,0,0,0,40,여,7;1;6;7;1;6;7;2,11,42150;50110;45110,,,,,
g_g007454,west,3,4,0,0,0,0,20,여,2;2;2;2;6;5;5;6,11,29155;50110;26500,,,,,
g_g007514,west,2,3,0,0,0,0,20,남,4;2;1;7;6;4;1;5,44,44210;50110;44180,,,,,
g_g007515,west,3,27,0,0,0,0,40,여,4;1;4;1;4;4;5;4,28,28177;46110;50130,,,,,
g_g007523,west,2,1,0,0,0,0,30,여,3;5;4;6;3;5;5;5,11,50130;28237;30140,,,,,
g_g007524,west,2,10,0,0,0,0,20,여,4;1;1;4;1;1;6;6,44,50130;50110;11680,,,,,
g_g007528,west,2,11,0,0,0,0,30,남,5;3;4;5;3;4;5;3,29,11110;46710;46170,,,,,
g_g007535,west,3,24,0,0,0,0,30,여,1;2;4;5;6;7;7;7,30,50110;42150;46110,,,,,
g_g007536,west,2,22,0,0,0,0,20,여,3;1;4;6;4;3;1;7,43,11680;50130;45110,,,,,
g_g007537,west,3,1,0,0,0,0,20,여,4;2;2;2;2;6;6;6,45,45130;44180;50130,,,,,
g_g007538,west,3,7,0,0,0,0,20,여,5;1;2;3;6;2;3;5,45,26350;46710;29200,,,,,
g_g007539,west,2,9,0,0,0,0,30,남,4;5;4;3;3;3;4;4,45,44760;46150;50130,,,,,
g_g007540,west,3,2,0,0,0,0,30,남,4;2;2;4;5;3;3;4,29,28185;42810;46110,,,,,
g_g007546,west,2,22,0,0,0,0,20,남,2;5;5;4;2;5;5;5,29,46710;46130;46170,,,,,
g_g007576,west,2,1,0,0,0,0,20,여,4;2;2;3;4;5;5;7,30,50130;42150;26350,,,,,
g_g007596,west,2,1,0,0,0,0,20,남,4;4;4;2;6;4;7;5,27,26410;47130;47170,,,,,
g_g007614,west,2,5,0,0,0,0,20,여,1;1;1;1;3;2;1;7,11,26230;50110;50130,,,,,
g_g007622,west,2,22,0,0,0,0,20,남,4;1;7;1;4;7;1;4,11,41280;50110;26350,,,,,
g_g007628,west,2,1,0,0,0,0,20,남,3;7;3;5;2;5;6;1,29,29200;46170;46710,,,,,
g_g007671,west,2,1,0,0,0,0,30,여,1;1;4;4;1;4;7;5,11,41820;42150;26500,,,,,
g_g007675,west,2,2,0,0,0,0,40,남,2;2;3;3;2;3;6;6,36,48220;44150;45130,,,,,
g_g007679,west,2,1,0,0,0,0,30,남,6;4;2;5;5;7;7;7,45,45710;45180;50110,,,,,
g_g007681,west,2,13,0,0,0,0,30,남,1;6;2;4;2;2;3;6,41,43110;41590;44270,,,,,
g_g007684,west,2,1,0,0,0,0,20,남,2;1;1;1;5;4;3;3,44,11680;50130;26350,,,,,
g_g007690,west,2,1,0,0,0,0,40,여,4;4;4;4;4;4;4;4,36,30170;30200;11410,,,,,
g_g007694,west,2,4,0,0,0,0,20,남,2;2;2;2;3;3;2;2,41,41820;48220;26350,,,,,
g_g007704,west,2,22,0,0,0,0,20,여,5;5;2;5;6;2;2;6,30,28710;45750;29200,,,,,
g_g007718,west,2,11,0,0,0,0,20,남,2;4;2;6;3;4;3;2,29,26350;46710;46130,,,,,
g_g007727,west,2,1,0,0,0,0,20,여,5;1;2;1;4;3;4;4,41,11680;30170;26350,,,,,
g_g007729,west,2,1,0,0,0,0,20,여,4;5;3;2;4;4;5;6,11,50110;26350;30140,,,,,
g_g007748,west,2,2,0,0,0,0,20,여,2;2;2;3;5;2;5;2,29,46710;46790;50110,,,,,
g_g007757,west,2,22,0,0,0,0,40,여,3;2;2;4;5;3;6;7,41,50130;42820;31200,,,,,
g_g007762,west,2,22,0,0,0,0,20,여,2;7;2;3;4;2;1;7,36,50130;26350;11680,,,,,
g_g007765,west,2,1,0,0,0,0,20,여,4;2;3;3;6;3;5;3,29,11680;46130;50110,,,,,
g_g007773,west,2,1,0,0,0,0,20,여,7;1;2;1;4;6;5;2,30,27290;43110;31710,,,,,
g_g007774,west,2,4,0,0,0,0,40,여,1;1;1;4;3;5;3;5,44,48840;42750;30200,,,,,
g_g007776,west,2,2,0,0,0,0,30,여,6;5;3;6;5;3;5;5,43,50130;30200;26230,,,,,
g_g007779,west,2,2,0,0,0,0,30,여,2;6;3;6;4;6;2;6,27,47190;47110;47130,,,,,
g_g007780,west,2,11,0,0,0,0,20,여,3;2;2;2;2;2;1;6,46,50110;42150;26200,,,,,
g_g007785,west,2,21,0,0,0,0,30,여,7;2;3;3;4;3;6;6,45,11680;26710;29200,,,,,
g_g007786,west,2,1,0,0,0,0,30,여,2;2;2;7;7;5;1;2,11,42150;46130;46150,,,,,
g_g007787,west,2,2,0,0,0,0,30,여,3;7;2;1;1;5;6;4,45,41220;46710;44770,,,,,
g_g007789,west,2,2,0,0,0,0,20,남,7;2;2;4;2;2;6;6,46,50130;26170;11680,,,,,
g_g007792,west,2,24,0,0,0,0,30,남,2;2;2;2;4;2;6;7,29,42150;50130;11680,,,,,
g_g007793,west,2,2,0,0,0,0,40,남,4;1;1;2;2;6;7;2,29,45190;46110;11110,,,,,
g_g007807,west,2,3,0,0,0,0,20,남,7;3;3;5;1;6;6;3,30,42210;44825;26500,,,,,
g_g007810,west,2,21,0,0,0,0,30,남,2;6;1;3;1;7;7;5,11,50130;48250;42150,,,,,
g_g007884,west,2,1,0,0,0,0,20,남,4;1;1;4;4;4;5;4,48,26500;11590;46130,,,,,
g_g007895,west,2,12,0,0,0,0,40,남,1;7;4;7;1;4;4;4,29,29200;46170;46110,,,,,
g_g007932,west,2,1,0,0,0,0,20,남,4;1;1;1;7;1;1;7,36,50130;26290;30140,,,,,
g_g007936,west,2,10,0,0,0,0,30,남,1;1;1;3;6;1;5;4,29,29200;48220;42820,,,,,
g_g007947,west,2,22,0,0,0,0,20,남,3;1;1;3;6;4;1;5,30,42830;26350;50130,,,,,
g_g007984,west,2,1,0,0,0,0,20,여,3;1;1;2;6;1;6;6,36,50110;11710;26350,,,,,
g_g007992,west,2,1,0,0,0,0,20,남,6;2;1;5;3;1;7;3,11,50110;26350;30200,,,,,
g_g007993,west,2,1,0,0,0,0,30,여,3;2;1;3;3;5;5;5,11,42820;44150;26530,,,,,
g_g008035,west,3,1,0,0,0,0,20,여,7;4;6;7;5;7;7;4,11,30170;11650;30200,,,,,
g_g008048,west,2,3,0,0,0,0,30,여,3;2;3;3;4;2;2;6,11,45190;46820;46150,,,,,
g_g008051,west,2,1,0,0,0,0,20,남,3;2;1;5;5;3;6;5,11,50110;47730;42210,,,,,
g_g008055,west,3,2,0,0,0,0,20,남,7;2;2;7;1;5;2;3,29,46130;11230;46710,,,,,
g_g008090,west,2,1,0,0,0,0,20,여,7;2;3;6;7;6;6;7,46,11110;29110;26140,,,,,
g_g008098,west,2,1,0,0,0,0,20,여,7;6;6;5;3;5;6;5,11,27260;27110;47170,,,,,
g_g008104,west,2,2,0,0,0,0,20,여,4;4;2;4;5;5;5;6,45,45140;45800;45130,,,,,
g_g008106,west,2,22,0,0,0,0,20,남,6;1;5;2;1;3;5;7,45,46130;42150;50110,,,,,
g_g008141,west,2,1,0,0,0,0,30,여,1;3;4;3;4;2;1;7,41,42150;42210;50130,,,,,
g_g008176,west,2,1,0,0,0,0,20,여,4;3;1;1;4;5;1;7,44,50130;42150;46130,,,,,
g_g008219,west,2,11,0,0,0,0,20,여,4;4;4;4;4;4;4;4,30,50130;42150;11680,,,,,
g_g008224,west,2,1,0,0,0,0,40,여,4;4;5;4;2;6;2;4,11,30140;27170;44210,,,,,
g_g008283,west,2,3,0,0,0,0,20,여,3;1;1;3;6;4;2;6,44,50130;26350;11440,,,,,
g_g008284,west,2,2,0,0,0,0,20,남,7;1;1;1;4;1;1;7,29,26350;26530;46130,,,,,
g_g008304,west,3,1,0,0,0,0,20,여,3;3;2;1;3;3;2;3,26,26350;50110;50130,,,,,
g_g008330,west,2,26,0,0,0,0,20,여,1;1;1;1;7;7;1;7,48,48120;26410;48270,,,,,
g_g008332,west,2,21,0,0,0,0,20,남,4;3;2;3;3;5;2;6,41,50110;42150;26350,,,,,
g_g008338,west,2,2,0,0,0,0,20,여,4;2;5;2;1;4;7;3,41,45190;42150;50110,,,,,
g_g008368,west,2,1,0,0,0,0,20,여,4;3;2;6;2;6;6;7,43,50130;44130;44180,,,,,
g_g008382,west,2,2,0,0,0,0,40,남,4;4;3;3;3;3;7;1,41,41590;11710;41460,,,,,
g_g008383,west,2,1,0,0,0,0,30,남,4;4;1;4;7;1;6;4,11,50110;30140;42150,,,,,
g_g008402,west,2,3,0,0,0,0,50,여,6;6;6;6;6;6;6;4,43,42150;26350;45110,,,,,
g_g008405,west,2,1,0,0,0,0,20,여,5;2;1;4;6;5;2;7,30,11440;26230;27140,,,,,
g_g008421,west,2,1,0,0,0,0,40,남,6;5;6;3;5;6;5;6,27,26710;46130;46110,,,,,
g_g008429,west,2,1,0,0,0,0,20,여,2;4;4;3;4;4;6;7,29,46710;46790;46130,,,,,
g_g008435,west,3,1,0,0,0,0,20,여,6;1;1;2;1;2;1;7,11,42150;46130;50110,,,,,
g_g008471,west,2,2,0,0,0,0,20,여,5;4;3;3;5;4;5;3,28,50130;26500;42720,,,,,
g_g008514,west,2,1,0,0,0,0,20,여,6;5;5;2;4;4;5;6,47,11440;29170;43130,,,,,
g_g008528,west,3,23,0,0,0,0,50,남,4;5;3;5;3;3;5;4,29,46710;46730;46130,,,,,
g_g008531,west,2,1,0,0,0,0,20,여,2;6;5;6;6;5;2;6,29,26350;46110;46130,,,,,
g_g008603,west,2,1,0,0,0,0,30,여,2;5;5;1;2;2;5;5,28,50110;42830;42150,,,,,
g_g008626,west,2,12,0,0,0,0,50,남,1;1;1;1;1;1;1;7,41,50130;26350;42150,,,,,
g_g008644,west,2,22,0,0,0,0,20,여,4;4;5;2;4;6;1;6,41,26500;26350;41290,,,,,
g_g008659,west,2,25,0,0,0,0,20,여,6;6;6;5;3;6;2;2,45,46710;46110;45130,,,,,
g_g008664,west,2,1,0,0,0,0,40,여,3;2;2;4;3;3;3;5,30,45130;26350;42150,,,,,
g_g008681,west,2,3,0,0,0,0,40,여,1;1;5;1;1;5;3;5,11,42210;29140;47190,,,,,
g_g008701,west,2,21,0,0,0,0,50,여,3;1;1;3;4;4;2;6,29,50130;46710;26200,,,,,
g_g008733,west,2,3,0,0,0,0,20,남,6;6;5;3;3;5;2;6,45,50130;11110;26350,,,,,
g_g008737,west,2,1,0,0,0,0,20,여,6;7;4;2;7;7;7;1,36,30170;44180;50110,,,,,
g_g008763,west,2,1,0,0,0,0,20,여,5;2;2;4;5;5;6;4,30,42150;26500;11200,,,,,
g_g008781,west,2,1,0,0,0,0,20,여,5;2;2;5;3;3;3;3,29,26350;11230;46110,,,,,
g_g008789,west,2,22,0,0,0,0,20,남,2;2;5;3;3;5;7;6,28,46130;42150;50110,,,,,
g_g008798,west,2,21,0,0,0,0,20,여,4;6;3;3;5;6;2;7,29,46170;26500;11680,,,,,
g_g008830,west,3,21,0,0,0,0,40,남,4;3;3;5;3;5;2;3,28,50130;42150;26350,,,,,
g_g008859,west,2,1,0,0,0,0,30,여,3;1;1;2;5;4;2;5,30,50130;46130;44150,,,,,
g_g008863,west,2,6,0,0,0,0,40,남,1;4;1;3;2;3;5;3,29,46730;46900;42150,,,,,
g_g008866,west,3,1,0,0,0,0,20,여,3;2;1;6;2;3;6;7,45,50130;30200;45110,,,,,
g_g008873,west,2,11,0,0,0,0,40,남,4;3;2;2;4;5;2;6,44,42150;48840;43730,,,,,
g_g008878,west,2,22,0,0,0,0,20,여,2;6;4;5;5;3;7;2,44,44130;43130;42150,,,,,
g_g008895,west,2,1,0,0,0,0,20,여,1;1;1;3;2;6;6;2,11,26710;42110;42830,,,,,
g_g008902,west,2,1,0,0,0,0,20,여,4;4;2;3;3;5;5;5,41,41590;27140;11680,,,,,
g_g008906,west,2,1,0,0,0,0,20,여,4;4;3;3;4;5;6;7,11,42210;42150;26350,,,,,
g_g008925,west,3,21,0,0,0,0,20,여,2;2;2;2;2;4;4;6,45,26350;42210;11680,,,,,
g_g008928,west,2,21,0,0,0,0,30,여,1;1;3;4;1;2;1;6,11,45140;45180;45130,,,,,
g_g008932,west,2,1,0,0,0,0,30,여,3;2;4;4;2;2;2;5,41,42150;28710;26350,,,,,
g_g008968,west,2,2,0,0,0,0,20,여,2;6;2;3;5;4;4;4,45,46130;50130;11110,,,,,
g_g009026,west,3,1,0,0,0,0,20,여,3;4;3;5;5;5;5;6,27,26350;26260;48120,,,,,
g_g009034,west,2,22,0,0,0,0,30,여,4;3;2;3;6;3;3;6,27,11110;50130;50110,,,,,
g_g009114,west,2,1,0,0,0,0,20,남,4;1;2;1;2;4;4;5,43,42150;11680;26710,,,,,
g_g009161,west,2,9,0,0,0,0,30,남,7;4;1;3;7;7;3;5,26,26350;26710;11680,,,,,
g_g009194,west,2,3,0,0,0,0,40,남,2;6;4;3;2;3;3;5,29,46710;46150;46110,,,,,
g_g009210,west,2,1,0,0,0,0,20,남,6;3;2;1;3;3;6;6,11,50110;42110;31710,,,,,
g_g009219,west,2,21,0,0,0,0,30,여,4;1;4;2;5;2;5;5,29,45110;26350;47130,,,,,
g_g009232,west,2,1,0,0,0,0,20,여,2;2;2;5;4;4;6;5,28,41820;26350;42210,,,,,
g_g009266,west,2,12,0,0,0,0,20,남,3;1;2;3;4;1;7;6,45,46130;45800;50110,,,,,
g_g009267,west,2,13,0,0,0,0,40,남,4;2;6;4;3;4;3;3,45,45720;30140;45140,,,,,
g_g009273,west,2,1,0,0,0,0,20,여,4;4;4;4;4;4;4;4,41,26350;50130;11710,,,,,
g_g009283,west,2,6,0,0,0,0,20,여,2;1;1;4;5;2;1;5,29,46130;26500;50110,,,,,
g_g009291,west,2,1,0,0,0,0,30,여,6;7;2;6;7;2;1;6,29,50110;11680;46820,,,,,
g_g009320,west,2,1,0,0,0,0,20,여,1;7;7;1;1;4;7;5,11,50110;26260;30140,,,,,
g_g009325,west,2,22,0,0,0,0,20,남,4;3;3;4;3;4;5;6,29,50110;46790;45110,,,,,
g_g009329,west,2,2,0,0,0,0,20,여,4;2;4;3;4;4;1;6,43,11440;26260;42150,,,,,
g_g009332,west,2,13,0,0,0,0,30,남,1;7;1;1;1;1;1;7,41,42210;27260;26350,,,,,
g_g009335,west,2,1,0,0,0,0,20,여,4;7;1;1;3;2;7;7,11,50130;26350;45110,,,,,
g_g009348,west,2,22,0,0,0,0,30,남,1;1;2;2;4;2;7;1,41,42210;43800;50130,,,,,
g_g009355,west,2,4,0,0,0,0,50,여,2;4;2;5;4;4;3;6,48,50130;11650;42760,,,,,
g_g009360,west,2,1,0,0,0,0,20,여,3;2;2;6;6;6;3;5,29,11680;26350;42150,,,,,
g_g009362,west,2,22,0,0,0,0,30,여,4;4;6;6;4;3;6;1,45,26200;46130;42150,,,,,
g_g009365,west,2,2,0,0,0,0,30,여,2;4;1;2;1;7;1;1,29,50130;11680;45130,,,,,
g_g009367,west,2,4,0,0,0,0,40,여,3;6;5;2;7;6;3;6,43,30200;44180;47770,,,,,
g_g009368,west,2,10,0,0,0,0,20,남,4;4;4;4;4;4;4;4,43,26200;44180;11710,,,,,
g_g009370,west,2,2,0,0,0,0,30,남,7;4;1;1;4;1;7;1,30,26350;26230;30170,,,,,
g_g009372,west,2,1,0,0,0,0,20,여,5;1;3;5;4;6;6;5,41,50130;26350;42150,,,,,
g_g009401,west,2,22,0,0,0,0,30,여,4;1;1;5;2;3;2;6,45,50110;50130;26350,,,,,
g_g009414,west,2,22,0,0,0,0,20,여,2;4;3;1;1;2;7;7,43,11440;43110;11650,,,,,
g_g009442,west,2,22,0,0,0,0,50,남,6;4;4;4;4;4;4;5,11,41570;41360;41280,,,,,
g_g009465,west,2,11,0,0,0,0,20,여,1;4;1;5;4;1;7;5,45,45110;46230;11170,,,,,
g_g009482,west,2,22,0,0,0,0,20,남,3;3;2;3;2;6;2;6,46,50110;46150;46130,,,,,
g_g009503,west,2,2,0,0,0,0,40,여,3;3;2;3;4;6;2;5,11,41460;41480;42150,,,,,
g_g009526,west,2,1,0,0,0,0,40,남,4;4;5;4;3;4;2;2,46,26140;48870;29140,,,,,
g_g009533,west,2,1,0,0,0,0,20,여,6;7;6;2;3;6;1;5,11,41280;41250;48330,,,,,
g_g009557,west,2,22,0,0,0,0,20,여,4;3;4;3;4;3;3;6,29,26500;46130;45110,,,,,
g_g009573,west,2,13,0,0,0,0,30,여,2;2;4;2;4;5;3;6,11,44180;41820;42150,,,,,
g_g009577,west,3,1,0,0,0,0,20,남,1;2;1;2;2;2;2;3,11,50130;42150;26260,,,,,
g_g009630,west,2,12,0,0,0,0,20,남,2;1;1;4;4;3;3;7,41,50130;42150;47130,,,,,
g_g009639,west,2,1,0,0,0,0,20,여,6;1;2;1;2;5;3;2,11,50130;26350;11680,,,,,
g_g009661,west,2,22,0,0,0,0,20,남,7;3;7;3;7;7;7;7,29,50130;46130;46710,,,,,
g_g009732,west,2,1,0,0,0,0,20,여,5;5;2;6;5;5;5;5,29,45110;46710;46130,,,,,
g_g009738,west,2,1,0,0,0,0,20,여,3;3;2;3;3;3;7;5,41,42170;42210;50130,,,,,
g_g009745,west,2,9,0,0,0,0,30,여,1;4;6;1;1;4;1;7,44,42150;11215;26260,,,,,
g_g009768,west,2,22,0,0,0,0,20,여,2;4;1;6;4;2;1;2,43,50110;26710;46130,,,,,
g_g009771,west,2,10,0,0,0,0,30,남,1;1;1;1;1;1;7;3,44,30170;45130;42750,,,,,
g_g009783,west,2,1,0,0,0,0,20,여,5;2;3;3;2;5;5;4,11,27260;11710;26350,,,,,
g_g009798,west,2,12,0,0,0,0,40,여,1;6;2;6;5;2;2;7,41,48840;42230;41110,,,,,
g_g009802,west,2,1,0,0,0,0,20,여,3;2;3;4;3;4;1;7,26,50130;42190;47130,,,,,
g_g009815,west,2,4,0,0,0,0,20,여,5;5;2;2;4;6;6;7,41,50130;26350;42150,,,,,
g_g009819,west,2,1,0,0,0,0,30,여,4;4;4;4;4;4;4;4,43,31140;47280;43800,,,,,
g_g009821,west,2,21,0,0,0,0,30,남,4;2;2;6;1;7;2;7,45,11590;45790;50130,,,,,
g_g009858,west,2,1,0,0,0,0,20,여,7;1;1;4;7;7;7;7,29,50110;30140;47130,,,,,
g_g009864,west,2,3,0,0,0,0,50,여,3;4;4;4;3;6;4;4,41,42830;50130;41360,,,,,
g_g009879,west,2,1,0,0,0,0,20,여,6;7;2;1;6;6;7;5,41,41130;50130;48330,,,,,
g_g009898,west,2,24,0,0,0,0,40,남,2;1;4;5;7;4;3;7,41,42210;50130;46130,,,,,
g_g009913,west,2,22,0,0,0,0,30,여,4;2;6;3;4;6;5;7,41,46110;42150;28260,,,,,
g_g009929,west,2,1,0,0,0,0,40,여,4;1;5;3;6;7;3;7,43,47110;30200;43750,,,,,
g_g009931,west,2,1,0,0,0,0,20,여,3;2;2;1;5;6;3;7,11,42150;50130;41110,,,,,
g_g009962,west,2,1,0,0,0,0,20,여,4;1;1;7;7;3;1;7,45,50110;50130;11680,,,,,
g_g009973,west,2,1,0,0,0,0,20,여,4;2;2;2;2;2;3;5,11,46110;50110;29140,,,,,
g_g010002,west,2,1,0,0,0,0,20,여,6;6;3;4;6;4;6;2,48,50110;46130;26350,,,,,
g_g010037,west,2,1,0,0,0,0,20,여,2;1;5;2;1;6;2;7,45,50130;26350;11110,,,,,
g_g010043,west,2,1,0,0,0,0,20,남,1;2;2;4;3;2;1;5,45,50110;26350;11680,,,,,
g_g010044,west,2,1,0,0,0,0,30,여,4;3;4;5;5;6;5;6,45,41280;29140;41310,,,,,
g_g010107,west,2,28,0,0,0,0,20,여,3;4;3;3;2;4;2;3,11,28710;50130;47130,,,,,
g_g010119,west,2,22,0,0,0,0,40,남,4;3;3;3;3;3;2;6,29,26380;42110;43800,,,,,
g_g010153,west,2,1,0,0,0,0,40,남,2;3;3;4;3;2;2;6,41,41610;30140;42210,,,,,
g_g010164,west,2,21,0,0,0,0,20,여,2;2;2;4;6;5;4;5,30,44825;11110;50110,,,,,
g_g010200,west,2,2,0,0,0,0,20,여,2;2;2;5;6;6;6;6,29,50130;26350;11680,,,,,
g_g010210,west,2,1,0,0,0,0,20,남,4;4;1;4;4;5;5;5,41,28185;30200;42150,,,,,
g_g010218,west,2,1,0,0,0,0,20,남,3;2;6;1;4;4;6;7,41,50110;11215;26350,,,,,
g_g010222,west,2,1,0,0,0,0,50,남,4;7;1;4;1;7;4;6,36,43130;43110;30200,,,,,
g_g010224,west,2,10,0,0,0,0,40,남,4;2;2;6;7;2;1;7,41,42150;41670;44130,,,,,
g_g010248,west,2,2,0,0,0,0,30,남,7;1;4;1;4;7;1;7,43,11230;26350;27170,,,,,
g_g010256,west,2,2,0,0,0,0,20,여,6;4;6;6;7;3;6;2,29,46710;48310;26710,,,,,
g_g010282,west,2,4,0,0,0,0,30,여,2;2;3;4;5;4;5;5,11,42150;42210;41670,,,,,
g_g010342,west,2,3,0,0,0,0,20,남,4;2;1;4;3;4;5;4,29,50110;26350;46130,,,,,
g_g010348,west,2,1,0,0,0,0,20,남,4;2;3;2;4;4;3;6,11,50110;26350;46150,,,,,
g_g010357,west,2,13,0,0,0,0,30,남,2;1;1;1;6;1;1;7,11,41220;44130;41360,,,,,
g_g010391,west,2,2,0,0,0,0,40,여,7;4;7;4;4;7;4;4,27,50130;26710;48170,,,,,
g_g010401,west,2,1,0,0,0,0,20,여,5;4;6;6;7;3;6;2,29,42150;11170;46130,,,,,
g_g010407,west,2,1,0,0,0,0,20,남,7;2;5;6;7;2;6;2,11,26500;11110;11200,,,,,
g_g010412,west,2,2,0,0,0,0,40,여,1;4;2;1;1;7;4;7,46,46130;26710;45110,,,,,
g_g010413,west,2,5,0,0,0,0,40,여,2;2;3;2;4;1;2;6,46,46130;42210;50130,,,,,
g_g010415,west,2,11,0,0,0,0,40,남,4;1;1;1;4;7;7;4,44,50130;42210;26350,,,,,
g_g010423,west,2,10,0,0,0,0,20,남,4;6;4;4;4;6;6;3,27,27260;47720;47170,,,,,
g_g010430,west,2,2,0,0,0,0,50,남,2;6;2;2;6;6;2;4,29,46150;46130;46790,,,,,
g_g010439,west,2,12,0,0,0,0,20,남,4;3;3;4;4;4;4;5,30,50110;50130;26350,,,,,
g_g010441,west,2,21,0,0,0,0,20,여,4;4;4;4;4;4;6;3,41,42150;50130;26260,,,,,
g_g010442,west,2,1,0,0,0,0,20,여,4;2;2;2;4;6;7;7,26,11170;27110;50130,,,,,
g_g010444,west,2,1,0,0,0,0,20,여,2;2;2;1;3;5;6;3,46,30200;46130;45110,,,,,
g_g010456,west,2,1,0,0,0,0,50,여,1;1;1;6;2;4;2;6,30,42150;42210;44825,,,,,
g_g010458,west,2,1,0,0,0,0,30,남,2;3;3;3;3;5;6;5,36,42210;41820;50110,,,,,
g_g010461,west,2,1,0,0,0,0,30,남,1;1;3;4;1;1;1;5,30,30110;42830;46130,,,,,
g_g010464,west,2,22,0,0,0,0,30,여,2;1;2;4;6;2;4;7,41,26350;48330;11410,,,,,
g_g010476,west,2,1,0,0,0,0,30,여,2;1;2;1;3;3;4;7,41,42210;42830;41820,,,,,
g_g010477,west,2,1,0,0,0,0,50,여,6;2;3;3;3;3;2;3,11,41830;42150;26350,,,,,
g_g010483,west,2,2,0,0,0,0,30,남,6;6;6;3;4;6;1;5,46,46130;41110;11620,,,,,
g_g010492,west,2,1,0,0,0,0,20,여,3;2;1;4;4;3;6;5,43,43760;44180;44130,,,,,
g_g010506,west,2,1,0,0,0,0,30,여,3;3;1;3;4;6;3;6,41,42150;43770;44210,,,,,
g_g010508,west,2,22,0,0,0,0,30,남,2;2;2;3;6;4;2;5,43,42150;46130;26350,,,,,
g_g010510,west,2,11,0,0,0,0,20,남,2;2;2;3;1;4;3;4,30,50130;42830;26140,,,,,
g_g010515,west,2,22,0,0,0,0,20,여,2;6;2;6;6;4;5;3,29,50110;46710;46170,,,,,
g_g010521,west,2,2,0,0,0,0,20,남,1;4;1;6;6;7;7;1,30,50130;42210;44230,,,,,
g_g010526,west,2,1,0,0,0,0,30,남,2;2;4;2;2;3;6;6,36,50110;42150;26710,,,,,
g_g010545,west,2,4,0,0,0,0,20,남,2;2;2;4;3;3;3;3,45,46820;46130;50130,,,,,
g_g010552,west,2,1,0,0,0,0,30,여,4;4;4;4;4;4;4;4,11,42150;50110;44825,,,,,
g_g010557,west,2,3,0,0,0,0,40,여,6;2;1;1;5;5;1;7,45,29170;11110;41110,,,,,
g_g010569,west,2,1,0,0,0,0,20,여,2;2;2;3;2;3;6;6,29,46110;46170;45110,,,,,
g_g010573,west,2,1,0,0,0,0,30,여,4;4;4;3;3;4;3;6,29,11560;26500;50110,,,,,
g_g010594,west,2,1,0,0,0,0,30,여,4;6;2;2;3;7;3;7,30,46130;44210;44150,,,,,
g_g010599,west,2,1,0,0,0,0,20,여,2;6;3;6;5;3;6;3,41,11110;30170;42760,,,,,
g_g010601,west,2,11,0,0,0,0,40,남,2;3;2;1;1;1;7;1,26,50130;11680;48840,,,,,
g_g010617,west,2,4,0,0,0,0,20,여,3;2;5;3;2;5;5;2,43,50110;30230;50130,,,,,
g_g010624,west,2,1,0,0,0,0,30,여,7;2;1;2;7;2;1;1,11,30140;28185;46150,,,,,
g_g010633,west,2,1,0,0,0,0,20,여,4;2;1;5;6;5;3;5,41,42150;47130;26350,,,,,
g_g010635,west,2,1,0,0,0,0,20,여,4;4;3;3;4;6;2;5,27,50130;26350;30170,,,,,
g_g010656,west,2,2,0,0,0,0,30,남,6;2;2;2;2;6;2;5,11,50110;26350;11680,,,,,
g_g010657,west,2,21,0,0,0,0,30,여,2;4;2;4;6;4;3;6,11,11590;48240;44210,,,,,
g_g010673,west,2,1,0,0,0,0,30,남,2;2;1;3;6;5;2;6,11,50110;42150;44180,,,,,
g_g010674,west,2,13,0,0,0,0,20,남,6;2;2;4;2;5;6;4,44,50110;11680;45140,,,,,
g_g010703,west,2,3,0,0,0,0,30,여,3;6;1;1;1;6;7;6,11,26350;50110;42170,,,,,
g_g010705,west,2,4,0,0,0,0,30,여,2;2;6;2;2;6;3;3,46,42150;50110;26410,,,,,
g_g010717,west,2,12,0,0,0,0,20,남,4;6;2;6;7;6;6;6,45,45800;30200;11710,,,,,
g_g010733,west,2,4,0,0,0,0,40,여,1;7;7;4;1;4;5;3,11,41650;45110;41830,,,,,
g_g010735,west,2,1,0,0,0,0,40,여,1;4;4;2;3;5;4;5,46,29200;26230;48840,,,,,
g_g010743,west,2,1,0,0,0,0,20,여,2;2;1;5;2;1;6;3,11,42750;50110;45130,,,,,
g_g010747,west,2,1,0,0,0,0,20,여,5;4;4;5;4;5;5;5,11,26350;27110;30140,,,,,
g_g010752,west,2,22,0,0,0,0,30,여,3;2;4;4;4;4;6;4,11,50110;43150;42210,,,,,
g_g010757,west,2,12,0,0,0,0,50,여,6;4;7;3;5;7;6;7,27,26500;43760;47280,,,,,
g_g010759,west,2,12,0,0,0,0,20,여,3;3;3;3;4;4;6;7,29,26350;29200;42150,,,,,
g_g010773,west,2,1,0,0,0,0,20,남,5;3;3;2;2;5;1;3,29,50130;26350;46710,,,,,
g_g010776,west,2,1,0,0,0,0,20,남,1;7;1;1;1;1;1;1,48,48840;42190;48120,,,,,
g_g010780,west,2,22,0,0,0,0,50,여,1;5;2;4;5;5;2;5,41,42150;41590;50130,,,,,
g_g010781,west,2,2,0,0,0,0,30,여,4;3;3;3;3;4;4;4,44,42150;44200;50110,,,,,
g_g010785,west,2,1,0,0,0,0,30,여,2;6;1;2;2;1;1;5,11,42130;42150;44150,,,,,
g_g010799,west,2,22,0,0,0,0,30,남,4;1;3;3;6;2;6;5,30,50110;42110;46710,,,,,
g_g010805,west,2,2,0,0,0,0,30,남,5;1;1;4;7;7;1;6,44,44130;41290;41110,,,,,
g_g010807,west,2,1,0,0,0,0,30,여,3;3;1;1;1;1;7;5,45,50130;26350;11680,,,,,
g_g010811,west,2,1,0,0,0,0,40,여,3;5;1;6;7;2;4;5,29,46130;50130;42810,,,,,
g_g010816,west,2,22,0,0,0,0,20,남,4;2;3;1;2;2;6;7,30,50110;11560;27140,,,,,
g_g010824,west,2,28,0,0,0,0,60,남,1;4;1;3;2;2;2;7,11,28710;27140;42760,,,,,
g_g010835,west,2,2,0,0,0,0,20,남,3;1;4;3;1;4;4;7,43,26710;11170;46130,,,,,
g_g010836,west,2,22,0,0,0,0,20,남,3;6;2;5;5;6;2;5,11,26350;48310;42830,,,,,
g_g010838,west,2,1,0,0,0,0,30,여,3;2;2;6;2;6;2;6,11,50110;42820;42150,,,,,
g_g010840,west,2,1,0,0,0,0,20,남,7;1;1;1;7;6;2;6,45,50110;11110;26350,,,,,
g_g010847,west,2,1,0,0,0,0,30,여,4;2;1;2;4;6;6;4,36,11440;28185;41460,,,,,
g_g010850,west,2,3,0,0,0,0,30,여,2;2;2;4;2;2;6;2,30,50110;26350;42170,,,,,
g_g010859,west,2,2,0,0,0,0,20,남,7;1;1;6;6;5;7;2,11,30200;44130;43110,,,,,
g_g010860,west,2,1,0,0,0,0,30,여,7;4;2;5;5;6;1;6,41,26350;41110;11710,,,,,
g_g010864,west,2,1,0,0,0,0,20,여,3;6;2;3;3;3;7;6,11,11710;43110;41110,,,,,
g_g010870,west,2,1,0,0,0,0,30,여,2;2;1;1;1;4;3;5,44,50130;44825;42720,,,,,
g_g010878,west,2,21,0,0,0,0,20,남,5;2;2;5;6;2;5;3,11,42110;41460;26350,,,,,
g_g010908,west,2,12,0,0,0,0,40,여,4;4;3;3;3;3;4;5,43,44150;45110;30200,,,,,
g_g010910,west,2,9,0,0,0,0,40,여,1;4;5;1;4;5;2;7,44,50130;42230;11170,,,,,
g_g010930,west,2,1,0,0,0,0,50,여,4;4;2;6;6;2;2;6,27,50110;26710;42210,,,,,
g_g010931,west,2,21,0,0,0,0,20,남,2;7;2;3;4;3;6;6,29,46130;50110;11680,,,,,
g_g010932,west,2,21,0,0,0,0,30,여,2;2;2;6;5;5;3;4,30,11440;50130;42150,,,,,
g_g010939,west,2,2,0,0,0,0,40,남,6;2;2;1;6;2;7;6,45,30200;11710;50110,,,,,
g_g010944,west,2,1,0,0,0,0,30,여,3;4;1;2;5;3;5;5,43,48840;42230;50130,,,,,
g_g010945,west,2,1,0,0,0,0,20,여,5;2;3;2;2;7;3;4,11,42150;50110;26350,,,,,
g_g010950,west,2,1,0,0,0,0,20,남,1;1;1;2;6;3;6;4,11,50110;42150;26140,,,,,
g_g010954,west,2,2,0,0,0,0,30,남,3;4;2;3;2;5;2;6,41,42820;46150;50130,,,,,
g_g010972,west,2,1,0,0,0,0,20,여,5;2;3;3;3;4;6;5,11,42150;50110;47130,,,,,
g_g010976,west,2,2,0,0,0,0,20,여,2;4;1;4;5;3;6;5,11,50130;42830;26200,,,,,
g_g010979,west,2,21,0,0,0,0,20,남,4;4;2;6;7;3;4;5,43,11215;11110;11170,,,,,
g_g010982,west,2,1,0,0,0,0,30,여,1;2;4;4;1;3;7;2,44,42150;50110;42210,,,,,
g_g011009,west,2,4,0,0,0,0,20,여,4;2;3;3;3;3;5;3,46,50130;26500;11440,,,,,
g_g011018,west,2,1,0,0,0,0,50,여,7;2;1;2;7;2;2;7,29,42150;26350;46130,,,,,
g_g011038,west,2,22,0,0,0,0,20,남,1;1;1;7;5;1;1;7,46,42820;46730;50130,,,,,
g_g011045,west,2,3,0,0,0,0,40,남,3;2;2;2;6;2;2;6,41,50130;42150;43130,,,,,
g_g011053,west,2,1,0,0,0,0,20,남,4;4;2;3;4;3;6;2,41,50130;50110;42150,,,,,
g_g011054,west,2,2,0,0,0,0,30,여,2;1;1;5;5;3;6;4,11,42150;26710;45130,,,,,
g_g011060,west,2,6,0,0,0,0,20,여,4;4;2;2;4;4;3;5,30,44130;11290;44230,,,,,
g_g011076,west,2,1,0,0,0,0,20,여,2;1;2;1;2;5;7;2,11,26200;50130;42150,,,,,
g_g011077,west,2,2,0,0,0,0,30,여,2;1;1;1;1;1;1;7,43,43110;44130;43130,,,,,
g_g011078,west,2,2,0,0,0,0,30,여,4;2;7;3;1;4;1;2,29,46130;11710;41460,,,,,
g_g011086,west,2,1,0,0,0,0,20,여,3;6;6;5;6;4;7;6,47,11110;47130;47820,,,,,
g_g011091,west,2,13,0,0,0,0,20,여,2;2;4;3;3;5;5;7,29,42150;46710;46130,,,,,
g_g011096,west,2,1,0,0,0,0,30,여,1;4;3;3;2;4;3;4,43,42210;42150;11215,,,,,
g_g011097,west,2,21,0,0,0,0,20,여,4;4;3;2;4;5;1;6,29,26350;11680;46710,,,,,
g_g011098,west,2,1,0,0,0,0,20,남,4;3;2;2;2;1;3;5,30,45110;31170;50130,,,,,
g_g011101,west,2,22,0,0,0,0,30,여,1;4;1;4;4;7;3;7,11,50110;42210;26350,,,,,
g_g011102,west,2,3,0,0,0,0,20,남,2;3;3;1;1;3;6;5,45,50110;42210;46710,,,,,
g_g011105,west,2,2,0,0,0,0,20,남,2;6;1;2;2;6;4;6,11,26500;46130;27260,,,,,
g_g011106,west,2,4,0,0,0,0,30,남,3;5;2;6;5;4;6;5,11,26110;29155;30140,,,,,
g_g011120,west,2,1,0,0,0,0,20,여,2;1;2;2;1;5;7;1,41,26350;47130;27110,,,,,
g_g011123,west,2,22,0,0,0,0,20,여,5;1;4;2;7;4;7;4,46,29200;47110;41280,,,,,
g_g011127,west,2,12,0,0,0,0,30,여,6;4;1;2;4;3;1;6,11,42150;26500;43150,,,,,
g_g011129,west,2,1,0,0,0,0,20,여,5;3;1;5;6;2;7;3,11,26350;50110;42150,,,,,
g_g011131,west,2,2,0,0,0,0,20,여,5;2;6;7;6;6;7;5,41,42150;26500;30200,,,,,
g_g011137,west,2,21,0,0,0,0,40,남,2;2;1;3;2;4;1;1,41,44825;42820;48220,,,,,
g_g011146,west,2,3,0,0,0,0,30,여,2;6;4;1;1;1;4;4,41,50110;26350;42150,,,,,
g_g011148,west,2,12,0,0,0,0,30,여,2;4;1;4;6;2;4;4,29,50110;42820;46110,,,,,
g_g011161,west,2,1,0,0,0,0,20,남,6;2;3;2;4;3;2;3,11,50110;41360;42150,,,,,
g_g011162,west,2,10,0,0,0,0,30,남,6;2;2;2;3;2;4;6,11,42150;41820;29110,,,,,
g_g011163,west,2,21,0,0,0,0,20,여,2;2;2;4;2;2;4;4,44,28710;11215;41110,,,,,
g_g011164,west,2,1,0,0,0,0,20,여,2;2;3;3;1;4;6;5,27,47840;47110;47130,,,,,
g_g011166,west,2,21,0,0,0,0,30,여,5;2;1;7;5;5;2;7,29,50130;26350;41460,,,,,
g_g011171,west,2,3,0,0,0,0,40,남,3;2;2;4;4;3;2;5,45,45110;46130;26350,,,,,
g_g011173,west,2,1,0,0,0,0,20,여,3;3;2;5;6;2;6;4,45,45110;11110;46110,,,,,
g_g011188,west,2,1,0,0,0,0,20,남,3;2;2;4;2;5;6;4,36,50130;42830;26170,,,,,
g_g011189,west,2,22,0,0,0,0,40,남,3;4;3;3;5;4;5;5,29,46130;46110;46810,,,,,
g_g011192,west,2,1,0,0,0,0,20,여,6;2;2;2;6;6;6;6,46,11230;30110;45190,,,,,
g_g011194,west,2,12,0,0,0,0,30,여,6;3;4;3;4;5;4;4,45,50110;11110;28185,,,,,
g_g011197,west,2,21,0,0,0,0,50,여,1;1;1;4;4;5;3;7,29,46710;46900;11110,,,,,
g_g011200,west,2,22,0,0,0,0,50,남,1;2;5;3;4;4;6;2,41,26500;46130;50130,,,,,
g_g011207,west,2,1,0,0,0,0,30,여,2;4;2;2;4;2;6;7,41,41110;11680;28710,,,,,
g_g011212,west,2,3,0,0,0,0,50,남,1;2;1;2;6;2;2;2,41,50130;46150;46840,,,,,
g_g011228,west,2,1,0,0,0,0,30,남,2;6;1;2;2;2;2;6,41,44200;42150;41550,,,,,
g_g011229,west,2,2,0,0,0,0,20,남,4;5;2;4;6;6;6;5,43,50130;26350;11110,,,,,
g_g011232,west,2,22,0,0,0,0,20,남,4;4;2;4;4;4;4;4,11,50130;42830;30140,,,,,
g_g011233,west,2,1,0,0,0,0,40,남,4;4;4;4;4;4;4;4,11,11680;41110;50110,,,,,
g_g011239,west,2,12,0,0,0,0,30,여,2;5;5;5;3;2;2;4,42,43800;42150;11305,,,,,
g_g011242,west,2,22,0,0,0,0,20,여,7;7;3;1;1;7;7;7,11,42230;50110;26350,,,,,
g_g011254,west,2,2,0,0,0,0,40,여,3;3;4;4;6;6;6;5,29,50130;48310;26710,,,,,
g_g011255,west,2,9,0,0,0,0,50,남,1;3;2;2;3;1;3;4,11,42150;44210;47130,,,,,
g_g011268,west,2,1,0,0,0,0,30,남,7;4;3;2;1;4;7;7,44,30200;44180;44760,,,,,
g_g011274,west,2,1,0,0,0,0,20,여,2;1;4;6;5;5;5;5,46,50130;46110;48220,,,,,
g_g011276,west,2,2,0,0,0,0,20,남,4;6;2;5;2;5;2;1,41,11170;11110;11140,,,,,
g_g011286,west,2,13,0,0,0,0,40,남,4;1;5;5;3;5;3;6,11,26350;42150;50130,,,,,
g_g011291,west,2,1,0,0,0,0,20,여,3;4;3;2;2;3;4;4,29,46780;46720;11230,,,,,
g_g011292,west,2,1,0,0,0,0,20,남,2;3;2;3;6;4;2;3,29,46130;31170;42150,,,,,
g_g011295,west,2,10,0,0,0,0,50,남,4;5;5;4;4;5;5;5,41,41190;42150;45790,,,,,
g_g011297,west,2,1,0,0,0,0,30,남,2;1;1;6;7;1;6;1,30,26440;42110;11680,,,,,
g_g011299,west,2,12,0,0,0,0,30,남,6;7;1;1;6;2;7;7,29,46130;26200;50130,,,,,
g_g011300,west,2,1,0,0,0,0,40,남,3;2;1;3;2;3;1;4,48,42830;50110;26710,,,,,
g_g011305,west,2,1,0,0,0,0,20,여,2;1;2;1;1;3;2;4,36,50130;26500;46110,,,,,
g_g011318,west,2,11,0,0,0,0,30,여,2;3;2;4;4;3;2;4,45,48860;45720;29170,,,,,
g_g011323,west,2,4,0,0,0,0,40,여,1;1;3;4;2;3;4;2,41,50130;43150;42110,,,,,
g_g011344,west,2,21,0,0,0,0,30,여,3;2;1;4;3;2;1;7,44,26410;43150;30170,,,,,
g_g011354,west,2,22,0,0,0,0,30,남,4;3;3;2;2;2;6;4,30,50130;26350;42830,,,,,
g_g011365,west,2,22,0,0,0,0,20,남,1;1;6;2;1;6;6;7,28,26500;42150;50130,,,,,
g_g011370,west,2,22,0,0,0,0,30,여,4;2;1;4;4;6;5;4,29,26500;47130;11200,,,,,
g_g011374,west,2,3,0,0,0,0,50,남,2;5;2;1;3;2;1;2,11,42830;26350;48220,,,,,
g_g011376,west,2,1,0,0,0,0,30,여,4;2;1;3;3;4;2;6,30,42150;26350;45130,,,,,
g_g011393,west,2,1,0,0,0,0,20,남,7;7;1;7;4;3;7;6,30,30170;11230;26350,,,,,
g_g011396,west,2,22,0,0,0,0,50,남,1;2;6;5;6;3;6;6,41,42210;50130;26350,,,,,
g_g011398,west,2,1,0,0,0,0,50,여,2;4;1;2;2;6;2;6,41,41110;11680;41270,,,,,
g_g011399,west,2,28,0,0,0,0,20,여,1;7;1;7;7;1;7;7,29,46810;50130;47130,,,,,
g_g011408,west,2,6,0,0,0,0,20,여,6;4;4;3;4;5;5;3,28,26350;30140;11440,,,,,
g_g011409,west,2,1,0,0,0,0,30,여,2;1;1;4;6;3;2;6,11,42150;42820;46130,,,,,
g_g011411,west,2,10,0,0,0,0,20,남,2;4;2;3;5;2;2;6,30,30140;44150;46150,,,,,
g_g011412,west,2,22,0,0,0,0,30,남,2;3;1;2;2;4;2;2,11,42210;26350;41360,,,,,
g_g011422,west,2,24,0,0,0,0,20,남,2;4;1;3;4;5;2;6,41,42150;26440;30110,,,,,
g_g011430,west,2,1,0,0,0,0,20,여,4;4;4;4;4;4;4;4,30,45130;47250;11680,,,,,
g_g011432,west,2,21,0,0,0,0,30,남,2;2;2;2;3;4;6;4,44,26230;50130;47110,,,,,
g_g011435,west,2,1,0,0,0,0,40,여,3;2;4;4;4;4;5;4,11,50110;50130;42210,,,,,
g_g011441,west,2,4,0,0,0,0,40,남,2;3;2;3;3;2;6;2,43,48220;26200;46130,,,,,
g_g011444,west,2,1,0,0,0,0,20,남,1;6;2;3;1;2;7;6,28,42150;28710;44180,,,,,
g_g011448,west,2,12,0,0,0,0,50,여,6;4;6;2;4;5;1;4,41,45130;48240;42110,,,,,
g_g011449,west,2,22,0,0,0,0,60,여,1;1;1;4;4;4;1;4,41,42750;47110;50130,,,,,
g_g011450,west,2,21,0,0,0,0,50,여,4;5;3;3;3;3;5;6,11,42210;26710;45730,,,,,
g_g011454,west,2,2,0,0,0,0,20,남,2;1;5;4;6;2;1;7,11,41360;42830;41830,,,,,
g_g011459,west,2,2,0,0,0,0,40,남,1;1;1;4;1;7;7;7,29,46710;29170;46170,,,,,
g_g011461,west,2,1,0,0,0,0,20,여,4;6;5;2;3;3;3;5,36,30200;50110;11710,,,,,
g_g011464,west,2,1,0,0,0,0,20,남,4;5;4;3;5;5;6;5,43,42210;41170;11680,,,,,
g_g011470,west,2,1,0,0,0,0,60,남,2;3;2;1;2;6;6;5,43,47130;29170;30230,,,,,
g_g011472,west,2,1,0,0,0,0,20,남,7;1;7;1;1;7;3;6,41,42150;50110;50130,,,,,
g_g011473,west,2,11,0,0,0,0,40,남,2;2;3;6;6;3;1;2,30,44825;42150;26350,,,,,
g_g011476,west,2,4,0,0,0,0,60,남,5;2;4;5;7;6;2;2,36,46130;42150;26380,,,,,
g_g011477,west,2,1,0,0,0,0,30,여,4;1;1;3;4;1;1;4,11,46130;26350;50110,,,,,
g_g011478,west,2,9,0,0,0,0,40,남,1;1;1;4;2;2;3;6,41,46770;42820;47750,,,,,
g_g011479,west,2,21,0,0,0,0,60,여,4;2;1;2;4;3;6;7,29,26500;50130;42150,,,,,
g_g011481,west,2,10,0,0,0,0,30,남,6;1;1;3;6;4;1;7,42,43130;11110;42760,,,,,
g_g011482,west,2,21,0,0,0,0,40,여,1;1;6;1;1;1;1;5,41,42150;50130;44825,,,,,
g_g011486,west,2,11,0,0,0,0,40,여,2;2;1;1;2;1;1;4,41,50110;42210;45800,,,,,
g_g011487,west,2,2,0,0,0,0,50,여,1;2;2;4;3;4;2;5,44,50130;42210;26350,,,,,
g_g011489,west,2,2,0,0,0,0,30,남,1;1;1;5;3;3;4;5,29,46170;46710;46830,,,,,
g_g011490,west,2,22,0,0,0,0,20,여,4;1;3;4;6;4;1;7,29,11110;48310;46710,,,,,
g_g011491,west,2,2,0,0,0,0,20,여,1;1;4;2;2;1;4;6,41,50110;26350;48220,,,,,
g_g011496,west,2,3,0,0,0,0,50,여,1;1;1;2;2;2;2;7,45,42150;46720;50110,,,,,
g_g011500,west,2,1,0,0,0,0,20,여,6;2;3;4;4;2;3;6,29,45110;46130;50130,,,,,
g_g011502,west,2,22,0,0,0,0,30,여,2;2;1;1;6;2;1;7,41,42150;44770;28710,,,,,
g_g011508,west,2,2,0,0,0,0,20,남,4;4;3;4;3;4;5;6,46,50130;29155;26350,,,,,
g_g011509,west,2,2,0,0,0,0,20,여,2;2;6;2;1;1;7;7,11,42150;46130;41110,,,,,
g_g011510,west,2,2,0,0,0,0,20,여,2;6;2;7;2;4;7;5,27,47130;26710;50130,,,,,
g_g011511,west,2,2,0,0,0,0,40,여,5;3;4;4;3;4;3;5,30,44150;43110;41110,,,,,
g_g011514,west,2,2,0,0,0,0,40,여,7;2;2;3;3;6;2;6,43,43110;45110;11530,,,,,
g_g011515,west,2,2,0,0,0,0,30,남,3;3;1;4;3;3;2;4,41,42830;46110;26350,,,,,
g_g011517,west,2,4,0,0,0,0,30,여,7;7;6;4;6;5;5;2,45,47130;26170;45140,,,,,
g_g011519,west,2,2,0,0,0,0,50,여,7;4;6;4;4;5;7;2,47,42150;44825;41820,,,,,
g_g011522,west,2,1,0,0,0,0,40,남,3;4;5;5;4;5;5;5,11,42210;41820;28710,,,,,
g_g011524,west,2,11,0,0,0,0,20,여,6;1;1;1;4;5;2;7,28,26350;42210;27260,,,,,
g_g011526,west,2,2,0,0,0,0,20,여,3;2;2;2;3;4;2;2,30,45110;11110;31140,,,,,
g_g011528,west,2,1,0,0,0,0,30,남,2;6;2;7;4;3;2;5,42,11170;11110;43130,,,,,
g_g011529,west,2,2,0,0,0,0,20,여,2;2;1;5;6;1;2;7,29,50110;11680;48840,,,,,
g_g011530,west,2,21,0,0,0,0,60,남,1;4;3;4;3;3;3;4,11,42830;50130;41480,,,,,
g_g011531,west,2,2,0,0,0,0,40,남,6;2;2;1;4;5;6;6,43,50130;42210;44150,,,,,
g_g011533,west,2,12,0,0,0,0,40,남,7;1;4;1;4;7;1;7,45,41450;11710;50110,,,,,
g_g011534,west,2,1,0,0,0,0,20,여,6;4;6;4;6;7;6;1,11,43110;45110;47130,,,,,
g_g011537,west,2,1,0,0,0,0,30,여,2;4;1;4;2;1;7;3,41,43130;41550;43770,,,,,
g_g011541,west,2,12,0,0,0,0,30,남,2;3;2;6;6;4;3;3,45,42230;47770;11680,,,,,
g_g011551,west,2,4,0,0,0,0,40,남,2;4;2;6;2;5;5;4,41,41590;48310;47190,,,,,
g_g011555,west,2,1,0,0,0,0,40,여,7;7;7;5;7;7;4;3,44,45130;46840;44760,,,,,
g_g011558,west,2,3,0,0,0,0,40,여,2;4;2;2;3;2;2;7,46,46710;50110;45180,,,,,
g_g011562,west,2,9,0,0,0,0,30,여,1;1;1;4;4;4;1;5,36,44150;11545;30200,,,,,
g_g011566,west,2,3,0,0,0,0,50,여,1;1;2;4;6;2;2;3,41,42210;42720;44825,,,,,
g_g011567,west,2,3,0,0,0,0,40,여,5;4;1;1;2;4;3;6,44,11530;41590;44150,,,,,
g_g011571,west,2,10,0,0,0,0,20,여,2;1;2;4;5;2;6;3,41,42150;47130;29110,,,,,
g_g011574,west,2,6,0,0,0,0,40,남,4;6;4;6;2;4;1;4,30,44150;43730;43110,,,,,
g_g011577,west,2,12,0,0,0,0,50,남,2;6;2;2;2;2;5;5,30,50110;26350;44180,,,,,
g_g011578,west,2,22,0,0,0,0,20,남,2;2;1;6;6;2;6;3,45,26350;50130;11680,,,,,
g_g011580,west,2,2,0,0,0,0,30,남,4;1;2;3;7;4;5;7,41,44230;47770;47130,,,,,
g_g011581,west,2,1,0,0,0,0,60,여,6;3;4;4;6;3;4;2,11,29200;26350;46130,,,,,
g_g011582,west,2,1,0,0,0,0,60,남,1;7;1;7;7;1;7;7,28,41590;47170;30230,,,,,
g_g011586,west,2,6,0,0,0,0,30,남,1;1;1;7;7;4;7;4,11,41110;45110;26350,,,,,
g_g011590,west,2,22,0,0,0,0,40,여,4;4;3;5;4;4;4;5,11,42150;41360;45110,,,,,
g_g011591,west,2,11,0,0,0,0,60,남,4;6;1;7;2;6;4;6,44,50130;11140;44790,,,,,
g_g011593,west,2,1,0,0,0,0,30,남,1;4;6;4;2;6;4;1,30,50130;42150;45130,,,,,
g_g011597,west,2,26,0,0,0,0,40,여,4;4;4;2;3;4;6;2,30,44770;46130;43750,,,,,
g_g011598,west,2,12,0,0,0,0,50,여,1;4;1;4;1;1;7;7,46,46110;50130;42170,,,,,
g_g011600,west,2,1,0,0,0,0,20,여,4;1;1;5;4;2;7;5,43,26350;11440;42150,,,,,
g_g011607,west,2,1,0,0,0,0,40,여,2;4;3;3;3;5;4;5,42,42170;50110;26350,,,,,
g_g011612,west,2,10,0,0,0,0,40,여,4;1;5;1;1;5;1;6,41,26500;42150;50130,,,,,
g_g011613,west,2,1,0,0,0,0,30,여,3;3;3;1;4;2;1;2,36,26350;11170;42150,,,,,
g_g011614,west,2,21,0,0,0,0,20,남,6;2;6;3;3;4;2;6,41,47940;50110;41590,,,,,
g_g011619,west,2,10,0,0,0,0,50,남,4;4;2;1;4;4;2;6,30,50130;46110;26350,,,,,
g_g011620,west,2,3,0,0,0,0,30,남,2;2;1;3;1;4;7;3,43,26200;42210;42150,,,,,
g_g011622,west,2,2,0,0,0,0,30,여,2;6;6;5;2;3;5;3,42,42150;47170;50130,,,,,
g_g011628,west,2,1,0,0,0,0,20,여,3;2;1;3;6;4;6;4,44,26500;47130;50110,,,,,
g_g011629,west,2,21,0,0,0,0,40,남,2;6;2;2;6;6;2;6,29,46710;46870;46790,,,,,
g_g011630,west,2,21,0,0,0,0,30,남,4;3;1;4;5;4;5;4,45,44760;45110;30200,,,,,
g_g011631,west,2,1,0,0,0,0,20,여,2;1;1;2;5;3;2;5,41,50110;42150;46130,,,,,
g_g011636,west,2,1,0,0,0,0,30,여,5;6;1;3;6;1;3;6,11,41270;28110;42210,,,,,
g_g011637,west,2,1,0,0,0,0,20,여,4;1;4;3;3;6;6;6,11,42150;26710;26350,,,,,
g_g011644,west,2,1,0,0,0,0,30,남,4;6;3;4;3;5;6;3,45,11200;11680;30200,,,,,
g_g011645,west,2,28,0,0,0,0,30,여,4;4;1;1;2;1;7;6,29,46110;26350;50130,,,,,
g_g011657,west,2,1,0,0,0,0,30,여,1;4;4;4;4;4;4;4,30,46110;44760;48850,,,,,
g_g011669,west,2,2,0,0,0,0,40,여,2;3;2;4;4;4;5;5,30,50130;50110;26200,,,,,
g_g011673,west,2,6,0,0,0,0,40,여,1;4;1;3;7;1;7;7,30,44180;50110;42810,,,,,
g_g011674,west,2,21,0,0,0,0,30,여,7;6;2;2;4;1;4;2,41,26350;50110;41210,,,,,
g_g011677,west,2,1,0,0,0,0,20,여,4;5;2;2;3;3;5;5,11,30140;50130;46150,,,,,
g_g011679,west,2,1,0,0,0,0,30,남,4;4;4;3;4;4;6;4,43,50130;11680;42830,,,,,
g_g011680,west,2,21,0,0,0,0,30,남,4;6;5;2;2;2;4;5,45,29140;45110;27230,,,,,
g_g011683,west,2,1,0,0,0,0,40,남,3;6;2;2;1;4;3;3,29,46710;46790;45180,,,,,
g_g011685,west,2,2,0,0,0,0,50,여,4;4;2;4;3;6;6;7,27,47130;47110;26350,,,,,
g_g011687,west,2,1,0,0,0,0,20,남,6;1;1;3;6;6;1;2,29,48840;46150;46110,,,,,
g_g011691,west,2,13,0,0,0,0,20,여,1;1;2;4;4;5;3;6,30,50130;50110;42150,,,,,
g_g011692,west,2,4,0,0,0,0,20,남,2;2;1;2;4;3;5;2,41,50130;42150;26710,,,,,
g_g011697,west,2,24,0,0,0,0,40,남,4;1;1;1;7;4;1;7,41,42150;41670;41450,,,,,
g_g011704,west,2,2,0,0,0,0,30,여,2;2;2;4;5;5;5;3,30,50110;42230;26500,,,,,
g_g011708,west,2,21,0,0,0,0,20,여,1;1;1;4;7;4;1;7,29,50130;11230;26440,,,,,
g_g011709,west,2,1,0,0,0,0,30,여,2;1;2;4;3;4;3;5,41,44825;47130;48310,,,,,
g_g011714,west,2,3,0,0,0,0,20,여,4;6;1;1;6;5;3;7,27,50110;11230;47170,,,,,
g_g011717,west,2,21,0,0,0,0,30,여,2;6;4;5;2;3;5;3,11,41830;41360;41450,,,,,
g_g011721,west,2,2,0,0,0,0,20,여,2;2;1;4;3;4;2;3,11,47130;46130;48310,,,,,
g_g011722,west,2,1,0,0,0,0,50,여,4;6;6;3;2;6;2;4,29,46710;45110;11170,,,,,
g_g011724,west,2,1,0,0,0,0,20,여,7;3;2;6;1;6;2;6,28,26500;11440;28720,,,,,
g_g011726,west,2,1,0,0,0,0,20,여,2;1;1;2;6;3;5;4,11,11440;26350;28710,,,,,
g_g011734,west,2,22,0,0,0,0,20,남,4;4;1;3;3;6;2;6,29,29200;45140;46130,,,,,
g_g011746,west,2,21,0,0,0,0,50,여,1;4;1;4;1;3;5;4,44,46150;46130;50130,,,,,
g_g011753,west,2,6,0,0,0,0,30,여,2;3;4;4;2;6;6;6,30,50130;42150;44180,,,,,
g_g011754,west,2,1,0,0,0,0,50,여,2;2;2;4;4;6;5;6,41,42760;41670;43800,,,,,
g_g011764,west,2,22,0,0,0,0,50,여,1;4;3;4;3;5;3;3,28,42210;47130;46710,,,,,
g_g011786,west,2,1,0,0,0,0,40,여,1;1;1;1;5;1;1;7,44,50130;42150;11680,,,,,
g_g011787,west,2,11,0,0,0,0,20,여,5;2;3;3;6;5;5;4,44,26500;26200;44825,,,,,
g_g011789,west,2,21,0,0,0,0,20,남,2;3;1;5;5;4;3;3,28,41820;45800;27290,,,,,
g_g011791,west,2,11,0,0,0,0,40,여,4;1;4;3;4;3;5;3,28,26350;42210;42230,,,,,
g_g011805,west,2,11,0,0,0,0,40,남,6;4;5;7;7;7;6;7,44,44130;44770;44150,,,,,
g_g011813,west,2,1,0,0,0,0,40,여,4;1;1;1;5;7;1;7,30,42210;11680;46130,,,,,
g_g011816,west,2,1,0,0,0,0,20,남,4;4;4;4;4;4;4;4,41,42820;43110;30230,,,,,
g_g011818,west,2,1,0,0,0,0,20,여,2;1;4;4;3;3;6;2,11,50130;50110;47130,,,,,
g_g011819,west,2,2,0,0,0,0,30,남,1;1;1;3;4;1;4;2,11,42150;42830;41830,,,,,
g_g011821,west,2,3,0,0,0,0,30,남,4;4;5;5;5;6;2;5,30,44150;43110;44250,,,,,
g_g011822,west,2,28,0,0,0,0,30,남,3;4;2;3;4;3;3;4,29,46130;48310;45130,,,,,
g_g011824,west,2,2,0,0,0,0,40,여,1;1;1;2;2;4;5;7,43,50130;30170;11680,,,,,
g_g011825,west,2,21,0,0,0,0,40,남,7;3;7;3;6;7;5;3,30,44180;44150;44760,,,,,
g_g011826,west,2,22,0,0,0,0,40,남,2;7;7;6;7;4;5;5,36,11680;50130;46130,,,,,
g_g011827,west,2,21,0,0,0,0,60,남,2;2;2;2;2;2;2;1,11,42210;50130;44825,,,,,
g_g011829,west,2,22,0,0,0,0,60,여,2;2;1;2;4;4;1;6,43,42210;43800;48840,,,,,
g_g011830,west,2,1,0,0,0,0,30,여,7;4;7;5;5;7;7;2,45,46130;29200;11230,,,,,
g_g011832,west,2,21,0,0,0,0,50,남,4;4;4;5;5;3;3;3,29,48840;11230;44210,,,,,
g_g011833,west,2,2,0,0,0,0,20,남,1;1;1;4;7;1;1;7,30,42210;26710;44180,,,,,
g_g011835,west,2,22,0,0,0,0,50,여,1;1;1;3;3;2;5;6,29,50130;46130;26710,,,,,
g_g011836,west,2,2,0,0,0,0,20,여,5;6;5;5;5;6;6;6,29,46150;46110;46130,,,,,
g_g011837,west,2,1,0,0,0,0,40,남,7;1;1;1;1;6;7;5,28,26350;50130;28110,,,,,
g_g011838,west,2,21,0,0,0,0,30,여,4;2;2;1;2;2;3;6,11,50130;50110;11680,,,,,
g_g011840,west,2,2,0,0,0,0,20,여,3;1;1;1;1;4;1;7,11,45110;44180;50110,,,,,
g_g011841,west,2,2,0,0,0,0,30,남,1;1;2;5;3;2;2;6,11,41800;42830;30140,,,,,
g_g011843,west,2,1,0,0,0,0,40,여,6;5;5;4;3;6;3;5,11,50130;42830;45770,,,,,
g_g011847,west,2,1,0,0,0,0,20,남,2;2;2;4;3;3;1;2,41,42820;42210;41270,,,,,
g_g011849,west,2,2,0,0,0,0,40,남,6;2;6;6;7;7;2;2,44,44130;44770;44150,,,,,
g_g011850,west,2,2,0,0,0,0,30,여,2;2;6;3;3;3;1;1,41,50110;47130;42150,,,,,
g_g011851,west,2,2,0,0,0,0,20,여,6;5;2;6;6;5;3;6,26,26230;11440;29140,,,,,
g_g011854,west,2,10,0,0,0,0,20,남,4;4;1;5;6;4;4;4,29,26500;50110;11680,,,,,
g_g011857,west,2,22,0,0,0,0,30,여,4;2;2;2;4;4;4;6,29,48220;46130;42170,,,,,
g_g011858,west,2,4,0,0,0,0,50,여,1;2;1;5;5;6;1;5,41,42210;43720;43150,,,,,
g_g011859,west,2,28,0,0,0,0,50,여,1;4;3;1;2;2;1;3,44,45710;42210;26260,,,,,
g_g011860,west,2,6,0,0,0,0,60,여,3;7;2;5;6;4;6;1,30,11680;26500;44770,,,,,
g_g011872,west,2,10,0,0,0,0,30,여,1;1;1;4;6;1;2;7,41,42830;26500;46110,,,,,
g_g011873,west,2,12,0,0,0,0,30,여,4;1;1;7;7;1;1;1,41,42210;26710;41820,,,,,
g_g011876,west,2,6,0,0,0,0,30,여,6;4;3;3;4;4;5;3,29,50110;11140;26350,,,,,
g_g011881,west,2,22,0,0,0,0,20,여,2;1;1;4;6;4;3;6,41,42210;50130;26350,,,,,
g_g011882,west,2,2,0,0,0,0,40,여,3;5;1;1;1;1;1;6,41,42830;26140;41290,,,,,
g_g011899,west,2,21,0,0,0,0,30,여,4;4;4;4;4;4;4;4,41,41110;29200;46110,,,,,
g_g011903,west,2,11,0,0,0,0,30,여,3;1;1;4;4;4;6;7,29,46890;50110;26350,,,,,
g_g011905,west,2,3,0,0,0,0,30,여,2;4;2;5;6;5;7;2,28,42150;26260;43800,,,,,
g_g011908,west,2,1,0,0,0,0,30,여,3;5;3;3;3;4;3;3,11,50130;50110;42210,,,,,
g_g011914,west,2,22,0,0,0,0,20,여,1;2;1;6;6;1;6;6,28,42150;50130;11440,,,,,
g_g011918,west,2,21,0,0,0,0,30,남,4;1;1;1;1;2;1;3,45,44760;44230;29170,,,,,
g_g011922,west,2,1,0,0,0,0,20,여,4;4;3;3;4;5;3;5,41,42150;30140;26350,,,,,
g_g011924,west,2,9,0,0,0,0,30,여,6;3;6;2;2;4;3;3,45,11170;45110;45140,,,,,
g_g011925,west,2,2,0,0,0,0,40,여,1;4;2;4;4;3;3;7,29,50130;42150;47110,,,,,
g_g011926,west,2,1,0,0,0,0,20,여,4;4;3;3;3;3;5;5,29,50110;30110;11170,,,,,
g_g011927,west,2,2,0,0,0,0,30,여,4;1;1;4;1;1;7;1,41,48120;42150;43110,,,,,
g_g011928,west,2,25,0,0,0,0,30,여,1;1;3;2;4;2;2;6,45,42150;26500;46130,,,,,
g_g011929,west,2,22,0,0,0,0,30,여,2;2;4;3;4;3;5;5,11,50130;41820;42110,,,,,
g_g011930,west,2,2,0,0,0,0,40,여,4;4;4;4;5;4;4;4,44,44230;41460;47130,,,,,
g_g011931,west,2,11,0,0,0,0,50,여,4;4;4;4;4;4;4;4,45,45790;46130;30110,,,,,
g_g011934,west,2,13,0,0,0,0,50,남,1;1;1;1;3;1;1;1,11,50130;26350;42190,,,,,
g_g011940,west,2,12,0,0,0,0,30,남,6;3;5;2;2;5;6;3,46,46130;11140;50130,,,,,
g_g011942,west,2,22,0,0,0,0,20,여,2;2;1;4;4;5;7;4,29,50110;48850;42210,,,,,
g_g011943,west,2,21,0,0,0,0,20,여,2;4;3;2;4;4;5;3,29,42150;46130;46710,,,,,
g_g011944,west,2,1,0,0,0,0,20,남,4;5;5;5;2;5;3;3,30,41110;26230;42150,,,,,
g_g011949,west,2,1,0,0,0,0,50,여,4;2;1;2;4;4;3;5,45,46150;46130;42110,,,,,
g_g011950,west,2,1,0,0,0,0,30,여,6;2;1;4;3;3;6;6,11,28710;26350;50110,,,,,
g_g011952,west,2,21,0,0,0,0,20,여,3;5;3;6;5;6;1;6,29,46130;26500;11680,,,,,
g_g011966,west,2,6,0,0,0,0,30,여,2;2;2;4;5;4;4;6,44,48840;50130;42150,,,,,
g_g011970,west,2,1,0,0,0,0,20,남,5;5;6;5;5;5;6;6,30,42170;50110;27290,,,,,
g_g011971,west,2,1,0,0,0,0,50,남,4;4;4;2;4;4;2;2,36,50110;50130;30200,,,,,
g_g011972,west,2,1,0,0,0,0,20,여,2;1;1;6;2;3;7;1,41,41820;11440;26350,,,,,
g_g011983,west,2,12,0,0,0,0,30,남,2;4;2;2;2;2;4;2,30,50130;50110;42830,,,,,
g_g011990,west,2,1,0,0,0,0,30,남,2;2;3;5;4;3;3;5,11,50130;42210;47130,,,,,
g_g011996,west,2,2,0,0,0,0,20,여,4;2;2;4;6;4;2;6,29,50110;46710;46170,,,,,
g_g011999,west,2,2,0,0,0,0,20,여,1;4;5;6;6;2;3;6,45,50130;47130;26350,,,,,
g_g012152,west,2,2,0,0,0,0,40,남,4;4;4;4;4;4;4;4,30,44825;47770;44710,,,,,
g_g012153,west,2,2,0,0,0,0,40,남,5;2;2;2;6;6;1;3,30,50130;45110;11710,,,,,
g_g012155,west,2,2,0,0,0,0,20,여,5;2;3;3;2;3;1;6,27,26260;27290;11290,,,,,
g_g012157,west,2,1,0,0,0,0,30,여,6;3;3;5;5;5;6;5,29,11440;26500;50110,,,,,
g_g012159,west,2,13,0,0,0,0,50,남,2;1;1;4;2;4;2;6,11,42230;48310;44825,,,,,
g_g012160,west,2,21,0,0,0,0,50,남,1;1;2;2;1;3;2;6,29,26350;48220;44130,,,,,
g_g012161,west,2,22,0,0,0,0,30,남,6;5;5;5;5;5;5;6,44,42150;50130;47130,,,,,
g_g012162,west,2,26,0,0,0,0,60,남,4;1;4;2;3;4;2;4,41,42820;41460;28720,,,,,
g_g012164,west,2,22,0,0,0,0,20,남,4;1;4;4;3;7;7;2,45,50110;47130;26350,,,,,
g_g012171,west,2,4,0,0,0,0,30,남,2;4;2;3;4;4;4;4,36,50130;42150;43800,,,,,
g_g012173,west,2,21,0,0,0,0,50,남,2;4;2;4;2;3;3;4,30,42150;46130;48220,,,,,
g_g012174,west,2,28,0,0,0,0,50,남,1;2;1;1;1;2;3;7,45,50130;46130;26350,,,,,
g_g012175,west,2,2,0,0,0,0,50,남,2;3;2;4;5;5;3;3,11,26350;42150;50130,,,,,
g_g012176,west,2,2,0,0,0,0,30,여,2;2;2;6;6;2;2;5,41,42210;46150;50130,,,,,
g_g012177,west,2,6,0,0,0,0,20,여,4;2;2;3;4;4;5;5,41,50110;26500;46130,,,,,
g_g012179,west,2,12,0,0,0,0,40,남,3;3;5;3;5;5;5;5,45,30230;41550;11680,,,,,
g_g012181,west,2,3,0,0,0,0,30,남,2;4;2;4;6;6;6;3,45,45140;30200;45800,,,,,
g_g012182,west,2,2,0,0,0,0,20,여,2;2;1;4;2;3;6;2,29,26350;42830;50130,,,,,
g_g012183,west,2,1,0,0,0,0,20,여,1;2;2;5;2;6;3;6,11,50110;46150;29170,,,,,
g_g012185,west,2,3,0,0,0,0,60,남,2;2;2;3;3;6;6;2,11,11650;42150;41360,,,,,
g_g012186,west,2,10,0,0,0,0,30,여,2;1;1;4;1;1;6;4,41,42150;50110;46130,,,,,
g_g012188,west,2,2,0,0,0,0,50,남,3;5;4;2;2;4;1;6,46,50110;30170;43800,,,,,
g_g012189,west,2,2,0,0,0,0,30,여,4;1;7;1;1;4;7;7,36,11110;26710;27110,,,,,
g_g012190,west,2,2,0,0,0,0,30,남,4;4;4;4;4;4;4;4,30,44710;44825;43730,,,,,
g_g012192,west,2,2,0,0,0,0,20,남,4;2;2;2;5;3;6;6,29,50110;46710;45110,,,,,
g_g012194,west,2,13,0,0,0,0,60,남,2;3;1;2;2;2;2;7,30,45710;47820;42150,,,,,
g_g012196,west,2,11,0,0,0,0,40,여,3;3;2;4;3;3;3;4,41,41360;42130;41670,,,,,
g_g012197,west,2,3,0,0,0,0,20,여,5;2;2;1;1;1;1;1,28,28110;11110;41220,,,,,
g_g012199,west,2,11,0,0,0,0,40,남,2;1;1;6;7;6;2;6,44,50110;42170;46130,,,,,
g_g012200,west,2,6,0,0,0,0,30,여,1;3;3;2;2;2;4;4,29,46710;46880;46730,,,,,
g_g012201,west,2,2,0,0,0,0,20,남,1;3;2;6;7;6;3;7,41,26140;48220;46130,,,,,
g_g012203,west,2,11,0,0,0,0,20,여,2;1;1;4;6;2;7;2,28,26350;47130;42110,,,,,
g_g012205,west,2,2,0,0,0,0,30,남,1;4;2;3;6;2;6;4,41,42150;43760;28200,,,,,
g_g012207,west,2,11,0,0,0,0,30,남,2;2;1;2;2;2;1;4,45,45800;44770;11680,,,,,
g_g012209,west,2,21,0,0,0,0,20,여,1;3;2;1;1;2;7;2,41,50110;42150;42190,,,,,
g_g012212,west,2,1,0,0,0,0,20,남,3;3;2;4;2;5;5;6,45,50130;42720;47130,,,,,
g_g012220,west,2,2,0,0,0,0,40,남,4;1;3;3;2;2;1;5,11,42150;50110;26350,,,,,
g_g012226,west,2,6,0,0,0,0,20,여,4;2;2;6;6;6;6;7,46,11290;26350;50130,,,,,
g_g012227,west,2,12,0,0,0,0,30,여,3;6;4;3;4;4;3;6,44,41590;11110;30200,,,,,
g_g012228,west,2,1,0,0,0,0,30,여,3;3;1;5;3;2;3;3,50,26530;42210;11650,,,,,
g_g012235,west,2,11,0,0,0,0,40,남,1;1;1;4;6;1;2;7,41,44150;42150;11200,,,,,
g_g012236,west,2,21,0,0,0,0,30,여,1;3;3;5;2;1;3;6,47,50110;11140;27710,,,,,
g_g012238,west,2,2,0,0,0,0,30,남,1;6;2;4;5;2;5;5,43,11440;43800;42150,,,,,
g_g012239,west,2,1,0,0,0,0,20,남,4;3;3;2;4;4;3;5,45,47130;11680;42210,,,,,
g_g012240,west,2,1,0,0,0,0,30,여,6;2;4;2;2;4;6;7,41,50130;26350;42170,,,,,
g_g012246,west,2,21,0,0,0,0,40,여,3;4;3;3;4;3;5;3,29,42170;46820;48220,,,,,
g_g012251,west,2,2,0,0,0,0,20,여,5;2;4;2;2;4;2;5,45,26350;11440;30200,,,,,
g_g012254,west,2,1,0,0,0,0,30,여,2;2;6;3;4;6;3;4,36,50110;26350;11620,,,,,
g_g012255,west,2,5,0,0,0,0,30,여,4;1;1;1;4;5;3;6,45,50130;46130;42210,,,,,
g_g012256,west,2,1,0,0,0,0,60,남,3;3;4;4;4;4;4;4,48,30140;26350;46230,,,,,
g_g012257,west,2,1,0,0,0,0,20,여,4;4;4;4;4;4;4;4,11,42150;48220;26350,,,,,
g_g012258,west,2,1,0,0,0,0,40,남,2;6;2;6;6;2;5;2,36,47280;50110;48310,,,,,
g_g012260,west,2,1,0,0,0,0,40,여,4;3;4;2;2;7;6;3,43,44180;50110;42150,,,,,
g_g012261,west,2,1,0,0,0,0,20,여,2;2;4;2;2;5;2;3,11,50130;30200;41450,,,,,
g_g012267,west,2,1,0,0,0,0,30,남,6;2;3;1;1;7;2;4,36,30170;44180;44760,,,,,
g_g012269,west,2,1,0,0,0,0,20,여,5;3;1;1;3;3;5;6,11,42150;26350;45110,,,,,
g_g012270,west,2,1,0,0,0,0,40,여,7;4;4;2;4;4;1;6,41,50110;41830;11170,,,,,
g_g012276,west,2,22,0,0,0,0,20,남,4;4;4;3;4;3;2;5,30,44150;26350;27290,,,,,
g_g012277,west,2,1,0,0,0,0,30,남,3;2;6;6;4;3;3;6,41,43800;42210;41110,,,,,
g_g012278,west,2,2,0,0,0,0,20,남,2;4;3;2;2;3;7;4,44,44825;47130;43150,,,,,
g_g012280,west,2,4,0,0,0,0,20,여,2;2;2;2;2;6;6;6,30,42150;26500;47130,,,,,
g_g012282,west,2,4,0,0,0,0,40,여,3;4;3;3;5;4;2;3,30,50130;46900;44150,,,,,
g_g012283,west,2,2,0,0,0,0,30,남,6;1;4;3;2;4;6;3,29,11230;46130;46150,,,,,
g_g012289,west,2,12,0,0,0,0,30,여,4;4;3;3;3;6;5;6,45,11440;42150;50110,,,,,
g_g012300,west,2,21,0,0,0,0,30,남,7;7;7;4;4;1;7;1,29,11710;46110;46710,,,,,
g_g012304,west,2,12,0,0,0,0,30,남,2;3;1;5;3;2;5;3,44,26350;50130;50110,,,,,
g_g012307,west,2,1,0,0,0,0,30,남,4;1;1;7;4;2;6;3,43,11170;30200;50130,,,,,
g_g012308,west,2,21,0,0,0,0,30,여,1;1;5;1;1;2;2;6,44,26500;50110;31710,,,,,
g_g012311,west,2,3,0,0,0,0,60,여,4;4;4;4;6;4;4;3,11,42210;42150;42170,,,,,
g_g012314,west,2,1,0,0,0,0,30,여,5;2;6;3;3;5;1;2,46,11170;11110;46710,,,,,
g_g012316,west,2,2,0,0,0,0,20,여,4;5;3;2;5;5;2;4,30,50110;26350;28237,,,,,
g_g012318,west,2,2,0,0,0,0,20,남,3;4;3;2;3;3;3;2,11,50130;42150;41820,,,,,
g_g012323,west,2,2,0,0,0,0,40,여,2;3;5;2;1;4;1;3,30,45110;43760;44810,,,,,
g_g012325,west,2,2,0,0,0,0,30,여,2;4;2;3;4;3;5;7,44,50130;46130;42170,,,,,
g_g012326,west,2,12,0,0,0,0,30,남,5;3;2;2;2;6;6;5,11,11440;41280;41570,,,,,
g_g012333,west,2,12,0,0,0,0,20,남,1;7;1;1;1;1;1;6,29,46710;46880;45110,,,,,
g_g012337,west,2,10,0,0,0,0,30,여,3;5;3;1;5;5;5;5,47,27140;11170;26350,,,,,
g_g012338,west,2,2,0,0,0,0,40,남,4;1;4;5;1;4;6;7,46,46150;50110;26350,,,,,
g_g012339,west,2,11,0,0,0,0,60,남,1;1;4;4;4;4;3;3,43,50110;44180;43720,,,,,
g_g012347,west,2,1,0,0,0,0,20,여,2;2;6;1;2;1;6;6,30,11680;42150;26170,,,,,
g_g012348,west,2,24,0,0,0,0,30,남,2;4;2;2;2;2;1;6,44,46130;11110;26500,,,,,
g_g012350,west,2,1,0,0,0,0,20,여,1;1;1;4;7;1;4;4,41,41820;42830;26350,,,,,
g_g012351,west,2,11,0,0,0,0,40,남,2;4;1;6;5;4;2;5,44,44825;45110;42130,,,,,
g_g012353,west,2,10,0,0,0,0,20,여,3;6;3;3;6;3;3;4,11,50130;26260;42210,,,,,
g_g012371,west,2,11,0,0,0,0,20,여,4;2;3;6;6;3;3;2,11,42210;45110;26350,,,,,
g_g012372,west,2,2,0,0,0,0,30,남,3;3;2;1;1;3;2;3,41,42150;47110;44200,,,,,
g_g012377,west,2,12,0,0,0,0,30,남,5;2;2;2;4;5;1;2,45,45130;28245;11110,,,,,
g_g012379,west,2,11,0,0,0,0,60,여,1;5;2;2;1;3;6;2,36,30170;44180;44710,,,,,
g_g012382,west,2,13,0,0,0,0,30,여,4;3;4;4;3;4;5;5,28,50110;46130;48220,,,,,
g_g012383,west,2,26,0,0,0,0,30,남,5;4;4;4;4;4;4;4,30,42150;43110;11650,,,,,
g_g012386,west,2,21,0,0,0,0,20,여,5;5;3;4;2;5;6;4,29,45110;46710;26410,,,,,
g_g012388,west,2,3,0,0,0,0,60,여,3;4;3;4;4;3;5;3,41,50130;44825;42760,,,,,
g_g012389,west,2,2,0,0,0,0,50,여,3;4;2;2;5;1;6;5,46,46730;48170;47150,,,,,
g_g012391,west,2,21,0,0,0,0,40,남,2;3;2;3;3;3;5;4,29,46710;46840;11620,,,,,
g_g012392,west,2,21,0,0,0,0,30,남,4;2;2;1;2;4;2;7,44,42720;44130;26710,,,,,
g_g012396,west,2,1,0,0,0,0,50,여,5;2;3;2;1;7;3;5,29,46710;50130;46880,,,,,
g_g012400,west,2,2,0,0,0,0,40,여,2;2;1;5;3;1;6;4,28,43150;50110;46150,,,,,
g_g012402,west,2,2,0,0,0,0,30,여,2;4;2;4;6;6;6;4,44,28200;47110;27140,,,,,
g_g012406,west,2,4,0,0,0,0,30,남,4;4;2;3;5;4;2;7,29,46130;26200;11440,,,,,
g_g012410,west,2,1,0,0,0,0,60,여,1;1;7;7;1;1;6;4,43,42150;50130;50110,,,,,
g_g012420,west,2,22,0,0,0,0,20,여,6;2;2;1;1;2;1;7,30,50130;45110;30170,,,,,
g_g012422,west,2,1,0,0,0,0,30,여,3;2;1;3;4;4;6;4,44,44130;11440;42760,,,,,
g_g012430,west,2,21,0,0,0,0,30,남,6;2;2;2;6;2;6;6,29,46130;46710;46170,,,,,
g_g012431,west,2,1,0,0,0,0,30,여,4;3;3;3;3;2;3;3,46,11680;50130;46800,,,,,
g_g012433,west,2,1,0,0,0,0,20,여,7;1;1;2;1;6;1;6,29,50130;26350;11680,,,,,
g_g012435,west,2,1,0,0,0,0,50,여,6;6;2;2;2;6;2;2,45,44770;30200;50130,,,,,
g_g012436,west,2,22,0,0,0,0,40,남,3;2;1;1;6;5;3;5,41,42820;42110;41590,,,,,
g_g012439,west,2,22,0,0,0,0,30,여,2;2;2;1;6;2;6;7,11,48840;47130;50130,,,,,
g_g012447,west,2,2,0,0,0,0,20,여,3;2;4;4;3;3;2;4,46,46130;48310;26350,,,,,
g_g012455,west,2,1,0,0,0,0,60,남,1;2;2;4;4;4;3;1,41,42210;47770;50130,,,,,
g_g012457,west,2,1,0,0,0,0,20,여,7;7;4;7;3;7;2;5,27,26500;11680;30140,,,,,
g_g012458,west,2,3,0,0,0,0,20,남,4;7;1;2;1;4;6;7,27,11680;47110;30230,,,,,
g_g012463,west,2,1,0,0,0,0,50,남,4;1;1;2;2;2;2;3,11,50130;26110;26140,,,,,
g_g012466,west,2,27,0,0,0,0,50,여,1;7;1;1;3;6;6;4,30,50130;26350;11110,,,,,
g_g012472,west,2,13,0,0,0,0,20,여,6;4;6;2;6;6;1;7,45,42150;45110;11440,,,,,
g_g012473,west,2,1,0,0,0,0,20,여,5;3;3;5;4;4;2;6,46,46150;45110;46130,,,,,
g_g012475,west,2,21,0,0,0,0,20,남,6;2;1;2;1;2;6;5,30,11170;26440;42150,,,,,
g_g012478,west,2,2,0,0,0,0,40,여,2;1;3;6;4;6;6;6,11,42830;42760;41820,,,,,
g_g012484,west,2,2,0,0,0,0,20,남,4;6;3;5;4;4;4;6,27,47110;46130;48220,,,,,
g_g012487,west,2,26,0,0,0,0,20,여,2;1;1;1;1;1;1;7,41,50130;42150;26110,,,,,
g_g012494,west,2,1,0,0,0,0,20,남,4;1;1;4;5;5;3;3,30,42210;11200;46130,,,,,
g_g012497,west,2,2,0,0,0,0,30,여,1;1;1;7;4;1;7;4,11,28710;26110;42150,,,,,
g_g012498,west,2,11,0,0,0,0,60,남,2;2;3;2;2;4;3;3,43,47170;29170;43800,,,,,
g_g012502,west,2,21,0,0,0,0,40,여,2;4;4;6;4;4;4;3,41,41820;42110;42130,,,,,
g_g012504,west,2,2,0,0,0,0,30,여,2;2;1;4;6;2;6;2,11,50130;42150;46900,,,,,
g_g012505,west,2,1,0,0,0,0,50,여,3;3;4;3;2;3;2;2,43,48250;29110;47720,,,,,
g_g012515,west,2,1,0,0,0,0,30,여,1;1;7;2;4;3;6;1,46,46810;46890;46780,,,,,
g_g012516,west,2,1,0,0,0,0,20,여,6;2;3;6;3;6;5;5,11,11230;26170;50130,,,,,
g_g012518,west,2,10,0,0,0,0,50,여,4;4;1;4;7;1;3;7,41,42150;41480;11110,,,,,
g_g012520,west,2,22,0,0,0,0,30,여,4;6;1;3;4;6;7;7,28,26200;11110;30200,,,,,
g_g012523,west,2,1,0,0,0,0,20,여,6;4;5;2;3;6;6;3,45,11680;41460;30200,,,,,
g_g012528,west,2,10,0,0,0,0,50,남,1;1;1;1;1;1;1;7,41,50130;42210;41460,,,,,
g_g012530,west,2,21,0,0,0,0,40,남,4;3;2;4;6;3;2;6,45,46130;30200;48840,,,,,
g_g012531,west,2,1,0,0,0,0,20,여,4;1;1;1;1;1;7;1,11,11170;43110;50110,,,,,
g_g012532,west,2,11,0,0,0,0,30,여,3;4;4;4;5;5;3;4,43,43110;44825;44130,,,,,
g_g012541,west,2,1,0,0,0,0,20,남,4;1;1;3;1;4;4;1,42,42150;50110;26350,,,,,
g_g012542,west,2,1,0,0,0,0,30,남,4;4;1;4;4;3;7;6,27,50110;26350;11710,,,,,
g_g012544,west,2,10,0,0,0,0,20,여,5;3;4;4;5;3;4;5,44,11440;41280;50130,,,,,
g_g012546,west,2,10,0,0,0,0,40,여,4;3;4;2;3;4;3;5,11,42760;42830;41570,,,,,
g_g012557,west,2,5,0,0,0,0,40,남,2;7;2;1;4;6;2;5,41,42820;43740;44825,,,,,
g_g012571,west,2,1,0,0,0,0,30,남,4;1;3;2;4;4;2;6,11,46130;42150;11215,,,,,
g_g012572,west,2,10,0,0,0,0,30,여,1;1;2;1;4;4;4;7,28,50130;48220;42210,,,,,
g_g012580,west,2,1,0,0,0,0,30,여,6;2;4;2;6;3;6;2,11,26170;42830;11110,,,,,
g_g012582,west,2,2,0,0,0,0,30,남,1;2;1;3;6;3;7;7,30,46130;47770;42210,,,,,
g_g012583,west,2,1,0,0,0,0,20,남,5;4;4;2;3;5;5;1,41,42150;41270;45110,,,,,
g_g012586,west,2,9,0,0,0,0,40,여,1;1;1;1;6;6;7;7,30,50130;50110;47770,,,,,
g_g012591,west,2,1,0,0,0,0,40,남,3;6;2;2;3;3;4;3,29,46710;45730;46170,,,,,
g_g012596,west,2,1,0,0,0,0,20,여,1;3;2;4;4;2;5;2,44,11410;48120;46130,,,,,
g_g012604,west,2,1,0,0,0,0,20,남,5;2;2;4;6;4;2;6,11,50130;47130;26500,,,,,
g_g012617,west,2,1,0,0,0,0,20,남,6;3;1;6;5;7;5;6,29,11650;26350;50110,,,,,
g_g012620,west,2,1,0,0,0,0,30,여,4;1;2;3;4;1;1;4,30,26260;11290;47130,,,,,
g_g012624,west,2,10,0,0,0,0,40,여,2;6;2;3;2;3;2;4,41,50110;41290;11215,,,,,
g_g012628,west,2,21,0,0,0,0,20,남,4;4;1;4;4;4;4;7,46,26500;26200;50130,,,,,
g_g012634,west,2,1,0,0,0,0,40,여,1;4;4;3;1;3;4;3,11,30170;50130;42170,,,,,
g_g012639,west,2,2,0,0,0,0,20,남,3;1;1;1;1;1;4;7,43,50130;26350;43130,,,,,
g_g012643,west,2,6,0,0,0,0,30,남,5;6;2;4;4;5;3;6,29,46710;46870;46860,,,,,
g_g012650,west,2,2,0,0,0,0,30,남,2;6;2;4;3;7;5;4,30,44150;43110;11170,,,,,
g_g012653,west,2,2,0,0,0,0,30,남,1;2;1;3;2;2;2;6,46,11170;26350;42150,,,,,
g_g012655,west,2,2,0,0,0,0,30,남,2;2;2;4;6;4;2;4,36,44180;44825;44150,,,,,
g_g012656,west,2,6,0,0,0,0,50,여,3;3;2;4;4;3;5;4,29,46150;46720;46770,,,,,
g_g012658,west,2,27,0,0,0,0,30,남,1;1;1;4;1;1;4;6,48,42150;46150;26350,,,,,
g_g012659,west,2,3,0,0,0,0,40,여,1;4;4;2;7;2;6;4,45,46110;30110;11305,,,,,
g_g012660,west,2,1,0,0,0,0,50,여,1;5;2;5;1;2;6;6,30,44150;43800;47130,,,,,
g_g012662,west,2,2,0,0,0,0,20,여,3;2;2;3;2;3;1;6,45,11680;30170;45710,,,,,
g_g012665,west,2,11,0,0,0,0,30,여,4;5;5;3;6;6;6;3,46,29155;29200;46790,,,,,
g_g012674,west,2,21,0,0,0,0,20,여,1;1;1;3;1;1;3;2,45,11680;30110;26350,,,,,
g_g012675,west,2,2,0,0,0,0,20,남,1;1;1;1;2;6;2;7,44,26710;41220;11740,,,,,
g_g012676,west,2,1,0,0,0,0,20,여,4;1;2;6;7;3;5;5,44,11410;11440;11140,,,,,
g_g012677,west,2,4,0,0,0,0,40,남,4;5;3;3;5;5;3;4,30,44710;46820;26290,,,,,
g_g012679,west,2,4,0,0,0,0,50,남,1;2;2;2;2;2;2;2,45,48220;50130;46130,,,,,
g_g012680,west,2,2,0,0,0,0,20,남,4;1;3;4;3;6;6;4,43,50110;50130;28185,,,,,
g_g012682,west,2,1,0,0,0,0,20,남,4;3;4;4;4;5;5;5,44,26440;11680;30170,,,,,
g_g012686,west,2,4,0,0,0,0,50,남,2;1;4;4;1;6;1;5,29,50130;48310;48220,,,,,
g_g012687,west,2,2,0,0,0,0,20,여,3;5;5;3;3;4;4;4,29,50110;50130;45190,,,,,
g_g012688,west,2,22,0,0,0,0,20,남,2;2;3;4;4;2;3;6,46,46170;50130;45190,,,,,
g_g012689,west,2,22,0,0,0,0,30,남,3;1;3;5;6;5;2;6,45,26500;30200;46130,,,,,
g_g012690,west,2,2,0,0,0,0,30,여,5;3;5;5;3;3;5;5,36,47130;43110;44150,,,,,
g_g012696,west,2,1,0,0,0,0,30,여,2;2;3;2;2;6;6;6,29,46710;48220;50130,,,,,
g_g012697,west,2,13,0,0,0,0,60,남,2;4;6;4;4;6;4;4,29,46110;48840;30200,,,,,
g_g012698,west,2,2,0,0,0,0,30,남,1;1;1;2;2;2;6;7,27,42150;11680;26350,,,,,
g_g012699,west,2,22,0,0,0,0,30,여,2;4;1;2;2;3;7;6,30,44150;50130;26200,,,,,
g_g012702,west,2,12,0,0,0,0,40,여,4;5;2;4;2;2;5;7,36,50130;50110;30200,,,,,
g_g012704,west,2,2,0,0,0,0,50,남,1;1;7;4;1;6;2;6,29,46150;45800;47130,,,,,
g_g012705,west,2,22,0,0,0,0,40,여,1;3;1;5;6;2;5;7,45,46730;47720;42820,,,,,
g_g012711,west,2,21,0,0,0,0,30,남,2;4;3;4;3;2;4;3,43,26350;42170;30110,,,,,
g_g012713,west,2,4,0,0,0,0,30,남,4;4;4;3;4;4;4;4,41,41110;30230;11620,,,,,
g_g012716,west,2,24,0,0,0,0,30,여,2;2;3;3;4;3;2;5,30,42150;42210;44825,,,,,
g_g012718,west,2,1,0,0,0,0,30,남,4;5;1;5;5;4;3;6,44,42150;46780;44825,,,,,
g_g012721,west,2,21,0,0,0,0,20,여,1;2;2;5;1;3;3;3,41,42150;45730;26110,,,,,
g_g012723,west,2,2,0,0,0,0,20,남,6;1;1;7;7;1;1;7,42,11170;30140;43150,,,,,
g_g012724,west,2,2,0,0,0,0,50,남,2;3;2;4;2;2;6;4,42,42210;44770;50130,,,,,
g_g012726,west,2,22,0,0,0,0,30,여,1;4;1;4;7;4;1;6,45,46150;41220;45800,,,,,
g_g012727,west,2,22,0,0,0,0,30,여,2;2;2;3;3;3;2;5,29,46110;26350;46130,,,,,
g_g012728,west,2,22,0,0,0,0,50,여,6;5;4;6;6;4;5;4,43,42150;26350;44180,,,,,
g_g012731,west,2,6,0,0,0,0,30,여,6;2;2;5;2;5;2;6,11,29200;30170;31170,,,,,
g_g012732,west,2,12,0,0,0,0,60,남,3;2;2;3;4;3;2;4,30,45710;47820;42770,,,,,
g_g012742,west,2,1,0,0,0,0,40,여,5;2;2;2;4;3;7;1,41,42210;41590;42130,,,,,
g_g012745,west,2,21,0,0,0,0,30,남,5;5;3;4;3;5;3;3,44,50130;42150;26350,,,,,
g_g012749,west,2,13,0,0,0,0,60,여,4;3;3;2;2;1;1;3,44,30170;28710;44150,,,,,
g_g012750,west,2,2,0,0,0,0,20,여,4;2;2;7;6;3;3;7,30,42150;41820;46130,,,,,
g_g012751,west,2,1,0,0,0,0,30,여,6;2;6;1;2;6;2;5,46,11110;44825;30200,,,,,
g_g012752,west,2,12,0,0,0,0,20,남,5;1;1;3;2;5;7;4,26,50130;42150;11230,,,,,
g_g012753,west,2,2,0,0,0,0,40,남,1;1;1;4;6;2;1;2,30,44180;46130;11590,,,,,
g_g012755,west,2,13,0,0,0,0,50,남,4;7;4;4;1;1;1;3,36,44150;45130;46840,,,,,
g_g012757,west,2,13,0,0,0,0,20,남,4;5;2;6;6;5;2;6,44,44825;44210;44810,,,,,
g_g012761,west,2,21,0,0,0,0,50,남,1;1;1;3;5;1;1;2,11,42210;42130;44770,,,,,
g_g012764,west,2,2,0,0,0,0,30,여,1;1;1;3;6;6;2;6,36,50130;30230;26350,,,,,
g_g012767,west,2,21,0,0,0,0,20,여,4;3;3;4;2;3;2;6,41,50110;50130;42150,,,,,
g_g012770,west,2,2,0,0,0,0,40,남,3;2;2;4;3;2;2;5,30,45130;26350;42820,,,,,
g_g012772,west,2,2,0,0,0,0,30,여,4;2;3;3;5;5;5;5,30,11710;26500;42150,,,,,
g_g012774,west,2,2,0,0,0,0,30,여,4;2;1;5;6;1;6;6,41,26350;41110;11560,,,,,
g_g012775,west,2,1,0,0,0,0,40,남,5;3;4;5;4;5;3;4,45,45720;45130;30140,,,,,
g_g012776,west,2,26,0,0,0,0,20,여,2;6;3;2;2;2;5;6,29,11680;26350;50110,,,,,
g_g012780,west,2,21,0,0,0,0,20,여,4;1;1;7;7;4;2;7,45,50130;50110;26350,,,,,
g_g012781,west,2,22,0,0,0,0,50,남,4;3;3;3;3;3;2;5,29,11230;26530;43800,,,,,
g_g012783,west,2,1,0,0,0,0,40,남,1;2;2;2;2;1;2;2,29,46710;45790;29155,,,,,
g_g012791,west,2,11,0,0,0,0,30,남,2;6;2;2;6;3;2;6,11,41280;41360;41450,,,,,
g_g012796,west,2,21,0,0,0,0,20,여,3;2;2;3;4;5;5;6,45,45110;11440;27110,,,,,
g_g012803,west,2,2,0,0,0,0,40,남,1;1;3;2;2;3;3;6,36,50110;44150;42170,,,,,
g_g012805,west,2,2,0,0,0,0,30,여,3;5;3;2;3;4;3;5,30,50110;44150;11680,,,,,
g_g012807,west,2,2,0,0,0,0,40,남,4;3;5;4;3;5;6;4,44,11410;42150;27260,,,,,
g_g012812,west,2,2,0,0,0,0,20,여,6;2;2;3;6;6;6;7,41,50110;42110;11440,,,,,
g_g012814,west,2,10,0,0,0,0,50,여,1;7;6;1;2;7;7;2,44,44210;44800;28185,,,,,
g_g012831,west,2,4,0,0,0,0,40,남,1;2;1;3;6;2;1;7,44,44200;44130;28710,,,,,
g_g012857,west,2,2,0,0,0,0,30,여,4;4;4;3;3;3;5;5,44,50130;26200;11680,,,,,
g_g012858,west,2,3,0,0,0,0,40,여,4;7;4;3;6;4;2;6,30,44180;26290;50130,,,,,
g_g012864,west,2,21,0,0,0,0,60,여,5;5;3;3;5;2;2;6,46,46150;48170;45110,,,,,
g_g012873,west,2,21,0,0,0,0,40,남,2;4;1;2;2;3;2;2,47,42150;50130;44825,,,,,
g_g012874,west,2,21,0,0,0,0,50,여,2;4;2;4;4;2;2;2,36,29155;47290;11680,,,,,
g_g012880,west,2,2,0,0,0,0,20,여,2;2;4;3;5;5;6;6,45,50110;26350;46130,,,,,
g_g012883,west,2,21,0,0,0,0,30,여,2;3;1;6;3;2;6;6,11,42830;44760;41830,,,,,
g_g012884,west,2,12,0,0,0,0,20,여,2;6;2;5;6;5;3;1,29,29200;46170;29140,,,,,
g_g012891,west,2,3,0,0,0,0,40,남,3;4;3;3;4;6;3;3,30,50130;42150;44150,,,,,
g_g012902,west,2,1,0,0,0,0,20,여,2;1;2;1;2;5;6;6,29,50130;26110;46130,,,,,
g_g012905,west,2,2,0,0,0,0,20,여,3;1;1;6;7;1;1;7,44,50110;47770;48220,,,,,
g_g012917,west,2,2,0,0,0,0,20,남,7;1;2;1;6;6;1;4,46,27260;26260;11620,,,,,
g_g012919,west,2,11,0,0,0,0,40,여,2;4;1;3;7;1;7;7,46,46130;29155;48840,,,,,
g_g012927,west,2,2,0,0,0,0,30,남,3;6;5;5;5;4;4;5,41,41460;44130;44200,,,,,
g_g012933,west,2,2,0,0,0,0,50,남,5;1;1;4;6;4;2;4,29,45110;46110;30230,,,,,
g_g012936,west,2,1,0,0,0,0,30,여,3;5;2;6;6;6;2;5,41,42150;50110;26350,,,,,
g_g012943,west,2,10,0,0,0,0,60,여,6;5;5;4;4;4;5;4,43,50130;43760;44180,,,,,
g_g012963,west,2,2,0,0,0,0,20,남,4;4;2;4;4;5;5;5,45,45110;45140;45800,,,,,
g_g012989,west,2,3,0,0,0,0,60,여,2;4;1;4;4;2;2;4,36,42150;50130;46730,,,,,
g_g012990,west,2,12,0,0,0,0,50,남,4;4;1;2;6;4;2;3,41,26350;42210;28710,,,,,
g_g012999,west,2,11,0,0,0,0,50,여,1;1;1;4;5;4;2;7,45,45110;11680;50130,,,,,
g_g013010,west,2,2,0,0,0,0,20,여,3;1;1;1;3;2;5;5,41,26350;46130;30200,,,,,
g_g013012,west,2,2,0,0,0,0,20,여,2;6;1;4;5;6;2;3,44,44130;44810;42830,,,,,
g_g013022,west,2,22,0,0,0,0,20,여,3;2;3;4;4;3;2;2,43,11680;26350;50130,,,,,
g_g013023,west,2,2,0,0,0,0,30,여,4;2;3;2;4;4;7;5,29,50110;26500;11140,,,,,
g_g013024,west,2,28,0,0,0,0,30,여,1;1;1;1;1;4;7;7,29,42150;26350;50110,,,,,
g_g013027,west,2,2,0,0,0,0,30,여,2;1;7;6;2;6;7;2,29,26350;50110;46130,,,,,
g_g013029,west,2,22,0,0,0,0,40,여,6;2;6;2;2;5;6;5,29,50130;26350;46130,,,,,
g_g013037,west,2,12,0,0,0,0,30,남,2;2;2;4;3;4;2;6,46,46130;46150;46110,,,,,
g_g013038,west,2,12,0,0,0,0,20,남,1;7;3;2;2;1;3;7,29,46710;46720;46150,,,,,
g_g013041,west,2,1,0,0,0,0,20,남,2;2;1;2;6;6;6;6,29,26500;31140;46130,,,,,
g_g013042,west,2,1,0,0,0,0,20,여,5;3;6;4;2;5;5;5,27,50110;26500;42150,,,,,
g_g013044,west,2,1,0,0,0,0,20,여,5;2;1;3;6;3;2;6,44,11440;30200;50130,,,,,
g_g013045,west,2,21,0,0,0,0,40,남,4;2;3;2;5;3;4;4,29,29155;46790;30200,,,,,
g_g013046,west,2,2,0,0,0,0,30,여,7;1;2;4;6;4;7;7,44,11680;42150;26440,,,,,
g_g013048,west,2,22,0,0,0,0,30,여,6;3;3;4;2;2;2;6,30,26500;50110;50130,,,,,
g_g013050,west,2,21,0,0,0,0,30,남,1;7;4;6;4;6;3;7,44,42150;26350;44825,,,,,
g_g013059,west,2,22,0,0,0,0,40,여,4;6;2;2;2;4;1;5,45,42150;11680;45110,,,,,
g_g013061,west,2,1,0,0,0,0,30,여,3;1;6;6;2;2;6;7,29,50130;26350;11680,,,,,
g_g013062,west,2,12,0,0,0,0,60,여,4;4;4;4;4;4;4;4,44,29155;27140;30200,,,,,
g_g013063,west,2,4,0,0,0,0,20,여,2;4;4;6;2;2;6;2,46,50110;50130;42150,,,,,
g_g013065,west,2,2,0,0,0,0,20,남,5;3;3;5;3;5;5;7,26,42830;11170;27110,,,,,
g_g013066,west,2,22,0,0,0,0,40,남,7;2;6;2;2;4;3;3,43,26350;11680;50110,,,,,
g_g013070,west,2,11,0,0,0,0,20,남,4;6;3;4;5;4;3;4,46,29110;46710;29170,,,,,
g_g013074,west,2,2,0,0,0,0,20,여,4;3;3;2;5;5;3;4,29,50130;50110;46110,,,,,
g_g013080,west,2,9,0,0,0,0,20,남,2;1;2;5;3;3;6;5,36,50110;42210;26350,,,,,
g_g013084,west,2,2,0,0,0,0,20,여,4;4;4;4;4;4;4;4,43,50130;50110;44210,,,,,
g_g013087,west,2,21,0,0,0,0,20,여,2;3;3;3;5;3;3;3,45,46130;46820;30140,,,,,
g_g013088,west,2,1,0,0,0,0,20,여,5;2;6;3;5;3;5;3,43,50110;11680;30140,,,,,
g_g013090,west,2,1,0,0,0,0,40,남,2;6;1;7;6;2;5;6,44,11680;41550;44200,,,,,
g_g013093,west,2,1,0,0,0,0,60,남,7;4;6;4;6;5;6;6,11,27140;42210;50130,,,,,
g_g013095,west,2,3,0,0,0,0,30,여,6;2;1;1;4;1;6;1,43,11110;26500;42150,,,,,
g_g013096,west,2,12,0,0,0,0,20,여,6;3;4;3;3;4;4;3,45,11110;50110;28185,,,,,
g_g013097,west,2,2,0,0,0,0,40,남,2;2;2;4;5;4;1;7,29,46710;28185;11650,,,,,
g_g013102,west,2,3,0,0,0,0,50,남,2;5;3;3;3;3;2;6,36,42170;48840;43720,,,,,
g_g013105,west,2,2,0,0,0,0,20,남,6;5;5;5;5;6;2;6,29,29155;46170;46880,,,,,
g_g013111,west,2,12,0,0,0,0,30,여,3;4;2;5;6;1;3;1,45,48840;46130;43150,,,,,
g_g013113,west,2,1,0,0,0,0,30,남,2;1;4;3;4;3;5;3,43,50130;26410;11140,,,,,
g_g013114,west,2,3,0,0,0,0,40,여,4;4;3;5;5;2;3;5,44,44150;44770;11110,,,,,
g_g013125,west,2,2,0,0,0,0,30,남,2;2;2;3;2;2;2;6,29,11680;26350;50110,,,,,
g_g013127,west,2,1,0,0,0,0,30,여,2;2;1;4;2;4;3;3,43,42210;11680;44270,,,,,
g_g013128,west,2,21,0,0,0,0,20,여,4;6;5;3;4;3;7;5,29,50110;11680;30170,,,,,
g_g013131,west,2,2,0,0,0,0,20,남,6;3;2;3;3;6;6;6,29,11440;26500;50130,,,,,
h_h001459,west,3,22,0,0,0,0,30,남,4;2;2;3;2;5;1;7,11,50130;26350;11680,,,,,
h_h003280,west,2,2,0,0,0,0,40,여,1;4;4;4;4;4;4;4,43,50130;31710;26500,,,,,
e_e000821,west,3,1,0,0,0,0,40,남,2;3;2;2;3;2;2;6,41,42150;50110;44180,,,,,
e_e013141,west,2,4,0,0,0,0,40,남,2;2;3;4;6;2;5;3,41,43800;44130;42750,,,,,
e_e013180,west,2,2,0,0,0,0,40,남,3;1;3;1;2;6;2;7,41,42130;42170;42210,,,,,
e_e013191,west,2,2,0,0,0,0,40,남,1;1;1;1;1;1;1;7,11,44130;28177;42150,,,,,
f_f005447,west,3,10,0,0,0,0,30,여,4;4;3;5;4;3;3;6,30,26350;46730;45110,,,,,
g_g000011,west,3,2,0,0,0,0,40,남,3;3;5;5;3;3;3;5,41,50130;26350;42760,,,,,
g_g000013,west,3,7,0,0,0,0,20,남,4;2;3;5;4;4;6;5,45,46130;45130;42750,,,,,
g_g000024,west,3,2,0,0,0,0,40,여,4;1;1;1;1;7;2;6,48,11110;42150;48310,,,,,
g_g000027,west,3,21,0,0,0,0,60,여,1;4;4;4;1;4;1;1,11,42830;46810;50130,,,,,
g_g000194,west,3,1,0,0,0,0,30,여,3;2;3;4;3;3;3;5,11,50110;50130;42210,,,,,
g_g000196,west,3,21,0,0,0,0,40,여,4;2;5;2;2;6;2;5,50,41110;50130;46150,,,,,
g_g000199,west,3,10,0,0,0,0,30,여,7;1;1;1;1;2;2;7,46,26710;48840;46130,,,,,
g_g000212,west,3,1,0,0,0,0,20,남,2;2;2;4;2;2;4;6,29,46710;46130;46110,,,,,
g_g000214,west,2,22,0,0,0,0,40,남,4;2;1;2;1;3;2;7,29,26710;50130;46130,,,,,
g_g000272,west,2,10,0,0,0,0,60,남,4;2;2;2;3;4;4;6,11,50130;42830;26350,,,,,
g_g000375,west,3,13,0,0,0,0,40,남,1;1;1;3;4;5;2;6,11,42210;50130;46130,,,,,
g_g000417,west,3,10,0,0,0,0,30,여,4;1;1;7;6;7;7;7,11,11710;42150;41250,,,,,
g_g000438,west,3,27,0,0,0,0,40,여,1;1;1;3;7;3;2;6,36,44200;45800;43760,,,,,
g_g000444,west,3,1,0,0,0,0,30,남,2;1;4;1;1;4;1;6,48,50130;42170;26500,,,,,
g_g000452,west,3,11,0,0,0,0,50,여,2;6;2;6;6;2;2;1,11,41280;42210;30200,,,,,
g_g000457,west,3,2,0,0,0,0,20,남,7;1;4;7;7;1;2;7,45,11680;41110;45110,,,,,
g_g000465,west,3,3,0,0,0,0,30,여,2;4;2;3;2;2;2;4,46,50130;26350;42830,,,,,
g_g000514,west,3,22,0,0,0,0,20,남,5;2;2;2;5;5;1;5,27,50130;46130;50110,,,,,
g_g000617,west,3,8,0,0,0,0,30,남,4;4;4;4;4;4;4;4,28,47920;48220;46130,,,,,
g_g000632,west,3,1,0,0,0,0,50,여,1;2;3;3;3;3;2;4,27,47770;43800;48310,,,,,
g_g000669,west,3,21,0,0,0,0,40,여,1;5;2;5;2;2;1;7,41,41480;28710;41280,,,,,
g_g000700,west,3,23,0,0,0,0,20,여,4;4;5;4;4;5;5;4,29,46710;45110;44180,,,,,
g_g000847,west,3,1,0,0,0,0,30,여,1;1;1;1;4;1;6;6,47,50130;26710;48220,,,,,
g_g000927,west,3,2,0,0,0,0,40,남,6;3;5;2;2;3;6;2,43,47770;41820;50110,,,,,
g_g000951,west,3,1,0,0,0,0,20,남,4;4;4;4;4;4;4;4,43,26200;44130;42150,,,,,
g_g000980,west,2,2,0,0,0,0,50,남,5;4;2;6;6;6;6;3,44,42830;50130;11230,,,,,
g_g001010,west,2,22,0,0,0,0,30,여,1;4;4;4;4;4;4;4,11,50130;41290;30200,,,,,
g_g001025,west,3,8,0,0,0,0,50,여,1;2;4;1;2;2;3;4,30,44710;46130;50130,,,,,
g_g001032,west,2,22,0,0,0,0,40,여,1;4;4;4;4;4;5;5,45,45800;45130;45710,,,,,
g_g001161,west,3,1,0,0,0,0,20,여,1;1;2;5;4;2;4;6,11,42150;50130;47130,,,,,
g_g001195,west,2,2,0,0,0,0,20,여,4;3;2;4;6;4;5;4,30,50130;50110;43730,,,,,
g_g001260,west,3,21,0,0,0,0,20,남,3;2;2;4;5;6;3;2,30,50130;47130;26710,,,,,
g_g001286,west,3,24,0,0,0,0,30,남,3;2;1;4;2;3;6;2,11,50130;42820;11170,,,,,
g_g001317,west,3,1,0,0,0,0,20,여,1;1;1;4;2;3;2;3,11,46110;50130;42150,,,,,
g_g001334,west,3,10,0,0,0,0,50,여,4;4;4;3;5;3;4;3,41,30170;42150;31140,,,,,
g_g001341,west,2,1,0,0,0,0,20,여,2;2;2;3;5;4;2;4,46,46130;50130;48220,,,,,
g_g001370,west,2,2,0,0,0,0,40,남,4;3;2;3;6;6;4;5,29,50130;46110;46720,,,,,
g_g001375,west,3,10,0,0,0,0,50,남,2;3;2;1;2;6;2;7,41,50130;42210;41830,,,,,
g_g001377,west,3,11,0,0,0,0,40,여,1;3;2;6;1;3;2;3,41,44810;42150;41820,,,,,
g_g001589,west,2,1,0,0,0,0,30,여,1;4;4;4;2;4;2;6,45,48840;50130;42210,,,,,
g_g001594,west,3,21,0,0,0,0,30,남,3;5;1;5;6;1;1;7,29,46150;46130;46730,,,,,
g_g001600,west,3,1,0,0,0,0,30,여,1;1;1;4;4;4;3;4,41,41820;43110;42170,,,,,
g_g001613,west,3,1,0,0,0,0,30,여,4;6;2;6;2;2;2;7,46,50110;26200;41110,,,,,
g_g001622,west,3,21,0,0,0,0,60,여,6;7;2;1;6;6;5;7,29,46730;46130;46170,,,,,
g_g001641,west,3,2,0,0,0,0,20,여,6;6;1;5;7;5;1;6,41,30140;26710;46150,,,,,
g_g001647,west,3,22,0,0,0,0,20,여,2;2;2;2;6;6;5;6,11,42150;41360;26440,,,,,
g_g001676,west,3,22,0,0,0,0,20,남,1;1;1;3;4;2;4;4,11,42150;30200;31710,,,,,
g_g001706,west,2,1,0,0,0,0,40,남,3;4;2;5;1;7;6;7,29,42210;26350;50110,,,,,
g_g001713,west,3,21,0,0,0,0,40,여,6;4;2;6;5;5;6;2,41,46130;42210;41820,,,,,
g_g001727,west,3,22,0,0,0,0,20,남,4;2;6;6;7;7;6;5,44,11545;45110;44180,,,,,
g_g001762,west,3,22,0,0,0,0,50,남,3;5;2;4;6;6;6;4,30,45730;44230;45800,,,,,
g_g001767,west,3,1,0,0,0,0,40,남,5;1;1;3;2;4;1;7,28,30110;46130;26410,,,,,
g_g001781,west,3,2,0,0,0,0,40,남,2;1;2;5;4;6;2;6,26,50110;47170;43800,,,,,
g_g001785,west,2,1,0,0,0,0,20,남,4;4;4;4;4;4;4;4,29,29140;29200;29110,,,,,
g_g001788,west,3,22,0,0,0,0,50,여,3;1;5;2;4;2;4;5,11,50110;41280;42150,,,,,
g_g001821,west,3,2,0,0,0,0,50,남,1;6;2;4;2;4;2;7,48,50110;48270;46790,,,,,
g_g001849,west,2,2,0,0,0,0,40,남,4;4;5;4;4;4;4;4,30,42150;11680;26350,,,,,
g_g001878,west,3,21,0,0,0,0,30,여,4;3;1;2;3;1;4;3,11,50130;41480;42150,,,,,
g_g001908,west,3,4,0,0,0,0,20,남,1;1;2;3;3;2;6;5,41,41130;11740;29140,,,,,
g_g001927,west,2,27,0,0,0,0,30,여,2;4;3;3;2;1;1;5,30,11290;42170;44150,,,,,
g_g001995,west,3,1,0,0,0,0,20,남,2;1;1;3;7;1;6;6,41,50130;42150;30200,,,,,
g_g001999,west,3,2,0,0,0,0,50,남,2;4;3;4;5;4;3;4,27,27290;47720;41670,,,,,
g_g002031,west,2,1,0,0,0,0,20,여,4;5;3;4;4;3;2;6,30,11170;45110;26350,,,,,
g_g002150,west,3,2,0,0,0,0,30,여,2;3;2;4;3;5;2;6,41,44825;50110;42170,,,,,
g_g002161,west,2,1,0,0,0,0,20,여,2;2;1;2;2;5;2;7,29,50130;11680;42830,,,,,
g_g002197,west,2,22,0,0,0,0,30,여,1;4;4;3;1;2;1;7,30,47130;44150;45140,,,,,
g_g002198,west,3,1,0,0,0,0,30,여,1;3;2;5;6;3;7;1,11,42150;50110;26350,,,,,
g_g002204,west,3,12,0,0,0,0,30,여,2;1;1;1;4;1;4;7,11,50110;50130;26350,,,,,
g_g002439,west,3,1,0,0,0,0,40,남,3;1;4;1;2;4;3;5,11,50130;42150;42760,,,,,
g_g002617,west,2,21,0,0,0,0,40,여,6;7;2;2;2;2;6;2,48,48220;26710;27710,,,,,
g_g002646,west,3,28,0,0,0,0,50,남,2;3;1;4;5;3;6;4,41,42830;44130;42750,,,,,
g_g002674,west,3,27,0,0,0,0,40,남,1;7;1;7;1;1;1;6,48,42210;46710;43800,,,,,
g_g002708,west,3,1,0,0,0,0,20,여,6;2;6;6;4;6;6;7,41,27140;11680;11170,,,,,
g_g002712,west,3,22,0,0,0,0,20,남,1;1;7;1;1;7;7;1,42,42150;42210;26350,,,,,
g_g002713,west,2,21,0,0,0,0,30,여,4;5;2;4;4;6;5;4,44,42210;31110;50130,,,,,
g_g002715,west,2,1,0,0,0,0,40,여,6;3;5;6;6;3;3;4,44,44210;44810;44825,,,,,
g_g002763,west,3,1,0,0,0,0,40,여,5;4;2;2;3;4;5;5,29,46170;46130;46710,,,,,
g_g002781,west,3,21,0,0,0,0,60,남,1;3;3;2;1;4;5;7,41,42730;45180;48220,,,,,
g_g002800,west,3,1,0,0,0,0,20,여,6;6;4;6;4;5;4;2,44,11170;45110;44130,,,,,
g_g002805,west,2,22,0,0,0,0,50,남,3;3;3;5;5;5;5;5,27,50110;47920;26350,,,,,
g_g002818,west,3,1,0,0,0,0,20,남,4;2;2;2;4;2;6;7,27,30200;26350;11410,,,,,
g_g002835,west,2,11,0,0,0,0,20,여,6;3;2;7;5;1;3;7,26,50130;26500;28185,,,,,
g_g002876,west,2,2,0,0,0,0,20,남,7;4;1;4;4;4;4;4,46,46830;11545;31200,,,,,
g_g002945,west,3,1,0,0,0,0,20,여,2;2;1;3;3;2;3;7,11,42150;50130;27230,,,,,
g_g002971,west,2,25,0,0,0,0,30,여,1;1;3;1;1;1;2;2,29,46710;46150;46790,,,,,
g_g003022,west,3,3,0,0,0,0,50,여,1;4;6;4;2;6;4;6,11,26350;42210;50110,,,,,
g_g003089,west,2,4,0,0,0,0,20,여,3;1;4;1;5;3;1;3,11,42210;26350;28110,,,,,
g_g003112,west,2,12,0,0,0,0,20,여,2;2;2;5;5;3;2;3,11,26500;11170;42230,,,,,
g_g003218,west,3,2,0,0,0,0,30,남,2;2;3;6;7;6;2;6,45,46150;26710;42150,,,,,
g_g003237,west,3,1,0,0,0,0,40,남,5;3;3;3;2;5;4;4,30,42150;47110;50110,,,,,
g_g003249,west,3,1,0,0,0,0,30,남,4;1;2;2;5;4;2;5,30,42210;45800;50110,,,,,
g_g003259,west,3,1,0,0,0,0,20,여,4;2;2;6;5;2;6;7,41,41110;42150;30140,,,,,
g_g003276,west,3,1,0,0,0,0,20,여,6;1;3;2;6;2;6;1,11,50110;50130;30200,,,,,
g_g003338,west,2,2,0,0,0,0,60,남,1;4;2;4;3;4;3;5,44,42150;50110;45130,,,,,
g_g003343,west,3,21,0,0,0,0,20,남,1;1;3;5;2;1;3;3,11,42210;41830;44760,,,,,
g_g003476,west,3,1,0,0,0,0,20,남,2;2;3;2;4;6;5;7,36,50110;11170;26290,,,,,
g_g003478,west,3,1,0,0,0,0,20,남,2;1;1;2;3;5;3;6,41,28185;46130;45110,,,,,
g_g003490,west,3,2,0,0,0,0,20,남,3;1;4;5;2;3;7;5,11,42150;42210;42170,,,,,
g_g003568,west,3,10,0,0,0,0,60,남,2;3;3;3;3;5;1;6,43,48240;46110;47130,,,,,
g_g003598,west,3,10,0,0,0,0,20,남,4;1;1;2;2;2;7;2,11,42820;41820;45130,,,,,
g_g003625,west,3,24,0,0,0,0,20,여,3;3;2;4;2;5;2;7,11,42150;26500;50130,,,,,
g_g003637,west,2,1,0,0,0,0,60,남,3;5;5;2;2;5;2;5,46,46150;48170;45110,,,,,
g_g003638,west,2,22,0,0,0,0,30,여,2;3;1;3;4;1;6;5,30,50130;26710;42230,,,,,
g_g003643,west,3,21,0,0,0,0,20,남,3;3;3;3;2;1;6;2,30,47130;44150;43110,,,,,
g_g003709,west,2,1,0,0,0,0,30,여,4;5;3;2;5;3;5;6,28,42810;26710;46130,,,,,
g_g003756,west,3,1,0,0,0,0,50,여,2;5;3;6;6;5;5;4,44,44150;30230;44710,,,,,
g_g003774,west,3,1,0,0,0,0,40,남,5;2;3;4;6;5;2;6,41,50130;45110;26350,,,,,
g_g003781,west,3,1,0,0,0,0,50,남,2;2;4;4;5;4;2;4,41,41830;44200;30200,,,,,
g_g003784,west,3,1,0,0,0,0,20,여,4;2;2;3;6;5;6;6,11,50110;11170;26710,,,,,
g_g003811,west,3,1,0,0,0,0,40,여,2;5;3;6;3;4;6;5,41,45110;50130;42110,,,,,
g_g003935,west,2,2,0,0,0,0,30,여,4;4;4;4;4;4;4;4,48,46130;50110;42830,,,,,
g_g003948,west,2,1,0,0,0,0,20,여,4;7;3;6;6;5;4;1,29,29200;29140;46170,,,,,
g_g003949,west,2,4,0,0,0,0,20,남,5;6;6;5;6;6;2;4,45,11560;50130;26440,,,,,
g_g003974,west,3,22,0,0,0,0,20,여,4;1;1;3;4;6;3;7,41,50130;42150;26350,,,,,
g_g004027,west,2,1,0,0,0,0,20,여,4;4;5;5;4;5;2;6,43,43745;11680;30200,,,,,
g_g004031,west,3,1,0,0,0,0,30,여,4;2;3;3;3;5;2;4,46,11440;11680;29170,,,,,
g_g004142,west,3,1,0,0,0,0,20,남,2;2;2;5;5;3;5;6,45,45190;44210;45180,,,,,
g_g004217,west,2,11,0,0,0,0,60,남,6;4;6;6;7;5;5;3,11,50130;42210;48840,,,,,
g_g004238,west,3,2,0,0,0,0,30,여,1;1;1;4;4;3;6;7,11,45770;41270;50130,,,,,
g_g004283,west,3,10,0,0,0,0,30,여,1;1;1;1;1;7;7;7,41,42210;44760;44825,,,,,
g_g004286,west,3,21,0,0,0,0,30,여,2;2;2;2;2;2;6;6,11,42830;41820;48310,,,,,
g_g004341,west,3,2,0,0,0,0,30,여,2;4;4;2;5;3;3;3,30,50110;42210;44150,,,,,
g_g004381,west,3,1,0,0,0,0,20,남,1;1;2;2;4;3;3;6,11,47130;42820;43800,,,,,
g_g004404,west,3,2,0,0,0,0,60,남,2;2;1;5;2;6;2;6,29,46910;46150;42820,,,,,
g_g004501,west,3,22,0,0,0,0,20,남,2;2;2;3;2;2;3;6,11,27290;47770;42150,,,,,
g_g004603,west,3,21,0,0,0,0,20,남,6;2;2;1;2;2;1;6,41,28185;44150;41110,,,,,
g_g004664,west,3,21,0,0,0,0,20,여,1;6;1;5;5;7;1;5,29,46170;46110;45730,,,,,
g_g004693,west,3,2,0,0,0,0,20,남,4;2;4;5;7;5;2;7,11,42150;50130;26350,,,,,
g_g004711,west,3,1,0,0,0,0,20,남,4;3;2;4;2;3;3;4,11,28185;42150;50110,,,,,
g_g004729,west,2,1,0,0,0,0,20,여,6;1;5;2;3;6;7;6,29,11710;26110;46710,,,,,
g_g004732,west,2,2,0,0,0,0,20,남,1;1;1;2;1;1;1;2,43,41820;11320;42170,,,,,
g_g004757,west,3,1,0,0,0,0,20,여,2;1;4;6;1;1;7;2,26,50130;50110;45110,,,,,
g_g004813,west,3,21,0,0,0,0,40,남,2;5;2;3;5;4;3;5,11,42760;46710;48220,,,,,
g_g004847,west,2,2,0,0,0,0,40,남,4;4;1;4;4;4;4;4,41,50110;26350;42150,,,,,
g_g004848,west,2,2,0,0,0,0,50,남,1;1;6;5;3;5;5;6,43,42170;44180;50130,,,,,
g_g005141,west,3,22,0,0,0,0,50,여,1;2;4;3;2;4;4;2,43,42170;44180;47280,,,,,
g_g005316,west,2,2,0,0,0,0,50,여,1;7;7;4;1;1;1;1,41,41550;44130;42210,,,,,
g_g005326,west,3,2,0,0,0,0,20,남,3;1;2;4;4;5;5;5,41,50130;26350;44130,,,,,
g_g005456,west,2,2,0,0,0,0,40,여,3;4;3;3;3;6;4;3,29,46130;46150;50130,,,,,
g_g005545,west,2,22,0,0,0,0,30,여,3;4;3;3;3;4;3;4,28,28245;46770;31200,,,,,
g_g005556,west,2,11,0,0,0,0,20,남,2;3;1;4;6;1;3;4,30,42210;11350;11290,,,,,
g_g005557,west,2,5,0,0,0,0,50,여,1;1;2;4;4;1;5;1,41,41270;42210;41650,,,,,
g_g005558,west,2,13,0,0,0,0,40,남,2;2;4;3;5;4;4;6,30,47130;48220;44150,,,,,
g_g005566,west,2,4,0,0,0,0,20,여,1;1;4;6;7;5;7;4,41,42210;42150;50130,,,,,
g_g005586,west,2,27,0,0,0,0,30,여,2;5;3;5;2;5;6;5,46,46150;29170;50130,,,,,
g_g005603,west,2,2,0,0,0,0,50,남,3;1;2;2;6;2;2;7,11,46910;43740;41570,,,,,
g_g005810,west,3,23,0,0,0,0,30,여,1;1;4;1;1;4;1;7,46,46890;50130;50110,,,,,
g_g005848,west,3,21,0,0,0,0,20,남,1;1;1;4;6;2;1;7,44,45800;47930;50110,,,,,
g_g005849,west,3,2,0,0,0,0,30,남,7;1;4;4;2;4;5;7,11,50130;26500;42210,,,,,
g_g005898,west,3,2,0,0,0,0,40,남,4;2;3;3;4;4;6;5,41,42150;41820;42110,,,,,
g_g005989,west,3,1,0,0,0,0,20,여,2;2;2;3;6;2;2;6,28,50130;50110;26710,,,,,
g_g005998,west,3,22,0,0,0,0,30,여,3;5;4;4;2;5;5;6,44,44180;26350;42150,,,,,
g_g006033,west,2,3,0,0,0,0,50,남,1;7;4;1;1;4;7;4,41,42150;47250;11110,,,,,
g_g006048,west,3,12,0,0,0,0,20,남,7;1;1;7;7;2;1;7,29,50130;42150;26350,,,,,
g_g006177,west,2,10,0,0,0,0,60,남,1;6;1;2;2;7;7;1,41,42150;46130;11140,,,,,
g_g006192,west,3,2,0,0,0,0,30,여,3;2;1;3;4;3;3;6,11,42210;42150;26350,,,,,
g_g006234,west,2,7,0,0,0,0,20,여,3;1;4;1;2;2;5;6,46,47130;48310;47110,,,,,
g_g006327,west,3,1,0,0,0,0,20,남,2;1;1;4;6;6;2;6,48,50130;26500;47130,,,,,
g_g006354,west,3,22,0,0,0,0,20,여,2;2;2;5;6;3;6;3,11,50110;42150;45110,,,,,
g_g006366,west,3,1,0,0,0,0,50,여,6;2;1;4;7;7;7;4,29,29200;46170;45110,,,,,
g_g006419,west,3,1,0,0,0,0,30,남,5;1;5;4;5;3;2;4,41,50110;42210;47130,,,,,
g_g006636,west,3,1,0,0,0,0,20,남,6;6;3;3;2;6;3;2,43,30140;11680;43130,,,,,
g_g006696,west,2,11,0,0,0,0,30,여,6;3;3;3;3;6;3;3,44,50130;42150;26350,,,,,
g_g006825,west,2,1,0,0,0,0,30,남,2;1;1;7;7;1;1;5,36,42150;50110;11110,,,,,
g_g006848,west,3,2,0,0,0,0,30,여,2;2;3;3;3;4;5;4,41,50130;42150;26350,,,,,
g_g006852,west,3,1,0,0,0,0,20,여,4;3;3;4;2;2;6;5,41,50130;11230;11170,,,,,
g_g007025,west,2,22,0,0,0,0,30,여,4;2;2;4;3;4;1;3,29,50130;50110;26350,,,,,
g_g007047,west,2,2,0,0,0,0,20,여,4;6;3;5;2;6;5;5,46,46780;50130;29110,,,,,
g_g007144,west,2,1,0,0,0,0,20,남,2;6;3;3;4;3;5;7,11,26500;42150;41820,,,,,
g_g007158,west,3,1,0,0,0,0,20,여,3;1;1;4;6;5;4;7,11,50110;48220;46130,,,,,
g_g007188,west,3,21,0,0,0,0,20,여,3;2;2;3;3;1;4;6,41,42150;26500;28710,,,,,
g_g007203,west,3,2,0,0,0,0,20,남,5;2;3;2;2;4;3;5,41,44150;50110;26470,,,,,
g_g007295,west,3,12,0,0,0,0,30,남,6;2;2;6;2;2;6;6,26,42150;50110;46110,,,,,
g_g007365,west,2,2,0,0,0,0,30,남,1;7;2;2;2;2;2;6,45,45750;44770;26260,,,,,
g_g007372,west,2,1,0,0,0,0,40,여,3;3;3;3;3;3;3;5,11,42150;42210;42110,,,,,
g_g007384,west,2,2,0,0,0,0,30,남,1;1;1;1;1;5;6;7,29,46130;26710;11440,,,,,
g_g007387,west,2,4,0,0,0,0,20,여,5;2;6;5;2;5;3;4,45,45130;45140;29170,,,,,
g_g007394,west,2,2,0,0,0,0,40,남,1;1;1;4;1;1;1;7,36,44150;43730;42230,,,,,
g_g007402,west,2,4,0,0,0,0,50,여,2;2;2;6;2;6;6;6,46,50110;26230;46150,,,,,
g_g007409,west,2,3,0,0,0,0,50,여,4;4;2;2;3;2;5;7,30,48860;11170;45140,,,,,
g_g007664,west,3,11,0,0,0,0,40,여,4;1;3;2;4;4;2;6,29,50110;26350;11110,,,,,
g_g007736,west,2,1,0,0,0,0,30,여,4;2;1;4;5;1;2;6,29,46710;50130;26350,,,,,
g_g007783,west,2,21,0,0,0,0,20,여,2;5;2;2;1;2;7;7,29,50110;46710;46110,,,,,
g_g007858,west,2,13,0,0,0,0,20,여,3;2;2;4;6;6;7;6,41,45110;46130;41820,,,,,
g_g007909,west,2,1,0,0,0,0,30,남,6;1;1;2;7;6;7;6,11,42150;26350;50130,,,,,
g_g007955,west,2,2,0,0,0,0,20,여,2;2;5;5;5;2;1;7,29,46130;26500;45800,,,,,
g_g007978,west,2,24,0,0,0,0,20,여,4;2;6;4;6;4;6;7,41,41820;41210;41270,,,,,
g_g008054,west,2,2,0,0,0,0,20,여,1;1;1;4;6;1;3;6,29,42830;11110;50110,,,,,
g_g008145,west,2,21,0,0,0,0,60,여,4;1;3;2;3;5;5;6,29,46710;50130;46130,,,,,
g_g008353,west,2,2,0,0,0,0,20,여,1;1;1;7;7;7;5;5,30,45800;50130;27260,,,,,
g_g008452,west,2,1,0,0,0,0,30,여,2;5;2;4;5;4;2;5,46,29110;46710;42760,,,,,
g_g008582,west,2,10,0,0,0,0,40,여,3;4;2;3;5;5;3;5,29,46710;46110;45130,,,,,
g_g008723,west,2,1,0,0,0,0,20,남,4;4;2;3;7;1;2;6,11,50130;30140;26350,,,,,
g_g008824,west,2,1,0,0,0,0,20,여,4;4;5;5;3;4;6;5,45,50130;50110;11110,,,,,
g_g008940,west,2,24,0,0,0,0,40,남,3;6;5;4;5;5;3;4,11,45180;41390;28110,,,,,
g_g008967,west,2,1,0,0,0,0,20,여,4;5;1;3;2;4;5;6,29,50110;26350;11680,,,,,
g_g009001,west,2,2,0,0,0,0,20,여,6;3;4;2;7;5;4;4,45,46130;11680;41460,,,,,
g_g009036,west,2,1,0,0,0,0,20,남,4;6;1;5;4;2;1;6,41,28110;26710;41110,,,,,
g_g009284,west,2,22,0,0,0,0,20,여,2;1;4;2;6;3;2;5,27,50130;11680;11200,,,,,
g_g009326,west,2,12,0,0,0,0,20,여,3;3;2;2;1;5;3;7,29,50130;26350;46130,,,,,
g_g009328,west,2,1,0,0,0,0,30,남,6;2;3;2;3;3;2;7,29,46710;50110;26350,,,,,
g_g009358,west,2,2,0,0,0,0,30,남,3;3;5;4;2;3;5;5,30,44710;48220;46130,,,,,
g_g009361,west,2,2,0,0,0,0,20,남,4;1;1;3;6;2;2;7,29,26230;11680;42210,,,,,
g_g009518,west,2,22,0,0,0,0,40,여,6;6;5;4;3;5;1;3,29,50130;46710;46130,,,,,
g_g009685,west,2,11,0,0,0,0,40,여,2;4;4;1;7;4;7;4,44,45130;47210;42760,,,,,
g_g009791,west,2,2,0,0,0,0,30,남,4;2;2;2;1;5;2;4,11,42830;46710;48850,,,,,
g_g009818,west,2,22,0,0,0,0,30,남,2;2;5;6;4;3;6;6,41,50130;47130;45110,,,,,
g_g009841,west,3,1,0,0,0,0,20,여,6;1;1;1;3;1;6;2,43,48310;11440;43110,,,,,
g_g009849,west,2,1,0,0,0,0,20,여,4;4;1;1;6;4;6;6,41,50130;50110;26350,,,,,
g_g010052,west,2,1,0,0,0,0,20,여,6;4;5;2;4;4;6;2,11,11170;50110;42230,,,,,
g_g010205,west,2,1,0,0,0,0,50,남,2;7;5;3;2;4;3;5,44,44760;30200;45140,,,,,
g_g010344,west,3,11,0,0,0,0,40,여,2;2;3;2;3;2;2;6,28,28710;41820;42210,,,,,
g_g010513,west,2,2,0,0,0,0,20,남,6;2;4;5;3;5;2;1,11,42150;42210;50110,,,,,
g_g010522,west,2,2,0,0,0,0,30,남,3;4;4;3;5;3;3;4,29,46710;11680;45110,,,,,
g_g010548,west,2,1,0,0,0,0,20,여,4;2;1;4;4;3;3;6,11,29170;46150;46900,,,,,
g_g010562,west,2,22,0,0,0,0,30,여,4;3;1;1;5;2;5;2,29,50110;46710;11230,,,,,
g_g010572,west,2,1,0,0,0,0,30,남,5;6;7;4;4;5;5;6,26,26350;11170;41110,,,,,
g_g010575,west,2,1,0,0,0,0,20,남,1;1;2;5;1;2;7;3,30,50110;50130;29140,,,,,
g_g010754,west,2,1,0,0,0,0,40,여,6;5;5;1;3;6;5;5,45,11440;30200;28185,,,,,
g_g010832,west,2,1,0,0,0,0,30,여,6;2;4;5;3;6;3;4,11,50110;27170;26350,,,,,
g_g010867,west,2,1,0,0,0,0,20,남,3;5;3;4;6;5;1;6,44,47130;41110;44210,,,,,
g_g010868,west,2,1,0,0,0,0,20,여,1;1;1;7;1;1;6;1,11,41170;26170;45740,,,,,
g_g011167,west,2,12,0,0,0,0,20,여,1;1;1;3;7;1;7;1,43,42150;50110;26350,,,,,
g_g011230,west,2,2,0,0,0,0,20,남,2;2;2;6;2;6;7;7,43,42150;42830;28185,,,,,
g_g011248,west,2,1,0,0,0,0,40,여,2;5;3;2;6;2;6;2,11,50130;42210;41820,,,,,
g_g011288,west,2,7,0,0,0,0,40,남,3;5;5;5;6;5;6;7,28,11680;41830;50110,,,,,
g_g011345,west,2,22,0,0,0,0,20,여,2;2;2;3;2;6;1;6,11,26350;28185;42150,,,,,
g_g011371,west,2,1,0,0,0,0,20,여,4;4;4;3;4;5;4;4,30,26350;50130;42210,,,,,
g_g011387,west,2,1,0,0,0,0,20,여,3;6;6;2;2;5;6;5,44,50130;26350;30140,,,,,
g_g011426,west,2,24,0,0,0,0,50,여,2;2;2;2;1;2;2;2,11,42210;48220;47170,,,,,
g_g011434,west,2,2,0,0,0,0,30,남,5;2;3;2;2;3;6;5,46,29170;46710;46810,,,,,
g_g011437,west,2,22,0,0,0,0,50,여,4;3;2;3;2;4;5;5,11,41630;45110;42150,,,,,
g_g011438,west,2,4,0,0,0,0,50,남,2;3;2;2;4;2;6;3,43,50110;26200;30170,,,,,
g_g011442,west,2,11,0,0,0,0,30,남,4;4;1;7;4;6;3;6,44,11140;30170;46150,,,,,
g_g011455,west,2,13,0,0,0,0,50,남,2;2;2;6;3;6;2;6,30,44150;45110;44180,,,,,
g_g011457,west,2,22,0,0,0,0,50,남,3;3;6;5;3;6;3;5,30,48310;47130;44150,,,,,
g_g011498,west,2,1,0,0,0,0,60,여,3;3;2;3;3;3;2;5,47,11680;44770;44760,,,,,
g_g011513,west,2,11,0,0,0,0,50,남,4;5;2;3;3;3;4;6,41,50110;42210;26350,,,,,
g_g011527,west,2,1,0,0,0,0,30,남,2;2;1;3;6;1;2;5,11,26290;42830;47130,,,,,
g_g011538,west,2,3,0,0,0,0,50,남,1;4;1;1;6;1;1;7,41,42210;41360;11110,,,,,
g_g011589,west,2,2,0,0,0,0,20,여,1;1;3;2;2;5;1;3,41,42150;28177;43760,,,,,
g_g011599,west,2,22,0,0,0,0,30,남,7;2;1;7;1;7;7;7,30,11680;50130;44710,,,,,
g_g011608,west,2,2,0,0,0,0,50,여,3;6;4;5;5;5;5;2,44,44130;44200;42770,,,,,
g_g011639,west,2,2,0,0,0,0,20,남,4;3;3;3;2;4;5;6,45,50110;26350;11650,,,,,
g_g011642,west,2,2,0,0,0,0,60,여,3;4;3;5;6;5;5;4,30,30110;42150;48270,,,,,
g_g011678,west,2,24,0,0,0,0,30,남,5;2;4;4;4;3;5;6,41,50130;42150;26110,,,,,
g_g011744,west,2,2,0,0,0,0,20,여,3;2;2;3;5;2;2;6,46,50130;50110;26530,,,,,
g_g011776,west,2,2,0,0,0,0,30,여,2;7;1;6;7;7;1;2,11,44150;26410;44760,,,,,
g_g011803,west,2,6,0,0,0,0,20,여,6;2;3;6;6;6;2;4,29,11110;11140;26200,,,,,
g_g011852,west,2,2,0,0,0,0,50,여,3;1;1;2;4;3;7;6,11,45110;42830;47130,,,,,
g_g011890,west,2,10,0,0,0,0,40,여,4;3;2;2;2;4;2;2,45,45110;11680;26290,,,,,
g_g011900,west,2,1,0,0,0,0,20,여,3;4;3;5;5;3;2;6,47,30170;50110;50130,,,,,
g_g011904,west,2,1,0,0,0,0,30,여,7;7;7;2;1;7;5;3,11,41480;11110;26350,,,,,
g_g011917,west,2,2,0,0,0,0,30,남,2;2;2;3;4;3;3;5,11,50130;46130;46150,,,,,
g_g012166,west,2,2,0,0,0,0,40,남,5;5;6;3;6;6;3;1,36,45190;30200;48170,,,,,
g_g012193,west,2,6,0,0,0,0,30,여,2;2;2;6;6;2;2;2,41,42210;42760;50130,,,,,
g_g012202,west,2,22,0,0,0,0,30,남,2;1;1;4;4;4;2;6,27,42150;46130;47130,,,,,
g_g012221,west,2,22,0,0,0,0,20,여,2;1;1;1;5;6;2;5,41,42110;11260;41820,,,,,
g_g012241,west,2,21,0,0,0,0,30,남,1;1;1;5;1;1;7;3,41,41800;42820;44710,,,,,
g_g012253,west,2,12,0,0,0,0,30,여,2;1;1;1;3;4;6;4,36,44130;42150;11680,,,,,
g_g012272,west,2,12,0,0,0,0,30,여,1;4;2;1;1;2;1;7,41,42210;46710;43800,,,,,
g_g012362,west,2,1,0,0,0,0,20,여,5;2;2;2;2;3;2;5,30,50130;30140;46110,,,,,
g_g012365,west,2,1,0,0,0,0,40,여,1;4;6;5;5;6;6;2,41,41270;44200;42830,,,,,
g_g012500,west,2,13,0,0,0,0,20,여,3;6;2;3;6;5;7;7,43,11680;44130;50130,,,,,
g_g012512,west,2,2,0,0,0,0,30,남,4;4;4;4;4;4;4;4,46,46110;42150;41820,,,,,
g_g012549,west,2,9,0,0,0,0,30,남,3;2;1;3;6;4;5;6,41,42210;11560;44130,,,,,
g_g012615,west,2,21,0,0,0,0,40,여,2;4;6;4;1;2;4;4,43,44180;26350;30200,,,,,
g_g012625,west,2,1,0,0,0,0,40,여,1;3;4;5;5;3;2;7,29,46710;46130;45110,,,,,
g_g012629,west,2,2,0,0,0,0,50,여,4;5;1;4;7;6;1;5,11,42830;46130;50110,,,,,
g_g012661,west,2,2,0,0,0,0,20,여,2;2;2;3;4;5;6;6,45,50130;26350;42830,,,,,
g_g012664,west,2,2,0,0,0,0,20,남,2;2;1;5;3;1;6;4,29,50110;50130;46130,,,,,
g_g012683,west,2,1,0,0,0,0,20,여,6;6;2;3;5;4;1;7,36,30140;11440;43110,,,,,
g_g012701,west,2,2,0,0,0,0,20,여,4;3;2;4;5;4;2;7,27,26350;11710;50110,,,,,
g_g012708,west,2,6,0,0,0,0,40,남,2;4;4;5;1;4;7;2,45,45800;45720;45790,,,,,
g_g012733,west,2,1,0,0,0,0,40,여,2;4;3;5;6;6;5;2,48,48220;47130;46130,,,,,
g_g012746,west,2,3,0,0,0,0,40,여,3;3;4;4;2;4;4;6,29,46710;46130;26350,,,,,
g_g012762,west,2,2,0,0,0,0,40,남,1;4;1;5;3;2;2;6,41,44270;44130;41590,,,,,
g_g012786,west,2,4,0,0,0,0,20,여,5;6;2;3;2;2;7;5,29,46710;46130;50130,,,,,
g_g012863,west,2,2,0,0,0,0,30,여,4;5;2;4;4;3;6;2,29,46130;26530;42150,,,,,
g_g012870,west,2,1,0,0,0,0,40,여,4;2;3;4;4;4;4;6,41,11140;42150;44760,,,,,
g_g012889,west,2,11,0,0,0,0,40,남,5;6;2;4;5;5;3;5,44,50130;42150;26350,,,,,
g_g013064,west,2,22,0,0,0,0,50,여,2;6;2;3;3;5;5;5,29,46710;46170;46870,,,,,
g_g013104,west,2,12,0,0,0,0,30,남,2;6;2;2;1;3;1;2,29,46710;45110;50110,,,,,
